Round,Timestamp,Method,LR,AvgLoss,TestAcc,BestAcc,BestRound,RoundTimeSec,RoundTimeHMS,LocalTrainTimeSec,AggTimeSec,EvalTimeSec,CumulativeTimeSec,CumulativeTimeHMS,NumClientsSelected,SelectedClients,Bandwidth,SelectedExperts,UploadDetail,ClientTrainTimesSec
1,2026-09-23 18:12:48,Ours,0.00208,3.8769814150051354,1.42,1.42,1,54.4642,0:54.46,53.0437,0.2695,1.1452,54.4642,0:54.46,20,"0,17,15,1,8,5,11,3,18,16,13,2,9,19,4,12,7,10,14,6",0:10;17:34;15:58;1:29;8:55;5:44;11:24;3:51;18:30;16:48;13:42;2:29;9:45;19:40;4:40;12:23;7:20;10:22;14:54;6:41,"0:[2];17:[2,4,6];15:[1,2,4,5,6];1:[2,4];8:[1,2,4,5,6];5:[1,2,4,6];11:[2,4];3:[1,2,4,5,6];18:[2,4,6];16:[1,2,4,6];13:[1,2,4,6];2:[2,4];9:[1,2,4,6];19:[1,2,4,6];4:[1,2,4,6];12:[2,4];7:[2,6];10:[2,4];14:[1,2,4,5,6];6:[1,2,4,6]","c0:bw=10,experts=[2]; c17:bw=34,experts=[2,4,6]; c15:bw=58,experts=[1,2,4,5,6]; c1:bw=29,experts=[2,4]; c8:bw=55,experts=[1,2,4,5,6]; c5:bw=44,experts=[1,2,4,6]; c11:bw=24,experts=[2,4]; c3:bw=51,experts=[1,2,4,5,6]; c18:bw=30,experts=[2,4,6]; c16:bw=48,experts=[1,2,4,6]; c13:bw=42,experts=[1,2,4,6]; c2:bw=29,experts=[2,4]; c9:bw=45,experts=[1,2,4,6]; c19:bw=40,experts=[1,2,4,6]; c4:bw=40,experts=[1,2,4,6]; c12:bw=23,experts=[2,4]; c7:bw=20,experts=[2,6]; c10:bw=22,experts=[2,4]; c14:bw=54,experts=[1,2,4,5,6]; c6:bw=41,experts=[1,2,4,6]","2.0087,2.2064,2.9896,3.7877,2.2453,1.3060,2.4481,1.5087,3.1613,2.0893,4.2430,2.6882,2.4002,3.7946,3.2323,2.5556,3.3085,1.2440,3.7993,2.0267"
2,2026-09-23 18:13:39,Ours,0.00406,3.3810060208037767,3.5,3.5,2,50.9395,0:50.94,49.5023,0.2922,1.1428,105.5625,1:45.56,20,"19,16,15,5,4,12,14,7,3,6,2,9,13,10,18,8,17,11,0,1",19:53;16:16;15:62;5:69;4:30;12:16;14:26;7:55;3:67;6:17;2:22;9:46;13:54;10:59;18:24;8:48;17:51;11:29;0:36;1:41,"19:[0,1,4,5,6];16:[4];15:[0,1,2,4,5,6];5:[0,1,2,4,5,6];4:[0,4,6];12:[4];14:[4,6];7:[0,1,4,5,6];3:[0,1,2,4,5,6];6:[4];2:[4,6];9:[0,1,4,6];13:[0,1,4,5,6];10:[0,1,4,5,6];18:[4,6];8:[0,1,4,6];17:[0,1,4,5,6];11:[4,6];0:[0,4,6];1:[0,1,4,6]","c19:bw=53,experts=[0,1,4,5,6]; c16:bw=16,experts=[4]; c15:bw=62,experts=[0,1,2,4,5,6]; c5:bw=69,experts=[0,1,2,4,5,6]; c4:bw=30,experts=[0,4,6]; c12:bw=16,experts=[4]; c14:bw=26,experts=[4,6]; c7:bw=55,experts=[0,1,4,5,6]; c3:bw=67,experts=[0,1,2,4,5,6]; c6:bw=17,experts=[4]; c2:bw=22,experts=[4,6]; c9:bw=46,experts=[0,1,4,6]; c13:bw=54,experts=[0,1,4,5,6]; c10:bw=59,experts=[0,1,4,5,6]; c18:bw=24,experts=[4,6]; c8:bw=48,experts=[0,1,4,6]; c17:bw=51,experts=[0,1,4,5,6]; c11:bw=29,experts=[4,6]; c0:bw=36,experts=[0,4,6]; c1:bw=41,experts=[0,1,4,6]","3.4785,2.0291,2.8177,1.2414,3.1847,2.3687,3.7142,3.0700,1.4138,1.9288,2.4980,2.1397,3.9379,1.1819,2.9299,2.1731,2.1528,2.2659,1.4405,3.5357"
3,2026-09-23 18:14:30,Ours,0.006040000000000001,3.255296562400465,5.55,5.55,3,51.031,0:51.03,49.6427,0.2686,1.113,156.6055,2:36.61,20,"10,7,0,2,5,18,16,12,4,14,15,9,1,13,11,19,3,17,6,8",10:10;7:33;0:50;2:42;5:13;18:40;16:31;12:37;4:52;14:53;15:16;9:48;1:13;13:54;11:66;19:24;3:26;17:41;6:40;8:30,"10:[4];7:[0,4,6];0:[0,1,4,5,6];2:[0,4,5,6];5:[4];18:[0,4,5,6];16:[0,4,6];12:[0,4,6];4:[0,1,4,5,6];14:[0,1,4,5,6];15:[4];9:[0,4,5,6];1:[4];13:[0,1,4,5,6];11:[0,1,2,4,5,6];19:[4,6];3:[4,6];17:[0,4,5,6];6:[0,4,5,6];8:[0,4,6]","c10:bw=10,experts=[4]; c7:bw=33,experts=[0,4,6]; c0:bw=50,experts=[0,1,4,5,6]; c2:bw=42,experts=[0,4,5,6]; c5:bw=13,experts=[4]; c18:bw=40,experts=[0,4,5,6]; c16:bw=31,experts=[0,4,6]; c12:bw=37,experts=[0,4,6]; c4:bw=52,experts=[0,1,4,5,6]; c14:bw=53,experts=[0,1,4,5,6]; c15:bw=16,experts=[4]; c9:bw=48,experts=[0,4,5,6]; c1:bw=13,experts=[4]; c13:bw=54,experts=[0,1,4,5,6]; c11:bw=66,experts=[0,1,2,4,5,6]; c19:bw=24,experts=[4,6]; c3:bw=26,experts=[4,6]; c17:bw=41,experts=[0,4,5,6]; c6:bw=40,experts=[0,4,5,6]; c8:bw=30,experts=[0,4,6]","1.1906,3.0949,1.4419,2.5038,1.2469,2.9504,2.0409,2.3752,3.1941,3.7122,2.8130,2.1408,3.5234,3.9128,2.2656,3.5194,1.4203,2.1480,1.9608,2.1878"
4,2026-09-23 18:15:22,Ours,0.00802,3.1826584035775514,7.37,7.37,4,51.2816,0:51.28,49.8712,0.283,1.1251,207.8992,3:27.90,20,"0,18,6,8,17,11,4,9,12,10,5,19,15,7,1,3,16,13,2,14",0:59;18:43;6:53;8:31;17:39;11:49;4:56;9:22;12:63;10:64;5:73;19:47;15:24;7:45;1:40;3:34;16:45;13:49;2:60;14:32,"0:[0,1,4,5,6];18:[0,4,5,6];6:[0,1,4,5,6];8:[0,4,6];17:[0,4,6];11:[0,1,4,6];4:[0,1,4,5,6];9:[4,6];12:[0,1,2,4,5,6];10:[0,1,2,4,5,6];5:[0,1,2,4,5,6,7];19:[0,4,5,6];15:[4,6];7:[0,1,4,6];1:[0,4,5,6];3:[0,4,6];16:[0,4,5,6];13:[0,4,5,6];2:[0,1,2,4,5,6];14:[0,4,6]","c0:bw=59,experts=[0,1,4,5,6]; c18:bw=43,experts=[0,4,5,6]; c6:bw=53,experts=[0,1,4,5,6]; c8:bw=31,experts=[0,4,6]; c17:bw=39,experts=[0,4,6]; c11:bw=49,experts=[0,1,4,6]; c4:bw=56,experts=[0,1,4,5,6]; c9:bw=22,experts=[4,6]; c12:bw=63,experts=[0,1,2,4,5,6]; c10:bw=64,experts=[0,1,2,4,5,6]; c5:bw=73,experts=[0,1,2,4,5,6,7]; c19:bw=47,experts=[0,4,5,6]; c15:bw=24,experts=[4,6]; c7:bw=45,experts=[0,1,4,6]; c1:bw=40,experts=[0,4,5,6]; c3:bw=34,experts=[0,4,6]; c16:bw=45,experts=[0,4,5,6]; c13:bw=49,experts=[0,4,5,6]; c2:bw=60,experts=[0,1,2,4,5,6]; c14:bw=32,experts=[0,4,6]","1.4481,2.9413,1.9514,2.2020,2.1607,2.2853,3.2122,2.1496,2.3880,1.1892,1.2446,3.5027,2.8450,3.0804,3.5721,1.4422,2.0374,3.9663,2.5074,3.7451"
5,2026-09-23 18:16:13,Ours,0.01,3.133989839480289,9.26,9.26,5,51.2185,0:51.22,49.8266,0.2722,1.1175,259.1299,4:19.13,20,"5,2,10,19,0,12,9,16,1,4,17,8,11,6,18,7,14,15,13,3",5:40;2:10;10:35;19:19;0:50;12:55;9:62;16:32;1:20;4:48;17:64;8:37;11:21;6:53;18:10;7:24;14:53;15:45;13:36;3:63,"5:[0,1,4,6];2:[4];10:[0,4,6];19:[4];0:[0,1,4,5,6];12:[0,1,4,5,6];9:[0,1,2,4,5,6];16:[0,4,6];1:[4,6];4:[0,1,4,6];17:[0,1,2,4,5,6];8:[0,4,6];11:[4,6];6:[0,1,4,5,6];18:[4];7:[4,6];14:[0,1,4,5,6];15:[0,1,4,6];13:[0,4,6];3:[0,1,2,4,5,6]","c5:bw=40,experts=[0,1,4,6]; c2:bw=10,experts=[4]; c10:bw=35,experts=[0,4,6]; c19:bw=19,experts=[4]; c0:bw=50,experts=[0,1,4,5,6]; c12:bw=55,experts=[0,1,4,5,6]; c9:bw=62,experts=[0,1,2,4,5,6]; c16:bw=32,experts=[0,4,6]; c1:bw=20,experts=[4,6]; c4:bw=48,experts=[0,1,4,6]; c17:bw=64,experts=[0,1,2,4,5,6]; c8:bw=37,experts=[0,4,6]; c11:bw=21,experts=[4,6]; c6:bw=53,experts=[0,1,4,5,6]; c18:bw=10,experts=[4]; c7:bw=24,experts=[4,6]; c14:bw=53,experts=[0,1,4,5,6]; c15:bw=45,experts=[0,1,4,6]; c13:bw=36,experts=[0,4,6]; c3:bw=63,experts=[0,1,2,4,5,6]","1.2513,2.5345,1.1949,3.5130,1.4336,2.3806,2.1515,2.0369,3.5785,3.2346,2.1609,2.1923,2.2730,1.9522,2.9136,3.0673,3.7559,2.8306,3.9566,1.4148"
6,2026-09-23 18:17:04,Ours,0.01,3.075133443105333,10.61,10.61,6,51.4137,0:51.41,50.0123,0.2692,1.13,310.5555,5:10.56,20,"3,1,4,5,15,16,9,10,13,2,18,19,11,17,7,8,6,0,12,14",3:36;1:32;4:17;5:27;15:33;16:54;9:48;10:10;13:15;2:42;18:40;19:37;11:31;17:27;7:58;8:67;6:20;0:31;12:62;14:40,"3:[0,4,6];1:[0,4,6];4:[4];5:[4,6];15:[0,4,6];16:[0,1,4,5,6];9:[0,1,4,6];10:[4];13:[4];2:[0,1,4,6];18:[0,1,4,6];19:[0,4,6];11:[0,4,6];17:[4,6];7:[0,1,4,5,6];8:[0,1,2,4,5,6];6:[4,6];0:[0,4,6];12:[0,1,2,4,5,6];14:[0,1,4,6]","c3:bw=36,experts=[0,4,6]; c1:bw=32,experts=[0,4,6]; c4:bw=17,experts=[4]; c5:bw=27,experts=[4,6]; c15:bw=33,experts=[0,4,6]; c16:bw=54,experts=[0,1,4,5,6]; c9:bw=48,experts=[0,1,4,6]; c10:bw=10,experts=[4]; c13:bw=15,experts=[4]; c2:bw=42,experts=[0,1,4,6]; c18:bw=40,experts=[0,1,4,6]; c19:bw=37,experts=[0,4,6]; c11:bw=31,experts=[0,4,6]; c17:bw=27,experts=[4,6]; c7:bw=58,experts=[0,1,4,5,6]; c8:bw=67,experts=[0,1,2,4,5,6]; c6:bw=20,experts=[4,6]; c0:bw=31,experts=[0,4,6]; c12:bw=62,experts=[0,1,2,4,5,6]; c14:bw=40,experts=[0,1,4,6]","1.4412,3.5892,3.2012,1.2517,2.8504,2.0356,2.1469,1.1928,3.9613,2.5327,2.9224,3.5168,2.3549,2.1699,3.0776,2.2028,1.9650,1.4562,2.3969,3.7468"
7,2026-09-23 18:17:56,Ours,0.01,3.0119310796253487,13.07,13.07,7,51.4476,0:51.45,50.0496,0.2718,1.1202,362.0153,6:02.02,20,"13,10,12,16,9,5,3,2,4,15,14,17,0,1,11,7,18,19,8,6",13:25;10:17;12:47;16:53;9:10;5:49;3:26;2:40;4:14;15:39;14:13;17:41;0:36;1:10;11:60;7:31;18:20;19:54;8:57;6:13,"13:[4,6];10:[4];12:[0,1,4,6];16:[0,1,2,4,6];9:[4];5:[0,1,4,6];3:[4,6];2:[0,1,4,6];4:[4];15:[0,4,6];14:[4];17:[0,1,4,6];0:[0,4,6];1:[4];11:[0,1,2,4,5,6];7:[0,4,6];18:[4,6];19:[0,1,2,4,6];8:[0,1,2,4,6];6:[4]","c13:bw=25,experts=[4,6]; c10:bw=17,experts=[4]; c12:bw=47,experts=[0,1,4,6]; c16:bw=53,experts=[0,1,2,4,6]; c9:bw=10,experts=[4]; c5:bw=49,experts=[0,1,4,6]; c3:bw=26,experts=[4,6]; c2:bw=40,experts=[0,1,4,6]; c4:bw=14,experts=[4]; c15:bw=39,experts=[0,4,6]; c14:bw=13,experts=[4]; c17:bw=41,experts=[0,1,4,6]; c0:bw=36,experts=[0,4,6]; c1:bw=10,experts=[4]; c11:bw=60,experts=[0,1,2,4,5,6]; c7:bw=31,experts=[0,4,6]; c18:bw=20,experts=[4,6]; c19:bw=54,experts=[0,1,2,4,6]; c8:bw=57,experts=[0,1,2,4,6]; c6:bw=13,experts=[4]","3.9903,1.1949,2.4051,2.0468,2.1650,1.2537,1.4250,2.5566,3.2348,2.8510,3.7230,2.1601,1.4378,3.5749,2.2834,3.0924,2.9474,3.5542,2.1982,1.9550"
8,2026-09-23 18:18:47,Ours,0.01,3.0018639209420903,15.2,15.2,8,51.6235,0:51.62,50.2064,0.2734,1.1415,413.6517,6:53.65,20,"17,18,1,5,3,15,7,11,16,8,10,12,6,9,19,0,2,13,14,4",17:56;18:39;1:58;5:28;3:37;15:66;7:15;11:45;16:45;8:37;10:51;12:51;6:41;9:59;19:31;0:32;2:54;13:35;14:59;4:10,"17:[0,3,4,6,7];18:[3,4,7];1:[1,3,4,6,7];5:[3,4];3:[3,4,7];15:[0,1,3,4,6,7];7:[3];11:[3,4,6,7];16:[3,4,6,7];8:[3,4,7];10:[1,3,4,6,7];12:[0,3,4,6,7];6:[3,4,6,7];9:[1,3,4,6,7];19:[3,4,7];0:[3,4,7];2:[0,3,4,6,7];13:[3,4,7];14:[0,3,4,6,7];4:[3]","c17:bw=56,experts=[0,3,4,6,7]; c18:bw=39,experts=[3,4,7]; c1:bw=58,experts=[1,3,4,6,7]; c5:bw=28,experts=[3,4]; c3:bw=37,experts=[3,4,7]; c15:bw=66,experts=[0,1,3,4,6,7]; c7:bw=15,experts=[3]; c11:bw=45,experts=[3,4,6,7]; c16:bw=45,experts=[3,4,6,7]; c8:bw=37,experts=[3,4,7]; c10:bw=51,experts=[1,3,4,6,7]; c12:bw=51,experts=[0,3,4,6,7]; c6:bw=41,experts=[3,4,6,7]; c9:bw=59,experts=[1,3,4,6,7]; c19:bw=31,experts=[3,4,7]; c0:bw=32,experts=[3,4,7]; c2:bw=54,experts=[0,3,4,6,7]; c13:bw=35,experts=[3,4,7]; c14:bw=59,experts=[0,3,4,6,7]; c4:bw=10,experts=[3]","2.1988,2.9544,3.6163,1.2584,1.4282,2.8548,3.1079,2.2891,2.0653,2.1812,1.1993,2.4168,1.9625,2.1825,3.5427,1.4404,2.5333,3.9252,3.7436,3.3056"
9,2026-09-23 18:19:39,Ours,0.01,2.8938342348850443,15.97,15.97,9,51.9,0:51.90,50.476,0.2739,1.1478,465.5646,7:45.56,20,"17,11,7,13,0,9,4,8,1,5,2,16,19,15,3,18,10,14,12,6",17:49;11:28;7:46;13:41;0:52;9:26;4:59;8:18;1:14;5:52;2:21;16:41;19:26;15:36;3:23;18:53;10:34;14:37;12:38;6:31,"17:[0,1,4,6];11:[4,6];7:[2,4,6,7];13:[0,2,4,6];0:[0,1,2,4,6];9:[4,6];4:[0,2,4,6,7];8:[4];1:[2];5:[0,1,2,4,6];2:[4,6];16:[0,4,5,6];19:[4,6];15:[0,4,6];3:[4,6];18:[0,1,2,4,6];10:[0,4,6];14:[2,4,6];12:[0,4,6];6:[2,4,6]","c17:bw=49,experts=[0,1,4,6]; c11:bw=28,experts=[4,6]; c7:bw=46,experts=[2,4,6,7]; c13:bw=41,experts=[0,2,4,6]; c0:bw=52,experts=[0,1,2,4,6]; c9:bw=26,experts=[4,6]; c4:bw=59,experts=[0,2,4,6,7]; c8:bw=18,experts=[4]; c1:bw=14,experts=[2]; c5:bw=52,experts=[0,1,2,4,6]; c2:bw=21,experts=[4,6]; c16:bw=41,experts=[0,4,5,6]; c19:bw=26,experts=[4,6]; c15:bw=36,experts=[0,4,6]; c3:bw=23,experts=[4,6]; c18:bw=53,experts=[0,1,2,4,6]; c10:bw=34,experts=[0,4,6]; c14:bw=37,experts=[2,4,6]; c12:bw=38,experts=[0,4,6]; c6:bw=31,experts=[2,4,6]","2.2023,2.3194,3.1598,3.9889,1.4559,2.1728,3.2578,2.2065,3.7104,1.2562,2.5662,2.0466,3.5424,2.8754,1.4356,2.9494,1.2047,3.7439,2.4140,1.9674"
10,2026-09-23 18:20:31,Ours,0.01,2.8392587023738556,19.48,19.48,10,51.8876,0:51.89,50.4792,0.2681,1.138,517.4663,8:37.47,20,"4,9,1,15,7,5,16,2,18,3,12,17,8,14,0,13,6,10,19,11",4:37;9:35;1:41;15:10;7:37;5:58;16:44;2:34;18:28;3:46;12:52;17:35;8:35;14:57;0:59;13:38;6:65;10:54;19:43;11:21,"4:[2,4,6];9:[0,4,6];1:[0,1,4,6];15:[2];7:[1,4,6];5:[0,1,2,4,6];16:[0,1,4,6];2:[1,4,6];18:[4,6];3:[0,1,4,6];12:[0,2,4,5,6];17:[0,4,6];8:[0,4,6];14:[0,1,4,5,6];0:[0,1,4,5,6];13:[0,4,6];6:[0,1,2,4,5,6];10:[0,1,2,4,6];19:[0,1,4,6];11:[4,6]","c4:bw=37,experts=[2,4,6]; c9:bw=35,experts=[0,4,6]; c1:bw=41,experts=[0,1,4,6]; c15:bw=10,experts=[2]; c7:bw=37,experts=[1,4,6]; c5:bw=58,experts=[0,1,2,4,6]; c16:bw=44,experts=[0,1,4,6]; c2:bw=34,experts=[1,4,6]; c18:bw=28,experts=[4,6]; c3:bw=46,experts=[0,1,4,6]; c12:bw=52,experts=[0,2,4,5,6]; c17:bw=35,experts=[0,4,6]; c8:bw=35,experts=[0,4,6]; c14:bw=57,experts=[0,1,4,5,6]; c0:bw=59,experts=[0,1,4,5,6]; c13:bw=38,experts=[0,4,6]; c6:bw=65,experts=[0,1,2,4,5,6]; c10:bw=54,experts=[0,1,2,4,6]; c19:bw=43,experts=[0,1,4,6]; c11:bw=21,experts=[4,6]","3.2873,2.2238,3.6457,2.9176,3.1230,1.2627,2.0364,2.5543,2.9545,1.4412,2.4120,2.1597,2.2199,3.7364,1.4467,3.9873,1.9734,1.2138,3.5796,2.3038"
11,2026-09-23 18:21:23,Ours,0.01,2.7527306986560536,20.06,20.06,11,51.9125,0:51.91,50.4916,0.272,1.1467,569.3927,9:29.39,20,"2,6,16,4,17,1,13,12,19,3,8,15,5,10,14,7,11,9,18,0",2:27;6:55;16:43;4:16;17:44;1:40;13:40;12:20;19:25;3:50;8:39;15:44;5:28;10:35;14:15;7:44;11:34;9:33;18:47;0:28,"2:[4,6];6:[0,1,2,4,6];16:[0,1,4,6];4:[4];17:[1,2,4,6];1:[0,1,4,6];13:[0,1,4,6];12:[4,6];19:[4,6];3:[0,1,2,4,6];8:[1,4,6];15:[1,4,5,6];5:[4,6];10:[1,4,6];14:[4];7:[0,1,4,6];11:[1,4,6];9:[1,4,6];18:[0,1,4,6];0:[4,6]","c2:bw=27,experts=[4,6]; c6:bw=55,experts=[0,1,2,4,6]; c16:bw=43,experts=[0,1,4,6]; c4:bw=16,experts=[4]; c17:bw=44,experts=[1,2,4,6]; c1:bw=40,experts=[0,1,4,6]; c13:bw=40,experts=[0,1,4,6]; c12:bw=20,experts=[4,6]; c19:bw=25,experts=[4,6]; c3:bw=50,experts=[0,1,2,4,6]; c8:bw=39,experts=[1,4,6]; c15:bw=44,experts=[1,4,5,6]; c5:bw=28,experts=[4,6]; c10:bw=35,experts=[1,4,6]; c14:bw=15,experts=[4]; c7:bw=44,experts=[0,1,4,6]; c11:bw=34,experts=[1,4,6]; c9:bw=33,experts=[1,4,6]; c18:bw=47,experts=[0,1,4,6]; c0:bw=28,experts=[4,6]","2.5767,1.9974,2.0565,3.2503,2.1979,3.6388,3.9863,2.4114,3.5749,1.4319,2.2159,2.8870,1.2629,1.2132,3.7520,3.1549,2.3084,2.1713,2.9549,1.4487"
12,2026-09-23 18:22:15,Ours,0.01,2.7006033588921534,21.62,21.62,12,52.2752,0:52.28,50.8462,0.2731,1.1488,621.6817,10:21.68,20,"14,3,9,18,8,11,17,6,5,12,19,13,10,15,7,0,4,16,2,1",14:29;3:35;9:42;18:45;8:55;11:45;17:39;6:29;5:56;12:73;19:31;13:53;10:62;15:36;7:30;0:49;4:28;16:28;2:57;1:42,"14:[4,6];3:[1,4,6];9:[0,2,4,6];18:[1,4,5,6];8:[1,2,4,5,6];11:[0,1,4,6];17:[1,4,6];6:[4,6];5:[1,4,5,6,7];12:[0,1,2,4,5,6,7];19:[4,5,6];13:[1,2,4,5,6];10:[0,1,2,4,5,6];15:[1,4,6];7:[1,4,6];0:[0,1,4,6];4:[4,5];16:[4,6];2:[1,2,4,5,6];1:[1,4,5,6]","c14:bw=29,experts=[4,6]; c3:bw=35,experts=[1,4,6]; c9:bw=42,experts=[0,2,4,6]; c18:bw=45,experts=[1,4,5,6]; c8:bw=55,experts=[1,2,4,5,6]; c11:bw=45,experts=[0,1,4,6]; c17:bw=39,experts=[1,4,6]; c6:bw=29,experts=[4,6]; c5:bw=56,experts=[1,4,5,6,7]; c12:bw=73,experts=[0,1,2,4,5,6,7]; c19:bw=31,experts=[4,5,6]; c13:bw=53,experts=[1,2,4,5,6]; c10:bw=62,experts=[0,1,2,4,5,6]; c15:bw=36,experts=[1,4,6]; c7:bw=30,experts=[1,4,6]; c0:bw=49,experts=[0,1,4,6]; c4:bw=28,experts=[4,5]; c16:bw=28,experts=[4,6]; c2:bw=57,experts=[1,2,4,5,6]; c1:bw=42,experts=[1,4,5,6]","3.8162,1.4615,2.2204,2.9786,2.2226,2.3119,2.1992,2.0099,1.2652,2.4360,3.5890,4.0135,1.2146,2.9124,3.1576,1.4537,3.2582,2.1349,2.5540,3.6367"
13,2026-09-23 18:23:08,Ours,0.01,2.7024377918631775,23.0,23.0,13,52.4034,0:52.40,50.9494,0.3085,1.1396,674.0992,11:14.10,20,"9,8,6,14,13,2,19,12,1,17,4,15,18,0,16,7,10,3,5,11",9:15;8:15;6:36;14:70;13:32;2:16;19:36;12:42;1:47;17:55;4:10;15:38;18:51;0:25;16:10;7:58;10:42;3:30;5:29;11:52,"9:[5];8:[4];6:[0,4,6];14:[0,1,2,4,5,6,7];13:[1,4,6];2:[4];19:[1,4,6];12:[0,2,4,6];1:[0,1,4,6];17:[0,1,4,5,6];4:[1];15:[1,4,6];18:[1,2,4,5,6];0:[4,6];16:[4];7:[0,1,2,4,6];10:[1,2,4,6];3:[4,5,6];5:[4,6];11:[0,1,2,4,6]","c9:bw=15,experts=[5]; c8:bw=15,experts=[4]; c6:bw=36,experts=[0,4,6]; c14:bw=70,experts=[0,1,2,4,5,6,7]; c13:bw=32,experts=[1,4,6]; c2:bw=16,experts=[4]; c19:bw=36,experts=[1,4,6]; c12:bw=42,experts=[0,2,4,6]; c1:bw=47,experts=[0,1,4,6]; c17:bw=55,experts=[0,1,4,5,6]; c4:bw=10,experts=[1]; c15:bw=38,experts=[1,4,6]; c18:bw=51,experts=[1,2,4,5,6]; c0:bw=25,experts=[4,6]; c16:bw=10,experts=[4]; c7:bw=58,experts=[0,1,2,4,6]; c10:bw=42,experts=[1,2,4,6]; c3:bw=30,experts=[4,5,6]; c5:bw=29,experts=[4,6]; c11:bw=52,experts=[0,1,2,4,6]","2.2517,2.2216,2.0002,3.8064,4.0166,2.5698,3.5945,2.4317,3.6203,2.2110,3.3239,2.9148,2.9667,1.4506,2.0552,3.1626,1.2225,1.4472,1.2659,2.4163"
14,2026-09-23 18:24:00,Ours,0.01,2.595894513317087,25.33,25.33,14,52.3423,0:52.34,50.894,0.2885,1.1576,726.4561,12:06.46,20,"5,11,4,19,9,1,12,10,7,0,8,13,6,17,16,14,18,3,2,15",5:64;11:36;4:10;19:42;9:32;1:38;12:43;10:31;7:25;0:25;8:21;13:34;6:67;17:10;16:19;14:25;18:63;3:45;2:45;15:12,"5:[0,1,2,4,5,6];11:[0,4,6];4:[4];19:[0,2,4,6];9:[0,4,6];1:[0,4,6];12:[0,4,5,6];10:[2,4,6];7:[4,5];0:[4,6];8:[4,6];13:[0,4,6];6:[0,1,2,4,5,6];17:[4];16:[4];14:[4,6];18:[0,1,2,4,5,6];3:[0,1,4,6];2:[0,2,4,6];15:[4]","c5:bw=64,experts=[0,1,2,4,5,6]; c11:bw=36,experts=[0,4,6]; c4:bw=10,experts=[4]; c19:bw=42,experts=[0,2,4,6]; c9:bw=32,experts=[0,4,6]; c1:bw=38,experts=[0,4,6]; c12:bw=43,experts=[0,4,5,6]; c10:bw=31,experts=[2,4,6]; c7:bw=25,experts=[4,5]; c0:bw=25,experts=[4,6]; c8:bw=21,experts=[4,6]; c13:bw=34,experts=[0,4,6]; c6:bw=67,experts=[0,1,2,4,5,6]; c17:bw=10,experts=[4]; c16:bw=19,experts=[4]; c14:bw=25,experts=[4,6]; c18:bw=63,experts=[0,1,2,4,5,6]; c3:bw=45,experts=[0,1,4,6]; c2:bw=45,experts=[0,2,4,6]; c15:bw=12,experts=[4]","1.2829,2.3259,3.2797,3.6071,2.2403,3.6665,2.4569,1.2228,3.1379,1.4524,2.2467,4.0150,2.0295,2.2067,2.0692,3.7776,2.9963,1.4577,2.5462,2.8767"
15,2026-09-23 18:24:53,Ours,0.01,2.558596210718502,26.96,26.96,15,52.407,0:52.41,50.9703,0.2734,1.1574,778.8781,12:58.88,20,"14,16,19,13,4,12,5,7,10,1,0,15,3,8,18,11,6,2,9,17",14:50;16:29;19:59;13:60;4:47;12:10;5:18;7:59;10:13;1:14;0:20;15:10;3:10;8:52;18:34;11:55;6:33;2:53;9:19;17:47,"14:[0,2,4,5,6];16:[2,4];19:[0,1,2,4,6];13:[0,1,2,4,5,6];4:[0,2,4,6];12:[4];5:[4];7:[0,1,2,4,6];10:[4];1:[4];0:[4,6];15:[4];3:[4];8:[0,1,2,4,6];18:[1,4,6];11:[0,1,4,5,6];6:[2,4,6];2:[0,1,2,4,6];9:[4];17:[0,2,4,6]","c14:bw=50,experts=[0,2,4,5,6]; c16:bw=29,experts=[2,4]; c19:bw=59,experts=[0,1,2,4,6]; c13:bw=60,experts=[0,1,2,4,5,6]; c4:bw=47,experts=[0,2,4,6]; c12:bw=10,experts=[4]; c5:bw=18,experts=[4]; c7:bw=59,experts=[0,1,2,4,6]; c10:bw=13,experts=[4]; c1:bw=14,experts=[4]; c0:bw=20,experts=[4,6]; c15:bw=10,experts=[4]; c3:bw=10,experts=[4]; c8:bw=52,experts=[0,1,2,4,6]; c18:bw=34,experts=[1,4,6]; c11:bw=55,experts=[0,1,4,5,6]; c6:bw=33,experts=[2,4,6]; c2:bw=53,experts=[0,1,2,4,6]; c9:bw=19,experts=[4]; c17:bw=47,experts=[0,2,4,6]","3.8272,2.0800,3.6281,4.0503,3.3057,2.4094,1.2556,3.1444,1.1984,3.6600,1.4549,2.9002,1.4392,2.2489,3.0056,2.3333,2.0073,2.5815,2.2282,2.2121"
16,2026-09-23 18:25:46,Ours,0.01,2.6989815204709964,26.01,26.96,15,52.9431,0:52.94,51.4994,0.272,1.1695,831.8359,13:51.84,20,"6,11,4,1,18,9,14,13,10,0,12,5,7,3,17,16,15,2,19,8",6:40;11:10;4:35;1:29;18:12;9:24;14:29;13:24;10:22;0:57;12:14;5:40;7:22;3:43;17:43;16:54;15:48;2:52;19:62;8:49,"6:[3,4,6,7];11:[3];4:[3,4,6];1:[3,7];18:[3];9:[3,7];14:[3,4];13:[3,7];10:[3,7];0:[0,3,4,6,7];12:[3];5:[0,3,4,6];7:[3,4];3:[3,4,6,7];17:[3,4,6,7];16:[0,3,4,6,7];15:[3,4,6,7];2:[1,3,4,6,7];19:[0,3,4,5,6,7];8:[3,4,6,7]","c6:bw=40,experts=[3,4,6,7]; c11:bw=10,experts=[3]; c4:bw=35,experts=[3,4,6]; c1:bw=29,experts=[3,7]; c18:bw=12,experts=[3]; c9:bw=24,experts=[3,7]; c14:bw=29,experts=[3,4]; c13:bw=24,experts=[3,7]; c10:bw=22,experts=[3,7]; c0:bw=57,experts=[0,3,4,6,7]; c12:bw=14,experts=[3]; c5:bw=40,experts=[0,3,4,6]; c7:bw=22,experts=[3,4]; c3:bw=43,experts=[3,4,6,7]; c17:bw=43,experts=[3,4,6,7]; c16:bw=54,experts=[0,3,4,6,7]; c15:bw=48,experts=[3,4,6,7]; c2:bw=52,experts=[1,3,4,6,7]; c19:bw=62,experts=[0,3,4,5,6,7]; c8:bw=49,experts=[3,4,6,7]","2.0404,2.3717,3.2845,3.7273,3.0926,2.2526,3.7996,4.2271,1.2140,1.4574,2.4470,1.2648,3.1556,1.4547,2.2306,2.0802,2.9332,2.5709,3.6384,2.2568"
17,2026-09-23 18:26:39,Ours,0.01,2.520979192262966,29.55,29.55,17,53.2535,0:53.25,51.8053,0.2743,1.1717,885.105,14:45.11,20,"14,7,12,6,11,4,16,9,10,0,3,8,18,5,19,1,13,17,2,15",14:33;7:25;12:74;6:39;11:10;4:58;16:30;9:37;10:44;0:11;3:52;8:10;18:31;5:10;19:40;1:29;13:27;17:11;2:19;15:50,"14:[0,4,6];7:[4,7];12:[0,1,2,4,5,6,7];6:[0,4,6];11:[7];4:[2,4,5,6,7];16:[4,5,6];9:[0,4,6];10:[0,2,4,6];0:[2];3:[0,1,4,5,6];8:[4];18:[4,6,7];5:[4];19:[0,4,5,6];1:[2,4];13:[4,6];17:[4];2:[4];15:[0,1,4,5,6]","c14:bw=33,experts=[0,4,6]; c7:bw=25,experts=[4,7]; c12:bw=74,experts=[0,1,2,4,5,6,7]; c6:bw=39,experts=[0,4,6]; c11:bw=10,experts=[7]; c4:bw=58,experts=[2,4,5,6,7]; c16:bw=30,experts=[4,5,6]; c9:bw=37,experts=[0,4,6]; c10:bw=44,experts=[0,2,4,6]; c0:bw=11,experts=[2]; c3:bw=52,experts=[0,1,4,5,6]; c8:bw=10,experts=[4]; c18:bw=31,experts=[4,6,7]; c5:bw=10,experts=[4]; c19:bw=40,experts=[0,4,5,6]; c1:bw=29,experts=[2,4]; c13:bw=27,experts=[4,6]; c17:bw=11,experts=[4]; c2:bw=19,experts=[4]; c15:bw=50,experts=[0,1,4,5,6]","3.8778,3.2057,2.4806,2.0486,2.3650,3.3385,2.0974,2.2630,1.2339,1.4883,1.4675,2.2901,3.0704,1.2920,3.6760,3.7227,4.1029,2.2339,2.5880,2.9628"
18,2026-09-23 18:27:32,Ours,0.01,2.4379060653383093,31.49,31.49,18,53.2299,0:53.23,51.7738,0.2868,1.167,938.3512,15:38.35,20,"7,3,4,18,1,12,8,9,14,17,19,13,6,5,2,10,11,15,0,16",7:55;3:37;4:56;18:60;1:10;12:18;8:10;9:19;14:40;17:50;19:33;13:43;6:31;5:35;2:37;10:27;11:57;15:51;0:49;16:38,"7:[0,1,4,5,6];3:[0,4,6];4:[1,2,4,5,6];18:[0,1,2,4,5,6];1:[4];12:[4];8:[4];9:[4];14:[0,1,4,6];17:[0,1,4,5,6];19:[0,4,6];13:[0,4,5,6];6:[0,4,6];5:[0,4,6];2:[0,4,6];10:[4,6];11:[0,1,2,4,6];15:[0,2,4,5,6];0:[0,4,5,6];16:[0,4,6]","c7:bw=55,experts=[0,1,4,5,6]; c3:bw=37,experts=[0,4,6]; c4:bw=56,experts=[1,2,4,5,6]; c18:bw=60,experts=[0,1,2,4,5,6]; c1:bw=10,experts=[4]; c12:bw=18,experts=[4]; c8:bw=10,experts=[4]; c9:bw=19,experts=[4]; c14:bw=40,experts=[0,1,4,6]; c17:bw=50,experts=[0,1,4,5,6]; c19:bw=33,experts=[0,4,6]; c13:bw=43,experts=[0,4,5,6]; c6:bw=31,experts=[0,4,6]; c5:bw=35,experts=[0,4,6]; c2:bw=37,experts=[0,4,6]; c10:bw=27,experts=[4,6]; c11:bw=57,experts=[0,1,2,4,6]; c15:bw=51,experts=[0,2,4,5,6]; c0:bw=49,experts=[0,4,5,6]; c16:bw=38,experts=[0,4,6]","3.2555,1.4926,3.3739,3.0869,3.7020,2.4677,2.2730,2.2483,3.8045,2.2361,3.6761,4.1163,2.0431,1.2970,2.5870,1.2219,2.3504,2.9763,1.4686,2.0967"
19,2026-09-23 18:28:25,Ours,0.01,2.4206415027976456,31.02,31.49,18,53.3131,0:53.31,51.8958,0.2683,1.1431,991.6801,16:31.68,20,"8,7,1,6,9,10,11,19,13,5,17,12,18,16,3,2,15,4,0,14",8:56;7:22;1:46;6:66;9:38;10:35;11:20;19:37;13:10;5:29;17:67;12:54;18:31;16:13;3:40;2:14;15:39;4:51;0:42;14:30,"8:[0,1,2,4,6];7:[4,6];1:[0,4,5,6];6:[0,1,2,4,5,6];9:[1,4,6];10:[0,4,6];11:[4,6];19:[0,4,6];13:[4];5:[4,6];17:[0,1,2,4,5,6];12:[0,1,4,5,6];18:[0,4,6];16:[1];3:[0,2,4,6];2:[4];15:[0,4,6];4:[0,2,4,5,6];0:[0,4,5,6];14:[0,4,6]","c8:bw=56,experts=[0,1,2,4,6]; c7:bw=22,experts=[4,6]; c1:bw=46,experts=[0,4,5,6]; c6:bw=66,experts=[0,1,2,4,5,6]; c9:bw=38,experts=[1,4,6]; c10:bw=35,experts=[0,4,6]; c11:bw=20,experts=[4,6]; c19:bw=37,experts=[0,4,6]; c13:bw=10,experts=[4]; c5:bw=29,experts=[4,6]; c17:bw=67,experts=[0,1,2,4,5,6]; c12:bw=54,experts=[0,1,4,5,6]; c18:bw=31,experts=[0,4,6]; c16:bw=13,experts=[1]; c3:bw=40,experts=[0,2,4,6]; c2:bw=14,experts=[4]; c15:bw=39,experts=[0,4,6]; c4:bw=51,experts=[0,2,4,5,6]; c0:bw=42,experts=[0,4,5,6]; c14:bw=30,experts=[0,4,6]","2.3117,3.2385,3.7627,2.0688,2.2847,1.3120,2.3410,3.6722,4.0862,1.2990,2.2704,2.4774,3.0826,2.0868,1.4639,2.5447,2.9448,3.3429,1.4753,3.8302"
20,2026-09-23 18:29:19,Ours,0.01,2.4404627041183646,33.78,33.78,20,53.1471,0:53.15,51.7201,0.2785,1.1463,1044.844,17:24.84,20,"17,4,3,10,6,13,14,11,7,16,12,5,9,8,1,15,19,18,0,2",17:48;4:59;3:18;10:16;6:68;13:40;14:30;11:10;7:43;16:40;12:44;5:10;9:17;8:50;1:40;15:19;19:48;18:21;0:28;2:41,"17:[0,4,5,6];4:[0,1,4,5,6];3:[4];10:[5];6:[0,1,2,4,5,6];13:[0,1,4,6];14:[0,4,6];11:[4];7:[0,1,4,6];16:[0,4,5,6];12:[0,4,5,6];5:[7];9:[2];8:[0,2,4,5,6];1:[0,1,4,6];15:[4];19:[0,1,4,6];18:[4,6];0:[1,4];2:[0,4,5,6]","c17:bw=48,experts=[0,4,5,6]; c4:bw=59,experts=[0,1,4,5,6]; c3:bw=18,experts=[4]; c10:bw=16,experts=[5]; c6:bw=68,experts=[0,1,2,4,5,6]; c13:bw=40,experts=[0,1,4,6]; c14:bw=30,experts=[0,4,6]; c11:bw=10,experts=[4]; c7:bw=43,experts=[0,1,4,6]; c16:bw=40,experts=[0,4,5,6]; c12:bw=44,experts=[0,4,5,6]; c5:bw=10,experts=[7]; c9:bw=17,experts=[2]; c8:bw=50,experts=[0,2,4,5,6]; c1:bw=40,experts=[0,1,4,6]; c15:bw=19,experts=[4]; c19:bw=48,experts=[0,1,4,6]; c18:bw=21,experts=[4,6]; c0:bw=28,experts=[1,4]; c2:bw=41,experts=[0,4,5,6]","2.2701,3.3412,1.4592,1.2263,2.0503,4.1158,3.8368,2.3327,3.2207,2.0742,2.4716,1.2793,2.2727,2.2873,3.7313,2.9351,3.6784,3.0836,1.4619,2.5917"
21,2026-09-23 18:30:12,Ours,0.01,2.324869319871263,34.54,34.54,21,53.4643,0:53.46,52.0252,0.2659,1.1673,1098.3257,18:18.33,20,"13,14,15,17,3,4,18,19,2,11,12,9,6,5,10,8,0,7,16,1",13:23;14:31;15:19;17:35;3:10;4:48;18:60;19:58;2:39;11:23;12:38;9:25;6:16;5:32;10:40;8:18;0:66;7:12;16:33;1:41,"13:[4,6];14:[4,6,7];15:[4];17:[1,4,6];3:[4];4:[0,4,5,6];18:[0,1,2,4,5,6];19:[0,1,2,4,6];2:[0,4,6];11:[4,6];12:[0,4,6];9:[4,5];6:[4];5:[0,4,6];10:[0,1,4,6];8:[4];0:[0,1,2,4,5,6];7:[4];16:[0,4,6];1:[0,1,4,6]","c13:bw=23,experts=[4,6]; c14:bw=31,experts=[4,6,7]; c15:bw=19,experts=[4]; c17:bw=35,experts=[1,4,6]; c3:bw=10,experts=[4]; c4:bw=48,experts=[0,4,5,6]; c18:bw=60,experts=[0,1,2,4,5,6]; c19:bw=58,experts=[0,1,2,4,6]; c2:bw=39,experts=[0,4,6]; c11:bw=23,experts=[4,6]; c12:bw=38,experts=[0,4,6]; c9:bw=25,experts=[4,5]; c6:bw=16,experts=[4]; c5:bw=32,experts=[0,4,6]; c10:bw=40,experts=[0,1,4,6]; c8:bw=18,experts=[4]; c0:bw=66,experts=[0,1,2,4,5,6]; c7:bw=12,experts=[4]; c16:bw=33,experts=[0,4,6]; c1:bw=41,experts=[0,1,4,6]","4.1632,3.8905,2.9761,2.2583,1.4760,3.3470,3.1035,3.7021,2.5786,2.3708,2.4772,2.2627,2.0169,1.3038,1.2342,2.2821,1.4998,3.2270,2.0899,3.7654"
22,2026-09-23 18:31:06,Ours,0.01,2.3113042644256927,35.21,35.21,22,53.7165,0:53.72,52.2636,0.2773,1.1733,1152.0586,19:12.06,20,"4,19,8,17,18,5,10,16,9,1,6,2,11,14,13,15,7,0,12,3",4:36;19:45;8:33;17:62;18:15;5:17;10:10;16:34;9:33;1:10;6:61;2:66;11:43;14:48;13:34;15:66;7:16;0:67;12:64;3:56,"4:[4,5,6];19:[0,4,5,6];8:[0,4,6];17:[0,1,2,4,5,6];18:[4];5:[1];10:[4];16:[0,4,6];9:[0,4,6];1:[4];6:[0,1,2,4,5,6];2:[0,1,2,4,5,6];11:[0,4,5,6];14:[0,4,5,6];13:[1,4,6];15:[0,1,2,4,5,6];7:[4];0:[0,1,2,4,5,6];12:[0,1,2,4,5,6];3:[0,1,4,5,6]","c4:bw=36,experts=[4,5,6]; c19:bw=45,experts=[0,4,5,6]; c8:bw=33,experts=[0,4,6]; c17:bw=62,experts=[0,1,2,4,5,6]; c18:bw=15,experts=[4]; c5:bw=17,experts=[1]; c10:bw=10,experts=[4]; c16:bw=34,experts=[0,4,6]; c9:bw=33,experts=[0,4,6]; c1:bw=10,experts=[4]; c6:bw=61,experts=[0,1,2,4,5,6]; c2:bw=66,experts=[0,1,2,4,5,6]; c11:bw=43,experts=[0,4,5,6]; c14:bw=48,experts=[0,4,5,6]; c13:bw=34,experts=[1,4,6]; c15:bw=66,experts=[0,1,2,4,5,6]; c7:bw=16,experts=[4]; c0:bw=67,experts=[0,1,2,4,5,6]; c12:bw=64,experts=[0,1,2,4,5,6]; c3:bw=56,experts=[0,1,4,5,6]","3.3924,3.7455,2.3280,2.2902,3.0943,1.2749,1.2345,2.0895,2.2764,3.7625,2.0859,2.5959,2.3803,3.8984,4.1269,2.9799,3.2147,1.5011,2.5173,1.4749"
23,2026-09-23 18:32:00,Ours,0.01,2.289056924332321,36.4,36.4,23,53.8537,0:53.85,52.402,0.2761,1.1733,1205.9295,20:05.93,20,"2,13,1,19,8,15,3,6,18,12,7,0,4,11,10,17,14,5,9,16",2:32;13:54;1:62;19:21;8:35;15:29;3:15;6:10;18:26;12:26;7:15;0:11;4:56;11:52;10:67;17:70;14:52;5:52;9:50;16:56,"2:[0,4,6];13:[0,1,2,4,6];1:[0,1,2,4,5,6];19:[4,6];8:[0,4,6];15:[4,6];3:[4];6:[4];18:[4,6];12:[4,6];7:[2];0:[4];4:[0,1,4,5,6];11:[0,1,4,5,6];10:[0,1,2,4,5,6];17:[0,1,2,4,5,6,7];14:[0,1,2,4,6];5:[0,2,4,5,6];9:[0,1,4,5,6];16:[0,2,4,5,6]","c2:bw=32,experts=[0,4,6]; c13:bw=54,experts=[0,1,2,4,6]; c1:bw=62,experts=[0,1,2,4,5,6]; c19:bw=21,experts=[4,6]; c8:bw=35,experts=[0,4,6]; c15:bw=29,experts=[4,6]; c3:bw=15,experts=[4]; c6:bw=10,experts=[4]; c18:bw=26,experts=[4,6]; c12:bw=26,experts=[4,6]; c7:bw=15,experts=[2]; c0:bw=11,experts=[4]; c4:bw=56,experts=[0,1,4,5,6]; c11:bw=52,experts=[0,1,4,5,6]; c10:bw=67,experts=[0,1,2,4,5,6]; c17:bw=70,experts=[0,1,2,4,5,6,7]; c14:bw=52,experts=[0,1,2,4,6]; c5:bw=52,experts=[0,2,4,5,6]; c9:bw=50,experts=[0,1,4,5,6]; c16:bw=56,experts=[0,2,4,5,6]","2.5860,4.2061,3.8018,3.7365,2.3240,2.9782,1.4826,2.0469,3.1025,2.5017,3.2672,1.4654,3.3872,2.3731,1.2593,2.2695,3.8858,1.3152,2.3053,2.1075"
24,2026-09-23 18:32:54,Ours,0.01,2.3743920933556883,37.1,37.1,24,53.948,0:53.95,52.5138,0.2652,1.1619,1259.8943,20:59.89,20,"3,14,13,5,8,10,4,17,6,16,18,0,19,9,11,1,12,15,7,2",3:10;14:42;13:50;5:25;8:18;10:39;4:12;17:56;6:30;16:41;18:72;0:31;19:55;9:50;11:10;1:10;12:37;15:44;7:10;2:43,"3:[3];14:[0,3,4,6];13:[3,4,5,6,7];5:[3,4];8:[3];10:[3,4,7];4:[3];17:[0,3,4,5,6];6:[3,4,7];16:[3,4,6,7];18:[0,1,2,3,4,5,6];0:[3,4,7];19:[3,4,5,6,7];9:[1,3,4,6,7];11:[3];1:[3];12:[3,4,6];15:[3,4,6,7];7:[3];2:[3,4,6,7]","c3:bw=10,experts=[3]; c14:bw=42,experts=[0,3,4,6]; c13:bw=50,experts=[3,4,5,6,7]; c5:bw=25,experts=[3,4]; c8:bw=18,experts=[3]; c10:bw=39,experts=[3,4,7]; c4:bw=12,experts=[3]; c17:bw=56,experts=[0,3,4,5,6]; c6:bw=30,experts=[3,4,7]; c16:bw=41,experts=[3,4,6,7]; c18:bw=72,experts=[0,1,2,3,4,5,6]; c0:bw=31,experts=[3,4,7]; c19:bw=55,experts=[3,4,5,6,7]; c9:bw=50,experts=[1,3,4,6,7]; c11:bw=10,experts=[3]; c1:bw=10,experts=[3]; c12:bw=37,experts=[3,4,6]; c15:bw=44,experts=[3,4,6,7]; c7:bw=10,experts=[3]; c2:bw=43,experts=[3,4,6,7]","1.4825,3.9024,4.2154,1.3026,2.2949,1.2499,3.3980,2.2714,2.0726,2.0978,3.1673,1.4794,3.7344,2.2948,2.3934,3.8192,2.5029,2.9915,3.2391,2.6044"
25,2026-09-23 18:33:48,Ours,0.01,2.2423845004079146,38.56,38.56,25,54.4658,0:54.47,53.0177,0.2773,1.1686,1314.3785,21:54.38,20,"18,15,3,2,12,6,9,10,16,4,7,19,5,13,1,14,17,0,11,8",18:59;15:29;3:14;2:12;12:36;6:16;9:40;10:25;16:52;4:58;7:40;19:57;5:64;13:56;1:49;14:26;17:52;0:56;11:60;8:55,"18:[0,4,5,6,7];15:[4,6];3:[7];2:[4];12:[4,6,7];6:[4];9:[0,4,5,6];10:[4,6];16:[0,1,4,5,6];4:[0,4,5,6,7];7:[1,4,6,7];19:[0,1,4,5,6];5:[0,1,2,4,5,6];13:[0,1,4,5,6];1:[0,4,6,7];14:[4,6];17:[0,1,4,5,6];0:[0,1,4,5,6];11:[0,1,4,5,6,7];8:[0,4,5,6,7]","c18:bw=59,experts=[0,4,5,6,7]; c15:bw=29,experts=[4,6]; c3:bw=14,experts=[7]; c2:bw=12,experts=[4]; c12:bw=36,experts=[4,6,7]; c6:bw=16,experts=[4]; c9:bw=40,experts=[0,4,5,6]; c10:bw=25,experts=[4,6]; c16:bw=52,experts=[0,1,4,5,6]; c4:bw=58,experts=[0,4,5,6,7]; c7:bw=40,experts=[1,4,6,7]; c19:bw=57,experts=[0,1,4,5,6]; c5:bw=64,experts=[0,1,2,4,5,6]; c13:bw=56,experts=[0,1,4,5,6]; c1:bw=49,experts=[0,4,6,7]; c14:bw=26,experts=[4,6]; c17:bw=52,experts=[0,1,4,5,6]; c0:bw=56,experts=[0,1,4,5,6]; c11:bw=60,experts=[0,1,4,5,6,7]; c8:bw=55,experts=[0,4,5,6,7]","3.1638,3.0441,1.4892,2.6304,2.5289,2.0683,2.3209,1.2578,2.1539,3.4893,3.2664,3.7581,1.3206,4.2398,3.8074,3.9260,2.2959,1.5105,2.4143,2.3322"
26,2026-09-23 18:34:42,Ours,0.01,2.193305326239066,39.54,39.54,26,54.2328,0:54.23,52.8085,0.2728,1.1491,1368.6293,22:48.63,20,"5,7,1,2,8,16,12,6,19,10,9,14,3,0,17,11,13,4,18,15",5:20;7:31;1:33;2:30;8:53;16:10;12:41;6:34;19:15;10:38;9:50;14:49;3:44;0:11;17:32;11:57;13:16;4:48;18:10;15:42,"5:[4,6];7:[4,5,6];1:[1,4,6];2:[0,4,6];8:[0,1,4,5,6];16:[4];12:[0,4,5,6];6:[1,4,6];19:[4];10:[4,5,6];9:[0,1,4,5,6];14:[0,4,5,6];3:[0,4,5,6];0:[4];17:[4,5,6];11:[0,1,2,4,6];13:[4];4:[0,4,5,6];18:[4];15:[0,4,5,6]","c5:bw=20,experts=[4,6]; c7:bw=31,experts=[4,5,6]; c1:bw=33,experts=[1,4,6]; c2:bw=30,experts=[0,4,6]; c8:bw=53,experts=[0,1,4,5,6]; c16:bw=10,experts=[4]; c12:bw=41,experts=[0,4,5,6]; c6:bw=34,experts=[1,4,6]; c19:bw=15,experts=[4]; c10:bw=38,experts=[4,5,6]; c9:bw=50,experts=[0,1,4,5,6]; c14:bw=49,experts=[0,4,5,6]; c3:bw=44,experts=[0,4,5,6]; c0:bw=11,experts=[4]; c17:bw=32,experts=[4,5,6]; c11:bw=57,experts=[0,1,2,4,6]; c13:bw=16,experts=[4]; c4:bw=48,experts=[0,4,5,6]; c18:bw=10,experts=[4]; c15:bw=42,experts=[0,4,5,6]","1.3291,3.2368,3.8200,2.6339,2.3539,2.1203,2.5290,2.0779,3.7383,1.2563,2.3169,3.9202,1.5118,1.4814,2.2958,2.4254,4.1745,3.4074,3.1359,3.0437"
27,2026-09-23 18:35:37,Ours,0.01,2.1755323241487083,41.05,41.05,27,54.5266,0:54.53,53.074,0.268,1.1786,1423.1743,23:43.17,20,"10,5,14,13,12,17,6,8,11,18,19,7,0,15,2,16,9,1,3,4",10:62;5:37;14:26;13:57;12:22;17:36;6:63;8:55;11:66;18:18;19:18;7:51;0:36;15:46;2:20;16:20;9:18;1:62;3:21;4:12,"10:[0,1,2,4,5,6];5:[0,4,6];14:[4,6];13:[0,1,4,5,6];12:[4,6];17:[0,4,6];6:[0,1,2,4,5,6];8:[0,1,4,5,6];11:[0,1,2,4,5,6];18:[4];19:[4];7:[0,1,4,5,6];0:[0,4,6];15:[0,4,5,6];2:[4,6];16:[4,6];9:[4];1:[0,1,2,4,5,6];3:[2,4];4:[2]","c10:bw=62,experts=[0,1,2,4,5,6]; c5:bw=37,experts=[0,4,6]; c14:bw=26,experts=[4,6]; c13:bw=57,experts=[0,1,4,5,6]; c12:bw=22,experts=[4,6]; c17:bw=36,experts=[0,4,6]; c6:bw=63,experts=[0,1,2,4,5,6]; c8:bw=55,experts=[0,1,4,5,6]; c11:bw=66,experts=[0,1,2,4,5,6]; c18:bw=18,experts=[4]; c19:bw=18,experts=[4]; c7:bw=51,experts=[0,1,4,5,6]; c0:bw=36,experts=[0,4,6]; c15:bw=46,experts=[0,4,5,6]; c2:bw=20,experts=[4,6]; c16:bw=20,experts=[4,6]; c9:bw=18,experts=[4]; c1:bw=62,experts=[0,1,2,4,5,6]; c3:bw=21,experts=[2,4]; c4:bw=12,experts=[2]","1.2825,1.3267,3.9258,4.2482,2.5482,2.2956,2.1033,2.3561,2.4136,3.1414,3.7615,3.2907,1.5157,3.0532,2.6351,2.1414,2.2951,3.8241,1.5051,3.4107"
28,2026-09-23 18:36:31,Ours,0.01,2.1337444505018697,41.47,41.47,28,54.4392,0:54.44,52.9921,0.2768,1.168,1477.6319,24:37.63,20,"5,6,19,8,3,14,1,7,9,15,13,4,10,18,12,16,0,2,17,11",5:33;6:29;19:33;8:29;3:12;14:15;1:25;7:10;9:49;15:32;13:31;4:10;10:40;18:34;12:42;16:35;0:47;2:10;17:48;11:66,"5:[4,6,7];6:[4,6];19:[0,4,6];8:[2,4];3:[4];14:[4];1:[4,6];7:[4];9:[0,2,4,6];15:[0,4,6];13:[4,5,6];4:[4];10:[0,4,5,6];18:[4,5,6];12:[0,4,5,6];16:[0,4,6];0:[0,4,5,6];2:[4];17:[0,1,4,6];11:[0,1,2,4,5,6]","c5:bw=33,experts=[4,6,7]; c6:bw=29,experts=[4,6]; c19:bw=33,experts=[0,4,6]; c8:bw=29,experts=[2,4]; c3:bw=12,experts=[4]; c14:bw=15,experts=[4]; c1:bw=25,experts=[4,6]; c7:bw=10,experts=[4]; c9:bw=49,experts=[0,2,4,6]; c15:bw=32,experts=[0,4,6]; c13:bw=31,experts=[4,5,6]; c4:bw=10,experts=[4]; c10:bw=40,experts=[0,4,5,6]; c18:bw=34,experts=[4,5,6]; c12:bw=42,experts=[0,4,5,6]; c16:bw=35,experts=[0,4,6]; c0:bw=47,experts=[0,4,5,6]; c2:bw=10,experts=[4]; c17:bw=48,experts=[0,1,4,6]; c11:bw=66,experts=[0,1,2,4,5,6]","1.3285,2.0885,3.7979,2.3586,1.5065,3.8901,3.7842,3.2441,2.3238,3.0361,4.2062,3.4095,1.2858,3.1710,2.5562,2.1337,1.5167,2.6322,2.2867,2.4357"
29,2026-09-23 18:37:26,Ours,0.01,2.1071335536564044,42.68,42.68,29,54.4756,0:54.48,53.0427,0.2686,1.1621,1532.127,25:32.13,20,"12,5,4,15,8,3,14,16,18,10,11,19,7,9,0,6,2,17,1,13",12:10;5:33;4:38;15:70;8:34;3:32;14:35;16:48;18:24;10:10;11:59;19:39;7:21;9:44;0:44;6:43;2:18;17:59;1:33;13:13,"12:[4];5:[4,5,6];4:[4,5,6];15:[0,1,2,4,5,6,7];8:[4,5,6];3:[0,4,6];14:[4,6,7];16:[0,4,5,6];18:[4,6];10:[4];11:[0,1,4,5,6];19:[2,4,6];7:[4,6];9:[0,4,5,6];0:[0,4,5,6];6:[0,4,5,6];2:[4];17:[0,1,4,5,6];1:[0,4,6];13:[4]","c12:bw=10,experts=[4]; c5:bw=33,experts=[4,5,6]; c4:bw=38,experts=[4,5,6]; c15:bw=70,experts=[0,1,2,4,5,6,7]; c8:bw=34,experts=[4,5,6]; c3:bw=32,experts=[0,4,6]; c14:bw=35,experts=[4,6,7]; c16:bw=48,experts=[0,4,5,6]; c18:bw=24,experts=[4,6]; c10:bw=10,experts=[4]; c11:bw=59,experts=[0,1,4,5,6]; c19:bw=39,experts=[2,4,6]; c7:bw=21,experts=[4,6]; c9:bw=44,experts=[0,4,5,6]; c0:bw=44,experts=[0,4,5,6]; c6:bw=43,experts=[0,4,5,6]; c2:bw=18,experts=[4]; c17:bw=59,experts=[0,1,4,5,6]; c1:bw=33,experts=[0,4,6]; c13:bw=13,experts=[4]","2.5564,1.3368,3.4247,3.0457,2.3489,1.5138,3.9545,2.1519,3.1640,1.2571,2.4283,3.7649,3.2490,2.3068,1.5121,2.0858,2.6406,2.2956,3.8222,4.1834"
30,2026-09-23 18:38:20,Ours,0.01,2.168617890004189,43.09,43.09,30,54.5205,0:54.52,53.0788,0.2679,1.1715,1586.6661,26:26.67,20,"14,19,13,16,15,5,6,11,1,17,12,0,2,7,8,4,9,18,3,10",14:49;19:24;13:27;16:31;15:22;5:62;6:11;11:46;1:35;17:19;12:24;0:17;2:27;7:12;8:41;4:51;9:54;18:57;3:59;10:71,"14:[0,4,5,6];19:[4,6];13:[4,6];16:[0,4,6];15:[4,6];5:[0,1,2,4,5,6];6:[4];11:[0,1,4,6];1:[0,4,6];17:[4];12:[1,2];0:[2];2:[1,2];7:[4];8:[0,1,4,6];4:[0,1,4,5,6];9:[0,1,4,5,6];18:[0,1,4,5,6];3:[0,1,4,5,6];10:[0,1,2,4,5,6,7]","c14:bw=49,experts=[0,4,5,6]; c19:bw=24,experts=[4,6]; c13:bw=27,experts=[4,6]; c16:bw=31,experts=[0,4,6]; c15:bw=22,experts=[4,6]; c5:bw=62,experts=[0,1,2,4,5,6]; c6:bw=11,experts=[4]; c11:bw=46,experts=[0,1,4,6]; c1:bw=35,experts=[0,4,6]; c17:bw=19,experts=[4]; c12:bw=24,experts=[1,2]; c0:bw=17,experts=[2]; c2:bw=27,experts=[1,2]; c7:bw=12,experts=[4]; c8:bw=41,experts=[0,1,4,6]; c4:bw=51,experts=[0,1,4,5,6]; c9:bw=54,experts=[0,1,4,5,6]; c18:bw=57,experts=[0,1,4,5,6]; c3:bw=59,experts=[0,1,4,5,6]; c10:bw=71,experts=[0,1,2,4,5,6,7]","4.0016,3.7857,4.2279,2.1370,3.0165,1.3246,2.0750,2.4040,3.7906,2.2797,2.5634,1.5167,2.6795,3.2554,2.3324,3.4219,2.3212,3.1623,1.5095,1.2739"
31,2026-09-23 18:39:15,Ours,0.01,2.097696179424348,43.6,43.6,31,54.9149,0:54.91,53.4678,0.2755,1.1694,1641.6009,27:21.60,20,"1,6,11,9,19,4,7,14,15,18,10,5,17,3,13,0,16,8,2,12",1:30;6:29;11:29;9:45;19:40;4:19;7:63;14:61;15:55;18:58;10:33;5:62;17:35;3:24;13:32;0:47;16:36;8:33;2:15;12:35,"1:[0,4,6];6:[4,6];11:[4,6];9:[0,1,4,6];19:[0,4,5,6];4:[4];7:[0,1,2,4,5,6];14:[0,1,2,4,5,6];15:[0,1,4,5,6];18:[0,1,4,5,6];10:[0,4,6];5:[0,1,2,4,5,6];17:[2,4,7];3:[4,6];13:[2,4,6];0:[0,4,5,6];16:[2,4,6];8:[0,4,6];2:[5];12:[0,4,6]","c1:bw=30,experts=[0,4,6]; c6:bw=29,experts=[4,6]; c11:bw=29,experts=[4,6]; c9:bw=45,experts=[0,1,4,6]; c19:bw=40,experts=[0,4,5,6]; c4:bw=19,experts=[4]; c7:bw=63,experts=[0,1,2,4,5,6]; c14:bw=61,experts=[0,1,2,4,5,6]; c15:bw=55,experts=[0,1,4,5,6]; c18:bw=58,experts=[0,1,4,5,6]; c10:bw=33,experts=[0,4,6]; c5:bw=62,experts=[0,1,2,4,5,6]; c17:bw=35,experts=[2,4,7]; c3:bw=24,experts=[4,6]; c13:bw=32,experts=[2,4,6]; c0:bw=47,experts=[0,4,5,6]; c16:bw=36,experts=[2,4,6]; c8:bw=33,experts=[0,4,6]; c2:bw=15,experts=[5]; c12:bw=35,experts=[0,4,6]","3.8255,2.1121,2.4428,2.3484,3.7855,3.4143,3.3065,3.9851,3.0620,3.2653,1.2700,1.3368,2.3148,1.5104,4.2285,1.5272,2.1706,2.3377,2.6661,2.5582"
32,2026-09-23 18:40:10,Ours,0.01,2.0878405183873987,44.51,44.51,32,54.8231,0:54.82,53.3942,0.2708,1.1559,1696.4436,28:16.44,20,"12,19,1,5,7,0,6,9,10,17,3,8,11,2,16,4,15,14,18,13",12:49;19:27;1:21;5:36;7:47;0:46;6:27;9:31;10:22;17:28;3:28;8:21;11:27;2:54;16:48;4:49;15:36;14:32;18:35;13:63,"12:[0,3,4,6];19:[3,7];1:[3,4];5:[3,4,6];7:[3,4,5,6];0:[3,4,6,7];6:[3,7];9:[3,4,7];10:[3,4];17:[3,4];3:[3,4];8:[3,4];11:[3,4];2:[0,3,4,6,7];16:[3,4,6,7];4:[3,4,5,6];15:[3,4,6];14:[3,4,6];18:[2,3,4];13:[0,3,4,5,6,7]","c12:bw=49,experts=[0,3,4,6]; c19:bw=27,experts=[3,7]; c1:bw=21,experts=[3,4]; c5:bw=36,experts=[3,4,6]; c7:bw=47,experts=[3,4,5,6]; c0:bw=46,experts=[3,4,6,7]; c6:bw=27,experts=[3,7]; c9:bw=31,experts=[3,4,7]; c10:bw=22,experts=[3,4]; c17:bw=28,experts=[3,4]; c3:bw=28,experts=[3,4]; c8:bw=21,experts=[3,4]; c11:bw=27,experts=[3,4]; c2:bw=54,experts=[0,3,4,6,7]; c16:bw=48,experts=[3,4,6,7]; c4:bw=49,experts=[3,4,5,6]; c15:bw=36,experts=[3,4,6]; c14:bw=32,experts=[3,4,6]; c18:bw=35,experts=[2,3,4]; c13:bw=63,experts=[0,3,4,5,6,7]","2.5985,3.8432,3.8261,1.3362,3.2674,1.5112,2.0615,2.3234,1.2635,2.2975,1.5149,2.3553,2.4191,2.6801,2.1915,3.4469,3.0454,3.9654,3.1747,4.2724"
33,2026-09-23 18:41:05,Ours,0.01,2.0396613323355246,44.81,44.81,33,55.0687,0:55.07,53.6079,0.2735,1.1812,1751.5332,29:11.53,20,"16,14,11,3,7,15,5,17,0,9,8,1,18,10,12,19,2,4,13,6",16:44;14:37;11:53;3:70;7:52;15:24;5:29;17:59;0:62;9:42;8:50;1:34;18:55;10:46;12:46;19:25;2:24;4:45;13:30;6:37,"16:[0,1,4,6];14:[1,4,6];11:[0,4,5,6,7];3:[0,1,2,4,5,6,7];7:[0,4,5,6,7];15:[4,6];5:[4,6];17:[0,1,4,5,6];0:[0,1,2,4,5,6];9:[0,4,5,6];8:[0,4,5,6,7];1:[4,6,7];18:[0,4,5,6,7];10:[1,4,5,6];12:[0,4,6,7];19:[1,4];2:[4,6];4:[4,5,6,7];13:[4,5,6];6:[0,4,6]","c16:bw=44,experts=[0,1,4,6]; c14:bw=37,experts=[1,4,6]; c11:bw=53,experts=[0,4,5,6,7]; c3:bw=70,experts=[0,1,2,4,5,6,7]; c7:bw=52,experts=[0,4,5,6,7]; c15:bw=24,experts=[4,6]; c5:bw=29,experts=[4,6]; c17:bw=59,experts=[0,1,4,5,6]; c0:bw=62,experts=[0,1,2,4,5,6]; c9:bw=42,experts=[0,4,5,6]; c8:bw=50,experts=[0,4,5,6,7]; c1:bw=34,experts=[4,6,7]; c18:bw=55,experts=[0,4,5,6,7]; c10:bw=46,experts=[1,4,5,6]; c12:bw=46,experts=[0,4,6,7]; c19:bw=25,experts=[1,4]; c2:bw=24,experts=[4,6]; c4:bw=45,experts=[4,5,6,7]; c13:bw=30,experts=[4,5,6]; c6:bw=37,experts=[0,4,6]","2.1970,3.9992,2.4618,1.5241,3.3206,3.0618,1.3322,2.3486,1.5202,2.3368,2.3490,3.8267,3.2061,1.2776,2.5679,3.7904,2.6714,3.4557,4.2533,2.1075"
34,2026-09-23 18:42:00,Ours,0.01,2.017443706574176,46.11,46.11,34,55.1129,0:55.11,53.6459,0.2826,1.1821,1806.666,30:06.67,20,"10,14,18,9,16,8,13,6,11,3,15,0,12,7,2,5,19,4,1,17",10:26;14:66;18:29;9:68;16:54;8:42;13:57;6:48;11:52;3:72;15:10;0:22;12:24;7:32;2:54;5:60;19:50;4:46;1:46;17:16,"10:[4,6];14:[0,1,2,4,5,6];18:[4,6];9:[0,1,2,4,5,6];16:[0,1,4,5,6];8:[0,4,5,6];13:[0,1,4,5,6];6:[0,4,5,6];11:[0,1,4,5,6];3:[0,1,2,4,5,6,7];15:[4];0:[4,6];12:[4,6];7:[0,4,6];2:[0,1,4,5,6];5:[0,1,2,4,5,6];19:[0,1,4,5,6];4:[1,4,5,6];1:[0,4,5,6];17:[4]","c10:bw=26,experts=[4,6]; c14:bw=66,experts=[0,1,2,4,5,6]; c18:bw=29,experts=[4,6]; c9:bw=68,experts=[0,1,2,4,5,6]; c16:bw=54,experts=[0,1,4,5,6]; c8:bw=42,experts=[0,4,5,6]; c13:bw=57,experts=[0,1,4,5,6]; c6:bw=48,experts=[0,4,5,6]; c11:bw=52,experts=[0,1,4,5,6]; c3:bw=72,experts=[0,1,2,4,5,6,7]; c15:bw=10,experts=[4]; c0:bw=22,experts=[4,6]; c12:bw=24,experts=[4,6]; c7:bw=32,experts=[0,4,6]; c2:bw=54,experts=[0,1,4,5,6]; c5:bw=60,experts=[0,1,2,4,5,6]; c19:bw=50,experts=[0,1,4,5,6]; c4:bw=46,experts=[1,4,5,6]; c1:bw=46,experts=[0,4,5,6]; c17:bw=16,experts=[4]","1.2784,4.0120,3.1838,2.3520,2.1789,2.3544,4.2748,2.1070,2.4549,1.5235,3.0475,1.5281,2.5567,3.3074,2.7026,1.3450,3.8298,3.4669,3.8494,2.2928"
35,2026-09-23 18:42:55,Ours,0.01,2.0007873627132264,46.09,46.11,34,55.0976,0:55.10,53.6667,0.2721,1.1565,1861.7844,31:01.78,20,"10,19,8,12,5,0,13,4,7,3,15,1,14,17,2,16,9,6,11,18",10:57;19:22;8:50;12:22;5:41;0:20;13:48;4:33;7:48;3:24;15:47;1:31;14:20;17:32;2:46;16:10;9:27;6:44;11:69;18:51,"10:[0,1,4,5,6];19:[4,6];8:[0,1,4,5,6];12:[4,6];5:[0,4,5,6];0:[4,6];13:[0,1,4,6];4:[2,4,6];7:[0,4,5,6];3:[4,6];15:[0,4,5,6];1:[1,2,4];14:[4,6];17:[0,4,6];2:[0,4,5,6];16:[4];9:[4,6];6:[1,2,4,6];11:[0,1,2,4,5,6];18:[0,1,4,5,6]","c10:bw=57,experts=[0,1,4,5,6]; c19:bw=22,experts=[4,6]; c8:bw=50,experts=[0,1,4,5,6]; c12:bw=22,experts=[4,6]; c5:bw=41,experts=[0,4,5,6]; c0:bw=20,experts=[4,6]; c13:bw=48,experts=[0,1,4,6]; c4:bw=33,experts=[2,4,6]; c7:bw=48,experts=[0,4,5,6]; c3:bw=24,experts=[4,6]; c15:bw=47,experts=[0,4,5,6]; c1:bw=31,experts=[1,2,4]; c14:bw=20,experts=[4,6]; c17:bw=32,experts=[0,4,6]; c2:bw=46,experts=[0,4,5,6]; c16:bw=10,experts=[4]; c9:bw=27,experts=[4,6]; c6:bw=44,experts=[1,2,4,6]; c11:bw=69,experts=[0,1,2,4,5,6]; c18:bw=51,experts=[0,1,4,5,6]","1.2911,3.8172,2.3738,2.5648,1.3477,1.5299,4.2512,3.4705,3.3213,1.5266,3.0626,3.8309,3.9772,2.3367,2.6877,2.1572,2.3138,2.1194,2.4643,3.2230"
36,2026-09-23 18:43:50,Ours,0.01,1.9860663776629601,46.64,46.64,36,54.9316,0:54.93,53.4724,0.2749,1.182,1916.7366,31:56.74,20,"10,8,1,18,7,6,2,3,15,14,19,4,13,12,11,9,17,5,0,16",10:56;8:51;1:10;18:11;7:27;6:43;2:50;3:60;15:68;14:18;19:48;4:74;13:47;12:35;11:33;9:37;17:49;5:49;0:36;16:10,"10:[0,1,4,5,6];8:[0,2,4,5,6];1:[4];18:[4];7:[4,6];6:[0,1,4,6];2:[0,1,4,5,6];3:[0,1,2,4,5,6];15:[0,1,2,4,5,6];14:[4];19:[0,1,4,6];4:[0,1,2,4,5,6,7];13:[0,4,5,6];12:[4,5,6];11:[4,5,6];9:[0,4,6];17:[0,4,5,6];5:[4,5,6,7];0:[0,4,6];16:[4]","c10:bw=56,experts=[0,1,4,5,6]; c8:bw=51,experts=[0,2,4,5,6]; c1:bw=10,experts=[4]; c18:bw=11,experts=[4]; c7:bw=27,experts=[4,6]; c6:bw=43,experts=[0,1,4,6]; c2:bw=50,experts=[0,1,4,5,6]; c3:bw=60,experts=[0,1,2,4,5,6]; c15:bw=68,experts=[0,1,2,4,5,6]; c14:bw=18,experts=[4]; c19:bw=48,experts=[0,1,4,6]; c4:bw=74,experts=[0,1,2,4,5,6,7]; c13:bw=47,experts=[0,4,5,6]; c12:bw=35,experts=[4,5,6]; c11:bw=33,experts=[4,5,6]; c9:bw=37,experts=[0,4,6]; c17:bw=49,experts=[0,4,5,6]; c5:bw=49,experts=[4,5,6,7]; c0:bw=36,experts=[0,4,6]; c16:bw=10,experts=[4]","1.2978,2.3817,3.8388,3.1762,3.2974,2.1142,2.6934,1.5304,3.0891,3.9338,3.8058,3.4634,4.2306,2.5434,2.4423,2.3138,2.3189,1.3342,1.5165,2.1509"
37,2026-09-23 18:44:46,Ours,0.01,1.974438924065377,47.2,47.2,37,55.143,0:55.14,53.7065,0.2739,1.1565,1971.9008,32:51.90,20,"7,11,15,17,9,1,3,10,19,6,2,12,5,4,0,18,14,13,16,8",7:42;11:63;15:51;17:56;9:40;1:18;3:36;10:58;19:42;6:65;2:36;12:49;5:39;4:39;0:54;18:10;14:28;13:12;16:31;8:10,"7:[0,4,5,6];11:[0,1,2,4,5,6];15:[0,4,5,6,7];17:[0,1,4,5,6];9:[0,4,5,6];1:[4];3:[0,4,6];10:[0,1,4,5,6];19:[0,2,4,6];6:[0,1,2,4,5,6];2:[0,4,6];12:[0,1,4,6];5:[4,5,6];4:[1,4,6];0:[0,1,4,5,6];18:[4];14:[4,7];13:[4];16:[4,5,6];8:[4]","c7:bw=42,experts=[0,4,5,6]; c11:bw=63,experts=[0,1,2,4,5,6]; c15:bw=51,experts=[0,4,5,6,7]; c17:bw=56,experts=[0,1,4,5,6]; c9:bw=40,experts=[0,4,5,6]; c1:bw=18,experts=[4]; c3:bw=36,experts=[0,4,6]; c10:bw=58,experts=[0,1,4,5,6]; c19:bw=42,experts=[0,2,4,6]; c6:bw=65,experts=[0,1,2,4,5,6]; c2:bw=36,experts=[0,4,6]; c12:bw=49,experts=[0,1,4,6]; c5:bw=39,experts=[4,5,6]; c4:bw=39,experts=[1,4,6]; c0:bw=54,experts=[0,1,4,5,6]; c18:bw=10,experts=[4]; c14:bw=28,experts=[4,7]; c13:bw=12,experts=[4]; c16:bw=31,experts=[4,5,6]; c8:bw=10,experts=[4]","3.3302,2.4592,3.0927,2.3267,2.3488,3.8038,1.5295,1.2857,3.8005,2.1107,2.6919,2.5439,1.3414,3.4641,1.5363,3.1683,4.0642,4.2704,2.1816,2.3568"
38,2026-09-23 18:45:41,Ours,0.01,1.9739011547734016,47.99,47.99,38,55.295,0:55.30,53.8705,0.2708,1.1515,2027.2168,33:47.22,20,"2,12,1,9,6,18,13,14,16,11,15,0,5,10,19,8,4,17,7,3",2:10;12:47;1:31;9:26;6:17;18:44;13:63;14:41;16:38;11:17;15:12;0:40;5:10;10:39;19:61;8:46;4:52;17:41;7:51;3:38,"2:[2];12:[0,2,4,6];1:[1,4,6];9:[4,6];6:[4];18:[0,4,5,6];13:[0,1,2,4,5,6];14:[0,4,5,6];16:[4,5,6];11:[4];15:[4];0:[0,4,5,6];5:[4];10:[2,4,7];19:[0,1,2,4,5,6];8:[0,1,4,6];4:[0,1,4,5,6];17:[0,4,5,6];7:[0,1,4,5,6];3:[0,4,6]","c2:bw=10,experts=[2]; c12:bw=47,experts=[0,2,4,6]; c1:bw=31,experts=[1,4,6]; c9:bw=26,experts=[4,6]; c6:bw=17,experts=[4]; c18:bw=44,experts=[0,4,5,6]; c13:bw=63,experts=[0,1,2,4,5,6]; c14:bw=41,experts=[0,4,5,6]; c16:bw=38,experts=[4,5,6]; c11:bw=17,experts=[4]; c15:bw=12,experts=[4]; c0:bw=40,experts=[0,4,5,6]; c5:bw=10,experts=[4]; c10:bw=39,experts=[2,4,7]; c19:bw=61,experts=[0,1,2,4,5,6]; c8:bw=46,experts=[0,1,4,6]; c4:bw=52,experts=[0,1,4,5,6]; c17:bw=41,experts=[0,4,5,6]; c7:bw=51,experts=[0,1,4,5,6]; c3:bw=38,experts=[0,4,6]","2.7088,2.5931,3.8454,2.3328,2.1012,3.2184,4.3151,4.0438,2.1872,2.4362,3.0464,1.5482,1.3302,1.2704,3.8428,2.3631,3.4915,2.3389,3.3276,1.5293"
39,2026-09-23 18:46:36,Ours,0.01,1.940651693653918,47.73,47.99,38,55.2127,0:55.21,53.7629,0.2759,1.1716,2082.4516,34:42.45,20,"3,13,2,11,15,19,0,12,6,18,10,16,7,9,1,8,14,4,17,5",3:26;13:49;2:36;11:51;15:30;19:18;0:10;12:49;6:31;18:25;10:24;16:29;7:40;9:24;1:45;8:45;14:57;4:36;17:42;5:75,"3:[4,6];13:[0,4,5,6];2:[4,5,6];11:[0,1,4,5,6];15:[0,4,6];19:[4];0:[4];12:[0,4,5,6];6:[0,4,6];18:[4,6];10:[4,6];16:[2,4];7:[2,4,5,6];9:[4,6];1:[0,4,5,6];8:[0,4,5,6];14:[0,1,4,5,6];4:[0,4,6];17:[2,4,6,7];5:[0,1,2,4,5,6,7]","c3:bw=26,experts=[4,6]; c13:bw=49,experts=[0,4,5,6]; c2:bw=36,experts=[4,5,6]; c11:bw=51,experts=[0,1,4,5,6]; c15:bw=30,experts=[0,4,6]; c19:bw=18,experts=[4]; c0:bw=10,experts=[4]; c12:bw=49,experts=[0,4,5,6]; c6:bw=31,experts=[0,4,6]; c18:bw=25,experts=[4,6]; c10:bw=24,experts=[4,6]; c16:bw=29,experts=[2,4]; c7:bw=40,experts=[2,4,5,6]; c9:bw=24,experts=[4,6]; c1:bw=45,experts=[0,4,5,6]; c8:bw=45,experts=[0,4,5,6]; c14:bw=57,experts=[0,1,4,5,6]; c4:bw=36,experts=[0,4,6]; c17:bw=42,experts=[2,4,6,7]; c5:bw=75,experts=[0,1,2,4,5,6,7]","1.5237,4.3126,2.7122,2.4717,3.0758,3.8015,1.5224,2.5779,2.1211,3.1781,1.2767,2.1639,3.3028,2.3364,3.8442,2.3724,4.0155,3.4922,2.3177,1.3440"
40,2026-09-23 18:47:32,Ours,0.01,2.0097218737832954,48.33,48.33,40,55.4098,0:55.41,53.9761,0.2702,1.1566,2137.8828,35:37.88,20,"15,3,9,14,13,7,19,11,17,5,6,4,18,2,8,1,0,12,16,10",15:22;3:10;9:40;14:58;13:32;7:66;19:23;11:15;17:30;5:32;6:46;4:19;18:38;2:65;8:26;1:42;0:36;12:42;16:29;10:60,"15:[3,4];3:[3];9:[3,4,6,7];14:[0,3,4,5,6];13:[3,4,7];7:[0,1,3,4,5,6];19:[3,7];11:[3];17:[3,4,6];5:[3,4,6];6:[3,4,6,7];4:[3];18:[2,3,4];2:[0,3,4,5,6,7];8:[3,4];1:[0,3,4,6];0:[3,4,7];12:[0,3,4,6];16:[3,7];10:[0,1,3,4,5,6]","c15:bw=22,experts=[3,4]; c3:bw=10,experts=[3]; c9:bw=40,experts=[3,4,6,7]; c14:bw=58,experts=[0,3,4,5,6]; c13:bw=32,experts=[3,4,7]; c7:bw=66,experts=[0,1,3,4,5,6]; c19:bw=23,experts=[3,7]; c11:bw=15,experts=[3]; c17:bw=30,experts=[3,4,6]; c5:bw=32,experts=[3,4,6]; c6:bw=46,experts=[3,4,6,7]; c4:bw=19,experts=[3]; c18:bw=38,experts=[2,3,4]; c2:bw=65,experts=[0,3,4,5,6,7]; c8:bw=26,experts=[3,4]; c1:bw=42,experts=[0,3,4,6]; c0:bw=36,experts=[3,4,7]; c12:bw=42,experts=[0,3,4,6]; c16:bw=29,experts=[3,7]; c10:bw=60,experts=[0,1,3,4,5,6]","3.1243,1.5311,2.3799,4.0455,4.2834,3.3432,3.8247,2.4640,2.3296,1.3463,2.1105,3.4334,3.1655,2.7236,2.3699,3.8782,1.5408,2.5991,2.1857,1.2975"
41,2026-09-23 18:48:27,Ours,0.01,1.9801574589302096,48.95,48.95,41,55.6488,0:55.65,54.194,0.2726,1.1799,2193.554,36:33.55,20,"14,11,5,15,6,10,1,7,17,12,3,2,0,8,13,19,16,18,9,4",14:61;11:41;5:61;15:24;6:10;10:42;1:10;7:68;17:52;12:18;3:40;2:54;0:10;8:57;13:45;19:19;16:25;18:10;9:54;4:50,"14:[0,1,2,4,5,6];11:[0,4,6,7];5:[0,1,2,4,5,6];15:[4,6];6:[4];10:[0,4,5,6];1:[7];7:[0,1,4,5,6,7];17:[0,1,4,5,6];12:[7];3:[0,4,5,6];2:[0,1,4,5,6];0:[2];8:[0,4,5,6,7];13:[0,4,5,6];19:[4];16:[4,6];18:[7];9:[0,1,4,5,6];4:[0,1,4,5,6]","c14:bw=61,experts=[0,1,2,4,5,6]; c11:bw=41,experts=[0,4,6,7]; c5:bw=61,experts=[0,1,2,4,5,6]; c15:bw=24,experts=[4,6]; c6:bw=10,experts=[4]; c10:bw=42,experts=[0,4,5,6]; c1:bw=10,experts=[7]; c7:bw=68,experts=[0,1,4,5,6,7]; c17:bw=52,experts=[0,1,4,5,6]; c12:bw=18,experts=[7]; c3:bw=40,experts=[0,4,5,6]; c2:bw=54,experts=[0,1,4,5,6]; c0:bw=10,experts=[2]; c8:bw=57,experts=[0,4,5,6,7]; c13:bw=45,experts=[0,4,5,6]; c19:bw=19,experts=[4]; c16:bw=25,experts=[4,6]; c18:bw=10,experts=[7]; c9:bw=54,experts=[0,1,4,5,6]; c4:bw=50,experts=[0,1,4,5,6]","4.0965,2.4863,1.3603,3.0997,2.1192,1.2904,3.8267,3.3433,2.3478,2.5978,1.5389,2.7302,1.5278,2.3874,4.2858,3.7907,2.1928,3.2119,2.3507,3.6098"
42,2026-09-23 18:49:23,Ours,0.01,1.9244297473898015,49.53,49.53,42,55.6465,0:55.65,54.2127,0.2748,1.1567,2249.2225,37:29.22,20,"12,9,3,7,19,1,15,14,13,6,16,8,10,4,18,5,0,11,17,2",12:22;9:51;3:48;7:20;19:63;1:49;15:31;14:13;13:33;6:34;16:10;8:42;10:15;4:55;18:14;5:50;0:15;11:59;17:32;2:40,"12:[4,6];9:[0,1,2,4,6];3:[0,4,6,7];7:[4,6];19:[0,1,2,4,5,6];1:[0,4,5,6];15:[0,4,6];14:[4];13:[0,4,6];6:[0,4,6];16:[0];8:[0,1,4,6];10:[4];4:[0,1,4,5,6];18:[4];5:[0,1,4,5,6];0:[4];11:[0,1,4,5,6];17:[0,4,6];2:[0,4,5,6]","c12:bw=22,experts=[4,6]; c9:bw=51,experts=[0,1,2,4,6]; c3:bw=48,experts=[0,4,6,7]; c7:bw=20,experts=[4,6]; c19:bw=63,experts=[0,1,2,4,5,6]; c1:bw=49,experts=[0,4,5,6]; c15:bw=31,experts=[0,4,6]; c14:bw=13,experts=[4]; c13:bw=33,experts=[0,4,6]; c6:bw=34,experts=[0,4,6]; c16:bw=10,experts=[0]; c8:bw=42,experts=[0,1,4,6]; c10:bw=15,experts=[4]; c4:bw=55,experts=[0,1,4,5,6]; c18:bw=14,experts=[4]; c5:bw=50,experts=[0,1,4,5,6]; c0:bw=15,experts=[4]; c11:bw=59,experts=[0,1,4,5,6]; c17:bw=32,experts=[0,4,6]; c2:bw=40,experts=[0,4,5,6]","2.6124,2.3780,1.5523,3.3289,3.8468,3.8854,3.0965,4.0226,4.3091,2.1304,2.1861,2.3836,1.2812,3.5049,3.2106,1.3504,1.5422,2.4883,2.3567,2.7463"
43,2026-09-23 18:50:19,Ours,0.01,1.8924327647510277,50.43,50.43,43,55.7523,0:55.75,54.3091,0.2745,1.1665,2304.9986,38:25.00,20,"4,9,7,12,11,14,6,0,18,8,3,15,2,10,13,16,19,17,5,1",4:34;9:32;7:21;12:10;11:55;14:66;6:12;0:21;18:24;8:45;3:65;15:14;2:51;10:37;13:16;16:21;19:54;17:47;5:53;1:58,"4:[0,4,6];9:[0,4,6];7:[4,6];12:[4];11:[0,1,4,5,6];14:[0,1,2,4,5,6];6:[4];0:[4,6];18:[1,4];8:[0,1,4,6];3:[0,1,2,4,5,6];15:[4];2:[0,1,4,5,6];10:[0,4,6];13:[4];16:[1,4];19:[0,1,4,5,6];17:[0,4,5,6];5:[0,1,4,5,6];1:[0,2,4,5,6]","c4:bw=34,experts=[0,4,6]; c9:bw=32,experts=[0,4,6]; c7:bw=21,experts=[4,6]; c12:bw=10,experts=[4]; c11:bw=55,experts=[0,1,4,5,6]; c14:bw=66,experts=[0,1,2,4,5,6]; c6:bw=12,experts=[4]; c0:bw=21,experts=[4,6]; c18:bw=24,experts=[1,4]; c8:bw=45,experts=[0,1,4,6]; c3:bw=65,experts=[0,1,2,4,5,6]; c15:bw=14,experts=[4]; c2:bw=51,experts=[0,1,4,5,6]; c10:bw=37,experts=[0,4,6]; c13:bw=16,experts=[4]; c16:bw=21,experts=[1,4]; c19:bw=54,experts=[0,1,4,5,6]; c17:bw=47,experts=[0,4,5,6]; c5:bw=53,experts=[0,1,4,5,6]; c1:bw=58,experts=[0,2,4,5,6]","3.5330,2.3559,3.3691,2.5932,2.5097,4.0768,2.1201,1.5414,3.1998,2.3940,1.5510,3.0738,2.7277,1.2884,4.3578,2.1874,3.8644,2.3456,1.3473,3.8726"
44,2026-09-23 18:51:14,Ours,0.01,1.8941776273309738,50.04,50.43,43,55.7002,0:55.70,54.271,0.269,1.1541,2360.7218,39:20.72,20,"12,15,13,6,2,17,8,10,14,5,1,4,7,19,11,0,18,16,9,3",12:40;15:50;13:28;6:20;2:37;17:12;8:34;10:56;14:65;5:24;1:45;4:29;7:75;19:10;11:16;0:66;18:54;16:76;9:37;3:47,"12:[0,4,5,6];15:[0,1,2,4,6];13:[4,6];6:[4,6];2:[0,4,6];17:[4];8:[2,4,6];10:[0,1,4,5,6];14:[0,1,2,4,5,6];5:[4,6];1:[0,4,5,6];4:[2,7];7:[0,1,2,4,5,6,7];19:[4];11:[4];0:[0,1,2,4,5,6];18:[0,1,4,5,6];16:[0,1,2,4,5,6,7];9:[0,4,6];3:[0,4,5,6]","c12:bw=40,experts=[0,4,5,6]; c15:bw=50,experts=[0,1,2,4,6]; c13:bw=28,experts=[4,6]; c6:bw=20,experts=[4,6]; c2:bw=37,experts=[0,4,6]; c17:bw=12,experts=[4]; c8:bw=34,experts=[2,4,6]; c10:bw=56,experts=[0,1,4,5,6]; c14:bw=65,experts=[0,1,2,4,5,6]; c5:bw=24,experts=[4,6]; c1:bw=45,experts=[0,4,5,6]; c4:bw=29,experts=[2,7]; c7:bw=75,experts=[0,1,2,4,5,6,7]; c19:bw=10,experts=[4]; c11:bw=16,experts=[4]; c0:bw=66,experts=[0,1,2,4,5,6]; c18:bw=54,experts=[0,1,4,5,6]; c16:bw=76,experts=[0,1,2,4,5,6,7]; c9:bw=37,experts=[0,4,6]; c3:bw=47,experts=[0,4,5,6]","2.6321,3.1542,4.3135,2.1278,2.7523,2.3331,2.4144,1.2964,4.0517,1.3627,3.8685,3.4500,3.3762,3.8041,2.4592,1.5464,3.2167,2.2279,2.3451,1.5387"
45,2026-09-23 18:52:10,Ours,0.01,1.8949620667752463,51.18,51.18,45,55.6807,0:55.68,54.2397,0.2801,1.1585,2416.4271,40:16.43,20,"12,0,11,5,6,1,4,17,9,2,8,13,19,16,3,7,18,10,15,14",12:61;0:36;11:53;5:44;6:10;1:56;4:64;17:10;9:25;2:49;8:55;13:53;19:67;16:54;3:67;7:36;18:16;10:42;15:33;14:41,"12:[0,1,2,4,5,6];0:[0,4,6];11:[0,2,4,5,6];5:[0,4,5,6];6:[1];1:[0,1,2,4,6];4:[0,1,2,4,5,6];17:[4];9:[4,6];2:[0,4,5,6];8:[0,1,4,5,6];13:[0,1,4,5,6];19:[0,1,4,5,6,7];16:[0,1,4,5,6];3:[0,1,2,4,5,6];7:[1,4,6];18:[4];10:[0,4,5,6];15:[4,5,7];14:[0,4,6,7]","c12:bw=61,experts=[0,1,2,4,5,6]; c0:bw=36,experts=[0,4,6]; c11:bw=53,experts=[0,2,4,5,6]; c5:bw=44,experts=[0,4,5,6]; c6:bw=10,experts=[1]; c1:bw=56,experts=[0,1,2,4,6]; c4:bw=64,experts=[0,1,2,4,5,6]; c17:bw=10,experts=[4]; c9:bw=25,experts=[4,6]; c2:bw=49,experts=[0,4,5,6]; c8:bw=55,experts=[0,1,4,5,6]; c13:bw=53,experts=[0,1,4,5,6]; c19:bw=67,experts=[0,1,4,5,6,7]; c16:bw=54,experts=[0,1,4,5,6]; c3:bw=67,experts=[0,1,2,4,5,6]; c7:bw=36,experts=[1,4,6]; c18:bw=16,experts=[4]; c10:bw=42,experts=[0,4,5,6]; c15:bw=33,experts=[4,5,7]; c14:bw=41,experts=[0,4,6,7]","2.6408,1.5747,2.5069,1.3538,2.0921,3.8713,3.4920,2.3329,2.3401,2.7377,2.3947,4.3305,3.8606,2.1995,1.5468,3.3393,3.1770,1.2939,3.0889,4.0660"
46,2026-09-23 18:53:06,Ours,0.01,1.8596405458748564,51.46,51.46,46,55.6208,0:55.62,54.1641,0.2724,1.1821,2472.0715,41:12.07,20,"7,3,16,14,2,6,12,10,13,15,1,18,11,8,19,0,5,9,17,4",7:28;3:27;16:28;14:39;2:57;6:39;12:53;10:59;13:50;15:14;1:41;18:44;11:38;8:39;19:10;0:55;5:41;9:37;17:15;4:64,"7:[4,6];3:[4,6];16:[4,6];14:[0,4,6];2:[0,1,2,4,6];6:[2,4,5];12:[0,1,4,5,6];10:[0,2,4,6,7];13:[0,2,4,5,6];15:[4];1:[0,1,4,6];18:[0,1,4,6];11:[0,4,6];8:[0,4,6];19:[4];0:[0,1,4,5,6];5:[0,4,5,6];9:[0,4,6];17:[4];4:[0,1,2,4,5,6]","c7:bw=28,experts=[4,6]; c3:bw=27,experts=[4,6]; c16:bw=28,experts=[4,6]; c14:bw=39,experts=[0,4,6]; c2:bw=57,experts=[0,1,2,4,6]; c6:bw=39,experts=[2,4,5]; c12:bw=53,experts=[0,1,4,5,6]; c10:bw=59,experts=[0,2,4,6,7]; c13:bw=50,experts=[0,2,4,5,6]; c15:bw=14,experts=[4]; c1:bw=41,experts=[0,1,4,6]; c18:bw=44,experts=[0,1,4,6]; c11:bw=38,experts=[0,4,6]; c8:bw=39,experts=[0,4,6]; c19:bw=10,experts=[4]; c0:bw=55,experts=[0,1,4,5,6]; c5:bw=41,experts=[0,4,5,6]; c9:bw=37,experts=[0,4,6]; c17:bw=15,experts=[4]; c4:bw=64,experts=[0,1,2,4,5,6]","3.3691,1.5457,2.1946,4.0756,2.7369,2.1279,2.5917,1.3006,4.3100,3.0872,3.8652,3.2023,2.4677,2.3750,3.8074,1.5511,1.3514,2.3549,2.3308,3.5190"
47,2026-09-23 18:54:01,Ours,0.01,1.861466528599457,51.84,51.84,47,55.6735,0:55.67,54.2201,0.2747,1.1765,2527.7703,42:07.77,20,"11,18,10,13,15,8,4,1,14,6,9,5,17,19,12,2,16,7,0,3",11:39;18:10;10:51;13:33;15:42;8:39;4:10;1:30;14:24;6:22;9:17;5:52;17:20;19:28;12:15;2:54;16:68;7:53;0:46;3:70,"11:[0,4,6];18:[4];10:[0,1,4,5,6];13:[0,4,6];15:[0,1,4,6];8:[0,4,6];4:[4];1:[0,4,6];14:[4,6];6:[4,6];9:[4];5:[0,4,5,6,7];17:[2,7];19:[4,6];12:[4];2:[0,1,4,5,6];16:[0,1,2,4,5,6];7:[0,1,4,5,6];0:[0,1,4,6];3:[0,1,2,4,5,6,7]","c11:bw=39,experts=[0,4,6]; c18:bw=10,experts=[4]; c10:bw=51,experts=[0,1,4,5,6]; c13:bw=33,experts=[0,4,6]; c15:bw=42,experts=[0,1,4,6]; c8:bw=39,experts=[0,4,6]; c4:bw=10,experts=[4]; c1:bw=30,experts=[0,4,6]; c14:bw=24,experts=[4,6]; c6:bw=22,experts=[4,6]; c9:bw=17,experts=[4]; c5:bw=52,experts=[0,4,5,6,7]; c17:bw=20,experts=[2,7]; c19:bw=28,experts=[4,6]; c12:bw=15,experts=[4]; c2:bw=54,experts=[0,1,4,5,6]; c16:bw=68,experts=[0,1,2,4,5,6]; c7:bw=53,experts=[0,1,4,5,6]; c0:bw=46,experts=[0,1,4,6]; c3:bw=70,experts=[0,1,2,4,5,6,7]","2.4898,3.2134,1.3052,4.3168,3.1042,2.3839,3.4835,3.8684,4.0370,2.1242,2.3414,1.3537,2.3386,3.8094,2.5966,2.7346,2.2210,3.3604,1.5744,1.5636"
48,2026-09-23 18:54:57,Ours,0.01,1.9295016301739554,51.39,51.84,47,55.9127,0:55.91,54.4704,0.2756,1.1644,2583.7073,43:03.71,20,"16,7,8,17,3,4,0,6,15,19,5,9,1,12,11,18,10,13,14,2",16:10;7:62;8:50;17:38;3:18;4:67;0:16;6:45;15:64;19:45;5:55;9:52;1:50;12:31;11:32;18:62;10:12;13:50;14:10;2:57,"16:[3];7:[0,1,3,4,5,6];8:[0,3,4,5,6];17:[3,4,6];3:[3];4:[0,1,3,4,5,6];0:[3];6:[3,4,6,7];15:[0,1,3,4,5,6];19:[0,3,4,6];5:[0,3,4,5,6];9:[0,3,4,6,7];1:[0,3,4,5,6];12:[3,4,6];11:[3,4,6];18:[0,1,2,3,4,6];10:[3];13:[1,3,4,6,7];14:[3];2:[0,3,4,6,7]","c16:bw=10,experts=[3]; c7:bw=62,experts=[0,1,3,4,5,6]; c8:bw=50,experts=[0,3,4,5,6]; c17:bw=38,experts=[3,4,6]; c3:bw=18,experts=[3]; c4:bw=67,experts=[0,1,3,4,5,6]; c0:bw=16,experts=[3]; c6:bw=45,experts=[3,4,6,7]; c15:bw=64,experts=[0,1,3,4,5,6]; c19:bw=45,experts=[0,3,4,6]; c5:bw=55,experts=[0,3,4,5,6]; c9:bw=52,experts=[0,3,4,6,7]; c1:bw=50,experts=[0,3,4,5,6]; c12:bw=31,experts=[3,4,6]; c11:bw=32,experts=[3,4,6]; c18:bw=62,experts=[0,1,2,3,4,6]; c10:bw=12,experts=[3]; c13:bw=50,experts=[1,3,4,6,7]; c14:bw=10,experts=[3]; c2:bw=57,experts=[0,3,4,6,7]","2.2276,3.4046,2.4063,2.3523,1.5303,3.5106,1.5513,2.1308,3.1261,3.8623,1.3515,2.3617,3.8787,2.6054,2.4959,3.2119,1.2864,4.3459,4.0724,2.7583"
49,2026-09-23 18:55:53,Ours,0.01,1.8313105030475605,52.16,52.16,49,55.7938,0:55.79,54.3489,0.2737,1.1653,2639.5748,43:59.57,20,"7,4,0,10,17,5,15,18,1,13,2,9,14,8,3,12,19,11,6,16",7:44;4:48;0:20;10:64;17:30;5:56;15:42;18:32;1:54;13:39;2:58;9:53;14:58;8:26;3:32;12:37;19:10;11:38;6:13;16:30,"7:[0,4,5,6];4:[1,4,5,6];0:[4,7];10:[0,1,2,4,5,6];17:[1,4,6];5:[0,2,4,5,6];15:[0,4,5,6];18:[4,6,7];1:[0,4,5,6,7];13:[1,4,6];2:[0,1,4,5,6];9:[0,1,4,5,6];14:[0,1,4,5,6];8:[4,7];3:[0,4,6];12:[4,6,7];19:[4];11:[4,6,7];6:[4];16:[0,4,6]","c7:bw=44,experts=[0,4,5,6]; c4:bw=48,experts=[1,4,5,6]; c0:bw=20,experts=[4,7]; c10:bw=64,experts=[0,1,2,4,5,6]; c17:bw=30,experts=[1,4,6]; c5:bw=56,experts=[0,2,4,5,6]; c15:bw=42,experts=[0,4,5,6]; c18:bw=32,experts=[4,6,7]; c1:bw=54,experts=[0,4,5,6,7]; c13:bw=39,experts=[1,4,6]; c2:bw=58,experts=[0,1,4,5,6]; c9:bw=53,experts=[0,1,4,5,6]; c14:bw=58,experts=[0,1,4,5,6]; c8:bw=26,experts=[4,7]; c3:bw=32,experts=[0,4,6]; c12:bw=37,experts=[4,6,7]; c19:bw=10,experts=[4]; c11:bw=38,experts=[4,6,7]; c6:bw=13,experts=[4]; c16:bw=30,experts=[0,4,6]","3.3905,3.5325,1.5604,1.3049,2.3670,1.3667,3.1186,3.2132,3.8745,4.3051,2.7352,2.3566,4.0618,2.3775,1.5233,2.6071,3.8702,2.4693,2.1170,2.1974"
50,2026-09-23 18:56:49,Ours,0.01,1.8246891629961954,52.51,52.51,50,55.7101,0:55.71,54.2703,0.2721,1.1654,2695.3086,44:55.31,20,"2,6,14,12,13,17,11,0,16,15,7,10,1,19,3,5,4,8,9,18",2:63;6:68;14:23;12:34;13:37;17:33;11:57;0:29;16:27;15:31;7:34;10:23;1:64;19:43;3:39;5:31;4:10;8:32;9:27;18:44,"2:[0,1,2,4,5,6];6:[0,1,2,4,5,6];14:[4,6];12:[0,4,6];13:[0,4,6];17:[0,4,6];11:[0,1,4,5,6];0:[4,6];16:[4,6];15:[0,4,6];7:[0,4,6];10:[4,6];1:[0,1,2,4,5,6];19:[0,2,4,6];3:[1,4,6];5:[0,4,6];4:[4];8:[1,4,6];9:[2,4];18:[0,1,4,6]","c2:bw=63,experts=[0,1,2,4,5,6]; c6:bw=68,experts=[0,1,2,4,5,6]; c14:bw=23,experts=[4,6]; c12:bw=34,experts=[0,4,6]; c13:bw=37,experts=[0,4,6]; c17:bw=33,experts=[0,4,6]; c11:bw=57,experts=[0,1,4,5,6]; c0:bw=29,experts=[4,6]; c16:bw=27,experts=[4,6]; c15:bw=31,experts=[0,4,6]; c7:bw=34,experts=[0,4,6]; c10:bw=23,experts=[4,6]; c1:bw=64,experts=[0,1,2,4,5,6]; c19:bw=43,experts=[0,2,4,6]; c3:bw=39,experts=[1,4,6]; c5:bw=31,experts=[0,4,6]; c4:bw=10,experts=[4]; c8:bw=32,experts=[1,4,6]; c9:bw=27,experts=[2,4]; c18:bw=44,experts=[0,1,4,6]","2.7715,2.1629,4.0569,2.5998,4.3332,2.3468,2.4928,1.5554,2.1990,3.1069,3.3612,1.2821,3.8954,3.8311,1.5378,1.3500,3.4526,2.3796,2.3394,3.2157"
51,2026-09-23 18:57:45,Ours,0.01,1.807554261925303,53.1,53.1,51,55.5739,0:55.57,54.1375,0.275,1.1591,2750.9079,45:50.91,20,"0,9,11,16,13,19,17,1,5,12,18,4,7,14,2,6,8,10,3,15",0:53;9:18;11:60;16:30;13:40;19:10;17:43;1:21;5:47;12:43;18:37;4:11;7:27;14:30;2:20;6:52;8:46;10:37;3:55;15:57,"0:[0,1,4,5,6];9:[4];11:[0,1,2,4,5,6];16:[0,4,6];13:[0,1,4,6];19:[4];17:[0,4,5,6];1:[4,6];5:[0,1,4,6];12:[0,4,5,6];18:[1,4,6];4:[4];7:[4,6];14:[0,4,6];2:[4,6];6:[0,1,4,5,6];8:[0,4,5,6];10:[1,4,6];3:[0,1,4,5,6];15:[0,1,4,5,6]","c0:bw=53,experts=[0,1,4,5,6]; c9:bw=18,experts=[4]; c11:bw=60,experts=[0,1,2,4,5,6]; c16:bw=30,experts=[0,4,6]; c13:bw=40,experts=[0,1,4,6]; c19:bw=10,experts=[4]; c17:bw=43,experts=[0,4,5,6]; c1:bw=21,experts=[4,6]; c5:bw=47,experts=[0,1,4,6]; c12:bw=43,experts=[0,4,5,6]; c18:bw=37,experts=[1,4,6]; c4:bw=11,experts=[4]; c7:bw=27,experts=[4,6]; c14:bw=30,experts=[0,4,6]; c2:bw=20,experts=[4,6]; c6:bw=52,experts=[0,1,4,5,6]; c8:bw=46,experts=[0,4,5,6]; c10:bw=37,experts=[1,4,6]; c3:bw=55,experts=[0,1,4,5,6]; c15:bw=57,experts=[0,1,4,5,6]","1.5755,2.3466,2.5090,2.2062,4.3321,3.7925,2.3593,3.8566,1.3466,2.5879,3.2036,3.4721,3.3336,4.0271,2.7319,2.1355,2.3751,1.2937,1.5418,3.1109"
52,2026-09-23 18:58:40,Ours,0.01,1.814299741358051,53.19,53.19,52,55.6177,0:55.62,54.1569,0.2688,1.1849,2806.5514,46:46.55,20,"6,17,15,8,0,19,12,3,13,18,4,11,2,9,7,10,14,1,5,16",6:51;17:19;15:31;8:18;0:46;19:46;12:10;3:43;13:23;18:49;4:33;11:60;2:29;9:31;7:34;10:31;14:42;1:40;5:24;16:59,"6:[0,1,4,5,6];17:[4];15:[2,4,6];8:[2];0:[0,2,4,6];19:[0,1,4,6];12:[4];3:[0,1,4,6];13:[4,6];18:[0,4,5,6];4:[4,6,7];11:[0,1,2,4,5,6];2:[4,6];9:[0,4,6];7:[2,4,7];10:[0,4,6];14:[0,2,4,6];1:[0,4,5,6];5:[4,6];16:[0,1,4,6,7]","c6:bw=51,experts=[0,1,4,5,6]; c17:bw=19,experts=[4]; c15:bw=31,experts=[2,4,6]; c8:bw=18,experts=[2]; c0:bw=46,experts=[0,2,4,6]; c19:bw=46,experts=[0,1,4,6]; c12:bw=10,experts=[4]; c3:bw=43,experts=[0,1,4,6]; c13:bw=23,experts=[4,6]; c18:bw=49,experts=[0,4,5,6]; c4:bw=33,experts=[4,6,7]; c11:bw=60,experts=[0,1,2,4,5,6]; c2:bw=29,experts=[4,6]; c9:bw=31,experts=[0,4,6]; c7:bw=34,experts=[2,4,7]; c10:bw=31,experts=[0,4,6]; c14:bw=42,experts=[0,2,4,6]; c1:bw=40,experts=[0,4,5,6]; c5:bw=24,experts=[4,6]; c16:bw=59,experts=[0,1,4,6,7]","2.1606,2.3624,3.1188,2.3595,1.5668,3.8437,2.5693,1.5454,4.2985,3.2096,3.4813,2.4869,2.7051,2.3499,3.3289,1.2890,4.0441,3.8756,1.3431,2.2184"
53,2026-09-23 18:59:36,Ours,0.01,1.7975756736104167,53.2,53.2,53,55.8301,0:55.83,54.3918,0.2715,1.1645,2862.4082,47:42.41,20,"11,9,8,12,6,15,7,1,16,18,2,19,3,10,17,4,5,13,0,14",11:11;9:61;8:22;12:45;6:36;15:27;7:44;1:59;16:44;18:17;2:51;19:10;3:47;10:52;17:28;4:28;5:44;13:10;0:39;14:34,"11:[4];9:[0,1,2,4,5,6];8:[4,6];12:[0,2,4,6];6:[0,4,6];15:[4,7];7:[0,1,4,6];1:[0,1,4,5,6];16:[0,4,5,6];18:[4];2:[0,1,4,5,6];19:[5];3:[0,1,4,6];10:[0,1,4,5,6];17:[4,6];4:[4,6];5:[0,4,5,6];13:[4];0:[0,4,6];14:[4,6,7]","c11:bw=11,experts=[4]; c9:bw=61,experts=[0,1,2,4,5,6]; c8:bw=22,experts=[4,6]; c12:bw=45,experts=[0,2,4,6]; c6:bw=36,experts=[0,4,6]; c15:bw=27,experts=[4,7]; c7:bw=44,experts=[0,1,4,6]; c1:bw=59,experts=[0,1,4,5,6]; c16:bw=44,experts=[0,4,5,6]; c18:bw=17,experts=[4]; c2:bw=51,experts=[0,1,4,5,6]; c19:bw=10,experts=[5]; c3:bw=47,experts=[0,1,4,6]; c10:bw=52,experts=[0,1,4,5,6]; c17:bw=28,experts=[4,6]; c4:bw=28,experts=[4,6]; c5:bw=44,experts=[0,4,5,6]; c13:bw=10,experts=[4]; c0:bw=39,experts=[0,4,6]; c14:bw=34,experts=[4,6,7]","2.5044,2.3926,2.3817,2.6087,2.1256,3.1024,3.3469,3.9036,2.2242,3.2955,2.7454,3.8250,1.5467,1.2981,2.3546,3.4761,1.3572,4.2867,1.5646,4.0518"
54,2026-09-23 19:00:32,Ours,0.01,1.804188002460601,53.73,53.73,54,55.7864,0:55.79,54.346,0.2773,1.1609,2918.2215,48:38.22,20,"11,13,3,18,16,14,9,12,2,6,5,19,10,15,17,8,4,0,1,7",11:58;13:55;3:30;18:33;16:10;14:33;9:50;12:74;2:10;6:54;5:10;19:21;10:10;15:32;17:27;8:55;4:32;0:37;1:53;7:61,"11:[0,1,2,4,6];13:[1,2,4,5,6];3:[0,4,6];18:[0,4,6];16:[4];14:[0,4,6];9:[0,1,4,5,6];12:[0,1,2,4,5,6,7];2:[4];6:[0,1,4,5,6];5:[4];19:[4,7];10:[7];15:[0,4,6];17:[4,6];8:[0,1,4,5,6];4:[2,4,6];0:[0,4,6];1:[0,1,4,5,6];7:[0,1,2,4,5,6]","c11:bw=58,experts=[0,1,2,4,6]; c13:bw=55,experts=[1,2,4,5,6]; c3:bw=30,experts=[0,4,6]; c18:bw=33,experts=[0,4,6]; c16:bw=10,experts=[4]; c14:bw=33,experts=[0,4,6]; c9:bw=50,experts=[0,1,4,5,6]; c12:bw=74,experts=[0,1,2,4,5,6,7]; c2:bw=10,experts=[4]; c6:bw=54,experts=[0,1,4,5,6]; c5:bw=10,experts=[4]; c19:bw=21,experts=[4,7]; c10:bw=10,experts=[7]; c15:bw=32,experts=[0,4,6]; c17:bw=27,experts=[4,6]; c8:bw=55,experts=[0,1,4,5,6]; c4:bw=32,experts=[2,4,6]; c0:bw=37,experts=[0,4,6]; c1:bw=53,experts=[0,1,4,5,6]; c7:bw=61,experts=[0,1,2,4,5,6]","2.5014,4.3686,1.5499,3.2224,2.1909,4.0623,2.3833,2.6221,2.7172,2.1285,1.3417,3.8154,1.2823,3.1104,2.3423,2.3984,3.4976,1.5558,3.8800,3.3755"
55,2026-09-23 19:01:28,Ours,0.01,1.7706709573762862,54.17,54.17,55,55.8621,0:55.86,54.4046,0.2692,1.1813,2974.1106,49:34.11,20,"17,9,6,13,14,19,3,16,4,18,12,5,7,0,15,2,11,1,8,10",17:39;9:62;6:42;13:24;14:33;19:60;3:52;16:57;4:14;18:70;12:62;5:53;7:54;0:27;15:30;2:41;11:40;1:60;8:14;10:57,"17:[2,4,7];9:[0,1,2,4,5,6];6:[0,1,4,6];13:[4,6];14:[0,4,6];19:[0,1,2,4,5,6];3:[0,2,4,6,7];16:[0,2,4,5,6];4:[4];18:[0,1,2,4,5,6,7];12:[0,1,2,4,5,6];5:[0,1,4,6,7];7:[0,1,4,5,6];0:[4,6];15:[0,4,6];2:[0,1,4,6];11:[0,1,4,6];1:[0,1,2,4,5,6];8:[4];10:[0,1,4,5,6]","c17:bw=39,experts=[2,4,7]; c9:bw=62,experts=[0,1,2,4,5,6]; c6:bw=42,experts=[0,1,4,6]; c13:bw=24,experts=[4,6]; c14:bw=33,experts=[0,4,6]; c19:bw=60,experts=[0,1,2,4,5,6]; c3:bw=52,experts=[0,2,4,6,7]; c16:bw=57,experts=[0,2,4,5,6]; c4:bw=14,experts=[4]; c18:bw=70,experts=[0,1,2,4,5,6,7]; c12:bw=62,experts=[0,1,2,4,5,6]; c5:bw=53,experts=[0,1,4,6,7]; c7:bw=54,experts=[0,1,4,5,6]; c0:bw=27,experts=[4,6]; c15:bw=30,experts=[0,4,6]; c2:bw=41,experts=[0,1,4,6]; c11:bw=40,experts=[0,1,4,6]; c1:bw=60,experts=[0,1,2,4,5,6]; c8:bw=14,experts=[4]; c10:bw=57,experts=[0,1,4,5,6]","2.3749,2.3792,2.1431,4.3050,4.0788,3.8723,1.5428,2.2177,3.4683,3.2405,2.6213,1.3604,3.3726,1.5476,3.0987,2.7328,2.4895,3.8881,2.3727,1.2982"
56,2026-09-23 19:02:24,Ours,0.01,1.8706256609614456,52.47,54.17,55,55.6395,0:55.64,54.181,0.2705,1.1858,3029.8478,50:29.85,20,"19,14,17,15,10,0,5,4,2,11,6,16,7,1,8,9,12,3,13,18",19:10;14:42;17:10;15:35;10:20;0:70;5:31;4:10;2:53;11:26;6:23;16:42;7:18;1:56;8:13;9:52;12:38;3:10;13:18;18:54,"19:[3];14:[0,3,4,6];17:[3];15:[3,4,6];10:[3,4];0:[0,1,2,3,4,5,6];5:[3,4,6];4:[0];2:[0,3,4,6,7];11:[3,4];6:[3,7];16:[0,3,4,6];7:[3];1:[0,1,3,4,6];8:[3];9:[0,3,4,6,7];12:[3,4,6];3:[3];13:[3];18:[0,1,3,4,6]","c19:bw=10,experts=[3]; c14:bw=42,experts=[0,3,4,6]; c17:bw=10,experts=[3]; c15:bw=35,experts=[3,4,6]; c10:bw=20,experts=[3,4]; c0:bw=70,experts=[0,1,2,3,4,5,6]; c5:bw=31,experts=[3,4,6]; c4:bw=10,experts=[0]; c2:bw=53,experts=[0,3,4,6,7]; c11:bw=26,experts=[3,4]; c6:bw=23,experts=[3,7]; c16:bw=42,experts=[0,3,4,6]; c7:bw=18,experts=[3]; c1:bw=56,experts=[0,1,3,4,6]; c8:bw=13,experts=[3]; c9:bw=52,experts=[0,3,4,6,7]; c12:bw=38,experts=[3,4,6]; c3:bw=10,experts=[3]; c13:bw=18,experts=[3]; c18:bw=54,experts=[0,1,3,4,6]","3.8496,4.1094,2.3713,3.1310,1.2969,1.5848,1.3548,3.4409,2.7251,2.4724,2.0887,2.2049,3.3219,3.8868,2.3511,2.3545,2.5932,1.5132,4.3082,3.2224"
57,2026-09-23 19:03:19,Ours,0.01,1.7540162339020011,54.77,54.77,57,55.7017,0:55.70,54.2618,0.2771,1.1557,3085.577,51:25.58,20,"15,10,8,0,4,3,18,9,17,12,11,5,19,6,2,16,7,13,1,14",15:36;10:58;8:43;0:70;4:41;3:64;18:44;9:19;17:52;12:17;11:26;5:44;19:44;6:48;2:33;16:33;7:69;13:31;1:49;14:36,"15:[0,4,6];10:[0,1,2,4,6];8:[0,4,6,7];0:[0,1,2,4,5,6,7];4:[1,3,4,5];3:[0,1,2,4,5,6];18:[0,1,4,6];9:[4];17:[0,1,4,5,6];12:[4];11:[4,7];5:[0,2,4,6];19:[0,1,4,6];6:[0,1,4,6];2:[0,4,6];16:[0,4,6];7:[0,1,2,4,5,6];13:[4,6,7];1:[0,4,6,7];14:[1,4,5]","c15:bw=36,experts=[0,4,6]; c10:bw=58,experts=[0,1,2,4,6]; c8:bw=43,experts=[0,4,6,7]; c0:bw=70,experts=[0,1,2,4,5,6,7]; c4:bw=41,experts=[1,3,4,5]; c3:bw=64,experts=[0,1,2,4,5,6]; c18:bw=44,experts=[0,1,4,6]; c9:bw=19,experts=[4]; c17:bw=52,experts=[0,1,4,5,6]; c12:bw=17,experts=[4]; c11:bw=26,experts=[4,7]; c5:bw=44,experts=[0,2,4,6]; c19:bw=44,experts=[0,1,4,6]; c6:bw=48,experts=[0,1,4,6]; c2:bw=33,experts=[0,4,6]; c16:bw=33,experts=[0,4,6]; c7:bw=69,experts=[0,1,2,4,5,6]; c13:bw=31,experts=[4,6,7]; c1:bw=49,experts=[0,4,6,7]; c14:bw=36,experts=[1,4,5]","3.1099,1.3048,2.3849,1.5677,3.4936,1.5573,3.2216,2.3326,2.3587,2.5886,2.4803,1.3516,3.8359,2.1329,2.7361,2.2019,3.3635,4.3218,3.8546,4.0634"
58,2026-09-23 19:04:15,Ours,0.01,1.7666319210721895,54.74,54.77,57,55.7463,0:55.75,54.3093,0.2719,1.1627,3141.3501,52:21.35,20,"11,14,12,7,8,13,15,2,16,9,1,18,19,17,6,10,4,0,5,3",11:47;14:22;12:29;7:24;8:40;13:40;15:38;2:10;16:42;9:57;1:30;18:50;19:43;17:12;6:55;10:43;4:38;0:47;5:35;3:61,"11:[0,1,4,6];14:[4,6];12:[4,6];7:[4,6];8:[0,1,4,6];13:[0,1,4,6];15:[0,4,6];2:[2];16:[0,1,4,6];9:[0,1,4,5,6];1:[0,4,6];18:[0,1,4,5,6];19:[0,4,5,6];17:[4];6:[0,2,4,5,6];10:[0,1,4,6];4:[0,4,6];0:[0,1,4,6];5:[0,4,6];3:[0,1,2,4,5,6]","c11:bw=47,experts=[0,1,4,6]; c14:bw=22,experts=[4,6]; c12:bw=29,experts=[4,6]; c7:bw=24,experts=[4,6]; c8:bw=40,experts=[0,1,4,6]; c13:bw=40,experts=[0,1,4,6]; c15:bw=38,experts=[0,4,6]; c2:bw=10,experts=[2]; c16:bw=42,experts=[0,1,4,6]; c9:bw=57,experts=[0,1,4,5,6]; c1:bw=30,experts=[0,4,6]; c18:bw=50,experts=[0,1,4,5,6]; c19:bw=43,experts=[0,4,5,6]; c17:bw=12,experts=[4]; c6:bw=55,experts=[0,2,4,5,6]; c10:bw=43,experts=[0,1,4,6]; c4:bw=38,experts=[0,4,6]; c0:bw=47,experts=[0,1,4,6]; c5:bw=35,experts=[0,4,6]; c3:bw=61,experts=[0,1,2,4,5,6]","2.5118,4.0750,2.6075,3.3695,2.3914,4.3247,3.1075,2.7083,2.2160,2.3603,3.8617,3.2348,3.8236,2.3167,2.1417,1.2969,3.4899,1.5585,1.3604,1.5530"
59,2026-09-23 19:05:11,Ours,0.01,1.7420047580873075,55.32,55.32,59,55.6492,0:55.65,54.1896,0.2692,1.1844,3197.0277,53:17.03,20,"6,5,0,16,8,15,17,13,9,2,10,1,11,3,18,19,4,7,14,12",6:19;5:32;0:52;16:23;8:56;15:50;17:55;13:13;9:28;2:37;10:26;1:65;11:34;3:35;18:10;19:14;4:26;7:28;14:40;12:47,"6:[4];5:[0,4,6];0:[0,1,4,5,6];16:[4,6];8:[0,1,4,5,6];15:[0,1,4,5,6];17:[0,1,4,5,6];13:[4];9:[4,6];2:[0,4,6];10:[4,6];1:[0,1,2,4,5,6];11:[0,4,6];3:[0,4,6];18:[4];19:[4];4:[4,6];7:[4,6];14:[0,1,4,6];12:[0,1,4,6]","c6:bw=19,experts=[4]; c5:bw=32,experts=[0,4,6]; c0:bw=52,experts=[0,1,4,5,6]; c16:bw=23,experts=[4,6]; c8:bw=56,experts=[0,1,4,5,6]; c15:bw=50,experts=[0,1,4,5,6]; c17:bw=55,experts=[0,1,4,5,6]; c13:bw=13,experts=[4]; c9:bw=28,experts=[4,6]; c2:bw=37,experts=[0,4,6]; c10:bw=26,experts=[4,6]; c1:bw=65,experts=[0,1,2,4,5,6]; c11:bw=34,experts=[0,4,6]; c3:bw=35,experts=[0,4,6]; c18:bw=10,experts=[4]; c19:bw=14,experts=[4]; c4:bw=26,experts=[4,6]; c7:bw=28,experts=[4,6]; c14:bw=40,experts=[0,1,4,6]; c12:bw=47,experts=[0,1,4,6]","2.1356,1.3570,1.5692,2.2091,2.4004,3.1203,2.3622,4.2956,2.3331,2.7165,1.2815,3.8744,2.4744,1.5347,3.1943,3.8154,3.4801,3.3469,4.0692,2.6196"
60,2026-09-23 19:06:07,Ours,0.01,1.7351506816326108,55.65,55.65,60,55.784,0:55.78,54.3534,0.2779,1.1505,3252.8395,54:12.84,20,"4,8,13,15,2,3,11,0,1,14,12,19,18,6,17,16,5,7,9,10",4:30;8:24;13:59;15:51;2:30;3:44;11:40;0:53;1:54;14:42;12:16;19:60;18:26;6:59;17:39;16:63;5:33;7:48;9:10;10:10,"4:[4,6,7];8:[2,4];13:[0,1,4,5,6];15:[0,2,4,5,6];2:[0,4,6];3:[0,4,5,6];11:[1,4,5,6];0:[0,1,4,5,6];1:[0,1,4,5,6];14:[0,2,4,6];12:[4];19:[0,1,2,4,5,6];18:[4,6];6:[0,1,4,5,6];17:[0,4,6];16:[0,1,4,5,6,7];5:[0,4,6];7:[0,4,6,7];9:[4];10:[4]","c4:bw=30,experts=[4,6,7]; c8:bw=24,experts=[2,4]; c13:bw=59,experts=[0,1,4,5,6]; c15:bw=51,experts=[0,2,4,5,6]; c2:bw=30,experts=[0,4,6]; c3:bw=44,experts=[0,4,5,6]; c11:bw=40,experts=[1,4,5,6]; c0:bw=53,experts=[0,1,4,5,6]; c1:bw=54,experts=[0,1,4,5,6]; c14:bw=42,experts=[0,2,4,6]; c12:bw=16,experts=[4]; c19:bw=60,experts=[0,1,2,4,5,6]; c18:bw=26,experts=[4,6]; c6:bw=59,experts=[0,1,4,5,6]; c17:bw=39,experts=[0,4,6]; c16:bw=63,experts=[0,1,4,5,6,7]; c5:bw=33,experts=[0,4,6]; c7:bw=48,experts=[0,4,6,7]; c9:bw=10,experts=[4]; c10:bw=10,experts=[4]","3.5043,2.3940,4.3631,3.1280,2.7336,1.5516,2.4889,1.5679,3.8620,4.0550,2.5785,3.8444,3.2111,2.1485,2.3412,2.2264,1.3516,3.3577,2.3483,1.2974"
61,2026-09-23 19:07:03,Ours,0.01,1.7351484316535033,55.93,55.93,61,56.0126,0:56.01,54.5615,0.2726,1.1762,3308.8803,55:08.88,20,"3,6,1,13,19,0,10,15,12,18,2,5,8,17,14,11,16,9,7,4",3:43;6:37;1:33;13:34;19:52;0:60;10:11;15:16;12:27;18:50;2:29;5:49;8:55;17:46;14:38;11:39;16:38;9:38;7:43;4:38,"3:[0,4,5,6];6:[0,4,6];1:[0,4,6];13:[0,4,6];19:[0,1,4,5,6];0:[0,1,2,4,5,6];10:[4];15:[7];12:[4,6];18:[0,1,4,5,6];2:[4,5];5:[0,4,5,6];8:[0,1,4,5,6];17:[1,4,5,6];14:[4,6,7];11:[0,4,6];16:[0,4,6];9:[0,4,6];7:[0,1,4,6];4:[0,4,6]","c3:bw=43,experts=[0,4,5,6]; c6:bw=37,experts=[0,4,6]; c1:bw=33,experts=[0,4,6]; c13:bw=34,experts=[0,4,6]; c19:bw=52,experts=[0,1,4,5,6]; c0:bw=60,experts=[0,1,2,4,5,6]; c10:bw=11,experts=[4]; c15:bw=16,experts=[7]; c12:bw=27,experts=[4,6]; c18:bw=50,experts=[0,1,4,5,6]; c2:bw=29,experts=[4,5]; c5:bw=49,experts=[0,4,5,6]; c8:bw=55,experts=[0,1,4,5,6]; c17:bw=46,experts=[1,4,5,6]; c14:bw=38,experts=[4,6,7]; c11:bw=39,experts=[0,4,6]; c16:bw=38,experts=[0,4,6]; c9:bw=38,experts=[0,4,6]; c7:bw=43,experts=[0,1,4,6]; c4:bw=38,experts=[0,4,6]","1.5688,2.1558,3.9100,4.3588,3.8748,1.5809,1.2910,3.0811,2.6878,3.2342,2.7230,1.3656,2.3919,2.3582,4.0593,2.4833,2.2181,2.3507,3.3734,3.4947"
62,2026-09-23 19:07:58,Ours,0.01,1.7427623278878923,56.1,56.1,62,55.8654,0:55.87,54.3967,0.2755,1.191,3364.7742,56:04.77,20,"10,6,5,17,2,18,1,12,11,19,9,13,15,8,16,4,14,7,0,3",10:21;6:62;5:67;17:19;2:42;18:26;1:75;12:11;11:36;19:42;9:16;13:30;15:46;8:13;16:26;4:60;14:14;7:44;0:28;3:53,"10:[4,7];6:[0,1,2,4,5,6];5:[0,1,2,4,5,6];17:[4];2:[0,4,5,6];18:[4,6];1:[0,1,2,4,5,6,7];12:[7];11:[2,4,6];19:[0,4,6,7];9:[4];13:[2,4,6];15:[0,1,4,6];8:[4];16:[4,6];4:[0,1,2,4,5,6];14:[4];7:[0,4,5,6];0:[4,6];3:[0,1,4,5,6]","c10:bw=21,experts=[4,7]; c6:bw=62,experts=[0,1,2,4,5,6]; c5:bw=67,experts=[0,1,2,4,5,6]; c17:bw=19,experts=[4]; c2:bw=42,experts=[0,4,5,6]; c18:bw=26,experts=[4,6]; c1:bw=75,experts=[0,1,2,4,5,6,7]; c12:bw=11,experts=[7]; c11:bw=36,experts=[2,4,6]; c19:bw=42,experts=[0,4,6,7]; c9:bw=16,experts=[4]; c13:bw=30,experts=[2,4,6]; c15:bw=46,experts=[0,1,4,6]; c8:bw=13,experts=[4]; c16:bw=26,experts=[4,6]; c4:bw=60,experts=[0,1,2,4,5,6]; c14:bw=14,experts=[4]; c7:bw=44,experts=[0,4,5,6]; c0:bw=28,experts=[4,6]; c3:bw=53,experts=[0,1,4,5,6]","1.3083,2.1627,1.3696,2.3448,2.7487,3.2036,3.9256,2.6019,2.4804,3.8429,2.3284,4.3174,3.1115,2.3620,2.2150,3.5330,4.0461,3.3725,1.5599,1.5621"
63,2026-09-23 19:08:54,Ours,0.01,1.7288178335070505,56.5,56.5,63,55.9722,0:55.97,54.5347,0.2763,1.1589,3420.7756,57:00.78,20,"13,9,16,8,4,3,11,7,18,2,12,0,14,15,19,17,6,1,5,10",13:58;9:21;16:58;8:32;4:52;3:52;11:45;7:68;18:47;2:28;12:51;0:41;14:41;15:61;19:34;17:37;6:34;1:50;5:10;10:27,"13:[0,1,4,5,6];9:[2,4];16:[0,1,2,4,6];8:[0,4,6];4:[0,1,4,5,6];3:[0,4,5,6,7];11:[0,4,5,6];7:[0,1,2,4,5,6];18:[2,4,6,7];2:[1,4];12:[0,2,4,5,6];0:[0,1,4,6];14:[0,4,5,6];15:[0,1,2,4,5,6];19:[0,4,6];17:[2,4,7];6:[0,4,6];1:[0,1,4,5,6];5:[7];10:[4,5]","c13:bw=58,experts=[0,1,4,5,6]; c9:bw=21,experts=[2,4]; c16:bw=58,experts=[0,1,2,4,6]; c8:bw=32,experts=[0,4,6]; c4:bw=52,experts=[0,1,4,5,6]; c3:bw=52,experts=[0,4,5,6,7]; c11:bw=45,experts=[0,4,5,6]; c7:bw=68,experts=[0,1,2,4,5,6]; c18:bw=47,experts=[2,4,6,7]; c2:bw=28,experts=[1,4]; c12:bw=51,experts=[0,2,4,5,6]; c0:bw=41,experts=[0,1,4,6]; c14:bw=41,experts=[0,4,5,6]; c15:bw=61,experts=[0,1,2,4,5,6]; c19:bw=34,experts=[0,4,6]; c17:bw=37,experts=[2,4,7]; c6:bw=34,experts=[0,4,6]; c1:bw=50,experts=[0,1,4,5,6]; c5:bw=10,experts=[7]; c10:bw=27,experts=[4,5]","4.3840,2.3648,2.2449,2.3933,3.5220,1.5516,2.4879,3.3910,3.2282,2.7155,2.6275,1.5684,4.0829,3.1207,3.8318,2.3529,2.1369,3.9056,1.3316,1.2933"
64,2026-09-23 19:09:50,Ours,0.01,1.7404264031330208,56.09,56.5,63,55.9345,0:55.93,54.4988,0.2727,1.1608,3476.7384,57:56.74,20,"11,9,2,1,4,13,18,12,7,19,5,14,15,8,3,0,6,16,17,10",11:57;9:59;2:56;1:28;4:38;13:42;18:37;12:27;7:34;19:10;5:24;14:46;15:59;8:53;3:38;0:32;6:50;16:16;17:10;10:49,"11:[0,1,3,4,6];9:[0,3,4,6,7];2:[0,3,4,6,7];1:[3,4];4:[0,4,6];13:[0,3,4,6];18:[3,4,6];12:[3,4];7:[3,4,6];19:[3];5:[3,4];14:[0,3,4,6];15:[0,3,4,5,6];8:[0,3,4,5,6];3:[3,4,6];0:[3,4,6];6:[0,3,4,6,7];16:[3];17:[3];10:[0,3,4,6]","c11:bw=57,experts=[0,1,3,4,6]; c9:bw=59,experts=[0,3,4,6,7]; c2:bw=56,experts=[0,3,4,6,7]; c1:bw=28,experts=[3,4]; c4:bw=38,experts=[0,4,6]; c13:bw=42,experts=[0,3,4,6]; c18:bw=37,experts=[3,4,6]; c12:bw=27,experts=[3,4]; c7:bw=34,experts=[3,4,6]; c19:bw=10,experts=[3]; c5:bw=24,experts=[3,4]; c14:bw=46,experts=[0,3,4,6]; c15:bw=59,experts=[0,3,4,5,6]; c8:bw=53,experts=[0,3,4,5,6]; c3:bw=38,experts=[3,4,6]; c0:bw=32,experts=[3,4,6]; c6:bw=50,experts=[0,3,4,6,7]; c16:bw=16,experts=[3]; c17:bw=10,experts=[3]; c10:bw=49,experts=[0,3,4,6]","2.5125,2.3902,2.7552,3.9535,3.5166,4.3528,3.2280,2.5955,3.3663,3.8034,1.3490,4.0798,3.1225,2.3948,1.5352,1.5609,2.1449,2.2054,2.3326,1.2996"
65,2026-09-23 19:10:46,Ours,0.01,1.70641274636037,56.86,56.86,65,55.8244,0:55.82,54.375,0.2759,1.1713,3532.5922,58:52.59,20,"19,8,6,4,11,9,17,3,5,10,13,14,0,1,2,7,15,12,16,18",19:28;8:66;6:50;4:57;11:10;9:47;17:26;3:42;5:29;10:26;13:48;14:45;0:41;1:58;2:28;7:10;15:38;12:44;16:45;18:18,"19:[4,6];8:[0,1,4,5,6,7];6:[0,1,4,5,6];4:[0,3,4,5,6];11:[7];9:[0,4,5,6];17:[4,6];3:[0,4,5,6];5:[4,6];10:[2,4];13:[0,4,6,7];14:[0,1,4,6];0:[0,4,6,7];1:[0,1,4,5,6];2:[4,6];7:[4];15:[0,4,6];12:[0,4,5,6];16:[0,4,5,6];18:[4]","c19:bw=28,experts=[4,6]; c8:bw=66,experts=[0,1,4,5,6,7]; c6:bw=50,experts=[0,1,4,5,6]; c4:bw=57,experts=[0,3,4,5,6]; c11:bw=10,experts=[7]; c9:bw=47,experts=[0,4,5,6]; c17:bw=26,experts=[4,6]; c3:bw=42,experts=[0,4,5,6]; c5:bw=29,experts=[4,6]; c10:bw=26,experts=[2,4]; c13:bw=48,experts=[0,4,6,7]; c14:bw=45,experts=[0,1,4,6]; c0:bw=41,experts=[0,4,6,7]; c1:bw=58,experts=[0,1,4,5,6]; c2:bw=28,experts=[4,6]; c7:bw=10,experts=[4]; c15:bw=38,experts=[0,4,6]; c12:bw=44,experts=[0,4,5,6]; c16:bw=45,experts=[0,4,5,6]; c18:bw=18,experts=[4]","3.8541,2.4304,2.1532,3.5377,2.4828,2.3607,2.3509,1.5535,1.3429,1.2937,4.3285,4.0603,1.5696,3.8998,2.7253,3.3191,3.1044,2.6088,2.2136,3.1854"
66,2026-09-23 19:11:42,Ours,0.01,1.7024136047074176,56.92,56.92,66,55.9281,0:55.93,54.4843,0.2743,1.1672,3588.5496,59:48.55,20,"7,8,3,15,5,12,4,16,14,10,19,0,11,1,13,18,17,9,2,6",7:50;8:24;3:66;15:50;5:17;12:42;4:41;16:59;14:23;10:46;19:56;0:38;11:10;1:54;13:32;18:24;17:35;9:31;2:41;6:30,"7:[0,1,4,5,6];8:[4,6];3:[0,1,2,4,5,6];15:[0,1,4,5,6];5:[4];12:[0,1,4,6];4:[0,1,4,6];16:[0,1,4,5,6];14:[4,6];10:[0,1,4,6];19:[0,1,4,5,6];0:[0,4,6];11:[4];1:[0,1,4,5,6];13:[0,4,6];18:[4,6];17:[0,4,6];9:[1,4,6];2:[0,2,4,6];6:[0,4,6]","c7:bw=50,experts=[0,1,4,5,6]; c8:bw=24,experts=[4,6]; c3:bw=66,experts=[0,1,2,4,5,6]; c15:bw=50,experts=[0,1,4,5,6]; c5:bw=17,experts=[4]; c12:bw=42,experts=[0,1,4,6]; c4:bw=41,experts=[0,1,4,6]; c16:bw=59,experts=[0,1,4,5,6]; c14:bw=23,experts=[4,6]; c10:bw=46,experts=[0,1,4,6]; c19:bw=56,experts=[0,1,4,5,6]; c0:bw=38,experts=[0,4,6]; c11:bw=10,experts=[4]; c1:bw=54,experts=[0,1,4,5,6]; c13:bw=32,experts=[0,4,6]; c18:bw=24,experts=[4,6]; c17:bw=35,experts=[0,4,6]; c9:bw=31,experts=[1,4,6]; c2:bw=41,experts=[0,2,4,6]; c6:bw=30,experts=[0,4,6]","3.4278,2.4038,1.5641,3.1222,1.3555,2.6171,3.4914,2.2258,4.0497,1.2970,3.8522,1.5738,2.4691,3.8865,4.3222,3.2066,2.3640,2.3572,2.7692,2.1292"
67,2026-09-23 19:12:38,Ours,0.01,1.686242314047648,56.83,56.92,66,56.0493,0:56.05,54.6275,0.2693,1.1465,3644.6281,1:00:44.63,20,"6,17,13,18,8,3,10,5,9,12,15,1,19,11,0,16,2,4,14,7",6:53;17:48;13:39;18:31;8:10;3:25;10:36;5:48;9:60;12:44;15:49;1:36;19:14;11:43;0:32;16:53;2:43;4:51;14:18;7:59,"6:[0,1,4,5,6];17:[0,1,4,6];13:[0,4,6];18:[0,4,6];8:[4];3:[4,6];10:[1,4,6];5:[0,4,5,6];9:[0,1,2,4,5,6];12:[0,4,5,6];15:[0,1,4,6];1:[0,4,6];19:[4];11:[0,1,4,6];0:[0,4,6];16:[0,1,4,5,6];2:[0,1,4,6];4:[0,1,4,5,6];14:[4];7:[0,1,4,5,6]","c6:bw=53,experts=[0,1,4,5,6]; c17:bw=48,experts=[0,1,4,6]; c13:bw=39,experts=[0,4,6]; c18:bw=31,experts=[0,4,6]; c8:bw=10,experts=[4]; c3:bw=25,experts=[4,6]; c10:bw=36,experts=[1,4,6]; c5:bw=48,experts=[0,4,5,6]; c9:bw=60,experts=[0,1,2,4,5,6]; c12:bw=44,experts=[0,4,5,6]; c15:bw=49,experts=[0,1,4,6]; c1:bw=36,experts=[0,4,6]; c19:bw=14,experts=[4]; c11:bw=43,experts=[0,1,4,6]; c0:bw=32,experts=[0,4,6]; c16:bw=53,experts=[0,1,4,5,6]; c2:bw=43,experts=[0,1,4,6]; c4:bw=51,experts=[0,1,4,5,6]; c14:bw=18,experts=[4]; c7:bw=59,experts=[0,1,4,5,6]","2.1626,2.3889,4.3698,3.2547,2.3773,1.5514,1.2967,1.4372,2.3756,2.6187,3.1202,3.8812,3.8185,2.4886,1.5672,2.2306,2.7470,3.5129,4.0589,3.3696"
68,2026-09-23 19:13:34,Ours,0.01,1.6973446667817629,56.82,56.92,66,55.9784,0:55.98,54.5358,0.2798,1.1604,3700.6601,1:01:40.66,20,"7,12,18,19,5,1,8,11,3,10,2,4,14,0,16,9,6,17,15,13",7:28;12:67;18:54;19:28;5:45;1:42;8:31;11:14;3:26;10:31;2:58;4:49;14:10;0:30;16:54;9:15;6:32;17:72;15:28;13:35,"7:[4,7];12:[0,1,2,4,5,6];18:[0,1,4,5,6];19:[2,4];5:[0,1,4,6];1:[0,1,4,6];8:[2,4,6];11:[4];3:[4,6];10:[0,4,6];2:[0,1,4,5,6];4:[4,5,6,7];14:[2];0:[0,4,6];16:[0,4,5,6,7];9:[4];6:[0,4,6];17:[0,1,2,4,5,6,7];15:[4,6];13:[0,4,6]","c7:bw=28,experts=[4,7]; c12:bw=67,experts=[0,1,2,4,5,6]; c18:bw=54,experts=[0,1,4,5,6]; c19:bw=28,experts=[2,4]; c5:bw=45,experts=[0,1,4,6]; c1:bw=42,experts=[0,1,4,6]; c8:bw=31,experts=[2,4,6]; c11:bw=14,experts=[4]; c3:bw=26,experts=[4,6]; c10:bw=31,experts=[0,4,6]; c2:bw=58,experts=[0,1,4,5,6]; c4:bw=49,experts=[4,5,6,7]; c14:bw=10,experts=[2]; c0:bw=30,experts=[0,4,6]; c16:bw=54,experts=[0,4,5,6,7]; c9:bw=15,experts=[4]; c6:bw=32,experts=[0,4,6]; c17:bw=72,experts=[0,1,2,4,5,6,7]; c15:bw=28,experts=[4,6]; c13:bw=35,experts=[0,4,6]","3.3857,2.6400,3.2609,3.8479,1.3672,3.9051,2.4033,2.4832,1.5473,1.3051,2.7501,3.5077,4.0527,1.5724,2.2227,2.3272,2.1395,2.3775,3.0997,4.3406"
69,2026-09-23 19:14:30,Ours,0.01,1.6701068221535382,57.98,57.98,69,55.945,0:55.94,54.5049,0.2728,1.1612,3756.6361,1:02:36.64,20,"12,17,15,13,16,0,8,7,5,18,4,3,11,14,6,2,1,9,10,19",12:10;17:48;15:20;13:67;16:60;0:52;8:42;7:58;5:39;18:10;4:41;3:41;11:45;14:37;6:26;2:66;1:31;9:35;10:16;19:43,"12:[4];17:[0,1,4,6];15:[4,7];13:[0,1,2,4,5,6];16:[0,1,2,4,5,6];0:[0,2,4,5,6];8:[0,1,4,6];7:[0,1,4,5,6];5:[0,4,6];18:[4];4:[0,4,5,6];3:[0,4,5,6];11:[0,1,4,6];14:[4,6,7];6:[4,6];2:[0,1,2,4,5,6];1:[0,4,6];9:[0,4,6];10:[4];19:[0,4,5,6]","c12:bw=10,experts=[4]; c17:bw=48,experts=[0,1,4,6]; c15:bw=20,experts=[4,7]; c13:bw=67,experts=[0,1,2,4,5,6]; c16:bw=60,experts=[0,1,2,4,5,6]; c0:bw=52,experts=[0,2,4,5,6]; c8:bw=42,experts=[0,1,4,6]; c7:bw=58,experts=[0,1,4,5,6]; c5:bw=39,experts=[0,4,6]; c18:bw=10,experts=[4]; c4:bw=41,experts=[0,4,5,6]; c3:bw=41,experts=[0,4,5,6]; c11:bw=45,experts=[0,1,4,6]; c14:bw=37,experts=[4,6,7]; c6:bw=26,experts=[4,6]; c2:bw=66,experts=[0,1,2,4,5,6]; c1:bw=31,experts=[0,4,6]; c9:bw=35,experts=[0,4,6]; c10:bw=16,experts=[4]; c19:bw=43,experts=[0,4,5,6]","2.6131,2.3735,3.1115,4.3688,2.2413,1.5867,2.3997,3.3736,1.3511,3.1884,3.5091,1.5462,2.4970,4.0803,2.1247,2.7603,3.8633,2.3552,1.2838,3.8773"
70,2026-09-23 19:15:27,Ours,0.01,1.6670965713507886,57.62,57.98,69,56.2639,0:56.26,54.8358,0.271,1.1548,3812.9298,1:03:32.93,20,"5,17,3,10,12,15,19,4,18,7,8,14,2,1,0,6,13,9,16,11",5:23;17:41;3:32;10:58;12:40;15:75;19:37;4:58;18:63;7:28;8:48;14:10;2:55;1:24;0:30;6:26;13:33;9:10;16:67;11:53,"5:[2,4];17:[0,1,4,6];3:[0,4,6];10:[0,1,4,6,7];12:[0,4,6,7];15:[0,1,2,4,5,6,7];19:[4,6,7];4:[0,1,2,4,6];18:[0,1,2,4,5,6];7:[4,6];8:[0,1,4,6];14:[4];2:[0,1,4,5,6];1:[2,7];0:[0,4,6];6:[2,4];13:[0,4,6];9:[4];16:[0,1,2,4,5,6];11:[0,1,2,4,6]","c5:bw=23,experts=[2,4]; c17:bw=41,experts=[0,1,4,6]; c3:bw=32,experts=[0,4,6]; c10:bw=58,experts=[0,1,4,6,7]; c12:bw=40,experts=[0,4,6,7]; c15:bw=75,experts=[0,1,2,4,5,6,7]; c19:bw=37,experts=[4,6,7]; c4:bw=58,experts=[0,1,2,4,6]; c18:bw=63,experts=[0,1,2,4,5,6]; c7:bw=28,experts=[4,6]; c8:bw=48,experts=[0,1,4,6]; c14:bw=10,experts=[4]; c2:bw=55,experts=[0,1,4,5,6]; c1:bw=24,experts=[2,7]; c0:bw=30,experts=[0,4,6]; c6:bw=26,experts=[2,4]; c13:bw=33,experts=[0,4,6]; c9:bw=10,experts=[4]; c16:bw=67,experts=[0,1,2,4,5,6]; c11:bw=53,experts=[0,1,2,4,6]","1.3663,2.3884,1.5519,1.3140,2.6201,3.1432,3.8568,3.5281,3.2518,3.3710,2.4031,4.0471,2.7638,3.9041,1.5607,2.1300,4.3202,2.3543,2.4613,2.4997"
71,2026-09-23 19:16:23,Ours,0.01,1.6802755694251104,57.46,57.98,69,55.9664,0:55.97,54.5174,0.2747,1.172,3868.9274,1:04:28.93,20,"6,19,2,11,16,7,13,0,14,15,8,3,9,17,18,5,10,4,1,12",6:50;19:54;2:61;11:44;16:19;7:20;13:25;0:16;14:10;15:28;8:39;3:62;9:40;17:61;18:45;5:33;10:69;4:42;1:52;12:43,"6:[0,1,4,5,6];19:[0,1,4,5,6];2:[0,1,2,4,5,6];11:[0,4,5,6];16:[4];7:[2,4];13:[4,6];0:[1];14:[5];15:[4,6];8:[0,4,6];3:[0,1,4,5,6,7];9:[0,4,5,6];17:[0,1,2,4,5,6];18:[0,4,6,7];5:[4,6,7];10:[0,1,2,4,5,6];4:[1,4,5,6];1:[0,1,2,4,6];12:[0,4,5,6]","c6:bw=50,experts=[0,1,4,5,6]; c19:bw=54,experts=[0,1,4,5,6]; c2:bw=61,experts=[0,1,2,4,5,6]; c11:bw=44,experts=[0,4,5,6]; c16:bw=19,experts=[4]; c7:bw=20,experts=[2,4]; c13:bw=25,experts=[4,6]; c0:bw=16,experts=[1]; c14:bw=10,experts=[5]; c15:bw=28,experts=[4,6]; c8:bw=39,experts=[0,4,6]; c3:bw=62,experts=[0,1,4,5,6,7]; c9:bw=40,experts=[0,4,5,6]; c17:bw=61,experts=[0,1,2,4,5,6]; c18:bw=45,experts=[0,4,6,7]; c5:bw=33,experts=[4,6,7]; c10:bw=69,experts=[0,1,2,4,5,6]; c4:bw=42,experts=[1,4,5,6]; c1:bw=52,experts=[0,1,2,4,6]; c12:bw=43,experts=[0,4,5,6]","2.1673,3.8818,2.7717,2.5049,2.2163,3.3500,4.3220,1.5721,4.0579,3.0929,2.3959,1.5674,2.3602,2.3737,3.2174,1.3429,1.3046,3.4861,3.9057,2.6265"
72,2026-09-23 19:17:18,Ours,0.01,1.6923252619626326,57.38,57.98,69,55.8533,0:55.85,54.4304,0.2702,1.1505,3924.8124,1:05:24.81,20,"2,10,13,17,15,16,18,3,14,0,19,6,4,8,12,11,1,7,5,9",2:23;10:28;13:54;17:18;15:41;16:46;18:29;3:23;14:43;0:52;19:32;6:19;4:39;8:30;12:28;11:10;1:39;7:48;5:43;9:38,"2:[3,7];10:[3,4];13:[0,1,3,4,6];17:[3];15:[0,3,4,6];16:[0,3,4,6];18:[3,4];3:[3,4];14:[0,3,4,6];0:[0,1,3,4,6];19:[3,4,6];6:[3];4:[0,4,6];8:[3,4,6];12:[3,4];11:[3];1:[3,4,6];7:[0,3,4,6];5:[0,3,4,6];9:[3,4,7]","c2:bw=23,experts=[3,7]; c10:bw=28,experts=[3,4]; c13:bw=54,experts=[0,1,3,4,6]; c17:bw=18,experts=[3]; c15:bw=41,experts=[0,3,4,6]; c16:bw=46,experts=[0,3,4,6]; c18:bw=29,experts=[3,4]; c3:bw=23,experts=[3,4]; c14:bw=43,experts=[0,3,4,6]; c0:bw=52,experts=[0,1,3,4,6]; c19:bw=32,experts=[3,4,6]; c6:bw=19,experts=[3]; c4:bw=39,experts=[0,4,6]; c8:bw=30,experts=[3,4,6]; c12:bw=28,experts=[3,4]; c11:bw=10,experts=[3]; c1:bw=39,experts=[3,4,6]; c7:bw=48,experts=[0,3,4,6]; c5:bw=43,experts=[0,3,4,6]; c9:bw=38,experts=[3,4,7]","2.7699,1.2993,4.3678,2.3585,3.1206,2.2149,3.2270,1.5430,4.0701,1.5708,3.8231,2.1165,3.5040,2.3902,2.6027,2.4888,3.8826,3.3623,1.3538,2.3645"
73,2026-09-23 19:18:14,Ours,0.01,1.6674790584407237,57.77,57.98,69,55.8525,0:55.85,54.4282,0.2698,1.1478,3980.6966,1:06:20.70,20,"8,11,12,13,4,9,1,5,2,15,6,14,19,17,16,7,10,3,18,0",8:11;11:46;12:37;13:50;4:41;9:52;1:66;5:17;2:47;15:47;6:20;14:16;19:10;17:17;16:61;7:37;10:42;3:40;18:34;0:28,"8:[5];11:[1,4,6,7];12:[0,4,6];13:[0,4,5,6,7];4:[0,3,4,6];9:[0,1,4,5,6];1:[0,1,2,4,5,6];5:[4];2:[0,1,4,6];15:[0,1,4,6];6:[4,7];14:[1];19:[4];17:[4];16:[0,1,2,4,5,6];7:[0,4,6];10:[0,4,5,6];3:[0,1,4,6];18:[0,4,6];0:[4,7]","c8:bw=11,experts=[5]; c11:bw=46,experts=[1,4,6,7]; c12:bw=37,experts=[0,4,6]; c13:bw=50,experts=[0,4,5,6,7]; c4:bw=41,experts=[0,3,4,6]; c9:bw=52,experts=[0,1,4,5,6]; c1:bw=66,experts=[0,1,2,4,5,6]; c5:bw=17,experts=[4]; c2:bw=47,experts=[0,1,4,6]; c15:bw=47,experts=[0,1,4,6]; c6:bw=20,experts=[4,7]; c14:bw=16,experts=[1]; c19:bw=10,experts=[4]; c17:bw=17,experts=[4]; c16:bw=61,experts=[0,1,2,4,5,6]; c7:bw=37,experts=[0,4,6]; c10:bw=42,experts=[0,4,5,6]; c3:bw=40,experts=[0,1,4,6]; c18:bw=34,experts=[0,4,6]; c0:bw=28,experts=[4,7]","2.3899,2.5034,2.6147,4.3765,3.5143,2.3613,3.9051,1.3549,2.7554,3.1221,2.1319,4.0659,3.8073,2.3371,2.2378,3.3375,1.2886,1.5446,3.2236,1.5563"
74,2026-09-23 19:19:10,Ours,0.01,1.6592216536160787,58.07,58.07,74,55.9785,0:55.98,54.5469,0.2793,1.1501,4036.7075,1:07:16.71,20,"9,17,19,7,5,6,15,4,11,8,1,18,12,16,13,0,10,2,14,3",9:32;17:62;19:20;7:65;5:50;6:10;15:50;4:47;11:37;8:28;1:28;18:60;12:10;16:48;13:42;0:40;10:25;2:10;14:32;3:10,"9:[0,4,6];17:[0,1,2,4,5,6];19:[4,6];7:[0,1,2,4,5,6];5:[0,1,4,5,6];6:[4];15:[0,1,4,5,6];4:[0,4,5,6];11:[0,4,6];8:[4,7];1:[4,6];18:[0,1,2,4,5,6];12:[4];16:[0,1,4,6];13:[0,4,5,6];0:[0,1,4,6];10:[4,6];2:[4];14:[0,4,6];3:[2]","c9:bw=32,experts=[0,4,6]; c17:bw=62,experts=[0,1,2,4,5,6]; c19:bw=20,experts=[4,6]; c7:bw=65,experts=[0,1,2,4,5,6]; c5:bw=50,experts=[0,1,4,5,6]; c6:bw=10,experts=[4]; c15:bw=50,experts=[0,1,4,5,6]; c4:bw=47,experts=[0,4,5,6]; c11:bw=37,experts=[0,4,6]; c8:bw=28,experts=[4,7]; c1:bw=28,experts=[4,6]; c18:bw=60,experts=[0,1,2,4,5,6]; c12:bw=10,experts=[4]; c16:bw=48,experts=[0,1,4,6]; c13:bw=42,experts=[0,4,5,6]; c0:bw=40,experts=[0,1,4,6]; c10:bw=25,experts=[4,6]; c2:bw=10,experts=[4]; c14:bw=32,experts=[0,4,6]; c3:bw=10,experts=[2]","2.4430,2.3940,3.8469,3.4079,1.3636,2.1137,3.1332,3.5114,2.4852,2.3873,3.8706,3.2562,2.5941,2.2241,4.3429,1.5650,1.2959,2.7326,4.0491,1.5299"
75,2026-09-23 19:20:06,Ours,0.01,1.6372302776894734,58.41,58.41,75,55.9106,0:55.91,54.4627,0.2724,1.1732,4092.65,1:08:12.65,20,"8,0,17,16,18,12,19,3,13,5,14,11,4,1,15,2,6,9,7,10",8:53;0:60;17:43;16:46;18:68;12:40;19:19;3:20;13:46;5:31;14:60;11:42;4:56;1:54;15:20;2:40;6:56;9:61;7:28;10:23,"8:[0,1,2,4,6];0:[0,1,2,4,5,6];17:[0,1,4,6];16:[0,4,5,6];18:[0,1,2,4,5,6];12:[0,1,4,6];19:[4];3:[4,6];13:[0,1,4,6];5:[0,4,6];14:[0,1,2,4,5,6];11:[0,1,4,6];4:[0,1,4,5,6];1:[0,1,4,5,6];15:[4,6];2:[0,1,4,6];6:[0,1,4,5,6];9:[0,1,2,4,5,6];7:[4,6];10:[4,6]","c8:bw=53,experts=[0,1,2,4,6]; c0:bw=60,experts=[0,1,2,4,5,6]; c17:bw=43,experts=[0,1,4,6]; c16:bw=46,experts=[0,4,5,6]; c18:bw=68,experts=[0,1,2,4,5,6]; c12:bw=40,experts=[0,1,4,6]; c19:bw=19,experts=[4]; c3:bw=20,experts=[4,6]; c13:bw=46,experts=[0,1,4,6]; c5:bw=31,experts=[0,4,6]; c14:bw=60,experts=[0,1,2,4,5,6]; c11:bw=42,experts=[0,1,4,6]; c4:bw=56,experts=[0,1,4,5,6]; c1:bw=54,experts=[0,1,4,5,6]; c15:bw=20,experts=[4,6]; c2:bw=40,experts=[0,1,4,6]; c6:bw=56,experts=[0,1,4,5,6]; c9:bw=61,experts=[0,1,2,4,5,6]; c7:bw=28,experts=[4,6]; c10:bw=23,experts=[4,6]","2.4222,1.5869,2.3793,2.2368,3.2217,2.6040,3.8030,1.5354,4.3389,1.3532,4.0874,2.4855,3.5013,3.8946,3.0802,2.7565,2.1517,2.3733,3.3581,1.2928"
76,2026-09-23 19:21:02,Ours,0.01,1.6359834100668873,58.52,58.52,76,55.946,0:55.95,54.4793,0.2757,1.1887,4148.6283,1:09:08.63,20,"12,3,15,1,18,8,5,10,6,0,4,17,2,7,13,11,14,19,9,16",12:21;3:15;15:42;1:53;18:39;8:29;5:37;10:46;6:23;0:31;4:60;17:33;2:25;7:66;13:39;11:42;14:22;19:44;9:57;16:39,"12:[2,4];3:[4];15:[0,1,4,6];1:[0,1,4,5,6];18:[0,4,6];8:[4,6];5:[0,4,6];10:[0,1,4,6];6:[4,6];0:[0,4,6];4:[0,1,4,5,6,7];17:[4,6,7];2:[4,6];7:[0,1,4,5,6,7];13:[0,4,6];11:[0,1,4,6];14:[4,6];19:[0,2,4,6];9:[0,1,4,5,6];16:[4,6,7]","c12:bw=21,experts=[2,4]; c3:bw=15,experts=[4]; c15:bw=42,experts=[0,1,4,6]; c1:bw=53,experts=[0,1,4,5,6]; c18:bw=39,experts=[0,4,6]; c8:bw=29,experts=[4,6]; c5:bw=37,experts=[0,4,6]; c10:bw=46,experts=[0,1,4,6]; c6:bw=23,experts=[4,6]; c0:bw=31,experts=[0,4,6]; c4:bw=60,experts=[0,1,4,5,6,7]; c17:bw=33,experts=[4,6,7]; c2:bw=25,experts=[4,6]; c7:bw=66,experts=[0,1,4,5,6,7]; c13:bw=39,experts=[0,4,6]; c11:bw=42,experts=[0,1,4,6]; c14:bw=22,experts=[4,6]; c19:bw=44,experts=[0,2,4,6]; c9:bw=57,experts=[0,1,4,5,6]; c16:bw=39,experts=[4,6,7]","2.6138,1.5581,3.1243,3.9163,3.2277,2.3752,1.3591,1.2999,2.1270,1.5817,3.5066,2.3529,2.7262,3.4026,4.3239,2.4965,4.0565,3.8448,2.3691,2.2172"
77,2026-09-23 19:21:58,Ours,0.01,1.6280806131325718,58.52,58.52,76,55.985,0:55.98,54.5546,0.2758,1.1523,4204.6453,1:10:04.65,20,"7,3,17,2,10,18,11,1,5,4,16,13,0,6,9,15,19,12,8,14",7:10;3:40;17:37;2:34;10:39;18:31;11:28;1:62;5:59;4:10;16:34;13:37;0:63;6:57;9:29;15:43;19:37;12:46;8:10;14:64,"7:[4];3:[0,1,4,6];17:[1,4,6];2:[0,4,6];10:[0,4,6];18:[0,4,6];11:[4,6];1:[0,1,2,4,5,6];5:[0,1,4,5,6];4:[4];16:[0,4,6];13:[2,4,6];0:[0,1,2,4,5,6];6:[0,1,4,5,6];9:[4,6];15:[0,1,4,6];19:[1,4,6];12:[0,4,5,6];8:[4];14:[0,1,4,5,6,7]","c7:bw=10,experts=[4]; c3:bw=40,experts=[0,1,4,6]; c17:bw=37,experts=[1,4,6]; c2:bw=34,experts=[0,4,6]; c10:bw=39,experts=[0,4,6]; c18:bw=31,experts=[0,4,6]; c11:bw=28,experts=[4,6]; c1:bw=62,experts=[0,1,2,4,5,6]; c5:bw=59,experts=[0,1,4,5,6]; c4:bw=10,experts=[4]; c16:bw=34,experts=[0,4,6]; c13:bw=37,experts=[2,4,6]; c0:bw=63,experts=[0,1,2,4,5,6]; c6:bw=57,experts=[0,1,4,5,6]; c9:bw=29,experts=[4,6]; c15:bw=43,experts=[0,1,4,6]; c19:bw=37,experts=[1,4,6]; c12:bw=46,experts=[0,4,5,6]; c8:bw=10,experts=[4]; c14:bw=64,experts=[0,1,4,5,6,7]","3.3738,1.5706,2.3828,2.7615,1.3161,3.2133,2.4835,3.9029,1.3611,3.4736,2.2115,4.3287,1.5869,2.1508,2.3639,3.1221,3.8350,2.6336,2.3785,4.1045"
78,2026-09-23 19:22:54,Ours,0.01,1.6261830552530903,58.87,58.87,78,56.0613,0:56.06,54.6174,0.2681,1.1735,4260.739,1:11:00.74,20,"5,11,13,8,14,4,12,3,19,18,0,16,9,10,1,2,6,17,7,15",5:63;11:37;13:59;8:54;14:52;4:23;12:31;3:38;19:12;18:35;0:26;16:44;9:31;10:59;1:41;2:34;6:57;17:31;7:36;15:38,"5:[0,1,2,4,5,6];11:[2,4,6];13:[0,1,4,5,6];8:[0,1,4,5,6];14:[0,1,4,5,6];4:[2,4];12:[4,6,7];3:[0,4,6];19:[7];18:[0,4,6];0:[4,6];16:[0,1,4,6];9:[0,4,6];10:[0,1,4,6,7];1:[0,4,6,7];2:[0,4,6];6:[1,2,4,5,6];17:[0,4,6];7:[0,4,6];15:[2,4,7]","c5:bw=63,experts=[0,1,2,4,5,6]; c11:bw=37,experts=[2,4,6]; c13:bw=59,experts=[0,1,4,5,6]; c8:bw=54,experts=[0,1,4,5,6]; c14:bw=52,experts=[0,1,4,5,6]; c4:bw=23,experts=[2,4]; c12:bw=31,experts=[4,6,7]; c3:bw=38,experts=[0,4,6]; c19:bw=12,experts=[7]; c18:bw=35,experts=[0,4,6]; c0:bw=26,experts=[4,6]; c16:bw=44,experts=[0,1,4,6]; c9:bw=31,experts=[0,4,6]; c10:bw=59,experts=[0,1,4,6,7]; c1:bw=41,experts=[0,4,6,7]; c2:bw=34,experts=[0,4,6]; c6:bw=57,experts=[1,2,4,5,6]; c17:bw=31,experts=[0,4,6]; c7:bw=36,experts=[0,4,6]; c15:bw=38,experts=[2,4,7]","1.3855,2.5145,4.3836,2.4262,4.1150,3.4944,2.6179,1.5586,3.8292,3.2217,1.5506,2.2283,2.3595,1.2983,3.8809,2.7416,2.1455,2.3624,3.3933,3.1104"
79,2026-09-23 19:23:51,Ours,0.01,1.6456638005370707,58.5,58.87,78,56.2041,0:56.20,54.7644,0.2668,1.1707,4316.9762,1:11:56.98,20,"2,10,17,18,13,9,4,15,16,1,8,5,12,3,0,19,14,6,11,7",2:33;10:34;17:58;18:12;13:43;9:10;4:80;15:54;16:59;1:37;8:44;5:53;12:10;3:26;0:36;19:26;14:62;6:21;11:32;7:46,"2:[2,4,5];10:[2,4,6];17:[0,1,4,5,6];18:[7];13:[0,4,5,6];9:[4];4:[0,1,2,3,4,5,6,7];15:[0,1,4,5,6];16:[0,1,4,5,6];1:[0,4,6];8:[0,1,4,6];5:[0,4,5,6,7];12:[4];3:[5,7];0:[0,4,6];19:[4,5];14:[0,1,2,4,5,6];6:[4,6];11:[4,5,6];7:[0,1,4,6]","c2:bw=33,experts=[2,4,5]; c10:bw=34,experts=[2,4,6]; c17:bw=58,experts=[0,1,4,5,6]; c18:bw=12,experts=[7]; c13:bw=43,experts=[0,4,5,6]; c9:bw=10,experts=[4]; c4:bw=80,experts=[0,1,2,3,4,5,6,7]; c15:bw=54,experts=[0,1,4,5,6]; c16:bw=59,experts=[0,1,4,5,6]; c1:bw=37,experts=[0,4,6]; c8:bw=44,experts=[0,1,4,6]; c5:bw=53,experts=[0,4,5,6,7]; c12:bw=10,experts=[4]; c3:bw=26,experts=[5,7]; c0:bw=36,experts=[0,4,6]; c19:bw=26,experts=[4,5]; c14:bw=62,experts=[0,1,2,4,5,6]; c6:bw=21,experts=[4,6]; c11:bw=32,experts=[4,5,6]; c7:bw=46,experts=[0,1,4,6]","2.7595,1.3049,2.3939,3.2306,4.3619,2.3534,3.5403,3.1221,2.2451,3.9023,2.4055,1.3618,2.6076,1.5357,1.5738,3.8517,4.1139,2.1342,2.5816,3.3848"
80,2026-09-23 19:24:47,Ours,0.01,1.6520179849549206,59.09,59.09,80,56.093,0:56.09,54.6575,0.2767,1.1566,4373.1016,1:12:53.10,20,"13,8,5,14,11,7,18,15,4,0,3,6,10,19,17,16,12,1,9,2",13:39;8:51;5:65;14:30;11:62;7:48;18:13;15:41;4:57;0:47;3:31;6:39;10:18;19:35;17:61;16:44;12:10;1:31;9:53;2:44,"13:[3,4,6];8:[0,1,3,4,6];5:[0,1,3,4,5,6];14:[3,4,6];11:[0,1,3,4,5,6];7:[0,3,4,6];18:[3];15:[0,3,4,6];4:[0,1,4,5,6];0:[0,3,4,6];3:[3,4,6];6:[3,4,6];10:[3];19:[3,4,6];17:[0,1,3,4,5,6];16:[0,3,4,6];12:[3];1:[3,4,6];9:[0,3,4,6,7];2:[3,4,6,7]","c13:bw=39,experts=[3,4,6]; c8:bw=51,experts=[0,1,3,4,6]; c5:bw=65,experts=[0,1,3,4,5,6]; c14:bw=30,experts=[3,4,6]; c11:bw=62,experts=[0,1,3,4,5,6]; c7:bw=48,experts=[0,3,4,6]; c18:bw=13,experts=[3]; c15:bw=41,experts=[0,3,4,6]; c4:bw=57,experts=[0,1,4,5,6]; c0:bw=47,experts=[0,3,4,6]; c3:bw=31,experts=[3,4,6]; c6:bw=39,experts=[3,4,6]; c10:bw=18,experts=[3]; c19:bw=35,experts=[3,4,6]; c17:bw=61,experts=[0,1,3,4,5,6]; c16:bw=44,experts=[0,3,4,6]; c12:bw=10,experts=[3]; c1:bw=31,experts=[3,4,6]; c9:bw=53,experts=[0,3,4,6,7]; c2:bw=44,experts=[3,4,6,7]","4.3623,2.4084,1.3731,4.1047,2.5357,3.3918,3.1998,3.1329,3.5399,1.5740,1.5501,2.1349,1.2935,3.8637,2.3805,2.2362,2.6010,3.8624,2.3766,2.7359"
81,2026-09-23 19:25:43,Ours,0.01,1.6086750188702648,59.22,59.22,81,56.304,0:56.30,54.8616,0.2733,1.1668,4429.44,1:13:49.44,20,"9,10,5,15,19,8,14,17,18,11,3,1,7,13,12,2,16,0,4,6",9:26;10:44;5:30;15:65;19:52;8:48;14:46;17:27;18:60;11:22;3:67;1:49;7:58;13:21;12:75;2:45;16:35;0:50;4:42;6:51,"9:[4,6];10:[0,4,5,6];5:[0,4,6];15:[0,1,2,4,5,6];19:[0,1,4,5,6];8:[0,1,4,6];14:[0,1,4,6];17:[4,6];18:[0,1,2,4,5,6];11:[4,7];3:[0,1,2,4,5,6];1:[0,1,4,6];7:[0,1,4,5,6];13:[4,7];12:[0,1,2,4,5,6,7];2:[0,4,5,6];16:[2,4,6];0:[0,1,4,6,7];4:[0,1,4,6];6:[0,1,4,6,7]","c9:bw=26,experts=[4,6]; c10:bw=44,experts=[0,4,5,6]; c5:bw=30,experts=[0,4,6]; c15:bw=65,experts=[0,1,2,4,5,6]; c19:bw=52,experts=[0,1,4,5,6]; c8:bw=48,experts=[0,1,4,6]; c14:bw=46,experts=[0,1,4,6]; c17:bw=27,experts=[4,6]; c18:bw=60,experts=[0,1,2,4,5,6]; c11:bw=22,experts=[4,7]; c3:bw=67,experts=[0,1,2,4,5,6]; c1:bw=49,experts=[0,1,4,6]; c7:bw=58,experts=[0,1,4,5,6]; c13:bw=21,experts=[4,7]; c12:bw=75,experts=[0,1,2,4,5,6,7]; c2:bw=45,experts=[0,4,5,6]; c16:bw=35,experts=[2,4,6]; c0:bw=50,experts=[0,1,4,6,7]; c4:bw=42,experts=[0,1,4,6]; c6:bw=51,experts=[0,1,4,6,7]","2.3832,1.3166,1.3693,3.1596,3.8974,2.4308,4.0999,2.3708,3.2707,2.5056,1.5569,3.8890,3.3955,4.3275,2.6476,2.7651,2.2243,1.5849,3.5201,2.1468"
82,2026-09-23 19:26:39,Ours,0.01,1.599010696817314,59.74,59.74,82,56.1733,0:56.17,54.7145,0.2785,1.1781,4485.647,1:14:45.65,20,"9,16,0,13,2,15,19,12,8,1,14,7,6,5,18,10,17,4,11,3",9:56;16:32;0:30;13:35;2:30;15:16;19:21;12:63;8:58;1:64;14:54;7:40;6:36;5:40;18:45;10:18;17:44;4:30;11:47;3:39,"9:[0,1,4,5,6];16:[0,4,6];0:[0,4,6];13:[0,4,6];2:[0,4,6];15:[4];19:[4,6];12:[0,1,2,4,5,6];8:[0,1,4,6,7];1:[0,1,2,4,5,6];14:[0,1,4,5,6];7:[0,2,4,6];6:[0,4,6];5:[0,1,4,6];18:[0,1,4,6];10:[4];17:[0,2,4,6];4:[0,4,6];11:[0,1,4,6];3:[1,4,6]","c9:bw=56,experts=[0,1,4,5,6]; c16:bw=32,experts=[0,4,6]; c0:bw=30,experts=[0,4,6]; c13:bw=35,experts=[0,4,6]; c2:bw=30,experts=[0,4,6]; c15:bw=16,experts=[4]; c19:bw=21,experts=[4,6]; c12:bw=63,experts=[0,1,2,4,5,6]; c8:bw=58,experts=[0,1,4,6,7]; c1:bw=64,experts=[0,1,2,4,5,6]; c14:bw=54,experts=[0,1,4,5,6]; c7:bw=40,experts=[0,2,4,6]; c6:bw=36,experts=[0,4,6]; c5:bw=40,experts=[0,1,4,6]; c18:bw=45,experts=[0,1,4,6]; c10:bw=18,experts=[4]; c17:bw=44,experts=[0,2,4,6]; c4:bw=30,experts=[0,4,6]; c11:bw=47,experts=[0,1,4,6]; c3:bw=39,experts=[1,4,6]","2.3963,2.2438,1.5973,4.3597,2.7700,3.1057,3.8387,2.6259,2.4080,3.9109,4.0813,3.3721,2.1505,1.3535,3.2492,1.2962,2.3774,3.5267,2.5031,1.5481"
83,2026-09-23 19:27:36,Ours,0.01,1.5996605322413007,59.54,59.74,82,56.1578,0:56.16,54.701,0.2749,1.1796,4541.8385,1:15:41.84,20,"3,15,11,14,6,4,5,7,2,19,0,17,16,8,1,10,9,13,12,18",3:42;15:39;11:27;14:39;6:53;4:10;5:10;7:37;2:41;19:67;0:10;17:31;16:49;8:39;1:63;10:37;9:51;13:46;12:44;18:21,"3:[0,1,4,6];15:[0,4,6];11:[4,6];14:[0,4,6];6:[0,1,4,5,6];4:[4];5:[4];7:[0,4,6];2:[0,1,4,6];19:[0,1,2,4,5,6];0:[4];17:[1,4,6];16:[0,4,5,6];8:[2,4,6];1:[0,1,2,4,5,6];10:[0,4,6];9:[0,1,2,4,6];13:[0,1,4,6];12:[0,1,4,6];18:[4,6]","c3:bw=42,experts=[0,1,4,6]; c15:bw=39,experts=[0,4,6]; c11:bw=27,experts=[4,6]; c14:bw=39,experts=[0,4,6]; c6:bw=53,experts=[0,1,4,5,6]; c4:bw=10,experts=[4]; c5:bw=10,experts=[4]; c7:bw=37,experts=[0,4,6]; c2:bw=41,experts=[0,1,4,6]; c19:bw=67,experts=[0,1,2,4,5,6]; c0:bw=10,experts=[4]; c17:bw=31,experts=[1,4,6]; c16:bw=49,experts=[0,4,5,6]; c8:bw=39,experts=[2,4,6]; c1:bw=63,experts=[0,1,2,4,5,6]; c10:bw=37,experts=[0,4,6]; c9:bw=51,experts=[0,1,2,4,6]; c13:bw=46,experts=[0,1,4,6]; c12:bw=44,experts=[0,1,4,6]; c18:bw=21,experts=[4,6]","1.5703,3.1390,2.5068,4.1010,2.1476,3.4889,1.3526,3.3807,2.7619,3.8740,1.5656,2.3538,2.2263,2.3993,3.9171,1.2985,2.3831,4.3653,2.6305,3.2387"
84,2026-09-23 19:28:32,Ours,0.01,1.5863156124700135,60.07,60.07,84,56.2171,0:56.22,54.761,0.2683,1.1808,4598.09,1:16:38.09,20,"14,6,13,3,4,5,18,15,7,0,11,1,17,9,10,12,19,2,8,16",14:45;6:10;13:30;3:32;4:27;5:20;18:55;15:75;7:47;0:10;11:50;1:58;17:43;9:20;10:10;12:45;19:22;2:36;8:67;16:47,"14:[0,1,4,6];6:[4];13:[1,4,6];3:[0,4,6];4:[4,6];5:[4,6];18:[0,1,4,5,6];15:[0,1,2,4,5,6,7];7:[0,4,6,7];0:[4];11:[0,1,4,5,6];1:[0,1,4,5,6];17:[1,4,6,7];9:[4,6];10:[4];12:[0,1,4,6];19:[4,6];2:[0,4,6];8:[0,1,2,4,5,6];16:[0,4,6,7]","c14:bw=45,experts=[0,1,4,6]; c6:bw=10,experts=[4]; c13:bw=30,experts=[1,4,6]; c3:bw=32,experts=[0,4,6]; c4:bw=27,experts=[4,6]; c5:bw=20,experts=[4,6]; c18:bw=55,experts=[0,1,4,5,6]; c15:bw=75,experts=[0,1,2,4,5,6,7]; c7:bw=47,experts=[0,4,6,7]; c0:bw=10,experts=[4]; c11:bw=50,experts=[0,1,4,5,6]; c1:bw=58,experts=[0,1,4,5,6]; c17:bw=43,experts=[1,4,6,7]; c9:bw=20,experts=[4,6]; c10:bw=10,experts=[4]; c12:bw=45,experts=[0,1,4,6]; c19:bw=22,experts=[4,6]; c2:bw=36,experts=[0,4,6]; c8:bw=67,experts=[0,1,2,4,5,6]; c16:bw=47,experts=[0,4,6,7]","4.1430,2.1371,4.3809,1.5698,3.5128,1.3677,3.2767,3.1465,3.3777,1.5632,2.5089,3.9000,2.3753,2.3524,1.2910,2.6327,3.8315,2.7492,2.4223,2.2223"
85,2026-09-23 19:29:28,Ours,0.01,1.5817884111772123,59.68,60.07,84,56.2769,0:56.28,54.8036,0.2798,1.1912,4654.4026,1:17:34.40,20,"5,16,9,12,6,18,15,0,11,17,14,2,7,19,10,1,4,13,3,8",5:12;16:19;9:58;12:47;6:42;18:51;15:70;0:38;11:10;17:49;14:44;2:45;7:11;19:54;10:44;1:57;4:42;13:35;3:51;8:70,"5:[4];16:[4];9:[0,1,4,5,6];12:[0,4,5,6];6:[0,4,5,6];18:[0,1,4,5,6];15:[0,1,2,4,5,6,7];0:[2,4,5];11:[4];17:[0,1,4,6];14:[0,4,6,7];2:[0,4,5,6];7:[4];19:[0,1,4,5,6];10:[0,4,5,6];1:[0,1,4,5,6];4:[0,4,5,6];13:[2,4,6];3:[0,1,4,5,6];8:[0,1,2,4,5,6,7]","c5:bw=12,experts=[4]; c16:bw=19,experts=[4]; c9:bw=58,experts=[0,1,4,5,6]; c12:bw=47,experts=[0,4,5,6]; c6:bw=42,experts=[0,4,5,6]; c18:bw=51,experts=[0,1,4,5,6]; c15:bw=70,experts=[0,1,2,4,5,6,7]; c0:bw=38,experts=[2,4,5]; c11:bw=10,experts=[4]; c17:bw=49,experts=[0,1,4,6]; c14:bw=44,experts=[0,4,6,7]; c2:bw=45,experts=[0,4,5,6]; c7:bw=11,experts=[4]; c19:bw=54,experts=[0,1,4,5,6]; c10:bw=44,experts=[0,4,5,6]; c1:bw=57,experts=[0,1,4,5,6]; c4:bw=42,experts=[0,4,5,6]; c13:bw=35,experts=[2,4,6]; c3:bw=51,experts=[0,1,4,5,6]; c8:bw=70,experts=[0,1,2,4,5,6,7]","1.3631,2.2340,2.3896,2.6310,2.1584,3.2680,3.2292,1.5654,2.4884,2.3674,4.0956,2.7604,3.3574,3.8613,1.3052,3.8852,3.5214,4.3362,1.5615,2.4247"
86,2026-09-23 19:30:24,Ours,0.01,1.5851167860975486,59.85,60.07,84,56.1301,0:56.13,54.701,0.2751,1.1517,4710.568,1:18:30.57,20,"2,13,11,0,6,16,8,3,12,15,17,9,19,18,7,5,14,1,10,4",2:24;13:55;11:38;0:30;6:55;16:50;8:28;3:28;12:28;15:55;17:40;9:43;19:18;18:52;7:44;5:47;14:45;1:72;10:47;4:18,"2:[4,6];13:[0,1,4,5,6];11:[2,4,6];0:[0,4,6];6:[0,1,2,4,6];16:[0,1,4,5,6];8:[4,6];3:[4,6];12:[4,6];15:[0,1,4,5,6];17:[0,1,4,6];9:[0,1,4,6];19:[7];18:[0,1,4,5,6];7:[0,1,4,6];5:[0,2,4,6];14:[0,1,4,6];1:[0,1,2,4,5,6,7];10:[1,4,6,7];4:[4]","c2:bw=24,experts=[4,6]; c13:bw=55,experts=[0,1,4,5,6]; c11:bw=38,experts=[2,4,6]; c0:bw=30,experts=[0,4,6]; c6:bw=55,experts=[0,1,2,4,6]; c16:bw=50,experts=[0,1,4,5,6]; c8:bw=28,experts=[4,6]; c3:bw=28,experts=[4,6]; c12:bw=28,experts=[4,6]; c15:bw=55,experts=[0,1,4,5,6]; c17:bw=40,experts=[0,1,4,6]; c9:bw=43,experts=[0,1,4,6]; c19:bw=18,experts=[7]; c18:bw=52,experts=[0,1,4,5,6]; c7:bw=44,experts=[0,1,4,6]; c5:bw=47,experts=[0,2,4,6]; c14:bw=45,experts=[0,1,4,6]; c1:bw=72,experts=[0,1,2,4,5,6,7]; c10:bw=47,experts=[1,4,6,7]; c4:bw=18,experts=[4]","2.7747,4.3877,2.5258,1.5918,2.1646,2.2562,2.3975,1.5569,2.6268,3.1262,2.3600,2.3710,3.8179,3.2429,3.3707,1.3581,4.0816,3.9177,1.3030,3.4697"
87,2026-09-23 19:31:20,Ours,0.01,1.5878981900269598,60.14,60.14,87,56.0545,0:56.05,54.6279,0.2694,1.1549,4766.658,1:19:26.66,20,"15,6,13,4,8,11,3,9,17,14,5,0,18,10,16,1,19,2,12,7",15:63;6:60;13:45;4:34;8:46;11:18;3:68;9:37;17:25;14:36;5:10;0:35;18:45;10:49;16:45;1:29;19:33;2:67;12:45;7:22,"15:[0,1,2,4,5,6];6:[0,1,2,4,5,6];13:[0,1,4,6];4:[2,3,7];8:[0,1,4,6];11:[4];3:[0,1,4,5,6,7];9:[1,4,6];17:[4,6];14:[2,4,6];5:[7];0:[0,4,6];18:[0,4,6,7];10:[1,2,4,6];16:[0,1,4,6];1:[4,6];19:[0,4,6];2:[0,1,2,4,5,6];12:[0,4,5,6];7:[4,6]","c15:bw=63,experts=[0,1,2,4,5,6]; c6:bw=60,experts=[0,1,2,4,5,6]; c13:bw=45,experts=[0,1,4,6]; c4:bw=34,experts=[2,3,7]; c8:bw=46,experts=[0,1,4,6]; c11:bw=18,experts=[4]; c3:bw=68,experts=[0,1,4,5,6,7]; c9:bw=37,experts=[1,4,6]; c17:bw=25,experts=[4,6]; c14:bw=36,experts=[2,4,6]; c5:bw=10,experts=[7]; c0:bw=35,experts=[0,4,6]; c18:bw=45,experts=[0,4,6,7]; c10:bw=49,experts=[1,2,4,6]; c16:bw=45,experts=[0,1,4,6]; c1:bw=29,experts=[4,6]; c19:bw=33,experts=[0,4,6]; c2:bw=67,experts=[0,1,2,4,5,6]; c12:bw=45,experts=[0,4,5,6]; c7:bw=22,experts=[4,6]","3.1436,2.1762,4.3865,3.4881,2.4133,2.4927,1.5628,2.3646,2.3540,4.0922,1.3426,1.5740,3.2349,1.3054,2.2308,3.8781,3.8438,2.7649,2.6200,3.3593"
88,2026-09-23 19:32:17,Ours,0.01,1.5859706818339872,60.4,60.4,88,56.1855,0:56.19,54.7458,0.2725,1.1612,4822.8792,1:20:22.88,20,"15,0,7,16,13,1,18,2,8,17,4,6,11,5,19,14,3,9,12,10",15:60;0:62;7:41;16:30;13:34;1:28;18:22;2:46;8:43;17:30;4:38;6:27;11:10;5:30;19:23;14:10;3:33;9:31;12:61;10:71,"15:[0,1,3,4,5,6];0:[0,1,3,4,5,6];7:[0,3,4,6];16:[3,4,6];13:[3,4,6];1:[3,4];18:[3,4];2:[3,4,6,7];8:[0,3,4,6];17:[3,4,5];4:[0,4,6];6:[3,4];11:[3];5:[3,4,5];19:[3,4];14:[3];3:[3,4,6];9:[3,4,7];12:[0,1,3,4,5,6];10:[0,1,2,3,4,5,6]","c15:bw=60,experts=[0,1,3,4,5,6]; c0:bw=62,experts=[0,1,3,4,5,6]; c7:bw=41,experts=[0,3,4,6]; c16:bw=30,experts=[3,4,6]; c13:bw=34,experts=[3,4,6]; c1:bw=28,experts=[3,4]; c18:bw=22,experts=[3,4]; c2:bw=46,experts=[3,4,6,7]; c8:bw=43,experts=[0,3,4,6]; c17:bw=30,experts=[3,4,5]; c4:bw=38,experts=[0,4,6]; c6:bw=27,experts=[3,4]; c11:bw=10,experts=[3]; c5:bw=30,experts=[3,4,5]; c19:bw=23,experts=[3,4]; c14:bw=10,experts=[3]; c3:bw=33,experts=[3,4,6]; c9:bw=31,experts=[3,4,7]; c12:bw=61,experts=[0,1,3,4,5,6]; c10:bw=71,experts=[0,1,2,3,4,5,6]","3.1620,1.5937,3.4225,2.2361,4.3668,3.8951,3.2467,2.7559,2.4070,2.3818,3.4869,2.1327,2.4968,1.3588,3.8317,4.0665,1.5484,2.3811,2.6576,1.3175"
89,2026-09-23 19:33:13,Ours,0.01,1.577164864325192,60.8,60.8,89,56.115,0:56.12,54.6823,0.2742,1.1563,4879.0305,1:21:19.03,20,"5,2,7,4,18,10,15,9,8,0,16,19,11,14,12,13,1,3,17,6",5:46;2:44;7:21;4:30;18:55;10:28;15:61;9:60;8:74;0:13;16:50;19:16;11:36;14:30;12:34;13:10;1:41;3:31;17:40;6:32,"5:[0,1,4,6];2:[0,1,4,6];7:[4,5];4:[1,4,6];18:[0,2,4,5,6];10:[4,6];15:[0,1,2,4,5,6];9:[0,1,2,4,5,6];8:[0,1,2,4,5,6,7];0:[7];16:[0,1,2,4,6];19:[4];11:[4,6,7];14:[0,4,6];12:[4,6,7];13:[7];1:[0,1,4,6];3:[2,4,6];17:[0,1,4,6];6:[4,6,7]","c5:bw=46,experts=[0,1,4,6]; c2:bw=44,experts=[0,1,4,6]; c7:bw=21,experts=[4,5]; c4:bw=30,experts=[1,4,6]; c18:bw=55,experts=[0,2,4,5,6]; c10:bw=28,experts=[4,6]; c15:bw=61,experts=[0,1,2,4,5,6]; c9:bw=60,experts=[0,1,2,4,5,6]; c8:bw=74,experts=[0,1,2,4,5,6,7]; c0:bw=13,experts=[7]; c16:bw=50,experts=[0,1,2,4,6]; c19:bw=16,experts=[4]; c11:bw=36,experts=[4,6,7]; c14:bw=30,experts=[0,4,6]; c12:bw=34,experts=[4,6,7]; c13:bw=10,experts=[7]; c1:bw=41,experts=[0,1,4,6]; c3:bw=31,experts=[2,4,6]; c17:bw=40,experts=[0,1,4,6]; c6:bw=32,experts=[4,6,7]","1.3831,2.7835,3.4104,3.5204,3.2538,1.3031,3.1424,2.3911,2.4086,1.5694,2.2297,3.8110,2.4988,4.0813,2.6156,4.3188,3.8877,1.5562,2.3723,2.1453"
90,2026-09-23 19:34:09,Ours,0.01,1.5634449996918,60.81,60.81,90,56.3834,0:56.38,54.9383,0.2742,1.1686,4935.4502,1:22:15.45,20,"12,10,0,2,17,14,19,7,16,3,18,4,13,11,1,8,9,6,5,15",12:43;10:10;0:64;2:21;17:22;14:16;19:15;7:72;16:57;3:36;18:50;4:35;13:65;11:41;1:31;8:50;9:63;6:26;5:27;15:61,"12:[0,2,4,6];10:[4];0:[0,1,2,4,5,6];2:[4,6];17:[2,4];14:[5];19:[4];7:[0,1,2,4,5,6,7];16:[0,1,4,5,6];3:[0,4,6];18:[0,1,4,5,6];4:[0,4,6];13:[0,1,2,4,5,6];11:[0,1,4,6];1:[0,4,6];8:[0,1,4,5,6];9:[0,1,2,4,5,6];6:[4,6];5:[4,6];15:[0,1,2,4,5,6]","c12:bw=43,experts=[0,2,4,6]; c10:bw=10,experts=[4]; c0:bw=64,experts=[0,1,2,4,5,6]; c2:bw=21,experts=[4,6]; c17:bw=22,experts=[2,4]; c14:bw=16,experts=[5]; c19:bw=15,experts=[4]; c7:bw=72,experts=[0,1,2,4,5,6,7]; c16:bw=57,experts=[0,1,4,5,6]; c3:bw=36,experts=[0,4,6]; c18:bw=50,experts=[0,1,4,5,6]; c4:bw=35,experts=[0,4,6]; c13:bw=65,experts=[0,1,2,4,5,6]; c11:bw=41,experts=[0,1,4,6]; c1:bw=31,experts=[0,4,6]; c8:bw=50,experts=[0,1,4,5,6]; c9:bw=63,experts=[0,1,2,4,5,6]; c6:bw=26,experts=[4,6]; c5:bw=27,experts=[4,6]; c15:bw=61,experts=[0,1,2,4,5,6]","2.6348,1.3001,1.6081,2.7687,2.3758,4.1228,3.8593,3.4430,2.2499,1.5675,3.2451,3.5051,4.3882,2.5054,3.9023,2.4093,2.3941,2.1503,1.3659,3.1425"
91,2026-09-23 19:35:06,Ours,0.01,1.553633584410357,60.82,60.82,91,56.4659,0:56.47,54.9958,0.278,1.1897,4991.9534,1:23:11.95,20,"5,6,1,17,18,7,8,4,19,2,10,3,11,12,14,15,13,0,9,16",5:52;6:29;1:50;17:63;18:13;7:51;8:23;4:54;19:51;2:11;10:49;3:40;11:67;12:62;14:42;15:45;13:46;0:22;9:35;16:24,"5:[0,1,4,5,6];6:[4,6];1:[0,1,4,5,6];17:[0,1,2,4,5,6];18:[4];7:[0,1,4,5,6];8:[4,6];4:[0,1,4,5,6];19:[0,2,4,5,6];2:[4];10:[0,1,4,6];3:[0,1,4,6];11:[0,1,2,4,5,6];12:[0,1,2,4,5,6];14:[0,4,5,6];15:[0,4,5,6];13:[0,1,4,6];0:[4,6];9:[0,4,6];16:[4,6]","c5:bw=52,experts=[0,1,4,5,6]; c6:bw=29,experts=[4,6]; c1:bw=50,experts=[0,1,4,5,6]; c17:bw=63,experts=[0,1,2,4,5,6]; c18:bw=13,experts=[4]; c7:bw=51,experts=[0,1,4,5,6]; c8:bw=23,experts=[4,6]; c4:bw=54,experts=[0,1,4,5,6]; c19:bw=51,experts=[0,2,4,5,6]; c2:bw=11,experts=[4]; c10:bw=49,experts=[0,1,4,6]; c3:bw=40,experts=[0,1,4,6]; c11:bw=67,experts=[0,1,2,4,5,6]; c12:bw=62,experts=[0,1,2,4,5,6]; c14:bw=42,experts=[0,4,5,6]; c15:bw=45,experts=[0,4,5,6]; c13:bw=46,experts=[0,1,4,6]; c0:bw=22,experts=[4,6]; c9:bw=35,experts=[0,4,6]; c16:bw=24,experts=[4,6]","1.3876,2.1770,3.9516,2.4077,3.2329,3.4210,2.3928,3.5320,3.8816,2.7269,1.3048,1.5678,2.5350,2.6654,4.1220,3.1404,4.3897,1.5596,2.3776,2.2224"
92,2026-09-23 19:36:02,Ours,0.01,1.5668252702848915,60.99,60.99,92,56.1733,0:56.17,54.7273,0.2675,1.1724,5048.1639,1:24:08.16,20,"15,11,19,17,5,4,7,9,6,8,2,0,3,12,16,13,1,10,18,14",15:19;11:15;19:54;17:32;5:66;4:26;7:34;9:56;6:45;8:19;2:25;0:29;3:28;12:48;16:14;13:17;1:20;10:37;18:37;14:30,"15:[4];11:[4];19:[0,1,4,5,6];17:[4,6,7];5:[0,1,2,4,5,6];4:[4,6];7:[0,4,6];9:[0,1,4,5,6];6:[0,4,5,6];8:[4];2:[4,6];0:[4,6];3:[4,6];12:[0,1,4,6];16:[7];13:[4];1:[4,6];10:[0,4,6];18:[0,4,6];14:[0,4,6]","c15:bw=19,experts=[4]; c11:bw=15,experts=[4]; c19:bw=54,experts=[0,1,4,5,6]; c17:bw=32,experts=[4,6,7]; c5:bw=66,experts=[0,1,2,4,5,6]; c4:bw=26,experts=[4,6]; c7:bw=34,experts=[0,4,6]; c9:bw=56,experts=[0,1,4,5,6]; c6:bw=45,experts=[0,4,5,6]; c8:bw=19,experts=[4]; c2:bw=25,experts=[4,6]; c0:bw=29,experts=[4,6]; c3:bw=28,experts=[4,6]; c12:bw=48,experts=[0,1,4,6]; c16:bw=14,experts=[7]; c13:bw=17,experts=[4]; c1:bw=20,experts=[4,6]; c10:bw=37,experts=[0,4,6]; c18:bw=37,experts=[0,4,6]; c14:bw=30,experts=[0,4,6]","3.1330,2.5341,3.9084,2.3862,1.3819,3.5315,3.3961,2.3866,2.1539,2.3946,2.7611,1.5850,1.5531,2.6214,2.1973,4.3033,3.8792,1.2912,3.2408,4.0888"
93,2026-09-23 19:36:58,Ours,0.01,1.5541236803639786,61.4,61.4,93,56.1464,0:56.15,54.7129,0.2719,1.1593,5104.3469,1:25:04.35,20,"9,1,6,8,15,18,0,17,5,3,12,4,14,7,11,19,16,2,10,13",9:58;1:47;6:22;8:10;15:36;18:23;0:19;17:32;5:10;3:31;12:52;4:32;14:25;7:22;11:32;19:39;16:46;2:51;10:15;13:63,"9:[0,1,4,5,6];1:[0,1,4,6];6:[4,6];8:[4];15:[4,6,7];18:[4,6];0:[4];17:[0,4,6];5:[4];3:[0,4,6];12:[0,1,4,5,6];4:[0,4,6];14:[4,7];7:[4,6];11:[0,4,6];19:[0,4,6];16:[0,1,4,6];2:[0,1,4,5,6];10:[4];13:[0,1,2,4,5,6]","c9:bw=58,experts=[0,1,4,5,6]; c1:bw=47,experts=[0,1,4,6]; c6:bw=22,experts=[4,6]; c8:bw=10,experts=[4]; c15:bw=36,experts=[4,6,7]; c18:bw=23,experts=[4,6]; c0:bw=19,experts=[4]; c17:bw=32,experts=[0,4,6]; c5:bw=10,experts=[4]; c3:bw=31,experts=[0,4,6]; c12:bw=52,experts=[0,1,4,5,6]; c4:bw=32,experts=[0,4,6]; c14:bw=25,experts=[4,7]; c7:bw=22,experts=[4,6]; c11:bw=32,experts=[0,4,6]; c19:bw=39,experts=[0,4,6]; c16:bw=46,experts=[0,1,4,6]; c2:bw=51,experts=[0,1,4,5,6]; c10:bw=15,experts=[4]; c13:bw=63,experts=[0,1,2,4,5,6]","2.4724,3.9360,2.1613,2.3869,3.1111,3.2370,1.5651,2.3729,1.3534,1.5559,2.6165,3.5021,4.0656,3.3560,2.5088,3.8436,2.2313,2.7693,1.2939,4.3739"
94,2026-09-23 19:37:54,Ours,0.01,1.5463930388640608,61.64,61.64,94,56.3419,0:56.34,54.8782,0.2774,1.184,5160.7259,1:26:00.73,20,"9,19,3,10,16,6,4,18,13,12,17,11,7,8,0,15,2,1,14,5",9:50;19:48;3:34;10:61;16:28;6:30;4:31;18:47;13:44;12:14;17:12;11:48;7:45;8:10;0:55;15:40;2:65;1:70;14:38;5:41,"9:[0,1,4,5,6];19:[0,4,6,7];3:[0,4,6];10:[0,1,4,5,6,7];16:[4,6];6:[0,4,6];4:[0,4,6];18:[0,1,4,6];13:[0,4,5,6];12:[4];17:[4];11:[0,1,4,6];7:[0,1,4,6];8:[4];0:[0,1,4,5,6];15:[0,1,4,6];2:[0,1,2,4,5,6];1:[0,1,2,4,5,6,7];14:[1,4,6];5:[0,1,4,6]","c9:bw=50,experts=[0,1,4,5,6]; c19:bw=48,experts=[0,4,6,7]; c3:bw=34,experts=[0,4,6]; c10:bw=61,experts=[0,1,4,5,6,7]; c16:bw=28,experts=[4,6]; c6:bw=30,experts=[0,4,6]; c4:bw=31,experts=[0,4,6]; c18:bw=47,experts=[0,1,4,6]; c13:bw=44,experts=[0,4,5,6]; c12:bw=14,experts=[4]; c17:bw=12,experts=[4]; c11:bw=48,experts=[0,1,4,6]; c7:bw=45,experts=[0,1,4,6]; c8:bw=10,experts=[4]; c0:bw=55,experts=[0,1,4,5,6]; c15:bw=40,experts=[0,1,4,6]; c2:bw=65,experts=[0,1,2,4,5,6]; c1:bw=70,experts=[0,1,2,4,5,6,7]; c14:bw=38,experts=[1,4,6]; c5:bw=41,experts=[0,1,4,6]","2.3976,3.8980,1.5721,1.3079,2.2418,2.1536,3.5164,3.2526,4.3599,2.6084,2.3546,2.5102,3.4035,2.3807,1.5758,3.1287,2.7886,3.9386,4.1140,1.3751"
95,2026-09-23 19:38:51,Ours,0.01,1.5594538804242293,61.16,61.64,94,56.2046,0:56.20,54.7715,0.2665,1.1644,5216.9694,1:26:56.97,20,"7,16,1,12,4,9,17,5,14,10,15,0,19,8,13,3,18,11,2,6",7:59;16:24;1:31;12:10;4:15;9:42;17:47;5:10;14:49;10:42;15:34;0:35;19:42;8:76;13:59;3:41;18:28;11:10;2:23;6:40,"7:[0,1,4,5,6];16:[4,6];1:[0,4,6];12:[4];4:[2];9:[0,1,4,6];17:[0,1,4,6];5:[7];14:[0,2,4,6];10:[0,1,4,6];15:[0,4,6];0:[0,4,6];19:[0,1,4,6];8:[0,1,2,4,5,6,7];13:[0,1,4,5,6];3:[4,5,6,7];18:[4,7];11:[4];2:[4,6];6:[1,2,4,6]","c7:bw=59,experts=[0,1,4,5,6]; c16:bw=24,experts=[4,6]; c1:bw=31,experts=[0,4,6]; c12:bw=10,experts=[4]; c4:bw=15,experts=[2]; c9:bw=42,experts=[0,1,4,6]; c17:bw=47,experts=[0,1,4,6]; c5:bw=10,experts=[7]; c14:bw=49,experts=[0,2,4,6]; c10:bw=42,experts=[0,1,4,6]; c15:bw=34,experts=[0,4,6]; c0:bw=35,experts=[0,4,6]; c19:bw=42,experts=[0,1,4,6]; c8:bw=76,experts=[0,1,2,4,5,6,7]; c13:bw=59,experts=[0,1,4,5,6]; c3:bw=41,experts=[4,5,6,7]; c18:bw=28,experts=[4,7]; c11:bw=10,experts=[4]; c2:bw=23,experts=[4,6]; c6:bw=40,experts=[1,2,4,6]","3.4392,2.2634,3.9309,2.6147,3.4887,2.3781,2.3785,1.3470,4.1032,1.3047,3.1216,1.5698,3.8789,2.4331,4.3715,1.5672,3.2219,2.4820,2.7452,2.1318"
96,2026-09-23 19:39:47,Ours,0.01,1.5454803723182977,61.15,61.64,94,56.4452,0:56.45,55.0163,0.2739,1.1522,5273.4515,1:27:53.45,20,"6,15,14,17,2,9,11,3,0,8,18,5,13,1,4,19,16,12,10,7",6:31;15:78;14:10;17:35;2:65;9:44;11:44;3:46;0:36;8:64;18:29;5:60;13:55;1:36;4:49;19:38;16:72;12:71;10:53;7:50,"6:[3,4,6];15:[0,1,2,3,4,5,6];14:[3];17:[3,4,6];2:[0,1,3,4,6,7];9:[3,4,6,7];11:[0,3,4,6];3:[0,3,4,6];0:[3,4,6];8:[0,1,3,4,5,6];18:[3,4];5:[0,1,3,4,5,6];13:[0,1,3,4,6];1:[3,4,6];4:[3,4,6,7];19:[3,4,6];16:[0,1,2,3,4,5,6];12:[0,1,2,3,4,5,6];10:[1,2,3,4,6];7:[0,1,3,4,6]","c6:bw=31,experts=[3,4,6]; c15:bw=78,experts=[0,1,2,3,4,5,6]; c14:bw=10,experts=[3]; c17:bw=35,experts=[3,4,6]; c2:bw=65,experts=[0,1,3,4,6,7]; c9:bw=44,experts=[3,4,6,7]; c11:bw=44,experts=[0,3,4,6]; c3:bw=46,experts=[0,3,4,6]; c0:bw=36,experts=[3,4,6]; c8:bw=64,experts=[0,1,3,4,5,6]; c18:bw=29,experts=[3,4]; c5:bw=60,experts=[0,1,3,4,5,6]; c13:bw=55,experts=[0,1,3,4,6]; c1:bw=36,experts=[3,4,6]; c4:bw=49,experts=[3,4,6,7]; c19:bw=38,experts=[3,4,6]; c16:bw=72,experts=[0,1,2,3,4,5,6]; c12:bw=71,experts=[0,1,2,3,4,5,6]; c10:bw=53,experts=[1,2,3,4,6]; c7:bw=50,experts=[0,1,3,4,6]","2.1612,3.1888,4.1226,2.3906,2.7965,2.3911,2.5170,1.5657,1.5778,2.4163,3.2552,1.3716,4.3894,3.8879,3.5374,3.8336,2.2566,2.6383,1.3148,3.4037"
97,2026-09-23 19:40:53,Ours,0.01,1.5522161160440333,61.68,61.68,97,66.0084,1:06.01,64.2598,0.3369,1.4091,5339.4981,1:28:59.50,20,"12,2,4,6,9,10,1,19,7,0,3,17,18,5,14,15,13,11,16,8",12:13;2:54;4:16;6:50;9:43;10:51;1:50;19:30;7:30;0:41;3:35;17:54;18:70;5:46;14:23;15:59;13:51;11:22;16:54;8:43,"12:[7];2:[0,1,4,5,6];4:[4];6:[0,1,4,6,7];9:[0,1,4,6];10:[0,1,4,5,6];1:[0,1,4,5,6];19:[0,4,6];7:[0,4,6];0:[0,4,6,7];3:[2,4,6];17:[0,1,4,5,6];18:[0,1,2,4,5,6,7];5:[0,1,4,6];14:[4,6];15:[0,1,4,5,6];13:[0,1,4,6,7];11:[4,7];16:[0,1,4,5,6];8:[0,1,4,6]","c12:bw=13,experts=[7]; c2:bw=54,experts=[0,1,4,5,6]; c4:bw=16,experts=[4]; c6:bw=50,experts=[0,1,4,6,7]; c9:bw=43,experts=[0,1,4,6]; c10:bw=51,experts=[0,1,4,5,6]; c1:bw=50,experts=[0,1,4,5,6]; c19:bw=30,experts=[0,4,6]; c7:bw=30,experts=[0,4,6]; c0:bw=41,experts=[0,4,6,7]; c3:bw=35,experts=[2,4,6]; c17:bw=54,experts=[0,1,4,5,6]; c18:bw=70,experts=[0,1,2,4,5,6,7]; c5:bw=46,experts=[0,1,4,6]; c14:bw=23,experts=[4,6]; c15:bw=59,experts=[0,1,4,5,6]; c13:bw=51,experts=[0,1,4,6,7]; c11:bw=22,experts=[4,7]; c16:bw=54,experts=[0,1,4,5,6]; c8:bw=43,experts=[0,1,4,6]","2.6283,2.7996,3.6479,2.2525,2.6579,1.5079,4.5427,4.7959,4.0093,1.8594,1.8287,2.9594,4.0346,1.6869,5.2263,3.9213,5.1869,2.9928,2.7493,2.9721"
98,2026-09-23 19:41:59,Ours,0.01,1.5341145705953458,61.97,61.97,98,66.034,1:06.03,64.2284,0.3538,1.4492,5405.5808,1:30:05.58,20,"10,4,2,17,15,7,19,14,11,16,13,1,6,5,9,3,18,0,12,8",10:45;4:52;2:24;17:17;15:17;7:24;19:45;14:67;11:10;16:41;13:31;1:26;6:36;5:49;9:27;3:25;18:32;0:33;12:16;8:54,"10:[0,1,4,6];4:[0,1,4,5,6];2:[4,6];17:[4];15:[4];7:[2,7];19:[0,1,4,6];14:[0,1,2,4,5,6];11:[4];16:[0,1,4,6];13:[0,4,6];1:[4,6];6:[0,4,6];5:[0,1,4,6];9:[2,4];3:[4,6];18:[1,4,6];0:[2,4,6];12:[4];8:[0,1,4,5,6]","c10:bw=45,experts=[0,1,4,6]; c4:bw=52,experts=[0,1,4,5,6]; c2:bw=24,experts=[4,6]; c17:bw=17,experts=[4]; c15:bw=17,experts=[4]; c7:bw=24,experts=[2,7]; c19:bw=45,experts=[0,1,4,6]; c14:bw=67,experts=[0,1,2,4,5,6]; c11:bw=10,experts=[4]; c16:bw=41,experts=[0,1,4,6]; c13:bw=31,experts=[0,4,6]; c1:bw=26,experts=[4,6]; c6:bw=36,experts=[0,4,6]; c5:bw=49,experts=[0,1,4,6]; c9:bw=27,experts=[2,4]; c3:bw=25,experts=[4,6]; c18:bw=32,experts=[1,4,6]; c0:bw=33,experts=[2,4,6]; c12:bw=16,experts=[4]; c8:bw=54,experts=[0,1,4,5,6]","1.5500,4.1961,3.3137,2.7824,3.4888,3.9138,4.6187,4.7648,2.8630,2.6877,5.2326,4.4393,2.5221,1.5311,2.6531,1.8017,3.6742,1.8396,3.2884,3.0671"
99,2026-09-23 19:43:05,Ours,0.01,1.5268884190761929,61.54,61.97,98,65.6157,1:05.62,63.9222,0.314,1.3727,5471.2524,1:31:11.25,20,"13,0,14,4,19,9,16,3,12,10,7,11,1,15,6,17,18,8,5,2",13:25;0:40;14:33;4:24;19:48;9:20;16:34;3:38;12:34;10:11;7:45;11:10;1:59;15:47;6:35;17:43;18:55;8:34;5:49;2:31,"13:[4,6];0:[0,1,4,6];14:[0,4,6];4:[4,6];19:[0,2,4,6];9:[4,6];16:[0,4,6];3:[1,4,6];12:[0,4,6];10:[4];7:[0,4,5,6];11:[2];1:[0,1,4,5,6];15:[0,1,4,6];6:[0,4,6];17:[0,2,4,6];18:[0,1,4,5,6];8:[0,4,6];5:[0,4,5,6];2:[0,4,6]","c13:bw=25,experts=[4,6]; c0:bw=40,experts=[0,1,4,6]; c14:bw=33,experts=[0,4,6]; c4:bw=24,experts=[4,6]; c19:bw=48,experts=[0,2,4,6]; c9:bw=20,experts=[4,6]; c16:bw=34,experts=[0,4,6]; c3:bw=38,experts=[1,4,6]; c12:bw=34,experts=[0,4,6]; c10:bw=11,experts=[4]; c7:bw=45,experts=[0,4,5,6]; c11:bw=10,experts=[2]; c1:bw=59,experts=[0,1,4,5,6]; c15:bw=47,experts=[0,1,4,6]; c6:bw=35,experts=[0,4,6]; c17:bw=43,experts=[0,2,4,6]; c18:bw=55,experts=[0,1,4,5,6]; c8:bw=34,experts=[0,4,6]; c5:bw=49,experts=[0,4,5,6]; c2:bw=31,experts=[0,4,6]","4.9944,1.6254,4.3379,4.3088,4.5501,2.7737,2.6375,1.8644,3.2091,1.5109,4.2037,2.8889,4.4449,3.6744,2.5620,2.8410,3.7573,2.7912,1.6760,3.2706"
100,2026-09-23 19:44:11,Ours,0.01,1.5406159200096852,62.1,62.1,100,66.0817,1:06.08,64.449,0.3019,1.3283,5537.3827,1:32:17.38,20,"10,12,11,0,4,7,6,17,14,1,13,8,2,18,16,9,5,3,15,19",10:56;12:37;11:17;0:64;4:65;7:10;6:44;17:55;14:10;1:17;13:10;8:44;2:30;18:80;16:46;9:53;5:18;3:42;15:30;19:18,"10:[0,1,4,5,6];12:[0,4,6];11:[5];0:[0,1,2,4,5,6];4:[0,1,2,4,5,6];7:[4];6:[0,4,5,6];17:[0,1,4,6,7];14:[4];1:[4];13:[4];8:[0,1,4,6];2:[0,4,6];18:[0,1,2,3,4,5,6,7];16:[0,4,6,7];9:[0,1,4,5,6];5:[2];3:[0,1,4,6];15:[0,4,6];19:[5]","c10:bw=56,experts=[0,1,4,5,6]; c12:bw=37,experts=[0,4,6]; c11:bw=17,experts=[5]; c0:bw=64,experts=[0,1,2,4,5,6]; c4:bw=65,experts=[0,1,2,4,5,6]; c7:bw=10,experts=[4]; c6:bw=44,experts=[0,4,5,6]; c17:bw=55,experts=[0,1,4,6,7]; c14:bw=10,experts=[4]; c1:bw=17,experts=[4]; c13:bw=10,experts=[4]; c8:bw=44,experts=[0,1,4,6]; c2:bw=30,experts=[0,4,6]; c18:bw=80,experts=[0,1,2,3,4,5,6,7]; c16:bw=46,experts=[0,4,6,7]; c9:bw=53,experts=[0,1,4,5,6]; c5:bw=18,experts=[2]; c3:bw=42,experts=[0,1,4,6]; c15:bw=30,experts=[0,4,6]; c19:bw=18,experts=[5]","1.5729,2.9935,2.8222,1.8419,4.3077,4.0212,2.5100,2.8407,4.6931,4.5046,5.6845,3.0032,3.1588,3.6016,2.7613,2.7117,1.4532,1.6887,3.7406,4.5376"
