Round,Timestamp,Method,LR,AvgLoss,TestAcc,BestAcc,BestRound,RoundTimeSec,RoundTimeHMS,LocalTrainTimeSec,AggTimeSec,EvalTimeSec,CumulativeTimeSec,CumulativeTimeHMS,NumClientsSelected,SelectedClients,Bandwidth,SelectedExperts,UploadDetail,ClientTrainTimesSec
1,2026-09-24 12:30:35,Ours,0.00208,3.965606621795221,1.4,1.4,1,69.3771,1:09.38,63.6864,4.3804,1.3054,69.3771,1:09.38,20,"0,17,15,1,8,5,11,3,18,16,13,2,9,19,4,12,7,10,14,6",0:10;17:34;15:58;1:29;8:55;5:44;11:24;3:51;18:30;16:48;13:42;2:29;9:45;19:40;4:40;12:23;7:20;10:22;14:54;6:41,"0:[2];17:[2,4,6];15:[1,2,4,5,6];1:[2];8:[1,2,4,5,6];5:[1,2,4,6];11:[2,4];3:[1,2,4,6];18:[2,4,6];16:[1,2,4,6];13:[1,2,4,6];2:[2];9:[1,2,4,6];19:[1,2,4,6];4:[1,2,4,6];12:[2];7:[2,6];10:[2,4];14:[1,2,4,6];6:[2,4,6]","c0:bw=10,experts=[2]; c17:bw=34,experts=[2,4,6]; c15:bw=58,experts=[1,2,4,5,6]; c1:bw=29,experts=[2]; c8:bw=55,experts=[1,2,4,5,6]; c5:bw=44,experts=[1,2,4,6]; c11:bw=24,experts=[2,4]; c3:bw=51,experts=[1,2,4,6]; c18:bw=30,experts=[2,4,6]; c16:bw=48,experts=[1,2,4,6]; c13:bw=42,experts=[1,2,4,6]; c2:bw=29,experts=[2]; c9:bw=45,experts=[1,2,4,6]; c19:bw=40,experts=[1,2,4,6]; c4:bw=40,experts=[1,2,4,6]; c12:bw=23,experts=[2]; c7:bw=20,experts=[2,6]; c10:bw=22,experts=[2,4]; c14:bw=54,experts=[1,2,4,6]; c6:bw=41,experts=[2,4,6]","2.4598,2.7020,3.5829,4.4524,2.7480,1.6854,2.9632,1.9160,3.7580,2.5703,4.9699,3.1687,2.8980,4.4417,3.8617,2.9626,3.9118,1.6240,4.5276,2.4824"
2,2026-09-24 12:31:41,Ours,0.00406,3.3880113589616156,3.45,3.45,2,66.4918,1:06.49,60.6323,4.5666,1.2905,136.0087,2:16.01,20,"19,16,15,5,4,12,14,7,3,6,2,9,13,10,18,8,17,11,0,1",19:53;16:16;15:62;5:69;4:30;12:16;14:26;7:55;3:67;6:17;2:22;9:46;13:54;10:59;18:24;8:48;17:51;11:29;0:36;1:41,"19:[0,1,2,4,6];16:[4];15:[0,1,2,4,5,6];5:[0,1,2,4,5,6];4:[2,4,6];12:[4];14:[4,6];7:[0,2,4,6];3:[0,1,2,4,5,6];6:[4];2:[4,6];9:[0,2,4,6];13:[0,1,2,4,6];10:[0,2,4,6];18:[4,6];8:[0,2,4,6];17:[0,1,2,4,6];11:[4,6];0:[4,6];1:[1,2,4,6]","c19:bw=53,experts=[0,1,2,4,6]; c16:bw=16,experts=[4]; c15:bw=62,experts=[0,1,2,4,5,6]; c5:bw=69,experts=[0,1,2,4,5,6]; c4:bw=30,experts=[2,4,6]; c12:bw=16,experts=[4]; c14:bw=26,experts=[4,6]; c7:bw=55,experts=[0,2,4,6]; c3:bw=67,experts=[0,1,2,4,5,6]; c6:bw=17,experts=[4]; c2:bw=22,experts=[4,6]; c9:bw=46,experts=[0,2,4,6]; c13:bw=54,experts=[0,1,2,4,6]; c10:bw=59,experts=[0,2,4,6]; c18:bw=24,experts=[4,6]; c8:bw=48,experts=[0,2,4,6]; c17:bw=51,experts=[0,1,2,4,6]; c11:bw=29,experts=[4,6]; c0:bw=36,experts=[4,6]; c1:bw=41,experts=[1,2,4,6]","4.2460,2.5104,3.4070,1.6324,3.8749,2.9011,4.4134,3.7024,1.8249,2.4030,3.0551,2.6413,4.6957,1.5565,3.5480,2.6858,2.6542,2.7892,1.8566,4.2343"
3,2026-09-24 12:32:48,Ours,0.006040000000000001,3.290355092689331,4.97,4.97,3,66.767,1:06.77,61.0478,4.4238,1.2931,202.7871,3:22.79,20,"10,7,0,2,5,18,16,12,4,14,15,9,1,13,11,19,3,17,6,8",10:10;7:33;0:50;2:42;5:13;18:40;16:31;12:37;4:52;14:53;15:16;9:48;1:13;13:54;11:66;19:24;3:26;17:41;6:40;8:30,"10:[4];7:[4,6];0:[0,1,2,4,6];2:[0,2,4,6];5:[4];18:[0,2,4,6];16:[2,4,6];12:[2,4,6];4:[0,1,2,4,6];14:[0,1,2,4,6];15:[4];9:[0,2,4,6];1:[];13:[0,1,2,4,6];11:[0,1,2,4,5,6];19:[4,6];3:[4];17:[2,4,6];6:[0,2,4,6];8:[2,4,6]","c10:bw=10,experts=[4]; c7:bw=33,experts=[4,6]; c0:bw=50,experts=[0,1,2,4,6]; c2:bw=42,experts=[0,2,4,6]; c5:bw=13,experts=[4]; c18:bw=40,experts=[0,2,4,6]; c16:bw=31,experts=[2,4,6]; c12:bw=37,experts=[2,4,6]; c4:bw=52,experts=[0,1,2,4,6]; c14:bw=53,experts=[0,1,2,4,6]; c15:bw=16,experts=[4]; c9:bw=48,experts=[0,2,4,6]; c1:bw=13,experts=[]; c13:bw=54,experts=[0,1,2,4,6]; c11:bw=66,experts=[0,1,2,4,5,6]; c19:bw=24,experts=[4,6]; c3:bw=26,experts=[4]; c17:bw=41,experts=[2,4,6]; c6:bw=40,experts=[0,2,4,6]; c8:bw=30,experts=[2,4,6]","1.5757,3.7253,1.8634,3.0776,1.6376,3.5527,2.5043,2.9068,3.8817,4.4755,3.4185,2.6376,4.2594,4.7296,2.8119,4.2543,1.8574,2.6711,2.4649,2.7425"
4,2026-09-24 12:33:56,Ours,0.00802,3.1866272588697617,7.27,7.27,4,67.7235,1:07.72,61.665,4.7567,1.2957,270.5219,4:30.52,20,"0,18,6,8,17,11,4,9,12,10,5,19,15,7,1,3,16,13,2,14",0:59;18:43;6:53;8:31;17:39;11:49;4:56;9:22;12:63;10:64;5:73;19:47;15:24;7:45;1:40;3:34;16:45;13:49;2:60;14:32,"0:[0,1,2,4,6];18:[0,2,4,6];6:[0,1,2,4,6];8:[2,4,6];17:[2,4,6];11:[0,2,4,6];4:[0,1,2,4,6];9:[4,6];12:[0,1,2,4,5,6];10:[0,1,2,4,5,6];5:[0,1,2,4,5,6,7];19:[0,2,4,6];15:[4,6];7:[0,2,4,6];1:[0,2,4,6];3:[4,6];16:[0,2,4,6];13:[0,2,4,6];2:[0,1,2,4,5,6];14:[2,4,6]","c0:bw=59,experts=[0,1,2,4,6]; c18:bw=43,experts=[0,2,4,6]; c6:bw=53,experts=[0,1,2,4,6]; c8:bw=31,experts=[2,4,6]; c17:bw=39,experts=[2,4,6]; c11:bw=49,experts=[0,2,4,6]; c4:bw=56,experts=[0,1,2,4,6]; c9:bw=22,experts=[4,6]; c12:bw=63,experts=[0,1,2,4,5,6]; c10:bw=64,experts=[0,1,2,4,5,6]; c5:bw=73,experts=[0,1,2,4,5,6,7]; c19:bw=47,experts=[0,2,4,6]; c15:bw=24,experts=[4,6]; c7:bw=45,experts=[0,2,4,6]; c1:bw=40,experts=[0,2,4,6]; c3:bw=34,experts=[4,6]; c16:bw=45,experts=[0,2,4,6]; c13:bw=49,experts=[0,2,4,6]; c2:bw=60,experts=[0,1,2,4,5,6]; c14:bw=32,experts=[2,4,6]","1.8981,3.5740,2.4694,2.7481,2.6967,2.8320,3.9541,2.6811,2.9481,1.5727,1.6611,4.2948,3.4621,3.7262,4.2966,1.8829,2.5868,4.7713,3.0852,4.5236"
5,2026-09-24 12:35:03,Ours,0.01,3.1701547359850855,8.15,8.15,5,67.5573,1:07.56,61.8579,4.392,1.3004,338.0914,5:38.09,20,"5,2,10,19,0,12,9,16,1,4,17,8,11,6,18,7,14,15,13,3",5:40;2:10;10:35;19:19;0:50;12:55;9:62;16:32;1:20;4:48;17:64;8:37;11:21;6:53;18:10;7:24;14:53;15:45;13:36;3:63,"5:[2,4,6];2:[];10:[2,4,6];19:[4];0:[0,1,2,4,6];12:[0,1,2,4,6];9:[0,1,2,4,5,6];16:[2,4,6];1:[4,6];4:[1,2,4,6];17:[0,1,2,4,5,6];8:[2,4,6];11:[4];6:[0,1,2,4,6];18:[4];7:[4];14:[0,1,2,4,6];15:[2,4,6];13:[4,6];3:[0,1,2,4,5,6]","c5:bw=40,experts=[2,4,6]; c2:bw=10,experts=[]; c10:bw=35,experts=[2,4,6]; c19:bw=19,experts=[4]; c0:bw=50,experts=[0,1,2,4,6]; c12:bw=55,experts=[0,1,2,4,6]; c9:bw=62,experts=[0,1,2,4,5,6]; c16:bw=32,experts=[2,4,6]; c1:bw=20,experts=[4,6]; c4:bw=48,experts=[1,2,4,6]; c17:bw=64,experts=[0,1,2,4,5,6]; c8:bw=37,experts=[2,4,6]; c11:bw=21,experts=[4]; c6:bw=53,experts=[0,1,2,4,6]; c18:bw=10,experts=[4]; c7:bw=24,experts=[4]; c14:bw=53,experts=[0,1,2,4,6]; c15:bw=45,experts=[2,4,6]; c13:bw=36,experts=[4,6]; c3:bw=63,experts=[0,1,2,4,5,6]","1.6658,3.2190,1.5924,4.2738,1.8740,2.9800,2.7217,2.5807,4.3052,3.9496,2.7358,2.7199,2.8482,2.4657,3.5384,3.7615,4.5547,3.4930,4.7132,1.8651"
6,2026-09-24 12:36:11,Ours,0.01,3.104820639671671,9.71,9.71,6,68.0207,1:08.02,62.31,4.3901,1.316,406.1246,6:46.12,20,"3,1,4,5,15,16,9,10,13,2,18,19,11,17,7,8,6,0,12,14",3:36;1:32;4:17;5:27;15:33;16:54;9:48;10:10;13:15;2:42;18:40;19:37;11:31;17:27;7:58;8:67;6:20;0:31;12:62;14:40,"3:[2,4,6];1:[2,4,6];4:[];5:[4,6];15:[2,4,6];16:[0,1,2,4,6];9:[1,2,4,6];10:[4];13:[4];2:[0,2,4,6];18:[0,2,4,6];19:[2,4,6];11:[2,4,6];17:[4];7:[0,1,2,4,6];8:[0,1,2,4,5,6];6:[4,6];0:[4,6];12:[0,1,2,4,5,6];14:[0,2,4,6]","c3:bw=36,experts=[2,4,6]; c1:bw=32,experts=[2,4,6]; c4:bw=17,experts=[]; c5:bw=27,experts=[4,6]; c15:bw=33,experts=[2,4,6]; c16:bw=54,experts=[0,1,2,4,6]; c9:bw=48,experts=[1,2,4,6]; c10:bw=10,experts=[4]; c13:bw=15,experts=[4]; c2:bw=42,experts=[0,2,4,6]; c18:bw=40,experts=[0,2,4,6]; c19:bw=37,experts=[2,4,6]; c11:bw=31,experts=[2,4,6]; c17:bw=27,experts=[4]; c7:bw=58,experts=[0,1,2,4,6]; c8:bw=67,experts=[0,1,2,4,5,6]; c6:bw=20,experts=[4,6]; c0:bw=31,experts=[4,6]; c12:bw=62,experts=[0,1,2,4,5,6]; c14:bw=40,experts=[0,2,4,6]","1.8820,4.3884,3.9552,1.6673,3.5235,2.5899,2.6969,1.6034,4.8063,3.1583,3.5995,4.3095,2.9263,2.7341,3.8115,2.7506,2.4792,1.8829,3.0071,4.5382"
7,2026-09-24 12:37:19,Ours,0.01,3.1038189705933057,11.84,11.84,7,68.039,1:08.04,62.4339,4.298,1.301,474.179,7:54.18,20,"13,10,12,16,9,5,3,2,4,15,14,17,0,1,11,7,18,19,8,6",13:25;10:17;12:47;16:53;9:10;5:49;3:26;2:40;4:14;15:39;14:13;17:41;0:36;1:10;11:60;7:31;18:20;19:54;8:57;6:13,"13:[4,6];10:[4];12:[0,2,4,6];16:[0,1,2,4,6];9:[];5:[2,4,6];3:[4,6];2:[2,4,6];4:[4];15:[2,4,6];14:[];17:[1,2,4,6];0:[2,4,6];1:[];11:[0,1,2,4,5,6];7:[2,4,6];18:[4,6];19:[0,1,2,4,6];8:[0,1,2,4,6];6:[4]","c13:bw=25,experts=[4,6]; c10:bw=17,experts=[4]; c12:bw=47,experts=[0,2,4,6]; c16:bw=53,experts=[0,1,2,4,6]; c9:bw=10,experts=[]; c5:bw=49,experts=[2,4,6]; c3:bw=26,experts=[4,6]; c2:bw=40,experts=[2,4,6]; c4:bw=14,experts=[4]; c15:bw=39,experts=[2,4,6]; c14:bw=13,experts=[]; c17:bw=41,experts=[1,2,4,6]; c0:bw=36,experts=[2,4,6]; c1:bw=10,experts=[]; c11:bw=60,experts=[0,1,2,4,5,6]; c7:bw=31,experts=[2,4,6]; c18:bw=20,experts=[4,6]; c19:bw=54,experts=[0,1,2,4,6]; c8:bw=57,experts=[0,1,2,4,6]; c6:bw=13,experts=[4]","4.8436,1.5880,3.0098,2.6037,2.7284,1.6923,1.8875,3.1560,3.9292,3.5334,4.5813,2.7347,1.8808,4.3503,2.8840,3.8262,3.6063,4.3509,2.7572,2.4901"
8,2026-09-24 12:38:28,Ours,0.01,3.107023858514247,13.2,13.2,8,68.7802,1:08.78,62.877,4.6219,1.2791,542.9727,9:02.97,20,"17,18,1,5,3,15,7,11,16,8,10,12,6,9,19,0,2,13,14,4",17:56;18:39;1:58;5:28;3:37;15:66;7:15;11:45;16:45;8:37;10:51;12:51;6:41;9:59;19:31;0:32;2:54;13:35;14:59;4:10,"17:[2,3,4,6,7];18:[1,3,5];1:[3,4,5,6,7];5:[3,4];3:[3,4,7];15:[1,2,3,4,6,7];7:[3];11:[3,4,6,7];16:[3,4,5,7];8:[3,4,7];10:[2,3,4,6,7];12:[2,3,4,6,7];6:[3,4,5,7];9:[3,4,6,7];19:[3,5,7];0:[3,5,7];2:[2,3,4,6,7];13:[3,5,7];14:[3,4,5,6,7];4:[]","c17:bw=56,experts=[2,3,4,6,7]; c18:bw=39,experts=[1,3,5]; c1:bw=58,experts=[3,4,5,6,7]; c5:bw=28,experts=[3,4]; c3:bw=37,experts=[3,4,7]; c15:bw=66,experts=[1,2,3,4,6,7]; c7:bw=15,experts=[3]; c11:bw=45,experts=[3,4,6,7]; c16:bw=45,experts=[3,4,5,7]; c8:bw=37,experts=[3,4,7]; c10:bw=51,experts=[2,3,4,6,7]; c12:bw=51,experts=[2,3,4,6,7]; c6:bw=41,experts=[3,4,5,7]; c9:bw=59,experts=[3,4,6,7]; c19:bw=31,experts=[3,5,7]; c0:bw=32,experts=[3,5,7]; c2:bw=54,experts=[2,3,4,6,7]; c13:bw=35,experts=[3,5,7]; c14:bw=59,experts=[3,4,5,6,7]; c4:bw=10,experts=[]","2.7678,3.7223,4.3615,1.7094,1.8977,3.5147,3.8316,2.9081,2.6097,2.7526,1.6258,3.0255,2.4981,2.7439,4.3261,1.9093,3.1652,4.8935,4.5876,4.0266"
9,2026-09-24 12:39:37,Ours,0.01,2.908205502635039,15.91,15.91,9,68.6488,1:08.65,63.0334,4.3212,1.292,611.6364,10:11.64,20,"17,11,7,13,0,9,4,8,1,5,2,16,19,15,3,18,10,14,12,6",17:49;11:28;7:46;13:41;0:52;9:26;4:59;8:18;1:14;5:52;2:21;16:41;19:26;15:36;3:23;18:53;10:34;14:37;12:38;6:31,"17:[2,4,6];11:[4,6];7:[4,5,6,7];13:[0,2,4,6];0:[0,2,4,6];9:[4];4:[3,4,5,7];8:[4];1:[];5:[0,1,2,4,6];2:[4,6];16:[0,2,4,6];19:[4];15:[2,4,6];3:[4];18:[0,2,4,6,7];10:[4,6];14:[2,4,6];12:[4,6];6:[2,4,6]","c17:bw=49,experts=[2,4,6]; c11:bw=28,experts=[4,6]; c7:bw=46,experts=[4,5,6,7]; c13:bw=41,experts=[0,2,4,6]; c0:bw=52,experts=[0,2,4,6]; c9:bw=26,experts=[4]; c4:bw=59,experts=[3,4,5,7]; c8:bw=18,experts=[4]; c1:bw=14,experts=[]; c5:bw=52,experts=[0,1,2,4,6]; c2:bw=21,experts=[4,6]; c16:bw=41,experts=[0,2,4,6]; c19:bw=26,experts=[4]; c15:bw=36,experts=[2,4,6]; c3:bw=23,experts=[4]; c18:bw=53,experts=[0,2,4,6,7]; c10:bw=34,experts=[4,6]; c14:bw=37,experts=[2,4,6]; c12:bw=38,experts=[4,6]; c6:bw=31,experts=[2,4,6]","2.8021,2.9118,3.8732,4.9111,1.9204,2.7646,3.9877,2.7699,4.3619,1.6987,3.1980,2.6015,4.3225,3.5710,1.8853,3.6788,1.6388,4.6070,3.0338,2.4950"
10,2026-09-24 12:40:46,Ours,0.01,2.8556350194751134,18.48,18.48,10,69.3095,1:09.31,63.457,4.5583,1.292,680.9621,11:20.96,20,"4,9,1,15,7,5,16,2,18,3,12,17,8,14,0,13,6,10,19,11",4:37;9:35;1:41;15:10;7:37;5:58;16:44;2:34;18:28;3:46;12:52;17:35;8:35;14:57;0:59;13:38;6:65;10:54;19:43;11:21,"4:[2,4,6];9:[2,4,6];1:[1,2,4,6];15:[0];7:[2,4,6];5:[1,2,4,5,6];16:[0,2,4,6];2:[2,4,6];18:[4,6];3:[1,2,4,6];12:[0,1,2,4,6];17:[2,4,6];8:[2,4,6];14:[0,1,2,4,6];0:[0,1,2,4,6];13:[2,4,6];6:[0,1,2,4,5,6];10:[1,2,4,6];19:[1,2,4,6];11:[4,6]","c4:bw=37,experts=[2,4,6]; c9:bw=35,experts=[2,4,6]; c1:bw=41,experts=[1,2,4,6]; c15:bw=10,experts=[0]; c7:bw=37,experts=[2,4,6]; c5:bw=58,experts=[1,2,4,5,6]; c16:bw=44,experts=[0,2,4,6]; c2:bw=34,experts=[2,4,6]; c18:bw=28,experts=[4,6]; c3:bw=46,experts=[1,2,4,6]; c12:bw=52,experts=[0,1,2,4,6]; c17:bw=35,experts=[2,4,6]; c8:bw=35,experts=[2,4,6]; c14:bw=57,experts=[0,1,2,4,6]; c0:bw=59,experts=[0,1,2,4,6]; c13:bw=38,experts=[2,4,6]; c6:bw=65,experts=[0,1,2,4,5,6]; c10:bw=54,experts=[1,2,4,6]; c19:bw=43,experts=[1,2,4,6]; c11:bw=21,experts=[4,6]","4.0348,2.7782,4.4614,3.6076,3.8900,1.7254,2.6487,3.2027,3.6580,1.9089,3.0756,2.7592,2.7975,4.6092,1.9297,4.8829,2.5348,1.6571,4.3743,2.9209"
11,2026-09-24 12:41:55,Ours,0.01,2.7673966910704015,19.56,19.56,11,68.8982,1:08.90,63.2367,4.3321,1.3273,749.8762,12:29.88,20,"2,6,16,4,17,1,13,12,19,3,8,15,5,10,14,7,11,9,18,0",2:27;6:55;16:43;4:16;17:44;1:40;13:40;12:20;19:25;3:50;8:39;15:44;5:28;10:35;14:15;7:44;11:34;9:33;18:47;0:28,"2:[4];6:[0,1,2,4,6];16:[1,2,4,6];4:[4];17:[1,2,4,6];1:[1,2,4,6];13:[1,4,6];12:[4,6];19:[4];3:[0,1,2,4,6];8:[4,6];15:[4,5,6];5:[4];10:[2,4,6];14:[4];7:[1,2,4,6];11:[2,4,6];9:[2,4,6];18:[1,2,4,6];0:[4,6]","c2:bw=27,experts=[4]; c6:bw=55,experts=[0,1,2,4,6]; c16:bw=43,experts=[1,2,4,6]; c4:bw=16,experts=[4]; c17:bw=44,experts=[1,2,4,6]; c1:bw=40,experts=[1,2,4,6]; c13:bw=40,experts=[1,4,6]; c12:bw=20,experts=[4,6]; c19:bw=25,experts=[4]; c3:bw=50,experts=[0,1,2,4,6]; c8:bw=39,experts=[4,6]; c15:bw=44,experts=[4,5,6]; c5:bw=28,experts=[4]; c10:bw=35,experts=[2,4,6]; c14:bw=15,experts=[4]; c7:bw=44,experts=[1,2,4,6]; c11:bw=34,experts=[2,4,6]; c9:bw=33,experts=[2,4,6]; c18:bw=47,experts=[1,2,4,6]; c0:bw=28,experts=[4,6]","3.1696,2.5551,2.6498,3.9712,2.7676,4.4565,4.8948,3.0219,4.3281,1.8981,2.7856,3.5746,1.7159,1.6467,4.6162,3.9092,2.9680,2.7765,3.6453,1.8860"
12,2026-09-24 12:43:05,Ours,0.01,2.713350555380624,20.44,20.44,12,69.5095,1:09.51,63.5968,4.575,1.3319,819.4012,13:39.40,20,"14,3,9,18,8,11,17,6,5,12,19,13,10,15,7,0,4,16,2,1",14:29;3:35;9:42;18:45;8:55;11:45;17:39;6:29;5:56;12:73;19:31;13:53;10:62;15:36;7:30;0:49;4:28;16:28;2:57;1:42,"14:[4,6];3:[2,4,6];9:[1,2,4,6];18:[2,4,6];8:[1,2,4,5,6];11:[1,2,4,6];17:[2,4,6];6:[4,6];5:[1,2,4,6,7];12:[0,1,2,4,5,6,7];19:[4,6];13:[1,2,4,5,6];10:[0,1,2,4,5,6];15:[4,6];7:[2,4,6];0:[1,2,4,6];4:[0,4];16:[4,6];2:[1,2,4,5,6];1:[0,2,4,6]","c14:bw=29,experts=[4,6]; c3:bw=35,experts=[2,4,6]; c9:bw=42,experts=[1,2,4,6]; c18:bw=45,experts=[2,4,6]; c8:bw=55,experts=[1,2,4,5,6]; c11:bw=45,experts=[1,2,4,6]; c17:bw=39,experts=[2,4,6]; c6:bw=29,experts=[4,6]; c5:bw=56,experts=[1,2,4,6,7]; c12:bw=73,experts=[0,1,2,4,5,6,7]; c19:bw=31,experts=[4,6]; c13:bw=53,experts=[1,2,4,5,6]; c10:bw=62,experts=[0,1,2,4,5,6]; c15:bw=36,experts=[4,6]; c7:bw=30,experts=[2,4,6]; c0:bw=49,experts=[1,2,4,6]; c4:bw=28,experts=[0,4]; c16:bw=28,experts=[4,6]; c2:bw=57,experts=[1,2,4,5,6]; c1:bw=42,experts=[0,2,4,6]","4.6208,1.9076,2.8138,3.6797,2.8349,2.9345,2.7631,2.5292,1.7205,3.0852,4.3808,4.8984,1.6390,3.5856,3.8862,1.9135,4.0037,2.7034,3.2374,4.4596"
13,2026-09-24 12:44:14,Ours,0.01,2.717466678344043,22.51,22.51,13,69.0116,1:09.01,63.3474,4.3664,1.2956,888.4268,14:48.43,20,"9,8,6,14,13,2,19,12,1,17,4,15,18,0,16,7,10,3,5,11",9:15;8:15;6:36;14:70;13:32;2:16;19:36;12:42;1:47;17:55;4:10;15:38;18:51;0:25;16:10;7:58;10:42;3:30;5:29;11:52,"9:[0];8:[4];6:[2,4,6];14:[0,1,2,4,5,6,7];13:[2,4,6];2:[4];19:[2,4,6];12:[2,4,6];1:[1,2,4,6];17:[0,2,4,5,6];4:[];15:[4,6];18:[1,2,4,5,6];0:[4];16:[4];7:[0,1,2,4,6];10:[2,4,6];3:[4,5,6];5:[4,6];11:[0,1,2,4,6]","c9:bw=15,experts=[0]; c8:bw=15,experts=[4]; c6:bw=36,experts=[2,4,6]; c14:bw=70,experts=[0,1,2,4,5,6,7]; c13:bw=32,experts=[2,4,6]; c2:bw=16,experts=[4]; c19:bw=36,experts=[2,4,6]; c12:bw=42,experts=[2,4,6]; c1:bw=47,experts=[1,2,4,6]; c17:bw=55,experts=[0,2,4,5,6]; c4:bw=10,experts=[]; c15:bw=38,experts=[4,6]; c18:bw=51,experts=[1,2,4,5,6]; c0:bw=25,experts=[4]; c16:bw=10,experts=[4]; c7:bw=58,experts=[0,1,2,4,6]; c10:bw=42,experts=[2,4,6]; c3:bw=30,experts=[4,5,6]; c5:bw=29,experts=[4,6]; c11:bw=52,experts=[0,1,2,4,6]","2.7699,2.8090,2.5452,4.6723,4.8959,3.1790,4.3612,3.0379,4.4362,2.7770,4.0151,3.5967,3.6986,1.8808,2.6075,3.8900,1.6420,1.8971,1.6941,2.9418"
14,2026-09-24 12:45:23,Ours,0.01,2.6557433661525236,24.48,24.48,14,68.9666,1:08.97,63.3295,4.331,1.3039,957.4086,15:57.41,20,"5,11,4,19,9,1,12,10,7,0,8,13,6,17,16,14,18,3,2,15",5:64;11:36;4:10;19:42;9:32;1:38;12:43;10:31;7:25;0:25;8:21;13:34;6:67;17:10;16:19;14:25;18:63;3:45;2:45;15:12,"5:[0,1,2,4,5,6];11:[2,4,6];4:[1];19:[2,4,5,6];9:[4,5];1:[2,4,6];12:[2,4,5,6];10:[4,6];7:[4];0:[4,6];8:[4,6];13:[2,4,6];6:[0,1,2,4,5,6];17:[];16:[4];14:[4,6];18:[0,1,2,4,5,6];3:[1,2,4,6];2:[0,2,4,6];15:[4]","c5:bw=64,experts=[0,1,2,4,5,6]; c11:bw=36,experts=[2,4,6]; c4:bw=10,experts=[1]; c19:bw=42,experts=[2,4,5,6]; c9:bw=32,experts=[4,5]; c1:bw=38,experts=[2,4,6]; c12:bw=43,experts=[2,4,5,6]; c10:bw=31,experts=[4,6]; c7:bw=25,experts=[4]; c0:bw=25,experts=[4,6]; c8:bw=21,experts=[4,6]; c13:bw=34,experts=[2,4,6]; c6:bw=67,experts=[0,1,2,4,5,6]; c17:bw=10,experts=[]; c16:bw=19,experts=[4]; c14:bw=25,experts=[4,6]; c18:bw=63,experts=[0,1,2,4,5,6]; c3:bw=45,experts=[1,2,4,6]; c2:bw=45,experts=[0,2,4,6]; c15:bw=12,experts=[4]","1.7043,2.8996,4.0524,4.3656,2.7525,4.4263,3.0647,1.6417,3.8404,1.9100,2.7956,4.8910,2.5613,2.7620,2.6136,4.6289,3.7479,1.9003,3.2104,3.5610"
15,2026-09-24 12:46:32,Ours,0.01,2.6783726004618087,25.48,25.48,15,69.3441,1:09.34,63.696,4.3325,1.3133,1026.7674,17:06.77,20,"14,16,19,13,4,12,5,7,10,1,0,15,3,8,18,11,6,2,9,17",14:50;16:29;19:59;13:60;4:47;12:10;5:18;7:59;10:13;1:14;0:20;15:10;3:10;8:52;18:34;11:55;6:33;2:53;9:19;17:47,"14:[0,2,4,5,6];16:[4];19:[0,1,2,4,6];13:[0,1,2,4,5,6];4:[2,4,5,6];12:[];5:[4];7:[2,4,5,6];10:[];1:[4];0:[4,6];15:[4];3:[4];8:[0,2,4,5,6];18:[2,4,6];11:[1,2,4,5,6];6:[2,4,6];2:[0,1,2,4,6];9:[];17:[2,4,5,6]","c14:bw=50,experts=[0,2,4,5,6]; c16:bw=29,experts=[4]; c19:bw=59,experts=[0,1,2,4,6]; c13:bw=60,experts=[0,1,2,4,5,6]; c4:bw=47,experts=[2,4,5,6]; c12:bw=10,experts=[]; c5:bw=18,experts=[4]; c7:bw=59,experts=[2,4,5,6]; c10:bw=13,experts=[]; c1:bw=14,experts=[4]; c0:bw=20,experts=[4,6]; c15:bw=10,experts=[4]; c3:bw=10,experts=[4]; c8:bw=52,experts=[0,2,4,5,6]; c18:bw=34,experts=[2,4,6]; c11:bw=55,experts=[1,2,4,5,6]; c6:bw=33,experts=[2,4,6]; c2:bw=53,experts=[0,1,2,4,6]; c9:bw=19,experts=[]; c17:bw=47,experts=[2,4,5,6]","4.6833,2.6602,4.4393,4.9118,4.0473,3.0592,1.6909,3.8914,1.6252,4.4479,1.9268,3.5861,1.8923,2.8265,3.7091,2.9535,2.5479,3.2340,2.7622,2.8011"
16,2026-09-24 12:47:42,Ours,0.01,2.713655416055559,25.39,25.48,15,69.6536,1:09.65,63.9802,4.3374,1.3295,1096.4364,18:16.44,20,"6,11,4,1,18,9,14,13,10,0,12,5,7,3,17,16,15,2,19,8",6:40;11:10;4:35;1:29;18:12;9:24;14:29;13:24;10:22;0:57;12:14;5:40;7:22;3:43;17:43;16:54;15:48;2:52;19:62;8:49,"6:[3,4,7];11:[3];4:[2,4,6];1:[3];18:[];9:[3,7];14:[3,4];13:[3];10:[3];0:[3,4,5,6,7];12:[3];5:[2,3,4,6];7:[3,4];3:[3,4,6,7];17:[3,4,7];16:[3,4,5,6,7];15:[1,3,4,7];2:[3,4,6,7];19:[2,3,4,5,6,7];8:[3,4,6,7]","c6:bw=40,experts=[3,4,7]; c11:bw=10,experts=[3]; c4:bw=35,experts=[2,4,6]; c1:bw=29,experts=[3]; c18:bw=12,experts=[]; c9:bw=24,experts=[3,7]; c14:bw=29,experts=[3,4]; c13:bw=24,experts=[3]; c10:bw=22,experts=[3]; c0:bw=57,experts=[3,4,5,6,7]; c12:bw=14,experts=[3]; c5:bw=40,experts=[2,3,4,6]; c7:bw=22,experts=[3,4]; c3:bw=43,experts=[3,4,6,7]; c17:bw=43,experts=[3,4,7]; c16:bw=54,experts=[3,4,5,6,7]; c15:bw=48,experts=[1,3,4,7]; c2:bw=52,experts=[3,4,6,7]; c19:bw=62,experts=[2,3,4,5,6,7]; c8:bw=49,experts=[3,4,6,7]","2.6042,3.0000,4.0606,4.4048,3.7467,2.7531,4.6599,4.9443,1.6282,1.9273,3.0579,1.7291,3.8750,1.9174,2.7995,2.6735,3.6511,3.2469,4.4292,2.8716"
17,2026-09-24 12:48:52,Ours,0.01,2.531416336265346,28.35,28.35,17,69.9402,1:09.94,64.2237,4.3786,1.3356,1166.3928,19:26.39,20,"14,7,12,6,11,4,16,9,10,0,3,8,18,5,19,1,13,17,2,15",14:33;7:25;12:74;6:39;11:10;4:58;16:30;9:37;10:44;0:11;3:52;8:10;18:31;5:10;19:40;1:29;13:27;17:11;2:19;15:50,"14:[4,6];7:[4,7];12:[0,1,2,4,5,6,7];6:[4,5,6];11:[7];4:[2,3,4,6,7];16:[4,5,6];9:[2,4,6];10:[4,6,7];0:[4];3:[0,2,4,5,6];8:[4];18:[3,4,7];5:[4];19:[2,4,5,6];1:[5,7];13:[4,7];17:[4];2:[4];15:[0,2,4,5,6]","c14:bw=33,experts=[4,6]; c7:bw=25,experts=[4,7]; c12:bw=74,experts=[0,1,2,4,5,6,7]; c6:bw=39,experts=[4,5,6]; c11:bw=10,experts=[7]; c4:bw=58,experts=[2,3,4,6,7]; c16:bw=30,experts=[4,5,6]; c9:bw=37,experts=[2,4,6]; c10:bw=44,experts=[4,6,7]; c0:bw=11,experts=[4]; c3:bw=52,experts=[0,2,4,5,6]; c8:bw=10,experts=[4]; c18:bw=31,experts=[3,4,7]; c5:bw=10,experts=[4]; c19:bw=40,experts=[2,4,5,6]; c1:bw=29,experts=[5,7]; c13:bw=27,experts=[4,7]; c17:bw=11,experts=[4]; c2:bw=19,experts=[4]; c15:bw=50,experts=[0,2,4,5,6]","4.7289,3.9576,3.1293,2.5829,2.9903,4.0682,2.6789,2.8043,1.6483,1.9206,1.9244,2.8180,3.7573,1.7176,4.4556,4.4160,4.9383,2.7946,3.2338,3.6587"
18,2026-09-24 12:50:02,Ours,0.01,2.4528652591193,30.91,30.91,18,70.2859,1:10.29,64.5463,4.4119,1.3253,1236.6954,20:36.70,20,"7,3,4,18,1,12,8,9,14,17,19,13,6,5,2,10,11,15,0,16",7:55;3:37;4:56;18:60;1:10;12:18;8:10;9:19;14:40;17:50;19:33;13:43;6:31;5:35;2:37;10:27;11:57;15:51;0:49;16:38,"7:[1,2,4,5,6];3:[2,4,6];4:[1,2,4,5,6];18:[0,2,4,5,6];1:[4];12:[4];8:[4];9:[4];14:[2,4,5,6];17:[1,2,4,5,6];19:[4,6];13:[2,4,5,6];6:[2,4,6];5:[4,6];2:[4,6];10:[4,6];11:[1,2,4,6];15:[0,2,4,5,6];0:[0,2,4,6];16:[0,4,6]","c7:bw=55,experts=[1,2,4,5,6]; c3:bw=37,experts=[2,4,6]; c4:bw=56,experts=[1,2,4,5,6]; c18:bw=60,experts=[0,2,4,5,6]; c1:bw=10,experts=[4]; c12:bw=18,experts=[4]; c8:bw=10,experts=[4]; c9:bw=19,experts=[4]; c14:bw=40,experts=[2,4,5,6]; c17:bw=50,experts=[1,2,4,5,6]; c19:bw=33,experts=[4,6]; c13:bw=43,experts=[2,4,5,6]; c6:bw=31,experts=[2,4,6]; c5:bw=35,experts=[4,6]; c2:bw=37,experts=[4,6]; c10:bw=27,experts=[4,6]; c11:bw=57,experts=[1,2,4,6]; c15:bw=51,experts=[0,2,4,5,6]; c0:bw=49,experts=[0,2,4,6]; c16:bw=38,experts=[0,4,6]","3.9860,1.9557,4.0979,3.8204,4.4829,3.0828,2.8331,2.8091,4.7031,2.8123,4.4239,4.9867,2.5891,1.7329,3.2381,1.6510,3.0009,3.6912,1.9670,2.6821"
19,2026-09-24 12:51:12,Ours,0.01,2.477426127725783,29.86,30.91,18,70.3147,1:10.31,64.613,4.3894,1.31,1307.0271,21:47.03,20,"8,7,1,6,9,10,11,19,13,5,17,12,18,16,3,2,15,4,0,14",8:56;7:22;1:46;6:66;9:38;10:35;11:20;19:37;13:10;5:29;17:67;12:54;18:31;16:13;3:40;2:14;15:39;4:51;0:42;14:30,"8:[1,2,4,5,6];7:[4,6];1:[4,5,6];6:[0,1,2,4,5,6];9:[4,6];10:[4,5,6];11:[4];19:[2,4,6];13:[];5:[4,6];17:[0,1,2,4,5,6];12:[0,2,4,5,6];18:[4,5,6];16:[1];3:[2,4,5,6];2:[];15:[2,4,6];4:[0,2,4,5,6];0:[2,4,5,6];14:[2,4,6]","c8:bw=56,experts=[1,2,4,5,6]; c7:bw=22,experts=[4,6]; c1:bw=46,experts=[4,5,6]; c6:bw=66,experts=[0,1,2,4,5,6]; c9:bw=38,experts=[4,6]; c10:bw=35,experts=[4,5,6]; c11:bw=20,experts=[4]; c19:bw=37,experts=[2,4,6]; c13:bw=10,experts=[]; c5:bw=29,experts=[4,6]; c17:bw=67,experts=[0,1,2,4,5,6]; c12:bw=54,experts=[0,2,4,5,6]; c18:bw=31,experts=[4,5,6]; c16:bw=13,experts=[1]; c3:bw=40,experts=[2,4,5,6]; c2:bw=14,experts=[]; c15:bw=39,experts=[2,4,6]; c4:bw=51,experts=[0,2,4,5,6]; c0:bw=42,experts=[2,4,5,6]; c14:bw=30,experts=[2,4,6]","2.8908,3.9819,4.4982,2.5931,2.8230,1.7301,2.9597,4.4582,4.9905,1.7238,2.8502,3.1400,3.7931,2.6584,1.9350,3.2443,3.6251,4.0800,1.9389,4.6988"
20,2026-09-24 12:52:22,Ours,0.01,2.5013787765616624,31.98,31.98,20,70.1537,1:10.15,64.4873,4.3395,1.3246,1377.197,22:57.20,20,"17,4,3,10,6,13,14,11,7,16,12,5,9,8,1,15,19,18,0,2",17:48;4:59;3:18;10:16;6:68;13:40;14:30;11:10;7:43;16:40;12:44;5:10;9:17;8:50;1:40;15:19;19:48;18:21;0:28;2:41,"17:[2,4,5,6];4:[1,2,4,5,6];3:[4];10:[0];6:[0,1,2,4,5,6];13:[2,4,6];14:[4,5,6];11:[];7:[2,4,6];16:[2,4,5,6];12:[2,4,5,6];5:[7];9:[1];8:[1,2,4,5,6];1:[0,4,6];15:[4];19:[2,4,6];18:[4,6];0:[1];2:[2,4,5,6]","c17:bw=48,experts=[2,4,5,6]; c4:bw=59,experts=[1,2,4,5,6]; c3:bw=18,experts=[4]; c10:bw=16,experts=[0]; c6:bw=68,experts=[0,1,2,4,5,6]; c13:bw=40,experts=[2,4,6]; c14:bw=30,experts=[4,5,6]; c11:bw=10,experts=[]; c7:bw=43,experts=[2,4,6]; c16:bw=40,experts=[2,4,5,6]; c12:bw=44,experts=[2,4,5,6]; c5:bw=10,experts=[7]; c9:bw=17,experts=[1]; c8:bw=50,experts=[1,2,4,5,6]; c1:bw=40,experts=[0,4,6]; c15:bw=19,experts=[4]; c19:bw=48,experts=[2,4,6]; c18:bw=21,experts=[4,6]; c0:bw=28,experts=[1]; c2:bw=41,experts=[2,4,5,6]","2.8419,4.1149,1.9557,1.6376,2.6080,5.0103,4.7025,2.9816,3.9268,2.6743,3.1082,1.7306,2.8071,2.8624,4.4617,3.6375,4.4419,3.8028,1.9482,3.2333"
21,2026-09-24 12:53:33,Ours,0.01,2.4673342251950654,32.02,32.02,21,70.394,1:10.39,64.756,4.3106,1.3251,1447.6083,24:07.61,20,"13,14,15,17,3,4,18,19,2,11,12,9,6,5,10,8,0,7,16,1",13:23;14:31;15:19;17:35;3:10;4:48;18:60;19:58;2:39;11:23;12:38;9:25;6:16;5:32;10:40;8:18;0:66;7:12;16:33;1:41,"13:[4,6];14:[1,4,7];15:[];17:[1,4,6];3:[];4:[2,4,5,6];18:[0,1,2,4,5,6];19:[1,2,4,5,6];2:[4,5,6];11:[0];12:[4,6];9:[0,4];6:[4];5:[4,5,6];10:[1,2,4,6];8:[];0:[0,1,2,4,5,6];7:[0];16:[4,5,6];1:[0,1,4,6]","c13:bw=23,experts=[4,6]; c14:bw=31,experts=[1,4,7]; c15:bw=19,experts=[]; c17:bw=35,experts=[1,4,6]; c3:bw=10,experts=[]; c4:bw=48,experts=[2,4,5,6]; c18:bw=60,experts=[0,1,2,4,5,6]; c19:bw=58,experts=[1,2,4,5,6]; c2:bw=39,experts=[4,5,6]; c11:bw=23,experts=[0]; c12:bw=38,experts=[4,6]; c9:bw=25,experts=[0,4]; c6:bw=16,experts=[4]; c5:bw=32,experts=[4,5,6]; c10:bw=40,experts=[1,2,4,6]; c8:bw=18,experts=[]; c0:bw=66,experts=[0,1,2,4,5,6]; c7:bw=12,experts=[0]; c16:bw=33,experts=[4,5,6]; c1:bw=41,experts=[0,1,4,6]","4.9915,4.7587,3.6968,2.8344,1.9174,4.1027,3.8427,4.4742,3.2358,2.9794,3.1301,2.8195,2.5836,1.7392,1.6819,2.8296,1.9595,3.9351,2.7042,4.5395"
22,2026-09-24 12:54:44,Ours,0.01,2.3397440829455864,34.47,34.47,22,70.8625,1:10.86,65.0165,4.5004,1.3433,1518.4879,25:18.49,20,"4,19,8,17,18,5,10,16,9,1,6,2,11,14,13,15,7,0,12,3",4:36;19:45;8:33;17:62;18:15;5:17;10:10;16:34;9:33;1:10;6:61;2:66;11:43;14:48;13:34;15:66;7:16;0:67;12:64;3:56,"4:[4,5,6];19:[0,4,5,6];8:[4,5,6];17:[0,1,2,4,5,6];18:[4];5:[];10:[4];16:[4,6];9:[4,5,6];1:[2];6:[0,1,2,4,5,6];2:[0,2,4,5,6];11:[0,4,5,6];14:[0,4,5,6];13:[2,4,6];15:[0,1,2,4,5,6];7:[4];0:[0,1,2,4,5,6];12:[0,1,2,4,5,6];3:[1,4,5,6]","c4:bw=36,experts=[4,5,6]; c19:bw=45,experts=[0,4,5,6]; c8:bw=33,experts=[4,5,6]; c17:bw=62,experts=[0,1,2,4,5,6]; c18:bw=15,experts=[4]; c5:bw=17,experts=[]; c10:bw=10,experts=[4]; c16:bw=34,experts=[4,6]; c9:bw=33,experts=[4,5,6]; c1:bw=10,experts=[2]; c6:bw=61,experts=[0,1,2,4,5,6]; c2:bw=66,experts=[0,2,4,5,6]; c11:bw=43,experts=[0,4,5,6]; c14:bw=48,experts=[0,4,5,6]; c13:bw=34,experts=[2,4,6]; c15:bw=66,experts=[0,1,2,4,5,6]; c7:bw=16,experts=[4]; c0:bw=67,experts=[0,1,2,4,5,6]; c12:bw=64,experts=[0,1,2,4,5,6]; c3:bw=56,experts=[1,4,5,6]","4.1416,4.5070,2.8815,2.8671,3.8168,1.7300,1.6692,2.7134,2.8474,4.4869,2.6247,3.2869,2.9980,4.7445,5.0149,3.7176,3.9152,1.9641,3.1438,1.9456"
23,2026-09-24 12:55:55,Ours,0.01,2.283004017372453,35.97,35.97,23,71.147,1:11.15,65.3151,4.527,1.3026,1589.6523,26:29.65,20,"2,13,1,19,8,15,3,6,18,12,7,0,4,11,10,17,14,5,9,16",2:32;13:54;1:62;19:21;8:35;15:29;3:15;6:10;18:26;12:26;7:15;0:11;4:56;11:52;10:67;17:70;14:52;5:52;9:50;16:56,"2:[1,4,6];13:[0,1,4,5,6];1:[0,1,2,4,5,6];19:[4,6];8:[0,4,6];15:[4];3:[4];6:[4];18:[4,6];12:[4,6];7:[4];0:[4];4:[0,1,4,5,6];11:[1,2,4,5,6];10:[0,1,2,4,5,6];17:[0,1,2,4,5,6];14:[0,1,4,5,6];5:[0,1,4,5,6];9:[0,1,4,5,6];16:[0,1,4,5,6]","c2:bw=32,experts=[1,4,6]; c13:bw=54,experts=[0,1,4,5,6]; c1:bw=62,experts=[0,1,2,4,5,6]; c19:bw=21,experts=[4,6]; c8:bw=35,experts=[0,4,6]; c15:bw=29,experts=[4]; c3:bw=15,experts=[4]; c6:bw=10,experts=[4]; c18:bw=26,experts=[4,6]; c12:bw=26,experts=[4,6]; c7:bw=15,experts=[4]; c0:bw=11,experts=[4]; c4:bw=56,experts=[0,1,4,5,6]; c11:bw=52,experts=[1,2,4,5,6]; c10:bw=67,experts=[0,1,2,4,5,6]; c17:bw=70,experts=[0,1,2,4,5,6]; c14:bw=52,experts=[0,1,4,5,6]; c5:bw=52,experts=[0,1,4,5,6]; c9:bw=50,experts=[0,1,4,5,6]; c16:bw=56,experts=[0,1,4,5,6]","3.2859,5.0880,4.5749,4.4892,2.9069,3.7070,1.9350,2.6164,3.8248,3.1312,3.9696,1.9483,4.1392,3.0211,1.7231,2.8679,4.7905,1.7414,2.8521,2.7026"
24,2026-09-24 12:57:06,Ours,0.01,2.41597326193618,35.81,35.97,23,70.7761,1:10.78,65.008,4.4259,1.3399,1660.4461,27:40.45,20,"3,14,13,5,8,10,4,17,6,16,18,0,19,9,11,1,12,15,7,2",3:10;14:42;13:50;5:25;8:18;10:39;4:12;17:56;6:30;16:41;18:72;0:31;19:55;9:50;11:10;1:10;12:37;15:44;7:10;2:43,"3:[3];14:[0,3,4,6];13:[3,4,5,6];5:[2];8:[3];10:[3,4,6];4:[];17:[3,4,5,6,7];6:[3,4,7];16:[3,4,7];18:[0,1,2,4,5,6,7];0:[3,4,7];19:[3,4,5,6,7];9:[1,3,4,6,7];11:[3];1:[3];12:[3,4,6];15:[3,4,6,7];7:[3];2:[3,4,6,7]","c3:bw=10,experts=[3]; c14:bw=42,experts=[0,3,4,6]; c13:bw=50,experts=[3,4,5,6]; c5:bw=25,experts=[2]; c8:bw=18,experts=[3]; c10:bw=39,experts=[3,4,6]; c4:bw=12,experts=[]; c17:bw=56,experts=[3,4,5,6,7]; c6:bw=30,experts=[3,4,7]; c16:bw=41,experts=[3,4,7]; c18:bw=72,experts=[0,1,2,4,5,6,7]; c0:bw=31,experts=[3,4,7]; c19:bw=55,experts=[3,4,5,6,7]; c9:bw=50,experts=[1,3,4,6,7]; c11:bw=10,experts=[3]; c1:bw=10,experts=[3]; c12:bw=37,experts=[3,4,6]; c15:bw=44,experts=[3,4,6,7]; c7:bw=10,experts=[3]; c2:bw=43,experts=[3,4,6,7]","1.9347,4.7751,5.0560,1.7469,2.8417,1.6696,4.1157,2.8691,2.6180,2.6974,3.8669,1.9654,4.4890,2.8530,3.0208,4.4484,3.1184,3.7047,3.9430,3.2742"
25,2026-09-24 12:58:17,Ours,0.01,2.2777799667518925,37.46,37.46,25,71.1684,1:11.17,65.3135,4.5484,1.3042,1731.6327,28:51.63,20,"18,15,3,2,12,6,9,10,16,4,7,19,5,13,1,14,17,0,11,8",18:59;15:29;3:14;2:12;12:36;6:16;9:40;10:25;16:52;4:58;7:40;19:57;5:64;13:56;1:49;14:26;17:52;0:56;11:60;8:55,"18:[0,3,4,5,6];15:[4,5];3:[];2:[];12:[4,7];6:[4];9:[2,4,6];10:[4,7];16:[0,1,4,5,6];4:[3,4,5,6,7];7:[1,4,6,7];19:[0,1,4,5,6];5:[0,1,3,4,5,6];13:[4,5,6,7];1:[4,5,6,7];14:[4];17:[0,1,2,4,6];0:[0,1,4,5,6];11:[1,4,5,6,7];8:[0,4,5,6,7]","c18:bw=59,experts=[0,3,4,5,6]; c15:bw=29,experts=[4,5]; c3:bw=14,experts=[]; c2:bw=12,experts=[]; c12:bw=36,experts=[4,7]; c6:bw=16,experts=[4]; c9:bw=40,experts=[2,4,6]; c10:bw=25,experts=[4,7]; c16:bw=52,experts=[0,1,4,5,6]; c4:bw=58,experts=[3,4,5,6,7]; c7:bw=40,experts=[1,4,6,7]; c19:bw=57,experts=[0,1,4,5,6]; c5:bw=64,experts=[0,1,3,4,5,6]; c13:bw=56,experts=[4,5,6,7]; c1:bw=49,experts=[4,5,6,7]; c14:bw=26,experts=[4]; c17:bw=52,experts=[0,1,2,4,6]; c0:bw=56,experts=[0,1,4,5,6]; c11:bw=60,experts=[1,4,5,6,7]; c8:bw=55,experts=[0,4,5,6,7]","3.8454,3.7348,1.9286,3.2791,3.1482,2.5900,2.8612,1.6830,2.7186,4.2349,3.9680,4.5137,1.7316,5.0433,4.5363,4.7612,2.8487,1.9760,3.0132,2.8978"
26,2026-09-24 12:59:28,Ours,0.01,2.2571971038402214,38.36,38.36,26,70.6663,1:10.67,65.0436,4.291,1.3295,1802.3175,30:02.32,20,"5,7,1,2,8,16,12,6,19,10,9,14,3,0,17,11,13,4,18,15",5:20;7:31;1:33;2:30;8:53;16:10;12:41;6:34;19:15;10:38;9:50;14:49;3:44;0:11;17:32;11:57;13:16;4:48;18:10;15:42,"5:[4,6];7:[4,5,6];1:[1,4,6];2:[4,5,6];8:[0,4,5,6];16:[];12:[0,1,4,6];6:[2,4,6];19:[];10:[4,5,6];9:[0,1,4,5,6];14:[0,4,5,6];3:[0,4,7];0:[4];17:[4,6];11:[1,4,5,6];13:[4];4:[0,4,5,6];18:[];15:[4,5,6]","c5:bw=20,experts=[4,6]; c7:bw=31,experts=[4,5,6]; c1:bw=33,experts=[1,4,6]; c2:bw=30,experts=[4,5,6]; c8:bw=53,experts=[0,4,5,6]; c16:bw=10,experts=[]; c12:bw=41,experts=[0,1,4,6]; c6:bw=34,experts=[2,4,6]; c19:bw=15,experts=[]; c10:bw=38,experts=[4,5,6]; c9:bw=50,experts=[0,1,4,5,6]; c14:bw=49,experts=[0,4,5,6]; c3:bw=44,experts=[0,4,7]; c0:bw=11,experts=[4]; c17:bw=32,experts=[4,6]; c11:bw=57,experts=[1,4,5,6]; c13:bw=16,experts=[4]; c4:bw=48,experts=[0,4,5,6]; c18:bw=10,experts=[]; c15:bw=42,experts=[4,5,6]","1.7486,3.9884,4.5598,3.3089,2.9043,2.6695,3.1402,2.6064,4.4769,1.6682,2.8798,4.7727,1.9514,1.9341,2.8498,3.0104,5.0201,4.1096,3.7525,3.6921"
27,2026-09-24 13:00:38,Ours,0.01,2.1903357227475735,40.04,40.04,27,70.7678,1:10.77,65.0537,4.3884,1.3235,1873.1036,31:13.10,20,"10,5,14,13,12,17,6,8,11,18,19,7,0,15,2,16,9,1,3,4",10:62;5:37;14:26;13:57;12:22;17:36;6:63;8:55;11:66;18:18;19:18;7:51;0:36;15:46;2:20;16:20;9:18;1:62;3:21;4:12,"10:[0,1,2,4,5,6];5:[4,5,6];14:[2,4];13:[0,1,4,5,6];12:[4,6];17:[4,5,6];6:[0,1,2,4,5,6];8:[0,4,5,6];11:[0,1,2,4,5,6];18:[4];19:[];7:[0,4,5,6];0:[4,5,6];15:[4,5,6];2:[4];16:[4];9:[4];1:[0,1,2,4,5,6];3:[2,4];4:[4]","c10:bw=62,experts=[0,1,2,4,5,6]; c5:bw=37,experts=[4,5,6]; c14:bw=26,experts=[2,4]; c13:bw=57,experts=[0,1,4,5,6]; c12:bw=22,experts=[4,6]; c17:bw=36,experts=[4,5,6]; c6:bw=63,experts=[0,1,2,4,5,6]; c8:bw=55,experts=[0,4,5,6]; c11:bw=66,experts=[0,1,2,4,5,6]; c18:bw=18,experts=[4]; c19:bw=18,experts=[]; c7:bw=51,experts=[0,4,5,6]; c0:bw=36,experts=[4,5,6]; c15:bw=46,experts=[4,5,6]; c2:bw=20,experts=[4]; c16:bw=20,experts=[4]; c9:bw=18,experts=[4]; c1:bw=62,experts=[0,1,2,4,5,6]; c3:bw=21,experts=[2,4]; c4:bw=12,experts=[4]","1.6829,1.7569,4.7816,5.0715,3.1551,2.8508,2.6206,2.8817,3.0008,3.8024,4.4419,3.9515,1.9722,3.7043,3.2578,2.6873,2.8368,4.5453,1.9577,4.0946"
28,2026-09-24 13:01:49,Ours,0.01,2.2430610030812828,39.41,40.04,27,70.4227,1:10.42,64.9049,4.182,1.3294,1943.5489,32:23.55,20,"5,6,19,8,3,14,1,7,9,15,13,4,10,18,12,16,0,2,17,11",5:33;6:29;19:33;8:29;3:12;14:15;1:25;7:10;9:49;15:32;13:31;4:10;10:40;18:34;12:42;16:35;0:47;2:10;17:48;11:66,"5:[4,6,7];6:[4];19:[2,4,6];8:[1,2];3:[4];14:[];1:[4];7:[];9:[0,4,5,6];15:[4,5,6];13:[4,6];4:[];10:[4,5,6];18:[4,6];12:[0,4,5,6];16:[2,4,6];0:[0,4,5,6];2:[];17:[1,4,6];11:[0,1,2,4,5,6]","c5:bw=33,experts=[4,6,7]; c6:bw=29,experts=[4]; c19:bw=33,experts=[2,4,6]; c8:bw=29,experts=[1,2]; c3:bw=12,experts=[4]; c14:bw=15,experts=[]; c1:bw=25,experts=[4]; c7:bw=10,experts=[]; c9:bw=49,experts=[0,4,5,6]; c15:bw=32,experts=[4,5,6]; c13:bw=31,experts=[4,6]; c4:bw=10,experts=[]; c10:bw=40,experts=[4,5,6]; c18:bw=34,experts=[4,6]; c12:bw=42,experts=[0,4,5,6]; c16:bw=35,experts=[2,4,6]; c0:bw=47,experts=[0,4,5,6]; c2:bw=10,experts=[]; c17:bw=48,experts=[1,4,6]; c11:bw=66,experts=[0,1,2,4,5,6]","1.7352,2.5774,4.5055,2.8697,1.9421,4.7484,4.5157,3.9357,2.8556,3.6692,5.0294,4.1081,1.6847,3.8146,3.1237,2.7055,1.9554,3.2773,2.8261,3.0258"
29,2026-09-24 13:03:00,Ours,0.01,2.148023429017772,41.53,41.53,29,70.7414,1:10.74,65.0699,4.3675,1.3018,2014.3127,33:34.31,20,"12,5,4,15,8,3,14,16,18,10,11,19,7,9,0,6,2,17,1,13",12:10;5:33;4:38;15:70;8:34;3:32;14:35;16:48;18:24;10:10;11:59;19:39;7:21;9:44;0:44;6:43;2:18;17:59;1:33;13:13,"12:[4];5:[4,5,6];4:[2,4];15:[0,1,2,4,5,6];8:[1,4,6];3:[4,5,6];14:[4,5,7];16:[0,4,5,6];18:[4];10:[4];11:[0,1,4,5,6];19:[4,5,6];7:[2];9:[4,5,6];0:[0,4,5,6];6:[0,4,5,6];2:[4];17:[0,1,4,5,6];1:[4,5,6];13:[4]","c12:bw=10,experts=[4]; c5:bw=33,experts=[4,5,6]; c4:bw=38,experts=[2,4]; c15:bw=70,experts=[0,1,2,4,5,6]; c8:bw=34,experts=[1,4,6]; c3:bw=32,experts=[4,5,6]; c14:bw=35,experts=[4,5,7]; c16:bw=48,experts=[0,4,5,6]; c18:bw=24,experts=[4]; c10:bw=10,experts=[4]; c11:bw=59,experts=[0,1,4,5,6]; c19:bw=39,experts=[4,5,6]; c7:bw=21,experts=[2]; c9:bw=44,experts=[4,5,6]; c0:bw=44,experts=[0,4,5,6]; c6:bw=43,experts=[0,4,5,6]; c2:bw=18,experts=[4]; c17:bw=59,experts=[0,1,4,5,6]; c1:bw=33,experts=[4,5,6]; c13:bw=13,experts=[4]","3.1400,1.7458,4.1468,3.7461,2.8705,1.9529,4.7540,2.7066,3.8034,1.6759,3.0058,4.5221,3.9535,2.8733,1.9733,2.6020,3.2446,2.8231,4.5244,5.0058"
30,2026-09-24 13:04:10,Ours,0.01,2.152713769498288,42.26,42.26,30,70.8556,1:10.86,65.0996,4.4155,1.3356,2085.1885,34:45.19,20,"14,19,13,16,15,5,6,11,1,17,12,0,2,7,8,4,9,18,3,10",14:49;19:24;13:27;16:31;15:22;5:62;6:11;11:46;1:35;17:19;12:24;0:17;2:27;7:12;8:41;4:51;9:54;18:57;3:59;10:71,"14:[0,4,5,6];19:[4,6];13:[2,4];16:[4,5,6];15:[4];5:[0,1,2,4,5,6];6:[4];11:[1,4,5,6];1:[4,6];17:[4];12:[2,4];0:[2];2:[0,2];7:[4];8:[0,2,4,6];4:[0,4,5,6];9:[0,4,5,6];18:[0,4,5,6];3:[0,1,2,4,6];10:[0,1,2,4,5,6,7]","c14:bw=49,experts=[0,4,5,6]; c19:bw=24,experts=[4,6]; c13:bw=27,experts=[2,4]; c16:bw=31,experts=[4,5,6]; c15:bw=22,experts=[4]; c5:bw=62,experts=[0,1,2,4,5,6]; c6:bw=11,experts=[4]; c11:bw=46,experts=[1,4,5,6]; c1:bw=35,experts=[4,6]; c17:bw=19,experts=[4]; c12:bw=24,experts=[2,4]; c0:bw=17,experts=[2]; c2:bw=27,experts=[0,2]; c7:bw=12,experts=[4]; c8:bw=41,experts=[0,2,4,6]; c4:bw=51,experts=[0,4,5,6]; c9:bw=54,experts=[0,4,5,6]; c18:bw=57,experts=[0,4,5,6]; c3:bw=59,experts=[0,1,2,4,6]; c10:bw=71,experts=[0,1,2,4,5,6,7]","4.8114,4.5193,5.0557,2.7318,3.6620,1.7679,2.5898,2.9721,4.5025,2.8159,3.1155,1.9541,3.2777,3.9169,2.9046,4.1414,2.8833,3.8314,1.9607,1.6857"
31,2026-09-24 13:05:22,Ours,0.01,2.1298857449078934,42.77,42.77,31,71.1921,1:11.19,65.4046,4.4487,1.3365,2156.4012,35:56.40,20,"1,6,11,9,19,4,7,14,15,18,10,5,17,3,13,0,16,8,2,12",1:30;6:29;11:29;9:45;19:40;4:19;7:63;14:61;15:55;18:58;10:33;5:62;17:35;3:24;13:32;0:47;16:36;8:33;2:15;12:35,"1:[4,5,6];6:[4,6];11:[4];9:[4,5,6];19:[0,4,5,6];4:[];7:[0,1,2,4,5,6];14:[0,1,2,4,5,6];15:[0,2,4,5,6];18:[0,1,2,4,6];10:[4,5,6];5:[0,2,4,5,6];17:[4,5,6];3:[4,6];13:[4,5,6];0:[0,4,5,6];16:[4,5,6];8:[2,4,6];2:[];12:[4,6]","c1:bw=30,experts=[4,5,6]; c6:bw=29,experts=[4,6]; c11:bw=29,experts=[4]; c9:bw=45,experts=[4,5,6]; c19:bw=40,experts=[0,4,5,6]; c4:bw=19,experts=[]; c7:bw=63,experts=[0,1,2,4,5,6]; c14:bw=61,experts=[0,1,2,4,5,6]; c15:bw=55,experts=[0,2,4,5,6]; c18:bw=58,experts=[0,1,2,4,6]; c10:bw=33,experts=[4,5,6]; c5:bw=62,experts=[0,2,4,5,6]; c17:bw=35,experts=[4,5,6]; c3:bw=24,experts=[4,6]; c13:bw=32,experts=[4,5,6]; c0:bw=47,experts=[0,4,5,6]; c16:bw=36,experts=[4,5,6]; c8:bw=33,experts=[2,4,6]; c2:bw=15,experts=[]; c12:bw=35,experts=[4,6]","4.5778,2.6177,3.0071,2.8621,4.4983,4.1016,3.9914,4.8200,3.7080,3.9421,1.6667,1.7350,2.8396,1.9596,5.0392,1.9900,2.7421,2.9012,3.2706,3.1343"
32,2026-09-24 13:06:33,Ours,0.01,2.1193330868387865,43.2,43.2,32,70.9273,1:10.93,65.1622,4.4346,1.3283,2227.3479,37:07.35,20,"12,19,1,5,7,0,6,9,10,17,3,8,11,2,16,4,15,14,18,13",12:49;19:27;1:21;5:36;7:47;0:46;6:27;9:31;10:22;17:28;3:28;8:21;11:27;2:54;16:48;4:49;15:36;14:32;18:35;13:63,"12:[3,4,6];19:[3,7];1:[3,4];5:[4,5,6];7:[3,4,5,6];0:[3,4,6,7];6:[3,7];9:[3,4,7];10:[3,4];17:[3,7];3:[3,4];8:[3,4];11:[3,4];2:[1,3,4,6,7];16:[3,4,6,7];4:[1,4,6];15:[3,4,7];14:[3,4,5];18:[4,6,7];13:[0,2,3,4,5,6]","c12:bw=49,experts=[3,4,6]; c19:bw=27,experts=[3,7]; c1:bw=21,experts=[3,4]; c5:bw=36,experts=[4,5,6]; c7:bw=47,experts=[3,4,5,6]; c0:bw=46,experts=[3,4,6,7]; c6:bw=27,experts=[3,7]; c9:bw=31,experts=[3,4,7]; c10:bw=22,experts=[3,4]; c17:bw=28,experts=[3,7]; c3:bw=28,experts=[3,4]; c8:bw=21,experts=[3,4]; c11:bw=27,experts=[3,4]; c2:bw=54,experts=[1,3,4,6,7]; c16:bw=48,experts=[3,4,6,7]; c4:bw=49,experts=[1,4,6]; c15:bw=36,experts=[3,4,7]; c14:bw=32,experts=[3,4,5]; c18:bw=35,experts=[4,6,7]; c13:bw=63,experts=[0,2,3,4,5,6]","3.1576,4.5121,4.5656,1.7507,3.9694,1.9541,2.5574,2.8635,1.6903,2.8557,1.9626,2.8756,2.9961,3.2814,2.7125,4.1211,3.7101,4.7767,3.8220,5.0276"
33,2026-09-24 13:07:44,Ours,0.01,2.057141051014856,44.11,44.11,33,71.3305,1:11.33,65.358,4.6263,1.3441,2298.7003,38:18.70,20,"16,14,11,3,7,15,5,17,0,9,8,1,18,10,12,19,2,4,13,6",16:44;14:37;11:53;3:70;7:52;15:24;5:29;17:59;0:62;9:42;8:50;1:34;18:55;10:46;12:46;19:25;2:24;4:45;13:30;6:37,"16:[1,4,5,6];14:[1,4,6];11:[4,5,6,7];3:[0,1,2,4,5,6];7:[4,5,6,7];15:[4,6];5:[3,4];17:[0,2,4,5,6];0:[0,1,2,4,5,6];9:[2,4,5,6];8:[0,4,5,6,7];1:[4,6,7];18:[0,3,4,5,6];10:[2,4,5,6];12:[0,4,6,7];19:[1,4];2:[4];4:[3,4,6,7];13:[4,6,7];6:[4,5,6]","c16:bw=44,experts=[1,4,5,6]; c14:bw=37,experts=[1,4,6]; c11:bw=53,experts=[4,5,6,7]; c3:bw=70,experts=[0,1,2,4,5,6]; c7:bw=52,experts=[4,5,6,7]; c15:bw=24,experts=[4,6]; c5:bw=29,experts=[3,4]; c17:bw=59,experts=[0,2,4,5,6]; c0:bw=62,experts=[0,1,2,4,5,6]; c9:bw=42,experts=[2,4,5,6]; c8:bw=50,experts=[0,4,5,6,7]; c1:bw=34,experts=[4,6,7]; c18:bw=55,experts=[0,3,4,5,6]; c10:bw=46,experts=[2,4,5,6]; c12:bw=46,experts=[0,4,6,7]; c19:bw=25,experts=[1,4]; c2:bw=24,experts=[4]; c4:bw=45,experts=[3,4,6,7]; c13:bw=30,experts=[4,6,7]; c6:bw=37,experts=[4,5,6]","2.7489,4.7901,3.0232,1.9539,4.0002,3.6775,1.7307,2.8629,1.9759,2.8552,2.9003,4.5675,3.8482,1.6961,3.1574,4.4695,3.2528,4.1471,5.0141,2.6864"
34,2026-09-24 13:08:55,Ours,0.01,2.0345915767690625,45.44,45.44,34,71.1101,1:11.11,65.1888,4.608,1.311,2369.8313,39:29.83,20,"10,14,18,9,16,8,13,6,11,3,15,0,12,7,2,5,19,4,1,17",10:26;14:66;18:29;9:68;16:54;8:42;13:57;6:48;11:52;3:72;15:10;0:22;12:24;7:32;2:54;5:60;19:50;4:46;1:46;17:16,"10:[4];14:[0,1,2,4,6];18:[4,6];9:[0,1,2,4,5,6];16:[0,2,4,5,6];8:[0,4,5,6];13:[0,1,4,5,6];6:[4,5,6];11:[0,1,4,5,6];3:[0,1,2,4,5,6,7];15:[4];0:[4];12:[1,4];7:[4,5,6];2:[0,2,4,5,6];5:[0,2,4,5,6];19:[0,2,4,5,6];4:[1,2,4,6];1:[0,4,5,6];17:[4]","c10:bw=26,experts=[4]; c14:bw=66,experts=[0,1,2,4,6]; c18:bw=29,experts=[4,6]; c9:bw=68,experts=[0,1,2,4,5,6]; c16:bw=54,experts=[0,2,4,5,6]; c8:bw=42,experts=[0,4,5,6]; c13:bw=57,experts=[0,1,4,5,6]; c6:bw=48,experts=[4,5,6]; c11:bw=52,experts=[0,1,4,5,6]; c3:bw=72,experts=[0,1,2,4,5,6,7]; c15:bw=10,experts=[4]; c0:bw=22,experts=[4]; c12:bw=24,experts=[1,4]; c7:bw=32,experts=[4,5,6]; c2:bw=54,experts=[0,2,4,5,6]; c5:bw=60,experts=[0,2,4,5,6]; c19:bw=50,experts=[0,2,4,5,6]; c4:bw=46,experts=[1,2,4,6]; c1:bw=46,experts=[0,4,5,6]; c17:bw=16,experts=[4]","1.6546,4.8104,3.8526,2.8709,2.7239,2.8873,5.0323,2.5894,3.0168,1.9523,3.6770,1.9586,3.1047,3.9634,3.2876,1.7395,4.5170,4.1717,4.5360,2.8428"
35,2026-09-24 13:10:06,Ours,0.01,2.018968662307837,45.31,45.44,34,71.0144,1:11.01,65.2708,4.4066,1.3347,2440.8679,40:40.87,20,"10,19,8,12,5,0,13,4,7,3,15,1,14,17,2,16,9,6,11,18",10:57;19:22;8:50;12:22;5:41;0:20;13:48;4:33;7:48;3:24;15:47;1:31;14:20;17:32;2:46;16:10;9:27;6:44;11:69;18:51,"10:[0,4,5,6];19:[4,6];8:[0,1,4,5,6];12:[4];5:[0,4,5,6];0:[4,6];13:[0,1,4,6];4:[4,5,6];7:[4,5,6];3:[4];15:[0,4,5,6];1:[1,2,4];14:[4,6];17:[4,5,6];2:[0,4,5,6];16:[4];9:[4,6];6:[1,2,4,6];11:[0,1,2,4,5,6];18:[1,2,4,5,6]","c10:bw=57,experts=[0,4,5,6]; c19:bw=22,experts=[4,6]; c8:bw=50,experts=[0,1,4,5,6]; c12:bw=22,experts=[4]; c5:bw=41,experts=[0,4,5,6]; c0:bw=20,experts=[4,6]; c13:bw=48,experts=[0,1,4,6]; c4:bw=33,experts=[4,5,6]; c7:bw=48,experts=[4,5,6]; c3:bw=24,experts=[4]; c15:bw=47,experts=[0,4,5,6]; c1:bw=31,experts=[1,2,4]; c14:bw=20,experts=[4,6]; c17:bw=32,experts=[4,5,6]; c2:bw=46,experts=[0,4,5,6]; c16:bw=10,experts=[4]; c9:bw=27,experts=[4,6]; c6:bw=44,experts=[1,2,4,6]; c11:bw=69,experts=[0,1,2,4,5,6]; c18:bw=51,experts=[1,2,4,5,6]","1.6968,4.5375,2.9123,3.1092,1.7408,1.9585,5.0085,4.1190,3.9699,1.9601,3.7186,4.5596,4.7895,2.8478,3.2810,2.7055,2.8377,2.6458,3.0273,3.8454"
36,2026-09-24 13:11:17,Ours,0.01,2.0122978983986717,46.32,46.32,36,70.9365,1:10.94,65.1427,4.4759,1.3156,2511.8286,41:51.83,20,"10,8,1,18,7,6,2,3,15,14,19,4,13,12,11,9,17,5,0,16",10:56;8:51;1:10;18:11;7:27;6:43;2:50;3:60;15:68;14:18;19:48;4:74;13:47;12:35;11:33;9:37;17:49;5:49;0:36;16:10,"10:[0,1,4,5,6];8:[0,4,5,6];1:[];18:[4];7:[4,6];6:[1,2,4,6];2:[0,1,2,4,6];3:[0,1,2,4,5,6];15:[0,1,2,4,5,6];14:[4];19:[2,4,6];4:[0,1,2,4,5,6,7];13:[4,5,6];12:[4,5,6];11:[4,6];9:[4,5,6];17:[0,4,5,6];5:[4,5,6,7];0:[4,5,6];16:[4]","c10:bw=56,experts=[0,1,4,5,6]; c8:bw=51,experts=[0,4,5,6]; c1:bw=10,experts=[]; c18:bw=11,experts=[4]; c7:bw=27,experts=[4,6]; c6:bw=43,experts=[1,2,4,6]; c2:bw=50,experts=[0,1,2,4,6]; c3:bw=60,experts=[0,1,2,4,5,6]; c15:bw=68,experts=[0,1,2,4,5,6]; c14:bw=18,experts=[4]; c19:bw=48,experts=[2,4,6]; c4:bw=74,experts=[0,1,2,4,5,6,7]; c13:bw=47,experts=[4,5,6]; c12:bw=35,experts=[4,5,6]; c11:bw=33,experts=[4,6]; c9:bw=37,experts=[4,5,6]; c17:bw=49,experts=[0,4,5,6]; c5:bw=49,experts=[4,5,6,7]; c0:bw=36,experts=[4,5,6]; c16:bw=10,experts=[4]","1.6952,2.9043,4.5285,3.7851,3.9297,2.5964,3.3047,1.9725,3.7151,4.7372,4.5176,4.2095,5.0273,3.1337,2.9939,2.8575,2.8445,1.7451,1.9526,2.6921"
37,2026-09-24 13:12:28,Ours,0.01,1.9894107806574675,46.84,46.84,37,71.0645,1:11.06,65.3082,4.4357,1.3156,2582.9159,43:02.92,20,"7,11,15,17,9,1,3,10,19,6,2,12,5,4,0,18,14,13,16,8",7:42;11:63;15:51;17:56;9:40;1:18;3:36;10:58;19:42;6:65;2:36;12:49;5:39;4:39;0:54;18:10;14:28;13:12;16:31;8:10,"7:[1,4,5,6];11:[0,1,4,5,6];15:[0,1,4,5,6];17:[1,4,5,6];9:[1,4,5,6];1:[4];3:[4,5,6];10:[0,1,4,5,6];19:[0,4,5,6];6:[0,1,4,5,6];2:[1,4,6];12:[1,4,5,6];5:[4,5,6];4:[1,4,6];0:[0,4,5,6];18:[4];14:[4,7];13:[4];16:[4,5,6];8:[4]","c7:bw=42,experts=[1,4,5,6]; c11:bw=63,experts=[0,1,4,5,6]; c15:bw=51,experts=[0,1,4,5,6]; c17:bw=56,experts=[1,4,5,6]; c9:bw=40,experts=[1,4,5,6]; c1:bw=18,experts=[4]; c3:bw=36,experts=[4,5,6]; c10:bw=58,experts=[0,1,4,5,6]; c19:bw=42,experts=[0,4,5,6]; c6:bw=65,experts=[0,1,4,5,6]; c2:bw=36,experts=[1,4,6]; c12:bw=49,experts=[1,4,5,6]; c5:bw=39,experts=[4,5,6]; c4:bw=39,experts=[1,4,6]; c0:bw=54,experts=[0,4,5,6]; c18:bw=10,experts=[4]; c14:bw=28,experts=[4,7]; c13:bw=12,experts=[4]; c16:bw=31,experts=[4,5,6]; c8:bw=10,experts=[4]","4.0134,2.9938,3.6919,2.8648,2.8580,4.5518,1.9575,1.6966,4.4953,2.5957,3.2946,3.1339,1.7686,4.1534,1.9644,3.7923,4.8596,5.0248,2.6965,2.9013"
38,2026-09-24 13:13:39,Ours,0.01,1.9933061307827635,48.05,48.05,38,70.9435,1:10.94,65.1731,4.4523,1.3157,2653.8824,44:13.88,20,"2,12,1,9,6,18,13,14,16,11,15,0,5,10,19,8,4,17,7,3",2:10;12:47;1:31;9:26;6:17;18:44;13:63;14:41;16:38;11:17;15:12;0:40;5:10;10:39;19:61;8:46;4:52;17:41;7:51;3:38,"2:[4];12:[2,4,5,6];1:[1,4,6];9:[4,6];6:[4];18:[0,4,5,6];13:[0,1,2,4,5,6];14:[0,4,5,6];16:[4,5,6];11:[4];15:[4];0:[0,4,5,6];5:[];10:[4,6,7];19:[0,1,4,5,6];8:[0,2,4,6];4:[0,2,4,5,6];17:[4,5,6];7:[0,1,4,5,6];3:[4,5,6]","c2:bw=10,experts=[4]; c12:bw=47,experts=[2,4,5,6]; c1:bw=31,experts=[1,4,6]; c9:bw=26,experts=[4,6]; c6:bw=17,experts=[4]; c18:bw=44,experts=[0,4,5,6]; c13:bw=63,experts=[0,1,2,4,5,6]; c14:bw=41,experts=[0,4,5,6]; c16:bw=38,experts=[4,5,6]; c11:bw=17,experts=[4]; c15:bw=12,experts=[4]; c0:bw=40,experts=[0,4,5,6]; c5:bw=10,experts=[]; c10:bw=39,experts=[4,6,7]; c19:bw=61,experts=[0,1,4,5,6]; c8:bw=46,experts=[0,2,4,6]; c4:bw=52,experts=[0,2,4,5,6]; c17:bw=41,experts=[4,5,6]; c7:bw=51,experts=[0,1,4,5,6]; c3:bw=38,experts=[4,5,6]","3.2951,3.1589,4.5501,2.8453,2.5783,3.8059,5.0555,4.7771,2.6955,2.9656,3.6629,1.9756,1.7461,1.6833,4.5286,2.8843,4.1450,2.8488,4.0062,1.9651"
39,2026-09-24 13:14:50,Ours,0.01,1.955053501582976,47.46,48.05,38,70.7968,1:10.80,65.0847,4.3921,1.3177,2724.7013,45:24.70,20,"3,13,2,11,15,19,0,12,6,18,10,16,7,9,1,8,14,4,17,5",3:26;13:49;2:36;11:51;15:30;19:18;0:10;12:49;6:31;18:25;10:24;16:29;7:40;9:24;1:45;8:45;14:57;4:36;17:42;5:75,"3:[4,6];13:[0,4,5,6];2:[4,6];11:[0,1,4,5,6];15:[4,5,6];19:[4];0:[4];12:[0,4,5,6];6:[4,6];18:[4];10:[4,6];16:[4,6];7:[2,4,6];9:[4,6];1:[0,4,5,6];8:[0,4,5,6];14:[0,4,5,6];4:[1,4,6];17:[4,5,6];5:[0,1,2,4,5,6,7]","c3:bw=26,experts=[4,6]; c13:bw=49,experts=[0,4,5,6]; c2:bw=36,experts=[4,6]; c11:bw=51,experts=[0,1,4,5,6]; c15:bw=30,experts=[4,5,6]; c19:bw=18,experts=[4]; c0:bw=10,experts=[4]; c12:bw=49,experts=[0,4,5,6]; c6:bw=31,experts=[4,6]; c18:bw=25,experts=[4]; c10:bw=24,experts=[4,6]; c16:bw=29,experts=[4,6]; c7:bw=40,experts=[2,4,6]; c9:bw=24,experts=[4,6]; c1:bw=45,experts=[0,4,5,6]; c8:bw=45,experts=[0,4,5,6]; c14:bw=57,experts=[0,4,5,6]; c4:bw=36,experts=[1,4,6]; c17:bw=42,experts=[4,5,6]; c5:bw=75,experts=[0,1,2,4,5,6,7]","1.9526,5.0808,3.3073,3.0242,3.6987,4.4847,1.9543,3.1312,2.6118,3.7693,1.6681,2.6807,3.9719,2.8418,4.5484,2.9021,4.7653,4.1086,2.8465,1.7363"
40,2026-09-24 13:16:01,Ours,0.01,2.036631178615298,47.42,48.05,38,70.9195,1:10.92,65.1635,4.4375,1.3161,2795.6466,46:35.65,20,"15,3,9,14,13,7,19,11,17,5,6,4,18,2,8,1,0,12,16,10",15:22;3:10;9:40;14:58;13:32;7:66;19:23;11:15;17:30;5:32;6:46;4:19;18:38;2:65;8:26;1:42;0:36;12:42;16:29;10:60,"15:[3];3:[3];9:[3,4,6,7];14:[0,3,4,5,6];13:[3,4,6];7:[0,1,3,4,5,6];19:[3,7];11:[3];17:[3,4,7];5:[4,5,6];6:[3,4,6,7];4:[];18:[4,6,7];2:[0,3,4,5,6,7];8:[3,4];1:[3,4,6];0:[3,4,7];12:[3,4,5,6];16:[3,7];10:[0,1,3,4,5,6]","c15:bw=22,experts=[3]; c3:bw=10,experts=[3]; c9:bw=40,experts=[3,4,6,7]; c14:bw=58,experts=[0,3,4,5,6]; c13:bw=32,experts=[3,4,6]; c7:bw=66,experts=[0,1,3,4,5,6]; c19:bw=23,experts=[3,7]; c11:bw=15,experts=[3]; c17:bw=30,experts=[3,4,7]; c5:bw=32,experts=[4,5,6]; c6:bw=46,experts=[3,4,6,7]; c4:bw=19,experts=[]; c18:bw=38,experts=[4,6,7]; c2:bw=65,experts=[0,3,4,5,6,7]; c8:bw=26,experts=[3,4]; c1:bw=42,experts=[3,4,6]; c0:bw=36,experts=[3,4,7]; c12:bw=42,experts=[3,4,5,6]; c16:bw=29,experts=[3,7]; c10:bw=60,experts=[0,1,3,4,5,6]","3.7294,1.9469,2.8664,4.7734,5.0422,3.9981,4.4965,3.0041,2.8298,1.7389,2.5916,4.0729,3.7796,3.3001,2.8754,4.5325,1.9849,3.1568,2.7377,1.7062"
41,2026-09-24 13:17:12,Ours,0.01,2.013821471793629,48.18,48.18,41,71.2217,1:11.22,65.3538,4.5282,1.3373,2866.8911,47:46.89,20,"14,11,5,15,6,10,1,7,17,12,3,2,0,8,13,19,16,18,9,4",14:61;11:41;5:61;15:24;6:10;10:42;1:10;7:68;17:52;12:18;3:40;2:54;0:10;8:57;13:45;19:19;16:25;18:10;9:54;4:50,"14:[0,1,2,4,5,6];11:[1,4,6,7];5:[0,1,3,4,5,6];15:[4,7];6:[4];10:[2,4,5,6];1:[7];7:[0,1,4,5,6,7];17:[0,1,2,4,6];12:[7];3:[0,4,6];2:[0,4,5,6];0:[1];8:[0,4,5,6,7];13:[0,4,6,7];19:[4];16:[1];18:[3];9:[0,1,4,5,6];4:[0,3,4,5,6]","c14:bw=61,experts=[0,1,2,4,5,6]; c11:bw=41,experts=[1,4,6,7]; c5:bw=61,experts=[0,1,3,4,5,6]; c15:bw=24,experts=[4,7]; c6:bw=10,experts=[4]; c10:bw=42,experts=[2,4,5,6]; c1:bw=10,experts=[7]; c7:bw=68,experts=[0,1,4,5,6,7]; c17:bw=52,experts=[0,1,2,4,6]; c12:bw=18,experts=[7]; c3:bw=40,experts=[0,4,6]; c2:bw=54,experts=[0,4,5,6]; c0:bw=10,experts=[1]; c8:bw=57,experts=[0,4,5,6,7]; c13:bw=45,experts=[0,4,6,7]; c19:bw=19,experts=[4]; c16:bw=25,experts=[1]; c18:bw=10,experts=[3]; c9:bw=54,experts=[0,1,4,5,6]; c4:bw=50,experts=[0,3,4,5,6]","4.8510,3.0402,1.7561,3.7000,2.5918,1.6789,4.5139,3.9909,2.8666,3.1075,1.9573,3.2977,1.9470,2.9070,5.0172,4.4793,2.6947,3.8012,2.8740,4.2815"
42,2026-09-24 13:18:23,Ours,0.01,1.9550650672872933,49.47,49.47,42,70.9702,1:10.97,65.2238,4.4134,1.3306,2937.8869,48:57.89,20,"12,9,3,7,19,1,15,14,13,6,16,8,10,4,18,5,0,11,17,2",12:22;9:51;3:48;7:20;19:63;1:49;15:31;14:13;13:33;6:34;16:10;8:42;10:15;4:55;18:14;5:50;0:15;11:59;17:32;2:40,"12:[4,6];9:[0,1,2,4,6];3:[4,5,6,7];7:[4,6];19:[0,1,2,4,5,6];1:[1,4,5,6];15:[0,4,6];14:[4];13:[0,4,6];6:[2,4,6];16:[0];8:[0,2,4,6];10:[4];4:[0,1,4,5,6];18:[4];5:[0,4,5,6];0:[2];11:[0,1,4,6];17:[1,4,6];2:[0,4,5,6]","c12:bw=22,experts=[4,6]; c9:bw=51,experts=[0,1,2,4,6]; c3:bw=48,experts=[4,5,6,7]; c7:bw=20,experts=[4,6]; c19:bw=63,experts=[0,1,2,4,5,6]; c1:bw=49,experts=[1,4,5,6]; c15:bw=31,experts=[0,4,6]; c14:bw=13,experts=[4]; c13:bw=33,experts=[0,4,6]; c6:bw=34,experts=[2,4,6]; c16:bw=10,experts=[0]; c8:bw=42,experts=[0,2,4,6]; c10:bw=15,experts=[4]; c4:bw=55,experts=[0,1,4,5,6]; c18:bw=14,experts=[4]; c5:bw=50,experts=[0,4,5,6]; c0:bw=15,experts=[2]; c11:bw=59,experts=[0,1,4,6]; c17:bw=32,experts=[1,4,6]; c2:bw=40,experts=[0,4,5,6]","3.1399,2.8962,1.9773,3.9885,4.5190,4.5548,3.6729,4.7531,5.0202,2.5997,2.6777,2.9031,1.6688,4.1112,3.8173,1.7496,1.9869,3.0156,2.8602,3.3118"
43,2026-09-24 13:19:34,Ours,0.01,1.947486987235886,49.53,49.53,43,71.2016,1:11.20,65.4738,4.402,1.3235,3009.1119,50:09.11,20,"4,9,7,12,11,14,6,0,18,8,3,15,2,10,13,16,19,17,5,1",4:34;9:32;7:21;12:10;11:55;14:66;6:12;0:21;18:24;8:45;3:65;15:14;2:51;10:37;13:16;16:21;19:54;17:47;5:53;1:58,"4:[1,4,6];9:[0,4,6];7:[4,6];12:[4];11:[0,2,4,5,6];14:[0,1,2,4,5,6];6:[4];0:[4,6];18:[1,2];8:[0,1,4,6];3:[0,1,2,4,6];15:[];2:[0,1,4,5,6];10:[0,4,6];13:[4];16:[2];19:[0,4,5,6];17:[0,4,6];5:[0,1,2,4,6];1:[0,2,4,5,6]","c4:bw=34,experts=[1,4,6]; c9:bw=32,experts=[0,4,6]; c7:bw=21,experts=[4,6]; c12:bw=10,experts=[4]; c11:bw=55,experts=[0,2,4,5,6]; c14:bw=66,experts=[0,1,2,4,5,6]; c6:bw=12,experts=[4]; c0:bw=21,experts=[4,6]; c18:bw=24,experts=[1,2]; c8:bw=45,experts=[0,1,4,6]; c3:bw=65,experts=[0,1,2,4,6]; c15:bw=14,experts=[]; c2:bw=51,experts=[0,1,4,5,6]; c10:bw=37,experts=[0,4,6]; c13:bw=16,experts=[4]; c16:bw=21,experts=[2]; c19:bw=54,experts=[0,4,5,6]; c17:bw=47,experts=[0,4,6]; c5:bw=53,experts=[0,1,2,4,6]; c1:bw=58,experts=[0,2,4,5,6]","4.1529,2.8762,3.9841,3.1171,3.0359,4.8739,2.6165,1.9710,3.8141,2.9026,1.9815,3.6823,3.3531,1.6799,5.0782,2.6876,4.4794,2.8484,1.7520,4.5871"
44,2026-09-24 13:20:46,Ours,0.01,1.910956819315843,49.3,49.53,43,71.2743,1:11.27,65.417,4.5308,1.3242,3080.4108,51:20.41,20,"12,15,13,6,2,17,8,10,14,5,1,4,7,19,11,0,18,16,9,3",12:40;15:50;13:28;6:20;2:37;17:12;8:34;10:56;14:65;5:24;1:45;4:29;7:75;19:10;11:16;0:66;18:54;16:76;9:37;3:47,"12:[0,4,6];15:[0,1,2,4,6];13:[4];6:[4,6];2:[2,4,6];17:[4];8:[4,5,6];10:[0,1,4,5,6];14:[0,1,2,4,5,6];5:[4,6];1:[0,4,5,6];4:[4,7];7:[0,1,2,4,5,6,7];19:[4];11:[];0:[0,1,2,4,5,6];18:[0,4,5,6];16:[0,1,2,4,5,6,7];9:[4,6];3:[0,4,5,6]","c12:bw=40,experts=[0,4,6]; c15:bw=50,experts=[0,1,2,4,6]; c13:bw=28,experts=[4]; c6:bw=20,experts=[4,6]; c2:bw=37,experts=[2,4,6]; c17:bw=12,experts=[4]; c8:bw=34,experts=[4,5,6]; c10:bw=56,experts=[0,1,4,5,6]; c14:bw=65,experts=[0,1,2,4,5,6]; c5:bw=24,experts=[4,6]; c1:bw=45,experts=[0,4,5,6]; c4:bw=29,experts=[4,7]; c7:bw=75,experts=[0,1,2,4,5,6,7]; c19:bw=10,experts=[4]; c11:bw=16,experts=[]; c0:bw=66,experts=[0,1,2,4,5,6]; c18:bw=54,experts=[0,4,5,6]; c16:bw=76,experts=[0,1,2,4,5,6,7]; c9:bw=37,experts=[4,6]; c3:bw=47,experts=[0,4,5,6]","3.1636,3.7713,5.0155,2.6012,3.3219,2.8484,2.9128,1.6720,4.7936,1.7431,4.5584,4.1201,4.0405,4.4945,2.9922,1.9565,3.8195,2.7476,2.8635,1.9808"
45,2026-09-24 13:21:57,Ours,0.01,1.9166793884758342,50.21,50.21,45,71.4624,1:11.46,65.5137,4.6093,1.337,3151.8977,52:31.90,20,"12,0,11,5,6,1,4,17,9,2,8,13,19,16,3,7,18,10,15,14",12:61;0:36;11:53;5:44;6:10;1:56;4:64;17:10;9:25;2:49;8:55;13:53;19:67;16:54;3:67;7:36;18:16;10:42;15:33;14:41,"12:[0,1,2,4,5,6];0:[4,5,6];11:[0,1,4,5,6];5:[4,5,6];6:[0];1:[0,1,2,4,6];4:[0,1,2,4,5,6];17:[4];9:[4,6];2:[0,4,5,6];8:[0,4,5,6];13:[0,1,4,5,6];19:[0,1,2,4,5,6];16:[0,1,4,5,6];3:[0,1,2,4,5,6];7:[4,6];18:[];10:[0,4,5,6];15:[4,6];14:[0,4,6,7]","c12:bw=61,experts=[0,1,2,4,5,6]; c0:bw=36,experts=[4,5,6]; c11:bw=53,experts=[0,1,4,5,6]; c5:bw=44,experts=[4,5,6]; c6:bw=10,experts=[0]; c1:bw=56,experts=[0,1,2,4,6]; c4:bw=64,experts=[0,1,2,4,5,6]; c17:bw=10,experts=[4]; c9:bw=25,experts=[4,6]; c2:bw=49,experts=[0,4,5,6]; c8:bw=55,experts=[0,4,5,6]; c13:bw=53,experts=[0,1,4,5,6]; c19:bw=67,experts=[0,1,2,4,5,6]; c16:bw=54,experts=[0,1,4,5,6]; c3:bw=67,experts=[0,1,2,4,5,6]; c7:bw=36,experts=[4,6]; c18:bw=16,experts=[]; c10:bw=42,experts=[0,4,5,6]; c15:bw=33,experts=[4,6]; c14:bw=41,experts=[0,4,6,7]","3.1550,1.9811,3.0458,1.7674,2.5797,4.5886,4.1633,2.8589,2.8518,3.3159,2.9008,5.0946,4.5344,2.7267,1.9665,3.9645,3.7895,1.7121,3.7007,4.8163"
46,2026-09-24 13:23:08,Ours,0.01,1.893544390147141,50.32,50.32,46,71.1562,1:11.16,65.3183,4.5017,1.3339,3223.0783,53:43.08,20,"7,3,16,14,2,6,12,10,13,15,1,18,11,8,19,0,5,9,17,4",7:28;3:27;16:28;14:39;2:57;6:39;12:53;10:59;13:50;15:14;1:41;18:44;11:38;8:39;19:10;0:55;5:41;9:37;17:15;4:64,"7:[4,6];3:[4,6];16:[4];14:[0,4,6];2:[0,1,2,4,6];6:[1,5];12:[0,1,4,5,6];10:[0,4,6,7];13:[0,2,4,5,6];15:[4];1:[0,1,4,6];18:[0,1,4,6];11:[1,4,6];8:[4,5,6];19:[4];0:[0,1,4,5,6];5:[0,4,5,6];9:[4,5,6];17:[4];4:[0,1,2,4,5,6]","c7:bw=28,experts=[4,6]; c3:bw=27,experts=[4,6]; c16:bw=28,experts=[4]; c14:bw=39,experts=[0,4,6]; c2:bw=57,experts=[0,1,2,4,6]; c6:bw=39,experts=[1,5]; c12:bw=53,experts=[0,1,4,5,6]; c10:bw=59,experts=[0,4,6,7]; c13:bw=50,experts=[0,2,4,5,6]; c15:bw=14,experts=[4]; c1:bw=41,experts=[0,1,4,6]; c18:bw=44,experts=[0,1,4,6]; c11:bw=38,experts=[1,4,6]; c8:bw=39,experts=[4,5,6]; c19:bw=10,experts=[4]; c0:bw=55,experts=[0,1,4,5,6]; c5:bw=41,experts=[0,4,5,6]; c9:bw=37,experts=[4,5,6]; c17:bw=15,experts=[4]; c4:bw=64,experts=[0,1,2,4,5,6]","4.0098,1.9850,2.7050,4.8039,3.3159,2.6006,3.1605,1.6898,5.0602,3.6849,4.5734,3.8225,3.0306,2.8802,4.4622,1.9723,1.7541,2.8681,2.8181,4.1210"
47,2026-09-24 13:24:19,Ours,0.01,1.8978156145310685,50.99,50.99,47,70.896,1:10.90,65.1806,4.398,1.315,3293.9996,54:54.00,20,"11,18,10,13,15,8,4,1,14,6,9,5,17,19,12,2,16,7,0,3",11:39;18:10;10:51;13:33;15:42;8:39;4:10;1:30;14:24;6:22;9:17;5:52;17:20;19:28;12:15;2:54;16:68;7:53;0:46;3:70,"11:[4,5,6];18:[];10:[0,1,4,5,6];13:[0,4,6];15:[4,5,6];8:[1,4,6];4:[4];1:[4,6];14:[4,6];6:[4,6];9:[];5:[0,4,5,6,7];17:[5];19:[4,6];12:[4];2:[1,4,5,6];16:[0,1,2,4,5,6];7:[0,2,4,5,6];0:[1,4,6];3:[0,1,2,4,5,6,7]","c11:bw=39,experts=[4,5,6]; c18:bw=10,experts=[]; c10:bw=51,experts=[0,1,4,5,6]; c13:bw=33,experts=[0,4,6]; c15:bw=42,experts=[4,5,6]; c8:bw=39,experts=[1,4,6]; c4:bw=10,experts=[4]; c1:bw=30,experts=[4,6]; c14:bw=24,experts=[4,6]; c6:bw=22,experts=[4,6]; c9:bw=17,experts=[]; c5:bw=52,experts=[0,4,5,6,7]; c17:bw=20,experts=[5]; c19:bw=28,experts=[4,6]; c12:bw=15,experts=[4]; c2:bw=54,experts=[1,4,5,6]; c16:bw=68,experts=[0,1,2,4,5,6]; c7:bw=53,experts=[0,2,4,5,6]; c0:bw=46,experts=[1,4,6]; c3:bw=70,experts=[0,1,2,4,5,6,7]","3.0013,3.8033,1.6746,5.0681,3.7053,2.9199,4.1329,4.5680,4.7806,2.6057,2.8111,1.7559,2.8163,4.4664,3.1184,3.3339,2.7327,3.9557,1.9767,1.9535"
48,2026-09-24 13:25:31,Ours,0.01,1.956889748699615,50.74,50.99,47,71.2925,1:11.29,65.3958,4.5714,1.3231,3365.3183,56:05.32,20,"16,7,8,17,3,4,0,6,15,19,5,9,1,12,11,18,10,13,14,2",16:10;7:62;8:50;17:38;3:18;4:67;0:16;6:45;15:64;19:45;5:55;9:52;1:50;12:31;11:32;18:62;10:12;13:50;14:10;2:57,"16:[3];7:[0,1,3,4,5,6];8:[0,3,4,5,6];17:[3,7];3:[];4:[0,1,2,4,5,6];0:[];6:[3,4,7];15:[0,3,4,5,6];19:[3,4,6,7];5:[0,1,4,5,6];9:[3,4,5,6,7];1:[0,3,4,5,6];12:[3,4,6];11:[3,4,6];18:[0,1,4,5,6,7];10:[3];13:[0,1,3,4,6];14:[3];2:[3,4,6,7]","c16:bw=10,experts=[3]; c7:bw=62,experts=[0,1,3,4,5,6]; c8:bw=50,experts=[0,3,4,5,6]; c17:bw=38,experts=[3,7]; c3:bw=18,experts=[]; c4:bw=67,experts=[0,1,2,4,5,6]; c0:bw=16,experts=[]; c6:bw=45,experts=[3,4,7]; c15:bw=64,experts=[0,3,4,5,6]; c19:bw=45,experts=[3,4,6,7]; c5:bw=55,experts=[0,1,4,5,6]; c9:bw=52,experts=[3,4,5,6,7]; c1:bw=50,experts=[0,3,4,5,6]; c12:bw=31,experts=[3,4,6]; c11:bw=32,experts=[3,4,6]; c18:bw=62,experts=[0,1,4,5,6,7]; c10:bw=12,experts=[3]; c13:bw=50,experts=[0,1,3,4,6]; c14:bw=10,experts=[3]; c2:bw=57,experts=[3,4,6,7]","2.7079,3.9915,2.8930,2.8336,1.9401,4.1713,1.9572,2.6248,3.7088,4.5616,1.7455,2.8545,4.5867,3.1531,3.0292,3.8416,1.6782,5.0590,4.7679,3.2901"
49,2026-09-24 13:26:42,Ours,0.01,1.8816155136627857,50.98,50.99,47,71.2695,1:11.27,65.4093,4.5156,1.3423,3436.6128,57:16.61,20,"7,4,0,10,17,5,15,18,1,13,2,9,14,8,3,12,19,11,6,16",7:44;4:48;0:20;10:64;17:30;5:56;15:42;18:32;1:54;13:39;2:58;9:53;14:58;8:26;3:32;12:37;19:10;11:38;6:13;16:30,"7:[0,1,4,6];4:[3,4,6];0:[3,7];10:[0,1,2,4,5,6];17:[2,4,6];5:[3,4,5,6];15:[0,4,6,7];18:[3,4,6];1:[0,4,6,7];13:[4,6,7];2:[0,1,4,5,6];9:[0,1,4,5,6];14:[0,1,4,6];8:[4,7];3:[3,4,6];12:[4,6,7];19:[4];11:[4,6,7];6:[];16:[4,6]","c7:bw=44,experts=[0,1,4,6]; c4:bw=48,experts=[3,4,6]; c0:bw=20,experts=[3,7]; c10:bw=64,experts=[0,1,2,4,5,6]; c17:bw=30,experts=[2,4,6]; c5:bw=56,experts=[3,4,5,6]; c15:bw=42,experts=[0,4,6,7]; c18:bw=32,experts=[3,4,6]; c1:bw=54,experts=[0,4,6,7]; c13:bw=39,experts=[4,6,7]; c2:bw=58,experts=[0,1,4,5,6]; c9:bw=53,experts=[0,1,4,5,6]; c14:bw=58,experts=[0,1,4,6]; c8:bw=26,experts=[4,7]; c3:bw=32,experts=[3,4,6]; c12:bw=37,experts=[4,6,7]; c19:bw=10,experts=[4]; c11:bw=38,experts=[4,6,7]; c6:bw=13,experts=[]; c16:bw=30,experts=[4,6]","4.0275,4.1536,1.9651,1.6739,2.8514,1.7560,3.7335,3.8327,4.5513,5.0097,3.3391,2.8700,4.8176,2.8501,1.9476,3.1422,4.5642,3.0439,2.5756,2.7041"
50,2026-09-24 13:27:53,Ours,0.01,1.8514495521655614,51.81,51.81,50,71.172,1:11.17,65.4491,4.412,1.3087,3507.81,58:27.81,20,"2,6,14,12,13,17,11,0,16,15,7,10,1,19,3,5,4,8,9,18",2:63;6:68;14:23;12:34;13:37;17:33;11:57;0:29;16:27;15:31;7:34;10:23;1:64;19:43;3:39;5:31;4:10;8:32;9:27;18:44,"2:[0,1,2,4,5,6];6:[0,1,2,4,5,6];14:[4,6];12:[1,4,6];13:[1,4,6];17:[1,4,6];11:[0,1,2,4,6];0:[4,6];16:[4];15:[4,5,6];7:[1,4,6];10:[4];1:[0,1,4,5,6];19:[0,1,4,6];3:[1,4,6];5:[0,4,6];4:[4];8:[2,4,6];9:[2];18:[0,1,4,6]","c2:bw=63,experts=[0,1,2,4,5,6]; c6:bw=68,experts=[0,1,2,4,5,6]; c14:bw=23,experts=[4,6]; c12:bw=34,experts=[1,4,6]; c13:bw=37,experts=[1,4,6]; c17:bw=33,experts=[1,4,6]; c11:bw=57,experts=[0,1,2,4,6]; c0:bw=29,experts=[4,6]; c16:bw=27,experts=[4]; c15:bw=31,experts=[4,5,6]; c7:bw=34,experts=[1,4,6]; c10:bw=23,experts=[4]; c1:bw=64,experts=[0,1,4,5,6]; c19:bw=43,experts=[0,1,4,6]; c3:bw=39,experts=[1,4,6]; c5:bw=31,experts=[0,4,6]; c4:bw=10,experts=[4]; c8:bw=32,experts=[2,4,6]; c9:bw=27,experts=[2]; c18:bw=44,experts=[0,1,4,6]","3.3583,2.6352,4.8065,3.1652,5.0481,2.8678,3.0383,1.9882,2.7259,3.7069,3.9973,1.6799,4.5723,4.5062,1.9626,1.7427,4.0944,2.8825,2.8448,3.8260"
51,2026-09-24 13:29:04,Ours,0.01,1.8365419548664437,52.31,52.31,51,70.9237,1:10.92,65.2612,4.3544,1.3058,3578.7583,59:38.76,20,"0,9,11,16,13,19,17,1,5,12,18,4,7,14,2,6,8,10,3,15",0:53;9:18;11:60;16:30;13:40;19:10;17:43;1:21;5:47;12:43;18:37;4:11;7:27;14:30;2:20;6:52;8:46;10:37;3:55;15:57,"0:[0,1,2,4,6];9:[];11:[0,1,2,4,5,6];16:[4,6];13:[0,1,4,6];19:[4];17:[0,4,6];1:[4,6];5:[0,2,4,6];12:[4,5,6];18:[2,4];4:[4];7:[4,6];14:[4,6];2:[4,6];6:[0,4,5,6];8:[0,4,5,6];10:[2,4,6];3:[0,1,4,5,6];15:[0,1,2,4,6]","c0:bw=53,experts=[0,1,2,4,6]; c9:bw=18,experts=[]; c11:bw=60,experts=[0,1,2,4,5,6]; c16:bw=30,experts=[4,6]; c13:bw=40,experts=[0,1,4,6]; c19:bw=10,experts=[4]; c17:bw=43,experts=[0,4,6]; c1:bw=21,experts=[4,6]; c5:bw=47,experts=[0,2,4,6]; c12:bw=43,experts=[4,5,6]; c18:bw=37,experts=[2,4]; c4:bw=11,experts=[4]; c7:bw=27,experts=[4,6]; c14:bw=30,experts=[4,6]; c2:bw=20,experts=[4,6]; c6:bw=52,experts=[0,4,5,6]; c8:bw=46,experts=[0,4,5,6]; c10:bw=37,experts=[2,4,6]; c3:bw=55,experts=[0,1,4,5,6]; c15:bw=57,experts=[0,1,2,4,6]","1.9712,2.8355,3.0529,2.7257,5.0642,4.4943,2.8602,4.5692,1.7499,3.1197,3.8077,4.1308,3.9669,4.7549,3.2920,2.6089,2.8817,1.6835,1.9640,3.7279"
52,2026-09-24 13:30:15,Ours,0.01,1.824503736564234,52.48,52.48,52,71.0323,1:11.03,65.3602,4.3439,1.326,3649.8153,1:00:49.82,20,"6,17,15,8,0,19,12,3,13,18,4,11,2,9,7,10,14,1,5,16",6:51;17:19;15:31;8:18;0:46;19:46;12:10;3:43;13:23;18:49;4:33;11:60;2:29;9:31;7:34;10:31;14:42;1:40;5:24;16:59,"6:[0,1,4,6];17:[];15:[4,5,6];8:[4];0:[0,4,5,6];19:[0,1,4,6];12:[4];3:[1,4,6];13:[4,6];18:[4,5,6];4:[4,6,7];11:[0,1,2,4,5,6];2:[4,6];9:[4,6];7:[4,6,7];10:[0,4,6];14:[2,4,5,6];1:[0,4,5,6];5:[4];16:[0,4,5,6,7]","c6:bw=51,experts=[0,1,4,6]; c17:bw=19,experts=[]; c15:bw=31,experts=[4,5,6]; c8:bw=18,experts=[4]; c0:bw=46,experts=[0,4,5,6]; c19:bw=46,experts=[0,1,4,6]; c12:bw=10,experts=[4]; c3:bw=43,experts=[1,4,6]; c13:bw=23,experts=[4,6]; c18:bw=49,experts=[4,5,6]; c4:bw=33,experts=[4,6,7]; c11:bw=60,experts=[0,1,2,4,5,6]; c2:bw=29,experts=[4,6]; c9:bw=31,experts=[4,6]; c7:bw=34,experts=[4,6,7]; c10:bw=31,experts=[0,4,6]; c14:bw=42,experts=[2,4,5,6]; c1:bw=40,experts=[0,4,5,6]; c5:bw=24,experts=[4]; c16:bw=59,experts=[0,4,5,6,7]","2.6104,2.8559,3.7139,2.8821,1.9829,4.5363,3.1174,1.9550,5.0582,3.8205,4.1293,3.0437,3.2914,2.8773,3.9804,1.6751,4.8236,4.5536,1.7298,2.7234"
53,2026-09-24 13:31:26,Ours,0.01,1.8297307489892543,52.98,52.98,53,71.0536,1:11.05,65.3966,4.3245,1.3268,3720.8945,1:02:00.89,20,"11,9,8,12,6,15,7,1,16,18,2,19,3,10,17,4,5,13,0,14",11:11;9:61;8:22;12:45;6:36;15:27;7:44;1:59;16:44;18:17;2:51;19:10;3:47;10:52;17:28;4:28;5:44;13:10;0:39;14:34,"11:[];9:[0,1,2,4,6];8:[4];12:[1,2,4,6];6:[4,5,6];15:[4];7:[0,1,4,6];1:[1,2,4,5,6];16:[0,4,5,6];18:[4];2:[0,1,4,5,6];19:[2];3:[0,4,6];10:[0,1,4,5,6];17:[4,6];4:[4,6];5:[0,4,6];13:[];0:[4,6];14:[4,6,7]","c11:bw=11,experts=[]; c9:bw=61,experts=[0,1,2,4,6]; c8:bw=22,experts=[4]; c12:bw=45,experts=[1,2,4,6]; c6:bw=36,experts=[4,5,6]; c15:bw=27,experts=[4]; c7:bw=44,experts=[0,1,4,6]; c1:bw=59,experts=[1,2,4,5,6]; c16:bw=44,experts=[0,4,5,6]; c18:bw=17,experts=[4]; c2:bw=51,experts=[0,1,4,5,6]; c19:bw=10,experts=[2]; c3:bw=47,experts=[0,4,6]; c10:bw=52,experts=[0,1,4,5,6]; c17:bw=28,experts=[4,6]; c4:bw=28,experts=[4,6]; c5:bw=44,experts=[0,4,6]; c13:bw=10,experts=[]; c0:bw=39,experts=[4,6]; c14:bw=34,experts=[4,6,7]","3.0279,2.8930,2.8694,3.1534,2.6236,3.7174,4.0215,4.6054,2.7208,3.7842,3.3341,4.4667,1.9656,1.6955,2.8655,4.1077,1.7546,5.0096,1.9864,4.7941"
54,2026-09-24 13:32:38,Ours,0.01,1.8134193052273755,52.63,52.98,53,71.5052,1:11.51,65.6647,4.4983,1.3398,3792.4259,1:03:12.43,20,"11,13,3,18,16,14,9,12,2,6,5,19,10,15,17,8,4,0,1,7",11:58;13:55;3:30;18:33;16:10;14:33;9:50;12:74;2:10;6:54;5:10;19:21;10:10;15:32;17:27;8:55;4:32;0:37;1:53;7:61,"11:[0,1,2,4,6];13:[1,2,4,5,6];3:[1,4,6];18:[4,5,6];16:[4];14:[4,6];9:[0,1,4,5,6];12:[0,1,2,4,5,6];2:[4];6:[0,2,4,5,6];5:[4];19:[4,5];10:[7];15:[0,4,6];17:[4,6];8:[0,1,4,5,6];4:[4,5,6];0:[0,4,6];1:[0,1,2,4,6];7:[0,1,4,5,6]","c11:bw=58,experts=[0,1,2,4,6]; c13:bw=55,experts=[1,2,4,5,6]; c3:bw=30,experts=[1,4,6]; c18:bw=33,experts=[4,5,6]; c16:bw=10,experts=[4]; c14:bw=33,experts=[4,6]; c9:bw=50,experts=[0,1,4,5,6]; c12:bw=74,experts=[0,1,2,4,5,6]; c2:bw=10,experts=[4]; c6:bw=54,experts=[0,2,4,5,6]; c5:bw=10,experts=[4]; c19:bw=21,experts=[4,5]; c10:bw=10,experts=[7]; c15:bw=32,experts=[0,4,6]; c17:bw=27,experts=[4,6]; c8:bw=55,experts=[0,1,4,5,6]; c4:bw=32,experts=[4,5,6]; c0:bw=37,experts=[0,4,6]; c1:bw=53,experts=[0,1,2,4,6]; c7:bw=61,experts=[0,1,4,5,6]","3.0724,5.1087,1.9759,3.8452,2.7240,4.7943,2.9077,3.1776,3.2746,2.6139,1.7286,4.5320,1.6858,3.7126,2.8552,2.9436,4.1412,1.9755,4.5856,4.0103"
55,2026-09-24 13:33:49,Ours,0.01,1.782607860733291,53.4,53.4,55,71.5248,1:11.52,65.5669,4.6363,1.3135,3863.9775,1:04:23.98,20,"17,9,6,13,14,19,3,16,4,18,12,5,7,0,15,2,11,1,8,10",17:39;9:62;6:42;13:24;14:33;19:60;3:52;16:57;4:14;18:70;12:62;5:53;7:54;0:27;15:30;2:41;11:40;1:60;8:14;10:57,"17:[4,5,6];9:[0,1,4,5,6];6:[0,4,6];13:[4,6];14:[4,6];19:[0,1,2,4,5,6];3:[0,2,4,6,7];16:[1,2,4,6];4:[4];18:[0,1,2,4,5,6,7];12:[0,1,4,5,6];5:[0,1,4,6,7];7:[0,2,4,5,6];0:[4,6];15:[4,6];2:[0,1,4,6];11:[0,1,4,6];1:[0,1,2,4,5,6];8:[4];10:[1,4,5,6]","c17:bw=39,experts=[4,5,6]; c9:bw=62,experts=[0,1,4,5,6]; c6:bw=42,experts=[0,4,6]; c13:bw=24,experts=[4,6]; c14:bw=33,experts=[4,6]; c19:bw=60,experts=[0,1,2,4,5,6]; c3:bw=52,experts=[0,2,4,6,7]; c16:bw=57,experts=[1,2,4,6]; c4:bw=14,experts=[4]; c18:bw=70,experts=[0,1,2,4,5,6,7]; c12:bw=62,experts=[0,1,4,5,6]; c5:bw=53,experts=[0,1,4,6,7]; c7:bw=54,experts=[0,2,4,5,6]; c0:bw=27,experts=[4,6]; c15:bw=30,experts=[4,6]; c2:bw=41,experts=[0,1,4,6]; c11:bw=40,experts=[0,1,4,6]; c1:bw=60,experts=[0,1,2,4,5,6]; c8:bw=14,experts=[4]; c10:bw=57,experts=[1,4,5,6]","2.8842,2.8928,2.6056,5.0739,4.8240,4.5512,1.9744,2.7480,4.1146,3.8498,3.1498,1.7535,4.0328,1.9694,3.7035,3.2989,3.0340,4.5759,2.8656,1.6650"
56,2026-09-24 13:35:00,Ours,0.01,1.8940696296452557,52.32,53.4,55,70.9082,1:10.91,65.2533,4.3154,1.3373,3934.9801,1:05:34.98,20,"19,14,17,15,10,0,5,4,2,11,6,16,7,1,8,9,12,3,13,18",19:10;14:42;17:10;15:35;10:20;0:70;5:31;4:10;2:53;11:26;6:23;16:42;7:18;1:56;8:13;9:52;12:38;3:10;13:18;18:54,"19:[];14:[1,3,4,6];17:[3];15:[3,4,6];10:[3,4];0:[0,1,2,4,5,6,7];5:[0,4,6];4:[0];2:[0,3,4,6,7];11:[3];6:[3,7];16:[3,4,5,6];7:[3];1:[1,3,4,6];8:[3];9:[0,3,4,6,7];12:[3,4,6];3:[];13:[3];18:[0,1,4,5,6]","c19:bw=10,experts=[]; c14:bw=42,experts=[1,3,4,6]; c17:bw=10,experts=[3]; c15:bw=35,experts=[3,4,6]; c10:bw=20,experts=[3,4]; c0:bw=70,experts=[0,1,2,4,5,6,7]; c5:bw=31,experts=[0,4,6]; c4:bw=10,experts=[0]; c2:bw=53,experts=[0,3,4,6,7]; c11:bw=26,experts=[3]; c6:bw=23,experts=[3,7]; c16:bw=42,experts=[3,4,5,6]; c7:bw=18,experts=[3]; c1:bw=56,experts=[1,3,4,6]; c8:bw=13,experts=[3]; c9:bw=52,experts=[0,3,4,6,7]; c12:bw=38,experts=[3,4,6]; c3:bw=10,experts=[]; c13:bw=18,experts=[3]; c18:bw=54,experts=[0,1,4,5,6]","4.4641,4.8243,2.8643,3.7469,1.6688,1.9748,1.7372,4.1170,3.3379,2.9997,2.5730,2.7213,3.9727,4.5664,2.8723,2.8789,3.1473,1.9551,5.0217,3.8097"
57,2026-09-24 13:36:12,Ours,0.01,1.7951013055859497,53.53,53.53,57,71.3503,1:11.35,65.4176,4.5751,1.3519,4006.3566,1:06:46.36,20,"15,10,8,0,4,3,18,9,17,12,11,5,19,6,2,16,7,13,1,14",15:36;10:58;8:43;0:70;4:41;3:64;18:44;9:19;17:52;12:17;11:26;5:44;19:44;6:48;2:33;16:33;7:69;13:31;1:49;14:36,"15:[4,6,7];10:[0,1,2,4,6];8:[0,4,6,7];0:[0,1,2,3,4,5,6];4:[1,2,3,4];3:[0,1,3,4,6];18:[0,3,4,6];9:[];17:[0,2,4,6,7];12:[];11:[4,7];5:[3,4,5,6];19:[3,4,6,7];6:[1,4,6];2:[0,4,6];16:[4,6];7:[0,1,4,5,6];13:[4,6,7];1:[1,4,6,7];14:[0,4,6]","c15:bw=36,experts=[4,6,7]; c10:bw=58,experts=[0,1,2,4,6]; c8:bw=43,experts=[0,4,6,7]; c0:bw=70,experts=[0,1,2,3,4,5,6]; c4:bw=41,experts=[1,2,3,4]; c3:bw=64,experts=[0,1,3,4,6]; c18:bw=44,experts=[0,3,4,6]; c9:bw=19,experts=[]; c17:bw=52,experts=[0,2,4,6,7]; c12:bw=17,experts=[]; c11:bw=26,experts=[4,7]; c5:bw=44,experts=[3,4,5,6]; c19:bw=44,experts=[3,4,6,7]; c6:bw=48,experts=[1,4,6]; c2:bw=33,experts=[0,4,6]; c16:bw=33,experts=[4,6]; c7:bw=69,experts=[0,1,4,5,6]; c13:bw=31,experts=[4,6,7]; c1:bw=49,experts=[1,4,6,7]; c14:bw=36,experts=[0,4,6]","3.7167,1.6797,2.9079,1.9911,4.1271,1.9704,3.8197,2.8528,2.8706,3.1212,3.0103,1.7323,4.5291,2.6321,3.3153,2.7165,3.9952,5.0780,4.5764,4.7751"
58,2026-09-24 13:37:23,Ours,0.01,1.8105095264858275,54.27,54.27,58,71.2996,1:11.30,65.5358,4.4254,1.3362,4077.6842,1:07:57.68,20,"11,14,12,7,8,13,15,2,16,9,1,18,19,17,6,10,4,0,5,3",11:47;14:22;12:29;7:24;8:40;13:40;15:38;2:10;16:42;9:57;1:30;18:50;19:43;17:12;6:55;10:43;4:38;0:47;5:35;3:61,"11:[0,1,4,6];14:[4,6];12:[7];7:[4,6];8:[2,4,6];13:[0,1,4,6];15:[4,5,6];2:[2];16:[0,4,5,6];9:[0,1,4,5,6];1:[0,4,6];18:[0,1,4,6];19:[4,5,6];17:[];6:[0,1,4,5,6];10:[0,4,6];4:[4,5,6];0:[0,4,6];5:[1,4,6];3:[0,1,4,5,6]","c11:bw=47,experts=[0,1,4,6]; c14:bw=22,experts=[4,6]; c12:bw=29,experts=[7]; c7:bw=24,experts=[4,6]; c8:bw=40,experts=[2,4,6]; c13:bw=40,experts=[0,1,4,6]; c15:bw=38,experts=[4,5,6]; c2:bw=10,experts=[2]; c16:bw=42,experts=[0,4,5,6]; c9:bw=57,experts=[0,1,4,5,6]; c1:bw=30,experts=[0,4,6]; c18:bw=50,experts=[0,1,4,6]; c19:bw=43,experts=[4,5,6]; c17:bw=12,experts=[]; c6:bw=55,experts=[0,1,4,5,6]; c10:bw=43,experts=[0,4,6]; c4:bw=38,experts=[4,5,6]; c0:bw=47,experts=[0,4,6]; c5:bw=35,experts=[1,4,6]; c3:bw=61,experts=[0,1,4,5,6]","3.0385,4.8209,3.1390,4.0142,2.9103,5.0588,3.6884,3.2924,2.7300,2.8967,4.5825,3.8468,4.5254,2.8374,2.6219,1.6843,4.1488,1.9713,1.7395,1.9888"
59,2026-09-24 13:38:34,Ours,0.01,1.7535735178812792,54.71,54.71,59,71.1807,1:11.18,65.5008,4.3359,1.3374,4148.892,1:09:08.89,20,"6,5,0,16,8,15,17,13,9,2,10,1,11,3,18,19,4,7,14,12",6:19;5:32;0:52;16:23;8:56;15:50;17:55;13:13;9:28;2:37;10:26;1:65;11:34;3:35;18:10;19:14;4:26;7:28;14:40;12:47,"6:[4];5:[2,4,6];0:[0,1,4,5,6];16:[4,6];8:[0,1,4,5,6];15:[0,1,2,4,6];17:[0,1,4,5,6];13:[4];9:[4,6];2:[0,4,6];10:[4];1:[0,1,2,4,5,6];11:[0,4,6];3:[0,4,6];18:[4];19:[4];4:[4];7:[4,6];14:[0,1,4,6];12:[0,4,6]","c6:bw=19,experts=[4]; c5:bw=32,experts=[2,4,6]; c0:bw=52,experts=[0,1,4,5,6]; c16:bw=23,experts=[4,6]; c8:bw=56,experts=[0,1,4,5,6]; c15:bw=50,experts=[0,1,2,4,6]; c17:bw=55,experts=[0,1,4,5,6]; c13:bw=13,experts=[4]; c9:bw=28,experts=[4,6]; c2:bw=37,experts=[0,4,6]; c10:bw=26,experts=[4]; c1:bw=65,experts=[0,1,2,4,5,6]; c11:bw=34,experts=[0,4,6]; c3:bw=35,experts=[0,4,6]; c18:bw=10,experts=[4]; c19:bw=14,experts=[4]; c4:bw=26,experts=[4]; c7:bw=28,experts=[4,6]; c14:bw=40,experts=[0,1,4,6]; c12:bw=47,experts=[0,4,6]","2.6084,1.7603,2.0236,2.7047,2.9120,3.7298,2.8713,5.0673,2.8626,3.3302,1.6818,4.5740,3.0108,1.9717,3.8173,4.5049,4.1221,3.9733,4.8192,3.1553"
60,2026-09-24 13:39:46,Ours,0.01,1.747611318042485,55.08,55.08,60,71.3672,1:11.37,65.5128,4.5031,1.3491,4220.2865,1:10:20.29,20,"4,8,13,15,2,3,11,0,1,14,12,19,18,6,17,16,5,7,9,10",4:30;8:24;13:59;15:51;2:30;3:44;11:40;0:53;1:54;14:42;12:16;19:60;18:26;6:59;17:39;16:63;5:33;7:48;9:10;10:10,"4:[4,6,7];8:[4];13:[0,1,4,5,6];15:[0,1,4,5,6];2:[4,6];3:[0,1,4,6];11:[1,4,5,6];0:[0,1,4,5,6];1:[0,1,4,5,6];14:[2,4,5];12:[4];19:[0,1,2,4,5,6];18:[4,6];6:[0,1,4,5,6];17:[0,4,6];16:[0,4,5,6,7];5:[4,6];7:[4,6,7];9:[4];10:[4]","c4:bw=30,experts=[4,6,7]; c8:bw=24,experts=[4]; c13:bw=59,experts=[0,1,4,5,6]; c15:bw=51,experts=[0,1,4,5,6]; c2:bw=30,experts=[4,6]; c3:bw=44,experts=[0,1,4,6]; c11:bw=40,experts=[1,4,5,6]; c0:bw=53,experts=[0,1,4,5,6]; c1:bw=54,experts=[0,1,4,5,6]; c14:bw=42,experts=[2,4,5]; c12:bw=16,experts=[4]; c19:bw=60,experts=[0,1,2,4,5,6]; c18:bw=26,experts=[4,6]; c6:bw=59,experts=[0,1,4,5,6]; c17:bw=39,experts=[0,4,6]; c16:bw=63,experts=[0,4,5,6,7]; c5:bw=33,experts=[4,6]; c7:bw=48,experts=[4,6,7]; c9:bw=10,experts=[4]; c10:bw=10,experts=[4]","4.1947,2.9010,5.0816,3.7384,3.3059,1.9770,3.0078,1.9846,4.5624,4.7790,3.1485,4.5441,3.8072,2.6220,2.8548,2.7268,1.7513,3.9978,2.8495,1.6784"
61,2026-09-24 13:40:57,Ours,0.01,1.7651044877098834,55.14,55.14,61,71.37,1:11.37,65.6163,4.432,1.3195,4291.684,1:11:31.68,20,"3,6,1,13,19,0,10,15,12,18,2,5,8,17,14,11,16,9,7,4",3:43;6:37;1:33;13:34;19:52;0:60;10:11;15:16;12:27;18:50;2:29;5:49;8:55;17:46;14:38;11:39;16:38;9:38;7:43;4:38,"3:[4,5,6];6:[4,5,6];1:[4,6];13:[0,4,6];19:[0,1,2,4,6];0:[0,1,2,4,5,6];10:[];15:[4];12:[4,6];18:[0,1,4,5,6];2:[5];5:[0,4,5,6];8:[0,1,4,5,6];17:[0,1,4,6];14:[4,6,7];11:[0,4,6];16:[4,5,6];9:[2,4];7:[1,4,5,6];4:[4,5,6]","c3:bw=43,experts=[4,5,6]; c6:bw=37,experts=[4,5,6]; c1:bw=33,experts=[4,6]; c13:bw=34,experts=[0,4,6]; c19:bw=52,experts=[0,1,2,4,6]; c0:bw=60,experts=[0,1,2,4,5,6]; c10:bw=11,experts=[]; c15:bw=16,experts=[4]; c12:bw=27,experts=[4,6]; c18:bw=50,experts=[0,1,4,5,6]; c2:bw=29,experts=[5]; c5:bw=49,experts=[0,4,5,6]; c8:bw=55,experts=[0,1,4,5,6]; c17:bw=46,experts=[0,1,4,6]; c14:bw=38,experts=[4,6,7]; c11:bw=39,experts=[0,4,6]; c16:bw=38,experts=[4,5,6]; c9:bw=38,experts=[2,4]; c7:bw=43,experts=[1,4,5,6]; c4:bw=38,experts=[4,5,6]","1.9725,2.6533,4.5765,5.0610,4.5260,1.9841,1.6570,3.6947,3.1918,3.8388,3.2938,1.7637,2.9283,2.8864,4.7983,3.0370,2.7277,2.8686,4.0140,4.1427"
62,2026-09-24 13:42:08,Ours,0.01,1.7640334738279073,55.52,55.52,62,71.2799,1:11.28,65.5116,4.4354,1.3306,4362.9923,1:12:42.99,20,"10,6,5,17,2,18,1,12,11,19,9,13,15,8,16,4,14,7,0,3",10:21;6:62;5:67;17:19;2:42;18:26;1:75;12:11;11:36;19:42;9:16;13:30;15:46;8:13;16:26;4:60;14:14;7:44;0:28;3:53,"10:[4,7];6:[0,1,2,4,5,6];5:[0,1,2,4,5,6];17:[4];2:[4,5,6];18:[4,6];1:[0,1,2,4,5,6,7];12:[2];11:[2,4,6];19:[0,4,5,6];9:[4];13:[2,4,6];15:[0,1,4,6];8:[];16:[4,6];4:[0,1,2,4,5,6];14:[4];7:[0,4,5,6];0:[4,6];3:[0,1,4,5,6]","c10:bw=21,experts=[4,7]; c6:bw=62,experts=[0,1,2,4,5,6]; c5:bw=67,experts=[0,1,2,4,5,6]; c17:bw=19,experts=[4]; c2:bw=42,experts=[4,5,6]; c18:bw=26,experts=[4,6]; c1:bw=75,experts=[0,1,2,4,5,6,7]; c12:bw=11,experts=[2]; c11:bw=36,experts=[2,4,6]; c19:bw=42,experts=[0,4,5,6]; c9:bw=16,experts=[4]; c13:bw=30,experts=[2,4,6]; c15:bw=46,experts=[0,1,4,6]; c8:bw=13,experts=[]; c16:bw=26,experts=[4,6]; c4:bw=60,experts=[0,1,2,4,5,6]; c14:bw=14,experts=[4]; c7:bw=44,experts=[0,4,5,6]; c0:bw=28,experts=[4,6]; c3:bw=53,experts=[0,1,4,5,6]","1.6860,2.6324,1.7467,2.8652,3.3174,3.8125,4.6332,3.1270,3.0177,4.5373,2.8603,5.0552,3.7294,2.8769,2.7052,4.1745,4.7812,3.9971,1.9733,1.9830"
63,2026-09-24 13:43:20,Ours,0.01,1.7410342544948971,55.35,55.52,62,71.4591,1:11.46,65.5889,4.5509,1.3144,4434.4795,1:13:54.48,20,"13,9,16,8,4,3,11,7,18,2,12,0,14,15,19,17,6,1,5,10",13:58;9:21;16:58;8:32;4:52;3:52;11:45;7:68;18:47;2:28;12:51;0:41;14:41;15:61;19:34;17:37;6:34;1:50;5:10;10:27,"13:[0,4,5,6];9:[4,6];16:[0,1,2,4,6];8:[0,4,6];4:[0,1,4,5,6];3:[0,2,4,6,7];11:[0,4,6];7:[0,2,4,5,6];18:[2,4,7];2:[1,4];12:[0,1,4,5,6];0:[0,1,4,6];14:[0,4,6];15:[0,1,4,5,6];19:[4,6];17:[1,4,6];6:[0,4,6];1:[0,4,5,6];5:[7];10:[4,5]","c13:bw=58,experts=[0,4,5,6]; c9:bw=21,experts=[4,6]; c16:bw=58,experts=[0,1,2,4,6]; c8:bw=32,experts=[0,4,6]; c4:bw=52,experts=[0,1,4,5,6]; c3:bw=52,experts=[0,2,4,6,7]; c11:bw=45,experts=[0,4,6]; c7:bw=68,experts=[0,2,4,5,6]; c18:bw=47,experts=[2,4,7]; c2:bw=28,experts=[1,4]; c12:bw=51,experts=[0,1,4,5,6]; c0:bw=41,experts=[0,1,4,6]; c14:bw=41,experts=[0,4,6]; c15:bw=61,experts=[0,1,4,5,6]; c19:bw=34,experts=[4,6]; c17:bw=37,experts=[1,4,6]; c6:bw=34,experts=[0,4,6]; c1:bw=50,experts=[0,4,5,6]; c5:bw=10,experts=[7]; c10:bw=27,experts=[4,5]","5.1195,2.8607,2.7365,2.9180,4.1647,1.9702,3.0167,4.0041,3.8379,3.2821,3.1532,1.9771,4.8274,3.7267,4.4952,2.8730,2.6132,4.6106,1.7186,1.6834"
64,2026-09-24 13:44:31,Ours,0.01,1.778074368724285,55.53,55.53,64,71.2303,1:11.23,65.4415,4.4557,1.3307,4505.7391,1:15:05.74,20,"11,9,2,1,4,13,18,12,7,19,5,14,15,8,3,0,6,16,17,10",11:57;9:59;2:56;1:28;4:38;13:42;18:37;12:27;7:34;19:10;5:24;14:46;15:59;8:53;3:38;0:32;6:50;16:16;17:10;10:49,"11:[0,1,3,4,6];9:[0,3,4,6,7];2:[0,3,4,6,7];1:[3];4:[0,4,6];13:[0,3,4,6];18:[0,4,6];12:[3];7:[3,4,6];19:[];5:[4,6];14:[0,3,4,6];15:[0,3,4,5,6];8:[0,1,3,4,6];3:[0,4,6];0:[4,6,7];6:[0,3,4,6,7];16:[3];17:[];10:[0,3,4,6]","c11:bw=57,experts=[0,1,3,4,6]; c9:bw=59,experts=[0,3,4,6,7]; c2:bw=56,experts=[0,3,4,6,7]; c1:bw=28,experts=[3]; c4:bw=38,experts=[0,4,6]; c13:bw=42,experts=[0,3,4,6]; c18:bw=37,experts=[0,4,6]; c12:bw=27,experts=[3]; c7:bw=34,experts=[3,4,6]; c19:bw=10,experts=[]; c5:bw=24,experts=[4,6]; c14:bw=46,experts=[0,3,4,6]; c15:bw=59,experts=[0,3,4,5,6]; c8:bw=53,experts=[0,1,3,4,6]; c3:bw=38,experts=[0,4,6]; c0:bw=32,experts=[4,6,7]; c6:bw=50,experts=[0,3,4,6,7]; c16:bw=16,experts=[3]; c17:bw=10,experts=[]; c10:bw=49,experts=[0,3,4,6]","3.0478,2.8948,3.3336,4.5998,4.1952,5.0775,3.8261,3.1280,3.9924,4.4718,1.7390,4.7915,3.7079,2.8784,1.9451,1.9696,2.6228,2.6855,2.8423,1.6924"
65,2026-09-24 13:45:42,Ours,0.01,1.752175586583024,55.97,55.97,65,71.2591,1:11.26,65.544,4.3964,1.3164,4577.029,1:16:17.03,20,"19,8,6,4,11,9,17,3,5,10,13,14,0,1,2,7,15,12,16,18",19:28;8:66;6:50;4:57;11:10;9:47;17:26;3:42;5:29;10:26;13:48;14:45;0:41;1:58;2:28;7:10;15:38;12:44;16:45;18:18,"19:[3];8:[0,1,4,5,6,7];6:[0,4,5,6];4:[0,3,4,6];11:[7];9:[0,4,5,6];17:[3];3:[3,4,6];5:[3,4];10:[1,2];13:[0,4,6,7];14:[0,1,4,6];0:[0,3,4,6];1:[0,1,2,4,6];2:[4,6];7:[4];15:[4,6,7];12:[0,4,6];16:[0,4,6];18:[3]","c19:bw=28,experts=[3]; c8:bw=66,experts=[0,1,4,5,6,7]; c6:bw=50,experts=[0,4,5,6]; c4:bw=57,experts=[0,3,4,6]; c11:bw=10,experts=[7]; c9:bw=47,experts=[0,4,5,6]; c17:bw=26,experts=[3]; c3:bw=42,experts=[3,4,6]; c5:bw=29,experts=[3,4]; c10:bw=26,experts=[1,2]; c13:bw=48,experts=[0,4,6,7]; c14:bw=45,experts=[0,1,4,6]; c0:bw=41,experts=[0,3,4,6]; c1:bw=58,experts=[0,1,2,4,6]; c2:bw=28,experts=[4,6]; c7:bw=10,experts=[4]; c15:bw=38,experts=[4,6,7]; c12:bw=44,experts=[0,4,6]; c16:bw=45,experts=[0,4,6]; c18:bw=18,experts=[3]","4.5096,2.9280,2.6368,4.1941,3.0253,2.8662,2.8299,1.9610,1.7423,1.6871,5.0792,4.7979,2.0099,4.5956,3.3274,3.9874,3.7253,3.1444,2.7130,3.7836"
66,2026-09-24 13:46:54,Ours,0.01,1.7116207007193125,56.29,56.29,66,71.415,1:11.41,65.5651,4.5248,1.3227,4648.4742,1:17:28.47,20,"7,8,3,15,5,12,4,16,14,10,19,0,11,1,13,18,17,9,2,6",7:50;8:24;3:66;15:50;5:17;12:42;4:41;16:59;14:23;10:46;19:56;0:38;11:10;1:54;13:32;18:24;17:35;9:31;2:41;6:30,"7:[0,1,4,5,6];8:[2,4];3:[0,1,2,4,5,6];15:[0,1,4,5,6];5:[4];12:[0,4,6,7];4:[0,4,6];16:[0,1,4,5,6];14:[4,6];10:[0,4,6];19:[0,4,5,6,7];0:[0,4,6];11:[4];1:[0,1,4,5,6];13:[0,4,6];18:[4,6];17:[2,4,7];9:[1,4,6];2:[0,2,4,6];6:[4,6]","c7:bw=50,experts=[0,1,4,5,6]; c8:bw=24,experts=[2,4]; c3:bw=66,experts=[0,1,2,4,5,6]; c15:bw=50,experts=[0,1,4,5,6]; c5:bw=17,experts=[4]; c12:bw=42,experts=[0,4,6,7]; c4:bw=41,experts=[0,4,6]; c16:bw=59,experts=[0,1,4,5,6]; c14:bw=23,experts=[4,6]; c10:bw=46,experts=[0,4,6]; c19:bw=56,experts=[0,4,5,6,7]; c0:bw=38,experts=[0,4,6]; c11:bw=10,experts=[4]; c1:bw=54,experts=[0,1,4,5,6]; c13:bw=32,experts=[0,4,6]; c18:bw=24,experts=[4,6]; c17:bw=35,experts=[2,4,7]; c9:bw=31,experts=[1,4,6]; c2:bw=41,experts=[0,2,4,6]; c6:bw=30,experts=[4,6]","4.0335,2.9129,1.9979,3.7103,1.7388,3.1645,4.1272,2.7400,4.8012,1.6928,4.5268,1.9951,2.9912,4.5842,5.0506,3.7918,2.8744,2.8835,3.3405,2.6077"
67,2026-09-24 13:48:05,Ours,0.01,1.6977604142952791,56.76,56.76,67,71.564,1:11.56,65.7081,4.5052,1.3451,4720.0721,1:18:40.07,20,"6,17,13,18,8,3,10,5,9,12,15,1,19,11,0,16,2,4,14,7",6:53;17:48;13:39;18:31;8:10;3:25;10:36;5:48;9:60;12:44;15:49;1:36;19:14;11:43;0:32;16:53;2:43;4:51;14:18;7:59,"6:[0,1,4,5,6];17:[0,4,5,6];13:[0,4,6];18:[0,4,6];8:[4];3:[4,6];10:[1,4,6];5:[0,4,5,6];9:[0,1,4,5,6];12:[0,4,6];15:[1,2,4,6];1:[0,4,6];19:[4];11:[0,4,5,6];0:[0,4,6];16:[0,1,4,5,6];2:[0,4,5,6];4:[0,1,4,5,6];14:[4];7:[0,1,4,5,6]","c6:bw=53,experts=[0,1,4,5,6]; c17:bw=48,experts=[0,4,5,6]; c13:bw=39,experts=[0,4,6]; c18:bw=31,experts=[0,4,6]; c8:bw=10,experts=[4]; c3:bw=25,experts=[4,6]; c10:bw=36,experts=[1,4,6]; c5:bw=48,experts=[0,4,5,6]; c9:bw=60,experts=[0,1,4,5,6]; c12:bw=44,experts=[0,4,6]; c15:bw=49,experts=[1,2,4,6]; c1:bw=36,experts=[0,4,6]; c19:bw=14,experts=[4]; c11:bw=43,experts=[0,4,5,6]; c0:bw=32,experts=[0,4,6]; c16:bw=53,experts=[0,1,4,5,6]; c2:bw=43,experts=[0,4,5,6]; c4:bw=51,experts=[0,1,4,5,6]; c14:bw=18,experts=[4]; c7:bw=59,experts=[0,1,4,5,6]","2.6394,2.9073,5.1020,3.8197,2.9003,1.9736,1.6822,1.7580,2.8794,3.1483,3.7343,4.6518,4.5095,3.0392,1.9755,2.7271,3.3291,4.1565,4.7732,4.0016"
68,2026-09-24 13:49:17,Ours,0.01,1.7282803113173224,56.55,56.76,67,71.2506,1:11.25,65.5062,4.4115,1.3306,4791.3533,1:19:51.35,20,"7,12,18,19,5,1,8,11,3,10,2,4,14,0,16,9,6,17,15,13",7:28;12:67;18:54;19:28;5:45;1:42;8:31;11:14;3:26;10:31;2:58;4:49;14:10;0:30;16:54;9:15;6:32;17:72;15:28;13:35,"7:[7];12:[0,1,2,4,5,6];18:[0,1,4,5,6];19:[4,6];5:[0,4,5,6];1:[0,4,5,6];8:[0,4,6];11:[];3:[4];10:[0,4,6];2:[0,1,4,5,6];4:[4,6,7];14:[2];0:[0,4,6];16:[0,4,5,6,7];9:[4];6:[4,5,6];17:[0,1,2,4,5,6,7];15:[4,6];13:[1,4]","c7:bw=28,experts=[7]; c12:bw=67,experts=[0,1,2,4,5,6]; c18:bw=54,experts=[0,1,4,5,6]; c19:bw=28,experts=[4,6]; c5:bw=45,experts=[0,4,5,6]; c1:bw=42,experts=[0,4,5,6]; c8:bw=31,experts=[0,4,6]; c11:bw=14,experts=[]; c3:bw=26,experts=[4]; c10:bw=31,experts=[0,4,6]; c2:bw=58,experts=[0,1,4,5,6]; c4:bw=49,experts=[4,6,7]; c14:bw=10,experts=[2]; c0:bw=30,experts=[0,4,6]; c16:bw=54,experts=[0,4,5,6,7]; c9:bw=15,experts=[4]; c6:bw=32,experts=[4,5,6]; c17:bw=72,experts=[0,1,2,4,5,6,7]; c15:bw=28,experts=[4,6]; c13:bw=35,experts=[1,4]","3.9993,3.1894,3.8505,4.5227,1.7645,4.5751,2.8805,3.0034,1.9740,1.6725,3.3251,4.1239,4.7850,1.9812,2.7550,2.8383,2.6088,2.8789,3.6977,5.0802"
69,2026-09-24 13:50:28,Ours,0.01,1.6988029273177037,57.19,57.19,69,71.4981,1:11.50,65.6318,4.5322,1.3319,4862.8859,1:21:02.89,20,"12,17,15,13,16,0,8,7,5,18,4,3,11,14,6,2,1,9,10,19",12:10;17:48;15:20;13:67;16:60;0:52;8:42;7:58;5:39;18:10;4:41;3:41;11:45;14:37;6:26;2:66;1:31;9:35;10:16;19:43,"12:[];17:[0,1,4,6];15:[4,6];13:[0,1,2,4,5,6];16:[0,1,4,5,6];0:[1,2,4,5,6];8:[0,1,4,6];7:[0,1,4,5,6];5:[0,4,6];18:[4];4:[0,4,5,6];3:[0,4,6];11:[0,1,4,6];14:[4,5,7];6:[4];2:[0,1,2,4,5,6];1:[0,4,6];9:[2,4,6];10:[4];19:[1,2,4,6]","c12:bw=10,experts=[]; c17:bw=48,experts=[0,1,4,6]; c15:bw=20,experts=[4,6]; c13:bw=67,experts=[0,1,2,4,5,6]; c16:bw=60,experts=[0,1,4,5,6]; c0:bw=52,experts=[1,2,4,5,6]; c8:bw=42,experts=[0,1,4,6]; c7:bw=58,experts=[0,1,4,5,6]; c5:bw=39,experts=[0,4,6]; c18:bw=10,experts=[4]; c4:bw=41,experts=[0,4,5,6]; c3:bw=41,experts=[0,4,6]; c11:bw=45,experts=[0,1,4,6]; c14:bw=37,experts=[4,5,7]; c6:bw=26,experts=[4]; c2:bw=66,experts=[0,1,2,4,5,6]; c1:bw=31,experts=[0,4,6]; c9:bw=35,experts=[2,4,6]; c10:bw=16,experts=[4]; c19:bw=43,experts=[1,2,4,6]","3.1449,2.9031,3.7146,5.0982,2.7541,2.0119,2.9066,4.0126,1.7429,3.7871,4.1614,1.9765,3.0315,4.8001,2.6053,3.3316,4.5452,2.8737,1.6896,4.5406"
70,2026-09-24 13:51:40,Ours,0.01,1.6959738926455756,57.18,57.19,69,71.6149,1:11.61,65.7906,4.5086,1.309,4934.5323,1:22:14.53,20,"5,17,3,10,12,15,19,4,18,7,8,14,2,1,0,6,13,9,16,11",5:23;17:41;3:32;10:58;12:40;15:75;19:37;4:58;18:63;7:28;8:48;14:10;2:55;1:24;0:30;6:26;13:33;9:10;16:67;11:53,"5:[1,2];17:[0,1,4,6];3:[1,4,6];10:[1,4,6,7];12:[0,1,4,6];15:[0,1,2,4,5,6,7];19:[1,4,6];4:[0,1,2,4,6];18:[0,1,4,5,6];7:[4];8:[1,4,6];14:[4];2:[0,1,4,5,6];1:[4,7];0:[0,4,6];6:[2,4];13:[1,4,6];9:[];16:[0,1,2,4,5,6];11:[0,1,2,4,6]","c5:bw=23,experts=[1,2]; c17:bw=41,experts=[0,1,4,6]; c3:bw=32,experts=[1,4,6]; c10:bw=58,experts=[1,4,6,7]; c12:bw=40,experts=[0,1,4,6]; c15:bw=75,experts=[0,1,2,4,5,6,7]; c19:bw=37,experts=[1,4,6]; c4:bw=58,experts=[0,1,2,4,6]; c18:bw=63,experts=[0,1,4,5,6]; c7:bw=28,experts=[4]; c8:bw=48,experts=[1,4,6]; c14:bw=10,experts=[4]; c2:bw=55,experts=[0,1,4,5,6]; c1:bw=24,experts=[4,7]; c0:bw=30,experts=[0,4,6]; c6:bw=26,experts=[2,4]; c13:bw=33,experts=[1,4,6]; c9:bw=10,experts=[]; c16:bw=67,experts=[0,1,2,4,5,6]; c11:bw=53,experts=[0,1,2,4,6]","1.7385,2.8884,1.9701,1.6937,3.1604,3.7403,4.5380,4.1756,3.8514,3.9914,2.9079,4.7875,3.3459,4.6035,2.0097,2.6139,5.0655,2.8551,2.8083,3.0455"
71,2026-09-24 13:52:51,Ours,0.01,1.7026518275593525,57.11,57.19,69,71.5717,1:11.57,65.6978,4.5367,1.3349,5006.139,1:23:26.14,20,"6,19,2,11,16,7,13,0,14,15,8,3,9,17,18,5,10,4,1,12",6:50;19:54;2:61;11:44;16:19;7:20;13:25;0:16;14:10;15:28;8:39;3:62;9:40;17:61;18:45;5:33;10:69;4:42;1:52;12:43,"6:[0,1,4,6];19:[0,1,4,5,6];2:[0,1,4,5,6];11:[0,4,5,6];16:[4];7:[2];13:[4,6];0:[];14:[];15:[4,6];8:[0,4,6];3:[0,1,4,5,6,7];9:[0,1,4,6];17:[0,1,2,4,5,6];18:[2,4,7];5:[4,6,7];10:[0,1,2,4,5,6];4:[0,1,4,6];1:[0,1,2,4,6];12:[0,4,5,6]","c6:bw=50,experts=[0,1,4,6]; c19:bw=54,experts=[0,1,4,5,6]; c2:bw=61,experts=[0,1,4,5,6]; c11:bw=44,experts=[0,4,5,6]; c16:bw=19,experts=[4]; c7:bw=20,experts=[2]; c13:bw=25,experts=[4,6]; c0:bw=16,experts=[]; c14:bw=10,experts=[]; c15:bw=28,experts=[4,6]; c8:bw=39,experts=[0,4,6]; c3:bw=62,experts=[0,1,4,5,6,7]; c9:bw=40,experts=[0,1,4,6]; c17:bw=61,experts=[0,1,2,4,5,6]; c18:bw=45,experts=[2,4,7]; c5:bw=33,experts=[4,6,7]; c10:bw=69,experts=[0,1,2,4,5,6]; c4:bw=42,experts=[0,1,4,6]; c1:bw=52,experts=[0,1,2,4,6]; c12:bw=43,experts=[0,4,5,6]","2.6364,4.5851,3.3401,3.0262,2.7068,3.9775,5.0711,1.9765,4.7640,3.7117,2.9064,1.9795,2.8796,2.8837,3.8418,1.7322,1.7176,4.1627,4.6259,3.1727"
72,2026-09-24 13:54:02,Ours,0.01,1.7148091215100643,57.44,57.44,72,71.0236,1:11.02,65.4003,4.2949,1.3238,5077.1943,1:24:37.19,20,"2,10,13,17,15,16,18,3,14,0,19,6,4,8,12,11,1,7,5,9",2:23;10:28;13:54;17:18;15:41;16:46;18:29;3:23;14:43;0:52;19:32;6:19;4:39;8:30;12:28;11:10;1:39;7:48;5:43;9:38,"2:[3];10:[3,4];13:[1,3,4,6];17:[4];15:[0,3,4,6];16:[0,3,4,6];18:[4,6];3:[4,6];14:[3,4,6];0:[0,1,4,6,7];19:[0,4,6];6:[3];4:[4,6];8:[3,4,6];12:[3];11:[3];1:[3,4,6];7:[1,3,4,6];5:[0,4,5,6];9:[3,4,7]","c2:bw=23,experts=[3]; c10:bw=28,experts=[3,4]; c13:bw=54,experts=[1,3,4,6]; c17:bw=18,experts=[4]; c15:bw=41,experts=[0,3,4,6]; c16:bw=46,experts=[0,3,4,6]; c18:bw=29,experts=[4,6]; c3:bw=23,experts=[4,6]; c14:bw=43,experts=[3,4,6]; c0:bw=52,experts=[0,1,4,6,7]; c19:bw=32,experts=[0,4,6]; c6:bw=19,experts=[3]; c4:bw=39,experts=[4,6]; c8:bw=30,experts=[3,4,6]; c12:bw=28,experts=[3]; c11:bw=10,experts=[3]; c1:bw=39,experts=[3,4,6]; c7:bw=48,experts=[1,3,4,6]; c5:bw=43,experts=[0,4,5,6]; c9:bw=38,experts=[3,4,7]","3.2866,1.6858,5.1207,2.8919,3.7204,2.7138,3.8273,1.9478,4.7842,1.9884,4.5191,2.5899,4.1177,2.8906,3.1143,3.0175,4.5488,3.9833,1.7697,2.8825"
73,2026-09-24 13:55:14,Ours,0.01,1.7137597920057843,56.94,57.44,72,71.2066,1:11.21,65.4879,4.3852,1.3313,5148.4331,1:25:48.43,20,"8,11,12,13,4,9,1,5,2,15,6,14,19,17,16,7,10,3,18,0",8:11;11:46;12:37;13:50;4:41;9:52;1:66;5:17;2:47;15:47;6:20;14:16;19:10;17:17;16:61;7:37;10:42;3:40;18:34;0:28,"8:[];11:[1,4,6,7];12:[0,4,6];13:[0,4,6,7];4:[0,3,4,6];9:[0,1,4,5,6];1:[0,1,4,5,6];5:[3];2:[0,4,6,7];15:[0,4,6];6:[7];14:[0];19:[3];17:[3];16:[0,1,4,5,6];7:[0,4,6];10:[0,1,4,6];3:[0,3,4,6];18:[3,4,6];0:[3,4]","c8:bw=11,experts=[]; c11:bw=46,experts=[1,4,6,7]; c12:bw=37,experts=[0,4,6]; c13:bw=50,experts=[0,4,6,7]; c4:bw=41,experts=[0,3,4,6]; c9:bw=52,experts=[0,1,4,5,6]; c1:bw=66,experts=[0,1,4,5,6]; c5:bw=17,experts=[3]; c2:bw=47,experts=[0,4,6,7]; c15:bw=47,experts=[0,4,6]; c6:bw=20,experts=[7]; c14:bw=16,experts=[0]; c19:bw=10,experts=[3]; c17:bw=17,experts=[3]; c16:bw=61,experts=[0,1,4,5,6]; c7:bw=37,experts=[0,4,6]; c10:bw=42,experts=[0,1,4,6]; c3:bw=40,experts=[0,3,4,6]; c18:bw=34,experts=[3,4,6]; c0:bw=28,experts=[3,4]","2.8952,3.0201,3.1366,5.0832,4.1631,2.8874,4.6167,1.7187,3.3254,3.7149,2.5817,4.7789,4.4789,2.9014,2.7191,3.9701,1.6821,2.0008,3.8310,1.9825"
74,2026-09-24 13:56:25,Ours,0.01,1.71206081760084,58.1,58.1,74,71.3446,1:11.34,65.5881,4.4147,1.3362,5219.8136,1:26:59.81,20,"9,17,19,7,5,6,15,4,11,8,1,18,12,16,13,0,10,2,14,3",9:32;17:62;19:20;7:65;5:50;6:10;15:50;4:47;11:37;8:28;1:28;18:60;12:10;16:48;13:42;0:40;10:25;2:10;14:32;3:10,"9:[4,6];17:[0,1,2,4,5,6];19:[4,7];7:[0,1,2,4,5,6];5:[0,1,4,5,6];6:[4];15:[0,1,4,5,6];4:[0,4,6];11:[0,4,6];8:[5,7];1:[4,6];18:[0,1,2,4,5,6];12:[7];16:[0,1,4,6];13:[0,1,4,6];0:[0,1,4,6];10:[4,6];2:[];14:[1,4];3:[2]","c9:bw=32,experts=[4,6]; c17:bw=62,experts=[0,1,2,4,5,6]; c19:bw=20,experts=[4,7]; c7:bw=65,experts=[0,1,2,4,5,6]; c5:bw=50,experts=[0,1,4,5,6]; c6:bw=10,experts=[4]; c15:bw=50,experts=[0,1,4,5,6]; c4:bw=47,experts=[0,4,6]; c11:bw=37,experts=[0,4,6]; c8:bw=28,experts=[5,7]; c1:bw=28,experts=[4,6]; c18:bw=60,experts=[0,1,2,4,5,6]; c12:bw=10,experts=[7]; c16:bw=48,experts=[0,1,4,6]; c13:bw=42,experts=[0,1,4,6]; c0:bw=40,experts=[0,1,4,6]; c10:bw=25,experts=[4,6]; c2:bw=10,experts=[]; c14:bw=32,experts=[1,4]; c3:bw=10,experts=[2]","2.8722,2.9542,4.5218,4.0242,1.7573,2.5945,3.7667,4.1322,3.0501,2.8956,4.5474,3.8456,3.1258,2.7285,5.0778,1.9935,1.6908,3.2715,4.7843,1.9541"
75,2026-09-24 13:57:37,Ours,0.01,1.6458320583336277,58.46,58.46,75,71.7696,1:11.77,65.7814,4.6447,1.3412,5291.616,1:28:11.62,20,"8,0,17,16,18,12,19,3,13,5,14,11,4,1,15,2,6,9,7,10",8:53;0:60;17:43;16:46;18:68;12:40;19:19;3:20;13:46;5:31;14:60;11:42;4:56;1:54;15:20;2:40;6:56;9:61;7:28;10:23,"8:[0,1,2,4,6];0:[0,1,2,4,5,6];17:[0,1,4,6];16:[0,1,4,6];18:[0,1,2,4,5,6];12:[0,1,4,6];19:[4];3:[4,6];13:[0,1,4,6];5:[1,4,6];14:[0,1,2,4,5,6];11:[0,1,4,6];4:[0,1,4,6];1:[0,1,2,4,6];15:[4,6];2:[0,1,4,6];6:[0,1,4,6];9:[0,1,4,5,6];7:[4,6];10:[4,6]","c8:bw=53,experts=[0,1,2,4,6]; c0:bw=60,experts=[0,1,2,4,5,6]; c17:bw=43,experts=[0,1,4,6]; c16:bw=46,experts=[0,1,4,6]; c18:bw=68,experts=[0,1,2,4,5,6]; c12:bw=40,experts=[0,1,4,6]; c19:bw=19,experts=[4]; c3:bw=20,experts=[4,6]; c13:bw=46,experts=[0,1,4,6]; c5:bw=31,experts=[1,4,6]; c14:bw=60,experts=[0,1,2,4,5,6]; c11:bw=42,experts=[0,1,4,6]; c4:bw=56,experts=[0,1,4,6]; c1:bw=54,experts=[0,1,2,4,6]; c15:bw=20,experts=[4,6]; c2:bw=40,experts=[0,1,4,6]; c6:bw=56,experts=[0,1,4,6]; c9:bw=61,experts=[0,1,4,5,6]; c7:bw=28,experts=[4,6]; c10:bw=23,experts=[4,6]","2.9233,2.0132,2.9072,2.7316,3.8524,3.1555,4.5423,1.9777,5.1223,1.7485,4.8362,3.0382,4.1428,4.5749,3.7151,3.3323,2.6248,2.8898,3.9807,1.6725"
76,2026-09-24 13:58:49,Ours,0.01,1.6464333520766306,58.65,58.65,76,71.5921,1:11.59,65.7905,4.4662,1.3294,5363.2432,1:29:23.24,20,"12,3,15,1,18,8,5,10,6,0,4,17,2,7,13,11,14,19,9,16",12:21;3:15;15:42;1:53;18:39;8:29;5:37;10:46;6:23;0:31;4:60;17:33;2:25;7:66;13:39;11:42;14:22;19:44;9:57;16:39,"12:[2,4];3:[4];15:[0,4,5,6];1:[0,1,4,5,6];18:[0,4,6];8:[4];5:[0,4,6];10:[0,1,4,6];6:[4,5];0:[4,6];4:[0,1,4,5,6,7];17:[4,6,7];2:[4,6];7:[0,1,4,5,6,7];13:[4,6];11:[1,4,6];14:[4,6];19:[0,4,6];9:[0,2,4,5,6];16:[4,6,7]","c12:bw=21,experts=[2,4]; c3:bw=15,experts=[4]; c15:bw=42,experts=[0,4,5,6]; c1:bw=53,experts=[0,1,4,5,6]; c18:bw=39,experts=[0,4,6]; c8:bw=29,experts=[4]; c5:bw=37,experts=[0,4,6]; c10:bw=46,experts=[0,1,4,6]; c6:bw=23,experts=[4,5]; c0:bw=31,experts=[4,6]; c4:bw=60,experts=[0,1,4,5,6,7]; c17:bw=33,experts=[4,6,7]; c2:bw=25,experts=[4,6]; c7:bw=66,experts=[0,1,4,5,6,7]; c13:bw=39,experts=[4,6]; c11:bw=42,experts=[1,4,6]; c14:bw=22,experts=[4,6]; c19:bw=44,experts=[0,4,6]; c9:bw=57,experts=[0,2,4,5,6]; c16:bw=39,experts=[4,6,7]","3.1779,1.9745,3.7441,4.6321,3.8405,2.9066,1.7520,1.6949,2.6252,2.0082,4.1696,2.8641,3.3087,4.0399,5.0707,3.0283,4.7951,4.5285,2.9022,2.7274"
77,2026-09-24 14:00:00,Ours,0.01,1.6543442062234317,58.6,58.65,76,71.427,1:11.43,65.6328,4.4625,1.3294,5434.7042,1:30:34.70,20,"7,3,17,2,10,18,11,1,5,4,16,13,0,6,9,15,19,12,8,14",7:10;3:40;17:37;2:34;10:39;18:31;11:28;1:62;5:59;4:10;16:34;13:37;0:63;6:57;9:29;15:43;19:37;12:46;8:10;14:64,"7:[4];3:[0,1,4,6];17:[1,4,6];2:[2,4,6];10:[1,4,6];18:[0,4,6];11:[1,4];1:[0,1,2,4,5,6];5:[0,1,4,5,6];4:[];16:[0,4,6];13:[2,5];0:[0,1,2,4,5,6];6:[0,1,2,4,6];9:[4,6];15:[0,1,4,6];19:[2,4];12:[0,1,4,6];8:[4];14:[0,1,4,5,6,7]","c7:bw=10,experts=[4]; c3:bw=40,experts=[0,1,4,6]; c17:bw=37,experts=[1,4,6]; c2:bw=34,experts=[2,4,6]; c10:bw=39,experts=[1,4,6]; c18:bw=31,experts=[0,4,6]; c11:bw=28,experts=[1,4]; c1:bw=62,experts=[0,1,2,4,5,6]; c5:bw=59,experts=[0,1,4,5,6]; c4:bw=10,experts=[]; c16:bw=34,experts=[0,4,6]; c13:bw=37,experts=[2,5]; c0:bw=63,experts=[0,1,2,4,5,6]; c6:bw=57,experts=[0,1,2,4,6]; c9:bw=29,experts=[4,6]; c15:bw=43,experts=[0,1,4,6]; c19:bw=37,experts=[2,4]; c12:bw=46,experts=[0,1,4,6]; c8:bw=10,experts=[4]; c14:bw=64,experts=[0,1,4,5,6,7]","3.9838,1.9830,2.8881,3.3295,1.6839,3.8446,3.0421,4.6074,1.7526,4.1144,2.7258,5.0734,2.0093,2.6453,2.8895,3.7297,4.4763,3.1524,2.8649,4.8368"
78,2026-09-24 14:01:12,Ours,0.01,1.6346590735205115,58.7,58.7,78,71.5234,1:11.52,65.7302,4.4794,1.3088,5506.2614,1:31:46.26,20,"5,11,13,8,14,4,12,3,19,18,0,16,9,10,1,2,6,17,7,15",5:63;11:37;13:59;8:54;14:52;4:23;12:31;3:38;19:12;18:35;0:26;16:44;9:31;10:59;1:41;2:34;6:57;17:31;7:36;15:38,"5:[0,1,2,4,5,6];11:[2,4,6];13:[0,1,4,5,6];8:[0,1,4,5,6];14:[0,1,4,5,6];4:[2];12:[0,4,6];3:[0,4,6];19:[4];18:[0,4,6];0:[4];16:[0,2,4,6];9:[0,4,6];10:[0,4,6,7];1:[4,6,7];2:[0,4,6];6:[0,1,4,5,6];17:[4,6];7:[0,4,6];15:[2,4,7]","c5:bw=63,experts=[0,1,2,4,5,6]; c11:bw=37,experts=[2,4,6]; c13:bw=59,experts=[0,1,4,5,6]; c8:bw=54,experts=[0,1,4,5,6]; c14:bw=52,experts=[0,1,4,5,6]; c4:bw=23,experts=[2]; c12:bw=31,experts=[0,4,6]; c3:bw=38,experts=[0,4,6]; c19:bw=12,experts=[4]; c18:bw=35,experts=[0,4,6]; c0:bw=26,experts=[4]; c16:bw=44,experts=[0,2,4,6]; c9:bw=31,experts=[0,4,6]; c10:bw=59,experts=[0,4,6,7]; c1:bw=41,experts=[4,6,7]; c2:bw=34,experts=[0,4,6]; c6:bw=57,experts=[0,1,4,5,6]; c17:bw=31,experts=[4,6]; c7:bw=36,experts=[0,4,6]; c15:bw=38,experts=[2,4,7]","1.7887,3.0378,5.1097,2.9426,4.8274,4.1253,3.2125,2.0078,4.4864,3.8250,1.9606,2.7544,2.9001,1.6553,4.5507,3.3261,2.6372,2.8616,4.0013,3.7194"
79,2026-09-24 14:02:23,Ours,0.01,1.6813915786056746,58.58,58.7,78,71.5502,1:11.55,65.6762,4.5598,1.3119,5577.8459,1:32:57.85,20,"2,10,17,18,13,9,4,15,16,1,8,5,12,3,0,19,14,6,11,7",2:33;10:34;17:58;18:12;13:43;9:10;4:80;15:54;16:59;1:37;8:44;5:53;12:10;3:26;0:36;19:26;14:62;6:21;11:32;7:46,"2:[4,5,6];10:[2,4,5];17:[0,1,4,5,6];18:[7];13:[0,1,4,6];9:[4];4:[0,1,2,3,4,5,6,7];15:[0,1,4,5,6];16:[0,1,4,5,6];1:[0,4,6];8:[0,1,4,6];5:[0,1,4,6,7];12:[];3:[5,7];0:[0,4,6];19:[1,5];14:[0,1,4,5,6];6:[4,6];11:[4,5,6];7:[0,1,4,6]","c2:bw=33,experts=[4,5,6]; c10:bw=34,experts=[2,4,5]; c17:bw=58,experts=[0,1,4,5,6]; c18:bw=12,experts=[7]; c13:bw=43,experts=[0,1,4,6]; c9:bw=10,experts=[4]; c4:bw=80,experts=[0,1,2,3,4,5,6,7]; c15:bw=54,experts=[0,1,4,5,6]; c16:bw=59,experts=[0,1,4,5,6]; c1:bw=37,experts=[0,4,6]; c8:bw=44,experts=[0,1,4,6]; c5:bw=53,experts=[0,1,4,6,7]; c12:bw=10,experts=[]; c3:bw=26,experts=[5,7]; c0:bw=36,experts=[0,4,6]; c19:bw=26,experts=[1,5]; c14:bw=62,experts=[0,1,4,5,6]; c6:bw=21,experts=[4,6]; c11:bw=32,experts=[4,5,6]; c7:bw=46,experts=[0,1,4,6]","3.3199,1.7100,2.8930,3.8185,5.0842,2.8706,4.1525,3.6944,2.7183,4.5858,3.0048,1.7477,3.1522,1.9618,2.0022,4.4952,4.8190,2.5985,3.0325,4.0153"
80,2026-09-24 14:03:35,Ours,0.01,1.6580752640216,58.98,58.98,80,71.595,1:11.59,65.6879,4.574,1.3279,5649.4756,1:34:09.48,20,"13,8,5,14,11,7,18,15,4,0,3,6,10,19,17,16,12,1,9,2",13:39;8:51;5:65;14:30;11:62;7:48;18:13;15:41;4:57;0:47;3:31;6:39;10:18;19:35;17:61;16:44;12:10;1:31;9:53;2:44,"13:[3,4,6];8:[0,3,4,6];5:[0,1,2,4,5,6];14:[3,4,6];11:[0,1,3,4,5,6];7:[0,3,4,6];18:[4];15:[1,3,4,6];4:[0,1,4,6];0:[0,4,6,7];3:[1,4,6];6:[3,4];10:[];19:[0,4,6];17:[0,1,2,4,5,6];16:[0,3,4,6];12:[5];1:[3,4,6];9:[0,3,4,6,7];2:[1,3,4,6]","c13:bw=39,experts=[3,4,6]; c8:bw=51,experts=[0,3,4,6]; c5:bw=65,experts=[0,1,2,4,5,6]; c14:bw=30,experts=[3,4,6]; c11:bw=62,experts=[0,1,3,4,5,6]; c7:bw=48,experts=[0,3,4,6]; c18:bw=13,experts=[4]; c15:bw=41,experts=[1,3,4,6]; c4:bw=57,experts=[0,1,4,6]; c0:bw=47,experts=[0,4,6,7]; c3:bw=31,experts=[1,4,6]; c6:bw=39,experts=[3,4]; c10:bw=18,experts=[]; c19:bw=35,experts=[0,4,6]; c17:bw=61,experts=[0,1,2,4,5,6]; c16:bw=44,experts=[0,3,4,6]; c12:bw=10,experts=[5]; c1:bw=31,experts=[3,4,6]; c9:bw=53,experts=[0,3,4,6,7]; c2:bw=44,experts=[1,3,4,6]","5.0639,2.9404,1.7765,4.8382,3.0725,4.0223,3.8151,3.7166,4.1619,2.0077,1.9687,2.5947,1.6728,4.5381,2.9057,2.7332,3.1415,4.5403,2.8790,3.2988"
81,2026-09-24 14:04:46,Ours,0.01,1.631006076502106,59.48,59.48,81,71.436,1:11.44,65.4492,4.6312,1.3533,5720.9478,1:35:20.95,20,"9,10,5,15,19,8,14,17,18,11,3,1,7,13,12,2,16,0,4,6",9:26;10:44;5:30;15:65;19:52;8:48;14:46;17:27;18:60;11:22;3:67;1:49;7:58;13:21;12:75;2:45;16:35;0:50;4:42;6:51,"9:[4];10:[0,3,4,6];5:[3,4];15:[0,1,4,5,6];19:[0,1,3,4,6];8:[0,4,6];14:[0,4,6];17:[3];18:[0,1,3,4,6];11:[4,7];3:[0,1,3,4,6];1:[0,1,4,6];7:[0,1,4,5,6];13:[4,7];12:[0,1,2,3,4,5,6];2:[4,6,7];16:[0,4,6];0:[0,1,3,4,6];4:[0,4,5,6];6:[0,1,4,6,7]","c9:bw=26,experts=[4]; c10:bw=44,experts=[0,3,4,6]; c5:bw=30,experts=[3,4]; c15:bw=65,experts=[0,1,4,5,6]; c19:bw=52,experts=[0,1,3,4,6]; c8:bw=48,experts=[0,4,6]; c14:bw=46,experts=[0,4,6]; c17:bw=27,experts=[3]; c18:bw=60,experts=[0,1,3,4,6]; c11:bw=22,experts=[4,7]; c3:bw=67,experts=[0,1,3,4,6]; c1:bw=49,experts=[0,1,4,6]; c7:bw=58,experts=[0,1,4,5,6]; c13:bw=21,experts=[4,7]; c12:bw=75,experts=[0,1,2,3,4,5,6]; c2:bw=45,experts=[4,6,7]; c16:bw=35,experts=[0,4,6]; c0:bw=50,experts=[0,1,3,4,6]; c4:bw=42,experts=[0,4,5,6]; c6:bw=51,experts=[0,1,4,6,7]","2.8746,1.6961,1.7406,3.7421,4.5470,2.8996,4.7803,2.8442,3.8297,3.0138,1.9682,4.5343,3.9839,5.0486,3.1590,3.3222,2.7114,1.9902,4.1433,2.6200"
82,2026-09-24 14:05:58,Ours,0.01,1.6080649893945562,59.69,59.69,82,71.5913,1:11.59,65.7487,4.51,1.3273,5792.5769,1:36:32.58,20,"9,16,0,13,2,15,19,12,8,1,14,7,6,5,18,10,17,4,11,3",9:56;16:32;0:30;13:35;2:30;15:16;19:21;12:63;8:58;1:64;14:54;7:40;6:36;5:40;18:45;10:18;17:44;4:30;11:47;3:39,"9:[0,1,4,5,6];16:[1,4,6];0:[0,4,6];13:[0,4,6];2:[0,4,6];15:[4];19:[4,7];12:[0,1,4,5,6,7];8:[0,1,4,6,7];1:[0,1,4,5,6];14:[0,1,2,4,6];7:[1,2,4,6];6:[0,4,6];5:[1,4,5,6];18:[0,4,6];10:[4];17:[0,4,6];4:[0,4,6];11:[0,4,6];3:[2,4]","c9:bw=56,experts=[0,1,4,5,6]; c16:bw=32,experts=[1,4,6]; c0:bw=30,experts=[0,4,6]; c13:bw=35,experts=[0,4,6]; c2:bw=30,experts=[0,4,6]; c15:bw=16,experts=[4]; c19:bw=21,experts=[4,7]; c12:bw=63,experts=[0,1,4,5,6,7]; c8:bw=58,experts=[0,1,4,6,7]; c1:bw=64,experts=[0,1,4,5,6]; c14:bw=54,experts=[0,1,2,4,6]; c7:bw=40,experts=[1,2,4,6]; c6:bw=36,experts=[0,4,6]; c5:bw=40,experts=[1,4,5,6]; c18:bw=45,experts=[0,4,6]; c10:bw=18,experts=[4]; c17:bw=44,experts=[0,4,6]; c4:bw=30,experts=[0,4,6]; c11:bw=47,experts=[0,4,6]; c3:bw=39,experts=[2,4]","2.9119,2.7360,1.9982,5.0781,3.3289,3.6817,4.5433,3.1875,2.9182,4.6006,4.8183,3.9905,2.6412,1.7631,3.8341,1.6741,2.8923,4.1640,3.0323,1.9542"
83,2026-09-24 14:07:09,Ours,0.01,1.6260464343908443,59.51,59.69,82,71.1692,1:11.17,65.4421,4.3907,1.3342,5863.7806,1:37:43.78,20,"3,15,11,14,6,4,5,7,2,19,0,17,16,8,1,10,9,13,12,18",3:42;15:39;11:27;14:39;6:53;4:10;5:10;7:37;2:41;19:67;0:10;17:31;16:49;8:39;1:63;10:37;9:51;13:46;12:44;18:21,"3:[0,1,4,6];15:[0,4,6];11:[4,6];14:[1,4,6];6:[0,1,4,5,6];4:[4];5:[4];7:[1,4,6];2:[0,1,4,6];19:[0,1,4,5,6];0:[];17:[1,4,6];16:[0,4,6];8:[2,4,6];1:[0,1,4,5,6];10:[0,4,6];9:[0,1,4,5,6];13:[0,4,6];12:[0,1,4,6];18:[2]","c3:bw=42,experts=[0,1,4,6]; c15:bw=39,experts=[0,4,6]; c11:bw=27,experts=[4,6]; c14:bw=39,experts=[1,4,6]; c6:bw=53,experts=[0,1,4,5,6]; c4:bw=10,experts=[4]; c5:bw=10,experts=[4]; c7:bw=37,experts=[1,4,6]; c2:bw=41,experts=[0,1,4,6]; c19:bw=67,experts=[0,1,4,5,6]; c0:bw=10,experts=[]; c17:bw=31,experts=[1,4,6]; c16:bw=49,experts=[0,4,6]; c8:bw=39,experts=[2,4,6]; c1:bw=63,experts=[0,1,4,5,6]; c10:bw=37,experts=[0,4,6]; c9:bw=51,experts=[0,1,4,5,6]; c13:bw=46,experts=[0,4,6]; c12:bw=44,experts=[0,1,4,6]; c18:bw=21,experts=[2]","1.9794,3.7350,3.0111,4.8135,2.6159,4.1137,1.7566,3.9843,3.3171,4.5109,1.9737,2.8614,2.6917,2.8811,4.5624,1.6551,2.8937,5.0839,3.1724,3.8295"
84,2026-09-24 14:08:21,Ours,0.01,1.620787793214009,59.2,59.69,82,71.45,1:11.45,65.7079,4.4076,1.33,5935.2679,1:38:55.27,20,"14,6,13,3,4,5,18,15,7,0,11,1,17,9,10,12,19,2,8,16",14:45;6:10;13:30;3:32;4:27;5:20;18:55;15:75;7:47;0:10;11:50;1:58;17:43;9:20;10:10;12:45;19:22;2:36;8:67;16:47,"14:[0,1,4,6];6:[];13:[4,6];3:[0,4,6];4:[4,6];5:[4,6];18:[0,1,4,5,6];15:[0,1,2,4,5,6,7];7:[0,4,6,7];0:[4];11:[0,1,4,5,6];1:[0,1,4,6];17:[4,6,7];9:[2,4];10:[];12:[0,4,6];19:[4,6];2:[4,6];8:[0,1,2,4,5,6];16:[4,6,7]","c14:bw=45,experts=[0,1,4,6]; c6:bw=10,experts=[]; c13:bw=30,experts=[4,6]; c3:bw=32,experts=[0,4,6]; c4:bw=27,experts=[4,6]; c5:bw=20,experts=[4,6]; c18:bw=55,experts=[0,1,4,5,6]; c15:bw=75,experts=[0,1,2,4,5,6,7]; c7:bw=47,experts=[0,4,6,7]; c0:bw=10,experts=[4]; c11:bw=50,experts=[0,1,4,5,6]; c1:bw=58,experts=[0,1,4,6]; c17:bw=43,experts=[4,6,7]; c9:bw=20,experts=[2,4]; c10:bw=10,experts=[]; c12:bw=45,experts=[0,4,6]; c19:bw=22,experts=[4,6]; c2:bw=36,experts=[4,6]; c8:bw=67,experts=[0,1,2,4,5,6]; c16:bw=47,experts=[4,6,7]","4.8494,2.5938,5.0775,1.9831,4.1385,1.7525,3.8486,3.7268,3.9885,1.9959,3.0742,4.6038,2.8911,2.8798,1.6807,3.1554,4.5229,3.3300,2.9105,2.7051"
85,2026-09-24 14:09:32,Ours,0.01,1.6217242680459782,59.54,59.69,82,71.7787,1:11.78,65.8871,4.5654,1.324,6007.0816,1:40:07.08,20,"5,16,9,12,6,18,15,0,11,17,14,2,7,19,10,1,4,13,3,8",5:12;16:19;9:58;12:47;6:42;18:51;15:70;0:38;11:10;17:49;14:44;2:45;7:11;19:54;10:44;1:57;4:42;13:35;3:51;8:70,"5:[];16:[4];9:[0,1,4,5,6];12:[0,1,4,6];6:[0,2,4,6];18:[0,1,4,5,6];15:[0,1,2,4,5,6];0:[2,4,5];11:[];17:[0,1,4,6];14:[0,4,6,7];2:[0,2,4,6];7:[];19:[0,2,4,6];10:[0,1,4,6];1:[0,2,4,6];4:[0,1,4,6];13:[2,4,6];3:[0,1,4,5,6];8:[0,1,2,4,5,6,7]","c5:bw=12,experts=[]; c16:bw=19,experts=[4]; c9:bw=58,experts=[0,1,4,5,6]; c12:bw=47,experts=[0,1,4,6]; c6:bw=42,experts=[0,2,4,6]; c18:bw=51,experts=[0,1,4,5,6]; c15:bw=70,experts=[0,1,2,4,5,6]; c0:bw=38,experts=[2,4,5]; c11:bw=10,experts=[]; c17:bw=49,experts=[0,1,4,6]; c14:bw=44,experts=[0,4,6,7]; c2:bw=45,experts=[0,2,4,6]; c7:bw=11,experts=[]; c19:bw=54,experts=[0,2,4,6]; c10:bw=44,experts=[0,1,4,6]; c1:bw=57,experts=[0,2,4,6]; c4:bw=42,experts=[0,1,4,6]; c13:bw=35,experts=[2,4,6]; c3:bw=51,experts=[0,1,4,5,6]; c8:bw=70,experts=[0,1,2,4,5,6,7]","1.7556,2.7234,2.9062,3.1682,2.6325,3.8657,3.7557,1.9608,3.0095,2.9631,4.8250,3.3359,3.9675,4.5337,1.6958,4.5779,4.1713,5.0945,2.0005,2.9444"
86,2026-09-24 14:10:44,Ours,0.01,1.5882244923081417,60.18,60.18,86,71.5524,1:11.55,65.7683,4.4423,1.3396,6078.6721,1:41:18.67,20,"2,13,11,0,6,16,8,3,12,15,17,9,19,18,7,5,14,1,10,4",2:24;13:55;11:38;0:30;6:55;16:50;8:28;3:28;12:28;15:55;17:40;9:43;19:18;18:52;7:44;5:47;14:45;1:72;10:47;4:18,"2:[4,6];13:[0,4,5,6];11:[2,4,6];0:[0,4,6];6:[0,1,4,6];16:[0,1,2,4,6];8:[4,6];3:[4,6];12:[4];15:[0,1,4,6];17:[1,4,6];9:[0,1,4,6];19:[4];18:[0,1,4,5,6];7:[0,1,4];5:[0,4,6];14:[0,1,4,6];1:[0,1,4,5,6,7];10:[4,6,7];4:[4]","c2:bw=24,experts=[4,6]; c13:bw=55,experts=[0,4,5,6]; c11:bw=38,experts=[2,4,6]; c0:bw=30,experts=[0,4,6]; c6:bw=55,experts=[0,1,4,6]; c16:bw=50,experts=[0,1,2,4,6]; c8:bw=28,experts=[4,6]; c3:bw=28,experts=[4,6]; c12:bw=28,experts=[4]; c15:bw=55,experts=[0,1,4,6]; c17:bw=40,experts=[1,4,6]; c9:bw=43,experts=[0,1,4,6]; c19:bw=18,experts=[4]; c18:bw=52,experts=[0,1,4,5,6]; c7:bw=44,experts=[0,1,4]; c5:bw=47,experts=[0,4,6]; c14:bw=45,experts=[0,1,4,6]; c1:bw=72,experts=[0,1,4,5,6,7]; c10:bw=47,experts=[4,6,7]; c4:bw=18,experts=[4]","3.3108,5.0926,3.0561,2.0001,2.6256,2.7403,2.8913,1.9642,3.1531,3.7383,2.8807,2.8874,4.5024,3.8559,3.9982,1.7847,4.8320,4.5953,1.7288,4.1305"
87,2026-09-24 14:11:55,Ours,0.01,1.6032448766725973,60.42,60.42,87,71.5236,1:11.52,65.6972,4.4862,1.338,6150.2314,1:42:30.23,20,"15,6,13,4,8,11,3,9,17,14,5,0,18,10,16,1,19,2,12,7",15:63;6:60;13:45;4:34;8:46;11:18;3:68;9:37;17:25;14:36;5:10;0:35;18:45;10:49;16:45;1:29;19:33;2:67;12:45;7:22,"15:[0,1,2,4,5,6];6:[0,1,4,5,6];13:[1,4,6];4:[2,3];8:[1,4,6];11:[];3:[0,1,4,5,6,7];9:[1,4];17:[4,6];14:[4,5,6];5:[7];0:[0,4,6];18:[0,4,6,7];10:[2,4,5,6];16:[0,4,5,6];1:[4];19:[1,4,6];2:[0,1,2,4,5,6];12:[0,1,4,6];7:[4,6]","c15:bw=63,experts=[0,1,2,4,5,6]; c6:bw=60,experts=[0,1,4,5,6]; c13:bw=45,experts=[1,4,6]; c4:bw=34,experts=[2,3]; c8:bw=46,experts=[1,4,6]; c11:bw=18,experts=[]; c3:bw=68,experts=[0,1,4,5,6,7]; c9:bw=37,experts=[1,4]; c17:bw=25,experts=[4,6]; c14:bw=36,experts=[4,5,6]; c5:bw=10,experts=[7]; c0:bw=35,experts=[0,4,6]; c18:bw=45,experts=[0,4,6,7]; c10:bw=49,experts=[2,4,5,6]; c16:bw=45,experts=[0,4,5,6]; c1:bw=29,experts=[4]; c19:bw=33,experts=[1,4,6]; c2:bw=67,experts=[0,1,2,4,5,6]; c12:bw=45,experts=[0,1,4,6]; c7:bw=22,experts=[4,6]","3.7457,2.6588,5.1005,4.1303,2.9189,3.0160,1.9817,2.8647,2.8701,4.8156,1.7358,1.9904,3.8188,1.7000,2.7208,4.5592,4.5115,3.3547,3.2101,3.9934"
88,2026-09-24 14:13:07,Ours,0.01,1.5942346746902882,60.58,60.58,88,71.4987,1:11.50,65.653,4.5086,1.3287,6221.7664,1:43:41.77,20,"15,0,7,16,13,1,18,2,8,17,4,6,11,5,19,14,3,9,12,10",15:60;0:62;7:41;16:30;13:34;1:28;18:22;2:46;8:43;17:30;4:38;6:27;11:10;5:30;19:23;14:10;3:33;9:31;12:61;10:71,"15:[0,1,3,4,6];0:[0,1,4,6,7];7:[0,3,4,6];16:[3,4,6];13:[3,4,6];1:[3,4];18:[4,6];2:[0,3,4,6];8:[0,3,4,6];17:[2,4,5];4:[4,6,7];6:[3,4];11:[3];5:[2,4,6];19:[4];14:[3];3:[1,4,6];9:[3,4,7];12:[0,1,2,4,5,6];10:[0,1,2,4,5,6,7]","c15:bw=60,experts=[0,1,3,4,6]; c0:bw=62,experts=[0,1,4,6,7]; c7:bw=41,experts=[0,3,4,6]; c16:bw=30,experts=[3,4,6]; c13:bw=34,experts=[3,4,6]; c1:bw=28,experts=[3,4]; c18:bw=22,experts=[4,6]; c2:bw=46,experts=[0,3,4,6]; c8:bw=43,experts=[0,3,4,6]; c17:bw=30,experts=[2,4,5]; c4:bw=38,experts=[4,6,7]; c6:bw=27,experts=[3,4]; c11:bw=10,experts=[3]; c5:bw=30,experts=[2,4,6]; c19:bw=23,experts=[4]; c14:bw=10,experts=[3]; c3:bw=33,experts=[1,4,6]; c9:bw=31,experts=[3,4,7]; c12:bw=61,experts=[0,1,2,4,5,6]; c10:bw=71,experts=[0,1,2,4,5,6,7]","3.7298,1.9959,4.0211,2.7191,5.0938,4.5340,3.8332,3.3271,2.9160,2.8907,4.1172,2.6078,3.0292,1.7574,4.4956,4.8105,1.9783,2.8850,3.1818,1.7296"
89,2026-09-24 14:14:19,Ours,0.01,1.6010123156162646,60.42,60.58,88,71.6671,1:11.67,65.817,4.5142,1.3336,6293.4701,1:44:53.47,20,"5,2,7,4,18,10,15,9,8,0,16,19,11,14,12,13,1,3,17,6",5:46;2:44;7:21;4:30;18:55;10:28;15:61;9:60;8:74;0:13;16:50;19:16;11:36;14:30;12:34;13:10;1:41;3:31;17:40;6:32,"5:[0,3,4,6];2:[0,4,6,7];7:[5];4:[4,5];18:[0,1,3,4,6];10:[3,4];15:[0,1,4,5,6];9:[0,1,2,4,5,6];8:[0,1,2,4,5,6,7];0:[3];16:[0,1,4,5,6];19:[3];11:[4,6,7];14:[4,6];12:[3,4];13:[7];1:[0,1,4,6];3:[3,4];17:[1,3,4,6];6:[1,4,7]","c5:bw=46,experts=[0,3,4,6]; c2:bw=44,experts=[0,4,6,7]; c7:bw=21,experts=[5]; c4:bw=30,experts=[4,5]; c18:bw=55,experts=[0,1,3,4,6]; c10:bw=28,experts=[3,4]; c15:bw=61,experts=[0,1,4,5,6]; c9:bw=60,experts=[0,1,2,4,5,6]; c8:bw=74,experts=[0,1,2,4,5,6,7]; c0:bw=13,experts=[3]; c16:bw=50,experts=[0,1,4,5,6]; c19:bw=16,experts=[3]; c11:bw=36,experts=[4,6,7]; c14:bw=30,experts=[4,6]; c12:bw=34,experts=[3,4]; c13:bw=10,experts=[7]; c1:bw=41,experts=[0,1,4,6]; c3:bw=31,experts=[3,4]; c17:bw=40,experts=[1,3,4,6]; c6:bw=32,experts=[1,4,7]","1.7689,3.3546,4.0243,4.1506,3.8382,1.6988,3.7347,2.8823,2.9161,1.9771,2.7294,4.5425,3.0318,4.7810,3.1558,5.0634,4.5829,1.9760,2.9774,2.6312"
90,2026-09-24 14:15:30,Ours,0.01,1.5972286310909363,60.6,60.6,90,71.6775,1:11.68,65.8058,4.5315,1.3357,6365.1841,1:46:05.18,20,"12,10,0,2,17,14,19,7,16,3,18,4,13,11,1,8,9,6,5,15",12:43;10:10;0:64;2:21;17:22;14:16;19:15;7:72;16:57;3:36;18:50;4:35;13:65;11:41;1:31;8:50;9:63;6:26;5:27;15:61,"12:[0,4,6,7];10:[];0:[0,1,2,4,5,6];2:[4,6];17:[4,6];14:[2];19:[7];7:[0,1,2,4,5,6,7];16:[0,1,4,5,6];3:[2,4,6];18:[0,1,4,5,6];4:[4,6];13:[0,1,2,4,5,6];11:[0,1,4,6];1:[1,4,6];8:[0,1,4,5,6];9:[0,1,2,4,6];6:[4,6];5:[1];15:[0,1,2,4,5,6]","c12:bw=43,experts=[0,4,6,7]; c10:bw=10,experts=[]; c0:bw=64,experts=[0,1,2,4,5,6]; c2:bw=21,experts=[4,6]; c17:bw=22,experts=[4,6]; c14:bw=16,experts=[2]; c19:bw=15,experts=[7]; c7:bw=72,experts=[0,1,2,4,5,6,7]; c16:bw=57,experts=[0,1,4,5,6]; c3:bw=36,experts=[2,4,6]; c18:bw=50,experts=[0,1,4,5,6]; c4:bw=35,experts=[4,6]; c13:bw=65,experts=[0,1,2,4,5,6]; c11:bw=41,experts=[0,1,4,6]; c1:bw=31,experts=[1,4,6]; c8:bw=50,experts=[0,1,4,5,6]; c9:bw=63,experts=[0,1,2,4,6]; c6:bw=26,experts=[4,6]; c5:bw=27,experts=[1]; c15:bw=61,experts=[0,1,2,4,5,6]","3.1853,1.6821,2.0848,3.3160,2.8688,4.8230,4.4989,4.0287,2.7568,1.9875,3.8558,4.1449,5.1112,3.0238,4.5741,2.9159,2.8789,2.5988,1.7405,3.7298"
91,2026-09-24 14:16:42,Ours,0.01,1.5687007897250012,60.68,60.68,91,71.525,1:11.52,65.7492,4.4552,1.3183,6436.7471,1:47:16.75,20,"5,6,1,17,18,7,8,4,19,2,10,3,11,12,14,15,13,0,9,16",5:52;6:29;1:50;17:63;18:13;7:51;8:23;4:54;19:51;2:11;10:49;3:40;11:67;12:62;14:42;15:45;13:46;0:22;9:35;16:24,"5:[1,4,5,6];6:[4];1:[0,1,4,6];17:[0,1,4,5,6];18:[];7:[0,1,4,5,6];8:[4,6];4:[0,1,4,5,6];19:[1,4,5,6];2:[4];10:[1,4,6];3:[0,1,4,6];11:[0,1,2,4,5,6];12:[0,1,4,5,6];14:[0,4,6];15:[0,1,4,6];13:[1,4,6];0:[4];9:[0,4,6];16:[4,6]","c5:bw=52,experts=[1,4,5,6]; c6:bw=29,experts=[4]; c1:bw=50,experts=[0,1,4,6]; c17:bw=63,experts=[0,1,4,5,6]; c18:bw=13,experts=[]; c7:bw=51,experts=[0,1,4,5,6]; c8:bw=23,experts=[4,6]; c4:bw=54,experts=[0,1,4,5,6]; c19:bw=51,experts=[1,4,5,6]; c2:bw=11,experts=[4]; c10:bw=49,experts=[1,4,6]; c3:bw=40,experts=[0,1,4,6]; c11:bw=67,experts=[0,1,2,4,5,6]; c12:bw=62,experts=[0,1,4,5,6]; c14:bw=42,experts=[0,4,6]; c15:bw=45,experts=[0,1,4,6]; c13:bw=46,experts=[1,4,6]; c0:bw=22,experts=[4]; c9:bw=35,experts=[0,4,6]; c16:bw=24,experts=[4,6]","1.7772,2.6299,4.5997,2.8992,3.8077,4.0061,2.9024,4.1642,4.5466,3.3150,1.6996,1.9674,3.0605,3.1767,4.7964,3.7461,5.1000,1.9682,2.8736,2.7127"
92,2026-09-24 14:17:53,Ours,0.01,1.5881684640781082,60.74,60.74,92,71.0383,1:11.04,65.4762,4.2232,1.3368,6507.8249,1:48:27.82,20,"15,11,19,17,5,4,7,9,6,8,2,0,3,12,16,13,1,10,18,14",15:19;11:15;19:54;17:32;5:66;4:26;7:34;9:56;6:45;8:19;2:25;0:29;3:28;12:48;16:14;13:17;1:20;10:37;18:37;14:30,"15:[7];11:[];19:[0,1,4,6];17:[4,6,7];5:[0,1,2,4,5,6];4:[4];7:[4,6];9:[0,1,2,4,6];6:[0,1,4,6];8:[4];2:[4,6];0:[4,6];3:[4];12:[0,1,4,6];16:[7];13:[4];1:[4];10:[1,4,6];18:[2,4,6];14:[4,6]","c15:bw=19,experts=[7]; c11:bw=15,experts=[]; c19:bw=54,experts=[0,1,4,6]; c17:bw=32,experts=[4,6,7]; c5:bw=66,experts=[0,1,2,4,5,6]; c4:bw=26,experts=[4]; c7:bw=34,experts=[4,6]; c9:bw=56,experts=[0,1,2,4,6]; c6:bw=45,experts=[0,1,4,6]; c8:bw=19,experts=[4]; c2:bw=25,experts=[4,6]; c0:bw=29,experts=[4,6]; c3:bw=28,experts=[4]; c12:bw=48,experts=[0,1,4,6]; c16:bw=14,experts=[7]; c13:bw=17,experts=[4]; c1:bw=20,experts=[4]; c10:bw=37,experts=[1,4,6]; c18:bw=37,experts=[2,4,6]; c14:bw=30,experts=[4,6]","3.7342,3.0197,4.5524,2.8917,1.7747,4.1321,3.9747,2.8948,2.6116,2.8839,3.2925,1.9758,1.9701,3.1346,2.7017,5.0396,4.5605,1.6881,3.8525,4.7910"
93,2026-09-24 14:19:05,Ours,0.01,1.5748866414540577,61.03,61.03,93,71.4043,1:11.40,65.7179,4.3435,1.3406,6579.2668,1:49:39.27,20,"9,1,6,8,15,18,0,17,5,3,12,4,14,7,11,19,16,2,10,13",9:58;1:47;6:22;8:10;15:36;18:23;0:19;17:32;5:10;3:31;12:52;4:32;14:25;7:22;11:32;19:39;16:46;2:51;10:15;13:63,"9:[0,1,2,4,6];1:[1,2,4,6];6:[2,4];8:[4];15:[1,4,6];18:[4,6];0:[];17:[4,6];5:[4];3:[1,4,6];12:[0,1,4,5,6];4:[1,4,6];14:[7];7:[4];11:[4,6];19:[0,2,4];16:[0,1,4,6];2:[0,1,4,5,6];10:[4];13:[0,1,4,5,6]","c9:bw=58,experts=[0,1,2,4,6]; c1:bw=47,experts=[1,2,4,6]; c6:bw=22,experts=[2,4]; c8:bw=10,experts=[4]; c15:bw=36,experts=[1,4,6]; c18:bw=23,experts=[4,6]; c0:bw=19,experts=[]; c17:bw=32,experts=[4,6]; c5:bw=10,experts=[4]; c3:bw=31,experts=[1,4,6]; c12:bw=52,experts=[0,1,4,5,6]; c4:bw=32,experts=[1,4,6]; c14:bw=25,experts=[7]; c7:bw=22,experts=[4]; c11:bw=32,experts=[4,6]; c19:bw=39,experts=[0,2,4]; c16:bw=46,experts=[0,1,4,6]; c2:bw=51,experts=[0,1,4,5,6]; c10:bw=15,experts=[4]; c13:bw=63,experts=[0,1,4,5,6]","2.9277,4.6472,2.6535,2.9004,3.7085,3.8222,1.9508,2.8474,1.7497,1.9685,3.1650,4.1574,4.7812,3.9587,3.0371,4.5301,2.7345,3.3591,1.6901,5.1286"
94,2026-09-24 14:20:16,Ours,0.01,1.5557607810241394,61.18,61.18,94,71.7374,1:11.74,65.851,4.5569,1.327,6651.0447,1:50:51.04,20,"9,19,3,10,16,6,4,18,13,12,17,11,7,8,0,15,2,1,14,5",9:50;19:48;3:34;10:61;16:28;6:30;4:31;18:47;13:44;12:14;17:12;11:48;7:45;8:10;0:55;15:40;2:65;1:70;14:38;5:41,"9:[0,1,4,6];19:[1,4,6];3:[1,4,6];10:[0,1,2,4,5,6];16:[2,4];6:[4,6];4:[4,6];18:[0,1,4,6];13:[0,4,5,6];12:[4];17:[4];11:[0,1,4,6];7:[0,1,4,6];8:[4];0:[0,1,4,5,6];15:[0,1,4,6];2:[0,1,2,4,5,6];1:[0,1,2,4,5,6,7];14:[1,4];5:[0,1,4,6]","c9:bw=50,experts=[0,1,4,6]; c19:bw=48,experts=[1,4,6]; c3:bw=34,experts=[1,4,6]; c10:bw=61,experts=[0,1,2,4,5,6]; c16:bw=28,experts=[2,4]; c6:bw=30,experts=[4,6]; c4:bw=31,experts=[4,6]; c18:bw=47,experts=[0,1,4,6]; c13:bw=44,experts=[0,4,5,6]; c12:bw=14,experts=[4]; c17:bw=12,experts=[4]; c11:bw=48,experts=[0,1,4,6]; c7:bw=45,experts=[0,1,4,6]; c8:bw=10,experts=[4]; c0:bw=55,experts=[0,1,4,5,6]; c15:bw=40,experts=[0,1,4,6]; c2:bw=65,experts=[0,1,2,4,5,6]; c1:bw=70,experts=[0,1,2,4,5,6,7]; c14:bw=38,experts=[1,4]; c5:bw=41,experts=[0,1,4,6]","2.9162,4.6038,1.9973,1.7052,2.7578,2.6269,4.1306,3.8511,5.0794,3.1297,2.8759,3.0271,3.9861,2.8923,2.0051,3.7212,3.3482,4.6088,4.8221,1.7661"
95,2026-09-24 14:21:28,Ours,0.01,1.586080640038587,60.99,61.18,94,71.4618,1:11.46,65.6957,4.4247,1.3359,6722.5443,1:52:02.54,20,"7,16,1,12,4,9,17,5,14,10,15,0,19,8,13,3,18,11,2,6",7:59;16:24;1:31;12:10;4:15;9:42;17:47;5:10;14:49;10:42;15:34;0:35;19:42;8:76;13:59;3:41;18:28;11:10;2:23;6:40,"7:[0,1,4,5,6];16:[4,6];1:[1,4,6];12:[];4:[];9:[0,1,4,6];17:[0,1,4,6];5:[7];14:[0,4,5,6];10:[0,1,4,6];15:[1,4,6];0:[1,4,6];19:[0,1,4,6];8:[0,1,2,4,5,6];13:[0,1,2,4,6];3:[4,5,6,7];18:[4,7];11:[4];2:[4,6];6:[1,4,5,6]","c7:bw=59,experts=[0,1,4,5,6]; c16:bw=24,experts=[4,6]; c1:bw=31,experts=[1,4,6]; c12:bw=10,experts=[]; c4:bw=15,experts=[]; c9:bw=42,experts=[0,1,4,6]; c17:bw=47,experts=[0,1,4,6]; c5:bw=10,experts=[7]; c14:bw=49,experts=[0,4,5,6]; c10:bw=42,experts=[0,1,4,6]; c15:bw=34,experts=[1,4,6]; c0:bw=35,experts=[1,4,6]; c19:bw=42,experts=[0,1,4,6]; c8:bw=76,experts=[0,1,2,4,5,6]; c13:bw=59,experts=[0,1,2,4,6]; c3:bw=41,experts=[4,5,6,7]; c18:bw=28,experts=[4,7]; c11:bw=10,experts=[4]; c2:bw=23,experts=[4,6]; c6:bw=40,experts=[1,4,5,6]","4.0285,2.7419,4.6189,3.1347,4.1174,2.9043,2.8812,1.7278,4.8051,1.6844,3.7175,1.9949,4.5224,2.9177,5.1277,1.9897,3.8097,3.0200,3.3142,2.6375"
96,2026-09-24 14:22:40,Ours,0.01,1.554114579650963,61.27,61.27,96,72.136,1:12.14,65.9566,4.8382,1.3387,6794.7181,1:53:14.72,20,"6,15,14,17,2,9,11,3,0,8,18,5,13,1,4,19,16,12,10,7",6:31;15:78;14:10;17:35;2:65;9:44;11:44;3:46;0:36;8:64;18:29;5:60;13:55;1:36;4:49;19:38;16:72;12:71;10:53;7:50,"6:[3,4,6];15:[0,1,2,3,4,5,6];14:[3];17:[2,4,6];2:[0,1,3,4,5,6];9:[3,4,6,7];11:[1,3,4,6];3:[0,1,4,6];0:[4,6,7];8:[0,1,2,3,4,6];18:[4,6];5:[0,1,2,4,5,6];13:[0,3,4,6];1:[3,4,6];4:[2,3,4,7];19:[1,4,6];16:[0,1,2,3,4,5,6];12:[0,1,2,4,5,6,7];10:[0,1,4,6,7];7:[0,1,3,4,6]","c6:bw=31,experts=[3,4,6]; c15:bw=78,experts=[0,1,2,3,4,5,6]; c14:bw=10,experts=[3]; c17:bw=35,experts=[2,4,6]; c2:bw=65,experts=[0,1,3,4,5,6]; c9:bw=44,experts=[3,4,6,7]; c11:bw=44,experts=[1,3,4,6]; c3:bw=46,experts=[0,1,4,6]; c0:bw=36,experts=[4,6,7]; c8:bw=64,experts=[0,1,2,3,4,6]; c18:bw=29,experts=[4,6]; c5:bw=60,experts=[0,1,2,4,5,6]; c13:bw=55,experts=[0,3,4,6]; c1:bw=36,experts=[3,4,6]; c4:bw=49,experts=[2,3,4,7]; c19:bw=38,experts=[1,4,6]; c16:bw=72,experts=[0,1,2,3,4,5,6]; c12:bw=71,experts=[0,1,2,4,5,6,7]; c10:bw=53,experts=[0,1,4,6,7]; c7:bw=50,experts=[0,1,3,4,6]","2.6228,3.7971,4.8710,2.8907,3.3431,2.8896,3.0484,1.9904,2.0024,2.9279,3.8572,1.7821,5.0809,4.5841,4.1688,4.5016,2.7341,3.1718,1.6768,4.0159"
97,2026-09-24 14:23:52,Ours,0.01,1.5733243928666838,61.43,61.43,97,71.8052,1:11.81,65.924,4.5441,1.3306,6866.5649,1:54:26.56,20,"12,2,4,6,9,10,1,19,7,0,3,17,18,5,14,15,13,11,16,8",12:13;2:54;4:16;6:50;9:43;10:51;1:50;19:30;7:30;0:41;3:35;17:54;18:70;5:46;14:23;15:59;13:51;11:22;16:54;8:43,"12:[3];2:[1,4,6,7];4:[];6:[1,4,6,7];9:[1,4,5,6];10:[0,3,4,6];1:[0,1,4,6];19:[3,4,6];7:[4,6];0:[3,4,6];3:[3,4];17:[0,3,4,6];18:[0,1,3,4,5,6];5:[1,3,4,6];14:[4,6];15:[0,1,4,5,6];13:[0,1,4,6,7];11:[7];16:[0,1,4,5,6];8:[0,4,6,7]","c12:bw=13,experts=[3]; c2:bw=54,experts=[1,4,6,7]; c4:bw=16,experts=[]; c6:bw=50,experts=[1,4,6,7]; c9:bw=43,experts=[1,4,5,6]; c10:bw=51,experts=[0,3,4,6]; c1:bw=50,experts=[0,1,4,6]; c19:bw=30,experts=[3,4,6]; c7:bw=30,experts=[4,6]; c0:bw=41,experts=[3,4,6]; c3:bw=35,experts=[3,4]; c17:bw=54,experts=[0,3,4,6]; c18:bw=70,experts=[0,1,3,4,5,6]; c5:bw=46,experts=[1,3,4,6]; c14:bw=23,experts=[4,6]; c15:bw=59,experts=[0,1,4,5,6]; c13:bw=51,experts=[0,1,4,6,7]; c11:bw=22,experts=[7]; c16:bw=54,experts=[0,1,4,5,6]; c8:bw=43,experts=[0,4,6,7]","3.1463,3.4731,4.1399,2.6246,2.8957,1.6974,4.5989,4.5364,3.9830,1.9947,1.9604,2.8583,3.8790,1.7676,4.8529,3.7180,5.1189,3.0176,2.7428,2.9184"
98,2026-09-24 14:25:03,Ours,0.01,1.548061665233004,61.88,61.88,98,71.2105,1:11.21,65.5902,4.2794,1.3385,6937.8174,1:55:37.82,20,"10,4,2,17,15,7,19,14,11,16,13,1,6,5,9,3,18,0,12,8",10:45;4:52;2:24;17:17;15:17;7:24;19:45;14:67;11:10;16:41;13:31;1:26;6:36;5:49;9:27;3:25;18:32;0:33;12:16;8:54,"10:[0,1,4,6];4:[0,1,4,6];2:[4];17:[4];15:[];7:[2,7];19:[4,6,7];14:[0,1,2,4,5,6];11:[4];16:[0,4,6];13:[0,4,6];1:[4,6];6:[4,6];5:[0,1,4,6];9:[4,6];3:[2,4];18:[4,6];0:[2,4,6];12:[4];8:[0,1,4,5,6]","c10:bw=45,experts=[0,1,4,6]; c4:bw=52,experts=[0,1,4,6]; c2:bw=24,experts=[4]; c17:bw=17,experts=[4]; c15:bw=17,experts=[]; c7:bw=24,experts=[2,7]; c19:bw=45,experts=[4,6,7]; c14:bw=67,experts=[0,1,2,4,5,6]; c11:bw=10,experts=[4]; c16:bw=41,experts=[0,4,6]; c13:bw=31,experts=[0,4,6]; c1:bw=26,experts=[4,6]; c6:bw=36,experts=[4,6]; c5:bw=49,experts=[0,1,4,6]; c9:bw=27,experts=[4,6]; c3:bw=25,experts=[2,4]; c18:bw=32,experts=[4,6]; c0:bw=33,experts=[2,4,6]; c12:bw=16,experts=[4]; c8:bw=54,experts=[0,1,4,5,6]","1.6993,4.2093,3.3500,2.8796,3.7028,3.9804,4.5301,4.8184,3.0164,2.7026,5.0598,4.5644,2.6068,1.7294,2.8529,1.9801,3.8470,1.9918,3.1395,2.9298"
99,2026-09-24 14:26:15,Ours,0.01,1.5449555673855027,61.49,61.88,98,71.4739,1:11.47,65.7566,4.377,1.3356,7009.3309,1:56:49.33,20,"13,0,14,4,19,9,16,3,12,10,7,11,1,15,6,17,18,8,5,2",13:25;0:40;14:33;4:24;19:48;9:20;16:34;3:38;12:34;10:11;7:45;11:10;1:59;15:47;6:35;17:43;18:55;8:34;5:49;2:31,"13:[4,6];0:[0,1,4,6];14:[0,4,6];4:[5];19:[1,4,5,6];9:[4,6];16:[1,4,6];3:[0,4,6];12:[0,4,6];10:[4];7:[0,1,4,6];11:[2];1:[0,1,4,5,6];15:[0,4,6];6:[1,4,6];17:[1,4,5,6];18:[0,1,4,5,6];8:[1,4,6];5:[0,4,6];2:[0,4,6]","c13:bw=25,experts=[4,6]; c0:bw=40,experts=[0,1,4,6]; c14:bw=33,experts=[0,4,6]; c4:bw=24,experts=[5]; c19:bw=48,experts=[1,4,5,6]; c9:bw=20,experts=[4,6]; c16:bw=34,experts=[1,4,6]; c3:bw=38,experts=[0,4,6]; c12:bw=34,experts=[0,4,6]; c10:bw=11,experts=[4]; c7:bw=45,experts=[0,1,4,6]; c11:bw=10,experts=[2]; c1:bw=59,experts=[0,1,4,5,6]; c15:bw=47,experts=[0,4,6]; c6:bw=35,experts=[1,4,6]; c17:bw=43,experts=[1,4,5,6]; c18:bw=55,experts=[0,1,4,5,6]; c8:bw=34,experts=[1,4,6]; c5:bw=49,experts=[0,4,6]; c2:bw=31,experts=[0,4,6]","5.1091,2.0399,4.8769,4.1515,4.5775,2.8796,2.7210,1.9679,3.1449,1.6768,3.9943,3.0240,4.5936,3.6983,2.6027,2.8796,3.8566,2.9103,1.7507,3.3011"
100,2026-09-24 14:27:26,Ours,0.01,1.5410333643451275,61.86,61.88,98,71.3994,1:11.40,65.6146,4.4703,1.3121,7080.7702,1:58:00.77,20,"10,12,11,0,4,7,6,17,14,1,13,8,2,18,16,9,5,3,15,19",10:56;12:37;11:17;0:64;4:65;7:10;6:44;17:55;14:10;1:17;13:10;8:44;2:30;18:80;16:46;9:53;5:18;3:42;15:30;19:18,"10:[0,1,4,5,6];12:[1,4,6];11:[5];0:[0,1,4,5,6];4:[0,1,2,4,5,6];7:[4];6:[0,1,4,6];17:[1,4,6,7];14:[4];1:[4];13:[4];8:[0,4,6];2:[1,4,6];18:[0,1,2,3,4,5,6,7];16:[0,4,6,7];9:[0,1,4,6];5:[];3:[0,1,4,6];15:[4,6,7];19:[4]","c10:bw=56,experts=[0,1,4,5,6]; c12:bw=37,experts=[1,4,6]; c11:bw=17,experts=[5]; c0:bw=64,experts=[0,1,4,5,6]; c4:bw=65,experts=[0,1,2,4,5,6]; c7:bw=10,experts=[4]; c6:bw=44,experts=[0,1,4,6]; c17:bw=55,experts=[1,4,6,7]; c14:bw=10,experts=[4]; c1:bw=17,experts=[4]; c13:bw=10,experts=[4]; c8:bw=44,experts=[0,4,6]; c2:bw=30,experts=[1,4,6]; c18:bw=80,experts=[0,1,2,3,4,5,6,7]; c16:bw=46,experts=[0,4,6,7]; c9:bw=53,experts=[0,1,4,6]; c5:bw=18,experts=[]; c3:bw=42,experts=[0,1,4,6]; c15:bw=30,experts=[4,6,7]; c19:bw=18,experts=[4]","1.6963,3.1784,3.0231,2.0085,4.1940,3.9700,2.6403,2.8723,4.8211,4.5469,5.0437,2.9113,3.3288,3.8570,2.7129,2.8688,1.7307,1.9811,3.7203,4.5089"
