Round,Timestamp,Method,LR,AvgLoss,TestAcc,BestAcc,BestRound,RoundTimeSec,RoundTimeHMS,LocalTrainTimeSec,AggTimeSec,EvalTimeSec,CumulativeTimeSec,CumulativeTimeHMS,NumClientsSelected,SelectedClients,Bandwidth,SelectedExperts,UploadDetail,ClientTrainTimesSec
1,2026-09-23 20:01:22,Ours,0.00208,3.8774219262788576,0.98,0.98,1,54.9665,0:54.97,53.513,0.3135,1.1378,54.9665,0:54.97,20,"0,17,15,1,8,5,11,3,18,16,13,2,9,19,4,12,7,10,14,6",0:10;17:34;15:58;1:29;8:55;5:44;11:24;3:51;18:30;16:48;13:42;2:29;9:45;19:40;4:40;12:23;7:20;10:22;14:54;6:41,"0:[2];17:[2,4,6];15:[1,2,4,5,6];1:[2,4];8:[1,2,4,5,6];5:[1,2,4,6];11:[2,4];3:[1,2,4,5,6];18:[2,4,6];16:[1,2,4,6];13:[1,2,4,6];2:[2,4];9:[1,2,4,6];19:[1,2,4,6];4:[1,2,4,6];12:[2,4];7:[2,6];10:[2,4];14:[1,2,4,5,6];6:[1,2,4,6]","c0:bw=10,experts=[2]; c17:bw=34,experts=[2,4,6]; c15:bw=58,experts=[1,2,4,5,6]; c1:bw=29,experts=[2,4]; c8:bw=55,experts=[1,2,4,5,6]; c5:bw=44,experts=[1,2,4,6]; c11:bw=24,experts=[2,4]; c3:bw=51,experts=[1,2,4,5,6]; c18:bw=30,experts=[2,4,6]; c16:bw=48,experts=[1,2,4,6]; c13:bw=42,experts=[1,2,4,6]; c2:bw=29,experts=[2,4]; c9:bw=45,experts=[1,2,4,6]; c19:bw=40,experts=[1,2,4,6]; c4:bw=40,experts=[1,2,4,6]; c12:bw=23,experts=[2,4]; c7:bw=20,experts=[2,6]; c10:bw=22,experts=[2,4]; c14:bw=54,experts=[1,2,4,5,6]; c6:bw=41,experts=[1,2,4,6]","2.0087,2.1802,2.9535,3.7761,2.2242,1.2899,2.4251,1.4989,3.1152,2.0790,4.3692,2.8065,2.5009,3.9414,3.3581,2.6323,3.3212,1.2446,3.7877,2.0004"
2,2026-09-23 20:02:15,Ours,0.00406,3.579264553679754,1.0,1.0,2,52.5839,0:52.58,51.1522,0.3003,1.1292,107.6965,1:47.70,20,"19,16,15,5,4,12,14,7,3,6,2,9,13,10,18,8,17,11,0,1",19:53;16:16;15:62;5:69;4:30;12:16;14:26;7:55;3:67;6:17;2:22;9:46;13:54;10:59;18:24;8:48;17:51;11:29;0:36;1:41,"19:[1,2,4,5,6];16:[4];15:[0,1,2,4,5,6];5:[0,1,2,4,5,6];4:[1,4,6];12:[4];14:[4,6];7:[1,2,4,5,6];3:[0,1,2,4,5,6];6:[4];2:[4,6];9:[1,2,4,6];13:[1,2,4,5,6];10:[1,2,4,5,6];18:[4,6];8:[1,2,4,6];17:[1,2,4,5,6];11:[4,6];0:[1,4,6];1:[1,2,4,6]","c19:bw=53,experts=[1,2,4,5,6]; c16:bw=16,experts=[4]; c15:bw=62,experts=[0,1,2,4,5,6]; c5:bw=69,experts=[0,1,2,4,5,6]; c4:bw=30,experts=[1,4,6]; c12:bw=16,experts=[4]; c14:bw=26,experts=[4,6]; c7:bw=55,experts=[1,2,4,5,6]; c3:bw=67,experts=[0,1,2,4,5,6]; c6:bw=17,experts=[4]; c2:bw=22,experts=[4,6]; c9:bw=46,experts=[1,2,4,6]; c13:bw=54,experts=[1,2,4,5,6]; c10:bw=59,experts=[1,2,4,5,6]; c18:bw=24,experts=[4,6]; c8:bw=48,experts=[1,2,4,6]; c17:bw=51,experts=[1,2,4,5,6]; c11:bw=29,experts=[4,6]; c0:bw=36,experts=[1,4,6]; c1:bw=41,experts=[1,2,4,6]","3.7580,2.1369,2.8327,1.2705,3.2417,2.5110,3.7454,3.0628,1.4477,2.0474,2.4972,2.2925,4.2569,1.1838,3.1257,2.1878,2.2088,2.3357,1.4598,3.5499"
3,2026-09-23 20:03:09,Ours,0.006040000000000001,3.4289265424654984,1.28,1.28,3,54.4462,0:54.45,53.0019,0.3078,1.1343,162.156,2:42.16,20,"10,7,0,2,5,18,16,12,4,14,15,9,1,13,11,19,3,17,6,8",10:10;7:33;0:50;2:42;5:13;18:40;16:31;12:37;4:52;14:53;15:16;9:48;1:13;13:54;11:66;19:24;3:26;17:41;6:40;8:30,"10:[4];7:[0,4,6];0:[0,1,4,5,6];2:[0,1,4,6];5:[4];18:[0,1,4,6];16:[0,4,6];12:[0,4,6];4:[0,1,4,5,6];14:[0,1,4,5,6];15:[4];9:[0,1,4,6];1:[4];13:[0,1,4,5,6];11:[0,1,2,4,5,6];19:[4,6];3:[4,6];17:[0,1,4,6];6:[0,1,4,6];8:[0,4,6]","c10:bw=10,experts=[4]; c7:bw=33,experts=[0,4,6]; c0:bw=50,experts=[0,1,4,5,6]; c2:bw=42,experts=[0,1,4,6]; c5:bw=13,experts=[4]; c18:bw=40,experts=[0,1,4,6]; c16:bw=31,experts=[0,4,6]; c12:bw=37,experts=[0,4,6]; c4:bw=52,experts=[0,1,4,5,6]; c14:bw=53,experts=[0,1,4,5,6]; c15:bw=16,experts=[4]; c9:bw=48,experts=[0,1,4,6]; c1:bw=13,experts=[4]; c13:bw=54,experts=[0,1,4,5,6]; c11:bw=66,experts=[0,1,2,4,5,6]; c19:bw=24,experts=[4,6]; c3:bw=26,experts=[4,6]; c17:bw=41,experts=[0,1,4,6]; c6:bw=40,experts=[0,1,4,6]; c8:bw=30,experts=[0,4,6]","1.2380,3.1361,1.5516,2.6993,1.3259,3.1591,2.1371,2.5589,3.4063,4.0205,2.9501,2.2912,3.7994,4.2712,2.4615,3.7705,1.5115,2.3098,2.0648,2.3389"
4,2026-09-23 20:04:03,Ours,0.00802,3.3474973807437345,1.35,1.35,4,54.1221,0:54.12,52.6881,0.2994,1.1323,216.2894,3:36.29,20,"0,18,6,8,17,11,4,9,12,10,5,19,15,7,1,3,16,13,2,14",0:59;18:43;6:53;8:31;17:39;11:49;4:56;9:22;12:63;10:64;5:73;19:47;15:24;7:45;1:40;3:34;16:45;13:49;2:60;14:32,"0:[0,1,4,5,6];18:[0,1,4,6];6:[0,1,4,5,6];8:[0,4,6];17:[0,4,6];11:[0,1,4,6];4:[0,1,4,5,6];9:[4,6];12:[0,1,2,4,5,6];10:[0,1,2,4,5,6];5:[0,1,2,4,5,6,7];19:[0,1,4,6];15:[4,6];7:[0,1,4,6];1:[0,1,4,6];3:[0,4,6];16:[0,1,4,6];13:[0,1,4,6];2:[0,1,2,4,5,6];14:[0,4,6]","c0:bw=59,experts=[0,1,4,5,6]; c18:bw=43,experts=[0,1,4,6]; c6:bw=53,experts=[0,1,4,5,6]; c8:bw=31,experts=[0,4,6]; c17:bw=39,experts=[0,4,6]; c11:bw=49,experts=[0,1,4,6]; c4:bw=56,experts=[0,1,4,5,6]; c9:bw=22,experts=[4,6]; c12:bw=63,experts=[0,1,2,4,5,6]; c10:bw=64,experts=[0,1,2,4,5,6]; c5:bw=73,experts=[0,1,2,4,5,6,7]; c19:bw=47,experts=[0,1,4,6]; c15:bw=24,experts=[4,6]; c7:bw=45,experts=[0,1,4,6]; c1:bw=40,experts=[0,1,4,6]; c3:bw=34,experts=[0,4,6]; c16:bw=45,experts=[0,1,4,6]; c13:bw=49,experts=[0,1,4,6]; c2:bw=60,experts=[0,1,2,4,5,6]; c14:bw=32,experts=[0,4,6]","1.5327,3.1494,2.0703,2.3372,2.3057,2.4337,3.4310,2.2789,2.5253,1.2374,1.3004,3.7755,2.8832,3.1788,3.7448,1.4684,2.1525,4.2351,2.6976,3.9502"
5,2026-09-23 20:04:56,Ours,0.01,3.301144782786975,1.33,1.35,4,52.7839,0:52.78,51.2701,0.3467,1.1648,269.0847,4:29.08,20,"5,2,10,19,0,12,9,16,1,4,17,8,11,6,18,7,14,15,13,3",5:40;2:10;10:35;19:19;0:50;12:55;9:62;16:32;1:20;4:48;17:64;8:37;11:21;6:53;18:10;7:24;14:53;15:45;13:36;3:63,"5:[0,1,4,6];2:[4];10:[0,4,6];19:[4];0:[0,1,4,5,6];12:[0,1,4,5,6];9:[0,1,2,4,5,6];16:[0,4,6];1:[0,4];4:[0,1,4,6];17:[0,1,2,4,5,6];8:[0,4,6];11:[0,4];6:[0,1,4,5,6];18:[4];7:[0,4];14:[0,1,4,5,6];15:[0,1,4,6];13:[0,4,6];3:[0,1,2,4,5,6]","c5:bw=40,experts=[0,1,4,6]; c2:bw=10,experts=[4]; c10:bw=35,experts=[0,4,6]; c19:bw=19,experts=[4]; c0:bw=50,experts=[0,1,4,5,6]; c12:bw=55,experts=[0,1,4,5,6]; c9:bw=62,experts=[0,1,2,4,5,6]; c16:bw=32,experts=[0,4,6]; c1:bw=20,experts=[0,4]; c4:bw=48,experts=[0,1,4,6]; c17:bw=64,experts=[0,1,2,4,5,6]; c8:bw=37,experts=[0,4,6]; c11:bw=21,experts=[0,4]; c6:bw=53,experts=[0,1,4,5,6]; c18:bw=10,experts=[4]; c7:bw=24,experts=[0,4]; c14:bw=53,experts=[0,1,4,5,6]; c15:bw=45,experts=[0,1,4,6]; c13:bw=36,experts=[0,4,6]; c3:bw=63,experts=[0,1,2,4,5,6]","1.2795,2.5940,1.2103,3.6593,1.4793,2.4142,2.2049,2.1356,3.6910,3.3347,2.2317,2.2713,2.3390,1.9699,2.9906,3.1638,3.8837,2.8684,4.1120,1.4369"
6,2026-09-23 20:05:49,Ours,0.01,3.274442634041955,1.62,1.62,6,52.5939,0:52.59,51.1574,0.309,1.1251,321.6908,5:21.69,20,"3,1,4,5,15,16,9,10,13,2,18,19,11,17,7,8,6,0,12,14",3:36;1:32;4:17;5:27;15:33;16:54;9:48;10:10;13:15;2:42;18:40;19:37;11:31;17:27;7:58;8:67;6:20;0:31;12:62;14:40,"3:[0,4,6];1:[0,4,6];4:[4];5:[0,4];15:[0,4,6];16:[0,1,4,5,6];9:[0,1,4,6];10:[4];13:[4];2:[0,1,4,6];18:[0,1,4,6];19:[0,4,6];11:[0,4,6];17:[0,4];7:[0,1,4,5,6];8:[0,1,2,4,5,6];6:[0,4];0:[0,4,6];12:[0,1,2,4,5,6];14:[0,1,4,6]","c3:bw=36,experts=[0,4,6]; c1:bw=32,experts=[0,4,6]; c4:bw=17,experts=[4]; c5:bw=27,experts=[0,4]; c15:bw=33,experts=[0,4,6]; c16:bw=54,experts=[0,1,4,5,6]; c9:bw=48,experts=[0,1,4,6]; c10:bw=10,experts=[4]; c13:bw=15,experts=[4]; c2:bw=42,experts=[0,1,4,6]; c18:bw=40,experts=[0,1,4,6]; c19:bw=37,experts=[0,4,6]; c11:bw=31,experts=[0,4,6]; c17:bw=27,experts=[0,4]; c7:bw=58,experts=[0,1,4,5,6]; c8:bw=67,experts=[0,1,2,4,5,6]; c6:bw=20,experts=[0,4]; c0:bw=31,experts=[0,4,6]; c12:bw=62,experts=[0,1,2,4,5,6]; c14:bw=40,experts=[0,1,4,6]","1.4731,3.6753,3.3330,1.2678,2.9095,2.0994,2.2338,1.2087,4.0766,2.5911,2.9619,3.6061,2.4160,2.1870,3.1724,2.2660,1.9765,1.4533,2.4069,3.8429"
7,2026-09-23 20:06:41,Ours,0.01,3.249693344623617,2.72,2.72,7,52.5817,0:52.58,51.1679,0.2673,1.1444,374.2861,6:14.29,20,"13,10,12,16,9,5,3,2,4,15,14,17,0,1,11,7,18,19,8,6",13:25;10:17;12:47;16:53;9:10;5:49;3:26;2:40;4:14;15:39;14:13;17:41;0:36;1:10;11:60;7:31;18:20;19:54;8:57;6:13,"13:[4,6];10:[4];12:[0,1,4,6];16:[0,1,4,5,6];9:[4];5:[0,1,4,6];3:[4,6];2:[0,1,4,6];4:[4];15:[0,4,6];14:[4];17:[0,1,4,6];0:[0,4,6];1:[4];11:[0,1,2,4,5,6];7:[0,4,6];18:[4,6];19:[0,1,4,5,6];8:[0,1,4,5,6];6:[4]","c13:bw=25,experts=[4,6]; c10:bw=17,experts=[4]; c12:bw=47,experts=[0,1,4,6]; c16:bw=53,experts=[0,1,4,5,6]; c9:bw=10,experts=[4]; c5:bw=49,experts=[0,1,4,6]; c3:bw=26,experts=[4,6]; c2:bw=40,experts=[0,1,4,6]; c4:bw=14,experts=[4]; c15:bw=39,experts=[0,4,6]; c14:bw=13,experts=[4]; c17:bw=41,experts=[0,1,4,6]; c0:bw=36,experts=[0,4,6]; c1:bw=10,experts=[4]; c11:bw=60,experts=[0,1,2,4,5,6]; c7:bw=31,experts=[0,4,6]; c18:bw=20,experts=[4,6]; c19:bw=54,experts=[0,1,4,5,6]; c8:bw=57,experts=[0,1,4,5,6]; c6:bw=13,experts=[4]","4.0777,1.2062,2.4590,2.1252,2.2366,1.2681,1.4758,2.6101,3.3529,2.9194,3.7892,2.2175,1.4483,3.6588,2.3264,3.1640,2.9643,3.6663,2.2377,1.9643"
8,2026-09-23 20:07:34,Ours,0.01,3.3169092073057924,4.33,4.33,8,52.5683,0:52.57,51.1338,0.3008,1.1314,426.8667,7:06.87,20,"17,18,1,5,3,15,7,11,16,8,10,12,6,9,19,0,2,13,14,4",17:56;18:39;1:58;5:28;3:37;15:66;7:15;11:45;16:45;8:37;10:51;12:51;6:41;9:59;19:31;0:32;2:54;13:35;14:59;4:10,"17:[0,3,4,6,7];18:[3,5,7];1:[3,4,5,6,7];5:[3,4];3:[3,4,7];15:[0,1,3,4,6,7];7:[3];11:[3,4,6,7];16:[3,4,6,7];8:[3,4,7];10:[0,3,4,6,7];12:[0,3,4,6,7];6:[3,4,6,7];9:[0,3,4,6,7];19:[3,4,7];0:[3,4,7];2:[0,3,4,6,7];13:[3,4,7];14:[0,3,4,6,7];4:[3]","c17:bw=56,experts=[0,3,4,6,7]; c18:bw=39,experts=[3,5,7]; c1:bw=58,experts=[3,4,5,6,7]; c5:bw=28,experts=[3,4]; c3:bw=37,experts=[3,4,7]; c15:bw=66,experts=[0,1,3,4,6,7]; c7:bw=15,experts=[3]; c11:bw=45,experts=[3,4,6,7]; c16:bw=45,experts=[3,4,6,7]; c8:bw=37,experts=[3,4,7]; c10:bw=51,experts=[0,3,4,6,7]; c12:bw=51,experts=[0,3,4,6,7]; c6:bw=41,experts=[3,4,6,7]; c9:bw=59,experts=[0,3,4,6,7]; c19:bw=31,experts=[3,4,7]; c0:bw=32,experts=[3,4,7]; c2:bw=54,experts=[0,3,4,6,7]; c13:bw=35,experts=[3,4,7]; c14:bw=59,experts=[0,3,4,6,7]; c4:bw=10,experts=[3]","2.2424,3.0365,3.6538,1.2841,1.4608,2.9370,3.1610,2.3444,2.1081,2.2519,1.2116,2.4160,1.9916,2.2010,3.6091,1.4615,2.5393,4.0249,3.8730,3.3257"
9,2026-09-23 20:08:27,Ours,0.01,3.2054200711016017,4.87,4.87,9,53.0376,0:53.04,51.5953,0.2992,1.1356,479.9179,7:59.92,20,"17,11,7,13,0,9,4,8,1,5,2,16,19,15,3,18,10,14,12,6",17:49;11:28;7:46;13:41;0:52;9:26;4:59;8:18;1:14;5:52;2:21;16:41;19:26;15:36;3:23;18:53;10:34;14:37;12:38;6:31,"17:[0,4,6,7];11:[4,6];7:[0,4,6,7];13:[0,4,5,6];0:[0,2,4,6,7];9:[4,6];4:[0,2,4,6,7];8:[4];1:[4];5:[0,4,5,6,7];2:[4,6];16:[0,2,4,6];19:[4,6];15:[0,4,6];3:[4,6];18:[0,2,4,6,7];10:[0,4,6];14:[2,4,6];12:[0,4,6];6:[2,4,6]","c17:bw=49,experts=[0,4,6,7]; c11:bw=28,experts=[4,6]; c7:bw=46,experts=[0,4,6,7]; c13:bw=41,experts=[0,4,5,6]; c0:bw=52,experts=[0,2,4,6,7]; c9:bw=26,experts=[4,6]; c4:bw=59,experts=[0,2,4,6,7]; c8:bw=18,experts=[4]; c1:bw=14,experts=[4]; c5:bw=52,experts=[0,4,5,6,7]; c2:bw=21,experts=[4,6]; c16:bw=41,experts=[0,2,4,6]; c19:bw=26,experts=[4,6]; c15:bw=36,experts=[0,4,6]; c3:bw=23,experts=[4,6]; c18:bw=53,experts=[0,2,4,6,7]; c10:bw=34,experts=[0,4,6]; c14:bw=37,experts=[2,4,6]; c12:bw=38,experts=[0,4,6]; c6:bw=31,experts=[2,4,6]","2.2460,2.3657,3.2495,4.1213,1.5023,2.2533,3.3229,2.2398,3.6562,1.2781,2.6087,2.1037,3.6532,2.9284,1.4854,3.0117,1.2299,3.8667,2.4570,2.0155"
10,2026-09-23 20:09:21,Ours,0.01,3.2131746226542894,4.77,4.87,9,54.0769,0:54.08,52.6145,0.3158,1.1443,534.0084,8:54.01,20,"4,9,1,15,7,5,16,2,18,3,12,17,8,14,0,13,6,10,19,11",4:37;9:35;1:41;15:10;7:37;5:58;16:44;2:34;18:28;3:46;12:52;17:35;8:35;14:57;0:59;13:38;6:65;10:54;19:43;11:21,"4:[4,6,7];9:[4,6,7];1:[2,4,6,7];15:[2];7:[2,4,6];5:[0,1,4,6,7];16:[0,4,6,7];2:[4,6,7];18:[4,6];3:[1,4,6,7];12:[0,1,4,6,7];17:[4,6,7];8:[4,6,7];14:[0,1,4,6,7];0:[0,1,4,6,7];13:[2,4,6];6:[0,1,4,5,6,7];10:[0,1,4,6,7];19:[2,4,6,7];11:[4,6]","c4:bw=37,experts=[4,6,7]; c9:bw=35,experts=[4,6,7]; c1:bw=41,experts=[2,4,6,7]; c15:bw=10,experts=[2]; c7:bw=37,experts=[2,4,6]; c5:bw=58,experts=[0,1,4,6,7]; c16:bw=44,experts=[0,4,6,7]; c2:bw=34,experts=[4,6,7]; c18:bw=28,experts=[4,6]; c3:bw=46,experts=[1,4,6,7]; c12:bw=52,experts=[0,1,4,6,7]; c17:bw=35,experts=[4,6,7]; c8:bw=35,experts=[4,6,7]; c14:bw=57,experts=[0,1,4,6,7]; c0:bw=59,experts=[0,1,4,6,7]; c13:bw=38,experts=[2,4,6]; c6:bw=65,experts=[0,1,4,5,6,7]; c10:bw=54,experts=[0,1,4,6,7]; c19:bw=43,experts=[2,4,6,7]; c11:bw=21,experts=[4,6]","3.4004,2.2573,3.7539,2.9793,3.2005,1.2899,2.1102,2.6056,3.0100,1.5205,2.5995,2.3546,2.3858,4.0574,1.5797,4.2339,2.0506,1.2196,3.6816,2.3239"
11,2026-09-23 20:10:14,Ours,0.01,3.1617388708059355,4.84,4.87,9,53.4622,0:53.46,52.0291,0.2978,1.133,587.4848,9:47.48,20,"2,6,16,4,17,1,13,12,19,3,8,15,5,10,14,7,11,9,18,0",2:27;6:55;16:43;4:16;17:44;1:40;13:40;12:20;19:25;3:50;8:39;15:44;5:28;10:35;14:15;7:44;11:34;9:33;18:47;0:28,"2:[4,6];6:[1,3,4,6,7];16:[1,4,6,7];4:[4];17:[3,4,6,7];1:[1,4,6,7];13:[3,4,6,7];12:[4,6];19:[4,6];3:[1,3,4,6,7];8:[4,6,7];15:[4,5,6,7];5:[4,6];10:[4,6,7];14:[4];7:[1,4,6,7];11:[4,6,7];9:[4,6,7];18:[1,4,6,7];0:[4,6]","c2:bw=27,experts=[4,6]; c6:bw=55,experts=[1,3,4,6,7]; c16:bw=43,experts=[1,4,6,7]; c4:bw=16,experts=[4]; c17:bw=44,experts=[3,4,6,7]; c1:bw=40,experts=[1,4,6,7]; c13:bw=40,experts=[3,4,6,7]; c12:bw=20,experts=[4,6]; c19:bw=25,experts=[4,6]; c3:bw=50,experts=[1,3,4,6,7]; c8:bw=39,experts=[4,6,7]; c15:bw=44,experts=[4,5,6,7]; c5:bw=28,experts=[4,6]; c10:bw=35,experts=[4,6,7]; c14:bw=15,experts=[4]; c7:bw=44,experts=[1,4,6,7]; c11:bw=34,experts=[4,6,7]; c9:bw=33,experts=[4,6,7]; c18:bw=47,experts=[1,4,6,7]; c0:bw=28,experts=[4,6]","2.6597,2.0518,2.1206,3.3554,2.2947,3.7604,4.1139,2.4552,3.6655,1.5034,2.2636,2.9626,1.2817,1.2377,3.9088,3.2239,2.3876,2.2670,3.0135,1.5020"
12,2026-09-23 20:11:08,Ours,0.01,3.145693928031667,5.2,5.2,12,53.7782,0:53.78,52.3746,0.2707,1.1306,641.2767,10:41.28,20,"14,3,9,18,8,11,17,6,5,12,19,13,10,15,7,0,4,16,2,1",14:29;3:35;9:42;18:45;8:55;11:45;17:39;6:29;5:56;12:73;19:31;13:53;10:62;15:36;7:30;0:49;4:28;16:28;2:57;1:42,"14:[4,6];3:[4,6,7];9:[3,4,6,7];18:[3,4,6,7];8:[2,3,4,6,7];11:[3,4,6,7];17:[4,6,7];6:[4,6];5:[2,3,4,6,7];12:[1,2,3,4,5,6,7];19:[4,6,7];13:[1,3,4,6,7];10:[2,3,4,5,6,7];15:[3,4,6];7:[3,4,6];0:[3,4,6,7];4:[4,5];16:[4,6];2:[2,3,4,5,6];1:[3,4,6,7]","c14:bw=29,experts=[4,6]; c3:bw=35,experts=[4,6,7]; c9:bw=42,experts=[3,4,6,7]; c18:bw=45,experts=[3,4,6,7]; c8:bw=55,experts=[2,3,4,6,7]; c11:bw=45,experts=[3,4,6,7]; c17:bw=39,experts=[4,6,7]; c6:bw=29,experts=[4,6]; c5:bw=56,experts=[2,3,4,6,7]; c12:bw=73,experts=[1,2,3,4,5,6,7]; c19:bw=31,experts=[4,6,7]; c13:bw=53,experts=[1,3,4,6,7]; c10:bw=62,experts=[2,3,4,5,6,7]; c15:bw=36,experts=[3,4,6]; c7:bw=30,experts=[3,4,6]; c0:bw=49,experts=[3,4,6,7]; c4:bw=28,experts=[4,5]; c16:bw=28,experts=[4,6]; c2:bw=57,experts=[2,3,4,5,6]; c1:bw=42,experts=[3,4,6,7]","3.9450,1.5158,2.3043,3.0683,2.3096,2.3845,2.2696,2.0302,1.3045,2.5177,3.6970,4.0912,1.2559,2.9604,3.2025,1.5154,3.4001,2.1999,2.6448,3.7582"
13,2026-09-23 20:12:02,Ours,0.01,3.1986057457555743,6.0,6.0,13,53.5223,0:53.52,52.0627,0.3108,1.1465,694.8138,11:34.81,20,"9,8,6,14,13,2,19,12,1,17,4,15,18,0,16,7,10,3,5,11",9:15;8:15;6:36;14:70;13:32;2:16;19:36;12:42;1:47;17:55;4:10;15:38;18:51;0:25;16:10;7:58;10:42;3:30;5:29;11:52,"9:[2];8:[4];6:[4,6,7];14:[1,2,3,4,5,6,7];13:[4,6,7];2:[4];19:[3,4,6];12:[3,4,6,7];1:[3,4,6,7];17:[2,4,5,6,7];4:[1];15:[3,4,6];18:[2,3,4,6,7];0:[4,5];16:[4];7:[2,3,4,6,7];10:[3,4,6,7];3:[2,4,5];5:[4,6];11:[2,3,4,6,7]","c9:bw=15,experts=[2]; c8:bw=15,experts=[4]; c6:bw=36,experts=[4,6,7]; c14:bw=70,experts=[1,2,3,4,5,6,7]; c13:bw=32,experts=[4,6,7]; c2:bw=16,experts=[4]; c19:bw=36,experts=[3,4,6]; c12:bw=42,experts=[3,4,6,7]; c1:bw=47,experts=[3,4,6,7]; c17:bw=55,experts=[2,4,5,6,7]; c4:bw=10,experts=[1]; c15:bw=38,experts=[3,4,6]; c18:bw=51,experts=[2,3,4,6,7]; c0:bw=25,experts=[4,5]; c16:bw=10,experts=[4]; c7:bw=58,experts=[2,3,4,6,7]; c10:bw=42,experts=[3,4,6,7]; c3:bw=30,experts=[2,4,5]; c5:bw=29,experts=[4,6]; c11:bw=52,experts=[2,3,4,6,7]","2.2980,2.2884,2.0710,3.9718,4.1227,2.6003,3.6969,2.4836,3.7196,2.2590,3.3573,2.9989,3.0226,1.4888,2.1052,3.1857,1.2439,1.4970,1.2903,2.3615"
14,2026-09-23 20:12:55,Ours,0.01,3.105815841811058,6.85,6.85,14,53.4513,0:53.45,52.0123,0.298,1.1388,748.2796,12:28.28,20,"5,11,4,19,9,1,12,10,7,0,8,13,6,17,16,14,18,3,2,15",5:64;11:36;4:10;19:42;9:32;1:38;12:43;10:31;7:25;0:25;8:21;13:34;6:67;17:10;16:19;14:25;18:63;3:45;2:45;15:12,"5:[2,3,4,5,6,7];11:[4,6,7];4:[4];19:[3,4,6,7];9:[1,4,5];1:[0,4,6];12:[3,4,6,7];10:[3,4,6];7:[4,5];0:[4,6];8:[4,6];13:[4,6,7];6:[2,3,4,5,6,7];17:[4];16:[4];14:[4,6];18:[0,2,3,4,6,7];3:[0,4,6,7];2:[3,4,6,7];15:[4]","c5:bw=64,experts=[2,3,4,5,6,7]; c11:bw=36,experts=[4,6,7]; c4:bw=10,experts=[4]; c19:bw=42,experts=[3,4,6,7]; c9:bw=32,experts=[1,4,5]; c1:bw=38,experts=[0,4,6]; c12:bw=43,experts=[3,4,6,7]; c10:bw=31,experts=[3,4,6]; c7:bw=25,experts=[4,5]; c0:bw=25,experts=[4,6]; c8:bw=21,experts=[4,6]; c13:bw=34,experts=[4,6,7]; c6:bw=67,experts=[2,3,4,5,6,7]; c17:bw=10,experts=[4]; c16:bw=19,experts=[4]; c14:bw=25,experts=[4,6]; c18:bw=63,experts=[0,2,3,4,6,7]; c3:bw=45,experts=[0,4,6,7]; c2:bw=45,experts=[3,4,6,7]; c15:bw=12,experts=[4]","1.3060,2.3817,3.3757,3.6881,2.2531,3.7586,2.4984,1.2435,3.1940,1.4912,2.2849,4.1006,2.0730,2.2333,2.1127,3.9197,3.0289,1.4824,2.6363,2.9501"
15,2026-09-23 20:13:49,Ours,0.01,3.0766660637136796,8.62,8.62,15,53.4519,0:53.45,52.024,0.2792,1.1464,801.7465,13:21.75,20,"14,16,19,13,4,12,5,7,10,1,0,15,3,8,18,11,6,2,9,17",14:50;16:29;19:59;13:60;4:47;12:10;5:18;7:59;10:13;1:14;0:20;15:10;3:10;8:52;18:34;11:55;6:33;2:53;9:19;17:47,"14:[2,3,4,6,7];16:[4,5];19:[0,1,4,5,6];13:[2,3,4,5,6,7];4:[3,4,6,7];12:[4];5:[4];7:[2,3,4,6,7];10:[4];1:[4];0:[4,6];15:[4];3:[4];8:[0,1,4,5,6];18:[4,6,7];11:[0,1,4,5,6];6:[3,4,6];2:[1,3,4,6,7];9:[4];17:[1,4,6,7]","c14:bw=50,experts=[2,3,4,6,7]; c16:bw=29,experts=[4,5]; c19:bw=59,experts=[0,1,4,5,6]; c13:bw=60,experts=[2,3,4,5,6,7]; c4:bw=47,experts=[3,4,6,7]; c12:bw=10,experts=[4]; c5:bw=18,experts=[4]; c7:bw=59,experts=[2,3,4,6,7]; c10:bw=13,experts=[4]; c1:bw=14,experts=[4]; c0:bw=20,experts=[4,6]; c15:bw=10,experts=[4]; c3:bw=10,experts=[4]; c8:bw=52,experts=[0,1,4,5,6]; c18:bw=34,experts=[4,6,7]; c11:bw=55,experts=[0,1,4,5,6]; c6:bw=33,experts=[3,4,6]; c2:bw=53,experts=[1,3,4,6,7]; c9:bw=19,experts=[4]; c17:bw=47,experts=[1,4,6,7]","3.9603,2.1365,3.6712,4.1536,3.3978,2.4711,1.2971,3.2051,1.2309,3.7322,1.4970,2.9667,1.4873,2.2724,3.0444,2.3635,2.0353,2.6306,2.2406,2.2305"
16,2026-09-23 20:14:42,Ours,0.01,3.092774424904243,9.16,9.16,16,53.4108,0:53.41,51.97,0.2966,1.1418,855.172,14:15.17,20,"6,11,4,1,18,9,14,13,10,0,12,5,7,3,17,16,15,2,19,8",6:40;11:10;4:35;1:29;18:12;9:24;14:29;13:24;10:22;0:57;12:14;5:40;7:22;3:43;17:43;16:54;15:48;2:52;19:62;8:49,"6:[3,4,6,7];11:[4];4:[3,4,6];1:[4,5];18:[5];9:[0,4];14:[4,6];13:[4,6];10:[4,6];0:[2,3,4,6,7];12:[4];5:[3,4,6,7];7:[4,6];3:[3,4,6,7];17:[3,4,6,7];16:[2,3,4,6,7];15:[1,4,6,7];2:[0,3,4,6,7];19:[1,2,3,4,6,7];8:[3,4,6,7]","c6:bw=40,experts=[3,4,6,7]; c11:bw=10,experts=[4]; c4:bw=35,experts=[3,4,6]; c1:bw=29,experts=[4,5]; c18:bw=12,experts=[5]; c9:bw=24,experts=[0,4]; c14:bw=29,experts=[4,6]; c13:bw=24,experts=[4,6]; c10:bw=22,experts=[4,6]; c0:bw=57,experts=[2,3,4,6,7]; c12:bw=14,experts=[4]; c5:bw=40,experts=[3,4,6,7]; c7:bw=22,experts=[4,6]; c3:bw=43,experts=[3,4,6,7]; c17:bw=43,experts=[3,4,6,7]; c16:bw=54,experts=[2,3,4,6,7]; c15:bw=48,experts=[1,4,6,7]; c2:bw=52,experts=[0,3,4,6,7]; c19:bw=62,experts=[1,2,3,4,6,7]; c8:bw=49,experts=[3,4,6,7]","2.0752,2.3980,3.4067,3.7076,3.0591,2.2581,3.9113,4.0838,1.2351,1.4982,2.4518,1.2872,3.1853,1.4924,2.2400,2.1201,2.9950,2.6276,3.6611,2.2763"
17,2026-09-23 20:15:35,Ours,0.01,3.065944899213498,10.36,10.36,17,53.4565,0:53.46,52.0058,0.3095,1.139,908.6448,15:08.64,20,"14,7,12,6,11,4,16,9,10,0,3,8,18,5,19,1,13,17,2,15",14:33;7:25;12:74;6:39;11:10;4:58;16:30;9:37;10:44;0:11;3:52;8:10;18:31;5:10;19:40;1:29;13:27;17:11;2:19;15:50,"14:[4,6,7];7:[0,4];12:[0,2,3,4,5,6,7];6:[4,6,7];11:[4];4:[0,2,4,6,7];16:[3,4,6];9:[4,6,7];10:[3,4,6,7];0:[4];3:[2,3,4,6,7];8:[4];18:[4,6,7];5:[4];19:[3,4,6,7];1:[4,6];13:[0,4];17:[0];2:[4];15:[0,3,4,6,7]","c14:bw=33,experts=[4,6,7]; c7:bw=25,experts=[0,4]; c12:bw=74,experts=[0,2,3,4,5,6,7]; c6:bw=39,experts=[4,6,7]; c11:bw=10,experts=[4]; c4:bw=58,experts=[0,2,4,6,7]; c16:bw=30,experts=[3,4,6]; c9:bw=37,experts=[4,6,7]; c10:bw=44,experts=[3,4,6,7]; c0:bw=11,experts=[4]; c3:bw=52,experts=[2,3,4,6,7]; c8:bw=10,experts=[4]; c18:bw=31,experts=[4,6,7]; c5:bw=10,experts=[4]; c19:bw=40,experts=[3,4,6,7]; c1:bw=29,experts=[4,6]; c13:bw=27,experts=[0,4]; c17:bw=11,experts=[0]; c2:bw=19,experts=[4]; c15:bw=50,experts=[0,3,4,6,7]","3.9689,3.2273,2.4958,2.0682,2.3534,3.3882,2.1387,2.2357,1.2552,1.4935,1.5114,2.2694,3.0486,1.2989,3.6459,3.6985,4.0576,2.2631,2.5940,2.9935"
18,2026-09-23 20:16:29,Ours,0.01,3.074330027811471,11.51,11.51,18,53.289,0:53.29,51.8563,0.2691,1.1613,961.9489,16:01.95,20,"7,3,4,18,1,12,8,9,14,17,19,13,6,5,2,10,11,15,0,16",7:55;3:37;4:56;18:60;1:10;12:18;8:10;9:19;14:40;17:50;19:33;13:43;6:31;5:35;2:37;10:27;11:57;15:51;0:49;16:38,"7:[2,3,4,6,7];3:[4,6,7];4:[2,3,4,6,7];18:[0,2,3,4,6,7];1:[2];12:[4];8:[4];9:[4];14:[0,4,6,7];17:[2,3,4,6,7];19:[4,6,7];13:[3,4,6,7];6:[0,4,6];5:[0,1,4];2:[4,6,7];10:[0,1];11:[1,3,4,6,7];15:[2,3,4,6,7];0:[0,1,4,6];16:[0,4,6]","c7:bw=55,experts=[2,3,4,6,7]; c3:bw=37,experts=[4,6,7]; c4:bw=56,experts=[2,3,4,6,7]; c18:bw=60,experts=[0,2,3,4,6,7]; c1:bw=10,experts=[2]; c12:bw=18,experts=[4]; c8:bw=10,experts=[4]; c9:bw=19,experts=[4]; c14:bw=40,experts=[0,4,6,7]; c17:bw=50,experts=[2,3,4,6,7]; c19:bw=33,experts=[4,6,7]; c13:bw=43,experts=[3,4,6,7]; c6:bw=31,experts=[0,4,6]; c5:bw=35,experts=[0,1,4]; c2:bw=37,experts=[4,6,7]; c10:bw=27,experts=[0,1]; c11:bw=57,experts=[1,3,4,6,7]; c15:bw=51,experts=[2,3,4,6,7]; c0:bw=49,experts=[0,1,4,6]; c16:bw=38,experts=[0,4,6]","3.2337,1.5011,3.3733,3.0887,3.7284,2.4774,2.2657,2.2237,3.8873,2.2465,3.6192,4.0936,2.0354,1.3051,2.5977,1.2306,2.3781,2.9727,1.4747,2.1232"
19,2026-09-23 20:17:23,Ours,0.01,3.022574600528622,12.32,12.32,19,54.2873,0:54.29,52.8195,0.3105,1.1551,1016.2526,16:56.25,20,"8,7,1,6,9,10,11,19,13,5,17,12,18,16,3,2,15,4,0,14",8:56;7:22;1:46;6:66;9:38;10:35;11:20;19:37;13:10;5:29;17:67;12:54;18:31;16:13;3:40;2:14;15:39;4:51;0:42;14:30,"8:[2,3,4,6,7];7:[1,4];1:[1,3,4,6];6:[1,2,3,4,6,7];9:[4,6,7];10:[4,6,7];11:[4,6];19:[4,6,7];13:[4];5:[4,6];17:[0,2,3,4,6,7];12:[2,3,4,6,7];18:[1,4,6];16:[1];3:[1,4,6,7];2:[4];15:[4,5,6];4:[2,3,4,6,7];0:[3,4,6,7];14:[4,6,7]","c8:bw=56,experts=[2,3,4,6,7]; c7:bw=22,experts=[1,4]; c1:bw=46,experts=[1,3,4,6]; c6:bw=66,experts=[1,2,3,4,6,7]; c9:bw=38,experts=[4,6,7]; c10:bw=35,experts=[4,6,7]; c11:bw=20,experts=[4,6]; c19:bw=37,experts=[4,6,7]; c13:bw=10,experts=[4]; c5:bw=29,experts=[4,6]; c17:bw=67,experts=[0,2,3,4,6,7]; c12:bw=54,experts=[2,3,4,6,7]; c18:bw=31,experts=[1,4,6]; c16:bw=13,experts=[1]; c3:bw=40,experts=[1,4,6,7]; c2:bw=14,experts=[4]; c15:bw=39,experts=[4,5,6]; c4:bw=51,experts=[2,3,4,6,7]; c0:bw=42,experts=[3,4,6,7]; c14:bw=30,experts=[4,6,7]","2.3183,3.3031,3.7114,2.0583,2.2718,1.2377,2.3819,3.6451,4.1039,1.3748,2.3787,2.6070,3.1803,2.2394,1.5593,2.6752,3.0158,3.3842,1.4920,3.8812"
20,2026-09-23 20:18:16,Ours,0.01,3.039965668523959,13.12,13.12,20,53.2791,0:53.28,51.794,0.3101,1.1727,1069.5475,17:49.55,20,"17,4,3,10,6,13,14,11,7,16,12,5,9,8,1,15,19,18,0,2",17:48;4:59;3:18;10:16;6:68;13:40;14:30;11:10;7:43;16:40;12:44;5:10;9:17;8:50;1:40;15:19;19:48;18:21;0:28;2:41,"17:[3,4,6,7];4:[3,4,5,6,7];3:[4];10:[2];6:[0,2,3,4,6,7];13:[1,3,4,6];14:[4,6,7];11:[4];7:[3,4,6,7];16:[3,4,6,7];12:[1,4,6,7];5:[4];9:[3];8:[2,3,4,6,7];1:[3,4,6,7];15:[4];19:[3,4,6,7];18:[4,6];0:[4,6];2:[2,4,5,6]","c17:bw=48,experts=[3,4,6,7]; c4:bw=59,experts=[3,4,5,6,7]; c3:bw=18,experts=[4]; c10:bw=16,experts=[2]; c6:bw=68,experts=[0,2,3,4,6,7]; c13:bw=40,experts=[1,3,4,6]; c14:bw=30,experts=[4,6,7]; c11:bw=10,experts=[4]; c7:bw=43,experts=[3,4,6,7]; c16:bw=40,experts=[3,4,6,7]; c12:bw=44,experts=[1,4,6,7]; c5:bw=10,experts=[4]; c9:bw=17,experts=[3]; c8:bw=50,experts=[2,3,4,6,7]; c1:bw=40,experts=[3,4,6,7]; c15:bw=19,experts=[4]; c19:bw=48,experts=[3,4,6,7]; c18:bw=21,experts=[4,6]; c0:bw=28,experts=[4,6]; c2:bw=41,experts=[2,4,5,6]","2.2617,3.4080,1.4752,1.2307,2.0559,4.1172,3.8986,2.3493,3.2120,2.1180,2.4898,1.2928,2.2322,2.2777,3.7113,2.9308,3.6313,3.0316,1.4790,2.5907"
21,2026-09-23 20:19:10,Ours,0.01,2.9860571509750855,13.96,13.96,21,53.1401,0:53.14,51.6594,0.2965,1.1818,1122.7066,18:42.71,20,"13,14,15,17,3,4,18,19,2,11,12,9,6,5,10,8,0,7,16,1",13:23;14:31;15:19;17:35;3:10;4:48;18:60;19:58;2:39;11:23;12:38;9:25;6:16;5:32;10:40;8:18;0:66;7:12;16:33;1:41,"13:[4,6];14:[1,4,5];15:[4];17:[4,5,6];3:[5];4:[1,4,6,7];18:[0,2,3,4,6,7];19:[2,3,4,6,7];2:[4,6,7];11:[2,4];12:[4,6,7];9:[2,4];6:[4];5:[4,6,7];10:[4,5,6,7];8:[4];0:[2,3,4,5,6,7];7:[4];16:[4,6,7];1:[3,4,6,7]","c13:bw=23,experts=[4,6]; c14:bw=31,experts=[1,4,5]; c15:bw=19,experts=[4]; c17:bw=35,experts=[4,5,6]; c3:bw=10,experts=[5]; c4:bw=48,experts=[1,4,6,7]; c18:bw=60,experts=[0,2,3,4,6,7]; c19:bw=58,experts=[2,3,4,6,7]; c2:bw=39,experts=[4,6,7]; c11:bw=23,experts=[2,4]; c12:bw=38,experts=[4,6,7]; c9:bw=25,experts=[2,4]; c6:bw=16,experts=[4]; c5:bw=32,experts=[4,6,7]; c10:bw=40,experts=[4,5,6,7]; c8:bw=18,experts=[4]; c0:bw=66,experts=[2,3,4,5,6,7]; c7:bw=12,experts=[4]; c16:bw=33,experts=[4,6,7]; c1:bw=41,experts=[3,4,6,7]","4.1122,3.9131,2.9468,2.2507,1.4645,3.3487,3.0447,3.6473,2.6065,2.3468,2.4809,2.2227,2.0066,1.2923,1.2190,2.2617,1.4870,3.1795,2.1057,3.7224"
22,2026-09-23 20:20:03,Ours,0.01,3.003756308037961,15.13,15.13,22,53.3501,0:53.35,51.9011,0.2984,1.1483,1176.0737,19:36.07,20,"4,19,8,17,18,5,10,16,9,1,6,2,11,14,13,15,7,0,12,3",4:36;19:45;8:33;17:62;18:15;5:17;10:10;16:34;9:33;1:10;6:61;2:66;11:43;14:48;13:34;15:66;7:16;0:67;12:64;3:56,"4:[4,6,7];19:[3,4,6,7];8:[4,6,7];17:[0,2,3,4,6,7];18:[4];5:[2];10:[4];16:[4,6,7];9:[1,4,5];1:[0];6:[2,3,4,5,6,7];2:[0,2,3,4,6,7];11:[3,4,6,7];14:[3,4,6,7];13:[4,6,7];15:[0,2,3,4,6,7];7:[5];0:[0,2,3,4,6,7];12:[0,2,3,4,6,7];3:[0,3,4,6,7]","c4:bw=36,experts=[4,6,7]; c19:bw=45,experts=[3,4,6,7]; c8:bw=33,experts=[4,6,7]; c17:bw=62,experts=[0,2,3,4,6,7]; c18:bw=15,experts=[4]; c5:bw=17,experts=[2]; c10:bw=10,experts=[4]; c16:bw=34,experts=[4,6,7]; c9:bw=33,experts=[1,4,5]; c1:bw=10,experts=[0]; c6:bw=61,experts=[2,3,4,5,6,7]; c2:bw=66,experts=[0,2,3,4,6,7]; c11:bw=43,experts=[3,4,6,7]; c14:bw=48,experts=[3,4,6,7]; c13:bw=34,experts=[4,6,7]; c15:bw=66,experts=[0,2,3,4,6,7]; c7:bw=16,experts=[5]; c0:bw=67,experts=[0,2,3,4,6,7]; c12:bw=64,experts=[0,2,3,4,6,7]; c3:bw=56,experts=[0,3,4,6,7]","3.3642,3.6658,2.3035,2.2634,3.0678,1.2936,1.2356,2.1349,2.2179,3.7530,2.0518,2.6254,2.3803,3.8949,4.0882,2.9536,3.1645,1.4955,2.4696,1.4776"
23,2026-09-23 20:20:56,Ours,0.01,2.949408086428082,15.87,15.87,23,53.3502,0:53.35,51.8892,0.3112,1.1475,1229.4415,20:29.44,20,"2,13,1,19,8,15,3,6,18,12,7,0,4,11,10,17,14,5,9,16",2:32;13:54;1:62;19:21;8:35;15:29;3:15;6:10;18:26;12:26;7:15;0:11;4:56;11:52;10:67;17:70;14:52;5:52;9:50;16:56,"2:[1,4,6];13:[2,4,5,6,7];1:[0,2,3,4,6,7];19:[0,5];8:[0,1,5];15:[4,6];3:[4];6:[4];18:[4,6];12:[4,6];7:[4];0:[4];4:[2,3,4,6,7];11:[0,4,5,6,7];10:[0,2,3,4,6,7];17:[1,2,3,4,5,6,7];14:[2,3,4,6,7];5:[2,4,5,6,7];9:[2,3,4,6,7];16:[2,4,5,6,7]","c2:bw=32,experts=[1,4,6]; c13:bw=54,experts=[2,4,5,6,7]; c1:bw=62,experts=[0,2,3,4,6,7]; c19:bw=21,experts=[0,5]; c8:bw=35,experts=[0,1,5]; c15:bw=29,experts=[4,6]; c3:bw=15,experts=[4]; c6:bw=10,experts=[4]; c18:bw=26,experts=[4,6]; c12:bw=26,experts=[4,6]; c7:bw=15,experts=[4]; c0:bw=11,experts=[4]; c4:bw=56,experts=[2,3,4,6,7]; c11:bw=52,experts=[0,4,5,6,7]; c10:bw=67,experts=[0,2,3,4,6,7]; c17:bw=70,experts=[1,2,3,4,5,6,7]; c14:bw=52,experts=[2,3,4,6,7]; c5:bw=52,experts=[2,4,5,6,7]; c9:bw=50,experts=[2,3,4,6,7]; c16:bw=56,experts=[2,4,5,6,7]","2.6232,4.1372,3.7872,3.6715,2.2783,2.9610,1.4769,2.0309,3.0340,2.4583,3.2016,1.4797,3.3367,2.3724,1.2348,2.2487,3.8978,1.2980,2.2614,2.0994"
24,2026-09-23 20:21:49,Ours,0.01,2.8786594849320104,16.5,16.5,24,53.1806,0:53.18,51.7065,0.3106,1.1612,1282.6399,21:22.64,20,"3,14,13,5,8,10,4,17,6,16,18,0,19,9,11,1,12,15,7,2",3:10;14:42;13:50;5:25;8:18;10:39;4:12;17:56;6:30;16:41;18:72;0:31;19:55;9:50;11:10;1:10;12:37;15:44;7:10;2:43,"3:[4];14:[2,4,6,7];13:[2,3,4,6,7];5:[3,4];8:[4];10:[4,6,7];4:[4];17:[2,3,4,6,7];6:[4,6,7];16:[2,4,6,7];18:[0,2,3,4,5,6,7];0:[4,6,7];19:[1,3,4,6,7];9:[0,3,4,6,7];11:[4];1:[5];12:[4,6,7];15:[1,4,6,7];7:[4];2:[2,4,6,7]","c3:bw=10,experts=[4]; c14:bw=42,experts=[2,4,6,7]; c13:bw=50,experts=[2,3,4,6,7]; c5:bw=25,experts=[3,4]; c8:bw=18,experts=[4]; c10:bw=39,experts=[4,6,7]; c4:bw=12,experts=[4]; c17:bw=56,experts=[2,3,4,6,7]; c6:bw=30,experts=[4,6,7]; c16:bw=41,experts=[2,4,6,7]; c18:bw=72,experts=[0,2,3,4,5,6,7]; c0:bw=31,experts=[4,6,7]; c19:bw=55,experts=[1,3,4,6,7]; c9:bw=50,experts=[0,3,4,6,7]; c11:bw=10,experts=[4]; c1:bw=10,experts=[5]; c12:bw=37,experts=[4,6,7]; c15:bw=44,experts=[1,4,6,7]; c7:bw=10,experts=[4]; c2:bw=43,experts=[2,4,6,7]","1.4834,3.8913,4.1395,1.3081,2.2683,1.2396,3.3396,2.2450,2.0400,2.1099,3.0610,1.4942,3.6333,2.2361,2.3463,3.6984,2.4484,2.9464,3.1681,2.6095"
25,2026-09-23 20:22:43,Ours,0.01,2.8773296088433953,16.78,16.78,25,53.4822,0:53.48,52.0272,0.313,1.1396,1336.1615,22:16.16,20,"18,15,3,2,12,6,9,10,16,4,7,19,5,13,1,14,17,0,11,8",18:59;15:29;3:14;2:12;12:36;6:16;9:40;10:25;16:52;4:58;7:40;19:57;5:64;13:56;1:49;14:26;17:52;0:56;11:60;8:55,"18:[2,3,4,6,7];15:[4,6];3:[2];2:[4];12:[4,5,6];6:[4];9:[2,4,6,7];10:[4,6];16:[2,4,5,6,7];4:[0,2,4,6,7];7:[0,4,6,7];19:[2,3,4,6,7];5:[2,3,4,5,6,7];13:[0,3,4,6,7];1:[3,4,6,7];14:[4,6];17:[2,3,4,6,7];0:[2,4,5,6,7];11:[2,3,4,5,6,7];8:[2,3,4,6,7]","c18:bw=59,experts=[2,3,4,6,7]; c15:bw=29,experts=[4,6]; c3:bw=14,experts=[2]; c2:bw=12,experts=[4]; c12:bw=36,experts=[4,5,6]; c6:bw=16,experts=[4]; c9:bw=40,experts=[2,4,6,7]; c10:bw=25,experts=[4,6]; c16:bw=52,experts=[2,4,5,6,7]; c4:bw=58,experts=[0,2,4,6,7]; c7:bw=40,experts=[0,4,6,7]; c19:bw=57,experts=[2,3,4,6,7]; c5:bw=64,experts=[2,3,4,5,6,7]; c13:bw=56,experts=[0,3,4,6,7]; c1:bw=49,experts=[3,4,6,7]; c14:bw=26,experts=[4,6]; c17:bw=52,experts=[2,3,4,6,7]; c0:bw=56,experts=[2,4,5,6,7]; c11:bw=60,experts=[2,3,4,5,6,7]; c8:bw=55,experts=[2,3,4,6,7]","3.0938,2.9620,1.4796,2.6358,2.4755,2.1045,2.2545,1.2458,2.1336,3.3644,3.2095,3.6300,1.3063,4.1347,3.7218,3.8553,2.2512,1.5010,2.3888,2.2791"
26,2026-09-23 20:23:36,Ours,0.01,2.921296466015484,17.79,17.79,26,53.2297,0:53.23,51.7825,0.2948,1.1501,1389.4095,23:09.41,20,"5,7,1,2,8,16,12,6,19,10,9,14,3,0,17,11,13,4,18,15",5:20;7:31;1:33;2:30;8:53;16:10;12:41;6:34;19:15;10:38;9:50;14:49;3:44;0:11;17:32;11:57;13:16;4:48;18:10;15:42,"5:[0,1];7:[2,4,6];1:[4,6,7];2:[4,6,7];8:[2,3,4,6,7];16:[0];12:[2,4,6,7];6:[4,6,7];19:[4];10:[1,4,6];9:[2,3,4,6,7];14:[0,4,6,7];3:[2,4,6,7];0:[1];17:[4,6,7];11:[1,2,4,6,7];13:[4];4:[2,4,6,7];18:[4];15:[2,4,6,7]","c5:bw=20,experts=[0,1]; c7:bw=31,experts=[2,4,6]; c1:bw=33,experts=[4,6,7]; c2:bw=30,experts=[4,6,7]; c8:bw=53,experts=[2,3,4,6,7]; c16:bw=10,experts=[0]; c12:bw=41,experts=[2,4,6,7]; c6:bw=34,experts=[4,6,7]; c19:bw=15,experts=[4]; c10:bw=38,experts=[1,4,6]; c9:bw=50,experts=[2,3,4,6,7]; c14:bw=49,experts=[0,4,6,7]; c3:bw=44,experts=[2,4,6,7]; c0:bw=11,experts=[1]; c17:bw=32,experts=[4,6,7]; c11:bw=57,experts=[1,2,4,6,7]; c13:bw=16,experts=[4]; c4:bw=48,experts=[2,4,6,7]; c18:bw=10,experts=[4]; c15:bw=42,experts=[2,4,6,7]","1.3103,3.2132,3.7276,2.6353,2.3085,2.1308,2.4781,2.0379,3.6265,1.2342,2.2449,3.8638,1.4851,1.4725,2.2395,2.3698,4.0701,3.3410,3.0245,2.9688"
27,2026-09-23 20:24:30,Ours,0.01,2.799415046187005,18.46,18.46,27,53.4426,0:53.44,51.975,0.3132,1.1521,1442.8711,24:02.87,20,"10,5,14,13,12,17,6,8,11,18,19,7,0,15,2,16,9,1,3,4",10:62;5:37;14:26;13:57;12:22;17:36;6:63;8:55;11:66;18:18;19:18;7:51;0:36;15:46;2:20;16:20;9:18;1:62;3:21;4:12,"10:[2,3,4,5,6,7];5:[4,6,7];14:[4,6];13:[2,3,4,6,7];12:[4,6];17:[4,6,7];6:[1,2,4,5,6,7];8:[2,4,5,6,7];11:[2,3,4,5,6,7];18:[1];19:[4];7:[1,3,4,6,7];0:[4,6,7];15:[4,5,6,7];2:[4,6];16:[1,4];9:[4];1:[1,2,3,4,6,7];3:[1,4];4:[4]","c10:bw=62,experts=[2,3,4,5,6,7]; c5:bw=37,experts=[4,6,7]; c14:bw=26,experts=[4,6]; c13:bw=57,experts=[2,3,4,6,7]; c12:bw=22,experts=[4,6]; c17:bw=36,experts=[4,6,7]; c6:bw=63,experts=[1,2,4,5,6,7]; c8:bw=55,experts=[2,4,5,6,7]; c11:bw=66,experts=[2,3,4,5,6,7]; c18:bw=18,experts=[1]; c19:bw=18,experts=[4]; c7:bw=51,experts=[1,3,4,6,7]; c0:bw=36,experts=[4,6,7]; c15:bw=46,experts=[4,5,6,7]; c2:bw=20,experts=[4,6]; c16:bw=20,experts=[1,4]; c9:bw=18,experts=[4]; c1:bw=62,experts=[1,2,3,4,6,7]; c3:bw=21,experts=[1,4]; c4:bw=12,experts=[4]","1.2585,1.3151,3.9165,4.1705,2.4971,2.2664,2.0428,2.3075,2.3779,3.0267,3.6219,3.2354,1.5105,2.9572,2.6232,2.1069,2.2162,3.7094,1.4806,3.3348"
28,2026-09-23 20:25:24,Ours,0.01,2.808866140395849,18.75,18.75,28,54.0049,0:54.00,52.5214,0.3191,1.1621,1496.8953,24:56.90,20,"5,6,19,8,3,14,1,7,9,15,13,4,10,18,12,16,0,2,17,11",5:33;6:29;19:33;8:29;3:12;14:15;1:25;7:10;9:49;15:32;13:31;4:10;10:40;18:34;12:42;16:35;0:47;2:10;17:48;11:66,"5:[4,6,7];6:[0,4];19:[4,6,7];8:[4,6];3:[4];14:[4];1:[4,6];7:[4];9:[2,4,6,7];15:[4,6,7];13:[1,4,6];4:[5];10:[2,4,6,7];18:[4,6,7];12:[1,4,6,7];16:[3,4,6];0:[2,4,6,7];2:[5];17:[2,4,6,7];11:[2,3,4,5,6,7]","c5:bw=33,experts=[4,6,7]; c6:bw=29,experts=[0,4]; c19:bw=33,experts=[4,6,7]; c8:bw=29,experts=[4,6]; c3:bw=12,experts=[4]; c14:bw=15,experts=[4]; c1:bw=25,experts=[4,6]; c7:bw=10,experts=[4]; c9:bw=49,experts=[2,4,6,7]; c15:bw=32,experts=[4,6,7]; c13:bw=31,experts=[1,4,6]; c4:bw=10,experts=[5]; c10:bw=40,experts=[2,4,6,7]; c18:bw=34,experts=[4,6,7]; c12:bw=42,experts=[1,4,6,7]; c16:bw=35,experts=[3,4,6]; c0:bw=47,experts=[2,4,6,7]; c2:bw=10,experts=[5]; c17:bw=48,experts=[2,4,6,7]; c11:bw=66,experts=[2,3,4,5,6,7]","1.3051,2.0360,3.6516,2.2834,1.4814,3.8635,3.7109,3.2003,2.2687,3.0681,4.2800,3.4404,1.3076,3.2007,2.5561,2.1595,1.4869,2.5993,2.2324,2.3893"
29,2026-09-23 20:26:17,Ours,0.01,2.7280493873706244,18.93,18.93,29,53.2795,0:53.28,51.82,0.2949,1.1624,1550.1947,25:50.19,20,"12,5,4,15,8,3,14,16,18,10,11,19,7,9,0,6,2,17,1,13",12:10;5:33;4:38;15:70;8:34;3:32;14:35;16:48;18:24;10:10;11:59;19:39;7:21;9:44;0:44;6:43;2:18;17:59;1:33;13:13,"12:[4];5:[4,6,7];4:[1,4,6];15:[0,2,3,4,5,6,7];8:[4,6,7];3:[4,5,6];14:[1,4,5];16:[2,4,6,7];18:[4,6];10:[4];11:[3,4,5,6,7];19:[4,6,7];7:[4,6];9:[2,4,6,7];0:[2,4,6,7];6:[2,4,6,7];2:[4];17:[2,3,4,6,7];1:[4,6,7];13:[4]","c12:bw=10,experts=[4]; c5:bw=33,experts=[4,6,7]; c4:bw=38,experts=[1,4,6]; c15:bw=70,experts=[0,2,3,4,5,6,7]; c8:bw=34,experts=[4,6,7]; c3:bw=32,experts=[4,5,6]; c14:bw=35,experts=[1,4,5]; c16:bw=48,experts=[2,4,6,7]; c18:bw=24,experts=[4,6]; c10:bw=10,experts=[4]; c11:bw=59,experts=[3,4,5,6,7]; c19:bw=39,experts=[4,6,7]; c7:bw=21,experts=[4,6]; c9:bw=44,experts=[2,4,6,7]; c0:bw=44,experts=[2,4,6,7]; c6:bw=43,experts=[2,4,6,7]; c2:bw=18,experts=[4]; c17:bw=59,experts=[2,3,4,6,7]; c1:bw=33,experts=[4,6,7]; c13:bw=13,experts=[4]","2.4921,1.3137,3.3637,2.9932,2.2882,1.4973,3.8710,2.1232,3.0438,1.2349,2.3846,3.6316,3.2125,2.2462,1.4957,2.0244,2.6148,2.2378,3.6885,4.0628"
30,2026-09-23 20:27:10,Ours,0.01,2.9261058034528356,19.53,19.53,30,53.2329,0:53.23,51.7745,0.317,1.1391,1603.4464,26:43.45,20,"14,19,13,16,15,5,6,11,1,17,12,0,2,7,8,4,9,18,3,10",14:49;19:24;13:27;16:31;15:22;5:62;6:11;11:46;1:35;17:19;12:24;0:17;2:27;7:12;8:41;4:51;9:54;18:57;3:59;10:71,"14:[2,4,6,7];19:[4,6];13:[4,6];16:[4,6,7];15:[4,6];5:[2,3,4,5,6,7];6:[3];11:[3,4,6,7];1:[4,6,7];17:[0];12:[0,3];0:[0];2:[0,3];7:[5];8:[3,4,6,7];4:[2,3,4,6,7];9:[1,4,5,6,7];18:[3,4,5,6,7];3:[0,3,4,6,7];10:[0,2,3,4,5,6,7]","c14:bw=49,experts=[2,4,6,7]; c19:bw=24,experts=[4,6]; c13:bw=27,experts=[4,6]; c16:bw=31,experts=[4,6,7]; c15:bw=22,experts=[4,6]; c5:bw=62,experts=[2,3,4,5,6,7]; c6:bw=11,experts=[3]; c11:bw=46,experts=[3,4,6,7]; c1:bw=35,experts=[4,6,7]; c17:bw=19,experts=[0]; c12:bw=24,experts=[0,3]; c0:bw=17,experts=[0]; c2:bw=27,experts=[0,3]; c7:bw=12,experts=[5]; c8:bw=41,experts=[3,4,6,7]; c4:bw=51,experts=[2,3,4,6,7]; c9:bw=54,experts=[1,4,5,6,7]; c18:bw=57,experts=[3,4,5,6,7]; c3:bw=59,experts=[0,3,4,6,7]; c10:bw=71,experts=[0,2,3,4,5,6,7]","3.9145,3.6475,4.1362,2.1213,2.9698,1.3058,2.0219,2.3846,3.6878,2.2118,2.4534,1.4980,2.5853,3.1972,2.2855,3.3282,2.2445,3.0530,1.4807,1.2478"
31,2026-09-23 20:28:04,Ours,0.01,2.7331957267211417,20.09,20.09,31,53.4616,0:53.46,52.01,0.3131,1.1362,1656.9279,27:36.93,20,"1,6,11,9,19,4,7,14,15,18,10,5,17,3,13,0,16,8,2,12",1:30;6:29;11:29;9:45;19:40;4:19;7:63;14:61;15:55;18:58;10:33;5:62;17:35;3:24;13:32;0:47;16:36;8:33;2:15;12:35,"1:[0,4,6];6:[4,6];11:[0,4];9:[2,4,6,7];19:[0,4,5,6];4:[4];7:[2,3,4,5,6,7];14:[2,3,4,5,6,7];15:[2,4,5,6,7];18:[2,4,5,6,7];10:[4,6,7];5:[0,2,4,5,6,7];17:[1,4,5];3:[4,6];13:[4,5,6];0:[3,4,6,7];16:[4,6,7];8:[0,1,4];2:[1];12:[4,6,7]","c1:bw=30,experts=[0,4,6]; c6:bw=29,experts=[4,6]; c11:bw=29,experts=[0,4]; c9:bw=45,experts=[2,4,6,7]; c19:bw=40,experts=[0,4,5,6]; c4:bw=19,experts=[4]; c7:bw=63,experts=[2,3,4,5,6,7]; c14:bw=61,experts=[2,3,4,5,6,7]; c15:bw=55,experts=[2,4,5,6,7]; c18:bw=58,experts=[2,4,5,6,7]; c10:bw=33,experts=[4,6,7]; c5:bw=62,experts=[0,2,4,5,6,7]; c17:bw=35,experts=[1,4,5]; c3:bw=24,experts=[4,6]; c13:bw=32,experts=[4,5,6]; c0:bw=47,experts=[3,4,6,7]; c16:bw=36,experts=[4,6,7]; c8:bw=33,experts=[0,1,4]; c2:bw=15,experts=[1]; c12:bw=35,experts=[4,6,7]","3.7188,2.0505,2.3935,2.2836,3.6570,3.4329,3.2582,3.9329,2.9589,3.0717,1.2446,1.2986,2.2297,1.4770,4.0746,1.4871,2.1205,2.2679,2.5790,2.4731"
32,2026-09-23 20:28:57,Ours,0.01,2.6721942840685053,21.58,21.58,32,53.3052,0:53.31,51.8677,0.3077,1.1275,1710.2525,28:30.25,20,"12,19,1,5,7,0,6,9,10,17,3,8,11,2,16,4,15,14,18,13",12:49;19:27;1:21;5:36;7:47;0:46;6:27;9:31;10:22;17:28;3:28;8:21;11:27;2:54;16:48;4:49;15:36;14:32;18:35;13:63,"12:[2,4,6,7];19:[1,4];1:[4,5];5:[4,6,7];7:[3,4,6,7];0:[0,4,6,7];6:[4,6];9:[0,4,6];10:[4,6];17:[4,6];3:[4,6];8:[4,6];11:[4,6];2:[2,3,4,6,7];16:[0,4,6,7];4:[2,4,6,7];15:[1,4,6];14:[4,6,7];18:[0,4,6];13:[2,3,4,5,6,7]","c12:bw=49,experts=[2,4,6,7]; c19:bw=27,experts=[1,4]; c1:bw=21,experts=[4,5]; c5:bw=36,experts=[4,6,7]; c7:bw=47,experts=[3,4,6,7]; c0:bw=46,experts=[0,4,6,7]; c6:bw=27,experts=[4,6]; c9:bw=31,experts=[0,4,6]; c10:bw=22,experts=[4,6]; c17:bw=28,experts=[4,6]; c3:bw=28,experts=[4,6]; c8:bw=21,experts=[4,6]; c11:bw=27,experts=[4,6]; c2:bw=54,experts=[2,3,4,6,7]; c16:bw=48,experts=[0,4,6,7]; c4:bw=49,experts=[2,4,6,7]; c15:bw=36,experts=[1,4,6]; c14:bw=32,experts=[4,6,7]; c18:bw=35,experts=[0,4,6]; c13:bw=63,experts=[2,3,4,5,6,7]","2.5139,3.6329,3.7259,1.3061,3.2410,1.4975,2.0352,2.2588,1.2413,2.2380,1.4895,2.2807,2.3617,2.6147,2.1239,3.3364,2.9312,3.8707,3.0632,4.1050"
33,2026-09-23 20:29:50,Ours,0.01,2.676663640091839,21.69,21.69,33,53.3607,0:53.36,51.902,0.3132,1.1432,1763.6336,29:23.63,20,"16,14,11,3,7,15,5,17,0,9,8,1,18,10,12,19,2,4,13,6",16:44;14:37;11:53;3:70;7:52;15:24;5:29;17:59;0:62;9:42;8:50;1:34;18:55;10:46;12:46;19:25;2:24;4:45;13:30;6:37,"16:[4,5,6,7];14:[4,6,7];11:[0,4,5,6,7];3:[0,2,3,4,5,6,7];7:[0,4,5,6,7];15:[4,6];5:[4,6];17:[3,4,5,6,7];0:[0,2,4,5,6,7];9:[2,4,6,7];8:[0,4,5,6,7];1:[4,6,7];18:[0,4,5,6,7];10:[3,4,6,7];12:[4,5,6,7];19:[2,3];2:[4,6];4:[0,4,6,7];13:[0,4,6];6:[4,6,7]","c16:bw=44,experts=[4,5,6,7]; c14:bw=37,experts=[4,6,7]; c11:bw=53,experts=[0,4,5,6,7]; c3:bw=70,experts=[0,2,3,4,5,6,7]; c7:bw=52,experts=[0,4,5,6,7]; c15:bw=24,experts=[4,6]; c5:bw=29,experts=[4,6]; c17:bw=59,experts=[3,4,5,6,7]; c0:bw=62,experts=[0,2,4,5,6,7]; c9:bw=42,experts=[2,4,6,7]; c8:bw=50,experts=[0,4,5,6,7]; c1:bw=34,experts=[4,6,7]; c18:bw=55,experts=[0,4,5,6,7]; c10:bw=46,experts=[3,4,6,7]; c12:bw=46,experts=[4,5,6,7]; c19:bw=25,experts=[2,3]; c2:bw=24,experts=[4,6]; c4:bw=45,experts=[0,4,6,7]; c13:bw=30,experts=[0,4,6]; c6:bw=37,experts=[4,6,7]","2.1405,3.9160,2.3917,1.4918,3.2541,2.9577,1.2979,2.2614,1.4963,2.2512,2.2775,3.6922,3.0663,1.2402,2.4595,3.6204,2.6125,3.3374,4.1071,2.0305"
34,2026-09-23 20:30:44,Ours,0.01,2.637336986939218,23.02,23.02,34,53.5174,0:53.52,52.055,0.3013,1.1588,1817.1711,30:17.17,20,"10,14,18,9,16,8,13,6,11,3,15,0,12,7,2,5,19,4,1,17",10:26;14:66;18:29;9:68;16:54;8:42;13:57;6:48;11:52;3:72;15:10;0:22;12:24;7:32;2:54;5:60;19:50;4:46;1:46;17:16,"10:[1,4];14:[0,2,3,4,6,7];18:[4,6];9:[0,2,3,4,6,7];16:[0,2,4,6,7];8:[0,4,6,7];13:[0,4,5,6,7];6:[3,4,6,7];11:[1,4,5,6,7];3:[0,2,3,4,5,6,7];15:[4];0:[1,4];12:[4,6];7:[4,6,7];2:[0,2,4,6,7];5:[0,1,4,5,6,7];19:[0,4,5,6,7];4:[3,4,6,7];1:[0,4,6,7];17:[4]","c10:bw=26,experts=[1,4]; c14:bw=66,experts=[0,2,3,4,6,7]; c18:bw=29,experts=[4,6]; c9:bw=68,experts=[0,2,3,4,6,7]; c16:bw=54,experts=[0,2,4,6,7]; c8:bw=42,experts=[0,4,6,7]; c13:bw=57,experts=[0,4,5,6,7]; c6:bw=48,experts=[3,4,6,7]; c11:bw=52,experts=[1,4,5,6,7]; c3:bw=72,experts=[0,2,3,4,5,6,7]; c15:bw=10,experts=[4]; c0:bw=22,experts=[1,4]; c12:bw=24,experts=[4,6]; c7:bw=32,experts=[4,6,7]; c2:bw=54,experts=[0,2,4,6,7]; c5:bw=60,experts=[0,1,4,5,6,7]; c19:bw=50,experts=[0,4,5,6,7]; c4:bw=46,experts=[3,4,6,7]; c1:bw=46,experts=[0,4,6,7]; c17:bw=16,experts=[4]","1.2447,3.9523,3.0689,2.2782,2.1462,2.2949,4.1567,2.0559,2.3930,1.4922,2.9481,1.4841,2.4644,3.2169,2.6279,1.3061,3.6425,3.3413,3.7081,2.2327"
35,2026-09-23 20:31:37,Ours,0.01,2.66334480224074,23.98,23.98,35,53.3398,0:53.34,51.8886,0.3107,1.138,1870.5325,31:10.53,20,"10,19,8,12,5,0,13,4,7,3,15,1,14,17,2,16,9,6,11,18",10:57;19:22;8:50;12:22;5:41;0:20;13:48;4:33;7:48;3:24;15:47;1:31;14:20;17:32;2:46;16:10;9:27;6:44;11:69;18:51,"10:[0,4,5,6,7];19:[4,6];8:[2,4,5,6,7];12:[4,6];5:[4,5,6,7];0:[4,6];13:[3,4,6,7];4:[4,6,7];7:[1,4,6,7];3:[1,4];15:[4,5,6,7];1:[1,2,3];14:[4,6];17:[4,6,7];2:[4,5,6,7];16:[1];9:[4,6];6:[1,4,5,6];11:[2,3,4,5,6,7];18:[1,3,4,6,7]","c10:bw=57,experts=[0,4,5,6,7]; c19:bw=22,experts=[4,6]; c8:bw=50,experts=[2,4,5,6,7]; c12:bw=22,experts=[4,6]; c5:bw=41,experts=[4,5,6,7]; c0:bw=20,experts=[4,6]; c13:bw=48,experts=[3,4,6,7]; c4:bw=33,experts=[4,6,7]; c7:bw=48,experts=[1,4,6,7]; c3:bw=24,experts=[1,4]; c15:bw=47,experts=[4,5,6,7]; c1:bw=31,experts=[1,2,3]; c14:bw=20,experts=[4,6]; c17:bw=32,experts=[4,6,7]; c2:bw=46,experts=[4,5,6,7]; c16:bw=10,experts=[1]; c9:bw=27,experts=[4,6]; c6:bw=44,experts=[1,4,5,6]; c11:bw=69,experts=[2,3,4,5,6,7]; c18:bw=51,experts=[1,3,4,6,7]","1.2534,3.6621,2.3036,2.4779,1.3084,1.4909,4.1189,3.3535,3.2658,1.4767,2.9321,3.7109,3.8617,2.2375,2.6092,2.0949,2.2517,2.0288,2.3877,3.0630"
36,2026-09-23 20:32:31,Ours,0.01,2.6331913106597686,25.27,25.27,36,53.3087,0:53.31,51.8516,0.3094,1.1453,1923.8627,32:03.86,20,"10,8,1,18,7,6,2,3,15,14,19,4,13,12,11,9,17,5,0,16",10:56;8:51;1:10;18:11;7:27;6:43;2:50;3:60;15:68;14:18;19:48;4:74;13:47;12:35;11:33;9:37;17:49;5:49;0:36;16:10,"10:[0,2,4,6,7];8:[0,2,4,6,7];1:[4];18:[4];7:[4,6];6:[0,4,6,7];2:[0,2,4,6,7];3:[0,2,4,5,6,7];15:[0,2,4,5,6,7];14:[4];19:[3,4,6,7];4:[0,2,3,4,5,6,7];13:[1,4,6,7];12:[1,4,6];11:[4,6,7];9:[4,6,7];17:[2,4,6,7];5:[0,4,6,7];0:[4,6,7];16:[3]","c10:bw=56,experts=[0,2,4,6,7]; c8:bw=51,experts=[0,2,4,6,7]; c1:bw=10,experts=[4]; c18:bw=11,experts=[4]; c7:bw=27,experts=[4,6]; c6:bw=43,experts=[0,4,6,7]; c2:bw=50,experts=[0,2,4,6,7]; c3:bw=60,experts=[0,2,4,5,6,7]; c15:bw=68,experts=[0,2,4,5,6,7]; c14:bw=18,experts=[4]; c19:bw=48,experts=[3,4,6,7]; c4:bw=74,experts=[0,2,3,4,5,6,7]; c13:bw=47,experts=[1,4,6,7]; c12:bw=35,experts=[1,4,6]; c11:bw=33,experts=[4,6,7]; c9:bw=37,experts=[4,6,7]; c17:bw=49,experts=[2,4,6,7]; c5:bw=49,experts=[0,4,6,7]; c0:bw=36,experts=[4,6,7]; c16:bw=10,experts=[3]","1.2555,2.2949,3.7141,3.0432,3.2172,2.0431,2.6452,1.4904,2.9405,3.8643,3.6469,3.3585,4.1222,2.4631,2.3707,2.2650,2.2337,1.3008,1.4862,2.0961"
37,2026-09-23 20:33:25,Ours,0.01,2.575823707850587,25.95,25.95,37,54.1689,0:54.17,52.7042,0.3076,1.1548,1978.0534,32:58.05,20,"7,11,15,17,9,1,3,10,19,6,2,12,5,4,0,18,14,13,16,8",7:42;11:63;15:51;17:56;9:40;1:18;3:36;10:58;19:42;6:65;2:36;12:49;5:39;4:39;0:54;18:10;14:28;13:12;16:31;8:10,"7:[4,5,6,7];11:[0,2,4,5,6,7];15:[0,3,4,6,7];17:[3,4,5,6,7];9:[2,4,6,7];1:[4];3:[4,6,7];10:[2,4,5,6,7];19:[0,4,6,7];6:[0,2,4,5,6,7];2:[4,6,7];12:[4,5,6,7];5:[4,6,7];4:[1,4,6];0:[0,2,4,6,7];18:[4];14:[1,4];13:[4];16:[4,6,7];8:[4]","c7:bw=42,experts=[4,5,6,7]; c11:bw=63,experts=[0,2,4,5,6,7]; c15:bw=51,experts=[0,3,4,6,7]; c17:bw=56,experts=[3,4,5,6,7]; c9:bw=40,experts=[2,4,6,7]; c1:bw=18,experts=[4]; c3:bw=36,experts=[4,6,7]; c10:bw=58,experts=[2,4,5,6,7]; c19:bw=42,experts=[0,4,6,7]; c6:bw=65,experts=[0,2,4,5,6,7]; c2:bw=36,experts=[4,6,7]; c12:bw=49,experts=[4,5,6,7]; c5:bw=39,experts=[4,6,7]; c4:bw=39,experts=[1,4,6]; c0:bw=54,experts=[0,2,4,6,7]; c18:bw=10,experts=[4]; c14:bw=28,experts=[1,4]; c13:bw=12,experts=[4]; c16:bw=31,experts=[4,6,7]; c8:bw=10,experts=[4]","3.2600,2.3880,2.9842,2.2696,2.3567,3.7059,1.4883,1.2500,3.6540,2.1054,2.7537,2.5747,1.3485,3.4545,1.5640,3.1389,3.9596,4.0700,2.1143,2.2640"
38,2026-09-23 20:34:18,Ours,0.01,2.6129829135924476,26.56,26.56,38,53.3096,0:53.31,51.8476,0.2993,1.1604,2031.3838,33:51.38,20,"2,12,1,9,6,18,13,14,16,11,15,0,5,10,19,8,4,17,7,3",2:10;12:47;1:31;9:26;6:17;18:44;13:63;14:41;16:38;11:17;15:12;0:40;5:10;10:39;19:61;8:46;4:52;17:41;7:51;3:38,"2:[4];12:[0,3,4,6];1:[4,6,7];9:[1,5];6:[4];18:[4,5,6,7];13:[0,2,4,5,6,7];14:[4,5,6,7];16:[4,6,7];11:[4];15:[4];0:[4,5,6,7];5:[3];10:[4,6,7];19:[2,3,4,5,6,7];8:[3,4,6,7];4:[2,4,5,6,7];17:[0,4,6,7];7:[2,4,5,6,7];3:[4,6,7]","c2:bw=10,experts=[4]; c12:bw=47,experts=[0,3,4,6]; c1:bw=31,experts=[4,6,7]; c9:bw=26,experts=[1,5]; c6:bw=17,experts=[4]; c18:bw=44,experts=[4,5,6,7]; c13:bw=63,experts=[0,2,4,5,6,7]; c14:bw=41,experts=[4,5,6,7]; c16:bw=38,experts=[4,6,7]; c11:bw=17,experts=[4]; c15:bw=12,experts=[4]; c0:bw=40,experts=[4,5,6,7]; c5:bw=10,experts=[3]; c10:bw=39,experts=[4,6,7]; c19:bw=61,experts=[2,3,4,5,6,7]; c8:bw=46,experts=[3,4,6,7]; c4:bw=52,experts=[2,4,5,6,7]; c17:bw=41,experts=[0,4,6,7]; c7:bw=51,experts=[2,4,5,6,7]; c3:bw=38,experts=[4,6,7]","2.6212,2.4866,3.7324,2.2817,2.0391,3.0763,4.1177,3.8993,2.1260,2.3560,2.9201,1.4917,1.2832,1.2281,3.6489,2.2792,3.3317,2.2421,3.2025,1.4838"
39,2026-09-23 20:35:12,Ours,0.01,2.5701326312257757,26.94,26.94,39,53.3853,0:53.39,51.9332,0.3023,1.1475,2084.7929,34:44.79,20,"3,13,2,11,15,19,0,12,6,18,10,16,7,9,1,8,14,4,17,5",3:26;13:49;2:36;11:51;15:30;19:18;0:10;12:49;6:31;18:25;10:24;16:29;7:40;9:24;1:45;8:45;14:57;4:36;17:42;5:75,"3:[4,6];13:[4,5,6,7];2:[1,4,6];11:[0,4,5,6,7];15:[4,6,7];19:[4];0:[3];12:[4,5,6,7];6:[4,6,7];18:[2,4];10:[4,6];16:[4,6];7:[4,5,6,7];9:[4,6];1:[4,5,6,7];8:[1,4,6,7];14:[2,4,5,6,7];4:[4,6,7];17:[1,4,6,7];5:[0,2,3,4,5,6,7]","c3:bw=26,experts=[4,6]; c13:bw=49,experts=[4,5,6,7]; c2:bw=36,experts=[1,4,6]; c11:bw=51,experts=[0,4,5,6,7]; c15:bw=30,experts=[4,6,7]; c19:bw=18,experts=[4]; c0:bw=10,experts=[3]; c12:bw=49,experts=[4,5,6,7]; c6:bw=31,experts=[4,6,7]; c18:bw=25,experts=[2,4]; c10:bw=24,experts=[4,6]; c16:bw=29,experts=[4,6]; c7:bw=40,experts=[4,5,6,7]; c9:bw=24,experts=[4,6]; c1:bw=45,experts=[4,5,6,7]; c8:bw=45,experts=[1,4,6,7]; c14:bw=57,experts=[2,4,5,6,7]; c4:bw=36,experts=[4,6,7]; c17:bw=42,experts=[1,4,6,7]; c5:bw=75,experts=[0,2,3,4,5,6,7]","1.4848,4.1434,2.6514,2.3885,2.9748,3.6371,1.4947,2.4805,2.0404,3.0499,1.2366,2.1044,3.2256,2.2479,3.7094,2.2940,3.8964,3.3357,2.2417,1.2962"
40,2026-09-23 20:36:05,Ours,0.01,2.516030020738814,27.32,27.32,40,53.403,0:53.40,51.9368,0.3079,1.156,2138.2178,35:38.22,20,"15,3,9,14,13,7,19,11,17,5,6,4,18,2,8,1,0,12,16,10",15:22;3:10;9:40;14:58;13:32;7:66;19:23;11:15;17:30;5:32;6:46;4:19;18:38;2:65;8:26;1:42;0:36;12:42;16:29;10:60,"15:[1,4];3:[4];9:[4,5,6,7];14:[2,4,5,6,7];13:[4,6,7];7:[2,3,4,5,6,7];19:[1,4];11:[4];17:[4,6,7];5:[4,6,7];6:[4,5,6,7];4:[4];18:[4,6,7];2:[2,3,4,5,6,7];8:[4,6];1:[4,5,6,7];0:[4,6,7];12:[2,4,6,7];16:[4,6];10:[0,2,4,5,6,7]","c15:bw=22,experts=[1,4]; c3:bw=10,experts=[4]; c9:bw=40,experts=[4,5,6,7]; c14:bw=58,experts=[2,4,5,6,7]; c13:bw=32,experts=[4,6,7]; c7:bw=66,experts=[2,3,4,5,6,7]; c19:bw=23,experts=[1,4]; c11:bw=15,experts=[4]; c17:bw=30,experts=[4,6,7]; c5:bw=32,experts=[4,6,7]; c6:bw=46,experts=[4,5,6,7]; c4:bw=19,experts=[4]; c18:bw=38,experts=[4,6,7]; c2:bw=65,experts=[2,3,4,5,6,7]; c8:bw=26,experts=[4,6]; c1:bw=42,experts=[4,5,6,7]; c0:bw=36,experts=[4,6,7]; c12:bw=42,experts=[2,4,6,7]; c16:bw=29,experts=[4,6]; c10:bw=60,experts=[0,2,4,5,6,7]","2.9598,1.4885,2.2860,3.9233,4.1157,3.3089,3.6085,2.3756,2.2579,1.2981,2.0320,3.3049,3.0479,2.6271,2.2799,3.6835,1.4992,2.4740,2.1216,1.2444"
41,2026-09-23 20:36:58,Ours,0.01,2.513716489888646,28.77,28.77,41,53.2774,0:53.28,51.8483,0.2827,1.1441,2191.5182,36:31.52,20,"14,11,5,15,6,10,1,7,17,12,3,2,0,8,13,19,16,18,9,4",14:61;11:41;5:61;15:24;6:10;10:42;1:10;7:68;17:52;12:18;3:40;2:54;0:10;8:57;13:45;19:19;16:25;18:10;9:54;4:50,"14:[0,2,4,5,6,7];11:[4,5,6,7];5:[0,2,4,5,6,7];15:[4,6];6:[4];10:[3,4,6,7];1:[4];7:[0,2,4,5,6,7];17:[2,4,5,6,7];12:[4];3:[4,5,6,7];2:[0,4,5,6,7];0:[4];8:[0,4,5,6,7];13:[4,5,6,7];19:[4];16:[4,5];18:[0];9:[0,4,5,6,7];4:[2,4,5,6,7]","c14:bw=61,experts=[0,2,4,5,6,7]; c11:bw=41,experts=[4,5,6,7]; c5:bw=61,experts=[0,2,4,5,6,7]; c15:bw=24,experts=[4,6]; c6:bw=10,experts=[4]; c10:bw=42,experts=[3,4,6,7]; c1:bw=10,experts=[4]; c7:bw=68,experts=[0,2,4,5,6,7]; c17:bw=52,experts=[2,4,5,6,7]; c12:bw=18,experts=[4]; c3:bw=40,experts=[4,5,6,7]; c2:bw=54,experts=[0,4,5,6,7]; c0:bw=10,experts=[4]; c8:bw=57,experts=[0,4,5,6,7]; c13:bw=45,experts=[4,5,6,7]; c19:bw=19,experts=[4]; c16:bw=25,experts=[4,5]; c18:bw=10,experts=[0]; c9:bw=54,experts=[0,4,5,6,7]; c4:bw=50,experts=[2,4,5,6,7]","3.9378,2.3949,1.2966,2.9555,2.0493,1.2554,3.6888,3.2222,2.2493,2.4547,1.4816,2.6313,1.4863,2.2915,4.1060,3.6196,2.1068,3.0462,2.2553,3.3192"
42,2026-09-23 20:37:52,Ours,0.01,2.595958373644687,28.78,28.78,42,53.426,0:53.43,51.9635,0.2943,1.1659,2244.967,37:24.97,20,"12,9,3,7,19,1,15,14,13,6,16,8,10,4,18,5,0,11,17,2",12:22;9:51;3:48;7:20;19:63;1:49;15:31;14:13;13:33;6:34;16:10;8:42;10:15;4:55;18:14;5:50;0:15;11:59;17:32;2:40,"12:[4,6];9:[3,4,5,6,7];3:[3,4,6,7];7:[4,6];19:[0,2,4,5,6,7];1:[0,4,6,7];15:[4,6,7];14:[3];13:[4,6,7];6:[3,4,6];16:[0];8:[4,5,6,7];10:[1];4:[2,4,5,6,7];18:[4];5:[1,4,5,6,7];0:[1];11:[1,2,4,6,7];17:[4,6,7];2:[4,5,6,7]","c12:bw=22,experts=[4,6]; c9:bw=51,experts=[3,4,5,6,7]; c3:bw=48,experts=[3,4,6,7]; c7:bw=20,experts=[4,6]; c19:bw=63,experts=[0,2,4,5,6,7]; c1:bw=49,experts=[0,4,6,7]; c15:bw=31,experts=[4,6,7]; c14:bw=13,experts=[3]; c13:bw=33,experts=[4,6,7]; c6:bw=34,experts=[3,4,6]; c16:bw=10,experts=[0]; c8:bw=42,experts=[4,5,6,7]; c10:bw=15,experts=[1]; c4:bw=55,experts=[2,4,5,6,7]; c18:bw=14,experts=[4]; c5:bw=50,experts=[1,4,5,6,7]; c0:bw=15,experts=[1]; c11:bw=59,experts=[1,2,4,6,7]; c17:bw=32,experts=[4,6,7]; c2:bw=40,experts=[4,5,6,7]","2.4697,2.2704,1.5039,3.2407,3.6465,3.7183,2.9561,3.9130,4.1074,2.0396,2.1125,2.2907,1.2295,3.3203,3.0391,1.2860,1.4937,2.3768,2.2441,2.7051"
43,2026-09-23 20:38:45,Ours,0.01,2.5612336060633183,29.9,29.9,43,53.3107,0:53.31,51.7802,0.3751,1.1531,2298.3007,38:18.30,20,"4,9,7,12,11,14,6,0,18,8,3,15,2,10,13,16,19,17,5,1",4:34;9:32;7:21;12:10;11:55;14:66;6:12;0:21;18:24;8:45;3:65;15:14;2:51;10:37;13:16;16:21;19:54;17:47;5:53;1:58,"4:[4,6,7];9:[4,6,7];7:[1,4];12:[4];11:[3,4,5,6,7];14:[0,2,4,5,6,7];6:[1];0:[4,6];18:[1,3];8:[4,5,6,7];3:[1,2,4,5,6,7];15:[4];2:[2,4,5,6,7];10:[4,6,7];13:[3];16:[1,2];19:[0,4,5,6,7];17:[4,5,6,7];5:[0,4,5,6,7];1:[1,2,3,4,6]","c4:bw=34,experts=[4,6,7]; c9:bw=32,experts=[4,6,7]; c7:bw=21,experts=[1,4]; c12:bw=10,experts=[4]; c11:bw=55,experts=[3,4,5,6,7]; c14:bw=66,experts=[0,2,4,5,6,7]; c6:bw=12,experts=[1]; c0:bw=21,experts=[4,6]; c18:bw=24,experts=[1,3]; c8:bw=45,experts=[4,5,6,7]; c3:bw=65,experts=[1,2,4,5,6,7]; c15:bw=14,experts=[4]; c2:bw=51,experts=[2,4,5,6,7]; c10:bw=37,experts=[4,6,7]; c13:bw=16,experts=[3]; c16:bw=21,experts=[1,2]; c19:bw=54,experts=[0,4,5,6,7]; c17:bw=47,experts=[4,5,6,7]; c5:bw=53,experts=[0,4,5,6,7]; c1:bw=58,experts=[1,2,3,4,6]","3.3851,2.2634,3.2297,2.4596,2.4094,3.9104,2.0343,1.5016,3.0743,2.2881,1.4813,2.9245,2.6148,1.2386,4.0481,2.0956,3.6174,2.2410,1.2895,3.6735"
44,2026-09-23 20:39:38,Ours,0.01,2.458049951487079,30.24,30.24,44,53.3037,0:53.30,51.8506,0.3029,1.1478,2351.6281,39:11.63,20,"12,15,13,6,2,17,8,10,14,5,1,4,7,19,11,0,18,16,9,3",12:40;15:50;13:28;6:20;2:37;17:12;8:34;10:56;14:65;5:24;1:45;4:29;7:75;19:10;11:16;0:66;18:54;16:76;9:37;3:47,"12:[1,4,6,7];15:[2,4,5,6,7];13:[1,4];6:[4,6];2:[4,6,7];17:[4];8:[2,4,6];10:[0,4,5,6,7];14:[0,2,4,5,6,7];5:[4,6];1:[4,5,6,7];4:[0,3];7:[0,2,3,4,5,6,7];19:[4];11:[4];0:[0,2,4,5,6,7];18:[2,4,5,6,7];16:[0,2,3,4,5,6,7];9:[4,6,7];3:[0,4,6,7]","c12:bw=40,experts=[1,4,6,7]; c15:bw=50,experts=[2,4,5,6,7]; c13:bw=28,experts=[1,4]; c6:bw=20,experts=[4,6]; c2:bw=37,experts=[4,6,7]; c17:bw=12,experts=[4]; c8:bw=34,experts=[2,4,6]; c10:bw=56,experts=[0,4,5,6,7]; c14:bw=65,experts=[0,2,4,5,6,7]; c5:bw=24,experts=[4,6]; c1:bw=45,experts=[4,5,6,7]; c4:bw=29,experts=[0,3]; c7:bw=75,experts=[0,2,3,4,5,6,7]; c19:bw=10,experts=[4]; c11:bw=16,experts=[4]; c0:bw=66,experts=[0,2,4,5,6,7]; c18:bw=54,experts=[2,4,5,6,7]; c16:bw=76,experts=[0,2,3,4,5,6,7]; c9:bw=37,experts=[4,6,7]; c3:bw=47,experts=[0,4,6,7]","2.4968,2.9728,4.1247,2.0379,2.6350,2.2452,2.2983,1.2511,3.9034,1.3093,3.6849,3.3251,3.2374,3.5857,2.3505,1.4891,3.0430,2.1384,2.2397,1.4824"
45,2026-09-23 20:40:32,Ours,0.01,2.4764233585848436,30.59,30.59,45,53.2518,0:53.25,51.8075,0.2974,1.1446,2404.9041,40:04.90,20,"12,0,11,5,6,1,4,17,9,2,8,13,19,16,3,7,18,10,15,14",12:61;0:36;11:53;5:44;6:10;1:56;4:64;17:10;9:25;2:49;8:55;13:53;19:67;16:54;3:67;7:36;18:16;10:42;15:33;14:41,"12:[0,2,4,5,6,7];0:[4,6,7];11:[0,4,5,6,7];5:[4,5,6,7];6:[0];1:[0,4,5,6,7];4:[0,1,4,5,6,7];17:[3];9:[2,4];2:[0,4,6,7];8:[0,4,5,6,7];13:[3,4,5,6,7];19:[0,2,4,5,6,7];16:[0,4,5,6,7];3:[0,2,4,5,6,7];7:[4,6,7];18:[4];10:[4,5,6,7];15:[0,3,4];14:[1,4,6,7]","c12:bw=61,experts=[0,2,4,5,6,7]; c0:bw=36,experts=[4,6,7]; c11:bw=53,experts=[0,4,5,6,7]; c5:bw=44,experts=[4,5,6,7]; c6:bw=10,experts=[0]; c1:bw=56,experts=[0,4,5,6,7]; c4:bw=64,experts=[0,1,4,5,6,7]; c17:bw=10,experts=[3]; c9:bw=25,experts=[2,4]; c2:bw=49,experts=[0,4,6,7]; c8:bw=55,experts=[0,4,5,6,7]; c13:bw=53,experts=[3,4,5,6,7]; c19:bw=67,experts=[0,2,4,5,6,7]; c16:bw=54,experts=[0,4,5,6,7]; c3:bw=67,experts=[0,2,4,5,6,7]; c7:bw=36,experts=[4,6,7]; c18:bw=16,experts=[4]; c10:bw=42,experts=[4,5,6,7]; c15:bw=33,experts=[0,3,4]; c14:bw=41,experts=[1,4,6,7]","2.4931,1.5042,2.4015,1.3000,2.0239,3.7108,3.3364,2.2218,2.2602,2.6370,2.2915,4.1210,3.6247,2.1176,1.4777,3.2022,3.0191,1.2429,2.9296,3.8923"
46,2026-09-23 20:41:26,Ours,0.01,2.4431931160464075,30.77,30.77,46,54.1317,0:54.13,52.6683,0.3136,1.1475,2459.0602,40:59.06,20,"7,3,16,14,2,6,12,10,13,15,1,18,11,8,19,0,5,9,17,4",7:28;3:27;16:28;14:39;2:57;6:39;12:53;10:59;13:50;15:14;1:41;18:44;11:38;8:39;19:10;0:55;5:41;9:37;17:15;4:64,"7:[4,6];3:[4,6];16:[4,6];14:[4,6,7];2:[2,4,5,6,7];6:[2,4,6];12:[3,4,5,6,7];10:[0,4,5,6,7];13:[0,2,4,6,7];15:[4];1:[4,5,6,7];18:[4,5,6,7];11:[4,6,7];8:[3,4,6];19:[3];0:[0,4,5,6,7];5:[4,5,6,7];9:[1,4,6];17:[0];4:[0,2,4,5,6,7]","c7:bw=28,experts=[4,6]; c3:bw=27,experts=[4,6]; c16:bw=28,experts=[4,6]; c14:bw=39,experts=[4,6,7]; c2:bw=57,experts=[2,4,5,6,7]; c6:bw=39,experts=[2,4,6]; c12:bw=53,experts=[3,4,5,6,7]; c10:bw=59,experts=[0,4,5,6,7]; c13:bw=50,experts=[0,2,4,6,7]; c15:bw=14,experts=[4]; c1:bw=41,experts=[4,5,6,7]; c18:bw=44,experts=[4,5,6,7]; c11:bw=38,experts=[4,6,7]; c8:bw=39,experts=[3,4,6]; c19:bw=10,experts=[3]; c0:bw=55,experts=[0,4,5,6,7]; c5:bw=41,experts=[4,5,6,7]; c9:bw=37,experts=[1,4,6]; c17:bw=15,experts=[0]; c4:bw=64,experts=[0,2,4,5,6,7]","3.2580,1.4821,2.1368,3.9366,2.6329,2.0248,2.4713,1.2417,4.0988,3.0728,3.8491,3.2184,2.4745,2.3777,3.7543,1.5193,1.2976,2.2488,2.2325,3.3404"
47,2026-09-23 20:42:19,Ours,0.01,2.384272899001439,31.85,31.85,47,53.5063,0:53.51,52.0715,0.2975,1.1349,2512.5916,41:52.59,20,"11,18,10,13,15,8,4,1,14,6,9,5,17,19,12,2,16,7,0,3",11:39;18:10;10:51;13:33;15:42;8:39;4:10;1:30;14:24;6:22;9:17;5:52;17:20;19:28;12:15;2:54;16:68;7:53;0:46;3:70,"11:[4,6,7];18:[4];10:[0,4,5,6,7];13:[4,6,7];15:[0,4,6,7];8:[1,4,6];4:[4];1:[4,6,7];14:[4,6];6:[4,6];9:[4];5:[0,3,4,6,7];17:[1,4];19:[4,6];12:[4];2:[0,1,4,6,7];16:[0,2,4,5,6,7];7:[0,4,5,6,7];0:[3,4,6,7];3:[0,2,3,4,5,6,7]","c11:bw=39,experts=[4,6,7]; c18:bw=10,experts=[4]; c10:bw=51,experts=[0,4,5,6,7]; c13:bw=33,experts=[4,6,7]; c15:bw=42,experts=[0,4,6,7]; c8:bw=39,experts=[1,4,6]; c4:bw=10,experts=[4]; c1:bw=30,experts=[4,6,7]; c14:bw=24,experts=[4,6]; c6:bw=22,experts=[4,6]; c9:bw=17,experts=[4]; c5:bw=52,experts=[0,3,4,6,7]; c17:bw=20,experts=[1,4]; c19:bw=28,experts=[4,6]; c12:bw=15,experts=[4]; c2:bw=54,experts=[0,1,4,6,7]; c16:bw=68,experts=[0,2,4,5,6,7]; c7:bw=53,experts=[0,4,5,6,7]; c0:bw=46,experts=[3,4,6,7]; c3:bw=70,experts=[0,2,3,4,5,6,7]","2.3839,3.1237,1.2641,4.1389,2.9770,2.3005,3.3479,3.7138,4.0575,2.0222,2.2423,1.3012,2.2189,3.6062,2.4503,2.6129,2.1227,3.2122,1.5034,1.4721"
48,2026-09-23 20:43:13,Ours,0.01,2.39605923277416,32.25,32.25,48,53.3168,0:53.32,51.8376,0.309,1.1679,2565.9325,42:45.93,20,"16,7,8,17,3,4,0,6,15,19,5,9,1,12,11,18,10,13,14,2",16:10;7:62;8:50;17:38;3:18;4:67;0:16;6:45;15:64;19:45;5:55;9:52;1:50;12:31;11:32;18:62;10:12;13:50;14:10;2:57,"16:[4];7:[0,2,4,5,6,7];8:[0,4,5,6,7];17:[4,6,7];3:[4];4:[0,2,3,4,6,7];0:[4];6:[4,5,6,7];15:[0,1,4,5,6,7];19:[1,4,6,7];5:[0,4,5,6,7];9:[0,4,5,6,7];1:[0,4,5,6,7];12:[4,6,7];11:[4,6,7];18:[0,2,4,5,6,7];10:[2];13:[0,4,5,6,7];14:[4];2:[0,3,4,6,7]","c16:bw=10,experts=[4]; c7:bw=62,experts=[0,2,4,5,6,7]; c8:bw=50,experts=[0,4,5,6,7]; c17:bw=38,experts=[4,6,7]; c3:bw=18,experts=[4]; c4:bw=67,experts=[0,2,3,4,6,7]; c0:bw=16,experts=[4]; c6:bw=45,experts=[4,5,6,7]; c15:bw=64,experts=[0,1,4,5,6,7]; c19:bw=45,experts=[1,4,6,7]; c5:bw=55,experts=[0,4,5,6,7]; c9:bw=52,experts=[0,4,5,6,7]; c1:bw=50,experts=[0,4,5,6,7]; c12:bw=31,experts=[4,6,7]; c11:bw=32,experts=[4,6,7]; c18:bw=62,experts=[0,2,4,5,6,7]; c10:bw=12,experts=[2]; c13:bw=50,experts=[0,4,5,6,7]; c14:bw=10,experts=[4]; c2:bw=57,experts=[0,3,4,6,7]","2.1350,3.2432,2.3026,2.2574,1.4773,3.3605,1.4860,2.0540,2.9453,3.7253,1.2831,2.2420,3.6745,2.4676,2.3670,3.0437,1.2342,4.0776,3.8288,2.6324"
49,2026-09-23 20:44:06,Ours,0.01,2.3578180457916424,32.97,32.97,49,53.162,0:53.16,51.7058,0.2995,1.1544,2619.1192,43:39.12,20,"7,4,0,10,17,5,15,18,1,13,2,9,14,8,3,12,19,11,6,16",7:44;4:48;0:20;10:64;17:30;5:56;15:42;18:32;1:54;13:39;2:58;9:53;14:58;8:26;3:32;12:37;19:10;11:38;6:13;16:30,"7:[4,5,6,7];4:[3,4,6,7];0:[4,6];10:[0,3,4,5,6,7];17:[2,4,6];5:[0,2,4,6,7];15:[0,4,6,7];18:[4,6,7];1:[0,4,5,6,7];13:[4,6,7];2:[0,4,5,6,7];9:[0,4,5,6,7];14:[0,4,5,6,7];8:[4,6];3:[4,6,7];12:[4,6,7];19:[4];11:[4,6,7];6:[4];16:[4,6,7]","c7:bw=44,experts=[4,5,6,7]; c4:bw=48,experts=[3,4,6,7]; c0:bw=20,experts=[4,6]; c10:bw=64,experts=[0,3,4,5,6,7]; c17:bw=30,experts=[2,4,6]; c5:bw=56,experts=[0,2,4,6,7]; c15:bw=42,experts=[0,4,6,7]; c18:bw=32,experts=[4,6,7]; c1:bw=54,experts=[0,4,5,6,7]; c13:bw=39,experts=[4,6,7]; c2:bw=58,experts=[0,4,5,6,7]; c9:bw=53,experts=[0,4,5,6,7]; c14:bw=58,experts=[0,4,5,6,7]; c8:bw=26,experts=[4,6]; c3:bw=32,experts=[4,6,7]; c12:bw=37,experts=[4,6,7]; c19:bw=10,experts=[4]; c11:bw=38,experts=[4,6,7]; c6:bw=13,experts=[4]; c16:bw=30,experts=[4,6,7]","3.2310,3.3559,1.5033,1.2518,2.2497,1.3079,2.9663,3.0660,3.7269,4.0993,2.6207,2.2650,3.8636,2.2607,1.4599,2.4536,3.5710,2.3506,1.9953,2.1074"
50,2026-09-23 20:45:02,Ours,0.01,2.3297705287905606,33.55,33.55,50,56.4539,0:56.45,55.0017,0.2876,1.1624,2675.5977,44:35.60,20,"2,6,14,12,13,17,11,0,16,15,7,10,1,19,3,5,4,8,9,18",2:63;6:68;14:23;12:34;13:37;17:33;11:57;0:29;16:27;15:31;7:34;10:23;1:64;19:43;3:39;5:31;4:10;8:32;9:27;18:44,"2:[0,2,4,5,6,7];6:[0,3,4,5,6,7];14:[3,4];12:[4,6,7];13:[4,6,7];17:[4,6,7];11:[1,2,4,6,7];0:[1,4];16:[4,6];15:[4,6,7];7:[4,6,7];10:[1,4];1:[0,2,4,5,6,7];19:[4,5,6,7];3:[4,6,7];5:[1,4,6];4:[4];8:[4,6,7];9:[3,4];18:[4,5,6,7]","c2:bw=63,experts=[0,2,4,5,6,7]; c6:bw=68,experts=[0,3,4,5,6,7]; c14:bw=23,experts=[3,4]; c12:bw=34,experts=[4,6,7]; c13:bw=37,experts=[4,6,7]; c17:bw=33,experts=[4,6,7]; c11:bw=57,experts=[1,2,4,6,7]; c0:bw=29,experts=[1,4]; c16:bw=27,experts=[4,6]; c15:bw=31,experts=[4,6,7]; c7:bw=34,experts=[4,6,7]; c10:bw=23,experts=[1,4]; c1:bw=64,experts=[0,2,4,5,6,7]; c19:bw=43,experts=[4,5,6,7]; c3:bw=39,experts=[4,6,7]; c5:bw=31,experts=[1,4,6]; c4:bw=10,experts=[4]; c8:bw=32,experts=[4,6,7]; c9:bw=27,experts=[3,4]; c18:bw=44,experts=[4,5,6,7]","2.6488,2.0448,3.8890,2.4773,4.1192,2.2597,2.4976,1.8343,2.6448,3.4066,3.8745,1.5667,4.4208,3.6519,1.4767,1.2920,3.2958,2.2705,2.2489,3.0817"
51,2026-09-23 20:45:56,Ours,0.01,2.3311467999671778,34.19,34.19,51,53.7878,0:53.79,52.2925,0.3124,1.1807,2729.4111,45:29.41,20,"0,9,11,16,13,19,17,1,5,12,18,4,7,14,2,6,8,10,3,15",0:53;9:18;11:60;16:30;13:40;19:10;17:43;1:21;5:47;12:43;18:37;4:11;7:27;14:30;2:20;6:52;8:46;10:37;3:55;15:57,"0:[0,4,5,6,7];9:[4];11:[0,3,4,5,6,7];16:[1,4,6];13:[4,5,6,7];19:[4];17:[4,5,6,7];1:[1,3];5:[0,4,6,7];12:[4,5,6,7];18:[1,3,4];4:[4];7:[1,4];14:[4,6,7];2:[4,6];6:[1,4,5,6,7];8:[4,5,6,7];10:[4,6,7];3:[1,4,5,6,7];15:[0,4,5,6,7]","c0:bw=53,experts=[0,4,5,6,7]; c9:bw=18,experts=[4]; c11:bw=60,experts=[0,3,4,5,6,7]; c16:bw=30,experts=[1,4,6]; c13:bw=40,experts=[4,5,6,7]; c19:bw=10,experts=[4]; c17:bw=43,experts=[4,5,6,7]; c1:bw=21,experts=[1,3]; c5:bw=47,experts=[0,4,6,7]; c12:bw=43,experts=[4,5,6,7]; c18:bw=37,experts=[1,3,4]; c4:bw=11,experts=[4]; c7:bw=27,experts=[1,4]; c14:bw=30,experts=[4,6,7]; c2:bw=20,experts=[4,6]; c6:bw=52,experts=[1,4,5,6,7]; c8:bw=46,experts=[4,5,6,7]; c10:bw=37,experts=[4,6,7]; c3:bw=55,experts=[1,4,5,6,7]; c15:bw=57,experts=[0,4,5,6,7]","1.5142,2.2535,2.4108,2.1413,4.1855,3.6441,2.2721,3.7218,1.3012,2.4675,3.0731,3.5514,3.3481,3.8764,2.5964,2.0223,2.2703,1.2341,1.4729,2.9354"
52,2026-09-23 20:46:50,Ours,0.01,2.3733278771761976,34.89,34.89,52,53.3248,0:53.32,51.8822,0.2996,1.1407,2782.7618,46:22.76,20,"6,17,15,8,0,19,12,3,13,18,4,11,2,9,7,10,14,1,5,16",6:51;17:19;15:31;8:18;0:46;19:46;12:10;3:43;13:23;18:49;4:33;11:60;2:29;9:31;7:34;10:31;14:42;1:40;5:24;16:59,"6:[0,4,5,6,7];17:[4];15:[2,4,6];8:[2];0:[2,4,6,7];19:[0,4,6,7];12:[1];3:[0,4,6,7];13:[1,4];18:[4,5,6,7];4:[4,6,7];11:[0,2,4,5,6,7];2:[4,6];9:[4,6,7];7:[3,4,6];10:[4,6,7];14:[2,4,6,7];1:[4,5,6,7];5:[4,6];16:[0,3,4,6,7]","c6:bw=51,experts=[0,4,5,6,7]; c17:bw=19,experts=[4]; c15:bw=31,experts=[2,4,6]; c8:bw=18,experts=[2]; c0:bw=46,experts=[2,4,6,7]; c19:bw=46,experts=[0,4,6,7]; c12:bw=10,experts=[1]; c3:bw=43,experts=[0,4,6,7]; c13:bw=23,experts=[1,4]; c18:bw=49,experts=[4,5,6,7]; c4:bw=33,experts=[4,6,7]; c11:bw=60,experts=[0,2,4,5,6,7]; c2:bw=29,experts=[4,6]; c9:bw=31,experts=[4,6,7]; c7:bw=34,experts=[3,4,6]; c10:bw=31,experts=[4,6,7]; c14:bw=42,experts=[2,4,6,7]; c1:bw=40,experts=[4,5,6,7]; c5:bw=24,experts=[4,6]; c16:bw=59,experts=[0,3,4,6,7]","2.0558,2.2534,2.9721,2.2864,1.5107,3.6479,2.4671,1.4836,4.1008,3.1048,3.3424,2.3797,2.6133,2.2515,3.1945,1.2494,3.8852,3.6771,1.2804,2.1260"
53,2026-09-23 20:47:43,Ours,0.01,2.315156265503236,35.04,35.04,53,53.2662,0:53.27,51.7997,0.2967,1.1675,2836.0539,47:16.05,20,"11,9,8,12,6,15,7,1,16,18,2,19,3,10,17,4,5,13,0,14",11:11;9:61;8:22;12:45;6:36;15:27;7:44;1:59;16:44;18:17;2:51;19:10;3:47;10:52;17:28;4:28;5:44;13:10;0:39;14:34,"11:[4];9:[0,2,4,5,6,7];8:[4,6];12:[0,2,4,6];6:[4,6,7];15:[3,4];7:[0,4,6,7];1:[0,4,5,6,7];16:[4,5,6,7];18:[4];2:[0,4,5,6,7];19:[2];3:[0,4,6,7];10:[0,4,5,6,7];17:[3,4];4:[1,4];5:[0,4,6,7];13:[3];0:[4,6,7];14:[1,4,6]","c11:bw=11,experts=[4]; c9:bw=61,experts=[0,2,4,5,6,7]; c8:bw=22,experts=[4,6]; c12:bw=45,experts=[0,2,4,6]; c6:bw=36,experts=[4,6,7]; c15:bw=27,experts=[3,4]; c7:bw=44,experts=[0,4,6,7]; c1:bw=59,experts=[0,4,5,6,7]; c16:bw=44,experts=[4,5,6,7]; c18:bw=17,experts=[4]; c2:bw=51,experts=[0,4,5,6,7]; c19:bw=10,experts=[2]; c3:bw=47,experts=[0,4,6,7]; c10:bw=52,experts=[0,4,5,6,7]; c17:bw=28,experts=[3,4]; c4:bw=28,experts=[1,4]; c5:bw=44,experts=[0,4,6,7]; c13:bw=10,experts=[3]; c0:bw=39,experts=[4,6,7]; c14:bw=34,experts=[1,4,6]","2.3809,2.2665,2.2783,2.4685,2.0260,2.9579,3.2020,3.7310,2.1380,3.0693,2.6367,3.6034,1.4795,1.2529,2.2426,3.3082,1.2971,4.0790,1.4939,3.8879"
54,2026-09-23 20:48:36,Ours,0.01,2.2788263259588923,35.29,35.29,54,53.3477,0:53.35,51.9223,0.282,1.1411,2889.4289,48:09.43,20,"11,13,3,18,16,14,9,12,2,6,5,19,10,15,17,8,4,0,1,7",11:58;13:55;3:30;18:33;16:10;14:33;9:50;12:74;2:10;6:54;5:10;19:21;10:10;15:32;17:27;8:55;4:32;0:37;1:53;7:61,"11:[1,3,4,6,7];13:[2,4,5,6,7];3:[4,6,7];18:[4,6,7];16:[4];14:[4,6,7];9:[1,4,5,6,7];12:[0,2,3,4,5,6,7];2:[4];6:[0,2,4,6,7];5:[4];19:[3,4];10:[4];15:[4,6,7];17:[0,4];8:[3,4,5,6,7];4:[4,5,6];0:[4,6,7];1:[0,4,5,6,7];7:[0,2,4,5,6,7]","c11:bw=58,experts=[1,3,4,6,7]; c13:bw=55,experts=[2,4,5,6,7]; c3:bw=30,experts=[4,6,7]; c18:bw=33,experts=[4,6,7]; c16:bw=10,experts=[4]; c14:bw=33,experts=[4,6,7]; c9:bw=50,experts=[1,4,5,6,7]; c12:bw=74,experts=[0,2,3,4,5,6,7]; c2:bw=10,experts=[4]; c6:bw=54,experts=[0,2,4,6,7]; c5:bw=10,experts=[4]; c19:bw=21,experts=[3,4]; c10:bw=10,experts=[4]; c15:bw=32,experts=[4,6,7]; c17:bw=27,experts=[0,4]; c8:bw=55,experts=[3,4,5,6,7]; c4:bw=32,experts=[4,5,6]; c0:bw=37,experts=[4,6,7]; c1:bw=53,experts=[0,4,5,6,7]; c7:bw=61,experts=[0,2,4,5,6,7]","2.4010,4.1480,1.4935,3.1037,2.1142,3.9316,2.2874,2.4960,2.6358,2.0373,1.2838,3.6082,1.2355,2.9329,2.2302,2.2956,3.3213,1.4822,3.6875,3.1965"
55,2026-09-23 20:49:30,Ours,0.01,2.281693434381256,36.08,36.08,55,53.5717,0:53.57,52.1442,0.2834,1.1418,2943.0277,49:03.03,20,"17,9,6,13,14,19,3,16,4,18,12,5,7,0,15,2,11,1,8,10",17:39;9:62;6:42;13:24;14:33;19:60;3:52;16:57;4:14;18:70;12:62;5:53;7:54;0:27;15:30;2:41;11:40;1:60;8:14;10:57,"17:[1,4,6];9:[0,2,4,5,6,7];6:[4,5,6,7];13:[4,6];14:[4,6,7];19:[0,3,4,5,6,7];3:[2,3,4,6,7];16:[0,2,4,6,7];4:[4];18:[0,2,3,4,5,6,7];12:[0,3,4,5,6,7];5:[0,3,4,6,7];7:[0,4,5,6,7];0:[3,4];15:[4,6,7];2:[1,4,6,7];11:[3,4,6,7];1:[0,3,4,5,6,7];8:[1];10:[0,4,5,6,7]","c17:bw=39,experts=[1,4,6]; c9:bw=62,experts=[0,2,4,5,6,7]; c6:bw=42,experts=[4,5,6,7]; c13:bw=24,experts=[4,6]; c14:bw=33,experts=[4,6,7]; c19:bw=60,experts=[0,3,4,5,6,7]; c3:bw=52,experts=[2,3,4,6,7]; c16:bw=57,experts=[0,2,4,6,7]; c4:bw=14,experts=[4]; c18:bw=70,experts=[0,2,3,4,5,6,7]; c12:bw=62,experts=[0,3,4,5,6,7]; c5:bw=53,experts=[0,3,4,6,7]; c7:bw=54,experts=[0,4,5,6,7]; c0:bw=27,experts=[3,4]; c15:bw=30,experts=[4,6,7]; c2:bw=41,experts=[1,4,6,7]; c11:bw=40,experts=[3,4,6,7]; c1:bw=60,experts=[0,3,4,5,6,7]; c8:bw=14,experts=[1]; c10:bw=57,experts=[0,4,5,6,7]","2.2787,2.3486,2.0398,4.1116,3.9279,3.6764,1.4877,2.1239,3.3662,3.1098,2.4758,1.3032,3.2162,1.4855,2.9574,2.6205,2.3894,3.7031,2.2772,1.2452"
56,2026-09-23 20:50:23,Ours,0.01,2.316116531582287,36.78,36.78,56,53.3077,0:53.31,51.8508,0.3022,1.1525,2996.362,49:56.36,20,"19,14,17,15,10,0,5,4,2,11,6,16,7,1,8,9,12,3,13,18",19:10;14:42;17:10;15:35;10:20;0:70;5:31;4:10;2:53;11:26;6:23;16:42;7:18;1:56;8:13;9:52;12:38;3:10;13:18;18:54,"19:[1];14:[4,5,6,7];17:[4];15:[1,4,6];10:[2,4];0:[0,2,3,4,5,6,7];5:[4,5,6];4:[0];2:[0,3,4,6,7];11:[4,6];6:[4,6];16:[4,5,6,7];7:[4];1:[0,4,5,6,7];8:[0];9:[0,4,5,6,7];12:[4,6,7];3:[4];13:[0];18:[0,4,5,6,7]","c19:bw=10,experts=[1]; c14:bw=42,experts=[4,5,6,7]; c17:bw=10,experts=[4]; c15:bw=35,experts=[1,4,6]; c10:bw=20,experts=[2,4]; c0:bw=70,experts=[0,2,3,4,5,6,7]; c5:bw=31,experts=[4,5,6]; c4:bw=10,experts=[0]; c2:bw=53,experts=[0,3,4,6,7]; c11:bw=26,experts=[4,6]; c6:bw=23,experts=[4,6]; c16:bw=42,experts=[4,5,6,7]; c7:bw=18,experts=[4]; c1:bw=56,experts=[0,4,5,6,7]; c8:bw=13,experts=[0]; c9:bw=52,experts=[0,4,5,6,7]; c12:bw=38,experts=[4,6,7]; c3:bw=10,experts=[4]; c13:bw=18,experts=[0]; c18:bw=54,experts=[0,4,5,6,7]","3.6692,3.9393,2.2554,2.9714,1.2443,1.5104,1.2912,3.3276,2.6307,2.3684,2.0365,2.1178,3.2107,3.6979,2.2774,2.2532,2.4556,1.4689,4.0511,3.0737"
57,2026-09-23 20:51:17,Ours,0.01,2.2292608417021644,37.27,37.27,57,53.3127,0:53.31,51.863,0.3096,1.1377,3049.702,50:49.70,20,"15,10,8,0,4,3,18,9,17,12,11,5,19,6,2,16,7,13,1,14",15:36;10:58;8:43;0:70;4:41;3:64;18:44;9:19;17:52;12:17;11:26;5:44;19:44;6:48;2:33;16:33;7:69;13:31;1:49;14:36,"15:[4,6,7];10:[0,3,4,6,7];8:[4,5,6,7];0:[0,2,3,4,5,6,7];4:[2,3,4,6];3:[0,3,4,5,6,7];18:[4,5,6,7];9:[4];17:[2,4,5,6,7];12:[4];11:[4,6];5:[2,4,6,7];19:[4,5,6,7];6:[4,5,6,7];2:[4,6,7];16:[4,6,7];7:[0,2,4,5,6,7];13:[4,6,7];1:[4,5,6,7];14:[0,4,6]","c15:bw=36,experts=[4,6,7]; c10:bw=58,experts=[0,3,4,6,7]; c8:bw=43,experts=[4,5,6,7]; c0:bw=70,experts=[0,2,3,4,5,6,7]; c4:bw=41,experts=[2,3,4,6]; c3:bw=64,experts=[0,3,4,5,6,7]; c18:bw=44,experts=[4,5,6,7]; c9:bw=19,experts=[4]; c17:bw=52,experts=[2,4,5,6,7]; c12:bw=17,experts=[4]; c11:bw=26,experts=[4,6]; c5:bw=44,experts=[2,4,6,7]; c19:bw=44,experts=[4,5,6,7]; c6:bw=48,experts=[4,5,6,7]; c2:bw=33,experts=[4,6,7]; c16:bw=33,experts=[4,6,7]; c7:bw=69,experts=[0,2,4,5,6,7]; c13:bw=31,experts=[4,6,7]; c1:bw=49,experts=[4,5,6,7]; c14:bw=36,experts=[0,4,6]","2.9752,1.2631,2.3072,1.4972,3.3629,1.4857,3.1079,2.2263,2.2390,2.4585,2.3752,1.2922,3.6521,2.0370,2.6051,2.1127,3.2187,4.0939,3.6715,3.8815"
58,2026-09-23 20:52:11,Ours,0.01,2.2439741040572065,36.98,37.27,57,54.3279,0:54.33,52.9098,0.2802,1.1356,3104.0569,51:44.06,20,"11,14,12,7,8,13,15,2,16,9,1,18,19,17,6,10,4,0,5,3",11:47;14:22;12:29;7:24;8:40;13:40;15:38;2:10;16:42;9:57;1:30;18:50;19:43;17:12;6:55;10:43;4:38;0:47;5:35;3:61,"11:[3,4,6,7];14:[3,4];12:[4,6];7:[4,6];8:[3,4,6,7];13:[0,4,6,7];15:[4,6,7];2:[2];16:[4,5,6,7];9:[3,4,5,6,7];1:[2,4,6];18:[0,4,5,6,7];19:[4,5,6,7];17:[4];6:[3,4,5,6,7];10:[1,4,6,7];4:[4,6,7];0:[1,4,6,7];5:[1,4,6];3:[0,2,4,5,6,7]","c11:bw=47,experts=[3,4,6,7]; c14:bw=22,experts=[3,4]; c12:bw=29,experts=[4,6]; c7:bw=24,experts=[4,6]; c8:bw=40,experts=[3,4,6,7]; c13:bw=40,experts=[0,4,6,7]; c15:bw=38,experts=[4,6,7]; c2:bw=10,experts=[2]; c16:bw=42,experts=[4,5,6,7]; c9:bw=57,experts=[3,4,5,6,7]; c1:bw=30,experts=[2,4,6]; c18:bw=50,experts=[0,4,5,6,7]; c19:bw=43,experts=[4,5,6,7]; c17:bw=12,experts=[4]; c6:bw=55,experts=[3,4,5,6,7]; c10:bw=43,experts=[1,4,6,7]; c4:bw=38,experts=[4,6,7]; c0:bw=47,experts=[1,4,6,7]; c5:bw=35,experts=[1,4,6]; c3:bw=61,experts=[0,2,4,5,6,7]","2.4735,4.1165,2.6279,3.4100,2.4004,4.2909,2.9677,2.6367,2.1173,2.2654,3.7043,3.1162,3.6417,2.2290,2.0479,1.2481,3.3467,1.4866,1.3002,1.4827"
59,2026-09-23 20:53:04,Ours,0.01,2.2416091560607074,38.67,38.67,59,53.2576,0:53.26,51.7942,0.3067,1.1544,3157.3425,52:37.34,20,"6,5,0,16,8,15,17,13,9,2,10,1,11,3,18,19,4,7,14,12",6:19;5:32;0:52;16:23;8:56;15:50;17:55;13:13;9:28;2:37;10:26;1:65;11:34;3:35;18:10;19:14;4:26;7:28;14:40;12:47,"6:[1];5:[4,6,7];0:[0,4,5,6,7];16:[1,4];8:[0,4,5,6,7];15:[0,4,5,6,7];17:[0,4,5,6,7];13:[4];9:[4,6];2:[4,6,7];10:[4,6];1:[0,1,4,5,6,7];11:[4,6,7];3:[1,4,6];18:[1];19:[4];4:[4,6];7:[1,4];14:[4,5,6,7];12:[4,5,6,7]","c6:bw=19,experts=[1]; c5:bw=32,experts=[4,6,7]; c0:bw=52,experts=[0,4,5,6,7]; c16:bw=23,experts=[1,4]; c8:bw=56,experts=[0,4,5,6,7]; c15:bw=50,experts=[0,4,5,6,7]; c17:bw=55,experts=[0,4,5,6,7]; c13:bw=13,experts=[4]; c9:bw=28,experts=[4,6]; c2:bw=37,experts=[4,6,7]; c10:bw=26,experts=[4,6]; c1:bw=65,experts=[0,1,4,5,6,7]; c11:bw=34,experts=[4,6,7]; c3:bw=35,experts=[1,4,6]; c18:bw=10,experts=[1]; c19:bw=14,experts=[4]; c4:bw=26,experts=[4,6]; c7:bw=28,experts=[1,4]; c14:bw=40,experts=[4,5,6,7]; c12:bw=47,experts=[4,5,6,7]","2.0575,1.3072,1.5066,2.1130,2.3041,2.9656,2.3054,4.0868,2.2507,2.6129,1.2466,3.6941,2.3741,1.4761,3.0681,3.6101,3.3229,3.1763,3.8583,2.4577"
60,2026-09-23 20:53:58,Ours,0.01,2.234064273787985,39.19,39.19,60,53.5522,0:53.55,52.113,0.2889,1.148,3210.9223,53:30.92,20,"4,8,13,15,2,3,11,0,1,14,12,19,18,6,17,16,5,7,9,10",4:30;8:24;13:59;15:51;2:30;3:44;11:40;0:53;1:54;14:42;12:16;19:60;18:26;6:59;17:39;16:63;5:33;7:48;9:10;10:10,"4:[4,6,7];8:[2,4];13:[0,1,4,6,7];15:[2,4,5,6,7];2:[4,6,7];3:[4,5,6,7];11:[0,2,4,5];0:[0,4,5,6,7];1:[0,4,5,6,7];14:[2,4,6,7];12:[1];19:[0,3,4,5,6,7];18:[4,6];6:[0,4,5,6,7];17:[4,6,7];16:[0,3,4,5,6,7];5:[4,6,7];7:[3,4,6,7];9:[4];10:[4]","c4:bw=30,experts=[4,6,7]; c8:bw=24,experts=[2,4]; c13:bw=59,experts=[0,1,4,6,7]; c15:bw=51,experts=[2,4,5,6,7]; c2:bw=30,experts=[4,6,7]; c3:bw=44,experts=[4,5,6,7]; c11:bw=40,experts=[0,2,4,5]; c0:bw=53,experts=[0,4,5,6,7]; c1:bw=54,experts=[0,4,5,6,7]; c14:bw=42,experts=[2,4,6,7]; c12:bw=16,experts=[1]; c19:bw=60,experts=[0,3,4,5,6,7]; c18:bw=26,experts=[4,6]; c6:bw=59,experts=[0,4,5,6,7]; c17:bw=39,experts=[4,6,7]; c16:bw=63,experts=[0,3,4,5,6,7]; c5:bw=33,experts=[4,6,7]; c7:bw=48,experts=[3,4,6,7]; c9:bw=10,experts=[4]; c10:bw=10,experts=[4]","3.3697,2.2911,4.1638,3.0033,2.6523,1.5073,2.3840,1.5059,3.7225,3.8963,2.4665,3.6516,3.0894,2.0634,2.2521,2.1206,1.2946,3.1958,2.2373,1.2453"
61,2026-09-23 20:54:51,Ours,0.01,2.193731386956287,39.62,39.62,61,53.525,0:53.53,52.0768,0.3099,1.136,3264.4752,54:24.48,20,"3,6,1,13,19,0,10,15,12,18,2,5,8,17,14,11,16,9,7,4",3:43;6:37;1:33;13:34;19:52;0:60;10:11;15:16;12:27;18:50;2:29;5:49;8:55;17:46;14:38;11:39;16:38;9:38;7:43;4:38,"3:[4,5,6,7];6:[4,6,7];1:[4,6,7];13:[3,4,6];19:[0,2,4,6,7];0:[0,3,4,5,6,7];10:[4];15:[3];12:[4,6];18:[0,4,5,6,7];2:[4,5];5:[4,5,6,7];8:[1,4,5,6,7];17:[3,4,6,7];14:[1,4,6];11:[4,6,7];16:[4,6,7];9:[4,6,7];7:[3,4,6,7];4:[1,4,6]","c3:bw=43,experts=[4,5,6,7]; c6:bw=37,experts=[4,6,7]; c1:bw=33,experts=[4,6,7]; c13:bw=34,experts=[3,4,6]; c19:bw=52,experts=[0,2,4,6,7]; c0:bw=60,experts=[0,3,4,5,6,7]; c10:bw=11,experts=[4]; c15:bw=16,experts=[3]; c12:bw=27,experts=[4,6]; c18:bw=50,experts=[0,4,5,6,7]; c2:bw=29,experts=[4,5]; c5:bw=49,experts=[4,5,6,7]; c8:bw=55,experts=[1,4,5,6,7]; c17:bw=46,experts=[3,4,6,7]; c14:bw=38,experts=[1,4,6]; c11:bw=39,experts=[4,6,7]; c16:bw=38,experts=[4,6,7]; c9:bw=38,experts=[4,6,7]; c7:bw=43,experts=[3,4,6,7]; c4:bw=38,experts=[1,4,6]","1.4883,2.0555,3.7475,4.1463,3.6665,1.5048,1.2374,2.9763,2.4849,3.1019,2.6089,1.3064,2.2693,2.2538,3.8814,2.3502,2.1196,2.3282,3.2312,3.3185"
62,2026-09-23 20:55:45,Ours,0.01,2.2266904436083186,39.66,39.66,62,53.4005,0:53.40,51.9509,0.2961,1.1511,3317.9041,55:17.90,20,"10,6,5,17,2,18,1,12,11,19,9,13,15,8,16,4,14,7,0,3",10:21;6:62;5:67;17:19;2:42;18:26;1:75;12:11;11:36;19:42;9:16;13:30;15:46;8:13;16:26;4:60;14:14;7:44;0:28;3:53,"10:[4,6];6:[0,2,4,5,6,7];5:[0,3,4,5,6,7];17:[4];2:[4,5,6,7];18:[4,6];1:[0,1,3,4,5,6,7];12:[2];11:[1,4,6];19:[4,5,6,7];9:[1];13:[2,4,5];15:[0,4,6,7];8:[4];16:[4,6];4:[0,3,4,5,6,7];14:[4];7:[4,5,6,7];0:[4,6];3:[0,4,5,6,7]","c10:bw=21,experts=[4,6]; c6:bw=62,experts=[0,2,4,5,6,7]; c5:bw=67,experts=[0,3,4,5,6,7]; c17:bw=19,experts=[4]; c2:bw=42,experts=[4,5,6,7]; c18:bw=26,experts=[4,6]; c1:bw=75,experts=[0,1,3,4,5,6,7]; c12:bw=11,experts=[2]; c11:bw=36,experts=[1,4,6]; c19:bw=42,experts=[4,5,6,7]; c9:bw=16,experts=[1]; c13:bw=30,experts=[2,4,5]; c15:bw=46,experts=[0,4,6,7]; c8:bw=13,experts=[4]; c16:bw=26,experts=[4,6]; c4:bw=60,experts=[0,3,4,5,6,7]; c14:bw=14,experts=[4]; c7:bw=44,experts=[4,5,6,7]; c0:bw=28,experts=[4,6]; c3:bw=53,experts=[0,4,5,6,7]","1.2623,2.0559,1.3034,2.2587,2.6471,3.1223,3.7629,2.4925,2.3760,3.6462,2.2469,4.0785,2.9571,2.2684,2.1097,3.3476,3.8513,3.2039,1.4839,1.4763"
63,2026-09-23 20:56:38,Ours,0.01,2.1629718596256624,40.18,40.18,63,53.5707,0:53.57,52.119,0.3027,1.1467,3371.5044,56:11.50,20,"13,9,16,8,4,3,11,7,18,2,12,0,14,15,19,17,6,1,5,10",13:58;9:21;16:58;8:32;4:52;3:52;11:45;7:68;18:47;2:28;12:51;0:41;14:41;15:61;19:34;17:37;6:34;1:50;5:10;10:27,"13:[0,4,5,6,7];9:[2,4];16:[0,2,4,6,7];8:[4,6,7];4:[0,4,5,6,7];3:[0,4,5,6,7];11:[4,5,6,7];7:[0,3,4,5,6,7];18:[2,3,4,6];2:[1,4];12:[0,3,4,6,7];0:[4,5,6,7];14:[4,5,6,7];15:[0,3,4,5,6,7];19:[4,6,7];17:[1,4,6];6:[4,6,7];1:[0,4,5,6,7];5:[4];10:[4,5]","c13:bw=58,experts=[0,4,5,6,7]; c9:bw=21,experts=[2,4]; c16:bw=58,experts=[0,2,4,6,7]; c8:bw=32,experts=[4,6,7]; c4:bw=52,experts=[0,4,5,6,7]; c3:bw=52,experts=[0,4,5,6,7]; c11:bw=45,experts=[4,5,6,7]; c7:bw=68,experts=[0,3,4,5,6,7]; c18:bw=47,experts=[2,3,4,6]; c2:bw=28,experts=[1,4]; c12:bw=51,experts=[0,3,4,6,7]; c0:bw=41,experts=[4,5,6,7]; c14:bw=41,experts=[4,5,6,7]; c15:bw=61,experts=[0,3,4,5,6,7]; c19:bw=34,experts=[4,6,7]; c17:bw=37,experts=[1,4,6]; c6:bw=34,experts=[4,6,7]; c1:bw=50,experts=[0,4,5,6,7]; c5:bw=10,experts=[4]; c10:bw=27,experts=[4,5]","4.1362,2.2631,2.1354,2.3022,3.3884,1.4855,2.3613,3.2668,3.1255,2.6102,2.4908,1.5028,3.9030,2.9822,3.6431,2.2400,2.0295,3.7269,1.2820,1.2440"
64,2026-09-23 20:57:32,Ours,0.01,2.1564958272838033,40.99,40.99,64,53.4954,0:53.50,52.0458,0.3097,1.1376,3425.0284,57:05.03,20,"11,9,2,1,4,13,18,12,7,19,5,14,15,8,3,0,6,16,17,10",11:57;9:59;2:56;1:28;4:38;13:42;18:37;12:27;7:34;19:10;5:24;14:46;15:59;8:53;3:38;0:32;6:50;16:16;17:10;10:49,"11:[3,4,5,6,7];9:[0,4,5,6,7];2:[0,3,4,6,7];1:[4,6];4:[4,6,7];13:[4,5,6,7];18:[4,6,7];12:[4,6];7:[4,6,7];19:[1];5:[4,6];14:[4,5,6,7];15:[0,1,4,6,7];8:[3,4,5,6,7];3:[4,6,7];0:[4,6,7];6:[0,4,5,6,7];16:[4];17:[4];10:[2,4,6,7]","c11:bw=57,experts=[3,4,5,6,7]; c9:bw=59,experts=[0,4,5,6,7]; c2:bw=56,experts=[0,3,4,6,7]; c1:bw=28,experts=[4,6]; c4:bw=38,experts=[4,6,7]; c13:bw=42,experts=[4,5,6,7]; c18:bw=37,experts=[4,6,7]; c12:bw=27,experts=[4,6]; c7:bw=34,experts=[4,6,7]; c19:bw=10,experts=[1]; c5:bw=24,experts=[4,6]; c14:bw=46,experts=[4,5,6,7]; c15:bw=59,experts=[0,1,4,6,7]; c8:bw=53,experts=[3,4,5,6,7]; c3:bw=38,experts=[4,6,7]; c0:bw=32,experts=[4,6,7]; c6:bw=50,experts=[0,4,5,6,7]; c16:bw=16,experts=[4]; c17:bw=10,experts=[4]; c10:bw=49,experts=[2,4,6,7]","2.3877,2.2762,2.6357,3.7380,3.3819,4.1453,3.1095,2.4903,3.2388,3.6145,1.2937,3.8941,2.9695,2.2917,1.4739,1.4932,2.0353,2.1021,2.2257,1.2488"
65,2026-09-23 20:58:26,Ours,0.01,2.1834536648497176,41.56,41.56,65,54.1506,0:54.15,52.6943,0.311,1.1429,3479.2079,57:59.21,20,"19,8,6,4,11,9,17,3,5,10,13,14,0,1,2,7,15,12,16,18",19:28;8:66;6:50;4:57;11:10;9:47;17:26;3:42;5:29;10:26;13:48;14:45;0:41;1:58;2:28;7:10;15:38;12:44;16:45;18:18,"19:[4,6];8:[0,3,4,5,6,7];6:[0,4,5,6,7];4:[2,4,5,6,7];11:[4];9:[4,5,6,7];17:[2,4];3:[3,4,6,7];5:[2,4];10:[0,3];13:[4,5,6,7];14:[0,4,6,7];0:[2,4,6,7];1:[0,3,4,6,7];2:[4,6];7:[2];15:[4,6,7];12:[4,5,6,7];16:[4,5,6,7];18:[4]","c19:bw=28,experts=[4,6]; c8:bw=66,experts=[0,3,4,5,6,7]; c6:bw=50,experts=[0,4,5,6,7]; c4:bw=57,experts=[2,4,5,6,7]; c11:bw=10,experts=[4]; c9:bw=47,experts=[4,5,6,7]; c17:bw=26,experts=[2,4]; c3:bw=42,experts=[3,4,6,7]; c5:bw=29,experts=[2,4]; c10:bw=26,experts=[0,3]; c13:bw=48,experts=[4,5,6,7]; c14:bw=45,experts=[0,4,6,7]; c0:bw=41,experts=[2,4,6,7]; c1:bw=58,experts=[0,3,4,6,7]; c2:bw=28,experts=[4,6]; c7:bw=10,experts=[2]; c15:bw=38,experts=[4,6,7]; c12:bw=44,experts=[4,5,6,7]; c16:bw=45,experts=[4,5,6,7]; c18:bw=18,experts=[4]","3.6605,2.3102,2.0523,3.3755,2.3800,2.2684,2.2539,1.4926,1.3056,1.2571,4.1142,3.8888,1.4942,3.7078,2.6954,3.3521,3.0973,2.5810,2.2152,3.1923"
66,2026-09-23 20:59:20,Ours,0.01,2.145687852628355,41.77,41.77,66,53.5624,0:53.56,52.0906,0.3141,1.1517,3532.8,58:52.80,20,"7,8,3,15,5,12,4,16,14,10,19,0,11,1,13,18,17,9,2,6",7:50;8:24;3:66;15:50;5:17;12:42;4:41;16:59;14:23;10:46;19:56;0:38;11:10;1:54;13:32;18:24;17:35;9:31;2:41;6:30,"7:[0,4,5,6,7];8:[4,6];3:[0,2,3,4,6,7];15:[3,4,5,6,7];5:[1];12:[4,5,6,7];4:[4,5,6,7];16:[0,4,5,6,7];14:[3,4];10:[1,4,6,7];19:[0,4,5,6,7];0:[1,4,6];11:[4];1:[2,4,5,6,7];13:[4,6,7];18:[4,6];17:[4,6,7];9:[3,4,6];2:[2,4,6,7];6:[3,4,6]","c7:bw=50,experts=[0,4,5,6,7]; c8:bw=24,experts=[4,6]; c3:bw=66,experts=[0,2,3,4,6,7]; c15:bw=50,experts=[3,4,5,6,7]; c5:bw=17,experts=[1]; c12:bw=42,experts=[4,5,6,7]; c4:bw=41,experts=[4,5,6,7]; c16:bw=59,experts=[0,4,5,6,7]; c14:bw=23,experts=[3,4]; c10:bw=46,experts=[1,4,6,7]; c19:bw=56,experts=[0,4,5,6,7]; c0:bw=38,experts=[1,4,6]; c11:bw=10,experts=[4]; c1:bw=54,experts=[2,4,5,6,7]; c13:bw=32,experts=[4,6,7]; c18:bw=24,experts=[4,6]; c17:bw=35,experts=[4,6,7]; c9:bw=31,experts=[3,4,6]; c2:bw=41,experts=[2,4,6,7]; c6:bw=30,experts=[3,4,6]","3.2721,2.2961,1.5011,2.9833,1.2967,2.4929,3.3532,2.1367,3.9119,1.2467,3.6646,1.5070,2.3612,3.7038,4.1102,3.0725,2.2433,2.2629,2.6284,2.0459"
67,2026-09-23 21:00:13,Ours,0.01,2.1025930631242806,41.7,41.77,66,53.5949,0:53.59,52.0952,0.3112,1.1862,3586.4246,59:46.42,20,"6,17,13,18,8,3,10,5,9,12,15,1,19,11,0,16,2,4,14,7",6:53;17:48;13:39;18:31;8:10;3:25;10:36;5:48;9:60;12:44;15:49;1:36;19:14;11:43;0:32;16:53;2:43;4:51;14:18;7:59,"6:[1,4,5,6,7];17:[0,4,5,6];13:[4,6,7];18:[1,4,6];8:[4];3:[1,4];10:[4,6,7];5:[4,5,6,7];9:[0,1,4,5,6,7];12:[4,5,6,7];15:[3,4,6,7];1:[4,6,7];19:[4];11:[4,5,6,7];0:[4,6,7];16:[1,4,5,6,7];2:[4,5,6,7];4:[0,4,5,6,7];14:[4];7:[1,4,5,6,7]","c6:bw=53,experts=[1,4,5,6,7]; c17:bw=48,experts=[0,4,5,6]; c13:bw=39,experts=[4,6,7]; c18:bw=31,experts=[1,4,6]; c8:bw=10,experts=[4]; c3:bw=25,experts=[1,4]; c10:bw=36,experts=[4,6,7]; c5:bw=48,experts=[4,5,6,7]; c9:bw=60,experts=[0,1,4,5,6,7]; c12:bw=44,experts=[4,5,6,7]; c15:bw=49,experts=[3,4,6,7]; c1:bw=36,experts=[4,6,7]; c19:bw=14,experts=[4]; c11:bw=43,experts=[4,5,6,7]; c0:bw=32,experts=[4,6,7]; c16:bw=53,experts=[1,4,5,6,7]; c2:bw=43,experts=[4,5,6,7]; c4:bw=51,experts=[0,4,5,6,7]; c14:bw=18,experts=[4]; c7:bw=59,experts=[1,4,5,6,7]","2.1444,2.2609,4.1534,3.1162,2.2794,1.4797,1.2560,1.3047,2.2609,2.4892,2.9930,3.7028,3.6380,2.3630,1.5010,2.1139,2.6316,3.3304,3.8676,3.2092"
68,2026-09-23 21:01:07,Ours,0.01,2.127930708949873,42.79,42.79,68,53.5957,0:53.60,52.1224,0.3275,1.1435,3640.0508,1:00:40.05,20,"7,12,18,19,5,1,8,11,3,10,2,4,14,0,16,9,6,17,15,13",7:28;12:67;18:54;19:28;5:45;1:42;8:31;11:14;3:26;10:31;2:58;4:49;14:10;0:30;16:54;9:15;6:32;17:72;15:28;13:35,"7:[4,6];12:[0,1,4,5,6,7];18:[0,4,5,6,7];19:[3,4];5:[4,5,6,7];1:[4,5,6,7];8:[2,4,6];11:[0];3:[4,6];10:[4,6,7];2:[0,3,4,6,7];4:[3,4,6,7];14:[2];0:[4,6,7];16:[3,4,5,6,7];9:[4];6:[4,6,7];17:[0,1,3,4,5,6,7];15:[2,4];13:[1,4,6]","c7:bw=28,experts=[4,6]; c12:bw=67,experts=[0,1,4,5,6,7]; c18:bw=54,experts=[0,4,5,6,7]; c19:bw=28,experts=[3,4]; c5:bw=45,experts=[4,5,6,7]; c1:bw=42,experts=[4,5,6,7]; c8:bw=31,experts=[2,4,6]; c11:bw=14,experts=[0]; c3:bw=26,experts=[4,6]; c10:bw=31,experts=[4,6,7]; c2:bw=58,experts=[0,3,4,6,7]; c4:bw=49,experts=[3,4,6,7]; c14:bw=10,experts=[2]; c0:bw=30,experts=[4,6,7]; c16:bw=54,experts=[3,4,5,6,7]; c9:bw=15,experts=[4]; c6:bw=32,experts=[4,6,7]; c17:bw=72,experts=[0,1,3,4,5,6,7]; c15:bw=28,experts=[2,4]; c13:bw=35,experts=[1,4,6]","3.2411,2.5029,3.1542,3.6718,1.3137,3.7288,2.3034,2.3839,1.4929,1.2480,2.6458,3.3663,3.8898,1.4992,2.1202,2.2321,2.0370,2.2521,2.9403,4.0988"
69,2026-09-23 21:02:00,Ours,0.01,2.0772384826487738,42.65,42.79,68,53.5876,0:53.59,52.0724,0.3475,1.1655,3693.6687,1:01:33.67,20,"12,17,15,13,16,0,8,7,5,18,4,3,11,14,6,2,1,9,10,19",12:10;17:48;15:20;13:67;16:60;0:52;8:42;7:58;5:39;18:10;4:41;3:41;11:45;14:37;6:26;2:66;1:31;9:35;10:16;19:43,"12:[4];17:[3,4,6,7];15:[4,6];13:[0,3,4,5,6,7];16:[0,1,4,5,6,7];0:[0,3,4,6,7];8:[1,4,6,7];7:[0,4,5,6,7];5:[4,6,7];18:[4];4:[1,4,6,7];3:[4,5,6,7];11:[2,4,6,7];14:[1,4,6];6:[4,6];2:[0,1,4,5,6,7];1:[4,6,7];9:[4,6,7];10:[4];19:[2,4,6,7]","c12:bw=10,experts=[4]; c17:bw=48,experts=[3,4,6,7]; c15:bw=20,experts=[4,6]; c13:bw=67,experts=[0,3,4,5,6,7]; c16:bw=60,experts=[0,1,4,5,6,7]; c0:bw=52,experts=[0,3,4,6,7]; c8:bw=42,experts=[1,4,6,7]; c7:bw=58,experts=[0,4,5,6,7]; c5:bw=39,experts=[4,6,7]; c18:bw=10,experts=[4]; c4:bw=41,experts=[1,4,6,7]; c3:bw=41,experts=[4,5,6,7]; c11:bw=45,experts=[2,4,6,7]; c14:bw=37,experts=[1,4,6]; c6:bw=26,experts=[4,6]; c2:bw=66,experts=[0,1,4,5,6,7]; c1:bw=31,experts=[4,6,7]; c9:bw=35,experts=[4,6,7]; c10:bw=16,experts=[4]; c19:bw=43,experts=[2,4,6,7]","2.4926,2.2768,2.9918,4.1604,2.1310,1.5160,2.2987,3.2399,1.3051,3.0759,3.3533,1.4720,2.3689,3.8842,2.0302,2.6275,3.6935,2.2535,1.2331,3.6681"
70,2026-09-23 21:02:54,Ours,0.01,2.0875728662340705,43.69,43.69,70,53.5775,0:53.58,52.081,0.3136,1.1806,3747.2763,1:02:27.28,20,"5,17,3,10,12,15,19,4,18,7,8,14,2,1,0,6,13,9,16,11",5:23;17:41;3:32;10:58;12:40;15:75;19:37;4:58;18:63;7:28;8:48;14:10;2:55;1:24;0:30;6:26;13:33;9:10;16:67;11:53,"5:[0,3];17:[4,5,6,7];3:[4,6,7];10:[0,4,5,6,7];12:[2,4,6,7];15:[0,1,2,4,5,6,7];19:[4,6,7];4:[0,4,5,6,7];18:[0,3,4,5,6,7];7:[4,6];8:[3,4,6,7];14:[4];2:[0,4,5,6,7];1:[1,4];0:[4,6,7];6:[2,4];13:[2,4,6];9:[4];16:[0,1,4,5,6,7];11:[1,4,5,6,7]","c5:bw=23,experts=[0,3]; c17:bw=41,experts=[4,5,6,7]; c3:bw=32,experts=[4,6,7]; c10:bw=58,experts=[0,4,5,6,7]; c12:bw=40,experts=[2,4,6,7]; c15:bw=75,experts=[0,1,2,4,5,6,7]; c19:bw=37,experts=[4,6,7]; c4:bw=58,experts=[0,4,5,6,7]; c18:bw=63,experts=[0,3,4,5,6,7]; c7:bw=28,experts=[4,6]; c8:bw=48,experts=[3,4,6,7]; c14:bw=10,experts=[4]; c2:bw=55,experts=[0,4,5,6,7]; c1:bw=24,experts=[1,4]; c0:bw=30,experts=[4,6,7]; c6:bw=26,experts=[2,4]; c13:bw=33,experts=[2,4,6]; c9:bw=10,experts=[4]; c16:bw=67,experts=[0,1,4,5,6,7]; c11:bw=53,experts=[1,4,5,6,7]","1.2988,2.2760,1.4920,1.2615,2.5004,3.0012,3.6663,3.3541,3.1141,3.2369,2.2845,3.8791,2.6378,3.6955,1.5046,2.0285,4.0998,2.2414,2.1181,2.3905"
71,2026-09-23 21:03:48,Ours,0.01,2.102313404541183,44.17,44.17,71,53.7178,0:53.72,52.2738,0.2981,1.1435,3801.0253,1:03:21.03,20,"6,19,2,11,16,7,13,0,14,15,8,3,9,17,18,5,10,4,1,12",6:50;19:54;2:61;11:44;16:19;7:20;13:25;0:16;14:10;15:28;8:39;3:62;9:40;17:61;18:45;5:33;10:69;4:42;1:52;12:43,"6:[0,3,4,6,7];19:[0,4,5,6,7];2:[0,1,4,5,6,7];11:[4,5,6,7];16:[2];7:[3,4];13:[4,6];0:[5];14:[4];15:[4,6];8:[4,6,7];3:[0,3,4,5,6,7];9:[2,4,6,7];17:[0,1,4,5,6,7];18:[2,4,6,7];5:[4,6,7];10:[0,1,4,5,6,7];4:[3,4,6,7];1:[0,4,5,6,7];12:[3,4,6,7]","c6:bw=50,experts=[0,3,4,6,7]; c19:bw=54,experts=[0,4,5,6,7]; c2:bw=61,experts=[0,1,4,5,6,7]; c11:bw=44,experts=[4,5,6,7]; c16:bw=19,experts=[2]; c7:bw=20,experts=[3,4]; c13:bw=25,experts=[4,6]; c0:bw=16,experts=[5]; c14:bw=10,experts=[4]; c15:bw=28,experts=[4,6]; c8:bw=39,experts=[4,6,7]; c3:bw=62,experts=[0,3,4,5,6,7]; c9:bw=40,experts=[2,4,6,7]; c17:bw=61,experts=[0,1,4,5,6,7]; c18:bw=45,experts=[2,4,6,7]; c5:bw=33,experts=[4,6,7]; c10:bw=69,experts=[0,1,4,5,6,7]; c4:bw=42,experts=[3,4,6,7]; c1:bw=52,experts=[0,4,5,6,7]; c12:bw=43,experts=[3,4,6,7]","2.0710,3.6883,2.6467,2.3808,2.1272,3.2571,4.1416,1.5122,3.8916,2.9874,2.3089,1.5025,2.2719,2.2544,3.1117,1.2899,1.2568,3.3393,3.7397,2.4946"
72,2026-09-23 21:04:42,Ours,0.01,2.0649362190925915,44.26,44.26,72,53.5598,0:53.56,52.1425,0.2718,1.1433,3854.6936,1:04:14.69,20,"2,10,13,17,15,16,18,3,14,0,19,6,4,8,12,11,1,7,5,9",2:23;10:28;13:54;17:18;15:41;16:46;18:29;3:23;14:43;0:52;19:32;6:19;4:39;8:30;12:28;11:10;1:39;7:48;5:43;9:38,"2:[4,6];10:[2,4];13:[0,4,5,6,7];17:[4];15:[3,4,6,7];16:[4,5,6,7];18:[4,6];3:[4,6];14:[4,5,6,7];0:[0,4,5,6,7];19:[1,4,6];6:[4];4:[4,6,7];8:[4,6,7];12:[4,6];11:[3];1:[4,6,7];7:[0,4,6,7];5:[4,5,6,7];9:[4,6,7]","c2:bw=23,experts=[4,6]; c10:bw=28,experts=[2,4]; c13:bw=54,experts=[0,4,5,6,7]; c17:bw=18,experts=[4]; c15:bw=41,experts=[3,4,6,7]; c16:bw=46,experts=[4,5,6,7]; c18:bw=29,experts=[4,6]; c3:bw=23,experts=[4,6]; c14:bw=43,experts=[4,5,6,7]; c0:bw=52,experts=[0,4,5,6,7]; c19:bw=32,experts=[1,4,6]; c6:bw=19,experts=[4]; c4:bw=39,experts=[4,6,7]; c8:bw=30,experts=[4,6,7]; c12:bw=28,experts=[4,6]; c11:bw=10,experts=[3]; c1:bw=39,experts=[4,6,7]; c7:bw=48,experts=[0,4,6,7]; c5:bw=43,experts=[4,5,6,7]; c9:bw=38,experts=[4,6,7]","2.6339,1.2532,4.1730,2.2747,3.0130,2.1310,3.1192,1.4837,3.8944,1.5150,3.6518,2.0318,3.3427,2.2885,2.4757,2.3706,3.7045,3.2217,1.3038,2.2603"
73,2026-09-23 21:05:36,Ours,0.01,2.1119076321969046,44.32,44.32,73,54.2881,0:54.29,52.8446,0.298,1.1432,3909.0133,1:05:09.01,20,"8,11,12,13,4,9,1,5,2,15,6,14,19,17,16,7,10,3,18,0",8:11;11:46;12:37;13:50;4:41;9:52;1:66;5:17;2:47;15:47;6:20;14:16;19:10;17:17;16:61;7:37;10:42;3:40;18:34;0:28,"8:[0];11:[4,5,6,7];12:[4,6,7];13:[0,4,5,6,7];4:[2,4,6,7];9:[0,4,5,6,7];1:[0,3,4,5,6,7];5:[2];2:[4,5,6,7];15:[4,5,6,7];6:[4,6];14:[0];19:[4];17:[2];16:[0,1,4,5,6,7];7:[2,4,6];10:[3,4,6,7];3:[4,5,6,7];18:[4,6,7];0:[2,4]","c8:bw=11,experts=[0]; c11:bw=46,experts=[4,5,6,7]; c12:bw=37,experts=[4,6,7]; c13:bw=50,experts=[0,4,5,6,7]; c4:bw=41,experts=[2,4,6,7]; c9:bw=52,experts=[0,4,5,6,7]; c1:bw=66,experts=[0,3,4,5,6,7]; c5:bw=17,experts=[2]; c2:bw=47,experts=[4,5,6,7]; c15:bw=47,experts=[4,5,6,7]; c6:bw=20,experts=[4,6]; c14:bw=16,experts=[0]; c19:bw=10,experts=[4]; c17:bw=17,experts=[2]; c16:bw=61,experts=[0,1,4,5,6,7]; c7:bw=37,experts=[2,4,6]; c10:bw=42,experts=[3,4,6,7]; c3:bw=40,experts=[4,5,6,7]; c18:bw=34,experts=[4,6,7]; c0:bw=28,experts=[2,4]","2.3278,2.4124,2.5013,4.1583,3.3476,2.2677,3.9080,1.3616,2.7657,3.1361,2.1344,4.0217,3.6268,2.2287,2.1220,3.2016,1.2498,1.4848,3.0980,1.4902"
74,2026-09-23 21:06:30,Ours,0.01,2.0721448727031495,44.47,44.47,74,53.6553,0:53.66,52.2054,0.2899,1.1576,3962.7009,1:06:02.70,20,"9,17,19,7,5,6,15,4,11,8,1,18,12,16,13,0,10,2,14,3",9:32;17:62;19:20;7:65;5:50;6:10;15:50;4:47;11:37;8:28;1:28;18:60;12:10;16:48;13:42;0:40;10:25;2:10;14:32;3:10,"9:[3,4,6];17:[0,1,4,5,6,7];19:[4,6];7:[0,3,4,5,6,7];5:[1,4,5,6,7];6:[4];15:[1,4,5,6,7];4:[4,5,6,7];11:[4,6,7];8:[4,5];1:[2,4];18:[1,3,4,5,6,7];12:[4];16:[4,5,6,7];13:[4,5,6,7];0:[1,4,6,7];10:[4,6];2:[2];14:[3,4,6];3:[2]","c9:bw=32,experts=[3,4,6]; c17:bw=62,experts=[0,1,4,5,6,7]; c19:bw=20,experts=[4,6]; c7:bw=65,experts=[0,3,4,5,6,7]; c5:bw=50,experts=[1,4,5,6,7]; c6:bw=10,experts=[4]; c15:bw=50,experts=[1,4,5,6,7]; c4:bw=47,experts=[4,5,6,7]; c11:bw=37,experts=[4,6,7]; c8:bw=28,experts=[4,5]; c1:bw=28,experts=[2,4]; c18:bw=60,experts=[1,3,4,5,6,7]; c12:bw=10,experts=[4]; c16:bw=48,experts=[4,5,6,7]; c13:bw=42,experts=[4,5,6,7]; c0:bw=40,experts=[1,4,6,7]; c10:bw=25,experts=[4,6]; c2:bw=10,experts=[2]; c14:bw=32,experts=[3,4,6]; c3:bw=10,experts=[2]","2.2790,2.2696,3.6889,3.2787,1.3108,2.0466,2.9940,3.3704,2.3921,2.2909,3.7043,3.1299,2.4720,2.1201,4.1343,1.4987,1.2528,2.6184,3.8871,1.4669"
75,2026-09-23 21:07:23,Ours,0.01,2.018046325595059,44.69,44.69,75,53.6463,0:53.65,52.1657,0.3177,1.1606,4016.379,1:06:56.38,20,"8,0,17,16,18,12,19,3,13,5,14,11,4,1,15,2,6,9,7,10",8:53;0:60;17:43;16:46;18:68;12:40;19:19;3:20;13:46;5:31;14:60;11:42;4:56;1:54;15:20;2:40;6:56;9:61;7:28;10:23,"8:[3,4,5,6,7];0:[0,1,4,5,6,7];17:[4,5,6,7];16:[4,5,6,7];18:[0,3,4,5,6,7];12:[0,4,6,7];19:[4];3:[1,4];13:[4,5,6,7];5:[4,6,7];14:[0,1,4,5,6,7];11:[4,5,6,7];4:[0,4,5,6,7];1:[0,3,4,6,7];15:[4,6];2:[3,4,6,7];6:[1,4,5,6,7];9:[0,1,4,5,6,7];7:[1,4];10:[4,6]","c8:bw=53,experts=[3,4,5,6,7]; c0:bw=60,experts=[0,1,4,5,6,7]; c17:bw=43,experts=[4,5,6,7]; c16:bw=46,experts=[4,5,6,7]; c18:bw=68,experts=[0,3,4,5,6,7]; c12:bw=40,experts=[0,4,6,7]; c19:bw=19,experts=[4]; c3:bw=20,experts=[1,4]; c13:bw=46,experts=[4,5,6,7]; c5:bw=31,experts=[4,6,7]; c14:bw=60,experts=[0,1,4,5,6,7]; c11:bw=42,experts=[4,5,6,7]; c4:bw=56,experts=[0,4,5,6,7]; c1:bw=54,experts=[0,3,4,6,7]; c15:bw=20,experts=[4,6]; c2:bw=40,experts=[3,4,6,7]; c6:bw=56,experts=[1,4,5,6,7]; c9:bw=61,experts=[0,1,4,5,6,7]; c7:bw=28,experts=[1,4]; c10:bw=23,experts=[4,6]","2.3270,1.5148,2.2761,2.1386,3.1373,2.5166,3.6524,1.4795,4.1435,1.3066,3.9157,2.3855,3.3525,3.7214,2.9511,2.6290,2.0366,2.2529,3.1941,1.2345"
76,2026-09-23 21:08:17,Ours,0.01,2.039972140425768,45.33,45.33,76,53.7877,0:53.79,52.3313,0.2997,1.1506,4070.1991,1:07:50.20,20,"12,3,15,1,18,8,5,10,6,0,4,17,2,7,13,11,14,19,9,16",12:21;3:15;15:42;1:53;18:39;8:29;5:37;10:46;6:23;0:31;4:60;17:33;2:25;7:66;13:39;11:42;14:22;19:44;9:57;16:39,"12:[1,5];3:[4];15:[4,5,6,7];1:[3,4,5,6,7];18:[4,6,7];8:[2,4];5:[4,6,7];10:[3,4,6,7];6:[4,6];0:[4,6,7];4:[0,3,4,5,6,7];17:[4,6,7];2:[4,6];7:[0,3,4,5,6,7];13:[1,4,6];11:[0,4,6,7];14:[2,4];19:[3,4,6,7];9:[0,4,5,6,7];16:[3,4,6]","c12:bw=21,experts=[1,5]; c3:bw=15,experts=[4]; c15:bw=42,experts=[4,5,6,7]; c1:bw=53,experts=[3,4,5,6,7]; c18:bw=39,experts=[4,6,7]; c8:bw=29,experts=[2,4]; c5:bw=37,experts=[4,6,7]; c10:bw=46,experts=[3,4,6,7]; c6:bw=23,experts=[4,6]; c0:bw=31,experts=[4,6,7]; c4:bw=60,experts=[0,3,4,5,6,7]; c17:bw=33,experts=[4,6,7]; c2:bw=25,experts=[4,6]; c7:bw=66,experts=[0,3,4,5,6,7]; c13:bw=39,experts=[1,4,6]; c11:bw=42,experts=[0,4,6,7]; c14:bw=22,experts=[2,4]; c19:bw=44,experts=[3,4,6,7]; c9:bw=57,experts=[0,4,5,6,7]; c16:bw=39,experts=[3,4,6]","2.5076,1.4888,3.0024,3.7711,3.1187,2.2992,1.3213,1.2633,2.0583,1.5214,3.3707,2.2754,2.6251,3.2534,4.1119,2.3777,3.8683,3.6750,2.2923,2.1292"
77,2026-09-23 21:09:11,Ours,0.01,2.0302962004709544,45.45,45.45,77,53.5393,0:53.54,52.0772,0.3149,1.1449,4123.772,1:08:43.77,20,"7,3,17,2,10,18,11,1,5,4,16,13,0,6,9,15,19,12,8,14",7:10;3:40;17:37;2:34;10:39;18:31;11:28;1:62;5:59;4:10;16:34;13:37;0:63;6:57;9:29;15:43;19:37;12:46;8:10;14:64,"7:[4];3:[4,5,6,7];17:[3,4,6];2:[4,6,7];10:[4,6,7];18:[4,6,7];11:[2,4];1:[0,3,4,5,6,7];5:[0,3,4,6,7];4:[1];16:[4,6,7];13:[3,4,6];0:[0,3,4,5,6,7];6:[0,4,5,6,7];9:[4,6];15:[4,5,6,7];19:[2,4,6];12:[3,4,6,7];8:[1];14:[0,3,4,5,6,7]","c7:bw=10,experts=[4]; c3:bw=40,experts=[4,5,6,7]; c17:bw=37,experts=[3,4,6]; c2:bw=34,experts=[4,6,7]; c10:bw=39,experts=[4,6,7]; c18:bw=31,experts=[4,6,7]; c11:bw=28,experts=[2,4]; c1:bw=62,experts=[0,3,4,5,6,7]; c5:bw=59,experts=[0,3,4,6,7]; c4:bw=10,experts=[1]; c16:bw=34,experts=[4,6,7]; c13:bw=37,experts=[3,4,6]; c0:bw=63,experts=[0,3,4,5,6,7]; c6:bw=57,experts=[0,4,5,6,7]; c9:bw=29,experts=[4,6]; c15:bw=43,experts=[4,5,6,7]; c19:bw=37,experts=[2,4,6]; c12:bw=46,experts=[3,4,6,7]; c8:bw=10,experts=[1]; c14:bw=64,experts=[0,3,4,5,6,7]","3.2175,1.4955,2.2726,2.6458,1.2659,3.1182,2.3830,3.7270,1.3109,3.3418,2.1246,4.1273,1.5075,2.0483,2.2685,2.9483,3.6215,2.4969,2.2652,3.8909"
78,2026-09-23 21:10:04,Ours,0.01,1.9835438437663755,45.57,45.57,78,53.7255,0:53.73,52.2599,0.2972,1.1661,4177.5317,1:09:37.53,20,"5,11,13,8,14,4,12,3,19,18,0,16,9,10,1,2,6,17,7,15",5:63;11:37;13:59;8:54;14:52;4:23;12:31;3:38;19:12;18:35;0:26;16:44;9:31;10:59;1:41;2:34;6:57;17:31;7:36;15:38,"5:[0,1,4,5,6,7];11:[1,4,6];13:[2,3,4,6,7];8:[0,4,5,6,7];14:[0,4,5,6,7];4:[4,6];12:[2,4,6];3:[4,6,7];19:[4];18:[4,6,7];0:[4,6];16:[3,4,6,7];9:[4,6,7];10:[0,4,5,6,7];1:[1,4,6,7];2:[4,6,7];6:[2,3,4,6,7];17:[4,6,7];7:[4,6,7];15:[0,2,4]","c5:bw=63,experts=[0,1,4,5,6,7]; c11:bw=37,experts=[1,4,6]; c13:bw=59,experts=[2,3,4,6,7]; c8:bw=54,experts=[0,4,5,6,7]; c14:bw=52,experts=[0,4,5,6,7]; c4:bw=23,experts=[4,6]; c12:bw=31,experts=[2,4,6]; c3:bw=38,experts=[4,6,7]; c19:bw=12,experts=[4]; c18:bw=35,experts=[4,6,7]; c0:bw=26,experts=[4,6]; c16:bw=44,experts=[3,4,6,7]; c9:bw=31,experts=[4,6,7]; c10:bw=59,experts=[0,4,5,6,7]; c1:bw=41,experts=[1,4,6,7]; c2:bw=34,experts=[4,6,7]; c6:bw=57,experts=[2,3,4,6,7]; c17:bw=31,experts=[4,6,7]; c7:bw=36,experts=[4,6,7]; c15:bw=38,experts=[0,2,4]","1.3129,2.3832,4.1589,2.3203,3.9181,3.3678,2.5174,1.4939,3.6485,3.1017,1.4921,2.1439,2.2806,1.3282,3.7059,2.6264,2.0416,2.2518,3.2142,2.9528"
79,2026-09-23 21:10:58,Ours,0.01,2.0539374974537314,45.58,45.58,79,53.7617,0:53.76,52.3021,0.3112,1.146,4231.3268,1:10:31.33,20,"2,10,17,18,13,9,4,15,16,1,8,5,12,3,0,19,14,6,11,7",2:33;10:34;17:58;18:12;13:43;9:10;4:80;15:54;16:59;1:37;8:44;5:53;12:10;3:26;0:36;19:26;14:62;6:21;11:32;7:46,"2:[0,1,4];10:[1,4,6];17:[0,4,5,6,7];18:[2];13:[4,5,6,7];9:[2];4:[0,1,2,3,4,5,6,7];15:[0,4,5,6,7];16:[2,4,5,6,7];1:[4,6,7];8:[4,5,6,7];5:[0,4,5,6,7];12:[4];3:[0,3];0:[4,6,7];19:[0,5];14:[0,3,4,5,6,7];6:[4,6];11:[4,6,7];7:[3,4,6,7]","c2:bw=33,experts=[0,1,4]; c10:bw=34,experts=[1,4,6]; c17:bw=58,experts=[0,4,5,6,7]; c18:bw=12,experts=[2]; c13:bw=43,experts=[4,5,6,7]; c9:bw=10,experts=[2]; c4:bw=80,experts=[0,1,2,3,4,5,6,7]; c15:bw=54,experts=[0,4,5,6,7]; c16:bw=59,experts=[2,4,5,6,7]; c1:bw=37,experts=[4,6,7]; c8:bw=44,experts=[4,5,6,7]; c5:bw=53,experts=[0,4,5,6,7]; c12:bw=10,experts=[4]; c3:bw=26,experts=[0,3]; c0:bw=36,experts=[4,6,7]; c19:bw=26,experts=[0,5]; c14:bw=62,experts=[0,3,4,5,6,7]; c6:bw=21,experts=[4,6]; c11:bw=32,experts=[4,6,7]; c7:bw=46,experts=[3,4,6,7]","2.6255,1.2597,2.2780,3.1061,4.1462,2.2903,3.3851,2.9931,2.1310,3.7377,2.3182,1.3110,2.4910,1.4733,1.5084,3.6721,3.9054,2.0394,2.3810,3.2495"
80,2026-09-23 21:11:52,Ours,0.01,1.9924543548325324,46.22,46.22,80,53.8291,0:53.83,52.3132,0.3092,1.2044,4285.1896,1:11:25.19,20,"13,8,5,14,11,7,18,15,4,0,3,6,10,19,17,16,12,1,9,2",13:39;8:51;5:65;14:30;11:62;7:48;18:13;15:41;4:57;0:47;3:31;6:39;10:18;19:35;17:61;16:44;12:10;1:31;9:53;2:44,"13:[4,6,7];8:[0,4,5,6,7];5:[0,3,4,5,6,7];14:[4,6,7];11:[0,3,4,5,6,7];7:[4,5,6,7];18:[4];15:[3,4,6,7];4:[3,4,5,6,7];0:[4,5,6,7];3:[4,6,7];6:[4,6,7];10:[2];19:[1,4,6];17:[1,3,4,5,6,7];16:[0,4,6,7];12:[4];1:[4,6,7];9:[0,4,5,6,7];2:[0,4,6,7]","c13:bw=39,experts=[4,6,7]; c8:bw=51,experts=[0,4,5,6,7]; c5:bw=65,experts=[0,3,4,5,6,7]; c14:bw=30,experts=[4,6,7]; c11:bw=62,experts=[0,3,4,5,6,7]; c7:bw=48,experts=[4,5,6,7]; c18:bw=13,experts=[4]; c15:bw=41,experts=[3,4,6,7]; c4:bw=57,experts=[3,4,5,6,7]; c0:bw=47,experts=[4,5,6,7]; c3:bw=31,experts=[4,6,7]; c6:bw=39,experts=[4,6,7]; c10:bw=18,experts=[2]; c19:bw=35,experts=[1,4,6]; c17:bw=61,experts=[1,3,4,5,6,7]; c16:bw=44,experts=[0,4,6,7]; c12:bw=10,experts=[4]; c1:bw=31,experts=[4,6,7]; c9:bw=53,experts=[0,4,5,6,7]; c2:bw=44,experts=[0,4,6,7]","4.1613,2.3204,1.3126,3.9297,2.4156,3.2708,3.1066,2.9933,3.3897,1.4965,1.4856,2.0581,1.2342,3.6698,2.2608,2.1187,2.4685,3.7142,2.2679,2.6387"
81,2026-09-23 21:12:47,Ours,0.01,1.9642898085022673,47.16,47.16,81,54.5379,0:54.54,53.0774,0.3128,1.1452,4339.7659,1:12:19.77,20,"9,10,5,15,19,8,14,17,18,11,3,1,7,13,12,2,16,0,4,6",9:26;10:44;5:30;15:65;19:52;8:48;14:46;17:27;18:60;11:22;3:67;1:49;7:58;13:21;12:75;2:45;16:35;0:50;4:42;6:51,"9:[4,6];10:[4,5,6,7];5:[2,4,6];15:[0,3,4,5,6,7];19:[0,4,5,6,7];8:[4,5,6,7];14:[4,5,6,7];17:[2,4];18:[0,3,4,5,6,7];11:[4,6];3:[0,3,4,5,6,7];1:[3,4,6,7];7:[2,4,5,6,7];13:[0,4];12:[0,1,3,4,5,6,7];2:[4,5,6,7];16:[1,4,6];0:[2,4,5,6,7];4:[4,5,6,7];6:[0,4,5,6,7]","c9:bw=26,experts=[4,6]; c10:bw=44,experts=[4,5,6,7]; c5:bw=30,experts=[2,4,6]; c15:bw=65,experts=[0,3,4,5,6,7]; c19:bw=52,experts=[0,4,5,6,7]; c8:bw=48,experts=[4,5,6,7]; c14:bw=46,experts=[4,5,6,7]; c17:bw=27,experts=[2,4]; c18:bw=60,experts=[0,3,4,5,6,7]; c11:bw=22,experts=[4,6]; c3:bw=67,experts=[0,3,4,5,6,7]; c1:bw=49,experts=[3,4,6,7]; c7:bw=58,experts=[2,4,5,6,7]; c13:bw=21,experts=[0,4]; c12:bw=75,experts=[0,1,3,4,5,6,7]; c2:bw=45,experts=[4,5,6,7]; c16:bw=35,experts=[1,4,6]; c0:bw=50,experts=[2,4,5,6,7]; c4:bw=42,experts=[4,5,6,7]; c6:bw=51,experts=[0,4,5,6,7]","2.4071,1.3249,1.3889,3.1914,3.8807,2.3940,3.9381,2.2646,3.1407,2.3873,1.4906,3.7383,3.2361,4.1092,2.5102,2.6411,2.1169,1.5073,3.3603,2.0497"
82,2026-09-23 21:13:41,Ours,0.01,1.962980082318042,47.57,47.57,82,53.9241,0:53.92,52.4458,0.3127,1.1632,4393.7245,1:13:13.72,20,"9,16,0,13,2,15,19,12,8,1,14,7,6,5,18,10,17,4,11,3",9:56;16:32;0:30;13:35;2:30;15:16;19:21;12:63;8:58;1:64;14:54;7:40;6:36;5:40;18:45;10:18;17:44;4:30;11:47;3:39,"9:[3,4,5,6,7];16:[4,6,7];0:[4,6,7];13:[4,6,7];2:[2,4,6];15:[1];19:[4,6];12:[0,3,4,5,6,7];8:[0,4,5,6,7];1:[2,3,4,5,6,7];14:[0,3,4,6,7];7:[4,5,6,7];6:[4,6,7];5:[4,5,6,7];18:[1,4,6,7];10:[4];17:[4,5,6,7];4:[4,6,7];11:[4,5,6,7];3:[2,4,6]","c9:bw=56,experts=[3,4,5,6,7]; c16:bw=32,experts=[4,6,7]; c0:bw=30,experts=[4,6,7]; c13:bw=35,experts=[4,6,7]; c2:bw=30,experts=[2,4,6]; c15:bw=16,experts=[1]; c19:bw=21,experts=[4,6]; c12:bw=63,experts=[0,3,4,5,6,7]; c8:bw=58,experts=[0,4,5,6,7]; c1:bw=64,experts=[2,3,4,5,6,7]; c14:bw=54,experts=[0,3,4,6,7]; c7:bw=40,experts=[4,5,6,7]; c6:bw=36,experts=[4,6,7]; c5:bw=40,experts=[4,5,6,7]; c18:bw=45,experts=[1,4,6,7]; c10:bw=18,experts=[4]; c17:bw=44,experts=[4,5,6,7]; c4:bw=30,experts=[4,6,7]; c11:bw=47,experts=[4,5,6,7]; c3:bw=39,experts=[2,4,6]","2.3040,2.1453,1.5270,4.1628,2.6468,2.9784,3.6999,2.5240,2.3285,3.7591,3.9254,3.2491,2.0627,1.2946,3.1040,1.2452,2.2660,3.3511,2.3888,1.4827"
83,2026-09-23 21:14:34,Ours,0.01,1.9670098452815534,47.66,47.66,83,53.8452,0:53.85,52.4201,0.2798,1.143,4447.6055,1:14:07.61,20,"3,15,11,14,6,4,5,7,2,19,0,17,16,8,1,10,9,13,12,18",3:42;15:39;11:27;14:39;6:53;4:10;5:10;7:37;2:41;19:67;0:10;17:31;16:49;8:39;1:63;10:37;9:51;13:46;12:44;18:21,"3:[1,4,6,7];15:[4,6,7];11:[4,6];14:[1,4,6];6:[0,1,4,6,7];4:[4];5:[4];7:[1,4,6];2:[3,4,6,7];19:[0,3,4,5,6,7];0:[1];17:[4,6,7];16:[4,5,6,7];8:[3,4,6];1:[0,3,4,5,6,7];10:[4,6,7];9:[1,4,5,6,7];13:[3,4,6,7];12:[4,5,6,7];18:[4,6]","c3:bw=42,experts=[1,4,6,7]; c15:bw=39,experts=[4,6,7]; c11:bw=27,experts=[4,6]; c14:bw=39,experts=[1,4,6]; c6:bw=53,experts=[0,1,4,6,7]; c4:bw=10,experts=[4]; c5:bw=10,experts=[4]; c7:bw=37,experts=[1,4,6]; c2:bw=41,experts=[3,4,6,7]; c19:bw=67,experts=[0,3,4,5,6,7]; c0:bw=10,experts=[1]; c17:bw=31,experts=[4,6,7]; c16:bw=49,experts=[4,5,6,7]; c8:bw=39,experts=[3,4,6]; c1:bw=63,experts=[0,3,4,5,6,7]; c10:bw=37,experts=[4,6,7]; c9:bw=51,experts=[1,4,5,6,7]; c13:bw=46,experts=[3,4,6,7]; c12:bw=44,experts=[4,5,6,7]; c18:bw=21,experts=[4,6]","1.4973,3.0192,2.4001,3.9139,2.0563,3.3500,1.2990,3.2592,2.6685,3.7148,1.5008,2.2635,2.1395,2.3198,3.7510,1.2538,2.2762,4.1298,2.4909,3.1165"
84,2026-09-23 21:15:28,Ours,0.01,1.9529835798746287,47.64,47.66,83,53.8516,0:53.85,52.3792,0.3101,1.16,4501.4914,1:15:01.49,20,"14,6,13,3,4,5,18,15,7,0,11,1,17,9,10,12,19,2,8,16",14:45;6:10;13:30;3:32;4:27;5:20;18:55;15:75;7:47;0:10;11:50;1:58;17:43;9:20;10:10;12:45;19:22;2:36;8:67;16:47,"14:[2,4,6,7];6:[4];13:[1,4,6];3:[4,6,7];4:[4,6];5:[4,6];18:[3,4,5,6,7];15:[0,1,3,4,5,6,7];7:[0,4,6,7];0:[4];11:[0,4,5,6,7];1:[3,4,5,6,7];17:[3,4,6,7];9:[4,6];10:[3];12:[4,5,6,7];19:[4,6];2:[4,6,7];8:[2,3,4,5,6,7];16:[4,5,6,7]","c14:bw=45,experts=[2,4,6,7]; c6:bw=10,experts=[4]; c13:bw=30,experts=[1,4,6]; c3:bw=32,experts=[4,6,7]; c4:bw=27,experts=[4,6]; c5:bw=20,experts=[4,6]; c18:bw=55,experts=[3,4,5,6,7]; c15:bw=75,experts=[0,1,3,4,5,6,7]; c7:bw=47,experts=[0,4,6,7]; c0:bw=10,experts=[4]; c11:bw=50,experts=[0,4,5,6,7]; c1:bw=58,experts=[3,4,5,6,7]; c17:bw=43,experts=[3,4,6,7]; c9:bw=20,experts=[4,6]; c10:bw=10,experts=[3]; c12:bw=45,experts=[4,5,6,7]; c19:bw=22,experts=[4,6]; c2:bw=36,experts=[4,6,7]; c8:bw=67,experts=[2,3,4,5,6,7]; c16:bw=47,experts=[4,5,6,7]","3.9368,2.0516,4.1398,1.5087,3.3648,1.3111,3.1550,3.0096,3.2419,1.5066,2.4072,3.7413,2.3606,2.2619,1.2404,2.4927,3.6247,2.6074,2.3021,2.1150"
85,2026-09-23 21:16:22,Ours,0.01,1.9344760728917607,47.61,47.66,83,53.7363,0:53.74,52.2883,0.3,1.1457,4555.2633,1:15:55.26,20,"5,16,9,12,6,18,15,0,11,17,14,2,7,19,10,1,4,13,3,8",5:12;16:19;9:58;12:47;6:42;18:51;15:70;0:38;11:10;17:49;14:44;2:45;7:11;19:54;10:44;1:57;4:42;13:35;3:51;8:70,"5:[4];16:[4];9:[0,4,5,6,7];12:[4,5,6,7];6:[4,5,6,7];18:[0,4,5,6,7];15:[0,1,3,4,5,6,7];0:[0,3,4];11:[2];17:[4,5,6,7];14:[4,5,6,7];2:[3,4,6,7];7:[4];19:[2,3,4,6,7];10:[4,5,6,7];1:[0,4,5,6,7];4:[4,5,6,7];13:[4,6,7];3:[0,4,5,6,7];8:[0,1,3,4,5,6,7]","c5:bw=12,experts=[4]; c16:bw=19,experts=[4]; c9:bw=58,experts=[0,4,5,6,7]; c12:bw=47,experts=[4,5,6,7]; c6:bw=42,experts=[4,5,6,7]; c18:bw=51,experts=[0,4,5,6,7]; c15:bw=70,experts=[0,1,3,4,5,6,7]; c0:bw=38,experts=[0,3,4]; c11:bw=10,experts=[2]; c17:bw=49,experts=[4,5,6,7]; c14:bw=44,experts=[4,5,6,7]; c2:bw=45,experts=[3,4,6,7]; c7:bw=11,experts=[4]; c19:bw=54,experts=[2,3,4,6,7]; c10:bw=44,experts=[4,5,6,7]; c1:bw=57,experts=[0,4,5,6,7]; c4:bw=42,experts=[4,5,6,7]; c13:bw=35,experts=[4,6,7]; c3:bw=51,experts=[0,4,5,6,7]; c8:bw=70,experts=[0,1,3,4,5,6,7]","1.3108,2.1208,2.2866,2.5219,2.0665,3.1380,3.0197,1.4980,2.3983,2.2680,3.9024,2.6326,3.2325,3.6854,1.2485,3.7151,3.3437,4.1021,1.4903,2.3071"
86,2026-09-23 21:17:16,Ours,0.01,1.9195809021612245,48.55,48.55,86,53.9,0:53.90,52.4388,0.2941,1.1647,4609.1991,1:16:49.20,20,"2,13,11,0,6,16,8,3,12,15,17,9,19,18,7,5,14,1,10,4",2:24;13:55;11:38;0:30;6:55;16:50;8:28;3:28;12:28;15:55;17:40;9:43;19:18;18:52;7:44;5:47;14:45;1:72;10:47;4:18,"2:[4,6];13:[2,3,4,6,7];11:[1,4,6];0:[4,6,7];6:[2,3,4,6,7];16:[3,4,5,6,7];8:[4,6];3:[4,6];12:[2,4];15:[2,3,4,6,7];17:[4,5,6,7];9:[4,5,6,7];19:[4];18:[0,3,4,6,7];7:[4,5,6,7];5:[1,4,6,7];14:[3,4,6,7];1:[0,1,3,4,5,6,7];10:[0,4,6,7];4:[4]","c2:bw=24,experts=[4,6]; c13:bw=55,experts=[2,3,4,6,7]; c11:bw=38,experts=[1,4,6]; c0:bw=30,experts=[4,6,7]; c6:bw=55,experts=[2,3,4,6,7]; c16:bw=50,experts=[3,4,5,6,7]; c8:bw=28,experts=[4,6]; c3:bw=28,experts=[4,6]; c12:bw=28,experts=[2,4]; c15:bw=55,experts=[2,3,4,6,7]; c17:bw=40,experts=[4,5,6,7]; c9:bw=43,experts=[4,5,6,7]; c19:bw=18,experts=[4]; c18:bw=52,experts=[0,3,4,6,7]; c7:bw=44,experts=[4,5,6,7]; c5:bw=47,experts=[1,4,6,7]; c14:bw=45,experts=[3,4,6,7]; c1:bw=72,experts=[0,1,3,4,5,6,7]; c10:bw=47,experts=[0,4,6,7]; c4:bw=18,experts=[4]","2.6587,4.1782,2.4169,1.5132,2.0722,2.1608,2.3193,1.5038,2.5177,2.9919,2.2701,2.2830,3.6704,3.1296,3.2209,1.2984,3.8958,3.7529,1.2611,3.3240"
87,2026-09-23 21:18:10,Ours,0.01,1.91492774897945,48.63,48.63,87,53.7796,0:53.78,52.3343,0.3017,1.1413,4663.0144,1:17:43.01,20,"15,6,13,4,8,11,3,9,17,14,5,0,18,10,16,1,19,2,12,7",15:63;6:60;13:45;4:34;8:46;11:18;3:68;9:37;17:25;14:36;5:10;0:35;18:45;10:49;16:45;1:29;19:33;2:67;12:45;7:22,"15:[1,3,4,5,6,7];6:[0,3,4,5,6,7];13:[4,5,6,7];4:[0,1,2];8:[4,5,6,7];11:[4];3:[0,3,4,5,6,7];9:[2,4,6];17:[0,4];14:[4,6,7];5:[4];0:[4,6,7];18:[2,4,6,7];10:[1,4,6,7];16:[2,4,6,7];1:[4,6];19:[4,6,7];2:[0,1,4,5,6,7];12:[4,5,6,7];7:[3,4]","c15:bw=63,experts=[1,3,4,5,6,7]; c6:bw=60,experts=[0,3,4,5,6,7]; c13:bw=45,experts=[4,5,6,7]; c4:bw=34,experts=[0,1,2]; c8:bw=46,experts=[4,5,6,7]; c11:bw=18,experts=[4]; c3:bw=68,experts=[0,3,4,5,6,7]; c9:bw=37,experts=[2,4,6]; c17:bw=25,experts=[0,4]; c14:bw=36,experts=[4,6,7]; c5:bw=10,experts=[4]; c0:bw=35,experts=[4,6,7]; c18:bw=45,experts=[2,4,6,7]; c10:bw=49,experts=[1,4,6,7]; c16:bw=45,experts=[2,4,6,7]; c1:bw=29,experts=[4,6]; c19:bw=33,experts=[4,6,7]; c2:bw=67,experts=[0,1,4,5,6,7]; c12:bw=45,experts=[4,5,6,7]; c7:bw=22,experts=[3,4]","3.0008,2.0781,4.1734,3.3794,2.3277,2.4016,1.4940,2.2855,2.2437,3.9368,1.3038,1.5195,3.1010,1.2489,2.1308,3.7146,3.6480,2.6422,2.4769,3.2273"
88,2026-09-23 21:19:04,Ours,0.01,1.9189451280269865,48.43,48.63,87,54.5422,0:54.54,53.0847,0.3081,1.1472,4717.5932,1:18:37.59,20,"15,0,7,16,13,1,18,2,8,17,4,6,11,5,19,14,3,9,12,10",15:60;0:62;7:41;16:30;13:34;1:28;18:22;2:46;8:43;17:30;4:38;6:27;11:10;5:30;19:23;14:10;3:33;9:31;12:61;10:71,"15:[0,3,4,5,6,7];0:[0,3,4,5,6,7];7:[3,4,6,7];16:[0,4,6];13:[4,6,7];1:[4,6];18:[4,6];2:[4,5,6,7];8:[4,5,6,7];17:[1,4,6];4:[3,4,6];6:[4,6];11:[3];5:[0,3,4];19:[1,4];14:[4];3:[4,6,7];9:[4,6,7];12:[0,3,4,5,6,7];10:[0,2,3,4,5,6,7]","c15:bw=60,experts=[0,3,4,5,6,7]; c0:bw=62,experts=[0,3,4,5,6,7]; c7:bw=41,experts=[3,4,6,7]; c16:bw=30,experts=[0,4,6]; c13:bw=34,experts=[4,6,7]; c1:bw=28,experts=[4,6]; c18:bw=22,experts=[4,6]; c2:bw=46,experts=[4,5,6,7]; c8:bw=43,experts=[4,5,6,7]; c17:bw=30,experts=[1,4,6]; c4:bw=38,experts=[3,4,6]; c6:bw=27,experts=[4,6]; c11:bw=10,experts=[3]; c5:bw=30,experts=[0,3,4]; c19:bw=23,experts=[1,4]; c14:bw=10,experts=[4]; c3:bw=33,experts=[4,6,7]; c9:bw=31,experts=[4,6,7]; c12:bw=61,experts=[0,3,4,5,6,7]; c10:bw=71,experts=[0,2,3,4,5,6,7]","3.0132,1.5167,3.2766,2.1308,4.1488,3.7520,3.1162,2.6470,2.3193,2.2619,3.3975,2.1678,2.5185,1.3637,3.8333,4.0424,1.5401,2.2682,2.5110,1.2595"
89,2026-09-23 21:19:58,Ours,0.01,1.9261992531843841,48.88,48.88,89,53.8595,0:53.86,52.4126,0.2989,1.1456,4771.4884,1:19:31.49,20,"5,2,7,4,18,10,15,9,8,0,16,19,11,14,12,13,1,3,17,6",5:46;2:44;7:21;4:30;18:55;10:28;15:61;9:60;8:74;0:13;16:50;19:16;11:36;14:30;12:34;13:10;1:41;3:31;17:40;6:32,"5:[2,4,6,7];2:[4,5,6,7];7:[2,4];4:[4,6,7];18:[0,4,5,6,7];10:[4,6];15:[0,3,4,5,6,7];9:[0,3,4,5,6,7];8:[0,1,3,4,5,6,7];0:[2];16:[1,4,5,6,7];19:[4];11:[4,6,7];14:[4,6,7];12:[1,4,6];13:[0];1:[4,5,6,7];3:[4,6,7];17:[2,4,6,7];6:[4,6,7]","c5:bw=46,experts=[2,4,6,7]; c2:bw=44,experts=[4,5,6,7]; c7:bw=21,experts=[2,4]; c4:bw=30,experts=[4,6,7]; c18:bw=55,experts=[0,4,5,6,7]; c10:bw=28,experts=[4,6]; c15:bw=61,experts=[0,3,4,5,6,7]; c9:bw=60,experts=[0,3,4,5,6,7]; c8:bw=74,experts=[0,1,3,4,5,6,7]; c0:bw=13,experts=[2]; c16:bw=50,experts=[1,4,5,6,7]; c19:bw=16,experts=[4]; c11:bw=36,experts=[4,6,7]; c14:bw=30,experts=[4,6,7]; c12:bw=34,experts=[1,4,6]; c13:bw=10,experts=[0]; c1:bw=41,experts=[4,5,6,7]; c3:bw=31,experts=[4,6,7]; c17:bw=40,experts=[2,4,6,7]; c6:bw=32,experts=[4,6,7]","1.3250,2.6646,3.2543,3.3942,3.1500,1.2612,3.0177,2.3093,2.3466,1.5112,2.1321,3.6680,2.3995,3.9030,2.4851,4.0938,3.7132,1.4868,2.2514,2.0455"
90,2026-09-23 21:20:52,Ours,0.01,1.896340935628643,49.57,49.57,90,53.9929,0:53.99,52.5552,0.2836,1.1517,4825.5175,1:20:25.52,20,"12,10,0,2,17,14,19,7,16,3,18,4,13,11,1,8,9,6,5,15",12:43;10:10;0:64;2:21;17:22;14:16;19:15;7:72;16:57;3:36;18:50;4:35;13:65;11:41;1:31;8:50;9:63;6:26;5:27;15:61,"12:[4,5,6,7];10:[4];0:[0,3,4,5,6,7];2:[2,4];17:[4,6];14:[0];19:[4];7:[0,1,3,4,5,6,7];16:[3,4,5,6,7];3:[2,4,6];18:[1,4,5,6,7];4:[4,6,7];13:[0,3,4,5,6,7];11:[4,5,6,7];1:[2,4,6];8:[0,4,5,6,7];9:[0,3,4,5,6,7];6:[4,6];5:[4,5];15:[0,3,4,5,6,7]","c12:bw=43,experts=[4,5,6,7]; c10:bw=10,experts=[4]; c0:bw=64,experts=[0,3,4,5,6,7]; c2:bw=21,experts=[2,4]; c17:bw=22,experts=[4,6]; c14:bw=16,experts=[0]; c19:bw=15,experts=[4]; c7:bw=72,experts=[0,1,3,4,5,6,7]; c16:bw=57,experts=[3,4,5,6,7]; c3:bw=36,experts=[2,4,6]; c18:bw=50,experts=[1,4,5,6,7]; c4:bw=35,experts=[4,6,7]; c13:bw=65,experts=[0,3,4,5,6,7]; c11:bw=41,experts=[4,5,6,7]; c1:bw=31,experts=[2,4,6]; c8:bw=50,experts=[0,4,5,6,7]; c9:bw=63,experts=[0,3,4,5,6,7]; c6:bw=26,experts=[4,6]; c5:bw=27,experts=[4,5]; c15:bw=61,experts=[0,3,4,5,6,7]","2.5220,1.2505,1.5115,2.6429,2.2707,3.9203,3.6699,3.2635,2.1384,1.4920,3.1270,3.3498,4.2490,2.3902,3.8298,2.3109,2.2935,2.0530,1.2916,2.9789"
91,2026-09-23 21:21:46,Ours,0.01,1.8749869407983115,50.19,50.19,91,53.9816,0:53.98,52.5249,0.3065,1.1478,4879.5391,1:21:19.54,20,"5,6,1,17,18,7,8,4,19,2,10,3,11,12,14,15,13,0,9,16",5:52;6:29;1:50;17:63;18:13;7:51;8:23;4:54;19:51;2:11;10:49;3:40;11:67;12:62;14:42;15:45;13:46;0:22;9:35;16:24,"5:[3,4,5,6,7];6:[1,4];1:[0,3,4,6,7];17:[0,3,4,5,6,7];18:[4];7:[0,4,5,6,7];8:[4,6];4:[0,4,5,6,7];19:[0,4,5,6,7];2:[4];10:[3,4,6,7];3:[1,4,6,7];11:[0,3,4,5,6,7];12:[0,1,3,4,6,7];14:[1,4,6,7];15:[4,5,6,7];13:[4,5,6,7];0:[1,4];9:[1,4,6];16:[4,6]","c5:bw=52,experts=[3,4,5,6,7]; c6:bw=29,experts=[1,4]; c1:bw=50,experts=[0,3,4,6,7]; c17:bw=63,experts=[0,3,4,5,6,7]; c18:bw=13,experts=[4]; c7:bw=51,experts=[0,4,5,6,7]; c8:bw=23,experts=[4,6]; c4:bw=54,experts=[0,4,5,6,7]; c19:bw=51,experts=[0,4,5,6,7]; c2:bw=11,experts=[4]; c10:bw=49,experts=[3,4,6,7]; c3:bw=40,experts=[1,4,6,7]; c11:bw=67,experts=[0,3,4,5,6,7]; c12:bw=62,experts=[0,1,3,4,6,7]; c14:bw=42,experts=[1,4,6,7]; c15:bw=45,experts=[4,5,6,7]; c13:bw=46,experts=[4,5,6,7]; c0:bw=22,experts=[1,4]; c9:bw=35,experts=[1,4,6]; c16:bw=24,experts=[4,6]","1.3224,2.0736,3.7828,2.2860,3.1264,3.2856,2.3063,3.3885,3.7172,2.6226,1.2670,1.4876,2.4130,2.5934,3.9018,2.9807,4.1249,1.4847,2.2501,2.1102"
92,2026-09-23 21:22:40,Ours,0.01,1.8955170101859373,49.79,50.19,91,53.7159,0:53.72,52.2779,0.2959,1.1399,4933.291,1:22:13.29,20,"15,11,19,17,5,4,7,9,6,8,2,0,3,12,16,13,1,10,18,14",15:19;11:15;19:54;17:32;5:66;4:26;7:34;9:56;6:45;8:19;2:25;0:29;3:28;12:48;16:14;13:17;1:20;10:37;18:37;14:30,"15:[4];11:[4];19:[3,4,5,6,7];17:[4,6,7];5:[0,3,4,5,6,7];4:[4,6];7:[4,6,7];9:[0,3,4,6,7];6:[3,4,6,7];8:[2];2:[4,6];0:[4,6];3:[4,6];12:[3,4,6,7];16:[4];13:[1];1:[4,6];10:[4,6,7];18:[4,6,7];14:[2,4,6]","c15:bw=19,experts=[4]; c11:bw=15,experts=[4]; c19:bw=54,experts=[3,4,5,6,7]; c17:bw=32,experts=[4,6,7]; c5:bw=66,experts=[0,3,4,5,6,7]; c4:bw=26,experts=[4,6]; c7:bw=34,experts=[4,6,7]; c9:bw=56,experts=[0,3,4,6,7]; c6:bw=45,experts=[3,4,6,7]; c8:bw=19,experts=[2]; c2:bw=25,experts=[4,6]; c0:bw=29,experts=[4,6]; c3:bw=28,experts=[4,6]; c12:bw=48,experts=[3,4,6,7]; c16:bw=14,experts=[4]; c13:bw=17,experts=[1]; c1:bw=20,experts=[4,6]; c10:bw=37,experts=[4,6,7]; c18:bw=37,experts=[4,6,7]; c14:bw=30,experts=[2,4,6]","2.9828,2.3952,3.7242,2.2834,1.3151,3.3781,3.2587,2.2837,2.0661,2.3016,2.6566,1.5125,1.4877,2.4889,2.1250,4.0760,3.7145,1.2367,3.1040,3.8871"
93,2026-09-23 21:23:34,Ours,0.01,1.867952870831208,49.86,50.19,91,53.9719,0:53.97,52.5306,0.296,1.1431,4987.3,1:23:07.30,20,"9,1,6,8,15,18,0,17,5,3,12,4,14,7,11,19,16,2,10,13",9:58;1:47;6:22;8:10;15:36;18:23;0:19;17:32;5:10;3:31;12:52;4:32;14:25;7:22;11:32;19:39;16:46;2:51;10:15;13:63,"9:[3,4,5,6,7];1:[4,5,6,7];6:[4,6];8:[4];15:[4,6,7];18:[4,6];0:[4];17:[4,6,7];5:[4];3:[4,6,7];12:[0,4,5,6,7];4:[4,6,7];14:[4,5];7:[4,6];11:[2,4,6];19:[2,4,6];16:[3,4,6,7];2:[0,3,4,6,7];10:[4];13:[0,3,4,5,6,7]","c9:bw=58,experts=[3,4,5,6,7]; c1:bw=47,experts=[4,5,6,7]; c6:bw=22,experts=[4,6]; c8:bw=10,experts=[4]; c15:bw=36,experts=[4,6,7]; c18:bw=23,experts=[4,6]; c0:bw=19,experts=[4]; c17:bw=32,experts=[4,6,7]; c5:bw=10,experts=[4]; c3:bw=31,experts=[4,6,7]; c12:bw=52,experts=[0,4,5,6,7]; c4:bw=32,experts=[4,6,7]; c14:bw=25,experts=[4,5]; c7:bw=22,experts=[4,6]; c11:bw=32,experts=[2,4,6]; c19:bw=39,experts=[2,4,6]; c16:bw=46,experts=[3,4,6,7]; c2:bw=51,experts=[0,3,4,6,7]; c10:bw=15,experts=[4]; c13:bw=63,experts=[0,3,4,5,6,7]","2.3009,3.7804,2.0775,2.3169,3.0019,3.1343,1.5027,2.2630,1.3224,1.5090,2.5105,3.3717,3.9074,3.2557,2.4011,3.6768,2.1407,2.6465,1.2481,4.1633"
94,2026-09-23 21:24:28,Ours,0.01,1.8842712702104367,50.36,50.36,94,53.9507,0:53.95,52.4931,0.2958,1.1595,5041.288,1:24:01.29,20,"9,19,3,10,16,6,4,18,13,12,17,11,7,8,0,15,2,1,14,5",9:50;19:48;3:34;10:61;16:28;6:30;4:31;18:47;13:44;12:14;17:12;11:48;7:45;8:10;0:55;15:40;2:65;1:70;14:38;5:41,"9:[0,3,4,6,7];19:[4,5,6,7];3:[4,6,7];10:[0,1,3,4,6,7];16:[4,6];6:[2,4,6];4:[4,6,7];18:[3,4,6,7];13:[2,4,6,7];12:[2];17:[4];11:[1,4,6,7];7:[3,4,6,7];8:[4];0:[0,3,4,6,7];15:[2,4,6,7];2:[0,3,4,5,6,7];1:[0,1,3,4,5,6,7];14:[3,4,6];5:[1,4,6,7]","c9:bw=50,experts=[0,3,4,6,7]; c19:bw=48,experts=[4,5,6,7]; c3:bw=34,experts=[4,6,7]; c10:bw=61,experts=[0,1,3,4,6,7]; c16:bw=28,experts=[4,6]; c6:bw=30,experts=[2,4,6]; c4:bw=31,experts=[4,6,7]; c18:bw=47,experts=[3,4,6,7]; c13:bw=44,experts=[2,4,6,7]; c12:bw=14,experts=[2]; c17:bw=12,experts=[4]; c11:bw=48,experts=[1,4,6,7]; c7:bw=45,experts=[3,4,6,7]; c8:bw=10,experts=[4]; c0:bw=55,experts=[0,3,4,6,7]; c15:bw=40,experts=[2,4,6,7]; c2:bw=65,experts=[0,3,4,5,6,7]; c1:bw=70,experts=[0,1,3,4,5,6,7]; c14:bw=38,experts=[3,4,6]; c5:bw=41,experts=[1,4,6,7]","2.2917,3.7172,1.5050,1.2593,2.1390,2.0694,3.3744,3.1431,4.1467,2.5061,2.2611,2.4129,3.2679,2.2872,1.5059,2.9875,2.6547,3.7519,3.8959,1.3162"
95,2026-09-23 21:25:23,Ours,0.01,1.8597818646501907,50.51,50.51,95,54.5496,0:54.55,52.9626,0.3124,1.2722,5095.8753,1:24:55.88,20,"7,16,1,12,4,9,17,5,14,10,15,0,19,8,13,3,18,11,2,6",7:59;16:24;1:31;12:10;4:15;9:42;17:47;5:10;14:49;10:42;15:34;0:35;19:42;8:76;13:59;3:41;18:28;11:10;2:23;6:40,"7:[3,4,5,6,7];16:[2,4];1:[4,6,7];12:[4];4:[1];9:[2,4,6,7];17:[3,4,6,7];5:[4];14:[3,4,6,7];10:[4,5,6,7];15:[1,4,6];0:[4,6,7];19:[3,4,6,7];8:[0,2,3,4,5,6,7];13:[3,4,5,6,7];3:[0,3,4,5];18:[2,4];11:[4];2:[1,4];6:[0,4,5,6]","c7:bw=59,experts=[3,4,5,6,7]; c16:bw=24,experts=[2,4]; c1:bw=31,experts=[4,6,7]; c12:bw=10,experts=[4]; c4:bw=15,experts=[1]; c9:bw=42,experts=[2,4,6,7]; c17:bw=47,experts=[3,4,6,7]; c5:bw=10,experts=[4]; c14:bw=49,experts=[3,4,6,7]; c10:bw=42,experts=[4,5,6,7]; c15:bw=34,experts=[1,4,6]; c0:bw=35,experts=[4,6,7]; c19:bw=42,experts=[3,4,6,7]; c8:bw=76,experts=[0,2,3,4,5,6,7]; c13:bw=59,experts=[3,4,5,6,7]; c3:bw=41,experts=[0,3,4,5]; c18:bw=28,experts=[2,4]; c11:bw=10,experts=[4]; c2:bw=23,experts=[1,4]; c6:bw=40,experts=[0,4,5,6]","3.2927,2.1364,3.7759,2.4988,3.3777,2.2948,2.2806,1.3163,3.9393,1.2718,3.0004,1.5027,3.7285,2.3325,4.1462,1.4858,3.1204,2.4625,2.8435,2.1559"
96,2026-09-23 21:26:18,Ours,0.01,1.8486265989119084,50.92,50.92,96,55.5768,0:55.58,54.1275,0.3004,1.1465,5151.4945,1:25:51.49,20,"6,15,14,17,2,9,11,3,0,8,18,5,13,1,4,19,16,12,10,7",6:31;15:78;14:10;17:35;2:65;9:44;11:44;3:46;0:36;8:64;18:29;5:60;13:55;1:36;4:49;19:38;16:72;12:71;10:53;7:50,"6:[4,6,7];15:[0,1,3,4,5,6,7];14:[4];17:[1,4,6];2:[0,3,4,5,6,7];9:[4,5,6,7];11:[4,5,6,7];3:[4,5,6,7];0:[4,6,7];8:[0,3,4,5,6,7];18:[4,6];5:[0,3,4,5,6,7];13:[0,4,5,6,7];1:[4,6,7];4:[2,3,4,6];19:[1,4,6];16:[0,1,3,4,5,6,7];12:[0,1,3,4,5,6,7];10:[2,3,4,6,7];7:[1,3,4,6,7]","c6:bw=31,experts=[4,6,7]; c15:bw=78,experts=[0,1,3,4,5,6,7]; c14:bw=10,experts=[4]; c17:bw=35,experts=[1,4,6]; c2:bw=65,experts=[0,3,4,5,6,7]; c9:bw=44,experts=[4,5,6,7]; c11:bw=44,experts=[4,5,6,7]; c3:bw=46,experts=[4,5,6,7]; c0:bw=36,experts=[4,6,7]; c8:bw=64,experts=[0,3,4,5,6,7]; c18:bw=29,experts=[4,6]; c5:bw=60,experts=[0,3,4,5,6,7]; c13:bw=55,experts=[0,4,5,6,7]; c1:bw=36,experts=[4,6,7]; c4:bw=49,experts=[2,3,4,6]; c19:bw=38,experts=[1,4,6]; c16:bw=72,experts=[0,1,3,4,5,6,7]; c12:bw=71,experts=[0,1,3,4,5,6,7]; c10:bw=53,experts=[2,3,4,6,7]; c7:bw=50,experts=[1,3,4,6,7]","2.2301,3.3428,4.0147,2.3885,2.8075,2.4134,2.5413,1.5878,1.5504,2.4007,3.1272,1.3236,4.1621,3.9519,3.3475,3.7514,2.1478,2.5263,1.2557,3.2570"
97,2026-09-23 21:27:12,Ours,0.01,1.8328630155279604,51.48,51.48,97,54.047,0:54.05,52.5766,0.314,1.154,5205.5802,1:26:45.58,20,"12,2,4,6,9,10,1,19,7,0,3,17,18,5,14,15,13,11,16,8",12:13;2:54;4:16;6:50;9:43;10:51;1:50;19:30;7:30;0:41;3:35;17:54;18:70;5:46;14:23;15:59;13:51;11:22;16:54;8:43,"12:[4];2:[0,4,5,6,7];4:[4];6:[0,3,4,6,7];9:[4,5,6,7];10:[0,3,4,6,7];1:[0,4,5,6,7];19:[4,6,7];7:[2,4,6];0:[2,4,6,7];3:[4,6,7];17:[0,2,4,6,7];18:[0,1,3,4,5,6,7];5:[2,4,6,7];14:[4,6];15:[0,3,4,6,7];13:[0,4,5,6,7];11:[4,6];16:[0,3,4,6,7];8:[1,4,6,7]","c12:bw=13,experts=[4]; c2:bw=54,experts=[0,4,5,6,7]; c4:bw=16,experts=[4]; c6:bw=50,experts=[0,3,4,6,7]; c9:bw=43,experts=[4,5,6,7]; c10:bw=51,experts=[0,3,4,6,7]; c1:bw=50,experts=[0,4,5,6,7]; c19:bw=30,experts=[4,6,7]; c7:bw=30,experts=[2,4,6]; c0:bw=41,experts=[2,4,6,7]; c3:bw=35,experts=[4,6,7]; c17:bw=54,experts=[0,2,4,6,7]; c18:bw=70,experts=[0,1,3,4,5,6,7]; c5:bw=46,experts=[2,4,6,7]; c14:bw=23,experts=[4,6]; c15:bw=59,experts=[0,3,4,6,7]; c13:bw=51,experts=[0,4,5,6,7]; c11:bw=22,experts=[4,6]; c16:bw=54,experts=[0,3,4,6,7]; c8:bw=43,experts=[1,4,6,7]","2.5207,2.6775,3.3777,2.0887,2.2949,1.2697,3.7690,3.7351,3.2592,1.5073,1.4951,2.2801,3.1409,1.3068,3.9021,2.9905,4.1365,2.3898,2.1303,2.3045"
98,2026-09-23 21:28:06,Ours,0.01,1.822034970636197,51.18,51.48,97,53.8746,0:53.87,52.414,0.3114,1.1468,5259.4933,1:27:39.49,20,"10,4,2,17,15,7,19,14,11,16,13,1,6,5,9,3,18,0,12,8",10:45;4:52;2:24;17:17;15:17;7:24;19:45;14:67;11:10;16:41;13:31;1:26;6:36;5:49;9:27;3:25;18:32;0:33;12:16;8:54,"10:[4,5,6,7];4:[0,3,4,6,7];2:[2,4];17:[4];15:[4];7:[4,6];19:[0,4,6,7];14:[0,3,4,5,6,7];11:[4];16:[0,4,6,7];13:[4,6,7];1:[2,4];6:[4,6,7];5:[3,4,6,7];9:[4,6];3:[2,4];18:[4,6,7];0:[4,5,6];12:[4];8:[0,3,4,6,7]","c10:bw=45,experts=[4,5,6,7]; c4:bw=52,experts=[0,3,4,6,7]; c2:bw=24,experts=[2,4]; c17:bw=17,experts=[4]; c15:bw=17,experts=[4]; c7:bw=24,experts=[4,6]; c19:bw=45,experts=[0,4,6,7]; c14:bw=67,experts=[0,3,4,5,6,7]; c11:bw=10,experts=[4]; c16:bw=41,experts=[0,4,6,7]; c13:bw=31,experts=[4,6,7]; c1:bw=26,experts=[2,4]; c6:bw=36,experts=[4,6,7]; c5:bw=49,experts=[3,4,6,7]; c9:bw=27,experts=[4,6]; c3:bw=25,experts=[2,4]; c18:bw=32,experts=[4,6,7]; c0:bw=33,experts=[4,5,6]; c12:bw=16,experts=[4]; c8:bw=54,experts=[0,3,4,6,7]","1.2677,3.4032,2.6512,2.2669,2.9901,3.2457,3.7117,3.9484,2.4037,2.1490,4.1558,3.7259,2.0625,1.3104,2.2550,1.4745,3.1195,1.4919,2.4720,2.3089"
99,2026-09-23 21:29:00,Ours,0.01,1.8285499833246142,51.23,51.48,97,54.0397,0:54.04,52.5953,0.2842,1.1579,5313.5722,1:28:33.57,20,"13,0,14,4,19,9,16,3,12,10,7,11,1,15,6,17,18,8,5,2",13:25;0:40;14:33;4:24;19:48;9:20;16:34;3:38;12:34;10:11;7:45;11:10;1:59;15:47;6:35;17:43;18:55;8:34;5:49;2:31,"13:[4,6];0:[1,4,6,7];14:[1,4,6];4:[4,5];19:[4,5,6,7];9:[1,4];16:[4,6,7];3:[1,4,6];12:[4,6,7];10:[4];7:[0,4,6,7];11:[0];1:[0,3,4,6,7];15:[4,5,6,7];6:[1,4,6];17:[4,5,6,7];18:[0,3,4,6,7];8:[4,6,7];5:[3,4,6,7];2:[4,6,7]","c13:bw=25,experts=[4,6]; c0:bw=40,experts=[1,4,6,7]; c14:bw=33,experts=[1,4,6]; c4:bw=24,experts=[4,5]; c19:bw=48,experts=[4,5,6,7]; c9:bw=20,experts=[1,4]; c16:bw=34,experts=[4,6,7]; c3:bw=38,experts=[1,4,6]; c12:bw=34,experts=[4,6,7]; c10:bw=11,experts=[4]; c7:bw=45,experts=[0,4,6,7]; c11:bw=10,experts=[0]; c1:bw=59,experts=[0,3,4,6,7]; c15:bw=47,experts=[4,5,6,7]; c6:bw=35,experts=[1,4,6]; c17:bw=43,experts=[4,5,6,7]; c18:bw=55,experts=[0,3,4,6,7]; c8:bw=34,experts=[4,6,7]; c5:bw=49,experts=[3,4,6,7]; c2:bw=31,experts=[4,6,7]","4.1546,1.5117,3.9383,3.4373,3.7098,2.2737,2.1480,1.5061,2.5117,1.2465,3.3132,2.4359,3.7704,2.9925,2.0520,2.2613,3.1136,2.3001,1.3018,2.6167"
100,2026-09-23 21:29:54,Ours,0.01,1.8488967156270804,51.94,51.94,100,54.0481,0:54.05,52.5864,0.3002,1.1591,5367.6599,1:29:27.66,20,"10,12,11,0,4,7,6,17,14,1,13,8,2,18,16,9,5,3,15,19",10:56;12:37;11:17;0:64;4:65;7:10;6:44;17:55;14:10;1:17;13:10;8:44;2:30;18:80;16:46;9:53;5:18;3:42;15:30;19:18,"10:[0,4,5,6,7];12:[4,6,7];11:[3];0:[0,3,4,5,6,7];4:[0,3,4,5,6,7];7:[4];6:[3,4,6,7];17:[0,4,5,6,7];14:[2];1:[4];13:[1];8:[0,4,6,7];2:[4,6,7];18:[0,1,2,3,4,5,6,7];16:[3,4,6,7];9:[3,4,5,6,7];5:[4];3:[3,4,6,7];15:[4,6,7];19:[4]","c10:bw=56,experts=[0,4,5,6,7]; c12:bw=37,experts=[4,6,7]; c11:bw=17,experts=[3]; c0:bw=64,experts=[0,3,4,5,6,7]; c4:bw=65,experts=[0,3,4,5,6,7]; c7:bw=10,experts=[4]; c6:bw=44,experts=[3,4,6,7]; c17:bw=55,experts=[0,4,5,6,7]; c14:bw=10,experts=[2]; c1:bw=17,experts=[4]; c13:bw=10,experts=[1]; c8:bw=44,experts=[0,4,6,7]; c2:bw=30,experts=[4,6,7]; c18:bw=80,experts=[0,1,2,3,4,5,6,7]; c16:bw=46,experts=[3,4,6,7]; c9:bw=53,experts=[3,4,5,6,7]; c5:bw=18,experts=[4]; c3:bw=42,experts=[3,4,6,7]; c15:bw=30,experts=[4,6,7]; c19:bw=18,experts=[4]","1.2611,2.5256,2.4089,1.5264,3.3936,3.2420,2.0924,2.3109,3.9592,3.7536,4.1547,2.3276,2.6424,3.1308,2.1454,2.2665,1.2925,1.4971,2.9995,3.6563"
