Round,Timestamp,Method,LR,AvgLoss,TestAcc,BestAcc,BestRound,RoundTimeSec,RoundTimeHMS,LocalTrainTimeSec,AggTimeSec,EvalTimeSec,CumulativeTimeSec,CumulativeTimeHMS,NumClientsSelected,SelectedClients,Bandwidth,SelectedExperts,UploadDetail,ClientTrainTimesSec
1,2026-09-23 21:49:33,Ours,0.00208,4.018101591959764,1.0,1.0,1,57.0524,0:57.05,55.3602,0.5367,1.1526,57.0524,0:57.05,30,"27,15,23,17,8,9,28,24,12,0,4,16,5,13,11,22,1,2,25,3,21,26,18,29,20,7,10,14,19,6",27:21;15:58;23:65;17:34;8:55;9:45;28:39;24:34;12:23;0:10;4:40;16:48;5:44;13:42;11:24;22:26;1:29;2:29;25:55;3:51;21:20;26:38;18:30;29:26;20:55;7:20;10:22;14:54;19:40;6:41,"27:[2,4];15:[1,2,4,5,6];23:[0,1,2,4,5,6];17:[2,4,6];8:[1,2,4,5,6];9:[1,2,4,6];28:[2,4,6];24:[2,4,6];12:[2,4];0:[2];4:[1,2,4,6];16:[1,2,4,6];5:[1,2,4,6];13:[1,2,4,6];11:[2,4];22:[2,4];1:[2,6];2:[2,4];25:[1,2,4,5,6];3:[1,2,4,5,6];21:[2,4];26:[2,4,6];18:[2,4,6];29:[2,4];20:[1,2,4,5,6];7:[2,4];10:[2,6];14:[1,2,4,5,6];19:[1,2,4,6];6:[1,2,4,6]","c27:bw=21,experts=[2,4]; c15:bw=58,experts=[1,2,4,5,6]; c23:bw=65,experts=[0,1,2,4,5,6]; c17:bw=34,experts=[2,4,6]; c8:bw=55,experts=[1,2,4,5,6]; c9:bw=45,experts=[1,2,4,6]; c28:bw=39,experts=[2,4,6]; c24:bw=34,experts=[2,4,6]; c12:bw=23,experts=[2,4]; c0:bw=10,experts=[2]; c4:bw=40,experts=[1,2,4,6]; c16:bw=48,experts=[1,2,4,6]; c5:bw=44,experts=[1,2,4,6]; c13:bw=42,experts=[1,2,4,6]; c11:bw=24,experts=[2,4]; c22:bw=26,experts=[2,4]; c1:bw=29,experts=[2,6]; c2:bw=29,experts=[2,4]; c25:bw=55,experts=[1,2,4,5,6]; c3:bw=51,experts=[1,2,4,5,6]; c21:bw=20,experts=[2,4]; c26:bw=38,experts=[2,4,6]; c18:bw=30,experts=[2,4,6]; c29:bw=26,experts=[2,4]; c20:bw=55,experts=[1,2,4,5,6]; c7:bw=20,experts=[2,4]; c10:bw=22,experts=[2,6]; c14:bw=54,experts=[1,2,4,5,6]; c19:bw=40,experts=[1,2,4,6]; c6:bw=41,experts=[1,2,4,6]","2.6364,1.2872,1.4421,2.0753,1.2754,1.4845,1.7113,1.3737,2.0634,1.1720,2.2145,2.0397,3.3050,1.8413,2.4817,1.8115,1.1799,1.4078,2.1809,1.7094,1.1476,1.1683,1.9442,3.5416,2.3168,1.4111,2.8248,1.4755,1.5728,1.2644"
2,2026-09-23 21:50:28,Ours,0.00406,3.684123752131777,1.0,1.0,1,55.2201,0:55.22,53.6115,0.4744,1.1311,112.414,1:52.41,30,"0,5,20,26,13,7,21,10,12,29,24,22,16,3,1,17,8,6,23,4,2,19,11,18,25,14,15,28,27,9",0:36;5:69;20:15;26:35;13:54;7:55;21:28;10:59;12:16;29:60;24:10;22:38;16:16;3:67;1:41;17:51;8:48;6:17;23:70;4:30;2:22;19:53;11:29;18:24;25:25;14:26;15:62;28:65;27:24;9:46,"0:[1,4,6];5:[0,1,2,4,5,6];20:[4];26:[1,4,6];13:[1,2,4,5,6];7:[1,2,4,5,6];21:[4,6];10:[1,2,4,5,6];12:[4];29:[0,1,2,4,5,6];24:[4];22:[1,4,6];16:[4];3:[0,1,2,4,5,6];1:[1,2,4,6];17:[1,2,4,5,6];8:[1,2,4,6];6:[4];23:[0,1,2,3,4,5,6];4:[1,4,6];2:[4,6];19:[1,2,4,5,6];11:[4,6];18:[4,6];25:[4,6];14:[4,6];15:[0,1,2,4,5,6];28:[0,1,2,4,5,6];27:[4,6];9:[1,2,4,6]","c0:bw=36,experts=[1,4,6]; c5:bw=69,experts=[0,1,2,4,5,6]; c20:bw=15,experts=[4]; c26:bw=35,experts=[1,4,6]; c13:bw=54,experts=[1,2,4,5,6]; c7:bw=55,experts=[1,2,4,5,6]; c21:bw=28,experts=[4,6]; c10:bw=59,experts=[1,2,4,5,6]; c12:bw=16,experts=[4]; c29:bw=60,experts=[0,1,2,4,5,6]; c24:bw=10,experts=[4]; c22:bw=38,experts=[1,4,6]; c16:bw=16,experts=[4]; c3:bw=67,experts=[0,1,2,4,5,6]; c1:bw=41,experts=[1,2,4,6]; c17:bw=51,experts=[1,2,4,5,6]; c8:bw=48,experts=[1,2,4,6]; c6:bw=17,experts=[4]; c23:bw=70,experts=[0,1,2,3,4,5,6]; c4:bw=30,experts=[1,4,6]; c2:bw=22,experts=[4,6]; c19:bw=53,experts=[1,2,4,5,6]; c11:bw=29,experts=[4,6]; c18:bw=24,experts=[4,6]; c25:bw=25,experts=[4,6]; c14:bw=26,experts=[4,6]; c15:bw=62,experts=[0,1,2,4,5,6]; c28:bw=65,experts=[0,1,2,4,5,6]; c27:bw=24,experts=[4,6]; c9:bw=46,experts=[1,2,4,6]","1.1512,3.2753,2.2904,1.1589,1.8383,1.3656,1.0977,2.6087,1.9818,3.3473,1.3584,1.7853,1.9849,1.6496,1.1251,2.0608,1.2130,1.2378,1.4629,2.2248,1.3781,1.5227,2.4533,1.9071,2.1453,1.4494,1.2542,1.7693,2.0716,1.4425"
3,2026-09-23 21:51:25,Ours,0.006040000000000001,3.5076957666577346,1.0,1.0,1,56.5548,0:56.55,54.9118,0.5009,1.139,168.9817,2:48.98,30,"4,25,10,0,8,20,29,26,15,28,24,23,18,12,21,19,9,5,1,22,27,17,3,16,13,2,14,7,11,6",4:52;25:35;10:10;0:50;8:30;20:56;29:15;26:52;15:16;28:56;24:29;23:11;18:40;12:37;21:48;19:24;9:48;5:13;1:13;22:54;27:34;17:41;3:26;16:31;13:54;2:42;14:53;7:33;11:66;6:40,"4:[0,1,2,4,6];25:[1,4,6];10:[4];0:[0,1,2,4,6];8:[1,4,6];20:[0,1,4,5,6];29:[4];26:[0,1,4,5,6];15:[4];28:[1,2,4,5,6];24:[4,6];23:[4];18:[1,4,5,6];12:[1,4,6];21:[0,1,4,6];19:[4,6];9:[1,4,5,6];5:[4];1:[4];22:[0,1,4,5,6];27:[1,4,6];17:[0,1,4,6];3:[4,6];16:[1,4,6];13:[0,1,2,4,6];2:[0,1,4,6];14:[0,1,4,5,6];7:[1,4,6];11:[0,1,2,4,5,6];6:[0,1,4,6]","c4:bw=52,experts=[0,1,2,4,6]; c25:bw=35,experts=[1,4,6]; c10:bw=10,experts=[4]; c0:bw=50,experts=[0,1,2,4,6]; c8:bw=30,experts=[1,4,6]; c20:bw=56,experts=[0,1,4,5,6]; c29:bw=15,experts=[4]; c26:bw=52,experts=[0,1,4,5,6]; c15:bw=16,experts=[4]; c28:bw=56,experts=[1,2,4,5,6]; c24:bw=29,experts=[4,6]; c23:bw=11,experts=[4]; c18:bw=40,experts=[1,4,5,6]; c12:bw=37,experts=[1,4,6]; c21:bw=48,experts=[0,1,4,6]; c19:bw=24,experts=[4,6]; c9:bw=48,experts=[1,4,5,6]; c5:bw=13,experts=[4]; c1:bw=13,experts=[4]; c22:bw=54,experts=[0,1,4,5,6]; c27:bw=34,experts=[1,4,6]; c17:bw=41,experts=[0,1,4,6]; c3:bw=26,experts=[4,6]; c16:bw=31,experts=[1,4,6]; c13:bw=54,experts=[0,1,2,4,6]; c2:bw=42,experts=[0,1,4,6]; c14:bw=53,experts=[0,1,4,5,6]; c7:bw=33,experts=[1,4,6]; c11:bw=66,experts=[0,1,2,4,5,6]; c6:bw=40,experts=[0,1,4,6]","2.3443,2.2693,2.8500,1.1720,1.2884,2.3426,3.5901,1.1740,1.2740,1.7842,1.3546,1.4799,1.9235,1.9528,1.1215,1.5697,1.5103,3.4481,1.1598,1.8015,2.0845,2.0627,1.7085,2.0104,1.8322,1.3001,1.3885,1.3785,2.4955,1.2402"
4,2026-09-23 21:52:22,Ours,0.00802,3.4037601964226862,1.0,1.0,1,56.6265,0:56.63,54.961,0.5093,1.153,225.6203,3:45.62,30,"3,1,4,5,16,26,9,13,24,2,10,19,28,11,18,7,21,6,0,22,25,8,27,23,29,14,17,12,15,20",3:34;1:40;4:56;5:73;16:45;26:37;9:22;13:49;24:19;2:60;10:64;19:47;28:63;11:49;18:43;7:45;21:27;6:53;0:59;22:49;25:43;8:31;27:58;23:15;29:44;14:32;17:39;12:63;15:24;20:70,"3:[0,4,6];1:[0,1,4,6];4:[0,1,4,5,6];5:[0,1,2,4,5,6,7];16:[0,1,4,6];26:[0,4,6];9:[4,6];13:[0,1,4,6];24:[4];2:[0,1,2,4,5,6];10:[0,1,2,4,5,6];19:[0,1,4,6];28:[0,1,2,4,5,6];11:[0,1,4,6];18:[0,1,4,6];7:[0,1,4,6];21:[4,6];6:[0,1,4,5,6];0:[0,1,4,5,6];22:[0,1,4,6];25:[0,1,4,6];8:[0,4,6];27:[0,1,4,5,6];23:[4];29:[0,1,4,6];14:[0,4,6];17:[0,4,6];12:[0,1,2,4,5,6];15:[4,6];20:[0,1,2,4,5,6,7]","c3:bw=34,experts=[0,4,6]; c1:bw=40,experts=[0,1,4,6]; c4:bw=56,experts=[0,1,4,5,6]; c5:bw=73,experts=[0,1,2,4,5,6,7]; c16:bw=45,experts=[0,1,4,6]; c26:bw=37,experts=[0,4,6]; c9:bw=22,experts=[4,6]; c13:bw=49,experts=[0,1,4,6]; c24:bw=19,experts=[4]; c2:bw=60,experts=[0,1,2,4,5,6]; c10:bw=64,experts=[0,1,2,4,5,6]; c19:bw=47,experts=[0,1,4,6]; c28:bw=63,experts=[0,1,2,4,5,6]; c11:bw=49,experts=[0,1,4,6]; c18:bw=43,experts=[0,1,4,6]; c7:bw=45,experts=[0,1,4,6]; c21:bw=27,experts=[4,6]; c6:bw=53,experts=[0,1,4,5,6]; c0:bw=59,experts=[0,1,4,5,6]; c22:bw=49,experts=[0,1,4,6]; c25:bw=43,experts=[0,1,4,6]; c8:bw=31,experts=[0,4,6]; c27:bw=58,experts=[0,1,4,5,6]; c23:bw=15,experts=[4]; c29:bw=44,experts=[0,1,4,6]; c14:bw=32,experts=[0,4,6]; c17:bw=39,experts=[0,4,6]; c12:bw=63,experts=[0,1,2,4,5,6]; c15:bw=24,experts=[4,6]; c20:bw=70,experts=[0,1,2,4,5,6,7]","1.6973,1.1806,2.3469,3.4684,2.0158,1.1564,1.5620,1.8285,1.3801,1.3248,2.7829,1.6075,1.7596,2.5030,1.9439,1.4025,1.1093,1.2404,1.1728,1.7984,2.2980,1.2622,2.0644,1.4648,3.4890,1.4348,2.1099,1.9790,1.2507,2.3272"
5,2026-09-23 21:53:16,Ours,0.01,3.358417281774499,1.04,1.04,5,54.6996,0:54.70,53.0813,0.4794,1.1355,280.3317,4:40.33,30,"26,3,16,28,9,20,22,14,12,17,19,13,21,18,10,5,24,23,2,4,15,0,1,11,7,27,29,8,25,6",26:19;3:63;16:32;28:45;9:62;20:50;22:49;14:53;12:55;17:64;19:19;13:36;21:35;18:10;10:35;5:40;24:12;23:29;2:10;4:48;15:45;0:50;1:20;11:21;7:24;27:30;29:55;8:37;25:34;6:53,"26:[4];3:[0,1,2,4,5,6];16:[0,4,6];28:[0,1,4,6];9:[0,1,2,4,5,6];20:[0,1,4,5,6];22:[0,1,4,6];14:[0,1,4,5,6];12:[0,1,4,5,6];17:[0,1,2,4,5,6];19:[4];13:[0,4,6];21:[0,4,6];18:[4];10:[0,4,6];5:[0,1,4,6];24:[4];23:[4,6];2:[4];4:[0,1,4,6];15:[0,1,4,6];0:[0,1,4,5,6];1:[4,6];11:[4,6];7:[4,6];27:[0,4,6];29:[0,1,4,5,6];8:[0,4,6];25:[0,4,6];6:[0,1,4,5,6]","c26:bw=19,experts=[4]; c3:bw=63,experts=[0,1,2,4,5,6]; c16:bw=32,experts=[0,4,6]; c28:bw=45,experts=[0,1,4,6]; c9:bw=62,experts=[0,1,2,4,5,6]; c20:bw=50,experts=[0,1,4,5,6]; c22:bw=49,experts=[0,1,4,6]; c14:bw=53,experts=[0,1,4,5,6]; c12:bw=55,experts=[0,1,4,5,6]; c17:bw=64,experts=[0,1,2,4,5,6]; c19:bw=19,experts=[4]; c13:bw=36,experts=[0,4,6]; c21:bw=35,experts=[0,4,6]; c18:bw=10,experts=[4]; c10:bw=35,experts=[0,4,6]; c5:bw=40,experts=[0,1,4,6]; c24:bw=12,experts=[4]; c23:bw=29,experts=[4,6]; c2:bw=10,experts=[4]; c4:bw=48,experts=[0,1,4,6]; c15:bw=45,experts=[0,1,4,6]; c0:bw=50,experts=[0,1,4,5,6]; c1:bw=20,experts=[4,6]; c11:bw=21,experts=[4,6]; c7:bw=24,experts=[4,6]; c27:bw=30,experts=[0,4,6]; c29:bw=55,experts=[0,1,4,5,6]; c8:bw=37,experts=[0,4,6]; c25:bw=34,experts=[0,4,6]; c6:bw=53,experts=[0,1,4,5,6]","1.1028,1.6532,1.9438,1.7205,1.4719,2.1981,1.7765,1.4096,1.9109,2.1248,1.5477,1.7623,1.0844,1.8687,2.7264,3.2626,1.3232,1.4016,1.2987,2.2326,1.2189,1.1418,1.1340,2.3678,1.3732,1.9943,3.3994,1.2421,2.1998,1.1898"
6,2026-09-23 21:54:11,Ours,0.01,3.32531385697079,1.49,1.49,6,54.3235,0:54.32,52.677,0.5039,1.1393,334.6673,5:34.67,30,"17,11,7,13,0,28,20,8,1,5,2,23,22,15,21,29,10,14,26,24,4,3,19,16,6,18,12,27,9,25",17:27;11:31;7:58;13:15;0:31;28:74;20:44;8:67;1:32;5:27;2:42;23:73;22:32;15:33;21:10;29:41;10:10;14:40;26:43;24:18;4:17;3:36;19:37;16:54;6:20;18:40;12:62;27:43;9:48;25:43,"17:[4,6];11:[0,4,6];7:[0,1,4,5,6];13:[4];0:[0,4,6];28:[0,1,2,4,5,6,7];20:[0,1,4,6];8:[0,1,2,4,5,6];1:[0,4,6];5:[4,6];2:[0,1,4,6];23:[0,1,2,4,5,6,7];22:[0,4,6];15:[0,4,6];21:[4];29:[0,1,4,6];10:[4];14:[0,1,4,6];26:[0,1,4,6];24:[4];4:[4];3:[0,4,6];19:[0,4,6];16:[0,1,4,5,6];6:[4,6];18:[0,1,4,6];12:[0,1,2,4,5,6];27:[0,1,4,6];9:[0,1,4,6];25:[0,1,4,6]","c17:bw=27,experts=[4,6]; c11:bw=31,experts=[0,4,6]; c7:bw=58,experts=[0,1,4,5,6]; c13:bw=15,experts=[4]; c0:bw=31,experts=[0,4,6]; c28:bw=74,experts=[0,1,2,4,5,6,7]; c20:bw=44,experts=[0,1,4,6]; c8:bw=67,experts=[0,1,2,4,5,6]; c1:bw=32,experts=[0,4,6]; c5:bw=27,experts=[4,6]; c2:bw=42,experts=[0,1,4,6]; c23:bw=73,experts=[0,1,2,4,5,6,7]; c22:bw=32,experts=[0,4,6]; c15:bw=33,experts=[0,4,6]; c21:bw=10,experts=[4]; c29:bw=41,experts=[0,1,4,6]; c10:bw=10,experts=[4]; c14:bw=40,experts=[0,1,4,6]; c26:bw=43,experts=[0,1,4,6]; c24:bw=18,experts=[4]; c4:bw=17,experts=[4]; c3:bw=36,experts=[0,4,6]; c19:bw=37,experts=[0,4,6]; c16:bw=54,experts=[0,1,4,5,6]; c6:bw=20,experts=[4,6]; c18:bw=40,experts=[0,1,4,6]; c12:bw=62,experts=[0,1,2,4,5,6]; c27:bw=43,experts=[0,1,4,6]; c9:bw=48,experts=[0,1,4,6]; c25:bw=43,experts=[0,1,4,6]","2.1047,2.4044,1.3829,1.7315,1.1609,1.7025,2.1782,1.2547,1.1374,3.2675,1.3404,1.4052,1.7336,1.2124,1.0739,3.4066,2.6609,1.3863,1.0983,1.2801,2.2013,1.6253,1.5320,1.9214,1.1903,1.8475,1.8836,1.9487,1.4331,2.1716"
7,2026-09-23 21:55:05,Ours,0.01,3.299979057205573,2.3,2.3,7,54.1758,0:54.18,52.5185,0.4916,1.156,388.8555,6:28.86,30,"20,1,29,3,13,15,9,16,14,17,21,4,18,25,7,5,23,2,8,12,26,24,0,6,22,10,19,28,11,27",20:16;1:10;29:57;3:26;13:25;15:39;9:10;16:53;14:13;17:41;21:60;4:14;18:20;25:50;7:31;5:49;23:41;2:40;8:57;12:47;26:49;24:31;0:36;6:13;22:55;10:17;19:54;28:10;11:60;27:26,"20:[4];1:[4];29:[0,1,4,5,6];3:[4,6];13:[4,6];15:[0,4,6];9:[4];16:[0,1,4,5,6];14:[4];17:[0,4,5,6];21:[0,1,2,4,5,6];4:[4];18:[4,6];25:[0,1,4,5,6];7:[0,4,6];5:[0,4,5,6];23:[0,4,5,6];2:[0,4,5,6];8:[0,1,4,5,6];12:[0,4,5,6];26:[0,4,5,6];24:[0,4,6];0:[0,4,6];6:[4];22:[0,1,4,5,6];10:[4];19:[0,1,4,5,6];28:[4];11:[0,1,2,4,5,6];27:[4,6]","c20:bw=16,experts=[4]; c1:bw=10,experts=[4]; c29:bw=57,experts=[0,1,4,5,6]; c3:bw=26,experts=[4,6]; c13:bw=25,experts=[4,6]; c15:bw=39,experts=[0,4,6]; c9:bw=10,experts=[4]; c16:bw=53,experts=[0,1,4,5,6]; c14:bw=13,experts=[4]; c17:bw=41,experts=[0,4,5,6]; c21:bw=60,experts=[0,1,2,4,5,6]; c4:bw=14,experts=[4]; c18:bw=20,experts=[4,6]; c25:bw=50,experts=[0,1,4,5,6]; c7:bw=31,experts=[0,4,6]; c5:bw=49,experts=[0,4,5,6]; c23:bw=41,experts=[0,4,5,6]; c2:bw=40,experts=[0,4,5,6]; c8:bw=57,experts=[0,1,4,5,6]; c12:bw=47,experts=[0,4,5,6]; c26:bw=49,experts=[0,4,5,6]; c24:bw=31,experts=[0,4,6]; c0:bw=36,experts=[0,4,6]; c6:bw=13,experts=[4]; c22:bw=55,experts=[0,1,4,5,6]; c10:bw=17,experts=[4]; c19:bw=54,experts=[0,1,4,5,6]; c28:bw=10,experts=[4]; c11:bw=60,experts=[0,1,2,4,5,6]; c27:bw=26,experts=[4,6]","2.1654,1.1343,3.4017,1.6362,1.7250,1.2209,1.4453,1.9048,1.3883,2.1092,1.0937,2.2009,1.8424,2.1900,1.3814,3.2178,1.4182,1.3208,1.2218,1.8986,1.0913,1.2886,1.1328,1.1709,1.7112,2.6465,1.5422,1.6696,2.3814,1.9672"
8,2026-09-23 21:55:59,Ours,0.01,3.3613099051394904,4.54,4.54,8,54.2233,0:54.22,52.5446,0.5115,1.1639,443.0923,7:23.09,30,"10,14,7,9,13,8,3,12,18,23,15,0,21,28,5,26,17,24,27,20,22,4,29,2,1,6,11,19,25,16",10:51;14:59;7:15;9:59;13:35;8:37;3:37;12:51;18:39;23:35;15:66;0:32;21:31;28:38;5:28;26:55;17:56;24:42;27:41;20:42;22:61;4:10;29:71;2:54;1:58;6:41;11:45;19:31;25:41;16:45,"10:[0,3,4,6,7];14:[0,3,4,6,7];7:[3];9:[0,3,4,6,7];13:[3,4,7];8:[3,4,7];3:[3,4,7];12:[0,3,4,6,7];18:[3,4,7];23:[0,4,6];15:[0,3,4,5,6,7];0:[3,4,7];21:[3,4,7];28:[3,4,6];5:[3,4];26:[0,3,4,6,7];17:[0,3,4,6,7];24:[1,3,5,7];27:[3,4,6,7];20:[0,3,4,6];22:[0,3,4,5,6,7];4:[3];29:[0,1,3,4,5,6,7];2:[0,3,4,6,7];1:[3,4,5,6,7];6:[3,4,6,7];11:[3,4,6,7];19:[3,4,7];25:[3,4,6,7];16:[3,4,6,7]","c10:bw=51,experts=[0,3,4,6,7]; c14:bw=59,experts=[0,3,4,6,7]; c7:bw=15,experts=[3]; c9:bw=59,experts=[0,3,4,6,7]; c13:bw=35,experts=[3,4,7]; c8:bw=37,experts=[3,4,7]; c3:bw=37,experts=[3,4,7]; c12:bw=51,experts=[0,3,4,6,7]; c18:bw=39,experts=[3,4,7]; c23:bw=35,experts=[0,4,6]; c15:bw=66,experts=[0,3,4,5,6,7]; c0:bw=32,experts=[3,4,7]; c21:bw=31,experts=[3,4,7]; c28:bw=38,experts=[3,4,6]; c5:bw=28,experts=[3,4]; c26:bw=55,experts=[0,3,4,6,7]; c17:bw=56,experts=[0,3,4,6,7]; c24:bw=42,experts=[1,3,5,7]; c27:bw=41,experts=[3,4,6,7]; c20:bw=42,experts=[0,3,4,6]; c22:bw=61,experts=[0,3,4,5,6,7]; c4:bw=10,experts=[3]; c29:bw=71,experts=[0,1,3,4,5,6,7]; c2:bw=54,experts=[0,3,4,6,7]; c1:bw=58,experts=[3,4,5,6,7]; c6:bw=41,experts=[3,4,6,7]; c11:bw=45,experts=[3,4,6,7]; c19:bw=31,experts=[3,4,7]; c25:bw=41,experts=[3,4,6,7]; c16:bw=45,experts=[3,4,6,7]","2.6988,1.4137,1.3834,1.4526,1.7047,1.2263,1.6323,1.8961,1.8496,1.4063,1.2158,1.1391,1.0734,1.6861,3.2492,1.0911,2.1586,1.3144,1.9626,2.1760,1.6878,2.1962,3.3722,1.3065,1.1110,1.1849,2.3747,1.5361,2.1569,1.8882"
9,2026-09-23 21:56:53,Ours,0.01,3.304870998615335,6.05,6.05,9,54.166,0:54.17,52.5212,0.5004,1.1412,497.2715,8:17.27,30,"17,7,13,25,9,6,28,29,18,14,3,2,12,22,20,11,8,0,24,15,10,21,27,1,19,4,23,5,16,26",17:49;7:46;13:41;25:67;9:26;6:31;28:58;29:46;18:53;14:37;3:23;2:21;12:38;22:39;20:58;11:28;8:18;0:52;24:25;15:36;10:34;21:66;27:27;1:14;19:26;4:59;23:68;5:52;16:41;26:19,"17:[0,4,5,6];7:[0,4,6,7];13:[0,4,5,6];25:[0,1,2,4,5,6];9:[4,6];6:[2,4,6];28:[0,1,4,5,6];29:[0,4,5,6];18:[0,2,4,5,6];14:[2,4,6];3:[4,6];2:[4,6];12:[0,4,6];22:[2,4,6];20:[0,1,4,5,6];11:[4,6];8:[4];0:[0,1,4,5,6];24:[2,4];15:[0,4,6];10:[0,4,6];21:[0,1,4,5,6,7];27:[2,4];1:[4];19:[4,6];4:[0,4,5,6,7];23:[0,1,4,5,6,7];5:[0,1,4,5,6];16:[0,2,4,6];26:[2]","c17:bw=49,experts=[0,4,5,6]; c7:bw=46,experts=[0,4,6,7]; c13:bw=41,experts=[0,4,5,6]; c25:bw=67,experts=[0,1,2,4,5,6]; c9:bw=26,experts=[4,6]; c6:bw=31,experts=[2,4,6]; c28:bw=58,experts=[0,1,4,5,6]; c29:bw=46,experts=[0,4,5,6]; c18:bw=53,experts=[0,2,4,5,6]; c14:bw=37,experts=[2,4,6]; c3:bw=23,experts=[4,6]; c2:bw=21,experts=[4,6]; c12:bw=38,experts=[0,4,6]; c22:bw=39,experts=[2,4,6]; c20:bw=58,experts=[0,1,4,5,6]; c11:bw=28,experts=[4,6]; c8:bw=18,experts=[4]; c0:bw=52,experts=[0,1,4,5,6]; c24:bw=25,experts=[2,4]; c15:bw=36,experts=[0,4,6]; c10:bw=34,experts=[0,4,6]; c21:bw=66,experts=[0,1,4,5,6,7]; c27:bw=27,experts=[2,4]; c1:bw=14,experts=[4]; c19:bw=26,experts=[4,6]; c4:bw=59,experts=[0,4,5,6,7]; c23:bw=68,experts=[0,1,4,5,6,7]; c5:bw=52,experts=[0,1,4,5,6]; c16:bw=41,experts=[0,2,4,6]; c26:bw=19,experts=[2]","2.1331,1.3988,1.7140,2.1821,1.4541,1.2028,1.6785,3.4144,1.8538,1.3936,1.6238,1.3297,1.9133,1.7066,2.1740,2.3717,1.2092,1.1517,1.2963,1.2103,2.6589,1.0698,1.9579,1.1023,1.5393,2.1790,1.3910,3.2309,1.8917,1.0884"
10,2026-09-23 21:57:47,Ours,0.01,3.302258020010757,6.27,6.27,10,54.2631,0:54.26,52.6268,0.5007,1.1324,551.548,9:11.55,30,"16,13,14,18,5,22,19,24,20,4,12,1,23,11,3,29,21,15,26,2,9,25,10,28,27,17,6,7,0,8",16:44;13:38;14:57;18:28;5:58;22:10;19:43;24:68;20:10;4:37;12:52;1:41;23:10;11:21;3:46;29:25;21:10;15:10;26:58;2:34;9:35;25:66;10:54;28:24;27:24;17:35;6:65;7:37;0:59;8:35,"16:[0,4,5,6];13:[4,5,6];14:[0,1,4,5,6];18:[4,6];5:[0,4,5,6,7];22:[4];19:[2,4,5,6];24:[0,1,4,5,6,7];20:[4];4:[0,4,6];12:[0,1,4,5,6];1:[2,4,5,6];23:[3];11:[4,6];3:[0,4,5,6];29:[2,4];21:[4];15:[2];26:[0,1,4,5,6];2:[4,5,6];9:[4,5,6];25:[0,1,4,5,6,7];10:[0,1,4,5,6];28:[4,6];27:[4,6];17:[0,4,6];6:[0,1,4,5,6,7];7:[2,4,6];0:[0,1,4,5,6];8:[4,5,6]","c16:bw=44,experts=[0,4,5,6]; c13:bw=38,experts=[4,5,6]; c14:bw=57,experts=[0,1,4,5,6]; c18:bw=28,experts=[4,6]; c5:bw=58,experts=[0,4,5,6,7]; c22:bw=10,experts=[4]; c19:bw=43,experts=[2,4,5,6]; c24:bw=68,experts=[0,1,4,5,6,7]; c20:bw=10,experts=[4]; c4:bw=37,experts=[0,4,6]; c12:bw=52,experts=[0,1,4,5,6]; c1:bw=41,experts=[2,4,5,6]; c23:bw=10,experts=[3]; c11:bw=21,experts=[4,6]; c3:bw=46,experts=[0,4,5,6]; c29:bw=25,experts=[2,4]; c21:bw=10,experts=[4]; c15:bw=10,experts=[2]; c26:bw=58,experts=[0,1,4,5,6]; c2:bw=34,experts=[4,5,6]; c9:bw=35,experts=[4,5,6]; c25:bw=66,experts=[0,1,4,5,6,7]; c10:bw=54,experts=[0,1,4,5,6]; c28:bw=24,experts=[4,6]; c27:bw=24,experts=[4,6]; c17:bw=35,experts=[0,4,6]; c6:bw=65,experts=[0,1,4,5,6,7]; c7:bw=37,experts=[2,4,6]; c0:bw=59,experts=[0,1,4,5,6]; c8:bw=35,experts=[4,5,6]","1.9157,1.7217,1.4154,1.8442,3.2838,1.7093,1.5636,1.3180,2.1702,2.2226,1.8932,1.1318,1.4101,2.3749,1.6334,3.4130,1.0660,1.2486,1.0919,1.3192,1.4465,2.1570,2.6688,1.6521,1.9527,2.0899,1.1900,1.3639,1.1525,1.2066"
11,2026-09-23 21:58:42,Ours,0.01,3.252978526410444,5.93,6.27,10,54.1808,0:54.18,52.5303,0.507,1.1404,605.7432,10:05.74,30,"6,20,29,24,4,11,17,25,9,1,12,14,8,28,13,18,22,5,3,7,16,10,27,0,26,21,23,19,2,15",6:55;20:10;29:10;24:45;4:16;11:34;17:44;25:10;9:33;1:40;12:20;14:15;8:39;28:26;13:40;18:47;22:10;5:28;3:50;7:44;16:43;10:35;27:53;0:28;26:33;21:34;23:63;19:25;2:27;15:44,"6:[3,4,5,6,7];20:[4];29:[4];24:[3,4,6,7];4:[2];11:[4,6,7];17:[3,4,6,7];25:[4];9:[4,6,7];1:[3,4,6,7];12:[4,6];14:[4];8:[4,6,7];28:[4,6];13:[2,4,6,7];18:[3,4,6,7];22:[4];5:[4,6];3:[3,4,5,6,7];7:[3,4,6,7];16:[3,4,6,7];10:[4,6,7];27:[1,3,4,6,7];0:[2,4];26:[4,6,7];21:[4,6,7];23:[0,1,4,5,6,7];19:[4,6];2:[4,6];15:[3,4,6,7]","c6:bw=55,experts=[3,4,5,6,7]; c20:bw=10,experts=[4]; c29:bw=10,experts=[4]; c24:bw=45,experts=[3,4,6,7]; c4:bw=16,experts=[2]; c11:bw=34,experts=[4,6,7]; c17:bw=44,experts=[3,4,6,7]; c25:bw=10,experts=[4]; c9:bw=33,experts=[4,6,7]; c1:bw=40,experts=[3,4,6,7]; c12:bw=20,experts=[4,6]; c14:bw=15,experts=[4]; c8:bw=39,experts=[4,6,7]; c28:bw=26,experts=[4,6]; c13:bw=40,experts=[2,4,6,7]; c18:bw=47,experts=[3,4,6,7]; c22:bw=10,experts=[4]; c5:bw=28,experts=[4,6]; c3:bw=50,experts=[3,4,5,6,7]; c7:bw=44,experts=[3,4,6,7]; c16:bw=43,experts=[3,4,6,7]; c10:bw=35,experts=[4,6,7]; c27:bw=53,experts=[1,3,4,6,7]; c0:bw=28,experts=[2,4]; c26:bw=33,experts=[4,6,7]; c21:bw=34,experts=[4,6,7]; c23:bw=63,experts=[0,1,4,5,6,7]; c19:bw=25,experts=[4,6]; c2:bw=27,experts=[4,6]; c15:bw=44,experts=[3,4,6,7]","1.2228,2.1896,3.4027,1.3089,2.2004,2.3772,2.1183,2.1552,1.4879,1.1344,1.9098,1.3833,1.2271,1.6731,1.7307,1.8296,1.6978,3.2180,1.6247,1.3629,1.9074,2.6199,1.9555,1.1482,1.0956,1.0757,1.4047,1.5379,1.3099,1.2209"
12,2026-09-23 21:59:36,Ours,0.01,3.2295754562518058,5.52,6.27,10,54.3614,0:54.36,52.6959,0.5005,1.1618,660.119,11:00.12,30,"8,9,22,17,3,25,10,4,1,24,18,21,12,14,5,27,28,11,26,29,16,2,6,7,23,19,15,20,13,0",8:55;9:42;22:54;17:39;3:35;25:44;10:62;4:28;1:42;24:24;18:45;21:61;12:73;14:29;5:56;27:51;28:11;11:45;26:21;29:52;16:28;2:57;6:29;7:30;23:60;19:31;15:36;20:75;13:53;0:49,"8:[2,3,4,6,7];9:[3,4,6,7];22:[1,3,4,6,7];17:[4,6,7];3:[3,4,6];25:[3,4,6,7];10:[2,3,4,5,6,7];4:[4,6];1:[1,4,6,7];24:[4,6];18:[3,4,6,7];21:[2,3,4,5,6,7];12:[1,2,3,4,5,6,7];14:[4,6];5:[2,3,4,6,7];27:[3,4,5,6,7];28:[4];11:[3,4,6,7];26:[4,6];29:[3,4,5,6,7];16:[4,6];2:[2,3,4,6,7];6:[4,6];7:[4,6,7];23:[2,3,4,5,6,7];19:[4,6,7];15:[4,6,7];20:[1,2,3,4,5,6,7];13:[1,3,4,6,7];0:[3,4,6,7]","c8:bw=55,experts=[2,3,4,6,7]; c9:bw=42,experts=[3,4,6,7]; c22:bw=54,experts=[1,3,4,6,7]; c17:bw=39,experts=[4,6,7]; c3:bw=35,experts=[3,4,6]; c25:bw=44,experts=[3,4,6,7]; c10:bw=62,experts=[2,3,4,5,6,7]; c4:bw=28,experts=[4,6]; c1:bw=42,experts=[1,4,6,7]; c24:bw=24,experts=[4,6]; c18:bw=45,experts=[3,4,6,7]; c21:bw=61,experts=[2,3,4,5,6,7]; c12:bw=73,experts=[1,2,3,4,5,6,7]; c14:bw=29,experts=[4,6]; c5:bw=56,experts=[2,3,4,6,7]; c27:bw=51,experts=[3,4,5,6,7]; c28:bw=11,experts=[4]; c11:bw=45,experts=[3,4,6,7]; c26:bw=21,experts=[4,6]; c29:bw=52,experts=[3,4,5,6,7]; c16:bw=28,experts=[4,6]; c2:bw=57,experts=[2,3,4,6,7]; c6:bw=29,experts=[4,6]; c7:bw=30,experts=[4,6,7]; c23:bw=60,experts=[2,3,4,5,6,7]; c19:bw=31,experts=[4,6,7]; c15:bw=36,experts=[4,6,7]; c20:bw=75,experts=[1,2,3,4,5,6,7]; c13:bw=53,experts=[1,3,4,6,7]; c0:bw=49,experts=[3,4,6,7]","1.2450,1.4651,1.7245,2.1131,1.6531,2.1922,2.6980,2.2120,1.1652,1.2991,1.8669,1.0919,1.9051,1.4053,3.2300,1.9560,1.6370,2.3858,1.1620,3.3606,1.8816,1.2912,1.1925,1.3535,1.4027,1.5277,1.2160,2.2069,1.7098,1.1462"
13,2026-09-23 22:00:30,Ours,0.01,3.2438526342071325,5.69,6.27,10,54.2365,0:54.24,52.619,0.4724,1.1419,714.3693,11:54.37,30,"17,19,1,9,21,10,6,29,14,25,20,26,22,0,12,7,4,8,24,5,13,11,23,16,2,3,18,15,28,27",17:55;19:36;1:47;9:15;21:30;10:42;6:36;29:49;14:70;25:58;20:10;26:17;22:75;0:25;12:42;7:58;4:10;8:15;24:35;5:29;13:32;11:52;23:53;16:10;2:16;3:30;18:51;15:38;28:47;27:57,"17:[1,2,4,6,7];19:[4,6,7];1:[3,4,6,7];9:[2];21:[4,6,7];10:[3,4,6,7];6:[4,6,7];29:[3,4,6,7];14:[1,2,3,4,5,6,7];25:[2,3,4,6,7];20:[4];26:[4];22:[1,2,3,4,5,6,7];0:[4,6];12:[3,4,6,7];7:[2,3,4,6,7];4:[1];8:[4];24:[4,6,7];5:[4,6];13:[4,6,7];11:[2,3,4,6,7];23:[2,3,4,6,7];16:[4];2:[4];3:[1,2,4];18:[2,3,4,6,7];15:[1,4,6];28:[3,4,6,7];27:[2,3,4,6,7]","c17:bw=55,experts=[1,2,4,6,7]; c19:bw=36,experts=[4,6,7]; c1:bw=47,experts=[3,4,6,7]; c9:bw=15,experts=[2]; c21:bw=30,experts=[4,6,7]; c10:bw=42,experts=[3,4,6,7]; c6:bw=36,experts=[4,6,7]; c29:bw=49,experts=[3,4,6,7]; c14:bw=70,experts=[1,2,3,4,5,6,7]; c25:bw=58,experts=[2,3,4,6,7]; c20:bw=10,experts=[4]; c26:bw=17,experts=[4]; c22:bw=75,experts=[1,2,3,4,5,6,7]; c0:bw=25,experts=[4,6]; c12:bw=42,experts=[3,4,6,7]; c7:bw=58,experts=[2,3,4,6,7]; c4:bw=10,experts=[1]; c8:bw=15,experts=[4]; c24:bw=35,experts=[4,6,7]; c5:bw=29,experts=[4,6]; c13:bw=32,experts=[4,6,7]; c11:bw=52,experts=[2,3,4,6,7]; c23:bw=53,experts=[2,3,4,6,7]; c16:bw=10,experts=[4]; c2:bw=16,experts=[4]; c3:bw=30,experts=[1,2,4]; c18:bw=51,experts=[2,3,4,6,7]; c15:bw=38,experts=[1,4,6]; c28:bw=47,experts=[3,4,6,7]; c27:bw=57,experts=[2,3,4,6,7]","2.1310,1.5726,1.1452,1.4646,1.0878,2.6698,1.2063,3.3762,1.4091,2.1619,2.1750,1.1040,1.7170,1.1667,1.9071,1.3735,2.1773,1.2142,1.3011,3.2209,1.7166,2.3713,1.3999,1.8932,1.3141,1.6227,1.8517,1.2237,1.6921,1.9524"
14,2026-09-23 22:01:25,Ours,0.01,3.2069380930822593,5.94,6.27,10,54.5432,0:54.54,52.8659,0.5052,1.1688,768.9276,12:48.93,30,"12,24,28,22,3,4,15,18,26,11,19,6,5,10,8,0,27,16,20,29,1,14,17,23,13,7,2,25,21,9",12:43;24:42;28:49;22:35;3:45;4:10;15:12;18:63;26:42;11:36;19:42;6:67;5:64;10:31;8:21;0:25;27:40;16:19;20:31;29:36;1:38;14:25;17:10;23:63;13:34;7:25;2:45;25:53;21:36;9:32,"12:[3,4,6,7];24:[3,4,6,7];28:[2,4,6,7];22:[4,6,7];3:[3,4,6,7];4:[4];15:[4];18:[1,2,3,4,6,7];26:[3,4,6,7];11:[4,6,7];19:[3,4,6,7];6:[2,3,4,5,6,7];5:[2,3,4,5,6,7];10:[4,6,7];8:[4,6];0:[4,6];27:[0,4,6,7];16:[4];20:[4,6,7];29:[4,6,7];1:[0,4,6];14:[4,6];17:[4];23:[2,3,4,5,6,7];13:[4,6,7];7:[1,5];2:[1,4,6,7];25:[2,3,4,6,7];21:[4,6,7];9:[1,4,6]","c12:bw=43,experts=[3,4,6,7]; c24:bw=42,experts=[3,4,6,7]; c28:bw=49,experts=[2,4,6,7]; c22:bw=35,experts=[4,6,7]; c3:bw=45,experts=[3,4,6,7]; c4:bw=10,experts=[4]; c15:bw=12,experts=[4]; c18:bw=63,experts=[1,2,3,4,6,7]; c26:bw=42,experts=[3,4,6,7]; c11:bw=36,experts=[4,6,7]; c19:bw=42,experts=[3,4,6,7]; c6:bw=67,experts=[2,3,4,5,6,7]; c5:bw=64,experts=[2,3,4,5,6,7]; c10:bw=31,experts=[4,6,7]; c8:bw=21,experts=[4,6]; c0:bw=25,experts=[4,6]; c27:bw=40,experts=[0,4,6,7]; c16:bw=19,experts=[4]; c20:bw=31,experts=[4,6,7]; c29:bw=36,experts=[4,6,7]; c1:bw=38,experts=[0,4,6]; c14:bw=25,experts=[4,6]; c17:bw=10,experts=[4]; c23:bw=63,experts=[2,3,4,5,6,7]; c13:bw=34,experts=[4,6,7]; c7:bw=25,experts=[1,5]; c2:bw=45,experts=[1,4,6,7]; c25:bw=53,experts=[2,3,4,6,7]; c21:bw=36,experts=[4,6,7]; c9:bw=32,experts=[1,4,6]","1.9407,1.3132,1.6853,1.7245,1.6445,2.2108,1.2367,1.8783,1.1081,2.3820,1.5630,1.2187,3.2684,2.6620,1.2299,1.1707,1.9829,1.9117,2.1958,3.3686,1.1220,1.3986,2.0989,1.4149,1.7519,1.3691,1.3335,2.1444,1.0886,1.4483"
15,2026-09-23 22:02:19,Ours,0.01,3.1703228768951077,6.36,6.36,15,54.6063,0:54.61,52.9677,0.4941,1.1413,823.5491,13:43.55,30,"8,17,2,27,28,6,23,21,25,26,4,10,22,5,9,29,16,20,1,14,18,11,24,15,13,7,0,19,12,3",8:52;17:47;2:53;27:36;28:40;6:33;23:58;21:14;25:32;26:48;4:47;10:13;22:60;5:18;9:19;29:10;16:29;20:43;1:14;14:50;18:34;11:55;24:45;15:10;13:60;7:59;0:20;19:59;12:10;3:10,"8:[0,1,4,6,7];17:[3,4,6,7];2:[2,3,4,6,7];27:[4,6,7];28:[3,4,6,7];6:[4,6,7];23:[2,3,4,6,7];21:[4];25:[4,6,7];26:[3,4,6,7];4:[3,4,6,7];10:[4];22:[1,2,3,4,6,7];5:[4];9:[4];29:[4];16:[1,4];20:[3,4,6,7];1:[4];14:[2,3,4,6,7];18:[4,6,7];11:[0,1,4,5,6];24:[3,4,6,7];15:[4];13:[1,2,3,4,6,7];7:[2,3,4,6,7];0:[4,6];19:[0,1,4,6,7];12:[4];3:[4]","c8:bw=52,experts=[0,1,4,6,7]; c17:bw=47,experts=[3,4,6,7]; c2:bw=53,experts=[2,3,4,6,7]; c27:bw=36,experts=[4,6,7]; c28:bw=40,experts=[3,4,6,7]; c6:bw=33,experts=[4,6,7]; c23:bw=58,experts=[2,3,4,6,7]; c21:bw=14,experts=[4]; c25:bw=32,experts=[4,6,7]; c26:bw=48,experts=[3,4,6,7]; c4:bw=47,experts=[3,4,6,7]; c10:bw=13,experts=[4]; c22:bw=60,experts=[1,2,3,4,6,7]; c5:bw=18,experts=[4]; c9:bw=19,experts=[4]; c29:bw=10,experts=[4]; c16:bw=29,experts=[1,4]; c20:bw=43,experts=[3,4,6,7]; c1:bw=14,experts=[4]; c14:bw=50,experts=[2,3,4,6,7]; c18:bw=34,experts=[4,6,7]; c11:bw=55,experts=[0,1,4,5,6]; c24:bw=45,experts=[3,4,6,7]; c15:bw=10,experts=[4]; c13:bw=60,experts=[1,2,3,4,6,7]; c7:bw=59,experts=[2,3,4,6,7]; c0:bw=20,experts=[4,6]; c19:bw=59,experts=[0,1,4,6,7]; c12:bw=10,experts=[4]; c3:bw=10,experts=[4]","1.2499,2.1320,1.3460,2.0096,1.7202,1.2238,1.4520,1.0916,2.1921,1.1391,2.2143,2.6579,1.7209,3.2914,1.4496,3.4072,1.8923,2.1942,1.1434,1.4148,1.8253,2.3700,1.2967,1.2155,1.7339,1.3796,1.1552,1.5474,1.8879,1.6134"
16,2026-09-23 22:03:14,Ours,0.01,3.1536893993343864,7.1,7.1,16,54.9097,0:54.91,53.2739,0.4725,1.1601,878.4737,14:38.47,30,"23,25,10,3,11,29,1,20,21,0,26,8,6,13,24,18,4,16,9,17,28,15,27,7,22,2,14,19,12,5",23:12;25:35;10:22;3:43;11:10;29:37;1:29;20:50;21:49;0:57;26:51;8:49;6:40;13:24;24:25;18:12;4:35;16:54;9:24;17:43;28:56;15:48;27:57;7:22;22:53;2:52;14:29;19:62;12:14;5:40,"23:[4];25:[4,6,7];10:[4,6];3:[3,4,6,7];11:[4];29:[1,4,6];1:[4,6];20:[2,3,4,6,7];21:[3,4,6,7];0:[2,3,4,6,7];26:[2,3,4,6,7];8:[3,4,6,7];6:[3,4,6,7];13:[4,6];24:[4,6];18:[4];4:[4,6,7];16:[2,3,4,6,7];9:[0,4];17:[3,4,6,7];28:[2,3,4,6,7];15:[4,5,6,7];27:[2,3,4,6,7];7:[4,6];22:[0,3,4,6,7];2:[0,3,4,6,7];14:[4,6];19:[2,3,4,5,6,7];12:[4];5:[3,4,6,7]","c23:bw=12,experts=[4]; c25:bw=35,experts=[4,6,7]; c10:bw=22,experts=[4,6]; c3:bw=43,experts=[3,4,6,7]; c11:bw=10,experts=[4]; c29:bw=37,experts=[1,4,6]; c1:bw=29,experts=[4,6]; c20:bw=50,experts=[2,3,4,6,7]; c21:bw=49,experts=[3,4,6,7]; c0:bw=57,experts=[2,3,4,6,7]; c26:bw=51,experts=[2,3,4,6,7]; c8:bw=49,experts=[3,4,6,7]; c6:bw=40,experts=[3,4,6,7]; c13:bw=24,experts=[4,6]; c24:bw=25,experts=[4,6]; c18:bw=12,experts=[4]; c4:bw=35,experts=[4,6,7]; c16:bw=54,experts=[2,3,4,6,7]; c9:bw=24,experts=[0,4]; c17:bw=43,experts=[3,4,6,7]; c28:bw=56,experts=[2,3,4,6,7]; c15:bw=48,experts=[4,5,6,7]; c27:bw=57,experts=[2,3,4,6,7]; c7:bw=22,experts=[4,6]; c22:bw=53,experts=[0,3,4,6,7]; c2:bw=52,experts=[0,3,4,6,7]; c14:bw=29,experts=[4,6]; c19:bw=62,experts=[2,3,4,5,6,7]; c12:bw=14,experts=[4]; c5:bw=40,experts=[3,4,6,7]","1.4378,2.2131,2.6897,1.6620,2.3944,3.4494,1.1454,2.2140,1.1148,1.1880,1.1513,1.2704,1.2161,1.7440,1.3181,1.8261,2.2271,1.9316,1.4552,2.1874,1.6777,1.2401,1.9765,1.3808,1.7204,1.3378,1.4174,1.5512,1.8999,3.2363"
17,2026-09-23 22:04:10,Ours,0.01,3.22840995667242,7.76,7.76,17,54.9903,0:54.99,53.3086,0.5034,1.1752,933.6845,15:33.68,30,"5,7,1,23,8,25,12,27,24,10,9,17,3,16,20,29,14,19,13,26,18,28,11,2,22,21,4,6,15,0",5:10;7:25;1:29;23:39;8:10;25:27;12:74;27:27;24:40;10:44;9:37;17:11;3:52;16:30;20:58;29:48;14:33;19:40;13:27;26:43;18:31;28:18;11:10;2:19;22:31;21:10;4:58;6:39;15:50;0:11,"5:[1];7:[0,4];1:[4,6];23:[4,6,7];8:[4];25:[4,6];12:[1,2,3,4,5,6,7];27:[4,6];24:[2,4,6,7];10:[3,4,6,7];9:[4,6,7];17:[5];3:[2,3,4,6,7];16:[4,6,7];20:[0,3,4,6,7];29:[0,4,6,7];14:[4,6,7];19:[3,4,6,7];13:[0,4];26:[3,4,6,7];18:[0,4,5];28:[0];11:[4];2:[4];22:[4,6,7];21:[0];4:[3,4,5,6,7];6:[4,6,7];15:[0,3,4,6,7];0:[4]","c5:bw=10,experts=[1]; c7:bw=25,experts=[0,4]; c1:bw=29,experts=[4,6]; c23:bw=39,experts=[4,6,7]; c8:bw=10,experts=[4]; c25:bw=27,experts=[4,6]; c12:bw=74,experts=[1,2,3,4,5,6,7]; c27:bw=27,experts=[4,6]; c24:bw=40,experts=[2,4,6,7]; c10:bw=44,experts=[3,4,6,7]; c9:bw=37,experts=[4,6,7]; c17:bw=11,experts=[5]; c3:bw=52,experts=[2,3,4,6,7]; c16:bw=30,experts=[4,6,7]; c20:bw=58,experts=[0,3,4,6,7]; c29:bw=48,experts=[0,4,6,7]; c14:bw=33,experts=[4,6,7]; c19:bw=40,experts=[3,4,6,7]; c13:bw=27,experts=[0,4]; c26:bw=43,experts=[3,4,6,7]; c18:bw=31,experts=[0,4,5]; c28:bw=18,experts=[0]; c11:bw=10,experts=[4]; c2:bw=19,experts=[4]; c22:bw=31,experts=[4,6,7]; c21:bw=10,experts=[0]; c4:bw=58,experts=[3,4,5,6,7]; c6:bw=39,experts=[4,6,7]; c15:bw=50,experts=[0,3,4,6,7]; c0:bw=11,experts=[4]","3.3522,1.4087,1.1568,1.4357,1.2486,2.1985,1.9598,2.0003,1.3204,2.6918,1.4803,2.0981,1.6665,1.9373,2.2095,3.4479,1.4259,1.5598,1.7395,1.1251,1.8241,1.6867,2.3893,1.3197,1.7186,1.0971,2.2007,1.1970,1.2391,1.1738"
18,2026-09-23 22:05:05,Ours,0.01,3.2782690168869406,8.57,8.57,18,54.9672,0:54.97,53.3065,0.4981,1.1594,988.6674,16:28.67,30,"13,20,6,14,5,24,29,8,17,2,16,7,25,10,11,22,26,23,15,27,12,28,0,18,9,19,1,3,4,21",13:43;20:45;6:31;14:40;5:35;24:30;29:39;8:10;17:50;2:37;16:38;7:55;25:32;10:27;11:57;22:49;26:57;23:56;15:51;27:31;12:18;28:43;0:49;18:60;9:19;19:33;1:10;3:37;4:56;21:26,"13:[4,5,6,7];20:[3,4,6,7];6:[0,1,4];14:[0,4,6,7];5:[0,4,6];24:[0,1,5];29:[2,4,6];8:[5];17:[0,3,4,6,7];2:[4,5,6];16:[0,4,5];7:[2,3,4,6,7];25:[0,1,5];10:[0,1];11:[2,3,4,6,7];22:[3,4,6,7];26:[0,1,4,5,6];23:[2,3,4,6,7];15:[2,3,4,6,7];27:[4,6,7];12:[0];28:[1,4,5,6];0:[0,1,4,5];18:[0,2,3,4,6,7];9:[5];19:[4,6,7];1:[2];3:[0,4,6];4:[0,3,4,6,7];21:[1,4]","c13:bw=43,experts=[4,5,6,7]; c20:bw=45,experts=[3,4,6,7]; c6:bw=31,experts=[0,1,4]; c14:bw=40,experts=[0,4,6,7]; c5:bw=35,experts=[0,4,6]; c24:bw=30,experts=[0,1,5]; c29:bw=39,experts=[2,4,6]; c8:bw=10,experts=[5]; c17:bw=50,experts=[0,3,4,6,7]; c2:bw=37,experts=[4,5,6]; c16:bw=38,experts=[0,4,5]; c7:bw=55,experts=[2,3,4,6,7]; c25:bw=32,experts=[0,1,5]; c10:bw=27,experts=[0,1]; c11:bw=57,experts=[2,3,4,6,7]; c22:bw=49,experts=[3,4,6,7]; c26:bw=57,experts=[0,1,4,5,6]; c23:bw=56,experts=[2,3,4,6,7]; c15:bw=51,experts=[2,3,4,6,7]; c27:bw=31,experts=[4,6,7]; c12:bw=18,experts=[0]; c28:bw=43,experts=[1,4,5,6]; c0:bw=49,experts=[0,1,4,5]; c18:bw=60,experts=[0,2,3,4,6,7]; c9:bw=19,experts=[5]; c19:bw=33,experts=[4,6,7]; c1:bw=10,experts=[2]; c3:bw=37,experts=[0,4,6]; c4:bw=56,experts=[0,3,4,6,7]; c21:bw=26,experts=[1,4]","1.7611,2.2382,1.2100,1.4561,3.3020,1.3100,3.4418,1.2542,2.1395,1.3551,1.9425,1.4307,2.1826,2.7461,2.3991,1.7377,1.1059,1.4320,1.2208,1.9770,1.9089,1.6915,1.1613,1.8322,1.4427,1.5557,1.1256,1.6572,2.1975,1.0913"
19,2026-09-23 22:06:00,Ours,0.01,3.1313523738912425,9.17,9.17,19,55.1992,0:55.20,53.5582,0.4957,1.1421,1043.8843,17:23.88,30,"5,19,26,29,15,4,23,3,6,8,20,21,22,14,27,24,28,16,2,17,18,1,13,25,12,11,10,9,7,0",5:29;19:37;26:33;29:36;15:39;4:51;23:15;3:40;6:66;8:56;20:21;21:52;22:29;14:30;27:34;24:45;28:10;16:13;2:14;17:67;18:31;1:46;13:10;25:59;12:54;11:20;10:35;9:38;7:22;0:42,"5:[4,6];19:[4,6,7];26:[4,6,7];29:[4,6,7];15:[4,6,7];4:[2,3,4,6,7];23:[0];3:[4,5,6,7];6:[2,3,4,5,6,7];8:[2,3,4,6,7];20:[4,6];21:[2,3,4,6,7];22:[4,6];14:[4,6,7];27:[1,4,6];24:[3,4,6,7];28:[4];16:[4];2:[4];17:[2,3,4,5,6,7];18:[4,6,7];1:[4,5,6,7];13:[4];25:[2,3,4,6,7];12:[2,3,4,6,7];11:[4,6];10:[4,6,7];9:[4,6,7];7:[4,6];0:[3,4,6,7]","c5:bw=29,experts=[4,6]; c19:bw=37,experts=[4,6,7]; c26:bw=33,experts=[4,6,7]; c29:bw=36,experts=[4,6,7]; c15:bw=39,experts=[4,6,7]; c4:bw=51,experts=[2,3,4,6,7]; c23:bw=15,experts=[0]; c3:bw=40,experts=[4,5,6,7]; c6:bw=66,experts=[2,3,4,5,6,7]; c8:bw=56,experts=[2,3,4,6,7]; c20:bw=21,experts=[4,6]; c21:bw=52,experts=[2,3,4,6,7]; c22:bw=29,experts=[4,6]; c14:bw=30,experts=[4,6,7]; c27:bw=34,experts=[1,4,6]; c24:bw=45,experts=[3,4,6,7]; c28:bw=10,experts=[4]; c16:bw=13,experts=[4]; c2:bw=14,experts=[4]; c17:bw=67,experts=[2,3,4,5,6,7]; c18:bw=31,experts=[4,6,7]; c1:bw=46,experts=[4,5,6,7]; c13:bw=10,experts=[4]; c25:bw=59,experts=[2,3,4,6,7]; c12:bw=54,experts=[2,3,4,6,7]; c11:bw=20,experts=[4,6]; c10:bw=35,experts=[4,6,7]; c9:bw=38,experts=[4,6,7]; c7:bw=22,experts=[4,6]; c0:bw=42,experts=[3,4,6,7]","3.3248,1.5987,1.1414,3.5079,1.2423,2.2665,1.4372,1.6695,1.2176,1.2718,2.2276,1.1133,1.7269,1.4371,1.9849,1.3188,1.7052,1.9298,1.3465,2.1248,1.8524,1.1370,1.7371,2.1938,1.9219,2.3926,2.6898,1.4685,1.3949,1.1774"
20,2026-09-23 22:06:55,Ours,0.01,3.131789541815297,10.48,10.48,20,55.1393,0:55.14,53.485,0.5033,1.1478,1099.0402,18:19.04,30,"12,19,17,5,18,29,21,10,11,14,22,13,7,6,0,1,25,15,26,16,2,8,4,9,28,27,20,24,3,23",12:44;19:48;17:48;5:10;18:21;29:17;21:44;10:16;11:10;14:30;22:75;13:40;7:43;6:68;0:28;1:40;25:21;15:19;26:31;16:40;2:41;8:50;4:59;9:17;28:34;27:42;20:58;24:43;3:18;23:37,"12:[3,4,6,7];19:[3,4,6,7];17:[3,4,6,7];5:[4];18:[4,6];29:[5];21:[4,5,6,7];10:[2];11:[4];14:[4,6,7];22:[0,1,2,3,4,6,7];13:[3,4,6,7];7:[3,4,6,7];6:[2,3,4,5,6,7];0:[4,6];1:[1,4,6,7];25:[4,6];15:[4];26:[4,6,7];16:[3,4,6,7];2:[3,4,6,7];8:[2,3,4,6,7];4:[0,3,4,6,7];9:[3];28:[4,6,7];27:[4,5,6,7];20:[1,4,5,6,7];24:[3,4,6,7];3:[4];23:[1,4,6]","c12:bw=44,experts=[3,4,6,7]; c19:bw=48,experts=[3,4,6,7]; c17:bw=48,experts=[3,4,6,7]; c5:bw=10,experts=[4]; c18:bw=21,experts=[4,6]; c29:bw=17,experts=[5]; c21:bw=44,experts=[4,5,6,7]; c10:bw=16,experts=[2]; c11:bw=10,experts=[4]; c14:bw=30,experts=[4,6,7]; c22:bw=75,experts=[0,1,2,3,4,6,7]; c13:bw=40,experts=[3,4,6,7]; c7:bw=43,experts=[3,4,6,7]; c6:bw=68,experts=[2,3,4,5,6,7]; c0:bw=28,experts=[4,6]; c1:bw=40,experts=[1,4,6,7]; c25:bw=21,experts=[4,6]; c15:bw=19,experts=[4]; c26:bw=31,experts=[4,6,7]; c16:bw=40,experts=[3,4,6,7]; c2:bw=41,experts=[3,4,6,7]; c8:bw=50,experts=[2,3,4,6,7]; c4:bw=59,experts=[0,3,4,6,7]; c9:bw=17,experts=[3]; c28:bw=34,experts=[4,6,7]; c27:bw=42,experts=[4,5,6,7]; c20:bw=58,experts=[1,4,5,6,7]; c24:bw=43,experts=[3,4,6,7]; c3:bw=18,experts=[4]; c23:bw=37,experts=[1,4,6]","1.9450,1.5628,2.1277,3.2746,1.8629,3.4089,1.1072,2.7547,2.4070,1.4341,1.7419,1.7668,1.4202,1.2118,1.1715,1.1516,2.2043,1.2312,1.1181,1.9488,1.4172,1.2278,2.2079,1.4500,1.6860,1.9987,2.1960,1.3172,1.6606,1.4723"
21,2026-09-23 22:07:50,Ours,0.01,3.0971058767411535,11.08,11.08,21,55.2717,0:55.27,53.6041,0.4998,1.1646,1154.3288,19:14.33,30,"22,1,5,7,27,0,26,14,10,4,9,2,25,13,17,6,28,20,23,8,11,3,29,18,12,21,24,15,19,16",22:48;1:41;5:32;7:12;27:33;0:66;26:45;14:31;10:40;4:48;9:25;2:39;25:39;13:23;17:35;6:16;28:13;20:40;23:37;8:18;11:23;3:10;29:52;18:60;12:38;21:15;24:38;15:19;19:58;16:33,"22:[4,5,6,7];1:[3,4,6,7];5:[4,6,7];7:[4];27:[4,6,7];0:[0,2,3,4,6,7];26:[3,4,6,7];14:[1,4,5];10:[4,5,6,7];4:[1,4,6,7];9:[2,4];2:[4,6,7];25:[4,6,7];13:[4,6];17:[1,4,6];6:[4];28:[4];20:[3,4,6,7];23:[4,6,7];8:[4];11:[4,6];3:[1];29:[2,3,4,6,7];18:[0,2,3,4,6,7];12:[4,6,7];21:[4];24:[4,6,7];15:[1];19:[0,3,4,6,7];16:[4,6,7]","c22:bw=48,experts=[4,5,6,7]; c1:bw=41,experts=[3,4,6,7]; c5:bw=32,experts=[4,6,7]; c7:bw=12,experts=[4]; c27:bw=33,experts=[4,6,7]; c0:bw=66,experts=[0,2,3,4,6,7]; c26:bw=45,experts=[3,4,6,7]; c14:bw=31,experts=[1,4,5]; c10:bw=40,experts=[4,5,6,7]; c4:bw=48,experts=[1,4,6,7]; c9:bw=25,experts=[2,4]; c2:bw=39,experts=[4,6,7]; c25:bw=39,experts=[4,6,7]; c13:bw=23,experts=[4,6]; c17:bw=35,experts=[1,4,6]; c6:bw=16,experts=[4]; c28:bw=13,experts=[4]; c20:bw=40,experts=[3,4,6,7]; c23:bw=37,experts=[4,6,7]; c8:bw=18,experts=[4]; c11:bw=23,experts=[4,6]; c3:bw=10,experts=[1]; c29:bw=52,experts=[2,3,4,6,7]; c18:bw=60,experts=[0,2,3,4,6,7]; c12:bw=38,experts=[4,6,7]; c21:bw=15,experts=[4]; c24:bw=38,experts=[4,6,7]; c15:bw=19,experts=[1]; c19:bw=58,experts=[0,3,4,6,7]; c16:bw=33,experts=[4,6,7]","1.7282,1.1696,3.3443,1.4115,2.0047,1.1943,1.1380,1.4344,2.7042,2.2497,1.4922,1.3460,2.3058,1.7886,2.1704,1.2268,1.6992,2.2168,1.4481,1.2361,2.3711,1.6384,3.4200,1.8469,1.9134,1.0904,1.3141,1.2112,1.5717,1.9179"
22,2026-09-23 22:08:46,Ours,0.01,3.131364499292286,12.41,12.41,22,55.2544,0:55.25,53.5825,0.5027,1.166,1209.5999,20:09.60,30,"18,3,7,16,27,19,26,21,5,0,23,28,8,11,14,1,17,10,2,4,13,25,9,29,12,6,24,15,22,20",18:15;3:56;7:16;16:34;27:61;19:45;26:61;21:23;5:17;0:67;23:28;28:42;8:33;11:43;14:48;1:10;17:62;10:10;2:66;4:36;13:34;25:13;9:33;29:54;12:64;6:61;24:25;15:66;22:44;20:25,"18:[1];3:[0,3,4,6,7];7:[1];16:[4,6,7];27:[0,2,3,4,6,7];19:[3,4,6,7];26:[0,2,3,4,6,7];21:[4,6];5:[2];0:[0,2,3,4,6,7];23:[4,5];28:[3,4,6,7];8:[4,6,7];11:[3,4,6,7];14:[3,4,6,7];1:[0];17:[0,2,3,4,6,7];10:[4];2:[0,1,3,4,6,7];4:[4,6,7];13:[4,6,7];25:[4];9:[1,4,6];29:[2,3,4,6,7];12:[0,2,3,4,6,7];6:[0,2,3,4,6,7];24:[4,6];15:[0,2,3,4,6,7];22:[3,4,6,7];20:[4,6]","c18:bw=15,experts=[1]; c3:bw=56,experts=[0,3,4,6,7]; c7:bw=16,experts=[1]; c16:bw=34,experts=[4,6,7]; c27:bw=61,experts=[0,2,3,4,6,7]; c19:bw=45,experts=[3,4,6,7]; c26:bw=61,experts=[0,2,3,4,6,7]; c21:bw=23,experts=[4,6]; c5:bw=17,experts=[2]; c0:bw=67,experts=[0,2,3,4,6,7]; c23:bw=28,experts=[4,5]; c28:bw=42,experts=[3,4,6,7]; c8:bw=33,experts=[4,6,7]; c11:bw=43,experts=[3,4,6,7]; c14:bw=48,experts=[3,4,6,7]; c1:bw=10,experts=[0]; c17:bw=62,experts=[0,2,3,4,6,7]; c10:bw=10,experts=[4]; c2:bw=66,experts=[0,1,3,4,6,7]; c4:bw=36,experts=[4,6,7]; c13:bw=34,experts=[4,6,7]; c25:bw=13,experts=[4]; c9:bw=33,experts=[1,4,6]; c29:bw=54,experts=[2,3,4,6,7]; c12:bw=64,experts=[0,2,3,4,6,7]; c6:bw=61,experts=[0,2,3,4,6,7]; c24:bw=25,experts=[4,6]; c15:bw=66,experts=[0,2,3,4,6,7]; c22:bw=44,experts=[3,4,6,7]; c20:bw=25,experts=[4,6]","1.8631,1.6882,1.4115,1.9416,2.0213,1.5950,1.1418,1.1105,3.3340,1.1881,1.4421,1.7071,1.2551,2.4196,1.4324,1.1371,2.1492,2.6705,1.3584,2.2368,1.7545,2.1927,1.4655,3.4272,1.9285,1.2006,1.3310,1.2359,1.7264,2.2167"
23,2026-09-23 22:09:41,Ours,0.01,3.0430366105398168,13.04,13.04,23,55.0772,0:55.08,53.4004,0.5129,1.1607,1264.6946,21:04.69,30,"14,23,28,20,26,8,10,9,24,17,13,2,11,29,22,3,21,6,16,19,0,12,15,7,18,5,27,4,1,25",14:52;23:70;28:26;20:44;26:35;8:35;10:67;9:50;24:40;17:70;13:54;2:32;11:52;29:43;22:62;3:15;21:55;6:10;16:56;19:21;0:11;12:26;15:29;7:15;18:26;5:52;27:18;4:56;1:62;25:18,"14:[2,3,4,6,7];23:[0,2,3,4,5,6,7];28:[4,6];20:[3,4,6,7];26:[4,6,7];8:[0,1,4];10:[0,2,3,4,6,7];9:[0,3,4,6,7];24:[3,4,6,7];17:[0,2,3,4,5,6,7];13:[1,2,4,6,7];2:[2,4,6];11:[0,1,4,5,6];29:[3,4,6,7];22:[0,2,3,4,6,7];3:[4];21:[0,3,4,6,7];6:[4];16:[1,3,4,6,7];19:[1,4];0:[4];12:[4,6];15:[4,6];7:[5];18:[4,6];5:[3,4,5,6,7];27:[4];4:[0,3,4,6,7];1:[0,2,3,4,6,7];25:[4]","c14:bw=52,experts=[2,3,4,6,7]; c23:bw=70,experts=[0,2,3,4,5,6,7]; c28:bw=26,experts=[4,6]; c20:bw=44,experts=[3,4,6,7]; c26:bw=35,experts=[4,6,7]; c8:bw=35,experts=[0,1,4]; c10:bw=67,experts=[0,2,3,4,6,7]; c9:bw=50,experts=[0,3,4,6,7]; c24:bw=40,experts=[3,4,6,7]; c17:bw=70,experts=[0,2,3,4,5,6,7]; c13:bw=54,experts=[1,2,4,6,7]; c2:bw=32,experts=[2,4,6]; c11:bw=52,experts=[0,1,4,5,6]; c29:bw=43,experts=[3,4,6,7]; c22:bw=62,experts=[0,2,3,4,6,7]; c3:bw=15,experts=[4]; c21:bw=55,experts=[0,3,4,6,7]; c6:bw=10,experts=[4]; c16:bw=56,experts=[1,3,4,6,7]; c19:bw=21,experts=[1,4]; c0:bw=11,experts=[4]; c12:bw=26,experts=[4,6]; c15:bw=29,experts=[4,6]; c7:bw=15,experts=[5]; c18:bw=26,experts=[4,6]; c5:bw=52,experts=[3,4,5,6,7]; c27:bw=18,experts=[4]; c4:bw=56,experts=[0,3,4,6,7]; c1:bw=62,experts=[0,2,3,4,6,7]; c25:bw=18,experts=[4]","1.4381,1.4547,1.7242,2.2180,1.1336,1.2489,2.7080,1.4873,1.3330,2.1410,1.7587,1.3437,2.4057,3.4957,1.7473,1.6526,1.1140,1.1838,1.9468,1.5558,1.1664,1.9053,1.2082,1.3770,1.8242,3.2868,1.9737,2.2266,1.1499,2.1914"
24,2026-09-23 22:10:36,Ours,0.01,3.0090986618004374,13.68,13.68,24,55.4098,0:55.41,53.7322,0.4992,1.1751,1320.1226,22:00.12,30,"20,9,24,1,27,28,26,22,3,10,13,17,4,14,15,21,11,18,5,23,16,12,2,0,6,8,7,19,25,29",20:36;9:50;24:16;1:10;27:63;28:58;26:12;22:50;3:10;10:39;13:50;17:56;4:12;14:42;15:44;21:42;11:10;18:72;5:25;23:36;16:41;12:37;2:43;0:31;6:30;8:18;7:10;19:55;25:30;29:65,"20:[2,4,6];9:[0,3,4,6,7];24:[4];1:[4];27:[0,2,3,4,6,7];28:[2,3,4,6,7];26:[4];22:[2,3,4,6,7];3:[4];10:[4,6,7];13:[0,3,4,6,7];17:[0,3,4,6,7];4:[4];14:[3,4,6,7];15:[4,5,6,7];21:[3,4,6,7];11:[4];18:[0,2,3,4,5,6,7];5:[4,6];23:[4,6,7];16:[2,4,6,7];12:[4,6,7];2:[3,4,6,7];0:[4,6,7];6:[4,6,7];8:[4];7:[4];19:[2,4,5,6,7];25:[4,6,7];29:[1,2,3,4,6,7]","c20:bw=36,experts=[2,4,6]; c9:bw=50,experts=[0,3,4,6,7]; c24:bw=16,experts=[4]; c1:bw=10,experts=[4]; c27:bw=63,experts=[0,2,3,4,6,7]; c28:bw=58,experts=[2,3,4,6,7]; c26:bw=12,experts=[4]; c22:bw=50,experts=[2,3,4,6,7]; c3:bw=10,experts=[4]; c10:bw=39,experts=[4,6,7]; c13:bw=50,experts=[0,3,4,6,7]; c17:bw=56,experts=[0,3,4,6,7]; c4:bw=12,experts=[4]; c14:bw=42,experts=[3,4,6,7]; c15:bw=44,experts=[4,5,6,7]; c21:bw=42,experts=[3,4,6,7]; c11:bw=10,experts=[4]; c18:bw=72,experts=[0,2,3,4,5,6,7]; c5:bw=25,experts=[4,6]; c23:bw=36,experts=[4,6,7]; c16:bw=41,experts=[2,4,6,7]; c12:bw=37,experts=[4,6,7]; c2:bw=43,experts=[3,4,6,7]; c0:bw=31,experts=[4,6,7]; c6:bw=30,experts=[4,6,7]; c8:bw=18,experts=[4]; c7:bw=10,experts=[4]; c19:bw=55,experts=[2,4,5,6,7]; c25:bw=30,experts=[4,6,7]; c29:bw=65,experts=[1,2,3,4,6,7]","2.2232,1.4904,1.3351,1.1369,2.0263,1.7296,1.1399,1.7487,1.6674,2.7150,1.7594,2.1446,2.2345,1.4335,1.2517,1.1130,2.4062,1.8811,3.2882,1.4445,1.9429,1.9301,1.4262,1.1752,1.2117,1.2468,1.4035,1.5679,2.2032,3.4555"
25,2026-09-23 22:11:31,Ours,0.01,3.03500726484608,13.92,13.92,25,55.2468,0:55.25,53.5729,0.5013,1.1695,1375.3885,22:55.39,30,"12,22,26,17,6,8,25,1,3,18,28,4,27,29,19,5,7,23,9,11,10,15,2,24,21,20,0,14,13,16",12:36;22:38;26:30;17:52;6:16;8:55;25:40;1:49;3:14;18:59;28:41;4:58;27:59;29:27;19:57;5:64;7:40;23:21;9:40;11:60;10:25;15:29;2:12;24:25;21:35;20:15;0:56;14:26;13:56;16:52,"12:[1,4,5];22:[4,6,7];26:[4,6,7];17:[0,3,4,6,7];6:[4];8:[0,3,4,6,7];25:[3,4,6,7];1:[3,4,6,7];3:[2];18:[0,3,4,6,7];28:[0,4,6,7];4:[3,4,5,6,7];27:[2,3,4,6,7];29:[0,4];19:[0,3,4,6,7];5:[0,1,3,4,6,7];7:[0,4,6,7];23:[4,6];9:[3,4,6,7];11:[0,2,3,4,6,7];10:[4,6];15:[4,6];2:[4];24:[2,4];21:[4,6,7];20:[0];0:[0,3,4,6,7];14:[4,6];13:[0,3,4,6,7];16:[2,3,4,6,7]","c12:bw=36,experts=[1,4,5]; c22:bw=38,experts=[4,6,7]; c26:bw=30,experts=[4,6,7]; c17:bw=52,experts=[0,3,4,6,7]; c6:bw=16,experts=[4]; c8:bw=55,experts=[0,3,4,6,7]; c25:bw=40,experts=[3,4,6,7]; c1:bw=49,experts=[3,4,6,7]; c3:bw=14,experts=[2]; c18:bw=59,experts=[0,3,4,6,7]; c28:bw=41,experts=[0,4,6,7]; c4:bw=58,experts=[3,4,5,6,7]; c27:bw=59,experts=[2,3,4,6,7]; c29:bw=27,experts=[0,4]; c19:bw=57,experts=[0,3,4,6,7]; c5:bw=64,experts=[0,1,3,4,6,7]; c7:bw=40,experts=[0,4,6,7]; c23:bw=21,experts=[4,6]; c9:bw=40,experts=[3,4,6,7]; c11:bw=60,experts=[0,2,3,4,6,7]; c10:bw=25,experts=[4,6]; c15:bw=29,experts=[4,6]; c2:bw=12,experts=[4]; c24:bw=25,experts=[2,4]; c21:bw=35,experts=[4,6,7]; c20:bw=15,experts=[0]; c0:bw=56,experts=[0,3,4,6,7]; c14:bw=26,experts=[4,6]; c13:bw=56,experts=[0,3,4,6,7]; c16:bw=52,experts=[2,3,4,6,7]","1.9362,1.7517,1.1296,2.1553,1.2111,1.2630,2.2222,1.1620,1.6567,1.8610,1.7129,2.2401,2.0260,3.4587,1.5908,3.2949,1.4270,1.4355,1.4741,2.4123,2.6741,1.2391,1.3302,1.3153,1.1008,2.1820,1.1748,1.4240,1.7571,1.9544"
26,2026-09-23 22:12:27,Ours,0.01,3.0961878138079033,14.71,14.71,26,55.333,0:55.33,53.6668,0.5083,1.1547,1430.7408,23:50.74,30,"10,29,28,22,24,6,18,14,11,7,9,23,25,4,17,1,5,2,13,27,15,12,19,20,0,8,16,21,26,3",10:38;29:45;28:61;22:14;24:14;6:34;18:10;14:49;11:57;7:31;9:50;23:14;25:50;4:48;17:32;1:33;5:20;2:30;13:16;27:40;15:42;12:41;19:15;20:25;0:11;8:53;16:10;21:35;26:13;3:44,"10:[1,4,6];29:[3,4,6,7];28:[1,3,4,5,6,7];22:[4];24:[0];6:[1,4,6];18:[4];14:[0,4,6,7];11:[0,3,4,6,7];7:[2,4,6];9:[3,4,5,6,7];23:[4];25:[0,1,4,5,6];4:[3,4,6,7];17:[4,6,7];1:[4,6,7];5:[4,6];2:[4,5,6];13:[5];27:[3,4,6,7];15:[3,4,6,7];12:[3,4,6,7];19:[4];20:[4,6];0:[1];8:[3,4,5,6,7];16:[0];21:[1,4,6];26:[1];3:[3,4,6,7]","c10:bw=38,experts=[1,4,6]; c29:bw=45,experts=[3,4,6,7]; c28:bw=61,experts=[1,3,4,5,6,7]; c22:bw=14,experts=[4]; c24:bw=14,experts=[0]; c6:bw=34,experts=[1,4,6]; c18:bw=10,experts=[4]; c14:bw=49,experts=[0,4,6,7]; c11:bw=57,experts=[0,3,4,6,7]; c7:bw=31,experts=[2,4,6]; c9:bw=50,experts=[3,4,5,6,7]; c23:bw=14,experts=[4]; c25:bw=50,experts=[0,1,4,5,6]; c4:bw=48,experts=[3,4,6,7]; c17:bw=32,experts=[4,6,7]; c1:bw=33,experts=[4,6,7]; c5:bw=20,experts=[4,6]; c2:bw=30,experts=[4,5,6]; c13:bw=16,experts=[5]; c27:bw=40,experts=[3,4,6,7]; c15:bw=42,experts=[3,4,6,7]; c12:bw=41,experts=[3,4,6,7]; c19:bw=15,experts=[4]; c20:bw=25,experts=[4,6]; c0:bw=11,experts=[1]; c8:bw=53,experts=[3,4,5,6,7]; c16:bw=10,experts=[0]; c21:bw=35,experts=[1,4,6]; c26:bw=13,experts=[1]; c3:bw=44,experts=[3,4,6,7]","2.7085,3.4941,1.7362,1.7451,1.3196,1.2248,1.8671,1.4327,2.4305,1.4204,1.4802,1.4585,2.2180,2.2354,2.1589,1.1496,3.3136,1.3423,1.7471,2.0023,1.2327,1.9378,1.5653,2.2092,1.1626,1.2511,1.9149,1.1059,1.1238,1.6784"
27,2026-09-23 22:13:22,Ours,0.01,3.010322805375964,15.25,15.25,27,55.3491,0:55.35,53.6867,0.497,1.1622,1486.1093,24:46.11,30,"3,7,19,23,18,29,9,17,13,27,15,22,11,5,6,4,26,2,8,1,0,12,28,21,24,25,20,10,16,14",3:21;7:51;19:18;23:75;18:18;29:27;9:18;17:36;13:57;27:54;15:46;22:47;11:66;5:37;6:63;4:12;26:32;2:20;8:55;1:62;0:36;12:22;28:10;21:45;24:29;25:30;20:37;10:62;16:20;14:26,"3:[4,5];7:[0,3,4,6,7];19:[4];23:[0,2,3,4,5,6,7];18:[4];29:[4,6];9:[4];17:[4,6,7];13:[2,3,4,6,7];27:[1,3,4,6,7];15:[3,4,6,7];22:[3,4,6,7];11:[0,2,3,4,6,7];5:[4,6,7];6:[0,3,4,5,6,7];4:[2];26:[4,5,6];2:[4,6];8:[0,3,4,6,7];1:[2,3,4,5,6,7];0:[4,5,6];12:[4,6];28:[4];21:[2,4,6,7];24:[1,5];25:[2,4,6];20:[4,6,7];10:[0,2,3,4,6,7];16:[4,5];14:[4,6]","c3:bw=21,experts=[4,5]; c7:bw=51,experts=[0,3,4,6,7]; c19:bw=18,experts=[4]; c23:bw=75,experts=[0,2,3,4,5,6,7]; c18:bw=18,experts=[4]; c29:bw=27,experts=[4,6]; c9:bw=18,experts=[4]; c17:bw=36,experts=[4,6,7]; c13:bw=57,experts=[2,3,4,6,7]; c27:bw=54,experts=[1,3,4,6,7]; c15:bw=46,experts=[3,4,6,7]; c22:bw=47,experts=[3,4,6,7]; c11:bw=66,experts=[0,2,3,4,6,7]; c5:bw=37,experts=[4,6,7]; c6:bw=63,experts=[0,3,4,5,6,7]; c4:bw=12,experts=[2]; c26:bw=32,experts=[4,5,6]; c2:bw=20,experts=[4,6]; c8:bw=55,experts=[0,3,4,6,7]; c1:bw=62,experts=[2,3,4,5,6,7]; c0:bw=36,experts=[4,5,6]; c12:bw=22,experts=[4,6]; c28:bw=10,experts=[4]; c21:bw=45,experts=[2,4,6,7]; c24:bw=29,experts=[1,5]; c25:bw=30,experts=[2,4,6]; c20:bw=37,experts=[4,6,7]; c10:bw=62,experts=[0,2,3,4,6,7]; c16:bw=20,experts=[4,5]; c14:bw=26,experts=[4,6]","1.6702,1.4320,1.5892,1.4567,1.8766,3.4879,1.4766,2.1607,1.7712,2.0301,1.2471,1.7642,2.4356,3.3151,1.1947,2.2125,1.1284,1.3403,1.2511,1.1515,1.1601,1.9437,1.6835,1.1123,1.2959,2.2177,2.2181,2.7015,1.9252,1.4369"
28,2026-09-23 22:14:18,Ours,0.01,2.991833218354229,15.6,15.6,28,55.5403,0:55.54,53.8931,0.4949,1.1493,1541.6705,25:41.67,30,"4,19,22,25,24,2,27,5,14,10,9,6,17,11,1,15,7,28,23,3,21,12,29,0,26,8,13,20,16,18",4:10;19:33;22:44;25:59;24:42;2:10;27:12;5:33;14:15;10:40;9:49;6:29;17:48;11:66;1:25;15:32;7:10;28:50;23:34;3:12;21:10;12:42;29:32;0:47;26:35;8:29;13:31;20:47;16:35;18:34,"4:[4];19:[4,6,7];22:[1,4,6,7];25:[2,3,4,6,7];24:[3,4,6,7];2:[4];27:[5];5:[4,6,7];14:[4];10:[3,4,6,7];9:[3,4,6,7];6:[4,6];17:[3,4,6,7];11:[0,2,3,4,6,7];1:[1,4];15:[4,6,7];7:[4];28:[2,3,4,6,7];23:[1,4,6];3:[4];21:[5];12:[3,4,6,7];29:[4,5,6];0:[3,4,6,7];26:[4,6,7];8:[2,4];13:[4,6,7];20:[1,4,5,6];16:[4,6,7];18:[4,6,7]","c4:bw=10,experts=[4]; c19:bw=33,experts=[4,6,7]; c22:bw=44,experts=[1,4,6,7]; c25:bw=59,experts=[2,3,4,6,7]; c24:bw=42,experts=[3,4,6,7]; c2:bw=10,experts=[4]; c27:bw=12,experts=[5]; c5:bw=33,experts=[4,6,7]; c14:bw=15,experts=[4]; c10:bw=40,experts=[3,4,6,7]; c9:bw=49,experts=[3,4,6,7]; c6:bw=29,experts=[4,6]; c17:bw=48,experts=[3,4,6,7]; c11:bw=66,experts=[0,2,3,4,6,7]; c1:bw=25,experts=[1,4]; c15:bw=32,experts=[4,6,7]; c7:bw=10,experts=[4]; c28:bw=50,experts=[2,3,4,6,7]; c23:bw=34,experts=[1,4,6]; c3:bw=12,experts=[4]; c21:bw=10,experts=[5]; c12:bw=42,experts=[3,4,6,7]; c29:bw=32,experts=[4,5,6]; c0:bw=47,experts=[3,4,6,7]; c26:bw=35,experts=[4,6,7]; c8:bw=29,experts=[2,4]; c13:bw=31,experts=[4,6,7]; c20:bw=47,experts=[1,4,5,6]; c16:bw=35,experts=[4,6,7]; c18:bw=34,experts=[4,6,7]","2.2424,1.5962,1.7583,2.2559,1.3564,1.3529,2.0188,3.3315,1.4350,2.7334,1.4902,1.2216,2.1627,2.4300,1.1657,1.2533,1.4096,1.7236,1.4428,1.7606,1.0900,1.9592,3.4541,1.1795,1.1102,1.2306,1.7545,2.1980,1.9226,1.8536"
29,2026-09-23 22:15:13,Ours,0.01,2.952417917088594,15.39,15.6,28,55.2172,0:55.22,53.5755,0.4857,1.1528,1596.9095,26:36.91,30,"8,12,20,7,0,3,9,25,2,17,21,19,27,18,29,5,6,10,1,13,28,23,22,14,15,16,24,26,4,11",8:34;12:10;20:42;7:21;0:44;3:32;9:44;25:35;2:18;17:59;21:74;19:39;27:26;18:24;29:23;5:33;6:43;10:10;1:33;13:13;28:50;23:20;22:54;14:35;15:70;16:48;24:14;26:25;4:38;11:59,"8:[4,6,7];12:[4];20:[3,4,6,7];7:[4,6];0:[3,4,6,7];3:[1,4,6];9:[2,4,6,7];25:[4,6,7];2:[4];17:[1,3,4,6,7];21:[0,2,3,4,5,6,7];19:[4,6,7];27:[4,6];18:[4,6];29:[4,6];5:[4,6,7];6:[3,4,6,7];10:[5];1:[4,6,7];13:[4];28:[2,3,4,6,7];23:[4,6];22:[2,4,5,6,7];14:[1,4,5];15:[0,1,2,3,4,6,7];16:[3,4,6,7];24:[4];26:[4,6];4:[1,4,6];11:[2,3,4,6,7]","c8:bw=34,experts=[4,6,7]; c12:bw=10,experts=[4]; c20:bw=42,experts=[3,4,6,7]; c7:bw=21,experts=[4,6]; c0:bw=44,experts=[3,4,6,7]; c3:bw=32,experts=[1,4,6]; c9:bw=44,experts=[2,4,6,7]; c25:bw=35,experts=[4,6,7]; c2:bw=18,experts=[4]; c17:bw=59,experts=[1,3,4,6,7]; c21:bw=74,experts=[0,2,3,4,5,6,7]; c19:bw=39,experts=[4,6,7]; c27:bw=26,experts=[4,6]; c18:bw=24,experts=[4,6]; c29:bw=23,experts=[4,6]; c5:bw=33,experts=[4,6,7]; c6:bw=43,experts=[3,4,6,7]; c10:bw=10,experts=[5]; c1:bw=33,experts=[4,6,7]; c13:bw=13,experts=[4]; c28:bw=50,experts=[2,3,4,6,7]; c23:bw=20,experts=[4,6]; c22:bw=54,experts=[2,4,5,6,7]; c14:bw=35,experts=[1,4,5]; c15:bw=70,experts=[0,1,2,3,4,6,7]; c16:bw=48,experts=[3,4,6,7]; c24:bw=14,experts=[4]; c26:bw=25,experts=[4,6]; c4:bw=38,experts=[1,4,6]; c11:bw=59,experts=[2,3,4,6,7]","1.2660,1.9305,2.2393,1.4302,1.2046,1.6806,1.4841,2.2488,1.3549,2.1548,1.1194,1.5880,2.0065,1.8479,3.4324,3.3175,1.2188,2.7191,1.1522,1.7328,1.6964,1.4221,1.7195,1.4191,1.2402,1.9094,1.3054,1.1195,2.2122,2.4033"
30,2026-09-23 22:16:08,Ours,0.01,3.058404637590809,16.15,16.15,30,55.3486,0:55.35,53.6991,0.4982,1.1482,1652.2782,27:32.28,30,"13,15,0,29,28,19,7,6,8,2,11,10,12,25,17,5,1,23,20,21,24,26,3,4,16,18,9,22,27,14",13:27;15:22;0:17;29:44;28:36;19:24;7:12;6:11;8:41;2:27;11:46;10:71;12:24;25:56;17:19;5:62;1:35;23:37;20:60;21:10;24:10;26:12;3:59;4:51;16:31;18:57;9:54;22:26;27:53;14:49,"13:[4,6];15:[4,6];0:[2];29:[3,4,6,7];28:[4,6,7];19:[4,6];7:[1];6:[2];8:[3,4,6,7];2:[0,1];11:[3,4,6,7];10:[0,2,3,4,5,6,7];12:[0,2];25:[2,3,4,6,7];17:[4];5:[2,3,4,5,6,7];1:[4,6,7];23:[4,6,7];20:[2,3,4,5,6,7];21:[4];24:[4];26:[0];3:[0,3,4,6,7];4:[2,3,4,6,7];16:[4,6,7];18:[1,3,4,6,7];9:[1,3,4,6,7];22:[4,6];27:[2,3,4,6,7];14:[3,4,6,7]","c13:bw=27,experts=[4,6]; c15:bw=22,experts=[4,6]; c0:bw=17,experts=[2]; c29:bw=44,experts=[3,4,6,7]; c28:bw=36,experts=[4,6,7]; c19:bw=24,experts=[4,6]; c7:bw=12,experts=[1]; c6:bw=11,experts=[2]; c8:bw=41,experts=[3,4,6,7]; c2:bw=27,experts=[0,1]; c11:bw=46,experts=[3,4,6,7]; c10:bw=71,experts=[0,2,3,4,5,6,7]; c12:bw=24,experts=[0,2]; c25:bw=56,experts=[2,3,4,6,7]; c17:bw=19,experts=[4]; c5:bw=62,experts=[2,3,4,5,6,7]; c1:bw=35,experts=[4,6,7]; c23:bw=37,experts=[4,6,7]; c20:bw=60,experts=[2,3,4,5,6,7]; c21:bw=10,experts=[4]; c24:bw=10,experts=[4]; c26:bw=12,experts=[0]; c3:bw=59,experts=[0,3,4,6,7]; c4:bw=51,experts=[2,3,4,6,7]; c16:bw=31,experts=[4,6,7]; c18:bw=57,experts=[1,3,4,6,7]; c9:bw=54,experts=[1,3,4,6,7]; c22:bw=26,experts=[4,6]; c27:bw=53,experts=[2,3,4,6,7]; c14:bw=49,experts=[3,4,6,7]","1.7710,1.2517,1.1798,3.5149,1.7226,1.6106,1.4131,1.2228,1.2712,1.3580,2.4214,2.7118,1.9579,2.2446,2.1170,3.3141,1.1458,1.4367,2.2287,1.1014,1.3148,1.1045,1.6655,2.2250,1.9287,1.8525,1.4808,1.7250,1.9864,1.4207"
31,2026-09-23 22:17:04,Ours,0.01,2.9912493130874203,16.29,16.29,31,55.346,0:55.35,53.7057,0.4778,1.1593,1707.6447,28:27.64,30,"12,3,7,21,29,19,15,6,10,16,14,24,1,13,23,11,8,22,0,5,9,27,4,20,28,18,25,17,26,2",12:35;3:24;7:63;21:46;29:48;19:40;15:55;6:29;10:33;16:36;14:61;24:72;1:30;13:32;23:24;11:29;8:33;22:41;0:47;5:62;9:45;27:10;4:19;20:11;28:56;18:58;25:46;17:35;26:10;2:15,"12:[4,6,7];3:[4,6];7:[2,3,4,5,6,7];21:[3,4,6,7];29:[3,4,6,7];19:[1,4,6,7];15:[2,3,4,6,7];6:[4,6];10:[4,6,7];16:[1,4,6];14:[2,3,4,5,6,7];24:[0,2,3,4,5,6,7];1:[0,4,6];13:[1,4,6];23:[4,6];11:[1,5];8:[1,4,6];22:[0,4,6,7];0:[3,4,6,7];5:[2,3,4,5,6,7];9:[3,4,6,7];27:[4];4:[0];20:[4];28:[2,3,4,6,7];18:[2,3,4,6,7];25:[3,4,6,7];17:[2,4,5];26:[2];2:[2]","c12:bw=35,experts=[4,6,7]; c3:bw=24,experts=[4,6]; c7:bw=63,experts=[2,3,4,5,6,7]; c21:bw=46,experts=[3,4,6,7]; c29:bw=48,experts=[3,4,6,7]; c19:bw=40,experts=[1,4,6,7]; c15:bw=55,experts=[2,3,4,6,7]; c6:bw=29,experts=[4,6]; c10:bw=33,experts=[4,6,7]; c16:bw=36,experts=[1,4,6]; c14:bw=61,experts=[2,3,4,5,6,7]; c24:bw=72,experts=[0,2,3,4,5,6,7]; c1:bw=30,experts=[0,4,6]; c13:bw=32,experts=[1,4,6]; c23:bw=24,experts=[4,6]; c11:bw=29,experts=[1,5]; c8:bw=33,experts=[1,4,6]; c22:bw=41,experts=[0,4,6,7]; c0:bw=47,experts=[3,4,6,7]; c5:bw=62,experts=[2,3,4,5,6,7]; c9:bw=45,experts=[3,4,6,7]; c27:bw=10,experts=[4]; c4:bw=19,experts=[0]; c20:bw=11,experts=[4]; c28:bw=56,experts=[2,3,4,6,7]; c18:bw=58,experts=[2,3,4,6,7]; c25:bw=46,experts=[3,4,6,7]; c17:bw=35,experts=[2,4,5]; c26:bw=10,experts=[2]; c2:bw=15,experts=[2]","1.9809,1.6863,1.4384,1.1222,3.4827,1.6122,1.2604,1.2241,2.7069,1.9455,1.4339,1.3316,1.1503,1.7523,1.4393,2.3963,1.2591,1.7495,1.1839,3.3199,1.4878,1.9815,2.2012,2.1972,1.7060,1.8628,2.2163,2.1142,1.1188,1.3444"
32,2026-09-23 22:17:59,Ours,0.01,2.9018561508204956,17.35,17.35,32,55.4813,0:55.48,53.8251,0.509,1.144,1763.1468,29:23.15,30,"15,8,9,28,4,27,21,11,5,18,17,29,6,24,26,10,23,12,1,20,13,22,14,19,2,16,7,0,3,25",15:36;8:21;9:31;28:19;4:49;27:27;21:64;11:27;5:36;18:35;17:28;29:41;6:27;24:10;26:29;10:22;23:15;12:49;1:21;20:39;13:63;22:35;14:32;19:27;2:54;16:48;7:47;0:46;3:28;25:67,"15:[4,5,6];8:[4,6];9:[0,4,6];28:[4];4:[3,4,6,7];27:[0,4];21:[2,3,4,5,6,7];11:[4,6];5:[4,6,7];18:[4,5,6];17:[4,6];29:[1,2,4,6];6:[4,6];24:[4];26:[3,4];10:[4,6];23:[4];12:[3,4,6,7];1:[4,6];20:[4,6,7];13:[1,2,3,4,6,7];22:[4,6,7];14:[4,6,7];19:[2,5];2:[2,3,4,6,7];16:[3,4,6,7];7:[3,4,6,7];0:[3,4,6,7];3:[4,6];25:[2,3,4,5,6,7]","c15:bw=36,experts=[4,5,6]; c8:bw=21,experts=[4,6]; c9:bw=31,experts=[0,4,6]; c28:bw=19,experts=[4]; c4:bw=49,experts=[3,4,6,7]; c27:bw=27,experts=[0,4]; c21:bw=64,experts=[2,3,4,5,6,7]; c11:bw=27,experts=[4,6]; c5:bw=36,experts=[4,6,7]; c18:bw=35,experts=[4,5,6]; c17:bw=28,experts=[4,6]; c29:bw=41,experts=[1,2,4,6]; c6:bw=27,experts=[4,6]; c24:bw=10,experts=[4]; c26:bw=29,experts=[3,4]; c10:bw=22,experts=[4,6]; c23:bw=15,experts=[4]; c12:bw=49,experts=[3,4,6,7]; c1:bw=21,experts=[4,6]; c20:bw=39,experts=[4,6,7]; c13:bw=63,experts=[1,2,3,4,6,7]; c22:bw=35,experts=[4,6,7]; c14:bw=32,experts=[4,6,7]; c19:bw=27,experts=[2,5]; c2:bw=54,experts=[2,3,4,6,7]; c16:bw=48,experts=[3,4,6,7]; c7:bw=47,experts=[3,4,6,7]; c0:bw=46,experts=[3,4,6,7]; c3:bw=28,experts=[4,6]; c25:bw=67,experts=[2,3,4,5,6,7]","1.2590,1.2735,1.4893,1.7081,2.2751,2.0011,1.1169,2.4124,3.3358,1.8682,2.1413,3.4806,1.2130,1.3213,1.1361,2.6799,1.4243,1.9484,1.1472,2.2239,1.7607,1.7410,1.4479,1.6331,1.3524,1.9420,1.4124,1.1788,1.6632,2.2380"
33,2026-09-23 22:18:55,Ours,0.01,2.908418712079767,17.87,17.87,33,55.4495,0:55.45,53.7808,0.5038,1.1616,1818.6183,30:18.62,30,"26,27,23,4,17,29,18,13,0,10,7,15,5,20,14,1,22,8,2,9,3,19,12,28,11,25,21,6,16,24",26:44;27:38;23:63;4:45;17:59;29:62;18:55;13:30;0:62;10:46;7:52;15:24;5:29;20:40;14:37;1:34;22:56;8:50;2:24;9:42;3:70;19:25;12:46;28:29;11:53;25:14;21:65;6:37;16:44;24:28,"26:[3,4,6,7];27:[4,6,7];23:[2,3,4,5,6,7];4:[4,5,6,7];17:[0,3,4,6,7];29:[0,2,3,4,6,7];18:[0,3,4,6,7];13:[0,4,6];0:[0,2,3,4,6,7];10:[3,4,6,7];7:[2,3,4,6,7];15:[4,6];5:[0,1];20:[0,4,6,7];14:[4,6,7];1:[4,6,7];22:[2,3,4,6,7];8:[2,3,4,6,7];2:[4,6];9:[3,4,6,7];3:[0,2,3,4,5,6,7];19:[0,3];12:[1,4,5,6];28:[0,4];11:[2,3,4,6,7];25:[4];21:[2,3,4,5,6,7];6:[4,6,7];16:[2,4,6,7];24:[4,6]","c26:bw=44,experts=[3,4,6,7]; c27:bw=38,experts=[4,6,7]; c23:bw=63,experts=[2,3,4,5,6,7]; c4:bw=45,experts=[4,5,6,7]; c17:bw=59,experts=[0,3,4,6,7]; c29:bw=62,experts=[0,2,3,4,6,7]; c18:bw=55,experts=[0,3,4,6,7]; c13:bw=30,experts=[0,4,6]; c0:bw=62,experts=[0,2,3,4,6,7]; c10:bw=46,experts=[3,4,6,7]; c7:bw=52,experts=[2,3,4,6,7]; c15:bw=24,experts=[4,6]; c5:bw=29,experts=[0,1]; c20:bw=40,experts=[0,4,6,7]; c14:bw=37,experts=[4,6,7]; c1:bw=34,experts=[4,6,7]; c22:bw=56,experts=[2,3,4,6,7]; c8:bw=50,experts=[2,3,4,6,7]; c2:bw=24,experts=[4,6]; c9:bw=42,experts=[3,4,6,7]; c3:bw=70,experts=[0,2,3,4,5,6,7]; c19:bw=25,experts=[0,3]; c12:bw=46,experts=[1,4,5,6]; c28:bw=29,experts=[0,4]; c11:bw=53,experts=[2,3,4,6,7]; c25:bw=14,experts=[4]; c21:bw=65,experts=[2,3,4,5,6,7]; c6:bw=37,experts=[4,6,7]; c16:bw=44,experts=[2,4,6,7]; c24:bw=28,experts=[4,6]","1.1403,2.0180,1.4585,2.2628,2.1512,3.5287,1.8968,1.7607,1.1870,2.7211,1.4270,1.2485,3.2926,2.2399,1.4390,1.1530,1.7489,1.2635,1.3520,1.4843,1.6686,1.5703,1.9272,1.6886,2.3971,2.2023,1.1060,1.2092,1.9252,1.3126"
34,2026-09-23 22:19:50,Ours,0.01,2.8443812774657506,18.86,18.86,34,55.5064,0:55.51,53.8224,0.516,1.1648,1874.1457,31:14.15,30,"22,28,29,18,16,27,9,14,2,11,8,6,7,17,10,13,3,15,19,24,21,20,0,4,5,12,23,26,1,25",22:30;28:39;29:13;18:29;16:54;27:34;9:68;14:66;2:54;11:52;8:42;6:48;7:32;17:16;10:26;13:57;3:72;15:10;19:50;24:60;21:48;20:62;0:22;4:46;5:60;12:24;23:36;26:55;1:46;25:49,"22:[4,6,7];28:[1,4,5];29:[4];18:[4,6];16:[0,3,4,6,7];27:[4,6,7];9:[2,3,4,5,6,7];14:[0,2,3,4,6,7];2:[3,4,5,6,7];11:[2,3,4,6,7];8:[4,5,6,7];6:[1,4,6,7];7:[4,6,7];17:[4];10:[1,4];13:[2,4,5,6,7];3:[0,2,3,4,5,6,7];15:[4];19:[2,3,4,6,7];24:[2,3,4,5,6,7];21:[1,4,6,7];20:[2,3,4,5,6,7];0:[1,4];4:[3,4,6,7];5:[2,3,4,5,6,7];12:[4,6];23:[4,6,7];26:[1,3,4,6,7];1:[2,4,6,7];25:[0,1,4,6]","c22:bw=30,experts=[4,6,7]; c28:bw=39,experts=[1,4,5]; c29:bw=13,experts=[4]; c18:bw=29,experts=[4,6]; c16:bw=54,experts=[0,3,4,6,7]; c27:bw=34,experts=[4,6,7]; c9:bw=68,experts=[2,3,4,5,6,7]; c14:bw=66,experts=[0,2,3,4,6,7]; c2:bw=54,experts=[3,4,5,6,7]; c11:bw=52,experts=[2,3,4,6,7]; c8:bw=42,experts=[4,5,6,7]; c6:bw=48,experts=[1,4,6,7]; c7:bw=32,experts=[4,6,7]; c17:bw=16,experts=[4]; c10:bw=26,experts=[1,4]; c13:bw=57,experts=[2,4,5,6,7]; c3:bw=72,experts=[0,2,3,4,5,6,7]; c15:bw=10,experts=[4]; c19:bw=50,experts=[2,3,4,6,7]; c24:bw=60,experts=[2,3,4,5,6,7]; c21:bw=48,experts=[1,4,6,7]; c20:bw=62,experts=[2,3,4,5,6,7]; c0:bw=22,experts=[1,4]; c4:bw=46,experts=[3,4,6,7]; c5:bw=60,experts=[2,3,4,5,6,7]; c12:bw=24,experts=[4,6]; c23:bw=36,experts=[4,6,7]; c26:bw=55,experts=[1,3,4,6,7]; c1:bw=46,experts=[2,4,6,7]; c25:bw=49,experts=[0,1,4,6]","1.7639,1.7184,3.4793,1.8712,1.9699,2.0153,1.4959,1.4625,1.3686,2.4297,1.2585,1.2199,1.4265,2.1323,2.6979,1.7757,1.6901,1.2287,1.5919,1.3268,1.1174,2.2181,1.1818,2.2282,3.3176,1.9388,1.4402,1.1260,1.1501,2.1812"
35,2026-09-23 22:20:45,Ours,0.01,2.9067061641261693,19.35,19.35,35,55.1166,0:55.12,53.4865,0.4806,1.1464,1929.2841,32:09.28,30,"6,28,22,8,0,15,13,25,17,20,4,11,12,2,9,7,26,24,29,18,23,16,21,5,14,3,10,27,19,1",6:44;28:55;22:32;8:50;0:20;15:47;13:48;25:40;17:32;20:53;4:33;11:69;12:22;2:46;9:27;7:48;26:59;24:15;29:28;18:51;23:13;16:10;21:10;5:41;14:20;3:24;10:57;27:64;19:22;1:31,"6:[0,4,5,6];28:[2,3,4,6,7];22:[4,6,7];8:[0,2,4,6,7];0:[4,5];15:[3,4,6,7];13:[2,4,6,7];25:[3,4,6,7];17:[4,6,7];20:[2,3,4,6,7];4:[4,6,7];11:[2,3,4,5,6,7];12:[4,6];2:[3,4,6,7];9:[4,6];7:[0,4,6,7];26:[3,4,5,6,7];24:[1];29:[4,6];18:[2,3,4,6,7];23:[0];16:[5];21:[4];5:[3,4,6,7];14:[4,6];3:[4,6];10:[2,3,4,6,7];27:[1,2,3,4,6,7];19:[4,6];1:[3,4,5]","c6:bw=44,experts=[0,4,5,6]; c28:bw=55,experts=[2,3,4,6,7]; c22:bw=32,experts=[4,6,7]; c8:bw=50,experts=[0,2,4,6,7]; c0:bw=20,experts=[4,5]; c15:bw=47,experts=[3,4,6,7]; c13:bw=48,experts=[2,4,6,7]; c25:bw=40,experts=[3,4,6,7]; c17:bw=32,experts=[4,6,7]; c20:bw=53,experts=[2,3,4,6,7]; c4:bw=33,experts=[4,6,7]; c11:bw=69,experts=[2,3,4,5,6,7]; c12:bw=22,experts=[4,6]; c2:bw=46,experts=[3,4,6,7]; c9:bw=27,experts=[4,6]; c7:bw=48,experts=[0,4,6,7]; c26:bw=59,experts=[3,4,5,6,7]; c24:bw=15,experts=[1]; c29:bw=28,experts=[4,6]; c18:bw=51,experts=[2,3,4,6,7]; c23:bw=13,experts=[0]; c16:bw=10,experts=[5]; c21:bw=10,experts=[4]; c5:bw=41,experts=[3,4,6,7]; c14:bw=20,experts=[4,6]; c3:bw=24,experts=[4,6]; c10:bw=57,experts=[2,3,4,6,7]; c27:bw=64,experts=[1,2,3,4,6,7]; c19:bw=22,experts=[4,6]; c1:bw=31,experts=[3,4,5]","1.2138,1.7177,1.7609,1.2648,1.1730,1.2640,1.7512,2.2299,2.1368,2.2374,2.2226,2.4230,1.9613,1.3542,1.4803,1.4196,1.1212,1.2964,3.4265,1.8660,1.4048,1.9161,1.0888,3.2900,1.4325,1.6687,2.6603,1.9882,1.5689,1.1474"
36,2026-09-23 22:21:40,Ours,0.01,2.855938040097399,20.21,20.21,36,55.2291,0:55.23,53.5834,0.5026,1.1398,1984.5348,33:04.53,30,"26,19,8,17,20,15,29,18,22,21,7,1,11,16,6,24,9,27,28,2,23,12,3,10,4,5,13,25,0,14",26:41;19:48;8:51;17:49;20:49;15:68;29:53;18:11;22:13;21:42;7:27;1:10;11:33;16:10;6:43;24:12;9:37;27:40;28:37;2:50;23:58;12:35;3:60;10:56;4:74;5:49;13:47;25:11;0:36;14:18,"26:[2,4,6,7];19:[2,4,6,7];8:[2,3,4,6,7];17:[2,4,6,7];20:[1,4,6,7];15:[2,3,4,5,6,7];29:[2,4,5,6,7];18:[4];22:[1];21:[3,4,6,7];7:[4,6];1:[1];11:[0,4,6];16:[4];6:[3,4,6,7];24:[4];9:[4,6,7];27:[4,5,6,7];28:[4,6,7];2:[2,3,4,6,7];23:[1,2,4,6,7];12:[4,6,7];3:[2,3,4,5,6,7];10:[2,3,4,6,7];4:[0,2,3,4,5,6,7];5:[3,4,6,7];13:[2,4,6,7];25:[4];0:[4,6,7];14:[4]","c26:bw=41,experts=[2,4,6,7]; c19:bw=48,experts=[2,4,6,7]; c8:bw=51,experts=[2,3,4,6,7]; c17:bw=49,experts=[2,4,6,7]; c20:bw=49,experts=[1,4,6,7]; c15:bw=68,experts=[2,3,4,5,6,7]; c29:bw=53,experts=[2,4,5,6,7]; c18:bw=11,experts=[4]; c22:bw=13,experts=[1]; c21:bw=42,experts=[3,4,6,7]; c7:bw=27,experts=[4,6]; c1:bw=10,experts=[1]; c11:bw=33,experts=[0,4,6]; c16:bw=10,experts=[4]; c6:bw=43,experts=[3,4,6,7]; c24:bw=12,experts=[4]; c9:bw=37,experts=[4,6,7]; c27:bw=40,experts=[4,5,6,7]; c28:bw=37,experts=[4,6,7]; c2:bw=50,experts=[2,3,4,6,7]; c23:bw=58,experts=[1,2,4,6,7]; c12:bw=35,experts=[4,6,7]; c3:bw=60,experts=[2,3,4,5,6,7]; c10:bw=56,experts=[2,3,4,6,7]; c4:bw=74,experts=[0,2,3,4,5,6,7]; c5:bw=49,experts=[3,4,6,7]; c13:bw=47,experts=[2,4,6,7]; c25:bw=11,experts=[4]; c0:bw=36,experts=[4,6,7]; c14:bw=18,experts=[4]","1.1405,1.5898,1.2777,2.1483,2.2261,1.2507,3.4813,1.8534,1.7324,1.1169,1.4072,1.1707,2.4107,1.9367,1.2187,1.3125,1.4708,1.9879,1.7013,1.3533,1.4368,1.9529,1.6607,2.6760,2.2035,3.3225,1.7486,2.2036,1.1753,1.4164"
37,2026-09-23 22:22:36,Ours,0.01,2.8377533735836162,21.25,21.25,37,55.4745,0:55.47,53.7985,0.5,1.1728,2040.0316,34:00.03,30,"21,9,6,20,29,19,3,24,28,18,12,27,7,0,15,25,26,1,8,10,13,17,11,4,16,2,22,5,23,14",21:18;9:40;6:65;20:38;29:39;19:42;3:36;24:61;28:10;18:10;12:49;27:55;7:42;0:54;15:51;25:56;26:10;1:18;8:10;10:58;13:12;17:56;11:63;4:39;16:31;2:36;22:10;5:39;23:44;14:28,"21:[0];9:[2,4,6,7];6:[2,3,4,5,6,7];20:[4,6,7];29:[4,6,7];19:[3,4,6,7];3:[1,4,6];24:[2,3,4,5,6,7];28:[4];18:[4];12:[3,4,6,7];27:[2,3,4,6,7];7:[3,4,6,7];0:[2,3,4,6,7];15:[0,1,4,6,7];25:[2,3,4,6,7];26:[4];1:[4];8:[4];10:[2,3,4,6,7];13:[4];17:[1,3,4,6,7];11:[2,3,4,5,6,7];4:[1,4,6];16:[4,6,7];2:[4,6,7];22:[5];5:[4,6,7];23:[2,4,6,7];14:[1,4]","c21:bw=18,experts=[0]; c9:bw=40,experts=[2,4,6,7]; c6:bw=65,experts=[2,3,4,5,6,7]; c20:bw=38,experts=[4,6,7]; c29:bw=39,experts=[4,6,7]; c19:bw=42,experts=[3,4,6,7]; c3:bw=36,experts=[1,4,6]; c24:bw=61,experts=[2,3,4,5,6,7]; c28:bw=10,experts=[4]; c18:bw=10,experts=[4]; c12:bw=49,experts=[3,4,6,7]; c27:bw=55,experts=[2,3,4,6,7]; c7:bw=42,experts=[3,4,6,7]; c0:bw=54,experts=[2,3,4,6,7]; c15:bw=51,experts=[0,1,4,6,7]; c25:bw=56,experts=[2,3,4,6,7]; c26:bw=10,experts=[4]; c1:bw=18,experts=[4]; c8:bw=10,experts=[4]; c10:bw=58,experts=[2,3,4,6,7]; c13:bw=12,experts=[4]; c17:bw=56,experts=[1,3,4,6,7]; c11:bw=63,experts=[2,3,4,5,6,7]; c4:bw=39,experts=[1,4,6]; c16:bw=31,experts=[4,6,7]; c2:bw=36,experts=[4,6,7]; c22:bw=10,experts=[5]; c5:bw=39,experts=[4,6,7]; c23:bw=44,experts=[2,4,6,7]; c14:bw=28,experts=[1,4]","1.0988,1.4941,1.2142,2.2288,3.4796,1.6106,1.6877,1.3372,1.7277,1.8569,1.9797,2.0213,1.4251,1.1965,1.2409,2.2368,1.1971,1.1520,1.2397,2.6916,1.7387,2.1325,2.4077,2.2272,1.9331,1.3481,1.7111,3.3129,1.4503,1.4205"
38,2026-09-23 22:23:31,Ours,0.01,2.7977336337914167,22.2,22.2,38,55.2736,0:55.27,53.6116,0.501,1.1579,2095.3276,34:55.33,30,"16,10,14,28,4,1,21,22,8,11,29,0,5,23,2,15,27,19,6,20,7,17,9,12,24,3,25,13,26,18",16:38;10:39;14:41;28:30;4:52;1:31;21:51;22:46;8:46;11:17;29:21;0:40;5:10;23:30;2:10;15:12;27:48;19:61;6:17;20:36;7:51;17:41;9:26;12:47;24:38;3:38;25:58;13:63;26:44;18:44,"16:[4,6,7];10:[0,4,5];14:[3,4,6,7];28:[4,6,7];4:[2,3,4,6,7];1:[4,6,7];21:[0,3,4,6,7];22:[3,4,6,7];8:[3,4,6,7];11:[4];29:[4,6];0:[3,4,6,7];5:[4];23:[4,6,7];2:[0];15:[4];27:[2,4,6,7];19:[2,3,4,5,6,7];6:[4];20:[4,6,7];7:[1,2,4,6,7];17:[3,4,6,7];9:[1,4];12:[0,2,4,6];24:[4,6,7];3:[4,6,7];25:[2,3,4,6,7];13:[1,2,3,4,6,7];26:[0,4,6,7];18:[1,4,6,7]","c16:bw=38,experts=[4,6,7]; c10:bw=39,experts=[0,4,5]; c14:bw=41,experts=[3,4,6,7]; c28:bw=30,experts=[4,6,7]; c4:bw=52,experts=[2,3,4,6,7]; c1:bw=31,experts=[4,6,7]; c21:bw=51,experts=[0,3,4,6,7]; c22:bw=46,experts=[3,4,6,7]; c8:bw=46,experts=[3,4,6,7]; c11:bw=17,experts=[4]; c29:bw=21,experts=[4,6]; c0:bw=40,experts=[3,4,6,7]; c5:bw=10,experts=[4]; c23:bw=30,experts=[4,6,7]; c2:bw=10,experts=[0]; c15:bw=12,experts=[4]; c27:bw=48,experts=[2,4,6,7]; c19:bw=61,experts=[2,3,4,5,6,7]; c6:bw=17,experts=[4]; c20:bw=36,experts=[4,6,7]; c7:bw=51,experts=[1,2,4,6,7]; c17:bw=41,experts=[3,4,6,7]; c9:bw=26,experts=[1,4]; c12:bw=47,experts=[0,2,4,6]; c24:bw=38,experts=[4,6,7]; c3:bw=38,experts=[4,6,7]; c25:bw=58,experts=[2,3,4,6,7]; c13:bw=63,experts=[1,2,3,4,6,7]; c26:bw=44,experts=[0,4,6,7]; c18:bw=44,experts=[1,4,6,7]","1.9631,2.7025,1.4434,1.7110,2.2545,1.1549,1.1184,1.7538,1.2591,2.3991,3.4540,1.1929,3.3008,1.4397,1.3398,1.2383,1.9967,1.5766,1.2058,2.2033,1.4075,2.1268,1.4546,1.9414,1.3181,1.6667,2.2153,1.7716,1.1243,1.8775"
39,2026-09-23 22:24:27,Ours,0.01,2.7726438100358464,22.45,22.45,39,55.4881,0:55.49,53.8245,0.5087,1.1517,2150.8672,35:50.87,30,"22,26,13,11,1,23,16,21,15,17,10,4,24,8,27,12,3,25,0,20,14,19,9,7,29,6,2,28,5,18",22:28;26:37;13:49;11:51;1:45;23:49;16:29;21:52;15:30;17:42;10:24;4:36;24:44;8:45;27:39;12:49;3:26;25:35;0:10;20:68;14:57;19:18;9:24;7:40;29:16;6:31;2:36;28:54;5:75;18:25,"22:[0,4];26:[4,6,7];13:[2,4,6,7];11:[1,2,4,6,7];1:[0,4,6,7];23:[3,4,6,7];16:[1,4];21:[2,3,4,6,7];15:[4,6,7];17:[4,5,6,7];10:[4,6];4:[4,6,7];24:[0,4,6,7];8:[1,4,6,7];27:[4,6,7];12:[3,4,6,7];3:[4,6];25:[4,6,7];0:[4];20:[2,3,4,5,6,7];14:[3,4,5,6,7];19:[1];9:[4,6];7:[4,5,6,7];29:[4];6:[4,6,7];2:[1,4,6];28:[2,3,4,6,7];5:[0,2,3,4,5,6,7];18:[4,6]","c22:bw=28,experts=[0,4]; c26:bw=37,experts=[4,6,7]; c13:bw=49,experts=[2,4,6,7]; c11:bw=51,experts=[1,2,4,6,7]; c1:bw=45,experts=[0,4,6,7]; c23:bw=49,experts=[3,4,6,7]; c16:bw=29,experts=[1,4]; c21:bw=52,experts=[2,3,4,6,7]; c15:bw=30,experts=[4,6,7]; c17:bw=42,experts=[4,5,6,7]; c10:bw=24,experts=[4,6]; c4:bw=36,experts=[4,6,7]; c24:bw=44,experts=[0,4,6,7]; c8:bw=45,experts=[1,4,6,7]; c27:bw=39,experts=[4,6,7]; c12:bw=49,experts=[3,4,6,7]; c3:bw=26,experts=[4,6]; c25:bw=35,experts=[4,6,7]; c0:bw=10,experts=[4]; c20:bw=68,experts=[2,3,4,5,6,7]; c14:bw=57,experts=[3,4,5,6,7]; c19:bw=18,experts=[1]; c9:bw=24,experts=[4,6]; c7:bw=40,experts=[4,5,6,7]; c29:bw=16,experts=[4]; c6:bw=31,experts=[4,6,7]; c2:bw=36,experts=[1,4,6]; c28:bw=54,experts=[2,3,4,6,7]; c5:bw=75,experts=[0,2,3,4,5,6,7]; c18:bw=25,experts=[4,6]","1.7498,1.1581,1.7738,2.4268,1.1720,1.4635,1.9598,1.1140,1.2640,2.1593,2.7130,2.2615,1.3313,1.2596,2.0059,1.9616,1.6822,2.2355,1.1760,2.2418,1.4359,1.5662,1.4699,1.4114,3.4312,1.2206,1.3456,1.6908,3.3036,1.8399"
40,2026-09-23 22:25:22,Ours,0.01,2.7370989320688195,22.94,22.94,40,55.5903,0:55.59,53.8947,0.5,1.1925,2206.4803,36:46.48,30,"28,27,26,8,18,6,17,13,29,16,15,2,10,1,22,11,23,20,4,7,24,19,25,3,14,12,5,21,0,9",28:10;27:38;26:63;8:26;18:38;6:46;17:30;13:32;29:43;16:29;15:22;2:65;10:60;1:42;22:43;11:15;23:50;20:21;4:19;7:66;24:51;19:23;25:67;3:10;14:58;12:42;5:32;21:35;0:36;9:40,"28:[4];27:[0,4,6];26:[2,3,4,5,6,7];8:[4,6];18:[4,5,6];6:[2,4,6,7];17:[4,6,7];13:[4,6,7];29:[1,4,6,7];16:[4,6];15:[4,6];2:[2,3,4,5,6,7];10:[2,3,4,5,6,7];1:[2,4,6,7];22:[2,4,6,7];11:[4];23:[2,3,4,6,7];20:[4,6];4:[4];7:[2,3,4,5,6,7];24:[2,4,5,6,7];19:[4,6];25:[2,3,4,5,6,7];3:[4];14:[2,4,5,6,7];12:[2,4,6,7];5:[4,6,7];21:[4,6,7];0:[4,6,7];9:[0,4,6,7]","c28:bw=10,experts=[4]; c27:bw=38,experts=[0,4,6]; c26:bw=63,experts=[2,3,4,5,6,7]; c8:bw=26,experts=[4,6]; c18:bw=38,experts=[4,5,6]; c6:bw=46,experts=[2,4,6,7]; c17:bw=30,experts=[4,6,7]; c13:bw=32,experts=[4,6,7]; c29:bw=43,experts=[1,4,6,7]; c16:bw=29,experts=[4,6]; c15:bw=22,experts=[4,6]; c2:bw=65,experts=[2,3,4,5,6,7]; c10:bw=60,experts=[2,3,4,5,6,7]; c1:bw=42,experts=[2,4,6,7]; c22:bw=43,experts=[2,4,6,7]; c11:bw=15,experts=[4]; c23:bw=50,experts=[2,3,4,6,7]; c20:bw=21,experts=[4,6]; c4:bw=19,experts=[4]; c7:bw=66,experts=[2,3,4,5,6,7]; c24:bw=51,experts=[2,4,5,6,7]; c19:bw=23,experts=[4,6]; c25:bw=67,experts=[2,3,4,5,6,7]; c3:bw=10,experts=[4]; c14:bw=58,experts=[2,4,5,6,7]; c12:bw=42,experts=[2,4,6,7]; c5:bw=32,experts=[4,6,7]; c21:bw=35,experts=[4,6,7]; c0:bw=36,experts=[4,6,7]; c9:bw=40,experts=[0,4,6,7]","1.7138,2.0250,1.1419,1.2649,1.8688,1.2256,2.1465,1.7799,3.4970,1.9448,1.2472,1.3671,2.7114,1.1578,1.7718,2.3676,1.4476,2.2204,2.2366,1.4197,1.3202,1.5904,2.3098,1.6526,1.4391,1.9404,3.3120,1.1206,1.1770,1.4773"
41,2026-09-23 22:26:18,Ours,0.01,2.8189928696705073,23.5,23.5,41,55.4176,0:55.42,53.7393,0.5088,1.1664,2261.921,37:41.92,30,"6,26,2,29,16,1,8,15,4,19,3,24,21,20,18,23,0,17,25,12,11,10,13,14,22,28,27,5,7,9",6:10;26:10;2:54;29:38;16:25;1:10;8:57;15:24;4:50;19:19;3:40;24:58;21:18;20:39;18:10;23:37;0:10;17:52;25:29;12:18;11:41;10:42;13:45;14:61;22:46;28:51;27:52;5:61;7:68;9:54,"6:[4];26:[4];2:[2,3,4,6,7];29:[0,3,4];16:[2,4];1:[4];8:[2,3,4,6,7];15:[4,6];4:[2,3,4,6,7];19:[0];3:[3,4,6,7];24:[2,3,4,6,7];21:[5];20:[0,4,6];18:[0];23:[4,5,6];0:[0];17:[0,2,4,6,7];25:[4,6];12:[1];11:[2,4,6,7];10:[3,4,6,7];13:[0,4,6,7];14:[2,3,4,5,6,7];22:[2,4,6,7];28:[0,2,4,6,7];27:[2,3,4,6,7];5:[1,2,4,5,6,7];7:[2,3,4,5,6,7];9:[2,4,5,6,7]","c6:bw=10,experts=[4]; c26:bw=10,experts=[4]; c2:bw=54,experts=[2,3,4,6,7]; c29:bw=38,experts=[0,3,4]; c16:bw=25,experts=[2,4]; c1:bw=10,experts=[4]; c8:bw=57,experts=[2,3,4,6,7]; c15:bw=24,experts=[4,6]; c4:bw=50,experts=[2,3,4,6,7]; c19:bw=19,experts=[0]; c3:bw=40,experts=[3,4,6,7]; c24:bw=58,experts=[2,3,4,6,7]; c21:bw=18,experts=[5]; c20:bw=39,experts=[0,4,6]; c18:bw=10,experts=[0]; c23:bw=37,experts=[4,5,6]; c0:bw=10,experts=[0]; c17:bw=52,experts=[0,2,4,6,7]; c25:bw=29,experts=[4,6]; c12:bw=18,experts=[1]; c11:bw=41,experts=[2,4,6,7]; c10:bw=42,experts=[3,4,6,7]; c13:bw=45,experts=[0,4,6,7]; c14:bw=61,experts=[2,3,4,5,6,7]; c22:bw=46,experts=[2,4,6,7]; c28:bw=51,experts=[0,2,4,6,7]; c27:bw=52,experts=[2,3,4,6,7]; c5:bw=61,experts=[1,2,4,5,6,7]; c7:bw=68,experts=[2,3,4,5,6,7]; c9:bw=54,experts=[2,4,5,6,7]","1.2178,1.1176,1.3742,3.4623,1.9339,1.1655,1.2610,1.2541,2.2613,1.5729,1.6723,1.3319,1.0882,2.2171,1.8619,1.5326,1.1851,2.1286,2.2198,1.9285,2.4019,2.6850,1.7602,1.4358,1.7569,1.7061,1.9980,3.3121,1.4217,1.4748"
42,2026-09-23 22:27:13,Ours,0.01,2.8116781242187323,23.63,23.63,42,55.3879,0:55.39,53.732,0.5092,1.1436,2317.3324,38:37.33,30,"12,15,27,9,11,17,1,16,22,24,19,25,2,6,5,14,23,3,20,4,26,0,10,28,29,7,13,18,21,8",12:22;15:31;27:34;9:51;11:59;17:32;1:49;16:10;22:26;24:34;19:63;25:28;2:40;6:34;5:50;14:13;23:51;3:48;20:42;4:55;26:16;0:15;10:15;28:54;29:40;7:20;13:33;18:14;21:32;8:42,"12:[4,5];15:[4,6,7];27:[4,6,7];9:[2,3,4,6,7];11:[2,4,5,6,7];17:[4,6,7];1:[4,5,6,7];16:[0];22:[4,6];24:[4,6,7];19:[2,3,4,5,6,7];25:[0,1];2:[3,4,6,7];6:[1,4,6];5:[2,4,5,6,7];14:[0];23:[2,4,5,6,7];3:[0,4,6,7];20:[2,4,6,7];4:[2,4,5,6,7];26:[1];0:[1];10:[1];28:[1,4,5,6,7];29:[2,4,6,7];7:[4,6];13:[4,5,6];18:[4];21:[1,4,6];8:[4,5,6,7]","c12:bw=22,experts=[4,5]; c15:bw=31,experts=[4,6,7]; c27:bw=34,experts=[4,6,7]; c9:bw=51,experts=[2,3,4,6,7]; c11:bw=59,experts=[2,4,5,6,7]; c17:bw=32,experts=[4,6,7]; c1:bw=49,experts=[4,5,6,7]; c16:bw=10,experts=[0]; c22:bw=26,experts=[4,6]; c24:bw=34,experts=[4,6,7]; c19:bw=63,experts=[2,3,4,5,6,7]; c25:bw=28,experts=[0,1]; c2:bw=40,experts=[3,4,6,7]; c6:bw=34,experts=[1,4,6]; c5:bw=50,experts=[2,4,5,6,7]; c14:bw=13,experts=[0]; c23:bw=51,experts=[2,4,5,6,7]; c3:bw=48,experts=[0,4,6,7]; c20:bw=42,experts=[2,4,6,7]; c4:bw=55,experts=[2,4,5,6,7]; c26:bw=16,experts=[1]; c0:bw=15,experts=[1]; c10:bw=15,experts=[1]; c28:bw=54,experts=[1,4,5,6,7]; c29:bw=40,experts=[2,4,6,7]; c7:bw=20,experts=[4,6]; c13:bw=33,experts=[4,5,6]; c18:bw=14,experts=[4]; c21:bw=32,experts=[1,4,6]; c8:bw=42,experts=[4,5,6,7]","1.9643,1.2547,2.0220,1.5061,2.4252,2.1515,1.1641,1.9514,1.7681,1.3439,1.6055,2.2171,1.3573,1.2089,3.3353,1.4318,1.4403,1.6769,2.2128,2.2437,1.1039,1.1644,2.7077,1.6898,3.4393,1.4055,1.7380,1.8424,1.1045,1.2558"
43,2026-09-23 22:28:09,Ours,0.01,2.7438306597868456,24.24,24.24,43,55.5943,0:55.59,53.9176,0.5024,1.1711,2372.9506,39:32.95,30,"29,8,12,9,15,28,18,13,20,14,21,0,7,4,27,3,22,11,26,16,23,17,6,1,5,10,25,24,19,2",29:28;8:45;12:10;9:32;15:14;28:27;18:24;13:16;20:48;14:66;21:34;0:21;7:21;4:34;27:61;3:65;22:41;11:55;26:59;16:21;23:34;17:47;6:12;1:58;5:53;10:37;25:44;24:54;19:54;2:51,"29:[4,6];8:[0,4,6,7];12:[4];9:[4,6,7];15:[4];28:[4,6];18:[2,3];13:[4];20:[2,4,6,7];14:[2,3,4,5,6,7];21:[4,6,7];0:[4,5];7:[0,4];4:[4,6,7];27:[1,2,3,4,6,7];3:[2,3,4,5,6,7];22:[2,4,6,7];11:[2,3,4,6,7];26:[2,4,5,6,7];16:[3,5];23:[0,4,6];17:[2,4,6,7];6:[0];1:[2,3,4,6,7];5:[2,4,5,6,7];10:[4,6,7];25:[2,4,6,7];24:[1,2,4,6,7];19:[2,4,5,6,7];2:[2,4,5,6,7]","c29:bw=28,experts=[4,6]; c8:bw=45,experts=[0,4,6,7]; c12:bw=10,experts=[4]; c9:bw=32,experts=[4,6,7]; c15:bw=14,experts=[4]; c28:bw=27,experts=[4,6]; c18:bw=24,experts=[2,3]; c13:bw=16,experts=[4]; c20:bw=48,experts=[2,4,6,7]; c14:bw=66,experts=[2,3,4,5,6,7]; c21:bw=34,experts=[4,6,7]; c0:bw=21,experts=[4,5]; c7:bw=21,experts=[0,4]; c4:bw=34,experts=[4,6,7]; c27:bw=61,experts=[1,2,3,4,6,7]; c3:bw=65,experts=[2,3,4,5,6,7]; c22:bw=41,experts=[2,4,6,7]; c11:bw=55,experts=[2,3,4,6,7]; c26:bw=59,experts=[2,4,5,6,7]; c16:bw=21,experts=[3,5]; c23:bw=34,experts=[0,4,6]; c17:bw=47,experts=[2,4,6,7]; c6:bw=12,experts=[0]; c1:bw=58,experts=[2,3,4,6,7]; c5:bw=53,experts=[2,4,5,6,7]; c10:bw=37,experts=[4,6,7]; c25:bw=44,experts=[2,4,6,7]; c24:bw=54,experts=[1,2,4,6,7]; c19:bw=54,experts=[2,4,5,6,7]; c2:bw=51,experts=[2,4,5,6,7]","3.5059,1.2776,1.9600,1.5008,1.2544,1.7214,1.8795,1.7520,2.2311,1.4471,1.1316,1.1894,1.4225,2.2609,2.0425,1.7105,1.7471,2.4114,1.1236,1.9407,1.4482,2.1340,1.1942,1.1561,3.3107,2.7029,2.2089,1.3186,1.5857,1.3480"
44,2026-09-23 22:29:05,Ours,0.01,2.6809293485287693,25.35,25.35,44,55.7856,0:55.79,54.106,0.5231,1.1531,2428.7615,40:28.76,30,"3,19,8,4,20,24,9,10,13,5,11,14,17,23,1,2,26,15,22,25,28,18,12,0,6,16,7,27,29,21",3:47;19:10;8:34;4:29;20:56;24:31;9:37;10:56;13:28;5:24;11:16;14:65;17:12;23:36;1:45;2:37;26:45;15:50;22:23;25:36;28:36;18:54;12:40;0:66;6:20;16:76;7:75;27:31;29:68;21:58,"3:[2,4,6,7];19:[4];8:[4,6,7];4:[0,4];20:[1,4,5,6,7];24:[4,6,7];9:[4,6,7];10:[2,3,4,6,7];13:[4,6];5:[4,6];11:[0];14:[2,3,4,5,6,7];17:[4];23:[1,4,6];1:[1,4,6,7];2:[4,6,7];26:[2,4,6,7];15:[2,3,4,5,6];22:[1,4];25:[4,6,7];28:[4,6,7];18:[2,4,5,6,7];12:[2,4,6,7];0:[2,3,4,5,6,7];6:[4,6];16:[0,2,3,4,5,6,7];7:[0,2,3,4,5,6,7];27:[4,5,6];29:[2,3,4,5,6,7];21:[2,4,5,6,7]","c3:bw=47,experts=[2,4,6,7]; c19:bw=10,experts=[4]; c8:bw=34,experts=[4,6,7]; c4:bw=29,experts=[0,4]; c20:bw=56,experts=[1,4,5,6,7]; c24:bw=31,experts=[4,6,7]; c9:bw=37,experts=[4,6,7]; c10:bw=56,experts=[2,3,4,6,7]; c13:bw=28,experts=[4,6]; c5:bw=24,experts=[4,6]; c11:bw=16,experts=[0]; c14:bw=65,experts=[2,3,4,5,6,7]; c17:bw=12,experts=[4]; c23:bw=36,experts=[1,4,6]; c1:bw=45,experts=[1,4,6,7]; c2:bw=37,experts=[4,6,7]; c26:bw=45,experts=[2,4,6,7]; c15:bw=50,experts=[2,3,4,5,6]; c22:bw=23,experts=[1,4]; c25:bw=36,experts=[4,6,7]; c28:bw=36,experts=[4,6,7]; c18:bw=54,experts=[2,4,5,6,7]; c12:bw=40,experts=[2,4,6,7]; c0:bw=66,experts=[2,3,4,5,6,7]; c6:bw=20,experts=[4,6]; c16:bw=76,experts=[0,2,3,4,5,6,7]; c7:bw=75,experts=[0,2,3,4,5,6,7]; c27:bw=31,experts=[4,5,6]; c29:bw=68,experts=[2,3,4,5,6,7]; c21:bw=58,experts=[2,4,5,6,7]","1.6863,1.5994,1.2609,2.2607,2.2482,1.3362,1.4915,2.7277,1.7561,3.3443,2.4087,1.4549,2.1290,1.4444,1.1639,1.3598,1.1323,1.2492,1.7452,2.2078,1.7026,1.8584,1.9401,1.1737,1.2111,1.9537,1.4102,2.0944,3.5968,1.1585"
45,2026-09-23 22:30:03,Ours,0.01,2.6876475582979475,25.64,25.64,45,57.9992,0:58.00,56.2258,0.5363,1.2338,2486.7863,41:26.79,30,"3,21,24,15,29,4,11,16,5,12,10,14,19,26,23,8,20,7,27,17,0,1,13,18,25,9,2,6,22,28",3:67;21:58;24:13;15:33;29:50;4:64;11:53;16:54;5:44;12:61;10:42;14:41;19:67;26:22;23:42;8:55;20:52;7:36;27:10;17:10;0:36;1:56;13:53;18:16;25:32;9:25;2:49;6:10;22:37;28:21,"3:[1,2,4,5,6,7];21:[2,4,5,6,7];24:[4];15:[0,1,4];29:[2,3,4,6,7];4:[1,2,4,5,6,7];11:[2,3,4,6,7];16:[2,4,5,6,7];5:[2,4,6,7];12:[2,3,4,5,6,7];10:[2,4,6,7];14:[1,4,6,7];19:[2,3,4,5,6,7];26:[4,6];23:[2,4,6,7];8:[2,4,5,6,7];20:[2,4,5,6,7];7:[4,6,7];27:[4];17:[1];0:[4,6,7];1:[2,3,4,6,7];13:[2,4,5,6,7];18:[4];25:[4,6,7];9:[4,6];2:[2,4,6,7];6:[3];22:[4,5,6];28:[4,6]","c3:bw=67,experts=[1,2,4,5,6,7]; c21:bw=58,experts=[2,4,5,6,7]; c24:bw=13,experts=[4]; c15:bw=33,experts=[0,1,4]; c29:bw=50,experts=[2,3,4,6,7]; c4:bw=64,experts=[1,2,4,5,6,7]; c11:bw=53,experts=[2,3,4,6,7]; c16:bw=54,experts=[2,4,5,6,7]; c5:bw=44,experts=[2,4,6,7]; c12:bw=61,experts=[2,3,4,5,6,7]; c10:bw=42,experts=[2,4,6,7]; c14:bw=41,experts=[1,4,6,7]; c19:bw=67,experts=[2,3,4,5,6,7]; c26:bw=22,experts=[4,6]; c23:bw=42,experts=[2,4,6,7]; c8:bw=55,experts=[2,4,5,6,7]; c20:bw=52,experts=[2,4,5,6,7]; c7:bw=36,experts=[4,6,7]; c27:bw=10,experts=[4]; c17:bw=10,experts=[1]; c0:bw=36,experts=[4,6,7]; c1:bw=56,experts=[2,3,4,6,7]; c13:bw=53,experts=[2,4,5,6,7]; c18:bw=16,experts=[4]; c25:bw=32,experts=[4,6,7]; c9:bw=25,experts=[4,6]; c2:bw=49,experts=[2,4,6,7]; c6:bw=10,experts=[3]; c22:bw=37,experts=[4,5,6]; c28:bw=21,experts=[4,6]","1.7034,1.1475,1.3387,1.2829,3.6608,2.3805,2.5878,2.1115,3.4871,2.0561,2.7857,1.4792,1.6679,1.1999,1.4920,1.3102,2.3469,1.4881,2.1056,2.1792,1.2259,1.2089,1.8318,1.9372,2.3463,1.5695,1.4317,1.2546,1.8289,1.7799"
46,2026-09-23 22:31:00,Ours,0.01,2.6553228325242832,26.16,26.16,46,57.5087,0:57.51,55.7791,0.4853,1.241,2544.3218,42:24.32,30,"21,5,16,11,19,8,17,28,26,18,12,0,29,9,6,27,20,22,4,3,15,10,24,25,13,23,2,1,7,14",21:32;5:41;16:28;11:38;19:10;8:39;17:15;28:11;26:48;18:44;12:53;0:55;29:10;9:37;6:39;27:22;20:50;22:31;4:64;3:27;15:14;10:59;24:30;25:20;13:50;23:37;2:57;1:41;7:28;14:39,"21:[0,4,6];5:[4,5,6,7];16:[4,6];11:[4,6,7];19:[4];8:[4,6,7];17:[3];28:[4];26:[0,4,6,7];18:[1,4,6,7];12:[0,4,5,6,7];0:[2,4,5,6,7];29:[4];9:[1,4,6];6:[4,5,6];27:[4,6];20:[2,4,5,6,7];22:[3,4,6];4:[2,3,4,5,6,7];3:[4,6];15:[4];10:[0,3,4,6,7];24:[4,6,7];25:[4,6];13:[1,3,4,6,7];23:[4,6,7];2:[0,2,4,6,7];1:[2,4,6,7];7:[1,4];14:[4,6,7]","c21:bw=32,experts=[0,4,6]; c5:bw=41,experts=[4,5,6,7]; c16:bw=28,experts=[4,6]; c11:bw=38,experts=[4,6,7]; c19:bw=10,experts=[4]; c8:bw=39,experts=[4,6,7]; c17:bw=15,experts=[3]; c28:bw=11,experts=[4]; c26:bw=48,experts=[0,4,6,7]; c18:bw=44,experts=[1,4,6,7]; c12:bw=53,experts=[0,4,5,6,7]; c0:bw=55,experts=[2,4,5,6,7]; c29:bw=10,experts=[4]; c9:bw=37,experts=[1,4,6]; c6:bw=39,experts=[4,5,6]; c27:bw=22,experts=[4,6]; c20:bw=50,experts=[2,4,5,6,7]; c22:bw=31,experts=[3,4,6]; c4:bw=64,experts=[2,3,4,5,6,7]; c3:bw=27,experts=[4,6]; c15:bw=14,experts=[4]; c10:bw=59,experts=[0,3,4,6,7]; c24:bw=30,experts=[4,6,7]; c25:bw=20,experts=[4,6]; c13:bw=50,experts=[1,3,4,6,7]; c23:bw=37,experts=[4,6,7]; c2:bw=57,experts=[0,2,4,6,7]; c1:bw=41,experts=[2,4,6,7]; c7:bw=28,experts=[1,4]; c14:bw=39,experts=[4,6,7]","1.2218,3.4051,2.0215,2.5082,1.6382,1.3108,2.1992,1.7501,1.1610,1.9091,2.0074,1.2198,3.6069,1.5467,1.2386,2.1009,2.3247,1.8213,2.3580,1.7369,1.3044,2.8546,1.3623,2.3150,1.8238,1.4815,1.4003,1.2016,1.4391,1.5106"
47,2026-09-23 22:31:58,Ours,0.01,2.6135500838626573,26.31,26.31,47,57.9794,0:57.98,56.205,0.5384,1.2326,2602.3296,43:22.33,30,"16,13,28,6,12,25,15,29,7,17,24,3,22,21,18,23,8,5,20,27,26,11,2,1,9,10,19,4,14,0",16:68;13:33;28:34;6:22;12:15;25:23;15:42;29:11;7:53;17:20;24:40;3:70;22:63;21:45;18:10;23:10;8:39;5:52;20:53;27:48;26:10;11:39;2:54;1:30;9:17;10:51;19:28;4:10;14:24;0:46,"16:[1,2,4,5,6,7];13:[4,6,7];28:[3,4,6];6:[4,6];12:[4];25:[4,6];15:[3,4,6,7];29:[4];7:[2,4,5,6,7];17:[4,5];24:[0,4,6,7];3:[0,2,3,4,5,6,7];22:[0,2,3,4,6,7];21:[3,4,6,7];18:[4];23:[4];8:[1,4,6];5:[0,3,4,6,7];20:[3,4,5,6,7];27:[4,5,6,7];26:[4];11:[1,4,6];2:[1,2,4,6,7];1:[0,4,6];9:[4];10:[2,4,5,6,7];19:[1,4];4:[4];14:[4,6];0:[3,4,6,7]","c16:bw=68,experts=[1,2,4,5,6,7]; c13:bw=33,experts=[4,6,7]; c28:bw=34,experts=[3,4,6]; c6:bw=22,experts=[4,6]; c12:bw=15,experts=[4]; c25:bw=23,experts=[4,6]; c15:bw=42,experts=[3,4,6,7]; c29:bw=11,experts=[4]; c7:bw=53,experts=[2,4,5,6,7]; c17:bw=20,experts=[4,5]; c24:bw=40,experts=[0,4,6,7]; c3:bw=70,experts=[0,2,3,4,5,6,7]; c22:bw=63,experts=[0,2,3,4,6,7]; c21:bw=45,experts=[3,4,6,7]; c18:bw=10,experts=[4]; c23:bw=10,experts=[4]; c8:bw=39,experts=[1,4,6]; c5:bw=52,experts=[0,3,4,6,7]; c20:bw=53,experts=[3,4,5,6,7]; c27:bw=48,experts=[4,5,6,7]; c26:bw=10,experts=[4]; c11:bw=39,experts=[1,4,6]; c2:bw=54,experts=[1,2,4,6,7]; c1:bw=30,experts=[0,4,6]; c9:bw=17,experts=[4]; c10:bw=51,experts=[2,4,5,6,7]; c19:bw=28,experts=[1,4]; c4:bw=10,experts=[4]; c14:bw=24,experts=[4,6]; c0:bw=46,experts=[3,4,6,7]","2.0697,1.8257,1.8249,1.3132,2.0450,2.3885,1.3398,3.7006,1.5117,2.2069,1.3760,1.7481,1.8453,1.1513,1.8894,1.4991,1.3251,3.4562,2.2721,2.0735,1.1494,2.4624,1.4013,1.1728,1.5210,2.8554,1.6536,2.3457,1.5257,1.2559"
48,2026-09-23 22:32:56,Ours,0.01,2.6213343525306567,26.22,26.31,47,57.7462,0:57.75,56.0034,0.5239,1.2155,2660.1046,44:20.10,30,"27,2,19,0,26,23,14,11,5,4,20,22,28,21,15,9,3,25,10,24,6,12,1,7,8,13,29,18,17,16",27:61;2:57;19:45;0:16;26:34;23:49;14:10;11:32;5:55;4:67;20:53;22:35;28:10;21:44;15:64;9:52;3:18;25:17;10:12;24:59;6:45;12:31;1:50;7:62;8:50;13:50;29:49;18:62;17:38;16:10,"27:[0,2,4,5,6,7];2:[2,4,5,6,7];19:[3,4,6,7];0:[4];26:[3,4,6];23:[3,4,6,7];14:[4];11:[4,6,7];5:[2,4,5,6,7];4:[0,2,4,5,6,7];20:[2,4,5,6,7];22:[4,6,7];28:[4];21:[4,5,6,7];15:[0,2,4,5,6,7];9:[0,2,4,6,7];3:[4];25:[3];10:[4];24:[2,4,5,6,7];6:[2,4,6,7];12:[4,6,7];1:[2,4,5,6,7];7:[2,3,4,5,6,7];8:[2,4,5,6,7];13:[2,4,5,6,7];29:[1,4,6,7];18:[2,3,4,5,6,7];17:[4,6,7];16:[4]","c27:bw=61,experts=[0,2,4,5,6,7]; c2:bw=57,experts=[2,4,5,6,7]; c19:bw=45,experts=[3,4,6,7]; c0:bw=16,experts=[4]; c26:bw=34,experts=[3,4,6]; c23:bw=49,experts=[3,4,6,7]; c14:bw=10,experts=[4]; c11:bw=32,experts=[4,6,7]; c5:bw=55,experts=[2,4,5,6,7]; c4:bw=67,experts=[0,2,4,5,6,7]; c20:bw=53,experts=[2,4,5,6,7]; c22:bw=35,experts=[4,6,7]; c28:bw=10,experts=[4]; c21:bw=44,experts=[4,5,6,7]; c15:bw=64,experts=[0,2,4,5,6,7]; c9:bw=52,experts=[0,2,4,6,7]; c3:bw=18,experts=[4]; c25:bw=17,experts=[3]; c10:bw=12,experts=[4]; c24:bw=59,experts=[2,4,5,6,7]; c6:bw=45,experts=[2,4,6,7]; c12:bw=31,experts=[4,6,7]; c1:bw=50,experts=[2,4,5,6,7]; c7:bw=62,experts=[2,3,4,5,6,7]; c8:bw=50,experts=[2,4,5,6,7]; c13:bw=50,experts=[2,4,5,6,7]; c29:bw=49,experts=[1,4,6,7]; c18:bw=62,experts=[2,3,4,5,6,7]; c17:bw=38,experts=[4,6,7]; c16:bw=10,experts=[4]","2.0965,1.4237,1.6536,1.2591,1.1906,1.4958,1.4554,2.5055,3.5917,2.4150,2.3991,1.8315,1.7283,1.1569,1.2963,1.5370,1.6786,2.2314,2.7946,1.3863,1.2728,2.0590,1.1835,1.4621,1.3056,1.8413,3.6182,1.9374,2.1850,2.0115"
49,2026-09-23 22:33:55,Ours,0.01,2.6307014775049877,26.21,26.31,47,58.8688,0:58.87,57.0863,0.5193,1.2597,2719.0012,45:19.00,30,"2,10,14,18,15,17,19,3,13,29,0,21,6,28,8,12,27,1,7,26,23,9,20,22,11,25,5,24,4,16",2:58;10:64;14:58;18:32;15:42;17:30;19:10;3:32;13:39;29:16;0:20;21:10;6:13;28:48;8:26;12:37;27:41;1:54;7:44;26:17;23:10;9:53;20:16;22:29;11:38;25:58;5:56;24:21;4:48;16:30,"2:[2,4,5,6,7];10:[2,3,4,5,6,7];14:[2,4,5,6,7];18:[0,4,6];15:[2,4,6,7];17:[0,4,6];19:[0];3:[4,6,7];13:[0,4,6];29:[0];0:[0,4];21:[4];6:[4];28:[0,2,4,6];8:[3,4];12:[1,4,6];27:[2,4,6,7];1:[2,4,5,6,7];7:[2,4,6,7];26:[4];23:[4];9:[2,4,5,6,7];20:[0];22:[4,6];11:[4,6,7];25:[2,4,5,6,7];5:[1,2,4,6,7];24:[3,4];4:[2,4,6,7];16:[4,6,7]","c2:bw=58,experts=[2,4,5,6,7]; c10:bw=64,experts=[2,3,4,5,6,7]; c14:bw=58,experts=[2,4,5,6,7]; c18:bw=32,experts=[0,4,6]; c15:bw=42,experts=[2,4,6,7]; c17:bw=30,experts=[0,4,6]; c19:bw=10,experts=[0]; c3:bw=32,experts=[4,6,7]; c13:bw=39,experts=[0,4,6]; c29:bw=16,experts=[0]; c0:bw=20,experts=[0,4]; c21:bw=10,experts=[4]; c6:bw=13,experts=[4]; c28:bw=48,experts=[0,2,4,6]; c8:bw=26,experts=[3,4]; c12:bw=37,experts=[1,4,6]; c27:bw=41,experts=[2,4,6,7]; c1:bw=54,experts=[2,4,5,6,7]; c7:bw=44,experts=[2,4,6,7]; c26:bw=17,experts=[4]; c23:bw=10,experts=[4]; c9:bw=53,experts=[2,4,5,6,7]; c20:bw=16,experts=[0]; c22:bw=29,experts=[4,6]; c11:bw=38,experts=[4,6,7]; c25:bw=58,experts=[2,4,5,6,7]; c5:bw=56,experts=[1,2,4,6,7]; c24:bw=21,experts=[3,4]; c4:bw=48,experts=[2,4,6,7]; c16:bw=30,experts=[4,6,7]","1.4344,2.8216,1.5037,1.9371,1.2867,2.2499,1.7609,1.7992,1.8809,3.7119,1.2885,1.1821,1.3365,1.9092,1.3295,2.0735,2.1585,1.2409,1.5085,1.2000,1.5465,1.5808,2.3247,1.8639,2.4934,2.2913,3.5434,1.3863,2.3793,2.0633"
50,2026-09-23 22:34:54,Ours,0.01,2.5903525523970377,27.03,27.03,50,58.6364,0:58.64,56.8651,0.5345,1.2285,2777.6677,46:17.67,30,"8,13,9,19,21,24,14,29,12,4,11,15,17,25,1,5,2,22,6,16,26,23,7,10,27,28,3,20,18,0",8:32;13:37;9:27;19:43;21:17;24:43;14:23;29:62;12:34;4:10;11:57;15:31;17:33;25:32;1:64;5:31;2:63;22:16;6:68;16:27;26:56;23:41;7:34;10:23;27:57;28:35;3:39;20:46;18:44;0:29,"8:[4,6,7];13:[4,6,7];9:[3,4];19:[2,4,6,7];21:[1];24:[2,4,6,7];14:[0,4];29:[0,2,4,5,6,7];12:[4,6,7];4:[4];11:[2,4,5,6,7];15:[4,6,7];17:[4,6,7];25:[0,1,4];1:[0,2,4,5,6,7];5:[4,6,7];2:[2,3,4,5,6,7];22:[4];6:[1,2,4,5,6,7];16:[4,6];26:[1,4,5,6,7];23:[4,5,6,7];7:[4,6,7];10:[1,4];27:[2,4,5,6,7];28:[1,4,5];3:[4,6,7];20:[4,5,6,7];18:[4,5,6,7];0:[1,4]","c8:bw=32,experts=[4,6,7]; c13:bw=37,experts=[4,6,7]; c9:bw=27,experts=[3,4]; c19:bw=43,experts=[2,4,6,7]; c21:bw=17,experts=[1]; c24:bw=43,experts=[2,4,6,7]; c14:bw=23,experts=[0,4]; c29:bw=62,experts=[0,2,4,5,6,7]; c12:bw=34,experts=[4,6,7]; c4:bw=10,experts=[4]; c11:bw=57,experts=[2,4,5,6,7]; c15:bw=31,experts=[4,6,7]; c17:bw=33,experts=[4,6,7]; c25:bw=32,experts=[0,1,4]; c1:bw=64,experts=[0,2,4,5,6,7]; c5:bw=31,experts=[4,6,7]; c2:bw=63,experts=[2,3,4,5,6,7]; c22:bw=16,experts=[4]; c6:bw=68,experts=[1,2,4,5,6,7]; c16:bw=27,experts=[4,6]; c26:bw=56,experts=[1,4,5,6,7]; c23:bw=41,experts=[4,5,6,7]; c7:bw=34,experts=[4,6,7]; c10:bw=23,experts=[1,4]; c27:bw=57,experts=[2,4,5,6,7]; c28:bw=35,experts=[1,4,5]; c3:bw=39,experts=[4,6,7]; c20:bw=46,experts=[4,5,6,7]; c18:bw=44,experts=[4,5,6,7]; c0:bw=29,experts=[1,4]","1.3475,1.8705,1.6012,1.7512,1.1809,1.4147,1.5374,3.5942,2.0449,2.3360,2.5812,1.3360,2.2801,2.3845,1.2222,3.5099,1.4311,1.8317,1.2755,2.0449,1.2084,1.5186,1.5006,2.8482,2.1314,1.7832,1.7716,2.3355,1.9623,1.2297"
51,2026-09-23 22:35:52,Ours,0.01,2.572867924530752,27.36,27.36,51,58.0433,0:58.04,56.2844,0.5211,1.2345,2835.7419,47:15.74,30,"17,11,14,5,3,4,22,13,2,6,15,9,18,25,27,19,0,28,7,21,23,20,24,8,1,29,12,26,16,10",17:43;11:60;14:30;5:47;3:55;4:11;22:22;13:40;2:20;6:52;15:57;9:18;18:37;25:53;27:10;19:10;0:53;28:51;7:27;21:14;23:38;20:30;24:54;8:46;1:21;29:44;12:43;26:31;16:30;10:37,"17:[2,4,6,7];11:[0,2,4,5,6,7];14:[4,6,7];5:[4,5,6,7];3:[2,4,5,6,7];4:[4];22:[4,6];13:[4,5,6,7];2:[4,6];6:[0,4,5,6,7];15:[2,4,5,6,7];9:[4];18:[4,6,7];25:[2,4,5,6,7];27:[1];19:[4];0:[2,4,5,6,7];28:[2,4,5,6,7];7:[4,6];21:[4];23:[0,4,6];20:[4,6,7];24:[1,4,5,6,7];8:[0,4,6,7];1:[4,6];29:[4,5,6,7];12:[4,5,6,7];26:[4,6,7];16:[4,6,7];10:[4,6,7]","c17:bw=43,experts=[2,4,6,7]; c11:bw=60,experts=[0,2,4,5,6,7]; c14:bw=30,experts=[4,6,7]; c5:bw=47,experts=[4,5,6,7]; c3:bw=55,experts=[2,4,5,6,7]; c4:bw=11,experts=[4]; c22:bw=22,experts=[4,6]; c13:bw=40,experts=[4,5,6,7]; c2:bw=20,experts=[4,6]; c6:bw=52,experts=[0,4,5,6,7]; c15:bw=57,experts=[2,4,5,6,7]; c9:bw=18,experts=[4]; c18:bw=37,experts=[4,6,7]; c25:bw=53,experts=[2,4,5,6,7]; c27:bw=10,experts=[1]; c19:bw=10,experts=[4]; c0:bw=53,experts=[2,4,5,6,7]; c28:bw=51,experts=[2,4,5,6,7]; c7:bw=27,experts=[4,6]; c21:bw=14,experts=[4]; c23:bw=38,experts=[0,4,6]; c20:bw=30,experts=[4,6,7]; c24:bw=54,experts=[1,4,5,6,7]; c8:bw=46,experts=[0,4,6,7]; c1:bw=21,experts=[4,6]; c29:bw=44,experts=[4,5,6,7]; c12:bw=43,experts=[4,5,6,7]; c26:bw=31,experts=[4,6,7]; c16:bw=30,experts=[4,6,7]; c10:bw=37,experts=[4,6,7]","2.2455,2.6202,1.5648,3.5893,1.8046,2.3971,1.8681,1.8822,1.4439,1.2810,1.3510,1.5707,1.9357,2.3004,2.0606,1.6319,1.2174,1.7366,1.4371,1.1266,1.4941,2.2988,1.3575,1.2938,1.1850,3.5346,2.0174,1.1777,2.0338,2.8268"
52,2026-09-23 22:36:50,Ours,0.01,2.594115645502438,27.69,27.69,52,58.4939,0:58.49,56.7589,0.5218,1.2099,2894.2652,48:14.27,30,"21,12,26,2,3,8,28,13,20,10,29,17,6,0,25,19,7,15,24,14,22,9,23,16,27,4,18,11,1,5",21:45;12:10;26:52;2:29;3:43;8:18;28:35;13:23;20:10;10:31;29:43;17:19;6:51;0:46;25:62;19:46;7:34;15:31;24:35;14:42;22:21;9:31;23:10;16:59;27:40;4:33;18:49;11:60;1:40;5:24,"21:[4,5,6,7];12:[4];26:[2,4,5,6,7];2:[4,6];3:[4,5,6,7];8:[4];28:[4,6,7];13:[4,6];20:[1];10:[4,6,7];29:[3,4,6,7];17:[4];6:[3,4,5,6,7];0:[4,5,6,7];25:[0,2,4,5,6,7];19:[4,5,6,7];7:[0,4,6];15:[4,6,7];24:[4,6,7];14:[3,4,6,7];22:[1,4];9:[4,6,7];23:[1];16:[0,3,4,6,7];27:[3,4,6,7];4:[4,6,7];18:[2,4,6,7];11:[0,2,4,5,6,7];1:[1,4,6,7];5:[4,6]","c21:bw=45,experts=[4,5,6,7]; c12:bw=10,experts=[4]; c26:bw=52,experts=[2,4,5,6,7]; c2:bw=29,experts=[4,6]; c3:bw=43,experts=[4,5,6,7]; c8:bw=18,experts=[4]; c28:bw=35,experts=[4,6,7]; c13:bw=23,experts=[4,6]; c20:bw=10,experts=[1]; c10:bw=31,experts=[4,6,7]; c29:bw=43,experts=[3,4,6,7]; c17:bw=19,experts=[4]; c6:bw=51,experts=[3,4,5,6,7]; c0:bw=46,experts=[4,5,6,7]; c25:bw=62,experts=[0,2,4,5,6,7]; c19:bw=46,experts=[4,5,6,7]; c7:bw=34,experts=[0,4,6]; c15:bw=31,experts=[4,6,7]; c24:bw=35,experts=[4,6,7]; c14:bw=42,experts=[3,4,6,7]; c22:bw=21,experts=[1,4]; c9:bw=31,experts=[4,6,7]; c23:bw=10,experts=[1]; c16:bw=59,experts=[0,3,4,6,7]; c27:bw=40,experts=[3,4,6,7]; c4:bw=33,experts=[4,6,7]; c18:bw=49,experts=[2,4,6,7]; c11:bw=60,experts=[0,2,4,5,6,7]; c1:bw=40,experts=[1,4,6,7]; c5:bw=24,experts=[4,6]","1.1543,2.0326,1.1755,1.4239,1.7620,1.3308,1.7862,1.8285,2.3140,2.8993,3.7361,2.2555,1.3066,1.2520,2.3465,1.6882,1.5000,1.3147,1.3843,1.4796,1.8486,1.6086,1.5680,2.0646,2.1208,2.3458,1.9695,2.5565,1.2218,3.4837"
53,2026-09-23 22:37:49,Ours,0.01,2.596926983529712,28.59,28.59,53,58.6716,0:58.67,56.9194,0.5171,1.2318,2952.9668,49:12.97,30,"27,4,0,5,22,18,28,24,11,3,19,17,10,1,7,2,29,21,26,13,23,20,16,6,15,9,14,25,12,8",27:58;4:28;0:39;5:44;22:10;18:17;28:66;24:37;11:11;3:47;19:10;17:28;10:52;1:59;7:44;2:51;29:46;21:37;26:39;13:10;23:10;20:62;16:44;6:36;15:27;9:61;14:34;25:44;12:45;8:22,"27:[2,4,5,6,7];4:[1,4];0:[4,6,7];5:[4,5,6,7];22:[5];18:[4];28:[0,2,4,5,6,7];24:[4,6,7];11:[3];3:[1,4,6,7];19:[4];17:[1,4];10:[2,4,5,6,7];1:[3,4,5,6,7];7:[4,5,6,7];2:[2,4,5,6,7];29:[4,5,6,7];21:[2,4,6];26:[4,6,7];13:[4];23:[2];20:[0,2,4,5,6,7];16:[4,5,6,7];6:[4,6,7];15:[1,4];9:[0,2,4,5,6,7];14:[1,4,6];25:[3,4,6,7];12:[2,3,4,6];8:[4,6]","c27:bw=58,experts=[2,4,5,6,7]; c4:bw=28,experts=[1,4]; c0:bw=39,experts=[4,6,7]; c5:bw=44,experts=[4,5,6,7]; c22:bw=10,experts=[5]; c18:bw=17,experts=[4]; c28:bw=66,experts=[0,2,4,5,6,7]; c24:bw=37,experts=[4,6,7]; c11:bw=11,experts=[3]; c3:bw=47,experts=[1,4,6,7]; c19:bw=10,experts=[4]; c17:bw=28,experts=[1,4]; c10:bw=52,experts=[2,4,5,6,7]; c1:bw=59,experts=[3,4,5,6,7]; c7:bw=44,experts=[4,5,6,7]; c2:bw=51,experts=[2,4,5,6,7]; c29:bw=46,experts=[4,5,6,7]; c21:bw=37,experts=[2,4,6]; c26:bw=39,experts=[4,6,7]; c13:bw=10,experts=[4]; c23:bw=10,experts=[2]; c20:bw=62,experts=[0,2,4,5,6,7]; c16:bw=44,experts=[4,5,6,7]; c6:bw=36,experts=[4,6,7]; c15:bw=27,experts=[1,4]; c9:bw=61,experts=[0,2,4,5,6,7]; c14:bw=34,experts=[1,4,6]; c25:bw=44,experts=[3,4,6,7]; c12:bw=45,experts=[2,3,4,6]; c8:bw=22,experts=[4,6]","2.1361,2.3553,1.2692,3.5482,1.8373,1.9794,1.8324,1.4298,2.5674,1.7959,1.7011,2.2971,2.8979,1.2469,1.5078,1.4284,3.7065,1.1911,1.1604,1.8208,1.4834,2.3075,2.0397,1.2836,1.3035,1.5676,1.5237,2.3596,2.0419,1.2999"
54,2026-09-23 22:38:48,Ours,0.01,2.5520007741543735,28.82,28.82,54,58.5895,0:58.59,56.8398,0.5297,1.2167,3011.5863,50:11.59,30,"17,22,21,29,18,13,24,19,20,9,0,25,15,8,5,26,3,16,14,6,27,7,10,4,28,1,12,11,2,23",17:27;22:16;21:71;29:44;18:33;13:55;24:80;19:21;20:52;9:50;0:37;25:57;15:32;8:55;5:10;26:37;3:30;16:10;14:33;6:54;27:46;7:61;10:10;4:32;28:48;1:53;12:74;11:58;2:10;23:40,"17:[3,4];22:[4];21:[0,2,3,4,5,6,7];29:[4,5,6,7];18:[1,4,6];13:[1,3,4,6,7];24:[0,1,2,3,4,5,6,7];19:[4,6];20:[2,4,5,6,7];9:[1,4,5,6,7];0:[4,6,7];25:[2,4,5,6,7];15:[4,6,7];8:[2,4,5,6,7];5:[4];26:[0,4,6];3:[4,6,7];16:[4];14:[4,6,7];6:[2,4,5,6,7];27:[4,5,6,7];7:[1,3,4,5,6,7];10:[0];4:[3,4,6];28:[4,5,6,7];1:[2,4,5,6,7];12:[0,2,3,4,5,6,7];11:[2,4,5,6,7];2:[0];23:[4,5,6,7]","c17:bw=27,experts=[3,4]; c22:bw=16,experts=[4]; c21:bw=71,experts=[0,2,3,4,5,6,7]; c29:bw=44,experts=[4,5,6,7]; c18:bw=33,experts=[1,4,6]; c13:bw=55,experts=[1,3,4,6,7]; c24:bw=80,experts=[0,1,2,3,4,5,6,7]; c19:bw=21,experts=[4,6]; c20:bw=52,experts=[2,4,5,6,7]; c9:bw=50,experts=[1,4,5,6,7]; c0:bw=37,experts=[4,6,7]; c25:bw=57,experts=[2,4,5,6,7]; c15:bw=32,experts=[4,6,7]; c8:bw=55,experts=[2,4,5,6,7]; c5:bw=10,experts=[4]; c26:bw=37,experts=[0,4,6]; c3:bw=30,experts=[4,6,7]; c16:bw=10,experts=[4]; c14:bw=33,experts=[4,6,7]; c6:bw=54,experts=[2,4,5,6,7]; c27:bw=46,experts=[4,5,6,7]; c7:bw=61,experts=[1,3,4,5,6,7]; c10:bw=10,experts=[0]; c4:bw=32,experts=[3,4,6]; c28:bw=48,experts=[4,5,6,7]; c1:bw=53,experts=[2,4,5,6,7]; c12:bw=74,experts=[0,2,3,4,5,6,7]; c11:bw=58,experts=[2,4,5,6,7]; c2:bw=10,experts=[0]; c23:bw=40,experts=[4,5,6,7]","2.2799,1.8525,1.1884,3.6410,1.9429,1.8985,1.4476,1.7659,2.3741,1.5832,1.2653,2.3394,1.4150,1.3520,3.5230,1.1968,1.7842,2.0256,1.5015,1.2735,2.1165,1.4775,2.8044,2.3226,1.7798,1.2227,2.0639,2.5065,1.3841,1.5114"
55,2026-09-23 22:39:46,Ours,0.01,2.518170380701777,29.59,29.59,55,58.3765,0:58.38,56.6366,0.5219,1.2146,3069.9935,51:09.99,30,"22,27,7,28,1,23,5,18,26,10,0,4,3,25,8,24,9,14,21,15,11,20,16,19,13,6,2,17,29,12",22:47;27:27;7:54;28:57;1:60;23:10;5:53;18:70;26:33;10:57;0:27;4:14;3:52;25:26;8:14;24:16;9:62;14:33;21:10;15:30;11:40;20:35;16:57;19:60;13:24;6:42;2:41;17:39;29:26;12:62,"22:[0,2,3,4];27:[4,6];7:[2,4,5,6,7];28:[3,4,5,6,7];1:[0,2,4,5,6,7];23:[4];5:[0,3,4,6,7];18:[0,2,3,4,5,6,7];26:[4,6,7];10:[2,3,4,6,7];0:[3,4];4:[4];3:[0,3,4,6,7];25:[4,6];8:[1];24:[4];9:[0,2,4,5,6,7];14:[4,6,7];21:[4];15:[3,4,6];11:[1,4,6,7];20:[3,4,6];16:[1,2,4,6,7];19:[1,2,4,5,6,7];13:[4,6];6:[4,5,6,7];2:[1,4,6,7];17:[4,5,6];29:[4,6];12:[2,3,4,5,6,7]","c22:bw=47,experts=[0,2,3,4]; c27:bw=27,experts=[4,6]; c7:bw=54,experts=[2,4,5,6,7]; c28:bw=57,experts=[3,4,5,6,7]; c1:bw=60,experts=[0,2,4,5,6,7]; c23:bw=10,experts=[4]; c5:bw=53,experts=[0,3,4,6,7]; c18:bw=70,experts=[0,2,3,4,5,6,7]; c26:bw=33,experts=[4,6,7]; c10:bw=57,experts=[2,3,4,6,7]; c0:bw=27,experts=[3,4]; c4:bw=14,experts=[4]; c3:bw=52,experts=[0,3,4,6,7]; c25:bw=26,experts=[4,6]; c8:bw=14,experts=[1]; c24:bw=16,experts=[4]; c9:bw=62,experts=[0,2,4,5,6,7]; c14:bw=33,experts=[4,6,7]; c21:bw=10,experts=[4]; c15:bw=30,experts=[3,4,6]; c11:bw=40,experts=[1,4,6,7]; c20:bw=35,experts=[3,4,6]; c16:bw=57,experts=[1,2,4,6,7]; c19:bw=60,experts=[1,2,4,5,6,7]; c13:bw=24,experts=[4,6]; c6:bw=42,experts=[4,5,6,7]; c2:bw=41,experts=[1,4,6,7]; c17:bw=39,experts=[4,5,6]; c29:bw=26,experts=[4,6]; c12:bw=62,experts=[2,3,4,5,6,7]","1.8468,2.1259,1.4883,1.7892,1.2520,1.5266,3.5351,2.0225,1.2292,2.9534,1.3133,2.4005,1.8004,2.3900,1.3354,1.4064,1.5703,1.5041,1.1702,1.2983,2.5134,2.3296,2.0331,1.6249,1.7830,1.2281,1.3734,2.1648,3.6032,2.0251"
56,2026-09-23 22:40:44,Ours,0.01,2.5371487684693523,29.28,29.59,55,57.979,0:57.98,56.2628,0.4839,1.2216,3128.0021,52:08.00,30,"9,25,26,28,2,27,19,12,22,1,21,7,6,5,18,10,17,29,11,3,16,23,8,14,13,20,0,15,24,4",9:52;25:37;26:37;28:24;2:53;27:43;19:10;12:38;22:29;1:56;21:49;7:18;6:23;5:31;18:54;10:20;17:10;29:53;11:26;3:10;16:42;23:41;8:13;14:42;13:18;20:52;0:70;15:35;24:33;4:10,"9:[2,4,5,6,7];25:[4,6,7];26:[3,4,6];28:[4,6];2:[2,4,5,6,7];27:[0,4,6,7];19:[3];12:[4,6,7];22:[4,7];1:[2,4,5,6,7];21:[4,5,6,7];7:[4];6:[4,6];5:[4,6,7];18:[2,4,5,6,7];10:[4,6];17:[4];29:[1,4,5,6,7];11:[4,6];3:[4];16:[3,4,6,7];23:[3,4,6,7];8:[4];14:[4,5,6,7];13:[2];20:[2,4,5,6,7];0:[0,2,3,4,5,6,7];15:[0,4,6];24:[4,6,7];4:[0]","c9:bw=52,experts=[2,4,5,6,7]; c25:bw=37,experts=[4,6,7]; c26:bw=37,experts=[3,4,6]; c28:bw=24,experts=[4,6]; c2:bw=53,experts=[2,4,5,6,7]; c27:bw=43,experts=[0,4,6,7]; c19:bw=10,experts=[3]; c12:bw=38,experts=[4,6,7]; c22:bw=29,experts=[4,7]; c1:bw=56,experts=[2,4,5,6,7]; c21:bw=49,experts=[4,5,6,7]; c7:bw=18,experts=[4]; c6:bw=23,experts=[4,6]; c5:bw=31,experts=[4,6,7]; c18:bw=54,experts=[2,4,5,6,7]; c10:bw=20,experts=[4,6]; c17:bw=10,experts=[4]; c29:bw=53,experts=[1,4,5,6,7]; c11:bw=26,experts=[4,6]; c3:bw=10,experts=[4]; c16:bw=42,experts=[3,4,6,7]; c23:bw=41,experts=[3,4,6,7]; c8:bw=13,experts=[4]; c14:bw=42,experts=[4,5,6,7]; c13:bw=18,experts=[2]; c20:bw=52,experts=[2,4,5,6,7]; c0:bw=70,experts=[0,2,3,4,5,6,7]; c15:bw=35,experts=[0,4,6]; c24:bw=33,experts=[4,6,7]; c4:bw=10,experts=[0]","1.5734,2.3624,1.2146,1.8300,1.4400,2.1065,1.6510,2.0803,1.8784,1.2494,1.1976,1.4953,1.2749,3.5435,1.9568,2.7790,2.1883,3.6128,2.4865,1.7369,2.0730,1.5456,1.3054,1.4670,1.7643,2.2942,1.2187,1.2858,1.3628,2.2883"
57,2026-09-23 22:41:43,Ours,0.01,2.490095003324924,30.29,30.29,57,58.5414,0:58.54,56.7923,0.5431,1.2027,3186.5747,53:06.57,30,"11,7,24,15,25,22,23,28,26,3,19,29,0,6,14,27,17,4,5,2,16,8,1,10,9,13,12,18,20,21",11:26;7:69;24:44;15:36;25:42;22:39;23:45;28:19;26:26;3:64;19:44;29:67;0:70;6:48;14:36;27:10;17:52;4:41;5:44;2:33;16:33;8:43;1:49;10:58;9:19;13:31;12:17;18:44;20:56;21:32,"11:[4,6];7:[0,2,4,5,6,7];24:[4,5,6,7];15:[4,6,7];25:[4,5,6,7];22:[4,6,7];23:[4,5,6,7];28:[4];26:[4,6];3:[2,3,4,5,6,7];19:[0,4,6,7];29:[0,2,4,5,6,7];0:[0,2,3,4,5,6,7];6:[4,5,6,7];14:[2,4,6];27:[4];17:[0,4,5,6,7];4:[2,4,5,6];5:[1,2,4,6];2:[4,6,7];16:[4,6,7];8:[3,4,6,7];1:[4,5,6,7];10:[2,4,5,6,7];9:[4];13:[0,4,6];12:[1];18:[4,5,6,7];20:[3,4,5,6,7];21:[4,6,7]","c11:bw=26,experts=[4,6]; c7:bw=69,experts=[0,2,4,5,6,7]; c24:bw=44,experts=[4,5,6,7]; c15:bw=36,experts=[4,6,7]; c25:bw=42,experts=[4,5,6,7]; c22:bw=39,experts=[4,6,7]; c23:bw=45,experts=[4,5,6,7]; c28:bw=19,experts=[4]; c26:bw=26,experts=[4,6]; c3:bw=64,experts=[2,3,4,5,6,7]; c19:bw=44,experts=[0,4,6,7]; c29:bw=67,experts=[0,2,4,5,6,7]; c0:bw=70,experts=[0,2,3,4,5,6,7]; c6:bw=48,experts=[4,5,6,7]; c14:bw=36,experts=[2,4,6]; c27:bw=10,experts=[4]; c17:bw=52,experts=[0,4,5,6,7]; c4:bw=41,experts=[2,4,5,6]; c5:bw=44,experts=[1,2,4,6]; c2:bw=33,experts=[4,6,7]; c16:bw=33,experts=[4,6,7]; c8:bw=43,experts=[3,4,6,7]; c1:bw=49,experts=[4,5,6,7]; c10:bw=58,experts=[2,4,5,6,7]; c9:bw=19,experts=[4]; c13:bw=31,experts=[0,4,6]; c12:bw=17,experts=[1]; c18:bw=44,experts=[4,5,6,7]; c20:bw=56,experts=[3,4,5,6,7]; c21:bw=32,experts=[4,6,7]","2.5521,1.5019,1.4793,1.3170,2.3462,1.8488,1.5113,1.7805,1.2048,1.8456,1.7566,3.7487,1.2706,1.3130,1.5582,2.1465,2.2666,2.3687,3.4524,1.4067,2.0610,1.3302,1.2032,2.8071,1.5869,1.8120,1.9747,1.8983,2.2932,1.1500"
58,2026-09-23 22:42:40,Ours,0.01,2.4938623821134778,30.75,30.75,58,57.7496,0:57.75,56.0903,0.5066,1.1495,3244.3559,54:04.36,30,"25,6,18,9,0,22,20,17,24,19,15,11,29,26,7,21,10,1,4,13,3,8,14,28,12,5,27,2,23,16",25:39;6:55;18:50;9:57;0:47;22:61;20:53;17:12;24:10;19:43;15:38;11:47;29:38;26:34;7:24;21:73;10:43;1:30;4:38;13:40;3:61;8:40;14:22;28:10;12:29;5:35;27:36;2:10;23:30;16:42,"25:[1,4,6];6:[1,4,5,6,7];18:[2,4,5,6,7];9:[3,4,5,6,7];0:[1,4,6,7];22:[2,3,4,5,6,7];20:[2,4,5,6,7];17:[4];24:[4];19:[4,5,6,7];15:[4,6,7];11:[4,5,6,7];29:[4,6,7];26:[1,4,6];7:[4,6];21:[0,1,2,4,5,6,7];10:[1,4,6,7];1:[4,6,7];4:[4,6,7];13:[4,5,6,7];3:[0,2,4,5,6,7];8:[4,5,6,7];14:[0,4];28:[1];12:[4,6];5:[4,6,7];27:[4,6,7];2:[3];23:[4,6,7];16:[3,4,6,7]","c25:bw=39,experts=[1,4,6]; c6:bw=55,experts=[1,4,5,6,7]; c18:bw=50,experts=[2,4,5,6,7]; c9:bw=57,experts=[3,4,5,6,7]; c0:bw=47,experts=[1,4,6,7]; c22:bw=61,experts=[2,3,4,5,6,7]; c20:bw=53,experts=[2,4,5,6,7]; c17:bw=12,experts=[4]; c24:bw=10,experts=[4]; c19:bw=43,experts=[4,5,6,7]; c15:bw=38,experts=[4,6,7]; c11:bw=47,experts=[4,5,6,7]; c29:bw=38,experts=[4,6,7]; c26:bw=34,experts=[1,4,6]; c7:bw=24,experts=[4,6]; c21:bw=73,experts=[0,1,2,4,5,6,7]; c10:bw=43,experts=[1,4,6,7]; c1:bw=30,experts=[4,6,7]; c4:bw=38,experts=[4,6,7]; c13:bw=40,experts=[4,5,6,7]; c3:bw=61,experts=[0,2,4,5,6,7]; c8:bw=40,experts=[4,5,6,7]; c14:bw=22,experts=[0,4]; c28:bw=10,experts=[1]; c12:bw=29,experts=[4,6]; c5:bw=35,experts=[4,6,7]; c27:bw=36,experts=[4,6,7]; c2:bw=10,experts=[3]; c23:bw=30,experts=[4,6,7]; c16:bw=42,experts=[3,4,6,7]","2.3424,1.2980,1.9670,1.6050,1.2671,1.8662,2.4410,2.2037,1.3957,1.6953,1.3154,2.5169,3.6439,1.1775,1.4602,1.1536,2.8322,1.2022,2.3257,1.7954,1.7353,1.3007,1.4951,1.7486,1.9991,3.4475,2.1155,1.3343,1.4572,1.9524"
59,2026-09-23 22:43:38,Ours,0.01,2.462870612259104,30.94,30.94,59,57.5584,0:57.56,55.8494,0.5184,1.1874,3301.9428,55:01.94,30,"19,6,3,13,25,8,20,29,9,2,28,27,0,16,18,11,12,21,22,24,17,15,4,7,5,14,23,1,26,10",19:14;6:19;3:35;13:13;25:57;8:56;20:68;29:55;9:28;2:37;28:19;27:34;0:52;16:23;18:10;11:34;12:47;21:29;22:43;24:36;17:55;15:50;4:26;7:28;5:32;14:40;23:36;1:65;26:43;10:26,"19:[4];6:[0];3:[4,6,7];13:[4];25:[2,4,5,6,7];8:[0,4,5,6,7];20:[0,2,4,5,6,7];29:[0,4,5,6,7];9:[4,6];2:[4,6,7];28:[4];27:[1,4,6];0:[2,4,5,6,7];16:[4,6];18:[4];11:[4,6,7];12:[4,5,6,7];21:[4,6];22:[4,5,6,7];24:[4,6,7];17:[2,3,4,6,7];15:[2,4,5,6,7];4:[4,6];7:[4,6];5:[4,6,7];14:[4,5,6,7];23:[0,4,6];1:[0,2,4,5,6,7];26:[4,5,6,7];10:[4,6]","c19:bw=14,experts=[4]; c6:bw=19,experts=[0]; c3:bw=35,experts=[4,6,7]; c13:bw=13,experts=[4]; c25:bw=57,experts=[2,4,5,6,7]; c8:bw=56,experts=[0,4,5,6,7]; c20:bw=68,experts=[0,2,4,5,6,7]; c29:bw=55,experts=[0,4,5,6,7]; c9:bw=28,experts=[4,6]; c2:bw=37,experts=[4,6,7]; c28:bw=19,experts=[4]; c27:bw=34,experts=[1,4,6]; c0:bw=52,experts=[2,4,5,6,7]; c16:bw=23,experts=[4,6]; c18:bw=10,experts=[4]; c11:bw=34,experts=[4,6,7]; c12:bw=47,experts=[4,5,6,7]; c21:bw=29,experts=[4,6]; c22:bw=43,experts=[4,5,6,7]; c24:bw=36,experts=[4,6,7]; c17:bw=55,experts=[2,3,4,6,7]; c15:bw=50,experts=[2,4,5,6,7]; c4:bw=26,experts=[4,6]; c7:bw=28,experts=[4,6]; c5:bw=32,experts=[4,6,7]; c14:bw=40,experts=[4,5,6,7]; c23:bw=36,experts=[0,4,6]; c1:bw=65,experts=[0,2,4,5,6,7]; c26:bw=43,experts=[4,5,6,7]; c10:bw=26,experts=[4,6]","1.6034,1.2104,1.7079,1.8019,2.3252,1.3228,2.3654,3.6348,1.5328,1.4091,1.7982,2.0873,1.2473,2.0301,1.9349,2.5347,2.0279,1.1674,1.7971,1.3882,2.2264,1.2813,2.3185,1.4669,3.4646,1.4922,1.4976,1.1948,1.1730,2.8071"
60,2026-09-23 22:44:36,Ours,0.01,2.429955949941504,32.09,32.09,60,57.6195,0:57.62,55.9177,0.493,1.2056,3359.593,55:59.59,30,"14,25,11,26,28,1,13,17,24,16,2,29,19,20,21,4,6,5,3,9,22,10,12,8,27,0,7,15,18,23",14:42;25:45;11:40;26:41;28:35;1:54;13:59;17:39;24:26;16:63;2:30;29:30;19:60;20:78;21:37;4:30;6:59;5:33;3:44;9:10;22:45;10:10;12:16;8:24;27:27;0:53;7:48;15:51;18:26;23:55,"14:[3,4,6,7];25:[0,4,6,7];11:[0,4,6,7];26:[2,4,6,7];28:[4,6,7];1:[1,4,5,6,7];13:[2,4,5,6,7];17:[4,6,7];24:[4,6];16:[0,2,4,5,6,7];2:[4,6,7];29:[3,4,6];19:[0,2,4,5,6,7];20:[0,1,2,4,5,6,7];21:[4,6,7];4:[4,6,7];6:[2,3,4,6,7];5:[4,6,7];3:[4,5,6,7];9:[4];22:[1,4,6,7];10:[4];12:[4];8:[4,6];27:[3,4];0:[2,4,5,6,7];7:[4,5,6,7];15:[2,4,5,6,7];18:[4,6];23:[1,4,5,6,7]","c14:bw=42,experts=[3,4,6,7]; c25:bw=45,experts=[0,4,6,7]; c11:bw=40,experts=[0,4,6,7]; c26:bw=41,experts=[2,4,6,7]; c28:bw=35,experts=[4,6,7]; c1:bw=54,experts=[1,4,5,6,7]; c13:bw=59,experts=[2,4,5,6,7]; c17:bw=39,experts=[4,6,7]; c24:bw=26,experts=[4,6]; c16:bw=63,experts=[0,2,4,5,6,7]; c2:bw=30,experts=[4,6,7]; c29:bw=30,experts=[3,4,6]; c19:bw=60,experts=[0,2,4,5,6,7]; c20:bw=78,experts=[0,1,2,4,5,6,7]; c21:bw=37,experts=[4,6,7]; c4:bw=30,experts=[4,6,7]; c6:bw=59,experts=[2,3,4,6,7]; c5:bw=33,experts=[4,6,7]; c3:bw=44,experts=[4,5,6,7]; c9:bw=10,experts=[4]; c22:bw=45,experts=[1,4,6,7]; c10:bw=10,experts=[4]; c12:bw=16,experts=[4]; c8:bw=24,experts=[4,6]; c27:bw=27,experts=[3,4]; c0:bw=53,experts=[2,4,5,6,7]; c7:bw=48,experts=[4,5,6,7]; c15:bw=51,experts=[2,4,5,6,7]; c18:bw=26,experts=[4,6]; c23:bw=55,experts=[1,4,5,6,7]","1.5034,2.2955,2.4860,1.1892,1.8131,1.2129,1.8597,2.2544,1.3722,2.0224,1.4258,3.6596,1.6690,2.3043,1.1478,2.3290,1.2651,3.4352,1.7396,1.5349,1.8087,2.7760,2.0088,1.3015,2.0740,1.2186,1.4816,1.2998,1.9258,1.5036"
61,2026-09-23 22:45:33,Ours,0.01,2.4586036528630166,32.35,32.35,61,57.2911,0:57.29,55.5578,0.5199,1.2101,3416.9156,56:56.92,30,"0,14,29,20,18,3,21,10,4,19,22,9,27,24,17,5,15,2,25,26,7,23,8,16,13,12,1,6,11,28",0:60;14:38;29:13;20:58;18:50;3:43;21:59;10:11;4:38;19:52;22:12;9:38;27:50;24:39;17:46;5:49;15:16;2:29;25:59;26:17;7:43;23:28;8:55;16:38;13:34;12:27;1:33;6:37;11:39;28:19,"0:[0,2,4,5,6,7];14:[1,4,6];29:[4];20:[0,3,4,6,7];18:[2,4,5,6,7];3:[1,4,6,7];21:[2,4,5,6,7];10:[4];4:[1,4,6];19:[2,4,5,6,7];22:[4];9:[4,6,7];27:[2,4,5,6,7];24:[4,6,7];17:[1,4,6,7];5:[4,5,6,7];15:[1];2:[4,6];25:[3,4,5,6,7];26:[4];7:[4,5,6,7];23:[2,4];8:[2,4,5,6,7];16:[4,6,7];13:[4,6,7];12:[4,6];1:[3,4,6];6:[4,6,7];11:[3,4,6];28:[0]","c0:bw=60,experts=[0,2,4,5,6,7]; c14:bw=38,experts=[1,4,6]; c29:bw=13,experts=[4]; c20:bw=58,experts=[0,3,4,6,7]; c18:bw=50,experts=[2,4,5,6,7]; c3:bw=43,experts=[1,4,6,7]; c21:bw=59,experts=[2,4,5,6,7]; c10:bw=11,experts=[4]; c4:bw=38,experts=[1,4,6]; c19:bw=52,experts=[2,4,5,6,7]; c22:bw=12,experts=[4]; c9:bw=38,experts=[4,6,7]; c27:bw=50,experts=[2,4,5,6,7]; c24:bw=39,experts=[4,6,7]; c17:bw=46,experts=[1,4,6,7]; c5:bw=49,experts=[4,5,6,7]; c15:bw=16,experts=[1]; c2:bw=29,experts=[4,6]; c25:bw=59,experts=[3,4,5,6,7]; c26:bw=17,experts=[4]; c7:bw=43,experts=[4,5,6,7]; c23:bw=28,experts=[2,4]; c8:bw=55,experts=[2,4,5,6,7]; c16:bw=38,experts=[4,6,7]; c13:bw=34,experts=[4,6,7]; c12:bw=27,experts=[4,6]; c1:bw=33,experts=[3,4,6]; c6:bw=37,experts=[4,6,7]; c11:bw=39,experts=[3,4,6]; c28:bw=19,experts=[0]","1.2499,1.4858,3.5309,2.2932,1.8890,1.7145,1.1465,2.8554,2.3810,1.6616,1.8043,1.5435,2.1003,1.3722,2.2025,3.4434,1.2626,1.4000,2.3158,1.1692,1.4362,1.4953,1.2969,1.9983,1.8080,2.0195,1.1814,1.2499,2.4835,1.7670"
62,2026-09-23 22:46:30,Ours,0.01,2.45782439075001,33.03,33.03,62,57.1923,0:57.19,55.5146,0.489,1.1854,3474.1398,57:54.14,30,"24,12,4,1,8,18,7,19,5,22,6,25,15,2,10,3,27,14,13,20,17,23,0,29,9,28,21,11,16,26",24:37;12:11;4:60;1:75;8:13;18:26;7:44;19:42;5:67;22:13;6:62;25:65;15:46;2:42;10:21;3:53;27:36;14:14;13:30;20:31;17:19;23:44;0:28;29:52;9:16;28:46;21:33;11:36;16:26;26:49,"24:[0,1,2];12:[0];4:[2,3,4,5,6,7];1:[0,2,3,4,5,6,7];8:[4];18:[1,4];7:[1,3,4,6];19:[4,5,6,7];5:[0,2,4,5,6,7];22:[4];6:[0,2,4,5,6,7];25:[0,2,4,5,6,7];15:[4,5,6,7];2:[0,4,6,7];10:[0,4];3:[3,4,5,6,7];27:[4,6,7];14:[4];13:[1,3,4];20:[4,6,7];17:[4];23:[4,5,6,7];0:[4,6];29:[2,3,4,6,7];9:[1];28:[2,4,6,7];21:[3,4,6];11:[2,4,6];16:[4,6];26:[0,4,6,7]","c24:bw=37,experts=[0,1,2]; c12:bw=11,experts=[0]; c4:bw=60,experts=[2,3,4,5,6,7]; c1:bw=75,experts=[0,2,3,4,5,6,7]; c8:bw=13,experts=[4]; c18:bw=26,experts=[1,4]; c7:bw=44,experts=[1,3,4,6]; c19:bw=42,experts=[4,5,6,7]; c5:bw=67,experts=[0,2,4,5,6,7]; c22:bw=13,experts=[4]; c6:bw=62,experts=[0,2,4,5,6,7]; c25:bw=65,experts=[0,2,4,5,6,7]; c15:bw=46,experts=[4,5,6,7]; c2:bw=42,experts=[0,4,6,7]; c10:bw=21,experts=[0,4]; c3:bw=53,experts=[3,4,5,6,7]; c27:bw=36,experts=[4,6,7]; c14:bw=14,experts=[4]; c13:bw=30,experts=[1,3,4]; c20:bw=31,experts=[4,6,7]; c17:bw=19,experts=[4]; c23:bw=44,experts=[4,5,6,7]; c0:bw=28,experts=[4,6]; c29:bw=52,experts=[2,3,4,6,7]; c9:bw=16,experts=[1]; c28:bw=46,experts=[2,4,6,7]; c21:bw=33,experts=[3,4,6]; c11:bw=36,experts=[2,4,6]; c16:bw=26,experts=[4,6]; c26:bw=49,experts=[0,4,6,7]","1.3737,1.9970,2.3425,1.1804,1.2817,1.8963,1.4381,1.6390,3.4178,1.7837,1.2505,2.3077,1.3914,1.4184,2.8142,1.7408,2.0685,1.4816,1.8199,2.2923,2.1826,1.4892,1.2244,3.5770,1.5304,1.7711,1.1484,2.4842,2.0079,1.1641"
63,2026-09-23 22:47:27,Ours,0.01,2.3999746649778984,32.6,33.03,62,57.2069,0:57.21,55.4653,0.5257,1.2126,3531.3773,58:51.38,30,"9,23,17,18,15,11,22,21,4,7,0,24,25,19,5,26,28,20,27,10,14,6,8,12,2,16,3,29,13,1",9:21;23:26;17:37;18:47;15:61;11:45;22:80;21:31;4:52;7:68;0:41;24:33;25:61;19:34;5:10;26:44;28:38;20:51;27:34;10:27;14:41;6:34;8:32;12:51;2:28;16:58;3:52;29:10;13:58;1:50,"9:[0,4];23:[4,6];17:[4,6,7];18:[0,3,4,6];15:[2,3,4,5,6,7];11:[1,4,6,7];22:[0,1,2,3,4,5,6,7];21:[4,6,7];4:[0,4,5,6,7];7:[0,3,4,5,6,7];0:[4,5,6,7];24:[3,4,6];25:[0,2,4,5,6,7];19:[1,4,6];5:[3];26:[4,5,6,7];28:[3,4,5];20:[0,4,5,6,7];27:[4,6,7];10:[3,4];14:[4,5,6,7];6:[4,6,7];8:[1,4,6];12:[2,3,4,6,7];2:[1,4];16:[1,4,5,6,7];3:[2,4,5,6,7];29:[4];13:[2,4,5,6,7];1:[2,4,5,6,7]","c9:bw=21,experts=[0,4]; c23:bw=26,experts=[4,6]; c17:bw=37,experts=[4,6,7]; c18:bw=47,experts=[0,3,4,6]; c15:bw=61,experts=[2,3,4,5,6,7]; c11:bw=45,experts=[1,4,6,7]; c22:bw=80,experts=[0,1,2,3,4,5,6,7]; c21:bw=31,experts=[4,6,7]; c4:bw=52,experts=[0,4,5,6,7]; c7:bw=68,experts=[0,3,4,5,6,7]; c0:bw=41,experts=[4,5,6,7]; c24:bw=33,experts=[3,4,6]; c25:bw=61,experts=[0,2,4,5,6,7]; c19:bw=34,experts=[1,4,6]; c5:bw=10,experts=[3]; c26:bw=44,experts=[4,5,6,7]; c28:bw=38,experts=[3,4,5]; c20:bw=51,experts=[0,4,5,6,7]; c27:bw=34,experts=[4,6,7]; c10:bw=27,experts=[3,4]; c14:bw=41,experts=[4,5,6,7]; c6:bw=34,experts=[4,6,7]; c8:bw=32,experts=[1,4,6]; c12:bw=51,experts=[2,3,4,6,7]; c2:bw=28,experts=[1,4]; c16:bw=58,experts=[1,4,5,6,7]; c3:bw=52,experts=[2,4,5,6,7]; c29:bw=10,experts=[4]; c13:bw=58,experts=[2,4,5,6,7]; c1:bw=50,experts=[2,4,5,6,7]","1.5372,1.5022,2.2165,1.9325,1.3022,2.4833,1.7895,1.1242,2.2722,1.4427,1.2071,1.3586,2.3135,1.6528,3.4176,1.1597,1.7792,2.3010,2.0680,2.7903,1.4908,1.2507,1.3084,2.0261,1.3884,2.0095,1.7262,3.5433,1.8462,1.2253"
64,2026-09-23 22:48:25,Ours,0.01,2.4052188224109448,33.54,33.54,64,57.8843,0:57.88,56.1618,0.4952,1.224,3589.2932,59:49.29,30,"9,18,12,3,22,24,21,6,13,29,27,8,20,7,10,15,19,23,17,11,16,28,1,14,5,25,0,26,2,4",9:59;18:37;12:27;3:38;22:58;24:12;21:47;6:50;13:42;29:19;27:25;8:53;20:39;7:34;10:49;15:59;19:10;23:55;17:10;11:57;16:16;28:15;1:28;14:46;5:24;25:66;0:32;26:26;2:56;4:38,"9:[2,4,5,6,7];18:[4,6,7];12:[4,6];3:[4,6,7];22:[2,4,5,6,7];24:[4];21:[4,5,6,7];6:[2,4,5,6,7];13:[4,5,6,7];29:[1];27:[0,4];8:[2,4,5,6,7];20:[4,6,7];7:[4,6,7];10:[4,5,6,7];15:[0,4,5,6,7];19:[3];23:[3,4,5,6,7];17:[4];11:[2,4,5,6,7];16:[4];28:[4];1:[4,6];14:[4,5,6,7];5:[4,6];25:[0,2,4,5,6,7];0:[4,6,7];26:[3,4];2:[2,4,5,6,7];4:[4,6,7]","c9:bw=59,experts=[2,4,5,6,7]; c18:bw=37,experts=[4,6,7]; c12:bw=27,experts=[4,6]; c3:bw=38,experts=[4,6,7]; c22:bw=58,experts=[2,4,5,6,7]; c24:bw=12,experts=[4]; c21:bw=47,experts=[4,5,6,7]; c6:bw=50,experts=[2,4,5,6,7]; c13:bw=42,experts=[4,5,6,7]; c29:bw=19,experts=[1]; c27:bw=25,experts=[0,4]; c8:bw=53,experts=[2,4,5,6,7]; c20:bw=39,experts=[4,6,7]; c7:bw=34,experts=[4,6,7]; c10:bw=49,experts=[4,5,6,7]; c15:bw=59,experts=[0,4,5,6,7]; c19:bw=10,experts=[3]; c23:bw=55,experts=[3,4,5,6,7]; c17:bw=10,experts=[4]; c11:bw=57,experts=[2,4,5,6,7]; c16:bw=16,experts=[4]; c28:bw=15,experts=[4]; c1:bw=28,experts=[4,6]; c14:bw=46,experts=[4,5,6,7]; c5:bw=24,experts=[4,6]; c25:bw=66,experts=[0,2,4,5,6,7]; c0:bw=32,experts=[4,6,7]; c26:bw=26,experts=[3,4]; c2:bw=56,experts=[2,4,5,6,7]; c4:bw=38,experts=[4,6,7]","1.5305,1.9670,2.0796,1.7720,1.8396,1.3909,1.1735,1.2580,1.8285,3.5472,2.0982,1.3153,2.3380,1.4894,2.8394,1.3043,1.6390,1.5096,2.2104,2.5256,2.1004,1.8307,1.2055,1.4804,3.4548,2.2900,1.2390,1.1679,1.4083,2.3288"
65,2026-09-23 22:49:23,Ours,0.01,2.3949041879282778,33.77,33.77,65,58.1894,0:58.19,56.4287,0.521,1.2363,3647.5149,1:00:47.51,30,"26,7,10,18,0,27,24,1,9,4,12,21,17,15,5,8,3,29,16,6,22,14,13,19,2,25,23,20,11,28",26:29;7:10;10:26;18:18;0:41;27:30;24:55;1:58;9:47;4:57;12:44;21:42;17:26;15:38;5:29;8:66;3:42;29:10;16:45;6:50;22:51;14:45;13:48;19:28;2:28;25:64;23:10;20:35;11:10;28:31,"26:[4,6];7:[2];10:[2,4];18:[4];0:[3,4,6,7];27:[4,6,7];24:[2,4,5,6,7];1:[2,4,5,6,7];9:[4,5,6,7];4:[2,4,5,6,7];12:[1,4,6,7];21:[4,5,6,7];17:[0,5];15:[4,6,7];5:[1,4];8:[2,3,4,5,6,7];3:[4,5,6,7];29:[4];16:[4,5,6,7];6:[2,4,5,6,7];22:[2,4,5,6,7];14:[2,4,6,7];13:[0,4,6,7];19:[4,6];2:[4,6];25:[0,2,4,5,6,7];23:[4];20:[4,6,7];11:[4];28:[4,6,7]","c26:bw=29,experts=[4,6]; c7:bw=10,experts=[2]; c10:bw=26,experts=[2,4]; c18:bw=18,experts=[4]; c0:bw=41,experts=[3,4,6,7]; c27:bw=30,experts=[4,6,7]; c24:bw=55,experts=[2,4,5,6,7]; c1:bw=58,experts=[2,4,5,6,7]; c9:bw=47,experts=[4,5,6,7]; c4:bw=57,experts=[2,4,5,6,7]; c12:bw=44,experts=[1,4,6,7]; c21:bw=42,experts=[4,5,6,7]; c17:bw=26,experts=[0,5]; c15:bw=38,experts=[4,6,7]; c5:bw=29,experts=[1,4]; c8:bw=66,experts=[2,3,4,5,6,7]; c3:bw=42,experts=[4,5,6,7]; c29:bw=10,experts=[4]; c16:bw=45,experts=[4,5,6,7]; c6:bw=50,experts=[2,4,5,6,7]; c22:bw=51,experts=[2,4,5,6,7]; c14:bw=45,experts=[2,4,6,7]; c13:bw=48,experts=[0,4,6,7]; c19:bw=28,experts=[4,6]; c2:bw=28,experts=[4,6]; c25:bw=64,experts=[0,2,4,5,6,7]; c23:bw=10,experts=[4]; c20:bw=35,experts=[4,6,7]; c11:bw=10,experts=[4]; c28:bw=31,experts=[4,6,7]","1.2492,1.5476,2.9507,1.9768,1.2604,2.1554,1.4559,1.2584,1.5824,2.3395,2.0210,1.1660,2.1951,1.2746,3.4072,1.2944,1.7112,3.6134,2.0676,1.2840,1.7988,1.5120,1.8297,1.6521,1.3870,2.3101,1.4662,2.3127,2.5206,1.8290"
66,2026-09-23 22:50:21,Ours,0.01,2.344745961658193,34.2,34.2,66,57.2197,0:57.22,55.5067,0.516,1.1936,3704.7688,1:01:44.77,30,"15,2,4,6,9,18,1,26,19,22,3,23,21,27,28,11,16,20,24,7,8,25,0,12,10,5,14,13,17,29",15:50;2:41;4:41;6:30;9:31;18:24;1:54;26:54;19:56;22:69;3:66;23:14;21:41;27:42;28:68;11:10;16:59;20:52;24:30;7:50;8:24;25:30;0:38;12:42;10:46;5:17;14:23;13:32;17:35;29:31,"15:[0,4,5,6,7];2:[3,4,6,7];4:[4,5,6,7];6:[1,4,6];9:[3,4,6];18:[4,6];1:[2,4,5,6,7];26:[1,4,5,6,7];19:[3,4,5,6,7];22:[0,2,4,5,6,7];3:[0,2,4,5,6,7];23:[4];21:[0,1,4,6];27:[3,4,6,7];28:[0,1,4,5,6,7];11:[4];16:[3,4,5,6,7];20:[2,4,5,6,7];24:[4,6,7];7:[2,4,5,6,7];8:[4,6];25:[1,4,6];0:[1,4,6];12:[4,5,6,7];10:[1,4,6,7];5:[4];14:[0,4];13:[4,6,7];17:[4,6,7];29:[4,6,7]","c15:bw=50,experts=[0,4,5,6,7]; c2:bw=41,experts=[3,4,6,7]; c4:bw=41,experts=[4,5,6,7]; c6:bw=30,experts=[1,4,6]; c9:bw=31,experts=[3,4,6]; c18:bw=24,experts=[4,6]; c1:bw=54,experts=[2,4,5,6,7]; c26:bw=54,experts=[1,4,5,6,7]; c19:bw=56,experts=[3,4,5,6,7]; c22:bw=69,experts=[0,2,4,5,6,7]; c3:bw=66,experts=[0,2,4,5,6,7]; c23:bw=14,experts=[4]; c21:bw=41,experts=[0,1,4,6]; c27:bw=42,experts=[3,4,6,7]; c28:bw=68,experts=[0,1,4,5,6,7]; c11:bw=10,experts=[4]; c16:bw=59,experts=[3,4,5,6,7]; c20:bw=52,experts=[2,4,5,6,7]; c24:bw=30,experts=[4,6,7]; c7:bw=50,experts=[2,4,5,6,7]; c8:bw=24,experts=[4,6]; c25:bw=30,experts=[1,4,6]; c0:bw=38,experts=[1,4,6]; c12:bw=42,experts=[4,5,6,7]; c10:bw=46,experts=[1,4,6,7]; c5:bw=17,experts=[4]; c14:bw=23,experts=[0,4]; c13:bw=32,experts=[4,6,7]; c17:bw=35,experts=[4,6,7]; c29:bw=31,experts=[4,6,7]","1.3169,1.4186,2.3249,1.2558,1.5592,1.9244,1.1990,1.1648,1.6400,1.8473,1.7739,1.5001,1.1488,2.0842,1.7478,2.4592,1.9815,2.2722,1.3772,1.4578,1.2883,2.2963,1.2308,1.9967,2.7745,3.4655,1.4587,1.8124,2.1790,3.5506"
67,2026-09-23 22:51:18,Ours,0.01,2.3560384333428535,34.64,34.64,67,57.2491,0:57.25,55.5154,0.5231,1.2073,3762.0492,1:02:42.05,30,"4,15,3,16,18,25,29,26,24,2,10,7,27,11,20,9,22,14,17,13,23,5,1,6,21,19,28,0,12,8",4:51;15:49;3:25;16:53;18:31;25:51;29:25;26:31;24:44;2:43;10:36;7:59;27:59;11:43;20:27;9:60;22:47;14:18;17:48;13:39;23:53;5:48;1:36;6:53;21:53;19:14;28:10;0:32;12:44;8:10,"4:[0,4,5,6,7];15:[2,4,6,7];3:[4,6];16:[0,4,5,6,7];18:[4,6,7];25:[0,4,5,6,7];29:[0,5];26:[4,6,7];24:[4,5,6,7];2:[4,5,6,7];10:[4,6,7];7:[0,4,5,6,7];27:[1,4,5,6,7];11:[4,5,6,7];20:[4,6];9:[0,2,4,5,6,7];22:[4,5,6,7];14:[4];17:[2,3,4,6];13:[4,6,7];23:[0,4,5,6,7];5:[4,5,6,7];1:[4,6,7];6:[3,4,5,6,7];21:[0,3,4,6,7];19:[4];28:[4];0:[4,6,7];12:[4,5,6,7];8:[0]","c4:bw=51,experts=[0,4,5,6,7]; c15:bw=49,experts=[2,4,6,7]; c3:bw=25,experts=[4,6]; c16:bw=53,experts=[0,4,5,6,7]; c18:bw=31,experts=[4,6,7]; c25:bw=51,experts=[0,4,5,6,7]; c29:bw=25,experts=[0,5]; c26:bw=31,experts=[4,6,7]; c24:bw=44,experts=[4,5,6,7]; c2:bw=43,experts=[4,5,6,7]; c10:bw=36,experts=[4,6,7]; c7:bw=59,experts=[0,4,5,6,7]; c27:bw=59,experts=[1,4,5,6,7]; c11:bw=43,experts=[4,5,6,7]; c20:bw=27,experts=[4,6]; c9:bw=60,experts=[0,2,4,5,6,7]; c22:bw=47,experts=[4,5,6,7]; c14:bw=18,experts=[4]; c17:bw=48,experts=[2,3,4,6]; c13:bw=39,experts=[4,6,7]; c23:bw=53,experts=[0,4,5,6,7]; c5:bw=48,experts=[4,5,6,7]; c1:bw=36,experts=[4,6,7]; c6:bw=53,experts=[3,4,5,6,7]; c21:bw=53,experts=[0,3,4,6,7]; c19:bw=14,experts=[4]; c28:bw=10,experts=[4]; c0:bw=32,experts=[4,6,7]; c12:bw=44,experts=[4,5,6,7]; c8:bw=10,experts=[0]","2.3127,1.3018,1.7431,2.0327,1.9530,2.3014,3.5665,1.1661,1.4046,1.4260,2.8387,1.4710,2.0933,2.4818,2.2686,1.5385,1.7796,1.4567,2.2186,1.8274,1.4981,3.4212,1.1978,1.2347,1.1356,1.6198,1.7273,1.2140,2.0015,1.2835"
68,2026-09-23 22:52:15,Ours,0.01,2.355489604040001,34.81,34.81,68,57.4167,0:57.42,55.7076,0.5206,1.1851,3819.5005,1:03:39.50,30,"27,22,0,7,4,21,16,12,17,23,18,25,11,20,1,24,13,9,8,2,5,3,15,28,10,6,26,14,19,29",27:48;22:15;0:30;7:28;4:49;21:29;16:54;12:67;17:72;23:46;18:54;25:47;11:14;20:38;1:42;24:32;13:35;9:15;8:31;2:58;5:45;3:26;15:28;28:40;10:31;6:32;26:40;14:10;19:28;29:57,"27:[4,5,6,7];22:[4];0:[4,6,7];7:[4,6];4:[4,5,6,7];21:[4,6];16:[0,2,4,6,7];12:[0,2,4,5,6,7];17:[0,2,3,4,5,6,7];23:[1,4,6,7];18:[2,4,5,6,7];25:[4,5,6,7];11:[0];20:[1,4,6];1:[1,4,6,7];24:[4,6,7];13:[4,6,7];9:[4];8:[4,6,7];2:[2,4,5,6,7];5:[3,4,6,7];3:[4,6];15:[4,6];28:[4,5,6,7];10:[4,6,7];6:[4,6,7];26:[2,4,6,7];14:[3];19:[0,4];29:[0,2,4,6,7]","c27:bw=48,experts=[4,5,6,7]; c22:bw=15,experts=[4]; c0:bw=30,experts=[4,6,7]; c7:bw=28,experts=[4,6]; c4:bw=49,experts=[4,5,6,7]; c21:bw=29,experts=[4,6]; c16:bw=54,experts=[0,2,4,6,7]; c12:bw=67,experts=[0,2,4,5,6,7]; c17:bw=72,experts=[0,2,3,4,5,6,7]; c23:bw=46,experts=[1,4,6,7]; c18:bw=54,experts=[2,4,5,6,7]; c25:bw=47,experts=[4,5,6,7]; c11:bw=14,experts=[0]; c20:bw=38,experts=[1,4,6]; c1:bw=42,experts=[1,4,6,7]; c24:bw=32,experts=[4,6,7]; c13:bw=35,experts=[4,6,7]; c9:bw=15,experts=[4]; c8:bw=31,experts=[4,6,7]; c2:bw=58,experts=[2,4,5,6,7]; c5:bw=45,experts=[3,4,6,7]; c3:bw=26,experts=[4,6]; c15:bw=28,experts=[4,6]; c28:bw=40,experts=[4,5,6,7]; c10:bw=31,experts=[4,6,7]; c6:bw=32,experts=[4,6,7]; c26:bw=40,experts=[2,4,6,7]; c14:bw=10,experts=[3]; c19:bw=28,experts=[0,4]; c29:bw=57,experts=[0,2,4,6,7]","2.0923,1.8126,1.2292,1.4555,2.3143,1.1502,2.0628,2.0322,2.2386,1.5063,1.9494,2.2909,2.4951,2.2902,1.2005,1.3964,1.8082,1.5136,1.2657,1.3617,3.3678,1.7346,1.2982,1.8195,2.8521,1.2896,1.1919,1.4829,1.6500,3.5552"
69,2026-09-23 22:53:15,Ours,0.01,2.312646533600338,35.42,35.42,69,59.3126,0:59.31,57.5354,0.5303,1.2435,3878.8482,1:04:38.85,30,"10,16,1,26,13,19,23,3,7,29,14,6,0,24,15,12,28,9,2,8,4,21,27,25,5,17,11,18,22,20",10:16;16:60;1:31;26:42;13:67;19:43;23:33;3:41;7:58;29:34;14:37;6:26;0:52;24:53;15:20;12:10;28:58;9:35;2:66;8:42;4:41;21:58;27:46;25:31;5:39;17:48;11:45;18:10;22:44;20:28,"10:[4];16:[0,2,4,5,6,7];1:[4,6,7];26:[4,5,6,7];13:[0,2,4,5,6,7];19:[2,4,6,7];23:[2,4,6];3:[1,4,6,7];7:[0,4,5,6,7];29:[4,6,7];14:[1,4,6];6:[4,6];0:[0,2,4,6,7];24:[2,4,5,6,7];15:[1,4];12:[4];28:[0,4,5,6,7];9:[4,6,7];2:[0,2,4,5,6,7];8:[4,5,6,7];4:[1,4,6,7];21:[2,4,5,6,7];27:[2,4,6,7];25:[3,4,6];5:[4,6,7];17:[1,4,6,7];11:[3,4,6,7];18:[4];22:[4,5,6,7];20:[3,4]","c10:bw=16,experts=[4]; c16:bw=60,experts=[0,2,4,5,6,7]; c1:bw=31,experts=[4,6,7]; c26:bw=42,experts=[4,5,6,7]; c13:bw=67,experts=[0,2,4,5,6,7]; c19:bw=43,experts=[2,4,6,7]; c23:bw=33,experts=[2,4,6]; c3:bw=41,experts=[1,4,6,7]; c7:bw=58,experts=[0,4,5,6,7]; c29:bw=34,experts=[4,6,7]; c14:bw=37,experts=[1,4,6]; c6:bw=26,experts=[4,6]; c0:bw=52,experts=[0,2,4,6,7]; c24:bw=53,experts=[2,4,5,6,7]; c15:bw=20,experts=[1,4]; c12:bw=10,experts=[4]; c28:bw=58,experts=[0,4,5,6,7]; c9:bw=35,experts=[4,6,7]; c2:bw=66,experts=[0,2,4,5,6,7]; c8:bw=42,experts=[4,5,6,7]; c4:bw=41,experts=[1,4,6,7]; c21:bw=58,experts=[2,4,5,6,7]; c27:bw=46,experts=[2,4,6,7]; c25:bw=31,experts=[3,4,6]; c5:bw=39,experts=[4,6,7]; c17:bw=48,experts=[1,4,6,7]; c11:bw=45,experts=[3,4,6,7]; c18:bw=10,experts=[4]; c22:bw=44,experts=[4,5,6,7]; c20:bw=28,experts=[3,4]","2.8038,2.0636,1.2391,1.1879,1.8630,1.7054,1.5398,1.8018,1.5205,3.6841,1.5629,1.3011,1.2626,1.4180,1.3324,2.1465,1.9059,1.6328,1.5053,1.3357,2.3879,1.1993,2.1301,2.3867,3.5348,2.2860,2.5683,1.9796,1.8717,2.3786"
70,2026-09-23 22:54:13,Ours,0.01,2.3660177461885064,35.46,35.46,70,58.3727,0:58.37,56.6258,0.5252,1.2125,3937.2567,1:05:37.26,30,"10,26,25,24,0,7,29,4,11,15,13,12,2,9,6,5,22,19,14,21,28,1,20,3,8,18,16,17,23,27",10:58;26:27;25:10;24:10;0:30;7:28;29:29;4:58;11:53;15:75;13:33;12:40;2:55;9:10;6:26;5:23;22:10;19:37;14:10;21:35;28:63;1:24;20:36;3:32;8:48;18:63;16:67;17:41;23:30;27:24,"10:[0,2,4,6,7];26:[0,4];25:[4];24:[0];0:[4,6,7];7:[1,4];29:[3,4];4:[3,4,5,6,7];11:[2,4,5,6,7];15:[0,2,3,4,5,6,7];13:[1,3,4];12:[4,5,6,7];2:[2,4,5,6,7];9:[1];6:[0,4];5:[0,2];22:[4];19:[4,6,7];14:[4];21:[4,6,7];28:[2,3,4,5,6,7];1:[0,3];20:[4,6,7];3:[3,4,6];8:[4,5,6,7];18:[0,1,4,5,6,7];16:[0,2,4,5,6,7];17:[4,5,6,7];23:[4,6,7];27:[4,6]","c10:bw=58,experts=[0,2,4,6,7]; c26:bw=27,experts=[0,4]; c25:bw=10,experts=[4]; c24:bw=10,experts=[0]; c0:bw=30,experts=[4,6,7]; c7:bw=28,experts=[1,4]; c29:bw=29,experts=[3,4]; c4:bw=58,experts=[3,4,5,6,7]; c11:bw=53,experts=[2,4,5,6,7]; c15:bw=75,experts=[0,2,3,4,5,6,7]; c13:bw=33,experts=[1,3,4]; c12:bw=40,experts=[4,5,6,7]; c2:bw=55,experts=[2,4,5,6,7]; c9:bw=10,experts=[1]; c6:bw=26,experts=[0,4]; c5:bw=23,experts=[0,2]; c22:bw=10,experts=[4]; c19:bw=37,experts=[4,6,7]; c14:bw=10,experts=[4]; c21:bw=35,experts=[4,6,7]; c28:bw=63,experts=[2,3,4,5,6,7]; c1:bw=24,experts=[0,3]; c20:bw=36,experts=[4,6,7]; c3:bw=32,experts=[3,4,6]; c8:bw=48,experts=[4,5,6,7]; c18:bw=63,experts=[0,1,4,5,6,7]; c16:bw=67,experts=[0,2,4,5,6,7]; c17:bw=41,experts=[4,5,6,7]; c23:bw=30,experts=[4,6,7]; c27:bw=24,experts=[4,6]","2.9273,1.2053,2.3931,1.3932,1.2535,1.4841,3.7021,2.4061,2.5618,1.3405,1.8530,2.0943,1.4268,1.5724,1.2669,3.4734,1.8129,1.6746,1.4783,1.1547,1.7648,1.1776,2.2991,1.7299,1.3117,1.9510,2.0472,2.2387,1.5088,2.1226"
71,2026-09-23 22:55:12,Ours,0.01,2.337208595838949,36.54,36.54,71,58.5156,0:58.52,56.8059,0.5285,1.178,3995.8072,1:06:35.81,30,"26,20,10,25,18,16,2,0,19,28,27,29,17,6,7,23,14,8,12,5,21,4,1,24,13,11,9,22,15,3",26:45;20:31;10:69;25:38;18:45;16:19;2:61;0:16;19:54;28:18;27:43;29:53;17:61;6:50;7:20;23:33;14:10;8:39;12:43;5:33;21:30;4:42;1:52;24:58;13:25;11:44;9:40;22:29;15:28;3:62,"26:[4,5,6,7];20:[0,4,6];10:[0,3,4,5,6,7];25:[4,6,7];18:[3,4,6,7];16:[1];2:[1,2,4,5,6,7];0:[5];19:[1,4,5,6,7];28:[4];27:[4,5,6,7];29:[0,4,5,6,7];17:[0,2,4,5,6,7];6:[2,4,5,6,7];7:[3,4];23:[4,5,6];14:[4];8:[1,4,6];12:[3,4,6,7];5:[4,6,7];21:[4,6,7];4:[3,4,6,7];1:[2,4,5,6,7];24:[1,3,4,6,7];13:[4,6];11:[1,4,6,7];9:[4,5,6,7];22:[1,3];15:[4,6];3:[0,2,4,5,6,7]","c26:bw=45,experts=[4,5,6,7]; c20:bw=31,experts=[0,4,6]; c10:bw=69,experts=[0,3,4,5,6,7]; c25:bw=38,experts=[4,6,7]; c18:bw=45,experts=[3,4,6,7]; c16:bw=19,experts=[1]; c2:bw=61,experts=[1,2,4,5,6,7]; c0:bw=16,experts=[5]; c19:bw=54,experts=[1,4,5,6,7]; c28:bw=18,experts=[4]; c27:bw=43,experts=[4,5,6,7]; c29:bw=53,experts=[0,4,5,6,7]; c17:bw=61,experts=[0,2,4,5,6,7]; c6:bw=50,experts=[2,4,5,6,7]; c7:bw=20,experts=[3,4]; c23:bw=33,experts=[4,5,6]; c14:bw=10,experts=[4]; c8:bw=39,experts=[1,4,6]; c12:bw=43,experts=[3,4,6,7]; c5:bw=33,experts=[4,6,7]; c21:bw=30,experts=[4,6,7]; c4:bw=42,experts=[3,4,6,7]; c1:bw=52,experts=[2,4,5,6,7]; c24:bw=58,experts=[1,3,4,6,7]; c13:bw=25,experts=[4,6]; c11:bw=44,experts=[1,4,6,7]; c9:bw=40,experts=[4,5,6,7]; c22:bw=29,experts=[1,3]; c15:bw=28,experts=[4,6]; c3:bw=62,experts=[0,2,4,5,6,7]","1.1849,2.3320,2.9330,2.3704,1.9904,2.0650,1.4462,1.3385,1.6992,1.8309,2.1549,3.6847,2.2875,1.3138,1.5135,1.5429,1.5194,1.3388,2.0932,3.4831,1.1468,2.3060,1.1902,1.3585,1.8201,2.4885,1.5365,1.7834,1.2974,1.7563"
72,2026-09-23 22:56:09,Ours,0.01,2.2796579792363896,36.83,36.83,72,57.4228,0:57.42,55.7431,0.4905,1.186,4053.2641,1:07:33.26,30,"5,6,1,17,20,21,18,26,24,28,27,8,25,16,22,19,15,13,2,9,10,14,12,3,23,11,7,0,29,4",5:43;6:19;1:39;17:18;20:41;21:62;18:29;26:44;24:18;28:23;27:46;8:30;25:29;16:46;22:75;19:32;15:41;13:54;2:23;9:38;10:28;14:43;12:28;3:23;23:41;11:10;7:48;0:52;29:59;4:39,"5:[4,5,6,7];6:[4];1:[4,6,7];17:[4];20:[4,5,6,7];21:[0,2,4,5,6,7];18:[4,6];26:[3,4,5,6];24:[4];28:[4,6];27:[0,4,6,7];8:[4,6,7];25:[4,6];16:[4,5,6,7];22:[0,2,3,4,5,6,7];19:[4,6,7];15:[4,5,6,7];13:[2,4,5,6,7];2:[4,6];9:[4,6,7];10:[4,6];14:[4,5,6,7];12:[4,6];3:[4,6];23:[3,4,6,7];11:[4];7:[3,4,6,7];0:[0,4,5,6,7];29:[1,4,5,6,7];4:[4,6,7]","c5:bw=43,experts=[4,5,6,7]; c6:bw=19,experts=[4]; c1:bw=39,experts=[4,6,7]; c17:bw=18,experts=[4]; c20:bw=41,experts=[4,5,6,7]; c21:bw=62,experts=[0,2,4,5,6,7]; c18:bw=29,experts=[4,6]; c26:bw=44,experts=[3,4,5,6]; c24:bw=18,experts=[4]; c28:bw=23,experts=[4,6]; c27:bw=46,experts=[0,4,6,7]; c8:bw=30,experts=[4,6,7]; c25:bw=29,experts=[4,6]; c16:bw=46,experts=[4,5,6,7]; c22:bw=75,experts=[0,2,3,4,5,6,7]; c19:bw=32,experts=[4,6,7]; c15:bw=41,experts=[4,5,6,7]; c13:bw=54,experts=[2,4,5,6,7]; c2:bw=23,experts=[4,6]; c9:bw=38,experts=[4,6,7]; c10:bw=28,experts=[4,6]; c14:bw=43,experts=[4,5,6,7]; c12:bw=28,experts=[4,6]; c3:bw=23,experts=[4,6]; c23:bw=41,experts=[3,4,6,7]; c11:bw=10,experts=[4]; c7:bw=48,experts=[3,4,6,7]; c0:bw=52,experts=[0,4,5,6,7]; c29:bw=59,experts=[1,4,5,6,7]; c4:bw=39,experts=[4,6,7]","3.4219,1.2691,1.2198,2.1996,2.3347,1.1722,2.0103,1.1719,1.3724,1.7891,2.1173,1.3253,2.3586,2.0114,1.8228,1.6556,1.3211,1.8191,1.3979,1.5126,2.7698,1.4681,2.0245,1.7257,1.4951,2.4486,1.4398,1.2017,3.5601,2.3071"
73,2026-09-23 22:57:07,Ours,0.01,2.3066217997600367,37.25,37.25,73,57.8703,0:57.87,56.0868,0.5264,1.2538,4111.1704,1:08:31.17,30,"20,6,7,2,0,9,17,13,22,8,15,1,3,12,29,19,5,18,25,23,21,16,28,11,26,14,4,10,24,27",20:62;6:20;7:37;2:47;0:28;9:52;17:17;13:50;22:24;8:11;15:47;1:66;3:40;12:37;29:13;19:10;5:17;18:34;25:24;23:33;21:29;16:61;28:33;11:46;26:10;14:16;4:41;10:42;24:66;27:48,"20:[2,3,4,5,6,7];6:[4,6];7:[4,5,6];2:[4,5,6,7];0:[3,4];9:[2,4,5,6,7];17:[4];13:[3,4,5,6,7];22:[4,6];8:[2];15:[4,5,6,7];1:[0,2,4,5,6,7];3:[4,5,6,7];12:[1,4,6];29:[4];19:[4];5:[1];18:[4,6,7];25:[2,4];23:[4,6,7];21:[4,6];16:[0,3,4,5,6,7];28:[4,6,7];11:[4,5,6,7];26:[4];14:[2];4:[2,4,6,7];10:[4,5,6,7];24:[0,2,4,5,6,7];27:[4,5,6,7]","c20:bw=62,experts=[2,3,4,5,6,7]; c6:bw=20,experts=[4,6]; c7:bw=37,experts=[4,5,6]; c2:bw=47,experts=[4,5,6,7]; c0:bw=28,experts=[3,4]; c9:bw=52,experts=[2,4,5,6,7]; c17:bw=17,experts=[4]; c13:bw=50,experts=[3,4,5,6,7]; c22:bw=24,experts=[4,6]; c8:bw=11,experts=[2]; c15:bw=47,experts=[4,5,6,7]; c1:bw=66,experts=[0,2,4,5,6,7]; c3:bw=40,experts=[4,5,6,7]; c12:bw=37,experts=[1,4,6]; c29:bw=13,experts=[4]; c19:bw=10,experts=[4]; c5:bw=17,experts=[1]; c18:bw=34,experts=[4,6,7]; c25:bw=24,experts=[2,4]; c23:bw=33,experts=[4,6,7]; c21:bw=29,experts=[4,6]; c16:bw=61,experts=[0,3,4,5,6,7]; c28:bw=33,experts=[4,6,7]; c11:bw=46,experts=[4,5,6,7]; c26:bw=10,experts=[4]; c14:bw=16,experts=[2]; c4:bw=41,experts=[2,4,6,7]; c10:bw=42,experts=[4,5,6,7]; c24:bw=66,experts=[0,2,4,5,6,7]; c27:bw=48,experts=[4,5,6,7]","2.3851,1.2787,1.5135,1.4375,1.3002,1.6392,2.3115,1.8266,1.8040,1.2874,1.2831,1.2034,1.7883,2.0346,3.6148,1.6453,3.4181,1.9641,2.3144,1.4980,1.1369,1.9988,1.7632,2.4757,1.1385,1.4602,2.2649,2.7889,1.3746,2.1371"
74,2026-09-23 22:58:05,Ours,0.01,2.3030273431132895,37.3,37.3,74,58.197,0:58.20,56.4483,0.527,1.2183,4169.4041,1:09:29.40,30,"25,2,28,22,27,23,5,3,21,14,7,6,15,12,24,8,1,10,17,19,9,11,13,18,16,0,29,26,20,4",25:59;2:10;28:16;22:45;27:20;23:46;5:50;3:10;21:66;14:32;7:65;6:10;15:50;12:10;24:16;8:28;1:28;10:25;17:62;19:20;9:32;11:37;13:42;18:60;16:48;0:40;29:14;26:32;20:42;4:47,"25:[1,4,5,6,7];2:[3];28:[1];22:[4,5,6,7];27:[3,4];23:[4,5,6,7];5:[2,4,5,6,7];3:[4];21:[0,1,4,5,6,7];14:[0,4,6];7:[0,2,4,5,6,7];6:[1];15:[2,4,5,6,7];12:[4];24:[4];8:[3,4];1:[4,6];10:[1,4];17:[0,2,4,5,6,7];19:[3,4];9:[3,4,6];11:[4,5,6];13:[4,5,6,7];18:[0,2,4,5,6,7];16:[4,5,6,7];0:[1,4,6,7];29:[4];26:[1,4,6];20:[3,4,6,7];4:[4,5,6,7]","c25:bw=59,experts=[1,4,5,6,7]; c2:bw=10,experts=[3]; c28:bw=16,experts=[1]; c22:bw=45,experts=[4,5,6,7]; c27:bw=20,experts=[3,4]; c23:bw=46,experts=[4,5,6,7]; c5:bw=50,experts=[2,4,5,6,7]; c3:bw=10,experts=[4]; c21:bw=66,experts=[0,1,4,5,6,7]; c14:bw=32,experts=[0,4,6]; c7:bw=65,experts=[0,2,4,5,6,7]; c6:bw=10,experts=[1]; c15:bw=50,experts=[2,4,5,6,7]; c12:bw=10,experts=[4]; c24:bw=16,experts=[4]; c8:bw=28,experts=[3,4]; c1:bw=28,experts=[4,6]; c10:bw=25,experts=[1,4]; c17:bw=62,experts=[0,2,4,5,6,7]; c19:bw=20,experts=[3,4]; c9:bw=32,experts=[3,4,6]; c11:bw=37,experts=[4,5,6]; c13:bw=42,experts=[4,5,6,7]; c18:bw=60,experts=[0,2,4,5,6,7]; c16:bw=48,experts=[4,5,6,7]; c0:bw=40,experts=[1,4,6,7]; c29:bw=14,experts=[4]; c26:bw=32,experts=[1,4,6]; c20:bw=42,experts=[3,4,6,7]; c4:bw=47,experts=[4,5,6,7]","2.4230,1.4515,1.8384,1.8883,2.1568,1.5268,3.4558,1.7394,1.1723,1.5214,1.4804,1.2527,1.3251,2.0500,1.3881,1.3134,1.2062,2.8531,2.2595,1.6742,1.5463,2.5573,1.8518,1.9505,2.0207,1.2299,3.5578,1.1557,2.2791,2.3228"
75,2026-09-23 22:59:04,Ours,0.01,2.2446645909192187,38.18,38.18,75,58.0904,0:58.09,56.4033,0.5136,1.1703,4227.6037,1:10:27.60,30,"25,23,21,2,3,8,18,11,16,12,26,13,10,9,15,6,24,1,19,14,4,5,29,28,0,20,17,7,22,27",25:17;23:35;21:50;2:40;3:20;8:53;18:68;11:42;16:46;12:40;26:10;13:46;10:23;9:61;15:20;6:56;24:73;1:54;19:19;14:60;4:56;5:31;29:29;28:55;0:60;20:44;17:43;7:28;22:10;27:36,"25:[0];23:[0,4,6];21:[0,3,4,6,7];2:[4,5,6,7];3:[4,6];8:[0,4,5,6,7];18:[0,2,4,5,6,7];11:[3,4,6,7];16:[4,5,6,7];12:[4,5,6,7];26:[4];13:[3,4,6,7];10:[4,6];9:[0,2,4,5,6,7];15:[4,6];6:[2,3,4,6,7];24:[0,2,3,4,5,6,7];1:[2,4,5,6,7];19:[4];14:[0,3,4,5,6,7];4:[0,4,5,6,7];5:[4,6,7];29:[4,6];28:[0,4,5,6,7];0:[0,3,4,5,6,7];20:[4,5,6,7];17:[4,5,6,7];7:[4,6];22:[4];27:[1,4,6]","c25:bw=17,experts=[0]; c23:bw=35,experts=[0,4,6]; c21:bw=50,experts=[0,3,4,6,7]; c2:bw=40,experts=[4,5,6,7]; c3:bw=20,experts=[4,6]; c8:bw=53,experts=[0,4,5,6,7]; c18:bw=68,experts=[0,2,4,5,6,7]; c11:bw=42,experts=[3,4,6,7]; c16:bw=46,experts=[4,5,6,7]; c12:bw=40,experts=[4,5,6,7]; c26:bw=10,experts=[4]; c13:bw=46,experts=[3,4,6,7]; c10:bw=23,experts=[4,6]; c9:bw=61,experts=[0,2,4,5,6,7]; c15:bw=20,experts=[4,6]; c6:bw=56,experts=[2,3,4,6,7]; c24:bw=73,experts=[0,2,3,4,5,6,7]; c1:bw=54,experts=[2,4,5,6,7]; c19:bw=19,experts=[4]; c14:bw=60,experts=[0,3,4,5,6,7]; c4:bw=56,experts=[0,4,5,6,7]; c5:bw=31,experts=[4,6,7]; c29:bw=29,experts=[4,6]; c28:bw=55,experts=[0,4,5,6,7]; c0:bw=60,experts=[0,3,4,5,6,7]; c20:bw=44,experts=[4,5,6,7]; c17:bw=43,experts=[4,5,6,7]; c7:bw=28,experts=[4,6]; c22:bw=10,experts=[4]; c27:bw=36,experts=[1,4,6]","2.3257,1.5230,1.1745,1.4007,1.7381,1.3136,1.9895,2.5935,2.1052,2.0941,1.1921,1.8588,2.8668,1.5678,1.3066,1.3135,1.3928,1.2130,1.6540,1.5389,2.3412,3.4638,3.5722,1.7764,1.2495,2.3358,2.2414,1.4658,1.7597,2.0353"
76,2026-09-23 23:00:02,Ours,0.01,2.2523104092125923,38.55,38.55,76,58.1941,0:58.19,56.5058,0.4986,1.1865,4285.8331,1:11:25.83,30,"22,6,2,7,9,26,10,19,29,11,21,24,12,14,16,27,23,5,17,1,8,4,25,20,13,15,18,28,0,3",22:26;6:23;2:25;7:66;9:57;26:37;10:46;19:44;29:36;11:42;21:42;24:61;12:21;14:22;16:39;27:39;23:29;5:37;17:33;1:53;8:29;4:60;25:10;20:54;13:39;15:42;18:39;28:30;0:31;3:15,"22:[4,6];6:[4,6];2:[4,6];7:[0,2,4,5,6,7];9:[0,4,5,6,7];26:[2,4,6];10:[4,5,6,7];19:[0,4,5,6];29:[2,4,6];11:[0,4,6,7];21:[4,5,6,7];24:[0,2,4,5,6,7];12:[0,2];14:[4,6];16:[4,6,7];27:[4,6,7];23:[1,4];5:[3,4,6];17:[3,4,6];1:[1,4,5,6,7];8:[4,6];4:[0,2,4,5,6,7];25:[4];20:[1,4,5,6,7];13:[4,6,7];15:[4,5,6,7];18:[4,6,7];28:[4,6,7];0:[4,6,7];3:[4]","c22:bw=26,experts=[4,6]; c6:bw=23,experts=[4,6]; c2:bw=25,experts=[4,6]; c7:bw=66,experts=[0,2,4,5,6,7]; c9:bw=57,experts=[0,4,5,6,7]; c26:bw=37,experts=[2,4,6]; c10:bw=46,experts=[4,5,6,7]; c19:bw=44,experts=[0,4,5,6]; c29:bw=36,experts=[2,4,6]; c11:bw=42,experts=[0,4,6,7]; c21:bw=42,experts=[4,5,6,7]; c24:bw=61,experts=[0,2,4,5,6,7]; c12:bw=21,experts=[0,2]; c14:bw=22,experts=[4,6]; c16:bw=39,experts=[4,6,7]; c27:bw=39,experts=[4,6,7]; c23:bw=29,experts=[1,4]; c5:bw=37,experts=[3,4,6]; c17:bw=33,experts=[3,4,6]; c1:bw=53,experts=[1,4,5,6,7]; c8:bw=29,experts=[4,6]; c4:bw=60,experts=[0,2,4,5,6,7]; c25:bw=10,experts=[4]; c20:bw=54,experts=[1,4,5,6,7]; c13:bw=39,experts=[4,6,7]; c15:bw=42,experts=[4,5,6,7]; c18:bw=39,experts=[4,6,7]; c28:bw=30,experts=[4,6,7]; c0:bw=31,experts=[4,6,7]; c3:bw=15,experts=[4]","1.7610,1.2445,1.3938,1.4784,1.5582,1.1730,2.8778,1.6700,3.6626,2.6365,1.1949,1.4430,2.0623,1.5531,2.1149,2.1846,1.4883,3.4703,2.2384,1.2065,1.3045,2.3511,2.3156,2.3458,1.8522,1.3159,1.9420,1.7585,1.2258,1.6823"
77,2026-09-23 23:01:00,Ours,0.01,2.249289875829156,39.26,39.26,77,58.6094,0:58.61,56.854,0.5248,1.2273,4344.4782,1:12:24.48,30,"23,15,16,7,29,5,3,13,9,25,24,26,28,2,4,19,20,11,21,14,6,0,10,27,18,22,8,12,17,1",23:54;15:43;16:34;7:10;29:41;5:59;3:40;13:37;9:29;25:15;24:12;26:10;28:37;2:34;4:10;19:37;20:45;11:28;21:57;14:64;6:57;0:63;10:39;27:24;18:31;22:34;8:10;12:46;17:37;1:62,"23:[2,4,5,6,7];15:[1,4,5,6];16:[4,6,7];7:[4];29:[4,5,6,7];5:[2,4,5,6,7];3:[1,4,6,7];13:[0,4,6];9:[4,6];25:[3];24:[4];26:[4];28:[4,6,7];2:[0,4,6];4:[1];19:[2,4,6];20:[4,5,6,7];11:[4,6];21:[0,4,5,6,7];14:[0,1,3,4,6,7];6:[0,4,5,6,7];0:[0,2,4,5,6,7];10:[4,6,7];27:[2,4];18:[4,5,6];22:[4,6,7];8:[4];12:[4,5,6,7];17:[1,4,6];1:[0,2,4,5,6,7]","c23:bw=54,experts=[2,4,5,6,7]; c15:bw=43,experts=[1,4,5,6]; c16:bw=34,experts=[4,6,7]; c7:bw=10,experts=[4]; c29:bw=41,experts=[4,5,6,7]; c5:bw=59,experts=[2,4,5,6,7]; c3:bw=40,experts=[1,4,6,7]; c13:bw=37,experts=[0,4,6]; c9:bw=29,experts=[4,6]; c25:bw=15,experts=[3]; c24:bw=12,experts=[4]; c26:bw=10,experts=[4]; c28:bw=37,experts=[4,6,7]; c2:bw=34,experts=[0,4,6]; c4:bw=10,experts=[1]; c19:bw=37,experts=[2,4,6]; c20:bw=45,experts=[4,5,6,7]; c11:bw=28,experts=[4,6]; c21:bw=57,experts=[0,4,5,6,7]; c14:bw=64,experts=[0,1,3,4,6,7]; c6:bw=57,experts=[0,4,5,6,7]; c0:bw=63,experts=[0,2,4,5,6,7]; c10:bw=39,experts=[4,6,7]; c27:bw=24,experts=[2,4]; c18:bw=31,experts=[4,5,6]; c22:bw=34,experts=[4,6,7]; c8:bw=10,experts=[4]; c12:bw=46,experts=[4,5,6,7]; c17:bw=37,experts=[1,4,6]; c1:bw=62,experts=[0,2,4,5,6,7]","1.4930,1.2757,2.0053,1.4524,3.6087,3.5067,1.7944,1.8767,1.5729,2.4158,1.4320,1.1956,1.8476,1.4835,2.4201,1.6902,2.3638,2.5778,1.1735,1.5378,1.3030,1.2443,2.8522,2.0894,1.9733,1.8369,1.3183,2.0585,2.2250,1.2295"
78,2026-09-23 23:01:59,Ours,0.01,2.2328478870677486,38.97,39.26,77,58.0791,0:58.08,56.2885,0.5406,1.2467,4402.5934,1:13:22.59,30,"24,21,27,0,14,25,23,12,22,18,6,10,3,17,16,19,4,11,5,26,15,7,20,2,8,28,1,9,29,13",24:45;21:54;27:13;0:26;14:52;25:11;23:57;12:31;22:63;18:35;6:57;10:59;3:38;17:31;16:44;19:12;4:23;11:37;5:63;26:40;15:38;7:36;20:37;2:34;8:54;28:24;1:41;9:31;29:69;13:59,"24:[4,5,6,7];21:[2,4,5,6,7];27:[4];0:[4,6];14:[0,4,5,6,7];25:[4];23:[2,3,4,6,7];12:[4,6,7];22:[0,2,4,5,6,7];18:[1,4,6];6:[0,3,4,6,7];10:[2,4,5,6,7];3:[3,4,6];17:[4,5,6];16:[2,4,6,7];19:[4];4:[4,6];11:[2,4,6];5:[0,2,4,5,6,7];26:[0,4,5,6];15:[0,3,4];7:[1,4,6];20:[4,6,7];2:[4,6,7];8:[0,4,5,6,7];28:[2,3];1:[3,4,6,7];9:[1,4,6];29:[0,3,4,5,6,7];13:[1,4,5,6,7]","c24:bw=45,experts=[4,5,6,7]; c21:bw=54,experts=[2,4,5,6,7]; c27:bw=13,experts=[4]; c0:bw=26,experts=[4,6]; c14:bw=52,experts=[0,4,5,6,7]; c25:bw=11,experts=[4]; c23:bw=57,experts=[2,3,4,6,7]; c12:bw=31,experts=[4,6,7]; c22:bw=63,experts=[0,2,4,5,6,7]; c18:bw=35,experts=[1,4,6]; c6:bw=57,experts=[0,3,4,6,7]; c10:bw=59,experts=[2,4,5,6,7]; c3:bw=38,experts=[3,4,6]; c17:bw=31,experts=[4,5,6]; c16:bw=44,experts=[2,4,6,7]; c19:bw=12,experts=[4]; c4:bw=23,experts=[4,6]; c11:bw=37,experts=[2,4,6]; c5:bw=63,experts=[0,2,4,5,6,7]; c26:bw=40,experts=[0,4,5,6]; c15:bw=38,experts=[0,3,4]; c7:bw=36,experts=[1,4,6]; c20:bw=37,experts=[4,6,7]; c2:bw=34,experts=[4,6,7]; c8:bw=54,experts=[0,4,5,6,7]; c28:bw=24,experts=[2,3]; c1:bw=41,experts=[3,4,6,7]; c9:bw=31,experts=[1,4,6]; c29:bw=69,experts=[0,3,4,5,6,7]; c13:bw=59,experts=[1,4,5,6,7]","1.3775,1.1541,2.0626,1.2391,1.5088,2.3248,1.5377,2.0666,1.8322,1.9613,1.2889,2.8591,1.7753,2.2690,2.0365,1.6425,2.3077,2.5190,3.4562,1.1667,1.2921,1.4659,2.3032,1.3966,1.2941,1.7549,1.2306,1.5548,3.7050,1.9056"
79,2026-09-23 23:02:58,Ours,0.01,2.2526501328448765,39.27,39.27,79,59.2349,0:59.23,57.4935,0.4899,1.2434,4461.8682,1:14:21.87,30,"11,8,9,16,0,6,17,5,28,7,2,29,26,4,19,21,13,1,12,23,25,18,10,3,24,27,20,14,15,22",11:32;8:44;9:10;16:59;0:36;6:21;17:58;5:53;28:37;7:46;2:33;29:43;26:41;4:80;19:26;21:46;13:43;1:37;12:10;23:46;25:29;18:12;10:34;3:26;24:58;27:52;20:39;14:62;15:54;22:33,"11:[1,4,6];8:[1,4,5,6];9:[4];16:[1,3,4,6,7];0:[4,6,7];6:[4,6];17:[0,4,5,6,7];5:[2,4,5,6,7];28:[4,5,6];7:[4,5,6,7];2:[1,2,4];29:[4,5,6,7];26:[4,5,6,7];4:[0,1,2,3,4,5,6,7];19:[1,4];21:[4,5,6,7];13:[4,5,6,7];1:[4,6,7];12:[3];23:[4,5,6,7];25:[4,6];18:[3];10:[0,3,4];3:[0,2];24:[1,4,5,6,7];27:[2,4,5,6,7];20:[0,4,6];14:[0,3,4,5,6,7];15:[3,4,5,6,7];22:[1,4,6]","c11:bw=32,experts=[1,4,6]; c8:bw=44,experts=[1,4,5,6]; c9:bw=10,experts=[4]; c16:bw=59,experts=[1,3,4,6,7]; c0:bw=36,experts=[4,6,7]; c6:bw=21,experts=[4,6]; c17:bw=58,experts=[0,4,5,6,7]; c5:bw=53,experts=[2,4,5,6,7]; c28:bw=37,experts=[4,5,6]; c7:bw=46,experts=[4,5,6,7]; c2:bw=33,experts=[1,2,4]; c29:bw=43,experts=[4,5,6,7]; c26:bw=41,experts=[4,5,6,7]; c4:bw=80,experts=[0,1,2,3,4,5,6,7]; c19:bw=26,experts=[1,4]; c21:bw=46,experts=[4,5,6,7]; c13:bw=43,experts=[4,5,6,7]; c1:bw=37,experts=[4,6,7]; c12:bw=10,experts=[3]; c23:bw=46,experts=[4,5,6,7]; c25:bw=29,experts=[4,6]; c18:bw=12,experts=[3]; c10:bw=34,experts=[0,3,4]; c3:bw=26,experts=[0,2]; c24:bw=58,experts=[1,4,5,6,7]; c27:bw=52,experts=[2,4,5,6,7]; c20:bw=39,experts=[0,4,6]; c14:bw=62,experts=[0,3,4,5,6,7]; c15:bw=54,experts=[3,4,5,6,7]; c22:bw=33,experts=[1,4,6]","2.5971,1.3576,1.6031,2.0988,1.2723,1.2949,2.3030,3.6566,1.8088,1.5183,1.4226,3.6386,1.2030,2.3921,1.6897,1.2034,1.9083,1.2517,2.0421,1.5431,2.3641,1.9624,2.8447,1.7676,1.4374,2.1865,2.4050,1.5331,1.3273,1.8602"
80,2026-09-23 23:03:57,Ours,0.01,2.202847519608136,40.28,40.28,80,59.1276,0:59.13,57.3842,0.5392,1.201,4521.0351,1:15:21.04,30,"2,13,1,14,17,23,4,8,15,21,28,19,7,26,0,5,22,18,3,20,25,16,24,12,27,9,11,6,10,29",2:44;13:39;1:31;14:30;17:61;23:36;4:57;8:51;15:41;21:64;28:10;19:35;7:48;26:41;0:47;5:65;22:43;18:13;3:31;20:25;25:38;16:44;24:43;12:10;27:27;9:53;11:62;6:39;10:18;29:10,"2:[4,5,6,7];13:[2,4,6];1:[4,5,6];14:[4,5,6];17:[0,3,4,5,6,7];23:[4,6,7];4:[0,4,5,6,7];8:[0,4,5,6,7];15:[3,4,6,7];21:[0,3,4,5,6,7];28:[4];19:[4,6,7];7:[3,4,6,7];26:[3,4,5,6];0:[4,5,6,7];5:[0,3,4,5,6,7];22:[3,4,5,6];18:[4];3:[4,6,7];20:[4,6];25:[4,6,7];16:[4,5,6,7];24:[4,5,6,7];12:[4];27:[0,4];9:[2,4,5,6,7];11:[0,2,4,5,6,7];6:[4,6,7];10:[4];29:[1]","c2:bw=44,experts=[4,5,6,7]; c13:bw=39,experts=[2,4,6]; c1:bw=31,experts=[4,5,6]; c14:bw=30,experts=[4,5,6]; c17:bw=61,experts=[0,3,4,5,6,7]; c23:bw=36,experts=[4,6,7]; c4:bw=57,experts=[0,4,5,6,7]; c8:bw=51,experts=[0,4,5,6,7]; c15:bw=41,experts=[3,4,6,7]; c21:bw=64,experts=[0,3,4,5,6,7]; c28:bw=10,experts=[4]; c19:bw=35,experts=[4,6,7]; c7:bw=48,experts=[3,4,6,7]; c26:bw=41,experts=[3,4,5,6]; c0:bw=47,experts=[4,5,6,7]; c5:bw=65,experts=[0,3,4,5,6,7]; c22:bw=43,experts=[3,4,5,6]; c18:bw=13,experts=[4]; c3:bw=31,experts=[4,6,7]; c20:bw=25,experts=[4,6]; c25:bw=38,experts=[4,6,7]; c16:bw=44,experts=[4,5,6,7]; c24:bw=43,experts=[4,5,6,7]; c12:bw=10,experts=[4]; c27:bw=27,experts=[0,4]; c9:bw=53,experts=[2,4,5,6,7]; c11:bw=62,experts=[0,2,4,5,6,7]; c6:bw=39,experts=[4,6,7]; c10:bw=18,experts=[4]; c29:bw=10,experts=[1]","1.4555,1.8865,1.2290,1.5255,2.2833,1.5346,2.3561,1.3713,1.3453,1.2009,1.8233,1.6875,1.5278,1.2070,1.2518,3.5682,1.8749,1.9432,1.7619,2.3427,2.3711,2.1280,1.4158,2.0590,2.0972,1.5689,2.6189,1.3470,2.9611,3.6409"
81,2026-09-23 23:05:00,Ours,0.01,2.2001453831835316,40.49,40.49,81,62.7333,1:02.73,60.9649,0.5579,1.2072,4583.8071,1:16:23.81,30,"29,5,27,11,12,10,20,13,21,0,22,18,2,1,8,26,6,19,17,3,4,16,15,7,28,24,25,23,9,14",29:28;5:30;27:13;11:22;12:75;10:44;20:12;13:21;21:54;0:50;22:10;18:60;2:45;1:49;8:48;26:39;6:51;19:52;17:27;3:67;4:42;16:35;15:65;7:58;28:61;24:57;25:34;23:27;9:26;14:46,"29:[4,6];5:[1,4,6];27:[4];11:[4,6];12:[0,1,2,4,5,6,7];10:[4,5,6,7];20:[2];13:[4,6];21:[0,4,5,6,7];0:[0,4,5,6,7];22:[4];18:[2,3,4,5,6,7];2:[4,5,6,7];1:[4,5,6,7];8:[2,4,5,6];26:[4,5,6];6:[3,4,5,6,7];19:[0,4,5,6,7];17:[4,6];3:[0,2,4,5,6,7];4:[4,5,6,7];16:[0,4,6];15:[0,2,4,5,6,7];7:[0,3,4,6,7];28:[0,2,4,5,6,7];24:[0,4,5,6,7];25:[2,4,6];23:[4,6];9:[4,6];14:[2,4,5,6]","c29:bw=28,experts=[4,6]; c5:bw=30,experts=[1,4,6]; c27:bw=13,experts=[4]; c11:bw=22,experts=[4,6]; c12:bw=75,experts=[0,1,2,4,5,6,7]; c10:bw=44,experts=[4,5,6,7]; c20:bw=12,experts=[2]; c13:bw=21,experts=[4,6]; c21:bw=54,experts=[0,4,5,6,7]; c0:bw=50,experts=[0,4,5,6,7]; c22:bw=10,experts=[4]; c18:bw=60,experts=[2,3,4,5,6,7]; c2:bw=45,experts=[4,5,6,7]; c1:bw=49,experts=[4,5,6,7]; c8:bw=48,experts=[2,4,5,6]; c26:bw=39,experts=[4,5,6]; c6:bw=51,experts=[3,4,5,6,7]; c19:bw=52,experts=[0,4,5,6,7]; c17:bw=27,experts=[4,6]; c3:bw=67,experts=[0,2,4,5,6,7]; c4:bw=42,experts=[4,5,6,7]; c16:bw=35,experts=[0,4,6]; c15:bw=65,experts=[0,2,4,5,6,7]; c7:bw=58,experts=[0,3,4,6,7]; c28:bw=61,experts=[0,2,4,5,6,7]; c24:bw=57,experts=[0,4,5,6,7]; c25:bw=34,experts=[2,4,6]; c23:bw=27,experts=[4,6]; c9:bw=26,experts=[4,6]; c14:bw=46,experts=[2,4,5,6]","3.6676,3.5361,2.1037,2.4947,2.1074,3.3564,2.8208,2.3690,1.3751,1.4682,2.1716,2.2953,1.6517,1.4125,1.5299,1.4128,1.5059,1.9452,2.5001,1.7463,2.3498,2.0284,1.3347,1.5038,1.8319,1.4316,2.3759,1.5472,1.5621,1.5288"
82,2026-09-23 23:05:59,Ours,0.01,2.1985645898643353,40.69,40.69,82,58.7671,0:58.77,56.9728,0.5347,1.2514,4642.6165,1:17:22.62,30,"5,3,0,19,25,7,28,11,24,26,29,1,23,17,18,27,12,13,8,9,10,6,2,14,4,15,21,16,20,22",5:40;3:39;0:30;19:21;25:33;7:40;28:46;11:47;24:53;26:35;29:39;1:64;23:14;17:44;18:45;27:32;12:63;13:35;8:58;9:56;10:18;6:36;2:30;14:54;4:30;15:16;21:44;16:32;20:11;22:51,"5:[4,5,6,7];3:[4,5,6];0:[1,4,6];19:[3,4];25:[1,4,5];7:[4,5,6,7];28:[1,4,6,7];11:[3,4,6,7];24:[0,4,5,6,7];26:[1,4,6];29:[4,6,7];1:[0,2,4,5,6,7];23:[4];17:[2,4,5,6];18:[4,5,6,7];27:[3,4,6];12:[0,2,4,5,6,7];13:[4,6,7];8:[3,4,5,6,7];9:[3,4,5,6,7];10:[1];6:[1,4,6];2:[3,4,6];14:[0,4,5,6,7];4:[4,6,7];15:[4];21:[1,4,5,6];16:[4,6,7];20:[3];22:[0,4,5,6,7]","c5:bw=40,experts=[4,5,6,7]; c3:bw=39,experts=[4,5,6]; c0:bw=30,experts=[1,4,6]; c19:bw=21,experts=[3,4]; c25:bw=33,experts=[1,4,5]; c7:bw=40,experts=[4,5,6,7]; c28:bw=46,experts=[1,4,6,7]; c11:bw=47,experts=[3,4,6,7]; c24:bw=53,experts=[0,4,5,6,7]; c26:bw=35,experts=[1,4,6]; c29:bw=39,experts=[4,6,7]; c1:bw=64,experts=[0,2,4,5,6,7]; c23:bw=14,experts=[4]; c17:bw=44,experts=[2,4,5,6]; c18:bw=45,experts=[4,5,6,7]; c27:bw=32,experts=[3,4,6]; c12:bw=63,experts=[0,2,4,5,6,7]; c13:bw=35,experts=[4,6,7]; c8:bw=58,experts=[3,4,5,6,7]; c9:bw=56,experts=[3,4,5,6,7]; c10:bw=18,experts=[1]; c6:bw=36,experts=[1,4,6]; c2:bw=30,experts=[3,4,6]; c14:bw=54,experts=[0,4,5,6,7]; c4:bw=30,experts=[4,6,7]; c15:bw=16,experts=[4]; c21:bw=44,experts=[1,4,5,6]; c16:bw=32,experts=[4,6,7]; c20:bw=11,experts=[3]; c22:bw=51,experts=[0,4,5,6,7]","3.5425,1.7966,1.2715,1.6828,2.2887,1.4859,1.8316,2.5675,1.3933,1.2012,3.6358,1.2400,1.5667,2.2811,1.9627,2.1075,2.0633,1.8411,1.3080,1.5581,2.8793,1.2902,1.4279,1.5240,2.3556,1.3267,1.2011,2.0975,2.3821,1.8623"
83,2026-09-23 23:06:57,Ours,0.01,2.178135782247053,40.89,40.89,83,58.5823,0:58.58,56.8107,0.5113,1.257,4701.2375,1:18:21.24,30,"22,19,1,11,29,16,14,21,20,27,15,17,8,2,25,0,4,7,24,26,12,28,9,5,3,18,13,23,6,10",22:70;19:67;1:63;11:27;29:46;16:49;14:39;21:53;20:50;27:58;15:39;17:31;8:39;2:41;25:48;0:10;4:10;7:37;24:43;26:17;12:44;28:10;9:51;5:10;3:42;18:21;13:46;23:34;6:53;10:37,"22:[0,2,3,4,5,6,7];19:[0,3,4,5,6,7];1:[0,2,4,5,6,7];11:[4,6];29:[4,5,6,7];16:[4,5,6,7];14:[4,5,6];21:[0,4,5,6,7];20:[0,4,5,6,7];27:[1,4,5,6,7];15:[4,6,7];17:[4,5,6];8:[4,5,6];2:[4,5,6,7];25:[0,4,5,6];0:[3];4:[4];7:[4,6,7];24:[3,4,5,6];26:[4];12:[4,5,6,7];28:[4];9:[3,4,5,6,7];5:[4];3:[4,5,6,7];18:[0,4];13:[3,4,6,7];23:[0,4,6];6:[2,4,5,6,7];10:[4,5,6]","c22:bw=70,experts=[0,2,3,4,5,6,7]; c19:bw=67,experts=[0,3,4,5,6,7]; c1:bw=63,experts=[0,2,4,5,6,7]; c11:bw=27,experts=[4,6]; c29:bw=46,experts=[4,5,6,7]; c16:bw=49,experts=[4,5,6,7]; c14:bw=39,experts=[4,5,6]; c21:bw=53,experts=[0,4,5,6,7]; c20:bw=50,experts=[0,4,5,6,7]; c27:bw=58,experts=[1,4,5,6,7]; c15:bw=39,experts=[4,6,7]; c17:bw=31,experts=[4,5,6]; c8:bw=39,experts=[4,5,6]; c2:bw=41,experts=[4,5,6,7]; c25:bw=48,experts=[0,4,5,6]; c0:bw=10,experts=[3]; c4:bw=10,experts=[4]; c7:bw=37,experts=[4,6,7]; c24:bw=43,experts=[3,4,5,6]; c26:bw=17,experts=[4]; c12:bw=44,experts=[4,5,6,7]; c28:bw=10,experts=[4]; c9:bw=51,experts=[3,4,5,6,7]; c5:bw=10,experts=[4]; c3:bw=42,experts=[4,5,6,7]; c18:bw=21,experts=[0,4]; c13:bw=46,experts=[3,4,6,7]; c23:bw=34,experts=[0,4,6]; c6:bw=53,experts=[2,4,5,6,7]; c10:bw=37,experts=[4,5,6]","1.9082,1.7003,1.2167,2.6552,3.6225,2.0099,1.5235,1.1832,2.3536,2.1562,1.3536,2.3007,1.3211,1.4505,2.3896,1.2544,2.3513,1.4887,1.3816,1.1733,2.0618,1.8098,1.5743,3.4213,1.7543,1.9365,1.8517,1.5053,1.2639,2.8376"
84,2026-09-23 23:07:55,Ours,0.01,2.163412103880341,41.28,41.28,84,58.2425,0:58.24,56.491,0.531,1.2172,4759.5195,1:19:19.52,30,"8,12,29,13,10,16,9,14,23,3,6,15,19,0,18,22,27,1,24,21,28,2,17,25,5,7,20,26,11,4",8:67;12:45;29:12;13:30;10:10;16:47;9:20;14:45;23:58;3:32;6:10;15:75;19:22;0:10;18:55;22:67;27:21;1:58;24:37;21:10;28:30;2:36;17:43;25:17;5:20;7:47;20:64;26:38;11:50;4:27,"8:[0,3,4,5,6,7];12:[4,5,6,7];29:[2];13:[4,6,7];10:[4];16:[4,5,6,7];9:[0,4];14:[4,5,6,7];23:[1,4,5,6,7];3:[4,6,7];6:[4];15:[0,2,3,4,5,6,7];19:[4,6];0:[4];18:[0,4,5,6,7];22:[0,2,4,5,6,7];27:[4,6];1:[1,4,5,6,7];24:[2,4,6];21:[4];28:[4,5,6];2:[4,5,6];17:[4,5,6,7];25:[4];5:[4,6];7:[2,4,6,7];20:[1,3,4,5,6,7];26:[2,4,6];11:[0,4,5,6,7];4:[4,6]","c8:bw=67,experts=[0,3,4,5,6,7]; c12:bw=45,experts=[4,5,6,7]; c29:bw=12,experts=[2]; c13:bw=30,experts=[4,6,7]; c10:bw=10,experts=[4]; c16:bw=47,experts=[4,5,6,7]; c9:bw=20,experts=[0,4]; c14:bw=45,experts=[4,5,6,7]; c23:bw=58,experts=[1,4,5,6,7]; c3:bw=32,experts=[4,6,7]; c6:bw=10,experts=[4]; c15:bw=75,experts=[0,2,3,4,5,6,7]; c19:bw=22,experts=[4,6]; c0:bw=10,experts=[4]; c18:bw=55,experts=[0,4,5,6,7]; c22:bw=67,experts=[0,2,4,5,6,7]; c27:bw=21,experts=[4,6]; c1:bw=58,experts=[1,4,5,6,7]; c24:bw=37,experts=[2,4,6]; c21:bw=10,experts=[4]; c28:bw=30,experts=[4,5,6]; c2:bw=36,experts=[4,5,6]; c17:bw=43,experts=[4,5,6,7]; c25:bw=17,experts=[4]; c5:bw=20,experts=[4,6]; c7:bw=47,experts=[2,4,6,7]; c20:bw=64,experts=[1,3,4,5,6,7]; c26:bw=38,experts=[2,4,6]; c11:bw=50,experts=[0,4,5,6,7]; c4:bw=27,experts=[4,6]","1.3399,2.1005,3.7883,1.9329,2.8361,2.0391,1.5315,1.5102,1.5127,1.7687,1.2581,1.3074,1.6686,1.2387,1.9417,1.8384,2.0904,1.2111,1.4088,1.1569,1.7912,1.4093,2.2518,2.2712,3.4539,1.4620,2.3433,1.1818,2.5303,2.3163"
85,2026-09-23 23:08:53,Ours,0.01,2.1554908447905885,41.71,41.71,85,57.3989,0:57.40,55.6332,0.531,1.2314,4816.9565,1:20:16.96,30,"10,8,1,25,0,29,3,4,5,17,20,18,6,12,13,19,2,7,21,23,16,11,26,27,28,9,15,22,24,14",10:44;8:70;1:57;25:19;0:38;29:35;3:51;4:42;5:12;17:49;20:30;18:51;6:42;12:47;13:35;19:54;2:45;7:11;21:64;23:57;16:19;11:10;26:36;27:53;28:47;9:58;15:70;22:27;24:18;14:44,"10:[4,5,6,7];8:[0,2,3,4,5,6,7];1:[0,4,5,6,7];25:[3];0:[2,4,6];29:[4,5,6];3:[1,4,5,6,7];4:[4,5,6,7];5:[4];17:[1,4,5,6];20:[4,6,7];18:[0,4,5,6,7];6:[4,5,6,7];12:[0,4,5,6];13:[0,4,6];19:[2,4,5,6,7];2:[0,4,6,7];7:[4];21:[0,2,4,5,6,7];23:[0,4,5,6,7];16:[4];11:[4];26:[4,6,7];27:[0,4,5,6,7];28:[0,4,6,7];9:[0,4,5,6,7];15:[0,1,2,4,5,6,7];22:[4,6];24:[4];14:[1,4,6,7]","c10:bw=44,experts=[4,5,6,7]; c8:bw=70,experts=[0,2,3,4,5,6,7]; c1:bw=57,experts=[0,4,5,6,7]; c25:bw=19,experts=[3]; c0:bw=38,experts=[2,4,6]; c29:bw=35,experts=[4,5,6]; c3:bw=51,experts=[1,4,5,6,7]; c4:bw=42,experts=[4,5,6,7]; c5:bw=12,experts=[4]; c17:bw=49,experts=[1,4,5,6]; c20:bw=30,experts=[4,6,7]; c18:bw=51,experts=[0,4,5,6,7]; c6:bw=42,experts=[4,5,6,7]; c12:bw=47,experts=[0,4,5,6]; c13:bw=35,experts=[0,4,6]; c19:bw=54,experts=[2,4,5,6,7]; c2:bw=45,experts=[0,4,6,7]; c7:bw=11,experts=[4]; c21:bw=64,experts=[0,2,4,5,6,7]; c23:bw=57,experts=[0,4,5,6,7]; c16:bw=19,experts=[4]; c11:bw=10,experts=[4]; c26:bw=36,experts=[4,6,7]; c27:bw=53,experts=[0,4,5,6,7]; c28:bw=47,experts=[0,4,6,7]; c9:bw=58,experts=[0,4,5,6,7]; c15:bw=70,experts=[0,1,2,4,5,6,7]; c22:bw=27,experts=[4,6]; c24:bw=18,experts=[4]; c14:bw=44,experts=[1,4,6,7]","2.8451,1.3129,1.2051,2.2869,1.2326,3.5920,1.7544,2.2734,3.3514,2.1922,2.3057,1.9346,1.2744,2.0234,1.8242,1.6323,1.3968,1.4597,1.1599,1.5138,2.0059,2.4674,1.1593,2.0871,1.7679,1.5656,1.3097,1.8420,1.3630,1.4944"
86,2026-09-23 23:09:51,Ours,0.01,2.148869991149005,42.28,42.28,86,58.3005,0:58.30,56.5736,0.5149,1.2086,4875.3001,1:21:15.30,30,"9,10,16,25,29,14,27,2,22,4,8,26,12,18,24,23,3,13,1,28,11,15,20,0,6,7,17,21,5,19",9:43;10:47;16:50;25:36;29:18;14:45;27:44;2:24;22:44;4:18;8:28;26:66;12:28;18:52;24:24;23:47;3:28;13:55;1:72;28:42;11:38;15:55;20:27;0:30;6:55;7:44;17:40;21:34;5:47;19:18,"9:[1,4,5,6];10:[2,4,6,7];16:[2,4,5,6,7];25:[4,5,6];29:[0];14:[0,4,5,6];27:[0,4,5,6];2:[4,6];22:[4,5,6,7];4:[4];8:[4,6];26:[0,2,4,5,6,7];12:[4,6];18:[1,4,5,6,7];24:[4,6];23:[2,3,4,6];3:[3,4];13:[1,4,5,6,7];1:[0,2,3,4,5,6,7];28:[3,4,5,6];11:[4,6,7];15:[0,4,5,6,7];20:[4,6];0:[4,6,7];6:[0,4,5,6,7];7:[1,4,6,7];17:[4,5,6,7];21:[4,6,7];5:[4,5,6,7];19:[4]","c9:bw=43,experts=[1,4,5,6]; c10:bw=47,experts=[2,4,6,7]; c16:bw=50,experts=[2,4,5,6,7]; c25:bw=36,experts=[4,5,6]; c29:bw=18,experts=[0]; c14:bw=45,experts=[0,4,5,6]; c27:bw=44,experts=[0,4,5,6]; c2:bw=24,experts=[4,6]; c22:bw=44,experts=[4,5,6,7]; c4:bw=18,experts=[4]; c8:bw=28,experts=[4,6]; c26:bw=66,experts=[0,2,4,5,6,7]; c12:bw=28,experts=[4,6]; c18:bw=52,experts=[1,4,5,6,7]; c24:bw=24,experts=[4,6]; c23:bw=47,experts=[2,3,4,6]; c3:bw=28,experts=[3,4]; c13:bw=55,experts=[1,4,5,6,7]; c1:bw=72,experts=[0,2,3,4,5,6,7]; c28:bw=42,experts=[3,4,5,6]; c11:bw=38,experts=[4,6,7]; c15:bw=55,experts=[0,4,5,6,7]; c20:bw=27,experts=[4,6]; c0:bw=30,experts=[4,6,7]; c6:bw=55,experts=[0,4,5,6,7]; c7:bw=44,experts=[1,4,6,7]; c17:bw=40,experts=[4,5,6,7]; c21:bw=34,experts=[4,6,7]; c5:bw=47,experts=[4,5,6,7]; c19:bw=18,experts=[4]","1.6101,2.8916,2.0878,2.3705,3.6395,1.5382,2.1418,1.4332,1.8709,2.3344,1.3069,1.1579,2.0419,1.9739,1.4068,1.5308,1.7412,1.8299,1.2019,1.7984,2.5070,1.2942,2.3170,1.2510,1.2826,1.4596,2.3193,1.1629,3.4664,1.6063"
87,2026-09-23 23:10:49,Ours,0.01,2.1640077641304765,42.3,42.3,87,58.088,0:58.09,56.3126,0.5267,1.2453,4933.4276,1:22:13.43,30,"16,8,18,13,15,26,6,20,12,7,24,1,23,27,0,19,11,9,4,14,10,21,2,5,28,17,3,25,22,29",16:45;8:46;18:45;13:45;15:63;26:47;6:60;20:54;12:45;7:22;24:30;1:29;23:30;27:62;0:35;19:33;11:18;9:37;4:34;14:36;10:49;21:36;2:67;5:10;28:31;17:25;3:68;25:67;22:21;29:24,"16:[1,3,4,6];8:[1,4,6,7];18:[4,5,6,7];13:[4,5,6,7];15:[0,3,4,5,6,7];26:[4,5,6,7];6:[0,2,4,5,6,7];20:[0,2,4,6,7];12:[3,4,5,6];7:[4,6];24:[1,4,6];1:[4,6];23:[4,5,6];27:[2,3,4,5,6,7];0:[4,6,7];19:[1,4,6];11:[1];9:[4,5,6];4:[1,2,3];14:[3,4,6];10:[0,3,4,6];21:[4,6,7];2:[1,2,4,5,6,7];5:[2];28:[4,6,7];17:[4,6];3:[0,2,4,5,6,7];25:[0,2,4,5,6,7];22:[1,4];29:[3,4]","c16:bw=45,experts=[1,3,4,6]; c8:bw=46,experts=[1,4,6,7]; c18:bw=45,experts=[4,5,6,7]; c13:bw=45,experts=[4,5,6,7]; c15:bw=63,experts=[0,3,4,5,6,7]; c26:bw=47,experts=[4,5,6,7]; c6:bw=60,experts=[0,2,4,5,6,7]; c20:bw=54,experts=[0,2,4,6,7]; c12:bw=45,experts=[3,4,5,6]; c7:bw=22,experts=[4,6]; c24:bw=30,experts=[1,4,6]; c1:bw=29,experts=[4,6]; c23:bw=30,experts=[4,5,6]; c27:bw=62,experts=[2,3,4,5,6,7]; c0:bw=35,experts=[4,6,7]; c19:bw=33,experts=[1,4,6]; c11:bw=18,experts=[1]; c9:bw=37,experts=[4,5,6]; c4:bw=34,experts=[1,2,3]; c14:bw=36,experts=[3,4,6]; c10:bw=49,experts=[0,3,4,6]; c21:bw=36,experts=[4,6,7]; c2:bw=67,experts=[1,2,4,5,6,7]; c5:bw=10,experts=[2]; c28:bw=31,experts=[4,6,7]; c17:bw=25,experts=[4,6]; c3:bw=68,experts=[0,2,4,5,6,7]; c25:bw=67,experts=[0,2,4,5,6,7]; c22:bw=21,experts=[1,4]; c29:bw=24,experts=[3,4]","2.0125,1.3282,1.9854,1.8836,1.3194,1.1982,1.2817,2.3479,2.0652,1.4997,1.4118,1.2013,1.4923,2.0810,1.2218,1.6383,2.4998,1.5184,2.2749,1.5042,2.8699,1.1727,1.4426,3.4454,1.7935,2.2670,1.7664,2.3339,1.8195,3.6361"
88,2026-09-23 23:11:48,Ours,0.01,2.1397829940930166,42.87,42.87,88,58.1752,0:58.18,56.4237,0.5204,1.2217,4991.6461,1:23:11.65,30,"21,11,6,20,7,4,16,14,8,10,28,18,12,15,5,22,23,24,3,0,27,9,25,19,13,17,2,29,26,1",21:42;11:10;6:27;20:41;7:41;4:38;16:30;14:10;8:43;10:71;28:24;18:22;12:61;15:60;5:30;22:57;23:52;24:36;3:33;0:62;27:40;9:31;25:26;19:23;13:34;17:30;2:46;29:16;26:69;1:28,"21:[3,4,6,7];11:[2];6:[4,6];20:[0,4,5,6];7:[4,5,6,7];4:[0,4,6];16:[4,6,7];14:[4];8:[3,4,6,7];10:[0,2,3,4,5,6,7];28:[4,6];18:[4,6];12:[0,3,4,5,6,7];15:[2,3,4,5,6,7];5:[0,3,4];22:[0,4,5,6,7];23:[0,4,5,6,7];24:[4,5,6];3:[4,6,7];0:[2,3,4,5,6,7];27:[4,5,6,7];9:[2,4,6];25:[4,6];19:[4,6];13:[2,4,6];17:[0,3,4];2:[4,5,6,7];29:[1];26:[0,3,4,5,6,7];1:[4,6]","c21:bw=42,experts=[3,4,6,7]; c11:bw=10,experts=[2]; c6:bw=27,experts=[4,6]; c20:bw=41,experts=[0,4,5,6]; c7:bw=41,experts=[4,5,6,7]; c4:bw=38,experts=[0,4,6]; c16:bw=30,experts=[4,6,7]; c14:bw=10,experts=[4]; c8:bw=43,experts=[3,4,6,7]; c10:bw=71,experts=[0,2,3,4,5,6,7]; c28:bw=24,experts=[4,6]; c18:bw=22,experts=[4,6]; c12:bw=61,experts=[0,3,4,5,6,7]; c15:bw=60,experts=[2,3,4,5,6,7]; c5:bw=30,experts=[0,3,4]; c22:bw=57,experts=[0,4,5,6,7]; c23:bw=52,experts=[0,4,5,6,7]; c24:bw=36,experts=[4,5,6]; c3:bw=33,experts=[4,6,7]; c0:bw=62,experts=[2,3,4,5,6,7]; c27:bw=40,experts=[4,5,6,7]; c9:bw=31,experts=[2,4,6]; c25:bw=26,experts=[4,6]; c19:bw=23,experts=[4,6]; c13:bw=34,experts=[2,4,6]; c17:bw=30,experts=[0,3,4]; c2:bw=46,experts=[4,5,6,7]; c29:bw=16,experts=[1]; c26:bw=69,experts=[0,3,4,5,6,7]; c1:bw=28,experts=[4,6]","1.2145,2.5870,1.3074,2.3808,1.5234,2.3830,2.0646,1.4970,1.3372,2.8807,1.8452,1.9637,2.0577,1.2862,3.4146,1.8211,1.4900,1.3455,1.7371,1.2295,2.1298,1.5392,2.2719,1.6291,1.7863,2.1926,1.4106,3.7043,1.1874,1.2062"
89,2026-09-23 23:12:46,Ours,0.01,2.1329374260291387,43.12,43.12,89,58.1457,0:58.15,56.3769,0.5292,1.2363,5049.8323,1:24:09.83,30,"22,26,16,21,23,15,0,6,7,28,18,27,8,9,20,2,4,1,10,5,17,19,13,25,11,12,29,14,24,3",22:42;26:10;16:50;21:28;23:24;15:61;0:13;6:32;7:21;28:20;18:55;27:10;8:74;9:60;20:31;2:44;4:30;1:41;10:28;5:46;17:40;19:16;13:10;25:17;11:36;12:34;29:14;14:30;24:58;3:31,"22:[4,5,6,7];26:[4];16:[0,3,4,6,7];21:[4,6];23:[4,6];15:[0,2,4,5,6,7];0:[0];6:[3,4,6];7:[0,3];28:[2,4];18:[2,3,4,5,6];27:[4];8:[0,2,3,4,5,6,7];9:[0,2,4,5,6,7];20:[4,6,7];2:[4,5,6,7];4:[4,5,6];1:[4,5,6,7];10:[4,6];5:[1,4,6,7];17:[4,5,6,7];19:[4];13:[4];25:[4];11:[4,6,7];12:[1,4,6];29:[4];14:[2,4,6];24:[0,4,5,6,7];3:[4,6,7]","c22:bw=42,experts=[4,5,6,7]; c26:bw=10,experts=[4]; c16:bw=50,experts=[0,3,4,6,7]; c21:bw=28,experts=[4,6]; c23:bw=24,experts=[4,6]; c15:bw=61,experts=[0,2,4,5,6,7]; c0:bw=13,experts=[0]; c6:bw=32,experts=[3,4,6]; c7:bw=21,experts=[0,3]; c28:bw=20,experts=[2,4]; c18:bw=55,experts=[2,3,4,5,6]; c27:bw=10,experts=[4]; c8:bw=74,experts=[0,2,3,4,5,6,7]; c9:bw=60,experts=[0,2,4,5,6,7]; c20:bw=31,experts=[4,6,7]; c2:bw=44,experts=[4,5,6,7]; c4:bw=30,experts=[4,5,6]; c1:bw=41,experts=[4,5,6,7]; c10:bw=28,experts=[4,6]; c5:bw=46,experts=[1,4,6,7]; c17:bw=40,experts=[4,5,6,7]; c19:bw=16,experts=[4]; c13:bw=10,experts=[4]; c25:bw=17,experts=[4]; c11:bw=36,experts=[4,6,7]; c12:bw=34,experts=[1,4,6]; c29:bw=14,experts=[4]; c14:bw=30,experts=[2,4,6]; c24:bw=58,experts=[0,4,5,6,7]; c3:bw=31,experts=[4,6,7]","1.8309,1.1711,2.0229,1.2177,1.5732,1.3582,1.2427,1.2799,1.4826,1.7986,1.9305,2.0703,1.3100,1.5429,2.3127,1.4047,2.3370,1.1910,2.7953,3.4209,2.2029,1.6542,1.8345,2.3106,2.5421,2.0422,3.6625,1.5736,1.4271,1.8341"
90,2026-09-23 23:13:44,Ours,0.01,2.118006528169057,43.37,43.37,90,58.1427,0:58.14,56.3374,0.5864,1.2157,5108.0187,1:25:08.02,30,"8,23,10,2,19,24,17,9,1,29,5,28,14,12,21,11,20,4,16,7,26,22,3,0,25,15,6,18,13,27",8:50;23:44;10:10;2:21;19:15;24:43;17:22;9:63;1:31;29:17;5:27;28:44;14:16;12:43;21:66;11:41;20:56;4:35;16:57;7:72;26:55;22:31;3:36;0:64;25:51;15:61;6:26;18:50;13:65;27:27,"8:[0,4,5,6,7];23:[3,4,6,7];10:[1];2:[3,4];19:[4];24:[3,4,6,7];17:[2,4];9:[0,2,4,5,6,7];1:[4,6,7];29:[4];5:[4,6];28:[1,4,5,6];14:[4];12:[2,4,5,6];21:[0,1,4,5,6,7];11:[3,4,6,7];20:[0,4,5,6,7];4:[4,6,7];16:[0,4,5,6,7];7:[0,2,3,4,5,6,7];26:[1,4,5,6,7];22:[4,6,7];3:[4,6,7];0:[0,1,3,4,6,7];25:[1,4,5,6,7];15:[0,3,4,5,6,7];6:[1,4];18:[0,4,5,6,7];13:[0,2,4,5,6,7];27:[4,6]","c8:bw=50,experts=[0,4,5,6,7]; c23:bw=44,experts=[3,4,6,7]; c10:bw=10,experts=[1]; c2:bw=21,experts=[3,4]; c19:bw=15,experts=[4]; c24:bw=43,experts=[3,4,6,7]; c17:bw=22,experts=[2,4]; c9:bw=63,experts=[0,2,4,5,6,7]; c1:bw=31,experts=[4,6,7]; c29:bw=17,experts=[4]; c5:bw=27,experts=[4,6]; c28:bw=44,experts=[1,4,5,6]; c14:bw=16,experts=[4]; c12:bw=43,experts=[2,4,5,6]; c21:bw=66,experts=[0,1,4,5,6,7]; c11:bw=41,experts=[3,4,6,7]; c20:bw=56,experts=[0,4,5,6,7]; c4:bw=35,experts=[4,6,7]; c16:bw=57,experts=[0,4,5,6,7]; c7:bw=72,experts=[0,2,3,4,5,6,7]; c26:bw=55,experts=[1,4,5,6,7]; c22:bw=31,experts=[4,6,7]; c3:bw=36,experts=[4,6,7]; c0:bw=64,experts=[0,1,3,4,6,7]; c25:bw=51,experts=[1,4,5,6,7]; c15:bw=61,experts=[0,3,4,5,6,7]; c6:bw=26,experts=[1,4]; c18:bw=50,experts=[0,4,5,6,7]; c13:bw=65,experts=[0,2,4,5,6,7]; c27:bw=27,experts=[4,6]","1.3284,1.5115,2.8627,1.4244,1.6906,1.4468,2.2792,1.6012,1.2530,3.7045,3.4952,1.7901,1.5018,2.0243,1.1673,2.5243,2.2687,2.3087,1.9979,1.4573,1.1719,1.8274,1.7408,1.2454,2.3161,1.3182,1.2596,1.9333,1.8181,2.0686"
91,2026-09-23 23:14:42,Ours,0.01,2.095948622052592,43.53,43.53,91,58.0082,0:58.01,56.2423,0.5244,1.2316,5166.0658,1:26:06.07,30,"7,19,2,18,3,16,8,10,11,29,24,17,15,12,0,23,26,9,14,5,20,1,22,25,28,4,6,13,21,27",7:51;19:51;2:11;18:13;3:40;16:24;8:23;10:49;11:67;29:14;24:41;17:63;15:45;12:62;0:22;23:22;26:63;9:35;14:42;5:52;20:20;1:50;22:21;25:49;28:42;4:54;6:29;13:46;21:46;27:46,"7:[3,4,5,6,7];19:[0,3,4,6,7];2:[4];18:[4];3:[4,5,6,7];16:[4,6];8:[4,6];10:[0,4,5,6];11:[0,2,4,5,6,7];29:[7];24:[4,5,6,7];17:[0,3,4,5,6,7];15:[3,4,6,7];12:[0,3,4,5,6,7];0:[4,6];23:[4,6];26:[0,3,4,5,6,7];9:[3,4,6];14:[4,5,6,7];5:[0,4,5,6,7];20:[4,6];1:[2,4,5,6,7];22:[3,4];25:[4,5,6,7];28:[0,4,6,7];4:[0,4,5,6,7];6:[4,6];13:[3,4,6,7];21:[0,4,6,7];27:[1,4,5,6]","c7:bw=51,experts=[3,4,5,6,7]; c19:bw=51,experts=[0,3,4,6,7]; c2:bw=11,experts=[4]; c18:bw=13,experts=[4]; c3:bw=40,experts=[4,5,6,7]; c16:bw=24,experts=[4,6]; c8:bw=23,experts=[4,6]; c10:bw=49,experts=[0,4,5,6]; c11:bw=67,experts=[0,2,4,5,6,7]; c29:bw=14,experts=[7]; c24:bw=41,experts=[4,5,6,7]; c17:bw=63,experts=[0,3,4,5,6,7]; c15:bw=45,experts=[3,4,6,7]; c12:bw=62,experts=[0,3,4,5,6,7]; c0:bw=22,experts=[4,6]; c23:bw=22,experts=[4,6]; c26:bw=63,experts=[0,3,4,5,6,7]; c9:bw=35,experts=[3,4,6]; c14:bw=42,experts=[4,5,6,7]; c5:bw=52,experts=[0,4,5,6,7]; c20:bw=20,experts=[4,6]; c1:bw=50,experts=[2,4,5,6,7]; c22:bw=21,experts=[3,4]; c25:bw=49,experts=[4,5,6,7]; c28:bw=42,experts=[0,4,6,7]; c4:bw=54,experts=[0,4,5,6,7]; c6:bw=29,experts=[4,6]; c13:bw=46,experts=[3,4,6,7]; c21:bw=46,experts=[0,4,6,7]; c27:bw=46,experts=[1,4,5,6]","1.4880,1.6699,1.4248,1.9692,1.7803,2.0715,1.3199,2.8531,2.5528,3.6587,1.3944,2.2337,1.3213,2.0322,1.2228,1.5232,1.1897,1.5613,1.5285,3.3905,2.2466,1.1782,1.8030,2.3444,1.7894,2.3328,1.2672,1.8387,1.1595,2.0969"
92,2026-09-23 23:15:40,Ours,0.01,2.1060483767915477,44.04,44.04,92,58.1122,0:58.11,56.3457,0.5361,1.2272,5224.2231,1:27:04.22,30,"14,21,25,28,13,6,18,16,0,11,4,9,5,24,23,12,8,2,7,17,15,26,1,3,29,22,19,20,10,27",14:30;21:57;25:30;28:40;13:17;6:45;18:37;16:14;0:29;11:15;4:26;9:56;5:66;24:33;23:19;12:48;8:19;2:25;7:34;17:32;15:19;26:46;1:20;3:28;29:35;22:44;19:54;20:56;10:37;27:63,"14:[4,6,7];21:[0,4,5,6,7];25:[4,6,7];28:[4,5,6,7];13:[4];6:[4,5,6,7];18:[4,6,7];16:[4];0:[4,6];11:[4];4:[4,6];9:[0,4,5,6,7];5:[0,2,4,5,6,7];24:[2,4,6];23:[1];12:[4,5,6,7];8:[4];2:[4,6];7:[4,5,6];17:[4,5,6];15:[4];26:[0,4,6,7];1:[1,4];3:[4,6];29:[2,4,6];22:[2,4,5,6];19:[0,4,5,6,7];20:[1,3,4,6,7];10:[4,6,7];27:[0,2,4,5,6,7]","c14:bw=30,experts=[4,6,7]; c21:bw=57,experts=[0,4,5,6,7]; c25:bw=30,experts=[4,6,7]; c28:bw=40,experts=[4,5,6,7]; c13:bw=17,experts=[4]; c6:bw=45,experts=[4,5,6,7]; c18:bw=37,experts=[4,6,7]; c16:bw=14,experts=[4]; c0:bw=29,experts=[4,6]; c11:bw=15,experts=[4]; c4:bw=26,experts=[4,6]; c9:bw=56,experts=[0,4,5,6,7]; c5:bw=66,experts=[0,2,4,5,6,7]; c24:bw=33,experts=[2,4,6]; c23:bw=19,experts=[1]; c12:bw=48,experts=[4,5,6,7]; c8:bw=19,experts=[4]; c2:bw=25,experts=[4,6]; c7:bw=34,experts=[4,5,6]; c17:bw=32,experts=[4,5,6]; c15:bw=19,experts=[4]; c26:bw=46,experts=[0,4,6,7]; c1:bw=20,experts=[1,4]; c3:bw=28,experts=[4,6]; c29:bw=35,experts=[2,4,6]; c22:bw=44,experts=[2,4,5,6]; c19:bw=54,experts=[0,4,5,6,7]; c20:bw=56,experts=[1,3,4,6,7]; c10:bw=37,experts=[4,6,7]; c27:bw=63,experts=[0,2,4,5,6,7]","1.5126,1.1782,2.3618,1.8351,1.8587,1.3005,1.9849,2.0336,1.2524,2.5375,2.4073,1.5732,3.5187,1.3982,1.5680,2.0964,1.3128,1.4297,1.4868,2.2258,1.3462,1.1407,1.1841,1.6702,3.4819,1.7512,1.6265,2.3024,2.8658,2.1046"
93,2026-09-23 23:16:38,Ours,0.01,2.074912677579401,44.07,44.07,93,57.5296,0:57.53,55.8375,0.4902,1.1988,5281.7963,1:28:01.80,30,"21,8,3,5,29,26,13,22,25,27,4,2,12,19,6,11,18,14,16,23,24,1,10,20,7,17,9,0,28,15",21:34;8:10;3:31;5:10;29:47;26:61;13:63;22:14;25:52;27:39;4:32;2:51;12:52;19:39;6:22;11:32;18:23;14:25;16:46;23:22;24:50;1:47;10:15;20:57;7:22;17:32;9:58;0:19;28:47;15:36,"21:[2,4,6];8:[4];3:[1,4,6];5:[4];29:[4,5,6,7];26:[0,2,4,5,6,7];13:[0,3,4,5,6,7];22:[4];25:[3,4,5,6,7];27:[4,5,6];4:[4,6,7];2:[0,4,5,6,7];12:[2,3,4,6,7];19:[2,4,6];6:[4,6];11:[4,5,6];18:[4,6];14:[1,4];16:[3,4,6,7];23:[4,6];24:[0,4,5,6,7];1:[4,5,6,7];10:[4];20:[0,4,5,6,7];7:[4,6];17:[1,4,6];9:[0,4,5,6,7];0:[4];28:[3,4,6,7];15:[1,4,6]","c21:bw=34,experts=[2,4,6]; c8:bw=10,experts=[4]; c3:bw=31,experts=[1,4,6]; c5:bw=10,experts=[4]; c29:bw=47,experts=[4,5,6,7]; c26:bw=61,experts=[0,2,4,5,6,7]; c13:bw=63,experts=[0,3,4,5,6,7]; c22:bw=14,experts=[4]; c25:bw=52,experts=[3,4,5,6,7]; c27:bw=39,experts=[4,5,6]; c4:bw=32,experts=[4,6,7]; c2:bw=51,experts=[0,4,5,6,7]; c12:bw=52,experts=[2,3,4,6,7]; c19:bw=39,experts=[2,4,6]; c6:bw=22,experts=[4,6]; c11:bw=32,experts=[4,5,6]; c18:bw=23,experts=[4,6]; c14:bw=25,experts=[1,4]; c16:bw=46,experts=[3,4,6,7]; c23:bw=22,experts=[4,6]; c24:bw=50,experts=[0,4,5,6,7]; c1:bw=47,experts=[4,5,6,7]; c10:bw=15,experts=[4]; c20:bw=57,experts=[0,4,5,6,7]; c7:bw=22,experts=[4,6]; c17:bw=32,experts=[1,4,6]; c9:bw=58,experts=[0,4,5,6,7]; c0:bw=19,experts=[4]; c28:bw=47,experts=[3,4,6,7]; c15:bw=36,experts=[1,4,6]","1.1652,1.3307,1.7502,3.4470,3.6831,1.1982,1.8833,1.8297,2.3638,2.0779,2.3176,1.3976,2.0604,1.6626,1.2675,2.4991,1.9545,1.4755,2.0216,1.5061,1.3808,1.2086,2.7267,2.2560,1.4210,2.1612,1.5287,1.2023,1.7683,1.2921"
94,2026-09-23 23:17:35,Ours,0.01,2.079348189045418,45.04,45.04,94,57.3779,0:57.38,55.6554,0.5279,1.1914,5339.2152,1:28:59.22,30,"27,26,21,28,1,11,8,17,0,12,15,22,5,18,25,9,24,6,14,10,3,13,7,20,19,4,16,29,2,23",27:26;26:55;21:30;28:60;1:70;11:48;8:10;17:12;0:55;12:14;15:40;22:52;5:41;18:47;25:18;9:50;24:39;6:30;14:38;10:61;3:34;13:44;7:45;20:10;19:48;4:31;16:28;29:10;2:65;23:38,"27:[4,6];26:[0,4,5,6,7];21:[4,6,7];28:[0,2,4,5,6,7];1:[0,2,3,4,5,6,7];11:[0,4,6,7];8:[4];17:[4];0:[0,4,5,6,7];12:[4];15:[4,5,6,7];22:[0,4,5,6,7];5:[3,4,6,7];18:[1,4,5,6];25:[4];9:[0,1,4,6,7];24:[4,6,7];6:[4,6,7];14:[0,4,6];10:[0,2,4,5,6,7];3:[3,4,6];13:[1,4,6,7];7:[1,4,6,7];20:[4];19:[4,5,6,7];4:[4,6,7];16:[2,4];29:[0];2:[0,2,4,5,6,7];23:[2,4,6]","c27:bw=26,experts=[4,6]; c26:bw=55,experts=[0,4,5,6,7]; c21:bw=30,experts=[4,6,7]; c28:bw=60,experts=[0,2,4,5,6,7]; c1:bw=70,experts=[0,2,3,4,5,6,7]; c11:bw=48,experts=[0,4,6,7]; c8:bw=10,experts=[4]; c17:bw=12,experts=[4]; c0:bw=55,experts=[0,4,5,6,7]; c12:bw=14,experts=[4]; c15:bw=40,experts=[4,5,6,7]; c22:bw=52,experts=[0,4,5,6,7]; c5:bw=41,experts=[3,4,6,7]; c18:bw=47,experts=[1,4,5,6]; c25:bw=18,experts=[4]; c9:bw=50,experts=[0,1,4,6,7]; c24:bw=39,experts=[4,6,7]; c6:bw=30,experts=[4,6,7]; c14:bw=38,experts=[0,4,6]; c10:bw=61,experts=[0,2,4,5,6,7]; c3:bw=34,experts=[3,4,6]; c13:bw=44,experts=[1,4,6,7]; c7:bw=45,experts=[1,4,6,7]; c20:bw=10,experts=[4]; c19:bw=48,experts=[4,5,6,7]; c4:bw=31,experts=[4,6,7]; c16:bw=28,experts=[2,4]; c29:bw=10,experts=[0]; c2:bw=65,experts=[0,2,4,5,6,7]; c23:bw=38,experts=[2,4,6]","2.0713,1.1625,1.1634,1.7826,1.2033,2.5127,1.2844,2.2235,1.2154,2.0375,1.2937,1.8102,3.4680,1.9955,2.3502,1.5408,1.3699,1.2755,1.4835,2.8016,1.7333,1.8354,1.4777,2.2882,1.6533,2.2690,1.9935,3.5138,1.3950,1.4504"
95,2026-09-23 23:18:33,Ours,0.01,2.1102708342731926,44.86,45.04,94,57.5104,0:57.51,55.7719,0.5428,1.1923,5396.7669,1:29:56.77,30,"26,6,2,19,15,24,14,23,0,21,10,29,18,4,12,5,1,7,11,27,20,9,17,22,25,8,13,28,3,16",26:28;6:40;2:23;19:42;15:34;24:33;14:49;23:32;0:35;21:46;10:42;29:48;18:28;4:15;12:10;5:10;1:31;7:59;11:10;27:10;20:56;9:42;17:47;22:10;25:36;8:76;13:59;28:30;3:41;16:24,"26:[4,6];6:[0,2,4,6];2:[1,4];19:[1,4,6,7];15:[4,5,6];24:[1,4,6];14:[3,4,6,7];23:[4,6,7];0:[4,6,7];21:[2,4,6,7];10:[4,5,6,7];29:[3,4,6,7];18:[4,6];4:[1];12:[4];5:[4];1:[4,6,7];7:[2,4,5,6,7];11:[1];27:[3];20:[2,4,5,6,7];9:[4,5,6,7];17:[4,5,6,7];22:[1];25:[0,2,4];8:[0,1,3,4,5,6,7];13:[0,4,5,6,7];28:[4,6,7];3:[0,2,4,6];16:[1,4]","c26:bw=28,experts=[4,6]; c6:bw=40,experts=[0,2,4,6]; c2:bw=23,experts=[1,4]; c19:bw=42,experts=[1,4,6,7]; c15:bw=34,experts=[4,5,6]; c24:bw=33,experts=[1,4,6]; c14:bw=49,experts=[3,4,6,7]; c23:bw=32,experts=[4,6,7]; c0:bw=35,experts=[4,6,7]; c21:bw=46,experts=[2,4,6,7]; c10:bw=42,experts=[4,5,6,7]; c29:bw=48,experts=[3,4,6,7]; c18:bw=28,experts=[4,6]; c4:bw=15,experts=[1]; c12:bw=10,experts=[4]; c5:bw=10,experts=[4]; c1:bw=31,experts=[4,6,7]; c7:bw=59,experts=[2,4,5,6,7]; c11:bw=10,experts=[1]; c27:bw=10,experts=[3]; c20:bw=56,experts=[2,4,5,6,7]; c9:bw=42,experts=[4,5,6,7]; c17:bw=47,experts=[4,5,6,7]; c22:bw=10,experts=[1]; c25:bw=36,experts=[0,2,4]; c8:bw=76,experts=[0,1,3,4,5,6,7]; c13:bw=59,experts=[0,4,5,6,7]; c28:bw=30,experts=[4,6,7]; c3:bw=41,experts=[0,2,4,6]; c16:bw=24,experts=[1,4]","1.1547,1.2489,1.3814,1.6264,1.2846,1.3562,1.4777,1.5254,1.2377,1.2015,2.9101,3.6674,1.9595,2.3590,2.0647,3.4455,1.2264,1.4577,2.5198,2.1063,2.2812,1.5502,2.2069,1.7787,2.2872,1.3124,1.7942,1.7240,1.6718,1.9543"
96,2026-09-23 23:19:30,Ours,0.01,2.0884352005688473,44.88,45.04,94,57.6017,0:57.60,55.8971,0.5085,1.1927,5454.4142,1:30:54.41,30,"15,10,12,23,26,3,22,5,9,7,14,4,1,8,28,0,6,2,16,13,18,11,20,29,19,21,17,24,25,27",15:78;10:53;12:71;23:27;26:60;3:46;22:55;5:60;9:44;7:50;14:10;4:49;1:36;8:64;28:38;0:36;6:31;2:65;16:72;13:55;18:29;11:44;20:37;29:55;19:38;21:17;17:35;24:45;25:29;27:43,"15:[0,2,3,4,5,6,7];10:[3,4,5,6,7];12:[0,2,3,4,5,6,7];23:[0,5];26:[0,2,4,5,6,7];3:[2,4,5,6];22:[0,4,5,6,7];5:[0,3,4,5,6,7];9:[4,5,6,7];7:[0,3,4,6,7];14:[4];4:[2,3,4,6];1:[4,6,7];8:[0,3,4,5,6,7];28:[4,6,7];0:[2,4,6];6:[4,5,6];2:[0,2,4,5,6,7];16:[0,2,3,4,5,6,7];13:[2,4,5,6,7];18:[4,6];11:[0,4,6,7];20:[4,5,6];29:[1,4,5,6,7];19:[4,6,7];21:[3];17:[4,5,6];24:[4,5,6,7];25:[4,6];27:[4,5,6,7]","c15:bw=78,experts=[0,2,3,4,5,6,7]; c10:bw=53,experts=[3,4,5,6,7]; c12:bw=71,experts=[0,2,3,4,5,6,7]; c23:bw=27,experts=[0,5]; c26:bw=60,experts=[0,2,4,5,6,7]; c3:bw=46,experts=[2,4,5,6]; c22:bw=55,experts=[0,4,5,6,7]; c5:bw=60,experts=[0,3,4,5,6,7]; c9:bw=44,experts=[4,5,6,7]; c7:bw=50,experts=[0,3,4,6,7]; c14:bw=10,experts=[4]; c4:bw=49,experts=[2,3,4,6]; c1:bw=36,experts=[4,6,7]; c8:bw=64,experts=[0,3,4,5,6,7]; c28:bw=38,experts=[4,6,7]; c0:bw=36,experts=[2,4,6]; c6:bw=31,experts=[4,5,6]; c2:bw=65,experts=[0,2,4,5,6,7]; c16:bw=72,experts=[0,2,3,4,5,6,7]; c13:bw=55,experts=[2,4,5,6,7]; c18:bw=29,experts=[4,6]; c11:bw=44,experts=[0,4,6,7]; c20:bw=37,experts=[4,5,6]; c29:bw=55,experts=[1,4,5,6,7]; c19:bw=38,experts=[4,6,7]; c21:bw=17,experts=[3]; c17:bw=35,experts=[4,5,6]; c24:bw=45,experts=[4,5,6,7]; c25:bw=29,experts=[4,6]; c27:bw=43,experts=[4,5,6,7]","1.3076,2.8426,2.0529,1.5046,1.1608,1.7562,1.8291,3.4808,1.5803,1.5032,1.4840,2.3638,1.2198,1.3146,1.7710,1.2112,1.2553,1.4045,2.0217,1.8275,1.9333,2.4862,2.2890,3.5714,1.6352,1.1451,2.1997,1.3900,2.3013,2.0542"
97,2026-09-23 23:20:28,Ours,0.01,2.049813299680349,45.2,45.2,97,57.8398,0:57.84,56.0816,0.5335,1.2213,5512.2948,1:31:52.29,30,"8,28,23,27,3,13,6,9,15,2,7,0,16,4,29,5,26,11,18,22,25,19,14,20,1,17,12,21,24,10",8:43;28:20;23:10;27:34;3:35;13:51;6:50;9:43;15:59;2:54;7:30;0:41;16:54;4:16;29:33;5:46;26:71;11:22;18:70;22:32;25:44;19:30;14:23;20:42;1:50;17:54;12:13;21:35;24:46;10:51,"8:[2,4,6,7];28:[4,6];23:[4];27:[4,5,6];3:[4,5,6];13:[2,4,5,6,7];6:[3,4,5,6,7];9:[4,5,6,7];15:[2,4,5,6,7];2:[2,4,5,6,7];7:[4,5,6];0:[0,4,6,7];16:[0,4,5,6,7];4:[4];29:[4,5,6];5:[1,4,6,7];26:[0,2,3,4,5,6,7];11:[4,6];18:[0,2,3,4,5,6,7];22:[4,5,6];25:[4,5,6,7];19:[4,5,6];14:[2,4];20:[4,5,6,7];1:[2,4,5,6,7];17:[2,4,5,6,7];12:[1];21:[4,6,7];24:[4,5,6,7];10:[0,4,5,6,7]","c8:bw=43,experts=[2,4,6,7]; c28:bw=20,experts=[4,6]; c23:bw=10,experts=[4]; c27:bw=34,experts=[4,5,6]; c3:bw=35,experts=[4,5,6]; c13:bw=51,experts=[2,4,5,6,7]; c6:bw=50,experts=[3,4,5,6,7]; c9:bw=43,experts=[4,5,6,7]; c15:bw=59,experts=[2,4,5,6,7]; c2:bw=54,experts=[2,4,5,6,7]; c7:bw=30,experts=[4,5,6]; c0:bw=41,experts=[0,4,6,7]; c16:bw=54,experts=[0,4,5,6,7]; c4:bw=16,experts=[4]; c29:bw=33,experts=[4,5,6]; c5:bw=46,experts=[1,4,6,7]; c26:bw=71,experts=[0,2,3,4,5,6,7]; c11:bw=22,experts=[4,6]; c18:bw=70,experts=[0,2,3,4,5,6,7]; c22:bw=32,experts=[4,5,6]; c25:bw=44,experts=[4,5,6,7]; c19:bw=30,experts=[4,5,6]; c14:bw=23,experts=[2,4]; c20:bw=42,experts=[4,5,6,7]; c1:bw=50,experts=[2,4,5,6,7]; c17:bw=54,experts=[2,4,5,6,7]; c12:bw=13,experts=[1]; c21:bw=35,experts=[4,6,7]; c24:bw=46,experts=[4,5,6,7]; c10:bw=51,experts=[0,4,5,6,7]","1.2702,1.7507,1.4670,2.0603,1.7625,1.8453,1.2739,1.5352,1.2966,1.3966,1.4644,1.2264,2.0001,2.2783,3.5942,3.4536,1.1871,2.6038,2.0223,1.7936,2.3282,1.6367,1.4984,2.3650,1.2083,2.2941,2.0330,1.1836,1.3987,2.8535"
98,2026-09-23 23:21:27,Ours,0.01,2.0482920160768985,45.57,45.57,98,58.8816,0:58.88,57.0824,0.5302,1.2584,5571.2234,1:32:51.22,30,"5,21,12,17,18,13,16,24,6,20,28,8,10,1,26,19,23,3,22,2,29,11,0,27,15,25,9,7,14,4",5:49;21:22;12:16;17:17;18:32;13:31;16:41;24:48;6:36;20:36;28:52;8:54;10:45;1:26;26:54;19:45;23:40;3:25;22:34;2:24;29:47;11:10;0:33;27:41;15:17;25:55;9:27;7:24;14:67;4:52,"5:[4,5,6,7];21:[1,4];12:[4];17:[4];18:[4,5,6];13:[4,6,7];16:[4,5,6,7];24:[3,4,5,6];6:[1,4,6];20:[4,6,7];28:[1,4,5,6,7];8:[0,4,5,6,7];10:[1,4,5,6];1:[4,6];26:[0,1,4,6,7];19:[4,5,6,7];23:[3,4,5,6];3:[4,6];22:[4,6,7];2:[3,4];29:[4,5,6,7];11:[3];0:[1,3,4];27:[4,5,6,7];15:[4];25:[1,4,5,6,7];9:[2,4];7:[4,6];14:[0,2,4,5,6,7];4:[0,4,5,6,7]","c5:bw=49,experts=[4,5,6,7]; c21:bw=22,experts=[1,4]; c12:bw=16,experts=[4]; c17:bw=17,experts=[4]; c18:bw=32,experts=[4,5,6]; c13:bw=31,experts=[4,6,7]; c16:bw=41,experts=[4,5,6,7]; c24:bw=48,experts=[3,4,5,6]; c6:bw=36,experts=[1,4,6]; c20:bw=36,experts=[4,6,7]; c28:bw=52,experts=[1,4,5,6,7]; c8:bw=54,experts=[0,4,5,6,7]; c10:bw=45,experts=[1,4,5,6]; c1:bw=26,experts=[4,6]; c26:bw=54,experts=[0,1,4,6,7]; c19:bw=45,experts=[4,5,6,7]; c23:bw=40,experts=[3,4,5,6]; c3:bw=25,experts=[4,6]; c22:bw=34,experts=[4,6,7]; c2:bw=24,experts=[3,4]; c29:bw=47,experts=[4,5,6,7]; c11:bw=10,experts=[3]; c0:bw=33,experts=[1,3,4]; c27:bw=41,experts=[4,5,6,7]; c15:bw=17,experts=[4]; c25:bw=55,experts=[1,4,5,6,7]; c9:bw=27,experts=[2,4]; c7:bw=24,experts=[4,6]; c14:bw=67,experts=[0,2,4,5,6,7]; c4:bw=52,experts=[0,4,5,6,7]","3.5100,1.1464,2.1044,2.2417,1.9902,1.8877,2.1010,1.4089,1.3119,2.4080,1.8636,1.3519,2.8981,1.2243,1.2089,1.7082,1.5479,1.7667,1.8589,1.4363,3.6036,2.4827,1.2582,2.1276,1.3305,2.3415,1.5365,1.5106,1.5307,2.3856"
99,2026-09-23 23:22:26,Ours,0.01,2.060876447542876,45.7,45.7,99,58.9763,0:58.98,57.1952,0.5375,1.2402,5630.2458,1:33:50.25,30,"6,12,0,8,20,29,14,22,17,18,23,28,26,4,2,7,5,15,10,1,24,13,16,11,27,25,9,21,3,19",6:35;12:34;0:40;8:34;20:26;29:57;14:33;22:18;17:43;18:55;23:33;28:28;26:18;4:24;2:31;7:45;5:49;15:47;10:11;1:59;24:42;13:25;16:34;11:10;27:10;25:27;9:20;21:56;3:38;19:48,"6:[4,6,7];12:[4,6,7];0:[4,5,6,7];8:[4,5,6];20:[4,6];29:[0,3,4,6,7];14:[4,6,7];22:[3];17:[0,3,4,6];18:[2,4,5,6,7];23:[4,5,6];28:[4,6];26:[4];4:[4,6];2:[4,6,7];7:[4,5,6,7];5:[0,4,6,7];15:[4,5,6,7];10:[4];1:[0,4,5,6,7];24:[4,5,6,7];13:[4,6];16:[4,5,6];11:[2];27:[1];25:[4,6];9:[3,4];21:[2,4,5,6,7];3:[4,6,7];19:[3,4,6,7]","c6:bw=35,experts=[4,6,7]; c12:bw=34,experts=[4,6,7]; c0:bw=40,experts=[4,5,6,7]; c8:bw=34,experts=[4,5,6]; c20:bw=26,experts=[4,6]; c29:bw=57,experts=[0,3,4,6,7]; c14:bw=33,experts=[4,6,7]; c22:bw=18,experts=[3]; c17:bw=43,experts=[0,3,4,6]; c18:bw=55,experts=[2,4,5,6,7]; c23:bw=33,experts=[4,5,6]; c28:bw=28,experts=[4,6]; c26:bw=18,experts=[4]; c4:bw=24,experts=[4,6]; c2:bw=31,experts=[4,6,7]; c7:bw=45,experts=[4,5,6,7]; c5:bw=49,experts=[0,4,6,7]; c15:bw=47,experts=[4,5,6,7]; c10:bw=11,experts=[4]; c1:bw=59,experts=[0,4,5,6,7]; c24:bw=42,experts=[4,5,6,7]; c13:bw=25,experts=[4,6]; c16:bw=34,experts=[4,5,6]; c11:bw=10,experts=[2]; c27:bw=10,experts=[1]; c25:bw=27,experts=[4,6]; c9:bw=20,experts=[3,4]; c21:bw=56,experts=[2,4,5,6,7]; c3:bw=38,experts=[4,6,7]; c19:bw=48,experts=[3,4,6,7]","1.3105,2.0231,1.2615,1.3338,2.3423,3.6497,1.5277,1.8797,2.2874,1.9792,1.5135,1.8036,1.1997,2.3780,1.4515,1.5177,3.5535,1.3346,2.8793,1.2418,1.4208,1.8681,2.0790,2.5882,2.1391,2.3595,1.5522,1.1782,1.8012,1.7409"
100,2026-09-23 23:23:25,Ours,0.01,2.077838467008825,45.77,45.77,100,58.5981,0:58.60,56.8164,0.5325,1.2459,5688.8899,1:34:48.89,30,"22,0,10,14,27,8,25,1,17,15,11,18,21,26,4,29,2,24,23,28,16,19,12,3,13,5,9,20,6,7",22:36;0:64;10:56;14:10;27:20;8:44;25:45;1:17;17:55;15:30;11:17;18:80;21:47;26:38;4:65;29:33;2:30;24:53;23:16;28:50;16:46;19:18;12:37;3:42;13:10;5:18;9:53;20:47;6:44;7:10,"22:[2,4,6];0:[0,3,4,5,6,7];10:[2,4,5,6,7];14:[4];27:[0,2];8:[4,5,6,7];25:[4,5,6,7];1:[1];17:[2,4,5,6,7];15:[4,5,6];11:[4];18:[0,1,2,3,4,5,6,7];21:[0,4,5,6];26:[4,5,6];4:[0,2,4,5,6,7];29:[2,4,6];2:[4,5,6];24:[2,4,5,6,7];23:[1];28:[2,4,5,6,7];16:[2,4,5,6];19:[0];12:[4,5,6];3:[2,4,5,6];13:[4];5:[2];9:[2,4,5,6,7];20:[1,3,4,6];6:[3,4,6,7];7:[4]","c22:bw=36,experts=[2,4,6]; c0:bw=64,experts=[0,3,4,5,6,7]; c10:bw=56,experts=[2,4,5,6,7]; c14:bw=10,experts=[4]; c27:bw=20,experts=[0,2]; c8:bw=44,experts=[4,5,6,7]; c25:bw=45,experts=[4,5,6,7]; c1:bw=17,experts=[1]; c17:bw=55,experts=[2,4,5,6,7]; c15:bw=30,experts=[4,5,6]; c11:bw=17,experts=[4]; c18:bw=80,experts=[0,1,2,3,4,5,6,7]; c21:bw=47,experts=[0,4,5,6]; c26:bw=38,experts=[4,5,6]; c4:bw=65,experts=[0,2,4,5,6,7]; c29:bw=33,experts=[2,4,6]; c2:bw=30,experts=[4,5,6]; c24:bw=53,experts=[2,4,5,6,7]; c23:bw=16,experts=[1]; c28:bw=50,experts=[2,4,5,6,7]; c16:bw=46,experts=[2,4,5,6]; c19:bw=18,experts=[0]; c12:bw=37,experts=[4,5,6]; c3:bw=42,experts=[2,4,5,6]; c13:bw=10,experts=[4]; c5:bw=18,experts=[2]; c9:bw=53,experts=[2,4,5,6,7]; c20:bw=47,experts=[1,3,4,6]; c6:bw=44,experts=[3,4,6,7]; c7:bw=10,experts=[4]","1.8522,1.2618,2.8616,1.4992,2.0635,1.3086,2.3446,1.2203,2.2736,1.2981,2.4986,1.9779,1.1718,1.1970,2.3653,3.6373,1.4387,1.4126,1.5170,1.8073,2.0849,1.6648,2.0601,1.7895,1.8764,3.4842,1.5781,2.4578,1.3399,1.4737"
