Round,Timestamp,Method,LR,AvgLoss,TestAcc,BestAcc,BestRound,RoundTimeSec,RoundTimeHMS,LocalTrainTimeSec,AggTimeSec,EvalTimeSec,CumulativeTimeSec,CumulativeTimeHMS,NumClientsSelected,SelectedClients,Bandwidth,SelectedExperts,UploadDetail,ClientTrainTimesSec
1,2026-09-23 22:49:25,Ours,0.00208,4.406884300091379,1.24,1.24,1,58.4325,0:58.43,56.6195,0.6355,1.1699,58.4325,0:58.43,50,"13,39,30,45,17,48,26,25,32,19,12,4,37,8,3,6,41,46,47,15,9,16,24,34,31,0,44,27,33,5,29,11,36,1,21,2,43,35,23,40,10,22,18,49,20,7,42,14,28,38",13:42;39:37;30:49;45:34;17:34;48:26;26:38;25:55;32:10;19:40;12:23;4:40;37:21;8:55;3:51;6:41;41:24;46:10;47:60;15:58;9:45;16:48;24:34;34:35;31:42;0:10;44:47;27:21;33:15;5:44;29:26;11:24;36:47;1:29;21:20;2:29;43:50;35:40;23:65;40:46;10:22;22:26;18:30;49:28;20:55;7:20;42:30;14:54;28:39;38:52,"13:[0,5,6,7];39:[0,1,7];30:[0,1,6,7];45:[5,6,7];17:[1,2,3];48:[0,1];26:[2,3,4];25:[1,2,3,4,5];32:[0];19:[3,4,5,6];12:[4,5];4:[4,5,6,7];37:[5,6];8:[0,1,2,3,4];3:[3,4,5,6,7];6:[0,1,6,7];41:[1,2];46:[6];47:[0,1,2,3,4,7];15:[0,1,2,3,7];9:[1,2,3,4];16:[0,1,2,3];24:[0,1,2];34:[2,3,4];31:[0,1,2,7];0:[0];44:[4,5,6,7];27:[3,4];33:[1];5:[0,5,6,7];29:[5,6];11:[3,4];36:[4,5,6,7];1:[1,2];21:[5,6];2:[2,3];43:[3,4,5,6,7];35:[3,4,5,6];23:[0,1,2,3,4,7];40:[0,1,2,3];10:[2,3];22:[6,7];18:[2,3,4];49:[1,2];20:[0,4,5,6,7];7:[0,7];42:[2,3,4];14:[0,1,2,6,7];28:[4,5,6];38:[0,1,2,6,7]","c13:bw=42,experts=[0,5,6,7]; c39:bw=37,experts=[0,1,7]; c30:bw=49,experts=[0,1,6,7]; c45:bw=34,experts=[5,6,7]; c17:bw=34,experts=[1,2,3]; c48:bw=26,experts=[0,1]; c26:bw=38,experts=[2,3,4]; c25:bw=55,experts=[1,2,3,4,5]; c32:bw=10,experts=[0]; c19:bw=40,experts=[3,4,5,6]; c12:bw=23,experts=[4,5]; c4:bw=40,experts=[4,5,6,7]; c37:bw=21,experts=[5,6]; c8:bw=55,experts=[0,1,2,3,4]; c3:bw=51,experts=[3,4,5,6,7]; c6:bw=41,experts=[0,1,6,7]; c41:bw=24,experts=[1,2]; c46:bw=10,experts=[6]; c47:bw=60,experts=[0,1,2,3,4,7]; c15:bw=58,experts=[0,1,2,3,7]; c9:bw=45,experts=[1,2,3,4]; c16:bw=48,experts=[0,1,2,3]; c24:bw=34,experts=[0,1,2]; c34:bw=35,experts=[2,3,4]; c31:bw=42,experts=[0,1,2,7]; c0:bw=10,experts=[0]; c44:bw=47,experts=[4,5,6,7]; c27:bw=21,experts=[3,4]; c33:bw=15,experts=[1]; c5:bw=44,experts=[0,5,6,7]; c29:bw=26,experts=[5,6]; c11:bw=24,experts=[3,4]; c36:bw=47,experts=[4,5,6,7]; c1:bw=29,experts=[1,2]; c21:bw=20,experts=[5,6]; c2:bw=29,experts=[2,3]; c43:bw=50,experts=[3,4,5,6,7]; c35:bw=40,experts=[3,4,5,6]; c23:bw=65,experts=[0,1,2,3,4,7]; c40:bw=46,experts=[0,1,2,3]; c10:bw=22,experts=[2,3]; c22:bw=26,experts=[6,7]; c18:bw=30,experts=[2,3,4]; c49:bw=28,experts=[1,2]; c20:bw=55,experts=[0,4,5,6,7]; c7:bw=20,experts=[0,7]; c42:bw=30,experts=[2,3,4]; c14:bw=54,experts=[0,1,2,6,7]; c28:bw=39,experts=[4,5,6]; c38:bw=52,experts=[0,1,2,6,7]","1.5033,1.2680,1.3111,1.8739,1.0148,0.8374,1.4777,2.4145,1.4603,1.1362,0.7432,1.4095,0.9972,0.9805,1.2804,1.4472,0.4899,0.8191,0.7374,0.8072,1.1376,1.6766,0.7917,0.8412,1.1512,0.4572,0.7423,1.1711,1.1174,1.5903,1.2612,0.8125,0.8204,0.9997,1.4953,0.6455,0.8289,0.9379,1.2613,1.0567,0.9881,1.3754,1.0067,2.6356,1.2308,0.6541,1.0115,1.4076,0.8328,0.6723"
2,2026-09-23 22:50:18,Ours,0.00406,4.166685563789892,1.31,1.31,2,52.5671,0:52.57,50.7938,0.6386,1.1296,111.1459,1:51.15,50,"29,38,2,46,45,39,22,44,10,0,18,30,49,33,21,4,24,32,12,31,20,23,26,42,14,15,40,41,9,36,11,48,17,28,37,5,47,3,35,16,13,34,7,43,6,27,19,1,25,8",29:60;38:20;2:22;46:16;45:60;39:37;22:38;44:24;10:59;0:36;18:24;30:10;49:43;33:57;21:28;4:30;24:10;32:20;12:16;31:13;20:15;23:70;26:35;42:53;14:26;15:62;40:17;41:33;9:46;36:63;11:29;48:42;17:51;28:65;37:33;5:69;47:49;3:67;35:16;16:16;13:54;34:47;7:55;43:49;6:17;27:24;19:53;1:41;25:25;8:48,"29:[0,1,2,3,4,7];38:[3,4];2:[4,5];46:[7];45:[0,1,2,3,4,5];39:[2,3,4];22:[0,1,2];44:[0,1];10:[0,4,5,6,7];0:[1,2,3];18:[5,6];30:[2];49:[3,4,5,6];33:[2,3,4,5,6];21:[0,7];4:[0,1,2];24:[3];32:[1,2];12:[6];31:[3];20:[1];23:[0,1,2,3,5,6,7];26:[5,6,7];42:[0,1,5,6,7];14:[3,4];15:[0,1,4,5,6,7];40:[4];41:[3,4,5];9:[0,5,6,7];36:[0,1,2,3,4,5];11:[5,6];48:[2,3,4,5];17:[0,4,5,6,7];28:[0,1,2,3,4,7];37:[0,1,7];5:[1,2,3,4,5,6];47:[0,5,6,7];3:[0,1,2,3,4,5];35:[7];16:[4];13:[1,2,3,4,5];34:[0,5,6,7];7:[1,2,3,4,5];43:[0,1,2,3];6:[2];27:[5,6];19:[0,1,2,3,7];1:[3,4,5,6];25:[6,7];8:[0,5,6,7]","c29:bw=60,experts=[0,1,2,3,4,7]; c38:bw=20,experts=[3,4]; c2:bw=22,experts=[4,5]; c46:bw=16,experts=[7]; c45:bw=60,experts=[0,1,2,3,4,5]; c39:bw=37,experts=[2,3,4]; c22:bw=38,experts=[0,1,2]; c44:bw=24,experts=[0,1]; c10:bw=59,experts=[0,4,5,6,7]; c0:bw=36,experts=[1,2,3]; c18:bw=24,experts=[5,6]; c30:bw=10,experts=[2]; c49:bw=43,experts=[3,4,5,6]; c33:bw=57,experts=[2,3,4,5,6]; c21:bw=28,experts=[0,7]; c4:bw=30,experts=[0,1,2]; c24:bw=10,experts=[3]; c32:bw=20,experts=[1,2]; c12:bw=16,experts=[6]; c31:bw=13,experts=[3]; c20:bw=15,experts=[1]; c23:bw=70,experts=[0,1,2,3,5,6,7]; c26:bw=35,experts=[5,6,7]; c42:bw=53,experts=[0,1,5,6,7]; c14:bw=26,experts=[3,4]; c15:bw=62,experts=[0,1,4,5,6,7]; c40:bw=17,experts=[4]; c41:bw=33,experts=[3,4,5]; c9:bw=46,experts=[0,5,6,7]; c36:bw=63,experts=[0,1,2,3,4,5]; c11:bw=29,experts=[5,6]; c48:bw=42,experts=[2,3,4,5]; c17:bw=51,experts=[0,4,5,6,7]; c28:bw=65,experts=[0,1,2,3,4,7]; c37:bw=33,experts=[0,1,7]; c5:bw=69,experts=[1,2,3,4,5,6]; c47:bw=49,experts=[0,5,6,7]; c3:bw=67,experts=[0,1,2,3,4,5]; c35:bw=16,experts=[7]; c16:bw=16,experts=[4]; c13:bw=54,experts=[1,2,3,4,5]; c34:bw=47,experts=[0,5,6,7]; c7:bw=55,experts=[1,2,3,4,5]; c43:bw=49,experts=[0,1,2,3]; c6:bw=17,experts=[2]; c27:bw=24,experts=[5,6]; c19:bw=53,experts=[0,1,2,3,7]; c1:bw=41,experts=[3,4,5,6]; c25:bw=25,experts=[6,7]; c8:bw=48,experts=[0,5,6,7]","1.2504,0.6304,0.6216,0.7688,1.6268,1.0602,1.3422,0.7064,0.9170,0.4264,0.9673,1.0556,2.5382,1.0453,1.4381,1.1510,0.7238,1.2219,0.6253,1.1141,1.2035,1.1749,1.2054,0.9517,1.3453,0.7524,1.0202,0.4179,1.0464,0.8080,0.7594,0.6289,0.7845,0.7903,0.7940,1.5957,0.6648,1.1004,0.8667,1.6394,0.7616,0.8424,0.6048,0.7917,1.1770,1.1176,0.9626,1.0317,1.9696,0.7540"
3,2026-09-23 22:51:16,Ours,0.006040000000000001,3.934985859707977,1.83,1.83,3,58.6319,0:58.63,56.6817,0.684,1.261,169.7884,2:49.79,50,"1,49,5,43,29,28,17,3,18,15,19,12,9,42,10,39,20,35,24,46,13,14,31,25,0,30,26,21,37,36,2,44,23,22,45,33,11,48,8,6,27,40,38,41,4,32,47,34,7,16",1:13;49:42;5:13;43:30;29:15;28:56;17:41;3:26;18:40;15:16;19:24;12:37;9:48;42:57;10:10;39:76;20:56;35:49;24:29;46:55;13:54;14:53;31:56;25:35;0:50;30:10;26:52;21:48;37:52;36:26;2:42;44:36;23:11;22:54;45:50;33:25;11:66;48:29;8:30;6:40;27:34;40:50;38:43;41:34;4:52;32:49;47:40;34:18;7:33;16:31,"1:[7];49:[0,1,2,7];5:[7];43:[4,5,6];29:[5];28:[0,1,5,6,7];17:[1,2,3,4];3:[6,7];18:[0,1,2,7];15:[2];19:[4,5];12:[0,1,7];9:[1,2,3,4];42:[2,3,4,5,6];10:[1];39:[0,1,2,3,5,6,7];20:[2,3,4,5,6];35:[0,1,2,3];24:[4,5];46:[0,1,2,3,4];13:[0,1,2,6,7];14:[0,1,5,6,7];31:[0,4,5,6,7];25:[0,1,2];0:[0,4,5,6,7];30:[3];26:[0,1,2,3,4];21:[1,2,3,4];37:[2,3,4,5,6];36:[6,7];2:[0,1,6,7];44:[2,3,4];23:[4];22:[3,4,5,6,7];45:[0,1,2,6,7];33:[0,7];11:[0,1,2,3,4,7];48:[6,7];8:[1,2,3];6:[3,4,5,6];27:[0,1,7];40:[0,1,5,6,7];38:[0,5,6,7];41:[0,6,7];4:[3,4,5,6,7];32:[3,4,5,6];47:[1,2,3,4];34:[1];7:[0,6,7];16:[5,6,7]","c1:bw=13,experts=[7]; c49:bw=42,experts=[0,1,2,7]; c5:bw=13,experts=[7]; c43:bw=30,experts=[4,5,6]; c29:bw=15,experts=[5]; c28:bw=56,experts=[0,1,5,6,7]; c17:bw=41,experts=[1,2,3,4]; c3:bw=26,experts=[6,7]; c18:bw=40,experts=[0,1,2,7]; c15:bw=16,experts=[2]; c19:bw=24,experts=[4,5]; c12:bw=37,experts=[0,1,7]; c9:bw=48,experts=[1,2,3,4]; c42:bw=57,experts=[2,3,4,5,6]; c10:bw=10,experts=[1]; c39:bw=76,experts=[0,1,2,3,5,6,7]; c20:bw=56,experts=[2,3,4,5,6]; c35:bw=49,experts=[0,1,2,3]; c24:bw=29,experts=[4,5]; c46:bw=55,experts=[0,1,2,3,4]; c13:bw=54,experts=[0,1,2,6,7]; c14:bw=53,experts=[0,1,5,6,7]; c31:bw=56,experts=[0,4,5,6,7]; c25:bw=35,experts=[0,1,2]; c0:bw=50,experts=[0,4,5,6,7]; c30:bw=10,experts=[3]; c26:bw=52,experts=[0,1,2,3,4]; c21:bw=48,experts=[1,2,3,4]; c37:bw=52,experts=[2,3,4,5,6]; c36:bw=26,experts=[6,7]; c2:bw=42,experts=[0,1,6,7]; c44:bw=36,experts=[2,3,4]; c23:bw=11,experts=[4]; c22:bw=54,experts=[3,4,5,6,7]; c45:bw=50,experts=[0,1,2,6,7]; c33:bw=25,experts=[0,7]; c11:bw=66,experts=[0,1,2,3,4,7]; c48:bw=29,experts=[6,7]; c8:bw=30,experts=[1,2,3]; c6:bw=40,experts=[3,4,5,6]; c27:bw=34,experts=[0,1,7]; c40:bw=50,experts=[0,1,5,6,7]; c38:bw=43,experts=[0,5,6,7]; c41:bw=34,experts=[0,6,7]; c4:bw=52,experts=[3,4,5,6,7]; c32:bw=49,experts=[3,4,5,6]; c47:bw=40,experts=[1,2,3,4]; c34:bw=18,experts=[1]; c7:bw=33,experts=[0,6,7]; c16:bw=31,experts=[5,6,7]","0.9299,2.6288,1.5957,0.8106,1.1944,0.8391,0.8172,1.0737,0.9575,0.7644,0.9794,0.6257,1.1078,0.9725,0.9448,1.0738,1.2963,0.8833,0.8251,0.9316,0.9091,1.6936,1.3567,2.3184,0.5023,1.2344,1.4111,1.7525,0.9715,0.9288,0.7152,0.8423,1.4816,1.5491,1.8017,1.2125,0.8600,0.7316,0.8599,1.4482,1.3631,1.1913,0.7531,0.4982,1.4082,1.4868,0.7517,0.9414,0.6720,1.7839"
4,2026-09-23 22:52:18,Ours,0.00802,3.751240168836351,3.45,3.45,4,61.6613,1:01.66,59.6941,0.6462,1.3158,231.4644,3:51.46,50,"49,16,20,40,13,17,3,15,23,25,34,18,11,9,48,47,4,22,7,39,44,2,8,45,36,33,26,32,30,0,46,43,24,37,10,29,19,38,41,5,1,27,21,6,31,12,35,28,42,14",49:20;16:45;20:70;40:45;13:49;17:39;3:34;15:24;23:15;25:43;34:55;18:43;11:49;9:22;48:16;47:32;4:56;22:49;7:45;39:23;44:27;2:60;8:31;45:50;36:44;33:53;26:37;32:62;30:40;0:59;46:38;43:21;24:19;37:62;10:64;29:44;19:47;38:36;41:43;5:73;1:40;27:58;21:27;6:53;31:50;12:63;35:10;28:63;42:21;14:32,"49:[3,4];16:[0,1,2,3];20:[0,1,2,3,4,5,7];40:[2,3,4,5];13:[3,4,5,6];17:[5,6,7];3:[0,1,2];15:[3,4];23:[5];25:[3,4,5,6];34:[2,3,4,5,6];18:[3,4,5,6];11:[0,5,6,7];9:[5,6];48:[0];47:[5,6,7];4:[0,1,2,3,4];22:[0,1,2,3];7:[1,2,3,4];39:[4,5];44:[5,6];2:[2,3,4,5,6,7];8:[4,5,6];45:[3,4,5,6,7];36:[0,1,2,3];33:[1,2,3,4,5];26:[5,6,7];32:[0,1,2,3,4,7];30:[4,5,6,7];0:[1,2,3,4,5];46:[5,6,7];43:[0,7];24:[6];37:[0,1,2,3,4,7];10:[2,3,4,5,6,7];29:[0,1,6,7];19:[0,1,6,7];38:[1,2,3];41:[1,2,3,4];5:[0,1,2,3,4,5,6];1:[0,1,2,3];27:[2,3,4,5,6];21:[5,6];6:[0,1,2,3,7];31:[1,2,3,4,5];12:[2,3,4,5,6,7];35:[4];28:[2,3,4,5,6,7];42:[0,7];14:[2,3,4]","c49:bw=20,experts=[3,4]; c16:bw=45,experts=[0,1,2,3]; c20:bw=70,experts=[0,1,2,3,4,5,7]; c40:bw=45,experts=[2,3,4,5]; c13:bw=49,experts=[3,4,5,6]; c17:bw=39,experts=[5,6,7]; c3:bw=34,experts=[0,1,2]; c15:bw=24,experts=[3,4]; c23:bw=15,experts=[5]; c25:bw=43,experts=[3,4,5,6]; c34:bw=55,experts=[2,3,4,5,6]; c18:bw=43,experts=[3,4,5,6]; c11:bw=49,experts=[0,5,6,7]; c9:bw=22,experts=[5,6]; c48:bw=16,experts=[0]; c47:bw=32,experts=[5,6,7]; c4:bw=56,experts=[0,1,2,3,4]; c22:bw=49,experts=[0,1,2,3]; c7:bw=45,experts=[1,2,3,4]; c39:bw=23,experts=[4,5]; c44:bw=27,experts=[5,6]; c2:bw=60,experts=[2,3,4,5,6,7]; c8:bw=31,experts=[4,5,6]; c45:bw=50,experts=[3,4,5,6,7]; c36:bw=44,experts=[0,1,2,3]; c33:bw=53,experts=[1,2,3,4,5]; c26:bw=37,experts=[5,6,7]; c32:bw=62,experts=[0,1,2,3,4,7]; c30:bw=40,experts=[4,5,6,7]; c0:bw=59,experts=[1,2,3,4,5]; c46:bw=38,experts=[5,6,7]; c43:bw=21,experts=[0,7]; c24:bw=19,experts=[6]; c37:bw=62,experts=[0,1,2,3,4,7]; c10:bw=64,experts=[2,3,4,5,6,7]; c29:bw=44,experts=[0,1,6,7]; c19:bw=47,experts=[0,1,6,7]; c38:bw=36,experts=[1,2,3]; c41:bw=43,experts=[1,2,3,4]; c5:bw=73,experts=[0,1,2,3,4,5,6]; c1:bw=40,experts=[0,1,2,3]; c27:bw=58,experts=[2,3,4,5,6]; c21:bw=27,experts=[5,6]; c6:bw=53,experts=[0,1,2,3,7]; c31:bw=50,experts=[1,2,3,4,5]; c12:bw=63,experts=[2,3,4,5,6,7]; c35:bw=10,experts=[4]; c28:bw=63,experts=[2,3,4,5,6,7]; c42:bw=21,experts=[0,7]; c14:bw=32,experts=[2,3,4]","3.0662,1.9621,1.4214,1.2318,0.9168,0.9597,1.1862,0.9022,1.3507,2.3549,0.9783,1.1737,0.9154,1.2658,0.7601,0.8404,1.4733,1.5656,0.6909,1.2113,0.8200,0.7091,0.8693,1.7843,0.8842,1.2235,1.3989,1.4018,1.2031,0.4810,0.8709,0.9263,0.8331,0.9870,1.1733,1.5804,1.2262,0.7703,0.5336,2.0131,1.3492,1.2856,1.5278,1.2400,1.3485,0.6752,0.9234,0.8627,1.0425,1.5231"
5,2026-09-23 22:53:19,Ours,0.01,3.9056881147613485,4.03,4.03,5,60.8611,1:00.86,58.763,0.7652,1.3274,292.3422,4:52.34,50,"35,6,29,14,13,7,20,12,9,30,48,21,37,11,8,38,17,15,28,24,41,19,4,43,33,46,26,23,10,39,3,42,34,5,40,25,44,18,0,32,31,47,22,27,45,49,16,36,2,1",35:26;6:53;29:55;14:53;13:36;7:24;20:50;12:55;9:62;30:16;48:13;21:35;37:43;11:21;8:37;38:67;17:64;15:45;28:45;24:12;41:46;19:19;4:48;43:59;33:33;46:11;26:19;23:29;10:35;39:65;3:63;42:51;34:36;5:40;40:42;25:34;44:40;18:10;0:50;32:40;31:43;47:48;22:49;27:30;45:62;49:44;16:32;36:26;2:10;1:20,"35:[5,6];6:[0,4,5,6,7];29:[2,3,4,5,6];14:[0,1,5,6,7];13:[0,1,7];7:[5,6];20:[0,1,2,6,7];12:[0,1,2,3,4];9:[0,1,2,3,4,7];30:[0];48:[1];21:[0,1,7];37:[0,5,6,7];11:[1,2];8:[0,1,7];38:[0,1,4,5,6,7];17:[0,1,2,3,4,5];15:[0,5,6,7];28:[0,1,2,3];24:[7];41:[0,5,6,7];19:[2];4:[0,5,6,7];43:[1,2,3,4,5];33:[0,6,7];46:[0];26:[0];23:[6,7];10:[0,1,2];39:[0,1,2,3,6,7];3:[0,3,4,5,6,7];42:[1,2,3,4,5];34:[0,1,7];5:[0,1,2,7];40:[0,1,6,7];25:[0,1,7];44:[0,1,2,7];18:[7];0:[0,1,2,6,7];32:[0,5,6,7];31:[0,1,6,7];47:[0,1,2,3];22:[4,5,6,7];27:[0,1,7];45:[0,1,2,3,4,5];49:[0,5,6,7];16:[4,5,6];36:[4,5];2:[0];1:[4,5]","c35:bw=26,experts=[5,6]; c6:bw=53,experts=[0,4,5,6,7]; c29:bw=55,experts=[2,3,4,5,6]; c14:bw=53,experts=[0,1,5,6,7]; c13:bw=36,experts=[0,1,7]; c7:bw=24,experts=[5,6]; c20:bw=50,experts=[0,1,2,6,7]; c12:bw=55,experts=[0,1,2,3,4]; c9:bw=62,experts=[0,1,2,3,4,7]; c30:bw=16,experts=[0]; c48:bw=13,experts=[1]; c21:bw=35,experts=[0,1,7]; c37:bw=43,experts=[0,5,6,7]; c11:bw=21,experts=[1,2]; c8:bw=37,experts=[0,1,7]; c38:bw=67,experts=[0,1,4,5,6,7]; c17:bw=64,experts=[0,1,2,3,4,5]; c15:bw=45,experts=[0,5,6,7]; c28:bw=45,experts=[0,1,2,3]; c24:bw=12,experts=[7]; c41:bw=46,experts=[0,5,6,7]; c19:bw=19,experts=[2]; c4:bw=48,experts=[0,5,6,7]; c43:bw=59,experts=[1,2,3,4,5]; c33:bw=33,experts=[0,6,7]; c46:bw=11,experts=[0]; c26:bw=19,experts=[0]; c23:bw=29,experts=[6,7]; c10:bw=35,experts=[0,1,2]; c39:bw=65,experts=[0,1,2,3,6,7]; c3:bw=63,experts=[0,3,4,5,6,7]; c42:bw=51,experts=[1,2,3,4,5]; c34:bw=36,experts=[0,1,7]; c5:bw=40,experts=[0,1,2,7]; c40:bw=42,experts=[0,1,6,7]; c25:bw=34,experts=[0,1,7]; c44:bw=40,experts=[0,1,2,7]; c18:bw=10,experts=[7]; c0:bw=50,experts=[0,1,2,6,7]; c32:bw=40,experts=[0,5,6,7]; c31:bw=43,experts=[0,1,6,7]; c47:bw=48,experts=[0,1,2,3]; c22:bw=49,experts=[4,5,6,7]; c27:bw=30,experts=[0,1,7]; c45:bw=62,experts=[0,1,2,3,4,5]; c49:bw=44,experts=[0,5,6,7]; c16:bw=32,experts=[4,5,6]; c36:bw=26,experts=[4,5]; c2:bw=10,experts=[0]; c1:bw=20,experts=[4,5]","1.0377,1.4229,1.4040,1.5442,0.8804,0.7214,1.3758,0.7359,1.2053,1.2333,0.7590,1.6323,0.9273,0.9105,0.8480,0.7495,0.8960,0.8631,0.9240,0.8390,0.4733,1.0722,1.3625,0.9672,1.2461,0.9050,1.4310,1.3939,1.0659,1.1256,1.1751,1.1199,0.9001,1.6795,1.1427,2.3577,0.8444,1.1508,0.5164,1.4446,1.3551,0.7894,1.5076,1.2921,1.8158,3.0094,1.8966,0.9524,0.7272,1.1338"
6,2026-09-23 22:54:17,Ours,0.01,3.725340844665085,3.81,4.03,5,58.1302,0:58.13,56.354,0.6318,1.1393,350.4876,5:50.49,50,"35,28,12,16,48,26,19,9,23,21,13,14,5,3,7,45,42,31,33,20,46,18,2,49,8,44,41,4,11,37,36,43,1,25,15,6,34,29,30,22,24,27,10,0,47,17,38,39,32,40",35:19;28:74;12:62;16:54;48:46;26:43;19:37;9:48;23:73;21:10;13:15;14:40;5:27;3:36;7:58;45:23;42:31;31:48;33:14;20:44;46:25;18:40;2:42;49:17;8:67;44:50;41:40;4:17;11:31;37:14;36:10;43:29;1:32;25:43;15:33;6:20;34:54;29:41;30:58;22:32;24:18;27:43;10:10;0:31;47:42;17:27;38:51;39:20;32:10;40:40,"35:[7];28:[0,1,2,4,5,6,7];12:[0,1,2,5,6,7];16:[0,1,2,3,7];48:[2,3,4,5];26:[1,2,3,4];19:[3,4,5];9:[0,5,6,7];23:[0,1,2,3,4,5,6];21:[2];13:[2];14:[2,3,4,5];5:[3,4];3:[1,2,3];7:[0,1,2,3,7];45:[6,7];42:[0,6,7];31:[2,3,4,5];33:[1];20:[3,4,5,6];46:[1,2];18:[0,1,2,3];2:[1,2,3,4];49:[1];8:[2,3,4,5,6,7];44:[3,4,5,6,7];41:[1,2,3,4];4:[1];11:[3,4,5];37:[1];36:[6];43:[6,7];1:[0,6,7];25:[2,3,4,5];15:[1,2,3];6:[1,2];34:[2,3,4,5,6];29:[0,1,2,7];30:[1,2,3,4,5];22:[0,1,2];24:[0];27:[2,3,4,5];10:[3];0:[3,4,5];47:[4,5,6,7];17:[6,7];38:[2,3,4,5,6];39:[4,5];32:[1];40:[2,3,4,5]","c35:bw=19,experts=[7]; c28:bw=74,experts=[0,1,2,4,5,6,7]; c12:bw=62,experts=[0,1,2,5,6,7]; c16:bw=54,experts=[0,1,2,3,7]; c48:bw=46,experts=[2,3,4,5]; c26:bw=43,experts=[1,2,3,4]; c19:bw=37,experts=[3,4,5]; c9:bw=48,experts=[0,5,6,7]; c23:bw=73,experts=[0,1,2,3,4,5,6]; c21:bw=10,experts=[2]; c13:bw=15,experts=[2]; c14:bw=40,experts=[2,3,4,5]; c5:bw=27,experts=[3,4]; c3:bw=36,experts=[1,2,3]; c7:bw=58,experts=[0,1,2,3,7]; c45:bw=23,experts=[6,7]; c42:bw=31,experts=[0,6,7]; c31:bw=48,experts=[2,3,4,5]; c33:bw=14,experts=[1]; c20:bw=44,experts=[3,4,5,6]; c46:bw=25,experts=[1,2]; c18:bw=40,experts=[0,1,2,3]; c2:bw=42,experts=[1,2,3,4]; c49:bw=17,experts=[1]; c8:bw=67,experts=[2,3,4,5,6,7]; c44:bw=50,experts=[3,4,5,6,7]; c41:bw=40,experts=[1,2,3,4]; c4:bw=17,experts=[1]; c11:bw=31,experts=[3,4,5]; c37:bw=14,experts=[1]; c36:bw=10,experts=[6]; c43:bw=29,experts=[6,7]; c1:bw=32,experts=[0,6,7]; c25:bw=43,experts=[2,3,4,5]; c15:bw=33,experts=[1,2,3]; c6:bw=20,experts=[1,2]; c34:bw=54,experts=[2,3,4,5,6]; c29:bw=41,experts=[0,1,2,7]; c30:bw=58,experts=[1,2,3,4,5]; c22:bw=32,experts=[0,1,2]; c24:bw=18,experts=[0]; c27:bw=43,experts=[2,3,4,5]; c10:bw=10,experts=[3]; c0:bw=31,experts=[3,4,5]; c47:bw=42,experts=[4,5,6,7]; c17:bw=27,experts=[6,7]; c38:bw=51,experts=[2,3,4,5,6]; c39:bw=20,experts=[4,5]; c32:bw=10,experts=[1]; c40:bw=40,experts=[2,3,4,5]","1.0231,0.9350,0.7200,1.8348,0.7196,1.3590,1.2900,1.2911,1.3247,1.5870,0.8684,1.4814,1.9085,1.3494,0.9207,2.3813,1.0769,1.2739,1.2757,1.2531,0.7751,0.9778,0.6509,2.6523,0.7797,0.7299,0.4351,1.2314,0.7975,0.8412,0.8059,0.8907,1.1939,2.3569,0.9740,1.4339,1.0403,1.2559,1.0369,1.2668,0.7160,1.0882,0.9072,0.4149,0.6587,0.7842,0.6257,0.9994,1.1751,0.9848"
7,2026-09-23 22:55:09,Ours,0.01,3.8071239230697267,6.4,6.4,7,52.3595,0:52.36,50.5749,0.6413,1.1381,402.8593,6:42.86,50,"8,23,31,37,9,10,33,39,29,27,17,26,25,45,43,36,47,4,24,14,0,46,49,38,30,18,12,28,5,41,48,22,21,11,42,16,2,6,7,19,20,13,44,3,32,35,40,15,34,1",8:57;23:41;31:19;37:72;9:10;10:17;33:40;39:38;29:57;27:26;17:41;26:49;25:50;45:44;43:10;36:43;47:11;4:14;24:31;14:13;0:36;46:14;49:40;38:29;30:27;18:20;12:47;28:10;5:49;41:35;48:48;22:55;21:60;11:60;42:29;16:53;2:40;6:13;7:31;19:54;20:16;13:25;44:20;3:26;32:24;35:30;40:56;15:39;34:29;1:10,"8:[0,1,2,3,4];23:[0,1,2,7];31:[6];37:[0,2,3,4,5,6,7];9:[1];10:[4];33:[2,3,4,5];39:[0,6,7];29:[3,4,5,6,7];27:[6,7];17:[0,1,2,3];26:[0,5,6,7];25:[0,1,2,6,7];45:[0,1,2,3];43:[0];36:[0,1,2,7];47:[0];4:[2];24:[1,2,3];14:[6];0:[0,6,7];46:[3];49:[2,3,4,5];38:[0,7];30:[6,7];18:[4,5];12:[3,4,5,6];28:[3];5:[0,5,6,7];41:[5,6,7];48:[0,1,6,7];22:[3,4,5,6,7];21:[0,3,4,5,6,7];11:[0,1,2,3,6,7];42:[1,2];16:[0,4,5,6,7];2:[0,5,6,7];6:[3];7:[4,5,6];19:[0,1,2,6,7];20:[7];13:[3,4];44:[0,1];3:[4,5];32:[2,3];35:[0,1,2];40:[0,1,2,6,7];15:[4,5,6];34:[0,7];1:[1]","c8:bw=57,experts=[0,1,2,3,4]; c23:bw=41,experts=[0,1,2,7]; c31:bw=19,experts=[6]; c37:bw=72,experts=[0,2,3,4,5,6,7]; c9:bw=10,experts=[1]; c10:bw=17,experts=[4]; c33:bw=40,experts=[2,3,4,5]; c39:bw=38,experts=[0,6,7]; c29:bw=57,experts=[3,4,5,6,7]; c27:bw=26,experts=[6,7]; c17:bw=41,experts=[0,1,2,3]; c26:bw=49,experts=[0,5,6,7]; c25:bw=50,experts=[0,1,2,6,7]; c45:bw=44,experts=[0,1,2,3]; c43:bw=10,experts=[0]; c36:bw=43,experts=[0,1,2,7]; c47:bw=11,experts=[0]; c4:bw=14,experts=[2]; c24:bw=31,experts=[1,2,3]; c14:bw=13,experts=[6]; c0:bw=36,experts=[0,6,7]; c46:bw=14,experts=[3]; c49:bw=40,experts=[2,3,4,5]; c38:bw=29,experts=[0,7]; c30:bw=27,experts=[6,7]; c18:bw=20,experts=[4,5]; c12:bw=47,experts=[3,4,5,6]; c28:bw=10,experts=[3]; c5:bw=49,experts=[0,5,6,7]; c41:bw=35,experts=[5,6,7]; c48:bw=48,experts=[0,1,6,7]; c22:bw=55,experts=[3,4,5,6,7]; c21:bw=60,experts=[0,3,4,5,6,7]; c11:bw=60,experts=[0,1,2,3,6,7]; c42:bw=29,experts=[1,2]; c16:bw=53,experts=[0,4,5,6,7]; c2:bw=40,experts=[0,5,6,7]; c6:bw=13,experts=[3]; c7:bw=31,experts=[4,5,6]; c19:bw=54,experts=[0,1,2,6,7]; c20:bw=16,experts=[7]; c13:bw=25,experts=[3,4]; c44:bw=20,experts=[0,1]; c3:bw=26,experts=[4,5]; c32:bw=24,experts=[2,3]; c35:bw=30,experts=[0,1,2]; c40:bw=56,experts=[0,1,2,6,7]; c15:bw=39,experts=[4,5,6]; c34:bw=29,experts=[0,7]; c1:bw=10,experts=[1]","0.7515,1.1654,1.3083,1.0138,1.2999,0.9712,1.0426,1.0182,1.2023,1.1054,0.7951,1.1826,1.9221,1.5529,0.8059,0.7856,0.6701,1.1575,0.7295,1.3146,0.4252,0.7684,2.5111,0.6230,1.0335,0.9454,0.6275,0.7972,1.5286,0.4212,0.6221,1.2796,1.4018,0.7436,0.9384,1.5747,0.6053,1.1520,0.6013,0.9412,1.1657,0.7484,0.6980,1.0859,1.1752,0.8636,0.9899,0.7597,0.8347,0.9182"
8,2026-09-23 22:56:01,Ours,0.01,3.604683496363258,7.47,7.47,8,51.6222,0:51.62,49.8558,0.6369,1.1242,454.496,7:34.50,50,"4,11,46,40,5,39,13,48,28,19,27,43,14,18,3,29,37,12,41,38,36,6,15,35,10,8,0,7,16,25,33,9,26,1,44,21,45,23,42,49,24,17,2,47,22,31,20,32,34,30",4:10;11:45;46:49;40:34;5:28;39:32;13:35;48:13;28:38;19:31;27:41;43:41;14:59;18:39;3:37;29:71;37:11;12:51;41:40;38:21;36:47;6:41;15:66;35:54;10:51;8:37;0:32;7:15;16:45;25:41;33:57;9:59;26:55;1:58;44:34;21:31;45:10;23:35;42:42;49:61;24:42;17:56;2:54;47:25;22:61;31:35;20:42;32:74;34:10;30:34,"4:[3];11:[4,5,6,7];46:[4,5,6,7];40:[3,4,5];5:[1,2];39:[1,2,3];13:[5,6,7];48:[2];28:[4,5,6];19:[3,4,5];27:[0,1,2,3];43:[1,2,3,4];14:[0,1,2,3,7];18:[0,6,7];3:[0,6,7];29:[0,1,2,3,4,5,6];37:[1];12:[0,1,2,3,7];41:[0,1,2,3];38:[1,2];36:[3,4,5,6];6:[4,5,6,7];15:[0,1,2,3,4,7];35:[3,4,5,6,7];10:[0,1,5,6,7];8:[5,6,7];0:[1,2,3];7:[7];16:[1,2,3,4];25:[3,4,5,6];33:[0,1,2,6,7];9:[2,3,4,5,6];26:[1,2,3,4,5];1:[2,3,4,5,6];44:[2,3,4];21:[1,2,3];45:[4];23:[3,4,5];42:[3,4,5,6];49:[0,1,2,3,6,7];24:[4,5,6,7];17:[0,4,5,6,7];2:[1,2,3,4,5];47:[1,2];22:[0,1,2,3,4,5];31:[0,1,7];20:[0,1,2,3];32:[0,1,2,4,5,6,7];34:[1];30:[0,1,2]","c4:bw=10,experts=[3]; c11:bw=45,experts=[4,5,6,7]; c46:bw=49,experts=[4,5,6,7]; c40:bw=34,experts=[3,4,5]; c5:bw=28,experts=[1,2]; c39:bw=32,experts=[1,2,3]; c13:bw=35,experts=[5,6,7]; c48:bw=13,experts=[2]; c28:bw=38,experts=[4,5,6]; c19:bw=31,experts=[3,4,5]; c27:bw=41,experts=[0,1,2,3]; c43:bw=41,experts=[1,2,3,4]; c14:bw=59,experts=[0,1,2,3,7]; c18:bw=39,experts=[0,6,7]; c3:bw=37,experts=[0,6,7]; c29:bw=71,experts=[0,1,2,3,4,5,6]; c37:bw=11,experts=[1]; c12:bw=51,experts=[0,1,2,3,7]; c41:bw=40,experts=[0,1,2,3]; c38:bw=21,experts=[1,2]; c36:bw=47,experts=[3,4,5,6]; c6:bw=41,experts=[4,5,6,7]; c15:bw=66,experts=[0,1,2,3,4,7]; c35:bw=54,experts=[3,4,5,6,7]; c10:bw=51,experts=[0,1,5,6,7]; c8:bw=37,experts=[5,6,7]; c0:bw=32,experts=[1,2,3]; c7:bw=15,experts=[7]; c16:bw=45,experts=[1,2,3,4]; c25:bw=41,experts=[3,4,5,6]; c33:bw=57,experts=[0,1,2,6,7]; c9:bw=59,experts=[2,3,4,5,6]; c26:bw=55,experts=[1,2,3,4,5]; c1:bw=58,experts=[2,3,4,5,6]; c44:bw=34,experts=[2,3,4]; c21:bw=31,experts=[1,2,3]; c45:bw=10,experts=[4]; c23:bw=35,experts=[3,4,5]; c42:bw=42,experts=[3,4,5,6]; c49:bw=61,experts=[0,1,2,3,6,7]; c24:bw=42,experts=[4,5,6,7]; c17:bw=56,experts=[0,4,5,6,7]; c2:bw=54,experts=[1,2,3,4,5]; c47:bw=25,experts=[1,2]; c22:bw=61,experts=[0,1,2,3,4,5]; c31:bw=35,experts=[0,1,7]; c20:bw=42,experts=[0,1,2,3]; c32:bw=74,experts=[0,1,2,4,5,6,7]; c34:bw=10,experts=[1]; c30:bw=34,experts=[0,1,2]","1.1664,0.7547,0.7763,0.9979,1.5319,1.0097,0.7721,0.6301,0.8072,0.9479,1.1019,0.8082,1.3182,0.9512,1.0642,1.2757,0.7957,0.6310,0.4212,0.6241,0.7888,1.1827,0.7664,0.8656,0.9144,0.7560,0.4165,0.5948,1.5753,1.9052,1.0331,1.0257,1.1709,0.9134,0.7010,1.3981,1.5343,1.1580,0.9473,2.4968,0.7174,0.7825,0.6047,0.6628,1.2714,1.0896,1.1671,1.1987,0.8187,1.0131"
9,2026-09-23 22:56:53,Ours,0.01,3.6446786373809563,7.69,7.69,9,51.7242,0:51.72,49.9108,0.6414,1.1669,506.2323,8:26.23,50,"34,30,37,2,35,10,40,48,6,25,26,39,46,45,13,33,1,43,19,0,11,8,20,38,22,28,23,16,18,9,27,17,12,15,29,31,44,3,4,7,32,36,42,14,5,41,47,49,24,21",34:36;30:39;37:42;2:21;35:30;10:34;40:44;48:56;6:31;25:67;26:19;39:10;46:38;45:10;13:41;33:26;1:14;43:49;19:26;0:52;11:28;8:18;20:58;38:19;22:39;28:58;23:68;16:41;18:53;9:26;27:27;17:49;12:38;15:36;29:46;31:27;44:47;3:23;4:59;7:46;32:15;36:30;42:14;14:37;5:52;41:51;47:25;49:12;24:25;21:66,"34:[2,3,4];30:[3,4,5];37:[2,3,4,5];2:[6,7];35:[0,1,2];10:[2,3,4];40:[0,1,6,7];48:[3,4,5,6,7];6:[0,1,2];25:[0,1,2,3,4,7];26:[6];39:[4];46:[0,1,2];45:[5];13:[0,1,2,3];33:[3,4];1:[7];43:[0,5,6,7];19:[6,7];0:[0,4,5,6,7];11:[0,1];8:[0];20:[0,4,5,6,7];38:[3];22:[0,6,7];28:[0,1,2,3,7];23:[0,1,2,3,6,7];16:[0,5,6,7];18:[1,2,3,4,5];9:[0,7];27:[4,5];17:[1,2,3,4];12:[4,5,6];15:[5,6,7];29:[0,1,2,7];31:[2,3];44:[0,5,6,7];3:[1,2];4:[0,4,5,6,7];7:[0,1,2,3];32:[3];36:[0,1,7];42:[7];14:[4,5,6];5:[3,4,5,6,7];41:[0,4,5,6,7];47:[3,4];49:[4];24:[0,1];21:[0,1,4,5,6,7]","c34:bw=36,experts=[2,3,4]; c30:bw=39,experts=[3,4,5]; c37:bw=42,experts=[2,3,4,5]; c2:bw=21,experts=[6,7]; c35:bw=30,experts=[0,1,2]; c10:bw=34,experts=[2,3,4]; c40:bw=44,experts=[0,1,6,7]; c48:bw=56,experts=[3,4,5,6,7]; c6:bw=31,experts=[0,1,2]; c25:bw=67,experts=[0,1,2,3,4,7]; c26:bw=19,experts=[6]; c39:bw=10,experts=[4]; c46:bw=38,experts=[0,1,2]; c45:bw=10,experts=[5]; c13:bw=41,experts=[0,1,2,3]; c33:bw=26,experts=[3,4]; c1:bw=14,experts=[7]; c43:bw=49,experts=[0,5,6,7]; c19:bw=26,experts=[6,7]; c0:bw=52,experts=[0,4,5,6,7]; c11:bw=28,experts=[0,1]; c8:bw=18,experts=[0]; c20:bw=58,experts=[0,4,5,6,7]; c38:bw=19,experts=[3]; c22:bw=39,experts=[0,6,7]; c28:bw=58,experts=[0,1,2,3,7]; c23:bw=68,experts=[0,1,2,3,6,7]; c16:bw=41,experts=[0,5,6,7]; c18:bw=53,experts=[1,2,3,4,5]; c9:bw=26,experts=[0,7]; c27:bw=27,experts=[4,5]; c17:bw=49,experts=[1,2,3,4]; c12:bw=38,experts=[4,5,6]; c15:bw=36,experts=[5,6,7]; c29:bw=46,experts=[0,1,2,7]; c31:bw=27,experts=[2,3]; c44:bw=47,experts=[0,5,6,7]; c3:bw=23,experts=[1,2]; c4:bw=59,experts=[0,4,5,6,7]; c7:bw=46,experts=[0,1,2,3]; c32:bw=15,experts=[3]; c36:bw=30,experts=[0,1,7]; c42:bw=14,experts=[7]; c14:bw=37,experts=[4,5,6]; c5:bw=52,experts=[3,4,5,6,7]; c41:bw=51,experts=[0,4,5,6,7]; c47:bw=25,experts=[3,4]; c49:bw=12,experts=[4]; c24:bw=25,experts=[0,1]; c21:bw=66,experts=[0,1,4,5,6,7]","0.8324,1.0430,0.8020,0.6219,0.8794,0.9226,1.0064,0.6379,1.1712,1.9220,1.1956,1.0111,0.7560,1.5680,0.7609,1.0468,0.9191,0.8089,0.9621,0.4320,0.7495,0.7412,1.1794,0.6252,1.2818,0.8012,1.1711,1.5863,0.9469,1.0226,1.0963,0.7814,0.6302,0.7590,1.1802,1.1094,0.7031,1.0527,1.1630,0.5910,1.1937,0.7777,0.9495,1.2995,1.5271,0.4235,0.6626,2.4934,0.7182,1.3950"
10,2026-09-23 22:57:45,Ours,0.01,3.6420929076848125,8.24,8.24,10,51.7936,0:51.79,50.0012,0.6428,1.1445,558.0408,9:18.04,50,"44,35,6,14,5,24,33,8,17,2,16,7,31,10,39,34,26,23,38,43,12,45,0,18,30,19,1,3,40,46,9,47,22,41,32,20,37,49,48,11,42,29,4,27,13,28,21,36,15,25",44:42;35:40;6:65;14:57;5:58;24:68;33:15;8:35;17:35;2:34;16:44;7:37;31:10;10:54;39:48;34:29;26:58;23:10;38:43;43:42;12:52;45:39;0:59;18:28;30:20;19:43;1:41;3:46;40:34;46:10;9:35;47:33;22:10;41:44;32:41;20:10;37:33;49:12;48:17;11:21;42:41;29:25;4:37;27:24;13:38;28:24;21:10;36:43;15:10;25:66,"44:[1,2,3,4];35:[3,4,5,6];6:[0,3,4,5,6,7];14:[0,1,2,3,7];5:[0,1,2,3,4];24:[2,3,4,5,6,7];33:[5];8:[1,2,3];17:[5,6,7];2:[0,1,2];16:[1,2,3,4];7:[4,5,6];31:[4];10:[0,1,5,6,7];39:[0,5,6,7];34:[5,6];26:[0,1,2,3,7];23:[4];38:[4,5,6,7];43:[1,2,3,4];12:[0,1,2,3,7];45:[0,6,7];0:[1,2,3,4,5];18:[6,7];30:[6,7];19:[0,1,2,3];1:[0,1,2,3];3:[3,4,5,6];40:[2,3,4];46:[3];9:[1,2,3];47:[5,6,7];22:[1];41:[1,2,3,4];32:[4,5,6,7];20:[1];37:[0,6,7];49:[5];48:[0];11:[2,3];42:[0,1,2,3];29:[3,4];4:[1,2,3];27:[6,7];13:[4,5,6];28:[4,5];21:[2];36:[2,3,4,5];15:[0];25:[0,1,2,5,6,7]","c44:bw=42,experts=[1,2,3,4]; c35:bw=40,experts=[3,4,5,6]; c6:bw=65,experts=[0,3,4,5,6,7]; c14:bw=57,experts=[0,1,2,3,7]; c5:bw=58,experts=[0,1,2,3,4]; c24:bw=68,experts=[2,3,4,5,6,7]; c33:bw=15,experts=[5]; c8:bw=35,experts=[1,2,3]; c17:bw=35,experts=[5,6,7]; c2:bw=34,experts=[0,1,2]; c16:bw=44,experts=[1,2,3,4]; c7:bw=37,experts=[4,5,6]; c31:bw=10,experts=[4]; c10:bw=54,experts=[0,1,5,6,7]; c39:bw=48,experts=[0,5,6,7]; c34:bw=29,experts=[5,6]; c26:bw=58,experts=[0,1,2,3,7]; c23:bw=10,experts=[4]; c38:bw=43,experts=[4,5,6,7]; c43:bw=42,experts=[1,2,3,4]; c12:bw=52,experts=[0,1,2,3,7]; c45:bw=39,experts=[0,6,7]; c0:bw=59,experts=[1,2,3,4,5]; c18:bw=28,experts=[6,7]; c30:bw=20,experts=[6,7]; c19:bw=43,experts=[0,1,2,3]; c1:bw=41,experts=[0,1,2,3]; c3:bw=46,experts=[3,4,5,6]; c40:bw=34,experts=[2,3,4]; c46:bw=10,experts=[3]; c9:bw=35,experts=[1,2,3]; c47:bw=33,experts=[5,6,7]; c22:bw=10,experts=[1]; c41:bw=44,experts=[1,2,3,4]; c32:bw=41,experts=[4,5,6,7]; c20:bw=10,experts=[1]; c37:bw=33,experts=[0,6,7]; c49:bw=12,experts=[5]; c48:bw=17,experts=[0]; c11:bw=21,experts=[2,3]; c42:bw=41,experts=[0,1,2,3]; c29:bw=25,experts=[3,4]; c4:bw=37,experts=[1,2,3]; c27:bw=24,experts=[6,7]; c13:bw=38,experts=[4,5,6]; c28:bw=24,experts=[4,5]; c21:bw=10,experts=[2]; c36:bw=43,experts=[2,3,4,5]; c15:bw=10,experts=[0]; c25:bw=66,experts=[0,1,2,5,6,7]","0.7159,0.8771,1.1799,1.3258,1.5429,0.7369,1.0526,0.7497,0.7999,0.6076,1.6054,0.6192,1.1162,0.9224,1.0137,0.8296,1.2076,1.1798,0.6293,0.8043,0.6351,1.5596,0.4225,0.9431,1.0291,0.9549,0.9172,1.0649,0.9937,0.7529,1.0372,0.6631,1.2840,0.4209,1.1808,1.1658,0.7921,2.4752,0.6182,0.7471,0.9467,1.1811,1.1419,1.0906,0.7602,0.8770,1.3956,0.7787,0.7570,1.8994"
11,2026-09-23 22:58:36,Ours,0.01,3.6243716049103285,8.35,8.35,11,51.8597,0:51.86,50.025,0.6467,1.183,609.9141,10:09.91,50,"21,38,48,46,23,5,37,15,26,13,41,19,14,0,2,35,27,4,49,24,31,10,45,17,20,3,6,8,18,40,29,33,47,36,44,7,25,16,22,34,1,30,11,12,28,43,42,9,39,32",21:34;38:30;48:21;46:10;23:63;5:28;37:24;15:44;26:33;13:40;41:21;19:25;14:15;0:28;2:27;35:10;27:53;4:16;49:40;24:45;31:45;10:35;45:37;17:44;20:10;3:50;6:55;8:39;18:47;40:46;29:10;33:44;47:10;36:22;44:46;7:44;25:10;16:43;22:10;34:48;1:40;30:49;11:34;12:20;28:26;43:51;42:33;9:33;39:25;32:52,"21:[3,4,5];38:[0,1,2];48:[1,2];46:[4];23:[0,1,2,5,6,7];5:[5,6];37:[1,2];15:[1,2,3,4];26:[4,5,6];13:[0,1,2,7];41:[5,6];19:[4,5];14:[4];0:[6,7];2:[3,4];35:[7];27:[0,1,2,3,4];4:[4];49:[0,1,6,7];24:[0,1,2,3];31:[0,5,6,7];10:[2,3,4];45:[1,2,3];17:[0,1,2,3];20:[2];3:[0,1,2,3,7];6:[1,2,3,4,5];8:[4,5,6];18:[0,1,2,3];40:[0,5,6,7];29:[5];33:[0,1,6,7];47:[0];36:[6,7];44:[0,5,6,7];7:[0,1,2,7];25:[3];16:[0,5,6,7];22:[2];34:[0,1,2,7];1:[4,5,6,7];30:[0,1,2,3];11:[4,5,6];12:[4,5];28:[6,7];43:[0,1,5,6,7];42:[4,5,6];9:[4,5,6];39:[1,2];32:[0,1,2,3,4]","c21:bw=34,experts=[3,4,5]; c38:bw=30,experts=[0,1,2]; c48:bw=21,experts=[1,2]; c46:bw=10,experts=[4]; c23:bw=63,experts=[0,1,2,5,6,7]; c5:bw=28,experts=[5,6]; c37:bw=24,experts=[1,2]; c15:bw=44,experts=[1,2,3,4]; c26:bw=33,experts=[4,5,6]; c13:bw=40,experts=[0,1,2,7]; c41:bw=21,experts=[5,6]; c19:bw=25,experts=[4,5]; c14:bw=15,experts=[4]; c0:bw=28,experts=[6,7]; c2:bw=27,experts=[3,4]; c35:bw=10,experts=[7]; c27:bw=53,experts=[0,1,2,3,4]; c4:bw=16,experts=[4]; c49:bw=40,experts=[0,1,6,7]; c24:bw=45,experts=[0,1,2,3]; c31:bw=45,experts=[0,5,6,7]; c10:bw=35,experts=[2,3,4]; c45:bw=37,experts=[1,2,3]; c17:bw=44,experts=[0,1,2,3]; c20:bw=10,experts=[2]; c3:bw=50,experts=[0,1,2,3,7]; c6:bw=55,experts=[1,2,3,4,5]; c8:bw=39,experts=[4,5,6]; c18:bw=47,experts=[0,1,2,3]; c40:bw=46,experts=[0,5,6,7]; c29:bw=10,experts=[5]; c33:bw=44,experts=[0,1,6,7]; c47:bw=10,experts=[0]; c36:bw=22,experts=[6,7]; c44:bw=46,experts=[0,5,6,7]; c7:bw=44,experts=[0,1,2,7]; c25:bw=10,experts=[3]; c16:bw=43,experts=[0,5,6,7]; c22:bw=10,experts=[2]; c34:bw=48,experts=[0,1,2,7]; c1:bw=40,experts=[4,5,6,7]; c30:bw=49,experts=[0,1,2,3]; c11:bw=34,experts=[4,5,6]; c12:bw=20,experts=[4,5]; c28:bw=26,experts=[6,7]; c43:bw=51,experts=[0,1,5,6,7]; c42:bw=33,experts=[4,5,6]; c9:bw=33,experts=[4,5,6]; c39:bw=25,experts=[1,2]; c32:bw=52,experts=[0,1,2,3,4]","1.4212,0.6262,0.6317,0.7582,1.1846,1.5560,0.7970,0.7633,1.1883,0.7588,0.4292,0.9669,1.3251,0.4239,0.6162,0.8784,1.1192,1.1684,2.5266,0.7257,1.1145,0.9150,1.5661,0.7927,1.1789,1.0708,1.1665,0.7441,0.9512,0.9886,1.1896,1.0363,0.6632,0.7758,0.6956,0.6015,1.8995,1.5966,1.2690,0.8264,0.9308,1.0220,0.7431,0.6240,0.7982,0.8071,0.9478,1.0346,1.0037,1.2067"
12,2026-09-23 22:59:39,Ours,0.01,3.5299376242472476,10.1,10.1,12,62.0289,1:02.03,59.8512,0.7802,1.391,671.9591,11:11.96,50,"41,7,0,5,1,33,45,10,43,48,28,30,17,26,9,23,39,32,31,3,44,46,2,4,20,15,14,25,37,42,13,27,6,8,36,38,11,35,18,49,21,47,19,16,29,40,34,24,22,12",41:44;7:30;0:49;5:56;1:42;33:10;45:30;10:62;43:34;48:65;28:11;30:58;17:39;26:21;9:42;23:60;39:35;32:47;31:57;3:35;44:44;46:10;2:57;4:28;20:75;15:36;14:29;25:44;37:38;42:54;13:53;27:51;6:29;8:55;36:41;38:26;11:45;35:58;18:45;49:60;21:61;47:38;19:31;16:28;29:52;40:28;34:56;24:24;22:54;12:73,"41:[0,1,2,7];7:[3,4,5];0:[0,1,2,3];5:[0,1,2,3,7];1:[0,1,2,3];33:[2];45:[4,5,6];10:[0,1,2,5,6,7];43:[2,3,4];48:[0,3,4,5,6,7];28:[0];30:[0,4,5,6,7];17:[4,5,6];26:[0,7];9:[0,1,2,7];23:[0,3,4,5,6,7];39:[3,4,5];32:[0,5,6,7];31:[1,2,3,4,5];3:[4,5,6];44:[1,2,3,4];46:[5];2:[0,1,5,6,7];4:[5,6];20:[0,1,3,4,5,6,7];15:[5,6,7];14:[5,6];25:[4,5,6,7];37:[3,4,5];42:[0,1,2,3,7];13:[3,4,5,6,7];27:[0,1,5,6,7];6:[6,7];8:[0,1,2,3,7];36:[0,1,2,3];38:[3,4];11:[0,1,2,7];35:[0,1,2,3,4];18:[4,5,6,7];49:[2,3,4,5,6,7];21:[0,1,2,3,6,7];47:[1,2,3];19:[0,6,7];16:[1,2];29:[0,1,2,6,7];40:[1,2];34:[3,4,5,6,7];24:[4,5];22:[3,4,5,6,7];12:[0,1,2,3,4,6,7]","c41:bw=44,experts=[0,1,2,7]; c7:bw=30,experts=[3,4,5]; c0:bw=49,experts=[0,1,2,3]; c5:bw=56,experts=[0,1,2,3,7]; c1:bw=42,experts=[0,1,2,3]; c33:bw=10,experts=[2]; c45:bw=30,experts=[4,5,6]; c10:bw=62,experts=[0,1,2,5,6,7]; c43:bw=34,experts=[2,3,4]; c48:bw=65,experts=[0,3,4,5,6,7]; c28:bw=11,experts=[0]; c30:bw=58,experts=[0,4,5,6,7]; c17:bw=39,experts=[4,5,6]; c26:bw=21,experts=[0,7]; c9:bw=42,experts=[0,1,2,7]; c23:bw=60,experts=[0,3,4,5,6,7]; c39:bw=35,experts=[3,4,5]; c32:bw=47,experts=[0,5,6,7]; c31:bw=57,experts=[1,2,3,4,5]; c3:bw=35,experts=[4,5,6]; c44:bw=44,experts=[1,2,3,4]; c46:bw=10,experts=[5]; c2:bw=57,experts=[0,1,5,6,7]; c4:bw=28,experts=[5,6]; c20:bw=75,experts=[0,1,3,4,5,6,7]; c15:bw=36,experts=[5,6,7]; c14:bw=29,experts=[5,6]; c25:bw=44,experts=[4,5,6,7]; c37:bw=38,experts=[3,4,5]; c42:bw=54,experts=[0,1,2,3,7]; c13:bw=53,experts=[3,4,5,6,7]; c27:bw=51,experts=[0,1,5,6,7]; c6:bw=29,experts=[6,7]; c8:bw=55,experts=[0,1,2,3,7]; c36:bw=41,experts=[0,1,2,3]; c38:bw=26,experts=[3,4]; c11:bw=45,experts=[0,1,2,7]; c35:bw=58,experts=[0,1,2,3,4]; c18:bw=45,experts=[4,5,6,7]; c49:bw=60,experts=[2,3,4,5,6,7]; c21:bw=61,experts=[0,1,2,3,6,7]; c47:bw=38,experts=[1,2,3]; c19:bw=31,experts=[0,6,7]; c16:bw=28,experts=[1,2]; c29:bw=52,experts=[0,1,2,6,7]; c40:bw=28,experts=[1,2]; c34:bw=56,experts=[3,4,5,6,7]; c24:bw=24,experts=[4,5]; c22:bw=54,experts=[3,4,5,6,7]; c12:bw=73,experts=[0,1,2,3,4,6,7]","0.4418,0.6893,0.4782,1.6232,1.1131,1.3281,1.9019,1.1288,0.9671,0.7544,0.9607,1.2290,0.9454,1.4445,1.2316,1.3758,1.1757,1.4742,1.3285,1.2293,0.8377,0.8890,0.7221,1.3395,1.4516,0.9306,1.6192,2.3380,0.9809,1.1536,0.8990,1.3174,1.3911,0.8908,0.9463,0.7459,0.9069,1.0452,1.2227,3.0787,1.7175,0.7583,1.1124,1.8817,1.3947,1.1715,1.0203,0.8937,1.6125,0.7617"
13,2026-09-23 23:00:39,Ours,0.01,3.538053541890526,11.38,11.38,13,60.6961,1:00.70,58.6896,0.7027,1.2983,732.6755,12:12.68,50,"47,14,13,10,38,30,33,17,42,34,25,31,22,49,15,27,2,20,23,9,29,32,11,35,5,40,3,44,24,46,48,19,21,0,7,18,36,28,4,1,26,8,41,39,12,45,6,37,16,43",47:25;14:70;13:32;10:42;38:43;30:24;33:23;17:55;42:31;34:42;25:58;31:10;22:75;49:27;15:38;27:57;2:16;20:10;23:53;9:15;29:49;32:10;11:52;35:42;5:29;40:56;3:30;44:17;24:35;46:58;48:42;19:36;21:30;0:25;7:58;18:51;36:53;28:47;4:10;1:47;26:17;8:15;41:22;39:51;12:42;45:48;6:36;37:56;16:10;43:10,"47:[4,5];14:[0,1,2,3,4,5,7];13:[0,1,2];10:[3,4,5,6];38:[0,5,6,7];30:[1,2];33:[3,4];17:[0,1,2,3,7];42:[4,5,6];34:[0,1,2,3];25:[0,1,2,3,4];31:[6];22:[0,1,2,3,4,5,6];49:[0,1];15:[0,1,2];27:[2,3,4,5,6];2:[2];20:[2];23:[1,2,3,4,5];9:[3];29:[3,4,5,6];32:[1];11:[3,4,5,6,7];35:[0,5,6,7];5:[4,5];40:[3,4,5,6,7];3:[0,1,7];44:[5];24:[0,6,7];46:[0,1,2,6,7];48:[1,2,3,4];19:[1,2,3];21:[4,5,6];0:[4,5];7:[0,1,2,6,7];18:[0,1,2,3,4];36:[0,4,5,6,7];28:[1,2,3,4];4:[7];1:[4,5,6,7];26:[1];8:[4];41:[3,4];39:[0,1,2,6,7];12:[0,5,6,7];45:[0,1,2,7];6:[0,1,2];37:[0,1,2,6,7];16:[3];43:[5]","c47:bw=25,experts=[4,5]; c14:bw=70,experts=[0,1,2,3,4,5,7]; c13:bw=32,experts=[0,1,2]; c10:bw=42,experts=[3,4,5,6]; c38:bw=43,experts=[0,5,6,7]; c30:bw=24,experts=[1,2]; c33:bw=23,experts=[3,4]; c17:bw=55,experts=[0,1,2,3,7]; c42:bw=31,experts=[4,5,6]; c34:bw=42,experts=[0,1,2,3]; c25:bw=58,experts=[0,1,2,3,4]; c31:bw=10,experts=[6]; c22:bw=75,experts=[0,1,2,3,4,5,6]; c49:bw=27,experts=[0,1]; c15:bw=38,experts=[0,1,2]; c27:bw=57,experts=[2,3,4,5,6]; c2:bw=16,experts=[2]; c20:bw=10,experts=[2]; c23:bw=53,experts=[1,2,3,4,5]; c9:bw=15,experts=[3]; c29:bw=49,experts=[3,4,5,6]; c32:bw=10,experts=[1]; c11:bw=52,experts=[3,4,5,6,7]; c35:bw=42,experts=[0,5,6,7]; c5:bw=29,experts=[4,5]; c40:bw=56,experts=[3,4,5,6,7]; c3:bw=30,experts=[0,1,7]; c44:bw=17,experts=[5]; c24:bw=35,experts=[0,6,7]; c46:bw=58,experts=[0,1,2,6,7]; c48:bw=42,experts=[1,2,3,4]; c19:bw=36,experts=[1,2,3]; c21:bw=30,experts=[4,5,6]; c0:bw=25,experts=[4,5]; c7:bw=58,experts=[0,1,2,6,7]; c18:bw=51,experts=[0,1,2,3,4]; c36:bw=53,experts=[0,4,5,6,7]; c28:bw=47,experts=[1,2,3,4]; c4:bw=10,experts=[7]; c1:bw=47,experts=[4,5,6,7]; c26:bw=17,experts=[1]; c8:bw=15,experts=[4]; c41:bw=22,experts=[3,4]; c39:bw=51,experts=[0,1,2,6,7]; c12:bw=42,experts=[0,5,6,7]; c45:bw=48,experts=[0,1,2,7]; c6:bw=36,experts=[0,1,2]; c37:bw=56,experts=[0,1,2,6,7]; c16:bw=10,experts=[3]; c43:bw=10,experts=[5]","0.8223,1.5713,0.8679,1.0420,0.7150,1.1674,1.2405,0.9098,1.1012,0.9548,2.2023,1.3155,1.4781,2.9737,0.9508,1.4307,0.7795,1.8458,1.4630,1.3300,1.4050,1.3659,0.8844,0.9767,1.7185,1.2022,1.0968,0.7019,0.7496,0.8671,0.6871,0.9951,1.5418,0.5077,0.7233,1.1740,0.9228,0.8734,1.3775,1.0978,1.4206,0.8827,0.4986,1.1964,0.7475,1.8539,1.3330,0.9923,1.8475,0.8868"
14,2026-09-23 23:01:40,Ours,0.01,3.550023061371269,10.74,11.38,13,60.3984,1:00.40,58.1705,0.7539,1.4685,793.0943,13:13.09,50,"33,25,29,47,6,8,23,1,12,44,3,28,38,4,16,46,26,45,7,49,9,11,39,22,41,2,27,21,40,0,30,14,13,17,19,18,34,35,36,10,42,15,20,31,43,5,37,32,24,48",33:48;25:53;29:36;47:33;6:67;8:21;23:63;1:38;12:43;44:14;3:45;28:49;38:32;4:10;16:19;46:13;26:42;45:22;7:25;49:28;9:32;11:36;39:32;22:35;41:25;2:45;27:40;21:36;40:40;0:25;30:53;14:25;13:34;17:10;19:42;18:63;34:12;35:25;36:36;10:31;42:22;15:12;20:31;31:13;43:10;5:64;37:50;32:20;24:42;48:18,"33:[0,5,6,7];25:[0,1,5,6,7];29:[0,1,7];47:[0,6,7];6:[0,3,4,5,6,7];8:[5,6];23:[0,1,2,3,6,7];1:[0,1,2];12:[1,2,3,4];44:[6];3:[2,3,4,5];28:[0,5,6,7];38:[1,2,3];4:[0];16:[4];46:[3];26:[2,3,4,5];45:[3,4];7:[3,4];49:[2,3];9:[4,5,6];11:[0,1,2];39:[3,4,5];22:[0,1,7];41:[5,6];2:[3,4,5,6];27:[0,1,2,7];21:[0,1,7];40:[0,1,2,3];0:[6,7];30:[3,4,5,6,7];14:[6,7];13:[3,4,5];17:[4];19:[4,5,6,7];18:[0,1,2,5,6,7];34:[4];35:[1,2];36:[1,2,3];10:[0,1,7];42:[0,7];15:[3];20:[3,4,5];31:[7];43:[6];5:[0,1,2,3,6,7];37:[3,4,5,6,7];32:[2,3];24:[1,2,3,4];48:[5]","c33:bw=48,experts=[0,5,6,7]; c25:bw=53,experts=[0,1,5,6,7]; c29:bw=36,experts=[0,1,7]; c47:bw=33,experts=[0,6,7]; c6:bw=67,experts=[0,3,4,5,6,7]; c8:bw=21,experts=[5,6]; c23:bw=63,experts=[0,1,2,3,6,7]; c1:bw=38,experts=[0,1,2]; c12:bw=43,experts=[1,2,3,4]; c44:bw=14,experts=[6]; c3:bw=45,experts=[2,3,4,5]; c28:bw=49,experts=[0,5,6,7]; c38:bw=32,experts=[1,2,3]; c4:bw=10,experts=[0]; c16:bw=19,experts=[4]; c46:bw=13,experts=[3]; c26:bw=42,experts=[2,3,4,5]; c45:bw=22,experts=[3,4]; c7:bw=25,experts=[3,4]; c49:bw=28,experts=[2,3]; c9:bw=32,experts=[4,5,6]; c11:bw=36,experts=[0,1,2]; c39:bw=32,experts=[3,4,5]; c22:bw=35,experts=[0,1,7]; c41:bw=25,experts=[5,6]; c2:bw=45,experts=[3,4,5,6]; c27:bw=40,experts=[0,1,2,7]; c21:bw=36,experts=[0,1,7]; c40:bw=40,experts=[0,1,2,3]; c0:bw=25,experts=[6,7]; c30:bw=53,experts=[3,4,5,6,7]; c14:bw=25,experts=[6,7]; c13:bw=34,experts=[3,4,5]; c17:bw=10,experts=[4]; c19:bw=42,experts=[4,5,6,7]; c18:bw=63,experts=[0,1,2,5,6,7]; c34:bw=12,experts=[4]; c35:bw=25,experts=[1,2]; c36:bw=36,experts=[1,2,3]; c10:bw=31,experts=[0,1,7]; c42:bw=22,experts=[0,7]; c15:bw=12,experts=[3]; c20:bw=31,experts=[3,4,5]; c31:bw=13,experts=[7]; c43:bw=10,experts=[6]; c5:bw=64,experts=[0,1,2,3,6,7]; c37:bw=50,experts=[3,4,5,6,7]; c32:bw=20,experts=[2,3]; c24:bw=42,experts=[1,2,3,4]; c48:bw=18,experts=[5]","1.2178,2.1569,1.4404,0.8059,1.3832,0.8963,1.4052,1.1254,0.7504,0.7999,1.2183,0.9262,0.7139,1.3107,1.8823,0.9005,1.4449,1.9095,0.7289,3.0990,1.2237,0.8690,1.1566,1.4733,0.4841,0.6961,1.2819,1.6786,1.1763,0.5078,1.2408,1.5794,0.9046,0.9159,1.0678,1.0561,0.8973,0.9659,0.8945,1.0435,1.0500,0.8437,1.3028,1.2324,0.9088,1.7798,0.8876,1.3397,0.8054,0.7912"
15,2026-09-23 23:02:37,Ours,0.01,3.4998074051845975,13.01,13.01,15,57.3169,0:57.32,55.3765,0.7395,1.1952,850.4357,14:10.44,50,"15,3,33,49,13,7,44,11,42,38,6,41,18,2,46,39,30,45,20,10,47,14,31,25,21,0,23,22,36,40,48,37,29,9,1,24,4,17,5,34,43,28,27,12,19,32,8,16,26,35",15:10;3:10;33:45;49:10;13:60;7:59;44:59;11:55;42:66;38:41;6:33;41:45;18:34;2:53;46:25;39:66;30:34;45:25;20:43;10:13;47:49;14:50;31:54;25:32;21:14;0:20;23:58;22:60;36:52;40:18;48:14;37:26;29:10;9:19;1:14;24:45;4:47;17:47;5:18;34:37;43:42;28:40;27:36;12:10;19:59;32:58;8:52;16:29;26:48;35:11,"15:[4];3:[6];33:[1,2,3,4];49:[4];13:[0,1,2,3,6,7];7:[0,1,5,6,7];44:[0,1,2,3,7];11:[3,4,5,6,7];42:[1,2,3,4,5,6];38:[4,5,6,7];6:[1,2,3];41:[0,1,2,7];18:[3,4,5];2:[0,1,2,3,7];46:[4,5];39:[0,1,2,3,6,7];30:[0,1,2];45:[5,6];20:[0,1,6,7];10:[2];47:[1,2,3,4];14:[0,1,2,3,4];31:[0,1,2,3,4];25:[2,3,4];21:[2];0:[0,1];23:[0,4,5,6,7];22:[2,3,4,5,6,7];36:[0,4,5,6,7];40:[4];48:[6];37:[0,1];29:[2];9:[7];1:[3];24:[0,5,6,7];4:[1,2,3,4];17:[0,5,6,7];5:[4];34:[5,6,7];43:[0,1,2,7];28:[1,2,3,4];27:[3,4,5];12:[5];19:[0,1,2,3,4];32:[0,4,5,6,7];8:[0,1,2,3,7];16:[5,6];26:[0,1,6,7];35:[3]","c15:bw=10,experts=[4]; c3:bw=10,experts=[6]; c33:bw=45,experts=[1,2,3,4]; c49:bw=10,experts=[4]; c13:bw=60,experts=[0,1,2,3,6,7]; c7:bw=59,experts=[0,1,5,6,7]; c44:bw=59,experts=[0,1,2,3,7]; c11:bw=55,experts=[3,4,5,6,7]; c42:bw=66,experts=[1,2,3,4,5,6]; c38:bw=41,experts=[4,5,6,7]; c6:bw=33,experts=[1,2,3]; c41:bw=45,experts=[0,1,2,7]; c18:bw=34,experts=[3,4,5]; c2:bw=53,experts=[0,1,2,3,7]; c46:bw=25,experts=[4,5]; c39:bw=66,experts=[0,1,2,3,6,7]; c30:bw=34,experts=[0,1,2]; c45:bw=25,experts=[5,6]; c20:bw=43,experts=[0,1,6,7]; c10:bw=13,experts=[2]; c47:bw=49,experts=[1,2,3,4]; c14:bw=50,experts=[0,1,2,3,4]; c31:bw=54,experts=[0,1,2,3,4]; c25:bw=32,experts=[2,3,4]; c21:bw=14,experts=[2]; c0:bw=20,experts=[0,1]; c23:bw=58,experts=[0,4,5,6,7]; c22:bw=60,experts=[2,3,4,5,6,7]; c36:bw=52,experts=[0,4,5,6,7]; c40:bw=18,experts=[4]; c48:bw=14,experts=[6]; c37:bw=26,experts=[0,1]; c29:bw=10,experts=[2]; c9:bw=19,experts=[7]; c1:bw=14,experts=[3]; c24:bw=45,experts=[0,5,6,7]; c4:bw=47,experts=[1,2,3,4]; c17:bw=47,experts=[0,5,6,7]; c5:bw=18,experts=[4]; c34:bw=37,experts=[5,6,7]; c43:bw=42,experts=[0,1,2,7]; c28:bw=40,experts=[1,2,3,4]; c27:bw=36,experts=[3,4,5]; c12:bw=10,experts=[5]; c19:bw=59,experts=[0,1,2,3,4]; c32:bw=58,experts=[0,4,5,6,7]; c8:bw=52,experts=[0,1,2,3,7]; c16:bw=29,experts=[5,6]; c26:bw=48,experts=[0,1,6,7]; c35:bw=11,experts=[3]","0.9694,1.3563,1.3456,3.0897,0.8427,0.7039,0.8699,0.8773,1.0031,0.6536,1.2361,0.4882,1.0023,0.6245,0.7590,1.0351,1.0479,1.7329,1.3286,1.0612,0.7605,1.5181,1.2483,2.0725,1.5520,0.4670,1.2811,1.3190,0.7963,1.0134,0.6363,0.7960,1.2009,1.0547,0.9319,0.7362,1.2002,0.8050,1.6255,0.8291,0.8120,0.8059,1.1077,0.6246,1.0577,1.5552,0.9289,2.0023,1.5189,1.0916"
16,2026-09-23 23:03:30,Ours,0.01,3.477527567726574,12.52,13.01,15,53.2271,0:53.23,51.14,0.7001,1.3814,903.6784,15:03.68,50,"23,22,47,19,42,40,39,49,5,6,35,10,34,43,46,44,37,14,15,45,4,24,28,38,11,17,26,2,29,21,1,32,25,7,30,27,33,31,41,3,12,0,8,13,20,16,18,48,9,36",23:12;22:53;47:28;19:62;42:49;40:51;39:55;49:54;5:40;6:40;35:70;10:22;34:63;43:24;46:19;44:45;37:10;14:29;15:48;45:47;4:35;24:25;28:56;38:43;11:10;17:43;26:51;2:52;29:37;21:49;1:29;32:33;25:35;7:22;30:40;27:57;33:57;31:28;41:25;3:43;12:14;0:57;8:49;13:24;20:50;16:54;18:12;48:30;9:24;36:44,"23:[1];22:[0,1,2,3,4];47:[5,6];19:[0,1,2,5,6,7];42:[0,1,2,7];40:[0,1,5,6,7];39:[0,4,5,6,7];49:[0,1,5,6,7];5:[0,5,6,7];6:[4,5,6,7];35:[0,1,2,4,5,6,7];10:[3,4];34:[0,1,2,3,4,5];43:[3,4];46:[6];44:[4,5,6,7];37:[2];14:[5,6];15:[0,5,6,7];45:[0,1,2,7];4:[5,6,7];24:[1,2];28:[0,1,5,6,7];38:[0,1,2,3];11:[0];17:[1,2,3,4];26:[2,3,4,5,6];2:[0,4,5,6,7];29:[3,4,5];21:[3,4,5,6];1:[4,5];32:[1,2,3];25:[5,6,7];7:[2,3];30:[3,4,5,6];27:[0,1,2,6,7];33:[0,1,5,6,7];31:[5,6];41:[3,4];3:[0,1,2,7];12:[6];0:[2,3,4,5,6];8:[4,5,6,7];13:[4,5];20:[2,3,4,5,6];16:[0,1,2,3,7];18:[6];48:[0,1,7];9:[0,1];36:[1,2,3,4]","c23:bw=12,experts=[1]; c22:bw=53,experts=[0,1,2,3,4]; c47:bw=28,experts=[5,6]; c19:bw=62,experts=[0,1,2,5,6,7]; c42:bw=49,experts=[0,1,2,7]; c40:bw=51,experts=[0,1,5,6,7]; c39:bw=55,experts=[0,4,5,6,7]; c49:bw=54,experts=[0,1,5,6,7]; c5:bw=40,experts=[0,5,6,7]; c6:bw=40,experts=[4,5,6,7]; c35:bw=70,experts=[0,1,2,4,5,6,7]; c10:bw=22,experts=[3,4]; c34:bw=63,experts=[0,1,2,3,4,5]; c43:bw=24,experts=[3,4]; c46:bw=19,experts=[6]; c44:bw=45,experts=[4,5,6,7]; c37:bw=10,experts=[2]; c14:bw=29,experts=[5,6]; c15:bw=48,experts=[0,5,6,7]; c45:bw=47,experts=[0,1,2,7]; c4:bw=35,experts=[5,6,7]; c24:bw=25,experts=[1,2]; c28:bw=56,experts=[0,1,5,6,7]; c38:bw=43,experts=[0,1,2,3]; c11:bw=10,experts=[0]; c17:bw=43,experts=[1,2,3,4]; c26:bw=51,experts=[2,3,4,5,6]; c2:bw=52,experts=[0,4,5,6,7]; c29:bw=37,experts=[3,4,5]; c21:bw=49,experts=[3,4,5,6]; c1:bw=29,experts=[4,5]; c32:bw=33,experts=[1,2,3]; c25:bw=35,experts=[5,6,7]; c7:bw=22,experts=[2,3]; c30:bw=40,experts=[3,4,5,6]; c27:bw=57,experts=[0,1,2,6,7]; c33:bw=57,experts=[0,1,5,6,7]; c31:bw=28,experts=[5,6]; c41:bw=25,experts=[3,4]; c3:bw=43,experts=[0,1,2,7]; c12:bw=14,experts=[6]; c0:bw=57,experts=[2,3,4,5,6]; c8:bw=49,experts=[4,5,6,7]; c13:bw=24,experts=[4,5]; c20:bw=50,experts=[2,3,4,5,6]; c16:bw=54,experts=[0,1,2,3,7]; c18:bw=12,experts=[6]; c48:bw=30,experts=[0,1,7]; c9:bw=24,experts=[0,1]; c36:bw=44,experts=[1,2,3,4]","1.2099,1.3627,0.6803,0.9878,0.9791,1.0025,1.0247,2.5558,1.5746,1.2083,0.8958,0.9386,0.8402,0.8215,0.7625,0.7206,0.7968,1.3607,0.7796,1.5818,1.1780,0.7524,0.8262,0.6220,0.7519,0.7936,1.2205,0.6200,1.2029,1.4105,0.9378,1.2118,1.8925,0.6153,1.0354,1.1094,1.0585,1.1329,0.4249,1.0792,0.6391,0.4301,0.7527,0.7662,1.2215,1.6936,1.0216,0.6919,1.1546,0.8091"
17,2026-09-23 23:04:26,Ours,0.01,3.5110152790101155,12.08,13.01,15,56.1826,0:56.18,54.3801,0.64,1.1574,959.8821,15:59.88,50,"25,0,11,38,6,48,30,17,34,2,8,13,45,47,46,7,27,21,22,43,18,31,15,24,10,12,42,20,5,1,39,44,19,35,36,40,9,3,28,4,16,41,29,49,23,32,37,33,26,14",25:27;0:11;11:10;38:58;6:39;48:10;30:10;17:11;34:57;2:19;8:10;13:27;45:42;47:46;46:39;7:25;27:27;21:10;22:31;43:10;18:31;31:44;15:50;24:40;10:44;12:74;42:18;20:58;5:10;1:29;39:10;44:60;19:40;35:48;36:21;40:10;9:37;3:52;28:18;4:58;16:30;41:61;29:48;49:27;23:39;32:31;37:21;33:23;26:43;14:33,"25:[0,1];0:[7];11:[1];38:[0,4,5,6,7];6:[0,1,2];48:[2];30:[7];17:[5];34:[0,1,2,6,7];2:[1];8:[0];13:[6,7];45:[3,4,5,6];47:[0,1,2,7];46:[0,1,7];7:[4,5];27:[3,4];21:[7];22:[5,6,7];43:[5];18:[0,1,7];31:[0,1,2,7];15:[1,2,3,4,5];24:[3,4,5,6];10:[0,5,6,7];12:[0,1,2,3,4,5,7];42:[3];20:[0,1,2,3,7];5:[1];1:[6,7];39:[1];44:[0,1,2,3,4,5];19:[3,4,5,6];35:[3,4,5,6];36:[5,6];40:[2];9:[2,3,4];3:[3,4,5,6,7];28:[2];4:[0,1,2,3,4];16:[4,5,6];41:[0,1,2,5,6,7];29:[0,1,6,7];49:[2,3];23:[2,3,4];32:[4,5,6];37:[3,4];33:[2,3];26:[0,1,2,7];14:[0,1,7]","c25:bw=27,experts=[0,1]; c0:bw=11,experts=[7]; c11:bw=10,experts=[1]; c38:bw=58,experts=[0,4,5,6,7]; c6:bw=39,experts=[0,1,2]; c48:bw=10,experts=[2]; c30:bw=10,experts=[7]; c17:bw=11,experts=[5]; c34:bw=57,experts=[0,1,2,6,7]; c2:bw=19,experts=[1]; c8:bw=10,experts=[0]; c13:bw=27,experts=[6,7]; c45:bw=42,experts=[3,4,5,6]; c47:bw=46,experts=[0,1,2,7]; c46:bw=39,experts=[0,1,7]; c7:bw=25,experts=[4,5]; c27:bw=27,experts=[3,4]; c21:bw=10,experts=[7]; c22:bw=31,experts=[5,6,7]; c43:bw=10,experts=[5]; c18:bw=31,experts=[0,1,7]; c31:bw=44,experts=[0,1,2,7]; c15:bw=50,experts=[1,2,3,4,5]; c24:bw=40,experts=[3,4,5,6]; c10:bw=44,experts=[0,5,6,7]; c12:bw=74,experts=[0,1,2,3,4,5,7]; c42:bw=18,experts=[3]; c20:bw=58,experts=[0,1,2,3,7]; c5:bw=10,experts=[1]; c1:bw=29,experts=[6,7]; c39:bw=10,experts=[1]; c44:bw=60,experts=[0,1,2,3,4,5]; c19:bw=40,experts=[3,4,5,6]; c35:bw=48,experts=[3,4,5,6]; c36:bw=21,experts=[5,6]; c40:bw=10,experts=[2]; c9:bw=37,experts=[2,3,4]; c3:bw=52,experts=[3,4,5,6,7]; c28:bw=18,experts=[2]; c4:bw=58,experts=[0,1,2,3,4]; c16:bw=30,experts=[4,5,6]; c41:bw=61,experts=[0,1,2,5,6,7]; c29:bw=48,experts=[0,1,6,7]; c49:bw=27,experts=[2,3]; c23:bw=39,experts=[2,3,4]; c32:bw=31,experts=[4,5,6]; c37:bw=21,experts=[3,4]; c33:bw=23,experts=[2,3]; c26:bw=43,experts=[0,1,2,7]; c14:bw=33,experts=[0,1,7]","2.3818,0.4964,0.9223,0.7697,1.4059,0.7515,1.2314,0.9563,0.9949,0.7459,0.9311,0.9254,1.9427,0.8762,0.9205,0.7170,1.3520,1.6724,1.5261,0.8453,0.9886,1.1381,0.7750,0.7376,0.9454,0.6433,0.9807,1.1887,1.5601,0.9489,1.0170,0.7109,0.9643,0.8808,0.7922,1.0046,1.0501,1.0695,0.8166,1.1761,1.6311,0.4268,1.2213,2.5187,1.1764,1.2183,0.7956,1.0684,1.2244,1.3456"
18,2026-09-23 23:05:20,Ours,0.01,3.4286632889777597,14.18,14.18,18,53.0455,0:53.05,51.2506,0.6341,1.1557,1012.9443,16:52.94,50,"32,28,12,22,18,36,37,40,1,29,6,39,9,42,43,19,47,46,2,34,7,45,3,16,15,10,23,30,44,31,14,24,35,8,26,38,13,33,25,11,48,0,5,49,21,41,27,17,4,20",32:30;28:43;12:18;22:49;18:60;36:54;37:51;40:17;1:10;29:39;6:31;39:37;9:19;42:14;43:55;19:33;47:45;46:52;2:37;34:38;7:55;45:22;3:37;16:38;15:51;10:27;23:56;30:70;44:18;31:10;14:40;24:30;35:41;8:10;26:57;38:60;13:43;33:63;25:32;11:57;48:44;0:49;5:35;49:28;21:26;41:34;27:31;17:50;4:56;20:45,"32:[0,1,7];28:[3,4,5,6];12:[6];22:[0,1,2,3];18:[2,3,4,5,6,7];36:[0,1,2,3,7];37:[0,1,5,6,7];40:[3];1:[0];29:[2,3,4];6:[3,4,5];39:[2,3,4];9:[5];42:[4];43:[0,1,2,6,7];19:[0,1,7];47:[3,4,5,6];46:[2,3,4,5,6];2:[2,3,4];34:[3,4,5];7:[0,1,2,6,7];45:[0,7];3:[0,1,2];16:[0,1,7];15:[0,1,2,6,7];10:[1,2];23:[0,1,5,6,7];30:[0,1,2,3,4,5,6];44:[6];31:[3];14:[2,3,4,5];24:[0,1,7];35:[0,1,2,7];8:[1];26:[3,4,5,6,7];38:[1,2,3,4,5,6];13:[0,1,2,3];33:[0,1,4,5,6,7];25:[2,3,4];11:[2,3,4,5,6];48:[3,4,5,6];0:[0,1,2,3];5:[2,3,4];49:[4,5];21:[0,1];41:[3,4,5];27:[5,6,7];17:[0,1,2,6,7];4:[0,1,5,6,7];20:[4,5,6,7]","c32:bw=30,experts=[0,1,7]; c28:bw=43,experts=[3,4,5,6]; c12:bw=18,experts=[6]; c22:bw=49,experts=[0,1,2,3]; c18:bw=60,experts=[2,3,4,5,6,7]; c36:bw=54,experts=[0,1,2,3,7]; c37:bw=51,experts=[0,1,5,6,7]; c40:bw=17,experts=[3]; c1:bw=10,experts=[0]; c29:bw=39,experts=[2,3,4]; c6:bw=31,experts=[3,4,5]; c39:bw=37,experts=[2,3,4]; c9:bw=19,experts=[5]; c42:bw=14,experts=[4]; c43:bw=55,experts=[0,1,2,6,7]; c19:bw=33,experts=[0,1,7]; c47:bw=45,experts=[3,4,5,6]; c46:bw=52,experts=[2,3,4,5,6]; c2:bw=37,experts=[2,3,4]; c34:bw=38,experts=[3,4,5]; c7:bw=55,experts=[0,1,2,6,7]; c45:bw=22,experts=[0,7]; c3:bw=37,experts=[0,1,2]; c16:bw=38,experts=[0,1,7]; c15:bw=51,experts=[0,1,2,6,7]; c10:bw=27,experts=[1,2]; c23:bw=56,experts=[0,1,5,6,7]; c30:bw=70,experts=[0,1,2,3,4,5,6]; c44:bw=18,experts=[6]; c31:bw=10,experts=[3]; c14:bw=40,experts=[2,3,4,5]; c24:bw=30,experts=[0,1,7]; c35:bw=41,experts=[0,1,2,7]; c8:bw=10,experts=[1]; c26:bw=57,experts=[3,4,5,6,7]; c38:bw=60,experts=[1,2,3,4,5,6]; c13:bw=43,experts=[0,1,2,3]; c33:bw=63,experts=[0,1,4,5,6,7]; c25:bw=32,experts=[2,3,4]; c11:bw=57,experts=[2,3,4,5,6]; c48:bw=44,experts=[3,4,5,6]; c0:bw=49,experts=[0,1,2,3]; c5:bw=35,experts=[2,3,4]; c49:bw=28,experts=[4,5]; c21:bw=26,experts=[0,1]; c41:bw=34,experts=[3,4,5]; c27:bw=31,experts=[5,6,7]; c17:bw=50,experts=[0,1,2,6,7]; c4:bw=56,experts=[0,1,5,6,7]; c20:bw=45,experts=[4,5,6,7]","1.2418,0.8216,0.7175,1.3242,0.9887,0.8090,0.8118,1.0159,0.9573,1.2332,1.2052,1.0351,1.0675,0.9872,0.8360,0.9959,0.6866,0.7752,0.6245,0.8523,0.6252,1.5991,1.0948,1.6699,0.7806,0.9539,1.2038,1.0564,0.7118,1.1395,1.3323,0.7459,0.8868,0.7664,1.2147,0.6341,0.7639,1.0690,1.9097,0.7525,0.6474,0.4454,1.5571,2.5367,1.4476,0.4344,1.1109,0.8043,1.1816,1.1884"
19,2026-09-23 23:06:20,Ours,0.01,3.430644920087618,14.11,14.18,18,60.0996,1:00.10,57.9263,0.7723,1.3946,1073.0625,17:53.06,50,"10,47,13,15,23,6,18,20,5,4,28,26,33,11,0,31,7,29,1,41,48,40,43,30,8,49,38,3,32,19,12,35,39,25,21,16,9,27,36,24,14,34,37,17,44,42,45,22,46,2",10:35;47:28;13:10;15:39;23:15;6:66;18:31;20:21;5:29;4:51;28:10;26:33;33:70;11:20;0:42;31:32;7:22;29:36;1:46;41:64;48:20;40:38;43:15;30:25;8:56;49:50;38:43;3:40;32:59;19:37;12:54;35:30;39:20;25:59;21:52;16:13;9:38;27:34;36:21;24:45;14:30;34:52;37:12;17:67;44:22;42:18;45:62;22:29;46:14;2:14,"10:[3,4,5];47:[0,7];13:[4];15:[3,4,5];23:[2];6:[0,1,2,3,6,7];18:[0,1,2];20:[0,1];5:[5,6];4:[2,3,4,5,6];28:[7];26:[0,1,2];33:[0,2,3,4,5,6,7];11:[0,7];0:[4,5,6,7];31:[4,5,6];7:[3,4];29:[5,6,7];1:[1,2,3,4];41:[0,1,2,3,6,7];48:[0,7];40:[4,5,6];43:[3];30:[0,7];8:[2,3,4,5,6];49:[0,1,2,6,7];38:[0,1,2,7];3:[3,4,5,6];32:[2,3,4,5,6];19:[2,3,4];12:[0,1,2,3,7];35:[3,4,5];39:[5,6];25:[0,1,5,6,7];21:[2,3,4,5,6];16:[2];9:[0,6,7];27:[0,1,2];36:[4,5];24:[2,3,4,5];14:[0,6,7];34:[0,1,2,6,7];37:[2];17:[0,3,4,5,6,7];44:[0,7];42:[5];45:[1,2,3,4,5,6];22:[4,5];46:[7];2:[5]","c10:bw=35,experts=[3,4,5]; c47:bw=28,experts=[0,7]; c13:bw=10,experts=[4]; c15:bw=39,experts=[3,4,5]; c23:bw=15,experts=[2]; c6:bw=66,experts=[0,1,2,3,6,7]; c18:bw=31,experts=[0,1,2]; c20:bw=21,experts=[0,1]; c5:bw=29,experts=[5,6]; c4:bw=51,experts=[2,3,4,5,6]; c28:bw=10,experts=[7]; c26:bw=33,experts=[0,1,2]; c33:bw=70,experts=[0,2,3,4,5,6,7]; c11:bw=20,experts=[0,7]; c0:bw=42,experts=[4,5,6,7]; c31:bw=32,experts=[4,5,6]; c7:bw=22,experts=[3,4]; c29:bw=36,experts=[5,6,7]; c1:bw=46,experts=[1,2,3,4]; c41:bw=64,experts=[0,1,2,3,6,7]; c48:bw=20,experts=[0,7]; c40:bw=38,experts=[4,5,6]; c43:bw=15,experts=[3]; c30:bw=25,experts=[0,7]; c8:bw=56,experts=[2,3,4,5,6]; c49:bw=50,experts=[0,1,2,6,7]; c38:bw=43,experts=[0,1,2,7]; c3:bw=40,experts=[3,4,5,6]; c32:bw=59,experts=[2,3,4,5,6]; c19:bw=37,experts=[2,3,4]; c12:bw=54,experts=[0,1,2,3,7]; c35:bw=30,experts=[3,4,5]; c39:bw=20,experts=[5,6]; c25:bw=59,experts=[0,1,5,6,7]; c21:bw=52,experts=[2,3,4,5,6]; c16:bw=13,experts=[2]; c9:bw=38,experts=[0,6,7]; c27:bw=34,experts=[0,1,2]; c36:bw=21,experts=[4,5]; c24:bw=45,experts=[2,3,4,5]; c14:bw=30,experts=[0,6,7]; c34:bw=52,experts=[0,1,2,6,7]; c37:bw=12,experts=[2]; c17:bw=67,experts=[0,3,4,5,6,7]; c44:bw=22,experts=[0,7]; c42:bw=18,experts=[5]; c45:bw=62,experts=[1,2,3,4,5,6]; c22:bw=29,experts=[4,5]; c46:bw=14,experts=[7]; c2:bw=14,experts=[5]","0.9546,0.6882,0.7892,0.7722,1.2081,1.1934,0.9868,1.2155,1.6163,1.2067,0.8408,1.3834,1.2066,0.7859,0.4596,1.3577,0.7478,1.4754,1.1238,0.5301,0.7529,1.2184,0.9631,1.2125,0.8852,2.9726,0.7635,1.2470,1.4580,1.0831,0.7774,1.0418,1.1491,2.2112,1.6712,2.0017,1.2896,1.3616,0.9655,0.8926,1.6164,0.9623,0.9199,0.9210,0.8233,1.1078,1.8436,1.5933,0.9385,0.7398"
20,2026-09-23 23:07:21,Ours,0.01,3.4633114135614584,15.28,15.28,20,61.5234,1:01.52,59.4036,0.7368,1.3774,1134.6071,18:54.61,50,"6,39,13,48,0,22,45,26,17,15,33,4,11,12,35,9,7,28,25,47,18,24,16,46,31,14,42,40,27,19,1,43,34,37,38,2,8,23,30,41,10,29,3,44,49,20,21,32,36,5",6:68;39:41;13:40;48:31;0:28;22:75;45:13;26:31;17:48;15:19;33:34;4:59;11:10;12:44;35:36;9:17;7:43;28:34;25:21;47:33;18:21;24:43;16:40;46:29;31:10;14:30;42:41;40:10;27:42;19:48;1:40;43:44;34:11;37:48;38:35;2:41;8:50;23:37;30:51;41:15;10:16;29:17;3:18;44:60;49:46;20:58;21:44;32:63;36:46;5:10,"6:[0,1,4,5,6,7];39:[0,1,2,7];13:[0,5,6,7];48:[1,2,3];0:[0,1];22:[0,1,2,3,4,6,7];45:[7];26:[3,4,5];17:[1,2,3,4];15:[6];33:[1,2,3];4:[0,1,2,3,7];11:[1];12:[4,5,6,7];35:[0,6,7];9:[1];7:[0,5,6,7];28:[0,1,2];25:[2,3];47:[1,2,3];18:[3,4];24:[0,1,6,7];16:[3,4,5,6];46:[0,1];31:[7];14:[1,2,3];42:[0,1,6,7];40:[7];27:[3,4,5,6];19:[0,5,6,7];1:[0,5,6,7];43:[4,5,6,7];34:[3];37:[3,4,5,6];38:[3,4,5];2:[0,1,6,7];8:[0,1,2,3,7];23:[3,4,5];30:[1,2,3,4,5];41:[4];10:[6];29:[0];3:[7];44:[1,2,3,4,5,6];49:[3,4,5,6];20:[2,3,4,5,6];21:[0,1,2,7];32:[0,1,2,3,4,7];36:[0,1,6,7];5:[7]","c6:bw=68,experts=[0,1,4,5,6,7]; c39:bw=41,experts=[0,1,2,7]; c13:bw=40,experts=[0,5,6,7]; c48:bw=31,experts=[1,2,3]; c0:bw=28,experts=[0,1]; c22:bw=75,experts=[0,1,2,3,4,6,7]; c45:bw=13,experts=[7]; c26:bw=31,experts=[3,4,5]; c17:bw=48,experts=[1,2,3,4]; c15:bw=19,experts=[6]; c33:bw=34,experts=[1,2,3]; c4:bw=59,experts=[0,1,2,3,7]; c11:bw=10,experts=[1]; c12:bw=44,experts=[4,5,6,7]; c35:bw=36,experts=[0,6,7]; c9:bw=17,experts=[1]; c7:bw=43,experts=[0,5,6,7]; c28:bw=34,experts=[0,1,2]; c25:bw=21,experts=[2,3]; c47:bw=33,experts=[1,2,3]; c18:bw=21,experts=[3,4]; c24:bw=43,experts=[0,1,6,7]; c16:bw=40,experts=[3,4,5,6]; c46:bw=29,experts=[0,1]; c31:bw=10,experts=[7]; c14:bw=30,experts=[1,2,3]; c42:bw=41,experts=[0,1,6,7]; c40:bw=10,experts=[7]; c27:bw=42,experts=[3,4,5,6]; c19:bw=48,experts=[0,5,6,7]; c1:bw=40,experts=[0,5,6,7]; c43:bw=44,experts=[4,5,6,7]; c34:bw=11,experts=[3]; c37:bw=48,experts=[3,4,5,6]; c38:bw=35,experts=[3,4,5]; c2:bw=41,experts=[0,1,6,7]; c8:bw=50,experts=[0,1,2,3,7]; c23:bw=37,experts=[3,4,5]; c30:bw=51,experts=[1,2,3,4,5]; c41:bw=15,experts=[4]; c10:bw=16,experts=[6]; c29:bw=17,experts=[0]; c3:bw=18,experts=[7]; c44:bw=60,experts=[1,2,3,4,5,6]; c49:bw=46,experts=[3,4,5,6]; c20:bw=58,experts=[2,3,4,5,6]; c21:bw=44,experts=[0,1,2,7]; c32:bw=63,experts=[0,1,2,3,4,7]; c36:bw=46,experts=[0,1,6,7]; c5:bw=10,experts=[7]","1.4568,1.2175,0.8864,0.7341,0.4970,1.5185,1.8419,1.5112,1.0032,0.9436,1.3183,1.4516,0.9534,0.7819,1.0485,1.2065,0.7048,0.9469,2.2245,0.7754,1.0819,0.8268,1.9528,0.9499,1.2445,1.5085,1.1196,1.1411,1.2579,1.0789,1.1294,1.0372,1.0672,1.0153,0.8023,0.7965,0.9635,1.3848,1.1702,0.4885,1.0526,1.4160,1.1941,0.7361,2.7105,1.2431,1.6094,1.5339,0.9887,1.8804"
21,2026-09-23 23:08:25,Ours,0.01,3.3920866465720927,15.25,15.28,20,63.3314,1:03.33,61.2636,0.7223,1.3397,1197.9649,19:57.96,50,"17,39,34,6,15,3,21,42,28,29,20,30,24,23,31,18,49,11,27,47,40,38,14,43,26,16,8,44,48,19,33,7,41,1,45,22,4,9,5,32,2,12,35,10,36,37,13,25,0,46",17:35;39:55;34:10;6:16;15:19;3:10;21:15;42:10;28:13;29:52;20:40;30:15;24:38;23:37;31:10;18:60;49:63;11:23;27:33;47:47;40:31;38:35;14:31;43:59;26:45;16:33;8:18;44:45;48:56;19:58;33:39;7:12;41:42;1:41;45:45;22:48;4:48;9:25;5:32;32:66;2:39;12:38;35:56;10:40;36:53;37:21;13:23;25:39;0:66;46:44,"17:[5,6,7];39:[3,4,5,6,7];34:[4];6:[2];15:[7];3:[0];21:[3];42:[2];28:[3];29:[1,2,3,4,5];20:[0,1,2,7];30:[6];24:[2,3,4];23:[0,6,7];31:[0];18:[0,1,2,5,6,7];49:[0,1,2,3,4,7];11:[2,3];27:[0,1,7];47:[4,5,6,7];40:[0,1,2];38:[0,6,7];14:[4,5,6];43:[0,1,2,3,4];26:[0,1,6,7];16:[0,1,7];8:[4];44:[0,1,2,7];48:[0,4,5,6,7];19:[1,2,3,4,5];33:[4,5,6];7:[1];41:[0,5,6,7];1:[1,2,3,4];45:[0,1,2,3];22:[0,5,6,7];4:[4,5,6,7];9:[2,3];5:[0,1,2];32:[0,1,2,5,6,7];2:[2,3,4];12:[0,1,2];35:[1,2,3,4,5];10:[0,1,2,7];36:[2,3,4,5,6];37:[0,7];13:[1,2];25:[4,5,6];0:[2,3,4,5,6,7];46:[2,3,4,5]","c17:bw=35,experts=[5,6,7]; c39:bw=55,experts=[3,4,5,6,7]; c34:bw=10,experts=[4]; c6:bw=16,experts=[2]; c15:bw=19,experts=[7]; c3:bw=10,experts=[0]; c21:bw=15,experts=[3]; c42:bw=10,experts=[2]; c28:bw=13,experts=[3]; c29:bw=52,experts=[1,2,3,4,5]; c20:bw=40,experts=[0,1,2,7]; c30:bw=15,experts=[6]; c24:bw=38,experts=[2,3,4]; c23:bw=37,experts=[0,6,7]; c31:bw=10,experts=[0]; c18:bw=60,experts=[0,1,2,5,6,7]; c49:bw=63,experts=[0,1,2,3,4,7]; c11:bw=23,experts=[2,3]; c27:bw=33,experts=[0,1,7]; c47:bw=47,experts=[4,5,6,7]; c40:bw=31,experts=[0,1,2]; c38:bw=35,experts=[0,6,7]; c14:bw=31,experts=[4,5,6]; c43:bw=59,experts=[0,1,2,3,4]; c26:bw=45,experts=[0,1,6,7]; c16:bw=33,experts=[0,1,7]; c8:bw=18,experts=[4]; c44:bw=45,experts=[0,1,2,7]; c48:bw=56,experts=[0,4,5,6,7]; c19:bw=58,experts=[1,2,3,4,5]; c33:bw=39,experts=[4,5,6]; c7:bw=12,experts=[1]; c41:bw=42,experts=[0,5,6,7]; c1:bw=41,experts=[1,2,3,4]; c45:bw=45,experts=[0,1,2,3]; c22:bw=48,experts=[0,5,6,7]; c4:bw=48,experts=[4,5,6,7]; c9:bw=25,experts=[2,3]; c5:bw=32,experts=[0,1,2]; c32:bw=66,experts=[0,1,2,5,6,7]; c2:bw=39,experts=[2,3,4]; c12:bw=38,experts=[0,1,2]; c35:bw=56,experts=[1,2,3,4,5]; c10:bw=40,experts=[0,1,2,7]; c36:bw=53,experts=[2,3,4,5,6]; c37:bw=21,experts=[0,7]; c13:bw=23,experts=[1,2]; c25:bw=39,experts=[4,5,6]; c0:bw=66,experts=[2,3,4,5,6,7]; c46:bw=44,experts=[2,3,4,5]","0.9932,1.2689,1.0295,1.4353,0.9413,1.3050,1.6699,1.2502,0.9358,1.4105,1.4729,1.2695,0.8386,1.3776,1.3176,1.1790,3.1761,0.9290,1.4032,0.8375,1.2265,0.7738,1.6498,0.9794,1.4916,1.9677,0.9100,0.8670,0.7690,1.1938,1.3247,0.7681,0.5447,1.1389,1.8439,1.5416,1.3700,1.2376,1.9069,1.4722,0.7406,0.7726,1.0822,1.1561,0.9708,0.9775,0.9150,2.2334,0.5283,0.8692"
22,2026-09-23 23:09:24,Ours,0.01,3.3237260334807575,16.5,16.5,22,59.0503,0:59.05,57.1386,0.6755,1.2309,1257.038,20:57.04,50,"21,43,23,8,11,12,15,10,40,39,9,42,27,44,2,26,5,6,19,35,45,46,1,33,47,28,16,37,0,14,30,22,32,31,41,7,17,38,24,3,25,48,18,4,49,20,34,29,13,36",21:23;43:32;23:28;8:33;11:43;12:64;15:66;10:10;40:56;39:38;9:33;42:16;27:61;44:20;2:66;26:61;5:17;6:61;19:45;35:52;45:18;46:41;1:10;33:69;47:47;28:42;16:34;37:43;0:67;14:48;30:37;22:44;32:64;31:45;41:56;7:16;17:62;38:23;24:25;3:56;25:13;48:10;18:15;4:36;49:53;20:25;34:32;29:54;13:34;36:10,"21:[4,5];43:[5,6,7];23:[1,2];8:[5,6,7];11:[4,5,6,7];12:[0,3,4,5,6,7];15:[0,1,2,3,4,5];10:[3];40:[3,4,5,6,7];39:[0,1,2];9:[4,5,6];42:[3];27:[2,3,4,5,6,7];44:[3,4];2:[0,1,2,5,6,7];26:[2,3,4,5,6,7];5:[3];6:[0,3,4,5,6,7];19:[0,1,6,7];35:[0,1,2,6,7];45:[4];46:[0,1,6,7];1:[5];33:[0,1,2,3,4,7];47:[0,1,2,3];28:[4,5,6,7];16:[2,3,4];37:[1,2,3,4];0:[0,1,2,3,4,5];14:[0,1,2,7];30:[0,1,7];22:[1,2,3,4];32:[0,3,4,5,6,7];31:[1,2,3,4];41:[1,2,3,4,5];7:[2];17:[0,1,2,3,4,5];38:[1,2];24:[5,6];3:[1,2,3,4,5];25:[7];48:[1];18:[3];4:[0,1,2];49:[0,1,5,6,7];20:[3,4];34:[5,6,7];29:[0,1,2,6,7];13:[3,4,5];36:[7]","c21:bw=23,experts=[4,5]; c43:bw=32,experts=[5,6,7]; c23:bw=28,experts=[1,2]; c8:bw=33,experts=[5,6,7]; c11:bw=43,experts=[4,5,6,7]; c12:bw=64,experts=[0,3,4,5,6,7]; c15:bw=66,experts=[0,1,2,3,4,5]; c10:bw=10,experts=[3]; c40:bw=56,experts=[3,4,5,6,7]; c39:bw=38,experts=[0,1,2]; c9:bw=33,experts=[4,5,6]; c42:bw=16,experts=[3]; c27:bw=61,experts=[2,3,4,5,6,7]; c44:bw=20,experts=[3,4]; c2:bw=66,experts=[0,1,2,5,6,7]; c26:bw=61,experts=[2,3,4,5,6,7]; c5:bw=17,experts=[3]; c6:bw=61,experts=[0,3,4,5,6,7]; c19:bw=45,experts=[0,1,6,7]; c35:bw=52,experts=[0,1,2,6,7]; c45:bw=18,experts=[4]; c46:bw=41,experts=[0,1,6,7]; c1:bw=10,experts=[5]; c33:bw=69,experts=[0,1,2,3,4,7]; c47:bw=47,experts=[0,1,2,3]; c28:bw=42,experts=[4,5,6,7]; c16:bw=34,experts=[2,3,4]; c37:bw=43,experts=[1,2,3,4]; c0:bw=67,experts=[0,1,2,3,4,5]; c14:bw=48,experts=[0,1,2,7]; c30:bw=37,experts=[0,1,7]; c22:bw=44,experts=[1,2,3,4]; c32:bw=64,experts=[0,3,4,5,6,7]; c31:bw=45,experts=[1,2,3,4]; c41:bw=56,experts=[1,2,3,4,5]; c7:bw=16,experts=[2]; c17:bw=62,experts=[0,1,2,3,4,5]; c38:bw=23,experts=[1,2]; c24:bw=25,experts=[5,6]; c3:bw=56,experts=[1,2,3,4,5]; c25:bw=13,experts=[7]; c48:bw=10,experts=[1]; c18:bw=15,experts=[3]; c4:bw=36,experts=[0,1,2]; c49:bw=53,experts=[0,1,5,6,7]; c20:bw=25,experts=[3,4]; c34:bw=32,experts=[5,6,7]; c29:bw=54,experts=[0,1,2,6,7]; c13:bw=34,experts=[3,4,5]; c36:bw=10,experts=[7]","1.6339,0.9388,1.4002,0.8690,0.8910,0.8455,0.9090,1.0954,1.1850,1.1868,1.3476,1.2726,1.4786,0.9322,0.8104,1.5825,1.9745,1.3549,1.2336,1.0540,1.6360,0.8043,1.0096,1.1969,0.7348,0.9065,1.6456,0.8228,0.4468,1.3635,1.0607,1.4452,1.2815,1.2243,0.4669,0.6595,0.8795,0.7552,0.8534,1.1538,2.0555,0.6806,1.0275,1.2617,2.7025,1.2315,0.8665,1.2857,0.8329,0.8520"
23,2026-09-23 23:10:19,Ours,0.01,3.3655926358999095,18.21,18.21,23,55.0927,0:55.09,53.221,0.6678,1.1987,1312.1497,21:52.15,50,"22,47,20,2,8,0,24,13,25,17,16,6,15,29,5,31,40,19,48,10,44,27,34,18,43,38,11,45,33,39,41,7,28,14,23,35,30,12,37,46,42,4,9,1,21,3,49,26,36,32",22:62;47:34;20:44;2:32;8:35;0:11;24:40;13:54;25:18;17:70;16:56;6:10;15:29;29:43;5:52;31:15;40:27;19:21;48:21;10:67;44:53;27:18;34:14;18:26;43:17;38:65;11:52;45:33;33:28;39:32;41:24;7:15;28:26;14:52;23:70;35:43;30:60;12:26;37:10;46:34;42:11;4:56;9:50;1:62;21:55;3:15;49:37;26:35;36:57;32:43,"22:[0,1,2,5,6,7];47:[4,5,6];20:[0,5,6,7];2:[3,4,5];8:[0,1,2];0:[6];24:[0,1,2,7];13:[0,1,2,6,7];25:[0];17:[0,1,2,3,4,6,7];16:[0,1,5,6,7];6:[1];15:[6,7];29:[3,4,5,6];5:[0,4,5,6,7];31:[5];40:[0,1];19:[2,3];48:[2,3];10:[0,1,4,5,6,7];44:[0,1,5,6,7];27:[0];34:[0];18:[4,5];43:[0];38:[0,3,4,5,6,7];11:[0,1,2,3,4];45:[5,6,7];33:[5,6];39:[3,4,5];41:[6,7];7:[3];28:[0,1];14:[3,4,5,6,7];23:[0,1,3,4,5,6,7];35:[3,4,5,6];30:[2,3,4,5,6,7];12:[1,2];37:[5];46:[2,3,4];42:[4];4:[3,4,5,6,7];9:[0,1,2,3,7];1:[0,1,2,3,6,7];21:[0,1,2,6,7];3:[6];49:[2,3,4];26:[0,1,2];36:[0,1,2,3,4];32:[1,2,3,4]","c22:bw=62,experts=[0,1,2,5,6,7]; c47:bw=34,experts=[4,5,6]; c20:bw=44,experts=[0,5,6,7]; c2:bw=32,experts=[3,4,5]; c8:bw=35,experts=[0,1,2]; c0:bw=11,experts=[6]; c24:bw=40,experts=[0,1,2,7]; c13:bw=54,experts=[0,1,2,6,7]; c25:bw=18,experts=[0]; c17:bw=70,experts=[0,1,2,3,4,6,7]; c16:bw=56,experts=[0,1,5,6,7]; c6:bw=10,experts=[1]; c15:bw=29,experts=[6,7]; c29:bw=43,experts=[3,4,5,6]; c5:bw=52,experts=[0,4,5,6,7]; c31:bw=15,experts=[5]; c40:bw=27,experts=[0,1]; c19:bw=21,experts=[2,3]; c48:bw=21,experts=[2,3]; c10:bw=67,experts=[0,1,4,5,6,7]; c44:bw=53,experts=[0,1,5,6,7]; c27:bw=18,experts=[0]; c34:bw=14,experts=[0]; c18:bw=26,experts=[4,5]; c43:bw=17,experts=[0]; c38:bw=65,experts=[0,3,4,5,6,7]; c11:bw=52,experts=[0,1,2,3,4]; c45:bw=33,experts=[5,6,7]; c33:bw=28,experts=[5,6]; c39:bw=32,experts=[3,4,5]; c41:bw=24,experts=[6,7]; c7:bw=15,experts=[3]; c28:bw=26,experts=[0,1]; c14:bw=52,experts=[3,4,5,6,7]; c23:bw=70,experts=[0,1,3,4,5,6,7]; c35:bw=43,experts=[3,4,5,6]; c30:bw=60,experts=[2,3,4,5,6,7]; c12:bw=26,experts=[1,2]; c37:bw=10,experts=[5]; c46:bw=34,experts=[2,3,4]; c42:bw=11,experts=[4]; c4:bw=56,experts=[3,4,5,6,7]; c9:bw=50,experts=[0,1,2,3,7]; c1:bw=62,experts=[0,1,2,3,6,7]; c21:bw=55,experts=[0,1,2,6,7]; c3:bw=15,experts=[6]; c49:bw=37,experts=[2,3,4]; c26:bw=35,experts=[0,1,2]; c36:bw=57,experts=[0,1,2,3,4]; c32:bw=43,experts=[1,2,3,4]","1.4129,0.7421,1.3040,0.6766,0.8289,0.4762,0.7972,0.8395,2.0502,0.8616,1.7145,1.2500,0.8441,1.3197,1.7023,1.2184,1.0960,1.0359,0.6774,1.0115,0.7786,1.2146,0.9026,1.0373,0.8736,0.6502,0.7794,1.6301,1.1013,1.0655,0.4388,0.6210,0.9038,1.3587,1.2003,0.8924,1.0527,0.6376,0.8089,0.7741,0.9917,1.1940,1.0723,0.9697,1.4680,1.0926,2.5582,1.2297,0.8101,1.2539"
24,2026-09-23 23:11:16,Ours,0.01,3.317375747389142,17.35,18.21,23,57.4089,0:57.41,55.6026,0.643,1.1581,1369.5805,22:49.58,50,"12,31,40,6,26,5,48,1,11,15,2,19,16,45,17,29,9,23,39,32,14,49,18,42,38,33,24,34,44,46,37,25,20,0,22,10,21,13,28,8,30,27,41,7,36,4,3,47,35,43",12:37;31:35;40:74;6:30;26:12;5:25;48:20;1:10;11:10;15:44;2:43;19:55;16:41;45:51;17:56;29:65;9:50;23:36;39:60;32:33;14:42;49:56;18:72;42:29;38:26;33:10;24:16;34:23;44:49;46:47;37:51;25:30;20:36;0:31;22:50;10:39;21:42;13:50;28:58;8:18;30:45;27:63;41:30;7:10;36:37;4:12;3:10;47:47;35:45;43:29,"12:[3,4,5];31:[0,6,7];40:[0,2,3,4,5,6,7];6:[2,3,4];26:[3];5:[1,2];48:[4,5];1:[4];11:[5];15:[0,1,2,3];2:[0,1,6,7];19:[0,4,5,6,7];16:[2,3,4,5];45:[0,1,2,3,4];17:[0,1,5,6,7];29:[0,1,2,3,4,7];9:[0,4,5,6,7];23:[2,3,4];39:[0,1,2,3,6,7];32:[5,6,7];14:[0,1,2,3];49:[0,1,5,6,7];18:[0,1,2,3,4,6,7];42:[5,6];38:[1,2];33:[7];24:[3];34:[1,2];44:[2,3,4,5];46:[0,5,6,7];37:[0,1,2,6,7];25:[1,2,3];20:[1,2,3];0:[0,1,7];22:[3,4,5,6,7];10:[2,3,4];21:[3,4,5,6];13:[3,4,5,6,7];28:[2,3,4,5,6];8:[3];30:[0,1,2,3];27:[1,2,3,4,5,6];41:[0,1,2];7:[4];36:[5,6,7];4:[0];3:[7];47:[0,1,2,7];35:[0,1,2,7];43:[1,2]","c12:bw=37,experts=[3,4,5]; c31:bw=35,experts=[0,6,7]; c40:bw=74,experts=[0,2,3,4,5,6,7]; c6:bw=30,experts=[2,3,4]; c26:bw=12,experts=[3]; c5:bw=25,experts=[1,2]; c48:bw=20,experts=[4,5]; c1:bw=10,experts=[4]; c11:bw=10,experts=[5]; c15:bw=44,experts=[0,1,2,3]; c2:bw=43,experts=[0,1,6,7]; c19:bw=55,experts=[0,4,5,6,7]; c16:bw=41,experts=[2,3,4,5]; c45:bw=51,experts=[0,1,2,3,4]; c17:bw=56,experts=[0,1,5,6,7]; c29:bw=65,experts=[0,1,2,3,4,7]; c9:bw=50,experts=[0,4,5,6,7]; c23:bw=36,experts=[2,3,4]; c39:bw=60,experts=[0,1,2,3,6,7]; c32:bw=33,experts=[5,6,7]; c14:bw=42,experts=[0,1,2,3]; c49:bw=56,experts=[0,1,5,6,7]; c18:bw=72,experts=[0,1,2,3,4,6,7]; c42:bw=29,experts=[5,6]; c38:bw=26,experts=[1,2]; c33:bw=10,experts=[7]; c24:bw=16,experts=[3]; c34:bw=23,experts=[1,2]; c44:bw=49,experts=[2,3,4,5]; c46:bw=47,experts=[0,5,6,7]; c37:bw=51,experts=[0,1,2,6,7]; c25:bw=30,experts=[1,2,3]; c20:bw=36,experts=[1,2,3]; c0:bw=31,experts=[0,1,7]; c22:bw=50,experts=[3,4,5,6,7]; c10:bw=39,experts=[2,3,4]; c21:bw=42,experts=[3,4,5,6]; c13:bw=50,experts=[3,4,5,6,7]; c28:bw=58,experts=[2,3,4,5,6]; c8:bw=18,experts=[3]; c30:bw=45,experts=[0,1,2,3]; c27:bw=63,experts=[1,2,3,4,5,6]; c41:bw=30,experts=[0,1,2]; c7:bw=10,experts=[4]; c36:bw=37,experts=[5,6,7]; c4:bw=12,experts=[0]; c3:bw=10,experts=[7]; c47:bw=47,experts=[0,1,2,7]; c35:bw=45,experts=[0,1,2,7]; c43:bw=29,experts=[1,2]","0.7023,1.3929,1.0608,1.3896,1.5622,1.8923,0.7690,1.1619,0.9311,0.9432,0.7643,1.1861,1.9671,1.9020,0.9693,1.5304,1.2883,1.3845,1.2394,1.3727,1.5173,2.6403,0.9919,0.9884,0.6477,1.0679,0.7462,0.8564,0.7286,0.7730,0.8180,1.9397,1.2105,0.4335,1.3365,0.9415,1.4378,0.7936,0.8304,0.7685,1.0656,1.1331,0.4369,0.6199,0.8067,1.1822,1.0825,0.6852,0.8919,0.8214"
25,2026-09-23 23:12:10,Ours,0.01,3.272159186114956,19.3,19.3,25,53.578,0:53.58,51.796,0.6374,1.1395,1423.1784,23:43.18,50,"38,30,40,4,11,9,17,3,41,10,13,14,22,1,2,36,15,48,45,34,18,12,0,49,29,7,35,37,31,39,8,19,47,46,20,27,25,21,28,32,44,5,6,24,23,43,42,16,26,33",38:16;30:51;40:43;4:58;11:60;9:40;17:52;3:14;41:38;10:25;13:56;14:26;22:38;1:49;2:12;36:50;15:29;48:25;45:54;34:42;18:59;12:36;0:56;49:57;29:27;7:40;35:10;37:12;31:68;39:47;8:55;19:57;47:12;46:26;20:15;27:59;25:40;21:35;28:41;32:47;44:31;5:64;6:16;24:25;23:21;43:38;42:10;16:52;26:30;33:35,"38:[3];30:[0,4,5,6,7];40:[1,2,3,4];4:[1,2,3,4,5];11:[0,1,2,3,6,7];9:[1,2,3,4];17:[2,3,4,5,6];3:[0];41:[3,4,5];10:[5,6];13:[0,1,2,3,4];14:[4,5];22:[0,1,2];1:[0,5,6,7];2:[2];36:[0,1,2,3,4];15:[4,5];48:[6,7];45:[0,1,5,6,7];34:[3,4,5,6];18:[0,1,5,6,7];12:[0,6,7];0:[2,3,4,5,6];49:[2,3,4,5,6];29:[5,6];7:[0,5,6,7];35:[3];37:[3];31:[1,2,3,4,5,6];39:[4,5,6,7];8:[0,4,5,6,7];19:[1,2,3,4,5];47:[3];46:[1,2];20:[4];27:[0,1,2,3,7];25:[4,5,6,7];21:[0,1,7];28:[0,1,2,7];32:[0,1,2,3];44:[0,6,7];5:[0,3,4,5,6,7];6:[5];24:[4,5];23:[5,6];43:[3,4,5];42:[7];16:[0,1,2,6,7];26:[4,5,6];33:[0,1,2]","c38:bw=16,experts=[3]; c30:bw=51,experts=[0,4,5,6,7]; c40:bw=43,experts=[1,2,3,4]; c4:bw=58,experts=[1,2,3,4,5]; c11:bw=60,experts=[0,1,2,3,6,7]; c9:bw=40,experts=[1,2,3,4]; c17:bw=52,experts=[2,3,4,5,6]; c3:bw=14,experts=[0]; c41:bw=38,experts=[3,4,5]; c10:bw=25,experts=[5,6]; c13:bw=56,experts=[0,1,2,3,4]; c14:bw=26,experts=[4,5]; c22:bw=38,experts=[0,1,2]; c1:bw=49,experts=[0,5,6,7]; c2:bw=12,experts=[2]; c36:bw=50,experts=[0,1,2,3,4]; c15:bw=29,experts=[4,5]; c48:bw=25,experts=[6,7]; c45:bw=54,experts=[0,1,5,6,7]; c34:bw=42,experts=[3,4,5,6]; c18:bw=59,experts=[0,1,5,6,7]; c12:bw=36,experts=[0,6,7]; c0:bw=56,experts=[2,3,4,5,6]; c49:bw=57,experts=[2,3,4,5,6]; c29:bw=27,experts=[5,6]; c7:bw=40,experts=[0,5,6,7]; c35:bw=10,experts=[3]; c37:bw=12,experts=[3]; c31:bw=68,experts=[1,2,3,4,5,6]; c39:bw=47,experts=[4,5,6,7]; c8:bw=55,experts=[0,4,5,6,7]; c19:bw=57,experts=[1,2,3,4,5]; c47:bw=12,experts=[3]; c46:bw=26,experts=[1,2]; c20:bw=15,experts=[4]; c27:bw=59,experts=[0,1,2,3,7]; c25:bw=40,experts=[4,5,6,7]; c21:bw=35,experts=[0,1,7]; c28:bw=41,experts=[0,1,2,7]; c32:bw=47,experts=[0,1,2,3]; c44:bw=31,experts=[0,6,7]; c5:bw=64,experts=[0,3,4,5,6,7]; c6:bw=16,experts=[5]; c24:bw=25,experts=[4,5]; c23:bw=21,experts=[5,6]; c43:bw=38,experts=[3,4,5]; c42:bw=10,experts=[7]; c16:bw=52,experts=[0,1,2,6,7]; c26:bw=30,experts=[4,5,6]; c33:bw=35,experts=[0,1,2]","0.6495,1.0814,1.0417,1.2250,0.7819,1.0798,0.8339,1.1083,0.4406,0.9594,0.8084,1.3696,1.3215,0.9747,0.6379,0.8216,0.7834,0.6461,1.6261,0.8673,0.9922,0.6438,0.4401,2.5851,1.2359,0.6309,0.8975,0.8126,1.1408,1.0335,0.7787,0.9955,0.6925,0.7743,1.2068,1.1551,1.9651,1.4734,0.8429,1.2226,0.7298,1.5969,1.1811,0.7460,1.2131,0.8208,0.9775,1.6473,1.2415,1.0648"
26,2026-09-23 23:13:03,Ours,0.01,3.31127004509955,17.79,19.3,25,53.6131,0:53.61,51.8301,0.6374,1.1406,1476.8128,24:36.81,50,"20,12,39,17,37,48,8,44,5,30,11,3,10,16,19,15,13,41,1,29,25,34,43,42,4,14,24,21,35,36,26,40,23,47,0,7,49,6,46,27,22,32,33,18,45,9,31,2,38,28",20:25;12:41;39:53;17:32;37:10;48:17;8:53;44:61;5:20;30:53;11:57;3:44;10:38;16:10;19:15;15:42;13:16;41:71;1:33;29:45;25:50;34:57;43:35;42:35;4:48;14:49;24:14;21:35;35:15;36:51;26:13;40:10;23:14;47:33;0:11;7:31;49:53;6:34;46:31;27:40;22:14;32:29;33:17;18:10;45:10;9:50;31:46;2:30;38:51;28:61,"20:[5,6];12:[1,2,3,4];39:[0,1,2,3,4];17:[0,1,7];37:[4];48:[0];8:[1,2,3,4,5];44:[1,2,3,4,5,6];5:[1,2];30:[1,2,3,4,5];11:[0,4,5,6,7];3:[1,2,3,4];10:[0,1,7];16:[3];19:[6];15:[0,1,6,7];13:[5];41:[0,1,2,3,4,6,7];1:[1,2,3];29:[0,1,2,7];25:[0,1,2,3,4];34:[0,1,2,3,7];43:[0,6,7];42:[0,1,2];4:[0,1,6,7];14:[0,1,6,7];24:[6];21:[2,3,4];35:[4];36:[0,1,5,6,7];26:[7];40:[5];23:[7];47:[4,5,6];0:[7];7:[1,2,3];49:[0,1,2,3,7];6:[0,6,7];46:[3,4,5];27:[4,5,6,7];22:[3];32:[4,5];33:[3];18:[2];45:[2];9:[0,1,5,6,7];31:[0,1,2,7];2:[3,4,5];38:[0,4,5,6,7];28:[0,3,4,5,6,7]","c20:bw=25,experts=[5,6]; c12:bw=41,experts=[1,2,3,4]; c39:bw=53,experts=[0,1,2,3,4]; c17:bw=32,experts=[0,1,7]; c37:bw=10,experts=[4]; c48:bw=17,experts=[0]; c8:bw=53,experts=[1,2,3,4,5]; c44:bw=61,experts=[1,2,3,4,5,6]; c5:bw=20,experts=[1,2]; c30:bw=53,experts=[1,2,3,4,5]; c11:bw=57,experts=[0,4,5,6,7]; c3:bw=44,experts=[1,2,3,4]; c10:bw=38,experts=[0,1,7]; c16:bw=10,experts=[3]; c19:bw=15,experts=[6]; c15:bw=42,experts=[0,1,6,7]; c13:bw=16,experts=[5]; c41:bw=71,experts=[0,1,2,3,4,6,7]; c1:bw=33,experts=[1,2,3]; c29:bw=45,experts=[0,1,2,7]; c25:bw=50,experts=[0,1,2,3,4]; c34:bw=57,experts=[0,1,2,3,7]; c43:bw=35,experts=[0,6,7]; c42:bw=35,experts=[0,1,2]; c4:bw=48,experts=[0,1,6,7]; c14:bw=49,experts=[0,1,6,7]; c24:bw=14,experts=[6]; c21:bw=35,experts=[2,3,4]; c35:bw=15,experts=[4]; c36:bw=51,experts=[0,1,5,6,7]; c26:bw=13,experts=[7]; c40:bw=10,experts=[5]; c23:bw=14,experts=[7]; c47:bw=33,experts=[4,5,6]; c0:bw=11,experts=[7]; c7:bw=31,experts=[1,2,3]; c49:bw=53,experts=[0,1,2,3,7]; c6:bw=34,experts=[0,6,7]; c46:bw=31,experts=[3,4,5]; c27:bw=40,experts=[4,5,6,7]; c22:bw=14,experts=[3]; c32:bw=29,experts=[4,5]; c33:bw=17,experts=[3]; c18:bw=10,experts=[2]; c45:bw=10,experts=[2]; c9:bw=50,experts=[0,1,5,6,7]; c31:bw=46,experts=[0,1,2,7]; c2:bw=30,experts=[3,4,5]; c38:bw=51,experts=[0,4,5,6,7]; c28:bw=61,experts=[0,3,4,5,6,7]","1.2242,0.6469,1.0428,0.9074,0.8256,0.6458,0.7787,0.7314,1.6172,1.0725,0.7854,1.1180,0.9703,1.6706,1.0002,0.7876,0.7905,0.4413,0.9713,1.2366,1.9745,0.8759,0.8329,0.9929,1.2082,1.3704,0.7552,1.4460,0.8953,0.8162,1.2368,1.0185,1.2132,0.6879,0.4321,0.6217,2.6130,1.2070,0.7778,1.1470,1.3160,1.2140,1.0621,0.9715,1.5808,1.0643,1.1360,0.6212,0.6474,0.8298"
27,2026-09-23 23:13:57,Ours,0.01,3.2632672665620555,19.76,19.76,27,53.6026,0:53.60,51.8201,0.6344,1.143,1530.4347,25:30.43,50,"38,41,31,12,3,15,24,23,30,45,6,14,27,7,44,46,43,26,13,9,16,25,21,33,36,34,49,37,8,29,5,32,40,39,11,22,2,42,10,19,4,0,1,17,28,35,48,47,18,20",38:19;41:10;31:32;12:22;3:21;15:46;24:29;23:75;30:39;45:10;6:63;14:26;27:54;7:51;44:35;46:22;43:65;26:32;13:57;9:18;16:20;25:30;21:45;33:64;36:50;34:47;49:47;37:69;8:55;29:27;5:37;32:46;40:48;39:14;11:66;22:47;2:20;42:46;10:62;19:18;4:12;0:36;1:62;17:36;28:10;35:43;48:63;47:48;18:18;20:37,"38:[1];41:[5];31:[3,4,5];12:[5,6];3:[5,6];15:[2,3,4,5];24:[0,7];23:[0,1,2,3,4,5,6];30:[0,6,7];45:[3];6:[1,2,3,4,5,6];14:[2,3];27:[0,1,2,3,4];7:[0,4,5,6,7];44:[0,1,7];46:[6,7];43:[1,2,3,4,5,6];26:[0,1,2];13:[0,1,2,6,7];9:[2];16:[4,5];25:[5,6,7];21:[0,5,6,7];33:[0,1,4,5,6,7];36:[2,3,4,5,6];34:[4,5,6,7];49:[4,5,6,7];37:[0,1,2,5,6,7];8:[0,1,2,6,7];29:[3,4];5:[3,4,5];32:[0,1,6,7];40:[0,1,6,7];39:[5];11:[1,2,3,4,5,6];22:[4,5,6,7];2:[6,7];42:[3,4,5,6];10:[2,3,4,5,6,7];19:[7];4:[2];0:[0,1,2];1:[0,1,4,5,6,7];17:[2,3,4];28:[1];35:[0,5,6,7];48:[1,2,3,4,5,6];47:[0,1,2,7];18:[3];20:[0,1,7]","c38:bw=19,experts=[1]; c41:bw=10,experts=[5]; c31:bw=32,experts=[3,4,5]; c12:bw=22,experts=[5,6]; c3:bw=21,experts=[5,6]; c15:bw=46,experts=[2,3,4,5]; c24:bw=29,experts=[0,7]; c23:bw=75,experts=[0,1,2,3,4,5,6]; c30:bw=39,experts=[0,6,7]; c45:bw=10,experts=[3]; c6:bw=63,experts=[1,2,3,4,5,6]; c14:bw=26,experts=[2,3]; c27:bw=54,experts=[0,1,2,3,4]; c7:bw=51,experts=[0,4,5,6,7]; c44:bw=35,experts=[0,1,7]; c46:bw=22,experts=[6,7]; c43:bw=65,experts=[1,2,3,4,5,6]; c26:bw=32,experts=[0,1,2]; c13:bw=57,experts=[0,1,2,6,7]; c9:bw=18,experts=[2]; c16:bw=20,experts=[4,5]; c25:bw=30,experts=[5,6,7]; c21:bw=45,experts=[0,5,6,7]; c33:bw=64,experts=[0,1,4,5,6,7]; c36:bw=50,experts=[2,3,4,5,6]; c34:bw=47,experts=[4,5,6,7]; c49:bw=47,experts=[4,5,6,7]; c37:bw=69,experts=[0,1,2,5,6,7]; c8:bw=55,experts=[0,1,2,6,7]; c29:bw=27,experts=[3,4]; c5:bw=37,experts=[3,4,5]; c32:bw=46,experts=[0,1,6,7]; c40:bw=48,experts=[0,1,6,7]; c39:bw=14,experts=[5]; c11:bw=66,experts=[1,2,3,4,5,6]; c22:bw=47,experts=[4,5,6,7]; c2:bw=20,experts=[6,7]; c42:bw=46,experts=[3,4,5,6]; c10:bw=62,experts=[2,3,4,5,6,7]; c19:bw=18,experts=[7]; c4:bw=12,experts=[2]; c0:bw=36,experts=[0,1,2]; c1:bw=62,experts=[0,1,4,5,6,7]; c17:bw=36,experts=[2,3,4]; c28:bw=10,experts=[1]; c35:bw=43,experts=[0,5,6,7]; c48:bw=63,experts=[1,2,3,4,5,6]; c47:bw=48,experts=[0,1,2,7]; c18:bw=18,experts=[3]; c20:bw=37,experts=[0,1,7]","0.6588,0.4494,1.1501,0.6529,1.1097,0.7944,0.7514,1.2310,1.0720,1.6116,1.2254,1.3604,1.1515,0.6310,0.7439,0.7875,0.8466,1.2485,0.7956,1.0641,1.6433,1.9706,1.4910,1.1075,0.8089,0.8670,2.5968,0.8329,0.7755,1.2329,1.5939,1.2317,1.0277,1.0359,0.7764,1.3288,0.6230,0.9878,0.9387,0.9872,1.1848,0.4385,0.9717,0.8211,0.8306,0.8867,0.6479,0.6893,0.9683,1.1883"
28,2026-09-23 23:14:56,Ours,0.01,3.238345074669943,19.18,19.76,27,59.3737,0:59.37,57.3236,0.7176,1.3271,1589.8316,26:29.83,50,"19,27,14,38,8,32,43,18,15,3,4,2,0,45,28,29,25,13,39,23,9,6,31,12,34,1,7,30,49,40,26,42,21,47,11,24,46,16,48,37,35,41,20,17,5,10,36,22,33,44",19:33;27:12;14:15;38:10;8:29;32:57;43:52;18:34;15:32;3:12;4:10;2:10;0:47;45:19;28:50;29:32;25:59;13:31;39:43;23:34;9:49;6:29;31:60;12:42;34:10;1:25;7:10;30:22;49:26;40:40;26:35;42:41;21:10;47:36;11:66;24:42;46:28;16:35;48:48;37:34;35:65;41:40;20:47;17:48;5:33;10:40;36:10;22:44;33:16;44:43,"19:[0,1,2];27:[5];14:[4];38:[2];8:[3,4];32:[2,3,4,5,6];43:[0,1,2,3,7];18:[4,5,6];15:[0,6,7];3:[7];4:[3];2:[0];0:[3,4,5,6];45:[4];28:[2,3,4,5,6];29:[5,6,7];25:[0,1,2,3,4];13:[3,4,5];39:[0,1,6,7];23:[0,1,7];9:[3,4,5,6];6:[0,7];31:[0,1,2,3,6,7];12:[0,1,2,7];34:[0];1:[2,3];7:[1];30:[1,2];49:[0,1];40:[2,3,4,5];26:[3,4,5];42:[0,1,2,7];21:[1];47:[3,4,5];11:[0,1,2,3,4,7];24:[1,2,3,4];46:[0,1];16:[0,6,7];48:[0,1,2,7];37:[3,4,5];35:[1,2,3,4,5,6];41:[0,1,6,7];20:[2,3,4,5];17:[0,5,6,7];5:[0,6,7];10:[0,1,2,3];36:[7];22:[0,1,2,3];33:[2];44:[2,3,4,5]","c19:bw=33,experts=[0,1,2]; c27:bw=12,experts=[5]; c14:bw=15,experts=[4]; c38:bw=10,experts=[2]; c8:bw=29,experts=[3,4]; c32:bw=57,experts=[2,3,4,5,6]; c43:bw=52,experts=[0,1,2,3,7]; c18:bw=34,experts=[4,5,6]; c15:bw=32,experts=[0,6,7]; c3:bw=12,experts=[7]; c4:bw=10,experts=[3]; c2:bw=10,experts=[0]; c0:bw=47,experts=[3,4,5,6]; c45:bw=19,experts=[4]; c28:bw=50,experts=[2,3,4,5,6]; c29:bw=32,experts=[5,6,7]; c25:bw=59,experts=[0,1,2,3,4]; c13:bw=31,experts=[3,4,5]; c39:bw=43,experts=[0,1,6,7]; c23:bw=34,experts=[0,1,7]; c9:bw=49,experts=[3,4,5,6]; c6:bw=29,experts=[0,7]; c31:bw=60,experts=[0,1,2,3,6,7]; c12:bw=42,experts=[0,1,2,7]; c34:bw=10,experts=[0]; c1:bw=25,experts=[2,3]; c7:bw=10,experts=[1]; c30:bw=22,experts=[1,2]; c49:bw=26,experts=[0,1]; c40:bw=40,experts=[2,3,4,5]; c26:bw=35,experts=[3,4,5]; c42:bw=41,experts=[0,1,2,7]; c21:bw=10,experts=[1]; c47:bw=36,experts=[3,4,5]; c11:bw=66,experts=[0,1,2,3,4,7]; c24:bw=42,experts=[1,2,3,4]; c46:bw=28,experts=[0,1]; c16:bw=35,experts=[0,6,7]; c48:bw=48,experts=[0,1,2,7]; c37:bw=34,experts=[3,4,5]; c35:bw=65,experts=[1,2,3,4,5,6]; c41:bw=40,experts=[0,1,6,7]; c20:bw=47,experts=[2,3,4,5]; c17:bw=48,experts=[0,5,6,7]; c5:bw=33,experts=[0,6,7]; c10:bw=40,experts=[0,1,2,3]; c36:bw=10,experts=[7]; c22:bw=44,experts=[0,1,2,3]; c33:bw=16,experts=[2]; c44:bw=43,experts=[2,3,4,5]","1.0046,1.1673,1.3710,0.6575,0.7814,1.2327,0.8361,0.9881,0.7835,1.1150,1.2104,0.6379,0.4499,1.6150,0.8330,1.2415,1.9780,0.8076,1.0724,1.2464,1.1474,1.3568,1.2029,0.7752,1.0771,1.2309,0.7967,1.2137,3.0298,1.2000,1.4454,1.1652,1.7043,0.8127,0.8906,0.9571,0.8667,1.9554,0.7331,0.9748,1.0591,0.5178,1.3836,1.0132,1.9436,1.1661,0.9656,1.5874,1.2956,0.8262"
29,2026-09-23 23:16:00,Ours,0.01,3.250165025760017,19.86,19.86,29,63.3853,1:03.39,61.49,0.6744,1.2157,1653.2421,27:33.24,50,"12,3,22,43,30,14,28,42,40,26,13,31,5,37,15,11,41,17,47,2,6,9,27,10,24,0,46,7,29,36,20,1,25,8,44,16,45,18,19,49,32,4,21,23,33,34,39,38,48,35",12:10;3:32;22:54;43:43;30:10;14:35;28:50;42:36;40:37;26:25;13:13;31:74;5:33;37:45;15:70;11:59;41:33;17:59;47:22;2:18;6:43;9:44;27:26;10:10;24:14;0:44;46:10;7:21;29:23;36:11;20:42;1:33;25:35;8:34;44:60;16:48;45:64;18:24;19:39;49:28;32:68;4:38;21:74;23:20;33:29;34:26;39:50;38:27;48:42;35:53,"12:[3];3:[0,1,2];22:[0,4,5,6,7];43:[4,5,6,7];30:[3];14:[5,6,7];28:[0,1,2,3,7];42:[3,4,5];40:[0,6,7];26:[6,7];13:[6];31:[0,1,2,4,5,6,7];5:[1,2,3];37:[0,1,6,7];15:[1,2,3,4,5,6,7];11:[0,1,5,6,7];41:[2,3,4];17:[1,2,3,4,5];47:[6,7];2:[1];6:[1,2,3,4];9:[0,1,2,7];27:[6,7];10:[4];24:[5];0:[0,1,2,7];46:[2];7:[2,3];29:[0,1];36:[0];20:[0,1,6,7];1:[4,5,6];25:[5,6,7];8:[5,6,7];44:[0,1,2,3,6,7];16:[1,2,3,4];45:[0,1,2,5,6,7];18:[0,7];19:[3,4,5];49:[2,3];32:[0,1,2,3,4,7];4:[4,5,6];21:[0,2,3,4,5,6,7];23:[2,3];33:[3,4];34:[1,2];39:[2,3,4,5,6];38:[3,4];48:[3,4,5,6];35:[0,1,2,3,7]","c12:bw=10,experts=[3]; c3:bw=32,experts=[0,1,2]; c22:bw=54,experts=[0,4,5,6,7]; c43:bw=43,experts=[4,5,6,7]; c30:bw=10,experts=[3]; c14:bw=35,experts=[5,6,7]; c28:bw=50,experts=[0,1,2,3,7]; c42:bw=36,experts=[3,4,5]; c40:bw=37,experts=[0,6,7]; c26:bw=25,experts=[6,7]; c13:bw=13,experts=[6]; c31:bw=74,experts=[0,1,2,4,5,6,7]; c5:bw=33,experts=[1,2,3]; c37:bw=45,experts=[0,1,6,7]; c15:bw=70,experts=[1,2,3,4,5,6,7]; c11:bw=59,experts=[0,1,5,6,7]; c41:bw=33,experts=[2,3,4]; c17:bw=59,experts=[1,2,3,4,5]; c47:bw=22,experts=[6,7]; c2:bw=18,experts=[1]; c6:bw=43,experts=[1,2,3,4]; c9:bw=44,experts=[0,1,2,7]; c27:bw=26,experts=[6,7]; c10:bw=10,experts=[4]; c24:bw=14,experts=[5]; c0:bw=44,experts=[0,1,2,7]; c46:bw=10,experts=[2]; c7:bw=21,experts=[2,3]; c29:bw=23,experts=[0,1]; c36:bw=11,experts=[0]; c20:bw=42,experts=[0,1,6,7]; c1:bw=33,experts=[4,5,6]; c25:bw=35,experts=[5,6,7]; c8:bw=34,experts=[5,6,7]; c44:bw=60,experts=[0,1,2,3,6,7]; c16:bw=48,experts=[1,2,3,4]; c45:bw=64,experts=[0,1,2,5,6,7]; c18:bw=24,experts=[0,7]; c19:bw=39,experts=[3,4,5]; c49:bw=28,experts=[2,3]; c32:bw=68,experts=[0,1,2,3,4,7]; c4:bw=38,experts=[4,5,6]; c21:bw=74,experts=[0,2,3,4,5,6,7]; c23:bw=20,experts=[2,3]; c33:bw=29,experts=[3,4]; c34:bw=26,experts=[1,2]; c39:bw=50,experts=[2,3,4,5,6]; c38:bw=27,experts=[3,4]; c48:bw=42,experts=[3,4,5,6]; c35:bw=53,experts=[0,1,2,3,7]","0.7511,1.2888,1.5992,1.0199,1.2764,1.6235,1.0327,1.2282,1.2631,1.4577,0.8885,1.3240,1.8443,0.9583,1.0213,0.9586,0.5373,1.0099,0.8542,0.7619,1.4778,1.3388,1.3903,1.0845,0.8665,0.5222,0.9117,0.7310,1.4918,0.9643,1.3859,1.0882,2.6895,0.9147,0.8471,1.9226,1.8334,1.1328,1.2551,3.2453,1.5441,1.4996,1.6667,1.3757,1.1442,0.9979,1.2117,0.6668,0.6555,0.9355"
30,2026-09-23 23:17:04,Ours,0.01,3.169247161935008,20.91,20.91,30,64.047,1:04.05,61.8879,0.7533,1.4006,1717.3141,28:37.31,50,"27,4,0,38,41,46,28,34,33,3,19,35,10,1,37,2,29,21,31,13,47,43,42,6,39,9,32,44,12,8,25,26,14,49,40,17,24,45,5,48,36,22,16,20,30,7,18,23,15,11",27:53;4:51;0:17;38:50;41:15;46:50;28:36;34:45;33:38;3:59;19:24;35:13;10:71;1:35;37:42;2:27;29:44;21:10;31:52;13:27;47:19;43:74;42:16;6:11;39:10;9:54;32:57;44:38;12:24;8:41;25:56;26:12;14:49;49:25;40:23;17:19;24:10;45:26;5:62;48:59;36:41;22:26;16:31;20:60;30:67;7:12;18:57;23:37;15:22;11:46,"27:[0,1,2,3,4];4:[0,1,2,3,7];0:[3];38:[0,1,5,6,7];41:[5];46:[3,4,5,6,7];28:[4,5,6];34:[3,4,5,6];33:[5,6,7];3:[3,4,5,6,7];19:[6,7];35:[4];10:[0,1,2,3,5,6,7];1:[0,1,7];37:[2,3,4,5];2:[2,3];29:[2,3,4,5];21:[1];31:[3,4,5,6,7];13:[0,7];47:[0];43:[0,1,2,3,4,5,6];42:[6];6:[5];39:[7];9:[3,4,5,6,7];32:[0,1,5,6,7];44:[4,5,6];12:[4,5];8:[0,1,2,3];25:[0,1,2,3,4];26:[0];14:[0,1,2,3];49:[4,5];40:[1,2];17:[6];24:[6];45:[3,4];5:[0,1,4,5,6,7];48:[0,1,2,3,7];36:[1,2,3,4];22:[1,2];16:[5,6,7];20:[2,3,4,5,6,7];30:[0,1,4,5,6,7];7:[4];18:[1,2,3,4,5];23:[4,5,6];15:[0,1];11:[2,3,4,5]","c27:bw=53,experts=[0,1,2,3,4]; c4:bw=51,experts=[0,1,2,3,7]; c0:bw=17,experts=[3]; c38:bw=50,experts=[0,1,5,6,7]; c41:bw=15,experts=[5]; c46:bw=50,experts=[3,4,5,6,7]; c28:bw=36,experts=[4,5,6]; c34:bw=45,experts=[3,4,5,6]; c33:bw=38,experts=[5,6,7]; c3:bw=59,experts=[3,4,5,6,7]; c19:bw=24,experts=[6,7]; c35:bw=13,experts=[4]; c10:bw=71,experts=[0,1,2,3,5,6,7]; c1:bw=35,experts=[0,1,7]; c37:bw=42,experts=[2,3,4,5]; c2:bw=27,experts=[2,3]; c29:bw=44,experts=[2,3,4,5]; c21:bw=10,experts=[1]; c31:bw=52,experts=[3,4,5,6,7]; c13:bw=27,experts=[0,7]; c47:bw=19,experts=[0]; c43:bw=74,experts=[0,1,2,3,4,5,6]; c42:bw=16,experts=[6]; c6:bw=11,experts=[5]; c39:bw=10,experts=[7]; c9:bw=54,experts=[3,4,5,6,7]; c32:bw=57,experts=[0,1,5,6,7]; c44:bw=38,experts=[4,5,6]; c12:bw=24,experts=[4,5]; c8:bw=41,experts=[0,1,2,3]; c25:bw=56,experts=[0,1,2,3,4]; c26:bw=12,experts=[0]; c14:bw=49,experts=[0,1,2,3]; c49:bw=25,experts=[4,5]; c40:bw=23,experts=[1,2]; c17:bw=19,experts=[6]; c24:bw=10,experts=[6]; c45:bw=26,experts=[3,4]; c5:bw=62,experts=[0,1,4,5,6,7]; c48:bw=59,experts=[0,1,2,3,7]; c36:bw=41,experts=[1,2,3,4]; c22:bw=26,experts=[1,2]; c16:bw=31,experts=[5,6,7]; c20:bw=60,experts=[2,3,4,5,6,7]; c30:bw=67,experts=[0,1,4,5,6,7]; c7:bw=12,experts=[4]; c18:bw=57,experts=[1,2,3,4,5]; c23:bw=37,experts=[4,5,6]; c15:bw=22,experts=[0,1]; c11:bw=46,experts=[2,3,4,5]","1.1717,1.3451,0.5396,0.8024,0.5550,0.9985,0.9877,1.0420,1.3275,1.3204,1.1827,1.0601,1.1557,1.1736,0.9550,0.7449,1.4078,1.8671,1.4074,0.8883,0.8513,1.0290,1.2244,1.4913,1.2801,1.2792,1.4961,0.8551,0.7740,0.9298,2.3855,1.4928,1.6753,3.1398,1.1765,0.9337,0.8488,1.8538,1.9205,0.7757,0.9933,1.6447,2.0329,1.4716,1.2914,0.7231,1.1528,1.4077,0.9074,0.9174"
31,2026-09-23 23:18:06,Ours,0.01,3.22579392473485,20.62,20.91,30,61.9047,1:01.90,60.1014,0.6391,1.159,1779.2488,29:39.25,50,"18,45,26,16,37,29,5,47,10,7,8,4,49,19,42,13,6,48,31,20,35,40,27,46,41,1,11,9,32,15,0,17,12,24,21,28,3,14,38,22,25,39,36,2,33,44,43,34,23,30",18:58;45:16;26:10;16:36;37:14;29:48;5:62;47:51;10:33;7:63;8:33;4:19;49:29;19:40;42:24;13:32;6:29;48:46;31:25;20:11;35:26;40:33;27:10;46:35;41:19;1:30;11:29;9:45;32:36;15:55;0:47;17:35;12:35;24:72;21:46;28:56;3:24;14:61;38:50;22:41;25:46;39:21;36:10;2:15;33:16;44:37;43:29;34:54;23:24;30:31,"18:[0,1,2,6,7];45:[5];26:[1];16:[0,1,2];37:[6];29:[0,1,6,7];5:[2,3,4,5,6,7];47:[1,2,3,4,5];10:[4,5,6];7:[0,1,2,5,6,7];8:[4,5,6];4:[4];49:[6,7];19:[0,1,2,3];42:[0,7];13:[1,2,3];6:[6,7];48:[4,5,6,7];31:[0,1];20:[0];35:[5,6];40:[3,4,5];27:[5];46:[0,1,2];41:[6];1:[2,3,4];11:[6,7];9:[0,1,2,3];32:[2,3,4];15:[2,3,4,5,6];0:[4,5,6,7];17:[0,1,7];12:[0,6,7];24:[0,1,2,3,4,5,7];21:[2,3,4,5];28:[0,1,2,3,7];3:[0,1];14:[0,1,4,5,6,7];38:[2,3,4,5,6];22:[3,4,5,6];25:[0,5,6,7];39:[0,1];36:[5];2:[4];33:[0];44:[0,1,7];43:[0,7];34:[0,1,2,3,7];23:[0,7];30:[2,3,4]","c18:bw=58,experts=[0,1,2,6,7]; c45:bw=16,experts=[5]; c26:bw=10,experts=[1]; c16:bw=36,experts=[0,1,2]; c37:bw=14,experts=[6]; c29:bw=48,experts=[0,1,6,7]; c5:bw=62,experts=[2,3,4,5,6,7]; c47:bw=51,experts=[1,2,3,4,5]; c10:bw=33,experts=[4,5,6]; c7:bw=63,experts=[0,1,2,5,6,7]; c8:bw=33,experts=[4,5,6]; c4:bw=19,experts=[4]; c49:bw=29,experts=[6,7]; c19:bw=40,experts=[0,1,2,3]; c42:bw=24,experts=[0,7]; c13:bw=32,experts=[1,2,3]; c6:bw=29,experts=[6,7]; c48:bw=46,experts=[4,5,6,7]; c31:bw=25,experts=[0,1]; c20:bw=11,experts=[0]; c35:bw=26,experts=[5,6]; c40:bw=33,experts=[3,4,5]; c27:bw=10,experts=[5]; c46:bw=35,experts=[0,1,2]; c41:bw=19,experts=[6]; c1:bw=30,experts=[2,3,4]; c11:bw=29,experts=[6,7]; c9:bw=45,experts=[0,1,2,3]; c32:bw=36,experts=[2,3,4]; c15:bw=55,experts=[2,3,4,5,6]; c0:bw=47,experts=[4,5,6,7]; c17:bw=35,experts=[0,1,7]; c12:bw=35,experts=[0,6,7]; c24:bw=72,experts=[0,1,2,3,4,5,7]; c21:bw=46,experts=[2,3,4,5]; c28:bw=56,experts=[0,1,2,3,7]; c3:bw=24,experts=[0,1]; c14:bw=61,experts=[0,1,4,5,6,7]; c38:bw=50,experts=[2,3,4,5,6]; c22:bw=41,experts=[3,4,5,6]; c25:bw=46,experts=[0,5,6,7]; c39:bw=21,experts=[0,1]; c36:bw=10,experts=[5]; c2:bw=15,experts=[4]; c33:bw=16,experts=[0]; c44:bw=37,experts=[0,1,7]; c43:bw=29,experts=[0,7]; c34:bw=54,experts=[0,1,2,3,7]; c23:bw=24,experts=[0,7]; c30:bw=31,experts=[2,3,4]","1.1922,1.9872,1.5341,2.0639,0.9759,1.4839,1.9318,0.8359,1.1641,0.7597,0.9505,1.5411,3.1000,1.1791,1.1857,0.9434,1.4592,0.8403,1.4523,1.5587,1.1497,1.3304,1.4657,1.0085,0.5050,1.0944,0.8708,1.3123,1.3563,0.8008,0.4460,0.8407,0.6843,0.7551,1.4678,0.8333,1.1342,1.4624,0.7223,1.4931,2.2505,1.1673,0.9035,0.6934,1.2174,0.8202,0.9273,0.9567,1.2236,1.0694"
32,2026-09-23 23:19:01,Ours,0.01,3.136348237159912,22.22,22.22,32,55.5369,0:55.54,53.7478,0.6437,1.1403,1834.81,30:34.81,50,"27,15,34,37,26,4,33,32,49,22,40,43,16,38,28,31,9,46,30,18,20,21,25,7,35,19,6,41,1,12,45,10,42,5,11,47,23,39,8,14,0,24,36,17,3,29,13,44,2,48",27:27;15:36;34:56;37:41;26:29;4:49;33:66;32:21;49:47;22:35;40:54;43:47;16:48;38:53;28:19;31:51;9:31;46:10;30:39;18:35;20:39;21:64;25:67;7:47;35:61;19:27;6:27;41:63;1:21;12:49;45:25;10:22;42:51;5:36;11:27;47:48;23:15;39:51;8:21;14:32;0:46;24:10;36:49;17:28;3:28;29:41;13:63;44:36;2:54;48:56,"27:[6,7];15:[0,1,7];34:[0,4,5,6,7];37:[0,1,2,7];26:[2,3];4:[0,5,6,7];33:[1,2,3,4,5,6];32:[5,6];49:[0,1,2,3];22:[0,1,7];40:[0,1,2,6,7];43:[1,2,3,4];16:[3,4,5,6];38:[0,1,2,3,7];28:[4];31:[2,3,4,5,6];9:[4,5,6];46:[3];30:[5,6,7];18:[3,4,5];20:[1,2,3];21:[0,1,2,3,6,7];25:[1,2,3,4,5,6];7:[3,4,5,6];35:[0,1,2,3,4,7];19:[4,5];6:[0,1];41:[0,1,2,3,4,7];1:[5,6];12:[1,2,3,4];45:[6,7];10:[0,7];42:[1,2,3,4,5];5:[0,1,2];11:[0,1];47:[0,1,6,7];23:[1];39:[2,3,4,5,6];8:[0,7];14:[2,3,4];0:[0,1,2,3];24:[6];36:[0,1,6,7];17:[2,3];3:[2,3];29:[2,3,4,5];13:[0,1,4,5,6,7];44:[2,3,4];2:[0,1,5,6,7];48:[0,1,2,3,4]","c27:bw=27,experts=[6,7]; c15:bw=36,experts=[0,1,7]; c34:bw=56,experts=[0,4,5,6,7]; c37:bw=41,experts=[0,1,2,7]; c26:bw=29,experts=[2,3]; c4:bw=49,experts=[0,5,6,7]; c33:bw=66,experts=[1,2,3,4,5,6]; c32:bw=21,experts=[5,6]; c49:bw=47,experts=[0,1,2,3]; c22:bw=35,experts=[0,1,7]; c40:bw=54,experts=[0,1,2,6,7]; c43:bw=47,experts=[1,2,3,4]; c16:bw=48,experts=[3,4,5,6]; c38:bw=53,experts=[0,1,2,3,7]; c28:bw=19,experts=[4]; c31:bw=51,experts=[2,3,4,5,6]; c9:bw=31,experts=[4,5,6]; c46:bw=10,experts=[3]; c30:bw=39,experts=[5,6,7]; c18:bw=35,experts=[3,4,5]; c20:bw=39,experts=[1,2,3]; c21:bw=64,experts=[0,1,2,3,6,7]; c25:bw=67,experts=[1,2,3,4,5,6]; c7:bw=47,experts=[3,4,5,6]; c35:bw=61,experts=[0,1,2,3,4,7]; c19:bw=27,experts=[4,5]; c6:bw=27,experts=[0,1]; c41:bw=63,experts=[0,1,2,3,4,7]; c1:bw=21,experts=[5,6]; c12:bw=49,experts=[1,2,3,4]; c45:bw=25,experts=[6,7]; c10:bw=22,experts=[0,7]; c42:bw=51,experts=[1,2,3,4,5]; c5:bw=36,experts=[0,1,2]; c11:bw=27,experts=[0,1]; c47:bw=48,experts=[0,1,6,7]; c23:bw=15,experts=[1]; c39:bw=51,experts=[2,3,4,5,6]; c8:bw=21,experts=[0,7]; c14:bw=32,experts=[2,3,4]; c0:bw=46,experts=[0,1,2,3]; c24:bw=10,experts=[6]; c36:bw=49,experts=[0,1,6,7]; c17:bw=28,experts=[2,3]; c3:bw=28,experts=[2,3]; c29:bw=41,experts=[2,3,4,5]; c13:bw=63,experts=[0,1,4,5,6,7]; c44:bw=36,experts=[2,3,4]; c2:bw=54,experts=[0,1,5,6,7]; c48:bw=56,experts=[0,1,2,3,4]","1.1623,0.7896,0.8773,0.8315,1.2525,1.2249,1.1092,1.2474,2.6593,1.3572,1.1320,1.0832,2.0905,0.8513,1.0525,1.3937,1.0972,0.7944,1.0856,1.0161,1.2382,1.5061,1.9887,0.6266,0.9012,0.9933,1.2238,0.4517,0.9767,0.6510,1.6109,0.9489,0.9997,1.6258,0.7796,0.7026,1.2123,1.0386,0.7733,1.3781,0.4474,0.7485,0.8188,0.8216,1.1042,1.2450,0.8055,0.7313,0.6413,0.6496"
33,2026-09-23 23:19:56,Ours,0.01,3.109267054110412,22.66,22.66,33,54.1207,0:54.12,52.3276,0.6442,1.1437,1888.9524,31:28.95,50,"20,35,0,15,6,33,21,36,46,43,32,5,22,18,27,42,29,39,7,14,25,9,11,30,26,28,40,45,38,10,1,4,13,3,49,24,12,37,44,31,2,23,16,17,47,41,19,34,8,48",20:40;35:36;0:62;15:24;6:37;33:41;21:65;36:40;46:43;43:40;32:34;5:29;22:56;18:55;27:38;42:65;29:62;39:47;7:52;14:37;25:14;9:42;11:53;30:55;26:44;28:29;40:45;45:10;38:35;10:46;1:34;4:45;13:30;3:70;49:51;24:28;12:46;37:39;44:46;31:49;2:24;23:63;16:44;17:59;47:25;41:27;19:25;34:40;8:50;48:80,"20:[4,5,6,7];35:[5,6,7];0:[0,1,4,5,6,7];15:[2,3];6:[2,3,4];33:[0,1,2,7];21:[0,1,4,5,6,7];36:[2,3,4,5];46:[4,5,6,7];43:[0,5,6,7];32:[0,1,7];5:[3,4];22:[2,3,4,5,6];18:[0,1,2,6,7];27:[0,1,2];42:[0,1,2,3,6,7];29:[0,1,2,3,6,7];39:[0,1,2,7];7:[0,1,2,3,7];14:[5,6,7];25:[7];9:[0,1,2,7];11:[2,3,4,5,6];30:[0,1,2,3,4];26:[4,5,6,7];28:[5,6];40:[3,4,5,6];45:[0];38:[4,5,6];10:[1,2,3,4];1:[0,1,7];4:[1,2,3,4];13:[2,3,4];3:[0,1,2,4,5,6,7];49:[0,4,5,6,7];24:[0,7];12:[0,5,6,7];37:[3,4,5];44:[0,5,6,7];31:[0,1,2,7];2:[2,3];23:[2,3,4,5,6,7];16:[0,1,2,7];17:[0,4,5,6,7];47:[2,3];41:[5,6];19:[6,7];34:[1,2,3,4];8:[1,2,3,4,5];48:[0,1,2,3,4,5,6,7]","c20:bw=40,experts=[4,5,6,7]; c35:bw=36,experts=[5,6,7]; c0:bw=62,experts=[0,1,4,5,6,7]; c15:bw=24,experts=[2,3]; c6:bw=37,experts=[2,3,4]; c33:bw=41,experts=[0,1,2,7]; c21:bw=65,experts=[0,1,4,5,6,7]; c36:bw=40,experts=[2,3,4,5]; c46:bw=43,experts=[4,5,6,7]; c43:bw=40,experts=[0,5,6,7]; c32:bw=34,experts=[0,1,7]; c5:bw=29,experts=[3,4]; c22:bw=56,experts=[2,3,4,5,6]; c18:bw=55,experts=[0,1,2,6,7]; c27:bw=38,experts=[0,1,2]; c42:bw=65,experts=[0,1,2,3,6,7]; c29:bw=62,experts=[0,1,2,3,6,7]; c39:bw=47,experts=[0,1,2,7]; c7:bw=52,experts=[0,1,2,3,7]; c14:bw=37,experts=[5,6,7]; c25:bw=14,experts=[7]; c9:bw=42,experts=[0,1,2,7]; c11:bw=53,experts=[2,3,4,5,6]; c30:bw=55,experts=[0,1,2,3,4]; c26:bw=44,experts=[4,5,6,7]; c28:bw=29,experts=[5,6]; c40:bw=45,experts=[3,4,5,6]; c45:bw=10,experts=[0]; c38:bw=35,experts=[4,5,6]; c10:bw=46,experts=[1,2,3,4]; c1:bw=34,experts=[0,1,7]; c4:bw=45,experts=[1,2,3,4]; c13:bw=30,experts=[2,3,4]; c3:bw=70,experts=[0,1,2,4,5,6,7]; c49:bw=51,experts=[0,4,5,6,7]; c24:bw=28,experts=[0,7]; c12:bw=46,experts=[0,5,6,7]; c37:bw=39,experts=[3,4,5]; c44:bw=46,experts=[0,5,6,7]; c31:bw=49,experts=[0,1,2,7]; c2:bw=24,experts=[2,3]; c23:bw=63,experts=[2,3,4,5,6,7]; c16:bw=44,experts=[0,1,2,7]; c17:bw=59,experts=[0,4,5,6,7]; c47:bw=25,experts=[2,3]; c41:bw=27,experts=[5,6]; c19:bw=25,experts=[6,7]; c34:bw=40,experts=[1,2,3,4]; c8:bw=50,experts=[1,2,3,4,5]; c48:bw=80,experts=[0,1,2,3,4,5,6,7]","1.2292,0.9014,0.4480,0.7831,1.2249,1.1035,1.4652,0.8232,0.8041,0.8449,1.2480,1.6180,1.3709,0.9954,1.1700,1.0012,1.2601,1.0749,0.6397,1.3801,1.9748,1.0875,0.7837,1.0770,1.2495,0.8365,1.0459,1.6059,0.6582,1.0216,0.9708,1.2078,0.7880,1.1177,2.6278,0.7473,0.6450,0.8212,0.7267,1.1539,0.6249,1.2216,1.6733,0.8441,0.7031,0.4440,0.9871,0.8642,0.7742,0.6587"
34,2026-09-23 23:20:50,Ours,0.01,3.076835711668338,22.85,22.85,34,54.2891,0:54.29,52.4898,0.6345,1.1596,1943.2653,32:23.27,50,"36,13,0,17,7,21,1,14,49,35,11,29,19,47,45,22,25,30,4,6,37,3,9,20,24,42,10,41,8,34,46,40,38,27,15,18,23,5,32,12,26,43,33,48,2,28,31,44,39,16",36:45;13:57;0:22;17:16;7:32;21:48;1:46;14:66;49:65;35:31;11:52;29:13;19:50;47:39;45:46;22:30;25:49;30:26;4:46;6:48;37:19;3:72;9:68;20:62;24:60;42:21;10:26;41:14;8:42;34:58;46:52;40:44;38:30;27:34;15:10;18:29;23:36;5:60;32:39;12:24;26:55;43:11;33:22;48:34;2:54;28:39;31:36;44:56;39:35;16:54,"36:[0,1,6,7];13:[0,1,5,6,7];0:[2,3];17:[1];7:[4,5,6];21:[2,3,4,5];1:[2,3,4,5];14:[0,1,2,3,4,5];49:[1,2,3,4,5,6];35:[0,1,2];11:[0,1,2,3,7];29:[4];19:[0,1,2,3,4];47:[4,5,6];45:[1,2,3,4];22:[0,1,7];25:[0,1,2,3];30:[5,6];4:[0,5,6,7];6:[0,5,6,7];37:[6];3:[0,1,3,4,5,6,7];9:[0,3,4,5,6,7];20:[0,1,2,3,4,5];24:[1,2,3,4,5,6];42:[4,5];10:[5,6];41:[7];8:[0,1,6,7];34:[0,1,5,6,7];46:[0,1,2,3,4];40:[0,1,2,7];38:[0,1,7];27:[3,4,5];15:[4];18:[3,4];23:[0,1,2];5:[0,1,2,5,6,7];32:[2,3,4];12:[1,2];26:[0,1,2,3,4];43:[1];33:[3,4];48:[5,6,7];2:[0,4,5,6,7];28:[0,1,7];31:[3,4,5];44:[1,2,3,4,5];39:[3,4,5];16:[3,4,5,6,7]","c36:bw=45,experts=[0,1,6,7]; c13:bw=57,experts=[0,1,5,6,7]; c0:bw=22,experts=[2,3]; c17:bw=16,experts=[1]; c7:bw=32,experts=[4,5,6]; c21:bw=48,experts=[2,3,4,5]; c1:bw=46,experts=[2,3,4,5]; c14:bw=66,experts=[0,1,2,3,4,5]; c49:bw=65,experts=[1,2,3,4,5,6]; c35:bw=31,experts=[0,1,2]; c11:bw=52,experts=[0,1,2,3,7]; c29:bw=13,experts=[4]; c19:bw=50,experts=[0,1,2,3,4]; c47:bw=39,experts=[4,5,6]; c45:bw=46,experts=[1,2,3,4]; c22:bw=30,experts=[0,1,7]; c25:bw=49,experts=[0,1,2,3]; c30:bw=26,experts=[5,6]; c4:bw=46,experts=[0,5,6,7]; c6:bw=48,experts=[0,5,6,7]; c37:bw=19,experts=[6]; c3:bw=72,experts=[0,1,3,4,5,6,7]; c9:bw=68,experts=[0,3,4,5,6,7]; c20:bw=62,experts=[0,1,2,3,4,5]; c24:bw=60,experts=[1,2,3,4,5,6]; c42:bw=21,experts=[4,5]; c10:bw=26,experts=[5,6]; c41:bw=14,experts=[7]; c8:bw=42,experts=[0,1,6,7]; c34:bw=58,experts=[0,1,5,6,7]; c46:bw=52,experts=[0,1,2,3,4]; c40:bw=44,experts=[0,1,2,7]; c38:bw=30,experts=[0,1,7]; c27:bw=34,experts=[3,4,5]; c15:bw=10,experts=[4]; c18:bw=29,experts=[3,4]; c23:bw=36,experts=[0,1,2]; c5:bw=60,experts=[0,1,2,5,6,7]; c32:bw=39,experts=[2,3,4]; c12:bw=24,experts=[1,2]; c26:bw=55,experts=[0,1,2,3,4]; c43:bw=11,experts=[1]; c33:bw=22,experts=[3,4]; c48:bw=34,experts=[5,6,7]; c2:bw=54,experts=[0,4,5,6,7]; c28:bw=39,experts=[0,1,7]; c31:bw=36,experts=[3,4,5]; c44:bw=56,experts=[1,2,3,4,5]; c39:bw=35,experts=[3,4,5]; c16:bw=54,experts=[3,4,5,6,7]","0.8358,0.8157,0.4459,0.8301,0.6338,1.4708,0.9968,1.3925,2.6764,0.9190,0.8001,1.2623,1.0174,0.7044,1.6305,1.3539,2.0356,1.0820,1.2268,1.2541,0.8318,1.1379,1.0998,1.2286,0.7570,0.9934,0.9481,0.4418,0.7745,0.8808,0.7917,1.0492,0.6665,1.1457,0.7876,0.9784,1.2259,1.6291,1.2282,0.6438,1.2490,0.8297,1.0787,0.6434,0.6350,0.8327,1.1433,0.7308,1.0537,1.6697"
35,2026-09-23 23:21:50,Ours,0.01,3.09332915753243,22.27,22.85,34,60.3941,1:00.39,58.58,0.6611,1.148,2003.683,33:23.68,50,"46,28,2,35,20,44,41,13,45,43,10,7,25,15,0,36,32,48,49,42,22,17,24,19,3,21,4,14,37,27,47,8,9,6,29,18,5,34,23,33,30,39,16,40,26,12,31,1,38,11",46:45;28:55;2:46;35:54;20:53;44:30;41:67;13:48;45:43;43:55;10:57;7:48;25:40;15:47;0:20;36:41;32:13;48:54;49:13;42:49;22:32;17:32;24:15;19:22;3:24;21:10;4:33;14:20;37:52;27:64;47:39;8:50;9:27;6:44;29:28;18:51;5:41;34:64;23:13;33:38;30:61;39:44;16:10;40:18;26:59;12:22;31:51;1:31;38:34;11:69,"46:[0,5,6,7];28:[2,3,4,5,6];2:[1,2,3,4];35:[3,4,5,6,7];20:[0,1,2,6,7];44:[0,6,7];41:[0,1,2,3,4,5];13:[2,3,4,5];45:[0,5,6,7];43:[2,3,4,5,6];10:[0,1,2,3,7];7:[0,1,2,7];25:[4,5,6,7];15:[0,5,6,7];0:[4,5];36:[2,3,4,5];32:[5];48:[0,1,2,3,4];49:[7];42:[0,1,6,7];22:[2,3,4];17:[2,3,4];24:[7];19:[5,6];3:[2,3];21:[6];4:[1,2,3];14:[6,7];37:[0,1,2,3,7];27:[0,1,2,3,6,7];47:[0,1,7];8:[2,3,4,5,6];9:[1,2];6:[1,2,3,4];29:[5,6];18:[0,1,5,6,7];5:[3,4,5,6];34:[2,3,4,5,6,7];23:[3];33:[5,6,7];30:[0,1,2,3,4,7];39:[0,1,6,7];16:[0];40:[3];26:[0,1,5,6,7];12:[3,4];31:[0,1,2,6,7];1:[0,6,7];38:[2,3,4];11:[0,1,4,5,6,7]","c46:bw=45,experts=[0,5,6,7]; c28:bw=55,experts=[2,3,4,5,6]; c2:bw=46,experts=[1,2,3,4]; c35:bw=54,experts=[3,4,5,6,7]; c20:bw=53,experts=[0,1,2,6,7]; c44:bw=30,experts=[0,6,7]; c41:bw=67,experts=[0,1,2,3,4,5]; c13:bw=48,experts=[2,3,4,5]; c45:bw=43,experts=[0,5,6,7]; c43:bw=55,experts=[2,3,4,5,6]; c10:bw=57,experts=[0,1,2,3,7]; c7:bw=48,experts=[0,1,2,7]; c25:bw=40,experts=[4,5,6,7]; c15:bw=47,experts=[0,5,6,7]; c0:bw=20,experts=[4,5]; c36:bw=41,experts=[2,3,4,5]; c32:bw=13,experts=[5]; c48:bw=54,experts=[0,1,2,3,4]; c49:bw=13,experts=[7]; c42:bw=49,experts=[0,1,6,7]; c22:bw=32,experts=[2,3,4]; c17:bw=32,experts=[2,3,4]; c24:bw=15,experts=[7]; c19:bw=22,experts=[5,6]; c3:bw=24,experts=[2,3]; c21:bw=10,experts=[6]; c4:bw=33,experts=[1,2,3]; c14:bw=20,experts=[6,7]; c37:bw=52,experts=[0,1,2,3,7]; c27:bw=64,experts=[0,1,2,3,6,7]; c47:bw=39,experts=[0,1,7]; c8:bw=50,experts=[2,3,4,5,6]; c9:bw=27,experts=[1,2]; c6:bw=44,experts=[1,2,3,4]; c29:bw=28,experts=[5,6]; c18:bw=51,experts=[0,1,5,6,7]; c5:bw=41,experts=[3,4,5,6]; c34:bw=64,experts=[2,3,4,5,6,7]; c23:bw=13,experts=[3]; c33:bw=38,experts=[5,6,7]; c30:bw=61,experts=[0,1,2,3,4,7]; c39:bw=44,experts=[0,1,6,7]; c16:bw=10,experts=[0]; c40:bw=18,experts=[3]; c26:bw=59,experts=[0,1,5,6,7]; c12:bw=22,experts=[3,4]; c31:bw=51,experts=[0,1,2,6,7]; c1:bw=31,experts=[0,6,7]; c38:bw=34,experts=[2,3,4]; c11:bw=69,experts=[0,1,4,5,6,7]","0.7985,0.8414,0.6534,0.9583,1.2847,0.7776,0.4964,0.8437,1.7297,0.9192,1.1447,0.7802,2.4496,0.9963,0.5366,0.9632,1.4514,0.7771,3.1044,1.1993,1.5697,1.0427,0.8604,1.1094,1.2949,1.7071,1.4240,1.6492,1.0188,1.4214,0.8108,0.8852,1.2330,1.3832,1.4122,1.1076,1.8323,0.9780,1.3774,1.1450,1.2785,1.1723,1.6621,1.0278,1.2528,0.6483,1.1600,0.9790,0.6577,0.7736"
36,2026-09-23 23:22:45,Ours,0.01,3.1407945856918196,24.01,24.01,36,54.1599,0:54.16,52.3531,0.6417,1.16,2057.9398,34:17.94,50,"48,9,7,37,24,26,0,17,18,23,8,20,44,35,42,4,15,39,49,34,2,29,21,27,13,45,1,19,41,30,36,40,43,12,16,3,47,38,33,25,22,46,31,14,5,32,10,28,6,11",48:30;9:37;7:27;37:37;24:12;26:41;0:36;17:49;18:11;23:58;8:51;20:49;44:29;35:44;42:52;4:74;15:68;39:47;49:11;34:16;2:50;29:53;21:42;27:40;13:47;45:37;1:10;19:48;41:61;30:39;36:19;40:42;43:25;12:35;16:10;3:60;47:22;38:35;33:33;25:11;22:13;46:39;31:51;14:18;5:49;32:22;10:56;28:37;6:43;11:33,"48:[5,6,7];9:[3,4,5];7:[3,4];37:[4,5,6];24:[0];26:[2,3,4,5];0:[0,6,7];17:[0,5,6,7];18:[2];23:[0,4,5,6,7];8:[0,1,2,3,7];20:[3,4,5,6];44:[1,2];35:[0,1,2,3];42:[2,3,4,5,6];4:[0,1,2,4,5,6,7];15:[1,2,3,4,5,6];39:[2,3,4,5];49:[0];34:[0];2:[0,1,5,6,7];29:[0,1,2,3,7];21:[0,1,2,7];27:[4,5,6,7];13:[0,1,6,7];45:[1,2,3];1:[1];19:[0,1,2,7];41:[0,1,2,3,6,7];30:[5,6,7];36:[6];40:[4,5,6,7];43:[0,7];12:[5,6,7];16:[1];3:[0,1,4,5,6,7];47:[2,3];38:[5,6,7];33:[0,1,2];25:[0];22:[5];46:[1,2,3];31:[3,4,5,6,7];14:[0];5:[0,1,2,7];32:[6,7];10:[0,4,5,6,7];28:[0,1,7];6:[0,5,6,7];11:[2,3,4]","c48:bw=30,experts=[5,6,7]; c9:bw=37,experts=[3,4,5]; c7:bw=27,experts=[3,4]; c37:bw=37,experts=[4,5,6]; c24:bw=12,experts=[0]; c26:bw=41,experts=[2,3,4,5]; c0:bw=36,experts=[0,6,7]; c17:bw=49,experts=[0,5,6,7]; c18:bw=11,experts=[2]; c23:bw=58,experts=[0,4,5,6,7]; c8:bw=51,experts=[0,1,2,3,7]; c20:bw=49,experts=[3,4,5,6]; c44:bw=29,experts=[1,2]; c35:bw=44,experts=[0,1,2,3]; c42:bw=52,experts=[2,3,4,5,6]; c4:bw=74,experts=[0,1,2,4,5,6,7]; c15:bw=68,experts=[1,2,3,4,5,6]; c39:bw=47,experts=[2,3,4,5]; c49:bw=11,experts=[0]; c34:bw=16,experts=[0]; c2:bw=50,experts=[0,1,5,6,7]; c29:bw=53,experts=[0,1,2,3,7]; c21:bw=42,experts=[0,1,2,7]; c27:bw=40,experts=[4,5,6,7]; c13:bw=47,experts=[0,1,6,7]; c45:bw=37,experts=[1,2,3]; c1:bw=10,experts=[1]; c19:bw=48,experts=[0,1,2,7]; c41:bw=61,experts=[0,1,2,3,6,7]; c30:bw=39,experts=[5,6,7]; c36:bw=19,experts=[6]; c40:bw=42,experts=[4,5,6,7]; c43:bw=25,experts=[0,7]; c12:bw=35,experts=[5,6,7]; c16:bw=10,experts=[1]; c3:bw=60,experts=[0,1,4,5,6,7]; c47:bw=22,experts=[2,3]; c38:bw=35,experts=[5,6,7]; c33:bw=33,experts=[0,1,2]; c25:bw=11,experts=[0]; c22:bw=13,experts=[5]; c46:bw=39,experts=[1,2,3]; c31:bw=51,experts=[3,4,5,6,7]; c14:bw=18,experts=[0]; c5:bw=49,experts=[0,1,2,7]; c32:bw=22,experts=[6,7]; c10:bw=56,experts=[0,4,5,6,7]; c28:bw=37,experts=[0,1,7]; c6:bw=43,experts=[0,5,6,7]; c11:bw=33,experts=[2,3,4]","0.6535,1.0828,0.6362,0.8495,0.8260,1.2689,0.4441,0.8399,0.9915,1.2409,0.7837,1.2352,0.7400,0.9059,1.0083,1.2267,0.8042,1.0537,2.6489,0.8704,0.6449,1.2486,1.4871,1.1517,0.7977,1.6167,0.9699,0.9990,0.4547,1.0650,0.8180,1.0248,0.8288,0.6411,1.6638,1.1197,0.6931,0.6612,1.0810,1.9945,1.3345,0.7964,1.1495,1.3508,1.6243,1.2207,0.9552,0.8360,1.2272,0.7868"
37,2026-09-23 23:23:39,Ours,0.01,3.013762542293616,25.02,25.02,37,54.1138,0:54.11,52.3018,0.6379,1.169,2112.0777,35:12.08,50,"29,22,21,44,0,9,49,36,1,10,4,12,42,18,39,5,8,3,30,38,33,31,35,13,19,32,25,27,46,20,45,37,2,6,41,43,40,28,16,47,7,26,15,14,17,11,23,24,48,34",29:39;22:10;21:18;44:19;0:54;9:40;49:36;36:10;1:18;10:58;4:39;12:49;42:59;18:10;39:47;5:39;8:10;3:36;30:51;38:10;33:64;31:53;35:53;13:12;19:42;32:22;25:56;27:55;46:68;20:38;45:11;37:18;2:36;6:65;41:41;43:51;40:26;28:10;16:31;47:10;7:42;26:10;15:51;14:28;17:56;11:63;23:44;24:61;48:41;34:61,"29:[4,5,6];22:[6];21:[3];44:[3];0:[1,2,3,4,5];9:[0,1,6,7];49:[1,2,3];36:[7];1:[2];10:[1,2,3,4,5];4:[3,4,5];12:[0,1,2,3];42:[0,1,2,3,7];18:[3];39:[0,1,6,7];5:[3,4,5];8:[4];3:[2,3,4];30:[0,1,2,3,4];38:[0];33:[0,3,4,5,6,7];31:[0,1,2,3,4];35:[0,4,5,6,7];13:[2];19:[3,4,5,6];32:[0,1];25:[1,2,3,4,5];27:[0,1,2,3,4];46:[0,1,4,5,6,7];20:[0,1,7];45:[4];37:[7];2:[2,3,4];6:[1,2,3,4,5,6];41:[4,5,6,7];43:[1,2,3,4,5];40:[0,1];28:[2];16:[2,3,4];47:[4];7:[0,5,6,7];26:[6];15:[0,1,2,3,7];14:[1,2];17:[1,2,3,4,5];11:[0,1,2,5,6,7];23:[1,2,3,4];24:[1,2,3,4,5,6];48:[0,1,2,3];34:[1,2,3,4,5,6]","c29:bw=39,experts=[4,5,6]; c22:bw=10,experts=[6]; c21:bw=18,experts=[3]; c44:bw=19,experts=[3]; c0:bw=54,experts=[1,2,3,4,5]; c9:bw=40,experts=[0,1,6,7]; c49:bw=36,experts=[1,2,3]; c36:bw=10,experts=[7]; c1:bw=18,experts=[2]; c10:bw=58,experts=[1,2,3,4,5]; c4:bw=39,experts=[3,4,5]; c12:bw=49,experts=[0,1,2,3]; c42:bw=59,experts=[0,1,2,3,7]; c18:bw=10,experts=[3]; c39:bw=47,experts=[0,1,6,7]; c5:bw=39,experts=[3,4,5]; c8:bw=10,experts=[4]; c3:bw=36,experts=[2,3,4]; c30:bw=51,experts=[0,1,2,3,4]; c38:bw=10,experts=[0]; c33:bw=64,experts=[0,3,4,5,6,7]; c31:bw=53,experts=[0,1,2,3,4]; c35:bw=53,experts=[0,4,5,6,7]; c13:bw=12,experts=[2]; c19:bw=42,experts=[3,4,5,6]; c32:bw=22,experts=[0,1]; c25:bw=56,experts=[1,2,3,4,5]; c27:bw=55,experts=[0,1,2,3,4]; c46:bw=68,experts=[0,1,4,5,6,7]; c20:bw=38,experts=[0,1,7]; c45:bw=11,experts=[4]; c37:bw=18,experts=[7]; c2:bw=36,experts=[2,3,4]; c6:bw=65,experts=[1,2,3,4,5,6]; c41:bw=41,experts=[4,5,6,7]; c43:bw=51,experts=[1,2,3,4,5]; c40:bw=26,experts=[0,1]; c28:bw=10,experts=[2]; c16:bw=31,experts=[2,3,4]; c47:bw=10,experts=[4]; c7:bw=42,experts=[0,5,6,7]; c26:bw=10,experts=[6]; c15:bw=51,experts=[0,1,2,3,7]; c14:bw=28,experts=[1,2]; c17:bw=56,experts=[1,2,3,4,5]; c11:bw=63,experts=[0,1,2,5,6,7]; c23:bw=44,experts=[1,2,3,4]; c24:bw=61,experts=[1,2,3,4,5,6]; c48:bw=41,experts=[0,1,2,3]; c34:bw=61,experts=[1,2,3,4,5,6]","1.2556,1.3596,1.4798,0.7444,0.4487,1.0983,2.6377,0.8251,0.9743,0.9565,1.2035,0.6563,1.0060,0.9898,1.0825,1.6333,0.7811,1.1097,1.0934,0.6659,1.0963,1.1636,0.9138,0.7880,0.9996,1.2392,1.9789,1.1682,0.7977,1.2517,1.6055,0.8218,0.6352,1.2274,0.4464,0.8361,1.0334,0.8308,1.6565,0.7040,0.6414,1.2289,0.7848,1.3638,0.8238,0.7899,1.2111,0.7450,0.6413,0.8762"
38,2026-09-23 23:24:33,Ours,0.01,3.063995804006835,23.34,25.02,37,54.354,0:54.35,52.558,0.6398,1.1511,2166.4578,36:06.46,50,"40,47,2,4,35,22,33,39,20,6,5,41,3,34,18,13,12,8,26,28,1,25,48,38,9,0,19,27,49,36,15,14,43,11,16,23,21,42,7,44,32,24,10,31,37,30,46,45,17,29",40:62;47:18;2:10;4:52;35:23;22:46;33:60;39:64;20:36;6:17;5:10;41:72;3:38;34:65;18:44;13:63;12:47;8:46;26:44;28:30;1:31;25:58;48:36;38:19;9:26;0:40;19:61;27:48;49:24;36:64;15:12;14:41;43:10;11:17;16:38;23:30;21:51;42:33;7:51;44:29;32:20;24:38;10:39;31:52;37:14;30:34;46:47;45:59;17:41;29:21,"40:[2,3,4,5,6,7];47:[5];2:[5];4:[0,1,2,6,7];35:[1,2];22:[0,1,2,7];33:[1,2,3,4,5,6];39:[2,3,4,5,6,7];20:[2,3,4];6:[7];5:[6];41:[0,1,2,3,4,5,6];3:[5,6,7];34:[0,1,2,3,4,7];18:[4,5,6,7];13:[0,3,4,5,6,7];12:[4,5,6,7];8:[0,5,6,7];26:[0,1,2,7];28:[3,4,5];1:[3,4,5];25:[0,1,2,6,7];48:[4,5,6];38:[1];9:[2,3];0:[0,1,6,7];19:[0,1,2,3,4,7];27:[0,5,6,7];49:[4,5];36:[0,1,2,3,4,5];15:[4];14:[3,4,5,6];43:[6];11:[3];16:[5,6,7];23:[5,6,7];21:[0,4,5,6,7];42:[4,5,6];7:[1,2,3,4,5];44:[4,5];32:[2,3];24:[0,1,7];10:[0,6,7];31:[0,1,5,6,7];37:[0];30:[5,6,7];46:[2,3,4,5];45:[0,1,5,6,7];17:[0,1,6,7];29:[0,7]","c40:bw=62,experts=[2,3,4,5,6,7]; c47:bw=18,experts=[5]; c2:bw=10,experts=[5]; c4:bw=52,experts=[0,1,2,6,7]; c35:bw=23,experts=[1,2]; c22:bw=46,experts=[0,1,2,7]; c33:bw=60,experts=[1,2,3,4,5,6]; c39:bw=64,experts=[2,3,4,5,6,7]; c20:bw=36,experts=[2,3,4]; c6:bw=17,experts=[7]; c5:bw=10,experts=[6]; c41:bw=72,experts=[0,1,2,3,4,5,6]; c3:bw=38,experts=[5,6,7]; c34:bw=65,experts=[0,1,2,3,4,7]; c18:bw=44,experts=[4,5,6,7]; c13:bw=63,experts=[0,3,4,5,6,7]; c12:bw=47,experts=[4,5,6,7]; c8:bw=46,experts=[0,5,6,7]; c26:bw=44,experts=[0,1,2,7]; c28:bw=30,experts=[3,4,5]; c1:bw=31,experts=[3,4,5]; c25:bw=58,experts=[0,1,2,6,7]; c48:bw=36,experts=[4,5,6]; c38:bw=19,experts=[1]; c9:bw=26,experts=[2,3]; c0:bw=40,experts=[0,1,6,7]; c19:bw=61,experts=[0,1,2,3,4,7]; c27:bw=48,experts=[0,5,6,7]; c49:bw=24,experts=[4,5]; c36:bw=64,experts=[0,1,2,3,4,5]; c15:bw=12,experts=[4]; c14:bw=41,experts=[3,4,5,6]; c43:bw=10,experts=[6]; c11:bw=17,experts=[3]; c16:bw=38,experts=[5,6,7]; c23:bw=30,experts=[5,6,7]; c21:bw=51,experts=[0,4,5,6,7]; c42:bw=33,experts=[4,5,6]; c7:bw=51,experts=[1,2,3,4,5]; c44:bw=29,experts=[4,5]; c32:bw=20,experts=[2,3]; c24:bw=38,experts=[0,1,7]; c10:bw=39,experts=[0,6,7]; c31:bw=52,experts=[0,1,5,6,7]; c37:bw=14,experts=[0]; c30:bw=34,experts=[5,6,7]; c46:bw=47,experts=[2,3,4,5]; c45:bw=59,experts=[0,1,5,6,7]; c17:bw=41,experts=[0,1,6,7]; c29:bw=21,experts=[0,7]","1.0495,0.7108,0.6414,1.2381,0.9164,1.3647,1.1130,1.0786,1.2388,1.2467,1.6072,0.4618,1.1337,0.8784,1.0092,0.8088,0.6613,0.7895,1.2605,0.8447,0.9868,2.0356,0.6558,0.6645,1.0799,0.4513,1.0022,1.1681,2.6408,0.8208,0.7947,1.3673,0.8302,0.7792,1.6904,1.2328,1.4700,0.9914,0.6351,0.7325,1.2282,0.7604,0.9476,1.1492,0.8226,1.0750,0.7942,1.6197,0.8355,1.2431"
39,2026-09-23 23:25:28,Ours,0.01,3.029217827185662,24.87,25.02,37,54.4889,0:54.49,52.7117,0.6351,1.137,2220.9717,37:00.97,50,"0,34,1,14,47,29,20,4,35,28,32,26,22,24,16,23,12,18,37,17,40,13,9,49,45,21,25,42,3,15,33,46,6,19,27,36,7,11,31,30,38,48,44,8,5,2,10,39,43,41",0:10;34:47;1:45;14:57;47:45;29:16;20:68;4:36;35:29;28:54;32:63;26:37;22:28;24:44;16:29;23:49;12:49;18:25;37:63;17:42;40:40;13:49;9:24;49:56;45:33;21:52;25:35;42:23;3:26;15:30;33:49;46:15;6:31;19:18;27:39;36:65;7:40;11:51;31:39;30:43;38:57;48:39;44:38;8:45;5:75;2:36;10:24;39:62;43:27;41:51,"0:[2];34:[0,5,6,7];1:[0,1,6,7];14:[0,1,2,3,7];47:[0,1,6,7];29:[1];20:[0,1,2,5,6,7];4:[3,4,5];35:[3,4];28:[0,1,2,6,7];32:[0,1,4,5,6,7];26:[3,4,5];22:[3,4];24:[2,3,4,5];16:[0,1];23:[0,1,2,3];12:[0,1,2,3];18:[0,1];37:[1,2,3,4,5,6];17:[2,3,4,5];40:[0,1,2,3];13:[1,2,3,4];9:[4,5];49:[0,1,2,6,7];45:[2,3,4];21:[1,2,3,4,5];25:[3,4,5];42:[0,7];3:[0,1];15:[5,6,7];33:[0,1,2,7];46:[6];6:[0,1,2];19:[5];27:[1,2,3];36:[0,1,2,3,6,7];7:[0,1,6,7];11:[0,4,5,6,7];31:[2,3,4];30:[0,1,2,3];38:[2,3,4,5,6];48:[0,1,7];44:[0,6,7];8:[1,2,3,4];5:[0,1,2,3,4,5,7];2:[0,6,7];10:[1,2];39:[0,1,2,3,4,5];43:[0,7];41:[0,1,2,3,7]","c0:bw=10,experts=[2]; c34:bw=47,experts=[0,5,6,7]; c1:bw=45,experts=[0,1,6,7]; c14:bw=57,experts=[0,1,2,3,7]; c47:bw=45,experts=[0,1,6,7]; c29:bw=16,experts=[1]; c20:bw=68,experts=[0,1,2,5,6,7]; c4:bw=36,experts=[3,4,5]; c35:bw=29,experts=[3,4]; c28:bw=54,experts=[0,1,2,6,7]; c32:bw=63,experts=[0,1,4,5,6,7]; c26:bw=37,experts=[3,4,5]; c22:bw=28,experts=[3,4]; c24:bw=44,experts=[2,3,4,5]; c16:bw=29,experts=[0,1]; c23:bw=49,experts=[0,1,2,3]; c12:bw=49,experts=[0,1,2,3]; c18:bw=25,experts=[0,1]; c37:bw=63,experts=[1,2,3,4,5,6]; c17:bw=42,experts=[2,3,4,5]; c40:bw=40,experts=[0,1,2,3]; c13:bw=49,experts=[1,2,3,4]; c9:bw=24,experts=[4,5]; c49:bw=56,experts=[0,1,2,6,7]; c45:bw=33,experts=[2,3,4]; c21:bw=52,experts=[1,2,3,4,5]; c25:bw=35,experts=[3,4,5]; c42:bw=23,experts=[0,7]; c3:bw=26,experts=[0,1]; c15:bw=30,experts=[5,6,7]; c33:bw=49,experts=[0,1,2,7]; c46:bw=15,experts=[6]; c6:bw=31,experts=[0,1,2]; c19:bw=18,experts=[5]; c27:bw=39,experts=[1,2,3]; c36:bw=65,experts=[0,1,2,3,6,7]; c7:bw=40,experts=[0,1,6,7]; c11:bw=51,experts=[0,4,5,6,7]; c31:bw=39,experts=[2,3,4]; c30:bw=43,experts=[0,1,2,3]; c38:bw=57,experts=[2,3,4,5,6]; c48:bw=39,experts=[0,1,7]; c44:bw=38,experts=[0,6,7]; c8:bw=45,experts=[1,2,3,4]; c5:bw=75,experts=[0,1,2,3,4,5,7]; c2:bw=36,experts=[0,6,7]; c10:bw=24,experts=[1,2]; c39:bw=62,experts=[0,1,2,3,4,5]; c43:bw=27,experts=[0,7]; c41:bw=51,experts=[0,1,2,3,7]","0.4492,0.8858,0.9867,1.3845,0.7128,1.2571,1.2381,1.2237,0.9212,0.9328,1.2665,1.2716,1.3750,0.7569,1.7011,1.2583,0.6619,0.9858,0.8419,0.8392,1.0491,0.8105,1.0938,2.6547,1.6295,1.4674,1.9855,1.0044,1.1265,0.7836,1.1065,0.7996,1.2460,0.9858,1.1632,0.8185,0.6319,0.7883,1.1497,1.0836,0.6654,0.6434,0.7433,0.7755,1.6180,0.6394,0.9496,1.0644,0.8333,0.4508"
40,2026-09-23 23:26:22,Ours,0.01,3.0465139923923146,25.4,25.4,40,54.5987,0:54.60,52.7683,0.6365,1.1887,2275.596,37:55.60,50,"10,0,7,12,42,45,13,24,43,41,46,5,47,15,38,22,33,1,26,8,48,16,49,44,37,35,3,4,19,23,39,25,30,20,29,11,6,32,14,28,34,9,27,2,40,31,36,21,18,17",10:60;0:36;7:66;12:42;42:23;45:66;13:32;24:51;43:35;41:40;46:52;5:32;47:10;15:22;38:10;22:43;33:27;1:42;26:63;8:26;48:23;16:29;49:43;44:10;37:35;35:32;3:10;4:19;19:23;23:50;39:23;25:67;30:42;20:21;29:43;11:15;6:46;32:48;14:58;28:10;34:49;9:40;27:38;2:65;40:34;31:61;36:48;21:35;18:38;17:30,"10:[0,3,4,5,6,7];0:[3,4,5];7:[2,3,4,5,6,7];12:[4,5,6,7];42:[1,2];45:[0,1,2,5,6,7];13:[5,6,7];24:[0,1,2,6,7];43:[1,2,3];41:[4,5,6,7];46:[0,1,2,3,7];5:[0,6,7];47:[2];15:[0,1];38:[7];22:[0,5,6,7];33:[3,4];1:[2,3,4,5];26:[0,1,2,3,6,7];8:[5,6];48:[2,3];16:[2,3];49:[3,4,5,6];44:[1];37:[0,1,7];35:[5,6,7];3:[2];4:[6];19:[6,7];23:[0,4,5,6,7];39:[6,7];25:[0,1,2,3,6,7];30:[4,5,6,7];20:[3,4];29:[2,3,4,5];11:[1];6:[3,4,5,6];32:[2,3,4,5];14:[0,4,5,6,7];28:[3];34:[1,2,3,4];9:[0,1,6,7];27:[4,5,6];2:[1,2,3,4,5,6];40:[4,5,6];31:[0,1,2,5,6,7];36:[4,5,6,7];21:[0,6,7];18:[2,3,4];17:[0,6,7]","c10:bw=60,experts=[0,3,4,5,6,7]; c0:bw=36,experts=[3,4,5]; c7:bw=66,experts=[2,3,4,5,6,7]; c12:bw=42,experts=[4,5,6,7]; c42:bw=23,experts=[1,2]; c45:bw=66,experts=[0,1,2,5,6,7]; c13:bw=32,experts=[5,6,7]; c24:bw=51,experts=[0,1,2,6,7]; c43:bw=35,experts=[1,2,3]; c41:bw=40,experts=[4,5,6,7]; c46:bw=52,experts=[0,1,2,3,7]; c5:bw=32,experts=[0,6,7]; c47:bw=10,experts=[2]; c15:bw=22,experts=[0,1]; c38:bw=10,experts=[7]; c22:bw=43,experts=[0,5,6,7]; c33:bw=27,experts=[3,4]; c1:bw=42,experts=[2,3,4,5]; c26:bw=63,experts=[0,1,2,3,6,7]; c8:bw=26,experts=[5,6]; c48:bw=23,experts=[2,3]; c16:bw=29,experts=[2,3]; c49:bw=43,experts=[3,4,5,6]; c44:bw=10,experts=[1]; c37:bw=35,experts=[0,1,7]; c35:bw=32,experts=[5,6,7]; c3:bw=10,experts=[2]; c4:bw=19,experts=[6]; c19:bw=23,experts=[6,7]; c23:bw=50,experts=[0,4,5,6,7]; c39:bw=23,experts=[6,7]; c25:bw=67,experts=[0,1,2,3,6,7]; c30:bw=42,experts=[4,5,6,7]; c20:bw=21,experts=[3,4]; c29:bw=43,experts=[2,3,4,5]; c11:bw=15,experts=[1]; c6:bw=46,experts=[3,4,5,6]; c32:bw=48,experts=[2,3,4,5]; c14:bw=58,experts=[0,4,5,6,7]; c28:bw=10,experts=[3]; c34:bw=49,experts=[1,2,3,4]; c9:bw=40,experts=[0,1,6,7]; c27:bw=38,experts=[4,5,6]; c2:bw=65,experts=[1,2,3,4,5,6]; c40:bw=34,experts=[4,5,6]; c31:bw=61,experts=[0,1,2,5,6,7]; c36:bw=48,experts=[4,5,6,7]; c21:bw=35,experts=[0,6,7]; c18:bw=38,experts=[2,3,4]; c17:bw=30,experts=[0,6,7]","0.9743,0.4595,0.6461,0.6674,1.0131,1.6493,0.8120,0.7691,0.8444,0.4588,0.8054,1.6359,0.7200,0.8025,0.6588,1.3802,1.1051,0.9900,1.2825,0.7814,0.6489,1.6892,2.6673,0.7417,0.8296,0.9145,1.1275,1.2174,0.9989,1.2324,1.0767,2.0073,1.0787,1.2291,1.2572,0.7961,1.2544,1.2441,1.3801,0.8316,0.8674,1.0875,1.1413,0.6390,1.0446,1.1756,0.8219,1.4853,0.9876,0.8398"
41,2026-09-23 23:27:17,Ours,0.01,2.941287222401402,27.44,27.44,41,54.3584,0:54.36,52.5507,0.6392,1.1636,2329.98,38:49.98,50,"43,15,45,44,18,49,21,47,8,28,40,23,9,10,46,30,12,3,11,42,0,48,41,2,31,27,33,26,16,5,6,36,19,24,37,4,1,38,13,22,29,35,7,25,34,32,14,20,39,17",43:10;15:24;45:50;44:15;18:10;49:13;21:18;47:24;8:57;28:51;40:40;23:37;9:54;10:42;46:63;30:19;12:18;3:40;11:41;42:25;0:10;48:10;41:66;2:54;31:54;27:52;33:50;26:10;16:25;5:61;6:10;36:61;19:19;24:58;37:25;4:50;1:10;38:21;13:45;22:46;29:38;35:21;7:68;25:29;34:10;32:76;14:61;20:39;39:12;17:52,"43:[4];15:[2,3];45:[3,4,5,6,7];44:[2];18:[5];49:[7];21:[1];47:[3,4];8:[0,1,2,3,7];28:[0,4,5,6,7];40:[0,1,2,7];23:[1,2,3];9:[2,3,4,5,6];10:[1,2,3,4];46:[0,1,4,5,6,7];30:[0];12:[0];3:[3,4,5,6];11:[2,3,4,5];42:[3,4];0:[6];48:[4];41:[0,1,2,3,4,5];2:[0,1,2,3,7];31:[3,4,5,6,7];27:[0,1,2,3,7];33:[0,1,5,6,7];26:[4];16:[4,5];5:[1,2,3,4,5,6];6:[7];36:[0,1,2,3,4,5];19:[0];24:[3,4,5,6,7];37:[2,3];4:[0,1,2,3,7];1:[6];38:[0,1];13:[0,1,2,3];22:[1,2,3,4];29:[0,6,7];35:[0,1];7:[0,1,2,3,4,5];25:[4,5];34:[5];32:[0,1,2,3,4,6,7];14:[1,2,3,4,5,6];20:[5,6,7];39:[0];17:[1,2,3,4,5]","c43:bw=10,experts=[4]; c15:bw=24,experts=[2,3]; c45:bw=50,experts=[3,4,5,6,7]; c44:bw=15,experts=[2]; c18:bw=10,experts=[5]; c49:bw=13,experts=[7]; c21:bw=18,experts=[1]; c47:bw=24,experts=[3,4]; c8:bw=57,experts=[0,1,2,3,7]; c28:bw=51,experts=[0,4,5,6,7]; c40:bw=40,experts=[0,1,2,7]; c23:bw=37,experts=[1,2,3]; c9:bw=54,experts=[2,3,4,5,6]; c10:bw=42,experts=[1,2,3,4]; c46:bw=63,experts=[0,1,4,5,6,7]; c30:bw=19,experts=[0]; c12:bw=18,experts=[0]; c3:bw=40,experts=[3,4,5,6]; c11:bw=41,experts=[2,3,4,5]; c42:bw=25,experts=[3,4]; c0:bw=10,experts=[6]; c48:bw=10,experts=[4]; c41:bw=66,experts=[0,1,2,3,4,5]; c2:bw=54,experts=[0,1,2,3,7]; c31:bw=54,experts=[3,4,5,6,7]; c27:bw=52,experts=[0,1,2,3,7]; c33:bw=50,experts=[0,1,5,6,7]; c26:bw=10,experts=[4]; c16:bw=25,experts=[4,5]; c5:bw=61,experts=[1,2,3,4,5,6]; c6:bw=10,experts=[7]; c36:bw=61,experts=[0,1,2,3,4,5]; c19:bw=19,experts=[0]; c24:bw=58,experts=[3,4,5,6,7]; c37:bw=25,experts=[2,3]; c4:bw=50,experts=[0,1,2,3,7]; c1:bw=10,experts=[6]; c38:bw=21,experts=[0,1]; c13:bw=45,experts=[0,1,2,3]; c22:bw=46,experts=[1,2,3,4]; c29:bw=38,experts=[0,6,7]; c35:bw=21,experts=[0,1]; c7:bw=68,experts=[0,1,2,3,4,5]; c25:bw=29,experts=[4,5]; c34:bw=10,experts=[5]; c32:bw=76,experts=[0,1,2,3,4,6,7]; c14:bw=61,experts=[1,2,3,4,5,6]; c20:bw=39,experts=[5,6,7]; c39:bw=12,experts=[0]; c17:bw=52,experts=[1,2,3,4,5]","0.8332,0.7961,1.6411,0.7515,0.9967,2.6406,1.4902,0.7075,0.7801,0.8448,1.0492,1.2481,1.0939,0.9703,0.8130,1.0794,0.6570,1.1264,0.7927,0.9978,0.4490,0.6478,0.4546,0.6469,1.1771,1.1744,1.1095,1.2519,1.6575,1.6077,1.2294,0.8187,0.9956,0.7577,0.8231,1.2232,0.9769,0.6711,0.7945,1.3597,1.2496,0.9210,0.6377,2.0065,0.8650,1.2392,1.3717,1.2241,1.0708,0.8291"
42,2026-09-23 23:28:11,Ours,0.01,3.0402609554477715,25.57,27.44,41,54.5654,0:54.57,52.7811,0.6326,1.1467,2384.5719,39:44.57,50,"24,30,35,21,34,31,29,3,47,41,7,6,15,12,23,43,37,10,17,9,44,38,18,16,32,33,26,20,4,40,2,22,0,28,25,39,8,1,13,49,5,14,48,45,11,46,36,42,27,19",24:34;30:47;35:34;21:32;34:15;31:42;29:40;3:48;47:53;41:40;7:20;6:34;15:31;12:22;23:51;43:37;37:49;10:15;17:32;9:51;44:10;38:10;18:14;16:10;32:18;33:47;26:16;20:42;4:55;40:36;2:40;22:26;0:15;28:54;25:28;39:23;8:42;1:49;13:33;49:21;5:50;14:13;48:24;45:49;11:59;46:13;36:10;42:15;27:34;19:63,"24:[0,1,2];30:[1,2,3,4];35:[2,3,4];21:[2,3,4];34:[6];31:[0,1,2,3];29:[1,2,3,4];3:[0,1,2,7];47:[0,1,5,6,7];41:[0,1,6,7];7:[6,7];6:[0,1,2];15:[4,5,6];12:[1,2];23:[0,4,5,6,7];43:[5,6,7];37:[4,5,6,7];10:[5];17:[0,6,7];9:[0,1,2,3,7];44:[3];38:[2];18:[6];16:[6];32:[5];33:[2,3,4,5];26:[5];20:[0,1,2,3];4:[0,4,5,6,7];40:[3,4,5];2:[4,5,6,7];22:[5,6];0:[7];28:[1,2,3,4,5];25:[6,7];39:[1,2];8:[4,5,6,7];1:[0,1,2,7];13:[4,5,6];49:[0,1];5:[0,1,2,3,7];14:[7];48:[5,6];45:[0,1,2,3];11:[0,1,2,6,7];46:[2];36:[6];42:[5];27:[4,5,6];19:[1,2,3,4,5,6]","c24:bw=34,experts=[0,1,2]; c30:bw=47,experts=[1,2,3,4]; c35:bw=34,experts=[2,3,4]; c21:bw=32,experts=[2,3,4]; c34:bw=15,experts=[6]; c31:bw=42,experts=[0,1,2,3]; c29:bw=40,experts=[1,2,3,4]; c3:bw=48,experts=[0,1,2,7]; c47:bw=53,experts=[0,1,5,6,7]; c41:bw=40,experts=[0,1,6,7]; c7:bw=20,experts=[6,7]; c6:bw=34,experts=[0,1,2]; c15:bw=31,experts=[4,5,6]; c12:bw=22,experts=[1,2]; c23:bw=51,experts=[0,4,5,6,7]; c43:bw=37,experts=[5,6,7]; c37:bw=49,experts=[4,5,6,7]; c10:bw=15,experts=[5]; c17:bw=32,experts=[0,6,7]; c9:bw=51,experts=[0,1,2,3,7]; c44:bw=10,experts=[3]; c38:bw=10,experts=[2]; c18:bw=14,experts=[6]; c16:bw=10,experts=[6]; c32:bw=18,experts=[5]; c33:bw=47,experts=[2,3,4,5]; c26:bw=16,experts=[5]; c20:bw=42,experts=[0,1,2,3]; c4:bw=55,experts=[0,4,5,6,7]; c40:bw=36,experts=[3,4,5]; c2:bw=40,experts=[4,5,6,7]; c22:bw=26,experts=[5,6]; c0:bw=15,experts=[7]; c28:bw=54,experts=[1,2,3,4,5]; c25:bw=28,experts=[6,7]; c39:bw=23,experts=[1,2]; c8:bw=42,experts=[4,5,6,7]; c1:bw=49,experts=[0,1,2,7]; c13:bw=33,experts=[4,5,6]; c49:bw=21,experts=[0,1]; c5:bw=50,experts=[0,1,2,3,7]; c14:bw=13,experts=[7]; c48:bw=24,experts=[5,6]; c45:bw=49,experts=[0,1,2,3]; c11:bw=59,experts=[0,1,2,6,7]; c46:bw=13,experts=[2]; c36:bw=10,experts=[6]; c42:bw=15,experts=[5]; c27:bw=34,experts=[4,5,6]; c19:bw=63,experts=[1,2,3,4,5,6]","0.7615,1.0893,0.9184,1.4772,0.9653,1.1912,1.2610,1.1287,0.7219,0.4561,0.6427,1.2556,0.8063,0.6602,1.2464,0.8436,0.8450,0.9575,0.8457,1.0883,0.7408,0.6722,0.9902,1.6793,1.2389,1.0844,1.2335,1.2465,1.2279,1.0347,0.6481,1.3643,0.4445,0.8398,2.0161,1.0773,0.7918,0.9868,0.8135,2.6874,1.6106,1.3709,0.6512,1.6150,0.7924,0.8016,0.8164,0.9924,1.1532,0.9976"
43,2026-09-23 23:29:06,Ours,0.01,2.9900288960568213,25.68,27.44,41,54.5832,0:54.58,52.7659,0.6443,1.1678,2439.1818,40:39.18,50,"10,2,23,44,36,6,27,41,35,5,12,1,45,48,43,8,42,19,40,15,18,22,39,3,13,24,30,26,11,34,32,14,46,38,16,17,29,9,25,47,33,21,4,37,31,28,49,0,20,7",10:37;2:51;23:34;44:52;36:29;6:12;27:61;41:63;35:16;5:53;12:10;1:58;45:48;48:54;43:50;8:45;42:57;19:54;40:38;15:14;18:24;22:41;39:33;3:65;13:16;24:54;30:23;26:59;11:55;34:33;32:11;14:66;46:50;38:17;16:21;17:47;29:28;9:32;25:44;47:38;33:27;21:34;4:34;37:49;31:27;28:27;49:20;0:21;20:48;7:21,"10:[0,6,7];2:[0,1,2,3,4];23:[1,2,3];44:[0,4,5,6,7];36:[0,7];6:[3];27:[0,1,2,3,4,7];41:[2,3,4,5,6,7];35:[5];5:[0,4,5,6,7];12:[3];1:[3,4,5,6,7];45:[4,5,6,7];48:[0,1,2,3,7];43:[0,1,2,3,4];8:[0,1,2,3];42:[0,1,2,6,7];19:[0,1,2,3,7];40:[0,6,7];15:[7];18:[0,7];22:[0,1,2,7];39:[3,4,5];3:[0,3,4,5,6,7];13:[7];24:[3,4,5,6,7];30:[5,6];26:[0,1,2,6,7];11:[3,4,5,6,7];34:[0,1,7];32:[6];14:[0,1,2,3,4,5];46:[3,4,5,6,7];38:[3];16:[0,7];17:[1,2,3,4];29:[5,6];9:[4,5,6];25:[0,1,2,3];47:[2,3,4];33:[6,7];21:[5,6,7];4:[1,2,3];37:[0,1,2,3];31:[4,5];28:[6,7];49:[2,3];0:[0,1];20:[4,5,6,7];7:[0,1]","c10:bw=37,experts=[0,6,7]; c2:bw=51,experts=[0,1,2,3,4]; c23:bw=34,experts=[1,2,3]; c44:bw=52,experts=[0,4,5,6,7]; c36:bw=29,experts=[0,7]; c6:bw=12,experts=[3]; c27:bw=61,experts=[0,1,2,3,4,7]; c41:bw=63,experts=[2,3,4,5,6,7]; c35:bw=16,experts=[5]; c5:bw=53,experts=[0,4,5,6,7]; c12:bw=10,experts=[3]; c1:bw=58,experts=[3,4,5,6,7]; c45:bw=48,experts=[4,5,6,7]; c48:bw=54,experts=[0,1,2,3,7]; c43:bw=50,experts=[0,1,2,3,4]; c8:bw=45,experts=[0,1,2,3]; c42:bw=57,experts=[0,1,2,6,7]; c19:bw=54,experts=[0,1,2,3,7]; c40:bw=38,experts=[0,6,7]; c15:bw=14,experts=[7]; c18:bw=24,experts=[0,7]; c22:bw=41,experts=[0,1,2,7]; c39:bw=33,experts=[3,4,5]; c3:bw=65,experts=[0,3,4,5,6,7]; c13:bw=16,experts=[7]; c24:bw=54,experts=[3,4,5,6,7]; c30:bw=23,experts=[5,6]; c26:bw=59,experts=[0,1,2,6,7]; c11:bw=55,experts=[3,4,5,6,7]; c34:bw=33,experts=[0,1,7]; c32:bw=11,experts=[6]; c14:bw=66,experts=[0,1,2,3,4,5]; c46:bw=50,experts=[3,4,5,6,7]; c38:bw=17,experts=[3]; c16:bw=21,experts=[0,7]; c17:bw=47,experts=[1,2,3,4]; c29:bw=28,experts=[5,6]; c9:bw=32,experts=[4,5,6]; c25:bw=44,experts=[0,1,2,3]; c47:bw=38,experts=[2,3,4]; c33:bw=27,experts=[6,7]; c21:bw=34,experts=[5,6,7]; c4:bw=34,experts=[1,2,3]; c37:bw=49,experts=[0,1,2,3]; c31:bw=27,experts=[4,5]; c28:bw=27,experts=[6,7]; c49:bw=20,experts=[2,3]; c0:bw=21,experts=[0,1]; c20:bw=48,experts=[4,5,6,7]; c7:bw=21,experts=[0,1]","0.9584,0.6491,1.2598,0.7583,0.8250,1.2481,1.1706,0.4706,0.9212,1.6372,0.6616,0.9889,1.6484,0.6543,0.8522,0.7879,1.0184,1.0124,1.0654,0.7928,1.0061,1.3787,1.0737,1.1322,0.8024,0.7554,1.0869,1.2587,0.7934,0.8736,1.2423,1.3676,0.8022,0.6594,1.6771,0.8355,1.2578,1.0876,2.0058,0.7048,1.1005,1.4908,1.2153,0.8281,1.1602,0.8336,2.6434,0.4435,1.2360,0.6328"
44,2026-09-23 23:30:00,Ours,0.01,2.882773042109483,28.25,28.25,44,54.5921,0:54.59,52.7954,0.64,1.1516,2493.8023,41:33.80,50,"32,42,43,8,4,15,19,36,1,13,7,38,34,9,48,28,2,49,16,25,35,27,26,31,11,39,14,20,24,6,21,29,23,0,47,41,22,12,17,45,5,18,44,46,37,33,3,10,40,30",32:10;42:63;43:30;8:34;4:29;15:50;19:10;36:61;1:45;13:28;7:75;38:10;34:19;9:37;48:58;28:36;2:37;49:28;16:76;25:36;35:41;27:31;26:45;31:29;11:16;39:61;14:65;20:56;24:31;6:20;21:58;29:68;23:36;0:66;47:29;41:54;22:23;12:40;17:12;45:16;5:24;18:54;44:53;46:42;37:35;33:51;3:47;10:56;40:38;30:70,"32:[7];42:[0,3,4,5,6,7];43:[5,6,7];8:[4,5,6];4:[4,5];15:[0,1,2,3,4];19:[4];36:[1,2,3,4,5,6];1:[0,1,2,3];13:[0,1];7:[0,2,3,4,5,6,7];38:[4];34:[2];9:[0,1,7];48:[0,4,5,6,7];28:[0,1,2];2:[5,6,7];49:[4,5];16:[1,2,3,4,5,6,7];25:[4,5,6];35:[0,1,6,7];27:[5,6,7];26:[3,4,5,6];31:[6,7];11:[0];39:[0,1,2,3,6,7];14:[0,1,2,3,6,7];20:[0,1,2,3,4];24:[0,1,2];6:[4,5];21:[0,1,2,3,4];29:[0,1,2,3,4,7];23:[4,5,6];0:[2,3,4,5,6,7];47:[5,6];41:[0,1,2,3,4];22:[3,4];12:[4,5,6,7];17:[5];45:[0];5:[1,2];18:[1,2,3,4,5];44:[1,2,3,4,5];46:[0,1,2,3];37:[4,5,6];33:[0,1,2,3,4];3:[1,2,3,4];10:[1,2,3,4,5];40:[1,2,3];30:[0,1,2,3,4,5,7]","c32:bw=10,experts=[7]; c42:bw=63,experts=[0,3,4,5,6,7]; c43:bw=30,experts=[5,6,7]; c8:bw=34,experts=[4,5,6]; c4:bw=29,experts=[4,5]; c15:bw=50,experts=[0,1,2,3,4]; c19:bw=10,experts=[4]; c36:bw=61,experts=[1,2,3,4,5,6]; c1:bw=45,experts=[0,1,2,3]; c13:bw=28,experts=[0,1]; c7:bw=75,experts=[0,2,3,4,5,6,7]; c38:bw=10,experts=[4]; c34:bw=19,experts=[2]; c9:bw=37,experts=[0,1,7]; c48:bw=58,experts=[0,4,5,6,7]; c28:bw=36,experts=[0,1,2]; c2:bw=37,experts=[5,6,7]; c49:bw=28,experts=[4,5]; c16:bw=76,experts=[1,2,3,4,5,6,7]; c25:bw=36,experts=[4,5,6]; c35:bw=41,experts=[0,1,6,7]; c27:bw=31,experts=[5,6,7]; c26:bw=45,experts=[3,4,5,6]; c31:bw=29,experts=[6,7]; c11:bw=16,experts=[0]; c39:bw=61,experts=[0,1,2,3,6,7]; c14:bw=65,experts=[0,1,2,3,6,7]; c20:bw=56,experts=[0,1,2,3,4]; c24:bw=31,experts=[0,1,2]; c6:bw=20,experts=[4,5]; c21:bw=58,experts=[0,1,2,3,4]; c29:bw=68,experts=[0,1,2,3,4,7]; c23:bw=36,experts=[4,5,6]; c0:bw=66,experts=[2,3,4,5,6,7]; c47:bw=29,experts=[5,6]; c41:bw=54,experts=[0,1,2,3,4]; c22:bw=23,experts=[3,4]; c12:bw=40,experts=[4,5,6,7]; c17:bw=12,experts=[5]; c45:bw=16,experts=[0]; c5:bw=24,experts=[1,2]; c18:bw=54,experts=[1,2,3,4,5]; c44:bw=53,experts=[1,2,3,4,5]; c46:bw=42,experts=[0,1,2,3]; c37:bw=35,experts=[4,5,6]; c33:bw=51,experts=[0,1,2,3,4]; c3:bw=47,experts=[1,2,3,4]; c10:bw=56,experts=[1,2,3,4,5]; c40:bw=38,experts=[1,2,3]; c30:bw=70,experts=[0,1,2,3,4,5,7]","1.2321,1.0145,0.8426,0.7998,1.2259,0.8058,1.0022,0.8256,0.9893,0.8071,0.6450,0.6677,0.8845,1.0880,0.6673,0.8515,0.7307,2.6834,1.7176,2.0338,0.9174,1.1649,1.2570,1.1675,0.7896,1.0847,1.3938,1.2364,0.7571,1.2260,1.4834,1.2656,1.2290,0.4500,0.7049,0.4601,1.3388,0.6537,0.8366,1.6087,1.6172,0.9926,0.7430,0.8036,0.8271,1.0818,1.1139,0.9526,1.0466,1.0773"
45,2026-09-23 23:31:04,Ours,0.01,2.989687664612656,25.79,28.25,44,63.8376,1:03.84,61.7274,0.7817,1.3229,2557.6666,42:37.67,50,"44,19,30,6,45,17,16,37,8,23,0,47,40,26,9,7,2,48,32,34,49,13,1,29,21,12,42,31,43,18,10,3,46,39,15,38,20,5,22,41,35,14,36,33,4,11,24,25,28,27",44:41;19:67;30:21;6:10;45:26;17:10;16:54;37:21;8:55;23:42;0:36;47:54;40:58;26:22;9:25;7:36;2:49;48:10;32:79;34:32;49:60;13:53;1:56;29:50;21:58;12:61;42:16;31:52;43:33;18:16;10:42;3:67;46:71;39:28;15:33;38:44;20:52;5:44;22:37;41:12;35:43;14:41;36:24;33:61;4:64;11:53;24:13;25:32;28:21;27:10,"44:[0,1,6,7];19:[0,1,2,5,6,7];30:[6,7];6:[6];45:[1,2];17:[6];16:[0,1,2,3,4];37:[0,7];8:[0,1,2,3,7];23:[0,1,2,7];0:[0,1,2];47:[0,1,2,3,7];40:[0,4,5,6,7];26:[0,7];9:[2,3];7:[1,2,3];2:[0,1,2,3];48:[1];32:[0,1,2,3,4,5,6];34:[3,4,5];49:[0,1,2,3,6,7];13:[2,3,4,5,6];1:[0,4,5,6,7];29:[0,1,5,6,7];21:[0,1,5,6,7];12:[0,1,2,3,4,5];42:[1];31:[0,1,2,3,4];43:[0,1,2];18:[6];10:[0,1,6,7];3:[0,1,2,5,6,7];46:[0,1,2,4,5,6,7];39:[4,5];15:[5,6,7];38:[0,5,6,7];20:[0,1,5,6,7];5:[3,4,5,6];22:[5,6,7];41:[5];35:[2,3,4,5];14:[4,5,6,7];36:[0,7];33:[0,1,2,5,6,7];4:[0,1,2,3,6,7];11:[1,2,3,4,5];24:[3];25:[0,1,7];28:[3,4];27:[0]","c44:bw=41,experts=[0,1,6,7]; c19:bw=67,experts=[0,1,2,5,6,7]; c30:bw=21,experts=[6,7]; c6:bw=10,experts=[6]; c45:bw=26,experts=[1,2]; c17:bw=10,experts=[6]; c16:bw=54,experts=[0,1,2,3,4]; c37:bw=21,experts=[0,7]; c8:bw=55,experts=[0,1,2,3,7]; c23:bw=42,experts=[0,1,2,7]; c0:bw=36,experts=[0,1,2]; c47:bw=54,experts=[0,1,2,3,7]; c40:bw=58,experts=[0,4,5,6,7]; c26:bw=22,experts=[0,7]; c9:bw=25,experts=[2,3]; c7:bw=36,experts=[1,2,3]; c2:bw=49,experts=[0,1,2,3]; c48:bw=10,experts=[1]; c32:bw=79,experts=[0,1,2,3,4,5,6]; c34:bw=32,experts=[3,4,5]; c49:bw=60,experts=[0,1,2,3,6,7]; c13:bw=53,experts=[2,3,4,5,6]; c1:bw=56,experts=[0,4,5,6,7]; c29:bw=50,experts=[0,1,5,6,7]; c21:bw=58,experts=[0,1,5,6,7]; c12:bw=61,experts=[0,1,2,3,4,5]; c42:bw=16,experts=[1]; c31:bw=52,experts=[0,1,2,3,4]; c43:bw=33,experts=[0,1,2]; c18:bw=16,experts=[6]; c10:bw=42,experts=[0,1,6,7]; c3:bw=67,experts=[0,1,2,5,6,7]; c46:bw=71,experts=[0,1,2,4,5,6,7]; c39:bw=28,experts=[4,5]; c15:bw=33,experts=[5,6,7]; c38:bw=44,experts=[0,5,6,7]; c20:bw=52,experts=[0,1,5,6,7]; c5:bw=44,experts=[3,4,5,6]; c22:bw=37,experts=[5,6,7]; c41:bw=12,experts=[5]; c35:bw=43,experts=[2,3,4,5]; c14:bw=41,experts=[4,5,6,7]; c36:bw=24,experts=[0,7]; c33:bw=61,experts=[0,1,2,5,6,7]; c4:bw=64,experts=[0,1,2,3,6,7]; c11:bw=53,experts=[1,2,3,4,5]; c24:bw=13,experts=[3]; c25:bw=32,experts=[0,1,7]; c28:bw=21,experts=[3,4]; c27:bw=10,experts=[0]","0.7553,1.0642,1.1341,1.2783,1.7350,0.8860,1.8130,0.9799,0.9664,1.5437,0.5385,0.8147,1.2087,1.4228,1.2460,0.7315,0.7472,0.7557,1.4638,1.0753,3.2754,0.9606,1.2476,1.5500,1.6989,0.7879,1.2569,1.4223,1.0175,1.2236,1.1894,1.3512,0.9867,1.2922,0.9572,0.7683,1.5234,1.9347,1.5687,0.5448,1.0880,1.6005,0.9559,1.3091,1.4886,0.9433,0.8896,2.4340,0.9758,1.3252"
46,2026-09-23 23:32:06,Ours,0.01,2.857230242053896,28.0,28.25,44,61.7958,1:01.80,59.66,0.7778,1.3519,2619.496,43:39.50,50,"26,5,28,40,13,10,11,22,32,38,46,29,44,2,1,33,36,42,37,18,17,43,4,16,15,30,7,31,24,34,23,9,14,45,25,8,27,39,20,21,12,0,49,3,19,35,47,41,48,6",26:48;5:41;28:11;40:48;13:50;10:59;11:38;22:31;32:52;38:63;46:46;29:10;44:50;2:57;1:41;33:58;36:61;42:33;37:19;18:44;17:15;43:40;4:64;16:28;15:14;30:63;7:28;31:24;24:30;34:64;23:37;9:37;14:39;45:35;25:20;8:39;27:22;39:24;20:50;21:32;12:53;0:55;49:49;3:27;19:10;35:38;47:57;41:63;48:31;6:39,"26:[1,2,3,4];5:[0,1,2,7];28:[5];40:[1,2,3,4];13:[0,1,2,3,7];10:[2,3,4,5,6];11:[0,6,7];22:[0,1,2];32:[0,1,2,3,7];38:[1,2,3,4,5,6];46:[3,4,5,6];29:[2];44:[2,3,4,5,6];2:[0,4,5,6,7];1:[1,2,3,4];33:[3,4,5,6,7];36:[1,2,3,4,5,6];42:[2,3,4];37:[1];18:[0,1,2,7];17:[7];43:[3,4,5,6];4:[0,1,4,5,6,7];16:[5,6];15:[0];30:[0,1,2,3,4,5];7:[4,5];31:[5,6];24:[4,5,6];34:[0,1,2,3,6,7];23:[3,4,5];9:[4,5,6];14:[0,1,2];45:[3,4,5];25:[2,3];8:[4,5,6];27:[1,2];39:[6,7];20:[2,3,4,5,6];21:[2,3,4];12:[0,1,2,6,7];0:[3,4,5,6,7];49:[4,5,6,7];3:[3,4];19:[3];35:[0,6,7];47:[0,4,5,6,7];41:[0,1,2,3,6,7];48:[2,3,4];6:[0,1,7]","c26:bw=48,experts=[1,2,3,4]; c5:bw=41,experts=[0,1,2,7]; c28:bw=11,experts=[5]; c40:bw=48,experts=[1,2,3,4]; c13:bw=50,experts=[0,1,2,3,7]; c10:bw=59,experts=[2,3,4,5,6]; c11:bw=38,experts=[0,6,7]; c22:bw=31,experts=[0,1,2]; c32:bw=52,experts=[0,1,2,3,7]; c38:bw=63,experts=[1,2,3,4,5,6]; c46:bw=46,experts=[3,4,5,6]; c29:bw=10,experts=[2]; c44:bw=50,experts=[2,3,4,5,6]; c2:bw=57,experts=[0,4,5,6,7]; c1:bw=41,experts=[1,2,3,4]; c33:bw=58,experts=[3,4,5,6,7]; c36:bw=61,experts=[1,2,3,4,5,6]; c42:bw=33,experts=[2,3,4]; c37:bw=19,experts=[1]; c18:bw=44,experts=[0,1,2,7]; c17:bw=15,experts=[7]; c43:bw=40,experts=[3,4,5,6]; c4:bw=64,experts=[0,1,4,5,6,7]; c16:bw=28,experts=[5,6]; c15:bw=14,experts=[0]; c30:bw=63,experts=[0,1,2,3,4,5]; c7:bw=28,experts=[4,5]; c31:bw=24,experts=[5,6]; c24:bw=30,experts=[4,5,6]; c34:bw=64,experts=[0,1,2,3,6,7]; c23:bw=37,experts=[3,4,5]; c9:bw=37,experts=[4,5,6]; c14:bw=39,experts=[0,1,2]; c45:bw=35,experts=[3,4,5]; c25:bw=20,experts=[2,3]; c8:bw=39,experts=[4,5,6]; c27:bw=22,experts=[1,2]; c39:bw=24,experts=[6,7]; c20:bw=50,experts=[2,3,4,5,6]; c21:bw=32,experts=[2,3,4]; c12:bw=53,experts=[0,1,2,6,7]; c0:bw=55,experts=[3,4,5,6,7]; c49:bw=49,experts=[4,5,6,7]; c3:bw=27,experts=[3,4]; c19:bw=10,experts=[3]; c35:bw=38,experts=[0,6,7]; c47:bw=57,experts=[0,4,5,6,7]; c41:bw=63,experts=[0,1,2,3,6,7]; c48:bw=31,experts=[2,3,4]; c6:bw=39,experts=[0,1,7]","1.4919,1.8925,0.9726,1.2438,0.9049,1.0868,0.9281,1.5632,1.3975,0.7550,0.9162,1.4161,0.8396,0.7255,1.0943,1.2269,0.9285,1.1380,0.9128,1.1295,0.9317,0.9505,1.3763,1.8872,0.9070,1.2567,0.7412,1.3790,0.8754,1.0192,1.4164,1.2317,1.5587,1.8571,2.2880,0.8934,1.3075,1.2079,1.3716,1.6448,0.7458,0.5048,2.9417,1.2620,1.1001,1.0128,0.7857,0.5107,0.7227,1.4085"
47,2026-09-23 23:33:08,Ours,0.01,2.965024159951008,27.29,28.25,44,61.6582,1:01.66,59.4232,0.911,1.318,2681.1901,44:41.19,50,"44,35,25,19,41,28,11,15,26,30,45,0,4,7,32,22,46,23,29,5,3,18,37,43,40,48,38,33,47,39,2,17,49,42,1,24,12,13,8,9,10,31,6,27,34,14,36,21,16,20",44:49;35:36;25:23;19:28;41:10;28:34;11:39;15:42;26:10;30:34;45:45;0:46;4:10;7:53;32:28;22:63;46:29;23:10;29:11;5:52;3:70;18:10;37:10;43:22;40:16;48:73;38:10;33:39;47:52;39:41;2:54;17:20;49:21;42:57;1:30;24:40;12:15;13:33;8:39;9:17;10:51;31:52;6:22;27:48;34:23;14:24;36:50;21:45;16:68;20:53,"44:[0,1,2,7];35:[1,2,3];25:[4,5];19:[4,5];41:[4];28:[0,6,7];11:[1,2,3];15:[1,2,3,4];26:[5];30:[0,6,7];45:[0,1,6,7];0:[0,1,2,3];4:[2];7:[0,1,2,6,7];32:[4,5];22:[0,3,4,5,6,7];46:[0,7];23:[6];29:[3];5:[3,4,5,6,7];3:[0,1,2,3,5,6,7];18:[3];37:[2];43:[0,7];40:[5];48:[0,1,2,3,5,6,7];38:[7];33:[0,1,2];47:[1,2,3,4,5];39:[0,1,2,3];2:[1,2,3,4,5];17:[0,1];49:[0,1];42:[0,1,5,6,7];1:[5,6,7];24:[0,1,2,7];12:[3];13:[4,5,6];8:[0,1,7];9:[7];10:[0,1,2,3,7];31:[0,1,2,3,7];6:[2,3];27:[3,4,5,6];34:[4,5];14:[3,4];36:[0,1,2,3,7];21:[0,5,6,7];16:[0,1,2,3,4,7];20:[0,1,2,3,7]","c44:bw=49,experts=[0,1,2,7]; c35:bw=36,experts=[1,2,3]; c25:bw=23,experts=[4,5]; c19:bw=28,experts=[4,5]; c41:bw=10,experts=[4]; c28:bw=34,experts=[0,6,7]; c11:bw=39,experts=[1,2,3]; c15:bw=42,experts=[1,2,3,4]; c26:bw=10,experts=[5]; c30:bw=34,experts=[0,6,7]; c45:bw=45,experts=[0,1,6,7]; c0:bw=46,experts=[0,1,2,3]; c4:bw=10,experts=[2]; c7:bw=53,experts=[0,1,2,6,7]; c32:bw=28,experts=[4,5]; c22:bw=63,experts=[0,3,4,5,6,7]; c46:bw=29,experts=[0,7]; c23:bw=10,experts=[6]; c29:bw=11,experts=[3]; c5:bw=52,experts=[3,4,5,6,7]; c3:bw=70,experts=[0,1,2,3,5,6,7]; c18:bw=10,experts=[3]; c37:bw=10,experts=[2]; c43:bw=22,experts=[0,7]; c40:bw=16,experts=[5]; c48:bw=73,experts=[0,1,2,3,5,6,7]; c38:bw=10,experts=[7]; c33:bw=39,experts=[0,1,2]; c47:bw=52,experts=[1,2,3,4,5]; c39:bw=41,experts=[0,1,2,3]; c2:bw=54,experts=[1,2,3,4,5]; c17:bw=20,experts=[0,1]; c49:bw=21,experts=[0,1]; c42:bw=57,experts=[0,1,5,6,7]; c1:bw=30,experts=[5,6,7]; c24:bw=40,experts=[0,1,2,7]; c12:bw=15,experts=[3]; c13:bw=33,experts=[4,5,6]; c8:bw=39,experts=[0,1,7]; c9:bw=17,experts=[7]; c10:bw=51,experts=[0,1,2,3,7]; c31:bw=52,experts=[0,1,2,3,7]; c6:bw=22,experts=[2,3]; c27:bw=48,experts=[3,4,5,6]; c34:bw=23,experts=[4,5]; c14:bw=24,experts=[3,4]; c36:bw=50,experts=[0,1,2,3,7]; c21:bw=45,experts=[0,5,6,7]; c16:bw=68,experts=[0,1,2,3,4,7]; c20:bw=53,experts=[0,1,2,3,7]","0.8861,1.0922,2.3234,1.1329,0.5153,0.9579,0.8902,0.9958,1.4268,1.2270,1.8359,0.5055,1.3556,0.7176,1.3976,1.5589,0.8906,1.3909,1.3971,1.8265,1.2941,1.1548,0.9733,0.9541,1.2027,0.7527,0.7732,1.3120,0.8185,1.2212,0.7159,0.9379,2.9660,1.1343,1.0820,0.8429,0.7284,0.8900,0.8566,1.1877,1.0581,1.3004,1.3507,1.2747,0.9468,1.4921,0.9061,1.6443,1.8970,1.4306"
48,2026-09-23 23:34:11,Ours,0.01,2.7785189443588005,29.92,29.92,48,63.4346,1:03.43,61.2541,0.7547,1.4201,2744.6614,45:44.66,50,"10,8,34,44,0,17,13,24,42,32,23,6,39,46,45,18,30,33,27,28,9,15,14,12,48,3,25,11,38,41,19,29,35,16,36,22,49,5,21,40,2,47,37,7,20,31,26,43,4,1",10:12;8:50;34:44;44:10;0:16;17:38;13:50;24:59;42:57;32:10;23:49;6:45;39:64;46:58;45:58;18:62;30:66;33:26;27:61;28:10;9:52;15:64;14:10;12:31;48:52;3:18;25:17;11:32;38:55;41:32;19:45;29:49;35:10;16:10;36:63;22:35;49:43;5:55;21:44;40:33;2:57;47:42;37:37;7:62;20:53;31:51;26:34;43:61;4:67;1:50,"10:[4];8:[2,3,4,5,6];34:[0,1,6,7];44:[3];0:[4];17:[2,3,4];13:[0,1,2,3,7];24:[3,4,5,6,7];42:[2,3,4,5,6];32:[6];23:[0,1,2,7];6:[4,5,6,7];39:[0,1,4,5,6,7];46:[1,2,3,4,5];45:[2,3,4,5,6];18:[0,1,4,5,6,7];30:[1,2,3,4,5,6];33:[3,4];27:[0,1,2,3,4,7];28:[1];9:[0,1,2,3,4];15:[0,1,2,5,6,7];14:[5];12:[4,5,6];48:[0,4,5,6,7];3:[4];25:[6];11:[4,5,6];38:[0,1,2,3,4];41:[5,6,7];19:[0,1,6,7];29:[4,5,6,7];35:[4];16:[5];36:[0,1,4,5,6,7];22:[1,2,3];49:[2,3,4,5];5:[0,1,2,3,4];21:[1,2,3,4];40:[0,6,7];2:[0,1,2,6,7];47:[0,1,6,7];37:[3,4,5];7:[0,3,4,5,6,7];20:[0,4,5,6,7];31:[0,4,5,6,7];26:[0,6,7];43:[1,2,3,4,5,6];4:[0,3,4,5,6,7];1:[0,1,2,3,4]","c10:bw=12,experts=[4]; c8:bw=50,experts=[2,3,4,5,6]; c34:bw=44,experts=[0,1,6,7]; c44:bw=10,experts=[3]; c0:bw=16,experts=[4]; c17:bw=38,experts=[2,3,4]; c13:bw=50,experts=[0,1,2,3,7]; c24:bw=59,experts=[3,4,5,6,7]; c42:bw=57,experts=[2,3,4,5,6]; c32:bw=10,experts=[6]; c23:bw=49,experts=[0,1,2,7]; c6:bw=45,experts=[4,5,6,7]; c39:bw=64,experts=[0,1,4,5,6,7]; c46:bw=58,experts=[1,2,3,4,5]; c45:bw=58,experts=[2,3,4,5,6]; c18:bw=62,experts=[0,1,4,5,6,7]; c30:bw=66,experts=[1,2,3,4,5,6]; c33:bw=26,experts=[3,4]; c27:bw=61,experts=[0,1,2,3,4,7]; c28:bw=10,experts=[1]; c9:bw=52,experts=[0,1,2,3,4]; c15:bw=64,experts=[0,1,2,5,6,7]; c14:bw=10,experts=[5]; c12:bw=31,experts=[4,5,6]; c48:bw=52,experts=[0,4,5,6,7]; c3:bw=18,experts=[4]; c25:bw=17,experts=[6]; c11:bw=32,experts=[4,5,6]; c38:bw=55,experts=[0,1,2,3,4]; c41:bw=32,experts=[5,6,7]; c19:bw=45,experts=[0,1,6,7]; c29:bw=49,experts=[4,5,6,7]; c35:bw=10,experts=[4]; c16:bw=10,experts=[5]; c36:bw=63,experts=[0,1,4,5,6,7]; c22:bw=35,experts=[1,2,3]; c49:bw=43,experts=[2,3,4,5]; c5:bw=55,experts=[0,1,2,3,4]; c21:bw=44,experts=[1,2,3,4]; c40:bw=33,experts=[0,6,7]; c2:bw=57,experts=[0,1,2,6,7]; c47:bw=42,experts=[0,1,6,7]; c37:bw=37,experts=[3,4,5]; c7:bw=62,experts=[0,3,4,5,6,7]; c20:bw=53,experts=[0,4,5,6,7]; c31:bw=51,experts=[0,4,5,6,7]; c26:bw=34,experts=[0,6,7]; c43:bw=61,experts=[1,2,3,4,5,6]; c4:bw=67,experts=[0,3,4,5,6,7]; c1:bw=50,experts=[0,1,2,3,4]","1.1298,0.9107,1.0132,0.8486,0.5128,0.9432,0.9181,0.8802,1.1409,1.3994,1.4031,1.3978,1.2421,0.9251,1.8501,1.1289,1.2475,1.2248,1.3138,0.9570,1.2506,0.9325,1.6023,0.7672,0.7657,1.2893,2.2893,0.9153,0.7655,0.5203,1.1244,1.4379,1.0231,1.9204,0.9433,1.5679,3.0601,1.8918,1.7166,1.2202,0.7569,0.8203,0.9710,0.7451,1.4435,1.4269,1.8148,1.0743,1.5634,1.2469"
49,2026-09-23 23:35:15,Ours,0.01,2.9215503375899035,28.23,29.92,48,63.7321,1:03.73,61.5572,0.7267,1.443,2808.433,46:48.43,50,"12,6,16,41,28,45,39,18,29,43,36,47,27,40,9,23,4,14,30,25,48,46,3,34,49,2,10,0,8,24,26,44,20,1,22,42,35,13,33,37,11,15,32,31,38,7,17,21,5,19",12:37;6:13;16:30;41:36;28:48;45:33;39:33;18:32;29:16;43:25;36:40;47:43;27:41;40:55;9:53;23:10;4:48;14:58;30:47;25:58;48:13;46:28;3:32;34:57;49:53;2:58;10:64;0:20;8:26;24:21;26:17;44:28;20:16;1:54;22:29;42:43;35:50;13:39;33:45;37:58;11:38;15:42;32:53;31:63;38:49;7:44;17:30;21:10;5:56;19:10,"12:[0,1,7];6:[0];16:[0,6,7];41:[0,1,2];28:[2,3,4,5];45:[0,1,7];39:[2,3,4];18:[2,3,4];29:[0];43:[0,7];36:[2,3,4,5];47:[2,3,4,5];27:[0,5,6,7];40:[1,2,3,4,5];9:[0,1,5,6,7];23:[3];4:[1,2,3,4];14:[0,1,2,6,7];30:[0,1,2,7];25:[0,1,2,3,7];48:[1];46:[6,7];3:[5,6,7];34:[2,3,4,5,6];49:[0,1,2,6,7];2:[3,4,5,6,7];10:[0,1,2,5,6,7];0:[5,6];8:[0,7];24:[0,1];26:[1];44:[4,5];20:[1];1:[0,1,5,6,7];22:[4,5];42:[0,1,2,7];35:[0,1,5,6,7];13:[4,5,6];33:[0,5,6,7];37:[0,1,2,6,7];11:[0,1,7];15:[3,4,5,6];32:[0,1,2,3,7];31:[1,2,3,4,5,6];38:[0,5,6,7];7:[1,2,3,4];17:[5,6,7];21:[5];5:[0,1,5,6,7];19:[2]","c12:bw=37,experts=[0,1,7]; c6:bw=13,experts=[0]; c16:bw=30,experts=[0,6,7]; c41:bw=36,experts=[0,1,2]; c28:bw=48,experts=[2,3,4,5]; c45:bw=33,experts=[0,1,7]; c39:bw=33,experts=[2,3,4]; c18:bw=32,experts=[2,3,4]; c29:bw=16,experts=[0]; c43:bw=25,experts=[0,7]; c36:bw=40,experts=[2,3,4,5]; c47:bw=43,experts=[2,3,4,5]; c27:bw=41,experts=[0,5,6,7]; c40:bw=55,experts=[1,2,3,4,5]; c9:bw=53,experts=[0,1,5,6,7]; c23:bw=10,experts=[3]; c4:bw=48,experts=[1,2,3,4]; c14:bw=58,experts=[0,1,2,6,7]; c30:bw=47,experts=[0,1,2,7]; c25:bw=58,experts=[0,1,2,3,7]; c48:bw=13,experts=[1]; c46:bw=28,experts=[6,7]; c3:bw=32,experts=[5,6,7]; c34:bw=57,experts=[2,3,4,5,6]; c49:bw=53,experts=[0,1,2,6,7]; c2:bw=58,experts=[3,4,5,6,7]; c10:bw=64,experts=[0,1,2,5,6,7]; c0:bw=20,experts=[5,6]; c8:bw=26,experts=[0,7]; c24:bw=21,experts=[0,1]; c26:bw=17,experts=[1]; c44:bw=28,experts=[4,5]; c20:bw=16,experts=[1]; c1:bw=54,experts=[0,1,5,6,7]; c22:bw=29,experts=[4,5]; c42:bw=43,experts=[0,1,2,7]; c35:bw=50,experts=[0,1,5,6,7]; c13:bw=39,experts=[4,5,6]; c33:bw=45,experts=[0,5,6,7]; c37:bw=58,experts=[0,1,2,6,7]; c11:bw=38,experts=[0,1,7]; c15:bw=42,experts=[3,4,5,6]; c32:bw=53,experts=[0,1,2,3,7]; c31:bw=63,experts=[1,2,3,4,5,6]; c38:bw=49,experts=[0,5,6,7]; c7:bw=44,experts=[1,2,3,4]; c17:bw=30,experts=[5,6,7]; c21:bw=10,experts=[5]; c5:bw=56,experts=[0,1,5,6,7]; c19:bw=10,experts=[2]","0.8139,1.3562,2.0018,0.4657,0.8590,1.7054,1.1659,1.0927,1.3591,1.0282,1.0157,0.9056,1.4029,1.2838,1.2868,1.4558,1.4315,1.6170,1.2697,2.4450,0.8143,0.9845,1.3127,1.0399,3.1357,0.7777,1.1722,0.5135,0.8956,0.8626,1.3916,0.8206,1.4829,1.1795,1.6646,1.1508,1.0435,0.9163,1.2417,0.9641,0.9629,0.9951,1.5244,1.3152,0.7711,0.7341,1.0360,1.8601,1.8888,1.1433"
50,2026-09-23 23:36:18,Ours,0.01,2.8103434314989193,30.17,30.17,50,62.6667,1:02.67,60.6147,0.7264,1.3195,2871.1369,47:51.14,50,"6,28,18,10,36,25,43,16,23,47,11,33,46,31,37,4,7,41,12,5,48,22,2,38,27,21,15,29,0,39,30,3,32,35,42,24,9,40,19,49,17,45,44,26,1,34,20,14,8,13",6:68;28:35;18:44;10:23;36:50;25:32;43:10;16:27;23:41;47:23;11:57;33:48;46:13;31:34;37:59;4:10;7:34;41:42;12:34;5:31;48:47;22:16;2:63;38:37;27:57;21:17;15:31;29:62;0:29;39:39;30:43;3:39;32:28;35:26;42:46;24:43;9:27;40:10;19:43;49:23;17:33;45:42;44:31;26:56;1:64;34:35;20:46;14:23;8:32;13:37,"6:[1,2,3,4,5,6];28:[0,6,7];18:[0,5,6,7];10:[3,4];36:[0,1,2,6,7];25:[4,5,6];43:[1];16:[1,2];23:[4,5,6,7];47:[6,7];11:[2,3,4,5,6];33:[1,2,3,4];46:[0];31:[0,1,7];37:[3,4,5,6,7];4:[5];7:[5,6,7];41:[3,4,5,6];12:[2,3,4];5:[2,3,4];48:[2,3,4,5];22:[6];2:[0,1,2,3,4,5];38:[1,2,3];27:[1,2,3,4,5];21:[6];15:[0,1,7];29:[1,2,3,4,5,6];0:[0,7];39:[5,6,7];30:[3,4,5,6];3:[0,1,2];32:[4,5];35:[2,3];42:[3,4,5,6];24:[2,3,4,5];9:[2,3];40:[6];19:[3,4,5,6];49:[3,4];17:[0,1,2];45:[2,3,4,5];44:[0,6,7];26:[2,3,4,5,6];1:[2,3,4,5,6,7];34:[0,1,7];20:[2,3,4,5];14:[3,4];8:[1,2,3];13:[0,1,7]","c6:bw=68,experts=[1,2,3,4,5,6]; c28:bw=35,experts=[0,6,7]; c18:bw=44,experts=[0,5,6,7]; c10:bw=23,experts=[3,4]; c36:bw=50,experts=[0,1,2,6,7]; c25:bw=32,experts=[4,5,6]; c43:bw=10,experts=[1]; c16:bw=27,experts=[1,2]; c23:bw=41,experts=[4,5,6,7]; c47:bw=23,experts=[6,7]; c11:bw=57,experts=[2,3,4,5,6]; c33:bw=48,experts=[1,2,3,4]; c46:bw=13,experts=[0]; c31:bw=34,experts=[0,1,7]; c37:bw=59,experts=[3,4,5,6,7]; c4:bw=10,experts=[5]; c7:bw=34,experts=[5,6,7]; c41:bw=42,experts=[3,4,5,6]; c12:bw=34,experts=[2,3,4]; c5:bw=31,experts=[2,3,4]; c48:bw=47,experts=[2,3,4,5]; c22:bw=16,experts=[6]; c2:bw=63,experts=[0,1,2,3,4,5]; c38:bw=37,experts=[1,2,3]; c27:bw=57,experts=[1,2,3,4,5]; c21:bw=17,experts=[6]; c15:bw=31,experts=[0,1,7]; c29:bw=62,experts=[1,2,3,4,5,6]; c0:bw=29,experts=[0,7]; c39:bw=39,experts=[5,6,7]; c30:bw=43,experts=[3,4,5,6]; c3:bw=39,experts=[0,1,2]; c32:bw=28,experts=[4,5]; c35:bw=26,experts=[2,3]; c42:bw=46,experts=[3,4,5,6]; c24:bw=43,experts=[2,3,4,5]; c9:bw=27,experts=[2,3]; c40:bw=10,experts=[6]; c19:bw=43,experts=[3,4,5,6]; c49:bw=23,experts=[3,4]; c17:bw=33,experts=[0,1,2]; c45:bw=42,experts=[2,3,4,5]; c44:bw=31,experts=[0,6,7]; c26:bw=56,experts=[2,3,4,5,6]; c1:bw=64,experts=[2,3,4,5,6,7]; c34:bw=35,experts=[0,1,7]; c20:bw=46,experts=[2,3,4,5]; c14:bw=23,experts=[3,4]; c8:bw=32,experts=[1,2,3]; c13:bw=37,experts=[0,1,7]","1.4807,0.9346,1.1379,1.0608,0.8979,2.3643,1.0269,2.0012,1.4167,0.8275,0.9099,1.2671,0.9656,1.4631,1.0442,1.3949,0.7597,0.5350,0.7915,2.0158,0.8378,1.6040,0.7359,0.7295,1.3320,1.6859,0.9099,1.4270,0.4942,1.2063,1.2026,1.2742,1.3989,1.0341,1.1466,0.8578,1.2278,1.1689,1.1200,3.0438,0.9375,1.8463,0.8439,1.4466,1.1025,1.0188,1.3919,1.5230,0.8810,0.8904"
51,2026-09-23 23:37:19,Ours,0.01,2.8584717464750833,29.41,30.17,50,61.446,1:01.45,59.3973,0.7292,1.3142,2932.6208,48:52.62,50,"25,12,11,40,46,45,21,41,42,35,26,2,17,19,43,31,5,23,38,48,16,7,28,44,3,0,32,15,6,37,13,29,27,36,20,34,39,47,22,8,14,49,10,1,24,9,33,18,4,30",25:53;12:43;11:60;40:44;46:12;45:45;21:14;41:27;42:34;35:34;26:31;2:20;17:43;19:10;43:59;31:51;5:47;23:38;38:67;48:70;16:30;7:27;28:51;44:34;3:55;0:53;32:42;15:57;6:52;37:46;13:40;29:44;27:10;36:60;20:30;34:59;39:39;47:56;22:22;8:46;14:30;49:27;10:37;1:21;24:54;9:18;33:12;18:37;4:11;30:21,"25:[0,1,2,3,7];12:[0,5,6,7];11:[0,1,2,3,4,7];40:[0,1,2,7];46:[1];45:[0,1,6,7];21:[7];41:[0,7];42:[0,1,7];35:[4,5,6];26:[0,1,7];2:[6,7];17:[3,4,5,6];19:[7];43:[2,3,4,5,6];31:[2,3,4,5,6];5:[0,5,6,7];23:[0,1,2];38:[0,1,4,5,6,7];48:[0,1,2,3,4,6,7];16:[3,4,5];7:[0,1];28:[1,2,3,4,5];44:[1,2,3];3:[3,4,5,6,7];0:[1,2,3,4,5];32:[0,1,6,7];15:[2,3,4,5,6];6:[0,1,2,3,7];37:[0,1,2,3];13:[2,3,4,5];29:[0,1,2,7];27:[6];36:[0,3,4,5,6,7];20:[0,6,7];34:[2,3,4,5,6];39:[0,1,2];47:[0,1,2,3,4];22:[0,7];8:[4,5,6,7];14:[5,6,7];49:[5,6];10:[5,6,7];1:[0,1];24:[0,1,2,6,7];9:[4];33:[5];18:[1,2,3];4:[6];30:[0,7]","c25:bw=53,experts=[0,1,2,3,7]; c12:bw=43,experts=[0,5,6,7]; c11:bw=60,experts=[0,1,2,3,4,7]; c40:bw=44,experts=[0,1,2,7]; c46:bw=12,experts=[1]; c45:bw=45,experts=[0,1,6,7]; c21:bw=14,experts=[7]; c41:bw=27,experts=[0,7]; c42:bw=34,experts=[0,1,7]; c35:bw=34,experts=[4,5,6]; c26:bw=31,experts=[0,1,7]; c2:bw=20,experts=[6,7]; c17:bw=43,experts=[3,4,5,6]; c19:bw=10,experts=[7]; c43:bw=59,experts=[2,3,4,5,6]; c31:bw=51,experts=[2,3,4,5,6]; c5:bw=47,experts=[0,5,6,7]; c23:bw=38,experts=[0,1,2]; c38:bw=67,experts=[0,1,4,5,6,7]; c48:bw=70,experts=[0,1,2,3,4,6,7]; c16:bw=30,experts=[3,4,5]; c7:bw=27,experts=[0,1]; c28:bw=51,experts=[1,2,3,4,5]; c44:bw=34,experts=[1,2,3]; c3:bw=55,experts=[3,4,5,6,7]; c0:bw=53,experts=[1,2,3,4,5]; c32:bw=42,experts=[0,1,6,7]; c15:bw=57,experts=[2,3,4,5,6]; c6:bw=52,experts=[0,1,2,3,7]; c37:bw=46,experts=[0,1,2,3]; c13:bw=40,experts=[2,3,4,5]; c29:bw=44,experts=[0,1,2,7]; c27:bw=10,experts=[6]; c36:bw=60,experts=[0,3,4,5,6,7]; c20:bw=30,experts=[0,6,7]; c34:bw=59,experts=[2,3,4,5,6]; c39:bw=39,experts=[0,1,2]; c47:bw=56,experts=[0,1,2,3,4]; c22:bw=22,experts=[0,7]; c8:bw=46,experts=[4,5,6,7]; c14:bw=30,experts=[5,6,7]; c49:bw=27,experts=[5,6]; c10:bw=37,experts=[5,6,7]; c1:bw=21,experts=[0,1]; c24:bw=54,experts=[0,1,2,6,7]; c9:bw=18,experts=[4]; c33:bw=12,experts=[5]; c18:bw=37,experts=[1,2,3]; c4:bw=11,experts=[6]; c30:bw=21,experts=[0,7]","2.2861,0.7425,0.8783,1.1984,0.9033,1.8455,1.6537,0.5116,1.1288,1.0358,1.3916,0.7225,0.9538,1.1392,0.9505,1.3379,1.8198,1.4411,0.7435,0.7328,1.8717,0.7056,0.9435,0.8271,1.2698,0.5124,1.4010,0.8809,1.4106,0.9118,0.8977,1.4153,1.3010,0.9305,1.4025,0.9911,1.2063,0.7968,1.5446,0.8840,1.5586,3.0434,1.0943,1.1488,0.8572,1.2232,1.2259,1.1203,1.3794,1.2253"
52,2026-09-23 23:38:21,Ours,0.01,2.8303239841695405,29.17,30.17,50,61.9957,1:02.00,59.9561,0.7258,1.3085,2994.6523,49:54.65,50,"21,23,6,28,49,24,46,32,11,27,13,18,40,39,33,41,44,5,8,2,7,35,15,29,1,3,47,34,43,19,36,30,10,16,31,17,42,25,45,12,0,4,38,22,9,48,14,37,20,26",21:45;23:10;6:51;28:35;49:53;24:35;46:44;32:31;11:60;27:40;13:23;18:49;40:11;39:36;33:46;41:43;44:57;5:24;8:18;2:29;7:34;35:33;15:31;29:43;1:40;3:43;47:51;34:31;43:60;19:46;36:18;30:23;10:31;16:59;31:53;17:19;42:45;25:62;45:48;12:10;0:46;4:33;38:51;22:21;9:31;48:68;14:42;37:25;20:10;26:52,"21:[0,1,2,3];23:[3];6:[0,4,5,6,7];28:[0,6,7];49:[0,1,2,3,7];24:[3,4,5];46:[2,3,4,5];32:[2,3,4];11:[0,1,2,5,6,7];27:[0,1,2,7];13:[6,7];18:[4,5,6,7];40:[3];39:[3,4,5];33:[0,1,6,7];41:[1,2,3,4];44:[0,4,5,6,7];5:[1,2];8:[0];2:[0,1];7:[2,3,4];35:[0,1,7];15:[0,1,7];29:[3,4,5,6];1:[2,3,4,5];3:[0,1,2,3];47:[0,1,5,6,7];34:[0,1,7];43:[0,1,2,3,4,7];19:[0,1,2,3];36:[1];30:[1,2];10:[0,1,2];16:[0,1,2,6,7];31:[0,1,2,3,7];17:[7];42:[2,3,4,5];25:[0,1,4,5,6,7];45:[2,3,4,5];12:[1];0:[0,1,6,7];4:[0,1,7];38:[2,3,4,5,6];22:[1,2];9:[5,6,7];48:[0,1,2,5,6,7];14:[0,1,2,3];37:[4,5];20:[1];26:[2,3,4,5,6]","c21:bw=45,experts=[0,1,2,3]; c23:bw=10,experts=[3]; c6:bw=51,experts=[0,4,5,6,7]; c28:bw=35,experts=[0,6,7]; c49:bw=53,experts=[0,1,2,3,7]; c24:bw=35,experts=[3,4,5]; c46:bw=44,experts=[2,3,4,5]; c32:bw=31,experts=[2,3,4]; c11:bw=60,experts=[0,1,2,5,6,7]; c27:bw=40,experts=[0,1,2,7]; c13:bw=23,experts=[6,7]; c18:bw=49,experts=[4,5,6,7]; c40:bw=11,experts=[3]; c39:bw=36,experts=[3,4,5]; c33:bw=46,experts=[0,1,6,7]; c41:bw=43,experts=[1,2,3,4]; c44:bw=57,experts=[0,4,5,6,7]; c5:bw=24,experts=[1,2]; c8:bw=18,experts=[0]; c2:bw=29,experts=[0,1]; c7:bw=34,experts=[2,3,4]; c35:bw=33,experts=[0,1,7]; c15:bw=31,experts=[0,1,7]; c29:bw=43,experts=[3,4,5,6]; c1:bw=40,experts=[2,3,4,5]; c3:bw=43,experts=[0,1,2,3]; c47:bw=51,experts=[0,1,5,6,7]; c34:bw=31,experts=[0,1,7]; c43:bw=60,experts=[0,1,2,3,4,7]; c19:bw=46,experts=[0,1,2,3]; c36:bw=18,experts=[1]; c30:bw=23,experts=[1,2]; c10:bw=31,experts=[0,1,2]; c16:bw=59,experts=[0,1,2,6,7]; c31:bw=53,experts=[0,1,2,3,7]; c17:bw=19,experts=[7]; c42:bw=45,experts=[2,3,4,5]; c25:bw=62,experts=[0,1,4,5,6,7]; c45:bw=48,experts=[2,3,4,5]; c12:bw=10,experts=[1]; c0:bw=46,experts=[0,1,6,7]; c4:bw=33,experts=[0,1,7]; c38:bw=51,experts=[2,3,4,5,6]; c22:bw=21,experts=[1,2]; c9:bw=31,experts=[5,6,7]; c48:bw=68,experts=[0,1,2,5,6,7]; c14:bw=42,experts=[0,1,2,3]; c37:bw=25,experts=[4,5]; c20:bw=10,experts=[1]; c26:bw=52,experts=[2,3,4,5,6]","1.6739,1.4167,1.4065,0.9650,3.0012,0.8428,0.8974,1.4122,0.9035,1.3869,0.9523,1.1599,1.2189,1.2378,1.3062,0.5350,0.9572,1.8721,0.8965,0.7293,0.7192,1.0526,0.8889,1.4052,1.0952,1.2924,0.7949,0.9799,0.9426,1.1114,0.9170,1.2122,1.0836,1.8829,1.3274,0.9249,1.1668,2.2847,1.8896,0.7586,0.5307,1.3984,0.7566,1.5478,1.1936,0.7485,1.5390,0.9466,1.3850,1.4087"
53,2026-09-23 23:39:23,Ours,0.01,2.7849255616349553,31.79,31.79,53,61.6691,1:01.67,59.609,0.7596,1.2949,3056.3575,50:56.36,50,"46,40,15,26,1,37,5,8,19,49,11,17,6,42,47,25,3,13,28,34,48,2,36,29,44,45,32,24,30,12,41,35,38,0,31,4,18,23,22,16,14,43,21,7,33,10,27,20,39,9",46:61;40:13;15:27;26:39;1:59;37:20;5:44;8:22;19:10;49:14;11:11;17:28;6:36;42:42;47:22;25:44;3:47;13:10;28:66;34:32;48:14;2:51;36:56;29:46;44:47;45:51;32:55;24:37;30:48;12:45;41:33;35:38;38:32;0:39;31:49;4:28;18:17;23:10;22:10;16:44;14:34;43:28;21:37;7:44;33:33;10:52;27:58;20:62;39:57;9:61,"46:[0,1,2,3,6,7];40:[4];15:[2,3];26:[0,1,7];1:[0,1,2,6,7];37:[6,7];5:[3,4,5,6];8:[1,2];19:[4];49:[4];11:[3];17:[0,1];6:[1,2,3];42:[0,1,6,7];47:[2,3];25:[2,3,4,5];3:[4,5,6,7];13:[0];28:[1,2,3,4,5,6];34:[2,3,4];48:[3];2:[2,3,4,5,6];36:[2,3,4,5,6];29:[0,1,2,7];44:[1,2,3,4];45:[0,1,2,6,7];32:[0,1,5,6,7];24:[0,6,7];30:[3,4,5,6];12:[2,3,4,5];41:[5,6,7];35:[2,3,4];38:[0,1,7];0:[2,3,4];31:[4,5,6,7];4:[2,3];18:[0];23:[4];22:[3];16:[3,4,5,6];14:[4,5,6];43:[5,6];21:[4,5,6];7:[0,5,6,7];33:[2,3,4];10:[3,4,5,6,7];27:[3,4,5,6,7];20:[2,3,4,5,6,7];39:[0,1,2,6,7];9:[0,1,2,3,4,5]","c46:bw=61,experts=[0,1,2,3,6,7]; c40:bw=13,experts=[4]; c15:bw=27,experts=[2,3]; c26:bw=39,experts=[0,1,7]; c1:bw=59,experts=[0,1,2,6,7]; c37:bw=20,experts=[6,7]; c5:bw=44,experts=[3,4,5,6]; c8:bw=22,experts=[1,2]; c19:bw=10,experts=[4]; c49:bw=14,experts=[4]; c11:bw=11,experts=[3]; c17:bw=28,experts=[0,1]; c6:bw=36,experts=[1,2,3]; c42:bw=42,experts=[0,1,6,7]; c47:bw=22,experts=[2,3]; c25:bw=44,experts=[2,3,4,5]; c3:bw=47,experts=[4,5,6,7]; c13:bw=10,experts=[0]; c28:bw=66,experts=[1,2,3,4,5,6]; c34:bw=32,experts=[2,3,4]; c48:bw=14,experts=[3]; c2:bw=51,experts=[2,3,4,5,6]; c36:bw=56,experts=[2,3,4,5,6]; c29:bw=46,experts=[0,1,2,7]; c44:bw=47,experts=[1,2,3,4]; c45:bw=51,experts=[0,1,2,6,7]; c32:bw=55,experts=[0,1,5,6,7]; c24:bw=37,experts=[0,6,7]; c30:bw=48,experts=[3,4,5,6]; c12:bw=45,experts=[2,3,4,5]; c41:bw=33,experts=[5,6,7]; c35:bw=38,experts=[2,3,4]; c38:bw=32,experts=[0,1,7]; c0:bw=39,experts=[2,3,4]; c31:bw=49,experts=[4,5,6,7]; c4:bw=28,experts=[2,3]; c18:bw=17,experts=[0]; c23:bw=10,experts=[4]; c22:bw=10,experts=[3]; c16:bw=44,experts=[3,4,5,6]; c14:bw=34,experts=[4,5,6]; c43:bw=28,experts=[5,6]; c21:bw=37,experts=[4,5,6]; c7:bw=44,experts=[0,5,6,7]; c33:bw=33,experts=[2,3,4]; c10:bw=52,experts=[3,4,5,6,7]; c27:bw=58,experts=[3,4,5,6,7]; c20:bw=62,experts=[2,3,4,5,6,7]; c39:bw=57,experts=[0,1,2,6,7]; c9:bw=61,experts=[0,1,2,3,4,5]","0.9280,1.1820,0.9070,1.4180,1.1269,0.9452,1.8568,0.8793,1.1357,3.0388,0.9142,0.9714,1.4583,1.1729,0.8238,2.2921,1.2711,0.9320,0.9595,0.9986,0.7478,0.7485,0.9438,1.4205,0.8284,1.8136,1.4214,0.8480,1.2232,0.7398,0.5153,1.0321,0.7422,0.4954,1.3167,1.3547,1.1390,1.3731,1.5520,1.8828,1.5635,0.9362,1.6480,0.7076,1.2031,1.0549,1.3003,1.4131,1.2277,1.2046"
54,2026-09-23 23:40:25,Ours,0.01,2.8031594843972147,31.35,31.79,53,61.6986,1:01.70,59.6484,0.7242,1.3198,3118.0953,51:58.10,50,"0,25,44,31,6,4,28,48,37,5,38,18,22,32,36,23,19,42,17,46,49,40,34,10,29,15,33,12,21,41,45,26,11,20,9,43,13,3,35,2,14,1,8,24,39,7,30,16,27,47",0:37;25:57;44:36;31:42;6:54;4:32;28:48;48:26;37:30;5:10;38:55;18:33;22:16;32:26;36:17;23:40;19:21;42:10;17:27;46:33;49:49;40:28;34:60;10:10;29:44;15:32;33:46;12:74;21:71;41:25;45:18;26:37;11:58;20:52;9:50;43:49;13:55;3:30;35:65;2:10;14:33;1:53;8:55;24:80;39:20;7:61;30:34;16:10;27:46;47:45,"0:[5,6,7];25:[0,1,2,6,7];44:[5,6,7];31:[0,1,2,3];6:[0,4,5,6,7];4:[4,5,6];28:[0,1,2,7];48:[4,5];37:[0,1,2];5:[7];38:[2,3,4,5,6];18:[1,2,3];22:[4];32:[2,3];36:[7];23:[0,5,6,7];19:[5,6];42:[2];17:[2,3];46:[4,5,6];49:[0,5,6,7];40:[5,6];34:[0,1,2,5,6,7];10:[0];29:[3,4,5,6];15:[4,5,6];33:[0,5,6,7];12:[0,1,2,3,4,6,7];21:[0,1,2,3,4,5,7];41:[0,1];45:[3];26:[2,3,4];11:[0,4,5,6,7];20:[0,1,2,3,4];9:[0,1,2,6,7];43:[0,1,2,7];13:[1,2,3,4,5];3:[0,1,2];35:[0,1,2,5,6,7];2:[7];14:[0,1,7];1:[3,4,5,6,7];8:[3,4,5,6,7];24:[0,1,2,3,4,5,6,7];39:[3,4];7:[1,2,3,4,5,6];30:[0,1,7];16:[7];27:[0,1,2,3];47:[4,5,6,7]","c0:bw=37,experts=[5,6,7]; c25:bw=57,experts=[0,1,2,6,7]; c44:bw=36,experts=[5,6,7]; c31:bw=42,experts=[0,1,2,3]; c6:bw=54,experts=[0,4,5,6,7]; c4:bw=32,experts=[4,5,6]; c28:bw=48,experts=[0,1,2,7]; c48:bw=26,experts=[4,5]; c37:bw=30,experts=[0,1,2]; c5:bw=10,experts=[7]; c38:bw=55,experts=[2,3,4,5,6]; c18:bw=33,experts=[1,2,3]; c22:bw=16,experts=[4]; c32:bw=26,experts=[2,3]; c36:bw=17,experts=[7]; c23:bw=40,experts=[0,5,6,7]; c19:bw=21,experts=[5,6]; c42:bw=10,experts=[2]; c17:bw=27,experts=[2,3]; c46:bw=33,experts=[4,5,6]; c49:bw=49,experts=[0,5,6,7]; c40:bw=28,experts=[5,6]; c34:bw=60,experts=[0,1,2,5,6,7]; c10:bw=10,experts=[0]; c29:bw=44,experts=[3,4,5,6]; c15:bw=32,experts=[4,5,6]; c33:bw=46,experts=[0,5,6,7]; c12:bw=74,experts=[0,1,2,3,4,6,7]; c21:bw=71,experts=[0,1,2,3,4,5,7]; c41:bw=25,experts=[0,1]; c45:bw=18,experts=[3]; c26:bw=37,experts=[2,3,4]; c11:bw=58,experts=[0,4,5,6,7]; c20:bw=52,experts=[0,1,2,3,4]; c9:bw=50,experts=[0,1,2,6,7]; c43:bw=49,experts=[0,1,2,7]; c13:bw=55,experts=[1,2,3,4,5]; c3:bw=30,experts=[0,1,2]; c35:bw=65,experts=[0,1,2,5,6,7]; c2:bw=10,experts=[7]; c14:bw=33,experts=[0,1,7]; c1:bw=53,experts=[3,4,5,6,7]; c8:bw=55,experts=[3,4,5,6,7]; c24:bw=80,experts=[0,1,2,3,4,5,6,7]; c39:bw=20,experts=[3,4]; c7:bw=61,experts=[1,2,3,4,5,6]; c30:bw=34,experts=[0,1,7]; c16:bw=10,experts=[7]; c27:bw=46,experts=[0,1,2,3]; c47:bw=45,experts=[4,5,6,7]","0.5176,2.3098,0.8516,1.3523,1.4018,1.3927,0.9565,0.7403,0.9461,1.8622,0.7514,1.1595,1.5675,1.4492,0.9419,1.4153,1.1301,1.1391,0.9419,0.8925,3.0202,1.1689,1.0024,1.1550,1.4384,0.8975,1.2306,0.7355,1.6525,0.5016,1.7803,1.4259,0.8865,1.4416,1.2170,0.9431,0.9386,1.2892,1.0800,0.7209,1.5209,1.0890,0.8658,0.8531,1.2015,0.7077,1.2128,1.8697,1.2872,0.7960"
55,2026-09-23 23:41:27,Ours,0.01,2.6975262899415453,32.88,32.88,55,62.3911,1:02.39,60.3741,0.7275,1.2841,3180.5239,53:00.52,50,"8,45,23,28,3,13,36,9,15,2,37,0,16,4,30,5,26,43,18,35,25,19,14,44,1,41,39,27,47,24,33,32,21,10,46,22,6,7,42,12,49,17,40,11,38,29,31,34,20,48",8:14;45:30;23:10;28:57;3:52;13:24;36:18;9:62;15:30;2:41;37:25;0:27;16:57;4:14;30:70;5:53;26:33;43:51;18:70;35:14;25:26;19:60;14:33;44:74;1:60;41:52;39:50;27:27;47:54;24:16;33:10;32:30;21:10;10:57;46:10;22:47;6:42;7:54;42:40;12:62;49:58;17:39;40:76;11:40;38:10;29:26;31:62;34:25;20:35;48:25,"8:[0];45:[4,5,6];23:[1];28:[3,4,5,6,7];3:[3,4,5,6,7];13:[6,7];36:[0];9:[0,3,4,5,6,7];15:[0,1,7];2:[0,1,2,3];37:[3,4];0:[0,1];16:[0,1,2,3,4];4:[7];30:[0,2,3,4,5,6,7];5:[0,1,2,3,4];26:[5,6,7];43:[3,4,5,6,7];18:[0,1,2,4,5,6,7];35:[3];25:[3,4];19:[0,1,2,3,4,7];14:[2,3,4];44:[0,1,2,3,4,5,6];1:[0,1,2,3,4,5];41:[2,3,4,5,6];39:[0,1,5,6,7];27:[4,5];47:[0,1,2,3,4];24:[1];33:[1];32:[4,5,6];21:[6];10:[1,2,3,4,5];46:[7];22:[0,5,6,7];6:[1,2,3,4];7:[0,1,2,3,7];42:[3,4,5,6];12:[0,1,2,5,6,7];49:[1,2,3,4,5];17:[4,5,6];40:[0,1,2,3,4,5,7];11:[1,2,3,4];38:[7];29:[0,7];31:[0,1,4,5,6,7];34:[3,4];20:[5,6,7];48:[6,7]","c8:bw=14,experts=[0]; c45:bw=30,experts=[4,5,6]; c23:bw=10,experts=[1]; c28:bw=57,experts=[3,4,5,6,7]; c3:bw=52,experts=[3,4,5,6,7]; c13:bw=24,experts=[6,7]; c36:bw=18,experts=[0]; c9:bw=62,experts=[0,3,4,5,6,7]; c15:bw=30,experts=[0,1,7]; c2:bw=41,experts=[0,1,2,3]; c37:bw=25,experts=[3,4]; c0:bw=27,experts=[0,1]; c16:bw=57,experts=[0,1,2,3,4]; c4:bw=14,experts=[7]; c30:bw=70,experts=[0,2,3,4,5,6,7]; c5:bw=53,experts=[0,1,2,3,4]; c26:bw=33,experts=[5,6,7]; c43:bw=51,experts=[3,4,5,6,7]; c18:bw=70,experts=[0,1,2,4,5,6,7]; c35:bw=14,experts=[3]; c25:bw=26,experts=[3,4]; c19:bw=60,experts=[0,1,2,3,4,7]; c14:bw=33,experts=[2,3,4]; c44:bw=74,experts=[0,1,2,3,4,5,6]; c1:bw=60,experts=[0,1,2,3,4,5]; c41:bw=52,experts=[2,3,4,5,6]; c39:bw=50,experts=[0,1,5,6,7]; c27:bw=27,experts=[4,5]; c47:bw=54,experts=[0,1,2,3,4]; c24:bw=16,experts=[1]; c33:bw=10,experts=[1]; c32:bw=30,experts=[4,5,6]; c21:bw=10,experts=[6]; c10:bw=57,experts=[1,2,3,4,5]; c46:bw=10,experts=[7]; c22:bw=47,experts=[0,5,6,7]; c6:bw=42,experts=[1,2,3,4]; c7:bw=54,experts=[0,1,2,3,7]; c42:bw=40,experts=[3,4,5,6]; c12:bw=62,experts=[0,1,2,5,6,7]; c49:bw=58,experts=[1,2,3,4,5]; c17:bw=39,experts=[4,5,6]; c40:bw=76,experts=[0,1,2,3,4,5,7]; c11:bw=40,experts=[1,2,3,4]; c38:bw=10,experts=[7]; c29:bw=26,experts=[0,7]; c31:bw=62,experts=[0,1,4,5,6,7]; c34:bw=25,experts=[3,4]; c20:bw=35,experts=[5,6,7]; c48:bw=25,experts=[6,7]","0.8830,1.8535,1.3999,0.9396,1.2898,0.9088,0.9540,1.2222,0.9377,0.7377,0.9491,0.5239,1.9830,1.4199,1.2333,1.8215,1.4111,0.9682,1.1368,1.0356,2.2564,1.1400,1.5677,0.8482,1.1941,0.5177,1.2417,1.3045,0.8155,0.8606,1.2512,1.4319,1.7391,1.1392,0.9420,1.5962,1.4768,0.7721,1.1647,0.7587,3.0281,0.9561,1.2140,0.9073,0.7533,1.4087,1.3492,0.9999,1.3951,0.7355"
56,2026-09-23 23:42:30,Ours,0.01,2.8189899466846446,30.44,32.88,55,62.6067,1:02.61,60.5192,0.7256,1.3565,3243.1684,54:03.17,50,"27,22,40,14,17,25,28,49,44,5,6,48,10,35,37,42,30,18,13,16,11,23,38,21,39,19,29,12,45,8,1,32,26,20,9,24,33,31,34,3,43,2,4,0,47,15,41,7,46,36",27:43;22:29;40:32;14:42;17:10;25:37;28:24;49:59;44:32;5:31;6:23;48:31;10:20;35:10;37:29;42:66;30:29;18:54;13:18;16:42;11:26;23:41;38:45;21:49;39:17;19:10;29:53;12:38;45:50;8:13;1:56;32:29;26:37;20:52;9:52;24:33;33:28;31:53;34:36;3:10;43:33;2:53;4:10;0:70;47:52;15:35;41:78;7:18;46:32;36:28,"27:[0,1,6,7];22:[1,2];40:[0,6,7];14:[0,5,6,7];17:[7];25:[5,6,7];28:[0,1];49:[0,1,2,6,7];44:[0,1,7];5:[5,6,7];6:[5,6];48:[0,1,2];10:[6,7];35:[4];37:[5,6];42:[0,1,2,3,4,7];30:[1,2];18:[3,4,5,6,7];13:[0];16:[0,5,6,7];11:[5,6];23:[2,3,4,5];38:[0,1,2,3];21:[0,1,2,7];39:[2];19:[5];29:[1,2,3,4,5];12:[3,4,5];45:[0,1,2,3,7];8:[1];1:[0,1,2,6,7];32:[0,7];26:[0,1,2];20:[0,1,2,3,4];9:[1,2,3,4,5];24:[2,3,4];33:[2,3];31:[2,3,4,5,6];34:[5,6,7];3:[0];43:[0,1,2];2:[0,4,5,6,7];4:[0];0:[0,2,3,4,5,6,7];47:[0,1,5,6,7];15:[2,3,4];41:[0,1,2,3,4,5,7];7:[4];46:[0,1,2];36:[1,2]","c27:bw=43,experts=[0,1,6,7]; c22:bw=29,experts=[1,2]; c40:bw=32,experts=[0,6,7]; c14:bw=42,experts=[0,5,6,7]; c17:bw=10,experts=[7]; c25:bw=37,experts=[5,6,7]; c28:bw=24,experts=[0,1]; c49:bw=59,experts=[0,1,2,6,7]; c44:bw=32,experts=[0,1,7]; c5:bw=31,experts=[5,6,7]; c6:bw=23,experts=[5,6]; c48:bw=31,experts=[0,1,2]; c10:bw=20,experts=[6,7]; c35:bw=10,experts=[4]; c37:bw=29,experts=[5,6]; c42:bw=66,experts=[0,1,2,3,4,7]; c30:bw=29,experts=[1,2]; c18:bw=54,experts=[3,4,5,6,7]; c13:bw=18,experts=[0]; c16:bw=42,experts=[0,5,6,7]; c11:bw=26,experts=[5,6]; c23:bw=41,experts=[2,3,4,5]; c38:bw=45,experts=[0,1,2,3]; c21:bw=49,experts=[0,1,2,7]; c39:bw=17,experts=[2]; c19:bw=10,experts=[5]; c29:bw=53,experts=[1,2,3,4,5]; c12:bw=38,experts=[3,4,5]; c45:bw=50,experts=[0,1,2,3,7]; c8:bw=13,experts=[1]; c1:bw=56,experts=[0,1,2,6,7]; c32:bw=29,experts=[0,7]; c26:bw=37,experts=[0,1,2]; c20:bw=52,experts=[0,1,2,3,4]; c9:bw=52,experts=[1,2,3,4,5]; c24:bw=33,experts=[2,3,4]; c33:bw=28,experts=[2,3]; c31:bw=53,experts=[2,3,4,5,6]; c34:bw=36,experts=[5,6,7]; c3:bw=10,experts=[0]; c43:bw=33,experts=[0,1,2]; c2:bw=53,experts=[0,4,5,6,7]; c4:bw=10,experts=[0]; c0:bw=70,experts=[0,2,3,4,5,6,7]; c47:bw=52,experts=[0,1,5,6,7]; c15:bw=35,experts=[2,3,4]; c41:bw=78,experts=[0,1,2,3,4,5,7]; c7:bw=18,experts=[4]; c46:bw=32,experts=[0,1,2]; c36:bw=28,experts=[1,2]","1.3350,1.5478,1.1853,1.5587,0.9688,2.3174,0.9757,3.1368,0.8702,1.8486,1.4054,0.7344,1.0752,1.0531,0.9357,1.1569,1.2538,1.1581,0.9160,1.9219,0.9215,1.4079,0.7551,1.7034,1.2135,1.1066,1.4715,0.7628,1.9151,0.9158,1.1743,1.4627,1.4496,1.4086,1.2406,0.9408,1.2343,1.3297,0.9915,1.2650,0.9632,0.7551,1.3973,0.5157,0.8058,0.9069,0.5236,0.7468,0.9331,0.9465"
57,2026-09-23 23:43:33,Ours,0.01,2.726831604801441,32.45,32.88,55,62.9201,1:02.92,60.8305,0.7164,1.3675,3306.1258,55:06.13,50,"10,0,21,41,8,26,24,33,27,14,40,11,12,7,5,29,30,46,31,18,17,1,32,35,22,45,15,4,47,2,13,28,44,6,16,49,3,43,48,42,38,39,20,37,36,25,34,23,9,19",10:58;0:70;21:32;41:43;8:43;26:26;24:44;33:51;27:10;14:36;40:45;11:26;12:17;7:69;5:44;29:67;30:11;46:52;31:60;18:44;17:52;1:49;32:48;35:40;22:39;45:46;15:36;4:41;47:52;2:33;13:31;28:19;44:31;6:48;16:33;49:38;3:64;43:73;48:49;42:12;38:34;39:55;20:56;37:52;36:52;25:42;34:35;23:45;9:19;19:44,"10:[0,1,2,3,4];0:[1,2,3,4,5,6,7];21:[3,4,5];41:[0,1,6,7];8:[2,3,4,5];26:[3,4];24:[0,5,6,7];33:[0,4,5,6,7];27:[2];14:[1,2,3];40:[1,2,3,4];11:[0,7];12:[6];7:[0,1,2,5,6,7];5:[0,1,2,3];29:[0,1,2,3,6,7];30:[3];46:[3,4,5,6,7];31:[0,1,2,3,4,7];18:[0,1,2,3];17:[0,1,2,3,4];1:[3,4,5,6];32:[1,2,3,4];35:[0,5,6,7];22:[3,4,5];45:[4,5,6,7];15:[5,6,7];4:[1,2,3,4];47:[2,3,4,5,6];2:[1,2,3];13:[1,2,3];28:[2];44:[2,3,4];6:[0,1,2,7];16:[1,2,3];49:[3,4,5];3:[1,2,3,4,5,6];43:[0,1,3,4,5,6,7];48:[3,4,5,6];42:[5];38:[4,5,6];39:[3,4,5,6,7];20:[0,1,5,6,7];37:[0,1,2,3,7];36:[3,4,5,6,7];25:[0,1,2,3];34:[0,1,2];23:[0,1,6,7];9:[6];19:[0,1,6,7]","c10:bw=58,experts=[0,1,2,3,4]; c0:bw=70,experts=[1,2,3,4,5,6,7]; c21:bw=32,experts=[3,4,5]; c41:bw=43,experts=[0,1,6,7]; c8:bw=43,experts=[2,3,4,5]; c26:bw=26,experts=[3,4]; c24:bw=44,experts=[0,5,6,7]; c33:bw=51,experts=[0,4,5,6,7]; c27:bw=10,experts=[2]; c14:bw=36,experts=[1,2,3]; c40:bw=45,experts=[1,2,3,4]; c11:bw=26,experts=[0,7]; c12:bw=17,experts=[6]; c7:bw=69,experts=[0,1,2,5,6,7]; c5:bw=44,experts=[0,1,2,3]; c29:bw=67,experts=[0,1,2,3,6,7]; c30:bw=11,experts=[3]; c46:bw=52,experts=[3,4,5,6,7]; c31:bw=60,experts=[0,1,2,3,4,7]; c18:bw=44,experts=[0,1,2,3]; c17:bw=52,experts=[0,1,2,3,4]; c1:bw=49,experts=[3,4,5,6]; c32:bw=48,experts=[1,2,3,4]; c35:bw=40,experts=[0,5,6,7]; c22:bw=39,experts=[3,4,5]; c45:bw=46,experts=[4,5,6,7]; c15:bw=36,experts=[5,6,7]; c4:bw=41,experts=[1,2,3,4]; c47:bw=52,experts=[2,3,4,5,6]; c2:bw=33,experts=[1,2,3]; c13:bw=31,experts=[1,2,3]; c28:bw=19,experts=[2]; c44:bw=31,experts=[2,3,4]; c6:bw=48,experts=[0,1,2,7]; c16:bw=33,experts=[1,2,3]; c49:bw=38,experts=[3,4,5]; c3:bw=64,experts=[1,2,3,4,5,6]; c43:bw=73,experts=[0,1,3,4,5,6,7]; c48:bw=49,experts=[3,4,5,6]; c42:bw=12,experts=[5]; c38:bw=34,experts=[4,5,6]; c39:bw=55,experts=[3,4,5,6,7]; c20:bw=56,experts=[0,1,5,6,7]; c37:bw=52,experts=[0,1,2,3,7]; c36:bw=52,experts=[3,4,5,6,7]; c25:bw=42,experts=[0,1,2,3]; c34:bw=35,experts=[0,1,2]; c23:bw=45,experts=[0,1,6,7]; c9:bw=19,experts=[6]; c19:bw=44,experts=[0,1,6,7]","1.1102,0.5099,1.7456,0.5425,0.8971,1.4933,0.8790,1.2900,1.3322,1.6073,1.1997,0.8941,0.7279,0.7382,1.8182,1.4690,1.2342,0.9275,1.3518,1.1549,0.9749,1.1132,1.4208,1.0677,1.5578,1.8997,0.9347,1.4539,0.8617,0.7576,0.9743,0.9748,0.8994,1.4489,1.9847,3.0244,1.3174,0.9850,0.7566,1.1502,0.7707,1.2449,1.4587,0.9436,0.9234,2.2278,0.9985,1.3964,1.2431,1.1427"
58,2026-09-23 23:44:35,Ours,0.01,2.685646464810188,33.93,33.93,58,62.5602,1:02.56,60.512,0.737,1.3058,3368.7291,56:08.73,50,"33,38,28,6,37,7,1,23,0,40,11,30,31,18,35,43,46,20,22,36,29,21,42,34,12,2,47,9,39,24,4,15,25,8,45,13,41,14,26,19,3,5,16,49,44,10,27,17,32,48",33:45;38:39;28:10;6:55;37:45;7:24;1:30;23:30;0:47;40:61;11:47;30:37;31:40;18:50;35:26;43:35;46:58;20:53;22:61;36:20;29:38;21:73;42:27;34:46;12:29;2:10;47:48;9:57;39:53;24:10;4:38;15:38;25:39;8:40;45:30;13:40;41:54;14:22;26:34;19:43;3:61;5:35;16:42;49:24;44:21;10:43;27:36;17:12;32:16;48:43,"33:[1,2,3,4];38:[0,1,7];28:[3];6:[3,4,5,6,7];37:[4,5,6,7];7:[3,4];1:[0,1,7];23:[2,3,4];0:[0,1,2,3];40:[0,1,2,5,6,7];11:[1,2,3,4];30:[4,5,6];31:[0,5,6,7];18:[0,4,5,6,7];35:[1,2];43:[2,3,4];46:[0,1,2,3,4];20:[2,3,4,5,6];22:[0,1,2,3,6,7];36:[0,1];29:[4,5,6];21:[0,1,2,3,4,6,7];42:[6,7];34:[3,4,5,6];12:[0,7];2:[4];47:[0,1,2,7];9:[0,1,2,3,7];39:[0,1,2,3,4];24:[1];4:[5,6,7];15:[0,1,2];25:[4,5,6];8:[0,1,6,7];45:[0,1,2];13:[4,5,6,7];41:[2,3,4,5,6];14:[4,5];26:[5,6,7];19:[2,3,4,5];3:[0,1,2,3,4,7];5:[4,5,6];16:[4,5,6,7];49:[6,7];44:[5,6];10:[0,5,6,7];27:[3,4,5];17:[5];32:[5];48:[0,1,2,7]","c33:bw=45,experts=[1,2,3,4]; c38:bw=39,experts=[0,1,7]; c28:bw=10,experts=[3]; c6:bw=55,experts=[3,4,5,6,7]; c37:bw=45,experts=[4,5,6,7]; c7:bw=24,experts=[3,4]; c1:bw=30,experts=[0,1,7]; c23:bw=30,experts=[2,3,4]; c0:bw=47,experts=[0,1,2,3]; c40:bw=61,experts=[0,1,2,5,6,7]; c11:bw=47,experts=[1,2,3,4]; c30:bw=37,experts=[4,5,6]; c31:bw=40,experts=[0,5,6,7]; c18:bw=50,experts=[0,4,5,6,7]; c35:bw=26,experts=[1,2]; c43:bw=35,experts=[2,3,4]; c46:bw=58,experts=[0,1,2,3,4]; c20:bw=53,experts=[2,3,4,5,6]; c22:bw=61,experts=[0,1,2,3,6,7]; c36:bw=20,experts=[0,1]; c29:bw=38,experts=[4,5,6]; c21:bw=73,experts=[0,1,2,3,4,6,7]; c42:bw=27,experts=[6,7]; c34:bw=46,experts=[3,4,5,6]; c12:bw=29,experts=[0,7]; c2:bw=10,experts=[4]; c47:bw=48,experts=[0,1,2,7]; c9:bw=57,experts=[0,1,2,3,7]; c39:bw=53,experts=[0,1,2,3,4]; c24:bw=10,experts=[1]; c4:bw=38,experts=[5,6,7]; c15:bw=38,experts=[0,1,2]; c25:bw=39,experts=[4,5,6]; c8:bw=40,experts=[0,1,6,7]; c45:bw=30,experts=[0,1,2]; c13:bw=40,experts=[4,5,6,7]; c41:bw=54,experts=[2,3,4,5,6]; c14:bw=22,experts=[4,5]; c26:bw=34,experts=[5,6,7]; c19:bw=43,experts=[2,3,4,5]; c3:bw=61,experts=[0,1,2,3,4,7]; c5:bw=35,experts=[4,5,6]; c16:bw=42,experts=[4,5,6,7]; c49:bw=24,experts=[6,7]; c44:bw=21,experts=[5,6]; c10:bw=43,experts=[0,5,6,7]; c27:bw=36,experts=[3,4,5]; c17:bw=12,experts=[5]; c32:bw=16,experts=[5]; c48:bw=43,experts=[0,1,2,7]","1.2530,0.8074,0.9568,1.4301,0.9747,0.7340,1.1610,1.4232,0.5078,1.1947,0.9044,1.2584,1.3537,1.1585,1.0612,0.9596,0.9140,1.4425,1.5517,0.9446,1.4291,1.7086,1.1227,1.0139,0.7400,0.7200,0.8134,1.2259,1.2425,0.8655,1.4013,0.9023,2.3235,0.9126,1.8288,0.9187,0.5188,1.5535,1.4328,1.1396,1.2900,1.8642,1.9308,3.0525,0.8847,1.1078,1.3277,1.0696,1.4054,0.7745"
59,2026-09-23 23:45:38,Ours,0.01,2.7760959918901063,31.88,33.93,58,62.5901,1:02.59,60.4591,0.7668,1.3584,3431.3601,57:11.36,50,"26,18,41,33,46,28,17,4,16,36,1,14,10,7,3,42,8,11,43,12,48,32,25,15,9,47,13,31,22,2,6,27,21,37,39,29,20,44,24,45,19,30,40,5,35,23,0,34,49,38",26:43;18:10;41:25;33:51;46:45;28:19;17:55;4:26;16:23;36:15;1:65;14:40;10:26;7:28;3:35;42:40;8:56;11:34;43:30;12:47;48:27;32:41;25:57;15:50;9:28;47:65;13:13;31:36;22:43;2:37;6:19;27:34;21:29;37:17;39:76;29:55;20:68;44:10;24:36;45:34;19:14;30:38;40:16;5:32;35:33;23:36;0:52;34:12;49:37;38:26,"26:[0,1,2,3];18:[1];41:[0,7];33:[0,1,5,6,7];46:[0,5,6,7];28:[4];17:[0,1,2,6,7];4:[0,1];16:[0,1];36:[2];1:[2,3,4,5,6,7];14:[0,1,6,7];10:[1,2];7:[5,6];3:[5,6,7];42:[0,1,2,3];8:[2,3,4,5,6];11:[5,6,7];43:[5,6,7];12:[1,2,3,4];48:[3,4];32:[0,1,6,7];25:[0,1,2,3,7];15:[3,4,5,6,7];9:[4,5];47:[0,3,4,5,6,7];13:[0];31:[1,2,3];22:[4,5,6,7];2:[5,6,7];6:[0];27:[0,6,7];21:[5,6];37:[0];39:[0,1,2,3,5,6,7];29:[0,1,2,3,7];20:[0,1,2,3,4,7];44:[7];24:[2,3,4];45:[3,4,5];19:[6];30:[0,1,7];40:[3];5:[0,1,7];35:[3,4,5];23:[5,6,7];0:[0,4,5,6,7];34:[7];49:[0,1,2];38:[2,3]","c26:bw=43,experts=[0,1,2,3]; c18:bw=10,experts=[1]; c41:bw=25,experts=[0,7]; c33:bw=51,experts=[0,1,5,6,7]; c46:bw=45,experts=[0,5,6,7]; c28:bw=19,experts=[4]; c17:bw=55,experts=[0,1,2,6,7]; c4:bw=26,experts=[0,1]; c16:bw=23,experts=[0,1]; c36:bw=15,experts=[2]; c1:bw=65,experts=[2,3,4,5,6,7]; c14:bw=40,experts=[0,1,6,7]; c10:bw=26,experts=[1,2]; c7:bw=28,experts=[5,6]; c3:bw=35,experts=[5,6,7]; c42:bw=40,experts=[0,1,2,3]; c8:bw=56,experts=[2,3,4,5,6]; c11:bw=34,experts=[5,6,7]; c43:bw=30,experts=[5,6,7]; c12:bw=47,experts=[1,2,3,4]; c48:bw=27,experts=[3,4]; c32:bw=41,experts=[0,1,6,7]; c25:bw=57,experts=[0,1,2,3,7]; c15:bw=50,experts=[3,4,5,6,7]; c9:bw=28,experts=[4,5]; c47:bw=65,experts=[0,3,4,5,6,7]; c13:bw=13,experts=[0]; c31:bw=36,experts=[1,2,3]; c22:bw=43,experts=[4,5,6,7]; c2:bw=37,experts=[5,6,7]; c6:bw=19,experts=[0]; c27:bw=34,experts=[0,6,7]; c21:bw=29,experts=[5,6]; c37:bw=17,experts=[0]; c39:bw=76,experts=[0,1,2,3,5,6,7]; c29:bw=55,experts=[0,1,2,3,7]; c20:bw=68,experts=[0,1,2,3,4,7]; c44:bw=10,experts=[7]; c24:bw=36,experts=[2,3,4]; c45:bw=34,experts=[3,4,5]; c19:bw=14,experts=[6]; c30:bw=38,experts=[0,1,7]; c40:bw=16,experts=[3]; c5:bw=32,experts=[0,1,7]; c35:bw=33,experts=[3,4,5]; c23:bw=36,experts=[5,6,7]; c0:bw=52,experts=[0,4,5,6,7]; c34:bw=12,experts=[7]; c49:bw=37,experts=[0,1,2]; c38:bw=26,experts=[2,3]","1.4807,1.1615,0.5440,1.2707,0.9374,0.9726,0.9636,1.3994,1.9175,0.9440,1.1230,1.5802,1.0998,0.7718,1.2697,1.1630,0.8835,0.8969,0.9470,0.7442,0.7377,1.4582,2.3169,0.9530,1.2452,0.8324,0.9030,1.3962,1.5730,0.7701,1.4293,1.3295,1.6761,0.9465,1.2486,1.4372,1.4208,0.8472,0.8672,1.8315,1.1399,1.2238,1.1913,1.8334,1.0441,1.3967,0.5169,0.9734,3.0690,0.7809"
60,2026-09-23 23:46:41,Ours,0.01,2.6899293919590668,35.14,35.14,60,63.3874,1:03.39,61.2632,0.7424,1.3758,3494.7875,58:14.79,50,"43,34,45,47,26,46,15,5,21,30,27,1,39,12,7,29,33,42,9,3,32,38,0,8,11,37,24,28,18,16,44,35,40,22,2,4,48,41,36,13,25,20,6,49,23,19,10,31,17,14",43:28;34:19;45:14;47:10;26:41;46:20;15:51;5:33;21:37;30:69;27:27;1:54;39:18;12:16;7:48;29:30;33:59;42:49;9:10;3:44;32:14;38:27;0:53;8:24;11:40;37:22;24:26;28:35;18:26;16:63;44:35;35:31;40:61;22:45;2:30;4:30;48:43;41:43;36:18;13:59;25:45;20:78;6:59;49:55;23:55;19:60;10:10;31:28;17:39;14:42,"43:[0,1];34:[0];45:[6];47:[1];26:[4,5,6,7];46:[1,2];15:[0,1,2,3,4];5:[2,3,4];21:[0,1,7];30:[2,3,4,5,6,7];27:[1,2];1:[0,1,2,3,4];39:[4];12:[5];7:[0,1,2,7];29:[4,5,6];33:[2,3,4,5,6];42:[4,5,6,7];9:[6];3:[0,1,2,3];32:[2];38:[4,5];0:[1,2,3,4,5];8:[0,7];11:[0,1,2,3];37:[1,2];24:[5,6];28:[5,6,7];18:[2,3];16:[2,3,4,5,6,7];44:[0,1,2];35:[0,6,7];40:[0,1,4,5,6,7];22:[0,1,2,3];2:[0,1,2];4:[2,3,4];48:[0,5,6,7];41:[1,2,3,4];36:[3];13:[1,2,3,4,5];25:[4,5,6,7];20:[0,1,2,3,5,6,7];6:[1,2,3,4,5];49:[3,4,5,6,7];23:[0,1,2,3,4];19:[0,1,2,3,4,7];10:[3];31:[4,5];17:[3,4,5];14:[2,3,4,5]","c43:bw=28,experts=[0,1]; c34:bw=19,experts=[0]; c45:bw=14,experts=[6]; c47:bw=10,experts=[1]; c26:bw=41,experts=[4,5,6,7]; c46:bw=20,experts=[1,2]; c15:bw=51,experts=[0,1,2,3,4]; c5:bw=33,experts=[2,3,4]; c21:bw=37,experts=[0,1,7]; c30:bw=69,experts=[2,3,4,5,6,7]; c27:bw=27,experts=[1,2]; c1:bw=54,experts=[0,1,2,3,4]; c39:bw=18,experts=[4]; c12:bw=16,experts=[5]; c7:bw=48,experts=[0,1,2,7]; c29:bw=30,experts=[4,5,6]; c33:bw=59,experts=[2,3,4,5,6]; c42:bw=49,experts=[4,5,6,7]; c9:bw=10,experts=[6]; c3:bw=44,experts=[0,1,2,3]; c32:bw=14,experts=[2]; c38:bw=27,experts=[4,5]; c0:bw=53,experts=[1,2,3,4,5]; c8:bw=24,experts=[0,7]; c11:bw=40,experts=[0,1,2,3]; c37:bw=22,experts=[1,2]; c24:bw=26,experts=[5,6]; c28:bw=35,experts=[5,6,7]; c18:bw=26,experts=[2,3]; c16:bw=63,experts=[2,3,4,5,6,7]; c44:bw=35,experts=[0,1,2]; c35:bw=31,experts=[0,6,7]; c40:bw=61,experts=[0,1,4,5,6,7]; c22:bw=45,experts=[0,1,2,3]; c2:bw=30,experts=[0,1,2]; c4:bw=30,experts=[2,3,4]; c48:bw=43,experts=[0,5,6,7]; c41:bw=43,experts=[1,2,3,4]; c36:bw=18,experts=[3]; c13:bw=59,experts=[1,2,3,4,5]; c25:bw=45,experts=[4,5,6,7]; c20:bw=78,experts=[0,1,2,3,5,6,7]; c6:bw=59,experts=[1,2,3,4,5]; c49:bw=55,experts=[3,4,5,6,7]; c23:bw=55,experts=[0,1,2,3,4]; c19:bw=60,experts=[0,1,2,3,4,7]; c10:bw=10,experts=[3]; c31:bw=28,experts=[4,5]; c17:bw=39,experts=[3,4,5]; c14:bw=42,experts=[2,3,4,5]","0.9900,1.0408,1.9208,0.8306,1.4769,0.9326,0.9185,1.8682,1.7090,1.2500,1.3392,1.1266,1.2400,0.7454,0.7397,1.4630,1.2570,1.1596,1.2442,1.3130,1.4639,0.8097,0.5312,0.9252,0.9245,0.9894,0.8860,0.9752,1.1843,1.9005,0.8530,1.0709,1.2543,1.6281,0.7511,1.4249,0.7642,0.5349,0.9615,0.9393,2.2989,1.4844,1.4090,3.0820,1.4586,1.1472,1.1139,1.3391,0.9777,1.6148"
61,2026-09-23 23:47:46,Ours,0.01,2.6842909115292524,34.08,35.14,60,64.6788,1:04.68,62.4699,0.7792,1.4238,3559.5065,59:19.51,50,"5,45,10,32,29,12,28,18,2,16,17,42,48,39,36,34,22,8,27,26,24,40,7,35,14,37,30,13,3,25,19,46,6,31,41,23,11,43,38,15,49,47,44,21,1,4,20,9,0,33",5:49;45:21;10:11;32:61;29:13;12:27;28:19;18:50;2:29;16:38;17:46;42:55;48:18;39:59;36:46;34:25;22:12;8:55;27:50;26:17;24:39;40:53;7:43;35:35;14:38;37:40;30:55;13:34;3:43;25:59;19:52;46:41;6:37;31:48;41:40;23:28;11:39;43:37;38:19;15:16;49:38;47:18;44:24;21:59;1:33;4:38;20:58;9:38;0:60;33:71,"5:[0,5,6,7];45:[0,7];10:[4];32:[0,3,4,5,6,7];29:[7];12:[6,7];28:[0];18:[0,4,5,6,7];2:[3,4];16:[0,1,2];17:[0,1,6,7];42:[0,1,2,3,4];48:[1];39:[0,1,5,6,7];36:[4,5,6,7];34:[1,2];22:[4];8:[1,2,3,4,5];27:[3,4,5,6,7];26:[0];24:[0,1,7];40:[2,3,4,5,6];7:[3,4,5,6];35:[1,2,3];14:[0,6,7];37:[3,4,5,6];30:[0,1,2,3,4];13:[0,6,7];3:[4,5,6,7];25:[0,1,2,3,4];19:[0,1,5,6,7];46:[3,4,5,6];6:[0,6,7];31:[0,1,6,7];41:[0,5,6,7];23:[5,6];11:[4,5,6];43:[2,3,4];38:[6];15:[5];49:[0,1,2];47:[2];44:[3,4];21:[2,3,4,5,6];1:[5,6,7];4:[5,6,7];20:[0,4,5,6,7];9:[0,1,7];0:[0,1,2,3,6,7];33:[0,1,2,3,4,5,7]","c5:bw=49,experts=[0,5,6,7]; c45:bw=21,experts=[0,7]; c10:bw=11,experts=[4]; c32:bw=61,experts=[0,3,4,5,6,7]; c29:bw=13,experts=[7]; c12:bw=27,experts=[6,7]; c28:bw=19,experts=[0]; c18:bw=50,experts=[0,4,5,6,7]; c2:bw=29,experts=[3,4]; c16:bw=38,experts=[0,1,2]; c17:bw=46,experts=[0,1,6,7]; c42:bw=55,experts=[0,1,2,3,4]; c48:bw=18,experts=[1]; c39:bw=59,experts=[0,1,5,6,7]; c36:bw=46,experts=[4,5,6,7]; c34:bw=25,experts=[1,2]; c22:bw=12,experts=[4]; c8:bw=55,experts=[1,2,3,4,5]; c27:bw=50,experts=[3,4,5,6,7]; c26:bw=17,experts=[0]; c24:bw=39,experts=[0,1,7]; c40:bw=53,experts=[2,3,4,5,6]; c7:bw=43,experts=[3,4,5,6]; c35:bw=35,experts=[1,2,3]; c14:bw=38,experts=[0,6,7]; c37:bw=40,experts=[3,4,5,6]; c30:bw=55,experts=[0,1,2,3,4]; c13:bw=34,experts=[0,6,7]; c3:bw=43,experts=[4,5,6,7]; c25:bw=59,experts=[0,1,2,3,4]; c19:bw=52,experts=[0,1,5,6,7]; c46:bw=41,experts=[3,4,5,6]; c6:bw=37,experts=[0,6,7]; c31:bw=48,experts=[0,1,6,7]; c41:bw=40,experts=[0,5,6,7]; c23:bw=28,experts=[5,6]; c11:bw=39,experts=[4,5,6]; c43:bw=37,experts=[2,3,4]; c38:bw=19,experts=[6]; c15:bw=16,experts=[5]; c49:bw=38,experts=[0,1,2]; c47:bw=18,experts=[2]; c44:bw=24,experts=[3,4]; c21:bw=59,experts=[2,3,4,5,6]; c1:bw=33,experts=[5,6,7]; c4:bw=38,experts=[5,6,7]; c20:bw=58,experts=[0,4,5,6,7]; c9:bw=38,experts=[0,1,7]; c0:bw=60,experts=[0,1,2,3,6,7]; c33:bw=71,experts=[0,1,2,3,4,5,7]","1.8469,1.8634,1.1009,1.4284,1.4475,0.7695,0.9449,1.1437,0.7562,1.9049,0.9817,1.1523,0.7414,1.2437,0.9281,0.9940,1.5466,0.9382,1.3541,1.4557,0.9033,1.2416,0.7671,1.0940,1.6843,1.0188,1.3275,0.9736,1.4922,2.4289,1.1605,0.9329,1.4664,1.4220,0.5597,1.5104,0.9650,1.0323,0.8160,0.9815,3.2127,0.8295,0.8714,1.7519,1.1814,1.5186,1.5431,1.3494,0.5515,1.3402"
62,2026-09-23 23:48:50,Ours,0.01,2.6770300329589936,34.24,35.14,60,64.108,1:04.11,62.2495,0.6691,1.1838,3623.6562,1:00:23.66,50,"26,32,39,16,33,45,3,49,44,21,48,30,47,0,25,29,43,28,37,12,2,31,6,1,46,5,19,41,17,34,13,15,14,8,40,20,36,35,27,23,7,9,11,10,4,18,42,24,22,38",26:49;32:34;39:15;16:26;33:43;45:37;3:53;49:54;44:39;21:33;48:30;30:16;47:38;0:28;25:65;29:52;43:18;28:46;37:56;12:11;2:42;31:34;6:62;1:75;46:48;5:67;19:42;41:42;17:19;34:44;13:30;15:46;14:14;8:13;40:39;20:31;36:71;35:55;27:36;23:44;7:44;9:16;11:36;10:21;4:60;18:26;42:36;24:37;22:13;38:21,"26:[1,2,3,4];32:[1,2,3];39:[2];16:[3,4];33:[0,1,6,7];45:[1,2,3];3:[0,1,2,3,4];49:[3,4,5,6,7];44:[5,6,7];21:[0,1,7];48:[2,3,4];30:[5];47:[3,4,5];0:[4,5];25:[0,1,2,5,6,7];29:[0,1,2,3,4];43:[5];28:[1,2,3,4];37:[0,1,2,3,7];12:[0];2:[0,5,6,7];31:[2,3,4];6:[1,2,3,4,5,6];1:[0,1,2,3,4,5,6];46:[0,1,2,7];5:[1,2,3,4,5,6];19:[2,3,4,5];41:[1,2,3,4];17:[2];34:[3,4,5,6];13:[1,2,3];15:[0,1,6,7];14:[1];8:[6];40:[0,1,7];20:[1,2,3];36:[0,1,2,3,4,5,6];35:[0,4,5,6,7];27:[0,1,2];23:[0,1,2,7];7:[0,1,2,7];9:[2];11:[0,1,7];10:[5,6];4:[0,1,2,3,4,5];18:[1,2];42:[5,6,7];24:[2,3,4];22:[5];38:[0,7]","c26:bw=49,experts=[1,2,3,4]; c32:bw=34,experts=[1,2,3]; c39:bw=15,experts=[2]; c16:bw=26,experts=[3,4]; c33:bw=43,experts=[0,1,6,7]; c45:bw=37,experts=[1,2,3]; c3:bw=53,experts=[0,1,2,3,4]; c49:bw=54,experts=[3,4,5,6,7]; c44:bw=39,experts=[5,6,7]; c21:bw=33,experts=[0,1,7]; c48:bw=30,experts=[2,3,4]; c30:bw=16,experts=[5]; c47:bw=38,experts=[3,4,5]; c0:bw=28,experts=[4,5]; c25:bw=65,experts=[0,1,2,5,6,7]; c29:bw=52,experts=[0,1,2,3,4]; c43:bw=18,experts=[5]; c28:bw=46,experts=[1,2,3,4]; c37:bw=56,experts=[0,1,2,3,7]; c12:bw=11,experts=[0]; c2:bw=42,experts=[0,5,6,7]; c31:bw=34,experts=[2,3,4]; c6:bw=62,experts=[1,2,3,4,5,6]; c1:bw=75,experts=[0,1,2,3,4,5,6]; c46:bw=48,experts=[0,1,2,7]; c5:bw=67,experts=[1,2,3,4,5,6]; c19:bw=42,experts=[2,3,4,5]; c41:bw=42,experts=[1,2,3,4]; c17:bw=19,experts=[2]; c34:bw=44,experts=[3,4,5,6]; c13:bw=30,experts=[1,2,3]; c15:bw=46,experts=[0,1,6,7]; c14:bw=14,experts=[1]; c8:bw=13,experts=[6]; c40:bw=39,experts=[0,1,7]; c20:bw=31,experts=[1,2,3]; c36:bw=71,experts=[0,1,2,3,4,5,6]; c35:bw=55,experts=[0,4,5,6,7]; c27:bw=36,experts=[0,1,2]; c23:bw=44,experts=[0,1,2,7]; c7:bw=44,experts=[0,1,2,7]; c9:bw=16,experts=[2]; c11:bw=36,experts=[0,1,7]; c10:bw=21,experts=[5,6]; c4:bw=60,experts=[0,1,2,3,4,5]; c18:bw=26,experts=[1,2]; c42:bw=36,experts=[5,6,7]; c24:bw=37,experts=[2,3,4]; c22:bw=13,experts=[5]; c38:bw=21,experts=[0,7]","1.4852,1.4799,1.2834,1.9878,1.3216,1.9232,1.3451,3.1856,0.9152,1.8189,0.8395,1.3810,0.8764,0.5789,2.5240,1.4803,0.8715,0.9498,1.0519,0.7526,0.6582,1.1914,1.3153,1.1044,0.8485,1.7818,1.2174,0.5850,1.0395,1.0486,0.9784,0.9720,1.6184,0.9028,1.2210,1.4941,0.9893,1.1124,1.3788,1.4921,0.7669,1.3395,0.9598,1.1768,1.5111,1.1756,1.1337,0.8657,1.5307,0.7881"
63,2026-09-23 23:49:46,Ours,0.01,2.6183493625703416,35.67,35.67,63,55.2963,0:55.30,53.5031,0.6394,1.1485,3678.9878,1:01:18.99,50,"35,6,16,39,9,40,23,48,43,7,28,22,13,21,14,34,44,49,41,17,5,36,46,47,38,25,1,19,32,37,42,2,24,4,26,30,27,3,33,12,29,20,0,15,10,11,8,31,18,45",35:49;6:34;16:58;39:37;9:21;40:28;23:26;48:52;43:50;7:68;28:38;22:80;13:58;21:31;14:41;34:34;44:53;49:55;41:10;17:37;5:10;36:45;46:45;47:70;38:28;25:61;1:50;19:34;32:10;37:50;42:53;2:28;24:33;4:52;26:44;30:12;27:34;3:52;33:30;12:51;29:10;20:51;0:41;15:61;10:27;11:45;8:32;31:58;18:47;45:36,"35:[1,2,3,4];6:[0,1,7];16:[0,1,5,6,7];39:[3,4,5];9:[3,4];40:[2,3];23:[3,4];48:[0,1,5,6,7];43:[0,1,2,6,7];7:[0,3,4,5,6,7];28:[5,6,7];22:[0,1,2,3,4,5,6,7];13:[0,4,5,6,7];21:[2,3,4];14:[2,3,4,5];34:[0,1,7];44:[0,1,2,3,4];49:[0,1,2,3,4];41:[5];17:[3,4,5];5:[7];36:[0,1,2,7];46:[3,4,5,6];47:[0,1,2,3,4,6,7];38:[1,2];25:[0,3,4,5,6,7];1:[0,1,2,3,7];19:[0,6,7];32:[4];37:[0,4,5,6,7];42:[0,1,2,3,4];2:[1,2];24:[5,6,7];4:[0,1,2,6,7];26:[0,5,6,7];30:[6];27:[3,4,5];3:[0,1,5,6,7];33:[2,3,4];12:[1,2,3,4,5];29:[5];20:[0,4,5,6,7];0:[0,1,6,7];15:[2,3,4,5,6,7];10:[0,7];11:[2,3,4,5];8:[0,1,7];31:[0,1,5,6,7];18:[3,4,5,6];45:[4,5,6]","c35:bw=49,experts=[1,2,3,4]; c6:bw=34,experts=[0,1,7]; c16:bw=58,experts=[0,1,5,6,7]; c39:bw=37,experts=[3,4,5]; c9:bw=21,experts=[3,4]; c40:bw=28,experts=[2,3]; c23:bw=26,experts=[3,4]; c48:bw=52,experts=[0,1,5,6,7]; c43:bw=50,experts=[0,1,2,6,7]; c7:bw=68,experts=[0,3,4,5,6,7]; c28:bw=38,experts=[5,6,7]; c22:bw=80,experts=[0,1,2,3,4,5,6,7]; c13:bw=58,experts=[0,4,5,6,7]; c21:bw=31,experts=[2,3,4]; c14:bw=41,experts=[2,3,4,5]; c34:bw=34,experts=[0,1,7]; c44:bw=53,experts=[0,1,2,3,4]; c49:bw=55,experts=[0,1,2,3,4]; c41:bw=10,experts=[5]; c17:bw=37,experts=[3,4,5]; c5:bw=10,experts=[7]; c36:bw=45,experts=[0,1,2,7]; c46:bw=45,experts=[3,4,5,6]; c47:bw=70,experts=[0,1,2,3,4,6,7]; c38:bw=28,experts=[1,2]; c25:bw=61,experts=[0,3,4,5,6,7]; c1:bw=50,experts=[0,1,2,3,7]; c19:bw=34,experts=[0,6,7]; c32:bw=10,experts=[4]; c37:bw=50,experts=[0,4,5,6,7]; c42:bw=53,experts=[0,1,2,3,4]; c2:bw=28,experts=[1,2]; c24:bw=33,experts=[5,6,7]; c4:bw=52,experts=[0,1,2,6,7]; c26:bw=44,experts=[0,5,6,7]; c30:bw=12,experts=[6]; c27:bw=34,experts=[3,4,5]; c3:bw=52,experts=[0,1,5,6,7]; c33:bw=30,experts=[2,3,4]; c12:bw=51,experts=[1,2,3,4,5]; c29:bw=10,experts=[5]; c20:bw=51,experts=[0,4,5,6,7]; c0:bw=41,experts=[0,1,6,7]; c15:bw=61,experts=[2,3,4,5,6,7]; c10:bw=27,experts=[0,7]; c11:bw=45,experts=[2,3,4,5]; c8:bw=32,experts=[0,1,7]; c31:bw=58,experts=[0,1,5,6,7]; c18:bw=47,experts=[3,4,5,6]; c45:bw=36,experts=[4,5,6]","0.9272,1.2559,1.7185,1.1000,1.0978,1.0617,1.2552,0.6664,0.8564,0.6627,0.8593,1.4128,0.8185,1.5037,1.3962,0.8951,0.7617,2.7217,0.4581,0.8492,1.6373,0.8414,0.8127,0.7329,0.6701,2.0233,0.9912,1.0070,1.2603,0.8600,1.0336,0.7303,0.7587,1.2367,1.2655,1.0887,1.1630,1.1547,1.0995,0.6628,1.2652,1.2800,0.4516,0.8141,0.9607,0.7858,0.7853,1.1928,1.0133,1.6465"
64,2026-09-23 23:50:41,Ours,0.01,2.6559590312582158,34.86,35.67,63,54.9483,0:54.95,53.1288,0.6389,1.1756,3733.9694,1:02:13.97,50,"47,35,18,41,38,48,12,39,11,13,37,36,45,44,9,3,24,23,30,8,5,6,43,7,31,46,1,15,28,19,0,2,26,14,29,42,4,16,21,22,10,17,40,33,34,49,32,25,27,20",47:47;35:21;18:37;41:46;38:35;48:43;12:27;39:55;11:57;13:42;37:51;36:44;45:48;44:71;9:59;3:38;24:12;23:55;30:33;8:53;5:24;6:50;43:10;7:34;31:47;46:59;1:28;15:59;28:15;19:10;0:32;2:56;26:26;14:46;29:19;42:10;4:38;16:16;21:47;22:58;10:49;17:10;40:21;33:45;34:60;49:17;32:16;25:66;27:25;20:39,"47:[0,5,6,7];35:[5,6];18:[0,1,7];41:[0,1,6,7];38:[3,4,5];48:[2,3,4,5];12:[6,7];39:[0,1,2,6,7];11:[0,1,2,6,7];13:[1,2,3,4];37:[1,2,3,4,5];36:[3,4,5,6];45:[0,1,2,7];44:[0,1,2,3,5,6,7];9:[0,1,5,6,7];3:[2,3,4];24:[0];23:[0,1,5,6,7];30:[0,1,7];8:[2,3,4,5,6];5:[0,1];6:[2,3,4,5,6];43:[3];7:[1,2,3];31:[2,3,4,5];46:[0,1,2,3,7];1:[4,5];15:[0,1,2,3,4];28:[0];19:[1];0:[2,3,4];2:[3,4,5,6,7];26:[1,2];14:[0,1,6,7];29:[6];42:[5];4:[3,4,5];16:[2];21:[0,5,6,7];22:[0,1,2,6,7];10:[1,2,3,4];17:[6];40:[4,5];33:[0,5,6,7];34:[2,3,4,5,6,7];49:[5];32:[5];25:[1,2,3,4,5,6];27:[6,7];20:[1,2,3]","c47:bw=47,experts=[0,5,6,7]; c35:bw=21,experts=[5,6]; c18:bw=37,experts=[0,1,7]; c41:bw=46,experts=[0,1,6,7]; c38:bw=35,experts=[3,4,5]; c48:bw=43,experts=[2,3,4,5]; c12:bw=27,experts=[6,7]; c39:bw=55,experts=[0,1,2,6,7]; c11:bw=57,experts=[0,1,2,6,7]; c13:bw=42,experts=[1,2,3,4]; c37:bw=51,experts=[1,2,3,4,5]; c36:bw=44,experts=[3,4,5,6]; c45:bw=48,experts=[0,1,2,7]; c44:bw=71,experts=[0,1,2,3,5,6,7]; c9:bw=59,experts=[0,1,5,6,7]; c3:bw=38,experts=[2,3,4]; c24:bw=12,experts=[0]; c23:bw=55,experts=[0,1,5,6,7]; c30:bw=33,experts=[0,1,7]; c8:bw=53,experts=[2,3,4,5,6]; c5:bw=24,experts=[0,1]; c6:bw=50,experts=[2,3,4,5,6]; c43:bw=10,experts=[3]; c7:bw=34,experts=[1,2,3]; c31:bw=47,experts=[2,3,4,5]; c46:bw=59,experts=[0,1,2,3,7]; c1:bw=28,experts=[4,5]; c15:bw=59,experts=[0,1,2,3,4]; c28:bw=15,experts=[0]; c19:bw=10,experts=[1]; c0:bw=32,experts=[2,3,4]; c2:bw=56,experts=[3,4,5,6,7]; c26:bw=26,experts=[1,2]; c14:bw=46,experts=[0,1,6,7]; c29:bw=19,experts=[6]; c42:bw=10,experts=[5]; c4:bw=38,experts=[3,4,5]; c16:bw=16,experts=[2]; c21:bw=47,experts=[0,5,6,7]; c22:bw=58,experts=[0,1,2,6,7]; c10:bw=49,experts=[1,2,3,4]; c17:bw=10,experts=[6]; c40:bw=21,experts=[4,5]; c33:bw=45,experts=[0,5,6,7]; c34:bw=60,experts=[2,3,4,5,6,7]; c49:bw=17,experts=[5]; c32:bw=16,experts=[5]; c25:bw=66,experts=[1,2,3,4,5,6]; c27:bw=25,experts=[6,7]; c20:bw=39,experts=[1,2,3]","0.7271,0.9230,1.0209,0.4619,0.6678,0.6675,0.6658,1.0963,0.8069,0.8211,0.8544,0.8326,1.6628,0.7712,1.1070,1.1552,0.7664,1.2757,1.1021,0.8046,1.6278,1.2489,0.8310,0.6489,1.1936,0.8246,0.9815,0.8166,0.8385,0.9892,0.4455,0.6520,1.2312,1.3819,1.2735,0.9972,1.2374,1.6783,1.5027,1.3664,0.9796,0.8325,1.0574,1.0979,0.8736,2.6455,1.2511,2.0189,1.1658,1.2493"
65,2026-09-23 23:51:44,Ours,0.01,2.6460299490998285,35.41,35.67,63,63.439,1:03.44,61.3068,0.7466,1.38,3797.4442,1:03:17.44,50,"27,1,41,0,4,25,20,47,10,28,46,6,3,11,49,45,9,2,44,39,15,21,43,31,23,36,24,16,19,40,38,30,29,18,48,7,35,13,37,33,42,22,26,5,32,17,14,12,34,8",27:30;1:58;41:40;0:41;4:57;25:64;20:35;47:40;10:26;28:31;46:40;6:50;3:42;11:10;49:66;45:42;9:47;2:28;44:58;39:48;15:38;21:42;43:67;31:51;23:10;36:10;24:55;16:45;19:28;40:15;38:49;30:40;29:10;18:18;48:54;7:10;35:23;13:48;37:10;33:16;42:48;22:51;26:29;5:29;32:36;17:26;14:45;12:44;34:24;8:66,"27:[0,1,2];1:[0,1,2,6,7];41:[2,3,4,5];0:[0,5,6,7];4:[0,1,2,6,7];25:[0,1,2,3,4,7];20:[4,5,6];47:[1,2,3,4];10:[5,6];28:[1,2,3];46:[4,5,6,7];6:[0,1,2,3,7];3:[0,5,6,7];11:[3];49:[0,1,2,3,6,7];45:[3,4,5,6];9:[2,3,4,5];2:[0,1];44:[0,4,5,6,7];39:[3,4,5,6];15:[5,6,7];21:[1,2,3,4];43:[0,1,4,5,6,7];31:[0,1,2,6,7];23:[2];36:[7];24:[1,2,3,4,5];16:[3,4,5,6];19:[2,3];40:[6];38:[0,1,6,7];30:[2,3,4,5];29:[7];18:[2];48:[0,1,2,6,7];7:[4];35:[0,7];13:[0,5,6,7];37:[6];33:[1];42:[0,1,6,7];22:[3,4,5,6,7];26:[3,4];5:[2,3];32:[0,6,7];17:[0,7];14:[2,3,4,5];12:[0,1,2,3];34:[0,1];8:[0,1,2,3,4,7]","c27:bw=30,experts=[0,1,2]; c1:bw=58,experts=[0,1,2,6,7]; c41:bw=40,experts=[2,3,4,5]; c0:bw=41,experts=[0,5,6,7]; c4:bw=57,experts=[0,1,2,6,7]; c25:bw=64,experts=[0,1,2,3,4,7]; c20:bw=35,experts=[4,5,6]; c47:bw=40,experts=[1,2,3,4]; c10:bw=26,experts=[5,6]; c28:bw=31,experts=[1,2,3]; c46:bw=40,experts=[4,5,6,7]; c6:bw=50,experts=[0,1,2,3,7]; c3:bw=42,experts=[0,5,6,7]; c11:bw=10,experts=[3]; c49:bw=66,experts=[0,1,2,3,6,7]; c45:bw=42,experts=[3,4,5,6]; c9:bw=47,experts=[2,3,4,5]; c2:bw=28,experts=[0,1]; c44:bw=58,experts=[0,4,5,6,7]; c39:bw=48,experts=[3,4,5,6]; c15:bw=38,experts=[5,6,7]; c21:bw=42,experts=[1,2,3,4]; c43:bw=67,experts=[0,1,4,5,6,7]; c31:bw=51,experts=[0,1,2,6,7]; c23:bw=10,experts=[2]; c36:bw=10,experts=[7]; c24:bw=55,experts=[1,2,3,4,5]; c16:bw=45,experts=[3,4,5,6]; c19:bw=28,experts=[2,3]; c40:bw=15,experts=[6]; c38:bw=49,experts=[0,1,6,7]; c30:bw=40,experts=[2,3,4,5]; c29:bw=10,experts=[7]; c18:bw=18,experts=[2]; c48:bw=54,experts=[0,1,2,6,7]; c7:bw=10,experts=[4]; c35:bw=23,experts=[0,7]; c13:bw=48,experts=[0,5,6,7]; c37:bw=10,experts=[6]; c33:bw=16,experts=[1]; c42:bw=48,experts=[0,1,6,7]; c22:bw=51,experts=[3,4,5,6,7]; c26:bw=29,experts=[3,4]; c5:bw=29,experts=[2,3]; c32:bw=36,experts=[0,6,7]; c17:bw=26,experts=[0,7]; c14:bw=45,experts=[2,3,4,5]; c12:bw=44,experts=[0,1,2,3]; c34:bw=24,experts=[0,1]; c8:bw=66,experts=[0,1,2,3,4,7]","1.1926,1.0140,0.4629,0.4605,1.2643,2.2204,1.2894,0.8344,1.1262,1.0445,0.9871,1.4652,1.3852,0.9302,3.2319,1.9811,1.3127,0.7773,0.8776,1.3160,0.9348,1.7500,0.9837,1.4081,1.4175,0.9427,0.8881,2.0231,1.1963,1.2672,0.8240,1.3221,1.5055,1.1073,0.7339,0.7203,1.0288,0.9154,0.9315,1.2786,1.2149,1.6598,1.5193,1.9441,1.4890,0.9209,1.5405,0.7543,1.0022,0.9093"
66,2026-09-23 23:52:49,Ours,0.01,2.617182070300582,35.65,35.67,63,64.9085,1:04.91,62.8455,0.7226,1.3348,3862.3985,1:04:22.40,50,"9,6,5,36,26,14,30,35,22,47,38,25,49,12,18,0,48,37,44,19,31,4,23,20,17,42,45,2,11,33,16,41,28,15,21,1,7,27,39,3,43,29,46,40,34,10,13,24,32,8",9:31;6:30;5:17;36:41;26:54;14:23;30:40;35:18;22:69;47:62;38:29;25:30;49:30;12:42;18:24;0:38;48:62;37:33;44:48;19:56;31:24;4:41;23:14;20:52;17:35;42:57;45:28;2:41;11:10;33:49;16:59;41:11;28:68;15:50;21:41;1:54;7:50;27:42;39:10;3:66;43:59;29:31;46:10;40:35;34:35;10:46;13:32;24:30;32:46;8:24,"9:[0,6,7];6:[4,5,6];5:[4];36:[0,1,2,3];26:[0,1,5,6,7];14:[6,7];30:[0,1,6,7];35:[1];22:[0,1,2,3,4,5];47:[0,1,2,5,6,7];38:[2,3];25:[5,6,7];49:[4,5,6];12:[4,5,6,7];18:[3,4];0:[1,2,3];48:[0,3,4,5,6,7];37:[0,1,7];44:[1,2,3,4];19:[0,4,5,6,7];31:[3,4];4:[3,4,5,6];23:[3];20:[0,1,2,3,7];17:[1,2,3];42:[2,3,4,5,6];45:[0,7];2:[2,3,4,5];11:[4];33:[2,3,4,5];16:[0,1,2,3,7];41:[6];28:[0,1,4,5,6,7];15:[0,1,2,3,4];21:[0,5,6,7];1:[3,4,5,6,7];7:[0,1,5,6,7];27:[3,4,5,6];39:[7];3:[1,2,3,4,5,6];43:[2,3,4,5,6];29:[0,1,2];46:[0];40:[0,1,7];34:[2,3,4];10:[0,1,2,7];13:[1,2,3];24:[0,6,7];32:[1,2,3,4];8:[5,6]","c9:bw=31,experts=[0,6,7]; c6:bw=30,experts=[4,5,6]; c5:bw=17,experts=[4]; c36:bw=41,experts=[0,1,2,3]; c26:bw=54,experts=[0,1,5,6,7]; c14:bw=23,experts=[6,7]; c30:bw=40,experts=[0,1,6,7]; c35:bw=18,experts=[1]; c22:bw=69,experts=[0,1,2,3,4,5]; c47:bw=62,experts=[0,1,2,5,6,7]; c38:bw=29,experts=[2,3]; c25:bw=30,experts=[5,6,7]; c49:bw=30,experts=[4,5,6]; c12:bw=42,experts=[4,5,6,7]; c18:bw=24,experts=[3,4]; c0:bw=38,experts=[1,2,3]; c48:bw=62,experts=[0,3,4,5,6,7]; c37:bw=33,experts=[0,1,7]; c44:bw=48,experts=[1,2,3,4]; c19:bw=56,experts=[0,4,5,6,7]; c31:bw=24,experts=[3,4]; c4:bw=41,experts=[3,4,5,6]; c23:bw=14,experts=[3]; c20:bw=52,experts=[0,1,2,3,7]; c17:bw=35,experts=[1,2,3]; c42:bw=57,experts=[2,3,4,5,6]; c45:bw=28,experts=[0,7]; c2:bw=41,experts=[2,3,4,5]; c11:bw=10,experts=[4]; c33:bw=49,experts=[2,3,4,5]; c16:bw=59,experts=[0,1,2,3,7]; c41:bw=11,experts=[6]; c28:bw=68,experts=[0,1,4,5,6,7]; c15:bw=50,experts=[0,1,2,3,4]; c21:bw=41,experts=[0,5,6,7]; c1:bw=54,experts=[3,4,5,6,7]; c7:bw=50,experts=[0,1,5,6,7]; c27:bw=42,experts=[3,4,5,6]; c39:bw=10,experts=[7]; c3:bw=66,experts=[1,2,3,4,5,6]; c43:bw=59,experts=[2,3,4,5,6]; c29:bw=31,experts=[0,1,2]; c46:bw=10,experts=[0]; c40:bw=35,experts=[0,1,7]; c34:bw=35,experts=[2,3,4]; c10:bw=46,experts=[0,1,2,7]; c13:bw=32,experts=[1,2,3]; c24:bw=30,experts=[0,6,7]; c32:bw=46,experts=[1,2,3,4]; c8:bw=24,experts=[5,6]","1.3722,1.5398,1.9630,1.0182,1.5274,1.6323,1.3133,1.0839,1.6734,0.8598,0.8027,2.3689,3.1580,0.7604,1.1884,0.5229,0.8572,1.1948,0.9971,1.2162,1.4335,1.5023,1.5430,1.4843,0.9453,1.1295,1.8617,0.8026,0.8255,1.1089,1.7765,0.5013,0.8961,0.8234,1.8011,1.2143,0.8127,1.3892,1.2830,1.3853,1.0130,1.4960,0.9438,1.2675,1.0525,1.1631,0.9291,0.9190,1.5222,0.9697"
67,2026-09-23 23:53:56,Ours,0.01,2.571235769125839,36.54,36.54,67,66.5219,1:06.52,64.3082,0.7985,1.4095,3928.9619,1:05:28.96,50,"41,15,46,34,47,13,31,4,26,24,49,30,29,10,9,48,43,16,17,42,5,7,0,8,22,35,23,1,32,33,2,12,11,44,38,36,27,6,3,45,19,37,20,39,21,28,25,18,40,14",41:42;15:49;46:49;34:54;47:34;13:39;31:65;4:51;26:31;24:44;49:28;30:16;29:25;10:36;9:60;48:49;43:33;16:53;17:48;42:38;5:48;7:59;0:32;8:10;22:47;35:30;23:53;1:36;32:53;33:14;2:43;12:44;11:43;44:21;38:62;36:40;27:59;6:53;3:25;45:46;19:14;37:51;20:27;39:44;21:53;28:10;25:51;18:31;40:20;14:18,"41:[0,1,2,7];15:[0,5,6,7];46:[1,2,3,4];34:[0,1,5,6,7];47:[3,4,5];13:[4,5,6];31:[0,1,2,5,6,7];4:[0,1,2,3,7];26:[2,3,4];24:[1,2,3,4];49:[0,7];30:[2];29:[3,4];10:[3,4,5];9:[1,2,3,4,5,6];48:[1,2,3,4];43:[0,1,7];16:[0,4,5,6,7];17:[4,5,6,7];42:[0,1,7];5:[0,5,6,7];7:[2,3,4,5,6];0:[4,5,6];8:[7];22:[0,1,6,7];35:[2,3,4];23:[0,4,5,6,7];1:[0,1,2];32:[0,1,5,6,7];33:[6];2:[0,1,6,7];12:[0,1,2,3];11:[0,5,6,7];44:[5,6];38:[0,1,4,5,6,7];36:[4,5,6,7];27:[0,1,2,3,7];6:[0,1,2,3,7];3:[0,7];45:[1,2,3,4];19:[1];37:[2,3,4,5,6];20:[4,5];39:[0,1,2,3];21:[1,2,3,4,5];28:[2];25:[0,1,2,3,4];18:[5,6,7];40:[2,3];14:[0]","c41:bw=42,experts=[0,1,2,7]; c15:bw=49,experts=[0,5,6,7]; c46:bw=49,experts=[1,2,3,4]; c34:bw=54,experts=[0,1,5,6,7]; c47:bw=34,experts=[3,4,5]; c13:bw=39,experts=[4,5,6]; c31:bw=65,experts=[0,1,2,5,6,7]; c4:bw=51,experts=[0,1,2,3,7]; c26:bw=31,experts=[2,3,4]; c24:bw=44,experts=[1,2,3,4]; c49:bw=28,experts=[0,7]; c30:bw=16,experts=[2]; c29:bw=25,experts=[3,4]; c10:bw=36,experts=[3,4,5]; c9:bw=60,experts=[1,2,3,4,5,6]; c48:bw=49,experts=[1,2,3,4]; c43:bw=33,experts=[0,1,7]; c16:bw=53,experts=[0,4,5,6,7]; c17:bw=48,experts=[4,5,6,7]; c42:bw=38,experts=[0,1,7]; c5:bw=48,experts=[0,5,6,7]; c7:bw=59,experts=[2,3,4,5,6]; c0:bw=32,experts=[4,5,6]; c8:bw=10,experts=[7]; c22:bw=47,experts=[0,1,6,7]; c35:bw=30,experts=[2,3,4]; c23:bw=53,experts=[0,4,5,6,7]; c1:bw=36,experts=[0,1,2]; c32:bw=53,experts=[0,1,5,6,7]; c33:bw=14,experts=[6]; c2:bw=43,experts=[0,1,6,7]; c12:bw=44,experts=[0,1,2,3]; c11:bw=43,experts=[0,5,6,7]; c44:bw=21,experts=[5,6]; c38:bw=62,experts=[0,1,4,5,6,7]; c36:bw=40,experts=[4,5,6,7]; c27:bw=59,experts=[0,1,2,3,7]; c6:bw=53,experts=[0,1,2,3,7]; c3:bw=25,experts=[0,7]; c45:bw=46,experts=[1,2,3,4]; c19:bw=14,experts=[1]; c37:bw=51,experts=[2,3,4,5,6]; c20:bw=27,experts=[4,5]; c39:bw=44,experts=[0,1,2,3]; c21:bw=53,experts=[1,2,3,4,5]; c28:bw=10,experts=[2]; c25:bw=51,experts=[0,1,2,3,4]; c18:bw=31,experts=[5,6,7]; c40:bw=20,experts=[2,3]; c14:bw=18,experts=[0]","0.5446,0.9621,0.9440,1.0345,0.8635,0.9920,1.4717,1.5357,1.5924,0.9572,3.2067,1.2962,1.4990,1.1526,1.3202,0.8217,1.0318,2.0851,1.0533,1.2519,2.0403,0.7555,0.5369,0.9446,1.6149,1.0781,1.4847,1.2031,1.5343,1.3238,0.8063,0.8099,0.9736,0.9159,0.8336,0.9637,1.3682,1.4632,1.3309,1.9263,1.1835,0.9948,1.4773,1.2863,1.8227,0.9980,2.4483,1.4298,1.4429,1.7007"
68,2026-09-23 23:54:54,Ours,0.01,2.5936191068280348,37.52,37.52,68,58.0547,0:58.05,56.2337,0.6401,1.1758,3987.0706,1:06:27.07,50,"1,27,3,5,45,2,40,17,4,15,6,9,14,34,35,43,24,33,22,21,28,11,48,0,26,29,41,30,18,13,10,31,46,39,36,16,23,8,20,38,25,32,49,42,7,37,12,19,44,47",1:42;27:48;3:26;5:45;45:33;2:58;40:30;17:72;4:49;15:28;6:32;9:15;14:10;34:56;35:30;43:24;24:32;33:34;22:15;21:29;28:40;11:14;48:35;0:30;26:40;29:57;41:23;30:29;18:54;13:35;10:31;31:16;46:10;39:10;36:53;16:54;23:46;8:31;20:38;38:59;25:47;32:49;49:13;42:28;7:28;37:61;12:67;19:28;44:53;47:20,"1:[3,4,5,6];27:[4,5,6,7];3:[1,2];5:[1,2,3,4];45:[5,6,7];2:[2,3,4,5,6];40:[4,5,6];17:[0,1,2,3,4,5,6];4:[4,5,6,7];15:[1,2];6:[4,5,6];9:[7];14:[1];34:[2,3,4,5,6];35:[5,6,7];43:[2,3];24:[5,6,7];33:[0,1,7];22:[2];21:[6,7];28:[3,4,5,6];11:[1];48:[5,6,7];0:[0,1,7];26:[0,5,6,7];29:[0,1,5,6,7];41:[3,4];30:[3,4];18:[0,1,2,3,4];13:[0,1,7];10:[0,6,7];31:[3];46:[5];39:[4];36:[0,1,2,3,4];16:[1,2,3,4,5];23:[1,2,3,4];8:[0,1,2];20:[0,6,7];38:[2,3,4,5,6];25:[0,5,6,7];32:[2,3,4,5];49:[1];42:[2,3];7:[0,7];37:[0,1,2,3,4,7];12:[0,1,4,5,6,7];19:[2,3];44:[0,1,2,3,7];47:[6,7]","c1:bw=42,experts=[3,4,5,6]; c27:bw=48,experts=[4,5,6,7]; c3:bw=26,experts=[1,2]; c5:bw=45,experts=[1,2,3,4]; c45:bw=33,experts=[5,6,7]; c2:bw=58,experts=[2,3,4,5,6]; c40:bw=30,experts=[4,5,6]; c17:bw=72,experts=[0,1,2,3,4,5,6]; c4:bw=49,experts=[4,5,6,7]; c15:bw=28,experts=[1,2]; c6:bw=32,experts=[4,5,6]; c9:bw=15,experts=[7]; c14:bw=10,experts=[1]; c34:bw=56,experts=[2,3,4,5,6]; c35:bw=30,experts=[5,6,7]; c43:bw=24,experts=[2,3]; c24:bw=32,experts=[5,6,7]; c33:bw=34,experts=[0,1,7]; c22:bw=15,experts=[2]; c21:bw=29,experts=[6,7]; c28:bw=40,experts=[3,4,5,6]; c11:bw=14,experts=[1]; c48:bw=35,experts=[5,6,7]; c0:bw=30,experts=[0,1,7]; c26:bw=40,experts=[0,5,6,7]; c29:bw=57,experts=[0,1,5,6,7]; c41:bw=23,experts=[3,4]; c30:bw=29,experts=[3,4]; c18:bw=54,experts=[0,1,2,3,4]; c13:bw=35,experts=[0,1,7]; c10:bw=31,experts=[0,6,7]; c31:bw=16,experts=[3]; c46:bw=10,experts=[5]; c39:bw=10,experts=[4]; c36:bw=53,experts=[0,1,2,3,4]; c16:bw=54,experts=[1,2,3,4,5]; c23:bw=46,experts=[1,2,3,4]; c8:bw=31,experts=[0,1,2]; c20:bw=38,experts=[0,6,7]; c38:bw=59,experts=[2,3,4,5,6]; c25:bw=47,experts=[0,5,6,7]; c32:bw=49,experts=[2,3,4,5]; c49:bw=13,experts=[1]; c42:bw=28,experts=[2,3]; c7:bw=28,experts=[0,7]; c37:bw=61,experts=[0,1,2,3,4,7]; c12:bw=67,experts=[0,1,4,5,6,7]; c19:bw=28,experts=[2,3]; c44:bw=53,experts=[0,1,2,3,7]; c47:bw=20,experts=[6,7]","1.2570,1.3339,1.3350,1.8336,1.6583,0.6546,1.0710,0.8520,1.2484,0.8166,1.3022,1.1741,1.4675,0.9505,0.9879,0.8807,0.8188,1.1803,1.4928,2.0477,1.0830,0.9748,0.8032,0.5669,1.5233,1.3338,0.4775,1.1366,1.0523,0.8794,0.9725,1.1883,0.7997,1.0720,0.8281,1.7016,1.2495,0.7869,1.2729,0.6751,1.9841,1.2591,2.6391,0.9986,0.6400,0.8491,0.6611,0.9940,0.7586,0.7095"
69,2026-09-23 23:55:49,Ours,0.01,2.5583264701672848,36.95,37.52,68,55.2053,0:55.21,53.4068,0.636,1.1575,4042.3128,1:07:22.31,50,"39,20,33,15,44,34,23,0,22,7,21,16,24,37,4,25,5,2,6,43,26,40,13,31,12,10,38,41,9,8,28,30,45,14,11,42,48,27,18,36,49,35,32,29,3,1,47,17,19,46",39:51;20:28;33:27;15:20;44:47;34:32;23:33;0:52;22:44;7:58;21:58;16:60;24:53;37:43;4:41;25:31;5:39;2:66;6:26;43:10;26:42;40:67;13:67;31:15;12:10;10:16;38:40;41:28;9:35;8:42;28:58;30:10;45:70;14:37;11:45;42:53;48:61;27:46;18:10;36:30;49:48;35:26;32:53;29:34;3:41;1:31;47:44;17:48;19:43;46:10,"39:[0,1,5,6,7];20:[1,2];33:[2,3];15:[3,4];44:[4,5,6,7];34:[0,1,7];23:[5,6,7];0:[2,3,4,5,6];22:[3,4,5,6];7:[1,2,3,4,5];21:[0,1,2,3,4];16:[0,1,2,3,6,7];24:[0,1,2,3,4];37:[0,5,6,7];4:[0,1,2,3];25:[1,2,3];5:[5,6,7];2:[0,1,2,3,4,7];6:[0,7];43:[4];26:[1,2,3,4];40:[0,1,2,3,4,7];13:[2,3,4,5,6,7];31:[4];12:[2];10:[1];38:[0,1,2,7];41:[5,6];9:[0,1,2];8:[3,4,5,6];28:[0,1,2,3,7];30:[5];45:[0,1,2,3,4,5,6];14:[2,3,4];11:[2,3,4,5];42:[0,4,5,6,7];48:[0,1,2,3,4,5];27:[0,1,2,3];18:[5];36:[5,6,7];49:[2,3,4,5];35:[0,1];32:[0,1,2,6,7];29:[2,3,4];3:[3,4,5,6];1:[0,1,7];47:[0,1,2,3];17:[0,1,2,7];19:[4,5,6,7];46:[6]","c39:bw=51,experts=[0,1,5,6,7]; c20:bw=28,experts=[1,2]; c33:bw=27,experts=[2,3]; c15:bw=20,experts=[3,4]; c44:bw=47,experts=[4,5,6,7]; c34:bw=32,experts=[0,1,7]; c23:bw=33,experts=[5,6,7]; c0:bw=52,experts=[2,3,4,5,6]; c22:bw=44,experts=[3,4,5,6]; c7:bw=58,experts=[1,2,3,4,5]; c21:bw=58,experts=[0,1,2,3,4]; c16:bw=60,experts=[0,1,2,3,6,7]; c24:bw=53,experts=[0,1,2,3,4]; c37:bw=43,experts=[0,5,6,7]; c4:bw=41,experts=[0,1,2,3]; c25:bw=31,experts=[1,2,3]; c5:bw=39,experts=[5,6,7]; c2:bw=66,experts=[0,1,2,3,4,7]; c6:bw=26,experts=[0,7]; c43:bw=10,experts=[4]; c26:bw=42,experts=[1,2,3,4]; c40:bw=67,experts=[0,1,2,3,4,7]; c13:bw=67,experts=[2,3,4,5,6,7]; c31:bw=15,experts=[4]; c12:bw=10,experts=[2]; c10:bw=16,experts=[1]; c38:bw=40,experts=[0,1,2,7]; c41:bw=28,experts=[5,6]; c9:bw=35,experts=[0,1,2]; c8:bw=42,experts=[3,4,5,6]; c28:bw=58,experts=[0,1,2,3,7]; c30:bw=10,experts=[5]; c45:bw=70,experts=[0,1,2,3,4,5,6]; c14:bw=37,experts=[2,3,4]; c11:bw=45,experts=[2,3,4,5]; c42:bw=53,experts=[0,4,5,6,7]; c48:bw=61,experts=[0,1,2,3,4,5]; c27:bw=46,experts=[0,1,2,3]; c18:bw=10,experts=[5]; c36:bw=30,experts=[5,6,7]; c49:bw=48,experts=[2,3,4,5]; c35:bw=26,experts=[0,1]; c32:bw=53,experts=[0,1,2,6,7]; c29:bw=34,experts=[2,3,4]; c3:bw=41,experts=[3,4,5,6]; c1:bw=31,experts=[0,1,7]; c47:bw=44,experts=[0,1,2,3]; c17:bw=48,experts=[0,1,2,7]; c19:bw=43,experts=[4,5,6,7]; c46:bw=10,experts=[6]","1.1119,1.2736,1.1059,0.8219,0.7647,0.8916,1.2549,0.4627,1.4062,0.6503,1.5314,1.7453,0.7685,0.8494,1.2397,2.0264,1.6405,0.6653,1.2627,0.8597,1.2843,1.0838,0.8278,1.1846,0.6707,0.9626,0.6749,0.4538,1.0947,0.7954,0.8401,1.0870,1.6444,1.3754,0.8018,1.0171,0.6706,1.1761,1.0001,0.8154,2.6734,0.9163,1.2650,1.2668,1.1466,0.9765,0.7190,0.8433,1.0036,0.8027"
70,2026-09-23 23:56:52,Ours,0.01,2.601711788140035,37.3,37.52,68,63.003,1:03.00,60.9015,0.7189,1.3772,4105.3536,1:08:25.35,50,"12,41,26,5,47,9,40,13,49,33,28,19,43,16,38,18,4,1,6,0,3,21,15,10,7,42,46,48,11,39,32,2,31,29,8,34,35,17,45,27,37,23,22,24,30,20,36,25,14,44",12:40;41:24;26:27;5:23;47:54;9:10;40:64;13:33;49:55;33:43;28:63;19:37;43:41;16:67;38:20;18:63;4:58;1:24;6:26;0:30;3:32;21:35;15:75;10:58;7:28;42:19;46:27;48:53;11:53;39:10;32:29;2:55;31:41;29:29;8:48;34:60;35:36;17:41;45:39;27:24;37:62;23:30;22:10;24:10;30:41;20:36;36:37;25:10;14:10;44:22,"12:[3,4,5,6];41:[0,7];26:[5,6];5:[0,1];47:[0,4,5,6,7];9:[3];40:[0,1,2,5,6,7];13:[0,1,2];49:[0,1,2,6,7];33:[4,5,6,7];28:[0,1,4,5,6,7];19:[0,1,2];43:[0,5,6,7];16:[0,1,4,5,6,7];38:[3,4];18:[0,1,2,3,6,7];4:[0,4,5,6,7];1:[2,3];6:[1,2];0:[0,1,7];3:[0,1,7];21:[5,6,7];15:[0,1,2,3,5,6,7];10:[2,3,4,5,6];7:[6,7];42:[1];46:[0,7];48:[0,1,2,6,7];11:[0,1,2,6,7];39:[2];32:[3,4];2:[0,1,5,6,7];31:[0,5,6,7];29:[5,6];8:[0,1,2,7];34:[2,3,4,5,6,7];35:[2,3,4];17:[3,4,5,6];45:[0,1,7];27:[4,5];37:[1,2,3,4,5,6];23:[0,1,2];22:[7];24:[5];30:[0,1,6,7];20:[3,4,5];36:[0,1,2];25:[4];14:[5];44:[0,1]","c12:bw=40,experts=[3,4,5,6]; c41:bw=24,experts=[0,7]; c26:bw=27,experts=[5,6]; c5:bw=23,experts=[0,1]; c47:bw=54,experts=[0,4,5,6,7]; c9:bw=10,experts=[3]; c40:bw=64,experts=[0,1,2,5,6,7]; c13:bw=33,experts=[0,1,2]; c49:bw=55,experts=[0,1,2,6,7]; c33:bw=43,experts=[4,5,6,7]; c28:bw=63,experts=[0,1,4,5,6,7]; c19:bw=37,experts=[0,1,2]; c43:bw=41,experts=[0,5,6,7]; c16:bw=67,experts=[0,1,4,5,6,7]; c38:bw=20,experts=[3,4]; c18:bw=63,experts=[0,1,2,3,6,7]; c4:bw=58,experts=[0,4,5,6,7]; c1:bw=24,experts=[2,3]; c6:bw=26,experts=[1,2]; c0:bw=30,experts=[0,1,7]; c3:bw=32,experts=[0,1,7]; c21:bw=35,experts=[5,6,7]; c15:bw=75,experts=[0,1,2,3,5,6,7]; c10:bw=58,experts=[2,3,4,5,6]; c7:bw=28,experts=[6,7]; c42:bw=19,experts=[1]; c46:bw=27,experts=[0,7]; c48:bw=53,experts=[0,1,2,6,7]; c11:bw=53,experts=[0,1,2,6,7]; c39:bw=10,experts=[2]; c32:bw=29,experts=[3,4]; c2:bw=55,experts=[0,1,5,6,7]; c31:bw=41,experts=[0,5,6,7]; c29:bw=29,experts=[5,6]; c8:bw=48,experts=[0,1,2,7]; c34:bw=60,experts=[2,3,4,5,6,7]; c35:bw=36,experts=[2,3,4]; c17:bw=41,experts=[3,4,5,6]; c45:bw=39,experts=[0,1,7]; c27:bw=24,experts=[4,5]; c37:bw=62,experts=[1,2,3,4,5,6]; c23:bw=30,experts=[0,1,2]; c22:bw=10,experts=[7]; c24:bw=10,experts=[5]; c30:bw=41,experts=[0,1,6,7]; c20:bw=36,experts=[3,4,5]; c36:bw=37,experts=[0,1,2]; c25:bw=10,experts=[4]; c14:bw=10,experts=[5]; c44:bw=22,experts=[0,1]","0.6726,0.4619,1.2573,1.6434,0.7390,1.1084,1.0899,0.9183,2.9761,1.3502,1.0700,1.2449,0.9904,2.0591,0.8003,1.1977,1.4606,1.1668,1.5206,0.5749,1.3371,1.7578,0.9720,1.1611,0.7672,1.1850,0.9475,0.7821,0.9235,1.2935,1.4733,0.7422,1.3190,1.5091,0.9674,1.0649,1.0785,0.9617,1.9353,1.2265,0.8667,1.3330,1.4118,0.8273,1.3269,1.5683,0.9835,2.3806,1.6101,0.8861"
71,2026-09-23 23:57:57,Ours,0.01,2.4839831277049678,38.5,38.5,71,64.7956,1:04.80,62.7128,0.7461,1.3307,4170.1954,1:09:30.20,50,"43,35,16,15,27,31,20,39,8,1,38,28,6,42,22,41,19,34,36,24,14,5,17,18,9,32,21,13,47,25,40,12,49,2,23,29,44,3,48,0,45,11,33,7,4,37,10,26,30,46",43:48;35:49;16:19;15:28;27:43;31:64;20:31;39:28;8:39;1:52;38:35;28:18;6:50;42:44;22:29;41:56;19:54;34:65;36:15;24:58;14:10;5:33;17:61;18:45;9:40;32:41;21:30;13:25;47:46;25:38;40:10;12:43;49:40;2:61;23:33;29:53;44:19;3:62;48:44;0:16;45:48;11:44;33:60;7:20;4:42;37:60;10:69;26:45;30:41;46:54,"43:[1,2,3,4];35:[0,5,6,7];16:[2];15:[4,5];27:[0,1,6,7];31:[1,2,3,4,5,6];20:[0,6,7];39:[3,4];8:[3,4,5];1:[0,4,5,6,7];38:[5,6,7];28:[2];6:[3,4,5,6,7];42:[2,3,4,5];22:[0,1];41:[1,2,3,4,5];19:[3,4,5,6,7];34:[0,1,2,3,4,5];36:[3];24:[0,1,2,6,7];14:[6];5:[2,3,4];17:[0,1,2,3,4,7];18:[4,5,6,7];9:[4,5,6,7];32:[0,5,6,7];21:[0,1,2];13:[3,4];47:[1,2,3,4];25:[5,6,7];40:[3];12:[0,1,2,7];49:[3,4,5,6];2:[2,3,4,5,6,7];23:[3,4,5];29:[0,1,2,3,7];44:[2];3:[2,3,4,5,6,7];48:[3,4,5,6];0:[2];45:[2,3,4,5];11:[3,4,5,6];33:[0,1,2,3,4,5];7:[0,1];4:[1,2,3,4];37:[0,1,2,3,4,7];10:[0,1,2,3,4,7];26:[0,1,2,7];30:[2,3,4,5];46:[1,2,3,4,5]","c43:bw=48,experts=[1,2,3,4]; c35:bw=49,experts=[0,5,6,7]; c16:bw=19,experts=[2]; c15:bw=28,experts=[4,5]; c27:bw=43,experts=[0,1,6,7]; c31:bw=64,experts=[1,2,3,4,5,6]; c20:bw=31,experts=[0,6,7]; c39:bw=28,experts=[3,4]; c8:bw=39,experts=[3,4,5]; c1:bw=52,experts=[0,4,5,6,7]; c38:bw=35,experts=[5,6,7]; c28:bw=18,experts=[2]; c6:bw=50,experts=[3,4,5,6,7]; c42:bw=44,experts=[2,3,4,5]; c22:bw=29,experts=[0,1]; c41:bw=56,experts=[1,2,3,4,5]; c19:bw=54,experts=[3,4,5,6,7]; c34:bw=65,experts=[0,1,2,3,4,5]; c36:bw=15,experts=[3]; c24:bw=58,experts=[0,1,2,6,7]; c14:bw=10,experts=[6]; c5:bw=33,experts=[2,3,4]; c17:bw=61,experts=[0,1,2,3,4,7]; c18:bw=45,experts=[4,5,6,7]; c9:bw=40,experts=[4,5,6,7]; c32:bw=41,experts=[0,5,6,7]; c21:bw=30,experts=[0,1,2]; c13:bw=25,experts=[3,4]; c47:bw=46,experts=[1,2,3,4]; c25:bw=38,experts=[5,6,7]; c40:bw=10,experts=[3]; c12:bw=43,experts=[0,1,2,7]; c49:bw=40,experts=[3,4,5,6]; c2:bw=61,experts=[2,3,4,5,6,7]; c23:bw=33,experts=[3,4,5]; c29:bw=53,experts=[0,1,2,3,7]; c44:bw=19,experts=[2]; c3:bw=62,experts=[2,3,4,5,6,7]; c48:bw=44,experts=[3,4,5,6]; c0:bw=16,experts=[2]; c45:bw=48,experts=[2,3,4,5]; c11:bw=44,experts=[3,4,5,6]; c33:bw=60,experts=[0,1,2,3,4,5]; c7:bw=20,experts=[0,1]; c4:bw=42,experts=[1,2,3,4]; c37:bw=60,experts=[0,1,2,3,4,7]; c10:bw=69,experts=[0,1,2,3,4,7]; c26:bw=45,experts=[0,1,2,7]; c30:bw=41,experts=[2,3,4,5]; c46:bw=54,experts=[1,2,3,4,5]","1.0089,1.1610,1.9427,1.0190,1.4111,1.4347,1.5647,1.3115,0.9667,1.2010,0.8101,1.0001,1.4132,1.2320,1.6573,0.5646,1.2052,1.0701,0.9889,0.8785,1.6326,1.7531,0.8650,1.0779,1.1377,1.3173,1.8068,1.0189,0.8876,2.4233,1.2592,0.7825,3.1615,0.7675,1.5542,1.4643,0.8405,1.3591,0.8013,0.5391,1.9549,0.9505,1.3294,0.7664,1.4859,0.9941,1.1575,1.5015,1.3184,0.9632"
72,2026-09-23 23:59:01,Ours,0.01,2.5973582123022037,37.5,38.5,71,64.1674,1:04.17,62.0366,0.7322,1.3933,4234.4078,1:10:34.41,50,"11,24,38,15,28,26,43,13,39,35,48,17,9,19,8,5,7,25,49,29,30,32,1,14,41,37,23,27,0,18,45,6,10,34,20,47,42,2,22,46,33,12,40,36,4,3,21,31,44,16",11:10;24:18;38:55;15:41;28:23;26:44;43:13;13:54;39:10;35:46;48:18;17:18;9:38;19:32;8:30;5:43;7:48;25:29;49:14;29:59;30:50;32:30;1:39;14:43;41:23;37:53;23:41;27:46;0:52;18:29;45:35;6:19;10:28;34:10;20:41;47:41;42:38;2:23;22:75;46:43;33:11;12:28;40:36;36:35;4:39;3:23;21:62;31:55;44:10;16:46,"11:[7];24:[3];38:[0,1,2,3,4];15:[0,1,6,7];28:[3,4];26:[3,4,5,6];43:[5];13:[0,1,5,6,7];39:[5];35:[1,2,3,4];48:[7];17:[5];9:[0,1,2];19:[0,1,2];8:[0,6,7];5:[0,5,6,7];7:[2,3,4,5];25:[0,1];49:[7];29:[0,4,5,6,7];30:[0,1,2,6,7];32:[1,2,3];1:[1,2,3];14:[0,1,2,7];41:[6,7];37:[0,1,5,6,7];23:[0,1,6,7];27:[2,3,4,5];0:[3,4,5,6,7];18:[0,1];45:[0,6,7];6:[0];10:[5,6];34:[6];20:[1,2,3,4];47:[0,5,6,7];42:[0,6,7];2:[0,1];22:[0,2,3,4,5,6,7];46:[0,1,6,7];33:[6];12:[3,4];40:[4,5,6];36:[4,5,6];4:[5,6,7];3:[0,1];21:[0,3,4,5,6,7];31:[0,1,2,3,7];44:[3];16:[3,4,5,6]","c11:bw=10,experts=[7]; c24:bw=18,experts=[3]; c38:bw=55,experts=[0,1,2,3,4]; c15:bw=41,experts=[0,1,6,7]; c28:bw=23,experts=[3,4]; c26:bw=44,experts=[3,4,5,6]; c43:bw=13,experts=[5]; c13:bw=54,experts=[0,1,5,6,7]; c39:bw=10,experts=[5]; c35:bw=46,experts=[1,2,3,4]; c48:bw=18,experts=[7]; c17:bw=18,experts=[5]; c9:bw=38,experts=[0,1,2]; c19:bw=32,experts=[0,1,2]; c8:bw=30,experts=[0,6,7]; c5:bw=43,experts=[0,5,6,7]; c7:bw=48,experts=[2,3,4,5]; c25:bw=29,experts=[0,1]; c49:bw=14,experts=[7]; c29:bw=59,experts=[0,4,5,6,7]; c30:bw=50,experts=[0,1,2,6,7]; c32:bw=30,experts=[1,2,3]; c1:bw=39,experts=[1,2,3]; c14:bw=43,experts=[0,1,2,7]; c41:bw=23,experts=[6,7]; c37:bw=53,experts=[0,1,5,6,7]; c23:bw=41,experts=[0,1,6,7]; c27:bw=46,experts=[2,3,4,5]; c0:bw=52,experts=[3,4,5,6,7]; c18:bw=29,experts=[0,1]; c45:bw=35,experts=[0,6,7]; c6:bw=19,experts=[0]; c10:bw=28,experts=[5,6]; c34:bw=10,experts=[6]; c20:bw=41,experts=[1,2,3,4]; c47:bw=41,experts=[0,5,6,7]; c42:bw=38,experts=[0,6,7]; c2:bw=23,experts=[0,1]; c22:bw=75,experts=[0,2,3,4,5,6,7]; c46:bw=43,experts=[0,1,6,7]; c33:bw=11,experts=[6]; c12:bw=28,experts=[3,4]; c40:bw=36,experts=[4,5,6]; c36:bw=35,experts=[4,5,6]; c4:bw=39,experts=[5,6,7]; c3:bw=23,experts=[0,1]; c21:bw=62,experts=[0,3,4,5,6,7]; c31:bw=55,experts=[0,1,2,3,7]; c44:bw=10,experts=[3]; c16:bw=46,experts=[3,4,5,6]","0.8939,0.8808,0.7792,0.9261,0.9761,1.4427,0.8401,0.8817,1.1358,0.9404,0.7188,1.0131,1.3777,1.2557,0.9403,1.9272,0.7760,2.4021,3.2051,1.5960,1.3500,1.4407,1.2016,1.6601,0.5479,1.0183,1.5464,1.4296,0.5318,1.1901,1.9450,1.4984,1.1910,1.0317,1.5161,0.8519,1.1835,0.8369,1.5665,0.9562,1.1020,0.6673,1.1225,0.8897,1.2381,1.3253,1.9063,1.4621,0.9023,2.0186"
73,2026-09-24 00:00:06,Ours,0.01,2.5283847580566947,37.66,38.5,71,65.0046,1:05.00,62.8498,0.7368,1.4122,4299.4597,1:11:39.46,50,"21,9,15,49,24,40,42,7,8,12,6,41,2,37,1,46,13,35,17,34,28,14,29,23,0,43,32,3,48,22,30,36,31,25,18,39,5,45,19,16,4,27,38,47,20,11,44,10,33,26",21:29;9:52;15:47;49:10;24:66;40:67;42:47;7:37;8:11;12:37;6:20;41:64;2:47;37:56;1:66;46:53;13:50;35:16;17:17;34:11;28:33;14:16;29:13;23:33;0:28;43:40;32:10;3:40;48:69;22:24;30:54;36:42;31:35;25:24;18:34;39:20;5:17;45:45;19:10;16:61;4:41;27:48;38:10;47:11;20:62;11:46;44:16;10:42;33:22;26:10,"21:[1,2];9:[3,4,5,6,7];15:[2,3,4,5];49:[0];24:[0,1,4,5,6,7];40:[0,1,2,3,4,7];42:[1,2,3,4];7:[0,6,7];8:[1];12:[5,6,7];6:[1,2];41:[0,1,2,3,4,5];2:[2,3,4,5];37:[2,3,4,5,6];1:[0,1,4,5,6,7];46:[2,3,4,5,6];13:[2,3,4,5,6];35:[5];17:[6];34:[7];28:[5,6,7];14:[3];29:[1];23:[2,3,4];0:[0,1];43:[0,1,6,7];32:[4];3:[2,3,4,5];48:[0,1,2,3,4,5];22:[1,2];30:[3,4,5,6,7];36:[0,1,2,7];31:[4,5,6];25:[2,3];18:[2,3,4];39:[6,7];5:[1];45:[1,2,3,4];19:[3];16:[0,1,2,3,4,7];4:[0,1,2,3];27:[0,1,6,7];38:[5];47:[1];20:[0,1,2,5,6,7];11:[0,1,2,3];44:[4];10:[0,1,2,7];33:[0,7];26:[7]","c21:bw=29,experts=[1,2]; c9:bw=52,experts=[3,4,5,6,7]; c15:bw=47,experts=[2,3,4,5]; c49:bw=10,experts=[0]; c24:bw=66,experts=[0,1,4,5,6,7]; c40:bw=67,experts=[0,1,2,3,4,7]; c42:bw=47,experts=[1,2,3,4]; c7:bw=37,experts=[0,6,7]; c8:bw=11,experts=[1]; c12:bw=37,experts=[5,6,7]; c6:bw=20,experts=[1,2]; c41:bw=64,experts=[0,1,2,3,4,5]; c2:bw=47,experts=[2,3,4,5]; c37:bw=56,experts=[2,3,4,5,6]; c1:bw=66,experts=[0,1,4,5,6,7]; c46:bw=53,experts=[2,3,4,5,6]; c13:bw=50,experts=[2,3,4,5,6]; c35:bw=16,experts=[5]; c17:bw=17,experts=[6]; c34:bw=11,experts=[7]; c28:bw=33,experts=[5,6,7]; c14:bw=16,experts=[3]; c29:bw=13,experts=[1]; c23:bw=33,experts=[2,3,4]; c0:bw=28,experts=[0,1]; c43:bw=40,experts=[0,1,6,7]; c32:bw=10,experts=[4]; c3:bw=40,experts=[2,3,4,5]; c48:bw=69,experts=[0,1,2,3,4,5]; c22:bw=24,experts=[1,2]; c30:bw=54,experts=[3,4,5,6,7]; c36:bw=42,experts=[0,1,2,7]; c31:bw=35,experts=[4,5,6]; c25:bw=24,experts=[2,3]; c18:bw=34,experts=[2,3,4]; c39:bw=20,experts=[6,7]; c5:bw=17,experts=[1]; c45:bw=45,experts=[1,2,3,4]; c19:bw=10,experts=[3]; c16:bw=61,experts=[0,1,2,3,4,7]; c4:bw=41,experts=[0,1,2,3]; c27:bw=48,experts=[0,1,6,7]; c38:bw=10,experts=[5]; c47:bw=11,experts=[1]; c20:bw=62,experts=[0,1,2,5,6,7]; c11:bw=46,experts=[0,1,2,3]; c44:bw=16,experts=[4]; c10:bw=42,experts=[0,1,2,7]; c33:bw=22,experts=[0,7]; c26:bw=10,experts=[7]","1.8251,1.3225,1.0234,3.1822,0.9266,1.2911,1.2178,0.7942,0.9448,0.8085,1.4825,0.5507,0.7908,0.9845,1.1887,0.9827,0.9672,1.0802,0.9619,1.0217,0.9779,1.5845,1.4665,1.4421,0.5009,0.9202,1.4654,1.1873,0.6853,1.4700,1.1193,0.8918,1.4644,2.4902,1.3393,1.3202,1.9391,1.9579,1.1851,2.0738,1.4340,1.3813,0.8192,0.8699,1.5810,0.9691,0.9082,1.1799,1.3503,1.5286"
74,2026-09-24 00:01:10,Ours,0.01,2.552429034269091,37.86,38.5,71,64.0475,1:04.05,61.9317,0.7184,1.3919,4363.5565,1:12:43.56,50,"13,40,34,22,5,32,25,10,35,19,43,33,44,42,3,0,26,27,6,46,16,48,17,47,38,14,24,29,36,23,8,1,11,41,20,9,45,39,28,21,49,15,30,12,4,2,37,18,7,31",13:42;40:40;34:34;22:45;5:50;32:18;25:59;10:25;35:42;19:20;43:56;33:53;44:24;42:31;3:10;0:40;26:32;27:20;6:10;46:67;16:48;48:30;17:62;47:31;38:41;14:32;24:16;29:14;36:26;23:46;8:28;1:28;11:37;41:13;20:42;9:32;45:55;39:28;28:16;21:66;49:10;15:50;30:20;12:10;4:47;2:10;37:37;18:60;7:65;31:47,"13:[0,1,2,7];40:[0,5,6,7];34:[0,1,2];22:[3,4,5,6];5:[2,3,4,5,6];32:[5];25:[0,4,5,6,7];10:[3,4];35:[0,1,6,7];19:[4,5];43:[2,3,4,5,6];33:[1,2,3,4,5];44:[5,6];42:[5,6,7];3:[6];0:[2,3,4,5];26:[0,1,2];27:[2,3];6:[3];46:[0,1,2,3,4,7];16:[0,5,6,7];48:[0,6,7];17:[0,1,2,3,4,7];47:[2,3,4];38:[0,1,6,7];14:[4,5,6];24:[2];29:[2];36:[3,4];23:[0,5,6,7];8:[2,3];1:[2,3];11:[4,5,6];41:[6];20:[3,4,5,6];9:[0,1,2];45:[0,1,5,6,7];39:[0,1];28:[0];21:[0,3,4,5,6,7];49:[1];15:[0,1,2,6,7];30:[0,1];12:[0];4:[4,5,6,7];2:[6];37:[0,1,7];18:[0,1,2,5,6,7];7:[1,2,3,4,5,6];31:[0,1,2,7]","c13:bw=42,experts=[0,1,2,7]; c40:bw=40,experts=[0,5,6,7]; c34:bw=34,experts=[0,1,2]; c22:bw=45,experts=[3,4,5,6]; c5:bw=50,experts=[2,3,4,5,6]; c32:bw=18,experts=[5]; c25:bw=59,experts=[0,4,5,6,7]; c10:bw=25,experts=[3,4]; c35:bw=42,experts=[0,1,6,7]; c19:bw=20,experts=[4,5]; c43:bw=56,experts=[2,3,4,5,6]; c33:bw=53,experts=[1,2,3,4,5]; c44:bw=24,experts=[5,6]; c42:bw=31,experts=[5,6,7]; c3:bw=10,experts=[6]; c0:bw=40,experts=[2,3,4,5]; c26:bw=32,experts=[0,1,2]; c27:bw=20,experts=[2,3]; c6:bw=10,experts=[3]; c46:bw=67,experts=[0,1,2,3,4,7]; c16:bw=48,experts=[0,5,6,7]; c48:bw=30,experts=[0,6,7]; c17:bw=62,experts=[0,1,2,3,4,7]; c47:bw=31,experts=[2,3,4]; c38:bw=41,experts=[0,1,6,7]; c14:bw=32,experts=[4,5,6]; c24:bw=16,experts=[2]; c29:bw=14,experts=[2]; c36:bw=26,experts=[3,4]; c23:bw=46,experts=[0,5,6,7]; c8:bw=28,experts=[2,3]; c1:bw=28,experts=[2,3]; c11:bw=37,experts=[4,5,6]; c41:bw=13,experts=[6]; c20:bw=42,experts=[3,4,5,6]; c9:bw=32,experts=[0,1,2]; c45:bw=55,experts=[0,1,5,6,7]; c39:bw=28,experts=[0,1]; c28:bw=16,experts=[0]; c21:bw=66,experts=[0,3,4,5,6,7]; c49:bw=10,experts=[1]; c15:bw=50,experts=[0,1,2,6,7]; c30:bw=20,experts=[0,1]; c12:bw=10,experts=[0]; c4:bw=47,experts=[4,5,6,7]; c2:bw=10,experts=[6]; c37:bw=37,experts=[0,1,7]; c18:bw=60,experts=[0,1,2,5,6,7]; c7:bw=65,experts=[1,2,3,4,5,6]; c31:bw=47,experts=[0,1,2,7]","0.9990,1.2701,1.0582,1.6735,1.9624,1.5273,2.3472,1.0261,0.9658,1.0804,0.9114,1.1341,0.8885,1.2507,1.4314,0.5504,1.4996,1.4175,1.5038,0.9716,2.0406,0.8118,1.0468,0.8823,0.8368,1.6002,0.9083,1.5008,0.9829,1.4971,0.9532,1.1623,0.9775,0.5471,1.5174,1.2325,2.0029,1.2885,1.0194,1.7608,3.0115,0.9325,1.2437,0.8005,1.2718,0.6789,0.8899,1.0556,0.6646,1.3442"
75,2026-09-24 00:02:15,Ours,0.01,2.525069158787983,40.28,40.28,75,64.8308,1:04.83,62.6774,0.7357,1.4117,4428.4397,1:13:48.44,50,"17,43,46,11,23,0,47,4,49,21,32,35,25,27,36,6,19,14,38,20,24,41,42,9,28,48,16,40,1,15,5,26,18,31,12,44,2,7,34,10,37,30,29,3,13,45,33,8,22,39",17:43;43:66;46:33;11:42;23:35;0:60;47:19;4:56;49:31;21:50;32:20;35:26;25:17;27:36;36:61;6:56;19:19;14:60;38:48;20:44;24:73;41:35;42:28;9:61;28:55;48:22;16:46;40:35;1:54;15:20;5:31;26:10;18:68;31:54;12:40;44:52;2:40;7:28;34:57;10:23;37:21;30:10;29:29;3:20;13:46;45:26;33:44;8:53;22:10;39:61,"17:[0,5,6,7];43:[0,1,2,3,4,7];46:[5,6,7];11:[0,1,2,7];23:[1,2,3];0:[0,1,2,3,6,7];47:[5];4:[0,1,2,3,4];49:[2,3,4];21:[1,2,3,4,5];32:[6,7];35:[2,3];25:[1];27:[4,5,6];36:[0,1,2,5,6,7];6:[0,4,5,6,7];19:[6];14:[0,1,2,3,4,7];38:[2,3,4,5];20:[0,1,2,7];24:[0,1,3,4,5,6,7];41:[0,1,7];42:[0,1];9:[0,3,4,5,6,7];28:[1,2,3,4,5];48:[1,2];16:[1,2,3,4];40:[1,2,3];1:[0,4,5,6,7];15:[3,4];5:[0,1,7];26:[3];18:[0,3,4,5,6,7];31:[3,4,5,6,7];12:[1,2,3,4];44:[0,1,2,3,7];2:[0,1,2,7];7:[0,7];34:[3,4,5,6,7];10:[5,6];37:[2,3];30:[2];29:[3,4];3:[0,7];13:[3,4,5,6];45:[2,3];33:[0,1,6,7];8:[0,4,5,6,7];22:[7];39:[2,3,4,5,6,7]","c17:bw=43,experts=[0,5,6,7]; c43:bw=66,experts=[0,1,2,3,4,7]; c46:bw=33,experts=[5,6,7]; c11:bw=42,experts=[0,1,2,7]; c23:bw=35,experts=[1,2,3]; c0:bw=60,experts=[0,1,2,3,6,7]; c47:bw=19,experts=[5]; c4:bw=56,experts=[0,1,2,3,4]; c49:bw=31,experts=[2,3,4]; c21:bw=50,experts=[1,2,3,4,5]; c32:bw=20,experts=[6,7]; c35:bw=26,experts=[2,3]; c25:bw=17,experts=[1]; c27:bw=36,experts=[4,5,6]; c36:bw=61,experts=[0,1,2,5,6,7]; c6:bw=56,experts=[0,4,5,6,7]; c19:bw=19,experts=[6]; c14:bw=60,experts=[0,1,2,3,4,7]; c38:bw=48,experts=[2,3,4,5]; c20:bw=44,experts=[0,1,2,7]; c24:bw=73,experts=[0,1,3,4,5,6,7]; c41:bw=35,experts=[0,1,7]; c42:bw=28,experts=[0,1]; c9:bw=61,experts=[0,3,4,5,6,7]; c28:bw=55,experts=[1,2,3,4,5]; c48:bw=22,experts=[1,2]; c16:bw=46,experts=[1,2,3,4]; c40:bw=35,experts=[1,2,3]; c1:bw=54,experts=[0,4,5,6,7]; c15:bw=20,experts=[3,4]; c5:bw=31,experts=[0,1,7]; c26:bw=10,experts=[3]; c18:bw=68,experts=[0,3,4,5,6,7]; c31:bw=54,experts=[3,4,5,6,7]; c12:bw=40,experts=[1,2,3,4]; c44:bw=52,experts=[0,1,2,3,7]; c2:bw=40,experts=[0,1,2,7]; c7:bw=28,experts=[0,7]; c34:bw=57,experts=[3,4,5,6,7]; c10:bw=23,experts=[5,6]; c37:bw=21,experts=[2,3]; c30:bw=10,experts=[2]; c29:bw=29,experts=[3,4]; c3:bw=20,experts=[0,7]; c13:bw=46,experts=[3,4,5,6]; c45:bw=26,experts=[2,3]; c33:bw=44,experts=[0,1,6,7]; c8:bw=53,experts=[0,4,5,6,7]; c22:bw=10,experts=[7]; c39:bw=61,experts=[2,3,4,5,6,7]","1.0233,1.0165,0.9689,0.9478,1.4919,0.5397,0.8360,1.4685,3.2355,1.7458,1.5246,1.1127,2.4074,1.3918,0.9897,1.4964,1.1454,1.5872,0.8166,1.5591,0.9233,0.5496,1.2064,1.3319,0.9948,0.7574,1.9218,1.0652,1.0394,0.8533,1.6658,1.4752,1.2523,1.4721,0.7905,0.9097,0.7900,0.7659,1.0552,1.1423,0.9868,1.2892,1.5219,1.4035,0.9646,1.9806,1.3319,0.9551,1.6589,1.3182"
76,2026-09-24 00:03:19,Ours,0.01,2.494481631602131,38.72,40.28,75,64.1697,1:04.17,62.0982,0.7523,1.3136,4492.6604,1:14:52.66,50,"4,25,15,2,38,6,5,28,42,45,43,0,29,8,10,32,46,26,1,34,11,17,36,41,49,3,44,14,23,48,37,33,27,13,40,19,7,35,39,9,31,22,16,30,21,24,47,18,20,12",4:60;25:10;15:42;2:25;38:27;6:23;5:37;28:30;42:66;45:41;43:46;0:31;29:36;8:29;10:46;32:44;46:25;26:37;1:53;34:12;11:42;17:33;36:21;41:45;49:51;3:15;44:54;14:22;23:29;48:10;37:58;33:38;27:39;13:39;40:17;19:44;7:66;35:15;39:38;9:57;31:46;22:26;16:39;30:52;21:42;24:61;47:10;18:39;20:54;12:21,"4:[0,1,2,5,6,7];25:[2];15:[0,5,6,7];2:[3,4];38:[6,7];6:[1,2];5:[2,3,4];28:[0,6,7];42:[2,3,4,5,6,7];45:[4,5,6,7];43:[0,5,6,7];0:[4,5,6];29:[5,6,7];8:[1,2];10:[0,1,2,7];32:[0,1,2,3];46:[0,1];26:[4,5,6];1:[1,2,3,4,5];34:[0];11:[3,4,5,6];17:[1,2,3];36:[3,4];41:[2,3,4,5];49:[0,1,5,6,7];3:[1];44:[0,4,5,6,7];14:[5,6];23:[4,5];48:[3];37:[0,4,5,6,7];33:[2,3,4];27:[0,1,7];13:[0,1,7];40:[4];19:[0,1,2,7];7:[1,2,3,4,5,6];35:[4];39:[0,1,2];9:[1,2,3,4,5];31:[0,1,2,3];22:[0,1];16:[5,6,7];30:[3,4,5,6,7];21:[0,1,6,7];24:[2,3,4,5,6,7];47:[6];18:[1,2,3];20:[3,4,5,6,7];12:[5,6]","c4:bw=60,experts=[0,1,2,5,6,7]; c25:bw=10,experts=[2]; c15:bw=42,experts=[0,5,6,7]; c2:bw=25,experts=[3,4]; c38:bw=27,experts=[6,7]; c6:bw=23,experts=[1,2]; c5:bw=37,experts=[2,3,4]; c28:bw=30,experts=[0,6,7]; c42:bw=66,experts=[2,3,4,5,6,7]; c45:bw=41,experts=[4,5,6,7]; c43:bw=46,experts=[0,5,6,7]; c0:bw=31,experts=[4,5,6]; c29:bw=36,experts=[5,6,7]; c8:bw=29,experts=[1,2]; c10:bw=46,experts=[0,1,2,7]; c32:bw=44,experts=[0,1,2,3]; c46:bw=25,experts=[0,1]; c26:bw=37,experts=[4,5,6]; c1:bw=53,experts=[1,2,3,4,5]; c34:bw=12,experts=[0]; c11:bw=42,experts=[3,4,5,6]; c17:bw=33,experts=[1,2,3]; c36:bw=21,experts=[3,4]; c41:bw=45,experts=[2,3,4,5]; c49:bw=51,experts=[0,1,5,6,7]; c3:bw=15,experts=[1]; c44:bw=54,experts=[0,4,5,6,7]; c14:bw=22,experts=[5,6]; c23:bw=29,experts=[4,5]; c48:bw=10,experts=[3]; c37:bw=58,experts=[0,4,5,6,7]; c33:bw=38,experts=[2,3,4]; c27:bw=39,experts=[0,1,7]; c13:bw=39,experts=[0,1,7]; c40:bw=17,experts=[4]; c19:bw=44,experts=[0,1,2,7]; c7:bw=66,experts=[1,2,3,4,5,6]; c35:bw=15,experts=[4]; c39:bw=38,experts=[0,1,2]; c9:bw=57,experts=[1,2,3,4,5]; c31:bw=46,experts=[0,1,2,3]; c22:bw=26,experts=[0,1]; c16:bw=39,experts=[5,6,7]; c30:bw=52,experts=[3,4,5,6,7]; c21:bw=42,experts=[0,1,6,7]; c24:bw=61,experts=[2,3,4,5,6,7]; c47:bw=10,experts=[6]; c18:bw=39,experts=[1,2,3]; c20:bw=54,experts=[3,4,5,6,7]; c12:bw=21,experts=[5,6]","1.4844,2.3656,0.9817,0.7982,0.7983,1.4599,1.7997,1.0189,1.1703,1.7176,0.8752,0.4930,1.3174,0.9401,1.3029,1.6024,0.9469,1.5255,1.1987,1.0618,0.9617,1.0209,0.9947,0.5414,3.2509,1.3026,0.8989,1.6504,1.4869,0.7934,1.0342,1.3026,1.4525,0.9530,1.2003,1.2016,0.7692,1.1018,1.2983,1.3015,1.4345,1.5739,1.8954,1.1138,1.6241,0.8202,0.7262,1.1154,1.5640,0.8555"
77,2026-09-24 00:04:24,Ours,0.01,2.496462779964752,39.48,40.28,75,64.7352,1:04.74,62.4876,0.8717,1.3698,4557.4426,1:15:57.44,50,"30,21,1,39,29,6,2,20,36,13,49,37,24,19,44,7,45,25,38,46,34,9,42,22,31,47,32,11,23,15,48,16,41,12,14,17,35,3,33,26,8,18,0,10,27,28,43,4,5,40",30:36;21:57;1:62;39:19;29:41;6:57;2:34;20:45;36:42;13:37;49:41;37:54;24:12;19:37;44:26;7:10;45:40;25:15;38:24;46:64;34:42;9:29;42:16;22:34;31:20;47:30;32:22;11:28;23:54;15:43;48:47;16:34;41:43;12:46;14:64;17:37;35:34;3:40;33:56;26:10;8:10;18:31;0:63;10:39;27:24;28:37;43:55;4:10;5:59;40:24,"30:[0,1,2];21:[2,3,4,5,6];1:[0,1,2,3,6,7];39:[3];29:[0,1,2,3];6:[3,4,5,6,7];2:[5,6,7];20:[0,1,2,3];36:[0,5,6,7];13:[2,3,4];49:[2,3,4,5];37:[1,2,3,4,5];24:[0];19:[3,4,5];44:[1,2];7:[7];45:[0,1,2,3];25:[3];38:[0,1];46:[2,3,4,5,6,7];34:[1,2,3,4];9:[6,7];42:[0];22:[2,3,4];31:[4,5];47:[0,1,7];32:[4,5];11:[0,7];23:[0,1,2,6,7];15:[1,2,3,4];48:[4,5,6,7];16:[0,1,2];41:[0,1,6,7];12:[0,1,2,7];14:[0,1,2,3,4,7];17:[4,5,6];35:[5,6,7];3:[2,3,4,5];33:[0,1,5,6,7];26:[7];8:[3];18:[4,5,6];0:[0,1,2,3,4,7];10:[3,4,5];27:[2,3];28:[1,2,3];43:[1,2,3,4,5];4:[3];5:[0,1,5,6,7];40:[5,6]","c30:bw=36,experts=[0,1,2]; c21:bw=57,experts=[2,3,4,5,6]; c1:bw=62,experts=[0,1,2,3,6,7]; c39:bw=19,experts=[3]; c29:bw=41,experts=[0,1,2,3]; c6:bw=57,experts=[3,4,5,6,7]; c2:bw=34,experts=[5,6,7]; c20:bw=45,experts=[0,1,2,3]; c36:bw=42,experts=[0,5,6,7]; c13:bw=37,experts=[2,3,4]; c49:bw=41,experts=[2,3,4,5]; c37:bw=54,experts=[1,2,3,4,5]; c24:bw=12,experts=[0]; c19:bw=37,experts=[3,4,5]; c44:bw=26,experts=[1,2]; c7:bw=10,experts=[7]; c45:bw=40,experts=[0,1,2,3]; c25:bw=15,experts=[3]; c38:bw=24,experts=[0,1]; c46:bw=64,experts=[2,3,4,5,6,7]; c34:bw=42,experts=[1,2,3,4]; c9:bw=29,experts=[6,7]; c42:bw=16,experts=[0]; c22:bw=34,experts=[2,3,4]; c31:bw=20,experts=[4,5]; c47:bw=30,experts=[0,1,7]; c32:bw=22,experts=[4,5]; c11:bw=28,experts=[0,7]; c23:bw=54,experts=[0,1,2,6,7]; c15:bw=43,experts=[1,2,3,4]; c48:bw=47,experts=[4,5,6,7]; c16:bw=34,experts=[0,1,2]; c41:bw=43,experts=[0,1,6,7]; c12:bw=46,experts=[0,1,2,7]; c14:bw=64,experts=[0,1,2,3,4,7]; c17:bw=37,experts=[4,5,6]; c35:bw=34,experts=[5,6,7]; c3:bw=40,experts=[2,3,4,5]; c33:bw=56,experts=[0,1,5,6,7]; c26:bw=10,experts=[7]; c8:bw=10,experts=[3]; c18:bw=31,experts=[4,5,6]; c0:bw=63,experts=[0,1,2,3,4,7]; c10:bw=39,experts=[3,4,5]; c27:bw=24,experts=[2,3]; c28:bw=37,experts=[1,2,3]; c43:bw=55,experts=[1,2,3,4,5]; c4:bw=10,experts=[3]; c5:bw=59,experts=[0,1,5,6,7]; c40:bw=24,experts=[5,6]","1.2959,1.7925,1.1772,1.3034,1.5293,1.6402,0.7901,1.4985,0.9878,0.9738,3.2209,1.0249,0.9190,1.2143,0.9103,0.7681,1.8703,2.4051,0.8163,0.9627,1.0246,1.2483,1.1560,1.5913,1.3132,0.8574,1.3444,0.7936,1.3277,0.8739,0.6723,1.9547,0.5691,0.8548,1.6895,1.0057,1.0934,1.3595,1.3004,1.4593,0.9131,1.1977,0.5822,1.1291,1.4096,0.9681,0.9857,1.4686,1.9792,1.2642"
78,2026-09-24 00:05:28,Ours,0.01,2.4636706175554544,40.67,40.67,78,64.3938,1:04.39,62.5309,0.6732,1.1845,4621.8859,1:17:01.89,50,"14,16,42,9,28,32,24,18,20,37,4,29,11,2,19,26,39,7,41,33,25,22,35,3,0,46,23,21,10,5,31,8,15,1,30,48,49,43,12,6,45,44,13,17,34,40,27,38,47,36",14:52;16:44;42:35;9:31;28:24;32:45;24:45;18:35;20:37;37:32;4:23;29:69;11:37;2:34;19:12;26:40;39:10;7:36;41:58;33:50;25:11;22:63;35:44;3:38;0:26;46:46;23:57;21:54;10:59;5:63;31:41;8:54;15:38;1:41;30:36;48:44;49:50;43:51;12:31;6:57;45:27;44:46;13:59;17:31;34:23;40:59;27:13;38:75;47:17;36:45,"14:[0,1,5,6,7];16:[3,4,5,6];42:[1,2,3];9:[0,1,2];28:[4,5];32:[0,1,6,7];24:[1,2,3,4];18:[0,1,7];20:[4,5,6];37:[0,6,7];4:[4,5];29:[0,1,4,5,6,7];11:[1,2,3];2:[0,1,2];19:[6];26:[0,1,2,3];39:[4];7:[0,1,2];41:[2,3,4,5,6];33:[2,3,4,5,6];25:[4];22:[0,1,2,5,6,7];35:[0,1,2,3];3:[0,6,7];0:[5,6];46:[0,1,2,3];23:[3,4,5,6,7];21:[0,1,2,3,7];10:[0,1,2,6,7];5:[2,3,4,5,6,7];31:[0,1,6,7];8:[0,4,5,6,7];15:[5,6,7];1:[4,5,6,7];30:[3,4,5];48:[0,1,2,3];49:[0,1,2,6,7];43:[0,1,2,6,7];12:[3,4,5];6:[0,1,2,3,4];45:[4,5];44:[3,4,5,6];13:[0,1,5,6,7];17:[0,1,7];34:[5,6];40:[0,1,2,3,7];27:[4];38:[0,2,3,4,5,6,7];47:[2];36:[1,2,3,4]","c14:bw=52,experts=[0,1,5,6,7]; c16:bw=44,experts=[3,4,5,6]; c42:bw=35,experts=[1,2,3]; c9:bw=31,experts=[0,1,2]; c28:bw=24,experts=[4,5]; c32:bw=45,experts=[0,1,6,7]; c24:bw=45,experts=[1,2,3,4]; c18:bw=35,experts=[0,1,7]; c20:bw=37,experts=[4,5,6]; c37:bw=32,experts=[0,6,7]; c4:bw=23,experts=[4,5]; c29:bw=69,experts=[0,1,4,5,6,7]; c11:bw=37,experts=[1,2,3]; c2:bw=34,experts=[0,1,2]; c19:bw=12,experts=[6]; c26:bw=40,experts=[0,1,2,3]; c39:bw=10,experts=[4]; c7:bw=36,experts=[0,1,2]; c41:bw=58,experts=[2,3,4,5,6]; c33:bw=50,experts=[2,3,4,5,6]; c25:bw=11,experts=[4]; c22:bw=63,experts=[0,1,2,5,6,7]; c35:bw=44,experts=[0,1,2,3]; c3:bw=38,experts=[0,6,7]; c0:bw=26,experts=[5,6]; c46:bw=46,experts=[0,1,2,3]; c23:bw=57,experts=[3,4,5,6,7]; c21:bw=54,experts=[0,1,2,3,7]; c10:bw=59,experts=[0,1,2,6,7]; c5:bw=63,experts=[2,3,4,5,6,7]; c31:bw=41,experts=[0,1,6,7]; c8:bw=54,experts=[0,4,5,6,7]; c15:bw=38,experts=[5,6,7]; c1:bw=41,experts=[4,5,6,7]; c30:bw=36,experts=[3,4,5]; c48:bw=44,experts=[0,1,2,3]; c49:bw=50,experts=[0,1,2,6,7]; c43:bw=51,experts=[0,1,2,6,7]; c12:bw=31,experts=[3,4,5]; c6:bw=57,experts=[0,1,2,3,4]; c45:bw=27,experts=[4,5]; c44:bw=46,experts=[3,4,5,6]; c13:bw=59,experts=[0,1,5,6,7]; c17:bw=31,experts=[0,1,7]; c34:bw=23,experts=[5,6]; c40:bw=59,experts=[0,1,2,3,7]; c27:bw=13,experts=[4]; c38:bw=75,experts=[0,2,3,4,5,6,7]; c47:bw=17,experts=[2]; c36:bw=45,experts=[1,2,3,4]","1.6878,2.0548,1.2315,1.3387,1.0383,1.5676,0.9283,1.2046,1.5106,1.0064,1.4246,1.5479,0.8375,0.6786,1.0627,1.3340,1.1101,0.6837,0.5309,1.3669,2.4305,1.7281,1.0561,1.3537,0.5330,0.9645,1.4769,1.8362,1.1257,1.9045,1.4273,0.9550,0.9757,1.1640,1.3093,0.8060,3.2190,0.9700,0.7273,1.4595,1.9613,0.9255,0.9999,0.9675,1.0100,1.2059,1.2927,0.7604,0.8128,1.0271"
79,2026-09-24 00:06:33,Ours,0.01,2.429250929566781,40.66,40.67,78,64.9131,1:04.91,62.8148,0.704,1.3886,4686.8411,1:18:06.84,50,"17,32,25,27,6,46,44,40,8,18,4,22,33,20,42,28,7,29,31,15,26,0,30,3,10,41,19,39,11,38,5,14,2,24,34,45,13,35,16,21,1,23,37,36,49,47,43,9,48,12",17:58;32:56;25:29;27:52;6:21;46:25;44:62;40:10;8:44;18:12;4:80;22:33;33:35;20:39;42:27;28:37;7:46;29:43;31:42;15:54;26:41;0:36;30:52;3:26;10:34;41:45;19:26;39:63;11:32;38:27;5:53;14:62;2:33;24:58;34:51;45:59;13:43;35:40;16:59;21:46;1:37;23:46;37:48;36:10;49:22;47:55;43:32;9:10;48:35;12:10,"17:[2,3,4,5,6];32:[2,3,4,5,6];25:[5,6];27:[0,1,5,6,7];6:[5,6];46:[4,5];44:[0,1,2,3,4,7];40:[4];8:[1,2,3,4];18:[2];4:[0,1,2,3,4,5,6,7];22:[3,4,5];33:[0,1,7];20:[0,1,7];42:[4,5];28:[0,6,7];7:[3,4,5,6];29:[2,3,4,5];31:[2,3,4,5];15:[0,1,2,3,4];26:[4,5,6,7];0:[0,1,7];30:[0,1,2,6,7];3:[1,2];10:[3,4,5];41:[0,1,2,7];19:[0,7];39:[0,1,2,5,6,7];11:[4,5,6];38:[1,2];5:[0,1,2,3,4];14:[2,3,4,5,6,7];2:[3,4,5];24:[0,1,5,6,7];34:[0,1,2,3,7];45:[0,1,2,6,7];13:[2,3,4,5];35:[4,5,6,7];16:[0,1,2,3,7];21:[4,5,6,7];1:[0,1,2];23:[0,1,2,3];37:[1,2,3,4];36:[5];49:[3,4];47:[3,4,5,6,7];43:[3,4,5];9:[3];48:[4,5,6];12:[6]","c17:bw=58,experts=[2,3,4,5,6]; c32:bw=56,experts=[2,3,4,5,6]; c25:bw=29,experts=[5,6]; c27:bw=52,experts=[0,1,5,6,7]; c6:bw=21,experts=[5,6]; c46:bw=25,experts=[4,5]; c44:bw=62,experts=[0,1,2,3,4,7]; c40:bw=10,experts=[4]; c8:bw=44,experts=[1,2,3,4]; c18:bw=12,experts=[2]; c4:bw=80,experts=[0,1,2,3,4,5,6,7]; c22:bw=33,experts=[3,4,5]; c33:bw=35,experts=[0,1,7]; c20:bw=39,experts=[0,1,7]; c42:bw=27,experts=[4,5]; c28:bw=37,experts=[0,6,7]; c7:bw=46,experts=[3,4,5,6]; c29:bw=43,experts=[2,3,4,5]; c31:bw=42,experts=[2,3,4,5]; c15:bw=54,experts=[0,1,2,3,4]; c26:bw=41,experts=[4,5,6,7]; c0:bw=36,experts=[0,1,7]; c30:bw=52,experts=[0,1,2,6,7]; c3:bw=26,experts=[1,2]; c10:bw=34,experts=[3,4,5]; c41:bw=45,experts=[0,1,2,7]; c19:bw=26,experts=[0,7]; c39:bw=63,experts=[0,1,2,5,6,7]; c11:bw=32,experts=[4,5,6]; c38:bw=27,experts=[1,2]; c5:bw=53,experts=[0,1,2,3,4]; c14:bw=62,experts=[2,3,4,5,6,7]; c2:bw=33,experts=[3,4,5]; c24:bw=58,experts=[0,1,5,6,7]; c34:bw=51,experts=[0,1,2,3,7]; c45:bw=59,experts=[0,1,2,6,7]; c13:bw=43,experts=[2,3,4,5]; c35:bw=40,experts=[4,5,6,7]; c16:bw=59,experts=[0,1,2,3,7]; c21:bw=46,experts=[4,5,6,7]; c1:bw=37,experts=[0,1,2]; c23:bw=46,experts=[0,1,2,3]; c37:bw=48,experts=[1,2,3,4]; c36:bw=10,experts=[5]; c49:bw=22,experts=[3,4]; c47:bw=55,experts=[3,4,5,6,7]; c43:bw=32,experts=[3,4,5]; c9:bw=10,experts=[3]; c48:bw=35,experts=[4,5,6]; c12:bw=10,experts=[6]","0.8926,1.3377,2.2733,1.4949,1.5357,0.9948,0.9208,1.2626,0.9517,1.2022,1.4937,1.6527,1.3577,1.4280,1.1708,1.0308,0.7955,1.5739,1.4567,1.0145,1.5852,0.5610,1.3537,1.3690,1.1003,0.5303,1.2263,1.3283,0.9771,0.8087,1.9517,1.6025,0.7683,0.9329,0.9230,1.7178,0.8518,0.9586,1.7937,1.9037,1.2203,1.5103,1.0208,0.9811,3.2118,0.8586,1.0132,1.3486,0.8209,0.7448"
80,2026-09-24 00:07:39,Ours,0.01,2.49029453834001,38.86,40.67,78,65.3649,1:05.36,63.3193,0.7099,1.33,4752.2578,1:19:12.26,50,"20,17,28,13,34,19,46,25,45,9,16,0,18,5,36,23,38,4,27,29,30,48,41,14,43,39,1,40,2,33,3,26,21,37,24,22,32,7,10,31,8,44,49,12,35,42,47,15,11,6",20:25;17:61;28:10;13:39;34:61;19:35;46:35;25:38;45:21;9:53;16:44;0:47;18:13;5:65;36:39;23:36;38:52;4:57;27:27;29:10;30:24;48:46;41:14;14:30;43:61;39:60;1:31;40:74;2:44;33:10;3:31;26:41;21:64;37:51;24:43;22:43;32:26;7:48;10:18;31:67;8:51;44:63;49:13;12:10;35:22;42:32;47:24;15:41;11:62;6:39,"20:[2,3];17:[0,1,2,3,4,7];28:[1];13:[0,6,7];34:[0,1,4,5,6,7];19:[1,2,3];46:[0,6,7];25:[0,1,7];45:[3,4];9:[0,4,5,6,7];16:[4,5,6,7];0:[2,3,4,5];18:[3];5:[0,1,2,5,6,7];36:[0,6,7];23:[4,5,6];38:[3,4,5,6,7];4:[0,1,2,6,7];27:[2,3];29:[6];30:[3,4];48:[0,1,2,7];41:[3];14:[0,1,2];43:[0,1,2,3,6,7];39:[0,3,4,5,6,7];1:[3,4,5];40:[0,1,2,3,5,6,7];2:[0,1,6,7];33:[2];3:[3,4,5];26:[0,1,2,3];21:[0,1,2,3,4,5];37:[0,1,5,6,7];24:[2,3,4,5];22:[0,1,6,7];32:[0,7];7:[0,1,2,7];10:[6];31:[0,1,2,3,6,7];8:[0,1,5,6,7];44:[0,1,2,5,6,7];49:[5];12:[7];35:[0,1];42:[0,6,7];47:[0,1];15:[0,5,6,7];11:[0,1,2,3,4,7];6:[0,1,7]","c20:bw=25,experts=[2,3]; c17:bw=61,experts=[0,1,2,3,4,7]; c28:bw=10,experts=[1]; c13:bw=39,experts=[0,6,7]; c34:bw=61,experts=[0,1,4,5,6,7]; c19:bw=35,experts=[1,2,3]; c46:bw=35,experts=[0,6,7]; c25:bw=38,experts=[0,1,7]; c45:bw=21,experts=[3,4]; c9:bw=53,experts=[0,4,5,6,7]; c16:bw=44,experts=[4,5,6,7]; c0:bw=47,experts=[2,3,4,5]; c18:bw=13,experts=[3]; c5:bw=65,experts=[0,1,2,5,6,7]; c36:bw=39,experts=[0,6,7]; c23:bw=36,experts=[4,5,6]; c38:bw=52,experts=[3,4,5,6,7]; c4:bw=57,experts=[0,1,2,6,7]; c27:bw=27,experts=[2,3]; c29:bw=10,experts=[6]; c30:bw=24,experts=[3,4]; c48:bw=46,experts=[0,1,2,7]; c41:bw=14,experts=[3]; c14:bw=30,experts=[0,1,2]; c43:bw=61,experts=[0,1,2,3,6,7]; c39:bw=60,experts=[0,3,4,5,6,7]; c1:bw=31,experts=[3,4,5]; c40:bw=74,experts=[0,1,2,3,5,6,7]; c2:bw=44,experts=[0,1,6,7]; c33:bw=10,experts=[2]; c3:bw=31,experts=[3,4,5]; c26:bw=41,experts=[0,1,2,3]; c21:bw=64,experts=[0,1,2,3,4,5]; c37:bw=51,experts=[0,1,5,6,7]; c24:bw=43,experts=[2,3,4,5]; c22:bw=43,experts=[0,1,6,7]; c32:bw=26,experts=[0,7]; c7:bw=48,experts=[0,1,2,7]; c10:bw=18,experts=[6]; c31:bw=67,experts=[0,1,2,3,6,7]; c8:bw=51,experts=[0,1,5,6,7]; c44:bw=63,experts=[0,1,2,5,6,7]; c49:bw=13,experts=[5]; c12:bw=10,experts=[7]; c35:bw=22,experts=[0,1]; c42:bw=32,experts=[0,6,7]; c47:bw=24,experts=[0,1]; c15:bw=41,experts=[0,5,6,7]; c11:bw=62,experts=[0,1,2,3,4,7]; c6:bw=39,experts=[0,1,7]","1.5368,1.0363,1.0250,1.0003,1.0799,1.2190,0.9927,2.4683,2.0130,1.3114,1.9505,0.5226,1.1649,1.8488,0.9369,1.4842,0.6863,1.3001,1.2520,1.3269,1.3395,0.8107,0.5821,1.6502,1.1474,1.3276,1.1953,1.2812,0.7957,1.3268,1.3780,1.6071,1.7290,1.0395,0.9283,1.6743,1.5099,0.7919,1.1920,1.4559,0.9772,0.8899,3.2125,0.7966,1.1023,1.1997,0.8654,0.9829,0.9460,1.4282"
81,2026-09-24 00:08:43,Ours,0.01,2.3949779782032965,42.22,42.22,81,64.1472,1:04.15,61.9927,0.7315,1.4169,4816.447,1:20:16.45,50,"8,16,44,6,28,38,15,11,49,40,33,46,21,2,29,42,47,34,9,24,31,22,45,35,13,20,36,14,1,26,5,17,32,41,19,4,25,43,23,37,0,48,27,30,3,39,7,12,10,18",8:48;16:35;44:29;6:51;28:61;38:42;15:65;11:22;49:48;40:27;33:51;46:52;21:54;2:45;29:28;42:56;47:17;34:10;9:26;24:57;31:58;22:10;45:63;35:59;13:21;20:12;36:21;14:46;1:49;26:39;5:30;17:27;32:36;41:11;19:52;4:42;25:34;43:32;23:27;37:47;0:50;48:47;27:13;30:38;3:67;39:38;7:58;12:75;10:44;18:60,"8:[2,3,4,5];16:[0,1,2];44:[3,4];6:[2,3,4,5,6];28:[2,3,4,5,6,7];38:[0,1,2,3];15:[1,2,3,4,5,6];11:[5,6];49:[0,1,6,7];40:[4,5];33:[3,4,5,6,7];46:[1,2,3,4,5];21:[0,1,2,6,7];2:[2,3,4,5];29:[0,7];42:[1,2,3,4,5];47:[2];34:[2];9:[1,2];24:[0,1,2,6,7];31:[0,4,5,6,7];22:[2];45:[0,1,2,5,6,7];35:[2,3,4,5,6];13:[1,2];20:[4];36:[1,2];14:[3,4,5,6];1:[0,1,6,7];26:[4,5,6];5:[3,4,5];17:[5,6];32:[1,2,3];41:[4];19:[0,4,5,6,7];4:[3,4,5,6];25:[2,3,4];43:[4,5,6];23:[0,7];37:[2,3,4,5];0:[0,1,2,6,7];48:[3,4,5,6];27:[4];30:[5,6,7];3:[0,1,2,3,6,7];39:[1,2,3];7:[3,4,5,6,7];12:[0,1,2,3,4,5,6];10:[0,1,2,7];18:[0,1,4,5,6,7]","c8:bw=48,experts=[2,3,4,5]; c16:bw=35,experts=[0,1,2]; c44:bw=29,experts=[3,4]; c6:bw=51,experts=[2,3,4,5,6]; c28:bw=61,experts=[2,3,4,5,6,7]; c38:bw=42,experts=[0,1,2,3]; c15:bw=65,experts=[1,2,3,4,5,6]; c11:bw=22,experts=[5,6]; c49:bw=48,experts=[0,1,6,7]; c40:bw=27,experts=[4,5]; c33:bw=51,experts=[3,4,5,6,7]; c46:bw=52,experts=[1,2,3,4,5]; c21:bw=54,experts=[0,1,2,6,7]; c2:bw=45,experts=[2,3,4,5]; c29:bw=28,experts=[0,7]; c42:bw=56,experts=[1,2,3,4,5]; c47:bw=17,experts=[2]; c34:bw=10,experts=[2]; c9:bw=26,experts=[1,2]; c24:bw=57,experts=[0,1,2,6,7]; c31:bw=58,experts=[0,4,5,6,7]; c22:bw=10,experts=[2]; c45:bw=63,experts=[0,1,2,5,6,7]; c35:bw=59,experts=[2,3,4,5,6]; c13:bw=21,experts=[1,2]; c20:bw=12,experts=[4]; c36:bw=21,experts=[1,2]; c14:bw=46,experts=[3,4,5,6]; c1:bw=49,experts=[0,1,6,7]; c26:bw=39,experts=[4,5,6]; c5:bw=30,experts=[3,4,5]; c17:bw=27,experts=[5,6]; c32:bw=36,experts=[1,2,3]; c41:bw=11,experts=[4]; c19:bw=52,experts=[0,4,5,6,7]; c4:bw=42,experts=[3,4,5,6]; c25:bw=34,experts=[2,3,4]; c43:bw=32,experts=[4,5,6]; c23:bw=27,experts=[0,7]; c37:bw=47,experts=[2,3,4,5]; c0:bw=50,experts=[0,1,2,6,7]; c48:bw=47,experts=[3,4,5,6]; c27:bw=13,experts=[4]; c30:bw=38,experts=[5,6,7]; c3:bw=67,experts=[0,1,2,3,6,7]; c39:bw=38,experts=[1,2,3]; c7:bw=58,experts=[3,4,5,6,7]; c12:bw=75,experts=[0,1,2,3,4,5,6]; c10:bw=44,experts=[0,1,2,7]; c18:bw=60,experts=[0,1,4,5,6,7]","0.8132,1.7700,0.8175,1.2804,0.9612,0.8186,1.0180,0.9761,3.2124,1.2681,1.3329,0.9730,1.8335,0.7804,1.5826,1.1509,0.8050,1.0663,1.3130,0.9393,1.4511,1.6545,2.0162,1.1422,0.9488,1.5102,0.9803,1.6362,1.2329,1.5535,1.9240,0.9667,1.4459,0.5199,1.1702,1.3775,2.2788,0.9813,1.4370,0.9336,0.4918,0.8215,1.2369,1.1362,1.2548,1.1028,0.7157,0.8244,1.2253,1.3101"
82,2026-09-24 00:09:48,Ours,0.01,2.4664634224793818,40.19,42.22,81,65.1396,1:05.14,63.0248,0.7245,1.3847,4881.6391,1:21:21.64,50,"8,2,35,31,4,33,23,29,14,30,6,39,0,47,32,13,19,9,12,7,21,27,46,20,44,41,16,1,26,28,37,42,45,48,49,38,22,18,17,24,36,10,11,25,34,3,15,40,5,43",8:58;2:30;35:20;31:37;4:30;33:23;23:14;29:39;14:54;30:34;6:36;39:43;0:30;47:58;32:58;13:35;19:21;9:56;12:63;7:40;21:44;27:32;46:44;20:11;44:35;41:10;16:32;1:64;26:35;28:46;37:22;42:45;45:41;48:21;49:67;38:38;22:51;18:45;17:44;24:53;36:60;10:18;11:47;25:33;34:38;3:39;15:16;40:42;5:40;43:21,"8:[0,1,2,6,7];2:[0,6,7];35:[0,7];31:[1,2,3];4:[0,1,7];33:[0,1];23:[1];29:[1,2,3];14:[0,1,2,3,7];30:[0,1,2];6:[0,1,7];39:[4,5,6,7];0:[3,4,5];47:[3,4,5,6,7];32:[0,4,5,6,7];13:[3,4,5];19:[1,2];9:[3,4,5,6,7];12:[0,1,2,3,4,7];7:[0,1,2,3];21:[3,4,5,6];27:[5,6,7];46:[0,1,6,7];20:[5];44:[5,6,7];41:[5];16:[3,4,5];1:[2,3,4,5,6,7];26:[0,1,7];28:[0,1,2,3];37:[6,7];42:[0,1,6,7];45:[3,4,5,6];48:[0,7];49:[2,3,4,5,6,7];38:[4,5,6];22:[3,4,5,6,7];18:[2,3,4,5];17:[0,1,2,7];24:[3,4,5,6,7];36:[0,3,4,5,6,7];10:[3];11:[0,1,2,7];25:[5,6,7];34:[3,4,5];3:[4,5,6];15:[7];40:[0,1,6,7];5:[0,1,6,7];43:[0,7]","c8:bw=58,experts=[0,1,2,6,7]; c2:bw=30,experts=[0,6,7]; c35:bw=20,experts=[0,7]; c31:bw=37,experts=[1,2,3]; c4:bw=30,experts=[0,1,7]; c33:bw=23,experts=[0,1]; c23:bw=14,experts=[1]; c29:bw=39,experts=[1,2,3]; c14:bw=54,experts=[0,1,2,3,7]; c30:bw=34,experts=[0,1,2]; c6:bw=36,experts=[0,1,7]; c39:bw=43,experts=[4,5,6,7]; c0:bw=30,experts=[3,4,5]; c47:bw=58,experts=[3,4,5,6,7]; c32:bw=58,experts=[0,4,5,6,7]; c13:bw=35,experts=[3,4,5]; c19:bw=21,experts=[1,2]; c9:bw=56,experts=[3,4,5,6,7]; c12:bw=63,experts=[0,1,2,3,4,7]; c7:bw=40,experts=[0,1,2,3]; c21:bw=44,experts=[3,4,5,6]; c27:bw=32,experts=[5,6,7]; c46:bw=44,experts=[0,1,6,7]; c20:bw=11,experts=[5]; c44:bw=35,experts=[5,6,7]; c41:bw=10,experts=[5]; c16:bw=32,experts=[3,4,5]; c1:bw=64,experts=[2,3,4,5,6,7]; c26:bw=35,experts=[0,1,7]; c28:bw=46,experts=[0,1,2,3]; c37:bw=22,experts=[6,7]; c42:bw=45,experts=[0,1,6,7]; c45:bw=41,experts=[3,4,5,6]; c48:bw=21,experts=[0,7]; c49:bw=67,experts=[2,3,4,5,6,7]; c38:bw=38,experts=[4,5,6]; c22:bw=51,experts=[3,4,5,6,7]; c18:bw=45,experts=[2,3,4,5]; c17:bw=44,experts=[0,1,2,7]; c24:bw=53,experts=[3,4,5,6,7]; c36:bw=60,experts=[0,3,4,5,6,7]; c10:bw=18,experts=[3]; c11:bw=47,experts=[0,1,2,7]; c25:bw=33,experts=[5,6,7]; c34:bw=38,experts=[3,4,5]; c3:bw=39,experts=[4,5,6]; c15:bw=16,experts=[7]; c40:bw=42,experts=[0,1,6,7]; c5:bw=40,experts=[0,1,6,7]; c43:bw=21,experts=[0,7]","0.9808,0.7917,1.0941,1.4374,1.4744,1.3391,1.5777,1.4999,1.7113,1.3508,1.5448,1.3331,0.5497,0.8656,1.5431,0.9652,1.1117,1.3081,0.8150,0.7608,1.7719,1.3716,0.9412,1.4815,0.8808,0.5306,1.9521,1.0817,1.2742,0.9191,0.9004,1.0513,1.8369,0.8415,3.3616,0.8231,1.7241,1.2229,1.0151,0.9286,1.0004,1.1725,1.0328,2.3749,1.0561,1.3464,0.9553,1.2337,1.8957,0.9922"
83,2026-09-24 00:10:53,Ours,0.01,2.4312018981435246,42.02,42.22,81,64.7252,1:04.73,62.7758,0.6808,1.2633,4946.4163,1:22:26.42,50,"38,5,34,15,31,13,11,17,4,14,29,24,25,30,10,45,43,48,19,33,16,6,0,18,40,22,44,47,8,3,49,32,12,2,28,37,21,26,7,1,39,23,20,42,41,46,27,36,35,9",38:27;5:10;34:18;15:39;31:52;13:46;11:27;17:31;4:10;14:39;29:46;24:43;25:48;30:35;10:37;45:35;43:17;48:49;19:67;33:21;16:49;6:53;0:10;18:21;40:22;22:70;44:45;47:43;8:39;3:42;49:24;32:41;12:44;2:41;28:10;37:22;21:53;26:17;7:37;1:63;39:20;23:34;20:50;42:20;41:49;46:19;27:58;36:47;35:20;9:51,"38:[0,7];5:[2];34:[6];15:[0,1,2];31:[0,4,5,6,7];13:[0,1,6,7];11:[3,4];17:[3,4,5];4:[2];14:[4,5,6];29:[4,5,6,7];24:[0,1,2,3];25:[0,1,2,3];30:[3,4,5];10:[4,5,6];45:[0,1,7];43:[1];48:[1,2,3,4];19:[0,3,4,5,6,7];33:[2,3];16:[0,1,6,7];6:[2,3,4,5,6];0:[6];18:[6,7];40:[2,3];22:[0,1,2,3,4,5,6];44:[0,1,2,3];47:[0,1,2,3];8:[3,4,5];3:[0,1,2,7];49:[0,1];32:[1,2,3,4];12:[0,5,6,7];2:[1,2,3,4];28:[4];37:[0,1];21:[0,1,2,3,7];26:[2];7:[4,5,6];1:[0,1,2,3,4,5];39:[0,1];23:[2,3,4];20:[0,1,2,6,7];42:[2,3];41:[0,1,6,7];46:[2];27:[0,1,2,3,4];36:[1,2,3,4];35:[1,2];9:[0,1,2,3,4]","c38:bw=27,experts=[0,7]; c5:bw=10,experts=[2]; c34:bw=18,experts=[6]; c15:bw=39,experts=[0,1,2]; c31:bw=52,experts=[0,4,5,6,7]; c13:bw=46,experts=[0,1,6,7]; c11:bw=27,experts=[3,4]; c17:bw=31,experts=[3,4,5]; c4:bw=10,experts=[2]; c14:bw=39,experts=[4,5,6]; c29:bw=46,experts=[4,5,6,7]; c24:bw=43,experts=[0,1,2,3]; c25:bw=48,experts=[0,1,2,3]; c30:bw=35,experts=[3,4,5]; c10:bw=37,experts=[4,5,6]; c45:bw=35,experts=[0,1,7]; c43:bw=17,experts=[1]; c48:bw=49,experts=[1,2,3,4]; c19:bw=67,experts=[0,3,4,5,6,7]; c33:bw=21,experts=[2,3]; c16:bw=49,experts=[0,1,6,7]; c6:bw=53,experts=[2,3,4,5,6]; c0:bw=10,experts=[6]; c18:bw=21,experts=[6,7]; c40:bw=22,experts=[2,3]; c22:bw=70,experts=[0,1,2,3,4,5,6]; c44:bw=45,experts=[0,1,2,3]; c47:bw=43,experts=[0,1,2,3]; c8:bw=39,experts=[3,4,5]; c3:bw=42,experts=[0,1,2,7]; c49:bw=24,experts=[0,1]; c32:bw=41,experts=[1,2,3,4]; c12:bw=44,experts=[0,5,6,7]; c2:bw=41,experts=[1,2,3,4]; c28:bw=10,experts=[4]; c37:bw=22,experts=[0,1]; c21:bw=53,experts=[0,1,2,3,7]; c26:bw=17,experts=[2]; c7:bw=37,experts=[4,5,6]; c1:bw=63,experts=[0,1,2,3,4,5]; c39:bw=20,experts=[0,1]; c23:bw=34,experts=[2,3,4]; c20:bw=50,experts=[0,1,2,6,7]; c42:bw=20,experts=[2,3]; c41:bw=49,experts=[0,1,6,7]; c46:bw=19,experts=[2]; c27:bw=58,experts=[0,1,2,3,4]; c36:bw=47,experts=[1,2,3,4]; c35:bw=20,experts=[1,2]; c9:bw=51,experts=[0,1,2,3,4]","0.7904,1.9522,1.0955,1.0936,1.5495,1.0675,0.9899,0.9925,1.4337,1.6164,1.4738,0.8474,2.3250,1.1286,1.0691,1.7370,0.9088,0.8364,1.2604,1.3993,2.0272,1.5065,0.5442,1.2136,1.2753,1.6752,0.9143,0.9366,0.9431,1.2926,3.2123,1.5175,0.8019,0.7830,1.0261,1.0202,1.8191,1.4715,0.7836,1.1801,1.2805,1.4564,1.4859,1.1582,0.5445,0.9168,1.3754,0.9895,0.9507,1.1070"
84,2026-09-24 00:11:58,Ours,0.01,2.3938601100102748,41.51,42.22,81,65.1045,1:05.10,62.9222,0.7331,1.4437,5011.5664,1:23:31.57,50,"37,32,15,17,42,30,39,5,23,31,8,38,47,26,27,1,24,45,35,13,34,7,29,46,14,6,12,36,18,49,11,2,20,48,41,3,28,33,21,16,0,4,43,40,10,9,22,19,44,25",37:28;32:36;15:75;17:43;42:12;30:38;39:54;5:20;23:58;31:33;8:67;38:10;47:36;26:38;27:21;1:58;24:37;45:21;35:54;13:30;34:31;7:47;29:12;46:57;14:45;6:10;12:45;36:25;18:55;49:58;11:50;2:36;20:64;48:63;41:46;3:32;28:30;33:49;21:10;16:47;0:10;4:27;43:28;40:55;10:10;9:20;22:67;19:22;44:49;25:17,"37:[2,3];32:[5,6,7];15:[0,1,3,4,5,6,7];17:[0,1,6,7];42:[4];30:[0,6,7];39:[2,3,4,5,6];5:[3,4];23:[0,1,5,6,7];31:[1,2,3];8:[0,1,2,3,6,7];38:[1];47:[4,5,6];26:[3,4,5];27:[5,6];1:[0,1,2,6,7];24:[4,5,6];45:[2,3];35:[3,4,5,6,7];13:[2,3,4];34:[0,1,7];7:[0,1,2,7];29:[0];46:[3,4,5,6,7];14:[0,1,2,7];6:[7];12:[1,2,3,4];36:[5,6];18:[0,1,2,3,4];49:[2,3,4,5,6];11:[0,1,5,6,7];2:[5,6,7];20:[0,3,4,5,6,7];48:[0,1,2,5,6,7];41:[2,3,4,5];3:[3,4,5];28:[5,6,7];33:[4,5,6,7];21:[4];16:[2,3,4,5];0:[7];4:[3,4];43:[2,3];40:[0,4,5,6,7];10:[7];9:[5,6];22:[0,1,2,3,4,7];19:[1,2];44:[4,5,6,7];25:[4]","c37:bw=28,experts=[2,3]; c32:bw=36,experts=[5,6,7]; c15:bw=75,experts=[0,1,3,4,5,6,7]; c17:bw=43,experts=[0,1,6,7]; c42:bw=12,experts=[4]; c30:bw=38,experts=[0,6,7]; c39:bw=54,experts=[2,3,4,5,6]; c5:bw=20,experts=[3,4]; c23:bw=58,experts=[0,1,5,6,7]; c31:bw=33,experts=[1,2,3]; c8:bw=67,experts=[0,1,2,3,6,7]; c38:bw=10,experts=[1]; c47:bw=36,experts=[4,5,6]; c26:bw=38,experts=[3,4,5]; c27:bw=21,experts=[5,6]; c1:bw=58,experts=[0,1,2,6,7]; c24:bw=37,experts=[4,5,6]; c45:bw=21,experts=[2,3]; c35:bw=54,experts=[3,4,5,6,7]; c13:bw=30,experts=[2,3,4]; c34:bw=31,experts=[0,1,7]; c7:bw=47,experts=[0,1,2,7]; c29:bw=12,experts=[0]; c46:bw=57,experts=[3,4,5,6,7]; c14:bw=45,experts=[0,1,2,7]; c6:bw=10,experts=[7]; c12:bw=45,experts=[1,2,3,4]; c36:bw=25,experts=[5,6]; c18:bw=55,experts=[0,1,2,3,4]; c49:bw=58,experts=[2,3,4,5,6]; c11:bw=50,experts=[0,1,5,6,7]; c2:bw=36,experts=[5,6,7]; c20:bw=64,experts=[0,3,4,5,6,7]; c48:bw=63,experts=[0,1,2,5,6,7]; c41:bw=46,experts=[2,3,4,5]; c3:bw=32,experts=[3,4,5]; c28:bw=30,experts=[5,6,7]; c33:bw=49,experts=[4,5,6,7]; c21:bw=10,experts=[4]; c16:bw=47,experts=[2,3,4,5]; c0:bw=10,experts=[7]; c4:bw=27,experts=[3,4]; c43:bw=28,experts=[2,3]; c40:bw=55,experts=[0,4,5,6,7]; c10:bw=10,experts=[7]; c9:bw=20,experts=[5,6]; c22:bw=67,experts=[0,1,2,3,4,7]; c19:bw=22,experts=[1,2]; c44:bw=49,experts=[4,5,6,7]; c25:bw=17,experts=[4]","0.8639,1.3996,1.0151,1.0549,1.2474,1.3000,1.3139,1.9374,1.4821,1.4431,0.9572,0.8350,0.8697,1.5006,1.4130,1.2324,0.9477,2.0379,1.1443,1.0080,1.1132,0.8238,1.5182,0.9581,1.6709,1.3898,0.7765,1.0366,1.2892,3.2691,0.9078,0.7258,1.4437,0.7607,0.5149,1.2650,0.9419,1.2968,1.5200,1.8165,0.4582,1.3611,1.0324,1.3260,1.2050,1.2967,1.7425,1.1700,0.8951,2.3935"
85,2026-09-24 00:13:03,Ours,0.01,2.455277562490837,41.52,42.22,81,65.2542,1:05.25,63.0927,0.7342,1.4216,5076.8745,1:24:36.87,50,"13,47,10,25,12,1,19,42,38,40,15,17,18,16,11,37,14,48,44,31,6,7,9,32,5,21,27,24,8,20,29,30,4,49,22,41,46,3,43,45,28,33,35,39,26,23,2,0,36,34",13:35;47:26;10:44;25:19;12:47;1:57;19:54;42:10;38:13;40:53;15:70;17:49;18:51;16:19;11:10;37:58;14:44;48:12;44:32;31:10;6:42;7:11;9:58;32:10;5:12;21:64;27:53;24:18;8:70;20:30;29:35;30:42;4:42;49:37;22:27;41:28;46:22;3:51;43:10;45:33;28:47;33:60;35:22;39:23;26:36;23:57;2:45;0:38;36:54;34:14,"13:[5,6,7];47:[0,7];10:[0,1,2,3];25:[5];12:[0,5,6,7];1:[3,4,5,6,7];19:[3,4,5,6,7];42:[5];38:[2];40:[1,2,3,4,5];15:[0,2,3,4,5,6,7];17:[2,3,4,5];18:[0,1,5,6,7];16:[6];11:[2];37:[0,4,5,6,7];14:[3,4,5,6];48:[3];44:[0,1,2];31:[4];6:[0,1,2,3];7:[3];9:[0,1,2,3,7];32:[0];5:[5];21:[0,1,2,5,6,7];27:[0,1,2,3,7];24:[7];8:[0,1,2,4,5,6,7];20:[1,2,3];29:[1,2,3];30:[1,2,3,4];4:[0,5,6,7];49:[0,1,7];22:[5,6];41:[6,7];46:[0,1];3:[0,1,2,6,7];43:[4];45:[4,5,6];28:[0,1,2,3];33:[0,1,2,3,4,5];35:[0,1];39:[0,7];26:[0,6,7];23:[2,3,4,5,6];2:[0,1,2,3];0:[0,1,2];36:[0,1,2,3,7];34:[2]","c13:bw=35,experts=[5,6,7]; c47:bw=26,experts=[0,7]; c10:bw=44,experts=[0,1,2,3]; c25:bw=19,experts=[5]; c12:bw=47,experts=[0,5,6,7]; c1:bw=57,experts=[3,4,5,6,7]; c19:bw=54,experts=[3,4,5,6,7]; c42:bw=10,experts=[5]; c38:bw=13,experts=[2]; c40:bw=53,experts=[1,2,3,4,5]; c15:bw=70,experts=[0,2,3,4,5,6,7]; c17:bw=49,experts=[2,3,4,5]; c18:bw=51,experts=[0,1,5,6,7]; c16:bw=19,experts=[6]; c11:bw=10,experts=[2]; c37:bw=58,experts=[0,4,5,6,7]; c14:bw=44,experts=[3,4,5,6]; c48:bw=12,experts=[3]; c44:bw=32,experts=[0,1,2]; c31:bw=10,experts=[4]; c6:bw=42,experts=[0,1,2,3]; c7:bw=11,experts=[3]; c9:bw=58,experts=[0,1,2,3,7]; c32:bw=10,experts=[0]; c5:bw=12,experts=[5]; c21:bw=64,experts=[0,1,2,5,6,7]; c27:bw=53,experts=[0,1,2,3,7]; c24:bw=18,experts=[7]; c8:bw=70,experts=[0,1,2,4,5,6,7]; c20:bw=30,experts=[1,2,3]; c29:bw=35,experts=[1,2,3]; c30:bw=42,experts=[1,2,3,4]; c4:bw=42,experts=[0,5,6,7]; c49:bw=37,experts=[0,1,7]; c22:bw=27,experts=[5,6]; c41:bw=28,experts=[6,7]; c46:bw=22,experts=[0,1]; c3:bw=51,experts=[0,1,2,6,7]; c43:bw=10,experts=[4]; c45:bw=33,experts=[4,5,6]; c28:bw=47,experts=[0,1,2,3]; c33:bw=60,experts=[0,1,2,3,4,5]; c35:bw=22,experts=[0,1]; c39:bw=23,experts=[0,7]; c26:bw=36,experts=[0,6,7]; c23:bw=57,experts=[2,3,4,5,6]; c2:bw=45,experts=[0,1,2,3]; c0:bw=38,experts=[0,1,2]; c36:bw=54,experts=[0,1,2,3,7]; c34:bw=14,experts=[2]","1.0182,0.8455,1.1474,2.4416,0.8024,1.2056,1.2212,1.2260,0.8106,1.3010,0.9823,0.9977,1.2294,2.1171,0.9347,1.0005,1.6321,0.7949,0.9019,1.3389,1.4915,0.8623,1.1201,1.3508,1.6850,1.7315,1.4431,0.9438,0.9444,1.5344,1.5370,1.3342,1.5034,3.2486,1.6852,0.5172,0.9221,1.4164,1.0307,1.9721,1.0114,1.3267,1.0848,1.2940,1.4341,1.3539,0.7731,0.5475,0.9864,1.0581"
86,2026-09-24 00:14:08,Ours,0.01,2.3702199711380048,42.15,42.22,81,64.2582,1:04.26,62.3137,0.7325,1.2066,5141.188,1:25:41.19,50,"17,2,25,37,29,12,11,45,18,22,6,46,1,39,23,34,28,48,0,27,5,4,40,14,19,44,3,32,49,42,36,10,16,8,33,31,9,30,43,7,41,20,21,15,38,35,13,26,47,24",17:40;2:24;25:36;37:10;29:18;12:28;11:38;45:45;18:52;22:44;6:55;46:39;1:72;39:34;23:47;34:10;28:42;48:48;0:30;27:44;5:47;4:18;40:39;14:45;19:18;44:20;3:28;32:53;49:28;42:19;36:54;10:47;16:50;8:28;33:24;31:51;9:43;30:40;43:43;7:44;41:10;20:27;21:34;15:55;38:74;35:24;13:55;26:66;47:62;24:24,"17:[0,1,6,7];2:[4,5];25:[0,6,7];37:[1];29:[4];12:[1,2];11:[3,4,5];45:[0,1,2,7];18:[2,3,4,5,6];22:[0,1,2,7];6:[0,4,5,6,7];46:[2,3,4];1:[0,1,2,3,4,5,6];39:[1,2,3];23:[0,1,2,7];34:[3];28:[4,5,6,7];48:[4,5,6,7];0:[3,4,5];27:[4,5,6,7];5:[0,1,6,7];4:[1];40:[0,6,7];14:[0,1,2,7];19:[0];44:[3,4];3:[3,4];32:[1,2,3,4,5];49:[2,3];42:[6];36:[0,4,5,6,7];10:[4,5,6,7];16:[0,1,2,3,7];8:[3,4];33:[6,7];31:[0,1,5,6,7];9:[4,5,6,7];30:[0,5,6,7];43:[0,5,6,7];7:[4,5,6,7];41:[0];20:[4,5];21:[3,4,5];15:[1,2,3,4,5];38:[0,1,3,4,5,6,7];35:[2,3];13:[0,1,2,3,4];26:[1,2,3,4,5,6];47:[1,2,3,4,5,6];24:[0,1]","c17:bw=40,experts=[0,1,6,7]; c2:bw=24,experts=[4,5]; c25:bw=36,experts=[0,6,7]; c37:bw=10,experts=[1]; c29:bw=18,experts=[4]; c12:bw=28,experts=[1,2]; c11:bw=38,experts=[3,4,5]; c45:bw=45,experts=[0,1,2,7]; c18:bw=52,experts=[2,3,4,5,6]; c22:bw=44,experts=[0,1,2,7]; c6:bw=55,experts=[0,4,5,6,7]; c46:bw=39,experts=[2,3,4]; c1:bw=72,experts=[0,1,2,3,4,5,6]; c39:bw=34,experts=[1,2,3]; c23:bw=47,experts=[0,1,2,7]; c34:bw=10,experts=[3]; c28:bw=42,experts=[4,5,6,7]; c48:bw=48,experts=[4,5,6,7]; c0:bw=30,experts=[3,4,5]; c27:bw=44,experts=[4,5,6,7]; c5:bw=47,experts=[0,1,6,7]; c4:bw=18,experts=[1]; c40:bw=39,experts=[0,6,7]; c14:bw=45,experts=[0,1,2,7]; c19:bw=18,experts=[0]; c44:bw=20,experts=[3,4]; c3:bw=28,experts=[3,4]; c32:bw=53,experts=[1,2,3,4,5]; c49:bw=28,experts=[2,3]; c42:bw=19,experts=[6]; c36:bw=54,experts=[0,4,5,6,7]; c10:bw=47,experts=[4,5,6,7]; c16:bw=50,experts=[0,1,2,3,7]; c8:bw=28,experts=[3,4]; c33:bw=24,experts=[6,7]; c31:bw=51,experts=[0,1,5,6,7]; c9:bw=43,experts=[4,5,6,7]; c30:bw=40,experts=[0,5,6,7]; c43:bw=43,experts=[0,5,6,7]; c7:bw=44,experts=[4,5,6,7]; c41:bw=10,experts=[0]; c20:bw=27,experts=[4,5]; c21:bw=34,experts=[3,4,5]; c15:bw=55,experts=[1,2,3,4,5]; c38:bw=74,experts=[0,1,3,4,5,6,7]; c35:bw=24,experts=[2,3]; c13:bw=55,experts=[0,1,2,3,4]; c26:bw=66,experts=[1,2,3,4,5,6]; c47:bw=62,experts=[1,2,3,4,5,6]; c24:bw=24,experts=[0,1]","1.0519,0.7852,2.3546,0.9843,1.4991,0.7605,0.9292,1.9070,1.1432,1.6369,1.3047,0.8727,1.0510,1.1276,1.4222,1.0906,1.0723,0.8412,0.5282,1.4643,1.9806,1.4789,1.2639,1.6501,1.2300,0.9501,1.4076,1.4051,3.2215,1.2061,1.0087,1.1772,2.0220,0.9546,1.2558,1.3663,1.3290,1.3135,0.9855,0.7520,0.5453,1.4827,1.7542,0.9488,0.7944,1.0606,0.9469,1.4956,0.7319,0.7677"
87,2026-09-24 00:15:12,Ours,0.01,2.387272372419252,43.12,43.12,87,63.8792,1:03.88,61.7364,0.7064,1.431,5205.1163,1:26:45.12,50,"35,39,46,27,6,20,9,26,34,29,45,15,4,24,23,47,21,43,30,1,22,38,13,7,36,42,10,18,37,17,3,32,49,31,14,25,41,48,0,11,16,2,19,44,5,12,8,28,40,33",35:30;39:41;46:39;27:62;6:60;20:54;9:37;26:47;34:30;29:24;45:53;15:63;4:34;24:30;23:30;47:59;21:36;43:43;30:33;1:29;22:21;38:53;13:45;7:22;36:69;42:56;10:49;18:45;37:32;17:25;3:68;32:10;49:38;31:18;14:36;25:67;41:21;48:47;0:35;11:18;16:45;2:67;19:33;44:42;5:10;12:45;8:46;28:31;40:42;33:64,"35:[4,5,6];39:[4,5,6,7];46:[5,6,7];27:[0,1,2,3,4,5];6:[1,2,3,4,5,6];20:[0,1,2,6,7];9:[0,1,2];26:[0,1,2,7];34:[4,5,6];29:[5,6];45:[3,4,5,6,7];15:[0,1,2,3,6,7];4:[2,3,4];24:[2,3,4];23:[3,4,5];47:[0,1,2,3,7];21:[0,6,7];43:[1,2,3,4];30:[1,2,3];1:[0,7];22:[3,4];38:[2,3,4,5,6];13:[0,5,6,7];7:[0,1];36:[1,2,3,4,5,6];42:[0,1,2,3,7];10:[0,1,2,3];18:[0,1,2,7];37:[2,3,4];17:[2,3];3:[0,1,2,5,6,7];32:[6];49:[4,5,6];31:[2];14:[3,4,5];25:[1,2,3,4,5,6];41:[1,2];48:[0,1,2,3];0:[0,6,7];11:[6];16:[4,5,6,7];2:[0,1,2,3,6,7];19:[1,2,3];44:[0,5,6,7];5:[2];12:[3,4,5,6];8:[0,5,6,7];28:[0,1,2];40:[1,2,3,4];33:[0,1,2,3,4,5]","c35:bw=30,experts=[4,5,6]; c39:bw=41,experts=[4,5,6,7]; c46:bw=39,experts=[5,6,7]; c27:bw=62,experts=[0,1,2,3,4,5]; c6:bw=60,experts=[1,2,3,4,5,6]; c20:bw=54,experts=[0,1,2,6,7]; c9:bw=37,experts=[0,1,2]; c26:bw=47,experts=[0,1,2,7]; c34:bw=30,experts=[4,5,6]; c29:bw=24,experts=[5,6]; c45:bw=53,experts=[3,4,5,6,7]; c15:bw=63,experts=[0,1,2,3,6,7]; c4:bw=34,experts=[2,3,4]; c24:bw=30,experts=[2,3,4]; c23:bw=30,experts=[3,4,5]; c47:bw=59,experts=[0,1,2,3,7]; c21:bw=36,experts=[0,6,7]; c43:bw=43,experts=[1,2,3,4]; c30:bw=33,experts=[1,2,3]; c1:bw=29,experts=[0,7]; c22:bw=21,experts=[3,4]; c38:bw=53,experts=[2,3,4,5,6]; c13:bw=45,experts=[0,5,6,7]; c7:bw=22,experts=[0,1]; c36:bw=69,experts=[1,2,3,4,5,6]; c42:bw=56,experts=[0,1,2,3,7]; c10:bw=49,experts=[0,1,2,3]; c18:bw=45,experts=[0,1,2,7]; c37:bw=32,experts=[2,3,4]; c17:bw=25,experts=[2,3]; c3:bw=68,experts=[0,1,2,5,6,7]; c32:bw=10,experts=[6]; c49:bw=38,experts=[4,5,6]; c31:bw=18,experts=[2]; c14:bw=36,experts=[3,4,5]; c25:bw=67,experts=[1,2,3,4,5,6]; c41:bw=21,experts=[1,2]; c48:bw=47,experts=[0,1,2,3]; c0:bw=35,experts=[0,6,7]; c11:bw=18,experts=[6]; c16:bw=45,experts=[4,5,6,7]; c2:bw=67,experts=[0,1,2,3,6,7]; c19:bw=33,experts=[1,2,3]; c44:bw=42,experts=[0,5,6,7]; c5:bw=10,experts=[2]; c12:bw=45,experts=[3,4,5,6]; c8:bw=46,experts=[0,5,6,7]; c28:bw=31,experts=[0,1,2]; c40:bw=42,experts=[1,2,3,4]; c33:bw=64,experts=[0,1,2,3,4,5]","0.9741,1.2097,1.0306,1.5253,1.5269,1.4909,1.2768,1.4811,1.0322,1.5116,2.0142,0.9545,1.5176,0.8943,1.4995,0.8635,1.8104,1.0219,1.3200,1.1856,1.6648,0.8035,0.9090,0.6833,0.9165,1.2159,1.1654,1.1895,1.0118,1.0177,1.3980,1.5202,3.0165,1.3446,1.5521,2.2466,0.4964,0.7368,0.4866,0.8667,1.9295,0.7304,1.1442,1.0199,1.6477,0.7141,0.8396,0.8791,1.1104,1.3389"
88,2026-09-24 00:16:15,Ours,0.01,2.3468942141824174,42.97,43.12,87,63.4717,1:03.47,61.3749,0.7236,1.3675,5268.6432,1:27:48.64,50,"23,32,12,49,31,25,44,45,38,14,33,41,40,8,42,34,26,47,37,48,29,5,28,46,4,10,20,11,16,0,27,39,35,17,18,15,2,13,6,7,36,21,1,22,43,3,30,19,24,9",23:52;32:50;12:61;49:10;31:35;25:26;44:71;45:41;38:59;14:10;33:35;41:41;40:21;8:43;42:33;34:48;26:69;47:29;37:19;48:57;29:16;5:30;28:24;46:43;4:38;10:71;20:41;11:10;16:30;0:62;27:40;39:20;35:14;17:30;18:22;15:60;2:46;13:34;6:27;7:41;36:51;21:42;1:28;22:57;43:35;3:33;30:54;19:23;24:36;9:31,"23:[0,1,2,6,7];32:[0,1,2,3,7];12:[0,1,2,3,4,7];49:[7];31:[3,4,5];25:[0,7];44:[1,2,3,4,5,6,7];45:[0,1,2,3];38:[0,1,2,3,7];14:[6];33:[0,6,7];41:[3,4,5,6];40:[5,6];8:[1,2,3,4];42:[4,5,6];34:[0,1,2,7];26:[0,3,4,5,6,7];47:[4,5];37:[5];48:[0,4,5,6,7];29:[7];5:[3,4,5];28:[3,4];46:[0,1,2,3];4:[5,6,7];10:[0,1,2,4,5,6,7];20:[3,4,5,6];11:[7];16:[0,1,2];0:[1,2,3,4,5,6];27:[0,1,6,7];39:[0,1];35:[7];17:[4,5,6];18:[3,4];15:[0,1,4,5,6,7];2:[4,5,6,7];13:[1,2,3];6:[0,7];7:[2,3,4,5];36:[0,1,2,3,7];21:[1,2,3,4];1:[1,2];22:[0,1,5,6,7];43:[5,6,7];3:[3,4,5];30:[0,4,5,6,7];19:[4,5];24:[5,6,7];9:[3,4,5]","c23:bw=52,experts=[0,1,2,6,7]; c32:bw=50,experts=[0,1,2,3,7]; c12:bw=61,experts=[0,1,2,3,4,7]; c49:bw=10,experts=[7]; c31:bw=35,experts=[3,4,5]; c25:bw=26,experts=[0,7]; c44:bw=71,experts=[1,2,3,4,5,6,7]; c45:bw=41,experts=[0,1,2,3]; c38:bw=59,experts=[0,1,2,3,7]; c14:bw=10,experts=[6]; c33:bw=35,experts=[0,6,7]; c41:bw=41,experts=[3,4,5,6]; c40:bw=21,experts=[5,6]; c8:bw=43,experts=[1,2,3,4]; c42:bw=33,experts=[4,5,6]; c34:bw=48,experts=[0,1,2,7]; c26:bw=69,experts=[0,3,4,5,6,7]; c47:bw=29,experts=[4,5]; c37:bw=19,experts=[5]; c48:bw=57,experts=[0,4,5,6,7]; c29:bw=16,experts=[7]; c5:bw=30,experts=[3,4,5]; c28:bw=24,experts=[3,4]; c46:bw=43,experts=[0,1,2,3]; c4:bw=38,experts=[5,6,7]; c10:bw=71,experts=[0,1,2,4,5,6,7]; c20:bw=41,experts=[3,4,5,6]; c11:bw=10,experts=[7]; c16:bw=30,experts=[0,1,2]; c0:bw=62,experts=[1,2,3,4,5,6]; c27:bw=40,experts=[0,1,6,7]; c39:bw=20,experts=[0,1]; c35:bw=14,experts=[7]; c17:bw=30,experts=[4,5,6]; c18:bw=22,experts=[3,4]; c15:bw=60,experts=[0,1,4,5,6,7]; c2:bw=46,experts=[4,5,6,7]; c13:bw=34,experts=[1,2,3]; c6:bw=27,experts=[0,7]; c7:bw=41,experts=[2,3,4,5]; c36:bw=51,experts=[0,1,2,3,7]; c21:bw=42,experts=[1,2,3,4]; c1:bw=28,experts=[1,2]; c22:bw=57,experts=[0,1,5,6,7]; c43:bw=35,experts=[5,6,7]; c3:bw=33,experts=[3,4,5]; c30:bw=54,experts=[0,4,5,6,7]; c19:bw=23,experts=[4,5]; c24:bw=36,experts=[5,6,7]; c9:bw=31,experts=[3,4,5]","1.4961,1.4396,0.7858,3.0421,1.3748,2.3650,0.9087,1.9015,0.8162,1.6493,1.3397,0.5383,1.2673,0.9573,1.2011,1.0471,1.4429,0.7697,0.9005,0.7758,1.5241,1.8722,0.9763,0.9331,1.4078,1.1300,1.4421,0.9700,1.7387,0.4777,1.2620,1.1297,0.9700,0.9995,1.2457,0.9853,0.7861,0.9407,1.4435,0.7476,0.9694,1.7443,1.1393,1.6547,0.9862,1.3436,1.2179,1.1386,0.9078,1.2721"
89,2026-09-24 00:17:20,Ours,0.01,2.3796578582283785,42.83,43.12,87,64.4531,1:04.45,62.3487,0.7266,1.3719,5333.1478,1:28:53.15,50,"48,14,0,12,3,37,47,24,20,10,33,46,39,21,31,15,26,34,36,2,6,11,42,35,30,44,38,41,32,8,29,27,4,5,1,16,40,43,25,7,9,17,23,45,19,28,18,49,13,22",48:31;14:30;0:13;12:34;3:31;37:27;47:47;24:58;20:31;10:28;33:10;46:31;39:51;21:28;31:24;15:61;26:10;34:53;36:29;2:44;6:32;11:36;42:65;35:53;30:34;44:54;38:40;41:62;32:41;8:74;29:14;27:10;4:30;5:46;1:41;16:50;40:48;43:39;25:17;7:21;9:60;17:40;23:24;45:44;19:16;28:20;18:55;49:47;13:10;22:42,"48:[1,2,3];14:[0,1,7];0:[7];12:[5,6,7];3:[0,6,7];37:[6,7];47:[0,1,6,7];24:[0,1,2,3,4];20:[0,1,7];10:[3,4];33:[1];46:[4,5,6];39:[2,3,4,5,6];21:[5,6];31:[6,7];15:[2,3,4,5,6,7];26:[1];34:[3,4,5,6,7];36:[4,5];2:[0,1,2,3];6:[1,2,3];11:[0,1,2];42:[0,1,2,3,4,7];35:[0,1,2,3,4];30:[1,2,3];44:[0,1,2,3,4];38:[4,5,6,7];41:[0,1,2,3,4,7];32:[4,5,6,7];8:[0,1,2,3,5,6,7];29:[0];27:[2];4:[0,1,2];5:[0,1,6,7];1:[3,4,5,6];16:[3,4,5,6,7];40:[0,1,2,7];43:[0,1,2];25:[1];7:[6,7];9:[0,1,2,3,6,7];17:[0,1,2,7];23:[3,4];45:[4,5,6,7];19:[6];28:[5,6];18:[0,1,5,6,7];49:[0,1,2,3];13:[4];22:[2,3,4,5]","c48:bw=31,experts=[1,2,3]; c14:bw=30,experts=[0,1,7]; c0:bw=13,experts=[7]; c12:bw=34,experts=[5,6,7]; c3:bw=31,experts=[0,6,7]; c37:bw=27,experts=[6,7]; c47:bw=47,experts=[0,1,6,7]; c24:bw=58,experts=[0,1,2,3,4]; c20:bw=31,experts=[0,1,7]; c10:bw=28,experts=[3,4]; c33:bw=10,experts=[1]; c46:bw=31,experts=[4,5,6]; c39:bw=51,experts=[2,3,4,5,6]; c21:bw=28,experts=[5,6]; c31:bw=24,experts=[6,7]; c15:bw=61,experts=[2,3,4,5,6,7]; c26:bw=10,experts=[1]; c34:bw=53,experts=[3,4,5,6,7]; c36:bw=29,experts=[4,5]; c2:bw=44,experts=[0,1,2,3]; c6:bw=32,experts=[1,2,3]; c11:bw=36,experts=[0,1,2]; c42:bw=65,experts=[0,1,2,3,4,7]; c35:bw=53,experts=[0,1,2,3,4]; c30:bw=34,experts=[1,2,3]; c44:bw=54,experts=[0,1,2,3,4]; c38:bw=40,experts=[4,5,6,7]; c41:bw=62,experts=[0,1,2,3,4,7]; c32:bw=41,experts=[4,5,6,7]; c8:bw=74,experts=[0,1,2,3,5,6,7]; c29:bw=14,experts=[0]; c27:bw=10,experts=[2]; c4:bw=30,experts=[0,1,2]; c5:bw=46,experts=[0,1,6,7]; c1:bw=41,experts=[3,4,5,6]; c16:bw=50,experts=[3,4,5,6,7]; c40:bw=48,experts=[0,1,2,7]; c43:bw=39,experts=[0,1,2]; c25:bw=17,experts=[1]; c7:bw=21,experts=[6,7]; c9:bw=60,experts=[0,1,2,3,6,7]; c17:bw=40,experts=[0,1,2,7]; c23:bw=24,experts=[3,4]; c45:bw=44,experts=[4,5,6,7]; c19:bw=16,experts=[6]; c28:bw=20,experts=[5,6]; c18:bw=55,experts=[0,1,5,6,7]; c49:bw=47,experts=[0,1,2,3]; c13:bw=10,experts=[4]; c22:bw=42,experts=[2,3,4,5]","0.7761,1.6180,0.5264,0.7936,1.3555,0.9572,0.8102,0.8949,1.5298,1.0931,1.2400,0.9341,1.3620,1.8508,1.4546,0.9939,1.4443,1.0196,0.9620,0.7570,1.4289,0.8905,1.1330,1.0567,1.2413,0.9207,0.7078,0.4633,1.3209,0.8663,1.3266,1.2577,1.5089,2.0191,1.1914,2.0348,1.2544,1.0133,2.5039,0.8526,1.3621,1.0176,1.4511,1.9782,1.1763,1.0040,1.2107,3.1663,0.9562,1.6610"
90,2026-09-24 00:18:25,Ours,0.01,2.337179614979898,44.78,44.78,90,64.7859,1:04.79,62.6473,0.762,1.3711,5397.9855,1:29:57.99,50,"45,4,16,41,40,22,7,10,6,17,46,24,11,12,42,13,28,25,15,23,38,20,36,47,0,48,44,27,30,3,37,35,39,31,32,8,9,26,14,5,2,21,33,29,1,34,49,18,43,19",45:10;4:35;16:57;41:54;40:54;22:31;7:72;10:10;6:26;17:22;46:32;24:43;11:41;12:43;42:40;13:65;28:44;25:51;15:61;23:44;38:38;20:56;36:54;47:31;0:64;48:30;44:60;27:27;30:36;3:36;37:13;35:40;39:49;31:52;32:60;8:50;9:63;26:55;14:16;5:27;2:21;21:66;33:52;29:17;1:31;34:27;49:34;18:50;43:11;19:15,"45:[0];4:[3,4,5];16:[0,1,2,3,4];41:[0,1,5,6,7];40:[3,4,5,6,7];22:[0,6,7];7:[0,1,2,3,4,5,6];10:[5];6:[4,5];17:[3,4];46:[0,1,7];24:[0,5,6,7];11:[3,4,5,6];12:[0,1,2,3];42:[0,5,6,7];13:[0,1,2,5,6,7];28:[0,1,2,7];25:[2,3,4,5,6];15:[0,1,2,3,4,5];23:[0,5,6,7];38:[0,1,2];20:[2,3,4,5,6];36:[0,1,2,6,7];47:[2,3,4];0:[0,1,2,3,4,5];48:[4,5,6];44:[0,1,2,5,6,7];27:[3,4];30:[4,5,6];3:[1,2,3];37:[0];35:[0,5,6,7];39:[0,1,2,7];31:[0,1,2,3,4];32:[0,1,2,3,4,5];8:[0,4,5,6,7];9:[0,1,4,5,6,7];26:[2,3,4,5,6];14:[2];5:[2,3];2:[4,5];21:[0,1,2,3,4,7];33:[2,3,4,5,6];29:[1];1:[0,1,7];34:[0,1];49:[4,5,6];18:[2,3,4,5,6];43:[3];19:[7]","c45:bw=10,experts=[0]; c4:bw=35,experts=[3,4,5]; c16:bw=57,experts=[0,1,2,3,4]; c41:bw=54,experts=[0,1,5,6,7]; c40:bw=54,experts=[3,4,5,6,7]; c22:bw=31,experts=[0,6,7]; c7:bw=72,experts=[0,1,2,3,4,5,6]; c10:bw=10,experts=[5]; c6:bw=26,experts=[4,5]; c17:bw=22,experts=[3,4]; c46:bw=32,experts=[0,1,7]; c24:bw=43,experts=[0,5,6,7]; c11:bw=41,experts=[3,4,5,6]; c12:bw=43,experts=[0,1,2,3]; c42:bw=40,experts=[0,5,6,7]; c13:bw=65,experts=[0,1,2,5,6,7]; c28:bw=44,experts=[0,1,2,7]; c25:bw=51,experts=[2,3,4,5,6]; c15:bw=61,experts=[0,1,2,3,4,5]; c23:bw=44,experts=[0,5,6,7]; c38:bw=38,experts=[0,1,2]; c20:bw=56,experts=[2,3,4,5,6]; c36:bw=54,experts=[0,1,2,6,7]; c47:bw=31,experts=[2,3,4]; c0:bw=64,experts=[0,1,2,3,4,5]; c48:bw=30,experts=[4,5,6]; c44:bw=60,experts=[0,1,2,5,6,7]; c27:bw=27,experts=[3,4]; c30:bw=36,experts=[4,5,6]; c3:bw=36,experts=[1,2,3]; c37:bw=13,experts=[0]; c35:bw=40,experts=[0,5,6,7]; c39:bw=49,experts=[0,1,2,7]; c31:bw=52,experts=[0,1,2,3,4]; c32:bw=60,experts=[0,1,2,3,4,5]; c8:bw=50,experts=[0,4,5,6,7]; c9:bw=63,experts=[0,1,4,5,6,7]; c26:bw=55,experts=[2,3,4,5,6]; c14:bw=16,experts=[2]; c5:bw=27,experts=[2,3]; c2:bw=21,experts=[4,5]; c21:bw=66,experts=[0,1,2,3,4,7]; c33:bw=52,experts=[2,3,4,5,6]; c29:bw=17,experts=[1]; c1:bw=31,experts=[0,1,7]; c34:bw=27,experts=[0,1]; c49:bw=34,experts=[4,5,6]; c18:bw=50,experts=[2,3,4,5,6]; c43:bw=11,experts=[3]; c19:bw=15,experts=[7]","1.9369,1.4274,1.9871,0.5388,1.2620,1.5556,0.7450,1.1331,1.4727,0.9582,0.9351,0.7927,0.8126,0.7244,1.0711,0.8441,0.9391,2.6293,1.0017,1.5026,0.8077,1.5755,1.0025,0.8613,0.5355,0.7971,0.8986,1.4575,1.2885,1.2865,1.0106,1.1394,1.3343,1.4321,1.5418,0.9824,1.3364,1.4915,1.6102,1.9304,0.7795,1.7722,1.3616,1.6047,1.2207,1.0024,3.0620,1.1616,0.9605,1.1327"
91,2026-09-24 00:19:28,Ours,0.01,2.3369547961151853,43.04,44.78,90,62.9596,1:02.96,61.1198,0.6418,1.1928,5460.9983,1:31:01.00,50,"38,42,13,43,11,22,36,2,35,1,15,29,0,33,21,4,32,6,7,12,19,17,40,30,10,46,23,18,25,48,49,39,28,3,14,27,24,20,34,26,9,16,37,5,47,31,41,45,44,8",38:44;42:33;13:46;43:10;11:67;22:21;36:46;2:11;35:33;1:50;15:45;29:14;0:22;33:35;21:46;4:54;32:16;6:29;7:51;12:62;19:51;17:63;40:10;30:40;10:49;46:37;23:22;18:13;25:49;48:55;49:41;39:42;28:42;3:40;14:42;27:46;24:41;20:20;34:24;26:63;9:35;16:24;37:50;5:52;47:22;31:32;41:59;45:45;44:48;8:23,"38:[3,4,5,6];42:[1,2,3];13:[3,4,5,6];43:[4];11:[0,1,2,3,4,7];22:[1,2];36:[3,4,5,6];2:[6];35:[1,2,3];1:[2,3,4,5,6];15:[0,1,6,7];29:[2];0:[6,7];33:[0,1,7];21:[0,5,6,7];4:[0,1,2,6,7];32:[6];6:[6,7];7:[0,1,2,3,7];12:[0,1,4,5,6,7];19:[0,1,2,3,4];17:[0,1,2,5,6,7];40:[0];30:[0,1,2,7];10:[0,1,6,7];46:[2,3,4];23:[1,2];18:[7];25:[0,1,2,7];48:[0,1,2,3,7];49:[0,1,2,7];39:[3,4,5,6];28:[3,4,5,6];3:[4,5,6,7];14:[3,4,5,6];27:[0,5,6,7];24:[1,2,3,4];20:[0,7];34:[2,3];26:[0,1,2,3,4,7];9:[2,3,4];16:[5,6];37:[1,2,3,4,5];5:[0,4,5,6,7];47:[5,6];31:[5,6,7];41:[2,3,4,5,6];45:[1,2,3,4];44:[3,4,5,6];8:[1,2]","c38:bw=44,experts=[3,4,5,6]; c42:bw=33,experts=[1,2,3]; c13:bw=46,experts=[3,4,5,6]; c43:bw=10,experts=[4]; c11:bw=67,experts=[0,1,2,3,4,7]; c22:bw=21,experts=[1,2]; c36:bw=46,experts=[3,4,5,6]; c2:bw=11,experts=[6]; c35:bw=33,experts=[1,2,3]; c1:bw=50,experts=[2,3,4,5,6]; c15:bw=45,experts=[0,1,6,7]; c29:bw=14,experts=[2]; c0:bw=22,experts=[6,7]; c33:bw=35,experts=[0,1,7]; c21:bw=46,experts=[0,5,6,7]; c4:bw=54,experts=[0,1,2,6,7]; c32:bw=16,experts=[6]; c6:bw=29,experts=[6,7]; c7:bw=51,experts=[0,1,2,3,7]; c12:bw=62,experts=[0,1,4,5,6,7]; c19:bw=51,experts=[0,1,2,3,4]; c17:bw=63,experts=[0,1,2,5,6,7]; c40:bw=10,experts=[0]; c30:bw=40,experts=[0,1,2,7]; c10:bw=49,experts=[0,1,6,7]; c46:bw=37,experts=[2,3,4]; c23:bw=22,experts=[1,2]; c18:bw=13,experts=[7]; c25:bw=49,experts=[0,1,2,7]; c48:bw=55,experts=[0,1,2,3,7]; c49:bw=41,experts=[0,1,2,7]; c39:bw=42,experts=[3,4,5,6]; c28:bw=42,experts=[3,4,5,6]; c3:bw=40,experts=[4,5,6,7]; c14:bw=42,experts=[3,4,5,6]; c27:bw=46,experts=[0,5,6,7]; c24:bw=41,experts=[1,2,3,4]; c20:bw=20,experts=[0,7]; c34:bw=24,experts=[2,3]; c26:bw=63,experts=[0,1,2,3,4,7]; c9:bw=35,experts=[2,3,4]; c16:bw=24,experts=[5,6]; c37:bw=50,experts=[1,2,3,4,5]; c5:bw=52,experts=[0,4,5,6,7]; c47:bw=22,experts=[5,6]; c31:bw=32,experts=[5,6,7]; c41:bw=59,experts=[2,3,4,5,6]; c45:bw=45,experts=[1,2,3,4]; c44:bw=48,experts=[3,4,5,6]; c8:bw=23,experts=[1,2]","0.7788,1.1432,0.9338,0.9780,0.9246,1.6177,0.9699,0.7058,1.1235,1.0759,0.8401,1.3351,0.4951,1.1607,1.6535,1.5362,1.6004,1.4598,0.7603,0.7997,1.2771,1.0196,1.2528,1.2894,1.1447,1.0106,1.4743,1.1439,2.4628,0.8082,3.2103,1.2914,1.0278,1.3535,1.4958,1.3214,0.8888,1.4669,0.9942,1.4672,1.2250,1.9087,0.9927,1.8183,0.8081,1.3666,0.4616,1.6779,0.7729,0.7952"
92,2026-09-24 00:20:23,Ours,0.01,2.3646891898667777,44.04,44.78,90,55.4888,0:55.49,53.6777,0.6433,1.1627,5516.5341,1:31:56.53,50,"48,27,22,13,25,38,39,41,31,40,14,23,42,11,19,3,34,30,46,1,20,44,32,4,21,36,33,6,24,49,5,28,8,16,7,26,0,43,45,2,12,35,18,37,47,9,29,17,15,10",48:54;27:63;22:44;13:17;25:30;38:24;39:49;41:50;31:49;40:10;14:30;23:19;42:36;11:15;19:54;3:28;34:27;30:51;46:35;1:20;20:56;44:10;32:20;4:26;21:57;36:60;33:10;6:45;24:33;49:12;5:66;28:40;8:19;16:14;7:34;26:46;0:29;43:42;45:60;2:25;12:48;35:24;18:37;37:19;47:61;9:56;29:35;17:32;15:19;10:37,"48:[0,4,5,6,7];27:[1,2,3,4,5,6];22:[3,4,5,6];13:[7];25:[3,4,5];38:[0,7];39:[0,1,2,7];41:[0,1,2,3,7];31:[0,1,2,3];40:[1];14:[0,1,7];23:[3];42:[4,5,6];11:[5];19:[0,1,5,6,7];3:[0,1];34:[4,5];30:[3,4,5,6,7];46:[5,6,7];1:[0,7];20:[1,2,3,4,5];44:[7];32:[0,7];4:[3,4];21:[1,2,3,4,5];36:[0,1,2,3,4,7];33:[2];6:[0,1,2,3];24:[5,6,7];49:[3];5:[1,2,3,4,5,6];28:[0,1,2,7];8:[3];16:[7];7:[4,5,6];26:[0,5,6,7];0:[0,1];43:[0,5,6,7];45:[0,1,2,5,6,7];2:[0,7];12:[2,3,4,5];35:[4,5];18:[0,1,2];37:[6];47:[0,1,2,3,4,7];9:[0,1,5,6,7];29:[3,4,5];17:[3,4,5];15:[2];10:[2,3,4]","c48:bw=54,experts=[0,4,5,6,7]; c27:bw=63,experts=[1,2,3,4,5,6]; c22:bw=44,experts=[3,4,5,6]; c13:bw=17,experts=[7]; c25:bw=30,experts=[3,4,5]; c38:bw=24,experts=[0,7]; c39:bw=49,experts=[0,1,2,7]; c41:bw=50,experts=[0,1,2,3,7]; c31:bw=49,experts=[0,1,2,3]; c40:bw=10,experts=[1]; c14:bw=30,experts=[0,1,7]; c23:bw=19,experts=[3]; c42:bw=36,experts=[4,5,6]; c11:bw=15,experts=[5]; c19:bw=54,experts=[0,1,5,6,7]; c3:bw=28,experts=[0,1]; c34:bw=27,experts=[4,5]; c30:bw=51,experts=[3,4,5,6,7]; c46:bw=35,experts=[5,6,7]; c1:bw=20,experts=[0,7]; c20:bw=56,experts=[1,2,3,4,5]; c44:bw=10,experts=[7]; c32:bw=20,experts=[0,7]; c4:bw=26,experts=[3,4]; c21:bw=57,experts=[1,2,3,4,5]; c36:bw=60,experts=[0,1,2,3,4,7]; c33:bw=10,experts=[2]; c6:bw=45,experts=[0,1,2,3]; c24:bw=33,experts=[5,6,7]; c49:bw=12,experts=[3]; c5:bw=66,experts=[1,2,3,4,5,6]; c28:bw=40,experts=[0,1,2,7]; c8:bw=19,experts=[3]; c16:bw=14,experts=[7]; c7:bw=34,experts=[4,5,6]; c26:bw=46,experts=[0,5,6,7]; c0:bw=29,experts=[0,1]; c43:bw=42,experts=[0,5,6,7]; c45:bw=60,experts=[0,1,2,5,6,7]; c2:bw=25,experts=[0,7]; c12:bw=48,experts=[2,3,4,5]; c35:bw=24,experts=[4,5]; c18:bw=37,experts=[0,1,2]; c37:bw=19,experts=[6]; c47:bw=61,experts=[0,1,2,3,4,7]; c9:bw=56,experts=[0,1,5,6,7]; c29:bw=35,experts=[3,4,5]; c17:bw=32,experts=[3,4,5]; c15:bw=19,experts=[2]; c10:bw=37,experts=[2,3,4]","0.6824,1.2021,1.3957,0.8262,2.0386,0.6798,1.1108,0.4628,1.2152,1.0573,1.3993,1.2578,1.0313,0.8067,1.0315,1.1674,0.8988,1.1213,0.8204,0.9929,1.2901,0.7661,1.2699,1.2497,1.5095,0.8414,1.1008,1.2639,0.7716,2.6815,1.6356,0.8507,0.8103,1.6639,0.6558,1.2711,0.4521,0.8540,1.6761,0.6641,0.6734,0.9308,1.0119,0.8511,0.7174,1.1044,1.2832,0.8465,0.8102,0.9723"
93,2026-09-24 00:21:20,Ours,0.01,2.3321503251700135,44.17,44.78,90,56.3968,0:56.40,54.3549,0.6657,1.3705,5572.9762,1:32:52.98,50,"47,1,24,5,16,8,10,7,26,31,30,25,21,15,41,29,32,33,11,22,39,34,46,35,18,19,44,12,48,49,17,36,45,9,4,28,20,38,40,43,37,13,2,0,14,27,3,23,42,6",47:61;1:47;24:50;5:10;16:46;8:10;10:15;7:22;26:61;31:55;30:50;25:52;21:34;15:36;41:10;29:47;32:47;33:32;11:32;22:14;39:23;34:41;46:59;35:33;18:23;19:39;44:35;12:52;48:55;49:48;17:32;36:50;45:49;9:58;4:32;28:47;20:57;38:10;40:29;43:10;37:59;13:63;2:51;0:19;14:25;27:39;3:31;23:22;42:10;6:22,"47:[0,1,2,5,6,7];1:[1,2,3,4];24:[0,1,2,3,4];5:[7];16:[0,1,2,3];8:[4];10:[5];7:[0,7];26:[1,2,3,4,5,6];31:[0,4,5,6,7];30:[0,1,2,3,4];25:[0,1,2,6,7];21:[0,6,7];15:[3,4,5];41:[4];29:[0,1,6,7];32:[1,2,3,4];33:[3,4,5];11:[0,6,7];22:[7];39:[3,4];34:[0,1,6,7];46:[0,1,2,3,4];35:[0,6,7];18:[3,4];19:[2,3,4];44:[0,1,2];12:[0,1,2,6,7];48:[1,2,3,4,5];49:[4,5,6,7];17:[0,6,7];36:[0,1,5,6,7];45:[3,4,5,6];9:[2,3,4,5,6];4:[5,6,7];28:[3,4,5,6];20:[0,1,2,6,7];38:[1];40:[2,3];43:[1];37:[0,1,2,3,7];13:[0,1,2,3,4,5];2:[1,2,3,4,5];0:[2];14:[2,3];27:[0,1,7];3:[2,3,4];23:[4,5];42:[7];6:[4,5]","c47:bw=61,experts=[0,1,2,5,6,7]; c1:bw=47,experts=[1,2,3,4]; c24:bw=50,experts=[0,1,2,3,4]; c5:bw=10,experts=[7]; c16:bw=46,experts=[0,1,2,3]; c8:bw=10,experts=[4]; c10:bw=15,experts=[5]; c7:bw=22,experts=[0,7]; c26:bw=61,experts=[1,2,3,4,5,6]; c31:bw=55,experts=[0,4,5,6,7]; c30:bw=50,experts=[0,1,2,3,4]; c25:bw=52,experts=[0,1,2,6,7]; c21:bw=34,experts=[0,6,7]; c15:bw=36,experts=[3,4,5]; c41:bw=10,experts=[4]; c29:bw=47,experts=[0,1,6,7]; c32:bw=47,experts=[1,2,3,4]; c33:bw=32,experts=[3,4,5]; c11:bw=32,experts=[0,6,7]; c22:bw=14,experts=[7]; c39:bw=23,experts=[3,4]; c34:bw=41,experts=[0,1,6,7]; c46:bw=59,experts=[0,1,2,3,4]; c35:bw=33,experts=[0,6,7]; c18:bw=23,experts=[3,4]; c19:bw=39,experts=[2,3,4]; c44:bw=35,experts=[0,1,2]; c12:bw=52,experts=[0,1,2,6,7]; c48:bw=55,experts=[1,2,3,4,5]; c49:bw=48,experts=[4,5,6,7]; c17:bw=32,experts=[0,6,7]; c36:bw=50,experts=[0,1,5,6,7]; c45:bw=49,experts=[3,4,5,6]; c9:bw=58,experts=[2,3,4,5,6]; c4:bw=32,experts=[5,6,7]; c28:bw=47,experts=[3,4,5,6]; c20:bw=57,experts=[0,1,2,6,7]; c38:bw=10,experts=[1]; c40:bw=29,experts=[2,3]; c43:bw=10,experts=[1]; c37:bw=59,experts=[0,1,2,3,7]; c13:bw=63,experts=[0,1,2,3,4,5]; c2:bw=51,experts=[1,2,3,4,5]; c0:bw=19,experts=[2]; c14:bw=25,experts=[2,3]; c27:bw=39,experts=[0,1,7]; c3:bw=31,experts=[2,3,4]; c23:bw=22,experts=[4,5]; c42:bw=10,experts=[7]; c6:bw=22,experts=[4,5]","0.7274,1.0048,0.7883,1.6258,1.7144,0.8144,0.9793,0.6472,1.2950,1.2227,1.1336,2.0851,1.6094,0.8383,0.4624,1.3113,1.2862,1.1163,0.7983,1.3838,1.0955,0.8950,0.8269,0.9369,1.0235,1.0018,0.7631,0.6752,0.6709,2.6944,0.8426,0.8502,1.6764,1.1040,1.2465,0.8603,1.2782,0.6698,1.0604,0.8435,0.8560,0.8277,0.6613,0.4507,1.3807,1.2359,1.3662,1.3038,1.1347,1.2786"
94,2026-09-24 00:22:22,Ours,0.01,2.3488316397104576,44.66,44.78,90,62.7212,1:02.72,60.6486,0.7246,1.3423,5635.7564,1:33:55.76,50,"18,36,48,23,6,33,35,3,25,17,37,9,10,27,24,30,0,45,5,49,1,20,7,26,43,31,32,47,14,19,13,12,39,28,8,46,29,2,15,42,11,16,22,41,4,40,21,38,34,44",18:47;36:68;48:44;23:38;6:30;33:59;35:15;3:34;25:18;17:12;37:49;9:50;10:61;27:26;24:39;30:60;0:55;45:51;5:41;49:23;1:70;20:10;7:45;26:55;43:41;31:46;32:37;47:43;14:38;19:48;13:44;12:14;39:20;28:60;8:10;46:36;29:10;2:65;15:40;42:11;11:48;16:28;22:52;41:18;4:31;40:55;21:30;38:37;34:53;44:62,"18:[0,5,6,7];36:[2,3,4,5,6,7];48:[0,1,6,7];23:[0,6,7];6:[0,6,7];33:[0,1,2,6,7];35:[1];3:[5,6,7];25:[3];17:[1];37:[4,5,6,7];9:[0,1,2,3,7];10:[0,1,2,3,6,7];27:[2,3];24:[5,6,7];30:[0,1,2,5,6,7];0:[3,4,5,6,7];45:[0,1,2,3,7];5:[0,1,2,3];49:[0,1];1:[0,1,2,3,5,6,7];20:[3];7:[1,2,3,4];26:[0,1,2,3,7];43:[2,3,4,5];31:[1,2,3,4];32:[5,6,7];47:[3,4,5,6];14:[4,5,6];19:[0,5,6,7];13:[0,1,6,7];12:[3];39:[5,6];28:[0,1,2,3,4,7];8:[5];46:[5,6,7];29:[2];2:[0,1,2,3,6,7];15:[0,1,6,7];42:[0];11:[1,2,3,4];16:[4,5];22:[0,1,2,3,4];41:[5];4:[0,1,2];40:[0,4,5,6,7];21:[1,2,3];38:[2,3,4];34:[2,3,4,5,6];44:[0,3,4,5,6,7]","c18:bw=47,experts=[0,5,6,7]; c36:bw=68,experts=[2,3,4,5,6,7]; c48:bw=44,experts=[0,1,6,7]; c23:bw=38,experts=[0,6,7]; c6:bw=30,experts=[0,6,7]; c33:bw=59,experts=[0,1,2,6,7]; c35:bw=15,experts=[1]; c3:bw=34,experts=[5,6,7]; c25:bw=18,experts=[3]; c17:bw=12,experts=[1]; c37:bw=49,experts=[4,5,6,7]; c9:bw=50,experts=[0,1,2,3,7]; c10:bw=61,experts=[0,1,2,3,6,7]; c27:bw=26,experts=[2,3]; c24:bw=39,experts=[5,6,7]; c30:bw=60,experts=[0,1,2,5,6,7]; c0:bw=55,experts=[3,4,5,6,7]; c45:bw=51,experts=[0,1,2,3,7]; c5:bw=41,experts=[0,1,2,3]; c49:bw=23,experts=[0,1]; c1:bw=70,experts=[0,1,2,3,5,6,7]; c20:bw=10,experts=[3]; c7:bw=45,experts=[1,2,3,4]; c26:bw=55,experts=[0,1,2,3,7]; c43:bw=41,experts=[2,3,4,5]; c31:bw=46,experts=[1,2,3,4]; c32:bw=37,experts=[5,6,7]; c47:bw=43,experts=[3,4,5,6]; c14:bw=38,experts=[4,5,6]; c19:bw=48,experts=[0,5,6,7]; c13:bw=44,experts=[0,1,6,7]; c12:bw=14,experts=[3]; c39:bw=20,experts=[5,6]; c28:bw=60,experts=[0,1,2,3,4,7]; c8:bw=10,experts=[5]; c46:bw=36,experts=[5,6,7]; c29:bw=10,experts=[2]; c2:bw=65,experts=[0,1,2,3,6,7]; c15:bw=40,experts=[0,1,6,7]; c42:bw=11,experts=[0]; c11:bw=48,experts=[1,2,3,4]; c16:bw=28,experts=[4,5]; c22:bw=52,experts=[0,1,2,3,4]; c41:bw=18,experts=[5]; c4:bw=31,experts=[0,1,2]; c40:bw=55,experts=[0,4,5,6,7]; c21:bw=30,experts=[1,2,3]; c38:bw=37,experts=[2,3,4]; c34:bw=53,experts=[2,3,4,5,6]; c44:bw=62,experts=[0,3,4,5,6,7]","1.1898,0.8603,0.6892,1.3154,1.3517,1.1829,0.9877,1.5359,2.3196,0.9194,0.9600,1.2457,1.0982,1.3288,0.8866,1.2854,0.5193,1.9031,1.9336,3.0975,1.1093,1.4614,0.7536,1.4300,0.9669,1.3810,1.4271,0.8305,1.5737,1.1342,0.9236,0.7586,1.2472,0.9659,0.9173,0.9186,1.4459,0.7364,0.9325,1.1775,0.9147,1.9014,1.6424,0.5722,1.4091,1.1942,1.7082,0.7428,1.0108,0.8510"
95,2026-09-24 00:23:26,Ours,0.01,2.2721858947203826,44.61,44.78,90,63.1151,1:03.12,61.0335,0.7262,1.3502,5698.9309,1:34:58.93,50,"29,3,10,43,11,24,41,5,13,49,17,26,30,36,19,37,22,4,25,31,44,6,20,16,45,39,48,15,34,1,35,21,12,33,28,0,9,2,47,40,32,8,42,7,23,27,14,18,46,38",29:48;3:41;10:42;43:51;11:10;24:33;41:45;5:10;13:59;49:41;17:47;26:28;30:67;36:39;19:42;37:56;22:10;4:15;25:36;31:23;44:33;6:40;20:56;16:24;45:43;39:56;48:33;15:34;34:67;1:31;35:47;21:46;12:10;33:52;28:30;0:35;9:42;2:23;47:31;40:42;32:37;8:76;42:56;7:59;23:32;27:10;14:49;18:28;46:14;38:50,"29:[3,4,5,6];3:[0,1,2,3];10:[4,5,6,7];43:[0,1,2,6,7];11:[5];24:[0,1,2];41:[0,1,6,7];5:[4];13:[2,3,4,5,6];49:[2,3,4,5];17:[2,3,4,5];26:[4,5];30:[0,3,4,5,6,7];36:[0,1,2];19:[1,2,3,4];37:[0,1,2,3,4];22:[5];4:[3];25:[4,5,6];31:[5,6];44:[1,2,3];6:[1,2,3,4];20:[0,4,5,6,7];16:[6,7];45:[4,5,6,7];39:[0,1,2,3,7];48:[2,3,4];15:[2,3,4];34:[0,1,2,3,4,7];1:[4,5,6];35:[2,3,4,5];21:[4,5,6,7];12:[4];33:[3,4,5,6,7];28:[5,6,7];0:[0,1,2];9:[4,5,6,7];2:[4,5];47:[0,1,7];40:[1,2,3,4];32:[0,1,2];8:[0,1,2,3,4,6,7];42:[1,2,3,4,5];7:[0,1,5,6,7];23:[1,2,3];27:[4];14:[0,1,2,7];18:[1,2];46:[0];38:[0,1,5,6,7]","c29:bw=48,experts=[3,4,5,6]; c3:bw=41,experts=[0,1,2,3]; c10:bw=42,experts=[4,5,6,7]; c43:bw=51,experts=[0,1,2,6,7]; c11:bw=10,experts=[5]; c24:bw=33,experts=[0,1,2]; c41:bw=45,experts=[0,1,6,7]; c5:bw=10,experts=[4]; c13:bw=59,experts=[2,3,4,5,6]; c49:bw=41,experts=[2,3,4,5]; c17:bw=47,experts=[2,3,4,5]; c26:bw=28,experts=[4,5]; c30:bw=67,experts=[0,3,4,5,6,7]; c36:bw=39,experts=[0,1,2]; c19:bw=42,experts=[1,2,3,4]; c37:bw=56,experts=[0,1,2,3,4]; c22:bw=10,experts=[5]; c4:bw=15,experts=[3]; c25:bw=36,experts=[4,5,6]; c31:bw=23,experts=[5,6]; c44:bw=33,experts=[1,2,3]; c6:bw=40,experts=[1,2,3,4]; c20:bw=56,experts=[0,4,5,6,7]; c16:bw=24,experts=[6,7]; c45:bw=43,experts=[4,5,6,7]; c39:bw=56,experts=[0,1,2,3,7]; c48:bw=33,experts=[2,3,4]; c15:bw=34,experts=[2,3,4]; c34:bw=67,experts=[0,1,2,3,4,7]; c1:bw=31,experts=[4,5,6]; c35:bw=47,experts=[2,3,4,5]; c21:bw=46,experts=[4,5,6,7]; c12:bw=10,experts=[4]; c33:bw=52,experts=[3,4,5,6,7]; c28:bw=30,experts=[5,6,7]; c0:bw=35,experts=[0,1,2]; c9:bw=42,experts=[4,5,6,7]; c2:bw=23,experts=[4,5]; c47:bw=31,experts=[0,1,7]; c40:bw=42,experts=[1,2,3,4]; c32:bw=37,experts=[0,1,2]; c8:bw=76,experts=[0,1,2,3,4,6,7]; c42:bw=56,experts=[1,2,3,4,5]; c7:bw=59,experts=[0,1,5,6,7]; c23:bw=32,experts=[1,2,3]; c27:bw=10,experts=[4]; c14:bw=49,experts=[0,1,2,7]; c18:bw=28,experts=[1,2]; c46:bw=14,experts=[0]; c38:bw=50,experts=[0,1,5,6,7]","1.4690,1.3122,1.1093,0.9608,0.9091,0.8877,0.5194,1.8535,0.9343,3.0359,0.9780,1.4679,1.2630,0.9413,1.1932,0.9913,1.6411,1.3949,2.3781,1.3865,0.8801,1.4702,1.4507,1.9164,1.8862,1.2480,0.7605,0.9220,1.0103,1.1021,1.0321,1.7108,0.7715,1.2366,0.9635,0.5168,1.2226,0.7513,0.8165,1.2074,1.5337,0.9194,1.1384,0.7775,1.4228,1.3255,1.5450,1.1736,0.9314,0.7636"
96,2026-09-24 00:24:29,Ours,0.01,2.3381053583350937,44.1,44.78,90,63.3663,1:03.37,61.3522,0.7026,1.3056,5762.3459,1:36:02.35,50,"47,26,22,9,43,36,19,4,40,45,29,16,3,38,30,34,11,5,23,46,37,32,17,7,35,20,10,2,49,12,41,1,33,18,39,13,6,44,21,48,0,8,27,24,15,25,31,42,28,14",47:28;26:60;22:55;9:44;43:33;36:55;19:38;4:49;40:58;45:43;29:55;16:72;3:46;38:54;30:55;34:56;11:44;5:60;23:27;46:38;37:57;32:54;17:35;7:50;35:14;20:37;10:53;2:65;49:40;12:71;41:10;1:36;33:49;18:29;39:36;13:55;6:31;44:13;21:17;48:35;0:36;8:64;27:43;24:45;15:78;25:29;31:39;42:10;28:38;14:10,"47:[2,3];26:[0,1,2,3,6,7];22:[0,1,2,6,7];9:[0,1,2,3];43:[3,4,5];36:[3,4,5,6,7];19:[5,6,7];4:[4,5,6,7];40:[0,1,5,6,7];45:[0,1,2,3];29:[0,1,2,3,7];16:[0,1,2,3,4,5,6];3:[4,5,6,7];38:[2,3,4,5,6];30:[1,2,3,4,5];34:[0,1,5,6,7];11:[0,1,6,7];5:[0,1,2,5,6,7];23:[4,5];46:[1,2,3];37:[0,1,5,6,7];32:[3,4,5,6,7];17:[0,6,7];7:[2,3,4,5,6];35:[6];20:[1,2,3];10:[0,1,2,3,4];2:[0,1,2,3,6,7];49:[0,1,6,7];12:[0,1,2,3,5,6,7];41:[2];1:[0,1,7];33:[0,1,2,3];18:[3,4];39:[4,5,6];13:[0,1,2,3,7];6:[5,6,7];44:[4];21:[0];48:[5,6,7];0:[3,4,5];8:[0,1,2,5,6,7];27:[0,5,6,7];24:[3,4,5,6];15:[0,1,2,3,5,6,7];25:[0,7];31:[0,1,7];42:[6];28:[0,1,2];14:[3]","c47:bw=28,experts=[2,3]; c26:bw=60,experts=[0,1,2,3,6,7]; c22:bw=55,experts=[0,1,2,6,7]; c9:bw=44,experts=[0,1,2,3]; c43:bw=33,experts=[3,4,5]; c36:bw=55,experts=[3,4,5,6,7]; c19:bw=38,experts=[5,6,7]; c4:bw=49,experts=[4,5,6,7]; c40:bw=58,experts=[0,1,5,6,7]; c45:bw=43,experts=[0,1,2,3]; c29:bw=55,experts=[0,1,2,3,7]; c16:bw=72,experts=[0,1,2,3,4,5,6]; c3:bw=46,experts=[4,5,6,7]; c38:bw=54,experts=[2,3,4,5,6]; c30:bw=55,experts=[1,2,3,4,5]; c34:bw=56,experts=[0,1,5,6,7]; c11:bw=44,experts=[0,1,6,7]; c5:bw=60,experts=[0,1,2,5,6,7]; c23:bw=27,experts=[4,5]; c46:bw=38,experts=[1,2,3]; c37:bw=57,experts=[0,1,5,6,7]; c32:bw=54,experts=[3,4,5,6,7]; c17:bw=35,experts=[0,6,7]; c7:bw=50,experts=[2,3,4,5,6]; c35:bw=14,experts=[6]; c20:bw=37,experts=[1,2,3]; c10:bw=53,experts=[0,1,2,3,4]; c2:bw=65,experts=[0,1,2,3,6,7]; c49:bw=40,experts=[0,1,6,7]; c12:bw=71,experts=[0,1,2,3,5,6,7]; c41:bw=10,experts=[2]; c1:bw=36,experts=[0,1,7]; c33:bw=49,experts=[0,1,2,3]; c18:bw=29,experts=[3,4]; c39:bw=36,experts=[4,5,6]; c13:bw=55,experts=[0,1,2,3,7]; c6:bw=31,experts=[5,6,7]; c44:bw=13,experts=[4]; c21:bw=17,experts=[0]; c48:bw=35,experts=[5,6,7]; c0:bw=36,experts=[3,4,5]; c8:bw=64,experts=[0,1,2,5,6,7]; c27:bw=43,experts=[0,5,6,7]; c24:bw=45,experts=[3,4,5,6]; c15:bw=78,experts=[0,1,2,3,5,6,7]; c25:bw=29,experts=[0,7]; c31:bw=39,experts=[0,1,7]; c42:bw=10,experts=[6]; c28:bw=38,experts=[0,1,2]; c14:bw=10,experts=[3]","0.8404,1.4608,1.5955,1.2625,0.9896,0.9669,1.1521,1.4267,1.2810,1.9201,1.4551,1.9585,1.4553,0.7626,1.2929,1.0103,0.9277,1.8708,1.4387,0.9364,0.9947,1.4457,0.9530,0.7540,1.0606,1.4511,1.1374,0.7596,3.0885,0.7393,0.5231,1.1290,1.2247,1.1732,1.3231,0.9289,1.4416,0.9009,1.7640,0.7410,0.5041,0.8998,1.3432,0.8719,0.9300,2.2859,1.3461,1.1081,0.9471,1.5785"
97,2026-09-24 00:25:32,Ours,0.01,2.268008057193025,45.9,45.9,97,63.3238,1:03.32,61.312,0.7234,1.283,5825.7194,1:37:05.72,50,"37,22,44,9,42,0,35,36,5,21,17,47,11,49,20,43,16,6,12,25,4,33,7,40,24,15,14,23,46,34,32,38,27,8,1,29,26,31,30,10,3,39,13,45,18,2,48,41,28,19",37:30;22:32;44:22;9:43;42:52;0:41;35:12;36:42;5:46;21:35;17:54;47:66;11:22;49:29;20:42;43:48;16:54;6:50;12:13;25:44;4:16;33:50;7:30;40:42;24:46;15:59;14:23;23:10;46:43;34:23;32:21;38:50;27:34;8:43;1:50;29:33;26:71;31:50;30:50;10:51;3:35;39:45;13:51;45:61;18:70;2:54;48:21;41:43;28:20;19:30,"37:[2,3,4];22:[3,4,5];44:[5,6];9:[4,5,6,7];42:[0,1,2,3,7];0:[0,1,6,7];35:[7];36:[0,1,2,3];5:[3,4,5,6];21:[1,2,3];17:[1,2,3,4,5];47:[0,1,4,5,6,7];11:[2,3];49:[2,3];20:[4,5,6,7];43:[0,1,6,7];16:[0,1,2,3,7];6:[0,1,2,3,4];12:[4];25:[1,2,3,4];4:[0];33:[0,4,5,6,7];7:[0,1,7];40:[2,3,4,5];24:[0,1,2,7];15:[0,4,5,6,7];14:[4,5];23:[6];46:[4,5,6,7];34:[2,3];32:[0,1];38:[0,1,2,3,7];27:[1,2,3];8:[3,4,5,6];1:[2,3,4,5,6];29:[4,5,6];26:[0,1,2,4,5,6,7];31:[2,3,4,5,6];30:[0,1,2,6,7];10:[0,1,5,6,7];3:[0,1,2];39:[0,1,2,7];13:[0,4,5,6,7];45:[0,1,4,5,6,7];18:[0,1,2,3,5,6,7];2:[0,4,5,6,7];48:[0,1];41:[3,4,5,6];28:[3,4];19:[0,1,2]","c37:bw=30,experts=[2,3,4]; c22:bw=32,experts=[3,4,5]; c44:bw=22,experts=[5,6]; c9:bw=43,experts=[4,5,6,7]; c42:bw=52,experts=[0,1,2,3,7]; c0:bw=41,experts=[0,1,6,7]; c35:bw=12,experts=[7]; c36:bw=42,experts=[0,1,2,3]; c5:bw=46,experts=[3,4,5,6]; c21:bw=35,experts=[1,2,3]; c17:bw=54,experts=[1,2,3,4,5]; c47:bw=66,experts=[0,1,4,5,6,7]; c11:bw=22,experts=[2,3]; c49:bw=29,experts=[2,3]; c20:bw=42,experts=[4,5,6,7]; c43:bw=48,experts=[0,1,6,7]; c16:bw=54,experts=[0,1,2,3,7]; c6:bw=50,experts=[0,1,2,3,4]; c12:bw=13,experts=[4]; c25:bw=44,experts=[1,2,3,4]; c4:bw=16,experts=[0]; c33:bw=50,experts=[0,4,5,6,7]; c7:bw=30,experts=[0,1,7]; c40:bw=42,experts=[2,3,4,5]; c24:bw=46,experts=[0,1,2,7]; c15:bw=59,experts=[0,4,5,6,7]; c14:bw=23,experts=[4,5]; c23:bw=10,experts=[6]; c46:bw=43,experts=[4,5,6,7]; c34:bw=23,experts=[2,3]; c32:bw=21,experts=[0,1]; c38:bw=50,experts=[0,1,2,3,7]; c27:bw=34,experts=[1,2,3]; c8:bw=43,experts=[3,4,5,6]; c1:bw=50,experts=[2,3,4,5,6]; c29:bw=33,experts=[4,5,6]; c26:bw=71,experts=[0,1,2,4,5,6,7]; c31:bw=50,experts=[2,3,4,5,6]; c30:bw=50,experts=[0,1,2,6,7]; c10:bw=51,experts=[0,1,5,6,7]; c3:bw=35,experts=[0,1,2]; c39:bw=45,experts=[0,1,2,7]; c13:bw=51,experts=[0,4,5,6,7]; c45:bw=61,experts=[0,1,4,5,6,7]; c18:bw=70,experts=[0,1,2,3,5,6,7]; c2:bw=54,experts=[0,4,5,6,7]; c48:bw=21,experts=[0,1]; c41:bw=43,experts=[3,4,5,6]; c28:bw=20,experts=[3,4]; c19:bw=30,experts=[0,1,2]","0.9690,1.6004,0.8555,1.2436,1.1700,0.5144,1.0384,0.9445,1.8567,1.7161,0.9815,0.8677,0.9669,3.0168,1.4701,0.9831,1.9353,1.4545,0.7373,2.3306,1.4443,1.3173,0.7724,1.2785,0.8736,0.9350,1.6749,1.4473,0.9433,1.0020,1.4344,0.7814,1.3083,0.9179,1.1955,1.4742,1.4535,1.3714,1.2754,1.1098,1.3196,1.2263,0.9376,1.8926,1.1752,0.7302,0.7551,0.5149,0.9744,1.1238"
98,2026-09-24 00:26:35,Ours,0.01,2.271048565843959,44.89,45.9,97,62.9649,1:02.96,60.9246,0.7212,1.3133,5888.7425,1:38:08.74,50,"8,24,23,40,31,20,28,48,6,3,33,34,4,26,43,13,0,19,47,2,32,5,30,27,22,18,35,17,38,25,16,44,14,42,9,45,37,29,1,39,7,15,10,12,46,11,49,21,36,41",8:54;24:48;23:40;40:34;31:42;20:36;28:52;48:55;6:36;3:25;33:46;34:67;4:52;26:54;43:51;13:31;0:33;19:45;47:26;2:24;32:58;5:49;30:39;27:41;22:34;18:32;35:22;17:17;38:43;25:55;16:41;44:51;14:67;42:72;9:27;45:37;37:47;29:47;1:26;39:56;7:24;15:17;10:45;12:16;46:73;11:10;49:24;21:22;36:46;41:72,"8:[0,1,2,3,7];24:[3,4,5,6];23:[0,1,2,7];40:[0,6,7];31:[0,1,2,7];20:[0,1,2];28:[0,1,5,6,7];48:[2,3,4,5,6];6:[5,6,7];3:[3,4];33:[1,2,3,4];34:[0,1,4,5,6,7];4:[1,2,3,4,5];26:[3,4,5,6,7];43:[2,3,4,5,6];13:[1,2,3];0:[2,3,4];19:[3,4,5,6];47:[2,3];2:[1,2];32:[2,3,4,5,6];5:[0,1,2,7];30:[3,4,5];27:[4,5,6,7];22:[0,6,7];18:[4,5,6];35:[0,1];17:[6];38:[4,5,6,7];25:[0,1,5,6,7];16:[4,5,6,7];44:[0,1,2,3,7];14:[0,1,2,3,6,7];42:[0,1,2,4,5,6,7];9:[0,1];45:[2,3,4];37:[0,5,6,7];29:[0,1,2,7];1:[0,7];39:[3,4,5,6,7];7:[2,3];15:[1];10:[2,3,4,5];12:[5];46:[0,1,2,3,4,5,6];11:[4];49:[4,5];21:[4,5];36:[4,5,6,7];41:[0,1,2,3,4,5,7]","c8:bw=54,experts=[0,1,2,3,7]; c24:bw=48,experts=[3,4,5,6]; c23:bw=40,experts=[0,1,2,7]; c40:bw=34,experts=[0,6,7]; c31:bw=42,experts=[0,1,2,7]; c20:bw=36,experts=[0,1,2]; c28:bw=52,experts=[0,1,5,6,7]; c48:bw=55,experts=[2,3,4,5,6]; c6:bw=36,experts=[5,6,7]; c3:bw=25,experts=[3,4]; c33:bw=46,experts=[1,2,3,4]; c34:bw=67,experts=[0,1,4,5,6,7]; c4:bw=52,experts=[1,2,3,4,5]; c26:bw=54,experts=[3,4,5,6,7]; c43:bw=51,experts=[2,3,4,5,6]; c13:bw=31,experts=[1,2,3]; c0:bw=33,experts=[2,3,4]; c19:bw=45,experts=[3,4,5,6]; c47:bw=26,experts=[2,3]; c2:bw=24,experts=[1,2]; c32:bw=58,experts=[2,3,4,5,6]; c5:bw=49,experts=[0,1,2,7]; c30:bw=39,experts=[3,4,5]; c27:bw=41,experts=[4,5,6,7]; c22:bw=34,experts=[0,6,7]; c18:bw=32,experts=[4,5,6]; c35:bw=22,experts=[0,1]; c17:bw=17,experts=[6]; c38:bw=43,experts=[4,5,6,7]; c25:bw=55,experts=[0,1,5,6,7]; c16:bw=41,experts=[4,5,6,7]; c44:bw=51,experts=[0,1,2,3,7]; c14:bw=67,experts=[0,1,2,3,6,7]; c42:bw=72,experts=[0,1,2,4,5,6,7]; c9:bw=27,experts=[0,1]; c45:bw=37,experts=[2,3,4]; c37:bw=47,experts=[0,5,6,7]; c29:bw=47,experts=[0,1,2,7]; c1:bw=26,experts=[0,7]; c39:bw=56,experts=[3,4,5,6,7]; c7:bw=24,experts=[2,3]; c15:bw=17,experts=[1]; c10:bw=45,experts=[2,3,4,5]; c12:bw=16,experts=[5]; c46:bw=73,experts=[0,1,2,3,4,5,6]; c11:bw=10,experts=[4]; c49:bw=24,experts=[4,5]; c21:bw=22,experts=[4,5]; c36:bw=46,experts=[4,5,6,7]; c41:bw=72,experts=[0,1,2,3,4,5,7]","0.9287,0.8636,1.4283,1.2094,1.3812,1.4555,0.9532,0.7885,1.5000,1.3338,1.2452,1.0378,1.4332,1.4886,0.9827,0.9377,0.5277,1.1313,0.8193,0.7540,1.4421,1.8404,1.2660,1.3406,1.5641,1.1682,1.0358,0.9555,0.7726,2.3526,1.9958,0.8644,1.6329,1.1984,1.2113,1.8780,0.9565,1.4460,1.1347,1.2219,0.7508,0.9098,1.1036,0.7489,0.9215,0.8759,3.0285,1.6600,0.9382,0.5098"
99,2026-09-24 00:27:39,Ours,0.01,2.298768626892749,44.65,45.9,97,63.8167,1:03.82,61.8099,0.7261,1.2754,5952.6225,1:39:12.62,50,"16,44,9,25,35,38,8,43,2,3,33,45,18,40,10,39,1,28,26,12,22,6,41,29,30,24,37,15,17,13,48,42,4,14,34,31,20,49,21,46,0,7,27,32,11,47,36,19,23,5",16:34;44:36;9:20;25:27;35:63;38:21;8:34;43:26;2:31;3:38;33:16;45:33;18:55;40:55;10:11;39:40;1:59;28:28;26:18;12:34;22:18;6:35;41:37;29:57;30:36;24:42;37:58;15:47;17:43;13:25;48:45;42:10;4:24;14:33;34:56;31:36;20:26;49:10;21:56;46:21;0:40;7:45;27:10;32:10;11:10;47:59;36:46;19:48;23:33;5:49,"16:[0,1,2];44:[4,5,6];9:[2,3];25:[2,3];35:[2,3,4,5,6,7];38:[0,1];8:[4,5,6];43:[0,7];2:[3,4,5];3:[5,6,7];33:[5];45:[5,6,7];18:[0,1,2,3,7];40:[1,2,3,4,5];10:[6];39:[0,1,2,3];1:[1,2,3,4,5];28:[2,3];26:[0];12:[0,6,7];22:[1];6:[0,1,2];41:[0,6,7];29:[3,4,5,6,7];30:[0,6,7];24:[0,1,2,7];37:[1,2,3,4,5];15:[2,3,4,5];17:[0,1,2,7];13:[4,5];48:[0,1,2,7];42:[3];4:[6,7];14:[4,5,6];34:[2,3,4,5,6];31:[3,4,5];20:[3,4];49:[6];21:[0,1,2,6,7];46:[0,7];0:[0,5,6,7];7:[4,5,6,7];27:[0];32:[7];11:[5];47:[0,4,5,6,7];36:[0,1,2,3];19:[0,1,2,7];23:[3,4,5];5:[3,4,5,6]","c16:bw=34,experts=[0,1,2]; c44:bw=36,experts=[4,5,6]; c9:bw=20,experts=[2,3]; c25:bw=27,experts=[2,3]; c35:bw=63,experts=[2,3,4,5,6,7]; c38:bw=21,experts=[0,1]; c8:bw=34,experts=[4,5,6]; c43:bw=26,experts=[0,7]; c2:bw=31,experts=[3,4,5]; c3:bw=38,experts=[5,6,7]; c33:bw=16,experts=[5]; c45:bw=33,experts=[5,6,7]; c18:bw=55,experts=[0,1,2,3,7]; c40:bw=55,experts=[1,2,3,4,5]; c10:bw=11,experts=[6]; c39:bw=40,experts=[0,1,2,3]; c1:bw=59,experts=[1,2,3,4,5]; c28:bw=28,experts=[2,3]; c26:bw=18,experts=[0]; c12:bw=34,experts=[0,6,7]; c22:bw=18,experts=[1]; c6:bw=35,experts=[0,1,2]; c41:bw=37,experts=[0,6,7]; c29:bw=57,experts=[3,4,5,6,7]; c30:bw=36,experts=[0,6,7]; c24:bw=42,experts=[0,1,2,7]; c37:bw=58,experts=[1,2,3,4,5]; c15:bw=47,experts=[2,3,4,5]; c17:bw=43,experts=[0,1,2,7]; c13:bw=25,experts=[4,5]; c48:bw=45,experts=[0,1,2,7]; c42:bw=10,experts=[3]; c4:bw=24,experts=[6,7]; c14:bw=33,experts=[4,5,6]; c34:bw=56,experts=[2,3,4,5,6]; c31:bw=36,experts=[3,4,5]; c20:bw=26,experts=[3,4]; c49:bw=10,experts=[6]; c21:bw=56,experts=[0,1,2,6,7]; c46:bw=21,experts=[0,7]; c0:bw=40,experts=[0,5,6,7]; c7:bw=45,experts=[4,5,6,7]; c27:bw=10,experts=[0]; c32:bw=10,experts=[7]; c11:bw=10,experts=[5]; c47:bw=59,experts=[0,4,5,6,7]; c36:bw=46,experts=[0,1,2,3]; c19:bw=48,experts=[0,1,2,7]; c23:bw=33,experts=[3,4,5]; c5:bw=49,experts=[3,4,5,6]","1.9184,0.8562,1.2135,2.3016,1.1246,0.8091,0.9181,0.9543,0.7428,1.3018,1.2794,1.9276,1.1409,1.2622,1.1274,1.2962,1.1551,1.0090,1.4643,0.7582,1.6250,1.4226,0.5163,1.4929,1.2565,0.8784,0.9968,0.9576,0.9860,0.9464,0.8051,1.2563,1.4661,1.6067,1.0283,1.3709,1.4499,3.1233,1.7233,0.9487,0.5389,0.7605,1.3823,1.4564,0.9350,0.8504,1.0167,1.1333,1.4410,1.8774"
100,2026-09-24 00:28:43,Ours,0.01,2.268032322298097,45.06,45.9,97,64.0142,1:04.01,61.7182,0.7344,1.5558,6016.7026,1:40:16.70,50,"22,8,5,36,0,7,43,26,16,38,12,17,32,11,6,40,41,44,25,33,19,27,46,1,47,42,3,24,18,9,28,48,4,15,2,45,14,39,35,31,23,13,30,37,21,34,29,49,20,10",22:36;8:44;5:18;36:52;0:64;7:10;43:61;26:38;16:46;38:52;12:37;17:55;32:16;11:17;6:44;40:20;41:48;44:16;25:45;33:32;19:18;27:20;46:21;1:17;47:10;42:44;3:42;24:53;18:80;9:53;28:50;48:60;4:65;15:30;2:30;45:47;14:10;39:36;35:38;31:16;23:16;13:10;30:61;37:40;21:47;34:66;29:33;49:32;20:47;10:56,"22:[2,3,4];8:[0,1,2,7];5:[7];36:[0,4,5,6,7];0:[1,2,3,4,5,6];7:[0];43:[1,2,3,4,5,6];26:[1,2,3];16:[3,4,5,6];38:[2,3,4,5,6];12:[1,2,3];17:[3,4,5,6,7];32:[0];11:[6];6:[3,4,5,6];40:[6,7];41:[1,2,3,4];44:[7];25:[4,5,6,7];33:[0,6,7];19:[3];27:[1,2];46:[1,2];1:[6];47:[1];42:[4,5,6,7];3:[0,1,2,3];24:[3,4,5,6,7];18:[0,1,2,3,4,5,6,7];9:[0,4,5,6,7];28:[0,4,5,6,7];48:[0,3,4,5,6,7];4:[0,1,2,3,4,5];15:[0,6,7];2:[0,6,7];45:[0,1,2,3];14:[7];39:[4,5,6];35:[0,1,2];31:[6];23:[6];13:[6];30:[1,2,3,4,5,6];37:[0,1,6,7];21:[3,4,5,6];34:[0,1,2,3,4,7];29:[0,1,2];49:[0,1,7];20:[0,5,6,7];10:[0,1,2,3,7]","c22:bw=36,experts=[2,3,4]; c8:bw=44,experts=[0,1,2,7]; c5:bw=18,experts=[7]; c36:bw=52,experts=[0,4,5,6,7]; c0:bw=64,experts=[1,2,3,4,5,6]; c7:bw=10,experts=[0]; c43:bw=61,experts=[1,2,3,4,5,6]; c26:bw=38,experts=[1,2,3]; c16:bw=46,experts=[3,4,5,6]; c38:bw=52,experts=[2,3,4,5,6]; c12:bw=37,experts=[1,2,3]; c17:bw=55,experts=[3,4,5,6,7]; c32:bw=16,experts=[0]; c11:bw=17,experts=[6]; c6:bw=44,experts=[3,4,5,6]; c40:bw=20,experts=[6,7]; c41:bw=48,experts=[1,2,3,4]; c44:bw=16,experts=[7]; c25:bw=45,experts=[4,5,6,7]; c33:bw=32,experts=[0,6,7]; c19:bw=18,experts=[3]; c27:bw=20,experts=[1,2]; c46:bw=21,experts=[1,2]; c1:bw=17,experts=[6]; c47:bw=10,experts=[1]; c42:bw=44,experts=[4,5,6,7]; c3:bw=42,experts=[0,1,2,3]; c24:bw=53,experts=[3,4,5,6,7]; c18:bw=80,experts=[0,1,2,3,4,5,6,7]; c9:bw=53,experts=[0,4,5,6,7]; c28:bw=50,experts=[0,4,5,6,7]; c48:bw=60,experts=[0,3,4,5,6,7]; c4:bw=65,experts=[0,1,2,3,4,5]; c15:bw=30,experts=[0,6,7]; c2:bw=30,experts=[0,6,7]; c45:bw=47,experts=[0,1,2,3]; c14:bw=10,experts=[7]; c39:bw=36,experts=[4,5,6]; c35:bw=38,experts=[0,1,2]; c31:bw=16,experts=[6]; c23:bw=16,experts=[6]; c13:bw=10,experts=[6]; c30:bw=61,experts=[1,2,3,4,5,6]; c37:bw=40,experts=[0,1,6,7]; c21:bw=47,experts=[3,4,5,6]; c34:bw=66,experts=[0,1,2,3,4,7]; c29:bw=33,experts=[0,1,2]; c49:bw=32,experts=[0,1,7]; c20:bw=47,experts=[0,5,6,7]; c10:bw=56,experts=[0,1,2,3,7]","1.5834,0.9159,1.9055,0.9590,0.5236,0.7191,0.9786,1.4400,2.0302,0.7724,0.7849,0.9624,1.4416,0.9126,1.4331,1.1636,0.5202,0.8516,2.3197,1.2790,1.1068,1.3225,0.9108,1.0972,0.7688,1.0568,1.2142,0.7962,1.0961,1.1696,0.8992,0.7044,1.7616,1.0373,0.7840,2.0034,1.6722,1.2731,1.0822,1.4105,1.4811,0.9723,1.3290,1.0116,1.7363,1.0471,1.5179,3.2305,1.5156,1.2134"
