Round,Timestamp,Method,LR,AvgLoss,TestAcc,BestAcc,BestRound,RoundTimeSec,RoundTimeHMS,LocalTrainTimeSec,AggTimeSec,EvalTimeSec,CumulativeTimeSec,CumulativeTimeHMS,NumClientsSelected,SelectedClients,Bandwidth,SelectedExperts,UploadDetail,ClientTrainTimesSec
1,2026-09-23 18:32:38,Ours,0.00208,4.0609832638291605,1.03,1.03,1,52.4422,0:52.44,51.0566,0.2614,1.1221,52.4423,0:52.44,20,"0,17,15,1,8,5,11,3,18,16,13,2,9,19,4,12,7,10,14,6",0:10;17:34;15:58;1:29;8:55;5:44;11:24;3:51;18:30;16:48;13:42;2:29;9:45;19:40;4:40;12:23;7:20;10:22;14:54;6:41,"0:[0];17:[1,2,3];15:[0,1,2,3,7];1:[1,2];8:[0,1,2,3,4];5:[0,5,6,7];11:[3,4];3:[3,4,5,6,7];18:[2,3,4];16:[0,1,2,3];13:[0,5,6,7];2:[2,3];9:[1,2,3,4];19:[3,4,5,6];4:[4,5,6,7];12:[4,5];7:[0,7];10:[2,3];14:[0,1,2,6,7];6:[0,1,6,7]","c0:bw=10,experts=[0]; c17:bw=34,experts=[1,2,3]; c15:bw=58,experts=[0,1,2,3,7]; c1:bw=29,experts=[1,2]; c8:bw=55,experts=[0,1,2,3,4]; c5:bw=44,experts=[0,5,6,7]; c11:bw=24,experts=[3,4]; c3:bw=51,experts=[3,4,5,6,7]; c18:bw=30,experts=[2,3,4]; c16:bw=48,experts=[0,1,2,3]; c13:bw=42,experts=[0,5,6,7]; c2:bw=29,experts=[2,3]; c9:bw=45,experts=[1,2,3,4]; c19:bw=40,experts=[3,4,5,6]; c4:bw=40,experts=[4,5,6,7]; c12:bw=23,experts=[4,5]; c7:bw=20,experts=[0,7]; c10:bw=22,experts=[2,3]; c14:bw=54,experts=[0,1,2,6,7]; c6:bw=41,experts=[0,1,6,7]","1.9549,2.2043,2.8166,3.6977,2.3166,1.2016,2.3511,1.4201,3.0918,2.0550,3.9347,2.5099,2.2993,3.6779,3.1402,2.4511,3.0589,1.1590,3.6868,2.0292"
2,2026-09-23 18:33:29,Ours,0.00406,3.8108442379879692,3.15,3.15,2,50.5193,0:50.52,49.1519,0.2587,1.1064,103.1422,1:43.14,20,"19,16,15,5,4,12,14,7,3,6,2,9,13,10,18,8,17,11,0,1",19:53;16:16;15:62;5:69;4:30;12:16;14:26;7:55;3:67;6:17;2:22;9:46;13:54;10:59;18:24;8:48;17:51;11:29;0:36;1:41,"19:[0,1,2,3,7];16:[4];15:[0,1,4,5,6,7];5:[1,2,3,4,5,6];4:[0,1,2];12:[6];14:[3,4];7:[1,2,3,4,5];3:[0,1,2,3,4,5];6:[2];2:[4,5];9:[0,5,6,7];13:[1,2,3,4,5];10:[0,4,5,6,7];18:[5,6];8:[0,5,6,7];17:[0,4,5,6,7];11:[5,6];0:[1,2,3];1:[3,4,5,6]","c19:bw=53,experts=[0,1,2,3,7]; c16:bw=16,experts=[4]; c15:bw=62,experts=[0,1,4,5,6,7]; c5:bw=69,experts=[1,2,3,4,5,6]; c4:bw=30,experts=[0,1,2]; c12:bw=16,experts=[6]; c14:bw=26,experts=[3,4]; c7:bw=55,experts=[1,2,3,4,5]; c3:bw=67,experts=[0,1,2,3,4,5]; c6:bw=17,experts=[2]; c2:bw=22,experts=[4,5]; c9:bw=46,experts=[0,5,6,7]; c13:bw=54,experts=[1,2,3,4,5]; c10:bw=59,experts=[0,4,5,6,7]; c18:bw=24,experts=[5,6]; c8:bw=48,experts=[0,5,6,7]; c17:bw=51,experts=[0,4,5,6,7]; c11:bw=29,experts=[5,6]; c0:bw=36,experts=[1,2,3]; c1:bw=41,experts=[3,4,5,6]","3.5295,1.9833,2.7424,1.1789,3.2548,2.3793,3.7245,3.1235,1.3811,1.9159,2.4727,2.1082,3.9773,1.1214,2.9110,2.1817,2.0613,2.1743,1.3617,3.5690"
3,2026-09-23 18:34:18,Ours,0.006040000000000001,3.6917702007762268,3.85,3.85,3,49.6936,0:49.69,48.3065,0.2604,1.1209,152.8498,2:32.85,20,"10,7,0,2,5,18,16,12,4,14,15,9,1,13,11,19,3,17,6,8",10:10;7:33;0:50;2:42;5:13;18:40;16:31;12:37;4:52;14:53;15:16;9:48;1:13;13:54;11:66;19:24;3:26;17:41;6:40;8:30,"10:[1];7:[0,6,7];0:[0,4,5,6,7];2:[0,1,6,7];5:[7];18:[0,1,2,7];16:[5,6,7];12:[0,1,7];4:[3,4,5,6,7];14:[0,1,5,6,7];15:[2];9:[1,2,3,4];1:[7];13:[0,1,2,6,7];11:[0,1,2,3,4,7];19:[4,5];3:[6,7];17:[1,2,3,4];6:[3,4,5,6];8:[1,2,3]","c10:bw=10,experts=[1]; c7:bw=33,experts=[0,6,7]; c0:bw=50,experts=[0,4,5,6,7]; c2:bw=42,experts=[0,1,6,7]; c5:bw=13,experts=[7]; c18:bw=40,experts=[0,1,2,7]; c16:bw=31,experts=[5,6,7]; c12:bw=37,experts=[0,1,7]; c4:bw=52,experts=[3,4,5,6,7]; c14:bw=53,experts=[0,1,5,6,7]; c15:bw=16,experts=[2]; c9:bw=48,experts=[1,2,3,4]; c1:bw=13,experts=[7]; c13:bw=54,experts=[0,1,2,6,7]; c11:bw=66,experts=[0,1,2,3,4,7]; c19:bw=24,experts=[4,5]; c3:bw=26,experts=[6,7]; c17:bw=41,experts=[1,2,3,4]; c6:bw=40,experts=[3,4,5,6]; c8:bw=30,experts=[1,2,3]","1.1201,2.9874,1.3467,2.4720,1.1613,2.8055,1.9465,2.3275,3.1376,3.7875,2.7123,2.0657,3.4613,4.0709,2.1805,3.3684,1.3360,2.0565,1.8621,2.1007"
4,2026-09-23 18:35:08,Ours,0.00802,3.46030127886255,5.63,5.63,4,49.7689,0:49.77,48.3542,0.2622,1.1502,202.6294,3:22.63,20,"0,18,6,8,17,11,4,9,12,10,5,19,15,7,1,3,16,13,2,14",0:59;18:43;6:53;8:31;17:39;11:49;4:56;9:22;12:63;10:64;5:73;19:47;15:24;7:45;1:40;3:34;16:45;13:49;2:60;14:32,"0:[1,2,3,4,5];18:[3,4,5,6];6:[0,1,2,3,7];8:[4,5,6];17:[5,6,7];11:[0,5,6,7];4:[0,1,2,3,4];9:[5,6];12:[2,3,4,5,6,7];10:[2,3,4,5,6,7];5:[0,1,2,3,4,5,6];19:[0,1,6,7];15:[3,4];7:[1,2,3,4];1:[0,1,2,3];3:[0,1,2];16:[0,1,2,3];13:[3,4,5,6];2:[2,3,4,5,6,7];14:[2,3,4]","c0:bw=59,experts=[1,2,3,4,5]; c18:bw=43,experts=[3,4,5,6]; c6:bw=53,experts=[0,1,2,3,7]; c8:bw=31,experts=[4,5,6]; c17:bw=39,experts=[5,6,7]; c11:bw=49,experts=[0,5,6,7]; c4:bw=56,experts=[0,1,2,3,4]; c9:bw=22,experts=[5,6]; c12:bw=63,experts=[2,3,4,5,6,7]; c10:bw=64,experts=[2,3,4,5,6,7]; c5:bw=73,experts=[0,1,2,3,4,5,6]; c19:bw=47,experts=[0,1,6,7]; c15:bw=24,experts=[3,4]; c7:bw=45,experts=[1,2,3,4]; c1:bw=40,experts=[0,1,2,3]; c3:bw=34,experts=[0,1,2]; c16:bw=45,experts=[0,1,2,3]; c13:bw=49,experts=[3,4,5,6]; c2:bw=60,experts=[2,3,4,5,6,7]; c14:bw=32,experts=[2,3,4]","1.3510,2.8524,1.8719,2.1013,2.0840,2.1642,3.1479,2.0945,2.2950,1.1135,1.1705,3.4260,2.7343,2.9677,3.5145,1.3485,1.9491,3.8409,2.4335,3.8934"
5,2026-09-23 18:35:59,Ours,0.01,3.5431553021061917,5.0,5.63,4,50.4564,0:50.46,49.0505,0.2724,1.1312,253.0985,4:13.10,20,"5,2,10,19,0,12,9,16,1,4,17,8,11,6,18,7,14,15,13,3",5:40;2:10;10:35;19:19;0:50;12:55;9:62;16:32;1:20;4:48;17:64;8:37;11:21;6:53;18:10;7:24;14:53;15:45;13:36;3:63,"5:[0,1,2,7];2:[0];10:[0,1,2];19:[2];0:[0,1,2,6,7];12:[0,1,2,3,4];9:[0,1,2,3,4,7];16:[4,5,6];1:[4,5];4:[0,5,6,7];17:[0,1,2,3,4,5];8:[0,1,7];11:[1,2];6:[0,4,5,6,7];18:[7];7:[5,6];14:[0,1,5,6,7];15:[0,5,6,7];13:[0,1,7];3:[0,3,4,5,6,7]","c5:bw=40,experts=[0,1,2,7]; c2:bw=10,experts=[0]; c10:bw=35,experts=[0,1,2]; c19:bw=19,experts=[2]; c0:bw=50,experts=[0,1,2,6,7]; c12:bw=55,experts=[0,1,2,3,4]; c9:bw=62,experts=[0,1,2,3,4,7]; c16:bw=32,experts=[4,5,6]; c1:bw=20,experts=[4,5]; c4:bw=48,experts=[0,5,6,7]; c17:bw=64,experts=[0,1,2,3,4,5]; c8:bw=37,experts=[0,1,7]; c11:bw=21,experts=[1,2]; c6:bw=53,experts=[0,4,5,6,7]; c18:bw=10,experts=[7]; c7:bw=24,experts=[5,6]; c14:bw=53,experts=[0,1,5,6,7]; c15:bw=45,experts=[0,5,6,7]; c13:bw=36,experts=[0,1,7]; c3:bw=63,experts=[0,3,4,5,6,7]","1.1754,2.4389,1.1123,3.3823,1.3550,2.2781,2.0360,1.9610,3.5013,3.3361,2.2439,2.2782,2.3706,1.9915,2.9873,3.0271,3.6728,2.7589,3.8002,1.3434"
6,2026-09-23 18:36:49,Ours,0.01,3.530259092995869,7.07,7.07,6,50.1948,0:50.19,48.7262,0.2873,1.179,303.3053,5:03.31,20,"3,1,4,5,15,16,9,10,13,2,18,19,11,17,7,8,6,0,12,14",3:36;1:32;4:17;5:27;15:33;16:54;9:48;10:10;13:15;2:42;18:40;19:37;11:31;17:27;7:58;8:67;6:20;0:31;12:62;14:40,"3:[1,2,3];1:[0,6,7];4:[1];5:[3,4];15:[1,2,3];16:[0,1,2,3,7];9:[0,5,6,7];10:[3];13:[2];2:[1,2,3,4];18:[0,1,2,3];19:[3,4,5];11:[3,4,5];17:[6,7];7:[0,1,2,3,7];8:[2,3,4,5,6,7];6:[1,2];0:[3,4,5];12:[0,1,2,5,6,7];14:[2,3,4,5]","c3:bw=36,experts=[1,2,3]; c1:bw=32,experts=[0,6,7]; c4:bw=17,experts=[1]; c5:bw=27,experts=[3,4]; c15:bw=33,experts=[1,2,3]; c16:bw=54,experts=[0,1,2,3,7]; c9:bw=48,experts=[0,5,6,7]; c10:bw=10,experts=[3]; c13:bw=15,experts=[2]; c2:bw=42,experts=[1,2,3,4]; c18:bw=40,experts=[0,1,2,3]; c19:bw=37,experts=[3,4,5]; c11:bw=31,experts=[3,4,5]; c17:bw=27,experts=[6,7]; c7:bw=58,experts=[0,1,2,3,7]; c8:bw=67,experts=[2,3,4,5,6,7]; c6:bw=20,experts=[1,2]; c0:bw=31,experts=[3,4,5]; c12:bw=62,experts=[0,1,2,5,6,7]; c14:bw=40,experts=[2,3,4,5]","1.3399,3.4947,3.0915,1.1700,2.7382,1.9545,2.0559,1.1117,3.8607,2.4937,2.9668,3.4631,2.3465,2.1426,3.0389,2.1428,1.9125,1.3602,2.3197,3.7223"
7,2026-09-23 18:37:38,Ours,0.01,3.4093001025621197,8.87,8.87,7,49.3694,0:49.37,47.9945,0.2692,1.1035,352.6874,5:52.69,20,"13,10,12,16,9,5,3,2,4,15,14,17,0,1,11,7,18,19,8,6",13:25;10:17;12:47;16:53;9:10;5:49;3:26;2:40;4:14;15:39;14:13;17:41;0:36;1:10;11:60;7:31;18:20;19:54;8:57;6:13,"13:[3,4];10:[4];12:[3,4,5,6];16:[0,4,5,6,7];9:[1];5:[0,5,6,7];3:[4,5];2:[0,5,6,7];4:[2];15:[4,5,6];14:[6];17:[0,1,2,3];0:[0,6,7];1:[1];11:[0,1,2,3,6,7];7:[4,5,6];18:[4,5];19:[0,1,2,6,7];8:[0,1,2,3,4];6:[3]","c13:bw=25,experts=[3,4]; c10:bw=17,experts=[4]; c12:bw=47,experts=[3,4,5,6]; c16:bw=53,experts=[0,4,5,6,7]; c9:bw=10,experts=[1]; c5:bw=49,experts=[0,5,6,7]; c3:bw=26,experts=[4,5]; c2:bw=40,experts=[0,5,6,7]; c4:bw=14,experts=[2]; c15:bw=39,experts=[4,5,6]; c14:bw=13,experts=[6]; c17:bw=41,experts=[0,1,2,3]; c0:bw=36,experts=[0,6,7]; c1:bw=10,experts=[1]; c11:bw=60,experts=[0,1,2,3,6,7]; c7:bw=31,experts=[4,5,6]; c18:bw=20,experts=[4,5]; c19:bw=54,experts=[0,1,2,6,7]; c8:bw=57,experts=[0,1,2,3,4]; c6:bw=13,experts=[3]","3.9598,1.2013,2.2963,1.9586,2.0595,1.1547,1.3332,2.4165,3.0663,2.7490,3.6547,2.0652,1.3531,3.4520,2.1713,2.9757,2.8267,3.3685,2.0713,1.8608"
8,2026-09-23 18:38:27,Ours,0.01,3.39423162235653,9.72,9.72,8,49.2323,0:49.23,47.8559,0.2657,1.1085,401.9318,6:41.93,20,"17,18,1,5,3,15,7,11,16,8,10,12,6,9,19,0,2,13,14,4",17:56;18:39;1:58;5:28;3:37;15:66;7:15;11:45;16:45;8:37;10:51;12:51;6:41;9:59;19:31;0:32;2:54;13:35;14:59;4:10,"17:[0,4,5,6,7];18:[0,6,7];1:[2,3,4,5,6];5:[1,2];3:[0,6,7];15:[0,1,2,3,4,7];7:[7];11:[4,5,6,7];16:[1,2,3,4];8:[5,6,7];10:[0,1,5,6,7];12:[0,1,2,3,7];6:[4,5,6,7];9:[2,3,4,5,6];19:[3,4,5];0:[1,2,3];2:[1,2,3,4,5];13:[5,6,7];14:[0,1,2,3,7];4:[3]","c17:bw=56,experts=[0,4,5,6,7]; c18:bw=39,experts=[0,6,7]; c1:bw=58,experts=[2,3,4,5,6]; c5:bw=28,experts=[1,2]; c3:bw=37,experts=[0,6,7]; c15:bw=66,experts=[0,1,2,3,4,7]; c7:bw=15,experts=[7]; c11:bw=45,experts=[4,5,6,7]; c16:bw=45,experts=[1,2,3,4]; c8:bw=37,experts=[5,6,7]; c10:bw=51,experts=[0,1,5,6,7]; c12:bw=51,experts=[0,1,2,3,7]; c6:bw=41,experts=[4,5,6,7]; c9:bw=59,experts=[2,3,4,5,6]; c19:bw=31,experts=[3,4,5]; c0:bw=32,experts=[1,2,3]; c2:bw=54,experts=[1,2,3,4,5]; c13:bw=35,experts=[5,6,7]; c14:bw=59,experts=[0,1,2,3,7]; c4:bw=10,experts=[3]","2.0738,2.8196,3.4707,1.1588,1.3518,2.7270,2.9425,2.1808,1.9486,2.1205,1.1037,2.2838,1.8684,2.0553,3.3902,1.3592,2.4114,3.8369,3.6567,3.0961"
9,2026-09-23 18:39:17,Ours,0.01,3.348374584372774,9.06,9.72,8,49.3793,0:49.38,47.9854,0.2615,1.1302,451.3251,7:31.33,20,"17,11,7,13,0,9,4,8,1,5,2,16,19,15,3,18,10,14,12,6",17:49;11:28;7:46;13:41;0:52;9:26;4:59;8:18;1:14;5:52;2:21;16:41;19:26;15:36;3:23;18:53;10:34;14:37;12:38;6:31,"17:[1,2,3,4];11:[0,1];7:[0,1,2,3];13:[0,1,2,3];0:[0,4,5,6,7];9:[0,7];4:[0,4,5,6,7];8:[0];1:[7];5:[3,4,5,6,7];2:[6,7];16:[0,5,6,7];19:[6,7];15:[5,6,7];3:[1,2];18:[1,2,3,4,5];10:[2,3,4];14:[4,5,6];12:[4,5,6];6:[0,1,2]","c17:bw=49,experts=[1,2,3,4]; c11:bw=28,experts=[0,1]; c7:bw=46,experts=[0,1,2,3]; c13:bw=41,experts=[0,1,2,3]; c0:bw=52,experts=[0,4,5,6,7]; c9:bw=26,experts=[0,7]; c4:bw=59,experts=[0,4,5,6,7]; c8:bw=18,experts=[0]; c1:bw=14,experts=[7]; c5:bw=52,experts=[3,4,5,6,7]; c2:bw=21,experts=[6,7]; c16:bw=41,experts=[0,5,6,7]; c19:bw=26,experts=[6,7]; c15:bw=36,experts=[5,6,7]; c3:bw=23,experts=[1,2]; c18:bw=53,experts=[1,2,3,4,5]; c10:bw=34,experts=[2,3,4]; c14:bw=37,experts=[4,5,6]; c12:bw=38,experts=[4,5,6]; c6:bw=31,experts=[0,1,2]","2.0996,2.1987,2.9966,3.8569,1.3489,2.0841,3.0989,2.1102,3.4464,1.1672,2.4379,1.9457,3.3562,2.7235,1.3418,2.8270,1.1230,3.6708,2.2919,1.8601"
10,2026-09-23 18:40:13,Ours,0.01,3.35287482711576,10.21,10.21,10,56.0369,0:56.04,54.568,0.2783,1.1884,507.3751,8:27.38,20,"4,9,1,15,7,5,16,2,18,3,12,17,8,14,0,13,6,10,19,11",4:37;9:35;1:41;15:10;7:37;5:58;16:44;2:34;18:28;3:46;12:52;17:35;8:35;14:57;0:59;13:38;6:65;10:54;19:43;11:21,"4:[1,2,3];9:[1,2,3];1:[0,1,2,3];15:[0];7:[4,5,6];5:[0,1,2,3,4];16:[1,2,3,4];2:[0,1,2];18:[6,7];3:[3,4,5,6];12:[0,1,2,3,7];17:[5,6,7];8:[1,2,3];14:[0,1,2,3,7];0:[1,2,3,4,5];13:[4,5,6];6:[0,3,4,5,6,7];10:[0,1,5,6,7];19:[0,1,2,3];11:[2,3]","c4:bw=37,experts=[1,2,3]; c9:bw=35,experts=[1,2,3]; c1:bw=41,experts=[0,1,2,3]; c15:bw=10,experts=[0]; c7:bw=37,experts=[4,5,6]; c5:bw=58,experts=[0,1,2,3,4]; c16:bw=44,experts=[1,2,3,4]; c2:bw=34,experts=[0,1,2]; c18:bw=28,experts=[6,7]; c3:bw=46,experts=[3,4,5,6]; c12:bw=52,experts=[0,1,2,3,7]; c17:bw=35,experts=[5,6,7]; c8:bw=35,experts=[1,2,3]; c14:bw=57,experts=[0,1,2,3,7]; c0:bw=59,experts=[1,2,3,4,5]; c13:bw=38,experts=[4,5,6]; c6:bw=65,experts=[0,3,4,5,6,7]; c10:bw=54,experts=[0,1,5,6,7]; c19:bw=43,experts=[0,1,2,3]; c11:bw=21,experts=[2,3]","3.1003,2.0852,3.4836,3.0182,4.0181,1.6390,2.7740,2.9292,3.8052,1.7809,2.9646,2.2733,2.3199,3.9179,1.5007,4.0731,1.9282,1.1880,3.5214,2.2472"
11,2026-09-23 18:41:06,Ours,0.01,3.1471996619069413,14.04,14.04,11,52.62,0:52.62,51.1971,0.2712,1.1495,560.0123,9:20.01,20,"2,6,16,4,17,1,13,12,19,3,8,15,5,10,14,7,11,9,18,0",2:27;6:55;16:43;4:16;17:44;1:40;13:40;12:20;19:25;3:50;8:39;15:44;5:28;10:35;14:15;7:44;11:34;9:33;18:47;0:28,"2:[3,4];6:[1,2,3,4,5];16:[0,5,6,7];4:[4];17:[0,1,2,3];1:[4,5,6,7];13:[0,1,2,7];12:[4,5];19:[4,5];3:[0,1,2,3,7];8:[4,5,6];15:[1,2,3,4];5:[5,6];10:[2,3,4];14:[4];7:[0,1,2,7];11:[4,5,6];9:[4,5,6];18:[0,1,2,3];0:[6,7]","c2:bw=27,experts=[3,4]; c6:bw=55,experts=[1,2,3,4,5]; c16:bw=43,experts=[0,5,6,7]; c4:bw=16,experts=[4]; c17:bw=44,experts=[0,1,2,3]; c1:bw=40,experts=[4,5,6,7]; c13:bw=40,experts=[0,1,2,7]; c12:bw=20,experts=[4,5]; c19:bw=25,experts=[4,5]; c3:bw=50,experts=[0,1,2,3,7]; c8:bw=39,experts=[4,5,6]; c15:bw=44,experts=[1,2,3,4]; c5:bw=28,experts=[5,6]; c10:bw=35,experts=[2,3,4]; c14:bw=15,experts=[4]; c7:bw=44,experts=[0,1,2,7]; c11:bw=34,experts=[4,5,6]; c9:bw=33,experts=[4,5,6]; c18:bw=47,experts=[0,1,2,3]; c0:bw=28,experts=[6,7]","2.8230,2.0085,2.0438,3.2791,2.2429,3.6584,4.1448,2.3806,3.7971,1.6161,2.3695,2.9421,1.2298,1.1666,3.7699,3.1003,2.2771,2.0982,2.8754,1.3740"
12,2026-09-23 18:41:56,Ours,0.01,3.288325858610712,13.15,14.04,11,50.8523,0:50.85,49.4475,0.27,1.1325,610.8785,10:10.88,20,"14,3,9,18,8,11,17,6,5,12,19,13,10,15,7,0,4,16,2,1",14:29;3:35;9:42;18:45;8:55;11:45;17:39;6:29;5:56;12:73;19:31;13:53;10:62;15:36;7:30;0:49;4:28;16:28;2:57;1:42,"14:[5,6];3:[4,5,6];9:[0,1,2,7];18:[4,5,6,7];8:[0,1,2,3,7];11:[0,1,2,7];17:[4,5,6];6:[6,7];5:[0,1,2,3,7];12:[0,1,2,3,4,6,7];19:[0,6,7];13:[3,4,5,6,7];10:[0,1,2,5,6,7];15:[5,6,7];7:[3,4,5];0:[0,1,2,3];4:[5,6];16:[1,2];2:[0,1,5,6,7];1:[0,1,2,3]","c14:bw=29,experts=[5,6]; c3:bw=35,experts=[4,5,6]; c9:bw=42,experts=[0,1,2,7]; c18:bw=45,experts=[4,5,6,7]; c8:bw=55,experts=[0,1,2,3,7]; c11:bw=45,experts=[0,1,2,7]; c17:bw=39,experts=[4,5,6]; c6:bw=29,experts=[6,7]; c5:bw=56,experts=[0,1,2,3,7]; c12:bw=73,experts=[0,1,2,3,4,6,7]; c19:bw=31,experts=[0,6,7]; c13:bw=53,experts=[3,4,5,6,7]; c10:bw=62,experts=[0,1,2,5,6,7]; c15:bw=36,experts=[5,6,7]; c7:bw=30,experts=[3,4,5]; c0:bw=49,experts=[0,1,2,3]; c4:bw=28,experts=[5,6]; c16:bw=28,experts=[1,2]; c2:bw=57,experts=[0,1,5,6,7]; c1:bw=42,experts=[0,1,2,3]","3.7288,1.3928,2.1426,2.9672,2.1826,2.2440,2.1389,1.8982,1.1844,2.3436,3.5197,3.8983,1.1604,2.8566,3.0579,1.4129,3.1777,2.0695,2.5169,3.5546"
13,2026-09-23 18:42:47,Ours,0.01,3.193869033474025,13.05,14.04,11,50.5887,0:50.59,49.1875,0.2708,1.128,661.4822,11:01.48,20,"9,8,6,14,13,2,19,12,1,17,4,15,18,0,16,7,10,3,5,11",9:15;8:15;6:36;14:70;13:32;2:16;19:36;12:42;1:47;17:55;4:10;15:38;18:51;0:25;16:10;7:58;10:42;3:30;5:29;11:52,"9:[3];8:[4];6:[0,1,2];14:[0,1,2,3,4,5,7];13:[0,1,2];2:[2];19:[1,2,3];12:[0,5,6,7];1:[4,5,6,7];17:[0,1,2,3,7];4:[7];15:[0,1,2];18:[0,1,2,3,4];0:[4,5];16:[3];7:[0,1,2,6,7];10:[3,4,5,6];3:[0,1,7];5:[4,5];11:[3,4,5,6,7]","c9:bw=15,experts=[3]; c8:bw=15,experts=[4]; c6:bw=36,experts=[0,1,2]; c14:bw=70,experts=[0,1,2,3,4,5,7]; c13:bw=32,experts=[0,1,2]; c2:bw=16,experts=[2]; c19:bw=36,experts=[1,2,3]; c12:bw=42,experts=[0,5,6,7]; c1:bw=47,experts=[4,5,6,7]; c17:bw=55,experts=[0,1,2,3,7]; c4:bw=10,experts=[7]; c15:bw=38,experts=[0,1,2]; c18:bw=51,experts=[0,1,2,3,4]; c0:bw=25,experts=[4,5]; c16:bw=10,experts=[3]; c7:bw=58,experts=[0,1,2,6,7]; c10:bw=42,experts=[3,4,5,6]; c3:bw=30,experts=[0,1,7]; c5:bw=29,experts=[4,5]; c11:bw=52,experts=[3,4,5,6,7]","2.1173,2.1500,1.9115,3.6832,4.0285,2.4888,3.4695,2.3346,3.5331,2.1320,3.1713,2.8207,2.9201,1.3715,1.9763,3.1083,1.1523,1.3657,1.2156,2.2371"
14,2026-09-23 18:43:38,Ours,0.01,3.0719248711088847,17.06,17.06,14,51.0437,0:51.04,49.6403,0.2683,1.1328,712.5402,11:52.54,20,"5,11,4,19,9,1,12,10,7,0,8,13,6,17,16,14,18,3,2,15",5:64;11:36;4:10;19:42;9:32;1:38;12:43;10:31;7:25;0:25;8:21;13:34;6:67;17:10;16:19;14:25;18:63;3:45;2:45;15:12,"5:[0,1,2,3,6,7];11:[0,1,2];4:[0];19:[4,5,6,7];9:[4,5,6];1:[0,1,2];12:[1,2,3,4];10:[0,1,7];7:[3,4];0:[6,7];8:[5,6];13:[3,4,5];6:[0,3,4,5,6,7];17:[4];16:[4];14:[6,7];18:[0,1,2,5,6,7];3:[2,3,4,5];2:[3,4,5,6];15:[3]","c5:bw=64,experts=[0,1,2,3,6,7]; c11:bw=36,experts=[0,1,2]; c4:bw=10,experts=[0]; c19:bw=42,experts=[4,5,6,7]; c9:bw=32,experts=[4,5,6]; c1:bw=38,experts=[0,1,2]; c12:bw=43,experts=[1,2,3,4]; c10:bw=31,experts=[0,1,7]; c7:bw=25,experts=[3,4]; c0:bw=25,experts=[6,7]; c8:bw=21,experts=[5,6]; c13:bw=34,experts=[3,4,5]; c6:bw=67,experts=[0,3,4,5,6,7]; c17:bw=10,experts=[4]; c16:bw=19,experts=[4]; c14:bw=25,experts=[6,7]; c18:bw=63,experts=[0,1,2,5,6,7]; c3:bw=45,experts=[2,3,4,5]; c2:bw=45,experts=[3,4,5,6]; c15:bw=12,experts=[3]","1.1984,2.2761,3.1875,3.4808,2.1323,3.5991,2.3476,1.1310,3.0403,1.3737,2.1746,3.9838,1.9209,2.1246,1.9480,3.7216,2.9290,1.4393,2.5250,3.1065"
15,2026-09-23 18:44:29,Ours,0.01,3.1667251902274316,18.04,18.04,15,50.8711,0:50.87,49.4623,0.2733,1.1332,763.4274,12:43.43,20,"14,16,19,13,4,12,5,7,10,1,0,15,3,8,18,11,6,2,9,17",14:50;16:29;19:59;13:60;4:47;12:10;5:18;7:59;10:13;1:14;0:20;15:10;3:10;8:52;18:34;11:55;6:33;2:53;9:19;17:47,"14:[0,1,2,3,4];16:[5,6];19:[0,1,2,3,4];13:[0,1,2,3,6,7];4:[1,2,3,4];12:[5];5:[4];7:[0,1,5,6,7];10:[2];1:[3];0:[0,1];15:[4];3:[6];8:[0,1,2,3,7];18:[3,4,5];11:[3,4,5,6,7];6:[1,2,3];2:[0,1,2,3,7];9:[7];17:[0,5,6,7]","c14:bw=50,experts=[0,1,2,3,4]; c16:bw=29,experts=[5,6]; c19:bw=59,experts=[0,1,2,3,4]; c13:bw=60,experts=[0,1,2,3,6,7]; c4:bw=47,experts=[1,2,3,4]; c12:bw=10,experts=[5]; c5:bw=18,experts=[4]; c7:bw=59,experts=[0,1,5,6,7]; c10:bw=13,experts=[2]; c1:bw=14,experts=[3]; c0:bw=20,experts=[0,1]; c15:bw=10,experts=[4]; c3:bw=10,experts=[6]; c8:bw=52,experts=[0,1,2,3,7]; c18:bw=34,experts=[3,4,5]; c11:bw=55,experts=[3,4,5,6,7]; c6:bw=33,experts=[1,2,3]; c2:bw=53,experts=[0,1,2,3,7]; c9:bw=19,experts=[7]; c17:bw=47,experts=[0,5,6,7]","3.7465,2.0064,3.5186,4.0231,3.1916,2.3299,1.1835,3.0952,1.1325,3.5962,1.3775,2.7668,1.3906,2.2123,2.9119,2.2574,1.9036,2.5313,2.1311,2.1562"
16,2026-09-23 18:45:20,Ours,0.01,3.0332180726344147,19.13,19.13,16,51.0638,0:51.06,49.6435,0.2689,1.1491,814.5056,13:34.51,20,"6,11,4,1,18,9,14,13,10,0,12,5,7,3,17,16,15,2,19,8",6:40;11:10;4:35;1:29;18:12;9:24;14:29;13:24;10:22;0:57;12:14;5:40;7:22;3:43;17:43;16:54;15:48;2:52;19:62;8:49,"6:[4,5,6,7];11:[0];4:[5,6,7];1:[4,5];18:[6];9:[0,1];14:[5,6];13:[4,5];10:[3,4];0:[2,3,4,5,6];12:[6];5:[0,5,6,7];7:[2,3];3:[0,1,2,7];17:[1,2,3,4];16:[0,1,2,3,7];15:[0,5,6,7];2:[0,4,5,6,7];19:[0,1,2,5,6,7];8:[4,5,6,7]","c6:bw=40,experts=[4,5,6,7]; c11:bw=10,experts=[0]; c4:bw=35,experts=[5,6,7]; c1:bw=29,experts=[4,5]; c18:bw=12,experts=[6]; c9:bw=24,experts=[0,1]; c14:bw=29,experts=[5,6]; c13:bw=24,experts=[4,5]; c10:bw=22,experts=[3,4]; c0:bw=57,experts=[2,3,4,5,6]; c12:bw=14,experts=[6]; c5:bw=40,experts=[0,5,6,7]; c7:bw=22,experts=[2,3]; c3:bw=43,experts=[0,1,2,7]; c17:bw=43,experts=[1,2,3,4]; c16:bw=54,experts=[0,1,2,3,7]; c15:bw=48,experts=[0,5,6,7]; c2:bw=52,experts=[0,4,5,6,7]; c19:bw=62,experts=[0,1,2,5,6,7]; c8:bw=49,experts=[4,5,6,7]","1.9732,2.2635,3.2568,3.5861,2.9084,2.1211,3.7286,3.9736,1.1440,1.3862,2.3573,1.1983,3.0862,1.3770,2.1561,1.9908,2.8775,2.5310,3.5409,2.1868"
17,2026-09-23 18:46:11,Ours,0.01,2.981852498291836,18.86,19.13,16,51.1719,0:51.17,49.7385,0.2737,1.1574,865.696,14:25.70,20,"14,7,12,6,11,4,16,9,10,0,3,8,18,5,19,1,13,17,2,15",14:33;7:25;12:74;6:39;11:10;4:58;16:30;9:37;10:44;0:11;3:52;8:10;18:31;5:10;19:40;1:29;13:27;17:11;2:19;15:50,"14:[0,1,7];7:[4,5];12:[0,1,2,3,4,5,7];6:[0,1,2];11:[1];4:[0,1,2,3,4];16:[4,5,6];9:[2,3,4];10:[0,5,6,7];0:[7];3:[3,4,5,6,7];8:[0];18:[0,1,7];5:[1];19:[3,4,5,6];1:[6,7];13:[6,7];17:[5];2:[1];15:[1,2,3,4,5]","c14:bw=33,experts=[0,1,7]; c7:bw=25,experts=[4,5]; c12:bw=74,experts=[0,1,2,3,4,5,7]; c6:bw=39,experts=[0,1,2]; c11:bw=10,experts=[1]; c4:bw=58,experts=[0,1,2,3,4]; c16:bw=30,experts=[4,5,6]; c9:bw=37,experts=[2,3,4]; c10:bw=44,experts=[0,5,6,7]; c0:bw=11,experts=[7]; c3:bw=52,experts=[3,4,5,6,7]; c8:bw=10,experts=[0]; c18:bw=31,experts=[0,1,7]; c5:bw=10,experts=[1]; c19:bw=40,experts=[3,4,5,6]; c1:bw=29,experts=[6,7]; c13:bw=27,experts=[6,7]; c17:bw=11,experts=[5]; c2:bw=19,experts=[1]; c15:bw=50,experts=[1,2,3,4,5]","3.7938,3.0965,2.3815,1.9312,2.2520,3.1741,2.0028,2.1640,1.1690,1.4206,1.3868,2.1915,2.9198,1.1868,3.5023,3.6413,4.0283,2.1529,2.5468,2.7969"
18,2026-09-23 18:47:04,Ours,0.01,3.0366719469469117,17.7,19.13,16,53.072,0:53.07,51.6588,0.2705,1.1405,918.7837,15:18.78,20,"7,3,4,18,1,12,8,9,14,17,19,13,6,5,2,10,11,15,0,16",7:55;3:37;4:56;18:60;1:10;12:18;8:10;9:19;14:40;17:50;19:33;13:43;6:31;5:35;2:37;10:27;11:57;15:51;0:49;16:38,"7:[0,1,2,6,7];3:[0,1,2];4:[0,1,5,6,7];18:[2,3,4,5,6,7];1:[0];12:[6];8:[1];9:[5];14:[2,3,4,5];17:[0,1,2,6,7];19:[0,1,7];13:[0,1,2,3];6:[3,4,5];5:[2,3,4];2:[2,3,4];10:[1,2];11:[2,3,4,5,6];15:[0,1,2,6,7];0:[0,1,2,3];16:[0,1,7]","c7:bw=55,experts=[0,1,2,6,7]; c3:bw=37,experts=[0,1,2]; c4:bw=56,experts=[0,1,5,6,7]; c18:bw=60,experts=[2,3,4,5,6,7]; c1:bw=10,experts=[0]; c12:bw=18,experts=[6]; c8:bw=10,experts=[1]; c9:bw=19,experts=[5]; c14:bw=40,experts=[2,3,4,5]; c17:bw=50,experts=[0,1,2,6,7]; c19:bw=33,experts=[0,1,7]; c13:bw=43,experts=[0,1,2,3]; c6:bw=31,experts=[3,4,5]; c5:bw=35,experts=[2,3,4]; c2:bw=37,experts=[2,3,4]; c10:bw=27,experts=[1,2]; c11:bw=57,experts=[2,3,4,5,6]; c15:bw=51,experts=[0,1,2,6,7]; c0:bw=49,experts=[0,1,2,3]; c16:bw=38,experts=[0,1,7]","3.1680,1.3916,3.2619,2.9336,3.6306,2.5633,2.3844,2.3183,4.0509,2.3573,3.8446,4.3410,1.9495,1.2021,2.5258,1.1617,2.2716,2.8926,1.4067,2.0032"
19,2026-09-23 18:47:56,Ours,0.01,2.8669313653193145,22.85,22.85,19,51.3082,0:51.31,49.8795,0.2685,1.158,970.1089,16:10.11,20,"8,7,1,6,9,10,11,19,13,5,17,12,18,16,3,2,15,4,0,14",8:56;7:22;1:46;6:66;9:38;10:35;11:20;19:37;13:10;5:29;17:67;12:54;18:31;16:13;3:40;2:14;15:39;4:51;0:42;14:30,"8:[2,3,4,5,6];7:[3,4];1:[1,2,3,4];6:[0,1,2,3,6,7];9:[0,6,7];10:[3,4,5];11:[0,7];19:[2,3,4];13:[4];5:[5,6];17:[0,3,4,5,6,7];12:[0,1,2,3,7];18:[0,1,2];16:[2];3:[3,4,5,6];2:[5];15:[3,4,5];4:[2,3,4,5,6];0:[4,5,6,7];14:[0,6,7]","c8:bw=56,experts=[2,3,4,5,6]; c7:bw=22,experts=[3,4]; c1:bw=46,experts=[1,2,3,4]; c6:bw=66,experts=[0,1,2,3,6,7]; c9:bw=38,experts=[0,6,7]; c10:bw=35,experts=[3,4,5]; c11:bw=20,experts=[0,7]; c19:bw=37,experts=[2,3,4]; c13:bw=10,experts=[4]; c5:bw=29,experts=[5,6]; c17:bw=67,experts=[0,3,4,5,6,7]; c12:bw=54,experts=[0,1,2,3,7]; c18:bw=31,experts=[0,1,2]; c16:bw=13,experts=[2]; c3:bw=40,experts=[3,4,5,6]; c2:bw=14,experts=[5]; c15:bw=39,experts=[3,4,5]; c4:bw=51,experts=[2,3,4,5,6]; c0:bw=42,experts=[4,5,6,7]; c14:bw=30,experts=[0,6,7]","2.2278,3.1184,3.6127,1.9612,2.1435,1.2500,2.2491,3.5243,4.0143,1.1989,2.1382,2.3246,2.9101,2.0011,1.4113,2.5259,2.8573,3.2382,1.4021,3.7706"
20,2026-09-23 18:48:49,Ours,0.01,2.9707415238163906,18.59,22.85,19,53.2051,0:53.21,51.7931,0.2719,1.1379,1023.33,17:03.33,20,"17,4,3,10,6,13,14,11,7,16,12,5,9,8,1,15,19,18,0,2",17:48;4:59;3:18;10:16;6:68;13:40;14:30;11:10;7:43;16:40;12:44;5:10;9:17;8:50;1:40;15:19;19:48;18:21;0:28;2:41,"17:[1,2,3,4];4:[0,1,2,3,7];3:[7];10:[6];6:[0,1,4,5,6,7];13:[0,5,6,7];14:[1,2,3];11:[1];7:[0,5,6,7];16:[3,4,5,6];12:[4,5,6,7];5:[7];9:[1];8:[0,1,2,3,7];1:[0,5,6,7];15:[6];19:[0,5,6,7];18:[3,4];0:[0,1];2:[0,1,6,7]","c17:bw=48,experts=[1,2,3,4]; c4:bw=59,experts=[0,1,2,3,7]; c3:bw=18,experts=[7]; c10:bw=16,experts=[6]; c6:bw=68,experts=[0,1,4,5,6,7]; c13:bw=40,experts=[0,5,6,7]; c14:bw=30,experts=[1,2,3]; c11:bw=10,experts=[1]; c7:bw=43,experts=[0,5,6,7]; c16:bw=40,experts=[3,4,5,6]; c12:bw=44,experts=[4,5,6,7]; c5:bw=10,experts=[7]; c9:bw=17,experts=[1]; c8:bw=50,experts=[0,1,2,3,7]; c1:bw=40,experts=[0,5,6,7]; c15:bw=19,experts=[6]; c19:bw=48,experts=[0,5,6,7]; c18:bw=21,experts=[3,4]; c0:bw=28,experts=[0,1]; c2:bw=41,experts=[0,1,6,7]","2.1741,3.2612,1.4065,1.1755,2.0008,4.3370,4.0912,2.4340,3.3515,2.1343,2.5147,1.2781,2.2978,2.2900,3.6361,2.8687,3.5503,2.9963,1.4280,2.5670"
21,2026-09-23 18:49:41,Ours,0.01,2.9105782405106697,21.73,22.85,19,51.9029,0:51.90,50.475,0.2697,1.1559,1075.2502,17:55.25,20,"13,14,15,17,3,4,18,19,2,11,12,9,6,5,10,8,0,7,16,1",13:23;14:31;15:19;17:35;3:10;4:48;18:60;19:58;2:39;11:23;12:38;9:25;6:16;5:32;10:40;8:18;0:66;7:12;16:33;1:41,"13:[1,2];14:[4,5,6];15:[7];17:[5,6,7];3:[0];4:[4,5,6,7];18:[0,1,2,5,6,7];19:[1,2,3,4,5];2:[2,3,4];11:[2,3];12:[0,1,2];9:[2,3];6:[2];5:[0,1,2];10:[0,1,2,7];8:[4];0:[2,3,4,5,6,7];7:[1];16:[0,1,7];1:[1,2,3,4]","c13:bw=23,experts=[1,2]; c14:bw=31,experts=[4,5,6]; c15:bw=19,experts=[7]; c17:bw=35,experts=[5,6,7]; c3:bw=10,experts=[0]; c4:bw=48,experts=[4,5,6,7]; c18:bw=60,experts=[0,1,2,5,6,7]; c19:bw=58,experts=[1,2,3,4,5]; c2:bw=39,experts=[2,3,4]; c11:bw=23,experts=[2,3]; c12:bw=38,experts=[0,1,2]; c9:bw=25,experts=[2,3]; c6:bw=16,experts=[2]; c5:bw=32,experts=[0,1,2]; c10:bw=40,experts=[0,1,2,7]; c8:bw=18,experts=[4]; c0:bw=66,experts=[2,3,4,5,6,7]; c7:bw=12,experts=[1]; c16:bw=33,experts=[0,1,7]; c1:bw=41,experts=[1,2,3,4]","4.1529,3.7711,2.9954,2.1746,1.4066,3.2235,2.9955,3.5782,2.5801,2.2819,2.3753,2.1554,1.9598,1.2078,1.1766,2.2191,1.4195,3.1367,2.0378,3.6270"
22,2026-09-23 18:50:33,Ours,0.01,2.7696663091917864,24.04,24.04,22,51.8288,0:51.83,50.4195,0.276,1.1311,1127.0957,18:47.10,20,"4,19,8,17,18,5,10,16,9,1,6,2,11,14,13,15,7,0,12,3",4:36;19:45;8:33;17:62;18:15;5:17;10:10;16:34;9:33;1:10;6:61;2:66;11:43;14:48;13:34;15:66;7:16;0:67;12:64;3:56,"4:[0,1,2];19:[0,1,6,7];8:[5,6,7];17:[0,1,2,3,4,5];18:[3];5:[3];10:[3];16:[2,3,4];9:[4,5,6];1:[5];6:[0,3,4,5,6,7];2:[0,1,2,5,6,7];11:[4,5,6,7];14:[0,1,2,7];13:[3,4,5];15:[0,1,2,3,4,5];7:[2];0:[0,1,2,3,4,5];12:[0,3,4,5,6,7];3:[1,2,3,4,5]","c4:bw=36,experts=[0,1,2]; c19:bw=45,experts=[0,1,6,7]; c8:bw=33,experts=[5,6,7]; c17:bw=62,experts=[0,1,2,3,4,5]; c18:bw=15,experts=[3]; c5:bw=17,experts=[3]; c10:bw=10,experts=[3]; c16:bw=34,experts=[2,3,4]; c9:bw=33,experts=[4,5,6]; c1:bw=10,experts=[5]; c6:bw=61,experts=[0,3,4,5,6,7]; c2:bw=66,experts=[0,1,2,5,6,7]; c11:bw=43,experts=[4,5,6,7]; c14:bw=48,experts=[0,1,2,7]; c13:bw=34,experts=[3,4,5]; c15:bw=66,experts=[0,1,2,3,4,5]; c7:bw=16,experts=[2]; c0:bw=67,experts=[0,1,2,3,4,5]; c12:bw=64,experts=[0,3,4,5,6,7]; c3:bw=56,experts=[1,2,3,4,5]","3.3167,3.6227,2.2202,2.1604,2.9587,1.2067,1.1629,2.0198,2.1832,3.6136,1.9666,2.5892,2.2678,3.8494,4.0636,2.8918,3.1305,1.4361,2.3634,1.3961"
23,2026-09-23 18:51:24,Ours,0.01,2.819306032413897,23.49,24.04,22,51.8054,0:51.81,50.3819,0.2613,1.1599,1178.9199,19:38.92,20,"2,13,1,19,8,15,3,6,18,12,7,0,4,11,10,17,14,5,9,16",2:32;13:54;1:62;19:21;8:35;15:29;3:15;6:10;18:26;12:26;7:15;0:11;4:56;11:52;10:67;17:70;14:52;5:52;9:50;16:56,"2:[3,4,5];13:[0,1,2,6,7];1:[0,1,2,3,6,7];19:[2,3];8:[0,1,2];15:[6,7];3:[6];6:[1];18:[4,5];12:[1,2];7:[3];0:[6];4:[3,4,5,6,7];11:[0,1,2,3,4];10:[0,1,4,5,6,7];17:[0,1,2,3,4,6,7];14:[3,4,5,6,7];5:[0,4,5,6,7];9:[0,1,2,3,7];16:[0,1,5,6,7]","c2:bw=32,experts=[3,4,5]; c13:bw=54,experts=[0,1,2,6,7]; c1:bw=62,experts=[0,1,2,3,6,7]; c19:bw=21,experts=[2,3]; c8:bw=35,experts=[0,1,2]; c15:bw=29,experts=[6,7]; c3:bw=15,experts=[6]; c6:bw=10,experts=[1]; c18:bw=26,experts=[4,5]; c12:bw=26,experts=[1,2]; c7:bw=15,experts=[3]; c0:bw=11,experts=[6]; c4:bw=56,experts=[3,4,5,6,7]; c11:bw=52,experts=[0,1,2,3,4]; c10:bw=67,experts=[0,1,4,5,6,7]; c17:bw=70,experts=[0,1,2,3,4,6,7]; c14:bw=52,experts=[3,4,5,6,7]; c5:bw=52,experts=[0,4,5,6,7]; c9:bw=50,experts=[0,1,2,3,7]; c16:bw=56,experts=[0,1,5,6,7]","2.5460,4.1563,3.6688,3.6227,2.2106,2.8937,1.4073,1.9412,2.9432,2.3812,3.1247,1.4104,3.2456,2.2950,1.1866,2.1905,3.7453,1.2151,2.1627,2.0349"
24,2026-09-23 18:52:16,Ours,0.01,2.726355081561144,26.45,26.45,24,51.9116,0:51.91,50.4877,0.2595,1.1622,1230.8485,20:30.85,20,"3,14,13,5,8,10,4,17,6,16,18,0,19,9,11,1,12,15,7,2",3:10;14:42;13:50;5:25;8:18;10:39;4:12;17:56;6:30;16:41;18:72;0:31;19:55;9:50;11:10;1:10;12:37;15:44;7:10;2:43,"3:[7];14:[0,1,2,3];13:[3,4,5,6,7];5:[1,2];8:[3];10:[2,3,4];4:[0];17:[0,1,5,6,7];6:[2,3,4];16:[2,3,4,5];18:[0,1,2,3,4,6,7];0:[0,1,7];19:[0,4,5,6,7];9:[0,4,5,6,7];11:[5];1:[4];12:[3,4,5];15:[0,1,2,3];7:[4];2:[0,1,6,7]","c3:bw=10,experts=[7]; c14:bw=42,experts=[0,1,2,3]; c13:bw=50,experts=[3,4,5,6,7]; c5:bw=25,experts=[1,2]; c8:bw=18,experts=[3]; c10:bw=39,experts=[2,3,4]; c4:bw=12,experts=[0]; c17:bw=56,experts=[0,1,5,6,7]; c6:bw=30,experts=[2,3,4]; c16:bw=41,experts=[2,3,4,5]; c18:bw=72,experts=[0,1,2,3,4,6,7]; c0:bw=31,experts=[0,1,7]; c19:bw=55,experts=[0,4,5,6,7]; c9:bw=50,experts=[0,4,5,6,7]; c11:bw=10,experts=[5]; c1:bw=10,experts=[4]; c12:bw=37,experts=[3,4,5]; c15:bw=44,experts=[0,1,2,3]; c7:bw=10,experts=[4]; c2:bw=43,experts=[0,1,6,7]","1.4158,3.8601,4.1149,1.2349,2.2197,1.1712,3.2629,2.1872,1.9685,2.0317,2.9829,1.4035,3.5774,2.1995,2.2892,3.6088,2.3814,2.8936,3.1184,2.5662"
25,2026-09-23 18:53:08,Ours,0.01,2.710079585815802,27.27,27.27,25,52.0392,0:52.04,50.587,0.2751,1.1747,1282.9067,21:22.91,20,"18,15,3,2,12,6,9,10,16,4,7,19,5,13,1,14,17,0,11,8",18:59;15:29;3:14;2:12;12:36;6:16;9:40;10:25;16:52;4:58;7:40;19:57;5:64;13:56;1:49;14:26;17:52;0:56;11:60;8:55,"18:[0,1,5,6,7];15:[4,5];3:[0];2:[2];12:[0,6,7];6:[5];9:[1,2,3,4];10:[5,6];16:[0,1,2,6,7];4:[1,2,3,4,5];7:[0,5,6,7];19:[1,2,3,4,5];5:[0,3,4,5,6,7];13:[0,1,2,3,4];1:[0,5,6,7];14:[4,5];17:[2,3,4,5,6];0:[2,3,4,5,6];11:[0,1,2,3,6,7];8:[0,4,5,6,7]","c18:bw=59,experts=[0,1,5,6,7]; c15:bw=29,experts=[4,5]; c3:bw=14,experts=[0]; c2:bw=12,experts=[2]; c12:bw=36,experts=[0,6,7]; c6:bw=16,experts=[5]; c9:bw=40,experts=[1,2,3,4]; c10:bw=25,experts=[5,6]; c16:bw=52,experts=[0,1,2,6,7]; c4:bw=58,experts=[1,2,3,4,5]; c7:bw=40,experts=[0,5,6,7]; c19:bw=57,experts=[1,2,3,4,5]; c5:bw=64,experts=[0,3,4,5,6,7]; c13:bw=56,experts=[0,1,2,3,4]; c1:bw=49,experts=[0,5,6,7]; c14:bw=26,experts=[4,5]; c17:bw=52,experts=[2,3,4,5,6]; c0:bw=56,experts=[2,3,4,5,6]; c11:bw=60,experts=[0,1,2,3,6,7]; c8:bw=55,experts=[0,4,5,6,7]","2.9894,2.9103,1.4121,2.5731,2.3923,1.9451,2.1800,1.1759,2.0568,3.3715,3.1558,3.5831,1.2207,4.0934,3.6360,3.7712,2.1796,1.4141,2.3025,2.2239"
26,2026-09-23 18:54:02,Ours,0.01,2.7171708782404056,22.79,27.27,25,53.4857,0:53.49,52.0723,0.2657,1.1454,1336.4108,22:16.41,20,"5,7,1,2,8,16,12,6,19,10,9,14,3,0,17,11,13,4,18,15",5:20;7:31;1:33;2:30;8:53;16:10;12:41;6:34;19:15;10:38;9:50;14:49;3:44;0:11;17:32;11:57;13:16;4:48;18:10;15:42,"5:[1,2];7:[1,2,3];1:[1,2,3];2:[3,4,5];8:[1,2,3,4,5];16:[3];12:[1,2,3,4];6:[0,6,7];19:[6];10:[0,1,7];9:[0,1,5,6,7];14:[0,1,6,7];3:[1,2,3,4];0:[7];17:[0,1,7];11:[0,4,5,6,7];13:[5];4:[0,1,6,7];18:[2];15:[0,1,6,7]","c5:bw=20,experts=[1,2]; c7:bw=31,experts=[1,2,3]; c1:bw=33,experts=[1,2,3]; c2:bw=30,experts=[3,4,5]; c8:bw=53,experts=[1,2,3,4,5]; c16:bw=10,experts=[3]; c12:bw=41,experts=[1,2,3,4]; c6:bw=34,experts=[0,6,7]; c19:bw=15,experts=[6]; c10:bw=38,experts=[0,1,7]; c9:bw=50,experts=[0,1,5,6,7]; c14:bw=49,experts=[0,1,6,7]; c3:bw=44,experts=[1,2,3,4]; c0:bw=11,experts=[7]; c17:bw=32,experts=[0,1,7]; c11:bw=57,experts=[0,4,5,6,7]; c13:bw=16,experts=[5]; c4:bw=48,experts=[0,1,6,7]; c18:bw=10,experts=[2]; c15:bw=42,experts=[0,1,6,7]","1.2230,3.1565,3.6394,2.5159,2.2327,2.0197,2.5657,2.1500,3.9051,1.2817,2.3573,4.1523,1.5263,1.5162,2.3322,2.2715,4.0965,3.3045,2.9257,2.9001"
27,2026-09-23 18:54:54,Ours,0.01,2.6756567460164282,29.18,29.18,27,51.9501,0:51.95,50.5371,0.267,1.1436,1388.3808,23:08.38,20,"10,5,14,13,12,17,6,8,11,18,19,7,0,15,2,16,9,1,3,4",10:62;5:37;14:26;13:57;12:22;17:36;6:63;8:55;11:66;18:18;19:18;7:51;0:36;15:46;2:20;16:20;9:18;1:62;3:21;4:12,"10:[2,3,4,5,6,7];5:[3,4,5];14:[2,3];13:[0,1,2,6,7];12:[5,6];17:[2,3,4];6:[1,2,3,4,5,6];8:[0,1,2,6,7];11:[1,2,3,4,5,6];18:[3];19:[7];7:[0,4,5,6,7];0:[0,1,2];15:[2,3,4,5];2:[6,7];16:[4,5];9:[2];1:[0,1,4,5,6,7];3:[5,6];4:[2]","c10:bw=62,experts=[2,3,4,5,6,7]; c5:bw=37,experts=[3,4,5]; c14:bw=26,experts=[2,3]; c13:bw=57,experts=[0,1,2,6,7]; c12:bw=22,experts=[5,6]; c17:bw=36,experts=[2,3,4]; c6:bw=63,experts=[1,2,3,4,5,6]; c8:bw=55,experts=[0,1,2,6,7]; c11:bw=66,experts=[1,2,3,4,5,6]; c18:bw=18,experts=[3]; c19:bw=18,experts=[7]; c7:bw=51,experts=[0,4,5,6,7]; c0:bw=36,experts=[0,1,2]; c15:bw=46,experts=[2,3,4,5]; c2:bw=20,experts=[6,7]; c16:bw=20,experts=[4,5]; c9:bw=18,experts=[2]; c1:bw=62,experts=[0,1,4,5,6,7]; c3:bw=21,experts=[5,6]; c4:bw=12,experts=[2]","1.1962,1.2405,3.8217,4.1275,2.3877,2.1729,1.9761,2.2150,2.2941,2.9675,3.6024,3.1738,1.4300,2.8935,2.5339,2.0247,2.1755,3.6345,1.3959,3.2737"
28,2026-09-23 18:55:46,Ours,0.01,2.6881829540144677,27.48,29.18,27,51.8319,0:51.83,50.4216,0.2676,1.1406,1440.231,24:00.23,20,"5,6,19,8,3,14,1,7,9,15,13,4,10,18,12,16,0,2,17,11",5:33;6:29;19:33;8:29;3:12;14:15;1:25;7:10;9:49;15:32;13:31;4:10;10:40;18:34;12:42;16:35;0:47;2:10;17:48;11:66,"5:[0,6,7];6:[0,7];19:[0,1,2];8:[3,4];3:[7];14:[4];1:[2,3];7:[1];9:[3,4,5,6];15:[0,6,7];13:[3,4,5];4:[3];10:[0,1,2,3];18:[4,5,6];12:[0,1,2,7];16:[0,6,7];0:[3,4,5,6];2:[0];17:[0,5,6,7];11:[0,1,2,3,4,7]","c5:bw=33,experts=[0,6,7]; c6:bw=29,experts=[0,7]; c19:bw=33,experts=[0,1,2]; c8:bw=29,experts=[3,4]; c3:bw=12,experts=[7]; c14:bw=15,experts=[4]; c1:bw=25,experts=[2,3]; c7:bw=10,experts=[1]; c9:bw=49,experts=[3,4,5,6]; c15:bw=32,experts=[0,6,7]; c13:bw=31,experts=[3,4,5]; c4:bw=10,experts=[3]; c10:bw=40,experts=[0,1,2,3]; c18:bw=34,experts=[4,5,6]; c12:bw=42,experts=[0,1,2,7]; c16:bw=35,experts=[0,6,7]; c0:bw=47,experts=[3,4,5,6]; c2:bw=10,experts=[0]; c17:bw=48,experts=[0,5,6,7]; c11:bw=66,experts=[0,1,2,3,4,7]","1.2195,1.9812,3.6171,2.2173,1.3934,3.7955,3.6025,3.1349,2.1685,2.8985,4.0473,3.2863,1.1913,2.9991,2.3479,2.0545,1.4305,2.5524,2.1576,2.3259"
29,2026-09-23 18:56:39,Ours,0.01,2.6308927052743,29.83,29.83,29,53.5156,0:53.52,52.0949,0.2691,1.1493,1493.7663,24:53.77,20,"12,5,4,15,8,3,14,16,18,10,11,19,7,9,0,6,2,17,1,13",12:10;5:33;4:38;15:70;8:34;3:32;14:35;16:48;18:24;10:10;11:59;19:39;7:21;9:44;0:44;6:43;2:18;17:59;1:33;13:13,"12:[3];5:[1,2,3];4:[4,5,6];15:[1,2,3,4,5,6,7];8:[5,6,7];3:[0,1,2];14:[5,6,7];16:[1,2,3,4];18:[0,7];10:[4];11:[0,1,5,6,7];19:[3,4,5];7:[2,3];9:[0,1,2,7];0:[0,1,2,7];6:[1,2,3,4];2:[1];17:[1,2,3,4,5];1:[4,5,6];13:[6]","c12:bw=10,experts=[3]; c5:bw=33,experts=[1,2,3]; c4:bw=38,experts=[4,5,6]; c15:bw=70,experts=[1,2,3,4,5,6,7]; c8:bw=34,experts=[5,6,7]; c3:bw=32,experts=[0,1,2]; c14:bw=35,experts=[5,6,7]; c16:bw=48,experts=[1,2,3,4]; c18:bw=24,experts=[0,7]; c10:bw=10,experts=[4]; c11:bw=59,experts=[0,1,5,6,7]; c19:bw=39,experts=[3,4,5]; c7:bw=21,experts=[2,3]; c9:bw=44,experts=[0,1,2,7]; c0:bw=44,experts=[0,1,2,7]; c6:bw=43,experts=[1,2,3,4]; c2:bw=18,experts=[1]; c17:bw=59,experts=[1,2,3,4,5]; c1:bw=33,experts=[4,5,6]; c13:bw=13,experts=[6]","2.3648,1.2280,3.2865,2.9270,2.2054,1.4083,3.8307,2.0409,2.9675,1.1852,2.3162,3.7946,3.3745,2.3386,1.5053,2.1099,2.7544,2.3174,3.8514,4.2882"
30,2026-09-23 18:57:31,Ours,0.01,2.567414570713084,28.84,29.83,29,52.0755,0:52.08,50.6649,0.2735,1.135,1545.8612,25:45.86,20,"14,19,13,16,15,5,6,11,1,17,12,0,2,7,8,4,9,18,3,10",14:49;19:24;13:27;16:31;15:22;5:62;6:11;11:46;1:35;17:19;12:24;0:17;2:27;7:12;8:41;4:51;9:54;18:57;3:59;10:71,"14:[0,1,2,3];19:[6,7];13:[0,7];16:[5,6,7];15:[0,1];5:[0,1,4,5,6,7];6:[5];11:[2,3,4,5];1:[0,1,7];17:[6];12:[4,5];0:[3];2:[2,3];7:[4];8:[0,1,2,3];4:[0,1,2,3,7];9:[3,4,5,6,7];18:[1,2,3,4,5];3:[3,4,5,6,7];10:[0,1,2,3,5,6,7]","c14:bw=49,experts=[0,1,2,3]; c19:bw=24,experts=[6,7]; c13:bw=27,experts=[0,7]; c16:bw=31,experts=[5,6,7]; c15:bw=22,experts=[0,1]; c5:bw=62,experts=[0,1,4,5,6,7]; c6:bw=11,experts=[5]; c11:bw=46,experts=[2,3,4,5]; c1:bw=35,experts=[0,1,7]; c17:bw=19,experts=[6]; c12:bw=24,experts=[4,5]; c0:bw=17,experts=[3]; c2:bw=27,experts=[2,3]; c7:bw=12,experts=[4]; c8:bw=41,experts=[0,1,2,3]; c4:bw=51,experts=[0,1,2,3,7]; c9:bw=54,experts=[3,4,5,6,7]; c18:bw=57,experts=[1,2,3,4,5]; c3:bw=59,experts=[3,4,5,6,7]; c10:bw=71,experts=[0,1,2,3,5,6,7]","3.8760,3.6536,4.1466,2.0354,2.9077,1.2495,1.9502,2.3023,3.6462,2.1660,2.3892,1.4042,2.5445,3.1089,2.2129,3.3289,2.1751,2.9693,1.4002,1.1979"
31,2026-09-23 18:58:26,Ours,0.01,2.542947260575259,30.65,30.65,31,54.3724,0:54.37,52.8959,0.2744,1.1999,1600.2548,26:40.25,20,"1,6,11,9,19,4,7,14,15,18,10,5,17,3,13,0,16,8,2,12",1:30;6:29;11:29;9:45;19:40;4:19;7:63;14:61;15:55;18:58;10:33;5:62;17:35;3:24;13:32;0:47;16:36;8:33;2:15;12:35,"1:[2,3,4];6:[6,7];11:[6,7];9:[0,1,2,3];19:[0,1,2,3];4:[4];7:[0,1,2,5,6,7];14:[0,1,4,5,6,7];15:[2,3,4,5,6];18:[0,1,2,6,7];10:[4,5,6];5:[2,3,4,5,6,7];17:[0,1,7];3:[0,1];13:[1,2,3];0:[4,5,6,7];16:[0,1,2];8:[4,5,6];2:[4];12:[0,6,7]","c1:bw=30,experts=[2,3,4]; c6:bw=29,experts=[6,7]; c11:bw=29,experts=[6,7]; c9:bw=45,experts=[0,1,2,3]; c19:bw=40,experts=[0,1,2,3]; c4:bw=19,experts=[4]; c7:bw=63,experts=[0,1,2,5,6,7]; c14:bw=61,experts=[0,1,4,5,6,7]; c15:bw=55,experts=[2,3,4,5,6]; c18:bw=58,experts=[0,1,2,6,7]; c10:bw=33,experts=[4,5,6]; c5:bw=62,experts=[2,3,4,5,6,7]; c17:bw=35,experts=[0,1,7]; c3:bw=24,experts=[0,1]; c13:bw=32,experts=[1,2,3]; c0:bw=47,experts=[4,5,6,7]; c16:bw=36,experts=[0,1,2]; c8:bw=33,experts=[4,5,6]; c2:bw=15,experts=[4]; c12:bw=35,experts=[0,6,7]","3.8555,2.0749,2.3616,2.3039,3.8180,3.4446,3.2944,3.8658,2.9336,3.0870,1.1906,1.2427,2.1907,1.4819,4.3955,1.4987,2.2683,2.6015,2.5698,2.4169"
32,2026-09-23 18:59:19,Ours,0.01,2.5372391592369317,33.32,33.32,32,53.4683,0:53.47,52.0469,0.2753,1.1438,1653.7473,27:33.75,20,"12,19,1,5,7,0,6,9,10,17,3,8,11,2,16,4,15,14,18,13",12:49;19:27;1:21;5:36;7:47;0:46;6:27;9:31;10:22;17:28;3:28;8:21;11:27;2:54;16:48;4:49;15:36;14:32;18:35;13:63,"12:[1,2,3,4];19:[4,5];1:[5,6];5:[0,1,2];7:[3,4,5,6];0:[0,1,2,3];6:[0,1];9:[4,5,6];10:[0,7];17:[2,3];3:[2,3];8:[0,7];11:[0,1];2:[0,1,5,6,7];16:[3,4,5,6];4:[0,5,6,7];15:[0,1,7];14:[2,3,4];18:[3,4,5];13:[0,1,4,5,6,7]","c12:bw=49,experts=[1,2,3,4]; c19:bw=27,experts=[4,5]; c1:bw=21,experts=[5,6]; c5:bw=36,experts=[0,1,2]; c7:bw=47,experts=[3,4,5,6]; c0:bw=46,experts=[0,1,2,3]; c6:bw=27,experts=[0,1]; c9:bw=31,experts=[4,5,6]; c10:bw=22,experts=[0,7]; c17:bw=28,experts=[2,3]; c3:bw=28,experts=[2,3]; c8:bw=21,experts=[0,7]; c11:bw=27,experts=[0,1]; c2:bw=54,experts=[0,1,5,6,7]; c16:bw=48,experts=[3,4,5,6]; c4:bw=49,experts=[0,5,6,7]; c15:bw=36,experts=[0,1,7]; c14:bw=32,experts=[2,3,4]; c18:bw=35,experts=[3,4,5]; c13:bw=63,experts=[0,1,4,5,6,7]","2.4702,3.6207,3.7704,1.2599,3.1685,1.4365,2.0185,2.4058,1.2514,2.2315,1.4173,2.2568,2.4672,2.6403,2.0857,3.4208,2.9815,3.9871,3.0014,4.1553"
33,2026-09-23 19:00:12,Ours,0.01,2.4400633652620547,33.18,33.32,32,52.3806,0:52.38,50.9372,0.2736,1.1675,1706.1496,28:26.15,20,"16,14,11,3,7,15,5,17,0,9,8,1,18,10,12,19,2,4,13,6",16:44;14:37;11:53;3:70;7:52;15:24;5:29;17:59;0:62;9:42;8:50;1:34;18:55;10:46;12:46;19:25;2:24;4:45;13:30;6:37,"16:[0,1,2,7];14:[5,6,7];11:[2,3,4,5,6];3:[0,1,2,4,5,6,7];7:[0,1,2,3,7];15:[2,3];5:[3,4];17:[0,4,5,6,7];0:[0,1,4,5,6,7];9:[0,1,2,7];8:[1,2,3,4,5];1:[0,1,7];18:[0,1,2,6,7];10:[1,2,3,4];12:[0,5,6,7];19:[6,7];2:[2,3];4:[1,2,3,4];13:[2,3,4];6:[2,3,4]","c16:bw=44,experts=[0,1,2,7]; c14:bw=37,experts=[5,6,7]; c11:bw=53,experts=[2,3,4,5,6]; c3:bw=70,experts=[0,1,2,4,5,6,7]; c7:bw=52,experts=[0,1,2,3,7]; c15:bw=24,experts=[2,3]; c5:bw=29,experts=[3,4]; c17:bw=59,experts=[0,4,5,6,7]; c0:bw=62,experts=[0,1,4,5,6,7]; c9:bw=42,experts=[0,1,2,7]; c8:bw=50,experts=[1,2,3,4,5]; c1:bw=34,experts=[0,1,7]; c18:bw=55,experts=[0,1,2,6,7]; c10:bw=46,experts=[1,2,3,4]; c12:bw=46,experts=[0,5,6,7]; c19:bw=25,experts=[6,7]; c2:bw=24,experts=[2,3]; c4:bw=45,experts=[1,2,3,4]; c13:bw=30,experts=[2,3,4]; c6:bw=37,experts=[2,3,4]","2.0567,3.8737,2.3372,1.4302,3.1811,2.9033,1.2263,2.1915,1.4289,2.1916,2.2692,3.6428,3.0040,1.2047,2.3851,3.6031,2.5599,3.3544,4.1143,1.9793"
34,2026-09-23 19:01:06,Ours,0.01,2.4260169968808083,34.87,34.87,34,53.9879,0:53.99,52.5768,0.2721,1.1367,1760.1586,29:20.16,20,"10,14,18,9,16,8,13,6,11,3,15,0,12,7,2,5,19,4,1,17",10:26;14:66;18:29;9:68;16:54;8:42;13:57;6:48;11:52;3:72;15:10;0:22;12:24;7:32;2:54;5:60;19:50;4:46;1:46;17:16,"10:[5,6];14:[0,1,2,3,4,5];18:[3,4];9:[0,3,4,5,6,7];16:[3,4,5,6,7];8:[0,1,6,7];13:[0,1,5,6,7];6:[0,5,6,7];11:[0,1,2,3,7];3:[0,1,3,4,5,6,7];15:[4];0:[2,3];12:[1,2];7:[4,5,6];2:[0,4,5,6,7];5:[0,1,2,5,6,7];19:[0,1,2,3,4];4:[0,5,6,7];1:[2,3,4,5];17:[1]","c10:bw=26,experts=[5,6]; c14:bw=66,experts=[0,1,2,3,4,5]; c18:bw=29,experts=[3,4]; c9:bw=68,experts=[0,3,4,5,6,7]; c16:bw=54,experts=[3,4,5,6,7]; c8:bw=42,experts=[0,1,6,7]; c13:bw=57,experts=[0,1,5,6,7]; c6:bw=48,experts=[0,5,6,7]; c11:bw=52,experts=[0,1,2,3,7]; c3:bw=72,experts=[0,1,3,4,5,6,7]; c15:bw=10,experts=[4]; c0:bw=22,experts=[2,3]; c12:bw=24,experts=[1,2]; c7:bw=32,experts=[4,5,6]; c2:bw=54,experts=[0,4,5,6,7]; c5:bw=60,experts=[0,1,2,5,6,7]; c19:bw=50,experts=[0,1,2,3,4]; c4:bw=46,experts=[0,5,6,7]; c1:bw=46,experts=[2,3,4,5]; c17:bw=16,experts=[1]","1.2122,3.8554,3.0115,2.1875,2.2330,2.4205,4.5329,2.1500,2.5434,1.5337,3.1871,1.5194,2.5338,3.1449,2.5661,1.2321,3.5877,3.3014,3.6241,2.2002"
35,2026-09-23 19:01:58,Ours,0.01,2.415307126663401,33.75,34.87,34,52.332,0:52.33,50.9105,0.272,1.1473,1812.5153,30:12.52,20,"10,19,8,12,5,0,13,4,7,3,15,1,14,17,2,16,9,6,11,18",10:57;19:22;8:50;12:22;5:41;0:20;13:48;4:33;7:48;3:24;15:47;1:31;14:20;17:32;2:46;16:10;9:27;6:44;11:69;18:51,"10:[0,1,2,3,7];19:[5,6];8:[2,3,4,5,6];12:[3,4];5:[3,4,5,6];0:[4,5];13:[2,3,4,5];4:[1,2,3];7:[0,1,2,7];3:[2,3];15:[0,5,6,7];1:[0,6,7];14:[6,7];17:[2,3,4];2:[1,2,3,4];16:[0];9:[1,2];6:[1,2,3,4];11:[0,1,4,5,6,7];18:[0,1,5,6,7]","c10:bw=57,experts=[0,1,2,3,7]; c19:bw=22,experts=[5,6]; c8:bw=50,experts=[2,3,4,5,6]; c12:bw=22,experts=[3,4]; c5:bw=41,experts=[3,4,5,6]; c0:bw=20,experts=[4,5]; c13:bw=48,experts=[2,3,4,5]; c4:bw=33,experts=[1,2,3]; c7:bw=48,experts=[0,1,2,7]; c3:bw=24,experts=[2,3]; c15:bw=47,experts=[0,5,6,7]; c1:bw=31,experts=[0,6,7]; c14:bw=20,experts=[6,7]; c17:bw=32,experts=[2,3,4]; c2:bw=46,experts=[1,2,3,4]; c16:bw=10,experts=[0]; c9:bw=27,experts=[1,2]; c6:bw=44,experts=[1,2,3,4]; c11:bw=69,experts=[0,1,4,5,6,7]; c18:bw=51,experts=[0,1,5,6,7]","1.1986,3.6189,2.2778,2.4308,1.2445,1.4210,4.0592,3.3178,3.1756,1.4148,2.9187,3.6835,3.8502,2.1769,2.5991,2.0354,2.1616,1.9753,2.3340,3.0168"
36,2026-09-23 19:02:51,Ours,0.01,2.4397962332975554,33.08,34.87,34,52.4325,0:52.43,51.0052,0.2711,1.1538,1864.9693,31:04.97,20,"10,8,1,18,7,6,2,3,15,14,19,4,13,12,11,9,17,5,0,16",10:56;8:51;1:10;18:11;7:27;6:43;2:50;3:60;15:68;14:18;19:48;4:74;13:47;12:35;11:33;9:37;17:49;5:49;0:36;16:10,"10:[0,4,5,6,7];8:[0,1,2,3,7];1:[1];18:[2];7:[3,4];6:[0,5,6,7];2:[0,1,5,6,7];3:[0,1,4,5,6,7];15:[1,2,3,4,5,6];14:[0];19:[0,1,2,7];4:[0,1,2,4,5,6,7];13:[0,1,6,7];12:[5,6,7];11:[2,3,4];9:[3,4,5];17:[0,5,6,7];5:[0,1,2,7];0:[0,6,7];16:[1]","c10:bw=56,experts=[0,4,5,6,7]; c8:bw=51,experts=[0,1,2,3,7]; c1:bw=10,experts=[1]; c18:bw=11,experts=[2]; c7:bw=27,experts=[3,4]; c6:bw=43,experts=[0,5,6,7]; c2:bw=50,experts=[0,1,5,6,7]; c3:bw=60,experts=[0,1,4,5,6,7]; c15:bw=68,experts=[1,2,3,4,5,6]; c14:bw=18,experts=[0]; c19:bw=48,experts=[0,1,2,7]; c4:bw=74,experts=[0,1,2,4,5,6,7]; c13:bw=47,experts=[0,1,6,7]; c12:bw=35,experts=[5,6,7]; c11:bw=33,experts=[2,3,4]; c9:bw=37,experts=[3,4,5]; c17:bw=49,experts=[0,5,6,7]; c5:bw=49,experts=[0,1,2,7]; c0:bw=36,experts=[0,6,7]; c16:bw=10,experts=[1]","1.2007,2.2505,3.6839,2.9782,3.1585,2.0161,2.5867,1.4349,2.9293,3.8633,3.6465,3.3203,4.1574,2.4065,2.2938,2.1795,2.2142,1.2384,1.4200,2.0263"
37,2026-09-23 19:03:43,Ours,0.01,2.3391917611463473,37.95,37.95,37,52.477,0:52.48,51.0453,0.2723,1.1571,1917.4688,31:57.47,20,"7,11,15,17,9,1,3,10,19,6,2,12,5,4,0,18,14,13,16,8",7:42;11:63;15:51;17:56;9:40;1:18;3:36;10:58;19:42;6:65;2:36;12:49;5:39;4:39;0:54;18:10;14:28;13:12;16:31;8:10,"7:[0,5,6,7];11:[0,1,2,5,6,7];15:[0,1,2,3,7];17:[1,2,3,4,5];9:[0,1,6,7];1:[2];3:[2,3,4];10:[1,2,3,4,5];19:[3,4,5,6];6:[1,2,3,4,5,6];2:[2,3,4];12:[0,1,2,3];5:[3,4,5];4:[3,4,5];0:[1,2,3,4,5];18:[3];14:[1,2];13:[2];16:[2,3,4];8:[4]","c7:bw=42,experts=[0,5,6,7]; c11:bw=63,experts=[0,1,2,5,6,7]; c15:bw=51,experts=[0,1,2,3,7]; c17:bw=56,experts=[1,2,3,4,5]; c9:bw=40,experts=[0,1,6,7]; c1:bw=18,experts=[2]; c3:bw=36,experts=[2,3,4]; c10:bw=58,experts=[1,2,3,4,5]; c19:bw=42,experts=[3,4,5,6]; c6:bw=65,experts=[1,2,3,4,5,6]; c2:bw=36,experts=[2,3,4]; c12:bw=49,experts=[0,1,2,3]; c5:bw=39,experts=[3,4,5]; c4:bw=39,experts=[3,4,5]; c0:bw=54,experts=[1,2,3,4,5]; c18:bw=10,experts=[3]; c14:bw=28,experts=[1,2]; c13:bw=12,experts=[2]; c16:bw=31,experts=[2,3,4]; c8:bw=10,experts=[4]","3.1773,2.3814,2.9606,2.1975,2.1828,3.6367,1.4257,1.1887,3.6296,1.9908,2.5790,2.3939,1.2369,3.3062,1.4215,2.9818,3.9284,4.1534,2.0411,2.2320"
38,2026-09-23 19:04:37,Ours,0.01,2.3830803770980777,36.91,37.95,37,53.4794,0:53.48,51.9767,0.2876,1.2127,1970.971,32:50.97,20,"2,12,1,9,6,18,13,14,16,11,15,0,5,10,19,8,4,17,7,3",2:10;12:47;1:31;9:26;6:17;18:44;13:63;14:41;16:38;11:17;15:12;0:40;5:10;10:39;19:61;8:46;4:52;17:41;7:51;3:38,"2:[5];12:[4,5,6,7];1:[3,4,5];9:[2,3];6:[7];18:[4,5,6,7];13:[0,3,4,5,6,7];14:[3,4,5,6];16:[5,6,7];11:[3];15:[4];0:[0,1,6,7];5:[6];10:[0,6,7];19:[0,1,2,3,4,7];8:[0,5,6,7];4:[0,1,2,6,7];17:[0,1,6,7];7:[1,2,3,4,5];3:[5,6,7]","c2:bw=10,experts=[5]; c12:bw=47,experts=[4,5,6,7]; c1:bw=31,experts=[3,4,5]; c9:bw=26,experts=[2,3]; c6:bw=17,experts=[7]; c18:bw=44,experts=[4,5,6,7]; c13:bw=63,experts=[0,3,4,5,6,7]; c14:bw=41,experts=[3,4,5,6]; c16:bw=38,experts=[5,6,7]; c11:bw=17,experts=[3]; c15:bw=12,experts=[4]; c0:bw=40,experts=[0,1,6,7]; c5:bw=10,experts=[6]; c10:bw=39,experts=[0,6,7]; c19:bw=61,experts=[0,1,2,3,4,7]; c8:bw=46,experts=[0,5,6,7]; c4:bw=52,experts=[0,1,2,6,7]; c17:bw=41,experts=[0,1,6,7]; c7:bw=51,experts=[1,2,3,4,5]; c3:bw=38,experts=[5,6,7]","2.5735,2.4479,3.6206,2.1816,1.9657,3.0300,4.1358,3.8324,2.0353,2.3192,2.9296,1.4044,1.2289,1.1920,3.7620,2.4006,3.5902,2.3813,3.4274,1.5182"
39,2026-09-23 19:05:30,Ours,0.01,2.3965615802482416,35.97,37.95,37,53.0794,0:53.08,51.649,0.2733,1.1548,2024.075,33:44.07,20,"3,13,2,11,15,19,0,12,6,18,10,16,7,9,1,8,14,4,17,5",3:26;13:49;2:36;11:51;15:30;19:18;0:10;12:49;6:31;18:25;10:24;16:29;7:40;9:24;1:45;8:45;14:57;4:36;17:42;5:75,"3:[0,1];13:[1,2,3,4];2:[0,6,7];11:[0,4,5,6,7];15:[5,6,7];19:[5];0:[2];12:[0,1,2,3];6:[0,1,2];18:[0,1];10:[1,2];16:[0,1];7:[0,1,6,7];9:[4,5];1:[0,1,6,7];8:[1,2,3,4];14:[0,1,2,3,7];4:[3,4,5];17:[2,3,4,5];5:[0,1,2,3,4,5,7]","c3:bw=26,experts=[0,1]; c13:bw=49,experts=[1,2,3,4]; c2:bw=36,experts=[0,6,7]; c11:bw=51,experts=[0,4,5,6,7]; c15:bw=30,experts=[5,6,7]; c19:bw=18,experts=[5]; c0:bw=10,experts=[2]; c12:bw=49,experts=[0,1,2,3]; c6:bw=31,experts=[0,1,2]; c18:bw=25,experts=[0,1]; c10:bw=24,experts=[1,2]; c16:bw=29,experts=[0,1]; c7:bw=40,experts=[0,1,6,7]; c9:bw=24,experts=[4,5]; c1:bw=45,experts=[0,1,6,7]; c8:bw=45,experts=[1,2,3,4]; c14:bw=57,experts=[0,1,2,3,7]; c4:bw=36,experts=[3,4,5]; c17:bw=42,experts=[2,3,4,5]; c5:bw=75,experts=[0,1,2,3,4,5,7]","1.5250,4.4594,2.6850,2.3206,2.9283,3.5939,1.4109,2.4027,1.9920,3.0351,1.1899,2.0564,3.3045,2.1779,3.7191,2.2385,3.8762,3.3079,2.1867,1.2392"
40,2026-09-23 19:06:22,Ours,0.01,2.327525343139565,35.76,37.95,37,52.4948,0:52.49,51.0623,0.2755,1.1545,2076.5918,34:36.59,20,"15,3,9,14,13,7,19,11,17,5,6,4,18,2,8,1,0,12,16,10",15:22;3:10;9:40;14:58;13:32;7:66;19:23;11:15;17:30;5:32;6:46;4:19;18:38;2:65;8:26;1:42;0:36;12:42;16:29;10:60,"15:[0,1];3:[2];9:[0,1,6,7];14:[0,4,5,6,7];13:[5,6,7];7:[2,3,4,5,6,7];19:[6,7];11:[1];17:[0,6,7];5:[0,6,7];6:[3,4,5,6];4:[6];18:[2,3,4];2:[1,2,3,4,5,6];8:[5,6];1:[2,3,4,5];0:[3,4,5];12:[4,5,6,7];16:[2,3];10:[0,3,4,5,6,7]","c15:bw=22,experts=[0,1]; c3:bw=10,experts=[2]; c9:bw=40,experts=[0,1,6,7]; c14:bw=58,experts=[0,4,5,6,7]; c13:bw=32,experts=[5,6,7]; c7:bw=66,experts=[2,3,4,5,6,7]; c19:bw=23,experts=[6,7]; c11:bw=15,experts=[1]; c17:bw=30,experts=[0,6,7]; c5:bw=32,experts=[0,6,7]; c6:bw=46,experts=[3,4,5,6]; c4:bw=19,experts=[6]; c18:bw=38,experts=[2,3,4]; c2:bw=65,experts=[1,2,3,4,5,6]; c8:bw=26,experts=[5,6]; c1:bw=42,experts=[2,3,4,5]; c0:bw=36,experts=[3,4,5]; c12:bw=42,experts=[4,5,6,7]; c16:bw=29,experts=[2,3]; c10:bw=60,experts=[0,3,4,5,6,7]","2.9333,1.4188,2.1926,3.8735,4.1781,3.1765,3.6347,2.3347,2.2295,1.2418,1.9776,3.2846,2.9864,2.5629,2.2375,3.6934,1.4269,2.4410,2.0475,1.1909"
41,2026-09-23 19:07:15,Ours,0.01,2.3133884465846153,39.41,39.41,41,52.5645,0:52.56,51.1391,0.2782,1.1449,2129.1797,35:29.18,20,"14,11,5,15,6,10,1,7,17,12,3,2,0,8,13,19,16,18,9,4",14:61;11:41;5:61;15:24;6:10;10:42;1:10;7:68;17:52;12:18;3:40;2:54;0:10;8:57;13:45;19:19;16:25;18:10;9:54;4:50,"14:[1,2,3,4,5,6];11:[2,3,4,5];5:[1,2,3,4,5,6];15:[2,3];6:[7];10:[1,2,3,4];1:[6];7:[0,1,2,3,4,5];17:[1,2,3,4,5];12:[0];3:[3,4,5,6];2:[0,1,2,3,7];0:[6];8:[0,1,2,3,7];13:[0,1,2,3];19:[0];16:[4,5];18:[5];9:[2,3,4,5,6];4:[0,1,2,3,7]","c14:bw=61,experts=[1,2,3,4,5,6]; c11:bw=41,experts=[2,3,4,5]; c5:bw=61,experts=[1,2,3,4,5,6]; c15:bw=24,experts=[2,3]; c6:bw=10,experts=[7]; c10:bw=42,experts=[1,2,3,4]; c1:bw=10,experts=[6]; c7:bw=68,experts=[0,1,2,3,4,5]; c17:bw=52,experts=[1,2,3,4,5]; c12:bw=18,experts=[0]; c3:bw=40,experts=[3,4,5,6]; c2:bw=54,experts=[0,1,2,3,7]; c0:bw=10,experts=[6]; c8:bw=57,experts=[0,1,2,3,7]; c13:bw=45,experts=[0,1,2,3]; c19:bw=19,experts=[0]; c16:bw=25,experts=[4,5]; c18:bw=10,experts=[5]; c9:bw=54,experts=[2,3,4,5,6]; c4:bw=50,experts=[0,1,2,3,7]","3.8904,2.3239,1.2449,2.9408,1.9820,1.2045,3.6769,3.1829,2.2260,2.4019,1.4141,2.5742,1.4044,2.2272,4.2214,3.6339,2.0558,3.0476,2.1661,3.3203"
42,2026-09-23 19:08:09,Ours,0.01,2.363135894742679,37.87,39.41,41,54.3951,0:54.40,52.9596,0.2719,1.1613,2183.5979,36:23.60,20,"12,9,3,7,19,1,15,14,13,6,16,8,10,4,18,5,0,11,17,2",12:22;9:51;3:48;7:20;19:63;1:49;15:31;14:13;13:33;6:34;16:10;8:42;10:15;4:55;18:14;5:50;0:15;11:59;17:32;2:40,"12:[1,2];9:[0,1,2,3,7];3:[0,1,2,7];7:[6,7];19:[1,2,3,4,5,6];1:[0,1,2,7];15:[4,5,6];14:[7];13:[4,5,6];6:[0,1,2];16:[6];8:[4,5,6,7];10:[5];4:[0,4,5,6,7];18:[6];5:[0,1,2,3,7];0:[7];11:[0,1,2,6,7];17:[0,6,7];2:[4,5,6,7]","c12:bw=22,experts=[1,2]; c9:bw=51,experts=[0,1,2,3,7]; c3:bw=48,experts=[0,1,2,7]; c7:bw=20,experts=[6,7]; c19:bw=63,experts=[1,2,3,4,5,6]; c1:bw=49,experts=[0,1,2,7]; c15:bw=31,experts=[4,5,6]; c14:bw=13,experts=[7]; c13:bw=33,experts=[4,5,6]; c6:bw=34,experts=[0,1,2]; c16:bw=10,experts=[6]; c8:bw=42,experts=[4,5,6,7]; c10:bw=15,experts=[5]; c4:bw=55,experts=[0,4,5,6,7]; c18:bw=14,experts=[6]; c5:bw=50,experts=[0,1,2,3,7]; c0:bw=15,experts=[7]; c11:bw=59,experts=[0,1,2,6,7]; c17:bw=32,experts=[0,6,7]; c2:bw=40,experts=[4,5,6,7]","2.4332,2.1999,1.4900,3.4612,3.9969,4.0358,3.2256,4.2053,4.2806,2.0036,2.0621,2.2387,1.1759,3.3283,3.0315,1.2470,1.4028,2.3544,2.2209,2.5658"
43,2026-09-23 19:09:02,Ours,0.01,2.2941280306855156,37.97,39.41,41,52.8009,0:52.80,51.375,0.2752,1.1484,2236.4236,37:16.42,20,"4,9,7,12,11,14,6,0,18,8,3,15,2,10,13,16,19,17,5,1",4:34;9:32;7:21;12:10;11:55;14:66;6:12;0:21;18:24;8:45;3:65;15:14;2:51;10:37;13:16;16:21;19:54;17:47;5:53;1:58,"4:[1,2,3];9:[4,5,6];7:[0,1];12:[3];11:[3,4,5,6,7];14:[0,1,2,3,4,5];6:[3];0:[0,1];18:[0,7];8:[0,1,2,3];3:[0,3,4,5,6,7];15:[7];2:[0,1,2,3,4];10:[0,6,7];13:[7];16:[0,7];19:[0,1,2,3,7];17:[1,2,3,4];5:[0,4,5,6,7];1:[3,4,5,6,7]","c4:bw=34,experts=[1,2,3]; c9:bw=32,experts=[4,5,6]; c7:bw=21,experts=[0,1]; c12:bw=10,experts=[3]; c11:bw=55,experts=[3,4,5,6,7]; c14:bw=66,experts=[0,1,2,3,4,5]; c6:bw=12,experts=[3]; c0:bw=21,experts=[0,1]; c18:bw=24,experts=[0,7]; c8:bw=45,experts=[0,1,2,3]; c3:bw=65,experts=[0,3,4,5,6,7]; c15:bw=14,experts=[7]; c2:bw=51,experts=[0,1,2,3,4]; c10:bw=37,experts=[0,6,7]; c13:bw=16,experts=[7]; c16:bw=21,experts=[0,7]; c19:bw=54,experts=[0,1,2,3,7]; c17:bw=47,experts=[1,2,3,4]; c5:bw=53,experts=[0,4,5,6,7]; c1:bw=58,experts=[3,4,5,6,7]","3.3328,2.2391,3.2168,2.4251,2.3613,3.8969,1.9776,1.4260,3.0575,2.2349,1.4149,2.9392,2.5853,1.2163,4.2276,2.0458,3.6727,2.2070,1.2437,3.6545"
44,2026-09-23 19:09:55,Ours,0.01,2.185655921085139,41.79,41.79,44,52.6956,0:52.70,51.2608,0.2721,1.1604,2289.1417,38:09.14,20,"12,15,13,6,2,17,8,10,14,5,1,4,7,19,11,0,18,16,9,3",12:40;15:50;13:28;6:20;2:37;17:12;8:34;10:56;14:65;5:24;1:45;4:29;7:75;19:10;11:16;0:66;18:54;16:76;9:37;3:47,"12:[4,5,6,7];15:[0,1,2,3,4];13:[0,1];6:[4,5];2:[5,6,7];17:[5];8:[4,5,6];10:[1,2,3,4,5];14:[0,1,2,3,6,7];5:[1,2];1:[0,1,2,3];4:[4,5];7:[0,2,3,4,5,6,7];19:[4];11:[0];0:[2,3,4,5,6,7];18:[1,2,3,4,5];16:[1,2,3,4,5,6,7];9:[0,1,7];3:[1,2,3,4]","c12:bw=40,experts=[4,5,6,7]; c15:bw=50,experts=[0,1,2,3,4]; c13:bw=28,experts=[0,1]; c6:bw=20,experts=[4,5]; c2:bw=37,experts=[5,6,7]; c17:bw=12,experts=[5]; c8:bw=34,experts=[4,5,6]; c10:bw=56,experts=[1,2,3,4,5]; c14:bw=65,experts=[0,1,2,3,6,7]; c5:bw=24,experts=[1,2]; c1:bw=45,experts=[0,1,2,3]; c4:bw=29,experts=[4,5]; c7:bw=75,experts=[0,2,3,4,5,6,7]; c19:bw=10,experts=[4]; c11:bw=16,experts=[0]; c0:bw=66,experts=[2,3,4,5,6,7]; c18:bw=54,experts=[1,2,3,4,5]; c16:bw=76,experts=[1,2,3,4,5,6,7]; c9:bw=37,experts=[0,1,7]; c3:bw=47,experts=[1,2,3,4]","2.4382,2.9896,4.2102,2.0162,2.5545,2.1878,2.2429,1.2099,3.9196,1.2284,3.6968,3.2697,3.2246,3.5874,2.3563,1.4432,3.0289,2.0602,2.1865,1.4097"
45,2026-09-23 19:10:48,Ours,0.01,2.267164746774828,39.37,41.79,44,52.9734,0:52.97,51.5649,0.268,1.1382,2342.1397,39:02.14,20,"12,0,11,5,6,1,4,17,9,2,8,13,19,16,3,7,18,10,15,14",12:61;0:36;11:53;5:44;6:10;1:56;4:64;17:10;9:25;2:49;8:55;13:53;19:67;16:54;3:67;7:36;18:16;10:42;15:33;14:41,"12:[0,1,2,3,4,5];0:[0,1,2];11:[1,2,3,4,5];5:[3,4,5,6];6:[6];1:[0,4,5,6,7];4:[0,1,2,3,6,7];17:[6];9:[2,3];2:[0,1,2,3];8:[0,1,2,3,7];13:[2,3,4,5,6];19:[0,1,2,5,6,7];16:[0,1,2,3,4];3:[0,1,2,5,6,7];7:[1,2,3];18:[6];10:[0,1,6,7];15:[5,6,7];14:[4,5,6,7]","c12:bw=61,experts=[0,1,2,3,4,5]; c0:bw=36,experts=[0,1,2]; c11:bw=53,experts=[1,2,3,4,5]; c5:bw=44,experts=[3,4,5,6]; c6:bw=10,experts=[6]; c1:bw=56,experts=[0,4,5,6,7]; c4:bw=64,experts=[0,1,2,3,6,7]; c17:bw=10,experts=[6]; c9:bw=25,experts=[2,3]; c2:bw=49,experts=[0,1,2,3]; c8:bw=55,experts=[0,1,2,3,7]; c13:bw=53,experts=[2,3,4,5,6]; c19:bw=67,experts=[0,1,2,5,6,7]; c16:bw=54,experts=[0,1,2,3,4]; c3:bw=67,experts=[0,1,2,5,6,7]; c7:bw=36,experts=[1,2,3]; c18:bw=16,experts=[6]; c10:bw=42,experts=[0,1,6,7]; c15:bw=33,experts=[5,6,7]; c14:bw=41,experts=[4,5,6,7]","2.4863,1.4261,2.3771,1.2551,1.9885,3.7073,3.3748,2.2479,2.1856,2.5762,2.2512,4.1335,3.6988,2.0887,1.4355,3.2037,3.0557,1.1935,2.9835,3.8958"
46,2026-09-23 19:11:41,Ours,0.01,2.2177563003580634,40.89,41.79,44,53.5634,0:53.56,52.0511,0.2832,1.2267,2395.7266,39:55.73,20,"7,3,16,14,2,6,12,10,13,15,1,18,11,8,19,0,5,9,17,4",7:28;3:27;16:28;14:39;2:57;6:39;12:53;10:59;13:50;15:14;1:41;18:44;11:38;8:39;19:10;0:55;5:41;9:37;17:15;4:64,"7:[4,5];3:[3,4];16:[5,6];14:[0,1,2];2:[0,4,5,6,7];6:[0,1,7];12:[0,1,2,6,7];10:[2,3,4,5,6];13:[0,1,2,3,7];15:[0];1:[1,2,3,4];18:[0,1,2,7];11:[0,6,7];8:[4,5,6];19:[3];0:[3,4,5,6,7];5:[0,1,2,7];9:[4,5,6];17:[7];4:[0,1,4,5,6,7]","c7:bw=28,experts=[4,5]; c3:bw=27,experts=[3,4]; c16:bw=28,experts=[5,6]; c14:bw=39,experts=[0,1,2]; c2:bw=57,experts=[0,4,5,6,7]; c6:bw=39,experts=[0,1,7]; c12:bw=53,experts=[0,1,2,6,7]; c10:bw=59,experts=[2,3,4,5,6]; c13:bw=50,experts=[0,1,2,3,7]; c15:bw=14,experts=[0]; c1:bw=41,experts=[1,2,3,4]; c18:bw=44,experts=[0,1,2,7]; c11:bw=38,experts=[0,6,7]; c8:bw=39,experts=[4,5,6]; c19:bw=10,experts=[3]; c0:bw=55,experts=[3,4,5,6,7]; c5:bw=41,experts=[0,1,2,7]; c9:bw=37,experts=[4,5,6]; c17:bw=15,experts=[7]; c4:bw=64,experts=[0,1,4,5,6,7]","3.2087,1.4247,2.1030,3.9460,2.5934,1.9842,2.4644,1.1976,4.2084,2.9695,3.6632,3.0839,2.3616,2.3180,3.7394,1.4444,1.2437,2.3221,2.3212,3.4537"
47,2026-09-23 19:12:35,Ours,0.01,2.2734026884013145,39.15,41.79,44,54.1901,0:54.19,52.5842,0.2925,1.3111,2449.9419,40:49.94,20,"11,18,10,13,15,8,4,1,14,6,9,5,17,19,12,2,16,7,0,3",11:39;18:10;10:51;13:33;15:42;8:39;4:10;1:30;14:24;6:22;9:17;5:52;17:20;19:28;12:15;2:54;16:68;7:53;0:46;3:70,"11:[1,2,3];18:[3];10:[0,1,2,3,7];13:[4,5,6];15:[1,2,3,4];8:[0,1,7];4:[2];1:[5,6,7];14:[3,4];6:[2,3];9:[7];5:[3,4,5,6,7];17:[0,1];19:[4,5];12:[3];2:[1,2,3,4,5];16:[0,1,2,3,4,7];7:[0,1,2,6,7];0:[0,1,2,3];3:[0,1,2,3,5,6,7]","c11:bw=39,experts=[1,2,3]; c18:bw=10,experts=[3]; c10:bw=51,experts=[0,1,2,3,7]; c13:bw=33,experts=[4,5,6]; c15:bw=42,experts=[1,2,3,4]; c8:bw=39,experts=[0,1,7]; c4:bw=10,experts=[2]; c1:bw=30,experts=[5,6,7]; c14:bw=24,experts=[3,4]; c6:bw=22,experts=[2,3]; c9:bw=17,experts=[7]; c5:bw=52,experts=[3,4,5,6,7]; c17:bw=20,experts=[0,1]; c19:bw=28,experts=[4,5]; c12:bw=15,experts=[3]; c2:bw=54,experts=[1,2,3,4,5]; c16:bw=68,experts=[0,1,2,3,4,7]; c7:bw=53,experts=[0,1,2,6,7]; c0:bw=46,experts=[0,1,2,3]; c3:bw=70,experts=[0,1,2,3,5,6,7]","2.5035,3.1107,1.2142,4.1805,2.9845,2.2629,3.4987,3.7876,3.8879,1.9910,2.1737,1.2973,2.3019,3.6595,2.4026,2.5908,2.0812,3.5074,1.5468,1.6014"
48,2026-09-23 19:13:31,Ours,0.01,2.0866236259346778,43.87,43.87,48,55.0278,0:55.03,53.5817,0.278,1.1657,2505.0257,41:45.03,20,"16,7,8,17,3,4,0,6,15,19,5,9,1,12,11,18,10,13,14,2",16:10;7:62;8:50;17:38;3:18;4:67;0:16;6:45;15:64;19:45;5:55;9:52;1:50;12:31;11:32;18:62;10:12;13:50;14:10;2:57,"16:[5];7:[0,3,4,5,6,7];8:[2,3,4,5,6];17:[2,3,4];3:[4];4:[0,3,4,5,6,7];0:[4];6:[4,5,6,7];15:[0,1,2,5,6,7];19:[0,1,6,7];5:[0,1,2,3,4];9:[0,1,2,3,4];1:[0,1,2,3,4];12:[4,5,6];11:[4,5,6];18:[0,1,4,5,6,7];10:[4];13:[0,1,2,3,7];14:[5];2:[0,1,2,6,7]","c16:bw=10,experts=[5]; c7:bw=62,experts=[0,3,4,5,6,7]; c8:bw=50,experts=[2,3,4,5,6]; c17:bw=38,experts=[2,3,4]; c3:bw=18,experts=[4]; c4:bw=67,experts=[0,3,4,5,6,7]; c0:bw=16,experts=[4]; c6:bw=45,experts=[4,5,6,7]; c15:bw=64,experts=[0,1,2,5,6,7]; c19:bw=45,experts=[0,1,6,7]; c5:bw=55,experts=[0,1,2,3,4]; c9:bw=52,experts=[0,1,2,3,4]; c1:bw=50,experts=[0,1,2,3,4]; c12:bw=31,experts=[4,5,6]; c11:bw=32,experts=[4,5,6]; c18:bw=62,experts=[0,1,4,5,6,7]; c10:bw=12,experts=[4]; c13:bw=50,experts=[0,1,2,3,7]; c14:bw=10,experts=[5]; c2:bw=57,experts=[0,1,2,6,7]","2.3613,3.5929,2.4234,2.4206,1.5299,3.6780,1.4406,2.0821,3.0584,3.7091,1.2868,2.3266,3.7587,2.4838,2.4120,3.0946,1.2062,4.2226,3.9082,2.5858"
49,2026-09-23 19:14:24,Ours,0.01,2.2592714197588992,40.52,43.87,48,53.6783,0:53.68,52.1255,0.2861,1.2642,2558.7307,42:38.73,20,"7,4,0,10,17,5,15,18,1,13,2,9,14,8,3,12,19,11,6,16",7:44;4:48;0:20;10:64;17:30;5:56;15:42;18:32;1:54;13:39;2:58;9:53;14:58;8:26;3:32;12:37;19:10;11:38;6:13;16:30,"7:[1,2,3,4];4:[1,2,3,4];0:[5,6];10:[0,1,2,5,6,7];17:[5,6,7];5:[0,1,5,6,7];15:[3,4,5,6];18:[2,3,4];1:[0,1,5,6,7];13:[4,5,6];2:[3,4,5,6,7];9:[0,1,5,6,7];14:[0,1,2,6,7];8:[0,7];3:[5,6,7];12:[0,1,7];19:[2];11:[0,1,7];6:[0];16:[0,6,7]","c7:bw=44,experts=[1,2,3,4]; c4:bw=48,experts=[1,2,3,4]; c0:bw=20,experts=[5,6]; c10:bw=64,experts=[0,1,2,5,6,7]; c17:bw=30,experts=[5,6,7]; c5:bw=56,experts=[0,1,5,6,7]; c15:bw=42,experts=[3,4,5,6]; c18:bw=32,experts=[2,3,4]; c1:bw=54,experts=[0,1,5,6,7]; c13:bw=39,experts=[4,5,6]; c2:bw=58,experts=[3,4,5,6,7]; c9:bw=53,experts=[0,1,5,6,7]; c14:bw=58,experts=[0,1,2,6,7]; c8:bw=26,experts=[0,7]; c3:bw=32,experts=[5,6,7]; c12:bw=37,experts=[0,1,7]; c19:bw=10,experts=[2]; c11:bw=38,experts=[0,1,7]; c6:bw=13,experts=[0]; c16:bw=30,experts=[0,6,7]","3.2254,3.3503,1.4338,1.2134,2.2517,1.2542,3.0050,3.0815,3.7634,4.1787,2.5692,2.2102,3.9416,2.2325,1.4082,2.4359,3.7729,2.3662,2.1579,2.2735"
50,2026-09-23 19:15:19,Ours,0.01,2.165314040522701,42.3,43.87,48,54.3982,0:54.40,52.9427,0.2724,1.1808,2613.1533,43:33.15,20,"2,6,14,12,13,17,11,0,16,15,7,10,1,19,3,5,4,8,9,18",2:63;6:68;14:23;12:34;13:37;17:33;11:57;0:29;16:27;15:31;7:34;10:23;1:64;19:43;3:39;5:31;4:10;8:32;9:27;18:44,"2:[0,1,2,3,4,5];6:[1,2,3,4,5,6];14:[3,4];12:[2,3,4];13:[0,1,7];17:[0,1,2];11:[2,3,4,5,6];0:[0,7];16:[1,2];15:[0,1,7];7:[5,6,7];10:[3,4];1:[2,3,4,5,6,7];19:[3,4,5,6];3:[0,1,2];5:[2,3,4];4:[5];8:[1,2,3];9:[2,3];18:[0,5,6,7]","c2:bw=63,experts=[0,1,2,3,4,5]; c6:bw=68,experts=[1,2,3,4,5,6]; c14:bw=23,experts=[3,4]; c12:bw=34,experts=[2,3,4]; c13:bw=37,experts=[0,1,7]; c17:bw=33,experts=[0,1,2]; c11:bw=57,experts=[2,3,4,5,6]; c0:bw=29,experts=[0,7]; c16:bw=27,experts=[1,2]; c15:bw=31,experts=[0,1,7]; c7:bw=34,experts=[5,6,7]; c10:bw=23,experts=[3,4]; c1:bw=64,experts=[2,3,4,5,6,7]; c19:bw=43,experts=[3,4,5,6]; c3:bw=39,experts=[0,1,2]; c5:bw=31,experts=[2,3,4]; c4:bw=10,experts=[5]; c8:bw=32,experts=[1,2,3]; c9:bw=27,experts=[2,3]; c18:bw=44,experts=[0,5,6,7]","2.8531,2.1955,4.2972,2.6618,4.4902,2.2556,2.3742,1.4181,2.0903,2.9672,3.1939,1.1946,3.7041,3.6637,1.4257,1.2475,3.3376,2.2568,2.2187,3.0969"
51,2026-09-23 19:16:12,Ours,0.01,2.142048421173317,42.23,43.87,48,53.0421,0:53.04,51.6271,0.2701,1.1426,2666.2224,44:26.22,20,"0,9,11,16,13,19,17,1,5,12,18,4,7,14,2,6,8,10,3,15",0:53;9:18;11:60;16:30;13:40;19:10;17:43;1:21;5:47;12:43;18:37;4:11;7:27;14:30;2:20;6:52;8:46;10:37;3:55;15:57,"0:[1,2,3,4,5];9:[4];11:[0,1,2,3,4,7];16:[3,4,5];13:[2,3,4,5];19:[7];17:[3,4,5,6];1:[0,1];5:[0,5,6,7];12:[0,5,6,7];18:[1,2,3];4:[6];7:[0,1];14:[5,6,7];2:[6,7];6:[0,1,2,3,7];8:[4,5,6,7];10:[5,6,7];3:[3,4,5,6,7];15:[2,3,4,5,6]","c0:bw=53,experts=[1,2,3,4,5]; c9:bw=18,experts=[4]; c11:bw=60,experts=[0,1,2,3,4,7]; c16:bw=30,experts=[3,4,5]; c13:bw=40,experts=[2,3,4,5]; c19:bw=10,experts=[7]; c17:bw=43,experts=[3,4,5,6]; c1:bw=21,experts=[0,1]; c5:bw=47,experts=[0,5,6,7]; c12:bw=43,experts=[0,5,6,7]; c18:bw=37,experts=[1,2,3]; c4:bw=11,experts=[6]; c7:bw=27,experts=[0,1]; c14:bw=30,experts=[5,6,7]; c2:bw=20,experts=[6,7]; c6:bw=52,experts=[0,1,2,3,7]; c8:bw=46,experts=[4,5,6,7]; c10:bw=37,experts=[5,6,7]; c3:bw=55,experts=[3,4,5,6,7]; c15:bw=57,experts=[2,3,4,5,6]","1.4559,2.1989,2.3885,2.1130,4.2097,3.6453,2.2177,3.7247,1.2512,2.4609,3.0827,3.3329,3.1862,3.9427,2.5764,2.0031,2.2394,1.2000,1.4157,2.9820"
52,2026-09-23 19:17:05,Ours,0.01,2.2238808624497155,38.66,43.87,48,53.1472,0:53.15,51.7198,0.2674,1.1577,2719.3945,45:19.39,20,"6,17,15,8,0,19,12,3,13,18,4,11,2,9,7,10,14,1,5,16",6:51;17:19;15:31;8:18;0:46;19:46;12:10;3:43;13:23;18:49;4:33;11:60;2:29;9:31;7:34;10:31;14:42;1:40;5:24;16:59,"6:[0,4,5,6,7];17:[7];15:[0,1,7];8:[0];0:[0,1,6,7];19:[0,1,2,3];12:[1];3:[0,1,2,3];13:[6,7];18:[4,5,6,7];4:[0,1,7];11:[0,1,2,5,6,7];2:[0,1];9:[5,6,7];7:[2,3,4];10:[0,1,2];14:[0,1,2,3];1:[2,3,4,5];5:[1,2];16:[0,1,2,6,7]","c6:bw=51,experts=[0,4,5,6,7]; c17:bw=19,experts=[7]; c15:bw=31,experts=[0,1,7]; c8:bw=18,experts=[0]; c0:bw=46,experts=[0,1,6,7]; c19:bw=46,experts=[0,1,2,3]; c12:bw=10,experts=[1]; c3:bw=43,experts=[0,1,2,3]; c13:bw=23,experts=[6,7]; c18:bw=49,experts=[4,5,6,7]; c4:bw=33,experts=[0,1,7]; c11:bw=60,experts=[0,1,2,5,6,7]; c2:bw=29,experts=[0,1]; c9:bw=31,experts=[5,6,7]; c7:bw=34,experts=[2,3,4]; c10:bw=31,experts=[0,1,2]; c14:bw=42,experts=[0,1,2,3]; c1:bw=40,experts=[2,3,4,5]; c5:bw=24,experts=[1,2]; c16:bw=59,experts=[0,1,2,6,7]","2.0394,2.2577,2.9953,2.2734,1.4423,3.6866,2.4398,1.4386,4.1908,3.0451,3.3382,2.4170,2.5871,2.1863,3.2028,1.1941,3.9349,3.6767,1.2544,2.1194"
53,2026-09-23 19:17:58,Ours,0.01,2.1031901861342654,44.13,44.13,53,53.0204,0:53.02,51.5706,0.2771,1.1703,2772.4429,46:12.44,20,"11,9,8,12,6,15,7,1,16,18,2,19,3,10,17,4,5,13,0,14",11:11;9:61;8:22;12:45;6:36;15:27;7:44;1:59;16:44;18:17;2:51;19:10;3:47;10:52;17:28;4:28;5:44;13:10;0:39;14:34,"11:[3];9:[0,1,2,3,4,5];8:[1,2];12:[2,3,4,5];6:[1,2,3];15:[2,3];7:[0,5,6,7];1:[0,1,2,6,7];16:[3,4,5,6];18:[0];2:[2,3,4,5,6];19:[4];3:[4,5,6,7];10:[3,4,5,6,7];17:[0,1];4:[2,3];5:[3,4,5,6];13:[0];0:[2,3,4];14:[4,5,6]","c11:bw=11,experts=[3]; c9:bw=61,experts=[0,1,2,3,4,5]; c8:bw=22,experts=[1,2]; c12:bw=45,experts=[2,3,4,5]; c6:bw=36,experts=[1,2,3]; c15:bw=27,experts=[2,3]; c7:bw=44,experts=[0,5,6,7]; c1:bw=59,experts=[0,1,2,6,7]; c16:bw=44,experts=[3,4,5,6]; c18:bw=17,experts=[0]; c2:bw=51,experts=[2,3,4,5,6]; c19:bw=10,experts=[4]; c3:bw=47,experts=[4,5,6,7]; c10:bw=52,experts=[3,4,5,6,7]; c17:bw=28,experts=[0,1]; c4:bw=28,experts=[2,3]; c5:bw=44,experts=[3,4,5,6]; c13:bw=10,experts=[0]; c0:bw=39,experts=[2,3,4]; c14:bw=34,experts=[4,5,6]","2.3570,2.2308,2.2592,2.4722,1.9861,2.9474,3.2113,3.7443,2.1051,3.0663,2.6063,3.6212,1.4296,1.2096,2.2293,3.3513,1.2586,4.1324,1.4557,3.8969"
54,2026-09-23 19:18:51,Ours,0.01,2.113229490357919,44.51,44.51,54,53.2032,0:53.20,51.7657,0.274,1.1613,2825.6725,47:05.67,20,"11,13,3,18,16,14,9,12,2,6,5,19,10,15,17,8,4,0,1,7",11:58;13:55;3:30;18:33;16:10;14:33;9:50;12:74;2:10;6:54;5:10;19:21;10:10;15:32;17:27;8:55;4:32;0:37;1:53;7:61,"11:[0,4,5,6,7];13:[1,2,3,4,5];3:[0,1,2];18:[1,2,3];16:[7];14:[0,1,7];9:[0,1,2,6,7];12:[0,1,2,3,4,6,7];2:[7];6:[0,4,5,6,7];5:[7];19:[5,6];10:[0];15:[4,5,6];17:[2,3];8:[3,4,5,6,7];4:[4,5,6];0:[5,6,7];1:[3,4,5,6,7];7:[1,2,3,4,5,6]","c11:bw=58,experts=[0,4,5,6,7]; c13:bw=55,experts=[1,2,3,4,5]; c3:bw=30,experts=[0,1,2]; c18:bw=33,experts=[1,2,3]; c16:bw=10,experts=[7]; c14:bw=33,experts=[0,1,7]; c9:bw=50,experts=[0,1,2,6,7]; c12:bw=74,experts=[0,1,2,3,4,6,7]; c2:bw=10,experts=[7]; c6:bw=54,experts=[0,4,5,6,7]; c5:bw=10,experts=[7]; c19:bw=21,experts=[5,6]; c10:bw=10,experts=[0]; c15:bw=32,experts=[4,5,6]; c17:bw=27,experts=[2,3]; c8:bw=55,experts=[3,4,5,6,7]; c4:bw=32,experts=[4,5,6]; c0:bw=37,experts=[5,6,7]; c1:bw=53,experts=[3,4,5,6,7]; c7:bw=61,experts=[1,2,3,4,5,6]","2.3987,4.2001,1.4303,3.0926,2.1156,4.0175,2.2340,2.4677,2.5585,2.0241,1.2320,3.6388,1.1869,2.9623,2.2540,2.2481,3.3223,1.4295,3.7156,3.2372"
55,2026-09-23 19:19:45,Ours,0.01,2.073316675525494,45.33,45.33,55,53.3686,0:53.37,51.9211,0.2724,1.1727,2879.069,47:59.07,20,"17,9,6,13,14,19,3,16,4,18,12,5,7,0,15,2,11,1,8,10",17:39;9:62;6:42;13:24;14:33;19:60;3:52;16:57;4:14;18:70;12:62;5:53;7:54;0:27;15:30;2:41;11:40;1:60;8:14;10:57,"17:[4,5,6];9:[0,3,4,5,6,7];6:[1,2,3,4];13:[6,7];14:[2,3,4];19:[0,1,2,3,4,7];3:[3,4,5,6,7];16:[0,1,2,3,4];4:[7];18:[0,1,2,4,5,6,7];12:[0,1,2,5,6,7];5:[0,1,2,3,4];7:[0,1,2,3,7];0:[0,1];15:[0,1,7];2:[0,1,2,3];11:[1,2,3,4];1:[0,1,2,3,4,5];8:[0];10:[1,2,3,4,5]","c17:bw=39,experts=[4,5,6]; c9:bw=62,experts=[0,3,4,5,6,7]; c6:bw=42,experts=[1,2,3,4]; c13:bw=24,experts=[6,7]; c14:bw=33,experts=[2,3,4]; c19:bw=60,experts=[0,1,2,3,4,7]; c3:bw=52,experts=[3,4,5,6,7]; c16:bw=57,experts=[0,1,2,3,4]; c4:bw=14,experts=[7]; c18:bw=70,experts=[0,1,2,4,5,6,7]; c12:bw=62,experts=[0,1,2,5,6,7]; c5:bw=53,experts=[0,1,2,3,4]; c7:bw=54,experts=[0,1,2,3,7]; c0:bw=27,experts=[0,1]; c15:bw=30,experts=[0,1,7]; c2:bw=41,experts=[0,1,2,3]; c11:bw=40,experts=[1,2,3,4]; c1:bw=60,experts=[0,1,2,3,4,5]; c8:bw=14,experts=[0]; c10:bw=57,experts=[1,2,3,4,5]","2.2919,2.2472,2.0057,4.1693,3.9564,3.6703,1.4480,2.1278,3.3645,3.1017,2.4507,1.2556,3.2397,1.4331,3.0134,2.5986,2.3804,3.6863,2.2651,1.2153"
56,2026-09-23 19:20:38,Ours,0.01,2.1049174395940327,45.45,45.45,56,53.6042,0:53.60,52.0641,0.278,1.2596,2932.7769,48:52.78,20,"19,14,17,15,10,0,5,4,2,11,6,16,7,1,8,9,12,3,13,18",19:10;14:42;17:10;15:35;10:20;0:70;5:31;4:10;2:53;11:26;6:23;16:42;7:18;1:56;8:13;9:52;12:38;3:10;13:18;18:54,"19:[5];14:[0,5,6,7];17:[7];15:[2,3,4];10:[6,7];0:[0,2,3,4,5,6,7];5:[5,6,7];4:[0];2:[0,4,5,6,7];11:[5,6];6:[5,6];16:[0,5,6,7];7:[4];1:[0,1,2,6,7];8:[1];9:[1,2,3,4,5];12:[3,4,5];3:[0];13:[0];18:[3,4,5,6,7]","c19:bw=10,experts=[5]; c14:bw=42,experts=[0,5,6,7]; c17:bw=10,experts=[7]; c15:bw=35,experts=[2,3,4]; c10:bw=20,experts=[6,7]; c0:bw=70,experts=[0,2,3,4,5,6,7]; c5:bw=31,experts=[5,6,7]; c4:bw=10,experts=[0]; c2:bw=53,experts=[0,4,5,6,7]; c11:bw=26,experts=[5,6]; c6:bw=23,experts=[5,6]; c16:bw=42,experts=[0,5,6,7]; c7:bw=18,experts=[4]; c1:bw=56,experts=[0,1,2,6,7]; c8:bw=13,experts=[1]; c9:bw=52,experts=[1,2,3,4,5]; c12:bw=38,experts=[3,4,5]; c3:bw=10,experts=[0]; c13:bw=18,experts=[0]; c18:bw=54,experts=[3,4,5,6,7]","3.6580,4.0139,2.2461,3.0233,1.1935,1.4546,1.2541,3.3615,2.6156,2.3715,1.9865,2.1586,3.2323,3.7250,2.2459,2.1991,2.4399,1.4300,4.1828,3.2719"
57,2026-09-23 19:21:35,Ours,0.01,2.0957600862093577,44.77,45.45,56,56.3098,0:56.31,54.7488,0.2876,1.271,2989.1195,49:49.12,20,"15,10,8,0,4,3,18,9,17,12,11,5,19,6,2,16,7,13,1,14",15:36;10:58;8:43;0:70;4:41;3:64;18:44;9:19;17:52;12:17;11:26;5:44;19:44;6:48;2:33;16:33;7:69;13:31;1:49;14:36,"15:[5,6,7];10:[0,1,2,3,4];8:[2,3,4,5];0:[1,2,3,4,5,6,7];4:[1,2,3,4];3:[1,2,3,4,5,6];18:[0,1,2,3];9:[6];17:[0,1,2,3,4];12:[6];11:[0,7];5:[0,1,2,3];19:[0,1,6,7];6:[0,1,2,7];2:[1,2,3];16:[1,2,3];7:[0,1,2,5,6,7];13:[1,2,3];1:[3,4,5,6];14:[1,2,3]","c15:bw=36,experts=[5,6,7]; c10:bw=58,experts=[0,1,2,3,4]; c8:bw=43,experts=[2,3,4,5]; c0:bw=70,experts=[1,2,3,4,5,6,7]; c4:bw=41,experts=[1,2,3,4]; c3:bw=64,experts=[1,2,3,4,5,6]; c18:bw=44,experts=[0,1,2,3]; c9:bw=19,experts=[6]; c17:bw=52,experts=[0,1,2,3,4]; c12:bw=17,experts=[6]; c11:bw=26,experts=[0,7]; c5:bw=44,experts=[0,1,2,3]; c19:bw=44,experts=[0,1,6,7]; c6:bw=48,experts=[0,1,2,7]; c2:bw=33,experts=[1,2,3]; c16:bw=33,experts=[1,2,3]; c7:bw=69,experts=[0,1,2,5,6,7]; c13:bw=31,experts=[1,2,3]; c1:bw=49,experts=[3,4,5,6]; c14:bw=36,experts=[1,2,3]","3.2331,1.3245,2.4449,1.6058,3.5950,1.5765,3.3099,2.3665,2.2980,2.4615,2.3511,1.2540,3.6831,2.0310,2.5913,2.1191,3.5250,4.6176,4.0233,4.3378"
58,2026-09-23 19:22:28,Ours,0.01,2.041558918848253,47.97,47.97,58,53.7568,0:53.76,52.2972,0.2779,1.1794,3042.9081,50:42.91,20,"11,14,12,7,8,13,15,2,16,9,1,18,19,17,6,10,4,0,5,3",11:47;14:22;12:29;7:24;8:40;13:40;15:38;2:10;16:42;9:57;1:30;18:50;19:43;17:12;6:55;10:43;4:38;0:47;5:35;3:61,"11:[1,2,3,4];14:[4,5];12:[0,7];7:[3,4];8:[0,1,6,7];13:[4,5,6,7];15:[0,1,2];2:[4];16:[4,5,6,7];9:[0,1,2,3,7];1:[0,1,7];18:[0,4,5,6,7];19:[2,3,4,5];17:[5];6:[3,4,5,6,7];10:[0,5,6,7];4:[5,6,7];0:[0,1,2,3];5:[4,5,6];3:[0,1,2,3,4,7]","c11:bw=47,experts=[1,2,3,4]; c14:bw=22,experts=[4,5]; c12:bw=29,experts=[0,7]; c7:bw=24,experts=[3,4]; c8:bw=40,experts=[0,1,6,7]; c13:bw=40,experts=[4,5,6,7]; c15:bw=38,experts=[0,1,2]; c2:bw=10,experts=[4]; c16:bw=42,experts=[4,5,6,7]; c9:bw=57,experts=[0,1,2,3,7]; c1:bw=30,experts=[0,1,7]; c18:bw=50,experts=[0,4,5,6,7]; c19:bw=43,experts=[2,3,4,5]; c17:bw=12,experts=[5]; c6:bw=55,experts=[3,4,5,6,7]; c10:bw=43,experts=[0,5,6,7]; c4:bw=38,experts=[5,6,7]; c0:bw=47,experts=[0,1,2,3]; c5:bw=35,experts=[4,5,6]; c3:bw=61,experts=[0,1,2,3,4,7]","2.6011,4.0160,2.4826,3.2388,2.2873,4.1732,3.0161,2.5847,2.1185,2.2526,3.7322,3.1076,3.6785,2.2724,2.0159,1.2032,3.3499,1.4606,1.2512,1.4548"
59,2026-09-23 19:23:22,Ours,0.01,2.0816823894477356,42.7,47.97,58,53.5604,0:53.56,52.1299,0.2757,1.1524,3096.4972,51:36.50,20,"6,5,0,16,8,15,17,13,9,2,10,1,11,3,18,19,4,7,14,12",6:19;5:32;0:52;16:23;8:56;15:50;17:55;13:13;9:28;2:37;10:26;1:65;11:34;3:35;18:10;19:14;4:26;7:28;14:40;12:47,"6:[0];5:[0,1,7];0:[0,4,5,6,7];16:[0,1];8:[2,3,4,5,6];15:[3,4,5,6,7];17:[0,1,2,6,7];13:[0];9:[4,5];2:[5,6,7];10:[1,2];1:[2,3,4,5,6,7];11:[5,6,7];3:[5,6,7];18:[1];19:[6];4:[0,1];7:[5,6];14:[0,1,6,7];12:[1,2,3,4]","c6:bw=19,experts=[0]; c5:bw=32,experts=[0,1,7]; c0:bw=52,experts=[0,4,5,6,7]; c16:bw=23,experts=[0,1]; c8:bw=56,experts=[2,3,4,5,6]; c15:bw=50,experts=[3,4,5,6,7]; c17:bw=55,experts=[0,1,2,6,7]; c13:bw=13,experts=[0]; c9:bw=28,experts=[4,5]; c2:bw=37,experts=[5,6,7]; c10:bw=26,experts=[1,2]; c1:bw=65,experts=[2,3,4,5,6,7]; c11:bw=34,experts=[5,6,7]; c3:bw=35,experts=[5,6,7]; c18:bw=10,experts=[1]; c19:bw=14,experts=[6]; c4:bw=26,experts=[0,1]; c7:bw=28,experts=[5,6]; c14:bw=40,experts=[0,1,6,7]; c12:bw=47,experts=[1,2,3,4]","2.0379,1.2678,1.4701,2.1414,2.2745,3.0284,2.2760,4.2049,2.2195,2.6025,1.2081,3.7355,2.3872,1.4241,3.0762,3.6641,3.3864,3.2341,4.0094,2.4817"
60,2026-09-23 19:24:15,Ours,0.01,2.0670972923167645,48.0,48.0,60,53.363,0:53.36,51.9231,0.2767,1.1609,3149.8882,52:29.89,20,"4,8,13,15,2,3,11,0,1,14,12,19,18,6,17,16,5,7,9,10",4:30;8:24;13:59;15:51;2:30;3:44;11:40;0:53;1:54;14:42;12:16;19:60;18:26;6:59;17:39;16:63;5:33;7:48;9:10;10:10,"4:[2,3,4];8:[0,7];13:[1,2,3,4,5];15:[0,1,2,3,4];2:[0,1,2];3:[0,1,2,3];11:[0,1,2,3];0:[1,2,3,4,5];1:[0,1,2,3,4];14:[2,3,4,5];12:[5];19:[0,1,2,3,4,7];18:[2,3];6:[1,2,3,4,5];17:[3,4,5];16:[2,3,4,5,6,7];5:[2,3,4];7:[0,1,2,7];9:[6];10:[3]","c4:bw=30,experts=[2,3,4]; c8:bw=24,experts=[0,7]; c13:bw=59,experts=[1,2,3,4,5]; c15:bw=51,experts=[0,1,2,3,4]; c2:bw=30,experts=[0,1,2]; c3:bw=44,experts=[0,1,2,3]; c11:bw=40,experts=[0,1,2,3]; c0:bw=53,experts=[1,2,3,4,5]; c1:bw=54,experts=[0,1,2,3,4]; c14:bw=42,experts=[2,3,4,5]; c12:bw=16,experts=[5]; c19:bw=60,experts=[0,1,2,3,4,7]; c18:bw=26,experts=[2,3]; c6:bw=59,experts=[1,2,3,4,5]; c17:bw=39,experts=[3,4,5]; c16:bw=63,experts=[2,3,4,5,6,7]; c5:bw=33,experts=[2,3,4]; c7:bw=48,experts=[0,1,2,7]; c9:bw=10,experts=[6]; c10:bw=10,experts=[3]","3.3788,2.2585,4.1990,3.0079,2.5945,1.4348,2.3980,1.4742,3.7526,3.9320,2.4491,3.6736,3.0762,2.0034,2.2357,2.1081,1.2546,3.2306,2.2259,1.2355"
61,2026-09-23 19:25:09,Ours,0.01,2.054355282981065,45.35,48.0,60,53.6485,0:53.65,52.2127,0.2718,1.1615,3203.5693,53:23.57,20,"3,6,1,13,19,0,10,15,12,18,2,5,8,17,14,11,16,9,7,4",3:43;6:37;1:33;13:34;19:52;0:60;10:11;15:16;12:27;18:50;2:29;5:49;8:55;17:46;14:38;11:39;16:38;9:38;7:43;4:38,"3:[4,5,6,7];6:[0,6,7];1:[5,6,7];13:[0,6,7];19:[0,1,5,6,7];0:[0,1,2,3,6,7];10:[4];15:[5];12:[6,7];18:[0,4,5,6,7];2:[3,4];5:[0,5,6,7];8:[1,2,3,4,5];17:[0,1,6,7];14:[0,6,7];11:[4,5,6];16:[0,1,2];9:[0,1,7];7:[3,4,5,6];4:[5,6,7]","c3:bw=43,experts=[4,5,6,7]; c6:bw=37,experts=[0,6,7]; c1:bw=33,experts=[5,6,7]; c13:bw=34,experts=[0,6,7]; c19:bw=52,experts=[0,1,5,6,7]; c0:bw=60,experts=[0,1,2,3,6,7]; c10:bw=11,experts=[4]; c15:bw=16,experts=[5]; c12:bw=27,experts=[6,7]; c18:bw=50,experts=[0,4,5,6,7]; c2:bw=29,experts=[3,4]; c5:bw=49,experts=[0,5,6,7]; c8:bw=55,experts=[1,2,3,4,5]; c17:bw=46,experts=[0,1,6,7]; c14:bw=38,experts=[0,6,7]; c11:bw=39,experts=[4,5,6]; c16:bw=38,experts=[0,1,2]; c9:bw=38,experts=[0,1,7]; c7:bw=43,experts=[3,4,5,6]; c4:bw=38,experts=[5,6,7]","1.4561,2.0313,3.7434,4.2336,3.7042,1.4544,1.2059,3.0018,2.5371,3.1224,2.5927,1.2525,2.2751,2.2639,3.9729,2.3667,2.1629,2.2238,3.2326,3.3795"
62,2026-09-23 19:26:03,Ours,0.01,2.038936948553903,47.23,48.0,60,54.3354,0:54.34,52.8106,0.2788,1.2436,3257.9331,54:17.93,20,"10,6,5,17,2,18,1,12,11,19,9,13,15,8,16,4,14,7,0,3",10:21;6:62;5:67;17:19;2:42;18:26;1:75;12:11;11:36;19:42;9:16;13:30;15:46;8:13;16:26;4:60;14:14;7:44;0:28;3:53,"10:[5,6];6:[1,2,3,4,5,6];5:[1,2,3,4,5,6];17:[2];2:[0,5,6,7];18:[1,2];1:[0,1,2,3,4,5,6];12:[0];11:[0,1,7];19:[2,3,4,5];9:[2];13:[1,2,3];15:[0,1,6,7];8:[6];16:[3,4];4:[0,1,2,3,4,5];14:[1];7:[0,1,2,7];0:[4,5];3:[0,1,2,3,4]","c10:bw=21,experts=[5,6]; c6:bw=62,experts=[1,2,3,4,5,6]; c5:bw=67,experts=[1,2,3,4,5,6]; c17:bw=19,experts=[2]; c2:bw=42,experts=[0,5,6,7]; c18:bw=26,experts=[1,2]; c1:bw=75,experts=[0,1,2,3,4,5,6]; c12:bw=11,experts=[0]; c11:bw=36,experts=[0,1,7]; c19:bw=42,experts=[2,3,4,5]; c9:bw=16,experts=[2]; c13:bw=30,experts=[1,2,3]; c15:bw=46,experts=[0,1,6,7]; c8:bw=13,experts=[6]; c16:bw=26,experts=[3,4]; c4:bw=60,experts=[0,1,2,3,4,5]; c14:bw=14,experts=[1]; c7:bw=44,experts=[0,1,2,7]; c0:bw=28,experts=[4,5]; c3:bw=53,experts=[0,1,2,3,4]","1.2008,2.0426,1.2891,2.2609,2.6146,3.0982,3.7249,2.4520,2.3806,3.7041,2.2054,4.2148,3.0272,2.4161,2.2306,3.4026,4.1992,3.3470,1.4766,1.5233"
63,2026-09-23 19:26:58,Ours,0.01,2.0103655327624907,47.63,48.0,60,54.4122,0:54.41,52.9312,0.2754,1.2032,3312.3794,55:12.38,20,"13,9,16,8,4,3,11,7,18,2,12,0,14,15,19,17,6,1,5,10",13:58;9:21;16:58;8:32;4:52;3:52;11:45;7:68;18:47;2:28;12:51;0:41;14:41;15:61;19:34;17:37;6:34;1:50;5:10;10:27,"13:[0,4,5,6,7];9:[3,4];16:[0,1,5,6,7];8:[0,1,7];4:[0,1,2,6,7];3:[0,1,5,6,7];11:[2,3,4,5];7:[0,3,4,5,6,7];18:[3,4,5,6];2:[1,2];12:[1,2,3,4,5];0:[0,1,6,7];14:[2,3,4,5];15:[2,3,4,5,6,7];19:[0,6,7];17:[3,4,5];6:[0,1,7];1:[0,1,2,3,7];5:[7];10:[0,7]","c13:bw=58,experts=[0,4,5,6,7]; c9:bw=21,experts=[3,4]; c16:bw=58,experts=[0,1,5,6,7]; c8:bw=32,experts=[0,1,7]; c4:bw=52,experts=[0,1,2,6,7]; c3:bw=52,experts=[0,1,5,6,7]; c11:bw=45,experts=[2,3,4,5]; c7:bw=68,experts=[0,3,4,5,6,7]; c18:bw=47,experts=[3,4,5,6]; c2:bw=28,experts=[1,2]; c12:bw=51,experts=[1,2,3,4,5]; c0:bw=41,experts=[0,1,6,7]; c14:bw=41,experts=[2,3,4,5]; c15:bw=61,experts=[2,3,4,5,6,7]; c19:bw=34,experts=[0,6,7]; c17:bw=37,experts=[3,4,5]; c6:bw=34,experts=[0,1,7]; c1:bw=50,experts=[0,1,2,3,7]; c5:bw=10,experts=[7]; c10:bw=27,experts=[0,7]","4.3805,2.2251,2.1648,2.3252,3.4381,1.4664,2.4343,3.3327,3.1481,2.5978,2.4620,1.4827,3.9491,3.0458,3.8888,2.2999,2.0463,3.7879,1.2496,1.2059"
64,2026-09-23 19:27:53,Ours,0.01,1.9968465617936133,48.31,48.31,64,54.6909,0:54.69,53.2298,0.2648,1.1939,3367.0985,56:07.10,20,"11,9,2,1,4,13,18,12,7,19,5,14,15,8,3,0,6,16,17,10",11:57;9:59;2:56;1:28;4:38;13:42;18:37;12:27;7:34;19:10;5:24;14:46;15:59;8:53;3:38;0:32;6:50;16:16;17:10;10:49,"11:[0,1,2,6,7];9:[0,1,5,6,7];2:[3,4,5,6,7];1:[4,5];4:[3,4,5];13:[1,2,3,4];18:[0,1,7];12:[6,7];7:[1,2,3];19:[1];5:[0,1];14:[0,1,6,7];15:[0,1,2,3,4];8:[2,3,4,5,6];3:[2,3,4];0:[2,3,4];6:[2,3,4,5,6];16:[2];17:[6];10:[1,2,3,4]","c11:bw=57,experts=[0,1,2,6,7]; c9:bw=59,experts=[0,1,5,6,7]; c2:bw=56,experts=[3,4,5,6,7]; c1:bw=28,experts=[4,5]; c4:bw=38,experts=[3,4,5]; c13:bw=42,experts=[1,2,3,4]; c18:bw=37,experts=[0,1,7]; c12:bw=27,experts=[6,7]; c7:bw=34,experts=[1,2,3]; c19:bw=10,experts=[1]; c5:bw=24,experts=[0,1]; c14:bw=46,experts=[0,1,6,7]; c15:bw=59,experts=[0,1,2,3,4]; c8:bw=53,experts=[2,3,4,5,6]; c3:bw=38,experts=[2,3,4]; c0:bw=32,experts=[2,3,4]; c6:bw=50,experts=[2,3,4,5,6]; c16:bw=16,experts=[2]; c17:bw=10,experts=[6]; c10:bw=49,experts=[1,2,3,4]","2.4350,2.3015,2.6636,3.7705,3.3878,4.3334,3.2382,2.5866,3.2912,3.7077,1.2603,4.1231,3.1584,2.3521,1.4592,1.4867,2.0434,2.1401,2.2718,1.2192"
65,2026-09-23 19:28:49,Ours,0.01,2.045351238067171,47.18,48.31,64,56.0458,0:56.05,54.513,0.2753,1.2552,3423.1766,57:03.18,20,"19,8,6,4,11,9,17,3,5,10,13,14,0,1,2,7,15,12,16,18",19:28;8:66;6:50;4:57;11:10;9:47;17:26;3:42;5:29;10:26;13:48;14:45;0:41;1:58;2:28;7:10;15:38;12:44;16:45;18:18,"19:[2,3];8:[0,1,2,3,4,7];6:[0,1,2,3,7];4:[0,1,2,6,7];11:[3];9:[2,3,4,5];17:[0,7];3:[0,5,6,7];5:[2,3];10:[5,6];13:[0,5,6,7];14:[2,3,4,5];0:[0,5,6,7];1:[0,1,2,6,7];2:[0,1];7:[4];15:[5,6,7];12:[0,1,2,3];16:[3,4,5,6];18:[2]","c19:bw=28,experts=[2,3]; c8:bw=66,experts=[0,1,2,3,4,7]; c6:bw=50,experts=[0,1,2,3,7]; c4:bw=57,experts=[0,1,2,6,7]; c11:bw=10,experts=[3]; c9:bw=47,experts=[2,3,4,5]; c17:bw=26,experts=[0,7]; c3:bw=42,experts=[0,5,6,7]; c5:bw=29,experts=[2,3]; c10:bw=26,experts=[5,6]; c13:bw=48,experts=[0,5,6,7]; c14:bw=45,experts=[2,3,4,5]; c0:bw=41,experts=[0,5,6,7]; c1:bw=58,experts=[0,1,2,6,7]; c2:bw=28,experts=[0,1]; c7:bw=10,experts=[4]; c15:bw=38,experts=[5,6,7]; c12:bw=44,experts=[0,1,2,3]; c16:bw=45,experts=[3,4,5,6]; c18:bw=18,experts=[2]","3.8368,2.3305,2.1183,3.4363,2.3760,2.2409,2.2697,1.4462,1.3116,1.2638,4.5571,4.3186,1.6080,4.1352,2.8388,3.4449,3.0127,2.4513,2.2450,3.2714"
66,2026-09-23 19:29:43,Ours,0.01,1.979072926375638,49.75,49.75,66,54.6416,0:54.64,53.1928,0.2737,1.1729,3477.851,57:57.85,20,"7,8,3,15,5,12,4,16,14,10,19,0,11,1,13,18,17,9,2,6",7:50;8:24;3:66;15:50;5:17;12:42;4:41;16:59;14:23;10:46;19:56;0:38;11:10;1:54;13:32;18:24;17:35;9:31;2:41;6:30,"7:[0,1,5,6,7];8:[5,6];3:[1,2,3,4,5,6];15:[0,1,2,3,4];5:[4];12:[4,5,6,7];4:[3,4,5,6];16:[0,1,2,3,7];14:[6,7];10:[0,1,2,7];19:[0,4,5,6,7];0:[1,2,3];11:[4];1:[3,4,5,6,7];13:[1,2,3];18:[3,4];17:[1,2,3];9:[0,6,7];2:[2,3,4,5];6:[4,5,6]","c7:bw=50,experts=[0,1,5,6,7]; c8:bw=24,experts=[5,6]; c3:bw=66,experts=[1,2,3,4,5,6]; c15:bw=50,experts=[0,1,2,3,4]; c5:bw=17,experts=[4]; c12:bw=42,experts=[4,5,6,7]; c4:bw=41,experts=[3,4,5,6]; c16:bw=59,experts=[0,1,2,3,7]; c14:bw=23,experts=[6,7]; c10:bw=46,experts=[0,1,2,7]; c19:bw=56,experts=[0,4,5,6,7]; c0:bw=38,experts=[1,2,3]; c11:bw=10,experts=[4]; c1:bw=54,experts=[3,4,5,6,7]; c13:bw=32,experts=[1,2,3]; c18:bw=24,experts=[3,4]; c17:bw=35,experts=[1,2,3]; c9:bw=31,experts=[0,6,7]; c2:bw=41,experts=[2,3,4,5]; c6:bw=30,experts=[4,5,6]","3.4915,2.4169,1.5577,3.2567,1.3344,2.6665,3.4980,2.1546,3.9983,1.2079,3.7102,1.4699,2.3673,3.7414,4.1594,3.0795,2.2538,2.2284,2.5879,2.0125"
67,2026-09-23 19:30:37,Ours,0.01,1.9938977862502785,45.31,49.75,66,53.6463,0:53.65,52.2129,0.2756,1.1555,3531.5313,58:51.53,20,"6,17,13,18,8,3,10,5,9,12,15,1,19,11,0,16,2,4,14,7",6:53;17:48;13:39;18:31;8:10;3:25;10:36;5:48;9:60;12:44;15:49;1:36;19:14;11:43;0:32;16:53;2:43;4:51;14:18;7:59,"6:[0,1,2,3,7];17:[4,5,6,7];13:[4,5,6];18:[5,6,7];8:[7];3:[0,7];10:[3,4,5];5:[0,5,6,7];9:[1,2,3,4,5,6];12:[0,1,2,3];15:[0,5,6,7];1:[0,1,2];19:[1];11:[0,5,6,7];0:[4,5,6];16:[0,4,5,6,7];2:[0,1,6,7];4:[0,1,2,3,7];14:[0];7:[2,3,4,5,6]","c6:bw=53,experts=[0,1,2,3,7]; c17:bw=48,experts=[4,5,6,7]; c13:bw=39,experts=[4,5,6]; c18:bw=31,experts=[5,6,7]; c8:bw=10,experts=[7]; c3:bw=25,experts=[0,7]; c10:bw=36,experts=[3,4,5]; c5:bw=48,experts=[0,5,6,7]; c9:bw=60,experts=[1,2,3,4,5,6]; c12:bw=44,experts=[0,1,2,3]; c15:bw=49,experts=[0,5,6,7]; c1:bw=36,experts=[0,1,2]; c19:bw=14,experts=[1]; c11:bw=43,experts=[0,5,6,7]; c0:bw=32,experts=[4,5,6]; c16:bw=53,experts=[0,4,5,6,7]; c2:bw=43,experts=[0,1,6,7]; c4:bw=51,experts=[0,1,2,3,7]; c14:bw=18,experts=[0]; c7:bw=59,experts=[2,3,4,5,6]","2.0656,2.2841,4.2363,3.1203,2.2584,1.4253,1.1976,1.3382,2.2220,2.4710,3.0135,3.7156,3.6981,2.3780,1.4588,2.1263,2.5996,3.4094,3.9385,3.2562"
68,2026-09-23 19:31:31,Ours,0.01,1.9759587449551916,48.93,49.75,66,53.657,0:53.66,52.2129,0.2719,1.17,3585.2174,59:45.22,20,"7,12,18,19,5,1,8,11,3,10,2,4,14,0,16,9,6,17,15,13",7:28;12:67;18:54;19:28;5:45;1:42;8:31;11:14;3:26;10:31;2:58;4:49;14:10;0:30;16:54;9:15;6:32;17:72;15:28;13:35,"7:[0,7];12:[0,1,4,5,6,7];18:[0,1,2,3,4];19:[2,3];5:[1,2,3,4];1:[3,4,5,6];8:[0,1,2];11:[1];3:[1,2];10:[0,6,7];2:[2,3,4,5,6];4:[4,5,6,7];14:[1];0:[0,1,7];16:[1,2,3,4,5];9:[7];6:[4,5,6];17:[0,1,2,3,4,5,6];15:[1,2];13:[0,1,7]","c7:bw=28,experts=[0,7]; c12:bw=67,experts=[0,1,4,5,6,7]; c18:bw=54,experts=[0,1,2,3,4]; c19:bw=28,experts=[2,3]; c5:bw=45,experts=[1,2,3,4]; c1:bw=42,experts=[3,4,5,6]; c8:bw=31,experts=[0,1,2]; c11:bw=14,experts=[1]; c3:bw=26,experts=[1,2]; c10:bw=31,experts=[0,6,7]; c2:bw=58,experts=[2,3,4,5,6]; c4:bw=49,experts=[4,5,6,7]; c14:bw=10,experts=[1]; c0:bw=30,experts=[0,1,7]; c16:bw=54,experts=[1,2,3,4,5]; c9:bw=15,experts=[7]; c6:bw=32,experts=[4,5,6]; c17:bw=72,experts=[0,1,2,3,4,5,6]; c15:bw=28,experts=[1,2]; c13:bw=35,experts=[0,1,7]","3.2844,2.5237,3.1471,3.7246,1.2785,3.7345,2.2865,2.3712,1.4335,1.2008,2.5996,3.3573,3.9756,1.4957,2.1328,2.2277,2.0074,2.2788,2.9668,4.1863"
69,2026-09-23 19:32:25,Ours,0.01,1.9507268893939933,50.57,50.57,69,53.7823,0:53.78,52.3431,0.2741,1.1628,3639.0314,1:00:39.03,20,"12,17,15,13,16,0,8,7,5,18,4,3,11,14,6,2,1,9,10,19",12:10;17:48;15:20;13:67;16:60;0:52;8:42;7:58;5:39;18:10;4:41;3:41;11:45;14:37;6:26;2:66;1:31;9:35;10:16;19:43,"12:[2];17:[0,1,2,7];15:[3,4];13:[2,3,4,5,6,7];16:[0,1,2,3,6,7];0:[2,3,4,5,6];8:[3,4,5,6];7:[1,2,3,4,5];5:[5,6,7];18:[5];4:[0,1,2,3];3:[3,4,5,6];11:[2,3,4,5];14:[2,3,4];6:[0,7];2:[0,1,2,3,4,7];1:[0,1,7];9:[0,1,2];10:[1];19:[4,5,6,7]","c12:bw=10,experts=[2]; c17:bw=48,experts=[0,1,2,7]; c15:bw=20,experts=[3,4]; c13:bw=67,experts=[2,3,4,5,6,7]; c16:bw=60,experts=[0,1,2,3,6,7]; c0:bw=52,experts=[2,3,4,5,6]; c8:bw=42,experts=[3,4,5,6]; c7:bw=58,experts=[1,2,3,4,5]; c5:bw=39,experts=[5,6,7]; c18:bw=10,experts=[5]; c4:bw=41,experts=[0,1,2,3]; c3:bw=41,experts=[3,4,5,6]; c11:bw=45,experts=[2,3,4,5]; c14:bw=37,experts=[2,3,4]; c6:bw=26,experts=[0,7]; c2:bw=66,experts=[0,1,2,3,4,7]; c1:bw=31,experts=[0,1,7]; c9:bw=35,experts=[0,1,2]; c10:bw=16,experts=[1]; c19:bw=43,experts=[4,5,6,7]","2.4795,2.2610,3.0121,4.2809,2.1685,1.4751,2.2740,3.2813,1.2605,3.1022,3.3766,1.4373,2.3900,3.9671,2.0245,2.6443,3.7538,2.2359,1.1925,3.7261"
70,2026-09-23 19:33:18,Ours,0.01,1.9816943601887835,44.56,50.57,69,53.6399,0:53.64,52.2036,0.2757,1.1583,3692.7013,1:01:32.70,20,"5,17,3,10,12,15,19,4,18,7,8,14,2,1,0,6,13,9,16,11",5:23;17:41;3:32;10:58;12:40;15:75;19:37;4:58;18:63;7:28;8:48;14:10;2:55;1:24;0:30;6:26;13:33;9:10;16:67;11:53,"5:[0,1];17:[3,4,5,6];3:[0,1,7];10:[2,3,4,5,6];12:[3,4,5,6];15:[0,1,2,3,5,6,7];19:[0,1,2];4:[0,4,5,6,7];18:[0,1,2,3,6,7];7:[6,7];8:[0,1,2,7];14:[5];2:[0,1,5,6,7];1:[2,3];0:[0,1,7];6:[1,2];13:[0,1,2];9:[3];16:[0,1,4,5,6,7];11:[0,1,2,6,7]","c5:bw=23,experts=[0,1]; c17:bw=41,experts=[3,4,5,6]; c3:bw=32,experts=[0,1,7]; c10:bw=58,experts=[2,3,4,5,6]; c12:bw=40,experts=[3,4,5,6]; c15:bw=75,experts=[0,1,2,3,5,6,7]; c19:bw=37,experts=[0,1,2]; c4:bw=58,experts=[0,4,5,6,7]; c18:bw=63,experts=[0,1,2,3,6,7]; c7:bw=28,experts=[6,7]; c8:bw=48,experts=[0,1,2,7]; c14:bw=10,experts=[5]; c2:bw=55,experts=[0,1,5,6,7]; c1:bw=24,experts=[2,3]; c0:bw=30,experts=[0,1,7]; c6:bw=26,experts=[1,2]; c13:bw=33,experts=[0,1,2]; c9:bw=10,experts=[3]; c16:bw=67,experts=[0,1,4,5,6,7]; c11:bw=53,experts=[0,1,2,6,7]","1.2511,2.2906,1.4377,1.2246,2.4843,3.0372,3.7169,3.3925,3.1442,3.2537,2.2637,3.9297,2.5905,3.6954,1.4808,2.0427,4.1918,2.2197,2.1647,2.3917"
71,2026-09-23 19:34:12,Ours,0.01,1.9020120196720107,52.28,52.28,71,53.808,0:53.81,52.3809,0.2646,1.1601,3746.5421,1:02:26.54,20,"6,19,2,11,16,7,13,0,14,15,8,3,9,17,18,5,10,4,1,12",6:50;19:54;2:61;11:44;16:19;7:20;13:25;0:16;14:10;15:28;8:39;3:62;9:40;17:61;18:45;5:33;10:69;4:42;1:52;12:43,"6:[3,4,5,6,7];19:[3,4,5,6,7];2:[2,3,4,5,6,7];11:[3,4,5,6];16:[2];7:[0,1];13:[3,4];0:[2];14:[6];15:[4,5];8:[3,4,5];3:[2,3,4,5,6,7];9:[4,5,6,7];17:[0,1,2,3,4,7];18:[4,5,6,7];5:[2,3,4];10:[0,1,2,3,4,7];4:[1,2,3,4];1:[0,4,5,6,7];12:[0,1,2,7]","c6:bw=50,experts=[3,4,5,6,7]; c19:bw=54,experts=[3,4,5,6,7]; c2:bw=61,experts=[2,3,4,5,6,7]; c11:bw=44,experts=[3,4,5,6]; c16:bw=19,experts=[2]; c7:bw=20,experts=[0,1]; c13:bw=25,experts=[3,4]; c0:bw=16,experts=[2]; c14:bw=10,experts=[6]; c15:bw=28,experts=[4,5]; c8:bw=39,experts=[3,4,5]; c3:bw=62,experts=[2,3,4,5,6,7]; c9:bw=40,experts=[4,5,6,7]; c17:bw=61,experts=[0,1,2,3,4,7]; c18:bw=45,experts=[4,5,6,7]; c5:bw=33,experts=[2,3,4]; c10:bw=69,experts=[0,1,2,3,4,7]; c4:bw=42,experts=[1,2,3,4]; c1:bw=52,experts=[0,4,5,6,7]; c12:bw=43,experts=[0,1,2,7]","2.0435,3.7263,2.6436,2.4097,2.1249,3.2645,4.1962,1.4505,3.9956,3.0217,2.2641,1.4569,2.2321,2.2792,3.1271,1.2605,1.2316,3.3860,3.7571,2.5097"
72,2026-09-23 19:35:06,Ours,0.01,1.9795858503076977,43.62,52.28,71,53.7146,0:53.71,52.3027,0.2597,1.15,3800.2871,1:03:20.29,20,"2,10,13,17,15,16,18,3,14,0,19,6,4,8,12,11,1,7,5,9",2:23;10:28;13:54;17:18;15:41;16:46;18:29;3:23;14:43;0:52;19:32;6:19;4:39;8:30;12:28;11:10;1:39;7:48;5:43;9:38,"2:[0,1];10:[5,6];13:[0,1,5,6,7];17:[5];15:[0,1,6,7];16:[3,4,5,6];18:[0,1];3:[0,1];14:[0,1,2,7];0:[3,4,5,6,7];19:[0,1,2];6:[0];4:[5,6,7];8:[0,6,7];12:[3,4];11:[7];1:[1,2,3];7:[2,3,4,5];5:[0,5,6,7];9:[0,1,2]","c2:bw=23,experts=[0,1]; c10:bw=28,experts=[5,6]; c13:bw=54,experts=[0,1,5,6,7]; c17:bw=18,experts=[5]; c15:bw=41,experts=[0,1,6,7]; c16:bw=46,experts=[3,4,5,6]; c18:bw=29,experts=[0,1]; c3:bw=23,experts=[0,1]; c14:bw=43,experts=[0,1,2,7]; c0:bw=52,experts=[3,4,5,6,7]; c19:bw=32,experts=[0,1,2]; c6:bw=19,experts=[0]; c4:bw=39,experts=[5,6,7]; c8:bw=30,experts=[0,6,7]; c12:bw=28,experts=[3,4]; c11:bw=10,experts=[7]; c1:bw=39,experts=[1,2,3]; c7:bw=48,experts=[2,3,4,5]; c5:bw=43,experts=[0,5,6,7]; c9:bw=38,experts=[0,1,2]","2.6297,1.2120,4.2310,2.2788,3.0306,2.1371,3.1147,1.4406,4.0000,1.4862,3.7037,2.0363,3.3892,2.2675,2.4674,2.3717,3.7467,3.2765,1.2542,2.2288"
73,2026-09-23 19:36:02,Ours,0.01,1.9883168300702834,49.14,52.28,71,55.7544,0:55.75,54.2862,0.2945,1.1713,3856.0768,1:04:16.08,20,"8,11,12,13,4,9,1,5,2,15,6,14,19,17,16,7,10,3,18,0",8:11;11:46;12:37;13:50;4:41;9:52;1:66;5:17;2:47;15:47;6:20;14:16;19:10;17:17;16:61;7:37;10:42;3:40;18:34;0:28,"8:[1];11:[0,1,2,3];12:[5,6,7];13:[2,3,4,5,6];4:[0,1,2,3];9:[3,4,5,6,7];1:[0,1,4,5,6,7];5:[1];2:[2,3,4,5];15:[2,3,4,5];6:[1,2];14:[3];19:[3];17:[6];16:[0,1,2,3,4,7];7:[0,6,7];10:[0,1,2,7];3:[2,3,4,5];18:[2,3,4];0:[0,1]","c8:bw=11,experts=[1]; c11:bw=46,experts=[0,1,2,3]; c12:bw=37,experts=[5,6,7]; c13:bw=50,experts=[2,3,4,5,6]; c4:bw=41,experts=[0,1,2,3]; c9:bw=52,experts=[3,4,5,6,7]; c1:bw=66,experts=[0,1,4,5,6,7]; c5:bw=17,experts=[1]; c2:bw=47,experts=[2,3,4,5]; c15:bw=47,experts=[2,3,4,5]; c6:bw=20,experts=[1,2]; c14:bw=16,experts=[3]; c19:bw=10,experts=[3]; c17:bw=17,experts=[6]; c16:bw=61,experts=[0,1,2,3,4,7]; c7:bw=37,experts=[0,6,7]; c10:bw=42,experts=[0,1,2,7]; c3:bw=40,experts=[2,3,4,5]; c18:bw=34,experts=[2,3,4]; c0:bw=28,experts=[0,1]","2.2894,2.4170,2.5186,4.6432,3.7289,2.4450,4.0837,1.3542,2.8321,3.2104,2.0451,3.9507,3.7676,2.2814,2.1573,3.2916,1.2110,1.4578,3.1260,1.4750"
74,2026-09-23 19:36:56,Ours,0.01,1.9396122981461694,51.1,52.28,71,54.699,0:54.70,53.1992,0.2717,1.2259,3910.8083,1:05:10.81,20,"9,17,19,7,5,6,15,4,11,8,1,18,12,16,13,0,10,2,14,3",9:32;17:62;19:20;7:65;5:50;6:10;15:50;4:47;11:37;8:28;1:28;18:60;12:10;16:48;13:42;0:40;10:25;2:10;14:32;3:10,"9:[0,1,2];17:[0,1,2,3,4,7];19:[4,5];7:[1,2,3,4,5,6];5:[2,3,4,5,6];6:[3];15:[0,1,2,6,7];4:[4,5,6,7];11:[4,5,6];8:[2,3];1:[2,3];18:[0,1,2,5,6,7];12:[0];16:[0,5,6,7];13:[0,1,2,7];0:[2,3,4,5];10:[3,4];2:[6];14:[4,5,6];3:[6]","c9:bw=32,experts=[0,1,2]; c17:bw=62,experts=[0,1,2,3,4,7]; c19:bw=20,experts=[4,5]; c7:bw=65,experts=[1,2,3,4,5,6]; c5:bw=50,experts=[2,3,4,5,6]; c6:bw=10,experts=[3]; c15:bw=50,experts=[0,1,2,6,7]; c4:bw=47,experts=[4,5,6,7]; c11:bw=37,experts=[4,5,6]; c8:bw=28,experts=[2,3]; c1:bw=28,experts=[2,3]; c18:bw=60,experts=[0,1,2,5,6,7]; c12:bw=10,experts=[0]; c16:bw=48,experts=[0,5,6,7]; c13:bw=42,experts=[0,1,2,7]; c0:bw=40,experts=[2,3,4,5]; c10:bw=25,experts=[3,4]; c2:bw=10,experts=[6]; c14:bw=32,experts=[4,5,6]; c3:bw=10,experts=[6]","2.3293,2.2869,3.8786,3.4545,1.2837,2.1078,3.3189,3.3818,2.3932,2.2506,3.7059,3.1352,2.4500,2.1325,4.1798,1.4734,1.2136,2.5869,4.1314,1.5051"
75,2026-09-23 19:37:50,Ours,0.01,1.8978510813671292,51.17,52.28,71,53.9082,0:53.91,52.4952,0.2604,1.1502,3964.7502,1:06:04.75,20,"8,0,17,16,18,12,19,3,13,5,14,11,4,1,15,2,6,9,7,10",8:53;0:60;17:43;16:46;18:68;12:40;19:19;3:20;13:46;5:31;14:60;11:42;4:56;1:54;15:20;2:40;6:56;9:61;7:28;10:23,"8:[0,4,5,6,7];0:[0,1,2,3,6,7];17:[0,5,6,7];16:[1,2,3,4];18:[0,3,4,5,6,7];12:[1,2,3,4];19:[6];3:[0,7];13:[3,4,5,6];5:[0,1,7];14:[0,1,2,3,4,7];11:[0,1,2,7];4:[0,1,2,3,4];1:[0,4,5,6,7];15:[3,4];2:[0,1,2,7];6:[0,4,5,6,7];9:[0,3,4,5,6,7];7:[0,7];10:[5,6]","c8:bw=53,experts=[0,4,5,6,7]; c0:bw=60,experts=[0,1,2,3,6,7]; c17:bw=43,experts=[0,5,6,7]; c16:bw=46,experts=[1,2,3,4]; c18:bw=68,experts=[0,3,4,5,6,7]; c12:bw=40,experts=[1,2,3,4]; c19:bw=19,experts=[6]; c3:bw=20,experts=[0,7]; c13:bw=46,experts=[3,4,5,6]; c5:bw=31,experts=[0,1,7]; c14:bw=60,experts=[0,1,2,3,4,7]; c11:bw=42,experts=[0,1,2,7]; c4:bw=56,experts=[0,1,2,3,4]; c1:bw=54,experts=[0,4,5,6,7]; c15:bw=20,experts=[3,4]; c2:bw=40,experts=[0,1,2,7]; c6:bw=56,experts=[0,4,5,6,7]; c9:bw=61,experts=[0,3,4,5,6,7]; c7:bw=28,experts=[0,7]; c10:bw=23,experts=[5,6]","2.3778,1.5541,2.3831,2.1984,3.2301,2.4830,3.6637,1.4239,4.2114,1.2493,3.9661,2.3611,3.3673,3.7436,2.9868,2.5956,2.0157,2.2413,3.2483,1.1946"
76,2026-09-23 19:38:44,Ours,0.01,1.9366156239160197,51.0,52.28,71,53.5699,0:53.57,52.1438,0.2736,1.1501,4018.3539,1:06:58.35,20,"12,3,15,1,18,8,5,10,6,0,4,17,2,7,13,11,14,19,9,16",12:21;3:15;15:42;1:53;18:39;8:29;5:37;10:46;6:23;0:31;4:60;17:33;2:25;7:66;13:39;11:42;14:22;19:44;9:57;16:39,"12:[5,6];3:[1];15:[0,5,6,7];1:[1,2,3,4,5];18:[1,2,3];8:[1,2];5:[2,3,4];10:[0,1,2,7];6:[1,2];0:[4,5,6];4:[0,1,2,5,6,7];17:[1,2,3];2:[3,4];7:[1,2,3,4,5,6];13:[0,1,7];11:[3,4,5,6];14:[5,6];19:[0,1,2,7];9:[1,2,3,4,5];16:[5,6,7]","c12:bw=21,experts=[5,6]; c3:bw=15,experts=[1]; c15:bw=42,experts=[0,5,6,7]; c1:bw=53,experts=[1,2,3,4,5]; c18:bw=39,experts=[1,2,3]; c8:bw=29,experts=[1,2]; c5:bw=37,experts=[2,3,4]; c10:bw=46,experts=[0,1,2,7]; c6:bw=23,experts=[1,2]; c0:bw=31,experts=[4,5,6]; c4:bw=60,experts=[0,1,2,5,6,7]; c17:bw=33,experts=[1,2,3]; c2:bw=25,experts=[3,4]; c7:bw=66,experts=[1,2,3,4,5,6]; c13:bw=39,experts=[0,1,7]; c11:bw=42,experts=[3,4,5,6]; c14:bw=22,experts=[5,6]; c19:bw=44,experts=[0,1,2,7]; c9:bw=57,experts=[1,2,3,4,5]; c16:bw=39,experts=[5,6,7]","2.4980,1.4284,3.0261,3.7771,3.0905,2.2484,1.2464,1.2145,2.0316,1.4800,3.3891,2.2621,2.5750,3.2542,4.1762,2.3948,3.9714,3.7097,2.2325,2.1377"
77,2026-09-23 19:39:38,Ours,0.01,1.8950164146496946,50.72,52.28,71,53.6158,0:53.62,52.2019,0.2733,1.1384,4072.004,1:07:52.00,20,"7,3,17,2,10,18,11,1,5,4,16,13,0,6,9,15,19,12,8,14",7:10;3:40;17:37;2:34;10:39;18:31;11:28;1:62;5:59;4:10;16:34;13:37;0:63;6:57;9:29;15:43;19:37;12:46;8:10;14:64,"7:[7];3:[2,3,4,5];17:[4,5,6];2:[5,6,7];10:[3,4,5];18:[4,5,6];11:[0,7];1:[0,1,2,3,6,7];5:[0,1,5,6,7];4:[3];16:[0,1,2];13:[2,3,4];0:[0,1,2,3,4,7];6:[3,4,5,6,7];9:[6,7];15:[1,2,3,4];19:[3,4,5];12:[0,1,2,7];8:[3];14:[0,1,2,3,4,7]","c7:bw=10,experts=[7]; c3:bw=40,experts=[2,3,4,5]; c17:bw=37,experts=[4,5,6]; c2:bw=34,experts=[5,6,7]; c10:bw=39,experts=[3,4,5]; c18:bw=31,experts=[4,5,6]; c11:bw=28,experts=[0,7]; c1:bw=62,experts=[0,1,2,3,6,7]; c5:bw=59,experts=[0,1,5,6,7]; c4:bw=10,experts=[3]; c16:bw=34,experts=[0,1,2]; c13:bw=37,experts=[2,3,4]; c0:bw=63,experts=[0,1,2,3,4,7]; c6:bw=57,experts=[3,4,5,6,7]; c9:bw=29,experts=[6,7]; c15:bw=43,experts=[1,2,3,4]; c19:bw=37,experts=[3,4,5]; c12:bw=46,experts=[0,1,2,7]; c8:bw=10,experts=[3]; c14:bw=64,experts=[0,1,2,3,4,7]","3.2469,1.4518,2.3011,2.6660,1.2106,3.1194,2.3758,3.7501,1.2546,3.3746,2.1407,4.1962,1.4676,2.0263,2.2187,2.9996,3.6846,2.4940,2.2414,3.9818"
78,2026-09-23 19:40:31,Ours,0.01,1.8902302318560817,50.86,52.28,71,53.6368,0:53.64,52.1728,0.2704,1.1914,4125.6739,1:08:45.67,20,"5,11,13,8,14,4,12,3,19,18,0,16,9,10,1,2,6,17,7,15",5:63;11:37;13:59;8:54;14:52;4:23;12:31;3:38;19:12;18:35;0:26;16:44;9:31;10:59;1:41;2:34;6:57;17:31;7:36;15:38,"5:[2,3,4,5,6,7];11:[1,2,3];13:[0,1,5,6,7];8:[0,4,5,6,7];14:[0,1,5,6,7];4:[4,5];12:[3,4,5];3:[0,6,7];19:[6];18:[0,1,7];0:[5,6];16:[3,4,5,6];9:[0,1,2];10:[0,1,2,6,7];1:[4,5,6,7];2:[0,1,2];6:[0,1,2,3,4];17:[0,1,7];7:[0,1,2];15:[5,6,7]","c5:bw=63,experts=[2,3,4,5,6,7]; c11:bw=37,experts=[1,2,3]; c13:bw=59,experts=[0,1,5,6,7]; c8:bw=54,experts=[0,4,5,6,7]; c14:bw=52,experts=[0,1,5,6,7]; c4:bw=23,experts=[4,5]; c12:bw=31,experts=[3,4,5]; c3:bw=38,experts=[0,6,7]; c19:bw=12,experts=[6]; c18:bw=35,experts=[0,1,7]; c0:bw=26,experts=[5,6]; c16:bw=44,experts=[3,4,5,6]; c9:bw=31,experts=[0,1,2]; c10:bw=59,experts=[0,1,2,6,7]; c1:bw=41,experts=[4,5,6,7]; c2:bw=34,experts=[0,1,2]; c6:bw=57,experts=[0,1,2,3,4]; c17:bw=31,experts=[0,1,7]; c7:bw=36,experts=[0,1,2]; c15:bw=38,experts=[5,6,7]","1.2760,2.3659,4.2536,2.2789,4.0446,3.3659,2.4723,1.4476,3.6796,3.0985,1.4619,2.1103,2.2355,1.2013,3.7523,2.5747,2.0381,2.2658,3.2636,2.9864"
79,2026-09-23 19:41:25,Ours,0.01,1.8782905373290706,52.88,52.88,79,53.6955,0:53.70,52.2753,0.2718,1.1461,4179.4032,1:09:39.40,20,"2,10,17,18,13,9,4,15,16,1,8,5,12,3,0,19,14,6,11,7",2:33;10:34;17:58;18:12;13:43;9:10;4:80;15:54;16:59;1:37;8:44;5:53;12:10;3:26;0:36;19:26;14:62;6:21;11:32;7:46,"2:[3,4,5];10:[3,4,5];17:[2,3,4,5,6];18:[2];13:[2,3,4,5];9:[3];4:[0,1,2,3,4,5,6,7];15:[0,1,2,3,4];16:[0,1,2,3,7];1:[0,1,2];8:[1,2,3,4];5:[0,1,2,3,4];12:[6];3:[1,2];0:[0,1,7];19:[0,7];14:[2,3,4,5,6,7];6:[5,6];11:[4,5,6];7:[3,4,5,6]","c2:bw=33,experts=[3,4,5]; c10:bw=34,experts=[3,4,5]; c17:bw=58,experts=[2,3,4,5,6]; c18:bw=12,experts=[2]; c13:bw=43,experts=[2,3,4,5]; c9:bw=10,experts=[3]; c4:bw=80,experts=[0,1,2,3,4,5,6,7]; c15:bw=54,experts=[0,1,2,3,4]; c16:bw=59,experts=[0,1,2,3,7]; c1:bw=37,experts=[0,1,2]; c8:bw=44,experts=[1,2,3,4]; c5:bw=53,experts=[0,1,2,3,4]; c12:bw=10,experts=[6]; c3:bw=26,experts=[1,2]; c0:bw=36,experts=[0,1,7]; c19:bw=26,experts=[0,7]; c14:bw=62,experts=[2,3,4,5,6,7]; c6:bw=21,experts=[5,6]; c11:bw=32,experts=[4,5,6]; c7:bw=46,experts=[3,4,5,6]","2.6348,1.2362,2.2842,3.0822,4.2010,2.2317,3.4145,3.0139,2.1466,3.7382,2.2778,1.2636,2.4658,1.4280,1.4651,3.7018,3.9436,2.0303,2.4674,3.2487"
80,2026-09-23 19:42:19,Ours,0.01,1.8971298666184846,50.81,52.88,79,53.6804,0:53.68,52.2584,0.2763,1.1434,4233.1167,1:10:33.12,20,"13,8,5,14,11,7,18,15,4,0,3,6,10,19,17,16,12,1,9,2",13:39;8:51;5:65;14:30;11:62;7:48;18:13;15:41;4:57;0:47;3:31;6:39;10:18;19:35;17:61;16:44;12:10;1:31;9:53;2:44,"13:[0,6,7];8:[0,1,5,6,7];5:[0,1,2,5,6,7];14:[0,1,2];11:[0,1,2,3,4,7];7:[0,1,2,7];18:[3];15:[0,5,6,7];4:[0,1,2,6,7];0:[2,3,4,5];3:[3,4,5];6:[0,1,7];10:[6];19:[1,2,3];17:[0,1,2,3,4,7];16:[4,5,6,7];12:[7];1:[3,4,5];9:[0,4,5,6,7];2:[0,1,6,7]","c13:bw=39,experts=[0,6,7]; c8:bw=51,experts=[0,1,5,6,7]; c5:bw=65,experts=[0,1,2,5,6,7]; c14:bw=30,experts=[0,1,2]; c11:bw=62,experts=[0,1,2,3,4,7]; c7:bw=48,experts=[0,1,2,7]; c18:bw=13,experts=[3]; c15:bw=41,experts=[0,5,6,7]; c4:bw=57,experts=[0,1,2,6,7]; c0:bw=47,experts=[2,3,4,5]; c3:bw=31,experts=[3,4,5]; c6:bw=39,experts=[0,1,7]; c10:bw=18,experts=[6]; c19:bw=35,experts=[1,2,3]; c17:bw=61,experts=[0,1,2,3,4,7]; c16:bw=44,experts=[4,5,6,7]; c12:bw=10,experts=[7]; c1:bw=31,experts=[3,4,5]; c9:bw=53,experts=[0,4,5,6,7]; c2:bw=44,experts=[0,1,6,7]","4.2241,2.3098,1.2724,4.0018,2.4098,3.2727,3.1070,3.0155,3.4020,1.4825,1.4414,2.0270,1.2004,3.6972,2.2718,2.1120,2.4780,3.6980,2.2311,2.6040"
81,2026-09-23 19:43:12,Ours,0.01,1.8433535940983243,53.75,53.75,81,53.6002,0:53.60,52.1677,0.2675,1.1627,4286.7521,1:11:26.75,20,"9,10,5,15,19,8,14,17,18,11,3,1,7,13,12,2,16,0,4,6",9:26;10:44;5:30;15:65;19:52;8:48;14:46;17:27;18:60;11:22;3:67;1:49;7:58;13:21;12:75;2:45;16:35;0:50;4:42;6:51,"9:[1,2];10:[0,1,2,7];5:[3,4,5];15:[1,2,3,4,5,6];19:[0,4,5,6,7];8:[2,3,4,5];14:[3,4,5,6];17:[5,6];18:[0,1,4,5,6,7];11:[5,6];3:[0,1,2,3,6,7];1:[0,1,6,7];7:[3,4,5,6,7];13:[1,2];12:[0,1,2,3,4,5,6];2:[2,3,4,5];16:[0,1,2];0:[0,1,2,6,7];4:[3,4,5,6];6:[2,3,4,5,6]","c9:bw=26,experts=[1,2]; c10:bw=44,experts=[0,1,2,7]; c5:bw=30,experts=[3,4,5]; c15:bw=65,experts=[1,2,3,4,5,6]; c19:bw=52,experts=[0,4,5,6,7]; c8:bw=48,experts=[2,3,4,5]; c14:bw=46,experts=[3,4,5,6]; c17:bw=27,experts=[5,6]; c18:bw=60,experts=[0,1,4,5,6,7]; c11:bw=22,experts=[5,6]; c3:bw=67,experts=[0,1,2,3,6,7]; c1:bw=49,experts=[0,1,6,7]; c7:bw=58,experts=[3,4,5,6,7]; c13:bw=21,experts=[1,2]; c12:bw=75,experts=[0,1,2,3,4,5,6]; c2:bw=45,experts=[2,3,4,5]; c16:bw=35,experts=[0,1,2]; c0:bw=50,experts=[0,1,2,6,7]; c4:bw=42,experts=[3,4,5,6]; c6:bw=51,experts=[2,3,4,5,6]","2.2472,1.2188,1.2721,3.0517,3.7191,2.2709,3.9734,2.2716,3.1328,2.3776,1.4444,3.7491,3.2481,4.1307,2.4949,2.5793,2.1344,1.4671,3.3666,2.0179"
82,2026-09-23 19:44:06,Ours,0.01,1.857015975187616,52.01,53.75,81,53.9103,0:53.91,52.4884,0.2734,1.1462,4340.6963,1:12:20.70,20,"9,16,0,13,2,15,19,12,8,1,14,7,6,5,18,10,17,4,11,3",9:56;16:32;0:30;13:35;2:30;15:16;19:21;12:63;8:58;1:64;14:54;7:40;6:36;5:40;18:45;10:18;17:44;4:30;11:47;3:39,"9:[3,4,5,6,7];16:[3,4,5];0:[3,4,5];13:[3,4,5];2:[0,6,7];15:[7];19:[1,2];12:[0,1,2,3,4,7];8:[0,1,2,6,7];1:[2,3,4,5,6,7];14:[0,1,2,3,7];7:[0,1,2,3];6:[0,1,7];5:[0,1,6,7];18:[2,3,4,5];10:[3];17:[0,1,2,7];4:[0,1,7];11:[0,1,2,7];3:[4,5,6]","c9:bw=56,experts=[3,4,5,6,7]; c16:bw=32,experts=[3,4,5]; c0:bw=30,experts=[3,4,5]; c13:bw=35,experts=[3,4,5]; c2:bw=30,experts=[0,6,7]; c15:bw=16,experts=[7]; c19:bw=21,experts=[1,2]; c12:bw=63,experts=[0,1,2,3,4,7]; c8:bw=58,experts=[0,1,2,6,7]; c1:bw=64,experts=[2,3,4,5,6,7]; c14:bw=54,experts=[0,1,2,3,7]; c7:bw=40,experts=[0,1,2,3]; c6:bw=36,experts=[0,1,7]; c5:bw=40,experts=[0,1,6,7]; c18:bw=45,experts=[2,3,4,5]; c10:bw=18,experts=[3]; c17:bw=44,experts=[0,1,2,7]; c4:bw=30,experts=[0,1,7]; c11:bw=47,experts=[0,1,2,7]; c3:bw=39,experts=[4,5,6]","2.2583,2.1480,1.4893,4.2170,2.6024,2.9818,3.7144,2.4942,2.2830,3.7398,4.0431,3.2604,2.0387,1.2541,3.1357,1.1855,2.2715,3.3945,2.3628,1.6137"
83,2026-09-23 19:45:00,Ours,0.01,1.839915837698192,53.52,53.75,81,54.0606,0:54.06,52.5833,0.2776,1.1974,4394.7927,1:13:14.79,20,"3,15,11,14,6,4,5,7,2,19,0,17,16,8,1,10,9,13,12,18",3:42;15:39;11:27;14:39;6:53;4:10;5:10;7:37;2:41;19:67;0:10;17:31;16:49;8:39;1:63;10:37;9:51;13:46;12:44;18:21,"3:[0,1,2,7];15:[0,1,2];11:[3,4];14:[4,5,6];6:[2,3,4,5,6];4:[2];5:[2];7:[4,5,6];2:[1,2,3,4];19:[0,3,4,5,6,7];0:[6];17:[3,4,5];16:[0,1,6,7];8:[3,4,5];1:[0,1,2,3,4,5];10:[4,5,6];9:[0,1,2,3,4];13:[0,1,6,7];12:[0,5,6,7];18:[6,7]","c3:bw=42,experts=[0,1,2,7]; c15:bw=39,experts=[0,1,2]; c11:bw=27,experts=[3,4]; c14:bw=39,experts=[4,5,6]; c6:bw=53,experts=[2,3,4,5,6]; c4:bw=10,experts=[2]; c5:bw=10,experts=[2]; c7:bw=37,experts=[4,5,6]; c2:bw=41,experts=[1,2,3,4]; c19:bw=67,experts=[0,3,4,5,6,7]; c0:bw=10,experts=[6]; c17:bw=31,experts=[3,4,5]; c16:bw=49,experts=[0,1,6,7]; c8:bw=39,experts=[3,4,5]; c1:bw=63,experts=[0,1,2,3,4,5]; c10:bw=37,experts=[4,5,6]; c9:bw=51,experts=[0,1,2,3,4]; c13:bw=46,experts=[0,1,6,7]; c12:bw=44,experts=[0,5,6,7]; c18:bw=21,experts=[6,7]","1.4460,3.0202,2.4025,4.0068,2.0237,3.3709,1.2375,3.2500,2.5922,3.7478,1.4468,2.2453,2.1311,2.2611,3.7519,1.2148,2.2394,4.3257,2.6116,3.2582"
84,2026-09-23 19:45:55,Ours,0.01,1.835659453640585,51.35,53.75,81,54.3242,0:54.32,52.8939,0.271,1.1569,4449.1571,1:14:09.16,20,"14,6,13,3,4,5,18,15,7,0,11,1,17,9,10,12,19,2,8,16",14:45;6:10;13:30;3:32;4:27;5:20;18:55;15:75;7:47;0:10;11:50;1:58;17:43;9:20;10:10;12:45;19:22;2:36;8:67;16:47,"14:[0,1,2,7];6:[7];13:[2,3,4];3:[3,4,5];4:[3,4];5:[3,4];18:[0,1,2,3,4];15:[0,1,3,4,5,6,7];7:[0,1,2,7];0:[7];11:[0,1,5,6,7];1:[0,1,2,6,7];17:[0,1,6,7];9:[5,6];10:[7];12:[1,2,3,4];19:[1,2];2:[5,6,7];8:[0,1,2,3,6,7];16:[2,3,4,5]","c14:bw=45,experts=[0,1,2,7]; c6:bw=10,experts=[7]; c13:bw=30,experts=[2,3,4]; c3:bw=32,experts=[3,4,5]; c4:bw=27,experts=[3,4]; c5:bw=20,experts=[3,4]; c18:bw=55,experts=[0,1,2,3,4]; c15:bw=75,experts=[0,1,3,4,5,6,7]; c7:bw=47,experts=[0,1,2,7]; c0:bw=10,experts=[7]; c11:bw=50,experts=[0,1,5,6,7]; c1:bw=58,experts=[0,1,2,6,7]; c17:bw=43,experts=[0,1,6,7]; c9:bw=20,experts=[5,6]; c10:bw=10,experts=[7]; c12:bw=45,experts=[1,2,3,4]; c19:bw=22,experts=[1,2]; c2:bw=36,experts=[5,6,7]; c8:bw=67,experts=[0,1,2,3,6,7]; c16:bw=47,experts=[2,3,4,5]","4.2210,2.1199,4.3028,1.4582,3.3972,1.2690,3.1292,3.0362,3.2640,1.4600,2.3998,3.9730,2.2780,2.2276,1.1846,2.4872,3.7134,2.5846,2.2619,2.1262"
85,2026-09-23 19:46:48,Ours,0.01,1.8784898967746055,51.57,53.75,81,53.7559,0:53.76,52.3216,0.273,1.159,4502.9482,1:15:02.95,20,"5,16,9,12,6,18,15,0,11,17,14,2,7,19,10,1,4,13,3,8",5:12;16:19;9:58;12:47;6:42;18:51;15:70;0:38;11:10;17:49;14:44;2:45;7:11;19:54;10:44;1:57;4:42;13:35;3:51;8:70,"5:[5];16:[6];9:[0,1,2,3,7];12:[0,5,6,7];6:[0,1,2,3];18:[0,1,5,6,7];15:[0,2,3,4,5,6,7];0:[0,1,2];11:[2];17:[2,3,4,5];14:[3,4,5,6];2:[0,1,2,3];7:[3];19:[3,4,5,6,7];10:[0,1,2,3];1:[3,4,5,6,7];4:[0,5,6,7];13:[5,6,7];3:[0,1,2,6,7];8:[0,1,2,4,5,6,7]","c5:bw=12,experts=[5]; c16:bw=19,experts=[6]; c9:bw=58,experts=[0,1,2,3,7]; c12:bw=47,experts=[0,5,6,7]; c6:bw=42,experts=[0,1,2,3]; c18:bw=51,experts=[0,1,5,6,7]; c15:bw=70,experts=[0,2,3,4,5,6,7]; c0:bw=38,experts=[0,1,2]; c11:bw=10,experts=[2]; c17:bw=49,experts=[2,3,4,5]; c14:bw=44,experts=[3,4,5,6]; c2:bw=45,experts=[0,1,2,3]; c7:bw=11,experts=[3]; c19:bw=54,experts=[3,4,5,6,7]; c10:bw=44,experts=[0,1,2,3]; c1:bw=57,experts=[3,4,5,6,7]; c4:bw=42,experts=[0,5,6,7]; c13:bw=35,experts=[5,6,7]; c3:bw=51,experts=[0,1,2,6,7]; c8:bw=70,experts=[0,1,2,4,5,6,7]","1.2535,2.1461,2.2529,2.5172,2.0471,3.1583,3.1185,1.4715,2.3536,2.2755,3.9688,2.5952,3.2203,3.7102,1.1938,3.7352,3.3963,4.1900,1.4433,2.2742"
86,2026-09-23 19:47:42,Ours,0.01,1.8004911198629803,55.34,55.34,86,53.7027,0:53.70,52.2445,0.2692,1.1867,4556.6851,1:15:56.69,20,"2,13,11,0,6,16,8,3,12,15,17,9,19,18,7,5,14,1,10,4",2:24;13:55;11:38;0:30;6:55;16:50;8:28;3:28;12:28;15:55;17:40;9:43;19:18;18:52;7:44;5:47;14:45;1:72;10:47;4:18,"2:[4,5];13:[0,1,2,3,4];11:[3,4,5];0:[3,4,5];6:[0,4,5,6,7];16:[0,1,2,3,7];8:[3,4];3:[3,4];12:[1,2];15:[1,2,3,4,5];17:[0,1,6,7];9:[4,5,6,7];19:[0];18:[2,3,4,5,6];7:[4,5,6,7];5:[0,1,6,7];14:[0,1,2,7];1:[0,1,2,3,4,5,6];10:[4,5,6,7];4:[1]","c2:bw=24,experts=[4,5]; c13:bw=55,experts=[0,1,2,3,4]; c11:bw=38,experts=[3,4,5]; c0:bw=30,experts=[3,4,5]; c6:bw=55,experts=[0,4,5,6,7]; c16:bw=50,experts=[0,1,2,3,7]; c8:bw=28,experts=[3,4]; c3:bw=28,experts=[3,4]; c12:bw=28,experts=[1,2]; c15:bw=55,experts=[1,2,3,4,5]; c17:bw=40,experts=[0,1,6,7]; c9:bw=43,experts=[4,5,6,7]; c19:bw=18,experts=[0]; c18:bw=52,experts=[2,3,4,5,6]; c7:bw=44,experts=[4,5,6,7]; c5:bw=47,experts=[0,1,6,7]; c14:bw=45,experts=[0,1,2,7]; c1:bw=72,experts=[0,1,2,3,4,5,6]; c10:bw=47,experts=[4,5,6,7]; c4:bw=18,experts=[1]","2.6094,4.2385,2.3863,1.4931,2.0261,2.1696,2.2440,1.4433,2.4787,3.0175,2.2752,2.2306,3.6836,3.1171,3.2571,1.2482,4.0065,3.7395,1.2161,3.3642"
87,2026-09-23 19:48:36,Ours,0.01,1.85587841018858,50.53,55.34,86,53.7203,0:53.72,52.2669,0.2732,1.1778,4610.4417,1:16:50.44,20,"15,6,13,4,8,11,3,9,17,14,5,0,18,10,16,1,19,2,12,7",15:63;6:60;13:45;4:34;8:46;11:18;3:68;9:37;17:25;14:36;5:10;0:35;18:45;10:49;16:45;1:29;19:33;2:67;12:45;7:22,"15:[0,1,2,3,6,7];6:[1,2,3,4,5,6];13:[0,5,6,7];4:[2,3,4];8:[0,5,6,7];11:[6];3:[0,1,2,5,6,7];9:[0,1,2];17:[2,3];14:[3,4,5];5:[2];0:[0,6,7];18:[0,1,2,7];10:[0,1,2,3];16:[4,5,6,7];1:[0,7];19:[1,2,3];2:[0,1,2,3,6,7];12:[3,4,5,6];7:[0,1]","c15:bw=63,experts=[0,1,2,3,6,7]; c6:bw=60,experts=[1,2,3,4,5,6]; c13:bw=45,experts=[0,5,6,7]; c4:bw=34,experts=[2,3,4]; c8:bw=46,experts=[0,5,6,7]; c11:bw=18,experts=[6]; c3:bw=68,experts=[0,1,2,5,6,7]; c9:bw=37,experts=[0,1,2]; c17:bw=25,experts=[2,3]; c14:bw=36,experts=[3,4,5]; c5:bw=10,experts=[2]; c0:bw=35,experts=[0,6,7]; c18:bw=45,experts=[0,1,2,7]; c10:bw=49,experts=[0,1,2,3]; c16:bw=45,experts=[4,5,6,7]; c1:bw=29,experts=[0,7]; c19:bw=33,experts=[1,2,3]; c2:bw=67,experts=[0,1,2,3,6,7]; c12:bw=45,experts=[3,4,5,6]; c7:bw=22,experts=[0,1]","3.0381,2.0534,4.2420,3.4202,2.2989,2.3832,1.4532,2.2343,2.2632,3.9519,1.2346,1.4786,3.1258,1.2014,2.1286,3.7211,3.7129,2.5899,2.4914,3.2442"
88,2026-09-23 19:49:30,Ours,0.01,1.7808652991885068,55.47,55.47,88,53.8071,0:53.81,52.3883,0.2728,1.1437,4664.2844,1:17:44.28,20,"15,0,7,16,13,1,18,2,8,17,4,6,11,5,19,14,3,9,12,10",15:60;0:62;7:41;16:30;13:34;1:28;18:22;2:46;8:43;17:30;4:38;6:27;11:10;5:30;19:23;14:10;3:33;9:31;12:61;10:71,"15:[0,1,4,5,6,7];0:[1,2,3,4,5,6];7:[2,3,4,5];16:[0,1,2];13:[1,2,3];1:[1,2];18:[3,4];2:[4,5,6,7];8:[1,2,3,4];17:[4,5,6];4:[5,6,7];6:[0,7];11:[7];5:[3,4,5];19:[4,5];14:[6];3:[3,4,5];9:[3,4,5];12:[0,1,2,3,4,7];10:[0,1,2,4,5,6,7]","c15:bw=60,experts=[0,1,4,5,6,7]; c0:bw=62,experts=[1,2,3,4,5,6]; c7:bw=41,experts=[2,3,4,5]; c16:bw=30,experts=[0,1,2]; c13:bw=34,experts=[1,2,3]; c1:bw=28,experts=[1,2]; c18:bw=22,experts=[3,4]; c2:bw=46,experts=[4,5,6,7]; c8:bw=43,experts=[1,2,3,4]; c17:bw=30,experts=[4,5,6]; c4:bw=38,experts=[5,6,7]; c6:bw=27,experts=[0,7]; c11:bw=10,experts=[7]; c5:bw=30,experts=[3,4,5]; c19:bw=23,experts=[4,5]; c14:bw=10,experts=[6]; c3:bw=33,experts=[3,4,5]; c9:bw=31,experts=[3,4,5]; c12:bw=61,experts=[0,1,2,3,4,7]; c10:bw=71,experts=[0,1,2,4,5,6,7]","3.0594,1.5147,3.2833,2.1632,4.1610,3.7429,3.0964,2.6102,2.2741,2.2786,3.4192,2.0247,2.3592,1.2645,3.7047,3.9932,1.4671,2.2446,2.4955,1.2320"
89,2026-09-23 19:50:24,Ours,0.01,1.8484710115495595,50.07,55.47,88,53.6737,0:53.67,52.2546,0.2729,1.1439,4717.9957,1:18:38.00,20,"5,2,7,4,18,10,15,9,8,0,16,19,11,14,12,13,1,3,17,6",5:46;2:44;7:21;4:30;18:55;10:28;15:61;9:60;8:74;0:13;16:50;19:16;11:36;14:30;12:34;13:10;1:41;3:31;17:40;6:32,"5:[0,1,6,7];2:[0,1,2,3];7:[6,7];4:[0,1,2];18:[0,1,5,6,7];10:[3,4];15:[2,3,4,5,6,7];9:[0,1,2,3,6,7];8:[0,1,2,3,5,6,7];0:[7];16:[3,4,5,6,7];19:[6];11:[0,1,2];14:[0,1,7];12:[5,6,7];13:[4];1:[3,4,5,6];3:[0,6,7];17:[0,1,2,7];6:[1,2,3]","c5:bw=46,experts=[0,1,6,7]; c2:bw=44,experts=[0,1,2,3]; c7:bw=21,experts=[6,7]; c4:bw=30,experts=[0,1,2]; c18:bw=55,experts=[0,1,5,6,7]; c10:bw=28,experts=[3,4]; c15:bw=61,experts=[2,3,4,5,6,7]; c9:bw=60,experts=[0,1,2,3,6,7]; c8:bw=74,experts=[0,1,2,3,5,6,7]; c0:bw=13,experts=[7]; c16:bw=50,experts=[3,4,5,6,7]; c19:bw=16,experts=[6]; c11:bw=36,experts=[0,1,2]; c14:bw=30,experts=[0,1,7]; c12:bw=34,experts=[5,6,7]; c13:bw=10,experts=[4]; c1:bw=41,experts=[3,4,5,6]; c3:bw=31,experts=[0,6,7]; c17:bw=40,experts=[0,1,2,7]; c6:bw=32,experts=[1,2,3]","1.2664,2.6036,3.2802,3.3980,3.1582,1.2110,3.0168,2.2537,2.2751,1.4655,2.1329,3.6876,2.3571,3.9850,2.5091,4.1730,3.7405,1.4463,2.2627,2.0318"
90,2026-09-23 19:51:17,Ours,0.01,1.7928185644673416,55.85,55.85,90,53.7484,0:53.75,52.3004,0.2739,1.1717,4771.7807,1:19:31.78,20,"12,10,0,2,17,14,19,7,16,3,18,4,13,11,1,8,9,6,5,15",12:43;10:10;0:64;2:21;17:22;14:16;19:15;7:72;16:57;3:36;18:50;4:35;13:65;11:41;1:31;8:50;9:63;6:26;5:27;15:61,"12:[0,1,2,3];10:[5];0:[0,1,2,3,4,5];2:[4,5];17:[3,4];14:[2];19:[7];7:[0,1,2,3,4,5,6];16:[0,1,2,3,4];3:[1,2,3];18:[2,3,4,5,6];4:[3,4,5];13:[0,1,2,5,6,7];11:[3,4,5,6];1:[0,1,7];8:[0,4,5,6,7];9:[0,1,4,5,6,7];6:[4,5];5:[2,3];15:[0,1,2,3,4,5]","c12:bw=43,experts=[0,1,2,3]; c10:bw=10,experts=[5]; c0:bw=64,experts=[0,1,2,3,4,5]; c2:bw=21,experts=[4,5]; c17:bw=22,experts=[3,4]; c14:bw=16,experts=[2]; c19:bw=15,experts=[7]; c7:bw=72,experts=[0,1,2,3,4,5,6]; c16:bw=57,experts=[0,1,2,3,4]; c3:bw=36,experts=[1,2,3]; c18:bw=50,experts=[2,3,4,5,6]; c4:bw=35,experts=[3,4,5]; c13:bw=65,experts=[0,1,2,5,6,7]; c11:bw=41,experts=[3,4,5,6]; c1:bw=31,experts=[0,1,7]; c8:bw=50,experts=[0,4,5,6,7]; c9:bw=63,experts=[0,1,4,5,6,7]; c6:bw=26,experts=[4,5]; c5:bw=27,experts=[2,3]; c15:bw=61,experts=[0,1,2,3,4,5]","2.5218,1.1947,1.4984,2.6119,2.2759,3.9746,3.6970,3.3039,2.1344,1.4437,3.1195,3.3687,4.1955,2.3804,3.7320,2.2739,2.2605,2.0398,1.2539,3.0202"
91,2026-09-23 19:52:11,Ours,0.01,1.793973788802542,55.16,55.85,90,53.6856,0:53.69,52.2571,0.2707,1.1554,4825.5045,1:20:25.50,20,"5,6,1,17,18,7,8,4,19,2,10,3,11,12,14,15,13,0,9,16",5:52;6:29;1:50;17:63;18:13;7:51;8:23;4:54;19:51;2:11;10:49;3:40;11:67;12:62;14:42;15:45;13:46;0:22;9:35;16:24,"5:[0,4,5,6,7];6:[6,7];1:[2,3,4,5,6];17:[0,1,2,5,6,7];18:[7];7:[0,1,2,3,7];8:[1,2];4:[0,1,2,6,7];19:[0,1,2,3,4];2:[6];10:[0,1,6,7];3:[4,5,6,7];11:[0,1,2,3,4,7];12:[0,1,4,5,6,7];14:[3,4,5,6];15:[0,1,6,7];13:[3,4,5,6];0:[6,7];9:[2,3,4];16:[5,6]","c5:bw=52,experts=[0,4,5,6,7]; c6:bw=29,experts=[6,7]; c1:bw=50,experts=[2,3,4,5,6]; c17:bw=63,experts=[0,1,2,5,6,7]; c18:bw=13,experts=[7]; c7:bw=51,experts=[0,1,2,3,7]; c8:bw=23,experts=[1,2]; c4:bw=54,experts=[0,1,2,6,7]; c19:bw=51,experts=[0,1,2,3,4]; c2:bw=11,experts=[6]; c10:bw=49,experts=[0,1,6,7]; c3:bw=40,experts=[4,5,6,7]; c11:bw=67,experts=[0,1,2,3,4,7]; c12:bw=62,experts=[0,1,4,5,6,7]; c14:bw=42,experts=[3,4,5,6]; c15:bw=45,experts=[0,1,6,7]; c13:bw=46,experts=[3,4,5,6]; c0:bw=22,experts=[6,7]; c9:bw=35,experts=[2,3,4]; c16:bw=24,experts=[5,6]","1.2800,2.0575,3.7420,2.2793,3.1088,3.2494,2.2581,3.4025,3.7243,2.5919,1.2064,1.4453,2.3878,2.4955,3.9823,2.9922,4.2127,1.4696,2.2359,2.1356"
92,2026-09-23 19:53:06,Ours,0.01,1.8102263386969342,51.57,55.85,90,54.9595,0:54.96,53.4839,0.279,1.1943,4880.5017,1:21:20.50,20,"15,11,19,17,5,4,7,9,6,8,2,0,3,12,16,13,1,10,18,14",15:19;11:15;19:54;17:32;5:66;4:26;7:34;9:56;6:45;8:19;2:25;0:29;3:28;12:48;16:14;13:17;1:20;10:37;18:37;14:30,"15:[2];11:[5];19:[0,1,5,6,7];17:[3,4,5];5:[1,2,3,4,5,6];4:[3,4];7:[4,5,6];9:[0,1,5,6,7];6:[0,1,2,3];8:[3];2:[0,7];0:[0,1];3:[0,1];12:[2,3,4,5];16:[7];13:[7];1:[0,7];10:[2,3,4];18:[0,1,2];14:[0,1,7]","c15:bw=19,experts=[2]; c11:bw=15,experts=[5]; c19:bw=54,experts=[0,1,5,6,7]; c17:bw=32,experts=[3,4,5]; c5:bw=66,experts=[1,2,3,4,5,6]; c4:bw=26,experts=[3,4]; c7:bw=34,experts=[4,5,6]; c9:bw=56,experts=[0,1,5,6,7]; c6:bw=45,experts=[0,1,2,3]; c8:bw=19,experts=[3]; c2:bw=25,experts=[0,7]; c0:bw=29,experts=[0,1]; c3:bw=28,experts=[0,1]; c12:bw=48,experts=[2,3,4,5]; c16:bw=14,experts=[7]; c13:bw=17,experts=[7]; c1:bw=20,experts=[0,7]; c10:bw=37,experts=[2,3,4]; c18:bw=37,experts=[0,1,2]; c14:bw=30,experts=[0,1,7]","3.0173,2.3804,3.7682,2.2884,1.2828,3.3997,3.2641,2.2707,2.0407,2.2543,2.5633,1.4585,1.4429,3.0820,2.1437,4.2163,3.9013,1.2677,3.2588,4.1827"
93,2026-09-23 19:54:00,Ours,0.01,1.7922141204713289,55.01,55.85,90,53.9739,0:53.97,52.5542,0.2683,1.1492,4934.5198,1:22:14.52,20,"9,1,6,8,15,18,0,17,5,3,12,4,14,7,11,19,16,2,10,13",9:58;1:47;6:22;8:10;15:36;18:23;0:19;17:32;5:10;3:31;12:52;4:32;14:25;7:22;11:32;19:39;16:46;2:51;10:15;13:63,"9:[2,3,4,5,6];1:[1,2,3,4];6:[4,5];8:[4];15:[3,4,5];18:[3,4];0:[2];17:[0,6,7];5:[7];3:[2,3,4];12:[0,1,2,6,7];4:[5,6,7];14:[2,3];7:[0,7];11:[0,6,7];19:[2,3,4];16:[0,1,2,3];2:[1,2,3,4,5];10:[5];13:[0,1,2,3,4,5]","c9:bw=58,experts=[2,3,4,5,6]; c1:bw=47,experts=[1,2,3,4]; c6:bw=22,experts=[4,5]; c8:bw=10,experts=[4]; c15:bw=36,experts=[3,4,5]; c18:bw=23,experts=[3,4]; c0:bw=19,experts=[2]; c17:bw=32,experts=[0,6,7]; c5:bw=10,experts=[7]; c3:bw=31,experts=[2,3,4]; c12:bw=52,experts=[0,1,2,6,7]; c4:bw=32,experts=[5,6,7]; c14:bw=25,experts=[2,3]; c7:bw=22,experts=[0,7]; c11:bw=32,experts=[0,6,7]; c19:bw=39,experts=[2,3,4]; c16:bw=46,experts=[0,1,2,3]; c2:bw=51,experts=[1,2,3,4,5]; c10:bw=15,experts=[5]; c13:bw=63,experts=[0,1,2,3,4,5]","2.4109,3.7702,2.0389,2.2679,3.0305,3.1300,1.4612,2.2743,1.2508,1.4536,2.5052,3.4117,3.9868,3.2373,2.3719,3.7148,2.1653,2.6366,1.1962,4.2402"
94,2026-09-23 19:54:54,Ours,0.01,1.8121235375209603,52.51,55.85,90,53.691,0:53.69,52.2566,0.2663,1.1658,4988.2484,1:23:08.25,20,"9,19,3,10,16,6,4,18,13,12,17,11,7,8,0,15,2,1,14,5",9:50;19:48;3:34;10:61;16:28;6:30;4:31;18:47;13:44;12:14;17:12;11:48;7:45;8:10;0:55;15:40;2:65;1:70;14:38;5:41,"9:[0,1,2,3,7];19:[0,5,6,7];3:[5,6,7];10:[0,1,2,3,6,7];16:[4,5];6:[0,6,7];4:[0,1,2];18:[0,5,6,7];13:[0,1,6,7];12:[3];17:[1];11:[1,2,3,4];7:[1,2,3,4];8:[5];0:[3,4,5,6,7];15:[0,1,6,7];2:[0,1,2,3,6,7];1:[0,1,2,3,5,6,7];14:[4,5,6];5:[0,1,2,3]","c9:bw=50,experts=[0,1,2,3,7]; c19:bw=48,experts=[0,5,6,7]; c3:bw=34,experts=[5,6,7]; c10:bw=61,experts=[0,1,2,3,6,7]; c16:bw=28,experts=[4,5]; c6:bw=30,experts=[0,6,7]; c4:bw=31,experts=[0,1,2]; c18:bw=47,experts=[0,5,6,7]; c13:bw=44,experts=[0,1,6,7]; c12:bw=14,experts=[3]; c17:bw=12,experts=[1]; c11:bw=48,experts=[1,2,3,4]; c7:bw=45,experts=[1,2,3,4]; c8:bw=10,experts=[5]; c0:bw=55,experts=[3,4,5,6,7]; c15:bw=40,experts=[0,1,6,7]; c2:bw=65,experts=[0,1,2,3,6,7]; c1:bw=70,experts=[0,1,2,3,5,6,7]; c14:bw=38,experts=[4,5,6]; c5:bw=41,experts=[0,1,2,3]","2.2582,3.7797,1.4707,1.2122,2.1333,2.0229,3.4057,3.1346,4.1983,2.4939,2.2448,2.3655,3.2443,2.2369,1.4767,3.0184,2.5964,3.7546,3.9572,1.2522"
95,2026-09-23 19:55:48,Ours,0.01,1.763769496356866,56.43,56.43,95,53.8445,0:53.84,52.4125,0.2747,1.1551,5042.1318,1:24:02.13,20,"7,16,1,12,4,9,17,5,14,10,15,0,19,8,13,3,18,11,2,6",7:59;16:24;1:31;12:10;4:15;9:42;17:47;5:10;14:49;10:42;15:34;0:35;19:42;8:76;13:59;3:41;18:28;11:10;2:23;6:40,"7:[0,1,5,6,7];16:[6,7];1:[4,5,6];12:[4];4:[3];9:[4,5,6,7];17:[2,3,4,5];5:[4];14:[0,1,2,7];10:[4,5,6,7];15:[2,3,4];0:[0,1,2];19:[1,2,3,4];8:[0,1,2,3,4,6,7];13:[2,3,4,5,6];3:[0,1,2,3];18:[1,2];11:[5];2:[4,5];6:[1,2,3,4]","c7:bw=59,experts=[0,1,5,6,7]; c16:bw=24,experts=[6,7]; c1:bw=31,experts=[4,5,6]; c12:bw=10,experts=[4]; c4:bw=15,experts=[3]; c9:bw=42,experts=[4,5,6,7]; c17:bw=47,experts=[2,3,4,5]; c5:bw=10,experts=[4]; c14:bw=49,experts=[0,1,2,7]; c10:bw=42,experts=[4,5,6,7]; c15:bw=34,experts=[2,3,4]; c0:bw=35,experts=[0,1,2]; c19:bw=42,experts=[1,2,3,4]; c8:bw=76,experts=[0,1,2,3,4,6,7]; c13:bw=59,experts=[2,3,4,5,6]; c3:bw=41,experts=[0,1,2,3]; c18:bw=28,experts=[1,2]; c11:bw=10,experts=[5]; c2:bw=23,experts=[4,5]; c6:bw=40,experts=[1,2,3,4]","3.2846,2.1543,3.7853,2.4985,3.4308,2.2608,2.2867,1.2739,4.0144,1.2191,2.9955,1.4809,3.7083,2.2822,4.2221,1.4465,3.1044,2.3668,2.5754,2.0219"
96,2026-09-23 19:56:42,Ours,0.01,1.774398379434554,54.39,56.43,95,53.8517,0:53.85,52.4194,0.2768,1.1532,5096.0214,1:24:56.02,20,"6,15,14,17,2,9,11,3,0,8,18,5,13,1,4,19,16,12,10,7",6:31;15:78;14:10;17:35;2:65;9:44;11:44;3:46;0:36;8:64;18:29;5:60;13:55;1:36;4:49;19:38;16:72;12:71;10:53;7:50,"6:[5,6,7];15:[0,1,2,3,5,6,7];14:[3];17:[0,6,7];2:[0,1,2,3,6,7];9:[0,1,2,3];11:[0,1,6,7];3:[4,5,6,7];0:[3,4,5];8:[0,1,2,5,6,7];18:[3,4];5:[0,1,2,5,6,7];13:[0,1,2,3,7];1:[0,1,7];4:[4,5,6,7];19:[5,6,7];16:[0,1,2,3,4,5,6];12:[0,1,2,3,5,6,7];10:[0,1,2,3,4];7:[2,3,4,5,6]","c6:bw=31,experts=[5,6,7]; c15:bw=78,experts=[0,1,2,3,5,6,7]; c14:bw=10,experts=[3]; c17:bw=35,experts=[0,6,7]; c2:bw=65,experts=[0,1,2,3,6,7]; c9:bw=44,experts=[0,1,2,3]; c11:bw=44,experts=[0,1,6,7]; c3:bw=46,experts=[4,5,6,7]; c0:bw=36,experts=[3,4,5]; c8:bw=64,experts=[0,1,2,5,6,7]; c18:bw=29,experts=[3,4]; c5:bw=60,experts=[0,1,2,5,6,7]; c13:bw=55,experts=[0,1,2,3,7]; c1:bw=36,experts=[0,1,7]; c4:bw=49,experts=[4,5,6,7]; c19:bw=38,experts=[5,6,7]; c16:bw=72,experts=[0,1,2,3,4,5,6]; c12:bw=71,experts=[0,1,2,3,5,6,7]; c10:bw=53,experts=[0,1,2,3,4]; c7:bw=50,experts=[2,3,4,5,6]","2.0560,3.0350,3.9947,2.2816,2.6002,2.2518,2.3970,1.4579,1.4715,2.2797,3.1206,1.2682,4.1938,3.7478,3.4032,3.7278,2.1620,2.5306,1.2136,3.2261"
97,2026-09-23 19:57:35,Ours,0.01,1.745103043692574,56.84,56.84,97,53.8389,0:53.84,52.4095,0.2727,1.1545,5149.9004,1:25:49.90,20,"12,2,4,6,9,10,1,19,7,0,3,17,18,5,14,15,13,11,16,8",12:13;2:54;4:16;6:50;9:43;10:51;1:50;19:30;7:30;0:41;3:35;17:54;18:70;5:46;14:23;15:59;13:51;11:22;16:54;8:43,"12:[4];2:[0,4,5,6,7];4:[0];6:[0,1,2,3,4];9:[4,5,6,7];10:[0,1,5,6,7];1:[2,3,4,5,6];19:[0,1,2];7:[0,1,7];0:[0,1,6,7];3:[0,1,2];17:[1,2,3,4,5];18:[0,1,2,3,5,6,7];5:[3,4,5,6];14:[4,5];15:[0,4,5,6,7];13:[0,4,5,6,7];11:[2,3];16:[0,1,2,3,7];8:[3,4,5,6]","c12:bw=13,experts=[4]; c2:bw=54,experts=[0,4,5,6,7]; c4:bw=16,experts=[0]; c6:bw=50,experts=[0,1,2,3,4]; c9:bw=43,experts=[4,5,6,7]; c10:bw=51,experts=[0,1,5,6,7]; c1:bw=50,experts=[2,3,4,5,6]; c19:bw=30,experts=[0,1,2]; c7:bw=30,experts=[0,1,7]; c0:bw=41,experts=[0,1,6,7]; c3:bw=35,experts=[0,1,2]; c17:bw=54,experts=[1,2,3,4,5]; c18:bw=70,experts=[0,1,2,3,5,6,7]; c5:bw=46,experts=[3,4,5,6]; c14:bw=23,experts=[4,5]; c15:bw=59,experts=[0,4,5,6,7]; c13:bw=51,experts=[0,4,5,6,7]; c11:bw=22,experts=[2,3]; c16:bw=54,experts=[0,1,2,3,7]; c8:bw=43,experts=[3,4,5,6]","2.5062,2.6521,3.4398,2.0623,2.2477,1.2129,3.7590,3.7233,3.2335,1.4800,1.4501,2.2751,3.1432,1.2660,3.9630,3.0040,4.1936,2.3702,2.1650,2.2624"
98,2026-09-23 19:58:29,Ours,0.01,1.7651662792808267,56.1,56.84,97,53.8139,0:53.81,52.3867,0.2709,1.1542,5203.7535,1:26:43.75,20,"10,4,2,17,15,7,19,14,11,16,13,1,6,5,9,3,18,0,12,8",10:45;4:52;2:24;17:17;15:17;7:24;19:45;14:67;11:10;16:41;13:31;1:26;6:36;5:49;9:27;3:25;18:32;0:33;12:16;8:54,"10:[2,3,4,5];4:[1,2,3,4,5];2:[1,2];17:[6];15:[1];7:[2,3];19:[3,4,5,6];14:[0,1,2,3,6,7];11:[4];16:[4,5,6,7];13:[1,2,3];1:[0,7];6:[5,6,7];5:[0,1,2,7];9:[0,1];3:[3,4];18:[4,5,6];0:[2,3,4];12:[5];8:[0,1,2,3,7]","c10:bw=45,experts=[2,3,4,5]; c4:bw=52,experts=[1,2,3,4,5]; c2:bw=24,experts=[1,2]; c17:bw=17,experts=[6]; c15:bw=17,experts=[1]; c7:bw=24,experts=[2,3]; c19:bw=45,experts=[3,4,5,6]; c14:bw=67,experts=[0,1,2,3,6,7]; c11:bw=10,experts=[4]; c16:bw=41,experts=[4,5,6,7]; c13:bw=31,experts=[1,2,3]; c1:bw=26,experts=[0,7]; c6:bw=36,experts=[5,6,7]; c5:bw=49,experts=[0,1,2,7]; c9:bw=27,experts=[0,1]; c3:bw=25,experts=[3,4]; c18:bw=32,experts=[4,5,6]; c0:bw=33,experts=[2,3,4]; c12:bw=16,experts=[5]; c8:bw=54,experts=[0,1,2,3,7]","1.2327,3.4388,2.6076,2.2738,2.9978,3.2536,3.7426,4.0515,2.3710,2.1372,4.1761,3.7459,2.0411,1.2703,2.2423,1.4535,3.1319,1.4831,2.4805,2.2551"
99,2026-09-23 19:59:23,Ours,0.01,1.7523179373198108,56.23,56.84,97,53.7791,0:53.78,52.3701,0.2558,1.151,5257.5759,1:27:37.58,20,"13,0,14,4,19,9,16,3,12,10,7,11,1,15,6,17,18,8,5,2",13:25;0:40;14:33;4:24;19:48;9:20;16:34;3:38;12:34;10:11;7:45;11:10;1:59;15:47;6:35;17:43;18:55;8:34;5:49;2:31,"13:[4,5];0:[0,5,6,7];14:[4,5,6];4:[6,7];19:[0,1,2,7];9:[2,3];16:[0,1,2];3:[5,6,7];12:[0,6,7];10:[6];7:[4,5,6,7];11:[5];1:[1,2,3,4,5];15:[2,3,4,5];6:[0,1,2];17:[0,1,2,7];18:[0,1,2,3,7];8:[4,5,6];5:[3,4,5,6];2:[3,4,5]","c13:bw=25,experts=[4,5]; c0:bw=40,experts=[0,5,6,7]; c14:bw=33,experts=[4,5,6]; c4:bw=24,experts=[6,7]; c19:bw=48,experts=[0,1,2,7]; c9:bw=20,experts=[2,3]; c16:bw=34,experts=[0,1,2]; c3:bw=38,experts=[5,6,7]; c12:bw=34,experts=[0,6,7]; c10:bw=11,experts=[6]; c7:bw=45,experts=[4,5,6,7]; c11:bw=10,experts=[5]; c1:bw=59,experts=[1,2,3,4,5]; c15:bw=47,experts=[2,3,4,5]; c6:bw=35,experts=[0,1,2]; c17:bw=43,experts=[0,1,2,7]; c18:bw=55,experts=[0,1,2,3,7]; c8:bw=34,experts=[4,5,6]; c5:bw=49,experts=[3,4,5,6]; c2:bw=31,experts=[3,4,5]","4.2143,1.4781,3.9803,3.4099,3.7665,2.2116,2.1547,1.4612,2.5232,1.1980,3.2672,2.3734,3.7313,3.0118,2.0418,2.2686,3.1405,2.2585,1.2755,2.6037"
100,2026-09-23 20:00:17,Ours,0.01,1.771313493654927,53.54,56.84,97,53.9549,0:53.95,52.5467,0.2574,1.1486,5311.571,1:28:31.57,20,"10,12,11,0,4,7,6,17,14,1,13,8,2,18,16,9,5,3,15,19",10:56;12:37;11:17;0:64;4:65;7:10;6:44;17:55;14:10;1:17;13:10;8:44;2:30;18:80;16:46;9:53;5:18;3:42;15:30;19:18,"10:[0,1,2,3,7];12:[1,2,3];11:[6];0:[1,2,3,4,5,6];4:[0,1,2,3,4,5];7:[0];6:[3,4,5,6];17:[3,4,5,6,7];14:[7];1:[6];13:[6];8:[0,1,2,7];2:[0,6,7];18:[0,1,2,3,4,5,6,7];16:[3,4,5,6];9:[0,4,5,6,7];5:[7];3:[0,1,2,3];15:[0,6,7];19:[3]","c10:bw=56,experts=[0,1,2,3,7]; c12:bw=37,experts=[1,2,3]; c11:bw=17,experts=[6]; c0:bw=64,experts=[1,2,3,4,5,6]; c4:bw=65,experts=[0,1,2,3,4,5]; c7:bw=10,experts=[0]; c6:bw=44,experts=[3,4,5,6]; c17:bw=55,experts=[3,4,5,6,7]; c14:bw=10,experts=[7]; c1:bw=17,experts=[6]; c13:bw=10,experts=[6]; c8:bw=44,experts=[0,1,2,7]; c2:bw=30,experts=[0,6,7]; c18:bw=80,experts=[0,1,2,3,4,5,6,7]; c16:bw=46,experts=[3,4,5,6]; c9:bw=53,experts=[0,4,5,6,7]; c5:bw=18,experts=[7]; c3:bw=42,experts=[0,1,2,3]; c15:bw=30,experts=[0,6,7]; c19:bw=18,experts=[3]","1.2180,2.5128,2.3974,1.5089,3.4658,3.2650,2.0529,2.2666,4.0003,3.7370,4.2004,2.2789,2.6697,3.1661,2.1391,2.2511,1.2545,1.4627,3.0031,3.6962"
