Round,Timestamp,Method,LR,AvgLoss,TestAcc,BestAcc,BestRound,RoundTimeSec,RoundTimeHMS,LocalTrainTimeSec,AggTimeSec,EvalTimeSec,CumulativeTimeSec,CumulativeTimeHMS,NumClientsSelected,SelectedClients,Bandwidth,SelectedExperts,UploadDetail,ClientTrainTimesSec
1,2026-09-24 12:09:03,Ours,0.00208,3.8769308384308183,1.41,1.41,1,54.6359,0:54.64,53.1926,0.3094,1.127,54.6359,0:54.64,20,"0,17,15,1,8,5,11,3,18,16,13,2,9,19,4,12,7,10,14,6",0:10;17:34;15:58;1:29;8:55;5:44;11:24;3:51;18:30;16:48;13:42;2:29;9:45;19:40;4:40;12:23;7:20;10:22;14:54;6:41,"0:[2];17:[2,4,6];15:[1,2,4,5,6];1:[2,4];8:[1,2,4,5,6];5:[1,2,4,6];11:[2,4];3:[1,2,4,5,6];18:[2,4,6];16:[1,2,4,6];13:[1,2,4,6];2:[2,4];9:[1,2,4,6];19:[1,2,4,6];4:[1,2,4,6];12:[2,4];7:[2,6];10:[2,4];14:[1,2,4,5,6];6:[1,2,4,6]","c0:bw=10,experts=[2]; c17:bw=34,experts=[2,4,6]; c15:bw=58,experts=[1,2,4,5,6]; c1:bw=29,experts=[2,4]; c8:bw=55,experts=[1,2,4,5,6]; c5:bw=44,experts=[1,2,4,6]; c11:bw=24,experts=[2,4]; c3:bw=51,experts=[1,2,4,5,6]; c18:bw=30,experts=[2,4,6]; c16:bw=48,experts=[1,2,4,6]; c13:bw=42,experts=[1,2,4,6]; c2:bw=29,experts=[2,4]; c9:bw=45,experts=[1,2,4,6]; c19:bw=40,experts=[1,2,4,6]; c4:bw=40,experts=[1,2,4,6]; c12:bw=23,experts=[2,4]; c7:bw=20,experts=[2,6]; c10:bw=22,experts=[2,4]; c14:bw=54,experts=[1,2,4,5,6]; c6:bw=41,experts=[1,2,4,6]","2.0509,2.2047,2.9740,3.7752,2.2500,1.3045,2.4989,1.5703,3.1703,2.1037,4.2593,2.6910,2.4046,3.7927,3.2484,2.5390,3.3028,1.2507,3.7980,2.0035"
2,2026-09-24 12:09:54,Ours,0.00406,3.381799365830451,3.43,3.43,2,50.9767,0:50.98,49.5153,0.3274,1.1318,105.7554,1:45.76,20,"19,16,15,5,4,12,14,7,3,6,2,9,13,10,18,8,17,11,0,1",19:53;16:16;15:62;5:69;4:30;12:16;14:26;7:55;3:67;6:17;2:22;9:46;13:54;10:59;18:24;8:48;17:51;11:29;0:36;1:41,"19:[0,1,2,4,6];16:[4];15:[0,1,2,4,5,6];5:[0,1,2,4,5,6];4:[0,4,6];12:[4];14:[4,6];7:[0,1,4,5,6];3:[0,1,2,4,5,6];6:[4];2:[4,6];9:[0,1,4,6];13:[0,1,4,5,6];10:[0,1,4,5,6];18:[4,6];8:[0,1,4,6];17:[0,1,4,5,6];11:[4,6];0:[0,4,6];1:[0,1,4,6]","c19:bw=53,experts=[0,1,2,4,6]; c16:bw=16,experts=[4]; c15:bw=62,experts=[0,1,2,4,5,6]; c5:bw=69,experts=[0,1,2,4,5,6]; c4:bw=30,experts=[0,4,6]; c12:bw=16,experts=[4]; c14:bw=26,experts=[4,6]; c7:bw=55,experts=[0,1,4,5,6]; c3:bw=67,experts=[0,1,2,4,5,6]; c6:bw=17,experts=[4]; c2:bw=22,experts=[4,6]; c9:bw=46,experts=[0,1,4,6]; c13:bw=54,experts=[0,1,4,5,6]; c10:bw=59,experts=[0,1,4,5,6]; c18:bw=24,experts=[4,6]; c8:bw=48,experts=[0,1,4,6]; c17:bw=51,experts=[0,1,4,5,6]; c11:bw=29,experts=[4,6]; c0:bw=36,experts=[0,4,6]; c1:bw=41,experts=[0,1,4,6]","3.4757,2.0310,2.8266,1.2422,3.1867,2.3705,3.7112,3.0661,1.4152,1.9287,2.4934,2.1280,3.9235,1.1786,2.9459,2.1866,2.1502,2.2693,1.4339,3.5519"
3,2026-09-24 12:10:51,Ours,0.006040000000000001,3.2559834405186914,5.41,5.41,3,57.0481,0:57.05,55.3912,0.3771,1.2771,162.8162,2:42.82,20,"10,7,0,2,5,18,16,12,4,14,15,9,1,13,11,19,3,17,6,8",10:10;7:33;0:50;2:42;5:13;18:40;16:31;12:37;4:52;14:53;15:16;9:48;1:13;13:54;11:66;19:24;3:26;17:41;6:40;8:30,"10:[4];7:[0,4,6];0:[0,1,4,5,6];2:[0,1,4,6];5:[4];18:[0,1,4,6];16:[0,4,6];12:[0,4,6];4:[0,1,4,5,6];14:[0,1,4,5,6];15:[4];9:[0,1,4,6];1:[4];13:[0,1,4,5,6];11:[0,1,2,4,5,6];19:[4,6];3:[4,6];17:[0,4,5,6];6:[0,4,5,6];8:[0,4,6]","c10:bw=10,experts=[4]; c7:bw=33,experts=[0,4,6]; c0:bw=50,experts=[0,1,4,5,6]; c2:bw=42,experts=[0,1,4,6]; c5:bw=13,experts=[4]; c18:bw=40,experts=[0,1,4,6]; c16:bw=31,experts=[0,4,6]; c12:bw=37,experts=[0,4,6]; c4:bw=52,experts=[0,1,4,5,6]; c14:bw=53,experts=[0,1,4,5,6]; c15:bw=16,experts=[4]; c9:bw=48,experts=[0,1,4,6]; c1:bw=13,experts=[4]; c13:bw=54,experts=[0,1,4,5,6]; c11:bw=66,experts=[0,1,2,4,5,6]; c19:bw=24,experts=[4,6]; c3:bw=26,experts=[4,6]; c17:bw=41,experts=[0,4,5,6]; c6:bw=40,experts=[0,4,5,6]; c8:bw=30,experts=[0,4,6]","1.1804,3.0874,1.4311,2.5027,1.2471,2.9324,2.0368,2.4661,3.4904,4.2573,3.3991,2.5651,4.1530,4.6541,2.8011,4.2387,1.6872,2.3947,2.2987,2.5679"
4,2026-09-24 12:11:50,Ours,0.00802,3.18553232022111,7.32,7.32,4,59.5228,0:59.52,57.8413,0.3699,1.3092,222.3527,3:42.35,20,"0,18,6,8,17,11,4,9,12,10,5,19,15,7,1,3,16,13,2,14",0:59;18:43;6:53;8:31;17:39;11:49;4:56;9:22;12:63;10:64;5:73;19:47;15:24;7:45;1:40;3:34;16:45;13:49;2:60;14:32,"0:[0,1,4,5,6];18:[0,1,4,6];6:[0,1,4,5,6];8:[0,4,6];17:[0,4,6];11:[0,1,4,6];4:[0,1,4,5,6];9:[4,6];12:[0,1,2,4,5,6];10:[0,1,2,4,5,6];5:[0,1,2,4,5,6,7];19:[0,1,4,6];15:[4,6];7:[0,1,4,6];1:[0,1,4,6];3:[0,4,6];16:[0,1,4,6];13:[0,1,4,6];2:[0,1,2,4,5,6];14:[0,4,6]","c0:bw=59,experts=[0,1,4,5,6]; c18:bw=43,experts=[0,1,4,6]; c6:bw=53,experts=[0,1,4,5,6]; c8:bw=31,experts=[0,4,6]; c17:bw=39,experts=[0,4,6]; c11:bw=49,experts=[0,1,4,6]; c4:bw=56,experts=[0,1,4,5,6]; c9:bw=22,experts=[4,6]; c12:bw=63,experts=[0,1,2,4,5,6]; c10:bw=64,experts=[0,1,2,4,5,6]; c5:bw=73,experts=[0,1,2,4,5,6,7]; c19:bw=47,experts=[0,1,4,6]; c15:bw=24,experts=[4,6]; c7:bw=45,experts=[0,1,4,6]; c1:bw=40,experts=[0,1,4,6]; c3:bw=34,experts=[0,4,6]; c16:bw=45,experts=[0,1,4,6]; c13:bw=49,experts=[0,1,4,6]; c2:bw=60,experts=[0,1,2,4,5,6]; c14:bw=32,experts=[0,4,6]","1.7184,3.4559,2.3240,2.5655,2.5438,2.6344,3.7503,2.4119,2.7742,1.3787,1.4181,4.0835,3.2812,3.5478,4.0958,1.7042,2.3520,4.5861,2.8684,4.3470"
5,2026-09-24 12:12:50,Ours,0.01,3.1336123617826734,8.65,8.65,5,59.3178,0:59.32,57.6693,0.3693,1.2718,281.6852,4:41.69,20,"5,2,10,19,0,12,9,16,1,4,17,8,11,6,18,7,14,15,13,3",5:40;2:10;10:35;19:19;0:50;12:55;9:62;16:32;1:20;4:48;17:64;8:37;11:21;6:53;18:10;7:24;14:53;15:45;13:36;3:63,"5:[0,1,4,6];2:[4];10:[0,4,6];19:[4];0:[0,1,2,4,6];12:[0,1,2,4,6];9:[0,1,2,4,5,6];16:[0,4,6];1:[4,6];4:[0,1,4,6];17:[0,1,2,4,5,6];8:[0,4,6];11:[4,6];6:[0,1,4,5,6];18:[4];7:[4,6];14:[0,1,2,4,6];15:[0,1,4,6];13:[0,4,6];3:[0,1,2,4,5,6]","c5:bw=40,experts=[0,1,4,6]; c2:bw=10,experts=[4]; c10:bw=35,experts=[0,4,6]; c19:bw=19,experts=[4]; c0:bw=50,experts=[0,1,2,4,6]; c12:bw=55,experts=[0,1,2,4,6]; c9:bw=62,experts=[0,1,2,4,5,6]; c16:bw=32,experts=[0,4,6]; c1:bw=20,experts=[4,6]; c4:bw=48,experts=[0,1,4,6]; c17:bw=64,experts=[0,1,2,4,5,6]; c8:bw=37,experts=[0,4,6]; c11:bw=21,experts=[4,6]; c6:bw=53,experts=[0,1,4,5,6]; c18:bw=10,experts=[4]; c7:bw=24,experts=[4,6]; c14:bw=53,experts=[0,1,2,4,6]; c15:bw=45,experts=[0,1,4,6]; c13:bw=36,experts=[0,4,6]; c3:bw=63,experts=[0,1,2,4,5,6]","1.4750,2.9371,1.4196,4.0965,1.6641,2.7335,2.5014,2.3870,4.0434,3.7082,2.5327,2.5312,2.6299,2.2701,3.3626,3.5953,4.3417,3.2952,4.5284,1.6163"
6,2026-09-24 12:13:51,Ours,0.01,3.075564554114397,10.49,10.49,6,61.7231,1:01.72,60.16,0.3589,1.2018,343.4218,5:43.42,20,"3,1,4,5,15,16,9,10,13,2,18,19,11,17,7,8,6,0,12,14",3:36;1:32;4:17;5:27;15:33;16:54;9:48;10:10;13:15;2:42;18:40;19:37;11:31;17:27;7:58;8:67;6:20;0:31;12:62;14:40,"3:[0,4,6];1:[0,4,6];4:[4];5:[4,6];15:[0,4,6];16:[0,1,2,4,6];9:[0,1,4,6];10:[4];13:[4];2:[0,1,4,6];18:[0,1,4,6];19:[0,4,6];11:[0,4,6];17:[4,6];7:[0,1,2,4,6];8:[0,1,2,4,5,6];6:[4,6];0:[0,4,6];12:[0,1,2,4,5,6];14:[0,1,4,6]","c3:bw=36,experts=[0,4,6]; c1:bw=32,experts=[0,4,6]; c4:bw=17,experts=[4]; c5:bw=27,experts=[4,6]; c15:bw=33,experts=[0,4,6]; c16:bw=54,experts=[0,1,2,4,6]; c9:bw=48,experts=[0,1,4,6]; c10:bw=10,experts=[4]; c13:bw=15,experts=[4]; c2:bw=42,experts=[0,1,4,6]; c18:bw=40,experts=[0,1,4,6]; c19:bw=37,experts=[0,4,6]; c11:bw=31,experts=[0,4,6]; c17:bw=27,experts=[4,6]; c7:bw=58,experts=[0,1,2,4,6]; c8:bw=67,experts=[0,1,2,4,5,6]; c6:bw=20,experts=[4,6]; c0:bw=31,experts=[0,4,6]; c12:bw=62,experts=[0,1,2,4,5,6]; c14:bw=40,experts=[0,1,4,6]","1.6765,4.1408,3.6715,1.4416,3.3690,2.4033,2.5488,1.4117,4.6143,2.9660,3.5345,4.0782,2.6802,2.4926,3.6708,3.0801,2.9535,2.2197,2.9299,4.2770"
7,2026-09-24 12:14:51,Ours,0.01,3.009517351681801,12.82,12.82,7,59.6093,0:59.61,57.9254,0.3771,1.3044,403.0439,6:43.04,20,"13,10,12,16,9,5,3,2,4,15,14,17,0,1,11,7,18,19,8,6",13:25;10:17;12:47;16:53;9:10;5:49;3:26;2:40;4:14;15:39;14:13;17:41;0:36;1:10;11:60;7:31;18:20;19:54;8:57;6:13,"13:[4,6];10:[4];12:[0,1,4,6];16:[0,1,2,4,6];9:[4];5:[0,1,4,6];3:[4,6];2:[0,1,4,6];4:[4];15:[0,4,6];14:[4];17:[0,1,4,6];0:[0,4,6];1:[4];11:[0,1,2,4,5,6];7:[0,4,6];18:[4,6];19:[0,1,2,4,6];8:[0,1,2,4,6];6:[4]","c13:bw=25,experts=[4,6]; c10:bw=17,experts=[4]; c12:bw=47,experts=[0,1,4,6]; c16:bw=53,experts=[0,1,2,4,6]; c9:bw=10,experts=[4]; c5:bw=49,experts=[0,1,4,6]; c3:bw=26,experts=[4,6]; c2:bw=40,experts=[0,1,4,6]; c4:bw=14,experts=[4]; c15:bw=39,experts=[0,4,6]; c14:bw=13,experts=[4]; c17:bw=41,experts=[0,1,4,6]; c0:bw=36,experts=[0,4,6]; c1:bw=10,experts=[4]; c11:bw=60,experts=[0,1,2,4,5,6]; c7:bw=31,experts=[0,4,6]; c18:bw=20,experts=[4,6]; c19:bw=54,experts=[0,1,2,4,6]; c8:bw=57,experts=[0,1,2,4,6]; c6:bw=13,experts=[4]","4.1628,1.2019,2.9167,2.3881,2.5047,1.4537,1.6341,2.9749,3.8776,3.3746,4.4255,2.5493,1.6248,4.1506,2.6828,3.5889,3.4050,4.1444,2.5820,2.2831"
8,2026-09-24 12:15:51,Ours,0.01,3.0448550852245027,15.08,15.08,8,60.2401,1:00.24,58.5714,0.3617,1.3045,463.2981,7:43.30,20,"17,18,1,5,3,15,7,11,16,8,10,12,6,9,19,0,2,13,14,4",17:56;18:39;1:58;5:28;3:37;15:66;7:15;11:45;16:45;8:37;10:51;12:51;6:41;9:59;19:31;0:32;2:54;13:35;14:59;4:10,"17:[0,3,4,6,7];18:[3,5,7];1:[3,4,5,6,7];5:[3,4];3:[3,4,7];15:[0,1,3,4,6,7];7:[3];11:[3,4,6,7];16:[3,4,5,7];8:[3,4,7];10:[1,3,4,6,7];12:[0,3,4,6,7];6:[3,4,6,7];9:[1,3,4,6,7];19:[3,5,7];0:[3,4,7];2:[0,3,4,6,7];13:[3,4,7];14:[0,3,4,6,7];4:[3]","c17:bw=56,experts=[0,3,4,6,7]; c18:bw=39,experts=[3,5,7]; c1:bw=58,experts=[3,4,5,6,7]; c5:bw=28,experts=[3,4]; c3:bw=37,experts=[3,4,7]; c15:bw=66,experts=[0,1,3,4,6,7]; c7:bw=15,experts=[3]; c11:bw=45,experts=[3,4,6,7]; c16:bw=45,experts=[3,4,5,7]; c8:bw=37,experts=[3,4,7]; c10:bw=51,experts=[1,3,4,6,7]; c12:bw=51,experts=[0,3,4,6,7]; c6:bw=41,experts=[3,4,6,7]; c9:bw=59,experts=[1,3,4,6,7]; c19:bw=31,experts=[3,5,7]; c0:bw=32,experts=[3,4,7]; c2:bw=54,experts=[0,3,4,6,7]; c13:bw=35,experts=[3,4,7]; c14:bw=59,experts=[0,3,4,6,7]; c4:bw=10,experts=[3]","2.5949,3.5731,4.1557,1.4847,1.6463,3.2825,3.6575,2.7203,2.4463,2.5654,1.3819,2.6552,2.2073,2.5105,4.2003,1.6442,2.9180,4.6367,4.4343,3.8563"
9,2026-09-24 12:16:52,Ours,0.01,2.8912794045452106,16.21,16.21,9,60.5541,1:00.55,58.8708,0.358,1.3172,523.8696,8:43.87,20,"17,11,7,13,0,9,4,8,1,5,2,16,19,15,3,18,10,14,12,6",17:49;11:28;7:46;13:41;0:52;9:26;4:59;8:18;1:14;5:52;2:21;16:41;19:26;15:36;3:23;18:53;10:34;14:37;12:38;6:31,"17:[0,1,4,6];11:[4,6];7:[0,4,6,7];13:[0,2,4,6];0:[0,1,2,4,6];9:[4,6];4:[0,2,4,6,7];8:[4];1:[2];5:[0,1,2,4,6];2:[4,6];16:[0,2,4,6];19:[4,6];15:[0,4,6];3:[4,6];18:[0,1,2,4,6];10:[0,4,6];14:[0,4,6];12:[0,4,6];6:[2,4,6]","c17:bw=49,experts=[0,1,4,6]; c11:bw=28,experts=[4,6]; c7:bw=46,experts=[0,4,6,7]; c13:bw=41,experts=[0,2,4,6]; c0:bw=52,experts=[0,1,2,4,6]; c9:bw=26,experts=[4,6]; c4:bw=59,experts=[0,2,4,6,7]; c8:bw=18,experts=[4]; c1:bw=14,experts=[2]; c5:bw=52,experts=[0,1,2,4,6]; c2:bw=21,experts=[4,6]; c16:bw=41,experts=[0,2,4,6]; c19:bw=26,experts=[4,6]; c15:bw=36,experts=[0,4,6]; c3:bw=23,experts=[4,6]; c18:bw=53,experts=[0,1,2,4,6]; c10:bw=34,experts=[0,4,6]; c14:bw=37,experts=[0,4,6]; c12:bw=38,experts=[0,4,6]; c6:bw=31,experts=[2,4,6]","2.5399,2.7230,3.6282,4.6501,1.6981,2.5618,3.8433,2.6117,4.3315,1.4236,2.9490,2.3593,4.1191,3.3439,1.6813,3.4203,1.4200,4.4718,2.8351,2.2596"
10,2026-09-24 12:17:53,Ours,0.01,2.838182858500273,19.34,19.34,10,60.9736,1:00.97,59.1542,0.3995,1.4174,584.8596,9:44.86,20,"4,9,1,15,7,5,16,2,18,3,12,17,8,14,0,13,6,10,19,11",4:37;9:35;1:41;15:10;7:37;5:58;16:44;2:34;18:28;3:46;12:52;17:35;8:35;14:57;0:59;13:38;6:65;10:54;19:43;11:21,"4:[0,4,6];9:[0,4,6];1:[0,1,4,6];15:[2];7:[4,5,6];5:[0,1,2,4,6];16:[0,1,4,6];2:[0,4,6];18:[4,6];3:[0,1,4,6];12:[0,2,4,5,6];17:[0,4,6];8:[0,4,6];14:[0,1,2,4,6];0:[0,1,4,5,6];13:[0,4,6];6:[0,1,2,4,5,6];10:[0,1,2,4,6];19:[0,1,4,6];11:[4,6]","c4:bw=37,experts=[0,4,6]; c9:bw=35,experts=[0,4,6]; c1:bw=41,experts=[0,1,4,6]; c15:bw=10,experts=[2]; c7:bw=37,experts=[4,5,6]; c5:bw=58,experts=[0,1,2,4,6]; c16:bw=44,experts=[0,1,4,6]; c2:bw=34,experts=[0,4,6]; c18:bw=28,experts=[4,6]; c3:bw=46,experts=[0,1,4,6]; c12:bw=52,experts=[0,2,4,5,6]; c17:bw=35,experts=[0,4,6]; c8:bw=35,experts=[0,4,6]; c14:bw=57,experts=[0,1,2,4,6]; c0:bw=59,experts=[0,1,4,5,6]; c13:bw=38,experts=[0,4,6]; c6:bw=65,experts=[0,1,2,4,5,6]; c10:bw=54,experts=[0,1,2,4,6]; c19:bw=43,experts=[0,1,4,6]; c11:bw=21,experts=[4,6]","3.8133,2.5569,4.1572,3.3929,3.6654,1.4784,2.4334,3.0678,3.4405,1.6424,2.7382,2.5026,2.5422,4.3329,1.6754,4.6329,2.3642,1.5472,4.2660,2.9046"
11,2026-09-24 12:18:53,Ours,0.01,2.7768657292920005,19.42,19.42,11,59.7417,0:59.74,58.1052,0.3645,1.2694,644.6231,10:44.62,20,"2,6,16,4,17,1,13,12,19,3,8,15,5,10,14,7,11,9,18,0",2:27;6:55;16:43;4:16;17:44;1:40;13:40;12:20;19:25;3:50;8:39;15:44;5:28;10:35;14:15;7:44;11:34;9:33;18:47;0:28,"2:[4,6];6:[0,1,2,4,6];16:[0,2,4,6];4:[4];17:[1,2,4,6];1:[0,1,4,6];13:[0,4,5,6];12:[4,6];19:[4,6];3:[0,1,2,4,6];8:[0,4,6];15:[0,4,5,6];5:[4,6];10:[1,4,6];14:[5];7:[0,1,4,6];11:[0,4,6];9:[0,4,6];18:[0,1,4,6];0:[4,6]","c2:bw=27,experts=[4,6]; c6:bw=55,experts=[0,1,2,4,6]; c16:bw=43,experts=[0,2,4,6]; c4:bw=16,experts=[4]; c17:bw=44,experts=[1,2,4,6]; c1:bw=40,experts=[0,1,4,6]; c13:bw=40,experts=[0,4,5,6]; c12:bw=20,experts=[4,6]; c19:bw=25,experts=[4,6]; c3:bw=50,experts=[0,1,2,4,6]; c8:bw=39,experts=[0,4,6]; c15:bw=44,experts=[0,4,5,6]; c5:bw=28,experts=[4,6]; c10:bw=35,experts=[1,4,6]; c14:bw=15,experts=[5]; c7:bw=44,experts=[0,1,4,6]; c11:bw=34,experts=[0,4,6]; c9:bw=33,experts=[0,4,6]; c18:bw=47,experts=[0,1,4,6]; c0:bw=28,experts=[4,6]","3.1859,2.2320,2.4189,3.3767,2.3540,4.3830,4.6744,2.8192,4.1946,1.6479,2.5228,3.3165,1.4350,1.3887,4.4215,3.6053,2.6709,2.4947,3.3297,1.6335"
12,2026-09-24 12:19:52,Ours,0.01,2.6987495356664506,21.36,21.36,12,59.6854,0:59.69,58.0273,0.3518,1.3036,704.3228,11:44.32,20,"14,3,9,18,8,11,17,6,5,12,19,13,10,15,7,0,4,16,2,1",14:29;3:35;9:42;18:45;8:55;11:45;17:39;6:29;5:56;12:73;19:31;13:53;10:62;15:36;7:30;0:49;4:28;16:28;2:57;1:42,"14:[4,6];3:[1,4,6];9:[0,2,4,6];18:[0,1,4,6];8:[0,2,4,5,6];11:[0,1,4,6];17:[1,4,6];6:[4,6];5:[1,4,5,6,7];12:[0,1,2,4,5,6,7];19:[1,4,6];13:[1,2,4,5,6];10:[0,1,2,4,5,6];15:[0,4,6];7:[1,4,6];0:[0,2,4,6];4:[4,5];16:[4,6];2:[1,2,4,5,6];1:[0,2,4,6]","c14:bw=29,experts=[4,6]; c3:bw=35,experts=[1,4,6]; c9:bw=42,experts=[0,2,4,6]; c18:bw=45,experts=[0,1,4,6]; c8:bw=55,experts=[0,2,4,5,6]; c11:bw=45,experts=[0,1,4,6]; c17:bw=39,experts=[1,4,6]; c6:bw=29,experts=[4,6]; c5:bw=56,experts=[1,4,5,6,7]; c12:bw=73,experts=[0,1,2,4,5,6,7]; c19:bw=31,experts=[1,4,6]; c13:bw=53,experts=[1,2,4,5,6]; c10:bw=62,experts=[0,1,2,4,5,6]; c15:bw=36,experts=[0,4,6]; c7:bw=30,experts=[1,4,6]; c0:bw=49,experts=[0,2,4,6]; c4:bw=28,experts=[4,5]; c16:bw=28,experts=[4,6]; c2:bw=57,experts=[1,2,4,5,6]; c1:bw=42,experts=[0,2,4,6]","4.3070,1.6903,2.5774,3.4190,2.5510,2.6208,2.5179,2.3745,1.4831,2.7673,4.0193,4.5547,1.3912,3.3159,3.5819,1.6441,3.6990,2.4619,2.9422,4.1088"
13,2026-09-24 12:20:52,Ours,0.01,2.7044308756487263,22.79,22.79,13,59.6498,0:59.65,58.0056,0.3589,1.2827,763.9896,12:43.99,20,"9,8,6,14,13,2,19,12,1,17,4,15,18,0,16,7,10,3,5,11",9:15;8:15;6:36;14:70;13:32;2:16;19:36;12:42;1:47;17:55;4:10;15:38;18:51;0:25;16:10;7:58;10:42;3:30;5:29;11:52,"9:[5];8:[4];6:[0,4,6];14:[0,1,2,4,5,6,7];13:[0,4,6];2:[4];19:[1,4,6];12:[0,2,4,6];1:[0,2,4,6];17:[0,1,4,5,6];4:[1];15:[0,4,6];18:[0,1,2,4,6];0:[4,6];16:[4];7:[0,1,2,4,6];10:[1,2,4,6];3:[4,5,6];5:[4,6];11:[0,1,2,4,6]","c9:bw=15,experts=[5]; c8:bw=15,experts=[4]; c6:bw=36,experts=[0,4,6]; c14:bw=70,experts=[0,1,2,4,5,6,7]; c13:bw=32,experts=[0,4,6]; c2:bw=16,experts=[4]; c19:bw=36,experts=[1,4,6]; c12:bw=42,experts=[0,2,4,6]; c1:bw=47,experts=[0,2,4,6]; c17:bw=55,experts=[0,1,4,5,6]; c4:bw=10,experts=[1]; c15:bw=38,experts=[0,4,6]; c18:bw=51,experts=[0,1,2,4,6]; c0:bw=25,experts=[4,6]; c16:bw=10,experts=[4]; c7:bw=58,experts=[0,1,2,4,6]; c10:bw=42,experts=[1,2,4,6]; c3:bw=30,experts=[4,5,6]; c5:bw=29,experts=[4,6]; c11:bw=52,experts=[0,1,2,4,6]","2.5462,2.5097,2.2864,4.3350,4.6008,2.9712,4.1801,2.7748,4.0840,2.4857,3.7154,3.2897,3.3528,1.6300,2.3217,3.6731,1.4344,1.6900,1.4832,2.6412"
14,2026-09-24 12:21:53,Ours,0.01,2.59605306041298,25.66,25.66,14,61.0461,1:01.05,59.2479,0.3584,1.4374,825.0512,13:45.05,20,"5,11,4,19,9,1,12,10,7,0,8,13,6,17,16,14,18,3,2,15",5:64;11:36;4:10;19:42;9:32;1:38;12:43;10:31;7:25;0:25;8:21;13:34;6:67;17:10;16:19;14:25;18:63;3:45;2:45;15:12,"5:[0,1,2,4,5,6];11:[0,4,6];4:[4];19:[2,4,5,6];9:[0,4,6];1:[0,4,6];12:[0,4,5,6];10:[2,4,6];7:[4,6];0:[4,6];8:[4,6];13:[0,4,6];6:[0,1,2,4,5,6];17:[4];16:[4];14:[4,6];18:[0,1,2,4,5,6];3:[0,4,5,6];2:[0,2,4,6];15:[4]","c5:bw=64,experts=[0,1,2,4,5,6]; c11:bw=36,experts=[0,4,6]; c4:bw=10,experts=[4]; c19:bw=42,experts=[2,4,5,6]; c9:bw=32,experts=[0,4,6]; c1:bw=38,experts=[0,4,6]; c12:bw=43,experts=[0,4,5,6]; c10:bw=31,experts=[2,4,6]; c7:bw=25,experts=[4,6]; c0:bw=25,experts=[4,6]; c8:bw=21,experts=[4,6]; c13:bw=34,experts=[0,4,6]; c6:bw=67,experts=[0,1,2,4,5,6]; c17:bw=10,experts=[4]; c16:bw=19,experts=[4]; c14:bw=25,experts=[4,6]; c18:bw=63,experts=[0,1,2,4,5,6]; c3:bw=45,experts=[0,4,5,6]; c2:bw=45,experts=[0,2,4,6]; c15:bw=12,experts=[4]","1.4387,2.6388,3.7431,4.1226,2.5177,4.1081,2.8247,1.4095,3.6129,1.6278,2.6046,4.5946,2.3300,2.5656,2.3934,4.4346,3.5504,1.7054,3.3608,3.6644"
15,2026-09-24 12:22:53,Ours,0.01,2.558216154278082,26.5,26.5,15,59.8243,0:59.82,58.1556,0.3564,1.3051,884.8941,14:44.89,20,"14,16,19,13,4,12,5,7,10,1,0,15,3,8,18,11,6,2,9,17",14:50;16:29;19:59;13:60;4:47;12:10;5:18;7:59;10:13;1:14;0:20;15:10;3:10;8:52;18:34;11:55;6:33;2:53;9:19;17:47,"14:[0,2,4,5,6];16:[4,6];19:[0,1,2,4,6];13:[0,1,2,4,5,6];4:[2,4,5,6];12:[4];5:[4];7:[0,2,4,5,6];10:[4];1:[4];0:[4,6];15:[4];3:[4];8:[1,2,4,5,6];18:[1,4,6];11:[0,1,4,5,6];6:[2,4,6];2:[0,1,2,4,6];9:[4];17:[0,2,4,6]","c14:bw=50,experts=[0,2,4,5,6]; c16:bw=29,experts=[4,6]; c19:bw=59,experts=[0,1,2,4,6]; c13:bw=60,experts=[0,1,2,4,5,6]; c4:bw=47,experts=[2,4,5,6]; c12:bw=10,experts=[4]; c5:bw=18,experts=[4]; c7:bw=59,experts=[0,2,4,5,6]; c10:bw=13,experts=[4]; c1:bw=14,experts=[4]; c0:bw=20,experts=[4,6]; c15:bw=10,experts=[4]; c3:bw=10,experts=[4]; c8:bw=52,experts=[1,2,4,5,6]; c18:bw=34,experts=[1,4,6]; c11:bw=55,experts=[0,1,4,5,6]; c6:bw=33,experts=[2,4,6]; c2:bw=53,experts=[0,1,2,4,6]; c9:bw=19,experts=[4]; c17:bw=47,experts=[0,2,4,6]","4.3382,2.1466,3.9524,4.9286,3.9698,2.8659,1.5190,3.7498,1.4004,4.2030,1.6317,3.2383,1.6072,2.4788,3.3497,2.5692,2.2462,2.9242,2.5421,2.4945"
16,2026-09-24 12:23:53,Ours,0.01,2.695803364632034,26.26,26.5,15,59.6415,0:59.64,58.0392,0.3283,1.2715,944.551,15:44.55,20,"6,11,4,1,18,9,14,13,10,0,12,5,7,3,17,16,15,2,19,8",6:40;11:10;4:35;1:29;18:12;9:24;14:29;13:24;10:22;0:57;12:14;5:40;7:22;3:43;17:43;16:54;15:48;2:52;19:62;8:49,"6:[3,4,6,7];11:[3];4:[3,4,6];1:[3,5];18:[3];9:[1,3];14:[3,4];13:[3,7];10:[3,7];0:[0,3,4,6,7];12:[3];5:[3,4,5,6];7:[3,4];3:[3,4,6,7];17:[3,4,6,7];16:[3,4,5,6,7];15:[1,3,4,7];2:[0,3,4,6,7];19:[0,3,4,5,6,7];8:[3,4,6,7]","c6:bw=40,experts=[3,4,6,7]; c11:bw=10,experts=[3]; c4:bw=35,experts=[3,4,6]; c1:bw=29,experts=[3,5]; c18:bw=12,experts=[3]; c9:bw=24,experts=[1,3]; c14:bw=29,experts=[3,4]; c13:bw=24,experts=[3,7]; c10:bw=22,experts=[3,7]; c0:bw=57,experts=[0,3,4,6,7]; c12:bw=14,experts=[3]; c5:bw=40,experts=[3,4,5,6]; c7:bw=22,experts=[3,4]; c3:bw=43,experts=[3,4,6,7]; c17:bw=43,experts=[3,4,6,7]; c16:bw=54,experts=[3,4,5,6,7]; c15:bw=48,experts=[1,3,4,7]; c2:bw=52,experts=[0,3,4,6,7]; c19:bw=62,experts=[0,3,4,5,6,7]; c8:bw=49,experts=[3,4,6,7]","2.2968,2.6886,3.7071,4.1790,3.4171,2.5656,4.3774,4.7666,1.3452,1.6619,2.7935,1.4374,3.5284,1.6506,2.5094,2.3174,3.3051,2.9128,4.0608,2.5184"
17,2026-09-24 12:24:55,Ours,0.01,2.4939814126131474,29.73,29.73,17,62.447,1:02.45,60.6673,0.3755,1.4017,1007.0159,16:47.02,20,"14,7,12,6,11,4,16,9,10,0,3,8,18,5,19,1,13,17,2,15",14:33;7:25;12:74;6:39;11:10;4:58;16:30;9:37;10:44;0:11;3:52;8:10;18:31;5:10;19:40;1:29;13:27;17:11;2:19;15:50,"14:[0,4,6];7:[4,7];12:[0,1,2,4,5,6,7];6:[4,5,6];11:[7];4:[0,4,5,6,7];16:[0,4,6];9:[4,6,7];10:[0,4,5,6];0:[4];3:[0,2,4,5,6];8:[4];18:[4,6,7];5:[4];19:[0,4,5,6];1:[4,7];13:[4,6];17:[4];2:[4];15:[0,2,4,5,6]","c14:bw=33,experts=[0,4,6]; c7:bw=25,experts=[4,7]; c12:bw=74,experts=[0,1,2,4,5,6,7]; c6:bw=39,experts=[4,5,6]; c11:bw=10,experts=[7]; c4:bw=58,experts=[0,4,5,6,7]; c16:bw=30,experts=[0,4,6]; c9:bw=37,experts=[4,6,7]; c10:bw=44,experts=[0,4,5,6]; c0:bw=11,experts=[4]; c3:bw=52,experts=[0,2,4,5,6]; c8:bw=10,experts=[4]; c18:bw=31,experts=[4,6,7]; c5:bw=10,experts=[4]; c19:bw=40,experts=[0,4,5,6]; c1:bw=29,experts=[4,7]; c13:bw=27,experts=[4,6]; c17:bw=11,experts=[4]; c2:bw=19,experts=[4]; c15:bw=50,experts=[0,2,4,5,6]","4.2891,3.6147,2.8328,2.3335,2.6986,3.8481,2.4356,2.6013,1.4481,1.7493,1.7972,2.7658,3.6551,1.4929,4.2640,4.4771,4.9598,2.6750,3.0993,3.6300"
18,2026-09-24 12:25:59,Ours,0.01,2.4389684842646546,31.23,31.23,18,64.1342,1:04.13,62.3181,0.3691,1.4444,1071.1697,17:51.17,20,"7,3,4,18,1,12,8,9,14,17,19,13,6,5,2,10,11,15,0,16",7:55;3:37;4:56;18:60;1:10;12:18;8:10;9:19;14:40;17:50;19:33;13:43;6:31;5:35;2:37;10:27;11:57;15:51;0:49;16:38,"7:[0,2,4,5,6];3:[0,4,6];4:[1,2,4,5,6];18:[0,1,2,4,5,6];1:[4];12:[4];8:[4];9:[4];14:[0,1,4,6];17:[0,2,4,5,6];19:[0,4,6];13:[0,4,5,6];6:[0,4,6];5:[0,4,6];2:[0,4,6];10:[4,6];11:[0,1,4,5,6];15:[0,2,4,5,6];0:[1,4,5,6];16:[1,4,6]","c7:bw=55,experts=[0,2,4,5,6]; c3:bw=37,experts=[0,4,6]; c4:bw=56,experts=[1,2,4,5,6]; c18:bw=60,experts=[0,1,2,4,5,6]; c1:bw=10,experts=[4]; c12:bw=18,experts=[4]; c8:bw=10,experts=[4]; c9:bw=19,experts=[4]; c14:bw=40,experts=[0,1,4,6]; c17:bw=50,experts=[0,2,4,5,6]; c19:bw=33,experts=[0,4,6]; c13:bw=43,experts=[0,4,5,6]; c6:bw=31,experts=[0,4,6]; c5:bw=35,experts=[0,4,6]; c2:bw=37,experts=[0,4,6]; c10:bw=27,experts=[4,6]; c11:bw=57,experts=[0,1,4,5,6]; c15:bw=51,experts=[0,2,4,5,6]; c0:bw=49,experts=[1,4,5,6]; c16:bw=38,experts=[1,4,6]","3.9064,1.7938,4.0148,3.6874,4.5671,3.1890,2.8044,2.6539,4.2612,2.3401,4.0166,4.8027,2.4467,1.4811,3.4030,1.6983,3.1414,3.9262,1.6748,2.5092"
19,2026-09-24 12:27:04,Ours,0.01,2.419174485153,30.82,31.23,18,64.9386,1:04.94,63.0895,0.3874,1.4593,1136.1293,18:56.13,20,"8,7,1,6,9,10,11,19,13,5,17,12,18,16,3,2,15,4,0,14",8:56;7:22;1:46;6:66;9:38;10:35;11:20;19:37;13:10;5:29;17:67;12:54;18:31;16:13;3:40;2:14;15:39;4:51;0:42;14:30,"8:[0,2,4,5,6];7:[4,6];1:[1,4,5,6];6:[0,1,2,4,5,6];9:[4,5,6];10:[4,5,6];11:[4,6];19:[2,4,6];13:[4];5:[4,6];17:[0,1,2,4,5,6];12:[0,2,4,5,6];18:[4,5,6];16:[2];3:[0,4,5,6];2:[4];15:[0,4,6];4:[0,2,4,5,6];0:[0,4,5,6];14:[0,4,6]","c8:bw=56,experts=[0,2,4,5,6]; c7:bw=22,experts=[4,6]; c1:bw=46,experts=[1,4,5,6]; c6:bw=66,experts=[0,1,2,4,5,6]; c9:bw=38,experts=[4,5,6]; c10:bw=35,experts=[4,5,6]; c11:bw=20,experts=[4,6]; c19:bw=37,experts=[2,4,6]; c13:bw=10,experts=[4]; c5:bw=29,experts=[4,6]; c17:bw=67,experts=[0,1,2,4,5,6]; c12:bw=54,experts=[0,2,4,5,6]; c18:bw=31,experts=[4,5,6]; c16:bw=13,experts=[2]; c3:bw=40,experts=[0,4,5,6]; c2:bw=14,experts=[4]; c15:bw=39,experts=[0,4,6]; c4:bw=51,experts=[0,2,4,5,6]; c0:bw=42,experts=[0,4,5,6]; c14:bw=30,experts=[0,4,6]","2.9174,4.0633,4.4225,2.5884,2.8470,1.6585,2.9561,3.9509,4.2450,1.6549,2.8797,3.1524,3.7979,2.4959,1.8628,3.2310,3.7215,3.9313,1.8753,4.8376"
20,2026-09-24 12:28:07,Ours,0.01,2.4510660958545394,33.31,33.31,20,62.6101,1:02.61,60.8067,0.3643,1.4366,1198.7565,19:58.76,20,"17,4,3,10,6,13,14,11,7,16,12,5,9,8,1,15,19,18,0,2",17:48;4:59;3:18;10:16;6:68;13:40;14:30;11:10;7:43;16:40;12:44;5:10;9:17;8:50;1:40;15:19;19:48;18:21;0:28;2:41,"17:[0,4,5,6];4:[0,2,4,5,6];3:[1];10:[4];6:[0,1,2,4,5,6];13:[0,1,4,6];14:[0,4,6];11:[4];7:[0,1,4,6];16:[0,4,5,6];12:[0,4,5,6];5:[7];9:[2];8:[0,2,4,5,6];1:[0,4,5,6];15:[4];19:[0,2,4,6];18:[4,6];0:[2,4];2:[0,4,5,6]","c17:bw=48,experts=[0,4,5,6]; c4:bw=59,experts=[0,2,4,5,6]; c3:bw=18,experts=[1]; c10:bw=16,experts=[4]; c6:bw=68,experts=[0,1,2,4,5,6]; c13:bw=40,experts=[0,1,4,6]; c14:bw=30,experts=[0,4,6]; c11:bw=10,experts=[4]; c7:bw=43,experts=[0,1,4,6]; c16:bw=40,experts=[0,4,5,6]; c12:bw=44,experts=[0,4,5,6]; c5:bw=10,experts=[7]; c9:bw=17,experts=[2]; c8:bw=50,experts=[0,2,4,5,6]; c1:bw=40,experts=[0,4,5,6]; c15:bw=19,experts=[4]; c19:bw=48,experts=[0,2,4,6]; c18:bw=21,experts=[4,6]; c0:bw=28,experts=[2,4]; c2:bw=41,experts=[0,4,5,6]","2.6550,3.3893,1.4773,1.3512,2.5926,5.1796,4.6133,2.8365,4.0360,2.6200,3.1059,1.4240,2.7675,2.9029,4.7110,3.4097,3.8525,3.2875,1.5725,3.0223"
21,2026-09-24 12:29:10,Ours,0.01,2.327027876657869,34.93,34.93,21,62.8664,1:02.87,61.3642,0.3212,1.1786,1261.6465,21:01.65,20,"13,14,15,17,3,4,18,19,2,11,12,9,6,5,10,8,0,7,16,1",13:23;14:31;15:19;17:35;3:10;4:48;18:60;19:58;2:39;11:23;12:38;9:25;6:16;5:32;10:40;8:18;0:66;7:12;16:33;1:41,"13:[4,6];14:[4,6,7];15:[4];17:[1,4,6];3:[4];4:[0,4,5,6];18:[0,1,2,4,5,6];19:[0,1,2,4,6];2:[0,4,6];11:[2,4];12:[0,4,6];9:[4,6];6:[4];5:[0,4,6];10:[0,1,4,6];8:[4];0:[0,1,2,4,5,6];7:[4];16:[0,4,6];1:[0,2,4,6]","c13:bw=23,experts=[4,6]; c14:bw=31,experts=[4,6,7]; c15:bw=19,experts=[4]; c17:bw=35,experts=[1,4,6]; c3:bw=10,experts=[4]; c4:bw=48,experts=[0,4,5,6]; c18:bw=60,experts=[0,1,2,4,5,6]; c19:bw=58,experts=[0,1,2,4,6]; c2:bw=39,experts=[0,4,6]; c11:bw=23,experts=[2,4]; c12:bw=38,experts=[0,4,6]; c9:bw=25,experts=[4,6]; c6:bw=16,experts=[4]; c5:bw=32,experts=[0,4,6]; c10:bw=40,experts=[0,1,4,6]; c8:bw=18,experts=[4]; c0:bw=66,experts=[0,1,2,4,5,6]; c7:bw=12,experts=[4]; c16:bw=33,experts=[0,4,6]; c1:bw=41,experts=[0,2,4,6]","4.9441,4.4333,3.8720,2.8492,1.8486,3.9282,3.9099,4.8742,3.2611,2.8390,3.1382,2.8683,2.5357,1.5533,1.3579,2.3841,1.5154,3.2383,2.1118,3.9017"
22,2026-09-24 12:30:05,Ours,0.01,2.342484214536569,35.25,35.25,22,55.0694,0:55.07,53.5317,0.3232,1.2123,1316.7332,21:56.73,20,"4,19,8,17,18,5,10,16,9,1,6,2,11,14,13,15,7,0,12,3",4:36;19:45;8:33;17:62;18:15;5:17;10:10;16:34;9:33;1:10;6:61;2:66;11:43;14:48;13:34;15:66;7:16;0:67;12:64;3:56,"4:[4,5,6];19:[0,4,5,6];8:[0,4,6];17:[0,1,2,4,5,6];18:[4];5:[1];10:[2];16:[0,4,6];9:[0,4,6];1:[4];6:[0,1,2,4,5,6];2:[0,1,2,4,5,6];11:[0,4,5,6];14:[0,4,5,6];13:[4,5,6];15:[0,1,2,4,5,6];7:[4];0:[0,1,2,4,5,6];12:[0,1,2,4,5,6];3:[0,1,4,5,6]","c4:bw=36,experts=[4,5,6]; c19:bw=45,experts=[0,4,5,6]; c8:bw=33,experts=[0,4,6]; c17:bw=62,experts=[0,1,2,4,5,6]; c18:bw=15,experts=[4]; c5:bw=17,experts=[1]; c10:bw=10,experts=[2]; c16:bw=34,experts=[0,4,6]; c9:bw=33,experts=[0,4,6]; c1:bw=10,experts=[4]; c6:bw=61,experts=[0,1,2,4,5,6]; c2:bw=66,experts=[0,1,2,4,5,6]; c11:bw=43,experts=[0,4,5,6]; c14:bw=48,experts=[0,4,5,6]; c13:bw=34,experts=[4,5,6]; c15:bw=66,experts=[0,1,2,4,5,6]; c7:bw=16,experts=[4]; c0:bw=67,experts=[0,1,2,4,5,6]; c12:bw=64,experts=[0,1,2,4,5,6]; c3:bw=56,experts=[0,1,4,5,6]","3.4596,3.9104,2.5458,2.2972,3.0945,1.2837,1.2436,2.1278,2.2973,3.7732,2.1652,2.6609,2.4700,4.0263,4.2309,3.0412,3.3003,1.5412,2.5618,1.5007"
23,2026-09-24 12:31:00,Ours,0.01,2.2665859528193586,37.11,37.11,23,55.3368,0:55.34,53.8618,0.3125,1.1603,1372.0861,22:52.09,20,"2,13,1,19,8,15,3,6,18,12,7,0,4,11,10,17,14,5,9,16",2:32;13:54;1:62;19:21;8:35;15:29;3:15;6:10;18:26;12:26;7:15;0:11;4:56;11:52;10:67;17:70;14:52;5:52;9:50;16:56,"2:[0,4,6];13:[0,2,4,5,6];1:[0,1,2,4,5,6];19:[4,6];8:[1,4,6];15:[4,6];3:[4];6:[4];18:[4,6];12:[4,6];7:[4];0:[4];4:[0,1,4,5,6];11:[0,1,4,5,6];10:[0,1,2,4,5,6];17:[0,1,2,4,5,6,7];14:[0,1,2,4,6];5:[0,2,4,5,6];9:[0,1,4,5,6];16:[0,1,4,5,6]","c2:bw=32,experts=[0,4,6]; c13:bw=54,experts=[0,2,4,5,6]; c1:bw=62,experts=[0,1,2,4,5,6]; c19:bw=21,experts=[4,6]; c8:bw=35,experts=[1,4,6]; c15:bw=29,experts=[4,6]; c3:bw=15,experts=[4]; c6:bw=10,experts=[4]; c18:bw=26,experts=[4,6]; c12:bw=26,experts=[4,6]; c7:bw=15,experts=[4]; c0:bw=11,experts=[4]; c4:bw=56,experts=[0,1,4,5,6]; c11:bw=52,experts=[0,1,4,5,6]; c10:bw=67,experts=[0,1,2,4,5,6]; c17:bw=70,experts=[0,1,2,4,5,6,7]; c14:bw=52,experts=[0,1,2,4,6]; c5:bw=52,experts=[0,2,4,5,6]; c9:bw=50,experts=[0,1,4,5,6]; c16:bw=56,experts=[0,1,4,5,6]","2.6432,4.2676,3.8651,3.8118,2.3489,3.0635,1.5223,2.1221,3.1609,2.6054,3.3187,1.5119,3.5083,2.4984,1.2855,2.3969,4.0361,1.3454,2.3486,2.2011"
24,2026-09-24 12:31:56,Ours,0.01,2.375435424665866,36.61,37.11,23,55.4133,0:55.41,53.9052,0.3136,1.1923,1427.5173,23:47.52,20,"3,14,13,5,8,10,4,17,6,16,18,0,19,9,11,1,12,15,7,2",3:10;14:42;13:50;5:25;8:18;10:39;4:12;17:56;6:30;16:41;18:72;0:31;19:55;9:50;11:10;1:10;12:37;15:44;7:10;2:43,"3:[3];14:[0,3,4,6];13:[3,4,5,6,7];5:[3,4];8:[3];10:[3,4,7];4:[3];17:[0,3,4,5,6];6:[3,4,7];16:[3,4,6,7];18:[0,1,2,3,4,5,6];0:[3,4,7];19:[3,4,5,6,7];9:[0,1,3,4,6];11:[3];1:[3];12:[3,4,6];15:[3,4,6,7];7:[3];2:[3,4,6,7]","c3:bw=10,experts=[3]; c14:bw=42,experts=[0,3,4,6]; c13:bw=50,experts=[3,4,5,6,7]; c5:bw=25,experts=[3,4]; c8:bw=18,experts=[3]; c10:bw=39,experts=[3,4,7]; c4:bw=12,experts=[3]; c17:bw=56,experts=[0,3,4,5,6]; c6:bw=30,experts=[3,4,7]; c16:bw=41,experts=[3,4,6,7]; c18:bw=72,experts=[0,1,2,3,4,5,6]; c0:bw=31,experts=[3,4,7]; c19:bw=55,experts=[3,4,5,6,7]; c9:bw=50,experts=[0,1,3,4,6]; c11:bw=10,experts=[3]; c1:bw=10,experts=[3]; c12:bw=37,experts=[3,4,6]; c15:bw=44,experts=[3,4,6,7]; c7:bw=10,experts=[3]; c2:bw=43,experts=[3,4,6,7]","1.5332,3.9979,4.2952,1.3675,2.3505,1.2650,3.4960,2.3490,2.0979,2.1517,3.2322,1.5254,3.8029,2.3806,2.4350,3.9269,2.5767,3.0831,3.3707,2.6677"
25,2026-09-24 12:32:51,Ours,0.01,2.2430208070651836,38.6,38.6,25,55.7846,0:55.78,54.2728,0.3143,1.1905,1483.3188,24:43.32,20,"18,15,3,2,12,6,9,10,16,4,7,19,5,13,1,14,17,0,11,8",18:59;15:29;3:14;2:12;12:36;6:16;9:40;10:25;16:52;4:58;7:40;19:57;5:64;13:56;1:49;14:26;17:52;0:56;11:60;8:55,"18:[0,4,5,6,7];15:[4,6];3:[7];2:[4];12:[4,6,7];6:[4];9:[4,5,6,7];10:[4,6];16:[0,1,4,5,6];4:[0,4,5,6,7];7:[1,4,6,7];19:[0,1,4,5,6];5:[0,1,2,4,5,6];13:[0,1,4,5,6];1:[0,4,6,7];14:[4,6];17:[0,1,4,5,6];0:[0,1,4,5,6];11:[0,1,4,5,6,7];8:[0,4,5,6,7]","c18:bw=59,experts=[0,4,5,6,7]; c15:bw=29,experts=[4,6]; c3:bw=14,experts=[7]; c2:bw=12,experts=[4]; c12:bw=36,experts=[4,6,7]; c6:bw=16,experts=[4]; c9:bw=40,experts=[4,5,6,7]; c10:bw=25,experts=[4,6]; c16:bw=52,experts=[0,1,4,5,6]; c4:bw=58,experts=[0,4,5,6,7]; c7:bw=40,experts=[1,4,6,7]; c19:bw=57,experts=[0,1,4,5,6]; c5:bw=64,experts=[0,1,2,4,5,6]; c13:bw=56,experts=[0,1,4,5,6]; c1:bw=49,experts=[0,4,6,7]; c14:bw=26,experts=[4,6]; c17:bw=52,experts=[0,1,4,5,6]; c0:bw=56,experts=[0,1,4,5,6]; c11:bw=60,experts=[0,1,4,5,6,7]; c8:bw=55,experts=[0,4,5,6,7]","3.2135,3.1318,1.5165,2.6981,2.5955,2.1276,2.3850,1.2998,2.1732,3.5933,3.3395,3.8478,1.3366,4.2962,3.9016,4.0372,2.3213,1.5669,2.4963,2.3950"
26,2026-09-24 12:33:47,Ours,0.01,2.1937297352042684,39.61,39.61,26,55.758,0:55.76,54.2708,0.3182,1.1622,1539.0955,25:39.10,20,"5,7,1,2,8,16,12,6,19,10,9,14,3,0,17,11,13,4,18,15",5:20;7:31;1:33;2:30;8:53;16:10;12:41;6:34;19:15;10:38;9:50;14:49;3:44;0:11;17:32;11:57;13:16;4:48;18:10;15:42,"5:[4,6];7:[2,4,5];1:[0,4,6];2:[0,4,6];8:[0,2,4,5,6];16:[4];12:[0,4,5,6];6:[0,4,6];19:[4];10:[4,5,6];9:[0,1,4,5,6];14:[0,4,5,6];3:[2,4,5,6];0:[4];17:[4,5,6];11:[0,1,4,5,6];13:[4];4:[0,4,5,6];18:[4];15:[0,4,5,6]","c5:bw=20,experts=[4,6]; c7:bw=31,experts=[2,4,5]; c1:bw=33,experts=[0,4,6]; c2:bw=30,experts=[0,4,6]; c8:bw=53,experts=[0,2,4,5,6]; c16:bw=10,experts=[4]; c12:bw=41,experts=[0,4,5,6]; c6:bw=34,experts=[0,4,6]; c19:bw=15,experts=[4]; c10:bw=38,experts=[4,5,6]; c9:bw=50,experts=[0,1,4,5,6]; c14:bw=49,experts=[0,4,5,6]; c3:bw=44,experts=[2,4,5,6]; c0:bw=11,experts=[4]; c17:bw=32,experts=[4,5,6]; c11:bw=57,experts=[0,1,4,5,6]; c13:bw=16,experts=[4]; c4:bw=48,experts=[0,4,5,6]; c18:bw=10,experts=[4]; c15:bw=42,experts=[0,4,5,6]","1.3540,3.3633,3.8507,2.7039,2.4140,2.1788,2.5723,2.1388,3.8546,1.2827,2.3658,4.0555,1.5963,1.5255,2.3355,2.5220,4.2908,3.5003,3.1934,3.1728"
27,2026-09-24 12:34:42,Ours,0.01,2.1616514023971654,40.21,40.21,27,55.0853,0:55.09,53.5951,0.3129,1.1751,1594.1984,26:34.20,20,"10,5,14,13,12,17,6,8,11,18,19,7,0,15,2,16,9,1,3,4",10:62;5:37;14:26;13:57;12:22;17:36;6:63;8:55;11:66;18:18;19:18;7:51;0:36;15:46;2:20;16:20;9:18;1:62;3:21;4:12,"10:[0,1,2,4,5,6];5:[0,4,6];14:[4,6];13:[0,1,4,5,6];12:[4,6];17:[4,5,6];6:[0,1,2,4,5,6];8:[0,1,4,5,6];11:[0,1,2,4,5,6];18:[4];19:[4];7:[0,1,4,5,6];0:[0,4,6];15:[0,4,5,6];2:[4,6];16:[2,4];9:[4];1:[0,1,2,4,5,6];3:[4,6];4:[4]","c10:bw=62,experts=[0,1,2,4,5,6]; c5:bw=37,experts=[0,4,6]; c14:bw=26,experts=[4,6]; c13:bw=57,experts=[0,1,4,5,6]; c12:bw=22,experts=[4,6]; c17:bw=36,experts=[4,5,6]; c6:bw=63,experts=[0,1,2,4,5,6]; c8:bw=55,experts=[0,1,4,5,6]; c11:bw=66,experts=[0,1,2,4,5,6]; c18:bw=18,experts=[4]; c19:bw=18,experts=[4]; c7:bw=51,experts=[0,1,4,5,6]; c0:bw=36,experts=[0,4,6]; c15:bw=46,experts=[0,4,5,6]; c2:bw=20,experts=[4,6]; c16:bw=20,experts=[2,4]; c9:bw=18,experts=[4]; c1:bw=62,experts=[0,1,2,4,5,6]; c3:bw=21,experts=[4,6]; c4:bw=12,experts=[4]","1.3153,1.4095,4.0691,4.4345,2.5745,2.3585,2.1359,2.3662,2.4120,3.1287,3.7096,3.2896,1.5054,3.0485,2.6310,2.1448,2.2914,3.8386,1.5062,3.4259"
28,2026-09-24 12:35:37,Ours,0.01,2.150025646027431,41.37,41.37,28,54.4393,0:54.44,52.9692,0.299,1.1688,1648.6563,27:28.66,20,"5,6,19,8,3,14,1,7,9,15,13,4,10,18,12,16,0,2,17,11",5:33;6:29;19:33;8:29;3:12;14:15;1:25;7:10;9:49;15:32;13:31;4:10;10:40;18:34;12:42;16:35;0:47;2:10;17:48;11:66,"5:[4,6,7];6:[4,6];19:[0,4,6];8:[4,6];3:[4];14:[4];1:[4,6];7:[4];9:[0,2,4,6];15:[4,5,6];13:[0,4,6];4:[2];10:[0,4,5,6];18:[0,4,6];12:[0,4,5,6];16:[4,5,6];0:[0,4,5,6];2:[4];17:[0,1,4,6];11:[0,1,2,4,5,6]","c5:bw=33,experts=[4,6,7]; c6:bw=29,experts=[4,6]; c19:bw=33,experts=[0,4,6]; c8:bw=29,experts=[4,6]; c3:bw=12,experts=[4]; c14:bw=15,experts=[4]; c1:bw=25,experts=[4,6]; c7:bw=10,experts=[4]; c9:bw=49,experts=[0,2,4,6]; c15:bw=32,experts=[4,5,6]; c13:bw=31,experts=[0,4,6]; c4:bw=10,experts=[2]; c10:bw=40,experts=[0,4,5,6]; c18:bw=34,experts=[0,4,6]; c12:bw=42,experts=[0,4,5,6]; c16:bw=35,experts=[4,5,6]; c0:bw=47,experts=[0,4,5,6]; c2:bw=10,experts=[4]; c17:bw=48,experts=[0,1,4,6]; c11:bw=66,experts=[0,1,2,4,5,6]","1.3443,2.0924,3.7752,2.3322,1.4963,3.9143,3.7782,3.2438,2.3172,3.0720,4.2051,3.4084,1.2814,3.1680,2.5407,2.1454,1.5075,2.6261,2.2858,2.4348"
29,2026-09-24 12:36:31,Ours,0.01,2.110214064377415,42.37,42.37,29,54.5965,0:54.60,53.1435,0.3074,1.1434,1703.27,28:23.27,20,"12,5,4,15,8,3,14,16,18,10,11,19,7,9,0,6,2,17,1,13",12:10;5:33;4:38;15:70;8:34;3:32;14:35;16:48;18:24;10:10;11:59;19:39;7:21;9:44;0:44;6:43;2:18;17:59;1:33;13:13,"12:[4];5:[4,5,6];4:[0,4,6];15:[0,1,2,4,5,6,7];8:[0,4,6];3:[0,4,6];14:[4,6,7];16:[0,4,5,6];18:[4,6];10:[4];11:[0,1,4,5,6];19:[2,4,6];7:[4,6];9:[0,4,5,6];0:[0,4,5,6];6:[0,4,5,6];2:[4];17:[0,1,4,5,6];1:[0,4,6];13:[4]","c12:bw=10,experts=[4]; c5:bw=33,experts=[4,5,6]; c4:bw=38,experts=[0,4,6]; c15:bw=70,experts=[0,1,2,4,5,6,7]; c8:bw=34,experts=[0,4,6]; c3:bw=32,experts=[0,4,6]; c14:bw=35,experts=[4,6,7]; c16:bw=48,experts=[0,4,5,6]; c18:bw=24,experts=[4,6]; c10:bw=10,experts=[4]; c11:bw=59,experts=[0,1,4,5,6]; c19:bw=39,experts=[2,4,6]; c7:bw=21,experts=[4,6]; c9:bw=44,experts=[0,4,5,6]; c0:bw=44,experts=[0,4,5,6]; c6:bw=43,experts=[0,4,5,6]; c2:bw=18,experts=[4]; c17:bw=59,experts=[0,1,4,5,6]; c1:bw=33,experts=[0,4,6]; c13:bw=13,experts=[4]","2.5467,1.3460,3.4400,3.0518,2.3419,1.5186,3.9767,2.1565,3.1620,1.2632,2.4322,3.7829,3.2658,2.3133,1.5213,2.0808,2.6465,2.3049,3.8108,4.1813"
30,2026-09-24 12:37:26,Ours,0.01,2.171023556667614,42.94,42.94,30,54.6274,0:54.63,53.1718,0.3058,1.1476,1757.9173,29:17.92,20,"14,19,13,16,15,5,6,11,1,17,12,0,2,7,8,4,9,18,3,10",14:49;19:24;13:27;16:31;15:22;5:62;6:11;11:46;1:35;17:19;12:24;0:17;2:27;7:12;8:41;4:51;9:54;18:57;3:59;10:71,"14:[0,4,5,6];19:[4,6];13:[4,6];16:[0,4,6];15:[4,6];5:[0,1,2,4,5,6];6:[4];11:[0,1,4,6];1:[0,4,6];17:[4];12:[1,2];0:[2];2:[1,2];7:[4];8:[0,1,4,6];4:[0,1,4,5,6];9:[0,1,4,5,6];18:[0,1,4,5,6];3:[0,1,4,5,6];10:[0,1,2,4,5,6,7]","c14:bw=49,experts=[0,4,5,6]; c19:bw=24,experts=[4,6]; c13:bw=27,experts=[4,6]; c16:bw=31,experts=[0,4,6]; c15:bw=22,experts=[4,6]; c5:bw=62,experts=[0,1,2,4,5,6]; c6:bw=11,experts=[4]; c11:bw=46,experts=[0,1,4,6]; c1:bw=35,experts=[0,4,6]; c17:bw=19,experts=[4]; c12:bw=24,experts=[1,2]; c0:bw=17,experts=[2]; c2:bw=27,experts=[1,2]; c7:bw=12,experts=[4]; c8:bw=41,experts=[0,1,4,6]; c4:bw=51,experts=[0,1,4,5,6]; c9:bw=54,experts=[0,1,4,5,6]; c18:bw=57,experts=[0,1,4,5,6]; c3:bw=59,experts=[0,1,4,5,6]; c10:bw=71,experts=[0,1,2,4,5,6,7]","4.0311,3.7908,4.2489,2.1458,3.0246,1.3238,2.0764,2.4167,3.7895,2.2795,2.5754,1.5101,2.6616,3.2528,2.3349,3.4344,2.3229,3.1543,1.5151,1.2833"
31,2026-09-24 12:38:21,Ours,0.01,2.0994996351094395,43.67,43.67,31,54.8211,0:54.82,53.3575,0.2997,1.1617,1812.7562,30:12.76,20,"1,6,11,9,19,4,7,14,15,18,10,5,17,3,13,0,16,8,2,12",1:30;6:29;11:29;9:45;19:40;4:19;7:63;14:61;15:55;18:58;10:33;5:62;17:35;3:24;13:32;0:47;16:36;8:33;2:15;12:35,"1:[4,5,6];6:[4,6];11:[4,6];9:[0,4,5,6];19:[0,4,5,6];4:[4];7:[0,1,2,4,5,6];14:[0,1,2,4,5,6];15:[0,1,4,5,6];18:[0,1,4,5,6];10:[0,4,6];5:[0,1,2,4,5,6];17:[2,4,7];3:[4,6];13:[2,4,6];0:[0,4,5,6];16:[4,5,6];8:[0,4,6];2:[5];12:[4,5,6]","c1:bw=30,experts=[4,5,6]; c6:bw=29,experts=[4,6]; c11:bw=29,experts=[4,6]; c9:bw=45,experts=[0,4,5,6]; c19:bw=40,experts=[0,4,5,6]; c4:bw=19,experts=[4]; c7:bw=63,experts=[0,1,2,4,5,6]; c14:bw=61,experts=[0,1,2,4,5,6]; c15:bw=55,experts=[0,1,4,5,6]; c18:bw=58,experts=[0,1,4,5,6]; c10:bw=33,experts=[0,4,6]; c5:bw=62,experts=[0,1,2,4,5,6]; c17:bw=35,experts=[2,4,7]; c3:bw=24,experts=[4,6]; c13:bw=32,experts=[2,4,6]; c0:bw=47,experts=[0,4,5,6]; c16:bw=36,experts=[4,5,6]; c8:bw=33,experts=[0,4,6]; c2:bw=15,experts=[5]; c12:bw=35,experts=[4,5,6]","3.8174,2.1006,2.4341,2.3298,3.7858,3.4289,3.3263,3.9911,3.0642,3.2584,1.2726,1.3437,2.3111,1.5065,4.1867,1.5201,2.1553,2.3320,2.6551,2.5377"
32,2026-09-24 12:39:15,Ours,0.01,2.0905743744002234,44.73,44.73,32,54.6332,0:54.63,53.1689,0.3086,1.1536,1867.4086,31:07.41,20,"12,19,1,5,7,0,6,9,10,17,3,8,11,2,16,4,15,14,18,13",12:49;19:27;1:21;5:36;7:47;0:46;6:27;9:31;10:22;17:28;3:28;8:21;11:27;2:54;16:48;4:49;15:36;14:32;18:35;13:63,"12:[0,3,4,6];19:[3,7];1:[3,4];5:[3,4,6];7:[3,4,5,6];0:[3,4,6,7];6:[3,7];9:[3,4,6];10:[3,4];17:[3,4];3:[3,4];8:[3,4];11:[3,4];2:[3,4,5,6,7];16:[3,4,6,7];4:[3,4,5,6];15:[3,4,6];14:[3,4,6];18:[2,3,4];13:[0,3,4,5,6,7]","c12:bw=49,experts=[0,3,4,6]; c19:bw=27,experts=[3,7]; c1:bw=21,experts=[3,4]; c5:bw=36,experts=[3,4,6]; c7:bw=47,experts=[3,4,5,6]; c0:bw=46,experts=[3,4,6,7]; c6:bw=27,experts=[3,7]; c9:bw=31,experts=[3,4,6]; c10:bw=22,experts=[3,4]; c17:bw=28,experts=[3,4]; c3:bw=28,experts=[3,4]; c8:bw=21,experts=[3,4]; c11:bw=27,experts=[3,4]; c2:bw=54,experts=[3,4,5,6,7]; c16:bw=48,experts=[3,4,6,7]; c4:bw=49,experts=[3,4,5,6]; c15:bw=36,experts=[3,4,6]; c14:bw=32,experts=[3,4,6]; c18:bw=35,experts=[2,3,4]; c13:bw=63,experts=[0,3,4,5,6,7]","2.5577,3.7858,3.7899,1.3244,3.2722,1.5033,2.0530,2.3228,1.2634,2.2969,1.5074,2.3400,2.4096,2.6708,2.1740,3.4460,3.0528,3.9804,3.1723,4.2462"
33,2026-09-24 12:40:10,Ours,0.01,2.0433360610038473,44.73,44.73,32,54.7966,0:54.80,53.3306,0.3089,1.1549,1922.2242,32:02.22,20,"16,14,11,3,7,15,5,17,0,9,8,1,18,10,12,19,2,4,13,6",16:44;14:37;11:53;3:70;7:52;15:24;5:29;17:59;0:62;9:42;8:50;1:34;18:55;10:46;12:46;19:25;2:24;4:45;13:30;6:37,"16:[0,1,4,6];14:[1,4,6];11:[0,4,5,6,7];3:[0,1,2,4,5,6,7];7:[0,4,5,6,7];15:[4,6];5:[4,6];17:[0,1,4,5,6];0:[0,1,2,4,5,6];9:[4,5,6,7];8:[0,4,5,6,7];1:[4,6,7];18:[0,4,5,6,7];10:[1,4,5,6];12:[0,4,6,7];19:[1,4];2:[4,6];4:[4,5,6,7];13:[4,5,6];6:[0,4,6]","c16:bw=44,experts=[0,1,4,6]; c14:bw=37,experts=[1,4,6]; c11:bw=53,experts=[0,4,5,6,7]; c3:bw=70,experts=[0,1,2,4,5,6,7]; c7:bw=52,experts=[0,4,5,6,7]; c15:bw=24,experts=[4,6]; c5:bw=29,experts=[4,6]; c17:bw=59,experts=[0,1,4,5,6]; c0:bw=62,experts=[0,1,2,4,5,6]; c9:bw=42,experts=[4,5,6,7]; c8:bw=50,experts=[0,4,5,6,7]; c1:bw=34,experts=[4,6,7]; c18:bw=55,experts=[0,4,5,6,7]; c10:bw=46,experts=[1,4,5,6]; c12:bw=46,experts=[0,4,6,7]; c19:bw=25,experts=[1,4]; c2:bw=24,experts=[4,6]; c4:bw=45,experts=[4,5,6,7]; c13:bw=30,experts=[4,5,6]; c6:bw=37,experts=[0,4,6]","2.1932,4.0137,2.4544,1.5381,3.2890,3.0505,1.3337,2.3260,1.5118,2.3204,2.3593,3.7989,3.1754,1.2768,2.5349,3.7581,2.6718,3.4323,4.1922,2.0999"
34,2026-09-24 12:41:05,Ours,0.01,2.020619741671987,45.88,45.88,34,54.9866,0:54.99,53.4918,0.3015,1.1849,1977.2311,32:57.23,20,"10,14,18,9,16,8,13,6,11,3,15,0,12,7,2,5,19,4,1,17",10:26;14:66;18:29;9:68;16:54;8:42;13:57;6:48;11:52;3:72;15:10;0:22;12:24;7:32;2:54;5:60;19:50;4:46;1:46;17:16,"10:[4,6];14:[0,1,2,4,5,6];18:[4,6];9:[0,1,2,4,5,6];16:[0,1,4,5,6];8:[2,4,5,6];13:[0,1,4,5,6];6:[0,4,5,6];11:[0,1,4,5,6];3:[0,1,2,4,5,6,7];15:[4];0:[4,6];12:[4,6];7:[4,5,6];2:[0,1,4,5,6];5:[0,1,2,4,5,6];19:[0,1,4,5,6];4:[1,4,5,6];1:[0,4,5,6];17:[4]","c10:bw=26,experts=[4,6]; c14:bw=66,experts=[0,1,2,4,5,6]; c18:bw=29,experts=[4,6]; c9:bw=68,experts=[0,1,2,4,5,6]; c16:bw=54,experts=[0,1,4,5,6]; c8:bw=42,experts=[2,4,5,6]; c13:bw=57,experts=[0,1,4,5,6]; c6:bw=48,experts=[0,4,5,6]; c11:bw=52,experts=[0,1,4,5,6]; c3:bw=72,experts=[0,1,2,4,5,6,7]; c15:bw=10,experts=[4]; c0:bw=22,experts=[4,6]; c12:bw=24,experts=[4,6]; c7:bw=32,experts=[4,5,6]; c2:bw=54,experts=[0,1,4,5,6]; c5:bw=60,experts=[0,1,2,4,5,6]; c19:bw=50,experts=[0,1,4,5,6]; c4:bw=46,experts=[1,4,5,6]; c1:bw=46,experts=[0,4,5,6]; c17:bw=16,experts=[4]","1.2746,4.0160,3.1838,2.3389,2.1639,2.3392,4.2303,2.1088,2.4463,1.5244,3.0550,1.5037,2.5603,3.2905,2.7120,1.3433,3.8109,3.4688,3.8297,2.2914"
35,2026-09-24 12:42:00,Ours,0.01,2.022568964744635,45.93,45.93,35,54.6652,0:54.67,53.1739,0.3133,1.1759,2031.9159,33:51.92,20,"10,19,8,12,5,0,13,4,7,3,15,1,14,17,2,16,9,6,11,18",10:57;19:22;8:50;12:22;5:41;0:20;13:48;4:33;7:48;3:24;15:47;1:31;14:20;17:32;2:46;16:10;9:27;6:44;11:69;18:51,"10:[0,1,4,5,6];19:[4,6];8:[0,1,4,5,6];12:[4,6];5:[0,1,4,6];0:[4,6];13:[0,1,4,6];4:[0,4,6];7:[0,4,5,6];3:[4,6];15:[1,4,5,6];1:[1,2,4];14:[4,6];17:[1,4,6];2:[0,4,5,6];16:[2];9:[4,6];6:[1,2,4,6];11:[0,1,2,4,5,6];18:[0,1,4,5,6]","c10:bw=57,experts=[0,1,4,5,6]; c19:bw=22,experts=[4,6]; c8:bw=50,experts=[0,1,4,5,6]; c12:bw=22,experts=[4,6]; c5:bw=41,experts=[0,1,4,6]; c0:bw=20,experts=[4,6]; c13:bw=48,experts=[0,1,4,6]; c4:bw=33,experts=[0,4,6]; c7:bw=48,experts=[0,4,5,6]; c3:bw=24,experts=[4,6]; c15:bw=47,experts=[1,4,5,6]; c1:bw=31,experts=[1,2,4]; c14:bw=20,experts=[4,6]; c17:bw=32,experts=[1,4,6]; c2:bw=46,experts=[0,4,5,6]; c16:bw=10,experts=[2]; c9:bw=27,experts=[4,6]; c6:bw=44,experts=[1,2,4,6]; c11:bw=69,experts=[0,1,2,4,5,6]; c18:bw=51,experts=[0,1,4,5,6]","1.2841,3.8008,2.3549,2.5271,1.3261,1.5072,4.1646,3.4257,3.2911,1.5150,3.0559,3.8056,3.9771,2.3118,2.6795,2.1280,2.3013,2.1045,2.4299,3.1835"
36,2026-09-24 12:42:55,Ours,0.01,1.9898659346039849,46.59,46.59,36,54.7107,0:54.71,53.2536,0.3077,1.1471,2086.6476,34:46.65,20,"10,8,1,18,7,6,2,3,15,14,19,4,13,12,11,9,17,5,0,16",10:56;8:51;1:10;18:11;7:27;6:43;2:50;3:60;15:68;14:18;19:48;4:74;13:47;12:35;11:33;9:37;17:49;5:49;0:36;16:10,"10:[0,1,4,5,6];8:[0,1,4,5,6];1:[4];18:[4];7:[4,6];6:[0,1,4,6];2:[0,1,4,5,6];3:[0,1,2,4,5,6];15:[0,1,2,4,5,6];14:[4];19:[0,1,4,6];4:[0,1,2,4,5,6,7];13:[0,1,4,6];12:[0,4,6];11:[4,5,6];9:[0,4,6];17:[0,4,5,6];5:[4,5,6,7];0:[0,4,6];16:[4]","c10:bw=56,experts=[0,1,4,5,6]; c8:bw=51,experts=[0,1,4,5,6]; c1:bw=10,experts=[4]; c18:bw=11,experts=[4]; c7:bw=27,experts=[4,6]; c6:bw=43,experts=[0,1,4,6]; c2:bw=50,experts=[0,1,4,5,6]; c3:bw=60,experts=[0,1,2,4,5,6]; c15:bw=68,experts=[0,1,2,4,5,6]; c14:bw=18,experts=[4]; c19:bw=48,experts=[0,1,4,6]; c4:bw=74,experts=[0,1,2,4,5,6,7]; c13:bw=47,experts=[0,1,4,6]; c12:bw=35,experts=[0,4,6]; c11:bw=33,experts=[4,5,6]; c9:bw=37,experts=[0,4,6]; c17:bw=49,experts=[0,4,5,6]; c5:bw=49,experts=[4,5,6,7]; c0:bw=36,experts=[0,4,6]; c16:bw=10,experts=[4]","1.2881,2.3925,3.8273,3.1439,3.2703,2.1072,2.7036,1.5242,3.0761,3.9308,3.7692,3.4438,4.2123,2.5362,2.4283,2.3103,2.3063,1.3320,1.5044,2.1469"
37,2026-09-24 12:43:50,Ours,0.01,1.9793757264913043,47.28,47.28,37,54.8538,0:54.85,53.4008,0.3014,1.1494,2141.521,35:41.52,20,"7,11,15,17,9,1,3,10,19,6,2,12,5,4,0,18,14,13,16,8",7:42;11:63;15:51;17:56;9:40;1:18;3:36;10:58;19:42;6:65;2:36;12:49;5:39;4:39;0:54;18:10;14:28;13:12;16:31;8:10,"7:[0,4,5,6];11:[0,1,2,4,5,6];15:[0,4,5,6,7];17:[0,1,4,5,6];9:[0,1,4,6];1:[4];3:[1,4,6];10:[0,1,4,5,6];19:[2,4,5,6];6:[0,1,2,4,5,6];2:[0,4,6];12:[0,1,4,6];5:[4,5,6];4:[1,4,6];0:[0,1,4,5,6];18:[4];14:[4,7];13:[4];16:[4,5,6];8:[4]","c7:bw=42,experts=[0,4,5,6]; c11:bw=63,experts=[0,1,2,4,5,6]; c15:bw=51,experts=[0,4,5,6,7]; c17:bw=56,experts=[0,1,4,5,6]; c9:bw=40,experts=[0,1,4,6]; c1:bw=18,experts=[4]; c3:bw=36,experts=[1,4,6]; c10:bw=58,experts=[0,1,4,5,6]; c19:bw=42,experts=[2,4,5,6]; c6:bw=65,experts=[0,1,2,4,5,6]; c2:bw=36,experts=[0,4,6]; c12:bw=49,experts=[0,1,4,6]; c5:bw=39,experts=[4,5,6]; c4:bw=39,experts=[1,4,6]; c0:bw=54,experts=[0,1,4,5,6]; c18:bw=10,experts=[4]; c14:bw=28,experts=[4,7]; c13:bw=12,experts=[4]; c16:bw=31,experts=[4,5,6]; c8:bw=10,experts=[4]","3.3077,2.4511,3.0658,2.3263,2.3251,3.7891,1.5137,1.2732,3.7881,2.1097,2.7031,2.5367,1.3316,3.4425,1.5256,3.1568,4.0460,4.2023,2.1615,2.3448"
38,2026-09-24 12:44:44,Ours,0.01,1.9765855735311946,48.46,48.46,38,54.684,0:54.68,53.2203,0.3099,1.1517,2196.2262,36:36.23,20,"2,12,1,9,6,18,13,14,16,11,15,0,5,10,19,8,4,17,7,3",2:10;12:47;1:31;9:26;6:17;18:44;13:63;14:41;16:38;11:17;15:12;0:40;5:10;10:39;19:61;8:46;4:52;17:41;7:51;3:38,"2:[2];12:[0,2,4,6];1:[0,4,6];9:[4,6];6:[4];18:[0,4,5,6];13:[0,1,2,4,5,6];14:[0,4,5,6];16:[4,5,6];11:[4];15:[4];0:[0,1,4,6];5:[4];10:[2,4,7];19:[0,1,2,4,5,6];8:[0,1,4,6];4:[0,1,4,5,6];17:[0,4,5,6];7:[0,1,4,5,6];3:[0,4,6]","c2:bw=10,experts=[2]; c12:bw=47,experts=[0,2,4,6]; c1:bw=31,experts=[0,4,6]; c9:bw=26,experts=[4,6]; c6:bw=17,experts=[4]; c18:bw=44,experts=[0,4,5,6]; c13:bw=63,experts=[0,1,2,4,5,6]; c14:bw=41,experts=[0,4,5,6]; c16:bw=38,experts=[4,5,6]; c11:bw=17,experts=[4]; c15:bw=12,experts=[4]; c0:bw=40,experts=[0,1,4,6]; c5:bw=10,experts=[4]; c10:bw=39,experts=[2,4,7]; c19:bw=61,experts=[0,1,2,4,5,6]; c8:bw=46,experts=[0,1,4,6]; c4:bw=52,experts=[0,1,4,5,6]; c17:bw=41,experts=[0,4,5,6]; c7:bw=51,experts=[0,1,4,5,6]; c3:bw=38,experts=[0,4,6]","2.7024,2.5714,3.8212,2.2989,2.0770,3.1639,4.2300,3.9639,2.1494,2.4183,3.0176,1.5152,1.3073,1.2612,3.7972,2.3424,3.4571,2.3166,3.2906,1.5186"
39,2026-09-24 12:45:39,Ours,0.01,1.9456313810757238,47.63,48.46,38,54.962,0:54.96,53.485,0.304,1.1646,2251.209,37:31.21,20,"3,13,2,11,15,19,0,12,6,18,10,16,7,9,1,8,14,4,17,5",3:26;13:49;2:36;11:51;15:30;19:18;0:10;12:49;6:31;18:25;10:24;16:29;7:40;9:24;1:45;8:45;14:57;4:36;17:42;5:75,"3:[4,6];13:[0,4,5,6];2:[4,5,6];11:[0,1,4,5,6];15:[0,4,6];19:[4];0:[4];12:[0,4,5,6];6:[0,4,6];18:[4,6];10:[4,6];16:[4,6];7:[2,4,5,6];9:[4,6];1:[0,1,4,6];8:[0,4,5,6];14:[0,1,4,5,6];4:[1,4,6];17:[2,4,6,7];5:[0,1,2,4,5,6,7]","c3:bw=26,experts=[4,6]; c13:bw=49,experts=[0,4,5,6]; c2:bw=36,experts=[4,5,6]; c11:bw=51,experts=[0,1,4,5,6]; c15:bw=30,experts=[0,4,6]; c19:bw=18,experts=[4]; c0:bw=10,experts=[4]; c12:bw=49,experts=[0,4,5,6]; c6:bw=31,experts=[0,4,6]; c18:bw=25,experts=[4,6]; c10:bw=24,experts=[4,6]; c16:bw=29,experts=[4,6]; c7:bw=40,experts=[2,4,5,6]; c9:bw=24,experts=[4,6]; c1:bw=45,experts=[0,1,4,6]; c8:bw=45,experts=[0,4,5,6]; c14:bw=57,experts=[0,1,4,5,6]; c4:bw=36,experts=[1,4,6]; c17:bw=42,experts=[2,4,6,7]; c5:bw=75,experts=[0,1,2,4,5,6,7]","1.5192,4.2498,2.6940,2.4639,3.0850,3.7792,1.5043,2.5725,2.1121,3.1594,1.2687,2.1613,3.2907,2.3075,3.8234,2.3677,4.0113,3.4564,2.3021,1.3565"
40,2026-09-24 12:46:34,Ours,0.01,2.0131047053894955,47.84,48.46,38,54.9659,0:54.97,53.4792,0.3094,1.1751,2306.1971,38:26.20,20,"15,3,9,14,13,7,19,11,17,5,6,4,18,2,8,1,0,12,16,10",15:22;3:10;9:40;14:58;13:32;7:66;19:23;11:15;17:30;5:32;6:46;4:19;18:38;2:65;8:26;1:42;0:36;12:42;16:29;10:60,"15:[3,4];3:[3];9:[0,3,4,6];14:[0,1,3,4,6];13:[3,4,7];7:[0,1,3,4,5,6];19:[3,7];11:[3];17:[3,4,6];5:[3,4,6];6:[3,4,6,7];4:[3];18:[2,3,4];2:[0,1,3,4,6,7];8:[3,4];1:[3,4,5,6];0:[3,4,7];12:[0,3,4,6];16:[3,7];10:[0,1,3,4,5,6]","c15:bw=22,experts=[3,4]; c3:bw=10,experts=[3]; c9:bw=40,experts=[0,3,4,6]; c14:bw=58,experts=[0,1,3,4,6]; c13:bw=32,experts=[3,4,7]; c7:bw=66,experts=[0,1,3,4,5,6]; c19:bw=23,experts=[3,7]; c11:bw=15,experts=[3]; c17:bw=30,experts=[3,4,6]; c5:bw=32,experts=[3,4,6]; c6:bw=46,experts=[3,4,6,7]; c4:bw=19,experts=[3]; c18:bw=38,experts=[2,3,4]; c2:bw=65,experts=[0,1,3,4,6,7]; c8:bw=26,experts=[3,4]; c1:bw=42,experts=[3,4,5,6]; c0:bw=36,experts=[3,4,7]; c12:bw=42,experts=[0,3,4,6]; c16:bw=29,experts=[3,7]; c10:bw=60,experts=[0,1,3,4,5,6]","3.0729,1.5198,2.3457,4.0206,4.1999,3.3135,3.7889,2.4477,2.3242,1.3424,2.1064,3.4092,3.1480,2.7301,2.3382,3.8447,1.5148,2.5761,2.1485,1.2874"
41,2026-09-24 12:47:30,Ours,0.01,1.9842196881929817,48.68,48.68,41,55.3528,0:55.35,53.8507,0.3092,1.1859,2361.5707,39:21.57,20,"14,11,5,15,6,10,1,7,17,12,3,2,0,8,13,19,16,18,9,4",14:61;11:41;5:61;15:24;6:10;10:42;1:10;7:68;17:52;12:18;3:40;2:54;0:10;8:57;13:45;19:19;16:25;18:10;9:54;4:50,"14:[0,1,2,4,5,6];11:[0,4,6,7];5:[0,1,2,4,5,6];15:[4,6];6:[4];10:[0,4,5,6];1:[7];7:[0,1,4,5,6,7];17:[0,1,4,5,6];12:[7];3:[0,4,5,6];2:[0,1,4,5,6];0:[2];8:[0,4,5,6,7];13:[0,1,4,6];19:[4];16:[4,6];18:[7];9:[1,4,5,6,7];4:[0,1,4,5,6]","c14:bw=61,experts=[0,1,2,4,5,6]; c11:bw=41,experts=[0,4,6,7]; c5:bw=61,experts=[0,1,2,4,5,6]; c15:bw=24,experts=[4,6]; c6:bw=10,experts=[4]; c10:bw=42,experts=[0,4,5,6]; c1:bw=10,experts=[7]; c7:bw=68,experts=[0,1,4,5,6,7]; c17:bw=52,experts=[0,1,4,5,6]; c12:bw=18,experts=[7]; c3:bw=40,experts=[0,4,5,6]; c2:bw=54,experts=[0,1,4,5,6]; c0:bw=10,experts=[2]; c8:bw=57,experts=[0,4,5,6,7]; c13:bw=45,experts=[0,1,4,6]; c19:bw=19,experts=[4]; c16:bw=25,experts=[4,6]; c18:bw=10,experts=[7]; c9:bw=54,experts=[1,4,5,6,7]; c4:bw=50,experts=[0,1,4,5,6]","4.0735,2.4708,1.3442,3.0735,2.1032,1.2867,3.7970,3.3031,2.3323,2.5750,1.5240,2.7206,1.5110,2.3846,4.2612,3.7787,2.1813,3.1747,2.3317,3.6235"
42,2026-09-24 12:48:25,Ours,0.01,1.926853002508419,49.67,49.67,42,55.2262,0:55.23,53.7416,0.3119,1.1705,2416.8199,40:16.82,20,"12,9,3,7,19,1,15,14,13,6,16,8,10,4,18,5,0,11,17,2",12:22;9:51;3:48;7:20;19:63;1:49;15:31;14:13;13:33;6:34;16:10;8:42;10:15;4:55;18:14;5:50;0:15;11:59;17:32;2:40,"12:[4,6];9:[0,1,2,4,6];3:[1,4,6,7];7:[4,6];19:[0,1,2,4,5,6];1:[0,1,4,6];15:[0,4,6];14:[4];13:[0,4,6];6:[0,4,6];16:[0];8:[0,2,4,6];10:[4];4:[0,1,4,5,6];18:[4];5:[0,1,4,5,6];0:[4];11:[0,1,4,5,6];17:[1,4,6];2:[0,1,4,6]","c12:bw=22,experts=[4,6]; c9:bw=51,experts=[0,1,2,4,6]; c3:bw=48,experts=[1,4,6,7]; c7:bw=20,experts=[4,6]; c19:bw=63,experts=[0,1,2,4,5,6]; c1:bw=49,experts=[0,1,4,6]; c15:bw=31,experts=[0,4,6]; c14:bw=13,experts=[4]; c13:bw=33,experts=[0,4,6]; c6:bw=34,experts=[0,4,6]; c16:bw=10,experts=[0]; c8:bw=42,experts=[0,2,4,6]; c10:bw=15,experts=[4]; c4:bw=55,experts=[0,1,4,5,6]; c18:bw=14,experts=[4]; c5:bw=50,experts=[0,1,4,5,6]; c0:bw=15,experts=[4]; c11:bw=59,experts=[0,1,4,5,6]; c17:bw=32,experts=[1,4,6]; c2:bw=40,experts=[0,1,4,6]","2.5751,2.3687,1.5456,3.3210,3.8320,3.8657,3.0792,3.9857,4.2580,2.1055,2.1636,2.3628,1.2721,3.4770,3.1666,1.3388,1.5170,2.4711,2.3274,2.7086"
43,2026-09-24 12:49:20,Ours,0.01,1.9168823360238274,50.2,50.2,43,55.3733,0:55.37,53.9058,0.3008,1.1645,2472.2147,41:12.21,20,"4,9,7,12,11,14,6,0,18,8,3,15,2,10,13,16,19,17,5,1",4:34;9:32;7:21;12:10;11:55;14:66;6:12;0:21;18:24;8:45;3:65;15:14;2:51;10:37;13:16;16:21;19:54;17:47;5:53;1:58,"4:[0,4,6];9:[1,4,6];7:[4,6];12:[4];11:[0,1,4,5,6];14:[0,1,2,4,5,6];6:[4];0:[4,6];18:[1,4];8:[0,1,4,6];3:[0,1,2,4,5,6];15:[4];2:[0,1,4,5,6];10:[0,4,6];13:[4];16:[1,2];19:[0,1,4,5,6];17:[0,1,4,6];5:[0,1,2,4,6];1:[0,1,2,4,6]","c4:bw=34,experts=[0,4,6]; c9:bw=32,experts=[1,4,6]; c7:bw=21,experts=[4,6]; c12:bw=10,experts=[4]; c11:bw=55,experts=[0,1,4,5,6]; c14:bw=66,experts=[0,1,2,4,5,6]; c6:bw=12,experts=[4]; c0:bw=21,experts=[4,6]; c18:bw=24,experts=[1,4]; c8:bw=45,experts=[0,1,4,6]; c3:bw=65,experts=[0,1,2,4,5,6]; c15:bw=14,experts=[4]; c2:bw=51,experts=[0,1,4,5,6]; c10:bw=37,experts=[0,4,6]; c13:bw=16,experts=[4]; c16:bw=21,experts=[1,2]; c19:bw=54,experts=[0,1,4,5,6]; c17:bw=47,experts=[0,1,4,6]; c5:bw=53,experts=[0,1,2,4,6]; c1:bw=58,experts=[0,1,2,4,6]","3.4960,2.3242,3.3349,2.5770,2.4987,4.0552,2.1045,1.5086,3.1783,2.3900,1.5457,3.0565,2.7294,1.2791,4.3240,2.1537,3.8266,2.3476,1.3373,3.8384"
44,2026-09-24 12:50:16,Ours,0.01,1.899770853280343,50.21,50.21,44,55.2675,0:55.27,53.8002,0.3109,1.1541,2527.5047,42:07.50,20,"12,15,13,6,2,17,8,10,14,5,1,4,7,19,11,0,18,16,9,3",12:40;15:50;13:28;6:20;2:37;17:12;8:34;10:56;14:65;5:24;1:45;4:29;7:75;19:10;11:16;0:66;18:54;16:76;9:37;3:47,"12:[0,1,4,6];15:[0,1,2,4,6];13:[4,6];6:[4,6];2:[0,4,6];17:[4];8:[0,4,6];10:[0,1,4,5,6];14:[0,1,2,4,5,6];5:[4,6];1:[0,1,4,6];4:[2,7];7:[0,1,2,4,5,6,7];19:[4];11:[4];0:[0,1,2,4,5,6];18:[0,1,4,5,6];16:[0,1,2,4,5,6,7];9:[0,4,6];3:[0,4,5,6]","c12:bw=40,experts=[0,1,4,6]; c15:bw=50,experts=[0,1,2,4,6]; c13:bw=28,experts=[4,6]; c6:bw=20,experts=[4,6]; c2:bw=37,experts=[0,4,6]; c17:bw=12,experts=[4]; c8:bw=34,experts=[0,4,6]; c10:bw=56,experts=[0,1,4,5,6]; c14:bw=65,experts=[0,1,2,4,5,6]; c5:bw=24,experts=[4,6]; c1:bw=45,experts=[0,1,4,6]; c4:bw=29,experts=[2,7]; c7:bw=75,experts=[0,1,2,4,5,6,7]; c19:bw=10,experts=[4]; c11:bw=16,experts=[4]; c0:bw=66,experts=[0,1,2,4,5,6]; c18:bw=54,experts=[0,1,4,5,6]; c16:bw=76,experts=[0,1,2,4,5,6,7]; c9:bw=37,experts=[0,4,6]; c3:bw=47,experts=[0,4,5,6]","2.5894,3.1050,4.2561,2.1111,2.7279,2.3176,2.3820,1.2869,4.0216,1.3538,3.8396,3.4287,3.3532,3.7639,2.4546,1.5307,3.2064,2.2155,2.3234,1.5328"
45,2026-09-24 12:51:11,Ours,0.01,1.8962623182470917,50.65,50.65,45,55.403,0:55.40,53.9219,0.3047,1.1695,2582.9299,43:02.93,20,"12,0,11,5,6,1,4,17,9,2,8,13,19,16,3,7,18,10,15,14",12:61;0:36;11:53;5:44;6:10;1:56;4:64;17:10;9:25;2:49;8:55;13:53;19:67;16:54;3:67;7:36;18:16;10:42;15:33;14:41,"12:[0,1,2,4,5,6];0:[0,4,6];11:[0,2,4,5,6];5:[0,4,5,6];6:[1];1:[0,1,2,4,6];4:[0,1,2,4,5,6];17:[4];9:[4,6];2:[0,1,4,6];8:[0,1,4,5,6];13:[0,1,4,5,6];19:[0,1,2,4,5,6];16:[0,1,4,5,6];3:[0,1,2,4,5,6];7:[1,4,6];18:[4];10:[0,1,4,6];15:[4,5,7];14:[0,4,6,7]","c12:bw=61,experts=[0,1,2,4,5,6]; c0:bw=36,experts=[0,4,6]; c11:bw=53,experts=[0,2,4,5,6]; c5:bw=44,experts=[0,4,5,6]; c6:bw=10,experts=[1]; c1:bw=56,experts=[0,1,2,4,6]; c4:bw=64,experts=[0,1,2,4,5,6]; c17:bw=10,experts=[4]; c9:bw=25,experts=[4,6]; c2:bw=49,experts=[0,1,4,6]; c8:bw=55,experts=[0,1,4,5,6]; c13:bw=53,experts=[0,1,4,5,6]; c19:bw=67,experts=[0,1,2,4,5,6]; c16:bw=54,experts=[0,1,4,5,6]; c3:bw=67,experts=[0,1,2,4,5,6]; c7:bw=36,experts=[1,4,6]; c18:bw=16,experts=[4]; c10:bw=42,experts=[0,1,4,6]; c15:bw=33,experts=[4,5,7]; c14:bw=41,experts=[0,4,6,7]","2.6164,1.5505,2.5081,1.3433,2.0866,3.8580,3.4692,2.3171,2.3359,2.7248,2.3795,4.3009,3.8237,2.1877,1.5482,3.3000,3.1553,1.2913,3.0827,4.0427"
46,2026-09-24 12:52:07,Ours,0.01,1.8638781209135147,51.52,51.52,46,55.5873,0:55.59,54.1261,0.308,1.1509,2638.5414,43:58.54,20,"7,3,16,14,2,6,12,10,13,15,1,18,11,8,19,0,5,9,17,4",7:28;3:27;16:28;14:39;2:57;6:39;12:53;10:59;13:50;15:14;1:41;18:44;11:38;8:39;19:10;0:55;5:41;9:37;17:15;4:64,"7:[4,6];3:[4,6];16:[4,6];14:[0,4,6];2:[0,1,2,4,6];6:[2,4,5];12:[0,1,4,5,6];10:[0,2,4,6,7];13:[0,1,2,4,6];15:[4];1:[0,1,4,6];18:[0,1,4,6];11:[1,4,6];8:[0,4,6];19:[4];0:[0,1,4,5,6];5:[0,1,4,6];9:[0,4,6];17:[4];4:[0,1,2,4,5,6]","c7:bw=28,experts=[4,6]; c3:bw=27,experts=[4,6]; c16:bw=28,experts=[4,6]; c14:bw=39,experts=[0,4,6]; c2:bw=57,experts=[0,1,2,4,6]; c6:bw=39,experts=[2,4,5]; c12:bw=53,experts=[0,1,4,5,6]; c10:bw=59,experts=[0,2,4,6,7]; c13:bw=50,experts=[0,1,2,4,6]; c15:bw=14,experts=[4]; c1:bw=41,experts=[0,1,4,6]; c18:bw=44,experts=[0,1,4,6]; c11:bw=38,experts=[1,4,6]; c8:bw=39,experts=[0,4,6]; c19:bw=10,experts=[4]; c0:bw=55,experts=[0,1,4,5,6]; c5:bw=41,experts=[0,1,4,6]; c9:bw=37,experts=[0,4,6]; c17:bw=15,experts=[4]; c4:bw=64,experts=[0,1,2,4,5,6]","3.3377,1.5299,2.1827,4.0425,2.7194,2.1117,2.5815,1.2885,4.3935,3.1525,3.9133,3.2204,2.4608,2.3863,3.7793,1.5339,1.3450,2.3474,2.3148,3.4850"
47,2026-09-24 12:53:03,Ours,0.01,1.8647415696571368,51.2,51.52,46,56.6225,0:56.62,54.9208,0.3612,1.3378,2695.1873,44:55.19,20,"11,18,10,13,15,8,4,1,14,6,9,5,17,19,12,2,16,7,0,3",11:39;18:10;10:51;13:33;15:42;8:39;4:10;1:30;14:24;6:22;9:17;5:52;17:20;19:28;12:15;2:54;16:68;7:53;0:46;3:70,"11:[4,5,6];18:[4];10:[0,1,4,5,6];13:[1,4,6];15:[0,1,4,6];8:[0,4,6];4:[4];1:[0,4,6];14:[4,6];6:[4,6];9:[4];5:[0,4,5,6,7];17:[2,7];19:[4,6];12:[4];2:[0,1,4,5,6];16:[0,1,2,4,5,6];7:[0,1,4,5,6];0:[0,1,4,6];3:[0,1,2,4,5,6,7]","c11:bw=39,experts=[4,5,6]; c18:bw=10,experts=[4]; c10:bw=51,experts=[0,1,4,5,6]; c13:bw=33,experts=[1,4,6]; c15:bw=42,experts=[0,1,4,6]; c8:bw=39,experts=[0,4,6]; c4:bw=10,experts=[4]; c1:bw=30,experts=[0,4,6]; c14:bw=24,experts=[4,6]; c6:bw=22,experts=[4,6]; c9:bw=17,experts=[4]; c5:bw=52,experts=[0,4,5,6,7]; c17:bw=20,experts=[2,7]; c19:bw=28,experts=[4,6]; c12:bw=15,experts=[4]; c2:bw=54,experts=[0,1,4,5,6]; c16:bw=68,experts=[0,1,2,4,5,6]; c7:bw=53,experts=[0,1,4,5,6]; c0:bw=46,experts=[0,1,4,6]; c3:bw=70,experts=[0,1,2,4,5,6,7]","2.4637,3.1948,1.2934,4.2663,3.0920,2.3705,3.4500,3.8992,4.1754,2.2036,2.3984,1.3872,2.3604,3.8578,2.6741,2.8466,2.2456,3.4328,1.5898,1.7193"
48,2026-09-24 12:54:00,Ours,0.01,1.9344610654562264,50.95,51.52,46,56.4064,0:56.41,54.9291,0.3049,1.1657,2751.6236,45:51.62,20,"16,7,8,17,3,4,0,6,15,19,5,9,1,12,11,18,10,13,14,2",16:10;7:62;8:50;17:38;3:18;4:67;0:16;6:45;15:64;19:45;5:55;9:52;1:50;12:31;11:32;18:62;10:12;13:50;14:10;2:57,"16:[3];7:[0,1,3,4,5,6];8:[0,1,3,4,6];17:[3,4,6];3:[3];4:[0,1,3,4,5,6];0:[3];6:[3,4,6,7];15:[0,1,3,4,5,6];19:[3,4,6,7];5:[0,3,4,5,6];9:[1,3,4,5,6];1:[0,3,4,5,6];12:[3,4,6];11:[3,4,6];18:[0,1,2,3,4,6];10:[3];13:[1,3,4,6,7];14:[3];2:[0,3,4,6,7]","c16:bw=10,experts=[3]; c7:bw=62,experts=[0,1,3,4,5,6]; c8:bw=50,experts=[0,1,3,4,6]; c17:bw=38,experts=[3,4,6]; c3:bw=18,experts=[3]; c4:bw=67,experts=[0,1,3,4,5,6]; c0:bw=16,experts=[3]; c6:bw=45,experts=[3,4,6,7]; c15:bw=64,experts=[0,1,3,4,5,6]; c19:bw=45,experts=[3,4,6,7]; c5:bw=55,experts=[0,3,4,5,6]; c9:bw=52,experts=[1,3,4,5,6]; c1:bw=50,experts=[0,3,4,5,6]; c12:bw=31,experts=[3,4,6]; c11:bw=32,experts=[3,4,6]; c18:bw=62,experts=[0,1,2,3,4,6]; c10:bw=12,experts=[3]; c13:bw=50,experts=[1,3,4,6,7]; c14:bw=10,experts=[3]; c2:bw=57,experts=[0,3,4,6,7]","2.3342,3.4850,2.5217,2.3977,1.6374,3.6706,1.5703,2.1330,3.1200,3.8273,1.3446,2.3464,3.8744,2.6023,2.4904,3.2218,1.2806,4.2873,4.0431,2.7408"
49,2026-09-24 12:54:55,Ours,0.01,1.8362801284443582,51.96,51.96,49,55.5544,0:55.55,54.0837,0.309,1.1595,2807.2011,46:47.20,20,"7,4,0,10,17,5,15,18,1,13,2,9,14,8,3,12,19,11,6,16",7:44;4:48;0:20;10:64;17:30;5:56;15:42;18:32;1:54;13:39;2:58;9:53;14:58;8:26;3:32;12:37;19:10;11:38;6:13;16:30,"7:[0,1,4,6];4:[0,1,4,6];0:[4,7];10:[0,1,2,4,5,6];17:[4,5,6];5:[0,1,4,5,6];15:[0,1,4,6];18:[4,6,7];1:[0,1,4,6,7];13:[0,4,6];2:[0,1,4,5,6];9:[0,1,4,6,7];14:[0,1,4,5,6];8:[4,7];3:[1,4,6];12:[4,6,7];19:[4];11:[4,6,7];6:[4];16:[0,4,6]","c7:bw=44,experts=[0,1,4,6]; c4:bw=48,experts=[0,1,4,6]; c0:bw=20,experts=[4,7]; c10:bw=64,experts=[0,1,2,4,5,6]; c17:bw=30,experts=[4,5,6]; c5:bw=56,experts=[0,1,4,5,6]; c15:bw=42,experts=[0,1,4,6]; c18:bw=32,experts=[4,6,7]; c1:bw=54,experts=[0,1,4,6,7]; c13:bw=39,experts=[0,4,6]; c2:bw=58,experts=[0,1,4,5,6]; c9:bw=53,experts=[0,1,4,6,7]; c14:bw=58,experts=[0,1,4,5,6]; c8:bw=26,experts=[4,7]; c3:bw=32,experts=[1,4,6]; c12:bw=37,experts=[4,6,7]; c19:bw=10,experts=[4]; c11:bw=38,experts=[4,6,7]; c6:bw=13,experts=[4]; c16:bw=30,experts=[0,4,6]","3.3652,3.5233,1.5430,1.2881,2.3329,1.3512,3.0978,3.1931,3.8805,4.2613,2.7278,2.3437,4.0465,2.3565,1.5243,2.5955,3.8681,2.4827,2.1070,2.1949"
50,2026-09-24 12:55:51,Ours,0.01,1.825807056198315,52.31,52.31,50,55.397,0:55.40,53.9079,0.3103,1.1718,2862.623,47:42.62,20,"2,6,14,12,13,17,11,0,16,15,7,10,1,19,3,5,4,8,9,18",2:63;6:68;14:23;12:34;13:37;17:33;11:57;0:29;16:27;15:31;7:34;10:23;1:64;19:43;3:39;5:31;4:10;8:32;9:27;18:44,"2:[0,1,2,4,5,6];6:[0,1,2,4,5,6];14:[4,6];12:[0,4,6];13:[0,4,6];17:[0,4,6];11:[0,1,4,5,6];0:[4,6];16:[4,6];15:[0,4,6];7:[1,4,6];10:[4,6];1:[0,1,2,4,5,6];19:[0,1,4,6];3:[1,4,6];5:[0,4,6];4:[4];8:[2,4,6];9:[2,4];18:[0,1,4,6]","c2:bw=63,experts=[0,1,2,4,5,6]; c6:bw=68,experts=[0,1,2,4,5,6]; c14:bw=23,experts=[4,6]; c12:bw=34,experts=[0,4,6]; c13:bw=37,experts=[0,4,6]; c17:bw=33,experts=[0,4,6]; c11:bw=57,experts=[0,1,4,5,6]; c0:bw=29,experts=[4,6]; c16:bw=27,experts=[4,6]; c15:bw=31,experts=[0,4,6]; c7:bw=34,experts=[1,4,6]; c10:bw=23,experts=[4,6]; c1:bw=64,experts=[0,1,2,4,5,6]; c19:bw=43,experts=[0,1,4,6]; c3:bw=39,experts=[1,4,6]; c5:bw=31,experts=[0,4,6]; c4:bw=10,experts=[4]; c8:bw=32,experts=[2,4,6]; c9:bw=27,experts=[2,4]; c18:bw=44,experts=[0,1,4,6]","2.7690,2.1440,4.0560,2.5864,4.2552,2.3275,2.4758,1.5262,2.1675,3.0818,3.3175,1.2678,3.8732,3.8139,1.5212,1.3369,3.4562,2.3840,2.3436,3.2040"
51,2026-09-24 12:56:46,Ours,0.01,1.8126501102550556,52.69,52.69,51,55.4585,0:55.46,53.9858,0.3079,1.1627,2918.106,48:38.11,20,"0,9,11,16,13,19,17,1,5,12,18,4,7,14,2,6,8,10,3,15",0:53;9:18;11:60;16:30;13:40;19:10;17:43;1:21;5:47;12:43;18:37;4:11;7:27;14:30;2:20;6:52;8:46;10:37;3:55;15:57,"0:[0,1,4,5,6];9:[4];11:[0,1,2,4,5,6];16:[0,4,6];13:[0,1,4,6];19:[4];17:[0,1,4,6];1:[4,6];5:[0,2,4,6];12:[0,1,4,6];18:[1,4,6];4:[4];7:[4,6];14:[0,4,6];2:[4,6];6:[0,1,4,5,6];8:[0,4,5,6];10:[0,4,6];3:[0,1,4,5,6];15:[0,1,4,5,6]","c0:bw=53,experts=[0,1,4,5,6]; c9:bw=18,experts=[4]; c11:bw=60,experts=[0,1,2,4,5,6]; c16:bw=30,experts=[0,4,6]; c13:bw=40,experts=[0,1,4,6]; c19:bw=10,experts=[4]; c17:bw=43,experts=[0,1,4,6]; c1:bw=21,experts=[4,6]; c5:bw=47,experts=[0,2,4,6]; c12:bw=43,experts=[0,1,4,6]; c18:bw=37,experts=[1,4,6]; c4:bw=11,experts=[4]; c7:bw=27,experts=[4,6]; c14:bw=30,experts=[0,4,6]; c2:bw=20,experts=[4,6]; c6:bw=52,experts=[0,1,4,5,6]; c8:bw=46,experts=[0,4,5,6]; c10:bw=37,experts=[0,4,6]; c3:bw=55,experts=[0,1,4,5,6]; c15:bw=57,experts=[0,1,4,5,6]","1.5526,2.3389,2.4977,2.1952,4.3020,3.7892,2.3605,3.8411,1.3560,2.5927,3.2108,3.4568,3.3210,4.0195,2.7243,2.1309,2.3718,1.2947,1.5374,3.0926"
52,2026-09-24 12:57:42,Ours,0.01,1.8029292591427903,53.34,53.34,52,55.4096,0:55.41,53.9436,0.3066,1.1572,2973.5403,49:33.54,20,"6,17,15,8,0,19,12,3,13,18,4,11,2,9,7,10,14,1,5,16",6:51;17:19;15:31;8:18;0:46;19:46;12:10;3:43;13:23;18:49;4:33;11:60;2:29;9:31;7:34;10:31;14:42;1:40;5:24;16:59,"6:[0,1,4,5,6];17:[4];15:[2,4,6];8:[4];0:[0,2,4,6];19:[0,1,4,6];12:[4];3:[0,1,4,6];13:[4,6];18:[0,4,5,6];4:[4,6,7];11:[0,1,2,4,5,6];2:[4,6];9:[0,4,6];7:[2,4,7];10:[0,4,6];14:[0,2,4,6];1:[0,4,5,6];5:[4,6];16:[0,1,4,6,7]","c6:bw=51,experts=[0,1,4,5,6]; c17:bw=19,experts=[4]; c15:bw=31,experts=[2,4,6]; c8:bw=18,experts=[4]; c0:bw=46,experts=[0,2,4,6]; c19:bw=46,experts=[0,1,4,6]; c12:bw=10,experts=[4]; c3:bw=43,experts=[0,1,4,6]; c13:bw=23,experts=[4,6]; c18:bw=49,experts=[0,4,5,6]; c4:bw=33,experts=[4,6,7]; c11:bw=60,experts=[0,1,2,4,5,6]; c2:bw=29,experts=[4,6]; c9:bw=31,experts=[0,4,6]; c7:bw=34,experts=[2,4,7]; c10:bw=31,experts=[0,4,6]; c14:bw=42,experts=[0,2,4,6]; c1:bw=40,experts=[0,4,5,6]; c5:bw=24,experts=[4,6]; c16:bw=59,experts=[0,1,4,6,7]","2.1453,2.3496,3.1035,2.3685,1.5338,3.8094,2.5577,1.5349,4.2199,3.2025,3.4643,2.5003,2.7131,2.3384,3.3305,1.2940,4.0541,3.8756,1.3479,2.2004"
53,2026-09-24 12:58:37,Ours,0.01,1.8104938582936458,53.26,53.34,52,55.3606,0:55.36,53.8773,0.3075,1.1735,3028.925,50:28.92,20,"11,9,8,12,6,15,7,1,16,18,2,19,3,10,17,4,5,13,0,14",11:11;9:61;8:22;12:45;6:36;15:27;7:44;1:59;16:44;18:17;2:51;19:10;3:47;10:52;17:28;4:28;5:44;13:10;0:39;14:34,"11:[4];9:[0,1,2,4,5,6];8:[4,6];12:[1,2,4,6];6:[0,4,6];15:[4,7];7:[0,1,4,6];1:[0,1,4,5,6];16:[0,4,5,6];18:[4];2:[0,1,4,5,6];19:[2];3:[0,1,4,6];10:[0,1,4,5,6];17:[4,6];4:[4,6];5:[0,1,4,6];13:[5];0:[0,4,6];14:[4,6,7]","c11:bw=11,experts=[4]; c9:bw=61,experts=[0,1,2,4,5,6]; c8:bw=22,experts=[4,6]; c12:bw=45,experts=[1,2,4,6]; c6:bw=36,experts=[0,4,6]; c15:bw=27,experts=[4,7]; c7:bw=44,experts=[0,1,4,6]; c1:bw=59,experts=[0,1,4,5,6]; c16:bw=44,experts=[0,4,5,6]; c18:bw=17,experts=[4]; c2:bw=51,experts=[0,1,4,5,6]; c19:bw=10,experts=[2]; c3:bw=47,experts=[0,1,4,6]; c10:bw=52,experts=[0,1,4,5,6]; c17:bw=28,experts=[4,6]; c4:bw=28,experts=[4,6]; c5:bw=44,experts=[0,1,4,6]; c13:bw=10,experts=[5]; c0:bw=39,experts=[0,4,6]; c14:bw=34,experts=[4,6,7]","2.4745,2.3584,2.3663,2.5816,2.1111,3.0789,3.3217,3.8721,2.1812,3.1628,2.7264,3.7988,1.5298,1.2979,2.3410,3.4764,1.3514,4.2969,1.5345,4.0158"
54,2026-09-24 12:59:32,Ours,0.01,1.8067537116559014,53.11,53.34,52,55.4113,0:55.41,53.937,0.3032,1.169,3084.3627,51:24.36,20,"11,13,3,18,16,14,9,12,2,6,5,19,10,15,17,8,4,0,1,7",11:58;13:55;3:30;18:33;16:10;14:33;9:50;12:74;2:10;6:54;5:10;19:21;10:10;15:32;17:27;8:55;4:32;0:37;1:53;7:61,"11:[0,1,4,5,6];13:[0,1,2,4,6];3:[0,4,6];18:[0,4,6];16:[4];14:[0,4,6];9:[0,1,4,5,6];12:[0,1,2,4,5,6,7];2:[4];6:[0,1,4,5,6];5:[4];19:[4,5];10:[7];15:[0,4,6];17:[4,6];8:[0,1,4,5,6];4:[2,4,6];0:[0,4,6];1:[0,1,4,5,6];7:[0,1,2,4,5,6]","c11:bw=58,experts=[0,1,4,5,6]; c13:bw=55,experts=[0,1,2,4,6]; c3:bw=30,experts=[0,4,6]; c18:bw=33,experts=[0,4,6]; c16:bw=10,experts=[4]; c14:bw=33,experts=[0,4,6]; c9:bw=50,experts=[0,1,4,5,6]; c12:bw=74,experts=[0,1,2,4,5,6,7]; c2:bw=10,experts=[4]; c6:bw=54,experts=[0,1,4,5,6]; c5:bw=10,experts=[4]; c19:bw=21,experts=[4,5]; c10:bw=10,experts=[7]; c15:bw=32,experts=[0,4,6]; c17:bw=27,experts=[4,6]; c8:bw=55,experts=[0,1,4,5,6]; c4:bw=32,experts=[2,4,6]; c0:bw=37,experts=[0,4,6]; c1:bw=53,experts=[0,1,4,5,6]; c7:bw=61,experts=[0,1,2,4,5,6]","2.4967,4.3489,1.5488,3.2150,2.1764,4.0320,2.3557,2.6080,2.6951,2.1268,1.3282,3.7700,1.2618,3.0589,2.3135,2.3849,3.4740,1.5282,3.8675,3.3463"
55,2026-09-24 13:00:28,Ours,0.01,1.7728202754476698,54.27,54.27,55,55.6389,0:55.64,54.1659,0.3121,1.1587,3140.0268,52:20.03,20,"17,9,6,13,14,19,3,16,4,18,12,5,7,0,15,2,11,1,8,10",17:39;9:62;6:42;13:24;14:33;19:60;3:52;16:57;4:14;18:70;12:62;5:53;7:54;0:27;15:30;2:41;11:40;1:60;8:14;10:57,"17:[2,4,7];9:[0,1,2,4,5,6];6:[0,1,4,6];13:[4,6];14:[0,4,6];19:[0,1,2,4,5,6];3:[1,2,4,6,7];16:[0,1,2,4,6];4:[4];18:[0,1,2,4,5,6,7];12:[0,1,2,4,5,6];5:[0,1,4,6,7];7:[0,1,4,5,6];0:[4,6];15:[0,4,6];2:[0,1,4,6];11:[0,1,4,6];1:[0,1,2,4,5,6];8:[4];10:[0,1,4,5,6]","c17:bw=39,experts=[2,4,7]; c9:bw=62,experts=[0,1,2,4,5,6]; c6:bw=42,experts=[0,1,4,6]; c13:bw=24,experts=[4,6]; c14:bw=33,experts=[0,4,6]; c19:bw=60,experts=[0,1,2,4,5,6]; c3:bw=52,experts=[1,2,4,6,7]; c16:bw=57,experts=[0,1,2,4,6]; c4:bw=14,experts=[4]; c18:bw=70,experts=[0,1,2,4,5,6,7]; c12:bw=62,experts=[0,1,2,4,5,6]; c5:bw=53,experts=[0,1,4,6,7]; c7:bw=54,experts=[0,1,4,5,6]; c0:bw=27,experts=[4,6]; c15:bw=30,experts=[0,4,6]; c2:bw=41,experts=[0,1,4,6]; c11:bw=40,experts=[0,1,4,6]; c1:bw=60,experts=[0,1,2,4,5,6]; c8:bw=14,experts=[4]; c10:bw=57,experts=[0,1,4,5,6]","2.3469,2.3605,2.1307,4.2854,4.0678,3.8529,1.5306,2.2014,3.4621,3.2267,2.6014,1.3517,3.3513,1.5269,3.0871,2.7318,2.4932,3.8837,2.3741,1.2996"
56,2026-09-24 13:01:24,Ours,0.01,1.874999782911987,52.32,54.27,55,55.7336,0:55.73,54.2459,0.3104,1.1751,3195.8561,53:15.86,20,"19,14,17,15,10,0,5,4,2,11,6,16,7,1,8,9,12,3,13,18",19:10;14:42;17:10;15:35;10:20;0:70;5:31;4:10;2:53;11:26;6:23;16:42;7:18;1:56;8:13;9:52;12:38;3:10;13:18;18:54,"19:[3];14:[0,3,4,6];17:[3];15:[3,4,6];10:[3,4];0:[0,1,2,3,4,5,6];5:[3,4,6];4:[3];2:[0,3,4,6,7];11:[3,4];6:[3,7];16:[0,3,4,6];7:[3];1:[0,1,3,4,6];8:[3];9:[0,1,3,4,6];12:[3,4,6];3:[3];13:[3];18:[0,1,3,4,6]","c19:bw=10,experts=[3]; c14:bw=42,experts=[0,3,4,6]; c17:bw=10,experts=[3]; c15:bw=35,experts=[3,4,6]; c10:bw=20,experts=[3,4]; c0:bw=70,experts=[0,1,2,3,4,5,6]; c5:bw=31,experts=[3,4,6]; c4:bw=10,experts=[3]; c2:bw=53,experts=[0,3,4,6,7]; c11:bw=26,experts=[3,4]; c6:bw=23,experts=[3,7]; c16:bw=42,experts=[0,3,4,6]; c7:bw=18,experts=[3]; c1:bw=56,experts=[0,1,3,4,6]; c8:bw=13,experts=[3]; c9:bw=52,experts=[0,1,3,4,6]; c12:bw=38,experts=[3,4,6]; c3:bw=10,experts=[3]; c13:bw=18,experts=[3]; c18:bw=54,experts=[0,1,3,4,6]","3.8256,4.0813,2.3495,3.0975,1.2801,1.5627,1.3466,3.4193,2.7465,2.4678,2.0865,2.1914,3.3098,3.8790,2.3475,2.3865,2.7020,1.5226,4.4346,3.2089"
57,2026-09-24 13:02:20,Ours,0.01,1.7693935841143174,54.43,54.43,57,55.6507,0:55.65,54.1626,0.3016,1.1843,3251.5329,54:11.53,20,"15,10,8,0,4,3,18,9,17,12,11,5,19,6,2,16,7,13,1,14",15:36;10:58;8:43;0:70;4:41;3:64;18:44;9:19;17:52;12:17;11:26;5:44;19:44;6:48;2:33;16:33;7:69;13:31;1:49;14:36,"15:[0,4,6];10:[0,1,2,4,6];8:[0,4,6,7];0:[0,1,2,4,5,6,7];4:[0,1,4,5];3:[0,1,2,4,5,6];18:[0,1,4,6];9:[7];17:[0,1,4,5,6];12:[4];11:[4,7];5:[0,4,5,6];19:[0,4,6,7];6:[0,1,4,6];2:[0,4,6];16:[0,4,6];7:[0,1,2,4,5,6];13:[4,6,7];1:[0,4,6,7];14:[1,4,5]","c15:bw=36,experts=[0,4,6]; c10:bw=58,experts=[0,1,2,4,6]; c8:bw=43,experts=[0,4,6,7]; c0:bw=70,experts=[0,1,2,4,5,6,7]; c4:bw=41,experts=[0,1,4,5]; c3:bw=64,experts=[0,1,2,4,5,6]; c18:bw=44,experts=[0,1,4,6]; c9:bw=19,experts=[7]; c17:bw=52,experts=[0,1,4,5,6]; c12:bw=17,experts=[4]; c11:bw=26,experts=[4,7]; c5:bw=44,experts=[0,4,5,6]; c19:bw=44,experts=[0,4,6,7]; c6:bw=48,experts=[0,1,4,6]; c2:bw=33,experts=[0,4,6]; c16:bw=33,experts=[0,4,6]; c7:bw=69,experts=[0,1,2,4,5,6]; c13:bw=31,experts=[4,6,7]; c1:bw=49,experts=[0,4,6,7]; c14:bw=36,experts=[1,4,5]","3.1256,1.3384,2.4045,1.5540,3.5061,1.5439,3.2057,2.3295,2.3455,2.5785,2.4781,1.3373,3.8301,2.1352,2.7355,2.1924,3.3301,4.2809,3.8548,4.0566"
58,2026-09-24 13:03:17,Ours,0.01,1.767283296214791,54.77,54.77,58,57.1237,0:57.12,55.4982,0.3557,1.2674,3308.6833,55:08.68,20,"11,14,12,7,8,13,15,2,16,9,1,18,19,17,6,10,4,0,5,3",11:47;14:22;12:29;7:24;8:40;13:40;15:38;2:10;16:42;9:57;1:30;18:50;19:43;17:12;6:55;10:43;4:38;0:47;5:35;3:61,"11:[0,1,4,6];14:[4,6];12:[4,6];7:[4,6];8:[0,2,4,6];13:[0,1,4,6];15:[0,4,6];2:[2];16:[0,1,4,6];9:[0,1,4,5,6];1:[0,4,6];18:[0,1,4,5,6];19:[0,1,4,6];17:[4];6:[0,1,2,4,6];10:[0,1,4,6];4:[0,4,6];0:[0,1,4,6];5:[1,4,6];3:[0,1,2,4,5,6]","c11:bw=47,experts=[0,1,4,6]; c14:bw=22,experts=[4,6]; c12:bw=29,experts=[4,6]; c7:bw=24,experts=[4,6]; c8:bw=40,experts=[0,2,4,6]; c13:bw=40,experts=[0,1,4,6]; c15:bw=38,experts=[0,4,6]; c2:bw=10,experts=[2]; c16:bw=42,experts=[0,1,4,6]; c9:bw=57,experts=[0,1,4,5,6]; c1:bw=30,experts=[0,4,6]; c18:bw=50,experts=[0,1,4,5,6]; c19:bw=43,experts=[0,1,4,6]; c17:bw=12,experts=[4]; c6:bw=55,experts=[0,1,2,4,6]; c10:bw=43,experts=[0,1,4,6]; c4:bw=38,experts=[0,4,6]; c0:bw=47,experts=[0,1,4,6]; c5:bw=35,experts=[1,4,6]; c3:bw=61,experts=[0,1,2,4,5,6]","2.5184,4.0695,2.6137,3.3528,2.3818,4.3209,3.0960,2.7767,2.2235,2.4560,4.0027,3.2811,3.9249,2.3766,2.3468,1.3578,3.6707,1.6027,1.4385,1.6870"
59,2026-09-24 13:04:14,Ours,0.01,1.7483552312180044,55.17,55.17,59,57.5478,0:57.55,56.0477,0.3118,1.1859,3366.2609,56:06.26,20,"6,5,0,16,8,15,17,13,9,2,10,1,11,3,18,19,4,7,14,12",6:19;5:32;0:52;16:23;8:56;15:50;17:55;13:13;9:28;2:37;10:26;1:65;11:34;3:35;18:10;19:14;4:26;7:28;14:40;12:47,"6:[4];5:[2,4,6];0:[0,1,4,5,6];16:[4,6];8:[0,1,4,5,6];15:[0,1,4,5,6];17:[0,1,4,5,6];13:[4];9:[4,6];2:[0,4,6];10:[4,6];1:[0,1,2,4,5,6];11:[1,4,6];3:[0,4,6];18:[4];19:[4];4:[4,6];7:[4,6];14:[0,1,4,6];12:[0,1,4,6]","c6:bw=19,experts=[4]; c5:bw=32,experts=[2,4,6]; c0:bw=52,experts=[0,1,4,5,6]; c16:bw=23,experts=[4,6]; c8:bw=56,experts=[0,1,4,5,6]; c15:bw=50,experts=[0,1,4,5,6]; c17:bw=55,experts=[0,1,4,5,6]; c13:bw=13,experts=[4]; c9:bw=28,experts=[4,6]; c2:bw=37,experts=[0,4,6]; c10:bw=26,experts=[4,6]; c1:bw=65,experts=[0,1,2,4,5,6]; c11:bw=34,experts=[1,4,6]; c3:bw=35,experts=[0,4,6]; c18:bw=10,experts=[4]; c19:bw=14,experts=[4]; c4:bw=26,experts=[4,6]; c7:bw=28,experts=[4,6]; c14:bw=40,experts=[0,1,4,6]; c12:bw=47,experts=[0,1,4,6]","2.3356,1.5182,1.6984,2.2860,2.5178,3.4851,2.4356,4.5244,2.4496,2.8073,1.3130,3.9950,2.5485,1.5674,3.1991,3.8149,3.4955,3.3601,4.0797,2.6164"
60,2026-09-24 13:05:12,Ours,0.01,1.7404967903002455,55.07,55.17,59,57.9632,0:57.96,56.3751,0.3264,1.2595,3424.2524,57:04.25,20,"4,8,13,15,2,3,11,0,1,14,12,19,18,6,17,16,5,7,9,10",4:30;8:24;13:59;15:51;2:30;3:44;11:40;0:53;1:54;14:42;12:16;19:60;18:26;6:59;17:39;16:63;5:33;7:48;9:10;10:10,"4:[4,6,7];8:[4,6];13:[0,1,4,5,6];15:[0,1,2,4,6];2:[0,4,6];3:[0,1,4,6];11:[0,2,4,6];0:[0,1,4,5,6];1:[0,1,4,5,6];14:[0,2,4,6];12:[4];19:[0,1,2,4,5,6];18:[4,6];6:[0,1,4,5,6];17:[0,4,6];16:[0,1,4,5,6,7];5:[0,4,6];7:[1,4,6,7];9:[4];10:[4]","c4:bw=30,experts=[4,6,7]; c8:bw=24,experts=[4,6]; c13:bw=59,experts=[0,1,4,5,6]; c15:bw=51,experts=[0,1,2,4,6]; c2:bw=30,experts=[0,4,6]; c3:bw=44,experts=[0,1,4,6]; c11:bw=40,experts=[0,2,4,6]; c0:bw=53,experts=[0,1,4,5,6]; c1:bw=54,experts=[0,1,4,5,6]; c14:bw=42,experts=[0,2,4,6]; c12:bw=16,experts=[4]; c19:bw=60,experts=[0,1,2,4,5,6]; c18:bw=26,experts=[4,6]; c6:bw=59,experts=[0,1,4,5,6]; c17:bw=39,experts=[0,4,6]; c16:bw=63,experts=[0,1,4,5,6,7]; c5:bw=33,experts=[0,4,6]; c7:bw=48,experts=[1,4,6,7]; c9:bw=10,experts=[4]; c10:bw=10,experts=[4]","3.5275,2.4031,4.3679,3.1363,2.7465,1.5757,2.5016,1.5658,3.8990,4.1645,2.7543,4.1308,3.4241,2.3053,2.5343,2.3940,1.4418,3.5984,2.5199,1.3840"
61,2026-09-24 13:06:12,Ours,0.01,1.7399403373256024,55.64,55.64,61,59.9557,0:59.96,58.3885,0.3269,1.238,3484.2386,58:04.24,20,"3,6,1,13,19,0,10,15,12,18,2,5,8,17,14,11,16,9,7,4",3:43;6:37;1:33;13:34;19:52;0:60;10:11;15:16;12:27;18:50;2:29;5:49;8:55;17:46;14:38;11:39;16:38;9:38;7:43;4:38,"3:[0,4,5,6];6:[0,4,6];1:[1,4,6];13:[0,4,6];19:[0,1,4,5,6];0:[0,1,2,4,5,6];10:[4];15:[7];12:[4,6];18:[0,1,4,5,6];2:[4,5];5:[0,1,4,6];8:[0,1,4,5,6];17:[1,4,5,6];14:[4,6,7];11:[0,4,6];16:[0,4,6];9:[0,4,6];7:[0,1,4,6];4:[0,4,6]","c3:bw=43,experts=[0,4,5,6]; c6:bw=37,experts=[0,4,6]; c1:bw=33,experts=[1,4,6]; c13:bw=34,experts=[0,4,6]; c19:bw=52,experts=[0,1,4,5,6]; c0:bw=60,experts=[0,1,2,4,5,6]; c10:bw=11,experts=[4]; c15:bw=16,experts=[7]; c12:bw=27,experts=[4,6]; c18:bw=50,experts=[0,1,4,5,6]; c2:bw=29,experts=[4,5]; c5:bw=49,experts=[0,1,4,6]; c8:bw=55,experts=[0,1,4,5,6]; c17:bw=46,experts=[1,4,5,6]; c14:bw=38,experts=[4,6,7]; c11:bw=39,experts=[0,4,6]; c16:bw=38,experts=[0,4,6]; c9:bw=38,experts=[0,4,6]; c7:bw=43,experts=[0,1,4,6]; c4:bw=38,experts=[0,4,6]","1.6797,2.2827,4.1825,4.6541,4.1513,1.6861,1.3870,3.3018,2.8582,3.4499,2.9247,1.4553,2.5535,2.5078,4.3353,2.6716,2.3658,2.5197,3.6636,3.7580"
62,2026-09-24 13:07:12,Ours,0.01,1.7466576473578086,55.71,55.71,62,60.1062,1:00.11,58.5014,0.3336,1.2689,3544.3767,59:04.38,20,"10,6,5,17,2,18,1,12,11,19,9,13,15,8,16,4,14,7,0,3",10:21;6:62;5:67;17:19;2:42;18:26;1:75;12:11;11:36;19:42;9:16;13:30;15:46;8:13;16:26;4:60;14:14;7:44;0:28;3:53,"10:[4,7];6:[0,1,2,4,5,6];5:[0,1,2,4,5,6];17:[4];2:[0,4,5,6];18:[4,6];1:[0,1,2,4,5,6,7];12:[7];11:[4,5,6];19:[0,4,5,6];9:[4];13:[2,4,6];15:[0,1,4,6];8:[4];16:[4,6];4:[0,1,2,4,5,6];14:[4];7:[0,4,5,6];0:[4,6];3:[0,1,4,5,6]","c10:bw=21,experts=[4,7]; c6:bw=62,experts=[0,1,2,4,5,6]; c5:bw=67,experts=[0,1,2,4,5,6]; c17:bw=19,experts=[4]; c2:bw=42,experts=[0,4,5,6]; c18:bw=26,experts=[4,6]; c1:bw=75,experts=[0,1,2,4,5,6,7]; c12:bw=11,experts=[7]; c11:bw=36,experts=[4,5,6]; c19:bw=42,experts=[0,4,5,6]; c9:bw=16,experts=[4]; c13:bw=30,experts=[2,4,6]; c15:bw=46,experts=[0,1,4,6]; c8:bw=13,experts=[4]; c16:bw=26,experts=[4,6]; c4:bw=60,experts=[0,1,2,4,5,6]; c14:bw=14,experts=[4]; c7:bw=44,experts=[0,4,5,6]; c0:bw=28,experts=[4,6]; c3:bw=53,experts=[0,1,4,5,6]","1.4102,2.3192,1.4617,2.5034,3.0231,3.4911,4.2475,2.7985,2.6629,4.0903,2.4985,4.5962,3.3176,2.5381,2.3635,3.8428,4.3687,3.6434,1.6560,1.6685"
63,2026-09-24 13:08:13,Ours,0.01,1.7344509937935324,55.84,55.84,63,60.4772,1:00.48,58.8872,0.3287,1.259,3604.8847,1:00:04.88,20,"13,9,16,8,4,3,11,7,18,2,12,0,14,15,19,17,6,1,5,10",13:58;9:21;16:58;8:32;4:52;3:52;11:45;7:68;18:47;2:28;12:51;0:41;14:41;15:61;19:34;17:37;6:34;1:50;5:10;10:27,"13:[0,1,4,5,6];9:[2,4];16:[0,1,2,4,6];8:[0,4,6];4:[0,1,4,5,6];3:[0,1,4,6,7];11:[0,1,4,6];7:[0,1,2,4,5,6];18:[2,4,6,7];2:[1,4];12:[0,2,4,5,6];0:[0,1,4,6];14:[0,1,4,6];15:[0,1,2,4,5,6];19:[0,4,6];17:[2,4,7];6:[0,4,6];1:[0,1,4,5,6];5:[7];10:[4,5]","c13:bw=58,experts=[0,1,4,5,6]; c9:bw=21,experts=[2,4]; c16:bw=58,experts=[0,1,2,4,6]; c8:bw=32,experts=[0,4,6]; c4:bw=52,experts=[0,1,4,5,6]; c3:bw=52,experts=[0,1,4,6,7]; c11:bw=45,experts=[0,1,4,6]; c7:bw=68,experts=[0,1,2,4,5,6]; c18:bw=47,experts=[2,4,6,7]; c2:bw=28,experts=[1,4]; c12:bw=51,experts=[0,2,4,5,6]; c0:bw=41,experts=[0,1,4,6]; c14:bw=41,experts=[0,1,4,6]; c15:bw=61,experts=[0,1,2,4,5,6]; c19:bw=34,experts=[0,4,6]; c17:bw=37,experts=[2,4,7]; c6:bw=34,experts=[0,4,6]; c1:bw=50,experts=[0,1,4,5,6]; c5:bw=10,experts=[7]; c10:bw=27,experts=[4,5]","4.6774,2.5277,2.3809,2.5580,3.7684,1.6805,2.7017,3.6997,3.5015,2.9281,2.8435,1.6860,4.4229,3.3891,4.1670,2.5657,2.3162,4.2402,1.4400,1.3924"
64,2026-09-24 13:09:13,Ours,0.01,1.7430333643125802,55.86,55.86,64,60.5538,1:00.55,58.9137,0.3254,1.3076,3665.4705,1:01:05.47,20,"11,9,2,1,4,13,18,12,7,19,5,14,15,8,3,0,6,16,17,10",11:57;9:59;2:56;1:28;4:38;13:42;18:37;12:27;7:34;19:10;5:24;14:46;15:59;8:53;3:38;0:32;6:50;16:16;17:10;10:49,"11:[0,1,3,4,6];9:[0,1,3,4,6];2:[0,3,4,6,7];1:[3,4];4:[3,4,6];13:[0,3,4,6];18:[3,4,6];12:[3,4];7:[3,4,6];19:[3];5:[3,4];14:[0,3,4,6];15:[0,1,3,4,6];8:[0,1,3,4,6];3:[3,4,6];0:[3,4,6];6:[0,3,4,6,7];16:[3];17:[3];10:[0,3,4,6]","c11:bw=57,experts=[0,1,3,4,6]; c9:bw=59,experts=[0,1,3,4,6]; c2:bw=56,experts=[0,3,4,6,7]; c1:bw=28,experts=[3,4]; c4:bw=38,experts=[3,4,6]; c13:bw=42,experts=[0,3,4,6]; c18:bw=37,experts=[3,4,6]; c12:bw=27,experts=[3,4]; c7:bw=34,experts=[3,4,6]; c19:bw=10,experts=[3]; c5:bw=24,experts=[3,4]; c14:bw=46,experts=[0,3,4,6]; c15:bw=59,experts=[0,1,3,4,6]; c8:bw=53,experts=[0,1,3,4,6]; c3:bw=38,experts=[3,4,6]; c0:bw=32,experts=[3,4,6]; c6:bw=50,experts=[0,3,4,6,7]; c16:bw=16,experts=[3]; c17:bw=10,experts=[3]; c10:bw=49,experts=[0,3,4,6]","2.7317,2.5463,2.9369,4.1914,3.7769,4.6816,3.4395,2.8144,3.6346,4.1356,1.4676,4.4550,3.4107,2.6439,1.6863,1.7050,2.3472,2.3768,2.5236,1.4087"
65,2026-09-24 13:10:14,Ours,0.01,1.7086156512424444,56.55,56.55,65,60.1235,1:00.12,58.5259,0.336,1.2593,3725.6268,1:02:05.63,20,"19,8,6,4,11,9,17,3,5,10,13,14,0,1,2,7,15,12,16,18",19:28;8:66;6:50;4:57;11:10;9:47;17:26;3:42;5:29;10:26;13:48;14:45;0:41;1:58;2:28;7:10;15:38;12:44;16:45;18:18,"19:[4,7];8:[0,1,4,5,6,7];6:[0,1,4,5,6];4:[0,1,4,5,6];11:[7];9:[0,4,6,7];17:[4,6];3:[0,1,4,6];5:[4,6];10:[2,4];13:[0,4,6,7];14:[0,4,5,6];0:[0,4,6,7];1:[0,1,2,4,6];2:[4,6];7:[4];15:[0,4,6];12:[0,1,4,6];16:[0,1,4,6];18:[4]","c19:bw=28,experts=[4,7]; c8:bw=66,experts=[0,1,4,5,6,7]; c6:bw=50,experts=[0,1,4,5,6]; c4:bw=57,experts=[0,1,4,5,6]; c11:bw=10,experts=[7]; c9:bw=47,experts=[0,4,6,7]; c17:bw=26,experts=[4,6]; c3:bw=42,experts=[0,1,4,6]; c5:bw=29,experts=[4,6]; c10:bw=26,experts=[2,4]; c13:bw=48,experts=[0,4,6,7]; c14:bw=45,experts=[0,4,5,6]; c0:bw=41,experts=[0,4,6,7]; c1:bw=58,experts=[0,1,2,4,6]; c2:bw=28,experts=[4,6]; c7:bw=10,experts=[4]; c15:bw=38,experts=[0,4,6]; c12:bw=44,experts=[0,1,4,6]; c16:bw=45,experts=[0,1,4,6]; c18:bw=18,experts=[4]","4.2117,2.6620,2.3741,3.8570,2.6703,2.5239,2.5120,1.6761,1.4538,1.4025,4.6714,4.3406,1.6744,4.1472,2.9180,3.5430,3.3289,2.7888,2.3625,3.4076"
66,2026-09-24 13:11:14,Ours,0.01,1.7042226433701972,56.83,56.83,66,60.0341,1:00.03,58.4072,0.333,1.2916,3785.6942,1:03:05.69,20,"7,8,3,15,5,12,4,16,14,10,19,0,11,1,13,18,17,9,2,6",7:50;8:24;3:66;15:50;5:17;12:42;4:41;16:59;14:23;10:46;19:56;0:38;11:10;1:54;13:32;18:24;17:35;9:31;2:41;6:30,"7:[0,1,4,5,6];8:[2,4];3:[0,1,2,4,5,6];15:[0,1,4,5,6];5:[4];12:[0,1,4,6];4:[0,1,4,6];16:[0,1,4,5,6];14:[4,6];10:[0,1,4,6];19:[0,1,4,5,6];0:[0,4,6];11:[4];1:[0,1,4,5,6];13:[0,4,6];18:[4,6];17:[0,4,6];9:[4,5,6];2:[0,2,4,6];6:[0,4,6]","c7:bw=50,experts=[0,1,4,5,6]; c8:bw=24,experts=[2,4]; c3:bw=66,experts=[0,1,2,4,5,6]; c15:bw=50,experts=[0,1,4,5,6]; c5:bw=17,experts=[4]; c12:bw=42,experts=[0,1,4,6]; c4:bw=41,experts=[0,1,4,6]; c16:bw=59,experts=[0,1,4,5,6]; c14:bw=23,experts=[4,6]; c10:bw=46,experts=[0,1,4,6]; c19:bw=56,experts=[0,1,4,5,6]; c0:bw=38,experts=[0,4,6]; c11:bw=10,experts=[4]; c1:bw=54,experts=[0,1,4,5,6]; c13:bw=32,experts=[0,4,6]; c18:bw=24,experts=[4,6]; c17:bw=35,experts=[0,4,6]; c9:bw=31,experts=[4,5,6]; c2:bw=41,experts=[0,2,4,6]; c6:bw=30,experts=[0,4,6]","3.6384,2.5564,1.6455,3.2951,1.4407,2.8288,3.7714,2.4059,4.3702,1.4070,4.1281,1.6575,2.6424,4.1577,4.5972,3.4567,2.5431,2.5416,3.0006,2.3228"
67,2026-09-24 13:12:14,Ours,0.01,1.688928095130909,57.1,57.1,67,60.6371,1:00.64,59.0258,0.3276,1.2814,3846.3663,1:04:06.37,20,"6,17,13,18,8,3,10,5,9,12,15,1,19,11,0,16,2,4,14,7",6:53;17:48;13:39;18:31;8:10;3:25;10:36;5:48;9:60;12:44;15:49;1:36;19:14;11:43;0:32;16:53;2:43;4:51;14:18;7:59,"6:[0,1,4,5,6];17:[0,1,4,6];13:[0,4,6];18:[0,4,6];8:[4];3:[4,6];10:[1,4,6];5:[0,1,4,6];9:[0,1,2,4,5,6];12:[0,1,4,6];15:[0,1,4,6];1:[0,4,6];19:[4];11:[0,1,4,6];0:[0,4,6];16:[0,1,4,5,6];2:[0,1,4,6];4:[0,1,4,5,6];14:[4];7:[0,1,4,5,6]","c6:bw=53,experts=[0,1,4,5,6]; c17:bw=48,experts=[0,1,4,6]; c13:bw=39,experts=[0,4,6]; c18:bw=31,experts=[0,4,6]; c8:bw=10,experts=[4]; c3:bw=25,experts=[4,6]; c10:bw=36,experts=[1,4,6]; c5:bw=48,experts=[0,1,4,6]; c9:bw=60,experts=[0,1,2,4,5,6]; c12:bw=44,experts=[0,1,4,6]; c15:bw=49,experts=[0,1,4,6]; c1:bw=36,experts=[0,4,6]; c19:bw=14,experts=[4]; c11:bw=43,experts=[0,1,4,6]; c0:bw=32,experts=[0,4,6]; c16:bw=53,experts=[0,1,4,5,6]; c2:bw=43,experts=[0,1,4,6]; c4:bw=51,experts=[0,1,4,5,6]; c14:bw=18,experts=[4]; c7:bw=59,experts=[0,1,4,5,6]","2.3573,2.5869,4.7120,3.5148,2.5783,1.6620,1.3909,1.5531,2.5525,2.8158,3.3404,4.2141,4.1393,2.6925,1.7525,2.4109,2.9633,3.7638,4.3719,3.6536"
68,2026-09-24 13:13:15,Ours,0.01,1.709706157495738,57.25,57.25,68,60.297,1:00.30,58.7379,0.3276,1.2292,3906.6975,1:05:06.70,20,"7,12,18,19,5,1,8,11,3,10,2,4,14,0,16,9,6,17,15,13",7:28;12:67;18:54;19:28;5:45;1:42;8:31;11:14;3:26;10:31;2:58;4:49;14:10;0:30;16:54;9:15;6:32;17:72;15:28;13:35,"7:[4,7];12:[0,1,2,4,5,6];18:[0,1,4,5,6];19:[2,4];5:[0,1,4,6];1:[0,1,4,6];8:[0,4,6];11:[2];3:[4,6];10:[0,4,6];2:[0,1,4,5,6];4:[4,5,6,7];14:[2];0:[0,4,6];16:[0,1,4,6,7];9:[4];6:[0,4,6];17:[0,1,2,4,5,6,7];15:[4,6];13:[0,4,6]","c7:bw=28,experts=[4,7]; c12:bw=67,experts=[0,1,2,4,5,6]; c18:bw=54,experts=[0,1,4,5,6]; c19:bw=28,experts=[2,4]; c5:bw=45,experts=[0,1,4,6]; c1:bw=42,experts=[0,1,4,6]; c8:bw=31,experts=[0,4,6]; c11:bw=14,experts=[2]; c3:bw=26,experts=[4,6]; c10:bw=31,experts=[0,4,6]; c2:bw=58,experts=[0,1,4,5,6]; c4:bw=49,experts=[4,5,6,7]; c14:bw=10,experts=[2]; c0:bw=30,experts=[0,4,6]; c16:bw=54,experts=[0,1,4,6,7]; c9:bw=15,experts=[4]; c6:bw=32,experts=[0,4,6]; c17:bw=72,experts=[0,1,2,4,5,6,7]; c15:bw=28,experts=[4,6]; c13:bw=35,experts=[0,4,6]","3.6602,2.8461,3.4933,4.1247,1.4772,4.1983,2.5720,2.6563,1.6807,1.4228,3.0113,3.8296,4.4570,1.7127,2.3771,2.4940,2.2793,2.5448,3.2954,4.6052"
69,2026-09-24 13:14:15,Ours,0.01,1.672409679478248,57.82,57.82,69,60.6011,1:00.60,58.9801,0.3383,1.2804,3967.3322,1:06:07.33,20,"12,17,15,13,16,0,8,7,5,18,4,3,11,14,6,2,1,9,10,19",12:10;17:48;15:20;13:67;16:60;0:52;8:42;7:58;5:39;18:10;4:41;3:41;11:45;14:37;6:26;2:66;1:31;9:35;10:16;19:43,"12:[4];17:[0,1,4,6];15:[4,7];13:[0,1,2,4,5,6];16:[0,1,2,4,5,6];0:[0,2,4,5,6];8:[0,1,4,6];7:[0,1,4,5,6];5:[0,4,6];18:[4];4:[0,1,4,6];3:[0,1,4,6];11:[0,1,4,6];14:[4,6,7];6:[4,6];2:[0,1,2,4,5,6];1:[0,4,6];9:[0,4,6];10:[4];19:[0,1,4,6]","c12:bw=10,experts=[4]; c17:bw=48,experts=[0,1,4,6]; c15:bw=20,experts=[4,7]; c13:bw=67,experts=[0,1,2,4,5,6]; c16:bw=60,experts=[0,1,2,4,5,6]; c0:bw=52,experts=[0,2,4,5,6]; c8:bw=42,experts=[0,1,4,6]; c7:bw=58,experts=[0,1,4,5,6]; c5:bw=39,experts=[0,4,6]; c18:bw=10,experts=[4]; c4:bw=41,experts=[0,1,4,6]; c3:bw=41,experts=[0,1,4,6]; c11:bw=45,experts=[0,1,4,6]; c14:bw=37,experts=[4,6,7]; c6:bw=26,experts=[4,6]; c2:bw=66,experts=[0,1,2,4,5,6]; c1:bw=31,experts=[0,4,6]; c9:bw=35,experts=[0,4,6]; c10:bw=16,experts=[4]; c19:bw=43,experts=[0,1,4,6]","2.8080,2.5776,3.3429,4.7270,2.4343,1.7046,2.6183,3.6588,1.4487,3.4138,3.7730,1.6431,2.6697,4.4101,2.3199,3.0181,4.2744,2.5482,1.3945,4.1951"
70,2026-09-24 13:15:16,Ours,0.01,1.6792121519900018,57.35,57.82,69,60.7609,1:00.76,59.1507,0.3265,1.2765,4028.1272,1:07:08.13,20,"5,17,3,10,12,15,19,4,18,7,8,14,2,1,0,6,13,9,16,11",5:23;17:41;3:32;10:58;12:40;15:75;19:37;4:58;18:63;7:28;8:48;14:10;2:55;1:24;0:30;6:26;13:33;9:10;16:67;11:53,"5:[2,5];17:[0,1,4,6];3:[1,4,6];10:[0,1,4,6,7];12:[0,4,6,7];15:[0,1,2,4,5,6,7];19:[0,4,6];4:[0,1,2,4,6];18:[0,1,2,4,5,6];7:[4,6];8:[0,1,4,6];14:[4];2:[0,1,4,5,6];1:[4,7];0:[0,4,6];6:[2,4];13:[0,4,6];9:[4];16:[0,1,2,4,5,6];11:[0,1,4,5,6]","c5:bw=23,experts=[2,5]; c17:bw=41,experts=[0,1,4,6]; c3:bw=32,experts=[1,4,6]; c10:bw=58,experts=[0,1,4,6,7]; c12:bw=40,experts=[0,4,6,7]; c15:bw=75,experts=[0,1,2,4,5,6,7]; c19:bw=37,experts=[0,4,6]; c4:bw=58,experts=[0,1,2,4,6]; c18:bw=63,experts=[0,1,2,4,5,6]; c7:bw=28,experts=[4,6]; c8:bw=48,experts=[0,1,4,6]; c14:bw=10,experts=[4]; c2:bw=55,experts=[0,1,4,5,6]; c1:bw=24,experts=[4,7]; c0:bw=30,experts=[0,4,6]; c6:bw=26,experts=[2,4]; c13:bw=33,experts=[0,4,6]; c9:bw=10,experts=[4]; c16:bw=67,experts=[0,1,2,4,5,6]; c11:bw=53,experts=[0,1,4,5,6]","1.4716,2.6175,1.6752,1.4267,2.8418,3.3673,4.1765,3.7841,3.5102,3.6844,2.6294,4.3751,2.9820,4.1584,1.6859,2.2946,4.6671,2.5181,2.5582,2.7266"
71,2026-09-24 13:16:17,Ours,0.01,1.685682408110504,57.54,57.82,69,60.8904,1:00.89,59.3007,0.33,1.2574,4089.0516,1:08:09.05,20,"6,19,2,11,16,7,13,0,14,15,8,3,9,17,18,5,10,4,1,12",6:50;19:54;2:61;11:44;16:19;7:20;13:25;0:16;14:10;15:28;8:39;3:62;9:40;17:61;18:45;5:33;10:69;4:42;1:52;12:43,"6:[0,1,4,5,6];19:[0,1,4,5,6];2:[0,1,2,4,5,6];11:[0,1,4,6];16:[4];7:[2,4];13:[4,6];0:[1];14:[1];15:[4,6];8:[0,4,6];3:[0,1,4,5,6,7];9:[0,1,4,6];17:[0,1,2,4,5,6];18:[0,4,6,7];5:[4,6,7];10:[0,1,2,4,5,6];4:[0,1,4,6];1:[0,1,4,5,6];12:[0,1,4,6]","c6:bw=50,experts=[0,1,4,5,6]; c19:bw=54,experts=[0,1,4,5,6]; c2:bw=61,experts=[0,1,2,4,5,6]; c11:bw=44,experts=[0,1,4,6]; c16:bw=19,experts=[4]; c7:bw=20,experts=[2,4]; c13:bw=25,experts=[4,6]; c0:bw=16,experts=[1]; c14:bw=10,experts=[1]; c15:bw=28,experts=[4,6]; c8:bw=39,experts=[0,4,6]; c3:bw=62,experts=[0,1,4,5,6,7]; c9:bw=40,experts=[0,1,4,6]; c17:bw=61,experts=[0,1,2,4,5,6]; c18:bw=45,experts=[0,4,6,7]; c5:bw=33,experts=[4,6,7]; c10:bw=69,experts=[0,1,2,4,5,6]; c4:bw=42,experts=[0,1,4,6]; c1:bw=52,experts=[0,1,4,5,6]; c12:bw=43,experts=[0,1,4,6]","2.3487,4.2649,3.0364,2.6712,2.3950,3.6806,4.7222,1.7228,4.3940,3.3230,2.5826,1.6868,2.5475,2.5595,3.4894,1.4805,1.4354,3.8416,4.2889,2.8297"
72,2026-09-24 13:17:17,Ours,0.01,1.6965322925738306,57.82,57.82,69,60.374,1:00.37,58.7551,0.341,1.2756,4149.4597,1:09:09.46,20,"2,10,13,17,15,16,18,3,14,0,19,6,4,8,12,11,1,7,5,9",2:23;10:28;13:54;17:18;15:41;16:46;18:29;3:23;14:43;0:52;19:32;6:19;4:39;8:30;12:28;11:10;1:39;7:48;5:43;9:38,"2:[3,7];10:[3,4];13:[0,1,3,4,6];17:[3];15:[0,3,4,6];16:[0,3,4,6];18:[3,4];3:[3,4];14:[0,3,4,6];0:[0,1,3,4,6];19:[3,4,6];6:[3];4:[3,4,6];8:[3,4,6];12:[3,4];11:[3];1:[3,4,6];7:[1,3,4,6];5:[0,3,4,6];9:[3,4,6]","c2:bw=23,experts=[3,7]; c10:bw=28,experts=[3,4]; c13:bw=54,experts=[0,1,3,4,6]; c17:bw=18,experts=[3]; c15:bw=41,experts=[0,3,4,6]; c16:bw=46,experts=[0,3,4,6]; c18:bw=29,experts=[3,4]; c3:bw=23,experts=[3,4]; c14:bw=43,experts=[0,3,4,6]; c0:bw=52,experts=[0,1,3,4,6]; c19:bw=32,experts=[3,4,6]; c6:bw=19,experts=[3]; c4:bw=39,experts=[3,4,6]; c8:bw=30,experts=[3,4,6]; c12:bw=28,experts=[3,4]; c11:bw=10,experts=[3]; c1:bw=39,experts=[3,4,6]; c7:bw=48,experts=[1,3,4,6]; c5:bw=43,experts=[0,3,4,6]; c9:bw=38,experts=[3,4,6]","2.9693,1.4003,4.6803,2.5661,3.4021,2.4144,3.4932,1.6773,4.3493,1.6832,4.1127,2.3017,3.8128,2.5537,2.7896,2.6602,4.1764,3.6428,1.4793,2.5907"
73,2026-09-24 13:18:19,Ours,0.01,1.6768499737687115,57.95,57.95,73,61.2384,1:01.24,59.6219,0.3293,1.285,4210.7339,1:10:10.73,20,"8,11,12,13,4,9,1,5,2,15,6,14,19,17,16,7,10,3,18,0",8:11;11:46;12:37;13:50;4:41;9:52;1:66;5:17;2:47;15:47;6:20;14:16;19:10;17:17;16:61;7:37;10:42;3:40;18:34;0:28,"8:[5];11:[1,4,6,7];12:[0,4,6];13:[0,1,4,6,7];4:[0,1,4,6];9:[0,1,4,6,7];1:[0,1,2,4,5,6];5:[4];2:[0,1,4,6];15:[0,1,4,6];6:[4,7];14:[5];19:[7];17:[4];16:[0,1,2,4,5,6];7:[0,4,6];10:[0,1,4,6];3:[0,1,4,6];18:[0,4,6];0:[4,7]","c8:bw=11,experts=[5]; c11:bw=46,experts=[1,4,6,7]; c12:bw=37,experts=[0,4,6]; c13:bw=50,experts=[0,1,4,6,7]; c4:bw=41,experts=[0,1,4,6]; c9:bw=52,experts=[0,1,4,6,7]; c1:bw=66,experts=[0,1,2,4,5,6]; c5:bw=17,experts=[4]; c2:bw=47,experts=[0,1,4,6]; c15:bw=47,experts=[0,1,4,6]; c6:bw=20,experts=[4,7]; c14:bw=16,experts=[5]; c19:bw=10,experts=[7]; c17:bw=17,experts=[4]; c16:bw=61,experts=[0,1,2,4,5,6]; c7:bw=37,experts=[0,4,6]; c10:bw=42,experts=[0,1,4,6]; c3:bw=40,experts=[0,1,4,6]; c18:bw=34,experts=[0,4,6]; c0:bw=28,experts=[4,7]","2.6451,2.7480,2.8560,4.7872,3.8904,2.6290,4.2324,1.4654,3.0476,3.3691,2.3490,4.4642,4.2318,2.5817,2.4496,3.6763,1.4041,1.6726,3.4550,1.6673"
74,2026-09-24 13:19:20,Ours,0.01,1.67275085613289,58.03,58.03,74,61.2433,1:01.24,59.5972,0.3307,1.3131,4272.0137,1:11:12.01,20,"9,17,19,7,5,6,15,4,11,8,1,18,12,16,13,0,10,2,14,3",9:32;17:62;19:20;7:65;5:50;6:10;15:50;4:47;11:37;8:28;1:28;18:60;12:10;16:48;13:42;0:40;10:25;2:10;14:32;3:10,"9:[0,4,6];17:[0,1,2,4,5,6];19:[4,6];7:[0,1,2,4,5,6];5:[0,1,4,5,6];6:[4];15:[0,1,4,5,6];4:[0,4,5,6];11:[0,4,6];8:[2,7];1:[4,6];18:[0,1,2,4,5,6];12:[4];16:[0,1,4,6];13:[0,1,4,6];0:[0,1,4,6];10:[4,6];2:[4];14:[0,4,6];3:[2]","c9:bw=32,experts=[0,4,6]; c17:bw=62,experts=[0,1,2,4,5,6]; c19:bw=20,experts=[4,6]; c7:bw=65,experts=[0,1,2,4,5,6]; c5:bw=50,experts=[0,1,4,5,6]; c6:bw=10,experts=[4]; c15:bw=50,experts=[0,1,4,5,6]; c4:bw=47,experts=[0,4,5,6]; c11:bw=37,experts=[0,4,6]; c8:bw=28,experts=[2,7]; c1:bw=28,experts=[4,6]; c18:bw=60,experts=[0,1,2,4,5,6]; c12:bw=10,experts=[4]; c16:bw=48,experts=[0,1,4,6]; c13:bw=42,experts=[0,1,4,6]; c0:bw=40,experts=[0,1,4,6]; c10:bw=25,experts=[4,6]; c2:bw=10,experts=[4]; c14:bw=32,experts=[0,4,6]; c3:bw=10,experts=[2]","2.6844,2.6455,4.2480,3.7470,1.5119,2.3426,3.3779,3.7953,2.6863,2.5781,4.2099,3.5494,2.7812,2.3864,4.6734,1.6853,1.4447,3.0272,4.5210,1.7016"
75,2026-09-24 13:20:21,Ours,0.01,1.6386836472868869,58.58,58.58,75,60.966,1:00.97,59.3785,0.3348,1.2503,4333.0187,1:12:13.02,20,"8,0,17,16,18,12,19,3,13,5,14,11,4,1,15,2,6,9,7,10",8:53;0:60;17:43;16:46;18:68;12:40;19:19;3:20;13:46;5:31;14:60;11:42;4:56;1:54;15:20;2:40;6:56;9:61;7:28;10:23,"8:[0,1,2,4,6];0:[0,1,2,4,5,6];17:[0,1,4,6];16:[0,1,4,6];18:[0,1,2,4,5,6];12:[0,1,4,6];19:[4];3:[4,6];13:[0,1,4,6];5:[0,4,6];14:[0,1,2,4,5,6];11:[0,1,4,6];4:[0,1,4,5,6];1:[0,1,4,5,6];15:[4,6];2:[0,1,4,6];6:[0,1,4,5,6];9:[0,1,2,4,5,6];7:[4,6];10:[4,6]","c8:bw=53,experts=[0,1,2,4,6]; c0:bw=60,experts=[0,1,2,4,5,6]; c17:bw=43,experts=[0,1,4,6]; c16:bw=46,experts=[0,1,4,6]; c18:bw=68,experts=[0,1,2,4,5,6]; c12:bw=40,experts=[0,1,4,6]; c19:bw=19,experts=[4]; c3:bw=20,experts=[4,6]; c13:bw=46,experts=[0,1,4,6]; c5:bw=31,experts=[0,4,6]; c14:bw=60,experts=[0,1,2,4,5,6]; c11:bw=42,experts=[0,1,4,6]; c4:bw=56,experts=[0,1,4,5,6]; c1:bw=54,experts=[0,1,4,5,6]; c15:bw=20,experts=[4,6]; c2:bw=40,experts=[0,1,4,6]; c6:bw=56,experts=[0,1,4,5,6]; c9:bw=61,experts=[0,1,2,4,5,6]; c7:bw=28,experts=[4,6]; c10:bw=23,experts=[4,6]","2.7135,1.7605,2.6037,2.3850,3.4662,2.7881,4.0939,1.6500,4.7284,1.4958,4.5127,2.7584,3.8666,4.3074,3.4008,2.9737,2.3180,2.5592,3.6033,1.3933"
76,2026-09-24 13:21:22,Ours,0.01,1.657733125999456,58.36,58.58,75,61.0877,1:01.09,59.4728,0.3505,1.2621,4394.1431,1:13:14.14,20,"12,3,15,1,18,8,5,10,6,0,4,17,2,7,13,11,14,19,9,16",12:21;3:15;15:42;1:53;18:39;8:29;5:37;10:46;6:23;0:31;4:60;17:33;2:25;7:66;13:39;11:42;14:22;19:44;9:57;16:39,"12:[2,5];3:[4];15:[0,1,4,6];1:[0,1,4,5,6];18:[0,4,6];8:[4,6];5:[0,4,6];10:[0,1,4,6];6:[4,6];0:[0,4,6];4:[0,1,4,5,6,7];17:[4,6,7];2:[4,6];7:[0,1,4,5,6,7];13:[0,4,6];11:[0,2,4,6];14:[4,6];19:[0,2,4,6];9:[0,1,2,4,6];16:[4,6,7]","c12:bw=21,experts=[2,5]; c3:bw=15,experts=[4]; c15:bw=42,experts=[0,1,4,6]; c1:bw=53,experts=[0,1,4,5,6]; c18:bw=39,experts=[0,4,6]; c8:bw=29,experts=[4,6]; c5:bw=37,experts=[0,4,6]; c10:bw=46,experts=[0,1,4,6]; c6:bw=23,experts=[4,6]; c0:bw=31,experts=[0,4,6]; c4:bw=60,experts=[0,1,4,5,6,7]; c17:bw=33,experts=[4,6,7]; c2:bw=25,experts=[4,6]; c7:bw=66,experts=[0,1,4,5,6,7]; c13:bw=39,experts=[0,4,6]; c11:bw=42,experts=[0,2,4,6]; c14:bw=22,experts=[4,6]; c19:bw=44,experts=[0,2,4,6]; c9:bw=57,experts=[0,1,2,4,6]; c16:bw=39,experts=[4,6,7]","2.8788,1.7296,3.4504,4.2289,3.4699,2.5717,1.4652,1.4007,2.2963,1.7335,3.9140,2.6344,3.0569,3.7499,4.7473,2.7459,4.3878,4.0996,2.5468,2.3652"
77,2026-09-24 13:22:23,Ours,0.01,1.6309436882282526,58.94,58.94,77,60.6793,1:00.68,59.0438,0.3276,1.3007,4454.8593,1:14:14.86,20,"7,3,17,2,10,18,11,1,5,4,16,13,0,6,9,15,19,12,8,14",7:10;3:40;17:37;2:34;10:39;18:31;11:28;1:62;5:59;4:10;16:34;13:37;0:63;6:57;9:29;15:43;19:37;12:46;8:10;14:64,"7:[4];3:[0,1,4,6];17:[0,4,6];2:[0,4,6];10:[0,4,6];18:[0,4,6];11:[4,6];1:[0,1,2,4,5,6];5:[0,1,4,5,6];4:[4];16:[0,4,6];13:[2,4,5];0:[0,1,2,4,5,6];6:[0,1,2,4,6];9:[4,6];15:[0,1,4,6];19:[0,4,6];12:[0,1,4,6];8:[4];14:[0,1,4,5,6,7]","c7:bw=10,experts=[4]; c3:bw=40,experts=[0,1,4,6]; c17:bw=37,experts=[0,4,6]; c2:bw=34,experts=[0,4,6]; c10:bw=39,experts=[0,4,6]; c18:bw=31,experts=[0,4,6]; c11:bw=28,experts=[4,6]; c1:bw=62,experts=[0,1,2,4,5,6]; c5:bw=59,experts=[0,1,4,5,6]; c4:bw=10,experts=[4]; c16:bw=34,experts=[0,4,6]; c13:bw=37,experts=[2,4,5]; c0:bw=63,experts=[0,1,2,4,5,6]; c6:bw=57,experts=[0,1,2,4,6]; c9:bw=29,experts=[4,6]; c15:bw=43,experts=[0,1,4,6]; c19:bw=37,experts=[0,4,6]; c12:bw=46,experts=[0,1,4,6]; c8:bw=10,experts=[4]; c14:bw=64,experts=[0,1,4,5,6,7]","3.5918,1.7098,2.5651,2.9425,1.4478,3.5124,2.6792,4.1894,1.4692,3.7232,2.3738,4.6423,1.7034,2.3510,2.6345,3.4476,4.2356,2.8599,2.5488,4.4166"
78,2026-09-24 13:23:23,Ours,0.01,1.620701899070906,59.14,59.14,78,60.5737,1:00.57,58.9643,0.3292,1.2729,4515.4706,1:15:15.47,20,"5,11,13,8,14,4,12,3,19,18,0,16,9,10,1,2,6,17,7,15",5:63;11:37;13:59;8:54;14:52;4:23;12:31;3:38;19:12;18:35;0:26;16:44;9:31;10:59;1:41;2:34;6:57;17:31;7:36;15:38,"5:[0,1,2,4,5,6];11:[4,5,6];13:[0,1,4,5,6];8:[0,1,4,5,6];14:[0,1,4,5,6];4:[2,4];12:[4,6,7];3:[0,4,6];19:[4];18:[0,4,6];0:[4,6];16:[0,1,4,6];9:[0,4,6];10:[0,1,4,6,7];1:[0,4,6,7];2:[0,4,6];6:[0,1,4,5,6];17:[0,4,6];7:[0,4,6];15:[2,4,7]","c5:bw=63,experts=[0,1,2,4,5,6]; c11:bw=37,experts=[4,5,6]; c13:bw=59,experts=[0,1,4,5,6]; c8:bw=54,experts=[0,1,4,5,6]; c14:bw=52,experts=[0,1,4,5,6]; c4:bw=23,experts=[2,4]; c12:bw=31,experts=[4,6,7]; c3:bw=38,experts=[0,4,6]; c19:bw=12,experts=[4]; c18:bw=35,experts=[0,4,6]; c0:bw=26,experts=[4,6]; c16:bw=44,experts=[0,1,4,6]; c9:bw=31,experts=[0,4,6]; c10:bw=59,experts=[0,1,4,6,7]; c1:bw=41,experts=[0,4,6,7]; c2:bw=34,experts=[0,4,6]; c6:bw=57,experts=[0,1,4,5,6]; c17:bw=31,experts=[0,4,6]; c7:bw=36,experts=[0,4,6]; c15:bw=38,experts=[2,4,7]","1.4989,2.6879,4.6510,2.6147,4.4713,3.7551,2.8051,1.6750,4.0859,3.4510,1.6637,2.3959,2.5424,1.4293,4.2792,3.0234,2.3725,2.5816,3.6149,3.3657"
79,2026-09-24 13:24:25,Ours,0.01,1.6544128440085568,58.91,59.14,78,61.1491,1:01.15,59.5244,0.3393,1.283,4576.6579,1:16:16.66,20,"2,10,17,18,13,9,4,15,16,1,8,5,12,3,0,19,14,6,11,7",2:33;10:34;17:58;18:12;13:43;9:10;4:80;15:54;16:59;1:37;8:44;5:53;12:10;3:26;0:36;19:26;14:62;6:21;11:32;7:46,"2:[2,4,5];10:[2,4,5];17:[0,1,4,5,6];18:[7];13:[0,1,4,6];9:[4];4:[0,1,2,3,4,5,6,7];15:[0,1,4,5,6];16:[0,1,4,5,6];1:[0,4,6];8:[0,1,4,6];5:[0,1,4,6,7];12:[4];3:[5,7];0:[0,4,6];19:[1,5];14:[0,1,2,4,5,6];6:[4,6];11:[0,4,6];7:[0,1,4,6]","c2:bw=33,experts=[2,4,5]; c10:bw=34,experts=[2,4,5]; c17:bw=58,experts=[0,1,4,5,6]; c18:bw=12,experts=[7]; c13:bw=43,experts=[0,1,4,6]; c9:bw=10,experts=[4]; c4:bw=80,experts=[0,1,2,3,4,5,6,7]; c15:bw=54,experts=[0,1,4,5,6]; c16:bw=59,experts=[0,1,4,5,6]; c1:bw=37,experts=[0,4,6]; c8:bw=44,experts=[0,1,4,6]; c5:bw=53,experts=[0,1,4,6,7]; c12:bw=10,experts=[4]; c3:bw=26,experts=[5,7]; c0:bw=36,experts=[0,4,6]; c19:bw=26,experts=[1,5]; c14:bw=62,experts=[0,1,2,4,5,6]; c6:bw=21,experts=[4,6]; c11:bw=32,experts=[0,4,6]; c7:bw=46,experts=[0,1,4,6]","3.0496,1.4209,2.5867,3.5474,4.7570,2.5365,3.7618,3.3401,2.3997,4.1847,2.5755,1.4606,2.8423,1.6983,1.7377,4.2616,4.4142,2.3275,2.8690,3.7533"
80,2026-09-24 13:25:27,Ours,0.01,1.6546034163724403,59.19,59.19,80,62.0676,1:02.07,60.4147,0.3381,1.3076,4638.7644,1:17:18.76,20,"13,8,5,14,11,7,18,15,4,0,3,6,10,19,17,16,12,1,9,2",13:39;8:51;5:65;14:30;11:62;7:48;18:13;15:41;4:57;0:47;3:31;6:39;10:18;19:35;17:61;16:44;12:10;1:31;9:53;2:44,"13:[3,4,6];8:[0,1,3,4,6];5:[0,1,3,4,5,6];14:[3,4,6];11:[0,1,3,4,5,6];7:[0,3,4,6];18:[3];15:[0,3,4,6];4:[0,1,4,5,6];0:[0,3,4,6];3:[3,4,6];6:[3,4,6];10:[3];19:[3,4,6];17:[0,1,3,4,5,6];16:[0,3,4,6];12:[3];1:[3,4,6];9:[0,1,3,4,6];2:[3,4,6,7]","c13:bw=39,experts=[3,4,6]; c8:bw=51,experts=[0,1,3,4,6]; c5:bw=65,experts=[0,1,3,4,5,6]; c14:bw=30,experts=[3,4,6]; c11:bw=62,experts=[0,1,3,4,5,6]; c7:bw=48,experts=[0,3,4,6]; c18:bw=13,experts=[3]; c15:bw=41,experts=[0,3,4,6]; c4:bw=57,experts=[0,1,4,5,6]; c0:bw=47,experts=[0,3,4,6]; c3:bw=31,experts=[3,4,6]; c6:bw=39,experts=[3,4,6]; c10:bw=18,experts=[3]; c19:bw=35,experts=[3,4,6]; c17:bw=61,experts=[0,1,3,4,5,6]; c16:bw=44,experts=[0,3,4,6]; c12:bw=10,experts=[3]; c1:bw=31,experts=[3,4,6]; c9:bw=53,experts=[0,1,3,4,6]; c2:bw=44,experts=[3,4,6,7]","4.8091,2.6883,1.5460,4.5745,2.8485,3.7832,3.4497,3.3739,3.7893,1.6884,1.6835,2.3595,1.4290,4.2987,2.6670,2.4681,2.8926,4.3319,2.6564,3.0769"
81,2026-09-24 13:26:28,Ours,0.01,1.613030534207669,59.69,59.69,81,61.1006,1:01.10,59.5211,0.332,1.2451,4699.9049,1:18:19.90,20,"9,10,5,15,19,8,14,17,18,11,3,1,7,13,12,2,16,0,4,6",9:26;10:44;5:30;15:65;19:52;8:48;14:46;17:27;18:60;11:22;3:67;1:49;7:58;13:21;12:75;2:45;16:35;0:50;4:42;6:51,"9:[4,7];10:[0,1,4,6];5:[0,4,6];15:[0,1,2,4,5,6];19:[0,1,4,6,7];8:[0,1,4,6];14:[0,1,4,6];17:[4,6];18:[0,1,2,4,5,6];11:[4,7];3:[0,1,2,4,5,6];1:[0,1,4,6];7:[0,1,4,5,6];13:[4,7];12:[0,1,2,4,5,6,7];2:[0,1,4,6];16:[2,4,6];0:[0,1,4,6,7];4:[0,1,4,6];6:[0,1,4,6,7]","c9:bw=26,experts=[4,7]; c10:bw=44,experts=[0,1,4,6]; c5:bw=30,experts=[0,4,6]; c15:bw=65,experts=[0,1,2,4,5,6]; c19:bw=52,experts=[0,1,4,6,7]; c8:bw=48,experts=[0,1,4,6]; c14:bw=46,experts=[0,1,4,6]; c17:bw=27,experts=[4,6]; c18:bw=60,experts=[0,1,2,4,5,6]; c11:bw=22,experts=[4,7]; c3:bw=67,experts=[0,1,2,4,5,6]; c1:bw=49,experts=[0,1,4,6]; c7:bw=58,experts=[0,1,4,5,6]; c13:bw=21,experts=[4,7]; c12:bw=75,experts=[0,1,2,4,5,6,7]; c2:bw=45,experts=[0,1,4,6]; c16:bw=35,experts=[2,4,6]; c0:bw=50,experts=[0,1,4,6,7]; c4:bw=42,experts=[0,1,4,6]; c6:bw=51,experts=[0,1,4,6,7]","2.5857,1.4219,1.4668,3.4144,4.1501,2.5805,4.3793,2.5442,3.4820,2.6841,1.6676,4.2363,3.7101,4.7657,2.9294,3.0822,2.4700,1.7392,3.8298,2.3817"
82,2026-09-24 13:27:30,Ours,0.01,1.6009114990692228,59.81,59.81,82,61.8319,1:01.83,60.2017,0.3339,1.294,4761.7747,1:19:21.77,20,"9,16,0,13,2,15,19,12,8,1,14,7,6,5,18,10,17,4,11,3",9:56;16:32;0:30;13:35;2:30;15:16;19:21;12:63;8:58;1:64;14:54;7:40;6:36;5:40;18:45;10:18;17:44;4:30;11:47;3:39,"9:[0,1,4,5,6];16:[1,4,6];0:[0,4,6];13:[0,4,6];2:[0,4,6];15:[4];19:[4,6];12:[0,1,2,4,5,6];8:[0,1,4,6,7];1:[0,1,2,4,5,6];14:[0,1,4,5,6];7:[0,2,4,6];6:[0,4,6];5:[0,1,4,6];18:[0,1,4,6];10:[4];17:[0,2,4,6];4:[0,4,6];11:[0,1,4,6];3:[1,4,6]","c9:bw=56,experts=[0,1,4,5,6]; c16:bw=32,experts=[1,4,6]; c0:bw=30,experts=[0,4,6]; c13:bw=35,experts=[0,4,6]; c2:bw=30,experts=[0,4,6]; c15:bw=16,experts=[4]; c19:bw=21,experts=[4,6]; c12:bw=63,experts=[0,1,2,4,5,6]; c8:bw=58,experts=[0,1,4,6,7]; c1:bw=64,experts=[0,1,2,4,5,6]; c14:bw=54,experts=[0,1,4,5,6]; c7:bw=40,experts=[0,2,4,6]; c6:bw=36,experts=[0,4,6]; c5:bw=40,experts=[0,1,4,6]; c18:bw=45,experts=[0,1,4,6]; c10:bw=18,experts=[4]; c17:bw=44,experts=[0,2,4,6]; c4:bw=30,experts=[0,4,6]; c11:bw=47,experts=[0,1,4,6]; c3:bw=39,experts=[1,4,6]","2.5888,2.4054,1.7592,4.6937,3.0719,3.4620,4.2700,2.9430,2.6699,4.3783,4.5399,3.7369,2.3780,1.4543,3.5575,1.4336,2.6229,3.8061,2.7014,1.7286"
83,2026-09-24 13:28:31,Ours,0.01,1.5993247853449222,59.42,59.81,82,61.5396,1:01.54,59.9474,0.3406,1.2492,4823.3541,1:20:23.35,20,"3,15,11,14,6,4,5,7,2,19,0,17,16,8,1,10,9,13,12,18",3:42;15:39;11:27;14:39;6:53;4:10;5:10;7:37;2:41;19:67;0:10;17:31;16:49;8:39;1:63;10:37;9:51;13:46;12:44;18:21,"3:[0,1,4,6];15:[0,4,6];11:[4,6];14:[0,4,6];6:[0,1,4,5,6];4:[4];5:[4];7:[1,4,6];2:[0,1,4,6];19:[0,1,2,4,5,6];0:[4];17:[1,4,6];16:[0,1,4,6];8:[2,4,6];1:[0,1,2,4,5,6];10:[0,4,6];9:[0,1,4,5,6];13:[0,1,4,6];12:[0,1,4,6];18:[4,6]","c3:bw=42,experts=[0,1,4,6]; c15:bw=39,experts=[0,4,6]; c11:bw=27,experts=[4,6]; c14:bw=39,experts=[0,4,6]; c6:bw=53,experts=[0,1,4,5,6]; c4:bw=10,experts=[4]; c5:bw=10,experts=[4]; c7:bw=37,experts=[1,4,6]; c2:bw=41,experts=[0,1,4,6]; c19:bw=67,experts=[0,1,2,4,5,6]; c0:bw=10,experts=[4]; c17:bw=31,experts=[1,4,6]; c16:bw=49,experts=[0,1,4,6]; c8:bw=39,experts=[2,4,6]; c1:bw=63,experts=[0,1,2,4,5,6]; c10:bw=37,experts=[0,4,6]; c9:bw=51,experts=[0,1,4,5,6]; c13:bw=46,experts=[0,1,4,6]; c12:bw=44,experts=[0,1,4,6]; c18:bw=21,experts=[4,6]","1.7609,3.4882,2.7793,4.5375,2.3940,3.8723,1.4604,3.6721,3.0278,4.1786,1.6748,2.5501,2.3917,2.5968,4.2158,1.4025,2.6177,4.8421,2.9272,3.5577"
84,2026-09-24 13:29:33,Ours,0.01,1.5876431342544604,59.93,59.93,84,61.6016,1:01.60,59.9847,0.3317,1.278,4884.9943,1:21:24.99,20,"14,6,13,3,4,5,18,15,7,0,11,1,17,9,10,12,19,2,8,16",14:45;6:10;13:30;3:32;4:27;5:20;18:55;15:75;7:47;0:10;11:50;1:58;17:43;9:20;10:10;12:45;19:22;2:36;8:67;16:47,"14:[0,1,4,6];6:[4];13:[1,4,6];3:[0,4,6];4:[4,6];5:[4,6];18:[0,1,4,5,6];15:[0,1,2,4,5,6,7];7:[0,4,6,7];0:[4];11:[0,1,2,4,6];1:[0,1,4,5,6];17:[1,4,6,7];9:[2,4];10:[4];12:[0,1,4,6];19:[4,6];2:[0,4,6];8:[0,1,2,4,5,6];16:[0,4,6,7]","c14:bw=45,experts=[0,1,4,6]; c6:bw=10,experts=[4]; c13:bw=30,experts=[1,4,6]; c3:bw=32,experts=[0,4,6]; c4:bw=27,experts=[4,6]; c5:bw=20,experts=[4,6]; c18:bw=55,experts=[0,1,4,5,6]; c15:bw=75,experts=[0,1,2,4,5,6,7]; c7:bw=47,experts=[0,4,6,7]; c0:bw=10,experts=[4]; c11:bw=50,experts=[0,1,2,4,6]; c1:bw=58,experts=[0,1,4,5,6]; c17:bw=43,experts=[1,4,6,7]; c9:bw=20,experts=[2,4]; c10:bw=10,experts=[4]; c12:bw=45,experts=[0,1,4,6]; c19:bw=22,experts=[4,6]; c2:bw=36,experts=[0,4,6]; c8:bw=67,experts=[0,1,2,4,5,6]; c16:bw=47,experts=[0,4,6,7]","4.5013,2.3943,4.8984,1.7583,3.9299,1.5340,3.6919,3.3933,3.6259,1.7036,2.7272,4.2220,2.5670,2.6114,1.4317,2.8666,4.1462,2.9827,2.5976,2.4014"
85,2026-09-24 13:30:35,Ours,0.01,1.582953498033174,60.05,60.05,85,61.5137,1:01.51,59.8725,0.3305,1.3084,4946.5467,1:22:26.55,20,"5,16,9,12,6,18,15,0,11,17,14,2,7,19,10,1,4,13,3,8",5:12;16:19;9:58;12:47;6:42;18:51;15:70;0:38;11:10;17:49;14:44;2:45;7:11;19:54;10:44;1:57;4:42;13:35;3:51;8:70,"5:[4];16:[4];9:[0,1,4,5,6];12:[0,1,4,6];6:[0,2,4,6];18:[0,1,4,5,6];15:[0,1,2,4,5,6,7];0:[2,4,5];11:[4];17:[0,1,4,6];14:[0,4,6,7];2:[0,1,4,6];7:[4];19:[0,1,4,5,6];10:[0,1,4,6];1:[0,1,4,5,6];4:[0,1,4,6];13:[2,4,6];3:[0,1,4,5,6];8:[0,1,2,4,5,6,7]","c5:bw=12,experts=[4]; c16:bw=19,experts=[4]; c9:bw=58,experts=[0,1,4,5,6]; c12:bw=47,experts=[0,1,4,6]; c6:bw=42,experts=[0,2,4,6]; c18:bw=51,experts=[0,1,4,5,6]; c15:bw=70,experts=[0,1,2,4,5,6,7]; c0:bw=38,experts=[2,4,5]; c11:bw=10,experts=[4]; c17:bw=49,experts=[0,1,4,6]; c14:bw=44,experts=[0,4,6,7]; c2:bw=45,experts=[0,1,4,6]; c7:bw=11,experts=[4]; c19:bw=54,experts=[0,1,4,5,6]; c10:bw=44,experts=[0,1,4,6]; c1:bw=57,experts=[0,1,4,5,6]; c4:bw=42,experts=[0,1,4,6]; c13:bw=35,experts=[2,4,6]; c3:bw=51,experts=[0,1,4,5,6]; c8:bw=70,experts=[0,1,2,4,5,6,7]","1.4781,2.4978,2.6736,2.9492,2.3909,3.6049,3.6049,1.7261,2.7198,2.5486,4.4456,2.9507,3.6691,4.1806,1.4058,4.1848,3.9139,4.6698,1.6693,2.5889"
86,2026-09-24 13:31:35,Ours,0.01,1.5805795188573757,60.15,60.15,86,60.8029,1:00.80,59.1422,0.3374,1.3145,5007.3916,1:23:27.39,20,"2,13,11,0,6,16,8,3,12,15,17,9,19,18,7,5,14,1,10,4",2:24;13:55;11:38;0:30;6:55;16:50;8:28;3:28;12:28;15:55;17:40;9:43;19:18;18:52;7:44;5:47;14:45;1:72;10:47;4:18,"2:[4,6];13:[0,1,4,5,6];11:[0,4,6];0:[0,4,6];6:[0,1,4,5,6];16:[0,1,4,5,6];8:[4,6];3:[4,6];12:[4,6];15:[0,1,4,5,6];17:[0,1,4,6];9:[0,1,4,6];19:[4];18:[0,1,4,5,6];7:[0,1,4,6];5:[0,2,4,6];14:[0,1,4,6];1:[0,1,2,4,5,6,7];10:[0,4,6,7];4:[4]","c2:bw=24,experts=[4,6]; c13:bw=55,experts=[0,1,4,5,6]; c11:bw=38,experts=[0,4,6]; c0:bw=30,experts=[0,4,6]; c6:bw=55,experts=[0,1,4,5,6]; c16:bw=50,experts=[0,1,4,5,6]; c8:bw=28,experts=[4,6]; c3:bw=28,experts=[4,6]; c12:bw=28,experts=[4,6]; c15:bw=55,experts=[0,1,4,5,6]; c17:bw=40,experts=[0,1,4,6]; c9:bw=43,experts=[0,1,4,6]; c19:bw=18,experts=[4]; c18:bw=52,experts=[0,1,4,5,6]; c7:bw=44,experts=[0,1,4,6]; c5:bw=47,experts=[0,2,4,6]; c14:bw=45,experts=[0,1,4,6]; c1:bw=72,experts=[0,1,2,4,5,6,7]; c10:bw=47,experts=[0,4,6,7]; c4:bw=18,experts=[4]","3.0421,4.7417,2.6998,1.7078,2.3323,2.4034,2.5474,1.6682,2.8045,3.3266,2.5415,2.5616,4.0963,3.5692,3.6934,1.4996,4.4903,4.2392,1.4153,3.7618"
87,2026-09-24 13:32:37,Ours,0.01,1.5906285627859686,60.61,60.61,87,61.2542,1:01.25,59.6384,0.3345,1.279,5068.6861,1:24:28.69,20,"15,6,13,4,8,11,3,9,17,14,5,0,18,10,16,1,19,2,12,7",15:63;6:60;13:45;4:34;8:46;11:18;3:68;9:37;17:25;14:36;5:10;0:35;18:45;10:49;16:45;1:29;19:33;2:67;12:45;7:22,"15:[0,1,2,4,5,6];6:[0,1,2,4,5,6];13:[0,1,4,6];4:[2,3,7];8:[0,1,4,6];11:[4];3:[0,1,4,5,6,7];9:[1,4,6];17:[4,6];14:[2,4,6];5:[7];0:[0,4,6];18:[0,4,6,7];10:[2,4,5,6];16:[0,1,4,6];1:[4,6];19:[0,4,6];2:[0,1,2,4,5,6];12:[0,1,4,6];7:[4,6]","c15:bw=63,experts=[0,1,2,4,5,6]; c6:bw=60,experts=[0,1,2,4,5,6]; c13:bw=45,experts=[0,1,4,6]; c4:bw=34,experts=[2,3,7]; c8:bw=46,experts=[0,1,4,6]; c11:bw=18,experts=[4]; c3:bw=68,experts=[0,1,4,5,6,7]; c9:bw=37,experts=[1,4,6]; c17:bw=25,experts=[4,6]; c14:bw=36,experts=[2,4,6]; c5:bw=10,experts=[7]; c0:bw=35,experts=[0,4,6]; c18:bw=45,experts=[0,4,6,7]; c10:bw=49,experts=[2,4,5,6]; c16:bw=45,experts=[0,1,4,6]; c1:bw=29,experts=[4,6]; c19:bw=33,experts=[0,4,6]; c2:bw=67,experts=[0,1,2,4,5,6]; c12:bw=45,experts=[0,1,4,6]; c7:bw=22,experts=[4,6]","3.4642,2.4017,4.8297,3.8117,2.6384,2.6814,1.6637,2.5597,2.5803,4.4172,1.4690,1.7354,3.5713,1.5018,2.4585,4.2913,4.1625,2.9663,2.8096,3.6248"
88,2026-09-24 13:33:38,Ours,0.01,1.5895045596621924,60.69,60.69,88,61.5821,1:01.58,59.9779,0.3226,1.2794,5130.3118,1:25:30.31,20,"15,0,7,16,13,1,18,2,8,17,4,6,11,5,19,14,3,9,12,10",15:60;0:62;7:41;16:30;13:34;1:28;18:22;2:46;8:43;17:30;4:38;6:27;11:10;5:30;19:23;14:10;3:33;9:31;12:61;10:71,"15:[0,1,3,4,5,6];0:[0,1,3,4,5,6];7:[0,3,4,6];16:[3,4,6];13:[3,4,6];1:[3,4];18:[3,4];2:[3,4,6,7];8:[0,3,4,6];17:[3,4,5];4:[4,5,6];6:[3,4];11:[3];5:[3,4,5];19:[3,4];14:[3];3:[3,4,6];9:[3,4,6];12:[0,1,3,4,5,6];10:[0,1,2,3,4,5,6]","c15:bw=60,experts=[0,1,3,4,5,6]; c0:bw=62,experts=[0,1,3,4,5,6]; c7:bw=41,experts=[0,3,4,6]; c16:bw=30,experts=[3,4,6]; c13:bw=34,experts=[3,4,6]; c1:bw=28,experts=[3,4]; c18:bw=22,experts=[3,4]; c2:bw=46,experts=[3,4,6,7]; c8:bw=43,experts=[0,3,4,6]; c17:bw=30,experts=[3,4,5]; c4:bw=38,experts=[4,5,6]; c6:bw=27,experts=[3,4]; c11:bw=10,experts=[3]; c5:bw=30,experts=[3,4,5]; c19:bw=23,experts=[3,4]; c14:bw=10,experts=[3]; c3:bw=33,experts=[3,4,6]; c9:bw=31,experts=[3,4,6]; c12:bw=61,experts=[0,1,3,4,5,6]; c10:bw=71,experts=[0,1,2,3,4,5,6]","3.5180,1.7734,3.7691,2.4895,4.8283,4.2379,3.4757,2.9563,2.5888,2.5360,3.7439,2.2988,2.7473,1.5036,4.2639,4.5109,1.7253,2.6372,2.9376,1.4364"
89,2026-09-24 13:34:39,Ours,0.01,1.5818691673036633,60.84,60.84,89,60.968,1:00.97,59.335,0.3395,1.291,5191.3194,1:26:31.32,20,"5,2,7,4,18,10,15,9,8,0,16,19,11,14,12,13,1,3,17,6",5:46;2:44;7:21;4:30;18:55;10:28;15:61;9:60;8:74;0:13;16:50;19:16;11:36;14:30;12:34;13:10;1:41;3:31;17:40;6:32,"5:[0,1,4,6];2:[0,1,4,6];7:[4,5];4:[0,4,6];18:[0,1,2,4,6];10:[4,6];15:[0,1,2,4,5,6];9:[0,1,4,5,6,7];8:[0,1,2,4,5,6,7];0:[7];16:[0,1,2,4,6];19:[7];11:[4,5,7];14:[0,4,6];12:[4,6,7];13:[7];1:[0,1,4,6];3:[2,4,6];17:[0,1,4,6];6:[4,6,7]","c5:bw=46,experts=[0,1,4,6]; c2:bw=44,experts=[0,1,4,6]; c7:bw=21,experts=[4,5]; c4:bw=30,experts=[0,4,6]; c18:bw=55,experts=[0,1,2,4,6]; c10:bw=28,experts=[4,6]; c15:bw=61,experts=[0,1,2,4,5,6]; c9:bw=60,experts=[0,1,4,5,6,7]; c8:bw=74,experts=[0,1,2,4,5,6,7]; c0:bw=13,experts=[7]; c16:bw=50,experts=[0,1,2,4,6]; c19:bw=16,experts=[7]; c11:bw=36,experts=[4,5,7]; c14:bw=30,experts=[0,4,6]; c12:bw=34,experts=[4,6,7]; c13:bw=10,experts=[7]; c1:bw=41,experts=[0,1,4,6]; c3:bw=31,experts=[2,4,6]; c17:bw=40,experts=[0,1,4,6]; c6:bw=32,experts=[4,6,7]","1.4796,2.9993,3.6798,3.8590,3.4992,1.3911,3.3949,2.5865,2.6647,1.6984,2.3949,4.1065,2.6954,4.5040,2.8834,4.6688,4.2071,1.6879,2.5728,2.3615"
90,2026-09-24 13:35:41,Ours,0.01,1.5670344813591321,61.25,61.25,90,61.7315,1:01.73,60.106,0.3324,1.2857,5253.094,1:27:33.09,20,"12,10,0,2,17,14,19,7,16,3,18,4,13,11,1,8,9,6,5,15",12:43;10:10;0:64;2:21;17:22;14:16;19:15;7:72;16:57;3:36;18:50;4:35;13:65;11:41;1:31;8:50;9:63;6:26;5:27;15:61,"12:[0,2,4,6];10:[4];0:[0,1,2,4,5,6];2:[4,6];17:[2,4];14:[5];19:[4];7:[0,1,2,4,5,6,7];16:[0,1,4,5,6];3:[0,4,6];18:[0,1,4,5,6];4:[0,4,6];13:[0,1,2,4,5,6];11:[0,1,4,6];1:[0,4,6];8:[0,1,4,5,6];9:[0,1,2,4,5,6];6:[4,6];5:[4,6];15:[0,1,2,4,5,6]","c12:bw=43,experts=[0,2,4,6]; c10:bw=10,experts=[4]; c0:bw=64,experts=[0,1,2,4,5,6]; c2:bw=21,experts=[4,6]; c17:bw=22,experts=[2,4]; c14:bw=16,experts=[5]; c19:bw=15,experts=[4]; c7:bw=72,experts=[0,1,2,4,5,6,7]; c16:bw=57,experts=[0,1,4,5,6]; c3:bw=36,experts=[0,4,6]; c18:bw=50,experts=[0,1,4,5,6]; c4:bw=35,experts=[0,4,6]; c13:bw=65,experts=[0,1,2,4,5,6]; c11:bw=41,experts=[0,1,4,6]; c1:bw=31,experts=[0,4,6]; c8:bw=50,experts=[0,1,4,5,6]; c9:bw=63,experts=[0,1,2,4,5,6]; c6:bw=26,experts=[4,6]; c5:bw=27,experts=[4,6]; c15:bw=61,experts=[0,1,2,4,5,6]","2.9484,1.4607,1.7537,2.9776,2.5395,4.4075,4.2003,3.7016,2.4559,1.7375,3.5613,3.8597,4.8404,2.7639,4.3031,2.6487,2.6015,2.3663,1.5049,3.4733"
91,2026-09-24 13:36:42,Ours,0.01,1.5547099622343223,60.9,61.25,90,60.7878,1:00.79,59.2172,0.3328,1.2307,5313.9239,1:28:33.92,20,"5,6,1,17,18,7,8,4,19,2,10,3,11,12,14,15,13,0,9,16",5:52;6:29;1:50;17:63;18:13;7:51;8:23;4:54;19:51;2:11;10:49;3:40;11:67;12:62;14:42;15:45;13:46;0:22;9:35;16:24,"5:[0,1,4,5,6];6:[4,6];1:[0,1,4,5,6];17:[0,1,2,4,5,6];18:[4];7:[0,1,4,5,6];8:[4,6];4:[0,1,4,5,6];19:[0,1,2,4,6];2:[4];10:[0,1,4,6];3:[0,1,4,6];11:[0,1,2,4,5,6];12:[0,1,2,4,5,6];14:[0,1,4,6];15:[0,1,4,6];13:[0,1,4,6];0:[4,6];9:[0,4,6];16:[4,6]","c5:bw=52,experts=[0,1,4,5,6]; c6:bw=29,experts=[4,6]; c1:bw=50,experts=[0,1,4,5,6]; c17:bw=63,experts=[0,1,2,4,5,6]; c18:bw=13,experts=[4]; c7:bw=51,experts=[0,1,4,5,6]; c8:bw=23,experts=[4,6]; c4:bw=54,experts=[0,1,4,5,6]; c19:bw=51,experts=[0,1,2,4,6]; c2:bw=11,experts=[4]; c10:bw=49,experts=[0,1,4,6]; c3:bw=40,experts=[0,1,4,6]; c11:bw=67,experts=[0,1,2,4,5,6]; c12:bw=62,experts=[0,1,2,4,5,6]; c14:bw=42,experts=[0,1,4,6]; c15:bw=45,experts=[0,1,4,6]; c13:bw=46,experts=[0,1,4,6]; c0:bw=22,experts=[4,6]; c9:bw=35,experts=[0,4,6]; c16:bw=24,experts=[4,6]","1.5076,2.3241,4.2545,2.5905,3.4854,3.7569,2.6372,3.8499,4.2076,2.9545,1.3982,1.6744,2.7186,2.8367,4.4014,3.3451,4.7032,1.6620,2.5217,2.3876"
92,2026-09-24 13:37:43,Ours,0.01,1.5664255039057164,61.46,61.46,92,60.6698,1:00.67,58.9864,0.3487,1.3263,5374.6347,1:29:34.63,20,"15,11,19,17,5,4,7,9,6,8,2,0,3,12,16,13,1,10,18,14",15:19;11:15;19:54;17:32;5:66;4:26;7:34;9:56;6:45;8:19;2:25;0:29;3:28;12:48;16:14;13:17;1:20;10:37;18:37;14:30,"15:[4];11:[4];19:[0,1,4,5,6];17:[4,6,7];5:[0,1,2,4,5,6];4:[4,6];7:[0,4,6];9:[0,1,4,5,6];6:[0,1,4,6];8:[4];2:[4,6];0:[4,6];3:[4,6];12:[0,1,4,6];16:[7];13:[4];1:[4,6];10:[0,4,6];18:[0,4,6];14:[0,4,6]","c15:bw=19,experts=[4]; c11:bw=15,experts=[4]; c19:bw=54,experts=[0,1,4,5,6]; c17:bw=32,experts=[4,6,7]; c5:bw=66,experts=[0,1,2,4,5,6]; c4:bw=26,experts=[4,6]; c7:bw=34,experts=[0,4,6]; c9:bw=56,experts=[0,1,4,5,6]; c6:bw=45,experts=[0,1,4,6]; c8:bw=19,experts=[4]; c2:bw=25,experts=[4,6]; c0:bw=29,experts=[4,6]; c3:bw=28,experts=[4,6]; c12:bw=48,experts=[0,1,4,6]; c16:bw=14,experts=[7]; c13:bw=17,experts=[4]; c1:bw=20,experts=[4,6]; c10:bw=37,experts=[0,4,6]; c18:bw=37,experts=[0,4,6]; c14:bw=30,experts=[0,4,6]","3.3467,2.7031,4.1804,2.5927,1.4957,3.8486,3.6746,2.5606,2.2893,2.5650,2.9450,1.6782,1.6653,2.8172,2.3688,4.6235,4.1967,1.3946,3.5272,4.5134"
93,2026-09-24 13:38:44,Ours,0.01,1.5518165945828326,61.41,61.46,92,61.0056,1:01.01,59.4263,0.3362,1.2408,5435.6826,1:30:35.68,20,"9,1,6,8,15,18,0,17,5,3,12,4,14,7,11,19,16,2,10,13",9:58;1:47;6:22;8:10;15:36;18:23;0:19;17:32;5:10;3:31;12:52;4:32;14:25;7:22;11:32;19:39;16:46;2:51;10:15;13:63,"9:[0,1,4,5,6];1:[0,1,4,6];6:[4,6];8:[4];15:[4,6,7];18:[4,6];0:[4];17:[0,4,6];5:[4];3:[0,4,6];12:[0,1,4,5,6];4:[0,4,6];14:[4,7];7:[4,6];11:[0,4,6];19:[0,4,6];16:[0,1,4,6];2:[0,1,4,5,6];10:[4];13:[0,1,2,4,5,6]","c9:bw=58,experts=[0,1,4,5,6]; c1:bw=47,experts=[0,1,4,6]; c6:bw=22,experts=[4,6]; c8:bw=10,experts=[4]; c15:bw=36,experts=[4,6,7]; c18:bw=23,experts=[4,6]; c0:bw=19,experts=[4]; c17:bw=32,experts=[0,4,6]; c5:bw=10,experts=[4]; c3:bw=31,experts=[0,4,6]; c12:bw=52,experts=[0,1,4,5,6]; c4:bw=32,experts=[0,4,6]; c14:bw=25,experts=[4,7]; c7:bw=22,experts=[4,6]; c11:bw=32,experts=[0,4,6]; c19:bw=39,experts=[0,4,6]; c16:bw=46,experts=[0,1,4,6]; c2:bw=51,experts=[0,1,4,5,6]; c10:bw=15,experts=[4]; c13:bw=63,experts=[0,1,2,4,5,6]","2.7051,4.2915,2.3433,2.6155,3.3759,3.4661,1.6923,2.5702,1.4653,1.6797,2.8538,3.7950,4.4222,3.6481,2.7439,4.1869,2.4303,3.0117,1.3992,4.7302"
94,2026-09-24 13:39:45,Ours,0.01,1.5476251312728109,61.92,61.92,94,61.1231,1:01.12,59.5288,0.3321,1.2598,5496.8476,1:31:36.85,20,"9,19,3,10,16,6,4,18,13,12,17,11,7,8,0,15,2,1,14,5",9:50;19:48;3:34;10:61;16:28;6:30;4:31;18:47;13:44;12:14;17:12;11:48;7:45;8:10;0:55;15:40;2:65;1:70;14:38;5:41,"9:[0,1,4,5,6];19:[0,1,4,6];3:[1,4,6];10:[0,1,4,5,6,7];16:[4,6];6:[0,4,6];4:[0,4,6];18:[0,1,4,6];13:[0,4,5,6];12:[4];17:[4];11:[0,1,4,6];7:[0,1,4,6];8:[4];0:[0,1,4,5,6];15:[0,1,4,6];2:[0,1,2,4,5,6];1:[0,1,2,4,5,6,7];14:[1,4,6];5:[0,1,4,6]","c9:bw=50,experts=[0,1,4,5,6]; c19:bw=48,experts=[0,1,4,6]; c3:bw=34,experts=[1,4,6]; c10:bw=61,experts=[0,1,4,5,6,7]; c16:bw=28,experts=[4,6]; c6:bw=30,experts=[0,4,6]; c4:bw=31,experts=[0,4,6]; c18:bw=47,experts=[0,1,4,6]; c13:bw=44,experts=[0,4,5,6]; c12:bw=14,experts=[4]; c17:bw=12,experts=[4]; c11:bw=48,experts=[0,1,4,6]; c7:bw=45,experts=[0,1,4,6]; c8:bw=10,experts=[4]; c0:bw=55,experts=[0,1,4,5,6]; c15:bw=40,experts=[0,1,4,6]; c2:bw=65,experts=[0,1,2,4,5,6]; c1:bw=70,experts=[0,1,2,4,5,6,7]; c14:bw=38,experts=[1,4,6]; c5:bw=41,experts=[0,1,4,6]","2.5996,4.2337,1.7134,1.4298,2.4206,2.3366,3.8195,3.5347,4.7147,2.8319,2.5611,2.7264,3.7044,2.5849,1.7173,3.3933,3.0215,4.2471,4.4540,1.4842"
95,2026-09-24 13:40:46,Ours,0.01,1.5612727748060904,61.59,61.92,94,60.7548,1:00.75,59.1766,0.321,1.2548,5557.6462,1:32:37.65,20,"7,16,1,12,4,9,17,5,14,10,15,0,19,8,13,3,18,11,2,6",7:59;16:24;1:31;12:10;4:15;9:42;17:47;5:10;14:49;10:42;15:34;0:35;19:42;8:76;13:59;3:41;18:28;11:10;2:23;6:40,"7:[0,1,4,5,6];16:[4,6];1:[0,4,6];12:[4];4:[2];9:[0,1,4,6];17:[0,1,4,6];5:[7];14:[0,2,4,6];10:[0,1,4,6];15:[0,4,6];0:[0,4,6];19:[0,1,4,6];8:[0,1,2,4,5,6,7];13:[0,1,4,5,6];3:[4,5,6,7];18:[4,7];11:[4];2:[4,6];6:[2,4,5,6]","c7:bw=59,experts=[0,1,4,5,6]; c16:bw=24,experts=[4,6]; c1:bw=31,experts=[0,4,6]; c12:bw=10,experts=[4]; c4:bw=15,experts=[2]; c9:bw=42,experts=[0,1,4,6]; c17:bw=47,experts=[0,1,4,6]; c5:bw=10,experts=[7]; c14:bw=49,experts=[0,2,4,6]; c10:bw=42,experts=[0,1,4,6]; c15:bw=34,experts=[0,4,6]; c0:bw=35,experts=[0,4,6]; c19:bw=42,experts=[0,1,4,6]; c8:bw=76,experts=[0,1,2,4,5,6,7]; c13:bw=59,experts=[0,1,4,5,6]; c3:bw=41,experts=[4,5,6,7]; c18:bw=28,experts=[4,7]; c11:bw=10,experts=[4]; c2:bw=23,experts=[4,6]; c6:bw=40,experts=[2,4,5,6]","3.7390,2.4646,4.2746,2.8314,3.7645,2.5727,2.5627,1.4576,4.4298,1.4168,3.3758,1.6880,4.1636,2.6102,4.6945,1.6856,3.4707,2.6823,2.9648,2.3273"
96,2026-09-24 13:41:47,Ours,0.01,1.545946252794049,61.13,61.92,94,61.0649,1:01.06,59.4524,0.3373,1.2678,5618.7546,1:33:38.75,20,"6,15,14,17,2,9,11,3,0,8,18,5,13,1,4,19,16,12,10,7",6:31;15:78;14:10;17:35;2:65;9:44;11:44;3:46;0:36;8:64;18:29;5:60;13:55;1:36;4:49;19:38;16:72;12:71;10:53;7:50,"6:[3,4,6];15:[0,1,2,3,4,5,6];14:[3];17:[3,4,6];2:[0,1,3,4,6,7];9:[0,3,4,6];11:[0,3,4,6];3:[0,3,4,6];0:[3,4,6];8:[0,1,2,3,4,6];18:[3,4];5:[0,1,3,4,5,6];13:[0,1,3,4,6];1:[3,4,6];4:[3,4,6,7];19:[3,4,6];16:[0,1,2,3,4,5,6];12:[0,1,2,3,4,5,6];10:[1,2,3,4,6];7:[0,1,3,4,6]","c6:bw=31,experts=[3,4,6]; c15:bw=78,experts=[0,1,2,3,4,5,6]; c14:bw=10,experts=[3]; c17:bw=35,experts=[3,4,6]; c2:bw=65,experts=[0,1,3,4,6,7]; c9:bw=44,experts=[0,3,4,6]; c11:bw=44,experts=[0,3,4,6]; c3:bw=46,experts=[0,3,4,6]; c0:bw=36,experts=[3,4,6]; c8:bw=64,experts=[0,1,2,3,4,6]; c18:bw=29,experts=[3,4]; c5:bw=60,experts=[0,1,3,4,5,6]; c13:bw=55,experts=[0,1,3,4,6]; c1:bw=36,experts=[3,4,6]; c4:bw=49,experts=[3,4,6,7]; c19:bw=38,experts=[3,4,6]; c16:bw=72,experts=[0,1,2,3,4,5,6]; c12:bw=71,experts=[0,1,2,3,4,5,6]; c10:bw=53,experts=[1,2,3,4,6]; c7:bw=50,experts=[0,1,3,4,6]","2.3336,3.4282,4.4208,2.5679,2.9985,2.5938,2.7415,1.7107,1.7060,2.6195,3.4997,1.4892,4.7236,4.2084,3.8048,4.1803,2.4696,2.8593,1.4058,3.6912"
97,2026-09-24 13:42:48,Ours,0.01,1.5519292171037136,61.83,61.92,94,61.1365,1:01.14,59.5195,0.3407,1.2738,5679.9349,1:34:39.93,20,"12,2,4,6,9,10,1,19,7,0,3,17,18,5,14,15,13,11,16,8",12:13;2:54;4:16;6:50;9:43;10:51;1:50;19:30;7:30;0:41;3:35;17:54;18:70;5:46;14:23;15:59;13:51;11:22;16:54;8:43,"12:[7];2:[0,1,4,5,6];4:[4];6:[0,1,4,6,7];9:[0,4,6,7];10:[0,1,4,5,6];1:[0,1,4,5,6];19:[4,6,7];7:[0,4,6];0:[0,4,6,7];3:[2,4,6];17:[0,1,4,5,6];18:[0,1,2,4,5,6,7];5:[0,1,4,6];14:[4,6];15:[0,1,4,5,6];13:[0,1,4,6,7];11:[4,7];16:[0,1,4,5,6];8:[0,1,4,6]","c12:bw=13,experts=[7]; c2:bw=54,experts=[0,1,4,5,6]; c4:bw=16,experts=[4]; c6:bw=50,experts=[0,1,4,6,7]; c9:bw=43,experts=[0,4,6,7]; c10:bw=51,experts=[0,1,4,5,6]; c1:bw=50,experts=[0,1,4,5,6]; c19:bw=30,experts=[4,6,7]; c7:bw=30,experts=[0,4,6]; c0:bw=41,experts=[0,4,6,7]; c3:bw=35,experts=[2,4,6]; c17:bw=54,experts=[0,1,4,5,6]; c18:bw=70,experts=[0,1,2,4,5,6,7]; c5:bw=46,experts=[0,1,4,6]; c14:bw=23,experts=[4,6]; c15:bw=59,experts=[0,1,4,5,6]; c13:bw=51,experts=[0,1,4,6,7]; c11:bw=22,experts=[4,7]; c16:bw=54,experts=[0,1,4,5,6]; c8:bw=43,experts=[0,1,4,6]","2.8809,3.0653,3.8094,2.3487,2.5946,1.4150,4.2730,4.2065,3.6521,1.7027,1.6817,2.5534,3.5394,1.4871,4.4287,3.3983,4.7168,2.7140,2.4296,2.6224"
98,2026-09-24 13:43:49,Ours,0.01,1.5356134968194728,61.96,61.96,98,60.8572,1:00.86,59.2527,0.3331,1.2691,5740.836,1:35:40.84,20,"10,4,2,17,15,7,19,14,11,16,13,1,6,5,9,3,18,0,12,8",10:45;4:52;2:24;17:17;15:17;7:24;19:45;14:67;11:10;16:41;13:31;1:26;6:36;5:49;9:27;3:25;18:32;0:33;12:16;8:54,"10:[0,1,4,6];4:[0,1,4,5,6];2:[4,6];17:[4];15:[4];7:[2,7];19:[0,1,4,6];14:[0,1,2,4,5,6];11:[4];16:[0,1,4,6];13:[0,4,6];1:[4,6];6:[0,4,6];5:[0,1,4,6];9:[2,4];3:[4,6];18:[1,4,6];0:[2,4,6];12:[4];8:[0,1,4,5,6]","c10:bw=45,experts=[0,1,4,6]; c4:bw=52,experts=[0,1,4,5,6]; c2:bw=24,experts=[4,6]; c17:bw=17,experts=[4]; c15:bw=17,experts=[4]; c7:bw=24,experts=[2,7]; c19:bw=45,experts=[0,1,4,6]; c14:bw=67,experts=[0,1,2,4,5,6]; c11:bw=10,experts=[4]; c16:bw=41,experts=[0,1,4,6]; c13:bw=31,experts=[0,4,6]; c1:bw=26,experts=[4,6]; c6:bw=36,experts=[0,4,6]; c5:bw=49,experts=[0,1,4,6]; c9:bw=27,experts=[2,4]; c3:bw=25,experts=[4,6]; c18:bw=32,experts=[1,4,6]; c0:bw=33,experts=[2,4,6]; c12:bw=16,experts=[4]; c8:bw=54,experts=[0,1,4,5,6]","1.4259,3.8114,3.0037,2.5529,3.3437,3.6655,4.1838,4.4739,2.7024,2.3878,4.7219,4.2322,2.3352,1.4811,2.5703,1.6940,3.5451,1.7145,2.8167,2.5908"
99,2026-09-24 13:44:50,Ours,0.01,1.5283544235547362,62.03,62.03,99,61.5205,1:01.52,59.7634,0.3523,1.4022,5802.4019,1:36:42.40,20,"13,0,14,4,19,9,16,3,12,10,7,11,1,15,6,17,18,8,5,2",13:25;0:40;14:33;4:24;19:48;9:20;16:34;3:38;12:34;10:11;7:45;11:10;1:59;15:47;6:35;17:43;18:55;8:34;5:49;2:31,"13:[4,6];0:[0,1,4,6];14:[0,4,6];4:[4,6];19:[0,2,4,6];9:[4,6];16:[0,4,6];3:[0,4,6];12:[0,4,6];10:[4];7:[0,1,4,6];11:[2];1:[0,1,4,5,6];15:[0,1,4,6];6:[0,4,6];17:[0,2,4,6];18:[0,1,4,5,6];8:[0,4,6];5:[0,1,4,6];2:[0,4,6]","c13:bw=25,experts=[4,6]; c0:bw=40,experts=[0,1,4,6]; c14:bw=33,experts=[0,4,6]; c4:bw=24,experts=[4,6]; c19:bw=48,experts=[0,2,4,6]; c9:bw=20,experts=[4,6]; c16:bw=34,experts=[0,4,6]; c3:bw=38,experts=[0,4,6]; c12:bw=34,experts=[0,4,6]; c10:bw=11,experts=[4]; c7:bw=45,experts=[0,1,4,6]; c11:bw=10,experts=[2]; c1:bw=59,experts=[0,1,4,5,6]; c15:bw=47,experts=[0,1,4,6]; c6:bw=35,experts=[0,4,6]; c17:bw=43,experts=[0,2,4,6]; c18:bw=55,experts=[0,1,4,5,6]; c8:bw=34,experts=[0,4,6]; c5:bw=49,experts=[0,1,4,6]; c2:bw=31,experts=[0,4,6]","4.7437,1.7286,4.5164,3.8472,4.2103,2.5735,2.4348,1.6836,2.8468,1.4030,3.6648,2.6893,4.2766,3.3418,2.3149,2.5609,3.4921,2.6176,1.4864,3.3312"
100,2026-09-24 13:46:00,Ours,0.01,1.5402157374648264,61.81,62.03,99,69.83,1:09.83,68.0547,0.3462,1.4265,5872.2775,1:37:52.28,20,"10,12,11,0,4,7,6,17,14,1,13,8,2,18,16,9,5,3,15,19",10:56;12:37;11:17;0:64;4:65;7:10;6:44;17:55;14:10;1:17;13:10;8:44;2:30;18:80;16:46;9:53;5:18;3:42;15:30;19:18,"10:[0,1,4,5,6];12:[0,4,6];11:[5];0:[0,1,2,4,5,6];4:[0,1,2,4,5,6];7:[4];6:[0,1,4,6];17:[0,1,4,6,7];14:[4];1:[4];13:[4];8:[0,1,4,6];2:[0,4,6];18:[0,1,2,3,4,5,6,7];16:[0,4,6,7];9:[0,1,4,5,6];5:[2];3:[0,1,4,6];15:[0,4,6];19:[5]","c10:bw=56,experts=[0,1,4,5,6]; c12:bw=37,experts=[0,4,6]; c11:bw=17,experts=[5]; c0:bw=64,experts=[0,1,2,4,5,6]; c4:bw=65,experts=[0,1,2,4,5,6]; c7:bw=10,experts=[4]; c6:bw=44,experts=[0,1,4,6]; c17:bw=55,experts=[0,1,4,6,7]; c14:bw=10,experts=[4]; c1:bw=17,experts=[4]; c13:bw=10,experts=[4]; c8:bw=44,experts=[0,1,4,6]; c2:bw=30,experts=[0,4,6]; c18:bw=80,experts=[0,1,2,3,4,5,6,7]; c16:bw=46,experts=[0,4,6,7]; c9:bw=53,experts=[0,1,4,5,6]; c5:bw=18,experts=[2]; c3:bw=42,experts=[0,1,4,6]; c15:bw=30,experts=[0,4,6]; c19:bw=18,experts=[5]","1.5362,3.4332,3.1673,1.9320,4.3095,4.1794,2.6154,2.9073,5.0736,4.7435,5.4266,3.0159,3.5866,4.0872,2.8382,2.9828,1.6921,1.9582,3.8461,4.7234"
