Round,Timestamp,Method,LR,AvgLoss,TestAcc,BestAcc,BestRound,RoundTimeSec,RoundTimeHMS,LocalTrainTimeSec,AggTimeSec,EvalTimeSec,CumulativeTimeSec,CumulativeTimeHMS,NumClientsSelected,SelectedClients,Bandwidth,SelectedExperts,UploadDetail,ClientTrainTimesSec
1,2026-09-24 13:56:45,Ours,0.00208,4.309020834416804,1.26,1.26,1,102.771,1:42.77,88.9197,12.3189,1.5266,102.7711,1:42.77,50,"13,39,30,45,17,48,26,25,32,19,12,4,37,8,3,6,41,46,47,15,9,16,24,34,31,0,44,27,33,5,29,11,36,1,21,2,43,35,23,40,10,22,18,49,20,7,42,14,28,38",13:42;39:37;30:49;45:34;17:34;48:26;26:38;25:55;32:10;19:40;12:23;4:40;37:21;8:55;3:51;6:41;41:24;46:10;47:60;15:58;9:45;16:48;24:34;34:35;31:42;0:10;44:47;27:21;33:15;5:44;29:26;11:24;36:47;1:29;21:20;2:29;43:50;35:40;23:65;40:46;10:22;22:26;18:30;49:28;20:55;7:20;42:30;14:54;28:39;38:52,"13:[1,2,4,6];39:[2,4,6];30:[1,2,4,6];45:[2,4,6];17:[2,4,6];48:[2,4];26:[2,4,6];25:[1,2,4,5,6];32:[2];19:[1,2,4,6];12:[2,4];4:[1,2,4,6];37:[2,4];8:[1,2,4,5,6];3:[1,2,4,5,6];6:[1,2,4,6];41:[2,4];46:[2];47:[0,1,2,4,5,6];15:[1,2,4,5,6];9:[1,2,4,6];16:[1,2,4,6];24:[2,4,6];34:[2,4,6];31:[1,2,4,6];0:[2];44:[1,2,4,6];27:[2,4];33:[2];5:[1,2,4,6];29:[2,4];11:[2,4];36:[1,2,4,6];1:[2,4];21:[2,4];2:[2,4];43:[1,2,4,5,6];35:[1,2,4,6];23:[0,1,2,4,5,6];40:[1,2,4,6];10:[2,4];22:[2,4];18:[2,4,6];49:[2,6];20:[1,2,4,5,6];7:[2,6];42:[2,4,6];14:[1,2,4,5,6];28:[2,4,6];38:[1,2,4,5,6]","c13:bw=42,experts=[1,2,4,6]; c39:bw=37,experts=[2,4,6]; c30:bw=49,experts=[1,2,4,6]; c45:bw=34,experts=[2,4,6]; c17:bw=34,experts=[2,4,6]; c48:bw=26,experts=[2,4]; c26:bw=38,experts=[2,4,6]; c25:bw=55,experts=[1,2,4,5,6]; c32:bw=10,experts=[2]; c19:bw=40,experts=[1,2,4,6]; c12:bw=23,experts=[2,4]; c4:bw=40,experts=[1,2,4,6]; c37:bw=21,experts=[2,4]; c8:bw=55,experts=[1,2,4,5,6]; c3:bw=51,experts=[1,2,4,5,6]; c6:bw=41,experts=[1,2,4,6]; c41:bw=24,experts=[2,4]; c46:bw=10,experts=[2]; c47:bw=60,experts=[0,1,2,4,5,6]; c15:bw=58,experts=[1,2,4,5,6]; c9:bw=45,experts=[1,2,4,6]; c16:bw=48,experts=[1,2,4,6]; c24:bw=34,experts=[2,4,6]; c34:bw=35,experts=[2,4,6]; c31:bw=42,experts=[1,2,4,6]; c0:bw=10,experts=[2]; c44:bw=47,experts=[1,2,4,6]; c27:bw=21,experts=[2,4]; c33:bw=15,experts=[2]; c5:bw=44,experts=[1,2,4,6]; c29:bw=26,experts=[2,4]; c11:bw=24,experts=[2,4]; c36:bw=47,experts=[1,2,4,6]; c1:bw=29,experts=[2,4]; c21:bw=20,experts=[2,4]; c2:bw=29,experts=[2,4]; c43:bw=50,experts=[1,2,4,5,6]; c35:bw=40,experts=[1,2,4,6]; c23:bw=65,experts=[0,1,2,4,5,6]; c40:bw=46,experts=[1,2,4,6]; c10:bw=22,experts=[2,4]; c22:bw=26,experts=[2,4]; c18:bw=30,experts=[2,4,6]; c49:bw=28,experts=[2,6]; c20:bw=55,experts=[1,2,4,5,6]; c7:bw=20,experts=[2,6]; c42:bw=30,experts=[2,4,6]; c14:bw=54,experts=[1,2,4,5,6]; c28:bw=39,experts=[2,4,6]; c38:bw=52,experts=[1,2,4,5,6]","1.9618,1.7773,1.8347,2.5224,1.5341,1.2506,1.9568,3.1325,2.0124,1.6413,1.2390,1.8991,1.6361,1.4493,1.9170,2.0647,0.9835,1.4277,1.3634,1.4430,1.8433,2.5126,1.4236,1.4741,1.8731,0.9740,1.3090,1.8989,1.8365,2.5419,2.0517,1.3821,1.4699,1.6711,2.4041,1.2406,1.4938,1.6081,2.0309,1.7247,1.6909,2.1577,1.6533,3.8577,1.9577,1.2155,1.6575,2.1683,1.5011,1.2489"
2,2026-09-24 13:58:22,Ours,0.00406,3.6848633938101534,2.31,2.31,2,97.3288,1:37.33,83.7698,12.0746,1.4792,200.2627,3:20.26,50,"29,38,2,46,45,39,22,44,10,0,18,30,49,33,21,4,24,32,12,31,20,23,26,42,14,15,40,41,9,36,11,48,17,28,37,5,47,3,35,16,13,34,7,43,6,27,19,1,25,8",29:60;38:20;2:22;46:16;45:60;39:37;22:38;44:24;10:59;0:36;18:24;30:10;49:43;33:57;21:28;4:30;24:10;32:20;12:16;31:13;20:15;23:70;26:35;42:53;14:26;15:62;40:17;41:33;9:46;36:63;11:29;48:42;17:51;28:65;37:33;5:69;47:49;3:67;35:16;16:16;13:54;34:47;7:55;43:49;6:17;27:24;19:53;1:41;25:25;8:48,"29:[0,1,2,4,5,6];38:[4,6];2:[4,6];46:[4];45:[0,1,2,4,5,6];39:[0,4,6];22:[0,4,6];44:[4,6];10:[0,1,2,4,6];0:[0,4,6];18:[4,6];30:[4];49:[0,1,4,6];33:[0,1,4,5,6];21:[4,6];4:[0,4,6];24:[4];32:[4,6];12:[4];31:[4];20:[4];23:[0,1,2,3,4,5,6];26:[0,4,6];42:[0,1,4,5,6];14:[4,6];15:[0,1,2,4,5,6];40:[4];41:[0,4,6];9:[0,1,4,6];36:[0,1,2,4,5,6];11:[4,6];48:[0,1,4,6];17:[0,1,4,5,6];28:[0,1,2,4,5,6];37:[0,4,6];5:[0,1,2,4,5,6];47:[0,1,4,6];3:[0,1,2,4,5,6];35:[4];16:[4];13:[0,1,4,5,6];34:[0,1,4,6];7:[0,1,4,5,6];43:[0,1,4,6];6:[4];27:[4,6];19:[0,1,2,4,6];1:[0,1,4,6];25:[4,6];8:[0,1,4,6]","c29:bw=60,experts=[0,1,2,4,5,6]; c38:bw=20,experts=[4,6]; c2:bw=22,experts=[4,6]; c46:bw=16,experts=[4]; c45:bw=60,experts=[0,1,2,4,5,6]; c39:bw=37,experts=[0,4,6]; c22:bw=38,experts=[0,4,6]; c44:bw=24,experts=[4,6]; c10:bw=59,experts=[0,1,2,4,6]; c0:bw=36,experts=[0,4,6]; c18:bw=24,experts=[4,6]; c30:bw=10,experts=[4]; c49:bw=43,experts=[0,1,4,6]; c33:bw=57,experts=[0,1,4,5,6]; c21:bw=28,experts=[4,6]; c4:bw=30,experts=[0,4,6]; c24:bw=10,experts=[4]; c32:bw=20,experts=[4,6]; c12:bw=16,experts=[4]; c31:bw=13,experts=[4]; c20:bw=15,experts=[4]; c23:bw=70,experts=[0,1,2,3,4,5,6]; c26:bw=35,experts=[0,4,6]; c42:bw=53,experts=[0,1,4,5,6]; c14:bw=26,experts=[4,6]; c15:bw=62,experts=[0,1,2,4,5,6]; c40:bw=17,experts=[4]; c41:bw=33,experts=[0,4,6]; c9:bw=46,experts=[0,1,4,6]; c36:bw=63,experts=[0,1,2,4,5,6]; c11:bw=29,experts=[4,6]; c48:bw=42,experts=[0,1,4,6]; c17:bw=51,experts=[0,1,4,5,6]; c28:bw=65,experts=[0,1,2,4,5,6]; c37:bw=33,experts=[0,4,6]; c5:bw=69,experts=[0,1,2,4,5,6]; c47:bw=49,experts=[0,1,4,6]; c3:bw=67,experts=[0,1,2,4,5,6]; c35:bw=16,experts=[4]; c16:bw=16,experts=[4]; c13:bw=54,experts=[0,1,4,5,6]; c34:bw=47,experts=[0,1,4,6]; c7:bw=55,experts=[0,1,4,5,6]; c43:bw=49,experts=[0,1,4,6]; c6:bw=17,experts=[4]; c27:bw=24,experts=[4,6]; c19:bw=53,experts=[0,1,2,4,6]; c1:bw=41,experts=[0,1,4,6]; c25:bw=25,experts=[4,6]; c8:bw=48,experts=[0,1,4,6]","1.9144,1.1871,1.2375,1.3791,2.4233,1.6667,2.0715,1.2978,1.5589,0.9253,1.6203,1.7125,3.6668,1.7357,2.2401,1.8822,1.3027,1.9428,1.1786,1.8124,1.8890,1.9071,1.9151,1.5939,2.0381,1.3649,1.6687,0.9213,1.7228,1.3884,1.3566,1.1603,1.4036,1.4395,1.4145,2.3814,1.2546,1.7586,1.5100,2.4298,1.3442,1.4585,1.1344,1.4106,1.8831,1.8407,1.6249,1.5721,2.8725,1.3549"
3,2026-09-24 14:00:00,Ours,0.006040000000000001,3.516588432770681,3.82,3.82,3,97.4123,1:37.41,83.5584,12.37,1.4726,297.6903,4:57.69,50,"1,49,5,43,29,28,17,3,18,15,19,12,9,42,10,39,20,35,24,46,13,14,31,25,0,30,26,21,37,36,2,44,23,22,45,33,11,48,8,6,27,40,38,41,4,32,47,34,7,16",1:13;49:42;5:13;43:30;29:15;28:56;17:41;3:26;18:40;15:16;19:24;12:37;9:48;42:57;10:10;39:76;20:56;35:49;24:29;46:55;13:54;14:53;31:56;25:35;0:50;30:10;26:52;21:48;37:52;36:26;2:42;44:36;23:11;22:54;45:50;33:25;11:66;48:29;8:30;6:40;27:34;40:50;38:43;41:34;4:52;32:49;47:40;34:18;7:33;16:31,"1:[4];49:[0,1,4,6];5:[4];43:[0,4,6];29:[4];28:[0,1,4,5,6];17:[0,1,4,6];3:[4,6];18:[0,1,4,6];15:[4];19:[4,6];12:[0,4,6];9:[0,1,4,6];42:[0,1,4,5,6];10:[4];39:[0,1,2,3,4,5,6];20:[0,1,4,5,6];35:[0,1,4,6];24:[4,6];46:[0,1,4,5,6];13:[0,1,4,5,6];14:[0,1,4,5,6];31:[0,1,4,5,6];25:[0,4,6];0:[0,1,4,5,6];30:[4];26:[0,1,4,5,6];21:[0,1,4,6];37:[0,1,4,5,6];36:[4,6];2:[0,1,4,6];44:[0,4,6];23:[4];22:[0,1,4,5,6];45:[0,1,4,5,6];33:[4,6];11:[0,1,2,4,5,6];48:[4,6];8:[0,4,6];6:[0,1,4,6];27:[0,4,6];40:[0,1,4,5,6];38:[0,1,4,6];41:[0,4,6];4:[0,1,4,5,6];32:[0,1,4,6];47:[0,1,4,6];34:[4];7:[0,4,6];16:[0,4,6]","c1:bw=13,experts=[4]; c49:bw=42,experts=[0,1,4,6]; c5:bw=13,experts=[4]; c43:bw=30,experts=[0,4,6]; c29:bw=15,experts=[4]; c28:bw=56,experts=[0,1,4,5,6]; c17:bw=41,experts=[0,1,4,6]; c3:bw=26,experts=[4,6]; c18:bw=40,experts=[0,1,4,6]; c15:bw=16,experts=[4]; c19:bw=24,experts=[4,6]; c12:bw=37,experts=[0,4,6]; c9:bw=48,experts=[0,1,4,6]; c42:bw=57,experts=[0,1,4,5,6]; c10:bw=10,experts=[4]; c39:bw=76,experts=[0,1,2,3,4,5,6]; c20:bw=56,experts=[0,1,4,5,6]; c35:bw=49,experts=[0,1,4,6]; c24:bw=29,experts=[4,6]; c46:bw=55,experts=[0,1,4,5,6]; c13:bw=54,experts=[0,1,4,5,6]; c14:bw=53,experts=[0,1,4,5,6]; c31:bw=56,experts=[0,1,4,5,6]; c25:bw=35,experts=[0,4,6]; c0:bw=50,experts=[0,1,4,5,6]; c30:bw=10,experts=[4]; c26:bw=52,experts=[0,1,4,5,6]; c21:bw=48,experts=[0,1,4,6]; c37:bw=52,experts=[0,1,4,5,6]; c36:bw=26,experts=[4,6]; c2:bw=42,experts=[0,1,4,6]; c44:bw=36,experts=[0,4,6]; c23:bw=11,experts=[4]; c22:bw=54,experts=[0,1,4,5,6]; c45:bw=50,experts=[0,1,4,5,6]; c33:bw=25,experts=[4,6]; c11:bw=66,experts=[0,1,2,4,5,6]; c48:bw=29,experts=[4,6]; c8:bw=30,experts=[0,4,6]; c6:bw=40,experts=[0,1,4,6]; c27:bw=34,experts=[0,4,6]; c40:bw=50,experts=[0,1,4,5,6]; c38:bw=43,experts=[0,1,4,6]; c41:bw=34,experts=[0,4,6]; c4:bw=52,experts=[0,1,4,5,6]; c32:bw=49,experts=[0,1,4,6]; c47:bw=40,experts=[0,1,4,6]; c34:bw=18,experts=[4]; c7:bw=33,experts=[0,4,6]; c16:bw=31,experts=[0,4,6]","1.5501,3.6263,2.3801,1.4329,1.9237,1.4322,1.3928,1.7531,1.6011,1.3504,1.6134,1.1853,1.7278,1.6968,1.5773,1.6899,1.9125,1.4780,1.3063,1.3615,1.3854,2.0954,1.8368,2.8756,0.9248,1.7158,1.9358,2.2169,1.4189,1.3524,1.1629,1.3035,1.8666,2.0431,2.3740,1.7137,1.3531,1.1571,1.3150,1.9070,1.8213,1.6450,1.1814,0.9143,1.8716,1.9157,1.2442,1.4601,1.1481,2.4113"
4,2026-09-24 14:01:38,Ours,0.00802,3.4220655741003627,4.94,4.94,4,98.1289,1:38.13,84.1524,12.4567,1.5091,395.8368,6:35.84,50,"49,16,20,40,13,17,3,15,23,25,34,18,11,9,48,47,4,22,7,39,44,2,8,45,36,33,26,32,30,0,46,43,24,37,10,29,19,38,41,5,1,27,21,6,31,12,35,28,42,14",49:20;16:45;20:70;40:45;13:49;17:39;3:34;15:24;23:15;25:43;34:55;18:43;11:49;9:22;48:16;47:32;4:56;22:49;7:45;39:23;44:27;2:60;8:31;45:50;36:44;33:53;26:37;32:62;30:40;0:59;46:38;43:21;24:19;37:62;10:64;29:44;19:47;38:36;41:43;5:73;1:40;27:58;21:27;6:53;31:50;12:63;35:10;28:63;42:21;14:32,"49:[4,6];16:[0,1,4,6];20:[0,1,2,4,5,6,7];40:[0,4,5,6];13:[0,4,5,6];17:[0,4,6];3:[0,4,6];15:[4,6];23:[4];25:[0,1,4,6];34:[0,1,4,5,6];18:[0,1,4,6];11:[0,4,5,6];9:[4,6];48:[4];47:[0,4,6];4:[0,1,4,5,6];22:[0,1,4,6];7:[0,1,4,6];39:[4,6];44:[4,6];2:[0,1,2,4,5,6];8:[0,4,6];45:[0,1,4,5,6];36:[0,1,4,6];33:[0,1,4,5,6];26:[0,4,6];32:[0,1,2,4,5,6];30:[0,1,4,6];0:[0,1,4,5,6];46:[0,4,6];43:[4,6];24:[4];37:[0,1,2,4,5,6];10:[0,1,2,4,5,6];29:[0,4,5,6];19:[0,1,4,6];38:[0,4,6];41:[0,1,4,6];5:[0,1,2,3,4,5,6];1:[0,1,4,6];27:[0,1,4,5,6];21:[4,6];6:[0,1,4,5,6];31:[0,1,4,5,6];12:[0,1,2,4,5,6];35:[4];28:[0,1,2,4,5,6];42:[4,6];14:[0,4,6]","c49:bw=20,experts=[4,6]; c16:bw=45,experts=[0,1,4,6]; c20:bw=70,experts=[0,1,2,4,5,6,7]; c40:bw=45,experts=[0,4,5,6]; c13:bw=49,experts=[0,4,5,6]; c17:bw=39,experts=[0,4,6]; c3:bw=34,experts=[0,4,6]; c15:bw=24,experts=[4,6]; c23:bw=15,experts=[4]; c25:bw=43,experts=[0,1,4,6]; c34:bw=55,experts=[0,1,4,5,6]; c18:bw=43,experts=[0,1,4,6]; c11:bw=49,experts=[0,4,5,6]; c9:bw=22,experts=[4,6]; c48:bw=16,experts=[4]; c47:bw=32,experts=[0,4,6]; c4:bw=56,experts=[0,1,4,5,6]; c22:bw=49,experts=[0,1,4,6]; c7:bw=45,experts=[0,1,4,6]; c39:bw=23,experts=[4,6]; c44:bw=27,experts=[4,6]; c2:bw=60,experts=[0,1,2,4,5,6]; c8:bw=31,experts=[0,4,6]; c45:bw=50,experts=[0,1,4,5,6]; c36:bw=44,experts=[0,1,4,6]; c33:bw=53,experts=[0,1,4,5,6]; c26:bw=37,experts=[0,4,6]; c32:bw=62,experts=[0,1,2,4,5,6]; c30:bw=40,experts=[0,1,4,6]; c0:bw=59,experts=[0,1,4,5,6]; c46:bw=38,experts=[0,4,6]; c43:bw=21,experts=[4,6]; c24:bw=19,experts=[4]; c37:bw=62,experts=[0,1,2,4,5,6]; c10:bw=64,experts=[0,1,2,4,5,6]; c29:bw=44,experts=[0,4,5,6]; c19:bw=47,experts=[0,1,4,6]; c38:bw=36,experts=[0,4,6]; c41:bw=43,experts=[0,1,4,6]; c5:bw=73,experts=[0,1,2,3,4,5,6]; c1:bw=40,experts=[0,1,4,6]; c27:bw=58,experts=[0,1,4,5,6]; c21:bw=27,experts=[4,6]; c6:bw=53,experts=[0,1,4,5,6]; c31:bw=50,experts=[0,1,4,5,6]; c12:bw=63,experts=[0,1,2,4,5,6]; c35:bw=10,experts=[4]; c28:bw=63,experts=[0,1,2,4,5,6]; c42:bw=21,experts=[4,6]; c14:bw=32,experts=[0,4,6]","3.7308,2.4642,1.8899,1.6727,1.3705,1.4096,1.7872,1.3538,1.9233,2.8862,1.4320,1.6314,1.3810,1.7338,1.1819,1.2535,1.9177,2.1095,1.1626,1.7270,1.2795,1.1844,1.3523,2.4021,1.3928,1.7233,1.9037,1.9540,1.7108,0.9139,1.3257,1.3925,1.2773,1.4267,1.6049,1.9470,1.6141,1.1678,0.9167,2.3793,1.5917,1.8329,2.2158,1.9302,1.8332,1.1832,1.5040,1.4344,1.6291,2.1104"
5,2026-09-24 14:03:18,Ours,0.01,3.372686999203647,5.85,5.85,5,100.0363,1:40.04,86.0928,12.3661,1.5716,495.8901,8:15.89,50,"35,6,29,14,13,7,20,12,9,30,48,21,37,11,8,38,17,15,28,24,41,19,4,43,33,46,26,23,10,39,3,42,34,5,40,25,44,18,0,32,31,47,22,27,45,49,16,36,2,1",35:26;6:53;29:55;14:53;13:36;7:24;20:50;12:55;9:62;30:16;48:13;21:35;37:43;11:21;8:37;38:67;17:64;15:45;28:45;24:12;41:46;19:19;4:48;43:59;33:33;46:11;26:19;23:29;10:35;39:65;3:63;42:51;34:36;5:40;40:42;25:34;44:40;18:10;0:50;32:40;31:43;47:48;22:49;27:30;45:62;49:44;16:32;36:26;2:10;1:20,"35:[4,6];6:[0,1,4,5,6];29:[0,1,4,5,6];14:[0,1,4,5,6];13:[0,4,6];7:[4,6];20:[0,1,4,5,6];12:[0,1,4,5,6];9:[0,1,2,4,5,6];30:[4];48:[4];21:[0,4,6];37:[0,4,5,6];11:[4,6];8:[4,5,6];38:[0,1,2,4,5,6];17:[0,1,2,4,5,6];15:[1,4,5,6];28:[0,4,5,6];24:[4];41:[0,4,5,6];19:[4];4:[0,4,5,6];43:[0,1,4,5,6];33:[4,5,6];46:[4];26:[4];23:[4,6];10:[0,4,6];39:[0,1,2,4,5,6];3:[0,1,2,4,5,6];42:[0,1,4,5,6];34:[0,4,6];5:[0,4,5,6];40:[0,4,5,6];25:[0,4,6];44:[0,4,5,6];18:[4];0:[0,1,4,5,6];32:[0,4,5,6];31:[0,4,5,6];47:[0,4,5,6];22:[0,4,5,6];27:[4,5,6];45:[0,1,2,4,5,6];49:[0,4,5,6];16:[0,4,6];36:[4,6];2:[4];1:[4,6]","c35:bw=26,experts=[4,6]; c6:bw=53,experts=[0,1,4,5,6]; c29:bw=55,experts=[0,1,4,5,6]; c14:bw=53,experts=[0,1,4,5,6]; c13:bw=36,experts=[0,4,6]; c7:bw=24,experts=[4,6]; c20:bw=50,experts=[0,1,4,5,6]; c12:bw=55,experts=[0,1,4,5,6]; c9:bw=62,experts=[0,1,2,4,5,6]; c30:bw=16,experts=[4]; c48:bw=13,experts=[4]; c21:bw=35,experts=[0,4,6]; c37:bw=43,experts=[0,4,5,6]; c11:bw=21,experts=[4,6]; c8:bw=37,experts=[4,5,6]; c38:bw=67,experts=[0,1,2,4,5,6]; c17:bw=64,experts=[0,1,2,4,5,6]; c15:bw=45,experts=[1,4,5,6]; c28:bw=45,experts=[0,4,5,6]; c24:bw=12,experts=[4]; c41:bw=46,experts=[0,4,5,6]; c19:bw=19,experts=[4]; c4:bw=48,experts=[0,4,5,6]; c43:bw=59,experts=[0,1,4,5,6]; c33:bw=33,experts=[4,5,6]; c46:bw=11,experts=[4]; c26:bw=19,experts=[4]; c23:bw=29,experts=[4,6]; c10:bw=35,experts=[0,4,6]; c39:bw=65,experts=[0,1,2,4,5,6]; c3:bw=63,experts=[0,1,2,4,5,6]; c42:bw=51,experts=[0,1,4,5,6]; c34:bw=36,experts=[0,4,6]; c5:bw=40,experts=[0,4,5,6]; c40:bw=42,experts=[0,4,5,6]; c25:bw=34,experts=[0,4,6]; c44:bw=40,experts=[0,4,5,6]; c18:bw=10,experts=[4]; c0:bw=50,experts=[0,1,4,5,6]; c32:bw=40,experts=[0,4,5,6]; c31:bw=43,experts=[0,4,5,6]; c47:bw=48,experts=[0,4,5,6]; c22:bw=49,experts=[0,4,5,6]; c27:bw=30,experts=[4,5,6]; c45:bw=62,experts=[0,1,2,4,5,6]; c49:bw=44,experts=[0,4,5,6]; c16:bw=32,experts=[0,4,6]; c36:bw=26,experts=[4,6]; c2:bw=10,experts=[4]; c1:bw=20,experts=[4,6]","1.5385,2.0130,2.0247,2.1870,1.3944,1.1892,1.9534,1.2455,1.7787,1.7323,1.1930,2.3019,1.4449,1.3941,1.3937,1.2124,1.4532,1.4170,1.4630,1.3299,0.9474,1.6652,1.9509,1.4758,1.7624,1.3495,1.8902,1.9185,1.5655,1.7606,1.8131,1.6360,1.4816,2.4411,1.7161,2.9867,1.3147,1.6401,0.9278,2.0679,1.8560,1.2704,2.1352,1.8709,2.4799,3.8121,2.4990,1.4305,1.1671,1.6005"
6,2026-09-24 14:04:59,Ours,0.01,3.3531922822675466,6.92,6.92,6,101.2836,1:41.28,87.4717,12.2461,1.5558,597.1904,9:57.19,50,"35,28,12,16,48,26,19,9,23,21,13,14,5,3,7,45,42,31,33,20,46,18,2,49,8,44,41,4,11,37,36,43,1,25,15,6,34,29,30,22,24,27,10,0,47,17,38,39,32,40",35:19;28:74;12:62;16:54;48:46;26:43;19:37;9:48;23:73;21:10;13:15;14:40;5:27;3:36;7:58;45:23;42:31;31:48;33:14;20:44;46:25;18:40;2:42;49:17;8:67;44:50;41:40;4:17;11:31;37:14;36:10;43:29;1:32;25:43;15:33;6:20;34:54;29:41;30:58;22:32;24:18;27:43;10:10;0:31;47:42;17:27;38:51;39:20;32:10;40:40,"35:[4];28:[0,1,2,3,4,5,6];12:[0,1,2,4,5,6];16:[0,1,4,5,6];48:[0,4,5,6];26:[0,4,5,6];19:[0,4,6];9:[0,4,5,6];23:[0,1,2,4,5,6,7];21:[4];13:[4];14:[0,1,4,6];5:[4,6];3:[0,4,6];7:[0,1,4,5,6];45:[4,6];42:[0,4,6];31:[0,4,5,6];33:[4];20:[0,4,5,6];46:[4,6];18:[0,1,4,6];2:[0,1,4,6];49:[4];8:[0,1,2,4,5,6];44:[0,1,4,5,6];41:[0,1,4,6];4:[4];11:[0,4,6];37:[4];36:[4];43:[4,6];1:[0,4,6];25:[0,4,5,6];15:[0,4,6];6:[4,6];34:[0,1,4,5,6];29:[0,1,4,6];30:[0,1,4,5,6];22:[0,4,6];24:[4];27:[0,4,5,6];10:[4];0:[0,4,6];47:[0,1,4,6];17:[4,6];38:[0,1,4,5,6];39:[4,6];32:[4];40:[0,4,5,6]","c35:bw=19,experts=[4]; c28:bw=74,experts=[0,1,2,3,4,5,6]; c12:bw=62,experts=[0,1,2,4,5,6]; c16:bw=54,experts=[0,1,4,5,6]; c48:bw=46,experts=[0,4,5,6]; c26:bw=43,experts=[0,4,5,6]; c19:bw=37,experts=[0,4,6]; c9:bw=48,experts=[0,4,5,6]; c23:bw=73,experts=[0,1,2,4,5,6,7]; c21:bw=10,experts=[4]; c13:bw=15,experts=[4]; c14:bw=40,experts=[0,1,4,6]; c5:bw=27,experts=[4,6]; c3:bw=36,experts=[0,4,6]; c7:bw=58,experts=[0,1,4,5,6]; c45:bw=23,experts=[4,6]; c42:bw=31,experts=[0,4,6]; c31:bw=48,experts=[0,4,5,6]; c33:bw=14,experts=[4]; c20:bw=44,experts=[0,4,5,6]; c46:bw=25,experts=[4,6]; c18:bw=40,experts=[0,1,4,6]; c2:bw=42,experts=[0,1,4,6]; c49:bw=17,experts=[4]; c8:bw=67,experts=[0,1,2,4,5,6]; c44:bw=50,experts=[0,1,4,5,6]; c41:bw=40,experts=[0,1,4,6]; c4:bw=17,experts=[4]; c11:bw=31,experts=[0,4,6]; c37:bw=14,experts=[4]; c36:bw=10,experts=[4]; c43:bw=29,experts=[4,6]; c1:bw=32,experts=[0,4,6]; c25:bw=43,experts=[0,4,5,6]; c15:bw=33,experts=[0,4,6]; c6:bw=20,experts=[4,6]; c34:bw=54,experts=[0,1,4,5,6]; c29:bw=41,experts=[0,1,4,6]; c30:bw=58,experts=[0,1,4,5,6]; c22:bw=32,experts=[0,4,6]; c24:bw=18,experts=[4]; c27:bw=43,experts=[0,4,5,6]; c10:bw=10,experts=[4]; c0:bw=31,experts=[0,4,6]; c47:bw=42,experts=[0,1,4,6]; c17:bw=27,experts=[4,6]; c38:bw=51,experts=[0,1,4,5,6]; c39:bw=20,experts=[4,6]; c32:bw=10,experts=[4]; c40:bw=40,experts=[0,4,5,6]","1.5702,1.5148,1.2687,2.6106,1.2427,2.0211,1.6678,1.7384,2.0006,2.3549,1.3870,2.1643,2.4739,1.8231,1.1879,2.5328,1.7056,1.8923,1.8367,2.0122,1.4243,1.6903,1.2365,3.8963,1.4413,1.3350,0.9643,1.9565,1.3754,1.4254,1.4336,1.4777,1.6282,2.9737,1.3920,1.9652,1.4606,2.0298,1.7770,2.1600,1.3741,1.8887,1.6218,0.9607,1.3102,1.4700,1.2345,1.7929,2.0106,1.7592"
7,2026-09-24 14:06:42,Ours,0.01,3.31118404012366,7.88,7.88,7,102.3475,1:42.35,88.7129,12.051,1.5721,699.5556,11:39.56,50,"8,23,31,37,9,10,33,39,29,27,17,26,25,45,43,36,47,4,24,14,0,46,49,38,30,18,12,28,5,41,48,22,21,11,42,16,2,6,7,19,20,13,44,3,32,35,40,15,34,1",8:57;23:41;31:19;37:72;9:10;10:17;33:40;39:38;29:57;27:26;17:41;26:49;25:50;45:44;43:10;36:43;47:11;4:14;24:31;14:13;0:36;46:14;49:40;38:29;30:27;18:20;12:47;28:10;5:49;41:35;48:48;22:55;21:60;11:60;42:29;16:53;2:40;6:13;7:31;19:54;20:16;13:25;44:20;3:26;32:24;35:30;40:56;15:39;34:29;1:10,"8:[0,1,4,5,6];23:[0,1,4,6];31:[4];37:[0,1,2,4,5,6,7];9:[4];10:[4];33:[0,1,4,6];39:[0,4,6];29:[0,1,4,5,6];27:[4,6];17:[0,1,4,6];26:[0,1,4,6];25:[0,1,4,5,6];45:[0,1,4,6];43:[4];36:[0,1,4,6];47:[4];4:[4];24:[0,4,6];14:[4];0:[0,4,6];46:[4];49:[0,1,4,6];38:[4,6];30:[4,6];18:[4,6];12:[0,1,4,6];28:[4];5:[0,1,4,6];41:[0,4,6];48:[0,1,4,6];22:[0,1,4,5,6];21:[0,1,2,4,5,6];11:[0,1,2,4,5,6];42:[4,6];16:[0,1,4,5,6];2:[0,1,4,6];6:[4];7:[0,4,6];19:[0,1,4,5,6];20:[4];13:[4,6];44:[4,6];3:[4,6];32:[4,6];35:[0,4,6];40:[0,1,4,5,6];15:[0,4,6];34:[4,6];1:[4]","c8:bw=57,experts=[0,1,4,5,6]; c23:bw=41,experts=[0,1,4,6]; c31:bw=19,experts=[4]; c37:bw=72,experts=[0,1,2,4,5,6,7]; c9:bw=10,experts=[4]; c10:bw=17,experts=[4]; c33:bw=40,experts=[0,1,4,6]; c39:bw=38,experts=[0,4,6]; c29:bw=57,experts=[0,1,4,5,6]; c27:bw=26,experts=[4,6]; c17:bw=41,experts=[0,1,4,6]; c26:bw=49,experts=[0,1,4,6]; c25:bw=50,experts=[0,1,4,5,6]; c45:bw=44,experts=[0,1,4,6]; c43:bw=10,experts=[4]; c36:bw=43,experts=[0,1,4,6]; c47:bw=11,experts=[4]; c4:bw=14,experts=[4]; c24:bw=31,experts=[0,4,6]; c14:bw=13,experts=[4]; c0:bw=36,experts=[0,4,6]; c46:bw=14,experts=[4]; c49:bw=40,experts=[0,1,4,6]; c38:bw=29,experts=[4,6]; c30:bw=27,experts=[4,6]; c18:bw=20,experts=[4,6]; c12:bw=47,experts=[0,1,4,6]; c28:bw=10,experts=[4]; c5:bw=49,experts=[0,1,4,6]; c41:bw=35,experts=[0,4,6]; c48:bw=48,experts=[0,1,4,6]; c22:bw=55,experts=[0,1,4,5,6]; c21:bw=60,experts=[0,1,2,4,5,6]; c11:bw=60,experts=[0,1,2,4,5,6]; c42:bw=29,experts=[4,6]; c16:bw=53,experts=[0,1,4,5,6]; c2:bw=40,experts=[0,1,4,6]; c6:bw=13,experts=[4]; c7:bw=31,experts=[0,4,6]; c19:bw=54,experts=[0,1,4,5,6]; c20:bw=16,experts=[4]; c13:bw=25,experts=[4,6]; c44:bw=20,experts=[4,6]; c3:bw=26,experts=[4,6]; c32:bw=24,experts=[4,6]; c35:bw=30,experts=[0,4,6]; c40:bw=56,experts=[0,1,4,5,6]; c15:bw=39,experts=[0,4,6]; c34:bw=29,experts=[4,6]; c1:bw=10,experts=[4]","1.3910,2.0572,1.9633,1.5503,1.8408,1.6639,1.8758,1.7665,2.0970,2.0055,1.5295,2.0635,3.1292,2.6128,1.5706,1.5267,1.3727,2.0110,1.3470,2.1593,0.9656,1.3873,3.9205,1.2297,1.7611,1.6663,1.2012,1.4711,2.4352,0.9461,1.2467,2.2059,2.3481,1.4405,1.6712,2.5605,1.2149,1.9746,1.1890,1.7204,2.0129,1.4250,1.3711,1.8825,2.0009,1.5399,1.7528,1.4748,1.5046,1.6589"
8,2026-09-24 14:08:24,Ours,0.01,3.4242428534520624,8.75,8.75,8,102.3566,1:42.36,88.1856,12.5885,1.5709,801.9306,13:21.93,50,"4,11,46,40,5,39,13,48,28,19,27,43,14,18,3,29,37,12,41,38,36,6,15,35,10,8,0,7,16,25,33,9,26,1,44,21,45,23,42,49,24,17,2,47,22,31,20,32,34,30",4:10;11:45;46:49;40:34;5:28;39:32;13:35;48:13;28:38;19:31;27:41;43:41;14:59;18:39;3:37;29:71;37:11;12:51;41:40;38:21;36:47;6:41;15:66;35:54;10:51;8:37;0:32;7:15;16:45;25:41;33:57;9:59;26:55;1:58;44:34;21:31;45:10;23:35;42:42;49:61;24:42;17:56;2:54;47:25;22:61;31:35;20:42;32:74;34:10;30:34,"4:[3];11:[3,4,6,7];46:[3,4,6,7];40:[3,4,7];5:[4,7];39:[4,6,7];13:[3,4,7];48:[3];28:[4,6,7];19:[3,4,7];27:[3,4,6,7];43:[3,4,6,7];14:[0,3,4,6,7];18:[3,5,7];3:[3,4,7];29:[0,1,3,4,5,6,7];37:[3];12:[0,3,4,6,7];41:[3,4,6,7];38:[3,7];36:[3,4,6,7];6:[3,4,6,7];15:[0,1,3,4,6,7];35:[3,4,5,6,7];10:[0,3,4,6,7];8:[3,4,7];0:[3,4,7];7:[3];16:[3,4,6,7];25:[3,4,6,7];33:[0,3,4,6,7];9:[0,3,4,6,7];26:[0,3,4,6,7];1:[3,4,5,6,7];44:[3,4,7];21:[3,4,7];45:[3];23:[0,4,6];42:[3,4,6,7];49:[0,1,3,4,6,7];24:[1,3,5,7];17:[0,3,4,6,7];2:[0,3,4,6,7];47:[3,7];22:[0,1,3,4,6,7];31:[3,4,7];20:[0,3,4,6];32:[0,1,3,4,5,6,7];34:[3];30:[3,4,7]","c4:bw=10,experts=[3]; c11:bw=45,experts=[3,4,6,7]; c46:bw=49,experts=[3,4,6,7]; c40:bw=34,experts=[3,4,7]; c5:bw=28,experts=[4,7]; c39:bw=32,experts=[4,6,7]; c13:bw=35,experts=[3,4,7]; c48:bw=13,experts=[3]; c28:bw=38,experts=[4,6,7]; c19:bw=31,experts=[3,4,7]; c27:bw=41,experts=[3,4,6,7]; c43:bw=41,experts=[3,4,6,7]; c14:bw=59,experts=[0,3,4,6,7]; c18:bw=39,experts=[3,5,7]; c3:bw=37,experts=[3,4,7]; c29:bw=71,experts=[0,1,3,4,5,6,7]; c37:bw=11,experts=[3]; c12:bw=51,experts=[0,3,4,6,7]; c41:bw=40,experts=[3,4,6,7]; c38:bw=21,experts=[3,7]; c36:bw=47,experts=[3,4,6,7]; c6:bw=41,experts=[3,4,6,7]; c15:bw=66,experts=[0,1,3,4,6,7]; c35:bw=54,experts=[3,4,5,6,7]; c10:bw=51,experts=[0,3,4,6,7]; c8:bw=37,experts=[3,4,7]; c0:bw=32,experts=[3,4,7]; c7:bw=15,experts=[3]; c16:bw=45,experts=[3,4,6,7]; c25:bw=41,experts=[3,4,6,7]; c33:bw=57,experts=[0,3,4,6,7]; c9:bw=59,experts=[0,3,4,6,7]; c26:bw=55,experts=[0,3,4,6,7]; c1:bw=58,experts=[3,4,5,6,7]; c44:bw=34,experts=[3,4,7]; c21:bw=31,experts=[3,4,7]; c45:bw=10,experts=[3]; c23:bw=35,experts=[0,4,6]; c42:bw=42,experts=[3,4,6,7]; c49:bw=61,experts=[0,1,3,4,6,7]; c24:bw=42,experts=[1,3,5,7]; c17:bw=56,experts=[0,3,4,6,7]; c2:bw=54,experts=[0,3,4,6,7]; c47:bw=25,experts=[3,7]; c22:bw=61,experts=[0,1,3,4,6,7]; c31:bw=35,experts=[3,4,7]; c20:bw=42,experts=[0,3,4,6]; c32:bw=74,experts=[0,1,3,4,5,6,7]; c34:bw=10,experts=[3]; c30:bw=34,experts=[3,4,7]","1.9587,1.4324,1.4281,1.7781,2.5336,1.8277,1.4446,1.2241,1.4661,1.6716,1.9165,1.6169,2.2126,1.6765,1.8577,2.0278,1.4993,1.2584,0.9645,1.2247,1.4478,1.9773,1.4065,1.5686,1.6799,1.4044,0.9368,1.1798,2.5849,3.0407,1.8340,1.7899,2.0146,1.6775,1.2918,2.3133,2.5457,1.9992,1.6803,3.9086,1.3556,1.4780,1.2380,1.3082,2.2051,1.9083,2.0070,2.0349,1.5130,1.8358"
9,2026-09-24 14:10:08,Ours,0.01,3.310783059115703,9.77,9.77,9,103.5918,1:43.59,89.9382,12.0681,1.5799,905.5403,15:05.54,50,"34,30,37,2,35,10,40,48,6,25,26,39,46,45,13,33,1,43,19,0,11,8,20,38,22,28,23,16,18,9,27,17,12,15,29,31,44,3,4,7,32,36,42,14,5,41,47,49,24,21",34:36;30:39;37:42;2:21;35:30;10:34;40:44;48:56;6:31;25:67;26:19;39:10;46:38;45:10;13:41;33:26;1:14;43:49;19:26;0:52;11:28;8:18;20:58;38:19;22:39;28:58;23:68;16:41;18:53;9:26;27:27;17:49;12:38;15:36;29:46;31:27;44:47;3:23;4:59;7:46;32:15;36:30;42:14;14:37;5:52;41:51;47:25;49:12;24:25;21:66,"34:[2,4,7];30:[2,4,6];37:[0,1,4,6];2:[4,6];35:[2,4,6];10:[0,4,6];40:[0,2,4,6];48:[0,2,4,6,7];6:[2,4,6];25:[0,1,2,4,5,6];26:[2];39:[4];46:[2,4,6];45:[7];13:[0,2,4,6];33:[2,4];1:[2];43:[0,2,4,6];19:[4,6];0:[0,1,2,4,6];11:[4,6];8:[4];20:[0,1,4,5,6];38:[4];22:[2,4,6];28:[0,1,4,5,6];23:[0,1,2,4,5,6];16:[0,2,4,6];18:[0,1,2,4,6];9:[4,6];27:[2,4];17:[0,1,4,6];12:[0,4,6];15:[0,4,6];29:[0,1,4,6];31:[2,4];44:[0,2,4,6];3:[4,6];4:[0,2,4,6,7];7:[2,4,6,7];32:[4];36:[0,4,6];42:[2];14:[2,4,6];5:[0,1,4,5,6];41:[0,1,2,4,6];47:[2,4];49:[2];24:[2,4];21:[0,1,2,4,5,6]","c34:bw=36,experts=[2,4,7]; c30:bw=39,experts=[2,4,6]; c37:bw=42,experts=[0,1,4,6]; c2:bw=21,experts=[4,6]; c35:bw=30,experts=[2,4,6]; c10:bw=34,experts=[0,4,6]; c40:bw=44,experts=[0,2,4,6]; c48:bw=56,experts=[0,2,4,6,7]; c6:bw=31,experts=[2,4,6]; c25:bw=67,experts=[0,1,2,4,5,6]; c26:bw=19,experts=[2]; c39:bw=10,experts=[4]; c46:bw=38,experts=[2,4,6]; c45:bw=10,experts=[7]; c13:bw=41,experts=[0,2,4,6]; c33:bw=26,experts=[2,4]; c1:bw=14,experts=[2]; c43:bw=49,experts=[0,2,4,6]; c19:bw=26,experts=[4,6]; c0:bw=52,experts=[0,1,2,4,6]; c11:bw=28,experts=[4,6]; c8:bw=18,experts=[4]; c20:bw=58,experts=[0,1,4,5,6]; c38:bw=19,experts=[4]; c22:bw=39,experts=[2,4,6]; c28:bw=58,experts=[0,1,4,5,6]; c23:bw=68,experts=[0,1,2,4,5,6]; c16:bw=41,experts=[0,2,4,6]; c18:bw=53,experts=[0,1,2,4,6]; c9:bw=26,experts=[4,6]; c27:bw=27,experts=[2,4]; c17:bw=49,experts=[0,1,4,6]; c12:bw=38,experts=[0,4,6]; c15:bw=36,experts=[0,4,6]; c29:bw=46,experts=[0,1,4,6]; c31:bw=27,experts=[2,4]; c44:bw=47,experts=[0,2,4,6]; c3:bw=23,experts=[4,6]; c4:bw=59,experts=[0,2,4,6,7]; c7:bw=46,experts=[2,4,6,7]; c32:bw=15,experts=[4]; c36:bw=30,experts=[0,4,6]; c42:bw=14,experts=[2]; c14:bw=37,experts=[2,4,6]; c5:bw=52,experts=[0,1,4,5,6]; c41:bw=51,experts=[0,1,2,4,6]; c47:bw=25,experts=[2,4]; c49:bw=12,experts=[2]; c24:bw=25,experts=[2,4]; c21:bw=66,experts=[0,1,2,4,5,6]","1.5318,1.7952,1.5035,1.2136,1.6087,1.6526,1.8108,1.2648,2.0638,3.1118,2.0308,1.8220,1.4840,2.6056,1.5508,1.9255,1.7148,1.5649,1.7352,0.9804,1.4944,1.4275,2.0832,1.2769,2.1904,1.5117,2.0494,2.6523,1.7533,1.8740,1.9782,1.5718,1.2770,1.4518,2.1422,1.9946,1.3572,1.8826,1.9959,1.2037,2.0659,1.4659,1.6854,2.1773,2.4852,0.9815,1.3005,3.9338,1.3806,2.3232"
10,2026-09-24 14:11:51,Ours,0.01,3.24143786146124,10.61,10.61,10,103.7211,1:43.72,90.6587,11.575,1.4818,1009.28,16:49.28,50,"44,35,6,14,5,24,33,8,17,2,16,7,31,10,39,34,26,23,38,43,12,45,0,18,30,19,1,3,40,46,9,47,22,41,32,20,37,49,48,11,42,29,4,27,13,28,21,36,15,25",44:42;35:40;6:65;14:57;5:58;24:68;33:15;8:35;17:35;2:34;16:44;7:37;31:10;10:54;39:48;34:29;26:58;23:10;38:43;43:42;12:52;45:39;0:59;18:28;30:20;19:43;1:41;3:46;40:34;46:10;9:35;47:33;22:10;41:44;32:41;20:10;37:33;49:12;48:17;11:21;42:41;29:25;4:37;27:24;13:38;28:24;21:10;36:43;15:10;25:66,"44:[0,1,4,6];35:[0,1,4,6];6:[0,1,2,4,5,6];14:[0,1,4,5,6];5:[0,1,4,5,6];24:[0,1,2,4,5,6];33:[4];8:[0,4,6];17:[0,4,6];2:[0,4,6];16:[0,1,4,6];7:[0,4,6];31:[4];10:[0,1,4,5,6];39:[0,1,4,6];34:[4,6];26:[0,1,4,5,6];23:[3];38:[0,1,4,6];43:[0,1,4,6];12:[0,1,4,5,6];45:[0,4,6];0:[0,1,4,5,6];18:[4,6];30:[4,6];19:[0,2,4,6];1:[0,1,4,6];3:[0,1,4,6];40:[0,4,6];46:[4];9:[0,4,6];47:[0,4,6];22:[4];41:[0,1,4,6];32:[0,1,4,6];20:[4];37:[0,4,6];49:[4];48:[4];11:[4,6];42:[0,1,4,6];29:[2,4];4:[0,4,6];27:[4,6];13:[0,4,6];28:[4,6];21:[4];36:[2,4,5,6];15:[2];25:[0,1,2,4,5,6]","c44:bw=42,experts=[0,1,4,6]; c35:bw=40,experts=[0,1,4,6]; c6:bw=65,experts=[0,1,2,4,5,6]; c14:bw=57,experts=[0,1,4,5,6]; c5:bw=58,experts=[0,1,4,5,6]; c24:bw=68,experts=[0,1,2,4,5,6]; c33:bw=15,experts=[4]; c8:bw=35,experts=[0,4,6]; c17:bw=35,experts=[0,4,6]; c2:bw=34,experts=[0,4,6]; c16:bw=44,experts=[0,1,4,6]; c7:bw=37,experts=[0,4,6]; c31:bw=10,experts=[4]; c10:bw=54,experts=[0,1,4,5,6]; c39:bw=48,experts=[0,1,4,6]; c34:bw=29,experts=[4,6]; c26:bw=58,experts=[0,1,4,5,6]; c23:bw=10,experts=[3]; c38:bw=43,experts=[0,1,4,6]; c43:bw=42,experts=[0,1,4,6]; c12:bw=52,experts=[0,1,4,5,6]; c45:bw=39,experts=[0,4,6]; c0:bw=59,experts=[0,1,4,5,6]; c18:bw=28,experts=[4,6]; c30:bw=20,experts=[4,6]; c19:bw=43,experts=[0,2,4,6]; c1:bw=41,experts=[0,1,4,6]; c3:bw=46,experts=[0,1,4,6]; c40:bw=34,experts=[0,4,6]; c46:bw=10,experts=[4]; c9:bw=35,experts=[0,4,6]; c47:bw=33,experts=[0,4,6]; c22:bw=10,experts=[4]; c41:bw=44,experts=[0,1,4,6]; c32:bw=41,experts=[0,1,4,6]; c20:bw=10,experts=[4]; c37:bw=33,experts=[0,4,6]; c49:bw=12,experts=[4]; c48:bw=17,experts=[4]; c11:bw=21,experts=[4,6]; c42:bw=41,experts=[0,1,4,6]; c29:bw=25,experts=[2,4]; c4:bw=37,experts=[0,4,6]; c27:bw=24,experts=[4,6]; c13:bw=38,experts=[0,4,6]; c28:bw=24,experts=[4,6]; c21:bw=10,experts=[4]; c36:bw=43,experts=[2,4,5,6]; c15:bw=10,experts=[2]; c25:bw=66,experts=[0,1,2,4,5,6]","1.3656,1.6384,2.0684,2.3112,2.6664,1.4370,1.8826,1.4599,1.5222,1.2859,2.7269,1.2515,1.9729,1.7381,1.8830,1.6257,2.1142,2.0554,1.2676,1.5170,1.2953,2.5820,0.9994,1.7290,1.8726,1.7874,1.6957,1.9082,1.7916,1.4759,1.8450,1.3169,2.1927,1.0135,2.0883,2.0583,1.5227,4.0908,1.3031,1.4801,1.7063,2.0930,2.0046,1.9270,1.4454,1.4932,2.3002,1.4137,1.3759,3.0606"
11,2026-09-24 14:13:26,Ours,0.01,3.203361491503344,11.48,11.48,11,94.1707,1:34.17,81.7437,10.9517,1.4662,1103.4714,18:23.47,50,"21,38,48,46,23,5,37,15,26,13,41,19,14,0,2,35,27,4,49,24,31,10,45,17,20,3,6,8,18,40,29,33,47,36,44,7,25,16,22,34,1,30,11,12,28,43,42,9,39,32",21:34;38:30;48:21;46:10;23:63;5:28;37:24;15:44;26:33;13:40;41:21;19:25;14:15;0:28;2:27;35:10;27:53;4:16;49:40;24:45;31:45;10:35;45:37;17:44;20:10;3:50;6:55;8:39;18:47;40:46;29:10;33:44;47:10;36:22;44:46;7:44;25:10;16:43;22:10;34:48;1:40;30:49;11:34;12:20;28:26;43:51;42:33;9:33;39:25;32:52,"21:[0,4,6];38:[0,4,6];48:[4,6];46:[1];23:[0,1,2,4,5,6];5:[4,6];37:[4,6];15:[0,1,4,6];26:[0,4,6];13:[0,1,4,6];41:[4,6];19:[4,6];14:[4];0:[4,6];2:[4,6];35:[4];27:[0,1,4,5,6];4:[4];49:[0,1,4,6];24:[0,1,4,6];31:[0,1,4,6];10:[0,4,6];45:[0,4,6];17:[0,1,4,6];20:[4];3:[0,1,4,5,6];6:[0,1,4,5,6];8:[0,4,6];18:[0,1,4,6];40:[0,1,4,6];29:[4];33:[0,1,4,6];47:[4];36:[4,6];44:[0,1,4,6];7:[0,1,4,6];25:[4];16:[0,1,4,6];22:[4];34:[0,1,4,6];1:[0,1,4,6];30:[0,1,4,6];11:[0,4,6];12:[4,6];28:[4,6];43:[0,1,4,5,6];42:[0,4,6];9:[0,4,6];39:[3,4];32:[0,1,4,5,6]","c21:bw=34,experts=[0,4,6]; c38:bw=30,experts=[0,4,6]; c48:bw=21,experts=[4,6]; c46:bw=10,experts=[1]; c23:bw=63,experts=[0,1,2,4,5,6]; c5:bw=28,experts=[4,6]; c37:bw=24,experts=[4,6]; c15:bw=44,experts=[0,1,4,6]; c26:bw=33,experts=[0,4,6]; c13:bw=40,experts=[0,1,4,6]; c41:bw=21,experts=[4,6]; c19:bw=25,experts=[4,6]; c14:bw=15,experts=[4]; c0:bw=28,experts=[4,6]; c2:bw=27,experts=[4,6]; c35:bw=10,experts=[4]; c27:bw=53,experts=[0,1,4,5,6]; c4:bw=16,experts=[4]; c49:bw=40,experts=[0,1,4,6]; c24:bw=45,experts=[0,1,4,6]; c31:bw=45,experts=[0,1,4,6]; c10:bw=35,experts=[0,4,6]; c45:bw=37,experts=[0,4,6]; c17:bw=44,experts=[0,1,4,6]; c20:bw=10,experts=[4]; c3:bw=50,experts=[0,1,4,5,6]; c6:bw=55,experts=[0,1,4,5,6]; c8:bw=39,experts=[0,4,6]; c18:bw=47,experts=[0,1,4,6]; c40:bw=46,experts=[0,1,4,6]; c29:bw=10,experts=[4]; c33:bw=44,experts=[0,1,4,6]; c47:bw=10,experts=[4]; c36:bw=22,experts=[4,6]; c44:bw=46,experts=[0,1,4,6]; c7:bw=44,experts=[0,1,4,6]; c25:bw=10,experts=[4]; c16:bw=43,experts=[0,1,4,6]; c22:bw=10,experts=[4]; c34:bw=48,experts=[0,1,4,6]; c1:bw=40,experts=[0,1,4,6]; c30:bw=49,experts=[0,1,4,6]; c11:bw=34,experts=[0,4,6]; c12:bw=20,experts=[4,6]; c28:bw=26,experts=[4,6]; c43:bw=51,experts=[0,1,4,5,6]; c42:bw=33,experts=[0,4,6]; c9:bw=33,experts=[0,4,6]; c39:bw=25,experts=[3,4]; c32:bw=52,experts=[0,1,4,5,6]","2.2150,1.2070,1.1980,1.3649,1.9101,2.4112,1.4302,1.3450,1.8944,1.3522,0.8899,1.5478,2.0140,0.9043,1.1474,1.4696,1.8214,1.8092,3.6483,1.3004,1.7234,1.5081,2.3606,1.3761,1.8208,1.6908,1.8934,1.2776,1.5277,1.6217,1.8908,1.7207,1.1999,1.2533,1.1373,1.0867,2.8024,2.4025,1.9862,1.4052,1.5316,1.6870,1.3537,1.1850,1.2979,1.3726,1.5960,1.6617,1.5839,1.9087"
12,2026-09-24 14:15:00,Ours,0.01,3.181847107642477,12.8,12.8,12,94.5066,1:34.51,81.6578,11.3864,1.4513,1197.9952,19:58.00,50,"41,7,0,5,1,33,45,10,43,48,28,30,17,26,9,23,39,32,31,3,44,46,2,4,20,15,14,25,37,42,13,27,6,8,36,38,11,35,18,49,21,47,19,16,29,40,34,24,22,12",41:44;7:30;0:49;5:56;1:42;33:10;45:30;10:62;43:34;48:65;28:11;30:58;17:39;26:21;9:42;23:60;39:35;32:47;31:57;3:35;44:44;46:10;2:57;4:28;20:75;15:36;14:29;25:44;37:38;42:54;13:53;27:51;6:29;8:55;36:41;38:26;11:45;35:58;18:45;49:60;21:61;47:38;19:31;16:28;29:52;40:28;34:56;24:24;22:54;12:73,"41:[0,1,4,6];7:[0,4,6];0:[0,1,4,6];5:[0,2,3,4,6];1:[0,1,4,6];33:[4];45:[0,4,6];10:[0,1,2,4,5,6];43:[0,4,6];48:[0,1,2,4,5,6];28:[4];30:[0,1,4,5,6];17:[0,4,6];26:[4,6];9:[0,4,5,6];23:[0,1,2,4,5,6];39:[0,4,6];32:[0,2,4,6];31:[0,1,4,5,6];3:[0,4,6];44:[0,1,4,6];46:[5];2:[0,2,4,5,6];4:[1,4];20:[0,1,2,4,5,6,7];15:[0,4,6];14:[4,6];25:[0,1,4,6];37:[0,4,6];42:[0,1,4,5,6];13:[0,1,4,5,6];27:[0,1,4,5,6];6:[4,6];8:[0,1,4,5,6];36:[0,1,4,6];38:[4,6];11:[0,4,5,6];35:[0,1,4,5,6];18:[0,1,4,6];49:[0,1,2,4,5,6];21:[0,1,2,4,5,6];47:[0,4,6];19:[0,4,6];16:[4,6];29:[0,1,2,4,6];40:[4,6];34:[0,1,4,5,6];24:[4,6];22:[0,1,4,5,6];12:[0,1,2,3,4,5,6]","c41:bw=44,experts=[0,1,4,6]; c7:bw=30,experts=[0,4,6]; c0:bw=49,experts=[0,1,4,6]; c5:bw=56,experts=[0,2,3,4,6]; c1:bw=42,experts=[0,1,4,6]; c33:bw=10,experts=[4]; c45:bw=30,experts=[0,4,6]; c10:bw=62,experts=[0,1,2,4,5,6]; c43:bw=34,experts=[0,4,6]; c48:bw=65,experts=[0,1,2,4,5,6]; c28:bw=11,experts=[4]; c30:bw=58,experts=[0,1,4,5,6]; c17:bw=39,experts=[0,4,6]; c26:bw=21,experts=[4,6]; c9:bw=42,experts=[0,4,5,6]; c23:bw=60,experts=[0,1,2,4,5,6]; c39:bw=35,experts=[0,4,6]; c32:bw=47,experts=[0,2,4,6]; c31:bw=57,experts=[0,1,4,5,6]; c3:bw=35,experts=[0,4,6]; c44:bw=44,experts=[0,1,4,6]; c46:bw=10,experts=[5]; c2:bw=57,experts=[0,2,4,5,6]; c4:bw=28,experts=[1,4]; c20:bw=75,experts=[0,1,2,4,5,6,7]; c15:bw=36,experts=[0,4,6]; c14:bw=29,experts=[4,6]; c25:bw=44,experts=[0,1,4,6]; c37:bw=38,experts=[0,4,6]; c42:bw=54,experts=[0,1,4,5,6]; c13:bw=53,experts=[0,1,4,5,6]; c27:bw=51,experts=[0,1,4,5,6]; c6:bw=29,experts=[4,6]; c8:bw=55,experts=[0,1,4,5,6]; c36:bw=41,experts=[0,1,4,6]; c38:bw=26,experts=[4,6]; c11:bw=45,experts=[0,4,5,6]; c35:bw=58,experts=[0,1,4,5,6]; c18:bw=45,experts=[0,1,4,6]; c49:bw=60,experts=[0,1,2,4,5,6]; c21:bw=61,experts=[0,1,2,4,5,6]; c47:bw=38,experts=[0,4,6]; c19:bw=31,experts=[0,4,6]; c16:bw=28,experts=[4,6]; c29:bw=52,experts=[0,1,2,4,6]; c40:bw=28,experts=[4,6]; c34:bw=56,experts=[0,1,4,5,6]; c24:bw=24,experts=[4,6]; c22:bw=54,experts=[0,1,4,5,6]; c12:bw=73,experts=[0,1,2,3,4,5,6]","0.8759,1.0532,0.8669,2.3560,1.5326,1.6830,2.3369,1.5135,1.3755,1.1676,1.4032,1.6964,1.3457,1.8535,1.7063,1.8931,1.7346,1.9382,1.7651,1.6849,1.1797,1.3026,1.1607,1.8246,1.9091,1.3303,2.0550,2.7588,1.4094,1.6298,1.3034,1.8135,1.8739,1.3116,1.3926,1.1350,1.3542,1.4226,1.5603,3.5831,2.1840,1.2209,1.5459,2.2828,1.8519,1.6186,1.4320,1.3122,2.0241,1.0931"
13,2026-09-24 14:16:33,Ours,0.01,3.1697515187271263,13.8,13.8,13,93.1039,1:33.10,80.5579,11.0897,1.4465,1291.119,21:31.12,50,"47,14,13,10,38,30,33,17,42,34,25,31,22,49,15,27,2,20,23,9,29,32,11,35,5,40,3,44,24,46,48,19,21,0,7,18,36,28,4,1,26,8,41,39,12,45,6,37,16,43",47:25;14:70;13:32;10:42;38:43;30:24;33:23;17:55;42:31;34:42;25:58;31:10;22:75;49:27;15:38;27:57;2:16;20:10;23:53;9:15;29:49;32:10;11:52;35:42;5:29;40:56;3:30;44:17;24:35;46:58;48:42;19:36;21:30;0:25;7:58;18:51;36:53;28:47;4:10;1:47;26:17;8:15;41:22;39:51;12:42;45:48;6:36;37:56;16:10;43:10,"47:[4,5];14:[0,1,2,4,5,6,7];13:[0,4,6];10:[0,1,4,6];38:[0,2,4,6];30:[4,6];33:[4,5];17:[0,2,4,5,6];42:[0,4,6];34:[0,1,4,6];25:[0,1,4,5,6];31:[4];22:[0,1,2,3,4,5,6];49:[4,6];15:[4,5,6];27:[0,1,4,5,6];2:[4];20:[4];23:[0,1,4,5,6];9:[1];29:[0,1,4,6];32:[4];11:[0,1,4,5,6];35:[0,1,4,6];5:[4,6];40:[0,1,4,5,6];3:[2,4,6];44:[4];24:[0,4,6];46:[0,1,4,5,6];48:[0,1,4,6];19:[0,4,6];21:[0,4,6];0:[4,6];7:[0,1,4,5,6];18:[0,1,4,5,6];36:[0,1,4,5,6];28:[0,1,4,6];4:[5];1:[0,1,4,6];26:[4];8:[4];41:[4,5];39:[0,2,4,5,6];12:[0,1,4,6];45:[2,4,5,6];6:[1,4,6];37:[0,1,4,5,6];16:[4];43:[4]","c47:bw=25,experts=[4,5]; c14:bw=70,experts=[0,1,2,4,5,6,7]; c13:bw=32,experts=[0,4,6]; c10:bw=42,experts=[0,1,4,6]; c38:bw=43,experts=[0,2,4,6]; c30:bw=24,experts=[4,6]; c33:bw=23,experts=[4,5]; c17:bw=55,experts=[0,2,4,5,6]; c42:bw=31,experts=[0,4,6]; c34:bw=42,experts=[0,1,4,6]; c25:bw=58,experts=[0,1,4,5,6]; c31:bw=10,experts=[4]; c22:bw=75,experts=[0,1,2,3,4,5,6]; c49:bw=27,experts=[4,6]; c15:bw=38,experts=[4,5,6]; c27:bw=57,experts=[0,1,4,5,6]; c2:bw=16,experts=[4]; c20:bw=10,experts=[4]; c23:bw=53,experts=[0,1,4,5,6]; c9:bw=15,experts=[1]; c29:bw=49,experts=[0,1,4,6]; c32:bw=10,experts=[4]; c11:bw=52,experts=[0,1,4,5,6]; c35:bw=42,experts=[0,1,4,6]; c5:bw=29,experts=[4,6]; c40:bw=56,experts=[0,1,4,5,6]; c3:bw=30,experts=[2,4,6]; c44:bw=17,experts=[4]; c24:bw=35,experts=[0,4,6]; c46:bw=58,experts=[0,1,4,5,6]; c48:bw=42,experts=[0,1,4,6]; c19:bw=36,experts=[0,4,6]; c21:bw=30,experts=[0,4,6]; c0:bw=25,experts=[4,6]; c7:bw=58,experts=[0,1,4,5,6]; c18:bw=51,experts=[0,1,4,5,6]; c36:bw=53,experts=[0,1,4,5,6]; c28:bw=47,experts=[0,1,4,6]; c4:bw=10,experts=[5]; c1:bw=47,experts=[0,1,4,6]; c26:bw=17,experts=[4]; c8:bw=15,experts=[4]; c41:bw=22,experts=[4,5]; c39:bw=51,experts=[0,2,4,5,6]; c12:bw=42,experts=[0,1,4,6]; c45:bw=48,experts=[2,4,5,6]; c6:bw=36,experts=[1,4,6]; c37:bw=56,experts=[0,1,4,5,6]; c16:bw=10,experts=[4]; c43:bw=10,experts=[4]","1.1894,1.9763,1.3433,1.5567,1.1577,1.6310,1.7041,1.3436,1.5471,1.4086,2.8635,1.7836,2.0913,3.6865,1.2519,1.7521,1.1674,2.0277,1.8567,1.6775,1.8531,1.8976,1.3403,1.4880,2.2855,1.5353,1.6051,1.1869,1.1972,1.2263,1.0808,1.5242,2.1884,0.8595,1.0968,1.5607,1.2706,1.3652,1.8127,1.5291,1.8418,1.2898,0.8489,1.5381,1.0718,2.2136,1.7605,1.3221,2.3378,1.4142"
14,2026-09-24 14:18:06,Ours,0.01,3.127053416517977,14.66,14.66,14,92.9314,1:32.93,80.9819,10.5949,1.3448,1384.0685,23:04.07,50,"33,25,29,47,6,8,23,1,12,44,3,28,38,4,16,46,26,45,7,49,9,11,39,22,41,2,27,21,40,0,30,14,13,17,19,18,34,35,36,10,42,15,20,31,43,5,37,32,24,48",33:48;25:53;29:36;47:33;6:67;8:21;23:63;1:38;12:43;44:14;3:45;28:49;38:32;4:10;16:19;46:13;26:42;45:22;7:25;49:28;9:32;11:36;39:32;22:35;41:25;2:45;27:40;21:36;40:40;0:25;30:53;14:25;13:34;17:10;19:42;18:63;34:12;35:25;36:36;10:31;42:22;15:12;20:31;31:13;43:10;5:64;37:50;32:20;24:42;48:18,"33:[0,1,4,6];25:[0,1,4,5,6];29:[0,4,6];47:[1,4,6];6:[0,1,2,4,5,6];8:[2,4];23:[0,1,4,5,6,7];1:[0,4,6];12:[0,1,4,6];44:[5];3:[0,1,4,6];28:[2,3,4,6];38:[4,5,6];4:[4];16:[4];46:[4];26:[0,1,4,6];45:[4,6];7:[4,6];49:[4,6];9:[2,4,6];11:[0,4,6];39:[0,4,6];22:[0,4,6];41:[4,6];2:[0,1,4,6];27:[0,1,4,6];21:[0,4,6];40:[0,1,4,6];0:[4,6];30:[0,1,4,5,6];14:[4,6];13:[0,4,6];17:[4];19:[0,1,4,6];18:[0,1,2,4,5,6];34:[4];35:[4,6];36:[0,4,6];10:[0,4,6];42:[4,6];15:[4];20:[0,4,6];31:[4];43:[4];5:[0,1,2,4,5,6];37:[0,1,4,5,6];32:[4,6];24:[0,1,4,6];48:[4]","c33:bw=48,experts=[0,1,4,6]; c25:bw=53,experts=[0,1,4,5,6]; c29:bw=36,experts=[0,4,6]; c47:bw=33,experts=[1,4,6]; c6:bw=67,experts=[0,1,2,4,5,6]; c8:bw=21,experts=[2,4]; c23:bw=63,experts=[0,1,4,5,6,7]; c1:bw=38,experts=[0,4,6]; c12:bw=43,experts=[0,1,4,6]; c44:bw=14,experts=[5]; c3:bw=45,experts=[0,1,4,6]; c28:bw=49,experts=[2,3,4,6]; c38:bw=32,experts=[4,5,6]; c4:bw=10,experts=[4]; c16:bw=19,experts=[4]; c46:bw=13,experts=[4]; c26:bw=42,experts=[0,1,4,6]; c45:bw=22,experts=[4,6]; c7:bw=25,experts=[4,6]; c49:bw=28,experts=[4,6]; c9:bw=32,experts=[2,4,6]; c11:bw=36,experts=[0,4,6]; c39:bw=32,experts=[0,4,6]; c22:bw=35,experts=[0,4,6]; c41:bw=25,experts=[4,6]; c2:bw=45,experts=[0,1,4,6]; c27:bw=40,experts=[0,1,4,6]; c21:bw=36,experts=[0,4,6]; c40:bw=40,experts=[0,1,4,6]; c0:bw=25,experts=[4,6]; c30:bw=53,experts=[0,1,4,5,6]; c14:bw=25,experts=[4,6]; c13:bw=34,experts=[0,4,6]; c17:bw=10,experts=[4]; c19:bw=42,experts=[0,1,4,6]; c18:bw=63,experts=[0,1,2,4,5,6]; c34:bw=12,experts=[4]; c35:bw=25,experts=[4,6]; c36:bw=36,experts=[0,4,6]; c10:bw=31,experts=[0,4,6]; c42:bw=22,experts=[4,6]; c15:bw=12,experts=[4]; c20:bw=31,experts=[0,4,6]; c31:bw=13,experts=[4]; c43:bw=10,experts=[4]; c5:bw=64,experts=[0,1,2,4,5,6]; c37:bw=50,experts=[0,1,4,5,6]; c32:bw=20,experts=[4,6]; c24:bw=42,experts=[0,1,4,6]; c48:bw=18,experts=[4]","1.6826,2.9058,1.8961,1.1801,1.8602,1.3074,1.8409,1.5754,1.1531,1.2638,1.7206,1.3720,1.1677,1.8539,2.4561,1.3077,1.8174,2.3583,1.1366,3.5772,1.6825,1.3267,1.6639,1.9664,0.8737,1.1614,1.7862,2.1490,1.5857,0.8828,1.6602,2.0155,1.3104,1.3615,1.5402,1.5197,1.3251,1.3824,1.2756,1.5017,1.5412,1.2880,1.8483,1.7273,1.3608,2.2460,1.3400,1.8227,1.2761,1.1277"
15,2026-09-24 14:19:35,Ours,0.01,3.103468657497301,15.66,15.66,15,89.2232,1:29.22,77.2642,10.5917,1.3568,1473.3091,24:33.31,50,"15,3,33,49,13,7,44,11,42,38,6,41,18,2,46,39,30,45,20,10,47,14,31,25,21,0,23,22,36,40,48,37,29,9,1,24,4,17,5,34,43,28,27,12,19,32,8,16,26,35",15:10;3:10;33:45;49:10;13:60;7:59;44:59;11:55;42:66;38:41;6:33;41:45;18:34;2:53;46:25;39:66;30:34;45:25;20:43;10:13;47:49;14:50;31:54;25:32;21:14;0:20;23:58;22:60;36:52;40:18;48:14;37:26;29:10;9:19;1:14;24:45;4:47;17:47;5:18;34:37;43:42;28:40;27:36;12:10;19:59;32:58;8:52;16:29;26:48;35:11,"15:[4];3:[4];33:[0,1,4,6];49:[4];13:[0,1,2,4,5,6];7:[0,1,4,5,6];44:[0,1,4,5,6];11:[0,2,4,5,6];42:[0,1,2,4,5,6];38:[0,1,4,6];6:[0,4,6];41:[0,1,4,6];18:[0,4,6];2:[0,1,4,5,6];46:[4,6];39:[0,1,2,4,5,6];30:[0,4,6];45:[1,4];20:[0,4,5,6];10:[4];47:[0,1,4,6];14:[0,1,4,5,6];31:[0,1,4,5,6];25:[0,4,6];21:[4];0:[4,6];23:[0,1,4,5,6];22:[0,1,2,4,5,6];36:[0,1,4,5,6];40:[4];48:[4];37:[2,7];29:[4];9:[4];1:[4];24:[0,1,4,6];4:[0,1,4,6];17:[0,1,4,6];5:[4];34:[0,4,6];43:[0,1,4,6];28:[0,1,4,6];27:[0,4,6];12:[4];19:[0,1,4,5,6];32:[0,1,4,5,6];8:[0,1,4,5,6];16:[4,5];26:[0,1,4,6];35:[4]","c15:bw=10,experts=[4]; c3:bw=10,experts=[4]; c33:bw=45,experts=[0,1,4,6]; c49:bw=10,experts=[4]; c13:bw=60,experts=[0,1,2,4,5,6]; c7:bw=59,experts=[0,1,4,5,6]; c44:bw=59,experts=[0,1,4,5,6]; c11:bw=55,experts=[0,2,4,5,6]; c42:bw=66,experts=[0,1,2,4,5,6]; c38:bw=41,experts=[0,1,4,6]; c6:bw=33,experts=[0,4,6]; c41:bw=45,experts=[0,1,4,6]; c18:bw=34,experts=[0,4,6]; c2:bw=53,experts=[0,1,4,5,6]; c46:bw=25,experts=[4,6]; c39:bw=66,experts=[0,1,2,4,5,6]; c30:bw=34,experts=[0,4,6]; c45:bw=25,experts=[1,4]; c20:bw=43,experts=[0,4,5,6]; c10:bw=13,experts=[4]; c47:bw=49,experts=[0,1,4,6]; c14:bw=50,experts=[0,1,4,5,6]; c31:bw=54,experts=[0,1,4,5,6]; c25:bw=32,experts=[0,4,6]; c21:bw=14,experts=[4]; c0:bw=20,experts=[4,6]; c23:bw=58,experts=[0,1,4,5,6]; c22:bw=60,experts=[0,1,2,4,5,6]; c36:bw=52,experts=[0,1,4,5,6]; c40:bw=18,experts=[4]; c48:bw=14,experts=[4]; c37:bw=26,experts=[2,7]; c29:bw=10,experts=[4]; c9:bw=19,experts=[4]; c1:bw=14,experts=[4]; c24:bw=45,experts=[0,1,4,6]; c4:bw=47,experts=[0,1,4,6]; c17:bw=47,experts=[0,1,4,6]; c5:bw=18,experts=[4]; c34:bw=37,experts=[0,4,6]; c43:bw=42,experts=[0,1,4,6]; c28:bw=40,experts=[0,1,4,6]; c27:bw=36,experts=[0,4,6]; c12:bw=10,experts=[4]; c19:bw=59,experts=[0,1,4,5,6]; c32:bw=58,experts=[0,1,4,5,6]; c8:bw=52,experts=[0,1,4,5,6]; c16:bw=29,experts=[4,5]; c26:bw=48,experts=[0,1,4,6]; c35:bw=11,experts=[4]","1.2456,1.6392,1.6133,3.4925,1.2515,1.0532,1.1881,1.2425,1.4962,1.0619,1.7322,0.8448,1.4939,1.0741,1.2322,1.5819,1.6333,2.1898,1.7762,1.4228,1.1479,1.9174,1.6539,2.7201,2.0371,0.8686,1.7407,1.9539,1.2549,1.5504,1.0704,1.2807,1.7685,1.5678,1.4502,1.1962,1.7366,1.3122,2.1811,1.3288,1.3027,1.3097,1.6763,1.1302,1.4863,1.7618,1.2166,2.2268,1.7665,1.3846"
16,2026-09-24 14:21:05,Ours,0.01,3.2728544148172802,16.32,16.32,16,89.6249,1:29.62,77.3285,10.9251,1.366,1562.951,26:02.95,50,"23,22,47,19,42,40,39,49,5,6,35,10,34,43,46,44,37,14,15,45,4,24,28,38,11,17,26,2,29,21,1,32,25,7,30,27,33,31,41,3,12,0,8,13,20,16,18,48,9,36",23:12;22:53;47:28;19:62;42:49;40:51;39:55;49:54;5:40;6:40;35:70;10:22;34:63;43:24;46:19;44:45;37:10;14:29;15:48;45:47;4:35;24:25;28:56;38:43;11:10;17:43;26:51;2:52;29:37;21:49;1:29;32:33;25:35;7:22;30:40;27:57;33:57;31:28;41:25;3:43;12:14;0:57;8:49;13:24;20:50;16:54;18:12;48:30;9:24;36:44,"23:[4];22:[0,1,4,6,7];47:[3,7];19:[0,1,3,4,6,7];42:[3,4,6,7];40:[0,3,4,6,7];39:[0,1,4,6,7];49:[0,3,4,6,7];5:[0,4,6,7];6:[3,4,6,7];35:[0,1,3,4,5,6,7];10:[3,7];34:[0,1,3,4,5,6];43:[3,7];46:[3];44:[3,4,6,7];37:[3];14:[3,4];15:[3,4,6,7];45:[0,3,4,6];4:[3,4,6];24:[3,7];28:[0,1,4,6,7];38:[3,4,6,7];11:[3];17:[3,4,6,7];26:[0,3,4,6,7];2:[0,3,4,6,7];29:[3,5,7];21:[3,4,6,7];1:[3,5];32:[3,4,7];25:[3,4,7];7:[3,4];30:[3,4,6,7];27:[0,3,4,6,7];33:[1,3,4,6,7];31:[3,7];41:[3,7];3:[3,4,6,7];12:[7];0:[0,3,4,6,7];8:[3,4,6,7];13:[3,7];20:[0,1,3,4,6];16:[0,3,4,6,7];18:[3];48:[3,4,6];9:[3,7];36:[3,4,6,7]","c23:bw=12,experts=[4]; c22:bw=53,experts=[0,1,4,6,7]; c47:bw=28,experts=[3,7]; c19:bw=62,experts=[0,1,3,4,6,7]; c42:bw=49,experts=[3,4,6,7]; c40:bw=51,experts=[0,3,4,6,7]; c39:bw=55,experts=[0,1,4,6,7]; c49:bw=54,experts=[0,3,4,6,7]; c5:bw=40,experts=[0,4,6,7]; c6:bw=40,experts=[3,4,6,7]; c35:bw=70,experts=[0,1,3,4,5,6,7]; c10:bw=22,experts=[3,7]; c34:bw=63,experts=[0,1,3,4,5,6]; c43:bw=24,experts=[3,7]; c46:bw=19,experts=[3]; c44:bw=45,experts=[3,4,6,7]; c37:bw=10,experts=[3]; c14:bw=29,experts=[3,4]; c15:bw=48,experts=[3,4,6,7]; c45:bw=47,experts=[0,3,4,6]; c4:bw=35,experts=[3,4,6]; c24:bw=25,experts=[3,7]; c28:bw=56,experts=[0,1,4,6,7]; c38:bw=43,experts=[3,4,6,7]; c11:bw=10,experts=[3]; c17:bw=43,experts=[3,4,6,7]; c26:bw=51,experts=[0,3,4,6,7]; c2:bw=52,experts=[0,3,4,6,7]; c29:bw=37,experts=[3,5,7]; c21:bw=49,experts=[3,4,6,7]; c1:bw=29,experts=[3,5]; c32:bw=33,experts=[3,4,7]; c25:bw=35,experts=[3,4,7]; c7:bw=22,experts=[3,4]; c30:bw=40,experts=[3,4,6,7]; c27:bw=57,experts=[0,3,4,6,7]; c33:bw=57,experts=[1,3,4,6,7]; c31:bw=28,experts=[3,7]; c41:bw=25,experts=[3,7]; c3:bw=43,experts=[3,4,6,7]; c12:bw=14,experts=[7]; c0:bw=57,experts=[0,3,4,6,7]; c8:bw=49,experts=[3,4,6,7]; c13:bw=24,experts=[3,7]; c20:bw=50,experts=[0,1,3,4,6]; c16:bw=54,experts=[0,3,4,6,7]; c18:bw=12,experts=[3]; c48:bw=30,experts=[3,4,6]; c9:bw=24,experts=[3,7]; c36:bw=44,experts=[3,4,6,7]","1.7544,1.9349,1.1274,1.4758,1.5180,1.6023,1.5701,3.4526,2.1742,1.7717,1.3783,1.4454,1.3622,1.3039,1.2369,1.1800,1.2953,1.8845,1.2679,2.2115,1.7468,1.2203,1.3131,1.1558,1.2545,1.2944,1.7562,1.0877,1.7705,2.0501,1.4322,1.7241,2.6344,1.0338,1.5619,1.6705,1.6017,1.6819,0.8655,1.6434,1.0846,0.8446,1.2420,1.2785,1.7971,2.2654,1.4794,1.0761,1.5487,1.2660"
17,2026-09-24 14:22:34,Ours,0.01,3.1599214543065033,17.49,17.49,17,89.157,1:29.16,77.5001,10.281,1.3664,1652.1266,27:32.13,50,"25,0,11,38,6,48,30,17,34,2,8,13,45,47,46,7,27,21,22,43,18,31,15,24,10,12,42,20,5,1,39,44,19,35,36,40,9,3,28,4,16,41,29,49,23,32,37,33,26,14",25:27;0:11;11:10;38:58;6:39;48:10;30:10;17:11;34:57;2:19;8:10;13:27;45:42;47:46;46:39;7:25;27:27;21:10;22:31;43:10;18:31;31:44;15:50;24:40;10:44;12:74;42:18;20:58;5:10;1:29;39:10;44:60;19:40;35:48;36:21;40:10;9:37;3:52;28:18;4:58;16:30;41:61;29:48;49:27;23:39;32:31;37:21;33:23;26:43;14:33,"25:[4,6];0:[2];11:[7];38:[0,1,4,5,6];6:[0,4,6];48:[7];30:[2];17:[4];34:[0,2,4,6,7];2:[4];8:[4];13:[4,6];45:[0,4,6,7];47:[0,2,4,6];46:[2,4,7];7:[2,7];27:[2,4];21:[4];22:[0,4,6];43:[2];18:[4,6,7];31:[0,2,4,6];15:[0,1,2,4,6];24:[0,1,4,6];10:[0,1,4,6];12:[0,1,2,3,4,5,6];42:[4];20:[0,1,4,5,6];5:[4];1:[2,7];39:[4];44:[0,1,2,4,5,6];19:[0,1,4,6];35:[0,2,4,6];36:[4,6];40:[2];9:[0,4,6];3:[0,1,4,5,6];28:[5];4:[0,2,4,6,7];16:[2,4,6];41:[0,1,2,4,5,6];29:[0,1,4,6];49:[4,6];23:[0,4,6];32:[0,4,6];37:[4,6];33:[2,4];26:[0,2,4,6];14:[0,4,6]","c25:bw=27,experts=[4,6]; c0:bw=11,experts=[2]; c11:bw=10,experts=[7]; c38:bw=58,experts=[0,1,4,5,6]; c6:bw=39,experts=[0,4,6]; c48:bw=10,experts=[7]; c30:bw=10,experts=[2]; c17:bw=11,experts=[4]; c34:bw=57,experts=[0,2,4,6,7]; c2:bw=19,experts=[4]; c8:bw=10,experts=[4]; c13:bw=27,experts=[4,6]; c45:bw=42,experts=[0,4,6,7]; c47:bw=46,experts=[0,2,4,6]; c46:bw=39,experts=[2,4,7]; c7:bw=25,experts=[2,7]; c27:bw=27,experts=[2,4]; c21:bw=10,experts=[4]; c22:bw=31,experts=[0,4,6]; c43:bw=10,experts=[2]; c18:bw=31,experts=[4,6,7]; c31:bw=44,experts=[0,2,4,6]; c15:bw=50,experts=[0,1,2,4,6]; c24:bw=40,experts=[0,1,4,6]; c10:bw=44,experts=[0,1,4,6]; c12:bw=74,experts=[0,1,2,3,4,5,6]; c42:bw=18,experts=[4]; c20:bw=58,experts=[0,1,4,5,6]; c5:bw=10,experts=[4]; c1:bw=29,experts=[2,7]; c39:bw=10,experts=[4]; c44:bw=60,experts=[0,1,2,4,5,6]; c19:bw=40,experts=[0,1,4,6]; c35:bw=48,experts=[0,2,4,6]; c36:bw=21,experts=[4,6]; c40:bw=10,experts=[2]; c9:bw=37,experts=[0,4,6]; c3:bw=52,experts=[0,1,4,5,6]; c28:bw=18,experts=[5]; c4:bw=58,experts=[0,2,4,6,7]; c16:bw=30,experts=[2,4,6]; c41:bw=61,experts=[0,1,2,4,5,6]; c29:bw=48,experts=[0,1,4,6]; c49:bw=27,experts=[4,6]; c23:bw=39,experts=[0,4,6]; c32:bw=31,experts=[0,4,6]; c37:bw=21,experts=[4,6]; c33:bw=23,experts=[2,4]; c26:bw=43,experts=[0,2,4,6]; c14:bw=33,experts=[0,4,6]","2.7523,0.8667,1.2577,1.1092,1.8261,1.1342,1.6143,1.3103,1.3591,1.0906,1.2583,1.2501,2.1877,1.1574,1.2369,1.0522,1.6607,2.1567,1.9707,1.2841,1.4696,1.6744,1.2496,1.2050,1.4466,1.1001,1.5273,1.7814,2.1679,1.4361,1.5352,1.1826,1.4656,1.3730,1.2531,1.5390,1.5907,1.6200,1.2684,1.7293,2.2717,0.9180,1.7762,3.3788,1.7752,1.7465,1.2767,1.5656,1.7478,1.8937"
18,2026-09-24 14:24:04,Ours,0.01,3.010375185661763,18.87,18.87,18,89.4111,1:29.41,77.5217,10.5323,1.3519,1741.5558,29:01.56,50,"32,28,12,22,18,36,37,40,1,29,6,39,9,42,43,19,47,46,2,34,7,45,3,16,15,10,23,30,44,31,14,24,35,8,26,38,13,33,25,11,48,0,5,49,21,41,27,17,4,20",32:30;28:43;12:18;22:49;18:60;36:54;37:51;40:17;1:10;29:39;6:31;39:37;9:19;42:14;43:55;19:33;47:45;46:52;2:37;34:38;7:55;45:22;3:37;16:38;15:51;10:27;23:56;30:70;44:18;31:10;14:40;24:30;35:41;8:10;26:57;38:60;13:43;33:63;25:32;11:57;48:44;0:49;5:35;49:28;21:26;41:34;27:31;17:50;4:56;20:45,"32:[0,4,6];28:[0,1,4,6];12:[4];22:[0,1,4,6];18:[0,1,2,4,5,6];36:[0,1,2,4,6];37:[0,1,4,5,6];40:[4];1:[4];29:[0,4,6];6:[0,4,6];39:[1,4,6];9:[4];42:[4];43:[0,1,4,5,6];19:[2,4,6];47:[0,1,4,6];46:[0,1,4,5,6];2:[0,4,6];34:[0,4,6];7:[0,1,4,5,6];45:[4,6];3:[1,4,6];16:[0,4,6];15:[0,1,4,5,6];10:[4,6];23:[0,1,3,4,6];30:[0,1,2,3,4,5,6];44:[4];31:[4];14:[0,1,4,6];24:[2,4,5];35:[0,1,4,6];8:[4];26:[0,1,4,5,6];38:[0,1,2,4,5,6];13:[0,1,4,6];33:[0,1,2,4,5,6];25:[2,4,6];11:[0,1,4,5,6];48:[0,1,4,6];0:[0,4,5,6];5:[0,4,6];49:[4,6];21:[4,6];41:[0,4,6];27:[0,4,6];17:[0,1,4,5,6];4:[0,1,4,5,6];20:[0,1,4,6]","c32:bw=30,experts=[0,4,6]; c28:bw=43,experts=[0,1,4,6]; c12:bw=18,experts=[4]; c22:bw=49,experts=[0,1,4,6]; c18:bw=60,experts=[0,1,2,4,5,6]; c36:bw=54,experts=[0,1,2,4,6]; c37:bw=51,experts=[0,1,4,5,6]; c40:bw=17,experts=[4]; c1:bw=10,experts=[4]; c29:bw=39,experts=[0,4,6]; c6:bw=31,experts=[0,4,6]; c39:bw=37,experts=[1,4,6]; c9:bw=19,experts=[4]; c42:bw=14,experts=[4]; c43:bw=55,experts=[0,1,4,5,6]; c19:bw=33,experts=[2,4,6]; c47:bw=45,experts=[0,1,4,6]; c46:bw=52,experts=[0,1,4,5,6]; c2:bw=37,experts=[0,4,6]; c34:bw=38,experts=[0,4,6]; c7:bw=55,experts=[0,1,4,5,6]; c45:bw=22,experts=[4,6]; c3:bw=37,experts=[1,4,6]; c16:bw=38,experts=[0,4,6]; c15:bw=51,experts=[0,1,4,5,6]; c10:bw=27,experts=[4,6]; c23:bw=56,experts=[0,1,3,4,6]; c30:bw=70,experts=[0,1,2,3,4,5,6]; c44:bw=18,experts=[4]; c31:bw=10,experts=[4]; c14:bw=40,experts=[0,1,4,6]; c24:bw=30,experts=[2,4,5]; c35:bw=41,experts=[0,1,4,6]; c8:bw=10,experts=[4]; c26:bw=57,experts=[0,1,4,5,6]; c38:bw=60,experts=[0,1,2,4,5,6]; c13:bw=43,experts=[0,1,4,6]; c33:bw=63,experts=[0,1,2,4,5,6]; c25:bw=32,experts=[2,4,6]; c11:bw=57,experts=[0,1,4,5,6]; c48:bw=44,experts=[0,1,4,6]; c0:bw=49,experts=[0,4,5,6]; c5:bw=35,experts=[0,4,6]; c49:bw=28,experts=[4,6]; c21:bw=26,experts=[4,6]; c41:bw=34,experts=[0,4,6]; c27:bw=31,experts=[0,4,6]; c17:bw=50,experts=[0,1,4,5,6]; c4:bw=56,experts=[0,1,4,5,6]; c20:bw=45,experts=[0,1,4,6]","1.7859,1.3156,1.0718,1.8950,1.4596,1.2859,1.3364,1.5490,1.4389,1.7768,1.8118,1.6046,1.6056,1.5230,1.3427,1.4933,1.1707,1.2737,1.0822,1.3154,1.0398,2.2636,1.6312,2.2936,1.2946,1.5009,1.7877,1.6039,1.1669,1.6945,1.9323,1.2128,1.4113,1.2311,1.7384,1.0659,1.2331,1.6018,2.7151,1.2345,1.0399,0.8204,2.1430,3.3697,2.0945,0.8392,1.6761,1.2758,1.7341,1.7379"
19,2026-09-24 14:25:32,Ours,0.01,2.996559526727073,19.7,19.7,19,88.3271,1:28.33,76.791,10.195,1.3359,1829.9019,30:29.90,50,"10,47,13,15,23,6,18,20,5,4,28,26,33,11,0,31,7,29,1,41,48,40,43,30,8,49,38,3,32,19,12,35,39,25,21,16,9,27,36,24,14,34,37,17,44,42,45,22,46,2",10:35;47:28;13:10;15:39;23:15;6:66;18:31;20:21;5:29;4:51;28:10;26:33;33:70;11:20;0:42;31:32;7:22;29:36;1:46;41:64;48:20;40:38;43:15;30:25;8:56;49:50;38:43;3:40;32:59;19:37;12:54;35:30;39:20;25:59;21:52;16:13;9:38;27:34;36:21;24:45;14:30;34:52;37:12;17:67;44:22;42:18;45:62;22:29;46:14;2:14,"10:[0,4,6];47:[4,6];13:[4];15:[0,4,6];23:[4];6:[0,1,2,4,5,6];18:[0,4,6];20:[4,6];5:[4,6];4:[0,1,4,5,6];28:[4];26:[0,4,6];33:[0,1,2,3,4,5,6];11:[4,6];0:[0,1,4,6];31:[0,4,6];7:[4,6];29:[0,4,6];1:[0,1,4,6];41:[0,1,2,4,5,6];48:[4,6];40:[0,4,6];43:[4];30:[4,6];8:[0,1,4,5,6];49:[0,1,4,5,6];38:[0,1,4,6];3:[0,1,4,6];32:[0,1,4,5,6];19:[0,4,6];12:[0,1,4,5,6];35:[0,4,6];39:[3,4];25:[0,1,4,5,6];21:[0,1,4,5,6];16:[1];9:[0,4,6];27:[0,4,6];36:[4,6];24:[0,1,4,6];14:[0,4,6];34:[0,1,4,5,6];37:[4];17:[0,1,2,4,5,6];44:[4,6];42:[4];45:[0,1,2,4,5,6];22:[4,6];46:[4];2:[4]","c10:bw=35,experts=[0,4,6]; c47:bw=28,experts=[4,6]; c13:bw=10,experts=[4]; c15:bw=39,experts=[0,4,6]; c23:bw=15,experts=[4]; c6:bw=66,experts=[0,1,2,4,5,6]; c18:bw=31,experts=[0,4,6]; c20:bw=21,experts=[4,6]; c5:bw=29,experts=[4,6]; c4:bw=51,experts=[0,1,4,5,6]; c28:bw=10,experts=[4]; c26:bw=33,experts=[0,4,6]; c33:bw=70,experts=[0,1,2,3,4,5,6]; c11:bw=20,experts=[4,6]; c0:bw=42,experts=[0,1,4,6]; c31:bw=32,experts=[0,4,6]; c7:bw=22,experts=[4,6]; c29:bw=36,experts=[0,4,6]; c1:bw=46,experts=[0,1,4,6]; c41:bw=64,experts=[0,1,2,4,5,6]; c48:bw=20,experts=[4,6]; c40:bw=38,experts=[0,4,6]; c43:bw=15,experts=[4]; c30:bw=25,experts=[4,6]; c8:bw=56,experts=[0,1,4,5,6]; c49:bw=50,experts=[0,1,4,5,6]; c38:bw=43,experts=[0,1,4,6]; c3:bw=40,experts=[0,1,4,6]; c32:bw=59,experts=[0,1,4,5,6]; c19:bw=37,experts=[0,4,6]; c12:bw=54,experts=[0,1,4,5,6]; c35:bw=30,experts=[0,4,6]; c39:bw=20,experts=[3,4]; c25:bw=59,experts=[0,1,4,5,6]; c21:bw=52,experts=[0,1,4,5,6]; c16:bw=13,experts=[1]; c9:bw=38,experts=[0,4,6]; c27:bw=34,experts=[0,4,6]; c36:bw=21,experts=[4,6]; c24:bw=45,experts=[0,1,4,6]; c14:bw=30,experts=[0,4,6]; c34:bw=52,experts=[0,1,4,5,6]; c37:bw=12,experts=[4]; c17:bw=67,experts=[0,1,2,4,5,6]; c44:bw=22,experts=[4,6]; c42:bw=18,experts=[4]; c45:bw=62,experts=[0,1,2,4,5,6]; c22:bw=29,experts=[4,6]; c46:bw=14,experts=[4]; c2:bw=14,experts=[4]","1.4895,1.1163,1.2211,1.2433,1.7329,1.7694,1.5086,1.7994,2.1988,1.7185,1.2979,1.7532,1.6194,1.2548,0.8332,1.6861,1.0593,1.8464,1.5324,0.8759,1.0688,1.6138,1.3823,1.6159,1.2258,3.3903,1.0382,1.5782,1.7280,1.4680,1.0750,1.3486,1.5289,2.6583,2.0286,2.2335,1.5772,1.6248,1.2202,1.1895,1.9033,1.3286,1.2807,1.2661,1.1664,1.4084,2.1609,1.8646,1.2295,1.0321"
20,2026-09-24 14:27:05,Ours,0.01,3.008585302181585,19.77,19.77,20,93.4953,1:33.50,80.8649,11.1558,1.4638,1923.4149,32:03.41,50,"6,39,13,48,0,22,45,26,17,15,33,4,11,12,35,9,7,28,25,47,18,24,16,46,31,14,42,40,27,19,1,43,34,37,38,2,8,23,30,41,10,29,3,44,49,20,21,32,36,5",6:68;39:41;13:40;48:31;0:28;22:75;45:13;26:31;17:48;15:19;33:34;4:59;11:10;12:44;35:36;9:17;7:43;28:34;25:21;47:33;18:21;24:43;16:40;46:29;31:10;14:30;42:41;40:10;27:42;19:48;1:40;43:44;34:11;37:48;38:35;2:41;8:50;23:37;30:51;41:15;10:16;29:17;3:18;44:60;49:46;20:58;21:44;32:63;36:46;5:10,"6:[0,1,2,4,5,6];39:[0,1,4,6];13:[0,1,4,6];48:[2,4,5];0:[4,6];22:[0,1,2,3,4,5,6];45:[4];26:[0,4,6];17:[0,1,4,6];15:[4];33:[1,4,6];4:[0,1,4,5,6];11:[4];12:[0,4,5,6];35:[0,4,6];9:[5];7:[0,1,4,6];28:[0,4,6];25:[4,6];47:[0,4,6];18:[4,6];24:[0,1,4,6];16:[0,1,4,6];46:[4,6];31:[4];14:[1,4,6];42:[0,1,4,6];40:[4];27:[0,1,4,6];19:[0,1,4,6];1:[0,1,4,6];43:[0,1,4,6];34:[4];37:[0,1,4,6];38:[0,4,6];2:[0,2,4,6];8:[0,1,4,5,6];23:[2,4,6];30:[0,1,4,5,6];41:[4];10:[2];29:[2];3:[4];44:[0,1,2,4,5,6];49:[0,2,4,6];20:[0,2,4,6,7];21:[0,2,4,6];32:[0,1,2,4,5,6];36:[0,1,4,6];5:[3]","c6:bw=68,experts=[0,1,2,4,5,6]; c39:bw=41,experts=[0,1,4,6]; c13:bw=40,experts=[0,1,4,6]; c48:bw=31,experts=[2,4,5]; c0:bw=28,experts=[4,6]; c22:bw=75,experts=[0,1,2,3,4,5,6]; c45:bw=13,experts=[4]; c26:bw=31,experts=[0,4,6]; c17:bw=48,experts=[0,1,4,6]; c15:bw=19,experts=[4]; c33:bw=34,experts=[1,4,6]; c4:bw=59,experts=[0,1,4,5,6]; c11:bw=10,experts=[4]; c12:bw=44,experts=[0,4,5,6]; c35:bw=36,experts=[0,4,6]; c9:bw=17,experts=[5]; c7:bw=43,experts=[0,1,4,6]; c28:bw=34,experts=[0,4,6]; c25:bw=21,experts=[4,6]; c47:bw=33,experts=[0,4,6]; c18:bw=21,experts=[4,6]; c24:bw=43,experts=[0,1,4,6]; c16:bw=40,experts=[0,1,4,6]; c46:bw=29,experts=[4,6]; c31:bw=10,experts=[4]; c14:bw=30,experts=[1,4,6]; c42:bw=41,experts=[0,1,4,6]; c40:bw=10,experts=[4]; c27:bw=42,experts=[0,1,4,6]; c19:bw=48,experts=[0,1,4,6]; c1:bw=40,experts=[0,1,4,6]; c43:bw=44,experts=[0,1,4,6]; c34:bw=11,experts=[4]; c37:bw=48,experts=[0,1,4,6]; c38:bw=35,experts=[0,4,6]; c2:bw=41,experts=[0,2,4,6]; c8:bw=50,experts=[0,1,4,5,6]; c23:bw=37,experts=[2,4,6]; c30:bw=51,experts=[0,1,4,5,6]; c41:bw=15,experts=[4]; c10:bw=16,experts=[2]; c29:bw=17,experts=[2]; c3:bw=18,experts=[4]; c44:bw=60,experts=[0,1,2,4,5,6]; c49:bw=46,experts=[0,2,4,6]; c20:bw=58,experts=[0,2,4,6,7]; c21:bw=44,experts=[0,2,4,6]; c32:bw=63,experts=[0,1,2,4,5,6]; c36:bw=46,experts=[0,1,4,6]; c5:bw=10,experts=[3]","1.7083,1.5532,1.2447,1.0722,0.8402,1.9772,2.2784,1.8490,1.3895,1.3323,1.6759,1.8403,1.3311,1.1573,1.4656,1.6741,1.1224,1.4013,2.8860,1.2185,1.5786,1.2677,2.4096,1.2963,1.7131,2.0220,1.5730,1.6307,1.7123,1.5489,1.5463,1.3930,1.3932,1.3624,1.1574,1.1427,1.3003,1.8269,1.6317,0.8966,1.5367,1.8165,1.6670,1.2547,3.5790,1.9036,2.1908,1.8702,1.3111,2.3147"
21,2026-09-24 14:28:40,Ours,0.01,2.9314958793938697,21.15,21.15,21,94.9601,1:34.96,82.3323,11.1816,1.4375,2018.3964,33:38.40,50,"17,39,34,6,15,3,21,42,28,29,20,30,24,23,31,18,49,11,27,47,40,38,14,43,26,16,8,44,48,19,33,7,41,1,45,22,4,9,5,32,2,12,35,10,36,37,13,25,0,46",17:35;39:55;34:10;6:16;15:19;3:10;21:15;42:10;28:13;29:52;20:40;30:15;24:38;23:37;31:10;18:60;49:63;11:23;27:33;47:47;40:31;38:35;14:31;43:59;26:45;16:33;8:18;44:45;48:56;19:58;33:39;7:12;41:42;1:41;45:45;22:48;4:48;9:25;5:32;32:66;2:39;12:38;35:56;10:40;36:53;37:21;13:23;25:39;0:66;46:44,"17:[0,4,6];39:[0,1,4,5,6];34:[4];6:[4];15:[4];3:[2];21:[4];42:[4];28:[4];29:[0,1,4,5,6];20:[0,1,4,6];30:[4];24:[0,4,6];23:[0,4,6];31:[4];18:[0,1,2,4,5,6];49:[0,1,2,4,5,6];11:[4,6];27:[4,5,6];47:[0,4,5,6];40:[4,5,6];38:[0,4,6];14:[2,4,7];43:[0,1,4,5,6];26:[0,1,4,6];16:[0,4,6];8:[4];44:[0,1,4,6];48:[0,1,4,5,6];19:[0,1,4,5,6];33:[0,4,6];7:[4];41:[0,1,4,6];1:[0,1,4,6];45:[0,1,4,6];22:[0,1,4,6];4:[0,4,5,6];9:[1,4];5:[1,4,6];32:[0,1,2,4,5,6];2:[0,4,6];12:[4,5,6];35:[0,1,4,5,6];10:[0,4,5,6];36:[0,1,4,5,6];37:[4,6];13:[4,6];25:[0,4,6];0:[0,1,2,4,5,6];46:[0,1,4,6]","c17:bw=35,experts=[0,4,6]; c39:bw=55,experts=[0,1,4,5,6]; c34:bw=10,experts=[4]; c6:bw=16,experts=[4]; c15:bw=19,experts=[4]; c3:bw=10,experts=[2]; c21:bw=15,experts=[4]; c42:bw=10,experts=[4]; c28:bw=13,experts=[4]; c29:bw=52,experts=[0,1,4,5,6]; c20:bw=40,experts=[0,1,4,6]; c30:bw=15,experts=[4]; c24:bw=38,experts=[0,4,6]; c23:bw=37,experts=[0,4,6]; c31:bw=10,experts=[4]; c18:bw=60,experts=[0,1,2,4,5,6]; c49:bw=63,experts=[0,1,2,4,5,6]; c11:bw=23,experts=[4,6]; c27:bw=33,experts=[4,5,6]; c47:bw=47,experts=[0,4,5,6]; c40:bw=31,experts=[4,5,6]; c38:bw=35,experts=[0,4,6]; c14:bw=31,experts=[2,4,7]; c43:bw=59,experts=[0,1,4,5,6]; c26:bw=45,experts=[0,1,4,6]; c16:bw=33,experts=[0,4,6]; c8:bw=18,experts=[4]; c44:bw=45,experts=[0,1,4,6]; c48:bw=56,experts=[0,1,4,5,6]; c19:bw=58,experts=[0,1,4,5,6]; c33:bw=39,experts=[0,4,6]; c7:bw=12,experts=[4]; c41:bw=42,experts=[0,1,4,6]; c1:bw=41,experts=[0,1,4,6]; c45:bw=45,experts=[0,1,4,6]; c22:bw=48,experts=[0,1,4,6]; c4:bw=48,experts=[0,4,5,6]; c9:bw=25,experts=[1,4]; c5:bw=32,experts=[1,4,6]; c32:bw=66,experts=[0,1,2,4,5,6]; c2:bw=39,experts=[0,4,6]; c12:bw=38,experts=[4,5,6]; c35:bw=56,experts=[0,1,4,5,6]; c10:bw=40,experts=[0,4,5,6]; c36:bw=53,experts=[0,1,4,5,6]; c37:bw=21,experts=[4,6]; c13:bw=23,experts=[4,6]; c25:bw=39,experts=[0,4,6]; c0:bw=66,experts=[0,1,2,4,5,6]; c46:bw=44,experts=[0,1,4,6]","1.3235,1.6268,1.4112,1.8674,1.3415,1.7188,2.1915,1.5780,1.4076,1.8847,1.9225,1.6769,1.2983,1.8633,1.7815,1.5949,3.7071,1.3368,1.7820,1.2201,1.6488,1.1653,2.0441,1.3929,1.9000,2.4544,1.3187,1.2717,1.1874,1.5668,1.7111,1.1306,0.9225,1.5703,2.3429,2.0447,1.8572,1.6954,2.3236,1.8944,1.1191,1.1438,1.4812,1.5324,1.3433,1.3680,1.3152,2.8044,0.8924,1.3550"
22,2026-09-24 14:30:16,Ours,0.01,2.9080370242118034,22.26,22.26,22,95.3068,1:35.31,82.2647,11.5847,1.4461,2113.7237,35:13.72,50,"21,43,23,8,11,12,15,10,40,39,9,42,27,44,2,26,5,6,19,35,45,46,1,33,47,28,16,37,0,14,30,22,32,31,41,7,17,38,24,3,25,48,18,4,49,20,34,29,13,36",21:23;43:32;23:28;8:33;11:43;12:64;15:66;10:10;40:56;39:38;9:33;42:16;27:61;44:20;2:66;26:61;5:17;6:61;19:45;35:52;45:18;46:41;1:10;33:69;47:47;28:42;16:34;37:43;0:67;14:48;30:37;22:44;32:64;31:45;41:56;7:16;17:62;38:23;24:25;3:56;25:13;48:10;18:15;4:36;49:53;20:25;34:32;29:54;13:34;36:10,"21:[4,6];43:[0,4,6];23:[4,7];8:[2,4,6];11:[0,4,5,6];12:[0,1,2,4,5,6];15:[0,1,2,4,5,6];10:[4];40:[0,1,4,5,6];39:[1,4,6];9:[2,4,6];42:[4];27:[0,1,2,4,5,6];44:[4,6];2:[0,1,2,4,5,6];26:[0,1,2,4,5,6];5:[2];6:[0,1,2,4,5,6];19:[0,1,4,6];35:[0,1,4,5,6];45:[4];46:[0,1,4,6];1:[4];33:[0,1,2,4,5,6];47:[0,1,4,6];28:[2,3,4,6];16:[0,4,6];37:[0,1,4,6];0:[0,1,2,4,5,6];14:[0,1,4,6];30:[0,4,6];22:[0,1,4,6];32:[0,1,2,4,5,6];31:[0,1,4,6];41:[0,1,4,5,6];7:[4];17:[0,1,2,4,5,6];38:[4,6];24:[4,6];3:[0,1,4,5,6];25:[4];48:[4];18:[4];4:[0,4,6];49:[0,1,4,5,6];20:[4,6];34:[0,4,6];29:[0,1,4,5,6];13:[0,4,6];36:[4]","c21:bw=23,experts=[4,6]; c43:bw=32,experts=[0,4,6]; c23:bw=28,experts=[4,7]; c8:bw=33,experts=[2,4,6]; c11:bw=43,experts=[0,4,5,6]; c12:bw=64,experts=[0,1,2,4,5,6]; c15:bw=66,experts=[0,1,2,4,5,6]; c10:bw=10,experts=[4]; c40:bw=56,experts=[0,1,4,5,6]; c39:bw=38,experts=[1,4,6]; c9:bw=33,experts=[2,4,6]; c42:bw=16,experts=[4]; c27:bw=61,experts=[0,1,2,4,5,6]; c44:bw=20,experts=[4,6]; c2:bw=66,experts=[0,1,2,4,5,6]; c26:bw=61,experts=[0,1,2,4,5,6]; c5:bw=17,experts=[2]; c6:bw=61,experts=[0,1,2,4,5,6]; c19:bw=45,experts=[0,1,4,6]; c35:bw=52,experts=[0,1,4,5,6]; c45:bw=18,experts=[4]; c46:bw=41,experts=[0,1,4,6]; c1:bw=10,experts=[4]; c33:bw=69,experts=[0,1,2,4,5,6]; c47:bw=47,experts=[0,1,4,6]; c28:bw=42,experts=[2,3,4,6]; c16:bw=34,experts=[0,4,6]; c37:bw=43,experts=[0,1,4,6]; c0:bw=67,experts=[0,1,2,4,5,6]; c14:bw=48,experts=[0,1,4,6]; c30:bw=37,experts=[0,4,6]; c22:bw=44,experts=[0,1,4,6]; c32:bw=64,experts=[0,1,2,4,5,6]; c31:bw=45,experts=[0,1,4,6]; c41:bw=56,experts=[0,1,4,5,6]; c7:bw=16,experts=[4]; c17:bw=62,experts=[0,1,2,4,5,6]; c38:bw=23,experts=[4,6]; c24:bw=25,experts=[4,6]; c3:bw=56,experts=[0,1,4,5,6]; c25:bw=13,experts=[4]; c48:bw=10,experts=[4]; c18:bw=15,experts=[4]; c4:bw=36,experts=[0,4,6]; c49:bw=53,experts=[0,1,4,5,6]; c20:bw=25,experts=[4,6]; c34:bw=32,experts=[0,4,6]; c29:bw=54,experts=[0,1,4,5,6]; c13:bw=34,experts=[0,4,6]; c36:bw=10,experts=[4]","2.1862,1.4033,1.8596,1.3220,1.3125,1.1588,1.3502,1.5631,1.6605,1.6383,1.6761,1.5773,1.7809,1.2735,1.1604,1.9125,2.3211,1.8741,1.6069,1.4973,2.3682,1.3177,1.5076,1.6475,1.2270,1.3794,2.3941,1.4149,0.9260,2.0473,1.6840,2.0352,1.8959,1.8042,0.9087,1.1058,1.3987,1.1399,1.2674,1.7411,2.8636,1.1641,1.5765,1.8467,3.6367,1.8872,1.4043,1.8702,1.3200,1.3500"
23,2026-09-24 14:31:51,Ours,0.01,2.9112015436996304,22.59,22.59,23,95.236,1:35.24,82.3746,11.4042,1.446,2208.9824,36:48.98,50,"22,47,20,2,8,0,24,13,25,17,16,6,15,29,5,31,40,19,48,10,44,27,34,18,43,38,11,45,33,39,41,7,28,14,23,35,30,12,37,46,42,4,9,1,21,3,49,26,36,32",22:62;47:34;20:44;2:32;8:35;0:11;24:40;13:54;25:18;17:70;16:56;6:10;15:29;29:43;5:52;31:15;40:27;19:21;48:21;10:67;44:53;27:18;34:14;18:26;43:17;38:65;11:52;45:33;33:28;39:32;41:24;7:15;28:26;14:52;23:70;35:43;30:60;12:26;37:10;46:34;42:11;4:56;9:50;1:62;21:55;3:15;49:37;26:35;36:57;32:43,"22:[0,1,2,4,5,6];47:[0,4,6];20:[0,1,4,6];2:[0,4,6];8:[0,4,6];0:[4];24:[0,4,5,6];13:[0,2,4,5,6];25:[4];17:[0,1,2,4,5,6,7];16:[0,1,4,5,6];6:[4];15:[4,6];29:[0,1,4,6];5:[0,1,4,5,6];31:[5];40:[4,6];19:[4,6];48:[4,6];10:[0,1,2,4,5,6];44:[0,1,4,5,6];27:[4];34:[4];18:[4,6];43:[4];38:[0,1,2,4,5,6];11:[0,2,4,5,6];45:[0,4,6];33:[4,6];39:[2,4,6];41:[4,6];7:[4];28:[4,6];14:[0,1,4,5,6];23:[0,1,2,3,4,5,6];35:[0,4,5,6];30:[0,1,2,4,5,6];12:[4,6];37:[2];46:[0,4,6];42:[2];4:[0,1,4,5,6];9:[0,1,4,5,6];1:[0,1,2,4,5,6];21:[0,1,4,5,6];3:[4];49:[0,4,6];26:[0,4,6];36:[0,1,4,5,6];32:[0,4,5,6]","c22:bw=62,experts=[0,1,2,4,5,6]; c47:bw=34,experts=[0,4,6]; c20:bw=44,experts=[0,1,4,6]; c2:bw=32,experts=[0,4,6]; c8:bw=35,experts=[0,4,6]; c0:bw=11,experts=[4]; c24:bw=40,experts=[0,4,5,6]; c13:bw=54,experts=[0,2,4,5,6]; c25:bw=18,experts=[4]; c17:bw=70,experts=[0,1,2,4,5,6,7]; c16:bw=56,experts=[0,1,4,5,6]; c6:bw=10,experts=[4]; c15:bw=29,experts=[4,6]; c29:bw=43,experts=[0,1,4,6]; c5:bw=52,experts=[0,1,4,5,6]; c31:bw=15,experts=[5]; c40:bw=27,experts=[4,6]; c19:bw=21,experts=[4,6]; c48:bw=21,experts=[4,6]; c10:bw=67,experts=[0,1,2,4,5,6]; c44:bw=53,experts=[0,1,4,5,6]; c27:bw=18,experts=[4]; c34:bw=14,experts=[4]; c18:bw=26,experts=[4,6]; c43:bw=17,experts=[4]; c38:bw=65,experts=[0,1,2,4,5,6]; c11:bw=52,experts=[0,2,4,5,6]; c45:bw=33,experts=[0,4,6]; c33:bw=28,experts=[4,6]; c39:bw=32,experts=[2,4,6]; c41:bw=24,experts=[4,6]; c7:bw=15,experts=[4]; c28:bw=26,experts=[4,6]; c14:bw=52,experts=[0,1,4,5,6]; c23:bw=70,experts=[0,1,2,3,4,5,6]; c35:bw=43,experts=[0,4,5,6]; c30:bw=60,experts=[0,1,2,4,5,6]; c12:bw=26,experts=[4,6]; c37:bw=10,experts=[2]; c46:bw=34,experts=[0,4,6]; c42:bw=11,experts=[2]; c4:bw=56,experts=[0,1,4,5,6]; c9:bw=50,experts=[0,1,4,5,6]; c1:bw=62,experts=[0,1,2,4,5,6]; c21:bw=55,experts=[0,1,4,5,6]; c3:bw=15,experts=[4]; c49:bw=37,experts=[0,4,6]; c26:bw=35,experts=[0,4,6]; c36:bw=57,experts=[0,1,4,5,6]; c32:bw=43,experts=[0,4,5,6]","2.0606,1.2657,1.9196,1.1631,1.3430,0.8910,1.2674,1.3418,2.8908,1.4781,2.4629,1.8666,1.3366,1.8751,2.3407,1.7912,1.6606,1.5930,1.1504,1.5453,1.2848,1.7646,1.3893,1.5690,1.3808,1.1514,1.3450,2.3106,1.6780,1.6518,0.9076,1.1132,1.3847,2.0314,1.8756,1.4987,1.6814,1.1495,1.3609,1.3373,1.5814,1.8594,1.6727,1.5510,2.1732,1.7193,3.5835,1.8625,1.3639,1.8987"
24,2026-09-24 14:33:26,Ours,0.01,3.0011071578045856,23.18,23.18,24,94.6628,1:34.66,81.9136,11.3493,1.3944,2303.6663,38:23.67,50,"12,31,40,6,26,5,48,1,11,15,2,19,16,45,17,29,9,23,39,32,14,49,18,42,38,33,24,34,44,46,37,25,20,0,22,10,21,13,28,8,30,27,41,7,36,4,3,47,35,43",12:37;31:35;40:74;6:30;26:12;5:25;48:20;1:10;11:10;15:44;2:43;19:55;16:41;45:51;17:56;29:65;9:50;23:36;39:60;32:33;14:42;49:56;18:72;42:29;38:26;33:10;24:16;34:23;44:49;46:47;37:51;25:30;20:36;0:31;22:50;10:39;21:42;13:50;28:58;8:18;30:45;27:63;41:30;7:10;36:37;4:12;3:10;47:47;35:45;43:29,"12:[4,6,7];31:[3,4,7];40:[0,1,3,4,5,6,7];6:[3,4,7];26:[3];5:[4,7];48:[3,4];1:[3];11:[3];15:[3,4,6,7];2:[3,4,6,7];19:[0,3,4,6,7];16:[3,4,6,7];45:[0,1,3,4,6];17:[0,1,3,4,6];29:[0,1,3,4,6,7];9:[0,3,4,6,7];23:[0,4,6];39:[0,1,4,5,6,7];32:[3,4,7];14:[0,3,4,6];49:[0,3,4,6,7];18:[0,1,2,3,4,5,6];42:[3,5];38:[3,7];33:[7];24:[3];34:[3,4];44:[3,4,6,7];46:[0,3,4,6];37:[1,3,4,6,7];25:[3,4,7];20:[3,4,6];0:[3,4,7];22:[0,1,4,6,7];10:[3,4,7];21:[3,4,6,7];13:[0,3,4,6,7];28:[0,1,4,6,7];8:[3];30:[0,4,6,7];27:[0,1,3,4,6,7];41:[3,4,7];7:[3];36:[3,4,7];4:[3];3:[3];47:[3,4,6,7];35:[3,4,6,7];43:[3,7]","c12:bw=37,experts=[4,6,7]; c31:bw=35,experts=[3,4,7]; c40:bw=74,experts=[0,1,3,4,5,6,7]; c6:bw=30,experts=[3,4,7]; c26:bw=12,experts=[3]; c5:bw=25,experts=[4,7]; c48:bw=20,experts=[3,4]; c1:bw=10,experts=[3]; c11:bw=10,experts=[3]; c15:bw=44,experts=[3,4,6,7]; c2:bw=43,experts=[3,4,6,7]; c19:bw=55,experts=[0,3,4,6,7]; c16:bw=41,experts=[3,4,6,7]; c45:bw=51,experts=[0,1,3,4,6]; c17:bw=56,experts=[0,1,3,4,6]; c29:bw=65,experts=[0,1,3,4,6,7]; c9:bw=50,experts=[0,3,4,6,7]; c23:bw=36,experts=[0,4,6]; c39:bw=60,experts=[0,1,4,5,6,7]; c32:bw=33,experts=[3,4,7]; c14:bw=42,experts=[0,3,4,6]; c49:bw=56,experts=[0,3,4,6,7]; c18:bw=72,experts=[0,1,2,3,4,5,6]; c42:bw=29,experts=[3,5]; c38:bw=26,experts=[3,7]; c33:bw=10,experts=[7]; c24:bw=16,experts=[3]; c34:bw=23,experts=[3,4]; c44:bw=49,experts=[3,4,6,7]; c46:bw=47,experts=[0,3,4,6]; c37:bw=51,experts=[1,3,4,6,7]; c25:bw=30,experts=[3,4,7]; c20:bw=36,experts=[3,4,6]; c0:bw=31,experts=[3,4,7]; c22:bw=50,experts=[0,1,4,6,7]; c10:bw=39,experts=[3,4,7]; c21:bw=42,experts=[3,4,6,7]; c13:bw=50,experts=[0,3,4,6,7]; c28:bw=58,experts=[0,1,4,6,7]; c8:bw=18,experts=[3]; c30:bw=45,experts=[0,4,6,7]; c27:bw=63,experts=[0,1,3,4,6,7]; c41:bw=30,experts=[3,4,7]; c7:bw=10,experts=[3]; c36:bw=37,experts=[3,4,7]; c4:bw=12,experts=[3]; c3:bw=10,experts=[3]; c47:bw=47,experts=[3,4,6,7]; c35:bw=45,experts=[3,4,6,7]; c43:bw=29,experts=[3,7]","1.1475,1.7901,1.6707,1.9004,1.8722,2.3514,1.1759,1.5236,1.3385,1.3475,1.1623,1.5995,2.4428,2.3983,1.3738,1.8831,1.6882,1.8595,1.6922,1.8892,2.0347,3.6901,1.5758,1.5857,1.1673,1.6800,1.2486,1.3722,1.2401,1.2720,1.3705,2.8296,1.8552,0.8931,1.9626,1.5137,2.1552,1.3271,1.3868,1.2983,1.7009,1.7947,0.8784,1.0731,1.3372,1.8250,1.7184,1.2041,1.4734,1.3432"
25,2026-09-24 14:35:01,Ours,0.01,2.895706888528132,23.91,23.91,25,94.8495,1:34.85,82.1318,11.2775,1.4314,2398.5374,39:58.54,50,"38,30,40,4,11,9,17,3,41,10,13,14,22,1,2,36,15,48,45,34,18,12,0,49,29,7,35,37,31,39,8,19,47,46,20,27,25,21,28,32,44,5,6,24,23,43,42,16,26,33",38:16;30:51;40:43;4:58;11:60;9:40;17:52;3:14;41:38;10:25;13:56;14:26;22:38;1:49;2:12;36:50;15:29;48:25;45:54;34:42;18:59;12:36;0:56;49:57;29:27;7:40;35:10;37:12;31:68;39:47;8:55;19:57;47:12;46:26;20:15;27:59;25:40;21:35;28:41;32:47;44:31;5:64;6:16;24:25;23:21;43:38;42:10;16:52;26:30;33:35,"38:[4];30:[0,1,4,5,6];40:[1,2,4,6];4:[0,2,4,6,7];11:[0,1,4,5,6,7];9:[0,4,5,6];17:[0,1,4,5,6];3:[7];41:[0,4,6];10:[4,6];13:[0,1,4,5,6];14:[4,6];22:[0,4,6];1:[0,4,6,7];2:[4];36:[0,1,4,5,6];15:[4,6];48:[4,7];45:[0,1,4,6,7];34:[2,4,6,7];18:[0,4,5,6,7];12:[3,4,6];0:[0,1,4,5,6];49:[0,1,4,5,6];29:[4,6];7:[2,4,6,7];35:[2];37:[4];31:[0,1,2,4,5,6];39:[0,4,5,6];8:[0,1,4,6,7];19:[0,1,4,5,6];47:[2];46:[2,7];20:[5];27:[0,1,4,5,6];25:[0,1,4,6];21:[0,4,6];28:[1,4,5,6];32:[0,1,4,6];44:[0,4,6];5:[0,1,2,4,5,6];6:[4];24:[4,7];23:[4,6];43:[2,4,6];42:[7];16:[0,2,4,5,6];26:[4,6,7];33:[1,4,6]","c38:bw=16,experts=[4]; c30:bw=51,experts=[0,1,4,5,6]; c40:bw=43,experts=[1,2,4,6]; c4:bw=58,experts=[0,2,4,6,7]; c11:bw=60,experts=[0,1,4,5,6,7]; c9:bw=40,experts=[0,4,5,6]; c17:bw=52,experts=[0,1,4,5,6]; c3:bw=14,experts=[7]; c41:bw=38,experts=[0,4,6]; c10:bw=25,experts=[4,6]; c13:bw=56,experts=[0,1,4,5,6]; c14:bw=26,experts=[4,6]; c22:bw=38,experts=[0,4,6]; c1:bw=49,experts=[0,4,6,7]; c2:bw=12,experts=[4]; c36:bw=50,experts=[0,1,4,5,6]; c15:bw=29,experts=[4,6]; c48:bw=25,experts=[4,7]; c45:bw=54,experts=[0,1,4,6,7]; c34:bw=42,experts=[2,4,6,7]; c18:bw=59,experts=[0,4,5,6,7]; c12:bw=36,experts=[3,4,6]; c0:bw=56,experts=[0,1,4,5,6]; c49:bw=57,experts=[0,1,4,5,6]; c29:bw=27,experts=[4,6]; c7:bw=40,experts=[2,4,6,7]; c35:bw=10,experts=[2]; c37:bw=12,experts=[4]; c31:bw=68,experts=[0,1,2,4,5,6]; c39:bw=47,experts=[0,4,5,6]; c8:bw=55,experts=[0,1,4,6,7]; c19:bw=57,experts=[0,1,4,5,6]; c47:bw=12,experts=[2]; c46:bw=26,experts=[2,7]; c20:bw=15,experts=[5]; c27:bw=59,experts=[0,1,4,5,6]; c25:bw=40,experts=[0,1,4,6]; c21:bw=35,experts=[0,4,6]; c28:bw=41,experts=[1,4,5,6]; c32:bw=47,experts=[0,1,4,6]; c44:bw=31,experts=[0,4,6]; c5:bw=64,experts=[0,1,2,4,5,6]; c6:bw=16,experts=[4]; c24:bw=25,experts=[4,7]; c23:bw=21,experts=[4,6]; c43:bw=38,experts=[2,4,6]; c42:bw=10,experts=[7]; c16:bw=52,experts=[0,2,4,5,6]; c26:bw=30,experts=[4,6,7]; c33:bw=35,experts=[1,4,6]","1.1336,1.6919,1.6435,1.8429,1.3092,1.6820,1.3941,1.7430,0.9012,1.5304,1.3487,2.0779,2.0577,1.5501,1.1512,1.3375,1.2911,1.1516,2.4604,1.4189,1.5806,1.1388,0.8960,3.6338,1.8444,1.1225,1.4900,1.3785,1.7966,1.6728,1.3120,1.5675,1.2126,1.3130,1.8859,1.7467,2.8489,2.1627,1.3964,1.8766,1.2581,2.3227,1.8450,1.2496,1.8671,1.3870,1.5796,2.4324,1.8779,1.7194"
26,2026-09-24 14:36:36,Ours,0.01,2.8500348911727427,24.63,24.63,26,95.2097,1:35.21,82.559,11.2059,1.4345,2493.7695,41:33.77,50,"20,12,39,17,37,48,8,44,5,30,11,3,10,16,19,15,13,41,1,29,25,34,43,42,4,14,24,21,35,36,26,40,23,47,0,7,49,6,46,27,22,32,33,18,45,9,31,2,38,28",20:25;12:41;39:53;17:32;37:10;48:17;8:53;44:61;5:20;30:53;11:57;3:44;10:38;16:10;19:15;15:42;13:16;41:71;1:33;29:45;25:50;34:57;43:35;42:35;4:48;14:49;24:14;21:35;35:15;36:51;26:13;40:10;23:14;47:33;0:11;7:31;49:53;6:34;46:31;27:40;22:14;32:29;33:17;18:10;45:10;9:50;31:46;2:30;38:51;28:61,"20:[4,6];12:[0,4,5,6];39:[0,1,4,5,6];17:[0,4,6];37:[5];48:[4];8:[0,1,4,5,6];44:[0,1,2,4,5,6];5:[4,6];30:[0,3,4,5,6];11:[0,1,4,5,6];3:[0,4,5,6];10:[0,4,6];16:[4];19:[2];15:[0,1,4,6];13:[4];41:[0,1,2,3,4,5,6];1:[0,4,6];29:[0,1,4,6];25:[0,2,4,5,6];34:[0,1,4,5,6];43:[0,4,6];42:[0,4,6];4:[0,4,5,6];14:[0,1,4,6];24:[2];21:[0,4,6];35:[4];36:[0,1,2,4,6];26:[4];40:[4];23:[4];47:[0,4,6];0:[4];7:[4,5,6];49:[0,1,4,5,6];6:[0,4,6];46:[4,5,6];27:[0,4,5,6];22:[4];32:[4,6];33:[4];18:[4];45:[4];9:[0,1,4,5,6];31:[0,4,5,6];2:[0,4,6];38:[0,1,4,5,6];28:[0,1,2,4,5,6]","c20:bw=25,experts=[4,6]; c12:bw=41,experts=[0,4,5,6]; c39:bw=53,experts=[0,1,4,5,6]; c17:bw=32,experts=[0,4,6]; c37:bw=10,experts=[5]; c48:bw=17,experts=[4]; c8:bw=53,experts=[0,1,4,5,6]; c44:bw=61,experts=[0,1,2,4,5,6]; c5:bw=20,experts=[4,6]; c30:bw=53,experts=[0,3,4,5,6]; c11:bw=57,experts=[0,1,4,5,6]; c3:bw=44,experts=[0,4,5,6]; c10:bw=38,experts=[0,4,6]; c16:bw=10,experts=[4]; c19:bw=15,experts=[2]; c15:bw=42,experts=[0,1,4,6]; c13:bw=16,experts=[4]; c41:bw=71,experts=[0,1,2,3,4,5,6]; c1:bw=33,experts=[0,4,6]; c29:bw=45,experts=[0,1,4,6]; c25:bw=50,experts=[0,2,4,5,6]; c34:bw=57,experts=[0,1,4,5,6]; c43:bw=35,experts=[0,4,6]; c42:bw=35,experts=[0,4,6]; c4:bw=48,experts=[0,4,5,6]; c14:bw=49,experts=[0,1,4,6]; c24:bw=14,experts=[2]; c21:bw=35,experts=[0,4,6]; c35:bw=15,experts=[4]; c36:bw=51,experts=[0,1,2,4,6]; c26:bw=13,experts=[4]; c40:bw=10,experts=[4]; c23:bw=14,experts=[4]; c47:bw=33,experts=[0,4,6]; c0:bw=11,experts=[4]; c7:bw=31,experts=[4,5,6]; c49:bw=53,experts=[0,1,4,5,6]; c6:bw=34,experts=[0,4,6]; c46:bw=31,experts=[4,5,6]; c27:bw=40,experts=[0,4,5,6]; c22:bw=14,experts=[4]; c32:bw=29,experts=[4,6]; c33:bw=17,experts=[4]; c18:bw=10,experts=[4]; c45:bw=10,experts=[4]; c9:bw=50,experts=[0,1,4,5,6]; c31:bw=46,experts=[0,4,5,6]; c2:bw=30,experts=[0,4,6]; c38:bw=51,experts=[0,1,4,5,6]; c28:bw=61,experts=[0,1,2,4,5,6]","1.9081,1.1487,1.6962,1.4148,1.4255,1.1663,1.3280,1.2991,2.3707,1.7194,1.3479,1.7407,1.5471,2.3772,1.5507,1.3554,1.3284,0.9132,1.5535,1.9059,2.8854,1.4311,1.3938,1.5965,1.8587,2.0615,1.3139,2.2053,1.4788,1.3403,1.8483,1.6377,1.7850,1.2002,0.9135,1.1138,3.6893,1.8509,1.3421,1.7709,2.0335,1.8925,1.6622,1.5615,2.3425,1.7040,1.8001,1.1622,1.1813,1.4055"
27,2026-09-24 14:38:12,Ours,0.01,2.813467991420046,25.38,25.38,27,95.9421,1:35.94,82.9842,11.4818,1.466,2589.7367,43:09.74,50,"38,41,31,12,3,15,24,23,30,45,6,14,27,7,44,46,43,26,13,9,16,25,21,33,36,34,49,37,8,29,5,32,40,39,11,22,2,42,10,19,4,0,1,17,28,35,48,47,18,20",38:19;41:10;31:32;12:22;3:21;15:46;24:29;23:75;30:39;45:10;6:63;14:26;27:54;7:51;44:35;46:22;43:65;26:32;13:57;9:18;16:20;25:30;21:45;33:64;36:50;34:47;49:47;37:69;8:55;29:27;5:37;32:46;40:48;39:14;11:66;22:47;2:20;42:46;10:62;19:18;4:12;0:36;1:62;17:36;28:10;35:43;48:63;47:48;18:18;20:37,"38:[4];41:[4];31:[0,4,6];12:[4,6];3:[4,6];15:[0,1,4,6];24:[4,6];23:[0,1,2,4,5,6,7];30:[0,4,6];45:[2];6:[0,1,2,4,5,6];14:[4,6];27:[0,1,4,5,6];7:[0,1,4,5,6];44:[0,4,6];46:[4,6];43:[0,1,2,4,5,6];26:[0,4,6];13:[0,1,4,5,6];9:[4];16:[4,6];25:[0,4,6];21:[0,4,5,6];33:[0,1,3,4,5,6];36:[0,1,4,5,6];34:[0,4,5,6];49:[0,1,4,6];37:[0,1,2,4,5,6];8:[0,1,4,5,6];29:[4,6];5:[0,4,6];32:[0,4,5,6];40:[0,4,5,6];39:[3];11:[0,1,2,4,5,6];22:[1,4,5,6];2:[4,6];42:[0,4,5,6];10:[0,1,2,4,5,6];19:[4];4:[4];0:[0,4,6];1:[0,1,2,4,5,6];17:[0,4,6];28:[4];35:[1,4,5,6];48:[0,1,2,4,5,6];47:[0,4,5,6];18:[4];20:[0,4,6]","c38:bw=19,experts=[4]; c41:bw=10,experts=[4]; c31:bw=32,experts=[0,4,6]; c12:bw=22,experts=[4,6]; c3:bw=21,experts=[4,6]; c15:bw=46,experts=[0,1,4,6]; c24:bw=29,experts=[4,6]; c23:bw=75,experts=[0,1,2,4,5,6,7]; c30:bw=39,experts=[0,4,6]; c45:bw=10,experts=[2]; c6:bw=63,experts=[0,1,2,4,5,6]; c14:bw=26,experts=[4,6]; c27:bw=54,experts=[0,1,4,5,6]; c7:bw=51,experts=[0,1,4,5,6]; c44:bw=35,experts=[0,4,6]; c46:bw=22,experts=[4,6]; c43:bw=65,experts=[0,1,2,4,5,6]; c26:bw=32,experts=[0,4,6]; c13:bw=57,experts=[0,1,4,5,6]; c9:bw=18,experts=[4]; c16:bw=20,experts=[4,6]; c25:bw=30,experts=[0,4,6]; c21:bw=45,experts=[0,4,5,6]; c33:bw=64,experts=[0,1,3,4,5,6]; c36:bw=50,experts=[0,1,4,5,6]; c34:bw=47,experts=[0,4,5,6]; c49:bw=47,experts=[0,1,4,6]; c37:bw=69,experts=[0,1,2,4,5,6]; c8:bw=55,experts=[0,1,4,5,6]; c29:bw=27,experts=[4,6]; c5:bw=37,experts=[0,4,6]; c32:bw=46,experts=[0,4,5,6]; c40:bw=48,experts=[0,4,5,6]; c39:bw=14,experts=[3]; c11:bw=66,experts=[0,1,2,4,5,6]; c22:bw=47,experts=[1,4,5,6]; c2:bw=20,experts=[4,6]; c42:bw=46,experts=[0,4,5,6]; c10:bw=62,experts=[0,1,2,4,5,6]; c19:bw=18,experts=[4]; c4:bw=12,experts=[4]; c0:bw=36,experts=[0,4,6]; c1:bw=62,experts=[0,1,2,4,5,6]; c17:bw=36,experts=[0,4,6]; c28:bw=10,experts=[4]; c35:bw=43,experts=[1,4,5,6]; c48:bw=63,experts=[0,1,2,4,5,6]; c47:bw=48,experts=[0,4,5,6]; c18:bw=18,experts=[4]; c20:bw=37,experts=[0,4,6]","1.1778,0.9145,1.8120,1.2096,1.7297,1.3766,1.2926,1.8933,1.7063,2.3669,1.8794,2.0716,1.7867,1.1254,1.2795,1.3308,1.4123,1.9130,1.3457,1.6888,2.4324,2.8690,2.2113,1.6737,1.3474,1.4359,3.6838,1.4443,1.3417,1.9015,2.3698,1.8823,1.6450,1.6812,1.3071,2.0440,1.1416,1.5910,1.5041,1.5828,1.8614,0.9111,1.5322,1.3859,1.4178,1.4979,1.2027,1.2793,1.6041,1.8897"
28,2026-09-24 14:39:47,Ours,0.01,2.790537172701123,26.15,26.15,28,95.5176,1:35.52,82.9827,11.1047,1.4248,2685.2782,44:45.28,50,"19,27,14,38,8,32,43,18,15,3,4,2,0,45,28,29,25,13,39,23,9,6,31,12,34,1,7,30,49,40,26,42,21,47,11,24,46,16,48,37,35,41,20,17,5,10,36,22,33,44",19:33;27:12;14:15;38:10;8:29;32:57;43:52;18:34;15:32;3:12;4:10;2:10;0:47;45:19;28:50;29:32;25:59;13:31;39:43;23:34;9:49;6:29;31:60;12:42;34:10;1:25;7:10;30:22;49:26;40:40;26:35;42:41;21:10;47:36;11:66;24:42;46:28;16:35;48:48;37:34;35:65;41:40;20:47;17:48;5:33;10:40;36:10;22:44;33:16;44:43,"19:[0,4,6];27:[4];14:[4];38:[4];8:[4,6];32:[0,1,4,5,6];43:[0,1,4,5,6];18:[0,4,6];15:[0,4,6];3:[4];4:[4];2:[4];0:[0,1,4,6];45:[5];28:[0,1,4,5,6];29:[2,4,6];25:[0,1,4,5,6];13:[0,4,6];39:[0,1,4,6];23:[0,4,6];9:[0,4,5,6];6:[4,6];31:[0,1,2,4,5,6];12:[0,4,5,6];34:[4];1:[4,6];7:[4];30:[4,6];49:[4,6];40:[0,4,5,6];26:[0,4,6];42:[1,4,5,6];21:[2];47:[0,4,6];11:[0,1,2,4,5,6];24:[1,4,5,6];46:[4,6];16:[0,4,6];48:[0,1,4,6];37:[1,4,6];35:[0,1,2,4,5,6];41:[0,1,4,6];20:[2,4,6,7];17:[0,4,5,6];5:[3,4,6];10:[0,1,4,6];36:[4];22:[3,4,5,6];33:[4];44:[0,4,5,6]","c19:bw=33,experts=[0,4,6]; c27:bw=12,experts=[4]; c14:bw=15,experts=[4]; c38:bw=10,experts=[4]; c8:bw=29,experts=[4,6]; c32:bw=57,experts=[0,1,4,5,6]; c43:bw=52,experts=[0,1,4,5,6]; c18:bw=34,experts=[0,4,6]; c15:bw=32,experts=[0,4,6]; c3:bw=12,experts=[4]; c4:bw=10,experts=[4]; c2:bw=10,experts=[4]; c0:bw=47,experts=[0,1,4,6]; c45:bw=19,experts=[5]; c28:bw=50,experts=[0,1,4,5,6]; c29:bw=32,experts=[2,4,6]; c25:bw=59,experts=[0,1,4,5,6]; c13:bw=31,experts=[0,4,6]; c39:bw=43,experts=[0,1,4,6]; c23:bw=34,experts=[0,4,6]; c9:bw=49,experts=[0,4,5,6]; c6:bw=29,experts=[4,6]; c31:bw=60,experts=[0,1,2,4,5,6]; c12:bw=42,experts=[0,4,5,6]; c34:bw=10,experts=[4]; c1:bw=25,experts=[4,6]; c7:bw=10,experts=[4]; c30:bw=22,experts=[4,6]; c49:bw=26,experts=[4,6]; c40:bw=40,experts=[0,4,5,6]; c26:bw=35,experts=[0,4,6]; c42:bw=41,experts=[1,4,5,6]; c21:bw=10,experts=[2]; c47:bw=36,experts=[0,4,6]; c11:bw=66,experts=[0,1,2,4,5,6]; c24:bw=42,experts=[1,4,5,6]; c46:bw=28,experts=[4,6]; c16:bw=35,experts=[0,4,6]; c48:bw=48,experts=[0,1,4,6]; c37:bw=34,experts=[1,4,6]; c35:bw=65,experts=[0,1,2,4,5,6]; c41:bw=40,experts=[0,1,4,6]; c20:bw=47,experts=[2,4,6,7]; c17:bw=48,experts=[0,4,5,6]; c5:bw=33,experts=[3,4,6]; c10:bw=40,experts=[0,1,4,6]; c36:bw=10,experts=[4]; c22:bw=44,experts=[3,4,5,6]; c33:bw=16,experts=[4]; c44:bw=43,experts=[0,4,5,6]","1.5553,1.7954,2.0173,1.1679,1.3246,1.9038,1.4119,1.6083,1.3576,1.7290,1.9536,1.1396,0.9021,2.3676,1.3984,1.9410,2.9217,1.3550,1.6950,1.9051,1.7200,1.9038,1.8190,1.1810,1.4077,1.5219,1.0953,1.6558,3.6455,1.6711,1.8903,1.5744,2.1951,1.2264,1.3471,1.2940,1.3386,2.4528,1.1746,1.4106,1.5062,0.9245,1.8895,1.3765,2.3883,1.5337,1.3606,2.0304,1.7079,1.2899"
29,2026-09-24 14:41:23,Ours,0.01,2.7371730629975675,26.85,26.85,29,95.6702,1:35.67,82.8426,11.3816,1.4407,2780.9722,46:20.97,50,"12,3,22,43,30,14,28,42,40,26,13,31,5,37,15,11,41,17,47,2,6,9,27,10,24,0,46,7,29,36,20,1,25,8,44,16,45,18,19,49,32,4,21,23,33,34,39,38,48,35",12:10;3:32;22:54;43:43;30:10;14:35;28:50;42:36;40:37;26:25;13:13;31:74;5:33;37:45;15:70;11:59;41:33;17:59;47:22;2:18;6:43;9:44;27:26;10:10;24:14;0:44;46:10;7:21;29:23;36:11;20:42;1:33;25:35;8:34;44:60;16:48;45:64;18:24;19:39;49:28;32:68;4:38;21:74;23:20;33:29;34:26;39:50;38:27;48:42;35:53,"12:[4];3:[2,4,6];22:[0,1,4,5,6];43:[0,1,4,6];30:[4];14:[2,4,7];28:[0,1,2,4,6];42:[0,4,6];40:[1,4,6];26:[4,6];13:[4];31:[0,1,2,4,5,6,7];5:[0,4,6];37:[0,1,4,6];15:[0,1,2,4,5,6,7];11:[0,1,4,5,6];41:[0,4,6];17:[0,1,4,5,6];47:[4,6];2:[4];6:[0,1,4,6];9:[0,4,5,6];27:[4,6];10:[4];24:[4];0:[0,1,4,6];46:[4];7:[4,6];29:[4,6];36:[4];20:[0,1,4,6];1:[0,4,6];25:[0,4,6];8:[0,4,6];44:[0,1,2,4,5,6];16:[0,4,5,6];45:[0,1,2,4,5,6];18:[4,6];19:[0,4,6];49:[2,4];32:[0,1,2,4,5,6];4:[0,4,6];21:[0,1,2,3,4,5,6];23:[4,6];33:[4,6];34:[4,6];39:[0,1,4,5,6];38:[4,6];48:[0,1,4,6];35:[0,1,4,5,6]","c12:bw=10,experts=[4]; c3:bw=32,experts=[2,4,6]; c22:bw=54,experts=[0,1,4,5,6]; c43:bw=43,experts=[0,1,4,6]; c30:bw=10,experts=[4]; c14:bw=35,experts=[2,4,7]; c28:bw=50,experts=[0,1,2,4,6]; c42:bw=36,experts=[0,4,6]; c40:bw=37,experts=[1,4,6]; c26:bw=25,experts=[4,6]; c13:bw=13,experts=[4]; c31:bw=74,experts=[0,1,2,4,5,6,7]; c5:bw=33,experts=[0,4,6]; c37:bw=45,experts=[0,1,4,6]; c15:bw=70,experts=[0,1,2,4,5,6,7]; c11:bw=59,experts=[0,1,4,5,6]; c41:bw=33,experts=[0,4,6]; c17:bw=59,experts=[0,1,4,5,6]; c47:bw=22,experts=[4,6]; c2:bw=18,experts=[4]; c6:bw=43,experts=[0,1,4,6]; c9:bw=44,experts=[0,4,5,6]; c27:bw=26,experts=[4,6]; c10:bw=10,experts=[4]; c24:bw=14,experts=[4]; c0:bw=44,experts=[0,1,4,6]; c46:bw=10,experts=[4]; c7:bw=21,experts=[4,6]; c29:bw=23,experts=[4,6]; c36:bw=11,experts=[4]; c20:bw=42,experts=[0,1,4,6]; c1:bw=33,experts=[0,4,6]; c25:bw=35,experts=[0,4,6]; c8:bw=34,experts=[0,4,6]; c44:bw=60,experts=[0,1,2,4,5,6]; c16:bw=48,experts=[0,4,5,6]; c45:bw=64,experts=[0,1,2,4,5,6]; c18:bw=24,experts=[4,6]; c19:bw=39,experts=[0,4,6]; c49:bw=28,experts=[2,4]; c32:bw=68,experts=[0,1,2,4,5,6]; c4:bw=38,experts=[0,4,6]; c21:bw=74,experts=[0,1,2,3,4,5,6]; c23:bw=20,experts=[4,6]; c33:bw=29,experts=[4,6]; c34:bw=26,experts=[4,6]; c39:bw=50,experts=[0,1,4,5,6]; c38:bw=27,experts=[4,6]; c48:bw=42,experts=[0,1,4,6]; c35:bw=53,experts=[0,1,4,5,6]","1.1536,1.7388,2.0821,1.3961,1.6949,2.0824,1.4003,1.5959,1.6812,1.8891,1.3512,1.8450,2.4559,1.4298,1.3852,1.3810,0.9055,1.3982,1.2514,1.1689,1.8904,1.7245,1.7878,1.5363,1.2777,0.8968,1.3098,1.0814,1.8740,1.3289,1.8834,1.5568,2.8230,1.3097,1.2482,2.4296,2.3672,1.5668,1.5654,3.6562,1.8956,1.8675,2.1878,1.8706,1.7174,1.4080,1.6902,1.1628,1.1422,1.4999"
30,2026-09-24 14:42:59,Ours,0.01,2.7806773420702524,26.85,26.85,29,95.7621,1:35.76,82.9577,11.361,1.4319,2876.7584,47:56.76,50,"27,4,0,38,41,46,28,34,33,3,19,35,10,1,37,2,29,21,31,13,47,43,42,6,39,9,32,44,12,8,25,26,14,49,40,17,24,45,5,48,36,22,16,20,30,7,18,23,15,11",27:53;4:51;0:17;38:50;41:15;46:50;28:36;34:45;33:38;3:59;19:24;35:13;10:71;1:35;37:42;2:27;29:44;21:10;31:52;13:27;47:19;43:74;42:16;6:11;39:10;9:54;32:57;44:38;12:24;8:41;25:56;26:12;14:49;49:25;40:23;17:19;24:10;45:26;5:62;48:59;36:41;22:26;16:31;20:60;30:67;7:12;18:57;23:37;15:22;11:46,"27:[0,1,2,4,6];4:[0,1,4,5,6];0:[2];38:[0,1,4,5,6];41:[4];46:[0,1,4,5,6];28:[3,4,6];34:[0,4,5,6];33:[2,4,6];3:[0,1,4,5,6];19:[4,6];35:[4];10:[0,1,2,4,5,6,7];1:[0,4,6];37:[1,4,5,6];2:[1,2];29:[0,4,5,6];21:[4];31:[0,1,4,5,6];13:[4,6];47:[1];43:[0,1,2,4,5,6,7];42:[4];6:[4];39:[4];9:[0,2,4,5,6];32:[0,1,4,5,6];44:[0,4,6];12:[1,2];8:[0,2,4,6];25:[0,1,4,5,6];26:[1];14:[0,1,4,6];49:[4,6];40:[4,6];17:[4];24:[4];45:[4,6];5:[0,1,2,4,5,6];48:[0,1,4,5,6];36:[0,4,5,6];22:[4,6];16:[0,4,6];20:[0,1,2,4,5,6];30:[0,1,2,4,5,6];7:[4];18:[0,1,4,5,6];23:[0,4,6];15:[4,6];11:[0,4,5,6]","c27:bw=53,experts=[0,1,2,4,6]; c4:bw=51,experts=[0,1,4,5,6]; c0:bw=17,experts=[2]; c38:bw=50,experts=[0,1,4,5,6]; c41:bw=15,experts=[4]; c46:bw=50,experts=[0,1,4,5,6]; c28:bw=36,experts=[3,4,6]; c34:bw=45,experts=[0,4,5,6]; c33:bw=38,experts=[2,4,6]; c3:bw=59,experts=[0,1,4,5,6]; c19:bw=24,experts=[4,6]; c35:bw=13,experts=[4]; c10:bw=71,experts=[0,1,2,4,5,6,7]; c1:bw=35,experts=[0,4,6]; c37:bw=42,experts=[1,4,5,6]; c2:bw=27,experts=[1,2]; c29:bw=44,experts=[0,4,5,6]; c21:bw=10,experts=[4]; c31:bw=52,experts=[0,1,4,5,6]; c13:bw=27,experts=[4,6]; c47:bw=19,experts=[1]; c43:bw=74,experts=[0,1,2,4,5,6,7]; c42:bw=16,experts=[4]; c6:bw=11,experts=[4]; c39:bw=10,experts=[4]; c9:bw=54,experts=[0,2,4,5,6]; c32:bw=57,experts=[0,1,4,5,6]; c44:bw=38,experts=[0,4,6]; c12:bw=24,experts=[1,2]; c8:bw=41,experts=[0,2,4,6]; c25:bw=56,experts=[0,1,4,5,6]; c26:bw=12,experts=[1]; c14:bw=49,experts=[0,1,4,6]; c49:bw=25,experts=[4,6]; c40:bw=23,experts=[4,6]; c17:bw=19,experts=[4]; c24:bw=10,experts=[4]; c45:bw=26,experts=[4,6]; c5:bw=62,experts=[0,1,2,4,5,6]; c48:bw=59,experts=[0,1,4,5,6]; c36:bw=41,experts=[0,4,5,6]; c22:bw=26,experts=[4,6]; c16:bw=31,experts=[0,4,6]; c20:bw=60,experts=[0,1,2,4,5,6]; c30:bw=67,experts=[0,1,2,4,5,6]; c7:bw=12,experts=[4]; c18:bw=57,experts=[0,1,4,5,6]; c23:bw=37,experts=[0,4,6]; c15:bw=22,experts=[4,6]; c11:bw=46,experts=[0,4,5,6]","1.8105,1.8991,0.9141,1.1738,0.9207,1.3581,1.4311,1.5247,1.7078,1.7212,1.5866,1.4939,1.5512,1.5896,1.4323,1.1412,1.8952,2.1843,1.8168,1.3274,1.2354,1.4227,1.5668,1.8384,1.6674,1.6776,1.8960,1.2307,1.1366,1.3172,2.8666,1.8550,2.0418,3.5974,1.6521,1.3778,1.2887,2.3806,2.3938,1.1697,1.3587,2.0758,2.4515,1.9252,1.7091,1.1413,1.6356,1.8934,1.3494,1.3256"
31,2026-09-24 14:44:35,Ours,0.01,2.73072955135926,27.46,27.46,31,96.0857,1:36.09,83.6115,11.0793,1.3853,2972.8713,49:32.87,50,"18,45,26,16,37,29,5,47,10,7,8,4,49,19,42,13,6,48,31,20,35,40,27,46,41,1,11,9,32,15,0,17,12,24,21,28,3,14,38,22,25,39,36,2,33,44,43,34,23,30",18:58;45:16;26:10;16:36;37:14;29:48;5:62;47:51;10:33;7:63;8:33;4:19;49:29;19:40;42:24;13:32;6:29;48:46;31:25;20:11;35:26;40:33;27:10;46:35;41:19;1:30;11:29;9:45;32:36;15:55;0:47;17:35;12:35;24:72;21:46;28:56;3:24;14:61;38:50;22:41;25:46;39:21;36:10;2:15;33:16;44:37;43:29;34:54;23:24;30:31,"18:[0,1,4,5,6];45:[4];26:[2];16:[1,4,6];37:[4];29:[0,1,4,6];5:[0,1,2,4,5,6];47:[0,1,4,5,6];10:[1,4,6];7:[0,1,2,4,5,6];8:[0,4,6];4:[4];49:[4,6];19:[0,4,5,6];42:[2,4];13:[2,4,6];6:[4,6];48:[0,4,5,6];31:[4,6];20:[4];35:[4,6];40:[4,5,6];27:[4];46:[4,5,6];41:[4];1:[0,4,6];11:[4,6];9:[0,4,5,6];32:[0,4,6];15:[0,1,4,5,6];0:[0,1,4,6];17:[2,4,7];12:[0,4,6];24:[0,1,2,4,5,6,7];21:[0,4,5,6];28:[0,1,4,5,6];3:[4,6];14:[0,1,2,4,5,6];38:[0,1,2,4,6];22:[1,2,4,6];25:[0,1,4,6];39:[2,4];36:[4];2:[5];33:[4];44:[0,4,6];43:[4,6];34:[0,1,4,5,6];23:[3,4];30:[0,4,6]","c18:bw=58,experts=[0,1,4,5,6]; c45:bw=16,experts=[4]; c26:bw=10,experts=[2]; c16:bw=36,experts=[1,4,6]; c37:bw=14,experts=[4]; c29:bw=48,experts=[0,1,4,6]; c5:bw=62,experts=[0,1,2,4,5,6]; c47:bw=51,experts=[0,1,4,5,6]; c10:bw=33,experts=[1,4,6]; c7:bw=63,experts=[0,1,2,4,5,6]; c8:bw=33,experts=[0,4,6]; c4:bw=19,experts=[4]; c49:bw=29,experts=[4,6]; c19:bw=40,experts=[0,4,5,6]; c42:bw=24,experts=[2,4]; c13:bw=32,experts=[2,4,6]; c6:bw=29,experts=[4,6]; c48:bw=46,experts=[0,4,5,6]; c31:bw=25,experts=[4,6]; c20:bw=11,experts=[4]; c35:bw=26,experts=[4,6]; c40:bw=33,experts=[4,5,6]; c27:bw=10,experts=[4]; c46:bw=35,experts=[4,5,6]; c41:bw=19,experts=[4]; c1:bw=30,experts=[0,4,6]; c11:bw=29,experts=[4,6]; c9:bw=45,experts=[0,4,5,6]; c32:bw=36,experts=[0,4,6]; c15:bw=55,experts=[0,1,4,5,6]; c0:bw=47,experts=[0,1,4,6]; c17:bw=35,experts=[2,4,7]; c12:bw=35,experts=[0,4,6]; c24:bw=72,experts=[0,1,2,4,5,6,7]; c21:bw=46,experts=[0,4,5,6]; c28:bw=56,experts=[0,1,4,5,6]; c3:bw=24,experts=[4,6]; c14:bw=61,experts=[0,1,2,4,5,6]; c38:bw=50,experts=[0,1,2,4,6]; c22:bw=41,experts=[1,2,4,6]; c25:bw=46,experts=[0,1,4,6]; c39:bw=21,experts=[2,4]; c36:bw=10,experts=[4]; c2:bw=15,experts=[5]; c33:bw=16,experts=[4]; c44:bw=37,experts=[0,4,6]; c43:bw=29,experts=[4,6]; c34:bw=54,experts=[0,1,4,5,6]; c23:bw=24,experts=[3,4]; c30:bw=31,experts=[0,4,6]","1.6156,2.4194,1.8962,2.4934,1.4329,1.9488,2.4212,1.2491,1.5416,1.1514,1.3171,1.8857,3.7267,1.6102,1.6174,1.3706,1.9045,1.1703,1.8194,1.8871,1.5086,1.6813,1.7948,1.3444,0.9183,1.5856,1.3427,1.6978,1.9066,1.3466,0.9340,1.3721,1.1551,1.2875,2.2128,1.4310,1.7427,2.0550,1.1674,2.0618,2.9169,1.6806,1.3661,1.1835,1.7337,1.2782,1.4188,1.4396,1.8855,1.6836"
32,2026-09-24 14:46:11,Ours,0.01,2.7769503084634755,28.46,28.46,32,96.2962,1:36.30,83.4101,11.4256,1.4515,3069.1951,51:09.20,50,"27,15,34,37,26,4,33,32,49,22,40,43,16,38,28,31,9,46,30,18,20,21,25,7,35,19,6,41,1,12,45,10,42,5,11,47,23,39,8,14,0,24,36,17,3,29,13,44,2,48",27:27;15:36;34:56;37:41;26:29;4:49;33:66;32:21;49:47;22:35;40:54;43:47;16:48;38:53;28:19;31:51;9:31;46:10;30:39;18:35;20:39;21:64;25:67;7:47;35:61;19:27;6:27;41:63;1:21;12:49;45:25;10:22;42:51;5:36;11:27;47:48;23:15;39:51;8:21;14:32;0:46;24:10;36:49;17:28;3:28;29:41;13:63;44:36;2:54;48:56,"27:[3,7];15:[3,4,6];34:[0,3,4,5,6];37:[3,4,6,7];26:[3,5];4:[0,3,4,6];33:[0,1,4,5,6,7];32:[3,7];49:[3,4,6,7];22:[4,6,7];40:[1,3,4,6,7];43:[1,3,4,6];16:[3,4,6,7];38:[1,3,4,6,7];28:[7];31:[0,1,3,4,6];9:[3,4,7];46:[3];30:[4,6,7];18:[2,3,4];20:[3,4,6];21:[0,1,4,5,6,7];25:[0,1,3,4,6,7];7:[1,3,4,6];35:[1,3,4,5,6,7];19:[3,7];6:[3,7];41:[0,1,4,5,6,7];1:[3,4];12:[4,5,6,7];45:[3,4];10:[3,4];42:[0,3,4,5,6];5:[4,6,7];11:[3,4];47:[3,4,6,7];23:[4];39:[1,4,5,6,7];8:[3,4];14:[3,4,6];0:[3,4,6,7];24:[3];36:[3,4,6,7];17:[3,4];3:[3,4];29:[3,4,6,7];13:[0,1,3,4,6,7];44:[3,4,7];2:[0,3,4,6,7];48:[0,3,4,5,6]","c27:bw=27,experts=[3,7]; c15:bw=36,experts=[3,4,6]; c34:bw=56,experts=[0,3,4,5,6]; c37:bw=41,experts=[3,4,6,7]; c26:bw=29,experts=[3,5]; c4:bw=49,experts=[0,3,4,6]; c33:bw=66,experts=[0,1,4,5,6,7]; c32:bw=21,experts=[3,7]; c49:bw=47,experts=[3,4,6,7]; c22:bw=35,experts=[4,6,7]; c40:bw=54,experts=[1,3,4,6,7]; c43:bw=47,experts=[1,3,4,6]; c16:bw=48,experts=[3,4,6,7]; c38:bw=53,experts=[1,3,4,6,7]; c28:bw=19,experts=[7]; c31:bw=51,experts=[0,1,3,4,6]; c9:bw=31,experts=[3,4,7]; c46:bw=10,experts=[3]; c30:bw=39,experts=[4,6,7]; c18:bw=35,experts=[2,3,4]; c20:bw=39,experts=[3,4,6]; c21:bw=64,experts=[0,1,4,5,6,7]; c25:bw=67,experts=[0,1,3,4,6,7]; c7:bw=47,experts=[1,3,4,6]; c35:bw=61,experts=[1,3,4,5,6,7]; c19:bw=27,experts=[3,7]; c6:bw=27,experts=[3,7]; c41:bw=63,experts=[0,1,4,5,6,7]; c1:bw=21,experts=[3,4]; c12:bw=49,experts=[4,5,6,7]; c45:bw=25,experts=[3,4]; c10:bw=22,experts=[3,4]; c42:bw=51,experts=[0,3,4,5,6]; c5:bw=36,experts=[4,6,7]; c11:bw=27,experts=[3,4]; c47:bw=48,experts=[3,4,6,7]; c23:bw=15,experts=[4]; c39:bw=51,experts=[1,4,5,6,7]; c8:bw=21,experts=[3,4]; c14:bw=32,experts=[3,4,6]; c0:bw=46,experts=[3,4,6,7]; c24:bw=10,experts=[3]; c36:bw=49,experts=[3,4,6,7]; c17:bw=28,experts=[3,4]; c3:bw=28,experts=[3,4]; c29:bw=41,experts=[3,4,6,7]; c13:bw=63,experts=[0,1,3,4,6,7]; c44:bw=36,experts=[3,4,7]; c2:bw=54,experts=[0,3,4,6,7]; c48:bw=56,experts=[0,3,4,5,6]","1.7539,1.3633,1.4236,1.4249,1.9236,1.9016,1.7129,1.9192,3.7806,2.0581,1.7068,1.4222,2.4846,1.1893,1.4448,1.8444,1.7525,1.3383,1.6925,1.6082,1.9158,2.2382,2.8984,1.1367,1.5404,1.6585,1.8509,0.9115,1.5367,1.1479,2.3530,1.5296,1.5968,2.3547,1.3313,1.2542,1.8673,1.6733,1.3263,2.0795,0.9043,1.2927,1.3410,1.4009,1.7295,1.8863,1.3488,1.2477,1.1343,1.1781"
33,2026-09-24 14:47:48,Ours,0.01,2.681401708661325,28.74,28.74,33,96.421,1:36.42,83.0355,11.9088,1.468,3165.6418,52:45.64,50,"20,35,0,15,6,33,21,36,46,43,32,5,22,18,27,42,29,39,7,14,25,9,11,30,26,28,40,45,38,10,1,4,13,3,49,24,12,37,44,31,2,23,16,17,47,41,19,34,8,48",20:40;35:36;0:62;15:24;6:37;33:41;21:65;36:40;46:43;43:40;32:34;5:29;22:56;18:55;27:38;42:65;29:62;39:47;7:52;14:37;25:14;9:42;11:53;30:55;26:44;28:29;40:45;45:10;38:35;10:46;1:34;4:45;13:30;3:70;49:51;24:28;12:46;37:39;44:46;31:49;2:24;23:63;16:44;17:59;47:25;41:27;19:25;34:40;8:50;48:80,"20:[0,1,4,6];35:[1,4,6];0:[0,1,2,4,5,6];15:[4,6];6:[4,5,6];33:[1,4,5,6];21:[0,1,2,4,5,6];36:[0,1,4,6];46:[2,4,6,7];43:[0,1,4,6];32:[0,4,6];5:[4,6];22:[0,1,4,5,6];18:[0,4,5,6,7];27:[0,4,6];42:[0,1,4,5,6,7];29:[0,1,2,4,5,6];39:[0,4,5,6];7:[0,1,4,6,7];14:[0,4,6];25:[4];9:[0,4,5,6];11:[0,4,5,6,7];30:[0,1,4,5,6];26:[0,4,6,7];28:[4,6];40:[0,2,4,6];45:[7];38:[0,4,6];10:[0,1,4,6];1:[4,6,7];4:[2,4,6,7];13:[0,4,6];3:[0,1,2,4,5,6,7];49:[0,1,4,5,6];24:[4,6];12:[3,4,5,6];37:[4,5,6];44:[0,1,4,6];31:[0,1,4,6];2:[4,6];23:[0,1,2,4,5,6];16:[0,2,4,6];17:[0,1,4,5,6];47:[2,4];41:[4,6];19:[1,4];34:[2,4,6,7];8:[0,1,4,6,7];48:[0,1,2,3,4,5,6,7]","c20:bw=40,experts=[0,1,4,6]; c35:bw=36,experts=[1,4,6]; c0:bw=62,experts=[0,1,2,4,5,6]; c15:bw=24,experts=[4,6]; c6:bw=37,experts=[4,5,6]; c33:bw=41,experts=[1,4,5,6]; c21:bw=65,experts=[0,1,2,4,5,6]; c36:bw=40,experts=[0,1,4,6]; c46:bw=43,experts=[2,4,6,7]; c43:bw=40,experts=[0,1,4,6]; c32:bw=34,experts=[0,4,6]; c5:bw=29,experts=[4,6]; c22:bw=56,experts=[0,1,4,5,6]; c18:bw=55,experts=[0,4,5,6,7]; c27:bw=38,experts=[0,4,6]; c42:bw=65,experts=[0,1,4,5,6,7]; c29:bw=62,experts=[0,1,2,4,5,6]; c39:bw=47,experts=[0,4,5,6]; c7:bw=52,experts=[0,1,4,6,7]; c14:bw=37,experts=[0,4,6]; c25:bw=14,experts=[4]; c9:bw=42,experts=[0,4,5,6]; c11:bw=53,experts=[0,4,5,6,7]; c30:bw=55,experts=[0,1,4,5,6]; c26:bw=44,experts=[0,4,6,7]; c28:bw=29,experts=[4,6]; c40:bw=45,experts=[0,2,4,6]; c45:bw=10,experts=[7]; c38:bw=35,experts=[0,4,6]; c10:bw=46,experts=[0,1,4,6]; c1:bw=34,experts=[4,6,7]; c4:bw=45,experts=[2,4,6,7]; c13:bw=30,experts=[0,4,6]; c3:bw=70,experts=[0,1,2,4,5,6,7]; c49:bw=51,experts=[0,1,4,5,6]; c24:bw=28,experts=[4,6]; c12:bw=46,experts=[3,4,5,6]; c37:bw=39,experts=[4,5,6]; c44:bw=46,experts=[0,1,4,6]; c31:bw=49,experts=[0,1,4,6]; c2:bw=24,experts=[4,6]; c23:bw=63,experts=[0,1,2,4,5,6]; c16:bw=44,experts=[0,2,4,6]; c17:bw=59,experts=[0,1,4,5,6]; c47:bw=25,experts=[2,4]; c41:bw=27,experts=[4,6]; c19:bw=25,experts=[1,4]; c34:bw=40,experts=[2,4,6,7]; c8:bw=50,experts=[0,1,4,6,7]; c48:bw=80,experts=[0,1,2,3,4,5,6,7]","1.8926,1.5295,0.9167,1.3581,1.8897,1.7552,2.2232,1.3683,1.3362,1.3802,1.9060,2.3512,2.0817,1.5960,1.7982,1.6190,1.9366,1.7311,1.1789,2.1074,2.8718,1.7058,1.3574,1.6852,1.8782,1.3595,1.6767,2.3448,1.1370,1.5457,1.5824,1.8544,1.3167,1.7089,3.6798,1.3035,1.1630,1.3889,1.2661,1.7907,1.1393,1.9109,2.4377,1.3903,1.2149,0.9060,1.5726,1.4166,1.3085,1.1668"
34,2026-09-24 14:49:24,Ours,0.01,2.6600222049966744,29.69,29.69,34,96.5754,1:36.58,83.4062,11.6912,1.4698,3262.2436,54:22.24,50,"36,13,0,17,7,21,1,14,49,35,11,29,19,47,45,22,25,30,4,6,37,3,9,20,24,42,10,41,8,34,46,40,38,27,15,18,23,5,32,12,26,43,33,48,2,28,31,44,39,16",36:45;13:57;0:22;17:16;7:32;21:48;1:46;14:66;49:65;35:31;11:52;29:13;19:50;47:39;45:46;22:30;25:49;30:26;4:46;6:48;37:19;3:72;9:68;20:62;24:60;42:21;10:26;41:14;8:42;34:58;46:52;40:44;38:30;27:34;15:10;18:29;23:36;5:60;32:39;12:24;26:55;43:11;33:22;48:34;2:54;28:39;31:36;44:56;39:35;16:54,"36:[1,2,4,6];13:[0,1,4,5,6];0:[4,6];17:[4];7:[1,4,6];21:[0,4,5,6];1:[0,4,5,6];14:[0,1,2,4,5,6];49:[0,1,2,4,5,6];35:[0,4,6];11:[0,1,4,5,6];29:[4];19:[0,2,4,5,6];47:[4,5,6];45:[0,4,5,6];22:[1,4,6];25:[0,2,4,6];30:[3,4];4:[0,4,5,6];6:[0,4,5,6];37:[4];3:[0,1,2,4,5,6,7];9:[0,1,2,4,5,6];20:[0,1,2,4,5,6];24:[0,1,2,4,5,6];42:[4,6];10:[4,6];41:[2];8:[1,4,5,6];34:[0,1,4,5,6];46:[0,1,4,5,6];40:[0,1,4,6];38:[4,5,6];27:[0,4,6];15:[4];18:[4,6];23:[4,5,6];5:[0,1,2,4,5,6];32:[4,5,6];12:[4,6];26:[0,1,4,5,6];43:[4];33:[4,6];48:[0,4,6];2:[0,1,4,5,6];28:[0,4,6];31:[4,5,6];44:[0,1,4,5,6];39:[4,5,6];16:[0,1,4,5,6]","c36:bw=45,experts=[1,2,4,6]; c13:bw=57,experts=[0,1,4,5,6]; c0:bw=22,experts=[4,6]; c17:bw=16,experts=[4]; c7:bw=32,experts=[1,4,6]; c21:bw=48,experts=[0,4,5,6]; c1:bw=46,experts=[0,4,5,6]; c14:bw=66,experts=[0,1,2,4,5,6]; c49:bw=65,experts=[0,1,2,4,5,6]; c35:bw=31,experts=[0,4,6]; c11:bw=52,experts=[0,1,4,5,6]; c29:bw=13,experts=[4]; c19:bw=50,experts=[0,2,4,5,6]; c47:bw=39,experts=[4,5,6]; c45:bw=46,experts=[0,4,5,6]; c22:bw=30,experts=[1,4,6]; c25:bw=49,experts=[0,2,4,6]; c30:bw=26,experts=[3,4]; c4:bw=46,experts=[0,4,5,6]; c6:bw=48,experts=[0,4,5,6]; c37:bw=19,experts=[4]; c3:bw=72,experts=[0,1,2,4,5,6,7]; c9:bw=68,experts=[0,1,2,4,5,6]; c20:bw=62,experts=[0,1,2,4,5,6]; c24:bw=60,experts=[0,1,2,4,5,6]; c42:bw=21,experts=[4,6]; c10:bw=26,experts=[4,6]; c41:bw=14,experts=[2]; c8:bw=42,experts=[1,4,5,6]; c34:bw=58,experts=[0,1,4,5,6]; c46:bw=52,experts=[0,1,4,5,6]; c40:bw=44,experts=[0,1,4,6]; c38:bw=30,experts=[4,5,6]; c27:bw=34,experts=[0,4,6]; c15:bw=10,experts=[4]; c18:bw=29,experts=[4,6]; c23:bw=36,experts=[4,5,6]; c5:bw=60,experts=[0,1,2,4,5,6]; c32:bw=39,experts=[4,5,6]; c12:bw=24,experts=[4,6]; c26:bw=55,experts=[0,1,4,5,6]; c43:bw=11,experts=[4]; c33:bw=22,experts=[4,6]; c48:bw=34,experts=[0,4,6]; c2:bw=54,experts=[0,1,4,5,6]; c28:bw=39,experts=[0,4,6]; c31:bw=36,experts=[4,5,6]; c44:bw=56,experts=[0,1,4,5,6]; c39:bw=35,experts=[4,5,6]; c16:bw=54,experts=[0,1,4,5,6]","1.3718,1.3436,0.9097,1.3898,1.1634,2.2277,1.5917,2.0989,3.7080,1.5018,1.3787,1.9325,1.6178,1.2413,2.3994,2.0246,2.9048,1.7014,1.8715,1.8661,1.4159,1.7722,1.6621,1.9263,1.2951,1.6081,1.5702,0.9167,1.3255,1.4240,1.3721,1.6319,1.1705,1.8055,1.3369,1.5762,1.8481,2.3758,1.9163,1.1648,1.8983,1.4156,1.8052,1.1844,1.1426,1.3990,1.7836,1.2887,1.6923,2.4380"
35,2026-09-24 14:51:00,Ours,0.01,2.640570903363139,29.81,29.81,35,96.0715,1:36.07,83.0622,11.5644,1.4349,3358.344,55:58.34,50,"46,28,2,35,20,44,41,13,45,43,10,7,25,15,0,36,32,48,49,42,22,17,24,19,3,21,4,14,37,27,47,8,9,6,29,18,5,34,23,33,30,39,16,40,26,12,31,1,38,11",46:45;28:55;2:46;35:54;20:53;44:30;41:67;13:48;45:43;43:55;10:57;7:48;25:40;15:47;0:20;36:41;32:13;48:54;49:13;42:49;22:32;17:32;24:15;19:22;3:24;21:10;4:33;14:20;37:52;27:64;47:39;8:50;9:27;6:44;29:28;18:51;5:41;34:64;23:13;33:38;30:61;39:44;16:10;40:18;26:59;12:22;31:51;1:31;38:34;11:69,"46:[0,1,4,6];28:[0,1,2,4,6];2:[1,4,5,6];35:[0,1,4,5,6];20:[0,1,4,5,6];44:[0,4,6];41:[0,1,3,4,5,6];13:[0,1,4,6];45:[0,4,5,6];43:[0,1,4,5,6];10:[0,1,4,5,6];7:[0,1,4,6];25:[0,1,4,6];15:[0,4,5,6];0:[4,6];36:[0,4,5,6];32:[4];48:[0,1,4,5,6];49:[4];42:[0,4,5,6];22:[4,5,6];17:[0,4,6];24:[4];19:[4,6];3:[4,6];21:[4];4:[0,4,6];14:[4,6];37:[1,2,4,5,6];27:[0,1,2,4,5,6];47:[0,4,6];8:[0,1,4,5,6];9:[4,6];6:[0,2,4,6];29:[4,6];18:[0,1,4,5,6];5:[0,4,5,6];34:[0,1,2,4,5,6];23:[7];33:[3,4,6];30:[0,1,2,4,5,6];39:[3,4,5,6];16:[4];40:[4];26:[0,1,4,5,6];12:[4,6];31:[0,1,4,5,6];1:[1,2,4];38:[0,4,6];11:[0,1,2,4,5,6]","c46:bw=45,experts=[0,1,4,6]; c28:bw=55,experts=[0,1,2,4,6]; c2:bw=46,experts=[1,4,5,6]; c35:bw=54,experts=[0,1,4,5,6]; c20:bw=53,experts=[0,1,4,5,6]; c44:bw=30,experts=[0,4,6]; c41:bw=67,experts=[0,1,3,4,5,6]; c13:bw=48,experts=[0,1,4,6]; c45:bw=43,experts=[0,4,5,6]; c43:bw=55,experts=[0,1,4,5,6]; c10:bw=57,experts=[0,1,4,5,6]; c7:bw=48,experts=[0,1,4,6]; c25:bw=40,experts=[0,1,4,6]; c15:bw=47,experts=[0,4,5,6]; c0:bw=20,experts=[4,6]; c36:bw=41,experts=[0,4,5,6]; c32:bw=13,experts=[4]; c48:bw=54,experts=[0,1,4,5,6]; c49:bw=13,experts=[4]; c42:bw=49,experts=[0,4,5,6]; c22:bw=32,experts=[4,5,6]; c17:bw=32,experts=[0,4,6]; c24:bw=15,experts=[4]; c19:bw=22,experts=[4,6]; c3:bw=24,experts=[4,6]; c21:bw=10,experts=[4]; c4:bw=33,experts=[0,4,6]; c14:bw=20,experts=[4,6]; c37:bw=52,experts=[1,2,4,5,6]; c27:bw=64,experts=[0,1,2,4,5,6]; c47:bw=39,experts=[0,4,6]; c8:bw=50,experts=[0,1,4,5,6]; c9:bw=27,experts=[4,6]; c6:bw=44,experts=[0,2,4,6]; c29:bw=28,experts=[4,6]; c18:bw=51,experts=[0,1,4,5,6]; c5:bw=41,experts=[0,4,5,6]; c34:bw=64,experts=[0,1,2,4,5,6]; c23:bw=13,experts=[7]; c33:bw=38,experts=[3,4,6]; c30:bw=61,experts=[0,1,2,4,5,6]; c39:bw=44,experts=[3,4,5,6]; c16:bw=10,experts=[4]; c40:bw=18,experts=[4]; c26:bw=59,experts=[0,1,4,5,6]; c12:bw=22,experts=[4,6]; c31:bw=51,experts=[0,1,4,5,6]; c1:bw=31,experts=[1,2,4]; c38:bw=34,experts=[0,4,6]; c11:bw=69,experts=[0,1,2,4,5,6]","1.3593,1.3730,1.1660,1.5364,1.9258,1.2784,0.8809,1.3383,2.3820,1.4084,1.5522,1.1371,2.9396,1.3150,0.8787,1.3501,1.8826,1.1726,3.6629,1.6052,2.0637,1.4058,1.2949,1.5888,1.7364,2.1531,1.8698,2.0473,1.4198,1.8070,1.2219,1.3229,1.6857,1.8766,1.9235,1.6138,2.4165,1.4494,1.8383,1.6882,1.6880,1.6867,2.4613,1.6630,1.9134,1.1725,1.7971,1.5947,1.1639,1.3536"
36,2026-09-24 14:52:36,Ours,0.01,2.6189427205831657,30.43,30.43,36,95.7939,1:35.79,82.9304,11.3906,1.4626,3454.1648,57:34.16,50,"48,9,7,37,24,26,0,17,18,23,8,20,44,35,42,4,15,39,49,34,2,29,21,27,13,45,1,19,41,30,36,40,43,12,16,3,47,38,33,25,22,46,31,14,5,32,10,28,6,11",48:30;9:37;7:27;37:37;24:12;26:41;0:36;17:49;18:11;23:58;8:51;20:49;44:29;35:44;42:52;4:74;15:68;39:47;49:11;34:16;2:50;29:53;21:42;27:40;13:47;45:37;1:10;19:48;41:61;30:39;36:19;40:42;43:25;12:35;16:10;3:60;47:22;38:35;33:33;25:11;22:13;46:39;31:51;14:18;5:49;32:22;10:56;28:37;6:43;11:33,"48:[0,4,6];9:[0,4,6];7:[4,6];37:[1,4,6];24:[4];26:[0,1,4,6];0:[1,4,6];17:[0,1,4,6];18:[4];23:[0,1,4,5,6];8:[0,1,4,5,6];20:[0,4,6,7];44:[4,6];35:[1,2,4,6];42:[0,1,4,5,6];4:[0,1,2,4,5,6,7];15:[0,1,2,4,5,6];39:[1,4,5,6];49:[4];34:[4];2:[0,1,4,5,6];29:[0,1,4,5,6];21:[0,1,4,6];27:[1,4,5,6];13:[0,1,4,6];45:[4,5,6];1:[4];19:[0,1,4,6];41:[0,1,2,4,5,6];30:[1,4,6];36:[4];40:[1,4,5,6];43:[4,6];12:[4,5,6];16:[4];3:[0,1,2,4,5,6];47:[4,6];38:[1,4,6];33:[4,5,6];25:[4];22:[3];46:[1,4,6];31:[0,1,4,5,6];14:[4];5:[3,4,5,6];32:[4,6];10:[0,1,4,5,6];28:[1,4,6];6:[0,4,5,6];11:[4,5,6]","c48:bw=30,experts=[0,4,6]; c9:bw=37,experts=[0,4,6]; c7:bw=27,experts=[4,6]; c37:bw=37,experts=[1,4,6]; c24:bw=12,experts=[4]; c26:bw=41,experts=[0,1,4,6]; c0:bw=36,experts=[1,4,6]; c17:bw=49,experts=[0,1,4,6]; c18:bw=11,experts=[4]; c23:bw=58,experts=[0,1,4,5,6]; c8:bw=51,experts=[0,1,4,5,6]; c20:bw=49,experts=[0,4,6,7]; c44:bw=29,experts=[4,6]; c35:bw=44,experts=[1,2,4,6]; c42:bw=52,experts=[0,1,4,5,6]; c4:bw=74,experts=[0,1,2,4,5,6,7]; c15:bw=68,experts=[0,1,2,4,5,6]; c39:bw=47,experts=[1,4,5,6]; c49:bw=11,experts=[4]; c34:bw=16,experts=[4]; c2:bw=50,experts=[0,1,4,5,6]; c29:bw=53,experts=[0,1,4,5,6]; c21:bw=42,experts=[0,1,4,6]; c27:bw=40,experts=[1,4,5,6]; c13:bw=47,experts=[0,1,4,6]; c45:bw=37,experts=[4,5,6]; c1:bw=10,experts=[4]; c19:bw=48,experts=[0,1,4,6]; c41:bw=61,experts=[0,1,2,4,5,6]; c30:bw=39,experts=[1,4,6]; c36:bw=19,experts=[4]; c40:bw=42,experts=[1,4,5,6]; c43:bw=25,experts=[4,6]; c12:bw=35,experts=[4,5,6]; c16:bw=10,experts=[4]; c3:bw=60,experts=[0,1,2,4,5,6]; c47:bw=22,experts=[4,6]; c38:bw=35,experts=[1,4,6]; c33:bw=33,experts=[4,5,6]; c25:bw=11,experts=[4]; c22:bw=13,experts=[3]; c46:bw=39,experts=[1,4,6]; c31:bw=51,experts=[0,1,4,5,6]; c14:bw=18,experts=[4]; c5:bw=49,experts=[3,4,5,6]; c32:bw=22,experts=[4,6]; c10:bw=56,experts=[0,1,4,5,6]; c28:bw=37,experts=[1,4,6]; c6:bw=43,experts=[0,4,5,6]; c11:bw=33,experts=[4,5,6]","1.1585,1.7029,1.1447,1.4178,1.3017,1.9066,0.9255,1.3851,1.5835,1.9046,1.3261,1.9379,1.2626,1.5060,1.6144,1.8782,1.3338,1.7054,3.6622,1.4120,1.1447,1.9383,2.1762,1.7833,1.2996,2.3910,1.5802,1.5937,0.9161,1.6968,1.3709,1.6166,1.3845,1.1545,2.4058,1.7525,1.2172,1.1915,1.6997,2.8543,2.0372,1.3205,1.8141,2.0384,2.4009,1.9051,1.5333,1.4053,1.8801,1.3583"
37,2026-09-24 14:54:12,Ours,0.01,2.647637840222785,31.14,31.14,37,96.1046,1:36.10,83.2953,11.3422,1.4544,3550.2999,59:10.30,50,"29,22,21,44,0,9,49,36,1,10,4,12,42,18,39,5,8,3,30,38,33,31,35,13,19,32,25,27,46,20,45,37,2,6,41,43,40,28,16,47,7,26,15,14,17,11,23,24,48,34",29:39;22:10;21:18;44:19;0:54;9:40;49:36;36:10;1:18;10:58;4:39;12:49;42:59;18:10;39:47;5:39;8:10;3:36;30:51;38:10;33:64;31:53;35:53;13:12;19:42;32:22;25:56;27:55;46:68;20:38;45:11;37:18;2:36;6:65;41:41;43:51;40:26;28:10;16:31;47:10;7:42;26:10;15:51;14:28;17:56;11:63;23:44;24:61;48:41;34:61,"29:[4,5,6];22:[4];21:[3];44:[2];0:[0,1,4,5,6];9:[0,4,5,6];49:[0,4,6];36:[4];1:[4];10:[0,1,4,5,6];4:[4,5,6];12:[0,4,5,6];42:[0,1,4,5,6];18:[4];39:[1,4,5,6];5:[4,5,6];8:[4];3:[4,5,6];30:[0,1,4,5,6];38:[4];33:[0,1,2,4,5,6];31:[2,4,5,6,7];35:[0,1,4,5,6];13:[4];19:[0,1,4,6];32:[2,4];25:[0,1,4,5,6];27:[0,1,4,5,6];46:[0,1,2,4,5,6];20:[4,5,6];45:[1];37:[0];2:[4,5,6];6:[0,1,2,4,5,6];41:[0,4,5,6];43:[0,1,4,5,6];40:[4,6];28:[4];16:[0,4,6];47:[4];7:[1,4,5,6];26:[4];15:[1,4,5,6,7];14:[4,7];17:[0,1,4,5,6];11:[0,1,2,4,5,6];23:[0,4,5,6];24:[0,1,2,4,5,6];48:[0,4,5,6];34:[0,1,2,4,5,6]","c29:bw=39,experts=[4,5,6]; c22:bw=10,experts=[4]; c21:bw=18,experts=[3]; c44:bw=19,experts=[2]; c0:bw=54,experts=[0,1,4,5,6]; c9:bw=40,experts=[0,4,5,6]; c49:bw=36,experts=[0,4,6]; c36:bw=10,experts=[4]; c1:bw=18,experts=[4]; c10:bw=58,experts=[0,1,4,5,6]; c4:bw=39,experts=[4,5,6]; c12:bw=49,experts=[0,4,5,6]; c42:bw=59,experts=[0,1,4,5,6]; c18:bw=10,experts=[4]; c39:bw=47,experts=[1,4,5,6]; c5:bw=39,experts=[4,5,6]; c8:bw=10,experts=[4]; c3:bw=36,experts=[4,5,6]; c30:bw=51,experts=[0,1,4,5,6]; c38:bw=10,experts=[4]; c33:bw=64,experts=[0,1,2,4,5,6]; c31:bw=53,experts=[2,4,5,6,7]; c35:bw=53,experts=[0,1,4,5,6]; c13:bw=12,experts=[4]; c19:bw=42,experts=[0,1,4,6]; c32:bw=22,experts=[2,4]; c25:bw=56,experts=[0,1,4,5,6]; c27:bw=55,experts=[0,1,4,5,6]; c46:bw=68,experts=[0,1,2,4,5,6]; c20:bw=38,experts=[4,5,6]; c45:bw=11,experts=[1]; c37:bw=18,experts=[0]; c2:bw=36,experts=[4,5,6]; c6:bw=65,experts=[0,1,2,4,5,6]; c41:bw=41,experts=[0,4,5,6]; c43:bw=51,experts=[0,1,4,5,6]; c40:bw=26,experts=[4,6]; c28:bw=10,experts=[4]; c16:bw=31,experts=[0,4,6]; c47:bw=10,experts=[4]; c7:bw=42,experts=[1,4,5,6]; c26:bw=10,experts=[4]; c15:bw=51,experts=[1,4,5,6,7]; c14:bw=28,experts=[4,7]; c17:bw=56,experts=[0,1,4,5,6]; c11:bw=63,experts=[0,1,2,4,5,6]; c23:bw=44,experts=[0,4,5,6]; c24:bw=61,experts=[0,1,2,4,5,6]; c48:bw=41,experts=[0,4,5,6]; c34:bw=61,experts=[0,1,2,4,5,6]","1.8933,2.0362,2.2336,1.2928,0.9161,1.6951,3.6910,1.3644,1.5614,1.5559,1.8913,1.1879,1.6179,1.6085,1.6804,2.3695,1.3374,1.7185,1.7253,1.1648,1.7768,1.8452,1.5098,1.3267,1.5871,1.9232,2.8819,1.7894,1.3505,1.8813,2.3701,1.4062,1.1833,1.9138,0.9036,1.3796,1.6553,1.4140,2.4541,1.2556,1.1444,1.8961,1.3418,2.0634,1.3959,1.3468,1.8783,1.2920,1.1486,1.4391"
38,2026-09-24 14:55:48,Ours,0.01,2.592557093895019,31.69,31.69,38,95.9752,1:35.98,83.036,11.4851,1.4431,3646.303,1:00:46.30,50,"40,47,2,4,35,22,33,39,20,6,5,41,3,34,18,13,12,8,26,28,1,25,48,38,9,0,19,27,49,36,15,14,43,11,16,23,21,42,7,44,32,24,10,31,37,30,46,45,17,29",40:62;47:18;2:10;4:52;35:23;22:46;33:60;39:64;20:36;6:17;5:10;41:72;3:38;34:65;18:44;13:63;12:47;8:46;26:44;28:30;1:31;25:58;48:36;38:19;9:26;0:40;19:61;27:48;49:24;36:64;15:12;14:41;43:10;11:17;16:38;23:30;21:51;42:33;7:51;44:29;32:20;24:38;10:39;31:52;37:14;30:34;46:47;45:59;17:41;29:21,"40:[0,1,2,4,5,6];47:[4];2:[2];4:[0,1,4,5,6];35:[4,6];22:[1,4,5,6];33:[0,1,2,4,5,6];39:[0,1,2,4,5,6];20:[0,4,6];6:[4];5:[4];41:[0,1,2,3,4,5,6];3:[0,4,6];34:[0,1,2,4,5,6];18:[0,4,5,6];13:[0,1,2,4,5,6];12:[1,2,4,6];8:[0,2,4,6];26:[1,4,5,6];28:[3,4,6];1:[0,4,6];25:[0,1,4,5,6];48:[0,4,6];38:[4];9:[4,6];0:[0,1,4,6];19:[0,1,2,4,5,6];27:[1,4,5,6];49:[4,6];36:[0,1,2,4,5,6];15:[4];14:[0,1,4,6];43:[2];11:[4];16:[0,4,6];23:[0,4,6];21:[0,1,4,5,6];42:[0,4,6];7:[0,1,4,5,6];44:[4,6];32:[1,4];24:[1,4,6];10:[2,4,7];31:[0,1,4,5,6];37:[4];30:[1,4,6];46:[0,1,4,6];45:[0,2,4,5,6];17:[0,1,4,6];29:[4,6]","c40:bw=62,experts=[0,1,2,4,5,6]; c47:bw=18,experts=[4]; c2:bw=10,experts=[2]; c4:bw=52,experts=[0,1,4,5,6]; c35:bw=23,experts=[4,6]; c22:bw=46,experts=[1,4,5,6]; c33:bw=60,experts=[0,1,2,4,5,6]; c39:bw=64,experts=[0,1,2,4,5,6]; c20:bw=36,experts=[0,4,6]; c6:bw=17,experts=[4]; c5:bw=10,experts=[4]; c41:bw=72,experts=[0,1,2,3,4,5,6]; c3:bw=38,experts=[0,4,6]; c34:bw=65,experts=[0,1,2,4,5,6]; c18:bw=44,experts=[0,4,5,6]; c13:bw=63,experts=[0,1,2,4,5,6]; c12:bw=47,experts=[1,2,4,6]; c8:bw=46,experts=[0,2,4,6]; c26:bw=44,experts=[1,4,5,6]; c28:bw=30,experts=[3,4,6]; c1:bw=31,experts=[0,4,6]; c25:bw=58,experts=[0,1,4,5,6]; c48:bw=36,experts=[0,4,6]; c38:bw=19,experts=[4]; c9:bw=26,experts=[4,6]; c0:bw=40,experts=[0,1,4,6]; c19:bw=61,experts=[0,1,2,4,5,6]; c27:bw=48,experts=[1,4,5,6]; c49:bw=24,experts=[4,6]; c36:bw=64,experts=[0,1,2,4,5,6]; c15:bw=12,experts=[4]; c14:bw=41,experts=[0,1,4,6]; c43:bw=10,experts=[2]; c11:bw=17,experts=[4]; c16:bw=38,experts=[0,4,6]; c23:bw=30,experts=[0,4,6]; c21:bw=51,experts=[0,1,4,5,6]; c42:bw=33,experts=[0,4,6]; c7:bw=51,experts=[0,1,4,5,6]; c44:bw=29,experts=[4,6]; c32:bw=20,experts=[1,4]; c24:bw=38,experts=[1,4,6]; c10:bw=39,experts=[2,4,7]; c31:bw=52,experts=[0,1,4,5,6]; c37:bw=14,experts=[4]; c30:bw=34,experts=[1,4,6]; c46:bw=47,experts=[0,1,4,6]; c45:bw=59,experts=[0,2,4,5,6]; c17:bw=41,experts=[0,1,4,6]; c29:bw=21,experts=[4,6]","1.6852,1.2300,1.1561,1.8934,1.5014,2.0873,1.7135,1.6822,1.9160,1.8730,2.3833,0.9282,1.7018,1.4277,1.6378,1.3124,1.1274,1.3374,1.9125,1.4287,1.5491,2.8617,1.1810,1.1571,1.7055,0.9076,1.6182,1.8060,3.6153,1.3603,1.3164,2.0390,1.4025,1.3227,2.4431,1.9016,2.1986,1.5576,1.1426,1.2875,1.8960,1.2784,1.5384,1.8454,1.3909,1.7073,1.3653,2.3694,1.4062,1.9300"
39,2026-09-24 14:57:24,Ours,0.01,2.5543369306910684,32.67,32.67,39,96.0627,1:36.06,82.9796,11.6187,1.4591,3742.3957,1:02:22.40,50,"0,34,1,14,47,29,20,4,35,28,32,26,22,24,16,23,12,18,37,17,40,13,9,49,45,21,25,42,3,15,33,46,6,19,27,36,7,11,31,30,38,48,44,8,5,2,10,39,43,41",0:10;34:47;1:45;14:57;47:45;29:16;20:68;4:36;35:29;28:54;32:63;26:37;22:28;24:44;16:29;23:49;12:49;18:25;37:63;17:42;40:40;13:49;9:24;49:56;45:33;21:52;25:35;42:23;3:26;15:30;33:49;46:15;6:31;19:18;27:39;36:65;7:40;11:51;31:39;30:43;38:57;48:39;44:38;8:45;5:75;2:36;10:24;39:62;43:27;41:51,"0:[4];34:[0,4,5,6];1:[0,4,5,6];14:[0,1,4,5,6];47:[1,4,5,6];29:[4];20:[0,1,2,4,5,6];4:[0,4,6];35:[4,6];28:[0,2,4,5,6];32:[0,1,2,4,5,6];26:[2,4,6];22:[2,4];24:[1,4,6,7];16:[4,6];23:[0,3,4,6];12:[1,4,5,6];18:[4,6];37:[0,1,2,4,5,6];17:[2,4,6,7];40:[1,4,5,6];13:[0,1,4,6];9:[4,6];49:[0,1,4,5,6];45:[4,5,6];21:[0,1,4,5,6];25:[0,4,6];42:[2,4];3:[4,6];15:[1,4,6];33:[1,4,5,6];46:[4];6:[4,5,6];19:[4];27:[0,4,6];36:[0,1,2,4,5,6];7:[1,2,4,6];11:[0,1,4,5,6];31:[1,4,6];30:[0,1,4,6];38:[1,2,4,5,6];48:[1,4,6];44:[0,4,6];8:[1,4,5,6];5:[0,1,2,3,4,5,6];2:[4,5,6];10:[4,6];39:[0,1,2,4,5,6];43:[4,7];41:[0,1,4,5,6]","c0:bw=10,experts=[4]; c34:bw=47,experts=[0,4,5,6]; c1:bw=45,experts=[0,4,5,6]; c14:bw=57,experts=[0,1,4,5,6]; c47:bw=45,experts=[1,4,5,6]; c29:bw=16,experts=[4]; c20:bw=68,experts=[0,1,2,4,5,6]; c4:bw=36,experts=[0,4,6]; c35:bw=29,experts=[4,6]; c28:bw=54,experts=[0,2,4,5,6]; c32:bw=63,experts=[0,1,2,4,5,6]; c26:bw=37,experts=[2,4,6]; c22:bw=28,experts=[2,4]; c24:bw=44,experts=[1,4,6,7]; c16:bw=29,experts=[4,6]; c23:bw=49,experts=[0,3,4,6]; c12:bw=49,experts=[1,4,5,6]; c18:bw=25,experts=[4,6]; c37:bw=63,experts=[0,1,2,4,5,6]; c17:bw=42,experts=[2,4,6,7]; c40:bw=40,experts=[1,4,5,6]; c13:bw=49,experts=[0,1,4,6]; c9:bw=24,experts=[4,6]; c49:bw=56,experts=[0,1,4,5,6]; c45:bw=33,experts=[4,5,6]; c21:bw=52,experts=[0,1,4,5,6]; c25:bw=35,experts=[0,4,6]; c42:bw=23,experts=[2,4]; c3:bw=26,experts=[4,6]; c15:bw=30,experts=[1,4,6]; c33:bw=49,experts=[1,4,5,6]; c46:bw=15,experts=[4]; c6:bw=31,experts=[4,5,6]; c19:bw=18,experts=[4]; c27:bw=39,experts=[0,4,6]; c36:bw=65,experts=[0,1,2,4,5,6]; c7:bw=40,experts=[1,2,4,6]; c11:bw=51,experts=[0,1,4,5,6]; c31:bw=39,experts=[1,4,6]; c30:bw=43,experts=[0,1,4,6]; c38:bw=57,experts=[1,2,4,5,6]; c48:bw=39,experts=[1,4,6]; c44:bw=38,experts=[0,4,6]; c8:bw=45,experts=[1,4,5,6]; c5:bw=75,experts=[0,1,2,3,4,5,6]; c2:bw=36,experts=[4,5,6]; c10:bw=24,experts=[4,6]; c39:bw=62,experts=[0,1,2,4,5,6]; c43:bw=27,experts=[4,7]; c41:bw=51,experts=[0,1,4,5,6]","0.8873,1.4199,1.5468,2.0738,1.2401,1.9183,1.9387,1.8840,1.4923,1.4188,1.9365,1.8945,2.0273,1.3076,2.4674,1.8820,1.1438,1.5867,1.4048,1.3968,1.6672,1.3448,1.7148,3.6795,2.3625,2.2034,2.8586,1.5748,1.7229,1.3447,1.7336,1.3352,1.8716,1.5562,1.7871,1.3745,1.1446,1.3073,1.7826,1.6887,1.1684,1.1587,1.2656,1.3400,2.4049,1.1772,1.5474,1.6914,1.4123,0.8918"
40,2026-09-24 14:59:00,Ours,0.01,2.6231856219657317,32.61,32.67,39,95.6392,1:35.64,82.8917,11.31,1.4318,3838.0642,1:03:58.06,50,"10,0,7,12,42,45,13,24,43,41,46,5,47,15,38,22,33,1,26,8,48,16,49,44,37,35,3,4,19,23,39,25,30,20,29,11,6,32,14,28,34,9,27,2,40,31,36,21,18,17",10:60;0:36;7:66;12:42;42:23;45:66;13:32;24:51;43:35;41:40;46:52;5:32;47:10;15:22;38:10;22:43;33:27;1:42;26:63;8:26;48:23;16:29;49:43;44:10;37:35;35:32;3:10;4:19;19:23;23:50;39:23;25:67;30:42;20:21;29:43;11:15;6:46;32:48;14:58;28:10;34:49;9:40;27:38;2:65;40:34;31:61;36:48;21:35;18:38;17:30,"10:[0,1,3,4,5,6];0:[3,4,7];7:[0,1,3,4,5,6];12:[4,5,6,7];42:[3,4];45:[0,1,3,4,5,6];13:[3,4,7];24:[1,3,4,5,6];43:[3,4,6];41:[0,4,6,7];46:[1,3,4,5,6];5:[4,6,7];47:[3];15:[3,4];38:[3];22:[4,5,6,7];33:[4,7];1:[3,4,5,6];26:[0,1,3,4,5,6];8:[3,4];48:[4,6];16:[3,7];49:[3,4,6,7];44:[3];37:[3,4,7];35:[3,4,7];3:[3];4:[3];19:[3,7];23:[0,1,4,5,6];39:[4,7];25:[0,1,3,4,6,7];30:[1,4,6,7];20:[3,4];29:[3,4,6,7];11:[3];6:[3,4,6,7];32:[3,4,6,7];14:[1,3,4,5,6];28:[7];34:[3,4,5,6];9:[3,4,6,7];27:[3,4,7];2:[0,1,3,4,6,7];40:[3,4,7];31:[0,1,3,4,5,6];36:[3,4,6,7];21:[4,6,7];18:[2,3,4];17:[3,4,6]","c10:bw=60,experts=[0,1,3,4,5,6]; c0:bw=36,experts=[3,4,7]; c7:bw=66,experts=[0,1,3,4,5,6]; c12:bw=42,experts=[4,5,6,7]; c42:bw=23,experts=[3,4]; c45:bw=66,experts=[0,1,3,4,5,6]; c13:bw=32,experts=[3,4,7]; c24:bw=51,experts=[1,3,4,5,6]; c43:bw=35,experts=[3,4,6]; c41:bw=40,experts=[0,4,6,7]; c46:bw=52,experts=[1,3,4,5,6]; c5:bw=32,experts=[4,6,7]; c47:bw=10,experts=[3]; c15:bw=22,experts=[3,4]; c38:bw=10,experts=[3]; c22:bw=43,experts=[4,5,6,7]; c33:bw=27,experts=[4,7]; c1:bw=42,experts=[3,4,5,6]; c26:bw=63,experts=[0,1,3,4,5,6]; c8:bw=26,experts=[3,4]; c48:bw=23,experts=[4,6]; c16:bw=29,experts=[3,7]; c49:bw=43,experts=[3,4,6,7]; c44:bw=10,experts=[3]; c37:bw=35,experts=[3,4,7]; c35:bw=32,experts=[3,4,7]; c3:bw=10,experts=[3]; c4:bw=19,experts=[3]; c19:bw=23,experts=[3,7]; c23:bw=50,experts=[0,1,4,5,6]; c39:bw=23,experts=[4,7]; c25:bw=67,experts=[0,1,3,4,6,7]; c30:bw=42,experts=[1,4,6,7]; c20:bw=21,experts=[3,4]; c29:bw=43,experts=[3,4,6,7]; c11:bw=15,experts=[3]; c6:bw=46,experts=[3,4,6,7]; c32:bw=48,experts=[3,4,6,7]; c14:bw=58,experts=[1,3,4,5,6]; c28:bw=10,experts=[7]; c34:bw=49,experts=[3,4,5,6]; c9:bw=40,experts=[3,4,6,7]; c27:bw=38,experts=[3,4,7]; c2:bw=65,experts=[0,1,3,4,6,7]; c40:bw=34,experts=[3,4,7]; c31:bw=61,experts=[0,1,3,4,5,6]; c36:bw=48,experts=[3,4,6,7]; c21:bw=35,experts=[4,6,7]; c18:bw=38,experts=[2,3,4]; c17:bw=30,experts=[3,4,6]","1.5754,0.9294,1.1462,1.1780,1.5912,2.4008,1.3127,1.3001,1.4021,0.9129,1.3568,2.4725,1.2349,1.3637,1.1666,2.0391,1.7006,1.5661,1.8902,1.3252,1.1682,2.4443,3.6837,1.2544,1.3845,1.4936,1.7233,1.8223,1.5601,1.8888,1.6777,2.8644,1.6972,1.8737,1.8955,1.3339,1.8535,1.8701,2.0491,1.3909,1.4204,1.7112,1.7887,1.1633,1.6560,1.8028,1.3680,2.1940,1.6100,1.3833"
41,2026-09-24 15:00:36,Ours,0.01,2.6289156373755005,33.54,33.54,41,95.4854,1:35.49,82.746,11.2979,1.4363,3933.5786,1:05:33.58,50,"43,15,45,44,18,49,21,47,8,28,40,23,9,10,46,30,12,3,11,42,0,48,41,2,31,27,33,26,16,5,6,36,19,24,37,4,1,38,13,22,29,35,7,25,34,32,14,20,39,17",43:10;15:24;45:50;44:15;18:10;49:13;21:18;47:24;8:57;28:51;40:40;23:37;9:54;10:42;46:63;30:19;12:18;3:40;11:41;42:25;0:10;48:10;41:66;2:54;31:54;27:52;33:50;26:10;16:25;5:61;6:10;36:61;19:19;24:58;37:25;4:50;1:10;38:21;13:45;22:46;29:38;35:21;7:68;25:29;34:10;32:76;14:61;20:39;39:12;17:52,"43:[4];15:[4,6];45:[1,4,5,6,7];44:[7];18:[7];49:[4];21:[2];47:[2,7];8:[1,4,5,6,7];28:[0,1,4,5,6];40:[1,4,5,6];23:[2,4,6];9:[0,1,4,5,6];10:[1,4,5,6];46:[0,1,4,5,6,7];30:[4];12:[3];3:[1,4,5,6];11:[4,5,6,7];42:[4,7];0:[2];48:[2];41:[0,1,2,4,5,6];2:[0,1,4,5,6];31:[0,1,4,5,6];27:[0,1,4,5,6];33:[0,1,4,5,6];26:[7];16:[2,4];5:[0,1,2,4,5,6];6:[4];36:[0,1,2,4,5,6];19:[4];24:[0,1,4,5,6];37:[4,6];4:[0,1,4,5,6];1:[7];38:[4,7];13:[1,4,5,6];22:[0,4,5,6];29:[2,4,6];35:[4,6];7:[0,1,4,5,6,7];25:[4,6];34:[7];32:[0,1,2,4,5,6,7];14:[0,1,2,4,5,6];20:[1,4,6];39:[4];17:[0,1,4,5,6]","c43:bw=10,experts=[4]; c15:bw=24,experts=[4,6]; c45:bw=50,experts=[1,4,5,6,7]; c44:bw=15,experts=[7]; c18:bw=10,experts=[7]; c49:bw=13,experts=[4]; c21:bw=18,experts=[2]; c47:bw=24,experts=[2,7]; c8:bw=57,experts=[1,4,5,6,7]; c28:bw=51,experts=[0,1,4,5,6]; c40:bw=40,experts=[1,4,5,6]; c23:bw=37,experts=[2,4,6]; c9:bw=54,experts=[0,1,4,5,6]; c10:bw=42,experts=[1,4,5,6]; c46:bw=63,experts=[0,1,4,5,6,7]; c30:bw=19,experts=[4]; c12:bw=18,experts=[3]; c3:bw=40,experts=[1,4,5,6]; c11:bw=41,experts=[4,5,6,7]; c42:bw=25,experts=[4,7]; c0:bw=10,experts=[2]; c48:bw=10,experts=[2]; c41:bw=66,experts=[0,1,2,4,5,6]; c2:bw=54,experts=[0,1,4,5,6]; c31:bw=54,experts=[0,1,4,5,6]; c27:bw=52,experts=[0,1,4,5,6]; c33:bw=50,experts=[0,1,4,5,6]; c26:bw=10,experts=[7]; c16:bw=25,experts=[2,4]; c5:bw=61,experts=[0,1,2,4,5,6]; c6:bw=10,experts=[4]; c36:bw=61,experts=[0,1,2,4,5,6]; c19:bw=19,experts=[4]; c24:bw=58,experts=[0,1,4,5,6]; c37:bw=25,experts=[4,6]; c4:bw=50,experts=[0,1,4,5,6]; c1:bw=10,experts=[7]; c38:bw=21,experts=[4,7]; c13:bw=45,experts=[1,4,5,6]; c22:bw=46,experts=[0,4,5,6]; c29:bw=38,experts=[2,4,6]; c35:bw=21,experts=[4,6]; c7:bw=68,experts=[0,1,4,5,6,7]; c25:bw=29,experts=[4,6]; c34:bw=10,experts=[7]; c32:bw=76,experts=[0,1,2,4,5,6,7]; c14:bw=61,experts=[0,1,2,4,5,6]; c20:bw=39,experts=[1,4,6]; c39:bw=12,experts=[4]; c17:bw=52,experts=[0,1,4,5,6]","1.4093,1.3633,2.3392,1.2738,1.5933,3.6730,2.1874,1.2357,1.3290,1.4082,1.6781,1.9142,1.6866,1.5022,1.3469,1.6680,1.1730,1.7475,1.3466,1.5927,0.9148,1.1559,0.9106,1.1437,1.8206,1.7513,1.7109,1.8507,2.4181,2.3428,1.8358,1.3466,1.5528,1.2527,1.3963,1.8512,1.5766,1.1502,1.3025,2.0556,1.9305,1.5144,1.2120,2.8830,1.4166,1.9191,2.0732,1.9052,1.6782,1.4058"
42,2026-09-24 15:02:11,Ours,0.01,2.5400021543711686,34.66,34.66,42,95.5339,1:35.53,83.1432,10.94,1.4425,4029.1442,1:07:09.14,50,"24,30,35,21,34,31,29,3,47,41,7,6,15,12,23,43,37,10,17,9,44,38,18,16,32,33,26,20,4,40,2,22,0,28,25,39,8,1,13,49,5,14,48,45,11,46,36,42,27,19",24:34;30:47;35:34;21:32;34:15;31:42;29:40;3:48;47:53;41:40;7:20;6:34;15:31;12:22;23:51;43:37;37:49;10:15;17:32;9:51;44:10;38:10;18:14;16:10;32:18;33:47;26:16;20:42;4:55;40:36;2:40;22:26;0:15;28:54;25:28;39:23;8:42;1:49;13:33;49:21;5:50;14:13;48:24;45:49;11:59;46:13;36:10;42:15;27:34;19:63,"24:[4,5,6];30:[3,4,5,6];35:[1,4,6];21:[0,4,6];34:[4];31:[1,4,5,6];29:[1,4,5,6];3:[1,4,6,7];47:[0,1,4,5,6];41:[0,1,4,6];7:[4,6];6:[0,4,6];15:[4,5,6];12:[4,6];23:[0,1,4,5,6];43:[1,4,6];37:[1,4,5,6];10:[4];17:[4,5,6];9:[1,2,4,5,6];44:[1];38:[4];18:[4];16:[1];32:[4];33:[1,4,5,6];26:[4];20:[1,4,5,6];4:[0,1,4,5,6];40:[4,5,6];2:[1,4,5,6];22:[4,6];0:[4];28:[0,1,4,5,6];25:[2,4];39:[4,6];8:[1,4,5,6];1:[0,4,5,6];13:[4,5,6];49:[2,4];5:[0,1,4,5,6];14:[4];48:[3,7];45:[1,4,5,6];11:[0,1,4,5,6];46:[4];36:[4];42:[4];27:[4,5,6];19:[0,1,2,4,5,6]","c24:bw=34,experts=[4,5,6]; c30:bw=47,experts=[3,4,5,6]; c35:bw=34,experts=[1,4,6]; c21:bw=32,experts=[0,4,6]; c34:bw=15,experts=[4]; c31:bw=42,experts=[1,4,5,6]; c29:bw=40,experts=[1,4,5,6]; c3:bw=48,experts=[1,4,6,7]; c47:bw=53,experts=[0,1,4,5,6]; c41:bw=40,experts=[0,1,4,6]; c7:bw=20,experts=[4,6]; c6:bw=34,experts=[0,4,6]; c15:bw=31,experts=[4,5,6]; c12:bw=22,experts=[4,6]; c23:bw=51,experts=[0,1,4,5,6]; c43:bw=37,experts=[1,4,6]; c37:bw=49,experts=[1,4,5,6]; c10:bw=15,experts=[4]; c17:bw=32,experts=[4,5,6]; c9:bw=51,experts=[1,2,4,5,6]; c44:bw=10,experts=[1]; c38:bw=10,experts=[4]; c18:bw=14,experts=[4]; c16:bw=10,experts=[1]; c32:bw=18,experts=[4]; c33:bw=47,experts=[1,4,5,6]; c26:bw=16,experts=[4]; c20:bw=42,experts=[1,4,5,6]; c4:bw=55,experts=[0,1,4,5,6]; c40:bw=36,experts=[4,5,6]; c2:bw=40,experts=[1,4,5,6]; c22:bw=26,experts=[4,6]; c0:bw=15,experts=[4]; c28:bw=54,experts=[0,1,4,5,6]; c25:bw=28,experts=[2,4]; c39:bw=23,experts=[4,6]; c8:bw=42,experts=[1,4,5,6]; c1:bw=49,experts=[0,4,5,6]; c13:bw=33,experts=[4,5,6]; c49:bw=21,experts=[2,4]; c5:bw=50,experts=[0,1,4,5,6]; c14:bw=13,experts=[4]; c48:bw=24,experts=[3,7]; c45:bw=49,experts=[1,4,5,6]; c11:bw=59,experts=[0,1,4,5,6]; c46:bw=13,experts=[4]; c36:bw=10,experts=[4]; c42:bw=15,experts=[4]; c27:bw=34,experts=[4,5,6]; c19:bw=63,experts=[0,1,2,4,5,6]","1.3124,1.7169,1.5167,2.2031,1.4351,1.8223,1.9116,1.7504,1.2539,0.9317,1.1446,1.8944,1.3652,1.2051,1.9217,1.4091,1.4290,1.5628,1.3959,1.7023,1.3547,1.1614,1.5978,2.4323,1.9059,1.6982,1.8589,1.9041,1.8894,1.6459,1.1848,2.0659,0.9032,1.3860,2.8584,1.6670,1.2940,1.5804,1.3406,3.6304,2.3906,2.0277,1.1644,2.3745,1.3287,1.3420,1.3398,1.5885,1.7810,1.5625"
43,2026-09-24 15:03:47,Ours,0.01,2.5015592584140847,34.52,34.66,42,95.6419,1:35.64,82.8707,11.3373,1.4228,4124.8155,1:08:44.82,50,"10,2,23,44,36,6,27,41,35,5,12,1,45,48,43,8,42,19,40,15,18,22,39,3,13,24,30,26,11,34,32,14,46,38,16,17,29,9,25,47,33,21,4,37,31,28,49,0,20,7",10:37;2:51;23:34;44:52;36:29;6:12;27:61;41:63;35:16;5:53;12:10;1:58;45:48;48:54;43:50;8:45;42:57;19:54;40:38;15:14;18:24;22:41;39:33;3:65;13:16;24:54;30:23;26:59;11:55;34:33;32:11;14:66;46:50;38:17;16:21;17:47;29:28;9:32;25:44;47:38;33:27;21:34;4:34;37:49;31:27;28:27;49:20;0:21;20:48;7:21,"10:[4,5,6];2:[0,1,4,5,6];23:[4,6,7];44:[0,1,4,5,6];36:[4,6];6:[4];27:[0,1,2,4,5,6];41:[0,1,2,4,5,6];35:[4];5:[0,1,4,5,6];12:[4];1:[0,1,2,4,6];45:[0,1,4,6];48:[0,1,4,5,6];43:[0,1,4,5,6];8:[0,1,4,6];42:[0,1,4,5,6];19:[0,1,4,5,6];40:[1,4,6];15:[4];18:[1,4];22:[1,4,5,6];39:[3,4,6];3:[0,1,2,4,5,6];13:[4];24:[0,1,4,5,6];30:[2,4];26:[0,1,4,5,6];11:[0,1,4,5,6];34:[4,5,6];32:[4];14:[0,1,2,4,5,6];46:[0,1,4,5,6];38:[0];16:[4,5];17:[1,4,5,6];29:[4,6];9:[4,5,6];25:[0,1,4,6];47:[0,4,6];33:[3,4];21:[1,4,6];4:[4,5,6];37:[0,1,4,6];31:[4,6];28:[4,6];49:[4,6];0:[4,6];20:[0,1,4,6];7:[4,6]","c10:bw=37,experts=[4,5,6]; c2:bw=51,experts=[0,1,4,5,6]; c23:bw=34,experts=[4,6,7]; c44:bw=52,experts=[0,1,4,5,6]; c36:bw=29,experts=[4,6]; c6:bw=12,experts=[4]; c27:bw=61,experts=[0,1,2,4,5,6]; c41:bw=63,experts=[0,1,2,4,5,6]; c35:bw=16,experts=[4]; c5:bw=53,experts=[0,1,4,5,6]; c12:bw=10,experts=[4]; c1:bw=58,experts=[0,1,2,4,6]; c45:bw=48,experts=[0,1,4,6]; c48:bw=54,experts=[0,1,4,5,6]; c43:bw=50,experts=[0,1,4,5,6]; c8:bw=45,experts=[0,1,4,6]; c42:bw=57,experts=[0,1,4,5,6]; c19:bw=54,experts=[0,1,4,5,6]; c40:bw=38,experts=[1,4,6]; c15:bw=14,experts=[4]; c18:bw=24,experts=[1,4]; c22:bw=41,experts=[1,4,5,6]; c39:bw=33,experts=[3,4,6]; c3:bw=65,experts=[0,1,2,4,5,6]; c13:bw=16,experts=[4]; c24:bw=54,experts=[0,1,4,5,6]; c30:bw=23,experts=[2,4]; c26:bw=59,experts=[0,1,4,5,6]; c11:bw=55,experts=[0,1,4,5,6]; c34:bw=33,experts=[4,5,6]; c32:bw=11,experts=[4]; c14:bw=66,experts=[0,1,2,4,5,6]; c46:bw=50,experts=[0,1,4,5,6]; c38:bw=17,experts=[0]; c16:bw=21,experts=[4,5]; c17:bw=47,experts=[1,4,5,6]; c29:bw=28,experts=[4,6]; c9:bw=32,experts=[4,5,6]; c25:bw=44,experts=[0,1,4,6]; c47:bw=38,experts=[0,4,6]; c33:bw=27,experts=[3,4]; c21:bw=34,experts=[1,4,6]; c4:bw=34,experts=[4,5,6]; c37:bw=49,experts=[0,1,4,6]; c31:bw=27,experts=[4,6]; c28:bw=27,experts=[4,6]; c49:bw=20,experts=[4,6]; c0:bw=21,experts=[4,6]; c20:bw=48,experts=[0,1,4,6]; c7:bw=21,experts=[4,6]","1.5592,1.1812,1.8906,1.2841,1.3798,1.8627,1.8027,0.9273,1.4986,2.4014,1.1714,1.5758,2.3932,1.1821,1.3937,1.3373,1.6136,1.5942,1.6897,1.3662,1.6106,2.0343,1.6746,1.7576,1.3487,1.3064,1.6919,1.8924,1.3050,1.3992,1.8857,2.0631,1.3451,1.1488,2.4004,1.3885,1.8936,1.6928,2.8832,1.2192,1.7117,2.1803,1.8543,1.3955,1.7970,1.3605,3.6031,0.8865,1.8880,1.1478"
44,2026-09-24 15:05:22,Ours,0.01,2.4846626800085487,35.51,35.51,44,95.484,1:35.48,82.6381,11.4453,1.3893,4220.3296,1:10:20.33,50,"32,42,43,8,4,15,19,36,1,13,7,38,34,9,48,28,2,49,16,25,35,27,26,31,11,39,14,20,24,6,21,29,23,0,47,41,22,12,17,45,5,18,44,46,37,33,3,10,40,30",32:10;42:63;43:30;8:34;4:29;15:50;19:10;36:61;1:45;13:28;7:75;38:10;34:19;9:37;48:58;28:36;2:37;49:28;16:76;25:36;35:41;27:31;26:45;31:29;11:16;39:61;14:65;20:56;24:31;6:20;21:58;29:68;23:36;0:66;47:29;41:54;22:23;12:40;17:12;45:16;5:24;18:54;44:53;46:42;37:35;33:51;3:47;10:56;40:38;30:70,"32:[4];42:[0,1,2,4,5,6];43:[1,4,6];8:[1,4,6];4:[2,7];15:[0,2,4,5,6];19:[4];36:[0,1,2,4,5,6];1:[0,1,4,6];13:[4,6];7:[0,1,2,4,5,6,7];38:[4];34:[4];9:[4,5,6];48:[0,1,4,5,6];28:[0,4,6];2:[1,4,6];49:[4,6];16:[0,1,2,4,5,6,7];25:[0,4,6];35:[1,2,4,6];27:[4,5,6];26:[1,4,5,6];31:[4,6];11:[4];39:[0,1,2,4,5,6];14:[0,1,2,4,5,6];20:[0,4,5,6,7];24:[4,5,6];6:[4,6];21:[0,1,4,5,6];29:[0,1,2,4,5,6];23:[0,4,6];0:[0,1,2,4,5,6];47:[4,6];41:[0,1,4,5,6];22:[3,4];12:[1,4,5,6];17:[4];45:[4];5:[4,6];18:[0,1,4,5,6];44:[0,1,4,5,6];46:[1,4,5,6];37:[1,4,6];33:[0,1,4,5,6];3:[1,4,5,6];10:[0,1,4,5,6];40:[4,5,6];30:[0,1,2,4,5,6,7]","c32:bw=10,experts=[4]; c42:bw=63,experts=[0,1,2,4,5,6]; c43:bw=30,experts=[1,4,6]; c8:bw=34,experts=[1,4,6]; c4:bw=29,experts=[2,7]; c15:bw=50,experts=[0,2,4,5,6]; c19:bw=10,experts=[4]; c36:bw=61,experts=[0,1,2,4,5,6]; c1:bw=45,experts=[0,1,4,6]; c13:bw=28,experts=[4,6]; c7:bw=75,experts=[0,1,2,4,5,6,7]; c38:bw=10,experts=[4]; c34:bw=19,experts=[4]; c9:bw=37,experts=[4,5,6]; c48:bw=58,experts=[0,1,4,5,6]; c28:bw=36,experts=[0,4,6]; c2:bw=37,experts=[1,4,6]; c49:bw=28,experts=[4,6]; c16:bw=76,experts=[0,1,2,4,5,6,7]; c25:bw=36,experts=[0,4,6]; c35:bw=41,experts=[1,2,4,6]; c27:bw=31,experts=[4,5,6]; c26:bw=45,experts=[1,4,5,6]; c31:bw=29,experts=[4,6]; c11:bw=16,experts=[4]; c39:bw=61,experts=[0,1,2,4,5,6]; c14:bw=65,experts=[0,1,2,4,5,6]; c20:bw=56,experts=[0,4,5,6,7]; c24:bw=31,experts=[4,5,6]; c6:bw=20,experts=[4,6]; c21:bw=58,experts=[0,1,4,5,6]; c29:bw=68,experts=[0,1,2,4,5,6]; c23:bw=36,experts=[0,4,6]; c0:bw=66,experts=[0,1,2,4,5,6]; c47:bw=29,experts=[4,6]; c41:bw=54,experts=[0,1,4,5,6]; c22:bw=23,experts=[3,4]; c12:bw=40,experts=[1,4,5,6]; c17:bw=12,experts=[4]; c45:bw=16,experts=[4]; c5:bw=24,experts=[4,6]; c18:bw=54,experts=[0,1,4,5,6]; c44:bw=53,experts=[0,1,4,5,6]; c46:bw=42,experts=[1,4,5,6]; c37:bw=35,experts=[1,4,6]; c33:bw=51,experts=[0,1,4,5,6]; c3:bw=47,experts=[1,4,5,6]; c10:bw=56,experts=[0,1,4,5,6]; c40:bw=38,experts=[4,5,6]; c30:bw=70,experts=[0,1,2,4,5,6,7]","1.8986,1.5968,1.4003,1.3233,1.8552,1.3358,1.6106,1.3532,1.5759,1.3319,1.1574,1.1392,1.3783,1.6833,1.1614,1.4139,1.1679,3.6646,2.3983,2.8882,1.4836,1.7897,1.9059,1.7866,1.3186,1.6966,2.0547,1.8750,1.2318,1.8572,2.2027,1.9144,1.8706,0.8878,1.2012,0.9148,2.1250,1.1558,1.3317,2.3488,2.3458,1.5872,1.2645,1.3308,1.3987,1.7497,1.7396,1.5714,1.6762,1.6875"
45,2026-09-24 15:06:58,Ours,0.01,2.47818558378161,35.74,35.74,45,95.4589,1:35.46,82.415,11.6056,1.4279,4315.819,1:11:55.82,50,"44,19,30,6,45,17,16,37,8,23,0,47,40,26,9,7,2,48,32,34,49,13,1,29,21,12,42,31,43,18,10,3,46,39,15,38,20,5,22,41,35,14,36,33,4,11,24,25,28,27",44:41;19:67;30:21;6:10;45:26;17:10;16:54;37:21;8:55;23:42;0:36;47:54;40:58;26:22;9:25;7:36;2:49;48:10;32:79;34:32;49:60;13:53;1:56;29:50;21:58;12:61;42:16;31:52;43:33;18:16;10:42;3:67;46:71;39:28;15:33;38:44;20:52;5:44;22:37;41:12;35:43;14:41;36:24;33:61;4:64;11:53;24:13;25:32;28:21;27:10,"44:[1,2,4,6];19:[0,1,2,4,5,6];30:[4,6];6:[1];45:[4,6];17:[4];16:[0,1,4,5,6];37:[4,6];8:[0,1,4,5,6];23:[1,4,5,6];0:[4,5,6];47:[0,1,4,5,6];40:[0,1,4,5,6];26:[4,6];9:[4,6];7:[1,4,6];2:[1,4,5,6];48:[4];32:[0,1,2,4,5,6,7];34:[0,4,6];49:[0,1,2,4,5,6];13:[0,1,4,5,6];1:[0,1,4,5,6];29:[0,1,4,5,6];21:[1,3,4,5,6];12:[0,1,2,4,5,6];42:[4];31:[1,2,4,6,7];43:[1,4,6];18:[4];10:[0,1,4,6];3:[0,1,2,4,5,6];46:[0,1,2,4,5,6,7];39:[4,6];15:[4,6,7];38:[1,4,5,6];20:[0,1,4,5,6];5:[0,4,5,6];22:[1,4,6];41:[4];35:[0,4,5,6];14:[1,4,6,7];36:[4,6];33:[0,1,2,4,5,6];4:[0,1,2,4,5,6];11:[1,2,4,5,6];24:[2];25:[1,4,6];28:[4,6];27:[4]","c44:bw=41,experts=[1,2,4,6]; c19:bw=67,experts=[0,1,2,4,5,6]; c30:bw=21,experts=[4,6]; c6:bw=10,experts=[1]; c45:bw=26,experts=[4,6]; c17:bw=10,experts=[4]; c16:bw=54,experts=[0,1,4,5,6]; c37:bw=21,experts=[4,6]; c8:bw=55,experts=[0,1,4,5,6]; c23:bw=42,experts=[1,4,5,6]; c0:bw=36,experts=[4,5,6]; c47:bw=54,experts=[0,1,4,5,6]; c40:bw=58,experts=[0,1,4,5,6]; c26:bw=22,experts=[4,6]; c9:bw=25,experts=[4,6]; c7:bw=36,experts=[1,4,6]; c2:bw=49,experts=[1,4,5,6]; c48:bw=10,experts=[4]; c32:bw=79,experts=[0,1,2,4,5,6,7]; c34:bw=32,experts=[0,4,6]; c49:bw=60,experts=[0,1,2,4,5,6]; c13:bw=53,experts=[0,1,4,5,6]; c1:bw=56,experts=[0,1,4,5,6]; c29:bw=50,experts=[0,1,4,5,6]; c21:bw=58,experts=[1,3,4,5,6]; c12:bw=61,experts=[0,1,2,4,5,6]; c42:bw=16,experts=[4]; c31:bw=52,experts=[1,2,4,6,7]; c43:bw=33,experts=[1,4,6]; c18:bw=16,experts=[4]; c10:bw=42,experts=[0,1,4,6]; c3:bw=67,experts=[0,1,2,4,5,6]; c46:bw=71,experts=[0,1,2,4,5,6,7]; c39:bw=28,experts=[4,6]; c15:bw=33,experts=[4,6,7]; c38:bw=44,experts=[1,4,5,6]; c20:bw=52,experts=[0,1,4,5,6]; c5:bw=44,experts=[0,4,5,6]; c22:bw=37,experts=[1,4,6]; c41:bw=12,experts=[4]; c35:bw=43,experts=[0,4,5,6]; c14:bw=41,experts=[1,4,6,7]; c36:bw=24,experts=[4,6]; c33:bw=61,experts=[0,1,2,4,5,6]; c4:bw=64,experts=[0,1,2,4,5,6]; c11:bw=53,experts=[1,2,4,5,6]; c24:bw=13,experts=[2]; c25:bw=32,experts=[1,4,6]; c28:bw=21,experts=[4,6]; c27:bw=10,experts=[4]","1.2629,1.5892,1.6929,1.8594,2.3520,1.3733,2.4495,1.3934,1.3299,1.9198,0.9241,1.2227,1.6849,1.8410,1.6530,1.0801,1.1504,1.1806,1.9035,1.3697,3.6762,1.3317,1.5769,1.9359,2.1690,1.1920,1.5665,1.7843,1.3903,1.5403,1.5542,1.7327,1.3601,1.6676,1.3249,1.1664,1.9174,2.3787,2.0209,0.8642,1.4402,2.0397,1.3600,1.6908,1.8713,1.3454,1.2842,2.8329,1.3616,1.8061"
46,2026-09-24 15:08:33,Ours,0.01,2.4486653131757916,36.72,36.72,46,94.8656,1:34.87,82.0689,11.3471,1.4386,4410.7152,1:13:30.72,50,"26,5,28,40,13,10,11,22,32,38,46,29,44,2,1,33,36,42,37,18,17,43,4,16,15,30,7,31,24,34,23,9,14,45,25,8,27,39,20,21,12,0,49,3,19,35,47,41,48,6",26:48;5:41;28:11;40:48;13:50;10:59;11:38;22:31;32:52;38:63;46:46;29:10;44:50;2:57;1:41;33:58;36:61;42:33;37:19;18:44;17:15;43:40;4:64;16:28;15:14;30:63;7:28;31:24;24:30;34:64;23:37;9:37;14:39;45:35;25:20;8:39;27:22;39:24;20:50;21:32;12:53;0:55;49:49;3:27;19:10;35:38;47:57;41:63;48:31;6:39,"26:[1,4,5,6];5:[1,4,5,6];28:[3];40:[1,2,4,6];13:[0,1,2,4,6];10:[2,4,5,6,7];11:[0,4,6];22:[1,4,6];32:[0,1,4,5,6];38:[0,1,2,4,5,6];46:[0,1,4,6];29:[4];44:[0,1,4,5,6];2:[1,2,4,5,6];1:[0,1,4,6];33:[0,1,4,5,6];36:[0,1,2,4,5,6];42:[4,5,6];37:[4];18:[0,1,4,6];17:[4];43:[1,2,4,6];4:[0,1,2,4,5,6];16:[4,6];15:[4];30:[0,1,2,4,5,6];7:[4,6];31:[4,6];24:[1,4,6];34:[0,1,2,4,5,6];23:[0,4,6];9:[4,5,6];14:[1,4,6];45:[2,4,6];25:[4,5];8:[2,4,6];27:[4,6];39:[4,6];20:[0,1,4,5,6];21:[1,4,6];12:[0,1,4,5,6];0:[0,1,4,5,6];49:[1,4,5,6];3:[4,6];19:[4];35:[1,4,6];47:[0,1,4,5,6];41:[0,1,3,4,5,6];48:[0,4,6];6:[2,4,6]","c26:bw=48,experts=[1,4,5,6]; c5:bw=41,experts=[1,4,5,6]; c28:bw=11,experts=[3]; c40:bw=48,experts=[1,2,4,6]; c13:bw=50,experts=[0,1,2,4,6]; c10:bw=59,experts=[2,4,5,6,7]; c11:bw=38,experts=[0,4,6]; c22:bw=31,experts=[1,4,6]; c32:bw=52,experts=[0,1,4,5,6]; c38:bw=63,experts=[0,1,2,4,5,6]; c46:bw=46,experts=[0,1,4,6]; c29:bw=10,experts=[4]; c44:bw=50,experts=[0,1,4,5,6]; c2:bw=57,experts=[1,2,4,5,6]; c1:bw=41,experts=[0,1,4,6]; c33:bw=58,experts=[0,1,4,5,6]; c36:bw=61,experts=[0,1,2,4,5,6]; c42:bw=33,experts=[4,5,6]; c37:bw=19,experts=[4]; c18:bw=44,experts=[0,1,4,6]; c17:bw=15,experts=[4]; c43:bw=40,experts=[1,2,4,6]; c4:bw=64,experts=[0,1,2,4,5,6]; c16:bw=28,experts=[4,6]; c15:bw=14,experts=[4]; c30:bw=63,experts=[0,1,2,4,5,6]; c7:bw=28,experts=[4,6]; c31:bw=24,experts=[4,6]; c24:bw=30,experts=[1,4,6]; c34:bw=64,experts=[0,1,2,4,5,6]; c23:bw=37,experts=[0,4,6]; c9:bw=37,experts=[4,5,6]; c14:bw=39,experts=[1,4,6]; c45:bw=35,experts=[2,4,6]; c25:bw=20,experts=[4,5]; c8:bw=39,experts=[2,4,6]; c27:bw=22,experts=[4,6]; c39:bw=24,experts=[4,6]; c20:bw=50,experts=[0,1,4,5,6]; c21:bw=32,experts=[1,4,6]; c12:bw=53,experts=[0,1,4,5,6]; c0:bw=55,experts=[0,1,4,5,6]; c49:bw=49,experts=[1,4,5,6]; c3:bw=27,experts=[4,6]; c19:bw=10,experts=[4]; c35:bw=38,experts=[1,4,6]; c47:bw=57,experts=[0,1,4,5,6]; c41:bw=63,experts=[0,1,3,4,5,6]; c48:bw=31,experts=[0,4,6]; c6:bw=39,experts=[2,4,6]","1.9144,2.3869,1.3861,1.6656,1.3395,1.5617,1.2974,2.0074,1.8385,1.1996,1.3136,1.8533,1.2395,1.1383,1.5853,1.7022,1.3813,1.6123,1.4101,1.5914,1.3792,1.4111,1.8926,2.4238,1.3366,1.7151,1.1160,1.7609,1.2175,1.3897,1.8013,1.6692,2.0263,2.2939,2.8291,1.3037,1.7827,1.6643,1.8950,2.1498,1.1528,0.8880,3.6991,1.7258,1.5702,1.4676,1.1875,0.8985,1.1323,1.8650"
47,2026-09-24 15:10:08,Ours,0.01,2.4812923028501275,36.44,36.72,46,95.0332,1:35.03,82.3393,11.27,1.4136,4505.7787,1:15:05.78,50,"44,35,25,19,41,28,11,15,26,30,45,0,4,7,32,22,46,23,29,5,3,18,37,43,40,48,38,33,47,39,2,17,49,42,1,24,12,13,8,9,10,31,6,27,34,14,36,21,16,20",44:49;35:36;25:23;19:28;41:10;28:34;11:39;15:42;26:10;30:34;45:45;0:46;4:10;7:53;32:28;22:63;46:29;23:10;29:11;5:52;3:70;18:10;37:10;43:22;40:16;48:73;38:10;33:39;47:52;39:41;2:54;17:20;49:21;42:57;1:30;24:40;12:15;13:33;8:39;9:17;10:51;31:52;6:22;27:48;34:23;14:24;36:50;21:45;16:68;20:53,"44:[1,4,5,6];35:[1,4,6];25:[4,6];19:[4,6];41:[4];28:[2,4,6];11:[4,5,6];15:[1,4,5,6];26:[2];30:[4,5,6];45:[1,4,5,6];0:[1,4,5,6];4:[4];7:[0,1,4,5,6];32:[4,6];22:[0,1,2,4,5,6];46:[4,6];23:[3];29:[4];5:[0,1,3,4,6];3:[0,1,2,4,5,6,7];18:[4];37:[2];43:[4,7];40:[4];48:[0,1,2,4,5,6,7];38:[4];33:[1,4,6];47:[0,1,4,5,6];39:[1,4,5,6];2:[0,1,4,5,6];17:[2,7];49:[4,6];42:[0,1,4,5,6];1:[1,4,6];24:[1,4,6,7];12:[4];13:[0,4,6];8:[1,4,6];9:[4];10:[0,1,4,5,6];31:[0,1,4,5,6];6:[4,5];27:[1,4,5,6];34:[4,6];14:[4,6];36:[0,1,4,5,6];21:[1,4,5,6];16:[0,1,2,4,5,6];20:[1,2,4,5,6]","c44:bw=49,experts=[1,4,5,6]; c35:bw=36,experts=[1,4,6]; c25:bw=23,experts=[4,6]; c19:bw=28,experts=[4,6]; c41:bw=10,experts=[4]; c28:bw=34,experts=[2,4,6]; c11:bw=39,experts=[4,5,6]; c15:bw=42,experts=[1,4,5,6]; c26:bw=10,experts=[2]; c30:bw=34,experts=[4,5,6]; c45:bw=45,experts=[1,4,5,6]; c0:bw=46,experts=[1,4,5,6]; c4:bw=10,experts=[4]; c7:bw=53,experts=[0,1,4,5,6]; c32:bw=28,experts=[4,6]; c22:bw=63,experts=[0,1,2,4,5,6]; c46:bw=29,experts=[4,6]; c23:bw=10,experts=[3]; c29:bw=11,experts=[4]; c5:bw=52,experts=[0,1,3,4,6]; c3:bw=70,experts=[0,1,2,4,5,6,7]; c18:bw=10,experts=[4]; c37:bw=10,experts=[2]; c43:bw=22,experts=[4,7]; c40:bw=16,experts=[4]; c48:bw=73,experts=[0,1,2,4,5,6,7]; c38:bw=10,experts=[4]; c33:bw=39,experts=[1,4,6]; c47:bw=52,experts=[0,1,4,5,6]; c39:bw=41,experts=[1,4,5,6]; c2:bw=54,experts=[0,1,4,5,6]; c17:bw=20,experts=[2,7]; c49:bw=21,experts=[4,6]; c42:bw=57,experts=[0,1,4,5,6]; c1:bw=30,experts=[1,4,6]; c24:bw=40,experts=[1,4,6,7]; c12:bw=15,experts=[4]; c13:bw=33,experts=[0,4,6]; c8:bw=39,experts=[1,4,6]; c9:bw=17,experts=[4]; c10:bw=51,experts=[0,1,4,5,6]; c31:bw=52,experts=[0,1,4,5,6]; c6:bw=22,experts=[4,5]; c27:bw=48,experts=[1,4,5,6]; c34:bw=23,experts=[4,6]; c14:bw=24,experts=[4,6]; c36:bw=50,experts=[0,1,4,5,6]; c21:bw=45,experts=[1,4,5,6]; c16:bw=68,experts=[0,1,2,4,5,6]; c20:bw=53,experts=[1,2,4,5,6]","1.2581,1.4768,2.9032,1.5717,0.9081,1.4158,1.3389,1.3611,1.8838,1.7145,2.3751,0.8697,1.8163,1.1176,1.9104,1.9831,1.3327,1.8588,1.9071,2.3911,1.7296,1.5465,1.3811,1.4591,1.6230,1.1525,1.1418,1.6932,1.2356,1.6957,1.1564,1.3636,3.6162,1.5229,1.4965,1.2507,1.1342,1.3444,1.3016,1.6121,1.5274,1.8121,1.8903,1.8341,1.4273,2.0370,1.3576,2.1947,2.4734,1.9348"
48,2026-09-24 15:11:43,Ours,0.01,2.512447287525742,36.99,36.99,48,95.5616,1:35.56,82.5643,11.5563,1.4307,4601.3748,1:16:41.37,50,"10,8,34,44,0,17,13,24,42,32,23,6,39,46,45,18,30,33,27,28,9,15,14,12,48,3,25,11,38,41,19,29,35,16,36,22,49,5,21,40,2,47,37,7,20,31,26,43,4,1",10:12;8:50;34:44;44:10;0:16;17:38;13:50;24:59;42:57;32:10;23:49;6:45;39:64;46:58;45:58;18:62;30:66;33:26;27:61;28:10;9:52;15:64;14:10;12:31;48:52;3:18;25:17;11:32;38:55;41:32;19:45;29:49;35:10;16:10;36:63;22:35;49:43;5:55;21:44;40:33;2:57;47:42;37:37;7:62;20:53;31:51;26:34;43:61;4:67;1:50,"10:[3];8:[1,3,4,5,6];34:[1,3,4,6];44:[3];0:[3];17:[3,4,6];13:[1,3,4,6,7];24:[0,1,3,4,6];42:[0,1,3,4,6];32:[3];23:[1,4,5,6];6:[3,4,6,7];39:[0,1,4,5,6,7];46:[0,1,3,4,6];45:[1,3,4,5,6];18:[0,1,2,3,4,6];30:[0,1,2,4,5,6];33:[4,7];27:[1,3,4,5,6,7];28:[7];9:[3,4,5,6,7];15:[0,1,3,4,5,6];14:[3];12:[4,6,7];48:[0,1,4,5,6];3:[3];25:[3];11:[3,4,6];38:[0,1,3,4,6];41:[4,6,7];19:[3,4,6,7];29:[3,4,6,7];35:[3];16:[3];36:[0,1,3,4,6,7];22:[4,6,7];49:[3,4,6,7];5:[1,4,5,6,7];21:[1,4,6,7];40:[3,4,7];2:[1,3,4,6,7];47:[0,3,4,6];37:[3,4,7];7:[0,1,3,4,5,6];20:[1,3,4,5,6];31:[0,1,3,4,6];26:[3,4,6];43:[0,1,3,4,5,6];4:[0,1,3,4,5,6];1:[1,3,4,5,6]","c10:bw=12,experts=[3]; c8:bw=50,experts=[1,3,4,5,6]; c34:bw=44,experts=[1,3,4,6]; c44:bw=10,experts=[3]; c0:bw=16,experts=[3]; c17:bw=38,experts=[3,4,6]; c13:bw=50,experts=[1,3,4,6,7]; c24:bw=59,experts=[0,1,3,4,6]; c42:bw=57,experts=[0,1,3,4,6]; c32:bw=10,experts=[3]; c23:bw=49,experts=[1,4,5,6]; c6:bw=45,experts=[3,4,6,7]; c39:bw=64,experts=[0,1,4,5,6,7]; c46:bw=58,experts=[0,1,3,4,6]; c45:bw=58,experts=[1,3,4,5,6]; c18:bw=62,experts=[0,1,2,3,4,6]; c30:bw=66,experts=[0,1,2,4,5,6]; c33:bw=26,experts=[4,7]; c27:bw=61,experts=[1,3,4,5,6,7]; c28:bw=10,experts=[7]; c9:bw=52,experts=[3,4,5,6,7]; c15:bw=64,experts=[0,1,3,4,5,6]; c14:bw=10,experts=[3]; c12:bw=31,experts=[4,6,7]; c48:bw=52,experts=[0,1,4,5,6]; c3:bw=18,experts=[3]; c25:bw=17,experts=[3]; c11:bw=32,experts=[3,4,6]; c38:bw=55,experts=[0,1,3,4,6]; c41:bw=32,experts=[4,6,7]; c19:bw=45,experts=[3,4,6,7]; c29:bw=49,experts=[3,4,6,7]; c35:bw=10,experts=[3]; c16:bw=10,experts=[3]; c36:bw=63,experts=[0,1,3,4,6,7]; c22:bw=35,experts=[4,6,7]; c49:bw=43,experts=[3,4,6,7]; c5:bw=55,experts=[1,4,5,6,7]; c21:bw=44,experts=[1,4,6,7]; c40:bw=33,experts=[3,4,7]; c2:bw=57,experts=[1,3,4,6,7]; c47:bw=42,experts=[0,3,4,6]; c37:bw=37,experts=[3,4,7]; c7:bw=62,experts=[0,1,3,4,5,6]; c20:bw=53,experts=[1,3,4,5,6]; c31:bw=51,experts=[0,1,3,4,6]; c26:bw=34,experts=[3,4,6]; c43:bw=61,experts=[0,1,3,4,5,6]; c4:bw=67,experts=[0,1,3,4,5,6]; c1:bw=50,experts=[1,3,4,5,6]","1.5427,1.3538,1.4478,1.2626,0.9048,1.4042,1.3517,1.3027,1.5965,1.9243,1.8997,1.9045,1.7140,1.3501,2.3839,1.6099,1.6991,1.7130,1.7947,1.3790,1.7088,1.3394,2.0529,1.1681,1.1554,1.6989,2.8246,1.3694,1.1669,0.8917,1.5593,1.8906,1.4120,2.3866,1.3574,2.0143,3.5939,2.3430,2.1677,1.6283,1.1357,1.2105,1.3846,1.1344,1.8608,1.8046,1.9007,1.3974,1.8791,1.5882"
49,2026-09-24 15:13:19,Ours,0.01,2.42609361000837,37.53,37.53,49,95.132,1:35.13,82.2993,11.3725,1.455,4696.5384,1:18:16.54,50,"12,6,16,41,28,45,39,18,29,43,36,47,27,40,9,23,4,14,30,25,48,46,3,34,49,2,10,0,8,24,26,44,20,1,22,42,35,13,33,37,11,15,32,31,38,7,17,21,5,19",12:37;6:13;16:30;41:36;28:48;45:33;39:33;18:32;29:16;43:25;36:40;47:43;27:41;40:55;9:53;23:10;4:48;14:58;30:47;25:58;48:13;46:28;3:32;34:57;49:53;2:58;10:64;0:20;8:26;24:21;26:17;44:28;20:16;1:54;22:29;42:43;35:50;13:39;33:45;37:58;11:38;15:42;32:53;31:63;38:49;7:44;17:30;21:10;5:56;19:10,"12:[3,4,6];6:[4];16:[0,4,6];41:[4,5,6];28:[0,1,4,6];45:[4,6,7];39:[1,4,6];18:[4,6,7];29:[4];43:[4,6];36:[1,4,5,6];47:[2,4,6,7];27:[1,4,5,6];40:[0,1,4,5,6];9:[0,1,4,5,6];23:[2];4:[1,4,5,6];14:[0,1,4,5,6];30:[1,4,5,6];25:[1,4,5,6,7];48:[4];46:[4,6];3:[1,4,6];34:[1,4,5,6,7];49:[0,1,4,5,6];2:[0,1,4,5,6];10:[0,1,2,4,5,6];0:[4,7];8:[4,7];24:[4,6];26:[7];44:[4,7];20:[4];1:[0,1,4,6,7];22:[4,6];42:[4,5,6,7];35:[0,1,4,6,7];13:[1,4,6];33:[1,4,5,6];37:[0,1,4,5,6];11:[4,6,7];15:[1,4,5,6];32:[0,1,4,5,6];31:[0,1,2,4,5,6];38:[1,4,6,7];7:[0,1,4,6];17:[0,4,6];21:[2];5:[0,1,2,4,6];19:[4]","c12:bw=37,experts=[3,4,6]; c6:bw=13,experts=[4]; c16:bw=30,experts=[0,4,6]; c41:bw=36,experts=[4,5,6]; c28:bw=48,experts=[0,1,4,6]; c45:bw=33,experts=[4,6,7]; c39:bw=33,experts=[1,4,6]; c18:bw=32,experts=[4,6,7]; c29:bw=16,experts=[4]; c43:bw=25,experts=[4,6]; c36:bw=40,experts=[1,4,5,6]; c47:bw=43,experts=[2,4,6,7]; c27:bw=41,experts=[1,4,5,6]; c40:bw=55,experts=[0,1,4,5,6]; c9:bw=53,experts=[0,1,4,5,6]; c23:bw=10,experts=[2]; c4:bw=48,experts=[1,4,5,6]; c14:bw=58,experts=[0,1,4,5,6]; c30:bw=47,experts=[1,4,5,6]; c25:bw=58,experts=[1,4,5,6,7]; c48:bw=13,experts=[4]; c46:bw=28,experts=[4,6]; c3:bw=32,experts=[1,4,6]; c34:bw=57,experts=[1,4,5,6,7]; c49:bw=53,experts=[0,1,4,5,6]; c2:bw=58,experts=[0,1,4,5,6]; c10:bw=64,experts=[0,1,2,4,5,6]; c0:bw=20,experts=[4,7]; c8:bw=26,experts=[4,7]; c24:bw=21,experts=[4,6]; c26:bw=17,experts=[7]; c44:bw=28,experts=[4,7]; c20:bw=16,experts=[4]; c1:bw=54,experts=[0,1,4,6,7]; c22:bw=29,experts=[4,6]; c42:bw=43,experts=[4,5,6,7]; c35:bw=50,experts=[0,1,4,6,7]; c13:bw=39,experts=[1,4,6]; c33:bw=45,experts=[1,4,5,6]; c37:bw=58,experts=[0,1,4,5,6]; c11:bw=38,experts=[4,6,7]; c15:bw=42,experts=[1,4,5,6]; c32:bw=53,experts=[0,1,4,5,6]; c31:bw=63,experts=[0,1,2,4,5,6]; c38:bw=49,experts=[1,4,6,7]; c7:bw=44,experts=[0,1,4,6]; c17:bw=30,experts=[0,4,6]; c21:bw=10,experts=[2]; c5:bw=56,experts=[0,1,2,4,6]; c19:bw=10,experts=[4]","1.1666,1.8926,2.3927,0.8779,1.3763,2.3680,1.6843,1.5856,1.8967,1.4073,1.3692,1.2299,1.7939,1.6903,1.7116,1.7892,1.8150,2.0737,1.6996,2.8901,1.1296,1.3315,1.7294,1.4205,3.6850,1.1616,1.5382,0.9067,1.3502,1.2872,1.8626,1.2639,1.8766,1.4690,1.9560,1.5842,1.4916,1.3241,1.7052,1.3787,1.2724,1.3214,1.9304,1.8122,1.1679,1.1548,1.3653,2.1588,2.3925,1.5615"
50,2026-09-24 15:14:54,Ours,0.01,2.3851730292674715,38.31,38.31,50,95.1653,1:35.17,82.6883,11.0341,1.4377,4791.7375,1:19:51.74,50,"6,28,18,10,36,25,43,16,23,47,11,33,46,31,37,4,7,41,12,5,48,22,2,38,27,21,15,29,0,39,30,3,32,35,42,24,9,40,19,49,17,45,44,26,1,34,20,14,8,13",6:68;28:35;18:44;10:23;36:50;25:32;43:10;16:27;23:41;47:23;11:57;33:48;46:13;31:34;37:59;4:10;7:34;41:42;12:34;5:31;48:47;22:16;2:63;38:37;27:57;21:17;15:31;29:62;0:29;39:39;30:43;3:39;32:28;35:26;42:46;24:43;9:27;40:10;19:43;49:23;17:33;45:42;44:31;26:56;1:64;34:35;20:46;14:23;8:32;13:37,"6:[0,1,2,4,5,6];28:[4,5,6];18:[0,4,5,6];10:[4,6];36:[0,1,4,5,6];25:[2,4,6];43:[4];16:[4,6];23:[0,1,4,6];47:[4,6];11:[0,1,4,5,6];33:[1,4,5,6];46:[4];31:[1,4,6];37:[0,1,4,5,6];4:[4];7:[1,4,6];41:[0,4,5,6];12:[4,5,6];5:[1,4,6];48:[1,3,4,6];22:[4];2:[0,1,2,4,5,6];38:[4,5,6];27:[0,1,4,5,6];21:[4];15:[0,4,6];29:[0,1,2,4,5,6];0:[4,6];39:[0,4,6];30:[0,3,4,6];3:[1,4,6];32:[4,6];35:[4,6];42:[0,4,5,6];24:[1,4,5,6];9:[2,4];40:[4];19:[1,4,5,6];49:[4,6];17:[4,5,6];45:[1,4,5,6];44:[0,4,6];26:[0,1,4,5,6];1:[0,1,2,4,5,6];34:[0,4,6];20:[1,4,5,6];14:[4,6];8:[1,4,6];13:[4,5,6]","c6:bw=68,experts=[0,1,2,4,5,6]; c28:bw=35,experts=[4,5,6]; c18:bw=44,experts=[0,4,5,6]; c10:bw=23,experts=[4,6]; c36:bw=50,experts=[0,1,4,5,6]; c25:bw=32,experts=[2,4,6]; c43:bw=10,experts=[4]; c16:bw=27,experts=[4,6]; c23:bw=41,experts=[0,1,4,6]; c47:bw=23,experts=[4,6]; c11:bw=57,experts=[0,1,4,5,6]; c33:bw=48,experts=[1,4,5,6]; c46:bw=13,experts=[4]; c31:bw=34,experts=[1,4,6]; c37:bw=59,experts=[0,1,4,5,6]; c4:bw=10,experts=[4]; c7:bw=34,experts=[1,4,6]; c41:bw=42,experts=[0,4,5,6]; c12:bw=34,experts=[4,5,6]; c5:bw=31,experts=[1,4,6]; c48:bw=47,experts=[1,3,4,6]; c22:bw=16,experts=[4]; c2:bw=63,experts=[0,1,2,4,5,6]; c38:bw=37,experts=[4,5,6]; c27:bw=57,experts=[0,1,4,5,6]; c21:bw=17,experts=[4]; c15:bw=31,experts=[0,4,6]; c29:bw=62,experts=[0,1,2,4,5,6]; c0:bw=29,experts=[4,6]; c39:bw=39,experts=[0,4,6]; c30:bw=43,experts=[0,3,4,6]; c3:bw=39,experts=[1,4,6]; c32:bw=28,experts=[4,6]; c35:bw=26,experts=[4,6]; c42:bw=46,experts=[0,4,5,6]; c24:bw=43,experts=[1,4,5,6]; c9:bw=27,experts=[2,4]; c40:bw=10,experts=[4]; c19:bw=43,experts=[1,4,5,6]; c49:bw=23,experts=[4,6]; c17:bw=33,experts=[4,5,6]; c45:bw=42,experts=[1,4,5,6]; c44:bw=31,experts=[0,4,6]; c26:bw=56,experts=[0,1,4,5,6]; c1:bw=64,experts=[0,1,2,4,5,6]; c34:bw=35,experts=[0,4,6]; c20:bw=46,experts=[1,4,5,6]; c14:bw=23,experts=[4,6]; c8:bw=32,experts=[1,4,6]; c13:bw=37,experts=[4,5,6]","1.8884,1.4077,1.5955,1.4994,1.4488,2.8737,1.4186,2.4203,1.8904,1.2522,1.3735,1.7037,1.3290,1.8121,1.4043,1.8689,1.1458,0.9044,1.1839,2.3575,1.1817,2.0568,1.1548,1.1845,1.8042,2.2163,1.3320,1.8911,0.8979,1.6787,1.7025,1.7221,1.8656,1.4753,1.5871,1.2856,1.6892,1.6451,1.5777,3.6085,1.3788,2.3931,1.2468,1.8602,1.5678,1.3709,1.8604,2.0345,1.3173,1.3238"
51,2026-09-24 15:16:29,Ours,0.01,2.389791824662216,38.19,38.31,50,95.0603,1:35.06,82.4863,11.1168,1.4458,4886.8311,1:21:26.83,50,"25,12,11,40,46,45,21,41,42,35,26,2,17,19,43,31,5,23,38,48,16,7,28,44,3,0,32,15,6,37,13,29,27,36,20,34,39,47,22,8,14,49,10,1,24,9,33,18,4,30",25:53;12:43;11:60;40:44;46:12;45:45;21:14;41:27;42:34;35:34;26:31;2:20;17:43;19:10;43:59;31:51;5:47;23:38;38:67;48:70;16:30;7:27;28:51;44:34;3:55;0:53;32:42;15:57;6:52;37:46;13:40;29:44;27:10;36:60;20:30;34:59;39:39;47:56;22:22;8:46;14:30;49:27;10:37;1:21;24:54;9:18;33:12;18:37;4:11;30:21,"25:[0,1,2,4,6];12:[1,4,5,6];11:[0,1,2,4,5,6];40:[1,4,5,6];46:[4];45:[0,1,4,6];21:[4];41:[2,4];42:[4,5,6];35:[1,4,6];26:[1,4,6];2:[4,6];17:[1,4,5,6];19:[4];43:[0,1,4,5,6];31:[0,1,4,5,6];5:[0,1,4,6];23:[4,6,7];38:[0,1,2,4,5,6];48:[0,1,2,3,4,5,6];16:[0,4,6];7:[4,6];28:[0,1,4,5,6];44:[1,4,6];3:[0,1,2,4,6];0:[0,1,4,5,6];32:[0,4,5,6];15:[0,1,4,5,6];6:[0,1,4,5,6];37:[1,4,5,6];13:[1,4,5,6];29:[1,4,5,6];27:[2];36:[0,1,2,4,5,6];20:[1,4,6];34:[0,1,4,5,6];39:[3,4,6];47:[0,1,4,5,6];22:[4,6];8:[0,1,4,6];14:[1,4,6];49:[4,6];10:[1,4,6];1:[4,6];24:[0,1,4,5,6];9:[4];33:[3];18:[1,4,6];4:[4];30:[4,6]","c25:bw=53,experts=[0,1,2,4,6]; c12:bw=43,experts=[1,4,5,6]; c11:bw=60,experts=[0,1,2,4,5,6]; c40:bw=44,experts=[1,4,5,6]; c46:bw=12,experts=[4]; c45:bw=45,experts=[0,1,4,6]; c21:bw=14,experts=[4]; c41:bw=27,experts=[2,4]; c42:bw=34,experts=[4,5,6]; c35:bw=34,experts=[1,4,6]; c26:bw=31,experts=[1,4,6]; c2:bw=20,experts=[4,6]; c17:bw=43,experts=[1,4,5,6]; c19:bw=10,experts=[4]; c43:bw=59,experts=[0,1,4,5,6]; c31:bw=51,experts=[0,1,4,5,6]; c5:bw=47,experts=[0,1,4,6]; c23:bw=38,experts=[4,6,7]; c38:bw=67,experts=[0,1,2,4,5,6]; c48:bw=70,experts=[0,1,2,3,4,5,6]; c16:bw=30,experts=[0,4,6]; c7:bw=27,experts=[4,6]; c28:bw=51,experts=[0,1,4,5,6]; c44:bw=34,experts=[1,4,6]; c3:bw=55,experts=[0,1,2,4,6]; c0:bw=53,experts=[0,1,4,5,6]; c32:bw=42,experts=[0,4,5,6]; c15:bw=57,experts=[0,1,4,5,6]; c6:bw=52,experts=[0,1,4,5,6]; c37:bw=46,experts=[1,4,5,6]; c13:bw=40,experts=[1,4,5,6]; c29:bw=44,experts=[1,4,5,6]; c27:bw=10,experts=[2]; c36:bw=60,experts=[0,1,2,4,5,6]; c20:bw=30,experts=[1,4,6]; c34:bw=59,experts=[0,1,4,5,6]; c39:bw=39,experts=[3,4,6]; c47:bw=56,experts=[0,1,4,5,6]; c22:bw=22,experts=[4,6]; c8:bw=46,experts=[0,1,4,6]; c14:bw=30,experts=[1,4,6]; c49:bw=27,experts=[4,6]; c10:bw=37,experts=[1,4,6]; c1:bw=21,experts=[4,6]; c24:bw=54,experts=[0,1,4,5,6]; c9:bw=18,experts=[4]; c33:bw=12,experts=[3]; c18:bw=37,experts=[1,4,6]; c4:bw=11,experts=[4]; c30:bw=21,experts=[4,6]","2.8914,1.1447,1.3314,1.6515,1.3596,2.3863,2.1406,0.8921,1.5748,1.5372,1.8989,1.1584,1.4063,1.5975,1.4253,1.8381,2.3938,1.8451,1.1529,1.1416,2.4339,1.0899,1.4083,1.2822,1.7253,0.9185,1.9081,1.3180,1.8679,1.3821,1.3003,1.9535,1.7367,1.3344,1.9078,1.4225,1.6754,1.2086,2.0399,1.3043,2.0018,3.6254,1.5477,1.5639,1.2794,1.6745,1.7002,1.6043,1.8499,1.6538"
52,2026-09-24 15:18:04,Ours,0.01,2.3723353052604725,39.31,39.31,52,94.6455,1:34.65,82.0383,11.1823,1.4139,4981.51,1:23:01.51,50,"21,23,6,28,49,24,46,32,11,27,13,18,40,39,33,41,44,5,8,2,7,35,15,29,1,3,47,34,43,19,36,30,10,16,31,17,42,25,45,12,0,4,38,22,9,48,14,37,20,26",21:45;23:10;6:51;28:35;49:53;24:35;46:44;32:31;11:60;27:40;13:23;18:49;40:11;39:36;33:46;41:43;44:57;5:24;8:18;2:29;7:34;35:33;15:31;29:43;1:40;3:43;47:51;34:31;43:60;19:46;36:18;30:23;10:31;16:59;31:53;17:19;42:45;25:62;45:48;12:10;0:46;4:33;38:51;22:21;9:31;48:68;14:42;37:25;20:10;26:52,"21:[0,1,4,6];23:[4];6:[0,1,4,5,6];28:[1,4,6];49:[0,1,4,5,6];24:[1,4,6];46:[1,4,5,6];32:[0,4,6];11:[0,1,2,4,5,6];27:[1,4,5,6];13:[4,6];18:[1,4,5,6];40:[4];39:[2,4,6];33:[1,4,5,6];41:[1,4,5,6];44:[0,1,4,5,6];5:[4,6];8:[4];2:[4,6];7:[2,4,7];35:[2,4,6];15:[2,4,6];29:[1,4,5,6];1:[1,4,5,6];3:[1,4,5,6];47:[0,1,4,5,6];34:[1,4,6];43:[0,1,2,4,5,6];19:[1,4,5,6];36:[4];30:[4,7];10:[1,4,6];16:[0,1,4,6,7];31:[0,1,4,5,6];17:[4];42:[2,4,5,6];25:[0,1,2,4,5,6];45:[1,4,5,6];12:[4];0:[1,2,4,6];4:[4,6,7];38:[0,1,4,5,6];22:[3,4];9:[4,5,6];48:[0,1,2,4,5,6];14:[1,2,4,6];37:[4,6];20:[7];26:[0,1,4,5,6]","c21:bw=45,experts=[0,1,4,6]; c23:bw=10,experts=[4]; c6:bw=51,experts=[0,1,4,5,6]; c28:bw=35,experts=[1,4,6]; c49:bw=53,experts=[0,1,4,5,6]; c24:bw=35,experts=[1,4,6]; c46:bw=44,experts=[1,4,5,6]; c32:bw=31,experts=[0,4,6]; c11:bw=60,experts=[0,1,2,4,5,6]; c27:bw=40,experts=[1,4,5,6]; c13:bw=23,experts=[4,6]; c18:bw=49,experts=[1,4,5,6]; c40:bw=11,experts=[4]; c39:bw=36,experts=[2,4,6]; c33:bw=46,experts=[1,4,5,6]; c41:bw=43,experts=[1,4,5,6]; c44:bw=57,experts=[0,1,4,5,6]; c5:bw=24,experts=[4,6]; c8:bw=18,experts=[4]; c2:bw=29,experts=[4,6]; c7:bw=34,experts=[2,4,7]; c35:bw=33,experts=[2,4,6]; c15:bw=31,experts=[2,4,6]; c29:bw=43,experts=[1,4,5,6]; c1:bw=40,experts=[1,4,5,6]; c3:bw=43,experts=[1,4,5,6]; c47:bw=51,experts=[0,1,4,5,6]; c34:bw=31,experts=[1,4,6]; c43:bw=60,experts=[0,1,2,4,5,6]; c19:bw=46,experts=[1,4,5,6]; c36:bw=18,experts=[4]; c30:bw=23,experts=[4,7]; c10:bw=31,experts=[1,4,6]; c16:bw=59,experts=[0,1,4,6,7]; c31:bw=53,experts=[0,1,4,5,6]; c17:bw=19,experts=[4]; c42:bw=45,experts=[2,4,5,6]; c25:bw=62,experts=[0,1,2,4,5,6]; c45:bw=48,experts=[1,4,5,6]; c12:bw=10,experts=[4]; c0:bw=46,experts=[1,2,4,6]; c4:bw=33,experts=[4,6,7]; c38:bw=51,experts=[0,1,4,5,6]; c22:bw=21,experts=[3,4]; c9:bw=31,experts=[4,5,6]; c48:bw=68,experts=[0,1,2,4,5,6]; c14:bw=42,experts=[1,2,4,6]; c37:bw=25,experts=[4,6]; c20:bw=10,experts=[7]; c26:bw=52,experts=[0,1,4,5,6]","2.1942,1.8864,1.8544,1.4071,3.7124,1.2890,1.3372,1.9167,1.3251,1.7942,1.2885,1.5458,1.5752,1.6613,1.7121,0.8967,1.2817,2.3140,1.2819,1.1214,1.0733,1.4639,1.3396,1.9120,1.5746,1.7522,1.2160,1.4411,1.3883,1.5826,1.3388,1.6635,1.4716,2.3584,1.7727,1.3483,1.5471,2.8362,2.3844,1.1574,0.8767,1.8590,1.1813,2.0370,1.6886,1.1768,2.0276,1.3984,1.8842,1.8913"
53,2026-09-24 15:19:39,Ours,0.01,2.35979536139092,39.34,39.34,53,94.9559,1:34.96,82.3715,11.1468,1.4275,5076.5008,1:24:36.50,50,"46,40,15,26,1,37,5,8,19,49,11,17,6,42,47,25,3,13,28,34,48,2,36,29,44,45,32,24,30,12,41,35,38,0,31,4,18,23,22,16,14,43,21,7,33,10,27,20,39,9",46:61;40:13;15:27;26:39;1:59;37:20;5:44;8:22;19:10;49:14;11:11;17:28;6:36;42:42;47:22;25:44;3:47;13:10;28:66;34:32;48:14;2:51;36:56;29:46;44:47;45:51;32:55;24:37;30:48;12:45;41:33;35:38;38:32;0:39;31:49;4:28;18:17;23:10;22:10;16:44;14:34;43:28;21:37;7:44;33:33;10:52;27:58;20:62;39:57;9:61,"46:[1,2,4,5,6,7];40:[4];15:[4,7];26:[4,5,6];1:[0,1,4,5,6];37:[4,6];5:[1,4,5,6];8:[4,6];19:[0];49:[2];11:[4];17:[4,6];6:[0,4,6];42:[0,4,5,6];47:[4,6];25:[0,1,4,6];3:[1,4,5,6];13:[4];28:[0,1,2,4,5,6];34:[0,4,6];48:[4];2:[0,1,4,5,6];36:[0,1,4,5,6];29:[1,4,5,6];44:[1,2,4,6];45:[0,1,4,5,6];32:[0,2,4,6,7];24:[2,4,6];30:[1,4,5,6];12:[2,4,5,6];41:[0,4,6];35:[4,5,6];38:[1,4,6];0:[1,4,6];31:[1,4,6,7];4:[4,6];18:[4];23:[4];22:[4];16:[0,1,4,6];14:[4,6,7];43:[4,6];21:[3,4,6];7:[1,4,5,6];33:[2,4,6];10:[0,1,4,5,6];27:[0,1,4,5,6];20:[0,1,2,4,5,6];39:[0,1,4,5,6];9:[0,1,2,4,5,6]","c46:bw=61,experts=[1,2,4,5,6,7]; c40:bw=13,experts=[4]; c15:bw=27,experts=[4,7]; c26:bw=39,experts=[4,5,6]; c1:bw=59,experts=[0,1,4,5,6]; c37:bw=20,experts=[4,6]; c5:bw=44,experts=[1,4,5,6]; c8:bw=22,experts=[4,6]; c19:bw=10,experts=[0]; c49:bw=14,experts=[2]; c11:bw=11,experts=[4]; c17:bw=28,experts=[4,6]; c6:bw=36,experts=[0,4,6]; c42:bw=42,experts=[0,4,5,6]; c47:bw=22,experts=[4,6]; c25:bw=44,experts=[0,1,4,6]; c3:bw=47,experts=[1,4,5,6]; c13:bw=10,experts=[4]; c28:bw=66,experts=[0,1,2,4,5,6]; c34:bw=32,experts=[0,4,6]; c48:bw=14,experts=[4]; c2:bw=51,experts=[0,1,4,5,6]; c36:bw=56,experts=[0,1,4,5,6]; c29:bw=46,experts=[1,4,5,6]; c44:bw=47,experts=[1,2,4,6]; c45:bw=51,experts=[0,1,4,5,6]; c32:bw=55,experts=[0,2,4,6,7]; c24:bw=37,experts=[2,4,6]; c30:bw=48,experts=[1,4,5,6]; c12:bw=45,experts=[2,4,5,6]; c41:bw=33,experts=[0,4,6]; c35:bw=38,experts=[4,5,6]; c38:bw=32,experts=[1,4,6]; c0:bw=39,experts=[1,4,6]; c31:bw=49,experts=[1,4,6,7]; c4:bw=28,experts=[4,6]; c18:bw=17,experts=[4]; c23:bw=10,experts=[4]; c22:bw=10,experts=[4]; c16:bw=44,experts=[0,1,4,6]; c14:bw=34,experts=[4,6,7]; c43:bw=28,experts=[4,6]; c21:bw=37,experts=[3,4,6]; c7:bw=44,experts=[1,4,5,6]; c33:bw=33,experts=[2,4,6]; c10:bw=52,experts=[0,1,4,5,6]; c27:bw=58,experts=[0,1,4,5,6]; c20:bw=62,experts=[0,1,2,4,5,6]; c39:bw=57,experts=[0,1,4,5,6]; c9:bw=61,experts=[0,1,2,4,5,6]","1.3488,1.6280,1.3078,1.8228,1.5655,1.3906,2.4005,1.3283,1.5673,3.7272,1.3061,1.3626,1.8747,1.6010,1.2116,2.8531,1.7403,1.3258,1.3653,1.3840,1.1371,1.1036,1.3467,1.9129,1.2877,2.3936,1.9240,1.2731,1.6960,1.1817,0.9196,1.4809,1.1407,0.8732,1.8143,1.8646,1.5541,1.8644,2.0171,2.4226,2.0388,1.4090,2.1816,1.0985,1.7161,1.5584,1.7931,1.9173,1.6695,1.6694"
54,2026-09-24 15:21:14,Ours,0.01,2.3599561969515728,39.72,39.72,54,95.3528,1:35.35,82.5165,11.37,1.4553,5171.8886,1:26:11.89,50,"0,25,44,31,6,4,28,48,37,5,38,18,22,32,36,23,19,42,17,46,49,40,34,10,29,15,33,12,21,41,45,26,11,20,9,43,13,3,35,2,14,1,8,24,39,7,30,16,27,47",0:37;25:57;44:36;31:42;6:54;4:32;28:48;48:26;37:30;5:10;38:55;18:33;22:16;32:26;36:17;23:40;19:21;42:10;17:27;46:33;49:49;40:28;34:60;10:10;29:44;15:32;33:46;12:74;21:71;41:25;45:18;26:37;11:58;20:52;9:50;43:49;13:55;3:30;35:65;2:10;14:33;1:53;8:55;24:80;39:20;7:61;30:34;16:10;27:46;47:45,"0:[4,5,6];25:[0,1,4,5,6];44:[4,5,6];31:[1,4,5,6];6:[0,1,4,5,6];4:[2,4,6];28:[1,3,4,6];48:[4,6];37:[1,4,6];5:[4];38:[0,1,4,5,6];18:[0,4,6];22:[4];32:[4,6];36:[4];23:[1,4,5,6];19:[2,4];42:[4];17:[4,6];46:[4,5,6];49:[0,1,4,6];40:[2,4];34:[0,1,2,4,5,6];10:[7];29:[1,4,5,6];15:[1,4,6];33:[0,1,4,6];12:[0,1,2,4,5,6,7];21:[0,1,2,4,5,6,7];41:[3,4];45:[2];26:[0,4,6];11:[0,1,4,5,6];20:[0,1,4,5,6];9:[0,1,4,5,6];43:[0,1,4,6];13:[0,1,2,4,6];3:[1,4,6];35:[0,1,2,4,5,6];2:[4];14:[1,4,6];1:[0,1,4,5,6];8:[1,2,4,5,6];24:[0,1,2,3,4,5,6,7];39:[4,6];7:[0,1,2,4,5,6];30:[4,5,6];16:[4];27:[1,4,5,6];47:[1,4,5,6]","c0:bw=37,experts=[4,5,6]; c25:bw=57,experts=[0,1,4,5,6]; c44:bw=36,experts=[4,5,6]; c31:bw=42,experts=[1,4,5,6]; c6:bw=54,experts=[0,1,4,5,6]; c4:bw=32,experts=[2,4,6]; c28:bw=48,experts=[1,3,4,6]; c48:bw=26,experts=[4,6]; c37:bw=30,experts=[1,4,6]; c5:bw=10,experts=[4]; c38:bw=55,experts=[0,1,4,5,6]; c18:bw=33,experts=[0,4,6]; c22:bw=16,experts=[4]; c32:bw=26,experts=[4,6]; c36:bw=17,experts=[4]; c23:bw=40,experts=[1,4,5,6]; c19:bw=21,experts=[2,4]; c42:bw=10,experts=[4]; c17:bw=27,experts=[4,6]; c46:bw=33,experts=[4,5,6]; c49:bw=49,experts=[0,1,4,6]; c40:bw=28,experts=[2,4]; c34:bw=60,experts=[0,1,2,4,5,6]; c10:bw=10,experts=[7]; c29:bw=44,experts=[1,4,5,6]; c15:bw=32,experts=[1,4,6]; c33:bw=46,experts=[0,1,4,6]; c12:bw=74,experts=[0,1,2,4,5,6,7]; c21:bw=71,experts=[0,1,2,4,5,6,7]; c41:bw=25,experts=[3,4]; c45:bw=18,experts=[2]; c26:bw=37,experts=[0,4,6]; c11:bw=58,experts=[0,1,4,5,6]; c20:bw=52,experts=[0,1,4,5,6]; c9:bw=50,experts=[0,1,4,5,6]; c43:bw=49,experts=[0,1,4,6]; c13:bw=55,experts=[0,1,2,4,6]; c3:bw=30,experts=[1,4,6]; c35:bw=65,experts=[0,1,2,4,5,6]; c2:bw=10,experts=[4]; c14:bw=33,experts=[1,4,6]; c1:bw=53,experts=[0,1,4,5,6]; c8:bw=55,experts=[1,2,4,5,6]; c24:bw=80,experts=[0,1,2,3,4,5,6,7]; c39:bw=20,experts=[4,6]; c7:bw=61,experts=[0,1,2,4,5,6]; c30:bw=34,experts=[4,5,6]; c16:bw=10,experts=[4]; c27:bw=46,experts=[1,4,5,6]; c47:bw=45,experts=[1,4,5,6]","0.8747,2.8899,1.2934,1.7821,1.8834,1.8905,1.3825,1.1693,1.4086,2.3848,1.1789,1.5374,1.9378,1.9017,1.3729,1.8704,1.5314,1.6025,1.3770,1.3776,3.7093,1.6680,1.4172,1.5362,1.9115,1.3646,1.7287,1.1529,2.1786,0.9148,2.3978,1.9058,1.3244,1.9080,1.6963,1.3876,1.3254,1.7384,1.4859,1.1571,2.0504,1.5587,1.3106,1.2352,1.6422,1.1255,1.6499,2.4167,1.7659,1.2059"
55,2026-09-24 15:22:50,Ours,0.01,2.3397584391082176,40.04,40.04,55,96.1189,1:36.12,83.0334,11.6203,1.4536,5268.0425,1:27:48.04,50,"8,45,23,28,3,13,36,9,15,2,37,0,16,4,30,5,26,43,18,35,25,19,14,44,1,41,39,27,47,24,33,32,21,10,46,22,6,7,42,12,49,17,40,11,38,29,31,34,20,48",8:14;45:30;23:10;28:57;3:52;13:24;36:18;9:62;15:30;2:41;37:25;0:27;16:57;4:14;30:70;5:53;26:33;43:51;18:70;35:14;25:26;19:60;14:33;44:74;1:60;41:52;39:50;27:27;47:54;24:16;33:10;32:30;21:10;10:57;46:10;22:47;6:42;7:54;42:40;12:62;49:58;17:39;40:76;11:40;38:10;29:26;31:62;34:25;20:35;48:25,"8:[4];45:[1,4,6];23:[3];28:[0,1,4,5,6];3:[1,4,5,6,7];13:[4,6];36:[4];9:[0,1,2,4,5,6];15:[4,5,6];2:[0,1,4,6];37:[2,4];0:[4,6];16:[1,2,4,5,6];4:[4];30:[0,1,2,4,5,6,7];5:[0,1,3,4,6];26:[2,4,6];43:[1,4,5,6,7];18:[0,1,2,4,5,6,7];35:[4];25:[4,6];19:[0,1,2,4,5,6];14:[1,4,6];44:[0,1,2,4,5,6,7];1:[0,1,2,4,5,6];41:[0,1,4,5,6];39:[0,1,4,5,6];27:[4,6];47:[0,1,4,5,6];24:[4];33:[4];32:[4,5,6];21:[4];10:[0,1,4,5,6];46:[4];22:[0,1,2,5];6:[1,4,5,6];7:[0,1,4,5,6];42:[0,4,5,6];12:[0,1,2,4,5,6];49:[0,1,4,5,6];17:[2,4,7];40:[0,1,2,4,5,6,7];11:[1,4,5,6];38:[4];29:[4,6];31:[0,1,2,4,5,6];34:[4,6];20:[1,4,6];48:[4,7]","c8:bw=14,experts=[4]; c45:bw=30,experts=[1,4,6]; c23:bw=10,experts=[3]; c28:bw=57,experts=[0,1,4,5,6]; c3:bw=52,experts=[1,4,5,6,7]; c13:bw=24,experts=[4,6]; c36:bw=18,experts=[4]; c9:bw=62,experts=[0,1,2,4,5,6]; c15:bw=30,experts=[4,5,6]; c2:bw=41,experts=[0,1,4,6]; c37:bw=25,experts=[2,4]; c0:bw=27,experts=[4,6]; c16:bw=57,experts=[1,2,4,5,6]; c4:bw=14,experts=[4]; c30:bw=70,experts=[0,1,2,4,5,6,7]; c5:bw=53,experts=[0,1,3,4,6]; c26:bw=33,experts=[2,4,6]; c43:bw=51,experts=[1,4,5,6,7]; c18:bw=70,experts=[0,1,2,4,5,6,7]; c35:bw=14,experts=[4]; c25:bw=26,experts=[4,6]; c19:bw=60,experts=[0,1,2,4,5,6]; c14:bw=33,experts=[1,4,6]; c44:bw=74,experts=[0,1,2,4,5,6,7]; c1:bw=60,experts=[0,1,2,4,5,6]; c41:bw=52,experts=[0,1,4,5,6]; c39:bw=50,experts=[0,1,4,5,6]; c27:bw=27,experts=[4,6]; c47:bw=54,experts=[0,1,4,5,6]; c24:bw=16,experts=[4]; c33:bw=10,experts=[4]; c32:bw=30,experts=[4,5,6]; c21:bw=10,experts=[4]; c10:bw=57,experts=[0,1,4,5,6]; c46:bw=10,experts=[4]; c22:bw=47,experts=[0,1,2,5]; c6:bw=42,experts=[1,4,5,6]; c7:bw=54,experts=[0,1,4,5,6]; c42:bw=40,experts=[0,4,5,6]; c12:bw=62,experts=[0,1,2,4,5,6]; c49:bw=58,experts=[0,1,4,5,6]; c17:bw=39,experts=[2,4,7]; c40:bw=76,experts=[0,1,2,4,5,6,7]; c11:bw=40,experts=[1,4,5,6]; c38:bw=10,experts=[4]; c29:bw=26,experts=[4,6]; c31:bw=62,experts=[0,1,2,4,5,6]; c34:bw=25,experts=[4,6]; c20:bw=35,experts=[1,4,6]; c48:bw=25,experts=[4,7]","1.2817,2.3956,1.8820,1.3627,1.7428,1.3292,1.3684,1.7235,1.3262,1.1596,1.4230,0.8981,2.4665,1.8575,1.7942,2.3968,1.9264,1.4117,1.5870,1.4556,2.8699,1.5724,2.0505,1.2760,1.5959,0.9119,1.6839,1.7712,1.2180,1.2732,1.7063,1.8429,2.1226,1.4739,1.3271,2.0674,1.8873,1.1512,1.6091,1.1718,3.6921,1.4064,1.6890,1.4040,1.1677,1.9198,1.8422,1.4310,1.9219,1.1882"
56,2026-09-24 15:24:25,Ours,0.01,2.4246762564736937,40.26,40.26,56,95.1319,1:35.13,82.5869,11.0931,1.4466,5363.2108,1:29:23.21,50,"27,22,40,14,17,25,28,49,44,5,6,48,10,35,37,42,30,18,13,16,11,23,38,21,39,19,29,12,45,8,1,32,26,20,9,24,33,31,34,3,43,2,4,0,47,15,41,7,46,36",27:43;22:29;40:32;14:42;17:10;25:37;28:24;49:59;44:32;5:31;6:23;48:31;10:20;35:10;37:29;42:66;30:29;18:54;13:18;16:42;11:26;23:41;38:45;21:49;39:17;19:10;29:53;12:38;45:50;8:13;1:56;32:29;26:37;20:52;9:52;24:33;33:28;31:53;34:36;3:10;43:33;2:53;4:10;0:70;47:52;15:35;41:78;7:18;46:32;36:28,"27:[3,4,6,7];22:[4,7];40:[3,4,6];14:[0,3,4,6];17:[3];25:[3,4,6];28:[4,7];49:[1,3,4,6,7];44:[3,4,6];5:[4,6,7];6:[3,7];48:[1,4,6];10:[3,4];35:[3];37:[3,7];42:[0,1,3,4,5,6];30:[4,6];18:[0,1,3,4,6];13:[3];16:[1,3,4,6];11:[3,4];23:[1,4,5,6];38:[1,3,4,6];21:[1,4,5,6];39:[7];19:[3];29:[3,4,5,6,7];12:[4,5,6];45:[1,3,4,5,6];8:[3];1:[1,3,4,5,6];32:[3,4];26:[3,4,6];20:[0,1,3,4,6];9:[0,3,4,6,7];24:[1,4,6];33:[4,7];31:[0,1,3,4,6];34:[3,4,6];3:[3];43:[3,4,6];2:[1,3,4,6,7];4:[0];0:[0,1,2,3,4,5,6];47:[0,3,4,5,6];15:[3,4,6];41:[0,1,2,4,5,6,7];7:[3];46:[0,3,4];36:[3,7]","c27:bw=43,experts=[3,4,6,7]; c22:bw=29,experts=[4,7]; c40:bw=32,experts=[3,4,6]; c14:bw=42,experts=[0,3,4,6]; c17:bw=10,experts=[3]; c25:bw=37,experts=[3,4,6]; c28:bw=24,experts=[4,7]; c49:bw=59,experts=[1,3,4,6,7]; c44:bw=32,experts=[3,4,6]; c5:bw=31,experts=[4,6,7]; c6:bw=23,experts=[3,7]; c48:bw=31,experts=[1,4,6]; c10:bw=20,experts=[3,4]; c35:bw=10,experts=[3]; c37:bw=29,experts=[3,7]; c42:bw=66,experts=[0,1,3,4,5,6]; c30:bw=29,experts=[4,6]; c18:bw=54,experts=[0,1,3,4,6]; c13:bw=18,experts=[3]; c16:bw=42,experts=[1,3,4,6]; c11:bw=26,experts=[3,4]; c23:bw=41,experts=[1,4,5,6]; c38:bw=45,experts=[1,3,4,6]; c21:bw=49,experts=[1,4,5,6]; c39:bw=17,experts=[7]; c19:bw=10,experts=[3]; c29:bw=53,experts=[3,4,5,6,7]; c12:bw=38,experts=[4,5,6]; c45:bw=50,experts=[1,3,4,5,6]; c8:bw=13,experts=[3]; c1:bw=56,experts=[1,3,4,5,6]; c32:bw=29,experts=[3,4]; c26:bw=37,experts=[3,4,6]; c20:bw=52,experts=[0,1,3,4,6]; c9:bw=52,experts=[0,3,4,6,7]; c24:bw=33,experts=[1,4,6]; c33:bw=28,experts=[4,7]; c31:bw=53,experts=[0,1,3,4,6]; c34:bw=36,experts=[3,4,6]; c3:bw=10,experts=[3]; c43:bw=33,experts=[3,4,6]; c2:bw=53,experts=[1,3,4,6,7]; c4:bw=10,experts=[0]; c0:bw=70,experts=[0,1,2,3,4,5,6]; c47:bw=52,experts=[0,3,4,5,6]; c15:bw=35,experts=[3,4,6]; c41:bw=78,experts=[0,1,2,4,5,6,7]; c7:bw=18,experts=[3]; c46:bw=32,experts=[0,3,4]; c36:bw=28,experts=[3,7]","1.8354,2.0388,1.6656,2.0876,1.3793,2.9109,1.3903,3.6457,1.2795,2.3477,1.9105,1.2063,1.5598,1.4955,1.4113,1.6010,1.6999,1.6136,1.2901,2.4286,1.2938,1.8228,1.1678,2.1449,1.5788,1.5683,1.9120,1.1730,2.3928,1.3236,1.5672,1.8985,1.8892,1.9188,1.7211,1.2702,1.7119,1.8068,1.3836,1.7580,1.3815,1.1260,1.8261,0.9068,1.2149,1.3339,0.9044,1.1253,1.3112,1.3562"
57,2026-09-24 15:26:01,Ours,0.01,2.310238545227399,40.97,40.97,57,95.9233,1:35.92,82.9744,11.509,1.4286,5459.1714,1:30:59.17,50,"10,0,21,41,8,26,24,33,27,14,40,11,12,7,5,29,30,46,31,18,17,1,32,35,22,45,15,4,47,2,13,28,44,6,16,49,3,43,48,42,38,39,20,37,36,25,34,23,9,19",10:58;0:70;21:32;41:43;8:43;26:26;24:44;33:51;27:10;14:36;40:45;11:26;12:17;7:69;5:44;29:67;30:11;46:52;31:60;18:44;17:52;1:49;32:48;35:40;22:39;45:46;15:36;4:41;47:52;2:33;13:31;28:19;44:31;6:48;16:33;49:38;3:64;43:73;48:49;42:12;38:34;39:55;20:56;37:52;36:52;25:42;34:35;23:45;9:19;19:44,"10:[0,1,2,4,6];0:[0,1,2,4,5,6,7];21:[1,4,6];41:[1,4,5,6];8:[1,4,6,7];26:[4,7];24:[0,1,4,6];33:[0,1,4,5,6];27:[4];14:[4,5,6];40:[1,4,5,6];11:[4,7];12:[3];7:[0,1,2,4,5,6];5:[0,2,4,6];29:[0,1,2,4,5,6];30:[4];46:[0,1,4,5,6];31:[0,1,2,4,5,6];18:[0,4,5,6];17:[0,1,4,5,6];1:[0,4,6,7];32:[1,4,5,6];35:[1,4,6,7];22:[1,4,6];45:[4,5,6,7];15:[1,4,6];4:[1,3,4,5];47:[2,4,5,6,7];2:[1,4,6];13:[4,6,7];28:[4];44:[1,4,6];6:[0,1,4,6];16:[0,4,6];49:[4,5,6];3:[0,1,2,4,5,6];43:[0,1,2,4,5,6,7];48:[0,1,4,6];42:[7];38:[4,6,7];39:[0,1,4,5,6];20:[0,1,4,5,6];37:[0,1,4,5,6];36:[0,1,4,5,6];25:[0,4,6,7];34:[4,6,7];23:[1,2,4,6];9:[4];19:[1,4,6,7]","c10:bw=58,experts=[0,1,2,4,6]; c0:bw=70,experts=[0,1,2,4,5,6,7]; c21:bw=32,experts=[1,4,6]; c41:bw=43,experts=[1,4,5,6]; c8:bw=43,experts=[1,4,6,7]; c26:bw=26,experts=[4,7]; c24:bw=44,experts=[0,1,4,6]; c33:bw=51,experts=[0,1,4,5,6]; c27:bw=10,experts=[4]; c14:bw=36,experts=[4,5,6]; c40:bw=45,experts=[1,4,5,6]; c11:bw=26,experts=[4,7]; c12:bw=17,experts=[3]; c7:bw=69,experts=[0,1,2,4,5,6]; c5:bw=44,experts=[0,2,4,6]; c29:bw=67,experts=[0,1,2,4,5,6]; c30:bw=11,experts=[4]; c46:bw=52,experts=[0,1,4,5,6]; c31:bw=60,experts=[0,1,2,4,5,6]; c18:bw=44,experts=[0,4,5,6]; c17:bw=52,experts=[0,1,4,5,6]; c1:bw=49,experts=[0,4,6,7]; c32:bw=48,experts=[1,4,5,6]; c35:bw=40,experts=[1,4,6,7]; c22:bw=39,experts=[1,4,6]; c45:bw=46,experts=[4,5,6,7]; c15:bw=36,experts=[1,4,6]; c4:bw=41,experts=[1,3,4,5]; c47:bw=52,experts=[2,4,5,6,7]; c2:bw=33,experts=[1,4,6]; c13:bw=31,experts=[4,6,7]; c28:bw=19,experts=[4]; c44:bw=31,experts=[1,4,6]; c6:bw=48,experts=[0,1,4,6]; c16:bw=33,experts=[0,4,6]; c49:bw=38,experts=[4,5,6]; c3:bw=64,experts=[0,1,2,4,5,6]; c43:bw=73,experts=[0,1,2,4,5,6,7]; c48:bw=49,experts=[0,1,4,6]; c42:bw=12,experts=[7]; c38:bw=34,experts=[4,6,7]; c39:bw=55,experts=[0,1,4,5,6]; c20:bw=56,experts=[0,1,4,5,6]; c37:bw=52,experts=[0,1,4,5,6]; c36:bw=52,experts=[0,1,4,5,6]; c25:bw=42,experts=[0,4,6,7]; c34:bw=35,experts=[4,6,7]; c23:bw=45,experts=[1,2,4,6]; c9:bw=19,experts=[4]; c19:bw=44,experts=[1,4,6,7]","1.5576,0.9139,2.2191,0.8914,1.3076,1.9220,1.3302,1.7267,1.7625,2.0662,1.6820,1.3729,1.1975,1.1553,2.3995,1.9396,1.7078,1.3743,1.8564,1.6254,1.4090,1.5545,1.9586,1.4980,2.0796,2.4157,1.3344,1.9090,1.2499,1.1468,1.3266,1.3380,1.2439,1.8859,2.3743,3.6670,1.7334,1.4073,1.1442,1.4961,1.1713,1.6889,1.8780,1.3757,1.3579,2.8205,1.3585,1.9031,1.6827,1.5575"
58,2026-09-24 15:27:36,Ours,0.01,2.298772784600641,41.98,41.98,58,94.4718,1:34.47,81.8826,11.1626,1.4149,5553.6804,1:32:33.68,50,"33,38,28,6,37,7,1,23,0,40,11,30,31,18,35,43,46,20,22,36,29,21,42,34,12,2,47,9,39,24,4,15,25,8,45,13,41,14,26,19,3,5,16,49,44,10,27,17,32,48",33:45;38:39;28:10;6:55;37:45;7:24;1:30;23:30;0:47;40:61;11:47;30:37;31:40;18:50;35:26;43:35;46:58;20:53;22:61;36:20;29:38;21:73;42:27;34:46;12:29;2:10;47:48;9:57;39:53;24:10;4:38;15:38;25:39;8:40;45:30;13:40;41:54;14:22;26:34;19:43;3:61;5:35;16:42;49:24;44:21;10:43;27:36;17:12;32:16;48:43,"33:[1,4,5,6];38:[0,4,6];28:[4];6:[1,2,4,5,6];37:[1,4,5,6];7:[4,6];1:[4,5,6];23:[0,4,6];0:[1,4,5,6];40:[0,1,2,4,5,6];11:[0,1,4,6];30:[3,4,6];31:[1,4,5,6];18:[0,1,4,5,6];35:[4,6];43:[0,4,6];46:[0,1,4,5,6];20:[0,1,4,5,6];22:[0,1,2,4,5,6];36:[4,6];29:[1,4,6];21:[0,1,2,4,5,6,7];42:[4,6];34:[1,4,5,6];12:[4,6];2:[2];47:[0,1,4,6];9:[0,1,4,5,6];39:[0,1,4,5,6];24:[4];4:[0,4,6];15:[1,4,6];25:[4,5,6];8:[1,4,5,6];45:[1,4,6];13:[0,1,4,6];41:[0,1,4,5,6];14:[4,6];26:[4,5,6];19:[0,1,4,6];3:[0,1,2,4,5,6];5:[4,5,6];16:[0,1,4,6];49:[4,6];44:[4,6];10:[1,4,5,6];27:[1,4,6];17:[4];32:[4];48:[0,1,4,6]","c33:bw=45,experts=[1,4,5,6]; c38:bw=39,experts=[0,4,6]; c28:bw=10,experts=[4]; c6:bw=55,experts=[1,2,4,5,6]; c37:bw=45,experts=[1,4,5,6]; c7:bw=24,experts=[4,6]; c1:bw=30,experts=[4,5,6]; c23:bw=30,experts=[0,4,6]; c0:bw=47,experts=[1,4,5,6]; c40:bw=61,experts=[0,1,2,4,5,6]; c11:bw=47,experts=[0,1,4,6]; c30:bw=37,experts=[3,4,6]; c31:bw=40,experts=[1,4,5,6]; c18:bw=50,experts=[0,1,4,5,6]; c35:bw=26,experts=[4,6]; c43:bw=35,experts=[0,4,6]; c46:bw=58,experts=[0,1,4,5,6]; c20:bw=53,experts=[0,1,4,5,6]; c22:bw=61,experts=[0,1,2,4,5,6]; c36:bw=20,experts=[4,6]; c29:bw=38,experts=[1,4,6]; c21:bw=73,experts=[0,1,2,4,5,6,7]; c42:bw=27,experts=[4,6]; c34:bw=46,experts=[1,4,5,6]; c12:bw=29,experts=[4,6]; c2:bw=10,experts=[2]; c47:bw=48,experts=[0,1,4,6]; c9:bw=57,experts=[0,1,4,5,6]; c39:bw=53,experts=[0,1,4,5,6]; c24:bw=10,experts=[4]; c4:bw=38,experts=[0,4,6]; c15:bw=38,experts=[1,4,6]; c25:bw=39,experts=[4,5,6]; c8:bw=40,experts=[1,4,5,6]; c45:bw=30,experts=[1,4,6]; c13:bw=40,experts=[0,1,4,6]; c41:bw=54,experts=[0,1,4,5,6]; c14:bw=22,experts=[4,6]; c26:bw=34,experts=[4,5,6]; c19:bw=43,experts=[0,1,4,6]; c3:bw=61,experts=[0,1,2,4,5,6]; c5:bw=35,experts=[4,5,6]; c16:bw=42,experts=[0,1,4,6]; c49:bw=24,experts=[4,6]; c44:bw=21,experts=[4,6]; c10:bw=43,experts=[1,4,5,6]; c27:bw=36,experts=[1,4,6]; c17:bw=12,experts=[4]; c32:bw=16,experts=[4]; c48:bw=43,experts=[0,1,4,6]","1.7081,1.1782,1.4056,1.9002,1.3909,1.1921,1.5204,1.8787,0.8929,1.6638,1.2991,1.6554,1.8160,1.6206,1.5162,1.4875,1.3599,1.8815,1.9563,1.3449,1.9108,2.1724,1.5406,1.3886,1.1563,1.1316,1.2213,1.7103,1.6626,1.1963,1.8169,1.3482,2.7666,1.3036,2.3280,1.2986,0.8873,2.0102,1.8716,1.5637,1.7189,2.2797,2.3672,3.5932,1.2666,1.5169,1.7941,1.3667,1.8750,1.1508"
59,2026-09-24 15:29:10,Ours,0.01,2.3028244726140445,42.25,42.25,59,93.8913,1:33.89,81.6145,10.8711,1.3944,5647.6087,1:34:07.61,50,"26,18,41,33,46,28,17,4,16,36,1,14,10,7,3,42,8,11,43,12,48,32,25,15,9,47,13,31,22,2,6,27,21,37,39,29,20,44,24,45,19,30,40,5,35,23,0,34,49,38",26:43;18:10;41:25;33:51;46:45;28:19;17:55;4:26;16:23;36:15;1:65;14:40;10:26;7:28;3:35;42:40;8:56;11:34;43:30;12:47;48:27;32:41;25:57;15:50;9:28;47:65;13:13;31:36;22:43;2:37;6:19;27:34;21:29;37:17;39:76;29:55;20:68;44:10;24:36;45:34;19:14;30:38;40:16;5:32;35:33;23:36;0:52;34:12;49:37;38:26,"26:[1,4,5,6];18:[4];41:[4,6];33:[1,3,4,5,6];46:[0,1,4,6];28:[4];17:[0,1,4,5,6];4:[4,6];16:[4,6];36:[2];1:[0,1,2,4,5,6];14:[0,1,4,6];10:[4,6];7:[4,6];3:[1,4,6];42:[1,4,5,6];8:[0,1,4,5,6];11:[4,5,6];43:[1,4,6];12:[0,4,5,6];48:[3,4];32:[1,4,5,6];25:[0,1,4,5,6];15:[0,1,4,5,6];9:[4,6];47:[0,1,2,4,5,6];13:[5];31:[1,4,6];22:[1,4,5,6];2:[1,4,6];6:[4];27:[2,4,6];21:[4,5];37:[4];39:[0,1,2,3,4,5,6];29:[0,1,4,5,6];20:[0,1,2,4,5,6];44:[4];24:[1,4,6];45:[1,4,6];19:[4];30:[1,4,6];40:[4];5:[1,4,6];35:[4,5,6];23:[4,6,7];0:[0,1,4,5,6];34:[4];49:[1,4,6];38:[2,4]","c26:bw=43,experts=[1,4,5,6]; c18:bw=10,experts=[4]; c41:bw=25,experts=[4,6]; c33:bw=51,experts=[1,3,4,5,6]; c46:bw=45,experts=[0,1,4,6]; c28:bw=19,experts=[4]; c17:bw=55,experts=[0,1,4,5,6]; c4:bw=26,experts=[4,6]; c16:bw=23,experts=[4,6]; c36:bw=15,experts=[2]; c1:bw=65,experts=[0,1,2,4,5,6]; c14:bw=40,experts=[0,1,4,6]; c10:bw=26,experts=[4,6]; c7:bw=28,experts=[4,6]; c3:bw=35,experts=[1,4,6]; c42:bw=40,experts=[1,4,5,6]; c8:bw=56,experts=[0,1,4,5,6]; c11:bw=34,experts=[4,5,6]; c43:bw=30,experts=[1,4,6]; c12:bw=47,experts=[0,4,5,6]; c48:bw=27,experts=[3,4]; c32:bw=41,experts=[1,4,5,6]; c25:bw=57,experts=[0,1,4,5,6]; c15:bw=50,experts=[0,1,4,5,6]; c9:bw=28,experts=[4,6]; c47:bw=65,experts=[0,1,2,4,5,6]; c13:bw=13,experts=[5]; c31:bw=36,experts=[1,4,6]; c22:bw=43,experts=[1,4,5,6]; c2:bw=37,experts=[1,4,6]; c6:bw=19,experts=[4]; c27:bw=34,experts=[2,4,6]; c21:bw=29,experts=[4,5]; c37:bw=17,experts=[4]; c39:bw=76,experts=[0,1,2,3,4,5,6]; c29:bw=55,experts=[0,1,4,5,6]; c20:bw=68,experts=[0,1,2,4,5,6]; c44:bw=10,experts=[4]; c24:bw=36,experts=[1,4,6]; c45:bw=34,experts=[1,4,6]; c19:bw=14,experts=[4]; c30:bw=38,experts=[1,4,6]; c40:bw=16,experts=[4]; c5:bw=32,experts=[1,4,6]; c35:bw=33,experts=[4,5,6]; c23:bw=36,experts=[4,6,7]; c0:bw=52,experts=[0,1,4,5,6]; c34:bw=12,experts=[4]; c49:bw=37,experts=[1,4,6]; c38:bw=26,experts=[2,4]","1.9182,1.5785,0.9001,1.7383,1.3047,1.3502,1.3855,1.8264,2.3090,1.3484,1.5927,2.0155,1.5272,1.1380,1.6371,1.5179,1.2901,1.3465,1.4029,1.1650,1.1538,1.8716,2.8109,1.3475,1.6826,1.2428,1.3163,1.7858,2.0274,1.1416,1.8463,1.7051,2.0413,1.3457,1.6007,1.9131,1.9248,1.2580,1.2957,2.3581,1.5671,1.6904,1.6493,2.2943,1.4772,1.8768,0.9080,1.4225,3.6250,1.1426"
60,2026-09-24 15:30:45,Ours,0.01,2.2668621325351155,42.47,42.47,60,94.8275,1:34.83,82.3099,11.0485,1.4593,5742.4746,1:35:42.47,50,"43,34,45,47,26,46,15,5,21,30,27,1,39,12,7,29,33,42,9,3,32,38,0,8,11,37,24,28,18,16,44,35,40,22,2,4,48,41,36,13,25,20,6,49,23,19,10,31,17,14",43:28;34:19;45:14;47:10;26:41;46:20;15:51;5:33;21:37;30:69;27:27;1:54;39:18;12:16;7:48;29:30;33:59;42:49;9:10;3:44;32:14;38:27;0:53;8:24;11:40;37:22;24:26;28:35;18:26;16:63;44:35;35:31;40:61;22:45;2:30;4:30;48:43;41:43;36:18;13:59;25:45;20:78;6:59;49:55;23:55;19:60;10:10;31:28;17:39;14:42,"43:[4,6];34:[4];45:[4];47:[4];26:[0,4,5,6];46:[4,6];15:[1,2,4,5,6];5:[4,5,6];21:[1,4,6];30:[0,1,2,4,5,6];27:[4,6];1:[0,1,4,5,6];39:[4];12:[4];7:[4,5,6,7];29:[4,5,6];33:[0,1,4,5,6];42:[0,2,4,6];9:[4];3:[1,4,5,6];32:[4];38:[4,6];0:[0,1,4,5,6];8:[4,6];11:[0,2,4,6];37:[4,6];24:[4,6];28:[1,4,6];18:[4,6];16:[0,1,4,5,6,7];44:[4,5,6];35:[1,4,6];40:[0,1,2,4,5,6];22:[1,3,4,6];2:[4,5,6];4:[4,6,7];48:[2,4,5,6];41:[0,4,5,6];36:[4];13:[0,1,4,5,6];25:[2,4,5,6];20:[0,1,2,4,5,6,7];6:[0,1,4,5,6];49:[0,1,4,5,6];23:[0,1,2,4,6];19:[0,1,2,4,5,6];10:[4];31:[4,6];17:[4,5,6];14:[1,2,4,6]","c43:bw=28,experts=[4,6]; c34:bw=19,experts=[4]; c45:bw=14,experts=[4]; c47:bw=10,experts=[4]; c26:bw=41,experts=[0,4,5,6]; c46:bw=20,experts=[4,6]; c15:bw=51,experts=[1,2,4,5,6]; c5:bw=33,experts=[4,5,6]; c21:bw=37,experts=[1,4,6]; c30:bw=69,experts=[0,1,2,4,5,6]; c27:bw=27,experts=[4,6]; c1:bw=54,experts=[0,1,4,5,6]; c39:bw=18,experts=[4]; c12:bw=16,experts=[4]; c7:bw=48,experts=[4,5,6,7]; c29:bw=30,experts=[4,5,6]; c33:bw=59,experts=[0,1,4,5,6]; c42:bw=49,experts=[0,2,4,6]; c9:bw=10,experts=[4]; c3:bw=44,experts=[1,4,5,6]; c32:bw=14,experts=[4]; c38:bw=27,experts=[4,6]; c0:bw=53,experts=[0,1,4,5,6]; c8:bw=24,experts=[4,6]; c11:bw=40,experts=[0,2,4,6]; c37:bw=22,experts=[4,6]; c24:bw=26,experts=[4,6]; c28:bw=35,experts=[1,4,6]; c18:bw=26,experts=[4,6]; c16:bw=63,experts=[0,1,4,5,6,7]; c44:bw=35,experts=[4,5,6]; c35:bw=31,experts=[1,4,6]; c40:bw=61,experts=[0,1,2,4,5,6]; c22:bw=45,experts=[1,3,4,6]; c2:bw=30,experts=[4,5,6]; c4:bw=30,experts=[4,6,7]; c48:bw=43,experts=[2,4,5,6]; c41:bw=43,experts=[0,4,5,6]; c36:bw=18,experts=[4]; c13:bw=59,experts=[0,1,4,5,6]; c25:bw=45,experts=[2,4,5,6]; c20:bw=78,experts=[0,1,2,4,5,6,7]; c6:bw=59,experts=[0,1,4,5,6]; c49:bw=55,experts=[0,1,4,5,6]; c23:bw=55,experts=[0,1,2,4,6]; c19:bw=60,experts=[0,1,2,4,5,6]; c10:bw=10,experts=[4]; c31:bw=28,experts=[4,6]; c17:bw=39,experts=[4,5,6]; c14:bw=42,experts=[1,2,4,6]","1.3523,1.4159,2.4062,1.2112,1.9089,1.3546,1.3714,2.3687,2.1632,1.6935,1.7353,1.5745,1.6708,1.1587,1.1436,1.9270,1.6626,1.5291,1.6847,1.7438,1.9287,1.1744,0.8945,1.3059,1.3307,1.3472,1.2369,1.3531,1.5562,2.4055,1.2554,1.4837,1.6640,2.0368,1.1551,1.8342,1.1332,0.9261,1.3438,1.3121,2.8583,1.8719,1.9008,3.6308,1.8671,1.6241,1.5448,1.8127,1.3899,2.0558"
61,2026-09-24 15:32:19,Ours,0.01,2.275627769238147,42.67,42.67,61,94.7793,1:34.78,82.2789,11.0352,1.4532,5837.371,1:37:17.37,50,"5,45,10,32,29,12,28,18,2,16,17,42,48,39,36,34,22,8,27,26,24,40,7,35,14,37,30,13,3,25,19,46,6,31,41,23,11,43,38,15,49,47,44,21,1,4,20,9,0,33",5:49;45:21;10:11;32:61;29:13;12:27;28:19;18:50;2:29;16:38;17:46;42:55;48:18;39:59;36:46;34:25;22:12;8:55;27:50;26:17;24:39;40:53;7:43;35:35;14:38;37:40;30:55;13:34;3:43;25:59;19:52;46:41;6:37;31:48;41:40;23:28;11:39;43:37;38:19;15:16;49:38;47:18;44:24;21:59;1:33;4:38;20:58;9:38;0:60;33:71,"5:[1,4,5,6];45:[0,4];10:[4];32:[0,2,4,5,6,7];29:[4];12:[4,6];28:[2];18:[0,1,4,5,6];2:[4,5];16:[0,4,6];17:[0,1,4,6];42:[0,1,4,5,6];48:[4];39:[1,2,4,5,6];36:[1,4,5,6];34:[4,6];22:[4];8:[0,1,4,5,6];27:[0,1,4,5,6];26:[4];24:[1,4,6];40:[0,1,4,5,6];7:[1,4,5,6];35:[4,5,6];14:[4,6,7];37:[1,4,5,6];30:[0,1,4,5,6];13:[1,4,6];3:[1,4,5,6];25:[0,1,4,5,6];19:[0,1,4,5,6];46:[2,4,6,7];6:[4,5,6];31:[4,5,6,7];41:[0,4,5,6];23:[4,6];11:[4,5,6];43:[1,4,6];38:[4];15:[7];49:[2,4,6];47:[4];44:[4,6];21:[0,1,3,4,6];1:[1,4,6];4:[4,5,6];20:[0,1,4,5,6];9:[4,5,6];0:[0,1,2,4,5,6];33:[0,1,2,3,4,5,6]","c5:bw=49,experts=[1,4,5,6]; c45:bw=21,experts=[0,4]; c10:bw=11,experts=[4]; c32:bw=61,experts=[0,2,4,5,6,7]; c29:bw=13,experts=[4]; c12:bw=27,experts=[4,6]; c28:bw=19,experts=[2]; c18:bw=50,experts=[0,1,4,5,6]; c2:bw=29,experts=[4,5]; c16:bw=38,experts=[0,4,6]; c17:bw=46,experts=[0,1,4,6]; c42:bw=55,experts=[0,1,4,5,6]; c48:bw=18,experts=[4]; c39:bw=59,experts=[1,2,4,5,6]; c36:bw=46,experts=[1,4,5,6]; c34:bw=25,experts=[4,6]; c22:bw=12,experts=[4]; c8:bw=55,experts=[0,1,4,5,6]; c27:bw=50,experts=[0,1,4,5,6]; c26:bw=17,experts=[4]; c24:bw=39,experts=[1,4,6]; c40:bw=53,experts=[0,1,4,5,6]; c7:bw=43,experts=[1,4,5,6]; c35:bw=35,experts=[4,5,6]; c14:bw=38,experts=[4,6,7]; c37:bw=40,experts=[1,4,5,6]; c30:bw=55,experts=[0,1,4,5,6]; c13:bw=34,experts=[1,4,6]; c3:bw=43,experts=[1,4,5,6]; c25:bw=59,experts=[0,1,4,5,6]; c19:bw=52,experts=[0,1,4,5,6]; c46:bw=41,experts=[2,4,6,7]; c6:bw=37,experts=[4,5,6]; c31:bw=48,experts=[4,5,6,7]; c41:bw=40,experts=[0,4,5,6]; c23:bw=28,experts=[4,6]; c11:bw=39,experts=[4,5,6]; c43:bw=37,experts=[1,4,6]; c38:bw=19,experts=[4]; c15:bw=16,experts=[7]; c49:bw=38,experts=[2,4,6]; c47:bw=18,experts=[4]; c44:bw=24,experts=[4,6]; c21:bw=59,experts=[0,1,3,4,6]; c1:bw=33,experts=[1,4,6]; c4:bw=38,experts=[4,5,6]; c20:bw=58,experts=[0,1,4,5,6]; c9:bw=38,experts=[4,5,6]; c0:bw=60,experts=[0,1,2,4,5,6]; c33:bw=71,experts=[0,1,2,3,4,5,6]","2.3963,2.3979,1.5519,1.9186,1.9059,1.1141,1.4033,1.5942,1.1494,2.4422,1.3415,1.5682,1.1181,1.6274,1.3826,1.3792,2.0287,1.3471,1.8252,1.8920,1.3065,1.6650,1.1413,1.4402,2.0038,1.4300,1.6947,1.3212,1.7242,2.8566,1.5743,1.3409,1.8544,1.7423,0.8801,1.8815,1.3033,1.3966,1.1101,1.2756,3.6525,1.2143,1.2643,2.1817,1.5708,1.8733,1.8694,1.6867,0.9002,1.7394"
62,2026-09-24 15:33:55,Ours,0.01,2.2674619628532007,43.22,43.22,62,95.7015,1:35.70,82.8622,11.4004,1.4302,5933.1104,1:38:53.11,50,"26,32,39,16,33,45,3,49,44,21,48,30,47,0,25,29,43,28,37,12,2,31,6,1,46,5,19,41,17,34,13,15,14,8,40,20,36,35,27,23,7,9,11,10,4,18,42,24,22,38",26:49;32:34;39:15;16:26;33:43;45:37;3:53;49:54;44:39;21:33;48:30;30:16;47:38;0:28;25:65;29:52;43:18;28:46;37:56;12:11;2:42;31:34;6:62;1:75;46:48;5:67;19:42;41:42;17:19;34:44;13:30;15:46;14:14;8:13;40:39;20:31;36:71;35:55;27:36;23:44;7:44;9:16;11:36;10:21;4:60;18:26;42:36;24:37;22:13;38:21,"26:[0,1,4,6];32:[0,4,6];39:[4];16:[4,6];33:[1,4,5,6];45:[2,4,6];3:[0,1,4,5,6];49:[0,1,4,5,6];44:[4,5,6];21:[0,4,6];48:[4,5,6];30:[4];47:[4,5,6];0:[4,6];25:[0,1,2,4,5,6];29:[0,1,4,5,6];43:[4];28:[3,4,5,6];37:[0,1,4,5,6];12:[7];2:[0,1,4,6];31:[1,4,6];6:[0,1,2,4,5,6];1:[0,1,2,4,5,6,7];46:[1,4,5,6];5:[0,1,2,4,5,6];19:[0,1,4,6];41:[3,4,5,6];17:[4];34:[0,2,4,6];13:[2,4,6];15:[1,4,5,6];14:[4];8:[2];40:[4,5,6];20:[4,5,6];36:[0,1,2,4,5,6,7];35:[0,2,4,5,6];27:[4,5,6];23:[0,1,4,6];7:[1,4,5,6];9:[4];11:[4,5,6];10:[4,7];4:[0,1,2,4,5,6];18:[4,6];42:[4,5,6];24:[2,3,5];22:[4];38:[4,5]","c26:bw=49,experts=[0,1,4,6]; c32:bw=34,experts=[0,4,6]; c39:bw=15,experts=[4]; c16:bw=26,experts=[4,6]; c33:bw=43,experts=[1,4,5,6]; c45:bw=37,experts=[2,4,6]; c3:bw=53,experts=[0,1,4,5,6]; c49:bw=54,experts=[0,1,4,5,6]; c44:bw=39,experts=[4,5,6]; c21:bw=33,experts=[0,4,6]; c48:bw=30,experts=[4,5,6]; c30:bw=16,experts=[4]; c47:bw=38,experts=[4,5,6]; c0:bw=28,experts=[4,6]; c25:bw=65,experts=[0,1,2,4,5,6]; c29:bw=52,experts=[0,1,4,5,6]; c43:bw=18,experts=[4]; c28:bw=46,experts=[3,4,5,6]; c37:bw=56,experts=[0,1,4,5,6]; c12:bw=11,experts=[7]; c2:bw=42,experts=[0,1,4,6]; c31:bw=34,experts=[1,4,6]; c6:bw=62,experts=[0,1,2,4,5,6]; c1:bw=75,experts=[0,1,2,4,5,6,7]; c46:bw=48,experts=[1,4,5,6]; c5:bw=67,experts=[0,1,2,4,5,6]; c19:bw=42,experts=[0,1,4,6]; c41:bw=42,experts=[3,4,5,6]; c17:bw=19,experts=[4]; c34:bw=44,experts=[0,2,4,6]; c13:bw=30,experts=[2,4,6]; c15:bw=46,experts=[1,4,5,6]; c14:bw=14,experts=[4]; c8:bw=13,experts=[2]; c40:bw=39,experts=[4,5,6]; c20:bw=31,experts=[4,5,6]; c36:bw=71,experts=[0,1,2,4,5,6,7]; c35:bw=55,experts=[0,2,4,5,6]; c27:bw=36,experts=[4,5,6]; c23:bw=44,experts=[0,1,4,6]; c7:bw=44,experts=[1,4,5,6]; c9:bw=16,experts=[4]; c11:bw=36,experts=[4,5,6]; c10:bw=21,experts=[4,7]; c4:bw=60,experts=[0,1,2,4,5,6]; c18:bw=26,experts=[4,6]; c42:bw=36,experts=[4,5,6]; c24:bw=37,experts=[2,3,5]; c22:bw=13,experts=[4]; c38:bw=21,experts=[4,5]","1.8859,1.9293,1.7017,2.4627,1.7225,2.4057,1.7402,3.6423,1.2801,2.1894,1.1729,1.7115,1.2538,0.9217,2.8880,1.8451,1.3634,1.3644,1.4204,1.1573,1.1632,1.8184,1.9072,1.5687,1.3507,2.3792,1.5760,0.9123,1.3697,1.4489,1.3226,1.3370,2.0112,1.3180,1.6565,1.8863,1.3456,1.4575,1.7485,1.9300,1.1475,1.6864,1.3350,1.5194,1.8690,1.6062,1.6307,1.2874,2.0373,1.1774"
63,2026-09-24 15:35:32,Ours,0.01,2.2500448983509624,43.72,43.72,63,96.4146,1:36.41,83.3785,11.5936,1.4327,6029.566,1:40:29.57,50,"35,6,16,39,9,40,23,48,43,7,28,22,13,21,14,34,44,49,41,17,5,36,46,47,38,25,1,19,32,37,42,2,24,4,26,30,27,3,33,12,29,20,0,15,10,11,8,31,18,45",35:49;6:34;16:58;39:37;9:21;40:28;23:26;48:52;43:50;7:68;28:38;22:80;13:58;21:31;14:41;34:34;44:53;49:55;41:10;17:37;5:10;36:45;46:45;47:70;38:28;25:61;1:50;19:34;32:10;37:50;42:53;2:28;24:33;4:52;26:44;30:12;27:34;3:52;33:30;12:51;29:10;20:51;0:41;15:61;10:27;11:45;8:32;31:58;18:47;45:36,"35:[1,4,5,6];6:[4,5,6];16:[0,2,4,5,6];39:[4,5,6];9:[2,4];40:[4,7];23:[3,4];48:[0,1,4,6,7];43:[0,1,4,5,6];7:[0,1,2,4,5,6];28:[0,4,6];22:[0,1,2,3,4,5,6,7];13:[0,1,4,5,6];21:[1,4,6];14:[0,1,4,6];34:[4,5,6];44:[0,2,4,6,7];49:[0,1,4,5,6];41:[4];17:[2,4,7];5:[3];36:[0,1,4,6];46:[0,1,4,6];47:[0,1,2,3,4,5,6];38:[4,6];25:[0,1,2,4,5,6];1:[0,1,4,5,6];19:[0,4,6];32:[4];37:[1,2,4,5,6];42:[0,1,4,5,6];2:[4,6];24:[4,6,7];4:[0,1,4,5,6];26:[2,4,5,6];30:[7];27:[4,5,6];3:[1,4,5,6,7];33:[4,5,6];12:[1,2,4,5,6];29:[4];20:[0,1,4,5,6];0:[0,1,4,6];15:[0,1,2,4,5,6];10:[4,6];11:[1,4,5,6];8:[1,4,6];31:[0,1,4,5,6];18:[2,4,6,7];45:[4,5,6]","c35:bw=49,experts=[1,4,5,6]; c6:bw=34,experts=[4,5,6]; c16:bw=58,experts=[0,2,4,5,6]; c39:bw=37,experts=[4,5,6]; c9:bw=21,experts=[2,4]; c40:bw=28,experts=[4,7]; c23:bw=26,experts=[3,4]; c48:bw=52,experts=[0,1,4,6,7]; c43:bw=50,experts=[0,1,4,5,6]; c7:bw=68,experts=[0,1,2,4,5,6]; c28:bw=38,experts=[0,4,6]; c22:bw=80,experts=[0,1,2,3,4,5,6,7]; c13:bw=58,experts=[0,1,4,5,6]; c21:bw=31,experts=[1,4,6]; c14:bw=41,experts=[0,1,4,6]; c34:bw=34,experts=[4,5,6]; c44:bw=53,experts=[0,2,4,6,7]; c49:bw=55,experts=[0,1,4,5,6]; c41:bw=10,experts=[4]; c17:bw=37,experts=[2,4,7]; c5:bw=10,experts=[3]; c36:bw=45,experts=[0,1,4,6]; c46:bw=45,experts=[0,1,4,6]; c47:bw=70,experts=[0,1,2,3,4,5,6]; c38:bw=28,experts=[4,6]; c25:bw=61,experts=[0,1,2,4,5,6]; c1:bw=50,experts=[0,1,4,5,6]; c19:bw=34,experts=[0,4,6]; c32:bw=10,experts=[4]; c37:bw=50,experts=[1,2,4,5,6]; c42:bw=53,experts=[0,1,4,5,6]; c2:bw=28,experts=[4,6]; c24:bw=33,experts=[4,6,7]; c4:bw=52,experts=[0,1,4,5,6]; c26:bw=44,experts=[2,4,5,6]; c30:bw=12,experts=[7]; c27:bw=34,experts=[4,5,6]; c3:bw=52,experts=[1,4,5,6,7]; c33:bw=30,experts=[4,5,6]; c12:bw=51,experts=[1,2,4,5,6]; c29:bw=10,experts=[4]; c20:bw=51,experts=[0,1,4,5,6]; c0:bw=41,experts=[0,1,4,6]; c15:bw=61,experts=[0,1,2,4,5,6]; c10:bw=27,experts=[4,6]; c11:bw=45,experts=[1,4,5,6]; c8:bw=32,experts=[1,4,6]; c31:bw=58,experts=[0,1,4,5,6]; c18:bw=47,experts=[2,4,6,7]; c45:bw=36,experts=[4,5,6]","1.5084,1.8968,2.4358,1.7047,1.7273,1.6909,1.8764,1.1570,1.3890,1.1507,1.4126,2.0762,1.3469,2.1661,2.0415,1.4204,1.2619,3.7099,0.9079,1.4005,2.3676,1.3546,1.3580,1.2480,1.1953,2.8980,1.5901,1.5883,2.0045,1.3955,1.5989,1.1413,1.2984,1.9347,1.9149,1.6840,1.7951,1.7445,1.7332,1.1686,1.9016,1.9106,0.9042,1.3529,1.5574,1.3139,1.3267,1.8312,1.5814,2.4041"
64,2026-09-24 15:37:07,Ours,0.01,2.3014815466387675,43.53,43.72,63,95.5822,1:35.58,82.9697,11.1982,1.409,6125.1888,1:42:05.19,50,"47,35,18,41,38,48,12,39,11,13,37,36,45,44,9,3,24,23,30,8,5,6,43,7,31,46,1,15,28,19,0,2,26,14,29,42,4,16,21,22,10,17,40,33,34,49,32,25,27,20",47:47;35:21;18:37;41:46;38:35;48:43;12:27;39:55;11:57;13:42;37:51;36:44;45:48;44:71;9:59;3:38;24:12;23:55;30:33;8:53;5:24;6:50;43:10;7:34;31:47;46:59;1:28;15:59;28:15;19:10;0:32;2:56;26:26;14:46;29:19;42:10;4:38;16:16;21:47;22:58;10:49;17:10;40:21;33:45;34:60;49:17;32:16;25:66;27:25;20:39,"47:[0,1,4,6];35:[3,4];18:[3,4,6];41:[2,4,6,7];38:[1,3,4];48:[1,4,5,6];12:[4,6];39:[1,4,5,6,7];11:[0,1,3,4,6];13:[1,3,4,6];37:[1,3,4,6,7];36:[1,3,4,6];45:[3,4,5,6];44:[0,1,2,3,4,5,6];9:[3,4,5,6,7];3:[3,4,6];24:[4];23:[0,1,4,5,6];30:[4,5,6];8:[1,3,4,5,6];5:[4,7];6:[3,4,5,6,7];43:[3];7:[3,4,6];31:[3,4,5,6];46:[0,1,3,4,6];1:[3,4];15:[1,3,4,5,6];28:[7];19:[3];0:[3,4,6];2:[1,3,4,6,7];26:[3,4];14:[1,3,4,6];29:[3];42:[3];4:[0,4,6];16:[3];21:[0,4,5,6];22:[0,1,4,5,6];10:[1,3,4,6];17:[3];40:[3,4];33:[4,5,6,7];34:[0,1,3,4,5,6];49:[3];32:[3];25:[0,1,3,4,5,6];27:[3,7];20:[3,4,6]","c47:bw=47,experts=[0,1,4,6]; c35:bw=21,experts=[3,4]; c18:bw=37,experts=[3,4,6]; c41:bw=46,experts=[2,4,6,7]; c38:bw=35,experts=[1,3,4]; c48:bw=43,experts=[1,4,5,6]; c12:bw=27,experts=[4,6]; c39:bw=55,experts=[1,4,5,6,7]; c11:bw=57,experts=[0,1,3,4,6]; c13:bw=42,experts=[1,3,4,6]; c37:bw=51,experts=[1,3,4,6,7]; c36:bw=44,experts=[1,3,4,6]; c45:bw=48,experts=[3,4,5,6]; c44:bw=71,experts=[0,1,2,3,4,5,6]; c9:bw=59,experts=[3,4,5,6,7]; c3:bw=38,experts=[3,4,6]; c24:bw=12,experts=[4]; c23:bw=55,experts=[0,1,4,5,6]; c30:bw=33,experts=[4,5,6]; c8:bw=53,experts=[1,3,4,5,6]; c5:bw=24,experts=[4,7]; c6:bw=50,experts=[3,4,5,6,7]; c43:bw=10,experts=[3]; c7:bw=34,experts=[3,4,6]; c31:bw=47,experts=[3,4,5,6]; c46:bw=59,experts=[0,1,3,4,6]; c1:bw=28,experts=[3,4]; c15:bw=59,experts=[1,3,4,5,6]; c28:bw=15,experts=[7]; c19:bw=10,experts=[3]; c0:bw=32,experts=[3,4,6]; c2:bw=56,experts=[1,3,4,6,7]; c26:bw=26,experts=[3,4]; c14:bw=46,experts=[1,3,4,6]; c29:bw=19,experts=[3]; c42:bw=10,experts=[3]; c4:bw=38,experts=[0,4,6]; c16:bw=16,experts=[3]; c21:bw=47,experts=[0,4,5,6]; c22:bw=58,experts=[0,1,4,5,6]; c10:bw=49,experts=[1,3,4,6]; c17:bw=10,experts=[3]; c40:bw=21,experts=[3,4]; c33:bw=45,experts=[4,5,6,7]; c34:bw=60,experts=[0,1,3,4,5,6]; c49:bw=17,experts=[3]; c32:bw=16,experts=[3]; c25:bw=66,experts=[0,1,3,4,5,6]; c27:bw=25,experts=[3,7]; c20:bw=39,experts=[3,4,6]","1.2372,1.4931,1.6130,0.9410,1.1892,1.1952,1.1818,1.7241,1.3193,1.3222,1.4019,1.3659,2.4173,1.2532,1.6926,1.6920,1.2869,1.8941,1.6904,1.3427,2.3858,1.9358,1.3701,1.1294,1.8288,1.3580,1.5611,1.3568,1.3700,1.5784,0.9485,1.1630,1.9032,2.0377,1.8741,1.5695,1.8279,2.4082,2.1674,2.0462,1.5525,1.3851,1.6678,1.7082,1.4316,3.6847,1.8905,2.8725,1.7944,1.9092"
65,2026-09-24 15:38:42,Ours,0.01,2.2384313873828807,44.42,44.42,65,95.1844,1:35.18,82.6561,11.1482,1.3746,6220.4126,1:43:40.41,50,"27,1,41,0,4,25,20,47,10,28,46,6,3,11,49,45,9,2,44,39,15,21,43,31,23,36,24,16,19,40,38,30,29,18,48,7,35,13,37,33,42,22,26,5,32,17,14,12,34,8",27:30;1:58;41:40;0:41;4:57;25:64;20:35;47:40;10:26;28:31;46:40;6:50;3:42;11:10;49:66;45:42;9:47;2:28;44:58;39:48;15:38;21:42;43:67;31:51;23:10;36:10;24:55;16:45;19:28;40:15;38:49;30:40;29:10;18:18;48:54;7:10;35:23;13:48;37:10;33:16;42:48;22:51;26:29;5:29;32:36;17:26;14:45;12:44;34:24;8:66,"27:[1,4,6];1:[0,1,4,5,6];41:[1,4,5,6];0:[1,4,6,7];4:[0,1,3,4,6];25:[0,1,4,5,6,7];20:[1,4,6];47:[4,5,6,7];10:[0,2];28:[1,4,6];46:[0,1,4,6];6:[0,1,4,5,6];3:[1,4,5,6];11:[7];49:[0,1,4,5,6,7];45:[0,4,6,7];9:[1,4,5,6];2:[4,6];44:[0,1,4,5,6];39:[1,4,5,6];15:[4,5,6];21:[1,4,5,6];43:[0,1,2,4,6,7];31:[1,2,4,5,6];23:[4];36:[4];24:[0,1,4,5,6];16:[0,1,4,6];19:[4,7];40:[4];38:[1,4,6,7];30:[1,4,5,6];29:[7];18:[4];48:[0,1,4,5,6];7:[4];35:[4,7];13:[1,4,6,7];37:[4];33:[4];42:[0,4,6,7];22:[0,1,4,5,6];26:[4,7];5:[4,6];32:[0,4,6];17:[4,6];14:[1,4,5,6];12:[3,4,5,6];34:[4,7];8:[0,1,4,5,6,7]","c27:bw=30,experts=[1,4,6]; c1:bw=58,experts=[0,1,4,5,6]; c41:bw=40,experts=[1,4,5,6]; c0:bw=41,experts=[1,4,6,7]; c4:bw=57,experts=[0,1,3,4,6]; c25:bw=64,experts=[0,1,4,5,6,7]; c20:bw=35,experts=[1,4,6]; c47:bw=40,experts=[4,5,6,7]; c10:bw=26,experts=[0,2]; c28:bw=31,experts=[1,4,6]; c46:bw=40,experts=[0,1,4,6]; c6:bw=50,experts=[0,1,4,5,6]; c3:bw=42,experts=[1,4,5,6]; c11:bw=10,experts=[7]; c49:bw=66,experts=[0,1,4,5,6,7]; c45:bw=42,experts=[0,4,6,7]; c9:bw=47,experts=[1,4,5,6]; c2:bw=28,experts=[4,6]; c44:bw=58,experts=[0,1,4,5,6]; c39:bw=48,experts=[1,4,5,6]; c15:bw=38,experts=[4,5,6]; c21:bw=42,experts=[1,4,5,6]; c43:bw=67,experts=[0,1,2,4,6,7]; c31:bw=51,experts=[1,2,4,5,6]; c23:bw=10,experts=[4]; c36:bw=10,experts=[4]; c24:bw=55,experts=[0,1,4,5,6]; c16:bw=45,experts=[0,1,4,6]; c19:bw=28,experts=[4,7]; c40:bw=15,experts=[4]; c38:bw=49,experts=[1,4,6,7]; c30:bw=40,experts=[1,4,5,6]; c29:bw=10,experts=[7]; c18:bw=18,experts=[4]; c48:bw=54,experts=[0,1,4,5,6]; c7:bw=10,experts=[4]; c35:bw=23,experts=[4,7]; c13:bw=48,experts=[1,4,6,7]; c37:bw=10,experts=[4]; c33:bw=16,experts=[4]; c42:bw=48,experts=[0,4,6,7]; c22:bw=51,experts=[0,1,4,5,6]; c26:bw=29,experts=[4,7]; c5:bw=29,experts=[4,6]; c32:bw=36,experts=[0,4,6]; c17:bw=26,experts=[4,6]; c14:bw=45,experts=[1,4,5,6]; c12:bw=44,experts=[3,4,5,6]; c34:bw=24,experts=[4,7]; c8:bw=66,experts=[0,1,4,5,6,7]","1.7849,1.5561,0.9056,0.8966,1.9118,2.8664,1.9143,1.2459,1.5546,1.3729,1.2984,1.9298,1.7475,1.3382,3.7064,2.4010,1.6773,1.1531,1.2890,1.6160,1.3337,2.2136,1.3833,1.7958,1.8360,1.2908,1.2688,2.4023,1.5802,1.6501,1.1863,1.7776,1.9149,1.5607,1.1180,1.1207,1.4830,1.2880,1.3824,1.7095,1.6224,2.0643,1.8463,2.3334,1.9045,1.4313,2.0484,1.1860,1.4414,1.3163"
66,2026-09-24 15:40:18,Ours,0.01,2.2052610152872063,45.06,45.06,66,95.4723,1:35.47,82.686,11.3974,1.3779,6315.9271,1:45:15.93,50,"9,6,5,36,26,14,30,35,22,47,38,25,49,12,18,0,48,37,44,19,31,4,23,20,17,42,45,2,11,33,16,41,28,15,21,1,7,27,39,3,43,29,46,40,34,10,13,24,32,8",9:31;6:30;5:17;36:41;26:54;14:23;30:40;35:18;22:69;47:62;38:29;25:30;49:30;12:42;18:24;0:38;48:62;37:33;44:48;19:56;31:24;4:41;23:14;20:52;17:35;42:57;45:28;2:41;11:10;33:49;16:59;41:11;28:68;15:50;21:41;1:54;7:50;27:42;39:10;3:66;43:59;29:31;46:10;40:35;34:35;10:46;13:32;24:30;32:46;8:24,"9:[0,4,6];6:[1,4,6];5:[4];36:[1,4,5,6];26:[0,1,4,5,6];14:[4,6];30:[1,3,4,6];35:[4];22:[0,1,2,4,5,6];47:[0,1,2,4,5,6];38:[0,4];25:[0,4,6];49:[1,4,6];12:[1,4,5,6];18:[4,6];0:[1,4,6];48:[0,1,2,4,5,6];37:[1,4,6];44:[1,4,5,6];19:[0,1,4,5,6];31:[4,6];4:[0,4,5,6];23:[4];20:[0,1,4,5,6];17:[1,4,6];42:[0,1,4,5,6];45:[4,6];2:[1,2,4,6];11:[4];33:[1,4,5,6];16:[0,1,4,5,6];41:[4];28:[0,1,2,4,5,6];15:[0,1,4,5,6];21:[2,4,6,7];1:[0,1,4,5,6];7:[0,1,4,5,6];27:[0,1,4,6];39:[4];3:[0,1,2,4,5,6];43:[0,1,4,5,6];29:[2,4,6];46:[4];40:[1,4,6];34:[0,4,6];10:[1,4,5,6];13:[1,4,6];24:[1,4,6];32:[1,4,5,6];8:[4,6]","c9:bw=31,experts=[0,4,6]; c6:bw=30,experts=[1,4,6]; c5:bw=17,experts=[4]; c36:bw=41,experts=[1,4,5,6]; c26:bw=54,experts=[0,1,4,5,6]; c14:bw=23,experts=[4,6]; c30:bw=40,experts=[1,3,4,6]; c35:bw=18,experts=[4]; c22:bw=69,experts=[0,1,2,4,5,6]; c47:bw=62,experts=[0,1,2,4,5,6]; c38:bw=29,experts=[0,4]; c25:bw=30,experts=[0,4,6]; c49:bw=30,experts=[1,4,6]; c12:bw=42,experts=[1,4,5,6]; c18:bw=24,experts=[4,6]; c0:bw=38,experts=[1,4,6]; c48:bw=62,experts=[0,1,2,4,5,6]; c37:bw=33,experts=[1,4,6]; c44:bw=48,experts=[1,4,5,6]; c19:bw=56,experts=[0,1,4,5,6]; c31:bw=24,experts=[4,6]; c4:bw=41,experts=[0,4,5,6]; c23:bw=14,experts=[4]; c20:bw=52,experts=[0,1,4,5,6]; c17:bw=35,experts=[1,4,6]; c42:bw=57,experts=[0,1,4,5,6]; c45:bw=28,experts=[4,6]; c2:bw=41,experts=[1,2,4,6]; c11:bw=10,experts=[4]; c33:bw=49,experts=[1,4,5,6]; c16:bw=59,experts=[0,1,4,5,6]; c41:bw=11,experts=[4]; c28:bw=68,experts=[0,1,2,4,5,6]; c15:bw=50,experts=[0,1,4,5,6]; c21:bw=41,experts=[2,4,6,7]; c1:bw=54,experts=[0,1,4,5,6]; c7:bw=50,experts=[0,1,4,5,6]; c27:bw=42,experts=[0,1,4,6]; c39:bw=10,experts=[4]; c3:bw=66,experts=[0,1,2,4,5,6]; c43:bw=59,experts=[0,1,4,5,6]; c29:bw=31,experts=[2,4,6]; c46:bw=10,experts=[4]; c40:bw=35,experts=[1,4,6]; c34:bw=35,experts=[0,4,6]; c10:bw=46,experts=[1,4,5,6]; c13:bw=32,experts=[1,4,6]; c24:bw=30,experts=[1,4,6]; c32:bw=46,experts=[1,4,5,6]; c8:bw=24,experts=[4,6]","1.7301,1.8908,2.3834,1.3727,1.8233,2.0476,1.6940,1.5503,2.1016,1.2614,1.1901,2.9040,3.6148,1.1517,1.5783,0.8961,1.1695,1.4118,1.2757,1.6574,1.7410,1.8687,1.8863,1.9094,1.3830,1.6053,2.3672,1.1676,1.3247,1.7198,2.3785,0.8851,1.3530,1.3398,2.1783,1.5708,1.1286,1.7153,1.6359,1.7628,1.3984,1.9343,1.3318,1.6560,1.4267,1.5389,1.3274,1.2458,1.8841,1.3171"
67,2026-09-24 15:41:53,Ours,0.01,2.2003377605348944,44.93,45.06,66,95.4312,1:35.43,82.558,11.437,1.4264,6411.3978,1:46:51.40,50,"41,15,46,34,47,13,31,4,26,24,49,30,29,10,9,48,43,16,17,42,5,7,0,8,22,35,23,1,32,33,2,12,11,44,38,36,27,6,3,45,19,37,20,39,21,28,25,18,40,14",41:42;15:49;46:49;34:54;47:34;13:39;31:65;4:51;26:31;24:44;49:28;30:16;29:25;10:36;9:60;48:49;43:33;16:53;17:48;42:38;5:48;7:59;0:32;8:10;22:47;35:30;23:53;1:36;32:53;33:14;2:43;12:44;11:43;44:21;38:62;36:40;27:59;6:53;3:25;45:46;19:14;37:51;20:27;39:44;21:53;28:10;25:51;18:31;40:20;14:18,"41:[1,4,5,6];15:[1,4,5,6];46:[1,4,5,6];34:[0,1,4,5,6];47:[4,5,6];13:[1,4,6];31:[0,1,2,4,5,6];4:[0,1,4,5,6];26:[0,4,6];24:[1,4,5,6];49:[4,6];30:[4];29:[4,6];10:[4,5,6];9:[0,1,2,4,5,6];48:[1,3,4,6];43:[1,4,6];16:[0,1,4,5,6];17:[0,1,4,6];42:[4,5,6];5:[0,1,4,6];7:[0,1,4,5,6];0:[0,4,6];8:[4];22:[1,4,5,6];35:[4,5,6];23:[1,4,5,6,7];1:[0,4,6];32:[0,1,4,5,6];33:[4];2:[1,4,5,6];12:[0,4,5,6];11:[1,4,5,6];44:[4,6];38:[0,1,2,4,5,6];36:[1,4,5,6];27:[1,2,4,5,6];6:[0,1,4,5,6];3:[4,6];45:[1,4,5,6];19:[4];37:[0,1,4,5,6];20:[4,6];39:[0,3,4,6];21:[0,1,4,5,6];28:[4];25:[0,1,4,5,6];18:[0,4,6];40:[4,6];14:[4]","c41:bw=42,experts=[1,4,5,6]; c15:bw=49,experts=[1,4,5,6]; c46:bw=49,experts=[1,4,5,6]; c34:bw=54,experts=[0,1,4,5,6]; c47:bw=34,experts=[4,5,6]; c13:bw=39,experts=[1,4,6]; c31:bw=65,experts=[0,1,2,4,5,6]; c4:bw=51,experts=[0,1,4,5,6]; c26:bw=31,experts=[0,4,6]; c24:bw=44,experts=[1,4,5,6]; c49:bw=28,experts=[4,6]; c30:bw=16,experts=[4]; c29:bw=25,experts=[4,6]; c10:bw=36,experts=[4,5,6]; c9:bw=60,experts=[0,1,2,4,5,6]; c48:bw=49,experts=[1,3,4,6]; c43:bw=33,experts=[1,4,6]; c16:bw=53,experts=[0,1,4,5,6]; c17:bw=48,experts=[0,1,4,6]; c42:bw=38,experts=[4,5,6]; c5:bw=48,experts=[0,1,4,6]; c7:bw=59,experts=[0,1,4,5,6]; c0:bw=32,experts=[0,4,6]; c8:bw=10,experts=[4]; c22:bw=47,experts=[1,4,5,6]; c35:bw=30,experts=[4,5,6]; c23:bw=53,experts=[1,4,5,6,7]; c1:bw=36,experts=[0,4,6]; c32:bw=53,experts=[0,1,4,5,6]; c33:bw=14,experts=[4]; c2:bw=43,experts=[1,4,5,6]; c12:bw=44,experts=[0,4,5,6]; c11:bw=43,experts=[1,4,5,6]; c44:bw=21,experts=[4,6]; c38:bw=62,experts=[0,1,2,4,5,6]; c36:bw=40,experts=[1,4,5,6]; c27:bw=59,experts=[1,2,4,5,6]; c6:bw=53,experts=[0,1,4,5,6]; c3:bw=25,experts=[4,6]; c45:bw=46,experts=[1,4,5,6]; c19:bw=14,experts=[4]; c37:bw=51,experts=[0,1,4,5,6]; c20:bw=27,experts=[4,6]; c39:bw=44,experts=[0,3,4,6]; c21:bw=53,experts=[0,1,4,5,6]; c28:bw=10,experts=[4]; c25:bw=51,experts=[0,1,4,5,6]; c18:bw=31,experts=[0,4,6]; c40:bw=20,experts=[4,6]; c14:bw=18,experts=[4]","0.8609,1.3407,1.3042,1.3808,1.2254,1.3435,1.8144,1.9082,1.9117,1.3178,3.7028,1.6523,1.9067,1.5161,1.6806,1.1946,1.4136,2.4666,1.3818,1.5561,2.3104,1.0894,0.8813,1.3060,2.0312,1.5019,1.8912,1.5704,1.9102,1.6821,1.1529,1.1745,1.3415,1.2251,1.1662,1.3864,1.8094,1.8975,1.7449,2.3816,1.5849,1.4144,1.8539,1.6271,2.1233,1.3976,2.8761,1.6084,1.6768,2.0625"
68,2026-09-24 15:43:29,Ours,0.01,2.199980501265736,45.17,45.17,68,95.6617,1:35.66,83.2326,10.9965,1.4271,6507.0996,1:48:27.10,50,"1,27,3,5,45,2,40,17,4,15,6,9,14,34,35,43,24,33,22,21,28,11,48,0,26,29,41,30,18,13,10,31,46,39,36,16,23,8,20,38,25,32,49,42,7,37,12,19,44,47",1:42;27:48;3:26;5:45;45:33;2:58;40:30;17:72;4:49;15:28;6:32;9:15;14:10;34:56;35:30;43:24;24:32;33:34;22:15;21:29;28:40;11:14;48:35;0:30;26:40;29:57;41:23;30:29;18:54;13:35;10:31;31:16;46:10;39:10;36:53;16:54;23:46;8:31;20:38;38:59;25:47;32:49;49:13;42:28;7:28;37:61;12:67;19:28;44:53;47:20,"1:[0,1,4,6];27:[0,4,5,6];3:[4,6];5:[0,1,4,6];45:[4,5,6];2:[0,1,4,5,6];40:[2,4,5];17:[0,1,2,4,5,6,7];4:[0,4,6,7];15:[4,6];6:[0,4,6];9:[4];14:[2];34:[0,1,4,5,6];35:[1,4,6];43:[4,6];24:[1,4,6];33:[4,5,6];22:[4];21:[4,6];28:[0,1,4,6];11:[2];48:[4,5,6];0:[4,5,6];26:[0,1,4,6];29:[0,1,4,5,6];41:[4,6];30:[2,4];18:[0,1,4,5,6];13:[1,4,6];10:[1,4,6];31:[4];46:[4];39:[4];36:[0,1,4,5,6];16:[0,4,5,6,7];23:[2,4,5,6];8:[1,4,6];20:[2,4,7];38:[0,1,4,5,6];25:[1,4,5,6];32:[0,4,5,6];49:[4];42:[2,4];7:[4,7];37:[0,1,2,4,5,6];12:[0,1,2,4,5,6];19:[2,4];44:[0,1,4,5,6];47:[4,6]","c1:bw=42,experts=[0,1,4,6]; c27:bw=48,experts=[0,4,5,6]; c3:bw=26,experts=[4,6]; c5:bw=45,experts=[0,1,4,6]; c45:bw=33,experts=[4,5,6]; c2:bw=58,experts=[0,1,4,5,6]; c40:bw=30,experts=[2,4,5]; c17:bw=72,experts=[0,1,2,4,5,6,7]; c4:bw=49,experts=[0,4,6,7]; c15:bw=28,experts=[4,6]; c6:bw=32,experts=[0,4,6]; c9:bw=15,experts=[4]; c14:bw=10,experts=[2]; c34:bw=56,experts=[0,1,4,5,6]; c35:bw=30,experts=[1,4,6]; c43:bw=24,experts=[4,6]; c24:bw=32,experts=[1,4,6]; c33:bw=34,experts=[4,5,6]; c22:bw=15,experts=[4]; c21:bw=29,experts=[4,6]; c28:bw=40,experts=[0,1,4,6]; c11:bw=14,experts=[2]; c48:bw=35,experts=[4,5,6]; c0:bw=30,experts=[4,5,6]; c26:bw=40,experts=[0,1,4,6]; c29:bw=57,experts=[0,1,4,5,6]; c41:bw=23,experts=[4,6]; c30:bw=29,experts=[2,4]; c18:bw=54,experts=[0,1,4,5,6]; c13:bw=35,experts=[1,4,6]; c10:bw=31,experts=[1,4,6]; c31:bw=16,experts=[4]; c46:bw=10,experts=[4]; c39:bw=10,experts=[4]; c36:bw=53,experts=[0,1,4,5,6]; c16:bw=54,experts=[0,4,5,6,7]; c23:bw=46,experts=[2,4,5,6]; c8:bw=31,experts=[1,4,6]; c20:bw=38,experts=[2,4,7]; c38:bw=59,experts=[0,1,4,5,6]; c25:bw=47,experts=[1,4,5,6]; c32:bw=49,experts=[0,4,5,6]; c49:bw=13,experts=[4]; c42:bw=28,experts=[2,4]; c7:bw=28,experts=[4,7]; c37:bw=61,experts=[0,1,2,4,5,6]; c12:bw=67,experts=[0,1,2,4,5,6]; c19:bw=28,experts=[2,4]; c44:bw=53,experts=[0,1,4,5,6]; c47:bw=20,experts=[4,6]","1.5861,1.8336,1.7616,2.3604,2.3375,1.1680,1.6099,1.3653,1.8864,1.3504,1.9035,1.7159,2.0607,1.4202,1.4659,1.4200,1.3123,1.7313,2.0556,2.2584,1.3883,1.3259,1.1812,0.9189,1.9411,1.9047,0.9055,1.6928,1.6132,1.3325,1.5724,1.7975,1.3582,1.6885,1.3710,2.4677,1.8803,1.3204,1.9226,1.2255,2.9401,1.9149,3.5478,1.6008,1.1554,1.4045,1.1818,1.5778,1.2642,1.2339"
69,2026-09-24 15:45:05,Ours,0.01,2.2022216598749775,45.61,45.61,69,96.0764,1:36.08,83.0846,11.5294,1.4513,6603.216,1:50:03.22,50,"39,20,33,15,44,34,23,0,22,7,21,16,24,37,4,25,5,2,6,43,26,40,13,31,12,10,38,41,9,8,28,30,45,14,11,42,48,27,18,36,49,35,32,29,3,1,47,17,19,46",39:51;20:28;33:27;15:20;44:47;34:32;23:33;0:52;22:44;7:58;21:58;16:60;24:53;37:43;4:41;25:31;5:39;2:66;6:26;43:10;26:42;40:67;13:67;31:15;12:10;10:16;38:40;41:28;9:35;8:42;28:58;30:10;45:70;14:37;11:45;42:53;48:61;27:46;18:10;36:30;49:48;35:26;32:53;29:34;3:41;1:31;47:44;17:48;19:43;46:10,"39:[1,2,4,5,6];20:[4,6];33:[0,2];15:[4,7];44:[1,4,5,6];34:[4,5,6];23:[4,5,6];0:[1,2,4,5,6];22:[1,4,5,6];7:[0,1,4,5,6];21:[0,1,3,4,6];16:[0,1,2,4,5,6];24:[0,1,4,5,6];37:[1,4,5,6];4:[0,4,5,6];25:[0,4,6];5:[1,4,6];2:[0,1,2,4,5,6];6:[4,6];43:[4];26:[1,4,5,6];40:[0,1,2,4,5,6];13:[0,1,2,4,5,6];31:[7];12:[4];10:[4];38:[1,4,5,6];41:[0,4];9:[1,4,6];8:[0,1,4,6];28:[0,1,4,5,6];30:[0];45:[0,1,2,4,5,6,7];14:[4,6,7];11:[1,4,5,6];42:[0,1,4,5,6];48:[0,1,2,4,5,6];27:[0,1,4,6];18:[4];36:[1,4,6];49:[1,2,4,6];35:[4,6];32:[2,4,5,6,7];29:[4,5,6];3:[0,1,4,6];1:[4,5,6];47:[1,4,5,6];17:[0,1,4,6];19:[1,4,5,6];46:[2]","c39:bw=51,experts=[1,2,4,5,6]; c20:bw=28,experts=[4,6]; c33:bw=27,experts=[0,2]; c15:bw=20,experts=[4,7]; c44:bw=47,experts=[1,4,5,6]; c34:bw=32,experts=[4,5,6]; c23:bw=33,experts=[4,5,6]; c0:bw=52,experts=[1,2,4,5,6]; c22:bw=44,experts=[1,4,5,6]; c7:bw=58,experts=[0,1,4,5,6]; c21:bw=58,experts=[0,1,3,4,6]; c16:bw=60,experts=[0,1,2,4,5,6]; c24:bw=53,experts=[0,1,4,5,6]; c37:bw=43,experts=[1,4,5,6]; c4:bw=41,experts=[0,4,5,6]; c25:bw=31,experts=[0,4,6]; c5:bw=39,experts=[1,4,6]; c2:bw=66,experts=[0,1,2,4,5,6]; c6:bw=26,experts=[4,6]; c43:bw=10,experts=[4]; c26:bw=42,experts=[1,4,5,6]; c40:bw=67,experts=[0,1,2,4,5,6]; c13:bw=67,experts=[0,1,2,4,5,6]; c31:bw=15,experts=[7]; c12:bw=10,experts=[4]; c10:bw=16,experts=[4]; c38:bw=40,experts=[1,4,5,6]; c41:bw=28,experts=[0,4]; c9:bw=35,experts=[1,4,6]; c8:bw=42,experts=[0,1,4,6]; c28:bw=58,experts=[0,1,4,5,6]; c30:bw=10,experts=[0]; c45:bw=70,experts=[0,1,2,4,5,6,7]; c14:bw=37,experts=[4,6,7]; c11:bw=45,experts=[1,4,5,6]; c42:bw=53,experts=[0,1,4,5,6]; c48:bw=61,experts=[0,1,2,4,5,6]; c27:bw=46,experts=[0,1,4,6]; c18:bw=10,experts=[4]; c36:bw=30,experts=[1,4,6]; c49:bw=48,experts=[1,2,4,6]; c35:bw=26,experts=[4,6]; c32:bw=53,experts=[2,4,5,6,7]; c29:bw=34,experts=[4,5,6]; c3:bw=41,experts=[0,1,4,6]; c1:bw=31,experts=[4,5,6]; c47:bw=44,experts=[1,4,5,6]; c17:bw=48,experts=[0,1,4,6]; c19:bw=43,experts=[1,4,5,6]; c46:bw=10,experts=[2]","1.6934,1.9020,1.6654,1.3620,1.2916,1.4166,1.8874,0.9000,2.0439,1.1390,2.1857,2.5175,1.2974,1.4205,1.8851,2.9312,2.4234,1.1692,1.9024,1.3946,1.8935,1.6915,1.3495,1.8207,1.1574,1.5454,1.1720,0.8943,1.7051,1.3143,1.4162,1.6881,2.3811,2.0378,1.3563,1.6145,1.1722,1.8079,1.6061,1.3518,3.5931,1.4950,1.9059,1.9100,1.7629,1.5536,1.1762,1.3788,1.5499,1.3550"
70,2026-09-24 15:46:41,Ours,0.01,2.1817239050381496,45.97,45.97,70,95.7747,1:35.77,82.9993,11.2888,1.4752,6699.036,1:51:39.04,50,"12,41,26,5,47,9,40,13,49,33,28,19,43,16,38,18,4,1,6,0,3,21,15,10,7,42,46,48,11,39,32,2,31,29,8,34,35,17,45,27,37,23,22,24,30,20,36,25,14,44",12:40;41:24;26:27;5:23;47:54;9:10;40:64;13:33;49:55;33:43;28:63;19:37;43:41;16:67;38:20;18:63;4:58;1:24;6:26;0:30;3:32;21:35;15:75;10:58;7:28;42:19;46:27;48:53;11:53;39:10;32:29;2:55;31:41;29:29;8:48;34:60;35:36;17:41;45:39;27:24;37:62;23:30;22:10;24:10;30:41;20:36;36:37;25:10;14:10;44:22,"12:[4,5,6,7];41:[3,4];26:[4,6];5:[2,5];47:[0,1,4,5,6];9:[4];40:[0,1,2,4,5,6];13:[0,4,6];49:[0,1,4,5,6];33:[1,3,4,6];28:[0,1,2,3,4,6];19:[4,5,6];43:[0,1,4,6];16:[0,1,2,4,5,6];38:[4,6];18:[0,1,2,4,5,6];4:[1,2,4,5,6];1:[2,7];6:[2,4];0:[1,4,6];3:[1,4,6];21:[1,4,6];15:[0,1,2,3,4,5,6];10:[1,4,5,6,7];7:[4,6];42:[4];46:[4,7];48:[0,1,4,5,6];11:[0,1,4,5,6];39:[4];32:[4,6];2:[0,1,4,5,6];31:[1,4,5,6];29:[4,6];8:[2,4,5,6];34:[0,1,2,4,5,6];35:[0,2,4];17:[0,1,4,6];45:[4,5,6];27:[4,6];37:[0,1,2,4,5,6];23:[0,4,6];22:[4];24:[2];30:[0,1,4,6];20:[4,5,6];36:[2,4,7];25:[4];14:[4];44:[4,6]","c12:bw=40,experts=[4,5,6,7]; c41:bw=24,experts=[3,4]; c26:bw=27,experts=[4,6]; c5:bw=23,experts=[2,5]; c47:bw=54,experts=[0,1,4,5,6]; c9:bw=10,experts=[4]; c40:bw=64,experts=[0,1,2,4,5,6]; c13:bw=33,experts=[0,4,6]; c49:bw=55,experts=[0,1,4,5,6]; c33:bw=43,experts=[1,3,4,6]; c28:bw=63,experts=[0,1,2,3,4,6]; c19:bw=37,experts=[4,5,6]; c43:bw=41,experts=[0,1,4,6]; c16:bw=67,experts=[0,1,2,4,5,6]; c38:bw=20,experts=[4,6]; c18:bw=63,experts=[0,1,2,4,5,6]; c4:bw=58,experts=[1,2,4,5,6]; c1:bw=24,experts=[2,7]; c6:bw=26,experts=[2,4]; c0:bw=30,experts=[1,4,6]; c3:bw=32,experts=[1,4,6]; c21:bw=35,experts=[1,4,6]; c15:bw=75,experts=[0,1,2,3,4,5,6]; c10:bw=58,experts=[1,4,5,6,7]; c7:bw=28,experts=[4,6]; c42:bw=19,experts=[4]; c46:bw=27,experts=[4,7]; c48:bw=53,experts=[0,1,4,5,6]; c11:bw=53,experts=[0,1,4,5,6]; c39:bw=10,experts=[4]; c32:bw=29,experts=[4,6]; c2:bw=55,experts=[0,1,4,5,6]; c31:bw=41,experts=[1,4,5,6]; c29:bw=29,experts=[4,6]; c8:bw=48,experts=[2,4,5,6]; c34:bw=60,experts=[0,1,2,4,5,6]; c35:bw=36,experts=[0,2,4]; c17:bw=41,experts=[0,1,4,6]; c45:bw=39,experts=[4,5,6]; c27:bw=24,experts=[4,6]; c37:bw=62,experts=[0,1,2,4,5,6]; c23:bw=30,experts=[0,4,6]; c22:bw=10,experts=[4]; c24:bw=10,experts=[2]; c30:bw=41,experts=[0,1,4,6]; c20:bw=36,experts=[4,5,6]; c36:bw=37,experts=[2,4,7]; c25:bw=10,experts=[4]; c14:bw=10,experts=[4]; c44:bw=22,experts=[4,6]","1.1842,0.9229,1.8865,2.3310,1.2308,1.7182,1.5884,1.3388,3.7193,1.7334,1.4355,1.6190,1.4153,2.4819,1.1718,1.6453,1.9131,1.6100,1.9299,0.9101,1.7506,2.1846,1.3518,1.5427,1.1388,1.5268,1.3070,1.1618,1.3303,1.6380,1.8788,1.1620,1.8156,1.9111,1.3142,1.4111,1.4727,1.3946,2.3906,1.7797,1.4064,1.8969,2.0211,1.2579,1.6941,1.8873,1.3606,2.8794,2.0538,1.2934"
71,2026-09-24 15:48:17,Ours,0.01,2.1855294638891416,46.36,46.36,71,95.6758,1:35.68,82.7292,11.4952,1.44,6794.7553,1:53:14.76,50,"43,35,16,15,27,31,20,39,8,1,38,28,6,42,22,41,19,34,36,24,14,5,17,18,9,32,21,13,47,25,40,12,49,2,23,29,44,3,48,0,45,11,33,7,4,37,10,26,30,46",43:48;35:49;16:19;15:28;27:43;31:64;20:31;39:28;8:39;1:52;38:35;28:18;6:50;42:44;22:29;41:56;19:54;34:65;36:15;24:58;14:10;5:33;17:61;18:45;9:40;32:41;21:30;13:25;47:46;25:38;40:10;12:43;49:40;2:61;23:33;29:53;44:19;3:62;48:44;0:16;45:48;11:44;33:60;7:20;4:42;37:60;10:69;26:45;30:41;46:54,"43:[0,1,4,6];35:[1,4,5,6];16:[4];15:[4,6];27:[1,4,5,6];31:[0,1,2,4,5,6];20:[1,4,6];39:[4,6];8:[1,4,6];1:[0,1,4,5,6];38:[0,4,6];28:[4];6:[0,1,4,5,6];42:[0,4,5,6];22:[3,7];41:[0,1,4,5,6];19:[0,1,4,5,6];34:[0,1,2,4,5,6];36:[4];24:[1,3,4,6,7];14:[0];5:[3,4,6];17:[0,1,2,4,5,6];18:[4,5,6,7];9:[1,4,5,6];32:[1,4,5,6];21:[4,5,6];13:[4,6];47:[3,4,5,6];25:[2,4,6];40:[7];12:[1,4,5,6];49:[1,4,5,6];2:[0,1,3,4,5,6];23:[3,4,6];29:[0,1,4,5,6];44:[7];3:[0,1,4,5,6,7];48:[4,5,6,7];0:[4];45:[0,1,4,6];11:[1,4,5,6];33:[0,1,2,4,5,6];7:[2,4];4:[0,1,4,6];37:[0,1,2,4,5,6];10:[0,1,2,4,5,6];26:[0,2,4,6];30:[4,5,6,7];46:[0,1,4,5,6]","c43:bw=48,experts=[0,1,4,6]; c35:bw=49,experts=[1,4,5,6]; c16:bw=19,experts=[4]; c15:bw=28,experts=[4,6]; c27:bw=43,experts=[1,4,5,6]; c31:bw=64,experts=[0,1,2,4,5,6]; c20:bw=31,experts=[1,4,6]; c39:bw=28,experts=[4,6]; c8:bw=39,experts=[1,4,6]; c1:bw=52,experts=[0,1,4,5,6]; c38:bw=35,experts=[0,4,6]; c28:bw=18,experts=[4]; c6:bw=50,experts=[0,1,4,5,6]; c42:bw=44,experts=[0,4,5,6]; c22:bw=29,experts=[3,7]; c41:bw=56,experts=[0,1,4,5,6]; c19:bw=54,experts=[0,1,4,5,6]; c34:bw=65,experts=[0,1,2,4,5,6]; c36:bw=15,experts=[4]; c24:bw=58,experts=[1,3,4,6,7]; c14:bw=10,experts=[0]; c5:bw=33,experts=[3,4,6]; c17:bw=61,experts=[0,1,2,4,5,6]; c18:bw=45,experts=[4,5,6,7]; c9:bw=40,experts=[1,4,5,6]; c32:bw=41,experts=[1,4,5,6]; c21:bw=30,experts=[4,5,6]; c13:bw=25,experts=[4,6]; c47:bw=46,experts=[3,4,5,6]; c25:bw=38,experts=[2,4,6]; c40:bw=10,experts=[7]; c12:bw=43,experts=[1,4,5,6]; c49:bw=40,experts=[1,4,5,6]; c2:bw=61,experts=[0,1,3,4,5,6]; c23:bw=33,experts=[3,4,6]; c29:bw=53,experts=[0,1,4,5,6]; c44:bw=19,experts=[7]; c3:bw=62,experts=[0,1,4,5,6,7]; c48:bw=44,experts=[4,5,6,7]; c0:bw=16,experts=[4]; c45:bw=48,experts=[0,1,4,6]; c11:bw=44,experts=[1,4,5,6]; c33:bw=60,experts=[0,1,2,4,5,6]; c7:bw=20,experts=[2,4]; c4:bw=42,experts=[0,1,4,6]; c37:bw=60,experts=[0,1,2,4,5,6]; c10:bw=69,experts=[0,1,2,4,5,6]; c26:bw=45,experts=[0,2,4,6]; c30:bw=41,experts=[4,5,6,7]; c46:bw=54,experts=[0,1,4,5,6]","1.4016,1.4995,2.4380,1.3430,1.8131,1.8139,1.8656,1.7747,1.3357,1.6051,1.1772,1.3876,1.9044,1.6120,2.0456,0.9144,1.5459,1.4451,1.3681,1.3041,2.0726,2.3682,1.3779,1.5972,1.6873,1.9074,2.1857,1.3132,1.2192,2.8057,1.6558,1.1601,3.6572,1.1670,1.8287,1.8984,1.2594,1.7096,1.1441,0.9131,2.3946,1.3152,1.7348,1.1320,1.8734,1.4130,1.5052,1.8517,1.6378,1.3489"
72,2026-09-24 15:49:53,Ours,0.01,2.2204686729198015,46.3,46.36,71,96.0505,1:36.05,83.3194,11.2648,1.4609,6890.849,1:54:50.85,50,"11,24,38,15,28,26,43,13,39,35,48,17,9,19,8,5,7,25,49,29,30,32,1,14,41,37,23,27,0,18,45,6,10,34,20,47,42,2,22,46,33,12,40,36,4,3,21,31,44,16",11:10;24:18;38:55;15:41;28:23;26:44;43:13;13:54;39:10;35:46;48:18;17:18;9:38;19:32;8:30;5:43;7:48;25:29;49:14;29:59;30:50;32:30;1:39;14:43;41:23;37:53;23:41;27:46;0:52;18:29;45:35;6:19;10:28;34:10;20:41;47:41;42:38;2:23;22:75;46:43;33:11;12:28;40:36;36:35;4:39;3:23;21:62;31:55;44:10;16:46,"11:[3];24:[4];38:[1,3,4,5,6];15:[0,1,4,6];28:[4,7];26:[3,4,5,6];43:[3];13:[1,3,4,5,6];39:[7];35:[3,4,5,6];48:[4];17:[3];9:[3,4,7];19:[3,4,6];8:[3,4,6];5:[0,4,6,7];7:[1,3,4,6];25:[3,4];49:[3];29:[0,1,3,4,6];30:[0,1,4,5,6];32:[3,4,6];1:[3,4,6];14:[3,4,5,6];41:[2,7];37:[1,3,4,6,7];23:[1,4,5,6];27:[3,4,6,7];0:[0,1,3,4,6];18:[3,4];45:[3,4,6];6:[3];10:[3,4];34:[3];20:[3,4,5,6];47:[0,1,4,6];42:[3,4,6];2:[4,7];22:[0,1,2,4,5,6,7];46:[1,3,4,6];33:[7];12:[4,6];40:[3,4,6];36:[3,4,6];4:[4,5,6];3:[3,4];21:[0,1,2,4,5,6];31:[1,3,4,5,6];44:[2];16:[0,3,4,6]","c11:bw=10,experts=[3]; c24:bw=18,experts=[4]; c38:bw=55,experts=[1,3,4,5,6]; c15:bw=41,experts=[0,1,4,6]; c28:bw=23,experts=[4,7]; c26:bw=44,experts=[3,4,5,6]; c43:bw=13,experts=[3]; c13:bw=54,experts=[1,3,4,5,6]; c39:bw=10,experts=[7]; c35:bw=46,experts=[3,4,5,6]; c48:bw=18,experts=[4]; c17:bw=18,experts=[3]; c9:bw=38,experts=[3,4,7]; c19:bw=32,experts=[3,4,6]; c8:bw=30,experts=[3,4,6]; c5:bw=43,experts=[0,4,6,7]; c7:bw=48,experts=[1,3,4,6]; c25:bw=29,experts=[3,4]; c49:bw=14,experts=[3]; c29:bw=59,experts=[0,1,3,4,6]; c30:bw=50,experts=[0,1,4,5,6]; c32:bw=30,experts=[3,4,6]; c1:bw=39,experts=[3,4,6]; c14:bw=43,experts=[3,4,5,6]; c41:bw=23,experts=[2,7]; c37:bw=53,experts=[1,3,4,6,7]; c23:bw=41,experts=[1,4,5,6]; c27:bw=46,experts=[3,4,6,7]; c0:bw=52,experts=[0,1,3,4,6]; c18:bw=29,experts=[3,4]; c45:bw=35,experts=[3,4,6]; c6:bw=19,experts=[3]; c10:bw=28,experts=[3,4]; c34:bw=10,experts=[3]; c20:bw=41,experts=[3,4,5,6]; c47:bw=41,experts=[0,1,4,6]; c42:bw=38,experts=[3,4,6]; c2:bw=23,experts=[4,7]; c22:bw=75,experts=[0,1,2,4,5,6,7]; c46:bw=43,experts=[1,3,4,6]; c33:bw=11,experts=[7]; c12:bw=28,experts=[4,6]; c40:bw=36,experts=[3,4,6]; c36:bw=35,experts=[3,4,6]; c4:bw=39,experts=[4,5,6]; c3:bw=23,experts=[3,4]; c21:bw=62,experts=[0,1,2,4,5,6]; c31:bw=55,experts=[1,3,4,5,6]; c44:bw=10,experts=[2]; c16:bw=46,experts=[0,3,4,6]","1.3291,1.2688,1.1591,1.3475,1.4216,1.9161,1.4056,1.3747,1.6789,1.5025,1.1758,1.3906,1.7248,1.5951,1.3343,2.3818,1.1573,2.8634,3.6988,1.9255,1.7143,1.8940,1.5076,2.0660,0.9200,1.4261,1.8873,1.8007,0.9107,1.5597,2.3632,1.8742,1.5634,1.4412,1.9206,1.2275,1.5899,1.1671,2.0797,1.3792,1.7221,1.1803,1.6962,1.3656,1.8834,1.7490,2.1913,1.8153,1.2991,2.4734"
73,2026-09-24 15:51:29,Ours,0.01,2.221535181993889,46.54,46.54,73,96.2528,1:36.25,83.6395,11.1634,1.4414,6987.1454,1:56:27.15,50,"21,9,15,49,24,40,42,7,8,12,6,41,2,37,1,46,13,35,17,34,28,14,29,23,0,43,32,3,48,22,30,36,31,25,18,39,5,45,19,16,4,27,38,47,20,11,44,10,33,26",21:29;9:52;15:47;49:10;24:66;40:67;42:47;7:37;8:11;12:37;6:20;41:64;2:47;37:56;1:66;46:53;13:50;35:16;17:17;34:11;28:33;14:16;29:13;23:33;0:28;43:40;32:10;3:40;48:69;22:24;30:54;36:42;31:35;25:24;18:34;39:20;5:17;45:45;19:10;16:61;4:41;27:48;38:10;47:11;20:62;11:46;44:16;10:42;33:22;26:10,"21:[4,6];9:[0,1,4,5,6];15:[1,4,5,6];49:[7];24:[0,1,2,4,5,6];40:[0,1,2,4,5,6];42:[4,5,6,7];7:[0,4,6];8:[7];12:[3,4,6];6:[4,7];41:[0,1,2,4,5,6];2:[1,4,5,6];37:[0,1,4,5,6];1:[0,1,2,4,5,6];46:[0,1,4,5,6];13:[1,4,5,6,7];35:[7];17:[4];34:[7];28:[4,5,6];14:[1];29:[7];23:[0,4,6];0:[4,7];43:[2,4,6,7];32:[4];3:[0,1,4,6];48:[0,1,2,4,5,6];22:[4,6];30:[0,1,4,5,6];36:[1,4,5,6];31:[4,5,6];25:[4,7];18:[4,5,6];39:[4,6];5:[4];45:[1,4,5,6];19:[7];16:[0,1,2,4,5,6];4:[3,4,5,6];27:[1,4,5,6];38:[7];47:[7];20:[0,1,2,4,5,6];11:[4,5,6,7];44:[3];10:[1,4,5,6];33:[4,6];26:[7]","c21:bw=29,experts=[4,6]; c9:bw=52,experts=[0,1,4,5,6]; c15:bw=47,experts=[1,4,5,6]; c49:bw=10,experts=[7]; c24:bw=66,experts=[0,1,2,4,5,6]; c40:bw=67,experts=[0,1,2,4,5,6]; c42:bw=47,experts=[4,5,6,7]; c7:bw=37,experts=[0,4,6]; c8:bw=11,experts=[7]; c12:bw=37,experts=[3,4,6]; c6:bw=20,experts=[4,7]; c41:bw=64,experts=[0,1,2,4,5,6]; c2:bw=47,experts=[1,4,5,6]; c37:bw=56,experts=[0,1,4,5,6]; c1:bw=66,experts=[0,1,2,4,5,6]; c46:bw=53,experts=[0,1,4,5,6]; c13:bw=50,experts=[1,4,5,6,7]; c35:bw=16,experts=[7]; c17:bw=17,experts=[4]; c34:bw=11,experts=[7]; c28:bw=33,experts=[4,5,6]; c14:bw=16,experts=[1]; c29:bw=13,experts=[7]; c23:bw=33,experts=[0,4,6]; c0:bw=28,experts=[4,7]; c43:bw=40,experts=[2,4,6,7]; c32:bw=10,experts=[4]; c3:bw=40,experts=[0,1,4,6]; c48:bw=69,experts=[0,1,2,4,5,6]; c22:bw=24,experts=[4,6]; c30:bw=54,experts=[0,1,4,5,6]; c36:bw=42,experts=[1,4,5,6]; c31:bw=35,experts=[4,5,6]; c25:bw=24,experts=[4,7]; c18:bw=34,experts=[4,5,6]; c39:bw=20,experts=[4,6]; c5:bw=17,experts=[4]; c45:bw=45,experts=[1,4,5,6]; c19:bw=10,experts=[7]; c16:bw=61,experts=[0,1,2,4,5,6]; c4:bw=41,experts=[3,4,5,6]; c27:bw=48,experts=[1,4,5,6]; c38:bw=10,experts=[7]; c47:bw=11,experts=[7]; c20:bw=62,experts=[0,1,2,4,5,6]; c11:bw=46,experts=[4,5,6,7]; c44:bw=16,experts=[3]; c10:bw=42,experts=[1,4,5,6]; c33:bw=22,experts=[4,6]; c26:bw=10,experts=[7]","2.2157,1.7262,1.3668,3.6908,1.3207,1.7051,1.6124,1.1648,1.3456,1.1985,1.8972,0.9354,1.1894,1.4592,1.6049,1.3788,1.3447,1.5018,1.4186,1.4389,1.4181,2.0793,2.0072,1.8743,0.9173,1.3887,1.9044,1.7822,1.1651,2.0273,1.6682,1.3701,1.7959,2.8765,1.5966,1.6984,2.3812,2.4304,1.5814,2.4850,1.8757,1.7992,1.1711,1.2222,1.9250,1.3451,1.2175,1.5510,1.7224,1.8472"
74,2026-09-24 15:53:06,Ours,0.01,2.147838075192637,47.05,47.05,74,96.4704,1:36.47,83.8039,11.2225,1.4387,7083.6599,1:58:03.66,50,"13,40,34,22,5,32,25,10,35,19,43,33,44,42,3,0,26,27,6,46,16,48,17,47,38,14,24,29,36,23,8,1,11,41,20,9,45,39,28,21,49,15,30,12,4,2,37,18,7,31",13:42;40:40;34:34;22:45;5:50;32:18;25:59;10:25;35:42;19:20;43:56;33:53;44:24;42:31;3:10;0:40;26:32;27:20;6:10;46:67;16:48;48:30;17:62;47:31;38:41;14:32;24:16;29:14;36:26;23:46;8:28;1:28;11:37;41:13;20:42;9:32;45:55;39:28;28:16;21:66;49:10;15:50;30:20;12:10;4:47;2:10;37:37;18:60;7:65;31:47,"13:[1,4,5,6];40:[1,4,5,6];34:[0,4,6];22:[1,4,5,6];5:[0,1,4,5,6];32:[4];25:[0,1,4,5,6];10:[4,6];35:[1,4,5,6];19:[4,6];43:[0,1,4,5,6];33:[0,1,4,5,6];44:[4,6];42:[4,5,6];3:[2];0:[0,1,4,6];26:[0,4,6];27:[4,6];6:[4];46:[0,1,2,4,5,6];16:[0,1,4,6];48:[1,4,6];17:[0,1,2,4,5,6];47:[2,4,6];38:[1,4,5,6];14:[1,4,6];24:[4];29:[2];36:[4,6];23:[0,1,4,6];8:[4,6];1:[4,6];11:[4,5,6];41:[4];20:[1,4,5,6];9:[0,4,6];45:[0,1,4,5,6];39:[4,6];28:[4];21:[0,1,4,5,6,7];49:[4];15:[0,1,4,5,6];30:[3,4];12:[4];4:[0,4,5,6];2:[4];37:[4,5,6];18:[0,1,2,4,5,6];7:[0,1,2,4,5,6];31:[1,4,5,6]","c13:bw=42,experts=[1,4,5,6]; c40:bw=40,experts=[1,4,5,6]; c34:bw=34,experts=[0,4,6]; c22:bw=45,experts=[1,4,5,6]; c5:bw=50,experts=[0,1,4,5,6]; c32:bw=18,experts=[4]; c25:bw=59,experts=[0,1,4,5,6]; c10:bw=25,experts=[4,6]; c35:bw=42,experts=[1,4,5,6]; c19:bw=20,experts=[4,6]; c43:bw=56,experts=[0,1,4,5,6]; c33:bw=53,experts=[0,1,4,5,6]; c44:bw=24,experts=[4,6]; c42:bw=31,experts=[4,5,6]; c3:bw=10,experts=[2]; c0:bw=40,experts=[0,1,4,6]; c26:bw=32,experts=[0,4,6]; c27:bw=20,experts=[4,6]; c6:bw=10,experts=[4]; c46:bw=67,experts=[0,1,2,4,5,6]; c16:bw=48,experts=[0,1,4,6]; c48:bw=30,experts=[1,4,6]; c17:bw=62,experts=[0,1,2,4,5,6]; c47:bw=31,experts=[2,4,6]; c38:bw=41,experts=[1,4,5,6]; c14:bw=32,experts=[1,4,6]; c24:bw=16,experts=[4]; c29:bw=14,experts=[2]; c36:bw=26,experts=[4,6]; c23:bw=46,experts=[0,1,4,6]; c8:bw=28,experts=[4,6]; c1:bw=28,experts=[4,6]; c11:bw=37,experts=[4,5,6]; c41:bw=13,experts=[4]; c20:bw=42,experts=[1,4,5,6]; c9:bw=32,experts=[0,4,6]; c45:bw=55,experts=[0,1,4,5,6]; c39:bw=28,experts=[4,6]; c28:bw=16,experts=[4]; c21:bw=66,experts=[0,1,4,5,6,7]; c49:bw=10,experts=[4]; c15:bw=50,experts=[0,1,4,5,6]; c30:bw=20,experts=[3,4]; c12:bw=10,experts=[4]; c4:bw=47,experts=[0,4,5,6]; c2:bw=10,experts=[4]; c37:bw=37,experts=[4,5,6]; c18:bw=60,experts=[0,1,2,4,5,6]; c7:bw=65,experts=[0,1,2,4,5,6]; c31:bw=47,experts=[1,4,5,6]","1.3266,1.6821,1.4350,2.0493,2.3824,1.9194,2.9005,1.5848,1.5034,1.6040,1.4234,1.7437,1.2871,1.6103,1.7363,0.9301,1.9325,1.8169,1.9351,1.3679,2.4654,1.1666,1.4053,1.2592,1.2105,2.0893,1.3011,1.9407,1.3840,1.8891,1.3296,1.5619,1.3422,0.9189,1.9142,1.7123,2.4261,1.7185,1.4157,2.2242,3.6822,1.3581,1.7138,1.1845,1.9116,1.1595,1.3919,1.6069,1.1550,1.7949"
75,2026-09-24 15:54:43,Ours,0.01,2.1289497603866887,47.28,47.28,75,97.0372,1:37.04,84.0029,11.5783,1.4446,7180.7432,1:59:40.74,50,"17,43,46,11,23,0,47,4,49,21,32,35,25,27,36,6,19,14,38,20,24,41,42,9,28,48,16,40,1,15,5,26,18,31,12,44,2,7,34,10,37,30,29,3,13,45,33,8,22,39",17:43;43:66;46:33;11:42;23:35;0:60;47:19;4:56;49:31;21:50;32:20;35:26;25:17;27:36;36:61;6:56;19:19;14:60;38:48;20:44;24:73;41:35;42:28;9:61;28:55;48:22;16:46;40:35;1:54;15:20;5:31;26:10;18:68;31:54;12:40;44:52;2:40;7:28;34:57;10:23;37:21;30:10;29:29;3:20;13:46;45:26;33:44;8:53;22:10;39:61,"17:[0,1,4,6];43:[0,1,2,4,5,6];46:[4,5,6];11:[1,4,5,6];23:[4,6,7];0:[0,1,2,4,5,6];47:[4];4:[0,1,4,5,6];49:[1,4,6];21:[0,1,4,5,6];32:[4,6];35:[4,6];25:[4];27:[2,4,6];36:[0,1,2,4,5,6];6:[0,1,4,5,6];19:[4];14:[0,1,2,4,5,6];38:[1,2,4,6];20:[0,1,4,6];24:[0,1,2,4,5,6,7];41:[4,5,6];42:[4,6];9:[0,1,2,4,5,6];28:[0,1,4,5,6];48:[3,4];16:[0,1,4,6];40:[4,5,6];1:[0,1,4,5,6];15:[4,6];5:[1,4,6];26:[4];18:[0,1,2,4,5,6];31:[0,1,4,5,6];12:[1,4,5,6];44:[0,1,4,5,6];2:[0,1,4,6];7:[4,6];34:[0,1,4,5,6];10:[4,5];37:[4,6];30:[4];29:[4,6];3:[4,6];13:[1,4,5,6];45:[4,6];33:[1,4,5,6];8:[0,1,4,5,6];22:[4];39:[0,1,3,4,5,6]","c17:bw=43,experts=[0,1,4,6]; c43:bw=66,experts=[0,1,2,4,5,6]; c46:bw=33,experts=[4,5,6]; c11:bw=42,experts=[1,4,5,6]; c23:bw=35,experts=[4,6,7]; c0:bw=60,experts=[0,1,2,4,5,6]; c47:bw=19,experts=[4]; c4:bw=56,experts=[0,1,4,5,6]; c49:bw=31,experts=[1,4,6]; c21:bw=50,experts=[0,1,4,5,6]; c32:bw=20,experts=[4,6]; c35:bw=26,experts=[4,6]; c25:bw=17,experts=[4]; c27:bw=36,experts=[2,4,6]; c36:bw=61,experts=[0,1,2,4,5,6]; c6:bw=56,experts=[0,1,4,5,6]; c19:bw=19,experts=[4]; c14:bw=60,experts=[0,1,2,4,5,6]; c38:bw=48,experts=[1,2,4,6]; c20:bw=44,experts=[0,1,4,6]; c24:bw=73,experts=[0,1,2,4,5,6,7]; c41:bw=35,experts=[4,5,6]; c42:bw=28,experts=[4,6]; c9:bw=61,experts=[0,1,2,4,5,6]; c28:bw=55,experts=[0,1,4,5,6]; c48:bw=22,experts=[3,4]; c16:bw=46,experts=[0,1,4,6]; c40:bw=35,experts=[4,5,6]; c1:bw=54,experts=[0,1,4,5,6]; c15:bw=20,experts=[4,6]; c5:bw=31,experts=[1,4,6]; c26:bw=10,experts=[4]; c18:bw=68,experts=[0,1,2,4,5,6]; c31:bw=54,experts=[0,1,4,5,6]; c12:bw=40,experts=[1,4,5,6]; c44:bw=52,experts=[0,1,4,5,6]; c2:bw=40,experts=[0,1,4,6]; c7:bw=28,experts=[4,6]; c34:bw=57,experts=[0,1,4,5,6]; c10:bw=23,experts=[4,5]; c37:bw=21,experts=[4,6]; c30:bw=10,experts=[4]; c29:bw=29,experts=[4,6]; c3:bw=20,experts=[4,6]; c13:bw=46,experts=[1,4,5,6]; c45:bw=26,experts=[4,6]; c33:bw=44,experts=[1,4,5,6]; c8:bw=53,experts=[0,1,4,5,6]; c22:bw=10,experts=[4]; c39:bw=61,experts=[0,1,3,4,5,6]","1.3910,1.4291,1.3209,1.3305,1.9073,0.9316,1.2296,1.8979,3.6950,2.2217,1.9207,1.5102,2.9165,1.8454,1.3997,1.9042,1.6076,2.0842,1.1998,1.9557,1.3309,0.9718,1.6235,1.7179,1.4367,1.1945,2.4506,1.6980,1.6041,1.3617,2.3857,1.9075,1.6182,1.8314,1.1836,1.2687,1.1704,1.2405,1.4458,1.5621,1.4322,1.6900,1.9236,1.7483,1.3347,2.3844,1.7047,1.3335,2.0467,1.7027"
76,2026-09-24 15:56:19,Ours,0.01,2.1265688843325474,47.56,47.56,76,96.0,1:36.00,83.4111,11.1653,1.418,7276.7893,2:01:16.79,50,"4,25,15,2,38,6,5,28,42,45,43,0,29,8,10,32,46,26,1,34,11,17,36,41,49,3,44,14,23,48,37,33,27,13,40,19,7,35,39,9,31,22,16,30,21,24,47,18,20,12",4:60;25:10;15:42;2:25;38:27;6:23;5:37;28:30;42:66;45:41;43:46;0:31;29:36;8:29;10:46;32:44;46:25;26:37;1:53;34:12;11:42;17:33;36:21;41:45;49:51;3:15;44:54;14:22;23:29;48:10;37:58;33:38;27:39;13:39;40:17;19:44;7:66;35:15;39:38;9:57;31:46;22:26;16:39;30:52;21:42;24:61;47:10;18:39;20:54;12:21,"4:[0,1,4,5,6,7];25:[4];15:[0,1,4,6];2:[4,6];38:[4,6];6:[4,6];5:[4,5,6];28:[1,4,6];42:[0,1,2,4,5,6];45:[0,1,4,6];43:[0,1,4,6];0:[0,4,6];29:[1,4,6];8:[4,6];10:[1,4,5,6];32:[0,4,5,6];46:[4,6];26:[4,5,6];1:[0,1,4,5,6];34:[4];11:[2,4,5,6];17:[4,5,7];36:[4,6];41:[0,1,4,6];49:[0,1,4,5,6];3:[4];44:[0,1,4,5,6];14:[4,5];23:[2,4];48:[4];37:[0,1,4,5,6];33:[1,4,6];27:[4,5,6];13:[1,4,6];40:[4];19:[1,2,4,6];7:[0,1,4,5,6,7];35:[4];39:[1,4,6];9:[0,1,4,5,6];31:[1,4,5,6];22:[4,6];16:[4,6,7];30:[0,1,2,4,6];21:[1,4,5,6];24:[0,1,2,4,5,6];47:[4];18:[0,4,6];20:[1,4,5,6,7];12:[0,2]","c4:bw=60,experts=[0,1,4,5,6,7]; c25:bw=10,experts=[4]; c15:bw=42,experts=[0,1,4,6]; c2:bw=25,experts=[4,6]; c38:bw=27,experts=[4,6]; c6:bw=23,experts=[4,6]; c5:bw=37,experts=[4,5,6]; c28:bw=30,experts=[1,4,6]; c42:bw=66,experts=[0,1,2,4,5,6]; c45:bw=41,experts=[0,1,4,6]; c43:bw=46,experts=[0,1,4,6]; c0:bw=31,experts=[0,4,6]; c29:bw=36,experts=[1,4,6]; c8:bw=29,experts=[4,6]; c10:bw=46,experts=[1,4,5,6]; c32:bw=44,experts=[0,4,5,6]; c46:bw=25,experts=[4,6]; c26:bw=37,experts=[4,5,6]; c1:bw=53,experts=[0,1,4,5,6]; c34:bw=12,experts=[4]; c11:bw=42,experts=[2,4,5,6]; c17:bw=33,experts=[4,5,7]; c36:bw=21,experts=[4,6]; c41:bw=45,experts=[0,1,4,6]; c49:bw=51,experts=[0,1,4,5,6]; c3:bw=15,experts=[4]; c44:bw=54,experts=[0,1,4,5,6]; c14:bw=22,experts=[4,5]; c23:bw=29,experts=[2,4]; c48:bw=10,experts=[4]; c37:bw=58,experts=[0,1,4,5,6]; c33:bw=38,experts=[1,4,6]; c27:bw=39,experts=[4,5,6]; c13:bw=39,experts=[1,4,6]; c40:bw=17,experts=[4]; c19:bw=44,experts=[1,2,4,6]; c7:bw=66,experts=[0,1,4,5,6,7]; c35:bw=15,experts=[4]; c39:bw=38,experts=[1,4,6]; c9:bw=57,experts=[0,1,4,5,6]; c31:bw=46,experts=[1,4,5,6]; c22:bw=26,experts=[4,6]; c16:bw=39,experts=[4,6,7]; c30:bw=52,experts=[0,1,2,4,6]; c21:bw=42,experts=[1,4,5,6]; c24:bw=61,experts=[0,1,2,4,5,6]; c47:bw=10,experts=[4]; c18:bw=39,experts=[0,4,6]; c20:bw=54,experts=[1,4,5,6,7]; c12:bw=21,experts=[0,2]","1.9058,2.9037,1.3686,1.1660,1.1836,1.9200,2.4116,1.4430,1.6314,2.4589,1.4291,0.9155,1.9449,1.3492,1.5791,1.9600,1.3554,1.9085,1.5894,1.4277,1.3400,1.3850,1.3548,0.9254,3.6621,1.7456,1.2868,2.0280,1.8643,1.1595,1.4059,1.7048,1.7903,1.3251,1.6389,1.6007,1.1650,1.4811,1.6842,1.7010,1.8120,2.0273,2.4114,1.7077,2.2028,1.2866,1.1892,1.5864,1.9190,1.1689"
77,2026-09-24 15:57:55,Ours,0.01,2.130560369260021,47.53,47.56,76,95.9179,1:35.92,83.1979,11.2546,1.455,7372.7508,2:02:52.75,50,"30,21,1,39,29,6,2,20,36,13,49,37,24,19,44,7,45,25,38,46,34,9,42,22,31,47,32,11,23,15,48,16,41,12,14,17,35,3,33,26,8,18,0,10,27,28,43,4,5,40",30:36;21:57;1:62;39:19;29:41;6:57;2:34;20:45;36:42;13:37;49:41;37:54;24:12;19:37;44:26;7:10;45:40;25:15;38:24;46:64;34:42;9:29;42:16;22:34;31:20;47:30;32:22;11:28;23:54;15:43;48:47;16:34;41:43;12:46;14:64;17:37;35:34;3:40;33:56;26:10;8:10;18:31;0:63;10:39;27:24;28:37;43:55;4:10;5:59;40:24,"30:[4,5,6];21:[0,1,3,4,6];1:[0,1,2,4,5,6];39:[2];29:[1,4,5,6];6:[0,1,4,5,6];2:[2,4,6];20:[1,4,5,6];36:[1,4,5,6];13:[2,4,6];49:[1,2,4,6];37:[0,1,4,5,6];24:[4];19:[0,4,6];44:[4,6];7:[4];45:[2,4,6,7];25:[4];38:[4,6];46:[0,1,2,4,5,6];34:[0,1,4,6];9:[4,6];42:[4];22:[4,5,6];31:[4,7];47:[0,4,6];32:[2,7];11:[4,6];23:[0,1,4,5,6];15:[0,4,6,7];48:[1,4,5,6];16:[1,4,6];41:[0,1,4,6];12:[1,4,5,6];14:[0,1,4,5,6,7];17:[4,5,6];35:[1,4,6];3:[0,1,4,6];33:[0,1,4,5,6];26:[1];8:[4];18:[4,5,6];0:[0,1,2,4,5,6];10:[1,4,6];27:[0,4];28:[4,5,6];43:[0,1,4,5,6];4:[4];5:[0,1,4,5,6];40:[4,6]","c30:bw=36,experts=[4,5,6]; c21:bw=57,experts=[0,1,3,4,6]; c1:bw=62,experts=[0,1,2,4,5,6]; c39:bw=19,experts=[2]; c29:bw=41,experts=[1,4,5,6]; c6:bw=57,experts=[0,1,4,5,6]; c2:bw=34,experts=[2,4,6]; c20:bw=45,experts=[1,4,5,6]; c36:bw=42,experts=[1,4,5,6]; c13:bw=37,experts=[2,4,6]; c49:bw=41,experts=[1,2,4,6]; c37:bw=54,experts=[0,1,4,5,6]; c24:bw=12,experts=[4]; c19:bw=37,experts=[0,4,6]; c44:bw=26,experts=[4,6]; c7:bw=10,experts=[4]; c45:bw=40,experts=[2,4,6,7]; c25:bw=15,experts=[4]; c38:bw=24,experts=[4,6]; c46:bw=64,experts=[0,1,2,4,5,6]; c34:bw=42,experts=[0,1,4,6]; c9:bw=29,experts=[4,6]; c42:bw=16,experts=[4]; c22:bw=34,experts=[4,5,6]; c31:bw=20,experts=[4,7]; c47:bw=30,experts=[0,4,6]; c32:bw=22,experts=[2,7]; c11:bw=28,experts=[4,6]; c23:bw=54,experts=[0,1,4,5,6]; c15:bw=43,experts=[0,4,6,7]; c48:bw=47,experts=[1,4,5,6]; c16:bw=34,experts=[1,4,6]; c41:bw=43,experts=[0,1,4,6]; c12:bw=46,experts=[1,4,5,6]; c14:bw=64,experts=[0,1,4,5,6,7]; c17:bw=37,experts=[4,5,6]; c35:bw=34,experts=[1,4,6]; c3:bw=40,experts=[0,1,4,6]; c33:bw=56,experts=[0,1,4,5,6]; c26:bw=10,experts=[1]; c8:bw=10,experts=[4]; c18:bw=31,experts=[4,5,6]; c0:bw=63,experts=[0,1,2,4,5,6]; c10:bw=39,experts=[1,4,6]; c27:bw=24,experts=[0,4]; c28:bw=37,experts=[4,5,6]; c43:bw=55,experts=[0,1,4,5,6]; c4:bw=10,experts=[4]; c5:bw=59,experts=[0,1,4,5,6]; c40:bw=24,experts=[4,6]","1.6965,2.1966,1.6040,1.6671,1.8915,1.8738,1.1225,1.8878,1.3678,1.3383,3.7146,1.4228,1.2851,1.6043,1.2817,1.1384,2.4089,2.9047,1.1769,1.4194,1.4276,1.7013,1.6078,2.0394,1.8063,1.2291,1.8961,1.3079,1.8937,1.3561,1.2076,2.4530,0.9195,1.1858,2.0659,1.3846,1.4820,1.7418,1.7212,1.8826,1.3173,1.6154,0.9010,1.5379,1.7970,1.4217,1.4098,1.8286,2.4037,1.6532"
78,2026-09-24 15:59:31,Ours,0.01,2.1005312025189316,48.36,48.36,78,95.814,1:35.81,82.8462,11.5265,1.4302,7468.6109,2:04:28.61,50,"14,16,42,9,28,32,24,18,20,37,4,29,11,2,19,26,39,7,41,33,25,22,35,3,0,46,23,21,10,5,31,8,15,1,30,48,49,43,12,6,45,44,13,17,34,40,27,38,47,36",14:52;16:44;42:35;9:31;28:24;32:45;24:45;18:35;20:37;37:32;4:23;29:69;11:37;2:34;19:12;26:40;39:10;7:36;41:58;33:50;25:11;22:63;35:44;3:38;0:26;46:46;23:57;21:54;10:59;5:63;31:41;8:54;15:38;1:41;30:36;48:44;49:50;43:51;12:31;6:57;45:27;44:46;13:59;17:31;34:23;40:59;27:13;38:75;47:17;36:45,"14:[0,1,4,5,6];16:[0,4,5,6];42:[4,5,6];9:[1,4,6];28:[2,3];32:[0,4,5,6];24:[1,4,5,6];18:[4,5,6];20:[1,4,6];37:[1,4,6];4:[2,4];29:[0,1,2,4,5,6];11:[0,4,6];2:[4,5,6];19:[4];26:[1,4,5,6];39:[4];7:[1,4,6];41:[0,1,3,4,6];33:[1,3,4,5,6];25:[4];22:[0,1,2,4,5,6];35:[0,2,4,6];3:[1,4,6];0:[4,6];46:[4,5,6,7];23:[0,1,4,5,6];21:[0,1,4,5,6];10:[1,4,5,6,7];5:[0,1,2,4,5,6];31:[1,4,5,6];8:[1,2,4,5,6];15:[2,3,4];1:[4,5,6,7];30:[1,4,6];48:[1,4,5,6];49:[0,1,4,5,6];43:[0,1,4,5,6];12:[4,6,7];6:[1,2,4,5,6];45:[4,6];44:[0,1,4,6];13:[0,1,4,5,6];17:[1,4,6];34:[4,6];40:[0,1,4,5,6];27:[4];38:[0,1,2,4,5,6,7];47:[4];36:[1,4,6,7]","c14:bw=52,experts=[0,1,4,5,6]; c16:bw=44,experts=[0,4,5,6]; c42:bw=35,experts=[4,5,6]; c9:bw=31,experts=[1,4,6]; c28:bw=24,experts=[2,3]; c32:bw=45,experts=[0,4,5,6]; c24:bw=45,experts=[1,4,5,6]; c18:bw=35,experts=[4,5,6]; c20:bw=37,experts=[1,4,6]; c37:bw=32,experts=[1,4,6]; c4:bw=23,experts=[2,4]; c29:bw=69,experts=[0,1,2,4,5,6]; c11:bw=37,experts=[0,4,6]; c2:bw=34,experts=[4,5,6]; c19:bw=12,experts=[4]; c26:bw=40,experts=[1,4,5,6]; c39:bw=10,experts=[4]; c7:bw=36,experts=[1,4,6]; c41:bw=58,experts=[0,1,3,4,6]; c33:bw=50,experts=[1,3,4,5,6]; c25:bw=11,experts=[4]; c22:bw=63,experts=[0,1,2,4,5,6]; c35:bw=44,experts=[0,2,4,6]; c3:bw=38,experts=[1,4,6]; c0:bw=26,experts=[4,6]; c46:bw=46,experts=[4,5,6,7]; c23:bw=57,experts=[0,1,4,5,6]; c21:bw=54,experts=[0,1,4,5,6]; c10:bw=59,experts=[1,4,5,6,7]; c5:bw=63,experts=[0,1,2,4,5,6]; c31:bw=41,experts=[1,4,5,6]; c8:bw=54,experts=[1,2,4,5,6]; c15:bw=38,experts=[2,3,4]; c1:bw=41,experts=[4,5,6,7]; c30:bw=36,experts=[1,4,6]; c48:bw=44,experts=[1,4,5,6]; c49:bw=50,experts=[0,1,4,5,6]; c43:bw=51,experts=[0,1,4,5,6]; c12:bw=31,experts=[4,6,7]; c6:bw=57,experts=[1,2,4,5,6]; c45:bw=27,experts=[4,6]; c44:bw=46,experts=[0,1,4,6]; c13:bw=59,experts=[0,1,4,5,6]; c17:bw=31,experts=[1,4,6]; c34:bw=23,experts=[4,6]; c40:bw=59,experts=[0,1,4,5,6]; c27:bw=13,experts=[4]; c38:bw=75,experts=[0,1,2,4,5,6,7]; c47:bw=17,experts=[4]; c36:bw=45,experts=[1,4,6,7]","2.0908,2.4722,1.6110,1.7105,1.4098,1.9075,1.3278,1.6187,1.8913,1.3892,1.9031,1.9502,1.3536,1.1501,1.5170,1.9025,1.6987,1.1399,0.9220,1.7270,2.8663,2.1265,1.4951,1.7615,0.8727,1.3485,1.8434,2.1923,1.5321,2.3426,1.7830,1.2691,1.3159,1.5655,1.6937,1.1817,3.6711,1.4005,1.1758,1.8944,2.3949,1.2888,1.3241,1.3476,1.4034,1.6481,1.7853,1.1410,1.1658,1.3224"
79,2026-09-24 16:01:06,Ours,0.01,2.110100680159989,48.22,48.36,78,95.7167,1:35.72,82.7805,11.4967,1.4281,7564.3718,2:06:04.37,50,"17,32,25,27,6,46,44,40,8,18,4,22,33,20,42,28,7,29,31,15,26,0,30,3,10,41,19,39,11,38,5,14,2,24,34,45,13,35,16,21,1,23,37,36,49,47,43,9,48,12",17:58;32:56;25:29;27:52;6:21;46:25;44:62;40:10;8:44;18:12;4:80;22:33;33:35;20:39;42:27;28:37;7:46;29:43;31:42;15:54;26:41;0:36;30:52;3:26;10:34;41:45;19:26;39:63;11:32;38:27;5:53;14:62;2:33;24:58;34:51;45:59;13:43;35:40;16:59;21:46;1:37;23:46;37:48;36:10;49:22;47:55;43:32;9:10;48:35;12:10,"17:[0,1,4,5,6];32:[0,1,4,5,6];25:[2,4];27:[0,1,4,5,6];6:[4,6];46:[4,6];44:[0,1,4,5,6,7];40:[7];8:[0,1,4,6];18:[7];4:[0,1,2,3,4,5,6,7];22:[3,4,6];33:[2,4,6];20:[1,4,6];42:[4,6];28:[4,5,6];7:[0,1,4,6];29:[1,4,5,6];31:[1,2,4,6];15:[0,1,4,5,6];26:[0,2,4,6];0:[1,4,6];30:[0,1,4,6,7];3:[5,7];10:[0,2,4];41:[0,1,4,6];19:[4,5];39:[0,1,2,4,5,6];11:[1,4,6];38:[4,6];5:[1,3,4,5,6];14:[0,1,2,4,5,6];2:[3,4,6];24:[0,1,3,4,6];34:[0,1,2,4,6];45:[0,1,4,5,6];13:[0,1,4,6];35:[1,4,5,6];16:[0,1,4,5,6];21:[0,1,4,6];1:[4,5,6];23:[3,4,5,6];37:[1,2,4,6];36:[4];49:[4,6];47:[1,3,4,5,6];43:[1,4,6];9:[4];48:[4,6,7];12:[4]","c17:bw=58,experts=[0,1,4,5,6]; c32:bw=56,experts=[0,1,4,5,6]; c25:bw=29,experts=[2,4]; c27:bw=52,experts=[0,1,4,5,6]; c6:bw=21,experts=[4,6]; c46:bw=25,experts=[4,6]; c44:bw=62,experts=[0,1,4,5,6,7]; c40:bw=10,experts=[7]; c8:bw=44,experts=[0,1,4,6]; c18:bw=12,experts=[7]; c4:bw=80,experts=[0,1,2,3,4,5,6,7]; c22:bw=33,experts=[3,4,6]; c33:bw=35,experts=[2,4,6]; c20:bw=39,experts=[1,4,6]; c42:bw=27,experts=[4,6]; c28:bw=37,experts=[4,5,6]; c7:bw=46,experts=[0,1,4,6]; c29:bw=43,experts=[1,4,5,6]; c31:bw=42,experts=[1,2,4,6]; c15:bw=54,experts=[0,1,4,5,6]; c26:bw=41,experts=[0,2,4,6]; c0:bw=36,experts=[1,4,6]; c30:bw=52,experts=[0,1,4,6,7]; c3:bw=26,experts=[5,7]; c10:bw=34,experts=[0,2,4]; c41:bw=45,experts=[0,1,4,6]; c19:bw=26,experts=[4,5]; c39:bw=63,experts=[0,1,2,4,5,6]; c11:bw=32,experts=[1,4,6]; c38:bw=27,experts=[4,6]; c5:bw=53,experts=[1,3,4,5,6]; c14:bw=62,experts=[0,1,2,4,5,6]; c2:bw=33,experts=[3,4,6]; c24:bw=58,experts=[0,1,3,4,6]; c34:bw=51,experts=[0,1,2,4,6]; c45:bw=59,experts=[0,1,4,5,6]; c13:bw=43,experts=[0,1,4,6]; c35:bw=40,experts=[1,4,5,6]; c16:bw=59,experts=[0,1,4,5,6]; c21:bw=46,experts=[0,1,4,6]; c1:bw=37,experts=[4,5,6]; c23:bw=46,experts=[3,4,5,6]; c37:bw=48,experts=[1,2,4,6]; c36:bw=10,experts=[4]; c49:bw=22,experts=[4,6]; c47:bw=55,experts=[1,3,4,5,6]; c43:bw=32,experts=[1,4,6]; c9:bw=10,experts=[4]; c48:bw=35,experts=[4,6,7]; c12:bw=10,experts=[4]","1.3969,1.9301,2.8893,1.8188,1.8830,1.3308,1.2689,1.6559,1.3212,1.5837,1.8860,2.0340,1.7425,1.9081,1.5960,1.4040,1.1507,1.9438,1.8259,1.3176,1.8909,0.9087,1.6950,1.7259,1.5510,0.9106,1.5747,1.7019,1.3226,1.1191,2.3696,2.0317,1.1538,1.2819,1.4228,2.4115,1.3264,1.4826,2.4525,2.1850,1.5707,1.8455,1.3926,1.3592,3.6209,1.2272,1.3544,1.6810,1.1603,1.1635"
80,2026-09-24 16:02:42,Ours,0.01,2.1341392347511197,48.97,48.97,80,95.2764,1:35.28,82.4681,11.3954,1.4013,7659.694,2:07:39.69,50,"20,17,28,13,34,19,46,25,45,9,16,0,18,5,36,23,38,4,27,29,30,48,41,14,43,39,1,40,2,33,3,26,21,37,24,22,32,7,10,31,8,44,49,12,35,42,47,15,11,6",20:25;17:61;28:10;13:39;34:61;19:35;46:35;25:38;45:21;9:53;16:44;0:47;18:13;5:65;36:39;23:36;38:52;4:57;27:27;29:10;30:24;48:46;41:14;14:30;43:61;39:60;1:31;40:74;2:44;33:10;3:31;26:41;21:64;37:51;24:43;22:43;32:26;7:48;10:18;31:67;8:51;44:63;49:13;12:10;35:22;42:32;47:24;15:41;11:62;6:39,"20:[3,4];17:[0,1,3,4,5,6];28:[7];13:[3,4,6];34:[0,1,3,4,5,6];19:[1,3,4];46:[3,4,6];25:[3,4,6];45:[3,4];9:[1,3,4,6,7];16:[1,3,4,6];0:[1,3,4,6];18:[3];5:[0,1,4,5,6,7];36:[3,4,6];23:[0,4,6];38:[0,1,3,4,6];4:[0,1,4,5,6];27:[3,7];29:[3];30:[4,6];48:[0,1,4,6];41:[7];14:[1,3,4];43:[0,1,3,4,5,6];39:[0,1,4,5,6,7];1:[3,4,6];40:[0,1,2,3,4,5,6];2:[1,4,6,7];33:[7];3:[3,4,6];26:[0,3,4,6];21:[0,1,2,4,5,6];37:[3,4,5,6,7];24:[1,4,5,6];22:[1,4,6,7];32:[3,4];7:[1,3,4,6];10:[3];31:[0,1,3,4,5,6];8:[0,1,3,4,6];44:[0,1,2,4,5,6];49:[3];12:[4];35:[3,4];42:[3,4,6];47:[4,6];15:[0,1,4,6];11:[0,1,3,4,5,6];6:[3,4,6]","c20:bw=25,experts=[3,4]; c17:bw=61,experts=[0,1,3,4,5,6]; c28:bw=10,experts=[7]; c13:bw=39,experts=[3,4,6]; c34:bw=61,experts=[0,1,3,4,5,6]; c19:bw=35,experts=[1,3,4]; c46:bw=35,experts=[3,4,6]; c25:bw=38,experts=[3,4,6]; c45:bw=21,experts=[3,4]; c9:bw=53,experts=[1,3,4,6,7]; c16:bw=44,experts=[1,3,4,6]; c0:bw=47,experts=[1,3,4,6]; c18:bw=13,experts=[3]; c5:bw=65,experts=[0,1,4,5,6,7]; c36:bw=39,experts=[3,4,6]; c23:bw=36,experts=[0,4,6]; c38:bw=52,experts=[0,1,3,4,6]; c4:bw=57,experts=[0,1,4,5,6]; c27:bw=27,experts=[3,7]; c29:bw=10,experts=[3]; c30:bw=24,experts=[4,6]; c48:bw=46,experts=[0,1,4,6]; c41:bw=14,experts=[7]; c14:bw=30,experts=[1,3,4]; c43:bw=61,experts=[0,1,3,4,5,6]; c39:bw=60,experts=[0,1,4,5,6,7]; c1:bw=31,experts=[3,4,6]; c40:bw=74,experts=[0,1,2,3,4,5,6]; c2:bw=44,experts=[1,4,6,7]; c33:bw=10,experts=[7]; c3:bw=31,experts=[3,4,6]; c26:bw=41,experts=[0,3,4,6]; c21:bw=64,experts=[0,1,2,4,5,6]; c37:bw=51,experts=[3,4,5,6,7]; c24:bw=43,experts=[1,4,5,6]; c22:bw=43,experts=[1,4,6,7]; c32:bw=26,experts=[3,4]; c7:bw=48,experts=[1,3,4,6]; c10:bw=18,experts=[3]; c31:bw=67,experts=[0,1,3,4,5,6]; c8:bw=51,experts=[0,1,3,4,6]; c44:bw=63,experts=[0,1,2,4,5,6]; c49:bw=13,experts=[3]; c12:bw=10,experts=[4]; c35:bw=22,experts=[3,4]; c42:bw=32,experts=[3,4,6]; c47:bw=24,experts=[4,6]; c15:bw=41,experts=[0,1,4,6]; c11:bw=62,experts=[0,1,3,4,5,6]; c6:bw=39,experts=[3,4,6]","1.8800,1.3699,1.3762,1.3289,1.4283,1.5780,1.3468,2.8121,2.3855,1.7240,2.4298,0.9086,1.5822,2.3873,1.3660,1.9072,1.1576,1.8614,1.7607,1.9070,1.7055,1.1880,0.9080,2.0673,1.4178,1.6417,1.5204,1.6722,1.1466,1.6659,1.7535,1.9057,2.1877,1.3904,1.2808,2.0066,1.8306,1.1295,1.5518,1.8182,1.3504,1.2666,3.6157,1.1336,1.4664,1.5836,1.1958,1.3526,1.3243,1.8933"
81,2026-09-24 16:04:16,Ours,0.01,2.109394005161999,48.64,48.97,80,94.6171,1:34.62,81.8033,11.3554,1.4474,7754.3581,2:09:14.36,50,"8,16,44,6,28,38,15,11,49,40,33,46,21,2,29,42,47,34,9,24,31,22,45,35,13,20,36,14,1,26,5,17,32,41,19,4,25,43,23,37,0,48,27,30,3,39,7,12,10,18",8:48;16:35;44:29;6:51;28:61;38:42;15:65;11:22;49:48;40:27;33:51;46:52;21:54;2:45;29:28;42:56;47:17;34:10;9:26;24:57;31:58;22:10;45:63;35:59;13:21;20:12;36:21;14:46;1:49;26:39;5:30;17:27;32:36;41:11;19:52;4:42;25:34;43:32;23:27;37:47;0:50;48:47;27:13;30:38;3:67;39:38;7:58;12:75;10:44;18:60,"8:[1,4,6,7];16:[2,4,6];44:[3,4];6:[1,4,5,6,7];28:[0,1,2,4,5,6];38:[0,1,4,6];15:[0,1,2,4,5,6];11:[4,7];49:[1,4,6,7];40:[4,6];33:[0,1,4,5,6];46:[0,1,4,5,6];21:[0,1,4,5,6];2:[0,1,4,6];29:[4,7];42:[0,1,4,6,7];47:[7];34:[7];9:[4,6];24:[0,1,4,5,6];31:[0,1,4,5,6];22:[4];45:[0,1,2,4,5,6];35:[1,4,5,6,7];13:[4,7];20:[2];36:[4,6];14:[1,4,5,6];1:[0,1,4,6];26:[4,6,7];5:[4,5,6];17:[4,6];32:[1,4,6];41:[2];19:[1,4,5,6,7];4:[0,1,4,6];25:[4,6,7];43:[4,6,7];23:[4,6];37:[1,4,5,6];0:[1,4,5,6,7];48:[1,2,4,6];27:[4];30:[4,5,6];3:[0,1,2,4,5,6];39:[4,5,6];7:[0,1,4,5,6];12:[0,1,2,3,4,5,6];10:[0,1,4,6];18:[0,1,2,4,5,6]","c8:bw=48,experts=[1,4,6,7]; c16:bw=35,experts=[2,4,6]; c44:bw=29,experts=[3,4]; c6:bw=51,experts=[1,4,5,6,7]; c28:bw=61,experts=[0,1,2,4,5,6]; c38:bw=42,experts=[0,1,4,6]; c15:bw=65,experts=[0,1,2,4,5,6]; c11:bw=22,experts=[4,7]; c49:bw=48,experts=[1,4,6,7]; c40:bw=27,experts=[4,6]; c33:bw=51,experts=[0,1,4,5,6]; c46:bw=52,experts=[0,1,4,5,6]; c21:bw=54,experts=[0,1,4,5,6]; c2:bw=45,experts=[0,1,4,6]; c29:bw=28,experts=[4,7]; c42:bw=56,experts=[0,1,4,6,7]; c47:bw=17,experts=[7]; c34:bw=10,experts=[7]; c9:bw=26,experts=[4,6]; c24:bw=57,experts=[0,1,4,5,6]; c31:bw=58,experts=[0,1,4,5,6]; c22:bw=10,experts=[4]; c45:bw=63,experts=[0,1,2,4,5,6]; c35:bw=59,experts=[1,4,5,6,7]; c13:bw=21,experts=[4,7]; c20:bw=12,experts=[2]; c36:bw=21,experts=[4,6]; c14:bw=46,experts=[1,4,5,6]; c1:bw=49,experts=[0,1,4,6]; c26:bw=39,experts=[4,6,7]; c5:bw=30,experts=[4,5,6]; c17:bw=27,experts=[4,6]; c32:bw=36,experts=[1,4,6]; c41:bw=11,experts=[2]; c19:bw=52,experts=[1,4,5,6,7]; c4:bw=42,experts=[0,1,4,6]; c25:bw=34,experts=[4,6,7]; c43:bw=32,experts=[4,6,7]; c23:bw=27,experts=[4,6]; c37:bw=47,experts=[1,4,5,6]; c0:bw=50,experts=[1,4,5,6,7]; c48:bw=47,experts=[1,2,4,6]; c27:bw=13,experts=[4]; c30:bw=38,experts=[4,5,6]; c3:bw=67,experts=[0,1,2,4,5,6]; c39:bw=38,experts=[4,5,6]; c7:bw=58,experts=[0,1,4,5,6]; c12:bw=75,experts=[0,1,2,3,4,5,6]; c10:bw=44,experts=[0,1,4,6]; c18:bw=60,experts=[0,1,2,4,5,6]","1.3243,2.4694,1.2572,1.8350,1.4111,1.1711,1.2660,1.3213,3.6055,1.6219,1.7147,1.3384,2.2085,1.1547,1.9000,1.6063,1.2197,1.3822,1.6869,1.2873,1.7901,1.9624,2.3691,1.4689,1.3031,1.8496,1.3484,1.9945,1.5294,1.8915,2.2926,1.3813,1.9209,0.8971,1.6011,1.8713,2.8154,1.3711,1.8316,1.3416,0.8996,1.1797,1.7591,1.6673,1.7390,1.6630,1.1328,1.1510,1.4734,1.5259"
82,2026-09-24 16:05:52,Ours,0.01,2.0760349046313973,48.89,48.97,80,95.2313,1:35.23,82.3886,11.3841,1.4485,7849.6351,2:10:49.64,50,"8,2,35,31,4,33,23,29,14,30,6,39,0,47,32,13,19,9,12,7,21,27,46,20,44,41,16,1,26,28,37,42,45,48,49,38,22,18,17,24,36,10,11,25,34,3,15,40,5,43",8:58;2:30;35:20;31:37;4:30;33:23;23:14;29:39;14:54;30:34;6:36;39:43;0:30;47:58;32:58;13:35;19:21;9:56;12:63;7:40;21:44;27:32;46:44;20:11;44:35;41:10;16:32;1:64;26:35;28:46;37:22;42:45;45:41;48:21;49:67;38:38;22:51;18:45;17:44;24:53;36:60;10:18;11:47;25:33;34:38;3:39;15:16;40:42;5:40;43:21,"8:[0,1,4,5,6];2:[4,5,6];35:[4,6];31:[1,4,6];4:[0,4,6];33:[4,6];23:[4];29:[1,4,6];14:[0,1,4,5,6];30:[3,4,6];6:[4,5,6];39:[1,4,5,6];0:[1,4,6];47:[1,2,4,5,6];32:[0,1,4,5,6];13:[0,4,6];19:[4,6];9:[0,1,4,5,6];12:[0,1,2,4,5,6];7:[2,4,5,6];21:[4,5,6,7];27:[4,5,6];46:[1,4,5,6];20:[4];44:[1,4,6];41:[4];16:[0,4,6];1:[0,1,2,4,5,6];26:[0,4,6];28:[1,4,5,6];37:[4,6];42:[0,1,4,6];45:[1,4,5,6];48:[4,6];49:[0,1,2,4,5,6];38:[1,4,6];22:[0,1,4,5,6];18:[1,4,5,6];17:[1,2,4,6];24:[0,1,4,5,6];36:[0,1,2,4,5,6];10:[4];11:[1,4,5,6];25:[0,1,5];34:[4,5,6];3:[1,4,6];15:[4];40:[1,4,5,6];5:[0,1,4,6];43:[1,4]","c8:bw=58,experts=[0,1,4,5,6]; c2:bw=30,experts=[4,5,6]; c35:bw=20,experts=[4,6]; c31:bw=37,experts=[1,4,6]; c4:bw=30,experts=[0,4,6]; c33:bw=23,experts=[4,6]; c23:bw=14,experts=[4]; c29:bw=39,experts=[1,4,6]; c14:bw=54,experts=[0,1,4,5,6]; c30:bw=34,experts=[3,4,6]; c6:bw=36,experts=[4,5,6]; c39:bw=43,experts=[1,4,5,6]; c0:bw=30,experts=[1,4,6]; c47:bw=58,experts=[1,2,4,5,6]; c32:bw=58,experts=[0,1,4,5,6]; c13:bw=35,experts=[0,4,6]; c19:bw=21,experts=[4,6]; c9:bw=56,experts=[0,1,4,5,6]; c12:bw=63,experts=[0,1,2,4,5,6]; c7:bw=40,experts=[2,4,5,6]; c21:bw=44,experts=[4,5,6,7]; c27:bw=32,experts=[4,5,6]; c46:bw=44,experts=[1,4,5,6]; c20:bw=11,experts=[4]; c44:bw=35,experts=[1,4,6]; c41:bw=10,experts=[4]; c16:bw=32,experts=[0,4,6]; c1:bw=64,experts=[0,1,2,4,5,6]; c26:bw=35,experts=[0,4,6]; c28:bw=46,experts=[1,4,5,6]; c37:bw=22,experts=[4,6]; c42:bw=45,experts=[0,1,4,6]; c45:bw=41,experts=[1,4,5,6]; c48:bw=21,experts=[4,6]; c49:bw=67,experts=[0,1,2,4,5,6]; c38:bw=38,experts=[1,4,6]; c22:bw=51,experts=[0,1,4,5,6]; c18:bw=45,experts=[1,4,5,6]; c17:bw=44,experts=[1,2,4,6]; c24:bw=53,experts=[0,1,4,5,6]; c36:bw=60,experts=[0,1,2,4,5,6]; c10:bw=18,experts=[4]; c11:bw=47,experts=[1,4,5,6]; c25:bw=33,experts=[0,1,5]; c34:bw=38,experts=[4,5,6]; c3:bw=39,experts=[1,4,6]; c15:bw=16,experts=[4]; c40:bw=42,experts=[1,4,5,6]; c5:bw=40,experts=[0,1,4,6]; c43:bw=21,experts=[1,4]","1.3246,1.0863,1.4679,1.8176,1.8201,1.7285,1.8383,1.9119,2.0174,1.6996,1.9193,1.7246,0.9048,1.2539,1.9184,1.3378,1.5983,1.7188,1.2017,1.1278,2.1815,1.7505,1.3009,1.8167,1.3004,0.8868,2.3560,1.5623,1.8639,1.3863,1.3953,1.6054,2.3951,1.1661,3.7087,1.1653,2.0452,1.5912,1.4124,1.2769,1.3489,1.5074,1.3149,2.8365,1.3806,1.7500,1.3080,1.6496,2.3303,1.3776"
83,2026-09-24 16:07:27,Ours,0.01,2.069937262911011,49.55,49.55,83,95.5762,1:35.58,82.9233,11.201,1.4416,7945.2585,2:12:25.26,50,"38,5,34,15,31,13,11,17,4,14,29,24,25,30,10,45,43,48,19,33,16,6,0,18,40,22,44,47,8,3,49,32,12,2,28,37,21,26,7,1,39,23,20,42,41,46,27,36,35,9",38:27;5:10;34:18;15:39;31:52;13:46;11:27;17:31;4:10;14:39;29:46;24:43;25:48;30:35;10:37;45:35;43:17;48:49;19:67;33:21;16:49;6:53;0:10;18:21;40:22;22:70;44:45;47:43;8:39;3:42;49:24;32:41;12:44;2:41;28:10;37:22;21:53;26:17;7:37;1:63;39:20;23:34;20:50;42:20;41:49;46:19;27:58;36:47;35:20;9:51,"38:[4,6];5:[4];34:[4];15:[4,5,6];31:[0,1,4,5,6];13:[0,1,4,6];11:[4,6];17:[4,5,6];4:[4];14:[1,4,6];29:[0,1,4,6];24:[4,5,6,7];25:[1,4,5,6];30:[4,5,6];10:[1,4,6];45:[1,4,6];43:[2];48:[3,4,5,6];19:[0,1,2,4,5,6];33:[4,6];16:[0,1,4,6];6:[0,1,4,5,6];0:[4];18:[4,6];40:[4,6];22:[0,1,2,4,5,6,7];44:[0,1,4,6];47:[1,4,5,6];8:[1,4,6];3:[1,4,5,6];49:[4,6];32:[1,4,5,6];12:[1,4,5,6];2:[0,1,4,6];28:[4];37:[4,6];21:[0,1,4,5,6];26:[4];7:[1,4,6];1:[0,1,2,4,5,6];39:[3,4];23:[4,6,7];20:[0,1,4,5,6];42:[4,5];41:[0,4,5,6];46:[4];27:[1,2,4,5,6];36:[0,1,4,6];35:[4,6];9:[1,2,4,5,6]","c38:bw=27,experts=[4,6]; c5:bw=10,experts=[4]; c34:bw=18,experts=[4]; c15:bw=39,experts=[4,5,6]; c31:bw=52,experts=[0,1,4,5,6]; c13:bw=46,experts=[0,1,4,6]; c11:bw=27,experts=[4,6]; c17:bw=31,experts=[4,5,6]; c4:bw=10,experts=[4]; c14:bw=39,experts=[1,4,6]; c29:bw=46,experts=[0,1,4,6]; c24:bw=43,experts=[4,5,6,7]; c25:bw=48,experts=[1,4,5,6]; c30:bw=35,experts=[4,5,6]; c10:bw=37,experts=[1,4,6]; c45:bw=35,experts=[1,4,6]; c43:bw=17,experts=[2]; c48:bw=49,experts=[3,4,5,6]; c19:bw=67,experts=[0,1,2,4,5,6]; c33:bw=21,experts=[4,6]; c16:bw=49,experts=[0,1,4,6]; c6:bw=53,experts=[0,1,4,5,6]; c0:bw=10,experts=[4]; c18:bw=21,experts=[4,6]; c40:bw=22,experts=[4,6]; c22:bw=70,experts=[0,1,2,4,5,6,7]; c44:bw=45,experts=[0,1,4,6]; c47:bw=43,experts=[1,4,5,6]; c8:bw=39,experts=[1,4,6]; c3:bw=42,experts=[1,4,5,6]; c49:bw=24,experts=[4,6]; c32:bw=41,experts=[1,4,5,6]; c12:bw=44,experts=[1,4,5,6]; c2:bw=41,experts=[0,1,4,6]; c28:bw=10,experts=[4]; c37:bw=22,experts=[4,6]; c21:bw=53,experts=[0,1,4,5,6]; c26:bw=17,experts=[4]; c7:bw=37,experts=[1,4,6]; c1:bw=63,experts=[0,1,2,4,5,6]; c39:bw=20,experts=[3,4]; c23:bw=34,experts=[4,6,7]; c20:bw=50,experts=[0,1,4,5,6]; c42:bw=20,experts=[4,5]; c41:bw=49,experts=[0,4,5,6]; c46:bw=19,experts=[4]; c27:bw=58,experts=[1,2,4,5,6]; c36:bw=47,experts=[0,1,4,6]; c35:bw=20,experts=[4,6]; c9:bw=51,experts=[1,2,4,5,6]","1.1779,2.2820,1.3702,1.3777,1.7863,1.2866,1.3270,1.4044,1.8924,2.0720,1.9625,1.3258,2.9218,1.7210,1.5659,2.4164,1.3978,1.1715,1.6082,1.7110,2.4014,1.8745,0.8916,1.6022,1.6202,2.0396,1.2865,1.2399,1.3318,1.7212,3.6643,1.8865,1.1657,1.1234,1.3848,1.3956,2.1788,1.8911,1.1328,1.5750,1.6750,1.8699,1.9216,1.5783,0.9093,1.3568,1.8064,1.3924,1.5018,1.7264"
84,2026-09-24 16:09:02,Ours,0.01,2.0624438675901655,50.02,50.02,84,95.0289,1:35.03,82.2555,11.3205,1.4429,8040.3394,2:14:00.34,50,"37,32,15,17,42,30,39,5,23,31,8,38,47,26,27,1,24,45,35,13,34,7,29,46,14,6,12,36,18,49,11,2,20,48,41,3,28,33,21,16,0,4,43,40,10,9,22,19,44,25",37:28;32:36;15:75;17:43;42:12;30:38;39:54;5:20;23:58;31:33;8:67;38:10;47:36;26:38;27:21;1:58;24:37;45:21;35:54;13:30;34:31;7:47;29:12;46:57;14:45;6:10;12:45;36:25;18:55;49:58;11:50;2:36;20:64;48:63;41:46;3:32;28:30;33:49;21:10;16:47;0:10;4:27;43:28;40:55;10:10;9:20;22:67;19:22;44:49;25:17,"37:[4,6];32:[1,4,6];15:[0,1,2,4,5,6,7];17:[1,4,6,7];42:[2];30:[2,4,6];39:[0,1,4,5,6];5:[4,6];23:[1,2,4,5,6];31:[4,5,6];8:[0,1,2,4,5,6];38:[4];47:[0,4,6];26:[0,4,6];27:[4,5];1:[0,1,4,5,6];24:[2,4,6];45:[4,6];35:[0,1,4,5,6];13:[4,5,6];34:[4,5,6];7:[1,4,6,7];29:[4];46:[0,1,4,5,6];14:[1,4,5,6];6:[4];12:[1,4,5,6];36:[4,6];18:[0,1,4,5,6];49:[0,1,4,5,6];11:[0,1,2,4,6];2:[1,4,6];20:[0,1,4,5,6,7];48:[0,1,2,4,5,6];41:[0,4,5,6];3:[1,4,6];28:[1,4,6];33:[1,4,5,6];21:[4];16:[0,4,6,7];0:[4];4:[4,6];43:[4,6];40:[0,1,4,5,6];10:[4];9:[4,5];22:[0,1,2,4,5,6];19:[4,6];44:[1,4,5,6];25:[4]","c37:bw=28,experts=[4,6]; c32:bw=36,experts=[1,4,6]; c15:bw=75,experts=[0,1,2,4,5,6,7]; c17:bw=43,experts=[1,4,6,7]; c42:bw=12,experts=[2]; c30:bw=38,experts=[2,4,6]; c39:bw=54,experts=[0,1,4,5,6]; c5:bw=20,experts=[4,6]; c23:bw=58,experts=[1,2,4,5,6]; c31:bw=33,experts=[4,5,6]; c8:bw=67,experts=[0,1,2,4,5,6]; c38:bw=10,experts=[4]; c47:bw=36,experts=[0,4,6]; c26:bw=38,experts=[0,4,6]; c27:bw=21,experts=[4,5]; c1:bw=58,experts=[0,1,4,5,6]; c24:bw=37,experts=[2,4,6]; c45:bw=21,experts=[4,6]; c35:bw=54,experts=[0,1,4,5,6]; c13:bw=30,experts=[4,5,6]; c34:bw=31,experts=[4,5,6]; c7:bw=47,experts=[1,4,6,7]; c29:bw=12,experts=[4]; c46:bw=57,experts=[0,1,4,5,6]; c14:bw=45,experts=[1,4,5,6]; c6:bw=10,experts=[4]; c12:bw=45,experts=[1,4,5,6]; c36:bw=25,experts=[4,6]; c18:bw=55,experts=[0,1,4,5,6]; c49:bw=58,experts=[0,1,4,5,6]; c11:bw=50,experts=[0,1,2,4,6]; c2:bw=36,experts=[1,4,6]; c20:bw=64,experts=[0,1,4,5,6,7]; c48:bw=63,experts=[0,1,2,4,5,6]; c41:bw=46,experts=[0,4,5,6]; c3:bw=32,experts=[1,4,6]; c28:bw=30,experts=[1,4,6]; c33:bw=49,experts=[1,4,5,6]; c21:bw=10,experts=[4]; c16:bw=47,experts=[0,4,6,7]; c0:bw=10,experts=[4]; c4:bw=27,experts=[4,6]; c43:bw=28,experts=[4,6]; c40:bw=55,experts=[0,1,4,5,6]; c10:bw=10,experts=[4]; c9:bw=20,experts=[4,5]; c22:bw=67,experts=[0,1,2,4,5,6]; c19:bw=22,experts=[4,6]; c44:bw=49,experts=[1,4,5,6]; c25:bw=17,experts=[4]","1.3901,1.9016,1.3180,1.3568,1.6086,1.6945,1.7005,2.3588,1.9054,1.8252,1.2936,1.1620,1.2126,1.8369,1.7491,1.5754,1.2773,2.3726,1.4747,1.2855,1.4077,1.1352,1.8940,1.3260,2.0348,1.8787,1.1745,1.3149,1.5905,3.6894,1.2954,1.1502,1.9294,1.1643,0.8957,1.6954,1.3792,1.7233,2.1625,2.4359,0.9057,1.8531,1.3621,1.6173,1.5283,1.6926,2.0424,1.5905,1.2588,2.8282"
85,2026-09-24 16:10:38,Ours,0.01,2.0646309479099396,50.14,50.14,85,95.095,1:35.10,82.6588,11.0133,1.4117,8135.4816,2:15:35.48,50,"13,47,10,25,12,1,19,42,38,40,15,17,18,16,11,37,14,48,44,31,6,7,9,32,5,21,27,24,8,20,29,30,4,49,22,41,46,3,43,45,28,33,35,39,26,23,2,0,36,34",13:35;47:26;10:44;25:19;12:47;1:57;19:54;42:10;38:13;40:53;15:70;17:49;18:51;16:19;11:10;37:58;14:44;48:12;44:32;31:10;6:42;7:11;9:58;32:10;5:12;21:64;27:53;24:18;8:70;20:30;29:35;30:42;4:42;49:37;22:27;41:28;46:22;3:51;43:10;45:33;28:47;33:60;35:22;39:23;26:36;23:57;2:45;0:38;36:54;34:14,"13:[2,4,6];47:[4,6];10:[0,1,4,6];25:[4];12:[0,4,5,6];1:[0,1,4,5,6];19:[0,1,4,5,6];42:[4];38:[4];40:[0,1,4,5,6];15:[0,1,2,4,5,6,7];17:[1,4,5,6];18:[0,1,4,5,6];16:[4];11:[4];37:[0,1,4,5,6];14:[1,4,6,7];48:[4];44:[1,4,6];31:[7];6:[1,4,5,6];7:[4];9:[0,1,4,5,6];32:[2];5:[4];21:[0,1,3,4,5,6];27:[0,1,4,5,6];24:[4];8:[0,1,2,4,5,6,7];20:[1,4,6];29:[4,5,6];30:[1,4,5,6];4:[0,4,5,6];49:[1,4,6];22:[4,6];41:[4,5];46:[2,4];3:[0,1,4,5,6];43:[4];45:[4,6,7];28:[1,4,5,6];33:[0,1,2,4,5,6];35:[4,6];39:[4,6];26:[4,5,6];23:[0,1,4,5,6];2:[1,2,4,6];0:[0,2,4];36:[0,1,4,5,6];34:[4]","c13:bw=35,experts=[2,4,6]; c47:bw=26,experts=[4,6]; c10:bw=44,experts=[0,1,4,6]; c25:bw=19,experts=[4]; c12:bw=47,experts=[0,4,5,6]; c1:bw=57,experts=[0,1,4,5,6]; c19:bw=54,experts=[0,1,4,5,6]; c42:bw=10,experts=[4]; c38:bw=13,experts=[4]; c40:bw=53,experts=[0,1,4,5,6]; c15:bw=70,experts=[0,1,2,4,5,6,7]; c17:bw=49,experts=[1,4,5,6]; c18:bw=51,experts=[0,1,4,5,6]; c16:bw=19,experts=[4]; c11:bw=10,experts=[4]; c37:bw=58,experts=[0,1,4,5,6]; c14:bw=44,experts=[1,4,6,7]; c48:bw=12,experts=[4]; c44:bw=32,experts=[1,4,6]; c31:bw=10,experts=[7]; c6:bw=42,experts=[1,4,5,6]; c7:bw=11,experts=[4]; c9:bw=58,experts=[0,1,4,5,6]; c32:bw=10,experts=[2]; c5:bw=12,experts=[4]; c21:bw=64,experts=[0,1,3,4,5,6]; c27:bw=53,experts=[0,1,4,5,6]; c24:bw=18,experts=[4]; c8:bw=70,experts=[0,1,2,4,5,6,7]; c20:bw=30,experts=[1,4,6]; c29:bw=35,experts=[4,5,6]; c30:bw=42,experts=[1,4,5,6]; c4:bw=42,experts=[0,4,5,6]; c49:bw=37,experts=[1,4,6]; c22:bw=27,experts=[4,6]; c41:bw=28,experts=[4,5]; c46:bw=22,experts=[2,4]; c3:bw=51,experts=[0,1,4,5,6]; c43:bw=10,experts=[4]; c45:bw=33,experts=[4,6,7]; c28:bw=47,experts=[1,4,5,6]; c33:bw=60,experts=[0,1,2,4,5,6]; c35:bw=22,experts=[4,6]; c39:bw=23,experts=[4,6]; c26:bw=36,experts=[4,5,6]; c23:bw=57,experts=[0,1,4,5,6]; c2:bw=45,experts=[1,2,4,6]; c0:bw=38,experts=[0,2,4]; c36:bw=54,experts=[0,1,4,5,6]; c34:bw=14,experts=[4]","1.3275,1.1812,1.5587,2.8480,1.1824,1.6050,1.6280,1.6137,1.1866,1.6834,1.3770,1.3833,1.5989,2.4842,1.2821,1.4050,2.0561,1.1534,1.2743,1.8354,1.9119,1.1247,1.7565,1.8951,2.3430,2.1913,1.7953,1.2392,1.2946,1.8852,1.9129,1.7013,1.8652,3.5668,2.0107,0.8938,1.3408,1.7593,1.3957,2.3531,1.3668,1.7392,1.4837,1.6825,1.8687,1.8407,1.1007,0.8717,1.3674,1.4367"
86,2026-09-24 16:12:13,Ours,0.01,2.05290838601024,49.99,50.14,85,95.2236,1:35.22,82.4638,11.3108,1.4436,8230.7565,2:17:10.76,50,"17,2,25,37,29,12,11,45,18,22,6,46,1,39,23,34,28,48,0,27,5,4,40,14,19,44,3,32,49,42,36,10,16,8,33,31,9,30,43,7,41,20,21,15,38,35,13,26,47,24",17:40;2:24;25:36;37:10;29:18;12:28;11:38;45:45;18:52;22:44;6:55;46:39;1:72;39:34;23:47;34:10;28:42;48:48;0:30;27:44;5:47;4:18;40:39;14:45;19:18;44:20;3:28;32:53;49:28;42:19;36:54;10:47;16:50;8:28;33:24;31:51;9:43;30:40;43:43;7:44;41:10;20:27;21:34;15:55;38:74;35:24;13:55;26:66;47:62;24:24,"17:[0,1,4,6];2:[4,6];25:[0,4,6];37:[4];29:[2];12:[4,7];11:[4,5,6];45:[0,1,4,6];18:[0,1,4,5,6];22:[0,1,4,6];6:[1,2,4,5,6];46:[4,6,7];1:[0,1,2,4,5,6,7];39:[4,5,6];23:[0,1,4,6];34:[4];28:[1,3,4,6];48:[0,1,4,6];0:[4,5,6];27:[1,4,5,6];5:[1,2,4,6];4:[4];40:[4,5,6];14:[1,4,5,6];19:[4];44:[4,6];3:[4,6];32:[1,4,5,6,7];49:[4,6];42:[4];36:[0,1,4,6,7];10:[4,5,6,7];16:[0,1,4,5,6];8:[4,6];33:[3,4];31:[0,1,4,5,6];9:[1,4,5,6];30:[1,4,5,6];43:[0,1,4,6];7:[1,4,5,6];41:[3];20:[4,6];21:[1,4,6];15:[0,1,3,4,6];38:[0,1,2,4,5,6,7];35:[2,4];13:[0,1,4,5,6];26:[0,1,2,4,5,6];47:[0,1,2,4,5,6];24:[4,6]","c17:bw=40,experts=[0,1,4,6]; c2:bw=24,experts=[4,6]; c25:bw=36,experts=[0,4,6]; c37:bw=10,experts=[4]; c29:bw=18,experts=[2]; c12:bw=28,experts=[4,7]; c11:bw=38,experts=[4,5,6]; c45:bw=45,experts=[0,1,4,6]; c18:bw=52,experts=[0,1,4,5,6]; c22:bw=44,experts=[0,1,4,6]; c6:bw=55,experts=[1,2,4,5,6]; c46:bw=39,experts=[4,6,7]; c1:bw=72,experts=[0,1,2,4,5,6,7]; c39:bw=34,experts=[4,5,6]; c23:bw=47,experts=[0,1,4,6]; c34:bw=10,experts=[4]; c28:bw=42,experts=[1,3,4,6]; c48:bw=48,experts=[0,1,4,6]; c0:bw=30,experts=[4,5,6]; c27:bw=44,experts=[1,4,5,6]; c5:bw=47,experts=[1,2,4,6]; c4:bw=18,experts=[4]; c40:bw=39,experts=[4,5,6]; c14:bw=45,experts=[1,4,5,6]; c19:bw=18,experts=[4]; c44:bw=20,experts=[4,6]; c3:bw=28,experts=[4,6]; c32:bw=53,experts=[1,4,5,6,7]; c49:bw=28,experts=[4,6]; c42:bw=19,experts=[4]; c36:bw=54,experts=[0,1,4,6,7]; c10:bw=47,experts=[4,5,6,7]; c16:bw=50,experts=[0,1,4,5,6]; c8:bw=28,experts=[4,6]; c33:bw=24,experts=[3,4]; c31:bw=51,experts=[0,1,4,5,6]; c9:bw=43,experts=[1,4,5,6]; c30:bw=40,experts=[1,4,5,6]; c43:bw=43,experts=[0,1,4,6]; c7:bw=44,experts=[1,4,5,6]; c41:bw=10,experts=[3]; c20:bw=27,experts=[4,6]; c21:bw=34,experts=[1,4,6]; c15:bw=55,experts=[0,1,3,4,6]; c38:bw=74,experts=[0,1,2,4,5,6,7]; c35:bw=24,experts=[2,4]; c13:bw=55,experts=[0,1,4,5,6]; c26:bw=66,experts=[0,1,2,4,5,6]; c47:bw=62,experts=[0,1,2,4,5,6]; c24:bw=24,experts=[4,6]","1.3810,1.1613,2.8861,1.4032,1.9109,1.1688,1.3424,2.4122,1.5923,1.9908,1.9112,1.3814,1.5841,1.6811,1.8571,1.4034,1.4345,1.1792,0.9130,1.8018,2.3591,1.8865,1.6939,2.0377,1.5744,1.2624,1.7298,1.9014,3.5980,1.4832,1.3175,1.5040,2.4052,1.2883,1.6998,1.8040,1.7141,1.6788,1.3899,1.1057,0.8782,1.8649,2.1362,1.3445,1.1810,1.4835,1.3175,1.9047,1.2363,1.2877"
87,2026-09-24 16:13:49,Ours,0.01,2.0500970951885393,50.11,50.14,85,95.8449,1:35.84,82.8944,11.5194,1.4256,8326.6516,2:18:46.65,50,"35,39,46,27,6,20,9,26,34,29,45,15,4,24,23,47,21,43,30,1,22,38,13,7,36,42,10,18,37,17,3,32,49,31,14,25,41,48,0,11,16,2,19,44,5,12,8,28,40,33",35:30;39:41;46:39;27:62;6:60;20:54;9:37;26:47;34:30;29:24;45:53;15:63;4:34;24:30;23:30;47:59;21:36;43:43;30:33;1:29;22:21;38:53;13:45;7:22;36:69;42:56;10:49;18:45;37:32;17:25;3:68;32:10;49:38;31:18;14:36;25:67;41:21;48:47;0:35;11:18;16:45;2:67;19:33;44:42;5:10;12:45;8:46;28:31;40:42;33:64,"35:[4,5,6];39:[2,4,5,6];46:[1,4,6];27:[0,1,2,4,5,6];6:[0,1,2,4,5,6];20:[0,1,4,5,6];9:[1,4,6];26:[0,4,5,6];34:[2,4,6];29:[4,6];45:[0,1,4,5,6];15:[0,1,2,4,5,6];4:[2,3,7];24:[3,4,6];23:[3,4,6];47:[0,3,4,5,6];21:[0,4,6];43:[0,1,4,6];30:[0,4,7];1:[4,6];22:[3,4];38:[0,1,2,4,6];13:[0,1,4,6];7:[4,6];36:[0,1,2,4,5,6];42:[0,1,4,5,6];10:[2,4,5,6];18:[0,4,6,7];37:[2,4,6];17:[4,6];3:[0,1,4,5,6,7];32:[4];49:[1,4,6];31:[2];14:[2,4,6];25:[0,1,2,4,5,6];41:[1,4];48:[0,4,6,7];0:[1,4,6];11:[4];16:[0,4,5,6];2:[0,1,3,4,5,6];19:[1,4,6];44:[1,4,6,7];5:[3];12:[1,4,5,6];8:[1,4,5,6];28:[0,4,6];40:[1,4,6,7];33:[0,1,2,4,5,6]","c35:bw=30,experts=[4,5,6]; c39:bw=41,experts=[2,4,5,6]; c46:bw=39,experts=[1,4,6]; c27:bw=62,experts=[0,1,2,4,5,6]; c6:bw=60,experts=[0,1,2,4,5,6]; c20:bw=54,experts=[0,1,4,5,6]; c9:bw=37,experts=[1,4,6]; c26:bw=47,experts=[0,4,5,6]; c34:bw=30,experts=[2,4,6]; c29:bw=24,experts=[4,6]; c45:bw=53,experts=[0,1,4,5,6]; c15:bw=63,experts=[0,1,2,4,5,6]; c4:bw=34,experts=[2,3,7]; c24:bw=30,experts=[3,4,6]; c23:bw=30,experts=[3,4,6]; c47:bw=59,experts=[0,3,4,5,6]; c21:bw=36,experts=[0,4,6]; c43:bw=43,experts=[0,1,4,6]; c30:bw=33,experts=[0,4,7]; c1:bw=29,experts=[4,6]; c22:bw=21,experts=[3,4]; c38:bw=53,experts=[0,1,2,4,6]; c13:bw=45,experts=[0,1,4,6]; c7:bw=22,experts=[4,6]; c36:bw=69,experts=[0,1,2,4,5,6]; c42:bw=56,experts=[0,1,4,5,6]; c10:bw=49,experts=[2,4,5,6]; c18:bw=45,experts=[0,4,6,7]; c37:bw=32,experts=[2,4,6]; c17:bw=25,experts=[4,6]; c3:bw=68,experts=[0,1,4,5,6,7]; c32:bw=10,experts=[4]; c49:bw=38,experts=[1,4,6]; c31:bw=18,experts=[2]; c14:bw=36,experts=[2,4,6]; c25:bw=67,experts=[0,1,2,4,5,6]; c41:bw=21,experts=[1,4]; c48:bw=47,experts=[0,4,6,7]; c0:bw=35,experts=[1,4,6]; c11:bw=18,experts=[4]; c16:bw=45,experts=[0,4,5,6]; c2:bw=67,experts=[0,1,3,4,5,6]; c19:bw=33,experts=[1,4,6]; c44:bw=42,experts=[1,4,6,7]; c5:bw=10,experts=[3]; c12:bw=45,experts=[1,4,5,6]; c8:bw=46,experts=[1,4,5,6]; c28:bw=31,experts=[0,4,6]; c40:bw=42,experts=[1,4,6,7]; c33:bw=64,experts=[0,1,2,4,5,6]","1.5024,1.6834,1.3438,1.7641,1.8784,1.8979,1.6916,1.9260,1.4629,1.9332,2.4123,1.3541,1.8468,1.2991,1.9177,1.2474,2.1336,1.4028,1.7197,1.5734,2.0377,1.1683,1.3208,1.1369,1.3653,1.5902,1.5435,1.5285,1.3394,1.3359,1.7467,1.9016,3.6776,1.8027,2.0242,2.8784,0.8850,1.1882,0.9102,1.3347,2.4633,1.1507,1.5514,1.3630,2.3624,1.1783,1.3051,1.4014,1.6689,1.7430"
88,2026-09-24 16:15:24,Ours,0.01,2.0680604276465426,50.04,50.14,85,95.662,1:35.66,82.917,11.3203,1.4194,8422.359,2:20:22.36,50,"23,32,12,49,31,25,44,45,38,14,33,41,40,8,42,34,26,47,37,48,29,5,28,46,4,10,20,11,16,0,27,39,35,17,18,15,2,13,6,7,36,21,1,22,43,3,30,19,24,9",23:52;32:50;12:61;49:10;31:35;25:26;44:71;45:41;38:59;14:10;33:35;41:41;40:21;8:43;42:33;34:48;26:69;47:29;37:19;48:57;29:16;5:30;28:24;46:43;4:38;10:71;20:41;11:10;16:30;0:62;27:40;39:20;35:14;17:30;18:22;15:60;2:46;13:34;6:27;7:41;36:51;21:42;1:28;22:57;43:35;3:33;30:54;19:23;24:36;9:31,"23:[0,1,4,5,6];32:[0,1,3,4,6];12:[0,1,2,4,5,6];49:[3];31:[3,4,6];25:[3,4];44:[0,1,2,3,4,5,6];45:[3,4,5,6];38:[0,1,3,4,6];14:[3];33:[4,6,7];41:[0,4,6,7];40:[2,3];8:[1,3,4,6];42:[3,4,6];34:[0,1,3,4];26:[0,1,3,4,5,6];47:[4,6];37:[3];48:[0,1,4,5,6];29:[3];5:[4,6,7];28:[4,7];46:[3,4,5,6];4:[4,5,6];10:[0,1,2,3,4,5,6];20:[3,4,5,6];11:[3];16:[3,4,6];0:[0,1,3,4,5,6];27:[3,4,5,7];39:[4,7];35:[3];17:[3,4,5];18:[3,4];15:[0,1,2,4,5,6];2:[1,4,6,7];13:[3,4,6];6:[3,4];7:[1,3,4,6];36:[0,1,3,4,6];21:[1,2,4,6];1:[3,4];22:[0,1,4,5,6];43:[3,4,5];3:[3,4,6];30:[0,1,4,5,6];19:[3,4];24:[1,4,6];9:[3,4,7]","c23:bw=52,experts=[0,1,4,5,6]; c32:bw=50,experts=[0,1,3,4,6]; c12:bw=61,experts=[0,1,2,4,5,6]; c49:bw=10,experts=[3]; c31:bw=35,experts=[3,4,6]; c25:bw=26,experts=[3,4]; c44:bw=71,experts=[0,1,2,3,4,5,6]; c45:bw=41,experts=[3,4,5,6]; c38:bw=59,experts=[0,1,3,4,6]; c14:bw=10,experts=[3]; c33:bw=35,experts=[4,6,7]; c41:bw=41,experts=[0,4,6,7]; c40:bw=21,experts=[2,3]; c8:bw=43,experts=[1,3,4,6]; c42:bw=33,experts=[3,4,6]; c34:bw=48,experts=[0,1,3,4]; c26:bw=69,experts=[0,1,3,4,5,6]; c47:bw=29,experts=[4,6]; c37:bw=19,experts=[3]; c48:bw=57,experts=[0,1,4,5,6]; c29:bw=16,experts=[3]; c5:bw=30,experts=[4,6,7]; c28:bw=24,experts=[4,7]; c46:bw=43,experts=[3,4,5,6]; c4:bw=38,experts=[4,5,6]; c10:bw=71,experts=[0,1,2,3,4,5,6]; c20:bw=41,experts=[3,4,5,6]; c11:bw=10,experts=[3]; c16:bw=30,experts=[3,4,6]; c0:bw=62,experts=[0,1,3,4,5,6]; c27:bw=40,experts=[3,4,5,7]; c39:bw=20,experts=[4,7]; c35:bw=14,experts=[3]; c17:bw=30,experts=[3,4,5]; c18:bw=22,experts=[3,4]; c15:bw=60,experts=[0,1,2,4,5,6]; c2:bw=46,experts=[1,4,6,7]; c13:bw=34,experts=[3,4,6]; c6:bw=27,experts=[3,4]; c7:bw=41,experts=[1,3,4,6]; c36:bw=51,experts=[0,1,3,4,6]; c21:bw=42,experts=[1,2,4,6]; c1:bw=28,experts=[3,4]; c22:bw=57,experts=[0,1,4,5,6]; c43:bw=35,experts=[3,4,5]; c3:bw=33,experts=[3,4,6]; c30:bw=54,experts=[0,1,4,5,6]; c19:bw=23,experts=[3,4]; c24:bw=36,experts=[1,4,6]; c9:bw=31,experts=[3,4,7]","1.8229,1.9330,1.1957,3.6944,1.7966,2.9076,1.2780,2.3985,1.1643,2.0517,1.7251,0.9356,1.6408,1.3448,1.6067,1.4322,1.8845,1.2393,1.4135,1.1776,1.9166,2.3940,1.4177,1.3571,1.8922,1.5473,1.9093,1.3391,2.4325,0.9105,1.7900,1.7021,1.5069,1.4023,1.5864,1.3609,1.1121,1.2754,1.8929,1.1230,1.3594,2.1753,1.5497,2.0470,1.3458,1.7187,1.6838,1.5646,1.2886,1.6725"
89,2026-09-24 16:16:59,Ours,0.01,2.073971052432251,50.6,50.6,89,94.9479,1:34.95,82.3474,11.185,1.4055,8517.3571,2:21:57.36,50,"48,14,0,12,3,37,47,24,20,10,33,46,39,21,31,15,26,34,36,2,6,11,42,35,30,44,38,41,32,8,29,27,4,5,1,16,40,43,25,7,9,17,23,45,19,28,18,49,13,22",48:31;14:30;0:13;12:34;3:31;37:27;47:47;24:58;20:31;10:28;33:10;46:31;39:51;21:28;31:24;15:61;26:10;34:53;36:29;2:44;6:32;11:36;42:65;35:53;30:34;44:54;38:40;41:62;32:41;8:74;29:14;27:10;4:30;5:46;1:41;16:50;40:48;43:39;25:17;7:21;9:60;17:40;23:24;45:44;19:16;28:20;18:55;49:47;13:10;22:42,"48:[1,4,6];14:[1,4,6];0:[7];12:[3,4,6];3:[2,4,6];37:[4,7];47:[0,4,6,7];24:[0,1,4,5,6];20:[2,4,6];10:[4,5];33:[4];46:[0,4,6];39:[0,1,4,5,6];21:[4,6];31:[4,6];15:[0,1,2,4,5,6];26:[7];34:[0,1,4,6,7];36:[4,6];2:[0,1,4,6];6:[4,5,7];11:[4,6,7];42:[0,1,4,5,6,7];35:[1,4,5,6,7];30:[0,4,6];44:[0,1,4,5,6];38:[1,4,5,6];41:[0,1,2,4,5,6];32:[1,4,5,6];8:[0,1,2,4,5,6,7];29:[7];27:[4];4:[1,4,6];5:[1,4,5,6];1:[1,4,5,6];16:[1,2,4,5,6];40:[1,4,5,6];43:[4,6,7];25:[7];7:[0,4];9:[0,1,2,4,5,6];17:[0,1,4,6];23:[4,6];45:[1,2,4,6];19:[7];28:[2,4];18:[0,1,2,4,6];49:[1,4,6,7];13:[7];22:[1,4,5,6]","c48:bw=31,experts=[1,4,6]; c14:bw=30,experts=[1,4,6]; c0:bw=13,experts=[7]; c12:bw=34,experts=[3,4,6]; c3:bw=31,experts=[2,4,6]; c37:bw=27,experts=[4,7]; c47:bw=47,experts=[0,4,6,7]; c24:bw=58,experts=[0,1,4,5,6]; c20:bw=31,experts=[2,4,6]; c10:bw=28,experts=[4,5]; c33:bw=10,experts=[4]; c46:bw=31,experts=[0,4,6]; c39:bw=51,experts=[0,1,4,5,6]; c21:bw=28,experts=[4,6]; c31:bw=24,experts=[4,6]; c15:bw=61,experts=[0,1,2,4,5,6]; c26:bw=10,experts=[7]; c34:bw=53,experts=[0,1,4,6,7]; c36:bw=29,experts=[4,6]; c2:bw=44,experts=[0,1,4,6]; c6:bw=32,experts=[4,5,7]; c11:bw=36,experts=[4,6,7]; c42:bw=65,experts=[0,1,4,5,6,7]; c35:bw=53,experts=[1,4,5,6,7]; c30:bw=34,experts=[0,4,6]; c44:bw=54,experts=[0,1,4,5,6]; c38:bw=40,experts=[1,4,5,6]; c41:bw=62,experts=[0,1,2,4,5,6]; c32:bw=41,experts=[1,4,5,6]; c8:bw=74,experts=[0,1,2,4,5,6,7]; c29:bw=14,experts=[7]; c27:bw=10,experts=[4]; c4:bw=30,experts=[1,4,6]; c5:bw=46,experts=[1,4,5,6]; c1:bw=41,experts=[1,4,5,6]; c16:bw=50,experts=[1,2,4,5,6]; c40:bw=48,experts=[1,4,5,6]; c43:bw=39,experts=[4,6,7]; c25:bw=17,experts=[7]; c7:bw=21,experts=[0,4]; c9:bw=60,experts=[0,1,2,4,5,6]; c17:bw=40,experts=[0,1,4,6]; c23:bw=24,experts=[4,6]; c45:bw=44,experts=[1,2,4,6]; c19:bw=16,experts=[7]; c28:bw=20,experts=[2,4]; c18:bw=55,experts=[0,1,2,4,6]; c49:bw=47,experts=[1,4,6,7]; c13:bw=10,experts=[7]; c22:bw=42,experts=[1,4,5,6]","1.1643,2.0417,0.8757,1.1193,1.7421,1.3881,1.2374,1.3037,1.9351,1.5521,1.7079,1.3652,1.7032,2.1115,1.7384,1.3547,1.8903,1.4283,1.3404,1.1529,1.9031,1.2868,1.5755,1.5167,1.6597,1.2694,1.1667,0.9198,1.9203,1.3134,1.8992,1.7852,1.8858,2.3671,1.5357,2.3495,1.6000,1.3132,2.8368,1.1445,1.6978,1.3766,1.7989,2.3641,1.5927,1.3859,1.6149,3.7143,1.3612,2.0404"
90,2026-09-24 16:18:36,Ours,0.01,2.022629989071572,50.6,50.6,89,96.1843,1:36.18,83.2989,11.4228,1.4511,8613.5955,2:23:33.60,50,"45,4,16,41,40,22,7,10,6,17,46,24,11,12,42,13,28,25,15,23,38,20,36,47,0,48,44,27,30,3,37,35,39,31,32,8,9,26,14,5,2,21,33,29,1,34,49,18,43,19",45:10;4:35;16:57;41:54;40:54;22:31;7:72;10:10;6:26;17:22;46:32;24:43;11:41;12:43;42:40;13:65;28:44;25:51;15:61;23:44;38:38;20:56;36:54;47:31;0:64;48:30;44:60;27:27;30:36;3:36;37:13;35:40;39:49;31:52;32:60;8:50;9:63;26:55;14:16;5:27;2:21;21:66;33:52;29:17;1:31;34:27;49:34;18:50;43:11;19:15,"45:[4];4:[4,5,6];16:[0,1,4,5,6];41:[0,1,4,5,6];40:[0,1,4,5,6];22:[4,5,6];7:[0,1,2,4,5,6,7];10:[4];6:[4,6];17:[2,4];46:[0,4,6];24:[0,1,4,6];11:[0,4,5,6];12:[0,4,5,6];42:[0,4,5,6];13:[0,1,2,4,5,6];28:[0,1,4,6];25:[0,1,4,5,6];15:[0,1,2,4,5,6];23:[0,1,4,6];38:[1,4,6];20:[0,1,4,5,6];36:[0,1,4,5,6];47:[0,4,6];0:[0,1,2,4,5,6];48:[4,5,6];44:[0,1,2,4,5,6];27:[4,5];30:[3,4,6];3:[1,4,6];37:[4];35:[1,4,5,6];39:[0,4,5,6];31:[0,1,4,5,6];32:[0,1,2,4,5,6];8:[0,1,4,5,6];9:[0,1,2,4,5,6];26:[0,1,4,5,6];14:[0];5:[0,4];2:[4,6];21:[0,1,4,5,6,7];33:[0,1,4,5,6];29:[4];1:[1,4,6];34:[4,5];49:[2,4,5];18:[0,1,4,5,6];43:[4];19:[4]","c45:bw=10,experts=[4]; c4:bw=35,experts=[4,5,6]; c16:bw=57,experts=[0,1,4,5,6]; c41:bw=54,experts=[0,1,4,5,6]; c40:bw=54,experts=[0,1,4,5,6]; c22:bw=31,experts=[4,5,6]; c7:bw=72,experts=[0,1,2,4,5,6,7]; c10:bw=10,experts=[4]; c6:bw=26,experts=[4,6]; c17:bw=22,experts=[2,4]; c46:bw=32,experts=[0,4,6]; c24:bw=43,experts=[0,1,4,6]; c11:bw=41,experts=[0,4,5,6]; c12:bw=43,experts=[0,4,5,6]; c42:bw=40,experts=[0,4,5,6]; c13:bw=65,experts=[0,1,2,4,5,6]; c28:bw=44,experts=[0,1,4,6]; c25:bw=51,experts=[0,1,4,5,6]; c15:bw=61,experts=[0,1,2,4,5,6]; c23:bw=44,experts=[0,1,4,6]; c38:bw=38,experts=[1,4,6]; c20:bw=56,experts=[0,1,4,5,6]; c36:bw=54,experts=[0,1,4,5,6]; c47:bw=31,experts=[0,4,6]; c0:bw=64,experts=[0,1,2,4,5,6]; c48:bw=30,experts=[4,5,6]; c44:bw=60,experts=[0,1,2,4,5,6]; c27:bw=27,experts=[4,5]; c30:bw=36,experts=[3,4,6]; c3:bw=36,experts=[1,4,6]; c37:bw=13,experts=[4]; c35:bw=40,experts=[1,4,5,6]; c39:bw=49,experts=[0,4,5,6]; c31:bw=52,experts=[0,1,4,5,6]; c32:bw=60,experts=[0,1,2,4,5,6]; c8:bw=50,experts=[0,1,4,5,6]; c9:bw=63,experts=[0,1,2,4,5,6]; c26:bw=55,experts=[0,1,4,5,6]; c14:bw=16,experts=[0]; c5:bw=27,experts=[0,4]; c2:bw=21,experts=[4,6]; c21:bw=66,experts=[0,1,4,5,6,7]; c33:bw=52,experts=[0,1,4,5,6]; c29:bw=17,experts=[4]; c1:bw=31,experts=[1,4,6]; c34:bw=27,experts=[4,5]; c49:bw=34,experts=[2,4,5]; c18:bw=50,experts=[0,1,4,5,6]; c43:bw=11,experts=[4]; c19:bw=15,experts=[4]","2.3456,1.8410,2.4856,0.9225,1.7090,2.0950,1.1512,1.5679,1.9077,1.4073,1.3718,1.3239,1.3518,1.1692,1.6149,1.3635,1.4369,2.9202,1.3448,1.9021,1.1615,1.8512,1.3607,1.2353,0.9304,1.1867,1.2481,1.7928,1.7065,1.7376,1.4085,1.4906,1.6761,1.8483,1.9332,1.3160,1.7077,1.9115,2.0386,2.3744,1.1311,2.1812,1.7335,1.8717,1.5653,1.4649,3.6467,1.5755,1.3777,1.6038"
91,2026-09-24 16:20:11,Ours,0.01,2.024845033004462,51.09,51.09,91,95.4555,1:35.46,82.6563,11.3511,1.4368,8709.1023,2:25:09.10,50,"38,42,13,43,11,22,36,2,35,1,15,29,0,33,21,4,32,6,7,12,19,17,40,30,10,46,23,18,25,48,49,39,28,3,14,27,24,20,34,26,9,16,37,5,47,31,41,45,44,8",38:44;42:33;13:46;43:10;11:67;22:21;36:46;2:11;35:33;1:50;15:45;29:14;0:22;33:35;21:46;4:54;32:16;6:29;7:51;12:62;19:51;17:63;40:10;30:40;10:49;46:37;23:22;18:13;25:49;48:55;49:41;39:42;28:42;3:40;14:42;27:46;24:41;20:20;34:24;26:63;9:35;16:24;37:50;5:52;47:22;31:32;41:59;45:45;44:48;8:23,"38:[1,4,5,6];42:[0,4,6];13:[0,4,5,6];43:[2];11:[0,1,2,4,5,6];22:[4,7];36:[0,1,4,6];2:[4];35:[4,5,6];1:[0,1,4,5,6];15:[0,1,4,6];29:[0];0:[4,6];33:[4,5,6];21:[0,1,4,6];4:[0,1,4,5,6];32:[4];6:[4,6];7:[0,1,4,5,6];12:[0,1,2,4,5,6];19:[0,1,2,4,6];17:[0,1,2,4,5,6];40:[4];30:[0,4,5,6];10:[1,4,5,6];46:[4,5,6];23:[4,7];18:[4];25:[0,1,4,6];48:[0,1,3,4,6];49:[0,4,5,6];39:[3,4,5,6];28:[1,4,5,6];3:[1,4,5,6];14:[0,1,4,6];27:[0,1,4,6];24:[1,4,6,7];20:[1,4];34:[4,6];26:[0,1,2,4,5,6];9:[1,4,6];16:[4,6];37:[0,1,4,5,6];5:[0,1,4,5,6];47:[4,6];31:[4,5,6];41:[0,1,4,5,6];45:[0,1,4,6];44:[1,4,5,6];8:[4,6]","c38:bw=44,experts=[1,4,5,6]; c42:bw=33,experts=[0,4,6]; c13:bw=46,experts=[0,4,5,6]; c43:bw=10,experts=[2]; c11:bw=67,experts=[0,1,2,4,5,6]; c22:bw=21,experts=[4,7]; c36:bw=46,experts=[0,1,4,6]; c2:bw=11,experts=[4]; c35:bw=33,experts=[4,5,6]; c1:bw=50,experts=[0,1,4,5,6]; c15:bw=45,experts=[0,1,4,6]; c29:bw=14,experts=[0]; c0:bw=22,experts=[4,6]; c33:bw=35,experts=[4,5,6]; c21:bw=46,experts=[0,1,4,6]; c4:bw=54,experts=[0,1,4,5,6]; c32:bw=16,experts=[4]; c6:bw=29,experts=[4,6]; c7:bw=51,experts=[0,1,4,5,6]; c12:bw=62,experts=[0,1,2,4,5,6]; c19:bw=51,experts=[0,1,2,4,6]; c17:bw=63,experts=[0,1,2,4,5,6]; c40:bw=10,experts=[4]; c30:bw=40,experts=[0,4,5,6]; c10:bw=49,experts=[1,4,5,6]; c46:bw=37,experts=[4,5,6]; c23:bw=22,experts=[4,7]; c18:bw=13,experts=[4]; c25:bw=49,experts=[0,1,4,6]; c48:bw=55,experts=[0,1,3,4,6]; c49:bw=41,experts=[0,4,5,6]; c39:bw=42,experts=[3,4,5,6]; c28:bw=42,experts=[1,4,5,6]; c3:bw=40,experts=[1,4,5,6]; c14:bw=42,experts=[0,1,4,6]; c27:bw=46,experts=[0,1,4,6]; c24:bw=41,experts=[1,4,6,7]; c20:bw=20,experts=[1,4]; c34:bw=24,experts=[4,6]; c26:bw=63,experts=[0,1,2,4,5,6]; c9:bw=35,experts=[1,4,6]; c16:bw=24,experts=[4,6]; c37:bw=50,experts=[0,1,4,5,6]; c5:bw=52,experts=[0,1,4,5,6]; c47:bw=22,experts=[4,6]; c31:bw=32,experts=[4,5,6]; c41:bw=59,experts=[0,1,4,5,6]; c45:bw=45,experts=[0,1,4,6]; c44:bw=48,experts=[1,4,5,6]; c8:bw=23,experts=[4,6]","1.2166,1.6096,1.3277,1.3933,1.3430,2.0703,1.3475,1.1440,1.4949,1.6141,1.3555,1.9006,0.8999,1.7213,2.1682,1.8829,1.8891,1.8308,1.1245,1.1786,1.5787,1.4026,1.6701,1.7059,1.5763,1.3380,1.8599,1.5625,2.8933,1.1678,3.6416,1.6274,1.3982,1.7462,2.0618,1.8027,1.2578,1.9167,1.4363,1.8844,1.6701,2.3719,1.3782,2.3108,1.2297,1.8091,0.9197,2.3637,1.2838,1.2786"
92,2026-09-24 16:21:46,Ours,0.01,2.015041034384458,51.08,51.09,91,95.1119,1:35.11,82.4777,11.1751,1.4537,8804.2624,2:26:44.26,50,"48,27,22,13,25,38,39,41,31,40,14,23,42,11,19,3,34,30,46,1,20,44,32,4,21,36,33,6,24,49,5,28,8,16,7,26,0,43,45,2,12,35,18,37,47,9,29,17,15,10",48:54;27:63;22:44;13:17;25:30;38:24;39:49;41:50;31:49;40:10;14:30;23:19;42:36;11:15;19:54;3:28;34:27;30:51;46:35;1:20;20:56;44:10;32:20;4:26;21:57;36:60;33:10;6:45;24:33;49:12;5:66;28:40;8:19;16:14;7:34;26:46;0:29;43:42;45:60;2:25;12:48;35:24;18:37;37:19;47:61;9:56;29:35;17:32;15:19;10:37,"48:[0,1,2,4,6];27:[0,1,2,4,5,6];22:[1,2,4,6];13:[4];25:[1,4,6];38:[4,6];39:[1,4,5,6];41:[0,1,4,5,6];31:[0,4,5,6];40:[4];14:[1,4,6];23:[2];42:[2,4,6];11:[4];19:[0,1,4,5,6];3:[4,6];34:[4,6];30:[0,1,2,4,6];46:[0,4,6];1:[4,6];20:[0,1,4,6,7];44:[4];32:[4,6];4:[4,6];21:[0,1,4,5,6];36:[0,1,2,4,5,6];33:[4];6:[0,4,5,6];24:[2,4,6];49:[4];5:[0,1,2,3,4,6];28:[0,4,5,6];8:[4];16:[7];7:[1,4,6];26:[0,4,5,6];0:[4,6];43:[0,1,4,6];45:[0,1,2,4,5,6];2:[4,6];12:[1,4,5,6];35:[0,4];18:[0,4,6];37:[4];47:[0,1,2,4,5,6];9:[0,1,4,5,6];29:[1,4,6];17:[4,6,7];15:[4];10:[1,4,6]","c48:bw=54,experts=[0,1,2,4,6]; c27:bw=63,experts=[0,1,2,4,5,6]; c22:bw=44,experts=[1,2,4,6]; c13:bw=17,experts=[4]; c25:bw=30,experts=[1,4,6]; c38:bw=24,experts=[4,6]; c39:bw=49,experts=[1,4,5,6]; c41:bw=50,experts=[0,1,4,5,6]; c31:bw=49,experts=[0,4,5,6]; c40:bw=10,experts=[4]; c14:bw=30,experts=[1,4,6]; c23:bw=19,experts=[2]; c42:bw=36,experts=[2,4,6]; c11:bw=15,experts=[4]; c19:bw=54,experts=[0,1,4,5,6]; c3:bw=28,experts=[4,6]; c34:bw=27,experts=[4,6]; c30:bw=51,experts=[0,1,2,4,6]; c46:bw=35,experts=[0,4,6]; c1:bw=20,experts=[4,6]; c20:bw=56,experts=[0,1,4,6,7]; c44:bw=10,experts=[4]; c32:bw=20,experts=[4,6]; c4:bw=26,experts=[4,6]; c21:bw=57,experts=[0,1,4,5,6]; c36:bw=60,experts=[0,1,2,4,5,6]; c33:bw=10,experts=[4]; c6:bw=45,experts=[0,4,5,6]; c24:bw=33,experts=[2,4,6]; c49:bw=12,experts=[4]; c5:bw=66,experts=[0,1,2,3,4,6]; c28:bw=40,experts=[0,4,5,6]; c8:bw=19,experts=[4]; c16:bw=14,experts=[7]; c7:bw=34,experts=[1,4,6]; c26:bw=46,experts=[0,4,5,6]; c0:bw=29,experts=[4,6]; c43:bw=42,experts=[0,1,4,6]; c45:bw=60,experts=[0,1,2,4,5,6]; c2:bw=25,experts=[4,6]; c12:bw=48,experts=[1,4,5,6]; c35:bw=24,experts=[0,4]; c18:bw=37,experts=[0,4,6]; c37:bw=19,experts=[4]; c47:bw=61,experts=[0,1,2,4,5,6]; c9:bw=56,experts=[0,1,4,5,6]; c29:bw=35,experts=[1,4,6]; c17:bw=32,experts=[4,6,7]; c15:bw=19,experts=[4]; c10:bw=37,experts=[1,4,6]","1.1431,1.8446,2.0282,1.3329,2.8929,1.1724,1.6472,0.8813,1.7482,1.6510,2.0711,1.8752,1.6628,1.2897,1.6091,1.7453,1.4227,1.7030,1.3001,1.5689,1.9318,1.2736,1.9077,1.8435,2.1783,1.3784,1.6575,1.9143,1.3134,3.6577,2.3614,1.4059,1.2903,2.3448,1.1178,1.9204,0.9125,1.3903,2.3779,1.1301,1.1654,1.4436,1.5792,1.4136,1.2463,1.6854,1.8543,1.3602,1.2790,1.5527"
93,2026-09-24 16:23:22,Ours,0.01,1.9978329225617228,51.55,51.55,93,95.7604,1:35.76,83.0546,11.2635,1.4311,8900.0751,2:28:20.08,50,"47,1,24,5,16,8,10,7,26,31,30,25,21,15,41,29,32,33,11,22,39,34,46,35,18,19,44,12,48,49,17,36,45,9,4,28,20,38,40,43,37,13,2,0,14,27,3,23,42,6",47:61;1:47;24:50;5:10;16:46;8:10;10:15;7:22;26:61;31:55;30:50;25:52;21:34;15:36;41:10;29:47;32:47;33:32;11:32;22:14;39:23;34:41;46:59;35:33;18:23;19:39;44:35;12:52;48:55;49:48;17:32;36:50;45:49;9:58;4:32;28:47;20:57;38:10;40:29;43:10;37:59;13:63;2:51;0:19;14:25;27:39;3:31;23:22;42:10;6:22,"47:[0,1,2,4,5,6];1:[1,4,5,6];24:[0,1,4,5,6];5:[4];16:[0,1,4,6];8:[4];10:[4];7:[4,6];26:[0,1,2,4,5,6];31:[0,1,4,6,7];30:[0,1,4,5,6];25:[0,1,4,5,6];21:[3,4,6];15:[4,6,7];41:[4];29:[1,4,5,6];32:[1,4,5,6];33:[1,4,6];11:[1,4,6];22:[4];39:[4,6];34:[0,1,4,6];46:[0,2,4,5,6];35:[4,5,6];18:[4,6];19:[1,4,6];44:[1,4,6];12:[0,1,4,5,6];48:[0,1,4,5,6];49:[0,1,4,6];17:[1,4,6];36:[0,1,4,5,6];45:[1,4,6,7];9:[0,1,4,5,6];4:[4,5,6];28:[0,1,4,6];20:[0,1,4,5,6];38:[4];40:[4,6];43:[4];37:[0,1,4,5,6];13:[0,1,2,4,5,6];2:[0,1,2,4,6];0:[4];14:[4,7];27:[1,4,6];3:[4,5,6];23:[4,6];42:[4];6:[4,6]","c47:bw=61,experts=[0,1,2,4,5,6]; c1:bw=47,experts=[1,4,5,6]; c24:bw=50,experts=[0,1,4,5,6]; c5:bw=10,experts=[4]; c16:bw=46,experts=[0,1,4,6]; c8:bw=10,experts=[4]; c10:bw=15,experts=[4]; c7:bw=22,experts=[4,6]; c26:bw=61,experts=[0,1,2,4,5,6]; c31:bw=55,experts=[0,1,4,6,7]; c30:bw=50,experts=[0,1,4,5,6]; c25:bw=52,experts=[0,1,4,5,6]; c21:bw=34,experts=[3,4,6]; c15:bw=36,experts=[4,6,7]; c41:bw=10,experts=[4]; c29:bw=47,experts=[1,4,5,6]; c32:bw=47,experts=[1,4,5,6]; c33:bw=32,experts=[1,4,6]; c11:bw=32,experts=[1,4,6]; c22:bw=14,experts=[4]; c39:bw=23,experts=[4,6]; c34:bw=41,experts=[0,1,4,6]; c46:bw=59,experts=[0,2,4,5,6]; c35:bw=33,experts=[4,5,6]; c18:bw=23,experts=[4,6]; c19:bw=39,experts=[1,4,6]; c44:bw=35,experts=[1,4,6]; c12:bw=52,experts=[0,1,4,5,6]; c48:bw=55,experts=[0,1,4,5,6]; c49:bw=48,experts=[0,1,4,6]; c17:bw=32,experts=[1,4,6]; c36:bw=50,experts=[0,1,4,5,6]; c45:bw=49,experts=[1,4,6,7]; c9:bw=58,experts=[0,1,4,5,6]; c4:bw=32,experts=[4,5,6]; c28:bw=47,experts=[0,1,4,6]; c20:bw=57,experts=[0,1,4,5,6]; c38:bw=10,experts=[4]; c40:bw=29,experts=[4,6]; c43:bw=10,experts=[4]; c37:bw=59,experts=[0,1,4,5,6]; c13:bw=63,experts=[0,1,2,4,5,6]; c2:bw=51,experts=[0,1,2,4,6]; c0:bw=19,experts=[4]; c14:bw=25,experts=[4,7]; c27:bw=39,experts=[1,4,6]; c3:bw=31,experts=[4,5,6]; c23:bw=22,experts=[4,6]; c42:bw=10,experts=[4]; c6:bw=22,experts=[4,6]","1.2377,1.5963,1.3255,2.3426,2.4654,1.3326,1.5554,1.1284,1.9167,1.8266,1.7385,2.9376,2.2087,1.3424,0.8930,1.9306,1.9201,1.6992,1.3408,2.0643,1.7191,1.4396,1.3454,1.4820,1.6087,1.5516,1.2696,1.1796,1.1719,3.6687,1.3726,1.3627,2.3950,1.6948,1.8661,1.3740,1.8193,1.1487,1.6501,1.3906,1.3891,1.3354,1.1493,0.9041,2.0444,1.8043,1.7514,1.8792,1.5751,1.9099"
94,2026-09-24 16:24:58,Ours,0.01,2.017323554069873,51.8,51.8,94,95.5678,1:35.57,82.7917,11.3376,1.4275,8995.6962,2:29:55.70,50,"18,36,48,23,6,33,35,3,25,17,37,9,10,27,24,30,0,45,5,49,1,20,7,26,43,31,32,47,14,19,13,12,39,28,8,46,29,2,15,42,11,16,22,41,4,40,21,38,34,44",18:47;36:68;48:44;23:38;6:30;33:59;35:15;3:34;25:18;17:12;37:49;9:50;10:61;27:26;24:39;30:60;0:55;45:51;5:41;49:23;1:70;20:10;7:45;26:55;43:41;31:46;32:37;47:43;14:38;19:48;13:44;12:14;39:20;28:60;8:10;46:36;29:10;2:65;15:40;42:11;11:48;16:28;22:52;41:18;4:31;40:55;21:30;38:37;34:53;44:62,"18:[0,4,5,6];36:[0,1,4,5,6,7];48:[0,1,4,6];23:[0,4,6];6:[1,4,6];33:[0,1,3,4,6];35:[2];3:[1,4,6];25:[4];17:[4];37:[1,4,5,6];9:[0,1,4,5,6];10:[0,1,4,5,6,7];27:[4,6];24:[1,4,6];30:[0,1,2,4,5,6];0:[0,1,4,5,6];45:[0,1,4,5,6];5:[0,1,4,6];49:[4,6];1:[0,1,2,4,5,6,7];20:[4];7:[0,1,4,6];26:[0,1,4,5,6];43:[0,1,4,6];31:[0,1,4,6];32:[4,6,7];47:[0,1,4,6];14:[4,5,6];19:[0,1,4,6];13:[0,1,4,6];12:[7];39:[4,6];28:[0,1,3,4,5,6];8:[4];46:[4,6,7];29:[2];2:[0,1,2,4,5,6];15:[1,3,4,6];42:[4];11:[0,4,5,6];16:[4,6];22:[0,1,4,5,6];41:[3];4:[0,4,6];40:[0,1,4,5,6];21:[1,4,6];38:[4,6,7];34:[0,1,4,5,6];44:[0,1,2,4,5,6]","c18:bw=47,experts=[0,4,5,6]; c36:bw=68,experts=[0,1,4,5,6,7]; c48:bw=44,experts=[0,1,4,6]; c23:bw=38,experts=[0,4,6]; c6:bw=30,experts=[1,4,6]; c33:bw=59,experts=[0,1,3,4,6]; c35:bw=15,experts=[2]; c3:bw=34,experts=[1,4,6]; c25:bw=18,experts=[4]; c17:bw=12,experts=[4]; c37:bw=49,experts=[1,4,5,6]; c9:bw=50,experts=[0,1,4,5,6]; c10:bw=61,experts=[0,1,4,5,6,7]; c27:bw=26,experts=[4,6]; c24:bw=39,experts=[1,4,6]; c30:bw=60,experts=[0,1,2,4,5,6]; c0:bw=55,experts=[0,1,4,5,6]; c45:bw=51,experts=[0,1,4,5,6]; c5:bw=41,experts=[0,1,4,6]; c49:bw=23,experts=[4,6]; c1:bw=70,experts=[0,1,2,4,5,6,7]; c20:bw=10,experts=[4]; c7:bw=45,experts=[0,1,4,6]; c26:bw=55,experts=[0,1,4,5,6]; c43:bw=41,experts=[0,1,4,6]; c31:bw=46,experts=[0,1,4,6]; c32:bw=37,experts=[4,6,7]; c47:bw=43,experts=[0,1,4,6]; c14:bw=38,experts=[4,5,6]; c19:bw=48,experts=[0,1,4,6]; c13:bw=44,experts=[0,1,4,6]; c12:bw=14,experts=[7]; c39:bw=20,experts=[4,6]; c28:bw=60,experts=[0,1,3,4,5,6]; c8:bw=10,experts=[4]; c46:bw=36,experts=[4,6,7]; c29:bw=10,experts=[2]; c2:bw=65,experts=[0,1,2,4,5,6]; c15:bw=40,experts=[1,3,4,6]; c42:bw=11,experts=[4]; c11:bw=48,experts=[0,4,5,6]; c16:bw=28,experts=[4,6]; c22:bw=52,experts=[0,1,4,5,6]; c41:bw=18,experts=[3]; c4:bw=31,experts=[0,4,6]; c40:bw=55,experts=[0,1,4,5,6]; c21:bw=30,experts=[1,4,6]; c38:bw=37,experts=[4,6,7]; c34:bw=53,experts=[0,1,4,5,6]; c44:bw=62,experts=[0,1,2,4,5,6]","1.6067,1.4305,1.1898,1.9044,1.9143,1.7201,1.5760,1.7534,2.8329,1.3805,1.3353,1.7160,1.6125,1.7976,1.3065,1.7004,0.9119,2.4111,2.3435,3.6862,1.6072,1.8713,1.1142,1.9099,1.4044,1.8022,1.8755,1.2310,2.0493,1.5925,1.2931,1.1697,1.6508,1.3784,1.3117,1.2949,1.9053,1.1565,1.3517,1.5943,1.3297,2.3809,2.0176,0.8978,1.8866,1.6652,2.1077,1.1133,1.4313,1.2683"
95,2026-09-24 16:26:33,Ours,0.01,2.011189473360416,51.68,51.8,94,95.2208,1:35.22,82.5658,11.2873,1.3626,9090.9747,2:31:30.97,50,"29,3,10,43,11,24,41,5,13,49,17,26,30,36,19,37,22,4,25,31,44,6,20,16,45,39,48,15,34,1,35,21,12,33,28,0,9,2,47,40,32,8,42,7,23,27,14,18,46,38",29:48;3:41;10:42;43:51;11:10;24:33;41:45;5:10;13:59;49:41;17:47;26:28;30:67;36:39;19:42;37:56;22:10;4:15;25:36;31:23;44:33;6:40;20:56;16:24;45:43;39:56;48:33;15:34;34:67;1:31;35:47;21:46;12:10;33:52;28:30;0:35;9:42;2:23;47:31;40:42;32:37;8:76;42:56;7:59;23:32;27:10;14:49;18:28;46:14;38:50,"29:[1,4,5,6];3:[0,4,6,7];10:[1,4,5,6];43:[0,1,4,5,6];11:[4];24:[3,4,6];41:[0,1,4,6];5:[4];13:[0,1,4,5,6];49:[0,1,4,6];17:[0,1,4,6];26:[4,6];30:[0,1,4,5,6,7];36:[1,4,6];19:[0,1,4,6];37:[0,1,2,4,6];22:[3];4:[2];25:[2,4,6];31:[2,4];44:[4,6,7];6:[1,2,4,6];20:[0,1,4,5,6];16:[4,6];45:[1,4,5,6];39:[0,1,2,4,6];48:[4,6,7];15:[1,4,6];34:[0,1,2,4,5,6];1:[0,4,6];35:[0,1,4,6];21:[0,1,4,6];12:[4];33:[0,1,2,4,6];28:[1,4,6];0:[1,4,6];9:[1,4,5,6];2:[3,4];47:[3,4,6];40:[4,5,6,7];32:[0,4,6];8:[0,1,2,3,4,5,6];42:[0,1,4,5,6];7:[0,1,4,5,6];23:[3,4,6];27:[4];14:[1,2,4,6];18:[4,7];46:[1];38:[0,1,2,4,6]","c29:bw=48,experts=[1,4,5,6]; c3:bw=41,experts=[0,4,6,7]; c10:bw=42,experts=[1,4,5,6]; c43:bw=51,experts=[0,1,4,5,6]; c11:bw=10,experts=[4]; c24:bw=33,experts=[3,4,6]; c41:bw=45,experts=[0,1,4,6]; c5:bw=10,experts=[4]; c13:bw=59,experts=[0,1,4,5,6]; c49:bw=41,experts=[0,1,4,6]; c17:bw=47,experts=[0,1,4,6]; c26:bw=28,experts=[4,6]; c30:bw=67,experts=[0,1,4,5,6,7]; c36:bw=39,experts=[1,4,6]; c19:bw=42,experts=[0,1,4,6]; c37:bw=56,experts=[0,1,2,4,6]; c22:bw=10,experts=[3]; c4:bw=15,experts=[2]; c25:bw=36,experts=[2,4,6]; c31:bw=23,experts=[2,4]; c44:bw=33,experts=[4,6,7]; c6:bw=40,experts=[1,2,4,6]; c20:bw=56,experts=[0,1,4,5,6]; c16:bw=24,experts=[4,6]; c45:bw=43,experts=[1,4,5,6]; c39:bw=56,experts=[0,1,2,4,6]; c48:bw=33,experts=[4,6,7]; c15:bw=34,experts=[1,4,6]; c34:bw=67,experts=[0,1,2,4,5,6]; c1:bw=31,experts=[0,4,6]; c35:bw=47,experts=[0,1,4,6]; c21:bw=46,experts=[0,1,4,6]; c12:bw=10,experts=[4]; c33:bw=52,experts=[0,1,2,4,6]; c28:bw=30,experts=[1,4,6]; c0:bw=35,experts=[1,4,6]; c9:bw=42,experts=[1,4,5,6]; c2:bw=23,experts=[3,4]; c47:bw=31,experts=[3,4,6]; c40:bw=42,experts=[4,5,6,7]; c32:bw=37,experts=[0,4,6]; c8:bw=76,experts=[0,1,2,3,4,5,6]; c42:bw=56,experts=[0,1,4,5,6]; c7:bw=59,experts=[0,1,4,5,6]; c23:bw=32,experts=[3,4,6]; c27:bw=10,experts=[4]; c14:bw=49,experts=[1,2,4,6]; c18:bw=28,experts=[4,7]; c46:bw=14,experts=[1]; c38:bw=50,experts=[0,1,2,4,6]","1.9218,1.7555,1.5002,1.4089,1.3446,1.3170,0.9282,2.3813,1.3577,3.6955,1.3681,1.8982,1.7504,1.4005,1.6080,1.4244,1.9635,1.8467,2.8317,1.7644,1.2750,1.8619,1.9119,2.3991,2.3574,1.7123,1.1766,1.3458,1.4182,1.4934,1.4473,2.1672,1.1693,1.6797,1.3429,0.8981,1.6651,1.1371,1.2290,1.6614,1.9272,1.3383,1.6313,1.1445,1.8986,1.7621,1.9799,1.5687,1.3936,1.1061"
96,2026-09-24 16:28:09,Ours,0.01,2.0227037746222356,52.0,52.0,96,96.0019,1:36.00,82.9079,11.6324,1.4512,9187.0276,2:33:07.03,50,"47,26,22,9,43,36,19,4,40,45,29,16,3,38,30,34,11,5,23,46,37,32,17,7,35,20,10,2,49,12,41,1,33,18,39,13,6,44,21,48,0,8,27,24,15,25,31,42,28,14",47:28;26:60;22:55;9:44;43:33;36:55;19:38;4:49;40:58;45:43;29:55;16:72;3:46;38:54;30:55;34:56;11:44;5:60;23:27;46:38;37:57;32:54;17:35;7:50;35:14;20:37;10:53;2:65;49:40;12:71;41:10;1:36;33:49;18:29;39:36;13:55;6:31;44:13;21:17;48:35;0:36;8:64;27:43;24:45;15:78;25:29;31:39;42:10;28:38;14:10,"47:[4,6];26:[0,1,3,4,5,6];22:[0,1,4,5,6];9:[3,4,6,7];43:[1,3,4];36:[1,3,4,5,6];19:[3,4,6];4:[3,4,6,7];40:[1,2,3,4,6];45:[1,3,4,6];29:[0,3,4,5,6];16:[0,1,2,3,4,5,6];3:[3,4,5,6];38:[1,3,4,5,6];30:[0,1,4,5,6];34:[1,3,4,5,6];11:[3,4,5,6];5:[0,1,2,4,6,7];23:[4,5];46:[3,4,6];37:[1,3,4,5,6];32:[1,3,4,5,6];17:[3,4,6];7:[0,1,3,4,6];35:[3];20:[1,3,4];10:[2,3,4,5,6];2:[0,1,4,5,6,7];49:[3,4,5,6];12:[0,1,2,4,5,6,7];41:[7];1:[3,4,6];33:[4,5,6,7];18:[3,4];39:[4,6,7];13:[1,3,4,5,6];6:[3,4,6];44:[3];21:[2];48:[1,4,6];0:[3,4,6];8:[0,1,2,4,5,6];27:[3,4,6,7];24:[0,1,4,6];15:[0,1,2,3,4,5,6];25:[3,4];31:[3,4,6];42:[3];28:[4,6,7];14:[3]","c47:bw=28,experts=[4,6]; c26:bw=60,experts=[0,1,3,4,5,6]; c22:bw=55,experts=[0,1,4,5,6]; c9:bw=44,experts=[3,4,6,7]; c43:bw=33,experts=[1,3,4]; c36:bw=55,experts=[1,3,4,5,6]; c19:bw=38,experts=[3,4,6]; c4:bw=49,experts=[3,4,6,7]; c40:bw=58,experts=[1,2,3,4,6]; c45:bw=43,experts=[1,3,4,6]; c29:bw=55,experts=[0,3,4,5,6]; c16:bw=72,experts=[0,1,2,3,4,5,6]; c3:bw=46,experts=[3,4,5,6]; c38:bw=54,experts=[1,3,4,5,6]; c30:bw=55,experts=[0,1,4,5,6]; c34:bw=56,experts=[1,3,4,5,6]; c11:bw=44,experts=[3,4,5,6]; c5:bw=60,experts=[0,1,2,4,6,7]; c23:bw=27,experts=[4,5]; c46:bw=38,experts=[3,4,6]; c37:bw=57,experts=[1,3,4,5,6]; c32:bw=54,experts=[1,3,4,5,6]; c17:bw=35,experts=[3,4,6]; c7:bw=50,experts=[0,1,3,4,6]; c35:bw=14,experts=[3]; c20:bw=37,experts=[1,3,4]; c10:bw=53,experts=[2,3,4,5,6]; c2:bw=65,experts=[0,1,4,5,6,7]; c49:bw=40,experts=[3,4,5,6]; c12:bw=71,experts=[0,1,2,4,5,6,7]; c41:bw=10,experts=[7]; c1:bw=36,experts=[3,4,6]; c33:bw=49,experts=[4,5,6,7]; c18:bw=29,experts=[3,4]; c39:bw=36,experts=[4,6,7]; c13:bw=55,experts=[1,3,4,5,6]; c6:bw=31,experts=[3,4,6]; c44:bw=13,experts=[3]; c21:bw=17,experts=[2]; c48:bw=35,experts=[1,4,6]; c0:bw=36,experts=[3,4,6]; c8:bw=64,experts=[0,1,2,4,5,6]; c27:bw=43,experts=[3,4,6,7]; c24:bw=45,experts=[0,1,4,6]; c15:bw=78,experts=[0,1,2,3,4,5,6]; c25:bw=29,experts=[3,4]; c31:bw=39,experts=[3,4,6]; c42:bw=10,experts=[3]; c28:bw=38,experts=[4,6,7]; c14:bw=10,experts=[3]","1.1989,1.9140,2.0360,1.6979,1.4080,1.3692,1.6069,1.8211,1.6568,2.4015,1.9516,2.4330,1.7598,1.1674,1.7002,1.4689,1.3728,2.3751,1.8744,1.3055,1.4334,1.9482,1.3814,1.1413,1.4934,1.8896,1.5512,1.1551,3.6729,1.1852,0.8861,1.5840,1.7086,1.6079,1.6876,1.3278,1.8902,1.2596,2.1704,1.1510,0.8949,1.3334,1.8306,1.2559,1.3245,2.8556,1.7923,1.5633,1.3798,2.0335"
97,2026-09-24 16:29:45,Ours,0.01,1.9855452269443357,52.4,52.4,97,96.1382,1:36.14,83.041,11.6327,1.4532,9283.2216,2:34:43.22,50,"37,22,44,9,42,0,35,36,5,21,17,47,11,49,20,43,16,6,12,25,4,33,7,40,24,15,14,23,46,34,32,38,27,8,1,29,26,31,30,10,3,39,13,45,18,2,48,41,28,19",37:30;22:32;44:22;9:43;42:52;0:41;35:12;36:42;5:46;21:35;17:54;47:66;11:22;49:29;20:42;43:48;16:54;6:50;12:13;25:44;4:16;33:50;7:30;40:42;24:46;15:59;14:23;23:10;46:43;34:23;32:21;38:50;27:34;8:43;1:50;29:33;26:71;31:50;30:50;10:51;3:35;39:45;13:51;45:61;18:70;2:54;48:21;41:43;28:20;19:30,"37:[4,6,7];22:[4,5,6];44:[4,6];9:[0,1,4,6];42:[0,1,4,6,7];0:[1,4,6,7];35:[7];36:[0,1,4,6];5:[0,1,4,6];21:[4,5,6];17:[0,1,4,5,6];47:[0,1,4,5,6,7];11:[4,7];49:[4,7];20:[1,2,4,6];43:[1,4,6,7];16:[0,1,4,5,6];6:[0,4,5,6,7];12:[3];25:[4,5,6,7];4:[4];33:[0,1,4,5,6];7:[0,4,6];40:[1,4,5,6];24:[0,1,4,6];15:[0,1,4,5,6];14:[1,4];23:[4];46:[1,4,5,6];34:[4,7];32:[4,6];38:[0,1,4,5,6];27:[1,4,6];8:[1,4,6,7];1:[0,1,4,5,6];29:[4,6,7];26:[0,1,2,4,5,6,7];31:[0,1,4,5,6];30:[0,1,4,5,6];10:[0,1,4,5,6];3:[2,4,6];39:[0,1,4,6];13:[0,1,4,6,7];45:[0,1,2,4,5,6];18:[0,1,2,3,4,5,6];2:[0,1,4,5,6];48:[4,6];41:[0,2,4,6];28:[2,4];19:[4,6,7]","c37:bw=30,experts=[4,6,7]; c22:bw=32,experts=[4,5,6]; c44:bw=22,experts=[4,6]; c9:bw=43,experts=[0,1,4,6]; c42:bw=52,experts=[0,1,4,6,7]; c0:bw=41,experts=[1,4,6,7]; c35:bw=12,experts=[7]; c36:bw=42,experts=[0,1,4,6]; c5:bw=46,experts=[0,1,4,6]; c21:bw=35,experts=[4,5,6]; c17:bw=54,experts=[0,1,4,5,6]; c47:bw=66,experts=[0,1,4,5,6,7]; c11:bw=22,experts=[4,7]; c49:bw=29,experts=[4,7]; c20:bw=42,experts=[1,2,4,6]; c43:bw=48,experts=[1,4,6,7]; c16:bw=54,experts=[0,1,4,5,6]; c6:bw=50,experts=[0,4,5,6,7]; c12:bw=13,experts=[3]; c25:bw=44,experts=[4,5,6,7]; c4:bw=16,experts=[4]; c33:bw=50,experts=[0,1,4,5,6]; c7:bw=30,experts=[0,4,6]; c40:bw=42,experts=[1,4,5,6]; c24:bw=46,experts=[0,1,4,6]; c15:bw=59,experts=[0,1,4,5,6]; c14:bw=23,experts=[1,4]; c23:bw=10,experts=[4]; c46:bw=43,experts=[1,4,5,6]; c34:bw=23,experts=[4,7]; c32:bw=21,experts=[4,6]; c38:bw=50,experts=[0,1,4,5,6]; c27:bw=34,experts=[1,4,6]; c8:bw=43,experts=[1,4,6,7]; c1:bw=50,experts=[0,1,4,5,6]; c29:bw=33,experts=[4,6,7]; c26:bw=71,experts=[0,1,2,4,5,6,7]; c31:bw=50,experts=[0,1,4,5,6]; c30:bw=50,experts=[0,1,4,5,6]; c10:bw=51,experts=[0,1,4,5,6]; c3:bw=35,experts=[2,4,6]; c39:bw=45,experts=[0,1,4,6]; c13:bw=51,experts=[0,1,4,6,7]; c45:bw=61,experts=[0,1,2,4,5,6]; c18:bw=70,experts=[0,1,2,3,4,5,6]; c2:bw=54,experts=[0,1,4,5,6]; c48:bw=21,experts=[4,6]; c41:bw=43,experts=[0,2,4,6]; c28:bw=20,experts=[2,4]; c19:bw=30,experts=[4,6,7]","1.3844,2.0614,1.2918,1.6998,1.5865,0.9011,1.4835,1.3746,2.3754,2.2118,1.4015,1.2504,1.3264,3.6312,1.9174,1.4011,2.4632,1.9086,1.2148,2.9305,1.8377,1.6798,1.2004,1.6022,1.2843,1.3590,2.0492,1.9120,1.3344,1.4268,1.8934,1.1628,1.8043,1.3230,1.5866,1.9084,1.9053,1.8513,1.7154,1.5601,1.7065,1.6268,1.3376,2.3330,1.5913,1.1458,1.1621,0.9265,1.4143,1.5848"
98,2026-09-24 16:31:21,Ours,0.01,1.973836147341,52.29,52.4,97,95.9185,1:35.92,82.9965,11.4425,1.4686,9379.1952,2:36:19.20,50,"8,24,23,40,31,20,28,48,6,3,33,34,4,26,43,13,0,19,47,2,32,5,30,27,22,18,35,17,38,25,16,44,14,42,9,45,37,29,1,39,7,15,10,12,46,11,49,21,36,41",8:54;24:48;23:40;40:34;31:42;20:36;28:52;48:55;6:36;3:25;33:46;34:67;4:52;26:54;43:51;13:31;0:33;19:45;47:26;2:24;32:58;5:49;30:39;27:41;22:34;18:32;35:22;17:17;38:43;25:55;16:41;44:51;14:67;42:72;9:27;45:37;37:47;29:47;1:26;39:56;7:24;15:17;10:45;12:16;46:73;11:10;49:24;21:22;36:46;41:72,"8:[0,1,4,5,6];24:[0,1,4,6];23:[0,1,4,6];40:[4,5,6];31:[1,4,5,6];20:[1,4,6];28:[0,1,4,5,6];48:[0,1,4,5,6];6:[1,4,6];3:[4,6];33:[1,4,5,6];34:[0,1,2,4,5,6];4:[0,1,4,5,6];26:[0,1,4,5,6];43:[0,1,4,5,6];13:[0,1,4];0:[2,4,6];19:[1,4,5,6];47:[4,6];2:[4,6];32:[0,1,2,4,6];5:[0,4,5,6];30:[3,4,6];27:[1,4,5,6];22:[4,5,6];18:[0,4,6];35:[4,6];17:[4];38:[0,1,4,6];25:[0,1,4,5,6];16:[0,1,4,6];44:[0,1,4,5,6];14:[0,1,2,4,5,6];42:[0,1,2,4,5,6,7];9:[2,4];45:[1,4,6];37:[1,4,5,6];29:[1,4,5,6];1:[4,6];39:[0,1,4,5,6];7:[2,7];15:[4];10:[1,4,5,6];12:[4];46:[0,1,2,4,5,6,7];11:[4];49:[2,4];21:[4,7];36:[1,4,5,6];41:[0,1,2,3,4,5,6]","c8:bw=54,experts=[0,1,4,5,6]; c24:bw=48,experts=[0,1,4,6]; c23:bw=40,experts=[0,1,4,6]; c40:bw=34,experts=[4,5,6]; c31:bw=42,experts=[1,4,5,6]; c20:bw=36,experts=[1,4,6]; c28:bw=52,experts=[0,1,4,5,6]; c48:bw=55,experts=[0,1,4,5,6]; c6:bw=36,experts=[1,4,6]; c3:bw=25,experts=[4,6]; c33:bw=46,experts=[1,4,5,6]; c34:bw=67,experts=[0,1,2,4,5,6]; c4:bw=52,experts=[0,1,4,5,6]; c26:bw=54,experts=[0,1,4,5,6]; c43:bw=51,experts=[0,1,4,5,6]; c13:bw=31,experts=[0,1,4]; c0:bw=33,experts=[2,4,6]; c19:bw=45,experts=[1,4,5,6]; c47:bw=26,experts=[4,6]; c2:bw=24,experts=[4,6]; c32:bw=58,experts=[0,1,2,4,6]; c5:bw=49,experts=[0,4,5,6]; c30:bw=39,experts=[3,4,6]; c27:bw=41,experts=[1,4,5,6]; c22:bw=34,experts=[4,5,6]; c18:bw=32,experts=[0,4,6]; c35:bw=22,experts=[4,6]; c17:bw=17,experts=[4]; c38:bw=43,experts=[0,1,4,6]; c25:bw=55,experts=[0,1,4,5,6]; c16:bw=41,experts=[0,1,4,6]; c44:bw=51,experts=[0,1,4,5,6]; c14:bw=67,experts=[0,1,2,4,5,6]; c42:bw=72,experts=[0,1,2,4,5,6,7]; c9:bw=27,experts=[2,4]; c45:bw=37,experts=[1,4,6]; c37:bw=47,experts=[1,4,5,6]; c29:bw=47,experts=[1,4,5,6]; c1:bw=26,experts=[4,6]; c39:bw=56,experts=[0,1,4,5,6]; c7:bw=24,experts=[2,7]; c15:bw=17,experts=[4]; c10:bw=45,experts=[1,4,5,6]; c12:bw=16,experts=[4]; c46:bw=73,experts=[0,1,2,4,5,6,7]; c11:bw=10,experts=[4]; c49:bw=24,experts=[2,4]; c21:bw=22,experts=[4,7]; c36:bw=46,experts=[1,4,5,6]; c41:bw=72,experts=[0,1,2,3,4,5,6]","1.3353,1.3042,1.8539,1.6661,1.8296,1.9055,1.3778,1.1772,1.8820,1.7587,1.7364,1.4487,1.8860,1.9513,1.4110,1.3074,0.8827,1.6650,1.2382,1.1543,1.9267,2.3815,1.7005,1.8136,2.0566,1.6137,1.4728,1.3779,1.1693,2.8556,2.4113,1.2607,2.0710,1.5821,1.6874,2.3734,1.4086,1.9311,1.5711,1.6773,1.1272,1.3272,1.5529,1.1670,1.3338,1.3020,3.6186,2.1590,1.3687,0.9266"
99,2026-09-24 16:32:56,Ours,0.01,1.973307850377684,52.79,52.79,99,95.1,1:35.10,82.7768,10.8657,1.4465,9474.3514,2:37:54.35,50,"16,44,9,25,35,38,8,43,2,3,33,45,18,40,10,39,1,28,26,12,22,6,41,29,30,24,37,15,17,13,48,42,4,14,34,31,20,49,21,46,0,7,27,32,11,47,36,19,23,5",16:34;44:36;9:20;25:27;35:63;38:21;8:34;43:26;2:31;3:38;33:16;45:33;18:55;40:55;10:11;39:40;1:59;28:28;26:18;12:34;22:18;6:35;41:37;29:57;30:36;24:42;37:58;15:47;17:43;13:25;48:45;42:10;4:24;14:33;34:56;31:36;20:26;49:10;21:56;46:21;0:40;7:45;27:10;32:10;11:10;47:59;36:46;19:48;23:33;5:49,"16:[0,4,6];44:[1,4,6];9:[4,6];25:[4,6];35:[0,1,2,4,5,6];38:[4,6];8:[1,4,6];43:[2,4];2:[1,4,6];3:[1,4,6];33:[4];45:[1,4,6];18:[0,1,4,5,6];40:[0,1,4,5,6];10:[4];39:[1,3,4,6];1:[0,1,4,5,6];28:[4,6];26:[4];12:[4,5,6];22:[7];6:[1,4,6];41:[0,4,6];29:[0,1,4,5,6];30:[1,4,6];24:[1,4,6,7];37:[0,1,4,5,6];15:[0,1,4,6];17:[1,2,4,6];13:[4,6];48:[1,3,4,6];42:[4];4:[4,6];14:[1,4,6];34:[0,1,4,5,6];31:[1,4,6];20:[4,6];49:[4];21:[0,1,4,5,6];46:[4,6];0:[1,4,5,6];7:[0,1,4,6];27:[4];32:[4];11:[2];47:[0,1,4,5,6];36:[0,1,4,6];19:[1,2,4,6];23:[4,6,7];5:[0,4,5,6]","c16:bw=34,experts=[0,4,6]; c44:bw=36,experts=[1,4,6]; c9:bw=20,experts=[4,6]; c25:bw=27,experts=[4,6]; c35:bw=63,experts=[0,1,2,4,5,6]; c38:bw=21,experts=[4,6]; c8:bw=34,experts=[1,4,6]; c43:bw=26,experts=[2,4]; c2:bw=31,experts=[1,4,6]; c3:bw=38,experts=[1,4,6]; c33:bw=16,experts=[4]; c45:bw=33,experts=[1,4,6]; c18:bw=55,experts=[0,1,4,5,6]; c40:bw=55,experts=[0,1,4,5,6]; c10:bw=11,experts=[4]; c39:bw=40,experts=[1,3,4,6]; c1:bw=59,experts=[0,1,4,5,6]; c28:bw=28,experts=[4,6]; c26:bw=18,experts=[4]; c12:bw=34,experts=[4,5,6]; c22:bw=18,experts=[7]; c6:bw=35,experts=[1,4,6]; c41:bw=37,experts=[0,4,6]; c29:bw=57,experts=[0,1,4,5,6]; c30:bw=36,experts=[1,4,6]; c24:bw=42,experts=[1,4,6,7]; c37:bw=58,experts=[0,1,4,5,6]; c15:bw=47,experts=[0,1,4,6]; c17:bw=43,experts=[1,2,4,6]; c13:bw=25,experts=[4,6]; c48:bw=45,experts=[1,3,4,6]; c42:bw=10,experts=[4]; c4:bw=24,experts=[4,6]; c14:bw=33,experts=[1,4,6]; c34:bw=56,experts=[0,1,4,5,6]; c31:bw=36,experts=[1,4,6]; c20:bw=26,experts=[4,6]; c49:bw=10,experts=[4]; c21:bw=56,experts=[0,1,4,5,6]; c46:bw=21,experts=[4,6]; c0:bw=40,experts=[1,4,5,6]; c7:bw=45,experts=[0,1,4,6]; c27:bw=10,experts=[4]; c32:bw=10,experts=[4]; c11:bw=10,experts=[2]; c47:bw=59,experts=[0,1,4,5,6]; c36:bw=46,experts=[0,1,4,6]; c19:bw=48,experts=[1,2,4,6]; c23:bw=33,experts=[4,6,7]; c5:bw=49,experts=[0,4,5,6]","2.4618,1.2598,1.6988,2.8449,1.4943,1.1679,1.3421,1.3582,1.1695,1.7700,1.7325,2.3890,1.6249,1.6526,1.5217,1.6853,1.5880,1.4045,1.8821,1.1689,2.0449,1.9116,0.9244,1.9132,1.7050,1.2408,1.3750,1.3390,1.4119,1.3191,1.1581,1.5743,1.8748,2.0666,1.4429,1.7986,1.8754,3.5961,2.1860,1.3454,0.9039,1.1217,1.7828,1.8973,1.3020,1.2557,1.3704,1.5879,1.8526,2.3824"
100,2026-09-24 16:34:32,Ours,0.01,1.9671454291869512,52.78,52.79,99,95.1694,1:35.17,82.4423,11.2742,1.4427,9569.572,2:39:29.57,50,"22,8,5,36,0,7,43,26,16,38,12,17,32,11,6,40,41,44,25,33,19,27,46,1,47,42,3,24,18,9,28,48,4,15,2,45,14,39,35,31,23,13,30,37,21,34,29,49,20,10",22:36;8:44;5:18;36:52;0:64;7:10;43:61;26:38;16:46;38:52;12:37;17:55;32:16;11:17;6:44;40:20;41:48;44:16;25:45;33:32;19:18;27:20;46:21;1:17;47:10;42:44;3:42;24:53;18:80;9:53;28:50;48:60;4:65;15:30;2:30;45:47;14:10;39:36;35:38;31:16;23:16;13:10;30:61;37:40;21:47;34:66;29:33;49:32;20:47;10:56,"22:[2,4,6];8:[0,1,4,6];5:[3];36:[1,2,4,5,6];0:[0,1,2,4,5,6];7:[4];43:[0,1,2,4,5,6];26:[0,4,6];16:[1,4,6,7];38:[0,1,4,5,6];12:[4,5,6];17:[0,1,4,6,7];32:[4];11:[4];6:[1,4,5,6];40:[4,6];41:[0,1,4,6];44:[4];25:[1,4,5,6];33:[4,5,6];19:[4];27:[0,2];46:[4,6];1:[4];47:[4];42:[0,4,5,6];3:[0,1,4,6];24:[0,1,2,4,6];18:[0,1,2,3,4,5,6,7];9:[0,1,4,5,6];28:[0,1,4,5,6];48:[0,1,2,4,5,6];4:[0,1,2,4,5,6];15:[1,4,6];2:[0,4,6];45:[1,4,5,6];14:[4];39:[1,4,6];35:[1,4,6];31:[4];23:[2];13:[4];30:[0,1,2,4,5,6];37:[1,4,5,6];21:[1,4,5,6];34:[0,1,2,4,5,6];29:[4,5,6];49:[1,4,6];20:[0,4,6,7];10:[0,1,4,5,6]","c22:bw=36,experts=[2,4,6]; c8:bw=44,experts=[0,1,4,6]; c5:bw=18,experts=[3]; c36:bw=52,experts=[1,2,4,5,6]; c0:bw=64,experts=[0,1,2,4,5,6]; c7:bw=10,experts=[4]; c43:bw=61,experts=[0,1,2,4,5,6]; c26:bw=38,experts=[0,4,6]; c16:bw=46,experts=[1,4,6,7]; c38:bw=52,experts=[0,1,4,5,6]; c12:bw=37,experts=[4,5,6]; c17:bw=55,experts=[0,1,4,6,7]; c32:bw=16,experts=[4]; c11:bw=17,experts=[4]; c6:bw=44,experts=[1,4,5,6]; c40:bw=20,experts=[4,6]; c41:bw=48,experts=[0,1,4,6]; c44:bw=16,experts=[4]; c25:bw=45,experts=[1,4,5,6]; c33:bw=32,experts=[4,5,6]; c19:bw=18,experts=[4]; c27:bw=20,experts=[0,2]; c46:bw=21,experts=[4,6]; c1:bw=17,experts=[4]; c47:bw=10,experts=[4]; c42:bw=44,experts=[0,4,5,6]; c3:bw=42,experts=[0,1,4,6]; c24:bw=53,experts=[0,1,2,4,6]; c18:bw=80,experts=[0,1,2,3,4,5,6,7]; c9:bw=53,experts=[0,1,4,5,6]; c28:bw=50,experts=[0,1,4,5,6]; c48:bw=60,experts=[0,1,2,4,5,6]; c4:bw=65,experts=[0,1,2,4,5,6]; c15:bw=30,experts=[1,4,6]; c2:bw=30,experts=[0,4,6]; c45:bw=47,experts=[1,4,5,6]; c14:bw=10,experts=[4]; c39:bw=36,experts=[1,4,6]; c35:bw=38,experts=[1,4,6]; c31:bw=16,experts=[4]; c23:bw=16,experts=[2]; c13:bw=10,experts=[4]; c30:bw=61,experts=[0,1,2,4,5,6]; c37:bw=40,experts=[1,4,5,6]; c21:bw=47,experts=[1,4,5,6]; c34:bw=66,experts=[0,1,2,4,5,6]; c29:bw=33,experts=[4,5,6]; c49:bw=32,experts=[1,4,6]; c20:bw=47,experts=[0,4,6,7]; c10:bw=56,experts=[0,1,4,5,6]","1.9745,1.3463,2.3898,1.3677,0.9134,1.1296,1.4273,1.8923,2.3909,1.1490,1.2040,1.4132,1.9155,1.3408,1.9181,1.6593,0.8846,1.2496,2.9324,1.7390,1.5741,1.8192,1.3746,1.5140,1.1699,1.6155,1.7421,1.2651,1.5490,1.7031,1.4144,1.1755,1.8702,1.3003,1.1139,2.3557,1.9770,1.6499,1.4691,1.7832,1.8432,1.2728,1.6930,1.3715,2.1776,1.4279,1.9101,3.6644,1.9046,1.5037"
