Round,Timestamp,Method,LR,AvgLoss,TestAcc,BestAcc,BestRound,RoundTimeSec,RoundTimeHMS,LocalTrainTimeSec,AggTimeSec,EvalTimeSec,CumulativeTimeSec,CumulativeTimeHMS,NumClientsSelected,SelectedClients,Bandwidth,SelectedExperts,UploadDetail,ClientTrainTimesSec
1,2026-09-23 17:16:45,Ours,0.00208,3.864973964889316,1.47,1.47,1,72.0108,1:12.01,70.2859,0.279,1.4441,72.0109,1:12.01,10,"8,1,5,0,7,2,9,4,3,6",8:202;1:107;5:163;0:10;7:75;2:106;9:166;4:146;3:187;6:150,"8:[0,1,2,4,5,6,10,11,12,13,15,16,18,21,22,23,24,26,28,30];1:[0,1,2,4,5,6,13,23,24,26];5:[0,1,2,4,5,6,10,11,13,15,18,21,23,24,26,30];0:[13];7:[1,2,4,6,13,23,24];2:[0,1,2,4,5,6,13,23,24,26];9:[0,1,2,4,5,6,10,11,13,15,18,21,23,24,26,30];4:[0,1,2,4,5,6,13,15,18,21,23,24,26,30];3:[0,1,2,4,5,6,10,11,13,15,16,18,21,22,23,24,26,30];6:[0,1,2,4,5,6,11,13,15,18,21,23,24,26,30]","c8:bw=202,experts=[0,1,2,4,5,6,10,11,12,13,15,16,18,21,22,23,24,26,28,30]; c1:bw=107,experts=[0,1,2,4,5,6,13,23,24,26]; c5:bw=163,experts=[0,1,2,4,5,6,10,11,13,15,18,21,23,24,26,30]; c0:bw=10,experts=[13]; c7:bw=75,experts=[1,2,4,6,13,23,24]; c2:bw=106,experts=[0,1,2,4,5,6,13,23,24,26]; c9:bw=166,experts=[0,1,2,4,5,6,10,11,13,15,18,21,23,24,26,30]; c4:bw=146,experts=[0,1,2,4,5,6,13,15,18,21,23,24,26,30]; c3:bw=187,experts=[0,1,2,4,5,6,10,11,13,15,16,18,21,22,23,24,26,30]; c6:bw=150,experts=[0,1,2,4,5,6,11,13,15,18,21,23,24,26,30]","8.4215,6.0187,8.7906,6.8695,7.0361,5.8108,4.0197,8.0371,6.4125,8.8694"
2,2026-09-23 17:17:51,Ours,0.00406,3.350480948576089,4.36,4.36,2,65.6704,1:05.67,64.0656,0.2418,1.3577,137.8585,2:17.86,10,"0,1,8,5,3,4,7,9,6,2",0:130;1:152;8:177;5:251;3:246;4:109;7:202;9:170;6:62;2:79,"0:[0,1,2,4,5,6,8,10,11,13,18,24,26];1:[0,1,2,4,5,6,8,10,11,12,13,18,21,24,26];8:[0,1,2,4,5,6,8,9,10,11,12,13,18,21,24,26,28];5:[0,1,2,4,5,6,8,9,10,11,12,13,14,15,16,17,18,21,23,24,25,26,27,28,29];3:[0,1,2,4,5,6,8,9,10,11,12,13,15,16,17,18,21,23,24,25,26,27,28,29];4:[0,2,4,6,10,11,13,18,24,26];7:[0,1,2,4,5,6,8,9,10,11,12,13,16,18,21,23,24,25,26,28];9:[0,1,2,4,5,6,8,9,10,11,12,13,18,21,24,26,28];6:[2,4,6,10,13,26];2:[0,2,4,6,10,13,26]","c0:bw=130,experts=[0,1,2,4,5,6,8,10,11,13,18,24,26]; c1:bw=152,experts=[0,1,2,4,5,6,8,10,11,12,13,18,21,24,26]; c8:bw=177,experts=[0,1,2,4,5,6,8,9,10,11,12,13,18,21,24,26,28]; c5:bw=251,experts=[0,1,2,4,5,6,8,9,10,11,12,13,14,15,16,17,18,21,23,24,25,26,27,28,29]; c3:bw=246,experts=[0,1,2,4,5,6,8,9,10,11,12,13,15,16,17,18,21,23,24,25,26,27,28,29]; c4:bw=109,experts=[0,2,4,6,10,11,13,18,24,26]; c7:bw=202,experts=[0,1,2,4,5,6,8,9,10,11,12,13,16,18,21,23,24,25,26,28]; c9:bw=170,experts=[0,1,2,4,5,6,8,9,10,11,12,13,18,21,24,26,28]; c6:bw=62,experts=[2,4,6,10,13,26]; c2:bw=79,experts=[0,2,4,6,10,13,26]","6.1800,5.8315,7.1136,8.5077,6.9243,8.7814,4.9270,3.9354,7.4454,4.4193"
3,2026-09-23 17:18:58,Ours,0.006040000000000001,3.2118016094591217,6.5,6.5,3,66.9907,1:06.99,65.5833,0.2266,1.1746,204.8644,3:24.86,10,"9,2,0,6,8,5,3,7,1,4",9:174;2:152;0:182;6:146;8:110;5:49;3:94;7:120;1:49;4:190,"9:[0,1,2,4,5,6,8,9,10,11,12,13,18,21,24,25,26];2:[0,1,2,4,5,6,8,9,10,11,12,13,18,24,26];0:[0,1,2,4,5,6,8,9,10,11,12,13,18,21,24,25,26,28];6:[0,1,2,4,5,6,8,10,11,12,13,18,24,26];8:[0,2,4,5,6,10,11,12,13,18,26];5:[4,6,13,26];3:[0,2,4,6,11,12,13,18,26];7:[0,2,4,5,6,10,11,12,13,18,24,26];1:[4,6,13,26];4:[0,1,2,4,5,6,8,9,10,11,12,13,18,21,23,24,25,26,28]","c9:bw=174,experts=[0,1,2,4,5,6,8,9,10,11,12,13,18,21,24,25,26]; c2:bw=152,experts=[0,1,2,4,5,6,8,9,10,11,12,13,18,24,26]; c0:bw=182,experts=[0,1,2,4,5,6,8,9,10,11,12,13,18,21,24,25,26,28]; c6:bw=146,experts=[0,1,2,4,5,6,8,10,11,12,13,18,24,26]; c8:bw=110,experts=[0,2,4,5,6,10,11,12,13,18,26]; c5:bw=49,experts=[4,6,13,26]; c3:bw=94,experts=[0,2,4,6,11,12,13,18,26]; c7:bw=120,experts=[0,2,4,5,6,10,11,12,13,18,24,26]; c1:bw=49,experts=[4,6,13,26]; c4:bw=190,experts=[0,1,2,4,5,6,8,9,10,11,12,13,18,21,23,24,25,26,28]","4.2319,5.1964,6.3970,9.1406,7.2082,8.5872,6.7669,6.0749,4.8887,7.0914"
4,2026-09-23 17:19:59,Ours,0.00802,3.1234594476530626,8.38,8.38,4,60.9746,1:00.97,59.2558,0.2611,1.4557,265.8522,4:25.85,10,"1,7,6,2,8,0,3,4,5,9",1:145;7:164;6:194;2:219;8:115;0:215;3:124;4:204;5:268;9:79,"1:[0,1,2,4,5,6,8,10,11,12,13,18,24,26];7:[0,1,2,4,5,6,8,10,11,12,13,18,24,25,26,28];6:[0,1,2,4,5,6,8,9,10,11,12,13,18,21,24,25,26,27,28];2:[0,1,2,4,5,6,8,9,10,11,12,13,14,18,21,23,24,25,26,27,28];8:[0,1,2,4,5,6,12,13,18,24,26];0:[0,1,2,4,5,6,8,9,10,11,12,13,16,18,21,23,24,25,26,27,28];3:[0,1,2,4,5,6,10,11,12,13,18,26];4:[0,1,2,4,5,6,8,9,10,11,12,13,18,21,23,24,25,26,27,28];5:[0,1,2,3,4,5,6,8,9,10,11,12,13,14,15,16,17,18,21,23,24,25,26,27,28,29];9:[2,4,6,12,13,18,26]","c1:bw=145,experts=[0,1,2,4,5,6,8,10,11,12,13,18,24,26]; c7:bw=164,experts=[0,1,2,4,5,6,8,10,11,12,13,18,24,25,26,28]; c6:bw=194,experts=[0,1,2,4,5,6,8,9,10,11,12,13,18,21,24,25,26,27,28]; c2:bw=219,experts=[0,1,2,4,5,6,8,9,10,11,12,13,14,18,21,23,24,25,26,27,28]; c8:bw=115,experts=[0,1,2,4,5,6,12,13,18,24,26]; c0:bw=215,experts=[0,1,2,4,5,6,8,9,10,11,12,13,16,18,21,23,24,25,26,27,28]; c3:bw=124,experts=[0,1,2,4,5,6,10,11,12,13,18,26]; c4:bw=204,experts=[0,1,2,4,5,6,8,9,10,11,12,13,18,21,23,24,25,26,27,28]; c5:bw=268,experts=[0,1,2,3,4,5,6,8,9,10,11,12,13,14,15,16,17,18,21,23,24,25,26,27,28,29]; c9:bw=79,experts=[2,4,6,12,13,18,26]","4.4524,4.8516,6.9707,3.9149,5.8065,5.1180,6.4343,8.9261,8.1635,4.6177"
5,2026-09-23 17:21:05,Ours,0.01,3.032081443460278,11.21,11.21,5,66.2238,1:06.22,64.4683,0.2484,1.4995,332.0917,5:32.09,10,"1,5,4,8,0,7,6,3,2,9",1:72;5:145;4:178;8:135;0:182;7:89;6:195;3:232;2:26;9:229,"1:[2,4,6,12,13,18,26];5:[0,1,2,4,5,6,8,9,10,12,13,18,24,26];4:[0,1,2,4,5,6,8,9,10,11,12,13,18,23,24,26,28];8:[0,1,2,4,5,6,8,10,12,13,18,24,26];0:[0,1,2,4,5,6,8,9,10,11,12,13,18,21,24,25,26,28];7:[0,2,4,6,12,13,18,26];6:[0,1,2,4,5,6,8,9,10,11,12,13,18,21,24,25,26,27,28];3:[0,1,2,3,4,5,6,8,9,10,11,12,13,14,18,21,23,24,25,26,27,28,29];2:[4,6];9:[0,1,2,4,5,6,8,9,10,11,12,13,14,16,18,21,23,24,25,26,27,28]","c1:bw=72,experts=[2,4,6,12,13,18,26]; c5:bw=145,experts=[0,1,2,4,5,6,8,9,10,12,13,18,24,26]; c4:bw=178,experts=[0,1,2,4,5,6,8,9,10,11,12,13,18,23,24,26,28]; c8:bw=135,experts=[0,1,2,4,5,6,8,10,12,13,18,24,26]; c0:bw=182,experts=[0,1,2,4,5,6,8,9,10,11,12,13,18,21,24,25,26,28]; c7:bw=89,experts=[0,2,4,6,12,13,18,26]; c6:bw=195,experts=[0,1,2,4,5,6,8,9,10,11,12,13,18,21,24,25,26,27,28]; c3:bw=232,experts=[0,1,2,3,4,5,6,8,9,10,11,12,13,14,18,21,23,24,25,26,27,28,29]; c2:bw=26,experts=[4,6]; c9:bw=229,experts=[0,1,2,4,5,6,8,9,10,11,12,13,14,16,18,21,23,24,25,26,27,28]","5.6761,8.2568,8.7473,5.9611,5.2367,5.1385,9.0564,6.7453,5.0118,4.6381"
6,2026-09-23 17:22:15,Ours,0.01,2.9094564956092563,14.56,14.56,6,69.1788,1:09.18,67.4912,0.2559,1.4261,401.2874,6:41.29,10,"8,2,5,7,3,1,9,0,4,6",8:245;2:152;5:100;7:213;3:133;1:118;9:176;0:114;4:64;6:74,"8:[0,1,2,4,5,6,8,9,10,11,12,13,14,15,16,18,21,22,23,24,25,26,28,30];2:[0,1,2,4,5,6,10,11,12,13,18,23,24,26,28];5:[0,1,2,4,6,10,12,13,18,26];7:[0,1,2,4,5,6,8,9,10,11,12,13,14,16,18,21,23,24,25,26,28];3:[0,1,2,4,5,6,10,12,13,18,24,26,28];1:[0,1,2,4,6,10,12,13,18,24,26];9:[0,1,2,4,5,6,8,9,10,11,12,13,18,24,25,26,28];0:[0,1,2,4,6,10,12,13,18,24,26];4:[2,4,6,13,18,26];6:[2,4,6,12,13,18,26]","c8:bw=245,experts=[0,1,2,4,5,6,8,9,10,11,12,13,14,15,16,18,21,22,23,24,25,26,28,30]; c2:bw=152,experts=[0,1,2,4,5,6,10,11,12,13,18,23,24,26,28]; c5:bw=100,experts=[0,1,2,4,6,10,12,13,18,26]; c7:bw=213,experts=[0,1,2,4,5,6,8,9,10,11,12,13,14,16,18,21,23,24,25,26,28]; c3:bw=133,experts=[0,1,2,4,5,6,10,12,13,18,24,26,28]; c1:bw=118,experts=[0,1,2,4,6,10,12,13,18,24,26]; c9:bw=176,experts=[0,1,2,4,5,6,8,9,10,11,12,13,18,24,25,26,28]; c0:bw=114,experts=[0,1,2,4,6,10,12,13,18,24,26]; c4:bw=64,experts=[2,4,6,13,18,26]; c6:bw=74,experts=[2,4,6,12,13,18,26]","7.4386,5.5160,8.5599,5.3109,5.9405,4.8141,4.8539,7.0869,9.2157,8.7546"
7,2026-09-23 17:23:21,Ours,0.01,2.7990861124532147,16.83,16.83,7,66.6463,1:06.65,64.8791,0.2519,1.5076,467.95,7:47.95,10,"0,5,2,6,3,7,4,1,8,9",0:132;5:178;2:146;6:48;3:97;7:113;4:50;1:35;8:210;9:10,"0:[0,1,2,4,5,6,10,12,13,18,24,26,28];5:[0,1,2,4,5,6,8,10,11,12,13,18,21,24,25,26,28];2:[0,1,2,4,5,6,8,10,12,13,18,24,26,28];6:[4,6,13,26];3:[0,1,2,4,6,10,13,18,26];7:[0,1,2,4,6,10,12,13,18,24,26];4:[2,4,6,13,26];1:[4,6,26];8:[0,1,2,4,5,6,8,10,11,12,13,14,15,16,18,21,23,24,25,26,28];9:[4]","c0:bw=132,experts=[0,1,2,4,5,6,10,12,13,18,24,26,28]; c5:bw=178,experts=[0,1,2,4,5,6,8,10,11,12,13,18,21,24,25,26,28]; c2:bw=146,experts=[0,1,2,4,5,6,8,10,12,13,18,24,26,28]; c6:bw=48,experts=[4,6,13,26]; c3:bw=97,experts=[0,1,2,4,6,10,13,18,26]; c7:bw=113,experts=[0,1,2,4,6,10,12,13,18,24,26]; c4:bw=50,experts=[2,4,6,13,26]; c1:bw=35,experts=[4,6,26]; c8:bw=210,experts=[0,1,2,4,5,6,8,10,11,12,13,14,15,16,18,21,23,24,25,26,28]; c9:bw=10,experts=[4]","6.2485,8.3750,4.2931,7.6113,5.7160,6.1246,9.0238,5.7119,7.0781,4.6970"
8,2026-09-23 17:24:28,Ours,0.01,2.697338157683746,19.5,19.5,8,67.1113,1:07.11,65.3579,0.2609,1.4907,535.0787,8:55.08,10,"4,8,1,3,0,5,2,9,7,6",4:16;8:135;1:213;3:136;0:119;5:103;2:197;9:215;7:55;6:151,"4:[4];8:[0,1,2,4,5,6,10,12,13,18,24,26,28];1:[0,1,2,4,5,6,8,9,10,11,12,13,14,16,18,21,24,25,26,28,31];3:[0,1,2,4,5,6,10,12,13,18,24,26,28];0:[0,1,2,4,6,10,12,13,18,26,28];5:[0,1,2,4,6,10,12,13,18,26];2:[0,1,2,4,5,6,8,9,10,11,12,13,14,18,21,23,24,26,28];9:[0,1,2,4,5,6,8,9,10,11,12,13,15,18,21,24,25,26,28,30,31];7:[0,4,6,13,26];6:[0,1,2,4,5,6,8,10,11,12,13,18,24,26,28]","c4:bw=16,experts=[4]; c8:bw=135,experts=[0,1,2,4,5,6,10,12,13,18,24,26,28]; c1:bw=213,experts=[0,1,2,4,5,6,8,9,10,11,12,13,14,16,18,21,24,25,26,28,31]; c3:bw=136,experts=[0,1,2,4,5,6,10,12,13,18,24,26,28]; c0:bw=119,experts=[0,1,2,4,6,10,12,13,18,26,28]; c5:bw=103,experts=[0,1,2,4,6,10,12,13,18,26]; c2:bw=197,experts=[0,1,2,4,5,6,8,9,10,11,12,13,14,18,21,23,24,26,28]; c9:bw=215,experts=[0,1,2,4,5,6,8,9,10,11,12,13,15,18,21,24,25,26,28,30,31]; c7:bw=55,experts=[0,4,6,13,26]; c6:bw=151,experts=[0,1,2,4,5,6,8,10,11,12,13,18,24,26,28]","9.0485,6.9993,4.9292,5.8764,5.2840,8.3905,5.0489,4.7663,6.1120,8.9028"
9,2026-09-23 17:25:27,Ours,0.01,2.607282868567802,23.21,23.21,9,58.8422,0:58.84,57.4263,0.2169,1.1925,593.9382,9:53.94,10,"2,0,4,9,8,6,7,5,1,3",2:78;0:192;4:218;9:96;8:66;6:114;7:168;5:192;1:53;3:84,"2:[0,1,2,4,6,13,26];0:[0,1,2,4,5,6,8,10,11,12,13,14,18,21,22,23,24,26,28];4:[0,1,2,4,5,6,8,9,10,11,12,13,14,18,21,22,23,24,25,26,28];9:[0,1,2,4,6,10,13,18,26];8:[0,2,4,6,13,26];6:[0,1,2,4,6,10,12,13,18,24,26];7:[0,1,2,4,5,6,8,10,11,12,13,14,18,24,26,28];5:[0,1,2,4,5,6,8,10,11,12,13,14,18,21,22,23,24,26,28];1:[0,4,6,13,26];3:[0,1,2,4,6,13,26,28]","c2:bw=78,experts=[0,1,2,4,6,13,26]; c0:bw=192,experts=[0,1,2,4,5,6,8,10,11,12,13,14,18,21,22,23,24,26,28]; c4:bw=218,experts=[0,1,2,4,5,6,8,9,10,11,12,13,14,18,21,22,23,24,25,26,28]; c9:bw=96,experts=[0,1,2,4,6,10,13,18,26]; c8:bw=66,experts=[0,2,4,6,13,26]; c6:bw=114,experts=[0,1,2,4,6,10,12,13,18,24,26]; c7:bw=168,experts=[0,1,2,4,5,6,8,10,11,12,13,14,18,24,26,28]; c5:bw=192,experts=[0,1,2,4,5,6,8,10,11,12,13,14,18,21,22,23,24,26,28]; c1:bw=53,experts=[0,4,6,13,26]; c3:bw=84,experts=[0,1,2,4,6,13,26,28]","5.1707,6.2249,7.9599,3.7734,5.6020,7.0934,4.9456,6.6593,4.5674,5.4295"
10,2026-09-23 17:26:23,Ours,0.01,2.5276619408902623,24.15,24.15,10,55.6668,0:55.67,54.2445,0.2168,1.2038,649.6172,10:49.62,10,"4,2,7,0,6,3,5,8,9,1",4:135;2:124;7:137;0:216;6:238;3:168;5:212;8:129;9:129;1:149,"4:[0,1,2,4,5,6,10,12,13,18,24,26,28];2:[0,1,2,4,5,6,10,12,13,18,24,26];7:[0,1,2,4,5,6,10,12,13,18,24,26,28];0:[0,1,2,4,5,6,8,9,10,11,12,13,14,18,21,22,23,24,25,26,28];6:[0,1,2,4,5,6,8,9,10,11,12,13,14,15,18,19,21,22,23,24,25,26,28];3:[0,1,2,4,5,6,8,10,11,12,13,14,18,24,26,28];5:[0,1,2,4,5,6,8,9,10,11,12,13,14,18,21,22,23,24,25,26,28];8:[0,2,4,5,6,10,12,13,18,24,26,28];9:[0,1,2,4,5,6,10,13,18,24,26,28];1:[0,1,2,4,5,6,8,10,12,13,18,24,26,28]","c4:bw=135,experts=[0,1,2,4,5,6,10,12,13,18,24,26,28]; c2:bw=124,experts=[0,1,2,4,5,6,10,12,13,18,24,26]; c7:bw=137,experts=[0,1,2,4,5,6,10,12,13,18,24,26,28]; c0:bw=216,experts=[0,1,2,4,5,6,8,9,10,11,12,13,14,18,21,22,23,24,25,26,28]; c6:bw=238,experts=[0,1,2,4,5,6,8,9,10,11,12,13,14,15,18,19,21,22,23,24,25,26,28]; c3:bw=168,experts=[0,1,2,4,5,6,8,10,11,12,13,14,18,24,26,28]; c5:bw=212,experts=[0,1,2,4,5,6,8,9,10,11,12,13,14,18,21,22,23,24,25,26,28]; c8:bw=129,experts=[0,2,4,5,6,10,12,13,18,24,26,28]; c9:bw=129,experts=[0,1,2,4,5,6,10,13,18,24,26,28]; c1:bw=149,experts=[0,1,2,4,5,6,8,10,12,13,18,24,26,28]","7.2006,3.9951,4.9330,4.9978,7.0718,5.4101,6.6399,5.6111,3.7786,4.6065"
11,2026-09-23 17:27:19,Ours,0.01,2.453544557536118,26.9,26.9,11,55.7004,0:55.70,54.2649,0.2226,1.2061,705.3321,11:45.33,10,"5,2,7,3,0,8,9,6,1,4",5:102;2:100;7:160;3:184;0:103;8:143;9:121;6:203;1:148;4:58,"5:[0,4,5,6,10,12,13,18,24,26];2:[0,2,4,6,10,12,13,18,24,26];7:[0,1,2,4,5,6,8,10,12,13,14,18,21,24,26,28];3:[0,1,2,4,5,6,8,10,11,12,13,14,18,21,23,24,26,28];0:[0,2,4,5,6,10,13,18,24,26];8:[0,1,2,4,5,6,8,10,12,13,18,24,26,28];9:[0,1,2,4,6,8,10,12,13,18,24,26];6:[0,1,2,4,5,6,8,9,10,11,12,13,14,18,21,23,24,25,26,28];1:[0,1,2,4,5,6,8,10,12,13,18,24,26,28];4:[0,4,6,13,26]","c5:bw=102,experts=[0,4,5,6,10,12,13,18,24,26]; c2:bw=100,experts=[0,2,4,6,10,12,13,18,24,26]; c7:bw=160,experts=[0,1,2,4,5,6,8,10,12,13,14,18,21,24,26,28]; c3:bw=184,experts=[0,1,2,4,5,6,8,10,11,12,13,14,18,21,23,24,26,28]; c0:bw=103,experts=[0,2,4,5,6,10,13,18,24,26]; c8:bw=143,experts=[0,1,2,4,5,6,8,10,12,13,18,24,26,28]; c9:bw=121,experts=[0,1,2,4,6,8,10,12,13,18,24,26]; c6:bw=203,experts=[0,1,2,4,5,6,8,9,10,11,12,13,14,18,21,23,24,25,26,28]; c1:bw=148,experts=[0,1,2,4,5,6,8,10,12,13,18,24,26,28]; c4:bw=58,experts=[0,4,6,13,26]","6.6218,3.9940,4.9440,5.4526,4.9457,5.6403,3.7580,7.0787,4.5895,7.2402"
12,2026-09-23 17:28:15,Ours,0.01,2.3912067482228427,28.53,28.53,12,55.908,0:55.91,54.4718,0.2167,1.2178,761.2535,12:41.25,10,"1,5,2,4,3,7,9,6,8,0",1:155;5:205;2:211;4:103;3:128;7:108;9:154;6:106;8:201;0:180,"1:[0,1,2,4,5,6,8,10,12,13,18,21,24,26,28];5:[0,1,2,4,5,6,8,9,10,11,12,13,14,18,21,23,24,25,26,28];2:[0,1,2,4,5,6,8,9,10,11,12,13,14,18,21,22,23,24,25,26,28];4:[0,2,4,5,6,10,13,18,24,26];3:[0,1,4,5,6,10,12,13,18,24,26,28];7:[0,4,5,6,10,12,13,18,24,26];9:[0,1,2,4,5,6,8,10,12,13,18,21,24,26,28];6:[0,1,2,4,6,10,13,18,24,26];8:[0,1,2,4,5,6,8,9,10,11,12,13,18,21,23,24,25,26,28,30];0:[0,1,2,4,5,6,8,10,11,12,13,14,18,21,23,24,26,28]","c1:bw=155,experts=[0,1,2,4,5,6,8,10,12,13,18,21,24,26,28]; c5:bw=205,experts=[0,1,2,4,5,6,8,9,10,11,12,13,14,18,21,23,24,25,26,28]; c2:bw=211,experts=[0,1,2,4,5,6,8,9,10,11,12,13,14,18,21,22,23,24,25,26,28]; c4:bw=103,experts=[0,2,4,5,6,10,13,18,24,26]; c3:bw=128,experts=[0,1,4,5,6,10,12,13,18,24,26,28]; c7:bw=108,experts=[0,4,5,6,10,12,13,18,24,26]; c9:bw=154,experts=[0,1,2,4,5,6,8,10,12,13,18,21,24,26,28]; c6:bw=106,experts=[0,1,2,4,6,10,13,18,24,26]; c8:bw=201,experts=[0,1,2,4,5,6,8,9,10,11,12,13,18,21,23,24,25,26,28,30]; c0:bw=180,experts=[0,1,2,4,5,6,8,10,11,12,13,14,18,21,23,24,26,28]","4.6013,6.6550,4.0085,7.1978,5.5333,4.9432,3.7796,7.1424,5.6387,4.9720"
13,2026-09-23 17:29:10,Ours,0.01,2.3330864971413097,31.01,31.01,13,55.5495,0:55.55,54.1347,0.2172,1.1918,816.8187,13:36.82,10,"3,1,4,5,8,6,9,7,0,2",3:111;1:174;4:13;5:107;8:56;6:133;9:54;7:214;0:93;2:59,"3:[0,4,5,6,10,12,13,18,24,26,28];1:[0,1,2,4,5,6,8,10,11,12,13,18,21,23,24,26,28];4:[4];5:[0,1,2,4,5,6,10,13,24,26];8:[0,4,6,13,26];6:[0,1,4,5,6,10,12,13,18,21,24,26,28];9:[0,4,6,13,26];7:[0,1,2,4,5,6,8,9,10,11,12,13,14,18,21,22,23,24,25,26,28];0:[0,2,4,5,6,13,18,24,26];2:[0,4,6,13,26]","c3:bw=111,experts=[0,4,5,6,10,12,13,18,24,26,28]; c1:bw=174,experts=[0,1,2,4,5,6,8,10,11,12,13,18,21,23,24,26,28]; c4:bw=13,experts=[4]; c5:bw=107,experts=[0,1,2,4,5,6,10,13,24,26]; c8:bw=56,experts=[0,4,6,13,26]; c6:bw=133,experts=[0,1,4,5,6,10,12,13,18,21,24,26,28]; c9:bw=54,experts=[0,4,6,13,26]; c7:bw=214,experts=[0,1,2,4,5,6,8,9,10,11,12,13,14,18,21,22,23,24,25,26,28]; c0:bw=93,experts=[0,2,4,5,6,13,18,24,26]; c2:bw=59,experts=[0,4,6,13,26]","5.4234,4.6093,7.1256,6.5859,5.6299,7.0975,3.7407,4.9458,4.9867,3.9898"
14,2026-09-23 17:30:06,Ours,0.01,2.2804188342600136,32.69,32.69,14,55.7023,0:55.70,54.2952,0.2246,1.175,872.5342,14:32.53,10,"2,4,5,1,7,0,9,3,8,6",2:165;4:21;5:234;1:141;7:92;0:93;9:116;3:167;8:77;6:246,"2:[0,1,2,4,5,6,10,11,12,13,18,21,23,24,26,28];4:[4,26];5:[0,1,2,4,5,6,8,9,10,11,12,13,14,18,19,20,21,22,23,24,25,26,28];1:[0,1,2,4,5,6,10,12,13,18,21,24,26,28];7:[0,4,5,6,10,13,24,26,28];0:[0,4,5,6,10,13,18,26,28];9:[0,4,5,6,10,12,13,18,24,26,28];3:[0,1,2,4,5,6,10,11,12,13,18,21,23,24,26,28];8:[2,4,5,6,10,13,26];6:[0,1,2,4,5,6,8,9,10,11,12,13,14,18,19,20,21,22,23,24,25,26,28,30]","c2:bw=165,experts=[0,1,2,4,5,6,10,11,12,13,18,21,23,24,26,28]; c4:bw=21,experts=[4,26]; c5:bw=234,experts=[0,1,2,4,5,6,8,9,10,11,12,13,14,18,19,20,21,22,23,24,25,26,28]; c1:bw=141,experts=[0,1,2,4,5,6,10,12,13,18,21,24,26,28]; c7:bw=92,experts=[0,4,5,6,10,13,24,26,28]; c0:bw=93,experts=[0,4,5,6,10,13,18,26,28]; c9:bw=116,experts=[0,4,5,6,10,12,13,18,24,26,28]; c3:bw=167,experts=[0,1,2,4,5,6,10,11,12,13,18,21,23,24,26,28]; c8:bw=77,experts=[2,4,5,6,10,13,26]; c6:bw=246,experts=[0,1,2,4,5,6,8,9,10,11,12,13,14,18,19,20,21,22,23,24,25,26,28,30]","3.9821,7.1566,6.6409,4.5992,4.9508,4.9733,3.7514,5.3999,5.6330,7.2079"
15,2026-09-23 17:31:02,Ours,0.01,2.2379013904633442,35.17,35.17,15,55.94,0:55.94,54.5014,0.214,1.2178,928.4904,15:28.49,10,"7,0,1,8,3,2,4,5,9,6",7:216;0:75;1:52;8:190;3:38;2:193;4:171;5:65;9:71;6:120,"7:[0,1,2,4,5,6,8,9,10,11,12,13,14,18,21,22,23,24,25,26,28];0:[0,2,4,5,6,13,26];1:[0,4,6,13,26];8:[0,1,2,4,5,6,8,10,11,12,13,15,16,18,21,24,25,26,28];3:[4,6,26];2:[0,1,2,4,5,6,8,10,11,12,13,18,21,23,24,25,26,28,30];4:[0,1,2,4,5,6,8,10,11,12,13,18,21,23,24,26,28];5:[0,4,5,6,13,26];9:[0,2,4,6,10,13,26];6:[0,2,4,5,6,10,12,13,18,24,26,28]","c7:bw=216,experts=[0,1,2,4,5,6,8,9,10,11,12,13,14,18,21,22,23,24,25,26,28]; c0:bw=75,experts=[0,2,4,5,6,13,26]; c1:bw=52,experts=[0,4,6,13,26]; c8:bw=190,experts=[0,1,2,4,5,6,8,10,11,12,13,15,16,18,21,24,25,26,28]; c3:bw=38,experts=[4,6,26]; c2:bw=193,experts=[0,1,2,4,5,6,8,10,11,12,13,18,21,23,24,25,26,28,30]; c4:bw=171,experts=[0,1,2,4,5,6,8,10,11,12,13,18,21,23,24,26,28]; c5:bw=65,experts=[0,4,5,6,13,26]; c9:bw=71,experts=[0,2,4,6,10,13,26]; c6:bw=120,experts=[0,2,4,5,6,10,12,13,18,24,26,28]","5.0030,5.0339,4.6204,5.6673,5.3897,4.0741,7.2161,6.6352,3.7352,7.1265"
16,2026-09-23 17:31:58,Ours,0.01,2.193182570784023,36.46,36.46,16,55.8581,0:55.86,54.415,0.229,1.2124,984.3621,16:24.36,10,"6,1,3,8,7,5,4,9,0,2",6:147;1:105;3:159;8:180;7:81;5:145;4:130;9:88;0:208;2:189,"6:[0,1,2,4,5,6,10,12,13,18,21,24,26,28];1:[0,2,4,5,6,10,13,18,24,26];3:[0,1,2,4,5,6,10,11,12,13,18,21,24,26,28];8:[0,1,2,4,5,6,8,10,11,12,13,14,18,21,23,24,26,28];7:[0,4,5,6,13,18,24,26];5:[0,1,2,4,5,6,10,12,13,18,21,24,26,28];4:[0,1,2,4,5,6,10,12,13,18,24,26,28];9:[0,2,4,5,6,13,24,26];0:[0,1,2,4,5,6,8,9,10,11,12,13,15,18,21,23,24,25,26,28];2:[0,1,2,4,5,6,8,10,11,12,13,14,18,21,23,24,26,28]","c6:bw=147,experts=[0,1,2,4,5,6,10,12,13,18,21,24,26,28]; c1:bw=105,experts=[0,2,4,5,6,10,13,18,24,26]; c3:bw=159,experts=[0,1,2,4,5,6,10,11,12,13,18,21,24,26,28]; c8:bw=180,experts=[0,1,2,4,5,6,8,10,11,12,13,14,18,21,23,24,26,28]; c7:bw=81,experts=[0,4,5,6,13,18,24,26]; c5:bw=145,experts=[0,1,2,4,5,6,10,12,13,18,21,24,26,28]; c4:bw=130,experts=[0,1,2,4,5,6,10,12,13,18,24,26,28]; c9:bw=88,experts=[0,2,4,5,6,13,24,26]; c0:bw=208,experts=[0,1,2,4,5,6,8,9,10,11,12,13,15,18,21,23,24,25,26,28]; c2:bw=189,experts=[0,1,2,4,5,6,8,10,11,12,13,14,18,21,23,24,26,28]","7.1741,4.6396,5.4214,5.6132,4.9760,6.6249,7.2308,3.7668,5.0073,3.9609"
17,2026-09-23 17:32:53,Ours,0.01,2.15204450041114,37.98,37.98,17,55.584,0:55.58,54.1915,0.2164,1.1693,1039.9621,17:19.96,10,"4,7,8,3,5,1,0,2,9,6",4:212;7:90;8:29;3:192;5:11;1:106;0:39;2:71;9:136;6:141,"4:[0,1,2,4,5,6,8,9,10,11,12,13,14,18,19,21,22,23,24,26,28];7:[0,4,5,6,10,13,18,24,26];8:[4,26];3:[0,1,2,4,5,6,8,9,10,11,12,13,14,18,21,23,24,26,28];5:[4];1:[0,2,4,5,6,10,13,18,24,26];0:[4,6,26];2:[0,4,5,6,13,18,26];9:[0,2,4,5,6,10,12,13,18,21,24,26,28];6:[0,1,4,5,6,10,11,12,13,18,21,24,26,28]","c4:bw=212,experts=[0,1,2,4,5,6,8,9,10,11,12,13,14,18,19,21,22,23,24,26,28]; c7:bw=90,experts=[0,4,5,6,10,13,18,24,26]; c8:bw=29,experts=[4,26]; c3:bw=192,experts=[0,1,2,4,5,6,8,9,10,11,12,13,14,18,21,23,24,26,28]; c5:bw=11,experts=[4]; c1:bw=106,experts=[0,2,4,5,6,10,13,18,24,26]; c0:bw=39,experts=[4,6,26]; c2:bw=71,experts=[0,4,5,6,13,18,26]; c9:bw=136,experts=[0,2,4,5,6,10,12,13,18,21,24,26,28]; c6:bw=141,experts=[0,1,4,5,6,10,11,12,13,18,21,24,26,28]","7.2492,4.9936,5.6225,5.4210,6.5452,4.6043,4.9423,3.9525,3.7776,7.0832"
18,2026-09-23 17:33:49,Ours,0.01,2.1171770089456206,40.0,40.0,18,55.8583,0:55.86,54.4108,0.2262,1.2197,1095.8348,18:15.83,10,"1,8,5,2,9,7,4,3,0,6",1:23;8:18;5:127;2:137;9:69;7:200;4:204;3:137;0:179;6:115,"1:[4,6];8:[4];5:[0,4,5,6,10,12,13,18,21,24,26,28];2:[0,1,2,4,5,6,10,12,13,18,24,26,28];9:[0,4,6,13,18,26];7:[0,1,2,4,5,6,8,9,10,11,12,13,14,18,21,22,23,24,26,28];4:[0,1,2,4,5,6,8,9,10,11,12,13,14,18,21,22,23,24,26,28];3:[0,1,2,4,5,6,10,13,18,21,24,26,28];0:[0,1,2,4,5,6,9,10,11,12,13,14,18,21,24,26,28];6:[0,1,2,4,5,6,10,13,18,24,26]","c1:bw=23,experts=[4,6]; c8:bw=18,experts=[4]; c5:bw=127,experts=[0,4,5,6,10,12,13,18,21,24,26,28]; c2:bw=137,experts=[0,1,2,4,5,6,10,12,13,18,24,26,28]; c9:bw=69,experts=[0,4,6,13,18,26]; c7:bw=200,experts=[0,1,2,4,5,6,8,9,10,11,12,13,14,18,21,22,23,24,26,28]; c4:bw=204,experts=[0,1,2,4,5,6,8,9,10,11,12,13,14,18,21,22,23,24,26,28]; c3:bw=137,experts=[0,1,2,4,5,6,10,13,18,21,24,26,28]; c0:bw=179,experts=[0,1,2,4,5,6,9,10,11,12,13,14,18,21,24,26,28]; c6:bw=115,experts=[0,1,2,4,5,6,10,13,18,24,26]","4.6126,5.6129,6.6728,4.0265,3.8023,4.9476,7.1843,5.4088,5.0075,7.1355"
19,2026-09-23 17:34:45,Ours,0.01,2.083165894321327,40.36,40.36,19,55.9129,0:55.91,54.4934,0.2279,1.1848,1151.7663,19:11.77,10,"8,0,4,1,9,5,7,2,6,3",8:205;0:154;4:188;1:169;9:140;5:106;7:82;2:52;6:241;3:145,"8:[0,1,2,4,5,6,8,9,10,11,12,13,14,18,21,23,24,25,26,28];0:[0,1,2,4,5,6,9,10,12,13,18,21,24,26,28];4:[0,1,2,4,5,6,9,10,11,12,13,14,18,21,23,24,26,28];1:[0,1,2,4,5,6,9,10,11,12,13,18,21,24,26,28];9:[0,1,2,4,5,6,10,12,13,18,21,24,26,28];5:[0,4,5,6,10,12,13,18,24,26];7:[0,2,4,6,13,24,26,28];2:[0,4,6,13,26];6:[0,1,2,4,5,6,8,9,10,11,12,13,14,18,19,20,21,22,23,24,25,26,28,30];3:[0,1,2,4,5,6,10,11,13,18,21,24,26,28]","c8:bw=205,experts=[0,1,2,4,5,6,8,9,10,11,12,13,14,18,21,23,24,25,26,28]; c0:bw=154,experts=[0,1,2,4,5,6,9,10,12,13,18,21,24,26,28]; c4:bw=188,experts=[0,1,2,4,5,6,9,10,11,12,13,14,18,21,23,24,26,28]; c1:bw=169,experts=[0,1,2,4,5,6,9,10,11,12,13,18,21,24,26,28]; c9:bw=140,experts=[0,1,2,4,5,6,10,12,13,18,21,24,26,28]; c5:bw=106,experts=[0,4,5,6,10,12,13,18,24,26]; c7:bw=82,experts=[0,2,4,6,13,24,26,28]; c2:bw=52,experts=[0,4,6,13,26]; c6:bw=241,experts=[0,1,2,4,5,6,8,9,10,11,12,13,14,18,19,20,21,22,23,24,25,26,28,30]; c3:bw=145,experts=[0,1,2,4,5,6,10,11,13,18,21,24,26,28]","5.6535,5.0315,7.1917,4.6399,3.7686,6.6108,5.0064,3.9974,7.1375,5.4560"
20,2026-09-23 17:35:41,Ours,0.01,2.054508335020226,41.21,41.21,20,55.9569,0:55.96,54.5485,0.2141,1.1849,1207.739,20:07.74,10,"0,2,1,9,7,6,3,5,4,8",0:101;2:151;1:147;9:61;7:157;6:248;3:67;5:13;4:217;8:184,"0:[0,4,5,6,10,13,18,21,24,26];2:[0,1,2,4,5,6,8,10,12,13,18,21,24,26,28];1:[0,2,4,5,6,10,11,12,13,18,21,24,26,28];9:[0,4,6,13,18,26];7:[0,1,2,4,5,6,9,10,12,13,18,21,24,26,28];6:[0,1,2,4,5,6,8,9,10,11,12,13,14,18,19,20,21,22,23,24,25,26,28,30];3:[0,4,6,13,18,26];5:[4];4:[0,1,2,4,5,6,8,9,10,11,12,13,14,18,19,21,22,23,24,26,28];8:[0,1,2,4,5,6,8,10,11,12,13,18,21,24,25,26,28,30]","c0:bw=101,experts=[0,4,5,6,10,13,18,21,24,26]; c2:bw=151,experts=[0,1,2,4,5,6,8,10,12,13,18,21,24,26,28]; c1:bw=147,experts=[0,2,4,5,6,10,11,12,13,18,21,24,26,28]; c9:bw=61,experts=[0,4,6,13,18,26]; c7:bw=157,experts=[0,1,2,4,5,6,9,10,12,13,18,21,24,26,28]; c6:bw=248,experts=[0,1,2,4,5,6,8,9,10,11,12,13,14,18,19,20,21,22,23,24,25,26,28,30]; c3:bw=67,experts=[0,4,6,13,18,26]; c5:bw=13,experts=[4]; c4:bw=217,experts=[0,1,2,4,5,6,8,9,10,11,12,13,14,18,19,21,22,23,24,26,28]; c8:bw=184,experts=[0,1,2,4,5,6,8,10,11,12,13,18,21,24,25,26,28,30]","5.0329,4.0179,4.6302,3.7751,4.9812,7.2080,5.3968,6.6351,7.2296,5.6417"
21,2026-09-23 17:36:37,Ours,0.01,2.0246968467625694,42.9,42.9,21,55.8644,0:55.86,54.4417,0.2137,1.2073,1263.6214,21:03.62,10,"1,2,7,4,8,5,0,3,6,9",1:150;2:145;7:46;4:175;8:67;5:118;0:243;3:27;6:57;9:93,"1:[0,1,2,4,5,6,8,10,11,13,18,21,24,26,28];2:[0,2,4,5,6,9,10,12,13,18,21,24,26,28];7:[4,6,13,26];4:[0,2,4,5,6,9,10,11,12,13,14,18,21,23,24,26,28];8:[0,4,6,13,18,26];5:[0,4,5,6,10,12,13,18,21,24,26];0:[0,1,2,4,5,6,8,9,10,11,12,13,14,18,19,20,21,22,23,24,25,26,28,30];3:[4,26];6:[0,4,13,18,26];9:[0,2,4,5,6,10,13,18,26]","c1:bw=150,experts=[0,1,2,4,5,6,8,10,11,13,18,21,24,26,28]; c2:bw=145,experts=[0,2,4,5,6,9,10,12,13,18,21,24,26,28]; c7:bw=46,experts=[4,6,13,26]; c4:bw=175,experts=[0,2,4,5,6,9,10,11,12,13,14,18,21,23,24,26,28]; c8:bw=67,experts=[0,4,6,13,18,26]; c5:bw=118,experts=[0,4,5,6,10,12,13,18,21,24,26]; c0:bw=243,experts=[0,1,2,4,5,6,8,9,10,11,12,13,14,18,19,20,21,22,23,24,25,26,28,30]; c3:bw=27,experts=[4,26]; c6:bw=57,experts=[0,4,13,18,26]; c9:bw=93,experts=[0,2,4,5,6,10,13,18,26]","4.6439,4.0019,4.9617,7.2364,5.6444,6.6823,5.0502,5.4033,7.0540,3.7637"
22,2026-09-23 17:37:33,Ours,0.01,1.994026186966959,43.92,43.92,22,55.9883,0:55.99,54.5504,0.2285,1.2031,1319.6248,21:59.62,10,"7,9,1,6,5,2,0,4,3,8",7:59;9:120;1:24;6:224;5:61;2:242;0:245;4:133;3:204;8:120,"7:[0,4,6,13,26];9:[0,2,4,5,6,9,10,13,18,21,24,26];1:[4,26];6:[0,1,2,4,5,6,8,9,10,11,12,13,14,18,19,21,22,23,24,25,26,28];5:[0,4,5,6,13,26];2:[0,1,2,4,5,6,8,9,10,11,12,13,14,15,16,18,19,21,23,24,25,26,28,30];0:[0,1,2,4,5,6,8,9,10,11,12,13,14,18,19,20,21,22,23,24,25,26,28,30];4:[0,4,5,6,9,10,12,13,14,18,21,24,26];3:[0,1,2,4,5,6,8,9,10,11,12,13,14,18,19,21,23,24,26,28];8:[0,2,4,5,6,10,13,18,21,24,26,28]","c7:bw=59,experts=[0,4,6,13,26]; c9:bw=120,experts=[0,2,4,5,6,9,10,13,18,21,24,26]; c1:bw=24,experts=[4,26]; c6:bw=224,experts=[0,1,2,4,5,6,8,9,10,11,12,13,14,18,19,21,22,23,24,25,26,28]; c5:bw=61,experts=[0,4,5,6,13,26]; c2:bw=242,experts=[0,1,2,4,5,6,8,9,10,11,12,13,14,15,16,18,19,21,23,24,25,26,28,30]; c0:bw=245,experts=[0,1,2,4,5,6,8,9,10,11,12,13,14,18,19,20,21,22,23,24,25,26,28,30]; c4:bw=133,experts=[0,4,5,6,9,10,12,13,14,18,21,24,26]; c3:bw=204,experts=[0,1,2,4,5,6,8,9,10,11,12,13,14,18,19,21,23,24,26,28]; c8:bw=120,experts=[0,2,4,5,6,10,13,18,21,24,26,28]","4.9642,3.7849,4.5975,7.1552,6.6411,4.0047,5.0302,7.2319,5.4438,5.6969"
23,2026-09-23 17:38:29,Ours,0.01,1.9714694700164141,43.92,43.92,22,55.8657,0:55.87,54.4645,0.216,1.1794,1375.5093,22:55.51,10,"5,7,4,6,9,8,3,1,2,0",5:190;7:55;4:205;6:37;9:184;8:128;3:57;1:226;2:118;0:41,"5:[0,1,2,4,5,6,9,10,11,12,13,14,18,21,23,24,25,26,28];7:[0,4,6,13,26];4:[0,1,2,4,5,6,8,9,10,11,12,13,14,18,19,21,23,24,26,28];6:[4,6,26];9:[0,1,2,4,5,6,8,9,10,12,13,14,18,21,23,24,26,28];8:[0,4,5,6,10,12,13,18,21,24,26,28];3:[0,4,6,13,26];1:[0,1,2,4,5,6,8,9,10,11,12,13,14,15,16,18,21,23,24,25,26,28];2:[0,4,5,6,10,13,18,21,24,26,28];0:[4,6,13,26]","c5:bw=190,experts=[0,1,2,4,5,6,9,10,11,12,13,14,18,21,23,24,25,26,28]; c7:bw=55,experts=[0,4,6,13,26]; c4:bw=205,experts=[0,1,2,4,5,6,8,9,10,11,12,13,14,18,19,21,23,24,26,28]; c6:bw=37,experts=[4,6,26]; c9:bw=184,experts=[0,1,2,4,5,6,8,9,10,12,13,14,18,21,23,24,26,28]; c8:bw=128,experts=[0,4,5,6,10,12,13,18,21,24,26,28]; c3:bw=57,experts=[0,4,6,13,26]; c1:bw=226,experts=[0,1,2,4,5,6,8,9,10,11,12,13,14,15,16,18,21,23,24,25,26,28]; c2:bw=118,experts=[0,4,5,6,10,13,18,21,24,26,28]; c0:bw=41,experts=[4,6,13,26]","6.6725,4.9460,7.2039,7.1061,3.7949,5.6112,5.4107,4.6548,4.0060,5.0583"
24,2026-09-23 17:39:25,Ours,0.01,1.9474204114762432,45.36,45.36,24,56.0398,0:56.04,54.5971,0.2126,1.2238,1431.5649,23:51.56,10,"6,4,7,9,2,1,5,8,3,0",6:110;4:46;7:12;9:182;2:158;1:10;5:90;8:67;3:10;0:115,"6:[0,2,4,5,6,10,13,18,21,24,26];4:[4,6,13,26];7:[4];9:[0,1,2,4,5,6,8,9,10,11,12,13,18,21,24,25,26,28];2:[0,2,4,5,6,8,9,10,12,13,18,21,24,26,28];1:[4];5:[0,4,5,6,10,13,18,21,26];8:[4,5,6,13,18,26];3:[4];0:[0,2,4,5,6,10,13,18,21,24,26]","c6:bw=110,experts=[0,2,4,5,6,10,13,18,21,24,26]; c4:bw=46,experts=[4,6,13,26]; c7:bw=12,experts=[4]; c9:bw=182,experts=[0,1,2,4,5,6,8,9,10,11,12,13,18,21,24,25,26,28]; c2:bw=158,experts=[0,2,4,5,6,8,9,10,12,13,18,21,24,26,28]; c1:bw=10,experts=[4]; c5:bw=90,experts=[0,4,5,6,10,13,18,21,26]; c8:bw=67,experts=[4,5,6,13,18,26]; c3:bw=10,experts=[4]; c0:bw=115,experts=[0,2,4,5,6,10,13,18,21,24,26]","7.2016,7.2250,4.9886,3.8189,4.0167,4.5994,6.6744,5.6615,5.3810,5.0300"
25,2026-09-23 17:40:21,Ours,0.01,1.9241674620413067,46.43,46.43,25,56.1805,0:56.18,54.7445,0.2262,1.208,1487.7644,24:47.76,10,"9,6,4,3,5,1,8,2,0,7",9:148;6:58;4:214;3:50;5:233;1:179;8:200;2:46;0:206;7:146,"9:[0,2,4,5,6,9,10,12,13,18,21,24,26,28];6:[4,6,13,18,26];4:[0,1,2,4,5,6,8,9,10,11,12,13,14,18,19,21,23,24,25,26,28];3:[2,4,6,13,26];5:[0,1,2,4,5,6,8,9,10,11,12,13,14,18,19,20,21,22,23,24,25,26,28];1:[0,1,2,4,5,6,8,9,10,11,12,13,18,21,24,26,28];8:[0,1,2,4,5,6,8,10,11,12,13,15,16,18,21,23,24,25,26,28];2:[4,6,13,26];0:[0,1,2,4,5,6,8,9,10,11,12,13,14,18,19,21,23,24,26,28];7:[0,2,4,5,6,9,10,12,13,18,21,24,26,28]","c9:bw=148,experts=[0,2,4,5,6,9,10,12,13,18,21,24,26,28]; c6:bw=58,experts=[4,6,13,18,26]; c4:bw=214,experts=[0,1,2,4,5,6,8,9,10,11,12,13,14,18,19,21,23,24,25,26,28]; c3:bw=50,experts=[2,4,6,13,26]; c5:bw=233,experts=[0,1,2,4,5,6,8,9,10,11,12,13,14,18,19,20,21,22,23,24,25,26,28]; c1:bw=179,experts=[0,1,2,4,5,6,8,9,10,11,12,13,18,21,24,26,28]; c8:bw=200,experts=[0,1,2,4,5,6,8,10,11,12,13,15,16,18,21,23,24,25,26,28]; c2:bw=46,experts=[4,6,13,26]; c0:bw=206,experts=[0,1,2,4,5,6,8,9,10,11,12,13,14,18,19,21,23,24,26,28]; c7:bw=146,experts=[0,2,4,5,6,9,10,12,13,18,21,24,26,28]","3.7874,7.1625,7.2180,5.4292,6.6483,4.6755,5.6930,4.0144,5.0553,5.0611"
26,2026-09-23 17:41:17,Ours,0.01,1.8998931263148982,46.91,46.91,26,56.1607,0:56.16,54.7391,0.2179,1.202,1543.9417,25:43.94,10,"3,6,9,7,1,5,2,8,0,4",3:162;6:123;9:184;7:114;1:122;5:75;2:110;8:195;0:39;4:175,"3:[0,2,4,5,6,9,10,11,12,13,14,18,21,24,26,28];6:[0,2,4,5,6,10,13,18,21,24,26,28];9:[0,1,2,4,5,6,9,10,12,13,14,18,19,20,21,24,26,28];7:[0,2,4,5,6,10,13,18,21,24,26];1:[0,2,4,5,6,9,10,13,18,21,24,26];5:[4,5,6,13,18,21,26];2:[0,1,2,4,5,6,10,13,18,24,26];8:[0,2,4,5,6,9,10,11,12,13,14,18,19,20,21,23,24,26,28];0:[4,13,26];4:[0,2,4,5,6,9,10,12,13,14,18,19,20,21,24,26,28]","c3:bw=162,experts=[0,2,4,5,6,9,10,11,12,13,14,18,21,24,26,28]; c6:bw=123,experts=[0,2,4,5,6,10,13,18,21,24,26,28]; c9:bw=184,experts=[0,1,2,4,5,6,9,10,12,13,14,18,19,20,21,24,26,28]; c7:bw=114,experts=[0,2,4,5,6,10,13,18,21,24,26]; c1:bw=122,experts=[0,2,4,5,6,9,10,13,18,21,24,26]; c5:bw=75,experts=[4,5,6,13,18,21,26]; c2:bw=110,experts=[0,1,2,4,5,6,10,13,18,24,26]; c8:bw=195,experts=[0,2,4,5,6,9,10,11,12,13,14,18,19,20,21,23,24,26,28]; c0:bw=39,experts=[4,13,26]; c4:bw=175,experts=[0,2,4,5,6,9,10,12,13,14,18,19,20,21,24,26,28]","5.4707,7.1645,3.8169,5.0187,4.6465,6.6591,4.0024,5.6793,5.0354,7.2455"
27,2026-09-23 17:42:13,Ours,0.01,1.884155608037625,48.06,48.06,27,56.2397,0:56.24,54.8013,0.2297,1.207,1600.201,26:40.20,10,"7,1,4,0,9,2,8,3,6,5",7:188;1:227;4:45;0:131;9:66;2:73;8:202;3:77;6:231;5:134,"7:[0,2,4,5,6,8,9,10,12,13,14,18,19,20,21,24,26,28];1:[0,1,2,4,5,6,8,9,10,11,12,13,14,18,19,20,21,23,24,25,26,28];4:[4,6,13,26];0:[0,2,4,5,6,9,10,12,13,18,21,24,26];9:[0,2,4,6,13,26];2:[0,4,5,6,13,18,26];8:[0,1,2,4,5,6,8,9,10,11,12,13,14,18,19,20,21,24,26,28];3:[4,5,6,13,18,21,26];6:[0,1,2,4,5,6,8,9,10,11,12,13,14,18,19,20,21,22,23,24,25,26,28];5:[0,2,4,5,6,9,10,12,13,18,21,24,26]","c7:bw=188,experts=[0,2,4,5,6,8,9,10,12,13,14,18,19,20,21,24,26,28]; c1:bw=227,experts=[0,1,2,4,5,6,8,9,10,11,12,13,14,18,19,20,21,23,24,25,26,28]; c4:bw=45,experts=[4,6,13,26]; c0:bw=131,experts=[0,2,4,5,6,9,10,12,13,18,21,24,26]; c9:bw=66,experts=[0,2,4,6,13,26]; c2:bw=73,experts=[0,4,5,6,13,18,26]; c8:bw=202,experts=[0,1,2,4,5,6,8,9,10,11,12,13,14,18,19,20,21,24,26,28]; c3:bw=77,experts=[4,5,6,13,18,21,26]; c6:bw=231,experts=[0,1,2,4,5,6,8,9,10,11,12,13,14,18,19,20,21,22,23,24,25,26,28]; c5:bw=134,experts=[0,2,4,5,6,9,10,12,13,18,21,24,26]","5.0416,4.6949,7.2460,5.0311,3.7763,4.0070,5.7040,5.4717,7.1864,6.6422"
28,2026-09-23 17:43:09,Ours,0.01,1.8641544468893876,48.3,48.3,28,55.9417,0:55.94,54.5335,0.2158,1.1908,1656.1598,27:36.16,10,"6,9,0,8,2,5,1,3,4,7",6:108;9:179;0:172;8:108;2:10;5:122;1:91;3:42;4:28;7:10,"6:[0,4,5,6,10,13,18,21,24,26];9:[0,2,4,5,6,9,10,11,12,13,14,18,19,21,24,26,28];0:[0,1,2,4,5,6,8,9,10,11,12,13,18,21,23,24,26];8:[0,4,5,6,9,10,13,18,21,26];2:[4];5:[0,4,5,6,9,10,12,13,18,21,24,26];1:[0,4,5,6,10,13,18,21,26];3:[4,13,18,26];4:[4,26];7:[4]","c6:bw=108,experts=[0,4,5,6,10,13,18,21,24,26]; c9:bw=179,experts=[0,2,4,5,6,9,10,11,12,13,14,18,19,21,24,26,28]; c0:bw=172,experts=[0,1,2,4,5,6,8,9,10,11,12,13,18,21,23,24,26]; c8:bw=108,experts=[0,4,5,6,9,10,13,18,21,26]; c2:bw=10,experts=[4]; c5:bw=122,experts=[0,4,5,6,9,10,12,13,18,21,24,26]; c1:bw=91,experts=[0,4,5,6,10,13,18,21,26]; c3:bw=42,experts=[4,13,18,26]; c4:bw=28,experts=[4,26]; c7:bw=10,experts=[4]","7.1760,3.8172,5.0445,5.6494,3.9606,6.6943,4.6580,5.4170,7.1648,4.9515"
29,2026-09-23 17:44:06,Ours,0.01,1.8472898353362428,49.9,49.9,29,56.1033,0:56.10,54.6805,0.2086,1.2126,1712.283,28:32.28,10,"4,0,1,9,6,8,7,3,2,5",4:140;0:161;1:122;9:160;6:157;8:123;7:77;3:116;2:66;5:123,"4:[0,4,5,6,9,10,12,13,14,18,21,24,26,28];0:[0,1,2,4,5,6,9,10,12,13,18,19,21,24,26,28];1:[0,1,2,4,5,6,10,13,18,21,24,26];9:[0,1,2,4,5,6,9,10,11,12,13,18,21,24,25,26];6:[0,2,4,5,6,9,10,11,12,13,14,18,21,24,26];8:[0,2,4,5,6,10,12,13,18,21,24,26];7:[0,2,4,6,13,18,26];3:[0,2,4,5,6,10,13,18,21,24,26];2:[0,4,5,6,13,26];5:[0,2,4,5,6,10,12,13,18,24,26,28]","c4:bw=140,experts=[0,4,5,6,9,10,12,13,14,18,21,24,26,28]; c0:bw=161,experts=[0,1,2,4,5,6,9,10,12,13,18,19,21,24,26,28]; c1:bw=122,experts=[0,1,2,4,5,6,10,13,18,21,24,26]; c9:bw=160,experts=[0,1,2,4,5,6,9,10,11,12,13,18,21,24,25,26]; c6:bw=157,experts=[0,2,4,5,6,9,10,11,12,13,14,18,21,24,26]; c8:bw=123,experts=[0,2,4,5,6,10,12,13,18,21,24,26]; c7:bw=77,experts=[0,2,4,6,13,18,26]; c3:bw=116,experts=[0,2,4,5,6,10,13,18,21,24,26]; c2:bw=66,experts=[0,4,5,6,13,26]; c5:bw=123,experts=[0,2,4,5,6,10,12,13,18,24,26,28]","7.2389,5.0611,4.6769,3.8228,7.1752,5.6660,5.0048,5.4491,3.9847,6.6008"
30,2026-09-23 17:45:02,Ours,0.01,1.8312825522197111,49.37,49.9,29,56.2757,0:56.28,54.8294,0.2227,1.2219,1768.5768,29:28.58,10,"5,1,9,4,0,8,6,7,3,2",5:226;1:129;9:200;4:189;0:64;8:152;6:39;7:44;3:216;2:99,"5:[0,1,2,4,5,6,8,9,10,11,12,13,14,18,19,20,21,23,24,25,26,28];1:[0,1,2,4,5,6,10,13,18,21,24,26];9:[0,1,2,4,5,6,8,9,10,11,12,13,14,18,21,23,24,25,26,28];4:[0,1,2,4,5,6,9,10,11,12,13,18,19,21,23,24,26,28];0:[0,4,6,13,18,26];8:[0,2,4,5,6,9,10,12,13,14,18,21,24,26,28];6:[4,6,26];7:[4,6,13,26];3:[0,2,4,5,6,8,9,10,11,12,13,14,18,19,20,21,22,23,24,26,28];2:[0,4,5,6,10,13,18,21,26]","c5:bw=226,experts=[0,1,2,4,5,6,8,9,10,11,12,13,14,18,19,20,21,23,24,25,26,28]; c1:bw=129,experts=[0,1,2,4,5,6,10,13,18,21,24,26]; c9:bw=200,experts=[0,1,2,4,5,6,8,9,10,11,12,13,14,18,21,23,24,25,26,28]; c4:bw=189,experts=[0,1,2,4,5,6,9,10,11,12,13,18,19,21,23,24,26,28]; c0:bw=64,experts=[0,4,6,13,18,26]; c8:bw=152,experts=[0,2,4,5,6,9,10,12,13,14,18,21,24,26,28]; c6:bw=39,experts=[4,6,26]; c7:bw=44,experts=[4,6,13,26]; c3:bw=216,experts=[0,2,4,5,6,8,9,10,11,12,13,14,18,19,20,21,22,23,24,26,28]; c2:bw=99,experts=[0,4,5,6,10,13,18,21,26]","6.7106,4.7017,3.7997,7.2865,5.0298,5.7271,7.0944,4.9717,5.4672,4.0407"
31,2026-09-23 17:45:58,Ours,0.01,1.8149945163941787,50.5,50.5,31,56.2899,0:56.29,54.8711,0.225,1.1921,1824.8861,30:24.89,10,"6,4,9,1,5,8,3,2,0,7",6:108;4:70;9:164;1:111;5:226;8:120;3:87;2:57;0:172;7:230,"6:[0,1,2,4,5,6,13,18,24,26];4:[0,4,5,6,13,18,26];9:[0,1,2,4,5,6,9,10,12,13,18,21,24,25,26,28];1:[0,4,5,6,9,10,13,18,21,24,26];5:[0,1,2,4,5,6,8,9,10,11,12,13,14,18,19,20,21,23,24,25,26,28];8:[0,4,5,6,9,10,12,13,18,21,24,26];3:[4,5,6,13,18,21,24,26];2:[2,4,6,13,26];0:[0,2,4,5,6,9,10,12,13,14,18,19,21,23,24,26,28];7:[0,1,2,4,5,6,8,9,10,11,12,13,14,18,19,20,21,22,23,24,25,26,28]","c6:bw=108,experts=[0,1,2,4,5,6,13,18,24,26]; c4:bw=70,experts=[0,4,5,6,13,18,26]; c9:bw=164,experts=[0,1,2,4,5,6,9,10,12,13,18,21,24,25,26,28]; c1:bw=111,experts=[0,4,5,6,9,10,13,18,21,24,26]; c5:bw=226,experts=[0,1,2,4,5,6,8,9,10,11,12,13,14,18,19,20,21,23,24,25,26,28]; c8:bw=120,experts=[0,4,5,6,9,10,12,13,18,21,24,26]; c3:bw=87,experts=[4,5,6,13,18,21,24,26]; c2:bw=57,experts=[2,4,6,13,26]; c0:bw=172,experts=[0,2,4,5,6,9,10,12,13,14,18,19,21,23,24,26,28]; c7:bw=230,experts=[0,1,2,4,5,6,8,9,10,11,12,13,14,18,19,20,21,22,23,24,25,26,28]","7.1841,7.3089,3.8009,4.6705,6.6516,5.6833,5.4869,4.0109,5.0405,5.0335"
32,2026-09-23 17:46:54,Ours,0.01,1.8255489982335242,50.25,50.5,31,56.3042,0:56.30,54.873,0.2223,1.2036,1881.2091,31:21.21,10,"8,5,4,7,0,1,3,6,2,9",8:79;5:130;4:178;7:171;0:167;1:77;3:103;6:98;2:197;9:115,"8:[3,4,7,17,27,29,31];5:[0,4,5,6,7,9,10,13,18,21,24,26,31];4:[0,3,4,5,6,7,10,12,13,16,17,18,21,24,26,29,31];7:[0,2,3,4,5,6,7,13,15,17,18,24,26,27,29,30,31];0:[0,3,4,5,6,7,9,10,13,17,18,21,24,26,29,31];1:[3,7,17,22,27,29,30];3:[4,5,6,7,13,18,21,24,26,31];6:[3,4,7,13,16,17,26,29,31];2:[0,2,3,4,5,6,7,9,10,12,13,17,18,20,21,24,26,29,31];9:[0,3,4,6,7,13,17,18,22,26,29]","c8:bw=79,experts=[3,4,7,17,27,29,31]; c5:bw=130,experts=[0,4,5,6,7,9,10,13,18,21,24,26,31]; c4:bw=178,experts=[0,3,4,5,6,7,10,12,13,16,17,18,21,24,26,29,31]; c7:bw=171,experts=[0,2,3,4,5,6,7,13,15,17,18,24,26,27,29,30,31]; c0:bw=167,experts=[0,3,4,5,6,7,9,10,13,17,18,21,24,26,29,31]; c1:bw=77,experts=[3,7,17,22,27,29,30]; c3:bw=103,experts=[4,5,6,7,13,18,21,24,26,31]; c6:bw=98,experts=[3,4,7,13,16,17,26,29,31]; c2:bw=197,experts=[0,2,3,4,5,6,7,9,10,12,13,17,18,20,21,24,26,29,31]; c9:bw=115,experts=[0,3,4,6,7,13,17,18,22,26,29]","5.6686,6.7435,7.2675,4.9832,5.0649,4.7302,5.4547,7.1247,4.0389,3.7968"
33,2026-09-23 17:47:51,Ours,0.01,1.788060744100126,51.05,51.05,33,56.6482,0:56.65,55.2065,0.2178,1.2222,1937.8777,32:17.88,10,"7,1,3,6,5,9,2,8,4,0",7:192;1:126;3:256;6:135;5:108;9:152;2:86;8:182;4:165;0:229,"7:[0,1,2,4,5,6,8,9,10,11,12,13,14,18,21,23,24,26,28];1:[0,4,5,6,9,10,12,13,18,21,24,26];3:[0,1,2,4,5,6,7,8,9,10,11,12,13,14,15,18,20,21,23,24,25,26,27,28,30];6:[0,4,5,6,9,10,12,13,14,18,21,24,26];5:[2,4,5,6,10,13,18,24,26,30];9:[0,2,4,5,6,9,10,12,13,14,18,20,21,24,26];2:[4,5,6,13,18,21,24,26];8:[0,1,2,4,5,6,8,9,10,11,12,13,18,21,23,24,26,28];4:[0,1,2,4,5,6,9,10,11,13,15,18,21,24,26,30];0:[0,2,4,5,6,8,9,10,11,12,13,14,18,19,20,21,22,23,24,25,26,28]","c7:bw=192,experts=[0,1,2,4,5,6,8,9,10,11,12,13,14,18,21,23,24,26,28]; c1:bw=126,experts=[0,4,5,6,9,10,12,13,18,21,24,26]; c3:bw=256,experts=[0,1,2,4,5,6,7,8,9,10,11,12,13,14,15,18,20,21,23,24,25,26,27,28,30]; c6:bw=135,experts=[0,4,5,6,9,10,12,13,14,18,21,24,26]; c5:bw=108,experts=[2,4,5,6,10,13,18,24,26,30]; c9:bw=152,experts=[0,2,4,5,6,9,10,12,13,14,18,20,21,24,26]; c2:bw=86,experts=[4,5,6,13,18,21,24,26]; c8:bw=182,experts=[0,1,2,4,5,6,8,9,10,11,12,13,18,21,23,24,26,28]; c4:bw=165,experts=[0,1,2,4,5,6,9,10,11,13,15,18,21,24,26,30]; c0:bw=229,experts=[0,2,4,5,6,8,9,10,11,12,13,14,18,19,20,21,22,23,24,25,26,28]","5.0794,4.7599,5.4910,7.1951,6.7104,3.8148,4.0284,5.7360,7.2572,5.1342"
34,2026-09-23 17:48:48,Ours,0.01,1.7718783754445535,52.42,52.42,34,56.4686,0:56.47,55.0586,0.2289,1.1793,1994.365,33:14.37,10,"4,1,6,9,8,0,5,7,3,2",4:169;1:170;6:176;9:248;8:153;0:82;5:219;7:119;3:265;2:197,"4:[0,2,4,5,6,9,10,11,12,13,14,18,20,21,24,26];1:[0,1,2,4,5,6,8,9,10,11,12,13,18,21,24,25,26];6:[0,4,5,6,8,9,10,11,12,13,14,18,20,21,24,26,28];9:[0,1,2,4,5,6,8,9,10,11,12,13,14,18,19,20,21,22,23,24,25,26,27,28];8:[0,2,4,5,6,8,9,10,11,12,13,18,21,24,26];0:[0,4,5,6,13,18,21,26];5:[0,2,4,5,6,8,9,10,11,12,13,14,18,19,20,21,23,24,25,26,28];7:[0,2,4,5,6,10,12,13,18,24,26];3:[0,1,2,4,5,6,8,9,10,11,12,13,14,16,17,18,19,20,21,22,23,24,25,26,27,28];2:[0,1,2,4,5,6,8,9,10,11,12,13,18,21,23,24,25,26,28]","c4:bw=169,experts=[0,2,4,5,6,9,10,11,12,13,14,18,20,21,24,26]; c1:bw=170,experts=[0,1,2,4,5,6,8,9,10,11,12,13,18,21,24,25,26]; c6:bw=176,experts=[0,4,5,6,8,9,10,11,12,13,14,18,20,21,24,26,28]; c9:bw=248,experts=[0,1,2,4,5,6,8,9,10,11,12,13,14,18,19,20,21,22,23,24,25,26,27,28]; c8:bw=153,experts=[0,2,4,5,6,8,9,10,11,12,13,18,21,24,26]; c0:bw=82,experts=[0,4,5,6,13,18,21,26]; c5:bw=219,experts=[0,2,4,5,6,8,9,10,11,12,13,14,18,19,20,21,23,24,25,26,28]; c7:bw=119,experts=[0,2,4,5,6,10,12,13,18,24,26]; c3:bw=265,experts=[0,1,2,4,5,6,8,9,10,11,12,13,14,16,17,18,19,20,21,22,23,24,25,26,27,28]; c2:bw=197,experts=[0,1,2,4,5,6,8,9,10,11,12,13,18,21,23,24,25,26,28]","7.3021,4.7335,7.1992,3.8225,5.7202,5.0357,6.6852,5.0201,5.4693,4.0707"
35,2026-09-23 17:49:51,Ours,0.01,1.761617906305735,52.41,52.42,34,63.2202,1:03.22,61.3541,0.2705,1.588,2057.6064,34:17.61,10,"4,0,1,6,2,8,9,7,5,3",4:120;0:74;1:112;6:160;2:167;8:182;9:99;7:175;5:149;3:88,"4:[0,4,5,6,9,10,12,13,18,21,24,26];0:[4,5,6,13,18,21,26];1:[0,4,5,6,9,10,13,18,21,24,26];6:[0,4,5,6,9,10,12,13,14,18,19,20,21,24,26,28];2:[0,2,4,5,6,8,9,10,12,13,14,18,21,24,25,26];8:[0,1,2,4,5,6,8,10,11,12,13,18,21,23,24,25,26,28];9:[0,2,4,5,6,13,18,21,26];7:[0,2,4,5,6,8,9,10,12,13,14,18,21,23,24,26,28];5:[0,2,4,5,6,9,10,12,13,14,18,21,24,26];3:[0,2,4,5,6,13,24,26]","c4:bw=120,experts=[0,4,5,6,9,10,12,13,18,21,24,26]; c0:bw=74,experts=[4,5,6,13,18,21,26]; c1:bw=112,experts=[0,4,5,6,9,10,13,18,21,24,26]; c6:bw=160,experts=[0,4,5,6,9,10,12,13,14,18,19,20,21,24,26,28]; c2:bw=167,experts=[0,2,4,5,6,8,9,10,12,13,14,18,21,24,25,26]; c8:bw=182,experts=[0,1,2,4,5,6,8,10,11,12,13,18,21,23,24,25,26,28]; c9:bw=99,experts=[0,2,4,5,6,13,18,21,26]; c7:bw=175,experts=[0,2,4,5,6,8,9,10,12,13,14,18,21,23,24,26,28]; c5:bw=149,experts=[0,2,4,5,6,9,10,12,13,14,18,21,24,26]; c3:bw=88,experts=[0,2,4,5,6,13,24,26]","7.3402,5.0852,4.7109,7.1752,4.2036,6.1317,4.1653,6.4945,8.7986,7.2490"
36,2026-09-23 17:51:05,Ours,0.01,1.747497217585953,53.03,53.03,36,74.5598,1:14.56,72.7292,0.2714,1.5571,2132.1965,35:32.20,10,"9,0,3,7,6,5,1,4,8,2",9:137;0:132;3:219;7:100;6:158;5:180;1:31;4:272;8:188;2:185,"9:[0,4,5,6,9,10,12,13,18,19,21,24,26];0:[0,4,5,6,9,10,13,16,18,21,24,26,27];3:[0,2,4,5,6,8,9,10,11,12,13,14,18,19,20,21,23,24,25,26,28];7:[0,4,5,6,10,13,18,21,24,26];6:[0,1,2,4,5,6,9,10,11,12,13,18,21,24,26];5:[0,3,4,5,6,9,10,12,13,15,16,17,18,21,24,26,27,29];1:[4,6,26];4:[0,1,2,4,5,6,8,9,10,11,12,13,14,15,16,18,19,20,21,22,23,24,25,26,27,28,30];8:[0,1,2,4,5,6,8,10,11,12,13,16,18,21,23,24,26,28];2:[0,2,4,5,6,8,9,10,11,12,13,18,21,23,24,26,27,28]","c9:bw=137,experts=[0,4,5,6,9,10,12,13,18,19,21,24,26]; c0:bw=132,experts=[0,4,5,6,9,10,13,16,18,21,24,26,27]; c3:bw=219,experts=[0,2,4,5,6,8,9,10,11,12,13,14,18,19,20,21,23,24,25,26,28]; c7:bw=100,experts=[0,4,5,6,10,13,18,21,24,26]; c6:bw=158,experts=[0,1,2,4,5,6,9,10,11,12,13,18,21,24,26]; c5:bw=180,experts=[0,3,4,5,6,9,10,12,13,15,16,17,18,21,24,26,27,29]; c1:bw=31,experts=[4,6,26]; c4:bw=272,experts=[0,1,2,4,5,6,8,9,10,11,12,13,14,15,16,18,19,20,21,22,23,24,25,26,27,28,30]; c8:bw=188,experts=[0,1,2,4,5,6,8,10,11,12,13,16,18,21,23,24,26,28]; c2:bw=185,experts=[0,2,4,5,6,8,9,10,11,12,13,18,21,23,24,26,27,28]","5.0784,6.8063,7.2621,6.7658,9.5067,8.7012,6.2186,9.5397,7.5958,5.2546"
37,2026-09-23 17:52:17,Ours,0.01,1.737202075210566,52.8,53.03,36,71.3733,1:11.37,69.5724,0.2565,1.5424,2203.5994,36:43.60,10,"1,5,2,6,4,7,9,0,3,8",1:67;5:143;2:132;6:239;4:144;7:153;9:146;0:199;3:132;8:21,"1:[4,5,13,18,21,26];5:[0,2,4,5,6,9,10,12,13,18,21,24,26,28];2:[0,2,4,5,6,9,10,12,13,18,21,24,26];6:[0,1,2,4,5,6,8,9,10,11,12,13,14,15,17,18,21,23,24,25,26,27,28];4:[0,2,4,5,6,9,10,11,12,13,18,21,24,26];7:[0,4,5,6,9,10,12,13,14,18,20,21,24,26,28];9:[0,2,4,5,6,9,10,12,13,16,18,21,24,26];0:[0,4,5,6,8,9,10,11,12,13,14,18,19,20,21,23,24,26,28];3:[0,1,2,3,4,5,6,12,13,18,24,26,29];8:[4,6]","c1:bw=67,experts=[4,5,13,18,21,26]; c5:bw=143,experts=[0,2,4,5,6,9,10,12,13,18,21,24,26,28]; c2:bw=132,experts=[0,2,4,5,6,9,10,12,13,18,21,24,26]; c6:bw=239,experts=[0,1,2,4,5,6,8,9,10,11,12,13,14,15,17,18,21,23,24,25,26,27,28]; c4:bw=144,experts=[0,2,4,5,6,9,10,11,12,13,18,21,24,26]; c7:bw=153,experts=[0,4,5,6,9,10,12,13,14,18,20,21,24,26,28]; c9:bw=146,experts=[0,2,4,5,6,9,10,12,13,16,18,21,24,26]; c0:bw=199,experts=[0,4,5,6,8,9,10,11,12,13,14,18,19,20,21,23,24,26,28]; c3:bw=132,experts=[0,1,2,3,4,5,6,12,13,18,24,26,29]; c8:bw=21,experts=[4,6]","6.3123,9.0892,5.4957,9.7282,9.5387,5.7135,4.3243,5.9354,6.6541,6.7810"
38,2026-09-23 17:53:33,Ours,0.01,1.7210342911160215,52.97,53.03,36,76.1022,1:16.10,74.3647,0.2497,1.4859,2279.7304,37:59.73,10,"8,6,4,1,5,2,3,7,9,0",8:168;6:62;4:190;1:113;5:10;2:11;3:139;7:187;9:94;0:148,"8:[0,4,5,6,9,10,11,12,13,14,18,20,21,22,24,26];6:[2,4,6,13,18,26];4:[0,2,4,5,6,9,10,11,12,13,14,18,19,20,21,23,24,26,28];1:[0,4,5,6,9,10,13,18,21,24,26];5:[4];2:[4];3:[0,1,2,4,5,6,10,12,13,18,24,26,28];7:[0,4,5,6,8,9,10,12,13,14,16,18,20,21,23,24,26,28];9:[0,4,5,6,9,13,18,21,26];0:[0,2,4,5,6,9,10,12,13,14,18,21,24,26]","c8:bw=168,experts=[0,4,5,6,9,10,11,12,13,14,18,20,21,22,24,26]; c6:bw=62,experts=[2,4,6,13,18,26]; c4:bw=190,experts=[0,2,4,5,6,9,10,11,12,13,14,18,19,20,21,23,24,26,28]; c1:bw=113,experts=[0,4,5,6,9,10,13,18,21,24,26]; c5:bw=10,experts=[4]; c2:bw=11,experts=[4]; c3:bw=139,experts=[0,1,2,4,5,6,10,12,13,18,24,26,28]; c7:bw=187,experts=[0,4,5,6,8,9,10,12,13,14,16,18,20,21,23,24,26,28]; c9:bw=94,experts=[0,4,5,6,9,13,18,21,26]; c0:bw=148,experts=[0,2,4,5,6,9,10,12,13,14,18,21,24,26]","7.6537,9.9302,9.7456,6.3321,9.3246,5.4713,7.5434,6.6471,5.0667,6.6500"
39,2026-09-23 17:54:50,Ours,0.01,1.7073973028635105,54.06,54.06,39,76.8472,1:16.85,74.9371,0.2912,1.6169,2356.6079,39:16.61,10,"3,0,1,7,6,8,2,4,9,5",3:96;0:11;1:164;7:146;6:112;8:164;2:132;4:131;9:87;5:274,"3:[4,5,6,10,13,18,21,24,26];0:[4];1:[1,2,4,5,6,8,10,11,12,13,18,21,24,25,26,28];7:[0,4,5,6,9,10,12,13,14,18,20,21,24,26];6:[0,4,5,6,9,10,13,18,21,24,26];8:[0,2,4,5,6,8,9,10,11,12,13,18,21,24,26,28];2:[0,1,2,4,5,6,10,12,13,18,21,24,26];4:[0,2,4,5,6,9,10,12,13,18,21,24,26];9:[0,4,5,6,13,18,21,26];5:[0,1,2,4,5,6,8,9,10,11,12,13,14,15,16,18,19,20,21,22,23,24,25,26,27,28,30]","c3:bw=96,experts=[4,5,6,10,13,18,21,24,26]; c0:bw=11,experts=[4]; c1:bw=164,experts=[1,2,4,5,6,8,10,11,12,13,18,21,24,25,26,28]; c7:bw=146,experts=[0,4,5,6,9,10,12,13,14,18,20,21,24,26]; c6:bw=112,experts=[0,4,5,6,9,10,13,18,21,24,26]; c8:bw=164,experts=[0,2,4,5,6,8,9,10,11,12,13,18,21,24,26,28]; c2:bw=132,experts=[0,1,2,4,5,6,10,12,13,18,21,24,26]; c4:bw=131,experts=[0,2,4,5,6,9,10,12,13,18,21,24,26]; c9:bw=87,experts=[0,4,5,6,13,18,21,26]; c5:bw=274,experts=[0,1,2,4,5,6,8,9,10,11,12,13,14,15,16,18,19,20,21,22,23,24,25,26,27,28,30]","7.3737,6.8151,6.2184,6.6773,9.6141,7.7178,5.4897,10.2045,5.4477,9.3787"
40,2026-09-23 17:56:07,Ours,0.01,1.6960934393858556,54.52,54.52,40,76.8288,1:16.83,74.9622,0.2787,1.5817,2433.4684,40:33.47,10,"8,1,5,6,2,7,3,4,9,0",8:95;1:154;5:116;6:170;2:238;7:243;3:24;4:70;9:145;0:131,"8:[0,4,5,6,13,18,21,24,26];1:[0,1,2,4,5,6,8,10,13,18,21,24,25,26,31];5:[0,2,4,5,6,10,13,18,21,24,26];6:[0,2,4,5,6,9,10,11,12,13,14,18,20,21,23,24,26];2:[0,1,2,4,5,6,8,9,10,11,12,13,14,18,19,20,21,22,23,24,25,26,28];7:[0,1,2,4,5,6,8,9,10,11,12,13,14,16,18,19,20,21,22,23,24,25,26,28];3:[4,26];4:[4,5,6,13,18,21,26];9:[0,4,5,6,9,10,13,15,18,21,24,26,30,31];0:[0,2,4,5,6,9,10,13,14,18,21,24,26]","c8:bw=95,experts=[0,4,5,6,13,18,21,24,26]; c1:bw=154,experts=[0,1,2,4,5,6,8,10,13,18,21,24,25,26,31]; c5:bw=116,experts=[0,2,4,5,6,10,13,18,21,24,26]; c6:bw=170,experts=[0,2,4,5,6,9,10,11,12,13,14,18,20,21,23,24,26]; c2:bw=238,experts=[0,1,2,4,5,6,8,9,10,11,12,13,14,18,19,20,21,22,23,24,25,26,28]; c7:bw=243,experts=[0,1,2,4,5,6,8,9,10,11,12,13,14,16,18,19,20,21,22,23,24,25,26,28]; c3:bw=24,experts=[4,26]; c4:bw=70,experts=[4,5,6,13,18,21,26]; c9:bw=145,experts=[0,4,5,6,9,10,13,15,18,21,24,26,30,31]; c0:bw=131,experts=[0,2,4,5,6,9,10,13,14,18,21,24,26]","7.7546,6.7439,9.4332,9.6649,5.4941,6.8162,7.2457,9.7440,5.1463,6.9192"
41,2026-09-23 17:57:24,Ours,0.01,1.6897131277650217,54.97,54.97,41,77.0977,1:17.10,75.2427,0.2756,1.5727,2510.5972,41:50.60,10,"2,6,8,1,4,5,7,3,9,0",2:196;6:10;8:207;1:29;4:185;5:224;7:250;3:146;9:196;0:10,"2:[0,1,2,4,5,6,8,9,10,11,12,13,18,19,21,24,25,26,28];6:[4];8:[0,1,2,4,5,6,8,9,10,11,12,13,14,18,20,21,24,25,26,28];1:[4,26];4:[0,2,4,5,6,8,9,10,11,12,13,18,21,23,24,25,26,28];5:[0,1,2,4,5,6,8,9,10,11,12,13,14,18,19,20,21,23,24,25,26,28];7:[0,1,2,4,5,6,8,9,10,11,12,13,14,16,18,19,20,21,22,23,24,25,26,28,31];3:[0,2,4,5,6,9,10,12,13,18,21,24,25,26];9:[0,4,5,6,9,10,11,12,13,14,18,19,20,21,23,24,25,26,28];0:[4]","c2:bw=196,experts=[0,1,2,4,5,6,8,9,10,11,12,13,18,19,21,24,25,26,28]; c6:bw=10,experts=[4]; c8:bw=207,experts=[0,1,2,4,5,6,8,9,10,11,12,13,14,18,20,21,24,25,26,28]; c1:bw=29,experts=[4,26]; c4:bw=185,experts=[0,2,4,5,6,8,9,10,11,12,13,18,21,23,24,25,26,28]; c5:bw=224,experts=[0,1,2,4,5,6,8,9,10,11,12,13,14,18,19,20,21,23,24,25,26,28]; c7:bw=250,experts=[0,1,2,4,5,6,8,9,10,11,12,13,14,16,18,19,20,21,22,23,24,25,26,28,31]; c3:bw=146,experts=[0,2,4,5,6,9,10,12,13,18,21,24,25,26]; c9:bw=196,experts=[0,4,5,6,9,10,11,12,13,14,18,19,20,21,23,24,25,26,28]; c0:bw=10,experts=[4]","5.7769,10.0950,7.8498,6.3841,9.8228,9.0620,6.8913,7.4625,5.1889,6.7093"
42,2026-09-23 17:58:33,Ours,0.01,1.675065179910226,54.96,54.97,41,69.1191,1:09.12,67.7086,0.2159,1.1928,2579.7487,42:59.75,10,"5,1,3,9,6,0,7,4,8,2",5:185;1:179;3:177;9:186;6:125;0:54;7:73;4:200;8:154;2:147,"5:[0,1,2,4,5,6,8,9,10,11,12,13,18,21,24,25,26,28];1:[0,1,2,4,5,6,9,10,11,12,13,18,21,24,25,26,28];3:[0,1,2,4,5,6,9,10,11,12,13,18,21,23,24,25,26];9:[0,1,2,4,5,6,8,9,10,11,12,13,18,21,24,25,26,28];6:[0,1,2,4,5,6,10,13,18,21,24,26];0:[2,4,6,13,26];7:[0,4,6,13,18,21,26];4:[0,2,4,5,6,8,9,10,11,12,13,14,18,19,21,23,24,25,26,28];8:[0,1,2,4,5,6,9,10,11,12,13,18,21,24,26];2:[0,4,5,6,9,10,12,13,14,18,20,21,24,26]","c5:bw=185,experts=[0,1,2,4,5,6,8,9,10,11,12,13,18,21,24,25,26,28]; c1:bw=179,experts=[0,1,2,4,5,6,9,10,11,12,13,18,21,24,25,26,28]; c3:bw=177,experts=[0,1,2,4,5,6,9,10,11,12,13,18,21,23,24,25,26]; c9:bw=186,experts=[0,1,2,4,5,6,8,9,10,11,12,13,18,21,24,25,26,28]; c6:bw=125,experts=[0,1,2,4,5,6,10,13,18,21,24,26]; c0:bw=54,experts=[2,4,6,13,26]; c7:bw=73,experts=[0,4,6,13,18,21,26]; c4:bw=200,experts=[0,2,4,5,6,8,9,10,11,12,13,14,18,19,21,23,24,25,26,28]; c8:bw=154,experts=[0,1,2,4,5,6,9,10,11,12,13,18,21,24,26]; c2:bw=147,experts=[0,4,5,6,9,10,12,13,14,18,20,21,24,26]","9.1612,6.4190,7.4140,5.1416,9.4276,6.4119,5.9497,7.8955,5.8398,4.0482"
43,2026-09-23 17:59:40,Ours,0.01,1.668153273399645,55.79,55.79,43,66.5075,1:06.51,64.6397,0.2725,1.5933,2646.2803,44:06.28,10,"5,1,2,8,9,7,4,6,3,0",5:194;1:213;2:186;8:165;9:116;7:77;4:126;6:44;3:237;0:78,"5:[0,4,5,6,8,9,10,11,12,13,14,18,20,21,23,24,25,26,28];1:[0,1,2,4,5,6,8,9,10,11,12,13,14,16,18,21,23,24,25,26,28];2:[0,1,2,4,5,6,9,10,11,12,13,16,18,21,24,25,26,28];8:[0,4,5,6,9,10,11,12,13,14,18,20,21,24,25,26];9:[0,2,4,5,6,9,10,13,18,21,26];7:[4,5,6,13,18,21,26];4:[0,2,4,5,6,9,10,12,13,18,24,26];6:[4,6,13,26];3:[0,1,2,4,5,6,8,9,10,11,12,13,14,18,19,20,21,22,23,24,25,26,28];0:[4,5,13,18,21,24,26]","c5:bw=194,experts=[0,4,5,6,8,9,10,11,12,13,14,18,20,21,23,24,25,26,28]; c1:bw=213,experts=[0,1,2,4,5,6,8,9,10,11,12,13,14,16,18,21,23,24,25,26,28]; c2:bw=186,experts=[0,1,2,4,5,6,9,10,11,12,13,16,18,21,24,25,26,28]; c8:bw=165,experts=[0,4,5,6,9,10,11,12,13,14,18,20,21,24,25,26]; c9:bw=116,experts=[0,2,4,5,6,9,10,13,18,21,26]; c7:bw=77,experts=[4,5,6,13,18,21,26]; c4:bw=126,experts=[0,2,4,5,6,9,10,12,13,18,24,26]; c6:bw=44,experts=[4,6,13,26]; c3:bw=237,experts=[0,1,2,4,5,6,8,9,10,11,12,13,14,18,19,20,21,22,23,24,25,26,28]; c0:bw=78,experts=[4,5,13,18,21,24,26]","6.7908,4.8097,4.1006,5.9404,4.1258,5.3322,9.7682,9.4565,7.4293,6.8860"
44,2026-09-23 18:00:56,Ours,0.01,1.6554308404745939,55.91,55.91,44,76.0124,1:16.01,74.2046,0.2683,1.5375,2722.3248,45:22.32,10,"0,3,4,2,7,5,6,9,8,1",0:244;3:171;4:105;2:134;7:275;5:88;6:75;9:136;8:126;1:163,"0:[0,1,2,4,5,6,8,9,10,11,12,13,14,16,18,19,20,21,22,23,24,25,26,28];3:[0,2,4,5,6,8,9,10,11,12,13,18,21,23,24,26,28];4:[2,4,5,6,10,12,13,18,24,26];2:[0,2,4,5,6,9,10,12,13,18,21,24,26];7:[0,1,2,4,5,6,8,9,10,11,12,13,14,16,17,18,19,20,21,22,23,24,25,26,27,28,30];5:[2,4,5,6,13,18,24,26];6:[4,5,6,13,18,24,26];9:[0,2,4,5,6,9,10,13,18,21,24,25,26];8:[0,4,5,6,9,10,12,13,18,21,24,26];1:[0,1,2,4,5,6,9,10,11,12,13,18,21,24,26,31]","c0:bw=244,experts=[0,1,2,4,5,6,8,9,10,11,12,13,14,16,18,19,20,21,22,23,24,25,26,28]; c3:bw=171,experts=[0,2,4,5,6,8,9,10,11,12,13,18,21,23,24,26,28]; c4:bw=105,experts=[2,4,5,6,10,12,13,18,24,26]; c2:bw=134,experts=[0,2,4,5,6,9,10,12,13,18,21,24,26]; c7:bw=275,experts=[0,1,2,4,5,6,8,9,10,11,12,13,14,16,17,18,19,20,21,22,23,24,25,26,27,28,30]; c5:bw=88,experts=[2,4,5,6,13,18,24,26]; c6:bw=75,experts=[4,5,6,13,18,24,26]; c9:bw=136,experts=[0,2,4,5,6,9,10,13,18,21,24,25,26]; c8:bw=126,experts=[0,4,5,6,9,10,12,13,18,21,24,26]; c1:bw=163,experts=[0,1,2,4,5,6,9,10,11,12,13,18,21,24,26,31]","7.4245,7.8047,9.8952,5.4259,6.8002,8.6695,9.2495,5.0843,7.6855,6.1653"
45,2026-09-23 18:02:10,Ours,0.01,1.6461275528499393,55.96,55.96,45,74.4257,1:14.43,72.5703,0.2719,1.5814,2796.784,46:36.78,10,"8,0,3,4,7,2,9,6,5,1",8:201;0:131;3:245;4:235;7:131;2:180;9:91;6:14;5:163;1:204,"8:[0,1,2,4,5,6,8,9,10,11,12,13,15,18,21,23,24,25,26,28];0:[0,4,5,6,9,10,12,13,18,20,21,24,26];3:[0,1,2,4,5,6,8,9,10,11,12,13,14,15,16,18,21,23,24,25,26,27,28,30];4:[0,1,2,4,5,6,8,9,10,11,12,13,14,18,19,20,21,22,23,24,25,26,28];7:[0,2,4,5,6,9,10,12,13,18,21,24,26];2:[0,1,2,4,5,6,9,10,11,12,13,15,18,21,24,25,26,28];9:[0,4,5,6,10,13,18,21,26];6:[4];5:[0,1,2,4,5,6,9,10,11,12,13,18,21,24,25,26];1:[0,2,4,5,6,8,9,10,11,12,13,14,18,20,21,23,24,25,26,28]","c8:bw=201,experts=[0,1,2,4,5,6,8,9,10,11,12,13,15,18,21,23,24,25,26,28]; c0:bw=131,experts=[0,4,5,6,9,10,12,13,18,20,21,24,26]; c3:bw=245,experts=[0,1,2,4,5,6,8,9,10,11,12,13,14,15,16,18,21,23,24,25,26,27,28,30]; c4:bw=235,experts=[0,1,2,4,5,6,8,9,10,11,12,13,14,18,19,20,21,22,23,24,25,26,28]; c7:bw=131,experts=[0,2,4,5,6,9,10,12,13,18,21,24,26]; c2:bw=180,experts=[0,1,2,4,5,6,9,10,11,12,13,15,18,21,24,25,26,28]; c9:bw=91,experts=[0,4,5,6,10,13,18,21,26]; c6:bw=14,experts=[4]; c5:bw=163,experts=[0,1,2,4,5,6,9,10,11,12,13,18,21,24,25,26]; c1:bw=204,experts=[0,2,4,5,6,8,9,10,11,12,13,14,18,20,21,23,24,25,26,28]","7.7751,6.8950,7.3617,9.8314,6.3863,4.9491,4.7979,9.2092,9.0113,6.3531"
46,2026-09-23 18:03:27,Ours,0.01,1.6391464193647995,56.97,56.97,46,76.8366,1:16.84,74.9933,0.2881,1.5493,2873.6521,47:53.65,10,"9,3,6,1,4,5,2,8,0,7",9:134;3:98;6:141;1:149;4:234;5:150;2:208;8:142;0:201;7:103,"9:[0,1,2,4,5,6,9,10,13,18,21,24,26];3:[0,4,5,6,13,18,21,24,26];6:[0,1,2,4,5,6,10,11,13,18,21,24,26,28];1:[0,4,5,6,9,10,12,13,18,20,21,24,26,28];4:[0,1,2,4,5,6,8,9,10,11,12,13,14,16,18,19,21,22,23,24,25,26,28];5:[0,2,4,5,6,9,10,11,12,13,18,21,24,26,28];2:[0,2,4,5,6,9,10,11,12,13,14,18,19,20,21,23,24,25,26,28];8:[0,2,4,5,6,9,10,12,13,18,21,24,26,28];0:[0,1,2,4,5,6,8,9,10,11,12,13,14,18,21,23,24,25,26,28];7:[0,4,5,9,10,13,18,21,24,26]","c9:bw=134,experts=[0,1,2,4,5,6,9,10,13,18,21,24,26]; c3:bw=98,experts=[0,4,5,6,13,18,21,24,26]; c6:bw=141,experts=[0,1,2,4,5,6,10,11,13,18,21,24,26,28]; c1:bw=149,experts=[0,4,5,6,9,10,12,13,18,20,21,24,26,28]; c4:bw=234,experts=[0,1,2,4,5,6,8,9,10,11,12,13,14,16,18,19,21,22,23,24,25,26,28]; c5:bw=150,experts=[0,2,4,5,6,9,10,11,12,13,18,21,24,26,28]; c2:bw=208,experts=[0,2,4,5,6,9,10,11,12,13,14,18,19,20,21,23,24,25,26,28]; c8:bw=142,experts=[0,2,4,5,6,9,10,12,13,18,21,24,26,28]; c0:bw=201,experts=[0,1,2,4,5,6,8,9,10,11,12,13,14,18,21,23,24,25,26,28]; c7:bw=103,experts=[0,4,5,9,10,13,18,21,24,26]","5.1536,7.7879,10.9070,6.5379,9.5735,8.5501,5.3612,7.4926,6.8414,6.7881"
47,2026-09-23 18:04:43,Ours,0.01,1.6273697087212438,57.49,57.49,47,76.2079,1:16.21,74.3361,0.2845,1.5793,2949.8932,49:09.89,10,"5,6,7,9,8,3,4,0,1,2",5:189;6:82;7:195;9:63;8:144;3:255;4:35;0:167;1:111;2:199,"5:[0,1,2,4,5,6,8,9,10,11,12,13,18,21,24,25,26,28];6:[4,5,6,13,18,21,24,26];7:[0,1,2,4,5,6,8,9,10,11,12,13,18,21,24,25,26,28,30];9:[4,5,6,13,18,26];8:[0,1,2,4,5,6,8,10,11,13,18,24,26,28];3:[0,1,2,4,5,6,8,9,10,11,12,13,14,15,16,18,21,22,23,24,25,26,27,28,30];4:[4,6,26];0:[0,1,2,4,5,6,9,10,11,12,13,18,21,24,25,26];1:[0,4,5,6,9,10,13,18,21,24,26];2:[0,1,2,4,5,6,8,9,10,11,12,13,18,21,23,24,25,26,28]","c5:bw=189,experts=[0,1,2,4,5,6,8,9,10,11,12,13,18,21,24,25,26,28]; c6:bw=82,experts=[4,5,6,13,18,21,24,26]; c7:bw=195,experts=[0,1,2,4,5,6,8,9,10,11,12,13,18,21,24,25,26,28,30]; c9:bw=63,experts=[4,5,6,13,18,26]; c8:bw=144,experts=[0,1,2,4,5,6,8,10,11,13,18,24,26,28]; c3:bw=255,experts=[0,1,2,4,5,6,8,9,10,11,12,13,14,15,16,18,21,22,23,24,25,26,27,28,30]; c4:bw=35,experts=[4,6,26]; c0:bw=167,experts=[0,1,2,4,5,6,9,10,11,12,13,18,21,24,25,26]; c1:bw=111,experts=[0,4,5,6,9,10,13,18,21,24,26]; c2:bw=199,experts=[0,1,2,4,5,6,8,9,10,11,12,13,18,21,23,24,25,26,28]","9.1212,9.4169,6.7533,5.0760,7.8170,7.3161,9.9161,7.1918,6.2429,5.4848"
48,2026-09-23 18:05:59,Ours,0.01,1.6203749298388321,57.27,57.49,47,76.1368,1:16.14,73.9078,0.3079,1.9132,3026.0638,50:26.06,10,"1,8,4,2,9,6,5,7,0,3",1:182;8:183;4:246;2:207;9:192;6:165;5:202;7:229;0:57;3:67,"1:[0,1,2,4,5,6,8,9,10,11,12,13,18,21,24,25,26,28];8:[0,1,2,4,5,6,8,9,10,11,12,13,18,21,23,24,26,28];4:[0,1,2,4,5,6,8,9,10,11,12,13,14,18,19,20,21,22,23,24,25,26,28,31];2:[0,1,2,4,5,6,8,9,10,11,12,13,16,18,21,23,24,25,26,28];9:[0,4,5,6,9,10,11,12,13,14,18,19,20,21,23,24,25,26,28];6:[0,2,4,5,6,9,10,11,12,13,18,21,24,25,26,28];5:[0,2,4,5,6,8,9,10,11,12,13,14,18,20,21,23,24,25,26,28];7:[0,1,2,4,5,6,8,9,10,11,12,13,14,18,19,20,21,23,24,25,26,28];0:[4,6,13,15,26];3:[4,5,6,13,21,26]","c1:bw=182,experts=[0,1,2,4,5,6,8,9,10,11,12,13,18,21,24,25,26,28]; c8:bw=183,experts=[0,1,2,4,5,6,8,9,10,11,12,13,18,21,23,24,26,28]; c4:bw=246,experts=[0,1,2,4,5,6,8,9,10,11,12,13,14,18,19,20,21,22,23,24,25,26,28,31]; c2:bw=207,experts=[0,1,2,4,5,6,8,9,10,11,12,13,16,18,21,23,24,25,26,28]; c9:bw=192,experts=[0,4,5,6,9,10,11,12,13,14,18,19,20,21,23,24,25,26,28]; c6:bw=165,experts=[0,2,4,5,6,9,10,11,12,13,18,21,24,25,26,28]; c5:bw=202,experts=[0,2,4,5,6,8,9,10,11,12,13,14,18,20,21,23,24,25,26,28]; c7:bw=229,experts=[0,1,2,4,5,6,8,9,10,11,12,13,14,18,19,20,21,23,24,25,26,28]; c0:bw=57,experts=[4,6,13,15,26]; c3:bw=67,experts=[4,5,6,13,21,26]","6.4549,7.7249,9.5617,5.3963,5.0873,9.5618,8.8949,6.7027,6.8804,7.6428"
49,2026-09-23 18:07:05,Ours,0.01,1.615720333729288,57.58,57.58,49,65.9109,1:05.91,64.4572,0.2205,1.2258,3092.0114,51:32.01,10,"4,3,8,0,2,5,6,7,9,1",4:176;3:116;8:96;0:72;2:214;5:205;6:46;7:162;9:194;1:198,"4:[0,4,5,6,9,10,11,12,13,18,19,20,21,24,25,26,28];3:[0,1,2,4,5,6,12,13,18,24,26];8:[1,2,4,5,6,13,18,24,26];0:[0,2,4,6,13,18,26];2:[0,1,2,4,5,6,8,9,10,11,12,13,15,17,18,21,23,24,25,26,28];5:[0,1,2,4,5,6,8,9,10,11,12,13,15,16,18,21,24,25,26,28];6:[4,6,13,26];7:[0,1,2,4,5,6,9,10,11,12,13,18,24,25,26,28];9:[0,2,4,5,6,8,9,10,12,13,18,19,20,21,23,24,25,26,28];1:[0,1,2,4,5,6,8,9,10,11,12,13,16,18,21,24,25,26,28]","c4:bw=176,experts=[0,4,5,6,9,10,11,12,13,18,19,20,21,24,25,26,28]; c3:bw=116,experts=[0,1,2,4,5,6,12,13,18,24,26]; c8:bw=96,experts=[1,2,4,5,6,13,18,24,26]; c0:bw=72,experts=[0,2,4,6,13,18,26]; c2:bw=214,experts=[0,1,2,4,5,6,8,9,10,11,12,13,15,17,18,21,23,24,25,26,28]; c5:bw=205,experts=[0,1,2,4,5,6,8,9,10,11,12,13,15,16,18,21,24,25,26,28]; c6:bw=46,experts=[4,6,13,26]; c7:bw=162,experts=[0,1,2,4,5,6,9,10,11,12,13,18,24,25,26,28]; c9:bw=194,experts=[0,2,4,5,6,8,9,10,12,13,18,19,20,21,23,24,25,26,28]; c1:bw=198,experts=[0,1,2,4,5,6,8,9,10,11,12,13,16,18,21,24,25,26,28]","10.7006,7.3894,7.6700,6.3387,4.4823,6.7959,7.2947,5.1022,3.8666,4.8168"
50,2026-09-23 18:08:02,Ours,0.01,1.6033122426204127,57.69,57.69,50,56.7686,0:56.77,55.3486,0.2135,1.2009,3148.8057,52:28.81,10,"8,4,7,6,2,1,3,0,9,5",8:118;4:28;7:126;6:249;2:232;1:236;3:142;0:106;9:99;5:114,"8:[0,2,4,5,6,10,12,13,18,24,26];4:[4,26];7:[0,2,4,5,6,9,12,13,18,21,24,26];6:[0,1,2,3,4,5,6,8,9,10,11,12,13,14,16,18,19,20,21,23,24,25,26,28];2:[0,1,2,4,5,6,8,9,10,11,12,13,14,18,19,20,21,22,23,24,25,26,28];1:[0,1,2,4,5,6,8,9,10,11,12,13,14,18,19,20,21,23,24,25,26,27,28];3:[0,4,5,6,9,10,12,13,18,20,21,24,26,28];0:[0,2,4,5,6,10,13,18,24,26];9:[0,1,2,4,6,13,18,24,26];5:[0,1,2,4,5,6,12,13,18,24,26]","c8:bw=118,experts=[0,2,4,5,6,10,12,13,18,24,26]; c4:bw=28,experts=[4,26]; c7:bw=126,experts=[0,2,4,5,6,9,12,13,18,21,24,26]; c6:bw=249,experts=[0,1,2,3,4,5,6,8,9,10,11,12,13,14,16,18,19,20,21,23,24,25,26,28]; c2:bw=232,experts=[0,1,2,4,5,6,8,9,10,11,12,13,14,18,19,20,21,22,23,24,25,26,28]; c1:bw=236,experts=[0,1,2,4,5,6,8,9,10,11,12,13,14,18,19,20,21,23,24,25,26,27,28]; c3:bw=142,experts=[0,4,5,6,9,10,12,13,18,20,21,24,26,28]; c0:bw=106,experts=[0,2,4,5,6,10,13,18,24,26]; c9:bw=99,experts=[0,1,2,4,6,13,18,24,26]; c5:bw=114,experts=[0,1,2,4,5,6,12,13,18,24,26]","5.7749,7.2593,5.0921,7.2259,4.1007,4.7432,5.4964,5.1329,3.7923,6.7310"
51,2026-09-23 18:08:59,Ours,0.01,1.5997947639955228,58.51,58.51,51,56.9409,0:56.94,55.5115,0.2165,1.2111,3205.7701,53:25.77,10,"5,0,1,2,8,6,9,3,4,7",5:173;0:195;1:77;2:73;8:168;6:191;9:66;3:203;4:40;7:99,"5:[0,2,4,5,6,9,10,11,12,13,18,20,21,24,25,26,28];0:[0,1,2,4,5,6,9,10,11,12,13,18,20,21,23,24,25,26,28];1:[2,4,5,6,13,18,26];2:[4,5,6,13,18,21,26];8:[0,1,2,4,5,6,10,11,12,13,18,21,24,25,26,28];6:[0,1,2,4,5,6,8,9,10,11,12,13,18,21,23,24,25,26,28];9:[4,5,6,13,21,26];3:[0,1,2,4,5,6,8,9,10,11,12,13,14,18,21,23,24,25,26,28];4:[4,5,13,26];7:[2,4,5,6,13,18,21,24,26]","c5:bw=173,experts=[0,2,4,5,6,9,10,11,12,13,18,20,21,24,25,26,28]; c0:bw=195,experts=[0,1,2,4,5,6,9,10,11,12,13,18,20,21,23,24,25,26,28]; c1:bw=77,experts=[2,4,5,6,13,18,26]; c2:bw=73,experts=[4,5,6,13,18,21,26]; c8:bw=168,experts=[0,1,2,4,5,6,10,11,12,13,18,21,24,25,26,28]; c6:bw=191,experts=[0,1,2,4,5,6,8,9,10,11,12,13,18,21,23,24,25,26,28]; c9:bw=66,experts=[4,5,6,13,21,26]; c3:bw=203,experts=[0,1,2,4,5,6,8,9,10,11,12,13,14,18,21,23,24,25,26,28]; c4:bw=40,experts=[4,5,13,26]; c7:bw=99,experts=[2,4,5,6,13,18,21,24,26]","6.7679,5.1979,4.7228,4.0445,5.7717,7.2230,3.8178,5.5442,7.3344,5.0873"
52,2026-09-23 18:09:56,Ours,0.01,1.5823763873271115,58.73,58.73,52,57.1311,0:57.13,55.6792,0.2241,1.2224,3262.927,54:22.93,10,"0,8,5,7,1,4,9,6,2,3",0:169;8:64;5:89;7:125;1:148;4:122;9:112;6:186;2:107;3:157,"0:[0,4,5,6,9,10,12,13,14,18,20,21,24,25,26,28];8:[2,4,6,13,26,30];5:[2,4,5,6,10,13,24,26];7:[0,1,2,4,5,6,10,12,13,18,24,26];1:[0,2,4,5,6,9,10,12,13,18,21,24,25,26];4:[0,2,4,5,6,10,12,13,18,21,24,26];9:[0,4,5,6,9,10,13,18,21,24,26];6:[0,2,4,5,6,9,10,12,13,18,20,21,23,24,25,26,28,30];2:[2,4,5,6,12,13,18,21,24,26];3:[0,1,2,4,5,6,9,10,12,13,18,21,24,25,26]","c0:bw=169,experts=[0,4,5,6,9,10,12,13,14,18,20,21,24,25,26,28]; c8:bw=64,experts=[2,4,6,13,26,30]; c5:bw=89,experts=[2,4,5,6,10,13,24,26]; c7:bw=125,experts=[0,1,2,4,5,6,10,12,13,18,24,26]; c1:bw=148,experts=[0,2,4,5,6,9,10,12,13,18,21,24,25,26]; c4:bw=122,experts=[0,2,4,5,6,10,12,13,18,21,24,26]; c9:bw=112,experts=[0,4,5,6,9,10,13,18,21,24,26]; c6:bw=186,experts=[0,2,4,5,6,9,10,12,13,18,20,21,23,24,25,26,28,30]; c2:bw=107,experts=[2,4,5,6,12,13,18,21,24,26]; c3:bw=157,experts=[0,1,2,4,5,6,9,10,12,13,18,21,24,25,26]","5.2123,5.8051,6.7826,5.1097,4.7403,7.3365,3.8135,7.2257,4.0905,5.5629"
53,2026-09-23 18:10:53,Ours,0.01,1.5762132296315252,58.76,58.76,53,57.04,0:57.04,55.6339,0.2149,1.1894,3319.9919,55:19.99,10,"8,4,5,1,3,9,6,7,0,2",8:79;4:103;5:161;1:215;3:173;9:224;6:131;7:160;0:141;2:189,"8:[4,5,6,13,18,21,26];4:[0,4,5,6,10,13,18,21,24,26];5:[0,4,5,6,9,10,11,12,13,18,20,21,23,24,26,28];1:[0,1,2,4,5,6,8,9,10,11,12,13,18,19,20,21,23,24,25,26,28];3:[0,1,2,4,5,6,8,10,11,12,13,18,21,23,24,25,26];9:[0,1,2,4,5,6,8,9,10,11,12,13,18,19,20,21,24,25,26,28,30,31];6:[0,1,2,4,5,6,10,12,13,18,21,24,26];7:[0,1,2,4,5,6,8,10,11,12,13,18,24,25,26,28];0:[0,1,2,4,5,6,9,10,12,13,18,24,25,26];2:[0,1,2,4,5,6,9,10,11,12,13,18,20,21,24,25,26,28]","c8:bw=79,experts=[4,5,6,13,18,21,26]; c4:bw=103,experts=[0,4,5,6,10,13,18,21,24,26]; c5:bw=161,experts=[0,4,5,6,9,10,11,12,13,18,20,21,23,24,26,28]; c1:bw=215,experts=[0,1,2,4,5,6,8,9,10,11,12,13,18,19,20,21,23,24,25,26,28]; c3:bw=173,experts=[0,1,2,4,5,6,8,10,11,12,13,18,21,23,24,25,26]; c9:bw=224,experts=[0,1,2,4,5,6,8,9,10,11,12,13,18,19,20,21,24,25,26,28,30,31]; c6:bw=131,experts=[0,1,2,4,5,6,10,12,13,18,21,24,26]; c7:bw=160,experts=[0,1,2,4,5,6,8,10,11,12,13,18,24,25,26,28]; c0:bw=141,experts=[0,1,2,4,5,6,9,10,12,13,18,24,25,26]; c2:bw=189,experts=[0,1,2,4,5,6,9,10,11,12,13,18,20,21,24,25,26,28]","5.7942,7.3419,6.7806,4.7977,5.5212,3.8517,7.1973,5.0730,5.1842,4.0922"
54,2026-09-23 18:11:50,Ours,0.01,1.5723827350283357,58.89,58.89,54,56.9809,0:56.98,55.5634,0.2167,1.1954,3376.9985,56:17.00,10,"2,1,8,7,3,0,6,5,9,4",2:30;1:193;8:203;7:223;3:111;0:135;6:198;5:10;9:185;4:116,"2:[4,26,30];1:[0,1,2,4,5,6,8,9,10,11,12,13,14,18,21,24,25,26,28];8:[0,2,4,5,6,8,9,10,11,12,13,14,18,20,21,23,24,25,26,28];7:[0,2,4,5,6,8,9,10,11,12,13,14,18,19,20,21,22,23,24,25,26,28];3:[0,2,4,5,6,10,13,18,21,24,26];0:[0,1,2,4,5,6,10,12,13,18,24,26,30];6:[0,1,2,4,5,6,8,9,10,11,12,13,17,18,21,24,25,26,28];5:[4];9:[0,1,2,4,5,6,8,9,10,11,12,13,18,21,24,25,26,28];4:[0,1,2,4,5,6,10,13,18,24,26]","c2:bw=30,experts=[4,26,30]; c1:bw=193,experts=[0,1,2,4,5,6,8,9,10,11,12,13,14,18,21,24,25,26,28]; c8:bw=203,experts=[0,2,4,5,6,8,9,10,11,12,13,14,18,20,21,23,24,25,26,28]; c7:bw=223,experts=[0,2,4,5,6,8,9,10,11,12,13,14,18,19,20,21,22,23,24,25,26,28]; c3:bw=111,experts=[0,2,4,5,6,10,13,18,21,24,26]; c0:bw=135,experts=[0,1,2,4,5,6,10,12,13,18,24,26,30]; c6:bw=198,experts=[0,1,2,4,5,6,8,9,10,11,12,13,17,18,21,24,25,26,28]; c5:bw=10,experts=[4]; c9:bw=185,experts=[0,1,2,4,5,6,8,9,10,11,12,13,18,21,24,25,26,28]; c4:bw=116,experts=[0,1,2,4,5,6,10,13,18,24,26]","4.0479,4.7705,5.7765,5.0935,5.5307,5.1948,7.3012,6.6410,3.8263,7.3810"
55,2026-09-23 18:12:48,Ours,0.01,1.5623773289586604,58.78,58.89,54,57.2679,0:57.27,55.8251,0.2253,1.2157,3434.2919,57:14.29,10,"7,2,4,3,8,5,1,6,0,9",7:199;2:150;4:53;3:192;8:50;5:194;1:220;6:154;0:101;9:228,"7:[0,1,2,4,5,6,8,9,10,11,12,13,18,21,23,24,25,26,28];2:[0,2,4,5,6,9,10,12,13,18,21,24,25,26,28];4:[2,4,6,13,26];3:[0,2,4,5,6,8,9,10,11,12,13,14,18,20,21,23,24,26,28];8:[4,5,6,13,26];5:[0,1,2,4,5,6,8,9,10,11,12,13,18,21,23,24,25,26,28];1:[0,2,4,5,6,8,9,10,11,12,13,14,15,18,19,20,21,23,24,25,26,28];6:[0,2,4,5,6,8,9,10,12,13,18,21,24,26,28];0:[0,4,5,6,9,13,18,21,24,26];9:[0,1,2,4,5,6,8,9,10,11,12,13,15,17,18,21,24,25,26,27,28,30]","c7:bw=199,experts=[0,1,2,4,5,6,8,9,10,11,12,13,18,21,23,24,25,26,28]; c2:bw=150,experts=[0,2,4,5,6,9,10,12,13,18,21,24,25,26,28]; c4:bw=53,experts=[2,4,6,13,26]; c3:bw=192,experts=[0,2,4,5,6,8,9,10,11,12,13,14,18,20,21,23,24,26,28]; c8:bw=50,experts=[4,5,6,13,26]; c5:bw=194,experts=[0,1,2,4,5,6,8,9,10,11,12,13,18,21,23,24,25,26,28]; c1:bw=220,experts=[0,2,4,5,6,8,9,10,11,12,13,14,15,18,19,20,21,23,24,25,26,28]; c6:bw=154,experts=[0,2,4,5,6,8,9,10,12,13,18,21,24,26,28]; c0:bw=101,experts=[0,4,5,6,9,13,18,21,24,26]; c9:bw=228,experts=[0,1,2,4,5,6,8,9,10,11,12,13,15,17,18,21,24,25,26,27,28,30]","5.1267,4.1038,7.3347,5.5364,5.7766,6.8079,4.8108,7.2502,5.2125,3.8656"
56,2026-09-23 18:13:47,Ours,0.01,1.5580743976273406,59.81,59.81,56,59.1861,0:59.19,57.7472,0.2205,1.212,3493.5053,58:13.51,10,"9,1,3,2,5,4,8,7,6,0",9:191;1:205;3:31;2:195;5:113;4:34;8:49;7:66;6:86;0:256,"9:[0,1,2,4,5,6,8,9,10,11,12,13,18,20,21,24,25,26,28];1:[0,2,4,5,6,8,9,10,11,12,13,14,18,20,21,23,24,25,26,28];3:[4,6,26];2:[0,1,2,4,5,6,8,9,10,11,12,13,18,21,23,24,25,26,28];5:[0,2,4,5,6,10,13,18,21,24,26];4:[4,5,26];8:[4,5,13,26];7:[2,4,6,9,13,26];6:[2,4,5,6,12,13,18,26];0:[0,1,2,4,5,6,8,9,10,11,12,13,14,15,16,17,18,21,23,24,25,26,27,28,30]","c9:bw=191,experts=[0,1,2,4,5,6,8,9,10,11,12,13,18,20,21,24,25,26,28]; c1:bw=205,experts=[0,2,4,5,6,8,9,10,11,12,13,14,18,20,21,23,24,25,26,28]; c3:bw=31,experts=[4,6,26]; c2:bw=195,experts=[0,1,2,4,5,6,8,9,10,11,12,13,18,21,23,24,25,26,28]; c5:bw=113,experts=[0,2,4,5,6,10,13,18,21,24,26]; c4:bw=34,experts=[4,5,26]; c8:bw=49,experts=[4,5,13,26]; c7:bw=66,experts=[2,4,6,9,13,26]; c6:bw=86,experts=[2,4,5,6,12,13,18,26]; c0:bw=256,experts=[0,1,2,4,5,6,8,9,10,11,12,13,14,15,16,17,18,21,23,24,25,26,27,28,30]","3.9064,4.9336,5.8343,4.2040,6.9355,7.4649,6.3664,5.6313,7.2649,5.2060"
57,2026-09-23 18:14:45,Ours,0.01,1.5482408923262245,59.19,59.81,56,58.2735,0:58.27,56.8193,0.2166,1.2307,3551.8045,59:11.80,10,"3,8,6,1,7,0,5,4,2,9",3:234;8:156;6:176;1:181;7:253;0:257;5:161;4:151;2:120;9:69,"3:[0,1,2,4,5,6,8,9,10,11,12,13,14,18,19,20,21,22,23,24,25,26,28];8:[0,1,2,4,5,6,8,10,11,12,13,18,21,24,26];6:[0,1,2,4,5,6,8,9,10,11,12,13,18,21,24,25,26];1:[0,1,2,4,5,6,8,9,10,11,12,13,18,21,24,25,26,28];7:[0,1,2,3,4,5,6,8,9,10,11,12,13,15,16,18,19,20,21,23,24,25,26,27,28];0:[0,1,2,4,5,6,8,9,10,11,12,13,14,18,19,20,21,22,23,24,25,26,28,30,31];5:[0,1,2,4,5,6,9,10,12,13,18,21,24,25,26,28];4:[0,4,5,6,9,10,12,13,18,20,21,23,24,26,28];2:[0,4,5,6,9,10,12,13,18,21,24,26];9:[0,2,4,6,13,26]","c3:bw=234,experts=[0,1,2,4,5,6,8,9,10,11,12,13,14,18,19,20,21,22,23,24,25,26,28]; c8:bw=156,experts=[0,1,2,4,5,6,8,10,11,12,13,18,21,24,26]; c6:bw=176,experts=[0,1,2,4,5,6,8,9,10,11,12,13,18,21,24,25,26]; c1:bw=181,experts=[0,1,2,4,5,6,8,9,10,11,12,13,18,21,24,25,26,28]; c7:bw=253,experts=[0,1,2,3,4,5,6,8,9,10,11,12,13,15,16,18,19,20,21,23,24,25,26,27,28]; c0:bw=257,experts=[0,1,2,4,5,6,8,9,10,11,12,13,14,18,19,20,21,22,23,24,25,26,28,30,31]; c5:bw=161,experts=[0,1,2,4,5,6,9,10,12,13,18,21,24,25,26,28]; c4:bw=151,experts=[0,4,5,6,9,10,12,13,18,20,21,23,24,26,28]; c2:bw=120,experts=[0,4,5,6,9,10,12,13,18,21,24,26]; c9:bw=69,experts=[0,2,4,6,13,26]","5.5993,5.8383,7.3573,4.8245,5.3003,5.3062,6.9362,7.5311,4.1969,3.9292"
58,2026-09-23 18:15:47,Ours,0.01,1.5403593196709362,60.36,60.36,58,61.7529,1:01.75,60.0893,0.2378,1.4189,3613.5852,1:00:13.59,10,"7,2,9,6,5,1,8,4,3,0",7:88;2:15;9:209;6:201;5:127;1:109;8:145;4:139;3:225;0:174,"7:[0,4,5,6,13,18,24,26];2:[4];9:[0,1,2,4,5,6,8,9,10,11,12,13,18,20,21,24,25,26,28,30];6:[0,1,2,4,5,6,8,9,10,11,12,13,14,18,21,23,24,25,26,28];5:[0,4,5,6,9,10,12,13,18,21,24,26];1:[4,5,6,9,10,13,18,21,24,26];8:[0,2,4,5,6,8,10,11,12,13,18,24,26,28];4:[0,2,4,5,6,9,10,12,13,18,21,24,26];3:[0,1,2,4,5,6,8,9,10,11,12,13,14,18,19,21,23,24,25,26,27,28];0:[0,1,2,4,5,6,9,10,11,12,13,18,24,25,26,28,30]","c7:bw=88,experts=[0,4,5,6,13,18,24,26]; c2:bw=15,experts=[4]; c9:bw=209,experts=[0,1,2,4,5,6,8,9,10,11,12,13,18,20,21,24,25,26,28,30]; c6:bw=201,experts=[0,1,2,4,5,6,8,9,10,11,12,13,14,18,21,23,24,25,26,28]; c5:bw=127,experts=[0,4,5,6,9,10,12,13,18,21,24,26]; c1:bw=109,experts=[4,5,6,9,10,13,18,21,24,26]; c8:bw=145,experts=[0,2,4,5,6,8,10,11,12,13,18,24,26,28]; c4:bw=139,experts=[0,2,4,5,6,9,10,12,13,18,21,24,26]; c3:bw=225,experts=[0,1,2,4,5,6,8,9,10,11,12,13,14,18,19,21,23,24,25,26,27,28]; c0:bw=174,experts=[0,1,2,4,5,6,9,10,11,12,13,18,24,25,26,28,30]","5.1662,4.3224,4.0122,7.5752,8.0255,4.7653,5.7905,8.1922,6.3413,5.8985"
59,2026-09-23 18:16:45,Ours,0.01,1.5309991233475992,60.12,60.36,58,57.9638,0:57.96,56.5432,0.2142,1.1998,3671.5834,1:01:11.58,10,"2,8,9,6,1,4,7,5,0,3",2:134;8:204;9:101;6:70;1:239;4:94;7:102;5:117;0:191;3:129,"2:[0,2,4,5,6,10,12,13,18,21,24,26,28];8:[0,1,2,4,5,6,8,10,11,12,13,18,19,21,24,25,26,27,28,30];9:[0,2,4,5,6,10,13,18,21,26];6:[4,5,13,21,22,24,26];1:[0,1,2,4,5,6,8,9,10,11,12,13,14,18,20,21,22,23,24,25,26,28,31];4:[2,4,5,6,10,13,18,24,26];7:[2,4,5,6,9,13,18,21,24,26];5:[0,4,5,6,9,10,13,18,21,24,26];0:[0,1,2,4,5,6,8,9,10,12,13,14,18,21,23,24,25,26,28];3:[1,2,4,5,6,10,11,13,18,21,24,26]","c2:bw=134,experts=[0,2,4,5,6,10,12,13,18,21,24,26,28]; c8:bw=204,experts=[0,1,2,4,5,6,8,10,11,12,13,18,19,21,24,25,26,27,28,30]; c9:bw=101,experts=[0,2,4,5,6,10,13,18,21,26]; c6:bw=70,experts=[4,5,13,21,22,24,26]; c1:bw=239,experts=[0,1,2,4,5,6,8,9,10,11,12,13,14,18,20,21,22,23,24,25,26,28,31]; c4:bw=94,experts=[2,4,5,6,10,13,18,24,26]; c7:bw=102,experts=[2,4,5,6,9,13,18,21,24,26]; c5:bw=117,experts=[0,4,5,6,9,10,13,18,21,24,26]; c0:bw=191,experts=[0,1,2,4,5,6,8,9,10,12,13,14,18,21,23,24,25,26,28]; c3:bw=129,experts=[1,2,4,5,6,10,11,13,18,21,24,26]","4.4505,5.9820,3.8729,7.4250,4.8783,7.4195,5.0637,6.7358,5.1869,5.5285"
60,2026-09-23 18:17:42,Ours,0.01,1.5236116564592435,60.25,60.36,58,57.2703,0:57.27,55.8195,0.2206,1.2284,3728.8798,1:02:08.88,10,"0,7,4,2,5,8,6,9,1,3",0:194;7:175;4:110;2:111;5:122;8:89;6:218;9:27;1:197;3:160,"0:[0,1,2,4,5,6,9,10,12,13,14,18,20,21,23,24,25,26,28];7:[0,1,2,4,5,6,8,9,10,11,12,13,18,24,25,26,28];4:[0,2,4,5,6,10,13,18,21,24,26];2:[0,2,4,5,6,10,12,13,18,24,26];5:[0,4,5,6,9,10,12,13,18,21,24,26];8:[2,4,5,6,13,18,24,26];6:[0,1,2,4,5,6,8,9,10,11,12,13,14,18,19,21,23,24,25,26,28];9:[4,26];1:[0,2,4,5,6,9,10,11,12,13,14,18,20,21,23,24,25,26,28];3:[0,2,4,5,6,9,10,11,12,13,18,21,23,24,26,28]","c0:bw=194,experts=[0,1,2,4,5,6,9,10,12,13,14,18,20,21,23,24,25,26,28]; c7:bw=175,experts=[0,1,2,4,5,6,8,9,10,11,12,13,18,24,25,26,28]; c4:bw=110,experts=[0,2,4,5,6,10,13,18,21,24,26]; c2:bw=111,experts=[0,2,4,5,6,10,12,13,18,24,26]; c5:bw=122,experts=[0,4,5,6,9,10,12,13,18,21,24,26]; c8:bw=89,experts=[2,4,5,6,13,18,24,26]; c6:bw=218,experts=[0,1,2,4,5,6,8,9,10,11,12,13,14,18,19,21,23,24,25,26,28]; c9:bw=27,experts=[4,26]; c1:bw=197,experts=[0,2,4,5,6,9,10,11,12,13,14,18,20,21,23,24,25,26,28]; c3:bw=160,experts=[0,2,4,5,6,9,10,11,12,13,18,21,23,24,26,28]","5.2056,5.0718,7.4003,4.1166,6.7838,5.7906,7.2645,3.8095,4.7822,5.5945"
61,2026-09-23 18:18:40,Ours,0.01,1.5184314675163884,60.57,60.57,61,57.4492,0:57.45,56.0198,0.2216,1.201,3786.3568,1:03:06.36,10,"5,6,2,9,1,3,8,4,7,0",5:178;6:136;2:107;9:138;1:122;3:157;8:203;4:140;7:159;0:220,"5:[0,1,2,4,5,6,9,10,11,12,13,18,21,23,24,26,28];6:[0,4,5,6,9,10,12,13,18,20,21,24,26];2:[0,2,4,5,6,12,13,18,24,26];9:[0,4,5,6,9,10,12,13,18,20,21,24,26];1:[0,2,4,5,6,9,10,13,18,21,24,26];3:[0,1,2,4,5,6,8,10,11,12,13,18,24,26,28];8:[0,1,2,4,5,6,8,10,11,12,13,15,16,18,21,23,24,25,26,28];4:[0,2,4,5,6,9,10,12,13,18,21,24,26,28];7:[0,2,4,5,6,9,10,12,13,18,21,24,25,26,28];0:[0,1,2,4,5,6,8,9,10,11,12,13,14,17,18,21,22,23,24,25,26,28]","c5:bw=178,experts=[0,1,2,4,5,6,9,10,11,12,13,18,21,23,24,26,28]; c6:bw=136,experts=[0,4,5,6,9,10,12,13,18,20,21,24,26]; c2:bw=107,experts=[0,2,4,5,6,12,13,18,24,26]; c9:bw=138,experts=[0,4,5,6,9,10,12,13,18,20,21,24,26]; c1:bw=122,experts=[0,2,4,5,6,9,10,13,18,21,24,26]; c3:bw=157,experts=[0,1,2,4,5,6,8,10,11,12,13,18,24,26,28]; c8:bw=203,experts=[0,1,2,4,5,6,8,10,11,12,13,15,16,18,21,23,24,25,26,28]; c4:bw=140,experts=[0,2,4,5,6,9,10,12,13,18,21,24,26,28]; c7:bw=159,experts=[0,2,4,5,6,9,10,12,13,18,21,24,25,26,28]; c0:bw=220,experts=[0,1,2,4,5,6,8,9,10,11,12,13,14,17,18,21,22,23,24,25,26,28]","6.7961,7.2913,4.1372,3.8437,4.7811,5.5659,5.7906,7.4595,5.1282,5.2261"
62,2026-09-23 18:19:37,Ours,0.01,1.5122533838366405,61.08,61.08,62,57.5477,0:57.55,56.1331,0.2143,1.1984,3843.9312,1:04:03.93,10,"8,6,9,4,5,0,3,2,1,7",8:48;6:228;9:59;4:221;5:246;0:103;3:193;2:154;1:274;7:163,"8:[4,5,21,26];6:[0,1,2,4,5,6,8,9,10,11,12,13,14,18,19,20,21,23,24,25,26,28];9:[2,4,6,13,26];4:[0,2,4,5,6,8,9,10,11,12,13,14,18,19,20,21,22,23,24,25,26,28];5:[0,1,2,4,5,6,8,9,10,11,12,13,14,18,19,20,21,22,23,24,25,26,28,31];0:[0,1,2,4,6,9,13,18,24,26];3:[0,1,2,4,5,6,8,9,10,11,12,13,18,21,23,24,25,26,28];2:[0,1,2,4,5,6,10,11,12,13,18,21,24,25,26];1:[0,1,2,3,4,5,6,8,9,10,11,12,13,14,15,16,17,18,19,20,21,23,24,25,26,28,31];7:[0,4,5,6,9,10,12,13,18,20,21,23,24,25,26,28]","c8:bw=48,experts=[4,5,21,26]; c6:bw=228,experts=[0,1,2,4,5,6,8,9,10,11,12,13,14,18,19,20,21,23,24,25,26,28]; c9:bw=59,experts=[2,4,6,13,26]; c4:bw=221,experts=[0,2,4,5,6,8,9,10,11,12,13,14,18,19,20,21,22,23,24,25,26,28]; c5:bw=246,experts=[0,1,2,4,5,6,8,9,10,11,12,13,14,18,19,20,21,22,23,24,25,26,28,31]; c0:bw=103,experts=[0,1,2,4,6,9,13,18,24,26]; c3:bw=193,experts=[0,1,2,4,5,6,8,9,10,11,12,13,18,21,23,24,25,26,28]; c2:bw=154,experts=[0,1,2,4,5,6,10,11,12,13,18,21,24,25,26]; c1:bw=274,experts=[0,1,2,3,4,5,6,8,9,10,11,12,13,14,15,16,17,18,19,20,21,23,24,25,26,28,31]; c7:bw=163,experts=[0,4,5,6,9,10,12,13,18,20,21,23,24,25,26,28]","5.7817,7.3262,3.8741,7.4928,6.8104,5.1810,5.5825,4.1024,4.8882,5.0938"
63,2026-09-23 18:20:35,Ours,0.01,1.5061913297883207,60.95,61.08,62,57.4022,0:57.40,55.9461,0.2147,1.2343,3901.3617,1:05:01.36,10,"5,9,6,3,8,1,7,0,2,4",5:33;9:77;6:124;3:192;8:116;1:183;7:251;0:151;2:102;4:192,"5:[4,13,26];9:[4,5,6,13,18,21,26];6:[0,2,4,5,6,9,10,13,18,21,24,26];3:[0,1,2,4,5,6,8,9,10,11,12,13,18,21,23,24,25,26,28];8:[0,4,5,6,9,10,13,18,21,24,26];1:[0,4,5,6,9,10,11,12,13,18,20,21,22,23,24,25,26,28];7:[0,1,2,4,5,6,8,9,10,11,12,13,14,16,18,19,20,21,22,23,24,25,26,27,28];0:[0,4,5,6,9,10,11,12,13,18,20,21,23,24,26];2:[1,2,4,5,6,12,13,18,24,26];4:[0,1,2,4,5,6,8,9,10,11,12,13,18,21,23,24,25,26,28]","c5:bw=33,experts=[4,13,26]; c9:bw=77,experts=[4,5,6,13,18,21,26]; c6:bw=124,experts=[0,2,4,5,6,9,10,13,18,21,24,26]; c3:bw=192,experts=[0,1,2,4,5,6,8,9,10,11,12,13,18,21,23,24,25,26,28]; c8:bw=116,experts=[0,4,5,6,9,10,13,18,21,24,26]; c1:bw=183,experts=[0,4,5,6,9,10,11,12,13,18,20,21,22,23,24,25,26,28]; c7:bw=251,experts=[0,1,2,4,5,6,8,9,10,11,12,13,14,16,18,19,20,21,22,23,24,25,26,27,28]; c0:bw=151,experts=[0,4,5,6,9,10,11,12,13,18,20,21,23,24,26]; c2:bw=102,experts=[1,2,4,5,6,12,13,18,24,26]; c4:bw=192,experts=[0,1,2,4,5,6,8,9,10,11,12,13,18,21,23,24,25,26,28]","6.7416,3.8533,7.3028,5.5910,5.7843,4.7888,5.0843,5.2190,4.1070,7.4738"
64,2026-09-23 18:21:32,Ours,0.01,1.4946168566859306,61.27,61.27,64,57.5846,0:57.58,56.1335,0.224,1.2253,3958.9733,1:05:58.97,10,"6,4,5,3,7,0,8,9,2,1",6:182;4:138;5:87;3:138;7:124;0:116;8:195;9:217;2:205;1:104,"6:[0,2,4,5,6,7,9,10,12,13,18,21,24,25,26,28,29,31];4:[3,4,5,6,7,9,13,17,18,21,24,26,29];5:[2,4,5,6,7,13,18,26];3:[0,2,4,5,6,10,12,13,18,21,24,26,31];7:[4,5,6,7,9,10,13,18,21,24,26,29];0:[3,4,5,6,7,9,13,18,21,26,29];8:[0,3,4,5,6,7,9,10,12,13,17,18,21,23,24,26,28,29,31];9:[0,1,2,3,4,5,6,7,8,9,10,11,12,13,18,21,24,25,26,28,29];2:[0,2,3,4,5,6,7,9,10,12,13,18,21,23,24,25,26,28,29,31];1:[4,5,6,7,13,18,21,26,29,30]","c6:bw=182,experts=[0,2,4,5,6,7,9,10,12,13,18,21,24,25,26,28,29,31]; c4:bw=138,experts=[3,4,5,6,7,9,13,17,18,21,24,26,29]; c5:bw=87,experts=[2,4,5,6,7,13,18,26]; c3:bw=138,experts=[0,2,4,5,6,10,12,13,18,21,24,26,31]; c7:bw=124,experts=[4,5,6,7,9,10,13,18,21,24,26,29]; c0:bw=116,experts=[3,4,5,6,7,9,13,18,21,26,29]; c8:bw=195,experts=[0,3,4,5,6,7,9,10,12,13,17,18,21,23,24,26,28,29,31]; c9:bw=217,experts=[0,1,2,3,4,5,6,7,8,9,10,11,12,13,18,21,24,25,26,28,29]; c2:bw=205,experts=[0,2,3,4,5,6,7,9,10,12,13,18,21,23,24,25,26,28,29,31]; c1:bw=104,experts=[4,5,6,7,13,18,21,26,29,30]","7.3179,7.4855,6.7734,5.5970,5.0867,5.1912,5.8293,3.8821,4.1317,4.8388"
65,2026-09-23 18:22:30,Ours,0.01,1.493470993170999,61.8,61.8,65,57.4975,0:57.50,56.0834,0.2154,1.1933,4016.5007,1:06:56.50,10,"7,5,4,6,8,3,0,2,1,9",7:33;5:105;4:210;6:182;8:241;3:156;0:151;2:104;1:211;9:171,"7:[4,6,26];5:[0,4,5,6,9,10,13,18,21,26];4:[0,1,2,4,5,6,8,9,10,11,12,13,14,18,21,23,24,25,26,27,28];6:[0,2,4,5,6,8,9,10,11,12,13,18,21,23,24,25,26,28];8:[0,1,2,4,5,6,8,9,10,11,12,13,14,18,19,20,21,22,23,24,25,26,28,31];3:[0,1,2,4,5,6,7,10,12,13,18,21,24,26,28];0:[0,2,4,5,6,9,10,12,13,18,21,24,25,26,28];2:[0,4,5,6,9,13,18,21,24,26];1:[0,2,4,5,6,8,9,10,11,12,13,14,18,20,21,22,23,24,25,26,28];9:[0,2,4,5,6,9,10,11,12,13,18,21,23,24,25,26,28]","c7:bw=33,experts=[4,6,26]; c5:bw=105,experts=[0,4,5,6,9,10,13,18,21,26]; c4:bw=210,experts=[0,1,2,4,5,6,8,9,10,11,12,13,14,18,21,23,24,25,26,27,28]; c6:bw=182,experts=[0,2,4,5,6,8,9,10,11,12,13,18,21,23,24,25,26,28]; c8:bw=241,experts=[0,1,2,4,5,6,8,9,10,11,12,13,14,18,19,20,21,22,23,24,25,26,28,31]; c3:bw=156,experts=[0,1,2,4,5,6,7,10,12,13,18,21,24,26,28]; c0:bw=151,experts=[0,2,4,5,6,9,10,12,13,18,21,24,25,26,28]; c2:bw=104,experts=[0,4,5,6,9,13,18,21,24,26]; c1:bw=211,experts=[0,2,4,5,6,8,9,10,11,12,13,14,18,20,21,22,23,24,25,26,28]; c9:bw=171,experts=[0,2,4,5,6,9,10,11,12,13,18,21,23,24,25,26,28]","5.0737,6.8435,7.4884,7.2553,5.8216,5.6204,5.1932,4.1189,4.8135,3.8548"
66,2026-09-23 18:23:27,Ours,0.01,1.486050937202904,61.8,61.8,65,57.6093,0:57.61,56.1728,0.2119,1.2229,4074.1387,1:07:54.14,10,"2,5,1,8,9,6,4,0,3,7",2:149;5:63;1:198;8:88;9:115;6:108;4:152;0:139;3:244;7:184,"2:[0,4,5,6,9,10,12,13,18,20,21,24,26,28];5:[2,4,5,6,13,26];1:[0,1,2,4,5,6,8,9,10,11,12,13,18,21,23,24,25,26,28];8:[2,4,5,6,13,18,24,26];9:[0,2,4,5,6,12,13,18,22,24,26];6:[4,5,6,9,12,13,18,21,24,26];4:[0,2,4,5,6,9,10,12,13,18,21,23,24,26,28];0:[0,1,2,4,5,6,10,13,18,21,24,26,28];3:[0,1,2,4,5,6,8,9,10,11,12,13,14,17,18,19,20,21,23,24,25,26,28,30];7:[0,4,5,6,8,9,10,11,12,13,18,20,21,23,24,25,26,28]","c2:bw=149,experts=[0,4,5,6,9,10,12,13,18,20,21,24,26,28]; c5:bw=63,experts=[2,4,5,6,13,26]; c1:bw=198,experts=[0,1,2,4,5,6,8,9,10,11,12,13,18,21,23,24,25,26,28]; c8:bw=88,experts=[2,4,5,6,13,18,24,26]; c9:bw=115,experts=[0,2,4,5,6,12,13,18,22,24,26]; c6:bw=108,experts=[4,5,6,9,12,13,18,21,24,26]; c4:bw=152,experts=[0,2,4,5,6,9,10,12,13,18,21,23,24,26,28]; c0:bw=139,experts=[0,1,2,4,5,6,10,13,18,21,24,26,28]; c3:bw=244,experts=[0,1,2,4,5,6,8,9,10,11,12,13,14,17,18,19,20,21,23,24,25,26,28,30]; c7:bw=184,experts=[0,4,5,6,8,9,10,11,12,13,18,20,21,23,24,25,26,28]","4.1383,6.8078,4.8289,5.8064,3.8643,7.3063,7.4846,5.2337,5.5909,5.1115"
67,2026-09-23 18:24:25,Ours,0.01,1.483419214361687,62.57,62.57,67,57.6557,0:57.66,56.1772,0.2603,1.2164,4131.8247,1:08:51.82,10,"4,5,1,3,6,0,2,9,7,8",4:188;5:177;1:134;3:93;6:194;0:119;2:157;9:219;7:215;8:33,"4:[0,4,5,6,9,10,11,12,13,18,20,21,22,23,24,25,26,28];5:[0,1,2,4,5,6,9,10,11,12,13,18,21,24,25,26,28];1:[0,2,4,5,6,10,11,12,13,18,21,24,26];3:[4,5,6,10,13,18,21,24,26];6:[0,1,2,4,5,6,8,9,10,11,12,13,18,21,23,24,25,26,28];0:[0,2,4,5,6,10,12,13,18,24,26];2:[0,2,4,5,6,9,10,11,12,13,18,21,24,26,28];9:[0,1,2,4,5,6,8,9,10,11,12,13,15,18,21,24,25,26,27,28,30];7:[0,2,4,5,6,8,9,10,11,12,13,14,18,20,21,22,23,24,25,26,28];8:[4,5,26]","c4:bw=188,experts=[0,4,5,6,9,10,11,12,13,18,20,21,22,23,24,25,26,28]; c5:bw=177,experts=[0,1,2,4,5,6,9,10,11,12,13,18,21,24,25,26,28]; c1:bw=134,experts=[0,2,4,5,6,10,11,12,13,18,21,24,26]; c3:bw=93,experts=[4,5,6,10,13,18,21,24,26]; c6:bw=194,experts=[0,1,2,4,5,6,8,9,10,11,12,13,18,21,23,24,25,26,28]; c0:bw=119,experts=[0,2,4,5,6,10,12,13,18,24,26]; c2:bw=157,experts=[0,2,4,5,6,9,10,11,12,13,18,21,24,26,28]; c9:bw=219,experts=[0,1,2,4,5,6,8,9,10,11,12,13,15,18,21,24,25,26,27,28,30]; c7:bw=215,experts=[0,2,4,5,6,8,9,10,11,12,13,14,18,20,21,22,23,24,25,26,28]; c8:bw=33,experts=[4,5,26]","7.5604,6.8542,4.8620,5.5313,7.2838,5.2188,4.0735,3.8701,5.1114,5.8117"
68,2026-09-23 18:25:23,Ours,0.01,1.469986768274826,61.86,62.57,67,57.6882,0:57.69,56.2612,0.218,1.2032,4189.5419,1:09:49.54,10,"1,8,2,0,3,4,5,9,7,6",1:153;8:114;2:214;0:110;3:94;4:180;5:163;9:57;7:102;6:116,"1:[0,2,4,5,6,9,10,12,13,18,21,24,25,26,28];8:[4,5,6,9,10,12,13,18,21,24,26];2:[0,1,2,4,5,6,8,9,10,11,12,13,15,16,18,21,24,25,26,27,28];0:[0,2,4,5,6,10,13,18,21,24,26];3:[0,4,5,6,13,18,21,24,26];4:[0,2,4,5,6,9,10,12,13,15,18,21,23,24,25,26,28,30];5:[0,2,3,4,5,6,9,10,12,13,17,18,21,24,26,29];9:[4,5,6,13,26];7:[2,4,5,6,9,10,13,18,24,26];6:[0,2,4,5,6,10,12,13,18,24,26]","c1:bw=153,experts=[0,2,4,5,6,9,10,12,13,18,21,24,25,26,28]; c8:bw=114,experts=[4,5,6,9,10,12,13,18,21,24,26]; c2:bw=214,experts=[0,1,2,4,5,6,8,9,10,11,12,13,15,16,18,21,24,25,26,27,28]; c0:bw=110,experts=[0,2,4,5,6,10,13,18,21,24,26]; c3:bw=94,experts=[0,4,5,6,13,18,21,24,26]; c4:bw=180,experts=[0,2,4,5,6,9,10,12,13,15,18,21,23,24,25,26,28,30]; c5:bw=163,experts=[0,2,3,4,5,6,9,10,12,13,17,18,21,24,26,29]; c9:bw=57,experts=[4,5,6,13,26]; c7:bw=102,experts=[2,4,5,6,9,10,13,18,24,26]; c6:bw=116,experts=[0,2,4,5,6,10,12,13,18,24,26]","4.8350,5.8260,4.1521,5.2355,5.5820,7.4904,6.8230,3.8154,5.1657,7.3360"
69,2026-09-23 18:26:21,Ours,0.01,1.4645858289850948,62.38,62.57,67,57.7835,0:57.78,56.3453,0.211,1.2254,4247.3562,1:10:47.36,10,"3,7,1,4,9,5,0,2,8,6",3:152;7:214;1:115;4:152;9:130;5:145;0:192;2:243;8:154;6:96,"3:[0,3,4,5,6,9,10,12,13,18,20,21,24,26,29];7:[0,2,4,5,6,8,9,10,11,12,13,14,18,20,21,22,23,24,25,26,28];1:[4,5,6,9,10,12,13,18,21,24,26];4:[0,2,4,5,6,9,10,12,13,18,21,23,24,25,26];9:[0,4,5,6,9,10,12,13,16,18,21,24,26];5:[0,4,5,6,9,10,12,13,18,20,21,23,24,26];0:[0,4,5,6,9,10,11,12,13,14,18,20,21,22,23,24,25,26,28];2:[0,1,2,4,5,6,8,9,10,11,12,13,15,16,17,18,21,23,24,25,26,27,28,30];8:[0,4,5,6,9,10,12,13,18,20,21,23,24,26,28];6:[4,5,6,9,13,15,21,26,27]","c3:bw=152,experts=[0,3,4,5,6,9,10,12,13,18,20,21,24,26,29]; c7:bw=214,experts=[0,2,4,5,6,8,9,10,11,12,13,14,18,20,21,22,23,24,25,26,28]; c1:bw=115,experts=[4,5,6,9,10,12,13,18,21,24,26]; c4:bw=152,experts=[0,2,4,5,6,9,10,12,13,18,21,23,24,25,26]; c9:bw=130,experts=[0,4,5,6,9,10,12,13,16,18,21,24,26]; c5:bw=145,experts=[0,4,5,6,9,10,12,13,18,20,21,23,24,26]; c0:bw=192,experts=[0,4,5,6,9,10,11,12,13,14,18,20,21,22,23,24,25,26,28]; c2:bw=243,experts=[0,1,2,4,5,6,8,9,10,11,12,13,15,16,17,18,21,23,24,25,26,27,28,30]; c8:bw=154,experts=[0,4,5,6,9,10,12,13,18,20,21,23,24,26,28]; c6:bw=96,experts=[4,5,6,9,13,15,21,26,27]","5.5877,5.1738,4.8103,7.4705,3.8738,6.8300,5.2946,4.1564,5.8704,7.2778"
70,2026-09-23 18:27:18,Ours,0.01,1.4644188260141364,62.37,62.57,67,57.5425,0:57.54,56.1189,0.2155,1.2065,4304.9274,1:11:44.93,10,"1,9,7,3,0,6,2,4,5,8",1:89;9:10;7:103;3:116;0:110;6:94;2:202;4:212;5:83;8:176,"1:[4,5,6,13,18,21,24,26];9:[4];7:[0,2,4,5,6,9,13,18,24,26];3:[4,5,6,9,10,12,13,18,21,24,26];0:[0,2,4,5,6,12,13,18,21,24,26];6:[2,4,5,6,10,13,18,24,26];2:[0,1,2,4,5,6,8,9,10,11,12,13,18,21,23,24,25,26,28,30];4:[0,2,4,5,6,8,9,10,11,12,13,14,18,20,21,22,23,24,25,26,28];5:[0,2,4,5,6,13,24,26];8:[0,1,2,4,5,6,8,9,10,11,12,13,18,21,24,26,28]","c1:bw=89,experts=[4,5,6,13,18,21,24,26]; c9:bw=10,experts=[4]; c7:bw=103,experts=[0,2,4,5,6,9,13,18,24,26]; c3:bw=116,experts=[4,5,6,9,10,12,13,18,21,24,26]; c0:bw=110,experts=[0,2,4,5,6,12,13,18,21,24,26]; c6:bw=94,experts=[2,4,5,6,10,13,18,24,26]; c2:bw=202,experts=[0,1,2,4,5,6,8,9,10,11,12,13,18,21,23,24,25,26,28,30]; c4:bw=212,experts=[0,2,4,5,6,8,9,10,11,12,13,14,18,20,21,22,23,24,25,26,28]; c5:bw=83,experts=[0,2,4,5,6,13,24,26]; c8:bw=176,experts=[0,1,2,4,5,6,8,9,10,11,12,13,18,21,24,26,28]","4.7914,3.8051,5.1100,5.5622,5.2362,7.3645,4.1201,7.4745,6.8344,5.8205"
71,2026-09-23 18:28:16,Ours,0.01,1.4558992895499583,62.65,62.65,71,57.3994,0:57.40,55.9693,0.2237,1.2001,4362.4344,1:12:42.43,10,"4,0,1,9,7,5,3,6,8,2",4:155;0:59;1:191;9:147;7:75;5:123;3:226;6:182;8:141;2:222,"4:[0,1,2,4,5,6,10,11,12,13,18,21,24,26,28];0:[2,4,6,13,26];1:[0,1,2,4,5,6,8,9,10,11,12,13,16,18,21,24,25,26,28];9:[0,2,4,5,6,9,10,12,13,18,21,24,25,26];7:[0,4,5,6,13,18,26];5:[0,2,4,5,6,12,13,18,24,26,27,30];3:[0,1,2,4,5,6,8,10,11,12,13,14,15,16,18,21,22,23,24,26,27,28];6:[0,1,2,4,5,6,8,10,11,12,13,18,21,23,24,25,26,28];8:[0,1,2,4,5,6,10,11,12,13,18,24,26,28];2:[0,1,2,4,5,6,8,9,10,11,12,13,14,18,20,21,23,24,25,26,27,28]","c4:bw=155,experts=[0,1,2,4,5,6,10,11,12,13,18,21,24,26,28]; c0:bw=59,experts=[2,4,6,13,26]; c1:bw=191,experts=[0,1,2,4,5,6,8,9,10,11,12,13,16,18,21,24,25,26,28]; c9:bw=147,experts=[0,2,4,5,6,9,10,12,13,18,21,24,25,26]; c7:bw=75,experts=[0,4,5,6,13,18,26]; c5:bw=123,experts=[0,2,4,5,6,12,13,18,24,26,27,30]; c3:bw=226,experts=[0,1,2,4,5,6,8,10,11,12,13,14,15,16,18,21,22,23,24,26,27,28]; c6:bw=182,experts=[0,1,2,4,5,6,8,10,11,12,13,18,21,23,24,25,26,28]; c8:bw=141,experts=[0,1,2,4,5,6,10,11,12,13,18,24,26,28]; c2:bw=222,experts=[0,1,2,4,5,6,8,9,10,11,12,13,14,18,20,21,23,24,25,26,27,28]","7.4893,5.2046,4.7874,3.8508,5.0984,6.7643,5.5369,7.3289,5.7921,4.1165"
72,2026-09-23 18:29:14,Ours,0.01,1.4524687156932212,62.64,62.65,71,57.8207,0:57.82,56.3479,0.2148,1.2563,4420.2847,1:13:40.28,10,"8,1,5,7,6,0,3,2,9,4",8:109;1:145;5:158;7:177;6:70;0:191;3:84;2:84;9:139;4:144,"8:[4,5,6,10,12,13,18,21,24,26];1:[0,2,4,5,6,8,10,12,13,18,21,24,26,28];5:[0,1,2,4,5,6,10,11,12,13,18,21,24,26,28];7:[0,1,2,4,5,6,8,10,11,12,13,18,23,24,25,26,28];6:[4,5,6,13,18,21,26];0:[0,1,2,4,5,6,9,10,11,12,13,16,18,21,22,24,25,26,28];3:[2,4,5,6,13,18,21,26];2:[4,5,6,10,12,13,18,26];9:[0,2,4,5,6,9,10,12,13,18,21,24,26];4:[0,2,4,5,6,9,10,12,13,18,21,23,24,26]","c8:bw=109,experts=[4,5,6,10,12,13,18,21,24,26]; c1:bw=145,experts=[0,2,4,5,6,8,10,12,13,18,21,24,26,28]; c5:bw=158,experts=[0,1,2,4,5,6,10,11,12,13,18,21,24,26,28]; c7:bw=177,experts=[0,1,2,4,5,6,8,10,11,12,13,18,23,24,25,26,28]; c6:bw=70,experts=[4,5,6,13,18,21,26]; c0:bw=191,experts=[0,1,2,4,5,6,9,10,11,12,13,16,18,21,22,24,25,26,28]; c3:bw=84,experts=[2,4,5,6,13,18,21,26]; c2:bw=84,experts=[4,5,6,10,12,13,18,26]; c9:bw=139,experts=[0,2,4,5,6,9,10,12,13,18,21,24,26]; c4:bw=144,experts=[0,2,4,5,6,9,10,12,13,18,21,23,24,26]","5.8406,4.8362,6.8669,5.1215,7.3284,5.2797,5.5840,4.1301,3.8749,7.4857"
73,2026-09-23 18:30:11,Ours,0.01,1.4429763001576865,62.99,62.99,73,57.4436,0:57.44,56.0154,0.224,1.199,4477.7604,1:14:37.76,10,"2,8,3,1,5,9,0,7,6,4",2:173;8:39;3:145;1:242;5:62;9:190;0:103;7:135;6:73;4:150,"2:[0,2,4,5,6,8,9,10,12,13,18,20,21,23,24,26,28];8:[4,6,26];3:[0,2,4,5,6,9,10,12,13,18,21,24,25,26];1:[0,2,4,5,6,8,9,10,11,12,13,14,16,18,19,20,21,22,23,24,25,26,28,31];5:[4,5,6,13,18,26];9:[0,2,4,5,6,8,9,10,11,12,13,18,20,21,23,24,25,26,28];0:[0,4,5,6,9,13,18,21,24,26];7:[0,4,5,6,9,10,12,13,18,21,24,26,31];6:[4,5,6,9,13,18,26];4:[0,1,2,4,5,6,10,11,12,13,18,21,24,26,28]","c2:bw=173,experts=[0,2,4,5,6,8,9,10,12,13,18,20,21,23,24,26,28]; c8:bw=39,experts=[4,6,26]; c3:bw=145,experts=[0,2,4,5,6,9,10,12,13,18,21,24,25,26]; c1:bw=242,experts=[0,2,4,5,6,8,9,10,11,12,13,14,16,18,19,20,21,22,23,24,25,26,28,31]; c5:bw=62,experts=[4,5,6,13,18,26]; c9:bw=190,experts=[0,2,4,5,6,8,9,10,11,12,13,18,20,21,23,24,25,26,28]; c0:bw=103,experts=[0,4,5,6,9,13,18,21,24,26]; c7:bw=135,experts=[0,4,5,6,9,10,12,13,18,21,24,26,31]; c6:bw=73,experts=[4,5,6,9,13,18,26]; c4:bw=150,experts=[0,1,2,4,5,6,10,11,12,13,18,21,24,26,28]","4.1581,5.7525,5.5803,4.8191,6.7998,3.8532,5.2222,5.0859,7.2319,7.5124"
74,2026-09-23 18:31:09,Ours,0.01,1.441384302564964,63.32,63.32,74,57.5613,0:57.56,56.1425,0.2119,1.2052,4535.352,1:15:35.35,10,"3,0,1,5,7,8,6,2,4,9",3:26;0:146;1:101;5:184;7:238;8:104;6:30;2:21;4:172;9:117,"3:[4,26];0:[0,1,2,4,5,6,9,10,12,13,18,24,26,28];1:[4,5,6,9,10,13,18,21,24,26];5:[0,1,2,4,5,6,8,10,11,12,13,15,18,21,23,24,26,28];7:[0,1,2,4,5,6,8,9,10,11,12,13,14,16,18,19,20,21,23,24,25,26,28];8:[2,4,5,6,10,13,18,21,24,26];6:[4,6,26];2:[4,26];4:[0,1,2,4,5,6,9,10,11,12,13,18,23,24,26,28,30];9:[0,2,4,5,6,9,10,13,18,21,26]","c3:bw=26,experts=[4,26]; c0:bw=146,experts=[0,1,2,4,5,6,9,10,12,13,18,24,26,28]; c1:bw=101,experts=[4,5,6,9,10,13,18,21,24,26]; c5:bw=184,experts=[0,1,2,4,5,6,8,10,11,12,13,15,18,21,23,24,26,28]; c7:bw=238,experts=[0,1,2,4,5,6,8,9,10,11,12,13,14,16,18,19,20,21,23,24,25,26,28]; c8:bw=104,experts=[2,4,5,6,10,13,18,21,24,26]; c6:bw=30,experts=[4,6,26]; c2:bw=21,experts=[4,26]; c4:bw=172,experts=[0,1,2,4,5,6,9,10,11,12,13,18,23,24,26,28,30]; c9:bw=117,experts=[0,2,4,5,6,9,10,13,18,21,26]","5.5125,5.2500,4.8149,6.8282,5.1718,5.8425,7.2661,4.0766,7.5141,3.8657"
75,2026-09-23 18:32:07,Ours,0.01,1.432306184292804,63.18,63.32,74,58.143,0:58.14,56.6541,0.2167,1.2704,4593.5268,1:16:33.53,10,"2,9,1,3,7,6,5,4,0,8",2:145;9:223;1:198;3:72;7:104;6:204;5:114;4:207;0:222;8:195,"2:[0,2,4,5,6,9,10,12,13,18,20,21,24,26];9:[0,1,2,4,5,6,8,9,10,11,12,13,15,18,21,23,24,25,26,27,28,30];1:[0,1,2,4,5,6,8,9,10,11,12,13,18,21,23,24,25,26,28];3:[4,5,6,9,13,18,26];7:[0,2,4,5,6,9,13,18,24,26];6:[0,1,2,4,5,6,8,9,10,11,12,13,14,18,21,23,24,25,26,28];5:[4,5,6,9,10,12,13,18,21,24,26];4:[0,1,2,4,5,6,8,9,10,11,12,13,16,18,21,23,24,25,26,28];0:[0,1,2,4,5,6,8,9,10,11,12,13,14,17,18,21,23,24,25,26,27,28];8:[0,1,2,4,5,6,8,9,10,11,12,13,18,21,23,24,25,26,28]","c2:bw=145,experts=[0,2,4,5,6,9,10,12,13,18,20,21,24,26]; c9:bw=223,experts=[0,1,2,4,5,6,8,9,10,11,12,13,15,18,21,23,24,25,26,27,28,30]; c1:bw=198,experts=[0,1,2,4,5,6,8,9,10,11,12,13,18,21,23,24,25,26,28]; c3:bw=72,experts=[4,5,6,9,13,18,26]; c7:bw=104,experts=[0,2,4,5,6,9,13,18,24,26]; c6:bw=204,experts=[0,1,2,4,5,6,8,9,10,11,12,13,14,18,21,23,24,25,26,28]; c5:bw=114,experts=[4,5,6,9,10,12,13,18,21,24,26]; c4:bw=207,experts=[0,1,2,4,5,6,8,9,10,11,12,13,16,18,21,23,24,25,26,28]; c0:bw=222,experts=[0,1,2,4,5,6,8,9,10,11,12,13,14,17,18,21,23,24,25,26,27,28]; c8:bw=195,experts=[0,1,2,4,5,6,8,9,10,11,12,13,18,21,23,24,25,26,28]","4.1639,3.8840,4.9500,5.5865,5.1621,7.3606,6.8443,7.5338,5.2862,5.8826"
76,2026-09-23 18:33:05,Ours,0.01,1.429131405739032,62.97,63.32,74,57.7385,0:57.74,56.2869,0.2205,1.2228,4651.2958,1:17:31.30,10,"8,5,0,3,2,6,7,4,9,1",8:105;5:136;0:114;3:54;2:91;6:86;7:244;4:221;9:210;1:196,"8:[0,2,4,5,6,10,12,13,18,26];5:[0,4,5,6,9,10,12,13,18,20,21,24,26];0:[0,4,5,6,9,10,13,18,21,24,26];3:[4,5,13,21,26];2:[2,4,5,6,10,13,18,21,26];6:[4,5,9,13,18,21,24,26];7:[0,2,4,5,6,8,9,10,11,12,13,14,17,18,19,20,21,22,23,24,25,26,28,31];4:[0,2,4,5,6,8,9,10,11,12,13,14,18,20,21,22,23,24,25,26,28,31];9:[0,2,4,5,6,8,9,10,12,13,14,18,20,21,22,23,24,25,26,28,31];1:[0,1,2,4,5,6,8,9,10,11,12,13,18,21,23,24,25,26,28]","c8:bw=105,experts=[0,2,4,5,6,10,12,13,18,26]; c5:bw=136,experts=[0,4,5,6,9,10,12,13,18,20,21,24,26]; c0:bw=114,experts=[0,4,5,6,9,10,13,18,21,24,26]; c3:bw=54,experts=[4,5,13,21,26]; c2:bw=91,experts=[2,4,5,6,10,13,18,21,26]; c6:bw=86,experts=[4,5,9,13,18,21,24,26]; c7:bw=244,experts=[0,2,4,5,6,8,9,10,11,12,13,14,17,18,19,20,21,22,23,24,25,26,28,31]; c4:bw=221,experts=[0,2,4,5,6,8,9,10,11,12,13,14,18,20,21,22,23,24,25,26,28,31]; c9:bw=210,experts=[0,2,4,5,6,8,9,10,12,13,14,18,20,21,22,23,24,25,26,28,31]; c1:bw=196,experts=[0,1,2,4,5,6,8,9,10,11,12,13,18,21,23,24,25,26,28]","5.8413,6.8365,5.2159,5.5465,4.1399,7.3123,5.1777,7.4629,3.9157,4.8383"
77,2026-09-23 18:34:02,Ours,0.01,1.4261281939010695,63.46,63.46,77,57.5874,0:57.59,56.1556,0.2144,1.2105,4708.916,1:18:28.92,10,"9,2,1,8,4,7,6,0,3,5",9:106;2:126;1:229;8:10;4:16;7:31;6:209;0:232;3:148;5:217,"9:[0,2,4,5,6,10,13,18,25,26];2:[0,2,4,5,6,10,12,13,18,21,24,26];1:[0,2,4,5,6,8,9,10,11,12,13,14,18,20,21,22,23,24,25,26,28,31];8:[4];4:[4];7:[4,6,26];6:[0,2,4,5,6,8,9,10,12,13,14,18,20,21,22,23,24,25,26,28];0:[0,1,2,4,5,6,8,9,10,11,12,13,14,15,16,17,18,21,23,24,25,26,28];3:[0,2,4,5,6,9,10,12,13,18,21,24,26,28];5:[0,2,4,5,6,8,9,10,11,12,13,14,18,20,21,22,23,24,25,26,28]","c9:bw=106,experts=[0,2,4,5,6,10,13,18,25,26]; c2:bw=126,experts=[0,2,4,5,6,10,12,13,18,21,24,26]; c1:bw=229,experts=[0,2,4,5,6,8,9,10,11,12,13,14,18,20,21,22,23,24,25,26,28,31]; c8:bw=10,experts=[4]; c4:bw=16,experts=[4]; c7:bw=31,experts=[4,6,26]; c6:bw=209,experts=[0,2,4,5,6,8,9,10,12,13,14,18,20,21,22,23,24,25,26,28]; c0:bw=232,experts=[0,1,2,4,5,6,8,9,10,11,12,13,14,15,16,17,18,21,23,24,25,26,28]; c3:bw=148,experts=[0,2,4,5,6,9,10,12,13,18,21,24,26,28]; c5:bw=217,experts=[0,2,4,5,6,8,9,10,11,12,13,14,18,20,21,22,23,24,25,26,28]","3.8893,4.2010,4.8518,5.7759,7.3790,5.0851,7.3671,5.2166,5.5415,6.8482"
78,2026-09-23 18:35:00,Ours,0.01,1.4216718518458218,64.51,64.51,78,57.9189,0:57.92,56.4665,0.2271,1.2198,4766.8663,1:19:26.87,10,"0,4,3,7,8,1,9,6,5,2",0:97;4:84;3:138;7:133;8:197;1:149;9:113;6:211;5:231;2:126,"0:[0,2,4,5,6,13,18,24,26];4:[4,5,6,13,18,21,24,26];3:[0,2,4,5,6,9,10,12,13,18,21,24,26];7:[0,1,2,4,5,6,10,11,12,13,18,24,26];8:[0,2,4,5,6,8,9,10,11,12,13,18,20,21,23,24,25,26,28];1:[0,2,4,5,6,9,10,12,13,18,21,24,26,28];9:[0,2,4,5,6,9,13,18,21,24,26];6:[0,1,2,4,5,6,8,9,10,11,12,13,14,18,21,22,23,24,25,26,28];5:[0,1,2,4,5,6,8,9,10,11,12,13,14,18,20,21,22,23,24,25,26,28,31];2:[0,4,5,6,9,10,12,13,18,21,24,26]","c0:bw=97,experts=[0,2,4,5,6,13,18,24,26]; c4:bw=84,experts=[4,5,6,13,18,21,24,26]; c3:bw=138,experts=[0,2,4,5,6,9,10,12,13,18,21,24,26]; c7:bw=133,experts=[0,1,2,4,5,6,10,11,12,13,18,24,26]; c8:bw=197,experts=[0,2,4,5,6,8,9,10,11,12,13,18,20,21,23,24,25,26,28]; c1:bw=149,experts=[0,2,4,5,6,9,10,12,13,18,21,24,26,28]; c9:bw=113,experts=[0,2,4,5,6,9,13,18,21,24,26]; c6:bw=211,experts=[0,1,2,4,5,6,8,9,10,11,12,13,14,18,21,22,23,24,25,26,28]; c5:bw=231,experts=[0,1,2,4,5,6,8,9,10,11,12,13,14,18,20,21,22,23,24,25,26,28,31]; c2:bw=126,experts=[0,4,5,6,9,10,12,13,18,21,24,26]","5.3643,7.5049,5.5994,5.1482,5.8206,4.8162,3.8959,7.3463,6.8317,4.1391"
79,2026-09-23 18:35:58,Ours,0.01,1.4116358492249947,64.47,64.51,78,57.7164,0:57.72,56.2783,0.216,1.2204,4824.6153,1:20:24.62,10,"6,9,0,4,7,8,5,3,1,2",6:77;9:34;0:131;4:311;7:168;8:163;5:195;3:96;1:136;2:122,"6:[4,5,6,13,21,24,26];9:[4,6,26];0:[0,2,4,5,6,9,10,12,13,18,21,24,26];4:[0,1,2,3,4,5,6,8,9,10,11,12,13,14,15,16,17,18,19,20,21,22,23,24,25,26,27,28,29,30,31];7:[0,2,4,5,6,9,10,12,13,18,21,24,25,26,28,30];8:[0,2,4,5,6,8,9,10,12,13,18,21,23,24,26,28];5:[0,1,2,4,5,6,8,9,10,12,13,18,20,21,22,23,24,26,28];3:[2,4,5,6,10,13,18,24,26];1:[0,4,5,6,9,10,12,13,18,20,21,24,26];2:[0,1,2,4,5,6,10,12,13,18,24,26]","c6:bw=77,experts=[4,5,6,13,21,24,26]; c9:bw=34,experts=[4,6,26]; c0:bw=131,experts=[0,2,4,5,6,9,10,12,13,18,21,24,26]; c4:bw=311,experts=[0,1,2,3,4,5,6,8,9,10,11,12,13,14,15,16,17,18,19,20,21,22,23,24,25,26,27,28,29,30,31]; c7:bw=168,experts=[0,2,4,5,6,9,10,12,13,18,21,24,25,26,28,30]; c8:bw=163,experts=[0,2,4,5,6,8,9,10,12,13,18,21,23,24,26,28]; c5:bw=195,experts=[0,1,2,4,5,6,8,9,10,12,13,18,20,21,22,23,24,26,28]; c3:bw=96,experts=[2,4,5,6,10,13,18,24,26]; c1:bw=136,experts=[0,4,5,6,9,10,12,13,18,20,21,24,26]; c2:bw=122,experts=[0,1,2,4,5,6,10,12,13,18,24,26]","7.3052,3.8769,5.2926,7.5203,5.1148,5.8037,6.8444,5.5746,4.8083,4.1375"
80,2026-09-23 18:36:56,Ours,0.01,1.4111069749715515,63.65,64.51,78,57.9592,0:57.96,56.4955,0.224,1.2342,4882.6062,1:21:22.61,10,"5,9,7,1,3,4,2,0,6,8",5:240;9:193;7:174;1:112;3:115;4:210;2:160;0:174;6:144;8:187,"5:[0,1,2,4,5,6,8,9,10,11,12,13,15,16,17,18,20,21,23,24,25,26,28,30];9:[0,1,2,4,5,6,8,9,10,11,12,13,18,20,21,24,25,26,28];7:[0,2,4,5,6,8,9,10,12,13,18,20,21,24,25,26,28];1:[4,5,6,9,10,12,13,18,21,24,26];3:[0,1,2,4,5,6,12,13,18,24,26];4:[0,1,2,4,5,6,8,9,10,11,12,13,18,21,22,23,24,25,26,28,30];2:[0,2,4,5,6,8,9,10,12,13,18,21,24,25,26,28];0:[0,4,5,6,8,9,10,12,13,18,20,21,22,23,24,26,28];6:[0,1,2,4,5,6,9,10,12,13,18,21,24,26];8:[0,2,4,5,6,8,9,10,12,13,18,20,21,23,24,25,26,28]","c5:bw=240,experts=[0,1,2,4,5,6,8,9,10,11,12,13,15,16,17,18,20,21,23,24,25,26,28,30]; c9:bw=193,experts=[0,1,2,4,5,6,8,9,10,11,12,13,18,20,21,24,25,26,28]; c7:bw=174,experts=[0,2,4,5,6,8,9,10,12,13,18,20,21,24,25,26,28]; c1:bw=112,experts=[4,5,6,9,10,12,13,18,21,24,26]; c3:bw=115,experts=[0,1,2,4,5,6,12,13,18,24,26]; c4:bw=210,experts=[0,1,2,4,5,6,8,9,10,11,12,13,18,21,22,23,24,25,26,28,30]; c2:bw=160,experts=[0,2,4,5,6,8,9,10,12,13,18,21,24,25,26,28]; c0:bw=174,experts=[0,4,5,6,8,9,10,12,13,18,20,21,22,23,24,26,28]; c6:bw=144,experts=[0,1,2,4,5,6,9,10,12,13,18,21,24,26]; c8:bw=187,experts=[0,2,4,5,6,8,9,10,12,13,18,20,21,23,24,25,26,28]","6.8978,3.9168,5.2522,4.8249,5.5425,7.4456,4.1350,5.2695,7.3695,5.8416"
81,2026-09-23 18:37:54,Ours,0.01,1.4056853967512166,64.48,64.51,78,58.1783,0:58.18,56.719,0.2114,1.2411,4940.8188,1:22:20.82,10,"6,2,3,1,4,5,9,7,8,0",6:188;2:165;3:245;1:181;4:154;5:111;9:97;7:212;8:175;0:184,"6:[0,1,2,4,5,6,9,10,11,12,13,18,21,23,24,25,26,28];2:[0,1,2,4,5,6,9,10,11,12,13,18,21,24,25,26];3:[0,1,2,4,5,6,8,9,10,11,12,13,14,18,19,20,21,22,23,24,25,26,28,31];1:[0,2,4,5,6,9,10,11,12,13,18,20,21,22,23,24,26,28];4:[0,1,2,4,5,6,10,11,12,13,18,21,24,26,28];5:[4,5,6,9,10,12,13,18,21,24,26];9:[0,2,4,5,6,9,13,18,26];7:[0,2,4,5,6,8,9,10,11,12,13,14,18,20,21,22,23,24,25,26,28];8:[0,2,4,5,6,9,10,12,13,18,20,21,23,24,25,26,28];0:[0,1,2,4,5,6,8,9,10,11,12,13,18,21,23,24,25,26]","c6:bw=188,experts=[0,1,2,4,5,6,9,10,11,12,13,18,21,23,24,25,26,28]; c2:bw=165,experts=[0,1,2,4,5,6,9,10,11,12,13,18,21,24,25,26]; c3:bw=245,experts=[0,1,2,4,5,6,8,9,10,11,12,13,14,18,19,20,21,22,23,24,25,26,28,31]; c1:bw=181,experts=[0,2,4,5,6,9,10,11,12,13,18,20,21,22,23,24,26,28]; c4:bw=154,experts=[0,1,2,4,5,6,10,11,12,13,18,21,24,26,28]; c5:bw=111,experts=[4,5,6,9,10,12,13,18,21,24,26]; c9:bw=97,experts=[0,2,4,5,6,9,13,18,26]; c7:bw=212,experts=[0,2,4,5,6,8,9,10,11,12,13,14,18,20,21,22,23,24,25,26,28]; c8:bw=175,experts=[0,2,4,5,6,9,10,12,13,18,20,21,23,24,25,26,28]; c0:bw=184,experts=[0,1,2,4,5,6,8,9,10,11,12,13,18,21,23,24,25,26]","7.4103,4.1821,5.6784,4.8588,7.5475,6.8170,3.8454,5.1666,5.8969,5.3161"
82,2026-09-23 18:38:52,Ours,0.01,1.3984109597816083,64.2,64.51,78,58.0618,0:58.06,56.6106,0.2279,1.2215,4998.913,1:23:18.91,10,"1,0,6,8,7,3,2,9,5,4",1:235;0:110;6:134;8:212;7:146;3:144;2:109;9:204;5:147;4:108,"1:[0,2,4,5,6,8,9,10,11,12,13,14,18,20,21,22,23,24,25,26,27,28,31];0:[0,1,2,4,5,6,10,13,18,24,26];6:[1,2,3,4,5,6,10,11,13,16,18,24,26];8:[0,1,2,4,5,6,8,9,10,11,12,13,15,18,21,24,25,26,27,28,30];7:[0,4,5,6,9,10,12,13,18,20,21,23,24,26];3:[0,2,4,5,6,10,11,12,13,18,21,24,26,28];2:[4,5,6,9,13,18,19,22,24,26];9:[0,1,2,4,5,6,8,9,10,11,12,13,18,21,24,25,26,27,30,31];5:[0,4,5,6,9,10,12,13,18,20,21,23,24,26];4:[0,2,4,5,6,12,13,18,24,26]","c1:bw=235,experts=[0,2,4,5,6,8,9,10,11,12,13,14,18,20,21,22,23,24,25,26,27,28,31]; c0:bw=110,experts=[0,1,2,4,5,6,10,13,18,24,26]; c6:bw=134,experts=[1,2,3,4,5,6,10,11,13,16,18,24,26]; c8:bw=212,experts=[0,1,2,4,5,6,8,9,10,11,12,13,15,18,21,24,25,26,27,28,30]; c7:bw=146,experts=[0,4,5,6,9,10,12,13,18,20,21,23,24,26]; c3:bw=144,experts=[0,2,4,5,6,10,11,12,13,18,21,24,26,28]; c2:bw=109,experts=[4,5,6,9,13,18,19,22,24,26]; c9:bw=204,experts=[0,1,2,4,5,6,8,9,10,11,12,13,18,21,24,25,26,27,30,31]; c5:bw=147,experts=[0,4,5,6,9,10,12,13,18,20,21,23,24,26]; c4:bw=108,experts=[0,2,4,5,6,12,13,18,24,26]","4.8581,5.2915,7.4110,5.8897,5.1471,5.6177,4.1413,3.8594,6.8471,7.5477"
83,2026-09-23 18:39:55,Ours,0.01,1.3960625947971619,64.73,64.73,83,62.4133,1:02.41,60.9623,0.2176,1.2318,5061.3611,1:24:21.36,10,"9,4,2,7,5,0,6,1,8,3",9:189;4:37;2:150;7:137;5:10;0:10;6:193;1:232;8:144;3:155,"9:[0,1,2,4,5,6,8,9,10,12,13,18,21,24,25,26,28,30];4:[4,6,26];2:[0,2,4,5,6,9,10,12,13,18,20,21,24,25,26];7:[0,2,4,5,6,9,10,12,13,18,21,24,26];5:[4];0:[4];6:[0,1,2,4,5,6,9,10,11,12,13,16,18,21,23,24,25,26,28];1:[0,1,2,4,5,6,8,9,10,11,12,13,14,15,16,18,20,21,23,24,25,26,28];8:[0,2,4,5,6,9,10,11,12,13,18,21,24,26];3:[0,2,4,5,6,9,10,12,13,18,20,21,23,24,26]","c9:bw=189,experts=[0,1,2,4,5,6,8,9,10,12,13,18,21,24,25,26,28,30]; c4:bw=37,experts=[4,6,26]; c2:bw=150,experts=[0,2,4,5,6,9,10,12,13,18,20,21,24,25,26]; c7:bw=137,experts=[0,2,4,5,6,9,10,12,13,18,21,24,26]; c5:bw=10,experts=[4]; c0:bw=10,experts=[4]; c6:bw=193,experts=[0,1,2,4,5,6,9,10,11,12,13,16,18,21,23,24,25,26,28]; c1:bw=232,experts=[0,1,2,4,5,6,8,9,10,11,12,13,14,15,16,18,20,21,23,24,25,26,28]; c8:bw=144,experts=[0,2,4,5,6,9,10,11,12,13,18,21,24,26]; c3:bw=155,experts=[0,2,4,5,6,9,10,12,13,18,20,21,23,24,26]","4.5164,8.8710,5.0976,6.2714,7.3236,5.2046,7.3147,4.8193,5.9764,5.5671"
84,2026-09-23 18:40:53,Ours,0.01,1.391711448877861,64.4,64.73,83,57.8757,0:57.88,56.4349,0.2098,1.2292,5119.2716,1:25:19.27,10,"8,3,1,6,9,2,7,5,4,0",8:245;3:118;1:213;6:13;9:75;2:134;7:172;5:73;4:100;0:37,"8:[0,1,2,4,5,6,8,9,10,11,12,13,14,15,16,18,21,23,24,25,26,27,28,30];3:[2,4,5,6,10,12,13,18,21,24,26];1:[0,1,2,4,5,6,8,9,10,11,12,13,16,18,21,23,24,25,26,28,30];6:[30];9:[4,5,6,13,18,21,26];2:[0,2,4,5,6,9,10,12,13,18,21,24,26];7:[0,2,4,5,6,8,9,10,12,13,18,20,21,23,24,25,26];5:[2,4,5,6,12,13,26];4:[2,4,5,6,10,13,18,21,24,26];0:[4,13,26]","c8:bw=245,experts=[0,1,2,4,5,6,8,9,10,11,12,13,14,15,16,18,21,23,24,25,26,27,28,30]; c3:bw=118,experts=[2,4,5,6,10,12,13,18,21,24,26]; c1:bw=213,experts=[0,1,2,4,5,6,8,9,10,11,12,13,16,18,21,23,24,25,26,28,30]; c6:bw=13,experts=[30]; c9:bw=75,experts=[4,5,6,13,18,21,26]; c2:bw=134,experts=[0,2,4,5,6,9,10,12,13,18,21,24,26]; c7:bw=172,experts=[0,2,4,5,6,8,9,10,12,13,18,20,21,23,24,25,26]; c5:bw=73,experts=[2,4,5,6,12,13,26]; c4:bw=100,experts=[2,4,5,6,10,13,18,21,24,26]; c0:bw=37,experts=[4,13,26]","5.8960,5.6834,4.8683,7.3406,3.8532,4.1249,5.1569,6.7830,7.5150,5.2137"
85,2026-09-23 18:41:51,Ours,0.01,1.3972129526333636,64.17,64.73,83,58.4946,0:58.49,57.0535,0.2231,1.2162,5177.7994,1:26:17.80,10,"0,2,8,6,1,4,9,3,5,7",0:140;2:166;8:257;6:154;1:208;4:154;9:211;3:188;5:45;7:42,"0:[0,1,2,4,5,6,9,10,12,13,18,24,25,26];2:[0,1,2,4,5,6,9,10,12,13,18,21,24,25,26,28];8:[0,1,2,4,5,6,8,9,10,11,12,13,14,15,16,17,18,21,23,24,25,26,27,28,30];6:[0,1,2,4,5,6,9,10,12,13,18,21,24,26,28];1:[0,1,2,4,5,6,8,9,10,11,12,13,15,16,18,21,24,25,26,28];4:[0,2,4,5,6,9,10,12,13,18,20,21,23,24,26];9:[0,1,2,4,5,6,8,9,10,11,12,13,18,19,20,21,24,25,26,28,30];3:[0,2,4,5,6,9,10,12,13,14,18,20,21,22,23,24,25,26];5:[4,5,21,26];7:[4,5,13,26]","c0:bw=140,experts=[0,1,2,4,5,6,9,10,12,13,18,24,25,26]; c2:bw=166,experts=[0,1,2,4,5,6,9,10,12,13,18,21,24,25,26,28]; c8:bw=257,experts=[0,1,2,4,5,6,8,9,10,11,12,13,14,15,16,17,18,21,23,24,25,26,27,28,30]; c6:bw=154,experts=[0,1,2,4,5,6,9,10,12,13,18,21,24,26,28]; c1:bw=208,experts=[0,1,2,4,5,6,8,9,10,11,12,13,15,16,18,21,24,25,26,28]; c4:bw=154,experts=[0,2,4,5,6,9,10,12,13,18,20,21,23,24,26]; c9:bw=211,experts=[0,1,2,4,5,6,8,9,10,11,12,13,18,19,20,21,24,25,26,28,30]; c3:bw=188,experts=[0,2,4,5,6,9,10,12,13,14,18,20,21,22,23,24,25,26]; c5:bw=45,experts=[4,5,21,26]; c7:bw=42,experts=[4,5,13,26]","5.3122,4.1978,5.9202,7.4221,4.8869,7.6263,3.9360,5.6811,6.8752,5.1955"
86,2026-09-23 18:42:49,Ours,0.01,1.3809767119012002,64.21,64.73,83,58.149,0:58.15,56.7104,0.2184,1.2131,5235.9838,1:27:15.98,10,"5,8,2,6,0,4,7,3,1,9",5:174;8:102;2:88;6:202;0:109;4:67;7:161;3:101;1:264;9:157,"5:[0,2,4,5,6,9,10,12,13,18,20,21,22,23,24,26,28];8:[1,2,4,5,6,10,13,18,24,26];2:[4,5,6,13,18,21,24,26];6:[0,1,2,4,5,6,8,9,10,11,12,13,17,18,21,23,24,25,26,28];0:[0,1,2,4,5,6,13,18,24,26];4:[2,4,5,6,13,26];7:[0,1,2,4,5,6,8,10,12,13,18,23,24,25,26,28];3:[0,1,2,4,5,6,13,18,24,26];1:[0,1,2,4,5,6,8,9,10,11,12,13,14,17,18,19,20,21,22,23,24,25,26,27,28,31];9:[0,2,4,5,6,9,10,12,13,18,20,21,24,25,26]","c5:bw=174,experts=[0,2,4,5,6,9,10,12,13,18,20,21,22,23,24,26,28]; c8:bw=102,experts=[1,2,4,5,6,10,13,18,24,26]; c2:bw=88,experts=[4,5,6,13,18,21,24,26]; c6:bw=202,experts=[0,1,2,4,5,6,8,9,10,11,12,13,17,18,21,23,24,25,26,28]; c0:bw=109,experts=[0,1,2,4,5,6,13,18,24,26]; c4:bw=67,experts=[2,4,5,6,13,26]; c7:bw=161,experts=[0,1,2,4,5,6,8,10,12,13,18,23,24,25,26,28]; c3:bw=101,experts=[0,1,2,4,5,6,13,18,24,26]; c1:bw=264,experts=[0,1,2,4,5,6,8,9,10,11,12,13,14,17,18,19,20,21,22,23,24,25,26,27,28,31]; c9:bw=157,experts=[0,2,4,5,6,9,10,12,13,18,20,21,24,25,26]","6.9119,5.8598,4.1525,7.4245,5.3143,7.5038,5.1681,5.6076,4.8738,3.8941"
87,2026-09-23 18:43:48,Ours,0.01,1.3783326182220903,64.37,64.73,83,58.4447,0:58.44,56.9814,0.2153,1.2462,5294.4624,1:28:14.46,10,"1,2,7,5,6,3,4,9,8,0",1:106;2:246;7:81;5:10;6:220;3:249;4:124;9:137;8:170;0:128,"1:[0,2,4,5,6,10,13,18,24,26];2:[0,1,2,4,5,6,8,9,10,11,12,13,14,18,19,20,21,22,23,24,25,26,28,31];7:[4,5,6,13,18,21,24,26];5:[4];6:[0,1,2,4,5,6,8,9,10,11,12,13,16,17,18,21,23,24,25,26,27,28];3:[0,2,4,5,6,8,9,10,11,12,13,14,18,19,20,21,22,23,24,25,26,27,28,31];4:[0,4,5,6,9,10,12,13,18,21,24,26];9:[0,1,2,4,5,6,10,12,13,17,18,26,30];8:[0,1,2,4,5,6,8,9,10,11,12,13,18,21,24,25,26];0:[0,4,5,6,9,10,12,13,18,21,24,26]","c1:bw=106,experts=[0,2,4,5,6,10,13,18,24,26]; c2:bw=246,experts=[0,1,2,4,5,6,8,9,10,11,12,13,14,18,19,20,21,22,23,24,25,26,28,31]; c7:bw=81,experts=[4,5,6,13,18,21,24,26]; c5:bw=10,experts=[4]; c6:bw=220,experts=[0,1,2,4,5,6,8,9,10,11,12,13,16,17,18,21,23,24,25,26,27,28]; c3:bw=249,experts=[0,2,4,5,6,8,9,10,11,12,13,14,18,19,20,21,22,23,24,25,26,27,28,31]; c4:bw=124,experts=[0,4,5,6,9,10,12,13,18,21,24,26]; c9:bw=137,experts=[0,1,2,4,5,6,10,12,13,17,18,26,30]; c8:bw=170,experts=[0,1,2,4,5,6,8,9,10,11,12,13,18,21,24,25,26]; c0:bw=128,experts=[0,4,5,6,9,10,12,13,18,21,24,26]","4.8946,4.2446,5.1832,6.8671,7.5101,5.6509,7.5170,3.9118,5.8931,5.3092"
88,2026-09-23 18:44:46,Ours,0.01,1.3748448482662223,64.95,64.95,88,58.2494,0:58.25,56.8069,0.2198,1.2177,5352.7472,1:29:12.75,10,"8,6,3,7,0,4,9,1,5,2",8:157;6:98;3:120;7:151;0:227;4:138;9:113;1:103;5:111;2:167,"8:[0,2,4,5,6,9,10,12,13,18,21,23,24,26,28];6:[4,5,6,9,13,18,21,24,26];3:[1,2,4,5,6,10,12,13,18,21,24,26];7:[0,1,2,4,5,6,9,10,12,13,18,21,23,24,26];0:[0,1,2,4,5,6,8,9,10,11,12,13,14,18,20,21,22,23,24,25,26,28];4:[0,1,2,4,5,6,11,12,13,15,18,24,26];9:[0,4,5,6,9,12,13,18,21,24,26];1:[1,2,4,5,6,9,13,18,24,26];5:[0,4,5,6,9,10,13,18,21,24,26];2:[0,4,5,6,9,10,12,13,18,20,21,22,23,24,26,28]","c8:bw=157,experts=[0,2,4,5,6,9,10,12,13,18,21,23,24,26,28]; c6:bw=98,experts=[4,5,6,9,13,18,21,24,26]; c3:bw=120,experts=[1,2,4,5,6,10,12,13,18,21,24,26]; c7:bw=151,experts=[0,1,2,4,5,6,9,10,12,13,18,21,23,24,26]; c0:bw=227,experts=[0,1,2,4,5,6,8,9,10,11,12,13,14,18,20,21,22,23,24,25,26,28]; c4:bw=138,experts=[0,1,2,4,5,6,11,12,13,15,18,24,26]; c9:bw=113,experts=[0,4,5,6,9,12,13,18,21,24,26]; c1:bw=103,experts=[1,2,4,5,6,9,13,18,24,26]; c5:bw=111,experts=[0,4,5,6,9,10,13,18,21,24,26]; c2:bw=167,experts=[0,4,5,6,9,10,12,13,18,20,21,22,23,24,26,28]","5.9058,7.4033,5.6278,5.1896,5.3432,7.5476,3.8986,4.8296,6.8941,4.1672"
89,2026-09-23 18:45:44,Ours,0.01,1.3691730253485421,64.41,64.95,88,58.3854,0:58.39,56.9207,0.218,1.2394,5411.1665,1:30:11.17,10,"3,8,2,9,7,5,0,6,4,1",3:112;8:270;2:162;9:222;7:79;5:168;0:47;6:116;4:112;1:150,"3:[0,2,4,5,6,10,12,13,18,24,26];8:[0,1,2,4,5,6,8,9,10,11,12,13,14,15,16,17,18,20,21,23,24,25,26,27,28,30,31];2:[0,1,2,4,5,6,10,11,12,13,15,18,21,24,26,28];9:[0,2,4,5,6,8,9,10,11,12,13,14,18,20,21,22,23,24,25,26,28,31];7:[2,3,4,6,13,15,26];5:[0,2,4,5,6,8,9,10,11,12,13,18,21,24,26,28];0:[4,19,26,31];6:[0,1,2,4,5,6,13,18,21,24,26];4:[0,1,2,4,5,6,10,13,18,24,26];1:[0,1,2,4,5,6,9,10,11,12,13,18,21,24,26]","c3:bw=112,experts=[0,2,4,5,6,10,12,13,18,24,26]; c8:bw=270,experts=[0,1,2,4,5,6,8,9,10,11,12,13,14,15,16,17,18,20,21,23,24,25,26,27,28,30,31]; c2:bw=162,experts=[0,1,2,4,5,6,10,11,12,13,15,18,21,24,26,28]; c9:bw=222,experts=[0,2,4,5,6,8,9,10,11,12,13,14,18,20,21,22,23,24,25,26,28,31]; c7:bw=79,experts=[2,3,4,6,13,15,26]; c5:bw=168,experts=[0,2,4,5,6,8,9,10,11,12,13,18,21,24,26,28]; c0:bw=47,experts=[4,19,26,31]; c6:bw=116,experts=[0,1,2,4,5,6,13,18,21,24,26]; c4:bw=112,experts=[0,1,2,4,5,6,10,13,18,24,26]; c1:bw=150,experts=[0,1,2,4,5,6,9,10,11,12,13,18,21,24,26]","5.6789,5.8836,4.1817,3.9679,5.1787,6.8738,5.2476,7.4015,7.5940,4.9128"
90,2026-09-23 18:46:43,Ours,0.01,1.3634830493448762,64.59,64.95,88,58.4681,0:58.47,57.0254,0.2218,1.2191,5469.6741,1:31:09.67,10,"7,1,3,9,0,6,2,5,8,4",7:262;1:113;3:132;9:232;0:234;6:95;2:77;5:99;8:185;4:130,"7:[0,1,2,3,4,5,6,8,9,10,11,12,13,14,15,16,18,20,21,23,24,25,26,27,28,30];1:[0,1,2,4,5,6,12,13,18,24,26];3:[0,4,5,6,9,10,12,13,18,20,21,24,26];9:[0,1,2,4,5,6,8,9,10,11,12,13,15,16,17,18,21,24,25,26,28,30,31];0:[0,1,2,4,5,6,8,9,10,11,12,13,14,16,18,20,21,23,24,25,26,28,30];6:[4,5,9,12,13,18,21,24,26];2:[2,4,5,6,13,18,26];5:[4,5,6,12,13,18,21,24,26];8:[0,4,5,6,9,10,11,12,13,18,20,21,22,23,24,25,26,28];4:[0,2,4,5,6,9,10,12,13,18,21,24,26]","c7:bw=262,experts=[0,1,2,3,4,5,6,8,9,10,11,12,13,14,15,16,18,20,21,23,24,25,26,27,28,30]; c1:bw=113,experts=[0,1,2,4,5,6,12,13,18,24,26]; c3:bw=132,experts=[0,4,5,6,9,10,12,13,18,20,21,24,26]; c9:bw=232,experts=[0,1,2,4,5,6,8,9,10,11,12,13,15,16,17,18,21,24,25,26,28,30,31]; c0:bw=234,experts=[0,1,2,4,5,6,8,9,10,11,12,13,14,16,18,20,21,23,24,25,26,28,30]; c6:bw=95,experts=[4,5,9,12,13,18,21,24,26]; c2:bw=77,experts=[2,4,5,6,13,18,26]; c5:bw=99,experts=[4,5,6,12,13,18,21,24,26]; c8:bw=185,experts=[0,4,5,6,9,10,11,12,13,18,20,21,22,23,24,25,26,28]; c4:bw=130,experts=[0,2,4,5,6,9,10,12,13,18,21,24,26]","5.2492,4.9062,5.6490,3.9376,5.3661,7.4174,4.1623,6.8720,5.8889,7.5765"
91,2026-09-23 18:47:41,Ours,0.01,1.3610952413406936,64.82,64.95,88,58.2396,0:58.24,56.8067,0.2229,1.2048,5527.9485,1:32:07.95,10,"1,9,5,7,3,4,0,6,2,8",1:182;9:129;5:190;7:188;3:146;4:198;0:82;6:107;2:42;8:83,"1:[0,1,2,4,5,6,8,9,10,11,12,13,18,21,24,25,26,28];9:[0,1,2,4,5,6,9,12,13,18,24,26];5:[0,1,2,4,5,6,8,9,10,11,12,13,18,21,23,24,25,26,28];7:[0,2,4,5,6,8,9,10,12,13,18,20,21,22,23,24,25,26];3:[0,1,2,4,5,6,10,12,13,18,21,24,26,28];4:[0,1,2,4,5,6,8,10,11,12,13,16,18,21,23,24,26,28,30];0:[4,5,6,13,18,21,24,26];6:[4,5,6,9,12,13,18,21,24,26];2:[4,6,13,26];8:[0,1,2,4,5,6,13,26]","c1:bw=182,experts=[0,1,2,4,5,6,8,9,10,11,12,13,18,21,24,25,26,28]; c9:bw=129,experts=[0,1,2,4,5,6,9,12,13,18,24,26]; c5:bw=190,experts=[0,1,2,4,5,6,8,9,10,11,12,13,18,21,23,24,25,26,28]; c7:bw=188,experts=[0,2,4,5,6,8,9,10,12,13,18,20,21,22,23,24,25,26]; c3:bw=146,experts=[0,1,2,4,5,6,10,12,13,18,21,24,26,28]; c4:bw=198,experts=[0,1,2,4,5,6,8,10,11,12,13,16,18,21,23,24,26,28,30]; c0:bw=82,experts=[4,5,6,13,18,21,24,26]; c6:bw=107,experts=[4,5,6,9,12,13,18,21,24,26]; c2:bw=42,experts=[4,6,13,26]; c8:bw=83,experts=[0,1,2,4,5,6,13,26]","4.9306,3.9215,6.9140,5.1769,5.6208,7.5759,5.2870,7.3693,4.1670,5.8438"
92,2026-09-23 18:48:40,Ours,0.01,1.3568672893986247,65.46,65.46,92,58.444,0:58.44,56.9425,0.261,1.2388,5586.429,1:33:06.43,10,"3,7,1,0,8,6,9,2,5,4",3:104;7:125;1:73;0:108;8:70;6:166;9:204;2:92;5:242;4:97,"3:[0,1,2,4,5,6,13,18,24,26];7:[0,1,2,4,5,6,9,12,13,18,24,26];1:[4,5,6,13,18,24,26];0:[0,4,5,6,12,13,18,21,24,26];8:[4,5,6,13,18,21,26];6:[0,4,5,6,9,10,12,13,18,20,21,22,23,24,26,28];9:[0,1,2,4,5,6,8,9,10,11,12,13,18,21,23,24,25,26,28,30];2:[0,2,4,6,12,13,18,24,26];5:[0,1,2,4,5,6,8,9,10,11,12,13,15,16,18,21,23,24,25,26,27,28,29,30];4:[0,1,2,4,5,6,13,24,26]","c3:bw=104,experts=[0,1,2,4,5,6,13,18,24,26]; c7:bw=125,experts=[0,1,2,4,5,6,9,12,13,18,24,26]; c1:bw=73,experts=[4,5,6,13,18,24,26]; c0:bw=108,experts=[0,4,5,6,12,13,18,21,24,26]; c8:bw=70,experts=[4,5,6,13,18,21,26]; c6:bw=166,experts=[0,4,5,6,9,10,12,13,18,20,21,22,23,24,26,28]; c9:bw=204,experts=[0,1,2,4,5,6,8,9,10,11,12,13,18,21,23,24,25,26,28,30]; c2:bw=92,experts=[0,2,4,6,12,13,18,24,26]; c5:bw=242,experts=[0,1,2,4,5,6,8,9,10,11,12,13,15,16,18,21,23,24,25,26,27,28,29,30]; c4:bw=97,experts=[0,1,2,4,5,6,13,24,26]","5.5863,5.2213,4.8615,5.3141,5.8766,7.4153,3.9570,4.1841,6.9361,7.5901"
93,2026-09-23 18:49:38,Ours,0.01,1.356104152967643,65.24,65.46,92,58.3601,0:58.36,56.9149,0.2197,1.2239,5644.8239,1:34:04.82,10,"1,3,7,9,6,8,5,4,0,2",1:173;3:114;7:82;9:212;6:82;8:17;5:29;4:116;0:69;2:187,"1:[0,2,4,5,6,9,10,11,12,13,18,20,21,23,24,26,28];3:[0,4,5,6,9,12,13,18,21,24,26];7:[4,5,6,9,13,18,24,26];9:[0,1,2,4,5,6,8,9,10,11,12,13,15,18,21,24,25,26,27,28,30];6:[0,2,4,5,6,13,24,26];8:[4];5:[4,6];4:[0,1,2,4,5,6,12,13,18,24,26];0:[4,5,13,18,21,26];2:[0,1,2,4,5,6,9,10,11,12,13,18,21,24,25,26,27,28]","c1:bw=173,experts=[0,2,4,5,6,9,10,11,12,13,18,20,21,23,24,26,28]; c3:bw=114,experts=[0,4,5,6,9,12,13,18,21,24,26]; c7:bw=82,experts=[4,5,6,9,13,18,24,26]; c9:bw=212,experts=[0,1,2,4,5,6,8,9,10,11,12,13,15,18,21,24,25,26,27,28,30]; c6:bw=82,experts=[0,2,4,5,6,13,24,26]; c8:bw=17,experts=[4]; c5:bw=29,experts=[4,6]; c4:bw=116,experts=[0,1,2,4,5,6,12,13,18,24,26]; c0:bw=69,experts=[4,5,13,18,21,26]; c2:bw=187,experts=[0,1,2,4,5,6,9,10,11,12,13,18,21,24,25,26,27,28]","4.9259,5.6505,5.2231,3.9586,7.4976,5.7786,6.8122,7.5957,5.2904,4.1822"
94,2026-09-23 18:50:37,Ours,0.01,1.3464598308017872,65.42,65.46,92,58.7273,0:58.73,57.2619,0.2175,1.2402,5703.5901,1:35:03.59,10,"7,2,5,4,6,9,1,8,0,3",7:163;2:237;5:149;4:115;6:111;9:184;1:258;8:28;0:203;3:124,"7:[0,1,2,4,5,6,8,10,11,12,13,18,23,24,26,28];2:[0,1,2,4,5,6,8,9,10,11,12,13,15,16,17,18,21,23,24,25,26,28,30];5:[0,4,5,6,9,10,12,13,18,19,21,23,24,26];4:[0,4,5,6,9,12,13,18,21,24,26];6:[2,4,5,6,9,12,13,18,19,24,26];9:[0,2,4,5,6,8,9,10,12,13,18,20,21,22,23,24,25,26];1:[0,1,2,3,4,5,6,8,9,10,11,12,13,15,16,17,18,21,23,24,25,26,27,28,30];8:[4,6];0:[0,1,2,4,5,6,9,10,11,12,13,16,18,20,21,23,24,25,26,28];3:[0,2,4,5,6,10,12,13,18,21,24,26]","c7:bw=163,experts=[0,1,2,4,5,6,8,10,11,12,13,18,23,24,26,28]; c2:bw=237,experts=[0,1,2,4,5,6,8,9,10,11,12,13,15,16,17,18,21,23,24,25,26,28,30]; c5:bw=149,experts=[0,4,5,6,9,10,12,13,18,19,21,23,24,26]; c4:bw=115,experts=[0,4,5,6,9,12,13,18,21,24,26]; c6:bw=111,experts=[2,4,5,6,9,12,13,18,19,24,26]; c9:bw=184,experts=[0,2,4,5,6,8,9,10,12,13,18,20,21,22,23,24,25,26]; c1:bw=258,experts=[0,1,2,3,4,5,6,8,9,10,11,12,13,15,16,17,18,21,23,24,25,26,27,28,30]; c8:bw=28,experts=[4,6]; c0:bw=203,experts=[0,1,2,4,5,6,9,10,11,12,13,16,18,20,21,23,24,25,26,28]; c3:bw=124,experts=[0,2,4,5,6,10,12,13,18,21,24,26]","5.2860,4.2305,6.9338,7.5862,7.4855,3.9154,4.9414,5.8428,5.3795,5.6608"
95,2026-09-23 18:51:36,Ours,0.01,1.3474692257840375,66.21,66.21,95,58.695,0:58.69,57.2312,0.2202,1.2418,5762.3221,1:36:02.32,10,"7,9,4,6,0,3,1,8,2,5",7:217;9:155;4:56;6:147;0:128;3:149;1:114;8:277;2:84;5:31,"7:[0,1,2,3,4,5,6,8,9,10,11,12,13,15,18,21,23,24,25,26,28];9:[0,1,2,4,5,6,9,10,12,13,18,21,24,25,26];4:[2,4,6,13,26];6:[0,1,2,4,5,6,10,11,12,13,18,21,24,26];0:[0,1,2,4,5,6,11,12,13,18,24,26];3:[0,2,4,5,6,9,10,12,13,18,20,21,24,26];1:[0,1,2,4,5,6,12,13,18,24,26];8:[0,1,2,4,5,6,8,9,10,11,12,13,14,16,18,19,20,21,22,23,24,25,26,27,28,30,31];2:[1,2,4,5,6,12,13,26];5:[4,6,26]","c7:bw=217,experts=[0,1,2,3,4,5,6,8,9,10,11,12,13,15,18,21,23,24,25,26,28]; c9:bw=155,experts=[0,1,2,4,5,6,9,10,12,13,18,21,24,25,26]; c4:bw=56,experts=[2,4,6,13,26]; c6:bw=147,experts=[0,1,2,4,5,6,10,11,12,13,18,21,24,26]; c0:bw=128,experts=[0,1,2,4,5,6,11,12,13,18,24,26]; c3:bw=149,experts=[0,2,4,5,6,9,10,12,13,18,20,21,24,26]; c1:bw=114,experts=[0,1,2,4,5,6,12,13,18,24,26]; c8:bw=277,experts=[0,1,2,4,5,6,8,9,10,11,12,13,14,16,18,19,20,21,22,23,24,25,26,27,28,30,31]; c2:bw=84,experts=[1,2,4,5,6,12,13,26]; c5:bw=31,experts=[4,6,26]","5.3021,3.9457,7.6390,7.4968,5.3262,5.6740,4.8825,5.9237,4.1915,6.8497"
96,2026-09-23 18:52:34,Ours,0.01,1.3475402239007432,65.4,66.21,95,58.5025,0:58.50,57.0369,0.2243,1.2346,5820.8631,1:37:00.86,10,"2,9,3,1,5,4,6,7,0,8",2:238;9:162;3:167;1:132;5:219;4:179;6:115;7:185;0:132;8:236,"2:[0,1,2,3,4,5,6,7,8,9,10,11,12,13,15,18,21,23,24,25,26,28,29];9:[0,2,3,4,5,6,7,9,10,12,13,18,21,24,26,29];3:[0,1,2,4,5,6,10,11,12,13,18,21,24,25,26,28];1:[0,2,4,5,6,7,9,13,18,21,24,26,29];5:[0,1,2,4,5,6,7,9,10,11,12,13,14,16,18,21,23,24,25,26,28];4:[0,1,2,4,5,6,7,9,10,11,12,13,18,21,24,26,28];6:[1,2,4,6,7,12,13,24,26,29,31];7:[0,1,2,4,5,6,7,8,10,11,12,13,15,18,24,26,28,29];0:[0,3,4,5,6,7,12,13,18,21,24,26,29];8:[0,1,2,3,4,5,6,7,8,9,10,11,12,13,16,18,21,23,24,25,26,28,29]","c2:bw=238,experts=[0,1,2,3,4,5,6,7,8,9,10,11,12,13,15,18,21,23,24,25,26,28,29]; c9:bw=162,experts=[0,2,3,4,5,6,7,9,10,12,13,18,21,24,26,29]; c3:bw=167,experts=[0,1,2,4,5,6,10,11,12,13,18,21,24,25,26,28]; c1:bw=132,experts=[0,2,4,5,6,7,9,13,18,21,24,26,29]; c5:bw=219,experts=[0,1,2,4,5,6,7,9,10,11,12,13,14,16,18,21,23,24,25,26,28]; c4:bw=179,experts=[0,1,2,4,5,6,7,9,10,11,12,13,18,21,24,26,28]; c6:bw=115,experts=[1,2,4,6,7,12,13,24,26,29,31]; c7:bw=185,experts=[0,1,2,4,5,6,7,8,10,11,12,13,15,18,24,26,28,29]; c0:bw=132,experts=[0,3,4,5,6,7,12,13,18,21,24,26,29]; c8:bw=236,experts=[0,1,2,3,4,5,6,7,8,9,10,11,12,13,16,18,21,23,24,25,26,28,29]","4.2036,3.9245,5.6698,4.8762,6.9009,7.6035,7.4254,5.2047,5.3105,5.9177"
97,2026-09-23 18:53:33,Ours,0.01,1.341412499664337,66.03,66.21,95,58.749,0:58.75,57.2931,0.2158,1.2383,5879.6502,1:37:59.65,10,"0,9,8,4,7,1,3,5,6,2",0:150;9:158;8:158;4:59;7:111;1:184;3:127;5:170;6:184;2:198,"0:[0,1,2,4,5,6,9,10,12,13,14,18,21,24,26];9:[0,1,2,4,5,6,10,11,12,13,18,21,24,25,26];8:[0,2,4,5,6,8,9,10,11,12,13,18,21,24,26];4:[2,4,6,13,26];7:[0,4,5,6,9,10,13,18,21,24,26];1:[0,1,2,4,5,6,9,10,11,12,13,16,18,21,23,24,26,28];3:[4,5,6,7,9,10,12,13,18,21,24,26];5:[0,2,4,5,6,9,10,11,12,13,18,20,21,23,24,26,28];6:[0,1,2,4,5,6,9,10,11,12,13,15,18,21,24,25,26,28];2:[0,2,4,5,6,9,10,11,12,13,14,18,20,21,23,24,25,26,28]","c0:bw=150,experts=[0,1,2,4,5,6,9,10,12,13,14,18,21,24,26]; c9:bw=158,experts=[0,1,2,4,5,6,10,11,12,13,18,21,24,25,26]; c8:bw=158,experts=[0,2,4,5,6,8,9,10,11,12,13,18,21,24,26]; c4:bw=59,experts=[2,4,6,13,26]; c7:bw=111,experts=[0,4,5,6,9,10,13,18,21,24,26]; c1:bw=184,experts=[0,1,2,4,5,6,9,10,11,12,13,16,18,21,23,24,26,28]; c3:bw=127,experts=[4,5,6,7,9,10,12,13,18,21,24,26]; c5:bw=170,experts=[0,2,4,5,6,9,10,11,12,13,18,20,21,23,24,26,28]; c6:bw=184,experts=[0,1,2,4,5,6,9,10,11,12,13,15,18,21,24,25,26,28]; c2:bw=198,experts=[0,2,4,5,6,9,10,11,12,13,14,18,20,21,23,24,25,26,28]","5.3886,3.9631,5.9352,7.6158,5.2196,4.9128,5.6415,6.9509,7.4720,4.1937"
98,2026-09-23 18:54:32,Ours,0.01,1.336132300266516,65.99,66.21,95,58.7334,0:58.73,57.2902,0.2208,1.2207,5938.4221,1:38:58.42,10,"4,8,9,7,6,5,0,3,1,2",4:190;8:196;9:98;7:87;6:133;5:180;0:122;3:93;1:96;2:89,"4:[0,2,4,5,6,8,9,10,11,12,13,14,18,20,21,22,23,24,26];8:[0,1,2,4,5,6,8,9,10,11,12,13,18,21,23,24,25,26,28];9:[0,2,4,5,6,13,18,24,26];7:[2,4,5,6,12,13,24,26];6:[0,2,4,5,6,9,10,12,13,18,21,24,26];5:[0,2,4,5,6,9,10,11,12,13,18,20,21,22,23,24,26,28];0:[0,2,4,5,6,9,10,13,18,21,24,26];3:[4,5,6,13,17,18,21,26,30];1:[0,4,5,6,13,18,21,24,26];2:[0,2,4,5,6,13,18,26]","c4:bw=190,experts=[0,2,4,5,6,8,9,10,11,12,13,14,18,20,21,22,23,24,26]; c8:bw=196,experts=[0,1,2,4,5,6,8,9,10,11,12,13,18,21,23,24,25,26,28]; c9:bw=98,experts=[0,2,4,5,6,13,18,24,26]; c7:bw=87,experts=[2,4,5,6,12,13,24,26]; c6:bw=133,experts=[0,2,4,5,6,9,10,12,13,18,21,24,26]; c5:bw=180,experts=[0,2,4,5,6,9,10,11,12,13,18,20,21,22,23,24,26,28]; c0:bw=122,experts=[0,2,4,5,6,9,10,13,18,21,24,26]; c3:bw=93,experts=[4,5,6,13,17,18,21,26,30]; c1:bw=96,experts=[0,4,5,6,13,18,21,24,26]; c2:bw=89,experts=[0,2,4,5,6,13,18,26]","7.7351,5.9626,3.9464,5.2167,7.4784,6.8810,5.3274,5.6717,4.8337,4.2373"
99,2026-09-23 18:55:30,Ours,0.01,1.3277075424262157,66.43,66.43,99,58.5715,0:58.57,57.1412,0.2136,1.215,5997.0309,1:39:57.03,10,"8,5,7,1,3,9,4,0,2,6",8:124;5:180;7:166;1:217;3:138;9:75;4:89;0:147;2:113;6:128,"8:[0,2,4,5,6,10,11,12,13,18,21,26];5:[0,1,2,4,5,6,8,9,10,11,12,13,18,21,23,24,26,28];7:[0,1,2,4,5,6,10,11,12,13,15,18,23,24,25,26];1:[0,1,2,4,5,6,8,9,10,11,12,13,16,18,21,23,24,25,26,28,31];3:[0,2,4,5,6,9,10,12,13,18,21,24,26];9:[0,2,4,6,13,18,26];4:[0,2,4,5,6,13,24,26];0:[0,2,4,5,6,9,10,12,13,18,20,21,24,26];2:[0,4,5,6,9,12,13,18,21,24,26];6:[0,2,4,5,6,9,12,13,18,21,24,26]","c8:bw=124,experts=[0,2,4,5,6,10,11,12,13,18,21,26]; c5:bw=180,experts=[0,1,2,4,5,6,8,9,10,11,12,13,18,21,23,24,26,28]; c7:bw=166,experts=[0,1,2,4,5,6,10,11,12,13,15,18,23,24,25,26]; c1:bw=217,experts=[0,1,2,4,5,6,8,9,10,11,12,13,16,18,21,23,24,25,26,28,31]; c3:bw=138,experts=[0,2,4,5,6,9,10,12,13,18,21,24,26]; c9:bw=75,experts=[0,2,4,6,13,18,26]; c4:bw=89,experts=[0,2,4,5,6,13,24,26]; c0:bw=147,experts=[0,2,4,5,6,9,10,12,13,18,20,21,24,26]; c2:bw=113,experts=[0,4,5,6,9,12,13,18,21,24,26]; c6:bw=128,experts=[0,2,4,5,6,9,12,13,18,21,24,26]","5.9270,6.9636,5.2523,4.8724,5.6738,3.9211,7.6093,5.3282,4.1640,7.4296"
100,2026-09-23 18:56:29,Ours,0.01,1.3245325640047354,65.86,66.43,99,58.7191,0:58.72,57.2552,0.2201,1.2421,6055.7888,1:40:55.79,10,"2,8,9,5,6,1,4,7,3,0",2:111;8:162;9:194;5:68;6:162;1:63;4:239;7:25;3:152;0:236,"2:[4,5,6,9,10,12,13,18,21,24,26];8:[0,2,4,5,6,9,10,12,13,18,20,21,23,24,26,28];9:[0,2,4,5,6,9,10,12,13,18,20,21,22,23,24,25,26,28,31];5:[3,4,5,6,13,26];6:[0,1,2,4,5,6,9,10,11,12,13,18,21,24,26,28];1:[2,4,5,6,13,26];4:[0,1,2,4,5,6,8,9,10,11,12,13,14,15,16,18,21,23,24,25,26,27,28];7:[4,26];3:[0,2,4,5,6,9,10,12,13,18,20,21,23,24,26];0:[0,1,2,4,5,6,9,10,11,12,13,14,15,16,17,18,21,23,24,25,26,28,30]","c2:bw=111,experts=[4,5,6,9,10,12,13,18,21,24,26]; c8:bw=162,experts=[0,2,4,5,6,9,10,12,13,18,20,21,23,24,26,28]; c9:bw=194,experts=[0,2,4,5,6,9,10,12,13,18,20,21,22,23,24,25,26,28,31]; c5:bw=68,experts=[3,4,5,6,13,26]; c6:bw=162,experts=[0,1,2,4,5,6,9,10,11,12,13,18,21,24,26,28]; c1:bw=63,experts=[2,4,5,6,13,26]; c4:bw=239,experts=[0,1,2,4,5,6,8,9,10,11,12,13,14,15,16,18,21,23,24,25,26,27,28]; c7:bw=25,experts=[4,26]; c3:bw=152,experts=[0,2,4,5,6,9,10,12,13,18,20,21,23,24,26]; c0:bw=236,experts=[0,1,2,4,5,6,9,10,11,12,13,14,15,16,17,18,21,23,24,25,26,28,30]","4.2015,5.9157,3.9247,6.9049,7.5440,4.9189,7.6570,5.1735,5.6517,5.3634"
