Round,Timestamp,Method,LR,AvgLoss,TestAcc,BestAcc,BestRound,RoundTimeSec,RoundTimeHMS,LocalTrainTimeSec,AggTimeSec,EvalTimeSec,CumulativeTimeSec,CumulativeTimeHMS,NumClientsSelected,SelectedClients,Bandwidth,SelectedExperts,UploadDetail,ClientTrainTimesSec
1,2026-09-23 18:57:33,Ours,0.00208,4.102214151994631,1.01,1.01,1,53.6335,0:53.63,52.129,0.3333,1.1691,53.6335,0:53.63,20,"0,17,15,1,8,5,11,3,18,16,13,2,9,19,4,12,7,10,14,6",0:10;17:34;15:58;1:29;8:55;5:44;11:24;3:51;18:30;16:48;13:42;2:29;9:45;19:40;4:40;12:23;7:20;10:22;14:54;6:41,"0:[7];17:[1,2,6];15:[2,3,5,6,7];1:[2,6];8:[0,2,3,6,7];5:[0,3,5,7];11:[3,5];3:[0,1,2,4,6];18:[0,2,4];16:[1,3,5,6];13:[1,2,6,7];2:[2,3];9:[0,1,6,7];19:[0,2,3,4];4:[0,5,6,7];12:[1,7];7:[4,5];10:[0,5];14:[1,2,3,4,6];6:[0,4,6,7]","c0:bw=10,experts=[7]; c17:bw=34,experts=[1,2,6]; c15:bw=58,experts=[2,3,5,6,7]; c1:bw=29,experts=[2,6]; c8:bw=55,experts=[0,2,3,6,7]; c5:bw=44,experts=[0,3,5,7]; c11:bw=24,experts=[3,5]; c3:bw=51,experts=[0,1,2,4,6]; c18:bw=30,experts=[0,2,4]; c16:bw=48,experts=[1,3,5,6]; c13:bw=42,experts=[1,2,6,7]; c2:bw=29,experts=[2,3]; c9:bw=45,experts=[0,1,6,7]; c19:bw=40,experts=[0,2,3,4]; c4:bw=40,experts=[0,5,6,7]; c12:bw=23,experts=[1,7]; c7:bw=20,experts=[4,5]; c10:bw=22,experts=[0,5]; c14:bw=54,experts=[1,2,3,4,6]; c6:bw=41,experts=[0,4,6,7]","2.0124,2.1740,3.0105,3.6960,2.3182,1.2664,2.3503,1.4574,3.1618,2.1415,4.0315,2.5773,2.2067,3.7662,3.3194,2.4059,3.2316,1.1869,3.8464,1.9684"
2,2026-09-23 18:58:26,Ours,0.00406,3.787029719711672,2.49,2.49,2,52.8576,0:52.86,51.4171,0.3168,1.1147,106.6414,1:46.64,20,"19,16,15,5,4,12,14,7,3,6,2,9,13,10,18,8,17,11,0,1",19:53;16:16;15:62;5:69;4:30;12:16;14:26;7:55;3:67;6:17;2:22;9:46;13:54;10:59;18:24;8:48;17:51;11:29;0:36;1:41,"19:[0,1,2,6,7];16:[0];15:[0,2,3,4,6,7];5:[1,2,4,5,6,7];4:[0,2,4];12:[3];14:[0,1];7:[0,1,2,3,7];3:[0,1,2,3,5,6];6:[3];2:[3,7];9:[2,3,4,7];13:[0,1,3,4,6];10:[0,2,3,4,6];18:[0,5];8:[0,2,3,4];17:[0,1,4,5,7];11:[3,6];0:[5,6,7];1:[2,3,4,5]","c19:bw=53,experts=[0,1,2,6,7]; c16:bw=16,experts=[0]; c15:bw=62,experts=[0,2,3,4,6,7]; c5:bw=69,experts=[1,2,4,5,6,7]; c4:bw=30,experts=[0,2,4]; c12:bw=16,experts=[3]; c14:bw=26,experts=[0,1]; c7:bw=55,experts=[0,1,2,3,7]; c3:bw=67,experts=[0,1,2,3,5,6]; c6:bw=17,experts=[3]; c2:bw=22,experts=[3,7]; c9:bw=46,experts=[2,3,4,7]; c13:bw=54,experts=[0,1,3,4,6]; c10:bw=59,experts=[0,2,3,4,6]; c18:bw=24,experts=[0,5]; c8:bw=48,experts=[0,2,3,4]; c17:bw=51,experts=[0,1,4,5,7]; c11:bw=29,experts=[3,6]; c0:bw=36,experts=[5,6,7]; c1:bw=41,experts=[2,3,4,5]","3.7338,2.0921,2.9970,1.2590,3.1607,2.3710,3.8814,3.2227,1.4199,1.9602,2.4892,2.1841,4.1949,1.2159,3.1624,2.2907,2.2731,2.3837,1.4450,3.6805"
3,2026-09-23 18:59:19,Ours,0.006040000000000001,3.6614712491011416,4.37,4.37,3,52.4328,0:52.43,50.9824,0.3144,1.1338,159.0869,2:39.09,20,"10,7,0,2,5,18,16,12,4,14,15,9,1,13,11,19,3,17,6,8",10:10;7:33;0:50;2:42;5:13;18:40;16:31;12:37;4:52;14:53;15:16;9:48;1:13;13:54;11:66;19:24;3:26;17:41;6:40;8:30,"10:[0];7:[1,2,5];0:[1,2,3,5,6];2:[0,2,4,6];5:[6];18:[0,2,3,6];16:[1,3,7];12:[0,4,7];4:[2,4,5,6,7];14:[1,3,5,6,7];15:[2];9:[2,3,5,7];1:[1];13:[0,2,3,5,6];11:[0,1,2,3,5,6];19:[6,7];3:[2,5];17:[0,2,3,7];6:[0,1,2,3];8:[0,2,3]","c10:bw=10,experts=[0]; c7:bw=33,experts=[1,2,5]; c0:bw=50,experts=[1,2,3,5,6]; c2:bw=42,experts=[0,2,4,6]; c5:bw=13,experts=[6]; c18:bw=40,experts=[0,2,3,6]; c16:bw=31,experts=[1,3,7]; c12:bw=37,experts=[0,4,7]; c4:bw=52,experts=[2,4,5,6,7]; c14:bw=53,experts=[1,3,5,6,7]; c15:bw=16,experts=[2]; c9:bw=48,experts=[2,3,5,7]; c1:bw=13,experts=[1]; c13:bw=54,experts=[0,2,3,5,6]; c11:bw=66,experts=[0,1,2,3,5,6]; c19:bw=24,experts=[6,7]; c3:bw=26,experts=[2,5]; c17:bw=41,experts=[0,2,3,7]; c6:bw=40,experts=[0,1,2,3]; c8:bw=30,experts=[0,2,3]","1.1720,3.2355,1.4383,2.5975,1.2349,3.1036,2.0483,2.4492,3.1916,3.9120,2.9424,2.2555,3.6217,4.1231,2.3401,3.7021,1.3680,2.1297,1.9323,2.1845"
4,2026-09-23 19:00:11,Ours,0.00802,3.333838102312305,5.4,5.4,4,52.6847,0:52.68,51.2309,0.3226,1.129,211.7834,3:31.78,20,"0,18,6,8,17,11,4,9,12,10,5,19,15,7,1,3,16,13,2,14",0:59;18:43;6:53;8:31;17:39;11:49;4:56;9:22;12:63;10:64;5:73;19:47;15:24;7:45;1:40;3:34;16:45;13:49;2:60;14:32,"0:[2,3,4,6,7];18:[2,3,4,6];6:[0,3,5,6,7];8:[1,3,6];17:[2,6,7];11:[0,5,6,7];4:[0,2,3,6,7];9:[0,6];12:[0,1,2,4,6,7];10:[0,1,2,3,5,6];5:[0,1,2,3,4,5,6];19:[2,3,5,7];15:[2,3];7:[1,3,4,5];1:[1,2,4,7];3:[0,4,5];16:[2,4,6,7];13:[0,1,3,4];2:[0,1,3,4,5,7];14:[0,6,7]","c0:bw=59,experts=[2,3,4,6,7]; c18:bw=43,experts=[2,3,4,6]; c6:bw=53,experts=[0,3,5,6,7]; c8:bw=31,experts=[1,3,6]; c17:bw=39,experts=[2,6,7]; c11:bw=49,experts=[0,5,6,7]; c4:bw=56,experts=[0,2,3,6,7]; c9:bw=22,experts=[0,6]; c12:bw=63,experts=[0,1,2,4,6,7]; c10:bw=64,experts=[0,1,2,3,5,6]; c5:bw=73,experts=[0,1,2,3,4,5,6]; c19:bw=47,experts=[2,3,5,7]; c15:bw=24,experts=[2,3]; c7:bw=45,experts=[1,3,4,5]; c1:bw=40,experts=[1,2,4,7]; c3:bw=34,experts=[0,4,5]; c16:bw=45,experts=[2,4,6,7]; c13:bw=49,experts=[0,1,3,4]; c2:bw=60,experts=[0,1,3,4,5,7]; c14:bw=32,experts=[0,6,7]","1.4583,2.9358,2.0309,2.2634,2.2115,2.3504,3.4236,2.2562,2.5053,1.1940,1.2020,3.6611,2.8998,3.2008,3.5431,1.4135,2.1005,4.2011,2.4524,3.9271"
5,2026-09-23 19:01:04,Ours,0.01,3.4194989239244578,6.18,6.18,5,52.1711,0:52.17,50.7357,0.3133,1.1199,263.9682,4:23.97,20,"5,2,10,19,0,12,9,16,1,4,17,8,11,6,18,7,14,15,13,3",5:40;2:10;10:35;19:19;0:50;12:55;9:62;16:32;1:20;4:48;17:64;8:37;11:21;6:53;18:10;7:24;14:53;15:45;13:36;3:63,"5:[1,4,5,6];2:[1];10:[1,2,6];19:[0];0:[0,1,3,4,6];12:[0,1,3,5,7];9:[0,1,3,5,6,7];16:[0,2,7];1:[1,7];4:[1,2,5,7];17:[0,1,2,3,5,6];8:[1,2,6];11:[5,7];6:[1,2,4,6,7];18:[3];7:[1,6];14:[0,2,3,5,7];15:[1,2,3,5];13:[0,6,7];3:[0,1,4,5,6,7]","c5:bw=40,experts=[1,4,5,6]; c2:bw=10,experts=[1]; c10:bw=35,experts=[1,2,6]; c19:bw=19,experts=[0]; c0:bw=50,experts=[0,1,3,4,6]; c12:bw=55,experts=[0,1,3,5,7]; c9:bw=62,experts=[0,1,3,5,6,7]; c16:bw=32,experts=[0,2,7]; c1:bw=20,experts=[1,7]; c4:bw=48,experts=[1,2,5,7]; c17:bw=64,experts=[0,1,2,3,5,6]; c8:bw=37,experts=[1,2,6]; c11:bw=21,experts=[5,7]; c6:bw=53,experts=[1,2,4,6,7]; c18:bw=10,experts=[3]; c7:bw=24,experts=[1,6]; c14:bw=53,experts=[0,2,3,5,7]; c15:bw=45,experts=[1,2,3,5]; c13:bw=36,experts=[0,6,7]; c3:bw=63,experts=[0,1,4,5,6,7]","1.2270,2.6704,1.1608,3.5178,1.4496,2.4980,2.1831,1.9861,3.5344,3.3897,2.3117,2.2111,2.2356,2.0027,2.8899,3.2384,3.8606,2.8326,4.1493,1.3869"
6,2026-09-23 19:01:55,Ours,0.01,3.4128999407629976,7.22,7.22,6,51.392,0:51.39,49.9287,0.3188,1.1423,315.3724,5:15.37,20,"3,1,4,5,15,16,9,10,13,2,18,19,11,17,7,8,6,0,12,14",3:36;1:32;4:17;5:27;15:33;16:54;9:48;10:10;13:15;2:42;18:40;19:37;11:31;17:27;7:58;8:67;6:20;0:31;12:62;14:40,"3:[4,5,7];1:[1,2,4];4:[5];5:[3,4];15:[0,5,6];16:[1,2,3,6,7];9:[0,3,4,5];10:[1];13:[5];2:[2,4,6,7];18:[0,1,2,7];19:[4,5,6];11:[1,3,6];17:[1,7];7:[1,3,5,6,7];8:[0,1,4,5,6,7];6:[3,5];0:[4,5,7];12:[1,2,4,5,6,7];14:[1,2,4,5]","c3:bw=36,experts=[4,5,7]; c1:bw=32,experts=[1,2,4]; c4:bw=17,experts=[5]; c5:bw=27,experts=[3,4]; c15:bw=33,experts=[0,5,6]; c16:bw=54,experts=[1,2,3,6,7]; c9:bw=48,experts=[0,3,4,5]; c10:bw=10,experts=[1]; c13:bw=15,experts=[5]; c2:bw=42,experts=[2,4,6,7]; c18:bw=40,experts=[0,1,2,7]; c19:bw=37,experts=[4,5,6]; c11:bw=31,experts=[1,3,6]; c17:bw=27,experts=[1,7]; c7:bw=58,experts=[1,3,5,6,7]; c8:bw=67,experts=[0,1,4,5,6,7]; c6:bw=20,experts=[3,5]; c0:bw=31,experts=[4,5,7]; c12:bw=62,experts=[1,2,4,5,6,7]; c14:bw=40,experts=[1,2,4,5]","1.4028,3.7591,3.4456,1.2169,2.7973,1.9937,2.0928,1.2068,4.0376,2.4802,2.8878,3.4759,2.2463,2.1318,3.0799,2.1434,1.8920,1.4087,2.5079,3.7223"
7,2026-09-23 19:02:46,Ours,0.01,3.4443709962628866,8.78,8.78,7,51.1018,0:51.10,49.6731,0.2943,1.1266,366.4881,6:06.49,20,"13,10,12,16,9,5,3,2,4,15,14,17,0,1,11,7,18,19,8,6",13:25;10:17;12:47;16:53;9:10;5:49;3:26;2:40;4:14;15:39;14:13;17:41;0:36;1:10;11:60;7:31;18:20;19:54;8:57;6:13,"13:[2,4];10:[1];12:[1,2,4,7];16:[2,3,4,5,7];9:[6];5:[0,2,4,7];3:[4,5];2:[0,3,6,7];4:[1];15:[2,4,7];14:[3];17:[3,5,6,7];0:[0,4,7];1:[0];11:[0,2,3,4,5,7];7:[1,2,5];18:[3,6];19:[1,2,3,5,7];8:[0,3,4,5,7];6:[6]","c13:bw=25,experts=[2,4]; c10:bw=17,experts=[1]; c12:bw=47,experts=[1,2,4,7]; c16:bw=53,experts=[2,3,4,5,7]; c9:bw=10,experts=[6]; c5:bw=49,experts=[0,2,4,7]; c3:bw=26,experts=[4,5]; c2:bw=40,experts=[0,3,6,7]; c4:bw=14,experts=[1]; c15:bw=39,experts=[2,4,7]; c14:bw=13,experts=[3]; c17:bw=41,experts=[3,5,6,7]; c0:bw=36,experts=[0,4,7]; c1:bw=10,experts=[0]; c11:bw=60,experts=[0,2,3,4,5,7]; c7:bw=31,experts=[1,2,5]; c18:bw=20,experts=[3,6]; c19:bw=54,experts=[1,2,3,5,7]; c8:bw=57,experts=[0,3,4,5,7]; c6:bw=13,experts=[6]","4.1162,1.1338,2.5339,1.9917,2.1241,1.2299,1.4284,2.4519,3.2216,2.7916,3.6952,2.1487,1.3909,3.7464,2.2342,3.0288,2.8917,3.4730,2.1302,1.9110"
8,2026-09-23 19:03:38,Ours,0.01,3.3321818553823563,8.49,8.78,7,51.9883,0:51.99,50.5128,0.3154,1.1579,418.4892,6:58.49,20,"17,18,1,5,3,15,7,11,16,8,10,12,6,9,19,0,2,13,14,4",17:56;18:39;1:58;5:28;3:37;15:66;7:15;11:45;16:45;8:37;10:51;12:51;6:41;9:59;19:31;0:32;2:54;13:35;14:59;4:10,"17:[0,1,2,4,7];18:[0,2,4];1:[0,2,3,6,7];5:[2,7];3:[1,6,7];15:[0,1,2,3,4,7];7:[2];11:[0,2,6,7];16:[1,2,3,4];8:[0,1,7];10:[0,1,2,5,6];12:[0,1,2,5,6];6:[1,3,5,7];9:[0,1,2,4,6];19:[0,2,5];0:[4,5,6];2:[2,4,5,6,7];13:[2,3,5];14:[1,3,4,5,7];4:[7]","c17:bw=56,experts=[0,1,2,4,7]; c18:bw=39,experts=[0,2,4]; c1:bw=58,experts=[0,2,3,6,7]; c5:bw=28,experts=[2,7]; c3:bw=37,experts=[1,6,7]; c15:bw=66,experts=[0,1,2,3,4,7]; c7:bw=15,experts=[2]; c11:bw=45,experts=[0,2,6,7]; c16:bw=45,experts=[1,2,3,4]; c8:bw=37,experts=[0,1,7]; c10:bw=51,experts=[0,1,2,5,6]; c12:bw=51,experts=[0,1,2,5,6]; c6:bw=41,experts=[1,3,5,7]; c9:bw=59,experts=[0,1,2,4,6]; c19:bw=31,experts=[0,2,5]; c0:bw=32,experts=[4,5,6]; c2:bw=54,experts=[2,4,5,6,7]; c13:bw=35,experts=[2,3,5]; c14:bw=59,experts=[1,3,4,5,7]; c4:bw=10,experts=[7]","2.2276,2.9210,3.7417,1.1845,1.4658,2.7948,3.0219,2.4231,2.0396,2.1488,1.1759,2.5375,1.9055,2.2024,3.5113,1.4248,2.5788,4.0148,3.7757,3.4173"
9,2026-09-23 19:04:30,Ours,0.01,3.318218766778532,9.19,9.19,9,51.4698,0:51.47,50.0348,0.3154,1.1175,469.9727,7:49.97,20,"17,11,7,13,0,9,4,8,1,5,2,16,19,15,3,18,10,14,12,6",17:49;11:28;7:46;13:41;0:52;9:26;4:59;8:18;1:14;5:52;2:21;16:41;19:26;15:36;3:23;18:53;10:34;14:37;12:38;6:31,"17:[1,2,4,7];11:[3,4];7:[0,1,4,5];13:[1,3,4,5];0:[0,3,4,5,6];9:[4,5];4:[1,2,3,4,6];8:[1];1:[1];5:[2,3,4,5,6];2:[2,4];16:[0,2,5,7];19:[3,4];15:[2,4,7];3:[6,7];18:[0,1,3,4,5];10:[2,3,6];14:[2,5,6];12:[3,4,5];6:[2,5,7]","c17:bw=49,experts=[1,2,4,7]; c11:bw=28,experts=[3,4]; c7:bw=46,experts=[0,1,4,5]; c13:bw=41,experts=[1,3,4,5]; c0:bw=52,experts=[0,3,4,5,6]; c9:bw=26,experts=[4,5]; c4:bw=59,experts=[1,2,3,4,6]; c8:bw=18,experts=[1]; c1:bw=14,experts=[1]; c5:bw=52,experts=[2,3,4,5,6]; c2:bw=21,experts=[2,4]; c16:bw=41,experts=[0,2,5,7]; c19:bw=26,experts=[3,4]; c15:bw=36,experts=[2,4,7]; c3:bw=23,experts=[6,7]; c18:bw=53,experts=[0,1,3,4,5]; c10:bw=34,experts=[2,3,6]; c14:bw=37,experts=[2,5,6]; c12:bw=38,experts=[3,4,5]; c6:bw=31,experts=[2,5,7]","2.1334,2.2439,3.2659,3.9860,1.3785,2.1616,3.4354,2.1347,3.4946,1.2160,2.4715,1.9765,3.4312,2.8281,1.3616,2.8959,1.1345,4.0339,2.5518,1.8999"
10,2026-09-23 19:05:22,Ours,0.01,3.306417936667232,10.4,10.4,10,52.7424,0:52.74,51.304,0.3162,1.12,522.7286,8:42.73,20,"4,9,1,15,7,5,16,2,18,3,12,17,8,14,0,13,6,10,19,11",4:37;9:35;1:41;15:10;7:37;5:58;16:44;2:34;18:28;3:46;12:52;17:35;8:35;14:57;0:59;13:38;6:65;10:54;19:43;11:21,"4:[1,3,5];9:[2,4,7];1:[0,1,4,7];15:[4];7:[1,5,6];5:[0,3,5,6,7];16:[0,1,5,7];2:[1,3,4];18:[0,5];3:[1,3,4,5];12:[0,1,5,6,7];17:[0,4,7];8:[0,1,5];14:[0,2,3,4,7];0:[1,3,4,6,7];13:[0,1,3];6:[1,2,4,5,6,7];10:[0,1,2,3,6];19:[1,2,5,6];11:[1,7]","c4:bw=37,experts=[1,3,5]; c9:bw=35,experts=[2,4,7]; c1:bw=41,experts=[0,1,4,7]; c15:bw=10,experts=[4]; c7:bw=37,experts=[1,5,6]; c5:bw=58,experts=[0,3,5,6,7]; c16:bw=44,experts=[0,1,5,7]; c2:bw=34,experts=[1,3,4]; c18:bw=28,experts=[0,5]; c3:bw=46,experts=[1,3,4,5]; c12:bw=52,experts=[0,1,5,6,7]; c17:bw=35,experts=[0,4,7]; c8:bw=35,experts=[0,1,5]; c14:bw=57,experts=[0,2,3,4,7]; c0:bw=59,experts=[1,3,4,6,7]; c13:bw=38,experts=[0,1,3]; c6:bw=65,experts=[1,2,4,5,6,7]; c10:bw=54,experts=[0,1,2,3,6]; c19:bw=43,experts=[1,2,5,6]; c11:bw=21,experts=[1,7]","3.4480,2.1778,3.5719,3.0166,3.2327,1.2299,2.1047,2.5917,2.9293,1.3720,2.5384,2.2326,2.1520,3.9854,1.4813,4.1491,2.0144,1.1961,3.6520,2.2282"
11,2026-09-23 19:06:14,Ours,0.01,3.233101690430112,12.65,12.65,11,51.5744,0:51.57,50.1344,0.3124,1.1253,574.3169,9:34.32,20,"2,6,16,4,17,1,13,12,19,3,8,15,5,10,14,7,11,9,18,0",2:27;6:55;16:43;4:16;17:44;1:40;13:40;12:20;19:25;3:50;8:39;15:44;5:28;10:35;14:15;7:44;11:34;9:33;18:47;0:28,"2:[1,4];6:[0,1,2,3,4];16:[0,3,4,6];4:[5];17:[3,4,5,6];1:[1,2,4,6];13:[0,1,2,7];12:[0,7];19:[0,6];3:[0,3,4,5,7];8:[2,3,5];15:[0,1,4,5];5:[2,7];10:[0,6,7];14:[2];7:[0,3,4,7];11:[4,5,6];9:[3,4,7];18:[0,2,3,6];0:[2,3]","c2:bw=27,experts=[1,4]; c6:bw=55,experts=[0,1,2,3,4]; c16:bw=43,experts=[0,3,4,6]; c4:bw=16,experts=[5]; c17:bw=44,experts=[3,4,5,6]; c1:bw=40,experts=[1,2,4,6]; c13:bw=40,experts=[0,1,2,7]; c12:bw=20,experts=[0,7]; c19:bw=25,experts=[0,6]; c3:bw=50,experts=[0,3,4,5,7]; c8:bw=39,experts=[2,3,5]; c15:bw=44,experts=[0,1,4,5]; c5:bw=28,experts=[2,7]; c10:bw=35,experts=[0,6,7]; c14:bw=15,experts=[2]; c7:bw=44,experts=[0,3,4,7]; c11:bw=34,experts=[4,5,6]; c9:bw=33,experts=[3,4,7]; c18:bw=47,experts=[0,2,3,6]; c0:bw=28,experts=[2,3]","2.6366,1.9299,2.0109,3.1544,2.1589,3.8465,3.9394,2.5174,3.5001,1.3931,2.1214,3.0876,1.2018,1.1448,3.6962,3.0580,2.2980,2.0980,2.9465,1.3949"
12,2026-09-23 19:07:07,Ours,0.01,3.100540925576389,14.28,14.28,12,53.5232,0:53.52,52.0463,0.3245,1.1501,627.8541,10:27.85,20,"14,3,9,18,8,11,17,6,5,12,19,13,10,15,7,0,4,16,2,1",14:29;3:35;9:42;18:45;8:55;11:45;17:39;6:29;5:56;12:73;19:31;13:53;10:62;15:36;7:30;0:49;4:28;16:28;2:57;1:42,"14:[4,6];3:[4,5,7];9:[0,1,4,5];18:[2,3,4,5];8:[0,1,4,6,7];11:[2,3,6,7];17:[0,4,5];6:[2,5];5:[1,2,5,6,7];12:[0,1,2,4,5,6,7];19:[2,5,7];13:[0,1,2,6,7];10:[0,1,2,4,5,7];15:[0,3,6];7:[3,4,7];0:[2,3,4,5];4:[5,6];16:[4,5];2:[0,1,2,4,5];1:[0,3,5,7]","c14:bw=29,experts=[4,6]; c3:bw=35,experts=[4,5,7]; c9:bw=42,experts=[0,1,4,5]; c18:bw=45,experts=[2,3,4,5]; c8:bw=55,experts=[0,1,4,6,7]; c11:bw=45,experts=[2,3,6,7]; c17:bw=39,experts=[0,4,5]; c6:bw=29,experts=[2,5]; c5:bw=56,experts=[1,2,5,6,7]; c12:bw=73,experts=[0,1,2,4,5,6,7]; c19:bw=31,experts=[2,5,7]; c13:bw=53,experts=[0,1,2,6,7]; c10:bw=62,experts=[0,1,2,4,5,7]; c15:bw=36,experts=[0,3,6]; c7:bw=30,experts=[3,4,7]; c0:bw=49,experts=[2,3,4,5]; c4:bw=28,experts=[5,6]; c16:bw=28,experts=[4,5]; c2:bw=57,experts=[0,1,2,4,5]; c1:bw=42,experts=[0,3,5,7]","4.0097,1.4616,2.1535,3.1466,2.1625,2.4205,2.2689,2.0399,1.2586,2.4258,3.7427,4.2436,1.2153,2.8957,3.2372,1.4922,3.3827,2.0027,2.6261,3.8604"
13,2026-09-23 19:07:58,Ours,0.01,3.127707489200776,15.15,15.15,13,50.4371,0:50.44,49.0096,0.307,1.1183,678.3063,11:18.31,20,"9,8,6,14,13,2,19,12,1,17,4,15,18,0,16,7,10,3,5,11",9:15;8:15;6:36;14:70;13:32;2:16;19:36;12:42;1:47;17:55;4:10;15:38;18:51;0:25;16:10;7:58;10:42;3:30;5:29;11:52,"9:[5];8:[0];6:[2,4,5];14:[0,1,2,3,4,6,7];13:[2,3,7];2:[3];19:[0,3,6];12:[1,2,5,6];1:[1,2,6,7];17:[1,2,3,5,7];4:[2];15:[2,6,7];18:[0,1,3,6,7];0:[2,4];16:[4];7:[0,2,3,4,6];10:[1,4,5,7];3:[2,4,6];5:[0,4];11:[2,3,4,6,7]","c9:bw=15,experts=[5]; c8:bw=15,experts=[0]; c6:bw=36,experts=[2,4,5]; c14:bw=70,experts=[0,1,2,3,4,6,7]; c13:bw=32,experts=[2,3,7]; c2:bw=16,experts=[3]; c19:bw=36,experts=[0,3,6]; c12:bw=42,experts=[1,2,5,6]; c1:bw=47,experts=[1,2,6,7]; c17:bw=55,experts=[1,2,3,5,7]; c4:bw=10,experts=[2]; c15:bw=38,experts=[2,6,7]; c18:bw=51,experts=[0,1,3,6,7]; c0:bw=25,experts=[2,4]; c16:bw=10,experts=[4]; c7:bw=58,experts=[0,2,3,4,6]; c10:bw=42,experts=[1,4,5,7]; c3:bw=30,experts=[2,4,6]; c5:bw=29,experts=[0,4]; c11:bw=52,experts=[2,3,4,6,7]","2.1262,2.1641,1.9147,3.7521,3.9299,2.4564,3.4533,2.3288,3.4903,2.1275,3.1832,2.7990,2.8990,1.3756,2.0036,3.0422,1.1427,1.3821,1.2044,2.2344"
14,2026-09-23 19:08:48,Ours,0.01,3.1218527625166517,17.27,17.27,14,50.3289,0:50.33,48.8659,0.3143,1.1408,728.6502,12:08.65,20,"5,11,4,19,9,1,12,10,7,0,8,13,6,17,16,14,18,3,2,15",5:64;11:36;4:10;19:42;9:32;1:38;12:43;10:31;7:25;0:25;8:21;13:34;6:67;17:10;16:19;14:25;18:63;3:45;2:45;15:12,"5:[0,3,4,5,6,7];11:[4,5,6];4:[3];19:[4,5,6,7];9:[0,1,7];1:[0,1,7];12:[0,1,3,5];10:[0,1,7];7:[5,7];0:[1,2];8:[1,6];13:[1,2,5];6:[0,1,2,4,5,6];17:[1];16:[3];14:[4,7];18:[2,3,4,5,6,7];3:[3,4,6,7];2:[1,3,5,6];15:[6]","c5:bw=64,experts=[0,3,4,5,6,7]; c11:bw=36,experts=[4,5,6]; c4:bw=10,experts=[3]; c19:bw=42,experts=[4,5,6,7]; c9:bw=32,experts=[0,1,7]; c1:bw=38,experts=[0,1,7]; c12:bw=43,experts=[0,1,3,5]; c10:bw=31,experts=[0,1,7]; c7:bw=25,experts=[5,7]; c0:bw=25,experts=[1,2]; c8:bw=21,experts=[1,6]; c13:bw=34,experts=[1,2,5]; c6:bw=67,experts=[0,1,2,4,5,6]; c17:bw=10,experts=[1]; c16:bw=19,experts=[3]; c14:bw=25,experts=[4,7]; c18:bw=63,experts=[2,3,4,5,6,7]; c3:bw=45,experts=[3,4,6,7]; c2:bw=45,experts=[1,3,5,6]; c15:bw=12,experts=[6]","1.2093,2.2455,3.1713,3.4766,2.0904,3.4954,2.3182,1.1346,3.0165,1.3755,2.1339,3.9098,1.9044,2.1172,2.0047,3.7020,2.9099,1.3888,2.4708,2.7910"
15,2026-09-23 19:09:39,Ours,0.01,3.1947385051552564,15.08,17.27,14,50.4315,0:50.43,48.9718,0.3186,1.139,779.0967,12:59.10,20,"14,16,19,13,4,12,5,7,10,1,0,15,3,8,18,11,6,2,9,17",14:50;16:29;19:59;13:60;4:47;12:10;5:18;7:59;10:13;1:14;0:20;15:10;3:10;8:52;18:34;11:55;6:33;2:53;9:19;17:47,"14:[0,2,3,4,5];16:[1,6];19:[0,1,3,4,6];13:[0,1,2,3,4,7];4:[0,2,4,7];12:[0];5:[5];7:[1,3,4,5,7];10:[5];1:[0];0:[0,1];15:[2];3:[4];8:[1,2,3,4,5];18:[2,3,6];11:[0,1,2,6,7];6:[0,3,5];2:[2,3,4,5,7];9:[2];17:[0,1,3,4]","c14:bw=50,experts=[0,2,3,4,5]; c16:bw=29,experts=[1,6]; c19:bw=59,experts=[0,1,3,4,6]; c13:bw=60,experts=[0,1,2,3,4,7]; c4:bw=47,experts=[0,2,4,7]; c12:bw=10,experts=[0]; c5:bw=18,experts=[5]; c7:bw=59,experts=[1,3,4,5,7]; c10:bw=13,experts=[5]; c1:bw=14,experts=[0]; c0:bw=20,experts=[0,1]; c15:bw=10,experts=[2]; c3:bw=10,experts=[4]; c8:bw=52,experts=[1,2,3,4,5]; c18:bw=34,experts=[2,3,6]; c11:bw=55,experts=[0,1,2,6,7]; c6:bw=33,experts=[0,3,5]; c2:bw=53,experts=[2,3,4,5,7]; c9:bw=19,experts=[2]; c17:bw=47,experts=[0,1,3,4]","3.7504,2.0273,3.4781,3.9359,3.2242,2.3260,1.1823,3.0315,1.1250,3.4882,1.3831,2.7927,1.3688,2.1538,2.8998,2.2389,1.8999,2.4567,2.0930,2.1160"
16,2026-09-23 19:10:29,Ours,0.01,3.0222757888104668,17.13,17.27,14,50.5009,0:50.50,49.0382,0.314,1.1407,829.613,13:49.61,20,"6,11,4,1,18,9,14,13,10,0,12,5,7,3,17,16,15,2,19,8",6:40;11:10;4:35;1:29;18:12;9:24;14:29;13:24;10:22;0:57;12:14;5:40;7:22;3:43;17:43;16:54;15:48;2:52;19:62;8:49,"6:[1,4,5,7];11:[1];4:[1,3,5];1:[0,3];18:[3];9:[0,3];14:[0,2];13:[0,3];10:[2,6];0:[1,2,5,6,7];12:[3];5:[1,4,6,7];7:[6,7];3:[0,1,5,6];17:[0,1,4,7];16:[0,1,3,6,7];15:[2,3,6,7];2:[0,1,2,3,5];19:[0,1,2,3,5,7];8:[0,4,6,7]","c6:bw=40,experts=[1,4,5,7]; c11:bw=10,experts=[1]; c4:bw=35,experts=[1,3,5]; c1:bw=29,experts=[0,3]; c18:bw=12,experts=[3]; c9:bw=24,experts=[0,3]; c14:bw=29,experts=[0,2]; c13:bw=24,experts=[0,3]; c10:bw=22,experts=[2,6]; c0:bw=57,experts=[1,2,5,6,7]; c12:bw=14,experts=[3]; c5:bw=40,experts=[1,4,6,7]; c7:bw=22,experts=[6,7]; c3:bw=43,experts=[0,1,5,6]; c17:bw=43,experts=[0,1,4,7]; c16:bw=54,experts=[0,1,3,6,7]; c15:bw=48,experts=[2,3,6,7]; c2:bw=52,experts=[0,1,2,3,5]; c19:bw=62,experts=[0,1,2,3,5,7]; c8:bw=49,experts=[0,4,6,7]","1.9223,2.2468,3.1452,3.5007,2.8987,2.0938,3.6858,3.9396,1.1391,1.3889,2.3277,1.2110,3.0318,1.3639,2.1186,2.0010,2.8098,2.5967,3.4510,2.1658"
17,2026-09-23 19:11:20,Ours,0.01,2.9613672568928555,20.72,20.72,17,50.6521,0:50.65,49.1906,0.3228,1.1366,880.2814,14:40.28,20,"14,7,12,6,11,4,16,9,10,0,3,8,18,5,19,1,13,17,2,15",14:33;7:25;12:74;6:39;11:10;4:58;16:30;9:37;10:44;0:11;3:52;8:10;18:31;5:10;19:40;1:29;13:27;17:11;2:19;15:50,"14:[4,6,7];7:[4,6];12:[0,2,3,4,5,6,7];6:[3,4,7];11:[6];4:[0,1,3,4,5];16:[1,2,3];9:[1,5,7];10:[1,2,3,7];0:[5];3:[1,2,3,5,6];8:[6];18:[0,1,3];5:[6];19:[0,3,6,7];1:[4,7];13:[0,6];17:[7];2:[1];15:[0,1,3,4,7]","c14:bw=33,experts=[4,6,7]; c7:bw=25,experts=[4,6]; c12:bw=74,experts=[0,2,3,4,5,6,7]; c6:bw=39,experts=[3,4,7]; c11:bw=10,experts=[6]; c4:bw=58,experts=[0,1,3,4,5]; c16:bw=30,experts=[1,2,3]; c9:bw=37,experts=[1,5,7]; c10:bw=44,experts=[1,2,3,7]; c0:bw=11,experts=[5]; c3:bw=52,experts=[1,2,3,5,6]; c8:bw=10,experts=[6]; c18:bw=31,experts=[0,1,3]; c5:bw=10,experts=[6]; c19:bw=40,experts=[0,3,6,7]; c1:bw=29,experts=[4,7]; c13:bw=27,experts=[0,6]; c17:bw=11,experts=[7]; c2:bw=19,experts=[1]; c15:bw=50,experts=[0,1,3,4,7]","3.7462,3.0758,2.3611,1.9184,2.2362,3.2642,1.9868,2.1021,1.1395,1.3698,1.3838,2.1636,2.8932,1.2034,3.4440,3.5053,3.9211,2.1021,2.5597,2.8144"
18,2026-09-23 19:12:13,Ours,0.01,2.9820296696385094,19.44,20.72,17,53.278,0:53.28,51.6425,0.3385,1.2901,933.5747,15:33.57,20,"7,3,4,18,1,12,8,9,14,17,19,13,6,5,2,10,11,15,0,16",7:55;3:37;4:56;18:60;1:10;12:18;8:10;9:19;14:40;17:50;19:33;13:43;6:31;5:35;2:37;10:27;11:57;15:51;0:49;16:38,"7:[2,3,4,5,6];3:[1,2,5];4:[0,1,3,5,7];18:[0,1,2,5,6,7];1:[6];12:[1];8:[6];9:[1];14:[1,2,4,7];17:[0,1,2,3,7];19:[2,4,6];13:[1,2,3,7];6:[5,6,7];5:[3,5,7];2:[3,4,5];10:[2,4];11:[0,2,4,5,7];15:[0,1,2,3,4];0:[1,2,4,5];16:[1,2,4]","c7:bw=55,experts=[2,3,4,5,6]; c3:bw=37,experts=[1,2,5]; c4:bw=56,experts=[0,1,3,5,7]; c18:bw=60,experts=[0,1,2,5,6,7]; c1:bw=10,experts=[6]; c12:bw=18,experts=[1]; c8:bw=10,experts=[6]; c9:bw=19,experts=[1]; c14:bw=40,experts=[1,2,4,7]; c17:bw=50,experts=[0,1,2,3,7]; c19:bw=33,experts=[2,4,6]; c13:bw=43,experts=[1,2,3,7]; c6:bw=31,experts=[5,6,7]; c5:bw=35,experts=[3,5,7]; c2:bw=37,experts=[3,4,5]; c10:bw=27,experts=[2,4]; c11:bw=57,experts=[0,2,4,5,7]; c15:bw=51,experts=[0,1,2,3,4]; c0:bw=49,experts=[1,2,4,5]; c16:bw=38,experts=[1,2,4]","3.0953,1.4316,3.4124,2.9148,3.5637,2.3679,2.2686,2.3669,3.8621,2.1239,3.5380,4.7748,1.9610,1.2077,2.6698,1.1822,2.2691,2.8493,1.3782,2.4053"
19,2026-09-23 19:13:06,Ours,0.01,2.9404201247846844,17.62,20.72,17,52.6994,0:52.70,51.2488,0.324,1.1244,986.2905,16:26.29,20,"8,7,1,6,9,10,11,19,13,5,17,12,18,16,3,2,15,4,0,14",8:56;7:22;1:46;6:66;9:38;10:35;11:20;19:37;13:10;5:29;17:67;12:54;18:31;16:13;3:40;2:14;15:39;4:51;0:42;14:30,"8:[0,3,4,5,7];7:[3,6];1:[0,1,5,7];6:[0,1,3,4,5,6];9:[1,4,5];10:[1,3,4];11:[1,3];19:[2,3,5];13:[2];5:[3,7];17:[1,2,3,4,5,7];12:[1,3,4,6,7];18:[2,4,5];16:[6];3:[0,4,5,7];2:[1];15:[3,4,5];4:[1,2,4,5,7];0:[2,3,4,7];14:[0,3,6]","c8:bw=56,experts=[0,3,4,5,7]; c7:bw=22,experts=[3,6]; c1:bw=46,experts=[0,1,5,7]; c6:bw=66,experts=[0,1,3,4,5,6]; c9:bw=38,experts=[1,4,5]; c10:bw=35,experts=[1,3,4]; c11:bw=20,experts=[1,3]; c19:bw=37,experts=[2,3,5]; c13:bw=10,experts=[2]; c5:bw=29,experts=[3,7]; c17:bw=67,experts=[1,2,3,4,5,7]; c12:bw=54,experts=[1,3,4,6,7]; c18:bw=31,experts=[2,4,5]; c16:bw=13,experts=[6]; c3:bw=40,experts=[0,4,5,7]; c2:bw=14,experts=[1]; c15:bw=39,experts=[3,4,5]; c4:bw=51,experts=[1,2,4,5,7]; c0:bw=42,experts=[2,3,4,7]; c14:bw=30,experts=[0,3,6]","2.1600,3.0602,3.5046,1.9564,2.1374,1.2146,2.2616,3.5337,4.1601,1.2063,2.1378,2.3784,2.9023,2.1161,1.4119,2.7563,3.0329,4.1124,1.4105,3.7955"
20,2026-09-23 19:13:57,Ours,0.01,2.9551539630838133,21.59,21.59,20,51.1664,0:51.17,49.7296,0.3104,1.1186,1037.4736,17:17.47,20,"17,4,3,10,6,13,14,11,7,16,12,5,9,8,1,15,19,18,0,2",17:48;4:59;3:18;10:16;6:68;13:40;14:30;11:10;7:43;16:40;12:44;5:10;9:17;8:50;1:40;15:19;19:48;18:21;0:28;2:41,"17:[1,2,4,6];4:[0,2,3,4,7];3:[2];10:[3];6:[0,1,3,4,5,7];13:[4,5,6,7];14:[4,5,7];11:[1];7:[0,2,5,7];16:[1,2,3,5];12:[0,1,5,7];5:[5];9:[4];8:[0,1,3,4,7];1:[0,2,5,6];15:[2];19:[0,3,4,6];18:[2,6];0:[1,7];2:[0,1,3,6]","c17:bw=48,experts=[1,2,4,6]; c4:bw=59,experts=[0,2,3,4,7]; c3:bw=18,experts=[2]; c10:bw=16,experts=[3]; c6:bw=68,experts=[0,1,3,4,5,7]; c13:bw=40,experts=[4,5,6,7]; c14:bw=30,experts=[4,5,7]; c11:bw=10,experts=[1]; c7:bw=43,experts=[0,2,5,7]; c16:bw=40,experts=[1,2,3,5]; c12:bw=44,experts=[0,1,5,7]; c5:bw=10,experts=[5]; c9:bw=17,experts=[4]; c8:bw=50,experts=[0,1,3,4,7]; c1:bw=40,experts=[0,2,5,6]; c15:bw=19,experts=[2]; c19:bw=48,experts=[0,3,4,6]; c18:bw=21,experts=[2,6]; c0:bw=28,experts=[1,7]; c2:bw=41,experts=[0,1,3,6]","2.2506,3.5084,1.3873,1.1580,1.9194,3.9102,3.7068,2.2194,3.0323,2.0818,2.3257,1.2088,2.0888,2.1420,3.5200,2.9203,3.4636,2.9161,1.4002,2.5697"
21,2026-09-23 19:14:48,Ours,0.01,2.893704607530368,20.95,21.59,20,51.0446,0:51.04,49.6083,0.3113,1.1228,1088.5351,18:08.54,20,"13,14,15,17,3,4,18,19,2,11,12,9,6,5,10,8,0,7,16,1",13:23;14:31;15:19;17:35;3:10;4:48;18:60;19:58;2:39;11:23;12:38;9:25;6:16;5:32;10:40;8:18;0:66;7:12;16:33;1:41,"13:[4,5];14:[1,2,7];15:[5];17:[0,4,6];3:[5];4:[1,2,4,7];18:[1,2,3,4,6,7];19:[0,2,3,4,7];2:[2,4,6];11:[0,4];12:[0,2,3];9:[4,5];6:[0];5:[1,2,4];10:[1,3,4,6];8:[3];0:[0,1,2,3,4,7];7:[2];16:[3,4,7];1:[0,5,6,7]","c13:bw=23,experts=[4,5]; c14:bw=31,experts=[1,2,7]; c15:bw=19,experts=[5]; c17:bw=35,experts=[0,4,6]; c3:bw=10,experts=[5]; c4:bw=48,experts=[1,2,4,7]; c18:bw=60,experts=[1,2,3,4,6,7]; c19:bw=58,experts=[0,2,3,4,7]; c2:bw=39,experts=[2,4,6]; c11:bw=23,experts=[0,4]; c12:bw=38,experts=[0,2,3]; c9:bw=25,experts=[4,5]; c6:bw=16,experts=[0]; c5:bw=32,experts=[1,2,4]; c10:bw=40,experts=[1,3,4,6]; c8:bw=18,experts=[3]; c0:bw=66,experts=[0,1,2,3,4,7]; c7:bw=12,experts=[2]; c16:bw=33,experts=[3,4,7]; c1:bw=41,experts=[0,5,6,7]","4.0577,3.7132,2.9391,2.1520,1.3727,3.4671,2.9204,3.4921,2.4884,2.2251,2.3313,2.1037,1.8830,1.1943,1.1383,2.1329,1.3847,2.9919,2.1403,3.4802"
22,2026-09-23 19:15:40,Ours,0.01,2.817610855020215,17.66,21.59,20,51.6386,0:51.64,50.1997,0.318,1.1186,1140.1899,19:00.19,20,"4,19,8,17,18,5,10,16,9,1,6,2,11,14,13,15,7,0,12,3",4:36;19:45;8:33;17:62;18:15;5:17;10:10;16:34;9:33;1:10;6:61;2:66;11:43;14:48;13:34;15:66;7:16;0:67;12:64;3:56,"4:[2,4,7];19:[0,1,3,7];8:[0,2,5];17:[0,1,2,3,4,7];18:[2];5:[0];10:[3];16:[0,3,5];9:[1,3,4];1:[1];6:[0,1,2,3,4,7];2:[0,1,3,4,6,7];11:[0,4,6,7];14:[1,2,3,5];13:[0,5,7];15:[0,2,3,4,5,7];7:[1];0:[0,2,3,4,6,7];12:[0,1,2,4,5,7];3:[1,3,4,5,7]","c4:bw=36,experts=[2,4,7]; c19:bw=45,experts=[0,1,3,7]; c8:bw=33,experts=[0,2,5]; c17:bw=62,experts=[0,1,2,3,4,7]; c18:bw=15,experts=[2]; c5:bw=17,experts=[0]; c10:bw=10,experts=[3]; c16:bw=34,experts=[0,3,5]; c9:bw=33,experts=[1,3,4]; c1:bw=10,experts=[1]; c6:bw=61,experts=[0,1,2,3,4,7]; c2:bw=66,experts=[0,1,3,4,6,7]; c11:bw=43,experts=[0,4,6,7]; c14:bw=48,experts=[1,2,3,5]; c13:bw=34,experts=[0,5,7]; c15:bw=66,experts=[0,2,3,4,5,7]; c7:bw=16,experts=[1]; c0:bw=67,experts=[0,2,3,4,6,7]; c12:bw=64,experts=[0,1,2,4,5,7]; c3:bw=56,experts=[1,3,4,5,7]","3.4391,3.4715,2.1494,2.2465,2.9468,1.1946,1.1254,2.1875,2.1899,3.5425,1.9175,2.4894,2.2226,3.6791,4.0120,3.0507,3.0216,1.3901,2.4759,1.4476"
23,2026-09-23 19:16:33,Ours,0.01,2.7223039919763203,23.02,23.02,23,53.098,0:53.10,51.6554,0.3206,1.1198,1193.3061,19:53.31,20,"2,13,1,19,8,15,3,6,18,12,7,0,4,11,10,17,14,5,9,16",2:32;13:54;1:62;19:21;8:35;15:29;3:15;6:10;18:26;12:26;7:15;0:11;4:56;11:52;10:67;17:70;14:52;5:52;9:50;16:56,"2:[2,5,6];13:[1,2,3,5,6];1:[0,2,4,5,6,7];19:[3,7];8:[1,4,7];15:[2,7];3:[0];6:[1];18:[5,6];12:[3,4];7:[1];0:[3];4:[0,1,5,6,7];11:[0,3,5,6,7];10:[0,2,3,4,6,7];17:[0,1,2,4,5,6,7];14:[0,2,3,4,5];5:[0,3,5,6,7];9:[0,1,2,4,7];16:[0,1,4,6,7]","c2:bw=32,experts=[2,5,6]; c13:bw=54,experts=[1,2,3,5,6]; c1:bw=62,experts=[0,2,4,5,6,7]; c19:bw=21,experts=[3,7]; c8:bw=35,experts=[1,4,7]; c15:bw=29,experts=[2,7]; c3:bw=15,experts=[0]; c6:bw=10,experts=[1]; c18:bw=26,experts=[5,6]; c12:bw=26,experts=[3,4]; c7:bw=15,experts=[1]; c0:bw=11,experts=[3]; c4:bw=56,experts=[0,1,5,6,7]; c11:bw=52,experts=[0,3,5,6,7]; c10:bw=67,experts=[0,2,3,4,6,7]; c17:bw=70,experts=[0,1,2,4,5,6,7]; c14:bw=52,experts=[0,2,3,4,5]; c5:bw=52,experts=[0,3,5,6,7]; c9:bw=50,experts=[0,1,2,4,7]; c16:bw=56,experts=[0,1,4,6,7]","2.5618,4.3365,3.8811,3.7974,2.2727,2.9592,1.3759,1.9169,3.0481,2.4948,3.0358,1.3778,3.4232,2.4663,1.1433,2.3187,3.7957,1.2626,2.1348,2.0527"
24,2026-09-23 19:17:25,Ours,0.01,2.7509894545313625,24.15,24.15,24,51.9644,0:51.96,50.4891,0.3157,1.1574,1245.2889,20:45.29,20,"3,14,13,5,8,10,4,17,6,16,18,0,19,9,11,1,12,15,7,2",3:10;14:42;13:50;5:25;8:18;10:39;4:12;17:56;6:30;16:41;18:72;0:31;19:55;9:50;11:10;1:10;12:37;15:44;7:10;2:43,"3:[5];14:[0,3,5,7];13:[0,1,2,3,4];5:[1,5];8:[0];10:[1,3,7];4:[5];17:[0,2,4,6,7];6:[0,4,6];16:[0,2,4,6];18:[0,1,2,3,4,5,7];0:[4,5,6];19:[0,1,2,3,6];9:[0,1,2,4,5];11:[4];1:[0];12:[2,5,6];15:[0,2,6,7];7:[5];2:[0,5,6,7]","c3:bw=10,experts=[5]; c14:bw=42,experts=[0,3,5,7]; c13:bw=50,experts=[0,1,2,3,4]; c5:bw=25,experts=[1,5]; c8:bw=18,experts=[0]; c10:bw=39,experts=[1,3,7]; c4:bw=12,experts=[5]; c17:bw=56,experts=[0,2,4,6,7]; c6:bw=30,experts=[0,4,6]; c16:bw=41,experts=[0,2,4,6]; c18:bw=72,experts=[0,1,2,3,4,5,7]; c0:bw=31,experts=[4,5,6]; c19:bw=55,experts=[0,1,2,3,6]; c9:bw=50,experts=[0,1,2,4,5]; c11:bw=10,experts=[4]; c1:bw=10,experts=[0]; c12:bw=37,experts=[2,5,6]; c15:bw=44,experts=[0,2,6,7]; c7:bw=10,experts=[5]; c2:bw=43,experts=[0,5,6,7]","1.3856,3.7354,4.0572,1.2106,2.1943,1.1424,3.4584,2.2613,1.9137,2.0034,3.0203,1.4285,3.4821,2.2363,2.2563,3.5842,2.5411,3.0319,3.0433,2.5028"
25,2026-09-23 19:18:16,Ours,0.01,2.6457913877476433,24.35,24.35,25,51.1932,0:51.19,49.7207,0.3217,1.1485,1296.5006,21:36.50,20,"18,15,3,2,12,6,9,10,16,4,7,19,5,13,1,14,17,0,11,8",18:59;15:29;3:14;2:12;12:36;6:16;9:40;10:25;16:52;4:58;7:40;19:57;5:64;13:56;1:49;14:26;17:52;0:56;11:60;8:55,"18:[1,2,4,5,6];15:[4,7];3:[0];2:[6];12:[1,3,4];6:[4];9:[1,3,5,7];10:[0,6];16:[0,1,2,3,6];4:[0,1,3,4,7];7:[0,4,5,7];19:[1,2,3,5,7];5:[0,3,4,5,6,7];13:[0,2,3,5,7];1:[0,3,4,5];14:[0,5];17:[1,2,5,6,7];0:[0,2,3,4,7];11:[0,2,4,5,6,7];8:[0,1,3,5,7]","c18:bw=59,experts=[1,2,4,5,6]; c15:bw=29,experts=[4,7]; c3:bw=14,experts=[0]; c2:bw=12,experts=[6]; c12:bw=36,experts=[1,3,4]; c6:bw=16,experts=[4]; c9:bw=40,experts=[1,3,5,7]; c10:bw=25,experts=[0,6]; c16:bw=52,experts=[0,1,2,3,6]; c4:bw=58,experts=[0,1,3,4,7]; c7:bw=40,experts=[0,4,5,7]; c19:bw=57,experts=[1,2,3,5,7]; c5:bw=64,experts=[0,3,4,5,6,7]; c13:bw=56,experts=[0,2,3,5,7]; c1:bw=49,experts=[0,3,4,5]; c14:bw=26,experts=[0,5]; c17:bw=52,experts=[1,2,5,6,7]; c0:bw=56,experts=[0,2,3,4,7]; c11:bw=60,experts=[0,2,4,5,6,7]; c8:bw=55,experts=[0,1,3,5,7]","2.9195,2.8270,1.3824,2.4835,2.5529,1.9753,2.1981,1.1481,1.9767,3.4915,3.1615,3.4373,1.1900,3.9081,3.5142,3.6811,2.1026,1.3897,2.2277,2.1535"
26,2026-09-23 19:19:09,Ours,0.01,2.6143138115078477,26.43,26.43,26,52.8859,0:52.89,51.4221,0.3107,1.1509,1349.4042,22:29.40,20,"5,7,1,2,8,16,12,6,19,10,9,14,3,0,17,11,13,4,18,15",5:20;7:31;1:33;2:30;8:53;16:10;12:41;6:34;19:15;10:38;9:50;14:49;3:44;0:11;17:32;11:57;13:16;4:48;18:10;15:42,"5:[1,7];7:[0,1,4];1:[1,5,6];2:[3,6,7];8:[0,1,3,4,7];16:[7];12:[2,3,6,7];6:[0,4,5];19:[1];10:[1,2,4];9:[1,2,4,6,7];14:[0,2,5,6];3:[0,1,6,7];0:[7];17:[1,3,5];11:[0,2,3,4,5];13:[5];4:[1,2,4,7];18:[3];15:[2,3,6,7]","c5:bw=20,experts=[1,7]; c7:bw=31,experts=[0,1,4]; c1:bw=33,experts=[1,5,6]; c2:bw=30,experts=[3,6,7]; c8:bw=53,experts=[0,1,3,4,7]; c16:bw=10,experts=[7]; c12:bw=41,experts=[2,3,6,7]; c6:bw=34,experts=[0,4,5]; c19:bw=15,experts=[1]; c10:bw=38,experts=[1,2,4]; c9:bw=50,experts=[1,2,4,6,7]; c14:bw=49,experts=[0,2,5,6]; c3:bw=44,experts=[0,1,6,7]; c0:bw=11,experts=[7]; c17:bw=32,experts=[1,3,5]; c11:bw=57,experts=[0,2,3,4,5]; c13:bw=16,experts=[5]; c4:bw=48,experts=[1,2,4,7]; c18:bw=10,experts=[3]; c15:bw=42,experts=[2,3,6,7]","1.2027,3.2236,3.8441,2.6606,2.2749,1.9946,2.4315,1.9194,3.5944,1.1595,2.1188,3.9742,1.3995,1.3727,2.2668,2.3883,4.1951,3.4675,3.1006,2.8331"
27,2026-09-23 19:20:00,Ours,0.01,2.698823752136651,24.51,26.43,26,50.6702,0:50.67,49.2149,0.3191,1.1294,1400.0944,23:20.09,20,"10,5,14,13,12,17,6,8,11,18,19,7,0,15,2,16,9,1,3,4",10:62;5:37;14:26;13:57;12:22;17:36;6:63;8:55;11:66;18:18;19:18;7:51;0:36;15:46;2:20;16:20;9:18;1:62;3:21;4:12,"10:[0,1,2,3,4,5];5:[0,3,4];14:[1,2];13:[1,2,3,5,7];12:[1,4];17:[0,1,5];6:[0,1,2,4,5,6];8:[0,3,4,5,7];11:[0,2,3,5,6,7];18:[4];19:[2];7:[0,2,3,6,7];0:[0,2,5];15:[1,2,3,4];2:[1,4];16:[1,2];9:[2];1:[1,3,4,5,6,7];3:[6,7];4:[3]","c10:bw=62,experts=[0,1,2,3,4,5]; c5:bw=37,experts=[0,3,4]; c14:bw=26,experts=[1,2]; c13:bw=57,experts=[1,2,3,5,7]; c12:bw=22,experts=[1,4]; c17:bw=36,experts=[0,1,5]; c6:bw=63,experts=[0,1,2,4,5,6]; c8:bw=55,experts=[0,3,4,5,7]; c11:bw=66,experts=[0,2,3,5,6,7]; c18:bw=18,experts=[4]; c19:bw=18,experts=[2]; c7:bw=51,experts=[0,2,3,6,7]; c0:bw=36,experts=[0,2,5]; c15:bw=46,experts=[1,2,3,4]; c2:bw=20,experts=[1,4]; c16:bw=20,experts=[1,2]; c9:bw=18,experts=[2]; c1:bw=62,experts=[1,3,4,5,6,7]; c3:bw=21,experts=[6,7]; c4:bw=12,experts=[3]","1.1434,1.2125,3.7075,3.9121,2.3430,2.1186,1.9034,2.2530,2.2325,2.8861,3.4253,3.0383,1.3894,2.7934,2.4624,1.9792,2.0853,3.5475,1.3687,3.4132"
28,2026-09-23 19:20:50,Ours,0.01,2.6007650402130493,28.35,28.35,28,50.6319,0:50.63,49.1646,0.3176,1.1476,1450.7446,24:10.74,20,"5,6,19,8,3,14,1,7,9,15,13,4,10,18,12,16,0,2,17,11",5:33;6:29;19:33;8:29;3:12;14:15;1:25;7:10;9:49;15:32;13:31;4:10;10:40;18:34;12:42;16:35;0:47;2:10;17:48;11:66,"5:[2,4,5];6:[2,4];19:[1,5,6];8:[3,6];3:[3];14:[3];1:[4,6];7:[3];9:[1,2,3,4];15:[4,5,7];13:[0,6,7];4:[2];10:[3,4,5,6];18:[3,5,6];12:[1,2,6,7];16:[0,3,5];0:[0,2,4,7];2:[7];17:[0,4,5,7];11:[1,2,3,4,5,7]","c5:bw=33,experts=[2,4,5]; c6:bw=29,experts=[2,4]; c19:bw=33,experts=[1,5,6]; c8:bw=29,experts=[3,6]; c3:bw=12,experts=[3]; c14:bw=15,experts=[3]; c1:bw=25,experts=[4,6]; c7:bw=10,experts=[3]; c9:bw=49,experts=[1,2,3,4]; c15:bw=32,experts=[4,5,7]; c13:bw=31,experts=[0,6,7]; c4:bw=10,experts=[2]; c10:bw=40,experts=[3,4,5,6]; c18:bw=34,experts=[3,5,6]; c12:bw=42,experts=[1,2,6,7]; c16:bw=35,experts=[0,3,5]; c0:bw=47,experts=[0,2,4,7]; c2:bw=10,experts=[7]; c17:bw=48,experts=[0,4,5,7]; c11:bw=66,experts=[1,2,3,4,5,7]","1.2310,1.9284,3.4806,2.1569,1.3669,3.7082,3.5061,3.0243,2.1672,2.7759,3.9045,3.4084,1.1464,2.8875,2.3307,1.9830,1.3811,2.4396,2.1120,2.2259"
29,2026-09-23 19:21:42,Ours,0.01,2.6093570098022685,20.99,28.35,28,51.3237,0:51.32,49.8867,0.315,1.1199,1502.0891,25:02.09,20,"12,5,4,15,8,3,14,16,18,10,11,19,7,9,0,6,2,17,1,13",12:10;5:33;4:38;15:70;8:34;3:32;14:35;16:48;18:24;10:10;11:59;19:39;7:21;9:44;0:44;6:43;2:18;17:59;1:33;13:13,"12:[0];5:[0,4,5];4:[1,4,5];15:[0,1,2,3,4,5,7];8:[1,3,4];3:[3,5,7];14:[0,1,7];16:[0,3,4,6];18:[4,5];10:[7];11:[0,1,2,3,7];19:[1,2,7];7:[1,5];9:[1,2,3,5];0:[1,2,3,4];6:[0,1,4,6];2:[2];17:[0,2,3,5,7];1:[2,4,7];13:[0]","c12:bw=10,experts=[0]; c5:bw=33,experts=[0,4,5]; c4:bw=38,experts=[1,4,5]; c15:bw=70,experts=[0,1,2,3,4,5,7]; c8:bw=34,experts=[1,3,4]; c3:bw=32,experts=[3,5,7]; c14:bw=35,experts=[0,1,7]; c16:bw=48,experts=[0,3,4,6]; c18:bw=24,experts=[4,5]; c10:bw=10,experts=[7]; c11:bw=59,experts=[0,1,2,3,7]; c19:bw=39,experts=[1,2,7]; c7:bw=21,experts=[1,5]; c9:bw=44,experts=[1,2,3,5]; c0:bw=44,experts=[1,2,3,4]; c6:bw=43,experts=[0,1,4,6]; c2:bw=18,experts=[2]; c17:bw=59,experts=[0,2,3,5,7]; c1:bw=33,experts=[2,4,7]; c13:bw=13,experts=[0]","2.3454,1.2561,3.4993,3.0387,2.3336,1.3741,3.6794,2.0294,2.9351,1.1401,2.2150,3.4594,3.0078,2.1173,1.4302,1.9070,2.4416,2.2110,3.5345,3.9318"
30,2026-09-23 19:22:33,Ours,0.01,2.5603679020876973,27.94,28.35,28,51.4944,0:51.49,50.0557,0.3108,1.1198,1553.6027,25:53.60,20,"14,19,13,16,15,5,6,11,1,17,12,0,2,7,8,4,9,18,3,10",14:49;19:24;13:27;16:31;15:22;5:62;6:11;11:46;1:35;17:19;12:24;0:17;2:27;7:12;8:41;4:51;9:54;18:57;3:59;10:71,"14:[3,4,5,7];19:[1,2];13:[0,1];16:[3,4,5];15:[1,7];5:[0,1,2,5,6,7];6:[7];11:[0,2,5,6];1:[0,3,5];17:[5];12:[4,6];0:[4];2:[1,2];7:[3];8:[0,2,3,6];4:[1,2,3,4,5];9:[0,3,4,5,7];18:[0,2,3,4,5];3:[0,2,3,5,7];10:[0,1,2,4,5,6,7]","c14:bw=49,experts=[3,4,5,7]; c19:bw=24,experts=[1,2]; c13:bw=27,experts=[0,1]; c16:bw=31,experts=[3,4,5]; c15:bw=22,experts=[1,7]; c5:bw=62,experts=[0,1,2,5,6,7]; c6:bw=11,experts=[7]; c11:bw=46,experts=[0,2,5,6]; c1:bw=35,experts=[0,3,5]; c17:bw=19,experts=[5]; c12:bw=24,experts=[4,6]; c0:bw=17,experts=[4]; c2:bw=27,experts=[1,2]; c7:bw=12,experts=[3]; c8:bw=41,experts=[0,2,3,6]; c4:bw=51,experts=[1,2,3,4,5]; c9:bw=54,experts=[0,3,4,5,7]; c18:bw=57,experts=[0,2,3,4,5]; c3:bw=59,experts=[0,2,3,5,7]; c10:bw=71,experts=[0,1,2,4,5,6,7]","3.7452,3.4740,3.9163,1.9994,3.0477,1.2521,1.9023,2.2377,3.4970,2.1523,2.4130,1.4491,2.4494,3.0583,2.2846,3.4449,2.3022,2.9005,1.3710,1.1586"
31,2026-09-23 19:23:25,Ours,0.01,2.4984260329547823,29.69,29.69,31,51.8688,0:51.87,50.3962,0.3119,1.1585,1605.4911,26:45.49,20,"1,6,11,9,19,4,7,14,15,18,10,5,17,3,13,0,16,8,2,12",1:30;6:29;11:29;9:45;19:40;4:19;7:63;14:61;15:55;18:58;10:33;5:62;17:35;3:24;13:32;0:47;16:36;8:33;2:15;12:35,"1:[0,1,6];6:[1,3];11:[5,6];9:[0,2,4,7];19:[0,1,3,5];4:[1];7:[0,1,2,4,5,6];14:[0,2,4,5,6,7];15:[0,1,2,3,5];18:[0,1,2,4,6];10:[3,4,7];5:[0,1,2,3,4,7];17:[1,2,5];3:[4,7];13:[1,2,3];0:[2,3,4,5];16:[0,2,3];8:[4,5,6];2:[1];12:[0,2,3]","c1:bw=30,experts=[0,1,6]; c6:bw=29,experts=[1,3]; c11:bw=29,experts=[5,6]; c9:bw=45,experts=[0,2,4,7]; c19:bw=40,experts=[0,1,3,5]; c4:bw=19,experts=[1]; c7:bw=63,experts=[0,1,2,4,5,6]; c14:bw=61,experts=[0,2,4,5,6,7]; c15:bw=55,experts=[0,1,2,3,5]; c18:bw=58,experts=[0,1,2,4,6]; c10:bw=33,experts=[3,4,7]; c5:bw=62,experts=[0,1,2,3,4,7]; c17:bw=35,experts=[1,2,5]; c3:bw=24,experts=[4,7]; c13:bw=32,experts=[1,2,3]; c0:bw=47,experts=[2,3,4,5]; c16:bw=36,experts=[0,2,3]; c8:bw=33,experts=[4,5,6]; c2:bw=15,experts=[1]; c12:bw=35,experts=[0,2,3]","3.8772,1.9218,2.4118,2.2949,3.4753,3.5461,3.0748,3.7680,2.7735,2.9393,1.1494,1.2089,2.1227,1.4602,3.9274,1.4587,2.0004,2.1547,2.4586,2.3727"
32,2026-09-23 19:24:17,Ours,0.01,2.4253903402605865,33.0,33.0,32,51.7357,0:51.74,50.2928,0.3197,1.121,1657.2458,27:37.25,20,"12,19,1,5,7,0,6,9,10,17,3,8,11,2,16,4,15,14,18,13",12:49;19:27;1:21;5:36;7:47;0:46;6:27;9:31;10:22;17:28;3:28;8:21;11:27;2:54;16:48;4:49;15:36;14:32;18:35;13:63,"12:[0,4,5,7];19:[3,6];1:[2,5];5:[0,5,6];7:[0,2,3,6];0:[0,2,5,6];6:[2,4];9:[2,3,6];10:[0,3];17:[2,6];3:[2,3];8:[1,3];11:[0,2];2:[0,2,5,6,7];16:[1,2,5,6];4:[0,2,4,7];15:[0,4,5];14:[4,5,6];18:[2,3,5];13:[0,2,3,4,6,7]","c12:bw=49,experts=[0,4,5,7]; c19:bw=27,experts=[3,6]; c1:bw=21,experts=[2,5]; c5:bw=36,experts=[0,5,6]; c7:bw=47,experts=[0,2,3,6]; c0:bw=46,experts=[0,2,5,6]; c6:bw=27,experts=[2,4]; c9:bw=31,experts=[2,3,6]; c10:bw=22,experts=[0,3]; c17:bw=28,experts=[2,6]; c3:bw=28,experts=[2,3]; c8:bw=21,experts=[1,3]; c11:bw=27,experts=[0,2]; c2:bw=54,experts=[0,2,5,6,7]; c16:bw=48,experts=[1,2,5,6]; c4:bw=49,experts=[0,2,4,7]; c15:bw=36,experts=[0,4,5]; c14:bw=32,experts=[4,5,6]; c18:bw=35,experts=[2,3,5]; c13:bw=63,experts=[0,2,3,4,6,7]","2.3987,3.4957,3.5919,1.2542,3.0461,1.3934,2.0106,2.2337,1.1300,2.1948,1.3649,2.1210,2.3617,2.4517,2.1655,3.5093,2.8873,3.7259,2.8918,4.0642"
33,2026-09-23 19:25:08,Ours,0.01,2.3740822808334126,34.56,34.56,33,50.7237,0:50.72,49.2474,0.3234,1.1451,1707.9912,28:27.99,20,"16,14,11,3,7,15,5,17,0,9,8,1,18,10,12,19,2,4,13,6",16:44;14:37;11:53;3:70;7:52;15:24;5:29;17:59;0:62;9:42;8:50;1:34;18:55;10:46;12:46;19:25;2:24;4:45;13:30;6:37,"16:[0,3,4,7];14:[0,6,7];11:[2,3,4,5,6];3:[1,2,3,4,5,6,7];7:[0,1,3,5,6];15:[2,4];5:[2,4];17:[1,3,4,6,7];0:[0,1,3,4,5,6];9:[0,2,3,6];8:[0,1,4,5,6];1:[2,6,7];18:[0,1,2,3,4];10:[0,3,5,7];12:[0,1,6,7];19:[1,5];2:[0,2];4:[0,2,6,7];13:[1,2,4];6:[0,1,2]","c16:bw=44,experts=[0,3,4,7]; c14:bw=37,experts=[0,6,7]; c11:bw=53,experts=[2,3,4,5,6]; c3:bw=70,experts=[1,2,3,4,5,6,7]; c7:bw=52,experts=[0,1,3,5,6]; c15:bw=24,experts=[2,4]; c5:bw=29,experts=[2,4]; c17:bw=59,experts=[1,3,4,6,7]; c0:bw=62,experts=[0,1,3,4,5,6]; c9:bw=42,experts=[0,2,3,6]; c8:bw=50,experts=[0,1,4,5,6]; c1:bw=34,experts=[2,6,7]; c18:bw=55,experts=[0,1,2,3,4]; c10:bw=46,experts=[0,3,5,7]; c12:bw=46,experts=[0,1,6,7]; c19:bw=25,experts=[1,5]; c2:bw=24,experts=[0,2]; c4:bw=45,experts=[0,2,6,7]; c13:bw=30,experts=[1,2,4]; c6:bw=37,experts=[0,1,2]","2.0231,3.7244,2.2685,1.3804,3.0636,2.9921,1.2108,2.1320,1.3912,2.1082,2.1422,3.5066,2.9010,1.1467,2.3321,3.4426,2.4552,3.1814,3.9232,1.9221"
34,2026-09-23 19:25:59,Ours,0.01,2.3612950557269388,34.86,34.86,34,51.2926,0:51.29,49.819,0.3251,1.1462,1759.3051,29:19.31,20,"10,14,18,9,16,8,13,6,11,3,15,0,12,7,2,5,19,4,1,17",10:26;14:66;18:29;9:68;16:54;8:42;13:57;6:48;11:52;3:72;15:10;0:22;12:24;7:32;2:54;5:60;19:50;4:46;1:46;17:16,"10:[0,4];14:[0,1,2,3,4,7];18:[2,4];9:[2,3,4,5,6,7];16:[0,4,5,6,7];8:[0,5,6,7];13:[0,1,2,4,6];6:[0,1,3,5];11:[0,2,3,5,6];3:[1,2,3,4,5,6,7];15:[1];0:[2,5];12:[5,6];7:[1,2,5];2:[0,1,4,5,6];5:[0,1,2,3,4,7];19:[0,1,3,4,7];4:[0,2,5,6];1:[2,3,5,6];17:[5]","c10:bw=26,experts=[0,4]; c14:bw=66,experts=[0,1,2,3,4,7]; c18:bw=29,experts=[2,4]; c9:bw=68,experts=[2,3,4,5,6,7]; c16:bw=54,experts=[0,4,5,6,7]; c8:bw=42,experts=[0,5,6,7]; c13:bw=57,experts=[0,1,2,4,6]; c6:bw=48,experts=[0,1,3,5]; c11:bw=52,experts=[0,2,3,5,6]; c3:bw=72,experts=[1,2,3,4,5,6,7]; c15:bw=10,experts=[1]; c0:bw=22,experts=[2,5]; c12:bw=24,experts=[5,6]; c7:bw=32,experts=[1,2,5]; c2:bw=54,experts=[0,1,4,5,6]; c5:bw=60,experts=[0,1,2,3,4,7]; c19:bw=50,experts=[0,1,3,4,7]; c4:bw=46,experts=[0,2,5,6]; c1:bw=46,experts=[2,3,5,6]; c17:bw=16,experts=[5]","1.1899,3.7524,2.9414,2.1191,1.9979,2.1783,3.9219,1.9029,2.2361,1.3705,3.0397,1.3918,2.3488,3.0464,2.4742,1.3289,3.6279,3.2005,3.5652,2.1850"
35,2026-09-23 19:26:50,Ours,0.01,2.3958551714317724,34.22,34.86,34,50.9331,0:50.93,49.458,0.3221,1.1507,1810.259,30:10.26,20,"10,19,8,12,5,0,13,4,7,3,15,1,14,17,2,16,9,6,11,18",10:57;19:22;8:50;12:22;5:41;0:20;13:48;4:33;7:48;3:24;15:47;1:31;14:20;17:32;2:46;16:10;9:27;6:44;11:69;18:51,"10:[1,2,4,6,7];19:[3,7];8:[0,2,4,5,6];12:[0,1];5:[0,3,6,7];0:[2,5];13:[1,2,6,7];4:[2,3,7];7:[0,4,6,7];3:[2,5];15:[0,1,6,7];1:[1,2,3];14:[1,5];17:[1,3,4];2:[0,2,4,5];16:[0];9:[0,6];6:[3,5,6,7];11:[0,1,2,4,6,7];18:[0,2,3,4,5]","c10:bw=57,experts=[1,2,4,6,7]; c19:bw=22,experts=[3,7]; c8:bw=50,experts=[0,2,4,5,6]; c12:bw=22,experts=[0,1]; c5:bw=41,experts=[0,3,6,7]; c0:bw=20,experts=[2,5]; c13:bw=48,experts=[1,2,6,7]; c4:bw=33,experts=[2,3,7]; c7:bw=48,experts=[0,4,6,7]; c3:bw=24,experts=[2,5]; c15:bw=47,experts=[0,1,6,7]; c1:bw=31,experts=[1,2,3]; c14:bw=20,experts=[1,5]; c17:bw=32,experts=[1,3,4]; c2:bw=46,experts=[0,2,4,5]; c16:bw=10,experts=[0]; c9:bw=27,experts=[0,6]; c6:bw=44,experts=[3,5,6,7]; c11:bw=69,experts=[0,1,2,4,6,7]; c18:bw=51,experts=[0,2,3,4,5]","1.1491,3.5156,2.1898,2.3801,1.1980,1.3813,3.9133,3.2462,3.0662,1.3928,2.8167,3.5131,3.9257,2.1159,2.4739,1.9902,2.1227,1.9013,2.2416,2.9248"
36,2026-09-23 19:27:41,Ours,0.01,2.3552895277472072,33.21,34.86,34,51.4013,0:51.40,49.9427,0.317,1.1393,1861.6818,31:01.68,20,"10,8,1,18,7,6,2,3,15,14,19,4,13,12,11,9,17,5,0,16",10:56;8:51;1:10;18:11;7:27;6:43;2:50;3:60;15:68;14:18;19:48;4:74;13:47;12:35;11:33;9:37;17:49;5:49;0:36;16:10,"10:[0,1,3,4,7];8:[0,2,3,5,7];1:[0];18:[4];7:[5,7];6:[0,5,6,7];2:[0,1,5,6,7];3:[1,2,3,4,6,7];15:[0,1,2,4,5,7];14:[2];19:[0,2,4,7];4:[0,1,2,3,4,6,7];13:[1,2,6,7];12:[1,2,7];11:[0,2,7];9:[1,3,5];17:[1,2,3,6];5:[1,5,6,7];0:[0,2,3];16:[6]","c10:bw=56,experts=[0,1,3,4,7]; c8:bw=51,experts=[0,2,3,5,7]; c1:bw=10,experts=[0]; c18:bw=11,experts=[4]; c7:bw=27,experts=[5,7]; c6:bw=43,experts=[0,5,6,7]; c2:bw=50,experts=[0,1,5,6,7]; c3:bw=60,experts=[1,2,3,4,6,7]; c15:bw=68,experts=[0,1,2,4,5,7]; c14:bw=18,experts=[2]; c19:bw=48,experts=[0,2,4,7]; c4:bw=74,experts=[0,1,2,3,4,6,7]; c13:bw=47,experts=[1,2,6,7]; c12:bw=35,experts=[1,2,7]; c11:bw=33,experts=[0,2,7]; c9:bw=37,experts=[1,3,5]; c17:bw=49,experts=[1,2,3,6]; c5:bw=49,experts=[1,5,6,7]; c0:bw=36,experts=[0,2,3]; c16:bw=10,experts=[6]","1.1590,2.1682,3.5595,3.1592,3.0430,1.9172,2.4742,1.3871,2.8011,4.0235,3.4475,3.3512,3.8971,2.4746,2.2964,2.0916,2.1234,1.1888,1.3865,1.9937"
37,2026-09-23 19:28:33,Ours,0.01,2.3107457416447823,36.72,36.72,37,52.1017,0:52.10,50.653,0.321,1.1255,1913.8047,31:53.80,20,"7,11,15,17,9,1,3,10,19,6,2,12,5,4,0,18,14,13,16,8",7:42;11:63;15:51;17:56;9:40;1:18;3:36;10:58;19:42;6:65;2:36;12:49;5:39;4:39;0:54;18:10;14:28;13:12;16:31;8:10,"7:[0,3,6,7];11:[0,1,2,3,4,7];15:[0,3,4,6,7];17:[1,2,4,5,6];9:[0,1,4,5];1:[0];3:[1,6,7];10:[1,2,4,5,6];19:[0,1,2,6];6:[0,1,3,4,5,7];2:[0,2,3];12:[0,1,2,4];5:[0,1,5];4:[0,1,3];0:[0,2,3,5,7];18:[4];14:[2,5];13:[3];16:[0,3,7];8:[0]","c7:bw=42,experts=[0,3,6,7]; c11:bw=63,experts=[0,1,2,3,4,7]; c15:bw=51,experts=[0,3,4,6,7]; c17:bw=56,experts=[1,2,4,5,6]; c9:bw=40,experts=[0,1,4,5]; c1:bw=18,experts=[0]; c3:bw=36,experts=[1,6,7]; c10:bw=58,experts=[1,2,4,5,6]; c19:bw=42,experts=[0,1,2,6]; c6:bw=65,experts=[0,1,3,4,5,7]; c2:bw=36,experts=[0,2,3]; c12:bw=49,experts=[0,1,2,4]; c5:bw=39,experts=[0,1,5]; c4:bw=39,experts=[0,1,3]; c0:bw=54,experts=[0,2,3,5,7]; c18:bw=10,experts=[4]; c14:bw=28,experts=[2,5]; c13:bw=12,experts=[3]; c16:bw=31,experts=[0,3,7]; c8:bw=10,experts=[0]","3.3437,2.2706,3.0440,2.1455,2.2396,3.5508,1.4764,1.1410,3.5450,1.9864,2.6482,2.5352,1.1893,3.1756,1.3769,2.9075,3.6818,4.2887,1.9737,2.1332"
38,2026-09-23 19:29:24,Ours,0.01,2.2804623435200346,37.58,37.58,38,50.8902,0:50.89,49.4282,0.3162,1.1435,1964.7169,32:44.72,20,"2,12,1,9,6,18,13,14,16,11,15,0,5,10,19,8,4,17,7,3",2:10;12:47;1:31;9:26;6:17;18:44;13:63;14:41;16:38;11:17;15:12;0:40;5:10;10:39;19:61;8:46;4:52;17:41;7:51;3:38,"2:[4];12:[1,3,4,6];1:[1,2,6];9:[0,6];6:[5];18:[1,2,4,6];13:[0,2,3,4,6,7];14:[0,1,2,7];16:[1,5,6];11:[0];15:[3];0:[1,2,6,7];5:[6];10:[0,2,4];19:[1,2,3,4,5,6];8:[1,2,5,6];4:[1,2,3,6,7];17:[0,2,4,5];7:[0,1,3,6,7];3:[2,5,7]","c2:bw=10,experts=[4]; c12:bw=47,experts=[1,3,4,6]; c1:bw=31,experts=[1,2,6]; c9:bw=26,experts=[0,6]; c6:bw=17,experts=[5]; c18:bw=44,experts=[1,2,4,6]; c13:bw=63,experts=[0,2,3,4,6,7]; c14:bw=41,experts=[0,1,2,7]; c16:bw=38,experts=[1,5,6]; c11:bw=17,experts=[0]; c15:bw=12,experts=[3]; c0:bw=40,experts=[1,2,6,7]; c5:bw=10,experts=[6]; c10:bw=39,experts=[0,2,4]; c19:bw=61,experts=[1,2,3,4,5,6]; c8:bw=46,experts=[1,2,5,6]; c4:bw=52,experts=[1,2,3,6,7]; c17:bw=41,experts=[0,2,4,5]; c7:bw=51,experts=[0,1,3,6,7]; c3:bw=38,experts=[2,5,7]","2.5256,2.5852,3.5545,2.1993,1.8987,2.9164,3.9118,3.7107,1.9912,2.2139,2.8707,1.4302,1.1960,1.1333,3.4479,2.1361,3.1734,2.1220,3.0416,1.3697"
39,2026-09-23 19:30:15,Ours,0.01,2.2784487361863612,37.71,37.71,39,50.6184,0:50.62,49.182,0.3102,1.1193,2015.3578,33:35.36,20,"3,13,2,11,15,19,0,12,6,18,10,16,7,9,1,8,14,4,17,5",3:26;13:49;2:36;11:51;15:30;19:18;0:10;12:49;6:31;18:25;10:24;16:29;7:40;9:24;1:45;8:45;14:57;4:36;17:42;5:75,"3:[3,6];13:[0,2,3,4];2:[0,1,3];11:[1,3,4,5,7];15:[1,2,6];19:[7];0:[3];12:[1,2,3,6];6:[0,1,6];18:[0,1];10:[0,3];16:[1,2];7:[1,2,4,5];9:[3,6];1:[3,5,6,7];8:[0,1,2,4];14:[0,2,3,4,7];4:[2,3,6];17:[1,2,5,6];5:[0,2,3,4,5,6,7]","c3:bw=26,experts=[3,6]; c13:bw=49,experts=[0,2,3,4]; c2:bw=36,experts=[0,1,3]; c11:bw=51,experts=[1,3,4,5,7]; c15:bw=30,experts=[1,2,6]; c19:bw=18,experts=[7]; c0:bw=10,experts=[3]; c12:bw=49,experts=[1,2,3,6]; c6:bw=31,experts=[0,1,6]; c18:bw=25,experts=[0,1]; c10:bw=24,experts=[0,3]; c16:bw=29,experts=[1,2]; c7:bw=40,experts=[1,2,4,5]; c9:bw=24,experts=[3,6]; c1:bw=45,experts=[3,5,6,7]; c8:bw=45,experts=[0,1,2,4]; c14:bw=57,experts=[0,2,3,4,7]; c4:bw=36,experts=[2,3,6]; c17:bw=42,experts=[1,2,5,6]; c5:bw=75,experts=[0,2,3,4,5,6,7]","1.3916,3.9575,2.4829,2.2590,2.8401,3.4496,1.3836,2.3328,1.9122,3.0513,1.1270,1.9846,3.0474,2.1006,3.5053,2.1608,3.6957,3.1634,2.1161,1.2205"
40,2026-09-23 19:31:06,Ours,0.01,2.3312641907509213,33.75,37.71,39,50.5593,0:50.56,49.0783,0.3193,1.1594,2065.939,34:25.94,20,"15,3,9,14,13,7,19,11,17,5,6,4,18,2,8,1,0,12,16,10",15:22;3:10;9:40;14:58;13:32;7:66;19:23;11:15;17:30;5:32;6:46;4:19;18:38;2:65;8:26;1:42;0:36;12:42;16:29;10:60,"15:[0,7];3:[7];9:[3,5,6,7];14:[0,2,3,5,7];13:[1,6,7];7:[0,1,2,3,6,7];19:[0,5];11:[5];17:[0,2,7];5:[5,6,7];6:[0,2,3,5];4:[2];18:[1,4,6];2:[1,2,4,5,6,7];8:[0,7];1:[0,2,3,4];0:[3,4,7];12:[1,2,3,7];16:[2,5];10:[0,2,3,4,5,6]","c15:bw=22,experts=[0,7]; c3:bw=10,experts=[7]; c9:bw=40,experts=[3,5,6,7]; c14:bw=58,experts=[0,2,3,5,7]; c13:bw=32,experts=[1,6,7]; c7:bw=66,experts=[0,1,2,3,6,7]; c19:bw=23,experts=[0,5]; c11:bw=15,experts=[5]; c17:bw=30,experts=[0,2,7]; c5:bw=32,experts=[5,6,7]; c6:bw=46,experts=[0,2,3,5]; c4:bw=19,experts=[2]; c18:bw=38,experts=[1,4,6]; c2:bw=65,experts=[1,2,4,5,6,7]; c8:bw=26,experts=[0,7]; c1:bw=42,experts=[0,2,3,4]; c0:bw=36,experts=[3,4,7]; c12:bw=42,experts=[1,2,3,7]; c16:bw=29,experts=[2,5]; c10:bw=60,experts=[0,2,3,4,5,6]","2.8166,1.3821,2.1171,3.7450,3.9320,3.0604,3.4602,2.2316,2.1245,1.1905,1.9074,3.1609,2.9048,2.4682,2.1442,3.5279,1.3886,2.3589,2.0043,1.1532"
41,2026-09-23 19:31:57,Ours,0.01,2.30753145017017,35.81,37.71,39,51.2169,0:51.22,49.7738,0.3134,1.1274,2117.1786,35:17.18,20,"14,11,5,15,6,10,1,7,17,12,3,2,0,8,13,19,16,18,9,4",14:61;11:41;5:61;15:24;6:10;10:42;1:10;7:68;17:52;12:18;3:40;2:54;0:10;8:57;13:45;19:19;16:25;18:10;9:54;4:50,"14:[0,1,3,4,5,7];11:[0,4,5,6];5:[0,2,3,5,6,7];15:[4,5];6:[3];10:[1,5,6,7];1:[7];7:[0,1,2,4,5,7];17:[2,4,5,6,7];12:[3];3:[0,1,2,3];2:[1,2,3,4,5];0:[2];8:[1,2,3,5,7];13:[0,1,5,7];19:[0];16:[4,7];18:[0];9:[0,1,2,6,7];4:[0,2,3,6,7]","c14:bw=61,experts=[0,1,3,4,5,7]; c11:bw=41,experts=[0,4,5,6]; c5:bw=61,experts=[0,2,3,5,6,7]; c15:bw=24,experts=[4,5]; c6:bw=10,experts=[3]; c10:bw=42,experts=[1,5,6,7]; c1:bw=10,experts=[7]; c7:bw=68,experts=[0,1,2,4,5,7]; c17:bw=52,experts=[2,4,5,6,7]; c12:bw=18,experts=[3]; c3:bw=40,experts=[0,1,2,3]; c2:bw=54,experts=[1,2,3,4,5]; c0:bw=10,experts=[2]; c8:bw=57,experts=[1,2,3,5,7]; c13:bw=45,experts=[0,1,5,7]; c19:bw=19,experts=[0]; c16:bw=25,experts=[4,7]; c18:bw=10,experts=[0]; c9:bw=54,experts=[0,1,2,6,7]; c4:bw=50,experts=[0,2,3,6,7]","4.1260,2.2863,1.2076,2.8210,1.9278,1.1461,3.5110,3.0579,2.1292,2.5398,1.3778,2.4777,1.3925,2.1431,3.8952,3.4464,1.9964,3.0163,2.0936,3.1818"
42,2026-09-23 19:32:49,Ours,0.01,2.282105334626138,37.47,37.71,39,51.7872,0:51.79,50.3211,0.3178,1.1461,2168.9909,36:08.99,20,"12,9,3,7,19,1,15,14,13,6,16,8,10,4,18,5,0,11,17,2",12:22;9:51;3:48;7:20;19:63;1:49;15:31;14:13;13:33;6:34;16:10;8:42;10:15;4:55;18:14;5:50;0:15;11:59;17:32;2:40,"12:[3,7];9:[1,3,4,6,7];3:[0,1,3,4];7:[2,4];19:[0,1,2,3,4,5];1:[3,4,5,7];15:[2,3,6];14:[3];13:[1,2,5];6:[3,4,7];16:[1];8:[2,3,5,7];10:[7];4:[1,2,4,5,6];18:[2];5:[1,2,3,5,7];0:[3];11:[0,2,3,4,6];17:[2,3,5];2:[0,2,4,6]","c12:bw=22,experts=[3,7]; c9:bw=51,experts=[1,3,4,6,7]; c3:bw=48,experts=[0,1,3,4]; c7:bw=20,experts=[2,4]; c19:bw=63,experts=[0,1,2,3,4,5]; c1:bw=49,experts=[3,4,5,7]; c15:bw=31,experts=[2,3,6]; c14:bw=13,experts=[3]; c13:bw=33,experts=[1,2,5]; c6:bw=34,experts=[3,4,7]; c16:bw=10,experts=[1]; c8:bw=42,experts=[2,3,5,7]; c10:bw=15,experts=[7]; c4:bw=55,experts=[1,2,4,5,6]; c18:bw=14,experts=[2]; c5:bw=50,experts=[1,2,3,5,7]; c0:bw=15,experts=[3]; c11:bw=59,experts=[0,2,3,4,6]; c17:bw=32,experts=[2,3,5]; c2:bw=40,experts=[0,2,4,6]","2.5019,2.2312,1.4205,3.0481,3.4534,3.5234,2.8007,4.0421,4.2388,1.9423,1.9689,2.2319,1.2164,3.3981,2.8835,1.1961,1.3983,2.2325,2.1126,2.4806"
43,2026-09-23 19:33:40,Ours,0.01,2.198820865342628,39.58,39.58,43,51.151,0:51.15,49.6758,0.3151,1.158,2220.168,37:00.17,20,"4,9,7,12,11,14,6,0,18,8,3,15,2,10,13,16,19,17,5,1",4:34;9:32;7:21;12:10;11:55;14:66;6:12;0:21;18:24;8:45;3:65;15:14;2:51;10:37;13:16;16:21;19:54;17:47;5:53;1:58,"4:[4,6,7];9:[1,3,4];7:[2,7];12:[6];11:[2,3,4,6,7];14:[0,1,2,3,4,5];6:[6];0:[3,4];18:[1,6];8:[0,2,4,5];3:[0,1,2,4,5,7];15:[2];2:[0,2,3,4,5];10:[0,4,6];13:[3];16:[0,5];19:[1,2,3,4,6];17:[0,1,2,7];5:[1,2,4,6,7];1:[0,1,3,5,7]","c4:bw=34,experts=[4,6,7]; c9:bw=32,experts=[1,3,4]; c7:bw=21,experts=[2,7]; c12:bw=10,experts=[6]; c11:bw=55,experts=[2,3,4,6,7]; c14:bw=66,experts=[0,1,2,3,4,5]; c6:bw=12,experts=[6]; c0:bw=21,experts=[3,4]; c18:bw=24,experts=[1,6]; c8:bw=45,experts=[0,2,4,5]; c3:bw=65,experts=[0,1,2,4,5,7]; c15:bw=14,experts=[2]; c2:bw=51,experts=[0,2,3,4,5]; c10:bw=37,experts=[0,4,6]; c13:bw=16,experts=[3]; c16:bw=21,experts=[0,5]; c19:bw=54,experts=[1,2,3,4,6]; c17:bw=47,experts=[0,1,2,7]; c5:bw=53,experts=[1,2,4,6,7]; c1:bw=58,experts=[0,1,3,5,7]","3.2211,2.1214,3.0611,2.5507,2.2515,4.0550,2.0070,1.3998,2.9060,2.2079,1.3850,2.7698,2.4547,1.1480,3.8945,1.9830,3.4754,2.1059,1.2043,3.4738"
44,2026-09-23 19:34:31,Ours,0.01,2.162189331704895,40.6,40.6,44,51.0745,0:51.07,49.6049,0.314,1.1533,2271.2684,37:51.27,20,"12,15,13,6,2,17,8,10,14,5,1,4,7,19,11,0,18,16,9,3",12:40;15:50;13:28;6:20;2:37;17:12;8:34;10:56;14:65;5:24;1:45;4:29;7:75;19:10;11:16;0:66;18:54;16:76;9:37;3:47,"12:[0,5,6,7];15:[0,2,5,6,7];13:[6,7];6:[4,6];2:[0,2,5];17:[0];8:[2,4,7];10:[0,1,2,4,5];14:[1,2,3,4,5,6];5:[2,4];1:[1,2,5,7];4:[1,5];7:[0,1,2,3,4,6,7];19:[5];11:[6];0:[0,2,3,5,6,7];18:[1,3,4,6,7];16:[0,1,2,3,4,6,7];9:[3,5,7];3:[1,3,4,7]","c12:bw=40,experts=[0,5,6,7]; c15:bw=50,experts=[0,2,5,6,7]; c13:bw=28,experts=[6,7]; c6:bw=20,experts=[4,6]; c2:bw=37,experts=[0,2,5]; c17:bw=12,experts=[0]; c8:bw=34,experts=[2,4,7]; c10:bw=56,experts=[0,1,2,4,5]; c14:bw=65,experts=[1,2,3,4,5,6]; c5:bw=24,experts=[2,4]; c1:bw=45,experts=[1,2,5,7]; c4:bw=29,experts=[1,5]; c7:bw=75,experts=[0,1,2,3,4,6,7]; c19:bw=10,experts=[5]; c11:bw=16,experts=[6]; c0:bw=66,experts=[0,2,3,5,6,7]; c18:bw=54,experts=[1,3,4,6,7]; c16:bw=76,experts=[0,1,2,3,4,6,7]; c9:bw=37,experts=[3,5,7]; c3:bw=47,experts=[1,3,4,7]","2.3506,2.8314,3.9658,1.9311,2.4816,2.1159,2.2586,1.1424,4.0935,1.1904,3.5119,3.1677,3.0555,3.4438,2.2419,1.3764,2.9042,2.0000,2.1079,1.4343"
45,2026-09-23 19:35:22,Ours,0.01,2.164859968639344,41.48,41.48,45,50.8721,0:50.87,49.4019,0.3183,1.1497,2322.1649,38:42.16,20,"12,0,11,5,6,1,4,17,9,2,8,13,19,16,3,7,18,10,15,14",12:61;0:36;11:53;5:44;6:10;1:56;4:64;17:10;9:25;2:49;8:55;13:53;19:67;16:54;3:67;7:36;18:16;10:42;15:33;14:41,"12:[0,1,3,4,6,7];0:[3,4,6];11:[2,3,4,5,7];5:[1,3,4,7];6:[0];1:[0,1,2,3,7];4:[0,1,3,4,5,7];17:[2];9:[3,6];2:[1,4,6,7];8:[0,2,3,5,6];13:[0,1,2,6,7];19:[0,1,3,5,6,7];16:[0,1,2,5,7];3:[0,1,2,3,4,5];7:[0,5,6];18:[7];10:[1,3,4,5];15:[2,3,4];14:[0,1,3,7]","c12:bw=61,experts=[0,1,3,4,6,7]; c0:bw=36,experts=[3,4,6]; c11:bw=53,experts=[2,3,4,5,7]; c5:bw=44,experts=[1,3,4,7]; c6:bw=10,experts=[0]; c1:bw=56,experts=[0,1,2,3,7]; c4:bw=64,experts=[0,1,3,4,5,7]; c17:bw=10,experts=[2]; c9:bw=25,experts=[3,6]; c2:bw=49,experts=[1,4,6,7]; c8:bw=55,experts=[0,2,3,5,6]; c13:bw=53,experts=[0,1,2,6,7]; c19:bw=67,experts=[0,1,3,5,6,7]; c16:bw=54,experts=[0,1,2,5,7]; c3:bw=67,experts=[0,1,2,3,4,5]; c7:bw=36,experts=[0,5,6]; c18:bw=16,experts=[7]; c10:bw=42,experts=[1,3,4,5]; c15:bw=33,experts=[2,3,4]; c14:bw=41,experts=[0,1,3,7]","2.3865,1.4091,2.2540,1.2056,1.9186,3.4972,3.1617,2.1079,2.1053,2.4623,2.1406,3.9472,3.4526,1.9871,1.4366,3.0565,2.9110,1.1427,2.7891,4.0303"
46,2026-09-23 19:36:13,Ours,0.01,2.1487659579782,40.62,41.48,45,51.4721,0:51.47,50.0173,0.3096,1.1431,2373.6607,39:33.66,20,"7,3,16,14,2,6,12,10,13,15,1,18,11,8,19,0,5,9,17,4",7:28;3:27;16:28;14:39;2:57;6:39;12:53;10:59;13:50;15:14;1:41;18:44;11:38;8:39;19:10;0:55;5:41;9:37;17:15;4:64,"7:[0,7];3:[1,5];16:[2,4];14:[1,4,5];2:[0,1,2,5,7];6:[2,5,6];12:[0,1,2,3,6];10:[0,1,4,5,7];13:[0,2,3,4,6];15:[1];1:[3,4,5,7];18:[2,3,5,7];11:[0,3,7];8:[1,3,6];19:[7];0:[1,2,5,6,7];5:[0,4,5,6];9:[2,5,6];17:[0];4:[0,1,3,4,5,6]","c7:bw=28,experts=[0,7]; c3:bw=27,experts=[1,5]; c16:bw=28,experts=[2,4]; c14:bw=39,experts=[1,4,5]; c2:bw=57,experts=[0,1,2,5,7]; c6:bw=39,experts=[2,5,6]; c12:bw=53,experts=[0,1,2,3,6]; c10:bw=59,experts=[0,1,4,5,7]; c13:bw=50,experts=[0,2,3,4,6]; c15:bw=14,experts=[1]; c1:bw=41,experts=[3,4,5,7]; c18:bw=44,experts=[2,3,5,7]; c11:bw=38,experts=[0,3,7]; c8:bw=39,experts=[1,3,6]; c19:bw=10,experts=[7]; c0:bw=55,experts=[1,2,5,6,7]; c5:bw=41,experts=[0,4,5,6]; c9:bw=37,experts=[2,5,6]; c17:bw=15,experts=[0]; c4:bw=64,experts=[0,1,3,4,5,6]","3.0958,1.3943,2.0540,4.0822,2.4850,1.9299,2.3605,1.1633,4.2949,2.8404,3.5116,2.8892,2.2174,2.1475,3.4302,1.4198,1.1939,2.2107,2.1113,3.1855"
47,2026-09-23 19:37:05,Ours,0.01,2.1558999580418963,39.98,41.48,45,51.4747,0:51.47,50.0177,0.3174,1.1374,2425.1598,40:25.16,20,"11,18,10,13,15,8,4,1,14,6,9,5,17,19,12,2,16,7,0,3",11:39;18:10;10:51;13:33;15:42;8:39;4:10;1:30;14:24;6:22;9:17;5:52;17:20;19:28;12:15;2:54;16:68;7:53;0:46;3:70,"11:[3,4,7];18:[2];10:[0,1,2,3,7];13:[3,6,7];15:[2,4,6,7];8:[4,5,7];4:[1];1:[0,1,7];14:[2,3];6:[0,1];9:[7];5:[0,2,3,6,7];17:[4,6];19:[0,4];12:[2];2:[0,1,2,6,7];16:[0,1,2,3,5,6];7:[0,1,5,6,7];0:[2,4,5,7];3:[0,1,2,4,5,6,7]","c11:bw=39,experts=[3,4,7]; c18:bw=10,experts=[2]; c10:bw=51,experts=[0,1,2,3,7]; c13:bw=33,experts=[3,6,7]; c15:bw=42,experts=[2,4,6,7]; c8:bw=39,experts=[4,5,7]; c4:bw=10,experts=[1]; c1:bw=30,experts=[0,1,7]; c14:bw=24,experts=[2,3]; c6:bw=22,experts=[0,1]; c9:bw=17,experts=[7]; c5:bw=52,experts=[0,2,3,6,7]; c17:bw=20,experts=[4,6]; c19:bw=28,experts=[0,4]; c12:bw=15,experts=[2]; c2:bw=54,experts=[0,1,2,6,7]; c16:bw=68,experts=[0,1,2,3,5,6]; c7:bw=53,experts=[0,1,5,6,7]; c0:bw=46,experts=[2,4,5,7]; c3:bw=70,experts=[0,1,2,4,5,6,7]","2.2725,2.9209,1.1413,4.3111,2.8365,2.1615,3.1617,3.5133,4.0176,1.9112,2.2350,1.1873,2.1359,3.4473,2.3259,2.5058,2.0107,3.1076,1.4355,1.3791"
48,2026-09-23 19:37:56,Ours,0.01,2.1113787828444748,39.8,41.48,45,51.3384,0:51.34,49.8673,0.322,1.147,2476.5235,41:16.52,20,"16,7,8,17,3,4,0,6,15,19,5,9,1,12,11,18,10,13,14,2",16:10;7:62;8:50;17:38;3:18;4:67;0:16;6:45;15:64;19:45;5:55;9:52;1:50;12:31;11:32;18:62;10:12;13:50;14:10;2:57,"16:[6];7:[0,1,3,4,5,6];8:[1,3,4,5,7];17:[3,4,6];3:[1];4:[0,1,2,5,6,7];0:[5];6:[0,4,5,7];15:[0,1,2,3,5,7];19:[2,4,5,7];5:[2,3,4,6,7];9:[1,4,5,6,7];1:[1,3,4,5,7];12:[2,4,7];11:[0,1,2];18:[0,1,3,4,6,7];10:[4];13:[0,1,2,3,6];14:[2];2:[0,2,3,5,7]","c16:bw=10,experts=[6]; c7:bw=62,experts=[0,1,3,4,5,6]; c8:bw=50,experts=[1,3,4,5,7]; c17:bw=38,experts=[3,4,6]; c3:bw=18,experts=[1]; c4:bw=67,experts=[0,1,2,5,6,7]; c0:bw=16,experts=[5]; c6:bw=45,experts=[0,4,5,7]; c15:bw=64,experts=[0,1,2,3,5,7]; c19:bw=45,experts=[2,4,5,7]; c5:bw=55,experts=[2,3,4,6,7]; c9:bw=52,experts=[1,4,5,6,7]; c1:bw=50,experts=[1,3,4,5,7]; c12:bw=31,experts=[2,4,7]; c11:bw=32,experts=[0,1,2]; c18:bw=62,experts=[0,1,3,4,6,7]; c10:bw=12,experts=[4]; c13:bw=50,experts=[0,1,2,3,6]; c14:bw=10,experts=[2]; c2:bw=57,experts=[0,2,3,5,7]","2.0002,3.0888,2.2523,2.1462,1.3767,3.1852,1.3777,1.9183,2.8422,3.4539,1.1929,2.1172,3.5659,2.4619,2.4242,2.9095,1.1346,3.9242,4.0297,2.4658"
49,2026-09-23 19:38:48,Ours,0.01,2.1056740796013993,42.11,42.11,49,52.0714,0:52.07,50.5697,0.3123,1.1814,2528.6201,42:08.62,20,"7,4,0,10,17,5,15,18,1,13,2,9,14,8,3,12,19,11,6,16",7:44;4:48;0:20;10:64;17:30;5:56;15:42;18:32;1:54;13:39;2:58;9:53;14:58;8:26;3:32;12:37;19:10;11:38;6:13;16:30,"7:[0,5,6,7];4:[0,1,4,5];0:[1,6];10:[0,1,2,3,5,7];17:[0,1,7];5:[2,4,5,6,7];15:[1,2,4,5];18:[2,4,5];1:[1,2,5,6,7];13:[0,4,7];2:[0,2,3,4,5];9:[0,1,2,6,7];14:[0,3,4,5,7];8:[0,4];3:[0,3,5];12:[3,4,5];19:[1];11:[2,5,7];6:[3];16:[0,2,6]","c7:bw=44,experts=[0,5,6,7]; c4:bw=48,experts=[0,1,4,5]; c0:bw=20,experts=[1,6]; c10:bw=64,experts=[0,1,2,3,5,7]; c17:bw=30,experts=[0,1,7]; c5:bw=56,experts=[2,4,5,6,7]; c15:bw=42,experts=[1,2,4,5]; c18:bw=32,experts=[2,4,5]; c1:bw=54,experts=[1,2,5,6,7]; c13:bw=39,experts=[0,4,7]; c2:bw=58,experts=[0,2,3,4,5]; c9:bw=53,experts=[0,1,2,6,7]; c14:bw=58,experts=[0,3,4,5,7]; c8:bw=26,experts=[0,4]; c3:bw=32,experts=[0,3,5]; c12:bw=37,experts=[3,4,5]; c19:bw=10,experts=[1]; c11:bw=38,experts=[2,5,7]; c6:bw=13,experts=[3]; c16:bw=30,experts=[0,2,6]","3.4585,3.2724,1.4819,1.1711,2.2451,1.2047,2.8127,2.9141,3.5190,4.2681,2.4885,2.2893,3.7198,2.1449,1.3917,2.4487,3.4491,2.2338,1.9039,2.1525"
50,2026-09-23 19:39:40,Ours,0.01,2.096809305704882,43.63,43.63,50,51.8753,0:51.88,50.4024,0.3225,1.1482,2580.52,43:00.52,20,"2,6,14,12,13,17,11,0,16,15,7,10,1,19,3,5,4,8,9,18",2:63;6:68;14:23;12:34;13:37;17:33;11:57;0:29;16:27;15:31;7:34;10:23;1:64;19:43;3:39;5:31;4:10;8:32;9:27;18:44,"2:[0,1,2,3,6,7];6:[0,1,2,3,5,7];14:[0,7];12:[2,3,6];13:[1,6,7];17:[3,5,6];11:[0,2,3,4,6];0:[1,2];16:[0,6];15:[1,3,6];7:[3,4,5];10:[2,4];1:[0,1,4,5,6,7];19:[0,1,3,4];3:[0,3,4];5:[2,3,5];4:[0];8:[3,4,5];9:[4,5];18:[0,3,4,6]","c2:bw=63,experts=[0,1,2,3,6,7]; c6:bw=68,experts=[0,1,2,3,5,7]; c14:bw=23,experts=[0,7]; c12:bw=34,experts=[2,3,6]; c13:bw=37,experts=[1,6,7]; c17:bw=33,experts=[3,5,6]; c11:bw=57,experts=[0,2,3,4,6]; c0:bw=29,experts=[1,2]; c16:bw=27,experts=[0,6]; c15:bw=31,experts=[1,3,6]; c7:bw=34,experts=[3,4,5]; c10:bw=23,experts=[2,4]; c1:bw=64,experts=[0,1,4,5,6,7]; c19:bw=43,experts=[0,1,3,4]; c3:bw=39,experts=[0,3,4]; c5:bw=31,experts=[2,3,5]; c4:bw=10,experts=[0]; c8:bw=32,experts=[3,4,5]; c9:bw=27,experts=[4,5]; c18:bw=44,experts=[0,3,4,6]","2.4854,1.9214,4.0574,2.5456,4.2673,2.1390,2.3740,1.3851,2.0018,2.8178,3.2113,1.1213,3.5193,3.4447,1.3891,1.1882,3.1649,2.2871,2.1398,2.9420"
51,2026-09-23 19:40:32,Ours,0.01,2.092911821754581,42.56,43.63,50,51.9467,0:51.95,50.4899,0.3154,1.1393,2632.4927,43:52.49,20,"0,9,11,16,13,19,17,1,5,12,18,4,7,14,2,6,8,10,3,15",0:53;9:18;11:60;16:30;13:40;19:10;17:43;1:21;5:47;12:43;18:37;4:11;7:27;14:30;2:20;6:52;8:46;10:37;3:55;15:57,"0:[0,2,3,5,7];9:[2];11:[1,3,4,5,6,7];16:[2,3,5];13:[2,5,6,7];19:[2];17:[1,2,5,7];1:[4,6];5:[2,3,5,7];12:[0,1,4,7];18:[2,3,6];4:[3];7:[0,3];14:[0,3,4];2:[5,7];6:[0,1,3,4,7];8:[0,1,2,4];10:[3,6,7];3:[1,3,5,6,7];15:[0,1,2,5,7]","c0:bw=53,experts=[0,2,3,5,7]; c9:bw=18,experts=[2]; c11:bw=60,experts=[1,3,4,5,6,7]; c16:bw=30,experts=[2,3,5]; c13:bw=40,experts=[2,5,6,7]; c19:bw=10,experts=[2]; c17:bw=43,experts=[1,2,5,7]; c1:bw=21,experts=[4,6]; c5:bw=47,experts=[2,3,5,7]; c12:bw=43,experts=[0,1,4,7]; c18:bw=37,experts=[2,3,6]; c4:bw=11,experts=[3]; c7:bw=27,experts=[0,3]; c14:bw=30,experts=[0,3,4]; c2:bw=20,experts=[5,7]; c6:bw=52,experts=[0,1,3,4,7]; c8:bw=46,experts=[0,1,2,4]; c10:bw=37,experts=[3,6,7]; c3:bw=55,experts=[1,3,5,6,7]; c15:bw=57,experts=[0,1,2,5,7]","1.4068,2.1255,2.2891,2.0152,4.3160,3.4744,2.1115,3.5723,1.2033,2.5453,2.9324,3.1563,3.1720,4.0566,2.4486,1.9176,2.3278,1.1538,1.4703,2.7950"
52,2026-09-23 19:41:24,Ours,0.01,2.049458690881113,44.38,44.38,52,51.4143,0:51.41,49.9699,0.3111,1.1265,2683.933,44:43.93,20,"6,17,15,8,0,19,12,3,13,18,4,11,2,9,7,10,14,1,5,16",6:51;17:19;15:31;8:18;0:46;19:46;12:10;3:43;13:23;18:49;4:33;11:60;2:29;9:31;7:34;10:31;14:42;1:40;5:24;16:59,"6:[0,2,4,5,6];17:[7];15:[1,5,6];8:[7];0:[0,1,3,5];19:[0,1,5,7];12:[4];3:[0,5,6,7];13:[5,7];18:[1,2,3,6];4:[3,5,7];11:[0,1,2,3,4,6];2:[2,4];9:[2,4,6];7:[2,4,6];10:[0,4,6];14:[0,2,5,6];1:[0,1,4,7];5:[0,7];16:[0,2,3,4,6]","c6:bw=51,experts=[0,2,4,5,6]; c17:bw=19,experts=[7]; c15:bw=31,experts=[1,5,6]; c8:bw=18,experts=[7]; c0:bw=46,experts=[0,1,3,5]; c19:bw=46,experts=[0,1,5,7]; c12:bw=10,experts=[4]; c3:bw=43,experts=[0,5,6,7]; c13:bw=23,experts=[5,7]; c18:bw=49,experts=[1,2,3,6]; c4:bw=33,experts=[3,5,7]; c11:bw=60,experts=[0,1,2,3,4,6]; c2:bw=29,experts=[2,4]; c9:bw=31,experts=[2,4,6]; c7:bw=34,experts=[2,4,6]; c10:bw=31,experts=[0,4,6]; c14:bw=42,experts=[0,2,5,6]; c1:bw=40,experts=[0,1,4,7]; c5:bw=24,experts=[0,7]; c16:bw=59,experts=[0,2,3,4,6]","1.9439,2.1330,2.8104,2.1901,1.3998,3.4440,2.5633,1.3849,4.2551,2.8846,3.1462,2.2645,2.4679,2.1196,3.0477,1.1608,4.0306,3.5169,1.2087,1.9978"
53,2026-09-23 19:42:15,Ours,0.01,2.087791828871268,43.4,44.38,52,51.6106,0:51.61,50.1628,0.3225,1.123,2735.5703,45:35.57,20,"11,9,8,12,6,15,7,1,16,18,2,19,3,10,17,4,5,13,0,14",11:11;9:61;8:22;12:45;6:36;15:27;7:44;1:59;16:44;18:17;2:51;19:10;3:47;10:52;17:28;4:28;5:44;13:10;0:39;14:34,"11:[2];9:[1,2,4,5,6,7];8:[0,2];12:[1,2,6,7];6:[0,2,7];15:[4,6];7:[1,2,4,5];1:[1,2,3,4,7];16:[1,3,6,7];18:[5];2:[0,1,2,3,4];19:[4];3:[0,1,3,4];10:[0,1,2,5,6];17:[1,4];4:[3,6];5:[1,2,3,5];13:[5];0:[0,2,5];14:[0,1,5]","c11:bw=11,experts=[2]; c9:bw=61,experts=[1,2,4,5,6,7]; c8:bw=22,experts=[0,2]; c12:bw=45,experts=[1,2,6,7]; c6:bw=36,experts=[0,2,7]; c15:bw=27,experts=[4,6]; c7:bw=44,experts=[1,2,4,5]; c1:bw=59,experts=[1,2,3,4,7]; c16:bw=44,experts=[1,3,6,7]; c18:bw=17,experts=[5]; c2:bw=51,experts=[0,1,2,3,4]; c19:bw=10,experts=[4]; c3:bw=47,experts=[0,1,3,4]; c10:bw=52,experts=[0,1,2,5,6]; c17:bw=28,experts=[1,4]; c4:bw=28,experts=[3,6]; c5:bw=44,experts=[1,2,3,5]; c13:bw=10,experts=[5]; c0:bw=39,experts=[0,2,5]; c14:bw=34,experts=[0,1,5]","2.2579,2.2142,2.2237,2.5568,1.9039,2.8167,3.0489,3.5155,2.0061,2.8904,2.4673,3.4429,1.3744,1.1606,2.1093,3.2343,1.1776,4.2684,1.4145,4.0794"
54,2026-09-23 19:43:07,Ours,0.01,2.044812431977736,44.23,44.38,52,51.9096,0:51.91,50.4213,0.3464,1.1397,2787.5059,46:27.51,20,"11,13,3,18,16,14,9,12,2,6,5,19,10,15,17,8,4,0,1,7",11:58;13:55;3:30;18:33;16:10;14:33;9:50;12:74;2:10;6:54;5:10;19:21;10:10;15:32;17:27;8:55;4:32;0:37;1:53;7:61,"11:[1,4,5,6,7];13:[0,1,3,4,5];3:[1,4,5];18:[2,3,6];16:[3];14:[3,4,6];9:[2,3,4,5,7];12:[0,1,3,4,5,6,7];2:[0];6:[1,2,3,5,7];5:[6];19:[1,4];10:[7];15:[0,1,3];17:[2,7];8:[0,2,4,6,7];4:[2,4,5];0:[0,3,5];1:[0,1,2,5,6];7:[1,2,3,4,5,6]","c11:bw=58,experts=[1,4,5,6,7]; c13:bw=55,experts=[0,1,3,4,5]; c3:bw=30,experts=[1,4,5]; c18:bw=33,experts=[2,3,6]; c16:bw=10,experts=[3]; c14:bw=33,experts=[3,4,6]; c9:bw=50,experts=[2,3,4,5,7]; c12:bw=74,experts=[0,1,3,4,5,6,7]; c2:bw=10,experts=[0]; c6:bw=54,experts=[1,2,3,5,7]; c5:bw=10,experts=[6]; c19:bw=21,experts=[1,4]; c10:bw=10,experts=[7]; c15:bw=32,experts=[0,1,3]; c17:bw=27,experts=[2,7]; c8:bw=55,experts=[0,2,4,6,7]; c4:bw=32,experts=[2,4,5]; c0:bw=37,experts=[0,3,5]; c1:bw=53,experts=[0,1,2,5,6]; c7:bw=61,experts=[1,2,3,4,5,6]","2.2724,4.2365,1.4045,2.9177,2.0085,4.0757,2.1441,2.3909,2.4742,1.9163,1.2011,3.6915,1.1446,2.8078,2.1138,2.2454,3.1656,1.3805,3.7758,3.0542"
55,2026-09-23 19:43:59,Ours,0.01,2.0296966414559092,45.15,45.15,55,51.5353,0:51.54,50.0564,0.3204,1.1562,2839.0672,47:19.07,20,"17,9,6,13,14,19,3,16,4,18,12,5,7,0,15,2,11,1,8,10",17:39;9:62;6:42;13:24;14:33;19:60;3:52;16:57;4:14;18:70;12:62;5:53;7:54;0:27;15:30;2:41;11:40;1:60;8:14;10:57,"17:[1,2,6];9:[0,2,3,4,5,7];6:[1,3,4,7];13:[2,3];14:[2,3,6];19:[1,3,4,5,6,7];3:[0,2,3,5,7];16:[0,1,2,5,7];4:[1];18:[0,1,2,3,4,5,6];12:[2,3,4,5,6,7];5:[0,1,2,3,5];7:[1,3,4,6,7];0:[4,6];15:[0,1,4];2:[1,4,5,7];11:[2,3,4,5];1:[1,2,3,5,6,7];8:[1];10:[0,1,3,6,7]","c17:bw=39,experts=[1,2,6]; c9:bw=62,experts=[0,2,3,4,5,7]; c6:bw=42,experts=[1,3,4,7]; c13:bw=24,experts=[2,3]; c14:bw=33,experts=[2,3,6]; c19:bw=60,experts=[1,3,4,5,6,7]; c3:bw=52,experts=[0,2,3,5,7]; c16:bw=57,experts=[0,1,2,5,7]; c4:bw=14,experts=[1]; c18:bw=70,experts=[0,1,2,3,4,5,6]; c12:bw=62,experts=[2,3,4,5,6,7]; c5:bw=53,experts=[0,1,2,3,5]; c7:bw=54,experts=[1,3,4,6,7]; c0:bw=27,experts=[4,6]; c15:bw=30,experts=[0,1,4]; c2:bw=41,experts=[1,4,5,7]; c11:bw=40,experts=[2,3,4,5]; c1:bw=60,experts=[1,2,3,5,6,7]; c8:bw=14,experts=[1]; c10:bw=57,experts=[0,1,3,6,7]","2.1388,2.1633,1.9238,4.2717,3.9624,3.4570,1.3742,2.1395,3.1734,2.9227,2.3498,1.2303,3.0593,1.4054,2.8778,2.5063,2.2280,3.5060,2.1363,1.2305"
56,2026-09-23 19:44:50,Ours,0.01,2.0001171512921085,46.78,46.78,56,50.9732,0:50.97,49.5327,0.3189,1.1193,2890.0675,48:10.07,20,"19,14,17,15,10,0,5,4,2,11,6,16,7,1,8,9,12,3,13,18",19:10;14:42;17:10;15:35;10:20;0:70;5:31;4:10;2:53;11:26;6:23;16:42;7:18;1:56;8:13;9:52;12:38;3:10;13:18;18:54,"19:[4];14:[2,4,5,6];17:[6];15:[1,2,5];10:[3,6];0:[0,1,2,3,5,6,7];5:[3,5,6];4:[7];2:[0,3,4,5,6];11:[4,6];6:[3,6];16:[1,2,5,7];7:[2];1:[1,2,5,6,7];8:[1];9:[1,3,4,5,6];12:[0,5,7];3:[4];13:[7];18:[0,1,2,5,7]","c19:bw=10,experts=[4]; c14:bw=42,experts=[2,4,5,6]; c17:bw=10,experts=[6]; c15:bw=35,experts=[1,2,5]; c10:bw=20,experts=[3,6]; c0:bw=70,experts=[0,1,2,3,5,6,7]; c5:bw=31,experts=[3,5,6]; c4:bw=10,experts=[7]; c2:bw=53,experts=[0,3,4,5,6]; c11:bw=26,experts=[4,6]; c6:bw=23,experts=[3,6]; c16:bw=42,experts=[1,2,5,7]; c7:bw=18,experts=[2]; c1:bw=56,experts=[1,2,5,6,7]; c8:bw=13,experts=[1]; c9:bw=52,experts=[1,3,4,5,6]; c12:bw=38,experts=[0,5,7]; c3:bw=10,experts=[4]; c13:bw=18,experts=[7]; c18:bw=54,experts=[0,1,2,5,7]","3.8139,3.7781,2.1523,2.8139,1.1506,1.3993,1.2001,3.1427,2.5705,2.2493,1.9733,1.9736,3.0230,3.5158,2.1417,2.1211,2.3680,1.3776,3.8836,2.8840"
57,2026-09-23 19:45:41,Ours,0.01,1.993628693414579,46.74,46.78,56,51.5752,0:51.58,50.1013,0.3142,1.1576,2941.6701,49:01.67,20,"15,10,8,0,4,3,18,9,17,12,11,5,19,6,2,16,7,13,1,14",15:36;10:58;8:43;0:70;4:41;3:64;18:44;9:19;17:52;12:17;11:26;5:44;19:44;6:48;2:33;16:33;7:69;13:31;1:49;14:36,"15:[2,3,5];10:[0,2,4,6,7];8:[1,3,5,7];0:[0,1,2,3,5,6,7];4:[0,1,3,4];3:[0,1,2,4,5,6];18:[1,2,5,7];9:[6];17:[0,1,3,5,6];12:[4];11:[0,5];5:[2,3,5,7];19:[0,1,2,6];6:[1,2,4,5];2:[0,4,5];16:[1,2,5];7:[0,1,2,3,4,7];13:[4,5,6];1:[1,2,4,5];14:[3,5,6]","c15:bw=36,experts=[2,3,5]; c10:bw=58,experts=[0,2,4,6,7]; c8:bw=43,experts=[1,3,5,7]; c0:bw=70,experts=[0,1,2,3,5,6,7]; c4:bw=41,experts=[0,1,3,4]; c3:bw=64,experts=[0,1,2,4,5,6]; c18:bw=44,experts=[1,2,5,7]; c9:bw=19,experts=[6]; c17:bw=52,experts=[0,1,3,5,6]; c12:bw=17,experts=[4]; c11:bw=26,experts=[0,5]; c5:bw=44,experts=[2,3,5,7]; c19:bw=44,experts=[0,1,2,6]; c6:bw=48,experts=[1,2,4,5]; c2:bw=33,experts=[0,4,5]; c16:bw=33,experts=[1,2,5]; c7:bw=69,experts=[0,1,2,3,4,7]; c13:bw=31,experts=[4,5,6]; c1:bw=49,experts=[1,2,4,5]; c14:bw=36,experts=[3,5,6]","2.8096,1.1940,2.1550,1.4743,3.1860,1.4060,2.9067,2.1547,2.1275,2.4351,2.2314,1.2027,3.8162,1.9107,2.6182,1.9902,3.0493,4.1784,3.5243,3.7310"
58,2026-09-23 19:46:33,Ours,0.01,1.9684667697670517,47.01,47.01,58,51.3649,0:51.36,49.9217,0.3168,1.1241,2993.0636,49:53.06,20,"11,14,12,7,8,13,15,2,16,9,1,18,19,17,6,10,4,0,5,3",11:47;14:22;12:29;7:24;8:40;13:40;15:38;2:10;16:42;9:57;1:30;18:50;19:43;17:12;6:55;10:43;4:38;0:47;5:35;3:61,"11:[0,4,5,6];14:[0,5];12:[3,6];7:[1,7];8:[0,2,4,7];13:[0,5,6,7];15:[0,1,4];2:[3];16:[0,3,5,7];9:[0,1,3,4,6];1:[4,5,6];18:[0,2,4,5,7];19:[0,1,3,6];17:[6];6:[0,1,3,4,7];10:[2,4,6,7];4:[0,4,5];0:[0,2,6,7];5:[2,3,6];3:[0,2,3,4,5,6]","c11:bw=47,experts=[0,4,5,6]; c14:bw=22,experts=[0,5]; c12:bw=29,experts=[3,6]; c7:bw=24,experts=[1,7]; c8:bw=40,experts=[0,2,4,7]; c13:bw=40,experts=[0,5,6,7]; c15:bw=38,experts=[0,1,4]; c2:bw=10,experts=[3]; c16:bw=42,experts=[0,3,5,7]; c9:bw=57,experts=[0,1,3,4,6]; c1:bw=30,experts=[4,5,6]; c18:bw=50,experts=[0,2,4,5,7]; c19:bw=43,experts=[0,1,3,6]; c17:bw=12,experts=[6]; c6:bw=55,experts=[0,1,3,4,7]; c10:bw=43,experts=[2,4,6,7]; c4:bw=38,experts=[0,4,5]; c0:bw=47,experts=[0,2,6,7]; c5:bw=35,experts=[2,3,6]; c3:bw=61,experts=[0,2,3,4,5,6]","2.4405,3.7359,2.4887,3.0607,2.1640,4.0153,2.8342,2.6630,1.9807,2.1072,3.5244,2.8948,3.4335,2.1220,1.9103,1.1260,3.4117,1.4346,1.1893,1.3851"
59,2026-09-23 19:47:24,Ours,0.01,2.0031093286944146,48.11,48.11,59,51.2717,0:51.27,49.8305,0.2875,1.1444,3044.3628,50:44.36,20,"6,5,0,16,8,15,17,13,9,2,10,1,11,3,18,19,4,7,14,12",6:19;5:32;0:52;16:23;8:56;15:50;17:55;13:13;9:28;2:37;10:26;1:65;11:34;3:35;18:10;19:14;4:26;7:28;14:40;12:47,"6:[1];5:[0,4,7];0:[0,1,2,4,6];16:[1,2];8:[0,1,2,4,6];15:[0,3,4,6,7];17:[0,2,3,4,5];13:[2];9:[4,6];2:[3,6,7];10:[3,7];1:[0,2,3,4,6,7];11:[0,1,5];3:[0,3,6];18:[4];19:[1];4:[2,6];7:[3,5];14:[0,3,4,6];12:[0,3,5,6]","c6:bw=19,experts=[1]; c5:bw=32,experts=[0,4,7]; c0:bw=52,experts=[0,1,2,4,6]; c16:bw=23,experts=[1,2]; c8:bw=56,experts=[0,1,2,4,6]; c15:bw=50,experts=[0,3,4,6,7]; c17:bw=55,experts=[0,2,3,4,5]; c13:bw=13,experts=[2]; c9:bw=28,experts=[4,6]; c2:bw=37,experts=[3,6,7]; c10:bw=26,experts=[3,7]; c1:bw=65,experts=[0,2,3,4,6,7]; c11:bw=34,experts=[0,1,5]; c3:bw=35,experts=[0,3,6]; c18:bw=10,experts=[4]; c19:bw=14,experts=[1]; c4:bw=26,experts=[2,6]; c7:bw=28,experts=[3,5]; c14:bw=40,experts=[0,3,4,6]; c12:bw=47,experts=[0,3,5,6]","1.9246,1.2079,1.5054,2.0033,2.1682,2.8037,2.3087,4.2065,2.2145,2.4748,1.2240,3.5250,2.2317,1.4032,2.8854,3.4439,3.1816,3.0397,3.7228,2.3556"
60,2026-09-23 19:48:15,Ours,0.01,1.9683690174491892,48.86,48.86,60,51.0001,0:51.00,49.53,0.3211,1.1468,3095.3906,51:35.39,20,"4,8,13,15,2,3,11,0,1,14,12,19,18,6,17,16,5,7,9,10",4:30;8:24;13:59;15:51;2:30;3:44;11:40;0:53;1:54;14:42;12:16;19:60;18:26;6:59;17:39;16:63;5:33;7:48;9:10;10:10,"4:[3,5,7];8:[1,5];13:[1,4,5,6,7];15:[1,2,3,4,6];2:[0,2,4];3:[2,4,5,7];11:[1,2,4,7];0:[0,1,2,5,7];1:[2,4,5,6,7];14:[1,3,5,6];12:[4];19:[0,2,4,5,6,7];18:[1,3];6:[0,4,5,6,7];17:[4,5,6];16:[1,2,3,4,5,6];5:[0,5,7];7:[1,2,5,6];9:[0];10:[0]","c4:bw=30,experts=[3,5,7]; c8:bw=24,experts=[1,5]; c13:bw=59,experts=[1,4,5,6,7]; c15:bw=51,experts=[1,2,3,4,6]; c2:bw=30,experts=[0,2,4]; c3:bw=44,experts=[2,4,5,7]; c11:bw=40,experts=[1,2,4,7]; c0:bw=53,experts=[0,1,2,5,7]; c1:bw=54,experts=[2,4,5,6,7]; c14:bw=42,experts=[1,3,5,6]; c12:bw=16,experts=[4]; c19:bw=60,experts=[0,2,4,5,6,7]; c18:bw=26,experts=[1,3]; c6:bw=59,experts=[0,4,5,6,7]; c17:bw=39,experts=[4,5,6]; c16:bw=63,experts=[1,2,3,4,5,6]; c5:bw=33,experts=[0,5,7]; c7:bw=48,experts=[1,2,5,6]; c9:bw=10,experts=[0]; c10:bw=10,experts=[0]","3.2000,2.1721,3.9787,2.8293,2.6322,1.3847,2.3786,1.3792,3.5298,3.6827,2.5108,3.4639,2.8868,1.9124,2.1270,1.9898,1.2183,3.0271,2.0873,1.1391"
61,2026-09-23 19:49:06,Ours,0.01,1.9571034373574512,49.0,49.0,61,51.3573,0:51.36,49.8834,0.3136,1.1537,3146.7765,52:26.78,20,"3,6,1,13,19,0,10,15,12,18,2,5,8,17,14,11,16,9,7,4",3:43;6:37;1:33;13:34;19:52;0:60;10:11;15:16;12:27;18:50;2:29;5:49;8:55;17:46;14:38;11:39;16:38;9:38;7:43;4:38,"3:[0,1,2,7];6:[3,5,6];1:[1,4,5];13:[2,4,6];19:[1,3,4,6,7];0:[0,1,2,3,6,7];10:[2];15:[6];12:[6,7];18:[0,1,2,4,6];2:[0,4];5:[1,2,3,6];8:[2,3,4,5,6];17:[0,1,4,6];14:[1,5,6];11:[2,3,5];16:[2,3,6];9:[0,4,7];7:[0,1,2,4];4:[3,4,6]","c3:bw=43,experts=[0,1,2,7]; c6:bw=37,experts=[3,5,6]; c1:bw=33,experts=[1,4,5]; c13:bw=34,experts=[2,4,6]; c19:bw=52,experts=[1,3,4,6,7]; c0:bw=60,experts=[0,1,2,3,6,7]; c10:bw=11,experts=[2]; c15:bw=16,experts=[6]; c12:bw=27,experts=[6,7]; c18:bw=50,experts=[0,1,2,4,6]; c2:bw=29,experts=[0,4]; c5:bw=49,experts=[1,2,3,6]; c8:bw=55,experts=[2,3,4,5,6]; c17:bw=46,experts=[0,1,4,6]; c14:bw=38,experts=[1,5,6]; c11:bw=39,experts=[2,3,5]; c16:bw=38,experts=[2,3,6]; c9:bw=38,experts=[0,4,7]; c7:bw=43,experts=[0,1,2,4]; c4:bw=38,experts=[3,4,6]","1.4010,1.9449,3.5211,4.3428,3.5126,1.4731,1.1392,2.7958,2.3545,2.9217,2.5809,1.2122,2.1503,2.1445,3.7052,2.3105,2.0025,2.1530,3.0248,3.1926"
62,2026-09-23 19:49:58,Ours,0.01,1.943444909737306,48.93,49.0,61,51.173,0:51.17,49.6871,0.3202,1.1635,3197.9782,53:17.98,20,"10,6,5,17,2,18,1,12,11,19,9,13,15,8,16,4,14,7,0,3",10:21;6:62;5:67;17:19;2:42;18:26;1:75;12:11;11:36;19:42;9:16;13:30;15:46;8:13;16:26;4:60;14:14;7:44;0:28;3:53,"10:[5,7];6:[0,2,3,4,6,7];5:[0,3,4,5,6,7];17:[4];2:[1,4,5,7];18:[1,3];1:[0,1,2,3,5,6,7];12:[7];11:[1,5,7];19:[0,4,5,6];9:[4];13:[5,6,7];15:[0,3,4,6];8:[1];16:[0,3];4:[0,2,4,5,6,7];14:[0];7:[4,5,6,7];0:[4,6];3:[0,1,5,6,7]","c10:bw=21,experts=[5,7]; c6:bw=62,experts=[0,2,3,4,6,7]; c5:bw=67,experts=[0,3,4,5,6,7]; c17:bw=19,experts=[4]; c2:bw=42,experts=[1,4,5,7]; c18:bw=26,experts=[1,3]; c1:bw=75,experts=[0,1,2,3,5,6,7]; c12:bw=11,experts=[7]; c11:bw=36,experts=[1,5,7]; c19:bw=42,experts=[0,4,5,6]; c9:bw=16,experts=[4]; c13:bw=30,experts=[5,6,7]; c15:bw=46,experts=[0,3,4,6]; c8:bw=13,experts=[1]; c16:bw=26,experts=[0,3]; c4:bw=60,experts=[0,2,4,5,6,7]; c14:bw=14,experts=[0]; c7:bw=44,experts=[4,5,6,7]; c0:bw=28,experts=[4,6]; c3:bw=53,experts=[0,1,5,6,7]","1.1465,1.9510,1.2115,2.1545,2.7076,2.9160,3.5289,2.3409,2.3904,3.4648,2.1480,3.9217,2.8203,2.2935,1.9826,3.1967,3.6958,3.0424,1.4009,1.3729"
63,2026-09-23 19:50:49,Ours,0.01,1.9269787006476675,48.83,49.0,61,51.5709,0:51.57,50.1004,0.32,1.1482,3249.5791,54:09.58,20,"13,9,16,8,4,3,11,7,18,2,12,0,14,15,19,17,6,1,5,10",13:58;9:21;16:58;8:32;4:52;3:52;11:45;7:68;18:47;2:28;12:51;0:41;14:41;15:61;19:34;17:37;6:34;1:50;5:10;10:27,"13:[0,3,4,5,6];9:[2,4];16:[0,1,2,4,5];8:[0,2,3];4:[0,1,2,4,6];3:[0,1,3,6,7];11:[0,1,3,4];7:[0,2,3,4,6,7];18:[2,3,4,5];2:[1,2];12:[0,2,3,4,5];0:[1,2,3,6];14:[1,2,3,5];15:[0,1,3,4,5,7];19:[0,4,5];17:[0,1,7];6:[1,3,5];1:[0,2,3,4,6];5:[0];10:[2,7]","c13:bw=58,experts=[0,3,4,5,6]; c9:bw=21,experts=[2,4]; c16:bw=58,experts=[0,1,2,4,5]; c8:bw=32,experts=[0,2,3]; c4:bw=52,experts=[0,1,2,4,6]; c3:bw=52,experts=[0,1,3,6,7]; c11:bw=45,experts=[0,1,3,4]; c7:bw=68,experts=[0,2,3,4,6,7]; c18:bw=47,experts=[2,3,4,5]; c2:bw=28,experts=[1,2]; c12:bw=51,experts=[0,2,3,4,5]; c0:bw=41,experts=[1,2,3,6]; c14:bw=41,experts=[1,2,3,5]; c15:bw=61,experts=[0,1,3,4,5,7]; c19:bw=34,experts=[0,4,5]; c17:bw=37,experts=[0,1,7]; c6:bw=34,experts=[1,3,5]; c1:bw=50,experts=[0,2,3,4,6]; c5:bw=10,experts=[0]; c10:bw=27,experts=[2,7]","4.3254,2.1373,2.0223,2.1410,3.2229,1.3925,2.2399,3.1321,2.9041,2.5629,2.3647,1.4857,3.7211,2.8098,3.4668,2.2831,1.9337,3.5300,1.2069,1.2180"
64,2026-09-23 19:51:41,Ours,0.01,1.9126598738824838,50.51,50.51,64,51.4624,0:51.46,50.0311,0.3069,1.1177,3301.0741,55:01.07,20,"11,9,2,1,4,13,18,12,7,19,5,14,15,8,3,0,6,16,17,10",11:57;9:59;2:56;1:28;4:38;13:42;18:37;12:27;7:34;19:10;5:24;14:46;15:59;8:53;3:38;0:32;6:50;16:16;17:10;10:49,"11:[0,1,3,5,6];9:[0,1,4,5,6];2:[1,2,4,6,7];1:[3,7];4:[3,4,7];13:[1,3,6,7];18:[2,4,6];12:[3,5];7:[2,3,6];19:[7];5:[1,2];14:[2,3,6,7];15:[2,3,4,5,7];8:[2,3,4,5,6];3:[1,3,6];0:[1,5,6];6:[0,2,4,6,7];16:[4];17:[0];10:[1,4,5,7]","c11:bw=57,experts=[0,1,3,5,6]; c9:bw=59,experts=[0,1,4,5,6]; c2:bw=56,experts=[1,2,4,6,7]; c1:bw=28,experts=[3,7]; c4:bw=38,experts=[3,4,7]; c13:bw=42,experts=[1,3,6,7]; c18:bw=37,experts=[2,4,6]; c12:bw=27,experts=[3,5]; c7:bw=34,experts=[2,3,6]; c19:bw=10,experts=[7]; c5:bw=24,experts=[1,2]; c14:bw=46,experts=[2,3,6,7]; c15:bw=59,experts=[2,3,4,5,7]; c8:bw=53,experts=[2,3,4,5,6]; c3:bw=38,experts=[1,3,6]; c0:bw=32,experts=[1,5,6]; c6:bw=50,experts=[0,2,4,6,7]; c16:bw=16,experts=[4]; c17:bw=10,experts=[0]; c10:bw=49,experts=[1,4,5,7]","2.2673,2.1335,2.5757,3.5339,3.4482,4.2625,2.9350,2.5461,3.0566,3.4451,1.1894,3.7364,2.8306,2.1509,1.3756,1.3907,1.9252,1.9874,2.0998,1.1412"
65,2026-09-23 19:52:33,Ours,0.01,1.9091686842065645,50.4,50.51,64,51.9429,0:51.94,50.4589,0.3275,1.1543,3353.0471,55:53.05,20,"19,8,6,4,11,9,17,3,5,10,13,14,0,1,2,7,15,12,16,18",19:28;8:66;6:50;4:57;11:10;9:47;17:26;3:42;5:29;10:26;13:48;14:45;0:41;1:58;2:28;7:10;15:38;12:44;16:45;18:18,"19:[1,4];8:[0,2,3,4,5,6];6:[0,1,4,5,6];4:[0,1,2,3,7];11:[7];9:[0,1,4,5];17:[3,6];3:[3,4,5,7];5:[4,6];10:[5,7];13:[0,2,3,4];14:[0,5,6,7];0:[0,2,3,6];1:[0,1,4,6,7];2:[4,7];7:[6];15:[3,4,6];12:[1,5,6,7];16:[3,5,6,7];18:[7]","c19:bw=28,experts=[1,4]; c8:bw=66,experts=[0,2,3,4,5,6]; c6:bw=50,experts=[0,1,4,5,6]; c4:bw=57,experts=[0,1,2,3,7]; c11:bw=10,experts=[7]; c9:bw=47,experts=[0,1,4,5]; c17:bw=26,experts=[3,6]; c3:bw=42,experts=[3,4,5,7]; c5:bw=29,experts=[4,6]; c10:bw=26,experts=[5,7]; c13:bw=48,experts=[0,2,3,4]; c14:bw=45,experts=[0,5,6,7]; c0:bw=41,experts=[0,2,3,6]; c1:bw=58,experts=[0,1,4,6,7]; c2:bw=28,experts=[4,7]; c7:bw=10,experts=[6]; c15:bw=38,experts=[3,4,6]; c12:bw=44,experts=[1,5,6,7]; c16:bw=45,experts=[3,5,6,7]; c18:bw=18,experts=[7]","3.5028,2.1678,1.9367,3.4057,2.2352,2.1495,2.2461,1.4222,1.2021,1.1442,4.3234,3.7192,1.4685,3.5571,2.5981,3.3239,2.8221,2.3466,1.9911,2.8965"
66,2026-09-23 19:53:24,Ours,0.01,1.912125129260858,49.92,50.51,64,50.9239,0:50.92,49.4776,0.3209,1.1231,3404.0007,56:44.00,20,"7,8,3,15,5,12,4,16,14,10,19,0,11,1,13,18,17,9,2,6",7:50;8:24;3:66;15:50;5:17;12:42;4:41;16:59;14:23;10:46;19:56;0:38;11:10;1:54;13:32;18:24;17:35;9:31;2:41;6:30,"7:[1,2,4,5,6];8:[1,3];3:[0,1,2,3,4,6];15:[0,3,4,5,6];5:[0];12:[3,4,5,6];4:[0,1,2,5];16:[0,2,5,6,7];14:[4,7];10:[0,3,4,7];19:[0,2,3,4,6];0:[0,4,7];11:[0];1:[0,1,2,3,5];13:[3,4,5];18:[0,5];17:[0,1,6];9:[1,3,5];2:[0,2,3,5];6:[1,2,6]","c7:bw=50,experts=[1,2,4,5,6]; c8:bw=24,experts=[1,3]; c3:bw=66,experts=[0,1,2,3,4,6]; c15:bw=50,experts=[0,3,4,5,6]; c5:bw=17,experts=[0]; c12:bw=42,experts=[3,4,5,6]; c4:bw=41,experts=[0,1,2,5]; c16:bw=59,experts=[0,2,5,6,7]; c14:bw=23,experts=[4,7]; c10:bw=46,experts=[0,3,4,7]; c19:bw=56,experts=[0,2,3,4,6]; c0:bw=38,experts=[0,4,7]; c11:bw=10,experts=[0]; c1:bw=54,experts=[0,1,2,3,5]; c13:bw=32,experts=[3,4,5]; c18:bw=24,experts=[0,5]; c17:bw=35,experts=[0,1,6]; c9:bw=31,experts=[1,3,5]; c2:bw=41,experts=[0,2,3,5]; c6:bw=30,experts=[1,2,6]","3.1074,2.2452,1.3957,2.9307,1.1978,2.3536,3.2271,1.9873,3.7056,1.1376,3.4598,1.3876,2.2384,3.5100,3.9136,2.8665,2.1311,2.1041,2.6746,1.9039"
67,2026-09-23 19:54:15,Ours,0.01,1.903707536646592,49.4,50.51,64,51.1623,0:51.16,49.7083,0.3172,1.1346,3455.1936,57:35.19,20,"6,17,13,18,8,3,10,5,9,12,15,1,19,11,0,16,2,4,14,7",6:53;17:48;13:39;18:31;8:10;3:25;10:36;5:48;9:60;12:44;15:49;1:36;19:14;11:43;0:32;16:53;2:43;4:51;14:18;7:59,"6:[1,2,3,6,7];17:[0,1,3,5];13:[0,1,4];18:[4,5,7];8:[5];3:[0,6];10:[3,5,7];5:[2,3,5,6];9:[0,1,2,3,4,7];12:[0,1,6,7];15:[0,1,6,7];1:[3,4,7];19:[6];11:[1,2,5,7];0:[0,1,5];16:[0,1,3,5,6];2:[0,3,6,7];4:[1,3,5,6,7];14:[7];7:[1,2,4,5,7]","c6:bw=53,experts=[1,2,3,6,7]; c17:bw=48,experts=[0,1,3,5]; c13:bw=39,experts=[0,1,4]; c18:bw=31,experts=[4,5,7]; c8:bw=10,experts=[5]; c3:bw=25,experts=[0,6]; c10:bw=36,experts=[3,5,7]; c5:bw=48,experts=[2,3,5,6]; c9:bw=60,experts=[0,1,2,3,4,7]; c12:bw=44,experts=[0,1,6,7]; c15:bw=49,experts=[0,1,6,7]; c1:bw=36,experts=[3,4,7]; c19:bw=14,experts=[6]; c11:bw=43,experts=[1,2,5,7]; c0:bw=32,experts=[0,1,5]; c16:bw=53,experts=[0,1,3,5,6]; c2:bw=43,experts=[0,3,6,7]; c4:bw=51,experts=[1,3,5,6,7]; c14:bw=18,experts=[7]; c7:bw=59,experts=[1,2,4,5,7]","1.9528,2.3252,3.9749,2.9295,2.1590,1.3777,1.1375,1.2086,2.1108,2.4064,2.8184,3.5147,3.4670,2.2356,1.3973,1.9984,2.4885,3.1795,3.6923,3.3341"
68,2026-09-23 19:55:06,Ours,0.01,1.8707358608426965,51.24,51.24,68,50.7704,0:50.77,49.2956,0.3314,1.1413,3505.9938,58:25.99,20,"7,12,18,19,5,1,8,11,3,10,2,4,14,0,16,9,6,17,15,13",7:28;12:67;18:54;19:28;5:45;1:42;8:31;11:14;3:26;10:31;2:58;4:49;14:10;0:30;16:54;9:15;6:32;17:72;15:28;13:35,"7:[0,2];12:[1,2,3,4,6,7];18:[1,2,3,4,6];19:[1,3];5:[1,2,5,6];1:[3,5,6,7];8:[3,5,6];11:[5];3:[4,7];10:[3,5,6];2:[0,1,3,4,5];4:[3,5,6,7];14:[5];0:[0,4,6];16:[0,1,2,3,6];9:[5];6:[0,2,6];17:[0,1,2,4,5,6,7];15:[2,7];13:[3,4,5]","c7:bw=28,experts=[0,2]; c12:bw=67,experts=[1,2,3,4,6,7]; c18:bw=54,experts=[1,2,3,4,6]; c19:bw=28,experts=[1,3]; c5:bw=45,experts=[1,2,5,6]; c1:bw=42,experts=[3,5,6,7]; c8:bw=31,experts=[3,5,6]; c11:bw=14,experts=[5]; c3:bw=26,experts=[4,7]; c10:bw=31,experts=[3,5,6]; c2:bw=58,experts=[0,1,3,4,5]; c4:bw=49,experts=[3,5,6,7]; c14:bw=10,experts=[5]; c0:bw=30,experts=[0,4,6]; c16:bw=54,experts=[0,1,2,3,6]; c9:bw=15,experts=[5]; c6:bw=32,experts=[0,2,6]; c17:bw=72,experts=[0,1,2,4,5,6,7]; c15:bw=28,experts=[2,7]; c13:bw=35,experts=[3,4,5]","3.0700,2.3738,2.9313,3.4966,1.2182,3.5216,2.1597,2.2388,1.3701,1.1438,2.4582,3.1777,3.7027,1.3905,1.9979,2.2818,1.9099,2.1309,2.7803,3.9415"
69,2026-09-23 19:55:56,Ours,0.01,1.8774025254365778,50.07,51.24,68,50.7508,0:50.75,49.312,0.3108,1.1258,3556.7762,59:16.78,20,"12,17,15,13,16,0,8,7,5,18,4,3,11,14,6,2,1,9,10,19",12:10;17:48;15:20;13:67;16:60;0:52;8:42;7:58;5:39;18:10;4:41;3:41;11:45;14:37;6:26;2:66;1:31;9:35;10:16;19:43,"12:[6];17:[0,2,3,7];15:[6,7];13:[1,3,4,5,6,7];16:[0,1,2,3,4,6];0:[0,1,3,5,6];8:[0,2,3,6];7:[0,3,4,6,7];5:[0,4,5];18:[4];4:[1,3,4,7];3:[0,2,4,7];11:[1,3,4,5];14:[0,1,7];6:[3,7];2:[0,1,2,3,6,7];1:[4,6,7];9:[1,2,3];10:[1];19:[0,1,5,7]","c12:bw=10,experts=[6]; c17:bw=48,experts=[0,2,3,7]; c15:bw=20,experts=[6,7]; c13:bw=67,experts=[1,3,4,5,6,7]; c16:bw=60,experts=[0,1,2,3,4,6]; c0:bw=52,experts=[0,1,3,5,6]; c8:bw=42,experts=[0,2,3,6]; c7:bw=58,experts=[0,3,4,6,7]; c5:bw=39,experts=[0,4,5]; c18:bw=10,experts=[4]; c4:bw=41,experts=[1,3,4,7]; c3:bw=41,experts=[0,2,4,7]; c11:bw=45,experts=[1,3,4,5]; c14:bw=37,experts=[0,1,7]; c6:bw=26,experts=[3,7]; c2:bw=66,experts=[0,1,2,3,6,7]; c1:bw=31,experts=[4,6,7]; c9:bw=35,experts=[1,2,3]; c10:bw=16,experts=[1]; c19:bw=43,experts=[0,1,5,7]","2.3922,2.1392,2.8262,3.9462,2.0281,1.3802,2.1649,3.0698,1.1935,2.9065,3.1649,1.4088,2.2630,3.6917,1.9028,2.4628,3.5012,2.2850,1.1395,3.4453"
70,2026-09-23 19:56:47,Ours,0.01,1.8969720423077727,50.72,51.24,68,50.6828,0:50.68,49.1991,0.3202,1.1613,3607.4925,1:00:07.49,20,"5,17,3,10,12,15,19,4,18,7,8,14,2,1,0,6,13,9,16,11",5:23;17:41;3:32;10:58;12:40;15:75;19:37;4:58;18:63;7:28;8:48;14:10;2:55;1:24;0:30;6:26;13:33;9:10;16:67;11:53,"5:[0,3];17:[1,3,4,6];3:[1,4,7];10:[2,3,4,5,7];12:[0,2,6,7];15:[0,1,2,3,4,5,6];19:[0,2,4];4:[0,1,2,4,6];18:[1,2,4,5,6,7];7:[1,7];8:[2,4,5,7];14:[7];2:[0,1,5,6,7];1:[4,5];0:[1,4,7];6:[2,5];13:[1,3,6];9:[0];16:[1,2,3,4,5,7];11:[3,4,5,6,7]","c5:bw=23,experts=[0,3]; c17:bw=41,experts=[1,3,4,6]; c3:bw=32,experts=[1,4,7]; c10:bw=58,experts=[2,3,4,5,7]; c12:bw=40,experts=[0,2,6,7]; c15:bw=75,experts=[0,1,2,3,4,5,6]; c19:bw=37,experts=[0,2,4]; c4:bw=58,experts=[0,1,2,4,6]; c18:bw=63,experts=[1,2,4,5,6,7]; c7:bw=28,experts=[1,7]; c8:bw=48,experts=[2,4,5,7]; c14:bw=10,experts=[7]; c2:bw=55,experts=[0,1,5,6,7]; c1:bw=24,experts=[4,5]; c0:bw=30,experts=[1,4,7]; c6:bw=26,experts=[2,5]; c13:bw=33,experts=[1,3,6]; c9:bw=10,experts=[0]; c16:bw=67,experts=[1,2,3,4,5,7]; c11:bw=53,experts=[3,4,5,6,7]","1.2072,2.1535,1.3823,1.1504,2.5009,2.8114,3.4474,3.1621,2.9034,3.0104,2.1153,3.6618,2.4502,3.5198,1.3839,1.9126,3.9130,2.2617,2.0020,2.2499"
71,2026-09-23 19:57:38,Ours,0.01,1.8854329490238606,52.97,52.97,71,50.8151,0:50.82,49.3637,0.3245,1.1246,3658.3401,1:00:58.34,20,"6,19,2,11,16,7,13,0,14,15,8,3,9,17,18,5,10,4,1,12",6:50;19:54;2:61;11:44;16:19;7:20;13:25;0:16;14:10;15:28;8:39;3:62;9:40;17:61;18:45;5:33;10:69;4:42;1:52;12:43,"6:[0,2,3,4,7];19:[0,1,4,5,7];2:[0,1,3,4,6,7];11:[2,5,6,7];16:[4];7:[1,7];13:[0,4];0:[6];14:[4];15:[0,3];8:[2,4,5];3:[0,1,2,3,5,7];9:[1,5,6,7];17:[1,2,3,4,6,7];18:[0,2,3,6];5:[0,3,5];10:[2,3,4,5,6,7];4:[3,4,5,7];1:[0,1,3,5,6];12:[0,3,5,7]","c6:bw=50,experts=[0,2,3,4,7]; c19:bw=54,experts=[0,1,4,5,7]; c2:bw=61,experts=[0,1,3,4,6,7]; c11:bw=44,experts=[2,5,6,7]; c16:bw=19,experts=[4]; c7:bw=20,experts=[1,7]; c13:bw=25,experts=[0,4]; c0:bw=16,experts=[6]; c14:bw=10,experts=[4]; c15:bw=28,experts=[0,3]; c8:bw=39,experts=[2,4,5]; c3:bw=62,experts=[0,1,2,3,5,7]; c9:bw=40,experts=[1,5,6,7]; c17:bw=61,experts=[1,2,3,4,6,7]; c18:bw=45,experts=[0,2,3,6]; c5:bw=33,experts=[0,3,5]; c10:bw=69,experts=[2,3,4,5,6,7]; c4:bw=42,experts=[3,4,5,7]; c1:bw=52,experts=[0,1,3,5,6]; c12:bw=43,experts=[0,3,5,7]","1.9194,3.4977,2.5385,2.2709,2.0206,3.1922,3.9261,1.3927,3.7072,2.8058,2.1422,1.3639,2.1036,2.1320,2.9146,1.1977,1.1377,3.1582,3.5920,2.3505"
72,2026-09-23 19:58:29,Ours,0.01,1.8470429721186092,52.42,52.97,71,50.9792,0:50.98,49.5187,0.3133,1.145,3709.3506,1:01:49.35,20,"2,10,13,17,15,16,18,3,14,0,19,6,4,8,12,11,1,7,5,9",2:23;10:28;13:54;17:18;15:41;16:46;18:29;3:23;14:43;0:52;19:32;6:19;4:39;8:30;12:28;11:10;1:39;7:48;5:43;9:38,"2:[0,7];10:[2,3];13:[0,2,3,4,5];17:[6];15:[3,4,6,7];16:[0,3,6,7];18:[0,4];3:[3,6];14:[0,2,5,6];0:[2,3,4,5,6];19:[2,4,6];6:[2];4:[4,5,6];8:[2,3,5];12:[3,6];11:[2];1:[0,2,6];7:[3,4,5,6];5:[0,2,5,7];9:[3,5,6]","c2:bw=23,experts=[0,7]; c10:bw=28,experts=[2,3]; c13:bw=54,experts=[0,2,3,4,5]; c17:bw=18,experts=[6]; c15:bw=41,experts=[3,4,6,7]; c16:bw=46,experts=[0,3,6,7]; c18:bw=29,experts=[0,4]; c3:bw=23,experts=[3,6]; c14:bw=43,experts=[0,2,5,6]; c0:bw=52,experts=[2,3,4,5,6]; c19:bw=32,experts=[2,4,6]; c6:bw=19,experts=[2]; c4:bw=39,experts=[4,5,6]; c8:bw=30,experts=[2,3,5]; c12:bw=28,experts=[3,6]; c11:bw=10,experts=[2]; c1:bw=39,experts=[0,2,6]; c7:bw=48,experts=[3,4,5,6]; c5:bw=43,experts=[0,2,5,7]; c9:bw=38,experts=[3,5,6]","2.4805,1.1536,3.9561,2.1497,2.8322,1.9960,2.9091,1.4217,3.7761,1.3989,3.7169,1.9063,3.1841,2.1795,2.3645,2.2260,3.5112,3.0578,1.1859,2.1126"
73,2026-09-23 19:59:20,Ours,0.01,1.8313540187652955,52.36,52.97,71,50.7962,0:50.80,49.351,0.3208,1.1222,3760.179,1:02:40.18,20,"8,11,12,13,4,9,1,5,2,15,6,14,19,17,16,7,10,3,18,0",8:11;11:46;12:37;13:50;4:41;9:52;1:66;5:17;2:47;15:47;6:20;14:16;19:10;17:17;16:61;7:37;10:42;3:40;18:34;0:28,"8:[2];11:[1,4,5,6];12:[3,5,6];13:[2,3,4,6,7];4:[0,1,5,6];9:[1,2,3,5,6];1:[0,2,3,4,5,7];5:[0];2:[0,4,6,7];15:[0,2,3,6];6:[5,7];14:[6];19:[3];17:[7];16:[1,2,3,5,6,7];7:[3,5,6];10:[0,1,4,5];3:[1,2,3,4];18:[2,4,6];0:[1,7]","c8:bw=11,experts=[2]; c11:bw=46,experts=[1,4,5,6]; c12:bw=37,experts=[3,5,6]; c13:bw=50,experts=[2,3,4,6,7]; c4:bw=41,experts=[0,1,5,6]; c9:bw=52,experts=[1,2,3,5,6]; c1:bw=66,experts=[0,2,3,4,5,7]; c5:bw=17,experts=[0]; c2:bw=47,experts=[0,4,6,7]; c15:bw=47,experts=[0,2,3,6]; c6:bw=20,experts=[5,7]; c14:bw=16,experts=[6]; c19:bw=10,experts=[3]; c17:bw=17,experts=[7]; c16:bw=61,experts=[1,2,3,5,6,7]; c7:bw=37,experts=[3,5,6]; c10:bw=42,experts=[0,1,4,5]; c3:bw=40,experts=[1,2,3,4]; c18:bw=34,experts=[2,4,6]; c0:bw=28,experts=[1,7]","2.1674,2.2661,2.4080,3.9731,3.1941,2.1322,3.5186,1.2006,2.4699,2.8126,1.8958,3.6988,3.6636,2.1189,1.9797,3.0538,1.1375,1.3744,2.8934,1.3923"
74,2026-09-23 20:00:11,Ours,0.01,1.8590589768353645,50.75,52.97,71,51.1784,0:51.18,49.7135,0.3091,1.1491,3811.39,1:03:31.39,20,"9,17,19,7,5,6,15,4,11,8,1,18,12,16,13,0,10,2,14,3",9:32;17:62;19:20;7:65;5:50;6:10;15:50;4:47;11:37;8:28;1:28;18:60;12:10;16:48;13:42;0:40;10:25;2:10;14:32;3:10,"9:[0,6,7];17:[0,1,2,3,5,7];19:[4,7];7:[1,2,3,5,6,7];5:[0,1,3,5,6];6:[2];15:[0,3,5,6,7];4:[0,2,3,7];11:[0,3,4];8:[4,7];1:[3,4];18:[0,1,2,4,5,7];12:[3];16:[2,3,5,6];13:[0,1,4,7];0:[1,2,3,4];10:[3,5];2:[5];14:[1,2,5];3:[6]","c9:bw=32,experts=[0,6,7]; c17:bw=62,experts=[0,1,2,3,5,7]; c19:bw=20,experts=[4,7]; c7:bw=65,experts=[1,2,3,5,6,7]; c5:bw=50,experts=[0,1,3,5,6]; c6:bw=10,experts=[2]; c15:bw=50,experts=[0,3,5,6,7]; c4:bw=47,experts=[0,2,3,7]; c11:bw=37,experts=[0,3,4]; c8:bw=28,experts=[4,7]; c1:bw=28,experts=[3,4]; c18:bw=60,experts=[0,1,2,4,5,7]; c12:bw=10,experts=[3]; c16:bw=48,experts=[2,3,5,6]; c13:bw=42,experts=[0,1,4,7]; c0:bw=40,experts=[1,2,3,4]; c10:bw=25,experts=[3,5]; c2:bw=10,experts=[5]; c14:bw=32,experts=[1,2,5]; c3:bw=10,experts=[6]","2.1410,2.1331,3.7727,3.0795,1.2121,1.9150,2.8118,3.1705,2.2311,2.2203,3.8202,2.8921,2.3365,2.0078,3.9129,1.3825,1.1376,2.4616,3.6926,1.3827"
75,2026-09-23 20:01:02,Ours,0.01,1.8018644134518251,52.5,52.97,71,51.2121,0:51.21,49.7262,0.3271,1.1566,3862.6351,1:04:22.64,20,"8,0,17,16,18,12,19,3,13,5,14,11,4,1,15,2,6,9,7,10",8:53;0:60;17:43;16:46;18:68;12:40;19:19;3:20;13:46;5:31;14:60;11:42;4:56;1:54;15:20;2:40;6:56;9:61;7:28;10:23,"8:[1,4,5,6,7];0:[2,3,4,5,6,7];17:[1,2,4,7];16:[3,5,6,7];18:[0,1,2,4,5,6];12:[0,4,5,6];19:[1];3:[5,6];13:[2,5,6,7];5:[1,2,3];14:[0,1,2,3,5,7];11:[0,1,2,7];4:[1,2,3,4,6];1:[0,3,4,5,6];15:[4,7];2:[1,2,5,6];6:[0,3,4,5,7];9:[0,2,4,5,6,7];7:[0,6];10:[2,4]","c8:bw=53,experts=[1,4,5,6,7]; c0:bw=60,experts=[2,3,4,5,6,7]; c17:bw=43,experts=[1,2,4,7]; c16:bw=46,experts=[3,5,6,7]; c18:bw=68,experts=[0,1,2,4,5,6]; c12:bw=40,experts=[0,4,5,6]; c19:bw=19,experts=[1]; c3:bw=20,experts=[5,6]; c13:bw=46,experts=[2,5,6,7]; c5:bw=31,experts=[1,2,3]; c14:bw=60,experts=[0,1,2,3,5,7]; c11:bw=42,experts=[0,1,2,7]; c4:bw=56,experts=[1,2,3,4,6]; c1:bw=54,experts=[0,3,4,5,6]; c15:bw=20,experts=[4,7]; c2:bw=40,experts=[1,2,5,6]; c6:bw=56,experts=[0,3,4,5,7]; c9:bw=61,experts=[0,2,4,5,6,7]; c7:bw=28,experts=[0,6]; c10:bw=23,experts=[2,4]","2.1730,1.4216,2.1401,2.1775,2.9230,2.3931,3.4585,1.4232,3.9318,1.1936,3.6877,2.2285,3.1762,3.5394,2.8024,2.5845,1.9129,2.1097,3.3091,1.1404"
76,2026-09-23 20:01:53,Ours,0.01,1.852458276654358,50.54,52.97,71,51.1498,0:51.15,49.7128,0.3175,1.1173,3913.8184,1:05:13.82,20,"12,3,15,1,18,8,5,10,6,0,4,17,2,7,13,11,14,19,9,16",12:21;3:15;15:42;1:53;18:39;8:29;5:37;10:46;6:23;0:31;4:60;17:33;2:25;7:66;13:39;11:42;14:22;19:44;9:57;16:39,"12:[0,3];3:[6];15:[0,2,4,5];1:[0,2,3,4,5];18:[0,4,7];8:[1,7];5:[4,6,7];10:[1,2,5,7];6:[5,6];0:[1,5,6];4:[1,2,4,5,6,7];17:[1,3,5];2:[0,7];7:[0,1,2,3,5,6];13:[0,2,5];11:[0,1,5,7];14:[1,7];19:[0,2,3,5];9:[1,2,3,5,7];16:[2,3,7]","c12:bw=21,experts=[0,3]; c3:bw=15,experts=[6]; c15:bw=42,experts=[0,2,4,5]; c1:bw=53,experts=[0,2,3,4,5]; c18:bw=39,experts=[0,4,7]; c8:bw=29,experts=[1,7]; c5:bw=37,experts=[4,6,7]; c10:bw=46,experts=[1,2,5,7]; c6:bw=23,experts=[5,6]; c0:bw=31,experts=[1,5,6]; c4:bw=60,experts=[1,2,4,5,6,7]; c17:bw=33,experts=[1,3,5]; c2:bw=25,experts=[0,7]; c7:bw=66,experts=[0,1,2,3,5,6]; c13:bw=39,experts=[0,2,5]; c11:bw=42,experts=[0,1,5,7]; c14:bw=22,experts=[1,7]; c19:bw=44,experts=[0,2,3,5]; c9:bw=57,experts=[1,2,3,5,7]; c16:bw=39,experts=[2,3,7]","2.3646,1.3934,2.8343,3.8949,2.9135,2.2604,1.1963,1.1350,1.9298,1.5088,3.1909,2.1096,2.4597,3.0724,3.8941,2.2230,3.7805,3.4454,2.1085,1.9976"
77,2026-09-23 20:02:45,Ours,0.01,1.808806358308534,52.01,52.97,71,51.1636,0:51.16,49.6731,0.3117,1.1704,3965.0163,1:06:05.02,20,"7,3,17,2,10,18,11,1,5,4,16,13,0,6,9,15,19,12,8,14",7:10;3:40;17:37;2:34;10:39;18:31;11:28;1:62;5:59;4:10;16:34;13:37;0:63;6:57;9:29;15:43;19:37;12:46;8:10;14:64,"7:[1];3:[4,5,6,7];17:[0,1,3];2:[3,5,6];10:[0,3,7];18:[2,6,7];11:[4,6];1:[0,1,2,4,5,7];5:[0,1,2,4,5];4:[3];16:[3,6,7];13:[2,6,7];0:[0,1,2,3,6,7];6:[0,1,2,5,6];9:[2,3];15:[1,5,6,7];19:[1,2,5];12:[1,3,4,6];8:[2];14:[0,1,3,4,5,7]","c7:bw=10,experts=[1]; c3:bw=40,experts=[4,5,6,7]; c17:bw=37,experts=[0,1,3]; c2:bw=34,experts=[3,5,6]; c10:bw=39,experts=[0,3,7]; c18:bw=31,experts=[2,6,7]; c11:bw=28,experts=[4,6]; c1:bw=62,experts=[0,1,2,4,5,7]; c5:bw=59,experts=[0,1,2,4,5]; c4:bw=10,experts=[3]; c16:bw=34,experts=[3,6,7]; c13:bw=37,experts=[2,6,7]; c0:bw=63,experts=[0,1,2,3,6,7]; c6:bw=57,experts=[0,1,2,5,6]; c9:bw=29,experts=[2,3]; c15:bw=43,experts=[1,5,6,7]; c19:bw=37,experts=[1,2,5]; c12:bw=46,experts=[1,3,4,6]; c8:bw=10,experts=[2]; c14:bw=64,experts=[0,1,3,4,5,7]","3.3152,1.3963,2.1256,2.5652,1.1365,2.9129,2.2414,3.5276,1.1929,3.1551,2.1372,4.0209,1.4274,1.9242,2.1114,2.8302,3.4566,2.3559,2.1240,3.7166"
78,2026-09-23 20:03:36,Ours,0.01,1.8256860377122959,51.92,52.97,71,50.964,0:50.96,49.4991,0.3334,1.1293,4016.0138,1:06:56.01,20,"5,11,13,8,14,4,12,3,19,18,0,16,9,10,1,2,6,17,7,15",5:63;11:37;13:59;8:54;14:52;4:23;12:31;3:38;19:12;18:35;0:26;16:44;9:31;10:59;1:41;2:34;6:57;17:31;7:36;15:38,"5:[0,1,2,4,6,7];11:[0,4,7];13:[0,2,3,4,6];8:[0,1,2,6,7];14:[3,4,5,6,7];4:[2,3];12:[2,6,7];3:[0,5,7];19:[7];18:[1,3,4];0:[0,3];16:[0,4,5,6];9:[2,3,7];10:[0,2,3,5,7];1:[1,4,5,7];2:[4,6,7];6:[0,2,3,4,7];17:[0,3,5];7:[1,4,7];15:[1,4,7]","c5:bw=63,experts=[0,1,2,4,6,7]; c11:bw=37,experts=[0,4,7]; c13:bw=59,experts=[0,2,3,4,6]; c8:bw=54,experts=[0,1,2,6,7]; c14:bw=52,experts=[3,4,5,6,7]; c4:bw=23,experts=[2,3]; c12:bw=31,experts=[2,6,7]; c3:bw=38,experts=[0,5,7]; c19:bw=12,experts=[7]; c18:bw=35,experts=[1,3,4]; c0:bw=26,experts=[0,3]; c16:bw=44,experts=[0,4,5,6]; c9:bw=31,experts=[2,3,7]; c10:bw=59,experts=[0,2,3,5,7]; c1:bw=41,experts=[1,4,5,7]; c2:bw=34,experts=[4,6,7]; c6:bw=57,experts=[0,2,3,4,7]; c17:bw=31,experts=[0,3,5]; c7:bw=36,experts=[1,4,7]; c15:bw=38,experts=[1,4,7]","1.2154,2.2653,3.9591,2.1723,3.8361,3.1832,2.3353,1.3688,3.4397,2.8940,1.3694,1.9926,2.1061,1.1404,3.8582,2.4783,1.9041,2.1189,3.0543,2.8076"
79,2026-09-23 20:04:27,Ours,0.01,1.8096321239203945,51.94,52.97,71,51.6211,0:51.62,50.1737,0.3103,1.1293,4067.669,1:07:47.67,20,"2,10,17,18,13,9,4,15,16,1,8,5,12,3,0,19,14,6,11,7",2:33;10:34;17:58;18:12;13:43;9:10;4:80;15:54;16:59;1:37;8:44;5:53;12:10;3:26;0:36;19:26;14:62;6:21;11:32;7:46,"2:[2,3,5];10:[0,4,7];17:[1,3,4,6,7];18:[1];13:[0,2,3,7];9:[4];4:[0,1,2,3,4,5,6,7];15:[2,3,4,5,7];16:[1,2,5,6,7];1:[0,1,7];8:[0,4,6,7];5:[0,3,4,5,7];12:[0];3:[0,4];0:[1,6,7];19:[0,7];14:[0,1,2,3,4,6];6:[1,5];11:[2,5,6];7:[0,2,4,6]","c2:bw=33,experts=[2,3,5]; c10:bw=34,experts=[0,4,7]; c17:bw=58,experts=[1,3,4,6,7]; c18:bw=12,experts=[1]; c13:bw=43,experts=[0,2,3,7]; c9:bw=10,experts=[4]; c4:bw=80,experts=[0,1,2,3,4,5,6,7]; c15:bw=54,experts=[2,3,4,5,7]; c16:bw=59,experts=[1,2,5,6,7]; c1:bw=37,experts=[0,1,7]; c8:bw=44,experts=[0,4,6,7]; c5:bw=53,experts=[0,3,4,5,7]; c12:bw=10,experts=[0]; c3:bw=26,experts=[0,4]; c0:bw=36,experts=[1,6,7]; c19:bw=26,experts=[0,7]; c14:bw=62,experts=[0,1,2,3,4,6]; c6:bw=21,experts=[1,5]; c11:bw=32,experts=[2,5,6]; c7:bw=46,experts=[0,2,4,6]","2.6354,1.1622,2.1438,2.8989,4.3195,2.1254,3.2023,2.8058,2.1305,3.8390,2.1635,1.2069,2.3220,1.4410,1.3798,3.4552,3.7205,1.9041,2.2201,3.0978"
80,2026-09-23 20:05:19,Ours,0.01,1.7785633444248201,53.73,53.73,80,51.3628,0:51.36,49.8913,0.3213,1.1479,4119.0663,1:08:39.07,20,"13,8,5,14,11,7,18,15,4,0,3,6,10,19,17,16,12,1,9,2",13:39;8:51;5:65;14:30;11:62;7:48;18:13;15:41;4:57;0:47;3:31;6:39;10:18;19:35;17:61;16:44;12:10;1:31;9:53;2:44,"13:[0,1,5];8:[0,1,2,3,5];5:[0,1,3,4,6,7];14:[0,5,7];11:[2,3,4,5,6,7];7:[0,3,4,6];18:[6];15:[4,5,6,7];4:[0,2,4,6,7];0:[0,2,6,7];3:[4,5,6];6:[1,2,4];10:[6];19:[0,1,4];17:[0,1,2,3,5,6];16:[0,1,2,4];12:[1];1:[4,5,7];9:[0,1,3,4,6];2:[3,4,6,7]","c13:bw=39,experts=[0,1,5]; c8:bw=51,experts=[0,1,2,3,5]; c5:bw=65,experts=[0,1,3,4,6,7]; c14:bw=30,experts=[0,5,7]; c11:bw=62,experts=[2,3,4,5,6,7]; c7:bw=48,experts=[0,3,4,6]; c18:bw=13,experts=[6]; c15:bw=41,experts=[4,5,6,7]; c4:bw=57,experts=[0,2,4,6,7]; c0:bw=47,experts=[0,2,6,7]; c3:bw=31,experts=[4,5,6]; c6:bw=39,experts=[1,2,4]; c10:bw=18,experts=[6]; c19:bw=35,experts=[0,1,4]; c17:bw=61,experts=[0,1,2,3,5,6]; c16:bw=44,experts=[0,1,2,4]; c12:bw=10,experts=[1]; c1:bw=31,experts=[4,5,7]; c9:bw=53,experts=[0,1,3,4,6]; c2:bw=44,experts=[3,4,6,7]","3.9434,2.1811,1.2185,4.0417,2.2611,3.0749,2.9047,2.8186,3.1956,1.3872,1.3869,1.9149,1.1437,3.4751,2.1139,2.0090,2.3420,3.8727,2.1181,2.4883"
81,2026-09-23 20:06:10,Ours,0.01,1.770932428155336,52.75,53.73,80,51.4165,0:51.42,49.9713,0.3208,1.1221,4170.5171,1:09:30.52,20,"9,10,5,15,19,8,14,17,18,11,3,1,7,13,12,2,16,0,4,6",9:26;10:44;5:30;15:65;19:52;8:48;14:46;17:27;18:60;11:22;3:67;1:49;7:58;13:21;12:75;2:45;16:35;0:50;4:42;6:51,"9:[0,5];10:[1,2,5,6];5:[3,4,7];15:[0,2,3,4,6,7];19:[0,1,2,5,7];8:[1,2,4,7];14:[1,4,5,7];17:[0,3];18:[0,1,4,5,6,7];11:[2,5];3:[0,1,3,5,6,7];1:[0,2,6,7];7:[1,2,4,5,7];13:[0,4];12:[0,1,2,4,5,6,7];2:[2,3,4,5];16:[0,2,6];0:[0,1,2,4,5];4:[0,3,5,6];6:[0,1,3,4,6]","c9:bw=26,experts=[0,5]; c10:bw=44,experts=[1,2,5,6]; c5:bw=30,experts=[3,4,7]; c15:bw=65,experts=[0,2,3,4,6,7]; c19:bw=52,experts=[0,1,2,5,7]; c8:bw=48,experts=[1,2,4,7]; c14:bw=46,experts=[1,4,5,7]; c17:bw=27,experts=[0,3]; c18:bw=60,experts=[0,1,4,5,6,7]; c11:bw=22,experts=[2,5]; c3:bw=67,experts=[0,1,3,5,6,7]; c1:bw=49,experts=[0,2,6,7]; c7:bw=58,experts=[1,2,4,5,7]; c13:bw=21,experts=[0,4]; c12:bw=75,experts=[0,1,2,4,5,6,7]; c2:bw=45,experts=[2,3,4,5]; c16:bw=35,experts=[0,2,6]; c0:bw=50,experts=[0,1,2,4,5]; c4:bw=42,experts=[0,3,5,6]; c6:bw=51,experts=[0,1,3,4,6]","2.1289,1.1901,1.2111,2.8537,3.4723,2.1394,3.7006,2.1112,2.9019,2.2265,1.3738,3.5111,3.3308,4.0247,2.3447,2.6682,2.1106,1.3821,3.3746,1.9148"
82,2026-09-23 20:07:01,Ours,0.01,1.7579778816713394,53.19,53.73,80,51.0127,0:51.01,49.5451,0.3103,1.155,4221.5641,1:10:21.56,20,"9,16,0,13,2,15,19,12,8,1,14,7,6,5,18,10,17,4,11,3",9:56;16:32;0:30;13:35;2:30;15:16;19:21;12:63;8:58;1:64;14:54;7:40;6:36;5:40;18:45;10:18;17:44;4:30;11:47;3:39,"9:[2,3,4,6,7];16:[1,2,4];0:[2,5,6];13:[0,1,3];2:[3,5,7];15:[0];19:[2,6];12:[0,1,4,5,6,7];8:[1,2,3,4,5];1:[0,2,3,5,6,7];14:[3,4,5,6,7];7:[1,2,5,7];6:[0,4,7];5:[1,3,4,6];18:[1,4,5,7];10:[7];17:[0,5,6,7];4:[0,3,4];11:[0,4,5,7];3:[0,6,7]","c9:bw=56,experts=[2,3,4,6,7]; c16:bw=32,experts=[1,2,4]; c0:bw=30,experts=[2,5,6]; c13:bw=35,experts=[0,1,3]; c2:bw=30,experts=[3,5,7]; c15:bw=16,experts=[0]; c19:bw=21,experts=[2,6]; c12:bw=63,experts=[0,1,4,5,6,7]; c8:bw=58,experts=[1,2,3,4,5]; c1:bw=64,experts=[0,2,3,5,6,7]; c14:bw=54,experts=[3,4,5,6,7]; c7:bw=40,experts=[1,2,5,7]; c6:bw=36,experts=[0,4,7]; c5:bw=40,experts=[1,3,4,6]; c18:bw=45,experts=[1,4,5,7]; c10:bw=18,experts=[7]; c17:bw=44,experts=[0,5,6,7]; c4:bw=30,experts=[0,3,4]; c11:bw=47,experts=[0,4,5,7]; c3:bw=39,experts=[0,6,7]","2.1349,2.0168,1.3945,3.9610,2.4758,2.8472,3.4688,2.3328,2.3515,3.6066,3.7947,3.0477,1.9297,1.2071,2.9289,1.1338,2.1226,3.1900,2.2370,1.3636"
83,2026-09-23 20:07:57,Ours,0.01,1.7752067178083464,54.39,54.39,83,56.1002,0:56.10,54.6468,0.3291,1.1221,4277.6996,1:11:17.70,20,"3,15,11,14,6,4,5,7,2,19,0,17,16,8,1,10,9,13,12,18",3:42;15:39;11:27;14:39;6:53;4:10;5:10;7:37;2:41;19:67;0:10;17:31;16:49;8:39;1:63;10:37;9:51;13:46;12:44;18:21,"3:[0,1,3,7];15:[0,5,7];11:[3,4];14:[2,5,7];6:[2,3,5,6,7];4:[2];5:[2];7:[0,1,4];2:[2,3,4,7];19:[1,2,3,5,6,7];0:[6];17:[1,3,7];16:[0,1,4,6];8:[0,4,6];1:[0,1,3,5,6,7];10:[1,4,5];9:[0,2,4,5,6];13:[2,4,5,6];12:[3,4,5,7];18:[2,7]","c3:bw=42,experts=[0,1,3,7]; c15:bw=39,experts=[0,5,7]; c11:bw=27,experts=[3,4]; c14:bw=39,experts=[2,5,7]; c6:bw=53,experts=[2,3,5,6,7]; c4:bw=10,experts=[2]; c5:bw=10,experts=[2]; c7:bw=37,experts=[0,1,4]; c2:bw=41,experts=[2,3,4,7]; c19:bw=67,experts=[1,2,3,5,6,7]; c0:bw=10,experts=[6]; c17:bw=31,experts=[1,3,7]; c16:bw=49,experts=[0,1,4,6]; c8:bw=39,experts=[0,4,6]; c1:bw=63,experts=[0,1,3,5,6,7]; c10:bw=37,experts=[1,4,5]; c9:bw=51,experts=[0,2,4,5,6]; c13:bw=46,experts=[2,4,5,6]; c12:bw=44,experts=[3,4,5,7]; c18:bw=21,experts=[2,7]","1.4125,2.8312,2.2452,4.0542,2.3417,3.9769,1.4274,3.6295,3.1129,4.3760,1.7304,2.6375,2.5021,2.1970,3.5238,1.1432,2.1107,3.9693,2.5215,2.9035"
84,2026-09-23 20:08:49,Ours,0.01,1.7470170523249067,54.48,54.48,84,51.3101,0:51.31,49.8365,0.3129,1.1585,4329.0449,1:12:09.04,20,"14,6,13,3,4,5,18,15,7,0,11,1,17,9,10,12,19,2,8,16",14:45;6:10;13:30;3:32;4:27;5:20;18:55;15:75;7:47;0:10;11:50;1:58;17:43;9:20;10:10;12:45;19:22;2:36;8:67;16:47,"14:[0,2,4,5];6:[4];13:[0,1,2];3:[4,5,6];4:[1,3];5:[0,6];18:[2,3,4,5,6];15:[0,2,3,4,5,6,7];7:[0,1,2,4];0:[0];11:[0,1,2,3,5];1:[1,2,5,6,7];17:[1,2,3,7];9:[1,7];10:[4];12:[0,3,5,6];19:[0,7];2:[0,1,6];8:[1,2,3,4,5,7];16:[1,3,4,6]","c14:bw=45,experts=[0,2,4,5]; c6:bw=10,experts=[4]; c13:bw=30,experts=[0,1,2]; c3:bw=32,experts=[4,5,6]; c4:bw=27,experts=[1,3]; c5:bw=20,experts=[0,6]; c18:bw=55,experts=[2,3,4,5,6]; c15:bw=75,experts=[0,2,3,4,5,6,7]; c7:bw=47,experts=[0,1,2,4]; c0:bw=10,experts=[0]; c11:bw=50,experts=[0,1,2,3,5]; c1:bw=58,experts=[1,2,5,6,7]; c17:bw=43,experts=[1,2,3,7]; c9:bw=20,experts=[1,7]; c10:bw=10,experts=[4]; c12:bw=45,experts=[0,3,5,6]; c19:bw=22,experts=[0,7]; c2:bw=36,experts=[0,1,6]; c8:bw=67,experts=[1,2,3,4,5,7]; c16:bw=47,experts=[1,3,4,6]","3.9224,1.9300,3.9574,1.3951,3.1904,1.1993,2.9595,2.8275,3.0214,1.4771,2.2559,3.5210,2.1049,2.1174,1.1400,2.5155,3.4613,2.5501,2.2771,2.0131"
85,2026-09-23 20:09:39,Ours,0.01,1.7677557223294222,55.83,55.83,85,50.6108,0:50.61,49.1428,0.3178,1.148,4379.6938,1:12:59.69,20,"5,16,9,12,6,18,15,0,11,17,14,2,7,19,10,1,4,13,3,8",5:12;16:19;9:58;12:47;6:42;18:51;15:70;0:38;11:10;17:49;14:44;2:45;7:11;19:54;10:44;1:57;4:42;13:35;3:51;8:70,"5:[1];16:[5];9:[2,3,4,6,7];12:[0,2,3,7];6:[0,2,5,6];18:[2,3,4,6,7];15:[0,1,2,4,5,6,7];0:[1,3,4];11:[0];17:[3,4,5,6];14:[0,1,6,7];2:[1,2,6,7];7:[4];19:[1,2,3,6,7];10:[0,1,3,6];1:[0,1,2,4,5];4:[0,2,4,7];13:[4,5,7];3:[0,1,2,3,4];8:[0,1,2,4,5,6,7]","c5:bw=12,experts=[1]; c16:bw=19,experts=[5]; c9:bw=58,experts=[2,3,4,6,7]; c12:bw=47,experts=[0,2,3,7]; c6:bw=42,experts=[0,2,5,6]; c18:bw=51,experts=[2,3,4,6,7]; c15:bw=70,experts=[0,1,2,4,5,6,7]; c0:bw=38,experts=[1,3,4]; c11:bw=10,experts=[0]; c17:bw=49,experts=[3,4,5,6]; c14:bw=44,experts=[0,1,6,7]; c2:bw=45,experts=[1,2,6,7]; c7:bw=11,experts=[4]; c19:bw=54,experts=[1,2,3,6,7]; c10:bw=44,experts=[0,1,3,6]; c1:bw=57,experts=[0,1,2,4,5]; c4:bw=42,experts=[0,2,4,7]; c13:bw=35,experts=[4,5,7]; c3:bw=51,experts=[0,1,2,3,4]; c8:bw=70,experts=[0,1,2,4,5,6,7]","1.2038,2.0120,2.1500,2.3645,1.9228,2.9306,2.8213,1.3929,2.2157,2.1403,3.7195,2.4688,3.0320,3.4578,1.1335,3.4972,3.1692,3.9429,1.3697,2.1982"
86,2026-09-23 20:10:30,Ours,0.01,1.7729561370456206,54.91,55.83,85,50.4943,0:50.49,49.0251,0.3174,1.1496,4430.2264,1:13:50.23,20,"2,13,11,0,6,16,8,3,12,15,17,9,19,18,7,5,14,1,10,4",2:24;13:55;11:38;0:30;6:55;16:50;8:28;3:28;12:28;15:55;17:40;9:43;19:18;18:52;7:44;5:47;14:45;1:72;10:47;4:18,"2:[4,5];13:[1,2,5,6,7];11:[1,3,7];0:[1,2,7];6:[1,2,4,5,6];16:[0,1,5,6,7];8:[1,7];3:[0,3];12:[2,3];15:[2,4,5,6,7];17:[1,2,3,7];9:[0,2,5,7];19:[5];18:[2,3,4,5,7];7:[0,2,3,5];5:[1,2,4,7];14:[1,2,4,6];1:[0,1,2,3,4,5,7];10:[0,3,5,6];4:[4]","c2:bw=24,experts=[4,5]; c13:bw=55,experts=[1,2,5,6,7]; c11:bw=38,experts=[1,3,7]; c0:bw=30,experts=[1,2,7]; c6:bw=55,experts=[1,2,4,5,6]; c16:bw=50,experts=[0,1,5,6,7]; c8:bw=28,experts=[1,7]; c3:bw=28,experts=[0,3]; c12:bw=28,experts=[2,3]; c15:bw=55,experts=[2,4,5,6,7]; c17:bw=40,experts=[1,2,3,7]; c9:bw=43,experts=[0,2,5,7]; c19:bw=18,experts=[5]; c18:bw=52,experts=[2,3,4,5,7]; c7:bw=44,experts=[0,2,3,5]; c5:bw=47,experts=[1,2,4,7]; c14:bw=45,experts=[1,2,4,6]; c1:bw=72,experts=[0,1,2,3,4,5,7]; c10:bw=47,experts=[0,3,5,6]; c4:bw=18,experts=[4]","2.4890,3.9446,2.2540,1.3909,1.9253,2.0022,2.1467,1.3713,2.3392,2.7948,2.1143,2.0870,3.4135,2.8965,3.1215,1.1942,3.7164,3.5136,1.1317,3.1783"
87,2026-09-23 20:11:21,Ours,0.01,1.7455128980461727,55.77,55.83,85,51.1344,0:51.13,49.6572,0.3124,1.1626,4481.3972,1:14:41.40,20,"15,6,13,4,8,11,3,9,17,14,5,0,18,10,16,1,19,2,12,7",15:63;6:60;13:45;4:34;8:46;11:18;3:68;9:37;17:25;14:36;5:10;0:35;18:45;10:49;16:45;1:29;19:33;2:67;12:45;7:22,"15:[0,1,3,5,6,7];6:[0,1,2,5,6,7];13:[0,4,5,7];4:[3,5,6];8:[0,4,6,7];11:[7];3:[0,1,3,4,6,7];9:[0,2,7];17:[4,7];14:[0,2,7];5:[7];0:[1,2,3];18:[0,1,6,7];10:[2,4,5,7];16:[1,3,5,6];1:[2,3];19:[3,5,7];2:[0,3,4,5,6,7];12:[2,5,6,7];7:[1,6]","c15:bw=63,experts=[0,1,3,5,6,7]; c6:bw=60,experts=[0,1,2,5,6,7]; c13:bw=45,experts=[0,4,5,7]; c4:bw=34,experts=[3,5,6]; c8:bw=46,experts=[0,4,6,7]; c11:bw=18,experts=[7]; c3:bw=68,experts=[0,1,3,4,6,7]; c9:bw=37,experts=[0,2,7]; c17:bw=25,experts=[4,7]; c14:bw=36,experts=[0,2,7]; c5:bw=10,experts=[7]; c0:bw=35,experts=[1,2,3]; c18:bw=45,experts=[0,1,6,7]; c10:bw=49,experts=[2,4,5,7]; c16:bw=45,experts=[1,3,5,6]; c1:bw=29,experts=[2,3]; c19:bw=33,experts=[3,5,7]; c2:bw=67,experts=[0,3,4,5,6,7]; c12:bw=45,experts=[2,5,6,7]; c7:bw=22,experts=[1,6]","2.8266,1.9261,4.2538,3.1924,2.1703,2.2449,1.3790,2.0953,2.1298,3.7139,1.1923,1.3839,2.9182,1.1357,2.1381,3.5092,3.4567,2.4605,2.4418,3.0886"
88,2026-09-23 20:12:12,Ours,0.01,1.7326282041290804,55.38,55.83,85,50.4854,0:50.49,49.0029,0.3233,1.151,4531.9187,1:15:31.92,20,"15,0,7,16,13,1,18,2,8,17,4,6,11,5,19,14,3,9,12,10",15:60;0:62;7:41;16:30;13:34;1:28;18:22;2:46;8:43;17:30;4:38;6:27;11:10;5:30;19:23;14:10;3:33;9:31;12:61;10:71,"15:[1,2,3,4,5,7];0:[0,2,3,4,6,7];7:[0,1,6,7];16:[1,4,7];13:[0,4,7];1:[1,4];18:[0,4];2:[0,1,4,5];8:[0,1,6,7];17:[3,5,7];4:[2,4,5];6:[1,7];11:[6];5:[1,2,5];19:[0,6];14:[4];3:[2,5,6];9:[0,2,5];12:[0,3,4,5,6,7];10:[0,1,2,3,4,5,6]","c15:bw=60,experts=[1,2,3,4,5,7]; c0:bw=62,experts=[0,2,3,4,6,7]; c7:bw=41,experts=[0,1,6,7]; c16:bw=30,experts=[1,4,7]; c13:bw=34,experts=[0,4,7]; c1:bw=28,experts=[1,4]; c18:bw=22,experts=[0,4]; c2:bw=46,experts=[0,1,4,5]; c8:bw=43,experts=[0,1,6,7]; c17:bw=30,experts=[3,5,7]; c4:bw=38,experts=[2,4,5]; c6:bw=27,experts=[1,7]; c11:bw=10,experts=[6]; c5:bw=30,experts=[1,2,5]; c19:bw=23,experts=[0,6]; c14:bw=10,experts=[4]; c3:bw=33,experts=[2,5,6]; c9:bw=31,experts=[0,2,5]; c12:bw=61,experts=[0,3,4,5,6,7]; c10:bw=71,experts=[0,1,2,3,4,5,6]","2.8217,1.4060,3.0535,2.0062,3.9196,3.5512,2.8876,2.4548,2.1394,2.1156,3.1716,1.9028,2.2399,1.1993,3.4452,3.7176,1.3857,2.1071,2.3322,1.1459"
89,2026-09-23 20:13:02,Ours,0.01,1.718221785046357,56.84,56.84,89,50.6354,0:50.64,49.1902,0.3161,1.1268,4582.592,1:16:22.59,20,"5,2,7,4,18,10,15,9,8,0,16,19,11,14,12,13,1,3,17,6",5:46;2:44;7:21;4:30;18:55;10:28;15:61;9:60;8:74;0:13;16:50;19:16;11:36;14:30;12:34;13:10;1:41;3:31;17:40;6:32,"5:[0,3,5,6];2:[4,5,6,7];7:[4,6];4:[0,2,7];18:[0,2,4,5,6];10:[3,6];15:[1,2,3,5,6,7];9:[0,1,3,4,5,6];8:[0,1,2,3,4,5,7];0:[0];16:[0,2,3,4,5];19:[4];11:[3,5,6];14:[0,1,4];12:[0,5,7];13:[5];1:[1,3,5,7];3:[3,5,6];17:[1,2,5,6];6:[0,2,6]","c5:bw=46,experts=[0,3,5,6]; c2:bw=44,experts=[4,5,6,7]; c7:bw=21,experts=[4,6]; c4:bw=30,experts=[0,2,7]; c18:bw=55,experts=[0,2,4,5,6]; c10:bw=28,experts=[3,6]; c15:bw=61,experts=[1,2,3,5,6,7]; c9:bw=60,experts=[0,1,3,4,5,6]; c8:bw=74,experts=[0,1,2,3,4,5,7]; c0:bw=13,experts=[0]; c16:bw=50,experts=[0,2,3,4,5]; c19:bw=16,experts=[4]; c11:bw=36,experts=[3,5,6]; c14:bw=30,experts=[0,1,4]; c12:bw=34,experts=[0,5,7]; c13:bw=10,experts=[5]; c1:bw=41,experts=[1,3,5,7]; c3:bw=31,experts=[3,5,6]; c17:bw=40,experts=[1,2,5,6]; c6:bw=32,experts=[0,2,6]","1.2012,2.4781,3.3252,3.1896,2.9348,1.1433,2.8008,2.1153,2.1511,1.3876,1.9826,3.4412,2.2242,3.6787,2.3301,3.8677,3.5010,1.4334,2.1136,1.8907"
90,2026-09-23 20:13:53,Ours,0.01,1.7380816098932939,56.09,56.84,89,50.7684,0:50.77,49.3164,0.3182,1.1317,4633.3976,1:17:13.40,20,"12,10,0,2,17,14,19,7,16,3,18,4,13,11,1,8,9,6,5,15",12:43;10:10;0:64;2:21;17:22;14:16;19:15;7:72;16:57;3:36;18:50;4:35;13:65;11:41;1:31;8:50;9:63;6:26;5:27;15:61,"12:[0,1,3,5];10:[7];0:[0,2,3,4,5,6];2:[1,3];17:[1,3];14:[4];19:[4];7:[0,1,2,3,4,5,6];16:[0,1,3,4,7];3:[0,1,2];18:[0,2,3,6,7];4:[2,4,6];13:[0,1,2,3,4,6];11:[1,2,3,7];1:[2,4,7];8:[0,3,4,6,7];9:[0,2,3,5,6,7];6:[4,5];5:[1,7];15:[1,2,3,5,6,7]","c12:bw=43,experts=[0,1,3,5]; c10:bw=10,experts=[7]; c0:bw=64,experts=[0,2,3,4,5,6]; c2:bw=21,experts=[1,3]; c17:bw=22,experts=[1,3]; c14:bw=16,experts=[4]; c19:bw=15,experts=[4]; c7:bw=72,experts=[0,1,2,3,4,5,6]; c16:bw=57,experts=[0,1,3,4,7]; c3:bw=36,experts=[0,1,2]; c18:bw=50,experts=[0,2,3,6,7]; c4:bw=35,experts=[2,4,6]; c13:bw=65,experts=[0,1,2,3,4,6]; c11:bw=41,experts=[1,2,3,7]; c1:bw=31,experts=[2,4,7]; c8:bw=50,experts=[0,3,4,6,7]; c9:bw=63,experts=[0,2,3,5,6,7]; c6:bw=26,experts=[4,5]; c5:bw=27,experts=[1,7]; c15:bw=61,experts=[1,2,3,5,6,7]","2.3645,1.1381,1.3934,2.4992,2.1213,4.0298,3.4907,3.0600,2.0036,1.3738,2.8864,3.1667,3.9196,2.2276,3.5263,2.1383,2.1004,1.9027,1.1846,2.7893"
91,2026-09-23 20:14:44,Ours,0.01,1.6961235594099349,56.02,56.84,89,51.2119,0:51.21,49.7705,0.3159,1.1233,4684.6482,1:18:04.65,20,"5,6,1,17,18,7,8,4,19,2,10,3,11,12,14,15,13,0,9,16",5:52;6:29;1:50;17:63;18:13;7:51;8:23;4:54;19:51;2:11;10:49;3:40;11:67;12:62;14:42;15:45;13:46;0:22;9:35;16:24,"5:[1,2,3,4,5];6:[3,6];1:[2,3,4,6,7];17:[1,2,4,5,6,7];18:[4];7:[0,1,4,5,6];8:[5,6];4:[1,2,5,6,7];19:[1,2,3,5,7];2:[0];10:[1,2,3,6];3:[2,3,6,7];11:[0,1,3,4,5,7];12:[1,2,3,4,6,7];14:[0,1,2,4];15:[1,3,5,7];13:[0,3,5,6];0:[0,7];9:[1,5,7];16:[4,6]","c5:bw=52,experts=[1,2,3,4,5]; c6:bw=29,experts=[3,6]; c1:bw=50,experts=[2,3,4,6,7]; c17:bw=63,experts=[1,2,4,5,6,7]; c18:bw=13,experts=[4]; c7:bw=51,experts=[0,1,4,5,6]; c8:bw=23,experts=[5,6]; c4:bw=54,experts=[1,2,5,6,7]; c19:bw=51,experts=[1,2,3,5,7]; c2:bw=11,experts=[0]; c10:bw=49,experts=[1,2,3,6]; c3:bw=40,experts=[2,3,6,7]; c11:bw=67,experts=[0,1,3,4,5,7]; c12:bw=62,experts=[1,2,3,4,6,7]; c14:bw=42,experts=[0,1,2,4]; c15:bw=45,experts=[1,3,5,7]; c13:bw=46,experts=[0,3,5,6]; c0:bw=22,experts=[0,7]; c9:bw=35,experts=[1,5,7]; c16:bw=24,experts=[4,6]","1.2068,1.9207,3.5360,2.1290,2.9110,3.2956,2.1564,3.1593,3.4351,2.4594,1.1436,1.3745,2.2154,2.3519,3.9170,2.7795,4.2774,1.4292,2.0906,1.9820"
92,2026-09-23 20:15:35,Ours,0.01,1.7548561609273787,55.09,56.84,89,51.0103,0:51.01,49.5643,0.308,1.1358,4735.6978,1:18:55.70,20,"15,11,19,17,5,4,7,9,6,8,2,0,3,12,16,13,1,10,18,14",15:19;11:15;19:54;17:32;5:66;4:26;7:34;9:56;6:45;8:19;2:25;0:29;3:28;12:48;16:14;13:17;1:20;10:37;18:37;14:30,"15:[7];11:[0];19:[1,2,3,4,5];17:[0,2,7];5:[0,1,2,3,4,7];4:[0,1];7:[2,4,6];9:[2,3,4,6,7];6:[2,3,6,7];8:[4];2:[0,5];0:[4,7];3:[1,2];12:[1,2,3,7];16:[0];13:[7];1:[5,6];10:[0,3,4];18:[1,3,6];14:[3,5,6]","c15:bw=19,experts=[7]; c11:bw=15,experts=[0]; c19:bw=54,experts=[1,2,3,4,5]; c17:bw=32,experts=[0,2,7]; c5:bw=66,experts=[0,1,2,3,4,7]; c4:bw=26,experts=[0,1]; c7:bw=34,experts=[2,4,6]; c9:bw=56,experts=[2,3,4,6,7]; c6:bw=45,experts=[2,3,6,7]; c8:bw=19,experts=[4]; c2:bw=25,experts=[0,5]; c0:bw=29,experts=[4,7]; c3:bw=28,experts=[1,2]; c12:bw=48,experts=[1,2,3,7]; c16:bw=14,experts=[0]; c13:bw=17,experts=[7]; c1:bw=20,experts=[5,6]; c10:bw=37,experts=[0,3,4]; c18:bw=37,experts=[1,3,6]; c14:bw=30,experts=[3,5,6]","2.8262,2.4035,3.4981,2.1266,1.2174,3.1899,3.0572,2.1831,1.9063,2.1527,2.4711,1.3706,1.3742,2.3426,1.9841,3.9110,3.4951,1.1346,2.8768,4.0432"
93,2026-09-23 20:16:26,Ours,0.01,1.7280183749847091,55.56,56.84,89,50.7962,0:50.80,49.338,0.2985,1.1527,4786.5357,1:19:46.54,20,"9,1,6,8,15,18,0,17,5,3,12,4,14,7,11,19,16,2,10,13",9:58;1:47;6:22;8:10;15:36;18:23;0:19;17:32;5:10;3:31;12:52;4:32;14:25;7:22;11:32;19:39;16:46;2:51;10:15;13:63,"9:[1,2,3,4,6];1:[1,2,5,6];6:[2,5];8:[6];15:[1,2,6];18:[2,4];0:[7];17:[0,2,4];5:[6];3:[0,2,5];12:[0,2,4,5,7];4:[1,2,4];14:[0,2];7:[2,5];11:[1,3,4];19:[1,3,5];16:[0,3,6,7];2:[3,4,5,6,7];10:[5];13:[1,3,4,5,6,7]","c9:bw=58,experts=[1,2,3,4,6]; c1:bw=47,experts=[1,2,5,6]; c6:bw=22,experts=[2,5]; c8:bw=10,experts=[6]; c15:bw=36,experts=[1,2,6]; c18:bw=23,experts=[2,4]; c0:bw=19,experts=[7]; c17:bw=32,experts=[0,2,4]; c5:bw=10,experts=[6]; c3:bw=31,experts=[0,2,5]; c12:bw=52,experts=[0,2,4,5,7]; c4:bw=32,experts=[1,2,4]; c14:bw=25,experts=[0,2]; c7:bw=22,experts=[2,5]; c11:bw=32,experts=[1,3,4]; c19:bw=39,experts=[1,3,5]; c16:bw=46,experts=[0,3,6,7]; c2:bw=51,experts=[3,4,5,6,7]; c10:bw=15,experts=[5]; c13:bw=63,experts=[1,3,4,5,6,7]","2.1350,3.5363,1.9388,2.1672,2.8232,2.9109,1.3724,2.1169,1.1882,1.3713,2.4407,3.1719,3.6696,3.3028,2.2203,3.4152,1.9936,2.4851,1.1355,3.9429"
94,2026-09-23 20:17:17,Ours,0.01,1.71548006217883,54.94,56.84,89,51.0226,0:51.02,49.5588,0.3166,1.1451,4837.5974,1:20:37.60,20,"9,19,3,10,16,6,4,18,13,12,17,11,7,8,0,15,2,1,14,5",9:50;19:48;3:34;10:61;16:28;6:30;4:31;18:47;13:44;12:14;17:12;11:48;7:45;8:10;0:55;15:40;2:65;1:70;14:38;5:41,"9:[0,1,2,3,4];19:[0,1,3,5];3:[2,4,6];10:[0,2,3,4,6,7];16:[2,5];6:[0,1,4];4:[0,2,7];18:[3,4,6,7];13:[2,3,5,7];12:[0];17:[1];11:[3,4,5,7];7:[1,2,3,5];8:[1];0:[0,1,5,6,7];15:[0,3,4,6];2:[0,2,3,4,5,6];1:[0,1,2,3,4,5,7];14:[0,1,2];5:[0,1,3,5]","c9:bw=50,experts=[0,1,2,3,4]; c19:bw=48,experts=[0,1,3,5]; c3:bw=34,experts=[2,4,6]; c10:bw=61,experts=[0,2,3,4,6,7]; c16:bw=28,experts=[2,5]; c6:bw=30,experts=[0,1,4]; c4:bw=31,experts=[0,2,7]; c18:bw=47,experts=[3,4,6,7]; c13:bw=44,experts=[2,3,5,7]; c12:bw=14,experts=[0]; c17:bw=12,experts=[1]; c11:bw=48,experts=[3,4,5,7]; c7:bw=45,experts=[1,2,3,5]; c8:bw=10,experts=[1]; c0:bw=55,experts=[0,1,5,6,7]; c15:bw=40,experts=[0,3,4,6]; c2:bw=65,experts=[0,2,3,4,5,6]; c1:bw=70,experts=[0,1,2,3,4,5,7]; c14:bw=38,experts=[0,1,2]; c5:bw=41,experts=[0,1,3,5]","2.1411,3.5069,1.3964,1.1493,1.9949,1.9234,3.2155,2.9233,3.9067,2.5469,2.1179,2.2360,3.0330,2.1277,1.3744,2.8003,2.4546,3.5060,4.0223,1.1820"
95,2026-09-23 20:18:08,Ours,0.01,1.7342899937054281,56.14,56.84,89,50.5379,0:50.54,49.0692,0.3195,1.147,4888.1738,1:21:28.17,20,"7,16,1,12,4,9,17,5,14,10,15,0,19,8,13,3,18,11,2,6",7:59;16:24;1:31;12:10;4:15;9:42;17:47;5:10;14:49;10:42;15:34;0:35;19:42;8:76;13:59;3:41;18:28;11:10;2:23;6:40,"7:[1,2,3,4,5];16:[0,3];1:[2,4,6];12:[2];4:[4];9:[1,3,4,7];17:[2,3,4,7];5:[5];14:[0,5,6,7];10:[0,2,3,5];15:[1,4,5];0:[1,3,5];19:[0,2,5,7];8:[0,1,2,3,4,5,6];13:[0,2,4,6,7];3:[0,1,2,3];18:[3,7];11:[7];2:[3,6];6:[0,1,3,7]","c7:bw=59,experts=[1,2,3,4,5]; c16:bw=24,experts=[0,3]; c1:bw=31,experts=[2,4,6]; c12:bw=10,experts=[2]; c4:bw=15,experts=[4]; c9:bw=42,experts=[1,3,4,7]; c17:bw=47,experts=[2,3,4,7]; c5:bw=10,experts=[5]; c14:bw=49,experts=[0,5,6,7]; c10:bw=42,experts=[0,2,3,5]; c15:bw=34,experts=[1,4,5]; c0:bw=35,experts=[1,3,5]; c19:bw=42,experts=[0,2,5,7]; c8:bw=76,experts=[0,1,2,3,4,5,6]; c13:bw=59,experts=[0,2,4,6,7]; c3:bw=41,experts=[0,1,2,3]; c18:bw=28,experts=[3,7]; c11:bw=10,experts=[7]; c2:bw=23,experts=[3,6]; c6:bw=40,experts=[0,1,3,7]","3.0765,2.0115,3.5607,2.3330,3.1727,2.1103,2.1305,1.1964,3.7201,1.1430,2.8067,1.3924,3.4353,2.1446,3.9198,1.4513,2.8807,2.2279,2.4544,1.9016"
96,2026-09-23 20:18:58,Ours,0.01,1.679385236147212,58.31,58.31,96,50.6119,0:50.61,49.1636,0.3216,1.1243,4938.8238,1:22:18.82,20,"6,15,14,17,2,9,11,3,0,8,18,5,13,1,4,19,16,12,10,7",6:31;15:78;14:10;17:35;2:65;9:44;11:44;3:46;0:36;8:64;18:29;5:60;13:55;1:36;4:49;19:38;16:72;12:71;10:53;7:50,"6:[1,5,7];15:[0,1,2,4,5,6,7];14:[3];17:[0,6,7];2:[1,2,4,5,6,7];9:[1,3,4,6];11:[0,1,4,7];3:[1,2,3,5];0:[2,4,7];8:[1,2,3,4,6,7];18:[1,4];5:[2,3,4,5,6,7];13:[0,3,4,5,7];1:[0,2,5];4:[1,4,6,7];19:[0,3,6];16:[0,1,2,4,5,6,7];12:[0,1,2,3,4,5,6];10:[1,3,4,6,7];7:[2,3,4,5,7]","c6:bw=31,experts=[1,5,7]; c15:bw=78,experts=[0,1,2,4,5,6,7]; c14:bw=10,experts=[3]; c17:bw=35,experts=[0,6,7]; c2:bw=65,experts=[1,2,4,5,6,7]; c9:bw=44,experts=[1,3,4,6]; c11:bw=44,experts=[0,1,4,7]; c3:bw=46,experts=[1,2,3,5]; c0:bw=36,experts=[2,4,7]; c8:bw=64,experts=[1,2,3,4,6,7]; c18:bw=29,experts=[1,4]; c5:bw=60,experts=[2,3,4,5,6,7]; c13:bw=55,experts=[0,3,4,5,7]; c1:bw=36,experts=[0,2,5]; c4:bw=49,experts=[1,4,6,7]; c19:bw=38,experts=[0,3,6]; c16:bw=72,experts=[0,1,2,4,5,6,7]; c12:bw=71,experts=[0,1,2,3,4,5,6]; c10:bw=53,experts=[1,3,4,6,7]; c7:bw=50,experts=[2,3,4,5,7]","1.9180,2.8428,3.7324,2.1280,2.4818,2.1325,2.2445,1.4465,1.3875,2.1549,2.8953,1.2062,3.9157,3.4813,3.1491,3.4448,2.0031,2.4286,1.1429,3.0276"
97,2026-09-23 20:19:49,Ours,0.01,1.694174519209194,57.47,58.31,96,50.4918,0:50.49,49.0374,0.3089,1.1387,4989.3557,1:23:09.36,20,"12,2,4,6,9,10,1,19,7,0,3,17,18,5,14,15,13,11,16,8",12:13;2:54;4:16;6:50;9:43;10:51;1:50;19:30;7:30;0:41;3:35;17:54;18:70;5:46;14:23;15:59;13:51;11:22;16:54;8:43,"12:[5];2:[1,2,4,6,7];4:[2];6:[1,2,5,6,7];9:[0,2,4,5];10:[0,1,3,5,7];1:[2,3,4,5,6];19:[1,2,4];7:[0,4,5];0:[0,3,4,5];3:[1,2,5];17:[2,3,4,5,7];18:[0,1,2,3,5,6,7];5:[0,2,4,6];14:[1,3];15:[0,1,3,6,7];13:[0,1,2,4,6];11:[0,2];16:[0,1,2,3,6];8:[1,4,5,7]","c12:bw=13,experts=[5]; c2:bw=54,experts=[1,2,4,6,7]; c4:bw=16,experts=[2]; c6:bw=50,experts=[1,2,5,6,7]; c9:bw=43,experts=[0,2,4,5]; c10:bw=51,experts=[0,1,3,5,7]; c1:bw=50,experts=[2,3,4,5,6]; c19:bw=30,experts=[1,2,4]; c7:bw=30,experts=[0,4,5]; c0:bw=41,experts=[0,3,4,5]; c3:bw=35,experts=[1,2,5]; c17:bw=54,experts=[2,3,4,5,7]; c18:bw=70,experts=[0,1,2,3,5,6,7]; c5:bw=46,experts=[0,2,4,6]; c14:bw=23,experts=[1,3]; c15:bw=59,experts=[0,1,3,6,7]; c13:bw=51,experts=[0,1,2,4,6]; c11:bw=22,experts=[0,2]; c16:bw=54,experts=[0,1,2,3,6]; c8:bw=43,experts=[1,4,5,7]","2.3481,2.5087,3.2006,1.9139,2.1220,1.1431,3.5290,3.4556,3.0509,1.3850,1.3744,2.1318,2.8916,1.1965,3.6893,2.7857,3.9233,2.2550,1.9851,2.1477"
98,2026-09-23 20:20:40,Ours,0.01,1.6959688254003091,57.89,58.31,96,50.5608,0:50.56,49.1005,0.3243,1.1338,5039.9557,1:23:59.96,20,"10,4,2,17,15,7,19,14,11,16,13,1,6,5,9,3,18,0,12,8",10:45;4:52;2:24;17:17;15:17;7:24;19:45;14:67;11:10;16:41;13:31;1:26;6:36;5:49;9:27;3:25;18:32;0:33;12:16;8:54,"10:[0,1,4,7];4:[0,1,3,4,7];2:[1,3];17:[4];15:[0];7:[1,6];19:[0,1,4,7];14:[0,2,3,4,5,6];11:[4];16:[1,3,6,7];13:[1,5,7];1:[0,4];6:[1,2,3];5:[0,3,5,7];9:[0,2];3:[4,6];18:[3,4,6];0:[0,1,5];12:[3];8:[0,4,5,6,7]","c10:bw=45,experts=[0,1,4,7]; c4:bw=52,experts=[0,1,3,4,7]; c2:bw=24,experts=[1,3]; c17:bw=17,experts=[4]; c15:bw=17,experts=[0]; c7:bw=24,experts=[1,6]; c19:bw=45,experts=[0,1,4,7]; c14:bw=67,experts=[0,2,3,4,5,6]; c11:bw=10,experts=[4]; c16:bw=41,experts=[1,3,6,7]; c13:bw=31,experts=[1,5,7]; c1:bw=26,experts=[0,4]; c6:bw=36,experts=[1,2,3]; c5:bw=49,experts=[0,3,5,7]; c9:bw=27,experts=[0,2]; c3:bw=25,experts=[4,6]; c18:bw=32,experts=[3,4,6]; c0:bw=33,experts=[0,1,5]; c12:bw=16,experts=[3]; c8:bw=54,experts=[0,4,5,6,7]","1.1596,3.2033,2.4788,2.1401,2.8042,3.0627,3.4761,3.7182,2.2278,2.0972,3.8911,3.5176,1.8998,1.1869,2.1002,1.3746,2.8879,1.3781,2.3370,2.1592"
99,2026-09-23 20:21:30,Ours,0.01,1.7111857881566788,57.21,58.31,96,50.7256,0:50.73,49.2813,0.3126,1.1239,5090.7219,1:24:50.72,20,"13,0,14,4,19,9,16,3,12,10,7,11,1,15,6,17,18,8,5,2",13:25;0:40;14:33;4:24;19:48;9:20;16:34;3:38;12:34;10:11;7:45;11:10;1:59;15:47;6:35;17:43;18:55;8:34;5:49;2:31,"13:[2,7];0:[1,2,3,5];14:[1,2,5];4:[0,1];19:[1,5,6,7];9:[1,2];16:[0,1,7];3:[0,4,5];12:[2,5,7];10:[5];7:[0,3,4,5];11:[2];1:[0,3,4,6,7];15:[0,2,3,6];6:[1,4,5];17:[2,3,5,6];18:[0,1,2,4,6];8:[2,6,7];5:[1,2,5,6];2:[0,4,6]","c13:bw=25,experts=[2,7]; c0:bw=40,experts=[1,2,3,5]; c14:bw=33,experts=[1,2,5]; c4:bw=24,experts=[0,1]; c19:bw=48,experts=[1,5,6,7]; c9:bw=20,experts=[1,2]; c16:bw=34,experts=[0,1,7]; c3:bw=38,experts=[0,4,5]; c12:bw=34,experts=[2,5,7]; c10:bw=11,experts=[5]; c7:bw=45,experts=[0,3,4,5]; c11:bw=10,experts=[2]; c1:bw=59,experts=[0,3,4,6,7]; c15:bw=47,experts=[0,2,3,6]; c6:bw=35,experts=[1,4,5]; c17:bw=43,experts=[2,3,5,6]; c18:bw=55,experts=[0,1,2,4,6]; c8:bw=34,experts=[2,6,7]; c5:bw=49,experts=[1,2,5,6]; c2:bw=31,experts=[0,4,6]","4.0846,1.3952,3.7384,3.1866,3.5019,2.1053,2.1174,1.3732,2.3394,1.1613,3.0494,2.2277,3.4926,2.7906,1.8979,2.1049,2.9117,2.1322,1.2021,2.4687"
100,2026-09-23 20:22:21,Ours,0.01,1.6676402230815566,57.84,58.31,96,50.3917,0:50.39,48.9428,0.3181,1.1287,5141.1533,1:25:41.15,20,"10,12,11,0,4,7,6,17,14,1,13,8,2,18,16,9,5,3,15,19",10:56;12:37;11:17;0:64;4:65;7:10;6:44;17:55;14:10;1:17;13:10;8:44;2:30;18:80;16:46;9:53;5:18;3:42;15:30;19:18,"10:[2,3,4,5,6];12:[0,2,7];11:[1];0:[0,2,3,4,6,7];4:[0,1,4,5,6,7];7:[7];6:[1,3,4,5];17:[0,1,5,6,7];14:[6];1:[6];13:[5];8:[0,1,2,4];2:[0,2,4];18:[0,1,2,3,4,5,6,7];16:[1,3,5,6];9:[0,1,3,5,6];5:[7];3:[3,4,6,7];15:[2,3,5];19:[1]","c10:bw=56,experts=[2,3,4,5,6]; c12:bw=37,experts=[0,2,7]; c11:bw=17,experts=[1]; c0:bw=64,experts=[0,2,3,4,6,7]; c4:bw=65,experts=[0,1,4,5,6,7]; c7:bw=10,experts=[7]; c6:bw=44,experts=[1,3,4,5]; c17:bw=55,experts=[0,1,5,6,7]; c14:bw=10,experts=[6]; c1:bw=17,experts=[6]; c13:bw=10,experts=[5]; c8:bw=44,experts=[0,1,2,4]; c2:bw=30,experts=[0,2,4]; c18:bw=80,experts=[0,1,2,3,4,5,6,7]; c16:bw=46,experts=[1,3,5,6]; c9:bw=53,experts=[0,1,3,5,6]; c5:bw=18,experts=[7]; c3:bw=42,experts=[3,4,6,7]; c15:bw=30,experts=[2,3,5]; c19:bw=18,experts=[1]","1.1526,2.3332,2.2536,1.4041,3.2047,3.0508,1.9048,2.1070,3.7184,3.5114,3.9177,2.1381,2.4679,2.8880,1.9914,2.1107,1.1889,1.3877,2.7884,3.4233"
