Round,Timestamp,Method,LR,AvgLoss,TestAcc,BestAcc,BestRound,RoundTimeSec,RoundTimeHMS,LocalTrainTimeSec,AggTimeSec,EvalTimeSec,CumulativeTimeSec,CumulativeTimeHMS,NumClientsSelected,SelectedClients,Bandwidth,SelectedExperts,UploadDetail,ClientTrainTimesSec
1,2026-09-23 20:08:00,Ours,0.00208,4.017903369548347,1.21,1.21,1,75.0344,1:15.03,67.3156,6.4244,1.2856,75.0344,1:15.03,30,"27,15,23,17,8,9,28,24,12,0,4,16,5,13,11,22,1,2,25,3,21,26,18,29,20,7,10,14,19,6",27:21;15:58;23:65;17:34;8:55;9:45;28:39;24:34;12:23;0:10;4:40;16:48;5:44;13:42;11:24;22:26;1:29;2:29;25:55;3:51;21:20;26:38;18:30;29:26;20:55;7:20;10:22;14:54;19:40;6:41,"27:[2,4];15:[1,2,4,5,6];23:[0,1,2,4,5,6];17:[2,4,6];8:[1,2,4,5,6];9:[1,2,4,6];28:[2,4,6];24:[2,4,6];12:[2,4];0:[2];4:[1,2,4,6];16:[1,2,4,6];5:[1,2,4,6];13:[1,2,4,6];11:[2,4];22:[2,4];1:[2,6];2:[2,4];25:[1,2,4,5,6];3:[1,2,4,5,6];21:[2,4];26:[2,4,6];18:[2,4,6];29:[2,4];20:[1,2,4,5,6];7:[2,4];10:[2,6];14:[1,2,4,5,6];19:[1,2,4,6];6:[1,2,4,6]","c27:bw=21,experts=[2,4]; c15:bw=58,experts=[1,2,4,5,6]; c23:bw=65,experts=[0,1,2,4,5,6]; c17:bw=34,experts=[2,4,6]; c8:bw=55,experts=[1,2,4,5,6]; c9:bw=45,experts=[1,2,4,6]; c28:bw=39,experts=[2,4,6]; c24:bw=34,experts=[2,4,6]; c12:bw=23,experts=[2,4]; c0:bw=10,experts=[2]; c4:bw=40,experts=[1,2,4,6]; c16:bw=48,experts=[1,2,4,6]; c5:bw=44,experts=[1,2,4,6]; c13:bw=42,experts=[1,2,4,6]; c11:bw=24,experts=[2,4]; c22:bw=26,experts=[2,4]; c1:bw=29,experts=[2,6]; c2:bw=29,experts=[2,4]; c25:bw=55,experts=[1,2,4,5,6]; c3:bw=51,experts=[1,2,4,5,6]; c21:bw=20,experts=[2,4]; c26:bw=38,experts=[2,4,6]; c18:bw=30,experts=[2,4,6]; c29:bw=26,experts=[2,4]; c20:bw=55,experts=[1,2,4,5,6]; c7:bw=20,experts=[2,4]; c10:bw=22,experts=[2,6]; c14:bw=54,experts=[1,2,4,5,6]; c19:bw=40,experts=[1,2,4,6]; c6:bw=41,experts=[1,2,4,6]","3.0100,1.6415,1.8301,2.5018,1.6396,1.8525,2.0960,1.7552,2.4847,1.5368,2.6447,2.4452,3.8571,2.2316,2.9366,2.2138,1.4958,1.7835,2.6402,2.1140,1.4587,1.5384,2.3340,4.0891,2.7684,1.7461,3.2844,1.8338,1.9459,1.6058"
2,2026-09-23 20:09:12,Ours,0.00406,3.4586196650627907,3.61,3.61,2,71.8012,1:11.80,64.0322,6.4974,1.2683,146.9935,2:26.99,30,"0,5,20,26,13,7,21,10,12,29,24,22,16,3,1,17,8,6,23,4,2,19,11,18,25,14,15,28,27,9",0:36;5:69;20:15;26:35;13:54;7:55;21:28;10:59;12:16;29:60;24:10;22:38;16:16;3:67;1:41;17:51;8:48;6:17;23:70;4:30;2:22;19:53;11:29;18:24;25:25;14:26;15:62;28:65;27:24;9:46,"0:[0,4,6];5:[0,1,2,4,5,6];20:[4];26:[0,4,6];13:[0,1,2,4,6];7:[0,1,2,4,6];21:[4,6];10:[0,1,2,4,6];12:[4];29:[0,1,2,4,5,6];24:[4];22:[0,4,6];16:[4];3:[0,1,2,4,5,6];1:[0,1,4,6];17:[0,1,2,4,6];8:[0,1,4,6];6:[4];23:[0,1,2,3,4,5,6];4:[0,4,6];2:[4,6];19:[0,1,4,5,6];11:[4,6];18:[4,6];25:[4,6];14:[4,6];15:[0,1,2,4,5,6];28:[0,1,2,4,5,6];27:[4,6];9:[0,1,4,6]","c0:bw=36,experts=[0,4,6]; c5:bw=69,experts=[0,1,2,4,5,6]; c20:bw=15,experts=[4]; c26:bw=35,experts=[0,4,6]; c13:bw=54,experts=[0,1,2,4,6]; c7:bw=55,experts=[0,1,2,4,6]; c21:bw=28,experts=[4,6]; c10:bw=59,experts=[0,1,2,4,6]; c12:bw=16,experts=[4]; c29:bw=60,experts=[0,1,2,4,5,6]; c24:bw=10,experts=[4]; c22:bw=38,experts=[0,4,6]; c16:bw=16,experts=[4]; c3:bw=67,experts=[0,1,2,4,5,6]; c1:bw=41,experts=[0,1,4,6]; c17:bw=51,experts=[0,1,2,4,6]; c8:bw=48,experts=[0,1,4,6]; c6:bw=17,experts=[4]; c23:bw=70,experts=[0,1,2,3,4,5,6]; c4:bw=30,experts=[0,4,6]; c2:bw=22,experts=[4,6]; c19:bw=53,experts=[0,1,4,5,6]; c11:bw=29,experts=[4,6]; c18:bw=24,experts=[4,6]; c25:bw=25,experts=[4,6]; c14:bw=26,experts=[4,6]; c15:bw=62,experts=[0,1,2,4,5,6]; c28:bw=65,experts=[0,1,2,4,5,6]; c27:bw=24,experts=[4,6]; c9:bw=46,experts=[0,1,4,6]","1.4726,3.7906,2.6113,1.4421,2.1192,1.7392,1.4259,3.1176,2.2726,3.8739,1.6395,2.0872,2.2906,2.0031,1.4556,2.4898,1.5447,1.5290,1.7736,2.5984,1.6604,1.9142,2.9099,2.2022,2.5746,1.7170,1.5277,2.0461,2.3830,1.8205"
3,2026-09-23 20:10:23,Ours,0.006040000000000001,3.321098449544626,5.19,5.19,3,71.5352,1:11.54,63.8929,6.3812,1.2579,218.5406,3:38.54,30,"4,25,10,0,8,20,29,26,15,28,24,23,18,12,21,19,9,5,1,22,27,17,3,16,13,2,14,7,11,6",4:52;25:35;10:10;0:50;8:30;20:56;29:15;26:52;15:16;28:56;24:29;23:11;18:40;12:37;21:48;19:24;9:48;5:13;1:13;22:54;27:34;17:41;3:26;16:31;13:54;2:42;14:53;7:33;11:66;6:40,"4:[0,1,4,5,6];25:[0,4,6];10:[4];0:[0,1,4,5,6];8:[0,4,6];20:[0,1,4,5,6];29:[4];26:[0,1,4,5,6];15:[4];28:[0,1,4,5,6];24:[4,6];23:[4];18:[0,1,4,6];12:[0,4,6];21:[0,1,4,6];19:[4,6];9:[0,1,4,6];5:[4];1:[4];22:[0,1,4,5,6];27:[0,4,6];17:[0,1,4,6];3:[4,6];16:[0,4,6];13:[0,1,4,5,6];2:[0,1,4,6];14:[0,1,4,5,6];7:[0,4,6];11:[0,1,2,4,5,6];6:[0,1,4,6]","c4:bw=52,experts=[0,1,4,5,6]; c25:bw=35,experts=[0,4,6]; c10:bw=10,experts=[4]; c0:bw=50,experts=[0,1,4,5,6]; c8:bw=30,experts=[0,4,6]; c20:bw=56,experts=[0,1,4,5,6]; c29:bw=15,experts=[4]; c26:bw=52,experts=[0,1,4,5,6]; c15:bw=16,experts=[4]; c28:bw=56,experts=[0,1,4,5,6]; c24:bw=29,experts=[4,6]; c23:bw=11,experts=[4]; c18:bw=40,experts=[0,1,4,6]; c12:bw=37,experts=[0,4,6]; c21:bw=48,experts=[0,1,4,6]; c19:bw=24,experts=[4,6]; c9:bw=48,experts=[0,1,4,6]; c5:bw=13,experts=[4]; c1:bw=13,experts=[4]; c22:bw=54,experts=[0,1,4,5,6]; c27:bw=34,experts=[0,4,6]; c17:bw=41,experts=[0,1,4,6]; c3:bw=26,experts=[4,6]; c16:bw=31,experts=[0,4,6]; c13:bw=54,experts=[0,1,4,5,6]; c2:bw=42,experts=[0,1,4,6]; c14:bw=53,experts=[0,1,4,5,6]; c7:bw=33,experts=[0,4,6]; c11:bw=66,experts=[0,1,2,4,5,6]; c6:bw=40,experts=[0,1,4,6]","2.6259,2.6234,3.1447,1.4863,1.5560,2.6118,3.9204,1.4265,1.5508,2.0560,1.6378,1.7536,2.2081,2.2867,1.4000,1.9113,1.7881,3.7132,1.4445,2.0788,2.3476,2.4731,2.0045,2.3035,2.0954,1.6651,1.7565,1.7208,2.7993,1.5030"
4,2026-09-23 20:11:35,Ours,0.00802,3.249328714438716,6.57,6.57,4,72.155,1:12.16,64.1659,6.7225,1.2633,290.7086,4:50.71,30,"3,1,4,5,16,26,9,13,24,2,10,19,28,11,18,7,21,6,0,22,25,8,27,23,29,14,17,12,15,20",3:34;1:40;4:56;5:73;16:45;26:37;9:22;13:49;24:19;2:60;10:64;19:47;28:63;11:49;18:43;7:45;21:27;6:53;0:59;22:49;25:43;8:31;27:58;23:15;29:44;14:32;17:39;12:63;15:24;20:70,"3:[0,4,6];1:[0,1,4,6];4:[0,1,4,5,6];5:[0,1,2,4,5,6,7];16:[0,1,4,6];26:[0,4,6];9:[4,6];13:[0,1,4,6];24:[4];2:[0,1,2,4,5,6];10:[0,1,2,4,5,6];19:[0,1,4,6];28:[0,1,2,4,5,6];11:[0,1,4,6];18:[0,1,4,6];7:[0,1,4,6];21:[4,6];6:[0,1,4,5,6];0:[0,1,4,5,6];22:[0,1,4,6];25:[0,1,4,6];8:[0,4,6];27:[0,1,4,5,6];23:[4];29:[0,1,4,6];14:[0,4,6];17:[0,4,6];12:[0,1,2,4,5,6];15:[4,6];20:[0,1,2,4,5,6,7]","c3:bw=34,experts=[0,4,6]; c1:bw=40,experts=[0,1,4,6]; c4:bw=56,experts=[0,1,4,5,6]; c5:bw=73,experts=[0,1,2,4,5,6,7]; c16:bw=45,experts=[0,1,4,6]; c26:bw=37,experts=[0,4,6]; c9:bw=22,experts=[4,6]; c13:bw=49,experts=[0,1,4,6]; c24:bw=19,experts=[4]; c2:bw=60,experts=[0,1,2,4,5,6]; c10:bw=64,experts=[0,1,2,4,5,6]; c19:bw=47,experts=[0,1,4,6]; c28:bw=63,experts=[0,1,2,4,5,6]; c11:bw=49,experts=[0,1,4,6]; c18:bw=43,experts=[0,1,4,6]; c7:bw=45,experts=[0,1,4,6]; c21:bw=27,experts=[4,6]; c6:bw=53,experts=[0,1,4,5,6]; c0:bw=59,experts=[0,1,4,5,6]; c22:bw=49,experts=[0,1,4,6]; c25:bw=43,experts=[0,1,4,6]; c8:bw=31,experts=[0,4,6]; c27:bw=58,experts=[0,1,4,5,6]; c23:bw=15,experts=[4]; c29:bw=44,experts=[0,1,4,6]; c14:bw=32,experts=[0,4,6]; c17:bw=39,experts=[0,4,6]; c12:bw=63,experts=[0,1,2,4,5,6]; c15:bw=24,experts=[4,6]; c20:bw=70,experts=[0,1,2,4,5,6,7]","2.0044,1.4498,2.6244,3.8002,2.3406,1.4314,1.7971,2.0919,1.6482,1.6721,3.2026,1.9342,2.0286,2.7952,2.2247,1.7399,1.4357,1.5280,1.4897,2.0985,2.5753,1.5622,2.3669,1.7552,3.8920,1.7542,2.5120,2.3117,1.5221,2.5773"
5,2026-09-23 20:12:52,Ours,0.01,3.214698788876762,7.01,7.01,5,76.4278,1:16.43,68.6672,6.4654,1.289,367.1491,6:07.15,30,"26,3,16,28,9,20,22,14,12,17,19,13,21,18,10,5,24,23,2,4,15,0,1,11,7,27,29,8,25,6",26:19;3:63;16:32;28:45;9:62;20:50;22:49;14:53;12:55;17:64;19:19;13:36;21:35;18:10;10:35;5:40;24:12;23:29;2:10;4:48;15:45;0:50;1:20;11:21;7:24;27:30;29:55;8:37;25:34;6:53,"26:[4];3:[0,1,2,4,5,6];16:[0,4,6];28:[0,1,4,6];9:[0,1,2,4,5,6];20:[0,1,4,5,6];22:[0,1,4,6];14:[0,1,4,5,6];12:[0,1,4,5,6];17:[0,1,2,4,5,6];19:[4];13:[0,4,6];21:[0,4,6];18:[4];10:[0,4,6];5:[0,4,5,6];24:[4];23:[4,6];2:[4];4:[0,4,5,6];15:[0,4,5,6];0:[0,1,4,5,6];1:[4,6];11:[4,6];7:[4,6];27:[0,4,6];29:[0,1,4,5,6];8:[0,4,6];25:[0,4,6];6:[0,1,4,5,6]","c26:bw=19,experts=[4]; c3:bw=63,experts=[0,1,2,4,5,6]; c16:bw=32,experts=[0,4,6]; c28:bw=45,experts=[0,1,4,6]; c9:bw=62,experts=[0,1,2,4,5,6]; c20:bw=50,experts=[0,1,4,5,6]; c22:bw=49,experts=[0,1,4,6]; c14:bw=53,experts=[0,1,4,5,6]; c12:bw=55,experts=[0,1,4,5,6]; c17:bw=64,experts=[0,1,2,4,5,6]; c19:bw=19,experts=[4]; c13:bw=36,experts=[0,4,6]; c21:bw=35,experts=[0,4,6]; c18:bw=10,experts=[4]; c10:bw=35,experts=[0,4,6]; c5:bw=40,experts=[0,4,5,6]; c24:bw=12,experts=[4]; c23:bw=29,experts=[4,6]; c2:bw=10,experts=[4]; c4:bw=48,experts=[0,4,5,6]; c15:bw=45,experts=[0,4,5,6]; c0:bw=50,experts=[0,1,4,5,6]; c1:bw=20,experts=[4,6]; c11:bw=21,experts=[4,6]; c7:bw=24,experts=[4,6]; c27:bw=30,experts=[0,4,6]; c29:bw=55,experts=[0,1,4,5,6]; c8:bw=37,experts=[0,4,6]; c25:bw=34,experts=[0,4,6]; c6:bw=53,experts=[0,1,4,5,6]","1.4422,2.0097,2.3348,2.1255,1.8566,2.6549,2.1498,1.7806,2.4567,2.5839,1.9290,2.1190,1.4247,2.2626,3.1694,3.8415,1.8795,2.2582,2.1097,2.6675,1.6066,1.7455,1.8985,3.6244,1.9470,2.4887,4.5670,1.5769,2.6179,1.5387"
6,2026-09-23 20:14:04,Ours,0.01,3.171865827156195,8.64,8.64,6,72.1193,1:12.12,64.3255,6.5037,1.2868,439.2846,7:19.28,30,"17,11,7,13,0,28,20,8,1,5,2,23,22,15,21,29,10,14,26,24,4,3,19,16,6,18,12,27,9,25",17:27;11:31;7:58;13:15;0:31;28:74;20:44;8:67;1:32;5:27;2:42;23:73;22:32;15:33;21:10;29:41;10:10;14:40;26:43;24:18;4:17;3:36;19:37;16:54;6:20;18:40;12:62;27:43;9:48;25:43,"17:[4,6];11:[0,4,6];7:[0,1,4,5,6];13:[4];0:[0,4,6];28:[0,1,2,4,5,6,7];20:[0,4,5,6];8:[0,1,2,4,5,6];1:[0,4,6];5:[4,6];2:[0,4,5,6];23:[0,1,2,4,5,6,7];22:[0,4,6];15:[0,4,6];21:[4];29:[0,1,4,6];10:[4];14:[0,4,5,6];26:[0,1,4,6];24:[4];4:[4];3:[0,4,6];19:[0,4,6];16:[0,1,4,5,6];6:[4,6];18:[0,1,4,6];12:[0,1,2,4,5,6];27:[0,1,4,6];9:[0,1,4,6];25:[0,1,4,6]","c17:bw=27,experts=[4,6]; c11:bw=31,experts=[0,4,6]; c7:bw=58,experts=[0,1,4,5,6]; c13:bw=15,experts=[4]; c0:bw=31,experts=[0,4,6]; c28:bw=74,experts=[0,1,2,4,5,6,7]; c20:bw=44,experts=[0,4,5,6]; c8:bw=67,experts=[0,1,2,4,5,6]; c1:bw=32,experts=[0,4,6]; c5:bw=27,experts=[4,6]; c2:bw=42,experts=[0,4,5,6]; c23:bw=73,experts=[0,1,2,4,5,6,7]; c22:bw=32,experts=[0,4,6]; c15:bw=33,experts=[0,4,6]; c21:bw=10,experts=[4]; c29:bw=41,experts=[0,1,4,6]; c10:bw=10,experts=[4]; c14:bw=40,experts=[0,4,5,6]; c26:bw=43,experts=[0,1,4,6]; c24:bw=18,experts=[4]; c4:bw=17,experts=[4]; c3:bw=36,experts=[0,4,6]; c19:bw=37,experts=[0,4,6]; c16:bw=54,experts=[0,1,4,5,6]; c6:bw=20,experts=[4,6]; c18:bw=40,experts=[0,1,4,6]; c12:bw=62,experts=[0,1,2,4,5,6]; c27:bw=43,experts=[0,1,4,6]; c9:bw=48,experts=[0,1,4,6]; c25:bw=43,experts=[0,1,4,6]","2.5047,2.8342,1.7275,2.1472,1.5079,2.0912,2.6281,1.5961,1.4604,3.7779,1.6791,1.7680,2.1109,1.5585,1.4026,3.9114,3.1039,1.7616,1.4208,1.6366,2.6090,2.0115,1.9169,2.2959,1.5136,2.2259,2.3068,2.3711,1.8201,2.6258"
7,2026-09-23 20:15:16,Ours,0.01,3.125109367546203,9.94,9.94,7,72.1865,1:12.19,64.5824,6.3178,1.2831,511.4845,8:31.48,30,"20,1,29,3,13,15,9,16,14,17,21,4,18,25,7,5,23,2,8,12,26,24,0,6,22,10,19,28,11,27",20:16;1:10;29:57;3:26;13:25;15:39;9:10;16:53;14:13;17:41;21:60;4:14;18:20;25:50;7:31;5:49;23:41;2:40;8:57;12:47;26:49;24:31;0:36;6:13;22:55;10:17;19:54;28:10;11:60;27:26,"20:[4];1:[4];29:[0,1,4,5,6];3:[4,6];13:[4,6];15:[0,4,6];9:[4];16:[0,1,4,5,6];14:[4];17:[0,4,5,6];21:[0,1,2,4,5,6];4:[4];18:[4,6];25:[0,1,4,5,6];7:[1,4,6];5:[0,1,4,6];23:[0,1,4,6];2:[0,4,5,6];8:[0,1,4,5,6];12:[0,1,4,6];26:[0,1,4,6];24:[0,4,6];0:[0,4,6];6:[4];22:[0,1,2,4,6];10:[4];19:[0,1,4,5,6];28:[4];11:[0,1,2,4,5,6];27:[4,6]","c20:bw=16,experts=[4]; c1:bw=10,experts=[4]; c29:bw=57,experts=[0,1,4,5,6]; c3:bw=26,experts=[4,6]; c13:bw=25,experts=[4,6]; c15:bw=39,experts=[0,4,6]; c9:bw=10,experts=[4]; c16:bw=53,experts=[0,1,4,5,6]; c14:bw=13,experts=[4]; c17:bw=41,experts=[0,4,5,6]; c21:bw=60,experts=[0,1,2,4,5,6]; c4:bw=14,experts=[4]; c18:bw=20,experts=[4,6]; c25:bw=50,experts=[0,1,4,5,6]; c7:bw=31,experts=[1,4,6]; c5:bw=49,experts=[0,1,4,6]; c23:bw=41,experts=[0,1,4,6]; c2:bw=40,experts=[0,4,5,6]; c8:bw=57,experts=[0,1,4,5,6]; c12:bw=47,experts=[0,1,4,6]; c26:bw=49,experts=[0,1,4,6]; c24:bw=31,experts=[0,4,6]; c0:bw=36,experts=[0,4,6]; c6:bw=13,experts=[4]; c22:bw=55,experts=[0,1,2,4,6]; c10:bw=17,experts=[4]; c19:bw=54,experts=[0,1,4,5,6]; c28:bw=10,experts=[4]; c11:bw=60,experts=[0,1,2,4,5,6]; c27:bw=26,experts=[4,6]","2.6169,1.4734,3.9817,2.0323,2.1617,1.5882,1.8257,2.3252,1.7595,2.5310,1.4282,2.6533,2.2512,2.6013,1.7381,3.6975,1.7756,1.6761,1.5650,2.2902,1.4579,1.6615,1.4957,1.5253,2.1229,3.1398,1.9307,2.0594,2.8311,2.3857"
8,2026-09-23 20:16:29,Ours,0.01,3.1788298746034473,10.63,10.63,8,72.712,1:12.71,64.7523,6.6748,1.2816,584.2105,9:44.21,30,"10,14,7,9,13,8,3,12,18,23,15,0,21,28,5,26,17,24,27,20,22,4,29,2,1,6,11,19,25,16",10:51;14:59;7:15;9:59;13:35;8:37;3:37;12:51;18:39;23:35;15:66;0:32;21:31;28:38;5:28;26:55;17:56;24:42;27:41;20:42;22:61;4:10;29:71;2:54;1:58;6:41;11:45;19:31;25:41;16:45,"10:[1,3,4,6,7];14:[0,3,4,6,7];7:[3];9:[0,3,4,6,7];13:[3,4,7];8:[3,4,7];3:[3,4,7];12:[0,3,4,6,7];18:[3,5,7];23:[0,4,6];15:[0,3,4,5,6,7];0:[3,4,7];21:[3,4,7];28:[3,4,6];5:[3,4];26:[0,3,4,6,7];17:[0,3,4,6,7];24:[1,3,5,7];27:[3,4,6,7];20:[0,3,4,6];22:[0,1,3,4,6,7];4:[3];29:[0,1,3,4,5,6,7];2:[0,3,4,6,7];1:[3,4,5,6,7];6:[3,4,6,7];11:[3,4,6,7];19:[3,4,7];25:[3,4,6,7];16:[3,4,6,7]","c10:bw=51,experts=[1,3,4,6,7]; c14:bw=59,experts=[0,3,4,6,7]; c7:bw=15,experts=[3]; c9:bw=59,experts=[0,3,4,6,7]; c13:bw=35,experts=[3,4,7]; c8:bw=37,experts=[3,4,7]; c3:bw=37,experts=[3,4,7]; c12:bw=51,experts=[0,3,4,6,7]; c18:bw=39,experts=[3,5,7]; c23:bw=35,experts=[0,4,6]; c15:bw=66,experts=[0,3,4,5,6,7]; c0:bw=32,experts=[3,4,7]; c21:bw=31,experts=[3,4,7]; c28:bw=38,experts=[3,4,6]; c5:bw=28,experts=[3,4]; c26:bw=55,experts=[0,3,4,6,7]; c17:bw=56,experts=[0,3,4,6,7]; c24:bw=42,experts=[1,3,5,7]; c27:bw=41,experts=[3,4,6,7]; c20:bw=42,experts=[0,3,4,6]; c22:bw=61,experts=[0,1,3,4,6,7]; c4:bw=10,experts=[3]; c29:bw=71,experts=[0,1,3,4,5,6,7]; c2:bw=54,experts=[0,3,4,6,7]; c1:bw=58,experts=[3,4,5,6,7]; c6:bw=41,experts=[3,4,6,7]; c11:bw=45,experts=[3,4,6,7]; c19:bw=31,experts=[3,4,7]; c25:bw=41,experts=[3,4,6,7]; c16:bw=45,experts=[3,4,6,7]","3.1689,1.7763,1.7573,1.8553,2.1493,1.5694,2.0258,2.3124,2.2510,1.7816,1.5541,1.4909,1.4202,2.0846,3.7411,1.4528,2.5470,1.6545,2.3778,2.6046,2.1170,2.6545,3.9131,1.6695,1.5290,1.5676,2.8614,1.9092,2.6413,2.3148"
9,2026-09-23 20:17:42,Ours,0.01,3.096568139915741,12.42,12.42,9,72.7571,1:12.76,65.0358,6.4219,1.2961,656.9828,10:56.98,30,"17,7,13,25,9,6,28,29,18,14,3,2,12,22,20,11,8,0,24,15,10,21,27,1,19,4,23,5,16,26",17:49;7:46;13:41;25:67;9:26;6:31;28:58;29:46;18:53;14:37;3:23;2:21;12:38;22:39;20:58;11:28;8:18;0:52;24:25;15:36;10:34;21:66;27:27;1:14;19:26;4:59;23:68;5:52;16:41;26:19,"17:[0,4,5,6];7:[1,4,6,7];13:[0,1,4,6];25:[0,1,2,4,5,6];9:[4,6];6:[2,4,6];28:[0,1,4,5,6];29:[0,1,4,6];18:[0,1,2,4,6];14:[2,4,6];3:[4,6];2:[4,6];12:[0,4,6];22:[0,4,6];20:[0,1,4,5,6];11:[4,6];8:[4];0:[0,2,4,5,6];24:[2,4];15:[1,4,6];10:[0,4,6];21:[0,1,2,4,5,6];27:[2,4];1:[2];19:[2,4];4:[1,2,4,6,7];23:[0,1,2,4,5,6];5:[0,1,4,5,6];16:[0,2,4,6];26:[2]","c17:bw=49,experts=[0,4,5,6]; c7:bw=46,experts=[1,4,6,7]; c13:bw=41,experts=[0,1,4,6]; c25:bw=67,experts=[0,1,2,4,5,6]; c9:bw=26,experts=[4,6]; c6:bw=31,experts=[2,4,6]; c28:bw=58,experts=[0,1,4,5,6]; c29:bw=46,experts=[0,1,4,6]; c18:bw=53,experts=[0,1,2,4,6]; c14:bw=37,experts=[2,4,6]; c3:bw=23,experts=[4,6]; c2:bw=21,experts=[4,6]; c12:bw=38,experts=[0,4,6]; c22:bw=39,experts=[0,4,6]; c20:bw=58,experts=[0,1,4,5,6]; c11:bw=28,experts=[4,6]; c8:bw=18,experts=[4]; c0:bw=52,experts=[0,2,4,5,6]; c24:bw=25,experts=[2,4]; c15:bw=36,experts=[1,4,6]; c10:bw=34,experts=[0,4,6]; c21:bw=66,experts=[0,1,2,4,5,6]; c27:bw=27,experts=[2,4]; c1:bw=14,experts=[2]; c19:bw=26,experts=[2,4]; c4:bw=59,experts=[1,2,4,6,7]; c23:bw=68,experts=[0,1,2,4,5,6]; c5:bw=52,experts=[0,1,4,5,6]; c16:bw=41,experts=[0,2,4,6]; c26:bw=19,experts=[2]","2.5955,1.7881,2.1487,2.6599,1.8561,1.5679,2.0896,3.9828,2.2520,1.7730,2.0397,1.6783,2.3343,2.1460,2.6172,2.8346,1.5860,1.5004,1.6626,1.5895,3.1552,1.4165,2.3907,1.4602,1.9223,2.6293,1.7577,3.8055,2.3139,1.4823"
10,2026-09-23 20:18:55,Ours,0.01,3.0495251027755272,14.7,14.7,10,73.0425,1:13.04,65.3608,6.3706,1.3078,730.0399,12:10.04,30,"16,13,14,18,5,22,19,24,20,4,12,1,23,11,3,29,21,15,26,2,9,25,10,28,27,17,6,7,0,8",16:44;13:38;14:57;18:28;5:58;22:10;19:43;24:68;20:10;4:37;12:52;1:41;23:10;11:21;3:46;29:25;21:10;15:10;26:58;2:34;9:35;25:66;10:54;28:24;27:24;17:35;6:65;7:37;0:59;8:35,"16:[0,1,4,6];13:[2,4,6];14:[0,1,2,4,6];18:[4,6];5:[0,1,4,5,6];22:[4];19:[0,1,4,6];24:[0,1,2,4,5,6];20:[4];4:[1,4,6];12:[0,1,2,4,6];1:[0,1,4,6];23:[3];11:[4,6];3:[0,1,4,6];29:[2,4];21:[4];15:[2];26:[0,1,2,4,6];2:[0,4,6];9:[1,4,6];25:[0,1,2,4,5,6];10:[0,1,2,4,6];28:[4,6];27:[4,6];17:[0,4,6];6:[0,1,2,4,5,6];7:[2,4,6];0:[0,1,2,4,6];8:[0,4,6]","c16:bw=44,experts=[0,1,4,6]; c13:bw=38,experts=[2,4,6]; c14:bw=57,experts=[0,1,2,4,6]; c18:bw=28,experts=[4,6]; c5:bw=58,experts=[0,1,4,5,6]; c22:bw=10,experts=[4]; c19:bw=43,experts=[0,1,4,6]; c24:bw=68,experts=[0,1,2,4,5,6]; c20:bw=10,experts=[4]; c4:bw=37,experts=[1,4,6]; c12:bw=52,experts=[0,1,2,4,6]; c1:bw=41,experts=[0,1,4,6]; c23:bw=10,experts=[3]; c11:bw=21,experts=[4,6]; c3:bw=46,experts=[0,1,4,6]; c29:bw=25,experts=[2,4]; c21:bw=10,experts=[4]; c15:bw=10,experts=[2]; c26:bw=58,experts=[0,1,2,4,6]; c2:bw=34,experts=[0,4,6]; c9:bw=35,experts=[1,4,6]; c25:bw=66,experts=[0,1,2,4,5,6]; c10:bw=54,experts=[0,1,2,4,6]; c28:bw=24,experts=[4,6]; c27:bw=24,experts=[4,6]; c17:bw=35,experts=[0,4,6]; c6:bw=65,experts=[0,1,2,4,5,6]; c7:bw=37,experts=[2,4,6]; c0:bw=59,experts=[0,1,2,4,6]; c8:bw=35,experts=[0,4,6]","2.3830,2.1472,1.7850,2.2759,3.8222,2.1296,1.9614,1.6906,2.6551,2.6699,2.3175,1.4851,1.8024,2.8547,2.0421,3.9323,1.4442,1.6045,1.4816,1.7139,1.8397,2.6598,3.1996,2.1027,2.3988,2.5494,1.5646,1.7607,1.5028,1.5842"
11,2026-09-23 20:20:10,Ours,0.01,2.9765482295954966,15.88,15.88,11,75.1865,1:15.19,66.6498,7.2415,1.292,805.2412,13:25.24,30,"6,20,29,24,4,11,17,25,9,1,12,14,8,28,13,18,22,5,3,7,16,10,27,0,26,21,23,19,2,15",6:55;20:10;29:10;24:45;4:16;11:34;17:44;25:10;9:33;1:40;12:20;14:15;8:39;28:26;13:40;18:47;22:10;5:28;3:50;7:44;16:43;10:35;27:53;0:28;26:33;21:34;23:63;19:25;2:27;15:44,"6:[0,2,4,5,6];20:[4];29:[4];24:[0,1,4,6];4:[4];11:[0,4,6];17:[0,4,5,6];25:[4];9:[0,4,6];1:[0,1,4,6];12:[4,6];14:[4];8:[0,4,6];28:[4,6];13:[0,4,5,6];18:[0,1,4,6];22:[5];5:[4,6];3:[0,1,4,5,6];7:[0,1,4,6];16:[0,1,4,6];10:[0,4,6];27:[0,1,2,4,6];0:[4,6];26:[4,5,6];21:[4,5,6];23:[0,1,2,4,5,6];19:[4,6];2:[4,6];15:[0,4,5,6]","c6:bw=55,experts=[0,2,4,5,6]; c20:bw=10,experts=[4]; c29:bw=10,experts=[4]; c24:bw=45,experts=[0,1,4,6]; c4:bw=16,experts=[4]; c11:bw=34,experts=[0,4,6]; c17:bw=44,experts=[0,4,5,6]; c25:bw=10,experts=[4]; c9:bw=33,experts=[0,4,6]; c1:bw=40,experts=[0,1,4,6]; c12:bw=20,experts=[4,6]; c14:bw=15,experts=[4]; c8:bw=39,experts=[0,4,6]; c28:bw=26,experts=[4,6]; c13:bw=40,experts=[0,4,5,6]; c18:bw=47,experts=[0,1,4,6]; c22:bw=10,experts=[5]; c5:bw=28,experts=[4,6]; c3:bw=50,experts=[0,1,4,5,6]; c7:bw=44,experts=[0,1,4,6]; c16:bw=43,experts=[0,1,4,6]; c10:bw=35,experts=[0,4,6]; c27:bw=53,experts=[0,1,2,4,6]; c0:bw=28,experts=[4,6]; c26:bw=33,experts=[4,5,6]; c21:bw=34,experts=[4,5,6]; c23:bw=63,experts=[0,1,2,4,5,6]; c19:bw=25,experts=[4,6]; c2:bw=27,experts=[4,6]; c15:bw=44,experts=[0,4,5,6]","1.5994,2.7276,4.0922,1.6908,2.6566,2.8684,2.5892,2.6644,2.0054,1.5804,2.3320,1.7655,1.6058,2.1069,2.1437,2.3422,2.3061,3.8866,2.0848,1.7660,2.3446,3.1751,2.8615,1.5003,1.4826,1.4457,1.7969,1.9404,1.6919,1.5968"
12,2026-09-23 20:21:23,Ours,0.01,2.9172501992844415,17.22,17.22,12,73.368,1:13.37,65.3724,6.7019,1.2904,878.6259,14:38.63,30,"8,9,22,17,3,25,10,4,1,24,18,21,12,14,5,27,28,11,26,29,16,2,6,7,23,19,15,20,13,0",8:55;9:42;22:54;17:39;3:35;25:44;10:62;4:28;1:42;24:24;18:45;21:61;12:73;14:29;5:56;27:51;28:11;11:45;26:21;29:52;16:28;2:57;6:29;7:30;23:60;19:31;15:36;20:75;13:53;0:49,"8:[0,1,4,5,6];9:[0,1,4,6];22:[0,1,2,4,6];17:[0,4,6];3:[0,4,6];25:[0,2,4,6];10:[0,1,2,4,5,6];4:[4,6];1:[0,1,4,6];24:[4,6];18:[0,1,4,6];21:[0,1,2,4,5,6];12:[0,1,2,3,4,5,6];14:[4,6];5:[0,2,4,6,7];27:[1,2,4,5,6];28:[4];11:[0,1,4,6];26:[4,6];29:[0,1,4,5,6];16:[4,6];2:[0,1,2,4,6];6:[4,6];7:[1,4,6];23:[0,1,2,4,5,6];19:[1,4,6];15:[0,4,6];20:[0,1,2,4,5,6,7];13:[0,1,4,5,6];0:[0,4,5,6]","c8:bw=55,experts=[0,1,4,5,6]; c9:bw=42,experts=[0,1,4,6]; c22:bw=54,experts=[0,1,2,4,6]; c17:bw=39,experts=[0,4,6]; c3:bw=35,experts=[0,4,6]; c25:bw=44,experts=[0,2,4,6]; c10:bw=62,experts=[0,1,2,4,5,6]; c4:bw=28,experts=[4,6]; c1:bw=42,experts=[0,1,4,6]; c24:bw=24,experts=[4,6]; c18:bw=45,experts=[0,1,4,6]; c21:bw=61,experts=[0,1,2,4,5,6]; c12:bw=73,experts=[0,1,2,3,4,5,6]; c14:bw=29,experts=[4,6]; c5:bw=56,experts=[0,2,4,6,7]; c27:bw=51,experts=[1,2,4,5,6]; c28:bw=11,experts=[4]; c11:bw=45,experts=[0,1,4,6]; c26:bw=21,experts=[4,6]; c29:bw=52,experts=[0,1,4,5,6]; c16:bw=28,experts=[4,6]; c2:bw=57,experts=[0,1,2,4,6]; c6:bw=29,experts=[4,6]; c7:bw=30,experts=[1,4,6]; c23:bw=60,experts=[0,1,2,4,5,6]; c19:bw=31,experts=[1,4,6]; c15:bw=36,experts=[0,4,6]; c20:bw=75,experts=[0,1,2,4,5,6,7]; c13:bw=53,experts=[0,1,4,5,6]; c0:bw=49,experts=[0,4,5,6]","1.6130,1.8608,2.1862,2.5949,2.0732,2.6475,3.2137,2.6640,1.4746,1.6592,2.2584,1.4225,2.3119,1.7730,3.7983,2.4340,2.0718,2.8700,1.4799,3.9938,2.3514,1.6634,1.5369,1.7556,1.7730,1.9343,1.6595,2.6148,2.1712,1.5116"
13,2026-09-23 20:22:36,Ours,0.01,2.908264715323414,19.07,19.07,13,73.1163,1:13.12,65.3328,6.4894,1.2908,951.7572,15:51.76,30,"17,19,1,9,21,10,6,29,14,25,20,26,22,0,12,7,4,8,24,5,13,11,23,16,2,3,18,15,28,27",17:55;19:36;1:47;9:15;21:30;10:42;6:36;29:49;14:70;25:58;20:10;26:17;22:75;0:25;12:42;7:58;4:10;8:15;24:35;5:29;13:32;11:52;23:53;16:10;2:16;3:30;18:51;15:38;28:47;27:57,"17:[0,1,2,4,6];19:[0,4,6];1:[0,1,4,6];9:[2];21:[4,5,6];10:[0,1,4,6];6:[4,5,6];29:[1,4,5,6];14:[0,1,2,3,4,5,6];25:[0,2,4,5,6];20:[4];26:[4];22:[0,1,2,4,5,6,7];0:[4,6];12:[0,4,5,6];7:[0,1,4,5,6];4:[0];8:[4];24:[4,5,6];5:[4,6];13:[0,4,6];11:[0,2,4,5,6];23:[0,1,4,5,6];16:[4];2:[4];3:[2,4,6];18:[0,1,4,5,6];15:[0,4,6];28:[0,4,5,6];27:[0,1,4,5,6]","c17:bw=55,experts=[0,1,2,4,6]; c19:bw=36,experts=[0,4,6]; c1:bw=47,experts=[0,1,4,6]; c9:bw=15,experts=[2]; c21:bw=30,experts=[4,5,6]; c10:bw=42,experts=[0,1,4,6]; c6:bw=36,experts=[4,5,6]; c29:bw=49,experts=[1,4,5,6]; c14:bw=70,experts=[0,1,2,3,4,5,6]; c25:bw=58,experts=[0,2,4,5,6]; c20:bw=10,experts=[4]; c26:bw=17,experts=[4]; c22:bw=75,experts=[0,1,2,4,5,6,7]; c0:bw=25,experts=[4,6]; c12:bw=42,experts=[0,4,5,6]; c7:bw=58,experts=[0,1,4,5,6]; c4:bw=10,experts=[0]; c8:bw=15,experts=[4]; c24:bw=35,experts=[4,5,6]; c5:bw=29,experts=[4,6]; c13:bw=32,experts=[0,4,6]; c11:bw=52,experts=[0,2,4,5,6]; c23:bw=53,experts=[0,1,4,5,6]; c16:bw=10,experts=[4]; c2:bw=16,experts=[4]; c3:bw=30,experts=[2,4,6]; c18:bw=51,experts=[0,1,4,5,6]; c15:bw=38,experts=[0,4,6]; c28:bw=47,experts=[0,4,5,6]; c27:bw=57,experts=[0,1,4,5,6]","2.5791,1.9643,1.4983,1.8520,1.4449,3.2115,1.5695,3.9936,1.7821,2.6306,2.5889,1.4547,2.1548,1.5091,2.3206,1.7577,2.6964,1.5796,1.6649,3.8071,2.1365,2.8723,1.7723,2.3530,1.6993,2.0416,2.2722,1.6192,2.1029,2.4039"
14,2026-09-23 20:23:50,Ours,0.01,2.839563562687302,21.23,21.23,14,73.166,1:13.17,65.4036,6.4524,1.3067,1024.9395,17:04.94,30,"12,24,28,22,3,4,15,18,26,11,19,6,5,10,8,0,27,16,20,29,1,14,17,23,13,7,2,25,21,9",12:43;24:42;28:49;22:35;3:45;4:10;15:12;18:63;26:42;11:36;19:42;6:67;5:64;10:31;8:21;0:25;27:40;16:19;20:31;29:36;1:38;14:25;17:10;23:63;13:34;7:25;2:45;25:53;21:36;9:32,"12:[0,1,4,6];24:[1,2,4,6];28:[2,4,6,7];22:[1,4,6];3:[0,4,5,6];4:[5];15:[4];18:[0,1,2,4,5,6];26:[2,4,5,6];11:[1,4,6];19:[0,4,5,6];6:[0,1,2,4,5,6];5:[0,1,2,4,5,6];10:[4,5,6];8:[2,4];0:[4,6];27:[1,4,5,6];16:[4];20:[4,5,6];29:[1,4,6];1:[1,4,6];14:[4,6];17:[4];23:[0,1,4,5,6,7];13:[1,4,6];7:[4,6];2:[0,4,5,6];25:[0,2,4,5,6];21:[4,5,6];9:[4,5,6]","c12:bw=43,experts=[0,1,4,6]; c24:bw=42,experts=[1,2,4,6]; c28:bw=49,experts=[2,4,6,7]; c22:bw=35,experts=[1,4,6]; c3:bw=45,experts=[0,4,5,6]; c4:bw=10,experts=[5]; c15:bw=12,experts=[4]; c18:bw=63,experts=[0,1,2,4,5,6]; c26:bw=42,experts=[2,4,5,6]; c11:bw=36,experts=[1,4,6]; c19:bw=42,experts=[0,4,5,6]; c6:bw=67,experts=[0,1,2,4,5,6]; c5:bw=64,experts=[0,1,2,4,5,6]; c10:bw=31,experts=[4,5,6]; c8:bw=21,experts=[2,4]; c0:bw=25,experts=[4,6]; c27:bw=40,experts=[1,4,5,6]; c16:bw=19,experts=[4]; c20:bw=31,experts=[4,5,6]; c29:bw=36,experts=[1,4,6]; c1:bw=38,experts=[1,4,6]; c14:bw=25,experts=[4,6]; c17:bw=10,experts=[4]; c23:bw=63,experts=[0,1,4,5,6,7]; c13:bw=34,experts=[1,4,6]; c7:bw=25,experts=[4,6]; c2:bw=45,experts=[0,4,5,6]; c25:bw=53,experts=[0,2,4,5,6]; c21:bw=36,experts=[4,5,6]; c9:bw=32,experts=[4,5,6]","2.3575,1.6769,2.1103,2.1726,2.0782,2.7405,1.6298,2.3021,1.4651,2.8300,1.9364,1.5689,3.8102,3.1744,1.5886,1.4855,2.4009,2.3211,2.6177,3.9918,1.4825,1.7445,2.5372,1.7834,2.1474,1.7568,1.7000,2.7118,1.4370,1.8445"
15,2026-09-23 20:25:03,Ours,0.01,2.7852007188928454,21.4,21.4,15,73.0443,1:13.04,65.4396,6.2957,1.3059,1097.9994,18:18.00,30,"8,17,2,27,28,6,23,21,25,26,4,10,22,5,9,29,16,20,1,14,18,11,24,15,13,7,0,19,12,3",8:52;17:47;2:53;27:36;28:40;6:33;23:58;21:14;25:32;26:48;4:47;10:13;22:60;5:18;9:19;29:10;16:29;20:43;1:14;14:50;18:34;11:55;24:45;15:10;13:60;7:59;0:20;19:59;12:10;3:10,"8:[0,1,4,5,6];17:[0,4,5,6];2:[0,1,4,5,6];27:[1,4,6];28:[0,1,4,6];6:[4,5,6];23:[0,1,2,4,6];21:[4];25:[4,5,6];26:[1,2,4,6];4:[0,1,4,6];10:[4];22:[0,1,2,4,5,6];5:[4];9:[4];29:[4];16:[4,5];20:[0,4,5,6];1:[4];14:[0,1,4,5,6];18:[1,4,6];11:[0,2,4,5,6];24:[0,1,4,6];15:[4];13:[0,1,2,4,5,6];7:[1,2,4,5,6];0:[4,6];19:[0,1,2,4,6];12:[4];3:[4]","c8:bw=52,experts=[0,1,4,5,6]; c17:bw=47,experts=[0,4,5,6]; c2:bw=53,experts=[0,1,4,5,6]; c27:bw=36,experts=[1,4,6]; c28:bw=40,experts=[0,1,4,6]; c6:bw=33,experts=[4,5,6]; c23:bw=58,experts=[0,1,2,4,6]; c21:bw=14,experts=[4]; c25:bw=32,experts=[4,5,6]; c26:bw=48,experts=[1,2,4,6]; c4:bw=47,experts=[0,1,4,6]; c10:bw=13,experts=[4]; c22:bw=60,experts=[0,1,2,4,5,6]; c5:bw=18,experts=[4]; c9:bw=19,experts=[4]; c29:bw=10,experts=[4]; c16:bw=29,experts=[4,5]; c20:bw=43,experts=[0,4,5,6]; c1:bw=14,experts=[4]; c14:bw=50,experts=[0,1,4,5,6]; c18:bw=34,experts=[1,4,6]; c11:bw=55,experts=[0,2,4,5,6]; c24:bw=45,experts=[0,1,4,6]; c15:bw=10,experts=[4]; c13:bw=60,experts=[0,1,2,4,5,6]; c7:bw=59,experts=[1,2,4,5,6]; c0:bw=20,experts=[4,6]; c19:bw=59,experts=[0,1,2,4,6]; c12:bw=10,experts=[4]; c3:bw=10,experts=[4]","1.6091,2.5978,1.7223,2.4516,2.1278,1.5758,1.8069,1.4453,2.6744,1.4835,2.6437,3.1677,2.1566,3.8277,1.8364,3.9594,2.3438,2.6372,1.4678,1.7657,2.2713,2.8796,1.6845,1.5827,2.1663,1.7332,1.5096,1.9632,2.3312,2.0174"
16,2026-09-23 20:26:16,Ours,0.01,2.904426805819263,23.0,23.0,16,73.7268,1:13.73,65.9273,6.4967,1.2995,1171.7429,19:31.74,30,"23,25,10,3,11,29,1,20,21,0,26,8,6,13,24,18,4,16,9,17,28,15,27,7,22,2,14,19,12,5",23:12;25:35;10:22;3:43;11:10;29:37;1:29;20:50;21:49;0:57;26:51;8:49;6:40;13:24;24:25;18:12;4:35;16:54;9:24;17:43;28:56;15:48;27:57;7:22;22:53;2:52;14:29;19:62;12:14;5:40,"23:[4];25:[3,4,7];10:[3,7];3:[3,4,6,7];11:[3];29:[3,4,7];1:[3,5];20:[1,3,4,5,6];21:[3,4,6,7];0:[0,3,4,6,7];26:[3,4,5,6,7];8:[3,4,6,7];6:[3,4,6,7];13:[3,7];24:[3,7];18:[3];4:[3,4,6];16:[1,3,4,6,7];9:[3,7];17:[3,4,6,7];28:[0,1,3,4,6];15:[3,4,6,7];27:[1,3,4,6,7];7:[3,4];22:[1,2,3,4,6];2:[1,3,4,6,7];14:[4,7];19:[0,2,3,4,6,7];12:[7];5:[1,3,4,6]","c23:bw=12,experts=[4]; c25:bw=35,experts=[3,4,7]; c10:bw=22,experts=[3,7]; c3:bw=43,experts=[3,4,6,7]; c11:bw=10,experts=[3]; c29:bw=37,experts=[3,4,7]; c1:bw=29,experts=[3,5]; c20:bw=50,experts=[1,3,4,5,6]; c21:bw=49,experts=[3,4,6,7]; c0:bw=57,experts=[0,3,4,6,7]; c26:bw=51,experts=[3,4,5,6,7]; c8:bw=49,experts=[3,4,6,7]; c6:bw=40,experts=[3,4,6,7]; c13:bw=24,experts=[3,7]; c24:bw=25,experts=[3,7]; c18:bw=12,experts=[3]; c4:bw=35,experts=[3,4,6]; c16:bw=54,experts=[1,3,4,6,7]; c9:bw=24,experts=[3,7]; c17:bw=43,experts=[3,4,6,7]; c28:bw=56,experts=[0,1,3,4,6]; c15:bw=48,experts=[3,4,6,7]; c27:bw=57,experts=[1,3,4,6,7]; c7:bw=22,experts=[3,4]; c22:bw=53,experts=[1,2,3,4,6]; c2:bw=52,experts=[1,3,4,6,7]; c14:bw=29,experts=[4,7]; c19:bw=62,experts=[0,2,3,4,6,7]; c12:bw=14,experts=[7]; c5:bw=40,experts=[1,3,4,6]","1.8000,2.6960,3.2542,2.0718,2.9539,4.0298,1.4845,2.6903,1.4825,1.5239,1.4929,1.6178,1.5650,2.1906,1.6623,2.2656,2.6528,2.3507,1.8432,2.5931,2.1344,1.6013,2.4182,1.7555,2.1719,1.7062,1.7874,1.9430,2.3743,3.8141"
17,2026-09-23 20:27:30,Ours,0.01,2.7390256844920113,24.11,24.11,17,73.9278,1:13.93,66.3867,6.2387,1.2993,1245.6869,20:45.69,30,"5,7,1,23,8,25,12,27,24,10,9,17,3,16,20,29,14,19,13,26,18,28,11,2,22,21,4,6,15,0",5:10;7:25;1:29;23:39;8:10;25:27;12:74;27:27;24:40;10:44;9:37;17:11;3:52;16:30;20:58;29:48;14:33;19:40;13:27;26:43;18:31;28:18;11:10;2:19;22:31;21:10;4:58;6:39;15:50;0:11,"5:[4];7:[4,7];1:[2,7];23:[4,5,6];8:[4];25:[4,6];12:[0,1,2,4,5,6,7];27:[4,6];24:[0,4,5,6];10:[1,2,4,6];9:[0,4,6];17:[4];3:[0,2,4,5,6];16:[2,4,6];20:[0,1,4,5,6];29:[0,1,4,6];14:[0,4,6];19:[2,4,5,6];13:[4,6];26:[0,4,5,6];18:[4,6,7];28:[4];11:[7];2:[4];22:[1,4,6];21:[4];4:[1,2,4,6,7];6:[0,4,6];15:[0,1,2,4,6];0:[4]","c5:bw=10,experts=[4]; c7:bw=25,experts=[4,7]; c1:bw=29,experts=[2,7]; c23:bw=39,experts=[4,5,6]; c8:bw=10,experts=[4]; c25:bw=27,experts=[4,6]; c12:bw=74,experts=[0,1,2,4,5,6,7]; c27:bw=27,experts=[4,6]; c24:bw=40,experts=[0,4,5,6]; c10:bw=44,experts=[1,2,4,6]; c9:bw=37,experts=[0,4,6]; c17:bw=11,experts=[4]; c3:bw=52,experts=[0,2,4,5,6]; c16:bw=30,experts=[2,4,6]; c20:bw=58,experts=[0,1,4,5,6]; c29:bw=48,experts=[0,1,4,6]; c14:bw=33,experts=[0,4,6]; c19:bw=40,experts=[2,4,5,6]; c13:bw=27,experts=[4,6]; c26:bw=43,experts=[0,4,5,6]; c18:bw=31,experts=[4,6,7]; c28:bw=18,experts=[4]; c11:bw=10,experts=[7]; c2:bw=19,experts=[4]; c22:bw=31,experts=[1,4,6]; c21:bw=10,experts=[4]; c4:bw=58,experts=[1,2,4,6,7]; c6:bw=39,experts=[0,4,6]; c15:bw=50,experts=[0,1,2,4,6]; c0:bw=11,experts=[4]","3.8588,1.7860,1.4898,1.8275,1.6126,2.7296,2.3744,2.4329,1.7117,3.3565,1.8993,2.5962,2.0881,2.3731,2.6603,4.0470,1.8101,1.9725,2.1876,1.4883,2.2706,2.1238,2.9300,1.7002,2.1916,1.4576,2.6905,1.5695,1.6283,1.5221"
18,2026-09-23 20:28:45,Ours,0.01,2.6701419441497807,25.38,25.38,18,74.2182,1:14.22,66.4586,6.4419,1.3144,1319.9214,21:59.92,30,"13,20,6,14,5,24,29,8,17,2,16,7,25,10,11,22,26,23,15,27,12,28,0,18,9,19,1,3,4,21",13:43;20:45;6:31;14:40;5:35;24:30;29:39;8:10;17:50;2:37;16:38;7:55;25:32;10:27;11:57;22:49;26:57;23:56;15:51;27:31;12:18;28:43;0:49;18:60;9:19;19:33;1:10;3:37;4:56;21:26,"13:[1,4,5,6];20:[1,4,5,6];6:[4,5,6];14:[0,4,5,6];5:[1,4,6];24:[1,4,6];29:[2,4,6];8:[4];17:[0,2,4,5,6];2:[1,4,6];16:[1,4,6];7:[0,1,4,5,6];25:[1,4,6];10:[4,6];11:[0,1,2,4,6];22:[1,2,4,6];26:[1,2,4,5,6];23:[0,1,3,4,6];15:[1,2,4,5,6];27:[4,5,6];12:[4];28:[1,4,5,6];0:[1,2,4,6];18:[0,1,2,4,5,6];9:[4];19:[1,4,6];1:[4];3:[0,4,6];4:[1,2,4,5,6];21:[4,6]","c13:bw=43,experts=[1,4,5,6]; c20:bw=45,experts=[1,4,5,6]; c6:bw=31,experts=[4,5,6]; c14:bw=40,experts=[0,4,5,6]; c5:bw=35,experts=[1,4,6]; c24:bw=30,experts=[1,4,6]; c29:bw=39,experts=[2,4,6]; c8:bw=10,experts=[4]; c17:bw=50,experts=[0,2,4,5,6]; c2:bw=37,experts=[1,4,6]; c16:bw=38,experts=[1,4,6]; c7:bw=55,experts=[0,1,4,5,6]; c25:bw=32,experts=[1,4,6]; c10:bw=27,experts=[4,6]; c11:bw=57,experts=[0,1,2,4,6]; c22:bw=49,experts=[1,2,4,6]; c26:bw=57,experts=[1,2,4,5,6]; c23:bw=56,experts=[0,1,3,4,6]; c15:bw=51,experts=[1,2,4,5,6]; c27:bw=31,experts=[4,5,6]; c12:bw=18,experts=[4]; c28:bw=43,experts=[1,4,5,6]; c0:bw=49,experts=[1,2,4,6]; c18:bw=60,experts=[0,1,2,4,5,6]; c9:bw=19,experts=[4]; c19:bw=33,experts=[1,4,6]; c1:bw=10,experts=[4]; c3:bw=37,experts=[0,4,6]; c4:bw=56,experts=[1,2,4,5,6]; c21:bw=26,experts=[4,6]","2.2190,2.7113,1.6004,1.8409,3.8907,1.6955,4.0614,1.6240,2.6132,1.7359,2.3598,1.8113,2.6928,3.2298,2.9128,2.1778,1.4702,1.8313,1.6286,2.4480,2.3718,2.1282,1.5334,2.2887,1.8765,1.9798,1.4880,2.0938,2.6933,1.4503"
19,2026-09-23 20:29:59,Ours,0.01,2.6538998073083246,25.65,25.65,19,74.1678,1:14.17,66.5738,6.2951,1.2957,1394.1069,23:14.11,30,"5,19,26,29,15,4,23,3,6,8,20,21,22,14,27,24,28,16,2,17,18,1,13,25,12,11,10,9,7,0",5:29;19:37;26:33;29:36;15:39;4:51;23:15;3:40;6:66;8:56;20:21;21:52;22:29;14:30;27:34;24:45;28:10;16:13;2:14;17:67;18:31;1:46;13:10;25:59;12:54;11:20;10:35;9:38;7:22;0:42,"5:[4,6];19:[0,4,6];26:[1,4,6];29:[1,4,6];15:[4,5,6];4:[1,2,4,5,6];23:[4];3:[0,1,4,6];6:[0,1,2,4,5,6];8:[0,2,4,5,6];20:[4,6];21:[1,2,4,5,6];22:[4,6];14:[1,4,6];27:[1,4,6];24:[1,2,4,6];28:[4];16:[0];2:[4];17:[0,1,2,4,5,6];18:[1,4,6];1:[1,4,5,6];13:[4];25:[1,2,4,5,6];12:[0,1,2,4,6];11:[4,6];10:[1,4,6];9:[1,4,6];7:[4,6];0:[0,4,5,6]","c5:bw=29,experts=[4,6]; c19:bw=37,experts=[0,4,6]; c26:bw=33,experts=[1,4,6]; c29:bw=36,experts=[1,4,6]; c15:bw=39,experts=[4,5,6]; c4:bw=51,experts=[1,2,4,5,6]; c23:bw=15,experts=[4]; c3:bw=40,experts=[0,1,4,6]; c6:bw=66,experts=[0,1,2,4,5,6]; c8:bw=56,experts=[0,2,4,5,6]; c20:bw=21,experts=[4,6]; c21:bw=52,experts=[1,2,4,5,6]; c22:bw=29,experts=[4,6]; c14:bw=30,experts=[1,4,6]; c27:bw=34,experts=[1,4,6]; c24:bw=45,experts=[1,2,4,6]; c28:bw=10,experts=[4]; c16:bw=13,experts=[0]; c2:bw=14,experts=[4]; c17:bw=67,experts=[0,1,2,4,5,6]; c18:bw=31,experts=[1,4,6]; c1:bw=46,experts=[1,4,5,6]; c13:bw=10,experts=[4]; c25:bw=59,experts=[1,2,4,5,6]; c12:bw=54,experts=[0,1,2,4,6]; c11:bw=20,experts=[4,6]; c10:bw=35,experts=[1,4,6]; c9:bw=38,experts=[1,4,6]; c7:bw=22,experts=[4,6]; c0:bw=42,experts=[0,4,5,6]","3.9071,2.0187,1.4991,4.0889,1.6376,2.7210,1.8101,2.1009,1.6011,1.6334,2.6729,1.4708,2.1705,1.7933,2.4449,1.7048,2.1309,2.3922,1.7190,2.6451,2.3044,1.4886,2.1919,2.6973,2.3712,2.8895,3.2562,1.8760,1.7926,1.5439"
20,2026-09-23 20:31:13,Ours,0.01,2.6163279533714503,26.23,26.23,20,74.2752,1:14.28,66.551,6.428,1.293,1468.399,24:28.40,30,"12,19,17,5,18,29,21,10,11,14,22,13,7,6,0,1,25,15,26,16,2,8,4,9,28,27,20,24,3,23",12:44;19:48;17:48;5:10;18:21;29:17;21:44;10:16;11:10;14:30;22:75;13:40;7:43;6:68;0:28;1:40;25:21;15:19;26:31;16:40;2:41;8:50;4:59;9:17;28:34;27:42;20:58;24:43;3:18;23:37,"12:[0,3,4,6];19:[0,2,4,6];17:[0,4,5,6];5:[7];18:[4,6];29:[4];21:[0,4,5,6];10:[4];11:[4];14:[1,4,6];22:[0,1,2,4,5,6,7];13:[0,1,4,6];7:[1,2,4,6];6:[0,1,2,4,5,6];0:[4,6];1:[0,1,4,6];25:[4,6];15:[4];26:[2,4,6];16:[0,2,4,6];2:[0,2,4,6];8:[0,2,4,5,6];4:[0,1,4,5,6];9:[4];28:[1,4,6];27:[0,2,4,6];20:[0,2,4,6,7];24:[0,1,4,6];3:[4];23:[0,4,6]","c12:bw=44,experts=[0,3,4,6]; c19:bw=48,experts=[0,2,4,6]; c17:bw=48,experts=[0,4,5,6]; c5:bw=10,experts=[7]; c18:bw=21,experts=[4,6]; c29:bw=17,experts=[4]; c21:bw=44,experts=[0,4,5,6]; c10:bw=16,experts=[4]; c11:bw=10,experts=[4]; c14:bw=30,experts=[1,4,6]; c22:bw=75,experts=[0,1,2,4,5,6,7]; c13:bw=40,experts=[0,1,4,6]; c7:bw=43,experts=[1,2,4,6]; c6:bw=68,experts=[0,1,2,4,5,6]; c0:bw=28,experts=[4,6]; c1:bw=40,experts=[0,1,4,6]; c25:bw=21,experts=[4,6]; c15:bw=19,experts=[4]; c26:bw=31,experts=[2,4,6]; c16:bw=40,experts=[0,2,4,6]; c2:bw=41,experts=[0,2,4,6]; c8:bw=50,experts=[0,2,4,5,6]; c4:bw=59,experts=[0,1,4,5,6]; c9:bw=17,experts=[4]; c28:bw=34,experts=[1,4,6]; c27:bw=42,experts=[0,2,4,6]; c20:bw=58,experts=[0,2,4,6,7]; c24:bw=43,experts=[0,1,4,6]; c3:bw=18,experts=[4]; c23:bw=37,experts=[0,4,6]","2.3852,1.9788,2.6342,3.9108,2.3294,4.0766,1.4556,3.2342,2.9295,1.7956,2.1936,2.2188,1.7935,1.6003,1.5238,1.4878,2.7114,1.6410,1.5060,2.3754,1.7210,1.6224,2.7213,1.8650,2.1325,2.4589,2.6657,1.6922,2.0705,1.8197"
21,2026-09-23 20:32:27,Ours,0.01,2.5656187101841947,27.59,27.59,21,74.1103,1:14.11,66.5638,6.2505,1.2928,1542.5269,25:42.53,30,"22,1,5,7,27,0,26,14,10,4,9,2,25,13,17,6,28,20,23,8,11,3,29,18,12,21,24,15,19,16",22:48;1:41;5:32;7:12;27:33;0:66;26:45;14:31;10:40;4:48;9:25;2:39;25:39;13:23;17:35;6:16;28:13;20:40;23:37;8:18;11:23;3:10;29:52;18:60;12:38;21:15;24:38;15:19;19:58;16:33,"22:[1,2,4,6];1:[0,1,4,6];5:[4,5,6];7:[4];27:[1,4,6];0:[0,1,2,4,5,6];26:[2,4,5,6];14:[2,3,4];10:[0,2,4,6];4:[1,2,4,6];9:[2,4];2:[4,5,6];25:[2,4,6];13:[4,6];17:[2,4,6];6:[4];28:[4];20:[2,4,5,6];23:[1,4,6];8:[4];11:[4,6];3:[4];29:[1,2,4,5,6];18:[0,1,2,4,5,6];12:[0,4,6];21:[4];24:[1,4,6];15:[4];19:[1,2,4,5,6];16:[2,4,6]","c22:bw=48,experts=[1,2,4,6]; c1:bw=41,experts=[0,1,4,6]; c5:bw=32,experts=[4,5,6]; c7:bw=12,experts=[4]; c27:bw=33,experts=[1,4,6]; c0:bw=66,experts=[0,1,2,4,5,6]; c26:bw=45,experts=[2,4,5,6]; c14:bw=31,experts=[2,3,4]; c10:bw=40,experts=[0,2,4,6]; c4:bw=48,experts=[1,2,4,6]; c9:bw=25,experts=[2,4]; c2:bw=39,experts=[4,5,6]; c25:bw=39,experts=[2,4,6]; c13:bw=23,experts=[4,6]; c17:bw=35,experts=[2,4,6]; c6:bw=16,experts=[4]; c28:bw=13,experts=[4]; c20:bw=40,experts=[2,4,5,6]; c23:bw=37,experts=[1,4,6]; c8:bw=18,experts=[4]; c11:bw=23,experts=[4,6]; c3:bw=10,experts=[4]; c29:bw=52,experts=[1,2,4,5,6]; c18:bw=60,experts=[0,1,2,4,5,6]; c12:bw=38,experts=[0,4,6]; c21:bw=15,experts=[4]; c24:bw=38,experts=[1,4,6]; c15:bw=19,experts=[4]; c19:bw=58,experts=[1,2,4,5,6]; c16:bw=33,experts=[2,4,6]","2.1845,1.5286,3.9290,1.7811,2.4627,1.5559,1.5072,1.8352,3.2534,2.7115,1.8605,1.6993,2.7157,2.1764,2.6783,1.5953,2.1139,2.6585,1.8117,1.6119,2.9047,2.0650,4.0811,2.3156,2.3775,1.4563,1.7082,1.6161,1.9838,2.3850"
22,2026-09-23 20:33:42,Ours,0.01,2.5805709819259914,28.61,28.61,22,74.6021,1:14.60,66.7355,6.5455,1.3178,1617.1476,26:57.15,30,"18,3,7,16,27,19,26,21,5,0,23,28,8,11,14,1,17,10,2,4,13,25,9,29,12,6,24,15,22,20",18:15;3:56;7:16;16:34;27:61;19:45;26:61;21:23;5:17;0:67;23:28;28:42;8:33;11:43;14:48;1:10;17:62;10:10;2:66;4:36;13:34;25:13;9:33;29:54;12:64;6:61;24:25;15:66;22:44;20:25,"18:[4];3:[0,1,4,5,6];7:[4];16:[4,5,6];27:[0,1,2,4,5,6];19:[0,1,4,6];26:[0,1,2,4,5,6];21:[4,6];5:[0];0:[0,1,2,4,5,6];23:[4,7];28:[2,4,6,7];8:[4,5,6];11:[2,4,5,6];14:[0,1,4,6];1:[4];17:[0,1,2,4,5,6];10:[5];2:[0,1,2,4,5,6];4:[1,4,6];13:[1,4,6];25:[0];9:[4,5,6];29:[0,2,4,5,6];12:[0,1,2,4,5,6];6:[0,1,2,4,5,6];24:[4,6];15:[0,1,2,4,5,6];22:[1,2,4,6];20:[4,6]","c18:bw=15,experts=[4]; c3:bw=56,experts=[0,1,4,5,6]; c7:bw=16,experts=[4]; c16:bw=34,experts=[4,5,6]; c27:bw=61,experts=[0,1,2,4,5,6]; c19:bw=45,experts=[0,1,4,6]; c26:bw=61,experts=[0,1,2,4,5,6]; c21:bw=23,experts=[4,6]; c5:bw=17,experts=[0]; c0:bw=67,experts=[0,1,2,4,5,6]; c23:bw=28,experts=[4,7]; c28:bw=42,experts=[2,4,6,7]; c8:bw=33,experts=[4,5,6]; c11:bw=43,experts=[2,4,5,6]; c14:bw=48,experts=[0,1,4,6]; c1:bw=10,experts=[4]; c17:bw=62,experts=[0,1,2,4,5,6]; c10:bw=10,experts=[5]; c2:bw=66,experts=[0,1,2,4,5,6]; c4:bw=36,experts=[1,4,6]; c13:bw=34,experts=[1,4,6]; c25:bw=13,experts=[0]; c9:bw=33,experts=[4,5,6]; c29:bw=54,experts=[0,2,4,5,6]; c12:bw=64,experts=[0,1,2,4,5,6]; c6:bw=61,experts=[0,1,2,4,5,6]; c24:bw=25,experts=[4,6]; c15:bw=66,experts=[0,1,2,4,5,6]; c22:bw=44,experts=[1,2,4,6]; c20:bw=25,experts=[4,6]","2.3028,2.0928,1.8002,2.4011,2.5010,2.0262,1.5071,1.4831,3.8871,1.5407,1.8169,2.1090,1.6063,2.9216,1.8161,1.4879,2.6249,3.2339,1.7360,2.7343,2.2263,2.7282,1.8962,4.0571,2.3950,1.5879,1.6925,1.6516,2.1800,2.6914"
23,2026-09-23 20:34:57,Ours,0.01,2.500595139311213,29.76,29.76,23,74.813,1:14.81,66.9241,6.5603,1.3252,1691.9785,28:11.98,30,"14,23,28,20,26,8,10,9,24,17,13,2,11,29,22,3,21,6,16,19,0,12,15,7,18,5,27,4,1,25",14:52;23:70;28:26;20:44;26:35;8:35;10:67;9:50;24:40;17:70;13:54;2:32;11:52;29:43;22:62;3:15;21:55;6:10;16:56;19:21;0:11;12:26;15:29;7:15;18:26;5:52;27:18;4:56;1:62;25:18,"14:[1,2,4,5,6];23:[0,1,2,4,5,6,7];28:[4,6];20:[2,4,5,6];26:[1,4,6];8:[1,4,6];10:[0,1,2,4,5,6];9:[0,1,2,4,6];24:[1,2,4,6];17:[0,1,2,4,5,6,7];13:[1,2,4,5,6];2:[4,5,6];11:[1,2,4,5,6];29:[0,1,4,6];22:[0,1,2,4,5,6];3:[4];21:[0,1,2,4,6];6:[4];16:[0,1,2,4,6];19:[4,6];0:[4];12:[4,6];15:[4,6];7:[4];18:[4,6];5:[1,2,4,5,6];27:[4];4:[1,2,4,5,6];1:[0,1,2,4,5,6];25:[4]","c14:bw=52,experts=[1,2,4,5,6]; c23:bw=70,experts=[0,1,2,4,5,6,7]; c28:bw=26,experts=[4,6]; c20:bw=44,experts=[2,4,5,6]; c26:bw=35,experts=[1,4,6]; c8:bw=35,experts=[1,4,6]; c10:bw=67,experts=[0,1,2,4,5,6]; c9:bw=50,experts=[0,1,2,4,6]; c24:bw=40,experts=[1,2,4,6]; c17:bw=70,experts=[0,1,2,4,5,6,7]; c13:bw=54,experts=[1,2,4,5,6]; c2:bw=32,experts=[4,5,6]; c11:bw=52,experts=[1,2,4,5,6]; c29:bw=43,experts=[0,1,4,6]; c22:bw=62,experts=[0,1,2,4,5,6]; c3:bw=15,experts=[4]; c21:bw=55,experts=[0,1,2,4,6]; c6:bw=10,experts=[4]; c16:bw=56,experts=[0,1,2,4,6]; c19:bw=21,experts=[4,6]; c0:bw=11,experts=[4]; c12:bw=26,experts=[4,6]; c15:bw=29,experts=[4,6]; c7:bw=15,experts=[4]; c18:bw=26,experts=[4,6]; c5:bw=52,experts=[1,2,4,5,6]; c27:bw=18,experts=[4]; c4:bw=56,experts=[1,2,4,5,6]; c1:bw=62,experts=[0,1,2,4,5,6]; c25:bw=18,experts=[4]","1.8302,1.8578,2.1608,2.6974,1.5159,1.6967,3.3132,1.8876,1.6978,2.6530,2.2161,1.7249,2.9099,4.1007,2.1984,2.0773,1.4767,1.5691,2.3920,2.0016,1.5516,2.4138,1.6435,1.7883,2.2585,3.9108,2.4426,2.7006,1.5204,2.7169"
24,2026-09-23 20:36:11,Ours,0.01,2.622234316694614,29.86,29.86,24,74.7672,1:14.77,66.9837,6.4761,1.3042,1766.764,29:26.76,30,"20,9,24,1,27,28,26,22,3,10,13,17,4,14,15,21,11,18,5,23,16,12,2,0,6,8,7,19,25,29",20:36;9:50;24:16;1:10;27:63;28:58;26:12;22:50;3:10;10:39;13:50;17:56;4:12;14:42;15:44;21:42;11:10;18:72;5:25;23:36;16:41;12:37;2:43;0:31;6:30;8:18;7:10;19:55;25:30;29:65,"20:[3,4,6];9:[2,3,4,6,7];24:[3];1:[3];27:[0,1,3,4,6,7];28:[0,1,3,4,6];26:[3];22:[0,1,3,4,6];3:[3];10:[3,4,7];13:[1,3,4,6,7];17:[0,3,4,5,6];4:[3];14:[1,4,6,7];15:[3,4,6,7];21:[3,4,6,7];11:[3];18:[0,1,2,3,4,5,6];5:[3,4];23:[0,4,6];16:[3,4,6,7];12:[0,4,6];2:[3,4,6,7];0:[3,4,7];6:[3,4,7];8:[3];7:[3];19:[1,3,4,6,7];25:[3,4,7];29:[0,1,3,4,6,7]","c20:bw=36,experts=[3,4,6]; c9:bw=50,experts=[2,3,4,6,7]; c24:bw=16,experts=[3]; c1:bw=10,experts=[3]; c27:bw=63,experts=[0,1,3,4,6,7]; c28:bw=58,experts=[0,1,3,4,6]; c26:bw=12,experts=[3]; c22:bw=50,experts=[0,1,3,4,6]; c3:bw=10,experts=[3]; c10:bw=39,experts=[3,4,7]; c13:bw=50,experts=[1,3,4,6,7]; c17:bw=56,experts=[0,3,4,5,6]; c4:bw=12,experts=[3]; c14:bw=42,experts=[1,4,6,7]; c15:bw=44,experts=[3,4,6,7]; c21:bw=42,experts=[3,4,6,7]; c11:bw=10,experts=[3]; c18:bw=72,experts=[0,1,2,3,4,5,6]; c5:bw=25,experts=[3,4]; c23:bw=36,experts=[0,4,6]; c16:bw=41,experts=[3,4,6,7]; c12:bw=37,experts=[0,4,6]; c2:bw=43,experts=[3,4,6,7]; c0:bw=31,experts=[3,4,7]; c6:bw=30,experts=[3,4,7]; c8:bw=18,experts=[3]; c7:bw=10,experts=[3]; c19:bw=55,experts=[1,3,4,6,7]; c25:bw=30,experts=[3,4,7]; c29:bw=65,experts=[0,1,3,4,6,7]","2.7112,1.9116,1.7132,1.5037,2.5183,2.1566,1.4921,2.2234,2.0983,3.2723,2.1765,2.6250,2.7510,1.8218,1.6443,1.4662,2.9497,2.3149,3.8978,1.8327,2.3990,2.3949,1.7502,1.5290,1.5768,1.6284,1.7947,2.0009,2.7303,4.0988"
25,2026-09-23 20:37:27,Ours,0.01,2.4828841930273815,30.87,30.87,25,74.9869,1:14.99,67.1493,6.5104,1.3238,1841.7701,30:41.77,30,"12,22,26,17,6,8,25,1,3,18,28,4,27,29,19,5,7,23,9,11,10,15,2,24,21,20,0,14,13,16",12:36;22:38;26:30;17:52;6:16;8:55;25:40;1:49;3:14;18:59;28:41;4:58;27:59;29:27;19:57;5:64;7:40;23:21;9:40;11:60;10:25;15:29;2:12;24:25;21:35;20:15;0:56;14:26;13:56;16:52,"12:[4,6,7];22:[1,4,6];26:[4,6,7];17:[0,1,4,5,6];6:[4];8:[1,4,5,6,7];25:[1,4,5,6];1:[1,4,6,7];3:[7];18:[1,4,5,6,7];28:[1,4,5,6];4:[1,4,5,6,7];27:[1,2,4,5,6];29:[4,6];19:[0,2,4,5,6];5:[0,1,2,4,5,6];7:[1,4,6,7];23:[4,6];9:[2,4,5,6];11:[0,2,4,5,6,7];10:[4,6];15:[4,6];2:[4];24:[5,7];21:[4,5,6];20:[4];0:[0,1,4,5,6];14:[4,6];13:[1,2,4,5,6];16:[0,1,2,4,6]","c12:bw=36,experts=[4,6,7]; c22:bw=38,experts=[1,4,6]; c26:bw=30,experts=[4,6,7]; c17:bw=52,experts=[0,1,4,5,6]; c6:bw=16,experts=[4]; c8:bw=55,experts=[1,4,5,6,7]; c25:bw=40,experts=[1,4,5,6]; c1:bw=49,experts=[1,4,6,7]; c3:bw=14,experts=[7]; c18:bw=59,experts=[1,4,5,6,7]; c28:bw=41,experts=[1,4,5,6]; c4:bw=58,experts=[1,4,5,6,7]; c27:bw=59,experts=[1,2,4,5,6]; c29:bw=27,experts=[4,6]; c19:bw=57,experts=[0,2,4,5,6]; c5:bw=64,experts=[0,1,2,4,5,6]; c7:bw=40,experts=[1,4,6,7]; c23:bw=21,experts=[4,6]; c9:bw=40,experts=[2,4,5,6]; c11:bw=60,experts=[0,2,4,5,6,7]; c10:bw=25,experts=[4,6]; c15:bw=29,experts=[4,6]; c2:bw=12,experts=[4]; c24:bw=25,experts=[5,7]; c21:bw=35,experts=[4,5,6]; c20:bw=15,experts=[4]; c0:bw=56,experts=[0,1,4,5,6]; c14:bw=26,experts=[4,6]; c13:bw=56,experts=[1,2,4,5,6]; c16:bw=52,experts=[0,1,2,4,6]","2.4268,2.2262,1.5227,2.6558,1.5880,1.6548,2.7293,1.5209,2.0946,2.3123,2.1637,2.7241,2.4806,4.1031,2.0143,3.8840,1.7917,1.8207,1.8697,2.9511,3.2803,1.6387,1.7399,1.6959,1.4607,2.6662,1.5669,1.9234,2.2169,2.4261"
26,2026-09-23 20:38:41,Ours,0.01,2.4492663371803545,31.91,31.91,26,74.4435,1:14.44,66.844,6.2756,1.3207,1916.2324,31:56.23,30,"10,29,28,22,24,6,18,14,11,7,9,23,25,4,17,1,5,2,13,27,15,12,19,20,0,8,16,21,26,3",10:38;29:45;28:61;22:14;24:14;6:34;18:10;14:49;11:57;7:31;9:50;23:14;25:50;4:48;17:32;1:33;5:20;2:30;13:16;27:40;15:42;12:41;19:15;20:25;0:11;8:53;16:10;21:35;26:13;3:44,"10:[4,5,6];29:[1,4,5,6];28:[0,1,2,4,5,6];22:[4];24:[4];6:[4,5,6];18:[4];14:[1,4,5,6];11:[0,2,4,5,6];7:[0,4,5];9:[0,1,4,5,6];23:[3];25:[1,2,4,5,6];4:[1,4,5,6];17:[4,5,6];1:[4,5,6];5:[4,6];2:[4,5,6];13:[4];27:[1,4,5,6];15:[0,4,5,6];12:[1,4,5,6];19:[4];20:[1,4];0:[4];8:[0,1,4,5,6];16:[4];21:[0,4,6];26:[4];3:[2,4,5,6]","c10:bw=38,experts=[4,5,6]; c29:bw=45,experts=[1,4,5,6]; c28:bw=61,experts=[0,1,2,4,5,6]; c22:bw=14,experts=[4]; c24:bw=14,experts=[4]; c6:bw=34,experts=[4,5,6]; c18:bw=10,experts=[4]; c14:bw=49,experts=[1,4,5,6]; c11:bw=57,experts=[0,2,4,5,6]; c7:bw=31,experts=[0,4,5]; c9:bw=50,experts=[0,1,4,5,6]; c23:bw=14,experts=[3]; c25:bw=50,experts=[1,2,4,5,6]; c4:bw=48,experts=[1,4,5,6]; c17:bw=32,experts=[4,5,6]; c1:bw=33,experts=[4,5,6]; c5:bw=20,experts=[4,6]; c2:bw=30,experts=[4,5,6]; c13:bw=16,experts=[4]; c27:bw=40,experts=[1,4,5,6]; c15:bw=42,experts=[0,4,5,6]; c12:bw=41,experts=[1,4,5,6]; c19:bw=15,experts=[4]; c20:bw=25,experts=[1,4]; c0:bw=11,experts=[4]; c8:bw=53,experts=[0,1,4,5,6]; c16:bw=10,experts=[4]; c21:bw=35,experts=[0,4,6]; c26:bw=13,experts=[4]; c3:bw=44,experts=[2,4,5,6]","3.3133,4.1186,2.1631,2.2159,1.6932,1.6059,2.2956,1.8118,2.9393,1.8083,1.8778,1.8201,2.7230,2.7259,2.6293,1.5162,3.8975,1.7143,2.1877,2.4788,1.6340,2.4032,1.9685,2.7081,1.5560,1.6229,2.3759,1.4372,1.5052,2.0970"
27,2026-09-23 20:39:56,Ours,0.01,2.401880767119527,33.01,33.01,27,74.9352,1:14.94,67.2126,6.4111,1.3083,1991.1875,33:11.19,30,"3,7,19,23,18,29,9,17,13,27,15,22,11,5,6,4,26,2,8,1,0,12,28,21,24,25,20,10,16,14",3:21;7:51;19:18;23:75;18:18;29:27;9:18;17:36;13:57;27:54;15:46;22:47;11:66;5:37;6:63;4:12;26:32;2:20;8:55;1:62;0:36;12:22;28:10;21:45;24:29;25:30;20:37;10:62;16:20;14:26,"3:[4,6];7:[0,1,4,5,6];19:[4];23:[0,1,2,3,4,5,6];18:[4];29:[4,6];9:[4];17:[0,4,6];13:[0,1,4,5,6];27:[1,2,4,5,6];15:[0,4,5,6];22:[1,2,4,6];11:[0,1,2,4,5,6];5:[1,4,6];6:[0,1,2,4,5,6];4:[4];26:[1,4,6];2:[4,6];8:[0,1,4,5,6];1:[0,1,2,4,5,6];0:[4,5,6];12:[4,6];28:[4];21:[1,4,5,6];24:[4,6];25:[4,5,6];20:[1,4,6];10:[0,1,2,4,5,6];16:[4,6];14:[4,6]","c3:bw=21,experts=[4,6]; c7:bw=51,experts=[0,1,4,5,6]; c19:bw=18,experts=[4]; c23:bw=75,experts=[0,1,2,3,4,5,6]; c18:bw=18,experts=[4]; c29:bw=27,experts=[4,6]; c9:bw=18,experts=[4]; c17:bw=36,experts=[0,4,6]; c13:bw=57,experts=[0,1,4,5,6]; c27:bw=54,experts=[1,2,4,5,6]; c15:bw=46,experts=[0,4,5,6]; c22:bw=47,experts=[1,2,4,6]; c11:bw=66,experts=[0,1,2,4,5,6]; c5:bw=37,experts=[1,4,6]; c6:bw=63,experts=[0,1,2,4,5,6]; c4:bw=12,experts=[4]; c26:bw=32,experts=[1,4,6]; c2:bw=20,experts=[4,6]; c8:bw=55,experts=[0,1,4,5,6]; c1:bw=62,experts=[0,1,2,4,5,6]; c0:bw=36,experts=[4,5,6]; c12:bw=22,experts=[4,6]; c28:bw=10,experts=[4]; c21:bw=45,experts=[1,4,5,6]; c24:bw=29,experts=[4,6]; c25:bw=30,experts=[4,5,6]; c20:bw=37,experts=[1,4,6]; c10:bw=62,experts=[0,1,2,4,5,6]; c16:bw=20,experts=[4,6]; c14:bw=26,experts=[4,6]","2.1029,1.8098,1.9996,1.8503,2.3095,4.1288,1.8945,2.6655,2.2279,2.4860,1.6527,2.2070,2.9875,3.9116,1.6111,2.7245,1.5112,1.7301,1.6427,1.5280,1.5418,2.3932,2.1482,1.4956,1.6996,2.7219,2.7090,3.2978,2.3940,1.8304"
28,2026-09-23 20:41:11,Ours,0.01,2.4009938014561514,33.64,33.64,28,74.7554,1:14.76,67.1469,6.3065,1.2987,2065.963,34:25.96,30,"4,19,22,25,24,2,27,5,14,10,9,6,17,11,1,15,7,28,23,3,21,12,29,0,26,8,13,20,16,18",4:10;19:33;22:44;25:59;24:42;2:10;27:12;5:33;14:15;10:40;9:49;6:29;17:48;11:66;1:25;15:32;7:10;28:50;23:34;3:12;21:10;12:42;29:32;0:47;26:35;8:29;13:31;20:47;16:35;18:34,"4:[0];19:[4,5,6];22:[1,4,6,7];25:[0,1,4,5,6];24:[0,1,4,6];2:[4];27:[4];5:[4,6,7];14:[4];10:[1,4,5,6];9:[1,4,5,6];6:[4,6];17:[0,4,5,6];11:[0,1,2,4,5,6];1:[4,6];15:[4,5,6];7:[2];28:[0,1,4,5,6];23:[1,4,6];3:[4];21:[4];12:[3,4,5,6];29:[4,5,6];0:[0,1,4,6];26:[4,5,6];8:[2,4];13:[1,4,6];20:[0,4,6,7];16:[4,5,6];18:[1,4,6]","c4:bw=10,experts=[0]; c19:bw=33,experts=[4,5,6]; c22:bw=44,experts=[1,4,6,7]; c25:bw=59,experts=[0,1,4,5,6]; c24:bw=42,experts=[0,1,4,6]; c2:bw=10,experts=[4]; c27:bw=12,experts=[4]; c5:bw=33,experts=[4,6,7]; c14:bw=15,experts=[4]; c10:bw=40,experts=[1,4,5,6]; c9:bw=49,experts=[1,4,5,6]; c6:bw=29,experts=[4,6]; c17:bw=48,experts=[0,4,5,6]; c11:bw=66,experts=[0,1,2,4,5,6]; c1:bw=25,experts=[4,6]; c15:bw=32,experts=[4,5,6]; c7:bw=10,experts=[2]; c28:bw=50,experts=[0,1,4,5,6]; c23:bw=34,experts=[1,4,6]; c3:bw=12,experts=[4]; c21:bw=10,experts=[4]; c12:bw=42,experts=[3,4,5,6]; c29:bw=32,experts=[4,5,6]; c0:bw=47,experts=[0,1,4,6]; c26:bw=35,experts=[4,5,6]; c8:bw=29,experts=[2,4]; c13:bw=31,experts=[1,4,6]; c20:bw=47,experts=[0,4,6,7]; c16:bw=35,experts=[4,5,6]; c18:bw=34,experts=[1,4,6]","2.7927,2.0222,2.1996,2.7765,1.7245,1.7335,2.4908,3.9089,1.8246,3.2798,1.8907,1.5899,2.6383,2.9549,1.5132,1.6412,1.7813,2.1609,1.8475,2.0803,1.4611,2.3987,4.0472,1.5539,1.5033,1.6354,2.2278,2.7275,2.4247,2.3157"
29,2026-09-23 20:42:26,Ours,0.01,2.347260113613764,34.9,34.9,29,74.8708,1:14.87,67.2218,6.3465,1.2994,2140.8551,35:40.86,30,"8,12,20,7,0,3,9,25,2,17,21,19,27,18,29,5,6,10,1,13,28,23,22,14,15,16,24,26,4,11",8:34;12:10;20:42;7:21;0:44;3:32;9:44;25:35;2:18;17:59;21:74;19:39;27:26;18:24;29:23;5:33;6:43;10:10;1:33;13:13;28:50;23:20;22:54;14:35;15:70;16:48;24:14;26:25;4:38;11:59,"8:[4,5,6];12:[4];20:[1,4,5,6];7:[4,6];0:[1,4,5,6];3:[4,5,6];9:[1,4,5,6];25:[4,5,6];2:[4];17:[0,1,4,5,6];21:[0,1,2,4,5,6,7];19:[4,5,6];27:[4,6];18:[4,6];29:[4,6];5:[1,4,6];6:[0,4,5,6];10:[4];1:[1,4,6];13:[4];28:[0,1,4,5,6];23:[4,6];22:[1,2,4,5,6];14:[3,4,6];15:[0,1,2,4,5,6,7];16:[1,4,5,6];24:[4];26:[4,6];4:[1,4,6];11:[0,1,4,5,6]","c8:bw=34,experts=[4,5,6]; c12:bw=10,experts=[4]; c20:bw=42,experts=[1,4,5,6]; c7:bw=21,experts=[4,6]; c0:bw=44,experts=[1,4,5,6]; c3:bw=32,experts=[4,5,6]; c9:bw=44,experts=[1,4,5,6]; c25:bw=35,experts=[4,5,6]; c2:bw=18,experts=[4]; c17:bw=59,experts=[0,1,4,5,6]; c21:bw=74,experts=[0,1,2,4,5,6,7]; c19:bw=39,experts=[4,5,6]; c27:bw=26,experts=[4,6]; c18:bw=24,experts=[4,6]; c29:bw=23,experts=[4,6]; c5:bw=33,experts=[1,4,6]; c6:bw=43,experts=[0,4,5,6]; c10:bw=10,experts=[4]; c1:bw=33,experts=[1,4,6]; c13:bw=13,experts=[4]; c28:bw=50,experts=[0,1,4,5,6]; c23:bw=20,experts=[4,6]; c22:bw=54,experts=[1,2,4,5,6]; c14:bw=35,experts=[3,4,6]; c15:bw=70,experts=[0,1,2,4,5,6,7]; c16:bw=48,experts=[1,4,5,6]; c24:bw=14,experts=[4]; c26:bw=25,experts=[4,6]; c4:bw=38,experts=[1,4,6]; c11:bw=59,experts=[0,1,4,5,6]","1.6635,2.4095,2.7259,1.8117,1.5777,2.0993,1.8812,2.7662,1.7633,2.6521,1.4957,2.0096,2.4921,2.2917,4.0635,3.9478,1.6098,3.2681,1.5150,2.2094,2.1589,1.8425,2.2154,1.8364,1.6520,2.4035,1.6852,1.4960,2.7100,2.9684"
30,2026-09-23 20:43:40,Ours,0.01,2.3784515658550176,34.57,34.9,29,74.7943,1:14.79,67.1183,6.3697,1.3029,2215.6705,36:55.67,30,"13,15,0,29,28,19,7,6,8,2,11,10,12,25,17,5,1,23,20,21,24,26,3,4,16,18,9,22,27,14",13:27;15:22;0:17;29:44;28:36;19:24;7:12;6:11;8:41;2:27;11:46;10:71;12:24;25:56;17:19;5:62;1:35;23:37;20:60;21:10;24:10;26:12;3:59;4:51;16:31;18:57;9:54;22:26;27:53;14:49,"13:[4,6];15:[4,6];0:[2];29:[1,2,4,6];28:[4,6,7];19:[4,6];7:[4];6:[4];8:[1,4,5,6];2:[0,1];11:[0,4,5,6];10:[0,1,2,4,5,6,7];12:[2,4];25:[0,1,4,5,6];17:[4];5:[0,1,2,4,5,6];1:[1,4,6];23:[1,4,6];20:[0,1,2,4,5,6];21:[4];24:[4];26:[0];3:[0,1,4,5,6];4:[0,1,4,5,6];16:[1,4,6];18:[0,1,4,5,6];9:[0,1,4,5,6];22:[4,6];27:[0,1,4,5,6];14:[0,1,4,6]","c13:bw=27,experts=[4,6]; c15:bw=22,experts=[4,6]; c0:bw=17,experts=[2]; c29:bw=44,experts=[1,2,4,6]; c28:bw=36,experts=[4,6,7]; c19:bw=24,experts=[4,6]; c7:bw=12,experts=[4]; c6:bw=11,experts=[4]; c8:bw=41,experts=[1,4,5,6]; c2:bw=27,experts=[0,1]; c11:bw=46,experts=[0,4,5,6]; c10:bw=71,experts=[0,1,2,4,5,6,7]; c12:bw=24,experts=[2,4]; c25:bw=56,experts=[0,1,4,5,6]; c17:bw=19,experts=[4]; c5:bw=62,experts=[0,1,2,4,5,6]; c1:bw=35,experts=[1,4,6]; c23:bw=37,experts=[1,4,6]; c20:bw=60,experts=[0,1,2,4,5,6]; c21:bw=10,experts=[4]; c24:bw=10,experts=[4]; c26:bw=12,experts=[0]; c3:bw=59,experts=[0,1,4,5,6]; c4:bw=51,experts=[0,1,4,5,6]; c16:bw=31,experts=[1,4,6]; c18:bw=57,experts=[0,1,4,5,6]; c9:bw=54,experts=[0,1,4,5,6]; c22:bw=26,experts=[4,6]; c27:bw=53,experts=[0,1,4,5,6]; c14:bw=49,experts=[0,1,4,6]","2.2165,1.6646,1.5529,4.1170,2.1562,2.0288,1.8667,1.5754,1.6296,1.7427,2.9367,3.2962,2.3863,2.7410,2.6316,3.9287,1.5232,1.8359,2.7008,1.4713,1.7103,1.4837,2.0858,2.7202,2.3994,2.2999,1.8919,2.2136,2.4791,1.8325"
31,2026-09-23 20:44:55,Ours,0.01,2.3509683737933833,35.98,35.98,31,75.057,1:15.06,67.2995,6.4323,1.322,2290.7492,38:10.75,30,"12,3,7,21,29,19,15,6,10,16,14,24,1,13,23,11,8,22,0,5,9,27,4,20,28,18,25,17,26,2",12:35;3:24;7:63;21:46;29:48;19:40;15:55;6:29;10:33;16:36;14:61;24:72;1:30;13:32;23:24;11:29;8:33;22:41;0:47;5:62;9:45;27:10;4:19;20:11;28:56;18:58;25:46;17:35;26:10;2:15,"12:[4,5,6];3:[4,6];7:[0,1,2,4,5,6];21:[0,4,5,6];29:[1,4,5,6];19:[1,4,5,6];15:[0,1,4,5,6];6:[4,6];10:[1,4,6];16:[1,4,6];14:[0,1,2,4,5,6];24:[0,1,2,4,5,6,7];1:[0,4,6];13:[4,5,6];23:[4,7];11:[4,6];8:[4,5,6];22:[1,4,5,6];0:[0,4,5,6];5:[0,1,2,4,5,6];9:[1,4,5,6];27:[4];4:[2];20:[4];28:[0,1,4,5,6];18:[0,1,4,5,6];25:[0,4,5,6];17:[2,4,7];26:[2];2:[2]","c12:bw=35,experts=[4,5,6]; c3:bw=24,experts=[4,6]; c7:bw=63,experts=[0,1,2,4,5,6]; c21:bw=46,experts=[0,4,5,6]; c29:bw=48,experts=[1,4,5,6]; c19:bw=40,experts=[1,4,5,6]; c15:bw=55,experts=[0,1,4,5,6]; c6:bw=29,experts=[4,6]; c10:bw=33,experts=[1,4,6]; c16:bw=36,experts=[1,4,6]; c14:bw=61,experts=[0,1,2,4,5,6]; c24:bw=72,experts=[0,1,2,4,5,6,7]; c1:bw=30,experts=[0,4,6]; c13:bw=32,experts=[4,5,6]; c23:bw=24,experts=[4,7]; c11:bw=29,experts=[4,6]; c8:bw=33,experts=[4,5,6]; c22:bw=41,experts=[1,4,5,6]; c0:bw=47,experts=[0,4,5,6]; c5:bw=62,experts=[0,1,2,4,5,6]; c9:bw=45,experts=[1,4,5,6]; c27:bw=10,experts=[4]; c4:bw=19,experts=[2]; c20:bw=11,experts=[4]; c28:bw=56,experts=[0,1,4,5,6]; c18:bw=58,experts=[0,1,4,5,6]; c25:bw=46,experts=[0,4,5,6]; c17:bw=35,experts=[2,4,7]; c26:bw=10,experts=[2]; c2:bw=15,experts=[2]","2.4186,2.1305,1.8451,1.4840,4.1208,2.0235,1.6701,1.6167,3.2861,2.4164,1.8403,1.7170,1.5147,2.2245,1.8231,2.9687,1.6304,2.2211,1.5375,3.9295,1.8965,2.4734,2.7363,2.7137,2.1550,2.2979,2.7430,2.6355,1.4855,1.7441"
32,2026-09-23 20:46:11,Ours,0.01,2.3603321292695987,36.14,36.14,32,75.004,1:15.00,67.3482,6.34,1.3126,2365.7749,39:25.77,30,"15,8,9,28,4,27,21,11,5,18,17,29,6,24,26,10,23,12,1,20,13,22,14,19,2,16,7,0,3,25",15:36;8:21;9:31;28:19;4:49;27:27;21:64;11:27;5:36;18:35;17:28;29:41;6:27;24:10;26:29;10:22;23:15;12:49;1:21;20:39;13:63;22:35;14:32;19:27;2:54;16:48;7:47;0:46;3:28;25:67,"15:[3,4,6];8:[3,4];9:[3,4,7];28:[3];4:[1,3,4,6];27:[3,7];21:[0,1,3,4,5,6];11:[3,4];5:[3,4,6];18:[2,3,4];17:[3,4];29:[0,3,4,7];6:[3,7];24:[3];26:[3,4];10:[3,4];23:[4];12:[0,4,5,6];1:[3,4];20:[3,4,6];13:[1,3,4,5,6,7];22:[0,3,4];14:[4,6,7];19:[3,7];2:[1,3,4,6,7];16:[3,4,6,7];7:[1,3,4,6];0:[3,4,6,7];3:[3,4];25:[1,3,4,5,6,7]","c15:bw=36,experts=[3,4,6]; c8:bw=21,experts=[3,4]; c9:bw=31,experts=[3,4,7]; c28:bw=19,experts=[3]; c4:bw=49,experts=[1,3,4,6]; c27:bw=27,experts=[3,7]; c21:bw=64,experts=[0,1,3,4,5,6]; c11:bw=27,experts=[3,4]; c5:bw=36,experts=[3,4,6]; c18:bw=35,experts=[2,3,4]; c17:bw=28,experts=[3,4]; c29:bw=41,experts=[0,3,4,7]; c6:bw=27,experts=[3,7]; c24:bw=10,experts=[3]; c26:bw=29,experts=[3,4]; c10:bw=22,experts=[3,4]; c23:bw=15,experts=[4]; c12:bw=49,experts=[0,4,5,6]; c1:bw=21,experts=[3,4]; c20:bw=39,experts=[3,4,6]; c13:bw=63,experts=[1,3,4,5,6,7]; c22:bw=35,experts=[0,3,4]; c14:bw=32,experts=[4,6,7]; c19:bw=27,experts=[3,7]; c2:bw=54,experts=[1,3,4,6,7]; c16:bw=48,experts=[3,4,6,7]; c7:bw=47,experts=[1,3,4,6]; c0:bw=46,experts=[3,4,6,7]; c3:bw=28,experts=[3,4]; c25:bw=67,experts=[1,3,4,5,6,7]","1.6665,1.6649,1.9125,2.1681,2.7635,2.5122,1.5047,2.9630,3.9548,2.3296,2.6623,4.1096,1.5799,1.6970,1.4793,3.2734,1.8152,2.3849,1.5118,2.7190,2.2223,2.2182,1.8487,2.0077,1.7472,2.4057,1.7882,1.5757,2.0631,2.7990"
33,2026-09-23 20:47:26,Ours,0.01,2.2803665781541227,37.82,37.82,33,75.4956,1:15.50,67.5066,6.6828,1.3028,2441.2935,40:41.29,30,"26,27,23,4,17,29,18,13,0,10,7,15,5,20,14,1,22,8,2,9,3,19,12,28,11,25,21,6,16,24",26:44;27:38;23:63;4:45;17:59;29:62;18:55;13:30;0:62;10:46;7:52;15:24;5:29;20:40;14:37;1:34;22:56;8:50;2:24;9:42;3:70;19:25;12:46;28:29;11:53;25:14;21:65;6:37;16:44;24:28,"26:[4,5,6,7];27:[4,5,6];23:[0,1,2,4,5,6];4:[1,4,6,7];17:[0,1,4,5,6];29:[0,1,2,4,5,6];18:[1,4,5,6,7];13:[2,4,6];0:[0,1,2,4,5,6];10:[1,4,5,6];7:[1,4,5,6,7];15:[4,6];5:[4,6];20:[1,4,5,6];14:[1,4,6];1:[4,6,7];22:[0,1,4,5,6];8:[0,4,5,6,7];2:[4,6];9:[1,2,4,6];3:[0,1,2,4,5,6,7];19:[0,2];12:[4,5,6,7];28:[4,6];11:[1,4,5,6,7];25:[4];21:[0,1,2,4,5,6];6:[4,5,6];16:[0,2,4,6];24:[4,6]","c26:bw=44,experts=[4,5,6,7]; c27:bw=38,experts=[4,5,6]; c23:bw=63,experts=[0,1,2,4,5,6]; c4:bw=45,experts=[1,4,6,7]; c17:bw=59,experts=[0,1,4,5,6]; c29:bw=62,experts=[0,1,2,4,5,6]; c18:bw=55,experts=[1,4,5,6,7]; c13:bw=30,experts=[2,4,6]; c0:bw=62,experts=[0,1,2,4,5,6]; c10:bw=46,experts=[1,4,5,6]; c7:bw=52,experts=[1,4,5,6,7]; c15:bw=24,experts=[4,6]; c5:bw=29,experts=[4,6]; c20:bw=40,experts=[1,4,5,6]; c14:bw=37,experts=[1,4,6]; c1:bw=34,experts=[4,6,7]; c22:bw=56,experts=[0,1,4,5,6]; c8:bw=50,experts=[0,4,5,6,7]; c2:bw=24,experts=[4,6]; c9:bw=42,experts=[1,2,4,6]; c3:bw=70,experts=[0,1,2,4,5,6,7]; c19:bw=25,experts=[0,2]; c12:bw=46,experts=[4,5,6,7]; c28:bw=29,experts=[4,6]; c11:bw=53,experts=[1,4,5,6,7]; c25:bw=14,experts=[4]; c21:bw=65,experts=[0,1,2,4,5,6]; c6:bw=37,experts=[4,5,6]; c16:bw=44,experts=[0,2,4,6]; c24:bw=28,experts=[4,6]","1.5099,2.5213,1.8452,2.7583,2.6363,4.1751,2.3470,2.2399,1.5830,3.3009,1.8288,1.6582,3.9586,2.7379,1.8346,1.5107,2.2171,1.6481,1.7505,1.8811,2.1018,1.9964,2.4050,2.1643,2.9703,2.7365,1.4962,1.5868,2.4018,1.7050"
34,2026-09-23 20:48:42,Ours,0.01,2.2445648636247086,38.19,38.19,34,75.4679,1:15.47,67.4558,6.6827,1.3261,2516.7828,41:56.78,30,"22,28,29,18,16,27,9,14,2,11,8,6,7,17,10,13,3,15,19,24,21,20,0,4,5,12,23,26,1,25",22:30;28:39;29:13;18:29;16:54;27:34;9:68;14:66;2:54;11:52;8:42;6:48;7:32;17:16;10:26;13:57;3:72;15:10;19:50;24:60;21:48;20:62;0:22;4:46;5:60;12:24;23:36;26:55;1:46;25:49,"22:[1,4,6];28:[2,4,6];29:[4];18:[4,6];16:[0,1,4,5,6];27:[1,4,6];9:[0,1,2,4,5,6];14:[0,1,2,4,5,6];2:[0,1,4,5,6];11:[0,1,4,5,6];8:[1,4,5,6];6:[1,4,5,6];7:[1,4,6];17:[4];10:[4,6];13:[0,1,4,5,6];3:[0,1,2,4,5,6,7];15:[4];19:[0,1,4,5,6];24:[0,1,2,4,5,6];21:[1,4,5,6];20:[0,1,2,4,5,6];0:[4,6];4:[1,4,5,6];5:[0,1,2,4,5,6];12:[1,4];23:[4,5,6];26:[0,1,4,5,6];1:[1,4,5,6];25:[1,2,4,6]","c22:bw=30,experts=[1,4,6]; c28:bw=39,experts=[2,4,6]; c29:bw=13,experts=[4]; c18:bw=29,experts=[4,6]; c16:bw=54,experts=[0,1,4,5,6]; c27:bw=34,experts=[1,4,6]; c9:bw=68,experts=[0,1,2,4,5,6]; c14:bw=66,experts=[0,1,2,4,5,6]; c2:bw=54,experts=[0,1,4,5,6]; c11:bw=52,experts=[0,1,4,5,6]; c8:bw=42,experts=[1,4,5,6]; c6:bw=48,experts=[1,4,5,6]; c7:bw=32,experts=[1,4,6]; c17:bw=16,experts=[4]; c10:bw=26,experts=[4,6]; c13:bw=57,experts=[0,1,4,5,6]; c3:bw=72,experts=[0,1,2,4,5,6,7]; c15:bw=10,experts=[4]; c19:bw=50,experts=[0,1,4,5,6]; c24:bw=60,experts=[0,1,2,4,5,6]; c21:bw=48,experts=[1,4,5,6]; c20:bw=62,experts=[0,1,2,4,5,6]; c0:bw=22,experts=[4,6]; c4:bw=46,experts=[1,4,5,6]; c5:bw=60,experts=[0,1,2,4,5,6]; c12:bw=24,experts=[1,4]; c23:bw=36,experts=[4,5,6]; c26:bw=55,experts=[0,1,4,5,6]; c1:bw=46,experts=[1,4,5,6]; c25:bw=49,experts=[1,2,4,6]","2.2206,2.1713,4.1903,2.3092,2.4358,2.5185,1.8915,1.8517,1.7525,2.9661,1.6343,1.6115,1.8229,2.6578,3.2779,2.2417,2.0992,1.6423,2.0078,1.7072,1.4981,2.7280,1.5659,2.7319,3.9213,2.4084,1.8128,1.5059,1.5167,2.7566"
35,2026-09-23 20:49:57,Ours,0.01,2.25148853712575,38.92,38.92,35,75.13,1:15.13,67.3418,6.4612,1.3238,2591.9384,43:11.94,30,"6,28,22,8,0,15,13,25,17,20,4,11,12,2,9,7,26,24,29,18,23,16,21,5,14,3,10,27,19,1",6:44;28:55;22:32;8:50;0:20;15:47;13:48;25:40;17:32;20:53;4:33;11:69;12:22;2:46;9:27;7:48;26:59;24:15;29:28;18:51;23:13;16:10;21:10;5:41;14:20;3:24;10:57;27:64;19:22;1:31,"6:[2,4,5,6];28:[0,1,4,5,6];22:[4,5,6];8:[0,1,4,5,6];0:[4,6];15:[1,4,5,6];13:[1,4,5,6];25:[1,2,4,6];17:[4,5,6];20:[0,1,4,5,6];4:[1,4,6];11:[0,1,2,4,5,6];12:[4,6];2:[1,4,5,6];9:[4,6];7:[1,4,5,6];26:[0,1,4,5,6];24:[4];29:[4,6];18:[0,1,4,5,6];23:[3];16:[4];21:[4];5:[1,4,5,6];14:[4,6];3:[4,6];10:[0,1,4,5,6];27:[0,1,2,4,5,6];19:[4,6];1:[2,4,6]","c6:bw=44,experts=[2,4,5,6]; c28:bw=55,experts=[0,1,4,5,6]; c22:bw=32,experts=[4,5,6]; c8:bw=50,experts=[0,1,4,5,6]; c0:bw=20,experts=[4,6]; c15:bw=47,experts=[1,4,5,6]; c13:bw=48,experts=[1,4,5,6]; c25:bw=40,experts=[1,2,4,6]; c17:bw=32,experts=[4,5,6]; c20:bw=53,experts=[0,1,4,5,6]; c4:bw=33,experts=[1,4,6]; c11:bw=69,experts=[0,1,2,4,5,6]; c12:bw=22,experts=[4,6]; c2:bw=46,experts=[1,4,5,6]; c9:bw=27,experts=[4,6]; c7:bw=48,experts=[1,4,5,6]; c26:bw=59,experts=[0,1,4,5,6]; c24:bw=15,experts=[4]; c29:bw=28,experts=[4,6]; c18:bw=51,experts=[0,1,4,5,6]; c23:bw=13,experts=[3]; c16:bw=10,experts=[4]; c21:bw=10,experts=[4]; c5:bw=41,experts=[1,4,5,6]; c14:bw=20,experts=[4,6]; c3:bw=24,experts=[4,6]; c10:bw=57,experts=[0,1,4,5,6]; c27:bw=64,experts=[0,1,2,4,5,6]; c19:bw=22,experts=[4,6]; c1:bw=31,experts=[2,4,6]","1.6127,2.1526,2.2271,1.6525,1.5588,1.6666,2.2114,2.7298,2.6312,2.7278,2.7201,2.9803,2.4159,1.7587,1.9044,1.8401,1.4976,1.6952,4.0998,2.3278,1.8202,2.3998,1.4783,3.9237,1.8345,2.1032,3.3116,2.5140,2.0222,1.5238"
36,2026-09-23 20:51:12,Ours,0.01,2.2281395279826635,39.39,39.39,36,75.4723,1:15.47,67.6686,6.4992,1.3012,2667.4336,44:27.43,30,"26,19,8,17,20,15,29,18,22,21,7,1,11,16,6,24,9,27,28,2,23,12,3,10,4,5,13,25,0,14",26:41;19:48;8:51;17:49;20:49;15:68;29:53;18:11;22:13;21:42;7:27;1:10;11:33;16:10;6:43;24:12;9:37;27:40;28:37;2:50;23:58;12:35;3:60;10:56;4:74;5:49;13:47;25:11;0:36;14:18,"26:[1,4,5,6];19:[1,4,5,6];8:[1,2,4,5,6];17:[1,4,5,6];20:[4,5,6,7];15:[0,1,2,4,5,6];29:[0,1,4,5,6];18:[4];22:[7];21:[0,4,5,6];7:[4,6];1:[4];11:[4,5,6];16:[4];6:[1,4,5,6];24:[4];9:[4,5,6];27:[1,4,5,6];28:[1,4,6];2:[0,1,4,5,6];23:[0,1,4,5,6];12:[3,4,6];3:[0,1,2,4,5,6];10:[0,1,4,5,6];4:[0,1,2,4,5,6,7];5:[4,5,6,7];13:[1,4,5,6];25:[4];0:[4,5,6];14:[4]","c26:bw=41,experts=[1,4,5,6]; c19:bw=48,experts=[1,4,5,6]; c8:bw=51,experts=[1,2,4,5,6]; c17:bw=49,experts=[1,4,5,6]; c20:bw=49,experts=[4,5,6,7]; c15:bw=68,experts=[0,1,2,4,5,6]; c29:bw=53,experts=[0,1,4,5,6]; c18:bw=11,experts=[4]; c22:bw=13,experts=[7]; c21:bw=42,experts=[0,4,5,6]; c7:bw=27,experts=[4,6]; c1:bw=10,experts=[4]; c11:bw=33,experts=[4,5,6]; c16:bw=10,experts=[4]; c6:bw=43,experts=[1,4,5,6]; c24:bw=12,experts=[4]; c9:bw=37,experts=[4,5,6]; c27:bw=40,experts=[1,4,5,6]; c28:bw=37,experts=[1,4,6]; c2:bw=50,experts=[0,1,4,5,6]; c23:bw=58,experts=[0,1,4,5,6]; c12:bw=35,experts=[3,4,6]; c3:bw=60,experts=[0,1,2,4,5,6]; c10:bw=56,experts=[0,1,4,5,6]; c4:bw=74,experts=[0,1,2,4,5,6,7]; c5:bw=49,experts=[4,5,6,7]; c13:bw=47,experts=[1,4,5,6]; c25:bw=11,experts=[4]; c0:bw=36,experts=[4,5,6]; c14:bw=18,experts=[4]","1.5163,2.0436,1.6658,2.6556,2.7485,1.6772,4.1303,2.3291,2.2203,1.4870,1.7986,1.5306,2.9781,2.4359,1.6226,1.7133,1.8827,2.5160,2.1613,1.7583,1.8464,2.4292,2.1203,3.3046,2.7562,3.9530,2.2331,2.7669,1.5561,1.8319"
37,2026-09-23 20:52:28,Ours,0.01,2.2310111069644036,39.73,39.73,37,75.4425,1:15.44,67.7398,6.3791,1.32,2742.9013,45:42.90,30,"21,9,6,20,29,19,3,24,28,18,12,27,7,0,15,25,26,1,8,10,13,17,11,4,16,2,22,5,23,14",21:18;9:40;6:65;20:38;29:39;19:42;3:36;24:61;28:10;18:10;12:49;27:55;7:42;0:54;15:51;25:56;26:10;1:18;8:10;10:58;13:12;17:56;11:63;4:39;16:31;2:36;22:10;5:39;23:44;14:28,"21:[7];9:[1,4,5,6];6:[0,1,2,4,5,6];20:[4,5,6];29:[4,5,6];19:[1,4,5,6];3:[1,4,6];24:[0,1,2,4,5,6];28:[4];18:[4];12:[0,1,4,6];27:[0,1,4,5,6];7:[1,4,5,6];0:[0,1,4,5,6];15:[0,1,4,6,7];25:[0,1,4,5,6];26:[4];1:[4];8:[4];10:[0,1,4,5,6];13:[4];17:[0,1,4,5,6];11:[0,1,2,4,5,6];4:[1,4,6];16:[0,4,6];2:[4,5,6];22:[2];5:[4,5,6];23:[1,4,5,6];14:[3,4]","c21:bw=18,experts=[7]; c9:bw=40,experts=[1,4,5,6]; c6:bw=65,experts=[0,1,2,4,5,6]; c20:bw=38,experts=[4,5,6]; c29:bw=39,experts=[4,5,6]; c19:bw=42,experts=[1,4,5,6]; c3:bw=36,experts=[1,4,6]; c24:bw=61,experts=[0,1,2,4,5,6]; c28:bw=10,experts=[4]; c18:bw=10,experts=[4]; c12:bw=49,experts=[0,1,4,6]; c27:bw=55,experts=[0,1,4,5,6]; c7:bw=42,experts=[1,4,5,6]; c0:bw=54,experts=[0,1,4,5,6]; c15:bw=51,experts=[0,1,4,6,7]; c25:bw=56,experts=[0,1,4,5,6]; c26:bw=10,experts=[4]; c1:bw=18,experts=[4]; c8:bw=10,experts=[4]; c10:bw=58,experts=[0,1,4,5,6]; c13:bw=12,experts=[4]; c17:bw=56,experts=[0,1,4,5,6]; c11:bw=63,experts=[0,1,2,4,5,6]; c4:bw=39,experts=[1,4,6]; c16:bw=31,experts=[0,4,6]; c2:bw=36,experts=[4,5,6]; c22:bw=10,experts=[2]; c5:bw=39,experts=[4,5,6]; c23:bw=44,experts=[1,4,5,6]; c14:bw=28,experts=[3,4]","1.4714,1.9073,1.6199,2.7342,4.1489,2.0300,2.1265,1.7397,2.1538,2.3099,2.4296,2.5292,1.8310,1.5779,1.6641,2.7624,1.5130,1.5155,1.6258,3.2908,2.2118,2.6486,2.9957,2.7365,2.4962,1.7663,2.2159,3.9579,1.8986,1.8315"
38,2026-09-23 20:53:43,Ours,0.01,2.1827774063304637,40.83,40.83,38,75.3653,1:15.37,67.5918,6.4616,1.3086,2818.293,46:58.29,30,"16,10,14,28,4,1,21,22,8,11,29,0,5,23,2,15,27,19,6,20,7,17,9,12,24,3,25,13,26,18",16:38;10:39;14:41;28:30;4:52;1:31;21:51;22:46;8:46;11:17;29:21;0:40;5:10;23:30;2:10;15:12;27:48;19:61;6:17;20:36;7:51;17:41;9:26;12:47;24:38;3:38;25:58;13:63;26:44;18:44,"16:[1,4,6];10:[2,4,7];14:[0,1,4,6];28:[4,6,7];4:[0,1,4,5,6];1:[4,5,6];21:[0,1,4,5,6];22:[1,4,5,6];8:[1,4,5,6];11:[4];29:[4,6];0:[1,4,5,6];5:[4];23:[4,5,6];2:[4];15:[4];27:[1,4,5,6];19:[0,1,2,4,5,6];6:[4];20:[1,4,6];7:[0,1,4,5,6];17:[0,4,5,6];9:[4,6];12:[0,2,4,6];24:[1,4,6];3:[4,5,6];25:[0,1,4,5,6];13:[0,1,2,4,5,6];26:[1,4,5,6];18:[1,4,5,6]","c16:bw=38,experts=[1,4,6]; c10:bw=39,experts=[2,4,7]; c14:bw=41,experts=[0,1,4,6]; c28:bw=30,experts=[4,6,7]; c4:bw=52,experts=[0,1,4,5,6]; c1:bw=31,experts=[4,5,6]; c21:bw=51,experts=[0,1,4,5,6]; c22:bw=46,experts=[1,4,5,6]; c8:bw=46,experts=[1,4,5,6]; c11:bw=17,experts=[4]; c29:bw=21,experts=[4,6]; c0:bw=40,experts=[1,4,5,6]; c5:bw=10,experts=[4]; c23:bw=30,experts=[4,5,6]; c2:bw=10,experts=[4]; c15:bw=12,experts=[4]; c27:bw=48,experts=[1,4,5,6]; c19:bw=61,experts=[0,1,2,4,5,6]; c6:bw=17,experts=[4]; c20:bw=36,experts=[1,4,6]; c7:bw=51,experts=[0,1,4,5,6]; c17:bw=41,experts=[0,4,5,6]; c9:bw=26,experts=[4,6]; c12:bw=47,experts=[0,2,4,6]; c24:bw=38,experts=[1,4,6]; c3:bw=38,experts=[4,5,6]; c25:bw=58,experts=[0,1,4,5,6]; c13:bw=63,experts=[0,1,2,4,5,6]; c26:bw=44,experts=[1,4,5,6]; c18:bw=44,experts=[1,4,5,6]","2.4742,3.3203,1.8437,2.1804,2.7667,1.5275,1.4931,2.2272,1.6648,2.9755,4.1198,1.5687,3.9201,1.8380,1.7541,1.6205,2.4868,2.0209,1.5968,2.7383,1.8138,2.6487,1.8963,2.4400,1.7184,2.1129,2.7477,2.2388,1.5020,2.3357"
39,2026-09-23 20:54:58,Ours,0.01,2.1666880537341213,41.19,41.19,39,75.4501,1:15.45,67.6437,6.4748,1.3284,2893.766,48:13.77,30,"22,26,13,11,1,23,16,21,15,17,10,4,24,8,27,12,3,25,0,20,14,19,9,7,29,6,2,28,5,18",22:28;26:37;13:49;11:51;1:45;23:49;16:29;21:52;15:30;17:42;10:24;4:36;24:44;8:45;27:39;12:49;3:26;25:35;0:10;20:68;14:57;19:18;9:24;7:40;29:16;6:31;2:36;28:54;5:75;18:25,"22:[4,6];26:[2,4,6];13:[1,4,5,6];11:[0,2,4,5,6];1:[0,4,5,6];23:[0,4,6,7];16:[4,6];21:[0,1,4,5,6];15:[0,4,6];17:[2,4,6,7];10:[4,6];4:[4,5,6];24:[4,5,6,7];8:[1,4,5,6];27:[4,5,6];12:[0,4,5,6];3:[4,6];25:[0,4,6];0:[4];20:[0,1,2,4,5,6];14:[0,1,4,5,6];19:[4];9:[4,6];7:[1,2,4,6];29:[4];6:[0,4,6];2:[2,4,6];28:[0,1,4,5,6];5:[0,1,2,3,4,5,6];18:[4,6]","c22:bw=28,experts=[4,6]; c26:bw=37,experts=[2,4,6]; c13:bw=49,experts=[1,4,5,6]; c11:bw=51,experts=[0,2,4,5,6]; c1:bw=45,experts=[0,4,5,6]; c23:bw=49,experts=[0,4,6,7]; c16:bw=29,experts=[4,6]; c21:bw=52,experts=[0,1,4,5,6]; c15:bw=30,experts=[0,4,6]; c17:bw=42,experts=[2,4,6,7]; c10:bw=24,experts=[4,6]; c4:bw=36,experts=[4,5,6]; c24:bw=44,experts=[4,5,6,7]; c8:bw=45,experts=[1,4,5,6]; c27:bw=39,experts=[4,5,6]; c12:bw=49,experts=[0,4,5,6]; c3:bw=26,experts=[4,6]; c25:bw=35,experts=[0,4,6]; c0:bw=10,experts=[4]; c20:bw=68,experts=[0,1,2,4,5,6]; c14:bw=57,experts=[0,1,4,5,6]; c19:bw=18,experts=[4]; c9:bw=24,experts=[4,6]; c7:bw=40,experts=[1,2,4,6]; c29:bw=16,experts=[4]; c6:bw=31,experts=[0,4,6]; c2:bw=36,experts=[2,4,6]; c28:bw=54,experts=[0,1,4,5,6]; c5:bw=75,experts=[0,1,2,3,4,5,6]; c18:bw=25,experts=[4,6]","2.2410,1.5080,2.2575,2.9891,1.5534,1.8701,2.4258,1.4869,1.6399,2.6539,3.2823,2.7548,1.7117,1.6527,2.4934,2.4282,2.1178,2.7700,1.5665,2.7580,1.8439,2.0189,1.9117,1.8121,4.0861,1.6026,1.7726,2.1584,3.9597,2.3168"
40,2026-09-23 20:56:14,Ours,0.01,2.2279733958145287,41.79,41.79,40,75.5174,1:15.52,67.6811,6.5226,1.3105,2969.3069,49:29.31,30,"28,27,26,8,18,6,17,13,29,16,15,2,10,1,22,11,23,20,4,7,24,19,25,3,14,12,5,21,0,9",28:10;27:38;26:63;8:26;18:38;6:46;17:30;13:32;29:43;16:29;15:22;2:65;10:60;1:42;22:43;11:15;23:50;20:21;4:19;7:66;24:51;19:23;25:67;3:10;14:58;12:42;5:32;21:35;0:36;9:40,"28:[3];27:[3,4,7];26:[0,1,3,4,5,6];8:[3,4];18:[2,3,4];6:[3,4,6,7];17:[3,4,6];13:[3,4,7];29:[3,4,6,7];16:[3,7];15:[3,4];2:[1,3,4,5,6,7];10:[0,1,3,4,5,6];1:[1,3,4,6];22:[1,3,4,6];11:[3];23:[0,1,4,5,6];20:[3,4];4:[3];7:[0,1,3,4,5,6];24:[1,3,4,5,6];19:[3,7];25:[1,3,4,5,6,7];3:[3];14:[1,4,5,6,7];12:[0,4,5,6];5:[0,4,6];21:[3,4,6];0:[3,4,7];9:[3,4,6,7]","c28:bw=10,experts=[3]; c27:bw=38,experts=[3,4,7]; c26:bw=63,experts=[0,1,3,4,5,6]; c8:bw=26,experts=[3,4]; c18:bw=38,experts=[2,3,4]; c6:bw=46,experts=[3,4,6,7]; c17:bw=30,experts=[3,4,6]; c13:bw=32,experts=[3,4,7]; c29:bw=43,experts=[3,4,6,7]; c16:bw=29,experts=[3,7]; c15:bw=22,experts=[3,4]; c2:bw=65,experts=[1,3,4,5,6,7]; c10:bw=60,experts=[0,1,3,4,5,6]; c1:bw=42,experts=[1,3,4,6]; c22:bw=43,experts=[1,3,4,6]; c11:bw=15,experts=[3]; c23:bw=50,experts=[0,1,4,5,6]; c20:bw=21,experts=[3,4]; c4:bw=19,experts=[3]; c7:bw=66,experts=[0,1,3,4,5,6]; c24:bw=51,experts=[1,3,4,5,6]; c19:bw=23,experts=[3,7]; c25:bw=67,experts=[1,3,4,5,6,7]; c3:bw=10,experts=[3]; c14:bw=58,experts=[1,4,5,6,7]; c12:bw=42,experts=[0,4,5,6]; c5:bw=32,experts=[0,4,6]; c21:bw=35,experts=[3,4,6]; c0:bw=36,experts=[3,4,7]; c9:bw=40,experts=[3,4,6,7]","2.1932,2.5071,1.5055,1.6630,2.3485,1.6178,2.6508,2.2131,4.1461,2.4481,1.6446,1.7826,3.3295,1.5249,2.2378,2.9604,1.8485,2.7337,2.7475,1.8366,1.7335,1.9876,2.7768,2.1053,1.8474,2.4202,3.9304,1.4991,1.5594,1.8823"
41,2026-09-23 20:57:30,Ours,0.01,2.2167385848901997,42.51,42.51,41,75.484,1:15.48,67.7367,6.415,1.3292,3044.817,50:44.82,30,"6,26,2,29,16,1,8,15,4,19,3,24,21,20,18,23,0,17,25,12,11,10,13,14,22,28,27,5,7,9",6:10;26:10;2:54;29:38;16:25;1:10;8:57;15:24;4:50;19:19;3:40;24:58;21:18;20:39;18:10;23:37;0:10;17:52;25:29;12:18;11:41;10:42;13:45;14:61;22:46;28:51;27:52;5:61;7:68;9:54,"6:[4];26:[7];2:[0,1,4,5,6];29:[2,4,6];16:[2,4];1:[7];8:[1,4,5,6,7];15:[4,6];4:[0,1,4,5,6];19:[4];3:[1,4,5,6];24:[0,1,4,5,6];21:[2];20:[4,5,6];18:[7];23:[2,4,6];0:[2];17:[0,1,4,5,6];25:[4,6];12:[7];11:[4,5,6,7];10:[1,4,5,6];13:[1,4,5,6];14:[0,1,2,4,5,6];22:[0,4,5,6];28:[0,1,4,5,6];27:[0,1,4,5,6];5:[0,1,2,4,5,6];7:[0,1,4,5,6,7];9:[0,1,4,5,6]","c6:bw=10,experts=[4]; c26:bw=10,experts=[7]; c2:bw=54,experts=[0,1,4,5,6]; c29:bw=38,experts=[2,4,6]; c16:bw=25,experts=[2,4]; c1:bw=10,experts=[7]; c8:bw=57,experts=[1,4,5,6,7]; c15:bw=24,experts=[4,6]; c4:bw=50,experts=[0,1,4,5,6]; c19:bw=19,experts=[4]; c3:bw=40,experts=[1,4,5,6]; c24:bw=58,experts=[0,1,4,5,6]; c21:bw=18,experts=[2]; c20:bw=39,experts=[4,5,6]; c18:bw=10,experts=[7]; c23:bw=37,experts=[2,4,6]; c0:bw=10,experts=[2]; c17:bw=52,experts=[0,1,4,5,6]; c25:bw=29,experts=[4,6]; c12:bw=18,experts=[7]; c11:bw=41,experts=[4,5,6,7]; c10:bw=42,experts=[1,4,5,6]; c13:bw=45,experts=[1,4,5,6]; c14:bw=61,experts=[0,1,2,4,5,6]; c22:bw=46,experts=[0,4,5,6]; c28:bw=51,experts=[0,1,4,5,6]; c27:bw=52,experts=[0,1,4,5,6]; c5:bw=61,experts=[0,1,2,4,5,6]; c7:bw=68,experts=[0,1,4,5,6,7]; c9:bw=54,experts=[0,1,4,5,6]","1.6317,1.5123,1.7736,4.1725,2.4747,1.5203,1.6395,1.6420,2.7684,2.0047,2.1494,1.7316,1.4889,2.7409,2.3184,1.8418,1.5520,2.6506,2.7261,2.3943,2.9686,3.2935,2.2259,1.8399,2.2393,2.1947,2.5446,3.9824,1.8253,1.8886"
42,2026-09-23 20:58:45,Ours,0.01,2.135076538166979,42.98,42.98,42,75.3035,1:15.30,67.6193,6.3501,1.3309,3120.1478,52:00.15,30,"12,15,27,9,11,17,1,16,22,24,19,25,2,6,5,14,23,3,20,4,26,0,10,28,29,7,13,18,21,8",12:22;15:31;27:34;9:51;11:59;17:32;1:49;16:10;22:26;24:34;19:63;25:28;2:40;6:34;5:50;14:13;23:51;3:48;20:42;4:55;26:16;0:15;10:15;28:54;29:40;7:20;13:33;18:14;21:32;8:42,"12:[4,6];15:[4,5,6];27:[4,5,6];9:[1,2,4,5,6];11:[0,1,4,5,6];17:[0,4,6];1:[0,1,4,6];16:[5];22:[4,6];24:[1,4,6];19:[0,1,2,4,5,6];25:[4,6];2:[1,4,5,6];6:[4,5,6];5:[0,1,4,5,6];14:[4];23:[0,1,4,5,6];3:[4,5,6,7];20:[1,4,5,6];4:[0,1,4,5,6];26:[4];0:[4];10:[4];28:[1,2,4,5,6];29:[1,4,5,6];7:[4,6];13:[1,4,6];18:[4];21:[0,4,6];8:[1,4,5,6]","c12:bw=22,experts=[4,6]; c15:bw=31,experts=[4,5,6]; c27:bw=34,experts=[4,5,6]; c9:bw=51,experts=[1,2,4,5,6]; c11:bw=59,experts=[0,1,4,5,6]; c17:bw=32,experts=[0,4,6]; c1:bw=49,experts=[0,1,4,6]; c16:bw=10,experts=[5]; c22:bw=26,experts=[4,6]; c24:bw=34,experts=[1,4,6]; c19:bw=63,experts=[0,1,2,4,5,6]; c25:bw=28,experts=[4,6]; c2:bw=40,experts=[1,4,5,6]; c6:bw=34,experts=[4,5,6]; c5:bw=50,experts=[0,1,4,5,6]; c14:bw=13,experts=[4]; c23:bw=51,experts=[0,1,4,5,6]; c3:bw=48,experts=[4,5,6,7]; c20:bw=42,experts=[1,4,5,6]; c4:bw=55,experts=[0,1,4,5,6]; c26:bw=16,experts=[4]; c0:bw=15,experts=[4]; c10:bw=15,experts=[4]; c28:bw=54,experts=[1,2,4,5,6]; c29:bw=40,experts=[1,4,5,6]; c7:bw=20,experts=[4,6]; c13:bw=33,experts=[1,4,6]; c18:bw=14,experts=[4]; c21:bw=32,experts=[0,4,6]; c8:bw=42,experts=[1,4,5,6]","2.4508,1.6675,2.5211,1.8961,2.9849,2.6443,1.5419,2.4363,2.2306,1.7155,2.0208,2.7402,1.7573,1.6585,3.9804,1.8314,1.8588,2.1379,2.7699,2.7499,1.5053,1.5425,3.2860,2.1546,4.1142,1.7882,2.2153,2.2782,1.4905,1.6503"
43,2026-09-23 21:00:03,Ours,0.01,2.103548884385655,43.67,43.67,43,77.9769,1:17.98,70.2146,6.4143,1.3448,3198.1493,53:18.15,30,"29,8,12,9,15,28,18,13,20,14,21,0,7,4,27,3,22,11,26,16,23,17,6,1,5,10,25,24,19,2",29:28;8:45;12:10;9:32;15:14;28:27;18:24;13:16;20:48;14:66;21:34;0:21;7:21;4:34;27:61;3:65;22:41;11:55;26:59;16:21;23:34;17:47;6:12;1:58;5:53;10:37;25:44;24:54;19:54;2:51,"29:[4,6];8:[0,4,5,6];12:[4];9:[4,5,6];15:[4];28:[4,6];18:[0,4];13:[4];20:[0,1,4,6];14:[0,1,2,4,5,6];21:[4,5,6];0:[4,6];7:[4,6];4:[1,4,6];27:[0,1,2,4,5,6];3:[0,1,2,4,5,6];22:[1,4,5,6];11:[0,1,4,5,6];26:[0,1,4,5,6];16:[4,6];23:[3,4,6];17:[1,4,5,6];6:[4];1:[0,1,2,4,6];5:[0,1,4,5,6];10:[4,5,6];25:[2,4,5,6];24:[0,1,4,5,6];19:[0,1,4,5,6];2:[0,1,4,5,6]","c29:bw=28,experts=[4,6]; c8:bw=45,experts=[0,4,5,6]; c12:bw=10,experts=[4]; c9:bw=32,experts=[4,5,6]; c15:bw=14,experts=[4]; c28:bw=27,experts=[4,6]; c18:bw=24,experts=[0,4]; c13:bw=16,experts=[4]; c20:bw=48,experts=[0,1,4,6]; c14:bw=66,experts=[0,1,2,4,5,6]; c21:bw=34,experts=[4,5,6]; c0:bw=21,experts=[4,6]; c7:bw=21,experts=[4,6]; c4:bw=34,experts=[1,4,6]; c27:bw=61,experts=[0,1,2,4,5,6]; c3:bw=65,experts=[0,1,2,4,5,6]; c22:bw=41,experts=[1,4,5,6]; c11:bw=55,experts=[0,1,4,5,6]; c26:bw=59,experts=[0,1,4,5,6]; c16:bw=21,experts=[4,6]; c23:bw=34,experts=[3,4,6]; c17:bw=47,experts=[1,4,5,6]; c6:bw=12,experts=[4]; c1:bw=58,experts=[0,1,2,4,6]; c5:bw=53,experts=[0,1,4,5,6]; c10:bw=37,experts=[4,5,6]; c25:bw=44,experts=[2,4,5,6]; c24:bw=54,experts=[0,1,4,5,6]; c19:bw=54,experts=[0,1,4,5,6]; c2:bw=51,experts=[0,1,4,5,6]","4.1482,1.6597,2.4434,1.9470,1.6781,2.1733,2.4036,2.2615,2.7788,1.9510,1.5036,1.5739,1.8602,2.8047,2.5822,2.2502,2.3617,3.1957,1.5428,2.4849,1.8587,2.6724,1.6131,1.5376,4.8788,3.6276,2.7368,1.7223,2.1817,1.7811"
44,2026-09-23 21:01:19,Ours,0.01,2.1053005825026414,43.84,43.84,44,76.0899,1:16.09,68.1282,6.6301,1.3285,3274.2651,54:34.27,30,"3,19,8,4,20,24,9,10,13,5,11,14,17,23,1,2,26,15,22,25,28,18,12,0,6,16,7,27,29,21",3:47;19:10;8:34;4:29;20:56;24:31;9:37;10:56;13:28;5:24;11:16;14:65;17:12;23:36;1:45;2:37;26:45;15:50;22:23;25:36;28:36;18:54;12:40;0:66;6:20;16:76;7:75;27:31;29:68;21:58,"3:[1,4,5,6];19:[4];8:[2,4,6];4:[2,7];20:[1,4,5,6,7];24:[1,4,6];9:[4,5,6];10:[0,1,4,5,6];13:[4,6];5:[4,7];11:[4];14:[0,1,2,4,5,6];17:[4];23:[1,4,6];1:[0,1,4,6];2:[4,5,6];26:[1,4,5,6];15:[0,2,4,5,6];22:[4,7];25:[1,4,6];28:[1,4,6];18:[0,1,4,5,6];12:[3,4,5,6];0:[0,1,2,4,5,6];6:[4,6];16:[0,1,2,4,5,6,7];7:[0,1,2,4,5,6,7];27:[1,4,6];29:[0,1,2,4,5,6];21:[0,1,4,5,6]","c3:bw=47,experts=[1,4,5,6]; c19:bw=10,experts=[4]; c8:bw=34,experts=[2,4,6]; c4:bw=29,experts=[2,7]; c20:bw=56,experts=[1,4,5,6,7]; c24:bw=31,experts=[1,4,6]; c9:bw=37,experts=[4,5,6]; c10:bw=56,experts=[0,1,4,5,6]; c13:bw=28,experts=[4,6]; c5:bw=24,experts=[4,7]; c11:bw=16,experts=[4]; c14:bw=65,experts=[0,1,2,4,5,6]; c17:bw=12,experts=[4]; c23:bw=36,experts=[1,4,6]; c1:bw=45,experts=[0,1,4,6]; c2:bw=37,experts=[4,5,6]; c26:bw=45,experts=[1,4,5,6]; c15:bw=50,experts=[0,2,4,5,6]; c22:bw=23,experts=[4,7]; c25:bw=36,experts=[1,4,6]; c28:bw=36,experts=[1,4,6]; c18:bw=54,experts=[0,1,4,5,6]; c12:bw=40,experts=[3,4,5,6]; c0:bw=66,experts=[0,1,2,4,5,6]; c6:bw=20,experts=[4,6]; c16:bw=76,experts=[0,1,2,4,5,6,7]; c7:bw=75,experts=[0,1,2,4,5,6,7]; c27:bw=31,experts=[1,4,6]; c29:bw=68,experts=[0,1,2,4,5,6]; c21:bw=58,experts=[0,1,4,5,6]","2.1345,2.0436,1.6538,2.7713,2.7729,1.7725,1.9198,3.3549,2.2328,3.9910,2.9635,1.8701,2.6479,1.8400,1.5397,1.7744,1.5159,1.6866,2.2244,2.7522,2.1785,2.3357,2.4421,1.5747,1.6184,2.4722,1.8202,2.5412,4.1810,1.5025"
45,2026-09-23 21:02:35,Ours,0.01,2.106298760945663,44.89,44.89,45,75.9949,1:15.99,68.1013,6.5735,1.317,3350.2854,55:50.29,30,"3,21,24,15,29,4,11,16,5,12,10,14,19,26,23,8,20,7,27,17,0,1,13,18,25,9,2,6,22,28",3:67;21:58;24:13;15:33;29:50;4:64;11:53;16:54;5:44;12:61;10:42;14:41;19:67;26:22;23:42;8:55;20:52;7:36;27:10;17:10;0:36;1:56;13:53;18:16;25:32;9:25;2:49;6:10;22:37;28:21,"3:[0,1,2,4,5,6];21:[0,4,5,6,7];24:[2];15:[1,4,7];29:[0,1,4,5,6];4:[0,1,2,4,5,6];11:[0,1,4,5,6];16:[0,1,4,5,6];5:[1,4,5,6];12:[0,1,2,4,5,6];10:[1,4,5,6];14:[3,4,5,6];19:[0,1,2,4,5,6];26:[4,6];23:[1,4,5,6];8:[0,1,4,5,6];20:[0,1,4,5,6];7:[1,4,6];27:[4];17:[4];0:[4,5,6];1:[0,1,4,5,6];13:[0,1,4,5,6];18:[4];25:[4,5,6];9:[4,6];2:[1,4,5,6];6:[1];22:[2,4,6];28:[4,6]","c3:bw=67,experts=[0,1,2,4,5,6]; c21:bw=58,experts=[0,4,5,6,7]; c24:bw=13,experts=[2]; c15:bw=33,experts=[1,4,7]; c29:bw=50,experts=[0,1,4,5,6]; c4:bw=64,experts=[0,1,2,4,5,6]; c11:bw=53,experts=[0,1,4,5,6]; c16:bw=54,experts=[0,1,4,5,6]; c5:bw=44,experts=[1,4,5,6]; c12:bw=61,experts=[0,1,2,4,5,6]; c10:bw=42,experts=[1,4,5,6]; c14:bw=41,experts=[3,4,5,6]; c19:bw=67,experts=[0,1,2,4,5,6]; c26:bw=22,experts=[4,6]; c23:bw=42,experts=[1,4,5,6]; c8:bw=55,experts=[0,1,4,5,6]; c20:bw=52,experts=[0,1,4,5,6]; c7:bw=36,experts=[1,4,6]; c27:bw=10,experts=[4]; c17:bw=10,experts=[4]; c0:bw=36,experts=[4,5,6]; c1:bw=56,experts=[0,1,4,5,6]; c13:bw=53,experts=[0,1,4,5,6]; c18:bw=16,experts=[4]; c25:bw=32,experts=[4,5,6]; c9:bw=25,experts=[4,6]; c2:bw=49,experts=[1,4,5,6]; c6:bw=10,experts=[1]; c22:bw=37,experts=[2,4,6]; c28:bw=21,experts=[4,6]","2.1408,1.5056,1.7173,1.6557,4.2236,2.7880,3.0276,2.4851,4.0248,2.4576,3.3265,1.8652,2.0422,1.5024,1.8520,1.6761,2.7442,1.8182,2.5172,2.6444,1.5591,1.5413,2.2410,2.3337,2.7572,1.8706,1.7711,1.6151,2.2325,2.1654"
46,2026-09-23 21:03:51,Ours,0.01,2.084939289891335,45.41,45.41,46,75.9031,1:15.90,68.2521,6.3324,1.3155,3426.2137,57:06.21,30,"21,5,16,11,19,8,17,28,26,18,12,0,29,9,6,27,20,22,4,3,15,10,24,25,13,23,2,1,7,14",21:32;5:41;16:28;11:38;19:10;8:39;17:15;28:11;26:48;18:44;12:53;0:55;29:10;9:37;6:39;27:22;20:50;22:31;4:64;3:27;15:14;10:59;24:30;25:20;13:50;23:37;2:57;1:41;7:28;14:39,"21:[4,5,6];5:[1,4,5,6];16:[4,6];11:[1,4,6];19:[4];8:[0,4,6];17:[4];28:[7];26:[1,4,5,6];18:[0,4,5,6];12:[0,1,4,5,6];0:[0,1,4,5,6];29:[4];9:[0,4,6];6:[2,4,6];27:[4,6];20:[0,1,4,5,6];22:[1,4,6];4:[0,1,2,4,5,6];3:[4,6];15:[4];10:[1,2,4,6,7];24:[4,5,6];25:[4,6];13:[0,1,2,4,6];23:[1,4,6];2:[0,1,4,5,6];1:[1,4,5,6];7:[4,6];14:[1,4,6]","c21:bw=32,experts=[4,5,6]; c5:bw=41,experts=[1,4,5,6]; c16:bw=28,experts=[4,6]; c11:bw=38,experts=[1,4,6]; c19:bw=10,experts=[4]; c8:bw=39,experts=[0,4,6]; c17:bw=15,experts=[4]; c28:bw=11,experts=[7]; c26:bw=48,experts=[1,4,5,6]; c18:bw=44,experts=[0,4,5,6]; c12:bw=53,experts=[0,1,4,5,6]; c0:bw=55,experts=[0,1,4,5,6]; c29:bw=10,experts=[4]; c9:bw=37,experts=[0,4,6]; c6:bw=39,experts=[2,4,6]; c27:bw=22,experts=[4,6]; c20:bw=50,experts=[0,1,4,5,6]; c22:bw=31,experts=[1,4,6]; c4:bw=64,experts=[0,1,2,4,5,6]; c3:bw=27,experts=[4,6]; c15:bw=14,experts=[4]; c10:bw=59,experts=[1,2,4,6,7]; c24:bw=30,experts=[4,5,6]; c25:bw=20,experts=[4,6]; c13:bw=50,experts=[0,1,2,4,6]; c23:bw=37,experts=[1,4,6]; c2:bw=57,experts=[0,1,4,5,6]; c1:bw=41,experts=[1,4,5,6]; c7:bw=28,experts=[4,6]; c14:bw=39,experts=[1,4,6]","1.5238,4.0487,2.4632,3.0344,2.0253,1.6676,2.6925,2.2067,1.5308,2.3538,2.4460,1.5779,4.1532,1.9855,1.6341,2.5283,2.7628,2.1976,2.7672,2.1116,1.6509,3.3159,1.7460,2.7656,2.2358,1.8399,1.7578,1.5471,1.8341,1.8477"
47,2026-09-23 21:05:07,Ours,0.01,2.101967322706465,45.45,45.45,47,75.8242,1:15.82,68.0983,6.3937,1.329,3502.0636,58:22.06,30,"16,13,28,6,12,25,15,29,7,17,24,3,22,21,18,23,8,5,20,27,26,11,2,1,9,10,19,4,14,0",16:68;13:33;28:34;6:22;12:15;25:23;15:42;29:11;7:53;17:20;24:40;3:70;22:63;21:45;18:10;23:10;8:39;5:52;20:53;27:48;26:10;11:39;2:54;1:30;9:17;10:51;19:28;4:10;14:24;0:46,"16:[0,1,2,4,5,6];13:[1,4,6];28:[1,4,6];6:[0,4];12:[4];25:[0,4];15:[0,1,4,6];29:[4];7:[0,1,4,5,6];17:[2,7];24:[1,4,6,7];3:[0,1,2,4,5,6,7];22:[0,1,2,4,5,6];21:[0,4,5,6];18:[4];23:[7];8:[4,5,6];5:[0,1,3,4,6];20:[0,2,4,5,6];27:[0,4,5,6];26:[2];11:[2,4,6];2:[1,2,4,5,6];1:[4,5,6];9:[4];10:[0,1,4,5,6];19:[4,6];4:[4];14:[4,6];0:[0,4,5,6]","c16:bw=68,experts=[0,1,2,4,5,6]; c13:bw=33,experts=[1,4,6]; c28:bw=34,experts=[1,4,6]; c6:bw=22,experts=[0,4]; c12:bw=15,experts=[4]; c25:bw=23,experts=[0,4]; c15:bw=42,experts=[0,1,4,6]; c29:bw=11,experts=[4]; c7:bw=53,experts=[0,1,4,5,6]; c17:bw=20,experts=[2,7]; c24:bw=40,experts=[1,4,6,7]; c3:bw=70,experts=[0,1,2,4,5,6,7]; c22:bw=63,experts=[0,1,2,4,5,6]; c21:bw=45,experts=[0,4,5,6]; c18:bw=10,experts=[4]; c23:bw=10,experts=[7]; c8:bw=39,experts=[4,5,6]; c5:bw=52,experts=[0,1,3,4,6]; c20:bw=53,experts=[0,2,4,5,6]; c27:bw=48,experts=[0,4,5,6]; c26:bw=10,experts=[2]; c11:bw=39,experts=[2,4,6]; c2:bw=54,experts=[1,2,4,5,6]; c1:bw=30,experts=[4,5,6]; c9:bw=17,experts=[4]; c10:bw=51,experts=[0,1,4,5,6]; c19:bw=28,experts=[4,6]; c4:bw=10,experts=[4]; c14:bw=24,experts=[4,6]; c0:bw=46,experts=[0,4,5,6]","2.4951,2.2600,2.2008,1.6085,2.4247,2.7800,1.6744,4.1449,1.8316,2.6623,1.7043,2.1518,2.2486,1.4934,2.3223,1.8682,1.6705,4.0036,2.7538,2.5151,1.5248,2.9784,1.7808,1.5374,1.8963,3.3472,2.0284,2.7532,1.8623,1.5757"
48,2026-09-23 21:06:23,Ours,0.01,2.1176076202088288,46.49,46.49,48,76.0462,1:16.05,68.0998,6.6124,1.3308,3578.1357,59:38.14,30,"27,2,19,0,26,23,14,11,5,4,20,22,28,21,15,9,3,25,10,24,6,12,1,7,8,13,29,18,17,16",27:61;2:57;19:45;0:16;26:34;23:49;14:10;11:32;5:55;4:67;20:53;22:35;28:10;21:44;15:64;9:52;3:18;25:17;10:12;24:59;6:45;12:31;1:50;7:62;8:50;13:50;29:49;18:62;17:38;16:10,"27:[1,3,4,5,6,7];2:[1,3,4,6,7];19:[3,4,6,7];0:[3];26:[3,4,6];23:[1,4,5,6];14:[7];11:[3,4,6];5:[0,1,4,5,6];4:[0,1,3,4,5,6];20:[0,3,4,5,6];22:[3,4,6];28:[3];21:[3,4,5,6];15:[0,1,3,4,5,6];9:[3,4,5,6,7];3:[3];25:[3];10:[3];24:[1,3,4,5,6];6:[3,4,6,7];12:[4,5,6];1:[0,1,3,4,6];7:[0,1,3,4,5,6];8:[1,3,4,5,6];13:[3,4,5,6,7];29:[3,4,6,7];18:[0,1,2,3,4,6];17:[3,4,6];16:[3]","c27:bw=61,experts=[1,3,4,5,6,7]; c2:bw=57,experts=[1,3,4,6,7]; c19:bw=45,experts=[3,4,6,7]; c0:bw=16,experts=[3]; c26:bw=34,experts=[3,4,6]; c23:bw=49,experts=[1,4,5,6]; c14:bw=10,experts=[7]; c11:bw=32,experts=[3,4,6]; c5:bw=55,experts=[0,1,4,5,6]; c4:bw=67,experts=[0,1,3,4,5,6]; c20:bw=53,experts=[0,3,4,5,6]; c22:bw=35,experts=[3,4,6]; c28:bw=10,experts=[3]; c21:bw=44,experts=[3,4,5,6]; c15:bw=64,experts=[0,1,3,4,5,6]; c9:bw=52,experts=[3,4,5,6,7]; c3:bw=18,experts=[3]; c25:bw=17,experts=[3]; c10:bw=12,experts=[3]; c24:bw=59,experts=[1,3,4,5,6]; c6:bw=45,experts=[3,4,6,7]; c12:bw=31,experts=[4,5,6]; c1:bw=50,experts=[0,1,3,4,6]; c7:bw=62,experts=[0,1,3,4,5,6]; c8:bw=50,experts=[1,3,4,5,6]; c13:bw=50,experts=[3,4,5,6,7]; c29:bw=49,experts=[3,4,6,7]; c18:bw=62,experts=[0,1,2,3,4,6]; c17:bw=38,experts=[3,4,6]; c16:bw=10,experts=[3]","2.5454,1.7898,2.0397,1.5634,1.5117,1.8445,1.8269,2.9913,4.0167,2.7801,2.7579,2.2512,2.1878,1.5170,1.6941,1.9076,2.1060,2.7609,3.2666,1.7328,1.6166,2.4178,1.5372,1.8274,1.6966,2.2691,4.1906,2.3507,2.6574,2.4447"
49,2026-09-23 21:07:39,Ours,0.01,2.0693982614878896,46.15,46.49,48,75.8488,1:15.85,68.271,6.2579,1.3168,3654.01,1:00:54.01,30,"2,10,14,18,15,17,19,3,13,29,0,21,6,28,8,12,27,1,7,26,23,9,20,22,11,25,5,24,4,16",2:58;10:64;14:58;18:32;15:42;17:30;19:10;3:32;13:39;29:16;0:20;21:10;6:13;28:48;8:26;12:37;27:41;1:54;7:44;26:17;23:10;9:53;20:16;22:29;11:38;25:58;5:56;24:21;4:48;16:30,"2:[0,1,4,5,6];10:[0,1,2,4,5,6];14:[0,1,4,5,6];18:[4,6,7];15:[0,1,4,6];17:[4,5,6];19:[4];3:[0,4,6];13:[4,5,6];29:[4];0:[4,7];21:[2];6:[4];28:[0,4,5,6];8:[4,7];12:[4,6,7];27:[0,4,5,6];1:[0,1,4,6,7];7:[1,4,5,6];26:[7];23:[2];9:[0,1,4,5,6];20:[4];22:[4,6];11:[4,6,7];25:[1,4,5,6,7];5:[1,2,4,5,6];24:[4,6];4:[1,4,5,6];16:[4,5,6]","c2:bw=58,experts=[0,1,4,5,6]; c10:bw=64,experts=[0,1,2,4,5,6]; c14:bw=58,experts=[0,1,4,5,6]; c18:bw=32,experts=[4,6,7]; c15:bw=42,experts=[0,1,4,6]; c17:bw=30,experts=[4,5,6]; c19:bw=10,experts=[4]; c3:bw=32,experts=[0,4,6]; c13:bw=39,experts=[4,5,6]; c29:bw=16,experts=[4]; c0:bw=20,experts=[4,7]; c21:bw=10,experts=[2]; c6:bw=13,experts=[4]; c28:bw=48,experts=[0,4,5,6]; c8:bw=26,experts=[4,7]; c12:bw=37,experts=[4,6,7]; c27:bw=41,experts=[0,4,5,6]; c1:bw=54,experts=[0,1,4,6,7]; c7:bw=44,experts=[1,4,5,6]; c26:bw=17,experts=[7]; c23:bw=10,experts=[2]; c9:bw=53,experts=[0,1,4,5,6]; c20:bw=16,experts=[4]; c22:bw=29,experts=[4,6]; c11:bw=38,experts=[4,6,7]; c25:bw=58,experts=[1,4,5,6,7]; c5:bw=56,experts=[1,2,4,5,6]; c24:bw=21,experts=[4,6]; c4:bw=48,experts=[1,4,5,6]; c16:bw=30,experts=[4,5,6]","1.7937,3.3691,1.8839,2.3597,1.6617,2.6977,2.0424,2.1448,2.2538,4.1669,1.5511,1.4831,1.6296,2.1806,1.6542,2.4503,2.5469,1.5409,1.8484,1.5237,1.8628,1.9309,2.7484,2.2357,2.9652,2.7897,4.0317,1.7108,2.7710,2.4422"
50,2026-09-23 21:08:55,Ours,0.01,2.018665516448167,46.6,46.6,50,75.8531,1:15.85,68.1691,6.3893,1.2915,3729.8903,1:02:09.89,30,"8,13,9,19,21,24,14,29,12,4,11,15,17,25,1,5,2,22,6,16,26,23,7,10,27,28,3,20,18,0",8:32;13:37;9:27;19:43;21:17;24:43;14:23;29:62;12:34;4:10;11:57;15:31;17:33;25:32;1:64;5:31;2:63;22:16;6:68;16:27;26:56;23:41;7:34;10:23;27:57;28:35;3:39;20:46;18:44;0:29,"8:[4,5,6];13:[4,5,6];9:[2,4];19:[0,1,4,6];21:[4];24:[0,4,5,6];14:[4,6];29:[0,1,2,4,5,6];12:[0,4,6];4:[4];11:[0,1,4,5,6];15:[4,5,6];17:[0,4,6];25:[4,5,6];1:[0,1,2,4,5,6];5:[1,4,6];2:[0,1,2,4,5,6];22:[4];6:[0,1,2,4,5,6];16:[4,6];26:[0,1,4,5,6];23:[0,1,4,6];7:[1,4,6];10:[4,6];27:[0,1,4,5,6];28:[2,4,6];3:[4,5,6];20:[1,4,5,6];18:[0,4,5,6];0:[4,6]","c8:bw=32,experts=[4,5,6]; c13:bw=37,experts=[4,5,6]; c9:bw=27,experts=[2,4]; c19:bw=43,experts=[0,1,4,6]; c21:bw=17,experts=[4]; c24:bw=43,experts=[0,4,5,6]; c14:bw=23,experts=[4,6]; c29:bw=62,experts=[0,1,2,4,5,6]; c12:bw=34,experts=[0,4,6]; c4:bw=10,experts=[4]; c11:bw=57,experts=[0,1,4,5,6]; c15:bw=31,experts=[4,5,6]; c17:bw=33,experts=[0,4,6]; c25:bw=32,experts=[4,5,6]; c1:bw=64,experts=[0,1,2,4,5,6]; c5:bw=31,experts=[1,4,6]; c2:bw=63,experts=[0,1,2,4,5,6]; c22:bw=16,experts=[4]; c6:bw=68,experts=[0,1,2,4,5,6]; c16:bw=27,experts=[4,6]; c26:bw=56,experts=[0,1,4,5,6]; c23:bw=41,experts=[0,1,4,6]; c7:bw=34,experts=[1,4,6]; c10:bw=23,experts=[4,6]; c27:bw=57,experts=[0,1,4,5,6]; c28:bw=35,experts=[2,4,6]; c3:bw=39,experts=[4,5,6]; c20:bw=46,experts=[1,4,5,6]; c18:bw=44,experts=[0,4,5,6]; c0:bw=29,experts=[4,6]","1.6335,2.2443,1.8958,2.0245,1.4993,1.7484,1.8713,4.1919,2.4516,2.7570,2.9963,1.6617,2.6495,2.7718,1.5461,3.9852,1.7787,2.2187,1.6259,2.4420,1.5365,1.8826,1.8498,3.3424,2.6039,2.1796,2.1297,2.7671,2.3329,1.5508"
51,2026-09-23 21:10:11,Ours,0.01,2.017096790573647,47.12,47.12,51,75.9557,1:15.96,68.2297,6.3984,1.3244,3805.8731,1:03:25.87,30,"17,11,14,5,3,4,22,13,2,6,15,9,18,25,27,19,0,28,7,21,23,20,24,8,1,29,12,26,16,10",17:43;11:60;14:30;5:47;3:55;4:11;22:22;13:40;2:20;6:52;15:57;9:18;18:37;25:53;27:10;19:10;0:53;28:51;7:27;21:14;23:38;20:30;24:54;8:46;1:21;29:44;12:43;26:31;16:30;10:37,"17:[1,4,5,6];11:[0,1,2,4,5,6];14:[1,4,6];5:[1,4,5,6];3:[0,1,4,5,6];4:[4];22:[4,6];13:[0,4,5,6];2:[4,6];6:[0,1,4,5,6];15:[0,1,4,5,6];9:[4];18:[0,4,6];25:[0,2,4,5,6];27:[2];19:[4];0:[0,1,4,5,6];28:[0,1,4,5,6];7:[4,6];21:[4];23:[3,4,6];20:[4,5,6];24:[0,1,4,5,6];8:[0,4,5,6];1:[4,6];29:[0,1,4,6];12:[0,4,5,6];26:[0,4,6];16:[0,4,6];10:[1,4,6]","c17:bw=43,experts=[1,4,5,6]; c11:bw=60,experts=[0,1,2,4,5,6]; c14:bw=30,experts=[1,4,6]; c5:bw=47,experts=[1,4,5,6]; c3:bw=55,experts=[0,1,4,5,6]; c4:bw=11,experts=[4]; c22:bw=22,experts=[4,6]; c13:bw=40,experts=[0,4,5,6]; c2:bw=20,experts=[4,6]; c6:bw=52,experts=[0,1,4,5,6]; c15:bw=57,experts=[0,1,4,5,6]; c9:bw=18,experts=[4]; c18:bw=37,experts=[0,4,6]; c25:bw=53,experts=[0,2,4,5,6]; c27:bw=10,experts=[2]; c19:bw=10,experts=[4]; c0:bw=53,experts=[0,1,4,5,6]; c28:bw=51,experts=[0,1,4,5,6]; c7:bw=27,experts=[4,6]; c21:bw=14,experts=[4]; c23:bw=38,experts=[3,4,6]; c20:bw=30,experts=[4,5,6]; c24:bw=54,experts=[0,1,4,5,6]; c8:bw=46,experts=[0,4,5,6]; c1:bw=21,experts=[4,6]; c29:bw=44,experts=[0,1,4,6]; c12:bw=43,experts=[0,4,5,6]; c26:bw=31,experts=[0,4,6]; c16:bw=30,experts=[0,4,6]; c10:bw=37,experts=[1,4,6]","2.7024,3.0081,1.8667,4.0474,2.1664,2.7860,2.2408,2.2442,1.7834,1.6341,1.6690,1.9094,2.3385,2.7674,2.5167,2.0194,1.5827,2.1950,1.8312,1.4676,1.8736,2.7496,1.7391,1.6398,1.5479,4.1603,2.4457,1.5198,2.4660,3.3115"
52,2026-09-23 21:11:26,Ours,0.01,2.0299197316585933,47.0,47.12,51,75.8524,1:15.85,68.1454,6.3963,1.3075,3881.753,1:04:41.75,30,"21,12,26,2,3,8,28,13,20,10,29,17,6,0,25,19,7,15,24,14,22,9,23,16,27,4,18,11,1,5",21:45;12:10;26:52;2:29;3:43;8:18;28:35;13:23;20:10;10:31;29:43;17:19;6:51;0:46;25:62;19:46;7:34;15:31;24:35;14:42;22:21;9:31;23:10;16:59;27:40;4:33;18:49;11:60;1:40;5:24,"21:[1,4,5,6];12:[3];26:[0,1,4,5,6];2:[4,6];3:[0,4,5,6];8:[2];28:[1,4,6];13:[4,6];20:[7];10:[1,4,6];29:[0,1,4,6];17:[4];6:[0,4,5,6,7];0:[2,4,5,6];25:[0,1,2,4,5,6];19:[1,4,5,6];7:[2,4,7];15:[2,4,6];24:[1,4,6];14:[2,4,5,6];22:[4,7];9:[0,4,6];23:[4];16:[0,1,4,6,7];27:[0,4,5,6];4:[4,6,7];18:[0,1,4,6];11:[0,1,2,4,5,6];1:[1,4,5,6];5:[4,7]","c21:bw=45,experts=[1,4,5,6]; c12:bw=10,experts=[3]; c26:bw=52,experts=[0,1,4,5,6]; c2:bw=29,experts=[4,6]; c3:bw=43,experts=[0,4,5,6]; c8:bw=18,experts=[2]; c28:bw=35,experts=[1,4,6]; c13:bw=23,experts=[4,6]; c20:bw=10,experts=[7]; c10:bw=31,experts=[1,4,6]; c29:bw=43,experts=[0,1,4,6]; c17:bw=19,experts=[4]; c6:bw=51,experts=[0,4,5,6,7]; c0:bw=46,experts=[2,4,5,6]; c25:bw=62,experts=[0,1,2,4,5,6]; c19:bw=46,experts=[1,4,5,6]; c7:bw=34,experts=[2,4,7]; c15:bw=31,experts=[2,4,6]; c24:bw=35,experts=[1,4,6]; c14:bw=42,experts=[2,4,5,6]; c22:bw=21,experts=[4,7]; c9:bw=31,experts=[0,4,6]; c23:bw=10,experts=[4]; c16:bw=59,experts=[0,1,4,6,7]; c27:bw=40,experts=[0,4,5,6]; c4:bw=33,experts=[4,6,7]; c18:bw=49,experts=[0,1,4,6]; c11:bw=60,experts=[0,1,2,4,5,6]; c1:bw=40,experts=[1,4,5,6]; c5:bw=24,experts=[4,7]","1.4974,2.4367,1.5365,1.8016,2.1576,1.6523,2.1912,2.2459,2.7420,3.3476,4.1886,2.6359,1.6270,1.5875,2.7757,2.0315,1.8236,1.6740,1.7275,1.8495,2.2282,1.8972,1.8391,2.4645,2.5310,2.7539,2.3448,3.0011,1.5472,4.0090"
53,2026-09-23 21:12:43,Ours,0.01,1.9986571448451687,48.03,48.03,53,76.1376,1:16.14,68.3845,6.4234,1.3265,3957.9182,1:05:57.92,30,"27,4,0,5,22,18,28,24,11,3,19,17,10,1,7,2,29,21,26,13,23,20,16,6,15,9,14,25,12,8",27:58;4:28;0:39;5:44;22:10;18:17;28:66;24:37;11:11;3:47;19:10;17:28;10:52;1:59;7:44;2:51;29:46;21:37;26:39;13:10;23:10;20:62;16:44;6:36;15:27;9:61;14:34;25:44;12:45;8:22,"27:[0,1,4,5,6];4:[4,6];0:[4,5,6];5:[1,4,5,6];22:[4];18:[4];28:[0,1,2,4,5,6];24:[2,4,6];11:[4];3:[0,4,5,6];19:[2];17:[4,6];10:[0,1,4,5,6];1:[0,1,4,5,6];7:[1,4,5,6];2:[0,1,2,4,6];29:[1,4,5,6];21:[4,6,7];26:[4,5,6];13:[4];23:[4];20:[0,1,2,4,5,6];16:[0,1,4,6];6:[1,4,6];15:[4,7];9:[0,1,2,4,5,6];14:[3,4,6];25:[1,4,5,6];12:[2,4,5,6];8:[4,6]","c27:bw=58,experts=[0,1,4,5,6]; c4:bw=28,experts=[4,6]; c0:bw=39,experts=[4,5,6]; c5:bw=44,experts=[1,4,5,6]; c22:bw=10,experts=[4]; c18:bw=17,experts=[4]; c28:bw=66,experts=[0,1,2,4,5,6]; c24:bw=37,experts=[2,4,6]; c11:bw=11,experts=[4]; c3:bw=47,experts=[0,4,5,6]; c19:bw=10,experts=[2]; c17:bw=28,experts=[4,6]; c10:bw=52,experts=[0,1,4,5,6]; c1:bw=59,experts=[0,1,4,5,6]; c7:bw=44,experts=[1,4,5,6]; c2:bw=51,experts=[0,1,2,4,6]; c29:bw=46,experts=[1,4,5,6]; c21:bw=37,experts=[4,6,7]; c26:bw=39,experts=[4,5,6]; c13:bw=10,experts=[4]; c23:bw=10,experts=[4]; c20:bw=62,experts=[0,1,2,4,5,6]; c16:bw=44,experts=[0,1,4,6]; c6:bw=36,experts=[1,4,6]; c15:bw=27,experts=[4,7]; c9:bw=61,experts=[0,1,2,4,5,6]; c14:bw=34,experts=[3,4,6]; c25:bw=44,experts=[1,4,5,6]; c12:bw=45,experts=[2,4,5,6]; c8:bw=22,experts=[4,6]","2.5715,2.7985,1.5911,4.0461,2.2357,2.3533,2.2023,1.7422,2.9897,2.1639,2.0210,2.6877,3.3436,1.5453,1.8354,1.7773,4.1855,1.5142,1.5228,2.2329,1.8570,2.7995,2.4707,1.6156,1.6533,1.9218,1.8555,2.7690,2.4271,1.6547"
54,2026-09-23 21:13:59,Ours,0.01,1.9916834090660558,48.54,48.54,54,76.3932,1:16.39,68.4125,6.6466,1.3309,4034.3386,1:07:14.34,30,"17,22,21,29,18,13,24,19,20,9,0,25,15,8,5,26,3,16,14,6,27,7,10,4,28,1,12,11,2,23",17:27;22:16;21:71;29:44;18:33;13:55;24:80;19:21;20:52;9:50;0:37;25:57;15:32;8:55;5:10;26:37;3:30;16:10;14:33;6:54;27:46;7:61;10:10;4:32;28:48;1:53;12:74;11:58;2:10;23:40,"17:[4,6];22:[4];21:[0,1,2,4,5,6,7];29:[0,4,5,6];18:[1,4,6];13:[0,2,4,5,6];24:[0,1,2,3,4,5,6,7];19:[4,6];20:[0,1,4,5,6];9:[0,1,4,5,6];0:[1,4,6];25:[0,1,4,5,6];15:[4,5,6];8:[0,1,4,5,6];5:[4];26:[4,5,6];3:[0,4,6];16:[4];14:[1,4,6];6:[0,1,4,5,6];27:[0,4,5,6];7:[0,1,2,4,5,6];10:[7];4:[2,4,6];28:[1,4,6,7];1:[0,1,4,5,6];12:[0,1,2,4,5,6,7];11:[0,1,4,5,6];2:[4];23:[1,4,5,6]","c17:bw=27,experts=[4,6]; c22:bw=16,experts=[4]; c21:bw=71,experts=[0,1,2,4,5,6,7]; c29:bw=44,experts=[0,4,5,6]; c18:bw=33,experts=[1,4,6]; c13:bw=55,experts=[0,2,4,5,6]; c24:bw=80,experts=[0,1,2,3,4,5,6,7]; c19:bw=21,experts=[4,6]; c20:bw=52,experts=[0,1,4,5,6]; c9:bw=50,experts=[0,1,4,5,6]; c0:bw=37,experts=[1,4,6]; c25:bw=57,experts=[0,1,4,5,6]; c15:bw=32,experts=[4,5,6]; c8:bw=55,experts=[0,1,4,5,6]; c5:bw=10,experts=[4]; c26:bw=37,experts=[4,5,6]; c3:bw=30,experts=[0,4,6]; c16:bw=10,experts=[4]; c14:bw=33,experts=[1,4,6]; c6:bw=54,experts=[0,1,4,5,6]; c27:bw=46,experts=[0,4,5,6]; c7:bw=61,experts=[0,1,2,4,5,6]; c10:bw=10,experts=[7]; c4:bw=32,experts=[2,4,6]; c28:bw=48,experts=[1,4,6,7]; c1:bw=53,experts=[0,1,4,5,6]; c12:bw=74,experts=[0,1,2,4,5,6,7]; c11:bw=58,experts=[0,1,4,5,6]; c2:bw=10,experts=[4]; c23:bw=40,experts=[1,4,5,6]","2.6910,2.2311,1.5046,4.1677,2.3565,2.2923,1.7643,2.0534,2.7889,1.9479,1.5582,2.7639,1.6721,1.6677,4.0100,1.5041,2.1368,2.4539,1.8697,1.6950,2.5520,1.8404,3.2991,2.7737,2.2070,1.5448,2.4551,2.9840,1.7670,1.8601"
55,2026-09-23 21:15:15,Ours,0.01,1.9997190599099008,48.27,48.54,54,76.3417,1:16.34,68.5209,6.5026,1.3149,4110.7308,1:08:30.73,30,"22,27,7,28,1,23,5,18,26,10,0,4,3,25,8,24,9,14,21,15,11,20,16,19,13,6,2,17,29,12",22:47;27:27;7:54;28:57;1:60;23:10;5:53;18:70;26:33;10:57;0:27;4:14;3:52;25:26;8:14;24:16;9:62;14:33;21:10;15:30;11:40;20:35;16:57;19:60;13:24;6:42;2:41;17:39;29:26;12:62,"22:[0,1,2,5];27:[4,6];7:[0,1,2,4,6];28:[0,1,4,5,6];1:[0,1,2,4,5,6];23:[7];5:[0,1,3,4,6];18:[0,1,2,4,5,6,7];26:[2,4,6];10:[0,1,2,4,6];0:[4,6];4:[4];3:[0,2,4,6,7];25:[4,6];8:[4];24:[4];9:[0,1,2,4,5,6];14:[4,5,6];21:[4];15:[0,4,6];11:[1,4,5,6];20:[4,5,6];16:[1,2,4,5,6];19:[0,1,2,4,5,6];13:[1,4];6:[0,4,5,6];2:[1,4,5,6];17:[2,4,7];29:[4,6];12:[0,1,2,4,5,6]","c22:bw=47,experts=[0,1,2,5]; c27:bw=27,experts=[4,6]; c7:bw=54,experts=[0,1,2,4,6]; c28:bw=57,experts=[0,1,4,5,6]; c1:bw=60,experts=[0,1,2,4,5,6]; c23:bw=10,experts=[7]; c5:bw=53,experts=[0,1,3,4,6]; c18:bw=70,experts=[0,1,2,4,5,6,7]; c26:bw=33,experts=[2,4,6]; c10:bw=57,experts=[0,1,2,4,6]; c0:bw=27,experts=[4,6]; c4:bw=14,experts=[4]; c3:bw=52,experts=[0,2,4,6,7]; c25:bw=26,experts=[4,6]; c8:bw=14,experts=[4]; c24:bw=16,experts=[4]; c9:bw=62,experts=[0,1,2,4,5,6]; c14:bw=33,experts=[4,5,6]; c21:bw=10,experts=[4]; c15:bw=30,experts=[0,4,6]; c11:bw=40,experts=[1,4,5,6]; c20:bw=35,experts=[4,5,6]; c16:bw=57,experts=[1,2,4,5,6]; c19:bw=60,experts=[0,1,2,4,5,6]; c13:bw=24,experts=[1,4]; c6:bw=42,experts=[0,4,5,6]; c2:bw=41,experts=[1,4,5,6]; c17:bw=39,experts=[2,4,7]; c29:bw=26,experts=[4,6]; c12:bw=62,experts=[0,1,2,4,5,6]","2.2337,2.5559,1.8557,2.2144,1.5634,1.8817,4.0989,2.3842,1.5238,3.3201,1.5817,2.8615,2.1585,2.7620,1.6695,1.7380,1.9266,1.8487,1.4875,1.6707,3.0062,2.7531,2.4662,2.0577,2.2283,1.6168,1.7763,2.6655,4.1483,2.4660"
56,2026-09-23 21:16:32,Ours,0.01,2.029138057930476,49.29,49.29,56,76.0477,1:16.05,68.3944,6.327,1.3231,4186.8078,1:09:46.81,30,"9,25,26,28,2,27,19,12,22,1,21,7,6,5,18,10,17,29,11,3,16,23,8,14,13,20,0,15,24,4",9:52;25:37;26:37;28:24;2:53;27:43;19:10;12:38;22:29;1:56;21:49;7:18;6:23;5:31;18:54;10:20;17:10;29:53;11:26;3:10;16:42;23:41;8:13;14:42;13:18;20:52;0:70;15:35;24:33;4:10,"9:[3,4,5,6,7];25:[3,4,6];26:[3,4,6];28:[3,4];2:[1,3,4,6,7];27:[3,4,6,7];19:[3];12:[1,4,6];22:[3,4];1:[1,3,4,5,6];21:[0,3,4,6];7:[3];6:[3,4];5:[1,4,6];18:[0,1,3,4,6];10:[3,4];17:[3];29:[1,3,4,6,7];11:[3,4];3:[3];16:[0,3,4,6];23:[1,4,5,6];8:[3];14:[1,4,6,7];13:[3];20:[1,3,4,5,6];0:[0,1,2,3,4,5,6];15:[3,4,6];24:[1,4,6];4:[0]","c9:bw=52,experts=[3,4,5,6,7]; c25:bw=37,experts=[3,4,6]; c26:bw=37,experts=[3,4,6]; c28:bw=24,experts=[3,4]; c2:bw=53,experts=[1,3,4,6,7]; c27:bw=43,experts=[3,4,6,7]; c19:bw=10,experts=[3]; c12:bw=38,experts=[1,4,6]; c22:bw=29,experts=[3,4]; c1:bw=56,experts=[1,3,4,5,6]; c21:bw=49,experts=[0,3,4,6]; c7:bw=18,experts=[3]; c6:bw=23,experts=[3,4]; c5:bw=31,experts=[1,4,6]; c18:bw=54,experts=[0,1,3,4,6]; c10:bw=20,experts=[3,4]; c17:bw=10,experts=[3]; c29:bw=53,experts=[1,3,4,6,7]; c11:bw=26,experts=[3,4]; c3:bw=10,experts=[3]; c16:bw=42,experts=[0,3,4,6]; c23:bw=41,experts=[1,4,5,6]; c8:bw=13,experts=[3]; c14:bw=42,experts=[1,4,6,7]; c13:bw=18,experts=[3]; c20:bw=52,experts=[1,3,4,5,6]; c0:bw=70,experts=[0,1,2,3,4,5,6]; c15:bw=35,experts=[3,4,6]; c24:bw=33,experts=[1,4,6]; c4:bw=10,experts=[0]","1.9392,2.8102,1.5253,2.1996,1.7969,2.5530,2.0312,2.4938,2.2535,1.5544,1.5027,1.8229,1.6234,4.0109,2.3507,3.3130,2.6654,4.1642,2.9806,2.1463,2.5041,1.8747,1.6697,1.8870,2.2369,2.7606,1.5898,1.6626,1.7425,2.7292"
57,2026-09-23 21:17:48,Ours,0.01,1.9482633776300633,49.35,49.35,57,76.3055,1:16.31,68.4362,6.5528,1.3133,4263.1451,1:11:03.15,30,"11,7,24,15,25,22,23,28,26,3,19,29,0,6,14,27,17,4,5,2,16,8,1,10,9,13,12,18,20,21",11:26;7:69;24:44;15:36;25:42;22:39;23:45;28:19;26:26;3:64;19:44;29:67;0:70;6:48;14:36;27:10;17:52;4:41;5:44;2:33;16:33;8:43;1:49;10:58;9:19;13:31;12:17;18:44;20:56;21:32,"11:[4,7];7:[0,1,2,4,5,6];24:[1,4,5,6];15:[0,4,6];25:[1,4,6,7];22:[1,4,6];23:[1,2,4,6];28:[4];26:[4,7];3:[0,1,2,4,5,6];19:[1,4,6,7];29:[0,1,2,4,5,6];0:[0,1,2,4,5,6,7];6:[1,4,5,6];14:[0,4,6];27:[4];17:[0,1,4,5,6];4:[1,3,4,5];5:[1,2,4,6];2:[1,4,6];16:[1,4,6];8:[4,5,6,7];1:[1,4,6,7];10:[0,1,4,5,6];9:[4];13:[4,6,7];12:[4];18:[1,4,5,6];20:[0,1,4,5,6];21:[1,4,6]","c11:bw=26,experts=[4,7]; c7:bw=69,experts=[0,1,2,4,5,6]; c24:bw=44,experts=[1,4,5,6]; c15:bw=36,experts=[0,4,6]; c25:bw=42,experts=[1,4,6,7]; c22:bw=39,experts=[1,4,6]; c23:bw=45,experts=[1,2,4,6]; c28:bw=19,experts=[4]; c26:bw=26,experts=[4,7]; c3:bw=64,experts=[0,1,2,4,5,6]; c19:bw=44,experts=[1,4,6,7]; c29:bw=67,experts=[0,1,2,4,5,6]; c0:bw=70,experts=[0,1,2,4,5,6,7]; c6:bw=48,experts=[1,4,5,6]; c14:bw=36,experts=[0,4,6]; c27:bw=10,experts=[4]; c17:bw=52,experts=[0,1,4,5,6]; c4:bw=41,experts=[1,3,4,5]; c5:bw=44,experts=[1,2,4,6]; c2:bw=33,experts=[1,4,6]; c16:bw=33,experts=[1,4,6]; c8:bw=43,experts=[4,5,6,7]; c1:bw=49,experts=[1,4,6,7]; c10:bw=58,experts=[0,1,4,5,6]; c9:bw=19,experts=[4]; c13:bw=31,experts=[4,6,7]; c12:bw=17,experts=[4]; c18:bw=44,experts=[1,4,5,6]; c20:bw=56,experts=[0,1,4,5,6]; c21:bw=32,experts=[1,4,6]","2.9975,1.8696,1.7463,1.6778,2.7955,2.2608,1.8608,2.1865,1.5228,2.1768,2.0173,4.2040,1.5709,1.6380,1.8692,2.5272,2.6920,2.8086,4.0267,1.7629,2.4393,1.6567,1.5544,3.3249,1.9113,2.2593,2.4380,2.3516,2.7958,1.4935"
58,2026-09-23 21:19:04,Ours,0.01,1.937231496680645,49.79,49.79,58,76.2381,1:16.24,68.4337,6.483,1.3182,4339.4157,1:12:19.42,30,"25,6,18,9,0,22,20,17,24,19,15,11,29,26,7,21,10,1,4,13,3,8,14,28,12,5,27,2,23,16",25:39;6:55;18:50;9:57;0:47;22:61;20:53;17:12;24:10;19:43;15:38;11:47;29:38;26:34;7:24;21:73;10:43;1:30;4:38;13:40;3:61;8:40;14:22;28:10;12:29;5:35;27:36;2:10;23:30;16:42,"25:[4,5,6];6:[1,2,4,5,6];18:[0,1,4,5,6];9:[0,1,4,5,6];0:[1,4,5,6];22:[0,1,2,4,5,6];20:[0,1,4,5,6];17:[4];24:[4];19:[0,1,4,6];15:[1,4,6];11:[1,4,5,6];29:[4,5,6];26:[4,5,6];7:[4,6];21:[0,1,2,4,5,6,7];10:[1,4,5,6];1:[4,5,6];4:[1,4,6];13:[1,4,5,6];3:[0,1,2,4,5,6];8:[1,4,5,6];14:[4,6];28:[4];12:[4,6];5:[1,4,6];27:[1,4,6];2:[4];23:[0,4,6];16:[0,1,4,6]","c25:bw=39,experts=[4,5,6]; c6:bw=55,experts=[1,2,4,5,6]; c18:bw=50,experts=[0,1,4,5,6]; c9:bw=57,experts=[0,1,4,5,6]; c0:bw=47,experts=[1,4,5,6]; c22:bw=61,experts=[0,1,2,4,5,6]; c20:bw=53,experts=[0,1,4,5,6]; c17:bw=12,experts=[4]; c24:bw=10,experts=[4]; c19:bw=43,experts=[0,1,4,6]; c15:bw=38,experts=[1,4,6]; c11:bw=47,experts=[1,4,5,6]; c29:bw=38,experts=[4,5,6]; c26:bw=34,experts=[4,5,6]; c7:bw=24,experts=[4,6]; c21:bw=73,experts=[0,1,2,4,5,6,7]; c10:bw=43,experts=[1,4,5,6]; c1:bw=30,experts=[4,5,6]; c4:bw=38,experts=[1,4,6]; c13:bw=40,experts=[1,4,5,6]; c3:bw=61,experts=[0,1,2,4,5,6]; c8:bw=40,experts=[1,4,5,6]; c14:bw=22,experts=[4,6]; c28:bw=10,experts=[4]; c12:bw=29,experts=[4,6]; c5:bw=35,experts=[1,4,6]; c27:bw=36,experts=[1,4,6]; c2:bw=10,experts=[4]; c23:bw=30,experts=[0,4,6]; c16:bw=42,experts=[0,1,4,6]","2.7806,1.6433,2.3853,1.9497,1.5851,2.2743,2.8177,2.6826,1.7326,2.0459,1.6608,3.0095,4.1917,1.5099,1.8216,1.5241,3.3301,1.5364,2.7767,2.2395,2.1369,1.6766,1.8422,2.1723,2.4394,4.0026,2.5313,1.7693,1.8807,2.4852"
59,2026-09-23 21:20:20,Ours,0.01,1.9289867683070974,50.09,50.09,59,76.2385,1:16.24,68.5676,6.3632,1.3044,4415.6843,1:13:35.68,30,"19,6,3,13,25,8,20,29,9,2,28,27,0,16,18,11,12,21,22,24,17,15,4,7,5,14,23,1,26,10",19:14;6:19;3:35;13:13;25:57;8:56;20:68;29:55;9:28;2:37;28:19;27:34;0:52;16:23;18:10;11:34;12:47;21:29;22:43;24:36;17:55;15:50;4:26;7:28;5:32;14:40;23:36;1:65;26:43;10:26,"19:[4];6:[4];3:[0,4,6];13:[4];25:[0,1,4,5,6];8:[0,1,4,5,6];20:[0,1,2,4,5,6];29:[0,2,4,5,6];9:[4,6];2:[1,4,6];28:[4];27:[2,4,6];0:[0,1,4,5,6];16:[4,6];18:[4];11:[4,5,6];12:[0,1,4,6];21:[4,6];22:[1,4,5,6];24:[0,4,6];17:[0,1,4,5,6];15:[0,1,4,5,6];4:[4,6];7:[4,6];5:[1,4,6];14:[1,4,5,6];23:[3,4,6];1:[0,1,2,4,5,6];26:[1,4,5,6];10:[4,6]","c19:bw=14,experts=[4]; c6:bw=19,experts=[4]; c3:bw=35,experts=[0,4,6]; c13:bw=13,experts=[4]; c25:bw=57,experts=[0,1,4,5,6]; c8:bw=56,experts=[0,1,4,5,6]; c20:bw=68,experts=[0,1,2,4,5,6]; c29:bw=55,experts=[0,2,4,5,6]; c9:bw=28,experts=[4,6]; c2:bw=37,experts=[1,4,6]; c28:bw=19,experts=[4]; c27:bw=34,experts=[2,4,6]; c0:bw=52,experts=[0,1,4,5,6]; c16:bw=23,experts=[4,6]; c18:bw=10,experts=[4]; c11:bw=34,experts=[4,5,6]; c12:bw=47,experts=[0,1,4,6]; c21:bw=29,experts=[4,6]; c22:bw=43,experts=[1,4,5,6]; c24:bw=36,experts=[0,4,6]; c17:bw=55,experts=[0,1,4,5,6]; c15:bw=50,experts=[0,1,4,5,6]; c4:bw=26,experts=[4,6]; c7:bw=28,experts=[4,6]; c5:bw=32,experts=[1,4,6]; c14:bw=40,experts=[1,4,5,6]; c23:bw=36,experts=[3,4,6]; c1:bw=65,experts=[0,1,2,4,5,6]; c26:bw=43,experts=[1,4,5,6]; c10:bw=26,experts=[4,6]","2.0532,1.6232,2.1632,2.2556,2.8279,1.6743,2.8158,4.2563,1.9072,1.7759,2.2035,2.5441,1.5908,2.4891,2.3633,3.0071,2.4293,1.4952,2.2058,1.7282,2.6909,1.6538,2.7691,1.8054,4.0418,1.9439,1.8748,1.5549,1.5240,3.2997"
60,2026-09-23 21:21:37,Ours,0.01,1.933285819244095,50.55,50.55,60,76.3497,1:16.35,68.4985,6.5354,1.3125,4492.0647,1:14:52.06,30,"14,25,11,26,28,1,13,17,24,16,2,29,19,20,21,4,6,5,3,9,22,10,12,8,27,0,7,15,18,23",14:42;25:45;11:40;26:41;28:35;1:54;13:59;17:39;24:26;16:63;2:30;29:30;19:60;20:78;21:37;4:30;6:59;5:33;3:44;9:10;22:45;10:10;12:16;8:24;27:27;0:53;7:48;15:51;18:26;23:55,"14:[2,4,5,6];25:[1,2,4,6];11:[0,2,4,6];26:[0,4,5,6];28:[1,4,6];1:[0,1,4,5,6];13:[0,1,4,5,6];17:[4,5,6];24:[4,6];16:[0,1,4,5,6,7];2:[4,5,6];29:[0,4,6];19:[0,1,2,4,5,6];20:[0,1,2,4,5,6,7];21:[4,5,6];4:[4,6,7];6:[0,1,4,6,7];5:[4,6,7];3:[0,4,5,6];9:[4];22:[4,5,6,7];10:[4];12:[3];8:[2,4];27:[4,6];0:[0,1,4,5,6];7:[1,4,6,7];15:[1,2,4,5,6];18:[4,6];23:[0,1,2,4,6]","c14:bw=42,experts=[2,4,5,6]; c25:bw=45,experts=[1,2,4,6]; c11:bw=40,experts=[0,2,4,6]; c26:bw=41,experts=[0,4,5,6]; c28:bw=35,experts=[1,4,6]; c1:bw=54,experts=[0,1,4,5,6]; c13:bw=59,experts=[0,1,4,5,6]; c17:bw=39,experts=[4,5,6]; c24:bw=26,experts=[4,6]; c16:bw=63,experts=[0,1,4,5,6,7]; c2:bw=30,experts=[4,5,6]; c29:bw=30,experts=[0,4,6]; c19:bw=60,experts=[0,1,2,4,5,6]; c20:bw=78,experts=[0,1,2,4,5,6,7]; c21:bw=37,experts=[4,5,6]; c4:bw=30,experts=[4,6,7]; c6:bw=59,experts=[0,1,4,6,7]; c5:bw=33,experts=[4,6,7]; c3:bw=44,experts=[0,4,5,6]; c9:bw=10,experts=[4]; c22:bw=45,experts=[4,5,6,7]; c10:bw=10,experts=[4]; c12:bw=16,experts=[3]; c8:bw=24,experts=[2,4]; c27:bw=27,experts=[4,6]; c0:bw=53,experts=[0,1,4,5,6]; c7:bw=48,experts=[1,4,6,7]; c15:bw=51,experts=[1,2,4,5,6]; c18:bw=26,experts=[4,6]; c23:bw=55,experts=[0,1,2,4,6]","1.8951,2.8238,3.0336,1.5303,2.2103,1.5523,2.2797,2.6908,1.7328,2.4872,1.7911,4.1734,2.0455,2.8000,1.4927,2.7629,1.6214,4.0570,2.1407,1.9041,2.2349,3.2887,2.4394,1.6672,2.5217,1.5958,1.8407,1.6633,2.3474,1.8745"
61,2026-09-23 21:22:53,Ours,0.01,1.945598185256059,50.52,50.55,60,76.3118,1:16.31,68.6209,6.3587,1.3289,4568.4065,1:16:08.41,30,"0,14,29,20,18,3,21,10,4,19,22,9,27,24,17,5,15,2,25,26,7,23,8,16,13,12,1,6,11,28",0:60;14:38;29:13;20:58;18:50;3:43;21:59;10:11;4:38;19:52;22:12;9:38;27:50;24:39;17:46;5:49;15:16;2:29;25:59;26:17;7:43;23:28;8:55;16:38;13:34;12:27;1:33;6:37;11:39;28:19,"0:[0,1,2,4,5,6];14:[3,4,6];29:[4];20:[0,1,4,5,6];18:[0,1,4,5,6];3:[0,4,5,6];21:[0,1,4,5,6];10:[4];4:[4,5,6];19:[0,1,4,5,6];22:[4];9:[1,4,6];27:[0,1,4,5,6];24:[1,4,6];17:[0,4,5,6];5:[1,4,5,6];15:[7];2:[0,2];25:[0,1,4,5,6];26:[4];7:[1,4,5,6];23:[4,6];8:[0,1,4,5,6];16:[1,4,6];13:[1,4,6];12:[4,6];1:[1,4,6];6:[4,5,6];11:[4,5,6];28:[2]","c0:bw=60,experts=[0,1,2,4,5,6]; c14:bw=38,experts=[3,4,6]; c29:bw=13,experts=[4]; c20:bw=58,experts=[0,1,4,5,6]; c18:bw=50,experts=[0,1,4,5,6]; c3:bw=43,experts=[0,4,5,6]; c21:bw=59,experts=[0,1,4,5,6]; c10:bw=11,experts=[4]; c4:bw=38,experts=[4,5,6]; c19:bw=52,experts=[0,1,4,5,6]; c22:bw=12,experts=[4]; c9:bw=38,experts=[1,4,6]; c27:bw=50,experts=[0,1,4,5,6]; c24:bw=39,experts=[1,4,6]; c17:bw=46,experts=[0,4,5,6]; c5:bw=49,experts=[1,4,5,6]; c15:bw=16,experts=[7]; c2:bw=29,experts=[0,2]; c25:bw=59,experts=[0,1,4,5,6]; c26:bw=17,experts=[4]; c7:bw=43,experts=[1,4,5,6]; c23:bw=28,experts=[4,6]; c8:bw=55,experts=[0,1,4,5,6]; c16:bw=38,experts=[1,4,6]; c13:bw=34,experts=[1,4,6]; c12:bw=27,experts=[4,6]; c1:bw=33,experts=[1,4,6]; c6:bw=37,experts=[4,5,6]; c11:bw=39,experts=[4,5,6]; c28:bw=19,experts=[2]","1.6069,1.8675,4.2023,2.8199,2.3755,2.1522,1.5268,3.3203,2.8102,2.0528,2.2616,1.9250,2.5456,1.7477,2.6990,4.0545,1.6709,1.7810,2.7780,1.5057,1.8427,1.8714,1.6759,2.4738,2.2483,2.4476,1.5463,1.6374,2.9963,2.1777"
62,2026-09-23 21:24:09,Ours,0.01,1.9222563490821725,51.0,51.0,62,76.1587,1:16.16,68.5088,6.3257,1.3208,4644.5958,1:17:24.60,30,"24,12,4,1,8,18,7,19,5,22,6,25,15,2,10,3,27,14,13,20,17,23,0,29,9,28,21,11,16,26",24:37;12:11;4:60;1:75;8:13;18:26;7:44;19:42;5:67;22:13;6:62;25:65;15:46;2:42;10:21;3:53;27:36;14:14;13:30;20:31;17:19;23:44;0:28;29:52;9:16;28:46;21:33;11:36;16:26;26:49,"24:[2,3,7];12:[7];4:[0,1,2,4,5,6];1:[0,1,2,4,5,6,7];8:[4];18:[4,6];7:[1,4,5,6];19:[0,1,4,6];5:[0,1,2,4,5,6];22:[4];6:[0,1,2,4,5,6];25:[0,1,2,4,5,6];15:[1,4,5,6];2:[1,4,5,6];10:[4,7];3:[0,1,4,5,6];27:[4,5,6];14:[4];13:[2,4,6];20:[4,5,6];17:[4];23:[1,4,5,6];0:[4,6];29:[0,1,4,5,6];9:[4];28:[1,4,6,7];21:[4,5,6];11:[4,5,6];16:[4,6];26:[1,4,5,6]","c24:bw=37,experts=[2,3,7]; c12:bw=11,experts=[7]; c4:bw=60,experts=[0,1,2,4,5,6]; c1:bw=75,experts=[0,1,2,4,5,6,7]; c8:bw=13,experts=[4]; c18:bw=26,experts=[4,6]; c7:bw=44,experts=[1,4,5,6]; c19:bw=42,experts=[0,1,4,6]; c5:bw=67,experts=[0,1,2,4,5,6]; c22:bw=13,experts=[4]; c6:bw=62,experts=[0,1,2,4,5,6]; c25:bw=65,experts=[0,1,2,4,5,6]; c15:bw=46,experts=[1,4,5,6]; c2:bw=42,experts=[1,4,5,6]; c10:bw=21,experts=[4,7]; c3:bw=53,experts=[0,1,4,5,6]; c27:bw=36,experts=[4,5,6]; c14:bw=14,experts=[4]; c13:bw=30,experts=[2,4,6]; c20:bw=31,experts=[4,5,6]; c17:bw=19,experts=[4]; c23:bw=44,experts=[1,4,5,6]; c0:bw=28,experts=[4,6]; c29:bw=52,experts=[0,1,4,5,6]; c9:bw=16,experts=[4]; c28:bw=46,experts=[1,4,6,7]; c21:bw=33,experts=[4,5,6]; c11:bw=36,experts=[4,5,6]; c16:bw=26,experts=[4,6]; c26:bw=49,experts=[1,4,5,6]","1.7165,2.4471,2.8115,1.5632,1.6839,2.3582,1.8700,2.0519,4.0736,2.2174,1.6345,2.7947,1.6819,1.7838,3.3135,2.1567,2.5504,1.8812,2.2599,2.7666,2.6572,1.8739,1.5795,4.2261,1.9221,2.1736,1.4928,3.0113,2.4471,1.5085"
63,2026-09-23 21:25:26,Ours,0.01,1.8975815885325775,51.44,51.44,63,76.5739,1:16.57,68.574,6.6978,1.2987,4721.2011,1:18:41.20,30,"9,23,17,18,15,11,22,21,4,7,0,24,25,19,5,26,28,20,27,10,14,6,8,12,2,16,3,29,13,1",9:21;23:26;17:37;18:47;15:61;11:45;22:80;21:31;4:52;7:68;0:41;24:33;25:61;19:34;5:10;26:44;28:38;20:51;27:34;10:27;14:41;6:34;8:32;12:51;2:28;16:58;3:52;29:10;13:58;1:50,"9:[2,4];23:[4,7];17:[2,4,7];18:[2,4,6,7];15:[0,1,2,4,5,6];11:[0,4,5,6];22:[0,1,2,3,4,5,6,7];21:[4,5,6];4:[0,1,4,5,6];7:[0,1,2,4,5,6];0:[0,4,5,6];24:[4,5,6];25:[0,1,2,4,5,6];19:[4,5,6];5:[3];26:[2,4,5,6];28:[0,4,5];20:[0,1,4,5,6];27:[0,4,6];10:[2,4];14:[0,1,4,6];6:[0,4,6];8:[4,5,6];12:[0,2,4,5,6];2:[4,6];16:[0,1,2,4,6];3:[0,4,5,6,7];29:[4];13:[0,1,4,5,6];1:[0,1,4,5,6]","c9:bw=21,experts=[2,4]; c23:bw=26,experts=[4,7]; c17:bw=37,experts=[2,4,7]; c18:bw=47,experts=[2,4,6,7]; c15:bw=61,experts=[0,1,2,4,5,6]; c11:bw=45,experts=[0,4,5,6]; c22:bw=80,experts=[0,1,2,3,4,5,6,7]; c21:bw=31,experts=[4,5,6]; c4:bw=52,experts=[0,1,4,5,6]; c7:bw=68,experts=[0,1,2,4,5,6]; c0:bw=41,experts=[0,4,5,6]; c24:bw=33,experts=[4,5,6]; c25:bw=61,experts=[0,1,2,4,5,6]; c19:bw=34,experts=[4,5,6]; c5:bw=10,experts=[3]; c26:bw=44,experts=[2,4,5,6]; c28:bw=38,experts=[0,4,5]; c20:bw=51,experts=[0,1,4,5,6]; c27:bw=34,experts=[0,4,6]; c10:bw=27,experts=[2,4]; c14:bw=41,experts=[0,1,4,6]; c6:bw=34,experts=[0,4,6]; c8:bw=32,experts=[4,5,6]; c12:bw=51,experts=[0,2,4,5,6]; c2:bw=28,experts=[4,6]; c16:bw=58,experts=[0,1,2,4,6]; c3:bw=52,experts=[0,4,5,6,7]; c29:bw=10,experts=[4]; c13:bw=58,experts=[0,1,4,5,6]; c1:bw=50,experts=[0,1,4,5,6]","1.9357,1.8772,2.6822,2.3846,1.6874,3.0236,2.2695,1.5211,2.7983,1.8508,1.5975,1.7434,2.8205,2.0578,4.0191,1.5163,2.1853,2.7657,2.5312,3.3233,1.8683,1.6304,1.6713,2.4414,1.7657,2.4912,2.1291,4.1591,2.2656,1.5614"
64,2026-09-23 21:26:42,Ours,0.01,1.947206177686808,51.52,51.52,64,76.4521,1:16.45,68.7704,6.3772,1.3013,4797.685,1:19:57.69,30,"9,18,12,3,22,24,21,6,13,29,27,8,20,7,10,15,19,23,17,11,16,28,1,14,5,25,0,26,2,4",9:59;18:37;12:27;3:38;22:58;24:12;21:47;6:50;13:42;29:19;27:25;8:53;20:39;7:34;10:49;15:59;19:10;23:55;17:10;11:57;16:16;28:15;1:28;14:46;5:24;25:66;0:32;26:26;2:56;4:38,"9:[0,3,4,6,7];18:[3,4,6];12:[4,6];3:[3,4,6];22:[0,1,4,5,6];24:[4];21:[3,4,5,6];6:[0,1,3,4,6];13:[1,3,4,6];29:[3];27:[3,7];8:[0,3,4,5,6];20:[3,4,6];7:[3,4,6];10:[1,3,4,6];15:[0,3,4,5,6];19:[3];23:[0,1,4,5,6];17:[3];11:[0,1,3,4,6];16:[3];28:[3];1:[3,4];14:[1,4,6,7];5:[4,6];25:[0,1,3,4,5,6];0:[3,4,6];26:[3,4];2:[1,3,4,6,7];4:[0,4,6]","c9:bw=59,experts=[0,3,4,6,7]; c18:bw=37,experts=[3,4,6]; c12:bw=27,experts=[4,6]; c3:bw=38,experts=[3,4,6]; c22:bw=58,experts=[0,1,4,5,6]; c24:bw=12,experts=[4]; c21:bw=47,experts=[3,4,5,6]; c6:bw=50,experts=[0,1,3,4,6]; c13:bw=42,experts=[1,3,4,6]; c29:bw=19,experts=[3]; c27:bw=25,experts=[3,7]; c8:bw=53,experts=[0,3,4,5,6]; c20:bw=39,experts=[3,4,6]; c7:bw=34,experts=[3,4,6]; c10:bw=49,experts=[1,3,4,6]; c15:bw=59,experts=[0,3,4,5,6]; c19:bw=10,experts=[3]; c23:bw=55,experts=[0,1,4,5,6]; c17:bw=10,experts=[3]; c11:bw=57,experts=[0,1,3,4,6]; c16:bw=16,experts=[3]; c28:bw=15,experts=[3]; c1:bw=28,experts=[3,4]; c14:bw=46,experts=[1,4,6,7]; c5:bw=24,experts=[4,6]; c25:bw=66,experts=[0,1,3,4,5,6]; c0:bw=32,experts=[3,4,6]; c26:bw=26,experts=[3,4]; c2:bw=56,experts=[1,3,4,6,7]; c4:bw=38,experts=[0,4,6]","1.9389,2.3948,2.4840,2.1382,2.2650,1.7441,1.5314,1.6461,2.2755,4.1890,2.5540,1.6952,2.7870,1.8482,3.3263,1.6796,2.0246,1.8869,2.6715,2.9889,2.4555,2.1860,1.5363,1.8739,4.0353,2.8035,1.5843,1.5243,1.8864,2.8155"
65,2026-09-23 21:27:59,Ours,0.01,1.8901774183509878,52.1,52.1,65,76.3225,1:16.32,68.5324,6.4911,1.2958,4874.039,1:21:14.04,30,"26,7,10,18,0,27,24,1,9,4,12,21,17,15,5,8,3,29,16,6,22,14,13,19,2,25,23,20,11,28",26:29;7:10;10:26;18:18;0:41;27:30;24:55;1:58;9:47;4:57;12:44;21:42;17:26;15:38;5:29;8:66;3:42;29:10;16:45;6:50;22:51;14:45;13:48;19:28;2:28;25:64;23:10;20:35;11:10;28:31,"26:[4,7];7:[4];10:[0,4];18:[4];0:[4,5,6,7];27:[4,5,6];24:[0,1,4,5,6];1:[0,1,4,5,6];9:[0,1,4,6];4:[1,3,4,5,6];12:[0,4,5,6];21:[1,4,5,6];17:[4,6];15:[0,4,6];5:[4,6];8:[0,1,4,5,6,7];3:[0,4,5,6];29:[7];16:[0,4,5,6];6:[0,1,4,5,6];22:[0,1,4,5,6];14:[1,4,5,6];13:[1,4,6,7];19:[4,7];2:[4,6];25:[1,2,4,5,6,7];23:[4];20:[4,5,6];11:[7];28:[4,5,6]","c26:bw=29,experts=[4,7]; c7:bw=10,experts=[4]; c10:bw=26,experts=[0,4]; c18:bw=18,experts=[4]; c0:bw=41,experts=[4,5,6,7]; c27:bw=30,experts=[4,5,6]; c24:bw=55,experts=[0,1,4,5,6]; c1:bw=58,experts=[0,1,4,5,6]; c9:bw=47,experts=[0,1,4,6]; c4:bw=57,experts=[1,3,4,5,6]; c12:bw=44,experts=[0,4,5,6]; c21:bw=42,experts=[1,4,5,6]; c17:bw=26,experts=[4,6]; c15:bw=38,experts=[0,4,6]; c5:bw=29,experts=[4,6]; c8:bw=66,experts=[0,1,4,5,6,7]; c3:bw=42,experts=[0,4,5,6]; c29:bw=10,experts=[7]; c16:bw=45,experts=[0,4,5,6]; c6:bw=50,experts=[0,1,4,5,6]; c22:bw=51,experts=[0,1,4,5,6]; c14:bw=45,experts=[1,4,5,6]; c13:bw=48,experts=[1,4,6,7]; c19:bw=28,experts=[4,7]; c2:bw=28,experts=[4,6]; c25:bw=64,experts=[1,2,4,5,6,7]; c23:bw=10,experts=[4]; c20:bw=35,experts=[4,5,6]; c11:bw=10,experts=[7]; c28:bw=31,experts=[4,5,6]","1.5293,1.8589,3.3088,2.3719,1.5780,2.5543,1.7419,1.5632,1.9321,2.8204,2.4947,1.5119,2.6916,1.6649,4.0283,1.6701,2.1367,4.1328,2.4607,1.6247,2.2514,1.8300,2.2614,2.0530,1.8052,2.7910,1.8806,2.7924,2.9770,2.2150"
66,2026-09-23 21:29:15,Ours,0.01,1.868535913509036,52.57,52.57,66,76.5511,1:16.55,68.6635,6.5667,1.3176,4950.6254,1:22:30.63,30,"15,2,4,6,9,18,1,26,19,22,3,23,21,27,28,11,16,20,24,7,8,25,0,12,10,5,14,13,17,29",15:50;2:41;4:41;6:30;9:31;18:24;1:54;26:54;19:56;22:69;3:66;23:14;21:41;27:42;28:68;11:10;16:59;20:52;24:30;7:50;8:24;25:30;0:38;12:42;10:46;5:17;14:23;13:32;17:35;29:31,"15:[0,1,4,5,6];2:[0,1,4,6];4:[1,4,5,6];6:[1,4,6];9:[4,5,6];18:[4,6];1:[0,1,4,5,6];26:[1,2,4,5,6];19:[0,1,4,5,6];22:[0,1,2,4,5,6];3:[0,1,2,4,5,6];23:[4];21:[2,4,6,7];27:[0,1,4,6];28:[0,1,2,4,5,6];11:[4];16:[0,1,4,5,6];20:[0,1,4,5,6];24:[0,4,6];7:[0,1,4,5,6];8:[4,6];25:[4,5,6];0:[0,4,6];12:[0,1,4,6];10:[1,4,5,6];5:[4];14:[4,6];13:[1,4,6];17:[0,4,6];29:[1,4,6]","c15:bw=50,experts=[0,1,4,5,6]; c2:bw=41,experts=[0,1,4,6]; c4:bw=41,experts=[1,4,5,6]; c6:bw=30,experts=[1,4,6]; c9:bw=31,experts=[4,5,6]; c18:bw=24,experts=[4,6]; c1:bw=54,experts=[0,1,4,5,6]; c26:bw=54,experts=[1,2,4,5,6]; c19:bw=56,experts=[0,1,4,5,6]; c22:bw=69,experts=[0,1,2,4,5,6]; c3:bw=66,experts=[0,1,2,4,5,6]; c23:bw=14,experts=[4]; c21:bw=41,experts=[2,4,6,7]; c27:bw=42,experts=[0,1,4,6]; c28:bw=68,experts=[0,1,2,4,5,6]; c11:bw=10,experts=[4]; c16:bw=59,experts=[0,1,4,5,6]; c20:bw=52,experts=[0,1,4,5,6]; c24:bw=30,experts=[0,4,6]; c7:bw=50,experts=[0,1,4,5,6]; c8:bw=24,experts=[4,6]; c25:bw=30,experts=[4,5,6]; c0:bw=38,experts=[0,4,6]; c12:bw=42,experts=[0,1,4,6]; c10:bw=46,experts=[1,4,5,6]; c5:bw=17,experts=[4]; c14:bw=23,experts=[4,6]; c13:bw=32,experts=[1,4,6]; c17:bw=35,experts=[0,4,6]; c29:bw=31,experts=[1,4,6]","1.6768,1.7987,2.8136,1.6390,1.9594,2.3828,1.5739,1.5401,2.0786,2.2561,2.1537,1.8631,1.5150,2.5347,2.2020,2.9912,2.4918,2.7649,1.7606,1.8515,1.6557,2.7566,1.5808,2.4455,3.3290,4.0446,1.8874,2.2567,2.6622,4.1977"
67,2026-09-23 21:30:32,Ours,0.01,1.8642527464937804,51.63,52.57,66,76.7233,1:16.72,68.9219,6.4723,1.3258,5027.3821,1:23:47.38,30,"4,15,3,16,18,25,29,26,24,2,10,7,27,11,20,9,22,14,17,13,23,5,1,6,21,19,28,0,12,8",4:51;15:49;3:25;16:53;18:31;25:51;29:25;26:31;24:44;2:43;10:36;7:59;27:59;11:43;20:27;9:60;22:47;14:18;17:48;13:39;23:53;5:48;1:36;6:53;21:53;19:14;28:10;0:32;12:44;8:10,"4:[0,1,4,5,6];15:[0,1,4,6];3:[4,6];16:[0,1,4,5,6];18:[0,4,6];25:[0,1,4,5,6];29:[2,4];26:[0,4,6];24:[0,1,4,6];2:[0,1,4,6];10:[0,4,6];7:[0,1,4,5,6];27:[0,1,2,4,6];11:[0,1,4,6];20:[4,6];9:[0,1,2,4,5,6];22:[1,4,5,6];14:[4];17:[1,4,5,6];13:[0,4,6];23:[0,1,3,4,6];5:[1,4,5,6];1:[1,4,6];6:[0,1,4,5,6];21:[0,2,4,5,6];19:[4];28:[4];0:[0,4,6];12:[0,4,5,6];8:[4]","c4:bw=51,experts=[0,1,4,5,6]; c15:bw=49,experts=[0,1,4,6]; c3:bw=25,experts=[4,6]; c16:bw=53,experts=[0,1,4,5,6]; c18:bw=31,experts=[0,4,6]; c25:bw=51,experts=[0,1,4,5,6]; c29:bw=25,experts=[2,4]; c26:bw=31,experts=[0,4,6]; c24:bw=44,experts=[0,1,4,6]; c2:bw=43,experts=[0,1,4,6]; c10:bw=36,experts=[0,4,6]; c7:bw=59,experts=[0,1,4,5,6]; c27:bw=59,experts=[0,1,2,4,6]; c11:bw=43,experts=[0,1,4,6]; c20:bw=27,experts=[4,6]; c9:bw=60,experts=[0,1,2,4,5,6]; c22:bw=47,experts=[1,4,5,6]; c14:bw=18,experts=[4]; c17:bw=48,experts=[1,4,5,6]; c13:bw=39,experts=[0,4,6]; c23:bw=53,experts=[0,1,3,4,6]; c5:bw=48,experts=[1,4,5,6]; c1:bw=36,experts=[1,4,6]; c6:bw=53,experts=[0,1,4,5,6]; c21:bw=53,experts=[0,2,4,5,6]; c19:bw=14,experts=[4]; c28:bw=10,experts=[4]; c0:bw=32,experts=[0,4,6]; c12:bw=44,experts=[0,4,5,6]; c8:bw=10,experts=[4]","2.8376,1.6838,2.1601,2.4988,2.3856,2.8371,4.2290,1.5202,1.7503,1.8133,3.3407,1.8536,2.5615,3.0253,2.7673,1.9357,2.2418,1.8533,2.7111,2.2790,1.9328,4.0299,1.5703,1.6321,1.5127,2.0322,2.2064,1.6035,2.4557,1.6611"
68,2026-09-23 21:31:49,Ours,0.01,1.8792592817581735,52.55,52.57,66,76.7045,1:16.70,68.9088,6.4801,1.3123,5104.1189,1:25:04.12,30,"27,22,0,7,4,21,16,12,17,23,18,25,11,20,1,24,13,9,8,2,5,3,15,28,10,6,26,14,19,29",27:48;22:15;0:30;7:28;4:49;21:29;16:54;12:67;17:72;23:46;18:54;25:47;11:14;20:38;1:42;24:32;13:35;9:15;8:31;2:58;5:45;3:26;15:28;28:40;10:31;6:32;26:40;14:10;19:28;29:57,"27:[0,1,4,6];22:[4];0:[4,5,6];7:[4,7];4:[1,4,6,7];21:[4,6];16:[0,1,4,6,7];12:[0,1,3,4,5,6];17:[0,1,2,3,4,5,6];23:[1,2,4,6];18:[1,2,4,5,6];25:[1,4,5,6];11:[2];20:[2,4,7];1:[0,1,4,6];24:[1,4,6];13:[0,4,6];9:[4];8:[2,4,6];2:[1,2,4,5,6];5:[1,4,6,7];3:[4,6];15:[4,6];28:[0,1,4,6];10:[1,4,6];6:[4,6,7];26:[1,4,5,6];14:[2];19:[2,4];29:[0,1,4,5,6]","c27:bw=48,experts=[0,1,4,6]; c22:bw=15,experts=[4]; c0:bw=30,experts=[4,5,6]; c7:bw=28,experts=[4,7]; c4:bw=49,experts=[1,4,6,7]; c21:bw=29,experts=[4,6]; c16:bw=54,experts=[0,1,4,6,7]; c12:bw=67,experts=[0,1,3,4,5,6]; c17:bw=72,experts=[0,1,2,3,4,5,6]; c23:bw=46,experts=[1,2,4,6]; c18:bw=54,experts=[1,2,4,5,6]; c25:bw=47,experts=[1,4,5,6]; c11:bw=14,experts=[2]; c20:bw=38,experts=[2,4,7]; c1:bw=42,experts=[0,1,4,6]; c24:bw=32,experts=[1,4,6]; c13:bw=35,experts=[0,4,6]; c9:bw=15,experts=[4]; c8:bw=31,experts=[2,4,6]; c2:bw=58,experts=[1,2,4,5,6]; c5:bw=45,experts=[1,4,6,7]; c3:bw=26,experts=[4,6]; c15:bw=28,experts=[4,6]; c28:bw=40,experts=[0,1,4,6]; c10:bw=31,experts=[1,4,6]; c6:bw=32,experts=[4,6,7]; c26:bw=40,experts=[1,4,5,6]; c14:bw=10,experts=[2]; c19:bw=28,experts=[2,4]; c29:bw=57,experts=[0,1,4,5,6]","2.5761,2.2557,1.6202,1.8352,2.7982,1.5112,2.4906,2.4927,2.7512,1.8905,2.3838,2.7923,2.9830,2.7796,1.5561,1.7500,2.3112,1.9232,1.6749,1.7882,4.1287,2.1218,1.6774,2.2342,3.3072,1.6433,1.5119,1.8502,2.0462,4.2240"
69,2026-09-23 21:33:06,Ours,0.01,1.8498302361080783,52.98,52.98,69,76.7259,1:16.73,68.8013,6.5982,1.3231,5180.8782,1:26:20.88,30,"10,16,1,26,13,19,23,3,7,29,14,6,0,24,15,12,28,9,2,8,4,21,27,25,5,17,11,18,22,20",10:16;16:60;1:31;26:42;13:67;19:43;23:33;3:41;7:58;29:34;14:37;6:26;0:52;24:53;15:20;12:10;28:58;9:35;2:66;8:42;4:41;21:58;27:46;25:31;5:39;17:48;11:45;18:10;22:44;20:28,"10:[4];16:[0,1,2,4,5,6];1:[1,4,6];26:[1,4,5,6];13:[0,1,2,4,5,6];19:[0,1,4,6];23:[4,5,6];3:[0,4,5,6];7:[0,1,4,5,6];29:[1,4,6];14:[3,4,6];6:[4,6];0:[1,2,4,5,6];24:[0,1,4,5,6];15:[4,7];12:[4];28:[0,1,4,5,6];9:[0,4,6];2:[0,1,2,4,5,6];8:[0,4,5,6];4:[1,4,5,6];21:[0,1,4,5,6];27:[0,1,4,6];25:[4,5,6];5:[4,5,6];17:[0,1,4,6];11:[0,1,4,6];18:[4];22:[1,4,5,6];20:[4,6]","c10:bw=16,experts=[4]; c16:bw=60,experts=[0,1,2,4,5,6]; c1:bw=31,experts=[1,4,6]; c26:bw=42,experts=[1,4,5,6]; c13:bw=67,experts=[0,1,2,4,5,6]; c19:bw=43,experts=[0,1,4,6]; c23:bw=33,experts=[4,5,6]; c3:bw=41,experts=[0,4,5,6]; c7:bw=58,experts=[0,1,4,5,6]; c29:bw=34,experts=[1,4,6]; c14:bw=37,experts=[3,4,6]; c6:bw=26,experts=[4,6]; c0:bw=52,experts=[1,2,4,5,6]; c24:bw=53,experts=[0,1,4,5,6]; c15:bw=20,experts=[4,7]; c12:bw=10,experts=[4]; c28:bw=58,experts=[0,1,4,5,6]; c9:bw=35,experts=[0,4,6]; c2:bw=66,experts=[0,1,2,4,5,6]; c8:bw=42,experts=[0,4,5,6]; c4:bw=41,experts=[1,4,5,6]; c21:bw=58,experts=[0,1,4,5,6]; c27:bw=46,experts=[0,1,4,6]; c25:bw=31,experts=[4,5,6]; c5:bw=39,experts=[4,5,6]; c17:bw=48,experts=[0,1,4,6]; c11:bw=45,experts=[0,1,4,6]; c18:bw=10,experts=[4]; c22:bw=44,experts=[1,4,5,6]; c20:bw=28,experts=[4,6]","3.3642,2.5161,1.5822,1.5325,2.2742,2.0761,1.8825,2.1452,1.8298,4.1814,1.8865,1.6330,1.5959,1.7580,1.6698,2.4357,2.1867,1.9135,1.8116,1.6917,2.8071,1.5188,2.5513,2.7736,4.0838,2.7167,3.0076,2.3284,2.2388,2.8087"
70,2026-09-23 21:34:22,Ours,0.01,1.8734717958941944,53.33,53.33,70,76.3913,1:16.39,68.7179,6.3636,1.3064,5257.3033,1:27:37.30,30,"10,26,25,24,0,7,29,4,11,15,13,12,2,9,6,5,22,19,14,21,28,1,20,3,8,18,16,17,23,27",10:58;26:27;25:10;24:10;0:30;7:28;29:29;4:58;11:53;15:75;13:33;12:40;2:55;9:10;6:26;5:23;22:10;19:37;14:10;21:35;28:63;1:24;20:36;3:32;8:48;18:63;16:67;17:41;23:30;27:24,"10:[0,1,4,6,7];26:[4,6];25:[4];24:[2];0:[0,4,6];7:[4,6];29:[4,6];4:[0,1,2,4,6];11:[1,2,4,5,6];15:[0,1,2,4,5,6,7];13:[4,5,6];12:[4,5,6,7];2:[1,2,4,5,6];9:[4];6:[2,4];5:[0,2];22:[4];19:[1,4,6];14:[4];21:[4,5,6];28:[0,1,4,5,6,7];1:[2,7];20:[1,4,6];3:[0,4,6];8:[0,1,4,6];18:[0,1,2,4,5,6];16:[0,1,2,4,5,6];17:[0,4,5,6];23:[1,4,6];27:[4,6]","c10:bw=58,experts=[0,1,4,6,7]; c26:bw=27,experts=[4,6]; c25:bw=10,experts=[4]; c24:bw=10,experts=[2]; c0:bw=30,experts=[0,4,6]; c7:bw=28,experts=[4,6]; c29:bw=29,experts=[4,6]; c4:bw=58,experts=[0,1,2,4,6]; c11:bw=53,experts=[1,2,4,5,6]; c15:bw=75,experts=[0,1,2,4,5,6,7]; c13:bw=33,experts=[4,5,6]; c12:bw=40,experts=[4,5,6,7]; c2:bw=55,experts=[1,2,4,5,6]; c9:bw=10,experts=[4]; c6:bw=26,experts=[2,4]; c5:bw=23,experts=[0,2]; c22:bw=10,experts=[4]; c19:bw=37,experts=[1,4,6]; c14:bw=10,experts=[4]; c21:bw=35,experts=[4,5,6]; c28:bw=63,experts=[0,1,4,5,6,7]; c1:bw=24,experts=[2,7]; c20:bw=36,experts=[1,4,6]; c3:bw=32,experts=[0,4,6]; c8:bw=48,experts=[0,1,4,6]; c18:bw=63,experts=[0,1,2,4,5,6]; c16:bw=67,experts=[0,1,2,4,5,6]; c17:bw=41,experts=[0,4,5,6]; c23:bw=30,experts=[1,4,6]; c27:bw=24,experts=[4,6]","3.3708,1.5300,2.7853,1.7360,1.5859,1.8563,4.2308,2.8098,3.0240,1.6909,2.2538,2.4515,1.7961,1.9041,1.6284,4.0247,2.2217,2.0264,1.8584,1.5014,2.2269,1.5371,2.7831,2.1473,1.6891,2.3685,2.5084,2.7131,1.8858,2.5721"
71,2026-09-23 21:35:39,Ours,0.01,1.8480679451998605,53.13,53.33,70,76.7528,1:16.75,68.8209,6.6092,1.3194,5334.0897,1:28:54.09,30,"26,20,10,25,18,16,2,0,19,28,27,29,17,6,7,23,14,8,12,5,21,4,1,24,13,11,9,22,15,3",26:45;20:31;10:69;25:38;18:45;16:19;2:61;0:16;19:54;28:18;27:43;29:53;17:61;6:50;7:20;23:33;14:10;8:39;12:43;5:33;21:30;4:42;1:52;24:58;13:25;11:44;9:40;22:29;15:28;3:62,"26:[1,4,5,6];20:[1,4,6];10:[0,1,2,4,5,6];25:[1,4,6];18:[0,4,6,7];16:[4];2:[0,1,2,4,5,6];0:[4];19:[1,2,4,5,6];28:[4];27:[0,1,4,6];29:[0,1,4,5,6];17:[0,1,4,5,6,7];6:[0,1,4,5,6];7:[2,4];23:[4,6,7];14:[0];8:[1,4,6];12:[0,2,4,6];5:[3,4,6];21:[1,4,6];4:[0,1,4,6];1:[0,1,4,5,6];24:[1,3,4,6,7];13:[4,6];11:[0,1,4,6];9:[0,1,4,6];22:[3,7];15:[4,6];3:[0,1,4,5,6,7]","c26:bw=45,experts=[1,4,5,6]; c20:bw=31,experts=[1,4,6]; c10:bw=69,experts=[0,1,2,4,5,6]; c25:bw=38,experts=[1,4,6]; c18:bw=45,experts=[0,4,6,7]; c16:bw=19,experts=[4]; c2:bw=61,experts=[0,1,2,4,5,6]; c0:bw=16,experts=[4]; c19:bw=54,experts=[1,2,4,5,6]; c28:bw=18,experts=[4]; c27:bw=43,experts=[0,1,4,6]; c29:bw=53,experts=[0,1,4,5,6]; c17:bw=61,experts=[0,1,4,5,6,7]; c6:bw=50,experts=[0,1,4,5,6]; c7:bw=20,experts=[2,4]; c23:bw=33,experts=[4,6,7]; c14:bw=10,experts=[0]; c8:bw=39,experts=[1,4,6]; c12:bw=43,experts=[0,2,4,6]; c5:bw=33,experts=[3,4,6]; c21:bw=30,experts=[1,4,6]; c4:bw=42,experts=[0,1,4,6]; c1:bw=52,experts=[0,1,4,5,6]; c24:bw=58,experts=[1,3,4,6,7]; c13:bw=25,experts=[4,6]; c11:bw=44,experts=[0,1,4,6]; c9:bw=40,experts=[0,1,4,6]; c22:bw=29,experts=[3,7]; c15:bw=28,experts=[4,6]; c3:bw=62,experts=[0,1,4,5,6,7]","1.5279,2.8226,3.3722,2.7994,2.3792,2.4792,1.8111,1.6317,2.0677,2.1987,2.5694,4.2023,2.6792,1.6169,1.8509,1.8914,1.8647,1.6714,2.4426,4.0651,1.5583,2.7997,1.5453,1.7304,2.2738,3.0158,1.9035,2.2139,1.6662,2.1702"
72,2026-09-23 21:36:56,Ours,0.01,1.8550914275571344,53.68,53.68,72,76.6187,1:16.62,68.9187,6.368,1.3287,5410.954,1:30:10.95,30,"5,6,1,17,20,21,18,26,24,28,27,8,25,16,22,19,15,13,2,9,10,14,12,3,23,11,7,0,29,4",5:43;6:19;1:39;17:18;20:41;21:62;18:29;26:44;24:18;28:23;27:46;8:30;25:29;16:46;22:75;19:32;15:41;13:54;2:23;9:38;10:28;14:43;12:28;3:23;23:41;11:10;7:48;0:52;29:59;4:39,"5:[1,4,5,6];6:[3];1:[3,4,6];17:[4];20:[1,3,4,6];21:[0,1,3,4,5,6];18:[3,4];26:[1,3,4,6];24:[4];28:[3,4];27:[3,4,6,7];8:[3,4,6];25:[3,4];16:[1,3,4,6];22:[0,1,2,4,5,6,7];19:[3,4,6];15:[1,3,4,6];13:[0,1,3,4,6];2:[3,7];9:[3,4,7];10:[3,4];14:[1,4,6,7];12:[4,6];3:[3,4];23:[0,1,4,6];11:[3];7:[1,3,4,6];0:[0,3,4,5,6];29:[1,3,4,5,6];4:[1,4,6]","c5:bw=43,experts=[1,4,5,6]; c6:bw=19,experts=[3]; c1:bw=39,experts=[3,4,6]; c17:bw=18,experts=[4]; c20:bw=41,experts=[1,3,4,6]; c21:bw=62,experts=[0,1,3,4,5,6]; c18:bw=29,experts=[3,4]; c26:bw=44,experts=[1,3,4,6]; c24:bw=18,experts=[4]; c28:bw=23,experts=[3,4]; c27:bw=46,experts=[3,4,6,7]; c8:bw=30,experts=[3,4,6]; c25:bw=29,experts=[3,4]; c16:bw=46,experts=[1,3,4,6]; c22:bw=75,experts=[0,1,2,4,5,6,7]; c19:bw=32,experts=[3,4,6]; c15:bw=41,experts=[1,3,4,6]; c13:bw=54,experts=[0,1,3,4,6]; c2:bw=23,experts=[3,7]; c9:bw=38,experts=[3,4,7]; c10:bw=28,experts=[3,4]; c14:bw=43,experts=[1,4,6,7]; c12:bw=28,experts=[4,6]; c3:bw=23,experts=[3,4]; c23:bw=41,experts=[0,1,4,6]; c11:bw=10,experts=[3]; c7:bw=48,experts=[1,3,4,6]; c0:bw=52,experts=[0,3,4,5,6]; c29:bw=59,experts=[1,3,4,5,6]; c4:bw=39,experts=[1,4,6]","4.0801,1.6329,1.5780,2.6928,2.8403,1.5187,2.3720,1.5249,1.7213,2.1952,2.5585,1.6852,2.7803,2.4729,2.2591,2.0661,1.7825,2.2620,1.7989,1.9557,3.3422,1.8691,2.4258,2.1324,1.8716,2.9837,1.8612,1.6156,4.2588,2.7811"
73,2026-09-23 21:38:12,Ours,0.01,1.8666731260942,53.87,53.87,73,76.1859,1:16.19,68.5127,6.3594,1.3105,5487.1741,1:31:27.17,30,"20,6,7,2,0,9,17,13,22,8,15,1,3,12,29,19,5,18,25,23,21,16,28,11,26,14,4,10,24,27",20:62;6:20;7:37;2:47;0:28;9:52;17:17;13:50;22:24;8:11;15:47;1:66;3:40;12:37;29:13;19:10;5:17;18:34;25:24;23:33;21:29;16:61;28:33;11:46;26:10;14:16;4:41;10:42;24:66;27:48,"20:[0,1,2,4,5,6];6:[4,6];7:[1,4,6];2:[0,1,4,6];0:[4,7];9:[1,2,4,5,6];17:[4];13:[0,1,4,6,7];22:[4,6];8:[7];15:[1,4,5,6];1:[0,1,2,4,5,6];3:[1,4,5,6];12:[1,4,6];29:[7];19:[7];5:[4];18:[0,4,6];25:[2,7];23:[0,4,6];21:[4,6];16:[0,1,2,4,5,6];28:[1,4,6];11:[1,4,6,7];26:[7];14:[5];4:[1,3,4,6];10:[0,1,4,6];24:[0,1,2,4,5,6];27:[0,4,5,6]","c20:bw=62,experts=[0,1,2,4,5,6]; c6:bw=20,experts=[4,6]; c7:bw=37,experts=[1,4,6]; c2:bw=47,experts=[0,1,4,6]; c0:bw=28,experts=[4,7]; c9:bw=52,experts=[1,2,4,5,6]; c17:bw=17,experts=[4]; c13:bw=50,experts=[0,1,4,6,7]; c22:bw=24,experts=[4,6]; c8:bw=11,experts=[7]; c15:bw=47,experts=[1,4,5,6]; c1:bw=66,experts=[0,1,2,4,5,6]; c3:bw=40,experts=[1,4,5,6]; c12:bw=37,experts=[1,4,6]; c29:bw=13,experts=[7]; c19:bw=10,experts=[7]; c5:bw=17,experts=[4]; c18:bw=34,experts=[0,4,6]; c25:bw=24,experts=[2,7]; c23:bw=33,experts=[0,4,6]; c21:bw=29,experts=[4,6]; c16:bw=61,experts=[0,1,2,4,5,6]; c28:bw=33,experts=[1,4,6]; c11:bw=46,experts=[1,4,6,7]; c26:bw=10,experts=[7]; c14:bw=16,experts=[5]; c4:bw=41,experts=[1,3,4,6]; c10:bw=42,experts=[0,1,4,6]; c24:bw=66,experts=[0,1,2,4,5,6]; c27:bw=48,experts=[0,4,5,6]","2.7913,1.6389,1.8618,1.8100,1.5687,1.9323,2.6601,2.2643,2.2319,1.6562,1.6908,1.5691,2.1563,2.4742,4.1460,2.0042,4.0236,2.3731,2.7461,1.8995,1.4962,2.4736,2.2172,3.0256,1.4989,1.8560,2.8035,3.3585,1.7380,2.5471"
74,2026-09-23 21:39:28,Ours,0.01,1.832984947242924,54.05,54.05,74,76.4424,1:16.44,68.7703,6.3478,1.3212,5563.651,1:32:43.65,30,"25,2,28,22,27,23,5,3,21,14,7,6,15,12,24,8,1,10,17,19,9,11,13,18,16,0,29,26,20,4",25:59;2:10;28:16;22:45;27:20;23:46;5:50;3:10;21:66;14:32;7:65;6:10;15:50;12:10;24:16;8:28;1:28;10:25;17:62;19:20;9:32;11:37;13:42;18:60;16:48;0:40;29:14;26:32;20:42;4:47,"25:[1,2,4,5,6];2:[4];28:[2];22:[0,1,4,6];27:[4,6];23:[1,4,5,6];5:[1,2,4,5,6];3:[2];21:[0,1,4,5,6,7];14:[1,4,6];7:[0,1,2,4,5,6];6:[4];15:[1,2,4,5,6];12:[4];24:[4];8:[4,6];1:[4,6];10:[4,6];17:[0,1,2,4,5,6];19:[4,6];9:[1,4,6];11:[1,4,6];13:[1,4,5,6];18:[0,1,2,4,5,6];16:[0,1,4,6];0:[1,4,5,6];29:[4];26:[2,4,6];20:[0,1,4,6];4:[1,4,5,6]","c25:bw=59,experts=[1,2,4,5,6]; c2:bw=10,experts=[4]; c28:bw=16,experts=[2]; c22:bw=45,experts=[0,1,4,6]; c27:bw=20,experts=[4,6]; c23:bw=46,experts=[1,4,5,6]; c5:bw=50,experts=[1,2,4,5,6]; c3:bw=10,experts=[2]; c21:bw=66,experts=[0,1,4,5,6,7]; c14:bw=32,experts=[1,4,6]; c7:bw=65,experts=[0,1,2,4,5,6]; c6:bw=10,experts=[4]; c15:bw=50,experts=[1,2,4,5,6]; c12:bw=10,experts=[4]; c24:bw=16,experts=[4]; c8:bw=28,experts=[4,6]; c1:bw=28,experts=[4,6]; c10:bw=25,experts=[4,6]; c17:bw=62,experts=[0,1,2,4,5,6]; c19:bw=20,experts=[4,6]; c9:bw=32,experts=[1,4,6]; c11:bw=37,experts=[1,4,6]; c13:bw=42,experts=[1,4,5,6]; c18:bw=60,experts=[0,1,2,4,5,6]; c16:bw=48,experts=[0,1,4,6]; c0:bw=40,experts=[1,4,5,6]; c29:bw=14,experts=[4]; c26:bw=32,experts=[2,4,6]; c20:bw=42,experts=[0,1,4,6]; c4:bw=47,experts=[1,4,5,6]","2.8053,1.7992,2.1837,2.2533,2.5749,1.9022,4.0775,2.1171,1.5322,1.8900,1.8631,1.6249,1.6749,2.4204,1.7343,1.6669,1.5620,3.3400,2.7303,2.0497,1.9436,2.9970,2.2407,2.3676,2.4682,1.6042,4.1854,1.5635,2.7912,2.8069"
75,2026-09-23 21:40:45,Ours,0.01,1.8145566210858157,54.74,54.74,75,76.8056,1:16.81,68.8586,6.623,1.321,5640.4942,1:34:00.49,30,"25,23,21,2,3,8,18,11,16,12,26,13,10,9,15,6,24,1,19,14,4,5,29,28,0,20,17,7,22,27",25:17;23:35;21:50;2:40;3:20;8:53;18:68;11:42;16:46;12:40;26:10;13:46;10:23;9:61;15:20;6:56;24:73;1:54;19:19;14:60;4:56;5:31;29:29;28:55;0:60;20:44;17:43;7:28;22:10;27:36,"25:[0];23:[3,4,6];21:[0,2,4,5,6];2:[1,4,5,6];3:[4,6];8:[0,1,4,5,6];18:[0,1,2,4,5,6];11:[0,2,4,6];16:[1,4,5,6];12:[1,4,5,6];26:[0];13:[0,1,4,6];10:[4,6];9:[0,1,2,4,5,6];15:[4,6];6:[0,1,4,5,6];24:[0,1,2,4,5,6,7];1:[0,1,4,5,6];19:[4];14:[0,1,2,4,5,6];4:[1,2,4,5,6];5:[1,4,6];29:[2,4];28:[0,1,4,5,6];0:[0,1,2,4,5,6];20:[1,4,5,6];17:[0,1,4,6];7:[4,6];22:[4];27:[2,4,6]","c25:bw=17,experts=[0]; c23:bw=35,experts=[3,4,6]; c21:bw=50,experts=[0,2,4,5,6]; c2:bw=40,experts=[1,4,5,6]; c3:bw=20,experts=[4,6]; c8:bw=53,experts=[0,1,4,5,6]; c18:bw=68,experts=[0,1,2,4,5,6]; c11:bw=42,experts=[0,2,4,6]; c16:bw=46,experts=[1,4,5,6]; c12:bw=40,experts=[1,4,5,6]; c26:bw=10,experts=[0]; c13:bw=46,experts=[0,1,4,6]; c10:bw=23,experts=[4,6]; c9:bw=61,experts=[0,1,2,4,5,6]; c15:bw=20,experts=[4,6]; c6:bw=56,experts=[0,1,4,5,6]; c24:bw=73,experts=[0,1,2,4,5,6,7]; c1:bw=54,experts=[0,1,4,5,6]; c19:bw=19,experts=[4]; c14:bw=60,experts=[0,1,2,4,5,6]; c4:bw=56,experts=[1,2,4,5,6]; c5:bw=31,experts=[1,4,6]; c29:bw=29,experts=[2,4]; c28:bw=55,experts=[0,1,4,5,6]; c0:bw=60,experts=[0,1,2,4,5,6]; c20:bw=44,experts=[1,4,5,6]; c17:bw=43,experts=[0,1,4,6]; c7:bw=28,experts=[4,6]; c22:bw=10,experts=[4]; c27:bw=36,experts=[2,4,6]","2.7704,1.8984,1.5336,1.8175,2.1514,1.6763,2.4013,3.0358,2.5052,2.4640,1.5245,2.2569,3.3279,1.9277,1.6503,1.6323,1.7555,1.5662,2.0286,1.8891,2.8029,4.0465,4.2238,2.2140,1.6141,2.7991,2.7051,1.8524,2.2546,2.5331"
76,2026-09-23 21:42:02,Ours,0.01,1.8040915444261645,54.8,54.8,76,76.5917,1:16.59,68.8545,6.4183,1.3158,5717.1217,1:35:17.12,30,"22,6,2,7,9,26,10,19,29,11,21,24,12,14,16,27,23,5,17,1,8,4,25,20,13,15,18,28,0,3",22:26;6:23;2:25;7:66;9:57;26:37;10:46;19:44;29:36;11:42;21:42;24:61;12:21;14:22;16:39;27:39;23:29;5:37;17:33;1:53;8:29;4:60;25:10;20:54;13:39;15:42;18:39;28:30;0:31;3:15,"22:[4,6];6:[4,7];2:[4,6];7:[0,1,4,5,6,7];9:[0,1,4,5,6];26:[1,4,6];10:[1,4,5,6];19:[1,4,5,6];29:[1,4,6];11:[0,1,4,6];21:[1,4,5,6];24:[0,1,2,4,5,6];12:[3,4];14:[4,6];16:[4,6,7];27:[1,4,6];23:[2,4];5:[4,6,7];17:[3,4,6];1:[0,1,4,5,6];8:[2,4];4:[1,2,4,5,6,7];25:[4];20:[0,1,4,6,7];13:[1,4,6];15:[0,1,4,6];18:[1,4,6];28:[1,4,6];0:[4,5,6];3:[4]","c22:bw=26,experts=[4,6]; c6:bw=23,experts=[4,7]; c2:bw=25,experts=[4,6]; c7:bw=66,experts=[0,1,4,5,6,7]; c9:bw=57,experts=[0,1,4,5,6]; c26:bw=37,experts=[1,4,6]; c10:bw=46,experts=[1,4,5,6]; c19:bw=44,experts=[1,4,5,6]; c29:bw=36,experts=[1,4,6]; c11:bw=42,experts=[0,1,4,6]; c21:bw=42,experts=[1,4,5,6]; c24:bw=61,experts=[0,1,2,4,5,6]; c12:bw=21,experts=[3,4]; c14:bw=22,experts=[4,6]; c16:bw=39,experts=[4,6,7]; c27:bw=39,experts=[1,4,6]; c23:bw=29,experts=[2,4]; c5:bw=37,experts=[4,6,7]; c17:bw=33,experts=[3,4,6]; c1:bw=53,experts=[0,1,4,5,6]; c8:bw=29,experts=[2,4]; c4:bw=60,experts=[1,2,4,5,6,7]; c25:bw=10,experts=[4]; c20:bw=54,experts=[0,1,4,6,7]; c13:bw=39,experts=[1,4,6]; c15:bw=42,experts=[0,1,4,6]; c18:bw=39,experts=[1,4,6]; c28:bw=30,experts=[1,4,6]; c0:bw=31,experts=[4,5,6]; c3:bw=15,experts=[4]","2.2477,1.6464,1.7860,1.8797,1.9500,1.5152,3.3398,2.0460,4.2037,3.0180,1.5354,1.8279,2.4646,1.8606,2.4692,2.5473,1.8802,4.0775,2.6790,1.5706,1.6769,2.8353,2.7573,2.7944,2.2722,1.6942,2.3611,2.2148,1.5659,2.1374"
77,2026-09-23 21:43:18,Ours,0.01,1.7977946525970645,54.88,54.88,77,76.5556,1:16.56,68.8906,6.3648,1.2971,5793.7123,1:36:33.71,30,"23,15,16,7,29,5,3,13,9,25,24,26,28,2,4,19,20,11,21,14,6,0,10,27,18,22,8,12,17,1",23:54;15:43;16:34;7:10;29:41;5:59;3:40;13:37;9:29;25:15;24:12;26:10;28:37;2:34;4:10;19:37;20:45;11:28;21:57;14:64;6:57;0:63;10:39;27:24;18:31;22:34;8:10;12:46;17:37;1:62,"23:[1,2,4,5,6];15:[1,4,5,6];16:[1,4,6];7:[4];29:[1,4,5,6];5:[0,1,4,5,6];3:[0,4,5,6];13:[2,4,6];9:[4,6];25:[4];24:[4];26:[4];28:[0,4,6];2:[1,4,6];4:[4];19:[0,4,6];20:[1,4,5,6];11:[4,6];21:[0,1,4,5,6];14:[0,1,3,4,5,6];6:[0,1,4,5,6];0:[0,1,2,4,5,6];10:[1,4,6];27:[4,6];18:[1,4,6];22:[1,4,6];8:[4];12:[1,4,5,6];17:[4,5,6];1:[0,1,2,4,5,6]","c23:bw=54,experts=[1,2,4,5,6]; c15:bw=43,experts=[1,4,5,6]; c16:bw=34,experts=[1,4,6]; c7:bw=10,experts=[4]; c29:bw=41,experts=[1,4,5,6]; c5:bw=59,experts=[0,1,4,5,6]; c3:bw=40,experts=[0,4,5,6]; c13:bw=37,experts=[2,4,6]; c9:bw=29,experts=[4,6]; c25:bw=15,experts=[4]; c24:bw=12,experts=[4]; c26:bw=10,experts=[4]; c28:bw=37,experts=[0,4,6]; c2:bw=34,experts=[1,4,6]; c4:bw=10,experts=[4]; c19:bw=37,experts=[0,4,6]; c20:bw=45,experts=[1,4,5,6]; c11:bw=28,experts=[4,6]; c21:bw=57,experts=[0,1,4,5,6]; c14:bw=64,experts=[0,1,3,4,5,6]; c6:bw=57,experts=[0,1,4,5,6]; c0:bw=63,experts=[0,1,2,4,5,6]; c10:bw=39,experts=[1,4,6]; c27:bw=24,experts=[4,6]; c18:bw=31,experts=[1,4,6]; c22:bw=34,experts=[1,4,6]; c8:bw=10,experts=[4]; c12:bw=46,experts=[1,4,5,6]; c17:bw=37,experts=[4,5,6]; c1:bw=62,experts=[0,1,2,4,5,6]","1.9058,1.7136,2.4633,1.8550,4.2237,4.0739,2.1502,2.2673,1.9445,2.7698,1.7380,1.5128,2.2092,1.8125,2.8030,2.0137,2.7974,2.9903,1.5179,1.9177,1.6323,1.5961,3.3305,2.5468,2.3928,2.2480,1.6935,2.4940,2.7121,1.5649"
78,2026-09-23 21:44:35,Ours,0.01,1.7958536823817925,54.96,54.96,78,76.7624,1:16.76,68.9209,6.5246,1.3137,5870.5107,1:37:50.51,30,"24,21,27,0,14,25,23,12,22,18,6,10,3,17,16,19,4,11,5,26,15,7,20,2,8,28,1,9,29,13",24:45;21:54;27:13;0:26;14:52;25:11;23:57;12:31;22:63;18:35;6:57;10:59;3:38;17:31;16:44;19:12;4:23;11:37;5:63;26:40;15:38;7:36;20:37;2:34;8:54;28:24;1:41;9:31;29:69;13:59,"24:[0,1,4,6];21:[1,2,4,5,6];27:[4];0:[4,6];14:[0,1,4,5,6];25:[4];23:[0,1,4,5,6];12:[4,6,7];22:[0,1,2,4,5,6];18:[0,4,6];6:[0,2,4,5,6];10:[1,4,5,6,7];3:[0,4,6];17:[1,4,6];16:[0,1,4,6];19:[4];4:[4,6];11:[4,5,6];5:[0,1,2,4,5,6];26:[1,4,5,6];15:[4,6,7];7:[1,4,6];20:[1,4,6];2:[1,4,6];8:[0,1,4,5,6];28:[4,7];1:[1,4,6,7];9:[1,4,6];29:[0,1,2,4,5,6];13:[0,1,4,5,6]","c24:bw=45,experts=[0,1,4,6]; c21:bw=54,experts=[1,2,4,5,6]; c27:bw=13,experts=[4]; c0:bw=26,experts=[4,6]; c14:bw=52,experts=[0,1,4,5,6]; c25:bw=11,experts=[4]; c23:bw=57,experts=[0,1,4,5,6]; c12:bw=31,experts=[4,6,7]; c22:bw=63,experts=[0,1,2,4,5,6]; c18:bw=35,experts=[0,4,6]; c6:bw=57,experts=[0,2,4,5,6]; c10:bw=59,experts=[1,4,5,6,7]; c3:bw=38,experts=[0,4,6]; c17:bw=31,experts=[1,4,6]; c16:bw=44,experts=[0,1,4,6]; c19:bw=12,experts=[4]; c4:bw=23,experts=[4,6]; c11:bw=37,experts=[4,5,6]; c5:bw=63,experts=[0,1,2,4,5,6]; c26:bw=40,experts=[1,4,5,6]; c15:bw=38,experts=[4,6,7]; c7:bw=36,experts=[1,4,6]; c20:bw=37,experts=[1,4,6]; c2:bw=34,experts=[1,4,6]; c8:bw=54,experts=[0,1,4,5,6]; c28:bw=24,experts=[4,7]; c1:bw=41,experts=[1,4,6,7]; c9:bw=31,experts=[1,4,6]; c29:bw=69,experts=[0,1,2,4,5,6]; c13:bw=59,experts=[0,1,4,5,6]","1.7652,1.5081,2.5589,1.5922,1.9118,2.7661,1.8874,2.4633,2.2729,2.3934,1.6451,3.3501,2.1677,2.7083,2.5012,2.0580,2.7955,3.0259,4.0882,1.5158,1.6710,1.8460,2.8124,1.8101,1.7004,2.1759,1.5579,1.9218,4.1994,2.2512"
79,2026-09-23 21:45:52,Ours,0.01,1.8084293183617948,55.11,55.11,79,76.7382,1:16.74,68.9214,6.4899,1.3237,5947.2876,1:39:07.29,30,"11,8,9,16,0,6,17,5,28,7,2,29,26,4,19,21,13,1,12,23,25,18,10,3,24,27,20,14,15,22",11:32;8:44;9:10;16:59;0:36;6:21;17:58;5:53;28:37;7:46;2:33;29:43;26:41;4:80;19:26;21:46;13:43;1:37;12:10;23:46;25:29;18:12;10:34;3:26;24:58;27:52;20:39;14:62;15:54;22:33,"11:[1,4,6];8:[1,4,5,6];9:[4];16:[0,1,4,5,6];0:[0,4,6];6:[4,6];17:[1,4,5,6,7];5:[0,1,3,4,6];28:[1,4,6];7:[1,4,5,6];2:[2,4,6];29:[1,4,5,6];26:[1,4,5,6];4:[0,1,2,3,4,5,6,7];19:[2,4];21:[1,4,5,6];13:[1,4,5,6];1:[1,4,6];12:[0];23:[0,4,6,7];25:[4,6];18:[7];10:[2,4,6];3:[4,7];24:[1,3,4,5,6];27:[1,2,4,5,6];20:[1,4,6];14:[0,1,2,4,5,6];15:[0,1,4,5,6];22:[3,4,6]","c11:bw=32,experts=[1,4,6]; c8:bw=44,experts=[1,4,5,6]; c9:bw=10,experts=[4]; c16:bw=59,experts=[0,1,4,5,6]; c0:bw=36,experts=[0,4,6]; c6:bw=21,experts=[4,6]; c17:bw=58,experts=[1,4,5,6,7]; c5:bw=53,experts=[0,1,3,4,6]; c28:bw=37,experts=[1,4,6]; c7:bw=46,experts=[1,4,5,6]; c2:bw=33,experts=[2,4,6]; c29:bw=43,experts=[1,4,5,6]; c26:bw=41,experts=[1,4,5,6]; c4:bw=80,experts=[0,1,2,3,4,5,6,7]; c19:bw=26,experts=[2,4]; c21:bw=46,experts=[1,4,5,6]; c13:bw=43,experts=[1,4,5,6]; c1:bw=37,experts=[1,4,6]; c12:bw=10,experts=[0]; c23:bw=46,experts=[0,4,6,7]; c25:bw=29,experts=[4,6]; c18:bw=12,experts=[7]; c10:bw=34,experts=[2,4,6]; c3:bw=26,experts=[4,7]; c24:bw=58,experts=[1,3,4,5,6]; c27:bw=52,experts=[1,2,4,5,6]; c20:bw=39,experts=[1,4,6]; c14:bw=62,experts=[0,1,2,4,5,6]; c15:bw=54,experts=[0,1,4,5,6]; c22:bw=33,experts=[3,4,6]","3.0097,1.6736,1.9148,2.4953,1.5975,1.6463,2.7357,4.0884,2.2194,1.8901,1.8215,4.2290,1.5339,2.8109,2.0512,1.5230,2.2624,1.5702,2.4525,1.8874,2.7972,2.3637,3.3284,2.1275,1.7648,2.5518,2.7558,1.8773,1.6888,2.2534"
80,2026-09-23 21:47:09,Ours,0.01,1.828218556434,54.87,55.11,79,76.7182,1:16.72,68.8732,6.5136,1.3282,6024.0444,1:40:24.04,30,"2,13,1,14,17,23,4,8,15,21,28,19,7,26,0,5,22,18,3,20,25,16,24,12,27,9,11,6,10,29",2:44;13:39;1:31;14:30;17:61;23:36;4:57;8:51;15:41;21:64;28:10;19:35;7:48;26:41;0:47;5:65;22:43;18:13;3:31;20:25;25:38;16:44;24:43;12:10;27:27;9:53;11:62;6:39;10:18;29:10,"2:[3,4,6,7];13:[3,4,6];1:[3,4,6];14:[4,6,7];17:[0,1,2,4,5,6];23:[0,4,6];4:[0,1,4,5,6];8:[0,1,3,4,6];15:[0,3,4,6];21:[0,1,3,4,5,6];28:[3];19:[3,4,6];7:[1,3,4,6];26:[1,3,4,6];0:[1,3,4,6];5:[0,1,2,4,5,6];22:[1,4,6,7];18:[3];3:[3,4,6];20:[3,4];25:[3,4,6];16:[1,3,4,6];24:[0,1,4,6];12:[2];27:[3,7];9:[1,3,4,6,7];11:[0,1,3,4,5,6];6:[3,4,6];10:[3];29:[3]","c2:bw=44,experts=[3,4,6,7]; c13:bw=39,experts=[3,4,6]; c1:bw=31,experts=[3,4,6]; c14:bw=30,experts=[4,6,7]; c17:bw=61,experts=[0,1,2,4,5,6]; c23:bw=36,experts=[0,4,6]; c4:bw=57,experts=[0,1,4,5,6]; c8:bw=51,experts=[0,1,3,4,6]; c15:bw=41,experts=[0,3,4,6]; c21:bw=64,experts=[0,1,3,4,5,6]; c28:bw=10,experts=[3]; c19:bw=35,experts=[3,4,6]; c7:bw=48,experts=[1,3,4,6]; c26:bw=41,experts=[1,3,4,6]; c0:bw=47,experts=[1,3,4,6]; c5:bw=65,experts=[0,1,2,4,5,6]; c22:bw=43,experts=[1,4,6,7]; c18:bw=13,experts=[3]; c3:bw=31,experts=[3,4,6]; c20:bw=25,experts=[3,4]; c25:bw=38,experts=[3,4,6]; c16:bw=44,experts=[1,3,4,6]; c24:bw=43,experts=[0,1,4,6]; c12:bw=10,experts=[2]; c27:bw=27,experts=[3,7]; c9:bw=53,experts=[1,3,4,6,7]; c11:bw=62,experts=[0,1,3,4,5,6]; c6:bw=39,experts=[3,4,6]; c10:bw=18,experts=[3]; c29:bw=10,experts=[3]","1.8226,2.2674,1.5565,1.8786,2.7240,1.9044,2.8226,1.6869,1.7029,1.5056,2.2082,2.0317,1.8479,1.5253,1.5883,4.0701,2.2347,2.3548,2.1541,2.8597,2.7939,2.4967,1.7687,2.4553,2.5351,1.9464,3.0177,1.6486,3.2936,4.1709"
81,2026-09-23 21:48:26,Ours,0.01,1.7912601133331454,56.24,56.24,81,76.8945,1:16.89,68.9909,6.5855,1.3149,6100.9787,1:41:40.98,30,"29,5,27,11,12,10,20,13,21,0,22,18,2,1,8,26,6,19,17,3,4,16,15,7,28,24,25,23,9,14",29:28;5:30;27:13;11:22;12:75;10:44;20:12;13:21;21:54;0:50;22:10;18:60;2:45;1:49;8:48;26:39;6:51;19:52;17:27;3:67;4:42;16:35;15:65;7:58;28:61;24:57;25:34;23:27;9:26;14:46,"29:[4,7];5:[1,4,6];27:[0];11:[4,7];12:[0,1,2,3,4,5,6];10:[0,1,4,6];20:[2];13:[4,7];21:[0,1,4,5,6];0:[0,1,4,6,7];22:[4];18:[0,1,2,4,5,6];2:[0,1,4,6];1:[0,1,4,6];8:[1,4,6,7];26:[4,6,7];6:[0,1,4,5,6];19:[0,1,4,6,7];17:[4,6];3:[0,1,2,4,5,6];4:[0,1,4,6];16:[2,4,6];15:[0,1,2,4,5,6];7:[0,1,4,5,6];28:[0,1,2,4,5,6];24:[1,2,4,5,6];25:[4,6,7];23:[4,6];9:[4,6];14:[1,2,4,6]","c29:bw=28,experts=[4,7]; c5:bw=30,experts=[1,4,6]; c27:bw=13,experts=[0]; c11:bw=22,experts=[4,7]; c12:bw=75,experts=[0,1,2,3,4,5,6]; c10:bw=44,experts=[0,1,4,6]; c20:bw=12,experts=[2]; c13:bw=21,experts=[4,7]; c21:bw=54,experts=[0,1,4,5,6]; c0:bw=50,experts=[0,1,4,6,7]; c22:bw=10,experts=[4]; c18:bw=60,experts=[0,1,2,4,5,6]; c2:bw=45,experts=[0,1,4,6]; c1:bw=49,experts=[0,1,4,6]; c8:bw=48,experts=[1,4,6,7]; c26:bw=39,experts=[4,6,7]; c6:bw=51,experts=[0,1,4,5,6]; c19:bw=52,experts=[0,1,4,6,7]; c17:bw=27,experts=[4,6]; c3:bw=67,experts=[0,1,2,4,5,6]; c4:bw=42,experts=[0,1,4,6]; c16:bw=35,experts=[2,4,6]; c15:bw=65,experts=[0,1,2,4,5,6]; c7:bw=58,experts=[0,1,4,5,6]; c28:bw=61,experts=[0,1,2,4,5,6]; c24:bw=57,experts=[1,2,4,5,6]; c25:bw=34,experts=[4,6,7]; c23:bw=27,experts=[4,6]; c9:bw=26,experts=[4,6]; c14:bw=46,experts=[1,2,4,6]","4.2007,4.0875,2.5497,3.0090,2.5210,3.3626,2.7581,2.2707,1.5281,1.5939,2.2338,2.3940,1.8073,1.5627,1.6935,1.5214,1.6288,2.0469,2.6588,2.1596,2.8172,2.4664,1.6975,1.8841,2.2500,1.7648,2.8182,1.8848,1.9309,1.8890"
82,2026-09-23 21:49:42,Ours,0.01,1.7733976850925322,55.93,56.24,81,76.6748,1:16.67,68.8901,6.4815,1.3001,6177.6906,1:42:57.69,30,"5,3,0,19,25,7,28,11,24,26,29,1,23,17,18,27,12,13,8,9,10,6,2,14,4,15,21,16,20,22",5:40;3:39;0:30;19:21;25:33;7:40;28:46;11:47;24:53;26:35;29:39;1:64;23:14;17:44;18:45;27:32;12:63;13:35;8:58;9:56;10:18;6:36;2:30;14:54;4:30;15:16;21:44;16:32;20:11;22:51,"5:[1,4,5,6];3:[1,4,6];0:[1,4,6];19:[4,6];25:[1,2,5];7:[1,2,4,6];28:[0,1,4,6];11:[0,1,4,6];24:[0,1,4,5,6];26:[2,4,6];29:[1,4,6];1:[0,1,2,4,5,6];23:[4];17:[1,4,5,6];18:[1,2,4,6];27:[1,4,6];12:[0,1,2,4,5,6];13:[1,4,6];8:[1,2,4,5,6];9:[0,1,4,5,6];10:[4];6:[1,4,6];2:[1,4,6];14:[0,1,4,5,6];4:[1,4,6];15:[4];21:[1,4,6,7];16:[1,4,6];20:[4];22:[1,2,4,5,6]","c5:bw=40,experts=[1,4,5,6]; c3:bw=39,experts=[1,4,6]; c0:bw=30,experts=[1,4,6]; c19:bw=21,experts=[4,6]; c25:bw=33,experts=[1,2,5]; c7:bw=40,experts=[1,2,4,6]; c28:bw=46,experts=[0,1,4,6]; c11:bw=47,experts=[0,1,4,6]; c24:bw=53,experts=[0,1,4,5,6]; c26:bw=35,experts=[2,4,6]; c29:bw=39,experts=[1,4,6]; c1:bw=64,experts=[0,1,2,4,5,6]; c23:bw=14,experts=[4]; c17:bw=44,experts=[1,4,5,6]; c18:bw=45,experts=[1,2,4,6]; c27:bw=32,experts=[1,4,6]; c12:bw=63,experts=[0,1,2,4,5,6]; c13:bw=35,experts=[1,4,6]; c8:bw=58,experts=[1,2,4,5,6]; c9:bw=56,experts=[0,1,4,5,6]; c10:bw=18,experts=[4]; c6:bw=36,experts=[1,4,6]; c2:bw=30,experts=[1,4,6]; c14:bw=54,experts=[0,1,4,5,6]; c4:bw=30,experts=[1,4,6]; c15:bw=16,experts=[4]; c21:bw=44,experts=[1,4,6,7]; c16:bw=32,experts=[1,4,6]; c20:bw=11,experts=[4]; c22:bw=51,experts=[1,2,4,5,6]","4.0692,2.1548,1.6128,2.0650,2.7655,1.8680,2.2213,3.0548,1.7866,1.5215,4.2290,1.5733,1.8920,2.6918,2.4269,2.5607,2.4674,2.2459,1.6730,1.9431,3.3158,1.6193,1.7832,1.8957,2.7711,1.6565,1.5215,2.4765,2.7747,2.2528"
83,2026-09-23 21:50:59,Ours,0.01,1.7723876465306694,56.14,56.24,81,76.8963,1:16.90,69.0252,6.5586,1.3092,6254.6923,1:44:14.69,30,"22,19,1,11,29,16,14,21,20,27,15,17,8,2,25,0,4,7,24,26,12,28,9,5,3,18,13,23,6,10",22:70;19:67;1:63;11:27;29:46;16:49;14:39;21:53;20:50;27:58;15:39;17:31;8:39;2:41;25:48;0:10;4:10;7:37;24:43;26:17;12:44;28:10;9:51;5:10;3:42;18:21;13:46;23:34;6:53;10:37,"22:[0,1,2,4,5,6,7];19:[0,1,2,4,5,6];1:[0,1,2,4,5,6];11:[2,4];29:[0,1,4,6];16:[0,1,4,6];14:[1,4,6];21:[0,1,4,5,6];20:[0,1,4,5,6];27:[0,1,2,4,6];15:[1,4,6];17:[1,4,6];8:[1,4,6];2:[1,4,5,6];25:[0,1,4,6];0:[4];4:[4];7:[1,4,6];24:[1,4,6,7];26:[0];12:[0,1,4,6];28:[4];9:[0,1,2,4,6];5:[4];3:[1,4,5,6];18:[4,6];13:[0,1,4,6];23:[3,4,6];6:[0,1,4,5,6];10:[1,4,6]","c22:bw=70,experts=[0,1,2,4,5,6,7]; c19:bw=67,experts=[0,1,2,4,5,6]; c1:bw=63,experts=[0,1,2,4,5,6]; c11:bw=27,experts=[2,4]; c29:bw=46,experts=[0,1,4,6]; c16:bw=49,experts=[0,1,4,6]; c14:bw=39,experts=[1,4,6]; c21:bw=53,experts=[0,1,4,5,6]; c20:bw=50,experts=[0,1,4,5,6]; c27:bw=58,experts=[0,1,2,4,6]; c15:bw=39,experts=[1,4,6]; c17:bw=31,experts=[1,4,6]; c8:bw=39,experts=[1,4,6]; c2:bw=41,experts=[1,4,5,6]; c25:bw=48,experts=[0,1,4,6]; c0:bw=10,experts=[4]; c4:bw=10,experts=[4]; c7:bw=37,experts=[1,4,6]; c24:bw=43,experts=[1,4,6,7]; c26:bw=17,experts=[0]; c12:bw=44,experts=[0,1,4,6]; c28:bw=10,experts=[4]; c9:bw=51,experts=[0,1,2,4,6]; c5:bw=10,experts=[4]; c3:bw=42,experts=[1,4,5,6]; c18:bw=21,experts=[4,6]; c13:bw=46,experts=[0,1,4,6]; c23:bw=34,experts=[3,4,6]; c6:bw=53,experts=[0,1,4,5,6]; c10:bw=37,experts=[1,4,6]","2.2834,2.0809,1.5625,3.0078,4.2208,2.4912,1.9052,1.5157,2.8171,2.5943,1.6935,2.7088,1.6949,1.8078,2.8096,1.5880,2.7769,1.8603,1.7498,1.5079,2.4876,2.2005,1.9473,4.0430,2.1667,2.3576,2.2468,1.8878,1.6571,3.3542"
84,2026-09-23 21:52:16,Ours,0.01,1.7644334233699446,56.25,56.25,84,76.883,1:16.88,69.085,6.4804,1.3143,6331.6128,1:45:31.61,30,"8,12,29,13,10,16,9,14,23,3,6,15,19,0,18,22,27,1,24,21,28,2,17,25,5,7,20,26,11,4",8:67;12:45;29:12;13:30;10:10;16:47;9:20;14:45;23:58;3:32;6:10;15:75;19:22;0:10;18:55;22:67;27:21;1:58;24:37;21:10;28:30;2:36;17:43;25:17;5:20;7:47;20:64;26:38;11:50;4:27,"8:[0,1,2,4,5,6];12:[1,4,5,6];29:[4];13:[1,4,6];10:[4];16:[1,4,6,7];9:[4,6];14:[0,1,4,6];23:[0,1,2,4,6];3:[1,4,6];6:[7];15:[0,1,2,4,5,6,7];19:[4,6];0:[4];18:[1,2,4,5,6];22:[0,1,2,4,5,6];27:[4,6];1:[0,1,2,4,6];24:[0,4,6];21:[4];28:[1,4,6];2:[1,4,6];17:[1,3,4,6];25:[4];5:[4,7];7:[1,4,6,7];20:[0,1,4,5,6,7];26:[1,4,6];11:[1,2,4,5,6];4:[4,6]","c8:bw=67,experts=[0,1,2,4,5,6]; c12:bw=45,experts=[1,4,5,6]; c29:bw=12,experts=[4]; c13:bw=30,experts=[1,4,6]; c10:bw=10,experts=[4]; c16:bw=47,experts=[1,4,6,7]; c9:bw=20,experts=[4,6]; c14:bw=45,experts=[0,1,4,6]; c23:bw=58,experts=[0,1,2,4,6]; c3:bw=32,experts=[1,4,6]; c6:bw=10,experts=[7]; c15:bw=75,experts=[0,1,2,4,5,6,7]; c19:bw=22,experts=[4,6]; c0:bw=10,experts=[4]; c18:bw=55,experts=[1,2,4,5,6]; c22:bw=67,experts=[0,1,2,4,5,6]; c27:bw=21,experts=[4,6]; c1:bw=58,experts=[0,1,2,4,6]; c24:bw=37,experts=[0,4,6]; c21:bw=10,experts=[4]; c28:bw=30,experts=[1,4,6]; c2:bw=36,experts=[1,4,6]; c17:bw=43,experts=[1,3,4,6]; c25:bw=17,experts=[4]; c5:bw=20,experts=[4,7]; c7:bw=47,experts=[1,4,6,7]; c20:bw=64,experts=[0,1,4,5,6,7]; c26:bw=38,experts=[1,4,6]; c11:bw=50,experts=[1,2,4,5,6]; c4:bw=27,experts=[4,6]","1.6952,2.4976,4.2304,2.3068,3.3511,2.4826,1.9527,1.8911,1.9129,2.1457,1.6312,1.6918,2.0551,1.5904,2.3825,2.2553,2.5682,1.5797,1.7431,1.4957,2.1866,1.7931,2.8024,2.7602,4.0617,1.8685,2.8056,1.5237,3.0397,2.7844"
85,2026-09-23 21:53:33,Ours,0.01,1.752530018240021,56.58,56.58,85,76.739,1:16.74,68.8569,6.5619,1.3169,6408.39,1:46:48.39,30,"10,8,1,25,0,29,3,4,5,17,20,18,6,12,13,19,2,7,21,23,16,11,26,27,28,9,15,22,24,14",10:44;8:70;1:57;25:19;0:38;29:35;3:51;4:42;5:12;17:49;20:30;18:51;6:42;12:47;13:35;19:54;2:45;7:11;21:64;23:57;16:19;11:10;26:36;27:53;28:47;9:58;15:70;22:27;24:18;14:44,"10:[1,4,5,6];8:[0,1,2,4,5,6,7];1:[0,1,4,5,6];25:[4];0:[2,4,5];29:[1,4,6];3:[1,2,4,5,6];4:[0,1,4,6];5:[4];17:[1,2,4,6];20:[1,4,6];18:[0,1,4,5,6];6:[1,4,5,6];12:[1,4,5,6];13:[2,4,6];19:[1,2,4,5,6];2:[0,1,4,6];7:[4];21:[0,1,2,4,5,6];23:[1,2,4,5,6];16:[4];11:[4];26:[1,4,6];27:[1,2,4,5,6];28:[0,1,4,6];9:[1,2,4,5,6];15:[0,1,2,4,5,6,7];22:[4,6];24:[4];14:[1,3,4,6]","c10:bw=44,experts=[1,4,5,6]; c8:bw=70,experts=[0,1,2,4,5,6,7]; c1:bw=57,experts=[0,1,4,5,6]; c25:bw=19,experts=[4]; c0:bw=38,experts=[2,4,5]; c29:bw=35,experts=[1,4,6]; c3:bw=51,experts=[1,2,4,5,6]; c4:bw=42,experts=[0,1,4,6]; c5:bw=12,experts=[4]; c17:bw=49,experts=[1,2,4,6]; c20:bw=30,experts=[1,4,6]; c18:bw=51,experts=[0,1,4,5,6]; c6:bw=42,experts=[1,4,5,6]; c12:bw=47,experts=[1,4,5,6]; c13:bw=35,experts=[2,4,6]; c19:bw=54,experts=[1,2,4,5,6]; c2:bw=45,experts=[0,1,4,6]; c7:bw=11,experts=[4]; c21:bw=64,experts=[0,1,2,4,5,6]; c23:bw=57,experts=[1,2,4,5,6]; c16:bw=19,experts=[4]; c11:bw=10,experts=[4]; c26:bw=36,experts=[1,4,6]; c27:bw=53,experts=[1,2,4,5,6]; c28:bw=47,experts=[0,1,4,6]; c9:bw=58,experts=[1,2,4,5,6]; c15:bw=70,experts=[0,1,2,4,5,6,7]; c22:bw=27,experts=[4,6]; c24:bw=18,experts=[4]; c14:bw=44,experts=[1,3,4,6]","3.3822,1.6994,1.5723,2.7887,1.5928,4.2466,2.1817,2.8148,4.0333,2.7115,2.8117,2.4290,1.6584,2.4652,2.2533,2.0475,1.7860,1.8311,1.5242,1.8940,2.4579,2.9713,1.4887,2.5358,2.1872,1.9523,1.6976,2.2249,1.7267,1.8907"
86,2026-09-23 21:54:50,Ours,0.01,1.7579899560290175,56.51,56.58,85,76.9782,1:16.98,69.1686,6.4808,1.3255,6485.4062,1:48:05.41,30,"9,10,16,25,29,14,27,2,22,4,8,26,12,18,24,23,3,13,1,28,11,15,20,0,6,7,17,21,5,19",9:43;10:47;16:50;25:36;29:18;14:45;27:44;2:24;22:44;4:18;8:28;26:66;12:28;18:52;24:24;23:47;3:28;13:55;1:72;28:42;11:38;15:55;20:27;0:30;6:55;7:44;17:40;21:34;5:47;19:18,"9:[1,4,5,6];10:[1,4,6,7];16:[0,1,2,4,6];25:[1,4,6];29:[2];14:[1,4,5,6];27:[0,1,4,6];2:[4,6];22:[1,2,4,6];4:[4];8:[4,6];26:[0,1,2,4,5,6];12:[4,7];18:[0,1,4,5,6];24:[4,6];23:[1,4,5,6];3:[4,6];13:[1,2,4,5,6];1:[0,1,2,4,5,6,7];28:[1,4,6,7];11:[1,4,6];15:[1,2,4,5,6];20:[4,6];0:[1,4,6];6:[0,1,2,4,6];7:[0,1,4,6];17:[1,2,4,6];21:[1,4,6];5:[1,4,5,6];19:[4]","c9:bw=43,experts=[1,4,5,6]; c10:bw=47,experts=[1,4,6,7]; c16:bw=50,experts=[0,1,2,4,6]; c25:bw=36,experts=[1,4,6]; c29:bw=18,experts=[2]; c14:bw=45,experts=[1,4,5,6]; c27:bw=44,experts=[0,1,4,6]; c2:bw=24,experts=[4,6]; c22:bw=44,experts=[1,2,4,6]; c4:bw=18,experts=[4]; c8:bw=28,experts=[4,6]; c26:bw=66,experts=[0,1,2,4,5,6]; c12:bw=28,experts=[4,7]; c18:bw=52,experts=[0,1,4,5,6]; c24:bw=24,experts=[4,6]; c23:bw=47,experts=[1,4,5,6]; c3:bw=28,experts=[4,6]; c13:bw=55,experts=[1,2,4,5,6]; c1:bw=72,experts=[0,1,2,4,5,6,7]; c28:bw=42,experts=[1,4,6,7]; c11:bw=38,experts=[1,4,6]; c15:bw=55,experts=[1,2,4,5,6]; c20:bw=27,experts=[4,6]; c0:bw=30,experts=[1,4,6]; c6:bw=55,experts=[0,1,2,4,6]; c7:bw=44,experts=[0,1,4,6]; c17:bw=40,experts=[1,2,4,6]; c21:bw=34,experts=[1,4,6]; c5:bw=47,experts=[1,4,5,6]; c19:bw=18,experts=[4]","1.9491,3.3606,2.5102,2.8418,4.2171,1.9075,2.5881,1.8153,2.2759,2.8168,1.6945,1.5448,2.4713,2.3696,1.7678,1.9022,2.1305,2.2586,1.5519,2.2184,3.0130,1.6870,2.7863,1.5868,1.6533,1.8669,2.6843,1.5147,4.1421,2.0422"
87,2026-09-23 21:56:07,Ours,0.01,1.7517491695898073,56.57,56.58,85,76.8516,1:16.85,69.0256,6.5138,1.3091,6562.2956,1:49:22.30,30,"16,8,18,13,15,26,6,20,12,7,24,1,23,27,0,19,11,9,4,14,10,21,2,5,28,17,3,25,22,29",16:45;8:46;18:45;13:45;15:63;26:47;6:60;20:54;12:45;7:22;24:30;1:29;23:30;27:62;0:35;19:33;11:18;9:37;4:34;14:36;10:49;21:36;2:67;5:10;28:31;17:25;3:68;25:67;22:21;29:24,"16:[1,4,5,6];8:[0,1,4,6];18:[1,4,6,7];13:[1,4,5,6];15:[0,1,2,4,5,6];26:[1,4,5,6];6:[0,1,2,4,5,6];20:[0,1,4,5,6];12:[1,4,5,6];7:[4,6];24:[3,4,6];1:[4,6];23:[4,6,7];27:[0,1,2,4,5,6];0:[1,4,6];19:[1,4,6];11:[4];9:[1,4,6];4:[2,3,7];14:[1,4,6];10:[0,2,4,6];21:[1,4,6];2:[0,1,2,4,5,6];5:[3];28:[1,4,6];17:[4,7];3:[1,2,4,5,6,7];25:[0,1,2,4,5,6];22:[3,4];29:[4,5]","c16:bw=45,experts=[1,4,5,6]; c8:bw=46,experts=[0,1,4,6]; c18:bw=45,experts=[1,4,6,7]; c13:bw=45,experts=[1,4,5,6]; c15:bw=63,experts=[0,1,2,4,5,6]; c26:bw=47,experts=[1,4,5,6]; c6:bw=60,experts=[0,1,2,4,5,6]; c20:bw=54,experts=[0,1,4,5,6]; c12:bw=45,experts=[1,4,5,6]; c7:bw=22,experts=[4,6]; c24:bw=30,experts=[3,4,6]; c1:bw=29,experts=[4,6]; c23:bw=30,experts=[4,6,7]; c27:bw=62,experts=[0,1,2,4,5,6]; c0:bw=35,experts=[1,4,6]; c19:bw=33,experts=[1,4,6]; c11:bw=18,experts=[4]; c9:bw=37,experts=[1,4,6]; c4:bw=34,experts=[2,3,7]; c14:bw=36,experts=[1,4,6]; c10:bw=49,experts=[0,2,4,6]; c21:bw=36,experts=[1,4,6]; c2:bw=67,experts=[0,1,2,4,5,6]; c5:bw=10,experts=[3]; c28:bw=31,experts=[1,4,6]; c17:bw=25,experts=[4,7]; c3:bw=68,experts=[1,2,4,5,6,7]; c25:bw=67,experts=[0,1,2,4,5,6]; c22:bw=21,experts=[3,4]; c29:bw=24,experts=[4,5]","2.4942,1.6848,2.4146,2.2989,1.6738,1.5455,1.6585,2.8723,2.5072,1.8521,1.7604,1.5640,1.8879,2.5925,1.5892,2.0662,3.0275,1.9383,2.7856,1.8808,3.2980,1.5228,1.8046,4.0241,2.2063,2.6955,2.1625,2.8006,2.2248,4.1920"
88,2026-09-23 21:57:24,Ours,0.01,1.7537979150283598,56.96,56.96,88,76.9745,1:16.97,69.1542,6.4888,1.3282,6639.3087,1:50:39.31,30,"21,11,6,20,7,4,16,14,8,10,28,18,12,15,5,22,23,24,3,0,27,9,25,19,13,17,2,29,26,1",21:42;11:10;6:27;20:41;7:41;4:38;16:30;14:10;8:43;10:71;28:24;18:22;12:61;15:60;5:30;22:57;23:52;24:36;3:33;0:62;27:40;9:31;25:26;19:23;13:34;17:30;2:46;29:16;26:69;1:28,"21:[1,3,4,6];11:[3];6:[3,4];20:[1,3,4,6];7:[1,3,4,6];4:[4,5,6];16:[3,4,6];14:[7];8:[0,3,4,6];10:[0,1,2,3,4,5,6];28:[3,4];18:[3,4];12:[0,1,2,4,5,6];15:[0,1,3,4,5,6];5:[0,2,4];22:[1,2,4,5,6];23:[0,1,2,4,6];24:[1,4,6];3:[3,4,6];0:[0,1,3,4,5,6];27:[3,4,6,7];9:[3,4,7];25:[3,4];19:[3,4];13:[3,4,6];17:[0,4,6];2:[3,4,6,7];29:[3];26:[1,2,3,4,5,6];1:[3,4]","c21:bw=42,experts=[1,3,4,6]; c11:bw=10,experts=[3]; c6:bw=27,experts=[3,4]; c20:bw=41,experts=[1,3,4,6]; c7:bw=41,experts=[1,3,4,6]; c4:bw=38,experts=[4,5,6]; c16:bw=30,experts=[3,4,6]; c14:bw=10,experts=[7]; c8:bw=43,experts=[0,3,4,6]; c10:bw=71,experts=[0,1,2,3,4,5,6]; c28:bw=24,experts=[3,4]; c18:bw=22,experts=[3,4]; c12:bw=61,experts=[0,1,2,4,5,6]; c15:bw=60,experts=[0,1,3,4,5,6]; c5:bw=30,experts=[0,2,4]; c22:bw=57,experts=[1,2,4,5,6]; c23:bw=52,experts=[0,1,2,4,6]; c24:bw=36,experts=[1,4,6]; c3:bw=33,experts=[3,4,6]; c0:bw=62,experts=[0,1,3,4,5,6]; c27:bw=40,experts=[3,4,6,7]; c9:bw=31,experts=[3,4,7]; c25:bw=26,experts=[3,4]; c19:bw=23,experts=[3,4]; c13:bw=34,experts=[3,4,6]; c17:bw=30,experts=[0,4,6]; c2:bw=46,experts=[3,4,6,7]; c29:bw=16,experts=[3]; c26:bw=69,experts=[1,2,3,4,5,6]; c1:bw=28,experts=[3,4]","1.5204,3.0525,1.6401,2.8294,1.8843,2.8053,2.5128,1.8801,1.6834,3.3634,2.2128,2.3670,2.4759,1.6940,4.0597,2.2852,1.9064,1.7625,2.1746,1.6062,2.5704,1.9464,2.7897,2.0312,2.2618,2.7698,1.7934,4.1928,1.5244,1.5582"
89,2026-09-23 21:58:41,Ours,0.01,1.7782066883700551,57.26,57.26,89,76.5875,1:16.59,68.9106,6.3721,1.3014,6715.9358,1:51:55.94,30,"22,26,16,21,23,15,0,6,7,28,18,27,8,9,20,2,4,1,10,5,17,19,13,25,11,12,29,14,24,3",22:42;26:10;16:50;21:28;23:24;15:61;0:13;6:32;7:21;28:20;18:55;27:10;8:74;9:60;20:31;2:44;4:30;1:41;10:28;5:46;17:40;19:16;13:10;25:17;11:36;12:34;29:14;14:30;24:58;3:31,"22:[0,1,4,6];26:[7];16:[0,1,2,4,6];21:[4,6];23:[4,6];15:[0,1,2,4,5,6];0:[7];6:[1,4,6];7:[4,5];28:[2,5];18:[1,2,4,5,6];27:[4];8:[0,1,2,3,4,5,6];9:[0,1,2,4,5,6];20:[2,4,6];2:[1,2,4,6];4:[1,4,6];1:[1,2,4,6];10:[4,6];5:[0,1,4,6];17:[0,1,4,6];19:[7];13:[7];25:[7];11:[4,6,7];12:[3,4,6];29:[7];14:[2,4,6];24:[0,1,2,4,6];3:[0,4,6]","c22:bw=42,experts=[0,1,4,6]; c26:bw=10,experts=[7]; c16:bw=50,experts=[0,1,2,4,6]; c21:bw=28,experts=[4,6]; c23:bw=24,experts=[4,6]; c15:bw=61,experts=[0,1,2,4,5,6]; c0:bw=13,experts=[7]; c6:bw=32,experts=[1,4,6]; c7:bw=21,experts=[4,5]; c28:bw=20,experts=[2,5]; c18:bw=55,experts=[1,2,4,5,6]; c27:bw=10,experts=[4]; c8:bw=74,experts=[0,1,2,3,4,5,6]; c9:bw=60,experts=[0,1,2,4,5,6]; c20:bw=31,experts=[2,4,6]; c2:bw=44,experts=[1,2,4,6]; c4:bw=30,experts=[1,4,6]; c1:bw=41,experts=[1,2,4,6]; c10:bw=28,experts=[4,6]; c5:bw=46,experts=[0,1,4,6]; c17:bw=40,experts=[0,1,4,6]; c19:bw=16,experts=[7]; c13:bw=10,experts=[7]; c25:bw=17,experts=[7]; c11:bw=36,experts=[4,6,7]; c12:bw=34,experts=[3,4,6]; c29:bw=14,experts=[7]; c14:bw=30,experts=[2,4,6]; c24:bw=58,experts=[0,1,2,4,6]; c3:bw=31,experts=[0,4,6]","2.2921,1.5164,2.5107,1.5078,1.9039,1.6877,1.5949,1.6613,1.8678,2.1927,2.3990,2.5580,1.7082,1.9440,2.8059,1.8102,2.7988,1.5563,3.3547,4.0455,2.6968,2.0365,2.2397,2.7537,3.0085,2.4825,4.1604,1.8837,1.7602,2.1725"
90,2026-09-23 21:59:58,Ours,0.01,1.7327725889400043,57.37,57.37,90,76.8743,1:16.87,68.9409,6.6045,1.3255,6792.85,1:53:12.85,30,"8,23,10,2,19,24,17,9,1,29,5,28,14,12,21,11,20,4,16,7,26,22,3,0,25,15,6,18,13,27",8:50;23:44;10:10;2:21;19:15;24:43;17:22;9:63;1:31;29:17;5:27;28:44;14:16;12:43;21:66;11:41;20:56;4:35;16:57;7:72;26:55;22:31;3:36;0:64;25:51;15:61;6:26;18:50;13:65;27:27,"8:[1,2,4,5,6];23:[0,1,4,6];10:[4];2:[4,6];19:[4];24:[1,4,5,6];17:[4,5];9:[0,1,2,4,5,6];1:[1,4,6];29:[4];5:[4,6];28:[1,2,4,6];14:[4];12:[1,2,4,6];21:[1,2,4,5,6,7];11:[0,1,4,6];20:[0,1,4,5,6];4:[1,4,6];16:[1,2,4,5,6];7:[0,1,2,4,5,6,7];26:[1,2,4,5,6];22:[1,4,6];3:[0,4,6];0:[0,1,2,4,5,6];25:[1,2,4,5,6];15:[0,1,2,4,5,6];6:[4,6];18:[0,1,4,5,6];13:[0,1,2,4,5,6];27:[4,6]","c8:bw=50,experts=[1,2,4,5,6]; c23:bw=44,experts=[0,1,4,6]; c10:bw=10,experts=[4]; c2:bw=21,experts=[4,6]; c19:bw=15,experts=[4]; c24:bw=43,experts=[1,4,5,6]; c17:bw=22,experts=[4,5]; c9:bw=63,experts=[0,1,2,4,5,6]; c1:bw=31,experts=[1,4,6]; c29:bw=17,experts=[4]; c5:bw=27,experts=[4,6]; c28:bw=44,experts=[1,2,4,6]; c14:bw=16,experts=[4]; c12:bw=43,experts=[1,2,4,6]; c21:bw=66,experts=[1,2,4,5,6,7]; c11:bw=41,experts=[0,1,4,6]; c20:bw=56,experts=[0,1,4,5,6]; c4:bw=35,experts=[1,4,6]; c16:bw=57,experts=[1,2,4,5,6]; c7:bw=72,experts=[0,1,2,4,5,6,7]; c26:bw=55,experts=[1,2,4,5,6]; c22:bw=31,experts=[1,4,6]; c3:bw=36,experts=[0,4,6]; c0:bw=64,experts=[0,1,2,4,5,6]; c25:bw=51,experts=[1,2,4,5,6]; c15:bw=61,experts=[0,1,2,4,5,6]; c6:bw=26,experts=[4,6]; c18:bw=50,experts=[0,1,4,5,6]; c13:bw=65,experts=[0,1,2,4,5,6]; c27:bw=27,experts=[4,6]","1.7008,1.9282,3.3323,1.8106,2.0317,1.7695,2.6986,1.9595,1.5545,4.2171,4.0504,2.2037,1.8785,2.4801,1.5403,3.0157,2.7980,2.8076,2.4861,1.8791,1.5250,2.2185,2.1575,1.6128,2.7852,1.6817,1.6355,2.3798,2.2602,2.5425"
91,2026-09-23 22:01:14,Ours,0.01,1.7231042643187244,57.46,57.46,91,76.7891,1:16.79,68.8904,6.59,1.3053,6869.6787,1:54:29.68,30,"7,19,2,18,3,16,8,10,11,29,24,17,15,12,0,23,26,9,14,5,20,1,22,25,28,4,6,13,21,27",7:51;19:51;2:11;18:13;3:40;16:24;8:23;10:49;11:67;29:14;24:41;17:63;15:45;12:62;0:22;23:22;26:63;9:35;14:42;5:52;20:20;1:50;22:21;25:49;28:42;4:54;6:29;13:46;21:46;27:46,"7:[0,1,4,5,6];19:[0,1,4,5,6];2:[4];18:[4];3:[1,2,4,6];16:[4,6];8:[4,6];10:[1,2,4,6];11:[0,1,2,4,5,6];29:[0];24:[1,4,6,7];17:[0,1,2,4,5,6];15:[0,1,4,6];12:[0,1,2,4,5,6];0:[4,6];23:[3,4];26:[0,1,2,4,5,6];9:[1,4,6];14:[1,4,5,6];5:[1,2,4,5,6];20:[4,6];1:[0,1,4,5,6];22:[4,7];25:[1,2,4,6];28:[0,1,4,6];4:[0,1,4,5,6];6:[4,6];13:[0,1,4,6];21:[1,4,5,6];27:[1,2,4,6]","c7:bw=51,experts=[0,1,4,5,6]; c19:bw=51,experts=[0,1,4,5,6]; c2:bw=11,experts=[4]; c18:bw=13,experts=[4]; c3:bw=40,experts=[1,2,4,6]; c16:bw=24,experts=[4,6]; c8:bw=23,experts=[4,6]; c10:bw=49,experts=[1,2,4,6]; c11:bw=67,experts=[0,1,2,4,5,6]; c29:bw=14,experts=[0]; c24:bw=41,experts=[1,4,6,7]; c17:bw=63,experts=[0,1,2,4,5,6]; c15:bw=45,experts=[0,1,4,6]; c12:bw=62,experts=[0,1,2,4,5,6]; c0:bw=22,experts=[4,6]; c23:bw=22,experts=[3,4]; c26:bw=63,experts=[0,1,2,4,5,6]; c9:bw=35,experts=[1,4,6]; c14:bw=42,experts=[1,4,5,6]; c5:bw=52,experts=[1,2,4,5,6]; c20:bw=20,experts=[4,6]; c1:bw=50,experts=[0,1,4,5,6]; c22:bw=21,experts=[4,7]; c25:bw=49,experts=[1,2,4,6]; c28:bw=42,experts=[0,1,4,6]; c4:bw=54,experts=[0,1,4,5,6]; c6:bw=29,experts=[4,6]; c13:bw=46,experts=[0,1,4,6]; c21:bw=46,experts=[1,4,5,6]; c27:bw=46,experts=[1,2,4,6]","1.8735,2.0400,1.7957,2.3763,2.1603,2.4803,1.6662,3.3492,3.0364,4.1932,1.7516,2.7143,1.6654,2.4889,1.5643,1.9005,1.5449,1.9319,1.8942,4.0544,2.8011,1.5778,2.2499,2.7964,2.2109,2.8187,1.6277,2.2472,1.5212,2.5579"
92,2026-09-23 22:02:31,Ours,0.01,1.7250104794270704,57.43,57.46,91,76.6079,1:16.61,69.0069,6.291,1.3067,6946.3269,1:55:46.33,30,"14,21,25,28,13,6,18,16,0,11,4,9,5,24,23,12,8,2,7,17,15,26,1,3,29,22,19,20,10,27",14:30;21:57;25:30;28:40;13:17;6:45;18:37;16:14;0:29;11:15;4:26;9:56;5:66;24:33;23:19;12:48;8:19;2:25;7:34;17:32;15:19;26:46;1:20;3:28;29:35;22:44;19:54;20:56;10:37;27:63,"14:[0,4,6];21:[1,2,4,5,6];25:[1,4,6];28:[0,1,4,6];13:[4];6:[1,4,6,7];18:[1,4,6];16:[7];0:[4,6];11:[4];4:[4,6];9:[0,1,4,5,6];5:[1,2,4,5,6,7];24:[1,4,6];23:[4];12:[1,2,4,6];8:[4];2:[4,6];7:[1,4,6];17:[3,4,6];15:[4];26:[0,4,5,6];1:[4,6];3:[4,6];29:[1,4,6];22:[1,2,4,6];19:[0,1,2,4,6];20:[0,1,4,6,7];10:[0,4,6];27:[0,1,2,4,5,6]","c14:bw=30,experts=[0,4,6]; c21:bw=57,experts=[1,2,4,5,6]; c25:bw=30,experts=[1,4,6]; c28:bw=40,experts=[0,1,4,6]; c13:bw=17,experts=[4]; c6:bw=45,experts=[1,4,6,7]; c18:bw=37,experts=[1,4,6]; c16:bw=14,experts=[7]; c0:bw=29,experts=[4,6]; c11:bw=15,experts=[4]; c4:bw=26,experts=[4,6]; c9:bw=56,experts=[0,1,4,5,6]; c5:bw=66,experts=[1,2,4,5,6,7]; c24:bw=33,experts=[1,4,6]; c23:bw=19,experts=[4]; c12:bw=48,experts=[1,2,4,6]; c8:bw=19,experts=[4]; c2:bw=25,experts=[4,6]; c7:bw=34,experts=[1,4,6]; c17:bw=32,experts=[3,4,6]; c15:bw=19,experts=[4]; c26:bw=46,experts=[0,4,5,6]; c1:bw=20,experts=[4,6]; c3:bw=28,experts=[4,6]; c29:bw=35,experts=[1,4,6]; c22:bw=44,experts=[1,2,4,6]; c19:bw=54,experts=[0,1,2,4,6]; c20:bw=56,experts=[0,1,4,6,7]; c10:bw=37,experts=[0,4,6]; c27:bw=63,experts=[0,1,2,4,5,6]","1.8827,1.5432,2.8032,2.2506,2.2763,1.6517,2.3943,2.4777,1.5859,3.0165,2.7937,2.0495,4.0768,1.7535,1.8928,2.4913,1.6587,1.7962,1.8853,2.6923,1.6547,1.5142,1.5460,2.1362,4.1975,2.2478,2.0483,2.8061,3.3119,2.5718"
93,2026-09-23 22:03:48,Ours,0.01,1.7251988658579582,57.63,57.63,93,76.6834,1:16.68,68.9163,6.4323,1.3315,7023.0504,1:57:03.05,30,"21,8,3,5,29,26,13,22,25,27,4,2,12,19,6,11,18,14,16,23,24,1,10,20,7,17,9,0,28,15",21:34;8:10;3:31;5:10;29:47;26:61;13:63;22:14;25:52;27:39;4:32;2:51;12:52;19:39;6:22;11:32;18:23;14:25;16:46;23:22;24:50;1:47;10:15;20:57;7:22;17:32;9:58;0:19;28:47;15:36,"21:[0,4,6];8:[7];3:[0,4,6];5:[4];29:[0,1,4,6];26:[0,1,2,4,5,6];13:[0,1,2,4,5,6];22:[4];25:[1,2,4,5,6];27:[1,4,6];4:[1,4,6];2:[1,2,4,5,6];12:[0,1,4,5,6];19:[1,4,6];6:[4,6];11:[1,4,6];18:[4,6];14:[3,4];16:[0,1,4,6];23:[4,6];24:[0,1,4,5,6];1:[0,1,4,6];10:[4];20:[0,1,4,5,6];7:[4,6];17:[1,4,6];9:[1,2,4,5,6];0:[4];28:[0,1,4,6];15:[4,6,7]","c21:bw=34,experts=[0,4,6]; c8:bw=10,experts=[7]; c3:bw=31,experts=[0,4,6]; c5:bw=10,experts=[4]; c29:bw=47,experts=[0,1,4,6]; c26:bw=61,experts=[0,1,2,4,5,6]; c13:bw=63,experts=[0,1,2,4,5,6]; c22:bw=14,experts=[4]; c25:bw=52,experts=[1,2,4,5,6]; c27:bw=39,experts=[1,4,6]; c4:bw=32,experts=[1,4,6]; c2:bw=51,experts=[1,2,4,5,6]; c12:bw=52,experts=[0,1,4,5,6]; c19:bw=39,experts=[1,4,6]; c6:bw=22,experts=[4,6]; c11:bw=32,experts=[1,4,6]; c18:bw=23,experts=[4,6]; c14:bw=25,experts=[3,4]; c16:bw=46,experts=[0,1,4,6]; c23:bw=22,experts=[4,6]; c24:bw=50,experts=[0,1,4,5,6]; c1:bw=47,experts=[0,1,4,6]; c10:bw=15,experts=[4]; c20:bw=57,experts=[0,1,4,5,6]; c7:bw=22,experts=[4,6]; c17:bw=32,experts=[1,4,6]; c9:bw=58,experts=[1,2,4,5,6]; c0:bw=19,experts=[4]; c28:bw=47,experts=[0,1,4,6]; c15:bw=36,experts=[4,6,7]","1.5269,1.6699,2.1705,4.0712,4.2665,1.5240,2.2626,2.2381,2.8102,2.5721,2.8175,1.7926,2.4915,2.0601,1.6515,3.0315,2.3719,1.8624,2.4784,1.8886,1.7523,1.5607,3.3119,2.7977,1.8403,2.6959,1.9333,1.5884,2.2052,1.6725"
94,2026-09-23 22:05:05,Ours,0.01,1.7257587533547551,57.76,57.76,94,76.6357,1:16.64,68.8356,6.4773,1.3195,7099.9375,1:58:19.94,30,"27,26,21,28,1,11,8,17,0,12,15,22,5,18,25,9,24,6,14,10,3,13,7,20,19,4,16,29,2,23",27:26;26:55;21:30;28:60;1:70;11:48;8:10;17:12;0:55;12:14;15:40;22:52;5:41;18:47;25:18;9:50;24:39;6:30;14:38;10:61;3:34;13:44;7:45;20:10;19:48;4:31;16:28;29:10;2:65;23:38,"27:[4,6];26:[1,2,4,5,6];21:[0,4,6];28:[0,1,4,5,6,7];1:[0,1,2,4,5,6,7];11:[0,1,4,6];8:[4];17:[4];0:[0,1,2,4,6];12:[7];15:[0,4,5,6];22:[0,1,2,4,6];5:[0,1,4,6];18:[1,2,4,6];25:[4];9:[0,1,4,5,6];24:[1,4,6];6:[1,4,6];14:[1,4,6];10:[0,1,4,5,6,7];3:[0,4,6];13:[0,1,4,6];7:[0,1,4,6];20:[4];19:[1,2,4,6];4:[1,4,6];16:[4,6];29:[2];2:[0,1,2,4,5,6];23:[4,5,6]","c27:bw=26,experts=[4,6]; c26:bw=55,experts=[1,2,4,5,6]; c21:bw=30,experts=[0,4,6]; c28:bw=60,experts=[0,1,4,5,6,7]; c1:bw=70,experts=[0,1,2,4,5,6,7]; c11:bw=48,experts=[0,1,4,6]; c8:bw=10,experts=[4]; c17:bw=12,experts=[4]; c0:bw=55,experts=[0,1,2,4,6]; c12:bw=14,experts=[7]; c15:bw=40,experts=[0,4,5,6]; c22:bw=52,experts=[0,1,2,4,6]; c5:bw=41,experts=[0,1,4,6]; c18:bw=47,experts=[1,2,4,6]; c25:bw=18,experts=[4]; c9:bw=50,experts=[0,1,4,5,6]; c24:bw=39,experts=[1,4,6]; c6:bw=30,experts=[1,4,6]; c14:bw=38,experts=[1,4,6]; c10:bw=61,experts=[0,1,4,5,6,7]; c3:bw=34,experts=[0,4,6]; c13:bw=44,experts=[0,1,4,6]; c7:bw=45,experts=[0,1,4,6]; c20:bw=10,experts=[4]; c19:bw=48,experts=[1,2,4,6]; c4:bw=31,experts=[1,4,6]; c16:bw=28,experts=[4,6]; c29:bw=10,experts=[2]; c2:bw=65,experts=[0,1,2,4,5,6]; c23:bw=38,experts=[4,5,6]","2.5622,1.5462,1.5302,2.2364,1.5861,3.0278,1.6838,2.6795,1.5885,2.4655,1.6987,2.2881,4.0539,2.3798,2.7655,1.9318,1.7502,1.6358,1.8733,3.3186,2.1465,2.2712,1.8608,2.7638,2.0394,2.8088,2.4653,4.1803,1.8217,1.8761"
95,2026-09-23 22:06:21,Ours,0.01,1.7251419945416773,57.9,57.9,95,76.4741,1:16.47,68.7865,6.3604,1.3239,7176.4535,1:59:36.45,30,"26,6,2,19,15,24,14,23,0,21,10,29,18,4,12,5,1,7,11,27,20,9,17,22,25,8,13,28,3,16",26:28;6:40;2:23;19:42;15:34;24:33;14:49;23:32;0:35;21:46;10:42;29:48;18:28;4:15;12:10;5:10;1:31;7:59;11:10;27:10;20:56;9:42;17:47;22:10;25:36;8:76;13:59;28:30;3:41;16:24,"26:[4,6];6:[0,2,4,5];2:[4,6];19:[1,2,4,6];15:[1,4,6];24:[3,4,6];14:[0,1,4,6];23:[4,6,7];0:[0,4,6];21:[0,4,5,6];10:[1,2,4,6];29:[1,4,5,6];18:[4,7];4:[2];12:[4];5:[3];1:[1,4,6];7:[1,2,4,5,6];11:[4];27:[4];20:[0,1,4,5,6];9:[1,2,4,6];17:[1,4,6,7];22:[3];25:[0,4,6];8:[0,1,2,3,4,5,6];13:[0,1,4,5,6];28:[1,4,6];3:[4,5,6,7];16:[4,6]","c26:bw=28,experts=[4,6]; c6:bw=40,experts=[0,2,4,5]; c2:bw=23,experts=[4,6]; c19:bw=42,experts=[1,2,4,6]; c15:bw=34,experts=[1,4,6]; c24:bw=33,experts=[3,4,6]; c14:bw=49,experts=[0,1,4,6]; c23:bw=32,experts=[4,6,7]; c0:bw=35,experts=[0,4,6]; c21:bw=46,experts=[0,4,5,6]; c10:bw=42,experts=[1,2,4,6]; c29:bw=48,experts=[1,4,5,6]; c18:bw=28,experts=[4,7]; c4:bw=15,experts=[2]; c12:bw=10,experts=[4]; c5:bw=10,experts=[3]; c1:bw=31,experts=[1,4,6]; c7:bw=59,experts=[1,2,4,5,6]; c11:bw=10,experts=[4]; c27:bw=10,experts=[4]; c20:bw=56,experts=[0,1,4,5,6]; c9:bw=42,experts=[1,2,4,6]; c17:bw=47,experts=[1,4,6,7]; c22:bw=10,experts=[3]; c25:bw=36,experts=[0,4,6]; c8:bw=76,experts=[0,1,2,3,4,5,6]; c13:bw=59,experts=[0,1,4,5,6]; c28:bw=30,experts=[1,4,6]; c3:bw=41,experts=[4,5,6,7]; c16:bw=24,experts=[4,6]","1.5231,1.6407,1.8108,2.0973,1.7108,1.7631,1.8902,1.9052,1.5788,1.5238,3.3432,4.2230,2.3640,2.7540,2.4599,4.0095,1.5526,1.8720,2.9811,2.5331,2.8061,1.9414,2.6976,2.2414,2.7892,1.7020,2.2856,2.1835,2.1504,2.4532"
96,2026-09-23 22:07:38,Ours,0.01,1.7141212974147961,58.25,58.25,96,77.1564,1:17.16,69.0801,6.7446,1.3279,7253.6539,2:00:53.65,30,"15,10,12,23,26,3,22,5,9,7,14,4,1,8,28,0,6,2,16,13,18,11,20,29,19,21,17,24,25,27",15:78;10:53;12:71;23:27;26:60;3:46;22:55;5:60;9:44;7:50;14:10;4:49;1:36;8:64;28:38;0:36;6:31;2:65;16:72;13:55;18:29;11:44;20:37;29:55;19:38;21:17;17:35;24:45;25:29;27:43,"15:[0,1,2,3,4,5,6];10:[1,2,3,4,6];12:[0,1,2,3,4,5,6];23:[2,4];26:[1,2,3,4,5,6];3:[1,3,4,6];22:[0,1,4,5,6];5:[0,1,2,4,5,6];9:[3,4,6,7];7:[0,1,3,4,6];14:[7];4:[3,4,6,7];1:[3,4,6];8:[0,1,2,4,5,6];28:[3,4,6];0:[3,4,6];6:[3,4,6];2:[1,2,3,4,6,7];16:[0,1,2,3,4,5,6];13:[0,1,3,4,6];18:[3,4];11:[0,3,4,6];20:[3,4,6];29:[1,2,3,4,6];19:[3,4,6];21:[3];17:[1,4,6];24:[0,1,4,6];25:[3,4];27:[3,4,6,7]","c15:bw=78,experts=[0,1,2,3,4,5,6]; c10:bw=53,experts=[1,2,3,4,6]; c12:bw=71,experts=[0,1,2,3,4,5,6]; c23:bw=27,experts=[2,4]; c26:bw=60,experts=[1,2,3,4,5,6]; c3:bw=46,experts=[1,3,4,6]; c22:bw=55,experts=[0,1,4,5,6]; c5:bw=60,experts=[0,1,2,4,5,6]; c9:bw=44,experts=[3,4,6,7]; c7:bw=50,experts=[0,1,3,4,6]; c14:bw=10,experts=[7]; c4:bw=49,experts=[3,4,6,7]; c1:bw=36,experts=[3,4,6]; c8:bw=64,experts=[0,1,2,4,5,6]; c28:bw=38,experts=[3,4,6]; c0:bw=36,experts=[3,4,6]; c6:bw=31,experts=[3,4,6]; c2:bw=65,experts=[1,2,3,4,6,7]; c16:bw=72,experts=[0,1,2,3,4,5,6]; c13:bw=55,experts=[0,1,3,4,6]; c18:bw=29,experts=[3,4]; c11:bw=44,experts=[0,3,4,6]; c20:bw=37,experts=[3,4,6]; c29:bw=55,experts=[1,2,3,4,6]; c19:bw=38,experts=[3,4,6]; c21:bw=17,experts=[3]; c17:bw=35,experts=[1,4,6]; c24:bw=45,experts=[0,1,4,6]; c25:bw=29,experts=[3,4]; c27:bw=43,experts=[3,4,6,7]","1.6844,3.3432,2.4829,1.8945,1.5204,2.1716,2.2709,4.0963,1.9458,1.9498,1.8814,2.8409,1.6013,1.6875,2.2012,1.5637,1.6230,1.7867,2.4899,2.2914,2.3964,3.0148,2.7858,4.2379,2.0500,1.5084,2.6758,1.7648,2.7723,2.5473"
97,2026-09-23 22:08:55,Ours,0.01,1.6903354378972724,58.33,58.33,97,76.7949,1:16.79,68.8528,6.6318,1.307,7330.4928,2:02:10.49,30,"8,28,23,27,3,13,6,9,15,2,7,0,16,4,29,5,26,11,18,22,25,19,14,20,1,17,12,21,24,10",8:43;28:20;23:10;27:34;3:35;13:51;6:50;9:43;15:59;2:54;7:30;0:41;16:54;4:16;29:33;5:46;26:71;11:22;18:70;22:32;25:44;19:30;14:23;20:42;1:50;17:54;12:13;21:35;24:46;10:51,"8:[0,1,4,6];28:[4,6];23:[4];27:[1,4,6];3:[1,4,6];13:[1,2,4,6,7];6:[0,1,4,5,6];9:[0,1,4,6];15:[0,1,4,5,6];2:[0,1,2,4,6];7:[1,4,6];0:[0,4,6,7];16:[0,1,4,5,6];4:[4];29:[4,6,7];5:[1,2,4,6];26:[0,1,2,4,5,6,7];11:[4,7];18:[0,1,2,3,4,5,6];22:[1,4,6];25:[1,4,6,7];19:[4,6,7];14:[2,4];20:[1,2,4,6];1:[1,2,4,5,6];17:[1,2,4,5,6];12:[4];21:[1,4,6];24:[1,2,4,6];10:[1,2,4,5,6]","c8:bw=43,experts=[0,1,4,6]; c28:bw=20,experts=[4,6]; c23:bw=10,experts=[4]; c27:bw=34,experts=[1,4,6]; c3:bw=35,experts=[1,4,6]; c13:bw=51,experts=[1,2,4,6,7]; c6:bw=50,experts=[0,1,4,5,6]; c9:bw=43,experts=[0,1,4,6]; c15:bw=59,experts=[0,1,4,5,6]; c2:bw=54,experts=[0,1,2,4,6]; c7:bw=30,experts=[1,4,6]; c0:bw=41,experts=[0,4,6,7]; c16:bw=54,experts=[0,1,4,5,6]; c4:bw=16,experts=[4]; c29:bw=33,experts=[4,6,7]; c5:bw=46,experts=[1,2,4,6]; c26:bw=71,experts=[0,1,2,4,5,6,7]; c11:bw=22,experts=[4,7]; c18:bw=70,experts=[0,1,2,3,4,5,6]; c22:bw=32,experts=[1,4,6]; c25:bw=44,experts=[1,4,6,7]; c19:bw=30,experts=[4,6,7]; c14:bw=23,experts=[2,4]; c20:bw=42,experts=[1,2,4,6]; c1:bw=50,experts=[1,2,4,5,6]; c17:bw=54,experts=[1,2,4,5,6]; c12:bw=13,experts=[4]; c21:bw=35,experts=[1,4,6]; c24:bw=46,experts=[1,2,4,6]; c10:bw=51,experts=[1,2,4,5,6]","1.6806,2.1819,1.8903,2.5524,2.1832,2.2811,1.6513,1.9499,1.6914,1.8161,1.8465,1.5986,2.4899,2.7914,4.2183,4.0694,1.5049,2.9900,2.3972,2.2288,2.7745,2.0560,1.8724,2.8175,1.5485,2.7033,2.4466,1.5201,1.7563,3.3445"
98,2026-09-23 22:10:12,Ours,0.01,1.6888451579384087,58.86,58.86,98,76.729,1:16.73,69.0152,6.4052,1.3053,7407.2673,2:03:27.27,30,"5,21,12,17,18,13,16,24,6,20,28,8,10,1,26,19,23,3,22,2,29,11,0,27,15,25,9,7,14,4",5:49;21:22;12:16;17:17;18:32;13:31;16:41;24:48;6:36;20:36;28:52;8:54;10:45;1:26;26:54;19:45;23:40;3:25;22:34;2:24;29:47;11:10;0:33;27:41;15:17;25:55;9:27;7:24;14:67;4:52,"5:[1,2,4,6];21:[4,7];12:[4];17:[4];18:[1,4,6];13:[1,4,6];16:[0,1,4,6];24:[1,2,4,6];6:[2,4,6];20:[1,4,6];28:[0,1,2,4,6];8:[0,1,2,4,6];10:[1,2,4,6];1:[4,6];26:[0,1,2,4,6];19:[1,2,4,6];23:[0,1,4,6];3:[4,6];22:[1,4,6];2:[4,6];29:[0,1,4,6];11:[4];0:[4,5,6];27:[0,1,4,6];15:[4];25:[0,1,4,5,6];9:[4,6];7:[4,7];14:[0,1,2,4,5,6];4:[1,2,4,5,6]","c5:bw=49,experts=[1,2,4,6]; c21:bw=22,experts=[4,7]; c12:bw=16,experts=[4]; c17:bw=17,experts=[4]; c18:bw=32,experts=[1,4,6]; c13:bw=31,experts=[1,4,6]; c16:bw=41,experts=[0,1,4,6]; c24:bw=48,experts=[1,2,4,6]; c6:bw=36,experts=[2,4,6]; c20:bw=36,experts=[1,4,6]; c28:bw=52,experts=[0,1,2,4,6]; c8:bw=54,experts=[0,1,2,4,6]; c10:bw=45,experts=[1,2,4,6]; c1:bw=26,experts=[4,6]; c26:bw=54,experts=[0,1,2,4,6]; c19:bw=45,experts=[1,2,4,6]; c23:bw=40,experts=[0,1,4,6]; c3:bw=25,experts=[4,6]; c22:bw=34,experts=[1,4,6]; c2:bw=24,experts=[4,6]; c29:bw=47,experts=[0,1,4,6]; c11:bw=10,experts=[4]; c0:bw=33,experts=[4,5,6]; c27:bw=41,experts=[0,1,4,6]; c15:bw=17,experts=[4]; c25:bw=55,experts=[0,1,4,5,6]; c9:bw=27,experts=[4,6]; c7:bw=24,experts=[4,7]; c14:bw=67,experts=[0,1,2,4,5,6]; c4:bw=52,experts=[1,2,4,5,6]","4.1014,1.5220,2.4784,2.7031,2.3877,2.2765,2.4979,1.7916,1.6576,2.8161,2.2179,1.6795,3.3441,1.5348,1.5304,2.0741,1.9019,2.1445,2.2462,1.7955,4.2467,3.0042,1.5802,2.5432,1.6456,2.8028,1.9431,1.8568,1.8899,2.8013"
99,2026-09-23 22:11:29,Ours,0.01,1.6936093886529977,58.9,58.9,99,76.6256,1:16.63,68.9866,6.3169,1.3188,7483.9379,2:04:43.94,30,"6,12,0,8,20,29,14,22,17,18,23,28,26,4,2,7,5,15,10,1,24,13,16,11,27,25,9,21,3,19",6:35;12:34;0:40;8:34;20:26;29:57;14:33;22:18;17:43;18:55;23:33;28:28;26:18;4:24;2:31;7:45;5:49;15:47;10:11;1:59;24:42;13:25;16:34;11:10;27:10;25:27;9:20;21:56;3:38;19:48,"6:[1,4,6];12:[0,4,6];0:[0,1,4,6];8:[1,4,6];20:[4,6];29:[0,1,4,5,6];14:[1,4,6];22:[7];17:[0,1,4,6];18:[1,2,4,5,6];23:[3,4,6];28:[4,6];26:[4];4:[0,4];2:[1,4,6];7:[1,2,4,6];5:[0,1,4,6];15:[0,1,4,6];10:[4];1:[0,1,2,4,6];24:[1,4,6,7];13:[4,6];16:[1,4,6];11:[2];27:[4];25:[4,6];9:[4,6];21:[0,1,4,5,6];3:[2,4,6];19:[1,4,5,6]","c6:bw=35,experts=[1,4,6]; c12:bw=34,experts=[0,4,6]; c0:bw=40,experts=[0,1,4,6]; c8:bw=34,experts=[1,4,6]; c20:bw=26,experts=[4,6]; c29:bw=57,experts=[0,1,4,5,6]; c14:bw=33,experts=[1,4,6]; c22:bw=18,experts=[7]; c17:bw=43,experts=[0,1,4,6]; c18:bw=55,experts=[1,2,4,5,6]; c23:bw=33,experts=[3,4,6]; c28:bw=28,experts=[4,6]; c26:bw=18,experts=[4]; c4:bw=24,experts=[0,4]; c2:bw=31,experts=[1,4,6]; c7:bw=45,experts=[1,2,4,6]; c5:bw=49,experts=[0,1,4,6]; c15:bw=47,experts=[0,1,4,6]; c10:bw=11,experts=[4]; c1:bw=59,experts=[0,1,2,4,6]; c24:bw=42,experts=[1,4,6,7]; c13:bw=25,experts=[4,6]; c16:bw=34,experts=[1,4,6]; c11:bw=10,experts=[2]; c27:bw=10,experts=[4]; c25:bw=27,experts=[4,6]; c9:bw=20,experts=[4,6]; c21:bw=56,experts=[0,1,4,5,6]; c3:bw=38,experts=[2,4,6]; c19:bw=48,experts=[1,4,5,6]","1.6553,2.4873,1.5948,1.7078,2.8188,4.2418,1.8936,2.2374,2.7115,2.3923,1.9075,2.1861,1.5051,2.7702,1.8019,1.9031,4.0783,1.6695,3.3008,1.5684,1.7201,2.2702,2.4955,3.0182,2.5512,2.8086,1.9356,1.5321,2.1694,2.0543"
100,2026-09-23 22:12:46,Ours,0.01,1.7014333367465917,59.05,59.05,100,76.9225,1:16.92,69.1154,6.5,1.3038,7560.9779,2:06:00.98,30,"22,0,10,14,27,8,25,1,17,15,11,18,21,26,4,29,2,24,23,28,16,19,12,3,13,5,9,20,6,7",22:36;0:64;10:56;14:10;27:20;8:44;25:45;1:17;17:55;15:30;11:17;18:80;21:47;26:38;4:65;29:33;2:30;24:53;23:16;28:50;16:46;19:18;12:37;3:42;13:10;5:18;9:53;20:47;6:44;7:10,"22:[1,4,6];0:[0,1,2,4,5,6];10:[1,2,4,5,6];14:[4];27:[2,5];8:[1,2,4,6];25:[0,2,4,6];1:[4];17:[1,2,3,4,6];15:[1,4,6];11:[5];18:[0,1,2,3,4,5,6,7];21:[1,2,4,6];26:[1,4,6];4:[0,1,2,4,5,6];29:[1,4,6];2:[1,4,6];24:[0,1,4,5,6];23:[4];28:[1,2,4,5,6];16:[1,4,6,7];19:[0];12:[1,4,6];3:[1,2,4,6];13:[4];5:[7];9:[0,1,4,5,6];20:[1,4,6,7];6:[0,4,6,7];7:[4]","c22:bw=36,experts=[1,4,6]; c0:bw=64,experts=[0,1,2,4,5,6]; c10:bw=56,experts=[1,2,4,5,6]; c14:bw=10,experts=[4]; c27:bw=20,experts=[2,5]; c8:bw=44,experts=[1,2,4,6]; c25:bw=45,experts=[0,2,4,6]; c1:bw=17,experts=[4]; c17:bw=55,experts=[1,2,3,4,6]; c15:bw=30,experts=[1,4,6]; c11:bw=17,experts=[5]; c18:bw=80,experts=[0,1,2,3,4,5,6,7]; c21:bw=47,experts=[1,2,4,6]; c26:bw=38,experts=[1,4,6]; c4:bw=65,experts=[0,1,2,4,5,6]; c29:bw=33,experts=[1,4,6]; c2:bw=30,experts=[1,4,6]; c24:bw=53,experts=[0,1,4,5,6]; c23:bw=16,experts=[4]; c28:bw=50,experts=[1,2,4,5,6]; c16:bw=46,experts=[1,4,6,7]; c19:bw=18,experts=[0]; c12:bw=37,experts=[1,4,6]; c3:bw=42,experts=[1,2,4,6]; c13:bw=10,experts=[4]; c5:bw=18,experts=[7]; c9:bw=53,experts=[0,1,4,5,6]; c20:bw=47,experts=[1,4,6,7]; c6:bw=44,experts=[0,4,6,7]; c7:bw=10,experts=[4]","2.2533,1.6165,3.3994,1.8797,2.5462,1.6842,2.8103,1.5666,2.7112,1.6728,3.0063,2.4202,1.5356,1.5311,2.8398,4.2167,1.7936,1.7556,1.8963,2.2225,2.4885,2.0488,2.4919,2.1844,2.2634,4.0392,1.9387,2.8043,1.6611,1.8374"
