Round,Timestamp,Method,LR,AvgLoss,TestAcc,BestAcc,BestRound,RoundTimeSec,RoundTimeHMS,LocalTrainTimeSec,AggTimeSec,EvalTimeSec,CumulativeTimeSec,CumulativeTimeHMS,NumClientsSelected,SelectedClients,Bandwidth,SelectedExperts,UploadDetail,ClientTrainTimesSec
1,2026-09-24 19:48:07,Ours,0.00208,4.017844949246716,1.15,1.15,1,77.0208,1:17.02,69.2203,6.4928,1.3006,77.0208,1:17.02,30,"27,15,23,17,8,9,28,24,12,0,4,16,5,13,11,22,1,2,25,3,21,26,18,29,20,7,10,14,19,6",27:21;15:58;23:65;17:34;8:55;9:45;28:39;24:34;12:23;0:10;4:40;16:48;5:44;13:42;11:24;22:26;1:29;2:29;25:55;3:51;21:20;26:38;18:30;29:26;20:55;7:20;10:22;14:54;19:40;6:41,"27:[2,4];15:[1,2,4,5,6];23:[0,1,2,4,5,6];17:[2,4,6];8:[1,2,4,5,6];9:[1,2,4,6];28:[2,4,6];24:[2,4,6];12:[2,4];0:[2];4:[1,2,4,6];16:[1,2,4,6];5:[1,2,4,6];13:[1,2,4,6];11:[2,4];22:[2,4];1:[2,6];2:[2,4];25:[1,2,4,5,6];3:[1,2,4,5,6];21:[2,4];26:[2,4,6];18:[2,4,6];29:[2,4];20:[1,2,4,5,6];7:[2,4];10:[2,6];14:[1,2,4,5,6];19:[1,2,4,6];6:[1,2,4,6]","c27:bw=21,experts=[2,4]; c15:bw=58,experts=[1,2,4,5,6]; c23:bw=65,experts=[0,1,2,4,5,6]; c17:bw=34,experts=[2,4,6]; c8:bw=55,experts=[1,2,4,5,6]; c9:bw=45,experts=[1,2,4,6]; c28:bw=39,experts=[2,4,6]; c24:bw=34,experts=[2,4,6]; c12:bw=23,experts=[2,4]; c0:bw=10,experts=[2]; c4:bw=40,experts=[1,2,4,6]; c16:bw=48,experts=[1,2,4,6]; c5:bw=44,experts=[1,2,4,6]; c13:bw=42,experts=[1,2,4,6]; c11:bw=24,experts=[2,4]; c22:bw=26,experts=[2,4]; c1:bw=29,experts=[2,6]; c2:bw=29,experts=[2,4]; c25:bw=55,experts=[1,2,4,5,6]; c3:bw=51,experts=[1,2,4,5,6]; c21:bw=20,experts=[2,4]; c26:bw=38,experts=[2,4,6]; c18:bw=30,experts=[2,4,6]; c29:bw=26,experts=[2,4]; c20:bw=55,experts=[1,2,4,5,6]; c7:bw=20,experts=[2,4]; c10:bw=22,experts=[2,6]; c14:bw=54,experts=[1,2,4,5,6]; c19:bw=40,experts=[1,2,4,6]; c6:bw=41,experts=[1,2,4,6]","3.0642,1.6368,1.8490,2.5664,1.6685,1.8722,2.1365,1.7708,2.5142,1.5538,2.7259,2.5265,3.9470,2.3796,3.1119,2.3246,1.5747,1.8742,2.7747,2.1964,1.5367,1.5819,2.4561,4.2034,2.7695,1.7824,3.3323,1.8523,2.0093,1.6285"
2,2026-09-24 19:49:20,Ours,0.00406,3.462359775021355,3.2,3.2,2,73.3149,1:13.31,65.3903,6.62,1.2971,150.4852,2:30.49,30,"0,5,20,26,13,7,21,10,12,29,24,22,16,3,1,17,8,6,23,4,2,19,11,18,25,14,15,28,27,9",0:36;5:69;20:15;26:35;13:54;7:55;21:28;10:59;12:16;29:60;24:10;22:38;16:16;3:67;1:41;17:51;8:48;6:17;23:70;4:30;2:22;19:53;11:29;18:24;25:25;14:26;15:62;28:65;27:24;9:46,"0:[0,4,6];5:[0,1,2,4,5,6];20:[4];26:[0,4,6];13:[0,1,2,4,6];7:[0,1,2,4,6];21:[4,6];10:[0,1,2,4,6];12:[4];29:[0,1,2,4,5,6];24:[4];22:[0,4,6];16:[4];3:[0,1,2,4,5,6];1:[0,1,4,6];17:[0,1,2,4,6];8:[0,1,4,6];6:[4];23:[0,1,2,3,4,5,6];4:[0,4,6];2:[4,6];19:[0,1,4,5,6];11:[4,6];18:[4,6];25:[4,6];14:[4,6];15:[0,1,2,4,5,6];28:[0,1,2,4,5,6];27:[4,6];9:[0,1,4,6]","c0:bw=36,experts=[0,4,6]; c5:bw=69,experts=[0,1,2,4,5,6]; c20:bw=15,experts=[4]; c26:bw=35,experts=[0,4,6]; c13:bw=54,experts=[0,1,2,4,6]; c7:bw=55,experts=[0,1,2,4,6]; c21:bw=28,experts=[4,6]; c10:bw=59,experts=[0,1,2,4,6]; c12:bw=16,experts=[4]; c29:bw=60,experts=[0,1,2,4,5,6]; c24:bw=10,experts=[4]; c22:bw=38,experts=[0,4,6]; c16:bw=16,experts=[4]; c3:bw=67,experts=[0,1,2,4,5,6]; c1:bw=41,experts=[0,1,4,6]; c17:bw=51,experts=[0,1,2,4,6]; c8:bw=48,experts=[0,1,4,6]; c6:bw=17,experts=[4]; c23:bw=70,experts=[0,1,2,3,4,5,6]; c4:bw=30,experts=[0,4,6]; c2:bw=22,experts=[4,6]; c19:bw=53,experts=[0,1,4,5,6]; c11:bw=29,experts=[4,6]; c18:bw=24,experts=[4,6]; c25:bw=25,experts=[4,6]; c14:bw=26,experts=[4,6]; c15:bw=62,experts=[0,1,2,4,5,6]; c28:bw=65,experts=[0,1,2,4,5,6]; c27:bw=24,experts=[4,6]; c9:bw=46,experts=[0,1,4,6]","1.5209,3.8494,2.6988,1.4622,2.1484,1.7678,1.4234,3.1624,2.3357,4.0040,1.6827,2.1414,2.3620,2.0292,1.5026,2.5584,1.5968,1.5491,1.7998,2.6574,1.6871,1.9530,2.8660,2.2492,2.6355,1.7957,1.5984,2.0906,2.4243,1.8382"
3,2026-09-24 19:50:34,Ours,0.006040000000000001,3.3232401183853293,4.93,4.93,3,73.8659,1:13.87,66.0012,6.4888,1.3689,224.3642,3:44.36,30,"4,25,10,0,8,20,29,26,15,28,24,23,18,12,21,19,9,5,1,22,27,17,3,16,13,2,14,7,11,6",4:52;25:35;10:10;0:50;8:30;20:56;29:15;26:52;15:16;28:56;24:29;23:11;18:40;12:37;21:48;19:24;9:48;5:13;1:13;22:54;27:34;17:41;3:26;16:31;13:54;2:42;14:53;7:33;11:66;6:40,"4:[0,1,4,5,6];25:[0,4,6];10:[4];0:[0,1,4,5,6];8:[0,4,6];20:[0,1,4,5,6];29:[4];26:[0,1,4,5,6];15:[4];28:[0,1,4,5,6];24:[4,6];23:[4];18:[0,1,4,6];12:[0,4,6];21:[0,4,5,6];19:[4,6];9:[0,1,4,6];5:[4];1:[4];22:[0,1,4,5,6];27:[0,4,6];17:[0,1,4,6];3:[4,6];16:[0,4,6];13:[0,1,4,5,6];2:[0,4,5,6];14:[0,1,4,5,6];7:[0,4,6];11:[0,1,2,4,5,6];6:[0,1,4,6]","c4:bw=52,experts=[0,1,4,5,6]; c25:bw=35,experts=[0,4,6]; c10:bw=10,experts=[4]; c0:bw=50,experts=[0,1,4,5,6]; c8:bw=30,experts=[0,4,6]; c20:bw=56,experts=[0,1,4,5,6]; c29:bw=15,experts=[4]; c26:bw=52,experts=[0,1,4,5,6]; c15:bw=16,experts=[4]; c28:bw=56,experts=[0,1,4,5,6]; c24:bw=29,experts=[4,6]; c23:bw=11,experts=[4]; c18:bw=40,experts=[0,1,4,6]; c12:bw=37,experts=[0,4,6]; c21:bw=48,experts=[0,4,5,6]; c19:bw=24,experts=[4,6]; c9:bw=48,experts=[0,1,4,6]; c5:bw=13,experts=[4]; c1:bw=13,experts=[4]; c22:bw=54,experts=[0,1,4,5,6]; c27:bw=34,experts=[0,4,6]; c17:bw=41,experts=[0,1,4,6]; c3:bw=26,experts=[4,6]; c16:bw=31,experts=[0,4,6]; c13:bw=54,experts=[0,1,4,5,6]; c2:bw=42,experts=[0,4,5,6]; c14:bw=53,experts=[0,1,4,5,6]; c7:bw=33,experts=[0,4,6]; c11:bw=66,experts=[0,1,2,4,5,6]; c6:bw=40,experts=[0,1,4,6]","2.6826,2.7124,3.2125,1.5471,1.6237,2.6576,4.0001,1.4556,1.6138,2.0933,1.6709,1.7998,2.2771,2.3620,1.4795,1.9728,1.8137,3.7949,1.4787,2.1503,2.4071,2.5562,2.0306,2.3370,2.1966,1.7863,1.8533,1.8456,2.9778,1.6120"
4,2026-09-24 19:51:48,Ours,0.00802,3.2509363468017485,6.14,6.14,4,74.3205,1:14.32,66.0439,6.9562,1.317,298.6982,4:58.70,30,"3,1,4,5,16,26,9,13,24,2,10,19,28,11,18,7,21,6,0,22,25,8,27,23,29,14,17,12,15,20",3:34;1:40;4:56;5:73;16:45;26:37;9:22;13:49;24:19;2:60;10:64;19:47;28:63;11:49;18:43;7:45;21:27;6:53;0:59;22:49;25:43;8:31;27:58;23:15;29:44;14:32;17:39;12:63;15:24;20:70,"3:[0,4,6];1:[0,1,4,6];4:[0,1,4,5,6];5:[0,1,2,4,5,6,7];16:[0,4,5,6];26:[0,4,6];9:[4,6];13:[0,4,5,6];24:[4];2:[0,1,2,4,5,6];10:[0,1,2,4,5,6];19:[0,1,4,6];28:[0,1,2,4,5,6];11:[0,1,4,6];18:[0,1,4,6];7:[0,1,4,6];21:[4,6];6:[0,1,4,5,6];0:[0,1,4,5,6];22:[0,1,4,6];25:[0,1,4,6];8:[0,4,6];27:[0,1,4,5,6];23:[4];29:[0,4,5,6];14:[0,4,6];17:[0,4,6];12:[0,1,2,4,5,6];15:[4,6];20:[0,1,2,3,4,5,6]","c3:bw=34,experts=[0,4,6]; c1:bw=40,experts=[0,1,4,6]; c4:bw=56,experts=[0,1,4,5,6]; c5:bw=73,experts=[0,1,2,4,5,6,7]; c16:bw=45,experts=[0,4,5,6]; c26:bw=37,experts=[0,4,6]; c9:bw=22,experts=[4,6]; c13:bw=49,experts=[0,4,5,6]; c24:bw=19,experts=[4]; c2:bw=60,experts=[0,1,2,4,5,6]; c10:bw=64,experts=[0,1,2,4,5,6]; c19:bw=47,experts=[0,1,4,6]; c28:bw=63,experts=[0,1,2,4,5,6]; c11:bw=49,experts=[0,1,4,6]; c18:bw=43,experts=[0,1,4,6]; c7:bw=45,experts=[0,1,4,6]; c21:bw=27,experts=[4,6]; c6:bw=53,experts=[0,1,4,5,6]; c0:bw=59,experts=[0,1,4,5,6]; c22:bw=49,experts=[0,1,4,6]; c25:bw=43,experts=[0,1,4,6]; c8:bw=31,experts=[0,4,6]; c27:bw=58,experts=[0,1,4,5,6]; c23:bw=15,experts=[4]; c29:bw=44,experts=[0,4,5,6]; c14:bw=32,experts=[0,4,6]; c17:bw=39,experts=[0,4,6]; c12:bw=63,experts=[0,1,2,4,5,6]; c15:bw=24,experts=[4,6]; c20:bw=70,experts=[0,1,2,3,4,5,6]","2.1434,1.5277,2.7259,3.8997,2.3738,1.4971,1.8611,2.1505,1.6772,1.7005,3.3053,1.9577,2.0759,2.8759,2.2744,1.7488,1.4389,1.5661,1.5118,2.1638,2.6483,1.6061,2.4292,1.8255,3.9917,1.8159,2.5941,2.3625,1.6198,2.6756"
5,2026-09-24 19:53:02,Ours,0.01,3.217200743483909,7.02,7.02,5,73.6228,1:13.62,65.8376,6.4778,1.3043,372.3367,6:12.34,30,"26,3,16,28,9,20,22,14,12,17,19,13,21,18,10,5,24,23,2,4,15,0,1,11,7,27,29,8,25,6",26:19;3:63;16:32;28:45;9:62;20:50;22:49;14:53;12:55;17:64;19:19;13:36;21:35;18:10;10:35;5:40;24:12;23:29;2:10;4:48;15:45;0:50;1:20;11:21;7:24;27:30;29:55;8:37;25:34;6:53,"26:[4];3:[0,1,2,4,5,6];16:[0,4,6];28:[0,1,4,6];9:[0,1,2,4,5,6];20:[0,1,4,5,6];22:[0,1,4,6];14:[0,1,4,5,6];12:[0,1,4,5,6];17:[0,1,2,4,5,6];19:[4];13:[0,4,6];21:[0,4,6];18:[4];10:[0,4,6];5:[0,4,5,6];24:[4];23:[4,6];2:[4];4:[0,4,5,6];15:[0,4,5,6];0:[0,1,4,5,6];1:[4,6];11:[4,6];7:[4,6];27:[0,4,6];29:[0,1,4,5,6];8:[0,4,6];25:[0,4,6];6:[0,1,4,5,6]","c26:bw=19,experts=[4]; c3:bw=63,experts=[0,1,2,4,5,6]; c16:bw=32,experts=[0,4,6]; c28:bw=45,experts=[0,1,4,6]; c9:bw=62,experts=[0,1,2,4,5,6]; c20:bw=50,experts=[0,1,4,5,6]; c22:bw=49,experts=[0,1,4,6]; c14:bw=53,experts=[0,1,4,5,6]; c12:bw=55,experts=[0,1,4,5,6]; c17:bw=64,experts=[0,1,2,4,5,6]; c19:bw=19,experts=[4]; c13:bw=36,experts=[0,4,6]; c21:bw=35,experts=[0,4,6]; c18:bw=10,experts=[4]; c10:bw=35,experts=[0,4,6]; c5:bw=40,experts=[0,4,5,6]; c24:bw=12,experts=[4]; c23:bw=29,experts=[4,6]; c2:bw=10,experts=[4]; c4:bw=48,experts=[0,4,5,6]; c15:bw=45,experts=[0,4,5,6]; c0:bw=50,experts=[0,1,4,5,6]; c1:bw=20,experts=[4,6]; c11:bw=21,experts=[4,6]; c7:bw=24,experts=[4,6]; c27:bw=30,experts=[0,4,6]; c29:bw=55,experts=[0,1,4,5,6]; c8:bw=37,experts=[0,4,6]; c25:bw=34,experts=[0,4,6]; c6:bw=53,experts=[0,1,4,5,6]","1.4784,2.0554,2.4005,2.1427,1.8722,2.6583,2.1688,1.8031,2.3594,2.6113,1.9337,2.1598,1.4557,2.2789,3.1933,3.8849,1.6797,1.8005,1.7095,2.6735,1.5905,1.5309,1.4979,2.8637,1.7707,2.4423,4.0200,1.6068,2.6427,1.5525"
6,2026-09-24 19:54:17,Ours,0.01,3.1768053724270042,7.47,7.47,6,74.5102,1:14.51,66.5973,6.5863,1.3197,446.8619,7:26.86,30,"17,11,7,13,0,28,20,8,1,5,2,23,22,15,21,29,10,14,26,24,4,3,19,16,6,18,12,27,9,25",17:27;11:31;7:58;13:15;0:31;28:74;20:44;8:67;1:32;5:27;2:42;23:73;22:32;15:33;21:10;29:41;10:10;14:40;26:43;24:18;4:17;3:36;19:37;16:54;6:20;18:40;12:62;27:43;9:48;25:43,"17:[4,6];11:[0,4,6];7:[0,1,4,5,6];13:[4];0:[0,4,6];28:[0,1,2,4,5,6,7];20:[0,1,4,6];8:[0,1,2,4,5,6];1:[0,4,6];5:[4,6];2:[0,1,4,6];23:[0,1,2,4,5,6,7];22:[1,4,6];15:[0,4,6];21:[4];29:[0,1,4,6];10:[4];14:[0,1,4,6];26:[0,1,4,6];24:[4];4:[4];3:[0,4,6];19:[0,4,6];16:[0,1,4,5,6];6:[4,6];18:[0,1,4,6];12:[0,1,2,4,5,6];27:[0,1,4,6];9:[0,1,4,6];25:[0,1,4,6]","c17:bw=27,experts=[4,6]; c11:bw=31,experts=[0,4,6]; c7:bw=58,experts=[0,1,4,5,6]; c13:bw=15,experts=[4]; c0:bw=31,experts=[0,4,6]; c28:bw=74,experts=[0,1,2,4,5,6,7]; c20:bw=44,experts=[0,1,4,6]; c8:bw=67,experts=[0,1,2,4,5,6]; c1:bw=32,experts=[0,4,6]; c5:bw=27,experts=[4,6]; c2:bw=42,experts=[0,1,4,6]; c23:bw=73,experts=[0,1,2,4,5,6,7]; c22:bw=32,experts=[1,4,6]; c15:bw=33,experts=[0,4,6]; c21:bw=10,experts=[4]; c29:bw=41,experts=[0,1,4,6]; c10:bw=10,experts=[4]; c14:bw=40,experts=[0,1,4,6]; c26:bw=43,experts=[0,1,4,6]; c24:bw=18,experts=[4]; c4:bw=17,experts=[4]; c3:bw=36,experts=[0,4,6]; c19:bw=37,experts=[0,4,6]; c16:bw=54,experts=[0,1,4,5,6]; c6:bw=20,experts=[4,6]; c18:bw=40,experts=[0,1,4,6]; c12:bw=62,experts=[0,1,2,4,5,6]; c27:bw=43,experts=[0,1,4,6]; c9:bw=48,experts=[0,1,4,6]; c25:bw=43,experts=[0,1,4,6]","2.5847,2.9184,1.8016,2.2674,1.5784,2.1673,2.7989,1.6830,1.5363,3.9665,1.7684,1.8689,2.2302,1.6396,1.4363,4.0138,3.1855,1.8217,1.4702,1.6714,2.6805,2.0454,1.9479,2.3468,1.5758,2.2883,2.3579,2.4152,1.8630,2.6680"
7,2026-09-24 19:55:30,Ours,0.01,3.125102019759125,9.62,9.62,7,73.7647,1:13.76,66.0464,6.3918,1.3197,520.6423,8:40.64,30,"20,1,29,3,13,15,9,16,14,17,21,4,18,25,7,5,23,2,8,12,26,24,0,6,22,10,19,28,11,27",20:16;1:10;29:57;3:26;13:25;15:39;9:10;16:53;14:13;17:41;21:60;4:14;18:20;25:50;7:31;5:49;23:41;2:40;8:57;12:47;26:49;24:31;0:36;6:13;22:55;10:17;19:54;28:10;11:60;27:26,"20:[4];1:[4];29:[0,1,4,5,6];3:[4,6];13:[4,6];15:[0,4,6];9:[4];16:[0,1,4,5,6];14:[4];17:[0,1,4,6];21:[0,1,2,4,5,6];4:[4];18:[4,6];25:[0,1,4,5,6];7:[0,4,6];5:[0,1,4,6];23:[0,1,4,6];2:[0,1,4,6];8:[0,1,4,5,6];12:[0,1,4,6];26:[0,1,4,6];24:[0,4,6];0:[0,4,6];6:[4];22:[0,1,4,5,6];10:[4];19:[0,1,4,5,6];28:[4];11:[0,1,2,4,5,6];27:[4,6]","c20:bw=16,experts=[4]; c1:bw=10,experts=[4]; c29:bw=57,experts=[0,1,4,5,6]; c3:bw=26,experts=[4,6]; c13:bw=25,experts=[4,6]; c15:bw=39,experts=[0,4,6]; c9:bw=10,experts=[4]; c16:bw=53,experts=[0,1,4,5,6]; c14:bw=13,experts=[4]; c17:bw=41,experts=[0,1,4,6]; c21:bw=60,experts=[0,1,2,4,5,6]; c4:bw=14,experts=[4]; c18:bw=20,experts=[4,6]; c25:bw=50,experts=[0,1,4,5,6]; c7:bw=31,experts=[0,4,6]; c5:bw=49,experts=[0,1,4,6]; c23:bw=41,experts=[0,1,4,6]; c2:bw=40,experts=[0,1,4,6]; c8:bw=57,experts=[0,1,4,5,6]; c12:bw=47,experts=[0,1,4,6]; c26:bw=49,experts=[0,1,4,6]; c24:bw=31,experts=[0,4,6]; c0:bw=36,experts=[0,4,6]; c6:bw=13,experts=[4]; c22:bw=55,experts=[0,1,4,5,6]; c10:bw=17,experts=[4]; c19:bw=54,experts=[0,1,4,5,6]; c28:bw=10,experts=[4]; c11:bw=60,experts=[0,1,2,4,5,6]; c27:bw=26,experts=[4,6]","2.6698,1.4888,4.0312,2.0670,2.1952,1.6181,1.8789,2.3678,1.8020,2.6012,1.4530,2.7027,2.3093,2.6717,1.7773,3.8482,1.8168,1.7134,1.5939,2.3622,1.4889,1.6937,1.5252,1.5684,2.1560,3.1693,2.0034,2.1026,2.9379,2.4328"
8,2026-09-24 19:56:45,Ours,0.01,3.1840338534653605,9.98,9.98,8,75.1238,1:15.12,67.0004,6.7913,1.3288,595.7793,9:55.78,30,"10,14,7,9,13,8,3,12,18,23,15,0,21,28,5,26,17,24,27,20,22,4,29,2,1,6,11,19,25,16",10:51;14:59;7:15;9:59;13:35;8:37;3:37;12:51;18:39;23:35;15:66;0:32;21:31;28:38;5:28;26:55;17:56;24:42;27:41;20:42;22:61;4:10;29:71;2:54;1:58;6:41;11:45;19:31;25:41;16:45,"10:[1,3,4,6,7];14:[0,3,4,6,7];7:[3];9:[0,3,4,6,7];13:[3,4,7];8:[3,4,7];3:[3,4,7];12:[0,3,4,6,7];18:[3,5,7];23:[0,4,6];15:[0,1,3,4,6,7];0:[3,4,7];21:[3,4,7];28:[3,4,6];5:[3,4];26:[1,3,4,6,7];17:[0,3,4,6,7];24:[1,3,5,7];27:[3,4,6,7];20:[0,4,6,7];22:[0,1,3,4,6,7];4:[3];29:[0,1,3,4,5,6,7];2:[1,3,4,6,7];1:[3,4,5,6,7];6:[3,4,6,7];11:[3,4,6,7];19:[3,4,7];25:[3,4,6,7];16:[3,4,6,7]","c10:bw=51,experts=[1,3,4,6,7]; c14:bw=59,experts=[0,3,4,6,7]; c7:bw=15,experts=[3]; c9:bw=59,experts=[0,3,4,6,7]; c13:bw=35,experts=[3,4,7]; c8:bw=37,experts=[3,4,7]; c3:bw=37,experts=[3,4,7]; c12:bw=51,experts=[0,3,4,6,7]; c18:bw=39,experts=[3,5,7]; c23:bw=35,experts=[0,4,6]; c15:bw=66,experts=[0,1,3,4,6,7]; c0:bw=32,experts=[3,4,7]; c21:bw=31,experts=[3,4,7]; c28:bw=38,experts=[3,4,6]; c5:bw=28,experts=[3,4]; c26:bw=55,experts=[1,3,4,6,7]; c17:bw=56,experts=[0,3,4,6,7]; c24:bw=42,experts=[1,3,5,7]; c27:bw=41,experts=[3,4,6,7]; c20:bw=42,experts=[0,4,6,7]; c22:bw=61,experts=[0,1,3,4,6,7]; c4:bw=10,experts=[3]; c29:bw=71,experts=[0,1,3,4,5,6,7]; c2:bw=54,experts=[1,3,4,6,7]; c1:bw=58,experts=[3,4,5,6,7]; c6:bw=41,experts=[3,4,6,7]; c11:bw=45,experts=[3,4,6,7]; c19:bw=31,experts=[3,4,7]; c25:bw=41,experts=[3,4,6,7]; c16:bw=45,experts=[3,4,6,7]","3.2263,1.8113,1.8000,1.8997,2.1652,1.6034,2.0586,2.3602,2.3249,1.8362,1.6299,1.5251,1.4486,2.1237,3.8458,1.4665,2.6512,1.7302,2.5270,2.7461,2.2008,2.8062,4.1798,1.7872,1.6130,1.6252,2.9793,1.9744,2.6962,2.3581"
9,2026-09-24 19:58:01,Ours,0.01,3.0945206593967725,12.21,12.21,9,75.2042,1:15.20,67.355,6.5274,1.3155,670.9992,11:11.00,30,"17,7,13,25,9,6,28,29,18,14,3,2,12,22,20,11,8,0,24,15,10,21,27,1,19,4,23,5,16,26",17:49;7:46;13:41;25:67;9:26;6:31;28:58;29:46;18:53;14:37;3:23;2:21;12:38;22:39;20:58;11:28;8:18;0:52;24:25;15:36;10:34;21:66;27:27;1:14;19:26;4:59;23:68;5:52;16:41;26:19,"17:[0,1,4,6];7:[1,4,6,7];13:[0,1,4,6];25:[0,1,2,4,5,6];9:[4,6];6:[2,4,6];28:[0,1,4,5,6];29:[0,1,4,6];18:[0,1,2,4,6];14:[2,4,6];3:[4,6];2:[4,6];12:[0,4,6];22:[2,4,6];20:[0,1,4,5,6];11:[4,6];8:[4];0:[0,1,2,4,6];24:[2,4];15:[0,4,6];10:[0,4,6];21:[0,1,2,4,5,6];27:[2,4];1:[2];19:[2,4];4:[0,2,4,6,7];23:[0,1,2,4,5,6];5:[0,1,4,5,6];16:[0,2,4,6];26:[2]","c17:bw=49,experts=[0,1,4,6]; c7:bw=46,experts=[1,4,6,7]; c13:bw=41,experts=[0,1,4,6]; c25:bw=67,experts=[0,1,2,4,5,6]; c9:bw=26,experts=[4,6]; c6:bw=31,experts=[2,4,6]; c28:bw=58,experts=[0,1,4,5,6]; c29:bw=46,experts=[0,1,4,6]; c18:bw=53,experts=[0,1,2,4,6]; c14:bw=37,experts=[2,4,6]; c3:bw=23,experts=[4,6]; c2:bw=21,experts=[4,6]; c12:bw=38,experts=[0,4,6]; c22:bw=39,experts=[2,4,6]; c20:bw=58,experts=[0,1,4,5,6]; c11:bw=28,experts=[4,6]; c8:bw=18,experts=[4]; c0:bw=52,experts=[0,1,2,4,6]; c24:bw=25,experts=[2,4]; c15:bw=36,experts=[0,4,6]; c10:bw=34,experts=[0,4,6]; c21:bw=66,experts=[0,1,2,4,5,6]; c27:bw=27,experts=[2,4]; c1:bw=14,experts=[2]; c19:bw=26,experts=[2,4]; c4:bw=59,experts=[0,2,4,6,7]; c23:bw=68,experts=[0,1,2,4,5,6]; c5:bw=52,experts=[0,1,4,5,6]; c16:bw=41,experts=[0,2,4,6]; c26:bw=19,experts=[2]","2.6339,1.8286,2.2067,2.7102,1.8818,1.5962,2.1144,4.0519,2.3130,1.8072,2.0985,1.7440,2.3880,2.1778,2.6599,2.8958,1.5998,1.5187,1.6968,1.6297,3.2893,1.5191,2.5885,1.5601,1.9872,2.9731,1.9101,4.1141,2.3641,1.4966"
10,2026-09-24 19:59:15,Ours,0.01,3.050521314462847,14.52,14.52,10,74.5231,1:14.52,66.656,6.5063,1.3531,745.5361,12:25.54,30,"16,13,14,18,5,22,19,24,20,4,12,1,23,11,3,29,21,15,26,2,9,25,10,28,27,17,6,7,0,8",16:44;13:38;14:57;18:28;5:58;22:10;19:43;24:68;20:10;4:37;12:52;1:41;23:10;11:21;3:46;29:25;21:10;15:10;26:58;2:34;9:35;25:66;10:54;28:24;27:24;17:35;6:65;7:37;0:59;8:35,"16:[0,1,4,6];13:[2,4,6];14:[0,1,4,5,6];18:[4,6];5:[0,1,4,5,6];22:[4];19:[0,1,4,6];24:[0,1,2,4,5,6];20:[4];4:[0,4,6];12:[0,1,2,4,6];1:[0,1,4,6];23:[3];11:[4,6];3:[0,4,5,6];29:[2,4];21:[4];15:[2];26:[0,1,2,4,6];2:[0,4,6];9:[0,4,6];25:[0,1,2,4,5,6];10:[0,1,2,4,6];28:[4,6];27:[4,6];17:[0,4,6];6:[0,1,2,4,5,6];7:[2,4,6];0:[0,1,2,4,6];8:[0,4,6]","c16:bw=44,experts=[0,1,4,6]; c13:bw=38,experts=[2,4,6]; c14:bw=57,experts=[0,1,4,5,6]; c18:bw=28,experts=[4,6]; c5:bw=58,experts=[0,1,4,5,6]; c22:bw=10,experts=[4]; c19:bw=43,experts=[0,1,4,6]; c24:bw=68,experts=[0,1,2,4,5,6]; c20:bw=10,experts=[4]; c4:bw=37,experts=[0,4,6]; c12:bw=52,experts=[0,1,2,4,6]; c1:bw=41,experts=[0,1,4,6]; c23:bw=10,experts=[3]; c11:bw=21,experts=[4,6]; c3:bw=46,experts=[0,4,5,6]; c29:bw=25,experts=[2,4]; c21:bw=10,experts=[4]; c15:bw=10,experts=[2]; c26:bw=58,experts=[0,1,2,4,6]; c2:bw=34,experts=[0,4,6]; c9:bw=35,experts=[0,4,6]; c25:bw=66,experts=[0,1,2,4,5,6]; c10:bw=54,experts=[0,1,2,4,6]; c28:bw=24,experts=[4,6]; c27:bw=24,experts=[4,6]; c17:bw=35,experts=[0,4,6]; c6:bw=65,experts=[0,1,2,4,5,6]; c7:bw=37,experts=[2,4,6]; c0:bw=59,experts=[0,1,2,4,6]; c8:bw=35,experts=[0,4,6]","2.4122,2.1932,1.8310,2.3315,3.8848,2.2049,1.9884,1.7098,2.6791,2.7194,2.3642,1.5124,1.8221,2.9289,2.0612,3.9992,1.4499,1.6252,1.5129,1.7127,1.8796,2.6944,3.2498,2.1315,2.4477,2.5873,1.6517,1.8274,1.5768,1.6669"
11,2026-09-24 20:00:30,Ours,0.01,2.9515383924174667,14.64,14.64,11,74.9763,1:14.98,67.0821,6.5532,1.3377,820.5278,13:40.53,30,"6,20,29,24,4,11,17,25,9,1,12,14,8,28,13,18,22,5,3,7,16,10,27,0,26,21,23,19,2,15",6:55;20:10;29:10;24:45;4:16;11:34;17:44;25:10;9:33;1:40;12:20;14:15;8:39;28:26;13:40;18:47;22:10;5:28;3:50;7:44;16:43;10:35;27:53;0:28;26:33;21:34;23:63;19:25;2:27;15:44,"6:[0,2,4,5,6];20:[4];29:[4];24:[0,1,4,6];4:[4];11:[0,4,6];17:[0,4,5,6];25:[4];9:[0,4,6];1:[0,1,4,6];12:[4,6];14:[4];8:[0,4,6];28:[4,6];13:[0,1,4,6];18:[0,1,4,6];22:[4];5:[4,6];3:[0,2,4,5,6];7:[0,1,4,6];16:[0,1,4,6];10:[2,4,6];27:[0,1,4,5,6];0:[4,6];26:[4,5,6];21:[4,5,6];23:[0,1,2,4,5,6];19:[4,6];2:[4,6];15:[0,4,5,6]","c6:bw=55,experts=[0,2,4,5,6]; c20:bw=10,experts=[4]; c29:bw=10,experts=[4]; c24:bw=45,experts=[0,1,4,6]; c4:bw=16,experts=[4]; c11:bw=34,experts=[0,4,6]; c17:bw=44,experts=[0,4,5,6]; c25:bw=10,experts=[4]; c9:bw=33,experts=[0,4,6]; c1:bw=40,experts=[0,1,4,6]; c12:bw=20,experts=[4,6]; c14:bw=15,experts=[4]; c8:bw=39,experts=[0,4,6]; c28:bw=26,experts=[4,6]; c13:bw=40,experts=[0,1,4,6]; c18:bw=47,experts=[0,1,4,6]; c22:bw=10,experts=[4]; c5:bw=28,experts=[4,6]; c3:bw=50,experts=[0,2,4,5,6]; c7:bw=44,experts=[0,1,4,6]; c16:bw=43,experts=[0,1,4,6]; c10:bw=35,experts=[2,4,6]; c27:bw=53,experts=[0,1,4,5,6]; c0:bw=28,experts=[4,6]; c26:bw=33,experts=[4,5,6]; c21:bw=34,experts=[4,5,6]; c23:bw=63,experts=[0,1,2,4,5,6]; c19:bw=25,experts=[4,6]; c2:bw=27,experts=[4,6]; c15:bw=44,experts=[0,4,5,6]","1.6652,2.7670,4.2227,1.7429,2.7241,2.9360,2.6358,2.6949,1.8804,1.4857,2.3976,1.8103,1.6338,2.1300,2.2225,2.3390,2.2008,3.8815,2.0980,1.7780,2.4175,3.2355,2.4736,1.5356,1.5150,1.4561,1.8214,1.9551,1.7227,1.7032"
12,2026-09-24 20:01:47,Ours,0.01,2.9192799031463528,16.79,16.79,12,77.1769,1:17.18,68.82,6.9964,1.3539,897.7194,14:57.72,30,"8,9,22,17,3,25,10,4,1,24,18,21,12,14,5,27,28,11,26,29,16,2,6,7,23,19,15,20,13,0",8:55;9:42;22:54;17:39;3:35;25:44;10:62;4:28;1:42;24:24;18:45;21:61;12:73;14:29;5:56;27:51;28:11;11:45;26:21;29:52;16:28;2:57;6:29;7:30;23:60;19:31;15:36;20:75;13:53;0:49,"8:[0,1,4,5,6];9:[0,1,4,6];22:[1,2,4,5,6];17:[4,5,6];3:[4,5,6];25:[0,2,4,6];10:[0,1,2,4,5,6];4:[1,4];1:[0,1,4,6];24:[4,6];18:[0,1,4,6];21:[0,1,2,4,5,6];12:[0,1,2,3,4,5,6];14:[4,6];5:[2,4,5,6,7];27:[1,2,4,5,6];28:[4];11:[0,1,4,6];26:[4,6];29:[0,1,4,5,6];16:[4,6];2:[1,2,4,5,6];6:[4,6];7:[1,4,6];23:[0,1,2,4,5,6];19:[1,4,6];15:[0,4,6];20:[0,1,2,3,4,5,6];13:[0,1,4,5,6];0:[0,4,5,6]","c8:bw=55,experts=[0,1,4,5,6]; c9:bw=42,experts=[0,1,4,6]; c22:bw=54,experts=[1,2,4,5,6]; c17:bw=39,experts=[4,5,6]; c3:bw=35,experts=[4,5,6]; c25:bw=44,experts=[0,2,4,6]; c10:bw=62,experts=[0,1,2,4,5,6]; c4:bw=28,experts=[1,4]; c1:bw=42,experts=[0,1,4,6]; c24:bw=24,experts=[4,6]; c18:bw=45,experts=[0,1,4,6]; c21:bw=61,experts=[0,1,2,4,5,6]; c12:bw=73,experts=[0,1,2,3,4,5,6]; c14:bw=29,experts=[4,6]; c5:bw=56,experts=[2,4,5,6,7]; c27:bw=51,experts=[1,2,4,5,6]; c28:bw=11,experts=[4]; c11:bw=45,experts=[0,1,4,6]; c26:bw=21,experts=[4,6]; c29:bw=52,experts=[0,1,4,5,6]; c16:bw=28,experts=[4,6]; c2:bw=57,experts=[1,2,4,5,6]; c6:bw=29,experts=[4,6]; c7:bw=30,experts=[1,4,6]; c23:bw=60,experts=[0,1,2,4,5,6]; c19:bw=31,experts=[1,4,6]; c15:bw=36,experts=[0,4,6]; c20:bw=75,experts=[0,1,2,3,4,5,6]; c13:bw=53,experts=[0,1,4,5,6]; c0:bw=49,experts=[0,4,5,6]","1.6512,1.9397,2.2842,2.6937,2.1937,2.7823,3.3650,2.7972,1.5687,1.7189,2.3834,1.5096,2.4466,1.9070,3.9882,2.5659,2.1572,3.0379,1.5116,4.1799,2.4757,1.7687,1.6396,1.8741,1.9068,2.0650,1.7499,2.7703,2.2945,1.5933"
13,2026-09-24 20:03:03,Ours,0.01,2.909054860023614,17.65,17.65,13,75.2594,1:15.26,67.3449,6.5774,1.3301,972.9949,16:12.99,30,"17,19,1,9,21,10,6,29,14,25,20,26,22,0,12,7,4,8,24,5,13,11,23,16,2,3,18,15,28,27",17:55;19:36;1:47;9:15;21:30;10:42;6:36;29:49;14:70;25:58;20:10;26:17;22:75;0:25;12:42;7:58;4:10;8:15;24:35;5:29;13:32;11:52;23:53;16:10;2:16;3:30;18:51;15:38;28:47;27:57,"17:[0,2,4,5,6];19:[0,4,6];1:[0,1,4,6];9:[2];21:[4,5,6];10:[1,4,5,6];6:[4,5,6];29:[1,2,4,6];14:[0,1,2,3,4,5,6];25:[0,2,4,5,6];20:[4];26:[4];22:[0,1,2,4,5,6,7];0:[4,6];12:[0,4,5,6];7:[0,1,4,5,6];4:[5];8:[4];24:[4,5,6];5:[4,6];13:[4,5,6];11:[0,2,4,5,6];23:[0,1,4,5,6];16:[4];2:[4];3:[1,4,6];18:[0,1,4,5,6];15:[0,4,6];28:[0,4,5,6];27:[0,1,4,5,6]","c17:bw=55,experts=[0,2,4,5,6]; c19:bw=36,experts=[0,4,6]; c1:bw=47,experts=[0,1,4,6]; c9:bw=15,experts=[2]; c21:bw=30,experts=[4,5,6]; c10:bw=42,experts=[1,4,5,6]; c6:bw=36,experts=[4,5,6]; c29:bw=49,experts=[1,2,4,6]; c14:bw=70,experts=[0,1,2,3,4,5,6]; c25:bw=58,experts=[0,2,4,5,6]; c20:bw=10,experts=[4]; c26:bw=17,experts=[4]; c22:bw=75,experts=[0,1,2,4,5,6,7]; c0:bw=25,experts=[4,6]; c12:bw=42,experts=[0,4,5,6]; c7:bw=58,experts=[0,1,4,5,6]; c4:bw=10,experts=[5]; c8:bw=15,experts=[4]; c24:bw=35,experts=[4,5,6]; c5:bw=29,experts=[4,6]; c13:bw=32,experts=[4,5,6]; c11:bw=52,experts=[0,2,4,5,6]; c23:bw=53,experts=[0,1,4,5,6]; c16:bw=10,experts=[4]; c2:bw=16,experts=[4]; c3:bw=30,experts=[1,4,6]; c18:bw=51,experts=[0,1,4,5,6]; c15:bw=38,experts=[0,4,6]; c28:bw=47,experts=[0,4,5,6]; c27:bw=57,experts=[0,1,4,5,6]","2.6563,1.9916,1.5348,1.8790,1.4668,3.3291,1.6537,4.2186,1.9003,2.7874,2.7327,1.4976,2.2429,1.6095,2.4612,1.8173,2.7425,1.5974,1.6883,3.8476,2.1834,2.9389,1.8292,2.3614,1.7540,2.1080,2.2991,1.6295,2.1266,2.4603"
14,2026-09-24 20:04:17,Ours,0.01,2.8163505892571647,19.94,19.94,14,74.4818,1:14.48,66.5848,6.557,1.334,1047.4929,17:27.49,30,"12,24,28,22,3,4,15,18,26,11,19,6,5,10,8,0,27,16,20,29,1,14,17,23,13,7,2,25,21,9",12:43;24:42;28:49;22:35;3:45;4:10;15:12;18:63;26:42;11:36;19:42;6:67;5:64;10:31;8:21;0:25;27:40;16:19;20:31;29:36;1:38;14:25;17:10;23:63;13:34;7:25;2:45;25:53;21:36;9:32,"12:[0,1,4,6];24:[1,4,5,6];28:[2,4,6,7];22:[2,4,6];3:[0,4,5,6];4:[4];15:[4];18:[0,1,2,4,5,6];26:[2,4,5,6];11:[1,4,6];19:[0,4,5,6];6:[0,1,2,4,5,6];5:[0,1,2,4,5,6];10:[4,5,6];8:[2,4];0:[4,6];27:[1,4,5,6];16:[4];20:[4,5,6];29:[1,4,6];1:[4,5,6];14:[4,6];17:[4];23:[0,1,4,5,6,7];13:[4,5,6];7:[4,6];2:[0,4,5,6];25:[0,2,4,5,6];21:[0,4,6];9:[4,5,6]","c12:bw=43,experts=[0,1,4,6]; c24:bw=42,experts=[1,4,5,6]; c28:bw=49,experts=[2,4,6,7]; c22:bw=35,experts=[2,4,6]; c3:bw=45,experts=[0,4,5,6]; c4:bw=10,experts=[4]; c15:bw=12,experts=[4]; c18:bw=63,experts=[0,1,2,4,5,6]; c26:bw=42,experts=[2,4,5,6]; c11:bw=36,experts=[1,4,6]; c19:bw=42,experts=[0,4,5,6]; c6:bw=67,experts=[0,1,2,4,5,6]; c5:bw=64,experts=[0,1,2,4,5,6]; c10:bw=31,experts=[4,5,6]; c8:bw=21,experts=[2,4]; c0:bw=25,experts=[4,6]; c27:bw=40,experts=[1,4,5,6]; c16:bw=19,experts=[4]; c20:bw=31,experts=[4,5,6]; c29:bw=36,experts=[1,4,6]; c1:bw=38,experts=[4,5,6]; c14:bw=25,experts=[4,6]; c17:bw=10,experts=[4]; c23:bw=63,experts=[0,1,4,5,6,7]; c13:bw=34,experts=[4,5,6]; c7:bw=25,experts=[4,6]; c2:bw=45,experts=[0,4,5,6]; c25:bw=53,experts=[0,2,4,5,6]; c21:bw=36,experts=[0,4,6]; c9:bw=32,experts=[4,5,6]","2.3861,1.7286,2.1268,2.2027,2.1214,2.7099,1.6169,2.3113,1.4999,2.9263,1.9976,1.5718,3.8701,3.2531,1.6373,1.5402,2.4236,2.3919,2.6877,4.0825,1.4969,1.7790,2.5921,1.8370,2.1950,1.8069,1.7414,2.6984,1.4763,1.8758"
15,2026-09-24 20:05:33,Ours,0.01,2.7872658925791787,20.67,20.67,15,75.3103,1:15.31,67.4983,6.4558,1.3531,1122.8189,18:42.82,30,"8,17,2,27,28,6,23,21,25,26,4,10,22,5,9,29,16,20,1,14,18,11,24,15,13,7,0,19,12,3",8:52;17:47;2:53;27:36;28:40;6:33;23:58;21:14;25:32;26:48;4:47;10:13;22:60;5:18;9:19;29:10;16:29;20:43;1:14;14:50;18:34;11:55;24:45;15:10;13:60;7:59;0:20;19:59;12:10;3:10,"8:[0,1,4,5,6];17:[0,4,5,6];2:[1,2,4,5,6];27:[2,4,6];28:[0,1,4,6];6:[4,5,6];23:[0,1,2,4,6];21:[4];25:[2,4,6];26:[1,2,4,6];4:[1,2,4,6];10:[4];22:[0,1,2,4,5,6];5:[4];9:[4];29:[4];16:[4,5];20:[0,4,5,6];1:[4];14:[0,1,2,4,6];18:[2,4,6];11:[1,2,4,5,6];24:[0,1,4,6];15:[4];13:[0,1,2,4,5,6];7:[1,2,4,5,6];0:[4,6];19:[0,1,2,4,6];12:[4];3:[4]","c8:bw=52,experts=[0,1,4,5,6]; c17:bw=47,experts=[0,4,5,6]; c2:bw=53,experts=[1,2,4,5,6]; c27:bw=36,experts=[2,4,6]; c28:bw=40,experts=[0,1,4,6]; c6:bw=33,experts=[4,5,6]; c23:bw=58,experts=[0,1,2,4,6]; c21:bw=14,experts=[4]; c25:bw=32,experts=[2,4,6]; c26:bw=48,experts=[1,2,4,6]; c4:bw=47,experts=[1,2,4,6]; c10:bw=13,experts=[4]; c22:bw=60,experts=[0,1,2,4,5,6]; c5:bw=18,experts=[4]; c9:bw=19,experts=[4]; c29:bw=10,experts=[4]; c16:bw=29,experts=[4,5]; c20:bw=43,experts=[0,4,5,6]; c1:bw=14,experts=[4]; c14:bw=50,experts=[0,1,2,4,6]; c18:bw=34,experts=[2,4,6]; c11:bw=55,experts=[1,2,4,5,6]; c24:bw=45,experts=[0,1,4,6]; c15:bw=10,experts=[4]; c13:bw=60,experts=[0,1,2,4,5,6]; c7:bw=59,experts=[1,2,4,5,6]; c0:bw=20,experts=[4,6]; c19:bw=59,experts=[0,1,2,4,6]; c12:bw=10,experts=[4]; c3:bw=10,experts=[4]","1.6242,2.6335,1.7609,2.5033,2.1697,1.6045,1.8219,1.4732,2.7171,1.5044,2.7096,3.2400,2.1706,3.8995,1.8820,4.0793,2.4520,2.7707,1.5526,1.8859,2.3855,3.0579,1.7856,1.6789,2.2365,1.8561,1.6074,1.9917,2.3617,2.0817"
16,2026-09-24 20:06:48,Ours,0.01,2.9146075682482455,21.31,21.31,16,75.2139,1:15.21,67.0115,6.7654,1.4289,1198.0496,19:58.05,30,"23,25,10,3,11,29,1,20,21,0,26,8,6,13,24,18,4,16,9,17,28,15,27,7,22,2,14,19,12,5",23:12;25:35;10:22;3:43;11:10;29:37;1:29;20:50;21:49;0:57;26:51;8:49;6:40;13:24;24:25;18:12;4:35;16:54;9:24;17:43;28:56;15:48;27:57;7:22;22:53;2:52;14:29;19:62;12:14;5:40,"23:[4];25:[3,4,7];10:[3,7];3:[3,4,6,7];11:[3];29:[3,4,7];1:[3,7];20:[1,4,5,6,7];21:[3,4,6,7];0:[0,3,4,6,7];26:[1,3,4,6,7];8:[3,4,6,7];6:[3,4,6,7];13:[3,7];24:[3,7];18:[3];4:[3,4,6];16:[1,3,4,6,7];9:[3,7];17:[3,4,6,7];28:[1,2,3,4,6];15:[1,3,4,7];27:[1,3,4,6,7];7:[3,4];22:[1,2,3,4,6];2:[1,3,4,6,7];14:[4,7];19:[0,2,3,4,6,7];12:[7];5:[1,3,4,6]","c23:bw=12,experts=[4]; c25:bw=35,experts=[3,4,7]; c10:bw=22,experts=[3,7]; c3:bw=43,experts=[3,4,6,7]; c11:bw=10,experts=[3]; c29:bw=37,experts=[3,4,7]; c1:bw=29,experts=[3,7]; c20:bw=50,experts=[1,4,5,6,7]; c21:bw=49,experts=[3,4,6,7]; c0:bw=57,experts=[0,3,4,6,7]; c26:bw=51,experts=[1,3,4,6,7]; c8:bw=49,experts=[3,4,6,7]; c6:bw=40,experts=[3,4,6,7]; c13:bw=24,experts=[3,7]; c24:bw=25,experts=[3,7]; c18:bw=12,experts=[3]; c4:bw=35,experts=[3,4,6]; c16:bw=54,experts=[1,3,4,6,7]; c9:bw=24,experts=[3,7]; c17:bw=43,experts=[3,4,6,7]; c28:bw=56,experts=[1,2,3,4,6]; c15:bw=48,experts=[1,3,4,7]; c27:bw=57,experts=[1,3,4,6,7]; c7:bw=22,experts=[3,4]; c22:bw=53,experts=[1,2,3,4,6]; c2:bw=52,experts=[1,3,4,6,7]; c14:bw=29,experts=[4,7]; c19:bw=62,experts=[0,2,3,4,6,7]; c12:bw=14,experts=[7]; c5:bw=40,experts=[1,3,4,6]","1.8490,2.7487,3.2862,2.0987,3.0017,4.0949,1.5095,2.7246,1.4813,1.5530,1.5068,1.6260,1.6090,2.2362,1.7111,2.3136,2.7169,2.4081,1.8701,2.6091,2.1308,1.6353,2.4636,1.8005,2.2035,1.7457,1.8119,1.9911,2.4028,3.8718"
17,2026-09-24 20:08:09,Ours,0.01,2.7457532200303025,22.36,22.36,17,81.5235,1:21.52,73.0964,6.8818,1.5365,1279.5915,21:19.59,30,"5,7,1,23,8,25,12,27,24,10,9,17,3,16,20,29,14,19,13,26,18,28,11,2,22,21,4,6,15,0",5:10;7:25;1:29;23:39;8:10;25:27;12:74;27:27;24:40;10:44;9:37;17:11;3:52;16:30;20:58;29:48;14:33;19:40;13:27;26:43;18:31;28:18;11:10;2:19;22:31;21:10;4:58;6:39;15:50;0:11,"5:[4];7:[4,7];1:[2,4];23:[4,5,6];8:[4];25:[4,6];12:[0,1,2,4,5,6,7];27:[4,6];24:[0,4,5,6];10:[2,4,5,6];9:[4,5,6];17:[1];3:[0,2,4,5,6];16:[2,4,6];20:[0,1,4,5,6];29:[1,4,5,6];14:[4,5,6];19:[2,4,5,6];13:[4,6];26:[0,4,5,6];18:[4,6,7];28:[4];11:[7];2:[4];22:[1,4,6];21:[4];4:[2,4,5,6,7];6:[4,5,6];15:[0,2,4,5,6];0:[4]","c5:bw=10,experts=[4]; c7:bw=25,experts=[4,7]; c1:bw=29,experts=[2,4]; c23:bw=39,experts=[4,5,6]; c8:bw=10,experts=[4]; c25:bw=27,experts=[4,6]; c12:bw=74,experts=[0,1,2,4,5,6,7]; c27:bw=27,experts=[4,6]; c24:bw=40,experts=[0,4,5,6]; c10:bw=44,experts=[2,4,5,6]; c9:bw=37,experts=[4,5,6]; c17:bw=11,experts=[1]; c3:bw=52,experts=[0,2,4,5,6]; c16:bw=30,experts=[2,4,6]; c20:bw=58,experts=[0,1,4,5,6]; c29:bw=48,experts=[1,4,5,6]; c14:bw=33,experts=[4,5,6]; c19:bw=40,experts=[2,4,5,6]; c13:bw=27,experts=[4,6]; c26:bw=43,experts=[0,4,5,6]; c18:bw=31,experts=[4,6,7]; c28:bw=18,experts=[4]; c11:bw=10,experts=[7]; c2:bw=19,experts=[4]; c22:bw=31,experts=[1,4,6]; c21:bw=10,experts=[4]; c4:bw=58,experts=[2,4,5,6,7]; c6:bw=39,experts=[4,5,6]; c15:bw=50,experts=[0,2,4,5,6]; c0:bw=11,experts=[4]","4.2282,1.9768,1.6416,2.0039,1.7441,3.0080,2.5544,2.6706,1.8666,3.6539,2.0965,2.9064,2.3050,2.6204,2.9539,4.4612,1.9666,2.1475,2.3856,1.6659,2.4681,2.3299,3.2205,1.8651,2.4118,1.6578,2.9526,1.7598,1.8445,1.7291"
18,2026-09-24 20:09:30,Ours,0.01,2.6788493741759765,25.04,25.04,18,80.3964,1:20.40,72.1864,6.825,1.3817,1360.0072,22:40.01,30,"13,20,6,14,5,24,29,8,17,2,16,7,25,10,11,22,26,23,15,27,12,28,0,18,9,19,1,3,4,21",13:43;20:45;6:31;14:40;5:35;24:30;29:39;8:10;17:50;2:37;16:38;7:55;25:32;10:27;11:57;22:49;26:57;23:56;15:51;27:31;12:18;28:43;0:49;18:60;9:19;19:33;1:10;3:37;4:56;21:26,"13:[1,4,5,6];20:[2,4,5,6];6:[4,5,6];14:[0,4,5,6];5:[4,5,6];24:[2,4,6];29:[4,5,6];8:[4];17:[0,2,4,5,6];2:[1,4,6];16:[1,4,6];7:[1,2,4,5,6];25:[1,4,6];10:[4,6];11:[1,2,4,5,6];22:[1,2,4,6];26:[1,2,4,5,6];23:[0,1,3,4,6];15:[1,2,4,5,6];27:[4,5,6];12:[4];28:[1,4,5,6];0:[1,2,4,6];18:[0,1,2,4,5,6];9:[4];19:[2,4,6];1:[4];3:[4,5,6];4:[0,2,4,5,6];21:[4,6]","c13:bw=43,experts=[1,4,5,6]; c20:bw=45,experts=[2,4,5,6]; c6:bw=31,experts=[4,5,6]; c14:bw=40,experts=[0,4,5,6]; c5:bw=35,experts=[4,5,6]; c24:bw=30,experts=[2,4,6]; c29:bw=39,experts=[4,5,6]; c8:bw=10,experts=[4]; c17:bw=50,experts=[0,2,4,5,6]; c2:bw=37,experts=[1,4,6]; c16:bw=38,experts=[1,4,6]; c7:bw=55,experts=[1,2,4,5,6]; c25:bw=32,experts=[1,4,6]; c10:bw=27,experts=[4,6]; c11:bw=57,experts=[1,2,4,5,6]; c22:bw=49,experts=[1,2,4,6]; c26:bw=57,experts=[1,2,4,5,6]; c23:bw=56,experts=[0,1,3,4,6]; c15:bw=51,experts=[1,2,4,5,6]; c27:bw=31,experts=[4,5,6]; c12:bw=18,experts=[4]; c28:bw=43,experts=[1,4,5,6]; c0:bw=49,experts=[1,2,4,6]; c18:bw=60,experts=[0,1,2,4,5,6]; c9:bw=19,experts=[4]; c19:bw=33,experts=[2,4,6]; c1:bw=10,experts=[4]; c3:bw=37,experts=[4,5,6]; c4:bw=56,experts=[0,2,4,5,6]; c21:bw=26,experts=[4,6]","2.4778,3.0133,1.8361,2.0202,4.3214,1.8604,4.4714,1.7630,2.8804,1.8559,2.6075,1.9770,2.9828,3.5541,3.2373,2.3765,1.5801,1.9552,1.6963,2.5796,2.4995,2.2376,1.6631,2.4035,2.0003,2.1197,1.5975,2.1996,2.8873,1.5316"
19,2026-09-24 20:10:48,Ours,0.01,2.663148105917388,24.77,25.04,18,78.4214,1:18.42,70.3441,6.6456,1.4246,1438.4486,23:58.45,30,"5,19,26,29,15,4,23,3,6,8,20,21,22,14,27,24,28,16,2,17,18,1,13,25,12,11,10,9,7,0",5:29;19:37;26:33;29:36;15:39;4:51;23:15;3:40;6:66;8:56;20:21;21:52;22:29;14:30;27:34;24:45;28:10;16:13;2:14;17:67;18:31;1:46;13:10;25:59;12:54;11:20;10:35;9:38;7:22;0:42,"5:[4,6];19:[2,4,6];26:[1,4,6];29:[1,4,6];15:[4,5,6];4:[1,2,4,5,6];23:[4];3:[0,4,5,6];6:[0,1,2,4,5,6];8:[1,2,4,5,6];20:[4,6];21:[1,2,4,5,6];22:[4,6];14:[1,4,6];27:[1,4,6];24:[1,2,4,6];28:[4];16:[0];2:[4];17:[0,1,2,4,5,6];18:[4,5,6];1:[1,4,5,6];13:[4];25:[1,2,4,5,6];12:[1,2,4,5,6];11:[4,6];10:[1,4,6];9:[1,4,6];7:[4,6];0:[2,4,5,6]","c5:bw=29,experts=[4,6]; c19:bw=37,experts=[2,4,6]; c26:bw=33,experts=[1,4,6]; c29:bw=36,experts=[1,4,6]; c15:bw=39,experts=[4,5,6]; c4:bw=51,experts=[1,2,4,5,6]; c23:bw=15,experts=[4]; c3:bw=40,experts=[0,4,5,6]; c6:bw=66,experts=[0,1,2,4,5,6]; c8:bw=56,experts=[1,2,4,5,6]; c20:bw=21,experts=[4,6]; c21:bw=52,experts=[1,2,4,5,6]; c22:bw=29,experts=[4,6]; c14:bw=30,experts=[1,4,6]; c27:bw=34,experts=[1,4,6]; c24:bw=45,experts=[1,2,4,6]; c28:bw=10,experts=[4]; c16:bw=13,experts=[0]; c2:bw=14,experts=[4]; c17:bw=67,experts=[0,1,2,4,5,6]; c18:bw=31,experts=[4,5,6]; c1:bw=46,experts=[1,4,5,6]; c13:bw=10,experts=[4]; c25:bw=59,experts=[1,2,4,5,6]; c12:bw=54,experts=[1,2,4,5,6]; c11:bw=20,experts=[4,6]; c10:bw=35,experts=[1,4,6]; c9:bw=38,experts=[1,4,6]; c7:bw=22,experts=[4,6]; c0:bw=42,experts=[2,4,5,6]","4.1368,2.1310,1.5899,4.2950,1.7593,2.8870,1.9540,2.2100,1.6769,1.7184,2.8437,1.5343,2.3101,1.9074,2.5173,1.7971,2.2217,2.5591,1.8526,2.7926,2.3941,1.5922,2.2912,2.8195,2.5199,3.1061,3.4092,2.0034,1.8753,1.6387"
20,2026-09-24 20:12:07,Ours,0.01,2.664195616829218,25.35,25.35,20,79.2111,1:19.21,71.0855,6.6875,1.4346,1517.6789,25:17.68,30,"12,19,17,5,18,29,21,10,11,14,22,13,7,6,0,1,25,15,26,16,2,8,4,9,28,27,20,24,3,23",12:44;19:48;17:48;5:10;18:21;29:17;21:44;10:16;11:10;14:30;22:75;13:40;7:43;6:68;0:28;1:40;25:21;15:19;26:31;16:40;2:41;8:50;4:59;9:17;28:34;27:42;20:58;24:43;3:18;23:37,"12:[0,3,4,6];19:[2,4,5,6];17:[0,2,4,6];5:[7];18:[4,6];29:[0];21:[0,4,5,6];10:[0];11:[4];14:[0,4,6];22:[0,1,2,4,5,6,7];13:[2,4,5,6];7:[2,4,5,6];6:[0,1,2,4,5,6];0:[4,6];1:[0,2,4,6];25:[4,6];15:[4];26:[2,4,6];16:[0,2,4,6];2:[2,4,5,6];8:[0,2,4,5,6];4:[0,2,4,5,6];9:[0];28:[4,5,6];27:[0,2,4,6];20:[0,3,4,5,6];24:[0,1,4,6];3:[4];23:[0,4,6]","c12:bw=44,experts=[0,3,4,6]; c19:bw=48,experts=[2,4,5,6]; c17:bw=48,experts=[0,2,4,6]; c5:bw=10,experts=[7]; c18:bw=21,experts=[4,6]; c29:bw=17,experts=[0]; c21:bw=44,experts=[0,4,5,6]; c10:bw=16,experts=[0]; c11:bw=10,experts=[4]; c14:bw=30,experts=[0,4,6]; c22:bw=75,experts=[0,1,2,4,5,6,7]; c13:bw=40,experts=[2,4,5,6]; c7:bw=43,experts=[2,4,5,6]; c6:bw=68,experts=[0,1,2,4,5,6]; c0:bw=28,experts=[4,6]; c1:bw=40,experts=[0,2,4,6]; c25:bw=21,experts=[4,6]; c15:bw=19,experts=[4]; c26:bw=31,experts=[2,4,6]; c16:bw=40,experts=[0,2,4,6]; c2:bw=41,experts=[2,4,5,6]; c8:bw=50,experts=[0,2,4,5,6]; c4:bw=59,experts=[0,2,4,5,6]; c9:bw=17,experts=[0]; c28:bw=34,experts=[4,5,6]; c27:bw=42,experts=[0,2,4,6]; c20:bw=58,experts=[0,3,4,5,6]; c24:bw=43,experts=[0,1,4,6]; c3:bw=18,experts=[4]; c23:bw=37,experts=[0,4,6]","2.5386,2.1095,2.8013,4.2133,2.5345,4.4132,1.5755,3.4768,3.1197,1.9489,2.3896,2.3679,1.9584,1.6919,1.6133,1.5906,2.8628,1.7060,1.5699,2.5170,1.8510,1.7321,2.8928,1.9405,2.2621,2.6193,2.7903,1.8412,2.2149,1.9425"
21,2026-09-24 20:13:26,Ours,0.01,2.6037317367750075,25.3,25.35,20,78.6991,1:18.70,70.7025,6.5555,1.4376,1596.3975,26:36.40,30,"22,1,5,7,27,0,26,14,10,4,9,2,25,13,17,6,28,20,23,8,11,3,29,18,12,21,24,15,19,16",22:48;1:41;5:32;7:12;27:33;0:66;26:45;14:31;10:40;4:48;9:25;2:39;25:39;13:23;17:35;6:16;28:13;20:40;23:37;8:18;11:23;3:10;29:52;18:60;12:38;21:15;24:38;15:19;19:58;16:33,"22:[2,4,5,6];1:[0,1,4,6];5:[4,5,6];7:[0];27:[2,4,6];0:[0,1,2,4,5,6];26:[2,4,5,6];14:[3,4,6];10:[2,4,5,6];4:[2,4,5,6];9:[2,4];2:[4,5,6];25:[2,4,6];13:[4,6];17:[2,4,6];6:[4];28:[4];20:[2,4,5,6];23:[4,5,6];8:[4];11:[0,4];3:[1];29:[1,2,4,5,6];18:[0,1,2,4,5,6];12:[0,4,6];21:[4];24:[2,4,6];15:[4];19:[0,2,4,5,6];16:[2,4,6]","c22:bw=48,experts=[2,4,5,6]; c1:bw=41,experts=[0,1,4,6]; c5:bw=32,experts=[4,5,6]; c7:bw=12,experts=[0]; c27:bw=33,experts=[2,4,6]; c0:bw=66,experts=[0,1,2,4,5,6]; c26:bw=45,experts=[2,4,5,6]; c14:bw=31,experts=[3,4,6]; c10:bw=40,experts=[2,4,5,6]; c4:bw=48,experts=[2,4,5,6]; c9:bw=25,experts=[2,4]; c2:bw=39,experts=[4,5,6]; c25:bw=39,experts=[2,4,6]; c13:bw=23,experts=[4,6]; c17:bw=35,experts=[2,4,6]; c6:bw=16,experts=[4]; c28:bw=13,experts=[4]; c20:bw=40,experts=[2,4,5,6]; c23:bw=37,experts=[4,5,6]; c8:bw=18,experts=[4]; c11:bw=23,experts=[0,4]; c3:bw=10,experts=[1]; c29:bw=52,experts=[1,2,4,5,6]; c18:bw=60,experts=[0,1,2,4,5,6]; c12:bw=38,experts=[0,4,6]; c21:bw=15,experts=[4]; c24:bw=38,experts=[2,4,6]; c15:bw=19,experts=[4]; c19:bw=58,experts=[0,2,4,5,6]; c16:bw=33,experts=[2,4,6]","2.3041,1.6107,4.1758,1.8821,2.6365,1.6308,1.5883,1.9194,3.4685,2.8809,1.9731,1.8313,2.8403,2.3114,2.9019,1.6842,2.2370,2.8504,1.9303,1.6831,3.1421,2.2331,4.3123,2.4117,2.5549,1.5544,1.8134,1.7113,2.1540,2.4751"
22,2026-09-24 20:14:43,Ours,0.01,2.5779868797881744,28.07,28.07,22,76.8202,1:16.82,68.8603,6.6058,1.3507,1673.2366,27:53.24,30,"18,3,7,16,27,19,26,21,5,0,23,28,8,11,14,1,17,10,2,4,13,25,9,29,12,6,24,15,22,20",18:15;3:56;7:16;16:34;27:61;19:45;26:61;21:23;5:17;0:67;23:28;28:42;8:33;11:43;14:48;1:10;17:62;10:10;2:66;4:36;13:34;25:13;9:33;29:54;12:64;6:61;24:25;15:66;22:44;20:25,"18:[4];3:[0,1,4,5,6];7:[4];16:[4,5,6];27:[0,1,2,4,5,6];19:[0,1,4,6];26:[0,1,2,4,5,6];21:[4,6];5:[0];0:[0,1,2,4,5,6];23:[4,7];28:[1,4,6,7];8:[4,5,6];11:[2,4,5,6];14:[0,1,4,6];1:[4];17:[0,1,2,4,5,6];10:[4];2:[0,1,2,4,5,6];4:[1,4,6];13:[1,4,6];25:[0];9:[1,4,6];29:[0,2,4,5,6];12:[0,1,2,4,5,6];6:[0,1,2,4,5,6];24:[4,6];15:[0,1,2,4,5,6];22:[1,2,4,6];20:[4,6]","c18:bw=15,experts=[4]; c3:bw=56,experts=[0,1,4,5,6]; c7:bw=16,experts=[4]; c16:bw=34,experts=[4,5,6]; c27:bw=61,experts=[0,1,2,4,5,6]; c19:bw=45,experts=[0,1,4,6]; c26:bw=61,experts=[0,1,2,4,5,6]; c21:bw=23,experts=[4,6]; c5:bw=17,experts=[0]; c0:bw=67,experts=[0,1,2,4,5,6]; c23:bw=28,experts=[4,7]; c28:bw=42,experts=[1,4,6,7]; c8:bw=33,experts=[4,5,6]; c11:bw=43,experts=[2,4,5,6]; c14:bw=48,experts=[0,1,4,6]; c1:bw=10,experts=[4]; c17:bw=62,experts=[0,1,2,4,5,6]; c10:bw=10,experts=[4]; c2:bw=66,experts=[0,1,2,4,5,6]; c4:bw=36,experts=[1,4,6]; c13:bw=34,experts=[1,4,6]; c25:bw=13,experts=[0]; c9:bw=33,experts=[1,4,6]; c29:bw=54,experts=[0,2,4,5,6]; c12:bw=64,experts=[0,1,2,4,5,6]; c6:bw=61,experts=[0,1,2,4,5,6]; c24:bw=25,experts=[4,6]; c15:bw=66,experts=[0,1,2,4,5,6]; c22:bw=44,experts=[1,2,4,6]; c20:bw=25,experts=[4,6]","2.4045,2.1389,1.8423,2.4465,2.5290,2.0489,1.5185,1.4853,3.9592,1.5614,1.8550,2.1512,1.6467,2.9997,1.8288,1.5820,2.7772,3.4105,1.8218,2.8606,2.3174,2.8795,2.0077,4.3024,2.4383,1.6261,1.7527,1.6842,2.2369,2.7472"
23,2026-09-24 20:15:59,Ours,0.01,2.516434496301993,28.68,28.68,23,76.494,1:16.49,68.5174,6.6405,1.3327,1749.7495,29:09.75,30,"14,23,28,20,26,8,10,9,24,17,13,2,11,29,22,3,21,6,16,19,0,12,15,7,18,5,27,4,1,25",14:52;23:70;28:26;20:44;26:35;8:35;10:67;9:50;24:40;17:70;13:54;2:32;11:52;29:43;22:62;3:15;21:55;6:10;16:56;19:21;0:11;12:26;15:29;7:15;18:26;5:52;27:18;4:56;1:62;25:18,"14:[1,2,4,5,6];23:[0,1,2,4,5,6,7];28:[0,4];20:[2,4,5,6];26:[1,4,6];8:[1,4,6];10:[0,1,2,4,5,6];9:[0,1,2,4,6];24:[1,2,4,6];17:[0,1,2,4,5,6,7];13:[0,1,2,4,6];2:[4,5,6];11:[1,2,4,5,6];29:[1,2,4,6];22:[0,1,2,4,5,6];3:[4];21:[1,2,4,5,6];6:[4];16:[0,1,2,4,6];19:[4,6];0:[4];12:[4,6];15:[4,6];7:[4];18:[4,6];5:[1,2,4,5,6];27:[4];4:[1,2,4,5,6];1:[0,1,2,4,5,6];25:[4]","c14:bw=52,experts=[1,2,4,5,6]; c23:bw=70,experts=[0,1,2,4,5,6,7]; c28:bw=26,experts=[0,4]; c20:bw=44,experts=[2,4,5,6]; c26:bw=35,experts=[1,4,6]; c8:bw=35,experts=[1,4,6]; c10:bw=67,experts=[0,1,2,4,5,6]; c9:bw=50,experts=[0,1,2,4,6]; c24:bw=40,experts=[1,2,4,6]; c17:bw=70,experts=[0,1,2,4,5,6,7]; c13:bw=54,experts=[0,1,2,4,6]; c2:bw=32,experts=[4,5,6]; c11:bw=52,experts=[1,2,4,5,6]; c29:bw=43,experts=[1,2,4,6]; c22:bw=62,experts=[0,1,2,4,5,6]; c3:bw=15,experts=[4]; c21:bw=55,experts=[1,2,4,5,6]; c6:bw=10,experts=[4]; c16:bw=56,experts=[0,1,2,4,6]; c19:bw=21,experts=[4,6]; c0:bw=11,experts=[4]; c12:bw=26,experts=[4,6]; c15:bw=29,experts=[4,6]; c7:bw=15,experts=[4]; c18:bw=26,experts=[4,6]; c5:bw=52,experts=[1,2,4,5,6]; c27:bw=18,experts=[4]; c4:bw=56,experts=[1,2,4,5,6]; c1:bw=62,experts=[0,1,2,4,5,6]; c25:bw=18,experts=[4]","1.8931,1.9053,2.1878,2.7683,1.5373,1.6793,3.3896,1.9240,1.7585,2.6995,2.2676,1.7854,3.0049,4.2216,2.2608,2.1189,1.5077,1.6108,2.4612,2.0320,1.5776,2.4329,1.6623,1.8150,2.3245,4.0096,2.5152,2.7983,1.5662,2.8017"
24,2026-09-24 20:17:16,Ours,0.01,2.638904357197413,29.24,29.24,24,76.7635,1:16.76,68.7995,6.5813,1.376,1826.5321,30:26.53,30,"20,9,24,1,27,28,26,22,3,10,13,17,4,14,15,21,11,18,5,23,16,12,2,0,6,8,7,19,25,29",20:36;9:50;24:16;1:10;27:63;28:58;26:12;22:50;3:10;10:39;13:50;17:56;4:12;14:42;15:44;21:42;11:10;18:72;5:25;23:36;16:41;12:37;2:43;0:31;6:30;8:18;7:10;19:55;25:30;29:65,"20:[4,6,7];9:[2,3,4,6,7];24:[3];1:[3];27:[1,2,3,4,6,7];28:[1,2,3,4,6];26:[3];22:[2,3,4,5,6];3:[3];10:[3,4,7];13:[3,4,5,6,7];17:[2,3,4,5,6];4:[3];14:[1,4,6,7];15:[3,4,6,7];21:[3,4,6,7];11:[3];18:[0,1,2,3,4,5,6];5:[3,4];23:[1,4,6];16:[3,4,6,7];12:[0,4,6];2:[3,4,6,7];0:[3,4,7];6:[3,4,7];8:[3];7:[3];19:[3,4,5,6,7];25:[3,4,7];29:[1,2,3,4,6,7]","c20:bw=36,experts=[4,6,7]; c9:bw=50,experts=[2,3,4,6,7]; c24:bw=16,experts=[3]; c1:bw=10,experts=[3]; c27:bw=63,experts=[1,2,3,4,6,7]; c28:bw=58,experts=[1,2,3,4,6]; c26:bw=12,experts=[3]; c22:bw=50,experts=[2,3,4,5,6]; c3:bw=10,experts=[3]; c10:bw=39,experts=[3,4,7]; c13:bw=50,experts=[3,4,5,6,7]; c17:bw=56,experts=[2,3,4,5,6]; c4:bw=12,experts=[3]; c14:bw=42,experts=[1,4,6,7]; c15:bw=44,experts=[3,4,6,7]; c21:bw=42,experts=[3,4,6,7]; c11:bw=10,experts=[3]; c18:bw=72,experts=[0,1,2,3,4,5,6]; c5:bw=25,experts=[3,4]; c23:bw=36,experts=[1,4,6]; c16:bw=41,experts=[3,4,6,7]; c12:bw=37,experts=[0,4,6]; c2:bw=43,experts=[3,4,6,7]; c0:bw=31,experts=[3,4,7]; c6:bw=30,experts=[3,4,7]; c8:bw=18,experts=[3]; c7:bw=10,experts=[3]; c19:bw=55,experts=[3,4,5,6,7]; c25:bw=30,experts=[3,4,7]; c29:bw=65,experts=[1,2,3,4,6,7]","2.7544,1.9496,1.7509,1.5521,2.5753,2.1888,1.5379,2.2543,2.1242,3.3030,2.2370,2.6634,2.8082,1.8682,1.6680,1.5086,2.9891,2.3746,3.9719,1.8872,2.4616,2.4093,1.7698,1.6033,1.6818,1.7183,1.8738,2.1180,2.8772,4.3198"
25,2026-09-24 20:18:33,Ours,0.01,2.5109004927675467,29.15,29.24,24,76.3141,1:16.31,68.3409,6.6255,1.3403,1902.866,31:42.87,30,"12,22,26,17,6,8,25,1,3,18,28,4,27,29,19,5,7,23,9,11,10,15,2,24,21,20,0,14,13,16",12:36;22:38;26:30;17:52;6:16;8:55;25:40;1:49;3:14;18:59;28:41;4:58;27:59;29:27;19:57;5:64;7:40;23:21;9:40;11:60;10:25;15:29;2:12;24:25;21:35;20:15;0:56;14:26;13:56;16:52,"12:[4,6,7];22:[4,5,6];26:[4,6,7];17:[0,1,4,5,6];6:[4];8:[2,4,5,6,7];25:[2,4,5,6];1:[4,5,6,7];3:[7];18:[2,4,5,6,7];28:[2,4,5,6];4:[2,4,5,6,7];27:[1,2,4,5,6];29:[4,6];19:[0,2,4,5,6];5:[0,1,2,4,5,6];7:[4,5,6,7];23:[4,6];9:[2,4,5,6];11:[0,2,4,5,6,7];10:[4,6];15:[4,6];2:[4];24:[5,7];21:[4,5,6];20:[1];0:[1,2,4,5,6];14:[4,6];13:[1,2,4,5,6];16:[1,2,4,5,6]","c12:bw=36,experts=[4,6,7]; c22:bw=38,experts=[4,5,6]; c26:bw=30,experts=[4,6,7]; c17:bw=52,experts=[0,1,4,5,6]; c6:bw=16,experts=[4]; c8:bw=55,experts=[2,4,5,6,7]; c25:bw=40,experts=[2,4,5,6]; c1:bw=49,experts=[4,5,6,7]; c3:bw=14,experts=[7]; c18:bw=59,experts=[2,4,5,6,7]; c28:bw=41,experts=[2,4,5,6]; c4:bw=58,experts=[2,4,5,6,7]; c27:bw=59,experts=[1,2,4,5,6]; c29:bw=27,experts=[4,6]; c19:bw=57,experts=[0,2,4,5,6]; c5:bw=64,experts=[0,1,2,4,5,6]; c7:bw=40,experts=[4,5,6,7]; c23:bw=21,experts=[4,6]; c9:bw=40,experts=[2,4,5,6]; c11:bw=60,experts=[0,2,4,5,6,7]; c10:bw=25,experts=[4,6]; c15:bw=29,experts=[4,6]; c2:bw=12,experts=[4]; c24:bw=25,experts=[5,7]; c21:bw=35,experts=[4,5,6]; c20:bw=15,experts=[1]; c0:bw=56,experts=[1,2,4,5,6]; c14:bw=26,experts=[4,6]; c13:bw=56,experts=[1,2,4,5,6]; c16:bw=52,experts=[1,2,4,5,6]","2.4893,2.2595,1.5442,2.6931,1.6216,1.6794,2.7701,1.5315,2.1174,2.3385,2.1613,2.7838,2.5578,4.1600,2.0528,3.9793,1.8403,1.8839,1.9259,2.9969,3.3351,1.6570,1.7546,1.7375,1.5121,2.7544,1.5786,1.9089,2.2487,2.4673"
26,2026-09-24 20:19:49,Ours,0.01,2.461740792502954,30.26,30.26,26,76.0005,1:16.00,68.2762,6.3658,1.3553,1978.8853,32:58.89,30,"10,29,28,22,24,6,18,14,11,7,9,23,25,4,17,1,5,2,13,27,15,12,19,20,0,8,16,21,26,3",10:38;29:45;28:61;22:14;24:14;6:34;18:10;14:49;11:57;7:31;9:50;23:14;25:50;4:48;17:32;1:33;5:20;2:30;13:16;27:40;15:42;12:41;19:15;20:25;0:11;8:53;16:10;21:35;26:13;3:44,"10:[4,5,6];29:[1,4,5,6];28:[0,1,2,4,5,6];22:[4];24:[4];6:[4,5,6];18:[4];14:[2,4,5,6];11:[1,2,4,5,6];7:[1,4,6];9:[1,2,4,5,6];23:[3];25:[1,2,4,5,6];4:[1,4,5,6];17:[4,5,6];1:[4,5,6];5:[4,6];2:[4,5,6];13:[4];27:[2,4,5,6];15:[1,4,5,6];12:[1,4,5,6];19:[4];20:[4,6];0:[4];8:[1,2,4,5,6];16:[4];21:[0,4,6];26:[4];3:[2,4,5,6]","c10:bw=38,experts=[4,5,6]; c29:bw=45,experts=[1,4,5,6]; c28:bw=61,experts=[0,1,2,4,5,6]; c22:bw=14,experts=[4]; c24:bw=14,experts=[4]; c6:bw=34,experts=[4,5,6]; c18:bw=10,experts=[4]; c14:bw=49,experts=[2,4,5,6]; c11:bw=57,experts=[1,2,4,5,6]; c7:bw=31,experts=[1,4,6]; c9:bw=50,experts=[1,2,4,5,6]; c23:bw=14,experts=[3]; c25:bw=50,experts=[1,2,4,5,6]; c4:bw=48,experts=[1,4,5,6]; c17:bw=32,experts=[4,5,6]; c1:bw=33,experts=[4,5,6]; c5:bw=20,experts=[4,6]; c2:bw=30,experts=[4,5,6]; c13:bw=16,experts=[4]; c27:bw=40,experts=[2,4,5,6]; c15:bw=42,experts=[1,4,5,6]; c12:bw=41,experts=[1,4,5,6]; c19:bw=15,experts=[4]; c20:bw=25,experts=[4,6]; c0:bw=11,experts=[4]; c8:bw=53,experts=[1,2,4,5,6]; c16:bw=10,experts=[4]; c21:bw=35,experts=[0,4,6]; c26:bw=13,experts=[4]; c3:bw=44,experts=[2,4,5,6]","3.3345,4.1589,2.2128,2.2514,1.7507,1.6301,2.3288,1.8547,3.0142,1.8437,1.9272,1.8645,2.7677,2.7664,2.6954,1.5433,4.0044,1.7700,2.2541,2.5580,1.6611,2.4511,2.0166,2.7546,1.5794,1.6729,2.4362,1.5075,1.5112,2.1546"
27,2026-09-24 20:21:06,Ours,0.01,2.414939616607563,32.4,32.4,27,77.0378,1:17.04,69.1652,6.4985,1.3665,2055.943,34:15.94,30,"3,7,19,23,18,29,9,17,13,27,15,22,11,5,6,4,26,2,8,1,0,12,28,21,24,25,20,10,16,14",3:21;7:51;19:18;23:75;18:18;29:27;9:18;17:36;13:57;27:54;15:46;22:47;11:66;5:37;6:63;4:12;26:32;2:20;8:55;1:62;0:36;12:22;28:10;21:45;24:29;25:30;20:37;10:62;16:20;14:26,"3:[4,6];7:[1,2,4,5,6];19:[4];23:[0,1,2,3,4,5,6];18:[4];29:[4,6];9:[4];17:[0,4,6];13:[1,2,4,5,6];27:[1,2,4,5,6];15:[2,4,5,6];22:[1,2,4,6];11:[0,1,2,4,5,6];5:[1,4,6];6:[0,1,2,4,5,6];4:[4];26:[2,4,6];2:[4,6];8:[1,2,4,5,6];1:[0,1,2,4,5,6];0:[4,5,6];12:[4,6];28:[4];21:[2,4,5,6];24:[4,6];25:[2,4,6];20:[4,5,6];10:[0,1,2,4,5,6];16:[4,6];14:[4,6]","c3:bw=21,experts=[4,6]; c7:bw=51,experts=[1,2,4,5,6]; c19:bw=18,experts=[4]; c23:bw=75,experts=[0,1,2,3,4,5,6]; c18:bw=18,experts=[4]; c29:bw=27,experts=[4,6]; c9:bw=18,experts=[4]; c17:bw=36,experts=[0,4,6]; c13:bw=57,experts=[1,2,4,5,6]; c27:bw=54,experts=[1,2,4,5,6]; c15:bw=46,experts=[2,4,5,6]; c22:bw=47,experts=[1,2,4,6]; c11:bw=66,experts=[0,1,2,4,5,6]; c5:bw=37,experts=[1,4,6]; c6:bw=63,experts=[0,1,2,4,5,6]; c4:bw=12,experts=[4]; c26:bw=32,experts=[2,4,6]; c2:bw=20,experts=[4,6]; c8:bw=55,experts=[1,2,4,5,6]; c1:bw=62,experts=[0,1,2,4,5,6]; c0:bw=36,experts=[4,5,6]; c12:bw=22,experts=[4,6]; c28:bw=10,experts=[4]; c21:bw=45,experts=[2,4,5,6]; c24:bw=29,experts=[4,6]; c25:bw=30,experts=[2,4,6]; c20:bw=37,experts=[4,5,6]; c10:bw=62,experts=[0,1,2,4,5,6]; c16:bw=20,experts=[4,6]; c14:bw=26,experts=[4,6]","2.1769,1.8960,2.1238,1.9355,2.4093,4.3177,1.9801,2.7916,2.3449,2.6207,1.6862,2.2516,3.0181,4.0027,1.6327,2.7515,1.5274,1.7633,1.6742,1.5319,1.5727,2.4525,2.1732,1.5184,1.7490,2.8129,2.7618,3.3747,2.4478,1.8661"
28,2026-09-24 20:22:22,Ours,0.01,2.402035758254377,34.03,34.03,28,76.4015,1:16.40,68.6868,6.3537,1.3541,2132.3642,35:32.36,30,"4,19,22,25,24,2,27,5,14,10,9,6,17,11,1,15,7,28,23,3,21,12,29,0,26,8,13,20,16,18",4:10;19:33;22:44;25:59;24:42;2:10;27:12;5:33;14:15;10:40;9:49;6:29;17:48;11:66;1:25;15:32;7:10;28:50;23:34;3:12;21:10;12:42;29:32;0:47;26:35;8:29;13:31;20:47;16:35;18:34,"4:[0];19:[4,5,6];22:[4,5,6,7];25:[1,2,4,5,6];24:[0,4,5,6];2:[4];27:[4];5:[4,6,7];14:[4];10:[1,4,5,6];9:[1,4,5,6];6:[4,6];17:[0,4,5,6];11:[0,1,2,4,5,6];1:[4,6];15:[4,5,6];7:[4];28:[1,2,4,5,6];23:[1,4,6];3:[4];21:[4];12:[3,4,5,6];29:[4,5,6];0:[1,4,5,6];26:[4,5,6];8:[0,4];13:[1,4,6];20:[0,3,4,6];16:[4,5,6];18:[1,4,6]","c4:bw=10,experts=[0]; c19:bw=33,experts=[4,5,6]; c22:bw=44,experts=[4,5,6,7]; c25:bw=59,experts=[1,2,4,5,6]; c24:bw=42,experts=[0,4,5,6]; c2:bw=10,experts=[4]; c27:bw=12,experts=[4]; c5:bw=33,experts=[4,6,7]; c14:bw=15,experts=[4]; c10:bw=40,experts=[1,4,5,6]; c9:bw=49,experts=[1,4,5,6]; c6:bw=29,experts=[4,6]; c17:bw=48,experts=[0,4,5,6]; c11:bw=66,experts=[0,1,2,4,5,6]; c1:bw=25,experts=[4,6]; c15:bw=32,experts=[4,5,6]; c7:bw=10,experts=[4]; c28:bw=50,experts=[1,2,4,5,6]; c23:bw=34,experts=[1,4,6]; c3:bw=12,experts=[4]; c21:bw=10,experts=[4]; c12:bw=42,experts=[3,4,5,6]; c29:bw=32,experts=[4,5,6]; c0:bw=47,experts=[1,4,5,6]; c26:bw=35,experts=[4,5,6]; c8:bw=29,experts=[0,4]; c13:bw=31,experts=[1,4,6]; c20:bw=47,experts=[0,3,4,6]; c16:bw=35,experts=[4,5,6]; c18:bw=34,experts=[1,4,6]","2.8398,2.0552,2.2326,2.8168,1.7542,1.7788,2.5024,3.9948,1.8747,3.3590,1.9014,1.6241,2.6930,3.0321,1.5722,1.6846,1.8667,2.2587,1.8972,2.1623,1.4927,2.4524,4.1565,1.5837,1.5320,1.6883,2.2583,2.7928,2.4761,2.3533"
29,2026-09-24 20:23:39,Ours,0.01,2.364647052243447,33.6,34.03,28,76.5657,1:16.57,68.7756,6.4453,1.3418,2208.9529,36:48.95,30,"8,12,20,7,0,3,9,25,2,17,21,19,27,18,29,5,6,10,1,13,28,23,22,14,15,16,24,26,4,11",8:34;12:10;20:42;7:21;0:44;3:32;9:44;25:35;2:18;17:59;21:74;19:39;27:26;18:24;29:23;5:33;6:43;10:10;1:33;13:13;28:50;23:20;22:54;14:35;15:70;16:48;24:14;26:25;4:38;11:59,"8:[4,5,6];12:[4];20:[1,4,5,6];7:[0,4];0:[1,4,5,6];3:[4,5,6];9:[1,4,5,6];25:[4,5,6];2:[4];17:[0,1,4,5,6];21:[0,1,2,4,5,6,7];19:[4,5,6];27:[4,6];18:[4,6];29:[4,6];5:[4,5,6];6:[0,4,5,6];10:[4];1:[1,4,6];13:[4];28:[0,1,4,5,6];23:[4,6];22:[1,2,4,5,6];14:[3,4,6];15:[0,1,2,4,5,6,7];16:[2,4,5,6];24:[4];26:[4,6];4:[4,5,6];11:[0,2,4,5,6]","c8:bw=34,experts=[4,5,6]; c12:bw=10,experts=[4]; c20:bw=42,experts=[1,4,5,6]; c7:bw=21,experts=[0,4]; c0:bw=44,experts=[1,4,5,6]; c3:bw=32,experts=[4,5,6]; c9:bw=44,experts=[1,4,5,6]; c25:bw=35,experts=[4,5,6]; c2:bw=18,experts=[4]; c17:bw=59,experts=[0,1,4,5,6]; c21:bw=74,experts=[0,1,2,4,5,6,7]; c19:bw=39,experts=[4,5,6]; c27:bw=26,experts=[4,6]; c18:bw=24,experts=[4,6]; c29:bw=23,experts=[4,6]; c5:bw=33,experts=[4,5,6]; c6:bw=43,experts=[0,4,5,6]; c10:bw=10,experts=[4]; c1:bw=33,experts=[1,4,6]; c13:bw=13,experts=[4]; c28:bw=50,experts=[0,1,4,5,6]; c23:bw=20,experts=[4,6]; c22:bw=54,experts=[1,2,4,5,6]; c14:bw=35,experts=[3,4,6]; c15:bw=70,experts=[0,1,2,4,5,6,7]; c16:bw=48,experts=[2,4,5,6]; c24:bw=14,experts=[4]; c26:bw=25,experts=[4,6]; c4:bw=38,experts=[4,5,6]; c11:bw=59,experts=[0,2,4,5,6]","1.6911,2.4476,2.8041,1.8500,1.6332,2.1693,1.9374,2.8374,1.8172,2.7213,1.5636,2.0551,2.5244,2.3455,4.1560,4.0163,1.6365,3.3728,1.5733,2.2752,2.1757,1.8707,2.2454,1.8831,1.6949,2.4535,1.7318,1.5270,2.7516,3.0142"
30,2026-09-24 20:24:55,Ours,0.01,2.38817846786888,34.14,34.14,30,76.7098,1:16.71,68.8493,6.5022,1.3551,2285.686,38:05.69,30,"13,15,0,29,28,19,7,6,8,2,11,10,12,25,17,5,1,23,20,21,24,26,3,4,16,18,9,22,27,14",13:27;15:22;0:17;29:44;28:36;19:24;7:12;6:11;8:41;2:27;11:46;10:71;12:24;25:56;17:19;5:62;1:35;23:37;20:60;21:10;24:10;26:12;3:59;4:51;16:31;18:57;9:54;22:26;27:53;14:49,"13:[4,6];15:[4,6];0:[0];29:[0,1,4,6];28:[4,6,7];19:[1,4];7:[4];6:[4];8:[1,4,5,6];2:[0,1];11:[2,4,5,6];10:[0,1,2,4,5,6,7];12:[2,4];25:[0,1,4,5,6];17:[4];5:[0,1,2,4,5,6];1:[1,4,6];23:[1,4,6];20:[0,1,2,4,5,6];21:[4];24:[4];26:[0];3:[0,1,4,5,6];4:[0,1,4,5,6];16:[4,5,6];18:[1,2,4,5,6];9:[0,1,4,5,6];22:[4,6];27:[0,1,4,5,6];14:[0,1,4,6]","c13:bw=27,experts=[4,6]; c15:bw=22,experts=[4,6]; c0:bw=17,experts=[0]; c29:bw=44,experts=[0,1,4,6]; c28:bw=36,experts=[4,6,7]; c19:bw=24,experts=[1,4]; c7:bw=12,experts=[4]; c6:bw=11,experts=[4]; c8:bw=41,experts=[1,4,5,6]; c2:bw=27,experts=[0,1]; c11:bw=46,experts=[2,4,5,6]; c10:bw=71,experts=[0,1,2,4,5,6,7]; c12:bw=24,experts=[2,4]; c25:bw=56,experts=[0,1,4,5,6]; c17:bw=19,experts=[4]; c5:bw=62,experts=[0,1,2,4,5,6]; c1:bw=35,experts=[1,4,6]; c23:bw=37,experts=[1,4,6]; c20:bw=60,experts=[0,1,2,4,5,6]; c21:bw=10,experts=[4]; c24:bw=10,experts=[4]; c26:bw=12,experts=[0]; c3:bw=59,experts=[0,1,4,5,6]; c4:bw=51,experts=[0,1,4,5,6]; c16:bw=31,experts=[4,5,6]; c18:bw=57,experts=[1,2,4,5,6]; c9:bw=54,experts=[0,1,4,5,6]; c22:bw=26,experts=[4,6]; c27:bw=53,experts=[0,1,4,5,6]; c14:bw=49,experts=[0,1,4,6]","2.2719,1.6768,1.6103,4.1879,2.2150,2.0684,1.9174,1.6213,1.6796,1.7986,3.0055,3.3396,2.4390,2.8114,2.7000,4.0329,1.5611,1.9042,2.7797,1.5167,1.7534,1.5198,2.1524,2.7846,2.4947,2.3631,1.9670,2.2418,2.5590,1.8760"
31,2026-09-24 20:26:12,Ours,0.01,2.3497982056624305,35.19,35.19,31,76.132,1:16.13,68.2825,6.497,1.3495,2361.8391,39:21.84,30,"12,3,7,21,29,19,15,6,10,16,14,24,1,13,23,11,8,22,0,5,9,27,4,20,28,18,25,17,26,2",12:35;3:24;7:63;21:46;29:48;19:40;15:55;6:29;10:33;16:36;14:61;24:72;1:30;13:32;23:24;11:29;8:33;22:41;0:47;5:62;9:45;27:10;4:19;20:11;28:56;18:58;25:46;17:35;26:10;2:15,"12:[4,5,6];3:[4,6];7:[0,1,2,4,5,6];21:[0,1,4,6];29:[1,4,5,6];19:[1,4,5,6];15:[0,1,4,5,6];6:[4,6];10:[4,5,6];16:[0,4,6];14:[0,1,2,4,5,6];24:[0,1,2,4,5,6,7];1:[4,5,6];13:[0,4,6];23:[4,7];11:[4,6];8:[4,5,6];22:[0,4,5,6];0:[0,4,5,6];5:[0,1,2,4,5,6];9:[1,4,5,6];27:[4];4:[4];20:[4];28:[0,1,4,5,6];18:[0,1,4,5,6];25:[1,4,5,6];17:[4,6,7];26:[1];2:[2]","c12:bw=35,experts=[4,5,6]; c3:bw=24,experts=[4,6]; c7:bw=63,experts=[0,1,2,4,5,6]; c21:bw=46,experts=[0,1,4,6]; c29:bw=48,experts=[1,4,5,6]; c19:bw=40,experts=[1,4,5,6]; c15:bw=55,experts=[0,1,4,5,6]; c6:bw=29,experts=[4,6]; c10:bw=33,experts=[4,5,6]; c16:bw=36,experts=[0,4,6]; c14:bw=61,experts=[0,1,2,4,5,6]; c24:bw=72,experts=[0,1,2,4,5,6,7]; c1:bw=30,experts=[4,5,6]; c13:bw=32,experts=[0,4,6]; c23:bw=24,experts=[4,7]; c11:bw=29,experts=[4,6]; c8:bw=33,experts=[4,5,6]; c22:bw=41,experts=[0,4,5,6]; c0:bw=47,experts=[0,4,5,6]; c5:bw=62,experts=[0,1,2,4,5,6]; c9:bw=45,experts=[1,4,5,6]; c27:bw=10,experts=[4]; c4:bw=19,experts=[4]; c20:bw=11,experts=[4]; c28:bw=56,experts=[0,1,4,5,6]; c18:bw=58,experts=[0,1,4,5,6]; c25:bw=46,experts=[1,4,5,6]; c17:bw=35,experts=[4,6,7]; c26:bw=10,experts=[1]; c2:bw=15,experts=[2]","2.4786,2.1520,1.8800,1.5234,4.2080,2.0722,1.7047,1.6459,3.3692,2.4788,1.8578,1.7429,1.5406,2.2357,1.8387,2.9785,1.6602,2.2242,1.5764,4.0162,1.9259,2.4945,2.7325,2.7451,2.1637,2.3043,2.7614,2.6855,1.5201,1.7656"
32,2026-09-24 20:27:27,Ours,0.01,2.394999754883978,35.2,35.2,32,75.6648,1:15.66,67.9655,6.3697,1.3222,2437.5256,40:37.53,30,"15,8,9,28,4,27,21,11,5,18,17,29,6,24,26,10,23,12,1,20,13,22,14,19,2,16,7,0,3,25",15:36;8:21;9:31;28:19;4:49;27:27;21:64;11:27;5:36;18:35;17:28;29:41;6:27;24:10;26:29;10:22;23:15;12:49;1:21;20:39;13:63;22:35;14:32;19:27;2:54;16:48;7:47;0:46;3:28;25:67,"15:[3,4,6];8:[3,4];9:[3,4,7];28:[3];4:[3,4,5,6];27:[3,7];21:[0,1,3,4,5,6];11:[3,4];5:[3,4,6];18:[3,4,6];17:[2,3];29:[2,3,4,7];6:[3,7];24:[3];26:[3,4];10:[3,4];23:[4];12:[0,4,5,6];1:[3,4];20:[4,6,7];13:[1,3,4,5,6,7];22:[3,4,6];14:[4,6,7];19:[3,7];2:[3,4,5,6,7];16:[3,4,6,7];7:[3,4,5,6];0:[3,4,6,7];3:[3,4];25:[2,3,4,5,6,7]","c15:bw=36,experts=[3,4,6]; c8:bw=21,experts=[3,4]; c9:bw=31,experts=[3,4,7]; c28:bw=19,experts=[3]; c4:bw=49,experts=[3,4,5,6]; c27:bw=27,experts=[3,7]; c21:bw=64,experts=[0,1,3,4,5,6]; c11:bw=27,experts=[3,4]; c5:bw=36,experts=[3,4,6]; c18:bw=35,experts=[3,4,6]; c17:bw=28,experts=[2,3]; c29:bw=41,experts=[2,3,4,7]; c6:bw=27,experts=[3,7]; c24:bw=10,experts=[3]; c26:bw=29,experts=[3,4]; c10:bw=22,experts=[3,4]; c23:bw=15,experts=[4]; c12:bw=49,experts=[0,4,5,6]; c1:bw=21,experts=[3,4]; c20:bw=39,experts=[4,6,7]; c13:bw=63,experts=[1,3,4,5,6,7]; c22:bw=35,experts=[3,4,6]; c14:bw=32,experts=[4,6,7]; c19:bw=27,experts=[3,7]; c2:bw=54,experts=[3,4,5,6,7]; c16:bw=48,experts=[3,4,6,7]; c7:bw=47,experts=[3,4,5,6]; c0:bw=46,experts=[3,4,6,7]; c3:bw=28,experts=[3,4]; c25:bw=67,experts=[2,3,4,5,6,7]","1.6704,1.6744,1.9159,2.1827,2.7949,2.5508,1.5090,2.9906,4.0211,2.3468,2.6662,4.1213,1.6169,1.7292,1.5057,3.2909,1.8305,2.4132,1.5401,2.7415,2.2312,2.2211,1.8657,2.0309,1.7956,2.4365,1.8023,1.5594,2.1175,2.7930"
33,2026-09-24 20:28:44,Ours,0.01,2.294612538418233,36.49,36.49,33,76.2707,1:16.27,68.2273,6.7018,1.3348,2513.8178,41:53.82,30,"26,27,23,4,17,29,18,13,0,10,7,15,5,20,14,1,22,8,2,9,3,19,12,28,11,25,21,6,16,24",26:44;27:38;23:63;4:45;17:59;29:62;18:55;13:30;0:62;10:46;7:52;15:24;5:29;20:40;14:37;1:34;22:56;8:50;2:24;9:42;3:70;19:25;12:46;28:29;11:53;25:14;21:65;6:37;16:44;24:28,"26:[4,5,6,7];27:[4,5,6];23:[0,1,2,4,5,6];4:[2,4,6,7];17:[0,1,4,5,6];29:[0,1,2,4,5,6];18:[1,4,5,6,7];13:[1,4,6];0:[0,1,2,4,5,6];10:[1,4,5,6];7:[1,4,5,6,7];15:[4,6];5:[4,6];20:[1,4,5,6];14:[1,4,6];1:[4,6,7];22:[1,2,4,5,6];8:[0,4,5,6,7];2:[4,6];9:[1,4,5,6];3:[0,1,2,4,5,6,7];19:[0,2];12:[4,5,6,7];28:[4,6];11:[1,4,5,6,7];25:[4];21:[0,1,2,4,5,6];6:[4,5,6];16:[1,4,5,6];24:[4,6]","c26:bw=44,experts=[4,5,6,7]; c27:bw=38,experts=[4,5,6]; c23:bw=63,experts=[0,1,2,4,5,6]; c4:bw=45,experts=[2,4,6,7]; c17:bw=59,experts=[0,1,4,5,6]; c29:bw=62,experts=[0,1,2,4,5,6]; c18:bw=55,experts=[1,4,5,6,7]; c13:bw=30,experts=[1,4,6]; c0:bw=62,experts=[0,1,2,4,5,6]; c10:bw=46,experts=[1,4,5,6]; c7:bw=52,experts=[1,4,5,6,7]; c15:bw=24,experts=[4,6]; c5:bw=29,experts=[4,6]; c20:bw=40,experts=[1,4,5,6]; c14:bw=37,experts=[1,4,6]; c1:bw=34,experts=[4,6,7]; c22:bw=56,experts=[1,2,4,5,6]; c8:bw=50,experts=[0,4,5,6,7]; c2:bw=24,experts=[4,6]; c9:bw=42,experts=[1,4,5,6]; c3:bw=70,experts=[0,1,2,4,5,6,7]; c19:bw=25,experts=[0,2]; c12:bw=46,experts=[4,5,6,7]; c28:bw=29,experts=[4,6]; c11:bw=53,experts=[1,4,5,6,7]; c25:bw=14,experts=[4]; c21:bw=65,experts=[0,1,2,4,5,6]; c6:bw=37,experts=[4,5,6]; c16:bw=44,experts=[1,4,5,6]; c24:bw=28,experts=[4,6]","1.5302,2.5386,1.8736,2.7824,2.6806,4.1818,2.3381,2.2493,1.5887,3.3078,1.8271,1.6839,3.9864,2.7752,1.8589,1.5331,2.2587,1.6678,1.7689,1.9075,2.1405,2.0333,2.4345,2.1789,3.0166,2.7921,1.4988,1.6262,2.4336,1.7340"
34,2026-09-24 20:30:00,Ours,0.01,2.2560048487970037,36.68,36.68,34,76.2904,1:16.29,68.257,6.6945,1.3324,2590.1297,43:10.13,30,"22,28,29,18,16,27,9,14,2,11,8,6,7,17,10,13,3,15,19,24,21,20,0,4,5,12,23,26,1,25",22:30;28:39;29:13;18:29;16:54;27:34;9:68;14:66;2:54;11:52;8:42;6:48;7:32;17:16;10:26;13:57;3:72;15:10;19:50;24:60;21:48;20:62;0:22;4:46;5:60;12:24;23:36;26:55;1:46;25:49,"22:[1,4,6];28:[4,5,6];29:[4];18:[4,6];16:[0,1,4,5,6];27:[4,5,6];9:[0,1,2,4,5,6];14:[0,1,2,4,5,6];2:[1,2,4,5,6];11:[1,2,4,5,6];8:[0,4,5,6];6:[2,4,5,6];7:[1,4,6];17:[4];10:[4,6];13:[0,1,4,5,6];3:[0,1,2,3,4,5,6];15:[4];19:[1,2,4,5,6];24:[0,1,2,4,5,6];21:[1,4,5,6];20:[0,1,2,4,5,6];0:[4,6];4:[1,4,5,6];5:[0,1,2,4,5,6];12:[1,4];23:[4,5,6];26:[1,2,4,5,6];1:[1,4,5,6];25:[1,4,5,6]","c22:bw=30,experts=[1,4,6]; c28:bw=39,experts=[4,5,6]; c29:bw=13,experts=[4]; c18:bw=29,experts=[4,6]; c16:bw=54,experts=[0,1,4,5,6]; c27:bw=34,experts=[4,5,6]; c9:bw=68,experts=[0,1,2,4,5,6]; c14:bw=66,experts=[0,1,2,4,5,6]; c2:bw=54,experts=[1,2,4,5,6]; c11:bw=52,experts=[1,2,4,5,6]; c8:bw=42,experts=[0,4,5,6]; c6:bw=48,experts=[2,4,5,6]; c7:bw=32,experts=[1,4,6]; c17:bw=16,experts=[4]; c10:bw=26,experts=[4,6]; c13:bw=57,experts=[0,1,4,5,6]; c3:bw=72,experts=[0,1,2,3,4,5,6]; c15:bw=10,experts=[4]; c19:bw=50,experts=[1,2,4,5,6]; c24:bw=60,experts=[0,1,2,4,5,6]; c21:bw=48,experts=[1,4,5,6]; c20:bw=62,experts=[0,1,2,4,5,6]; c0:bw=22,experts=[4,6]; c4:bw=46,experts=[1,4,5,6]; c5:bw=60,experts=[0,1,2,4,5,6]; c12:bw=24,experts=[1,4]; c23:bw=36,experts=[4,5,6]; c26:bw=55,experts=[1,2,4,5,6]; c1:bw=46,experts=[1,4,5,6]; c25:bw=49,experts=[1,4,5,6]","2.2379,2.2043,4.2283,2.3348,2.4700,2.5373,1.9314,1.8729,1.7742,3.0119,1.6651,1.6136,1.8384,2.6549,3.2965,2.2513,2.1540,1.6689,2.0454,1.7588,1.5193,2.7756,1.5644,2.7345,4.0007,2.4451,1.8504,1.5161,1.5298,2.7712"
35,2026-09-24 20:31:16,Ours,0.01,2.2605441352168887,37.08,37.08,35,75.9205,1:15.92,68.127,6.4424,1.3479,2666.0721,44:26.07,30,"6,28,22,8,0,15,13,25,17,20,4,11,12,2,9,7,26,24,29,18,23,16,21,5,14,3,10,27,19,1",6:44;28:55;22:32;8:50;0:20;15:47;13:48;25:40;17:32;20:53;4:33;11:69;12:22;2:46;9:27;7:48;26:59;24:15;29:28;18:51;23:13;16:10;21:10;5:41;14:20;3:24;10:57;27:64;19:22;1:31,"6:[1,4,5,6];28:[0,1,4,5,6];22:[4,5,6];8:[0,2,4,5,6];0:[4,6];15:[0,4,5,6];13:[2,4,5,6];25:[1,2,4,6];17:[4,5,6];20:[0,1,4,5,6];4:[4,5,6];11:[0,1,2,4,5,6];12:[4,6];2:[1,4,5,6];9:[4,6];7:[1,4,5,6];26:[1,2,4,5,6];24:[4];29:[4,6];18:[0,2,4,5,6];23:[3];16:[4];21:[4];5:[1,4,5,6];14:[4,6];3:[4,6];10:[1,2,4,5,6];27:[0,1,2,4,5,6];19:[4,6];1:[0,2,4]","c6:bw=44,experts=[1,4,5,6]; c28:bw=55,experts=[0,1,4,5,6]; c22:bw=32,experts=[4,5,6]; c8:bw=50,experts=[0,2,4,5,6]; c0:bw=20,experts=[4,6]; c15:bw=47,experts=[0,4,5,6]; c13:bw=48,experts=[2,4,5,6]; c25:bw=40,experts=[1,2,4,6]; c17:bw=32,experts=[4,5,6]; c20:bw=53,experts=[0,1,4,5,6]; c4:bw=33,experts=[4,5,6]; c11:bw=69,experts=[0,1,2,4,5,6]; c12:bw=22,experts=[4,6]; c2:bw=46,experts=[1,4,5,6]; c9:bw=27,experts=[4,6]; c7:bw=48,experts=[1,4,5,6]; c26:bw=59,experts=[1,2,4,5,6]; c24:bw=15,experts=[4]; c29:bw=28,experts=[4,6]; c18:bw=51,experts=[0,2,4,5,6]; c23:bw=13,experts=[3]; c16:bw=10,experts=[4]; c21:bw=10,experts=[4]; c5:bw=41,experts=[1,4,5,6]; c14:bw=20,experts=[4,6]; c3:bw=24,experts=[4,6]; c10:bw=57,experts=[1,2,4,5,6]; c27:bw=64,experts=[0,1,2,4,5,6]; c19:bw=22,experts=[4,6]; c1:bw=31,experts=[0,2,4]","1.6382,2.2001,2.2445,1.6857,1.5709,1.7288,2.2318,2.7802,2.6594,2.7740,2.7714,3.0214,2.4351,1.7633,1.9046,1.8265,1.5139,1.7181,4.1485,2.3585,1.8432,2.4397,1.4917,4.0099,1.8465,2.1242,3.3203,2.5144,2.0247,1.5376"
36,2026-09-24 20:32:32,Ours,0.01,2.237770399995514,39.3,39.3,36,75.7649,1:15.76,67.8895,6.5206,1.3481,2741.8591,45:41.86,30,"26,19,8,17,20,15,29,18,22,21,7,1,11,16,6,24,9,27,28,2,23,12,3,10,4,5,13,25,0,14",26:41;19:48;8:51;17:49;20:49;15:68;29:53;18:11;22:13;21:42;7:27;1:10;11:33;16:10;6:43;24:12;9:37;27:40;28:37;2:50;23:58;12:35;3:60;10:56;4:74;5:49;13:47;25:11;0:36;14:18,"26:[1,4,5,6];19:[1,4,5,6];8:[0,1,4,5,6];17:[1,4,5,6];20:[3,4,5,6];15:[0,1,2,4,5,6];29:[0,1,4,5,6];18:[4];22:[7];21:[1,4,5,6];7:[4,6];1:[4];11:[4,5,6];16:[4];6:[0,4,5,6];24:[4];9:[4,5,6];27:[1,4,5,6];28:[2,4,6];2:[0,1,4,5,6];23:[0,1,4,5,6];12:[3,4,6];3:[0,1,2,4,5,6];10:[1,2,4,5,6];4:[0,1,2,4,5,6,7];5:[4,5,6,7];13:[1,4,5,6];25:[4];0:[4,5,6];14:[4]","c26:bw=41,experts=[1,4,5,6]; c19:bw=48,experts=[1,4,5,6]; c8:bw=51,experts=[0,1,4,5,6]; c17:bw=49,experts=[1,4,5,6]; c20:bw=49,experts=[3,4,5,6]; c15:bw=68,experts=[0,1,2,4,5,6]; c29:bw=53,experts=[0,1,4,5,6]; c18:bw=11,experts=[4]; c22:bw=13,experts=[7]; c21:bw=42,experts=[1,4,5,6]; c7:bw=27,experts=[4,6]; c1:bw=10,experts=[4]; c11:bw=33,experts=[4,5,6]; c16:bw=10,experts=[4]; c6:bw=43,experts=[0,4,5,6]; c24:bw=12,experts=[4]; c9:bw=37,experts=[4,5,6]; c27:bw=40,experts=[1,4,5,6]; c28:bw=37,experts=[2,4,6]; c2:bw=50,experts=[0,1,4,5,6]; c23:bw=58,experts=[0,1,4,5,6]; c12:bw=35,experts=[3,4,6]; c3:bw=60,experts=[0,1,2,4,5,6]; c10:bw=56,experts=[1,2,4,5,6]; c4:bw=74,experts=[0,1,2,4,5,6,7]; c5:bw=49,experts=[4,5,6,7]; c13:bw=47,experts=[1,4,5,6]; c25:bw=11,experts=[4]; c0:bw=36,experts=[4,5,6]; c14:bw=18,experts=[4]","1.5271,2.0683,1.6663,2.6989,2.7535,1.6693,4.1303,2.3218,2.2227,1.5049,1.8313,1.5368,2.9900,2.4322,1.6285,1.7195,1.8897,2.5196,2.1510,1.7650,1.8417,2.4526,2.1487,3.3256,2.7463,3.9570,2.2496,2.7484,1.5576,1.8352"
37,2026-09-24 20:33:47,Ours,0.01,2.2268317680357366,39.51,39.51,37,75.7507,1:15.75,67.9793,6.4471,1.3176,2817.6327,46:57.63,30,"21,9,6,20,29,19,3,24,28,18,12,27,7,0,15,25,26,1,8,10,13,17,11,4,16,2,22,5,23,14",21:18;9:40;6:65;20:38;29:39;19:42;3:36;24:61;28:10;18:10;12:49;27:55;7:42;0:54;15:51;25:56;26:10;1:18;8:10;10:58;13:12;17:56;11:63;4:39;16:31;2:36;22:10;5:39;23:44;14:28,"21:[7];9:[1,4,5,6];6:[0,1,2,4,5,6];20:[4,5,6];29:[4,5,6];19:[0,4,5,6];3:[0,4,6];24:[0,1,2,4,5,6];28:[4];18:[4];12:[0,1,4,6];27:[0,1,4,5,6];7:[1,4,5,6];0:[0,1,4,5,6];15:[1,4,5,6,7];25:[1,2,4,5,6];26:[4];1:[4];8:[4];10:[0,1,4,5,6];13:[4];17:[0,1,4,5,6];11:[0,1,2,4,5,6];4:[1,4,6];16:[2,4,6];2:[4,5,6];22:[4];5:[4,5,6];23:[0,4,5,6];14:[3,4]","c21:bw=18,experts=[7]; c9:bw=40,experts=[1,4,5,6]; c6:bw=65,experts=[0,1,2,4,5,6]; c20:bw=38,experts=[4,5,6]; c29:bw=39,experts=[4,5,6]; c19:bw=42,experts=[0,4,5,6]; c3:bw=36,experts=[0,4,6]; c24:bw=61,experts=[0,1,2,4,5,6]; c28:bw=10,experts=[4]; c18:bw=10,experts=[4]; c12:bw=49,experts=[0,1,4,6]; c27:bw=55,experts=[0,1,4,5,6]; c7:bw=42,experts=[1,4,5,6]; c0:bw=54,experts=[0,1,4,5,6]; c15:bw=51,experts=[1,4,5,6,7]; c25:bw=56,experts=[1,2,4,5,6]; c26:bw=10,experts=[4]; c1:bw=18,experts=[4]; c8:bw=10,experts=[4]; c10:bw=58,experts=[0,1,4,5,6]; c13:bw=12,experts=[4]; c17:bw=56,experts=[0,1,4,5,6]; c11:bw=63,experts=[0,1,2,4,5,6]; c4:bw=39,experts=[1,4,6]; c16:bw=31,experts=[2,4,6]; c2:bw=36,experts=[4,5,6]; c22:bw=10,experts=[4]; c5:bw=39,experts=[4,5,6]; c23:bw=44,experts=[0,4,5,6]; c14:bw=28,experts=[3,4]","1.5014,1.9553,1.6323,2.7704,4.1740,2.0590,2.1207,1.7251,2.1647,2.3098,2.4269,2.5160,1.8289,1.5675,1.6476,2.7708,1.5184,1.5311,1.6501,3.3397,2.2451,2.6353,2.9917,2.7551,2.5160,1.7625,2.2176,3.9653,1.8427,1.8384"
38,2026-09-24 20:35:03,Ours,0.01,2.1977144355920686,39.76,39.76,38,75.8797,1:15.88,68.0713,6.4637,1.3365,2893.5356,48:13.54,30,"16,10,14,28,4,1,21,22,8,11,29,0,5,23,2,15,27,19,6,20,7,17,9,12,24,3,25,13,26,18",16:38;10:39;14:41;28:30;4:52;1:31;21:51;22:46;8:46;11:17;29:21;0:40;5:10;23:30;2:10;15:12;27:48;19:61;6:17;20:36;7:51;17:41;9:26;12:47;24:38;3:38;25:58;13:63;26:44;18:44,"16:[4,5,6];10:[4,6,7];14:[1,4,5,6];28:[4,6,7];4:[0,1,4,5,6];1:[4,5,6];21:[0,1,4,5,6];22:[1,4,5,6];8:[1,4,5,6];11:[4];29:[4,6];0:[1,4,5,6];5:[4];23:[4,5,6];2:[4];15:[4];27:[0,4,5,6];19:[0,1,2,4,5,6];6:[4];20:[1,4,6];7:[0,1,4,5,6];17:[0,4,5,6];9:[4,6];12:[2,4,5,6];24:[4,5,6];3:[4,5,6];25:[0,1,4,5,6];13:[0,1,2,4,5,6];26:[0,4,5,6];18:[0,4,5,6]","c16:bw=38,experts=[4,5,6]; c10:bw=39,experts=[4,6,7]; c14:bw=41,experts=[1,4,5,6]; c28:bw=30,experts=[4,6,7]; c4:bw=52,experts=[0,1,4,5,6]; c1:bw=31,experts=[4,5,6]; c21:bw=51,experts=[0,1,4,5,6]; c22:bw=46,experts=[1,4,5,6]; c8:bw=46,experts=[1,4,5,6]; c11:bw=17,experts=[4]; c29:bw=21,experts=[4,6]; c0:bw=40,experts=[1,4,5,6]; c5:bw=10,experts=[4]; c23:bw=30,experts=[4,5,6]; c2:bw=10,experts=[4]; c15:bw=12,experts=[4]; c27:bw=48,experts=[0,4,5,6]; c19:bw=61,experts=[0,1,2,4,5,6]; c6:bw=17,experts=[4]; c20:bw=36,experts=[1,4,6]; c7:bw=51,experts=[0,1,4,5,6]; c17:bw=41,experts=[0,4,5,6]; c9:bw=26,experts=[4,6]; c12:bw=47,experts=[2,4,5,6]; c24:bw=38,experts=[4,5,6]; c3:bw=38,experts=[4,5,6]; c25:bw=58,experts=[0,1,4,5,6]; c13:bw=63,experts=[0,1,2,4,5,6]; c26:bw=44,experts=[0,4,5,6]; c18:bw=44,experts=[0,4,5,6]","2.4663,3.3095,1.8479,2.1912,2.7793,1.5590,1.5023,2.2418,1.6707,2.9964,4.1494,1.5694,3.9781,1.8474,1.7699,1.6729,2.5320,2.0436,1.6100,2.7523,1.8254,2.6865,1.8973,2.4522,1.7264,2.1295,2.7722,2.2504,1.5243,2.3175"
39,2026-09-24 20:36:19,Ours,0.01,2.1776292062444247,40.57,40.57,39,75.8955,1:15.90,68.0904,6.4807,1.318,2969.4572,49:29.46,30,"22,26,13,11,1,23,16,21,15,17,10,4,24,8,27,12,3,25,0,20,14,19,9,7,29,6,2,28,5,18",22:28;26:37;13:49;11:51;1:45;23:49;16:29;21:52;15:30;17:42;10:24;4:36;24:44;8:45;27:39;12:49;3:26;25:35;0:10;20:68;14:57;19:18;9:24;7:40;29:16;6:31;2:36;28:54;5:75;18:25,"22:[0,4];26:[4,5,6];13:[0,4,5,6];11:[0,2,4,5,6];1:[0,4,5,6];23:[0,4,6,7];16:[4,6];21:[0,1,4,5,6];15:[0,4,6];17:[4,5,6,7];10:[4,6];4:[4,5,6];24:[4,5,6,7];8:[0,4,5,6];27:[4,5,6];12:[0,4,5,6];3:[4,6];25:[4,5,6];0:[4];20:[0,1,2,4,5,6];14:[0,1,4,5,6];19:[4];9:[4,6];7:[2,4,5,6];29:[4];6:[4,5,6];2:[4,5,6];28:[0,1,4,5,6];5:[0,1,2,4,5,6,7];18:[4,6]","c22:bw=28,experts=[0,4]; c26:bw=37,experts=[4,5,6]; c13:bw=49,experts=[0,4,5,6]; c11:bw=51,experts=[0,2,4,5,6]; c1:bw=45,experts=[0,4,5,6]; c23:bw=49,experts=[0,4,6,7]; c16:bw=29,experts=[4,6]; c21:bw=52,experts=[0,1,4,5,6]; c15:bw=30,experts=[0,4,6]; c17:bw=42,experts=[4,5,6,7]; c10:bw=24,experts=[4,6]; c4:bw=36,experts=[4,5,6]; c24:bw=44,experts=[4,5,6,7]; c8:bw=45,experts=[0,4,5,6]; c27:bw=39,experts=[4,5,6]; c12:bw=49,experts=[0,4,5,6]; c3:bw=26,experts=[4,6]; c25:bw=35,experts=[4,5,6]; c0:bw=10,experts=[4]; c20:bw=68,experts=[0,1,2,4,5,6]; c14:bw=57,experts=[0,1,4,5,6]; c19:bw=18,experts=[4]; c9:bw=24,experts=[4,6]; c7:bw=40,experts=[2,4,5,6]; c29:bw=16,experts=[4]; c6:bw=31,experts=[4,5,6]; c2:bw=36,experts=[4,5,6]; c28:bw=54,experts=[0,1,4,5,6]; c5:bw=75,experts=[0,1,2,4,5,6,7]; c18:bw=25,experts=[4,6]","2.2356,1.5455,2.2540,2.9971,1.5602,1.8605,2.4298,1.4977,1.6768,2.6689,3.2756,2.7739,1.7402,1.6750,2.5234,2.4495,2.1291,2.7557,1.5764,2.7785,1.8716,2.0264,1.9016,1.8347,4.1354,1.6285,1.7722,2.1724,4.0184,2.3258"
40,2026-09-24 20:37:35,Ours,0.01,2.2263980856003736,39.93,40.57,39,75.9992,1:16.00,68.096,6.5704,1.3296,3045.4802,50:45.48,30,"28,27,26,8,18,6,17,13,29,16,15,2,10,1,22,11,23,20,4,7,24,19,25,3,14,12,5,21,0,9",28:10;27:38;26:63;8:26;18:38;6:46;17:30;13:32;29:43;16:29;15:22;2:65;10:60;1:42;22:43;11:15;23:50;20:21;4:19;7:66;24:51;19:23;25:67;3:10;14:58;12:42;5:32;21:35;0:36;9:40,"28:[3];27:[3,4,7];26:[0,1,3,4,5,6];8:[3,4];18:[3,4,6];6:[3,4,6,7];17:[2,3,4];13:[3,4,7];29:[3,4,6,7];16:[3,7];15:[3,4];2:[0,3,4,5,6,7];10:[0,1,3,4,5,6];1:[3,4,5,6];22:[3,4,5,6];11:[3];23:[0,1,4,5,6];20:[4,7];4:[3];7:[0,1,3,4,5,6];24:[0,3,4,5,6];19:[3,7];25:[1,3,4,5,6,7];3:[4];14:[0,4,5,6,7];12:[0,4,5,6];5:[3,4,6];21:[3,4,6];0:[3,4,7];9:[3,4,6,7]","c28:bw=10,experts=[3]; c27:bw=38,experts=[3,4,7]; c26:bw=63,experts=[0,1,3,4,5,6]; c8:bw=26,experts=[3,4]; c18:bw=38,experts=[3,4,6]; c6:bw=46,experts=[3,4,6,7]; c17:bw=30,experts=[2,3,4]; c13:bw=32,experts=[3,4,7]; c29:bw=43,experts=[3,4,6,7]; c16:bw=29,experts=[3,7]; c15:bw=22,experts=[3,4]; c2:bw=65,experts=[0,3,4,5,6,7]; c10:bw=60,experts=[0,1,3,4,5,6]; c1:bw=42,experts=[3,4,5,6]; c22:bw=43,experts=[3,4,5,6]; c11:bw=15,experts=[3]; c23:bw=50,experts=[0,1,4,5,6]; c20:bw=21,experts=[4,7]; c4:bw=19,experts=[3]; c7:bw=66,experts=[0,1,3,4,5,6]; c24:bw=51,experts=[0,3,4,5,6]; c19:bw=23,experts=[3,7]; c25:bw=67,experts=[1,3,4,5,6,7]; c3:bw=10,experts=[4]; c14:bw=58,experts=[0,4,5,6,7]; c12:bw=42,experts=[0,4,5,6]; c5:bw=32,experts=[3,4,6]; c21:bw=35,experts=[3,4,6]; c0:bw=36,experts=[3,4,7]; c9:bw=40,experts=[3,4,6,7]","2.2005,2.5161,1.5346,1.6689,2.3421,1.6315,2.6814,2.2209,4.1572,2.4429,1.6502,1.7708,3.3287,1.5279,2.2250,2.9598,1.8544,2.7647,2.7870,1.8306,1.7440,2.0277,2.7950,2.1256,1.8555,2.4570,4.0064,1.4894,1.5749,1.9250"
41,2026-09-24 20:38:56,Ours,0.01,2.2251890097090206,41.26,41.26,41,80.9819,1:20.98,71.6173,7.6424,1.7156,3126.4893,52:06.49,30,"6,26,2,29,16,1,8,15,4,19,3,24,21,20,18,23,0,17,25,12,11,10,13,14,22,28,27,5,7,9",6:10;26:10;2:54;29:38;16:25;1:10;8:57;15:24;4:50;19:19;3:40;24:58;21:18;20:39;18:10;23:37;0:10;17:52;25:29;12:18;11:41;10:42;13:45;14:61;22:46;28:51;27:52;5:61;7:68;9:54,"6:[4];26:[7];2:[0,2,4,5,6];29:[2,4,6];16:[4,6];1:[7];8:[0,4,5,6,7];15:[4,6];4:[0,1,4,5,6];19:[4];3:[4,5,6,7];24:[0,1,2,4,6];21:[2];20:[4,5,6];18:[1];23:[2,4,6];0:[2];17:[0,1,4,5,6];25:[4,6];12:[7];11:[4,5,6,7];10:[1,4,5,6];13:[0,4,5,6];14:[0,1,2,4,5,6];22:[2,4,5,6];28:[0,2,4,5,6];27:[0,1,4,5,6];5:[0,1,2,4,5,6];7:[0,1,4,5,6,7];9:[0,2,4,5,6]","c6:bw=10,experts=[4]; c26:bw=10,experts=[7]; c2:bw=54,experts=[0,2,4,5,6]; c29:bw=38,experts=[2,4,6]; c16:bw=25,experts=[4,6]; c1:bw=10,experts=[7]; c8:bw=57,experts=[0,4,5,6,7]; c15:bw=24,experts=[4,6]; c4:bw=50,experts=[0,1,4,5,6]; c19:bw=19,experts=[4]; c3:bw=40,experts=[4,5,6,7]; c24:bw=58,experts=[0,1,2,4,6]; c21:bw=18,experts=[2]; c20:bw=39,experts=[4,5,6]; c18:bw=10,experts=[1]; c23:bw=37,experts=[2,4,6]; c0:bw=10,experts=[2]; c17:bw=52,experts=[0,1,4,5,6]; c25:bw=29,experts=[4,6]; c12:bw=18,experts=[7]; c11:bw=41,experts=[4,5,6,7]; c10:bw=42,experts=[1,4,5,6]; c13:bw=45,experts=[0,4,5,6]; c14:bw=61,experts=[0,1,2,4,5,6]; c22:bw=46,experts=[2,4,5,6]; c28:bw=51,experts=[0,2,4,5,6]; c27:bw=52,experts=[0,1,4,5,6]; c5:bw=61,experts=[0,1,2,4,5,6]; c7:bw=68,experts=[0,1,4,5,6,7]; c9:bw=54,experts=[0,2,4,5,6]","1.6293,1.5036,1.7795,4.1956,2.4653,1.5530,1.6613,1.6731,2.8080,2.0428,2.1788,1.7719,1.5237,2.7758,2.3575,2.3502,1.9542,2.7803,2.8405,2.4914,3.0558,3.3770,2.3118,1.9002,2.3096,2.2762,2.6147,4.8607,2.1831,2.3925"
42,2026-09-24 20:40:20,Ours,0.01,2.164162615637905,41.32,41.32,42,83.4108,1:23.41,75.1029,6.8354,1.4687,3209.9314,53:29.93,30,"12,15,27,9,11,17,1,16,22,24,19,25,2,6,5,14,23,3,20,4,26,0,10,28,29,7,13,18,21,8",12:22;15:31;27:34;9:51;11:59;17:32;1:49;16:10;22:26;24:34;19:63;25:28;2:40;6:34;5:50;14:13;23:51;3:48;20:42;4:55;26:16;0:15;10:15;28:54;29:40;7:20;13:33;18:14;21:32;8:42,"12:[4,6];15:[1,4,6];27:[4,5,6];9:[0,1,4,5,6];11:[0,1,4,5,6];17:[1,4,6];1:[0,1,4,6];16:[0];22:[4,6];24:[4,5,6];19:[0,1,2,4,5,6];25:[4,6];2:[1,4,5,6];6:[4,5,6];5:[0,1,4,5,6];14:[4];23:[0,1,4,5,6];3:[3,4,5,6];20:[1,4,5,6];4:[0,1,4,5,6];26:[4];0:[4];10:[4];28:[0,1,4,5,6];29:[0,1,4,6];7:[4,6];13:[4,5,6];18:[7];21:[0,4,6];8:[0,4,5,6]","c12:bw=22,experts=[4,6]; c15:bw=31,experts=[1,4,6]; c27:bw=34,experts=[4,5,6]; c9:bw=51,experts=[0,1,4,5,6]; c11:bw=59,experts=[0,1,4,5,6]; c17:bw=32,experts=[1,4,6]; c1:bw=49,experts=[0,1,4,6]; c16:bw=10,experts=[0]; c22:bw=26,experts=[4,6]; c24:bw=34,experts=[4,5,6]; c19:bw=63,experts=[0,1,2,4,5,6]; c25:bw=28,experts=[4,6]; c2:bw=40,experts=[1,4,5,6]; c6:bw=34,experts=[4,5,6]; c5:bw=50,experts=[0,1,4,5,6]; c14:bw=13,experts=[4]; c23:bw=51,experts=[0,1,4,5,6]; c3:bw=48,experts=[3,4,5,6]; c20:bw=42,experts=[1,4,5,6]; c4:bw=55,experts=[0,1,4,5,6]; c26:bw=16,experts=[4]; c0:bw=15,experts=[4]; c10:bw=15,experts=[4]; c28:bw=54,experts=[0,1,4,5,6]; c29:bw=40,experts=[0,1,4,6]; c7:bw=20,experts=[4,6]; c13:bw=33,experts=[4,5,6]; c18:bw=14,experts=[7]; c21:bw=32,experts=[0,4,6]; c8:bw=42,experts=[0,4,5,6]","3.0974,1.9668,3.2218,2.4989,3.4624,3.0748,1.7411,2.7095,2.5049,1.8627,2.1797,2.9845,1.9278,1.8598,4.3733,1.9083,1.9311,2.2006,2.8451,2.8641,1.5141,1.5877,3.4154,2.3876,4.8896,1.8782,2.2952,2.4184,1.6593,1.8430"
43,2026-09-24 20:41:43,Ours,0.01,2.1121770647775886,42.9,42.9,43,83.6782,1:23.68,75.2682,6.9833,1.4235,3293.6358,54:53.64,30,"29,8,12,9,15,28,18,13,20,14,21,0,7,4,27,3,22,11,26,16,23,17,6,1,5,10,25,24,19,2",29:28;8:45;12:10;9:32;15:14;28:27;18:24;13:16;20:48;14:66;21:34;0:21;7:21;4:34;27:61;3:65;22:41;11:55;26:59;16:21;23:34;17:47;6:12;1:58;5:53;10:37;25:44;24:54;19:54;2:51,"29:[4,6];8:[2,4,5,6];12:[4];9:[4,5,6];15:[4];28:[4,6];18:[2,4];13:[4];20:[0,1,4,6];14:[0,1,2,4,5,6];21:[4,5,6];0:[4,6];7:[4,6];4:[4,5,6];27:[0,1,2,4,5,6];3:[0,1,2,4,5,6];22:[1,4,5,6];11:[0,2,4,5,6];26:[0,2,4,5,6];16:[1,4];23:[3,4,6];17:[0,4,5,6];6:[4];1:[0,1,2,4,6];5:[0,1,4,5,6];10:[4,5,6];25:[0,4,5,6];24:[0,1,4,5,6];19:[0,2,4,5,6];2:[0,1,4,5,6]","c29:bw=28,experts=[4,6]; c8:bw=45,experts=[2,4,5,6]; c12:bw=10,experts=[4]; c9:bw=32,experts=[4,5,6]; c15:bw=14,experts=[4]; c28:bw=27,experts=[4,6]; c18:bw=24,experts=[2,4]; c13:bw=16,experts=[4]; c20:bw=48,experts=[0,1,4,6]; c14:bw=66,experts=[0,1,2,4,5,6]; c21:bw=34,experts=[4,5,6]; c0:bw=21,experts=[4,6]; c7:bw=21,experts=[4,6]; c4:bw=34,experts=[4,5,6]; c27:bw=61,experts=[0,1,2,4,5,6]; c3:bw=65,experts=[0,1,2,4,5,6]; c22:bw=41,experts=[1,4,5,6]; c11:bw=55,experts=[0,2,4,5,6]; c26:bw=59,experts=[0,2,4,5,6]; c16:bw=21,experts=[1,4]; c23:bw=34,experts=[3,4,6]; c17:bw=47,experts=[0,4,5,6]; c6:bw=12,experts=[4]; c1:bw=58,experts=[0,1,2,4,6]; c5:bw=53,experts=[0,1,4,5,6]; c10:bw=37,experts=[4,5,6]; c25:bw=44,experts=[0,4,5,6]; c24:bw=54,experts=[0,1,4,5,6]; c19:bw=54,experts=[0,2,4,5,6]; c2:bw=51,experts=[0,1,4,5,6]","4.4200,1.8405,2.9410,2.5399,2.1931,2.7008,2.4797,2.4824,3.0914,2.0756,1.6698,1.7517,1.9620,2.8986,2.6252,2.2445,2.3338,3.1085,1.6082,2.6487,2.0149,3.3543,1.9413,1.6030,4.1335,3.4723,3.0241,1.8863,2.2798,1.9430"
44,2026-09-24 20:43:07,Ours,0.01,2.1154071800253673,43.06,43.06,44,83.203,1:23.20,74.7587,7.0298,1.411,3376.8655,56:16.87,30,"3,19,8,4,20,24,9,10,13,5,11,14,17,23,1,2,26,15,22,25,28,18,12,0,6,16,7,27,29,21",3:47;19:10;8:34;4:29;20:56;24:31;9:37;10:56;13:28;5:24;11:16;14:65;17:12;23:36;1:45;2:37;26:45;15:50;22:23;25:36;28:36;18:54;12:40;0:66;6:20;16:76;7:75;27:31;29:68;21:58,"3:[0,4,5,6];19:[4];8:[0,4,6];4:[2,7];20:[0,3,4,5,6];24:[4,5,6];9:[4,5,6];10:[0,2,4,5,6];13:[4,6];5:[4,6];11:[4];14:[0,1,2,4,5,6];17:[4];23:[4,5,6];1:[0,4,5,6];2:[4,5,6];26:[0,4,5,6];15:[0,2,4,5,6];22:[4,7];25:[4,5,6];28:[4,5,6];18:[0,1,4,5,6];12:[3,4,5,6];0:[0,1,2,4,5,6];6:[4,6];16:[0,1,2,4,5,6,7];7:[0,1,2,4,5,6,7];27:[4,5,6];29:[0,1,2,4,5,6];21:[0,2,4,5,6]","c3:bw=47,experts=[0,4,5,6]; c19:bw=10,experts=[4]; c8:bw=34,experts=[0,4,6]; c4:bw=29,experts=[2,7]; c20:bw=56,experts=[0,3,4,5,6]; c24:bw=31,experts=[4,5,6]; c9:bw=37,experts=[4,5,6]; c10:bw=56,experts=[0,2,4,5,6]; c13:bw=28,experts=[4,6]; c5:bw=24,experts=[4,6]; c11:bw=16,experts=[4]; c14:bw=65,experts=[0,1,2,4,5,6]; c17:bw=12,experts=[4]; c23:bw=36,experts=[4,5,6]; c1:bw=45,experts=[0,4,5,6]; c2:bw=37,experts=[4,5,6]; c26:bw=45,experts=[0,4,5,6]; c15:bw=50,experts=[0,2,4,5,6]; c22:bw=23,experts=[4,7]; c25:bw=36,experts=[4,5,6]; c28:bw=36,experts=[4,5,6]; c18:bw=54,experts=[0,1,4,5,6]; c12:bw=40,experts=[3,4,5,6]; c0:bw=66,experts=[0,1,2,4,5,6]; c6:bw=20,experts=[4,6]; c16:bw=76,experts=[0,1,2,4,5,6,7]; c7:bw=75,experts=[0,1,2,4,5,6,7]; c27:bw=31,experts=[4,5,6]; c29:bw=68,experts=[0,1,2,4,5,6]; c21:bw=58,experts=[0,2,4,5,6]","2.8000,2.6785,1.8236,3.0018,3.0102,1.8569,1.9986,3.5888,2.4069,4.3351,3.2424,2.0237,2.7769,1.9296,1.5899,1.8080,1.5728,1.7180,2.3071,2.9843,2.3793,2.4612,2.9028,1.9109,1.9852,2.7133,1.9442,2.7817,4.5865,1.6404"
45,2026-09-24 20:44:26,Ours,0.01,2.1004980838809044,44.37,44.37,45,79.7402,1:19.74,71.7916,6.6392,1.3062,3456.6332,57:36.63,30,"3,21,24,15,29,4,11,16,5,12,10,14,19,26,23,8,20,7,27,17,0,1,13,18,25,9,2,6,22,28",3:67;21:58;24:13;15:33;29:50;4:64;11:53;16:54;5:44;12:61;10:42;14:41;19:67;26:22;23:42;8:55;20:52;7:36;27:10;17:10;0:36;1:56;13:53;18:16;25:32;9:25;2:49;6:10;22:37;28:21,"3:[0,1,2,4,5,6];21:[0,4,5,6,7];24:[4];15:[4,6,7];29:[0,1,4,5,6];4:[0,1,2,4,5,6];11:[0,2,4,5,6];16:[0,2,4,5,6];5:[0,4,5,6];12:[0,1,2,4,5,6];10:[1,4,5,6];14:[3,4,5,6];19:[0,1,2,4,5,6];26:[4,6];23:[0,4,5,6];8:[0,1,4,5,6];20:[0,1,4,5,6];7:[1,4,6];27:[4];17:[4];0:[4,5,6];1:[0,1,4,5,6];13:[0,1,4,5,6];18:[4];25:[2,4,6];9:[4,6];2:[0,4,5,6];6:[0];22:[4,5,6];28:[4,6]","c3:bw=67,experts=[0,1,2,4,5,6]; c21:bw=58,experts=[0,4,5,6,7]; c24:bw=13,experts=[4]; c15:bw=33,experts=[4,6,7]; c29:bw=50,experts=[0,1,4,5,6]; c4:bw=64,experts=[0,1,2,4,5,6]; c11:bw=53,experts=[0,2,4,5,6]; c16:bw=54,experts=[0,2,4,5,6]; c5:bw=44,experts=[0,4,5,6]; c12:bw=61,experts=[0,1,2,4,5,6]; c10:bw=42,experts=[1,4,5,6]; c14:bw=41,experts=[3,4,5,6]; c19:bw=67,experts=[0,1,2,4,5,6]; c26:bw=22,experts=[4,6]; c23:bw=42,experts=[0,4,5,6]; c8:bw=55,experts=[0,1,4,5,6]; c20:bw=52,experts=[0,1,4,5,6]; c7:bw=36,experts=[1,4,6]; c27:bw=10,experts=[4]; c17:bw=10,experts=[4]; c0:bw=36,experts=[4,5,6]; c1:bw=56,experts=[0,1,4,5,6]; c13:bw=53,experts=[0,1,4,5,6]; c18:bw=16,experts=[4]; c25:bw=32,experts=[2,4,6]; c9:bw=25,experts=[4,6]; c2:bw=49,experts=[0,4,5,6]; c6:bw=10,experts=[0]; c22:bw=37,experts=[4,5,6]; c28:bw=21,experts=[4,6]","2.3536,1.9122,2.2484,1.9754,4.6281,2.9442,3.3072,2.7112,4.3932,2.6995,3.4775,1.9301,2.1057,1.4985,1.8616,1.6557,2.7811,1.8504,2.5036,2.6514,1.5609,1.5631,2.2530,2.3511,2.7741,1.9122,1.7876,1.6281,2.2467,2.2260"
46,2026-09-24 20:45:43,Ours,0.01,2.0960481841844865,44.45,44.45,46,76.2745,1:16.27,68.5761,6.3614,1.3338,3532.9339,58:52.93,30,"21,5,16,11,19,8,17,28,26,18,12,0,29,9,6,27,20,22,4,3,15,10,24,25,13,23,2,1,7,14",21:32;5:41;16:28;11:38;19:10;8:39;17:15;28:11;26:48;18:44;12:53;0:55;29:10;9:37;6:39;27:22;20:50;22:31;4:64;3:27;15:14;10:59;24:30;25:20;13:50;23:37;2:57;1:41;7:28;14:39,"21:[4,5,6];5:[0,4,5,6];16:[4,6];11:[4,5,6];19:[4];8:[4,5,6];17:[4];28:[7];26:[1,4,5,6];18:[0,4,5,6];12:[0,1,4,5,6];0:[0,1,4,5,6];29:[4];9:[0,4,6];6:[1,2,4];27:[4,6];20:[0,1,4,5,6];22:[4,5,6];4:[0,1,2,4,5,6];3:[4,6];15:[4];10:[1,2,4,6,7];24:[4,5,6];25:[4,6];13:[0,2,4,5,6];23:[1,4,6];2:[0,1,4,5,6];1:[0,4,5,6];7:[4,6];14:[1,4,6]","c21:bw=32,experts=[4,5,6]; c5:bw=41,experts=[0,4,5,6]; c16:bw=28,experts=[4,6]; c11:bw=38,experts=[4,5,6]; c19:bw=10,experts=[4]; c8:bw=39,experts=[4,5,6]; c17:bw=15,experts=[4]; c28:bw=11,experts=[7]; c26:bw=48,experts=[1,4,5,6]; c18:bw=44,experts=[0,4,5,6]; c12:bw=53,experts=[0,1,4,5,6]; c0:bw=55,experts=[0,1,4,5,6]; c29:bw=10,experts=[4]; c9:bw=37,experts=[0,4,6]; c6:bw=39,experts=[1,2,4]; c27:bw=22,experts=[4,6]; c20:bw=50,experts=[0,1,4,5,6]; c22:bw=31,experts=[4,5,6]; c4:bw=64,experts=[0,1,2,4,5,6]; c3:bw=27,experts=[4,6]; c15:bw=14,experts=[4]; c10:bw=59,experts=[1,2,4,6,7]; c24:bw=30,experts=[4,5,6]; c25:bw=20,experts=[4,6]; c13:bw=50,experts=[0,2,4,5,6]; c23:bw=37,experts=[1,4,6]; c2:bw=57,experts=[0,1,4,5,6]; c1:bw=41,experts=[0,4,5,6]; c7:bw=28,experts=[4,6]; c14:bw=39,experts=[1,4,6]","1.5140,4.0813,2.4947,3.0226,2.0440,1.6640,2.6824,2.2017,1.5036,2.3484,2.4827,1.5676,4.1515,1.9966,1.6552,2.5354,2.7864,2.2204,2.7816,2.1508,1.6821,3.3278,1.7379,2.7568,2.2660,1.8639,1.7780,1.5807,1.8308,1.8671"
47,2026-09-24 20:46:59,Ours,0.01,2.0821248071092833,44.67,44.67,47,76.2039,1:16.20,68.4671,6.3979,1.3356,3609.1671,1:00:09.17,30,"16,13,28,6,12,25,15,29,7,17,24,3,22,21,18,23,8,5,20,27,26,11,2,1,9,10,19,4,14,0",16:68;13:33;28:34;6:22;12:15;25:23;15:42;29:11;7:53;17:20;24:40;3:70;22:63;21:45;18:10;23:10;8:39;5:52;20:53;27:48;26:10;11:39;2:54;1:30;9:17;10:51;19:28;4:10;14:24;0:46,"16:[0,1,2,4,5,6];13:[4,5,6];28:[4,5,6];6:[4,6];12:[4];25:[4,6];15:[0,4,5,6];29:[4];7:[0,1,4,5,6];17:[4,7];24:[1,4,6,7];3:[0,1,2,4,5,6,7];22:[0,1,2,4,5,6];21:[1,4,5,6];18:[4];23:[7];8:[4,5,6];5:[1,4,5,6,7];20:[0,2,4,5,6];27:[0,4,5,6];26:[4];11:[4,5,6];2:[0,1,4,5,6];1:[4,5,6];9:[4];10:[0,1,4,5,6];19:[4,6];4:[4];14:[4,6];0:[0,4,5,6]","c16:bw=68,experts=[0,1,2,4,5,6]; c13:bw=33,experts=[4,5,6]; c28:bw=34,experts=[4,5,6]; c6:bw=22,experts=[4,6]; c12:bw=15,experts=[4]; c25:bw=23,experts=[4,6]; c15:bw=42,experts=[0,4,5,6]; c29:bw=11,experts=[4]; c7:bw=53,experts=[0,1,4,5,6]; c17:bw=20,experts=[4,7]; c24:bw=40,experts=[1,4,6,7]; c3:bw=70,experts=[0,1,2,4,5,6,7]; c22:bw=63,experts=[0,1,2,4,5,6]; c21:bw=45,experts=[1,4,5,6]; c18:bw=10,experts=[4]; c23:bw=10,experts=[7]; c8:bw=39,experts=[4,5,6]; c5:bw=52,experts=[1,4,5,6,7]; c20:bw=53,experts=[0,2,4,5,6]; c27:bw=48,experts=[0,4,5,6]; c26:bw=10,experts=[4]; c11:bw=39,experts=[4,5,6]; c2:bw=54,experts=[0,1,4,5,6]; c1:bw=30,experts=[4,5,6]; c9:bw=17,experts=[4]; c10:bw=51,experts=[0,1,4,5,6]; c19:bw=28,experts=[4,6]; c4:bw=10,experts=[4]; c14:bw=24,experts=[4,6]; c0:bw=46,experts=[0,4,5,6]","2.4774,2.2718,2.2182,1.6445,2.4255,2.7898,1.6869,4.1503,1.8496,2.6730,1.7543,2.1663,2.2684,1.5015,2.3523,1.8624,1.6831,3.9938,2.7726,2.5188,1.5201,3.0070,1.7789,1.5445,1.9124,3.3706,2.0591,2.7723,1.8536,1.5878"
48,2026-09-24 20:48:15,Ours,0.01,2.1171849396099884,45.37,45.37,48,76.4593,1:16.46,68.4624,6.6475,1.346,3685.6528,1:01:25.65,30,"27,2,19,0,26,23,14,11,5,4,20,22,28,21,15,9,3,25,10,24,6,12,1,7,8,13,29,18,17,16",27:61;2:57;19:45;0:16;26:34;23:49;14:10;11:32;5:55;4:67;20:53;22:35;28:10;21:44;15:64;9:52;3:18;25:17;10:12;24:59;6:45;12:31;1:50;7:62;8:50;13:50;29:49;18:62;17:38;16:10,"27:[0,3,4,5,6,7];2:[3,4,5,6,7];19:[3,4,6,7];0:[3];26:[3,4,6];23:[0,4,5,6];14:[7];11:[3,4,6];5:[1,3,4,5,6];4:[0,1,3,4,5,6];20:[0,4,5,6,7];22:[3,4,6];28:[3];21:[3,4,5,6];15:[0,1,3,4,5,6];9:[3,4,5,6,7];3:[4];25:[1];10:[3];24:[0,3,4,5,6];6:[3,4,6,7];12:[4,5,6];1:[0,1,3,4,6];7:[0,1,3,4,5,6];8:[0,1,3,4,6];13:[3,4,5,6,7];29:[3,4,6,7];18:[0,1,2,3,4,6];17:[2,3,4];16:[3]","c27:bw=61,experts=[0,3,4,5,6,7]; c2:bw=57,experts=[3,4,5,6,7]; c19:bw=45,experts=[3,4,6,7]; c0:bw=16,experts=[3]; c26:bw=34,experts=[3,4,6]; c23:bw=49,experts=[0,4,5,6]; c14:bw=10,experts=[7]; c11:bw=32,experts=[3,4,6]; c5:bw=55,experts=[1,3,4,5,6]; c4:bw=67,experts=[0,1,3,4,5,6]; c20:bw=53,experts=[0,4,5,6,7]; c22:bw=35,experts=[3,4,6]; c28:bw=10,experts=[3]; c21:bw=44,experts=[3,4,5,6]; c15:bw=64,experts=[0,1,3,4,5,6]; c9:bw=52,experts=[3,4,5,6,7]; c3:bw=18,experts=[4]; c25:bw=17,experts=[1]; c10:bw=12,experts=[3]; c24:bw=59,experts=[0,3,4,5,6]; c6:bw=45,experts=[3,4,6,7]; c12:bw=31,experts=[4,5,6]; c1:bw=50,experts=[0,1,3,4,6]; c7:bw=62,experts=[0,1,3,4,5,6]; c8:bw=50,experts=[0,1,3,4,6]; c13:bw=50,experts=[3,4,5,6,7]; c29:bw=49,experts=[3,4,6,7]; c18:bw=62,experts=[0,1,2,3,4,6]; c17:bw=38,experts=[2,3,4]; c16:bw=10,experts=[3]","2.5591,1.7982,2.0712,1.5758,1.5275,1.8557,1.8654,3.0017,4.0474,2.8046,2.7626,2.2233,2.1910,1.5211,1.7062,1.9513,2.1291,2.7706,3.2678,1.7411,1.6294,2.4620,1.5499,1.8317,1.6805,2.2662,4.1622,2.3537,2.6887,2.4674"
49,2026-09-24 20:49:32,Ours,0.01,2.0746928326897147,45.89,45.89,49,76.1408,1:16.14,68.4841,6.3227,1.3307,3761.8212,1:02:41.82,30,"2,10,14,18,15,17,19,3,13,29,0,21,6,28,8,12,27,1,7,26,23,9,20,22,11,25,5,24,4,16",2:58;10:64;14:58;18:32;15:42;17:30;19:10;3:32;13:39;29:16;0:20;21:10;6:13;28:48;8:26;12:37;27:41;1:54;7:44;26:17;23:10;9:53;20:16;22:29;11:38;25:58;5:56;24:21;4:48;16:30,"2:[0,1,2,4,6];10:[0,1,2,4,5,6];14:[0,1,4,5,6];18:[4,5,6];15:[0,1,4,6];17:[4,5,6];19:[4];3:[0,4,6];13:[4,5,6];29:[4];0:[4,7];21:[4];6:[4];28:[2,4,5,6];8:[4,7];12:[4,6,7];27:[0,4,5,6];1:[0,4,5,6,7];7:[1,4,5,6];26:[7];23:[2];9:[0,1,2,4,6];20:[4];22:[4,6];11:[4,6,7];25:[3,4,5,6,7];5:[0,2,4,5,6];24:[2,4];4:[0,4,5,6];16:[4,5,6]","c2:bw=58,experts=[0,1,2,4,6]; c10:bw=64,experts=[0,1,2,4,5,6]; c14:bw=58,experts=[0,1,4,5,6]; c18:bw=32,experts=[4,5,6]; c15:bw=42,experts=[0,1,4,6]; c17:bw=30,experts=[4,5,6]; c19:bw=10,experts=[4]; c3:bw=32,experts=[0,4,6]; c13:bw=39,experts=[4,5,6]; c29:bw=16,experts=[4]; c0:bw=20,experts=[4,7]; c21:bw=10,experts=[4]; c6:bw=13,experts=[4]; c28:bw=48,experts=[2,4,5,6]; c8:bw=26,experts=[4,7]; c12:bw=37,experts=[4,6,7]; c27:bw=41,experts=[0,4,5,6]; c1:bw=54,experts=[0,4,5,6,7]; c7:bw=44,experts=[1,4,5,6]; c26:bw=17,experts=[7]; c23:bw=10,experts=[2]; c9:bw=53,experts=[0,1,2,4,6]; c20:bw=16,experts=[4]; c22:bw=29,experts=[4,6]; c11:bw=38,experts=[4,6,7]; c25:bw=58,experts=[3,4,5,6,7]; c5:bw=56,experts=[0,2,4,5,6]; c24:bw=21,experts=[2,4]; c4:bw=48,experts=[0,4,5,6]; c16:bw=30,experts=[4,5,6]","1.8105,3.3555,1.9013,2.3454,1.6758,2.6800,2.0337,2.1423,2.2623,4.1685,1.5852,1.4751,1.6104,2.1720,1.6600,2.4780,2.5220,1.5420,1.8634,1.4954,1.8247,1.9383,2.7770,2.2460,3.0191,2.8129,4.0514,1.7305,2.8330,2.4723"
50,2026-09-24 20:50:48,Ours,0.01,2.0306220622395506,45.49,45.89,49,76.4329,1:16.43,68.5839,6.5065,1.3394,3838.2823,1:03:58.28,30,"8,13,9,19,21,24,14,29,12,4,11,15,17,25,1,5,2,22,6,16,26,23,7,10,27,28,3,20,18,0",8:32;13:37;9:27;19:43;21:17;24:43;14:23;29:62;12:34;4:10;11:57;15:31;17:33;25:32;1:64;5:31;2:63;22:16;6:68;16:27;26:56;23:41;7:34;10:23;27:57;28:35;3:39;20:46;18:44;0:29,"8:[4,5,6];13:[4,5,6];9:[4,6];19:[0,1,4,6];21:[4];24:[0,4,5,6];14:[4,6];29:[0,1,2,4,5,6];12:[4,5,6];4:[4];11:[0,1,4,5,6];15:[4,5,6];17:[1,4,6];25:[4,5,6];1:[0,1,2,4,5,6];5:[4,5,6];2:[0,1,2,4,5,6];22:[4];6:[0,1,2,4,5,6];16:[4,6];26:[0,2,4,5,6];23:[0,1,4,6];7:[4,5,6];10:[4,6];27:[0,2,4,5,6];28:[0,1,4];3:[3,4,6];20:[0,4,5,6];18:[4,5,6,7];0:[4,6]","c8:bw=32,experts=[4,5,6]; c13:bw=37,experts=[4,5,6]; c9:bw=27,experts=[4,6]; c19:bw=43,experts=[0,1,4,6]; c21:bw=17,experts=[4]; c24:bw=43,experts=[0,4,5,6]; c14:bw=23,experts=[4,6]; c29:bw=62,experts=[0,1,2,4,5,6]; c12:bw=34,experts=[4,5,6]; c4:bw=10,experts=[4]; c11:bw=57,experts=[0,1,4,5,6]; c15:bw=31,experts=[4,5,6]; c17:bw=33,experts=[1,4,6]; c25:bw=32,experts=[4,5,6]; c1:bw=64,experts=[0,1,2,4,5,6]; c5:bw=31,experts=[4,5,6]; c2:bw=63,experts=[0,1,2,4,5,6]; c22:bw=16,experts=[4]; c6:bw=68,experts=[0,1,2,4,5,6]; c16:bw=27,experts=[4,6]; c26:bw=56,experts=[0,2,4,5,6]; c23:bw=41,experts=[0,1,4,6]; c7:bw=34,experts=[4,5,6]; c10:bw=23,experts=[4,6]; c27:bw=57,experts=[0,2,4,5,6]; c28:bw=35,experts=[0,1,4]; c3:bw=39,experts=[3,4,6]; c20:bw=46,experts=[0,4,5,6]; c18:bw=44,experts=[4,5,6,7]; c0:bw=29,experts=[4,6]","1.6648,2.2502,1.9120,2.0404,1.5185,1.7595,1.8825,4.2042,2.4609,2.7562,3.0275,1.6782,2.6699,2.7960,1.5635,4.0165,1.8004,2.2394,1.6077,2.4811,1.5310,1.8721,1.8509,3.3675,2.6040,2.2031,2.1411,2.7684,2.3331,1.5833"
51,2026-09-24 20:52:05,Ours,0.01,2.02669206388596,46.37,46.37,51,76.5257,1:16.53,68.7167,6.4415,1.3644,3914.8351,1:05:14.84,30,"17,11,14,5,3,4,22,13,2,6,15,9,18,25,27,19,0,28,7,21,23,20,24,8,1,29,12,26,16,10",17:43;11:60;14:30;5:47;3:55;4:11;22:22;13:40;2:20;6:52;15:57;9:18;18:37;25:53;27:10;19:10;0:53;28:51;7:27;21:14;23:38;20:30;24:54;8:46;1:21;29:44;12:43;26:31;16:30;10:37,"17:[0,4,5,6];11:[0,1,2,4,5,6];14:[4,5,6];5:[0,4,5,6];3:[0,1,4,5,6];4:[4];22:[4,6];13:[0,4,5,6];2:[4,6];6:[0,1,4,5,6];15:[0,1,4,5,6];9:[4];18:[1,4,6];25:[0,2,4,5,6];27:[1];19:[4];0:[0,1,4,5,6];28:[0,1,4,5,6];7:[4,6];21:[4];23:[3,4,6];20:[4,5,6];24:[0,1,4,5,6];8:[2,4,5,6];1:[4,6];29:[0,4,5,6];12:[0,4,5,6];26:[4,5,6];16:[4,5,6];10:[1,4,6]","c17:bw=43,experts=[0,4,5,6]; c11:bw=60,experts=[0,1,2,4,5,6]; c14:bw=30,experts=[4,5,6]; c5:bw=47,experts=[0,4,5,6]; c3:bw=55,experts=[0,1,4,5,6]; c4:bw=11,experts=[4]; c22:bw=22,experts=[4,6]; c13:bw=40,experts=[0,4,5,6]; c2:bw=20,experts=[4,6]; c6:bw=52,experts=[0,1,4,5,6]; c15:bw=57,experts=[0,1,4,5,6]; c9:bw=18,experts=[4]; c18:bw=37,experts=[1,4,6]; c25:bw=53,experts=[0,2,4,5,6]; c27:bw=10,experts=[1]; c19:bw=10,experts=[4]; c0:bw=53,experts=[0,1,4,5,6]; c28:bw=51,experts=[0,1,4,5,6]; c7:bw=27,experts=[4,6]; c21:bw=14,experts=[4]; c23:bw=38,experts=[3,4,6]; c20:bw=30,experts=[4,5,6]; c24:bw=54,experts=[0,1,4,5,6]; c8:bw=46,experts=[2,4,5,6]; c1:bw=21,experts=[4,6]; c29:bw=44,experts=[0,4,5,6]; c12:bw=43,experts=[0,4,5,6]; c26:bw=31,experts=[4,5,6]; c16:bw=30,experts=[4,5,6]; c10:bw=37,experts=[1,4,6]","2.6904,3.0183,1.8927,4.0491,2.1658,2.7889,2.2435,2.2752,1.7857,1.6630,1.7146,1.9116,2.3381,2.8089,2.5280,2.0458,1.5805,2.1866,1.8545,1.5215,1.8725,2.7696,1.7510,1.6625,1.5668,4.2126,2.4620,1.5439,2.4888,3.3240"
52,2026-09-24 20:53:21,Ours,0.01,2.0339777948625213,46.47,46.47,52,76.4864,1:16.49,68.6671,6.4703,1.3416,3991.3483,1:06:31.35,30,"21,12,26,2,3,8,28,13,20,10,29,17,6,0,25,19,7,15,24,14,22,9,23,16,27,4,18,11,1,5",21:45;12:10;26:52;2:29;3:43;8:18;28:35;13:23;20:10;10:31;29:43;17:19;6:51;0:46;25:62;19:46;7:34;15:31;24:35;14:42;22:21;9:31;23:10;16:59;27:40;4:33;18:49;11:60;1:40;5:24,"21:[2,4,5,6];12:[3];26:[0,2,4,5,6];2:[4,6];3:[0,4,5,6];8:[4];28:[4,5,6];13:[4,6];20:[3];10:[1,4,6];29:[0,1,4,6];17:[4];6:[0,4,5,6,7];0:[2,4,5,6];25:[0,1,2,4,5,6];19:[0,4,5,6];7:[2,4,7];15:[2,4,6];24:[4,5,6];14:[2,4,5,6];22:[4,7];9:[0,4,6];23:[4];16:[0,1,4,6,7];27:[0,4,5,6];4:[4,6,7];18:[1,4,5,6];11:[0,1,2,4,5,6];1:[1,4,5,6];5:[4,6]","c21:bw=45,experts=[2,4,5,6]; c12:bw=10,experts=[3]; c26:bw=52,experts=[0,2,4,5,6]; c2:bw=29,experts=[4,6]; c3:bw=43,experts=[0,4,5,6]; c8:bw=18,experts=[4]; c28:bw=35,experts=[4,5,6]; c13:bw=23,experts=[4,6]; c20:bw=10,experts=[3]; c10:bw=31,experts=[1,4,6]; c29:bw=43,experts=[0,1,4,6]; c17:bw=19,experts=[4]; c6:bw=51,experts=[0,4,5,6,7]; c0:bw=46,experts=[2,4,5,6]; c25:bw=62,experts=[0,1,2,4,5,6]; c19:bw=46,experts=[0,4,5,6]; c7:bw=34,experts=[2,4,7]; c15:bw=31,experts=[2,4,6]; c24:bw=35,experts=[4,5,6]; c14:bw=42,experts=[2,4,5,6]; c22:bw=21,experts=[4,7]; c9:bw=31,experts=[0,4,6]; c23:bw=10,experts=[4]; c16:bw=59,experts=[0,1,4,6,7]; c27:bw=40,experts=[0,4,5,6]; c4:bw=33,experts=[4,6,7]; c18:bw=49,experts=[1,4,5,6]; c11:bw=60,experts=[0,1,2,4,5,6]; c1:bw=40,experts=[1,4,5,6]; c5:bw=24,experts=[4,6]","1.5182,2.4852,1.5322,1.8063,2.1761,1.6586,2.2029,2.2729,2.7821,3.3692,4.1967,2.6842,1.6152,1.5802,2.8048,2.0375,1.8443,1.6769,1.7569,1.8786,2.2355,1.9081,1.8460,2.4869,2.5473,2.7944,2.3467,3.0404,1.5676,4.0151"
53,2026-09-24 20:54:38,Ours,0.01,2.0160936965216254,46.78,46.78,53,76.5395,1:16.54,68.7651,6.443,1.3284,4067.9197,1:07:47.92,30,"27,4,0,5,22,18,28,24,11,3,19,17,10,1,7,2,29,21,26,13,23,20,16,6,15,9,14,25,12,8",27:58;4:28;0:39;5:44;22:10;18:17;28:66;24:37;11:11;3:47;19:10;17:28;10:52;1:59;7:44;2:51;29:46;21:37;26:39;13:10;23:10;20:62;16:44;6:36;15:27;9:61;14:34;25:44;12:45;8:22,"27:[0,1,4,5,6];4:[4,6];0:[4,5,6];5:[1,4,5,6];22:[4];18:[4];28:[0,1,2,4,5,6];24:[4,5,6];11:[4];3:[0,4,5,6];19:[2];17:[4,6];10:[0,1,4,5,6];1:[0,1,4,5,6];7:[0,4,5,6];2:[0,1,4,5,6];29:[1,4,5,6];21:[0,4,7];26:[4,5,6];13:[1];23:[4];20:[0,1,2,4,5,6];16:[0,1,4,6];6:[0,4,6];15:[4,7];9:[0,1,2,4,5,6];14:[3,4,6];25:[1,4,5,6];12:[2,4,5,6];8:[4,6]","c27:bw=58,experts=[0,1,4,5,6]; c4:bw=28,experts=[4,6]; c0:bw=39,experts=[4,5,6]; c5:bw=44,experts=[1,4,5,6]; c22:bw=10,experts=[4]; c18:bw=17,experts=[4]; c28:bw=66,experts=[0,1,2,4,5,6]; c24:bw=37,experts=[4,5,6]; c11:bw=11,experts=[4]; c3:bw=47,experts=[0,4,5,6]; c19:bw=10,experts=[2]; c17:bw=28,experts=[4,6]; c10:bw=52,experts=[0,1,4,5,6]; c1:bw=59,experts=[0,1,4,5,6]; c7:bw=44,experts=[0,4,5,6]; c2:bw=51,experts=[0,1,4,5,6]; c29:bw=46,experts=[1,4,5,6]; c21:bw=37,experts=[0,4,7]; c26:bw=39,experts=[4,5,6]; c13:bw=10,experts=[1]; c23:bw=10,experts=[4]; c20:bw=62,experts=[0,1,2,4,5,6]; c16:bw=44,experts=[0,1,4,6]; c6:bw=36,experts=[0,4,6]; c15:bw=27,experts=[4,7]; c9:bw=61,experts=[0,1,2,4,5,6]; c14:bw=34,experts=[3,4,6]; c25:bw=44,experts=[1,4,5,6]; c12:bw=45,experts=[2,4,5,6]; c8:bw=22,experts=[4,6]","2.5509,2.7778,1.5840,4.0277,2.2310,2.3597,2.2215,1.7663,3.0129,2.1443,2.0347,2.6739,3.3492,1.5724,1.8871,1.8037,4.2439,1.5092,1.5373,2.2451,1.8604,2.8086,2.4893,1.6309,1.6913,1.9330,1.8697,2.8196,2.4637,1.6658"
54,2026-09-24 20:55:55,Ours,0.01,1.9991962444237574,47.77,47.77,54,76.9065,1:16.91,68.8809,6.6732,1.3449,4144.8535,1:09:04.85,30,"17,22,21,29,18,13,24,19,20,9,0,25,15,8,5,26,3,16,14,6,27,7,10,4,28,1,12,11,2,23",17:27;22:16;21:71;29:44;18:33;13:55;24:80;19:21;20:52;9:50;0:37;25:57;15:32;8:55;5:10;26:37;3:30;16:10;14:33;6:54;27:46;7:61;10:10;4:32;28:48;1:53;12:74;11:58;2:10;23:40,"17:[4,6];22:[4];21:[0,1,2,4,5,6,7];29:[0,4,5,6];18:[0,4,6];13:[0,2,4,5,6];24:[0,1,2,3,4,5,6,7];19:[4,6];20:[0,1,4,5,6];9:[0,2,4,5,6];0:[1,4,6];25:[0,1,4,5,6];15:[4,5,6];8:[0,1,4,5,6];5:[4];26:[1,4,6];3:[4,5,6];16:[4];14:[1,4,6];6:[0,2,4,5,6];27:[0,4,5,6];7:[0,1,2,4,5,6];10:[7];4:[2,4,6];28:[4,5,6,7];1:[0,1,4,5,6];12:[0,1,2,4,5,6,7];11:[0,2,4,5,6];2:[4];23:[0,4,5,6]","c17:bw=27,experts=[4,6]; c22:bw=16,experts=[4]; c21:bw=71,experts=[0,1,2,4,5,6,7]; c29:bw=44,experts=[0,4,5,6]; c18:bw=33,experts=[0,4,6]; c13:bw=55,experts=[0,2,4,5,6]; c24:bw=80,experts=[0,1,2,3,4,5,6,7]; c19:bw=21,experts=[4,6]; c20:bw=52,experts=[0,1,4,5,6]; c9:bw=50,experts=[0,2,4,5,6]; c0:bw=37,experts=[1,4,6]; c25:bw=57,experts=[0,1,4,5,6]; c15:bw=32,experts=[4,5,6]; c8:bw=55,experts=[0,1,4,5,6]; c5:bw=10,experts=[4]; c26:bw=37,experts=[1,4,6]; c3:bw=30,experts=[4,5,6]; c16:bw=10,experts=[4]; c14:bw=33,experts=[1,4,6]; c6:bw=54,experts=[0,2,4,5,6]; c27:bw=46,experts=[0,4,5,6]; c7:bw=61,experts=[0,1,2,4,5,6]; c10:bw=10,experts=[7]; c4:bw=32,experts=[2,4,6]; c28:bw=48,experts=[4,5,6,7]; c1:bw=53,experts=[0,1,4,5,6]; c12:bw=74,experts=[0,1,2,4,5,6,7]; c11:bw=58,experts=[0,2,4,5,6]; c2:bw=10,experts=[4]; c23:bw=40,experts=[0,4,5,6]","2.6866,2.2525,1.5302,4.2309,2.3532,2.2977,1.7499,2.0560,2.8123,1.9402,1.5958,2.7943,1.6718,1.6887,4.0221,1.5320,2.1449,2.4743,1.8660,1.6461,2.5684,1.8513,3.3159,2.7992,2.2014,1.5766,2.5175,3.0325,1.8014,1.8712"
55,2026-09-24 20:57:11,Ours,0.01,2.0105404892168943,47.57,47.77,54,76.7309,1:16.73,68.8072,6.5867,1.3298,4221.6146,1:10:21.61,30,"22,27,7,28,1,23,5,18,26,10,0,4,3,25,8,24,9,14,21,15,11,20,16,19,13,6,2,17,29,12",22:47;27:27;7:54;28:57;1:60;23:10;5:53;18:70;26:33;10:57;0:27;4:14;3:52;25:26;8:14;24:16;9:62;14:33;21:10;15:30;11:40;20:35;16:57;19:60;13:24;6:42;2:41;17:39;29:26;12:62,"22:[0,1,2,5];27:[4,6];7:[0,1,2,4,6];28:[0,1,4,5,6];1:[0,1,2,4,5,6];23:[7];5:[0,1,4,6,7];18:[0,1,2,4,5,6,7];26:[1,4,6];10:[1,2,4,5,6];0:[4,6];4:[4];3:[2,4,5,6,7];25:[4,6];8:[4];24:[4];9:[0,1,2,4,5,6];14:[4,5,6];21:[4];15:[0,4,6];11:[0,4,5,6];20:[4,5,6];16:[0,2,4,5,6];19:[0,1,2,4,5,6];13:[4,6];6:[0,4,5,6];2:[0,4,5,6];17:[4,6,7];29:[4,6];12:[0,1,2,4,5,6]","c22:bw=47,experts=[0,1,2,5]; c27:bw=27,experts=[4,6]; c7:bw=54,experts=[0,1,2,4,6]; c28:bw=57,experts=[0,1,4,5,6]; c1:bw=60,experts=[0,1,2,4,5,6]; c23:bw=10,experts=[7]; c5:bw=53,experts=[0,1,4,6,7]; c18:bw=70,experts=[0,1,2,4,5,6,7]; c26:bw=33,experts=[1,4,6]; c10:bw=57,experts=[1,2,4,5,6]; c0:bw=27,experts=[4,6]; c4:bw=14,experts=[4]; c3:bw=52,experts=[2,4,5,6,7]; c25:bw=26,experts=[4,6]; c8:bw=14,experts=[4]; c24:bw=16,experts=[4]; c9:bw=62,experts=[0,1,2,4,5,6]; c14:bw=33,experts=[4,5,6]; c21:bw=10,experts=[4]; c15:bw=30,experts=[0,4,6]; c11:bw=40,experts=[0,4,5,6]; c20:bw=35,experts=[4,5,6]; c16:bw=57,experts=[0,2,4,5,6]; c19:bw=60,experts=[0,1,2,4,5,6]; c13:bw=24,experts=[4,6]; c6:bw=42,experts=[0,4,5,6]; c2:bw=41,experts=[0,4,5,6]; c17:bw=39,experts=[4,6,7]; c29:bw=26,experts=[4,6]; c12:bw=62,experts=[0,1,2,4,5,6]","2.2462,2.5470,1.9015,2.2349,1.5873,1.8581,4.0536,2.3788,1.5135,3.3443,1.5782,2.8492,2.1354,2.7911,1.7094,1.7331,1.9148,1.8638,1.4946,1.6870,3.0096,2.8000,2.4932,2.0806,2.2486,1.6585,1.7733,2.6874,4.1733,2.4609"
56,2026-09-24 20:58:28,Ours,0.01,2.0330776753085575,48.25,48.25,56,76.2792,1:16.28,68.5475,6.3899,1.3388,4297.9226,1:11:37.92,30,"9,25,26,28,2,27,19,12,22,1,21,7,6,5,18,10,17,29,11,3,16,23,8,14,13,20,0,15,24,4",9:52;25:37;26:37;28:24;2:53;27:43;19:10;12:38;22:29;1:56;21:49;7:18;6:23;5:31;18:54;10:20;17:10;29:53;11:26;3:10;16:42;23:41;8:13;14:42;13:18;20:52;0:70;15:35;24:33;4:10,"9:[3,4,5,6,7];25:[4,5,6];26:[3,4,6];28:[3,4];2:[3,4,5,6,7];27:[3,4,6,7];19:[3];12:[4,5,6];22:[3,4];1:[0,3,4,5,6];21:[3,4,5,6];7:[3];6:[3,4];5:[3,4,6];18:[0,3,4,5,6];10:[3,4];17:[2];29:[3,4,5,6,7];11:[3,4];3:[4];16:[0,3,4,6];23:[0,4,5,6];8:[3];14:[4,5,6,7];13:[3];20:[0,4,5,6,7];0:[0,1,2,3,4,5,6];15:[3,4,6];24:[4,5,6];4:[1]","c9:bw=52,experts=[3,4,5,6,7]; c25:bw=37,experts=[4,5,6]; c26:bw=37,experts=[3,4,6]; c28:bw=24,experts=[3,4]; c2:bw=53,experts=[3,4,5,6,7]; c27:bw=43,experts=[3,4,6,7]; c19:bw=10,experts=[3]; c12:bw=38,experts=[4,5,6]; c22:bw=29,experts=[3,4]; c1:bw=56,experts=[0,3,4,5,6]; c21:bw=49,experts=[3,4,5,6]; c7:bw=18,experts=[3]; c6:bw=23,experts=[3,4]; c5:bw=31,experts=[3,4,6]; c18:bw=54,experts=[0,3,4,5,6]; c10:bw=20,experts=[3,4]; c17:bw=10,experts=[2]; c29:bw=53,experts=[3,4,5,6,7]; c11:bw=26,experts=[3,4]; c3:bw=10,experts=[4]; c16:bw=42,experts=[0,3,4,6]; c23:bw=41,experts=[0,4,5,6]; c8:bw=13,experts=[3]; c14:bw=42,experts=[4,5,6,7]; c13:bw=18,experts=[3]; c20:bw=52,experts=[0,4,5,6,7]; c0:bw=70,experts=[0,1,2,3,4,5,6]; c15:bw=35,experts=[3,4,6]; c24:bw=33,experts=[4,5,6]; c4:bw=10,experts=[1]","1.9310,2.8052,1.5297,2.2188,1.8072,2.5448,2.0182,2.4682,2.2514,1.5481,1.5128,1.8561,1.6339,4.0218,2.3858,3.3369,2.6634,4.1961,2.9632,2.1180,2.4844,1.8624,1.6709,1.8627,2.2359,2.7900,1.6116,1.6853,1.7455,2.7880"
57,2026-09-24 20:59:44,Ours,0.01,1.9584304730596445,48.69,48.69,57,76.6614,1:16.66,68.6986,6.6229,1.3368,4374.613,1:12:54.61,30,"11,7,24,15,25,22,23,28,26,3,19,29,0,6,14,27,17,4,5,2,16,8,1,10,9,13,12,18,20,21",11:26;7:69;24:44;15:36;25:42;22:39;23:45;28:19;26:26;3:64;19:44;29:67;0:70;6:48;14:36;27:10;17:52;4:41;5:44;2:33;16:33;8:43;1:49;10:58;9:19;13:31;12:17;18:44;20:56;21:32,"11:[4,7];7:[0,1,2,4,5,6];24:[1,4,5,6];15:[0,4,6];25:[3,4,6,7];22:[4,5,6];23:[2,4,5,6];28:[4];26:[4,7];3:[0,1,2,4,5,6];19:[4,5,6,7];29:[0,1,2,4,5,6];0:[0,1,2,4,5,6,7];6:[0,4,5,6];14:[0,4,6];27:[4];17:[0,3,4,5,6];4:[0,3,4,5];5:[2,4,5,6];2:[1,4,6];16:[4,5,6];8:[4,5,6,7];1:[1,4,6,7];10:[0,1,4,5,6];9:[4];13:[4,6,7];12:[4];18:[1,4,5,6];20:[0,1,4,5,6];21:[1,4,6]","c11:bw=26,experts=[4,7]; c7:bw=69,experts=[0,1,2,4,5,6]; c24:bw=44,experts=[1,4,5,6]; c15:bw=36,experts=[0,4,6]; c25:bw=42,experts=[3,4,6,7]; c22:bw=39,experts=[4,5,6]; c23:bw=45,experts=[2,4,5,6]; c28:bw=19,experts=[4]; c26:bw=26,experts=[4,7]; c3:bw=64,experts=[0,1,2,4,5,6]; c19:bw=44,experts=[4,5,6,7]; c29:bw=67,experts=[0,1,2,4,5,6]; c0:bw=70,experts=[0,1,2,4,5,6,7]; c6:bw=48,experts=[0,4,5,6]; c14:bw=36,experts=[0,4,6]; c27:bw=10,experts=[4]; c17:bw=52,experts=[0,3,4,5,6]; c4:bw=41,experts=[0,3,4,5]; c5:bw=44,experts=[2,4,5,6]; c2:bw=33,experts=[1,4,6]; c16:bw=33,experts=[4,5,6]; c8:bw=43,experts=[4,5,6,7]; c1:bw=49,experts=[1,4,6,7]; c10:bw=58,experts=[0,1,4,5,6]; c9:bw=19,experts=[4]; c13:bw=31,experts=[4,6,7]; c12:bw=17,experts=[4]; c18:bw=44,experts=[1,4,5,6]; c20:bw=56,experts=[0,1,4,5,6]; c21:bw=32,experts=[1,4,6]","3.0184,1.8722,1.7416,1.6596,2.7676,2.2399,1.8604,2.1748,1.5166,2.1642,2.0472,4.2479,1.5766,1.6546,1.8723,2.5356,2.7085,2.8093,4.0415,1.7945,2.4859,1.6855,1.5550,3.3518,1.9359,2.2684,2.4432,2.3443,2.8012,1.5238"
58,2026-09-24 21:01:01,Ours,0.01,1.9709315925761892,48.9,48.9,58,76.8174,1:16.82,68.9482,6.5292,1.337,4451.4593,1:14:11.46,30,"25,6,18,9,0,22,20,17,24,19,15,11,29,26,7,21,10,1,4,13,3,8,14,28,12,5,27,2,23,16",25:39;6:55;18:50;9:57;0:47;22:61;20:53;17:12;24:10;19:43;15:38;11:47;29:38;26:34;7:24;21:73;10:43;1:30;4:38;13:40;3:61;8:40;14:22;28:10;12:29;5:35;27:36;2:10;23:30;16:42,"25:[4,5,6];6:[0,2,4,5,6];18:[0,1,4,5,6];9:[0,1,4,5,6];0:[0,4,5,6];22:[0,1,2,4,5,6];20:[0,1,4,5,6];17:[1];24:[4];19:[0,4,5,6];15:[4,5,6];11:[0,4,5,6];29:[4,5,6];26:[4,5,6];7:[4,6];21:[0,1,2,4,5,6,7];10:[0,4,5,6];1:[4,5,6];4:[4,5,6];13:[0,4,5,6];3:[0,2,3,4,5,6];8:[0,4,5,6];14:[4,6];28:[4];12:[4,6];5:[4,5,6];27:[2,4,6];2:[2];23:[1,4,6];16:[0,1,4,6]","c25:bw=39,experts=[4,5,6]; c6:bw=55,experts=[0,2,4,5,6]; c18:bw=50,experts=[0,1,4,5,6]; c9:bw=57,experts=[0,1,4,5,6]; c0:bw=47,experts=[0,4,5,6]; c22:bw=61,experts=[0,1,2,4,5,6]; c20:bw=53,experts=[0,1,4,5,6]; c17:bw=12,experts=[1]; c24:bw=10,experts=[4]; c19:bw=43,experts=[0,4,5,6]; c15:bw=38,experts=[4,5,6]; c11:bw=47,experts=[0,4,5,6]; c29:bw=38,experts=[4,5,6]; c26:bw=34,experts=[4,5,6]; c7:bw=24,experts=[4,6]; c21:bw=73,experts=[0,1,2,4,5,6,7]; c10:bw=43,experts=[0,4,5,6]; c1:bw=30,experts=[4,5,6]; c4:bw=38,experts=[4,5,6]; c13:bw=40,experts=[0,4,5,6]; c3:bw=61,experts=[0,2,3,4,5,6]; c8:bw=40,experts=[0,4,5,6]; c14:bw=22,experts=[4,6]; c28:bw=10,experts=[4]; c12:bw=29,experts=[4,6]; c5:bw=35,experts=[4,5,6]; c27:bw=36,experts=[2,4,6]; c2:bw=10,experts=[2]; c23:bw=30,experts=[1,4,6]; c16:bw=42,experts=[0,1,4,6]","2.8130,1.6587,2.4006,2.0089,1.5938,2.2847,2.8465,2.6758,1.7514,2.0585,1.6693,3.0181,4.1956,1.5238,1.8379,1.5152,3.3416,1.5653,2.8002,2.2974,2.1834,1.6825,1.8565,2.1743,2.4622,4.0519,2.5484,1.7752,1.8782,2.4793"
59,2026-09-24 21:02:18,Ours,0.01,1.9496701122804445,49.39,49.39,59,76.6081,1:16.61,68.9111,6.3671,1.3268,4528.0967,1:15:28.10,30,"19,6,3,13,25,8,20,29,9,2,28,27,0,16,18,11,12,21,22,24,17,15,4,7,5,14,23,1,26,10",19:14;6:19;3:35;13:13;25:57;8:56;20:68;29:55;9:28;2:37;28:19;27:34;0:52;16:23;18:10;11:34;12:47;21:29;22:43;24:36;17:55;15:50;4:26;7:28;5:32;14:40;23:36;1:65;26:43;10:26,"19:[4];6:[1];3:[0,4,6];13:[4];25:[0,2,4,5,6];8:[0,2,4,5,6];20:[0,1,2,4,5,6];29:[0,1,4,5,6];9:[4,6];2:[4,5,6];28:[4];27:[4,5,6];0:[0,1,4,5,6];16:[4,6];18:[4];11:[4,5,6];12:[0,4,5,6];21:[4,6];22:[0,4,5,6];24:[4,5,6];17:[0,1,4,5,6];15:[0,1,4,5,6];4:[4,6];7:[4,6];5:[1,4,6];14:[0,4,5,6];23:[3,4,6];1:[0,1,2,4,5,6];26:[1,4,5,6];10:[4,6]","c19:bw=14,experts=[4]; c6:bw=19,experts=[1]; c3:bw=35,experts=[0,4,6]; c13:bw=13,experts=[4]; c25:bw=57,experts=[0,2,4,5,6]; c8:bw=56,experts=[0,2,4,5,6]; c20:bw=68,experts=[0,1,2,4,5,6]; c29:bw=55,experts=[0,1,4,5,6]; c9:bw=28,experts=[4,6]; c2:bw=37,experts=[4,5,6]; c28:bw=19,experts=[4]; c27:bw=34,experts=[4,5,6]; c0:bw=52,experts=[0,1,4,5,6]; c16:bw=23,experts=[4,6]; c18:bw=10,experts=[4]; c11:bw=34,experts=[4,5,6]; c12:bw=47,experts=[0,4,5,6]; c21:bw=29,experts=[4,6]; c22:bw=43,experts=[0,4,5,6]; c24:bw=36,experts=[4,5,6]; c17:bw=55,experts=[0,1,4,5,6]; c15:bw=50,experts=[0,1,4,5,6]; c4:bw=26,experts=[4,6]; c7:bw=28,experts=[4,6]; c5:bw=32,experts=[1,4,6]; c14:bw=40,experts=[0,4,5,6]; c23:bw=36,experts=[3,4,6]; c1:bw=65,experts=[0,1,2,4,5,6]; c26:bw=43,experts=[1,4,5,6]; c10:bw=26,experts=[4,6]","2.0564,1.6267,2.1532,2.2692,2.8727,1.7024,2.8171,4.2208,1.9212,1.8012,2.1929,2.5328,1.5941,2.4790,2.3737,3.0127,2.4819,1.5011,2.2338,1.7504,2.7167,1.6787,2.8079,1.8553,4.0602,1.9371,1.8594,1.5577,1.5259,3.3189"
60,2026-09-24 21:03:36,Ours,0.01,1.9449462901539112,50.23,50.23,60,77.8398,1:17.84,69.8996,6.617,1.32,4605.9665,1:16:45.97,30,"14,25,11,26,28,1,13,17,24,16,2,29,19,20,21,4,6,5,3,9,22,10,12,8,27,0,7,15,18,23",14:42;25:45;11:40;26:41;28:35;1:54;13:59;17:39;24:26;16:63;2:30;29:30;19:60;20:78;21:37;4:30;6:59;5:33;3:44;9:10;22:45;10:10;12:16;8:24;27:27;0:53;7:48;15:51;18:26;23:55,"14:[2,4,5,6];25:[1,4,5,6];11:[1,4,5,6];26:[0,2,4,6];28:[4,5,6];1:[0,1,4,5,6];13:[0,1,4,5,6];17:[4,5,6];24:[4,6];16:[0,1,4,5,6,7];2:[4,5,6];29:[4,5,6];19:[0,1,2,4,5,6];20:[0,1,2,3,4,5,6];21:[4,5,6];4:[4,6,7];6:[0,1,4,6,7];5:[4,5,6];3:[0,1,4,6];9:[4];22:[4,5,6,7];10:[4];12:[3];8:[4,6];27:[4,6];0:[0,1,4,5,6];7:[1,4,6,7];15:[0,2,4,5,6];18:[4,6];23:[0,1,2,4,6]","c14:bw=42,experts=[2,4,5,6]; c25:bw=45,experts=[1,4,5,6]; c11:bw=40,experts=[1,4,5,6]; c26:bw=41,experts=[0,2,4,6]; c28:bw=35,experts=[4,5,6]; c1:bw=54,experts=[0,1,4,5,6]; c13:bw=59,experts=[0,1,4,5,6]; c17:bw=39,experts=[4,5,6]; c24:bw=26,experts=[4,6]; c16:bw=63,experts=[0,1,4,5,6,7]; c2:bw=30,experts=[4,5,6]; c29:bw=30,experts=[4,5,6]; c19:bw=60,experts=[0,1,2,4,5,6]; c20:bw=78,experts=[0,1,2,3,4,5,6]; c21:bw=37,experts=[4,5,6]; c4:bw=30,experts=[4,6,7]; c6:bw=59,experts=[0,1,4,6,7]; c5:bw=33,experts=[4,5,6]; c3:bw=44,experts=[0,1,4,6]; c9:bw=10,experts=[4]; c22:bw=45,experts=[4,5,6,7]; c10:bw=10,experts=[4]; c12:bw=16,experts=[3]; c8:bw=24,experts=[4,6]; c27:bw=27,experts=[4,6]; c0:bw=53,experts=[0,1,4,5,6]; c7:bw=48,experts=[1,4,6,7]; c15:bw=51,experts=[0,2,4,5,6]; c18:bw=26,experts=[4,6]; c23:bw=55,experts=[0,1,2,4,6]","1.9029,3.0369,3.1245,1.6008,2.2625,1.5964,2.4278,2.7508,1.8034,2.6005,1.8145,4.2245,2.0450,2.8614,1.5128,2.8607,1.6476,4.0925,2.1474,1.9288,2.2665,3.3290,2.4600,1.6631,2.5575,1.5949,1.8607,1.6848,2.3643,1.8769"
61,2026-09-24 21:04:53,Ours,0.01,1.9441197980295197,50.63,50.63,61,76.8575,1:16.86,69.0444,6.4734,1.3365,4682.8546,1:18:02.85,30,"0,14,29,20,18,3,21,10,4,19,22,9,27,24,17,5,15,2,25,26,7,23,8,16,13,12,1,6,11,28",0:60;14:38;29:13;20:58;18:50;3:43;21:59;10:11;4:38;19:52;22:12;9:38;27:50;24:39;17:46;5:49;15:16;2:29;25:59;26:17;7:43;23:28;8:55;16:38;13:34;12:27;1:33;6:37;11:39;28:19,"0:[0,1,2,4,5,6];14:[3,4,6];29:[4];20:[0,1,4,5,6];18:[0,1,4,5,6];3:[0,4,5,6];21:[0,2,4,5,6];10:[4];4:[4,5,6];19:[0,2,4,5,6];22:[4];9:[4,5,6];27:[0,1,4,5,6];24:[0,4,6];17:[0,4,5,6];5:[0,4,5,6];15:[7];2:[4,6];25:[0,1,4,5,6];26:[4];7:[0,4,5,6];23:[4,6];8:[0,2,4,5,6];16:[1,4,6];13:[1,4,6];12:[4,6];1:[4,5,6];6:[4,5,6];11:[4,5,6];28:[2]","c0:bw=60,experts=[0,1,2,4,5,6]; c14:bw=38,experts=[3,4,6]; c29:bw=13,experts=[4]; c20:bw=58,experts=[0,1,4,5,6]; c18:bw=50,experts=[0,1,4,5,6]; c3:bw=43,experts=[0,4,5,6]; c21:bw=59,experts=[0,2,4,5,6]; c10:bw=11,experts=[4]; c4:bw=38,experts=[4,5,6]; c19:bw=52,experts=[0,2,4,5,6]; c22:bw=12,experts=[4]; c9:bw=38,experts=[4,5,6]; c27:bw=50,experts=[0,1,4,5,6]; c24:bw=39,experts=[0,4,6]; c17:bw=46,experts=[0,4,5,6]; c5:bw=49,experts=[0,4,5,6]; c15:bw=16,experts=[7]; c2:bw=29,experts=[4,6]; c25:bw=59,experts=[0,1,4,5,6]; c26:bw=17,experts=[4]; c7:bw=43,experts=[0,4,5,6]; c23:bw=28,experts=[4,6]; c8:bw=55,experts=[0,2,4,5,6]; c16:bw=38,experts=[1,4,6]; c13:bw=34,experts=[1,4,6]; c12:bw=27,experts=[4,6]; c1:bw=33,experts=[4,5,6]; c6:bw=37,experts=[4,5,6]; c11:bw=39,experts=[4,5,6]; c28:bw=19,experts=[2]","1.6160,1.9042,4.2311,2.8612,2.3686,2.1479,1.5398,3.3536,2.8266,2.0835,2.2717,1.9262,2.5543,1.7478,2.7105,4.0634,1.6752,1.7857,2.8307,1.5066,1.8459,1.8737,1.6815,2.4738,2.2691,2.4872,1.5584,1.6397,3.0134,2.1970"
62,2026-09-24 21:06:10,Ours,0.01,1.9504647109813849,50.17,50.63,61,77.0246,1:17.02,69.2023,6.5006,1.3185,4759.9107,1:19:19.91,30,"24,12,4,1,8,18,7,19,5,22,6,25,15,2,10,3,27,14,13,20,17,23,0,29,9,28,21,11,16,26",24:37;12:11;4:60;1:75;8:13;18:26;7:44;19:42;5:67;22:13;6:62;25:65;15:46;2:42;10:21;3:53;27:36;14:14;13:30;20:31;17:19;23:44;0:28;29:52;9:16;28:46;21:33;11:36;16:26;26:49,"24:[2,3,7];12:[7];4:[0,1,2,4,5,6];1:[0,1,2,4,5,6,7];8:[1];18:[4,6];7:[0,4,5,6];19:[0,1,4,6];5:[0,1,2,4,5,6];22:[4];6:[0,1,2,4,5,6];25:[0,1,2,4,5,6];15:[0,4,5,6];2:[0,4,5,6];10:[4,7];3:[0,1,4,5,6];27:[4,5,6];14:[1];13:[2,4,6];20:[4,5,6];17:[4];23:[0,4,5,6];0:[4,6];29:[0,1,4,5,6];9:[4];28:[1,4,6,7];21:[4,5,6];11:[2,4,6];16:[4,6];26:[0,4,5,6]","c24:bw=37,experts=[2,3,7]; c12:bw=11,experts=[7]; c4:bw=60,experts=[0,1,2,4,5,6]; c1:bw=75,experts=[0,1,2,4,5,6,7]; c8:bw=13,experts=[1]; c18:bw=26,experts=[4,6]; c7:bw=44,experts=[0,4,5,6]; c19:bw=42,experts=[0,1,4,6]; c5:bw=67,experts=[0,1,2,4,5,6]; c22:bw=13,experts=[4]; c6:bw=62,experts=[0,1,2,4,5,6]; c25:bw=65,experts=[0,1,2,4,5,6]; c15:bw=46,experts=[0,4,5,6]; c2:bw=42,experts=[0,4,5,6]; c10:bw=21,experts=[4,7]; c3:bw=53,experts=[0,1,4,5,6]; c27:bw=36,experts=[4,5,6]; c14:bw=14,experts=[1]; c13:bw=30,experts=[2,4,6]; c20:bw=31,experts=[4,5,6]; c17:bw=19,experts=[4]; c23:bw=44,experts=[0,4,5,6]; c0:bw=28,experts=[4,6]; c29:bw=52,experts=[0,1,4,5,6]; c9:bw=16,experts=[4]; c28:bw=46,experts=[1,4,6,7]; c21:bw=33,experts=[4,5,6]; c11:bw=36,experts=[2,4,6]; c16:bw=26,experts=[4,6]; c26:bw=49,experts=[0,4,5,6]","1.7345,2.4482,2.8436,1.5929,1.6993,2.3926,1.9128,2.0701,4.0873,2.2335,1.6859,2.8309,1.7056,1.8022,3.3420,2.1823,2.5706,1.8892,2.2692,2.7955,2.6985,1.8921,1.5678,4.2246,1.9429,2.1972,1.5080,3.0349,2.5050,1.5431"
63,2026-09-24 21:07:27,Ours,0.01,1.9049125272226546,49.93,50.63,61,76.9379,1:16.94,68.9483,6.675,1.3114,4836.8805,1:20:36.88,30,"9,23,17,18,15,11,22,21,4,7,0,24,25,19,5,26,28,20,27,10,14,6,8,12,2,16,3,29,13,1",9:21;23:26;17:37;18:47;15:61;11:45;22:80;21:31;4:52;7:68;0:41;24:33;25:61;19:34;5:10;26:44;28:38;20:51;27:34;10:27;14:41;6:34;8:32;12:51;2:28;16:58;3:52;29:10;13:58;1:50,"9:[2,4];23:[4,7];17:[4,6,7];18:[2,4,6,7];15:[0,1,2,4,5,6];11:[0,4,5,6];22:[0,1,2,3,4,5,6,7];21:[4,5,6];4:[0,1,4,5,6];7:[0,1,2,4,5,6];0:[0,4,5,6];24:[4,5,6];25:[0,1,2,4,5,6];19:[4,5,6];5:[7];26:[0,4,5,6];28:[0,4,6];20:[0,1,4,5,6];27:[4,5,6];10:[2,4];14:[0,1,4,6];6:[0,4,6];8:[4,5,6];12:[0,1,2,4,6];2:[4,6];16:[0,1,2,4,6];3:[0,4,5,6,7];29:[4];13:[0,1,4,5,6];1:[0,1,4,5,6]","c9:bw=21,experts=[2,4]; c23:bw=26,experts=[4,7]; c17:bw=37,experts=[4,6,7]; c18:bw=47,experts=[2,4,6,7]; c15:bw=61,experts=[0,1,2,4,5,6]; c11:bw=45,experts=[0,4,5,6]; c22:bw=80,experts=[0,1,2,3,4,5,6,7]; c21:bw=31,experts=[4,5,6]; c4:bw=52,experts=[0,1,4,5,6]; c7:bw=68,experts=[0,1,2,4,5,6]; c0:bw=41,experts=[0,4,5,6]; c24:bw=33,experts=[4,5,6]; c25:bw=61,experts=[0,1,2,4,5,6]; c19:bw=34,experts=[4,5,6]; c5:bw=10,experts=[7]; c26:bw=44,experts=[0,4,5,6]; c28:bw=38,experts=[0,4,6]; c20:bw=51,experts=[0,1,4,5,6]; c27:bw=34,experts=[4,5,6]; c10:bw=27,experts=[2,4]; c14:bw=41,experts=[0,1,4,6]; c6:bw=34,experts=[0,4,6]; c8:bw=32,experts=[4,5,6]; c12:bw=51,experts=[0,1,2,4,6]; c2:bw=28,experts=[4,6]; c16:bw=58,experts=[0,1,2,4,6]; c3:bw=52,experts=[0,4,5,6,7]; c29:bw=10,experts=[4]; c13:bw=58,experts=[0,1,4,5,6]; c1:bw=50,experts=[0,1,4,5,6]","1.9379,1.8945,2.6860,2.3722,1.7097,3.0369,2.2701,1.5124,2.8120,1.8816,1.5912,1.7549,2.8150,2.0570,4.0719,1.5389,2.2006,2.8190,2.5370,3.3278,1.8771,1.6597,1.6633,2.4731,1.7884,2.4869,2.1502,4.1909,2.2729,1.5592"
64,2026-09-24 21:08:44,Ours,0.01,1.95954060017413,50.38,50.63,61,76.9948,1:16.99,69.2526,6.4149,1.324,4913.907,1:21:53.91,30,"9,18,12,3,22,24,21,6,13,29,27,8,20,7,10,15,19,23,17,11,16,28,1,14,5,25,0,26,2,4",9:59;18:37;12:27;3:38;22:58;24:12;21:47;6:50;13:42;29:19;27:25;8:53;20:39;7:34;10:49;15:59;19:10;23:55;17:10;11:57;16:16;28:15;1:28;14:46;5:24;25:66;0:32;26:26;2:56;4:38,"9:[0,3,4,6,7];18:[3,4,6];12:[4,6];3:[0,4,6];22:[0,1,4,5,6];24:[4];21:[3,4,5,6];6:[0,3,4,5,6];13:[3,4,5,6];29:[3];27:[3,7];8:[0,3,4,5,6];20:[4,6,7];7:[3,4,6];10:[0,3,4,6];15:[0,3,4,5,6];19:[3];23:[0,1,4,5,6];17:[2];11:[0,3,4,5,6];16:[3];28:[3];1:[3,4];14:[0,4,6,7];5:[3,4];25:[0,1,2,4,5,6];0:[3,4,6];26:[3,4];2:[3,4,5,6,7];4:[0,4,6]","c9:bw=59,experts=[0,3,4,6,7]; c18:bw=37,experts=[3,4,6]; c12:bw=27,experts=[4,6]; c3:bw=38,experts=[0,4,6]; c22:bw=58,experts=[0,1,4,5,6]; c24:bw=12,experts=[4]; c21:bw=47,experts=[3,4,5,6]; c6:bw=50,experts=[0,3,4,5,6]; c13:bw=42,experts=[3,4,5,6]; c29:bw=19,experts=[3]; c27:bw=25,experts=[3,7]; c8:bw=53,experts=[0,3,4,5,6]; c20:bw=39,experts=[4,6,7]; c7:bw=34,experts=[3,4,6]; c10:bw=49,experts=[0,3,4,6]; c15:bw=59,experts=[0,3,4,5,6]; c19:bw=10,experts=[3]; c23:bw=55,experts=[0,1,4,5,6]; c17:bw=10,experts=[2]; c11:bw=57,experts=[0,3,4,5,6]; c16:bw=16,experts=[3]; c28:bw=15,experts=[3]; c1:bw=28,experts=[3,4]; c14:bw=46,experts=[0,4,6,7]; c5:bw=24,experts=[3,4]; c25:bw=66,experts=[0,1,2,4,5,6]; c0:bw=32,experts=[3,4,6]; c26:bw=26,experts=[3,4]; c2:bw=56,experts=[3,4,5,6,7]; c4:bw=38,experts=[0,4,6]","1.9648,2.3987,2.4989,2.1999,2.2633,1.7603,1.5302,1.6621,2.2687,4.2366,2.5737,1.7015,2.7884,1.8555,3.3567,1.7003,2.0509,1.9078,2.6728,3.0534,2.4546,2.2120,1.5533,1.8694,4.0432,2.8380,1.6198,1.5169,1.8796,2.8214"
65,2026-09-24 21:10:00,Ours,0.01,1.9001329696559865,51.72,51.72,65,76.6948,1:16.69,68.8899,6.4584,1.3406,4990.6331,1:23:10.63,30,"26,7,10,18,0,27,24,1,9,4,12,21,17,15,5,8,3,29,16,6,22,14,13,19,2,25,23,20,11,28",26:29;7:10;10:26;18:18;0:41;27:30;24:55;1:58;9:47;4:57;12:44;21:42;17:26;15:38;5:29;8:66;3:42;29:10;16:45;6:50;22:51;14:45;13:48;19:28;2:28;25:64;23:10;20:35;11:10;28:31,"26:[4,7];7:[4];10:[1,4];18:[4];0:[4,5,6,7];27:[4,5,6];24:[0,1,4,5,6];1:[0,1,4,5,6];9:[0,4,5,6];4:[0,3,4,5,6];12:[0,4,5,6];21:[0,4,5,6];17:[3,4];15:[0,4,6];5:[4,6];8:[0,2,4,5,6,7];3:[0,4,5,6];29:[7];16:[0,4,5,6];6:[0,2,4,5,6];22:[1,2,4,5,6];14:[0,4,5,6];13:[4,5,6,7];19:[4,7];2:[1,4];25:[1,3,4,5,6,7];23:[4];20:[4,5,6];11:[7];28:[4,5,6]","c26:bw=29,experts=[4,7]; c7:bw=10,experts=[4]; c10:bw=26,experts=[1,4]; c18:bw=18,experts=[4]; c0:bw=41,experts=[4,5,6,7]; c27:bw=30,experts=[4,5,6]; c24:bw=55,experts=[0,1,4,5,6]; c1:bw=58,experts=[0,1,4,5,6]; c9:bw=47,experts=[0,4,5,6]; c4:bw=57,experts=[0,3,4,5,6]; c12:bw=44,experts=[0,4,5,6]; c21:bw=42,experts=[0,4,5,6]; c17:bw=26,experts=[3,4]; c15:bw=38,experts=[0,4,6]; c5:bw=29,experts=[4,6]; c8:bw=66,experts=[0,2,4,5,6,7]; c3:bw=42,experts=[0,4,5,6]; c29:bw=10,experts=[7]; c16:bw=45,experts=[0,4,5,6]; c6:bw=50,experts=[0,2,4,5,6]; c22:bw=51,experts=[1,2,4,5,6]; c14:bw=45,experts=[0,4,5,6]; c13:bw=48,experts=[4,5,6,7]; c19:bw=28,experts=[4,7]; c2:bw=28,experts=[1,4]; c25:bw=64,experts=[1,3,4,5,6,7]; c23:bw=10,experts=[4]; c20:bw=35,experts=[4,5,6]; c11:bw=10,experts=[7]; c28:bw=31,experts=[4,5,6]","1.5366,1.8600,3.3510,2.3821,1.5963,2.5941,1.7745,1.5795,1.9399,2.8143,2.4779,1.5338,2.6981,1.6589,4.0346,1.6898,2.1411,4.1895,2.4933,1.6432,2.2293,1.8686,2.2763,2.0456,1.7829,2.8145,1.8674,2.8108,3.0009,2.2050"
66,2026-09-24 21:11:17,Ours,0.01,1.8756496081959457,52.11,52.11,66,77.0581,1:17.06,69.0953,6.6309,1.3287,5067.7237,1:24:27.72,30,"15,2,4,6,9,18,1,26,19,22,3,23,21,27,28,11,16,20,24,7,8,25,0,12,10,5,14,13,17,29",15:50;2:41;4:41;6:30;9:31;18:24;1:54;26:54;19:56;22:69;3:66;23:14;21:41;27:42;28:68;11:10;16:59;20:52;24:30;7:50;8:24;25:30;0:38;12:42;10:46;5:17;14:23;13:32;17:35;29:31,"15:[0,2,4,5,6];2:[0,2,4,6];4:[0,4,5,6];6:[1,4,6];9:[1,4,6];18:[4,6];1:[0,1,4,5,6];26:[0,2,4,5,6];19:[0,1,4,5,6];22:[0,1,2,4,5,6];3:[0,2,3,4,5,6];23:[4];21:[1,4,6,7];27:[0,2,4,6];28:[0,1,2,4,5,6];11:[4];16:[0,1,4,5,6];20:[0,2,4,5,6];24:[0,4,6];7:[0,1,4,5,6];8:[4,6];25:[4,5,6];0:[4,5,6];12:[0,4,5,6];10:[0,4,5,6];5:[4];14:[4,6];13:[4,5,6];17:[0,4,6];29:[2,4,6]","c15:bw=50,experts=[0,2,4,5,6]; c2:bw=41,experts=[0,2,4,6]; c4:bw=41,experts=[0,4,5,6]; c6:bw=30,experts=[1,4,6]; c9:bw=31,experts=[1,4,6]; c18:bw=24,experts=[4,6]; c1:bw=54,experts=[0,1,4,5,6]; c26:bw=54,experts=[0,2,4,5,6]; c19:bw=56,experts=[0,1,4,5,6]; c22:bw=69,experts=[0,1,2,4,5,6]; c3:bw=66,experts=[0,2,3,4,5,6]; c23:bw=14,experts=[4]; c21:bw=41,experts=[1,4,6,7]; c27:bw=42,experts=[0,2,4,6]; c28:bw=68,experts=[0,1,2,4,5,6]; c11:bw=10,experts=[4]; c16:bw=59,experts=[0,1,4,5,6]; c20:bw=52,experts=[0,2,4,5,6]; c24:bw=30,experts=[0,4,6]; c7:bw=50,experts=[0,1,4,5,6]; c8:bw=24,experts=[4,6]; c25:bw=30,experts=[4,5,6]; c0:bw=38,experts=[4,5,6]; c12:bw=42,experts=[0,4,5,6]; c10:bw=46,experts=[0,4,5,6]; c5:bw=17,experts=[4]; c14:bw=23,experts=[4,6]; c13:bw=32,experts=[4,5,6]; c17:bw=35,experts=[0,4,6]; c29:bw=31,experts=[2,4,6]","1.6982,1.8252,2.8227,1.6503,1.9671,2.3787,1.5824,1.5244,2.0429,2.2596,2.1804,1.8937,1.5130,2.5756,2.2557,3.0089,2.4923,2.8049,1.7716,1.8614,1.6763,2.8016,1.5842,2.4551,3.3428,4.0465,1.8781,2.2664,2.7267,4.2084"
67,2026-09-24 21:12:34,Ours,0.01,1.8727242471316579,51.17,52.11,66,76.9407,1:16.94,69.0809,6.5318,1.3248,5144.696,1:25:44.70,30,"4,15,3,16,18,25,29,26,24,2,10,7,27,11,20,9,22,14,17,13,23,5,1,6,21,19,28,0,12,8",4:51;15:49;3:25;16:53;18:31;25:51;29:25;26:31;24:44;2:43;10:36;7:59;27:59;11:43;20:27;9:60;22:47;14:18;17:48;13:39;23:53;5:48;1:36;6:53;21:53;19:14;28:10;0:32;12:44;8:10,"4:[0,1,4,5,6];15:[0,1,4,6];3:[4,6];16:[0,2,4,5,6];18:[4,5,6];25:[0,2,4,5,6];29:[4,6];26:[1,4,6];24:[0,1,4,6];2:[0,4,5,6];10:[4,5,6];7:[0,2,4,5,6];27:[0,1,4,5,6];11:[0,4,5,6];20:[4,6];9:[0,1,2,4,5,6];22:[0,4,5,6];14:[4];17:[1,4,5,6];13:[4,5,6];23:[0,3,4,5,6];5:[0,4,5,6];1:[4,5,6];6:[0,1,4,5,6];21:[0,2,4,5,6];19:[4];28:[4];0:[0,4,6];12:[0,4,5,6];8:[4]","c4:bw=51,experts=[0,1,4,5,6]; c15:bw=49,experts=[0,1,4,6]; c3:bw=25,experts=[4,6]; c16:bw=53,experts=[0,2,4,5,6]; c18:bw=31,experts=[4,5,6]; c25:bw=51,experts=[0,2,4,5,6]; c29:bw=25,experts=[4,6]; c26:bw=31,experts=[1,4,6]; c24:bw=44,experts=[0,1,4,6]; c2:bw=43,experts=[0,4,5,6]; c10:bw=36,experts=[4,5,6]; c7:bw=59,experts=[0,2,4,5,6]; c27:bw=59,experts=[0,1,4,5,6]; c11:bw=43,experts=[0,4,5,6]; c20:bw=27,experts=[4,6]; c9:bw=60,experts=[0,1,2,4,5,6]; c22:bw=47,experts=[0,4,5,6]; c14:bw=18,experts=[4]; c17:bw=48,experts=[1,4,5,6]; c13:bw=39,experts=[4,5,6]; c23:bw=53,experts=[0,3,4,5,6]; c5:bw=48,experts=[0,4,5,6]; c1:bw=36,experts=[4,5,6]; c6:bw=53,experts=[0,1,4,5,6]; c21:bw=53,experts=[0,2,4,5,6]; c19:bw=14,experts=[4]; c28:bw=10,experts=[4]; c0:bw=32,experts=[0,4,6]; c12:bw=44,experts=[0,4,5,6]; c8:bw=10,experts=[4]","2.8415,1.7177,2.1733,2.5105,2.3794,2.7962,4.2469,1.5402,1.7352,1.8242,3.3607,1.8650,2.5762,3.0393,2.7911,1.9694,2.2536,1.8518,2.7080,2.2729,1.8616,4.0554,1.5749,1.6218,1.5000,2.0429,2.2101,1.5978,2.4863,1.6768"
68,2026-09-24 21:13:51,Ours,0.01,1.8847140027723914,52.1,52.11,66,77.0318,1:17.03,69.2329,6.4847,1.3109,5221.7605,1:27:01.76,30,"27,22,0,7,4,21,16,12,17,23,18,25,11,20,1,24,13,9,8,2,5,3,15,28,10,6,26,14,19,29",27:48;22:15;0:30;7:28;4:49;21:29;16:54;12:67;17:72;23:46;18:54;25:47;11:14;20:38;1:42;24:32;13:35;9:15;8:31;2:58;5:45;3:26;15:28;28:40;10:31;6:32;26:40;14:10;19:28;29:57,"27:[0,4,5,6];22:[4];0:[4,5,6];7:[4,7];4:[4,5,6,7];21:[4,6];16:[0,1,4,6,7];12:[0,1,3,4,5,6];17:[0,1,2,4,5,6,7];23:[0,2,4,6];18:[0,2,4,5,6];25:[0,4,5,6];11:[1];20:[3,4,6];1:[0,1,4,6];24:[4,5,6];13:[4,5,6];9:[4];8:[4,5,6];2:[0,2,4,5,6];5:[0,1,4,6];3:[4,6];15:[4,6];28:[0,1,4,6];10:[4,5,6];6:[4,6,7];26:[0,4,5,6];14:[2];19:[4,6];29:[0,1,4,5,6]","c27:bw=48,experts=[0,4,5,6]; c22:bw=15,experts=[4]; c0:bw=30,experts=[4,5,6]; c7:bw=28,experts=[4,7]; c4:bw=49,experts=[4,5,6,7]; c21:bw=29,experts=[4,6]; c16:bw=54,experts=[0,1,4,6,7]; c12:bw=67,experts=[0,1,3,4,5,6]; c17:bw=72,experts=[0,1,2,4,5,6,7]; c23:bw=46,experts=[0,2,4,6]; c18:bw=54,experts=[0,2,4,5,6]; c25:bw=47,experts=[0,4,5,6]; c11:bw=14,experts=[1]; c20:bw=38,experts=[3,4,6]; c1:bw=42,experts=[0,1,4,6]; c24:bw=32,experts=[4,5,6]; c13:bw=35,experts=[4,5,6]; c9:bw=15,experts=[4]; c8:bw=31,experts=[4,5,6]; c2:bw=58,experts=[0,2,4,5,6]; c5:bw=45,experts=[0,1,4,6]; c3:bw=26,experts=[4,6]; c15:bw=28,experts=[4,6]; c28:bw=40,experts=[0,1,4,6]; c10:bw=31,experts=[4,5,6]; c6:bw=32,experts=[4,6,7]; c26:bw=40,experts=[0,4,5,6]; c14:bw=10,experts=[2]; c19:bw=28,experts=[4,6]; c29:bw=57,experts=[0,1,4,5,6]","2.5682,2.2449,1.6002,1.8508,2.8381,1.5327,2.5226,2.5155,2.7240,1.8984,2.4179,2.7970,3.0303,2.8385,1.5811,1.7546,2.2482,1.9250,1.6728,1.7995,4.1539,2.1462,1.6718,2.2101,3.3416,1.6469,1.5289,1.8656,2.0594,4.2484"
69,2026-09-24 21:15:09,Ours,0.01,1.8629023330414858,52.75,52.75,69,77.1227,1:17.12,69.1462,6.6481,1.321,5298.9169,1:28:18.92,30,"10,16,1,26,13,19,23,3,7,29,14,6,0,24,15,12,28,9,2,8,4,21,27,25,5,17,11,18,22,20",10:16;16:60;1:31;26:42;13:67;19:43;23:33;3:41;7:58;29:34;14:37;6:26;0:52;24:53;15:20;12:10;28:58;9:35;2:66;8:42;4:41;21:58;27:46;25:31;5:39;17:48;11:45;18:10;22:44;20:28,"10:[4];16:[0,1,2,4,5,6];1:[1,4,6];26:[0,4,5,6];13:[0,1,2,4,5,6];19:[0,2,4,6];23:[4,5,6];3:[0,4,5,6];7:[0,2,4,5,6];29:[0,4,6];14:[3,4,6];6:[4,6];0:[0,1,2,4,6];24:[0,1,4,5,6];15:[4,7];12:[4];28:[0,2,4,5,6];9:[0,4,6];2:[0,1,2,4,5,6];8:[0,4,5,6];4:[0,4,5,6];21:[0,1,4,5,6];27:[0,1,4,6];25:[4,5,6];5:[4,5,6];17:[0,1,4,6];11:[0,1,4,6];18:[1];22:[0,4,5,6];20:[4,6]","c10:bw=16,experts=[4]; c16:bw=60,experts=[0,1,2,4,5,6]; c1:bw=31,experts=[1,4,6]; c26:bw=42,experts=[0,4,5,6]; c13:bw=67,experts=[0,1,2,4,5,6]; c19:bw=43,experts=[0,2,4,6]; c23:bw=33,experts=[4,5,6]; c3:bw=41,experts=[0,4,5,6]; c7:bw=58,experts=[0,2,4,5,6]; c29:bw=34,experts=[0,4,6]; c14:bw=37,experts=[3,4,6]; c6:bw=26,experts=[4,6]; c0:bw=52,experts=[0,1,2,4,6]; c24:bw=53,experts=[0,1,4,5,6]; c15:bw=20,experts=[4,7]; c12:bw=10,experts=[4]; c28:bw=58,experts=[0,2,4,5,6]; c9:bw=35,experts=[0,4,6]; c2:bw=66,experts=[0,1,2,4,5,6]; c8:bw=42,experts=[0,4,5,6]; c4:bw=41,experts=[0,4,5,6]; c21:bw=58,experts=[0,1,4,5,6]; c27:bw=46,experts=[0,1,4,6]; c25:bw=31,experts=[4,5,6]; c5:bw=39,experts=[4,5,6]; c17:bw=48,experts=[0,1,4,6]; c11:bw=45,experts=[0,1,4,6]; c18:bw=10,experts=[1]; c22:bw=44,experts=[0,4,5,6]; c20:bw=28,experts=[4,6]","3.3498,2.5356,1.5824,1.5525,2.2829,2.0520,1.9038,2.1740,1.8800,4.2065,1.8989,1.6370,1.5947,1.7773,1.6710,2.4530,2.1996,1.9436,1.8131,1.6687,2.8190,1.5157,2.5723,2.8077,4.0934,2.7179,3.0435,2.3538,2.2480,2.7986"
70,2026-09-24 21:16:25,Ours,0.01,1.8703038753665941,52.85,52.85,70,76.8595,1:16.86,69.1014,6.4316,1.3232,5375.8101,1:29:35.81,30,"10,26,25,24,0,7,29,4,11,15,13,12,2,9,6,5,22,19,14,21,28,1,20,3,8,18,16,17,23,27",10:58;26:27;25:10;24:10;0:30;7:28;29:29;4:58;11:53;15:75;13:33;12:40;2:55;9:10;6:26;5:23;22:10;19:37;14:10;21:35;28:63;1:24;20:36;3:32;8:48;18:63;16:67;17:41;23:30;27:24,"10:[0,1,4,6,7];26:[4,6];25:[4];24:[2];0:[0,4,6];7:[4,6];29:[4,6];4:[0,1,2,4,6];11:[0,2,4,5,6];15:[0,1,2,4,5,6,7];13:[4,5,6];12:[4,5,6,7];2:[0,2,4,5,6];9:[4];6:[4,6];5:[2,4];22:[4];19:[4,5,6];14:[4];21:[4,5,6];28:[0,1,4,5,6,7];1:[2,7];20:[4,5,6];3:[1,4,6];8:[1,4,5,6];18:[0,1,2,4,5,6];16:[0,1,2,4,5,6];17:[0,4,5,6];23:[4,5,6];27:[4,6]","c10:bw=58,experts=[0,1,4,6,7]; c26:bw=27,experts=[4,6]; c25:bw=10,experts=[4]; c24:bw=10,experts=[2]; c0:bw=30,experts=[0,4,6]; c7:bw=28,experts=[4,6]; c29:bw=29,experts=[4,6]; c4:bw=58,experts=[0,1,2,4,6]; c11:bw=53,experts=[0,2,4,5,6]; c15:bw=75,experts=[0,1,2,4,5,6,7]; c13:bw=33,experts=[4,5,6]; c12:bw=40,experts=[4,5,6,7]; c2:bw=55,experts=[0,2,4,5,6]; c9:bw=10,experts=[4]; c6:bw=26,experts=[4,6]; c5:bw=23,experts=[2,4]; c22:bw=10,experts=[4]; c19:bw=37,experts=[4,5,6]; c14:bw=10,experts=[4]; c21:bw=35,experts=[4,5,6]; c28:bw=63,experts=[0,1,4,5,6,7]; c1:bw=24,experts=[2,7]; c20:bw=36,experts=[4,5,6]; c3:bw=32,experts=[1,4,6]; c8:bw=48,experts=[1,4,5,6]; c18:bw=63,experts=[0,1,2,4,5,6]; c16:bw=67,experts=[0,1,2,4,5,6]; c17:bw=41,experts=[0,4,5,6]; c23:bw=30,experts=[4,5,6]; c27:bw=24,experts=[4,6]","3.3772,1.5218,2.8147,1.7529,1.5925,1.8659,4.2500,2.8473,3.0836,1.7038,2.2609,2.4608,1.7919,1.9580,1.6328,4.0219,2.2444,2.0686,1.8701,1.5176,2.2121,1.5402,2.7909,2.1669,1.6912,2.3915,2.5135,2.7009,1.8888,2.5687"
71,2026-09-24 21:17:43,Ours,0.01,1.8608690164064885,52.73,52.85,70,77.0075,1:17.01,69.1517,6.5296,1.323,5452.8519,1:30:52.85,30,"26,20,10,25,18,16,2,0,19,28,27,29,17,6,7,23,14,8,12,5,21,4,1,24,13,11,9,22,15,3",26:45;20:31;10:69;25:38;18:45;16:19;2:61;0:16;19:54;28:18;27:43;29:53;17:61;6:50;7:20;23:33;14:10;8:39;12:43;5:33;21:30;4:42;1:52;24:58;13:25;11:44;9:40;22:29;15:28;3:62,"26:[0,4,5,6];20:[1,4,6];10:[0,1,2,4,5,6];25:[4,5,6];18:[0,4,6,7];16:[4];2:[0,1,2,4,5,6];0:[4];19:[0,2,4,5,6];28:[4];27:[0,4,5,6];29:[0,1,4,5,6];17:[0,1,2,4,5,6];6:[0,2,4,5,6];7:[4,6];23:[4,6,7];14:[1];8:[4,5,6];12:[0,2,4,6];5:[4,6,7];21:[4,5,6];4:[0,1,4,6];1:[0,2,4,5,6];24:[3,4,5,6,7];13:[4,6];11:[0,4,5,6];9:[0,4,5,6];22:[3,7];15:[4,6];3:[0,1,4,5,6,7]","c26:bw=45,experts=[0,4,5,6]; c20:bw=31,experts=[1,4,6]; c10:bw=69,experts=[0,1,2,4,5,6]; c25:bw=38,experts=[4,5,6]; c18:bw=45,experts=[0,4,6,7]; c16:bw=19,experts=[4]; c2:bw=61,experts=[0,1,2,4,5,6]; c0:bw=16,experts=[4]; c19:bw=54,experts=[0,2,4,5,6]; c28:bw=18,experts=[4]; c27:bw=43,experts=[0,4,5,6]; c29:bw=53,experts=[0,1,4,5,6]; c17:bw=61,experts=[0,1,2,4,5,6]; c6:bw=50,experts=[0,2,4,5,6]; c7:bw=20,experts=[4,6]; c23:bw=33,experts=[4,6,7]; c14:bw=10,experts=[1]; c8:bw=39,experts=[4,5,6]; c12:bw=43,experts=[0,2,4,6]; c5:bw=33,experts=[4,6,7]; c21:bw=30,experts=[4,5,6]; c4:bw=42,experts=[0,1,4,6]; c1:bw=52,experts=[0,2,4,5,6]; c24:bw=58,experts=[3,4,5,6,7]; c13:bw=25,experts=[4,6]; c11:bw=44,experts=[0,4,5,6]; c9:bw=40,experts=[0,4,5,6]; c22:bw=29,experts=[3,7]; c15:bw=28,experts=[4,6]; c3:bw=62,experts=[0,1,4,5,6,7]","1.5304,2.8297,3.3656,2.8065,2.3868,2.4997,1.8100,1.5827,2.0605,2.2059,2.5679,4.2117,2.6849,1.6435,1.8441,1.8861,1.8749,1.7177,2.4865,4.0646,1.5306,2.8247,1.5764,1.7738,2.2800,3.0385,1.9463,2.2435,1.6892,2.1892"
72,2026-09-24 21:19:00,Ours,0.01,1.8637912663616647,52.84,52.85,70,77.0614,1:17.06,69.2611,6.4626,1.3345,5529.9478,1:32:09.95,30,"5,6,1,17,20,21,18,26,24,28,27,8,25,16,22,19,15,13,2,9,10,14,12,3,23,11,7,0,29,4",5:43;6:19;1:39;17:18;20:41;21:62;18:29;26:44;24:18;28:23;27:46;8:30;25:29;16:46;22:75;19:32;15:41;13:54;2:23;9:38;10:28;14:43;12:28;3:23;23:41;11:10;7:48;0:52;29:59;4:39,"5:[3,4,5,6];6:[3];1:[3,4,6];17:[4];20:[1,4,6,7];21:[0,2,3,4,5,6];18:[3,4];26:[3,4,5,6];24:[4];28:[3,4];27:[3,4,6,7];8:[3,4,6];25:[4,6];16:[0,3,4,6];22:[0,1,2,4,5,6,7];19:[3,4,6];15:[3,4,5,6];13:[0,3,4,5,6];2:[3,7];9:[3,4,7];10:[3,4];14:[4,5,6,7];12:[4,6];3:[4,6];23:[0,1,4,6];11:[3];7:[1,3,4,6];0:[0,3,4,5,6];29:[0,3,4,5,6];4:[4,5,6]","c5:bw=43,experts=[3,4,5,6]; c6:bw=19,experts=[3]; c1:bw=39,experts=[3,4,6]; c17:bw=18,experts=[4]; c20:bw=41,experts=[1,4,6,7]; c21:bw=62,experts=[0,2,3,4,5,6]; c18:bw=29,experts=[3,4]; c26:bw=44,experts=[3,4,5,6]; c24:bw=18,experts=[4]; c28:bw=23,experts=[3,4]; c27:bw=46,experts=[3,4,6,7]; c8:bw=30,experts=[3,4,6]; c25:bw=29,experts=[4,6]; c16:bw=46,experts=[0,3,4,6]; c22:bw=75,experts=[0,1,2,4,5,6,7]; c19:bw=32,experts=[3,4,6]; c15:bw=41,experts=[3,4,5,6]; c13:bw=54,experts=[0,3,4,5,6]; c2:bw=23,experts=[3,7]; c9:bw=38,experts=[3,4,7]; c10:bw=28,experts=[3,4]; c14:bw=43,experts=[4,5,6,7]; c12:bw=28,experts=[4,6]; c3:bw=23,experts=[4,6]; c23:bw=41,experts=[0,1,4,6]; c11:bw=10,experts=[3]; c7:bw=48,experts=[1,3,4,6]; c0:bw=52,experts=[0,3,4,5,6]; c29:bw=59,experts=[0,3,4,5,6]; c4:bw=39,experts=[4,5,6]","4.0946,1.6624,1.5760,2.6867,2.8285,1.5417,2.3919,1.5446,1.7528,2.2127,2.5645,1.6637,2.8241,2.4774,2.2710,2.0533,1.7822,2.2838,1.7997,1.9286,3.3398,1.8724,2.4906,2.1656,1.9135,3.0037,1.8583,1.6045,4.2551,2.8173"
73,2026-09-24 21:20:16,Ours,0.01,1.885505348741333,53.09,53.09,73,76.7857,1:16.79,69.0527,6.4017,1.3281,5606.7685,1:33:26.77,30,"20,6,7,2,0,9,17,13,22,8,15,1,3,12,29,19,5,18,25,23,21,16,28,11,26,14,4,10,24,27",20:62;6:20;7:37;2:47;0:28;9:52;17:17;13:50;22:24;8:11;15:47;1:66;3:40;12:37;29:13;19:10;5:17;18:34;25:24;23:33;21:29;16:61;28:33;11:46;26:10;14:16;4:41;10:42;24:66;27:48,"20:[0,1,2,4,5,6];6:[4,6];7:[4,5,6];2:[0,4,5,6];0:[4,7];9:[0,2,4,5,6];17:[3];13:[0,1,4,6,7];22:[4,6];8:[2];15:[0,4,5,6];1:[0,1,2,4,5,6];3:[0,4,5,6];12:[4,5,6];29:[7];19:[7];5:[4];18:[0,4,6];25:[1,3];23:[0,4,6];21:[4,6];16:[0,1,2,4,5,6];28:[4,5,6];11:[4,5,6,7];26:[7];14:[0];4:[3,4,5,6];10:[0,1,4,6];24:[0,1,2,4,5,6];27:[0,1,4,6]","c20:bw=62,experts=[0,1,2,4,5,6]; c6:bw=20,experts=[4,6]; c7:bw=37,experts=[4,5,6]; c2:bw=47,experts=[0,4,5,6]; c0:bw=28,experts=[4,7]; c9:bw=52,experts=[0,2,4,5,6]; c17:bw=17,experts=[3]; c13:bw=50,experts=[0,1,4,6,7]; c22:bw=24,experts=[4,6]; c8:bw=11,experts=[2]; c15:bw=47,experts=[0,4,5,6]; c1:bw=66,experts=[0,1,2,4,5,6]; c3:bw=40,experts=[0,4,5,6]; c12:bw=37,experts=[4,5,6]; c29:bw=13,experts=[7]; c19:bw=10,experts=[7]; c5:bw=17,experts=[4]; c18:bw=34,experts=[0,4,6]; c25:bw=24,experts=[1,3]; c23:bw=33,experts=[0,4,6]; c21:bw=29,experts=[4,6]; c16:bw=61,experts=[0,1,2,4,5,6]; c28:bw=33,experts=[4,5,6]; c11:bw=46,experts=[4,5,6,7]; c26:bw=10,experts=[7]; c14:bw=16,experts=[0]; c4:bw=41,experts=[3,4,5,6]; c10:bw=42,experts=[0,1,4,6]; c24:bw=66,experts=[0,1,2,4,5,6]; c27:bw=48,experts=[0,1,4,6]","2.8318,1.6398,1.8765,1.8261,1.5966,1.9639,2.6948,2.2818,2.2764,1.6901,1.6946,1.5598,2.1677,2.4625,4.1774,2.0233,4.0218,2.3925,2.8044,1.8850,1.5124,2.5012,2.2306,3.0499,1.5093,1.8834,2.8136,3.3484,1.7770,2.5600"
74,2026-09-24 21:21:33,Ours,0.01,1.8360601662326386,53.57,53.57,74,76.9863,1:16.99,69.2466,6.3977,1.3386,5683.7901,1:34:43.79,30,"25,2,28,22,27,23,5,3,21,14,7,6,15,12,24,8,1,10,17,19,9,11,13,18,16,0,29,26,20,4",25:59;2:10;28:16;22:45;27:20;23:46;5:50;3:10;21:66;14:32;7:65;6:10;15:50;12:10;24:16;8:28;1:28;10:25;17:62;19:20;9:32;11:37;13:42;18:60;16:48;0:40;29:14;26:32;20:42;4:47,"25:[0,4,5,6,7];2:[4];28:[4];22:[0,4,5,6];27:[2,4];23:[0,4,5,6];5:[0,2,4,5,6];3:[2];21:[0,1,4,5,6,7];14:[0,4,6];7:[0,1,2,4,5,6];6:[4];15:[0,2,4,5,6];12:[4];24:[4];8:[4,7];1:[4,6];10:[4,6];17:[0,1,2,4,5,6];19:[1,4];9:[4,5,6];11:[4,5,6];13:[0,4,5,6];18:[0,1,2,4,5,6];16:[0,4,5,6];0:[0,4,5,6];29:[2];26:[2,4,6];20:[0,1,4,6];4:[0,4,5,6]","c25:bw=59,experts=[0,4,5,6,7]; c2:bw=10,experts=[4]; c28:bw=16,experts=[4]; c22:bw=45,experts=[0,4,5,6]; c27:bw=20,experts=[2,4]; c23:bw=46,experts=[0,4,5,6]; c5:bw=50,experts=[0,2,4,5,6]; c3:bw=10,experts=[2]; c21:bw=66,experts=[0,1,4,5,6,7]; c14:bw=32,experts=[0,4,6]; c7:bw=65,experts=[0,1,2,4,5,6]; c6:bw=10,experts=[4]; c15:bw=50,experts=[0,2,4,5,6]; c12:bw=10,experts=[4]; c24:bw=16,experts=[4]; c8:bw=28,experts=[4,7]; c1:bw=28,experts=[4,6]; c10:bw=25,experts=[4,6]; c17:bw=62,experts=[0,1,2,4,5,6]; c19:bw=20,experts=[1,4]; c9:bw=32,experts=[4,5,6]; c11:bw=37,experts=[4,5,6]; c13:bw=42,experts=[0,4,5,6]; c18:bw=60,experts=[0,1,2,4,5,6]; c16:bw=48,experts=[0,4,5,6]; c0:bw=40,experts=[0,4,5,6]; c29:bw=14,experts=[2]; c26:bw=32,experts=[2,4,6]; c20:bw=42,experts=[0,1,4,6]; c4:bw=47,experts=[0,4,5,6]","2.8171,1.8143,2.2108,2.2345,2.5634,1.9088,4.0808,2.1508,1.5196,1.9025,1.8937,1.6289,1.6844,2.4525,1.7461,1.6821,1.5639,3.3631,2.7341,2.0804,1.9555,3.0656,2.2762,2.3935,2.5010,1.6136,4.2239,1.5624,2.8081,2.8146"
75,2026-09-24 21:22:51,Ours,0.01,1.825237766356269,54.65,54.65,75,77.5048,1:17.50,69.5231,6.6384,1.3367,5761.3295,1:36:01.33,30,"25,23,21,2,3,8,18,11,16,12,26,13,10,9,15,6,24,1,19,14,4,5,29,28,0,20,17,7,22,27",25:17;23:35;21:50;2:40;3:20;8:53;18:68;11:42;16:46;12:40;26:10;13:46;10:23;9:61;15:20;6:56;24:73;1:54;19:19;14:60;4:56;5:31;29:29;28:55;0:60;20:44;17:43;7:28;22:10;27:36,"25:[2];23:[3,4,6];21:[0,1,4,5,6];2:[0,4,5,6];3:[3,4];8:[0,1,4,5,6];18:[0,1,2,4,5,6];11:[0,2,4,6];16:[0,4,5,6];12:[0,4,5,6];26:[1];13:[0,1,4,6];10:[4,6];9:[0,1,2,4,5,6];15:[4,6];6:[0,1,4,5,6];24:[0,1,2,4,5,6,7];1:[0,2,4,5,6];19:[4];14:[0,1,2,4,5,6];4:[0,2,4,5,6];5:[1,4,6];29:[4,6];28:[0,1,4,5,6];0:[0,1,2,4,5,6];20:[0,4,5,6];17:[0,4,5,6];7:[4,6];22:[4];27:[0,4,6]","c25:bw=17,experts=[2]; c23:bw=35,experts=[3,4,6]; c21:bw=50,experts=[0,1,4,5,6]; c2:bw=40,experts=[0,4,5,6]; c3:bw=20,experts=[3,4]; c8:bw=53,experts=[0,1,4,5,6]; c18:bw=68,experts=[0,1,2,4,5,6]; c11:bw=42,experts=[0,2,4,6]; c16:bw=46,experts=[0,4,5,6]; c12:bw=40,experts=[0,4,5,6]; c26:bw=10,experts=[1]; c13:bw=46,experts=[0,1,4,6]; c10:bw=23,experts=[4,6]; c9:bw=61,experts=[0,1,2,4,5,6]; c15:bw=20,experts=[4,6]; c6:bw=56,experts=[0,1,4,5,6]; c24:bw=73,experts=[0,1,2,4,5,6,7]; c1:bw=54,experts=[0,2,4,5,6]; c19:bw=19,experts=[4]; c14:bw=60,experts=[0,1,2,4,5,6]; c4:bw=56,experts=[0,2,4,5,6]; c5:bw=31,experts=[1,4,6]; c29:bw=29,experts=[4,6]; c28:bw=55,experts=[0,1,4,5,6]; c0:bw=60,experts=[0,1,2,4,5,6]; c20:bw=44,experts=[0,4,5,6]; c17:bw=43,experts=[0,4,5,6]; c7:bw=28,experts=[4,6]; c22:bw=10,experts=[4]; c27:bw=36,experts=[0,4,6]","2.8127,1.9094,1.5132,1.8090,2.1719,1.7238,2.4658,3.1650,2.5029,2.5485,1.5559,2.2781,3.3721,1.9525,1.7068,1.6566,1.7575,1.5827,2.0533,1.8888,2.8385,4.0631,4.1876,2.2116,1.5976,2.8237,2.7161,1.8693,2.2351,2.5538"
76,2026-09-24 21:24:13,Ours,0.01,1.8194522625774303,54.44,54.65,75,81.447,1:21.45,73.1678,6.8823,1.3936,5842.8126,1:37:22.81,30,"22,6,2,7,9,26,10,19,29,11,21,24,12,14,16,27,23,5,17,1,8,4,25,20,13,15,18,28,0,3",22:26;6:23;2:25;7:66;9:57;26:37;10:46;19:44;29:36;11:42;21:42;24:61;12:21;14:22;16:39;27:39;23:29;5:37;17:33;1:53;8:29;4:60;25:10;20:54;13:39;15:42;18:39;28:30;0:31;3:15,"22:[4,6];6:[4,7];2:[4,6];7:[0,1,4,5,6,7];9:[0,1,4,5,6];26:[0,4,6];10:[0,4,5,6];19:[0,4,5,6];29:[4,5,6];11:[0,1,4,6];21:[0,4,5,6];24:[0,1,2,4,5,6];12:[1,3];14:[4,6];16:[4,6,7];27:[0,4,6];23:[2,4];5:[4,5,6];17:[4,6,7];1:[0,1,4,5,6];8:[4,6];4:[0,2,4,5,6,7];25:[4];20:[0,1,3,4,6];13:[0,4,6];15:[0,4,5,6];18:[1,4,6];28:[1,4,6];0:[4,5,6];3:[4]","c22:bw=26,experts=[4,6]; c6:bw=23,experts=[4,7]; c2:bw=25,experts=[4,6]; c7:bw=66,experts=[0,1,4,5,6,7]; c9:bw=57,experts=[0,1,4,5,6]; c26:bw=37,experts=[0,4,6]; c10:bw=46,experts=[0,4,5,6]; c19:bw=44,experts=[0,4,5,6]; c29:bw=36,experts=[4,5,6]; c11:bw=42,experts=[0,1,4,6]; c21:bw=42,experts=[0,4,5,6]; c24:bw=61,experts=[0,1,2,4,5,6]; c12:bw=21,experts=[1,3]; c14:bw=22,experts=[4,6]; c16:bw=39,experts=[4,6,7]; c27:bw=39,experts=[0,4,6]; c23:bw=29,experts=[2,4]; c5:bw=37,experts=[4,5,6]; c17:bw=33,experts=[4,6,7]; c1:bw=53,experts=[0,1,4,5,6]; c8:bw=29,experts=[4,6]; c4:bw=60,experts=[0,2,4,5,6,7]; c25:bw=10,experts=[4]; c20:bw=54,experts=[0,1,3,4,6]; c13:bw=39,experts=[0,4,6]; c15:bw=42,experts=[0,4,5,6]; c18:bw=39,experts=[1,4,6]; c28:bw=30,experts=[1,4,6]; c0:bw=31,experts=[4,5,6]; c3:bw=15,experts=[4]","2.3241,1.6912,1.8508,1.9426,2.0077,1.5794,3.4532,2.1353,4.3695,3.1398,1.5718,1.9633,2.6776,2.0500,2.8037,2.8119,2.0166,4.5020,2.9316,1.7249,1.8130,3.0870,2.9916,2.8910,2.3751,1.7779,2.4948,2.3013,1.6236,2.2655"
77,2026-09-24 21:25:35,Ours,0.01,1.8026762370749603,54.67,54.67,77,82.4604,1:22.46,74.0973,6.9342,1.4258,5925.3119,1:38:45.31,30,"23,15,16,7,29,5,3,13,9,25,24,26,28,2,4,19,20,11,21,14,6,0,10,27,18,22,8,12,17,1",23:54;15:43;16:34;7:10;29:41;5:59;3:40;13:37;9:29;25:15;24:12;26:10;28:37;2:34;4:10;19:37;20:45;11:28;21:57;14:64;6:57;0:63;10:39;27:24;18:31;22:34;8:10;12:46;17:37;1:62,"23:[0,2,4,5,6];15:[0,4,5,6];16:[4,5,6];7:[4];29:[0,4,5,6];5:[0,2,4,5,6];3:[0,4,5,6];13:[2,4,6];9:[4,6];25:[4];24:[4];26:[4];28:[2,4,6];2:[1,4,6];4:[4];19:[0,4,6];20:[0,4,5,6];11:[4,6];21:[0,2,4,5,6];14:[0,1,3,4,5,6];6:[0,2,4,5,6];0:[0,1,2,4,5,6];10:[4,5,6];27:[4,6];18:[4,5,6];22:[4,5,6];8:[4];12:[0,4,5,6];17:[4,5,6];1:[0,1,2,4,5,6]","c23:bw=54,experts=[0,2,4,5,6]; c15:bw=43,experts=[0,4,5,6]; c16:bw=34,experts=[4,5,6]; c7:bw=10,experts=[4]; c29:bw=41,experts=[0,4,5,6]; c5:bw=59,experts=[0,2,4,5,6]; c3:bw=40,experts=[0,4,5,6]; c13:bw=37,experts=[2,4,6]; c9:bw=29,experts=[4,6]; c25:bw=15,experts=[4]; c24:bw=12,experts=[4]; c26:bw=10,experts=[4]; c28:bw=37,experts=[2,4,6]; c2:bw=34,experts=[1,4,6]; c4:bw=10,experts=[4]; c19:bw=37,experts=[0,4,6]; c20:bw=45,experts=[0,4,5,6]; c11:bw=28,experts=[4,6]; c21:bw=57,experts=[0,2,4,5,6]; c14:bw=64,experts=[0,1,3,4,5,6]; c6:bw=57,experts=[0,2,4,5,6]; c0:bw=63,experts=[0,1,2,4,5,6]; c10:bw=39,experts=[4,5,6]; c27:bw=24,experts=[4,6]; c18:bw=31,experts=[4,5,6]; c22:bw=34,experts=[4,5,6]; c8:bw=10,experts=[4]; c12:bw=46,experts=[0,4,5,6]; c17:bw=37,experts=[4,5,6]; c1:bw=62,experts=[0,1,2,4,5,6]","2.0218,1.7870,2.6235,1.9772,4.4978,4.3208,2.2990,2.4466,2.0873,2.9774,1.8762,1.6492,2.4074,1.9723,3.0578,2.2291,3.0532,3.2813,1.6349,2.0170,1.7385,1.7104,3.5545,2.7338,2.5527,2.3890,1.8157,2.7205,2.9333,1.7321"
78,2026-09-24 21:27:01,Ours,0.01,1.7995427797667227,54.56,54.67,77,85.5211,1:25.52,76.5404,7.4743,1.503,6010.8719,1:40:10.87,30,"24,21,27,0,14,25,23,12,22,18,6,10,3,17,16,19,4,11,5,26,15,7,20,2,8,28,1,9,29,13",24:45;21:54;27:13;0:26;14:52;25:11;23:57;12:31;22:63;18:35;6:57;10:59;3:38;17:31;16:44;19:12;4:23;11:37;5:63;26:40;15:38;7:36;20:37;2:34;8:54;28:24;1:41;9:31;29:69;13:59,"24:[0,1,4,6];21:[0,2,4,5,6];27:[4];0:[4,6];14:[0,1,4,5,6];25:[4];23:[0,1,4,5,6];12:[4,6,7];22:[0,1,2,4,5,6];18:[0,4,6];6:[0,2,4,5,6];10:[0,4,5,6,7];3:[0,4,6];17:[4,5,6];16:[0,1,4,6];19:[4];4:[4,6];11:[4,5,6];5:[0,1,2,4,5,6];26:[0,4,5,6];15:[1,4,7];7:[4,5,6];20:[0,4,6];2:[0,4,6];8:[0,1,4,5,6];28:[4,7];1:[0,4,6,7];9:[4,5,6];29:[0,1,2,4,5,6];13:[0,1,4,5,6]","c24:bw=45,experts=[0,1,4,6]; c21:bw=54,experts=[0,2,4,5,6]; c27:bw=13,experts=[4]; c0:bw=26,experts=[4,6]; c14:bw=52,experts=[0,1,4,5,6]; c25:bw=11,experts=[4]; c23:bw=57,experts=[0,1,4,5,6]; c12:bw=31,experts=[4,6,7]; c22:bw=63,experts=[0,1,2,4,5,6]; c18:bw=35,experts=[0,4,6]; c6:bw=57,experts=[0,2,4,5,6]; c10:bw=59,experts=[0,4,5,6,7]; c3:bw=38,experts=[0,4,6]; c17:bw=31,experts=[4,5,6]; c16:bw=44,experts=[0,1,4,6]; c19:bw=12,experts=[4]; c4:bw=23,experts=[4,6]; c11:bw=37,experts=[4,5,6]; c5:bw=63,experts=[0,1,2,4,5,6]; c26:bw=40,experts=[0,4,5,6]; c15:bw=38,experts=[1,4,7]; c7:bw=36,experts=[4,5,6]; c20:bw=37,experts=[0,4,6]; c2:bw=34,experts=[0,4,6]; c8:bw=54,experts=[0,1,4,5,6]; c28:bw=24,experts=[4,7]; c1:bw=41,experts=[0,4,6,7]; c9:bw=31,experts=[4,5,6]; c29:bw=69,experts=[0,1,2,4,5,6]; c13:bw=59,experts=[0,1,4,5,6]","1.9156,1.6303,2.8488,1.7388,2.0868,3.0400,2.0729,2.7231,2.5060,2.6543,1.8261,3.7183,2.3890,3.0104,2.7564,2.2853,3.1009,3.3332,4.5362,1.7112,1.8554,2.0458,3.1402,2.0430,1.8804,2.4503,1.7571,2.1771,4.7528,2.5547"
79,2026-09-24 21:28:28,Ours,0.01,1.8216463827186298,54.69,54.69,79,87.5156,1:27.52,78.3665,7.6388,1.5069,6098.428,1:41:38.43,30,"11,8,9,16,0,6,17,5,28,7,2,29,26,4,19,21,13,1,12,23,25,18,10,3,24,27,20,14,15,22",11:32;8:44;9:10;16:59;0:36;6:21;17:58;5:53;28:37;7:46;2:33;29:43;26:41;4:80;19:26;21:46;13:43;1:37;12:10;23:46;25:29;18:12;10:34;3:26;24:58;27:52;20:39;14:62;15:54;22:33,"11:[4,5,6];8:[0,4,5,6];9:[4];16:[0,1,4,5,6];0:[0,4,6];6:[4,6];17:[0,2,4,5,6];5:[0,1,4,6,7];28:[4,5,6];7:[1,4,5,6];2:[2,4,6];29:[0,4,5,6];26:[2,4,5,6];4:[0,1,2,3,4,5,6,7];19:[2,4];21:[0,4,5,6];13:[0,4,5,6];1:[4,5,6];12:[2];23:[0,4,6,7];25:[4,6];18:[7];10:[2,4,6];3:[1,7];24:[0,3,4,5,6];27:[0,2,4,5,6];20:[4,5,6];14:[0,1,2,4,5,6];15:[0,1,4,5,6];22:[3,4,6]","c11:bw=32,experts=[4,5,6]; c8:bw=44,experts=[0,4,5,6]; c9:bw=10,experts=[4]; c16:bw=59,experts=[0,1,4,5,6]; c0:bw=36,experts=[0,4,6]; c6:bw=21,experts=[4,6]; c17:bw=58,experts=[0,2,4,5,6]; c5:bw=53,experts=[0,1,4,6,7]; c28:bw=37,experts=[4,5,6]; c7:bw=46,experts=[1,4,5,6]; c2:bw=33,experts=[2,4,6]; c29:bw=43,experts=[0,4,5,6]; c26:bw=41,experts=[2,4,5,6]; c4:bw=80,experts=[0,1,2,3,4,5,6,7]; c19:bw=26,experts=[2,4]; c21:bw=46,experts=[0,4,5,6]; c13:bw=43,experts=[0,4,5,6]; c1:bw=37,experts=[4,5,6]; c12:bw=10,experts=[2]; c23:bw=46,experts=[0,4,6,7]; c25:bw=29,experts=[4,6]; c18:bw=12,experts=[7]; c10:bw=34,experts=[2,4,6]; c3:bw=26,experts=[1,7]; c24:bw=58,experts=[0,3,4,5,6]; c27:bw=52,experts=[0,2,4,5,6]; c20:bw=39,experts=[4,5,6]; c14:bw=62,experts=[0,1,2,4,5,6]; c15:bw=54,experts=[0,1,4,5,6]; c22:bw=33,experts=[3,4,6]","3.4005,1.9366,2.2011,2.8634,1.8540,1.8899,3.0959,4.6413,2.5223,2.0946,2.0060,4.7392,1.7884,3.1895,2.3166,1.7178,2.5895,1.7979,2.7930,2.1217,3.1655,2.6638,3.7965,2.4695,2.0340,2.9043,3.1418,2.1415,1.9025,2.5879"
80,2026-09-24 21:29:55,Ours,0.01,1.8262845350474426,53.93,54.69,79,86.8934,1:26.89,77.9091,7.5096,1.4713,6185.3616,1:43:05.36,30,"2,13,1,14,17,23,4,8,15,21,28,19,7,26,0,5,22,18,3,20,25,16,24,12,27,9,11,6,10,29",2:44;13:39;1:31;14:30;17:61;23:36;4:57;8:51;15:41;21:64;28:10;19:35;7:48;26:41;0:47;5:65;22:43;18:13;3:31;20:25;25:38;16:44;24:43;12:10;27:27;9:53;11:62;6:39;10:18;29:10,"2:[3,4,6,7];13:[3,4,6];1:[3,4,6];14:[4,6,7];17:[0,1,2,4,5,6];23:[4,5,6];4:[0,1,4,5,6];8:[0,3,4,5,6];15:[0,3,4,6];21:[0,1,3,4,5,6];28:[3];19:[3,4,6];7:[1,3,4,6];26:[3,4,5,6];0:[3,4,5,6];5:[0,1,3,4,5,6];22:[4,5,6,7];18:[3];3:[4,5,6];20:[4,7];25:[0,4,6];16:[3,4,5,6];24:[0,4,5,6];12:[4];27:[3,7];9:[3,4,5,6,7];11:[0,1,3,4,5,6];6:[3,4,6];10:[3];29:[3]","c2:bw=44,experts=[3,4,6,7]; c13:bw=39,experts=[3,4,6]; c1:bw=31,experts=[3,4,6]; c14:bw=30,experts=[4,6,7]; c17:bw=61,experts=[0,1,2,4,5,6]; c23:bw=36,experts=[4,5,6]; c4:bw=57,experts=[0,1,4,5,6]; c8:bw=51,experts=[0,3,4,5,6]; c15:bw=41,experts=[0,3,4,6]; c21:bw=64,experts=[0,1,3,4,5,6]; c28:bw=10,experts=[3]; c19:bw=35,experts=[3,4,6]; c7:bw=48,experts=[1,3,4,6]; c26:bw=41,experts=[3,4,5,6]; c0:bw=47,experts=[3,4,5,6]; c5:bw=65,experts=[0,1,3,4,5,6]; c22:bw=43,experts=[4,5,6,7]; c18:bw=13,experts=[3]; c3:bw=31,experts=[4,5,6]; c20:bw=25,experts=[4,7]; c25:bw=38,experts=[0,4,6]; c16:bw=44,experts=[3,4,5,6]; c24:bw=43,experts=[0,4,5,6]; c12:bw=10,experts=[4]; c27:bw=27,experts=[3,7]; c9:bw=53,experts=[3,4,5,6,7]; c11:bw=62,experts=[0,1,3,4,5,6]; c6:bw=39,experts=[3,4,6]; c10:bw=18,experts=[3]; c29:bw=10,experts=[3]","2.0585,2.5645,1.7808,2.1648,3.1162,2.1808,3.2360,1.9212,1.8955,1.7123,2.4856,2.3337,2.1246,1.7513,1.8075,4.6025,2.5383,2.6864,2.4434,3.2465,3.1323,2.8221,2.0014,2.7484,2.8148,2.1468,3.3721,1.8480,3.6783,4.6946"
81,2026-09-24 21:31:21,Ours,0.01,1.7953531461591734,55.49,55.49,81,85.4542,1:25.45,76.4312,7.517,1.4997,6270.8578,1:44:30.86,30,"29,5,27,11,12,10,20,13,21,0,22,18,2,1,8,26,6,19,17,3,4,16,15,7,28,24,25,23,9,14",29:28;5:30;27:13;11:22;12:75;10:44;20:12;13:21;21:54;0:50;22:10;18:60;2:45;1:49;8:48;26:39;6:51;19:52;17:27;3:67;4:42;16:35;15:65;7:58;28:61;24:57;25:34;23:27;9:26;14:46,"29:[4,7];5:[1,4,6];27:[1];11:[4,7];12:[0,1,2,4,5,6,7];10:[0,1,4,6];20:[2];13:[4,7];21:[0,2,4,5,6];0:[0,4,5,6,7];22:[4];18:[0,1,2,4,5,6];2:[0,4,5,6];1:[0,4,5,6];8:[2,4,5,6];26:[4,6,7];6:[0,1,4,5,6];19:[0,4,5,6,7];17:[3,4];3:[0,1,2,4,5,6];4:[0,4,5,6];16:[2,4,6];15:[0,1,2,4,5,6];7:[0,1,4,5,6];28:[0,1,2,4,5,6];24:[0,2,4,5,6];25:[1,3,4];23:[4,6];9:[4,6];14:[0,4,5,6]","c29:bw=28,experts=[4,7]; c5:bw=30,experts=[1,4,6]; c27:bw=13,experts=[1]; c11:bw=22,experts=[4,7]; c12:bw=75,experts=[0,1,2,4,5,6,7]; c10:bw=44,experts=[0,1,4,6]; c20:bw=12,experts=[2]; c13:bw=21,experts=[4,7]; c21:bw=54,experts=[0,2,4,5,6]; c0:bw=50,experts=[0,4,5,6,7]; c22:bw=10,experts=[4]; c18:bw=60,experts=[0,1,2,4,5,6]; c2:bw=45,experts=[0,4,5,6]; c1:bw=49,experts=[0,4,5,6]; c8:bw=48,experts=[2,4,5,6]; c26:bw=39,experts=[4,6,7]; c6:bw=51,experts=[0,1,4,5,6]; c19:bw=52,experts=[0,4,5,6,7]; c17:bw=27,experts=[3,4]; c3:bw=67,experts=[0,1,2,4,5,6]; c4:bw=42,experts=[0,4,5,6]; c16:bw=35,experts=[2,4,6]; c15:bw=65,experts=[0,1,2,4,5,6]; c7:bw=58,experts=[0,1,4,5,6]; c28:bw=61,experts=[0,1,2,4,5,6]; c24:bw=57,experts=[0,2,4,5,6]; c25:bw=34,experts=[1,3,4]; c23:bw=27,experts=[4,6]; c9:bw=26,experts=[4,6]; c14:bw=46,experts=[0,4,5,6]","4.7025,4.5005,2.8510,3.3798,2.7957,3.7347,3.0997,2.5332,1.7071,1.8076,2.5221,2.6552,2.0123,1.7419,1.8663,1.7060,1.8666,2.3169,2.9468,2.3746,3.0484,2.7074,1.8148,2.0179,2.4130,1.9515,3.0587,2.0889,2.1283,2.0819"
82,2026-09-24 21:32:47,Ours,0.01,1.7741625863126465,55.45,55.49,81,86.0362,1:26.04,77.1197,7.4476,1.4656,6356.9356,1:45:56.94,30,"5,3,0,19,25,7,28,11,24,26,29,1,23,17,18,27,12,13,8,9,10,6,2,14,4,15,21,16,20,22",5:40;3:39;0:30;19:21;25:33;7:40;28:46;11:47;24:53;26:35;29:39;1:64;23:14;17:44;18:45;27:32;12:63;13:35;8:58;9:56;10:18;6:36;2:30;14:54;4:30;15:16;21:44;16:32;20:11;22:51,"5:[0,4,5,6];3:[4,5,6];0:[0,4,6];19:[1,4];25:[4,5,7];7:[1,2,4,6];28:[0,1,4,6];11:[0,1,4,6];24:[0,1,4,5,6];26:[1,4,6];29:[1,4,6];1:[0,1,2,4,5,6];23:[4];17:[0,4,5,6];18:[0,4,5,6];27:[4,5,6];12:[0,1,2,4,5,6];13:[0,4,6];8:[0,4,5,6,7];9:[0,1,4,5,6];10:[4];6:[4,5,6];2:[0,4,6];14:[0,1,4,5,6];4:[1,4,6];15:[4];21:[4,5,6,7];16:[0,4,6];20:[4];22:[0,2,4,5,6]","c5:bw=40,experts=[0,4,5,6]; c3:bw=39,experts=[4,5,6]; c0:bw=30,experts=[0,4,6]; c19:bw=21,experts=[1,4]; c25:bw=33,experts=[4,5,7]; c7:bw=40,experts=[1,2,4,6]; c28:bw=46,experts=[0,1,4,6]; c11:bw=47,experts=[0,1,4,6]; c24:bw=53,experts=[0,1,4,5,6]; c26:bw=35,experts=[1,4,6]; c29:bw=39,experts=[1,4,6]; c1:bw=64,experts=[0,1,2,4,5,6]; c23:bw=14,experts=[4]; c17:bw=44,experts=[0,4,5,6]; c18:bw=45,experts=[0,4,5,6]; c27:bw=32,experts=[4,5,6]; c12:bw=63,experts=[0,1,2,4,5,6]; c13:bw=35,experts=[0,4,6]; c8:bw=58,experts=[0,4,5,6,7]; c9:bw=56,experts=[0,1,4,5,6]; c10:bw=18,experts=[4]; c6:bw=36,experts=[4,5,6]; c2:bw=30,experts=[0,4,6]; c14:bw=54,experts=[0,1,4,5,6]; c4:bw=30,experts=[1,4,6]; c15:bw=16,experts=[4]; c21:bw=44,experts=[4,5,6,7]; c16:bw=32,experts=[0,4,6]; c20:bw=11,experts=[4]; c22:bw=51,experts=[0,2,4,5,6]","4.5516,2.4158,1.7851,2.2920,3.0924,2.0903,2.4744,3.3616,2.0095,1.7152,4.6954,1.7387,2.1121,3.0073,2.6360,2.8456,2.7673,2.5449,1.8847,2.1664,3.7403,1.8146,1.9995,2.1032,3.1312,1.8680,1.7508,2.8262,3.1529,2.5466"
83,2026-09-24 21:34:11,Ours,0.01,1.7696205780755605,55.32,55.49,81,84.7163,1:24.72,76.0777,7.199,1.4365,6441.6942,1:47:21.69,30,"22,19,1,11,29,16,14,21,20,27,15,17,8,2,25,0,4,7,24,26,12,28,9,5,3,18,13,23,6,10",22:70;19:67;1:63;11:27;29:46;16:49;14:39;21:53;20:50;27:58;15:39;17:31;8:39;2:41;25:48;0:10;4:10;7:37;24:43;26:17;12:44;28:10;9:51;5:10;3:42;18:21;13:46;23:34;6:53;10:37,"22:[0,1,2,4,5,6,7];19:[0,1,2,4,5,6];1:[0,1,2,4,5,6];11:[2,4];29:[0,1,4,6];16:[0,4,5,6];14:[4,5,6];21:[0,2,4,5,6];20:[0,2,4,5,6];27:[0,2,4,5,6];15:[0,4,6];17:[4,5,6];8:[4,5,6];2:[0,4,5,6];25:[2,4,5,6];0:[4];4:[4];7:[0,4,6];24:[4,5,6,7];26:[4];12:[0,4,5,6];28:[4];9:[0,1,2,4,6];5:[4];3:[3,4,5,6];18:[4,6];13:[0,1,4,6];23:[3,4,6];6:[0,1,4,5,6];10:[4,5,6]","c22:bw=70,experts=[0,1,2,4,5,6,7]; c19:bw=67,experts=[0,1,2,4,5,6]; c1:bw=63,experts=[0,1,2,4,5,6]; c11:bw=27,experts=[2,4]; c29:bw=46,experts=[0,1,4,6]; c16:bw=49,experts=[0,4,5,6]; c14:bw=39,experts=[4,5,6]; c21:bw=53,experts=[0,2,4,5,6]; c20:bw=50,experts=[0,2,4,5,6]; c27:bw=58,experts=[0,2,4,5,6]; c15:bw=39,experts=[0,4,6]; c17:bw=31,experts=[4,5,6]; c8:bw=39,experts=[4,5,6]; c2:bw=41,experts=[0,4,5,6]; c25:bw=48,experts=[2,4,5,6]; c0:bw=10,experts=[4]; c4:bw=10,experts=[4]; c7:bw=37,experts=[0,4,6]; c24:bw=43,experts=[4,5,6,7]; c26:bw=17,experts=[4]; c12:bw=44,experts=[0,4,5,6]; c28:bw=10,experts=[4]; c9:bw=51,experts=[0,1,2,4,6]; c5:bw=10,experts=[4]; c3:bw=42,experts=[3,4,5,6]; c18:bw=21,experts=[4,6]; c13:bw=46,experts=[0,1,4,6]; c23:bw=34,experts=[3,4,6]; c6:bw=53,experts=[0,1,4,5,6]; c10:bw=37,experts=[4,5,6]","2.5180,2.3036,1.7655,3.3551,4.6889,2.7463,2.1067,1.7100,3.1135,2.8345,1.8631,2.9529,1.8532,2.0236,3.1040,1.7566,3.0794,2.0510,1.9187,1.6710,2.7577,2.4218,2.1414,4.4205,2.3583,2.5938,2.4638,2.0570,1.8092,3.6385"
84,2026-09-24 21:35:36,Ours,0.01,1.772001109367477,55.75,55.75,84,84.4456,1:24.45,75.9999,7.0095,1.4329,6526.1821,1:48:46.18,30,"8,12,29,13,10,16,9,14,23,3,6,15,19,0,18,22,27,1,24,21,28,2,17,25,5,7,20,26,11,4",8:67;12:45;29:12;13:30;10:10;16:47;9:20;14:45;23:58;3:32;6:10;15:75;19:22;0:10;18:55;22:67;27:21;1:58;24:37;21:10;28:30;2:36;17:43;25:17;5:20;7:47;20:64;26:38;11:50;4:27,"8:[0,1,2,4,5,6];12:[3,4,5,6];29:[4];13:[1,4,6];10:[4];16:[4,5,6,7];9:[4,6];14:[0,1,4,6];23:[0,1,4,5,6];3:[4,5,6];6:[7];15:[0,1,2,4,5,6,7];19:[4,6];0:[4];18:[0,2,4,5,6];22:[0,1,2,4,5,6];27:[4,6];1:[0,1,4,5,6];24:[0,4,6];21:[4];28:[4,5,6];2:[4,5,6];17:[4,5,6,7];25:[4];5:[4,6];7:[1,4,6,7];20:[0,1,3,4,5,6];26:[4,5,6];11:[0,2,4,5,6];4:[4,6]","c8:bw=67,experts=[0,1,2,4,5,6]; c12:bw=45,experts=[3,4,5,6]; c29:bw=12,experts=[4]; c13:bw=30,experts=[1,4,6]; c10:bw=10,experts=[4]; c16:bw=47,experts=[4,5,6,7]; c9:bw=20,experts=[4,6]; c14:bw=45,experts=[0,1,4,6]; c23:bw=58,experts=[0,1,4,5,6]; c3:bw=32,experts=[4,5,6]; c6:bw=10,experts=[7]; c15:bw=75,experts=[0,1,2,4,5,6,7]; c19:bw=22,experts=[4,6]; c0:bw=10,experts=[4]; c18:bw=55,experts=[0,2,4,5,6]; c22:bw=67,experts=[0,1,2,4,5,6]; c27:bw=21,experts=[4,6]; c1:bw=58,experts=[0,1,4,5,6]; c24:bw=37,experts=[0,4,6]; c21:bw=10,experts=[4]; c28:bw=30,experts=[4,5,6]; c2:bw=36,experts=[4,5,6]; c17:bw=43,experts=[4,5,6,7]; c25:bw=17,experts=[4]; c5:bw=20,experts=[4,6]; c7:bw=47,experts=[1,4,6,7]; c20:bw=64,experts=[0,1,3,4,5,6]; c26:bw=38,experts=[4,5,6]; c11:bw=50,experts=[0,2,4,5,6]; c4:bw=27,experts=[4,6]","1.8812,2.7338,4.6145,2.5113,3.6443,2.7374,2.1258,2.0735,2.1017,2.3849,1.8183,1.9105,2.2916,1.7513,2.5931,2.4535,2.8073,1.7213,1.9189,1.6689,2.4220,1.9916,3.0802,3.0527,4.5082,2.0733,3.1353,1.6573,3.3080,3.0280"
85,2026-09-24 21:37:02,Ours,0.01,1.7595014564896185,56.41,56.41,85,85.8091,1:25.81,76.8923,7.4532,1.4603,6612.0334,1:50:12.03,30,"10,8,1,25,0,29,3,4,5,17,20,18,6,12,13,19,2,7,21,23,16,11,26,27,28,9,15,22,24,14",10:44;8:70;1:57;25:19;0:38;29:35;3:51;4:42;5:12;17:49;20:30;18:51;6:42;12:47;13:35;19:54;2:45;7:11;21:64;23:57;16:19;11:10;26:36;27:53;28:47;9:58;15:70;22:27;24:18;14:44,"10:[1,4,5,6];8:[0,1,2,4,5,6,7];1:[0,1,4,5,6];25:[4];0:[1,2,4];29:[1,4,6];3:[0,2,4,5,6];4:[0,4,5,6];5:[4];17:[0,4,5,6];20:[0,4,6];18:[0,2,4,5,6];6:[0,4,5,6];12:[0,4,5,6];13:[2,4,6];19:[0,2,4,5,6];2:[0,1,4,6];7:[4];21:[0,1,2,4,5,6];23:[0,2,4,5,6];16:[4];11:[4];26:[4,5,6];27:[0,2,4,5,6];28:[0,1,4,6];9:[0,2,4,5,6];15:[0,1,2,4,5,6,7];22:[4,6];24:[4];14:[1,3,4,6]","c10:bw=44,experts=[1,4,5,6]; c8:bw=70,experts=[0,1,2,4,5,6,7]; c1:bw=57,experts=[0,1,4,5,6]; c25:bw=19,experts=[4]; c0:bw=38,experts=[1,2,4]; c29:bw=35,experts=[1,4,6]; c3:bw=51,experts=[0,2,4,5,6]; c4:bw=42,experts=[0,4,5,6]; c5:bw=12,experts=[4]; c17:bw=49,experts=[0,4,5,6]; c20:bw=30,experts=[0,4,6]; c18:bw=51,experts=[0,2,4,5,6]; c6:bw=42,experts=[0,4,5,6]; c12:bw=47,experts=[0,4,5,6]; c13:bw=35,experts=[2,4,6]; c19:bw=54,experts=[0,2,4,5,6]; c2:bw=45,experts=[0,1,4,6]; c7:bw=11,experts=[4]; c21:bw=64,experts=[0,1,2,4,5,6]; c23:bw=57,experts=[0,2,4,5,6]; c16:bw=19,experts=[4]; c11:bw=10,experts=[4]; c26:bw=36,experts=[4,5,6]; c27:bw=53,experts=[0,2,4,5,6]; c28:bw=47,experts=[0,1,4,6]; c9:bw=58,experts=[0,2,4,5,6]; c15:bw=70,experts=[0,1,2,4,5,6,7]; c22:bw=27,experts=[4,6]; c24:bw=18,experts=[4]; c14:bw=44,experts=[1,3,4,6]","3.7228,1.8962,1.7705,3.0875,1.7888,4.7520,2.4256,3.0991,4.5008,2.9953,3.1158,2.6302,1.8046,2.7771,2.5252,2.2918,2.0146,2.0647,1.6988,2.1233,2.7350,3.3473,1.6882,2.9110,2.4904,2.1548,1.8893,2.5378,1.9526,2.1011"
86,2026-09-24 21:38:26,Ours,0.01,1.7665194026106883,56.72,56.72,86,84.2566,1:24.26,75.5674,7.2224,1.4589,6696.3329,1:51:36.33,30,"9,10,16,25,29,14,27,2,22,4,8,26,12,18,24,23,3,13,1,28,11,15,20,0,6,7,17,21,5,19",9:43;10:47;16:50;25:36;29:18;14:45;27:44;2:24;22:44;4:18;8:28;26:66;12:28;18:52;24:24;23:47;3:28;13:55;1:72;28:42;11:38;15:55;20:27;0:30;6:55;7:44;17:40;21:34;5:47;19:18,"9:[0,4,5,6];10:[1,4,6,7];16:[0,2,4,5,6];25:[4,5,6];29:[2];14:[0,4,5,6];27:[0,4,5,6];2:[4,6];22:[1,4,5,6];4:[4];8:[4,6];26:[0,1,2,4,5,6];12:[4,6];18:[0,1,4,5,6];24:[4,6];23:[0,4,5,6];3:[4,6];13:[0,2,4,5,6];1:[0,1,2,4,5,6,7];28:[4,5,6,7];11:[1,4,6];15:[0,2,4,5,6];20:[4,6];0:[4,5,6];6:[1,2,4,5,6];7:[0,1,4,6];17:[0,4,5,6];21:[0,4,6];5:[2,4,5,6];19:[4]","c9:bw=43,experts=[0,4,5,6]; c10:bw=47,experts=[1,4,6,7]; c16:bw=50,experts=[0,2,4,5,6]; c25:bw=36,experts=[4,5,6]; c29:bw=18,experts=[2]; c14:bw=45,experts=[0,4,5,6]; c27:bw=44,experts=[0,4,5,6]; c2:bw=24,experts=[4,6]; c22:bw=44,experts=[1,4,5,6]; c4:bw=18,experts=[4]; c8:bw=28,experts=[4,6]; c26:bw=66,experts=[0,1,2,4,5,6]; c12:bw=28,experts=[4,6]; c18:bw=52,experts=[0,1,4,5,6]; c24:bw=24,experts=[4,6]; c23:bw=47,experts=[0,4,5,6]; c3:bw=28,experts=[4,6]; c13:bw=55,experts=[0,2,4,5,6]; c1:bw=72,experts=[0,1,2,4,5,6,7]; c28:bw=42,experts=[4,5,6,7]; c11:bw=38,experts=[1,4,6]; c15:bw=55,experts=[0,2,4,5,6]; c20:bw=27,experts=[4,6]; c0:bw=30,experts=[4,5,6]; c6:bw=55,experts=[1,2,4,5,6]; c7:bw=44,experts=[0,1,4,6]; c17:bw=40,experts=[0,4,5,6]; c21:bw=34,experts=[0,4,6]; c5:bw=47,experts=[2,4,5,6]; c19:bw=18,experts=[4]","2.1266,3.7322,2.7344,3.0892,4.6026,2.0739,2.8276,1.9794,2.4598,3.0439,1.8443,1.7141,2.7222,2.5710,1.9185,2.0616,2.3648,2.4895,1.7352,2.4280,3.2988,1.8379,3.0459,1.7492,1.8031,2.0366,2.9579,1.6709,4.4192,2.2290"
87,2026-09-24 21:39:51,Ours,0.01,1.7628765690745716,56.88,56.88,87,84.446,1:24.45,75.5647,7.4306,1.4474,6780.8224,1:53:00.82,30,"16,8,18,13,15,26,6,20,12,7,24,1,23,27,0,19,11,9,4,14,10,21,2,5,28,17,3,25,22,29",16:45;8:46;18:45;13:45;15:63;26:47;6:60;20:54;12:45;7:22;24:30;1:29;23:30;27:62;0:35;19:33;11:18;9:37;4:34;14:36;10:49;21:36;2:67;5:10;28:31;17:25;3:68;25:67;22:21;29:24,"16:[1,4,5,6];8:[0,1,4,6];18:[4,5,6,7];13:[0,4,5,6];15:[0,1,2,4,5,6];26:[0,4,5,6];6:[0,1,2,4,5,6];20:[0,1,4,5,6];12:[0,4,5,6];7:[4,6];24:[3,4,6];1:[4,6];23:[4,6,7];27:[0,1,2,4,5,6];0:[4,5,6];19:[4,5,6];11:[4];9:[0,4,6];4:[2,3,7];14:[2,4,6];10:[2,4,5,6];21:[0,4,6];2:[0,1,2,4,5,6];5:[7];28:[1,4,6];17:[4,6];3:[0,2,4,5,6,7];25:[0,1,2,4,5,6];22:[3,4];29:[4,5]","c16:bw=45,experts=[1,4,5,6]; c8:bw=46,experts=[0,1,4,6]; c18:bw=45,experts=[4,5,6,7]; c13:bw=45,experts=[0,4,5,6]; c15:bw=63,experts=[0,1,2,4,5,6]; c26:bw=47,experts=[0,4,5,6]; c6:bw=60,experts=[0,1,2,4,5,6]; c20:bw=54,experts=[0,1,4,5,6]; c12:bw=45,experts=[0,4,5,6]; c7:bw=22,experts=[4,6]; c24:bw=30,experts=[3,4,6]; c1:bw=29,experts=[4,6]; c23:bw=30,experts=[4,6,7]; c27:bw=62,experts=[0,1,2,4,5,6]; c0:bw=35,experts=[4,5,6]; c19:bw=33,experts=[4,5,6]; c11:bw=18,experts=[4]; c9:bw=37,experts=[0,4,6]; c4:bw=34,experts=[2,3,7]; c14:bw=36,experts=[2,4,6]; c10:bw=49,experts=[2,4,5,6]; c21:bw=36,experts=[0,4,6]; c2:bw=67,experts=[0,1,2,4,5,6]; c5:bw=10,experts=[7]; c28:bw=31,experts=[1,4,6]; c17:bw=25,experts=[4,6]; c3:bw=68,experts=[0,2,4,5,6,7]; c25:bw=67,experts=[0,1,2,4,5,6]; c22:bw=21,experts=[3,4]; c29:bw=24,experts=[4,5]","2.7502,1.8766,2.6361,2.5085,1.8599,1.6780,1.8041,3.1122,2.7254,2.0383,1.9435,1.7301,2.0629,2.8144,1.7673,2.2221,3.2176,2.0869,2.9776,2.0502,3.6483,1.6848,1.9988,4.4020,2.4184,2.9652,2.3889,3.0888,2.4678,4.6396"
88,2026-09-24 21:41:15,Ours,0.01,1.7590240035932905,56.63,56.88,87,84.9249,1:24.92,76.1108,7.3521,1.4585,6865.7904,1:54:25.79,30,"21,11,6,20,7,4,16,14,8,10,28,18,12,15,5,22,23,24,3,0,27,9,25,19,13,17,2,29,26,1",21:42;11:10;6:27;20:41;7:41;4:38;16:30;14:10;8:43;10:71;28:24;18:22;12:61;15:60;5:30;22:57;23:52;24:36;3:33;0:62;27:40;9:31;25:26;19:23;13:34;17:30;2:46;29:16;26:69;1:28,"21:[0,3,4,6];11:[3];6:[3,4];20:[4,5,6,7];7:[3,4,5,6];4:[1,4,6];16:[3,4,6];14:[7];8:[0,3,4,6];10:[0,1,2,3,4,5,6];28:[3,4];18:[3,4];12:[0,1,2,4,5,6];15:[0,1,3,4,5,6];5:[3,4,6];22:[0,1,4,5,6];23:[0,1,4,5,6];24:[4,5,6];3:[4,5,6];0:[0,1,3,4,5,6];27:[3,4,6,7];9:[3,4,7];25:[4,6];19:[3,4];13:[3,4,6];17:[1,2,4];2:[3,4,6,7];29:[3];26:[0,2,3,4,5,6];1:[3,4]","c21:bw=42,experts=[0,3,4,6]; c11:bw=10,experts=[3]; c6:bw=27,experts=[3,4]; c20:bw=41,experts=[4,5,6,7]; c7:bw=41,experts=[3,4,5,6]; c4:bw=38,experts=[1,4,6]; c16:bw=30,experts=[3,4,6]; c14:bw=10,experts=[7]; c8:bw=43,experts=[0,3,4,6]; c10:bw=71,experts=[0,1,2,3,4,5,6]; c28:bw=24,experts=[3,4]; c18:bw=22,experts=[3,4]; c12:bw=61,experts=[0,1,2,4,5,6]; c15:bw=60,experts=[0,1,3,4,5,6]; c5:bw=30,experts=[3,4,6]; c22:bw=57,experts=[0,1,4,5,6]; c23:bw=52,experts=[0,1,4,5,6]; c24:bw=36,experts=[4,5,6]; c3:bw=33,experts=[4,5,6]; c0:bw=62,experts=[0,1,3,4,5,6]; c27:bw=40,experts=[3,4,6,7]; c9:bw=31,experts=[3,4,7]; c25:bw=26,experts=[4,6]; c19:bw=23,experts=[3,4]; c13:bw=34,experts=[3,4,6]; c17:bw=30,experts=[1,2,4]; c2:bw=46,experts=[3,4,6,7]; c29:bw=16,experts=[3]; c26:bw=69,experts=[0,2,3,4,5,6]; c1:bw=28,experts=[3,4]","1.6950,3.3222,1.8082,3.1235,2.0781,3.0996,2.7671,2.0991,1.8853,3.7229,2.4316,2.6150,2.7337,1.8621,4.4431,2.4495,2.0889,1.9191,2.4045,1.7878,2.8514,2.1212,3.0520,2.2644,2.4717,3.0482,1.9650,4.5934,1.6769,1.7303"
89,2026-09-24 21:42:40,Ours,0.01,1.7791533516805123,57.15,57.15,89,84.3276,1:24.33,75.6099,7.2242,1.4903,6950.164,1:55:50.16,30,"22,26,16,21,23,15,0,6,7,28,18,27,8,9,20,2,4,1,10,5,17,19,13,25,11,12,29,14,24,3",22:42;26:10;16:50;21:28;23:24;15:61;0:13;6:32;7:21;28:20;18:55;27:10;8:74;9:60;20:31;2:44;4:30;1:41;10:28;5:46;17:40;19:16;13:10;25:17;11:36;12:34;29:14;14:30;24:58;3:31,"22:[0,1,4,6];26:[7];16:[0,1,2,4,6];21:[4,6];23:[4,6];15:[0,1,2,4,5,6];0:[7];6:[4,5,6];7:[4,6];28:[2,4];18:[0,2,4,5,6];27:[4];8:[0,1,2,3,4,5,6];9:[0,1,2,4,5,6];20:[1,4,6];2:[2,4,5,6];4:[4,5,6];1:[0,4,5,6];10:[4,6];5:[0,1,4,6];17:[0,3,4,6];19:[7];13:[7];25:[3];11:[4,6,7];12:[4,6,7];29:[7];14:[0,4,6];24:[0,2,4,5,6];3:[1,4,6]","c22:bw=42,experts=[0,1,4,6]; c26:bw=10,experts=[7]; c16:bw=50,experts=[0,1,2,4,6]; c21:bw=28,experts=[4,6]; c23:bw=24,experts=[4,6]; c15:bw=61,experts=[0,1,2,4,5,6]; c0:bw=13,experts=[7]; c6:bw=32,experts=[4,5,6]; c7:bw=21,experts=[4,6]; c28:bw=20,experts=[2,4]; c18:bw=55,experts=[0,2,4,5,6]; c27:bw=10,experts=[4]; c8:bw=74,experts=[0,1,2,3,4,5,6]; c9:bw=60,experts=[0,1,2,4,5,6]; c20:bw=31,experts=[1,4,6]; c2:bw=44,experts=[2,4,5,6]; c4:bw=30,experts=[4,5,6]; c1:bw=41,experts=[0,4,5,6]; c10:bw=28,experts=[4,6]; c5:bw=46,experts=[0,1,4,6]; c17:bw=40,experts=[0,3,4,6]; c19:bw=16,experts=[7]; c13:bw=10,experts=[7]; c25:bw=17,experts=[3]; c11:bw=36,experts=[4,6,7]; c12:bw=34,experts=[4,6,7]; c29:bw=14,experts=[7]; c14:bw=30,experts=[0,4,6]; c24:bw=58,experts=[0,2,4,5,6]; c3:bw=31,experts=[1,4,6]","2.4843,1.6699,2.7532,1.6747,2.0919,1.8489,1.7338,1.7954,2.0375,2.4070,2.6483,2.7898,1.8528,2.1342,3.1047,1.9879,3.0479,1.7234,3.6917,4.4186,2.9427,2.2246,2.4529,3.0511,3.3235,2.7260,4.6057,2.0803,1.9350,2.3722"
90,2026-09-24 21:44:05,Ours,0.01,1.7415956028367647,57.2,57.2,90,85.1509,1:25.15,76.2782,7.4155,1.4539,7035.3606,1:57:15.36,30,"8,23,10,2,19,24,17,9,1,29,5,28,14,12,21,11,20,4,16,7,26,22,3,0,25,15,6,18,13,27",8:50;23:44;10:10;2:21;19:15;24:43;17:22;9:63;1:31;29:17;5:27;28:44;14:16;12:43;21:66;11:41;20:56;4:35;16:57;7:72;26:55;22:31;3:36;0:64;25:51;15:61;6:26;18:50;13:65;27:27,"8:[0,2,4,5,6];23:[0,1,4,6];10:[4];2:[4,6];19:[4];24:[0,1,4,6];17:[4,6];9:[0,1,2,4,5,6];1:[4,5,6];29:[4];5:[4,6];28:[0,4,5,6];14:[4];12:[0,4,5,6];21:[0,2,4,5,6,7];11:[0,4,5,6];20:[0,1,4,5,6];4:[4,5,6];16:[0,2,4,5,6];7:[0,1,2,4,5,6,7];26:[0,2,4,5,6];22:[1,4,6];3:[0,4,6];0:[0,1,2,4,5,6];25:[1,4,5,6,7];15:[0,1,2,4,5,6];6:[4,6];18:[0,1,4,5,6];13:[0,1,2,4,5,6];27:[4,6]","c8:bw=50,experts=[0,2,4,5,6]; c23:bw=44,experts=[0,1,4,6]; c10:bw=10,experts=[4]; c2:bw=21,experts=[4,6]; c19:bw=15,experts=[4]; c24:bw=43,experts=[0,1,4,6]; c17:bw=22,experts=[4,6]; c9:bw=63,experts=[0,1,2,4,5,6]; c1:bw=31,experts=[4,5,6]; c29:bw=17,experts=[4]; c5:bw=27,experts=[4,6]; c28:bw=44,experts=[0,4,5,6]; c14:bw=16,experts=[4]; c12:bw=43,experts=[0,4,5,6]; c21:bw=66,experts=[0,2,4,5,6,7]; c11:bw=41,experts=[0,4,5,6]; c20:bw=56,experts=[0,1,4,5,6]; c4:bw=35,experts=[4,5,6]; c16:bw=57,experts=[0,2,4,5,6]; c7:bw=72,experts=[0,1,2,4,5,6,7]; c26:bw=55,experts=[0,2,4,5,6]; c22:bw=31,experts=[1,4,6]; c3:bw=36,experts=[0,4,6]; c0:bw=64,experts=[0,1,2,4,5,6]; c25:bw=51,experts=[1,4,5,6,7]; c15:bw=61,experts=[0,1,2,4,5,6]; c6:bw=26,experts=[4,6]; c18:bw=50,experts=[0,1,4,5,6]; c13:bw=65,experts=[0,1,2,4,5,6]; c27:bw=27,experts=[4,6]","1.8880,2.1151,3.7201,2.0299,2.2908,1.9959,3.0020,2.1633,1.7158,4.5933,4.3678,2.4205,2.0972,2.7337,1.6886,3.3093,3.0861,3.0761,2.7517,2.0742,1.6938,2.5081,2.4323,1.7883,3.1032,1.8712,1.8086,2.6445,2.4981,2.8106"
91,2026-09-24 21:45:30,Ours,0.01,1.73056857383854,56.89,57.2,90,85.2632,1:25.26,76.3626,7.4212,1.476,7120.6684,1:58:40.67,30,"7,19,2,18,3,16,8,10,11,29,24,17,15,12,0,23,26,9,14,5,20,1,22,25,28,4,6,13,21,27",7:51;19:51;2:11;18:13;3:40;16:24;8:23;10:49;11:67;29:14;24:41;17:63;15:45;12:62;0:22;23:22;26:63;9:35;14:42;5:52;20:20;1:50;22:21;25:49;28:42;4:54;6:29;13:46;21:46;27:46,"7:[0,1,4,5,6];19:[0,1,4,5,6];2:[4];18:[4];3:[3,4,5,6];16:[4,6];8:[4,6];10:[2,4,5,6];11:[0,1,2,4,5,6];29:[0];24:[4,5,6,7];17:[0,1,2,4,5,6];15:[0,1,4,6];12:[0,1,2,4,5,6];0:[4,6];23:[3,4];26:[0,1,2,4,5,6];9:[4,5,6];14:[1,4,5,6];5:[0,1,4,5,6];20:[2,4];1:[0,1,4,5,6];22:[4,7];25:[1,2,4,6];28:[0,1,4,6];4:[0,1,4,5,6];6:[4,6];13:[0,1,4,6];21:[0,4,5,6];27:[2,4,5,6]","c7:bw=51,experts=[0,1,4,5,6]; c19:bw=51,experts=[0,1,4,5,6]; c2:bw=11,experts=[4]; c18:bw=13,experts=[4]; c3:bw=40,experts=[3,4,5,6]; c16:bw=24,experts=[4,6]; c8:bw=23,experts=[4,6]; c10:bw=49,experts=[2,4,5,6]; c11:bw=67,experts=[0,1,2,4,5,6]; c29:bw=14,experts=[0]; c24:bw=41,experts=[4,5,6,7]; c17:bw=63,experts=[0,1,2,4,5,6]; c15:bw=45,experts=[0,1,4,6]; c12:bw=62,experts=[0,1,2,4,5,6]; c0:bw=22,experts=[4,6]; c23:bw=22,experts=[3,4]; c26:bw=63,experts=[0,1,2,4,5,6]; c9:bw=35,experts=[4,5,6]; c14:bw=42,experts=[1,4,5,6]; c5:bw=52,experts=[0,1,4,5,6]; c20:bw=20,experts=[2,4]; c1:bw=50,experts=[0,1,4,5,6]; c22:bw=21,experts=[4,7]; c25:bw=49,experts=[1,2,4,6]; c28:bw=42,experts=[0,1,4,6]; c4:bw=54,experts=[0,1,4,5,6]; c6:bw=29,experts=[4,6]; c13:bw=46,experts=[0,1,4,6]; c21:bw=46,experts=[0,4,5,6]; c27:bw=46,experts=[2,4,5,6]","2.0529,2.2516,2.0182,2.6860,2.4248,2.7881,1.8933,3.7343,3.3857,4.6345,1.9546,2.9749,1.8598,2.7484,1.7584,2.0720,1.6789,2.1262,2.0705,4.4385,3.0820,1.7612,2.4706,3.1195,2.4328,3.1250,1.8203,2.4714,1.6890,2.8391"
92,2026-09-24 21:46:56,Ours,0.01,1.7306185195182096,57.4,57.4,92,85.1224,1:25.12,76.5273,7.1238,1.4681,7205.8366,2:00:05.84,30,"14,21,25,28,13,6,18,16,0,11,4,9,5,24,23,12,8,2,7,17,15,26,1,3,29,22,19,20,10,27",14:30;21:57;25:30;28:40;13:17;6:45;18:37;16:14;0:29;11:15;4:26;9:56;5:66;24:33;23:19;12:48;8:19;2:25;7:34;17:32;15:19;26:46;1:20;3:28;29:35;22:44;19:54;20:56;10:37;27:63,"14:[0,4,6];21:[0,2,4,5,6];25:[0,4,6];28:[0,1,4,6];13:[4];6:[4,5,6,7];18:[4,5,6];16:[7];0:[4,6];11:[4];4:[4,6];9:[0,1,4,5,6];5:[0,1,2,4,5,6];24:[1,4,6];23:[4];12:[3,4,5,6];8:[4];2:[4,6];7:[4,5,6];17:[4,6,7];15:[4];26:[0,4,5,6];1:[4,6];3:[4,6];29:[1,4,6];22:[2,4,5,6];19:[0,2,4,5,6];20:[0,1,3,4,6];10:[0,4,6];27:[0,1,2,4,5,6]","c14:bw=30,experts=[0,4,6]; c21:bw=57,experts=[0,2,4,5,6]; c25:bw=30,experts=[0,4,6]; c28:bw=40,experts=[0,1,4,6]; c13:bw=17,experts=[4]; c6:bw=45,experts=[4,5,6,7]; c18:bw=37,experts=[4,5,6]; c16:bw=14,experts=[7]; c0:bw=29,experts=[4,6]; c11:bw=15,experts=[4]; c4:bw=26,experts=[4,6]; c9:bw=56,experts=[0,1,4,5,6]; c5:bw=66,experts=[0,1,2,4,5,6]; c24:bw=33,experts=[1,4,6]; c23:bw=19,experts=[4]; c12:bw=48,experts=[3,4,5,6]; c8:bw=19,experts=[4]; c2:bw=25,experts=[4,6]; c7:bw=34,experts=[4,5,6]; c17:bw=32,experts=[4,6,7]; c15:bw=19,experts=[4]; c26:bw=46,experts=[0,4,5,6]; c1:bw=20,experts=[4,6]; c3:bw=28,experts=[4,6]; c29:bw=35,experts=[1,4,6]; c22:bw=44,experts=[2,4,5,6]; c19:bw=54,experts=[0,2,4,5,6]; c20:bw=56,experts=[0,1,3,4,6]; c10:bw=37,experts=[0,4,6]; c27:bw=63,experts=[0,1,2,4,5,6]","2.0769,1.6855,3.0854,2.4311,2.4531,1.8126,2.6603,2.7238,1.7351,3.3303,3.1117,2.2434,4.5190,1.9581,2.0873,2.7549,1.8708,2.0063,2.0394,2.9822,1.8692,1.7219,1.7536,2.3785,4.6698,2.5151,2.2915,3.1797,3.7052,2.8754"
93,2026-09-24 21:48:21,Ours,0.01,1.729064769203179,57.55,57.55,93,85.0403,1:25.04,76.3521,7.2532,1.4316,7290.9222,2:01:30.92,30,"21,8,3,5,29,26,13,22,25,27,4,2,12,19,6,11,18,14,16,23,24,1,10,20,7,17,9,0,28,15",21:34;8:10;3:31;5:10;29:47;26:61;13:63;22:14;25:52;27:39;4:32;2:51;12:52;19:39;6:22;11:32;18:23;14:25;16:46;23:22;24:50;1:47;10:15;20:57;7:22;17:32;9:58;0:19;28:47;15:36,"21:[1,4,6];8:[7];3:[0,4,6];5:[4];29:[0,1,4,6];26:[0,1,2,4,5,6];13:[0,1,2,4,5,6];22:[4];25:[0,2,4,5,6];27:[4,5,6];4:[4,5,6];2:[0,2,4,5,6];12:[0,1,4,5,6];19:[4,5,6];6:[4,6];11:[4,5,6];18:[4,6];14:[3,4];16:[0,1,4,6];23:[2,4];24:[0,1,4,5,6];1:[0,1,4,6];10:[4];20:[0,1,4,5,6];7:[4,6];17:[0,4,6];9:[0,2,4,5,6];0:[4];28:[0,1,4,6];15:[4,6,7]","c21:bw=34,experts=[1,4,6]; c8:bw=10,experts=[7]; c3:bw=31,experts=[0,4,6]; c5:bw=10,experts=[4]; c29:bw=47,experts=[0,1,4,6]; c26:bw=61,experts=[0,1,2,4,5,6]; c13:bw=63,experts=[0,1,2,4,5,6]; c22:bw=14,experts=[4]; c25:bw=52,experts=[0,2,4,5,6]; c27:bw=39,experts=[4,5,6]; c4:bw=32,experts=[4,5,6]; c2:bw=51,experts=[0,2,4,5,6]; c12:bw=52,experts=[0,1,4,5,6]; c19:bw=39,experts=[4,5,6]; c6:bw=22,experts=[4,6]; c11:bw=32,experts=[4,5,6]; c18:bw=23,experts=[4,6]; c14:bw=25,experts=[3,4]; c16:bw=46,experts=[0,1,4,6]; c23:bw=22,experts=[2,4]; c24:bw=50,experts=[0,1,4,5,6]; c1:bw=47,experts=[0,1,4,6]; c10:bw=15,experts=[4]; c20:bw=57,experts=[0,1,4,5,6]; c7:bw=22,experts=[4,6]; c17:bw=32,experts=[0,4,6]; c9:bw=58,experts=[0,2,4,5,6]; c0:bw=19,experts=[4]; c28:bw=47,experts=[0,1,4,6]; c15:bw=36,experts=[4,6,7]","1.6721,1.8576,2.4045,4.5181,4.7455,1.7193,2.5525,2.5049,3.1268,2.8490,3.1038,1.9942,2.7679,2.2452,1.7968,3.3115,2.6285,2.0990,2.7605,2.1085,1.9336,1.7262,3.6247,3.0414,2.0293,2.9721,2.1532,1.7642,2.4906,1.8509"
94,2026-09-24 21:49:45,Ours,0.01,1.7198481308688751,57.92,57.92,94,84.2307,1:24.23,75.5155,7.2462,1.4652,7375.1979,2:02:55.20,30,"27,26,21,28,1,11,8,17,0,12,15,22,5,18,25,9,24,6,14,10,3,13,7,20,19,4,16,29,2,23",27:26;26:55;21:30;28:60;1:70;11:48;8:10;17:12;0:55;12:14;15:40;22:52;5:41;18:47;25:18;9:50;24:39;6:30;14:38;10:61;3:34;13:44;7:45;20:10;19:48;4:31;16:28;29:10;2:65;23:38,"27:[4,6];26:[0,1,4,5,6];21:[0,4,6];28:[0,1,4,5,6,7];1:[0,1,2,4,5,6,7];11:[0,4,5,6];8:[4];17:[4];0:[0,1,4,5,6];12:[4];15:[0,4,5,6];22:[0,1,4,5,6];5:[0,1,4,6];18:[2,4,5,6];25:[4];9:[0,1,4,5,6];24:[1,4,6];6:[0,4,6];14:[1,4,6];10:[0,1,4,5,6,7];3:[0,4,6];13:[0,4,5,6];7:[1,4,5,6];20:[4];19:[2,4,5,6];4:[1,4,6];16:[4,6];29:[2];2:[0,1,2,4,5,6];23:[4,5,6]","c27:bw=26,experts=[4,6]; c26:bw=55,experts=[0,1,4,5,6]; c21:bw=30,experts=[0,4,6]; c28:bw=60,experts=[0,1,4,5,6,7]; c1:bw=70,experts=[0,1,2,4,5,6,7]; c11:bw=48,experts=[0,4,5,6]; c8:bw=10,experts=[4]; c17:bw=12,experts=[4]; c0:bw=55,experts=[0,1,4,5,6]; c12:bw=14,experts=[4]; c15:bw=40,experts=[0,4,5,6]; c22:bw=52,experts=[0,1,4,5,6]; c5:bw=41,experts=[0,1,4,6]; c18:bw=47,experts=[2,4,5,6]; c25:bw=18,experts=[4]; c9:bw=50,experts=[0,1,4,5,6]; c24:bw=39,experts=[1,4,6]; c6:bw=30,experts=[0,4,6]; c14:bw=38,experts=[1,4,6]; c10:bw=61,experts=[0,1,4,5,6,7]; c3:bw=34,experts=[0,4,6]; c13:bw=44,experts=[0,4,5,6]; c7:bw=45,experts=[1,4,5,6]; c20:bw=10,experts=[4]; c19:bw=48,experts=[2,4,5,6]; c4:bw=31,experts=[1,4,6]; c16:bw=28,experts=[4,6]; c29:bw=10,experts=[2]; c2:bw=65,experts=[0,1,2,4,5,6]; c23:bw=38,experts=[4,5,6]","2.8077,1.6864,1.6733,2.4509,1.7274,3.3171,1.8362,2.8880,1.7553,2.7024,1.8252,2.4079,4.4213,2.6181,3.0285,2.1227,1.9463,1.8205,2.0828,3.6851,2.3362,2.5222,2.0604,3.0893,2.2501,3.0941,2.7210,4.5609,1.9998,2.0780"
95,2026-09-24 21:51:10,Ours,0.01,1.7310324499277834,57.44,57.92,94,84.9421,1:24.94,76.2267,7.2461,1.466,7460.1869,2:04:20.19,30,"26,6,2,19,15,24,14,23,0,21,10,29,18,4,12,5,1,7,11,27,20,9,17,22,25,8,13,28,3,16",26:28;6:40;2:23;19:42;15:34;24:33;14:49;23:32;0:35;21:46;10:42;29:48;18:28;4:15;12:10;5:10;1:31;7:59;11:10;27:10;20:56;9:42;17:47;22:10;25:36;8:76;13:59;28:30;3:41;16:24,"26:[4,6];6:[1,2,4,6];2:[4,6];19:[0,4,5,6];15:[4,5,6];24:[3,4,6];14:[0,2,4,6];23:[4,6,7];0:[0,4,6];21:[0,2,4,6];10:[0,4,5,6];29:[0,4,5,6];18:[4,7];4:[2];12:[4];5:[7];1:[1,4,6];7:[0,2,4,5,6];11:[4];27:[4];20:[0,2,4,5,6];9:[2,4,5,6];17:[2,4,5,6];22:[3];25:[4,5,6];8:[0,1,2,3,4,5,6];13:[0,1,4,5,6];28:[1,4,6];3:[2,4,6,7];16:[4,6]","c26:bw=28,experts=[4,6]; c6:bw=40,experts=[1,2,4,6]; c2:bw=23,experts=[4,6]; c19:bw=42,experts=[0,4,5,6]; c15:bw=34,experts=[4,5,6]; c24:bw=33,experts=[3,4,6]; c14:bw=49,experts=[0,2,4,6]; c23:bw=32,experts=[4,6,7]; c0:bw=35,experts=[0,4,6]; c21:bw=46,experts=[0,2,4,6]; c10:bw=42,experts=[0,4,5,6]; c29:bw=48,experts=[0,4,5,6]; c18:bw=28,experts=[4,7]; c4:bw=15,experts=[2]; c12:bw=10,experts=[4]; c5:bw=10,experts=[7]; c1:bw=31,experts=[1,4,6]; c7:bw=59,experts=[0,2,4,5,6]; c11:bw=10,experts=[4]; c27:bw=10,experts=[4]; c20:bw=56,experts=[0,2,4,5,6]; c9:bw=42,experts=[2,4,5,6]; c17:bw=47,experts=[2,4,5,6]; c22:bw=10,experts=[3]; c25:bw=36,experts=[4,5,6]; c8:bw=76,experts=[0,1,2,3,4,5,6]; c13:bw=59,experts=[0,1,4,5,6]; c28:bw=30,experts=[1,4,6]; c3:bw=41,experts=[2,4,6,7]; c16:bw=24,experts=[4,6]","1.7003,1.8274,1.9905,2.2653,1.8615,1.9659,2.0725,2.0715,1.7589,1.6825,3.6757,4.6382,2.6063,3.0516,2.7167,4.4215,1.7185,2.0425,3.2862,2.7998,3.0981,2.1558,2.9860,2.4796,3.1667,1.9466,2.5398,2.5054,2.4197,2.7756"
96,2026-09-24 21:52:39,Ours,0.01,1.7180471825107413,58.63,58.63,96,88.7023,1:28.70,79.1766,8.0371,1.4811,7548.9375,2:05:48.94,30,"15,10,12,23,26,3,22,5,9,7,14,4,1,8,28,0,6,2,16,13,18,11,20,29,19,21,17,24,25,27",15:78;10:53;12:71;23:27;26:60;3:46;22:55;5:60;9:44;7:50;14:10;4:49;1:36;8:64;28:38;0:36;6:31;2:65;16:72;13:55;18:29;11:44;20:37;29:55;19:38;21:17;17:35;24:45;25:29;27:43,"15:[0,1,2,3,4,5,6];10:[2,3,4,5,6];12:[0,1,2,3,4,5,6];23:[4,6];26:[0,2,3,4,5,6];3:[0,4,5,6];22:[0,1,4,5,6];5:[0,1,3,4,5,6];9:[3,4,6,7];7:[0,1,3,4,6];14:[7];4:[3,4,6,7];1:[3,4,6];8:[0,1,2,4,5,6];28:[3,4,6];0:[3,4,6];6:[3,4,6];2:[2,3,4,5,6,7];16:[0,1,2,3,4,5,6];13:[0,1,3,4,6];18:[3,4];11:[0,3,4,6];20:[4,6,7];29:[0,3,4,5,6];19:[3,4,6];21:[3];17:[4,5,6];24:[0,1,4,6];25:[4,6];27:[3,4,6,7]","c15:bw=78,experts=[0,1,2,3,4,5,6]; c10:bw=53,experts=[2,3,4,5,6]; c12:bw=71,experts=[0,1,2,3,4,5,6]; c23:bw=27,experts=[4,6]; c26:bw=60,experts=[0,2,3,4,5,6]; c3:bw=46,experts=[0,4,5,6]; c22:bw=55,experts=[0,1,4,5,6]; c5:bw=60,experts=[0,1,3,4,5,6]; c9:bw=44,experts=[3,4,6,7]; c7:bw=50,experts=[0,1,3,4,6]; c14:bw=10,experts=[7]; c4:bw=49,experts=[3,4,6,7]; c1:bw=36,experts=[3,4,6]; c8:bw=64,experts=[0,1,2,4,5,6]; c28:bw=38,experts=[3,4,6]; c0:bw=36,experts=[3,4,6]; c6:bw=31,experts=[3,4,6]; c2:bw=65,experts=[2,3,4,5,6,7]; c16:bw=72,experts=[0,1,2,3,4,5,6]; c13:bw=55,experts=[0,1,3,4,6]; c18:bw=29,experts=[3,4]; c11:bw=44,experts=[0,3,4,6]; c20:bw=37,experts=[4,6,7]; c29:bw=55,experts=[0,3,4,5,6]; c19:bw=38,experts=[3,4,6]; c21:bw=17,experts=[3]; c17:bw=35,experts=[4,5,6]; c24:bw=45,experts=[0,1,4,6]; c25:bw=29,experts=[4,6]; c27:bw=43,experts=[3,4,6,7]","1.8899,3.7995,2.8400,2.1355,1.7442,2.4839,2.5349,4.6403,2.1766,2.1708,2.0871,3.1771,1.7822,1.9175,2.4860,1.7827,1.8497,2.0909,2.7949,2.5841,2.7584,3.6185,3.3228,4.9344,2.4460,1.8018,3.1541,2.0411,3.1739,2.9577"
97,2026-09-24 21:54:06,Ours,0.01,1.7021645993552141,57.98,58.63,96,87.3553,1:27.36,78.2911,7.5775,1.4803,7636.3416,2:07:16.34,30,"8,28,23,27,3,13,6,9,15,2,7,0,16,4,29,5,26,11,18,22,25,19,14,20,1,17,12,21,24,10",8:43;28:20;23:10;27:34;3:35;13:51;6:50;9:43;15:59;2:54;7:30;0:41;16:54;4:16;29:33;5:46;26:71;11:22;18:70;22:32;25:44;19:30;14:23;20:42;1:50;17:54;12:13;21:35;24:46;10:51,"8:[0,1,4,6];28:[2,4];23:[4];27:[4,5,6];3:[1,4,6];13:[1,4,5,6,7];6:[0,1,4,5,6];9:[0,1,4,6];15:[0,2,4,5,6];2:[0,1,4,5,6];7:[4,5,6];0:[0,4,6,7];16:[0,1,4,5,6];4:[4];29:[4,6,7];5:[1,4,5,6];26:[0,1,2,4,5,6,7];11:[4,7];18:[0,1,2,3,4,5,6];22:[4,5,6];25:[3,4,5,6];19:[4,6,7];14:[4,6];20:[1,4,5,6];1:[0,2,4,5,6];17:[0,3,4,5,6];12:[7];21:[0,4,6];24:[1,2,4,6];10:[0,2,4,5,6]","c8:bw=43,experts=[0,1,4,6]; c28:bw=20,experts=[2,4]; c23:bw=10,experts=[4]; c27:bw=34,experts=[4,5,6]; c3:bw=35,experts=[1,4,6]; c13:bw=51,experts=[1,4,5,6,7]; c6:bw=50,experts=[0,1,4,5,6]; c9:bw=43,experts=[0,1,4,6]; c15:bw=59,experts=[0,2,4,5,6]; c2:bw=54,experts=[0,1,4,5,6]; c7:bw=30,experts=[4,5,6]; c0:bw=41,experts=[0,4,6,7]; c16:bw=54,experts=[0,1,4,5,6]; c4:bw=16,experts=[4]; c29:bw=33,experts=[4,6,7]; c5:bw=46,experts=[1,4,5,6]; c26:bw=71,experts=[0,1,2,4,5,6,7]; c11:bw=22,experts=[4,7]; c18:bw=70,experts=[0,1,2,3,4,5,6]; c22:bw=32,experts=[4,5,6]; c25:bw=44,experts=[3,4,5,6]; c19:bw=30,experts=[4,6,7]; c14:bw=23,experts=[4,6]; c20:bw=42,experts=[1,4,5,6]; c1:bw=50,experts=[0,2,4,5,6]; c17:bw=54,experts=[0,3,4,5,6]; c12:bw=13,experts=[7]; c21:bw=35,experts=[0,4,6]; c24:bw=46,experts=[1,2,4,6]; c10:bw=51,experts=[0,2,4,5,6]","1.8723,2.4684,2.1458,2.9048,2.4510,2.5874,1.8633,2.2196,1.9269,2.0611,2.1147,1.8315,2.8402,3.1873,4.7826,4.5955,1.7405,3.4295,2.7574,2.5285,3.1428,2.3168,2.1212,3.1675,1.7875,3.0969,2.7929,1.7298,2.0008,3.8263"
98,2026-09-24 21:55:33,Ours,0.01,1.6935937945767106,59.17,59.17,98,86.8357,1:26.84,77.9913,7.3523,1.4884,7723.2253,2:08:43.23,30,"5,21,12,17,18,13,16,24,6,20,28,8,10,1,26,19,23,3,22,2,29,11,0,27,15,25,9,7,14,4",5:49;21:22;12:16;17:17;18:32;13:31;16:41;24:48;6:36;20:36;28:52;8:54;10:45;1:26;26:54;19:45;23:40;3:25;22:34;2:24;29:47;11:10;0:33;27:41;15:17;25:55;9:27;7:24;14:67;4:52,"5:[0,4,5,6];21:[4,7];12:[4];17:[4];18:[4,5,6];13:[1,4,6];16:[0,4,5,6];24:[0,4,5,6];6:[0,4,6];20:[0,4,6];28:[0,1,4,5,6];8:[0,2,4,5,6];10:[2,4,5,6];1:[4,6];26:[0,2,4,5,6];19:[0,4,5,6];23:[0,1,4,6];3:[4,6];22:[1,4,6];2:[4,6];29:[0,4,5,6];11:[4];0:[2,4,6];27:[0,4,5,6];15:[4];25:[1,4,5,6,7];9:[4,6];7:[4,7];14:[0,1,2,4,5,6];4:[0,1,4,5,6]","c5:bw=49,experts=[0,4,5,6]; c21:bw=22,experts=[4,7]; c12:bw=16,experts=[4]; c17:bw=17,experts=[4]; c18:bw=32,experts=[4,5,6]; c13:bw=31,experts=[1,4,6]; c16:bw=41,experts=[0,4,5,6]; c24:bw=48,experts=[0,4,5,6]; c6:bw=36,experts=[0,4,6]; c20:bw=36,experts=[0,4,6]; c28:bw=52,experts=[0,1,4,5,6]; c8:bw=54,experts=[0,2,4,5,6]; c10:bw=45,experts=[2,4,5,6]; c1:bw=26,experts=[4,6]; c26:bw=54,experts=[0,2,4,5,6]; c19:bw=45,experts=[0,4,5,6]; c23:bw=40,experts=[0,1,4,6]; c3:bw=25,experts=[4,6]; c22:bw=34,experts=[1,4,6]; c2:bw=24,experts=[4,6]; c29:bw=47,experts=[0,4,5,6]; c11:bw=10,experts=[4]; c0:bw=33,experts=[2,4,6]; c27:bw=41,experts=[0,4,5,6]; c15:bw=17,experts=[4]; c25:bw=55,experts=[1,4,5,6,7]; c9:bw=27,experts=[4,6]; c7:bw=24,experts=[4,7]; c14:bw=67,experts=[0,1,2,4,5,6]; c4:bw=52,experts=[0,1,4,5,6]","4.5918,1.7195,2.7659,3.0218,2.6462,2.5229,2.8065,1.9424,1.8257,3.1525,2.5382,1.9245,3.8047,1.7467,1.7309,2.3214,2.1451,2.4143,2.5309,2.0640,4.7910,3.3834,1.8426,2.9304,1.9032,3.2150,2.1972,2.1029,2.2023,3.2071"
99,2026-09-24 21:57:00,Ours,0.01,1.6946104376593967,58.93,59.17,98,86.645,1:26.65,77.9753,7.2148,1.4488,7809.9187,2:10:09.92,30,"6,12,0,8,20,29,14,22,17,18,23,28,26,4,2,7,5,15,10,1,24,13,16,11,27,25,9,21,3,19",6:35;12:34;0:40;8:34;20:26;29:57;14:33;22:18;17:43;18:55;23:33;28:28;26:18;4:24;2:31;7:45;5:49;15:47;10:11;1:59;24:42;13:25;16:34;11:10;27:10;25:27;9:20;21:56;3:38;19:48,"6:[4,5,6];12:[0,4,6];0:[0,4,5,6];8:[4,5,6];20:[4,6];29:[0,1,2,4,6];14:[0,4,6];22:[7];17:[0,1,4,6];18:[0,2,4,5,6];23:[3,4,6];28:[4,6];26:[4];4:[4,6];2:[1,4,6];7:[0,4,5,6];5:[0,4,5,6];15:[0,4,5,6];10:[4];1:[0,1,2,4,6];24:[4,5,6,7];13:[4,6];16:[4,5,6];11:[1];27:[4];25:[4,6];9:[4,6];21:[0,1,4,5,6];3:[3,4,6];19:[1,4,5,6]","c6:bw=35,experts=[4,5,6]; c12:bw=34,experts=[0,4,6]; c0:bw=40,experts=[0,4,5,6]; c8:bw=34,experts=[4,5,6]; c20:bw=26,experts=[4,6]; c29:bw=57,experts=[0,1,2,4,6]; c14:bw=33,experts=[0,4,6]; c22:bw=18,experts=[7]; c17:bw=43,experts=[0,1,4,6]; c18:bw=55,experts=[0,2,4,5,6]; c23:bw=33,experts=[3,4,6]; c28:bw=28,experts=[4,6]; c26:bw=18,experts=[4]; c4:bw=24,experts=[4,6]; c2:bw=31,experts=[1,4,6]; c7:bw=45,experts=[0,4,5,6]; c5:bw=49,experts=[0,4,5,6]; c15:bw=47,experts=[0,4,5,6]; c10:bw=11,experts=[4]; c1:bw=59,experts=[0,1,2,4,6]; c24:bw=42,experts=[4,5,6,7]; c13:bw=25,experts=[4,6]; c16:bw=34,experts=[4,5,6]; c11:bw=10,experts=[1]; c27:bw=10,experts=[4]; c25:bw=27,experts=[4,6]; c9:bw=20,experts=[4,6]; c21:bw=56,experts=[0,1,4,5,6]; c3:bw=38,experts=[3,4,6]; c19:bw=48,experts=[1,4,5,6]","1.8387,2.8084,1.8392,1.9189,3.2148,4.8122,2.2010,2.5336,3.0770,2.7052,2.1531,2.4857,1.7187,3.1764,2.0643,2.1222,4.5711,1.9023,3.7362,1.7938,1.9976,2.5778,2.7860,3.4050,2.8685,3.1020,2.1601,1.7062,2.4025,2.2967"
100,2026-09-24 21:58:27,Ours,0.01,1.699836086160421,58.35,59.17,98,87.5154,1:27.52,78.5002,7.5311,1.4805,7897.5594,2:11:37.56,30,"22,0,10,14,27,8,25,1,17,15,11,18,21,26,4,29,2,24,23,28,16,19,12,3,13,5,9,20,6,7",22:36;0:64;10:56;14:10;27:20;8:44;25:45;1:17;17:55;15:30;11:17;18:80;21:47;26:38;4:65;29:33;2:30;24:53;23:16;28:50;16:46;19:18;12:37;3:42;13:10;5:18;9:53;20:47;6:44;7:10,"22:[2,4,6];0:[0,1,2,4,5,6];10:[1,2,4,5,6];14:[4];27:[1,2];8:[0,4,5,6];25:[2,4,5,6];1:[4];17:[2,4,5,6,7];15:[4,5,6];11:[2];18:[0,1,2,3,4,5,6,7];21:[0,4,5,6];26:[4,5,6];4:[0,1,2,4,5,6];29:[4,5,6];2:[0,4,6];24:[0,1,4,5,6];23:[4];28:[0,1,4,5,6];16:[4,5,6,7];19:[4];12:[4,5,6];3:[0,4,5,6];13:[4];5:[2];9:[0,1,4,5,6];20:[3,4,5,6];6:[0,4,6,7];7:[4]","c22:bw=36,experts=[2,4,6]; c0:bw=64,experts=[0,1,2,4,5,6]; c10:bw=56,experts=[1,2,4,5,6]; c14:bw=10,experts=[4]; c27:bw=20,experts=[1,2]; c8:bw=44,experts=[0,4,5,6]; c25:bw=45,experts=[2,4,5,6]; c1:bw=17,experts=[4]; c17:bw=55,experts=[2,4,5,6,7]; c15:bw=30,experts=[4,5,6]; c11:bw=17,experts=[2]; c18:bw=80,experts=[0,1,2,3,4,5,6,7]; c21:bw=47,experts=[0,4,5,6]; c26:bw=38,experts=[4,5,6]; c4:bw=65,experts=[0,1,2,4,5,6]; c29:bw=33,experts=[4,5,6]; c2:bw=30,experts=[0,4,6]; c24:bw=53,experts=[0,1,4,5,6]; c23:bw=16,experts=[4]; c28:bw=50,experts=[0,1,4,5,6]; c16:bw=46,experts=[4,5,6,7]; c19:bw=18,experts=[4]; c12:bw=37,experts=[4,5,6]; c3:bw=42,experts=[0,4,5,6]; c13:bw=10,experts=[4]; c5:bw=18,experts=[2]; c9:bw=53,experts=[0,1,4,5,6]; c20:bw=47,experts=[3,4,5,6]; c6:bw=44,experts=[0,4,6,7]; c7:bw=10,experts=[4]","2.5128,1.8133,3.8048,2.1467,2.9022,1.9425,3.2242,1.7840,3.0533,1.9195,3.4120,2.7483,1.7534,1.7702,3.2550,4.7822,2.0444,1.9983,2.1585,2.5025,2.8424,2.3438,2.8349,2.4507,2.5471,4.5651,2.2425,3.1866,1.8658,2.0930"
