Round,Timestamp,Method,LR,AvgLoss,TestAcc,BestAcc,BestRound,RoundTimeSec,RoundTimeHMS,LocalTrainTimeSec,AggTimeSec,EvalTimeSec,CumulativeTimeSec,CumulativeTimeHMS,NumClientsSelected,SelectedClients,Bandwidth,SelectedExperts,UploadDetail,ClientTrainTimesSec
1,2026-09-24 19:23:18,Ours,0.00208,3.8655011740080276,2.34,2.34,1,61.1574,1:01.16,59.632,0.214,1.3096,61.1574,1:01.16,10,"8,1,5,0,7,2,9,4,3,6",8:202;1:107;5:163;0:10;7:75;2:106;9:166;4:146;3:187;6:150,"8:[0,1,2,4,5,6,10,11,12,13,15,16,18,21,22,23,24,26,28,30];1:[0,1,2,4,5,6,13,23,24,26];5:[0,1,2,4,5,6,10,11,13,15,18,21,23,24,26,30];0:[13];7:[1,2,4,6,13,23,24];2:[0,1,2,4,5,6,13,23,24,26];9:[0,1,2,4,5,6,10,11,13,15,18,21,23,24,26,30];4:[0,1,2,4,5,6,13,15,18,21,23,24,26,30];3:[0,1,2,4,5,6,10,11,13,15,16,18,21,22,23,24,26,30];6:[0,1,2,4,5,6,11,13,15,18,21,23,24,26,30]","c8:bw=202,experts=[0,1,2,4,5,6,10,11,12,13,15,16,18,21,22,23,24,26,28,30]; c1:bw=107,experts=[0,1,2,4,5,6,13,23,24,26]; c5:bw=163,experts=[0,1,2,4,5,6,10,11,13,15,18,21,23,24,26,30]; c0:bw=10,experts=[13]; c7:bw=75,experts=[1,2,4,6,13,23,24]; c2:bw=106,experts=[0,1,2,4,5,6,13,23,24,26]; c9:bw=166,experts=[0,1,2,4,5,6,10,11,13,15,18,21,23,24,26,30]; c4:bw=146,experts=[0,1,2,4,5,6,13,15,18,21,23,24,26,30]; c3:bw=187,experts=[0,1,2,4,5,6,10,11,13,15,16,18,21,22,23,24,26,30]; c6:bw=150,experts=[0,1,2,4,5,6,11,13,15,18,21,23,24,26,30]","6.6637,5.0103,7.2868,5.4452,5.3700,4.5292,3.9960,7.6385,5.9766,7.7158"
2,2026-09-24 19:24:17,Ours,0.00406,3.327469792276079,4.78,4.78,2,59.3193,0:59.32,57.8441,0.2105,1.2625,120.6409,2:00.64,10,"0,1,8,5,3,4,7,9,6,2",0:130;1:152;8:177;5:251;3:246;4:109;7:202;9:170;6:62;2:79,"0:[0,1,2,4,5,6,8,10,11,12,13,18,26];1:[0,1,2,4,5,6,8,10,11,12,13,18,21,24,26];8:[0,1,2,4,5,6,8,9,10,11,12,13,18,21,24,25,26];5:[0,1,2,4,5,6,8,9,10,11,12,13,14,15,16,17,18,21,23,24,25,26,27,28,29];3:[0,1,2,4,5,6,8,9,10,11,12,13,14,15,16,18,21,23,24,25,26,27,28,29];4:[0,2,4,6,10,11,13,18,24,26];7:[0,1,2,4,5,6,8,9,10,11,12,13,16,18,21,23,24,25,26,28];9:[0,1,2,4,5,6,8,9,10,11,12,13,18,21,24,25,26];6:[2,4,6,10,13,26];2:[0,2,4,6,10,13,26]","c0:bw=130,experts=[0,1,2,4,5,6,8,10,11,12,13,18,26]; c1:bw=152,experts=[0,1,2,4,5,6,8,10,11,12,13,18,21,24,26]; c8:bw=177,experts=[0,1,2,4,5,6,8,9,10,11,12,13,18,21,24,25,26]; c5:bw=251,experts=[0,1,2,4,5,6,8,9,10,11,12,13,14,15,16,17,18,21,23,24,25,26,27,28,29]; c3:bw=246,experts=[0,1,2,4,5,6,8,9,10,11,12,13,14,15,16,18,21,23,24,25,26,27,28,29]; c4:bw=109,experts=[0,2,4,6,10,11,13,18,24,26]; c7:bw=202,experts=[0,1,2,4,5,6,8,9,10,11,12,13,16,18,21,23,24,25,26,28]; c9:bw=170,experts=[0,1,2,4,5,6,8,9,10,11,12,13,18,21,24,25,26]; c6:bw=62,experts=[2,4,6,10,13,26]; c2:bw=79,experts=[0,2,4,6,10,13,26]","5.3753,4.9568,6.1302,7.0470,5.7454,7.8267,5.0037,3.9536,7.5378,4.2675"
3,2026-09-24 19:25:16,Ours,0.006040000000000001,3.202631686051407,5.72,5.72,3,58.9259,0:58.93,57.445,0.1933,1.2789,179.5806,2:59.58,10,"9,2,0,6,8,5,3,7,1,4",9:174;2:152;0:182;6:146;8:110;5:49;3:94;7:120;1:49;4:190,"9:[0,1,2,4,5,6,8,9,10,11,12,13,18,21,24,25,26];2:[0,1,2,4,5,6,8,9,10,11,12,13,18,21,26];0:[0,1,2,4,5,6,8,9,10,11,12,13,18,21,24,25,26,28];6:[0,2,4,5,6,8,10,11,12,13,18,24,26,28];8:[0,2,4,5,6,10,11,12,13,18,26];5:[4,6,13,26];3:[0,2,4,6,10,11,12,13,26];7:[0,2,4,5,6,10,11,12,13,18,24,26];1:[4,6,13,26];4:[0,1,2,4,5,6,8,9,10,11,12,13,18,21,23,24,25,26,28]","c9:bw=174,experts=[0,1,2,4,5,6,8,9,10,11,12,13,18,21,24,25,26]; c2:bw=152,experts=[0,1,2,4,5,6,8,9,10,11,12,13,18,21,26]; c0:bw=182,experts=[0,1,2,4,5,6,8,9,10,11,12,13,18,21,24,25,26,28]; c6:bw=146,experts=[0,2,4,5,6,8,10,11,12,13,18,24,26,28]; c8:bw=110,experts=[0,2,4,5,6,10,11,12,13,18,26]; c5:bw=49,experts=[4,6,13,26]; c3:bw=94,experts=[0,2,4,6,10,11,12,13,26]; c7:bw=120,experts=[0,2,4,5,6,10,11,12,13,18,24,26]; c1:bw=49,experts=[4,6,13,26]; c4:bw=190,experts=[0,1,2,4,5,6,8,9,10,11,12,13,18,21,23,24,25,26,28]","3.9920,4.2233,5.2408,7.5222,5.9443,7.0559,5.7737,5.1837,4.8749,7.6343"
4,2026-09-24 19:26:15,Ours,0.00802,3.1192831889913646,7.53,7.53,4,59.3607,0:59.36,57.8936,0.1923,1.2728,238.9566,3:58.96,10,"1,7,6,2,8,0,3,4,5,9",1:145;7:164;6:194;2:219;8:115;0:215;3:124;4:204;5:268;9:79,"1:[0,1,2,4,5,6,8,9,10,12,13,18,24,26];7:[0,1,2,4,5,6,8,9,10,11,12,13,18,24,26,28];6:[0,1,2,4,5,6,8,9,10,11,12,13,18,21,24,25,26,27,28];2:[0,1,2,4,5,6,8,9,10,11,12,13,14,18,21,23,24,25,26,27,28];8:[0,1,2,4,5,6,10,12,13,18,26];0:[0,1,2,4,5,6,8,9,10,11,12,13,16,18,21,23,24,25,26,27,28];3:[0,1,2,4,5,6,10,11,12,13,18,26];4:[0,1,2,4,5,6,8,9,10,11,12,13,18,21,23,24,25,26,27,28];5:[0,1,2,3,4,5,6,8,9,10,11,12,13,14,15,16,17,18,21,23,24,25,26,27,28,29];9:[2,4,6,12,13,18,26]","c1:bw=145,experts=[0,1,2,4,5,6,8,9,10,12,13,18,24,26]; c7:bw=164,experts=[0,1,2,4,5,6,8,9,10,11,12,13,18,24,26,28]; c6:bw=194,experts=[0,1,2,4,5,6,8,9,10,11,12,13,18,21,24,25,26,27,28]; c2:bw=219,experts=[0,1,2,4,5,6,8,9,10,11,12,13,14,18,21,23,24,25,26,27,28]; c8:bw=115,experts=[0,1,2,4,5,6,10,12,13,18,26]; c0:bw=215,experts=[0,1,2,4,5,6,8,9,10,11,12,13,16,18,21,23,24,25,26,27,28]; c3:bw=124,experts=[0,1,2,4,5,6,10,11,12,13,18,26]; c4:bw=204,experts=[0,1,2,4,5,6,8,9,10,11,12,13,18,21,23,24,25,26,27,28]; c5:bw=268,experts=[0,1,2,3,4,5,6,8,9,10,11,12,13,14,15,16,17,18,21,23,24,25,26,27,28,29]; c9:bw=79,experts=[2,4,6,12,13,18,26]","4.9014,5.2849,7.5646,4.3070,5.9661,5.3308,5.7921,7.6851,7.0548,4.0067"
5,2026-09-24 19:27:16,Ours,0.01,3.0216702741701598,11.54,11.54,5,60.1743,1:00.17,58.6911,0.1832,1.298,299.1454,4:59.15,10,"1,5,4,8,0,7,6,3,2,9",1:72;5:145;4:178;8:135;0:182;7:89;6:195;3:232;2:26;9:229,"1:[2,4,6,10,13,18,26];5:[0,1,2,4,5,6,8,9,10,12,13,18,24,26];4:[0,1,2,4,5,6,8,9,10,11,12,13,18,23,24,26,28];8:[0,1,2,4,5,6,8,10,12,13,18,24,26];0:[0,1,2,4,5,6,8,9,10,11,12,13,18,21,24,25,26,28];7:[2,4,6,10,12,13,18,26];6:[0,1,2,4,5,6,8,9,10,11,12,13,18,21,24,25,26,27,28];3:[0,1,2,3,4,5,6,8,9,10,11,12,13,14,15,18,21,23,24,25,26,27,28];2:[4,6];9:[0,1,2,3,4,5,6,8,9,10,11,12,13,14,16,18,21,24,25,26,27,28]","c1:bw=72,experts=[2,4,6,10,13,18,26]; c5:bw=145,experts=[0,1,2,4,5,6,8,9,10,12,13,18,24,26]; c4:bw=178,experts=[0,1,2,4,5,6,8,9,10,11,12,13,18,23,24,26,28]; c8:bw=135,experts=[0,1,2,4,5,6,8,10,12,13,18,24,26]; c0:bw=182,experts=[0,1,2,4,5,6,8,9,10,11,12,13,18,21,24,25,26,28]; c7:bw=89,experts=[2,4,6,10,12,13,18,26]; c6:bw=195,experts=[0,1,2,4,5,6,8,9,10,11,12,13,18,21,24,25,26,27,28]; c3:bw=232,experts=[0,1,2,3,4,5,6,8,9,10,11,12,13,14,15,18,21,23,24,25,26,27,28]; c2:bw=26,experts=[4,6]; c9:bw=229,experts=[0,1,2,3,4,5,6,8,9,10,11,12,13,14,16,18,21,24,25,26,27,28]","4.9224,7.3699,7.8936,6.1723,5.3310,5.2800,7.6113,5.8024,4.3206,3.9877"
6,2026-09-24 19:28:16,Ours,0.01,2.9015169587304053,13.49,13.49,6,59.9926,0:59.99,58.5054,0.1901,1.295,359.154,5:59.15,10,"8,2,5,7,3,1,9,0,4,6",8:245;2:152;5:100;7:213;3:133;1:118;9:176;0:114;4:64;6:74,"8:[0,1,2,4,5,6,8,9,10,11,12,13,14,16,18,21,22,23,24,25,26,27,28,30];2:[0,1,2,4,5,6,8,10,12,13,18,23,24,26,28];5:[0,1,2,4,6,10,12,13,18,26];7:[0,1,2,4,5,6,8,9,10,11,12,13,14,16,18,21,23,24,25,26,28];3:[0,1,2,4,5,6,10,12,13,18,24,26,28];1:[0,1,2,4,6,10,12,13,18,24,26];9:[0,1,2,4,5,6,8,9,10,12,13,18,21,24,25,26,28];0:[0,1,2,4,6,10,12,13,18,24,26];4:[2,4,6,12,13,26];6:[2,4,6,10,12,13,26]","c8:bw=245,experts=[0,1,2,4,5,6,8,9,10,11,12,13,14,16,18,21,22,23,24,25,26,27,28,30]; c2:bw=152,experts=[0,1,2,4,5,6,8,10,12,13,18,23,24,26,28]; c5:bw=100,experts=[0,1,2,4,6,10,12,13,18,26]; c7:bw=213,experts=[0,1,2,4,5,6,8,9,10,11,12,13,14,16,18,21,23,24,25,26,28]; c3:bw=133,experts=[0,1,2,4,5,6,10,12,13,18,24,26,28]; c1:bw=118,experts=[0,1,2,4,6,10,12,13,18,24,26]; c9:bw=176,experts=[0,1,2,4,5,6,8,9,10,12,13,18,21,24,25,26,28]; c0:bw=114,experts=[0,1,2,4,6,10,12,13,18,24,26]; c4:bw=64,experts=[2,4,6,12,13,26]; c6:bw=74,experts=[2,4,6,10,12,13,26]","6.0781,4.2982,7.1398,5.3792,5.8625,4.8769,4.0613,5.3691,7.7739,7.6664"
7,2026-09-24 19:29:16,Ours,0.01,2.789113595993856,15.26,15.26,7,60.1024,1:00.10,58.6169,0.1896,1.2941,419.2732,6:59.27,10,"0,5,2,6,3,7,4,1,8,9",0:132;5:178;2:146;6:48;3:97;7:113;4:50;1:35;8:210;9:10,"0:[0,1,2,4,5,6,10,12,13,18,24,26,28];5:[0,1,2,4,5,6,8,9,10,11,12,13,18,23,24,26,28];2:[0,1,2,4,5,6,8,9,10,12,13,18,24,26];6:[4,6,13,26];3:[0,1,2,4,6,10,13,18,26];7:[0,1,2,4,6,10,12,13,18,24,26];4:[2,4,6,13,26];1:[4,6,26];8:[0,1,2,4,5,6,8,9,10,11,12,13,14,15,16,18,23,24,25,26,28];9:[4]","c0:bw=132,experts=[0,1,2,4,5,6,10,12,13,18,24,26,28]; c5:bw=178,experts=[0,1,2,4,5,6,8,9,10,11,12,13,18,23,24,26,28]; c2:bw=146,experts=[0,1,2,4,5,6,8,9,10,12,13,18,24,26]; c6:bw=48,experts=[4,6,13,26]; c3:bw=97,experts=[0,1,2,4,6,10,13,18,26]; c7:bw=113,experts=[0,1,2,4,6,10,12,13,18,24,26]; c4:bw=50,experts=[2,4,6,13,26]; c1:bw=35,experts=[4,6,26]; c8:bw=210,experts=[0,1,2,4,5,6,8,9,10,11,12,13,14,15,16,18,23,24,25,26,28]; c9:bw=10,experts=[4]","5.3753,7.1591,4.3122,7.6491,5.8789,5.3660,7.7951,4.8997,6.1159,4.0655"
8,2026-09-24 19:30:17,Ours,0.01,2.6868683316223456,18.68,18.68,8,60.7907,1:00.79,59.3118,0.1901,1.287,480.0811,8:00.08,10,"4,8,1,3,0,5,2,9,7,6",4:16;8:135;1:213;3:136;0:119;5:103;2:197;9:215;7:55;6:151,"4:[4];8:[0,1,2,4,6,8,10,12,13,18,24,26,28];1:[0,1,2,4,5,6,8,9,10,11,12,13,14,18,21,22,23,24,25,26,28];3:[0,1,2,4,5,6,10,12,13,18,24,26,28];0:[0,1,2,4,6,10,12,13,18,26,28];5:[0,1,2,4,6,10,13,18,24,26];2:[0,1,2,4,5,6,8,9,10,12,13,14,18,21,22,23,24,26,28];9:[0,1,2,4,5,6,8,9,10,12,13,15,18,21,22,23,24,25,26,28,30];7:[2,4,6,13,26];6:[0,1,2,4,5,6,8,10,12,13,18,23,24,26,28]","c4:bw=16,experts=[4]; c8:bw=135,experts=[0,1,2,4,6,8,10,12,13,18,24,26,28]; c1:bw=213,experts=[0,1,2,4,5,6,8,9,10,11,12,13,14,18,21,22,23,24,25,26,28]; c3:bw=136,experts=[0,1,2,4,5,6,10,12,13,18,24,26,28]; c0:bw=119,experts=[0,1,2,4,6,10,12,13,18,26,28]; c5:bw=103,experts=[0,1,2,4,6,10,13,18,24,26]; c2:bw=197,experts=[0,1,2,4,5,6,8,9,10,12,13,14,18,21,22,23,24,26,28]; c9:bw=215,experts=[0,1,2,4,5,6,8,9,10,12,13,15,18,21,22,23,24,25,26,28,30]; c7:bw=55,experts=[2,4,6,13,26]; c6:bw=151,experts=[0,1,2,4,5,6,8,10,12,13,18,23,24,26,28]","7.7381,6.0898,5.0464,5.8920,5.5284,7.4158,4.3607,4.1289,5.3842,7.7275"
9,2026-09-24 19:31:17,Ours,0.01,2.5981860590709607,21.18,21.18,9,60.4559,1:00.46,58.9625,0.2006,1.2908,540.5531,9:00.55,10,"2,0,4,9,8,6,7,5,1,3",2:78;0:192;4:218;9:96;8:66;6:114;7:168;5:192;1:53;3:84,"2:[0,1,2,4,6,13,26];0:[0,1,2,4,5,6,8,9,10,11,12,13,18,21,22,23,24,26,28];4:[0,1,2,4,5,6,8,9,10,11,12,13,14,18,21,22,23,24,25,26,28];9:[0,1,2,4,6,10,13,18,26];8:[0,2,4,6,13,26];6:[0,1,2,4,6,10,12,13,18,24,26];7:[0,1,2,4,5,6,8,10,11,12,13,18,23,24,26,28];5:[0,1,2,4,5,6,8,9,10,11,12,13,18,21,22,23,24,26,28];1:[0,4,6,13,26];3:[0,1,2,4,6,13,26,28]","c2:bw=78,experts=[0,1,2,4,6,13,26]; c0:bw=192,experts=[0,1,2,4,5,6,8,9,10,11,12,13,18,21,22,23,24,26,28]; c4:bw=218,experts=[0,1,2,4,5,6,8,9,10,11,12,13,14,18,21,22,23,24,25,26,28]; c9:bw=96,experts=[0,1,2,4,6,10,13,18,26]; c8:bw=66,experts=[0,2,4,6,13,26]; c6:bw=114,experts=[0,1,2,4,6,10,12,13,18,24,26]; c7:bw=168,experts=[0,1,2,4,5,6,8,10,11,12,13,18,23,24,26,28]; c5:bw=192,experts=[0,1,2,4,5,6,8,9,10,11,12,13,18,21,22,23,24,26,28]; c1:bw=53,experts=[0,4,6,13,26]; c3:bw=84,experts=[0,1,2,4,6,13,26,28]","4.3496,5.3487,7.8536,4.1018,6.1132,7.7029,5.3650,7.2595,4.9829,5.8852"
10,2026-09-24 19:32:18,Ours,0.01,2.5182470562493906,23.66,23.66,10,60.9084,1:00.91,59.4154,0.2,1.291,601.4796,10:01.48,10,"4,2,7,0,6,3,5,8,9,1",4:135;2:124;7:137;0:216;6:238;3:168;5:212;8:129;9:129;1:149,"4:[0,1,2,4,5,6,10,12,13,18,24,26,28];2:[0,1,2,4,5,6,10,13,18,24,26,28];7:[0,1,2,4,5,6,10,12,13,18,24,26,28];0:[0,1,2,4,5,6,8,9,10,11,12,13,14,18,21,22,23,24,25,26,28];6:[0,1,2,4,5,6,8,9,10,11,12,13,14,15,18,19,21,22,23,24,25,26,28];3:[0,1,2,4,5,6,8,9,10,12,13,18,23,24,26,28];5:[0,1,2,4,5,6,8,9,10,11,12,13,14,15,18,21,22,23,24,26,28];8:[0,1,2,4,5,6,10,13,18,24,26,28];9:[0,1,2,4,5,6,10,13,18,24,26,28];1:[0,1,2,4,5,6,8,10,12,13,18,24,26,28]","c4:bw=135,experts=[0,1,2,4,5,6,10,12,13,18,24,26,28]; c2:bw=124,experts=[0,1,2,4,5,6,10,13,18,24,26,28]; c7:bw=137,experts=[0,1,2,4,5,6,10,12,13,18,24,26,28]; c0:bw=216,experts=[0,1,2,4,5,6,8,9,10,11,12,13,14,18,21,22,23,24,25,26,28]; c6:bw=238,experts=[0,1,2,4,5,6,8,9,10,11,12,13,14,15,18,19,21,22,23,24,25,26,28]; c3:bw=168,experts=[0,1,2,4,5,6,8,9,10,12,13,18,23,24,26,28]; c5:bw=212,experts=[0,1,2,4,5,6,8,9,10,11,12,13,14,15,18,21,22,23,24,26,28]; c8:bw=129,experts=[0,1,2,4,5,6,10,13,18,24,26,28]; c9:bw=129,experts=[0,1,2,4,5,6,10,13,18,24,26,28]; c1:bw=149,experts=[0,1,2,4,5,6,8,10,12,13,18,24,26,28]","7.8477,4.3656,5.4375,5.4685,7.7630,5.8998,7.2502,6.1692,4.1455,5.0684"
11,2026-09-24 19:33:20,Ours,0.01,2.4392799610483973,26.45,26.45,11,62.3188,1:02.32,60.7974,0.2016,1.318,663.8153,11:03.82,10,"5,2,7,3,0,8,9,6,1,4",5:102;2:100;7:160;3:184;0:103;8:143;9:121;6:203;1:148;4:58,"5:[0,2,4,6,10,12,13,18,24,26];2:[0,1,2,4,6,10,12,13,24,26];7:[0,1,2,4,5,6,8,9,10,12,13,18,23,24,26,28];3:[0,1,2,4,5,6,8,9,10,12,13,18,21,22,23,24,26,28];0:[0,1,2,4,6,10,13,18,24,26];8:[0,1,2,4,5,6,8,10,12,13,18,24,26,28];9:[0,1,2,4,6,8,10,12,13,18,24,26];6:[0,1,2,4,5,6,8,9,10,11,12,13,14,18,21,22,23,24,26,28];1:[0,1,2,4,5,6,8,10,12,13,18,24,26,28];4:[0,4,6,13,26]","c5:bw=102,experts=[0,2,4,6,10,12,13,18,24,26]; c2:bw=100,experts=[0,1,2,4,6,10,12,13,24,26]; c7:bw=160,experts=[0,1,2,4,5,6,8,9,10,12,13,18,23,24,26,28]; c3:bw=184,experts=[0,1,2,4,5,6,8,9,10,12,13,18,21,22,23,24,26,28]; c0:bw=103,experts=[0,1,2,4,6,10,13,18,24,26]; c8:bw=143,experts=[0,1,2,4,5,6,8,10,12,13,18,24,26,28]; c9:bw=121,experts=[0,1,2,4,6,8,10,12,13,18,24,26]; c6:bw=203,experts=[0,1,2,4,5,6,8,9,10,11,12,13,14,18,21,22,23,24,26,28]; c1:bw=148,experts=[0,1,2,4,5,6,8,10,12,13,18,24,26,28]; c4:bw=58,experts=[0,4,6,13,26]","7.3630,4.4219,5.4361,5.9668,5.5406,6.3614,4.1700,7.9676,5.0412,8.5288"
12,2026-09-24 19:34:19,Ours,0.01,2.378885126021417,28.08,28.08,12,58.2026,0:58.20,56.7958,0.1899,1.2151,722.0347,12:02.03,10,"1,5,2,4,3,7,9,6,8,0",1:155;5:205;2:211;4:103;3:128;7:108;9:154;6:106;8:201;0:180,"1:[0,1,2,4,5,6,8,9,10,12,13,18,24,26,28];5:[0,1,2,4,5,6,8,9,10,11,12,13,15,18,21,23,24,25,26,28];2:[0,1,2,4,5,6,8,9,10,11,12,13,14,18,21,22,23,24,25,26,28];4:[0,2,4,5,6,10,12,13,18,26];3:[0,2,4,5,6,8,10,12,13,18,24,26];7:[0,4,6,8,10,12,13,18,23,26];9:[0,1,2,4,5,6,8,10,12,13,18,21,24,26,28];6:[0,1,2,4,6,8,13,18,24,26];8:[0,1,2,4,5,6,8,9,10,11,12,13,18,21,22,23,24,25,26,28];0:[0,1,2,4,5,6,8,9,10,12,13,18,21,22,23,24,26,28]","c1:bw=155,experts=[0,1,2,4,5,6,8,9,10,12,13,18,24,26,28]; c5:bw=205,experts=[0,1,2,4,5,6,8,9,10,11,12,13,15,18,21,23,24,25,26,28]; c2:bw=211,experts=[0,1,2,4,5,6,8,9,10,11,12,13,14,18,21,22,23,24,25,26,28]; c4:bw=103,experts=[0,2,4,5,6,10,12,13,18,26]; c3:bw=128,experts=[0,2,4,5,6,8,10,12,13,18,24,26]; c7:bw=108,experts=[0,4,6,8,10,12,13,18,23,26]; c9:bw=154,experts=[0,1,2,4,5,6,8,10,12,13,18,21,24,26,28]; c6:bw=106,experts=[0,1,2,4,6,8,13,18,24,26]; c8:bw=201,experts=[0,1,2,4,5,6,8,9,10,11,12,13,18,21,22,23,24,25,26,28]; c0:bw=180,experts=[0,1,2,4,5,6,8,9,10,12,13,18,21,22,23,24,26,28]","5.0298,7.2107,4.3347,7.7300,5.5567,5.0202,3.8279,7.2750,5.7599,5.0509"
13,2026-09-24 19:35:15,Ours,0.01,2.3191672223180118,28.07,28.08,12,56.2046,0:56.20,54.7942,0.1866,1.222,778.2538,12:58.25,10,"3,1,4,5,8,6,9,7,0,2",3:111;1:174;4:13;5:107;8:56;6:133;9:54;7:214;0:93;2:59,"3:[0,4,5,6,8,10,12,13,18,24,26];1:[0,1,2,4,5,6,8,9,10,12,13,18,21,23,24,26,28];4:[4];5:[0,1,2,4,6,8,13,18,24,26];8:[0,4,6,13,26];6:[0,4,5,6,8,9,10,12,13,18,23,24,26];9:[0,4,6,13,26];7:[0,1,2,4,5,6,8,9,10,11,12,13,14,18,21,22,23,24,25,26,28];0:[0,1,2,4,6,13,18,24,26];2:[0,4,6,13,26]","c3:bw=111,experts=[0,4,5,6,8,10,12,13,18,24,26]; c1:bw=174,experts=[0,1,2,4,5,6,8,9,10,12,13,18,21,23,24,26,28]; c4:bw=13,experts=[4]; c5:bw=107,experts=[0,1,2,4,6,8,13,18,24,26]; c8:bw=56,experts=[0,4,6,13,26]; c6:bw=133,experts=[0,4,5,6,8,9,10,12,13,18,23,24,26]; c9:bw=54,experts=[0,4,6,13,26]; c7:bw=214,experts=[0,1,2,4,5,6,8,9,10,11,12,13,14,18,21,22,23,24,25,26,28]; c0:bw=93,experts=[0,1,2,4,6,13,18,24,26]; c2:bw=59,experts=[0,4,6,13,26]","5.5147,4.7005,7.1799,6.6461,5.7635,7.1156,3.7755,4.9974,5.0093,4.0918"
14,2026-09-24 19:36:12,Ours,0.01,2.27017451599435,32.87,32.87,14,57.016,0:57.02,55.6149,0.192,1.2074,835.2859,13:55.29,10,"2,4,5,1,7,0,9,3,8,6",2:165;4:21;5:234;1:141;7:92;0:93;9:116;3:167;8:77;6:246,"2:[0,1,2,4,5,6,8,10,12,13,18,21,23,24,26,28];4:[4,26];5:[0,1,2,4,5,6,8,9,10,11,12,13,14,15,18,20,21,22,23,24,25,26,28];1:[0,1,2,4,5,6,8,10,12,13,18,21,24,26];7:[0,4,5,6,10,12,13,18,26];0:[0,4,5,6,10,12,13,18,26];9:[0,4,5,6,8,10,12,13,18,24,26];3:[0,1,2,4,5,6,8,9,10,12,13,18,23,24,26,28];8:[1,2,4,6,13,18,26];6:[0,1,2,4,5,6,8,9,10,11,12,13,14,15,18,19,20,21,22,23,24,25,26,28]","c2:bw=165,experts=[0,1,2,4,5,6,8,10,12,13,18,21,23,24,26,28]; c4:bw=21,experts=[4,26]; c5:bw=234,experts=[0,1,2,4,5,6,8,9,10,11,12,13,14,15,18,20,21,22,23,24,25,26,28]; c1:bw=141,experts=[0,1,2,4,5,6,8,10,12,13,18,21,24,26]; c7:bw=92,experts=[0,4,5,6,10,12,13,18,26]; c0:bw=93,experts=[0,4,5,6,10,12,13,18,26]; c9:bw=116,experts=[0,4,5,6,8,10,12,13,18,24,26]; c3:bw=167,experts=[0,1,2,4,5,6,8,9,10,12,13,18,23,24,26,28]; c8:bw=77,experts=[1,2,4,6,13,18,26]; c6:bw=246,experts=[0,1,2,4,5,6,8,9,10,11,12,13,14,15,18,19,20,21,22,23,24,25,26,28]","4.0098,7.1849,6.6360,4.6262,5.0451,5.2174,3.9529,5.7013,5.9718,7.2696"
15,2026-09-24 19:37:08,Ours,0.01,2.2269483967335004,34.61,34.61,15,56.0579,0:56.06,54.6457,0.1964,1.2139,891.3595,14:51.36,10,"7,0,1,8,3,2,4,5,9,6",7:216;0:75;1:52;8:190;3:38;2:193;4:171;5:65;9:71;6:120,"7:[0,1,2,4,5,6,8,9,10,11,12,13,14,18,20,21,22,23,24,26,28];0:[0,2,4,6,13,18,26];1:[0,4,6,13,26];8:[0,1,2,4,5,6,8,9,10,11,12,13,15,18,21,24,25,26,28];3:[4,6,26];2:[0,1,2,4,5,6,8,9,10,11,12,13,18,21,23,24,25,26,28];4:[0,1,2,4,5,6,8,9,10,12,13,18,21,23,24,26,28];5:[0,4,6,13,18,26];9:[0,1,2,4,6,13,26];6:[0,2,4,5,6,9,10,12,13,18,24,26]","c7:bw=216,experts=[0,1,2,4,5,6,8,9,10,11,12,13,14,18,20,21,22,23,24,26,28]; c0:bw=75,experts=[0,2,4,6,13,18,26]; c1:bw=52,experts=[0,4,6,13,26]; c8:bw=190,experts=[0,1,2,4,5,6,8,9,10,11,12,13,15,18,21,24,25,26,28]; c3:bw=38,experts=[4,6,26]; c2:bw=193,experts=[0,1,2,4,5,6,8,9,10,11,12,13,18,21,23,24,25,26,28]; c4:bw=171,experts=[0,1,2,4,5,6,8,9,10,12,13,18,21,23,24,26,28]; c5:bw=65,experts=[0,4,6,13,18,26]; c9:bw=71,experts=[0,1,2,4,6,13,26]; c6:bw=120,experts=[0,2,4,5,6,9,10,12,13,18,24,26]","5.0161,5.0108,4.6289,5.6509,5.4092,4.1061,7.2339,6.6310,3.7757,7.1829"
16,2026-09-24 19:38:04,Ours,0.01,2.1781507606353445,35.89,35.89,16,56.163,0:56.16,54.7589,0.1894,1.2128,947.5379,15:47.54,10,"6,1,3,8,7,5,4,9,0,2",6:147;1:105;3:159;8:180;7:81;5:145;4:130;9:88;0:208;2:189,"6:[0,2,4,5,6,8,9,10,12,13,18,24,26,28];1:[0,2,4,5,6,9,13,18,24,26];3:[0,2,4,5,6,8,9,10,12,13,18,23,24,26,28];8:[0,1,2,4,5,6,8,9,10,11,12,13,18,21,23,24,26,28];7:[0,4,6,12,13,18,24,26];5:[0,2,4,5,6,8,9,10,12,13,18,24,26,28];4:[0,2,4,5,6,8,10,12,13,18,24,26,28];9:[0,2,4,6,13,18,24,26];0:[0,1,2,4,5,6,8,9,10,11,12,13,15,18,21,23,24,25,26,28];2:[0,1,2,4,5,6,8,9,10,12,13,18,21,22,23,24,26,28]","c6:bw=147,experts=[0,2,4,5,6,8,9,10,12,13,18,24,26,28]; c1:bw=105,experts=[0,2,4,5,6,9,13,18,24,26]; c3:bw=159,experts=[0,2,4,5,6,8,9,10,12,13,18,23,24,26,28]; c8:bw=180,experts=[0,1,2,4,5,6,8,9,10,11,12,13,18,21,23,24,26,28]; c7:bw=81,experts=[0,4,6,12,13,18,24,26]; c5:bw=145,experts=[0,2,4,5,6,8,9,10,12,13,18,24,26,28]; c4:bw=130,experts=[0,2,4,5,6,8,10,12,13,18,24,26,28]; c9:bw=88,experts=[0,2,4,6,13,18,24,26]; c0:bw=208,experts=[0,1,2,4,5,6,8,9,10,11,12,13,15,18,21,23,24,25,26,28]; c2:bw=189,experts=[0,1,2,4,5,6,8,9,10,12,13,18,21,22,23,24,26,28]","7.1673,4.6404,5.4370,5.6907,5.0205,6.6402,7.2957,3.8128,5.0270,4.0274"
17,2026-09-24 19:39:01,Ours,0.01,2.1402348229278765,37.45,37.45,17,57.2143,0:57.21,55.8413,0.1729,1.1984,1004.7686,16:44.77,10,"4,7,8,3,5,1,0,2,9,6",4:212;7:90;8:29;3:192;5:11;1:106;0:39;2:71;9:136;6:141,"4:[0,1,2,4,5,6,8,9,10,11,12,13,14,18,21,22,23,24,25,26,28];7:[0,4,6,9,10,12,13,18,26];8:[4,26];3:[0,1,2,4,5,6,8,9,10,12,13,14,18,21,22,23,24,26,28];5:[4];1:[0,2,4,6,9,10,13,18,24,26];0:[0,4,26];2:[0,4,6,10,13,18,26];9:[0,2,4,5,6,8,9,10,12,13,18,24,26];6:[0,4,5,6,8,9,10,12,13,18,23,24,26,28]","c4:bw=212,experts=[0,1,2,4,5,6,8,9,10,11,12,13,14,18,21,22,23,24,25,26,28]; c7:bw=90,experts=[0,4,6,9,10,12,13,18,26]; c8:bw=29,experts=[4,26]; c3:bw=192,experts=[0,1,2,4,5,6,8,9,10,12,13,14,18,21,22,23,24,26,28]; c5:bw=11,experts=[4]; c1:bw=106,experts=[0,2,4,6,9,10,13,18,24,26]; c0:bw=39,experts=[0,4,26]; c2:bw=71,experts=[0,4,6,10,13,18,26]; c9:bw=136,experts=[0,2,4,5,6,8,9,10,12,13,18,24,26]; c6:bw=141,experts=[0,4,5,6,8,9,10,12,13,18,23,24,26,28]","7.3443,5.0388,5.6813,5.4644,6.6035,4.8191,5.2275,4.2053,4.0017,7.4556"
18,2026-09-24 19:39:58,Ours,0.01,2.1055347526187695,36.76,37.45,17,56.4129,0:56.41,55.0247,0.1643,1.2221,1061.2,17:41.20,10,"1,8,5,2,9,7,4,3,0,6",1:23;8:18;5:127;2:137;9:69;7:200;4:204;3:137;0:179;6:115,"1:[4,26];8:[4];5:[0,4,5,6,8,9,10,12,13,18,24,26];2:[0,1,2,4,5,6,10,12,13,18,24,26,28];9:[0,4,6,13,18,26];7:[0,1,2,4,5,6,8,9,10,11,12,13,14,18,21,22,23,24,26,28];4:[0,1,2,4,5,6,8,9,10,11,12,13,14,18,21,22,23,24,26,28];3:[0,2,4,5,6,8,9,10,12,13,18,24,26];0:[0,2,4,5,6,8,9,10,12,13,18,21,22,23,24,26,28];6:[0,1,2,4,5,6,10,13,18,24,26]","c1:bw=23,experts=[4,26]; c8:bw=18,experts=[4]; c5:bw=127,experts=[0,4,5,6,8,9,10,12,13,18,24,26]; c2:bw=137,experts=[0,1,2,4,5,6,10,12,13,18,24,26,28]; c9:bw=69,experts=[0,4,6,13,18,26]; c7:bw=200,experts=[0,1,2,4,5,6,8,9,10,11,12,13,14,18,21,22,23,24,26,28]; c4:bw=204,experts=[0,1,2,4,5,6,8,9,10,11,12,13,14,18,21,22,23,24,26,28]; c3:bw=137,experts=[0,2,4,5,6,8,9,10,12,13,18,24,26]; c0:bw=179,experts=[0,2,4,5,6,8,9,10,12,13,18,21,22,23,24,26,28]; c6:bw=115,experts=[0,1,2,4,5,6,10,13,18,24,26]","4.6406,5.6651,6.7386,4.0292,3.8068,5.0380,7.3247,5.4699,5.0921,7.2196"
19,2026-09-24 19:40:54,Ours,0.01,2.0800825686018594,39.18,39.18,19,56.6929,0:56.69,55.3079,0.1747,1.2085,1117.9097,18:37.91,10,"8,0,4,1,9,5,7,2,6,3",8:205;0:154;4:188;1:169;9:140;5:106;7:82;2:52;6:241;3:145,"8:[0,1,2,4,5,6,8,9,10,11,12,13,14,18,21,22,23,24,26,28];0:[0,2,4,5,6,9,10,12,13,18,21,23,24,26,28];4:[0,2,4,5,6,8,9,10,12,13,14,18,21,22,23,24,26,28];1:[0,2,4,5,6,8,9,10,12,13,18,21,23,24,26,28];9:[0,2,4,5,6,8,9,10,12,13,18,24,26,28];5:[0,4,5,6,9,12,13,18,24,26];7:[0,2,4,6,13,18,24,26];2:[4,6,13,18,26];6:[0,1,2,4,5,6,8,9,10,11,12,13,14,15,16,18,20,21,22,23,24,25,26,28];3:[0,1,2,4,5,6,8,10,12,13,18,24,26,28]","c8:bw=205,experts=[0,1,2,4,5,6,8,9,10,11,12,13,14,18,21,22,23,24,26,28]; c0:bw=154,experts=[0,2,4,5,6,9,10,12,13,18,21,23,24,26,28]; c4:bw=188,experts=[0,2,4,5,6,8,9,10,12,13,14,18,21,22,23,24,26,28]; c1:bw=169,experts=[0,2,4,5,6,8,9,10,12,13,18,21,23,24,26,28]; c9:bw=140,experts=[0,2,4,5,6,8,9,10,12,13,18,24,26,28]; c5:bw=106,experts=[0,4,5,6,9,12,13,18,24,26]; c7:bw=82,experts=[0,2,4,6,13,18,24,26]; c2:bw=52,experts=[4,6,13,18,26]; c6:bw=241,experts=[0,1,2,4,5,6,8,9,10,11,12,13,14,15,16,18,20,21,22,23,24,25,26,28]; c3:bw=145,experts=[0,1,2,4,5,6,8,10,12,13,18,24,26,28]","5.7672,5.1026,7.3064,4.7260,3.8416,6.6940,5.0820,4.0747,7.2204,5.4929"
20,2026-09-24 19:41:52,Ours,0.01,2.0445003289824983,40.8,40.8,20,57.5764,0:57.58,56.1275,0.1902,1.2568,1175.5072,19:35.51,10,"0,2,1,9,7,6,3,5,4,8",0:101;2:151;1:147;9:61;7:157;6:248;3:67;5:13;4:217;8:184,"0:[0,4,5,6,9,10,12,13,18,26];2:[0,1,2,4,5,6,9,10,12,13,18,21,24,26,28];1:[0,2,4,5,6,8,9,10,12,13,18,21,24,26];9:[0,4,6,13,18,26];7:[0,2,4,5,6,8,9,10,12,13,18,21,24,26,28];6:[0,1,2,4,5,6,8,9,10,11,12,13,14,16,18,19,20,21,22,23,24,25,26,28];3:[0,4,6,13,18,26];5:[4];4:[0,1,2,4,5,6,8,9,10,12,13,14,16,18,20,21,22,23,24,26,28];8:[0,1,2,4,5,6,8,9,10,11,12,13,15,18,21,24,26,28]","c0:bw=101,experts=[0,4,5,6,9,10,12,13,18,26]; c2:bw=151,experts=[0,1,2,4,5,6,9,10,12,13,18,21,24,26,28]; c1:bw=147,experts=[0,2,4,5,6,8,9,10,12,13,18,21,24,26]; c9:bw=61,experts=[0,4,6,13,18,26]; c7:bw=157,experts=[0,2,4,5,6,8,9,10,12,13,18,21,24,26,28]; c6:bw=248,experts=[0,1,2,4,5,6,8,9,10,11,12,13,14,16,18,19,20,21,22,23,24,25,26,28]; c3:bw=67,experts=[0,4,6,13,18,26]; c5:bw=13,experts=[4]; c4:bw=217,experts=[0,1,2,4,5,6,8,9,10,12,13,14,16,18,20,21,22,23,24,26,28]; c8:bw=184,experts=[0,1,2,4,5,6,8,9,10,11,12,13,15,18,21,24,26,28]","5.0624,4.0616,4.6783,3.8149,5.0607,7.1944,5.4484,7.0804,7.6656,6.0607"
21,2026-09-24 19:42:48,Ours,0.01,2.0127773384523504,42.83,42.83,21,56.413,0:56.41,55.0186,0.1778,1.2147,1231.9378,20:31.94,10,"1,2,7,4,8,5,0,3,6,9",1:150;2:145;7:46;4:175;8:67;5:118;0:243;3:27;6:57;9:93,"1:[0,1,2,4,5,6,9,10,12,13,18,21,24,26,28];2:[0,2,4,5,6,9,10,12,13,18,21,24,26,28];7:[4,6,13,26];4:[0,2,4,5,6,8,9,10,12,13,18,21,22,23,24,26,28];8:[0,4,6,13,18,26];5:[0,2,4,5,6,9,10,12,13,18,26];0:[0,1,2,4,5,6,8,9,10,11,12,13,14,16,18,19,20,21,22,23,24,25,26,28];3:[4,26];6:[0,4,9,18,26];9:[0,2,4,6,10,12,13,18,26]","c1:bw=150,experts=[0,1,2,4,5,6,9,10,12,13,18,21,24,26,28]; c2:bw=145,experts=[0,2,4,5,6,9,10,12,13,18,21,24,26,28]; c7:bw=46,experts=[4,6,13,26]; c4:bw=175,experts=[0,2,4,5,6,8,9,10,12,13,18,21,22,23,24,26,28]; c8:bw=67,experts=[0,4,6,13,18,26]; c5:bw=118,experts=[0,2,4,5,6,9,10,12,13,18,26]; c0:bw=243,experts=[0,1,2,4,5,6,8,9,10,11,12,13,14,16,18,19,20,21,22,23,24,25,26,28]; c3:bw=27,experts=[4,26]; c6:bw=57,experts=[0,4,9,18,26]; c9:bw=93,experts=[0,2,4,6,10,12,13,18,26]","4.7811,4.0496,5.0386,7.3617,5.7195,6.6587,5.0698,5.4449,7.0808,3.8139"
22,2026-09-24 19:43:46,Ours,0.01,1.979771485272473,43.03,43.03,22,57.3179,0:57.32,55.907,0.1863,1.2228,1289.2765,21:29.28,10,"7,9,1,6,5,2,0,4,3,8",7:59;9:120;1:24;6:224;5:61;2:242;0:245;4:133;3:204;8:120,"7:[0,4,6,13,26];9:[0,2,4,5,6,8,9,10,12,13,18,26];1:[4,26];6:[0,1,2,4,5,6,8,9,10,12,13,14,16,18,20,21,22,23,24,25,26,28];5:[0,4,6,13,18,26];2:[0,1,2,4,5,6,8,9,10,11,12,13,14,15,16,17,18,21,23,24,25,26,27,28];0:[0,1,2,4,5,6,8,9,10,11,12,13,14,16,18,19,20,21,22,23,24,25,26,28];4:[0,2,4,5,6,8,9,10,12,13,18,24,26];3:[0,1,2,4,5,6,8,9,10,12,13,14,18,20,21,22,23,24,26,28];8:[0,2,4,5,6,8,9,10,12,13,18,26]","c7:bw=59,experts=[0,4,6,13,26]; c9:bw=120,experts=[0,2,4,5,6,8,9,10,12,13,18,26]; c1:bw=24,experts=[4,26]; c6:bw=224,experts=[0,1,2,4,5,6,8,9,10,12,13,14,16,18,20,21,22,23,24,25,26,28]; c5:bw=61,experts=[0,4,6,13,18,26]; c2:bw=242,experts=[0,1,2,4,5,6,8,9,10,11,12,13,14,15,16,17,18,21,23,24,25,26,27,28]; c0:bw=245,experts=[0,1,2,4,5,6,8,9,10,11,12,13,14,16,18,19,20,21,22,23,24,25,26,28]; c4:bw=133,experts=[0,2,4,5,6,8,9,10,12,13,18,24,26]; c3:bw=204,experts=[0,1,2,4,5,6,8,9,10,12,13,14,18,20,21,22,23,24,26,28]; c8:bw=120,experts=[0,2,4,5,6,8,9,10,12,13,18,26]","5.0515,3.7979,4.6551,7.1937,6.6809,4.0606,5.6582,7.3501,5.5621,5.8968"
23,2026-09-24 19:44:43,Ours,0.01,1.9633656455360415,43.35,43.35,23,57.41,0:57.41,55.9594,0.1883,1.2604,1346.7045,22:26.70,10,"5,7,4,6,9,8,3,1,2,0",5:190;7:55;4:205;6:37;9:184;8:128;3:57;1:226;2:118;0:41,"5:[0,1,2,4,5,6,8,9,10,12,13,14,18,21,23,24,25,26,28];7:[4,6,9,13,26];4:[0,2,4,5,6,8,9,10,12,13,14,16,18,20,21,22,23,24,26,28];6:[4,6,26];9:[0,2,4,5,6,8,9,10,12,13,14,18,21,22,23,24,26,28];8:[0,4,5,6,8,9,10,12,13,18,24,26];3:[4,6,9,13,26];1:[0,1,2,4,5,6,8,9,10,11,12,13,14,15,16,18,21,23,24,25,26,28];2:[0,2,4,5,6,8,9,10,13,18,26];0:[4,6,13,26]","c5:bw=190,experts=[0,1,2,4,5,6,8,9,10,12,13,14,18,21,23,24,25,26,28]; c7:bw=55,experts=[4,6,9,13,26]; c4:bw=205,experts=[0,2,4,5,6,8,9,10,12,13,14,16,18,20,21,22,23,24,26,28]; c6:bw=37,experts=[4,6,26]; c9:bw=184,experts=[0,2,4,5,6,8,9,10,12,13,14,18,21,22,23,24,26,28]; c8:bw=128,experts=[0,4,5,6,8,9,10,12,13,18,24,26]; c3:bw=57,experts=[4,6,9,13,26]; c1:bw=226,experts=[0,1,2,4,5,6,8,9,10,11,12,13,14,15,16,18,21,23,24,25,26,28]; c2:bw=118,experts=[0,2,4,5,6,8,9,10,13,18,26]; c0:bw=41,experts=[4,6,13,26]","6.7259,5.0044,7.3445,7.1796,3.8425,5.7132,5.6122,4.9320,4.2478,5.3573"
24,2026-09-24 19:45:40,Ours,0.01,1.940376317031787,42.5,43.35,23,56.729,0:56.73,55.3084,0.1926,1.2226,1403.4537,23:23.45,10,"6,4,7,9,2,1,5,8,3,0",6:110;4:46;7:12;9:182;2:158;1:10;5:90;8:67;3:10;0:115,"6:[0,2,4,5,6,10,12,13,18,24,26];4:[0,4,6,26];7:[4];9:[0,1,2,4,5,6,8,9,10,12,13,18,21,23,24,25,26,28];2:[0,2,4,5,6,8,9,10,12,13,18,21,24,26,28];1:[4];5:[0,4,5,6,9,12,13,18,26];8:[0,4,6,9,13,26];3:[4];0:[0,4,5,6,9,10,12,13,18,21,26]","c6:bw=110,experts=[0,2,4,5,6,10,12,13,18,24,26]; c4:bw=46,experts=[0,4,6,26]; c7:bw=12,experts=[4]; c9:bw=182,experts=[0,1,2,4,5,6,8,9,10,12,13,18,21,23,24,25,26,28]; c2:bw=158,experts=[0,2,4,5,6,8,9,10,12,13,18,21,24,26,28]; c1:bw=10,experts=[4]; c5:bw=90,experts=[0,4,5,6,9,12,13,18,26]; c8:bw=67,experts=[0,4,6,9,13,26]; c3:bw=10,experts=[4]; c0:bw=115,experts=[0,4,5,6,9,10,12,13,18,21,26]","7.5387,7.3119,5.0135,3.8347,4.0808,4.6336,6.6657,5.7308,5.4210,5.0778"
25,2026-09-24 19:46:37,Ours,0.01,1.9229163447744546,46.08,46.08,25,57.1856,0:57.19,55.7545,0.2043,1.2251,1460.656,24:20.66,10,"9,6,4,3,5,1,8,2,0,7",9:148;6:58;4:214;3:50;5:233;1:179;8:200;2:46;0:206;7:146,"9:[0,1,2,4,5,6,9,10,12,13,18,21,24,26];6:[0,4,9,13,26];4:[0,1,2,4,5,6,8,9,10,11,12,13,18,20,21,22,23,24,25,26,28];3:[2,4,6,13,26];5:[0,1,2,4,5,6,8,9,10,11,12,13,14,18,19,20,21,22,23,24,25,26,28];1:[0,1,2,4,5,6,8,9,10,12,13,18,21,23,24,26,28];8:[0,1,2,4,5,6,8,9,10,11,12,13,15,18,21,23,24,25,26,28];2:[4,6,13,26];0:[0,1,2,4,5,6,8,9,10,11,12,13,18,20,21,22,23,24,26,28];7:[0,2,4,5,6,8,9,10,12,13,18,21,24,26]","c9:bw=148,experts=[0,1,2,4,5,6,9,10,12,13,18,21,24,26]; c6:bw=58,experts=[0,4,9,13,26]; c4:bw=214,experts=[0,1,2,4,5,6,8,9,10,11,12,13,18,20,21,22,23,24,25,26,28]; c3:bw=50,experts=[2,4,6,13,26]; c5:bw=233,experts=[0,1,2,4,5,6,8,9,10,11,12,13,14,18,19,20,21,22,23,24,25,26,28]; c1:bw=179,experts=[0,1,2,4,5,6,8,9,10,12,13,18,21,23,24,26,28]; c8:bw=200,experts=[0,1,2,4,5,6,8,9,10,11,12,13,15,18,21,23,24,25,26,28]; c2:bw=46,experts=[4,6,13,26]; c0:bw=206,experts=[0,1,2,4,5,6,8,9,10,11,12,13,18,20,21,22,23,24,26,28]; c7:bw=146,experts=[0,2,4,5,6,8,9,10,12,13,18,21,24,26]","3.9455,7.3705,7.3602,5.4944,6.7204,4.7400,5.7686,4.0533,5.1423,5.1594"
26,2026-09-24 19:47:35,Ours,0.01,1.8950234972663011,45.14,46.08,25,57.7154,0:57.72,56.2406,0.2084,1.2645,1518.3902,25:18.39,10,"3,6,9,7,1,5,2,8,0,4",3:162;6:123;9:184;7:114;1:122;5:75;2:110;8:195;0:39;4:175,"3:[0,2,4,5,6,8,9,10,12,13,18,21,23,24,26,28];6:[0,4,5,6,8,9,10,12,13,18,24,26];9:[0,2,4,5,6,8,9,10,12,13,18,20,21,22,23,24,26,28];7:[0,2,4,5,6,9,10,13,18,24,26];1:[0,4,5,6,8,9,10,12,13,18,24,26];5:[4,5,6,9,13,18,26];2:[0,2,4,5,6,10,12,13,18,24,26];8:[0,2,4,5,6,8,9,10,12,13,14,18,20,21,22,23,24,26,28];0:[4,9,26];4:[0,4,5,6,8,9,10,12,13,18,20,21,22,23,24,26,28]","c3:bw=162,experts=[0,2,4,5,6,8,9,10,12,13,18,21,23,24,26,28]; c6:bw=123,experts=[0,4,5,6,8,9,10,12,13,18,24,26]; c9:bw=184,experts=[0,2,4,5,6,8,9,10,12,13,18,20,21,22,23,24,26,28]; c7:bw=114,experts=[0,2,4,5,6,9,10,13,18,24,26]; c1:bw=122,experts=[0,4,5,6,8,9,10,12,13,18,24,26]; c5:bw=75,experts=[4,5,6,9,13,18,26]; c2:bw=110,experts=[0,2,4,5,6,10,12,13,18,24,26]; c8:bw=195,experts=[0,2,4,5,6,8,9,10,12,13,14,18,20,21,22,23,24,26,28]; c0:bw=39,experts=[4,9,26]; c4:bw=175,experts=[0,4,5,6,8,9,10,12,13,18,20,21,22,23,24,26,28]","5.6386,7.3839,3.8387,5.0619,4.6979,6.6762,4.1758,5.7936,5.3398,7.6342"
27,2026-09-24 19:48:32,Ours,0.01,1.878364236411609,47.19,47.19,27,57.2173,0:57.22,55.7851,0.1997,1.2306,1575.6264,26:15.63,10,"7,1,4,0,9,2,8,3,6,5",7:188;1:227;4:45;0:131;9:66;2:73;8:202;3:77;6:231;5:134,"7:[0,2,4,5,6,8,9,10,12,13,18,20,21,22,23,24,26,28];1:[0,1,2,4,5,6,8,9,10,11,12,13,16,18,20,21,22,23,24,25,26,28];4:[4,6,13,26];0:[0,2,4,5,6,9,10,12,13,18,21,24,26];9:[2,4,6,9,13,26];2:[0,4,6,9,13,18,26];8:[0,1,2,4,5,6,8,9,10,12,13,14,18,20,21,22,23,24,26,28];3:[4,5,6,9,13,18,26];6:[0,1,2,4,5,6,8,9,10,11,12,13,14,16,18,20,21,22,23,24,25,26,28];5:[0,2,4,5,6,9,10,12,13,18,24,26,28]","c7:bw=188,experts=[0,2,4,5,6,8,9,10,12,13,18,20,21,22,23,24,26,28]; c1:bw=227,experts=[0,1,2,4,5,6,8,9,10,11,12,13,16,18,20,21,22,23,24,25,26,28]; c4:bw=45,experts=[4,6,13,26]; c0:bw=131,experts=[0,2,4,5,6,9,10,12,13,18,21,24,26]; c9:bw=66,experts=[2,4,6,9,13,26]; c2:bw=73,experts=[0,4,6,9,13,18,26]; c8:bw=202,experts=[0,1,2,4,5,6,8,9,10,12,13,14,18,20,21,22,23,24,26,28]; c3:bw=77,experts=[4,5,6,9,13,18,26]; c6:bw=231,experts=[0,1,2,4,5,6,8,9,10,11,12,13,14,16,18,20,21,22,23,24,25,26,28]; c5:bw=134,experts=[0,2,4,5,6,9,10,12,13,18,24,26,28]","5.3275,4.8674,7.3140,5.0866,3.7968,4.0551,5.8086,5.5240,7.2593,6.7457"
28,2026-09-24 19:49:29,Ours,0.01,1.86054719073754,48.35,48.35,28,56.939,0:56.94,55.5253,0.1778,1.2341,1632.5881,27:12.59,10,"6,9,0,8,2,5,1,3,4,7",6:108;9:179;0:172;8:108;2:10;5:122;1:91;3:42;4:28;7:10,"6:[0,4,5,6,9,12,13,18,24,26];9:[0,1,2,4,5,6,8,9,10,12,13,18,21,22,24,26,28];0:[0,1,2,4,5,6,8,9,10,11,12,13,18,21,23,24,26];8:[0,4,5,6,9,10,12,13,18,26];2:[4];5:[0,4,5,6,8,9,10,12,13,18,24,26];1:[0,4,5,6,9,10,13,18,26];3:[4,5,9,26];4:[4,26];7:[4]","c6:bw=108,experts=[0,4,5,6,9,12,13,18,24,26]; c9:bw=179,experts=[0,1,2,4,5,6,8,9,10,12,13,18,21,22,24,26,28]; c0:bw=172,experts=[0,1,2,4,5,6,8,9,10,11,12,13,18,21,23,24,26]; c8:bw=108,experts=[0,4,5,6,9,10,12,13,18,26]; c2:bw=10,experts=[4]; c5:bw=122,experts=[0,4,5,6,8,9,10,12,13,18,24,26]; c1:bw=91,experts=[0,4,5,6,9,10,13,18,26]; c3:bw=42,experts=[4,5,9,26]; c4:bw=28,experts=[4,26]; c7:bw=10,experts=[4]","7.2443,4.0150,5.2935,5.7247,4.0245,6.7215,4.7267,5.4619,7.2941,5.0191"
29,2026-09-24 19:50:27,Ours,0.01,1.8436712230003054,50.13,50.13,29,57.8138,0:57.81,56.3574,0.1815,1.273,1690.4219,28:10.42,10,"4,0,1,9,6,8,7,3,2,5",4:140;0:161;1:122;9:160;6:157;8:123;7:77;3:116;2:66;5:123,"4:[0,4,5,6,8,9,10,12,13,18,21,24,26,28];0:[0,2,4,5,6,8,9,10,12,13,18,21,22,24,26,28];1:[0,1,2,4,5,6,10,12,13,18,24,26];9:[0,1,2,4,5,6,8,9,10,12,13,18,21,24,25,26];6:[0,2,4,5,6,8,9,10,12,13,18,21,24,26,28];8:[0,2,4,5,6,9,10,12,13,18,24,26];7:[0,1,2,4,6,13,26];3:[0,2,4,5,6,10,12,13,18,24,26];2:[4,5,6,9,13,26];5:[0,2,4,5,6,10,12,13,18,24,26,28]","c4:bw=140,experts=[0,4,5,6,8,9,10,12,13,18,21,24,26,28]; c0:bw=161,experts=[0,2,4,5,6,8,9,10,12,13,18,21,22,24,26,28]; c1:bw=122,experts=[0,1,2,4,5,6,10,12,13,18,24,26]; c9:bw=160,experts=[0,1,2,4,5,6,8,9,10,12,13,18,21,24,25,26]; c6:bw=157,experts=[0,2,4,5,6,8,9,10,12,13,18,21,24,26,28]; c8:bw=123,experts=[0,2,4,5,6,9,10,12,13,18,24,26]; c7:bw=77,experts=[0,1,2,4,6,13,26]; c3:bw=116,experts=[0,2,4,5,6,10,12,13,18,24,26]; c2:bw=66,experts=[4,5,6,9,13,26]; c5:bw=123,experts=[0,2,4,5,6,10,12,13,18,24,26,28]","7.3806,5.1689,4.7549,3.8526,7.2618,5.7791,5.1113,5.6454,4.3931,7.0098"
30,2026-09-24 19:51:25,Ours,0.01,1.8239040282187726,49.14,50.13,29,58.08,0:58.08,56.6659,0.1812,1.231,1748.5245,29:08.52,10,"5,1,9,4,0,8,6,7,3,2",5:226;1:129;9:200;4:189;0:64;8:152;6:39;7:44;3:216;2:99,"5:[0,1,2,4,5,6,8,9,10,11,12,13,14,16,18,20,21,22,23,24,26,28];1:[0,1,2,4,5,6,10,12,13,18,24,26];9:[0,1,2,4,5,6,8,9,10,12,13,16,18,20,21,22,23,24,26,28];4:[0,1,2,4,5,6,8,9,10,12,13,18,21,22,23,24,26,28];0:[4,5,6,9,13,26];8:[0,4,5,6,8,9,10,12,13,18,21,22,24,26,28];6:[4,6,26];7:[4,6,13,26];3:[0,2,4,5,6,8,9,10,12,13,14,16,18,20,21,22,23,24,25,26,28];2:[0,4,5,6,9,12,13,18,26]","c5:bw=226,experts=[0,1,2,4,5,6,8,9,10,11,12,13,14,16,18,20,21,22,23,24,26,28]; c1:bw=129,experts=[0,1,2,4,5,6,10,12,13,18,24,26]; c9:bw=200,experts=[0,1,2,4,5,6,8,9,10,12,13,16,18,20,21,22,23,24,26,28]; c4:bw=189,experts=[0,1,2,4,5,6,8,9,10,12,13,18,21,22,23,24,26,28]; c0:bw=64,experts=[4,5,6,9,13,26]; c8:bw=152,experts=[0,4,5,6,8,9,10,12,13,18,21,22,24,26,28]; c6:bw=39,experts=[4,6,26]; c7:bw=44,experts=[4,6,13,26]; c3:bw=216,experts=[0,2,4,5,6,8,9,10,12,13,14,16,18,20,21,22,23,24,25,26,28]; c2:bw=99,experts=[0,4,5,6,9,12,13,18,26]","7.1099,4.9116,3.9804,7.5313,5.1209,5.7907,7.2091,5.1852,5.7023,4.1244"
31,2026-09-24 19:52:23,Ours,0.01,1.808270399506176,49.72,50.13,29,57.4838,0:57.48,56.092,0.1705,1.2196,1806.0286,30:06.03,10,"6,4,9,1,5,8,3,2,0,7",6:108;4:70;9:164;1:111;5:226;8:120;3:87;2:57;0:172;7:230,"6:[0,1,2,4,6,9,12,13,24,26];4:[4,5,6,9,13,18,26];9:[0,1,2,4,5,6,9,10,12,13,18,21,24,25,26,28];1:[0,4,5,6,9,10,12,13,18,24,26];5:[0,1,2,4,5,6,8,9,10,11,12,13,14,16,18,20,21,22,23,24,26,28];8:[0,4,5,6,9,10,12,13,18,21,24,26];3:[4,5,6,9,13,18,24,26];2:[2,4,6,13,26];0:[0,2,4,5,6,8,9,10,12,13,18,20,21,22,24,26,28];7:[0,2,4,5,6,8,9,10,12,13,14,16,18,19,20,21,22,23,24,25,26,27,28]","c6:bw=108,experts=[0,1,2,4,6,9,12,13,24,26]; c4:bw=70,experts=[4,5,6,9,13,18,26]; c9:bw=164,experts=[0,1,2,4,5,6,9,10,12,13,18,21,24,25,26,28]; c1:bw=111,experts=[0,4,5,6,9,10,12,13,18,24,26]; c5:bw=226,experts=[0,1,2,4,5,6,8,9,10,11,12,13,14,16,18,20,21,22,23,24,26,28]; c8:bw=120,experts=[0,4,5,6,9,10,12,13,18,21,24,26]; c3:bw=87,experts=[4,5,6,9,13,18,24,26]; c2:bw=57,experts=[2,4,6,13,26]; c0:bw=172,experts=[0,2,4,5,6,8,9,10,12,13,18,20,21,22,24,26,28]; c7:bw=230,experts=[0,2,4,5,6,8,9,10,12,13,14,16,18,19,20,21,22,23,24,25,26,27,28]","7.2973,7.5035,3.9579,4.9046,6.7778,5.7958,5.5140,4.0774,5.1712,5.0924"
32,2026-09-24 19:53:20,Ours,0.01,1.820491988374775,46.27,50.13,29,57.6971,0:57.70,56.2466,0.1772,1.2715,1863.7482,31:03.75,10,"8,5,4,7,0,1,3,6,2,9",8:79;5:130;4:178;7:171;0:167;1:77;3:103;6:98;2:197;9:115,"8:[3,4,7,17,19,29,31];5:[0,4,5,6,7,9,12,13,18,22,24,26,31];4:[0,3,4,5,6,7,9,12,13,17,18,19,21,24,26,29,31];7:[0,2,3,4,5,6,7,12,13,15,17,18,24,26,29,30,31];0:[0,3,4,5,6,7,8,9,13,17,18,24,26,29,30,31];1:[3,7,17,19,27,29,30];3:[4,5,6,7,13,17,18,19,26,31];6:[3,4,6,7,13,17,26,29,31];2:[0,3,4,5,6,7,9,12,13,18,19,20,21,22,24,26,29,30,31];9:[4,6,7,9,13,17,18,19,26,29,31]","c8:bw=79,experts=[3,4,7,17,19,29,31]; c5:bw=130,experts=[0,4,5,6,7,9,12,13,18,22,24,26,31]; c4:bw=178,experts=[0,3,4,5,6,7,9,12,13,17,18,19,21,24,26,29,31]; c7:bw=171,experts=[0,2,3,4,5,6,7,12,13,15,17,18,24,26,29,30,31]; c0:bw=167,experts=[0,3,4,5,6,7,8,9,13,17,18,24,26,29,30,31]; c1:bw=77,experts=[3,7,17,19,27,29,30]; c3:bw=103,experts=[4,5,6,7,13,17,18,19,26,31]; c6:bw=98,experts=[3,4,6,7,13,17,26,29,31]; c2:bw=197,experts=[0,3,4,5,6,7,9,12,13,18,19,20,21,22,24,26,29,30,31]; c9:bw=115,experts=[4,6,7,9,13,17,18,19,26,29,31]","5.7663,6.8051,7.3941,5.1232,5.1219,4.7597,5.4797,7.2556,4.3591,4.1819"
33,2026-09-24 19:54:18,Ours,0.01,1.7785796001396523,50.98,50.98,33,57.928,0:57.93,56.5122,0.1824,1.2317,1921.6976,32:01.70,10,"7,1,3,6,5,9,2,8,4,0",7:192;1:126;3:256;6:135;5:108;9:152;2:86;8:182;4:165;0:229,"7:[0,1,2,4,5,6,8,9,10,12,13,18,20,21,23,24,25,26,28];1:[0,4,5,6,8,9,12,13,18,24,26,31];3:[0,1,2,4,5,6,8,9,10,11,12,13,14,15,16,18,20,21,23,24,25,26,27,28,30];6:[0,4,5,6,8,9,12,13,18,21,24,26,30];5:[0,2,4,5,6,12,13,18,26,30];9:[0,2,4,5,6,8,9,10,12,13,18,21,24,26,28];2:[0,4,5,9,12,13,18,26];8:[0,1,2,4,5,6,8,9,10,11,12,13,18,21,23,24,26,28];4:[0,2,4,5,6,8,9,10,12,13,15,18,21,24,26,30];0:[0,2,4,5,6,8,9,10,12,13,14,16,18,19,20,21,22,23,24,25,26,28]","c7:bw=192,experts=[0,1,2,4,5,6,8,9,10,12,13,18,20,21,23,24,25,26,28]; c1:bw=126,experts=[0,4,5,6,8,9,12,13,18,24,26,31]; c3:bw=256,experts=[0,1,2,4,5,6,8,9,10,11,12,13,14,15,16,18,20,21,23,24,25,26,27,28,30]; c6:bw=135,experts=[0,4,5,6,8,9,12,13,18,21,24,26,30]; c5:bw=108,experts=[0,2,4,5,6,12,13,18,26,30]; c9:bw=152,experts=[0,2,4,5,6,8,9,10,12,13,18,21,24,26,28]; c2:bw=86,experts=[0,4,5,9,12,13,18,26]; c8:bw=182,experts=[0,1,2,4,5,6,8,9,10,11,12,13,18,21,23,24,26,28]; c4:bw=165,experts=[0,2,4,5,6,8,9,10,12,13,15,18,21,24,26,30]; c0:bw=229,experts=[0,2,4,5,6,8,9,10,12,13,14,16,18,19,20,21,22,23,24,25,26,28]","5.3494,5.0125,5.6119,7.3420,6.8960,3.8419,4.0656,5.8276,7.3674,5.1979"
34,2026-09-24 19:55:15,Ours,0.01,1.7656293113598829,51.02,51.02,34,57.184,0:57.18,55.7605,0.1958,1.2258,1978.905,32:58.90,10,"4,1,6,9,8,0,5,7,3,2",4:169;1:170;6:176;9:248;8:153;0:82;5:219;7:119;3:265;2:197,"4:[0,4,5,6,8,9,10,12,13,18,20,21,22,24,26,28];1:[0,1,2,4,5,6,8,9,10,11,12,13,18,21,24,26,28];6:[0,2,4,5,6,8,9,10,12,13,18,20,21,22,24,26,28];9:[0,1,2,4,5,6,8,9,10,12,13,14,16,18,19,20,21,22,23,24,25,26,27,28];8:[0,2,4,5,6,8,9,10,12,13,18,21,24,26,28];0:[0,4,5,6,9,13,18,26];5:[0,2,4,5,6,8,9,10,12,13,14,16,18,20,21,22,23,24,25,26,28];7:[0,2,4,5,6,10,12,13,18,24,26];3:[0,1,2,4,5,6,8,9,10,11,12,13,14,16,18,19,20,21,22,23,24,25,26,27,28,29];2:[0,1,2,4,5,6,8,9,10,12,13,18,20,21,23,24,25,26,28]","c4:bw=169,experts=[0,4,5,6,8,9,10,12,13,18,20,21,22,24,26,28]; c1:bw=170,experts=[0,1,2,4,5,6,8,9,10,11,12,13,18,21,24,26,28]; c6:bw=176,experts=[0,2,4,5,6,8,9,10,12,13,18,20,21,22,24,26,28]; c9:bw=248,experts=[0,1,2,4,5,6,8,9,10,12,13,14,16,18,19,20,21,22,23,24,25,26,27,28]; c8:bw=153,experts=[0,2,4,5,6,8,9,10,12,13,18,21,24,26,28]; c0:bw=82,experts=[0,4,5,6,9,13,18,26]; c5:bw=219,experts=[0,2,4,5,6,8,9,10,12,13,14,16,18,20,21,22,23,24,25,26,28]; c7:bw=119,experts=[0,2,4,5,6,10,12,13,18,24,26]; c3:bw=265,experts=[0,1,2,4,5,6,8,9,10,11,12,13,14,16,18,19,20,21,22,23,24,25,26,27,28,29]; c2:bw=197,experts=[0,1,2,4,5,6,8,9,10,12,13,18,20,21,23,24,25,26,28]","7.3622,4.7806,7.2794,3.8377,5.7942,5.1211,6.7292,5.1048,5.5289,4.2223"
35,2026-09-24 19:56:13,Ours,0.01,1.7559180059280632,52.0,52.0,35,57.7183,0:57.72,56.2654,0.189,1.262,2036.6449,33:56.64,10,"4,0,1,6,2,8,9,7,5,3",4:120;0:74;1:112;6:160;2:167;8:182;9:99;7:175;5:149;3:88,"4:[0,4,5,8,9,12,13,18,22,24,26,28];0:[4,5,6,9,13,18,26];1:[0,4,5,6,9,12,13,18,22,24,26];6:[0,4,5,6,8,9,10,12,13,18,20,21,22,24,26,28];2:[0,2,4,5,6,8,9,10,12,13,18,21,22,24,26,28];8:[0,1,2,4,5,6,8,10,11,12,13,18,21,23,24,25,26,28];9:[0,2,4,5,6,9,13,18,26];7:[0,1,2,4,5,6,8,9,10,12,13,18,21,23,24,26,28];5:[0,4,5,6,8,9,10,12,13,18,21,24,26,28];3:[0,2,4,6,13,18,24,26]","c4:bw=120,experts=[0,4,5,8,9,12,13,18,22,24,26,28]; c0:bw=74,experts=[4,5,6,9,13,18,26]; c1:bw=112,experts=[0,4,5,6,9,12,13,18,22,24,26]; c6:bw=160,experts=[0,4,5,6,8,9,10,12,13,18,20,21,22,24,26,28]; c2:bw=167,experts=[0,2,4,5,6,8,9,10,12,13,18,21,22,24,26,28]; c8:bw=182,experts=[0,1,2,4,5,6,8,10,11,12,13,18,21,23,24,25,26,28]; c9:bw=99,experts=[0,2,4,5,6,9,13,18,26]; c7:bw=175,experts=[0,1,2,4,5,6,8,9,10,12,13,18,21,23,24,26,28]; c5:bw=149,experts=[0,4,5,6,8,9,10,12,13,18,21,24,26,28]; c3:bw=88,experts=[0,2,4,6,13,18,24,26]","7.3775,5.1456,4.7712,7.2276,4.1795,5.9711,3.8210,5.1196,6.8527,5.7995"
36,2026-09-24 19:57:11,Ours,0.01,1.7409069905431196,52.58,52.58,36,57.7408,0:57.74,56.3288,0.1935,1.2167,2094.4092,34:54.41,10,"9,0,3,7,6,5,1,4,8,2",9:137;0:132;3:219;7:100;6:158;5:180;1:31;4:272;8:188;2:185,"9:[0,4,5,6,8,9,10,12,13,18,24,26,28];0:[0,4,5,6,9,10,12,13,18,24,26,27,28];3:[0,2,4,5,6,8,9,10,11,12,13,14,18,20,21,22,23,24,25,26,28];7:[0,4,5,6,9,13,18,24,26,28];6:[0,1,2,4,5,6,9,10,12,13,18,23,24,26,28];5:[0,3,4,5,6,8,9,10,12,13,17,18,21,24,26,27,28,29];1:[4,6,26];4:[0,1,2,3,4,5,6,8,9,10,11,12,13,14,15,16,18,19,20,21,22,23,24,25,26,27,28];8:[0,1,2,4,5,6,8,10,11,12,13,14,16,18,23,24,26,28];2:[0,1,2,4,5,6,8,9,10,12,13,18,20,21,23,24,26,28]","c9:bw=137,experts=[0,4,5,6,8,9,10,12,13,18,24,26,28]; c0:bw=132,experts=[0,4,5,6,9,10,12,13,18,24,26,27,28]; c3:bw=219,experts=[0,2,4,5,6,8,9,10,11,12,13,14,18,20,21,22,23,24,25,26,28]; c7:bw=100,experts=[0,4,5,6,9,13,18,24,26,28]; c6:bw=158,experts=[0,1,2,4,5,6,9,10,12,13,18,23,24,26,28]; c5:bw=180,experts=[0,3,4,5,6,8,9,10,12,13,17,18,21,24,26,27,28,29]; c1:bw=31,experts=[4,6,26]; c4:bw=272,experts=[0,1,2,3,4,5,6,8,9,10,11,12,13,14,15,16,18,19,20,21,22,23,24,25,26,27,28]; c8:bw=188,experts=[0,1,2,4,5,6,8,10,11,12,13,14,16,18,23,24,26,28]; c2:bw=185,experts=[0,1,2,4,5,6,8,9,10,12,13,18,20,21,23,24,26,28]","4.0853,5.3817,5.7892,5.1733,7.2305,6.7202,4.7336,7.3499,5.8003,4.0648"
37,2026-09-24 19:58:09,Ours,0.01,1.7308072068500284,53.17,53.17,37,58.0561,0:58.06,56.6235,0.1966,1.2341,2152.4917,35:52.49,10,"1,5,2,6,4,7,9,0,3,8",1:67;5:143;2:132;6:239;4:144;7:153;9:146;0:199;3:132;8:21,"1:[4,5,9,13,18,26];5:[0,2,4,5,6,9,10,12,13,18,21,24,26,28];2:[0,2,4,5,6,8,9,10,12,13,18,26,28];6:[0,1,2,4,5,6,8,9,10,11,12,13,14,15,17,18,21,23,24,25,26,27,28];4:[0,2,4,5,6,9,10,12,13,18,23,24,26,28];7:[0,4,5,6,8,9,10,12,13,18,20,22,24,26,28];9:[0,2,3,4,5,6,9,10,11,12,13,18,24,26];0:[0,4,5,6,8,9,10,12,13,14,16,18,20,21,22,23,24,26,28];3:[0,1,2,3,4,5,6,10,12,13,18,24,26];8:[4,6]","c1:bw=67,experts=[4,5,9,13,18,26]; c5:bw=143,experts=[0,2,4,5,6,9,10,12,13,18,21,24,26,28]; c2:bw=132,experts=[0,2,4,5,6,8,9,10,12,13,18,26,28]; c6:bw=239,experts=[0,1,2,4,5,6,8,9,10,11,12,13,14,15,17,18,21,23,24,25,26,27,28]; c4:bw=144,experts=[0,2,4,5,6,9,10,12,13,18,23,24,26,28]; c7:bw=153,experts=[0,4,5,6,8,9,10,12,13,18,20,22,24,26,28]; c9:bw=146,experts=[0,2,3,4,5,6,9,10,11,12,13,18,24,26]; c0:bw=199,experts=[0,4,5,6,8,9,10,12,13,14,16,18,20,21,22,23,24,26,28]; c3:bw=132,experts=[0,1,2,3,4,5,6,10,12,13,18,24,26]; c8:bw=21,experts=[4,6]","4.7819,6.7697,4.0817,7.4212,7.6860,5.4504,4.0051,5.1461,5.5520,5.7295"
38,2026-09-24 19:59:07,Ours,0.01,1.717315941575246,53.49,53.49,38,57.499,0:57.50,56.0341,0.1933,1.2699,2210.0135,36:50.01,10,"8,6,4,1,5,2,3,7,9,0",8:168;6:62;4:190;1:113;5:10;2:11;3:139;7:187;9:94;0:148,"8:[0,4,5,6,8,9,10,12,13,18,22,24,26,27,28,30];6:[2,4,6,13,18,26];4:[0,2,4,5,6,8,9,10,12,13,16,18,20,21,22,23,24,26,28];1:[0,4,5,6,9,12,13,18,24,26,28];5:[4];2:[4];3:[0,1,2,4,5,6,10,12,13,18,24,26,28];7:[0,2,4,5,6,8,9,10,12,13,18,20,21,22,23,24,26,28];9:[0,4,5,6,9,13,18,24,26];0:[0,2,4,5,6,8,9,10,12,13,18,24,26,28]","c8:bw=168,experts=[0,4,5,6,8,9,10,12,13,18,22,24,26,27,28,30]; c6:bw=62,experts=[2,4,6,13,18,26]; c4:bw=190,experts=[0,2,4,5,6,8,9,10,12,13,16,18,20,21,22,23,24,26,28]; c1:bw=113,experts=[0,4,5,6,9,12,13,18,24,26,28]; c5:bw=10,experts=[4]; c2:bw=11,experts=[4]; c3:bw=139,experts=[0,1,2,4,5,6,10,12,13,18,24,26,28]; c7:bw=187,experts=[0,2,4,5,6,8,9,10,12,13,18,20,21,22,23,24,26,28]; c9:bw=94,experts=[0,4,5,6,9,13,18,24,26]; c0:bw=148,experts=[0,2,4,5,6,8,9,10,12,13,18,24,26,28]","5.8756,7.4040,7.3832,4.7384,6.6580,4.1375,5.5270,5.0945,3.8298,5.3860"
39,2026-09-24 20:00:04,Ours,0.01,1.6977586878718391,54.76,54.76,39,57.8704,0:57.87,56.4345,0.2122,1.2219,2267.9069,37:47.91,10,"3,0,1,7,6,8,2,4,9,5",3:96;0:11;1:164;7:146;6:112;8:164;2:132;4:131;9:87;5:274,"3:[0,4,5,6,13,18,24,26,28];0:[4];1:[0,1,2,4,5,6,8,9,10,12,13,18,24,25,26,28];7:[0,4,5,6,9,10,12,13,18,20,22,24,26,28];6:[0,4,5,6,9,12,13,18,24,26,28];8:[0,2,4,5,6,8,9,10,12,13,18,20,21,24,26,28];2:[0,1,2,4,5,6,10,12,13,18,24,26,28];4:[0,4,5,6,9,10,12,13,18,22,24,26,28];9:[0,4,5,6,9,13,18,26];5:[0,1,2,3,4,5,6,8,9,10,11,12,13,14,15,16,18,19,20,21,22,23,24,25,26,27,28]","c3:bw=96,experts=[0,4,5,6,13,18,24,26,28]; c0:bw=11,experts=[4]; c1:bw=164,experts=[0,1,2,4,5,6,8,9,10,12,13,18,24,25,26,28]; c7:bw=146,experts=[0,4,5,6,9,10,12,13,18,20,22,24,26,28]; c6:bw=112,experts=[0,4,5,6,9,12,13,18,24,26,28]; c8:bw=164,experts=[0,2,4,5,6,8,9,10,12,13,18,20,21,24,26,28]; c2:bw=132,experts=[0,1,2,4,5,6,10,12,13,18,24,26,28]; c4:bw=131,experts=[0,4,5,6,9,10,12,13,18,22,24,26,28]; c9:bw=87,experts=[0,4,5,6,9,13,18,26]; c5:bw=274,experts=[0,1,2,3,4,5,6,8,9,10,11,12,13,14,15,16,18,19,20,21,22,23,24,25,26,27,28]","5.7676,5.2718,4.9935,5.1647,7.2482,5.7711,4.1765,7.4234,3.8357,6.7819"
40,2026-09-24 20:01:03,Ours,0.01,1.6890517442618074,53.61,54.76,39,58.7786,0:58.78,57.3216,0.1895,1.2656,2326.7099,38:46.71,10,"8,1,5,6,2,7,3,4,9,0",8:95;1:154;5:116;6:170;2:238;7:243;3:24;4:70;9:145;0:131,"8:[0,4,5,6,9,13,18,24,26];1:[0,1,2,4,5,6,8,9,10,12,13,18,21,24,26];5:[0,2,4,5,6,9,12,13,18,24,26];6:[0,4,5,6,8,9,10,12,13,18,20,21,22,23,24,26,28];2:[0,1,2,4,5,6,8,9,10,12,13,14,16,18,20,21,22,23,24,25,26,27,28];7:[0,1,2,4,5,6,8,9,10,12,13,14,16,18,19,20,21,22,23,24,25,26,27,28];3:[4,26];4:[4,5,6,9,13,18,26];9:[0,4,5,6,9,12,13,15,18,20,24,26,28,30];0:[0,2,4,5,6,8,9,10,13,18,24,26,28]","c8:bw=95,experts=[0,4,5,6,9,13,18,24,26]; c1:bw=154,experts=[0,1,2,4,5,6,8,9,10,12,13,18,21,24,26]; c5:bw=116,experts=[0,2,4,5,6,9,12,13,18,24,26]; c6:bw=170,experts=[0,4,5,6,8,9,10,12,13,18,20,21,22,23,24,26,28]; c2:bw=238,experts=[0,1,2,4,5,6,8,9,10,12,13,14,16,18,20,21,22,23,24,25,26,27,28]; c7:bw=243,experts=[0,1,2,4,5,6,8,9,10,12,13,14,16,18,19,20,21,22,23,24,25,26,27,28]; c3:bw=24,experts=[4,26]; c4:bw=70,experts=[4,5,6,9,13,18,26]; c9:bw=145,experts=[0,4,5,6,9,12,13,15,18,20,24,26,28,30]; c0:bw=131,experts=[0,2,4,5,6,8,9,10,13,18,24,26,28]","5.8470,4.9159,6.8345,7.4718,4.1907,5.2506,5.7448,7.7095,3.9854,5.3714"
41,2026-09-24 20:02:02,Ours,0.01,1.6844519931595243,55.2,55.2,41,58.8505,0:58.85,57.4024,0.1909,1.2552,2385.5842,39:45.58,10,"2,6,8,1,4,5,7,3,9,0",2:196;6:10;8:207;1:29;4:185;5:224;7:250;3:146;9:196;0:10,"2:[0,1,2,4,5,6,8,9,10,12,13,18,20,21,22,24,25,26,28];6:[4];8:[0,2,4,5,6,8,9,10,12,13,14,18,20,21,22,23,24,25,26,28];1:[4,26];4:[0,2,4,5,6,8,9,10,12,13,18,20,21,22,23,24,26,28];5:[0,1,2,4,5,6,8,9,10,12,13,14,16,18,20,21,22,23,24,25,26,28];7:[0,1,2,4,5,6,8,9,10,11,12,13,14,16,18,19,20,21,22,23,24,25,26,27,28];3:[0,2,4,5,6,8,9,10,12,13,18,24,26,28];9:[0,2,4,5,6,8,9,10,12,13,16,18,20,21,22,23,24,26,28];0:[4]","c2:bw=196,experts=[0,1,2,4,5,6,8,9,10,12,13,18,20,21,22,24,25,26,28]; c6:bw=10,experts=[4]; c8:bw=207,experts=[0,2,4,5,6,8,9,10,12,13,14,18,20,21,22,23,24,25,26,28]; c1:bw=29,experts=[4,26]; c4:bw=185,experts=[0,2,4,5,6,8,9,10,12,13,18,20,21,22,23,24,26,28]; c5:bw=224,experts=[0,1,2,4,5,6,8,9,10,12,13,14,16,18,20,21,22,23,24,25,26,28]; c7:bw=250,experts=[0,1,2,4,5,6,8,9,10,11,12,13,14,16,18,19,20,21,22,23,24,25,26,27,28]; c3:bw=146,experts=[0,2,4,5,6,8,9,10,12,13,18,24,26,28]; c9:bw=196,experts=[0,2,4,5,6,8,9,10,12,13,16,18,20,21,22,23,24,26,28]; c0:bw=10,experts=[4]","4.3422,7.5611,6.1075,4.8735,7.5984,6.9745,5.2856,5.6078,3.8728,5.1790"
42,2026-09-24 20:03:00,Ours,0.01,1.6671252820120372,54.37,55.2,41,58.1606,0:58.16,56.7537,0.1692,1.2359,2443.7705,40:43.77,10,"5,1,3,9,6,0,7,4,8,2",5:185;1:179;3:177;9:186;6:125;0:54;7:73;4:200;8:154;2:147,"5:[0,1,2,4,5,6,8,9,10,11,12,13,18,21,24,25,26,28];1:[0,1,2,4,5,6,8,9,10,11,12,13,18,21,24,26,28];3:[0,1,2,4,5,6,8,9,10,12,13,18,20,21,24,25,26];9:[0,1,2,4,5,6,8,9,10,12,13,18,20,21,24,25,26,28];6:[0,1,2,4,5,6,10,12,13,18,24,26];0:[2,4,6,13,26];7:[4,5,6,9,13,18,26];4:[0,2,4,5,6,8,9,10,12,13,14,18,20,21,22,23,24,25,26,28];8:[0,1,2,4,5,6,8,9,10,12,13,18,24,26,28];2:[0,4,5,6,9,10,12,13,18,20,22,24,26,28]","c5:bw=185,experts=[0,1,2,4,5,6,8,9,10,11,12,13,18,21,24,25,26,28]; c1:bw=179,experts=[0,1,2,4,5,6,8,9,10,11,12,13,18,21,24,26,28]; c3:bw=177,experts=[0,1,2,4,5,6,8,9,10,12,13,18,20,21,24,25,26]; c9:bw=186,experts=[0,1,2,4,5,6,8,9,10,12,13,18,20,21,24,25,26,28]; c6:bw=125,experts=[0,1,2,4,5,6,10,12,13,18,24,26]; c0:bw=54,experts=[2,4,6,13,26]; c7:bw=73,experts=[4,5,6,9,13,18,26]; c4:bw=200,experts=[0,2,4,5,6,8,9,10,12,13,14,18,20,21,22,23,24,25,26,28]; c8:bw=154,experts=[0,1,2,4,5,6,8,9,10,12,13,18,24,26,28]; c2:bw=147,experts=[0,4,5,6,9,10,12,13,18,20,22,24,26,28]","7.0866,5.1546,5.8998,3.9524,7.2335,5.1530,5.0607,7.3779,5.7789,4.0564"
43,2026-09-24 20:03:57,Ours,0.01,1.6620093587325033,55.44,55.44,43,57.0846,0:57.08,55.6837,0.1771,1.222,2500.8786,41:40.88,10,"5,1,2,8,9,7,4,6,3,0",5:194;1:213;2:186;8:165;9:116;7:77;4:126;6:44;3:237;0:78,"5:[0,2,4,5,6,8,9,10,12,13,16,18,20,21,22,23,24,26,28];1:[0,1,2,4,5,6,8,9,10,11,12,13,16,18,20,21,23,24,25,26,28];2:[0,1,2,4,5,6,9,10,11,12,13,18,21,23,24,25,26,28];8:[0,4,5,6,8,9,10,12,13,18,20,21,22,24,26,28];9:[0,2,4,5,6,8,9,13,18,24,26];7:[4,5,6,9,13,18,26];4:[0,2,4,5,6,9,10,12,13,18,24,26];6:[4,6,13,26];3:[0,1,2,4,5,6,8,9,10,12,13,14,16,18,20,21,22,23,24,25,26,27,28];0:[4,5,9,13,18,24,26]","c5:bw=194,experts=[0,2,4,5,6,8,9,10,12,13,16,18,20,21,22,23,24,26,28]; c1:bw=213,experts=[0,1,2,4,5,6,8,9,10,11,12,13,16,18,20,21,23,24,25,26,28]; c2:bw=186,experts=[0,1,2,4,5,6,9,10,11,12,13,18,21,23,24,25,26,28]; c8:bw=165,experts=[0,4,5,6,8,9,10,12,13,18,20,21,22,24,26,28]; c9:bw=116,experts=[0,2,4,5,6,8,9,13,18,24,26]; c7:bw=77,experts=[4,5,6,9,13,18,26]; c4:bw=126,experts=[0,2,4,5,6,9,10,12,13,18,24,26]; c6:bw=44,experts=[4,6,13,26]; c3:bw=237,experts=[0,1,2,4,5,6,8,9,10,12,13,14,16,18,20,21,22,23,24,25,26,27,28]; c0:bw=78,experts=[4,5,9,13,18,24,26]","6.8119,4.8078,4.0906,5.7746,3.8557,5.0601,7.3554,7.2414,5.5188,5.1674"
44,2026-09-24 20:04:55,Ours,0.01,1.648852054709573,55.72,55.72,44,57.2128,0:57.21,55.7818,0.1817,1.2475,2558.1164,42:38.12,10,"0,3,4,2,7,5,6,9,8,1",0:244;3:171;4:105;2:134;7:275;5:88;6:75;9:136;8:126;1:163,"0:[0,1,2,4,5,6,8,9,10,11,12,13,14,16,18,20,21,22,23,24,25,26,27,28];3:[0,2,4,5,6,8,9,10,11,12,13,18,21,23,24,26,28];4:[2,4,5,6,10,12,13,18,24,26];2:[0,2,4,5,6,9,10,12,13,18,24,26,28];7:[0,1,2,3,4,5,6,8,9,10,11,12,13,14,15,16,18,19,20,21,22,23,24,25,26,27,28];5:[2,4,5,6,13,18,24,26];6:[4,5,6,13,18,24,26];9:[0,1,2,4,5,6,9,10,12,13,18,24,26];8:[0,4,5,6,8,9,12,13,18,24,26,28];1:[0,1,2,4,5,6,8,9,10,11,12,13,18,24,26,28]","c0:bw=244,experts=[0,1,2,4,5,6,8,9,10,11,12,13,14,16,18,20,21,22,23,24,25,26,27,28]; c3:bw=171,experts=[0,2,4,5,6,8,9,10,11,12,13,18,21,23,24,26,28]; c4:bw=105,experts=[2,4,5,6,10,12,13,18,24,26]; c2:bw=134,experts=[0,2,4,5,6,9,10,12,13,18,24,26,28]; c7:bw=275,experts=[0,1,2,3,4,5,6,8,9,10,11,12,13,14,15,16,18,19,20,21,22,23,24,25,26,27,28]; c5:bw=88,experts=[2,4,5,6,13,18,24,26]; c6:bw=75,experts=[4,5,6,13,18,24,26]; c9:bw=136,experts=[0,1,2,4,5,6,9,10,12,13,18,24,26]; c8:bw=126,experts=[0,4,5,6,8,9,12,13,18,24,26,28]; c1:bw=163,experts=[0,1,2,4,5,6,8,9,10,11,12,13,18,24,26,28]","5.2432,5.5551,7.3650,4.0821,5.1128,6.7318,7.1920,3.8406,5.8618,4.7974"
45,2026-09-24 20:05:53,Ours,0.01,1.6382829704142892,55.78,55.78,45,58.1553,0:58.16,56.7406,0.1876,1.2252,2616.2963,43:36.30,10,"8,0,3,4,7,2,9,6,5,1",8:201;0:131;3:245;4:235;7:131;2:180;9:91;6:14;5:163;1:204,"8:[0,1,2,4,5,6,8,9,10,11,12,13,15,18,21,23,24,25,26,28];0:[0,4,5,6,9,10,12,13,18,20,24,26,28];3:[0,1,2,3,4,5,6,8,9,10,11,12,13,14,15,16,18,20,21,23,24,25,26,28];4:[0,1,2,4,5,6,8,9,10,12,13,14,16,18,20,21,22,23,24,25,26,27,28];7:[0,2,4,5,6,9,10,12,13,18,24,26,28];2:[0,1,2,4,5,6,9,10,11,12,13,18,21,23,24,25,26,28];9:[0,4,5,6,9,13,18,26,28];6:[4];5:[0,2,4,5,6,8,9,10,12,13,18,20,21,24,26,28];1:[0,2,4,5,6,8,9,10,12,13,16,18,20,21,22,23,24,25,26,28]","c8:bw=201,experts=[0,1,2,4,5,6,8,9,10,11,12,13,15,18,21,23,24,25,26,28]; c0:bw=131,experts=[0,4,5,6,9,10,12,13,18,20,24,26,28]; c3:bw=245,experts=[0,1,2,3,4,5,6,8,9,10,11,12,13,14,15,16,18,20,21,23,24,25,26,28]; c4:bw=235,experts=[0,1,2,4,5,6,8,9,10,12,13,14,16,18,20,21,22,23,24,25,26,27,28]; c7:bw=131,experts=[0,2,4,5,6,9,10,12,13,18,24,26,28]; c2:bw=180,experts=[0,1,2,4,5,6,9,10,11,12,13,18,21,23,24,25,26,28]; c9:bw=91,experts=[0,4,5,6,9,13,18,26,28]; c6:bw=14,experts=[4]; c5:bw=163,experts=[0,2,4,5,6,8,9,10,12,13,18,20,21,24,26,28]; c1:bw=204,experts=[0,2,4,5,6,8,9,10,12,13,16,18,20,21,22,23,24,25,26,28]","6.1466,5.4129,5.7885,7.7309,5.0815,4.0623,3.8163,7.1604,6.7405,4.8007"
46,2026-09-24 20:06:51,Ours,0.01,1.6335832967622614,55.75,55.78,45,58.311,0:58.31,56.8472,0.1855,1.2764,2674.633,44:34.63,10,"9,3,6,1,4,5,2,8,0,7",9:134;3:98;6:141;1:149;4:234;5:150;2:208;8:142;0:201;7:103,"9:[0,1,2,4,5,6,9,10,12,13,18,24,26];3:[0,2,4,5,6,9,13,18,26];6:[0,1,2,4,5,6,10,11,12,13,18,24,26,28];1:[0,4,5,6,8,9,12,13,18,20,22,24,26,28];4:[0,1,2,4,5,6,8,9,10,11,12,13,14,16,18,20,21,22,23,24,25,26,28];5:[0,2,4,5,6,8,9,10,12,13,18,20,24,26,28];2:[0,2,4,5,6,8,9,10,12,13,16,18,20,21,22,23,24,25,26,28];8:[0,2,4,5,6,8,9,10,12,13,18,24,26,28];0:[0,1,2,4,5,6,8,9,10,11,12,13,18,20,21,23,24,25,26,28];7:[0,4,5,9,13,18,20,24,26,28]","c9:bw=134,experts=[0,1,2,4,5,6,9,10,12,13,18,24,26]; c3:bw=98,experts=[0,2,4,5,6,9,13,18,26]; c6:bw=141,experts=[0,1,2,4,5,6,10,11,12,13,18,24,26,28]; c1:bw=149,experts=[0,4,5,6,8,9,12,13,18,20,22,24,26,28]; c4:bw=234,experts=[0,1,2,4,5,6,8,9,10,11,12,13,14,16,18,20,21,22,23,24,25,26,28]; c5:bw=150,experts=[0,2,4,5,6,8,9,10,12,13,18,20,24,26,28]; c2:bw=208,experts=[0,2,4,5,6,8,9,10,12,13,16,18,20,21,22,23,24,25,26,28]; c8:bw=142,experts=[0,2,4,5,6,8,9,10,12,13,18,24,26,28]; c0:bw=201,experts=[0,1,2,4,5,6,8,9,10,11,12,13,18,20,21,23,24,25,26,28]; c7:bw=103,experts=[0,4,5,9,13,18,20,24,26,28]","3.8755,5.5729,7.3184,4.9076,7.5072,6.7746,4.0592,5.7821,5.4340,5.6158"
47,2026-09-24 20:07:53,Ours,0.01,1.6234196984362375,56.52,56.52,47,61.6849,1:01.68,60.1817,0.1888,1.3125,2736.3454,45:36.35,10,"5,6,7,9,8,3,4,0,1,2",5:189;6:82;7:195;9:63;8:144;3:255;4:35;0:167;1:111;2:199,"5:[0,1,2,4,5,6,8,9,10,11,12,13,18,21,24,25,26,28];6:[4,5,6,9,13,18,24,26];7:[0,1,2,4,5,6,8,9,10,11,12,13,18,21,23,24,25,26,28];9:[4,5,6,9,13,26];8:[0,1,2,4,5,6,8,10,12,13,18,24,26,28];3:[0,1,2,4,5,6,8,9,10,11,12,13,14,15,16,17,18,21,22,23,24,25,26,27,28];4:[4,6,26];0:[0,1,2,4,5,6,8,9,10,12,13,18,21,24,26,28];1:[0,4,5,6,9,12,13,18,24,26,28];2:[0,1,2,4,5,6,8,9,10,11,12,13,18,21,23,24,25,26,28]","c5:bw=189,experts=[0,1,2,4,5,6,8,9,10,11,12,13,18,21,24,25,26,28]; c6:bw=82,experts=[4,5,6,9,13,18,24,26]; c7:bw=195,experts=[0,1,2,4,5,6,8,9,10,11,12,13,18,21,23,24,25,26,28]; c9:bw=63,experts=[4,5,6,9,13,26]; c8:bw=144,experts=[0,1,2,4,5,6,8,10,12,13,18,24,26,28]; c3:bw=255,experts=[0,1,2,4,5,6,8,9,10,11,12,13,14,15,16,17,18,21,22,23,24,25,26,27,28]; c4:bw=35,experts=[4,6,26]; c0:bw=167,experts=[0,1,2,4,5,6,8,9,10,12,13,18,21,24,26,28]; c1:bw=111,experts=[0,4,5,6,9,12,13,18,24,26,28]; c2:bw=199,experts=[0,1,2,4,5,6,8,9,10,11,12,13,18,21,23,24,25,26,28]","7.3265,7.8008,5.4538,4.1579,6.3116,6.0085,7.8758,5.5838,5.1910,4.4721"
48,2026-09-24 20:08:56,Ours,0.01,1.6126584261579098,55.28,56.52,47,62.7581,1:02.76,61.2862,0.2073,1.2625,2799.1296,46:39.13,10,"1,8,4,2,9,6,5,7,0,3",1:182;8:183;4:246;2:207;9:192;6:165;5:202;7:229;0:57;3:67,"1:[0,1,2,4,5,6,8,9,10,12,13,16,18,20,21,24,26,28];8:[0,1,2,4,5,6,8,9,10,11,12,13,16,18,23,24,26,28];4:[0,1,2,4,5,6,8,9,10,11,12,13,14,16,18,20,21,22,23,24,25,26,27,28];2:[0,1,2,4,5,6,8,9,10,11,12,13,16,18,21,23,24,25,26,28];9:[0,4,5,6,8,9,10,12,13,16,18,20,21,22,23,24,25,26,28];6:[0,2,4,5,6,8,9,10,12,13,18,20,21,24,26,28];5:[0,2,4,5,6,8,9,10,12,13,14,16,18,20,21,22,23,24,26,28];7:[0,1,2,4,5,6,8,9,10,12,13,14,16,18,20,21,22,23,24,25,26,28];0:[4,6,13,15,26];3:[4,5,6,13,18,26]","c1:bw=182,experts=[0,1,2,4,5,6,8,9,10,12,13,16,18,20,21,24,26,28]; c8:bw=183,experts=[0,1,2,4,5,6,8,9,10,11,12,13,16,18,23,24,26,28]; c4:bw=246,experts=[0,1,2,4,5,6,8,9,10,11,12,13,14,16,18,20,21,22,23,24,25,26,27,28]; c2:bw=207,experts=[0,1,2,4,5,6,8,9,10,11,12,13,16,18,21,23,24,25,26,28]; c9:bw=192,experts=[0,4,5,6,8,9,10,12,13,16,18,20,21,22,23,24,25,26,28]; c6:bw=165,experts=[0,2,4,5,6,8,9,10,12,13,18,20,21,24,26,28]; c5:bw=202,experts=[0,2,4,5,6,8,9,10,12,13,14,16,18,20,21,22,23,24,26,28]; c7:bw=229,experts=[0,1,2,4,5,6,8,9,10,12,13,14,16,18,20,21,22,23,24,25,26,28]; c0:bw=57,experts=[4,6,13,15,26]; c3:bw=67,experts=[4,5,6,13,18,26]","5.2546,6.4773,8.4020,4.7060,4.2587,7.8185,7.2598,5.5606,5.6876,5.8611"
49,2026-09-24 20:09:56,Ours,0.01,1.611006536675373,56.83,56.83,49,60.0374,1:00.04,58.5357,0.2107,1.2892,2859.1944,47:39.19,10,"4,3,8,0,2,5,6,7,9,1",4:176;3:116;8:96;0:72;2:214;5:205;6:46;7:162;9:194;1:198,"4:[0,4,5,6,8,9,10,12,13,18,20,21,22,23,24,26,28];3:[0,2,4,5,6,12,13,18,24,26,28];8:[1,2,4,5,6,13,18,24,26];0:[0,2,4,6,13,18,26];2:[0,1,2,4,5,6,8,9,10,11,12,13,15,18,20,21,23,24,25,26,28];5:[0,1,2,4,5,6,8,9,10,11,12,13,15,18,21,23,24,25,26,28];6:[4,6,13,26];7:[0,1,2,4,5,6,8,9,10,12,13,18,24,25,26,28];9:[0,2,4,5,6,8,9,10,12,13,18,20,21,22,23,24,25,26,28];1:[0,1,2,4,5,6,8,9,10,11,12,13,16,18,21,24,25,26,28]","c4:bw=176,experts=[0,4,5,6,8,9,10,12,13,18,20,21,22,23,24,26,28]; c3:bw=116,experts=[0,2,4,5,6,12,13,18,24,26,28]; c8:bw=96,experts=[1,2,4,5,6,13,18,24,26]; c0:bw=72,experts=[0,2,4,6,13,18,26]; c2:bw=214,experts=[0,1,2,4,5,6,8,9,10,11,12,13,15,18,20,21,23,24,25,26,28]; c5:bw=205,experts=[0,1,2,4,5,6,8,9,10,11,12,13,15,18,21,23,24,25,26,28]; c6:bw=46,experts=[4,6,13,26]; c7:bw=162,experts=[0,1,2,4,5,6,8,9,10,12,13,18,24,25,26,28]; c9:bw=194,experts=[0,2,4,5,6,8,9,10,12,13,18,20,21,22,23,24,25,26,28]; c1:bw=198,experts=[0,1,2,4,5,6,8,9,10,11,12,13,16,18,21,24,25,26,28]","7.7395,5.7965,6.0846,5.4118,4.2247,7.0506,7.6577,5.4872,4.0836,4.9994"
50,2026-09-24 20:10:56,Ours,0.01,1.5974953905700264,57.32,57.32,50,60.0484,1:00.05,58.589,0.1854,1.2721,2919.2694,48:39.27,10,"8,4,7,6,2,1,3,0,9,5",8:118;4:28;7:126;6:249;2:232;1:236;3:142;0:106;9:99;5:114,"8:[0,2,4,6,8,10,12,13,18,24,26];4:[4,26];7:[0,2,4,5,6,9,12,13,18,24,26,28];6:[0,1,2,3,4,5,6,8,9,10,11,12,13,14,16,18,20,21,22,23,24,25,26,28];2:[0,1,2,4,5,6,8,9,10,11,12,13,16,18,20,21,22,23,24,25,26,27,28];1:[0,1,2,4,5,6,8,9,10,11,12,13,16,18,20,21,22,23,24,25,26,27,28];3:[0,4,5,6,8,9,12,13,18,20,22,24,26,28];0:[0,2,4,5,6,13,18,24,26,28];9:[0,1,2,4,6,12,13,24,26];5:[0,1,2,4,5,6,12,13,18,24,26]","c8:bw=118,experts=[0,2,4,6,8,10,12,13,18,24,26]; c4:bw=28,experts=[4,26]; c7:bw=126,experts=[0,2,4,5,6,9,12,13,18,24,26,28]; c6:bw=249,experts=[0,1,2,3,4,5,6,8,9,10,11,12,13,14,16,18,20,21,22,23,24,25,26,28]; c2:bw=232,experts=[0,1,2,4,5,6,8,9,10,11,12,13,16,18,20,21,22,23,24,25,26,27,28]; c1:bw=236,experts=[0,1,2,4,5,6,8,9,10,11,12,13,16,18,20,21,22,23,24,25,26,27,28]; c3:bw=142,experts=[0,4,5,6,8,9,12,13,18,20,22,24,26,28]; c0:bw=106,experts=[0,2,4,5,6,13,18,24,26,28]; c9:bw=99,experts=[0,1,2,4,6,12,13,24,26]; c5:bw=114,experts=[0,1,2,4,5,6,12,13,18,24,26]","6.0885,7.5959,5.4423,7.7485,4.2749,4.9917,5.7456,5.5209,4.1413,7.0395"
51,2026-09-24 20:11:56,Ours,0.01,1.5922343656495437,57.62,57.62,51,60.4144,1:00.41,58.968,0.1745,1.27,2979.7148,49:39.71,10,"5,0,1,2,8,6,9,3,4,7",5:173;0:195;1:77;2:73;8:168;6:191;9:66;3:203;4:40;7:99,"5:[0,2,4,5,6,8,9,10,12,13,18,20,21,22,24,26,28];0:[0,1,2,4,5,6,8,9,10,12,13,18,20,21,23,24,25,26,28];1:[2,4,5,6,13,18,26];2:[4,5,6,12,13,24,26];8:[0,1,2,4,5,6,9,10,11,12,13,18,21,24,26,28];6:[0,1,2,4,5,6,8,9,10,11,12,13,18,21,23,24,25,26,28];9:[4,5,6,9,13,26];3:[0,1,2,4,5,6,8,9,10,11,12,13,18,20,21,23,24,25,26,28];4:[4,5,13,26];7:[2,4,6,12,13,18,24,26,28]","c5:bw=173,experts=[0,2,4,5,6,8,9,10,12,13,18,20,21,22,24,26,28]; c0:bw=195,experts=[0,1,2,4,5,6,8,9,10,12,13,18,20,21,23,24,25,26,28]; c1:bw=77,experts=[2,4,5,6,13,18,26]; c2:bw=73,experts=[4,5,6,12,13,24,26]; c8:bw=168,experts=[0,1,2,4,5,6,9,10,11,12,13,18,21,24,26,28]; c6:bw=191,experts=[0,1,2,4,5,6,8,9,10,11,12,13,18,21,23,24,25,26,28]; c9:bw=66,experts=[4,5,6,9,13,26]; c3:bw=203,experts=[0,1,2,4,5,6,8,9,10,11,12,13,18,20,21,23,24,25,26,28]; c4:bw=40,experts=[4,5,13,26]; c7:bw=99,experts=[2,4,6,12,13,18,24,26,28]","7.2175,5.5955,5.2134,4.4734,6.1661,7.6078,3.9881,5.7386,7.6598,5.3079"
52,2026-09-24 20:12:56,Ours,0.01,1.5772391608641645,56.73,57.62,51,60.1613,1:00.16,58.7174,0.1676,1.2745,3039.906,50:39.91,10,"0,8,5,7,1,4,9,6,2,3",0:169;8:64;5:89;7:125;1:148;4:122;9:112;6:186;2:107;3:157,"0:[0,4,5,6,8,9,12,13,16,18,20,21,22,24,26,28];8:[1,2,4,6,13,26];5:[2,4,6,12,13,18,24,26];7:[0,1,2,4,5,6,10,12,13,18,24,26];1:[0,2,4,5,6,8,9,12,13,18,21,24,26,28];4:[2,4,5,6,8,10,12,13,18,24,26,28];9:[0,4,5,6,9,12,13,18,24,26,28];6:[0,2,4,5,6,8,9,10,12,13,18,19,20,21,22,24,26,28];2:[2,4,5,6,9,12,13,18,24,26];3:[0,2,4,5,6,8,9,10,12,13,18,21,24,26,28]","c0:bw=169,experts=[0,4,5,6,8,9,12,13,16,18,20,21,22,24,26,28]; c8:bw=64,experts=[1,2,4,6,13,26]; c5:bw=89,experts=[2,4,6,12,13,18,24,26]; c7:bw=125,experts=[0,1,2,4,5,6,10,12,13,18,24,26]; c1:bw=148,experts=[0,2,4,5,6,8,9,12,13,18,21,24,26,28]; c4:bw=122,experts=[2,4,5,6,8,10,12,13,18,24,26,28]; c9:bw=112,experts=[0,4,5,6,9,12,13,18,24,26,28]; c6:bw=186,experts=[0,2,4,5,6,8,9,10,12,13,18,19,20,21,22,24,26,28]; c2:bw=107,experts=[2,4,5,6,9,12,13,18,24,26]; c3:bw=157,experts=[0,2,4,5,6,8,9,10,12,13,18,21,24,26,28]","5.4244,6.0741,7.2341,5.4398,4.9814,7.6917,4.0217,7.7176,4.3791,5.7534"
53,2026-09-24 20:13:55,Ours,0.01,1.5735317220046805,57.95,57.95,53,58.9557,0:58.96,57.5513,0.1783,1.2242,3098.8909,51:38.89,10,"8,4,5,1,3,9,6,7,0,2",8:79;4:103;5:161;1:215;3:173;9:224;6:131;7:160;0:141;2:189,"8:[4,5,6,9,13,18,26];4:[0,4,5,6,9,13,18,24,26,28];5:[0,4,5,6,8,9,10,12,13,18,20,21,22,24,26,28];1:[0,1,2,4,5,6,8,9,10,11,12,13,16,18,20,21,24,25,26,27,28];3:[0,1,2,4,5,6,8,9,10,12,13,18,21,23,24,26,28];9:[0,1,2,4,5,6,8,9,10,11,12,13,16,18,20,21,22,24,25,26,27,28];6:[0,1,2,4,5,6,10,12,13,18,21,24,26];7:[0,1,2,4,5,6,8,10,11,12,13,18,23,24,25,26];0:[0,1,2,4,5,6,9,10,12,13,18,24,25,26];2:[0,1,2,4,5,6,8,9,10,12,13,18,20,21,24,25,26,28]","c8:bw=79,experts=[4,5,6,9,13,18,26]; c4:bw=103,experts=[0,4,5,6,9,13,18,24,26,28]; c5:bw=161,experts=[0,4,5,6,8,9,10,12,13,18,20,21,22,24,26,28]; c1:bw=215,experts=[0,1,2,4,5,6,8,9,10,11,12,13,16,18,20,21,24,25,26,27,28]; c3:bw=173,experts=[0,1,2,4,5,6,8,9,10,12,13,18,21,23,24,26,28]; c9:bw=224,experts=[0,1,2,4,5,6,8,9,10,11,12,13,16,18,20,21,22,24,25,26,27,28]; c6:bw=131,experts=[0,1,2,4,5,6,10,12,13,18,21,24,26]; c7:bw=160,experts=[0,1,2,4,5,6,8,10,11,12,13,18,23,24,25,26]; c0:bw=141,experts=[0,1,2,4,5,6,9,10,12,13,18,24,25,26]; c2:bw=189,experts=[0,1,2,4,5,6,8,9,10,12,13,18,20,21,24,25,26,28]","6.0950,7.6802,7.0760,5.0232,5.7437,3.8794,7.3330,5.2270,5.3846,4.1091"
54,2026-09-24 20:14:54,Ours,0.01,1.569278992562897,57.2,57.95,53,58.5784,0:58.58,57.171,0.1877,1.2179,3157.4959,52:37.50,10,"2,1,8,7,3,0,6,5,9,4",2:30;1:193;8:203;7:223;3:111;0:135;6:198;5:10;9:185;4:116,"2:[4,17,26];1:[0,1,2,4,5,6,8,9,10,11,12,13,18,20,21,24,25,26,28];8:[0,2,4,5,6,8,9,10,12,13,16,18,20,21,22,23,24,25,26,28];7:[0,1,2,4,5,6,8,9,10,12,13,16,18,20,21,22,23,24,25,26,27,28];3:[0,2,4,5,6,8,13,18,24,26,28];0:[0,1,2,4,5,6,10,12,13,18,24,26,28];6:[0,1,2,4,5,6,8,9,10,11,12,13,17,18,21,24,25,26,28];5:[4];9:[0,1,2,4,5,6,8,9,10,12,13,18,20,21,24,25,26,28];4:[0,1,2,4,5,6,12,13,18,24,26]","c2:bw=30,experts=[4,17,26]; c1:bw=193,experts=[0,1,2,4,5,6,8,9,10,11,12,13,18,20,21,24,25,26,28]; c8:bw=203,experts=[0,2,4,5,6,8,9,10,12,13,16,18,20,21,22,23,24,25,26,28]; c7:bw=223,experts=[0,1,2,4,5,6,8,9,10,12,13,16,18,20,21,22,23,24,25,26,27,28]; c3:bw=111,experts=[0,2,4,5,6,8,13,18,24,26,28]; c0:bw=135,experts=[0,1,2,4,5,6,10,12,13,18,24,26,28]; c6:bw=198,experts=[0,1,2,4,5,6,8,9,10,11,12,13,17,18,21,24,25,26,28]; c5:bw=10,experts=[4]; c9:bw=185,experts=[0,1,2,4,5,6,8,9,10,12,13,18,20,21,24,25,26,28]; c4:bw=116,experts=[0,1,2,4,5,6,12,13,18,24,26]","4.1008,5.0466,6.1027,5.2975,5.7781,5.2410,7.3818,6.6447,4.0320,7.5458"
55,2026-09-24 20:15:52,Ours,0.01,1.5582248242927308,57.59,57.95,53,57.4729,0:57.47,56.0685,0.1896,1.213,3214.9967,53:35.00,10,"7,2,4,3,8,5,1,6,0,9",7:199;2:150;4:53;3:192;8:50;5:194;1:220;6:154;0:101;9:228,"7:[0,1,2,4,5,6,8,9,10,11,12,13,18,21,23,24,25,26,28];2:[0,1,2,4,5,6,9,10,12,13,18,20,24,26,28];4:[2,4,6,13,26];3:[0,2,4,5,6,8,9,10,12,13,16,18,20,21,22,23,24,26,28];8:[4,6,9,13,26];5:[0,1,2,4,5,6,8,9,10,11,12,13,18,21,23,24,25,26,28];1:[0,1,2,4,5,6,8,9,10,12,13,14,15,18,20,21,22,24,25,26,27,28];6:[0,2,4,5,6,8,9,10,12,13,18,21,24,26,28];0:[0,4,5,6,9,12,13,18,24,26];9:[0,1,2,4,5,6,8,9,10,11,12,13,15,17,18,21,24,25,26,27,28,30]","c7:bw=199,experts=[0,1,2,4,5,6,8,9,10,11,12,13,18,21,23,24,25,26,28]; c2:bw=150,experts=[0,1,2,4,5,6,9,10,12,13,18,20,24,26,28]; c4:bw=53,experts=[2,4,6,13,26]; c3:bw=192,experts=[0,2,4,5,6,8,9,10,12,13,16,18,20,21,22,23,24,26,28]; c8:bw=50,experts=[4,6,9,13,26]; c5:bw=194,experts=[0,1,2,4,5,6,8,9,10,11,12,13,18,21,23,24,25,26,28]; c1:bw=220,experts=[0,1,2,4,5,6,8,9,10,12,13,14,15,18,20,21,22,24,25,26,27,28]; c6:bw=154,experts=[0,2,4,5,6,8,9,10,12,13,18,21,24,26,28]; c0:bw=101,experts=[0,4,5,6,9,12,13,18,24,26]; c9:bw=228,experts=[0,1,2,4,5,6,8,9,10,11,12,13,15,17,18,21,24,25,26,27,28,30]","5.1416,4.1110,7.4026,5.5831,5.7912,6.8227,4.8185,7.3136,5.2151,3.8691"
56,2026-09-24 20:16:49,Ours,0.01,1.5549100281458068,57.62,57.95,53,57.35,0:57.35,55.93,0.1939,1.2243,3272.3724,54:32.37,10,"9,1,3,2,5,4,8,7,6,0",9:191;1:205;3:31;2:195;5:113;4:34;8:49;7:66;6:86;0:256,"9:[0,1,2,4,5,6,8,9,10,12,13,16,18,20,21,24,25,26,28];1:[0,1,2,4,5,6,8,9,10,12,13,16,18,20,21,22,24,25,26,28];3:[4,6,26];2:[0,1,2,4,5,6,8,9,10,12,13,18,20,21,23,24,25,26,28];5:[2,4,5,6,9,10,12,13,18,24,26];4:[4,5,26];8:[4,5,9,26];7:[2,4,6,9,13,26];6:[2,4,6,12,13,18,24,26];0:[0,1,2,4,5,6,8,9,10,11,12,13,14,15,16,17,18,20,21,23,24,25,26,27,28]","c9:bw=191,experts=[0,1,2,4,5,6,8,9,10,12,13,16,18,20,21,24,25,26,28]; c1:bw=205,experts=[0,1,2,4,5,6,8,9,10,12,13,16,18,20,21,22,24,25,26,28]; c3:bw=31,experts=[4,6,26]; c2:bw=195,experts=[0,1,2,4,5,6,8,9,10,12,13,18,20,21,23,24,25,26,28]; c5:bw=113,experts=[2,4,5,6,9,10,12,13,18,24,26]; c4:bw=34,experts=[4,5,26]; c8:bw=49,experts=[4,5,9,26]; c7:bw=66,experts=[2,4,6,9,13,26]; c6:bw=86,experts=[2,4,6,12,13,18,24,26]; c0:bw=256,experts=[0,1,2,4,5,6,8,9,10,11,12,13,14,15,16,17,18,20,21,23,24,25,26,27,28]","3.8996,4.8197,5.5619,4.1281,6.8048,7.3148,5.7861,5.0812,7.3326,5.2012"
57,2026-09-24 20:17:48,Ours,0.01,1.5496723922176723,57.85,57.95,53,59.1066,0:59.11,57.6944,0.1816,1.2286,3331.5086,55:31.51,10,"3,8,6,1,7,0,5,4,2,9",3:234;8:156;6:176;1:181;7:253;0:257;5:161;4:151;2:120;9:69,"3:[0,1,2,4,5,6,8,9,10,12,13,14,16,18,20,21,22,23,24,25,26,27,28];8:[0,1,2,4,5,6,9,10,12,13,18,23,24,26,28];6:[0,1,2,4,5,6,8,9,10,12,13,18,21,24,25,26,28];1:[0,1,2,4,5,6,8,9,10,11,12,13,16,18,24,25,26,28];7:[0,1,2,3,4,5,6,8,9,10,11,12,13,15,16,17,18,20,21,23,24,25,26,27,28];0:[0,1,2,4,5,6,8,9,10,11,12,13,14,16,18,20,21,22,23,24,25,26,27,28,31];5:[0,1,2,4,5,6,9,10,12,13,18,20,21,24,26,28];4:[0,4,5,6,8,9,10,12,13,18,20,22,24,26,28];2:[0,4,5,9,12,13,18,20,22,24,26,28];9:[0,2,4,6,13,26]","c3:bw=234,experts=[0,1,2,4,5,6,8,9,10,12,13,14,16,18,20,21,22,23,24,25,26,27,28]; c8:bw=156,experts=[0,1,2,4,5,6,9,10,12,13,18,23,24,26,28]; c6:bw=176,experts=[0,1,2,4,5,6,8,9,10,12,13,18,21,24,25,26,28]; c1:bw=181,experts=[0,1,2,4,5,6,8,9,10,11,12,13,16,18,24,25,26,28]; c7:bw=253,experts=[0,1,2,3,4,5,6,8,9,10,11,12,13,15,16,17,18,20,21,23,24,25,26,27,28]; c0:bw=257,experts=[0,1,2,4,5,6,8,9,10,11,12,13,14,16,18,20,21,22,23,24,25,26,27,28,31]; c5:bw=161,experts=[0,1,2,4,5,6,9,10,12,13,18,20,21,24,26,28]; c4:bw=151,experts=[0,4,5,6,8,9,10,12,13,18,20,22,24,26,28]; c2:bw=120,experts=[0,4,5,9,12,13,18,20,22,24,26,28]; c9:bw=69,experts=[0,2,4,6,13,26]","5.5862,6.1041,7.7164,5.2229,5.4715,5.2339,6.7996,7.4208,4.1360,4.0030"
58,2026-09-24 20:18:46,Ours,0.01,1.5365903298725916,59.91,59.91,58,57.7631,0:57.76,56.3487,0.1854,1.2272,3389.2988,56:29.30,10,"7,2,9,6,5,1,8,4,3,0",7:88;2:15;9:209;6:201;5:127;1:109;8:145;4:139;3:225;0:174,"7:[0,4,5,6,9,13,24,26];2:[4];9:[0,1,2,4,5,6,8,9,10,11,12,13,16,18,20,21,24,25,26,28];6:[0,1,2,4,5,6,8,9,10,11,12,13,18,20,21,23,24,25,26,28];5:[0,4,5,6,9,12,13,18,20,24,26,28];1:[4,5,6,9,12,13,18,24,26,28];8:[0,1,2,4,5,6,8,10,12,13,18,24,26,28];4:[0,2,4,5,6,9,10,12,13,18,24,26,28];3:[0,1,2,4,5,6,8,9,10,11,12,13,16,18,20,21,23,24,25,26,27,28];0:[0,1,2,4,5,6,9,10,11,12,13,16,18,24,25,26,28]","c7:bw=88,experts=[0,4,5,6,9,13,24,26]; c2:bw=15,experts=[4]; c9:bw=209,experts=[0,1,2,4,5,6,8,9,10,11,12,13,16,18,20,21,24,25,26,28]; c6:bw=201,experts=[0,1,2,4,5,6,8,9,10,11,12,13,18,20,21,23,24,25,26,28]; c5:bw=127,experts=[0,4,5,6,9,12,13,18,20,24,26,28]; c1:bw=109,experts=[4,5,6,9,12,13,18,24,26,28]; c8:bw=145,experts=[0,1,2,4,5,6,8,10,12,13,18,24,26,28]; c4:bw=139,experts=[0,2,4,5,6,9,10,12,13,18,24,26,28]; c3:bw=225,experts=[0,1,2,4,5,6,8,9,10,11,12,13,16,18,20,21,23,24,25,26,27,28]; c0:bw=174,experts=[0,1,2,4,5,6,9,10,11,12,13,16,18,24,25,26,28]","5.1296,4.0806,3.9029,7.3383,6.8380,4.7807,5.8355,7.4074,5.5703,5.4655"
59,2026-09-24 20:19:43,Ours,0.01,1.5279874217997509,59.03,59.91,58,57.5904,0:57.59,56.1874,0.1803,1.2208,3446.9183,57:26.92,10,"2,8,9,6,1,4,7,5,0,3",2:134;8:204;9:101;6:70;1:239;4:94;7:102;5:117;0:191;3:129,"2:[0,2,4,5,6,9,12,13,18,21,24,26,28];8:[0,1,2,4,5,6,8,9,10,11,12,13,17,18,24,25,26,27,28,30];9:[0,2,4,5,6,9,13,18,24,26];6:[4,5,9,13,18,24,26];1:[0,1,2,4,5,6,8,9,10,12,13,14,16,18,20,21,22,23,24,25,26,27,28];4:[0,2,4,5,6,13,18,24,26];7:[0,2,4,5,6,9,13,18,24,26];5:[0,4,5,6,9,12,13,18,24,26,28];0:[0,1,2,4,5,6,8,9,10,12,13,18,20,21,22,24,25,26,28];3:[0,1,2,4,5,6,10,13,18,21,24,26]","c2:bw=134,experts=[0,2,4,5,6,9,12,13,18,21,24,26,28]; c8:bw=204,experts=[0,1,2,4,5,6,8,9,10,11,12,13,17,18,24,25,26,27,28,30]; c9:bw=101,experts=[0,2,4,5,6,9,13,18,24,26]; c6:bw=70,experts=[4,5,9,13,18,24,26]; c1:bw=239,experts=[0,1,2,4,5,6,8,9,10,12,13,14,16,18,20,21,22,23,24,25,26,27,28]; c4:bw=94,experts=[0,2,4,5,6,13,18,24,26]; c7:bw=102,experts=[0,2,4,5,6,9,13,18,24,26]; c5:bw=117,experts=[0,4,5,6,9,12,13,18,24,26,28]; c0:bw=191,experts=[0,1,2,4,5,6,8,9,10,12,13,18,20,21,22,24,25,26,28]; c3:bw=129,experts=[0,1,2,4,5,6,10,13,18,21,24,26]","4.1475,5.8655,3.8858,7.3358,4.8242,7.4651,5.0883,6.7847,5.2149,5.5759"
60,2026-09-24 20:20:43,Ours,0.01,1.5188935576957667,59.64,59.91,58,59.036,0:59.04,57.6204,0.1928,1.2211,3505.9829,58:25.98,10,"0,7,4,2,5,8,6,9,1,3",0:194;7:175;4:110;2:111;5:122;8:89;6:218;9:27;1:197;3:160,"0:[0,1,2,4,5,6,8,9,10,12,13,18,20,21,22,23,24,26,28];7:[0,1,2,4,5,6,8,9,10,11,12,13,18,24,25,26,28];4:[0,2,4,5,6,9,12,13,18,24,26];2:[0,1,2,4,5,6,12,13,18,24,26];5:[0,4,5,6,9,12,13,18,20,24,26,28];8:[2,4,5,6,13,18,24,26];6:[0,1,2,4,5,6,8,9,10,11,12,13,16,18,20,21,23,24,25,26,28];9:[4,26];1:[0,2,4,5,6,8,9,10,12,13,16,18,20,21,22,23,24,26,28];3:[0,1,2,4,5,6,9,10,11,12,13,18,23,24,26,28]","c0:bw=194,experts=[0,1,2,4,5,6,8,9,10,12,13,18,20,21,22,23,24,26,28]; c7:bw=175,experts=[0,1,2,4,5,6,8,9,10,11,12,13,18,24,25,26,28]; c4:bw=110,experts=[0,2,4,5,6,9,12,13,18,24,26]; c2:bw=111,experts=[0,1,2,4,5,6,12,13,18,24,26]; c5:bw=122,experts=[0,4,5,6,9,12,13,18,20,24,26,28]; c8:bw=89,experts=[2,4,5,6,13,18,24,26]; c6:bw=218,experts=[0,1,2,4,5,6,8,9,10,11,12,13,16,18,20,21,23,24,25,26,28]; c9:bw=27,experts=[4,26]; c1:bw=197,experts=[0,2,4,5,6,8,9,10,12,13,16,18,20,21,22,23,24,26,28]; c3:bw=160,experts=[0,1,2,4,5,6,9,10,11,12,13,18,23,24,26,28]","5.3395,5.3380,7.7709,4.3119,7.2269,6.0269,7.3618,3.8176,4.8266,5.6003"
61,2026-09-24 20:21:40,Ours,0.01,1.51342726279354,59.94,59.94,61,57.933,0:57.93,56.4988,0.2003,1.2321,3563.9457,59:23.95,10,"5,6,2,9,1,3,8,4,7,0",5:178;6:136;2:107;9:138;1:122;3:157;8:203;4:140;7:159;0:220,"5:[0,1,2,4,5,6,8,9,10,11,12,13,18,23,24,26,28];6:[0,4,5,6,8,9,12,13,18,20,24,26,28];2:[0,2,4,5,6,12,13,18,24,26];9:[0,4,5,6,9,10,12,13,18,20,24,26,28];1:[0,2,4,5,6,9,12,13,18,24,26,28];3:[0,1,2,4,5,6,8,10,11,12,13,18,24,26,28];8:[0,1,2,4,5,6,8,9,10,11,12,13,14,15,18,23,24,26,27,28];4:[0,2,4,5,6,9,10,12,13,18,21,24,26,28];7:[0,2,4,5,6,8,9,10,12,13,18,21,24,26,28];0:[0,1,2,3,4,5,6,8,9,10,11,12,13,18,20,21,23,24,25,26,27,28]","c5:bw=178,experts=[0,1,2,4,5,6,8,9,10,11,12,13,18,23,24,26,28]; c6:bw=136,experts=[0,4,5,6,8,9,12,13,18,20,24,26,28]; c2:bw=107,experts=[0,2,4,5,6,12,13,18,24,26]; c9:bw=138,experts=[0,4,5,6,9,10,12,13,18,20,24,26,28]; c1:bw=122,experts=[0,2,4,5,6,9,12,13,18,24,26,28]; c3:bw=157,experts=[0,1,2,4,5,6,8,10,11,12,13,18,24,26,28]; c8:bw=203,experts=[0,1,2,4,5,6,8,9,10,11,12,13,14,15,18,23,24,26,27,28]; c4:bw=140,experts=[0,2,4,5,6,9,10,12,13,18,21,24,26,28]; c7:bw=159,experts=[0,2,4,5,6,8,9,10,12,13,18,21,24,26,28]; c0:bw=220,experts=[0,1,2,3,4,5,6,8,9,10,11,12,13,18,20,21,23,24,25,26,27,28]","6.9225,7.4230,4.1132,3.8564,4.8423,5.6096,5.8905,7.4534,5.1329,5.2549"
62,2026-09-24 20:22:39,Ours,0.01,1.5094582128347152,59.91,59.94,61,58.1141,0:58.11,56.6748,0.2111,1.2262,3622.0875,1:00:22.09,10,"8,6,9,4,5,0,3,2,1,7",8:48;6:228;9:59;4:221;5:246;0:103;3:193;2:154;1:274;7:163,"8:[4,5,9,26];6:[0,1,2,4,5,6,8,9,10,11,12,13,14,18,20,21,23,24,25,26,27,28];9:[2,4,6,13,26];4:[0,1,2,4,5,6,8,9,10,11,12,13,16,18,20,21,22,23,24,25,26,28];5:[0,1,2,4,5,6,8,9,10,11,12,13,14,16,18,20,21,22,23,24,25,26,27,28];0:[0,1,2,4,5,6,13,18,24,26];3:[0,1,2,4,5,6,8,9,10,11,12,13,18,21,23,24,25,26,28];2:[0,1,2,4,5,6,9,10,11,12,13,18,24,25,26];1:[0,1,2,3,4,5,6,8,9,10,11,12,13,14,15,16,17,18,20,21,22,23,24,25,26,27,28];7:[0,4,5,6,8,9,10,12,13,18,20,21,22,24,26,28]","c8:bw=48,experts=[4,5,9,26]; c6:bw=228,experts=[0,1,2,4,5,6,8,9,10,11,12,13,14,18,20,21,23,24,25,26,27,28]; c9:bw=59,experts=[2,4,6,13,26]; c4:bw=221,experts=[0,1,2,4,5,6,8,9,10,11,12,13,16,18,20,21,22,23,24,25,26,28]; c5:bw=246,experts=[0,1,2,4,5,6,8,9,10,11,12,13,14,16,18,20,21,22,23,24,25,26,27,28]; c0:bw=103,experts=[0,1,2,4,5,6,13,18,24,26]; c3:bw=193,experts=[0,1,2,4,5,6,8,9,10,11,12,13,18,21,23,24,25,26,28]; c2:bw=154,experts=[0,1,2,4,5,6,9,10,11,12,13,18,24,25,26]; c1:bw=274,experts=[0,1,2,3,4,5,6,8,9,10,11,12,13,14,15,16,17,18,20,21,22,23,24,25,26,27,28]; c7:bw=163,experts=[0,4,5,6,8,9,10,12,13,18,20,21,22,24,26,28]","5.8641,7.4926,3.9073,7.4695,6.8362,5.2209,5.6069,4.1332,4.9727,5.1715"
63,2026-09-24 20:23:37,Ours,0.01,1.50375644121431,60.41,60.41,63,58.1559,0:58.16,56.7485,0.1797,1.2259,3680.2731,1:01:20.27,10,"5,9,6,3,8,1,7,0,2,4",5:33;9:77;6:124;3:192;8:116;1:183;7:251;0:151;2:102;4:192,"5:[4,13,26];9:[4,5,6,9,13,26,28];6:[0,2,4,5,6,9,12,13,18,24,26,28];3:[0,1,2,4,5,6,9,10,11,12,13,18,20,21,23,24,25,26,28];8:[0,2,4,5,6,9,13,18,24,26,28];1:[0,4,5,6,8,9,10,12,13,16,18,20,21,22,23,24,26,28];7:[0,1,2,4,5,6,8,9,10,11,12,13,14,15,16,18,20,21,22,23,24,25,26,27,28];0:[0,4,5,6,9,10,12,13,16,18,20,22,24,26,28];2:[0,1,2,4,5,6,12,13,18,26];4:[0,1,2,4,5,6,8,9,10,11,12,13,16,18,22,23,24,26,28]","c5:bw=33,experts=[4,13,26]; c9:bw=77,experts=[4,5,6,9,13,26,28]; c6:bw=124,experts=[0,2,4,5,6,9,12,13,18,24,26,28]; c3:bw=192,experts=[0,1,2,4,5,6,9,10,11,12,13,18,20,21,23,24,25,26,28]; c8:bw=116,experts=[0,2,4,5,6,9,13,18,24,26,28]; c1:bw=183,experts=[0,4,5,6,8,9,10,12,13,16,18,20,21,22,23,24,26,28]; c7:bw=251,experts=[0,1,2,4,5,6,8,9,10,11,12,13,14,15,16,18,20,21,22,23,24,25,26,27,28]; c0:bw=151,experts=[0,4,5,6,9,10,12,13,16,18,20,22,24,26,28]; c2:bw=102,experts=[0,1,2,4,5,6,12,13,18,26]; c4:bw=192,experts=[0,1,2,4,5,6,8,9,10,11,12,13,16,18,22,23,24,26,28]","6.8214,3.9261,7.4157,5.6123,5.9007,4.9244,5.3168,5.2355,4.1083,7.4873"
64,2026-09-24 20:24:35,Ours,0.01,1.4892441712626767,60.83,60.83,64,58.5743,0:58.57,57.1564,0.1833,1.2328,3738.8762,1:02:18.88,10,"6,4,5,3,7,0,8,9,2,1",6:182;4:138;5:87;3:138;7:124;0:116;8:195;9:217;2:205;1:104,"6:[0,2,4,5,6,7,8,9,10,12,13,18,21,24,26,28,29,31];4:[4,5,6,7,9,13,17,18,24,26,28,29,31];5:[2,4,6,7,13,24,26,31];3:[0,2,4,5,6,7,9,12,13,18,24,26,31];7:[4,5,6,7,9,13,24,26,28,29,30,31];0:[4,5,6,7,9,13,18,24,26,29,30];8:[0,3,4,5,6,7,8,9,10,12,13,18,19,20,24,26,28,29,31];9:[0,1,2,4,5,6,7,8,9,10,11,12,13,18,21,24,25,26,28,29,31];2:[0,1,2,3,4,5,6,7,9,10,12,13,18,19,24,26,28,29,30,31];1:[4,5,6,7,9,13,19,26,29,30]","c6:bw=182,experts=[0,2,4,5,6,7,8,9,10,12,13,18,21,24,26,28,29,31]; c4:bw=138,experts=[4,5,6,7,9,13,17,18,24,26,28,29,31]; c5:bw=87,experts=[2,4,6,7,13,24,26,31]; c3:bw=138,experts=[0,2,4,5,6,7,9,12,13,18,24,26,31]; c7:bw=124,experts=[4,5,6,7,9,13,24,26,28,29,30,31]; c0:bw=116,experts=[4,5,6,7,9,13,18,24,26,29,30]; c8:bw=195,experts=[0,3,4,5,6,7,8,9,10,12,13,18,19,20,24,26,28,29,31]; c9:bw=217,experts=[0,1,2,4,5,6,7,8,9,10,11,12,13,18,21,24,25,26,28,29,31]; c2:bw=205,experts=[0,1,2,3,4,5,6,7,9,10,12,13,18,19,24,26,28,29,30,31]; c1:bw=104,experts=[4,5,6,7,9,13,19,26,29,30]","7.5587,7.6716,6.9046,5.6387,5.1168,5.3457,5.9237,3.9331,4.1691,4.8943"
65,2026-09-24 20:25:34,Ours,0.01,1.488561791198793,61.29,61.29,65,58.1721,0:58.17,56.7802,0.1767,1.2134,3797.079,1:03:17.08,10,"7,5,4,6,8,3,0,2,1,9",7:33;5:105;4:210;6:182;8:241;3:156;0:151;2:104;1:211;9:171,"7:[4,6,26];5:[0,4,5,6,9,13,18,26,28,30];4:[0,1,2,4,5,6,8,9,10,11,12,13,18,21,23,24,25,26,27,28,30];6:[0,2,4,5,6,8,9,10,11,12,13,18,20,21,24,26,28,30];8:[0,1,2,4,5,6,8,9,10,11,12,13,14,16,18,20,21,22,23,24,25,26,27,28];3:[0,1,2,4,5,6,10,11,12,13,18,24,26,28,30];0:[0,1,2,4,5,6,9,10,12,13,18,19,24,26,28];2:[0,4,5,6,9,12,13,18,26,28];1:[0,2,4,5,6,8,9,10,12,13,16,18,20,21,22,23,24,26,27,28,31];9:[0,2,4,5,6,8,9,10,12,13,18,20,21,24,25,26,28]","c7:bw=33,experts=[4,6,26]; c5:bw=105,experts=[0,4,5,6,9,13,18,26,28,30]; c4:bw=210,experts=[0,1,2,4,5,6,8,9,10,11,12,13,18,21,23,24,25,26,27,28,30]; c6:bw=182,experts=[0,2,4,5,6,8,9,10,11,12,13,18,20,21,24,26,28,30]; c8:bw=241,experts=[0,1,2,4,5,6,8,9,10,11,12,13,14,16,18,20,21,22,23,24,25,26,27,28]; c3:bw=156,experts=[0,1,2,4,5,6,10,11,12,13,18,24,26,28,30]; c0:bw=151,experts=[0,1,2,4,5,6,9,10,12,13,18,19,24,26,28]; c2:bw=104,experts=[0,4,5,6,9,12,13,18,26,28]; c1:bw=211,experts=[0,2,4,5,6,8,9,10,12,13,16,18,20,21,22,23,24,26,27,28,31]; c9:bw=171,experts=[0,2,4,5,6,8,9,10,12,13,18,20,21,24,25,26,28]","5.1781,6.8903,7.5200,7.4162,5.9056,5.7727,5.4207,4.0631,4.7685,3.8448"
66,2026-09-24 20:26:32,Ours,0.01,1.481411384728563,58.19,61.29,65,57.9972,0:58.00,56.5814,0.192,1.222,3855.1058,1:04:15.11,10,"2,5,1,8,9,6,4,0,3,7",2:149;5:63;1:198;8:88;9:115;6:108;4:152;0:139;3:244;7:184,"2:[0,4,5,6,9,10,12,13,18,20,22,24,26,28];5:[2,4,5,6,13,26];1:[0,1,2,4,5,6,8,9,10,11,12,13,18,20,21,23,24,26,28];8:[2,4,5,6,13,18,24,26];9:[0,1,2,4,5,6,13,14,19,24,26];6:[4,5,6,9,12,13,18,24,26,28];4:[0,4,5,6,8,9,10,12,13,18,20,22,24,26,28];0:[0,1,2,4,5,6,10,12,13,18,24,26,28];3:[0,1,2,4,5,6,8,9,10,11,12,13,16,18,19,20,21,23,24,25,26,27,28,29];7:[0,4,5,6,8,9,10,12,13,16,18,20,21,22,23,24,26,28]","c2:bw=149,experts=[0,4,5,6,9,10,12,13,18,20,22,24,26,28]; c5:bw=63,experts=[2,4,5,6,13,26]; c1:bw=198,experts=[0,1,2,4,5,6,8,9,10,11,12,13,18,20,21,23,24,26,28]; c8:bw=88,experts=[2,4,5,6,13,18,24,26]; c9:bw=115,experts=[0,1,2,4,5,6,13,14,19,24,26]; c6:bw=108,experts=[4,5,6,9,12,13,18,24,26,28]; c4:bw=152,experts=[0,4,5,6,8,9,10,12,13,18,20,22,24,26,28]; c0:bw=139,experts=[0,1,2,4,5,6,10,12,13,18,24,26,28]; c3:bw=244,experts=[0,1,2,4,5,6,8,9,10,11,12,13,16,18,19,20,21,23,24,25,26,27,28,29]; c7:bw=184,experts=[0,4,5,6,8,9,10,12,13,16,18,20,21,22,23,24,26,28]","4.0964,6.9390,5.0083,5.8218,3.8748,7.3073,7.4918,5.3434,5.5454,5.1531"
67,2026-09-24 20:27:29,Ours,0.01,1.4816597977373536,61.36,61.36,67,57.7962,0:57.80,56.3872,0.1935,1.2136,3912.933,1:05:12.93,10,"4,5,1,3,6,0,2,9,7,8",4:188;5:177;1:134;3:93;6:194;0:119;2:157;9:219;7:215;8:33,"4:[0,4,5,6,8,9,10,12,13,16,18,20,21,22,23,24,26,28];5:[0,1,2,4,5,6,8,9,10,12,13,18,21,22,24,26,28];1:[0,2,4,5,6,9,10,11,12,13,18,24,26];3:[4,5,6,9,13,18,24,26,28];6:[0,1,2,4,5,6,8,9,10,11,12,13,18,21,23,24,25,26,28];0:[0,1,2,4,5,6,10,13,18,24,26];2:[0,1,2,4,5,6,9,10,12,13,18,21,24,26,28];9:[0,1,2,4,5,6,8,9,10,11,12,13,15,17,18,24,25,26,27,28,30];7:[0,1,2,4,5,6,8,9,10,12,13,14,16,18,20,21,22,23,24,26,28];8:[4,5,26]","c4:bw=188,experts=[0,4,5,6,8,9,10,12,13,16,18,20,21,22,23,24,26,28]; c5:bw=177,experts=[0,1,2,4,5,6,8,9,10,12,13,18,21,22,24,26,28]; c1:bw=134,experts=[0,2,4,5,6,9,10,11,12,13,18,24,26]; c3:bw=93,experts=[4,5,6,9,13,18,24,26,28]; c6:bw=194,experts=[0,1,2,4,5,6,8,9,10,11,12,13,18,21,23,24,25,26,28]; c0:bw=119,experts=[0,1,2,4,5,6,10,13,18,24,26]; c2:bw=157,experts=[0,1,2,4,5,6,9,10,12,13,18,21,24,26,28]; c9:bw=219,experts=[0,1,2,4,5,6,8,9,10,11,12,13,15,17,18,24,25,26,27,28,30]; c7:bw=215,experts=[0,1,2,4,5,6,8,9,10,12,13,14,16,18,20,21,22,23,24,26,28]; c8:bw=33,experts=[4,5,26]","7.5496,6.8204,4.8224,5.5309,7.3502,5.2265,4.2173,3.9986,5.1160,5.7554"
68,2026-09-24 20:28:27,Ours,0.01,1.4649777075620802,61.68,61.68,68,57.6631,0:57.66,56.2563,0.189,1.2161,3970.6247,1:06:10.62,10,"1,8,2,0,3,4,5,9,7,6",1:153;8:114;2:214;0:110;3:94;4:180;5:163;9:57;7:102;6:116,"1:[0,1,2,4,5,6,8,9,10,12,13,18,24,26,28];8:[0,4,5,6,9,13,18,20,24,26,28];2:[0,1,2,4,5,6,8,9,10,11,12,13,15,16,18,21,24,25,26,27,28];0:[0,2,4,5,6,9,10,13,18,24,26];3:[0,2,4,5,6,13,18,24,26];4:[0,2,3,4,5,6,8,9,10,12,13,15,18,19,21,24,26,28];5:[0,2,4,5,6,9,10,12,13,17,18,20,24,26,28,29];9:[4,5,6,9,26];7:[0,2,4,5,6,9,13,18,24,26];6:[0,2,4,5,6,9,12,13,18,24,26]","c1:bw=153,experts=[0,1,2,4,5,6,8,9,10,12,13,18,24,26,28]; c8:bw=114,experts=[0,4,5,6,9,13,18,20,24,26,28]; c2:bw=214,experts=[0,1,2,4,5,6,8,9,10,11,12,13,15,16,18,21,24,25,26,27,28]; c0:bw=110,experts=[0,2,4,5,6,9,10,13,18,24,26]; c3:bw=94,experts=[0,2,4,5,6,13,18,24,26]; c4:bw=180,experts=[0,2,3,4,5,6,8,9,10,12,13,15,18,19,21,24,26,28]; c5:bw=163,experts=[0,2,4,5,6,9,10,12,13,17,18,20,24,26,28,29]; c9:bw=57,experts=[4,5,6,9,26]; c7:bw=102,experts=[0,2,4,5,6,9,13,18,24,26]; c6:bw=116,experts=[0,2,4,5,6,9,12,13,18,24,26]","4.8204,5.8034,4.2029,5.3621,5.4837,7.3440,6.7573,3.9218,5.2507,7.3100"
69,2026-09-24 20:29:24,Ours,0.01,1.4637770853485343,61.16,61.68,68,57.1576,0:57.16,55.7678,0.172,1.216,4027.8151,1:07:07.82,10,"3,7,1,4,9,5,0,2,8,6",3:152;7:214;1:115;4:152;9:130;5:145;0:192;2:243;8:154;6:96,"3:[0,4,5,6,8,9,12,13,16,18,20,22,24,26,28];7:[0,1,2,4,5,6,8,9,10,11,12,13,14,18,20,21,22,23,24,26,28];1:[0,4,5,6,9,13,18,20,24,26,28];4:[0,2,4,5,6,8,9,10,12,13,18,20,24,26,28];9:[0,3,4,5,6,9,12,13,18,20,24,26,28];5:[0,4,5,6,9,10,12,13,18,20,22,24,26,28];0:[0,4,5,6,8,9,10,12,13,16,18,20,21,22,23,24,26,27,28];2:[0,1,2,4,5,6,8,9,10,11,12,13,14,15,16,18,21,22,23,24,25,26,27,28];8:[0,4,5,6,8,9,10,12,13,18,20,23,24,26,28];6:[4,5,6,9,13,15,24,26,28]","c3:bw=152,experts=[0,4,5,6,8,9,12,13,16,18,20,22,24,26,28]; c7:bw=214,experts=[0,1,2,4,5,6,8,9,10,11,12,13,14,18,20,21,22,23,24,26,28]; c1:bw=115,experts=[0,4,5,6,9,13,18,20,24,26,28]; c4:bw=152,experts=[0,2,4,5,6,8,9,10,12,13,18,20,24,26,28]; c9:bw=130,experts=[0,3,4,5,6,9,12,13,18,20,24,26,28]; c5:bw=145,experts=[0,4,5,6,9,10,12,13,18,20,22,24,26,28]; c0:bw=192,experts=[0,4,5,6,8,9,10,12,13,16,18,20,21,22,23,24,26,27,28]; c2:bw=243,experts=[0,1,2,4,5,6,8,9,10,11,12,13,14,15,16,18,21,22,23,24,25,26,27,28]; c8:bw=154,experts=[0,4,5,6,8,9,10,12,13,18,20,23,24,26,28]; c6:bw=96,experts=[4,5,6,9,13,15,24,26,28]","5.5096,5.1107,4.7587,7.4629,3.8630,6.7227,5.1682,4.1110,5.7931,7.2679"
70,2026-09-24 20:30:22,Ours,0.01,1.4591192232039332,62.07,62.07,70,57.7677,0:57.77,56.3751,0.171,1.2199,4085.6134,1:08:05.61,10,"1,9,7,3,0,6,2,4,5,8",1:89;9:10;7:103;3:116;0:110;6:94;2:202;4:212;5:83;8:176,"1:[4,5,6,9,13,18,24,26];9:[4];7:[0,2,4,5,6,9,12,13,24,26];3:[4,5,6,9,12,13,18,20,24,26,28];0:[0,2,4,5,6,9,12,13,18,24,26];6:[2,4,5,6,13,18,24,26,28];2:[0,1,2,4,5,6,8,9,10,11,12,13,18,21,23,24,25,26,27,28];4:[0,2,4,5,6,8,9,10,12,13,14,16,18,20,21,22,23,24,26,27,28];5:[0,2,4,5,6,13,24,26];8:[0,1,2,4,5,6,8,9,10,11,12,13,18,21,24,26,28]","c1:bw=89,experts=[4,5,6,9,13,18,24,26]; c9:bw=10,experts=[4]; c7:bw=103,experts=[0,2,4,5,6,9,12,13,24,26]; c3:bw=116,experts=[4,5,6,9,12,13,18,20,24,26,28]; c0:bw=110,experts=[0,2,4,5,6,9,12,13,18,24,26]; c6:bw=94,experts=[2,4,5,6,13,18,24,26,28]; c2:bw=202,experts=[0,1,2,4,5,6,8,9,10,11,12,13,18,21,23,24,25,26,27,28]; c4:bw=212,experts=[0,2,4,5,6,8,9,10,12,13,14,16,18,20,21,22,23,24,26,27,28]; c5:bw=83,experts=[0,2,4,5,6,13,24,26]; c8:bw=176,experts=[0,1,2,4,5,6,8,9,10,11,12,13,18,21,24,26,28]","4.7771,3.8075,5.1063,5.6392,5.2985,7.3424,4.0867,7.3477,6.9479,6.0218"
71,2026-09-24 20:31:20,Ours,0.01,1.4535552642832883,61.61,62.07,70,57.8487,0:57.85,56.4605,0.1708,1.2157,4143.5911,1:09:03.59,10,"4,0,1,9,7,5,3,6,8,2",4:155;0:59;1:191;9:147;7:75;5:123;3:226;6:182;8:141;2:222,"4:[0,1,2,4,5,6,10,11,12,13,18,23,24,26,28];0:[2,4,6,13,26];1:[0,1,2,4,5,6,8,9,10,11,12,13,16,18,21,23,24,26,28];9:[0,1,2,4,5,6,8,9,12,13,18,24,26,28];7:[0,4,5,6,13,18,26];5:[0,1,2,3,4,5,6,12,13,19,24,26];3:[0,1,2,4,5,6,8,10,11,12,13,14,15,16,18,21,23,24,26,27,28,29];6:[0,1,2,4,5,6,8,10,11,12,13,14,15,18,21,24,26,28];8:[0,1,2,4,5,6,10,11,12,13,18,24,26,28];2:[0,1,2,4,5,6,8,9,10,11,12,13,16,18,20,21,23,24,25,26,27,28]","c4:bw=155,experts=[0,1,2,4,5,6,10,11,12,13,18,23,24,26,28]; c0:bw=59,experts=[2,4,6,13,26]; c1:bw=191,experts=[0,1,2,4,5,6,8,9,10,11,12,13,16,18,21,23,24,26,28]; c9:bw=147,experts=[0,1,2,4,5,6,8,9,12,13,18,24,26,28]; c7:bw=75,experts=[0,4,5,6,13,18,26]; c5:bw=123,experts=[0,1,2,3,4,5,6,12,13,19,24,26]; c3:bw=226,experts=[0,1,2,4,5,6,8,10,11,12,13,14,15,16,18,21,23,24,26,27,28,29]; c6:bw=182,experts=[0,1,2,4,5,6,8,10,11,12,13,14,15,18,21,24,26,28]; c8:bw=141,experts=[0,1,2,4,5,6,10,11,12,13,18,24,26,28]; c2:bw=222,experts=[0,1,2,4,5,6,8,9,10,11,12,13,16,18,20,21,23,24,25,26,27,28]","7.4335,5.2106,4.8379,3.9895,5.2157,6.7458,5.4933,7.3431,5.9250,4.2661"
72,2026-09-24 20:32:17,Ours,0.01,1.449211278196424,63.11,63.11,72,57.3216,0:57.32,55.9162,0.1854,1.2182,4200.9437,1:10:00.94,10,"8,1,5,7,6,0,3,2,9,4",8:109;1:145;5:158;7:177;6:70;0:191;3:84;2:84;9:139;4:144,"8:[4,5,6,9,12,13,18,24,26,28];1:[0,2,4,5,6,9,10,12,13,18,21,24,26,28];5:[0,1,2,4,5,6,9,10,11,12,13,18,24,26,28];7:[0,1,2,4,5,6,8,10,11,12,13,18,23,24,25,26,28];6:[4,5,6,9,13,26,28];0:[0,1,2,4,5,6,9,10,11,12,13,16,18,21,23,24,25,26,28];3:[2,4,5,6,12,13,18,26];2:[2,4,5,6,12,13,18,26];9:[0,1,2,4,5,6,9,10,12,13,18,24,26];4:[0,4,5,6,9,10,12,13,18,20,22,24,26,28]","c8:bw=109,experts=[4,5,6,9,12,13,18,24,26,28]; c1:bw=145,experts=[0,2,4,5,6,9,10,12,13,18,21,24,26,28]; c5:bw=158,experts=[0,1,2,4,5,6,9,10,11,12,13,18,24,26,28]; c7:bw=177,experts=[0,1,2,4,5,6,8,10,11,12,13,18,23,24,25,26,28]; c6:bw=70,experts=[4,5,6,9,13,26,28]; c0:bw=191,experts=[0,1,2,4,5,6,9,10,11,12,13,16,18,21,23,24,25,26,28]; c3:bw=84,experts=[2,4,5,6,12,13,18,26]; c2:bw=84,experts=[2,4,5,6,12,13,18,26]; c9:bw=139,experts=[0,1,2,4,5,6,9,10,12,13,18,24,26]; c4:bw=144,experts=[0,4,5,6,9,10,12,13,18,20,22,24,26,28]","5.8024,4.7878,6.7692,5.1226,7.4747,5.1579,5.5367,4.0548,3.8449,7.3652"
73,2026-09-24 20:33:15,Ours,0.01,1.4424967636752501,63.19,63.19,73,57.5305,0:57.53,56.0971,0.1946,1.237,4258.5069,1:10:58.51,10,"2,8,3,1,5,9,0,7,6,4",2:173;8:39;3:145;1:242;5:62;9:190;0:103;7:135;6:73;4:150,"2:[0,4,5,6,8,9,10,12,13,16,18,20,22,23,24,26,28];8:[4,6,26];3:[0,2,4,5,6,9,10,12,13,18,20,24,26,28];1:[0,1,2,4,5,6,8,9,10,11,12,13,14,16,18,20,21,22,23,24,25,26,27,28];5:[4,5,6,9,13,26];9:[0,2,4,5,6,8,9,10,11,12,13,16,18,20,21,23,24,26,28];0:[0,2,4,5,6,9,13,18,24,26];7:[0,4,5,6,9,10,12,13,18,20,24,26,28];6:[4,5,6,9,13,18,26];4:[0,1,2,4,5,6,8,10,11,12,13,18,24,26,28]","c2:bw=173,experts=[0,4,5,6,8,9,10,12,13,16,18,20,22,23,24,26,28]; c8:bw=39,experts=[4,6,26]; c3:bw=145,experts=[0,2,4,5,6,9,10,12,13,18,20,24,26,28]; c1:bw=242,experts=[0,1,2,4,5,6,8,9,10,11,12,13,14,16,18,20,21,22,23,24,25,26,27,28]; c5:bw=62,experts=[4,5,6,9,13,26]; c9:bw=190,experts=[0,2,4,5,6,8,9,10,11,12,13,16,18,20,21,23,24,26,28]; c0:bw=103,experts=[0,2,4,5,6,9,13,18,24,26]; c7:bw=135,experts=[0,4,5,6,9,10,12,13,18,20,24,26,28]; c6:bw=73,experts=[4,5,6,9,13,18,26]; c4:bw=150,experts=[0,1,2,4,5,6,8,10,11,12,13,18,24,26,28]","4.1039,5.7844,5.5566,4.8129,6.8608,3.9384,5.1866,5.0729,7.3020,7.4786"
74,2026-09-24 20:34:12,Ours,0.01,1.4384182407733994,62.79,63.19,73,57.0463,0:57.05,55.6455,0.1759,1.2231,4315.5838,1:11:55.58,10,"3,0,1,5,7,8,6,2,4,9",3:26;0:146;1:101;5:184;7:238;8:104;6:30;2:21;4:172;9:117,"3:[4,26];0:[0,1,2,4,5,6,9,10,12,13,18,24,26,28];1:[0,4,5,6,9,13,18,24,26,28];5:[0,1,2,4,5,6,9,10,11,12,13,15,18,23,24,26,28,29];7:[0,1,2,4,5,6,8,9,10,11,12,13,14,18,20,21,22,23,24,25,26,27,28];8:[0,2,4,5,6,12,13,18,24,26];6:[4,6,26];2:[4,26];4:[0,1,2,3,4,5,6,10,11,12,13,15,18,23,24,26,28];9:[0,2,4,5,6,9,10,13,18,24,26]","c3:bw=26,experts=[4,26]; c0:bw=146,experts=[0,1,2,4,5,6,9,10,12,13,18,24,26,28]; c1:bw=101,experts=[0,4,5,6,9,13,18,24,26,28]; c5:bw=184,experts=[0,1,2,4,5,6,9,10,11,12,13,15,18,23,24,26,28,29]; c7:bw=238,experts=[0,1,2,4,5,6,8,9,10,11,12,13,14,18,20,21,22,23,24,25,26,27,28]; c8:bw=104,experts=[0,2,4,5,6,12,13,18,24,26]; c6:bw=30,experts=[4,6,26]; c2:bw=21,experts=[4,26]; c4:bw=172,experts=[0,1,2,3,4,5,6,10,11,12,13,15,18,23,24,26,28]; c9:bw=117,experts=[0,2,4,5,6,9,10,13,18,24,26]","5.5241,5.1962,4.7718,6.7328,5.1050,5.8149,7.2509,4.0437,7.3638,3.8424"
75,2026-09-24 20:35:10,Ours,0.01,1.4297343694592555,63.35,63.35,75,57.7002,0:57.70,56.2979,0.1777,1.2228,4373.3175,1:12:53.32,10,"2,9,1,3,7,6,5,4,0,8",2:145;9:223;1:198;3:72;7:104;6:204;5:114;4:207;0:222;8:195,"2:[0,1,4,5,6,9,10,12,13,18,20,24,26,28];9:[0,1,2,4,5,6,8,9,10,11,12,13,16,18,20,21,24,25,26,27,28,30];1:[0,1,2,4,5,6,8,9,10,11,12,13,16,18,21,24,25,26,28];3:[4,5,6,9,13,18,26];7:[0,2,4,5,6,9,13,18,24,26];6:[0,1,2,4,5,6,8,9,10,11,12,13,14,18,21,23,24,25,26,28];5:[4,5,6,9,12,13,18,20,24,26,28];4:[0,1,2,4,5,6,8,9,10,11,12,13,16,18,21,22,23,24,26,28];0:[0,1,2,4,5,6,8,9,10,11,12,13,16,17,18,21,23,24,25,26,27,28];8:[0,1,2,4,5,6,8,9,10,11,12,13,18,20,21,22,24,26,28]","c2:bw=145,experts=[0,1,4,5,6,9,10,12,13,18,20,24,26,28]; c9:bw=223,experts=[0,1,2,4,5,6,8,9,10,11,12,13,16,18,20,21,24,25,26,27,28,30]; c1:bw=198,experts=[0,1,2,4,5,6,8,9,10,11,12,13,16,18,21,24,25,26,28]; c3:bw=72,experts=[4,5,6,9,13,18,26]; c7:bw=104,experts=[0,2,4,5,6,9,13,18,24,26]; c6:bw=204,experts=[0,1,2,4,5,6,8,9,10,11,12,13,14,18,21,23,24,25,26,28]; c5:bw=114,experts=[4,5,6,9,12,13,18,20,24,26,28]; c4:bw=207,experts=[0,1,2,4,5,6,8,9,10,11,12,13,16,18,21,22,23,24,26,28]; c0:bw=222,experts=[0,1,2,4,5,6,8,9,10,11,12,13,16,17,18,21,23,24,25,26,27,28]; c8:bw=195,experts=[0,1,2,4,5,6,8,9,10,11,12,13,18,20,21,22,24,26,28]","4.1106,3.8648,4.8927,5.4937,5.0845,7.5221,6.8813,7.4166,5.1982,5.8333"
76,2026-09-24 20:36:07,Ours,0.01,1.4256685686012909,62.64,63.35,75,57.4358,0:57.44,56.0407,0.1694,1.2239,4430.7855,1:13:50.79,10,"8,5,0,3,2,6,7,4,9,1",8:105;5:136;0:114;3:54;2:91;6:86;7:244;4:221;9:210;1:196,"8:[1,2,4,5,6,12,13,18,24,26];5:[0,4,5,6,9,10,12,13,18,20,24,26,28];0:[0,4,5,6,9,13,18,20,24,26,28];3:[4,5,9,13,26];2:[2,4,5,6,12,13,18,24,26];6:[4,5,9,13,18,24,26,28];7:[0,1,2,4,5,6,8,9,10,11,12,13,14,16,18,19,20,21,22,23,24,25,26,28];4:[0,1,2,4,5,6,8,9,10,11,12,13,14,16,18,20,21,22,24,25,26,28];9:[0,1,2,4,5,6,8,9,10,12,13,14,16,18,20,21,22,24,26,27,28];1:[0,1,2,4,5,6,8,9,10,11,12,13,16,18,21,24,25,26,28]","c8:bw=105,experts=[1,2,4,5,6,12,13,18,24,26]; c5:bw=136,experts=[0,4,5,6,9,10,12,13,18,20,24,26,28]; c0:bw=114,experts=[0,4,5,6,9,13,18,20,24,26,28]; c3:bw=54,experts=[4,5,9,13,26]; c2:bw=91,experts=[2,4,5,6,12,13,18,24,26]; c6:bw=86,experts=[4,5,9,13,18,24,26,28]; c7:bw=244,experts=[0,1,2,4,5,6,8,9,10,11,12,13,14,16,18,19,20,21,22,23,24,25,26,28]; c4:bw=221,experts=[0,1,2,4,5,6,8,9,10,11,12,13,14,16,18,20,21,22,24,25,26,28]; c9:bw=210,experts=[0,1,2,4,5,6,8,9,10,12,13,14,16,18,20,21,22,24,26,27,28]; c1:bw=196,experts=[0,1,2,4,5,6,8,9,10,11,12,13,16,18,21,24,25,26,28]","5.8366,6.7564,5.1841,5.4802,4.1077,7.3779,5.2785,7.3874,3.8575,4.7744"
77,2026-09-24 20:37:05,Ours,0.01,1.4230764017933517,62.94,63.35,75,57.227,0:57.23,55.8233,0.1772,1.2247,4488.0465,1:14:48.05,10,"9,2,1,8,4,7,6,0,3,5",9:106;2:126;1:229;8:10;4:16;7:31;6:209;0:232;3:148;5:217,"9:[0,1,2,4,6,10,13,18,24,26];2:[0,2,4,5,6,10,12,13,18,24,26,28];1:[0,1,2,4,5,6,8,9,10,11,12,13,14,16,18,20,21,22,23,24,26,28];8:[4];4:[4];7:[4,6,26];6:[0,1,2,4,5,6,8,9,10,12,13,14,16,18,20,21,22,24,26,28];0:[0,1,2,3,4,5,6,8,9,10,11,12,13,15,17,18,21,23,24,25,26,28,29];3:[0,2,3,4,5,6,9,10,12,13,18,24,26,28];5:[0,1,2,4,5,6,8,9,10,11,12,13,16,18,20,21,22,23,24,26,28]","c9:bw=106,experts=[0,1,2,4,6,10,13,18,24,26]; c2:bw=126,experts=[0,2,4,5,6,10,12,13,18,24,26,28]; c1:bw=229,experts=[0,1,2,4,5,6,8,9,10,11,12,13,14,16,18,20,21,22,23,24,26,28]; c8:bw=10,experts=[4]; c4:bw=16,experts=[4]; c7:bw=31,experts=[4,6,26]; c6:bw=209,experts=[0,1,2,4,5,6,8,9,10,12,13,14,16,18,20,21,22,24,26,28]; c0:bw=232,experts=[0,1,2,3,4,5,6,8,9,10,11,12,13,15,17,18,21,23,24,25,26,28,29]; c3:bw=148,experts=[0,2,3,4,5,6,9,10,12,13,18,24,26,28]; c5:bw=217,experts=[0,1,2,4,5,6,8,9,10,11,12,13,16,18,20,21,22,23,24,26,28]","3.8409,4.1053,4.8164,5.7378,7.2999,5.0344,7.3935,5.2160,5.5512,6.8279"
78,2026-09-24 20:38:02,Ours,0.01,1.420346991487012,60.04,63.35,75,57.6177,0:57.62,56.1905,0.1873,1.2381,4545.6978,1:15:45.70,10,"0,4,3,7,8,1,9,6,5,2",0:97;4:84;3:138;7:133;8:197;1:149;9:113;6:211;5:231;2:126,"0:[0,2,4,5,6,13,18,24,26];4:[4,5,6,13,18,24,26,28];3:[0,2,4,5,6,9,10,12,13,18,24,26,28];7:[0,1,2,4,5,6,10,11,12,13,18,24,26];8:[0,2,4,5,6,8,9,10,11,12,13,16,18,20,21,22,24,26,28];1:[0,2,4,5,6,9,10,12,13,18,20,24,26,28];9:[0,2,4,5,6,9,10,13,18,24,26];6:[0,1,2,4,5,6,8,9,10,11,12,13,16,18,20,21,22,24,25,26,28];5:[0,1,2,4,5,6,8,9,10,11,12,13,14,16,18,20,21,22,23,24,26,27,28];2:[0,4,5,6,9,12,13,18,20,24,26,28]","c0:bw=97,experts=[0,2,4,5,6,13,18,24,26]; c4:bw=84,experts=[4,5,6,13,18,24,26,28]; c3:bw=138,experts=[0,2,4,5,6,9,10,12,13,18,24,26,28]; c7:bw=133,experts=[0,1,2,4,5,6,10,11,12,13,18,24,26]; c8:bw=197,experts=[0,2,4,5,6,8,9,10,11,12,13,16,18,20,21,22,24,26,28]; c1:bw=149,experts=[0,2,4,5,6,9,10,12,13,18,20,24,26,28]; c9:bw=113,experts=[0,2,4,5,6,9,10,13,18,24,26]; c6:bw=211,experts=[0,1,2,4,5,6,8,9,10,11,12,13,16,18,20,21,22,24,25,26,28]; c5:bw=231,experts=[0,1,2,4,5,6,8,9,10,11,12,13,14,16,18,20,21,22,23,24,26,27,28]; c2:bw=126,experts=[0,4,5,6,9,12,13,18,20,24,26,28]","5.2226,7.4221,5.5865,5.1412,5.8091,4.7890,3.8673,7.3800,6.7907,4.1819"
79,2026-09-24 20:39:06,Ours,0.01,1.410920676378024,63.92,63.92,79,63.8737,1:03.87,62.095,0.212,1.5645,4609.6078,1:16:49.61,10,"6,9,0,4,7,8,5,3,1,2",6:77;9:34;0:131;4:311;7:168;8:163;5:195;3:96;1:136;2:122,"6:[4,5,6,13,18,24,26];9:[4,6,26];0:[0,2,4,5,6,9,10,12,13,18,24,26,28];4:[0,1,2,3,4,5,6,8,9,10,11,12,13,14,15,16,17,18,19,20,21,22,23,24,25,26,27,28,29,30,31];7:[0,1,2,4,5,6,9,10,12,13,16,18,20,24,26,28];8:[0,1,2,4,5,6,8,9,10,12,13,18,20,24,26,28];5:[0,1,2,4,5,6,8,9,10,12,13,16,18,20,22,24,26,27,28];3:[2,4,5,6,13,17,18,24,26];1:[0,4,5,6,9,10,12,13,18,20,24,26,28];2:[0,1,2,4,5,6,10,12,13,18,24,26]","c6:bw=77,experts=[4,5,6,13,18,24,26]; c9:bw=34,experts=[4,6,26]; c0:bw=131,experts=[0,2,4,5,6,9,10,12,13,18,24,26,28]; c4:bw=311,experts=[0,1,2,3,4,5,6,8,9,10,11,12,13,14,15,16,17,18,19,20,21,22,23,24,25,26,27,28,29,30,31]; c7:bw=168,experts=[0,1,2,4,5,6,9,10,12,13,16,18,20,24,26,28]; c8:bw=163,experts=[0,1,2,4,5,6,8,9,10,12,13,18,20,24,26,28]; c5:bw=195,experts=[0,1,2,4,5,6,8,9,10,12,13,16,18,20,22,24,26,27,28]; c3:bw=96,experts=[2,4,5,6,13,17,18,24,26]; c1:bw=136,experts=[0,4,5,6,9,10,12,13,18,20,24,26,28]; c2:bw=122,experts=[0,1,2,4,5,6,10,12,13,18,24,26]","8.0889,4.2181,5.4926,7.5795,5.2193,5.9143,8.2925,6.1522,6.0986,5.0388"
80,2026-09-24 20:40:09,Ours,0.01,1.405838267889659,62.87,63.92,79,62.527,1:02.53,61.0315,0.1827,1.3108,4672.1802,1:17:52.18,10,"5,9,7,1,3,4,2,0,6,8",5:240;9:193;7:174;1:112;3:115;4:210;2:160;0:174;6:144;8:187,"5:[0,1,2,4,5,6,8,9,10,11,12,13,15,16,18,20,21,23,24,25,26,28,29,30];9:[0,1,2,4,5,6,8,9,10,12,13,16,18,20,21,24,25,26,28];7:[0,1,2,4,5,6,8,9,10,12,13,18,20,21,24,26,28];1:[0,4,5,6,9,13,18,20,24,26,28];3:[0,1,2,4,5,6,12,13,18,24,26];4:[0,1,2,4,5,6,8,9,10,11,12,13,16,18,20,21,24,25,26,27,28];2:[0,1,2,4,5,6,8,9,10,12,13,18,21,24,26,28];0:[0,4,5,6,8,9,10,12,13,16,18,20,21,22,24,26,28];6:[0,1,2,4,5,6,9,10,12,13,18,24,26,28];8:[0,2,4,5,6,8,9,10,12,13,14,16,18,20,22,24,26,28]","c5:bw=240,experts=[0,1,2,4,5,6,8,9,10,11,12,13,15,16,18,20,21,23,24,25,26,28,29,30]; c9:bw=193,experts=[0,1,2,4,5,6,8,9,10,12,13,16,18,20,21,24,25,26,28]; c7:bw=174,experts=[0,1,2,4,5,6,8,9,10,12,13,18,20,21,24,26,28]; c1:bw=112,experts=[0,4,5,6,9,13,18,20,24,26,28]; c3:bw=115,experts=[0,1,2,4,5,6,12,13,18,24,26]; c4:bw=210,experts=[0,1,2,4,5,6,8,9,10,11,12,13,16,18,20,21,24,25,26,27,28]; c2:bw=160,experts=[0,1,2,4,5,6,8,9,10,12,13,18,21,24,26,28]; c0:bw=174,experts=[0,4,5,6,8,9,10,12,13,16,18,20,21,22,24,26,28]; c6:bw=144,experts=[0,1,2,4,5,6,9,10,12,13,18,24,26,28]; c8:bw=187,experts=[0,2,4,5,6,8,9,10,12,13,14,16,18,20,22,24,26,28]","7.9278,4.4537,5.6230,5.1962,6.0147,7.8595,4.4086,5.3071,8.2884,5.9524"
81,2026-09-24 20:41:12,Ours,0.01,1.4003748569829582,63.97,63.97,81,63.193,1:03.19,61.6851,0.1816,1.3242,4735.4087,1:18:55.41,10,"6,2,3,1,4,5,9,7,8,0",6:188;2:165;3:245;1:181;4:154;5:111;9:97;7:212;8:175;0:184,"6:[0,1,2,4,5,6,8,9,10,11,12,13,18,21,23,24,26,28];2:[0,1,2,4,5,6,9,10,11,12,13,18,21,24,26,28];3:[0,1,2,4,5,6,8,9,10,11,12,13,14,16,18,20,21,22,23,24,25,26,27,28];1:[0,1,2,4,5,6,8,9,10,12,13,16,18,20,22,24,26,28];4:[0,1,2,4,5,6,10,11,12,13,18,23,24,26,28];5:[4,5,6,9,12,13,18,20,24,26,28];9:[0,2,4,5,6,9,13,18,26];7:[0,1,2,4,5,6,8,9,10,11,12,13,16,18,20,21,22,23,24,26,28];8:[0,1,4,5,6,8,9,10,12,13,16,18,20,22,24,26,28];0:[0,1,2,4,5,6,8,9,10,11,12,13,18,21,24,25,26,28]","c6:bw=188,experts=[0,1,2,4,5,6,8,9,10,11,12,13,18,21,23,24,26,28]; c2:bw=165,experts=[0,1,2,4,5,6,9,10,11,12,13,18,21,24,26,28]; c3:bw=245,experts=[0,1,2,4,5,6,8,9,10,11,12,13,14,16,18,20,21,22,23,24,25,26,27,28]; c1:bw=181,experts=[0,1,2,4,5,6,8,9,10,12,13,16,18,20,22,24,26,28]; c4:bw=154,experts=[0,1,2,4,5,6,10,11,12,13,18,23,24,26,28]; c5:bw=111,experts=[4,5,6,9,12,13,18,20,24,26,28]; c9:bw=97,experts=[0,2,4,5,6,9,13,18,26]; c7:bw=212,experts=[0,1,2,4,5,6,8,9,10,11,12,13,16,18,20,21,22,23,24,26,28]; c8:bw=175,experts=[0,1,4,5,6,8,9,10,12,13,16,18,20,22,24,26,28]; c0:bw=184,experts=[0,1,2,4,5,6,8,9,10,11,12,13,18,21,24,25,26,28]","8.1115,4.4081,5.9834,6.2635,8.3370,7.4945,4.1063,5.3336,6.0306,5.6166"
82,2026-09-24 20:42:15,Ours,0.01,1.3989090951404932,63.82,63.97,81,63.4771,1:03.48,61.9548,0.2117,1.3085,4798.937,1:19:58.94,10,"1,0,6,8,7,3,2,9,5,4",1:235;0:110;6:134;8:212;7:146;3:144;2:109;9:204;5:147;4:108,"1:[0,1,2,4,5,6,8,9,10,11,12,13,14,16,18,20,21,22,23,24,26,27,28];0:[0,1,2,4,5,6,10,13,18,24,26];6:[1,2,3,4,5,6,10,11,12,13,18,24,26];8:[0,1,2,4,5,6,8,10,11,12,13,14,15,18,21,23,24,25,26,27,28];7:[0,4,5,6,8,9,12,13,18,20,22,24,26,28];3:[0,1,2,4,5,6,8,10,12,13,18,24,26,28];2:[0,4,5,6,9,12,13,18,24,26];9:[0,1,2,4,5,6,8,9,10,11,12,13,16,18,20,21,24,25,26,28];5:[0,4,5,6,8,9,12,13,18,20,22,24,26,28];4:[0,2,4,5,6,12,13,18,24,26]","c1:bw=235,experts=[0,1,2,4,5,6,8,9,10,11,12,13,14,16,18,20,21,22,23,24,26,27,28]; c0:bw=110,experts=[0,1,2,4,5,6,10,13,18,24,26]; c6:bw=134,experts=[1,2,3,4,5,6,10,11,12,13,18,24,26]; c8:bw=212,experts=[0,1,2,4,5,6,8,10,11,12,13,14,15,18,21,23,24,25,26,27,28]; c7:bw=146,experts=[0,4,5,6,8,9,12,13,18,20,22,24,26,28]; c3:bw=144,experts=[0,1,2,4,5,6,8,10,12,13,18,24,26,28]; c2:bw=109,experts=[0,4,5,6,9,12,13,18,24,26]; c9:bw=204,experts=[0,1,2,4,5,6,8,9,10,11,12,13,16,18,20,21,24,25,26,28]; c5:bw=147,experts=[0,4,5,6,8,9,12,13,18,20,22,24,26,28]; c4:bw=108,experts=[0,2,4,5,6,12,13,18,24,26]","5.8250,5.4293,7.9455,6.3595,5.5395,7.1021,4.3820,4.1176,7.1965,8.0579"
83,2026-09-24 20:43:18,Ours,0.01,1.3900034112304311,64.22,64.22,83,62.7406,1:02.74,61.2359,0.1783,1.3246,4861.7146,1:21:01.71,10,"9,4,2,7,5,0,6,1,8,3",9:189;4:37;2:150;7:137;5:10;0:10;6:193;1:232;8:144;3:155,"9:[0,1,2,4,5,6,8,9,10,12,13,18,21,24,25,26,28,30];4:[4,6,26];2:[0,1,2,4,5,6,9,10,12,13,18,20,24,26,28];7:[0,1,2,4,5,6,9,10,12,13,18,24,26];5:[4];0:[4];6:[0,1,2,4,5,6,9,10,11,12,13,16,18,21,23,24,25,26,28];1:[0,1,2,4,5,6,8,9,10,11,12,13,15,16,18,20,21,23,24,25,26,27,28];8:[0,1,2,4,5,6,9,10,12,13,18,24,26,28];3:[0,2,4,5,6,9,10,12,13,16,18,20,24,26,28]","c9:bw=189,experts=[0,1,2,4,5,6,8,9,10,12,13,18,21,24,25,26,28,30]; c4:bw=37,experts=[4,6,26]; c2:bw=150,experts=[0,1,2,4,5,6,9,10,12,13,18,20,24,26,28]; c7:bw=137,experts=[0,1,2,4,5,6,9,10,12,13,18,24,26]; c5:bw=10,experts=[4]; c0:bw=10,experts=[4]; c6:bw=193,experts=[0,1,2,4,5,6,9,10,11,12,13,16,18,21,23,24,25,26,28]; c1:bw=232,experts=[0,1,2,4,5,6,8,9,10,11,12,13,15,16,18,20,21,23,24,25,26,27,28]; c8:bw=144,experts=[0,1,2,4,5,6,9,10,12,13,18,24,26,28]; c3:bw=155,experts=[0,2,4,5,6,9,10,12,13,16,18,20,24,26,28]","4.0616,7.5790,4.2158,5.4821,8.0253,5.5922,8.0443,5.1704,6.3276,6.7376"
84,2026-09-24 20:44:18,Ours,0.01,1.3931959009648787,61.77,64.22,83,59.5163,0:59.52,58.1237,0.1726,1.2182,4921.269,1:22:01.27,10,"8,3,1,6,9,2,7,5,4,0",8:245;3:118;1:213;6:13;9:75;2:134;7:172;5:73;4:100;0:37,"8:[0,1,2,4,5,6,8,9,10,11,12,13,14,15,16,17,18,21,24,25,26,27,28,30];3:[2,4,5,6,10,12,13,18,24,26,28];1:[0,1,2,4,5,6,8,9,10,11,12,13,15,16,17,18,23,24,26,28,30];6:[19];9:[4,5,6,9,13,18,26];2:[0,1,2,4,5,6,9,12,13,18,24,26,28];7:[0,4,5,6,8,9,10,12,13,16,18,20,21,22,24,26,28];5:[2,4,6,12,13,18,26];4:[0,1,2,4,5,6,13,18,24,26];0:[4,13,26]","c8:bw=245,experts=[0,1,2,4,5,6,8,9,10,11,12,13,14,15,16,17,18,21,24,25,26,27,28,30]; c3:bw=118,experts=[2,4,5,6,10,12,13,18,24,26,28]; c1:bw=213,experts=[0,1,2,4,5,6,8,9,10,11,12,13,15,16,17,18,23,24,26,28,30]; c6:bw=13,experts=[19]; c9:bw=75,experts=[4,5,6,9,13,18,26]; c2:bw=134,experts=[0,1,2,4,5,6,9,12,13,18,24,26,28]; c7:bw=172,experts=[0,4,5,6,8,9,10,12,13,16,18,20,21,22,24,26,28]; c5:bw=73,experts=[2,4,6,12,13,18,26]; c4:bw=100,experts=[0,1,2,4,5,6,13,18,24,26]; c0:bw=37,experts=[4,13,26]","6.2401,6.1209,5.2875,7.7590,4.0042,4.1297,5.1611,6.7985,7.4686,5.1540"
85,2026-09-24 20:45:16,Ours,0.01,1.385365008920179,63.06,64.22,83,57.8955,0:57.90,56.4653,0.1838,1.2446,4979.1992,1:22:59.20,10,"0,2,8,6,1,4,9,3,5,7",0:140;2:166;8:257;6:154;1:208;4:154;9:211;3:188;5:45;7:42,"0:[0,1,2,4,5,6,9,10,11,12,13,18,24,26];2:[0,1,2,4,5,6,10,11,12,13,18,21,24,25,26,28];8:[0,1,2,4,5,6,8,9,10,11,12,13,14,15,16,17,18,21,23,24,25,26,27,28,30];6:[0,1,2,4,5,6,9,10,11,12,13,18,24,26,28];1:[0,1,2,4,5,6,8,9,10,11,12,13,15,16,18,21,24,25,26,28];4:[0,2,4,5,6,9,10,12,13,16,18,20,24,26,28];9:[0,1,2,4,5,6,8,9,10,11,12,13,16,18,20,21,24,25,26,27,28];3:[0,1,2,4,5,6,8,9,10,12,13,18,20,21,22,24,26,28];5:[4,5,9,26];7:[4,5,13,26]","c0:bw=140,experts=[0,1,2,4,5,6,9,10,11,12,13,18,24,26]; c2:bw=166,experts=[0,1,2,4,5,6,10,11,12,13,18,21,24,25,26,28]; c8:bw=257,experts=[0,1,2,4,5,6,8,9,10,11,12,13,14,15,16,17,18,21,23,24,25,26,27,28,30]; c6:bw=154,experts=[0,1,2,4,5,6,9,10,11,12,13,18,24,26,28]; c1:bw=208,experts=[0,1,2,4,5,6,8,9,10,11,12,13,15,16,18,21,24,25,26,28]; c4:bw=154,experts=[0,2,4,5,6,9,10,12,13,16,18,20,24,26,28]; c9:bw=211,experts=[0,1,2,4,5,6,8,9,10,11,12,13,16,18,20,21,24,25,26,27,28]; c3:bw=188,experts=[0,1,2,4,5,6,8,9,10,12,13,18,20,21,22,24,26,28]; c5:bw=45,experts=[4,5,9,26]; c7:bw=42,experts=[4,5,13,26]","5.2538,4.1376,5.8596,7.4449,4.8307,7.4594,3.8794,5.5766,6.7757,5.2477"
86,2026-09-24 20:46:14,Ours,0.01,1.3791858799106023,64.07,64.22,83,57.8085,0:57.81,56.3817,0.19,1.2349,5037.0442,1:23:57.04,10,"5,8,2,6,0,4,7,3,1,9",5:174;8:102;2:88;6:202;0:109;4:67;7:161;3:101;1:264;9:157,"5:[0,4,5,6,8,9,10,12,13,14,16,18,20,22,24,26,28];8:[1,2,4,5,6,10,13,18,24,26];2:[4,5,6,9,13,17,24,26];6:[0,1,2,4,5,6,9,10,11,12,13,16,17,18,20,21,23,24,26,28];0:[0,1,2,4,5,6,13,18,24,26];4:[4,5,6,13,24,26];7:[0,1,2,4,5,6,8,10,11,12,13,18,23,24,26,28];3:[1,2,4,5,6,12,13,18,24,26];1:[0,1,2,4,5,6,8,9,10,11,12,13,14,16,17,18,20,21,22,23,24,25,26,27,28,31];9:[0,2,4,5,6,9,10,12,13,16,18,20,24,26,28]","c5:bw=174,experts=[0,4,5,6,8,9,10,12,13,14,16,18,20,22,24,26,28]; c8:bw=102,experts=[1,2,4,5,6,10,13,18,24,26]; c2:bw=88,experts=[4,5,6,9,13,17,24,26]; c6:bw=202,experts=[0,1,2,4,5,6,9,10,11,12,13,16,17,18,20,21,23,24,26,28]; c0:bw=109,experts=[0,1,2,4,5,6,13,18,24,26]; c4:bw=67,experts=[4,5,6,13,24,26]; c7:bw=161,experts=[0,1,2,4,5,6,8,10,11,12,13,18,23,24,26,28]; c3:bw=101,experts=[1,2,4,5,6,12,13,18,24,26]; c1:bw=264,experts=[0,1,2,4,5,6,8,9,10,11,12,13,14,16,17,18,20,21,22,23,24,25,26,27,28,31]; c9:bw=157,experts=[0,2,4,5,6,9,10,12,13,16,18,20,24,26,28]","6.8483,5.8489,4.1363,7.4622,5.2145,7.3946,5.1312,5.5844,4.8748,3.8866"
87,2026-09-24 20:47:11,Ours,0.01,1.3783153706204394,65.28,65.28,87,57.8771,0:57.88,56.4599,0.1983,1.2171,5094.9559,1:24:54.96,10,"1,2,7,5,6,3,4,9,8,0",1:106;2:246;7:81;5:10;6:220;3:249;4:124;9:137;8:170;0:128,"1:[0,2,4,5,6,11,13,18,24,26];2:[0,1,2,4,5,6,8,9,10,11,12,13,14,16,18,20,21,22,23,24,25,26,27,28];7:[4,5,6,9,13,18,24,26];5:[4];6:[0,1,2,4,5,6,8,9,10,11,12,13,14,16,17,18,21,23,24,26,27,28];3:[0,1,2,4,5,6,8,9,10,11,12,13,14,16,18,20,21,22,23,24,25,26,27,28];4:[0,4,5,6,9,12,13,18,20,24,26,28];9:[0,1,2,4,5,6,10,11,12,13,18,24,26];8:[0,1,2,4,5,6,8,9,10,11,12,13,18,21,24,26,28];0:[0,4,5,6,9,10,13,18,20,24,26,28]","c1:bw=106,experts=[0,2,4,5,6,11,13,18,24,26]; c2:bw=246,experts=[0,1,2,4,5,6,8,9,10,11,12,13,14,16,18,20,21,22,23,24,25,26,27,28]; c7:bw=81,experts=[4,5,6,9,13,18,24,26]; c5:bw=10,experts=[4]; c6:bw=220,experts=[0,1,2,4,5,6,8,9,10,11,12,13,14,16,17,18,21,23,24,26,27,28]; c3:bw=249,experts=[0,1,2,4,5,6,8,9,10,11,12,13,14,16,18,20,21,22,23,24,25,26,27,28]; c4:bw=124,experts=[0,4,5,6,9,12,13,18,20,24,26,28]; c9:bw=137,experts=[0,1,2,4,5,6,10,11,12,13,18,24,26]; c8:bw=170,experts=[0,1,2,4,5,6,8,9,10,11,12,13,18,21,24,26,28]; c0:bw=128,experts=[0,4,5,6,9,10,13,18,20,24,26,28]","4.9674,4.1965,5.1599,6.7431,7.4756,5.5858,7.4068,3.8880,5.8268,5.2100"
88,2026-09-24 20:48:09,Ours,0.01,1.3693251105201463,64.84,65.28,87,57.5491,0:57.55,56.1315,0.1921,1.2238,5152.5413,1:25:52.54,10,"8,6,3,7,0,4,9,1,5,2",8:157;6:98;3:120;7:151;0:227;4:138;9:113;1:103;5:111;2:167,"8:[0,2,4,5,6,8,9,10,12,13,18,20,24,26,28];6:[4,5,6,9,13,18,24,26,28];3:[1,2,4,5,6,8,9,12,13,18,24,26];7:[0,2,4,5,6,8,9,10,12,13,18,20,24,26,28];0:[0,1,2,4,5,6,8,9,10,11,12,13,14,16,18,20,21,22,24,25,26,28];4:[0,1,2,4,5,6,11,12,13,18,24,26,28];9:[0,4,5,6,9,13,18,20,24,26,28];1:[1,2,4,5,6,9,13,18,24,26];5:[0,4,5,6,9,13,18,20,24,26,28];2:[0,4,5,6,8,9,10,12,13,16,18,20,22,24,26,28]","c8:bw=157,experts=[0,2,4,5,6,8,9,10,12,13,18,20,24,26,28]; c6:bw=98,experts=[4,5,6,9,13,18,24,26,28]; c3:bw=120,experts=[1,2,4,5,6,8,9,12,13,18,24,26]; c7:bw=151,experts=[0,2,4,5,6,8,9,10,12,13,18,20,24,26,28]; c0:bw=227,experts=[0,1,2,4,5,6,8,9,10,11,12,13,14,16,18,20,21,22,24,25,26,28]; c4:bw=138,experts=[0,1,2,4,5,6,11,12,13,18,24,26,28]; c9:bw=113,experts=[0,4,5,6,9,13,18,20,24,26,28]; c1:bw=103,experts=[1,2,4,5,6,9,13,18,24,26]; c5:bw=111,experts=[0,4,5,6,9,13,18,20,24,26,28]; c2:bw=167,experts=[0,4,5,6,8,9,10,12,13,16,18,20,22,24,26,28]","5.8335,7.3991,5.5622,5.1228,5.2649,7.4367,3.8267,4.7939,6.8031,4.0886"
89,2026-09-24 20:49:07,Ours,0.01,1.3661913463525548,65.37,65.37,89,58.0375,0:58.04,56.6257,0.1776,1.2325,5210.615,1:26:50.61,10,"3,8,2,9,7,5,0,6,4,1",3:112;8:270;2:162;9:222;7:79;5:168;0:47;6:116;4:112;1:150,"3:[0,2,4,5,6,9,12,13,18,24,26];8:[0,1,2,4,5,6,8,9,10,11,12,13,14,15,16,17,18,20,21,22,23,24,25,26,27,28,30];2:[0,1,2,4,5,6,10,11,12,13,18,21,24,25,26,28];9:[0,1,2,4,5,6,8,9,10,11,12,13,16,18,20,21,22,23,24,26,27,28];7:[0,3,4,6,13,17,26];5:[0,1,2,4,5,6,8,9,10,12,13,18,21,24,26,28];0:[4,5,26,31];6:[0,1,2,4,5,6,13,18,24,26,28];4:[0,1,2,4,5,6,10,13,18,24,26];1:[0,1,2,4,5,6,9,10,12,13,18,20,24,26,28]","c3:bw=112,experts=[0,2,4,5,6,9,12,13,18,24,26]; c8:bw=270,experts=[0,1,2,4,5,6,8,9,10,11,12,13,14,15,16,17,18,20,21,22,23,24,25,26,27,28,30]; c2:bw=162,experts=[0,1,2,4,5,6,10,11,12,13,18,21,24,25,26,28]; c9:bw=222,experts=[0,1,2,4,5,6,8,9,10,11,12,13,16,18,20,21,22,23,24,26,27,28]; c7:bw=79,experts=[0,3,4,6,13,17,26]; c5:bw=168,experts=[0,1,2,4,5,6,8,9,10,12,13,18,21,24,26,28]; c0:bw=47,experts=[4,5,26,31]; c6:bw=116,experts=[0,1,2,4,5,6,13,18,24,26,28]; c4:bw=112,experts=[0,1,2,4,5,6,10,13,18,24,26]; c1:bw=150,experts=[0,1,2,4,5,6,9,10,12,13,18,20,24,26,28]","5.6507,6.0759,4.1387,3.9802,5.1063,6.7926,5.1799,7.4236,7.4377,4.8399"
90,2026-09-24 20:50:05,Ours,0.01,1.3594626009915074,64.25,65.37,89,57.95,0:57.95,56.5411,0.181,1.226,5268.6024,1:27:48.60,10,"7,1,3,9,0,6,2,5,8,4",7:262;1:113;3:132;9:232;0:234;6:95;2:77;5:99;8:185;4:130,"7:[0,1,2,3,4,5,6,8,9,10,11,12,13,14,15,16,18,20,21,22,23,24,25,26,27,28];1:[0,1,2,4,5,6,12,13,18,24,26];3:[0,4,5,6,9,12,13,16,18,20,24,26,28];9:[0,1,2,4,5,6,8,9,10,11,12,13,15,16,17,18,21,24,25,26,27,28,30];0:[0,1,2,3,4,5,6,8,9,10,11,12,13,16,18,20,21,23,24,25,26,27,28];6:[0,4,5,9,13,18,24,26,28];2:[2,4,5,6,13,18,26];5:[4,5,6,9,13,18,24,26,28];8:[0,1,4,5,6,8,9,10,12,13,16,18,20,21,22,24,26,28];4:[0,2,4,5,6,9,12,13,18,20,24,26,28]","c7:bw=262,experts=[0,1,2,3,4,5,6,8,9,10,11,12,13,14,15,16,18,20,21,22,23,24,25,26,27,28]; c1:bw=113,experts=[0,1,2,4,5,6,12,13,18,24,26]; c3:bw=132,experts=[0,4,5,6,9,12,13,16,18,20,24,26,28]; c9:bw=232,experts=[0,1,2,4,5,6,8,9,10,11,12,13,15,16,17,18,21,24,25,26,27,28,30]; c0:bw=234,experts=[0,1,2,3,4,5,6,8,9,10,11,12,13,16,18,20,21,23,24,25,26,27,28]; c6:bw=95,experts=[0,4,5,9,13,18,24,26,28]; c2:bw=77,experts=[2,4,5,6,13,18,26]; c5:bw=99,experts=[4,5,6,9,13,18,24,26,28]; c8:bw=185,experts=[0,1,4,5,6,8,9,10,12,13,16,18,20,21,22,24,26,28]; c4:bw=130,experts=[0,2,4,5,6,9,12,13,18,20,24,26,28]","5.1746,4.8526,5.5638,3.8758,5.2311,7.3834,4.2153,6.9106,5.8529,7.4810"
91,2026-09-24 20:51:04,Ours,0.01,1.356140634164254,64.59,65.37,89,58.3898,0:58.39,56.9802,0.1753,1.2324,5327.029,1:28:47.03,10,"1,9,5,7,3,4,0,6,2,8",1:182;9:129;5:190;7:188;3:146;4:198;0:82;6:107;2:42;8:83,"1:[0,1,2,4,5,6,8,9,10,11,12,13,18,20,21,24,26,28];9:[0,1,2,4,5,6,9,12,13,18,24,26];5:[0,1,2,4,5,6,8,9,10,11,12,13,18,21,23,24,26,27,28];7:[0,1,2,4,5,6,8,9,10,12,13,16,18,20,21,24,26,28];3:[0,1,2,4,5,6,8,10,12,13,18,24,26,28];4:[0,1,2,4,5,6,8,10,11,12,13,15,16,18,23,24,26,28,30];0:[0,4,5,9,13,24,26,28];6:[0,4,5,6,9,12,13,18,24,26];2:[4,6,13,26];8:[0,1,2,4,5,6,13,26]","c1:bw=182,experts=[0,1,2,4,5,6,8,9,10,11,12,13,18,20,21,24,26,28]; c9:bw=129,experts=[0,1,2,4,5,6,9,12,13,18,24,26]; c5:bw=190,experts=[0,1,2,4,5,6,8,9,10,11,12,13,18,21,23,24,26,27,28]; c7:bw=188,experts=[0,1,2,4,5,6,8,9,10,12,13,16,18,20,21,24,26,28]; c3:bw=146,experts=[0,1,2,4,5,6,8,10,12,13,18,24,26,28]; c4:bw=198,experts=[0,1,2,4,5,6,8,10,11,12,13,15,16,18,23,24,26,28,30]; c0:bw=82,experts=[0,4,5,9,13,24,26,28]; c6:bw=107,experts=[0,4,5,6,9,12,13,18,24,26]; c2:bw=42,experts=[4,6,13,26]; c8:bw=83,experts=[0,1,2,4,5,6,13,26]","4.8823,4.0199,7.0157,5.1587,5.5717,7.4418,5.3068,7.5476,4.1291,5.9067"
92,2026-09-24 20:52:02,Ours,0.01,1.3510930068491445,66.03,66.03,92,57.9914,0:57.99,56.5801,0.1826,1.227,5385.0588,1:29:45.06,10,"3,7,1,0,8,6,9,2,5,4",3:104;7:125;1:73;0:108;8:70;6:166;9:204;2:92;5:242;4:97,"3:[0,1,2,4,5,6,13,18,24,26];7:[0,1,2,4,5,6,12,13,18,24,25,26];1:[4,5,6,9,13,24,26];0:[0,4,5,6,9,13,18,24,26,28];8:[4,5,6,9,13,24,26];6:[0,4,5,6,8,9,10,12,13,16,18,20,22,24,26,28];9:[0,1,2,4,5,6,8,9,10,11,12,13,18,20,21,24,25,26,27,28];2:[0,1,2,4,6,10,13,18,26];5:[0,1,2,3,4,5,6,8,9,10,11,12,13,15,16,17,18,21,23,24,25,26,27,28];4:[0,2,4,5,6,12,13,24,26]","c3:bw=104,experts=[0,1,2,4,5,6,13,18,24,26]; c7:bw=125,experts=[0,1,2,4,5,6,12,13,18,24,25,26]; c1:bw=73,experts=[4,5,6,9,13,24,26]; c0:bw=108,experts=[0,4,5,6,9,13,18,24,26,28]; c8:bw=70,experts=[4,5,6,9,13,24,26]; c6:bw=166,experts=[0,4,5,6,8,9,10,12,13,16,18,20,22,24,26,28]; c9:bw=204,experts=[0,1,2,4,5,6,8,9,10,11,12,13,18,20,21,24,25,26,27,28]; c2:bw=92,experts=[0,1,2,4,6,10,13,18,26]; c5:bw=242,experts=[0,1,2,3,4,5,6,8,9,10,11,12,13,15,16,17,18,21,23,24,25,26,27,28]; c4:bw=97,experts=[0,2,4,5,6,12,13,24,26]","5.6091,5.3383,4.9364,5.1979,5.8059,7.4426,3.9627,4.1243,6.7646,7.3983"
93,2026-09-24 20:52:59,Ours,0.01,1.348096172256739,64.34,66.03,92,57.8623,0:57.86,56.4464,0.1862,1.2279,5442.9573,1:30:42.96,10,"1,3,7,9,6,8,5,4,0,2",1:173;3:114;7:82;9:212;6:82;8:17;5:29;4:116;0:69;2:187,"1:[0,1,2,4,5,6,9,10,12,13,16,18,20,22,24,26,28];3:[0,4,5,6,9,13,18,20,24,26,28];7:[0,4,5,6,9,13,24,26];9:[0,1,2,4,5,6,8,9,10,11,12,13,15,17,18,21,24,25,26,27,28];6:[0,2,4,5,6,13,24,26];8:[4];5:[4,6];4:[0,1,2,4,5,6,12,13,18,24,26];0:[4,5,9,13,24,26];2:[0,1,2,4,5,6,9,10,11,12,13,18,21,24,25,26,27,28]","c1:bw=173,experts=[0,1,2,4,5,6,9,10,12,13,16,18,20,22,24,26,28]; c3:bw=114,experts=[0,4,5,6,9,13,18,20,24,26,28]; c7:bw=82,experts=[0,4,5,6,9,13,24,26]; c9:bw=212,experts=[0,1,2,4,5,6,8,9,10,11,12,13,15,17,18,21,24,25,26,27,28]; c6:bw=82,experts=[0,2,4,5,6,13,24,26]; c8:bw=17,experts=[4]; c5:bw=29,experts=[4,6]; c4:bw=116,experts=[0,1,2,4,5,6,12,13,18,24,26]; c0:bw=69,experts=[4,5,9,13,24,26]; c2:bw=187,experts=[0,1,2,4,5,6,9,10,11,12,13,18,21,24,25,26,27,28]","4.8406,5.5503,5.1642,3.9177,7.5409,5.7901,6.7744,7.4791,5.2394,4.1497"
94,2026-09-24 20:53:58,Ours,0.01,1.3417459604393502,65.06,66.03,92,57.9833,0:57.98,56.5711,0.179,1.2313,5500.9788,1:31:40.98,10,"7,2,5,4,6,9,1,8,0,3",7:163;2:237;5:149;4:115;6:111;9:184;1:258;8:28;0:203;3:124,"7:[0,1,2,4,5,6,8,9,10,11,12,13,18,24,26,28];2:[0,1,2,4,5,6,8,9,10,11,12,13,15,16,17,18,21,23,24,25,26,27,28];5:[0,4,5,6,9,10,12,13,16,18,20,24,26,28];4:[0,4,5,6,9,13,18,20,24,26,28];6:[1,2,4,5,6,9,12,13,18,24,26];9:[0,2,4,5,6,8,9,10,12,13,16,18,20,21,22,24,26,28];1:[0,1,2,3,4,5,6,8,9,10,11,12,13,15,16,17,18,21,23,24,25,26,27,28,30];8:[4,6];0:[0,1,2,4,5,6,8,9,10,11,12,13,16,18,20,23,24,25,26,28];3:[0,2,4,5,6,10,12,13,18,24,26,28]","c7:bw=163,experts=[0,1,2,4,5,6,8,9,10,11,12,13,18,24,26,28]; c2:bw=237,experts=[0,1,2,4,5,6,8,9,10,11,12,13,15,16,17,18,21,23,24,25,26,27,28]; c5:bw=149,experts=[0,4,5,6,9,10,12,13,16,18,20,24,26,28]; c4:bw=115,experts=[0,4,5,6,9,13,18,20,24,26,28]; c6:bw=111,experts=[1,2,4,5,6,9,12,13,18,24,26]; c9:bw=184,experts=[0,2,4,5,6,8,9,10,12,13,16,18,20,21,22,24,26,28]; c1:bw=258,experts=[0,1,2,3,4,5,6,8,9,10,11,12,13,15,16,17,18,21,23,24,25,26,27,28,30]; c8:bw=28,experts=[4,6]; c0:bw=203,experts=[0,1,2,4,5,6,8,9,10,11,12,13,16,18,20,23,24,25,26,28]; c3:bw=124,experts=[0,2,4,5,6,10,12,13,18,24,26,28]","5.2090,4.1658,6.8501,7.4579,7.4611,3.8634,4.8669,5.8899,5.2772,5.5297"
95,2026-09-24 20:54:56,Ours,0.01,1.3411239179196475,65.77,66.03,92,58.2784,0:58.28,56.8782,0.1715,1.2269,5559.2956,1:32:39.30,10,"7,9,4,6,0,3,1,8,2,5",7:217;9:155;4:56;6:147;0:128;3:149;1:114;8:277;2:84;5:31,"7:[0,1,2,3,4,5,6,8,9,10,11,12,13,15,18,21,23,24,25,26,28];9:[0,1,2,4,5,6,8,9,10,11,12,13,18,24,26];4:[4,5,6,13,26];6:[0,1,2,4,5,6,9,10,11,12,13,18,24,26];0:[0,1,2,4,5,6,10,12,13,18,24,26];3:[0,2,4,5,6,9,12,13,16,18,20,24,26,28];1:[0,1,2,4,5,6,12,13,18,24,26];8:[0,1,2,3,4,5,6,8,9,10,11,12,13,14,15,16,17,18,20,21,22,23,24,25,26,27,28];2:[1,2,4,6,12,13,18,26];5:[4,6,26]","c7:bw=217,experts=[0,1,2,3,4,5,6,8,9,10,11,12,13,15,18,21,23,24,25,26,28]; c9:bw=155,experts=[0,1,2,4,5,6,8,9,10,11,12,13,18,24,26]; c4:bw=56,experts=[4,5,6,13,26]; c6:bw=147,experts=[0,1,2,4,5,6,9,10,11,12,13,18,24,26]; c0:bw=128,experts=[0,1,2,4,5,6,10,12,13,18,24,26]; c3:bw=149,experts=[0,2,4,5,6,9,12,13,16,18,20,24,26,28]; c1:bw=114,experts=[0,1,2,4,5,6,12,13,18,24,26]; c8:bw=277,experts=[0,1,2,3,4,5,6,8,9,10,11,12,13,14,15,16,17,18,20,21,22,23,24,25,26,27,28]; c2:bw=84,experts=[1,2,4,6,12,13,18,26]; c5:bw=31,experts=[4,6,26]","5.2004,3.8969,7.5443,7.6274,5.2249,5.5702,4.8007,5.9803,4.2737,6.7593"
96,2026-09-24 20:55:54,Ours,0.01,1.3389208124676684,65.95,66.03,92,58.41,0:58.41,56.9937,0.1751,1.2395,5617.7451,1:33:37.75,10,"2,9,3,1,5,4,6,7,0,8",2:238;9:162;3:167;1:132;5:219;4:179;6:115;7:185;0:132;8:236,"2:[0,1,2,3,4,5,6,7,8,10,11,12,13,18,19,21,24,26,27,28,29,30,31];9:[0,4,5,6,7,8,9,12,13,18,20,24,26,28,29,31];3:[0,1,2,4,5,6,7,9,10,12,13,18,24,26,28,31];1:[0,2,4,5,6,7,9,13,18,19,24,26,29];5:[0,1,2,4,5,6,7,9,10,11,12,13,16,18,23,24,25,26,28,29,31];4:[0,1,2,4,5,6,7,8,10,11,12,13,18,23,24,26,28];6:[1,2,4,6,7,12,13,24,26,29,31];7:[0,1,2,4,5,6,7,8,11,12,13,15,18,24,26,29,30,31];0:[0,2,4,5,6,7,12,13,18,24,26,28,30];8:[0,1,2,4,5,6,7,8,9,10,11,12,13,16,18,19,23,24,25,26,28,29,31]","c2:bw=238,experts=[0,1,2,3,4,5,6,7,8,10,11,12,13,18,19,21,24,26,27,28,29,30,31]; c9:bw=162,experts=[0,4,5,6,7,8,9,12,13,18,20,24,26,28,29,31]; c3:bw=167,experts=[0,1,2,4,5,6,7,9,10,12,13,18,24,26,28,31]; c1:bw=132,experts=[0,2,4,5,6,7,9,13,18,19,24,26,29]; c5:bw=219,experts=[0,1,2,4,5,6,7,9,10,11,12,13,16,18,23,24,25,26,28,29,31]; c4:bw=179,experts=[0,1,2,4,5,6,7,8,10,11,12,13,18,23,24,26,28]; c6:bw=115,experts=[1,2,4,6,7,12,13,24,26,29,31]; c7:bw=185,experts=[0,1,2,4,5,6,7,8,11,12,13,15,18,24,26,29,30,31]; c0:bw=132,experts=[0,2,4,5,6,7,12,13,18,24,26,28,30]; c8:bw=236,experts=[0,1,2,4,5,6,7,8,9,10,11,12,13,16,18,19,23,24,25,26,28,29,31]","4.1269,3.8838,5.6039,4.9695,7.0241,7.5094,7.4837,5.1867,5.3010,5.9047"
97,2026-09-24 20:56:52,Ours,0.01,1.338645437330528,63.76,66.03,92,58.0418,0:58.04,56.6295,0.1831,1.2273,5675.8259,1:34:35.83,10,"0,9,8,4,7,1,3,5,6,2",0:150;9:158;8:158;4:59;7:111;1:184;3:127;5:170;6:184;2:198,"0:[0,1,2,4,5,6,9,10,12,13,18,19,24,26,28];9:[0,1,2,4,5,6,8,9,10,11,12,13,18,24,26];8:[0,1,2,4,5,6,8,9,10,12,13,18,24,26,28];4:[2,4,6,13,26];7:[0,4,5,6,9,12,13,18,24,26,28];1:[0,1,2,4,5,6,9,10,11,12,13,15,16,18,23,24,26,28];3:[0,4,5,6,9,12,13,18,24,26,28,30];5:[0,1,2,4,5,6,8,9,10,12,13,16,18,20,24,26,28];6:[0,1,2,4,5,6,9,10,11,12,13,15,18,21,24,25,26,30];2:[0,1,2,4,5,6,8,9,10,12,13,16,18,20,22,24,26,27,28]","c0:bw=150,experts=[0,1,2,4,5,6,9,10,12,13,18,19,24,26,28]; c9:bw=158,experts=[0,1,2,4,5,6,8,9,10,11,12,13,18,24,26]; c8:bw=158,experts=[0,1,2,4,5,6,8,9,10,12,13,18,24,26,28]; c4:bw=59,experts=[2,4,6,13,26]; c7:bw=111,experts=[0,4,5,6,9,12,13,18,24,26,28]; c1:bw=184,experts=[0,1,2,4,5,6,9,10,11,12,13,15,16,18,23,24,26,28]; c3:bw=127,experts=[0,4,5,6,9,12,13,18,24,26,28,30]; c5:bw=170,experts=[0,1,2,4,5,6,8,9,10,12,13,16,18,20,24,26,28]; c6:bw=184,experts=[0,1,2,4,5,6,9,10,11,12,13,15,18,21,24,25,26,30]; c2:bw=198,experts=[0,1,2,4,5,6,8,9,10,12,13,16,18,20,22,24,26,27,28]","5.3146,3.9337,5.9237,7.4576,5.1521,4.8371,5.5348,6.8331,7.4807,4.1621"
98,2026-09-24 20:57:51,Ours,0.01,1.3305099942268321,66.16,66.16,98,58.4558,0:58.46,57.0309,0.1858,1.2372,5734.3222,1:35:34.32,10,"4,8,9,7,6,5,0,3,1,2",4:190;8:196;9:98;7:87;6:133;5:180;0:122;3:93;1:96;2:89,"4:[0,4,5,6,8,9,10,12,13,16,18,20,21,22,23,24,26,27,28];8:[0,1,2,4,5,6,8,9,10,11,12,13,16,18,21,24,26,27,28];9:[0,1,2,4,6,12,13,19,26];7:[0,2,4,6,13,18,24,26];6:[0,1,2,4,5,6,9,10,12,13,18,24,26];5:[0,1,2,4,5,6,9,10,11,12,13,16,18,20,22,24,26,28];0:[0,2,4,5,6,9,10,12,13,18,24,26];3:[4,5,6,9,13,18,19,24,26];1:[0,2,4,5,6,13,18,24,26];2:[1,2,4,5,6,13,18,26]","c4:bw=190,experts=[0,4,5,6,8,9,10,12,13,16,18,20,21,22,23,24,26,27,28]; c8:bw=196,experts=[0,1,2,4,5,6,8,9,10,11,12,13,16,18,21,24,26,27,28]; c9:bw=98,experts=[0,1,2,4,6,12,13,19,26]; c7:bw=87,experts=[0,2,4,6,13,18,24,26]; c6:bw=133,experts=[0,1,2,4,5,6,9,10,12,13,18,24,26]; c5:bw=180,experts=[0,1,2,4,5,6,9,10,11,12,13,16,18,20,22,24,26,28]; c0:bw=122,experts=[0,2,4,5,6,9,10,12,13,18,24,26]; c3:bw=93,experts=[4,5,6,9,13,18,19,24,26]; c1:bw=96,experts=[0,2,4,5,6,13,18,24,26]; c2:bw=89,experts=[1,2,4,5,6,13,18,26]","7.5546,5.9367,3.8892,5.2727,7.5936,6.8556,5.2395,5.6564,4.8878,4.1448"
99,2026-09-24 20:58:49,Ours,0.01,1.3205351410513178,65.77,66.16,98,58.6081,0:58.61,57.178,0.1945,1.2338,5792.969,1:36:32.97,10,"8,5,7,1,3,9,4,0,2,6",8:124;5:180;7:166;1:217;3:138;9:75;4:89;0:147;2:113;6:128,"8:[1,2,4,5,6,10,11,12,13,18,24,26];5:[0,1,2,4,5,6,8,9,10,11,12,13,18,20,21,24,26,28];7:[0,1,2,4,5,6,8,10,11,12,13,18,23,24,25,26];1:[0,1,2,4,5,6,8,9,10,11,12,13,16,18,20,21,22,24,25,26,28];3:[0,4,5,6,9,10,12,13,18,20,24,26,28];9:[0,2,4,6,13,18,26];4:[0,2,4,5,6,13,24,26];0:[0,2,4,5,6,9,10,12,13,18,20,24,26,28];2:[0,4,5,6,9,12,13,18,24,26,28];6:[0,1,2,4,5,6,9,12,13,18,24,26]","c8:bw=124,experts=[1,2,4,5,6,10,11,12,13,18,24,26]; c5:bw=180,experts=[0,1,2,4,5,6,8,9,10,11,12,13,18,20,21,24,26,28]; c7:bw=166,experts=[0,1,2,4,5,6,8,10,11,12,13,18,23,24,25,26]; c1:bw=217,experts=[0,1,2,4,5,6,8,9,10,11,12,13,16,18,20,21,22,24,25,26,28]; c3:bw=138,experts=[0,4,5,6,9,10,12,13,18,20,24,26,28]; c9:bw=75,experts=[0,2,4,6,13,18,26]; c4:bw=89,experts=[0,2,4,5,6,13,24,26]; c0:bw=147,experts=[0,2,4,5,6,9,10,12,13,18,20,24,26,28]; c2:bw=113,experts=[0,4,5,6,9,12,13,18,24,26,28]; c6:bw=128,experts=[0,1,2,4,5,6,9,12,13,18,24,26]","5.9376,6.9364,5.1970,4.9998,5.7975,3.8555,7.4808,5.2875,4.1741,7.5117"
100,2026-09-24 20:59:48,Ours,0.01,1.3218701347175883,66.34,66.34,100,58.0278,0:58.03,56.6123,0.1763,1.2374,5851.0365,1:37:31.04,10,"2,8,9,5,6,1,4,7,3,0",2:111;8:162;9:194;5:68;6:162;1:63;4:239;7:25;3:152;0:236,"2:[0,4,5,6,9,12,13,18,24,26,28];8:[0,4,5,6,8,9,10,11,12,13,18,20,21,24,26,28];9:[0,1,2,4,5,6,8,9,10,11,12,13,16,18,20,24,26,27,28];5:[4,5,6,13,24,26];6:[0,1,2,4,5,6,10,11,12,13,15,18,21,24,26,28];1:[2,4,6,13,24,26];4:[0,1,2,4,5,6,8,9,10,11,12,13,15,16,18,20,21,23,24,25,26,27,28];7:[4,26];3:[0,4,5,6,9,10,12,13,14,16,18,20,24,26,28];0:[0,1,2,4,5,6,8,9,10,11,12,13,15,16,17,18,21,24,25,26,27,28,30]","c2:bw=111,experts=[0,4,5,6,9,12,13,18,24,26,28]; c8:bw=162,experts=[0,4,5,6,8,9,10,11,12,13,18,20,21,24,26,28]; c9:bw=194,experts=[0,1,2,4,5,6,8,9,10,11,12,13,16,18,20,24,26,27,28]; c5:bw=68,experts=[4,5,6,13,24,26]; c6:bw=162,experts=[0,1,2,4,5,6,10,11,12,13,15,18,21,24,26,28]; c1:bw=63,experts=[2,4,6,13,24,26]; c4:bw=239,experts=[0,1,2,4,5,6,8,9,10,11,12,13,15,16,18,20,21,23,24,25,26,27,28]; c7:bw=25,experts=[4,26]; c3:bw=152,experts=[0,4,5,6,9,10,12,13,14,16,18,20,24,26,28]; c0:bw=236,experts=[0,1,2,4,5,6,8,9,10,11,12,13,15,16,17,18,21,24,25,26,27,28,30]","4.1744,5.9424,3.9081,6.8211,7.5071,4.7962,7.4704,5.1234,5.5748,5.2943"
