Round,Timestamp,Method,LR,AvgLoss,TestAcc,BestAcc,BestRound,RoundTimeSec,RoundTimeHMS,LocalTrainTimeSec,AggTimeSec,EvalTimeSec,CumulativeTimeSec,CumulativeTimeHMS,NumClientsSelected,SelectedClients,Bandwidth,SelectedExperts,UploadDetail,ClientTrainTimesSec
1,2026-09-24 13:47:21,Ours,0.00208,4.040958880845578,1.24,1.24,1,68.8608,1:08.86,67.0839,0.5151,1.2525,68.8608,1:08.86,30,"27,15,23,17,8,9,28,24,12,0,4,16,5,13,11,22,1,2,25,3,21,26,18,29,20,7,10,14,19,6",27:21;15:58;23:65;17:34;8:55;9:45;28:39;24:34;12:23;0:10;4:40;16:48;5:44;13:42;11:24;22:26;1:29;2:29;25:55;3:51;21:20;26:38;18:30;29:26;20:55;7:20;10:22;14:54;19:40;6:41,"27:[2,4];15:[1,2,4,5,6];23:[0,1,2,4,5,6];17:[2,4,6];8:[1,2,4,5,6];9:[1,2,4,6];28:[2,4,6];24:[2,4,6];12:[2];0:[2];4:[1,2,4,6];16:[1,2,4,6];5:[1,2,4,6];13:[1,2,4,6];11:[2,4];22:[2,4];1:[2];2:[2];25:[1,2,4,5,6];3:[1,2,4,6];21:[2,4];26:[2,4,6];18:[2,4,6];29:[2,4];20:[1,2,4,5,6];7:[2,4];10:[2,6];14:[1,2,4,6];19:[1,2,4,6];6:[2,4,6]","c27:bw=21,experts=[2,4]; c15:bw=58,experts=[1,2,4,5,6]; c23:bw=65,experts=[0,1,2,4,5,6]; c17:bw=34,experts=[2,4,6]; c8:bw=55,experts=[1,2,4,5,6]; c9:bw=45,experts=[1,2,4,6]; c28:bw=39,experts=[2,4,6]; c24:bw=34,experts=[2,4,6]; c12:bw=23,experts=[2]; c0:bw=10,experts=[2]; c4:bw=40,experts=[1,2,4,6]; c16:bw=48,experts=[1,2,4,6]; c5:bw=44,experts=[1,2,4,6]; c13:bw=42,experts=[1,2,4,6]; c11:bw=24,experts=[2,4]; c22:bw=26,experts=[2,4]; c1:bw=29,experts=[2]; c2:bw=29,experts=[2]; c25:bw=55,experts=[1,2,4,5,6]; c3:bw=51,experts=[1,2,4,6]; c21:bw=20,experts=[2,4]; c26:bw=38,experts=[2,4,6]; c18:bw=30,experts=[2,4,6]; c29:bw=26,experts=[2,4]; c20:bw=55,experts=[1,2,4,5,6]; c7:bw=20,experts=[2,4]; c10:bw=22,experts=[2,6]; c14:bw=54,experts=[1,2,4,6]; c19:bw=40,experts=[1,2,4,6]; c6:bw=41,experts=[2,4,6]","3.1323,1.5753,1.7950,2.5781,1.5785,1.7832,2.0680,1.6652,2.4930,1.5321,2.6864,2.4697,4.0845,2.2771,3.0179,2.2222,1.4297,1.6996,2.6555,2.0354,1.3741,1.4007,2.3563,4.2691,2.7923,1.6545,3.4171,1.7616,1.8479,1.4318"
2,2026-09-24 13:48:27,Ours,0.00406,3.5230139668311296,3.13,3.13,2,65.6055,1:05.61,63.6341,0.5205,1.4475,134.6303,2:14.63,30,"0,5,20,26,13,7,21,10,12,29,24,22,16,3,1,17,8,6,23,4,2,19,11,18,25,14,15,28,27,9",0:36;5:69;20:15;26:35;13:54;7:55;21:28;10:59;12:16;29:60;24:10;22:38;16:16;3:67;1:41;17:51;8:48;6:17;23:70;4:30;2:22;19:53;11:29;18:24;25:25;14:26;15:62;28:65;27:24;9:46,"0:[4,6];5:[0,1,2,4,5,6];20:[];26:[0,4,6];13:[0,1,2,4,6];7:[0,1,4,6];21:[4,6];10:[0,1,4,6];12:[4];29:[0,1,4,5,6];24:[];22:[4,6];16:[4];3:[0,1,2,4,5,6];1:[0,1,4,6];17:[0,1,2,4,6];8:[0,1,4,6];6:[4];23:[0,1,2,3,4,5,6];4:[0,4,6];2:[4,6];19:[0,1,2,4,6];11:[4,6];18:[4,6];25:[4,6];14:[4,6];15:[0,1,2,4,5,6];28:[0,1,2,4,5,6];27:[4,6];9:[0,1,4,6]","c0:bw=36,experts=[4,6]; c5:bw=69,experts=[0,1,2,4,5,6]; c20:bw=15,experts=[]; c26:bw=35,experts=[0,4,6]; c13:bw=54,experts=[0,1,2,4,6]; c7:bw=55,experts=[0,1,4,6]; c21:bw=28,experts=[4,6]; c10:bw=59,experts=[0,1,4,6]; c12:bw=16,experts=[4]; c29:bw=60,experts=[0,1,4,5,6]; c24:bw=10,experts=[]; c22:bw=38,experts=[4,6]; c16:bw=16,experts=[4]; c3:bw=67,experts=[0,1,2,4,5,6]; c1:bw=41,experts=[0,1,4,6]; c17:bw=51,experts=[0,1,2,4,6]; c8:bw=48,experts=[0,1,4,6]; c6:bw=17,experts=[4]; c23:bw=70,experts=[0,1,2,3,4,5,6]; c4:bw=30,experts=[0,4,6]; c2:bw=22,experts=[4,6]; c19:bw=53,experts=[0,1,2,4,6]; c11:bw=29,experts=[4,6]; c18:bw=24,experts=[4,6]; c25:bw=25,experts=[4,6]; c14:bw=26,experts=[4,6]; c15:bw=62,experts=[0,1,2,4,5,6]; c28:bw=65,experts=[0,1,2,4,5,6]; c27:bw=24,experts=[4,6]; c9:bw=46,experts=[0,1,4,6]","1.2626,3.8670,2.4908,1.3537,2.0972,1.6155,1.3050,3.1493,2.2586,4.0126,1.6004,2.0523,2.2920,2.0497,1.4342,2.5316,1.5182,1.4832,1.6958,2.6715,1.6430,1.9345,2.8967,2.2859,2.5981,1.6977,1.4752,2.0689,2.4506,1.8421"
3,2026-09-24 13:49:31,Ours,0.006040000000000001,3.3459514091134865,5.39,5.39,3,63.5045,1:03.50,61.6743,0.4971,1.3298,198.1511,3:18.15,30,"4,25,10,0,8,20,29,26,15,28,24,23,18,12,21,19,9,5,1,22,27,17,3,16,13,2,14,7,11,6",4:52;25:35;10:10;0:50;8:30;20:56;29:15;26:52;15:16;28:56;24:29;23:11;18:40;12:37;21:48;19:24;9:48;5:13;1:13;22:54;27:34;17:41;3:26;16:31;13:54;2:42;14:53;7:33;11:66;6:40,"4:[0,1,4,5,6];25:[0,4,6];10:[4];0:[0,1,4,5,6];8:[0,4,6];20:[0,1,4,5,6];29:[4];26:[0,1,4,6];15:[4];28:[0,1,4,5,6];24:[4,6];23:[4];18:[0,1,4,6];12:[0,4,6];21:[0,4,6];19:[4,6];9:[0,1,4,6];5:[4];1:[];22:[0,1,4,5,6];27:[0,4,6];17:[0,4,6];3:[4];16:[0,4,6];13:[0,1,4,5,6];2:[0,1,4,6];14:[0,1,4,5,6];7:[4,6];11:[0,1,2,4,5,6];6:[0,1,4,6]","c4:bw=52,experts=[0,1,4,5,6]; c25:bw=35,experts=[0,4,6]; c10:bw=10,experts=[4]; c0:bw=50,experts=[0,1,4,5,6]; c8:bw=30,experts=[0,4,6]; c20:bw=56,experts=[0,1,4,5,6]; c29:bw=15,experts=[4]; c26:bw=52,experts=[0,1,4,6]; c15:bw=16,experts=[4]; c28:bw=56,experts=[0,1,4,5,6]; c24:bw=29,experts=[4,6]; c23:bw=11,experts=[4]; c18:bw=40,experts=[0,1,4,6]; c12:bw=37,experts=[0,4,6]; c21:bw=48,experts=[0,4,6]; c19:bw=24,experts=[4,6]; c9:bw=48,experts=[0,1,4,6]; c5:bw=13,experts=[4]; c1:bw=13,experts=[]; c22:bw=54,experts=[0,1,4,5,6]; c27:bw=34,experts=[0,4,6]; c17:bw=41,experts=[0,4,6]; c3:bw=26,experts=[4]; c16:bw=31,experts=[0,4,6]; c13:bw=54,experts=[0,1,4,5,6]; c2:bw=42,experts=[0,1,4,6]; c14:bw=53,experts=[0,1,4,5,6]; c7:bw=33,experts=[4,6]; c11:bw=66,experts=[0,1,2,4,5,6]; c6:bw=40,experts=[0,1,4,6]","2.8128,2.7220,3.2428,1.4420,1.5230,2.7913,3.8555,1.2620,1.3898,1.9010,1.4743,1.6060,2.0724,2.1673,1.2719,1.7964,1.6972,3.7920,1.3396,1.9804,2.2833,2.4365,1.8644,2.1719,1.9624,1.5091,1.6098,1.5816,2.7405,1.3754"
4,2026-09-24 13:50:36,Ours,0.00802,3.2818022173352137,6.88,6.88,4,65.2697,1:05.27,63.3643,0.5042,1.3978,263.4355,4:23.44,30,"3,1,4,5,16,26,9,13,24,2,10,19,28,11,18,7,21,6,0,22,25,8,27,23,29,14,17,12,15,20",3:34;1:40;4:56;5:73;16:45;26:37;9:22;13:49;24:19;2:60;10:64;19:47;28:63;11:49;18:43;7:45;21:27;6:53;0:59;22:49;25:43;8:31;27:58;23:15;29:44;14:32;17:39;12:63;15:24;20:70,"3:[4,6];1:[0,1,4,6];4:[0,1,4,5,6];5:[0,1,2,4,5,6,7];16:[0,1,4,6];26:[0,4,6];9:[4,6];13:[0,1,4,6];24:[4];2:[0,1,2,4,5,6];10:[0,1,2,4,5,6];19:[0,1,4,6];28:[0,1,2,4,5,6];11:[0,1,4,6];18:[0,1,4,6];7:[0,1,4,6];21:[4];6:[0,1,4,5,6];0:[0,1,4,5,6];22:[0,1,4,6];25:[0,1,4,6];8:[0,4,6];27:[0,1,4,5,6];23:[];29:[0,1,4,6];14:[0,4,6];17:[0,4,6];12:[0,1,2,4,5,6];15:[4,6];20:[0,1,2,4,5,6,7]","c3:bw=34,experts=[4,6]; c1:bw=40,experts=[0,1,4,6]; c4:bw=56,experts=[0,1,4,5,6]; c5:bw=73,experts=[0,1,2,4,5,6,7]; c16:bw=45,experts=[0,1,4,6]; c26:bw=37,experts=[0,4,6]; c9:bw=22,experts=[4,6]; c13:bw=49,experts=[0,1,4,6]; c24:bw=19,experts=[4]; c2:bw=60,experts=[0,1,2,4,5,6]; c10:bw=64,experts=[0,1,2,4,5,6]; c19:bw=47,experts=[0,1,4,6]; c28:bw=63,experts=[0,1,2,4,5,6]; c11:bw=49,experts=[0,1,4,6]; c18:bw=43,experts=[0,1,4,6]; c7:bw=45,experts=[0,1,4,6]; c21:bw=27,experts=[4]; c6:bw=53,experts=[0,1,4,5,6]; c0:bw=59,experts=[0,1,4,5,6]; c22:bw=49,experts=[0,1,4,6]; c25:bw=43,experts=[0,1,4,6]; c8:bw=31,experts=[0,4,6]; c27:bw=58,experts=[0,1,4,5,6]; c23:bw=15,experts=[]; c29:bw=44,experts=[0,1,4,6]; c14:bw=32,experts=[0,4,6]; c17:bw=39,experts=[0,4,6]; c12:bw=63,experts=[0,1,2,4,5,6]; c15:bw=24,experts=[4,6]; c20:bw=70,experts=[0,1,2,4,5,6,7]","1.8978,1.3290,2.6458,3.8854,2.2608,1.3215,1.7587,2.0515,1.5522,1.5851,3.2823,1.8675,2.0100,2.8543,2.2404,1.6677,1.3009,1.4354,1.4207,2.1105,2.6408,1.4868,2.4017,1.7387,4.0496,1.6790,2.5093,2.3022,1.4645,2.6141"
5,2026-09-24 13:51:40,Ours,0.01,3.2642898129017026,7.46,7.46,5,64.229,1:04.23,62.3993,0.4994,1.3268,327.6807,5:27.68,30,"26,3,16,28,9,20,22,14,12,17,19,13,21,18,10,5,24,23,2,4,15,0,1,11,7,27,29,8,25,6",26:19;3:63;16:32;28:45;9:62;20:50;22:49;14:53;12:55;17:64;19:19;13:36;21:35;18:10;10:35;5:40;24:12;23:29;2:10;4:48;15:45;0:50;1:20;11:21;7:24;27:30;29:55;8:37;25:34;6:53,"26:[4];3:[0,1,2,4,5,6];16:[0,4,6];28:[0,1,4,6];9:[0,1,2,4,5,6];20:[0,1,4,6];22:[0,1,4,6];14:[0,1,4,5,6];12:[0,1,4,5,6];17:[0,1,2,4,5,6];19:[4];13:[4,6];21:[0,4,6];18:[4];10:[0,4,6];5:[0,4,6];24:[];23:[4,6];2:[];4:[0,1,4,6];15:[0,4,6];0:[0,1,4,5,6];1:[4,6];11:[4];7:[4];27:[4,6];29:[0,1,4,5,6];8:[0,4,6];25:[0,4,6];6:[0,1,4,5,6]","c26:bw=19,experts=[4]; c3:bw=63,experts=[0,1,2,4,5,6]; c16:bw=32,experts=[0,4,6]; c28:bw=45,experts=[0,1,4,6]; c9:bw=62,experts=[0,1,2,4,5,6]; c20:bw=50,experts=[0,1,4,6]; c22:bw=49,experts=[0,1,4,6]; c14:bw=53,experts=[0,1,4,5,6]; c12:bw=55,experts=[0,1,4,5,6]; c17:bw=64,experts=[0,1,2,4,5,6]; c19:bw=19,experts=[4]; c13:bw=36,experts=[4,6]; c21:bw=35,experts=[0,4,6]; c18:bw=10,experts=[4]; c10:bw=35,experts=[0,4,6]; c5:bw=40,experts=[0,4,6]; c24:bw=12,experts=[]; c23:bw=29,experts=[4,6]; c2:bw=10,experts=[]; c4:bw=48,experts=[0,1,4,6]; c15:bw=45,experts=[0,4,6]; c0:bw=50,experts=[0,1,4,5,6]; c1:bw=20,experts=[4,6]; c11:bw=21,experts=[4]; c7:bw=24,experts=[4]; c27:bw=30,experts=[4,6]; c29:bw=55,experts=[0,1,4,5,6]; c8:bw=37,experts=[0,4,6]; c25:bw=34,experts=[0,4,6]; c6:bw=53,experts=[0,1,4,5,6]","1.3100,1.9085,2.2396,2.0072,1.7712,2.6583,2.1157,1.7085,2.2896,2.5314,1.7936,2.0028,1.2508,2.1665,3.1202,3.7604,1.5218,1.6491,1.6036,2.6768,1.4578,1.3734,1.3370,2.8123,1.6324,2.3478,3.9658,1.4433,2.5530,1.3907"
6,2026-09-24 13:52:46,Ours,0.01,3.1923098592041894,8.13,8.13,6,65.4993,1:05.50,63.5836,0.5191,1.3931,393.1955,6:33.20,30,"17,11,7,13,0,28,20,8,1,5,2,23,22,15,21,29,10,14,26,24,4,3,19,16,6,18,12,27,9,25",17:27;11:31;7:58;13:15;0:31;28:74;20:44;8:67;1:32;5:27;2:42;23:73;22:32;15:33;21:10;29:41;10:10;14:40;26:43;24:18;4:17;3:36;19:37;16:54;6:20;18:40;12:62;27:43;9:48;25:43,"17:[4];11:[0,4,6];7:[0,1,4,5,6];13:[4];0:[4,6];28:[0,1,2,4,5,6,7];20:[0,1,4,6];8:[0,1,2,4,5,6];1:[0,4,6];5:[4,6];2:[0,4,5,6];23:[0,1,2,4,5,6,7];22:[1,4,6];15:[0,4,6];21:[4];29:[0,1,4,6];10:[4];14:[0,1,4,6];26:[0,4,6];24:[4];4:[];3:[0,4,6];19:[0,4,6];16:[0,1,4,5,6];6:[4,6];18:[0,1,4,6];12:[0,1,2,4,5,6];27:[0,4,6];9:[0,1,4,6];25:[0,1,4,6]","c17:bw=27,experts=[4]; c11:bw=31,experts=[0,4,6]; c7:bw=58,experts=[0,1,4,5,6]; c13:bw=15,experts=[4]; c0:bw=31,experts=[4,6]; c28:bw=74,experts=[0,1,2,4,5,6,7]; c20:bw=44,experts=[0,1,4,6]; c8:bw=67,experts=[0,1,2,4,5,6]; c1:bw=32,experts=[0,4,6]; c5:bw=27,experts=[4,6]; c2:bw=42,experts=[0,4,5,6]; c23:bw=73,experts=[0,1,2,4,5,6,7]; c22:bw=32,experts=[1,4,6]; c15:bw=33,experts=[0,4,6]; c21:bw=10,experts=[4]; c29:bw=41,experts=[0,1,4,6]; c10:bw=10,experts=[4]; c14:bw=40,experts=[0,1,4,6]; c26:bw=43,experts=[0,4,6]; c24:bw=18,experts=[4]; c4:bw=17,experts=[]; c3:bw=36,experts=[0,4,6]; c19:bw=37,experts=[0,4,6]; c16:bw=54,experts=[0,1,4,5,6]; c6:bw=20,experts=[4,6]; c18:bw=40,experts=[0,1,4,6]; c12:bw=62,experts=[0,1,2,4,5,6]; c27:bw=43,experts=[0,4,6]; c9:bw=48,experts=[0,1,4,6]; c25:bw=43,experts=[0,1,4,6]","2.5017,2.8939,1.6423,2.1020,1.4037,2.0781,2.6011,1.4938,1.3898,3.8919,1.5918,1.6791,2.0709,1.4660,1.2845,4.0370,3.1358,1.6743,1.3347,1.5914,2.7399,2.0007,1.8776,2.3001,1.4631,2.2241,2.3000,2.3879,1.7638,2.6625"
7,2026-09-24 13:53:51,Ours,0.01,3.2140127212504037,9.45,9.45,7,64.9857,1:04.99,63.1261,0.5001,1.3562,458.1984,7:38.20,30,"20,1,29,3,13,15,9,16,14,17,21,4,18,25,7,5,23,2,8,12,26,24,0,6,22,10,19,28,11,27",20:16;1:10;29:57;3:26;13:25;15:39;9:10;16:53;14:13;17:41;21:60;4:14;18:20;25:50;7:31;5:49;23:41;2:40;8:57;12:47;26:49;24:31;0:36;6:13;22:55;10:17;19:54;28:10;11:60;27:26,"20:[];1:[];29:[0,1,4,5,6];3:[4,6];13:[4,6];15:[0,4,6];9:[];16:[0,1,4,5,6];14:[];17:[0,4,5,6];21:[0,1,2,4,5,6];4:[4];18:[4,6];25:[0,1,4,5,6];7:[0,4,6];5:[0,4,6];23:[0,1,4,6];2:[0,4,6];8:[0,1,4,5,6];12:[0,1,4,6];26:[0,1,4,6];24:[0,4,6];0:[0,4,6];6:[4];22:[0,1,4,5,6];10:[4];19:[0,1,4,5,6];28:[4];11:[0,1,2,4,5,6];27:[4]","c20:bw=16,experts=[]; c1:bw=10,experts=[]; c29:bw=57,experts=[0,1,4,5,6]; c3:bw=26,experts=[4,6]; c13:bw=25,experts=[4,6]; c15:bw=39,experts=[0,4,6]; c9:bw=10,experts=[]; c16:bw=53,experts=[0,1,4,5,6]; c14:bw=13,experts=[]; c17:bw=41,experts=[0,4,5,6]; c21:bw=60,experts=[0,1,2,4,5,6]; c4:bw=14,experts=[4]; c18:bw=20,experts=[4,6]; c25:bw=50,experts=[0,1,4,5,6]; c7:bw=31,experts=[0,4,6]; c5:bw=49,experts=[0,4,6]; c23:bw=41,experts=[0,1,4,6]; c2:bw=40,experts=[0,4,6]; c8:bw=57,experts=[0,1,4,5,6]; c12:bw=47,experts=[0,1,4,6]; c26:bw=49,experts=[0,1,4,6]; c24:bw=31,experts=[0,4,6]; c0:bw=36,experts=[0,4,6]; c6:bw=13,experts=[4]; c22:bw=55,experts=[0,1,4,5,6]; c10:bw=17,experts=[4]; c19:bw=54,experts=[0,1,4,5,6]; c28:bw=10,experts=[4]; c11:bw=60,experts=[0,1,2,4,5,6]; c27:bw=26,experts=[4]","2.6169,1.3403,4.0294,2.0103,2.1487,1.4676,1.7583,2.2838,1.6966,2.4720,1.2640,2.5945,2.1775,2.6321,1.6633,3.8287,1.6775,1.5323,1.4218,2.3023,1.3823,1.6041,1.3952,1.4858,2.1131,3.2281,1.8533,1.9556,2.8647,2.3259"
8,2026-09-24 13:54:56,Ours,0.01,3.180188288368351,10.38,10.38,8,64.9041,1:04.90,63.0616,0.4922,1.3468,523.118,8:43.12,30,"10,14,7,9,13,8,3,12,18,23,15,0,21,28,5,26,17,24,27,20,22,4,29,2,1,6,11,19,25,16",10:51;14:59;7:15;9:59;13:35;8:37;3:37;12:51;18:39;23:35;15:66;0:32;21:31;28:38;5:28;26:55;17:56;24:42;27:41;20:42;22:61;4:10;29:71;2:54;1:58;6:41;11:45;19:31;25:41;16:45,"10:[0,3,4,6,7];14:[0,3,4,6,7];7:[3];9:[3,4,6,7];13:[3,4,7];8:[3,4,7];3:[3,4,7];12:[0,3,4,6,7];18:[3,5,7];23:[4,6];15:[0,1,3,4,6,7];0:[3,4,7];21:[3,4,7];28:[3,4,6];5:[3,4];26:[3,4,5,6,7];17:[0,3,4,6,7];24:[1,3,5,7];27:[3,4,7];20:[0,3,4,6];22:[0,1,3,4,6,7];4:[];29:[0,1,3,4,5,6,7];2:[0,3,4,6,7];1:[3,4,5,6,7];6:[3,4,6,7];11:[3,4,6,7];19:[3,4,7];25:[3,4,6,7];16:[3,4,6,7]","c10:bw=51,experts=[0,3,4,6,7]; c14:bw=59,experts=[0,3,4,6,7]; c7:bw=15,experts=[3]; c9:bw=59,experts=[3,4,6,7]; c13:bw=35,experts=[3,4,7]; c8:bw=37,experts=[3,4,7]; c3:bw=37,experts=[3,4,7]; c12:bw=51,experts=[0,3,4,6,7]; c18:bw=39,experts=[3,5,7]; c23:bw=35,experts=[4,6]; c15:bw=66,experts=[0,1,3,4,6,7]; c0:bw=32,experts=[3,4,7]; c21:bw=31,experts=[3,4,7]; c28:bw=38,experts=[3,4,6]; c5:bw=28,experts=[3,4]; c26:bw=55,experts=[3,4,5,6,7]; c17:bw=56,experts=[0,3,4,6,7]; c24:bw=42,experts=[1,3,5,7]; c27:bw=41,experts=[3,4,7]; c20:bw=42,experts=[0,3,4,6]; c22:bw=61,experts=[0,1,3,4,6,7]; c4:bw=10,experts=[]; c29:bw=71,experts=[0,1,3,4,5,6,7]; c2:bw=54,experts=[0,3,4,6,7]; c1:bw=58,experts=[3,4,5,6,7]; c6:bw=41,experts=[3,4,6,7]; c11:bw=45,experts=[3,4,6,7]; c19:bw=31,experts=[3,4,7]; c25:bw=41,experts=[3,4,6,7]; c16:bw=45,experts=[3,4,6,7]","3.2325,1.6625,1.6272,1.7212,2.0664,1.4773,1.9702,2.2571,2.2133,1.6937,1.4835,1.3964,1.3076,2.0422,3.8534,1.3524,2.5194,1.5641,2.3400,2.5534,2.1091,2.6716,4.0429,1.5770,1.4369,1.4417,2.8163,1.8462,2.5648,2.2210"
9,2026-09-24 13:56:01,Ours,0.01,3.100377904642457,12.33,12.33,9,65.2335,1:05.23,63.3204,0.507,1.4027,588.3687,9:48.37,30,"17,7,13,25,9,6,28,29,18,14,3,2,12,22,20,11,8,0,24,15,10,21,27,1,19,4,23,5,16,26",17:49;7:46;13:41;25:67;9:26;6:31;28:58;29:46;18:53;14:37;3:23;2:21;12:38;22:39;20:58;11:28;8:18;0:52;24:25;15:36;10:34;21:66;27:27;1:14;19:26;4:59;23:68;5:52;16:41;26:19,"17:[0,4,6];7:[2,4,6,7];13:[0,1,4,6];25:[0,1,2,4,5,6];9:[4];6:[2,4,6];28:[0,1,4,6];29:[0,2,4,6];18:[0,1,2,4,6];14:[2,4,6];3:[4];2:[4,6];12:[4,6];22:[2,4,6];20:[0,1,4,5,6];11:[4,6];8:[4];0:[0,2,4,6];24:[2,4];15:[0,4,6];10:[4,6];21:[0,1,2,4,5,6];27:[2,4];1:[];19:[4];4:[2,3,4,7];23:[0,1,2,4,5,6];5:[0,1,4,5,6];16:[0,2,4,6];26:[2]","c17:bw=49,experts=[0,4,6]; c7:bw=46,experts=[2,4,6,7]; c13:bw=41,experts=[0,1,4,6]; c25:bw=67,experts=[0,1,2,4,5,6]; c9:bw=26,experts=[4]; c6:bw=31,experts=[2,4,6]; c28:bw=58,experts=[0,1,4,6]; c29:bw=46,experts=[0,2,4,6]; c18:bw=53,experts=[0,1,2,4,6]; c14:bw=37,experts=[2,4,6]; c3:bw=23,experts=[4]; c2:bw=21,experts=[4,6]; c12:bw=38,experts=[4,6]; c22:bw=39,experts=[2,4,6]; c20:bw=58,experts=[0,1,4,5,6]; c11:bw=28,experts=[4,6]; c8:bw=18,experts=[4]; c0:bw=52,experts=[0,2,4,6]; c24:bw=25,experts=[2,4]; c15:bw=36,experts=[0,4,6]; c10:bw=34,experts=[4,6]; c21:bw=66,experts=[0,1,2,4,5,6]; c27:bw=27,experts=[2,4]; c1:bw=14,experts=[]; c19:bw=26,experts=[4]; c4:bw=59,experts=[2,3,4,7]; c23:bw=68,experts=[0,1,2,4,5,6]; c5:bw=52,experts=[0,1,4,5,6]; c16:bw=41,experts=[0,2,4,6]; c26:bw=19,experts=[2]","2.5052,1.6577,2.0628,2.5933,1.7770,1.5044,2.0708,4.0779,2.2580,1.7110,1.9852,1.6055,2.2564,2.1132,2.5955,2.8031,1.4407,1.3561,1.5355,1.4657,3.1845,1.3135,2.3599,1.3550,1.8477,2.7051,1.7073,3.8253,2.2884,1.3585"
10,2026-09-24 13:57:06,Ours,0.01,3.0962839369633937,15.07,15.07,10,65.4532,1:05.45,63.5923,0.5063,1.3512,653.8402,10:53.84,30,"16,13,14,18,5,22,19,24,20,4,12,1,23,11,3,29,21,15,26,2,9,25,10,28,27,17,6,7,0,8",16:44;13:38;14:57;18:28;5:58;22:10;19:43;24:68;20:10;4:37;12:52;1:41;23:10;11:21;3:46;29:25;21:10;15:10;26:58;2:34;9:35;25:66;10:54;28:24;27:24;17:35;6:65;7:37;0:59;8:35,"16:[0,1,4,6];13:[2,4,6];14:[0,1,2,4,6];18:[4,6];5:[0,1,4,5,6];22:[4];19:[0,2,4,6];24:[0,1,2,4,5,6];20:[];4:[0,4,6];12:[0,1,2,4,6];1:[0,2,4,6];23:[3];11:[4,6];3:[0,4,5,6];29:[4,6];21:[];15:[2];26:[0,1,2,4,6];2:[0,4,6];9:[0,4,6];25:[0,1,2,4,6];10:[0,1,4,6];28:[4];27:[4];17:[0,4,6];6:[0,1,2,4,5,6];7:[1,4,6];0:[0,1,2,4,6];8:[0,4,6]","c16:bw=44,experts=[0,1,4,6]; c13:bw=38,experts=[2,4,6]; c14:bw=57,experts=[0,1,2,4,6]; c18:bw=28,experts=[4,6]; c5:bw=58,experts=[0,1,4,5,6]; c22:bw=10,experts=[4]; c19:bw=43,experts=[0,2,4,6]; c24:bw=68,experts=[0,1,2,4,5,6]; c20:bw=10,experts=[]; c4:bw=37,experts=[0,4,6]; c12:bw=52,experts=[0,1,2,4,6]; c1:bw=41,experts=[0,2,4,6]; c23:bw=10,experts=[3]; c11:bw=21,experts=[4,6]; c3:bw=46,experts=[0,4,5,6]; c29:bw=25,experts=[4,6]; c21:bw=10,experts=[]; c15:bw=10,experts=[2]; c26:bw=58,experts=[0,1,2,4,6]; c2:bw=34,experts=[0,4,6]; c9:bw=35,experts=[0,4,6]; c25:bw=66,experts=[0,1,2,4,6]; c10:bw=54,experts=[0,1,4,6]; c28:bw=24,experts=[4]; c27:bw=24,experts=[4]; c17:bw=35,experts=[0,4,6]; c6:bw=65,experts=[0,1,2,4,5,6]; c7:bw=37,experts=[1,4,6]; c0:bw=59,experts=[0,1,2,4,6]; c8:bw=35,experts=[0,4,6]","2.3681,2.0976,1.7232,2.2409,3.9613,2.1408,1.8710,1.5718,2.6492,2.7309,2.2521,1.3605,1.7049,2.8418,1.9703,3.9710,1.2693,1.4774,1.3389,1.5721,1.8119,2.6880,3.2619,2.0227,2.3564,2.4625,1.4307,1.6377,1.3649,1.4427"
11,2026-09-24 13:58:12,Ours,0.01,2.9789881135493825,16.45,16.45,11,65.3168,1:05.32,63.4725,0.4967,1.3444,719.1742,11:59.17,30,"6,20,29,24,4,11,17,25,9,1,12,14,8,28,13,18,22,5,3,7,16,10,27,0,26,21,23,19,2,15",6:55;20:10;29:10;24:45;4:16;11:34;17:44;25:10;9:33;1:40;12:20;14:15;8:39;28:26;13:40;18:47;22:10;5:28;3:50;7:44;16:43;10:35;27:53;0:28;26:33;21:34;23:63;19:25;2:27;15:44,"6:[0,2,4,5,6];20:[];29:[4];24:[0,1,4,6];4:[4];11:[0,4,6];17:[0,4,5,6];25:[4];9:[0,4,6];1:[0,1,4,6];12:[4,6];14:[4];8:[4,6];28:[4,6];13:[4,5,6];18:[0,1,4,6];22:[4];5:[4];3:[0,2,4,5,6];7:[0,1,4,6];16:[0,1,4,6];10:[0,4,6];27:[0,1,4,5,6];0:[4,6];26:[0,4,6];21:[4,6];23:[0,1,2,4,5,6];19:[4];2:[4];15:[4,5,6]","c6:bw=55,experts=[0,2,4,5,6]; c20:bw=10,experts=[]; c29:bw=10,experts=[4]; c24:bw=45,experts=[0,1,4,6]; c4:bw=16,experts=[4]; c11:bw=34,experts=[0,4,6]; c17:bw=44,experts=[0,4,5,6]; c25:bw=10,experts=[4]; c9:bw=33,experts=[0,4,6]; c1:bw=40,experts=[0,1,4,6]; c12:bw=20,experts=[4,6]; c14:bw=15,experts=[4]; c8:bw=39,experts=[4,6]; c28:bw=26,experts=[4,6]; c13:bw=40,experts=[4,5,6]; c18:bw=47,experts=[0,1,4,6]; c22:bw=10,experts=[4]; c5:bw=28,experts=[4]; c3:bw=50,experts=[0,2,4,5,6]; c7:bw=44,experts=[0,1,4,6]; c16:bw=43,experts=[0,1,4,6]; c10:bw=35,experts=[0,4,6]; c27:bw=53,experts=[0,1,4,5,6]; c0:bw=28,experts=[4,6]; c26:bw=33,experts=[0,4,6]; c21:bw=34,experts=[4,6]; c23:bw=63,experts=[0,1,2,4,5,6]; c19:bw=25,experts=[4]; c2:bw=27,experts=[4]; c15:bw=44,experts=[4,5,6]","1.4703,2.6730,4.0237,1.5529,2.6422,2.9303,2.5618,2.6532,1.8045,1.3642,2.3029,1.6910,1.4625,1.9851,2.0508,2.1962,2.0489,3.8111,1.9865,1.6704,2.3194,3.2737,2.4329,1.3867,1.3550,1.2919,1.6756,1.8241,1.5609,1.4705"
12,2026-09-24 13:59:18,Ours,0.01,2.921939072344331,17.54,17.54,12,66.6929,1:06.69,64.7841,0.5129,1.3924,785.8863,13:05.89,30,"8,9,22,17,3,25,10,4,1,24,18,21,12,14,5,27,28,11,26,29,16,2,6,7,23,19,15,20,13,0",8:55;9:42;22:54;17:39;3:35;25:44;10:62;4:28;1:42;24:24;18:45;21:61;12:73;14:29;5:56;27:51;28:11;11:45;26:21;29:52;16:28;2:57;6:29;7:30;23:60;19:31;15:36;20:75;13:53;0:49,"8:[0,1,4,5,6];9:[0,1,4,6];22:[1,2,4,5,6];17:[4,5,6];3:[0,4,6];25:[0,2,4,6];10:[0,1,2,4,5,6];4:[4,5];1:[0,1,4,6];24:[4];18:[0,4,6];21:[0,1,4,5,6];12:[0,1,2,3,4,5,6];14:[4,6];5:[0,2,4,6,7];27:[0,1,4,5,6];28:[4];11:[0,1,4,6];26:[4];29:[0,1,4,5,6];16:[4,6];2:[0,1,2,4,6];6:[4,6];7:[1,4,6];23:[0,1,2,4,5,6];19:[4,6];15:[4,6];20:[0,1,2,4,5,6,7];13:[0,1,4,5,6];0:[0,4,5,6]","c8:bw=55,experts=[0,1,4,5,6]; c9:bw=42,experts=[0,1,4,6]; c22:bw=54,experts=[1,2,4,5,6]; c17:bw=39,experts=[4,5,6]; c3:bw=35,experts=[0,4,6]; c25:bw=44,experts=[0,2,4,6]; c10:bw=62,experts=[0,1,2,4,5,6]; c4:bw=28,experts=[4,5]; c1:bw=42,experts=[0,1,4,6]; c24:bw=24,experts=[4]; c18:bw=45,experts=[0,4,6]; c21:bw=61,experts=[0,1,4,5,6]; c12:bw=73,experts=[0,1,2,3,4,5,6]; c14:bw=29,experts=[4,6]; c5:bw=56,experts=[0,2,4,6,7]; c27:bw=51,experts=[0,1,4,5,6]; c28:bw=11,experts=[4]; c11:bw=45,experts=[0,1,4,6]; c26:bw=21,experts=[4]; c29:bw=52,experts=[0,1,4,5,6]; c16:bw=28,experts=[4,6]; c2:bw=57,experts=[0,1,2,4,6]; c6:bw=29,experts=[4,6]; c7:bw=30,experts=[1,4,6]; c23:bw=60,experts=[0,1,2,4,5,6]; c19:bw=31,experts=[4,6]; c15:bw=36,experts=[4,6]; c20:bw=75,experts=[0,1,2,4,5,6,7]; c13:bw=53,experts=[0,1,4,5,6]; c0:bw=49,experts=[0,4,5,6]","1.4791,1.7612,2.1429,2.5818,2.0557,2.7184,3.4095,2.7428,1.4151,1.6190,2.2552,1.3210,2.3156,1.7199,3.8843,2.4105,2.0304,2.9056,1.3525,4.1452,2.3700,1.6326,1.4843,1.6924,1.7198,1.8731,1.5741,2.6382,2.1249,1.4085"
13,2026-09-24 14:00:25,Ours,0.01,2.9357000677270895,18.95,18.95,13,66.6284,1:06.63,64.7363,0.4977,1.3909,852.5363,14:12.54,30,"17,19,1,9,21,10,6,29,14,25,20,26,22,0,12,7,4,8,24,5,13,11,23,16,2,3,18,15,28,27",17:55;19:36;1:47;9:15;21:30;10:42;6:36;29:49;14:70;25:58;20:10;26:17;22:75;0:25;12:42;7:58;4:10;8:15;24:35;5:29;13:32;11:52;23:53;16:10;2:16;3:30;18:51;15:38;28:47;27:57,"17:[0,1,2,4,6];19:[0,4,6];1:[0,4,5,6];9:[2];21:[0,4,6];10:[0,4,6];6:[0,4,6];29:[0,1,4,6];14:[0,1,2,3,4,5,6];25:[0,4,5,6];20:[];26:[4];22:[0,1,2,4,5,6,7];0:[4];12:[0,4,6];7:[0,1,4,5,6];4:[];8:[4];24:[4,6];5:[4,6];13:[0,4,6];11:[0,2,4,5,6];23:[0,1,4,5,6];16:[4];2:[4];3:[1,4,6];18:[0,1,4,5,6];15:[4,6];28:[0,4,5,6];27:[0,1,4,5,6]","c17:bw=55,experts=[0,1,2,4,6]; c19:bw=36,experts=[0,4,6]; c1:bw=47,experts=[0,4,5,6]; c9:bw=15,experts=[2]; c21:bw=30,experts=[0,4,6]; c10:bw=42,experts=[0,4,6]; c6:bw=36,experts=[0,4,6]; c29:bw=49,experts=[0,1,4,6]; c14:bw=70,experts=[0,1,2,3,4,5,6]; c25:bw=58,experts=[0,4,5,6]; c20:bw=10,experts=[]; c26:bw=17,experts=[4]; c22:bw=75,experts=[0,1,2,4,5,6,7]; c0:bw=25,experts=[4]; c12:bw=42,experts=[0,4,6]; c7:bw=58,experts=[0,1,4,5,6]; c4:bw=10,experts=[]; c8:bw=15,experts=[4]; c24:bw=35,experts=[4,6]; c5:bw=29,experts=[4,6]; c13:bw=32,experts=[0,4,6]; c11:bw=52,experts=[0,2,4,5,6]; c23:bw=53,experts=[0,1,4,5,6]; c16:bw=10,experts=[4]; c2:bw=16,experts=[4]; c3:bw=30,experts=[1,4,6]; c18:bw=51,experts=[0,1,4,5,6]; c15:bw=38,experts=[4,6]; c28:bw=47,experts=[0,4,5,6]; c27:bw=57,experts=[0,1,4,5,6]","2.5957,1.9005,1.3709,1.7866,1.3209,3.3156,1.5012,4.2108,1.7207,2.6524,2.6692,1.3636,2.1161,1.4320,2.3372,1.7042,2.7520,1.5033,1.5966,3.9654,2.1287,2.9610,1.7372,2.3113,1.6207,2.0418,2.2385,1.5212,2.0081,2.3527"
14,2026-09-24 14:01:31,Ours,0.01,2.864419051010183,20.81,20.81,14,66.0889,1:06.09,64.1418,0.5112,1.4325,918.646,15:18.65,30,"12,24,28,22,3,4,15,18,26,11,19,6,5,10,8,0,27,16,20,29,1,14,17,23,13,7,2,25,21,9",12:43;24:42;28:49;22:35;3:45;4:10;15:12;18:63;26:42;11:36;19:42;6:67;5:64;10:31;8:21;0:25;27:40;16:19;20:31;29:36;1:38;14:25;17:10;23:63;13:34;7:25;2:45;25:53;21:36;9:32,"12:[0,1,4,6];24:[0,4,5,6];28:[2,4,6,7];22:[2,4,6];3:[0,4,5,6];4:[1];15:[4];18:[0,1,2,4,5,6];26:[0,4,5,6];11:[0,4,6];19:[0,4,5,6];6:[0,1,2,4,5,6];5:[0,1,2,4,5,6];10:[4,6];8:[2,4];0:[4,6];27:[0,4,5,6];16:[4];20:[0,4,6];29:[0,4,6];1:[4,5,6];14:[4,6];17:[];23:[0,1,4,5,6,7];13:[0,4,6];7:[4];2:[0,4,5,6];25:[0,4,5,6];21:[0,4,6];9:[4,5]","c12:bw=43,experts=[0,1,4,6]; c24:bw=42,experts=[0,4,5,6]; c28:bw=49,experts=[2,4,6,7]; c22:bw=35,experts=[2,4,6]; c3:bw=45,experts=[0,4,5,6]; c4:bw=10,experts=[1]; c15:bw=12,experts=[4]; c18:bw=63,experts=[0,1,2,4,5,6]; c26:bw=42,experts=[0,4,5,6]; c11:bw=36,experts=[0,4,6]; c19:bw=42,experts=[0,4,5,6]; c6:bw=67,experts=[0,1,2,4,5,6]; c5:bw=64,experts=[0,1,2,4,5,6]; c10:bw=31,experts=[4,6]; c8:bw=21,experts=[2,4]; c0:bw=25,experts=[4,6]; c27:bw=40,experts=[0,4,5,6]; c16:bw=19,experts=[4]; c20:bw=31,experts=[0,4,6]; c29:bw=36,experts=[0,4,6]; c1:bw=38,experts=[4,5,6]; c14:bw=25,experts=[4,6]; c17:bw=10,experts=[]; c23:bw=63,experts=[0,1,4,5,6,7]; c13:bw=34,experts=[0,4,6]; c7:bw=25,experts=[4]; c2:bw=45,experts=[0,4,5,6]; c25:bw=53,experts=[0,4,5,6]; c21:bw=36,experts=[0,4,6]; c9:bw=32,experts=[4,5]","2.2702,1.5785,2.0298,2.1010,2.0336,2.7524,1.5329,2.2786,1.3724,2.9127,1.8787,1.4795,3.9561,3.1889,1.5229,1.4571,2.4246,2.3286,2.6202,4.1238,1.3362,1.6592,2.5580,1.6778,2.0621,1.6901,1.5986,2.6669,1.3140,1.7363"
15,2026-09-24 14:02:38,Ours,0.01,2.8890018643801847,21.16,21.16,15,66.4549,1:06.45,64.5381,0.5074,1.4059,985.1217,16:25.12,30,"8,17,2,27,28,6,23,21,25,26,4,10,22,5,9,29,16,20,1,14,18,11,24,15,13,7,0,19,12,3",8:52;17:47;2:53;27:36;28:40;6:33;23:58;21:14;25:32;26:48;4:47;10:13;22:60;5:18;9:19;29:10;16:29;20:43;1:14;14:50;18:34;11:55;24:45;15:10;13:60;7:59;0:20;19:59;12:10;3:10,"8:[0,1,4,5,6];17:[0,4,5,6];2:[0,1,4,5,6];27:[4,6];28:[0,4,6];6:[0,4,6];23:[0,1,4,5,6];21:[];25:[4,6];26:[0,4,5,6];4:[0,4,5,6];10:[];22:[0,1,2,4,6];5:[4];9:[];29:[4];16:[5];20:[0,4,5,6];1:[4];14:[0,1,4,5,6];18:[2,4,6];11:[0,2,4,5,6];24:[0,4,5,6];15:[4];13:[0,1,2,4,5,6];7:[1,4,5,6];0:[4,6];19:[0,1,2,4,6];12:[];3:[4]","c8:bw=52,experts=[0,1,4,5,6]; c17:bw=47,experts=[0,4,5,6]; c2:bw=53,experts=[0,1,4,5,6]; c27:bw=36,experts=[4,6]; c28:bw=40,experts=[0,4,6]; c6:bw=33,experts=[0,4,6]; c23:bw=58,experts=[0,1,4,5,6]; c21:bw=14,experts=[]; c25:bw=32,experts=[4,6]; c26:bw=48,experts=[0,4,5,6]; c4:bw=47,experts=[0,4,5,6]; c10:bw=13,experts=[]; c22:bw=60,experts=[0,1,2,4,6]; c5:bw=18,experts=[4]; c9:bw=19,experts=[]; c29:bw=10,experts=[4]; c16:bw=29,experts=[5]; c20:bw=43,experts=[0,4,5,6]; c1:bw=14,experts=[4]; c14:bw=50,experts=[0,1,4,5,6]; c18:bw=34,experts=[2,4,6]; c11:bw=55,experts=[0,2,4,5,6]; c24:bw=45,experts=[0,4,5,6]; c15:bw=10,experts=[4]; c13:bw=60,experts=[0,1,2,4,5,6]; c7:bw=59,experts=[1,4,5,6]; c0:bw=20,experts=[4,6]; c19:bw=59,experts=[0,1,2,4,6]; c12:bw=10,experts=[]; c3:bw=10,experts=[4]","1.5699,2.6656,1.6243,2.4171,2.0769,1.4778,1.6901,1.3133,2.6098,1.3301,2.6439,3.2195,2.0867,3.9312,1.8271,4.2462,2.4042,2.7109,1.3888,1.7418,2.2385,2.9009,1.5889,1.4864,2.0994,1.6588,1.4017,1.9157,2.3127,1.9599"
16,2026-09-24 14:03:44,Ours,0.01,2.9084589407902626,22.52,22.52,16,66.6542,1:06.65,64.5943,0.6676,1.3888,1051.7972,17:31.80,30,"23,25,10,3,11,29,1,20,21,0,26,8,6,13,24,18,4,16,9,17,28,15,27,7,22,2,14,19,12,5",23:12;25:35;10:22;3:43;11:10;29:37;1:29;20:50;21:49;0:57;26:51;8:49;6:40;13:24;24:25;18:12;4:35;16:54;9:24;17:43;28:56;15:48;27:57;7:22;22:53;2:52;14:29;19:62;12:14;5:40,"23:[4];25:[3,4,7];10:[3];3:[3,4,6,7];11:[3];29:[3,4,7];1:[3];20:[0,3,4,5,6];21:[3,4,7];0:[0,3,4,6,7];26:[3,4,5,6,7];8:[3,4,6,7];6:[3,4,7];13:[3];24:[3];18:[];4:[0,4,6];16:[0,3,4,6,7];9:[3,7];17:[3,4,7];28:[3,4,5,6];15:[1,3,4,7];27:[3,4,6,7];7:[3,4];22:[0,3,4,5,6];2:[3,4,6,7];14:[4,7];19:[0,3,4,5,6,7];12:[7];5:[0,3,4,6]","c23:bw=12,experts=[4]; c25:bw=35,experts=[3,4,7]; c10:bw=22,experts=[3]; c3:bw=43,experts=[3,4,6,7]; c11:bw=10,experts=[3]; c29:bw=37,experts=[3,4,7]; c1:bw=29,experts=[3]; c20:bw=50,experts=[0,3,4,5,6]; c21:bw=49,experts=[3,4,7]; c0:bw=57,experts=[0,3,4,6,7]; c26:bw=51,experts=[3,4,5,6,7]; c8:bw=49,experts=[3,4,6,7]; c6:bw=40,experts=[3,4,7]; c13:bw=24,experts=[3]; c24:bw=25,experts=[3]; c18:bw=12,experts=[]; c4:bw=35,experts=[0,4,6]; c16:bw=54,experts=[0,3,4,6,7]; c9:bw=24,experts=[3,7]; c17:bw=43,experts=[3,4,7]; c28:bw=56,experts=[3,4,5,6]; c15:bw=48,experts=[1,3,4,7]; c27:bw=57,experts=[3,4,6,7]; c7:bw=22,experts=[3,4]; c22:bw=53,experts=[0,3,4,5,6]; c2:bw=52,experts=[3,4,6,7]; c14:bw=29,experts=[4,7]; c19:bw=62,experts=[0,3,4,5,6,7]; c12:bw=14,experts=[7]; c5:bw=40,experts=[0,3,4,6]","1.7724,2.7555,3.3431,2.0810,2.9525,4.1710,1.3935,2.6285,1.3185,1.3868,1.3729,1.4796,1.4497,2.1550,1.5801,2.2646,2.7258,2.3365,1.7692,2.5772,2.0282,1.4937,2.3702,1.6538,2.1221,1.5926,1.6732,1.8609,2.3301,3.9561"
17,2026-09-24 14:04:52,Ours,0.01,2.792002107928633,23.41,23.41,17,67.3709,1:07.37,65.4151,0.5232,1.4293,1119.1907,18:39.19,30,"5,7,1,23,8,25,12,27,24,10,9,17,3,16,20,29,14,19,13,26,18,28,11,2,22,21,4,6,15,0",5:10;7:25;1:29;23:39;8:10;25:27;12:74;27:27;24:40;10:44;9:37;17:11;3:52;16:30;20:58;29:48;14:33;19:40;13:27;26:43;18:31;28:18;11:10;2:19;22:31;21:10;4:58;6:39;15:50;0:11,"5:[4];7:[2,7];1:[4,7];23:[4,6];8:[4];25:[4,6];12:[0,1,2,4,5,6,7];27:[2,4];24:[0,4,6,7];10:[4,6,7];9:[0,4,6];17:[4];3:[0,2,4,5,6];16:[2,4,6];20:[0,1,4,5,6];29:[2,4,6];14:[4,6];19:[0,4,5,6];13:[4,7];26:[0,4,6];18:[3,4,7];28:[1];11:[7];2:[4];22:[0,4,6];21:[2];4:[2,3,4,6,7];6:[0,4,6];15:[0,2,4,5,6];0:[4]","c5:bw=10,experts=[4]; c7:bw=25,experts=[2,7]; c1:bw=29,experts=[4,7]; c23:bw=39,experts=[4,6]; c8:bw=10,experts=[4]; c25:bw=27,experts=[4,6]; c12:bw=74,experts=[0,1,2,4,5,6,7]; c27:bw=27,experts=[2,4]; c24:bw=40,experts=[0,4,6,7]; c10:bw=44,experts=[4,6,7]; c9:bw=37,experts=[0,4,6]; c17:bw=11,experts=[4]; c3:bw=52,experts=[0,2,4,5,6]; c16:bw=30,experts=[2,4,6]; c20:bw=58,experts=[0,1,4,5,6]; c29:bw=48,experts=[2,4,6]; c14:bw=33,experts=[4,6]; c19:bw=40,experts=[0,4,5,6]; c13:bw=27,experts=[4,7]; c26:bw=43,experts=[0,4,6]; c18:bw=31,experts=[3,4,7]; c28:bw=18,experts=[1]; c11:bw=10,experts=[7]; c2:bw=19,experts=[4]; c22:bw=31,experts=[0,4,6]; c21:bw=10,experts=[2]; c4:bw=58,experts=[2,3,4,6,7]; c6:bw=39,experts=[0,4,6]; c15:bw=50,experts=[0,2,4,5,6]; c0:bw=11,experts=[4]","4.0108,1.7098,1.3835,1.7136,1.5267,2.7379,2.3534,2.4281,1.6166,3.3889,1.7911,2.5633,2.0025,2.3888,2.8033,4.3664,1.7584,1.9426,2.1854,1.3903,2.2443,2.0489,2.9039,1.6100,2.1294,1.3213,2.6769,1.4552,1.5163,1.4475"
18,2026-09-24 14:05:59,Ours,0.01,2.700335661099116,24.71,24.71,18,67.2451,1:07.25,65.3197,0.5085,1.4136,1186.4557,19:46.46,30,"13,20,6,14,5,24,29,8,17,2,16,7,25,10,11,22,26,23,15,27,12,28,0,18,9,19,1,3,4,21",13:43;20:45;6:31;14:40;5:35;24:30;29:39;8:10;17:50;2:37;16:38;7:55;25:32;10:27;11:57;22:49;26:57;23:56;15:51;27:31;12:18;28:43;0:49;18:60;9:19;19:33;1:10;3:37;4:56;21:26,"13:[1,4,5,6];20:[0,4,5,6];6:[4,5,6];14:[0,4,5,6];5:[4,6];24:[2,4];29:[4,6];8:[4];17:[0,2,4,5,6];2:[4,6];16:[1,4,6];7:[0,1,4,5,6];25:[1,4,6];10:[4,6];11:[0,2,4,6];22:[1,2,4,6];26:[1,2,4,6];23:[0,1,3,4,6];15:[0,2,4,5,6];27:[0,4,6];12:[4];28:[4,5,6];0:[1,2,4,6];18:[0,1,4,5,6];9:[4];19:[4,6];1:[2];3:[0,4,6];4:[0,1,4,5,6];21:[4]","c13:bw=43,experts=[1,4,5,6]; c20:bw=45,experts=[0,4,5,6]; c6:bw=31,experts=[4,5,6]; c14:bw=40,experts=[0,4,5,6]; c5:bw=35,experts=[4,6]; c24:bw=30,experts=[2,4]; c29:bw=39,experts=[4,6]; c8:bw=10,experts=[4]; c17:bw=50,experts=[0,2,4,5,6]; c2:bw=37,experts=[4,6]; c16:bw=38,experts=[1,4,6]; c7:bw=55,experts=[0,1,4,5,6]; c25:bw=32,experts=[1,4,6]; c10:bw=27,experts=[4,6]; c11:bw=57,experts=[0,2,4,6]; c22:bw=49,experts=[1,2,4,6]; c26:bw=57,experts=[1,2,4,6]; c23:bw=56,experts=[0,1,3,4,6]; c15:bw=51,experts=[0,2,4,5,6]; c27:bw=31,experts=[0,4,6]; c12:bw=18,experts=[4]; c28:bw=43,experts=[4,5,6]; c0:bw=49,experts=[1,2,4,6]; c18:bw=60,experts=[0,1,4,5,6]; c9:bw=19,experts=[4]; c19:bw=33,experts=[4,6]; c1:bw=10,experts=[2]; c3:bw=37,experts=[0,4,6]; c4:bw=56,experts=[0,1,4,5,6]; c21:bw=26,experts=[4]","2.1707,2.7191,1.5056,1.7286,3.9424,1.5718,4.1202,1.5095,2.6369,1.6197,2.3403,1.7322,2.7816,3.3948,3.0034,2.1714,1.4018,1.7839,1.5294,2.4083,2.2641,2.0389,1.4411,2.2598,1.8053,1.9111,1.3886,2.0236,2.7524,1.3632"
19,2026-09-24 14:07:06,Ours,0.01,2.7091359508926747,25.65,25.65,19,67.0532,1:07.05,65.1434,0.5075,1.3989,1253.5291,20:53.53,30,"5,19,26,29,15,4,23,3,6,8,20,21,22,14,27,24,28,16,2,17,18,1,13,25,12,11,10,9,7,0",5:29;19:37;26:33;29:36;15:39;4:51;23:15;3:40;6:66;8:56;20:21;21:52;22:29;14:30;27:34;24:45;28:10;16:13;2:14;17:67;18:31;1:46;13:10;25:59;12:54;11:20;10:35;9:38;7:22;0:42,"5:[4,6];19:[0,4,6];26:[4,5,6];29:[4,5,6];15:[4,5,6];4:[0,1,4,5,6];23:[];3:[0,4,5,6];6:[0,1,2,4,5,6];8:[0,1,4,5,6];20:[4,6];21:[0,1,4,5,6];22:[4,6];14:[1,4,6];27:[0,4,6];24:[0,1,4,6];28:[4];16:[4];2:[];17:[0,1,2,4,5,6];18:[1,4,6];1:[1,4,6];13:[];25:[0,2,4,5,6];12:[0,1,4,5,6];11:[4];10:[1,4,6];9:[4,6];7:[4,6];0:[0,4,5,6]","c5:bw=29,experts=[4,6]; c19:bw=37,experts=[0,4,6]; c26:bw=33,experts=[4,5,6]; c29:bw=36,experts=[4,5,6]; c15:bw=39,experts=[4,5,6]; c4:bw=51,experts=[0,1,4,5,6]; c23:bw=15,experts=[]; c3:bw=40,experts=[0,4,5,6]; c6:bw=66,experts=[0,1,2,4,5,6]; c8:bw=56,experts=[0,1,4,5,6]; c20:bw=21,experts=[4,6]; c21:bw=52,experts=[0,1,4,5,6]; c22:bw=29,experts=[4,6]; c14:bw=30,experts=[1,4,6]; c27:bw=34,experts=[0,4,6]; c24:bw=45,experts=[0,1,4,6]; c28:bw=10,experts=[4]; c16:bw=13,experts=[4]; c2:bw=14,experts=[]; c17:bw=67,experts=[0,1,2,4,5,6]; c18:bw=31,experts=[1,4,6]; c1:bw=46,experts=[1,4,6]; c13:bw=10,experts=[]; c25:bw=59,experts=[0,2,4,5,6]; c12:bw=54,experts=[0,1,4,5,6]; c11:bw=20,experts=[4]; c10:bw=35,experts=[1,4,6]; c9:bw=38,experts=[4,6]; c7:bw=22,experts=[4,6]; c0:bw=42,experts=[0,4,5,6]","4.0788,1.9491,1.4103,4.2016,1.5384,2.6845,1.7067,2.0188,1.4697,1.5007,2.6118,1.3101,2.1314,1.7288,2.4524,1.6317,2.0887,2.3470,1.6662,2.6165,2.2268,1.4050,2.1807,2.7006,2.3555,2.8684,3.2907,1.7977,1.7172,1.4575"
20,2026-09-24 14:08:14,Ours,0.01,2.678058645368176,25.8,25.8,20,67.6557,1:07.66,65.7545,0.5063,1.3915,1321.206,22:01.21,30,"12,19,17,5,18,29,21,10,11,14,22,13,7,6,0,1,25,15,26,16,2,8,4,9,28,27,20,24,3,23",12:44;19:48;17:48;5:10;18:21;29:17;21:44;10:16;11:10;14:30;22:75;13:40;7:43;6:68;0:28;1:40;25:21;15:19;26:31;16:40;2:41;8:50;4:59;9:17;28:34;27:42;20:58;24:43;3:18;23:37,"12:[0,3,4,6];19:[0,4,6];17:[0,4,5,6];5:[7];18:[4,6];29:[4];21:[0,4,5,6];10:[2];11:[];14:[0,4,6];22:[0,1,2,4,5,6];13:[0,4,6];7:[0,4,6];6:[0,1,2,4,5,6];0:[4];1:[0,4,6];25:[4,6];15:[4];26:[4,6];16:[0,2,4,6];2:[0,2,4,6];8:[0,2,4,5,6];4:[0,2,4,5,6];9:[1];28:[0,4,6];27:[0,4,5,6];20:[2,4,6,7];24:[0,1,4,6];3:[4];23:[2,4,6]","c12:bw=44,experts=[0,3,4,6]; c19:bw=48,experts=[0,4,6]; c17:bw=48,experts=[0,4,5,6]; c5:bw=10,experts=[7]; c18:bw=21,experts=[4,6]; c29:bw=17,experts=[4]; c21:bw=44,experts=[0,4,5,6]; c10:bw=16,experts=[2]; c11:bw=10,experts=[]; c14:bw=30,experts=[0,4,6]; c22:bw=75,experts=[0,1,2,4,5,6]; c13:bw=40,experts=[0,4,6]; c7:bw=43,experts=[0,4,6]; c6:bw=68,experts=[0,1,2,4,5,6]; c0:bw=28,experts=[4]; c1:bw=40,experts=[0,4,6]; c25:bw=21,experts=[4,6]; c15:bw=19,experts=[4]; c26:bw=31,experts=[4,6]; c16:bw=40,experts=[0,2,4,6]; c2:bw=41,experts=[0,2,4,6]; c8:bw=50,experts=[0,2,4,5,6]; c4:bw=59,experts=[0,2,4,5,6]; c9:bw=17,experts=[1]; c28:bw=34,experts=[0,4,6]; c27:bw=42,experts=[0,4,5,6]; c20:bw=58,experts=[2,4,6,7]; c24:bw=43,experts=[0,1,4,6]; c3:bw=18,experts=[4]; c23:bw=37,experts=[2,4,6]","2.4006,1.9788,2.8822,4.0534,2.3029,4.2010,1.3655,3.3131,2.9498,1.7584,2.1702,2.2090,1.7081,1.4972,1.4540,1.4080,2.6912,1.5306,1.3659,2.3410,1.6210,1.4894,2.6800,1.7530,2.0279,2.4254,2.6957,1.6359,2.0790,1.7660"
21,2026-09-24 14:09:21,Ours,0.01,2.6424660512157194,26.84,26.84,21,67.7328,1:07.73,65.8009,0.5062,1.4223,1388.9602,23:08.96,30,"22,1,5,7,27,0,26,14,10,4,9,2,25,13,17,6,28,20,23,8,11,3,29,18,12,21,24,15,19,16",22:48;1:41;5:32;7:12;27:33;0:66;26:45;14:31;10:40;4:48;9:25;2:39;25:39;13:23;17:35;6:16;28:13;20:40;23:37;8:18;11:23;3:10;29:52;18:60;12:38;21:15;24:38;15:19;19:58;16:33,"22:[4,5,6,7];1:[0,1,4,6];5:[0,4,6];7:[4];27:[1,4,6];0:[0,1,2,4,5,6];26:[0,4,5,6];14:[2,3,4];10:[0,4,5,6];4:[0,4,5,6];9:[2,4];2:[0,4,6];25:[4,5,6];13:[4,6];17:[0,4,6];6:[4];28:[4];20:[4,5,6];23:[0,4,6];8:[];11:[1];3:[];29:[0,1,4,6];18:[0,1,2,4,5,6];12:[4,6];21:[4];24:[4,6];15:[];19:[0,2,4,5,6];16:[4,5,6]","c22:bw=48,experts=[4,5,6,7]; c1:bw=41,experts=[0,1,4,6]; c5:bw=32,experts=[0,4,6]; c7:bw=12,experts=[4]; c27:bw=33,experts=[1,4,6]; c0:bw=66,experts=[0,1,2,4,5,6]; c26:bw=45,experts=[0,4,5,6]; c14:bw=31,experts=[2,3,4]; c10:bw=40,experts=[0,4,5,6]; c4:bw=48,experts=[0,4,5,6]; c9:bw=25,experts=[2,4]; c2:bw=39,experts=[0,4,6]; c25:bw=39,experts=[4,5,6]; c13:bw=23,experts=[4,6]; c17:bw=35,experts=[0,4,6]; c6:bw=16,experts=[4]; c28:bw=13,experts=[4]; c20:bw=40,experts=[4,5,6]; c23:bw=37,experts=[0,4,6]; c8:bw=18,experts=[]; c11:bw=23,experts=[1]; c3:bw=10,experts=[]; c29:bw=52,experts=[0,1,4,6]; c18:bw=60,experts=[0,1,2,4,5,6]; c12:bw=38,experts=[4,6]; c21:bw=15,experts=[4]; c24:bw=38,experts=[4,6]; c15:bw=19,experts=[]; c19:bw=58,experts=[0,2,4,5,6]; c16:bw=33,experts=[4,5,6]","2.1871,1.4637,4.1440,1.7429,2.4560,1.4583,1.3960,1.6980,3.2675,2.6838,1.7855,1.6635,2.7419,2.1518,2.7041,1.5012,2.1123,2.7042,1.7456,1.4988,2.9311,2.0363,4.1911,2.2829,2.3449,1.3676,1.6286,1.5577,1.9792,2.3752"
22,2026-09-24 14:10:29,Ours,0.01,2.5831691997827613,28.3,28.3,22,67.5513,1:07.55,65.5928,0.5037,1.4514,1456.5348,24:16.53,30,"18,3,7,16,27,19,26,21,5,0,23,28,8,11,14,1,17,10,2,4,13,25,9,29,12,6,24,15,22,20",18:15;3:56;7:16;16:34;27:61;19:45;26:61;21:23;5:17;0:67;23:28;28:42;8:33;11:43;14:48;1:10;17:62;10:10;2:66;4:36;13:34;25:13;9:33;29:54;12:64;6:61;24:25;15:66;22:44;20:25,"18:[4];3:[0,1,4,6];7:[4];16:[4,6];27:[0,1,2,4,5,6];19:[0,1,4,6];26:[0,1,2,4,5,6];21:[4];5:[];0:[0,1,2,4,5,6];23:[4,7];28:[2,4,6,7];8:[4,5,6];11:[0,4,5,6];14:[0,1,4,6];1:[5];17:[0,1,2,4,5,6];10:[4];2:[0,2,4,5,6];4:[0,4,6];13:[0,4,6];25:[4];9:[4,5,6];29:[0,2,4,5,6];12:[0,1,2,4,5,6];6:[0,1,2,4,5,6];24:[4,6];15:[0,1,2,4,5,6];22:[1,4,6];20:[4,6]","c18:bw=15,experts=[4]; c3:bw=56,experts=[0,1,4,6]; c7:bw=16,experts=[4]; c16:bw=34,experts=[4,6]; c27:bw=61,experts=[0,1,2,4,5,6]; c19:bw=45,experts=[0,1,4,6]; c26:bw=61,experts=[0,1,2,4,5,6]; c21:bw=23,experts=[4]; c5:bw=17,experts=[]; c0:bw=67,experts=[0,1,2,4,5,6]; c23:bw=28,experts=[4,7]; c28:bw=42,experts=[2,4,6,7]; c8:bw=33,experts=[4,5,6]; c11:bw=43,experts=[0,4,5,6]; c14:bw=48,experts=[0,1,4,6]; c1:bw=10,experts=[5]; c17:bw=62,experts=[0,1,2,4,5,6]; c10:bw=10,experts=[4]; c2:bw=66,experts=[0,2,4,5,6]; c4:bw=36,experts=[0,4,6]; c13:bw=34,experts=[0,4,6]; c25:bw=13,experts=[4]; c9:bw=33,experts=[4,5,6]; c29:bw=54,experts=[0,2,4,5,6]; c12:bw=64,experts=[0,1,2,4,5,6]; c6:bw=61,experts=[0,1,2,4,5,6]; c24:bw=25,experts=[4,6]; c15:bw=66,experts=[0,1,2,4,5,6]; c22:bw=44,experts=[1,4,6]; c20:bw=25,experts=[4,6]","2.2783,2.0472,1.7030,2.3357,2.4225,1.9250,1.3601,1.3163,3.9215,1.4359,1.7602,2.1134,1.5547,2.9823,1.7478,1.4122,2.6261,3.2667,1.6212,2.6772,2.1491,2.7118,1.8271,4.2377,2.3876,1.5637,1.6852,1.6155,2.1765,2.7311"
23,2026-09-24 14:11:36,Ours,0.01,2.5370929462839205,28.97,28.97,23,67.338,1:07.34,65.4216,0.4995,1.4134,1523.8948,25:23.89,30,"14,23,28,20,26,8,10,9,24,17,13,2,11,29,22,3,21,6,16,19,0,12,15,7,18,5,27,4,1,25",14:52;23:70;28:26;20:44;26:35;8:35;10:67;9:50;24:40;17:70;13:54;2:32;11:52;29:43;22:62;3:15;21:55;6:10;16:56;19:21;0:11;12:26;15:29;7:15;18:26;5:52;27:18;4:56;1:62;25:18,"14:[0,1,4,5,6];23:[0,1,2,4,5,6,7];28:[4,6];20:[0,4,5,6];26:[4,6];8:[1,4,6];10:[0,1,2,4,5,6];9:[0,1,4,5,6];24:[1,4,5,6];17:[0,1,2,4,5,6];13:[1,2,4,5,6];2:[1,4,6];11:[0,2,4,5,6];29:[0,1,4,6];22:[0,1,4,5,6];3:[4];21:[0,1,4,6];6:[4];16:[0,1,2,4,6];19:[4,6];0:[4];12:[4,6];15:[4];7:[4];18:[4,6];5:[1,2,4,5,6];27:[];4:[0,1,4,5,6];1:[0,1,2,4,5,6];25:[4]","c14:bw=52,experts=[0,1,4,5,6]; c23:bw=70,experts=[0,1,2,4,5,6,7]; c28:bw=26,experts=[4,6]; c20:bw=44,experts=[0,4,5,6]; c26:bw=35,experts=[4,6]; c8:bw=35,experts=[1,4,6]; c10:bw=67,experts=[0,1,2,4,5,6]; c9:bw=50,experts=[0,1,4,5,6]; c24:bw=40,experts=[1,4,5,6]; c17:bw=70,experts=[0,1,2,4,5,6]; c13:bw=54,experts=[1,2,4,5,6]; c2:bw=32,experts=[1,4,6]; c11:bw=52,experts=[0,2,4,5,6]; c29:bw=43,experts=[0,1,4,6]; c22:bw=62,experts=[0,1,4,5,6]; c3:bw=15,experts=[4]; c21:bw=55,experts=[0,1,4,6]; c6:bw=10,experts=[4]; c16:bw=56,experts=[0,1,2,4,6]; c19:bw=21,experts=[4,6]; c0:bw=11,experts=[4]; c12:bw=26,experts=[4,6]; c15:bw=29,experts=[4]; c7:bw=15,experts=[4]; c18:bw=26,experts=[4,6]; c5:bw=52,experts=[1,2,4,5,6]; c27:bw=18,experts=[]; c4:bw=56,experts=[0,1,4,5,6]; c1:bw=62,experts=[0,1,2,4,5,6]; c25:bw=18,experts=[4]","1.7453,1.7475,2.1094,2.7175,1.3855,1.5268,3.3523,1.8026,1.6143,2.6733,2.2425,1.6994,3.0099,4.2101,2.1308,2.0096,1.3421,1.4522,2.3189,1.9419,1.4344,2.3105,1.4840,1.6736,2.2347,4.0010,2.4540,2.6986,1.4044,2.6945"
24,2026-09-24 14:12:42,Ours,0.01,2.6508170027692333,28.96,28.97,23,65.6178,1:05.62,63.8012,0.4922,1.321,1589.5354,26:29.54,30,"20,9,24,1,27,28,26,22,3,10,13,17,4,14,15,21,11,18,5,23,16,12,2,0,6,8,7,19,25,29",20:36;9:50;24:16;1:10;27:63;28:58;26:12;22:50;3:10;10:39;13:50;17:56;4:12;14:42;15:44;21:42;11:10;18:72;5:25;23:36;16:41;12:37;2:43;0:31;6:30;8:18;7:10;19:55;25:30;29:65,"20:[3,4,6];9:[0,3,4,6,7];24:[];1:[3];27:[0,1,3,4,6,7];28:[0,3,4,6];26:[];22:[0,3,4,6];3:[3];10:[3,4,6];13:[3,4,5,6];17:[0,3,4,6,7];4:[];14:[0,4,6,7];15:[3,4,6,7];21:[3,4,6,7];11:[3];18:[0,1,2,4,5,6,7];5:[3];23:[4,6];16:[3,4,7];12:[0,4,6];2:[3,4,6,7];0:[3,4,7];6:[3,4,7];8:[3];7:[3];19:[0,3,4,6,7];25:[3,4,7];29:[0,3,4,5,6,7]","c20:bw=36,experts=[3,4,6]; c9:bw=50,experts=[0,3,4,6,7]; c24:bw=16,experts=[]; c1:bw=10,experts=[3]; c27:bw=63,experts=[0,1,3,4,6,7]; c28:bw=58,experts=[0,3,4,6]; c26:bw=12,experts=[]; c22:bw=50,experts=[0,3,4,6]; c3:bw=10,experts=[3]; c10:bw=39,experts=[3,4,6]; c13:bw=50,experts=[3,4,5,6]; c17:bw=56,experts=[0,3,4,6,7]; c4:bw=12,experts=[]; c14:bw=42,experts=[0,4,6,7]; c15:bw=44,experts=[3,4,6,7]; c21:bw=42,experts=[3,4,6,7]; c11:bw=10,experts=[3]; c18:bw=72,experts=[0,1,2,4,5,6,7]; c5:bw=25,experts=[3]; c23:bw=36,experts=[4,6]; c16:bw=41,experts=[3,4,7]; c12:bw=37,experts=[0,4,6]; c2:bw=43,experts=[3,4,6,7]; c0:bw=31,experts=[3,4,7]; c6:bw=30,experts=[3,4,7]; c8:bw=18,experts=[3]; c7:bw=10,experts=[3]; c19:bw=55,experts=[0,3,4,6,7]; c25:bw=30,experts=[3,4,7]; c29:bw=65,experts=[0,3,4,5,6,7]","2.6955,1.7988,1.5772,1.3630,2.4226,2.0328,1.3530,2.1262,2.0270,3.3359,2.1504,2.6523,2.7373,1.6934,1.5645,1.3320,2.8972,2.2437,3.9502,1.7493,2.3000,2.2718,1.5937,1.3938,1.4443,1.4048,1.5720,1.7721,2.4737,3.8726"
25,2026-09-24 14:13:44,Ours,0.01,2.5283462207508354,29.61,29.61,25,61.8122,1:01.81,60.0354,0.4783,1.2951,1651.3682,27:31.37,30,"12,22,26,17,6,8,25,1,3,18,28,4,27,29,19,5,7,23,9,11,10,15,2,24,21,20,0,14,13,16",12:36;22:38;26:30;17:52;6:16;8:55;25:40;1:49;3:14;18:59;28:41;4:58;27:59;29:27;19:57;5:64;7:40;23:21;9:40;11:60;10:25;15:29;2:12;24:25;21:35;20:15;0:56;14:26;13:56;16:52,"12:[4,7];22:[4,6];26:[3,4,7];17:[0,1,4,5,6];6:[4];8:[0,4,5,6,7];25:[0,4,5,6];1:[4,5,6,7];3:[];18:[0,3,4,5,6];28:[1,4,5,6];4:[3,4,5,6,7];27:[0,2,4,5,6];29:[4,6];19:[0,2,4,5,6];5:[0,1,2,4,5,6];7:[2,4,6,7];23:[4,6];9:[4,5,6];11:[0,4,5,6,7];10:[4,7];15:[4,6];2:[];24:[3,7];21:[2,4];20:[];0:[0,2,4,5,6];14:[4];13:[4,5,6,7];16:[0,1,2,4,6]","c12:bw=36,experts=[4,7]; c22:bw=38,experts=[4,6]; c26:bw=30,experts=[3,4,7]; c17:bw=52,experts=[0,1,4,5,6]; c6:bw=16,experts=[4]; c8:bw=55,experts=[0,4,5,6,7]; c25:bw=40,experts=[0,4,5,6]; c1:bw=49,experts=[4,5,6,7]; c3:bw=14,experts=[]; c18:bw=59,experts=[0,3,4,5,6]; c28:bw=41,experts=[1,4,5,6]; c4:bw=58,experts=[3,4,5,6,7]; c27:bw=59,experts=[0,2,4,5,6]; c29:bw=27,experts=[4,6]; c19:bw=57,experts=[0,2,4,5,6]; c5:bw=64,experts=[0,1,2,4,5,6]; c7:bw=40,experts=[2,4,6,7]; c23:bw=21,experts=[4,6]; c9:bw=40,experts=[4,5,6]; c11:bw=60,experts=[0,4,5,6,7]; c10:bw=25,experts=[4,7]; c15:bw=29,experts=[4,6]; c2:bw=12,experts=[]; c24:bw=25,experts=[3,7]; c21:bw=35,experts=[2,4]; c20:bw=15,experts=[]; c0:bw=56,experts=[0,2,4,5,6]; c14:bw=26,experts=[4]; c13:bw=56,experts=[4,5,6,7]; c16:bw=52,experts=[0,1,2,4,6]","2.1734,1.9694,1.2743,2.4338,1.3967,1.4266,2.5272,1.2929,1.8957,2.1019,1.9519,2.5273,2.3427,3.8090,1.7670,3.6567,1.5673,1.5800,1.6382,2.7029,3.0098,1.3988,1.4929,1.4647,1.2246,2.4111,1.2989,1.6417,1.9167,2.1413"
26,2026-09-24 14:14:44,Ours,0.01,2.5363939322296454,31.17,31.17,26,60.5134,1:00.51,58.761,0.4644,1.2849,1711.9029,28:31.90,30,"10,29,28,22,24,6,18,14,11,7,9,23,25,4,17,1,5,2,13,27,15,12,19,20,0,8,16,21,26,3",10:38;29:45;28:61;22:14;24:14;6:34;18:10;14:49;11:57;7:31;9:50;23:14;25:50;4:48;17:32;1:33;5:20;2:30;13:16;27:40;15:42;12:41;19:15;20:25;0:11;8:53;16:10;21:35;26:13;3:44,"10:[4,5,6];29:[0,4,5,6];28:[0,1,2,4,5,6];22:[4];24:[2];6:[0,4,6];18:[];14:[0,4,5,6];11:[0,4,5,6];7:[1,4,5];9:[0,1,4,5,6];23:[3];25:[0,1,4,5,6];4:[0,4,5,6];17:[4,6];1:[4,5,6];5:[4,6];2:[4,5,6];13:[4];27:[4,5,6];15:[0,4,6];12:[0,4,5,6];19:[];20:[1,4];0:[4];8:[1,4,5,6];16:[];21:[0,4,6];26:[4];3:[2,4,7]","c10:bw=38,experts=[4,5,6]; c29:bw=45,experts=[0,4,5,6]; c28:bw=61,experts=[0,1,2,4,5,6]; c22:bw=14,experts=[4]; c24:bw=14,experts=[2]; c6:bw=34,experts=[0,4,6]; c18:bw=10,experts=[]; c14:bw=49,experts=[0,4,5,6]; c11:bw=57,experts=[0,4,5,6]; c7:bw=31,experts=[1,4,5]; c9:bw=50,experts=[0,1,4,5,6]; c23:bw=14,experts=[3]; c25:bw=50,experts=[0,1,4,5,6]; c4:bw=48,experts=[0,4,5,6]; c17:bw=32,experts=[4,6]; c1:bw=33,experts=[4,5,6]; c5:bw=20,experts=[4,6]; c2:bw=30,experts=[4,5,6]; c13:bw=16,experts=[4]; c27:bw=40,experts=[4,5,6]; c15:bw=42,experts=[0,4,6]; c12:bw=41,experts=[0,4,5,6]; c19:bw=15,experts=[]; c20:bw=25,experts=[1,4]; c0:bw=11,experts=[4]; c8:bw=53,experts=[1,4,5,6]; c16:bw=10,experts=[]; c21:bw=35,experts=[0,4,6]; c26:bw=13,experts=[4]; c3:bw=44,experts=[2,4,7]","3.0218,3.7750,1.8880,1.9159,1.4711,1.3609,2.0482,1.5649,2.6533,1.5339,1.6191,1.5655,2.4191,2.4144,2.3549,1.2614,3.5854,1.4772,1.9260,2.1837,1.3654,2.1323,1.7108,2.4090,1.2839,1.3813,2.1388,1.2211,1.2379,1.8406"
27,2026-09-24 14:15:47,Ours,0.01,2.4319744810216126,32.12,32.12,27,62.5391,1:02.54,60.8057,0.4703,1.2599,1774.4642,29:34.46,30,"3,7,19,23,18,29,9,17,13,27,15,22,11,5,6,4,26,2,8,1,0,12,28,21,24,25,20,10,16,14",3:21;7:51;19:18;23:75;18:18;29:27;9:18;17:36;13:57;27:54;15:46;22:47;11:66;5:37;6:63;4:12;26:32;2:20;8:55;1:62;0:36;12:22;28:10;21:45;24:29;25:30;20:37;10:62;16:20;14:26,"3:[4,5];7:[0,4,5,6];19:[];23:[0,1,2,4,5,6,7];18:[4];29:[4,6];9:[4];17:[0,4,6];13:[0,2,4,5,6];27:[0,4,5,6];15:[0,4,6];22:[1,4,6];11:[0,1,2,4,5,6];5:[0,4,6];6:[0,1,2,4,5,6];4:[4];26:[4,6];2:[4];8:[0,4,5,6];1:[0,1,2,4,5,6];0:[0,4,6];12:[4,6];28:[4];21:[0,4,5,6];24:[4,6];25:[2,4,6];20:[4,6];10:[0,1,2,4,5,6];16:[4];14:[4,6]","c3:bw=21,experts=[4,5]; c7:bw=51,experts=[0,4,5,6]; c19:bw=18,experts=[]; c23:bw=75,experts=[0,1,2,4,5,6,7]; c18:bw=18,experts=[4]; c29:bw=27,experts=[4,6]; c9:bw=18,experts=[4]; c17:bw=36,experts=[0,4,6]; c13:bw=57,experts=[0,2,4,5,6]; c27:bw=54,experts=[0,4,5,6]; c15:bw=46,experts=[0,4,6]; c22:bw=47,experts=[1,4,6]; c11:bw=66,experts=[0,1,2,4,5,6]; c5:bw=37,experts=[0,4,6]; c6:bw=63,experts=[0,1,2,4,5,6]; c4:bw=12,experts=[4]; c26:bw=32,experts=[4,6]; c2:bw=20,experts=[4]; c8:bw=55,experts=[0,4,5,6]; c1:bw=62,experts=[0,1,2,4,5,6]; c0:bw=36,experts=[0,4,6]; c12:bw=22,experts=[4,6]; c28:bw=10,experts=[4]; c21:bw=45,experts=[0,4,5,6]; c24:bw=29,experts=[4,6]; c25:bw=30,experts=[2,4,6]; c20:bw=37,experts=[4,6]; c10:bw=62,experts=[0,1,2,4,5,6]; c16:bw=20,experts=[4]; c14:bw=26,experts=[4,6]","1.8647,1.5934,1.7808,1.6100,2.0493,3.8501,1.6380,2.3979,1.9511,2.1785,1.4139,1.9390,2.7445,3.9898,1.4881,2.6773,1.3628,1.6352,1.5856,1.4403,1.4476,2.2128,1.8451,1.2063,1.4245,2.4336,2.4027,2.9972,2.0993,1.5464"
28,2026-09-24 14:16:48,Ours,0.01,2.4498823851858393,32.87,32.87,28,60.6956,1:00.70,58.9681,0.4774,1.2468,1835.1833,30:35.18,30,"4,19,22,25,24,2,27,5,14,10,9,6,17,11,1,15,7,28,23,3,21,12,29,0,26,8,13,20,16,18",4:10;19:33;22:44;25:59;24:42;2:10;27:12;5:33;14:15;10:40;9:49;6:29;17:48;11:66;1:25;15:32;7:10;28:50;23:34;3:12;21:10;12:42;29:32;0:47;26:35;8:29;13:31;20:47;16:35;18:34,"4:[];19:[4,5,6];22:[2,4,5,6];25:[0,1,4,5,6];24:[0,4,5,6];2:[];27:[4];5:[4,6,7];14:[];10:[4,5,6];9:[0,4,5,6];6:[4];17:[0,4,6];11:[0,1,2,4,5,6];1:[4];15:[4,5,6];7:[];28:[0,1,4,5,6];23:[0,4,6];3:[4];21:[4];12:[3,4,5,6];29:[4,5,6];0:[0,4,5,6];26:[4,6];8:[2,4];13:[4,6];20:[2,4,7];16:[4,5,6];18:[4,6]","c4:bw=10,experts=[]; c19:bw=33,experts=[4,5,6]; c22:bw=44,experts=[2,4,5,6]; c25:bw=59,experts=[0,1,4,5,6]; c24:bw=42,experts=[0,4,5,6]; c2:bw=10,experts=[]; c27:bw=12,experts=[4]; c5:bw=33,experts=[4,6,7]; c14:bw=15,experts=[]; c10:bw=40,experts=[4,5,6]; c9:bw=49,experts=[0,4,5,6]; c6:bw=29,experts=[4]; c17:bw=48,experts=[0,4,6]; c11:bw=66,experts=[0,1,2,4,5,6]; c1:bw=25,experts=[4]; c15:bw=32,experts=[4,5,6]; c7:bw=10,experts=[]; c28:bw=50,experts=[0,1,4,5,6]; c23:bw=34,experts=[0,4,6]; c3:bw=12,experts=[4]; c21:bw=10,experts=[4]; c12:bw=42,experts=[3,4,5,6]; c29:bw=32,experts=[4,5,6]; c0:bw=47,experts=[0,4,5,6]; c26:bw=35,experts=[4,6]; c8:bw=29,experts=[2,4]; c13:bw=31,experts=[4,6]; c20:bw=47,experts=[2,4,7]; c16:bw=35,experts=[4,5,6]; c18:bw=34,experts=[4,6]","2.4747,1.7358,1.9146,2.5929,1.4572,1.4696,2.2269,3.5773,1.5294,2.9822,1.6153,1.3340,2.3605,2.6843,1.2596,1.3717,1.5241,1.8746,1.5586,1.8207,1.2040,2.1244,3.7785,1.3170,1.2489,1.3866,1.9528,2.4381,2.1210,2.0326"
29,2026-09-24 14:17:48,Ours,0.01,2.3621150694337043,33.86,33.86,29,60.5421,1:00.54,58.8227,0.4678,1.2483,1895.7481,31:35.75,30,"8,12,20,7,0,3,9,25,2,17,21,19,27,18,29,5,6,10,1,13,28,23,22,14,15,16,24,26,4,11",8:34;12:10;20:42;7:21;0:44;3:32;9:44;25:35;2:18;17:59;21:74;19:39;27:26;18:24;29:23;5:33;6:43;10:10;1:33;13:13;28:50;23:20;22:54;14:35;15:70;16:48;24:14;26:25;4:38;11:59,"8:[4,5,6];12:[4];20:[0,4,5,6];7:[4];0:[0,4,5,6];3:[4,5,6];9:[2,4,6];25:[4,5,6];2:[4];17:[0,1,4,5,6];21:[0,1,2,4,5,6,7];19:[4,5,6];27:[4,6];18:[4];29:[4,6];5:[0,4,6];6:[0,4,5,6];10:[4];1:[0,4,6];13:[4];28:[0,1,4,6];23:[4];22:[1,4,5,6,7];14:[2,3,4];15:[0,1,2,4,5,6];16:[0,4,5,6];24:[4];26:[4];4:[2,4];11:[0,1,4,5,6]","c8:bw=34,experts=[4,5,6]; c12:bw=10,experts=[4]; c20:bw=42,experts=[0,4,5,6]; c7:bw=21,experts=[4]; c0:bw=44,experts=[0,4,5,6]; c3:bw=32,experts=[4,5,6]; c9:bw=44,experts=[2,4,6]; c25:bw=35,experts=[4,5,6]; c2:bw=18,experts=[4]; c17:bw=59,experts=[0,1,4,5,6]; c21:bw=74,experts=[0,1,2,4,5,6,7]; c19:bw=39,experts=[4,5,6]; c27:bw=26,experts=[4,6]; c18:bw=24,experts=[4]; c29:bw=23,experts=[4,6]; c5:bw=33,experts=[0,4,6]; c6:bw=43,experts=[0,4,5,6]; c10:bw=10,experts=[4]; c1:bw=33,experts=[0,4,6]; c13:bw=13,experts=[4]; c28:bw=50,experts=[0,1,4,6]; c23:bw=20,experts=[4]; c22:bw=54,experts=[1,4,5,6,7]; c14:bw=35,experts=[2,3,4]; c15:bw=70,experts=[0,1,2,4,5,6]; c16:bw=48,experts=[0,4,5,6]; c24:bw=14,experts=[4]; c26:bw=25,experts=[4]; c4:bw=38,experts=[2,4]; c11:bw=59,experts=[0,1,4,5,6]","1.3922,2.1240,2.4341,1.5496,1.3291,1.8577,1.6279,2.4693,1.4837,2.3546,1.2394,1.7482,2.1791,2.0226,3.7475,3.6030,1.3493,2.9697,1.2646,1.9217,1.8599,1.5409,1.9041,1.5361,1.3820,2.1344,1.4625,1.2297,2.4381,2.6675"
30,2026-09-24 14:18:49,Ours,0.01,2.4116503662053224,33.99,33.99,30,60.4437,1:00.44,58.7141,0.4683,1.2581,1956.2136,32:36.21,30,"13,15,0,29,28,19,7,6,8,2,11,10,12,25,17,5,1,23,20,21,24,26,3,4,16,18,9,22,27,14",13:27;15:22;0:17;29:44;28:36;19:24;7:12;6:11;8:41;2:27;11:46;10:71;12:24;25:56;17:19;5:62;1:35;23:37;20:60;21:10;24:10;26:12;3:59;4:51;16:31;18:57;9:54;22:26;27:53;14:49,"13:[4,6];15:[4];0:[1];29:[2,4,6];28:[4,7];19:[1,4];7:[4];6:[4];8:[0,4,5,6];2:[0,2];11:[0,4,5,6];10:[0,1,2,4,5,6,7];12:[1,2];25:[0,1,4,5,6];17:[4];5:[0,1,2,4,5,6];1:[4,6];23:[0,4,6];20:[0,1,4,5,6];21:[4];24:[4];26:[0];3:[0,1,4,5,6];4:[1,4,5,6];16:[0,4,6];18:[0,4,5,6];9:[0,4,5,6];22:[4,6];27:[0,1,4,5,6];14:[0,1,4,6]","c13:bw=27,experts=[4,6]; c15:bw=22,experts=[4]; c0:bw=17,experts=[1]; c29:bw=44,experts=[2,4,6]; c28:bw=36,experts=[4,7]; c19:bw=24,experts=[1,4]; c7:bw=12,experts=[4]; c6:bw=11,experts=[4]; c8:bw=41,experts=[0,4,5,6]; c2:bw=27,experts=[0,2]; c11:bw=46,experts=[0,4,5,6]; c10:bw=71,experts=[0,1,2,4,5,6,7]; c12:bw=24,experts=[1,2]; c25:bw=56,experts=[0,1,4,5,6]; c17:bw=19,experts=[4]; c5:bw=62,experts=[0,1,2,4,5,6]; c1:bw=35,experts=[4,6]; c23:bw=37,experts=[0,4,6]; c20:bw=60,experts=[0,1,4,5,6]; c21:bw=10,experts=[4]; c24:bw=10,experts=[4]; c26:bw=12,experts=[0]; c3:bw=59,experts=[0,1,4,5,6]; c4:bw=51,experts=[1,4,5,6]; c16:bw=31,experts=[0,4,6]; c18:bw=57,experts=[0,4,5,6]; c9:bw=54,experts=[0,4,5,6]; c22:bw=26,experts=[4,6]; c27:bw=53,experts=[0,1,4,5,6]; c14:bw=49,experts=[0,1,4,6]","1.9525,1.3903,1.3038,3.8459,1.8937,1.7587,1.6333,1.3514,1.3870,1.4816,2.6773,2.9983,2.1163,2.4766,2.3174,3.5686,1.2436,1.5335,2.4119,1.1894,1.4294,1.2133,1.8097,2.4163,2.1119,2.0010,1.6127,1.8797,2.1719,1.5373"
31,2026-09-24 14:19:50,Ours,0.01,2.378240417723546,35.0,35.0,31,61.3284,1:01.33,59.5815,0.472,1.2716,2017.5644,33:37.56,30,"12,3,7,21,29,19,15,6,10,16,14,24,1,13,23,11,8,22,0,5,9,27,4,20,28,18,25,17,26,2",12:35;3:24;7:63;21:46;29:48;19:40;15:55;6:29;10:33;16:36;14:61;24:72;1:30;13:32;23:24;11:29;8:33;22:41;0:47;5:62;9:45;27:10;4:19;20:11;28:56;18:58;25:46;17:35;26:10;2:15,"12:[4,6];3:[4,6];7:[0,1,2,4,5,6];21:[0,4,6];29:[1,4,5,6];19:[0,4,5,6];15:[0,1,4,5,6];6:[4,6];10:[4,5,6];16:[4,5,6];14:[0,1,2,4,5,6];24:[0,1,2,4,5,6];1:[0,4,6];13:[1,4,6];23:[4,6];11:[4];8:[4,5,6];22:[4,5,6];0:[0,4,5,6];5:[0,1,4,5,6];9:[0,4,6];27:[4];4:[];20:[];28:[0,1,4,5,6];18:[0,2,4,5,6];25:[0,4,5,6];17:[2,4,6];26:[1];2:[]","c12:bw=35,experts=[4,6]; c3:bw=24,experts=[4,6]; c7:bw=63,experts=[0,1,2,4,5,6]; c21:bw=46,experts=[0,4,6]; c29:bw=48,experts=[1,4,5,6]; c19:bw=40,experts=[0,4,5,6]; c15:bw=55,experts=[0,1,4,5,6]; c6:bw=29,experts=[4,6]; c10:bw=33,experts=[4,5,6]; c16:bw=36,experts=[4,5,6]; c14:bw=61,experts=[0,1,2,4,5,6]; c24:bw=72,experts=[0,1,2,4,5,6]; c1:bw=30,experts=[0,4,6]; c13:bw=32,experts=[1,4,6]; c23:bw=24,experts=[4,6]; c11:bw=29,experts=[4]; c8:bw=33,experts=[4,5,6]; c22:bw=41,experts=[4,5,6]; c0:bw=47,experts=[0,4,5,6]; c5:bw=62,experts=[0,1,4,5,6]; c9:bw=45,experts=[0,4,6]; c27:bw=10,experts=[4]; c4:bw=19,experts=[]; c20:bw=11,experts=[]; c28:bw=56,experts=[0,1,4,5,6]; c18:bw=58,experts=[0,2,4,5,6]; c25:bw=46,experts=[0,4,5,6]; c17:bw=35,experts=[2,4,6]; c26:bw=10,experts=[1]; c2:bw=15,experts=[]","2.1488,1.8336,1.6043,1.2434,3.9875,1.7783,1.4351,1.3912,3.0109,2.1049,1.5697,1.4523,1.2526,1.9353,1.5507,2.6417,1.3669,1.9149,1.2896,3.6803,1.6496,2.2041,2.4748,2.4504,1.9405,2.0618,2.5052,2.4050,1.2281,1.4701"
32,2026-09-24 14:20:51,Ours,0.01,2.3925211762535312,35.54,35.54,32,60.819,1:00.82,59.0626,0.4805,1.2727,2078.408,34:38.41,30,"15,8,9,28,4,27,21,11,5,18,17,29,6,24,26,10,23,12,1,20,13,22,14,19,2,16,7,0,3,25",15:36;8:21;9:31;28:19;4:49;27:27;21:64;11:27;5:36;18:35;17:28;29:41;6:27;24:10;26:29;10:22;23:15;12:49;1:21;20:39;13:63;22:35;14:32;19:27;2:54;16:48;7:47;0:46;3:28;25:67,"15:[3,4,7];8:[3,4];9:[3,4,7];28:[3];4:[0,4,6];27:[3];21:[0,3,4,5,6];11:[3,4];5:[3,4,6];18:[1,4,7];17:[3,7];29:[3,4,6,7];6:[3,7];24:[4];26:[2,5];10:[3,4];23:[4];12:[4,5,6];1:[3,4];20:[3,4,6];13:[0,1,3,4,5,6];22:[0,3,4];14:[4,6,7];19:[3,7];2:[1,3,4,6,7];16:[3,4,6,7];7:[0,3,4,6];0:[3,4,6,7];3:[3,4];25:[0,3,4,5,6,7]","c15:bw=36,experts=[3,4,7]; c8:bw=21,experts=[3,4]; c9:bw=31,experts=[3,4,7]; c28:bw=19,experts=[3]; c4:bw=49,experts=[0,4,6]; c27:bw=27,experts=[3]; c21:bw=64,experts=[0,3,4,5,6]; c11:bw=27,experts=[3,4]; c5:bw=36,experts=[3,4,6]; c18:bw=35,experts=[1,4,7]; c17:bw=28,experts=[3,7]; c29:bw=41,experts=[3,4,6,7]; c6:bw=27,experts=[3,7]; c24:bw=10,experts=[4]; c26:bw=29,experts=[2,5]; c10:bw=22,experts=[3,4]; c23:bw=15,experts=[4]; c12:bw=49,experts=[4,5,6]; c1:bw=21,experts=[3,4]; c20:bw=39,experts=[3,4,6]; c13:bw=63,experts=[0,1,3,4,5,6]; c22:bw=35,experts=[0,3,4]; c14:bw=32,experts=[4,6,7]; c19:bw=27,experts=[3,7]; c2:bw=54,experts=[1,3,4,6,7]; c16:bw=48,experts=[3,4,6,7]; c7:bw=47,experts=[0,3,4,6]; c0:bw=46,experts=[3,4,6,7]; c3:bw=28,experts=[3,4]; c25:bw=67,experts=[0,3,4,5,6,7]","1.4020,1.3898,1.6659,1.9361,2.5552,2.2326,1.2451,2.6851,3.6882,2.0579,2.3274,3.7698,1.3248,1.4390,1.2081,2.9743,1.5513,2.1045,1.2620,2.4230,1.9474,1.9298,1.5515,1.7079,1.4566,2.1254,1.5288,1.2939,1.8071,2.4721"
33,2026-09-24 14:21:52,Ours,0.01,2.3093197734360595,37.29,37.29,33,60.8554,1:00.86,59.1249,0.4746,1.2526,2139.2869,35:39.29,30,"26,27,23,4,17,29,18,13,0,10,7,15,5,20,14,1,22,8,2,9,3,19,12,28,11,25,21,6,16,24",26:44;27:38;23:63;4:45;17:59;29:62;18:55;13:30;0:62;10:46;7:52;15:24;5:29;20:40;14:37;1:34;22:56;8:50;2:24;9:42;3:70;19:25;12:46;28:29;11:53;25:14;21:65;6:37;16:44;24:28,"26:[3,4,6,7];27:[2,4,7];23:[0,1,4,5,6];4:[3,4,6,7];17:[0,1,4,5,6];29:[0,1,2,4,5,6];18:[0,3,4,5,6];13:[4,6,7];0:[0,1,2,4,5,6];10:[0,4,5,6];7:[4,5,6,7];15:[4,6];5:[4,6];20:[1,4,6];14:[1,4,6];1:[4,6,7];22:[1,4,5,6];8:[0,4,5,6,7];2:[4];9:[0,1,4,6];3:[0,1,2,4,5,6];19:[2,4];12:[4,5,6,7];28:[4,6];11:[4,5,6,7];25:[];21:[0,1,2,4,5,6];6:[4,5,6];16:[1,2,4,6];24:[3,7]","c26:bw=44,experts=[3,4,6,7]; c27:bw=38,experts=[2,4,7]; c23:bw=63,experts=[0,1,4,5,6]; c4:bw=45,experts=[3,4,6,7]; c17:bw=59,experts=[0,1,4,5,6]; c29:bw=62,experts=[0,1,2,4,5,6]; c18:bw=55,experts=[0,3,4,5,6]; c13:bw=30,experts=[4,6,7]; c0:bw=62,experts=[0,1,2,4,5,6]; c10:bw=46,experts=[0,4,5,6]; c7:bw=52,experts=[4,5,6,7]; c15:bw=24,experts=[4,6]; c5:bw=29,experts=[4,6]; c20:bw=40,experts=[1,4,6]; c14:bw=37,experts=[1,4,6]; c1:bw=34,experts=[4,6,7]; c22:bw=56,experts=[1,4,5,6]; c8:bw=50,experts=[0,4,5,6,7]; c2:bw=24,experts=[4]; c9:bw=42,experts=[0,1,4,6]; c3:bw=70,experts=[0,1,2,4,5,6]; c19:bw=25,experts=[2,4]; c12:bw=46,experts=[4,5,6,7]; c28:bw=29,experts=[4,6]; c11:bw=53,experts=[4,5,6,7]; c25:bw=14,experts=[]; c21:bw=65,experts=[0,1,2,4,5,6]; c6:bw=37,experts=[4,5,6]; c16:bw=44,experts=[1,2,4,6]; c24:bw=28,experts=[3,7]","1.2545,2.2260,1.5620,2.4694,2.3782,3.8821,2.0854,1.9500,1.3209,2.9672,1.5328,1.3683,3.6237,2.4400,1.5541,1.2596,1.9516,1.3830,1.4869,1.6292,1.8395,1.7297,2.1227,1.8936,2.6755,2.4420,1.2245,1.3458,2.1004,1.4263"
34,2026-09-24 14:22:53,Ours,0.01,2.2579354626676875,37.8,37.8,34,61.0217,1:01.02,59.2486,0.4759,1.294,2200.3334,36:40.33,30,"22,28,29,18,16,27,9,14,2,11,8,6,7,17,10,13,3,15,19,24,21,20,0,4,5,12,23,26,1,25",22:30;28:39;29:13;18:29;16:54;27:34;9:68;14:66;2:54;11:52;8:42;6:48;7:32;17:16;10:26;13:57;3:72;15:10;19:50;24:60;21:48;20:62;0:22;4:46;5:60;12:24;23:36;26:55;1:46;25:49,"22:[1,4,6];28:[2,4,6];29:[4];18:[4,6];16:[0,1,4,5,6];27:[4,6];9:[0,1,2,4,5,6];14:[0,1,4,5,6];2:[0,1,4,5,6];11:[0,1,4,5,6];8:[1,4,5,6];6:[4,5,6];7:[1,4,6];17:[4];10:[4];13:[0,1,4,5,6];3:[0,1,2,4,5,6,7];15:[4];19:[0,1,4,5,6];24:[0,1,2,4,5,6];21:[4,5,6];20:[0,1,2,4,5,6];0:[4];4:[0,4,5,6];5:[0,1,4,5,6];12:[0,4];23:[3,4,6];26:[1,4,5,6];1:[1,4,5,6];25:[1,4,5,6]","c22:bw=30,experts=[1,4,6]; c28:bw=39,experts=[2,4,6]; c29:bw=13,experts=[4]; c18:bw=29,experts=[4,6]; c16:bw=54,experts=[0,1,4,5,6]; c27:bw=34,experts=[4,6]; c9:bw=68,experts=[0,1,2,4,5,6]; c14:bw=66,experts=[0,1,4,5,6]; c2:bw=54,experts=[0,1,4,5,6]; c11:bw=52,experts=[0,1,4,5,6]; c8:bw=42,experts=[1,4,5,6]; c6:bw=48,experts=[4,5,6]; c7:bw=32,experts=[1,4,6]; c17:bw=16,experts=[4]; c10:bw=26,experts=[4]; c13:bw=57,experts=[0,1,4,5,6]; c3:bw=72,experts=[0,1,2,4,5,6,7]; c15:bw=10,experts=[4]; c19:bw=50,experts=[0,1,4,5,6]; c24:bw=60,experts=[0,1,2,4,5,6]; c21:bw=48,experts=[4,5,6]; c20:bw=62,experts=[0,1,2,4,5,6]; c0:bw=22,experts=[4]; c4:bw=46,experts=[0,4,5,6]; c5:bw=60,experts=[0,1,4,5,6]; c12:bw=24,experts=[0,4]; c23:bw=36,experts=[3,4,6]; c26:bw=55,experts=[1,4,5,6]; c1:bw=46,experts=[1,4,5,6]; c25:bw=49,experts=[1,4,5,6]","1.9398,1.8768,3.8694,2.0397,2.1633,2.1960,1.6308,1.5992,1.4979,2.6918,1.3851,1.3438,1.5521,2.3372,2.9480,1.9420,1.8437,1.3751,1.7289,1.4479,1.2182,2.4722,1.2942,2.4619,3.6623,2.1571,1.5811,1.2475,1.2773,2.4684"
35,2026-09-24 14:23:54,Ours,0.01,2.263503497559138,37.71,37.8,34,60.787,1:00.79,59.0697,0.4717,1.2423,2261.1436,37:41.14,30,"6,28,22,8,0,15,13,25,17,20,4,11,12,2,9,7,26,24,29,18,23,16,21,5,14,3,10,27,19,1",6:44;28:55;22:32;8:50;0:20;15:47;13:48;25:40;17:32;20:53;4:33;11:69;12:22;2:46;9:27;7:48;26:59;24:15;29:28;18:51;23:13;16:10;21:10;5:41;14:20;3:24;10:57;27:64;19:22;1:31,"6:[1,2,4,6];28:[0,1,4,5,6];22:[4,5,6];8:[0,1,4,5,6];0:[4,6];15:[0,4,5,6];13:[2,4,5,6];25:[1,2,4,6];17:[4,5,6];20:[0,1,4,5,6];4:[4,5,6];11:[0,1,2,4,5,6];12:[4];2:[0,4,5,6];9:[4,6];7:[1,4,6];26:[0,1,4,5,6];24:[4];29:[4,6];18:[0,1,4,5,6];23:[];16:[4];21:[4];5:[0,4,5,6];14:[4,6];3:[4];10:[0,4,5,6];27:[0,1,4,5,6];19:[4,6];1:[2,4,6]","c6:bw=44,experts=[1,2,4,6]; c28:bw=55,experts=[0,1,4,5,6]; c22:bw=32,experts=[4,5,6]; c8:bw=50,experts=[0,1,4,5,6]; c0:bw=20,experts=[4,6]; c15:bw=47,experts=[0,4,5,6]; c13:bw=48,experts=[2,4,5,6]; c25:bw=40,experts=[1,2,4,6]; c17:bw=32,experts=[4,5,6]; c20:bw=53,experts=[0,1,4,5,6]; c4:bw=33,experts=[4,5,6]; c11:bw=69,experts=[0,1,2,4,5,6]; c12:bw=22,experts=[4]; c2:bw=46,experts=[0,4,5,6]; c9:bw=27,experts=[4,6]; c7:bw=48,experts=[1,4,6]; c26:bw=59,experts=[0,1,4,5,6]; c24:bw=15,experts=[4]; c29:bw=28,experts=[4,6]; c18:bw=51,experts=[0,1,4,5,6]; c23:bw=13,experts=[]; c16:bw=10,experts=[4]; c21:bw=10,experts=[4]; c5:bw=41,experts=[0,4,5,6]; c14:bw=20,experts=[4,6]; c3:bw=24,experts=[4]; c10:bw=57,experts=[0,4,5,6]; c27:bw=64,experts=[0,1,4,5,6]; c19:bw=22,experts=[4,6]; c1:bw=31,experts=[2,4,6]","1.3793,1.9099,1.9473,1.4043,1.2829,1.3946,1.9255,2.4260,2.3433,2.4426,2.4410,2.6962,2.1266,1.4850,1.6291,1.5739,1.2383,1.4388,3.7798,2.0554,1.5571,2.1250,1.2145,3.6244,1.5660,1.8292,3.0075,2.2052,1.7381,1.2827"
36,2026-09-24 14:24:54,Ours,0.01,2.2523610492990143,38.97,38.97,36,60.6384,1:00.64,58.8877,0.487,1.2604,2321.8073,38:41.81,30,"26,19,8,17,20,15,29,18,22,21,7,1,11,16,6,24,9,27,28,2,23,12,3,10,4,5,13,25,0,14",26:41;19:48;8:51;17:49;20:49;15:68;29:53;18:11;22:13;21:42;7:27;1:10;11:33;16:10;6:43;24:12;9:37;27:40;28:37;2:50;23:58;12:35;3:60;10:56;4:74;5:49;13:47;25:11;0:36;14:18,"26:[0,4,5,6];19:[4,5,6];8:[1,2,4,6];17:[0,4,5,6];20:[4,6,7];15:[0,1,2,4,5,6];29:[0,1,4,5,6];18:[4];22:[2];21:[0,4,6];7:[4,6];1:[];11:[4,6];16:[4];6:[0,4,5,6];24:[4];9:[4,5,6];27:[1,4,5,6];28:[4,6];2:[0,1,4,5,6];23:[2,4,5,6,7];12:[3,4,6];3:[0,1,2,4,5,6];10:[0,1,4,5,6];4:[0,1,2,4,5,6,7];5:[4,5,6,7];13:[4,5,6];25:[4];0:[4,5,6];14:[4]","c26:bw=41,experts=[0,4,5,6]; c19:bw=48,experts=[4,5,6]; c8:bw=51,experts=[1,2,4,6]; c17:bw=49,experts=[0,4,5,6]; c20:bw=49,experts=[4,6,7]; c15:bw=68,experts=[0,1,2,4,5,6]; c29:bw=53,experts=[0,1,4,5,6]; c18:bw=11,experts=[4]; c22:bw=13,experts=[2]; c21:bw=42,experts=[0,4,6]; c7:bw=27,experts=[4,6]; c1:bw=10,experts=[]; c11:bw=33,experts=[4,6]; c16:bw=10,experts=[4]; c6:bw=43,experts=[0,4,5,6]; c24:bw=12,experts=[4]; c9:bw=37,experts=[4,5,6]; c27:bw=40,experts=[1,4,5,6]; c28:bw=37,experts=[4,6]; c2:bw=50,experts=[0,1,4,5,6]; c23:bw=58,experts=[2,4,5,6,7]; c12:bw=35,experts=[3,4,6]; c3:bw=60,experts=[0,1,2,4,5,6]; c10:bw=56,experts=[0,1,4,5,6]; c4:bw=74,experts=[0,1,2,4,5,6,7]; c5:bw=49,experts=[4,5,6,7]; c13:bw=47,experts=[4,5,6]; c25:bw=11,experts=[4]; c0:bw=36,experts=[4,5,6]; c14:bw=18,experts=[4]","1.2770,1.7587,1.4009,2.3588,2.4456,1.3977,3.7519,2.0125,1.9129,1.2231,1.5395,1.2737,2.6877,2.1171,1.3356,1.4182,1.6128,2.2000,1.8669,1.5061,1.5739,2.1297,1.7994,2.9845,2.4581,3.6401,1.9343,2.4204,1.2872,1.5632"
37,2026-09-24 14:25:55,Ours,0.01,2.2417166093120007,39.39,39.39,37,61.0506,1:01.05,59.3328,0.4712,1.2433,2382.8827,39:42.88,30,"21,9,6,20,29,19,3,24,28,18,12,27,7,0,15,25,26,1,8,10,13,17,11,4,16,2,22,5,23,14",21:18;9:40;6:65;20:38;29:39;19:42;3:36;24:61;28:10;18:10;12:49;27:55;7:42;0:54;15:51;25:56;26:10;1:18;8:10;10:58;13:12;17:56;11:63;4:39;16:31;2:36;22:10;5:39;23:44;14:28,"21:[7];9:[0,4,5,6];6:[0,1,4,5,6];20:[4,5,6];29:[4,6];19:[0,4,5,6];3:[0,4,6];24:[0,1,4,5,6];28:[4];18:[4];12:[0,1,4,6];27:[0,1,4,6];7:[1,4,5,6];0:[0,4,5,6];15:[0,1,4,5,6];25:[0,1,4,6];26:[4];1:[4];8:[4];10:[0,1,4,5,6];13:[4];17:[0,4,5,6];11:[0,1,4,5,6];4:[0,4,6];16:[0,4,6];2:[4,5,6];22:[7];5:[4,5,6];23:[0,4,6];14:[3,4]","c21:bw=18,experts=[7]; c9:bw=40,experts=[0,4,5,6]; c6:bw=65,experts=[0,1,4,5,6]; c20:bw=38,experts=[4,5,6]; c29:bw=39,experts=[4,6]; c19:bw=42,experts=[0,4,5,6]; c3:bw=36,experts=[0,4,6]; c24:bw=61,experts=[0,1,4,5,6]; c28:bw=10,experts=[4]; c18:bw=10,experts=[4]; c12:bw=49,experts=[0,1,4,6]; c27:bw=55,experts=[0,1,4,6]; c7:bw=42,experts=[1,4,5,6]; c0:bw=54,experts=[0,4,5,6]; c15:bw=51,experts=[0,1,4,5,6]; c25:bw=56,experts=[0,1,4,6]; c26:bw=10,experts=[4]; c1:bw=18,experts=[4]; c8:bw=10,experts=[4]; c10:bw=58,experts=[0,1,4,5,6]; c13:bw=12,experts=[4]; c17:bw=56,experts=[0,4,5,6]; c11:bw=63,experts=[0,1,4,5,6]; c4:bw=39,experts=[0,4,6]; c16:bw=31,experts=[0,4,6]; c2:bw=36,experts=[4,5,6]; c22:bw=10,experts=[7]; c5:bw=39,experts=[4,5,6]; c23:bw=44,experts=[0,4,6]; c14:bw=28,experts=[3,4]","1.2093,1.6280,1.3673,2.4800,3.8354,1.8001,1.8738,1.5030,1.9180,2.0597,2.1404,2.2332,1.5306,1.2981,1.3772,2.4527,1.2323,1.2536,1.3558,2.9777,1.9211,2.3580,2.7057,2.4787,2.2264,1.4809,1.9203,3.6043,1.5689,1.5421"
38,2026-09-24 14:26:56,Ours,0.01,2.2200557873553723,40.15,40.15,38,61.128,1:01.13,59.3792,0.4686,1.277,2444.0366,40:44.04,30,"16,10,14,28,4,1,21,22,8,11,29,0,5,23,2,15,27,19,6,20,7,17,9,12,24,3,25,13,26,18",16:38;10:39;14:41;28:30;4:52;1:31;21:51;22:46;8:46;11:17;29:21;0:40;5:10;23:30;2:10;15:12;27:48;19:61;6:17;20:36;7:51;17:41;9:26;12:47;24:38;3:38;25:58;13:63;26:44;18:44,"16:[4,5,6];10:[2,4,7];14:[0,1,4,6];28:[4,7];4:[0,1,4,5,6];1:[0,4,6];21:[0,1,4,5,6];22:[1,4,6];8:[0,4,5,6];11:[4];29:[4];0:[0,4,5,6];5:[];23:[0,4,6];2:[2];15:[4];27:[0,4,5,6];19:[0,1,4,5,6];6:[4];20:[1,4,6];7:[0,1,4,5,6];17:[0,4,6];9:[4,6];12:[0,2,4,6];24:[0,4,6];3:[0,4,6];25:[0,4,5,6];13:[0,1,2,4,5,6];26:[0,4,6];18:[0,4,5,6]","c16:bw=38,experts=[4,5,6]; c10:bw=39,experts=[2,4,7]; c14:bw=41,experts=[0,1,4,6]; c28:bw=30,experts=[4,7]; c4:bw=52,experts=[0,1,4,5,6]; c1:bw=31,experts=[0,4,6]; c21:bw=51,experts=[0,1,4,5,6]; c22:bw=46,experts=[1,4,6]; c8:bw=46,experts=[0,4,5,6]; c11:bw=17,experts=[4]; c29:bw=21,experts=[4]; c0:bw=40,experts=[0,4,5,6]; c5:bw=10,experts=[]; c23:bw=30,experts=[0,4,6]; c2:bw=10,experts=[2]; c15:bw=12,experts=[4]; c27:bw=48,experts=[0,4,5,6]; c19:bw=61,experts=[0,1,4,5,6]; c6:bw=17,experts=[4]; c20:bw=36,experts=[1,4,6]; c7:bw=51,experts=[0,1,4,5,6]; c17:bw=41,experts=[0,4,6]; c9:bw=26,experts=[4,6]; c12:bw=47,experts=[0,2,4,6]; c24:bw=38,experts=[0,4,6]; c3:bw=38,experts=[0,4,6]; c25:bw=58,experts=[0,4,5,6]; c13:bw=63,experts=[0,1,2,4,5,6]; c26:bw=44,experts=[0,4,6]; c18:bw=44,experts=[0,4,5,6]","2.1624,2.9977,1.5791,1.8953,2.4815,1.2758,1.2258,1.9371,1.3982,2.6905,3.7979,1.3084,3.6295,1.5745,1.4903,1.3700,2.2235,1.7426,1.3460,2.4619,1.5494,2.3408,1.6198,2.1721,1.4600,1.8564,2.5053,1.9884,1.2341,2.0654"
39,2026-09-24 14:27:58,Ours,0.01,2.1905737910318472,40.73,40.73,39,61.5632,1:01.56,59.8309,0.478,1.251,2505.6256,41:45.63,30,"22,26,13,11,1,23,16,21,15,17,10,4,24,8,27,12,3,25,0,20,14,19,9,7,29,6,2,28,5,18",22:28;26:37;13:49;11:51;1:45;23:49;16:29;21:52;15:30;17:42;10:24;4:36;24:44;8:45;27:39;12:49;3:26;25:35;0:10;20:68;14:57;19:18;9:24;7:40;29:16;6:31;2:36;28:54;5:75;18:25,"22:[4,6];26:[4,5,6];13:[0,4,5,6];11:[0,2,4,5,6];1:[0,4,5,6];23:[0,1,4,6];16:[4,6];21:[0,1,4,5,6];15:[0,4,6];17:[2,4,6];10:[4,6];4:[0,4,6];24:[0,4,6];8:[0,4,5,6];27:[4,5,6];12:[0,4,5,6];3:[4,6];25:[4,6];0:[4];20:[0,1,4,5,6];14:[0,2,4,6];19:[4];9:[4,6];7:[2,4,6];29:[4];6:[4,6];2:[4,6];28:[0,1,4,5,6];5:[0,1,2,4,5,6,7];18:[2]","c22:bw=28,experts=[4,6]; c26:bw=37,experts=[4,5,6]; c13:bw=49,experts=[0,4,5,6]; c11:bw=51,experts=[0,2,4,5,6]; c1:bw=45,experts=[0,4,5,6]; c23:bw=49,experts=[0,1,4,6]; c16:bw=29,experts=[4,6]; c21:bw=52,experts=[0,1,4,5,6]; c15:bw=30,experts=[0,4,6]; c17:bw=42,experts=[2,4,6]; c10:bw=24,experts=[4,6]; c4:bw=36,experts=[0,4,6]; c24:bw=44,experts=[0,4,6]; c8:bw=45,experts=[0,4,5,6]; c27:bw=39,experts=[4,5,6]; c12:bw=49,experts=[0,4,5,6]; c3:bw=26,experts=[4,6]; c25:bw=35,experts=[4,6]; c0:bw=10,experts=[4]; c20:bw=68,experts=[0,1,4,5,6]; c14:bw=57,experts=[0,2,4,6]; c19:bw=18,experts=[4]; c9:bw=24,experts=[4,6]; c7:bw=40,experts=[2,4,6]; c29:bw=16,experts=[4]; c6:bw=31,experts=[4,6]; c2:bw=36,experts=[4,6]; c28:bw=54,experts=[0,1,4,5,6]; c5:bw=75,experts=[0,1,2,4,5,6,7]; c18:bw=25,experts=[2]","1.9926,1.2789,2.0082,2.7828,1.3144,1.5980,2.1743,1.2419,1.4090,2.4005,3.0064,2.5104,1.4756,1.3915,2.2201,2.1680,1.8412,2.4685,1.2851,2.4800,1.5667,1.7149,1.6308,1.5378,3.7988,1.3764,1.4976,1.8883,3.7120,2.0600"
40,2026-09-24 14:28:59,Ours,0.01,2.2502224156556134,41.12,41.12,40,61.2877,1:01.29,59.5182,0.4765,1.2897,2566.9404,42:46.94,30,"28,27,26,8,18,6,17,13,29,16,15,2,10,1,22,11,23,20,4,7,24,19,25,3,14,12,5,21,0,9",28:10;27:38;26:63;8:26;18:38;6:46;17:30;13:32;29:43;16:29;15:22;2:65;10:60;1:42;22:43;11:15;23:50;20:21;4:19;7:66;24:51;19:23;25:67;3:10;14:58;12:42;5:32;21:35;0:36;9:40,"28:[3];27:[3,4];26:[0,1,2,4,5,6];8:[3,4];18:[4,6,7];6:[3,4,6,7];17:[3,4,7];13:[3,4,6];29:[3,4,6,7];16:[3,7];15:[3];2:[0,3,4,5,6,7];10:[0,1,3,4,5,6];1:[3,4,6];22:[0,3,4,6];11:[3];23:[0,1,4,5,6];20:[3,4];4:[];7:[0,1,3,4,5,6];24:[0,1,4,5,6];19:[3,7];25:[1,3,4,5,6,7];3:[3];14:[0,4,5,6,7];12:[0,1,4,6];5:[3,4,6];21:[3,4];0:[3,4,7];9:[3,4,6,7]","c28:bw=10,experts=[3]; c27:bw=38,experts=[3,4]; c26:bw=63,experts=[0,1,2,4,5,6]; c8:bw=26,experts=[3,4]; c18:bw=38,experts=[4,6,7]; c6:bw=46,experts=[3,4,6,7]; c17:bw=30,experts=[3,4,7]; c13:bw=32,experts=[3,4,6]; c29:bw=43,experts=[3,4,6,7]; c16:bw=29,experts=[3,7]; c15:bw=22,experts=[3]; c2:bw=65,experts=[0,3,4,5,6,7]; c10:bw=60,experts=[0,1,3,4,5,6]; c1:bw=42,experts=[3,4,6]; c22:bw=43,experts=[0,3,4,6]; c11:bw=15,experts=[3]; c23:bw=50,experts=[0,1,4,5,6]; c20:bw=21,experts=[3,4]; c4:bw=19,experts=[]; c7:bw=66,experts=[0,1,3,4,5,6]; c24:bw=51,experts=[0,1,4,5,6]; c19:bw=23,experts=[3,7]; c25:bw=67,experts=[1,3,4,5,6,7]; c3:bw=10,experts=[3]; c14:bw=58,experts=[0,4,5,6,7]; c12:bw=42,experts=[0,1,4,6]; c5:bw=32,experts=[3,4,6]; c21:bw=35,experts=[3,4]; c0:bw=36,experts=[3,4,7]; c9:bw=40,experts=[3,4,6,7]","1.9088,2.2206,1.2698,1.4033,2.0868,1.3667,2.3824,1.9476,3.8303,2.1668,1.3851,1.5021,3.0176,1.2683,1.9514,2.6767,1.5689,2.4610,2.4659,1.5634,1.4646,1.7332,2.4714,1.8358,1.5799,2.1506,3.6673,1.2395,1.2958,1.6363"
41,2026-09-24 14:30:01,Ours,0.01,2.251915694558836,41.47,41.47,41,61.3943,1:01.39,59.6688,0.4618,1.2604,2628.3618,43:48.36,30,"6,26,2,29,16,1,8,15,4,19,3,24,21,20,18,23,0,17,25,12,11,10,13,14,22,28,27,5,7,9",6:10;26:10;2:54;29:38;16:25;1:10;8:57;15:24;4:50;19:19;3:40;24:58;21:18;20:39;18:10;23:37;0:10;17:52;25:29;12:18;11:41;10:42;13:45;14:61;22:46;28:51;27:52;5:61;7:68;9:54,"6:[4];26:[3];2:[0,4,5,6];29:[2,4,6];16:[2];1:[7];8:[0,4,5,6,7];15:[4,7];4:[0,1,3,4,6];19:[2];3:[4,5,6];24:[1,3,4,6,7];21:[2];20:[0,4,6];18:[3];23:[4,5,6];0:[1];17:[0,1,4,5,6];25:[4,6];12:[7];11:[0,4,6,7];10:[1,4,5,6];13:[4,5,6,7];14:[0,1,2,4,5,6];22:[0,4,5,6];28:[0,4,5,6];27:[0,2,4,6,7];5:[0,1,2,4,5,6];7:[0,1,4,5,6,7];9:[0,1,4,5,6]","c6:bw=10,experts=[4]; c26:bw=10,experts=[3]; c2:bw=54,experts=[0,4,5,6]; c29:bw=38,experts=[2,4,6]; c16:bw=25,experts=[2]; c1:bw=10,experts=[7]; c8:bw=57,experts=[0,4,5,6,7]; c15:bw=24,experts=[4,7]; c4:bw=50,experts=[0,1,3,4,6]; c19:bw=19,experts=[2]; c3:bw=40,experts=[4,5,6]; c24:bw=58,experts=[1,3,4,6,7]; c21:bw=18,experts=[2]; c20:bw=39,experts=[0,4,6]; c18:bw=10,experts=[3]; c23:bw=37,experts=[4,5,6]; c0:bw=10,experts=[1]; c17:bw=52,experts=[0,1,4,5,6]; c25:bw=29,experts=[4,6]; c12:bw=18,experts=[7]; c11:bw=41,experts=[0,4,6,7]; c10:bw=42,experts=[1,4,5,6]; c13:bw=45,experts=[4,5,6,7]; c14:bw=61,experts=[0,1,2,4,5,6]; c22:bw=46,experts=[0,4,5,6]; c28:bw=51,experts=[0,4,5,6]; c27:bw=52,experts=[0,2,4,6,7]; c5:bw=61,experts=[0,1,2,4,5,6]; c7:bw=68,experts=[0,1,4,5,6,7]; c9:bw=54,experts=[0,1,4,5,6]","1.3786,1.2604,1.5125,3.8529,2.1769,1.2812,1.4012,1.4113,2.4795,1.7578,1.8424,1.4788,1.2237,2.4711,2.0504,1.5585,1.3044,2.3525,2.4659,2.1379,2.6928,3.0118,1.9618,1.5785,1.9569,1.9155,2.2270,3.7080,1.5673,1.6513"
42,2026-09-24 14:31:02,Ours,0.01,2.1748387219745426,42.89,42.89,42,61.4368,1:01.44,59.7145,0.4658,1.2532,2689.8254,44:49.83,30,"12,15,27,9,11,17,1,16,22,24,19,25,2,6,5,14,23,3,20,4,26,0,10,28,29,7,13,18,21,8",12:22;15:31;27:34;9:51;11:59;17:32;1:49;16:10;22:26;24:34;19:63;25:28;2:40;6:34;5:50;14:13;23:51;3:48;20:42;4:55;26:16;0:15;10:15;28:54;29:40;7:20;13:33;18:14;21:32;8:42,"12:[4,6];15:[4,5,6];27:[4,5,6];9:[0,2,4,5,6];11:[0,4,5,6];17:[0,4,6];1:[0,1,4,6];16:[1];22:[4,6];24:[2,4,6];19:[0,1,2,4,5,6];25:[4];2:[1,4,5,6];6:[4,5,6];5:[0,1,4,6];14:[4];23:[3,4,5,6];3:[4,5,6,7];20:[2,4,5,6];4:[0,1,4,5,6];26:[];0:[2];10:[4];28:[0,2,4,5,6];29:[1,4,5,6];7:[4,6];13:[1,4,6];18:[4];21:[0,4,6];8:[0,4,5,6]","c12:bw=22,experts=[4,6]; c15:bw=31,experts=[4,5,6]; c27:bw=34,experts=[4,5,6]; c9:bw=51,experts=[0,2,4,5,6]; c11:bw=59,experts=[0,4,5,6]; c17:bw=32,experts=[0,4,6]; c1:bw=49,experts=[0,1,4,6]; c16:bw=10,experts=[1]; c22:bw=26,experts=[4,6]; c24:bw=34,experts=[2,4,6]; c19:bw=63,experts=[0,1,2,4,5,6]; c25:bw=28,experts=[4]; c2:bw=40,experts=[1,4,5,6]; c6:bw=34,experts=[4,5,6]; c5:bw=50,experts=[0,1,4,6]; c14:bw=13,experts=[4]; c23:bw=51,experts=[3,4,5,6]; c3:bw=48,experts=[4,5,6,7]; c20:bw=42,experts=[2,4,5,6]; c4:bw=55,experts=[0,1,4,5,6]; c26:bw=16,experts=[]; c0:bw=15,experts=[2]; c10:bw=15,experts=[4]; c28:bw=54,experts=[0,2,4,5,6]; c29:bw=40,experts=[1,4,5,6]; c7:bw=20,experts=[4,6]; c13:bw=33,experts=[1,4,6]; c18:bw=14,experts=[4]; c21:bw=32,experts=[0,4,6]; c8:bw=42,experts=[0,4,5,6]","2.1883,1.4094,2.2834,1.6821,2.7548,2.4292,1.2900,2.1566,1.9414,1.4782,1.8103,2.4520,1.4973,1.4359,3.6717,1.5631,1.5766,1.8375,2.4522,2.4882,1.2060,1.2813,2.9941,1.8941,3.7861,1.5548,1.9381,2.0426,1.2242,1.3949"
43,2026-09-24 14:32:03,Ours,0.01,2.1419258444346814,42.91,42.91,43,61.0918,1:01.09,59.3336,0.4817,1.2733,2750.944,45:50.94,30,"29,8,12,9,15,28,18,13,20,14,21,0,7,4,27,3,22,11,26,16,23,17,6,1,5,10,25,24,19,2",29:28;8:45;12:10;9:32;15:14;28:27;18:24;13:16;20:48;14:66;21:34;0:21;7:21;4:34;27:61;3:65;22:41;11:55;26:59;16:21;23:34;17:47;6:12;1:58;5:53;10:37;25:44;24:54;19:54;2:51,"29:[4,6];8:[0,4,5,6];12:[4];9:[4,5,6];15:[];28:[4,6];18:[1,4];13:[4];20:[0,1,4,6];14:[0,1,2,4,5,6];21:[0,4,6];0:[4,6];7:[4,6];4:[0,4,6];27:[0,1,2,4,6];3:[0,1,4,5,6];22:[1,4,5,6];11:[0,1,4,5,6];26:[0,4,5,6,7];16:[4];23:[0,4,6];17:[0,4,6];6:[2];1:[0,1,2,4,6];5:[0,1,4,5,6];10:[0,4,6];25:[2,4,5,6];24:[0,1,4,6];19:[0,4,5,6];2:[0,1,4,5,6]","c29:bw=28,experts=[4,6]; c8:bw=45,experts=[0,4,5,6]; c12:bw=10,experts=[4]; c9:bw=32,experts=[4,5,6]; c15:bw=14,experts=[]; c28:bw=27,experts=[4,6]; c18:bw=24,experts=[1,4]; c13:bw=16,experts=[4]; c20:bw=48,experts=[0,1,4,6]; c14:bw=66,experts=[0,1,2,4,5,6]; c21:bw=34,experts=[0,4,6]; c0:bw=21,experts=[4,6]; c7:bw=21,experts=[4,6]; c4:bw=34,experts=[0,4,6]; c27:bw=61,experts=[0,1,2,4,6]; c3:bw=65,experts=[0,1,4,5,6]; c22:bw=41,experts=[1,4,5,6]; c11:bw=55,experts=[0,1,4,5,6]; c26:bw=59,experts=[0,4,5,6,7]; c16:bw=21,experts=[4]; c23:bw=34,experts=[0,4,6]; c17:bw=47,experts=[0,4,6]; c6:bw=12,experts=[2]; c1:bw=58,experts=[0,1,2,4,6]; c5:bw=53,experts=[0,1,4,5,6]; c10:bw=37,experts=[0,4,6]; c25:bw=44,experts=[2,4,5,6]; c24:bw=54,experts=[0,1,4,6]; c19:bw=54,experts=[0,4,5,6]; c2:bw=51,experts=[0,1,4,5,6]","3.8679,1.4111,2.1547,1.6352,1.3788,1.8780,2.0511,1.9477,2.4708,1.5856,1.2273,1.2745,1.5396,2.4744,2.2319,1.8428,1.9396,2.6853,1.2454,2.1404,1.5692,2.3391,1.3319,1.2683,3.6682,3.0109,2.4381,1.4511,1.7675,1.5073"
44,2026-09-24 14:33:05,Ours,0.01,2.125298757170681,43.08,43.08,44,61.2512,1:01.25,59.5105,0.4723,1.2652,2812.2232,46:52.22,30,"3,19,8,4,20,24,9,10,13,5,11,14,17,23,1,2,26,15,22,25,28,18,12,0,6,16,7,27,29,21",3:47;19:10;8:34;4:29;20:56;24:31;9:37;10:56;13:28;5:24;11:16;14:65;17:12;23:36;1:45;2:37;26:45;15:50;22:23;25:36;28:36;18:54;12:40;0:66;6:20;16:76;7:75;27:31;29:68;21:58,"3:[0,2,4,6];19:[4];8:[1,2,4];4:[2,7];20:[0,4,5,6,7];24:[4,6];9:[4,6];10:[0,1,4,5,6];13:[4];5:[4,6];11:[];14:[0,1,2,4,5,6];17:[4];23:[2,4,7];1:[0,4,5,6];2:[0,4,6];26:[0,4,5,6];15:[0,2,4,5,6];22:[2,4];25:[4,6];28:[4,6];18:[0,4,5,6];12:[3,4,6];0:[0,1,2,4,5,6];6:[4,6];16:[0,1,2,4,5,6,7];7:[0,1,2,4,5,6,7];27:[0,4,6];29:[0,1,2,4,5,6];21:[0,1,4,5,6]","c3:bw=47,experts=[0,2,4,6]; c19:bw=10,experts=[4]; c8:bw=34,experts=[1,2,4]; c4:bw=29,experts=[2,7]; c20:bw=56,experts=[0,4,5,6,7]; c24:bw=31,experts=[4,6]; c9:bw=37,experts=[4,6]; c10:bw=56,experts=[0,1,4,5,6]; c13:bw=28,experts=[4]; c5:bw=24,experts=[4,6]; c11:bw=16,experts=[]; c14:bw=65,experts=[0,1,2,4,5,6]; c17:bw=12,experts=[4]; c23:bw=36,experts=[2,4,7]; c1:bw=45,experts=[0,4,5,6]; c2:bw=37,experts=[0,4,6]; c26:bw=45,experts=[0,4,5,6]; c15:bw=50,experts=[0,2,4,5,6]; c22:bw=23,experts=[2,4]; c25:bw=36,experts=[4,6]; c28:bw=36,experts=[4,6]; c18:bw=54,experts=[0,4,5,6]; c12:bw=40,experts=[3,4,6]; c0:bw=66,experts=[0,1,2,4,5,6]; c6:bw=20,experts=[4,6]; c16:bw=76,experts=[0,1,2,4,5,6,7]; c7:bw=75,experts=[0,1,2,4,5,6,7]; c27:bw=31,experts=[0,4,6]; c29:bw=68,experts=[0,1,2,4,5,6]; c21:bw=58,experts=[0,1,4,5,6]","1.8829,1.7765,1.4109,2.4872,2.4510,1.4740,1.6428,3.0152,1.9283,3.6572,2.6416,1.5694,2.3483,1.5645,1.2908,1.5152,1.2768,1.4281,1.9375,2.4600,1.8789,2.0390,2.1196,1.2785,1.3517,2.1698,1.5627,2.2502,3.8551,1.2466"
45,2026-09-24 14:34:06,Ours,0.01,2.1138576032636753,44.12,44.12,45,61.5513,1:01.55,59.7768,0.4778,1.2934,2873.803,47:53.80,30,"3,21,24,15,29,4,11,16,5,12,10,14,19,26,23,8,20,7,27,17,0,1,13,18,25,9,2,6,22,28",3:67;21:58;24:13;15:33;29:50;4:64;11:53;16:54;5:44;12:61;10:42;14:41;19:67;26:22;23:42;8:55;20:52;7:36;27:10;17:10;0:36;1:56;13:53;18:16;25:32;9:25;2:49;6:10;22:37;28:21,"3:[0,1,2,4,5,6];21:[4,5,6,7];24:[4];15:[1,4];29:[0,1,4,5,6];4:[0,1,2,4,5,6];11:[0,1,4,5,6];16:[0,1,4,5,6];5:[4,5,6];12:[0,1,2,4,5,6];10:[0,4,5,6];14:[3,4,5,6];19:[0,1,2,4,5,6];26:[4];23:[0,4,5,6];8:[0,4,5,6];20:[0,1,4,6];7:[4,6];27:[4];17:[4];0:[0,4,6];1:[0,1,4,5,6];13:[0,1,4,5,6];18:[];25:[4,5,6];9:[4,6];2:[0,4,5,6];6:[0];22:[4,7];28:[4]","c3:bw=67,experts=[0,1,2,4,5,6]; c21:bw=58,experts=[4,5,6,7]; c24:bw=13,experts=[4]; c15:bw=33,experts=[1,4]; c29:bw=50,experts=[0,1,4,5,6]; c4:bw=64,experts=[0,1,2,4,5,6]; c11:bw=53,experts=[0,1,4,5,6]; c16:bw=54,experts=[0,1,4,5,6]; c5:bw=44,experts=[4,5,6]; c12:bw=61,experts=[0,1,2,4,5,6]; c10:bw=42,experts=[0,4,5,6]; c14:bw=41,experts=[3,4,5,6]; c19:bw=67,experts=[0,1,2,4,5,6]; c26:bw=22,experts=[4]; c23:bw=42,experts=[0,4,5,6]; c8:bw=55,experts=[0,4,5,6]; c20:bw=52,experts=[0,1,4,6]; c7:bw=36,experts=[4,6]; c27:bw=10,experts=[4]; c17:bw=10,experts=[4]; c0:bw=36,experts=[0,4,6]; c1:bw=56,experts=[0,1,4,5,6]; c13:bw=53,experts=[0,1,4,5,6]; c18:bw=16,experts=[]; c25:bw=32,experts=[4,5,6]; c9:bw=25,experts=[4,6]; c2:bw=49,experts=[0,4,5,6]; c6:bw=10,experts=[0]; c22:bw=37,experts=[4,7]; c28:bw=21,experts=[4]","1.8825,1.2354,1.4431,1.4043,3.8576,2.4728,2.7062,2.1851,3.6652,2.1606,2.9860,1.5729,1.7672,1.2206,1.5773,1.4025,2.4645,1.5557,2.2237,2.3795,1.3130,1.3051,1.9904,2.0884,2.5014,1.6585,1.5126,1.3724,1.9569,1.9151"
46,2026-09-24 14:35:08,Ours,0.01,2.0944713121003824,44.91,44.91,46,61.599,1:01.60,59.8681,0.4836,1.244,2935.4304,48:55.43,30,"21,5,16,11,19,8,17,28,26,18,12,0,29,9,6,27,20,22,4,3,15,10,24,25,13,23,2,1,7,14",21:32;5:41;16:28;11:38;19:10;8:39;17:15;28:11;26:48;18:44;12:53;0:55;29:10;9:37;6:39;27:22;20:50;22:31;4:64;3:27;15:14;10:59;24:30;25:20;13:50;23:37;2:57;1:41;7:28;14:39,"21:[4,5,6];5:[0,4,5,6];16:[4];11:[0,4,6];19:[4];8:[0,4,6];17:[4];28:[];26:[1,4,5,6];18:[0,4,5,6];12:[0,1,4,5,6];0:[0,1,4,5,6];29:[4];9:[0,4,6];6:[1,4];27:[4,6];20:[0,4,5,6];22:[4,6];4:[0,1,2,4,5,6];3:[4,6];15:[4];10:[2,4,6,7];24:[0,4,6];25:[0,4];13:[0,2,4,5,6];23:[4,6];2:[0,2,4,5,6];1:[0,4,5,6];7:[4,6];14:[1,4,6]","c21:bw=32,experts=[4,5,6]; c5:bw=41,experts=[0,4,5,6]; c16:bw=28,experts=[4]; c11:bw=38,experts=[0,4,6]; c19:bw=10,experts=[4]; c8:bw=39,experts=[0,4,6]; c17:bw=15,experts=[4]; c28:bw=11,experts=[]; c26:bw=48,experts=[1,4,5,6]; c18:bw=44,experts=[0,4,5,6]; c12:bw=53,experts=[0,1,4,5,6]; c0:bw=55,experts=[0,1,4,5,6]; c29:bw=10,experts=[4]; c9:bw=37,experts=[0,4,6]; c6:bw=39,experts=[1,4]; c27:bw=22,experts=[4,6]; c20:bw=50,experts=[0,4,5,6]; c22:bw=31,experts=[4,6]; c4:bw=64,experts=[0,1,2,4,5,6]; c3:bw=27,experts=[4,6]; c15:bw=14,experts=[4]; c10:bw=59,experts=[2,4,6,7]; c24:bw=30,experts=[0,4,6]; c25:bw=20,experts=[0,4]; c13:bw=50,experts=[0,2,4,5,6]; c23:bw=37,experts=[4,6]; c2:bw=57,experts=[0,2,4,5,6]; c1:bw=41,experts=[0,4,5,6]; c7:bw=28,experts=[4,6]; c14:bw=39,experts=[1,4,6]","1.2685,3.7901,2.1898,2.7541,1.7870,1.4193,2.4040,1.9205,1.2517,2.0768,2.1695,1.2944,3.7564,1.6995,1.3382,2.2044,2.4475,1.9221,2.4677,1.8492,1.3910,2.9728,1.4562,2.4586,2.1100,1.5570,1.5076,1.2829,1.5418,1.5795"
47,2026-09-24 14:36:09,Ours,0.01,2.1311780893510823,44.65,44.91,46,61.1232,1:01.12,59.3969,0.4767,1.2463,2996.5829,49:56.58,30,"16,13,28,6,12,25,15,29,7,17,24,3,22,21,18,23,8,5,20,27,26,11,2,1,9,10,19,4,14,0",16:68;13:33;28:34;6:22;12:15;25:23;15:42;29:11;7:53;17:20;24:40;3:70;22:63;21:45;18:10;23:10;8:39;5:52;20:53;27:48;26:10;11:39;2:54;1:30;9:17;10:51;19:28;4:10;14:24;0:46,"16:[0,1,2,4,5,6];13:[0,4,6];28:[1,7];6:[4,6];12:[4];25:[4,6];15:[4,5,6];29:[4];7:[0,1,4,5,6];17:[2];24:[0,1,4,6];3:[0,1,2,4,5,6,7];22:[0,1,4,5,6];21:[0,4,6];18:[];23:[4];8:[4,5,6];5:[0,1,4,6,7];20:[0,1,4,5,6];27:[4,5,6];26:[];11:[2,4,6];2:[0,4,5,6];1:[4,6];9:[];10:[0,1,4,5,6];19:[4,6];4:[4];14:[4,6];0:[0,4,6]","c16:bw=68,experts=[0,1,2,4,5,6]; c13:bw=33,experts=[0,4,6]; c28:bw=34,experts=[1,7]; c6:bw=22,experts=[4,6]; c12:bw=15,experts=[4]; c25:bw=23,experts=[4,6]; c15:bw=42,experts=[4,5,6]; c29:bw=11,experts=[4]; c7:bw=53,experts=[0,1,4,5,6]; c17:bw=20,experts=[2]; c24:bw=40,experts=[0,1,4,6]; c3:bw=70,experts=[0,1,2,4,5,6,7]; c22:bw=63,experts=[0,1,4,5,6]; c21:bw=45,experts=[0,4,6]; c18:bw=10,experts=[]; c23:bw=10,experts=[4]; c8:bw=39,experts=[4,5,6]; c5:bw=52,experts=[0,1,4,6,7]; c20:bw=53,experts=[0,1,4,5,6]; c27:bw=48,experts=[4,5,6]; c26:bw=10,experts=[]; c11:bw=39,experts=[2,4,6]; c2:bw=54,experts=[0,4,5,6]; c1:bw=30,experts=[4,6]; c9:bw=17,experts=[]; c10:bw=51,experts=[0,1,4,5,6]; c19:bw=28,experts=[4,6]; c4:bw=10,experts=[4]; c14:bw=24,experts=[4,6]; c0:bw=46,experts=[0,4,6]","2.1948,1.9451,1.8945,1.3687,2.1329,2.4566,1.4026,3.8015,1.5797,2.3273,1.4574,1.8968,1.9601,1.2318,2.0724,1.5682,1.3855,3.7094,2.4760,2.2238,1.2196,2.6555,1.4957,1.2699,1.6088,2.9963,1.7464,2.4301,1.5764,1.3127"
48,2026-09-24 14:37:10,Ours,0.01,2.139924006127502,46.01,46.01,48,61.4615,1:01.46,59.7104,0.47,1.2777,3058.073,50:58.07,30,"27,2,19,0,26,23,14,11,5,4,20,22,28,21,15,9,3,25,10,24,6,12,1,7,8,13,29,18,17,16",27:61;2:57;19:45;0:16;26:34;23:49;14:10;11:32;5:55;4:67;20:53;22:35;28:10;21:44;15:64;9:52;3:18;25:17;10:12;24:59;6:45;12:31;1:50;7:62;8:50;13:50;29:49;18:62;17:38;16:10,"27:[0,1,3,4,5,6];2:[3,4,6,7];19:[3,4,6,7];0:[];26:[2,4,6];23:[0,1,4,6];14:[7];11:[3,4,6];5:[0,1,3,4,6];4:[0,1,2,4,5,6];20:[0,3,4,6];22:[3,4,6];28:[3];21:[3,4,5,6];15:[0,3,4,5,6];9:[0,3,4,6,7];3:[];25:[1];10:[3];24:[0,1,4,5,6];6:[3,4,7];12:[4,5,6];1:[0,1,3,4,6];7:[0,1,3,4,5,6];8:[0,1,3,4,6];13:[0,3,4,5,6];29:[3,4,6,7];18:[0,1,2,4,6,7];17:[3,7];16:[3]","c27:bw=61,experts=[0,1,3,4,5,6]; c2:bw=57,experts=[3,4,6,7]; c19:bw=45,experts=[3,4,6,7]; c0:bw=16,experts=[]; c26:bw=34,experts=[2,4,6]; c23:bw=49,experts=[0,1,4,6]; c14:bw=10,experts=[7]; c11:bw=32,experts=[3,4,6]; c5:bw=55,experts=[0,1,3,4,6]; c4:bw=67,experts=[0,1,2,4,5,6]; c20:bw=53,experts=[0,3,4,6]; c22:bw=35,experts=[3,4,6]; c28:bw=10,experts=[3]; c21:bw=44,experts=[3,4,5,6]; c15:bw=64,experts=[0,3,4,5,6]; c9:bw=52,experts=[0,3,4,6,7]; c3:bw=18,experts=[]; c25:bw=17,experts=[1]; c10:bw=12,experts=[3]; c24:bw=59,experts=[0,1,4,5,6]; c6:bw=45,experts=[3,4,7]; c12:bw=31,experts=[4,5,6]; c1:bw=50,experts=[0,1,3,4,6]; c7:bw=62,experts=[0,1,3,4,5,6]; c8:bw=50,experts=[0,1,3,4,6]; c13:bw=50,experts=[0,3,4,5,6]; c29:bw=49,experts=[3,4,6,7]; c18:bw=62,experts=[0,1,2,4,6,7]; c17:bw=38,experts=[3,7]; c16:bw=10,experts=[3]","2.2507,1.5183,1.7744,1.3065,1.2555,1.6047,1.5706,2.7178,3.6755,2.4800,2.4410,1.9393,1.8832,1.2262,1.3992,1.6333,1.8131,2.4289,2.9312,1.4518,1.3426,2.1186,1.2722,1.5581,1.3821,2.0506,4.1815,2.0573,2.3097,2.1364"
49,2026-09-24 14:38:12,Ours,0.01,2.111502981428465,45.71,46.01,48,61.6438,1:01.64,59.9186,0.4731,1.2488,3119.7471,51:59.75,30,"2,10,14,18,15,17,19,3,13,29,0,21,6,28,8,12,27,1,7,26,23,9,20,22,11,25,5,24,4,16",2:58;10:64;14:58;18:32;15:42;17:30;19:10;3:32;13:39;29:16;0:20;21:10;6:13;28:48;8:26;12:37;27:41;1:54;7:44;26:17;23:10;9:53;20:16;22:29;11:38;25:58;5:56;24:21;4:48;16:30,"2:[0,1,4,5,6];10:[0,1,2,4,5,6];14:[0,4,5,6];18:[3,4,6];15:[0,4,6,7];17:[1,4,5];19:[4];3:[3,4,6];13:[4,6,7];29:[4];0:[3,7];21:[2];6:[];28:[0,4,5,6];8:[4,7];12:[4,6,7];27:[0,4,6,7];1:[0,4,6,7];7:[0,4,5,6];26:[3];23:[4];9:[0,1,4,5,6];20:[];22:[4,6];11:[4,6,7];25:[3,4,5,6,7];5:[2,4,5,6];24:[3,7];4:[3,4,6];16:[4,6]","c2:bw=58,experts=[0,1,4,5,6]; c10:bw=64,experts=[0,1,2,4,5,6]; c14:bw=58,experts=[0,4,5,6]; c18:bw=32,experts=[3,4,6]; c15:bw=42,experts=[0,4,6,7]; c17:bw=30,experts=[1,4,5]; c19:bw=10,experts=[4]; c3:bw=32,experts=[3,4,6]; c13:bw=39,experts=[4,6,7]; c29:bw=16,experts=[4]; c0:bw=20,experts=[3,7]; c21:bw=10,experts=[2]; c6:bw=13,experts=[]; c28:bw=48,experts=[0,4,5,6]; c8:bw=26,experts=[4,7]; c12:bw=37,experts=[4,6,7]; c27:bw=41,experts=[0,4,6,7]; c1:bw=54,experts=[0,4,6,7]; c7:bw=44,experts=[0,4,5,6]; c26:bw=17,experts=[3]; c23:bw=10,experts=[4]; c9:bw=53,experts=[0,1,4,5,6]; c20:bw=16,experts=[]; c22:bw=29,experts=[4,6]; c11:bw=38,experts=[4,6,7]; c25:bw=58,experts=[3,4,5,6,7]; c5:bw=56,experts=[2,4,5,6]; c24:bw=21,experts=[3,7]; c4:bw=48,experts=[3,4,6]; c16:bw=30,experts=[4,6]","1.5706,3.0695,1.6125,2.0819,1.4112,2.3954,1.7578,1.8679,1.9717,3.8467,1.3169,1.2274,1.4197,1.9316,1.3667,2.1480,2.2245,1.2732,1.5717,1.2171,1.5675,1.6666,2.4595,1.9461,2.6655,2.4853,3.7363,1.4352,2.4962,2.1784"
50,2026-09-24 14:39:15,Ours,0.01,2.043226830895919,46.35,46.35,50,62.5636,1:02.56,60.8175,0.4765,1.2663,3182.3395,53:02.34,30,"8,13,9,19,21,24,14,29,12,4,11,15,17,25,1,5,2,22,6,16,26,23,7,10,27,28,3,20,18,0",8:32;13:37;9:27;19:43;21:17;24:43;14:23;29:62;12:34;4:10;11:57;15:31;17:33;25:32;1:64;5:31;2:63;22:16;6:68;16:27;26:56;23:41;7:34;10:23;27:57;28:35;3:39;20:46;18:44;0:29,"8:[0,4,6];13:[4,5,6];9:[2];19:[0,1,4,6];21:[4];24:[0,2,4,6];14:[4,6];29:[0,1,2,4,5,6];12:[0,4,6];4:[4];11:[0,1,4,5,6];15:[0,4,6];17:[0,4,6];25:[4,6];1:[0,1,4,5,6];5:[0,4,6];2:[0,1,2,4,5,6];22:[4];6:[0,1,2,4,5,6];16:[4];26:[0,4,5,6];23:[0,3,4,6];7:[0,4,6];10:[4];27:[0,1,4,5,6];28:[2,4];3:[0,4,6];20:[2,4,6];18:[0,4,5,6];0:[4,6]","c8:bw=32,experts=[0,4,6]; c13:bw=37,experts=[4,5,6]; c9:bw=27,experts=[2]; c19:bw=43,experts=[0,1,4,6]; c21:bw=17,experts=[4]; c24:bw=43,experts=[0,2,4,6]; c14:bw=23,experts=[4,6]; c29:bw=62,experts=[0,1,2,4,5,6]; c12:bw=34,experts=[0,4,6]; c4:bw=10,experts=[4]; c11:bw=57,experts=[0,1,4,5,6]; c15:bw=31,experts=[0,4,6]; c17:bw=33,experts=[0,4,6]; c25:bw=32,experts=[4,6]; c1:bw=64,experts=[0,1,4,5,6]; c5:bw=31,experts=[0,4,6]; c2:bw=63,experts=[0,1,2,4,5,6]; c22:bw=16,experts=[4]; c6:bw=68,experts=[0,1,2,4,5,6]; c16:bw=27,experts=[4]; c26:bw=56,experts=[0,4,5,6]; c23:bw=41,experts=[0,3,4,6]; c7:bw=34,experts=[0,4,6]; c10:bw=23,experts=[4]; c27:bw=57,experts=[0,1,4,5,6]; c28:bw=35,experts=[2,4]; c3:bw=39,experts=[0,4,6]; c20:bw=46,experts=[2,4,6]; c18:bw=44,experts=[0,4,5,6]; c0:bw=29,experts=[4,6]","1.4026,1.9741,1.6375,1.7723,1.2439,1.4919,1.6021,3.8861,2.2834,2.5472,2.7876,1.4545,2.4622,2.5712,1.3328,3.7897,1.5551,1.9839,1.4151,2.1645,1.2639,1.5874,1.5830,3.0232,2.3715,1.9093,1.8783,2.4722,2.0639,1.3070"
51,2026-09-24 14:40:16,Ours,0.01,2.04011184179601,46.84,46.84,51,61.5738,1:01.57,59.8525,0.4749,1.243,3243.9444,54:03.94,30,"17,11,14,5,3,4,22,13,2,6,15,9,18,25,27,19,0,28,7,21,23,20,24,8,1,29,12,26,16,10",17:43;11:60;14:30;5:47;3:55;4:11;22:22;13:40;2:20;6:52;15:57;9:18;18:37;25:53;27:10;19:10;0:53;28:51;7:27;21:14;23:38;20:30;24:54;8:46;1:21;29:44;12:43;26:31;16:30;10:37,"17:[0,4,6];11:[0,1,2,4,5,6];14:[4,6];5:[0,4,5,6];3:[0,1,4,5,6];4:[4];22:[4,6];13:[0,4,5,6];2:[4,6];6:[0,4,5,6];15:[0,1,4,5,6];9:[];18:[4,6];25:[0,2,4,5,6];27:[2];19:[4];0:[0,1,4,5,6];28:[0,1,4,6];7:[4,6];21:[4];23:[0,4,6];20:[0,4,6];24:[0,1,4,5,6];8:[0,4,5,6];1:[2,4];29:[0,4,5,6];12:[0,4,6];26:[4,6,7];16:[4,6];10:[1,4,6]","c17:bw=43,experts=[0,4,6]; c11:bw=60,experts=[0,1,2,4,5,6]; c14:bw=30,experts=[4,6]; c5:bw=47,experts=[0,4,5,6]; c3:bw=55,experts=[0,1,4,5,6]; c4:bw=11,experts=[4]; c22:bw=22,experts=[4,6]; c13:bw=40,experts=[0,4,5,6]; c2:bw=20,experts=[4,6]; c6:bw=52,experts=[0,4,5,6]; c15:bw=57,experts=[0,1,4,5,6]; c9:bw=18,experts=[]; c18:bw=37,experts=[4,6]; c25:bw=53,experts=[0,2,4,5,6]; c27:bw=10,experts=[2]; c19:bw=10,experts=[4]; c0:bw=53,experts=[0,1,4,5,6]; c28:bw=51,experts=[0,1,4,6]; c7:bw=27,experts=[4,6]; c21:bw=14,experts=[4]; c23:bw=38,experts=[0,4,6]; c20:bw=30,experts=[0,4,6]; c24:bw=54,experts=[0,1,4,5,6]; c8:bw=46,experts=[0,4,5,6]; c1:bw=21,experts=[2,4]; c29:bw=44,experts=[0,4,5,6]; c12:bw=43,experts=[0,4,6]; c26:bw=31,experts=[4,6,7]; c16:bw=30,experts=[4,6]; c10:bw=37,experts=[1,4,6]","2.3793,2.7310,1.5987,3.7372,1.8709,2.4904,1.9720,1.9829,1.5199,1.3699,1.4072,1.6175,2.0362,2.4695,2.2061,1.7439,1.3114,1.9249,1.5759,1.2443,1.6138,2.4809,1.4892,1.3793,1.2865,3.8070,2.1518,1.2417,2.1742,3.0386"
52,2026-09-24 14:41:17,Ours,0.01,2.0705330449615444,46.1,46.84,51,61.0998,1:01.10,59.4846,0.4355,1.1765,3305.0737,55:05.07,30,"21,12,26,2,3,8,28,13,20,10,29,17,6,0,25,19,7,15,24,14,22,9,23,16,27,4,18,11,1,5",21:45;12:10;26:52;2:29;3:43;8:18;28:35;13:23;20:10;10:31;29:43;17:19;6:51;0:46;25:62;19:46;7:34;15:31;24:35;14:42;22:21;9:31;23:10;16:59;27:40;4:33;18:49;11:60;1:40;5:24,"21:[0,1,4,6];12:[3];26:[0,1,4,5,6];2:[4,6];3:[0,4,6];8:[2];28:[0,4,6];13:[4,6];20:[7];10:[0,4,6];29:[0,1,4,6];17:[];6:[0,4,5,6];0:[0,2,4,6];25:[0,1,4,5,6];19:[0,4,5,6];7:[2,4,7];15:[2,4,6];24:[0,4,6];14:[0,2,4,6];22:[2,4];9:[4,6];23:[2];16:[0,1,4,6,7];27:[0,4,6];4:[4,6,7];18:[0,4,6];11:[0,1,2,4,5,6];1:[0,1,4,6];5:[4]","c21:bw=45,experts=[0,1,4,6]; c12:bw=10,experts=[3]; c26:bw=52,experts=[0,1,4,5,6]; c2:bw=29,experts=[4,6]; c3:bw=43,experts=[0,4,6]; c8:bw=18,experts=[2]; c28:bw=35,experts=[0,4,6]; c13:bw=23,experts=[4,6]; c20:bw=10,experts=[7]; c10:bw=31,experts=[0,4,6]; c29:bw=43,experts=[0,1,4,6]; c17:bw=19,experts=[]; c6:bw=51,experts=[0,4,5,6]; c0:bw=46,experts=[0,2,4,6]; c25:bw=62,experts=[0,1,4,5,6]; c19:bw=46,experts=[0,4,5,6]; c7:bw=34,experts=[2,4,7]; c15:bw=31,experts=[2,4,6]; c24:bw=35,experts=[0,4,6]; c14:bw=42,experts=[0,2,4,6]; c22:bw=21,experts=[2,4]; c9:bw=31,experts=[4,6]; c23:bw=10,experts=[2]; c16:bw=59,experts=[0,1,4,6,7]; c27:bw=40,experts=[0,4,6]; c4:bw=33,experts=[4,6,7]; c18:bw=49,experts=[0,4,6]; c11:bw=60,experts=[0,1,2,4,5,6]; c1:bw=40,experts=[0,1,4,6]; c5:bw=24,experts=[4]","1.2689,2.1843,1.2790,1.5468,1.9113,1.4328,1.9600,1.9963,2.4779,3.0602,3.9028,2.3634,1.3927,1.3336,2.5017,1.7772,1.5816,1.4166,1.4830,1.6061,1.9814,1.6192,1.5272,2.0953,2.1567,2.3996,1.9801,2.5892,1.2283,3.4313"
53,2026-09-24 14:42:17,Ours,0.01,2.055629697693045,47.98,47.98,53,59.3593,0:59.36,57.636,0.4672,1.2527,3364.461,56:04.46,30,"27,4,0,5,22,18,28,24,11,3,19,17,10,1,7,2,29,21,26,13,23,20,16,6,15,9,14,25,12,8",27:58;4:28;0:39;5:44;22:10;18:17;28:66;24:37;11:11;3:47;19:10;17:28;10:52;1:59;7:44;2:51;29:46;21:37;26:39;13:10;23:10;20:62;16:44;6:36;15:27;9:61;14:34;25:44;12:45;8:22,"27:[0,1,4,5,6];4:[4,6];0:[4,6];5:[4,5,6];22:[7];18:[4];28:[0,1,2,4,5,6];24:[4,6];11:[];3:[0,4,6];19:[2];17:[4,6];10:[0,1,4,5,6];1:[0,1,4,5,6];7:[0,4,5,6];2:[0,1,4,5,6];29:[0,1,4,6];21:[4,6,7];26:[4,5,6];13:[];23:[];20:[0,1,2,4,5,6];16:[0,1,4,6];6:[0,4,6];15:[4];9:[0,1,4,5,6];14:[3,4,6];25:[1,4,5,6];12:[0,2,4,6];8:[4]","c27:bw=58,experts=[0,1,4,5,6]; c4:bw=28,experts=[4,6]; c0:bw=39,experts=[4,6]; c5:bw=44,experts=[4,5,6]; c22:bw=10,experts=[7]; c18:bw=17,experts=[4]; c28:bw=66,experts=[0,1,2,4,5,6]; c24:bw=37,experts=[4,6]; c11:bw=11,experts=[]; c3:bw=47,experts=[0,4,6]; c19:bw=10,experts=[2]; c17:bw=28,experts=[4,6]; c10:bw=52,experts=[0,1,4,5,6]; c1:bw=59,experts=[0,1,4,5,6]; c7:bw=44,experts=[0,4,5,6]; c2:bw=51,experts=[0,1,4,5,6]; c29:bw=46,experts=[0,1,4,6]; c21:bw=37,experts=[4,6,7]; c26:bw=39,experts=[4,5,6]; c13:bw=10,experts=[]; c23:bw=10,experts=[]; c20:bw=62,experts=[0,1,2,4,5,6]; c16:bw=44,experts=[0,1,4,6]; c6:bw=36,experts=[0,4,6]; c15:bw=27,experts=[4]; c9:bw=61,experts=[0,1,4,5,6]; c14:bw=34,experts=[3,4,6]; c25:bw=44,experts=[1,4,5,6]; c12:bw=45,experts=[0,2,4,6]; c8:bw=22,experts=[4]","2.1138,2.3276,1.2275,3.4636,1.7997,1.9215,1.7950,1.3771,2.4911,1.7312,1.6322,2.2057,2.8167,1.2004,1.4592,1.4919,3.8759,1.2441,1.2572,1.9466,1.5727,2.4987,2.1700,1.3565,1.3873,1.6542,1.5937,2.4709,2.1658,1.3883"
54,2026-09-24 14:43:19,Ours,0.01,2.0115033128604574,47.88,47.98,53,61.7052,1:01.71,59.9219,0.4832,1.2968,3426.1953,57:06.20,30,"17,22,21,29,18,13,24,19,20,9,0,25,15,8,5,26,3,16,14,6,27,7,10,4,28,1,12,11,2,23",17:27;22:16;21:71;29:44;18:33;13:55;24:80;19:21;20:52;9:50;0:37;25:57;15:32;8:55;5:10;26:37;3:30;16:10;14:33;6:54;27:46;7:61;10:10;4:32;28:48;1:53;12:74;11:58;2:10;23:40,"17:[4,6];22:[];21:[0,1,2,4,5,6];29:[0,4,6];18:[0,4,6];13:[0,1,2,4,6];24:[0,1,2,3,4,5,6,7];19:[4,6];20:[0,1,4,5,6];9:[0,1,4,5,6];0:[0,4,6];25:[0,1,4,5,6];15:[4,5,6];8:[0,1,4,5,6];5:[4];26:[4,5,6];3:[0,4,6];16:[4];14:[1,4];6:[0,1,4,5,6];27:[0,4,5,6];7:[0,1,4,5,6];10:[7];4:[4,5,6];28:[0,4,5,6];1:[0,1,4,5,6];12:[0,1,2,4,5,6];11:[0,1,4,5,6];2:[4];23:[4,5,6,7]","c17:bw=27,experts=[4,6]; c22:bw=16,experts=[]; c21:bw=71,experts=[0,1,2,4,5,6]; c29:bw=44,experts=[0,4,6]; c18:bw=33,experts=[0,4,6]; c13:bw=55,experts=[0,1,2,4,6]; c24:bw=80,experts=[0,1,2,3,4,5,6,7]; c19:bw=21,experts=[4,6]; c20:bw=52,experts=[0,1,4,5,6]; c9:bw=50,experts=[0,1,4,5,6]; c0:bw=37,experts=[0,4,6]; c25:bw=57,experts=[0,1,4,5,6]; c15:bw=32,experts=[4,5,6]; c8:bw=55,experts=[0,1,4,5,6]; c5:bw=10,experts=[4]; c26:bw=37,experts=[4,5,6]; c3:bw=30,experts=[0,4,6]; c16:bw=10,experts=[4]; c14:bw=33,experts=[1,4]; c6:bw=54,experts=[0,1,4,5,6]; c27:bw=46,experts=[0,4,5,6]; c7:bw=61,experts=[0,1,4,5,6]; c10:bw=10,experts=[7]; c4:bw=32,experts=[4,5,6]; c28:bw=48,experts=[0,4,5,6]; c1:bw=53,experts=[0,1,4,5,6]; c12:bw=74,experts=[0,1,2,4,5,6]; c11:bw=58,experts=[0,1,4,5,6]; c2:bw=10,experts=[4]; c23:bw=40,experts=[4,5,6,7]","2.3852,1.9523,1.2614,3.8801,2.0713,1.9922,1.4946,1.7603,2.4865,1.6663,1.2890,2.4738,1.3979,1.3774,3.6562,1.2275,1.8476,2.1235,1.5869,1.3670,2.2332,1.5660,3.0111,2.4938,1.9224,1.3017,2.1993,2.7492,1.5236,1.6246"
55,2026-09-24 14:44:21,Ours,0.01,1.977349129294695,48.27,48.27,55,62.1212,1:02.12,60.374,0.4748,1.2691,3488.3481,58:08.35,30,"22,27,7,28,1,23,5,18,26,10,0,4,3,25,8,24,9,14,21,15,11,20,16,19,13,6,2,17,29,12",22:47;27:27;7:54;28:57;1:60;23:10;5:53;18:70;26:33;10:57;0:27;4:14;3:52;25:26;8:14;24:16;9:62;14:33;21:10;15:30;11:40;20:35;16:57;19:60;13:24;6:42;2:41;17:39;29:26;12:62,"22:[0,1,4,5];27:[4,6];7:[0,1,4,5,6];28:[0,4,5,6,7];1:[0,1,2,4,5,6];23:[4];5:[0,1,4,6,7];18:[0,1,2,4,5,6,7];26:[0,4,6];10:[1,4,5,6];0:[4,6];4:[4];3:[2,4,5,6,7];25:[4];8:[4];24:[4];9:[0,1,4,5,6];14:[4,6];21:[4];15:[4,6];11:[0,4,5,6];20:[4,5,6];16:[2,4,5,6];19:[0,1,2,4,5,6];13:[4,6];6:[0,4,6];2:[0,4,5,6];17:[2,4,6];29:[4,6];12:[0,1,4,5,6]","c22:bw=47,experts=[0,1,4,5]; c27:bw=27,experts=[4,6]; c7:bw=54,experts=[0,1,4,5,6]; c28:bw=57,experts=[0,4,5,6,7]; c1:bw=60,experts=[0,1,2,4,5,6]; c23:bw=10,experts=[4]; c5:bw=53,experts=[0,1,4,6,7]; c18:bw=70,experts=[0,1,2,4,5,6,7]; c26:bw=33,experts=[0,4,6]; c10:bw=57,experts=[1,4,5,6]; c0:bw=27,experts=[4,6]; c4:bw=14,experts=[4]; c3:bw=52,experts=[2,4,5,6,7]; c25:bw=26,experts=[4]; c8:bw=14,experts=[4]; c24:bw=16,experts=[4]; c9:bw=62,experts=[0,1,4,5,6]; c14:bw=33,experts=[4,6]; c21:bw=10,experts=[4]; c15:bw=30,experts=[4,6]; c11:bw=40,experts=[0,4,5,6]; c20:bw=35,experts=[4,5,6]; c16:bw=57,experts=[2,4,5,6]; c19:bw=60,experts=[0,1,2,4,5,6]; c13:bw=24,experts=[4,6]; c6:bw=42,experts=[0,4,6]; c2:bw=41,experts=[0,4,5,6]; c17:bw=39,experts=[2,4,6]; c29:bw=26,experts=[4,6]; c12:bw=62,experts=[0,1,4,5,6]","2.0092,2.2837,1.6373,1.9650,1.3371,1.6254,3.8106,2.1519,1.2714,3.0844,1.3188,2.5745,1.8560,2.4475,1.3871,1.4536,1.6462,1.5742,1.2216,1.3837,2.7138,2.4847,2.1591,1.7771,1.9644,1.3521,1.5010,2.3754,3.8397,2.1675"
56,2026-09-24 14:45:23,Ours,0.01,2.0601887287124274,48.39,48.39,56,62.1923,1:02.19,60.4294,0.4665,1.2932,3550.5719,59:10.57,30,"9,25,26,28,2,27,19,12,22,1,21,7,6,5,18,10,17,29,11,3,16,23,8,14,13,20,0,15,24,4",9:52;25:37;26:37;28:24;2:53;27:43;19:10;12:38;22:29;1:56;21:49;7:18;6:23;5:31;18:54;10:20;17:10;29:53;11:26;3:10;16:42;23:41;8:13;14:42;13:18;20:52;0:70;15:35;24:33;4:10,"9:[0,3,4,6,7];25:[4,6];26:[2,4];28:[3,4];2:[3,4,5,6,7];27:[3,4,5,6];19:[];12:[4,5,6];22:[3,4];1:[3,4,5,6];21:[0,3,4,6];7:[3];6:[3,7];5:[3,4,6];18:[0,1,4,5,6];10:[3,4];17:[3];29:[0,3,4,6,7];11:[3];3:[];16:[0,3,4,6];23:[1,4,6];8:[3];14:[4,5,6,7];13:[3];20:[0,3,4,5,6];0:[0,1,2,4,5,6,7];15:[3,4,6];24:[4,6];4:[0]","c9:bw=52,experts=[0,3,4,6,7]; c25:bw=37,experts=[4,6]; c26:bw=37,experts=[2,4]; c28:bw=24,experts=[3,4]; c2:bw=53,experts=[3,4,5,6,7]; c27:bw=43,experts=[3,4,5,6]; c19:bw=10,experts=[]; c12:bw=38,experts=[4,5,6]; c22:bw=29,experts=[3,4]; c1:bw=56,experts=[3,4,5,6]; c21:bw=49,experts=[0,3,4,6]; c7:bw=18,experts=[3]; c6:bw=23,experts=[3,7]; c5:bw=31,experts=[3,4,6]; c18:bw=54,experts=[0,1,4,5,6]; c10:bw=20,experts=[3,4]; c17:bw=10,experts=[3]; c29:bw=53,experts=[0,3,4,6,7]; c11:bw=26,experts=[3]; c3:bw=10,experts=[]; c16:bw=42,experts=[0,3,4,6]; c23:bw=41,experts=[1,4,6]; c8:bw=13,experts=[3]; c14:bw=42,experts=[4,5,6,7]; c13:bw=18,experts=[3]; c20:bw=52,experts=[0,3,4,5,6]; c0:bw=70,experts=[0,1,2,4,5,6,7]; c15:bw=35,experts=[3,4,6]; c24:bw=33,experts=[4,6]; c4:bw=10,experts=[0]","1.6720,2.4978,1.2638,1.9390,1.5407,2.3216,1.7597,2.1551,1.9320,1.2879,1.2518,1.5632,1.3626,3.7195,2.0977,3.0489,2.3863,3.9209,2.7252,1.8834,2.2106,1.6412,1.4087,1.6307,1.9939,2.5409,1.3203,1.3997,1.4803,2.4741"
57,2026-09-24 14:46:25,Ours,0.01,2.0022128593107924,49.56,49.56,57,62.3915,1:02.39,60.616,0.4833,1.2888,3612.9957,1:00:13.00,30,"11,7,24,15,25,22,23,28,26,3,19,29,0,6,14,27,17,4,5,2,16,8,1,10,9,13,12,18,20,21",11:26;7:69;24:44;15:36;25:42;22:39;23:45;28:19;26:26;3:64;19:44;29:67;0:70;6:48;14:36;27:10;17:52;4:41;5:44;2:33;16:33;8:43;1:49;10:58;9:19;13:31;12:17;18:44;20:56;21:32,"11:[4,7];7:[0,1,4,5,6];24:[0,4,5,6];15:[4,6,7];25:[3,4,6,7];22:[4,5,6];23:[0,4,6];28:[4];26:[3];3:[0,3,4,5,6];19:[3,4,6,7];29:[0,1,2,4,5,6];0:[0,1,2,3,4,5,6];6:[4,5,6];14:[4,5,6];27:[7];17:[1,4,5,6,7];4:[1,2,3,4];5:[2,4,5,6];2:[0,4,6];16:[4,6];8:[4,5,6,7];1:[1,4,6,7];10:[0,1,2,4,6];9:[];13:[4,5,7];12:[];18:[3,4,5,6];20:[0,1,4,5,6];21:[4,6]","c11:bw=26,experts=[4,7]; c7:bw=69,experts=[0,1,4,5,6]; c24:bw=44,experts=[0,4,5,6]; c15:bw=36,experts=[4,6,7]; c25:bw=42,experts=[3,4,6,7]; c22:bw=39,experts=[4,5,6]; c23:bw=45,experts=[0,4,6]; c28:bw=19,experts=[4]; c26:bw=26,experts=[3]; c3:bw=64,experts=[0,3,4,5,6]; c19:bw=44,experts=[3,4,6,7]; c29:bw=67,experts=[0,1,2,4,5,6]; c0:bw=70,experts=[0,1,2,3,4,5,6]; c6:bw=48,experts=[4,5,6]; c14:bw=36,experts=[4,5,6]; c27:bw=10,experts=[7]; c17:bw=52,experts=[1,4,5,6,7]; c4:bw=41,experts=[1,2,3,4]; c5:bw=44,experts=[2,4,5,6]; c2:bw=33,experts=[0,4,6]; c16:bw=33,experts=[4,6]; c8:bw=43,experts=[4,5,6,7]; c1:bw=49,experts=[1,4,6,7]; c10:bw=58,experts=[0,1,2,4,6]; c9:bw=19,experts=[]; c13:bw=31,experts=[4,5,7]; c12:bw=17,experts=[]; c18:bw=44,experts=[3,4,5,6]; c20:bw=56,experts=[0,1,4,5,6]; c21:bw=32,experts=[4,6]","2.7980,1.6242,1.5219,1.4395,2.5284,1.9842,1.6101,1.9073,1.2367,1.8707,1.7827,3.8959,1.3229,1.3583,1.5722,2.2301,2.3476,2.5006,3.7201,1.5062,2.1860,1.4265,1.3340,3.0943,1.6863,2.0197,2.1918,2.1030,2.5588,1.2577"
58,2026-09-24 14:47:27,Ours,0.01,1.9819468162829716,49.7,49.7,58,61.7908,1:01.79,60.0505,0.473,1.2641,3674.8212,1:01:14.82,30,"25,6,18,9,0,22,20,17,24,19,15,11,29,26,7,21,10,1,4,13,3,8,14,28,12,5,27,2,23,16",25:39;6:55;18:50;9:57;0:47;22:61;20:53;17:12;24:10;19:43;15:38;11:47;29:38;26:34;7:24;21:73;10:43;1:30;4:38;13:40;3:61;8:40;14:22;28:10;12:29;5:35;27:36;2:10;23:30;16:42,"25:[0,4,6];6:[0,2,4,5,6];18:[0,4,5,6];9:[0,2,4,5,6];0:[4,5,6];22:[0,1,4,5,6];20:[0,1,4,5,6];17:[];24:[4];19:[0,4,6];15:[0,4,6];11:[0,4,5,6];29:[4,6];26:[4,6];7:[4,6];21:[0,1,2,4,5,6];10:[4,5,6];1:[4,5,6];4:[4,5,6];13:[0,4,5,6];3:[0,1,4,5,6];8:[0,4,6];14:[4,6];28:[4];12:[7];5:[0,4,6];27:[4,5,6];2:[2];23:[3,4,6];16:[0,1,4,6]","c25:bw=39,experts=[0,4,6]; c6:bw=55,experts=[0,2,4,5,6]; c18:bw=50,experts=[0,4,5,6]; c9:bw=57,experts=[0,2,4,5,6]; c0:bw=47,experts=[4,5,6]; c22:bw=61,experts=[0,1,4,5,6]; c20:bw=53,experts=[0,1,4,5,6]; c17:bw=12,experts=[]; c24:bw=10,experts=[4]; c19:bw=43,experts=[0,4,6]; c15:bw=38,experts=[0,4,6]; c11:bw=47,experts=[0,4,5,6]; c29:bw=38,experts=[4,6]; c26:bw=34,experts=[4,6]; c7:bw=24,experts=[4,6]; c21:bw=73,experts=[0,1,2,4,5,6]; c10:bw=43,experts=[4,5,6]; c1:bw=30,experts=[4,5,6]; c4:bw=38,experts=[4,5,6]; c13:bw=40,experts=[0,4,5,6]; c3:bw=61,experts=[0,1,4,5,6]; c8:bw=40,experts=[0,4,6]; c14:bw=22,experts=[4,6]; c28:bw=10,experts=[4]; c12:bw=29,experts=[7]; c5:bw=35,experts=[0,4,6]; c27:bw=36,experts=[4,5,6]; c2:bw=10,experts=[2]; c23:bw=30,experts=[3,4,6]; c16:bw=42,experts=[0,1,4,6]","2.5422,1.4160,2.1499,1.7021,1.3328,1.9788,2.5354,2.3471,1.4750,1.7715,1.4115,2.7261,3.8296,1.2310,1.5562,1.2549,3.0049,1.2734,2.4956,1.9847,1.8843,1.4050,1.5943,1.8991,2.1207,3.6613,2.2171,1.4954,1.5954,2.1592"
59,2026-09-24 14:48:29,Ours,0.01,1.9371730636404287,50.29,50.29,59,61.4708,1:01.47,59.7414,0.4662,1.2599,3736.3243,1:02:16.32,30,"19,6,3,13,25,8,20,29,9,2,28,27,0,16,18,11,12,21,22,24,17,15,4,7,5,14,23,1,26,10",19:14;6:19;3:35;13:13;25:57;8:56;20:68;29:55;9:28;2:37;28:19;27:34;0:52;16:23;18:10;11:34;12:47;21:29;22:43;24:36;17:55;15:50;4:26;7:28;5:32;14:40;23:36;1:65;26:43;10:26,"19:[4];6:[4];3:[0,4,6];13:[4];25:[0,2,4,5,6];8:[0,1,4,5,6];20:[0,1,2,4,5,6];29:[0,1,4,5,6];9:[4,6];2:[4,5,6];28:[4];27:[2,4,6];0:[0,1,4,5,6];16:[4,6];18:[4];11:[4,5,6];12:[0,4,6];21:[4];22:[0,4,5,6];24:[0,4,6];17:[0,1,4,5,6];15:[0,1,4,5,6];4:[4];7:[4,6];5:[1,4,6];14:[0,4,5,6];23:[4,6];1:[0,1,2,4,5,6];26:[4,6,7];10:[4]","c19:bw=14,experts=[4]; c6:bw=19,experts=[4]; c3:bw=35,experts=[0,4,6]; c13:bw=13,experts=[4]; c25:bw=57,experts=[0,2,4,5,6]; c8:bw=56,experts=[0,1,4,5,6]; c20:bw=68,experts=[0,1,2,4,5,6]; c29:bw=55,experts=[0,1,4,5,6]; c9:bw=28,experts=[4,6]; c2:bw=37,experts=[4,5,6]; c28:bw=19,experts=[4]; c27:bw=34,experts=[2,4,6]; c0:bw=52,experts=[0,1,4,5,6]; c16:bw=23,experts=[4,6]; c18:bw=10,experts=[4]; c11:bw=34,experts=[4,5,6]; c12:bw=47,experts=[0,4,6]; c21:bw=29,experts=[4]; c22:bw=43,experts=[0,4,5,6]; c24:bw=36,experts=[0,4,6]; c17:bw=55,experts=[0,1,4,5,6]; c15:bw=50,experts=[0,1,4,5,6]; c4:bw=26,experts=[4]; c7:bw=28,experts=[4,6]; c5:bw=32,experts=[1,4,6]; c14:bw=40,experts=[0,4,5,6]; c23:bw=36,experts=[4,6]; c1:bw=65,experts=[0,1,2,4,5,6]; c26:bw=43,experts=[4,6,7]; c10:bw=26,experts=[4]","1.7727,1.3342,1.8323,1.9529,2.5309,1.4121,2.5044,3.9441,1.6372,1.5128,1.8955,2.2420,1.3133,2.1476,2.0376,2.6688,2.1471,1.2194,1.9380,1.4728,2.3748,1.3988,2.4407,1.5606,3.6565,1.6664,1.5915,1.2941,1.2347,3.0074"
60,2026-09-24 14:49:31,Ours,0.01,1.9507863915284784,49.68,50.29,59,62.2664,1:02.27,60.4921,0.4857,1.2853,3798.6239,1:03:18.62,30,"14,25,11,26,28,1,13,17,24,16,2,29,19,20,21,4,6,5,3,9,22,10,12,8,27,0,7,15,18,23",14:42;25:45;11:40;26:41;28:35;1:54;13:59;17:39;24:26;16:63;2:30;29:30;19:60;20:78;21:37;4:30;6:59;5:33;3:44;9:10;22:45;10:10;12:16;8:24;27:27;0:53;7:48;15:51;18:26;23:55,"14:[2,4,6];25:[0,4,5,6];11:[0,2,4,6];26:[1,4,6];28:[4,5,6];1:[0,1,4,5,6];13:[0,1,4,5,6];17:[4,5,6];24:[4,6];16:[0,1,4,6,7];2:[4,6];29:[0,4,6];19:[0,1,2,4,5,6];20:[0,1,4,5,6,7];21:[4,5,6];4:[4,6,7];6:[0,1,4,5,6];5:[4,6];3:[0,1,4,6];9:[4];22:[2,4,5,6];10:[4];12:[3];8:[2];27:[4,6];0:[0,1,4,5,6];7:[2,4,7];15:[0,2,4,5,6];18:[4,6];23:[0,2,4,6]","c14:bw=42,experts=[2,4,6]; c25:bw=45,experts=[0,4,5,6]; c11:bw=40,experts=[0,2,4,6]; c26:bw=41,experts=[1,4,6]; c28:bw=35,experts=[4,5,6]; c1:bw=54,experts=[0,1,4,5,6]; c13:bw=59,experts=[0,1,4,5,6]; c17:bw=39,experts=[4,5,6]; c24:bw=26,experts=[4,6]; c16:bw=63,experts=[0,1,4,6,7]; c2:bw=30,experts=[4,6]; c29:bw=30,experts=[0,4,6]; c19:bw=60,experts=[0,1,2,4,5,6]; c20:bw=78,experts=[0,1,4,5,6,7]; c21:bw=37,experts=[4,5,6]; c4:bw=30,experts=[4,6,7]; c6:bw=59,experts=[0,1,4,5,6]; c5:bw=33,experts=[4,6]; c3:bw=44,experts=[0,1,4,6]; c9:bw=10,experts=[4]; c22:bw=45,experts=[2,4,5,6]; c10:bw=10,experts=[4]; c12:bw=16,experts=[3]; c8:bw=24,experts=[2]; c27:bw=27,experts=[4,6]; c0:bw=53,experts=[0,1,4,5,6]; c7:bw=48,experts=[2,4,7]; c15:bw=51,experts=[0,2,4,5,6]; c18:bw=26,experts=[4,6]; c23:bw=55,experts=[0,2,4,6]","1.6196,2.5293,2.7477,1.2634,1.9348,1.2968,2.0010,2.4234,1.4950,2.2238,1.5509,3.8534,1.7825,2.5091,1.2335,2.4905,1.3724,3.6993,1.8610,1.6446,1.9658,3.0423,2.1804,1.4189,2.2718,1.3429,1.5761,1.4295,2.1117,1.6201"
61,2026-09-24 14:50:33,Ours,0.01,1.9660462266567114,50.15,50.29,59,61.7938,1:01.79,60.0483,0.4767,1.2656,3860.4521,1:04:20.45,30,"0,14,29,20,18,3,21,10,4,19,22,9,27,24,17,5,15,2,25,26,7,23,8,16,13,12,1,6,11,28",0:60;14:38;29:13;20:58;18:50;3:43;21:59;10:11;4:38;19:52;22:12;9:38;27:50;24:39;17:46;5:49;15:16;2:29;25:59;26:17;7:43;23:28;8:55;16:38;13:34;12:27;1:33;6:37;11:39;28:19,"0:[0,1,2,4,5,6];14:[3,4,6];29:[4];20:[0,1,4,5,6];18:[0,1,4,5,6];3:[4,5,6];21:[4,5,6,7];10:[];4:[4,5,6];19:[0,1,4,5,6];22:[];9:[4,6];27:[0,1,4,5,6];24:[0,4,6];17:[0,4,5,6];5:[0,4,5,6];15:[4];2:[1];25:[0,1,4,5,6];26:[4];7:[0,4,5,6];23:[4];8:[0,1,4,5,6];16:[1,4,6];13:[0,4,6];12:[4,6];1:[4,6];6:[4,5,6];11:[4,5,6];28:[1]","c0:bw=60,experts=[0,1,2,4,5,6]; c14:bw=38,experts=[3,4,6]; c29:bw=13,experts=[4]; c20:bw=58,experts=[0,1,4,5,6]; c18:bw=50,experts=[0,1,4,5,6]; c3:bw=43,experts=[4,5,6]; c21:bw=59,experts=[4,5,6,7]; c10:bw=11,experts=[]; c4:bw=38,experts=[4,5,6]; c19:bw=52,experts=[0,1,4,5,6]; c22:bw=12,experts=[]; c9:bw=38,experts=[4,6]; c27:bw=50,experts=[0,1,4,5,6]; c24:bw=39,experts=[0,4,6]; c17:bw=46,experts=[0,4,5,6]; c5:bw=49,experts=[0,4,5,6]; c15:bw=16,experts=[4]; c2:bw=29,experts=[1]; c25:bw=59,experts=[0,1,4,5,6]; c26:bw=17,experts=[4]; c7:bw=43,experts=[0,4,5,6]; c23:bw=28,experts=[4]; c8:bw=55,experts=[0,1,4,5,6]; c16:bw=38,experts=[1,4,6]; c13:bw=34,experts=[0,4,6]; c12:bw=27,experts=[4,6]; c1:bw=33,experts=[4,6]; c6:bw=37,experts=[4,5,6]; c11:bw=39,experts=[4,5,6]; c28:bw=19,experts=[1]","1.3664,1.6257,3.8533,2.5298,2.1084,1.8648,1.2541,2.9777,2.4791,1.7680,1.9340,1.6370,2.2491,1.4554,2.3859,3.7159,1.3859,1.4926,2.5085,1.2505,1.5785,1.6081,1.4184,2.1915,1.9724,2.1680,1.2722,1.3863,2.7085,1.9021"
62,2026-09-24 14:51:35,Ours,0.01,1.9625724719947621,50.79,50.79,62,62.3651,1:02.37,60.601,0.4751,1.2859,3922.8518,1:05:22.85,30,"24,12,4,1,8,18,7,19,5,22,6,25,15,2,10,3,27,14,13,20,17,23,0,29,9,28,21,11,16,26",24:37;12:11;4:60;1:75;8:13;18:26;7:44;19:42;5:67;22:13;6:62;25:65;15:46;2:42;10:21;3:53;27:36;14:14;13:30;20:31;17:19;23:44;0:28;29:52;9:16;28:46;21:33;11:36;16:26;26:49,"24:[1,2,3];12:[2];4:[0,1,2,4,5,6];1:[0,1,2,4,5,6,7];8:[];18:[4,6];7:[0,4,5,6];19:[0,1,4,6];5:[0,1,2,4,5,6];22:[7];6:[0,1,2,4,5,6];25:[0,1,2,4,5,6];15:[0,4,5,6];2:[0,4,6];10:[4,7];3:[0,1,4,5,6];27:[0,4,6];14:[1];13:[2,4,6];20:[4,5,6];17:[4];23:[4,5,6,7];0:[4,6];29:[0,1,4,5,6];9:[4];28:[0,2,4,6];21:[4,5,6];11:[1,4,6];16:[4,6];26:[0,4,5,6]","c24:bw=37,experts=[1,2,3]; c12:bw=11,experts=[2]; c4:bw=60,experts=[0,1,2,4,5,6]; c1:bw=75,experts=[0,1,2,4,5,6,7]; c8:bw=13,experts=[]; c18:bw=26,experts=[4,6]; c7:bw=44,experts=[0,4,5,6]; c19:bw=42,experts=[0,1,4,6]; c5:bw=67,experts=[0,1,2,4,5,6]; c22:bw=13,experts=[7]; c6:bw=62,experts=[0,1,2,4,5,6]; c25:bw=65,experts=[0,1,2,4,5,6]; c15:bw=46,experts=[0,4,5,6]; c2:bw=42,experts=[0,4,6]; c10:bw=21,experts=[4,7]; c3:bw=53,experts=[0,1,4,5,6]; c27:bw=36,experts=[0,4,6]; c14:bw=14,experts=[1]; c13:bw=30,experts=[2,4,6]; c20:bw=31,experts=[4,5,6]; c17:bw=19,experts=[4]; c23:bw=44,experts=[4,5,6,7]; c0:bw=28,experts=[4,6]; c29:bw=52,experts=[0,1,4,5,6]; c9:bw=16,experts=[4]; c28:bw=46,experts=[0,2,4,6]; c21:bw=33,experts=[4,5,6]; c11:bw=36,experts=[1,4,6]; c16:bw=26,experts=[4,6]; c26:bw=49,experts=[0,4,5,6]","1.4826,2.1691,2.5513,1.3199,1.4119,2.1090,1.5961,1.8113,3.8087,1.9740,1.4229,2.5651,1.4425,1.5284,3.0446,1.8975,2.2821,1.5784,1.9752,2.4791,2.3485,1.5953,1.3096,3.8904,1.6542,1.9202,1.2547,2.7121,2.1930,1.2732"
63,2026-09-24 14:52:37,Ours,0.01,1.9042480165659188,50.95,50.95,63,62.0234,1:02.02,60.2261,0.4775,1.3163,3984.909,1:06:24.91,30,"9,23,17,18,15,11,22,21,4,7,0,24,25,19,5,26,28,20,27,10,14,6,8,12,2,16,3,29,13,1",9:21;23:26;17:37;18:47;15:61;11:45;22:80;21:31;4:52;7:68;0:41;24:33;25:61;19:34;5:10;26:44;28:38;20:51;27:34;10:27;14:41;6:34;8:32;12:51;2:28;16:58;3:52;29:10;13:58;1:50,"9:[1,4];23:[4,6];17:[2,4,6];18:[2,4,7];15:[0,1,4,5,6];11:[0,4,6];22:[0,1,2,3,4,5,6,7];21:[0,4,6];4:[0,1,4,5,6];7:[0,1,4,5,6];0:[0,4,5,6];24:[4,6,7];25:[0,1,2,4,5,6];19:[4,6];5:[7];26:[0,4,5,6];28:[4,6,7];20:[0,1,4,5,6];27:[4,6];10:[4,6];14:[1,4,6];6:[0,4,6];8:[0,4,6];12:[0,1,4,5,6];2:[4,6];16:[0,2,4,5,6];3:[0,2,4,6,7];29:[4];13:[0,4,5,6];1:[0,4,5,6]","c9:bw=21,experts=[1,4]; c23:bw=26,experts=[4,6]; c17:bw=37,experts=[2,4,6]; c18:bw=47,experts=[2,4,7]; c15:bw=61,experts=[0,1,4,5,6]; c11:bw=45,experts=[0,4,6]; c22:bw=80,experts=[0,1,2,3,4,5,6,7]; c21:bw=31,experts=[0,4,6]; c4:bw=52,experts=[0,1,4,5,6]; c7:bw=68,experts=[0,1,4,5,6]; c0:bw=41,experts=[0,4,5,6]; c24:bw=33,experts=[4,6,7]; c25:bw=61,experts=[0,1,2,4,5,6]; c19:bw=34,experts=[4,6]; c5:bw=10,experts=[7]; c26:bw=44,experts=[0,4,5,6]; c28:bw=38,experts=[4,6,7]; c20:bw=51,experts=[0,1,4,5,6]; c27:bw=34,experts=[4,6]; c10:bw=27,experts=[4,6]; c14:bw=41,experts=[1,4,6]; c6:bw=34,experts=[0,4,6]; c8:bw=32,experts=[0,4,6]; c12:bw=51,experts=[0,1,4,5,6]; c2:bw=28,experts=[4,6]; c16:bw=58,experts=[0,2,4,5,6]; c3:bw=52,experts=[0,2,4,6,7]; c29:bw=10,experts=[4]; c13:bw=58,experts=[0,4,5,6]; c1:bw=50,experts=[0,4,5,6]","1.6749,1.6332,2.3999,2.1277,1.4347,2.6867,1.9758,1.2610,2.5127,1.5956,1.3179,1.4849,2.5101,1.7663,3.6930,1.2609,1.9160,2.4852,2.2449,3.0299,1.6100,1.3777,1.3933,2.1534,1.5035,2.1691,1.8451,3.8656,1.9949,1.3022"
64,2026-09-24 14:53:39,Ours,0.01,1.9554955520550112,51.36,51.36,64,62.1617,1:02.16,60.4262,0.466,1.2663,4047.1052,1:07:27.11,30,"9,18,12,3,22,24,21,6,13,29,27,8,20,7,10,15,19,23,17,11,16,28,1,14,5,25,0,26,2,4",9:59;18:37;12:27;3:38;22:58;24:12;21:47;6:50;13:42;29:19;27:25;8:53;20:39;7:34;10:49;15:59;19:10;23:55;17:10;11:57;16:16;28:15;1:28;14:46;5:24;25:66;0:32;26:26;2:56;4:38,"9:[0,3,4,6,7];18:[0,4,6];12:[4];3:[0,4,6];22:[0,1,4,5,6];24:[4];21:[0,3,4,6];6:[0,3,4,6,7];13:[0,3,4,6];29:[];27:[3,4];8:[0,1,3,4,6];20:[3,4,6];7:[3,4,6];10:[1,3,4,6];15:[0,3,4,5,6];19:[];23:[0,1,4,5,6];17:[];11:[0,3,4,5,6];16:[3];28:[3];1:[3];14:[1,4,6,7];5:[3,4];25:[0,1,4,5,6];0:[4,6,7];26:[2,4];2:[0,3,4,6,7];4:[0,4,6]","c9:bw=59,experts=[0,3,4,6,7]; c18:bw=37,experts=[0,4,6]; c12:bw=27,experts=[4]; c3:bw=38,experts=[0,4,6]; c22:bw=58,experts=[0,1,4,5,6]; c24:bw=12,experts=[4]; c21:bw=47,experts=[0,3,4,6]; c6:bw=50,experts=[0,3,4,6,7]; c13:bw=42,experts=[0,3,4,6]; c29:bw=19,experts=[]; c27:bw=25,experts=[3,4]; c8:bw=53,experts=[0,1,3,4,6]; c20:bw=39,experts=[3,4,6]; c7:bw=34,experts=[3,4,6]; c10:bw=49,experts=[1,3,4,6]; c15:bw=59,experts=[0,3,4,5,6]; c19:bw=10,experts=[]; c23:bw=55,experts=[0,1,4,5,6]; c17:bw=10,experts=[]; c11:bw=57,experts=[0,3,4,5,6]; c16:bw=16,experts=[3]; c28:bw=15,experts=[3]; c1:bw=28,experts=[3]; c14:bw=46,experts=[1,4,6,7]; c5:bw=24,experts=[3,4]; c25:bw=66,experts=[0,1,4,5,6]; c0:bw=32,experts=[4,6,7]; c26:bw=26,experts=[2,4]; c2:bw=56,experts=[0,3,4,6,7]; c4:bw=38,experts=[0,4,6]","1.6925,2.1117,2.1843,1.8882,1.9878,1.4801,1.2644,1.3895,1.9841,3.8736,2.2641,1.4284,2.4933,1.5685,3.0442,1.4333,1.7785,1.6292,2.3677,2.7338,2.1868,1.9312,1.3023,1.5825,3.7095,2.4868,1.3131,1.2450,1.5848,2.4870"
65,2026-09-24 14:54:41,Ours,0.01,1.956347330940076,51.24,51.36,64,61.5682,1:01.57,59.7957,0.4765,1.2926,4108.7059,1:08:28.71,30,"26,7,10,18,0,27,24,1,9,4,12,21,17,15,5,8,3,29,16,6,22,14,13,19,2,25,23,20,11,28",26:29;7:10;10:26;18:18;0:41;27:30;24:55;1:58;9:47;4:57;12:44;21:42;17:26;15:38;5:29;8:66;3:42;29:10;16:45;6:50;22:51;14:45;13:48;19:28;2:28;25:64;23:10;20:35;11:10;28:31,"26:[3,4];7:[4];10:[0,2];18:[3];0:[0,3,4,6];27:[4,6,7];24:[0,1,4,5,6];1:[0,1,4,5,6];9:[0,4,5,6];4:[0,3,4,6];12:[0,4,6];21:[0,4,5,6];17:[3];15:[4,6,7];5:[4,6];8:[0,1,4,5,6,7];3:[3,4,6];29:[];16:[0,4,6];6:[0,4,5,6];22:[0,1,4,5,6];14:[0,4,5,6];13:[0,4,6,7];19:[3];2:[4,6];25:[0,1,3,4,6,7];23:[];20:[0,4,6];11:[7];28:[4,5,6]","c26:bw=29,experts=[3,4]; c7:bw=10,experts=[4]; c10:bw=26,experts=[0,2]; c18:bw=18,experts=[3]; c0:bw=41,experts=[0,3,4,6]; c27:bw=30,experts=[4,6,7]; c24:bw=55,experts=[0,1,4,5,6]; c1:bw=58,experts=[0,1,4,5,6]; c9:bw=47,experts=[0,4,5,6]; c4:bw=57,experts=[0,3,4,6]; c12:bw=44,experts=[0,4,6]; c21:bw=42,experts=[0,4,5,6]; c17:bw=26,experts=[3]; c15:bw=38,experts=[4,6,7]; c5:bw=29,experts=[4,6]; c8:bw=66,experts=[0,1,4,5,6,7]; c3:bw=42,experts=[3,4,6]; c29:bw=10,experts=[]; c16:bw=45,experts=[0,4,6]; c6:bw=50,experts=[0,4,5,6]; c22:bw=51,experts=[0,1,4,5,6]; c14:bw=45,experts=[0,4,5,6]; c13:bw=48,experts=[0,4,6,7]; c19:bw=28,experts=[3]; c2:bw=28,experts=[4,6]; c25:bw=64,experts=[0,1,3,4,6,7]; c23:bw=10,experts=[]; c20:bw=35,experts=[0,4,6]; c11:bw=10,experts=[7]; c28:bw=31,experts=[4,5,6]","1.2595,1.5885,3.0199,2.1081,1.3223,2.2764,1.4864,1.2928,1.6416,2.4837,2.1599,1.2396,2.3479,1.3905,3.7130,1.4120,1.8611,3.7823,2.1655,1.3622,1.9815,1.6021,1.9895,1.7549,1.5115,2.4945,1.5668,2.4540,2.6234,1.9044"
66,2026-09-24 14:55:43,Ours,0.01,1.9030015163848986,51.81,51.81,66,61.7771,1:01.78,60.0454,0.4769,1.2516,4170.519,1:09:30.52,30,"15,2,4,6,9,18,1,26,19,22,3,23,21,27,28,11,16,20,24,7,8,25,0,12,10,5,14,13,17,29",15:50;2:41;4:41;6:30;9:31;18:24;1:54;26:54;19:56;22:69;3:66;23:14;21:41;27:42;28:68;11:10;16:59;20:52;24:30;7:50;8:24;25:30;0:38;12:42;10:46;5:17;14:23;13:32;17:35;29:31,"15:[0,1,4,5,6];2:[0,2,4,6];4:[1,4,6];6:[4,6];9:[2,4,6];18:[4,6];1:[0,1,4,5,6];26:[0,2,4,5,6];19:[0,1,4,6,7];22:[0,1,2,4,5,6];3:[0,1,2,4,5,6];23:[3];21:[1,2,4,6];27:[0,4,5,6];28:[0,1,4,5,6];11:[4];16:[0,1,4,5,6];20:[0,1,4,5,6];24:[0,4,6];7:[0,1,4,5,6];8:[4,6];25:[4,5,6];0:[0,4,6];12:[0,4,6,7];10:[4,5,6];5:[4];14:[4,6];13:[0,4,6];17:[4,6,7];29:[2,3,7]","c15:bw=50,experts=[0,1,4,5,6]; c2:bw=41,experts=[0,2,4,6]; c4:bw=41,experts=[1,4,6]; c6:bw=30,experts=[4,6]; c9:bw=31,experts=[2,4,6]; c18:bw=24,experts=[4,6]; c1:bw=54,experts=[0,1,4,5,6]; c26:bw=54,experts=[0,2,4,5,6]; c19:bw=56,experts=[0,1,4,6,7]; c22:bw=69,experts=[0,1,2,4,5,6]; c3:bw=66,experts=[0,1,2,4,5,6]; c23:bw=14,experts=[3]; c21:bw=41,experts=[1,2,4,6]; c27:bw=42,experts=[0,4,5,6]; c28:bw=68,experts=[0,1,4,5,6]; c11:bw=10,experts=[4]; c16:bw=59,experts=[0,1,4,5,6]; c20:bw=52,experts=[0,1,4,5,6]; c24:bw=30,experts=[0,4,6]; c7:bw=50,experts=[0,1,4,5,6]; c8:bw=24,experts=[4,6]; c25:bw=30,experts=[4,5,6]; c0:bw=38,experts=[0,4,6]; c12:bw=42,experts=[0,4,6,7]; c10:bw=46,experts=[4,5,6]; c5:bw=17,experts=[4]; c14:bw=23,experts=[4,6]; c13:bw=32,experts=[0,4,6]; c17:bw=35,experts=[4,6,7]; c29:bw=31,experts=[2,3,7]","1.4501,1.5542,2.5506,1.3776,1.6766,2.0826,1.2917,1.2529,1.7655,1.9562,1.9062,1.6114,1.2520,2.2491,1.9187,2.6833,2.1798,2.4911,1.4652,1.5621,1.3893,2.4597,1.3028,2.1668,3.0135,3.6768,1.5836,1.9636,2.3644,3.8478"
67,2026-09-24 14:56:45,Ours,0.01,1.8728359599611333,51.9,51.9,67,61.8247,1:01.82,60.1117,0.4652,1.2445,4232.3785,1:10:32.38,30,"4,15,3,16,18,25,29,26,24,2,10,7,27,11,20,9,22,14,17,13,23,5,1,6,21,19,28,0,12,8",4:51;15:49;3:25;16:53;18:31;25:51;29:25;26:31;24:44;2:43;10:36;7:59;27:59;11:43;20:27;9:60;22:47;14:18;17:48;13:39;23:53;5:48;1:36;6:53;21:53;19:14;28:10;0:32;12:44;8:10,"4:[0,1,4,5,6];15:[0,1,4,6];3:[4,6];16:[0,1,4,5,6];18:[0,4,6];25:[0,4,5,6];29:[4];26:[4,6,7];24:[0,1,4,6];2:[0,4,5,6];10:[0,4,6];7:[0,1,4,5,6];27:[0,1,2,4,6];11:[0,4,5,6];20:[2,4];9:[0,1,4,5,6];22:[4,5,6];14:[4];17:[1,4,5,6];13:[0,4,6];23:[0,4,5,6];5:[0,4,5,6];1:[4,5,6];6:[0,1,4,5,6];21:[0,2,4,5,6];19:[4];28:[4];0:[0,4,6];12:[0,4,6];8:[4]","c4:bw=51,experts=[0,1,4,5,6]; c15:bw=49,experts=[0,1,4,6]; c3:bw=25,experts=[4,6]; c16:bw=53,experts=[0,1,4,5,6]; c18:bw=31,experts=[0,4,6]; c25:bw=51,experts=[0,4,5,6]; c29:bw=25,experts=[4]; c26:bw=31,experts=[4,6,7]; c24:bw=44,experts=[0,1,4,6]; c2:bw=43,experts=[0,4,5,6]; c10:bw=36,experts=[0,4,6]; c7:bw=59,experts=[0,1,4,5,6]; c27:bw=59,experts=[0,1,2,4,6]; c11:bw=43,experts=[0,4,5,6]; c20:bw=27,experts=[2,4]; c9:bw=60,experts=[0,1,4,5,6]; c22:bw=47,experts=[4,5,6]; c14:bw=18,experts=[4]; c17:bw=48,experts=[1,4,5,6]; c13:bw=39,experts=[0,4,6]; c23:bw=53,experts=[0,4,5,6]; c5:bw=48,experts=[0,4,5,6]; c1:bw=36,experts=[4,5,6]; c6:bw=53,experts=[0,1,4,5,6]; c21:bw=53,experts=[0,2,4,5,6]; c19:bw=14,experts=[4]; c28:bw=10,experts=[4]; c0:bw=32,experts=[0,4,6]; c12:bw=44,experts=[0,4,6]; c8:bw=10,experts=[4]","2.5579,1.4373,1.9054,2.2192,2.0897,2.4909,3.8579,1.2584,1.4957,1.5177,3.0128,1.5785,2.2636,2.7212,2.4713,1.6698,1.9550,1.5862,2.4091,1.9712,1.5993,3.6654,1.2802,1.3575,1.2389,1.7555,1.9078,1.3115,2.1449,1.3818"
68,2026-09-24 14:57:46,Ours,0.01,1.898076871669782,52.36,52.36,68,61.3879,1:01.39,59.6406,0.4726,1.2715,4293.8016,1:11:33.80,30,"27,22,0,7,4,21,16,12,17,23,18,25,11,20,1,24,13,9,8,2,5,3,15,28,10,6,26,14,19,29",27:48;22:15;0:30;7:28;4:49;21:29;16:54;12:67;17:72;23:46;18:54;25:47;11:14;20:38;1:42;24:32;13:35;9:15;8:31;2:58;5:45;3:26;15:28;28:40;10:31;6:32;26:40;14:10;19:28;29:57,"27:[0,1,4,6];22:[4];0:[0,4,6];7:[2];4:[4,6,7];21:[4,6];16:[0,1,4,6,7];12:[0,2,3,4,5,6];17:[0,1,2,4,5,6,7];23:[0,2,4,6];18:[0,1,4,5,6];25:[0,4,5,6];11:[];20:[4,7];1:[0,1,4,6];24:[4,6];13:[1,4];9:[4];8:[2,4,6];2:[0,1,4,5,6];5:[0,1,4,6];3:[4];15:[2,4];28:[1,4,6];10:[4,5,6];6:[0,4,6];26:[1,4,5,6];14:[2];19:[2,4];29:[0,1,4,5,6]","c27:bw=48,experts=[0,1,4,6]; c22:bw=15,experts=[4]; c0:bw=30,experts=[0,4,6]; c7:bw=28,experts=[2]; c4:bw=49,experts=[4,6,7]; c21:bw=29,experts=[4,6]; c16:bw=54,experts=[0,1,4,6,7]; c12:bw=67,experts=[0,2,3,4,5,6]; c17:bw=72,experts=[0,1,2,4,5,6,7]; c23:bw=46,experts=[0,2,4,6]; c18:bw=54,experts=[0,1,4,5,6]; c25:bw=47,experts=[0,4,5,6]; c11:bw=14,experts=[]; c20:bw=38,experts=[4,7]; c1:bw=42,experts=[0,1,4,6]; c24:bw=32,experts=[4,6]; c13:bw=35,experts=[1,4]; c9:bw=15,experts=[4]; c8:bw=31,experts=[2,4,6]; c2:bw=58,experts=[0,1,4,5,6]; c5:bw=45,experts=[0,1,4,6]; c3:bw=26,experts=[4]; c15:bw=28,experts=[2,4]; c28:bw=40,experts=[1,4,6]; c10:bw=31,experts=[4,5,6]; c6:bw=32,experts=[0,4,6]; c26:bw=40,experts=[1,4,5,6]; c14:bw=10,experts=[2]; c19:bw=28,experts=[2,4]; c29:bw=57,experts=[0,1,4,5,6]","2.2246,1.9346,1.3173,1.5753,2.4936,1.2393,2.1923,2.1593,2.3814,1.5774,2.0708,2.4380,2.6175,2.4317,1.2746,1.4603,1.9289,1.6134,1.3766,1.5004,3.8020,1.8453,1.3935,1.9028,3.0106,1.3831,1.2517,1.5801,1.7781,3.8861"
69,2026-09-24 14:58:48,Ours,0.01,1.868388376031198,52.93,52.93,69,61.468,1:01.47,59.7683,0.4768,1.2197,4355.3059,1:12:35.31,30,"10,16,1,26,13,19,23,3,7,29,14,6,0,24,15,12,28,9,2,8,4,21,27,25,5,17,11,18,22,20",10:16;16:60;1:31;26:42;13:67;19:43;23:33;3:41;7:58;29:34;14:37;6:26;0:52;24:53;15:20;12:10;28:58;9:35;2:66;8:42;4:41;21:58;27:46;25:31;5:39;17:48;11:45;18:10;22:44;20:28,"10:[4];16:[0,1,4,5,6];1:[1,4,6];26:[0,1,4,6];13:[0,1,2,4,5,6];19:[0,4,5,6];23:[0,4,6];3:[0,4,6];7:[0,4,5,6,7];29:[0,4,6];14:[3,4,6];6:[4];0:[0,1,2,4,6];24:[0,1,4,5,6];15:[4,6];12:[];28:[0,1,4,5,6];9:[0,4,6];2:[0,1,2,4,5,6];8:[0,4,5,6];4:[0,4,5,6];21:[0,4,5,6,7];27:[0,1,4,6];25:[4,5,6];5:[4,5,6];17:[0,1,4,6];11:[1,2,4,6];18:[4];22:[0,4,5,6];20:[4,6]","c10:bw=16,experts=[4]; c16:bw=60,experts=[0,1,4,5,6]; c1:bw=31,experts=[1,4,6]; c26:bw=42,experts=[0,1,4,6]; c13:bw=67,experts=[0,1,2,4,5,6]; c19:bw=43,experts=[0,4,5,6]; c23:bw=33,experts=[0,4,6]; c3:bw=41,experts=[0,4,6]; c7:bw=58,experts=[0,4,5,6,7]; c29:bw=34,experts=[0,4,6]; c14:bw=37,experts=[3,4,6]; c6:bw=26,experts=[4]; c0:bw=52,experts=[0,1,2,4,6]; c24:bw=53,experts=[0,1,4,5,6]; c15:bw=20,experts=[4,6]; c12:bw=10,experts=[]; c28:bw=58,experts=[0,1,4,5,6]; c9:bw=35,experts=[0,4,6]; c2:bw=66,experts=[0,1,2,4,5,6]; c8:bw=42,experts=[0,4,5,6]; c4:bw=41,experts=[0,4,5,6]; c21:bw=58,experts=[0,4,5,6,7]; c27:bw=46,experts=[0,1,4,6]; c25:bw=31,experts=[4,5,6]; c5:bw=39,experts=[4,5,6]; c17:bw=48,experts=[0,1,4,6]; c11:bw=45,experts=[1,2,4,6]; c18:bw=10,experts=[4]; c22:bw=44,experts=[0,4,5,6]; c20:bw=28,experts=[4,6]","3.0482,2.2286,1.3247,1.2741,1.9993,1.7999,1.6133,1.8774,1.5992,3.8507,1.5988,1.3527,1.3187,1.4753,1.3768,2.1170,1.9043,1.6277,1.4923,1.3868,2.4541,1.2331,2.2078,2.4477,3.6799,2.3634,2.6735,2.0492,1.9264,2.4673"
70,2026-09-24 14:59:51,Ours,0.01,1.8908336508171082,52.75,52.93,69,62.9575,1:02.96,61.2098,0.4712,1.2732,4418.3007,1:13:38.30,30,"10,26,25,24,0,7,29,4,11,15,13,12,2,9,6,5,22,19,14,21,28,1,20,3,8,18,16,17,23,27",10:58;26:27;25:10;24:10;0:30;7:28;29:29;4:58;11:53;15:75;13:33;12:40;2:55;9:10;6:26;5:23;22:10;19:37;14:10;21:35;28:63;1:24;20:36;3:32;8:48;18:63;16:67;17:41;23:30;27:24,"10:[0,4,6,7];26:[4,6];25:[4];24:[2];0:[4,5,6];7:[4];29:[4,6];4:[0,1,2,4,6];11:[0,2,4,5,6];15:[0,1,2,4,5,6,7];13:[4,5,6];12:[0,4,5,6];2:[0,2,4,5,6];9:[];6:[2,4];5:[2,4];22:[];19:[4,5,6];14:[4];21:[4,5,6];28:[0,1,2,4,6];1:[2,7];20:[4,6];3:[0,4,6];8:[4,5,6];18:[0,2,4,5,6];16:[0,1,2,4,5,6];17:[0,4,5,6];23:[4,6,7];27:[4,6]","c10:bw=58,experts=[0,4,6,7]; c26:bw=27,experts=[4,6]; c25:bw=10,experts=[4]; c24:bw=10,experts=[2]; c0:bw=30,experts=[4,5,6]; c7:bw=28,experts=[4]; c29:bw=29,experts=[4,6]; c4:bw=58,experts=[0,1,2,4,6]; c11:bw=53,experts=[0,2,4,5,6]; c15:bw=75,experts=[0,1,2,4,5,6,7]; c13:bw=33,experts=[4,5,6]; c12:bw=40,experts=[0,4,5,6]; c2:bw=55,experts=[0,2,4,5,6]; c9:bw=10,experts=[]; c6:bw=26,experts=[2,4]; c5:bw=23,experts=[2,4]; c22:bw=10,experts=[]; c19:bw=37,experts=[4,5,6]; c14:bw=10,experts=[4]; c21:bw=35,experts=[4,5,6]; c28:bw=63,experts=[0,1,2,4,6]; c1:bw=24,experts=[2,7]; c20:bw=36,experts=[4,6]; c3:bw=32,experts=[0,4,6]; c8:bw=48,experts=[4,5,6]; c18:bw=63,experts=[0,2,4,5,6]; c16:bw=67,experts=[0,1,2,4,5,6]; c17:bw=41,experts=[0,4,5,6]; c23:bw=30,experts=[4,6,7]; c27:bw=24,experts=[4,6]","3.0372,1.2474,2.4804,1.4556,1.3303,1.5471,3.8437,2.5174,2.7624,1.4324,2.0178,2.2285,1.5635,1.6828,1.3977,3.8510,1.9852,1.8357,1.6380,1.2853,1.9965,1.3165,2.5477,1.9240,1.4519,2.1578,2.2704,2.4626,1.6512,2.2914"
71,2026-09-24 15:00:53,Ours,0.01,1.8764118979297038,53.52,53.52,71,62.1502,1:02.15,60.4131,0.473,1.2608,4480.4884,1:14:40.49,30,"26,20,10,25,18,16,2,0,19,28,27,29,17,6,7,23,14,8,12,5,21,4,1,24,13,11,9,22,15,3",26:45;20:31;10:69;25:38;18:45;16:19;2:61;0:16;19:54;28:18;27:43;29:53;17:61;6:50;7:20;23:33;14:10;8:39;12:43;5:33;21:30;4:42;1:52;24:58;13:25;11:44;9:40;22:29;15:28;3:62,"26:[0,4,5,6];20:[4,5,6];10:[0,1,2,4,5,6];25:[2,4];18:[4,6,7];16:[4];2:[0,1,4,5,6];0:[];19:[0,2,4,5,6];28:[7];27:[0,4,5,6];29:[0,1,4,5,6];17:[0,1,2,4,5,6];6:[0,4,5,6];7:[4];23:[4,5,6];14:[];8:[4,5,6];12:[0,1,4,6];5:[4,6,7];21:[4,6];4:[0,1,4,6];1:[0,1,4,5,6];24:[3,4,5,6,7];13:[4,6];11:[0,4,5,6];9:[0,1,4,6];22:[3,7];15:[4,6];3:[0,1,4,5,6,7]","c26:bw=45,experts=[0,4,5,6]; c20:bw=31,experts=[4,5,6]; c10:bw=69,experts=[0,1,2,4,5,6]; c25:bw=38,experts=[2,4]; c18:bw=45,experts=[4,6,7]; c16:bw=19,experts=[4]; c2:bw=61,experts=[0,1,4,5,6]; c0:bw=16,experts=[]; c19:bw=54,experts=[0,2,4,5,6]; c28:bw=18,experts=[7]; c27:bw=43,experts=[0,4,5,6]; c29:bw=53,experts=[0,1,4,5,6]; c17:bw=61,experts=[0,1,2,4,5,6]; c6:bw=50,experts=[0,4,5,6]; c7:bw=20,experts=[4]; c23:bw=33,experts=[4,5,6]; c14:bw=10,experts=[]; c8:bw=39,experts=[4,5,6]; c12:bw=43,experts=[0,1,4,6]; c5:bw=33,experts=[4,6,7]; c21:bw=30,experts=[4,6]; c4:bw=42,experts=[0,1,4,6]; c1:bw=52,experts=[0,1,4,5,6]; c24:bw=58,experts=[3,4,5,6,7]; c13:bw=25,experts=[4,6]; c11:bw=44,experts=[0,4,5,6]; c9:bw=40,experts=[0,1,4,6]; c22:bw=29,experts=[3,7]; c15:bw=28,experts=[4,6]; c3:bw=62,experts=[0,1,4,5,6,7]","1.2835,2.5518,3.0449,2.4907,2.1002,2.1574,1.5336,1.3041,1.7707,1.9048,2.2539,3.9125,2.4413,1.3987,1.5996,1.6297,1.6270,1.4325,2.1788,3.7251,1.2491,2.4960,1.2985,1.4680,1.9862,2.7161,1.6572,1.9196,1.3909,1.8906"
72,2026-09-24 15:01:55,Ours,0.01,1.8596998676618888,53.2,53.52,71,62.3248,1:02.32,60.5943,0.4796,1.2476,4542.8496,1:15:42.85,30,"5,6,1,17,20,21,18,26,24,28,27,8,25,16,22,19,15,13,2,9,10,14,12,3,23,11,7,0,29,4",5:43;6:19;1:39;17:18;20:41;21:62;18:29;26:44;24:18;28:23;27:46;8:30;25:29;16:46;22:75;19:32;15:41;13:54;2:23;9:38;10:28;14:43;12:28;3:23;23:41;11:10;7:48;0:52;29:59;4:39,"5:[3,4,5,6];6:[3];1:[3,4,6];17:[4];20:[0,3,4,6];21:[0,1,3,4,5,6];18:[4,6];26:[0,4,5,6];24:[4];28:[3,4];27:[0,3,4,6];8:[3,4,6];25:[4,6];16:[0,3,4,6];22:[0,1,2,4,5,6,7];19:[0,4,6];15:[3,4,5,6];13:[0,3,4,6];2:[3];9:[3,4,7];10:[3,4];14:[1,4,7];12:[4];3:[4,6];23:[0,1,4,6];11:[3];7:[1,3,4,6];0:[0,4,5,6,7];29:[0,2,4,5,6];4:[4,6]","c5:bw=43,experts=[3,4,5,6]; c6:bw=19,experts=[3]; c1:bw=39,experts=[3,4,6]; c17:bw=18,experts=[4]; c20:bw=41,experts=[0,3,4,6]; c21:bw=62,experts=[0,1,3,4,5,6]; c18:bw=29,experts=[4,6]; c26:bw=44,experts=[0,4,5,6]; c24:bw=18,experts=[4]; c28:bw=23,experts=[3,4]; c27:bw=46,experts=[0,3,4,6]; c8:bw=30,experts=[3,4,6]; c25:bw=29,experts=[4,6]; c16:bw=46,experts=[0,3,4,6]; c22:bw=75,experts=[0,1,2,4,5,6,7]; c19:bw=32,experts=[0,4,6]; c15:bw=41,experts=[3,4,5,6]; c13:bw=54,experts=[0,3,4,6]; c2:bw=23,experts=[3]; c9:bw=38,experts=[3,4,7]; c10:bw=28,experts=[3,4]; c14:bw=43,experts=[1,4,7]; c12:bw=28,experts=[4]; c3:bw=23,experts=[4,6]; c23:bw=41,experts=[0,1,4,6]; c11:bw=10,experts=[3]; c7:bw=48,experts=[1,3,4,6]; c0:bw=52,experts=[0,4,5,6,7]; c29:bw=59,experts=[0,2,4,5,6]; c4:bw=39,experts=[4,6]","3.7530,1.3714,1.2974,2.3741,2.5557,1.2849,2.1320,1.2604,1.4873,1.9408,2.2766,1.4354,2.5307,2.2030,2.0013,1.7949,1.5089,1.9811,1.5277,1.6719,3.0398,1.5992,2.1694,1.8385,1.6143,2.6846,1.5898,1.3193,3.8830,2.4677"
73,2026-09-24 15:02:58,Ours,0.01,1.8896891048597515,53.75,53.75,73,62.2983,1:02.30,60.5355,0.4746,1.285,4605.1856,1:16:45.19,30,"20,6,7,2,0,9,17,13,22,8,15,1,3,12,29,19,5,18,25,23,21,16,28,11,26,14,4,10,24,27",20:62;6:20;7:37;2:47;0:28;9:52;17:17;13:50;22:24;8:11;15:47;1:66;3:40;12:37;29:13;19:10;5:17;18:34;25:24;23:33;21:29;16:61;28:33;11:46;26:10;14:16;4:41;10:42;24:66;27:48,"20:[0,1,2,4,5,6];6:[7];7:[4,5,6];2:[0,4,6,7];0:[3,4];9:[0,1,4,5,6];17:[3];13:[0,4,6,7];22:[4,6];8:[];15:[4,5,6];1:[0,1,4,5,6];3:[3,4,5,6];12:[4,5,6];29:[4];19:[3];5:[4];18:[3,4,6];25:[1];23:[4,6];21:[4,6];16:[0,1,4,5,6];28:[1,4,6];11:[0,4,6,7];26:[3];14:[0];4:[3,4,5,6];10:[0,1,4,6];24:[0,1,2,4,5,6];27:[4,6,7]","c20:bw=62,experts=[0,1,2,4,5,6]; c6:bw=20,experts=[7]; c7:bw=37,experts=[4,5,6]; c2:bw=47,experts=[0,4,6,7]; c0:bw=28,experts=[3,4]; c9:bw=52,experts=[0,1,4,5,6]; c17:bw=17,experts=[3]; c13:bw=50,experts=[0,4,6,7]; c22:bw=24,experts=[4,6]; c8:bw=11,experts=[]; c15:bw=47,experts=[4,5,6]; c1:bw=66,experts=[0,1,4,5,6]; c3:bw=40,experts=[3,4,5,6]; c12:bw=37,experts=[4,5,6]; c29:bw=13,experts=[4]; c19:bw=10,experts=[3]; c5:bw=17,experts=[4]; c18:bw=34,experts=[3,4,6]; c25:bw=24,experts=[1]; c23:bw=33,experts=[4,6]; c21:bw=29,experts=[4,6]; c16:bw=61,experts=[0,1,4,5,6]; c28:bw=33,experts=[1,4,6]; c11:bw=46,experts=[0,4,6,7]; c26:bw=10,experts=[3]; c14:bw=16,experts=[0]; c4:bw=41,experts=[3,4,5,6]; c10:bw=42,experts=[0,1,4,6]; c24:bw=66,experts=[0,1,2,4,5,6]; c27:bw=48,experts=[4,6,7]","2.5330,1.3799,1.6079,1.5542,1.3196,1.6692,2.3885,2.0030,1.9974,1.4014,1.4053,1.2829,1.8801,2.1755,3.8527,1.7609,3.7000,2.1111,2.5132,1.6339,1.2648,2.2101,1.9311,2.7396,1.2494,1.5944,2.5143,3.0758,1.5064,2.2798"
74,2026-09-24 15:04:00,Ours,0.01,1.8838241409889314,53.63,53.75,73,62.2057,1:02.21,60.4464,0.4684,1.2876,4667.4315,1:17:47.43,30,"25,2,28,22,27,23,5,3,21,14,7,6,15,12,24,8,1,10,17,19,9,11,13,18,16,0,29,26,20,4",25:59;2:10;28:16;22:45;27:20;23:46;5:50;3:10;21:66;14:32;7:65;6:10;15:50;12:10;24:16;8:28;1:28;10:25;17:62;19:20;9:32;11:37;13:42;18:60;16:48;0:40;29:14;26:32;20:42;4:47,"25:[3,4,5,6,7];2:[];28:[];22:[0,1,4,6];27:[4];23:[0,3,4,6];5:[0,1,4,5,6];3:[2];21:[0,1,2,4,5,6];14:[4,5];7:[0,1,2,4,5,6];6:[4];15:[0,1,4,5,6];12:[7];24:[4];8:[1,7];1:[4,6];10:[4,6];17:[0,1,2,4,5,6];19:[1,7];9:[2,4];11:[0,4,6];13:[0,4,5,6];18:[0,1,2,4,5,6];16:[0,1,4,6];0:[0,4,5,6];29:[3];26:[2,4,6];20:[0,4,5,6];4:[0,4,6]","c25:bw=59,experts=[3,4,5,6,7]; c2:bw=10,experts=[]; c28:bw=16,experts=[]; c22:bw=45,experts=[0,1,4,6]; c27:bw=20,experts=[4]; c23:bw=46,experts=[0,3,4,6]; c5:bw=50,experts=[0,1,4,5,6]; c3:bw=10,experts=[2]; c21:bw=66,experts=[0,1,2,4,5,6]; c14:bw=32,experts=[4,5]; c7:bw=65,experts=[0,1,2,4,5,6]; c6:bw=10,experts=[4]; c15:bw=50,experts=[0,1,4,5,6]; c12:bw=10,experts=[7]; c24:bw=16,experts=[4]; c8:bw=28,experts=[1,7]; c1:bw=28,experts=[4,6]; c10:bw=25,experts=[4,6]; c17:bw=62,experts=[0,1,2,4,5,6]; c19:bw=20,experts=[1,7]; c9:bw=32,experts=[2,4]; c11:bw=37,experts=[0,4,6]; c13:bw=42,experts=[0,4,5,6]; c18:bw=60,experts=[0,1,2,4,5,6]; c16:bw=48,experts=[0,1,4,6]; c0:bw=40,experts=[0,4,5,6]; c29:bw=14,experts=[3]; c26:bw=32,experts=[2,4,6]; c20:bw=42,experts=[0,4,5,6]; c4:bw=47,experts=[0,4,6]","2.5228,1.5214,1.9217,1.9855,2.2891,1.6487,3.7918,1.8868,1.2710,1.6206,1.6215,1.3829,1.4108,2.1595,1.4809,1.3948,1.2896,2.9960,2.4014,1.7498,1.6486,2.7031,1.9812,2.1173,2.1857,1.3128,3.8512,1.2663,2.5145,2.5190"
75,2026-09-24 15:05:03,Ours,0.01,1.8174728751648634,54.54,54.54,75,63.1151,1:03.12,61.3235,0.4827,1.3056,4730.5843,1:18:50.58,30,"25,23,21,2,3,8,18,11,16,12,26,13,10,9,15,6,24,1,19,14,4,5,29,28,0,20,17,7,22,27",25:17;23:35;21:50;2:40;3:20;8:53;18:68;11:42;16:46;12:40;26:10;13:46;10:23;9:61;15:20;6:56;24:73;1:54;19:19;14:60;4:56;5:31;29:29;28:55;0:60;20:44;17:43;7:28;22:10;27:36,"25:[4];23:[0,4,6];21:[0,1,4,5,6];2:[0,4,5,6];3:[4,6];8:[0,1,4,5,6];18:[0,1,2,4,5,6];11:[0,1,4,6];16:[0,4,5,6];12:[0,4,5,6];26:[];13:[0,1,4,6];10:[4,6];9:[0,1,4,5,6];15:[4,6];6:[0,1,4,6];24:[0,1,2,4,5,6,7];1:[0,1,4,5,6];19:[4];14:[0,1,2,4,5,6];4:[0,4,5,6];5:[1,4,6];29:[4,7];28:[0,4,5,6];0:[0,1,2,4,5,6];20:[0,4,5,6];17:[0,4,5,6];7:[4,6];22:[4];27:[2,4,6]","c25:bw=17,experts=[4]; c23:bw=35,experts=[0,4,6]; c21:bw=50,experts=[0,1,4,5,6]; c2:bw=40,experts=[0,4,5,6]; c3:bw=20,experts=[4,6]; c8:bw=53,experts=[0,1,4,5,6]; c18:bw=68,experts=[0,1,2,4,5,6]; c11:bw=42,experts=[0,1,4,6]; c16:bw=46,experts=[0,4,5,6]; c12:bw=40,experts=[0,4,5,6]; c26:bw=10,experts=[]; c13:bw=46,experts=[0,1,4,6]; c10:bw=23,experts=[4,6]; c9:bw=61,experts=[0,1,4,5,6]; c15:bw=20,experts=[4,6]; c6:bw=56,experts=[0,1,4,6]; c24:bw=73,experts=[0,1,2,4,5,6,7]; c1:bw=54,experts=[0,1,4,5,6]; c19:bw=19,experts=[4]; c14:bw=60,experts=[0,1,2,4,5,6]; c4:bw=56,experts=[0,4,5,6]; c5:bw=31,experts=[1,4,6]; c29:bw=29,experts=[4,7]; c28:bw=55,experts=[0,4,5,6]; c0:bw=60,experts=[0,1,2,4,5,6]; c20:bw=44,experts=[0,4,5,6]; c17:bw=43,experts=[0,4,5,6]; c7:bw=28,experts=[4,6]; c22:bw=10,experts=[4]; c27:bw=36,experts=[2,4,6]","2.5476,1.6396,1.2698,1.5516,1.8944,1.4295,2.1303,2.7647,2.2282,2.2186,1.2295,1.9614,3.0182,1.6469,1.4301,1.4098,1.5254,1.3492,1.8334,1.6443,2.5704,3.8483,3.9761,1.9794,1.3683,2.5551,2.4212,1.6007,1.9757,2.3057"
76,2026-09-24 15:06:06,Ours,0.01,1.8514971871110637,54.33,54.54,75,62.9025,1:02.90,61.1464,0.476,1.2769,4793.5269,1:19:53.53,30,"22,6,2,7,9,26,10,19,29,11,21,24,12,14,16,27,23,5,17,1,8,4,25,20,13,15,18,28,0,3",22:26;6:23;2:25;7:66;9:57;26:37;10:46;19:44;29:36;11:42;21:42;24:61;12:21;14:22;16:39;27:39;23:29;5:37;17:33;1:53;8:29;4:60;25:10;20:54;13:39;15:42;18:39;28:30;0:31;3:15,"22:[4];6:[4,6];2:[4,6];7:[0,1,2,4,5,6];9:[0,1,4,5,6];26:[4,7];10:[0,4,5,6];19:[4,5,6];29:[4,5,6];11:[0,4,6];21:[0,4,6];24:[0,1,2,4,5,6];12:[2,3];14:[4,6];16:[4,6,7];27:[4,6];23:[2];5:[4,5,6];17:[4,6,7];1:[0,1,4,5,6];8:[2];4:[0,1,4,5,6,7];25:[0];20:[0,1,4,6,7];13:[4,6];15:[0,4,5,6];18:[0,4,6];28:[1,4,6];0:[4,6];3:[4]","c22:bw=26,experts=[4]; c6:bw=23,experts=[4,6]; c2:bw=25,experts=[4,6]; c7:bw=66,experts=[0,1,2,4,5,6]; c9:bw=57,experts=[0,1,4,5,6]; c26:bw=37,experts=[4,7]; c10:bw=46,experts=[0,4,5,6]; c19:bw=44,experts=[4,5,6]; c29:bw=36,experts=[4,5,6]; c11:bw=42,experts=[0,4,6]; c21:bw=42,experts=[0,4,6]; c24:bw=61,experts=[0,1,2,4,5,6]; c12:bw=21,experts=[2,3]; c14:bw=22,experts=[4,6]; c16:bw=39,experts=[4,6,7]; c27:bw=39,experts=[4,6]; c23:bw=29,experts=[2]; c5:bw=37,experts=[4,5,6]; c17:bw=33,experts=[4,6,7]; c1:bw=53,experts=[0,1,4,5,6]; c8:bw=29,experts=[2]; c4:bw=60,experts=[0,1,4,5,6,7]; c25:bw=10,experts=[0]; c20:bw=54,experts=[0,1,4,6,7]; c13:bw=39,experts=[4,6]; c15:bw=42,experts=[0,4,5,6]; c18:bw=39,experts=[0,4,6]; c28:bw=30,experts=[1,4,6]; c0:bw=31,experts=[4,6]; c3:bw=15,experts=[4]","1.9999,1.4075,1.5587,1.6438,1.7147,1.2834,3.1283,1.8295,3.9707,2.7660,1.2817,1.6017,2.2154,1.6280,2.2100,2.2703,1.5911,3.7605,2.4039,1.3044,1.3850,2.5101,2.4819,2.5122,1.9927,1.4188,2.0984,1.9575,1.3285,1.8919"
77,2026-09-24 15:07:08,Ours,0.01,1.8329734041713766,54.44,54.54,75,62.2347,1:02.23,60.4702,0.4775,1.2837,4855.8013,1:20:55.80,30,"23,15,16,7,29,5,3,13,9,25,24,26,28,2,4,19,20,11,21,14,6,0,10,27,18,22,8,12,17,1",23:54;15:43;16:34;7:10;29:41;5:59;3:40;13:37;9:29;25:15;24:12;26:10;28:37;2:34;4:10;19:37;20:45;11:28;21:57;14:64;6:57;0:63;10:39;27:24;18:31;22:34;8:10;12:46;17:37;1:62,"23:[0,1,4,5,6];15:[0,4,5,6];16:[4,5,6];7:[7];29:[0,4,5,6];5:[0,1,4,5,6];3:[0,4,5,6];13:[2,4];9:[4,6];25:[4];24:[4];26:[1];28:[0,4,6];2:[1,4,6];4:[];19:[4,6];20:[4,5,6];11:[4,6];21:[4,5,6,7];14:[0,1,3,4,5,6];6:[0,1,4,5,6];0:[0,1,2,4,5,6];10:[4,5,6];27:[1,4];18:[4,5,6];22:[4,5,6];8:[4];12:[0,4,5,6];17:[4,5,6];1:[0,1,2,4,5,6]","c23:bw=54,experts=[0,1,4,5,6]; c15:bw=43,experts=[0,4,5,6]; c16:bw=34,experts=[4,5,6]; c7:bw=10,experts=[7]; c29:bw=41,experts=[0,4,5,6]; c5:bw=59,experts=[0,1,4,5,6]; c3:bw=40,experts=[0,4,5,6]; c13:bw=37,experts=[2,4]; c9:bw=29,experts=[4,6]; c25:bw=15,experts=[4]; c24:bw=12,experts=[4]; c26:bw=10,experts=[1]; c28:bw=37,experts=[0,4,6]; c2:bw=34,experts=[1,4,6]; c4:bw=10,experts=[]; c19:bw=37,experts=[4,6]; c20:bw=45,experts=[4,5,6]; c11:bw=28,experts=[4,6]; c21:bw=57,experts=[4,5,6,7]; c14:bw=64,experts=[0,1,3,4,5,6]; c6:bw=57,experts=[0,1,4,5,6]; c0:bw=63,experts=[0,1,2,4,5,6]; c10:bw=39,experts=[4,5,6]; c27:bw=24,experts=[1,4]; c18:bw=31,experts=[4,5,6]; c22:bw=34,experts=[4,5,6]; c8:bw=10,experts=[4]; c12:bw=46,experts=[0,4,5,6]; c17:bw=37,experts=[4,5,6]; c1:bw=62,experts=[0,1,2,4,5,6]","1.6376,1.4225,2.1841,1.5677,3.8825,3.7689,1.8997,1.9785,1.6590,2.4713,1.4998,1.2521,1.9247,1.5320,2.5059,1.7701,2.4878,2.6977,1.2696,1.6365,1.3858,1.3460,3.0489,2.2597,2.1160,1.9810,1.4080,2.1763,2.3903,1.3102"
78,2026-09-24 15:08:11,Ours,0.01,1.8275932623381508,55.16,55.16,78,62.3676,1:02.37,60.6008,0.4739,1.2896,4918.2089,1:21:58.21,30,"24,21,27,0,14,25,23,12,22,18,6,10,3,17,16,19,4,11,5,26,15,7,20,2,8,28,1,9,29,13",24:45;21:54;27:13;0:26;14:52;25:11;23:57;12:31;22:63;18:35;6:57;10:59;3:38;17:31;16:44;19:12;4:23;11:37;5:63;26:40;15:38;7:36;20:37;2:34;8:54;28:24;1:41;9:31;29:69;13:59,"24:[0,1,4,6];21:[0,4,5,6];27:[];0:[4];14:[0,1,4,5,6];25:[4];23:[0,1,4,6,7];12:[0,4,6];22:[0,1,2,4,5,6];18:[0,4,6];6:[0,2,4,5,6];10:[4,5,6,7];3:[0,4,6];17:[4,6];16:[0,2,4,6];19:[4];4:[2];11:[2,4,6];5:[0,1,2,4,5,6];26:[0,4,5,6];15:[2,4,7];7:[4,5,6];20:[0,4,6];2:[2,4,6];8:[0,1,4,5,6];28:[2];1:[4,6,7];9:[4,5,6];29:[0,1,2,4,5,6];13:[0,1,4,5,6]","c24:bw=45,experts=[0,1,4,6]; c21:bw=54,experts=[0,4,5,6]; c27:bw=13,experts=[]; c0:bw=26,experts=[4]; c14:bw=52,experts=[0,1,4,5,6]; c25:bw=11,experts=[4]; c23:bw=57,experts=[0,1,4,6,7]; c12:bw=31,experts=[0,4,6]; c22:bw=63,experts=[0,1,2,4,5,6]; c18:bw=35,experts=[0,4,6]; c6:bw=57,experts=[0,2,4,5,6]; c10:bw=59,experts=[4,5,6,7]; c3:bw=38,experts=[0,4,6]; c17:bw=31,experts=[4,6]; c16:bw=44,experts=[0,2,4,6]; c19:bw=12,experts=[4]; c4:bw=23,experts=[2]; c11:bw=37,experts=[2,4,6]; c5:bw=63,experts=[0,1,2,4,5,6]; c26:bw=40,experts=[0,4,5,6]; c15:bw=38,experts=[2,4,7]; c7:bw=36,experts=[4,5,6]; c20:bw=37,experts=[0,4,6]; c2:bw=34,experts=[2,4,6]; c8:bw=54,experts=[0,1,4,5,6]; c28:bw=24,experts=[2]; c1:bw=41,experts=[4,6,7]; c9:bw=31,experts=[4,5,6]; c29:bw=69,experts=[0,1,2,4,5,6]; c13:bw=59,experts=[0,1,4,5,6]","1.5246,1.2854,2.2971,1.3362,1.6334,2.5324,1.6576,2.2155,1.9719,2.1157,1.3886,3.0534,1.8874,2.3845,2.1925,1.7501,2.4790,2.7075,3.7830,1.2634,1.4024,1.5830,2.4948,1.5268,1.4143,1.8784,1.2990,1.6478,3.9012,1.9939"
79,2026-09-24 15:09:13,Ours,0.01,1.8199975084589421,54.95,55.16,78,62.1434,1:02.14,60.3955,0.4726,1.272,4980.3919,1:23:00.39,30,"11,8,9,16,0,6,17,5,28,7,2,29,26,4,19,21,13,1,12,23,25,18,10,3,24,27,20,14,15,22",11:32;8:44;9:10;16:59;0:36;6:21;17:58;5:53;28:37;7:46;2:33;29:43;26:41;4:80;19:26;21:46;13:43;1:37;12:10;23:46;25:29;18:12;10:34;3:26;24:58;27:52;20:39;14:62;15:54;22:33,"11:[4,5,6];8:[0,4,5,6];9:[4];16:[0,1,4,5,6];0:[0,4,6];6:[4,6];17:[0,1,4,5,6];5:[0,1,4,6,7];28:[4,6,7];7:[1,4,5,6];2:[0,4,6];29:[4,5,6];26:[0,4,5,6];4:[0,1,2,3,4,5,6,7];19:[2,4];21:[0,4,5,6];13:[0,4,5,6];1:[0,4,6];12:[];23:[0,4,6];25:[2,4];18:[7];10:[2,4,6];3:[1,7];24:[0,3,4,5,6];27:[0,2,4,5,6];20:[0,4,6];14:[0,1,4,5,6];15:[0,1,4,5,6];22:[3,4,6]","c11:bw=32,experts=[4,5,6]; c8:bw=44,experts=[0,4,5,6]; c9:bw=10,experts=[4]; c16:bw=59,experts=[0,1,4,5,6]; c0:bw=36,experts=[0,4,6]; c6:bw=21,experts=[4,6]; c17:bw=58,experts=[0,1,4,5,6]; c5:bw=53,experts=[0,1,4,6,7]; c28:bw=37,experts=[4,6,7]; c7:bw=46,experts=[1,4,5,6]; c2:bw=33,experts=[0,4,6]; c29:bw=43,experts=[4,5,6]; c26:bw=41,experts=[0,4,5,6]; c4:bw=80,experts=[0,1,2,3,4,5,6,7]; c19:bw=26,experts=[2,4]; c21:bw=46,experts=[0,4,5,6]; c13:bw=43,experts=[0,4,5,6]; c1:bw=37,experts=[0,4,6]; c12:bw=10,experts=[]; c23:bw=46,experts=[0,4,6]; c25:bw=29,experts=[2,4]; c18:bw=12,experts=[7]; c10:bw=34,experts=[2,4,6]; c3:bw=26,experts=[1,7]; c24:bw=58,experts=[0,3,4,5,6]; c27:bw=52,experts=[0,2,4,5,6]; c20:bw=39,experts=[0,4,6]; c14:bw=62,experts=[0,1,4,5,6]; c15:bw=54,experts=[0,1,4,5,6]; c22:bw=33,experts=[3,4,6]","2.7676,1.4322,1.6723,2.2270,1.3402,1.3818,2.4339,3.7616,1.9049,1.5769,1.5049,3.8659,1.2593,2.5041,1.7741,1.2586,1.9991,1.3107,2.1352,1.6139,2.4824,2.0793,3.0214,1.8648,1.4883,2.2547,2.4989,1.6126,1.4090,1.9598"
80,2026-09-24 15:10:15,Ours,0.01,1.811421969659307,54.6,55.16,78,62.1826,1:02.18,60.4561,0.472,1.2511,5042.6148,1:24:02.61,30,"2,13,1,14,17,23,4,8,15,21,28,19,7,26,0,5,22,18,3,20,25,16,24,12,27,9,11,6,10,29",2:44;13:39;1:31;14:30;17:61;23:36;4:57;8:51;15:41;21:64;28:10;19:35;7:48;26:41;0:47;5:65;22:43;18:13;3:31;20:25;25:38;16:44;24:43;12:10;27:27;9:53;11:62;6:39;10:18;29:10,"2:[0,3,4,6];13:[3,4,6];1:[3,4,6];14:[4,6,7];17:[0,1,2,4,5,6];23:[0,4,6];4:[0,1,4,6];8:[0,3,4,6];15:[0,3,4,6];21:[0,1,3,4,6];28:[];19:[0,4,6];7:[1,3,4,6];26:[0,4,5,6];0:[4,5,6,7];5:[0,1,3,4,5,6];22:[4,5,6,7];18:[4];3:[0,4,6];20:[3,4];25:[0,4,6];16:[0,3,4,6];24:[0,4,6];12:[1];27:[3,4];9:[3,4,5,6,7];11:[0,1,3,4,5,6];6:[3,4];10:[];29:[4]","c2:bw=44,experts=[0,3,4,6]; c13:bw=39,experts=[3,4,6]; c1:bw=31,experts=[3,4,6]; c14:bw=30,experts=[4,6,7]; c17:bw=61,experts=[0,1,2,4,5,6]; c23:bw=36,experts=[0,4,6]; c4:bw=57,experts=[0,1,4,6]; c8:bw=51,experts=[0,3,4,6]; c15:bw=41,experts=[0,3,4,6]; c21:bw=64,experts=[0,1,3,4,6]; c28:bw=10,experts=[]; c19:bw=35,experts=[0,4,6]; c7:bw=48,experts=[1,3,4,6]; c26:bw=41,experts=[0,4,5,6]; c0:bw=47,experts=[4,5,6,7]; c5:bw=65,experts=[0,1,3,4,5,6]; c22:bw=43,experts=[4,5,6,7]; c18:bw=13,experts=[4]; c3:bw=31,experts=[0,4,6]; c20:bw=25,experts=[3,4]; c25:bw=38,experts=[0,4,6]; c16:bw=44,experts=[0,3,4,6]; c24:bw=43,experts=[0,4,6]; c12:bw=10,experts=[1]; c27:bw=27,experts=[3,4]; c9:bw=53,experts=[3,4,5,6,7]; c11:bw=62,experts=[0,1,3,4,5,6]; c6:bw=39,experts=[3,4]; c10:bw=18,experts=[]; c29:bw=10,experts=[4]","1.5443,1.9914,1.3137,1.6159,2.3971,1.6415,2.5599,1.4325,1.4305,1.2592,1.9129,1.7815,1.5863,1.2591,1.3333,3.7595,1.9703,2.1010,1.8873,2.5757,2.5046,2.1959,1.4867,2.1667,2.2212,1.6481,2.6936,1.3663,2.9817,3.8386"
81,2026-09-24 15:11:17,Ours,0.01,1.8132709255864587,55.87,55.87,81,61.6342,1:01.63,59.923,0.4668,1.2412,5104.2902,1:25:04.29,30,"29,5,27,11,12,10,20,13,21,0,22,18,2,1,8,26,6,19,17,3,4,16,15,7,28,24,25,23,9,14",29:28;5:30;27:13;11:22;12:75;10:44;20:12;13:21;21:54;0:50;22:10;18:60;2:45;1:49;8:48;26:39;6:51;19:52;17:27;3:67;4:42;16:35;15:65;7:58;28:61;24:57;25:34;23:27;9:26;14:46,"29:[4,6];5:[4,6];27:[7];11:[4,7];12:[0,1,2,4,5,6,7];10:[1,3,4,6];20:[];13:[4,7];21:[0,1,4,5,6];0:[0,3,4,5,6];22:[];18:[0,1,3,4,6];2:[4,6,7];1:[0,1,4,6];8:[4,5,6];26:[3,4];6:[0,4,5,6,7];19:[0,3,4,5,6];17:[3];3:[0,3,4,5,6];4:[0,4,5,6];16:[0,4,6];15:[0,1,4,5,6];7:[0,1,4,5,6];28:[0,1,3,4,6];24:[0,4,5,6];25:[1,4,6];23:[4,6];9:[4];14:[0,4,6]","c29:bw=28,experts=[4,6]; c5:bw=30,experts=[4,6]; c27:bw=13,experts=[7]; c11:bw=22,experts=[4,7]; c12:bw=75,experts=[0,1,2,4,5,6,7]; c10:bw=44,experts=[1,3,4,6]; c20:bw=12,experts=[]; c13:bw=21,experts=[4,7]; c21:bw=54,experts=[0,1,4,5,6]; c0:bw=50,experts=[0,3,4,5,6]; c22:bw=10,experts=[]; c18:bw=60,experts=[0,1,3,4,6]; c2:bw=45,experts=[4,6,7]; c1:bw=49,experts=[0,1,4,6]; c8:bw=48,experts=[4,5,6]; c26:bw=39,experts=[3,4]; c6:bw=51,experts=[0,4,5,6,7]; c19:bw=52,experts=[0,3,4,5,6]; c17:bw=27,experts=[3]; c3:bw=67,experts=[0,3,4,5,6]; c4:bw=42,experts=[0,4,5,6]; c16:bw=35,experts=[0,4,6]; c15:bw=65,experts=[0,1,4,5,6]; c7:bw=58,experts=[0,1,4,5,6]; c28:bw=61,experts=[0,1,3,4,6]; c24:bw=57,experts=[0,4,5,6]; c25:bw=34,experts=[1,4,6]; c23:bw=27,experts=[4,6]; c9:bw=26,experts=[4]; c14:bw=46,experts=[0,4,6]","3.9214,3.7372,2.2341,2.7152,2.1991,2.9875,2.4588,1.9497,1.2590,1.3201,1.9200,2.0732,1.4919,1.2869,1.3910,1.2418,1.3652,1.7629,2.3230,1.8512,2.5186,2.1854,1.4109,1.5926,1.9262,1.4806,2.4732,1.6066,1.6409,1.5989"
82,2026-09-24 15:12:19,Ours,0.01,1.8060847905043893,55.88,55.88,82,62.1311,1:02.13,60.4016,0.4677,1.2585,5166.4623,1:26:06.46,30,"5,3,0,19,25,7,28,11,24,26,29,1,23,17,18,27,12,13,8,9,10,6,2,14,4,15,21,16,20,22",5:40;3:39;0:30;19:21;25:33;7:40;28:46;11:47;24:53;26:35;29:39;1:64;23:14;17:44;18:45;27:32;12:63;13:35;8:58;9:56;10:18;6:36;2:30;14:54;4:30;15:16;21:44;16:32;20:11;22:51,"5:[0,1,4,6];3:[2,4];0:[0,4,6];19:[1,7];25:[3,5,7];7:[0,1,4,6];28:[0,4,5,6];11:[0,4,6];24:[0,1,4,5,6];26:[2,4,6];29:[3,4,6];1:[0,1,4,5,6];23:[];17:[1,4,6];18:[0,4,6];27:[1,4,6];12:[0,1,2,4,5,6];13:[0,4,6];8:[0,4,5,6,7];9:[0,1,2,4,6];10:[4];6:[4,5,6];2:[0,4,6];14:[0,1,4,5,6];4:[0,4,6];15:[4];21:[2,4,5,6];16:[0,4,6];20:[2];22:[1,4,5,6]","c5:bw=40,experts=[0,1,4,6]; c3:bw=39,experts=[2,4]; c0:bw=30,experts=[0,4,6]; c19:bw=21,experts=[1,7]; c25:bw=33,experts=[3,5,7]; c7:bw=40,experts=[0,1,4,6]; c28:bw=46,experts=[0,4,5,6]; c11:bw=47,experts=[0,4,6]; c24:bw=53,experts=[0,1,4,5,6]; c26:bw=35,experts=[2,4,6]; c29:bw=39,experts=[3,4,6]; c1:bw=64,experts=[0,1,4,5,6]; c23:bw=14,experts=[]; c17:bw=44,experts=[1,4,6]; c18:bw=45,experts=[0,4,6]; c27:bw=32,experts=[1,4,6]; c12:bw=63,experts=[0,1,2,4,5,6]; c13:bw=35,experts=[0,4,6]; c8:bw=58,experts=[0,4,5,6,7]; c9:bw=56,experts=[0,1,2,4,6]; c10:bw=18,experts=[4]; c6:bw=36,experts=[4,5,6]; c2:bw=30,experts=[0,4,6]; c14:bw=54,experts=[0,1,4,5,6]; c4:bw=30,experts=[0,4,6]; c15:bw=16,experts=[4]; c21:bw=44,experts=[2,4,5,6]; c16:bw=32,experts=[0,4,6]; c20:bw=11,experts=[2]; c22:bw=51,experts=[1,4,5,6]","3.7419,1.8856,1.3468,1.7952,2.5018,1.5929,1.9311,2.7148,1.4840,1.2568,3.8754,1.3184,1.6156,2.4070,2.0927,2.2362,2.1941,1.9812,1.4177,1.6870,3.0419,1.3843,1.5180,1.6144,2.5093,1.4001,1.2540,2.1814,2.4638,1.9582"
83,2026-09-24 15:13:21,Ours,0.01,1.7849808303240888,56.02,56.02,83,62.1404,1:02.14,60.4238,0.4715,1.2418,5228.6445,1:27:08.64,30,"22,19,1,11,29,16,14,21,20,27,15,17,8,2,25,0,4,7,24,26,12,28,9,5,3,18,13,23,6,10",22:70;19:67;1:63;11:27;29:46;16:49;14:39;21:53;20:50;27:58;15:39;17:31;8:39;2:41;25:48;0:10;4:10;7:37;24:43;26:17;12:44;28:10;9:51;5:10;3:42;18:21;13:46;23:34;6:53;10:37,"22:[0,1,2,4,5,6,7];19:[0,1,4,5,6];1:[0,1,4,5,6];11:[4,6];29:[0,4,6,7];16:[0,4,6];14:[2,4,6];21:[0,1,4,5,6];20:[0,1,4,5,6];27:[0,1,4,5,6];15:[0,4,6];17:[4,5,6];8:[4,5,6];2:[0,4,5,6];25:[0,4,5,6];0:[];4:[4];7:[0,4,6];24:[4,6,7];26:[4];12:[0,4,5,6];28:[4];9:[0,1,4,5,6];5:[4];3:[0,4,5,6];18:[2];13:[1,4,6];23:[3,4,6];6:[0,1,4,5,6];10:[4,5,6]","c22:bw=70,experts=[0,1,2,4,5,6,7]; c19:bw=67,experts=[0,1,4,5,6]; c1:bw=63,experts=[0,1,4,5,6]; c11:bw=27,experts=[4,6]; c29:bw=46,experts=[0,4,6,7]; c16:bw=49,experts=[0,4,6]; c14:bw=39,experts=[2,4,6]; c21:bw=53,experts=[0,1,4,5,6]; c20:bw=50,experts=[0,1,4,5,6]; c27:bw=58,experts=[0,1,4,5,6]; c15:bw=39,experts=[0,4,6]; c17:bw=31,experts=[4,5,6]; c8:bw=39,experts=[4,5,6]; c2:bw=41,experts=[0,4,5,6]; c25:bw=48,experts=[0,4,5,6]; c0:bw=10,experts=[]; c4:bw=10,experts=[4]; c7:bw=37,experts=[0,4,6]; c24:bw=43,experts=[4,6,7]; c26:bw=17,experts=[4]; c12:bw=44,experts=[0,4,5,6]; c28:bw=10,experts=[4]; c9:bw=51,experts=[0,1,4,5,6]; c5:bw=10,experts=[4]; c3:bw=42,experts=[0,4,5,6]; c18:bw=21,experts=[2]; c13:bw=46,experts=[1,4,6]; c23:bw=34,experts=[3,4,6]; c6:bw=53,experts=[0,1,4,5,6]; c10:bw=37,experts=[4,5,6]","2.0005,1.7945,1.3162,2.7518,3.9104,2.1807,1.6071,1.2695,2.5418,2.2493,1.4102,2.3905,1.4033,1.5217,2.4946,1.2999,2.4735,1.5783,1.4694,1.2570,2.1853,1.9267,1.6979,3.7073,1.8746,2.0933,1.9826,1.6290,1.3769,3.0299"
84,2026-09-24 15:14:24,Ours,0.01,1.7900372896414727,55.95,56.02,83,62.5321,1:02.53,60.7995,0.4807,1.2487,5291.2171,1:28:11.22,30,"8,12,29,13,10,16,9,14,23,3,6,15,19,0,18,22,27,1,24,21,28,2,17,25,5,7,20,26,11,4",8:67;12:45;29:12;13:30;10:10;16:47;9:20;14:45;23:58;3:32;6:10;15:75;19:22;0:10;18:55;22:67;27:21;1:58;24:37;21:10;28:30;2:36;17:43;25:17;5:20;7:47;20:64;26:38;11:50;4:27,"8:[0,1,2,4,5,6];12:[3,4,6];29:[];13:[4,6];10:[];16:[4,6,7];9:[4,6];14:[0,1,4,6];23:[1,2,4,5,6];3:[0,4,6];6:[];15:[0,1,2,4,5,6,7];19:[4,6];0:[4];18:[0,2,4,5,6];22:[0,1,4,5,6];27:[4,6];1:[1,4,5,6];24:[2,4,6];21:[];28:[4,5,6];2:[4,6];17:[4,6,7];25:[4];5:[4,6];7:[1,2,4,6];20:[0,1,4,5,6,7];26:[4,7];11:[0,1,4,5,6];4:[4,6]","c8:bw=67,experts=[0,1,2,4,5,6]; c12:bw=45,experts=[3,4,6]; c29:bw=12,experts=[]; c13:bw=30,experts=[4,6]; c10:bw=10,experts=[]; c16:bw=47,experts=[4,6,7]; c9:bw=20,experts=[4,6]; c14:bw=45,experts=[0,1,4,6]; c23:bw=58,experts=[1,2,4,5,6]; c3:bw=32,experts=[0,4,6]; c6:bw=10,experts=[]; c15:bw=75,experts=[0,1,2,4,5,6,7]; c19:bw=22,experts=[4,6]; c0:bw=10,experts=[4]; c18:bw=55,experts=[0,2,4,5,6]; c22:bw=67,experts=[0,1,4,5,6]; c27:bw=21,experts=[4,6]; c1:bw=58,experts=[1,4,5,6]; c24:bw=37,experts=[2,4,6]; c21:bw=10,experts=[]; c28:bw=30,experts=[4,5,6]; c2:bw=36,experts=[4,6]; c17:bw=43,experts=[4,6,7]; c25:bw=17,experts=[4]; c5:bw=20,experts=[4,6]; c7:bw=47,experts=[1,2,4,6]; c20:bw=64,experts=[0,1,4,5,6,7]; c26:bw=38,experts=[4,7]; c11:bw=50,experts=[0,1,4,5,6]; c4:bw=27,experts=[4,6]","1.4272,2.2064,3.8877,1.9936,3.0519,2.2242,1.7038,1.6389,1.6494,1.8936,1.3811,1.4497,1.8042,1.3317,2.1079,1.9820,2.2771,1.3108,1.4846,1.2388,1.9170,1.5154,2.4616,2.4677,3.7326,1.5931,2.5351,1.2559,2.7617,2.5146"
85,2026-09-24 15:15:26,Ours,0.01,1.7806169972998018,56.7,56.7,85,62.2749,1:02.27,60.5298,0.469,1.2728,5353.5332,1:29:13.53,30,"10,8,1,25,0,29,3,4,5,17,20,18,6,12,13,19,2,7,21,23,16,11,26,27,28,9,15,22,24,14",10:44;8:70;1:57;25:19;0:38;29:35;3:51;4:42;5:12;17:49;20:30;18:51;6:42;12:47;13:35;19:54;2:45;7:11;21:64;23:57;16:19;11:10;26:36;27:53;28:47;9:58;15:70;22:27;24:18;14:44,"10:[0,4,5,6];8:[0,1,2,4,5,6,7];1:[0,2,4,6];25:[];0:[1,2,4];29:[1,4,6];3:[0,2,4,5,6];4:[0,4,5,6];5:[];17:[0,4,5,6];20:[0,4,6];18:[0,1,4,5,6];6:[0,4,5,6];12:[0,4,5,6];13:[2,4,6];19:[0,4,5,6];2:[0,1,4,6];7:[];21:[0,2,4,5,6,7];23:[0,2,4,5,6];16:[4];11:[];26:[1,4];27:[0,2,4,5,6];28:[0,4,6];9:[0,2,4,5,6];15:[0,1,2,4,5,6];22:[4,6];24:[4];14:[0,3,4,6]","c10:bw=44,experts=[0,4,5,6]; c8:bw=70,experts=[0,1,2,4,5,6,7]; c1:bw=57,experts=[0,2,4,6]; c25:bw=19,experts=[]; c0:bw=38,experts=[1,2,4]; c29:bw=35,experts=[1,4,6]; c3:bw=51,experts=[0,2,4,5,6]; c4:bw=42,experts=[0,4,5,6]; c5:bw=12,experts=[]; c17:bw=49,experts=[0,4,5,6]; c20:bw=30,experts=[0,4,6]; c18:bw=51,experts=[0,1,4,5,6]; c6:bw=42,experts=[0,4,5,6]; c12:bw=47,experts=[0,4,5,6]; c13:bw=35,experts=[2,4,6]; c19:bw=54,experts=[0,4,5,6]; c2:bw=45,experts=[0,1,4,6]; c7:bw=11,experts=[]; c21:bw=64,experts=[0,2,4,5,6,7]; c23:bw=57,experts=[0,2,4,5,6]; c16:bw=19,experts=[4]; c11:bw=10,experts=[]; c26:bw=36,experts=[1,4]; c27:bw=53,experts=[0,2,4,5,6]; c28:bw=47,experts=[0,4,6]; c9:bw=58,experts=[0,2,4,5,6]; c15:bw=70,experts=[0,1,2,4,5,6]; c22:bw=27,experts=[4,6]; c24:bw=18,experts=[4]; c14:bw=44,experts=[0,3,4,6]","3.0728,1.4255,1.3144,2.4867,1.3509,3.9552,1.9430,2.5434,3.7093,2.4222,2.5260,2.1220,1.3962,2.1789,1.9606,1.7757,1.5165,1.5661,1.2573,1.6341,2.1896,2.6539,1.2485,2.2598,1.9070,1.6583,1.4109,1.9595,1.4728,1.6129"
86,2026-09-24 15:16:28,Ours,0.01,1.7596381620994026,57.2,57.2,86,62.4697,1:02.47,60.7267,0.4795,1.2602,5416.0439,1:30:16.04,30,"9,10,16,25,29,14,27,2,22,4,8,26,12,18,24,23,3,13,1,28,11,15,20,0,6,7,17,21,5,19",9:43;10:47;16:50;25:36;29:18;14:45;27:44;2:24;22:44;4:18;8:28;26:66;12:28;18:52;24:24;23:47;3:28;13:55;1:72;28:42;11:38;15:55;20:27;0:30;6:55;7:44;17:40;21:34;5:47;19:18,"9:[0,4,5,6];10:[4,6,7];16:[0,2,4,5,6];25:[4,6];29:[2];14:[0,4,5,6];27:[0,4,5,6];2:[2,4];22:[0,4,5,6];4:[4];8:[4,6];26:[0,1,4,5,6];12:[4];18:[0,1,4,5,6];24:[4,6];23:[4,6,7];3:[4,6];13:[0,4,5,6];1:[0,1,4,5,6,7];28:[2,4,5,6];11:[2,4,6];15:[0,4,5,6];20:[4,6];0:[0,4,6];6:[0,2,4,6];7:[4,6,7];17:[0,4,6];21:[0,4,6];5:[2,4,6];19:[4]","c9:bw=43,experts=[0,4,5,6]; c10:bw=47,experts=[4,6,7]; c16:bw=50,experts=[0,2,4,5,6]; c25:bw=36,experts=[4,6]; c29:bw=18,experts=[2]; c14:bw=45,experts=[0,4,5,6]; c27:bw=44,experts=[0,4,5,6]; c2:bw=24,experts=[2,4]; c22:bw=44,experts=[0,4,5,6]; c4:bw=18,experts=[4]; c8:bw=28,experts=[4,6]; c26:bw=66,experts=[0,1,4,5,6]; c12:bw=28,experts=[4]; c18:bw=52,experts=[0,1,4,5,6]; c24:bw=24,experts=[4,6]; c23:bw=47,experts=[4,6,7]; c3:bw=28,experts=[4,6]; c13:bw=55,experts=[0,4,5,6]; c1:bw=72,experts=[0,1,4,5,6,7]; c28:bw=42,experts=[2,4,5,6]; c11:bw=38,experts=[2,4,6]; c15:bw=55,experts=[0,4,5,6]; c20:bw=27,experts=[4,6]; c0:bw=30,experts=[0,4,6]; c6:bw=55,experts=[0,2,4,6]; c7:bw=44,experts=[4,6,7]; c17:bw=40,experts=[0,4,6]; c21:bw=34,experts=[0,4,6]; c5:bw=47,experts=[2,4,6]; c19:bw=18,experts=[4]","1.6787,3.0314,2.2052,2.5157,3.8952,1.6234,2.2815,1.5607,2.0106,2.5266,1.4082,1.2639,2.1809,2.1725,1.5059,1.6196,1.8679,1.9998,1.3247,1.9557,2.7158,1.4164,2.4828,1.3443,1.3825,1.5971,2.3920,1.2558,3.7460,1.7657"
87,2026-09-24 15:17:31,Ours,0.01,1.770062214792053,56.82,57.2,86,62.0244,1:02.02,60.2748,0.474,1.2723,5478.1112,1:31:18.11,30,"16,8,18,13,15,26,6,20,12,7,24,1,23,27,0,19,11,9,4,14,10,21,2,5,28,17,3,25,22,29",16:45;8:46;18:45;13:45;15:63;26:47;6:60;20:54;12:45;7:22;24:30;1:29;23:30;27:62;0:35;19:33;11:18;9:37;4:34;14:36;10:49;21:36;2:67;5:10;28:31;17:25;3:68;25:67;22:21;29:24,"16:[0,1,4,6];8:[1,4,6];18:[4,5,6,7];13:[4,5,6];15:[0,1,2,4,5,6];26:[1,4,5,6];6:[0,1,4,5,6];20:[0,1,4,5,6];12:[0,4,5,6];7:[4,6];24:[3,4,6];1:[4];23:[0,4,6];27:[0,1,2,4,5,6];0:[0,4,6];19:[2,4,6];11:[];9:[4,6];4:[2,3];14:[0,4,6];10:[0,2,4,6];21:[0,4,6];2:[0,1,2,4,5,6];5:[7];28:[4,7];17:[4,6];3:[0,1,4,5,6,7];25:[0,1,2,4,5,6];22:[3,4];29:[5]","c16:bw=45,experts=[0,1,4,6]; c8:bw=46,experts=[1,4,6]; c18:bw=45,experts=[4,5,6,7]; c13:bw=45,experts=[4,5,6]; c15:bw=63,experts=[0,1,2,4,5,6]; c26:bw=47,experts=[1,4,5,6]; c6:bw=60,experts=[0,1,4,5,6]; c20:bw=54,experts=[0,1,4,5,6]; c12:bw=45,experts=[0,4,5,6]; c7:bw=22,experts=[4,6]; c24:bw=30,experts=[3,4,6]; c1:bw=29,experts=[4]; c23:bw=30,experts=[0,4,6]; c27:bw=62,experts=[0,1,2,4,5,6]; c0:bw=35,experts=[0,4,6]; c19:bw=33,experts=[2,4,6]; c11:bw=18,experts=[]; c9:bw=37,experts=[4,6]; c4:bw=34,experts=[2,3]; c14:bw=36,experts=[0,4,6]; c10:bw=49,experts=[0,2,4,6]; c21:bw=36,experts=[0,4,6]; c2:bw=67,experts=[0,1,2,4,5,6]; c5:bw=10,experts=[7]; c28:bw=31,experts=[4,7]; c17:bw=25,experts=[4,6]; c3:bw=68,experts=[0,1,4,5,6,7]; c25:bw=67,experts=[0,1,2,4,5,6]; c22:bw=21,experts=[3,4]; c29:bw=24,experts=[5]","2.2226,1.3942,2.1199,2.0000,1.4267,1.2641,1.3769,2.5453,2.1931,1.5944,1.4848,1.2758,1.6178,2.2697,1.3183,1.7617,2.7082,1.6581,2.5079,1.6137,3.0231,1.2471,1.5404,3.6822,1.8964,2.3600,1.8853,2.5175,1.9490,3.8207"
88,2026-09-24 15:18:33,Ours,0.01,1.7505966322160786,57.45,57.45,88,62.1497,1:02.15,60.4283,0.4715,1.2467,5540.3038,1:32:20.30,30,"21,11,6,20,7,4,16,14,8,10,28,18,12,15,5,22,23,24,3,0,27,9,25,19,13,17,2,29,26,1",21:42;11:10;6:27;20:41;7:41;4:38;16:30;14:10;8:43;10:71;28:24;18:22;12:61;15:60;5:30;22:57;23:52;24:36;3:33;0:62;27:40;9:31;25:26;19:23;13:34;17:30;2:46;29:16;26:69;1:28,"21:[3,4,6];11:[3];6:[3,4];20:[0,3,4,6];7:[1,3,4,6];4:[1,4,7];16:[3,4,6];14:[7];8:[0,3,4,6];10:[0,1,2,4,5,6,7];28:[4];18:[4,6];12:[0,1,2,4,5,6];15:[0,1,3,4,6];5:[3,4,5];22:[0,1,4,5,6];23:[0,1,4,5,6];24:[0,4,6];3:[0,4,6];0:[0,1,4,6,7];27:[3,4,6];9:[3,4,7];25:[4,6];19:[4];13:[3,4,6];17:[2,4,6];2:[1,3,4,6];29:[4];26:[0,1,4,5,6];1:[3,4]","c21:bw=42,experts=[3,4,6]; c11:bw=10,experts=[3]; c6:bw=27,experts=[3,4]; c20:bw=41,experts=[0,3,4,6]; c7:bw=41,experts=[1,3,4,6]; c4:bw=38,experts=[1,4,7]; c16:bw=30,experts=[3,4,6]; c14:bw=10,experts=[7]; c8:bw=43,experts=[0,3,4,6]; c10:bw=71,experts=[0,1,2,4,5,6,7]; c28:bw=24,experts=[4]; c18:bw=22,experts=[4,6]; c12:bw=61,experts=[0,1,2,4,5,6]; c15:bw=60,experts=[0,1,3,4,6]; c5:bw=30,experts=[3,4,5]; c22:bw=57,experts=[0,1,4,5,6]; c23:bw=52,experts=[0,1,4,5,6]; c24:bw=36,experts=[0,4,6]; c3:bw=33,experts=[0,4,6]; c0:bw=62,experts=[0,1,4,6,7]; c27:bw=40,experts=[3,4,6]; c9:bw=31,experts=[3,4,7]; c25:bw=26,experts=[4,6]; c19:bw=23,experts=[4]; c13:bw=34,experts=[3,4,6]; c17:bw=30,experts=[2,4,6]; c2:bw=46,experts=[1,3,4,6]; c29:bw=16,experts=[4]; c26:bw=69,experts=[0,1,4,5,6]; c1:bw=28,experts=[3,4]","1.2743,2.7316,1.3912,2.5493,1.6206,2.5276,2.2059,1.6200,1.4360,3.0696,1.9418,2.1116,2.1900,1.4116,3.7228,1.9646,1.6110,1.4786,1.8557,1.3166,2.2339,1.6596,2.4828,1.7491,1.9407,2.4553,1.5149,3.8278,1.2579,1.2754"
89,2026-09-24 15:19:35,Ours,0.01,1.7917251291003746,57.15,57.45,88,62.0735,1:02.07,60.3211,0.4677,1.2814,5602.4204,1:33:22.42,30,"22,26,16,21,23,15,0,6,7,28,18,27,8,9,20,2,4,1,10,5,17,19,13,25,11,12,29,14,24,3",22:42;26:10;16:50;21:28;23:24;15:61;0:13;6:32;7:21;28:20;18:55;27:10;8:74;9:60;20:31;2:44;4:30;1:41;10:28;5:46;17:40;19:16;13:10;25:17;11:36;12:34;29:14;14:30;24:58;3:31,"22:[0,1,4,6];26:[3];16:[0,1,2,4,6];21:[4,6];23:[4,6];15:[0,1,4,5,6];0:[3];6:[4,6,7];7:[5];28:[1,3];18:[1,3,4,5,6];27:[7];8:[0,1,2,4,5,6,7];9:[0,1,2,4,5,6];20:[0,4,6];2:[4,5,6,7];4:[4,6];1:[0,1,4,6];10:[3,4];5:[0,1,4,6];17:[0,3,4,6];19:[3];13:[7];25:[4];11:[4,6,7];12:[4,7];29:[];14:[4,6];24:[0,1,4,5,6];3:[3,4]","c22:bw=42,experts=[0,1,4,6]; c26:bw=10,experts=[3]; c16:bw=50,experts=[0,1,2,4,6]; c21:bw=28,experts=[4,6]; c23:bw=24,experts=[4,6]; c15:bw=61,experts=[0,1,4,5,6]; c0:bw=13,experts=[3]; c6:bw=32,experts=[4,6,7]; c7:bw=21,experts=[5]; c28:bw=20,experts=[1,3]; c18:bw=55,experts=[1,3,4,5,6]; c27:bw=10,experts=[7]; c8:bw=74,experts=[0,1,2,4,5,6,7]; c9:bw=60,experts=[0,1,2,4,5,6]; c20:bw=31,experts=[0,4,6]; c2:bw=44,experts=[4,5,6,7]; c4:bw=30,experts=[4,6]; c1:bw=41,experts=[0,1,4,6]; c10:bw=28,experts=[3,4]; c5:bw=46,experts=[0,1,4,6]; c17:bw=40,experts=[0,3,4,6]; c19:bw=16,experts=[3]; c13:bw=10,experts=[7]; c25:bw=17,experts=[4]; c11:bw=36,experts=[4,6,7]; c12:bw=34,experts=[4,7]; c29:bw=14,experts=[]; c14:bw=30,experts=[4,6]; c24:bw=58,experts=[0,1,4,5,6]; c3:bw=31,experts=[3,4]","1.9850,1.2442,2.2153,1.2545,1.6294,1.4260,1.3103,1.3716,1.5854,1.9114,2.1271,2.2557,1.4059,1.6673,2.5235,1.5353,2.5133,1.3182,3.0129,3.7331,2.3966,1.7688,1.9414,2.4845,2.7098,2.1875,3.8344,1.6001,1.4967,1.8758"
90,2026-09-24 15:20:37,Ours,0.01,1.7584926723236252,57.26,57.45,88,62.2212,1:02.22,60.4488,0.4786,1.2905,5664.6854,1:34:24.69,30,"8,23,10,2,19,24,17,9,1,29,5,28,14,12,21,11,20,4,16,7,26,22,3,0,25,15,6,18,13,27",8:50;23:44;10:10;2:21;19:15;24:43;17:22;9:63;1:31;29:17;5:27;28:44;14:16;12:43;21:66;11:41;20:56;4:35;16:57;7:72;26:55;22:31;3:36;0:64;25:51;15:61;6:26;18:50;13:65;27:27,"8:[0,2,4,5,6];23:[1,4,6];10:[];2:[4,6];19:[7];24:[0,1,4,6];17:[1,4];9:[0,1,4,5,6];1:[1,4,6];29:[];5:[4];28:[1,4,5,6];14:[4];12:[0,4,5,6];21:[0,1,2,4,5,6];11:[0,4,5,6];20:[0,2,4,5,6];4:[4,6];16:[0,2,4,5,6];7:[0,1,2,4,5,6,7];26:[1,2,4,5,6];22:[1,4,6];3:[0,4,6];0:[0,1,2,4,5,6];25:[0,3,4,6,7];15:[0,1,2,4,5,6];6:[4,6];18:[0,1,4,5,6];13:[0,1,2,4,5,6];27:[4,6]","c8:bw=50,experts=[0,2,4,5,6]; c23:bw=44,experts=[1,4,6]; c10:bw=10,experts=[]; c2:bw=21,experts=[4,6]; c19:bw=15,experts=[7]; c24:bw=43,experts=[0,1,4,6]; c17:bw=22,experts=[1,4]; c9:bw=63,experts=[0,1,4,5,6]; c1:bw=31,experts=[1,4,6]; c29:bw=17,experts=[]; c5:bw=27,experts=[4]; c28:bw=44,experts=[1,4,5,6]; c14:bw=16,experts=[4]; c12:bw=43,experts=[0,4,5,6]; c21:bw=66,experts=[0,1,2,4,5,6]; c11:bw=41,experts=[0,4,5,6]; c20:bw=56,experts=[0,2,4,5,6]; c4:bw=35,experts=[4,6]; c16:bw=57,experts=[0,2,4,5,6]; c7:bw=72,experts=[0,1,2,4,5,6,7]; c26:bw=55,experts=[1,2,4,5,6]; c22:bw=31,experts=[1,4,6]; c3:bw=36,experts=[0,4,6]; c0:bw=64,experts=[0,1,2,4,5,6]; c25:bw=51,experts=[0,3,4,6,7]; c15:bw=61,experts=[0,1,2,4,5,6]; c6:bw=26,experts=[4,6]; c18:bw=50,experts=[0,1,4,5,6]; c13:bw=65,experts=[0,1,2,4,5,6]; c27:bw=27,experts=[4,6]","1.4343,1.6358,3.0371,1.5447,1.7723,1.5186,2.3809,1.6714,1.2816,3.7943,3.6599,1.8958,1.5804,2.1557,1.2525,2.7108,2.5006,2.4965,2.2151,1.6238,1.2749,1.9803,1.8874,1.3586,2.5342,1.4333,1.4005,2.1278,2.0052,2.2844"
91,2026-09-24 15:21:39,Ours,0.01,1.7489706524991215,57.31,57.45,88,62.2215,1:02.22,60.4816,0.4746,1.262,5726.9515,1:35:26.95,30,"7,19,2,18,3,16,8,10,11,29,24,17,15,12,0,23,26,9,14,5,20,1,22,25,28,4,6,13,21,27",7:51;19:51;2:11;18:13;3:40;16:24;8:23;10:49;11:67;29:14;24:41;17:63;15:45;12:62;0:22;23:22;26:63;9:35;14:42;5:52;20:20;1:50;22:21;25:49;28:42;4:54;6:29;13:46;21:46;27:46,"7:[0,1,4,5,6];19:[0,1,4,6];2:[4];18:[];3:[0,4,5,6];16:[4,6];8:[4,6];10:[4,5,6];11:[0,1,2,4,5,6];29:[];24:[4,5,6,7];17:[0,1,4,5,6];15:[0,1,4,6];12:[0,1,4,5,6];0:[4];23:[3,4];26:[0,1,2,4,5,6];9:[4,5,6];14:[2,4,6];5:[1,4,5,6];20:[4];1:[0,1,4,6];22:[2];25:[0,4,6];28:[0,1,4,6];4:[0,1,4,5,6];6:[4];13:[0,4,6];21:[0,1,4,6];27:[1,4,5,6]","c7:bw=51,experts=[0,1,4,5,6]; c19:bw=51,experts=[0,1,4,6]; c2:bw=11,experts=[4]; c18:bw=13,experts=[]; c3:bw=40,experts=[0,4,5,6]; c16:bw=24,experts=[4,6]; c8:bw=23,experts=[4,6]; c10:bw=49,experts=[4,5,6]; c11:bw=67,experts=[0,1,2,4,5,6]; c29:bw=14,experts=[]; c24:bw=41,experts=[4,5,6,7]; c17:bw=63,experts=[0,1,4,5,6]; c15:bw=45,experts=[0,1,4,6]; c12:bw=62,experts=[0,1,4,5,6]; c0:bw=22,experts=[4]; c23:bw=22,experts=[3,4]; c26:bw=63,experts=[0,1,2,4,5,6]; c9:bw=35,experts=[4,5,6]; c14:bw=42,experts=[2,4,6]; c5:bw=52,experts=[1,4,5,6]; c20:bw=20,experts=[4]; c1:bw=50,experts=[0,1,4,6]; c22:bw=21,experts=[2]; c25:bw=49,experts=[0,4,6]; c28:bw=42,experts=[0,1,4,6]; c4:bw=54,experts=[0,1,4,5,6]; c6:bw=29,experts=[4]; c13:bw=46,experts=[0,4,6]; c21:bw=46,experts=[0,1,4,6]; c27:bw=46,experts=[1,4,5,6]","1.6336,1.8092,1.5491,2.1122,1.9078,2.1999,1.4148,3.0414,2.7577,3.8480,1.5066,2.3905,1.3903,2.1941,1.3036,1.6280,1.2809,1.6551,1.6070,3.7517,2.4922,1.3047,1.9563,2.5051,1.9298,2.5191,1.3514,1.9553,1.2373,2.2487"
92,2026-09-24 15:22:42,Ours,0.01,1.7496736593501747,57.76,57.76,92,62.299,1:02.30,60.5551,0.4679,1.2729,5789.2945,1:36:29.29,30,"14,21,25,28,13,6,18,16,0,11,4,9,5,24,23,12,8,2,7,17,15,26,1,3,29,22,19,20,10,27",14:30;21:57;25:30;28:40;13:17;6:45;18:37;16:14;0:29;11:15;4:26;9:56;5:66;24:33;23:19;12:48;8:19;2:25;7:34;17:32;15:19;26:46;1:20;3:28;29:35;22:44;19:54;20:56;10:37;27:63,"14:[1,4];21:[0,2,4,5,6];25:[1,4,6];28:[0,4,6];13:[4];6:[0,4,5,6];18:[2,4,6];16:[7];0:[4,6];11:[];4:[4];9:[0,1,4,5,6];5:[0,1,2,4,5,6];24:[2,4,6];23:[4];12:[3,4,5,6];8:[4];2:[4,6];7:[4,6];17:[4,6,7];15:[7];26:[0,4,6,7];1:[4];3:[4];29:[0,3,7];22:[2,4,6,7];19:[0,4,5,6];20:[0,1,4,6,7];10:[0,4,6];27:[0,1,2,4,5,6]","c14:bw=30,experts=[1,4]; c21:bw=57,experts=[0,2,4,5,6]; c25:bw=30,experts=[1,4,6]; c28:bw=40,experts=[0,4,6]; c13:bw=17,experts=[4]; c6:bw=45,experts=[0,4,5,6]; c18:bw=37,experts=[2,4,6]; c16:bw=14,experts=[7]; c0:bw=29,experts=[4,6]; c11:bw=15,experts=[]; c4:bw=26,experts=[4]; c9:bw=56,experts=[0,1,4,5,6]; c5:bw=66,experts=[0,1,2,4,5,6]; c24:bw=33,experts=[2,4,6]; c23:bw=19,experts=[4]; c12:bw=48,experts=[3,4,5,6]; c8:bw=19,experts=[4]; c2:bw=25,experts=[4,6]; c7:bw=34,experts=[4,6]; c17:bw=32,experts=[4,6,7]; c15:bw=19,experts=[7]; c26:bw=46,experts=[0,4,6,7]; c1:bw=20,experts=[4]; c3:bw=28,experts=[4]; c29:bw=35,experts=[0,3,7]; c22:bw=44,experts=[2,4,6,7]; c19:bw=54,experts=[0,4,5,6]; c20:bw=56,experts=[0,1,4,6,7]; c10:bw=37,experts=[0,4,6]; c27:bw=63,experts=[0,1,2,4,5,6]","1.6236,1.2785,2.5195,1.9522,1.9711,1.3864,2.1179,2.2032,1.3263,2.7203,2.5042,1.7699,3.7514,1.4921,1.6134,2.1783,1.3858,1.5294,1.5967,2.3862,1.3846,1.2626,1.2989,1.8548,3.8532,1.9537,1.7826,2.5079,3.0741,2.2762"
93,2026-09-24 15:23:44,Ours,0.01,1.7488986455028808,57.8,57.8,93,62.7038,1:02.70,60.964,0.4755,1.261,5852.043,1:37:32.04,30,"21,8,3,5,29,26,13,22,25,27,4,2,12,19,6,11,18,14,16,23,24,1,10,20,7,17,9,0,28,15",21:34;8:10;3:31;5:10;29:47;26:61;13:63;22:14;25:52;27:39;4:32;2:51;12:52;19:39;6:22;11:32;18:23;14:25;16:46;23:22;24:50;1:47;10:15;20:57;7:22;17:32;9:58;0:19;28:47;15:36,"21:[4,6,7];8:[4];3:[2,4,6];5:[4];29:[0,1,4,6];26:[0,1,2,4,5,6];13:[0,1,4,5,6];22:[];25:[0,4,5,6];27:[4,5,6];4:[4,5,6];2:[0,2,4,5,6];12:[0,1,4,5,6];19:[0,4,6];6:[4,6];11:[4,6];18:[4,6];14:[3];16:[0,1,4,6];23:[2,4];24:[0,1,4,6];1:[0,2,4,6];10:[4];20:[0,1,4,5,6];7:[4];17:[4,6];9:[0,2,4,5,6];0:[];28:[0,1,4,6];15:[0,4,6]","c21:bw=34,experts=[4,6,7]; c8:bw=10,experts=[4]; c3:bw=31,experts=[2,4,6]; c5:bw=10,experts=[4]; c29:bw=47,experts=[0,1,4,6]; c26:bw=61,experts=[0,1,2,4,5,6]; c13:bw=63,experts=[0,1,4,5,6]; c22:bw=14,experts=[]; c25:bw=52,experts=[0,4,5,6]; c27:bw=39,experts=[4,5,6]; c4:bw=32,experts=[4,5,6]; c2:bw=51,experts=[0,2,4,5,6]; c12:bw=52,experts=[0,1,4,5,6]; c19:bw=39,experts=[0,4,6]; c6:bw=22,experts=[4,6]; c11:bw=32,experts=[4,6]; c18:bw=23,experts=[4,6]; c14:bw=25,experts=[3]; c16:bw=46,experts=[0,1,4,6]; c23:bw=22,experts=[2,4]; c24:bw=50,experts=[0,1,4,6]; c1:bw=47,experts=[0,2,4,6]; c10:bw=15,experts=[4]; c20:bw=57,experts=[0,1,4,5,6]; c7:bw=22,experts=[4]; c17:bw=32,experts=[4,6]; c9:bw=58,experts=[0,2,4,5,6]; c0:bw=19,experts=[]; c28:bw=47,experts=[0,1,4,6]; c15:bw=36,experts=[0,4,6]","1.2682,1.4226,1.9163,3.7625,3.9458,1.2861,1.9894,1.9529,2.5110,2.2589,2.5101,1.5254,2.2238,1.7862,1.3851,2.7281,2.1099,1.6214,2.2209,1.6390,1.5170,1.3313,3.0673,2.5539,1.6083,2.4249,1.6948,1.3207,1.9558,1.4261"
94,2026-09-24 15:24:47,Ours,0.01,1.7229009428242927,58.1,58.1,94,62.1814,1:02.18,60.4155,0.4815,1.2811,5914.271,1:38:34.27,30,"27,26,21,28,1,11,8,17,0,12,15,22,5,18,25,9,24,6,14,10,3,13,7,20,19,4,16,29,2,23",27:26;26:55;21:30;28:60;1:70;11:48;8:10;17:12;0:55;12:14;15:40;22:52;5:41;18:47;25:18;9:50;24:39;6:30;14:38;10:61;3:34;13:44;7:45;20:10;19:48;4:31;16:28;29:10;2:65;23:38,"27:[4,6];26:[0,1,4,5,6];21:[0,4,6];28:[0,1,2,4,5,6];1:[0,1,2,4,5,6,7];11:[0,2,4,6];8:[4];17:[4];0:[0,1,4,5,6];12:[4];15:[0,4,5,6];22:[0,1,4,6];5:[0,1,4,6];18:[0,2,4,6];25:[4];9:[0,4,5,6];24:[4,6];6:[2,4];14:[4,5];10:[0,1,2,4,5,6];3:[0,4,6];13:[0,4,5,6];7:[0,1,4,6];20:[4];19:[2,4,6];4:[4,6];16:[2,4];29:[2];2:[0,1,2,4,5,6];23:[2,4,7]","c27:bw=26,experts=[4,6]; c26:bw=55,experts=[0,1,4,5,6]; c21:bw=30,experts=[0,4,6]; c28:bw=60,experts=[0,1,2,4,5,6]; c1:bw=70,experts=[0,1,2,4,5,6,7]; c11:bw=48,experts=[0,2,4,6]; c8:bw=10,experts=[4]; c17:bw=12,experts=[4]; c0:bw=55,experts=[0,1,4,5,6]; c12:bw=14,experts=[4]; c15:bw=40,experts=[0,4,5,6]; c22:bw=52,experts=[0,1,4,6]; c5:bw=41,experts=[0,1,4,6]; c18:bw=47,experts=[0,2,4,6]; c25:bw=18,experts=[4]; c9:bw=50,experts=[0,4,5,6]; c24:bw=39,experts=[4,6]; c6:bw=30,experts=[2,4]; c14:bw=38,experts=[4,5]; c10:bw=61,experts=[0,1,2,4,5,6]; c3:bw=34,experts=[0,4,6]; c13:bw=44,experts=[0,4,5,6]; c7:bw=45,experts=[0,1,4,6]; c20:bw=10,experts=[4]; c19:bw=48,experts=[2,4,6]; c4:bw=31,experts=[4,6]; c16:bw=28,experts=[2,4]; c29:bw=10,experts=[2]; c2:bw=65,experts=[0,1,2,4,5,6]; c23:bw=38,experts=[2,4,7]","2.2790,1.2763,1.2636,1.9591,1.3232,2.7410,1.4107,2.3889,1.3165,2.1703,1.4273,1.9985,3.7750,2.0995,2.4522,1.6637,1.4832,1.3775,1.6132,3.0386,1.8472,1.9599,1.5931,2.4985,1.7733,2.4848,2.1916,3.8492,1.5412,1.6194"
95,2026-09-24 15:25:49,Ours,0.01,1.7404138063804864,57.86,58.1,94,62.3446,1:02.34,60.6221,0.4726,1.2466,5976.6617,1:39:36.66,30,"26,6,2,19,15,24,14,23,0,21,10,29,18,4,12,5,1,7,11,27,20,9,17,22,25,8,13,28,3,16",26:28;6:40;2:23;19:42;15:34;24:33;14:49;23:32;0:35;21:46;10:42;29:48;18:28;4:15;12:10;5:10;1:31;7:59;11:10;27:10;20:56;9:42;17:47;22:10;25:36;8:76;13:59;28:30;3:41;16:24,"26:[4,6];6:[1,4,5,6];2:[4,6];19:[0,1,4,6];15:[4,5,6];24:[3,4,5];14:[0,4,5,6];23:[0,4,6];0:[0,4,6];21:[0,2,4,6];10:[0,4,5,6];29:[4,5,6];18:[4,7];4:[];12:[];5:[7];1:[0,4,6];7:[1,2,4,5,6];11:[4];27:[4];20:[0,2,4,5,6];9:[2,4,5,6];17:[2,4,5,6];22:[3];25:[2,4];8:[0,1,2,4,5,6];13:[0,1,4,5,6];28:[4,6,7];3:[1,4,6,7];16:[4,6]","c26:bw=28,experts=[4,6]; c6:bw=40,experts=[1,4,5,6]; c2:bw=23,experts=[4,6]; c19:bw=42,experts=[0,1,4,6]; c15:bw=34,experts=[4,5,6]; c24:bw=33,experts=[3,4,5]; c14:bw=49,experts=[0,4,5,6]; c23:bw=32,experts=[0,4,6]; c0:bw=35,experts=[0,4,6]; c21:bw=46,experts=[0,2,4,6]; c10:bw=42,experts=[0,4,5,6]; c29:bw=48,experts=[4,5,6]; c18:bw=28,experts=[4,7]; c4:bw=15,experts=[]; c12:bw=10,experts=[]; c5:bw=10,experts=[7]; c1:bw=31,experts=[0,4,6]; c7:bw=59,experts=[1,2,4,5,6]; c11:bw=10,experts=[4]; c27:bw=10,experts=[4]; c20:bw=56,experts=[0,2,4,5,6]; c9:bw=42,experts=[2,4,5,6]; c17:bw=47,experts=[2,4,5,6]; c22:bw=10,experts=[3]; c25:bw=36,experts=[2,4]; c8:bw=76,experts=[0,1,2,4,5,6]; c13:bw=59,experts=[0,1,4,5,6]; c28:bw=30,experts=[4,6,7]; c3:bw=41,experts=[1,4,6,7]; c16:bw=24,experts=[4,6]","1.2538,1.3896,1.5427,1.7790,1.3977,1.4891,1.6005,1.6388,1.3373,1.2798,3.0762,3.9299,2.0669,2.4697,2.1658,3.6850,1.2951,1.6167,2.7041,2.2890,2.5580,1.7119,2.4223,1.9892,2.5329,1.4215,1.9991,1.9431,1.8506,2.1870"
96,2026-09-24 15:26:52,Ours,0.01,1.7190230187594213,58.68,58.68,96,62.4718,1:02.47,60.7438,0.4692,1.2554,6039.1787,1:40:39.18,30,"15,10,12,23,26,3,22,5,9,7,14,4,1,8,28,0,6,2,16,13,18,11,20,29,19,21,17,24,25,27",15:78;10:53;12:71;23:27;26:60;3:46;22:55;5:60;9:44;7:50;14:10;4:49;1:36;8:64;28:38;0:36;6:31;2:65;16:72;13:55;18:29;11:44;20:37;29:55;19:38;21:17;17:35;24:45;25:29;27:43,"15:[0,1,2,3,4,5,6];10:[0,2,4,6,7];12:[0,1,2,3,4,5,6];23:[4,5];26:[0,2,4,5,6];3:[0,2,4,6];22:[0,1,4,5,6];5:[0,1,3,4,5,6];9:[3,4,6,7];7:[0,1,3,4,6];14:[7];4:[2,3,4,7];1:[3,4,6];8:[0,1,3,4,5,6];28:[4,6];0:[4,6,7];6:[3,4,6];2:[0,2,3,4,5,6];16:[0,1,2,3,4,5,6];13:[0,3,4,6];18:[0,4];11:[0,3,4,6];20:[3,4,6];29:[0,1,4,5,6];19:[0,4,6];21:[3];17:[0,4,6];24:[1,4,6];25:[4,6];27:[0,3,4,6]","c15:bw=78,experts=[0,1,2,3,4,5,6]; c10:bw=53,experts=[0,2,4,6,7]; c12:bw=71,experts=[0,1,2,3,4,5,6]; c23:bw=27,experts=[4,5]; c26:bw=60,experts=[0,2,4,5,6]; c3:bw=46,experts=[0,2,4,6]; c22:bw=55,experts=[0,1,4,5,6]; c5:bw=60,experts=[0,1,3,4,5,6]; c9:bw=44,experts=[3,4,6,7]; c7:bw=50,experts=[0,1,3,4,6]; c14:bw=10,experts=[7]; c4:bw=49,experts=[2,3,4,7]; c1:bw=36,experts=[3,4,6]; c8:bw=64,experts=[0,1,3,4,5,6]; c28:bw=38,experts=[4,6]; c0:bw=36,experts=[4,6,7]; c6:bw=31,experts=[3,4,6]; c2:bw=65,experts=[0,2,3,4,5,6]; c16:bw=72,experts=[0,1,2,3,4,5,6]; c13:bw=55,experts=[0,3,4,6]; c18:bw=29,experts=[0,4]; c11:bw=44,experts=[0,3,4,6]; c20:bw=37,experts=[3,4,6]; c29:bw=55,experts=[0,1,4,5,6]; c19:bw=38,experts=[0,4,6]; c21:bw=17,experts=[3]; c17:bw=35,experts=[0,4,6]; c24:bw=45,experts=[1,4,6]; c25:bw=29,experts=[4,6]; c27:bw=43,experts=[0,3,4,6]","1.4393,3.0799,2.2236,1.6150,1.2748,1.9254,1.9935,3.7849,1.6817,1.6972,1.6115,2.5616,1.3094,1.4336,1.9363,1.3292,1.3940,1.5567,2.2265,1.9836,2.0811,2.7224,2.5194,3.8624,1.7428,1.2340,2.3407,1.4736,2.4635,2.2461"
97,2026-09-24 15:27:54,Ours,0.01,1.728812817347237,58.36,58.68,96,62.1733,1:02.17,60.4527,0.472,1.2453,6101.3981,1:41:41.40,30,"8,28,23,27,3,13,6,9,15,2,7,0,16,4,29,5,26,11,18,22,25,19,14,20,1,17,12,21,24,10",8:43;28:20;23:10;27:34;3:35;13:51;6:50;9:43;15:59;2:54;7:30;0:41;16:54;4:16;29:33;5:46;26:71;11:22;18:70;22:32;25:44;19:30;14:23;20:42;1:50;17:54;12:13;21:35;24:46;10:51,"8:[0,4,6,7];28:[3,4];23:[];27:[4,7];3:[3,4];13:[0,1,4,6,7];6:[0,4,6,7];9:[0,1,4,6];15:[0,2,4,5,6];2:[1,4,6,7];7:[4,6];0:[3,4,6];16:[0,1,4,5,6];4:[];29:[1,4,6];5:[0,1,4,6];26:[0,1,3,4,5,6];11:[7];18:[0,1,2,3,4,6];22:[4,6];25:[1,4,6];19:[3,4,6];14:[4,6];20:[0,1,4,6];1:[1,4,5,6];17:[0,3,4,6];12:[7];21:[4,6];24:[0,1,4,6];10:[3,4,5,6]","c8:bw=43,experts=[0,4,6,7]; c28:bw=20,experts=[3,4]; c23:bw=10,experts=[]; c27:bw=34,experts=[4,7]; c3:bw=35,experts=[3,4]; c13:bw=51,experts=[0,1,4,6,7]; c6:bw=50,experts=[0,4,6,7]; c9:bw=43,experts=[0,1,4,6]; c15:bw=59,experts=[0,2,4,5,6]; c2:bw=54,experts=[1,4,6,7]; c7:bw=30,experts=[4,6]; c0:bw=41,experts=[3,4,6]; c16:bw=54,experts=[0,1,4,5,6]; c4:bw=16,experts=[]; c29:bw=33,experts=[1,4,6]; c5:bw=46,experts=[0,1,4,6]; c26:bw=71,experts=[0,1,3,4,5,6]; c11:bw=22,experts=[7]; c18:bw=70,experts=[0,1,2,3,4,6]; c22:bw=32,experts=[4,6]; c25:bw=44,experts=[1,4,6]; c19:bw=30,experts=[3,4,6]; c14:bw=23,experts=[4,6]; c20:bw=42,experts=[0,1,4,6]; c1:bw=50,experts=[1,4,5,6]; c17:bw=54,experts=[0,3,4,6]; c12:bw=13,experts=[7]; c21:bw=35,experts=[4,6]; c24:bw=46,experts=[0,1,4,6]; c10:bw=51,experts=[3,4,5,6]","1.4174,1.9684,1.6192,2.2898,1.9008,1.9805,1.3549,1.6537,1.3754,1.5185,1.5732,1.3047,2.1937,2.4636,3.8564,3.7801,1.2856,2.6819,2.1374,1.9699,2.4680,1.7545,1.6199,2.5196,1.3155,2.4269,2.1769,1.2786,1.5113,3.0564"
98,2026-09-24 15:28:56,Ours,0.01,1.697175660954583,58.97,58.97,98,62.1438,1:02.14,60.4198,0.469,1.2518,6163.5886,1:42:43.59,30,"5,21,12,17,18,13,16,24,6,20,28,8,10,1,26,19,23,3,22,2,29,11,0,27,15,25,9,7,14,4",5:49;21:22;12:16;17:17;18:32;13:31;16:41;24:48;6:36;20:36;28:52;8:54;10:45;1:26;26:54;19:45;23:40;3:25;22:34;2:24;29:47;11:10;0:33;27:41;15:17;25:55;9:27;7:24;14:67;4:52,"5:[2,4,5,6];21:[4,6];12:[4];17:[4];18:[4,5];13:[2,4,6];16:[0,4,6];24:[1,4,5,6];6:[4,6];20:[0,4,6];28:[0,1,4,5,6];8:[0,1,4,5,6];10:[2,4,5,6];1:[4,6];26:[0,1,2,4,6];19:[4,6,7];23:[1,2,4,6];3:[0,4];22:[1,4,6];2:[4];29:[1,4,6];11:[4];0:[2,4,6];27:[0,4,5,6];15:[];25:[0,3,4,6,7];9:[4,6];7:[4,7];14:[0,1,2,4,5,6];4:[1,4,5,6]","c5:bw=49,experts=[2,4,5,6]; c21:bw=22,experts=[4,6]; c12:bw=16,experts=[4]; c17:bw=17,experts=[4]; c18:bw=32,experts=[4,5]; c13:bw=31,experts=[2,4,6]; c16:bw=41,experts=[0,4,6]; c24:bw=48,experts=[1,4,5,6]; c6:bw=36,experts=[4,6]; c20:bw=36,experts=[0,4,6]; c28:bw=52,experts=[0,1,4,5,6]; c8:bw=54,experts=[0,1,4,5,6]; c10:bw=45,experts=[2,4,5,6]; c1:bw=26,experts=[4,6]; c26:bw=54,experts=[0,1,2,4,6]; c19:bw=45,experts=[4,6,7]; c23:bw=40,experts=[1,2,4,6]; c3:bw=25,experts=[0,4]; c22:bw=34,experts=[1,4,6]; c2:bw=24,experts=[4]; c29:bw=47,experts=[1,4,6]; c11:bw=10,experts=[4]; c0:bw=33,experts=[2,4,6]; c27:bw=41,experts=[0,4,5,6]; c15:bw=17,experts=[]; c25:bw=55,experts=[0,3,4,6,7]; c9:bw=27,experts=[4,6]; c7:bw=24,experts=[4,7]; c14:bw=67,experts=[0,1,2,4,5,6]; c4:bw=52,experts=[1,4,5,6]","3.7744,1.2709,2.2205,2.4399,2.1180,2.0148,2.2218,1.5201,1.3749,2.5324,1.9523,1.4396,3.0450,1.2930,1.2482,1.7619,1.5998,1.8609,1.9539,1.5049,3.8304,2.6576,1.3145,2.2490,1.3726,2.4979,1.6484,1.5777,1.6180,2.5063"
99,2026-09-24 15:29:59,Ours,0.01,1.6923694229221589,58.69,58.97,98,62.7716,1:02.77,61.0107,0.4746,1.283,6226.4065,1:43:46.41,30,"6,12,0,8,20,29,14,22,17,18,23,28,26,4,2,7,5,15,10,1,24,13,16,11,27,25,9,21,3,19",6:35;12:34;0:40;8:34;20:26;29:57;14:33;22:18;17:43;18:55;23:33;28:28;26:18;4:24;2:31;7:45;5:49;15:47;10:11;1:59;24:42;13:25;16:34;11:10;27:10;25:27;9:20;21:56;3:38;19:48,"6:[1,4,6];12:[0,4,6];0:[0,4,5,6];8:[4,5,6];20:[4,6];29:[0,1,4,5,6];14:[0,4,6];22:[4];17:[0,1,4,6];18:[0,2,4,5,6];23:[3,4,6];28:[4,6];26:[4];4:[0];2:[1,4,6];7:[0,1,4,6];5:[0,4,6];15:[0,4,6];10:[4];1:[0,1,4,5,6];24:[4,6,7];13:[4,6];16:[0,4,6];11:[1];27:[4];25:[4,6];9:[4,6];21:[0,1,4,5,6];3:[4,5,6];19:[0,2,4,6]","c6:bw=35,experts=[1,4,6]; c12:bw=34,experts=[0,4,6]; c0:bw=40,experts=[0,4,5,6]; c8:bw=34,experts=[4,5,6]; c20:bw=26,experts=[4,6]; c29:bw=57,experts=[0,1,4,5,6]; c14:bw=33,experts=[0,4,6]; c22:bw=18,experts=[4]; c17:bw=43,experts=[0,1,4,6]; c18:bw=55,experts=[0,2,4,5,6]; c23:bw=33,experts=[3,4,6]; c28:bw=28,experts=[4,6]; c26:bw=18,experts=[4]; c4:bw=24,experts=[0]; c2:bw=31,experts=[1,4,6]; c7:bw=45,experts=[0,1,4,6]; c5:bw=49,experts=[0,4,6]; c15:bw=47,experts=[0,4,6]; c10:bw=11,experts=[4]; c1:bw=59,experts=[0,1,4,5,6]; c24:bw=42,experts=[4,6,7]; c13:bw=25,experts=[4,6]; c16:bw=34,experts=[0,4,6]; c11:bw=10,experts=[1]; c27:bw=10,experts=[4]; c25:bw=27,experts=[4,6]; c9:bw=20,experts=[4,6]; c21:bw=56,experts=[0,1,4,5,6]; c3:bw=38,experts=[4,5,6]; c19:bw=48,experts=[0,2,4,6]","1.3896,2.1966,1.3374,1.4394,2.5151,3.9519,1.6193,1.9660,2.4045,2.0971,1.6166,1.9240,1.2622,2.5293,1.5598,1.6311,3.8112,1.4212,3.0140,1.3163,1.5114,1.9889,2.2276,2.7593,2.2711,2.5543,1.7051,1.2795,1.8990,1.8119"
100,2026-09-24 15:31:01,Ours,0.01,1.7158162704798727,58.58,58.97,98,62.5684,1:02.57,60.8292,0.4664,1.2695,6289.1026,1:44:49.10,30,"22,0,10,14,27,8,25,1,17,15,11,18,21,26,4,29,2,24,23,28,16,19,12,3,13,5,9,20,6,7",22:36;0:64;10:56;14:10;27:20;8:44;25:45;1:17;17:55;15:30;11:17;18:80;21:47;26:38;4:65;29:33;2:30;24:53;23:16;28:50;16:46;19:18;12:37;3:42;13:10;5:18;9:53;20:47;6:44;7:10,"22:[2,4,7];0:[0,1,4,5,6];10:[1,2,4,5,6];14:[4];27:[1,2];8:[1,4,6];25:[0,2,4,6];1:[4];17:[4,5,6,7];15:[4,6,7];11:[5];18:[0,1,2,3,4,5,6,7];21:[0,4,5,6];26:[4,6,7];4:[0,1,2,4,5,6];29:[3,4,7];2:[0,4,6];24:[0,1,2,4,6];23:[];28:[2,4,5,6];16:[4,5,6,7];19:[5];12:[4,5,6];3:[2,4,5,6];13:[4];5:[];9:[0,1,4,6];20:[4,5,6,7];6:[0,4,5,6];7:[4]","c22:bw=36,experts=[2,4,7]; c0:bw=64,experts=[0,1,4,5,6]; c10:bw=56,experts=[1,2,4,5,6]; c14:bw=10,experts=[4]; c27:bw=20,experts=[1,2]; c8:bw=44,experts=[1,4,6]; c25:bw=45,experts=[0,2,4,6]; c1:bw=17,experts=[4]; c17:bw=55,experts=[4,5,6,7]; c15:bw=30,experts=[4,6,7]; c11:bw=17,experts=[5]; c18:bw=80,experts=[0,1,2,3,4,5,6,7]; c21:bw=47,experts=[0,4,5,6]; c26:bw=38,experts=[4,6,7]; c4:bw=65,experts=[0,1,2,4,5,6]; c29:bw=33,experts=[3,4,7]; c2:bw=30,experts=[0,4,6]; c24:bw=53,experts=[0,1,2,4,6]; c23:bw=16,experts=[]; c28:bw=50,experts=[2,4,5,6]; c16:bw=46,experts=[4,5,6,7]; c19:bw=18,experts=[5]; c12:bw=37,experts=[4,5,6]; c3:bw=42,experts=[2,4,5,6]; c13:bw=10,experts=[4]; c5:bw=18,experts=[]; c9:bw=53,experts=[0,1,4,6]; c20:bw=47,experts=[4,5,6,7]; c6:bw=44,experts=[0,4,5,6]; c7:bw=10,experts=[4]","2.0381,1.3859,3.1519,1.6652,2.3295,1.4448,2.5342,1.3144,2.4119,1.4193,2.7148,2.1303,1.2516,1.2714,2.5465,3.8711,1.5438,1.4976,1.6120,1.9333,2.1925,1.7464,2.1722,1.8916,1.9696,3.6487,1.6828,2.5168,1.3695,1.5715"
