Round,Timestamp,Method,LR,AvgLoss,TestAcc,BestAcc,BestRound,RoundTimeSec,RoundTimeHMS,LocalTrainTimeSec,AggTimeSec,EvalTimeSec,CumulativeTimeSec,CumulativeTimeHMS,NumClientsSelected,SelectedClients,Bandwidth,SelectedExperts,UploadDetail,ClientTrainTimesSec
1,2026-09-23 16:03:21,Ours,0.00208,3.8660951718410907,1.73,1.73,1,71.8714,1:11.87,65.9046,4.6235,1.3417,71.8714,1:11.87,10,"8,1,5,0,7,2,9,4,3,6",8:202;1:107;5:163;0:10;7:75;2:106;9:166;4:146;3:187;6:150,"8:[0,1,2,4,5,6,10,11,12,13,15,16,18,21,22,23,24,26,28,30];1:[0,1,2,4,5,6,13,23,24,26];5:[0,1,2,4,5,6,10,11,13,15,18,21,23,24,26,30];0:[13];7:[1,2,4,6,13,23,24];2:[0,1,2,4,5,6,13,23,24,26];9:[0,1,2,4,5,6,10,11,13,15,18,21,23,24,26,30];4:[0,1,2,4,5,6,13,15,18,21,23,24,26,30];3:[0,1,2,4,5,6,10,11,13,15,16,18,21,22,23,24,26,30];6:[0,1,2,4,5,6,11,13,15,18,21,23,24,26,30]","c8:bw=202,experts=[0,1,2,4,5,6,10,11,12,13,15,16,18,21,22,23,24,26,28,30]; c1:bw=107,experts=[0,1,2,4,5,6,13,23,24,26]; c5:bw=163,experts=[0,1,2,4,5,6,10,11,13,15,18,21,23,24,26,30]; c0:bw=10,experts=[13]; c7:bw=75,experts=[1,2,4,6,13,23,24]; c2:bw=106,experts=[0,1,2,4,5,6,13,23,24,26]; c9:bw=166,experts=[0,1,2,4,5,6,10,11,13,15,18,21,23,24,26,30]; c4:bw=146,experts=[0,1,2,4,5,6,13,15,18,21,23,24,26,30]; c3:bw=187,experts=[0,1,2,4,5,6,10,11,13,15,16,18,21,22,23,24,26,30]; c6:bw=150,experts=[0,1,2,4,5,6,11,13,15,18,21,23,24,26,30]","7.2748,5.6305,7.9328,6.0731,5.9633,5.1054,4.6453,8.3883,6.6349,8.2561"
2,2026-09-23 16:04:32,Ours,0.00406,3.323733234230134,4.61,4.61,2,71.0677,1:11.07,64.5288,5.2204,1.3165,143.0835,2:23.08,10,"0,1,8,5,3,4,7,9,6,2",0:130;1:152;8:177;5:251;3:246;4:109;7:202;9:170;6:62;2:79,"0:[0,2,4,6,8,10,11,12,13,18,21,24,26];1:[0,1,2,4,5,6,8,10,11,12,13,18,21,24,26];8:[0,1,2,4,5,6,8,9,10,11,12,13,18,21,24,26,28];5:[0,1,2,4,5,6,8,9,10,11,12,13,14,15,16,17,18,21,23,24,25,26,27,28,29];3:[0,1,2,4,5,6,8,9,10,11,12,13,15,16,17,18,21,23,24,25,26,27,28,29];4:[0,2,4,6,10,11,13,18,24,26];7:[0,1,2,4,5,6,8,9,10,11,12,13,16,18,21,23,24,25,26,28];9:[0,1,2,4,5,6,8,9,10,11,12,13,18,21,24,25,26];6:[2,4,6,10,13,26];2:[0,2,4,6,10,13,26]","c0:bw=130,experts=[0,2,4,6,8,10,11,12,13,18,21,24,26]; c1:bw=152,experts=[0,1,2,4,5,6,8,10,11,12,13,18,21,24,26]; c8:bw=177,experts=[0,1,2,4,5,6,8,9,10,11,12,13,18,21,24,26,28]; c5:bw=251,experts=[0,1,2,4,5,6,8,9,10,11,12,13,14,15,16,17,18,21,23,24,25,26,27,28,29]; c3:bw=246,experts=[0,1,2,4,5,6,8,9,10,11,12,13,15,16,17,18,21,23,24,25,26,27,28,29]; c4:bw=109,experts=[0,2,4,6,10,11,13,18,24,26]; c7:bw=202,experts=[0,1,2,4,5,6,8,9,10,11,12,13,16,18,21,23,24,25,26,28]; c9:bw=170,experts=[0,1,2,4,5,6,8,9,10,11,12,13,18,21,24,25,26]; c6:bw=62,experts=[2,4,6,10,13,26]; c2:bw=79,experts=[0,2,4,6,10,13,26]","5.9324,5.5235,6.6820,7.7836,6.4505,8.4949,5.6763,4.6083,8.4810,4.8962"
3,2026-09-23 16:05:40,Ours,0.006040000000000001,3.205590484205544,6.75,6.75,3,68.1473,1:08.15,62.297,4.5385,1.3101,211.2432,3:31.24,10,"9,2,0,6,8,5,3,7,1,4",9:174;2:152;0:182;6:146;8:110;5:49;3:94;7:120;1:49;4:190,"9:[0,1,2,4,5,6,8,9,10,11,12,13,18,21,24,25,26];2:[0,1,2,4,5,6,8,9,10,11,12,13,18,21,26];0:[0,1,2,4,5,6,8,9,10,11,12,13,18,21,24,25,26,28];6:[0,1,2,4,5,6,8,10,11,12,13,18,24,26];8:[0,2,4,5,6,8,10,11,13,18,26];5:[4,6,13,26];3:[0,2,4,6,10,11,13,18,26];7:[0,2,4,5,6,8,10,11,12,13,18,26];1:[4,6,13,26];4:[0,1,2,4,5,6,8,9,10,11,12,13,18,21,23,24,25,26,28]","c9:bw=174,experts=[0,1,2,4,5,6,8,9,10,11,12,13,18,21,24,25,26]; c2:bw=152,experts=[0,1,2,4,5,6,8,9,10,11,12,13,18,21,26]; c0:bw=182,experts=[0,1,2,4,5,6,8,9,10,11,12,13,18,21,24,25,26,28]; c6:bw=146,experts=[0,1,2,4,5,6,8,10,11,12,13,18,24,26]; c8:bw=110,experts=[0,2,4,5,6,8,10,11,13,18,26]; c5:bw=49,experts=[4,6,13,26]; c3:bw=94,experts=[0,2,4,6,10,11,13,18,26]; c7:bw=120,experts=[0,2,4,5,6,8,10,11,12,13,18,26]; c1:bw=49,experts=[4,6,13,26]; c4:bw=190,experts=[0,1,2,4,5,6,8,9,10,11,12,13,18,21,23,24,25,26,28]","4.4743,4.7609,5.7691,7.9520,6.4378,7.4678,6.2639,5.7432,5.3634,8.0646"
4,2026-09-23 16:06:50,Ours,0.00802,3.1163214903461585,8.4,8.4,4,69.1988,1:09.20,62.4103,5.4594,1.3271,280.4544,4:40.45,10,"1,7,6,2,8,0,3,4,5,9",1:145;7:164;6:194;2:219;8:115;0:215;3:124;4:204;5:268;9:79,"1:[0,1,2,4,5,6,8,10,12,13,18,21,24,26];7:[0,1,2,4,5,6,8,10,11,12,13,18,21,24,26,28];6:[0,1,2,4,5,6,8,9,10,11,12,13,18,21,24,25,26,27,28];2:[0,1,2,3,4,5,6,8,9,10,11,12,13,18,21,23,24,25,26,27,28];8:[0,1,2,4,5,6,10,12,13,18,26];0:[0,1,2,3,4,5,6,8,9,10,11,12,13,18,21,23,24,25,26,27,28];3:[0,1,2,4,5,6,10,11,12,13,18,26];4:[0,1,2,4,5,6,8,9,10,11,12,13,18,21,23,24,25,26,27,28];5:[0,1,2,3,4,5,6,8,9,10,11,12,13,14,15,16,17,18,21,23,24,25,26,27,28,29];9:[2,4,6,8,13,18,26]","c1:bw=145,experts=[0,1,2,4,5,6,8,10,12,13,18,21,24,26]; c7:bw=164,experts=[0,1,2,4,5,6,8,10,11,12,13,18,21,24,26,28]; c6:bw=194,experts=[0,1,2,4,5,6,8,9,10,11,12,13,18,21,24,25,26,27,28]; c2:bw=219,experts=[0,1,2,3,4,5,6,8,9,10,11,12,13,18,21,23,24,25,26,27,28]; c8:bw=115,experts=[0,1,2,4,5,6,10,12,13,18,26]; c0:bw=215,experts=[0,1,2,3,4,5,6,8,9,10,11,12,13,18,21,23,24,25,26,27,28]; c3:bw=124,experts=[0,1,2,4,5,6,10,11,12,13,18,26]; c4:bw=204,experts=[0,1,2,4,5,6,8,9,10,11,12,13,18,21,23,24,25,26,27,28]; c5:bw=268,experts=[0,1,2,3,4,5,6,8,9,10,11,12,13,14,15,16,17,18,21,23,24,25,26,27,28,29]; c9:bw=79,experts=[2,4,6,8,13,18,26]","5.3901,5.7527,7.9725,4.7060,6.4360,5.7596,6.2756,8.1098,7.5177,4.4902"
5,2026-09-23 16:07:59,Ours,0.01,3.019675623562382,12.34,12.34,5,68.858,1:08.86,62.5604,4.9954,1.3004,349.3245,5:49.32,10,"1,5,4,8,0,7,6,3,2,9",1:72;5:145;4:178;8:135;0:182;7:89;6:195;3:232;2:26;9:229,"1:[2,4,6,10,13,18,26];5:[0,1,2,4,5,6,8,9,10,12,13,18,24,26];4:[0,1,2,4,5,6,8,9,10,11,12,13,18,21,24,26,28];8:[0,1,2,4,5,6,10,12,13,18,21,24,26];0:[0,1,2,4,5,6,8,9,10,11,12,13,18,21,24,25,26,28];7:[2,4,6,10,12,13,18,26];6:[0,1,2,4,5,6,8,9,10,11,12,13,18,21,24,25,26,27,28];3:[0,1,2,3,4,5,6,8,9,10,11,12,13,14,15,18,21,23,24,25,26,27,28];2:[4,6];9:[0,1,2,3,4,5,6,8,9,10,11,12,13,15,18,21,23,24,25,26,27,28]","c1:bw=72,experts=[2,4,6,10,13,18,26]; c5:bw=145,experts=[0,1,2,4,5,6,8,9,10,12,13,18,24,26]; c4:bw=178,experts=[0,1,2,4,5,6,8,9,10,11,12,13,18,21,24,26,28]; c8:bw=135,experts=[0,1,2,4,5,6,10,12,13,18,21,24,26]; c0:bw=182,experts=[0,1,2,4,5,6,8,9,10,11,12,13,18,21,24,25,26,28]; c7:bw=89,experts=[2,4,6,10,12,13,18,26]; c6:bw=195,experts=[0,1,2,4,5,6,8,9,10,11,12,13,18,21,24,25,26,27,28]; c3:bw=232,experts=[0,1,2,3,4,5,6,8,9,10,11,12,13,14,15,18,21,23,24,25,26,27,28]; c2:bw=26,experts=[4,6]; c9:bw=229,experts=[0,1,2,3,4,5,6,8,9,10,11,12,13,15,18,21,23,24,25,26,27,28]","5.4194,7.5467,8.1232,6.4826,5.7750,5.6754,7.9770,6.2790,4.8042,4.4780"
6,2026-09-23 16:09:07,Ours,0.01,2.8937941228992825,14.51,14.51,6,68.5893,1:08.59,62.3752,4.9183,1.2939,417.9278,6:57.93,10,"8,2,5,7,3,1,9,0,4,6",8:245;2:152;5:100;7:213;3:133;1:118;9:176;0:114;4:64;6:74,"8:[0,1,2,4,5,6,8,9,10,11,12,13,14,15,16,18,21,23,24,25,26,27,28,30];2:[0,1,2,4,5,6,9,10,12,13,18,21,23,24,26];5:[0,1,2,4,6,10,12,13,18,26];7:[0,1,2,4,5,6,8,9,10,11,12,13,16,18,21,23,24,25,26,27,28];3:[0,1,2,4,5,6,9,10,12,13,18,24,26];1:[0,1,2,4,6,10,12,13,18,24,26];9:[0,1,2,4,5,6,8,9,10,12,13,18,21,24,25,26,28];0:[0,1,2,4,6,10,12,13,18,24,26];4:[2,4,6,10,13,26];6:[2,4,6,10,12,13,26]","c8:bw=245,experts=[0,1,2,4,5,6,8,9,10,11,12,13,14,15,16,18,21,23,24,25,26,27,28,30]; c2:bw=152,experts=[0,1,2,4,5,6,9,10,12,13,18,21,23,24,26]; c5:bw=100,experts=[0,1,2,4,6,10,12,13,18,26]; c7:bw=213,experts=[0,1,2,4,5,6,8,9,10,11,12,13,16,18,21,23,24,25,26,27,28]; c3:bw=133,experts=[0,1,2,4,5,6,9,10,12,13,18,24,26]; c1:bw=118,experts=[0,1,2,4,6,10,12,13,18,24,26]; c9:bw=176,experts=[0,1,2,4,5,6,8,9,10,12,13,18,21,24,25,26,28]; c0:bw=114,experts=[0,1,2,4,6,10,12,13,18,24,26]; c4:bw=64,experts=[2,4,6,10,13,26]; c6:bw=74,experts=[2,4,6,10,12,13,26]","6.4764,4.7728,7.5026,5.7125,6.2665,5.3436,4.5012,5.7537,8.0809,7.9648"
7,2026-09-23 16:10:15,Ours,0.01,2.7810926629410186,16.76,16.76,7,67.8871,1:07.89,62.2762,4.3171,1.2875,485.8292,8:05.83,10,"0,5,2,6,3,7,4,1,8,9",0:132;5:178;2:146;6:48;3:97;7:113;4:50;1:35;8:210;9:10,"0:[0,1,2,4,5,6,10,12,13,18,24,26,28];5:[0,1,2,4,5,6,8,9,10,11,12,13,18,23,24,26,28];2:[0,1,2,4,5,6,8,10,12,13,18,23,24,26];6:[4,6,13,26];3:[0,2,4,6,10,12,13,18,26];7:[0,1,2,4,6,10,12,13,18,24,26];4:[0,4,6,13,26];1:[4,6,26];8:[0,1,2,4,5,6,8,9,10,11,12,13,14,16,18,21,23,24,25,26,28];9:[4]","c0:bw=132,experts=[0,1,2,4,5,6,10,12,13,18,24,26,28]; c5:bw=178,experts=[0,1,2,4,5,6,8,9,10,11,12,13,18,23,24,26,28]; c2:bw=146,experts=[0,1,2,4,5,6,8,10,12,13,18,23,24,26]; c6:bw=48,experts=[4,6,13,26]; c3:bw=97,experts=[0,2,4,6,10,12,13,18,26]; c7:bw=113,experts=[0,1,2,4,6,10,12,13,18,24,26]; c4:bw=50,experts=[0,4,6,13,26]; c1:bw=35,experts=[4,6,26]; c8:bw=210,experts=[0,1,2,4,5,6,8,9,10,11,12,13,14,16,18,21,23,24,25,26,28]; c9:bw=10,experts=[4]","5.7762,7.5304,4.7554,7.9472,6.2324,5.6711,8.0800,5.3385,6.4674,4.4776"
8,2026-09-23 16:11:24,Ours,0.01,2.680506738014825,20.46,20.46,8,68.5182,1:08.52,62.378,4.8189,1.3196,554.3621,9:14.36,10,"4,8,1,3,0,5,2,9,7,6",4:16;8:135;1:213;3:136;0:119;5:103;2:197;9:215;7:55;6:151,"4:[4];8:[0,1,2,4,5,6,10,12,13,18,24,26,28];1:[0,1,2,4,5,6,8,9,10,11,12,13,18,21,22,23,24,25,26,28,29];3:[0,1,2,4,5,6,10,12,13,18,24,26,28];0:[0,1,2,4,6,10,12,13,18,26,28];5:[0,1,2,4,6,10,13,18,24,26];2:[0,1,2,4,5,6,8,9,10,11,12,13,18,21,23,24,25,26,28];9:[0,1,2,4,5,6,8,9,10,11,12,13,15,18,21,23,24,25,26,28,30];7:[0,4,6,13,26];6:[0,1,2,4,5,6,8,10,12,13,18,23,24,26,28]","c4:bw=16,experts=[4]; c8:bw=135,experts=[0,1,2,4,5,6,10,12,13,18,24,26,28]; c1:bw=213,experts=[0,1,2,4,5,6,8,9,10,11,12,13,18,21,22,23,24,25,26,28,29]; c3:bw=136,experts=[0,1,2,4,5,6,10,12,13,18,24,26,28]; c0:bw=119,experts=[0,1,2,4,6,10,12,13,18,26,28]; c5:bw=103,experts=[0,1,2,4,6,10,13,18,24,26]; c2:bw=197,experts=[0,1,2,4,5,6,8,9,10,11,12,13,18,21,23,24,25,26,28]; c9:bw=215,experts=[0,1,2,4,5,6,8,9,10,11,12,13,15,18,21,23,24,25,26,28,30]; c7:bw=55,experts=[0,4,6,13,26]; c6:bw=151,experts=[0,1,2,4,5,6,8,10,12,13,18,23,24,26,28]","8.0997,6.4953,5.3267,6.2615,5.7644,7.4570,4.7664,4.5137,5.6963,7.9971"
9,2026-09-23 16:12:32,Ours,0.01,2.593266048478017,23.43,23.43,9,68.3785,1:08.38,62.4614,4.6191,1.2962,622.7574,10:22.76,10,"2,0,4,9,8,6,7,5,1,3",2:78;0:192;4:218;9:96;8:66;6:114;7:168;5:192;1:53;3:84,"2:[0,1,2,4,6,13,26];0:[0,1,2,4,5,6,8,10,11,12,13,18,21,22,23,24,25,26,28];4:[0,1,2,4,5,6,8,9,10,11,12,13,18,21,22,23,24,25,26,28,29];9:[0,1,2,4,6,10,13,24,26];8:[0,4,6,13,26,28];6:[0,1,2,4,6,10,13,18,24,26,28];7:[0,1,2,4,5,6,8,10,11,12,13,18,23,24,26,28];5:[0,1,2,4,5,6,8,10,11,12,13,18,21,22,23,24,25,26,28];1:[0,4,6,13,26];3:[0,1,4,6,10,13,26,28]","c2:bw=78,experts=[0,1,2,4,6,13,26]; c0:bw=192,experts=[0,1,2,4,5,6,8,10,11,12,13,18,21,22,23,24,25,26,28]; c4:bw=218,experts=[0,1,2,4,5,6,8,9,10,11,12,13,18,21,22,23,24,25,26,28,29]; c9:bw=96,experts=[0,1,2,4,6,10,13,24,26]; c8:bw=66,experts=[0,4,6,13,26,28]; c6:bw=114,experts=[0,1,2,4,6,10,13,18,24,26,28]; c7:bw=168,experts=[0,1,2,4,5,6,8,10,11,12,13,18,23,24,26,28]; c5:bw=192,experts=[0,1,2,4,5,6,8,10,11,12,13,18,21,22,23,24,25,26,28]; c1:bw=53,experts=[0,4,6,13,26]; c3:bw=84,experts=[0,1,4,6,10,13,26,28]","4.7719,5.7912,8.1358,4.4789,6.4979,7.9697,5.6793,7.4852,5.3505,6.3010"
10,2026-09-23 16:13:41,Ours,0.01,2.513378608614299,24.43,24.43,10,69.004,1:09.00,62.519,5.1721,1.3111,691.7779,11:31.78,10,"4,2,7,0,6,3,5,8,9,1",4:135;2:124;7:137;0:216;6:238;3:168;5:212;8:129;9:129;1:149,"4:[0,1,2,4,5,6,10,12,13,18,24,26,28];2:[0,1,2,4,5,6,10,13,18,24,26,28];7:[0,1,2,4,5,6,10,12,13,18,24,26,28];0:[0,1,2,4,5,6,8,9,10,11,12,13,18,19,21,22,23,24,25,26,28];6:[0,1,2,3,4,5,6,8,9,10,11,12,13,15,18,19,21,22,23,24,25,26,28];3:[0,1,2,4,5,6,8,10,12,13,18,23,24,25,26,28];5:[0,1,2,4,5,6,8,9,10,11,12,13,18,19,21,22,23,24,25,26,28];8:[0,1,2,4,5,6,10,13,18,24,26,28];9:[0,1,2,4,5,6,10,13,18,24,26,28];1:[0,1,2,4,5,6,8,10,12,13,18,24,26,28]","c4:bw=135,experts=[0,1,2,4,5,6,10,12,13,18,24,26,28]; c2:bw=124,experts=[0,1,2,4,5,6,10,13,18,24,26,28]; c7:bw=137,experts=[0,1,2,4,5,6,10,12,13,18,24,26,28]; c0:bw=216,experts=[0,1,2,4,5,6,8,9,10,11,12,13,18,19,21,22,23,24,25,26,28]; c6:bw=238,experts=[0,1,2,3,4,5,6,8,9,10,11,12,13,15,18,19,21,22,23,24,25,26,28]; c3:bw=168,experts=[0,1,2,4,5,6,8,10,12,13,18,23,24,25,26,28]; c5:bw=212,experts=[0,1,2,4,5,6,8,9,10,11,12,13,18,19,21,22,23,24,25,26,28]; c8:bw=129,experts=[0,1,2,4,5,6,10,13,18,24,26,28]; c9:bw=129,experts=[0,1,2,4,5,6,10,13,18,24,26,28]; c1:bw=149,experts=[0,1,2,4,5,6,8,10,12,13,18,24,26,28]","8.1419,4.7623,5.7141,5.8467,7.9729,6.2743,7.4777,6.4410,4.5251,5.3629"
11,2026-09-23 16:14:50,Ours,0.01,2.441968134104196,27.01,27.01,11,68.5439,1:08.54,62.5351,4.6915,1.3156,760.3369,12:40.34,10,"5,2,7,3,0,8,9,6,1,4",5:102;2:100;7:160;3:184;0:103;8:143;9:121;6:203;1:148;4:58,"5:[0,1,4,5,6,10,13,18,24,26];2:[0,1,2,4,5,6,10,13,24,26];7:[0,1,2,4,5,6,8,10,12,13,18,23,24,25,26,28];3:[0,1,2,4,5,6,8,10,11,12,13,18,21,23,24,25,26,28];0:[0,1,2,4,5,6,10,13,24,26];8:[0,1,2,4,5,6,8,10,12,13,18,24,26,28];9:[0,1,2,4,6,8,10,13,18,24,26,28];6:[0,1,2,4,5,6,8,9,10,11,12,13,18,19,21,23,24,25,26,28];1:[0,1,2,4,5,6,8,10,12,13,18,24,26,28];4:[0,4,6,13,26]","c5:bw=102,experts=[0,1,4,5,6,10,13,18,24,26]; c2:bw=100,experts=[0,1,2,4,5,6,10,13,24,26]; c7:bw=160,experts=[0,1,2,4,5,6,8,10,12,13,18,23,24,25,26,28]; c3:bw=184,experts=[0,1,2,4,5,6,8,10,11,12,13,18,21,23,24,25,26,28]; c0:bw=103,experts=[0,1,2,4,5,6,10,13,24,26]; c8:bw=143,experts=[0,1,2,4,5,6,8,10,12,13,18,24,26,28]; c9:bw=121,experts=[0,1,2,4,6,8,10,13,18,24,26,28]; c6:bw=203,experts=[0,1,2,4,5,6,8,9,10,11,12,13,18,19,21,23,24,25,26,28]; c1:bw=148,experts=[0,1,2,4,5,6,8,10,12,13,18,24,26,28]; c4:bw=58,experts=[0,4,6,13,26]","7.5184,4.7970,5.7093,6.2939,5.7866,6.4838,4.4851,7.9670,5.3576,8.1363"
12,2026-09-23 16:15:59,Ours,0.01,2.3807976231086405,28.58,28.58,12,68.9591,1:08.96,62.5933,5.0578,1.3063,829.3115,13:49.31,10,"1,5,2,4,3,7,9,6,8,0",1:155;5:205;2:211;4:103;3:128;7:108;9:154;6:106;8:201;0:180,"1:[0,1,2,4,5,6,8,9,10,12,13,18,24,26,28];5:[0,1,2,4,5,6,8,9,10,11,12,13,15,18,21,23,24,25,26,28];2:[0,1,2,4,5,6,8,9,10,11,12,13,18,19,21,22,23,24,25,26,28];4:[0,4,5,6,10,13,18,24,26,28];3:[0,1,4,5,6,8,10,13,18,24,26,28];7:[0,4,5,6,10,13,18,24,26,28];9:[0,1,2,4,5,6,8,10,12,13,18,24,25,26,28];6:[0,1,2,4,6,8,13,18,24,26];8:[0,1,2,4,5,6,8,9,10,11,12,13,15,18,21,23,24,25,26,28];0:[0,1,2,4,5,6,8,9,10,12,13,18,21,23,24,25,26,28]","c1:bw=155,experts=[0,1,2,4,5,6,8,9,10,12,13,18,24,26,28]; c5:bw=205,experts=[0,1,2,4,5,6,8,9,10,11,12,13,15,18,21,23,24,25,26,28]; c2:bw=211,experts=[0,1,2,4,5,6,8,9,10,11,12,13,18,19,21,22,23,24,25,26,28]; c4:bw=103,experts=[0,4,5,6,10,13,18,24,26,28]; c3:bw=128,experts=[0,1,4,5,6,8,10,13,18,24,26,28]; c7:bw=108,experts=[0,4,5,6,10,13,18,24,26,28]; c9:bw=154,experts=[0,1,2,4,5,6,8,10,12,13,18,24,25,26,28]; c6:bw=106,experts=[0,1,2,4,6,8,13,18,24,26]; c8:bw=201,experts=[0,1,2,4,5,6,8,9,10,11,12,13,15,18,21,23,24,25,26,28]; c0:bw=180,experts=[0,1,2,4,5,6,8,9,10,12,13,18,21,23,24,25,26,28]","5.3710,7.5196,4.7750,8.1520,6.2611,5.7008,4.5340,7.9938,6.5147,5.7713"
13,2026-09-23 16:17:07,Ours,0.01,2.3217533277496196,32.01,32.01,13,68.2296,1:08.23,62.6377,4.2667,1.3236,897.5589,14:57.56,10,"3,1,4,5,8,6,9,7,0,2",3:111;1:174;4:13;5:107;8:56;6:133;9:54;7:214;0:93;2:59,"3:[0,4,5,6,8,10,13,18,24,26,28];1:[0,1,2,4,5,6,8,10,11,12,13,18,21,24,25,26,28];4:[4];5:[0,2,4,5,6,8,13,24,26,28];8:[0,4,6,13,26];6:[0,1,4,5,6,8,10,12,13,18,24,26,28];9:[0,4,6,13,26];7:[0,1,2,4,5,6,8,9,10,11,12,13,15,18,21,22,23,24,25,26,28];0:[0,2,4,5,6,13,18,24,26];2:[0,4,6,13,26]","c3:bw=111,experts=[0,4,5,6,8,10,13,18,24,26,28]; c1:bw=174,experts=[0,1,2,4,5,6,8,10,11,12,13,18,21,24,25,26,28]; c4:bw=13,experts=[4]; c5:bw=107,experts=[0,2,4,5,6,8,13,24,26,28]; c8:bw=56,experts=[0,4,6,13,26]; c6:bw=133,experts=[0,1,4,5,6,8,10,12,13,18,24,26,28]; c9:bw=54,experts=[0,4,6,13,26]; c7:bw=214,experts=[0,1,2,4,5,6,8,9,10,11,12,13,15,18,21,22,23,24,25,26,28]; c0:bw=93,experts=[0,2,4,5,6,13,18,24,26]; c2:bw=59,experts=[0,4,6,13,26]","6.2938,5.4182,8.1661,7.5253,6.4932,7.9762,4.5099,5.7023,5.7858,4.7668"
14,2026-09-23 16:18:16,Ours,0.01,2.2675085691547547,33.83,33.83,14,68.9018,1:08.90,62.7311,4.8248,1.3442,966.4768,16:06.48,10,"2,4,5,1,7,0,9,3,8,6",2:165;4:21;5:234;1:141;7:92;0:93;9:116;3:167;8:77;6:246,"2:[0,1,2,4,5,6,8,10,12,13,18,21,23,24,26,28];4:[4,6];5:[0,1,2,4,5,6,8,9,10,11,12,13,15,16,18,19,21,22,23,24,25,26,28];1:[0,1,2,4,5,6,8,10,12,13,18,24,26,28];7:[0,4,5,6,10,13,24,26,28];0:[0,4,5,6,10,13,24,26,28];9:[0,1,4,5,6,10,13,18,24,26,28];3:[0,1,2,4,5,6,8,10,11,12,13,18,23,24,26,28];8:[1,2,4,6,13,24,26];6:[0,1,2,4,5,6,8,9,10,11,12,13,15,16,18,19,21,22,23,24,25,26,28,30]","c2:bw=165,experts=[0,1,2,4,5,6,8,10,12,13,18,21,23,24,26,28]; c4:bw=21,experts=[4,6]; c5:bw=234,experts=[0,1,2,4,5,6,8,9,10,11,12,13,15,16,18,19,21,22,23,24,25,26,28]; c1:bw=141,experts=[0,1,2,4,5,6,8,10,12,13,18,24,26,28]; c7:bw=92,experts=[0,4,5,6,10,13,24,26,28]; c0:bw=93,experts=[0,4,5,6,10,13,24,26,28]; c9:bw=116,experts=[0,1,4,5,6,10,13,18,24,26,28]; c3:bw=167,experts=[0,1,2,4,5,6,8,10,11,12,13,18,23,24,26,28]; c8:bw=77,experts=[1,2,4,6,13,24,26]; c6:bw=246,experts=[0,1,2,4,5,6,8,9,10,11,12,13,15,16,18,19,21,22,23,24,25,26,28,30]","4.7980,8.2204,7.5078,5.3663,5.7388,5.8130,4.5135,6.2743,6.5034,7.9957"
15,2026-09-23 16:19:24,Ours,0.01,2.228742183101576,35.56,35.56,15,68.5786,1:08.58,62.6169,4.6131,1.3469,1035.0731,17:15.07,10,"7,0,1,8,3,2,4,5,9,6",7:216;0:75;1:52;8:190;3:38;2:193;4:171;5:65;9:71;6:120,"7:[0,1,2,4,5,6,8,9,10,11,12,13,18,19,21,22,23,24,25,26,28];0:[0,2,4,6,13,24,26];1:[0,4,6,13,26];8:[0,1,2,4,5,6,8,10,11,12,13,15,16,18,21,24,25,26,28];3:[4,6,26];2:[0,1,2,4,5,6,8,9,10,11,12,13,18,21,23,24,25,26,28];4:[0,1,2,4,5,6,8,9,10,11,12,13,18,23,24,26,28];5:[0,4,6,13,24,26];9:[0,2,4,6,13,24,26];6:[0,2,4,5,6,8,10,13,18,24,26,28]","c7:bw=216,experts=[0,1,2,4,5,6,8,9,10,11,12,13,18,19,21,22,23,24,25,26,28]; c0:bw=75,experts=[0,2,4,6,13,24,26]; c1:bw=52,experts=[0,4,6,13,26]; c8:bw=190,experts=[0,1,2,4,5,6,8,10,11,12,13,15,16,18,21,24,25,26,28]; c3:bw=38,experts=[4,6,26]; c2:bw=193,experts=[0,1,2,4,5,6,8,9,10,11,12,13,18,21,23,24,25,26,28]; c4:bw=171,experts=[0,1,2,4,5,6,8,9,10,11,12,13,18,23,24,26,28]; c5:bw=65,experts=[0,4,6,13,24,26]; c9:bw=71,experts=[0,2,4,6,13,24,26]; c6:bw=120,experts=[0,2,4,5,6,8,10,13,18,24,26,28]","5.6730,5.8188,5.4094,6.4966,6.2410,4.8426,8.1537,7.5046,4.5093,7.9679"
16,2026-09-23 16:20:33,Ours,0.01,2.1817591804782652,37.55,37.55,16,69.0177,1:09.02,62.8727,4.8574,1.2857,1104.1073,18:24.11,10,"6,1,3,8,7,5,4,9,0,2",6:147;1:105;3:159;8:180;7:81;5:145;4:130;9:88;0:208;2:189,"6:[0,2,4,5,6,8,9,10,12,13,18,24,26,28];1:[0,2,4,5,6,13,18,24,26,28];3:[0,1,2,4,5,6,8,10,12,13,18,23,24,26,28];8:[0,1,2,4,5,6,8,10,11,12,13,18,21,23,24,25,26,28];7:[0,4,5,6,13,24,26,28];5:[0,2,4,5,6,8,9,10,12,13,18,24,26,28];4:[0,1,2,4,5,6,10,12,13,18,24,26,28];9:[0,2,4,6,13,24,26,28];0:[0,1,2,4,5,6,8,9,10,11,12,13,15,18,21,23,24,25,26,28];2:[0,1,2,4,5,6,8,9,10,11,12,13,18,21,23,24,26,28]","c6:bw=147,experts=[0,2,4,5,6,8,9,10,12,13,18,24,26,28]; c1:bw=105,experts=[0,2,4,5,6,13,18,24,26,28]; c3:bw=159,experts=[0,1,2,4,5,6,8,10,12,13,18,23,24,26,28]; c8:bw=180,experts=[0,1,2,4,5,6,8,10,11,12,13,18,21,23,24,25,26,28]; c7:bw=81,experts=[0,4,5,6,13,24,26,28]; c5:bw=145,experts=[0,2,4,5,6,8,9,10,12,13,18,24,26,28]; c4:bw=130,experts=[0,1,2,4,5,6,10,12,13,18,24,26,28]; c9:bw=88,experts=[0,2,4,6,13,24,26,28]; c0:bw=208,experts=[0,1,2,4,5,6,8,9,10,11,12,13,15,18,21,23,24,25,26,28]; c2:bw=189,experts=[0,1,2,4,5,6,8,9,10,11,12,13,18,21,23,24,26,28]","8.0376,5.4148,6.2806,6.4762,5.7207,7.5358,8.2616,4.5226,5.8215,4.8013"
17,2026-09-23 16:21:42,Ours,0.01,2.1418783359791798,38.36,38.36,17,68.6349,1:08.63,62.9816,4.3197,1.3319,1172.7593,19:32.76,10,"4,7,8,3,5,1,0,2,9,6",4:212;7:90;8:29;3:192;5:11;1:106;0:39;2:71;9:136;6:141,"4:[0,1,2,4,5,6,8,9,10,11,12,13,18,19,21,22,23,24,25,26,28];7:[0,4,6,10,13,18,24,26,28];8:[4,6];3:[0,1,2,4,5,6,8,9,10,11,12,13,18,21,22,23,24,26,28];5:[4];1:[0,2,4,6,10,13,18,24,26,28];0:[4,6,26];2:[0,4,6,13,18,24,26];9:[0,2,4,5,6,8,10,13,18,23,24,26,28];6:[0,1,2,4,5,6,8,10,13,18,23,24,26,28]","c4:bw=212,experts=[0,1,2,4,5,6,8,9,10,11,12,13,18,19,21,22,23,24,25,26,28]; c7:bw=90,experts=[0,4,6,10,13,18,24,26,28]; c8:bw=29,experts=[4,6]; c3:bw=192,experts=[0,1,2,4,5,6,8,9,10,11,12,13,18,21,22,23,24,26,28]; c5:bw=11,experts=[4]; c1:bw=106,experts=[0,2,4,6,10,13,18,24,26,28]; c0:bw=39,experts=[4,6,26]; c2:bw=71,experts=[0,4,6,13,18,24,26]; c9:bw=136,experts=[0,2,4,5,6,8,10,13,18,23,24,26,28]; c6:bw=141,experts=[0,1,2,4,5,6,8,10,13,18,23,24,26,28]","8.2649,5.7252,6.5750,6.3126,7.5538,5.4033,5.8238,4.7733,4.5406,8.0091"
18,2026-09-23 16:22:51,Ours,0.01,2.1086987188657007,40.52,40.52,18,68.9134,1:08.91,63.1016,4.4981,1.3118,1241.6923,20:41.69,10,"1,8,5,2,9,7,4,3,0,6",1:23;8:18;5:127;2:137;9:69;7:200;4:204;3:137;0:179;6:115,"1:[4,6];8:[4];5:[0,4,5,6,8,10,13,18,23,24,26,28];2:[0,1,2,4,5,6,10,12,13,18,24,26,28];9:[0,4,6,13,24,26];7:[0,1,2,4,5,6,8,9,10,11,12,13,18,19,21,22,23,24,26,28];4:[0,1,2,4,5,6,8,9,10,11,12,13,18,19,21,22,23,24,26,28];3:[0,1,2,4,5,6,8,10,13,18,24,26,28];0:[0,1,2,4,5,6,8,9,10,12,13,18,22,23,24,26,28];6:[0,1,2,4,5,6,10,13,18,24,26]","c1:bw=23,experts=[4,6]; c8:bw=18,experts=[4]; c5:bw=127,experts=[0,4,5,6,8,10,13,18,23,24,26,28]; c2:bw=137,experts=[0,1,2,4,5,6,10,12,13,18,24,26,28]; c9:bw=69,experts=[0,4,6,13,24,26]; c7:bw=200,experts=[0,1,2,4,5,6,8,9,10,11,12,13,18,19,21,22,23,24,26,28]; c4:bw=204,experts=[0,1,2,4,5,6,8,9,10,11,12,13,18,19,21,22,23,24,26,28]; c3:bw=137,experts=[0,1,2,4,5,6,8,10,13,18,24,26,28]; c0:bw=179,experts=[0,1,2,4,5,6,8,9,10,12,13,18,22,23,24,26,28]; c6:bw=115,experts=[0,1,2,4,5,6,10,13,18,24,26]","5.4242,6.5352,7.5790,4.7978,4.5466,5.7094,8.2691,6.3185,5.8768,8.0452"
19,2026-09-23 16:24:00,Ours,0.01,2.0747870445606944,40.91,40.91,19,69.5473,1:09.55,63.1461,5.0507,1.3485,1311.2581,21:51.26,10,"8,0,4,1,9,5,7,2,6,3",8:205;0:154;4:188;1:169;9:140;5:106;7:82;2:52;6:241;3:145,"8:[0,1,2,4,5,6,8,9,10,11,12,13,18,21,22,23,24,25,26,28];0:[0,2,4,5,6,8,9,10,12,13,18,23,24,26,28];4:[0,1,2,4,5,6,8,9,10,12,13,18,21,22,23,24,26,28];1:[0,2,4,5,6,8,9,10,12,13,18,21,23,24,26,28];9:[0,2,4,5,6,8,9,10,12,13,18,24,26,28];5:[0,4,5,6,10,13,18,24,26,28];7:[1,2,4,6,13,24,26,28];2:[4,6,13,24,26];6:[0,1,2,4,5,6,8,9,10,11,12,13,15,16,18,19,20,21,22,23,24,25,26,28];3:[0,1,2,4,5,6,8,10,11,13,18,24,26,28]","c8:bw=205,experts=[0,1,2,4,5,6,8,9,10,11,12,13,18,21,22,23,24,25,26,28]; c0:bw=154,experts=[0,2,4,5,6,8,9,10,12,13,18,23,24,26,28]; c4:bw=188,experts=[0,1,2,4,5,6,8,9,10,12,13,18,21,22,23,24,26,28]; c1:bw=169,experts=[0,2,4,5,6,8,9,10,12,13,18,21,23,24,26,28]; c9:bw=140,experts=[0,2,4,5,6,8,9,10,12,13,18,24,26,28]; c5:bw=106,experts=[0,4,5,6,10,13,18,24,26,28]; c7:bw=82,experts=[1,2,4,6,13,24,26,28]; c2:bw=52,experts=[4,6,13,24,26]; c6:bw=241,experts=[0,1,2,4,5,6,8,9,10,11,12,13,15,16,18,19,20,21,22,23,24,25,26,28]; c3:bw=145,experts=[0,1,2,4,5,6,8,10,11,13,18,24,26,28]","6.5498,5.8828,8.2733,5.4270,4.5141,7.5321,5.7275,4.8357,8.0401,6.3637"
20,2026-09-23 16:25:10,Ours,0.01,2.047002125041099,42.18,42.18,20,69.4716,1:09.47,63.2909,4.8503,1.3287,1380.7461,23:00.75,10,"0,2,1,9,7,6,3,5,4,8",0:101;2:151;1:147;9:61;7:157;6:248;3:67;5:13;4:217;8:184,"0:[0,4,5,6,10,13,18,24,26,28];2:[0,1,2,4,5,6,8,10,12,13,18,21,24,26,28];1:[0,1,2,4,5,6,10,12,13,18,23,24,26,28];9:[0,4,6,18,24,26];7:[0,2,4,5,6,8,9,10,12,13,18,23,24,26,28];6:[0,1,2,4,5,6,8,9,10,11,12,13,14,16,18,19,20,21,22,23,24,25,26,28];3:[4,6,13,18,24,26];5:[4];4:[0,1,2,4,5,6,8,9,10,11,12,13,18,19,21,22,23,24,25,26,28];8:[0,1,2,4,5,6,8,10,12,13,15,18,21,23,24,25,26,28]","c0:bw=101,experts=[0,4,5,6,10,13,18,24,26,28]; c2:bw=151,experts=[0,1,2,4,5,6,8,10,12,13,18,21,24,26,28]; c1:bw=147,experts=[0,1,2,4,5,6,10,12,13,18,23,24,26,28]; c9:bw=61,experts=[0,4,6,18,24,26]; c7:bw=157,experts=[0,2,4,5,6,8,9,10,12,13,18,23,24,26,28]; c6:bw=248,experts=[0,1,2,4,5,6,8,9,10,11,12,13,14,16,18,19,20,21,22,23,24,25,26,28]; c3:bw=67,experts=[4,6,13,18,24,26]; c5:bw=13,experts=[4]; c4:bw=217,experts=[0,1,2,4,5,6,8,9,10,11,12,13,18,19,21,22,23,24,25,26,28]; c8:bw=184,experts=[0,1,2,4,5,6,8,10,12,13,15,18,21,23,24,25,26,28]","5.8663,4.8397,5.3999,4.5424,5.7296,8.1267,6.3381,7.6375,8.2385,6.5721"
21,2026-09-23 16:26:19,Ours,0.01,2.013964483753284,43.06,43.06,21,68.8696,1:08.87,63.0287,4.5065,1.3326,1449.6325,24:09.63,10,"1,2,7,4,8,5,0,3,6,9",1:150;2:145;7:46;4:175;8:67;5:118;0:243;3:27;6:57;9:93,"1:[0,1,2,4,5,6,8,9,10,13,18,21,24,26,28];2:[0,2,4,5,6,9,10,13,18,21,23,24,26,28];7:[4,6,13,26];4:[0,1,2,4,5,6,8,9,10,12,13,18,21,23,24,26,28];8:[0,4,6,13,18,26];5:[0,4,5,6,9,10,13,18,24,26,28];0:[0,1,2,4,5,6,8,9,10,11,12,13,14,16,18,19,20,21,22,23,24,25,26,28];3:[4,6];6:[0,4,6,18,26];9:[0,2,4,6,10,13,18,24,26]","c1:bw=150,experts=[0,1,2,4,5,6,8,9,10,13,18,21,24,26,28]; c2:bw=145,experts=[0,2,4,5,6,9,10,13,18,21,23,24,26,28]; c7:bw=46,experts=[4,6,13,26]; c4:bw=175,experts=[0,1,2,4,5,6,8,9,10,12,13,18,21,23,24,26,28]; c8:bw=67,experts=[0,4,6,13,18,26]; c5:bw=118,experts=[0,4,5,6,9,10,13,18,24,26,28]; c0:bw=243,experts=[0,1,2,4,5,6,8,9,10,11,12,13,14,16,18,19,20,21,22,23,24,25,26,28]; c3:bw=27,experts=[4,6]; c6:bw=57,experts=[0,4,6,18,26]; c9:bw=93,experts=[0,2,4,6,10,13,18,24,26]","5.4683,4.8230,5.7095,8.2668,6.5770,7.5448,5.8179,6.2730,8.0292,4.5191"
22,2026-09-23 16:27:28,Ours,0.01,1.9880709118098587,44.71,44.71,22,69.5177,1:09.52,63.1888,5.0104,1.3166,1519.1682,25:19.17,10,"7,9,1,6,5,2,0,4,3,8",7:59;9:120;1:24;6:224;5:61;2:242;0:245;4:133;3:204;8:120,"7:[0,4,6,13,26];9:[0,2,4,5,6,9,10,13,18,24,26,28];1:[4,6];6:[0,1,2,4,5,6,8,9,10,11,12,13,14,18,19,21,22,23,24,25,26,28];5:[0,4,6,13,18,26];2:[0,1,2,4,5,6,8,9,10,11,12,13,15,16,17,18,19,21,22,23,24,25,26,28];0:[0,1,2,4,5,6,8,9,10,11,12,13,14,16,18,19,20,21,22,23,24,25,26,28];4:[0,4,5,6,8,9,10,13,18,23,24,26,28];3:[0,1,2,4,5,6,8,9,10,11,12,13,18,19,21,22,23,24,26,28];8:[0,2,4,5,6,8,10,13,18,24,26,28]","c7:bw=59,experts=[0,4,6,13,26]; c9:bw=120,experts=[0,2,4,5,6,9,10,13,18,24,26,28]; c1:bw=24,experts=[4,6]; c6:bw=224,experts=[0,1,2,4,5,6,8,9,10,11,12,13,14,18,19,21,22,23,24,25,26,28]; c5:bw=61,experts=[0,4,6,13,18,26]; c2:bw=242,experts=[0,1,2,4,5,6,8,9,10,11,12,13,15,16,17,18,19,21,22,23,24,25,26,28]; c0:bw=245,experts=[0,1,2,4,5,6,8,9,10,11,12,13,14,16,18,19,20,21,22,23,24,25,26,28]; c4:bw=133,experts=[0,4,5,6,8,9,10,13,18,23,24,26,28]; c3:bw=204,experts=[0,1,2,4,5,6,8,9,10,11,12,13,18,19,21,22,23,24,26,28]; c8:bw=120,experts=[0,2,4,5,6,8,10,13,18,24,26,28]","5.7618,4.5930,5.4142,8.0640,7.5687,4.8064,5.8233,8.2659,6.3057,6.5858"
23,2026-09-23 16:28:38,Ours,0.01,1.9632769525917282,44.66,44.71,22,69.2129,1:09.21,63.2357,4.6456,1.3298,1588.399,26:28.40,10,"5,7,4,6,9,8,3,1,2,0",5:190;7:55;4:205;6:37;9:184;8:128;3:57;1:226;2:118;0:41,"5:[0,1,2,4,5,6,8,9,10,12,13,18,19,21,23,24,25,26,28];7:[0,4,6,13,26];4:[0,1,2,4,5,6,8,9,10,11,12,13,18,19,21,22,23,24,26,28];6:[4,6,26];9:[0,2,4,5,6,8,9,10,12,13,18,19,21,23,24,25,26,28];8:[0,4,5,6,9,10,13,18,23,24,26,28];3:[0,4,6,13,26];1:[0,1,2,4,5,6,8,9,10,11,12,13,14,15,16,18,21,23,24,25,26,28];2:[0,4,5,6,8,10,13,18,24,26,28];0:[0,4,6,26]","c5:bw=190,experts=[0,1,2,4,5,6,8,9,10,12,13,18,19,21,23,24,25,26,28]; c7:bw=55,experts=[0,4,6,13,26]; c4:bw=205,experts=[0,1,2,4,5,6,8,9,10,11,12,13,18,19,21,22,23,24,26,28]; c6:bw=37,experts=[4,6,26]; c9:bw=184,experts=[0,2,4,5,6,8,9,10,12,13,18,19,21,23,24,25,26,28]; c8:bw=128,experts=[0,4,5,6,9,10,13,18,23,24,26,28]; c3:bw=57,experts=[0,4,6,13,26]; c1:bw=226,experts=[0,1,2,4,5,6,8,9,10,11,12,13,14,15,16,18,21,23,24,25,26,28]; c2:bw=118,experts=[0,4,5,6,8,10,13,18,24,26,28]; c0:bw=41,experts=[0,4,6,26]","7.6430,5.7503,8.3095,8.0782,4.5387,6.5554,6.3449,5.3830,4.8037,5.8288"
24,2026-09-23 16:29:46,Ours,0.01,1.942014586552538,46.24,46.24,24,68.5072,1:08.51,63.2592,3.9127,1.3336,1656.9252,27:36.93,10,"6,4,7,9,2,1,5,8,3,0",6:110;4:46;7:12;9:182;2:158;1:10;5:90;8:67;3:10;0:115,"6:[0,2,4,5,6,10,13,18,24,26,28];4:[0,4,6,26];7:[4];9:[0,1,2,4,5,6,9,10,12,13,18,19,21,23,24,25,26,28];2:[0,4,5,6,8,9,10,13,18,19,21,23,24,26,28];1:[4];5:[0,4,5,6,13,18,24,26,28];8:[0,4,6,13,18,26];3:[4];0:[0,4,5,6,9,10,13,18,24,26,28]","c6:bw=110,experts=[0,2,4,5,6,10,13,18,24,26,28]; c4:bw=46,experts=[0,4,6,26]; c7:bw=12,experts=[4]; c9:bw=182,experts=[0,1,2,4,5,6,9,10,12,13,18,19,21,23,24,25,26,28]; c2:bw=158,experts=[0,4,5,6,8,9,10,13,18,19,21,23,24,26,28]; c1:bw=10,experts=[4]; c5:bw=90,experts=[0,4,5,6,13,18,24,26,28]; c8:bw=67,experts=[0,4,6,13,18,26]; c3:bw=10,experts=[4]; c0:bw=115,experts=[0,4,5,6,9,10,13,18,24,26,28]","8.1699,8.3053,5.7560,4.5896,4.8048,5.3741,7.5692,6.5605,6.2650,5.8647"
25,2026-09-23 16:30:56,Ours,0.01,1.9191586813977655,46.82,46.82,25,69.7935,1:09.79,63.4013,5.0654,1.3249,1726.7375,28:46.74,10,"9,6,4,3,5,1,8,2,0,7",9:148;6:58;4:214;3:50;5:233;1:179;8:200;2:46;0:206;7:146,"9:[0,2,4,5,6,9,10,13,18,21,24,25,26,28];6:[0,4,6,13,26];4:[0,1,2,4,5,6,8,9,10,11,12,13,18,19,21,22,23,24,25,26,28];3:[2,4,6,13,26];5:[0,1,2,4,5,6,8,9,10,11,12,13,14,18,19,20,21,22,23,24,25,26,28];1:[0,2,4,5,6,8,9,10,12,13,18,19,21,23,24,26,28];8:[0,1,2,4,5,6,8,10,11,12,13,15,16,18,21,23,24,25,26,28];2:[4,6,13,26];0:[0,1,2,4,5,6,8,9,10,11,12,13,18,19,21,23,24,25,26,28];7:[0,4,5,6,8,9,10,13,18,21,23,24,26,28]","c9:bw=148,experts=[0,2,4,5,6,9,10,13,18,21,24,25,26,28]; c6:bw=58,experts=[0,4,6,13,26]; c4:bw=214,experts=[0,1,2,4,5,6,8,9,10,11,12,13,18,19,21,22,23,24,25,26,28]; c3:bw=50,experts=[2,4,6,13,26]; c5:bw=233,experts=[0,1,2,4,5,6,8,9,10,11,12,13,14,18,19,20,21,22,23,24,25,26,28]; c1:bw=179,experts=[0,2,4,5,6,8,9,10,12,13,18,19,21,23,24,26,28]; c8:bw=200,experts=[0,1,2,4,5,6,8,10,11,12,13,15,16,18,21,23,24,25,26,28]; c2:bw=46,experts=[4,6,13,26]; c0:bw=206,experts=[0,1,2,4,5,6,8,9,10,11,12,13,18,19,21,23,24,25,26,28]; c7:bw=146,experts=[0,4,5,6,8,9,10,13,18,21,23,24,26,28]","4.5512,8.1462,8.2941,6.3473,7.5874,5.4126,6.6231,4.8093,5.8454,5.7848"
26,2026-09-23 16:32:05,Ours,0.01,1.8955012026951041,46.94,46.94,26,69.1925,1:09.19,63.2068,4.6592,1.3248,1795.949,29:55.95,10,"3,6,9,7,1,5,2,8,0,4",3:162;6:123;9:184;7:114;1:122;5:75;2:110;8:195;0:39;4:175,"3:[0,2,4,5,6,8,9,10,13,18,19,21,23,24,26,28];6:[0,4,5,6,8,9,10,13,18,24,26,28];9:[0,2,4,5,6,8,9,10,12,13,18,19,21,23,24,25,26,28];7:[0,2,4,5,6,10,13,18,21,24,26];1:[0,4,5,6,9,10,13,18,21,24,26,28];5:[0,4,6,13,18,24,26];2:[0,2,4,5,6,10,13,18,24,26,28];8:[0,2,4,5,6,8,9,10,11,12,13,18,19,21,22,23,24,26,28];0:[4,6,26];4:[0,4,5,6,8,9,10,11,13,18,19,21,22,23,24,26,28]","c3:bw=162,experts=[0,2,4,5,6,8,9,10,13,18,19,21,23,24,26,28]; c6:bw=123,experts=[0,4,5,6,8,9,10,13,18,24,26,28]; c9:bw=184,experts=[0,2,4,5,6,8,9,10,12,13,18,19,21,23,24,25,26,28]; c7:bw=114,experts=[0,2,4,5,6,10,13,18,21,24,26]; c1:bw=122,experts=[0,4,5,6,9,10,13,18,21,24,26,28]; c5:bw=75,experts=[0,4,6,13,18,24,26]; c2:bw=110,experts=[0,2,4,5,6,10,13,18,24,26,28]; c8:bw=195,experts=[0,2,4,5,6,8,9,10,11,12,13,18,19,21,22,23,24,26,28]; c0:bw=39,experts=[4,6,26]; c4:bw=175,experts=[0,4,5,6,8,9,10,11,13,18,19,21,22,23,24,26,28]","6.3418,8.0956,4.5645,5.7108,5.3995,7.5639,4.8233,6.5657,5.8557,8.2860"
27,2026-09-23 16:33:15,Ours,0.01,1.87712789942732,48.37,48.37,27,69.7166,1:09.72,63.5274,4.855,1.3325,1865.684,31:05.68,10,"7,1,4,0,9,2,8,3,6,5",7:188;1:227;4:45;0:131;9:66;2:73;8:202;3:77;6:231;5:134,"7:[0,4,5,6,8,9,10,13,18,19,20,21,22,23,24,25,26,28];1:[0,1,2,4,5,6,8,9,10,11,12,13,16,18,19,21,22,23,24,25,26,28];4:[4,6,13,26];0:[0,2,4,5,6,9,10,13,18,23,24,26,28];9:[0,2,4,6,13,26];2:[0,4,6,13,18,24,26];8:[0,1,2,4,5,6,8,9,10,11,12,13,18,19,21,23,24,25,26,28];3:[0,4,6,13,18,24,26];6:[0,1,2,4,5,6,8,9,10,11,12,13,16,18,19,20,21,22,23,24,25,26,28];5:[0,1,2,4,5,6,9,10,13,18,24,26,28]","c7:bw=188,experts=[0,4,5,6,8,9,10,13,18,19,20,21,22,23,24,25,26,28]; c1:bw=227,experts=[0,1,2,4,5,6,8,9,10,11,12,13,16,18,19,21,22,23,24,25,26,28]; c4:bw=45,experts=[4,6,13,26]; c0:bw=131,experts=[0,2,4,5,6,9,10,13,18,23,24,26,28]; c9:bw=66,experts=[0,2,4,6,13,26]; c2:bw=73,experts=[0,4,6,13,18,24,26]; c8:bw=202,experts=[0,1,2,4,5,6,8,9,10,11,12,13,18,19,21,23,24,25,26,28]; c3:bw=77,experts=[0,4,6,13,18,24,26]; c6:bw=231,experts=[0,1,2,4,5,6,8,9,10,11,12,13,16,18,19,20,21,22,23,24,25,26,28]; c5:bw=134,experts=[0,1,2,4,5,6,9,10,13,18,24,26,28]","5.7596,5.4717,8.2624,5.8376,4.5830,4.8318,6.6412,6.3615,8.1409,7.6375"
28,2026-09-23 16:34:24,Ours,0.01,1.8589583602524087,48.92,48.92,28,68.8483,1:08.85,63.49,4.0247,1.332,1934.5512,32:14.55,10,"6,9,0,8,2,5,1,3,4,7",6:108;9:179;0:172;8:108;2:10;5:122;1:91;3:42;4:28;7:10,"6:[0,4,5,6,9,13,18,24,26,28];9:[0,2,4,5,6,8,9,10,11,13,18,19,21,23,24,26,28];0:[0,1,2,4,5,6,9,10,11,12,13,18,21,24,25,26,28];8:[0,4,5,6,9,10,13,18,24,26];2:[4];5:[0,4,5,6,9,10,13,18,21,24,26,28];1:[0,4,5,6,9,13,18,24,26];3:[4,6,24,26];4:[4,6];7:[4]","c6:bw=108,experts=[0,4,5,6,9,13,18,24,26,28]; c9:bw=179,experts=[0,2,4,5,6,8,9,10,11,13,18,19,21,23,24,26,28]; c0:bw=172,experts=[0,1,2,4,5,6,9,10,11,12,13,18,21,24,25,26,28]; c8:bw=108,experts=[0,4,5,6,9,10,13,18,24,26]; c2:bw=10,experts=[4]; c5:bw=122,experts=[0,4,5,6,9,10,13,18,21,24,26,28]; c1:bw=91,experts=[0,4,5,6,9,13,18,24,26]; c3:bw=42,experts=[4,6,24,26]; c4:bw=28,experts=[4,6]; c7:bw=10,experts=[4]","8.1622,4.6273,5.8856,6.6328,4.8343,7.6393,5.4350,6.3242,8.2565,5.6928"
29,2026-09-23 16:35:33,Ours,0.01,1.8414717777451528,49.99,49.99,29,69.6331,1:09.63,63.7255,4.5824,1.3235,2004.2072,33:24.21,10,"4,0,1,9,6,8,7,3,2,5",4:140;0:161;1:122;9:160;6:157;8:123;7:77;3:116;2:66;5:123,"4:[0,4,5,6,9,10,13,18,19,21,23,24,26,28];0:[0,2,4,5,6,8,9,10,13,18,19,21,23,24,26,28];1:[0,1,2,4,5,6,10,13,18,24,26,28];9:[0,1,2,4,5,6,9,10,11,13,18,21,24,25,26,28];6:[0,2,4,5,6,8,9,10,13,18,19,21,24,26,28];8:[0,2,4,5,6,9,10,13,18,24,26,28];7:[0,1,2,4,6,13,26];3:[0,2,4,5,6,9,10,13,18,24,26];2:[0,4,6,13,18,26];5:[0,2,4,5,6,10,12,13,18,24,26,28]","c4:bw=140,experts=[0,4,5,6,9,10,13,18,19,21,23,24,26,28]; c0:bw=161,experts=[0,2,4,5,6,8,9,10,13,18,19,21,23,24,26,28]; c1:bw=122,experts=[0,1,2,4,5,6,10,13,18,24,26,28]; c9:bw=160,experts=[0,1,2,4,5,6,9,10,11,13,18,21,24,25,26,28]; c6:bw=157,experts=[0,2,4,5,6,8,9,10,13,18,19,21,24,26,28]; c8:bw=123,experts=[0,2,4,5,6,9,10,13,18,24,26,28]; c7:bw=77,experts=[0,1,2,4,6,13,26]; c3:bw=116,experts=[0,2,4,5,6,9,10,13,18,24,26]; c2:bw=66,experts=[0,4,6,13,18,26]; c5:bw=123,experts=[0,2,4,5,6,10,12,13,18,24,26,28]","8.3534,5.8888,5.4241,4.5872,8.1777,6.6504,5.8029,6.3407,4.8275,7.6727"
30,2026-09-23 16:36:43,Ours,0.01,1.8251957902873315,49.58,49.99,29,69.8783,1:09.88,63.6925,4.8491,1.3351,2074.1048,34:34.10,10,"5,1,9,4,0,8,6,7,3,2",5:226;1:129;9:200;4:189;0:64;8:152;6:39;7:44;3:216;2:99,"5:[0,1,2,4,5,6,8,9,10,11,12,13,14,16,18,19,21,23,24,25,26,28];1:[0,1,2,4,5,6,10,13,18,24,26,28];9:[0,1,2,4,5,6,8,9,10,11,13,18,19,21,22,23,24,25,26,28];4:[0,1,2,4,5,6,9,10,11,12,13,18,19,21,23,24,26,28];0:[0,4,6,13,18,26];8:[0,4,5,6,8,9,10,13,18,19,21,23,24,26,28];6:[4,6,26];7:[4,6,13,26];3:[0,2,4,5,6,8,9,10,11,13,14,18,19,20,21,22,23,24,25,26,28];2:[0,4,5,6,13,18,24,26,28]","c5:bw=226,experts=[0,1,2,4,5,6,8,9,10,11,12,13,14,16,18,19,21,23,24,25,26,28]; c1:bw=129,experts=[0,1,2,4,5,6,10,13,18,24,26,28]; c9:bw=200,experts=[0,1,2,4,5,6,8,9,10,11,13,18,19,21,22,23,24,25,26,28]; c4:bw=189,experts=[0,1,2,4,5,6,9,10,11,12,13,18,19,21,23,24,26,28]; c0:bw=64,experts=[0,4,6,13,18,26]; c8:bw=152,experts=[0,4,5,6,8,9,10,13,18,19,21,23,24,26,28]; c6:bw=39,experts=[4,6,26]; c7:bw=44,experts=[4,6,13,26]; c3:bw=216,experts=[0,2,4,5,6,8,9,10,11,13,14,18,19,20,21,22,23,24,25,26,28]; c2:bw=99,experts=[0,4,5,6,13,18,24,26,28]","7.6335,5.4491,4.5954,8.3152,5.8605,6.6717,8.1944,5.7283,6.3603,4.8840"
31,2026-09-23 16:37:53,Ours,0.01,1.8093053289861356,50.97,50.97,31,69.989,1:09.99,63.8698,4.7983,1.3193,2144.1138,35:44.11,10,"6,4,9,1,5,8,3,2,0,7",6:108;4:70;9:164;1:111;5:226;8:120;3:87;2:57;0:172;7:230,"6:[0,1,2,4,5,6,13,18,24,26];4:[0,4,6,13,18,24,26];9:[0,1,2,4,5,6,9,10,11,13,18,21,24,25,26,28];1:[0,4,5,6,9,10,13,18,24,26,28];5:[0,1,2,4,5,6,8,9,10,11,12,13,14,18,19,21,22,23,24,25,26,28];8:[0,4,5,6,9,10,13,18,21,24,26,28];3:[0,4,5,6,13,18,24,26];2:[2,4,6,13,26];0:[0,2,4,5,6,8,9,10,11,13,18,19,21,23,24,26,28];7:[0,1,2,4,5,6,8,9,10,11,12,13,14,18,19,20,21,22,23,24,25,26,28]","c6:bw=108,experts=[0,1,2,4,5,6,13,18,24,26]; c4:bw=70,experts=[0,4,6,13,18,24,26]; c9:bw=164,experts=[0,1,2,4,5,6,9,10,11,13,18,21,24,25,26,28]; c1:bw=111,experts=[0,4,5,6,9,10,13,18,24,26,28]; c5:bw=226,experts=[0,1,2,4,5,6,8,9,10,11,12,13,14,18,19,21,22,23,24,25,26,28]; c8:bw=120,experts=[0,4,5,6,9,10,13,18,21,24,26,28]; c3:bw=87,experts=[0,4,5,6,13,18,24,26]; c2:bw=57,experts=[2,4,6,13,26]; c0:bw=172,experts=[0,2,4,5,6,8,9,10,11,13,18,19,21,23,24,26,28]; c7:bw=230,experts=[0,1,2,4,5,6,8,9,10,11,12,13,14,18,19,20,21,22,23,24,25,26,28]","8.2173,8.3801,4.6083,5.4720,7.6247,6.6592,6.3617,4.8605,5.9354,5.7506"
32,2026-09-23 16:39:03,Ours,0.01,1.8199698036006684,50.85,50.97,31,69.7922,1:09.79,63.6904,4.7913,1.3088,2213.9262,36:53.93,10,"8,5,4,7,0,1,3,6,2,9",8:79;5:130;4:178;7:171;0:167;1:77;3:103;6:98;2:197;9:115,"8:[3,4,7,17,20,29,31];5:[0,4,5,6,7,9,10,13,18,24,26,28,31];4:[0,2,3,4,5,6,7,13,14,16,17,18,20,24,26,28,31];7:[0,2,3,4,5,6,7,10,13,17,18,24,26,28,29,30,31];0:[0,2,4,5,6,7,9,13,17,18,24,26,28,29,30,31];1:[3,7,17,20,27,30,31];3:[0,4,6,7,13,18,24,26,28,31];6:[4,6,7,13,17,18,26,29,31];2:[0,4,5,6,7,9,10,13,14,18,19,20,21,24,26,28,29,30,31];9:[4,6,7,14,16,17,20,24,26,29,31]","c8:bw=79,experts=[3,4,7,17,20,29,31]; c5:bw=130,experts=[0,4,5,6,7,9,10,13,18,24,26,28,31]; c4:bw=178,experts=[0,2,3,4,5,6,7,13,14,16,17,18,20,24,26,28,31]; c7:bw=171,experts=[0,2,3,4,5,6,7,10,13,17,18,24,26,28,29,30,31]; c0:bw=167,experts=[0,2,4,5,6,7,9,13,17,18,24,26,28,29,30,31]; c1:bw=77,experts=[3,7,17,20,27,30,31]; c3:bw=103,experts=[0,4,6,7,13,18,24,26,28,31]; c6:bw=98,experts=[4,6,7,13,17,18,26,29,31]; c2:bw=197,experts=[0,4,5,6,7,9,10,13,14,18,19,20,21,24,26,28,29,30,31]; c9:bw=115,experts=[4,6,7,14,16,17,20,24,26,29,31]","6.6296,7.6234,8.3124,5.7641,5.8669,5.4081,6.4002,8.2257,4.8577,4.6022"
33,2026-09-23 16:40:14,Ours,0.01,1.7774276259754962,52.12,52.12,33,70.5061,1:10.51,63.8688,5.3097,1.3258,2284.4523,38:04.45,10,"7,1,3,6,5,9,2,8,4,0",7:192;1:126;3:256;6:135;5:108;9:152;2:86;8:182;4:165;0:229,"7:[0,2,4,5,6,8,9,10,11,12,13,18,19,21,23,24,25,26,28];1:[0,4,5,6,9,10,13,18,21,24,26,28];3:[0,1,2,4,5,6,8,9,10,11,12,13,14,15,18,19,20,21,23,24,25,26,27,28,30];6:[0,4,5,6,9,10,13,18,19,21,24,26,28];5:[0,2,4,6,13,18,24,26,28,30];9:[0,2,4,5,6,9,10,13,18,19,21,23,24,26,28];2:[0,4,5,6,13,18,24,26];8:[0,1,2,4,5,6,8,9,10,11,12,13,18,21,23,24,26,28];4:[0,2,4,5,6,9,10,11,13,15,18,21,24,26,28,30];0:[0,2,4,5,6,8,9,10,11,12,13,14,18,19,20,21,22,23,24,25,26,28]","c7:bw=192,experts=[0,2,4,5,6,8,9,10,11,12,13,18,19,21,23,24,25,26,28]; c1:bw=126,experts=[0,4,5,6,9,10,13,18,21,24,26,28]; c3:bw=256,experts=[0,1,2,4,5,6,8,9,10,11,12,13,14,15,18,19,20,21,23,24,25,26,27,28,30]; c6:bw=135,experts=[0,4,5,6,9,10,13,18,19,21,24,26,28]; c5:bw=108,experts=[0,2,4,6,13,18,24,26,28,30]; c9:bw=152,experts=[0,2,4,5,6,9,10,13,18,19,21,23,24,26,28]; c2:bw=86,experts=[0,4,5,6,13,18,24,26]; c8:bw=182,experts=[0,1,2,4,5,6,8,9,10,11,12,13,18,21,23,24,26,28]; c4:bw=165,experts=[0,2,4,5,6,9,10,11,13,15,18,21,24,26,28,30]; c0:bw=229,experts=[0,2,4,5,6,8,9,10,11,12,13,14,18,19,20,21,22,23,24,25,26,28]","5.7788,5.4641,6.3943,8.1740,7.6451,4.6261,4.8771,6.6782,8.3325,5.8987"
34,2026-09-23 16:41:25,Ours,0.01,1.7654657003276022,53.11,53.11,34,70.8644,1:10.86,63.9952,5.5162,1.3512,2355.3393,39:15.34,10,"4,1,6,9,8,0,5,7,3,2",4:169;1:170;6:176;9:248;8:153;0:82;5:219;7:119;3:265;2:197,"4:[0,2,4,5,6,9,10,11,13,18,19,21,23,24,26,28];1:[0,1,2,4,5,6,9,10,11,12,13,18,21,24,25,26,28];6:[0,4,5,6,8,9,10,11,12,13,18,19,21,23,24,26,28];9:[0,1,2,4,5,6,8,9,10,11,12,13,14,16,18,19,20,21,22,23,24,25,26,28];8:[0,2,4,5,6,8,9,11,13,18,21,24,25,26,28];0:[0,4,6,9,13,18,26,28];5:[0,2,4,5,6,8,9,10,11,12,13,14,18,19,20,21,23,24,25,26,28];7:[0,1,2,4,5,6,12,13,18,24,26];3:[0,1,2,4,5,6,8,9,10,11,12,13,14,16,17,18,19,20,21,22,23,24,25,26,28,29];2:[0,1,2,4,5,6,8,9,10,11,12,13,18,21,23,24,25,26,28]","c4:bw=169,experts=[0,2,4,5,6,9,10,11,13,18,19,21,23,24,26,28]; c1:bw=170,experts=[0,1,2,4,5,6,9,10,11,12,13,18,21,24,25,26,28]; c6:bw=176,experts=[0,4,5,6,8,9,10,11,12,13,18,19,21,23,24,26,28]; c9:bw=248,experts=[0,1,2,4,5,6,8,9,10,11,12,13,14,16,18,19,20,21,22,23,24,25,26,28]; c8:bw=153,experts=[0,2,4,5,6,8,9,11,13,18,21,24,25,26,28]; c0:bw=82,experts=[0,4,6,9,13,18,26,28]; c5:bw=219,experts=[0,2,4,5,6,8,9,10,11,12,13,14,18,19,20,21,23,24,25,26,28]; c7:bw=119,experts=[0,1,2,4,5,6,12,13,18,24,26]; c3:bw=265,experts=[0,1,2,4,5,6,8,9,10,11,12,13,14,16,17,18,19,20,21,22,23,24,25,26,28,29]; c2:bw=197,experts=[0,1,2,4,5,6,8,9,10,11,12,13,18,21,23,24,25,26,28]","8.3481,5.4706,8.2570,4.6148,6.7118,5.9142,7.6336,5.8079,6.3666,4.8704"
35,2026-09-23 16:42:35,Ours,0.01,1.7549960441936907,52.3,53.11,34,70.0118,1:10.01,63.9737,4.6985,1.3378,2425.3729,40:25.37,10,"4,0,1,6,2,8,9,7,5,3",4:120;0:74;1:112;6:160;2:167;8:182;9:99;7:175;5:149;3:88,"4:[0,4,5,6,9,10,13,18,21,24,26,28];0:[0,4,6,13,18,24,26];1:[0,4,5,6,9,10,13,18,24,26,28];6:[0,4,5,6,8,9,10,11,13,18,19,21,23,24,26,28];2:[0,4,5,6,8,9,10,11,13,18,19,21,23,24,26,28];8:[0,1,2,4,5,6,8,10,11,12,13,18,21,23,24,25,26,28];9:[0,4,5,6,9,13,18,24,26];7:[0,2,4,5,6,8,9,10,11,12,13,18,21,23,24,26,28];5:[0,4,5,6,8,9,10,13,18,19,21,24,26,28];3:[2,4,5,6,13,18,24,26]","c4:bw=120,experts=[0,4,5,6,9,10,13,18,21,24,26,28]; c0:bw=74,experts=[0,4,6,13,18,24,26]; c1:bw=112,experts=[0,4,5,6,9,10,13,18,24,26,28]; c6:bw=160,experts=[0,4,5,6,8,9,10,11,13,18,19,21,23,24,26,28]; c2:bw=167,experts=[0,4,5,6,8,9,10,11,13,18,19,21,23,24,26,28]; c8:bw=182,experts=[0,1,2,4,5,6,8,10,11,12,13,18,21,23,24,25,26,28]; c9:bw=99,experts=[0,4,5,6,9,13,18,24,26]; c7:bw=175,experts=[0,2,4,5,6,8,9,10,11,12,13,18,21,23,24,26,28]; c5:bw=149,experts=[0,4,5,6,8,9,10,13,18,19,21,24,26,28]; c3:bw=88,experts=[2,4,5,6,13,18,24,26]","8.3736,5.8786,5.4594,8.2048,4.8350,6.6843,4.6432,5.7944,7.6858,6.4146"
36,2026-09-23 16:43:45,Ours,0.01,1.7406716017825388,53.75,53.75,36,70.6431,1:10.64,63.9219,5.3914,1.3279,2496.0382,41:36.04,10,"9,0,3,7,6,5,1,4,8,2",9:137;0:132;3:219;7:100;6:158;5:180;1:31;4:272;8:188;2:185,"9:[0,4,5,6,9,10,13,18,19,21,24,26,28];0:[0,3,4,5,6,9,10,13,18,24,26,27,28];3:[0,1,2,4,5,6,8,9,10,11,12,13,14,18,19,21,23,24,25,26,28];7:[0,4,5,6,9,13,18,24,26,28];6:[0,1,2,4,5,6,9,10,12,13,18,23,24,26,28];5:[0,3,4,5,6,8,9,10,13,17,18,21,23,24,26,27,28,29];1:[4,6,26];4:[0,1,2,4,5,6,8,9,10,11,12,13,14,15,16,18,19,20,21,22,23,24,25,26,27,28,30];8:[0,1,2,4,5,6,8,10,11,12,13,16,18,21,23,24,26,28];2:[0,2,3,4,5,6,9,10,11,13,18,19,21,23,24,26,27,28]","c9:bw=137,experts=[0,4,5,6,9,10,13,18,19,21,24,26,28]; c0:bw=132,experts=[0,3,4,5,6,9,10,13,18,24,26,27,28]; c3:bw=219,experts=[0,1,2,4,5,6,8,9,10,11,12,13,14,18,19,21,23,24,25,26,28]; c7:bw=100,experts=[0,4,5,6,9,13,18,24,26,28]; c6:bw=158,experts=[0,1,2,4,5,6,9,10,12,13,18,23,24,26,28]; c5:bw=180,experts=[0,3,4,5,6,8,9,10,13,17,18,21,23,24,26,27,28,29]; c1:bw=31,experts=[4,6,26]; c4:bw=272,experts=[0,1,2,4,5,6,8,9,10,11,12,13,14,15,16,18,19,20,21,22,23,24,25,26,27,28,30]; c8:bw=188,experts=[0,1,2,4,5,6,8,10,11,12,13,16,18,21,23,24,26,28]; c2:bw=185,experts=[0,2,3,4,5,6,9,10,11,13,18,19,21,23,24,26,27,28]","4.6080,5.9169,6.4137,5.7948,8.2015,7.6387,5.4613,8.3167,6.6839,4.8863"
37,2026-09-23 16:44:55,Ours,0.01,1.7288450086377576,53.49,53.75,36,70.205,1:10.20,63.9026,4.9636,1.3369,2566.2651,42:46.27,10,"1,5,2,6,4,7,9,0,3,8",1:67;5:143;2:132;6:239;4:144;7:153;9:146;0:199;3:132;8:21,"1:[4,6,13,18,24,26];5:[0,2,4,5,6,9,10,12,13,18,21,24,26,28];2:[0,2,4,5,6,9,10,13,18,19,24,26,28];6:[0,1,2,4,5,6,8,9,10,11,12,13,14,15,16,18,21,23,24,25,26,27,28];4:[0,2,4,5,6,9,10,11,13,18,21,24,26,28];7:[0,2,4,5,6,9,10,11,13,18,19,21,24,26,28];9:[0,2,3,4,5,6,9,10,13,18,24,26,27,28];0:[0,4,5,6,8,9,10,11,13,14,18,19,21,22,23,24,25,26,28];3:[0,1,2,3,4,5,6,10,12,13,18,24,26];8:[4,6]","c1:bw=67,experts=[4,6,13,18,24,26]; c5:bw=143,experts=[0,2,4,5,6,9,10,12,13,18,21,24,26,28]; c2:bw=132,experts=[0,2,4,5,6,9,10,13,18,19,24,26,28]; c6:bw=239,experts=[0,1,2,4,5,6,8,9,10,11,12,13,14,15,16,18,21,23,24,25,26,27,28]; c4:bw=144,experts=[0,2,4,5,6,9,10,11,13,18,21,24,26,28]; c7:bw=153,experts=[0,2,4,5,6,9,10,11,13,18,19,21,24,26,28]; c9:bw=146,experts=[0,2,3,4,5,6,9,10,13,18,24,26,27,28]; c0:bw=199,experts=[0,4,5,6,8,9,10,11,13,14,18,19,21,22,23,24,25,26,28]; c3:bw=132,experts=[0,1,2,3,4,5,6,10,12,13,18,24,26]; c8:bw=21,experts=[4,6]","5.4299,7.6458,4.8781,8.1446,8.2964,5.8060,4.6539,5.9443,6.4314,6.6721"
38,2026-09-23 16:46:05,Ours,0.01,1.715750596724914,53.99,53.99,38,69.9407,1:09.94,64.1303,4.4747,1.334,2636.23,43:56.23,10,"8,6,4,1,5,2,3,7,9,0",8:168;6:62;4:190;1:113;5:10;2:11;3:139;7:187;9:94;0:148,"8:[0,4,5,6,9,10,11,13,18,19,21,24,26,27,28,30];6:[2,4,6,13,18,26];4:[0,2,4,5,6,8,9,10,11,12,13,18,19,21,22,23,24,26,28];1:[0,4,5,6,9,10,13,18,24,26,28];5:[4];2:[4];3:[0,1,2,4,5,6,10,11,12,13,18,24,26];7:[0,4,5,6,8,9,10,11,13,16,18,19,21,23,24,26,27,28];9:[0,4,6,9,13,18,24,26,28];0:[0,2,4,5,6,9,10,13,18,19,21,24,26,28]","c8:bw=168,experts=[0,4,5,6,9,10,11,13,18,19,21,24,26,27,28,30]; c6:bw=62,experts=[2,4,6,13,18,26]; c4:bw=190,experts=[0,2,4,5,6,8,9,10,11,12,13,18,19,21,22,23,24,26,28]; c1:bw=113,experts=[0,4,5,6,9,10,13,18,24,26,28]; c5:bw=10,experts=[4]; c2:bw=11,experts=[4]; c3:bw=139,experts=[0,1,2,4,5,6,10,11,12,13,18,24,26]; c7:bw=187,experts=[0,4,5,6,8,9,10,11,13,16,18,19,21,23,24,26,27,28]; c9:bw=94,experts=[0,4,6,9,13,18,24,26,28]; c0:bw=148,experts=[0,2,4,5,6,9,10,13,18,19,21,24,26,28]","6.7046,8.2564,8.3481,5.4431,7.6323,4.8717,6.4742,5.8050,4.6433,5.9515"
39,2026-09-23 16:47:16,Ours,0.01,1.6972696057744858,55.28,55.28,39,70.6302,1:10.63,64.4204,4.8908,1.3172,2706.8821,45:06.88,10,"3,0,1,7,6,8,2,4,9,5",3:96;0:11;1:164;7:146;6:112;8:164;2:132;4:131;9:87;5:274,"3:[0,4,5,6,13,18,24,26,28];0:[4];1:[0,1,2,4,5,6,8,9,10,12,13,18,24,25,26,28];7:[0,4,5,6,9,10,11,13,18,21,23,24,26,28];6:[0,4,5,6,9,10,13,18,24,26,28];8:[0,2,4,5,6,8,9,10,11,13,14,18,21,24,26,28];2:[0,1,2,4,5,6,10,12,13,18,24,26,28];4:[0,4,5,6,9,10,13,18,19,21,24,26,28];9:[0,4,6,9,13,18,26,28];5:[0,1,2,4,5,6,8,9,10,11,12,13,14,15,16,18,19,20,21,22,23,24,25,26,27,28,30]","c3:bw=96,experts=[0,4,5,6,13,18,24,26,28]; c0:bw=11,experts=[4]; c1:bw=164,experts=[0,1,2,4,5,6,8,9,10,12,13,18,24,25,26,28]; c7:bw=146,experts=[0,4,5,6,9,10,11,13,18,21,23,24,26,28]; c6:bw=112,experts=[0,4,5,6,9,10,13,18,24,26,28]; c8:bw=164,experts=[0,2,4,5,6,8,9,10,11,13,14,18,21,24,26,28]; c2:bw=132,experts=[0,1,2,4,5,6,10,12,13,18,24,26,28]; c4:bw=131,experts=[0,4,5,6,9,10,13,18,19,21,24,26,28]; c9:bw=87,experts=[0,4,6,9,13,18,26,28]; c5:bw=274,experts=[0,1,2,4,5,6,8,9,10,11,12,13,14,15,16,18,19,20,21,22,23,24,25,26,27,28,30]","6.4309,5.9162,5.4492,5.7770,8.2774,6.7348,4.9248,8.5222,4.6711,7.7170"
40,2026-09-23 16:48:27,Ours,0.01,1.6887376769274407,55.24,55.28,39,70.495,1:10.49,64.1762,4.9851,1.3317,2777.4,46:17.40,10,"8,1,5,6,2,7,3,4,9,0",8:95;1:154;5:116;6:170;2:238;7:243;3:24;4:70;9:145;0:131,"8:[0,4,5,6,9,13,18,24,26];1:[0,1,2,4,5,6,8,10,13,18,21,24,26,28,29];5:[0,2,4,5,6,9,13,18,24,26,28];6:[0,4,5,6,8,9,10,11,13,14,18,21,23,24,25,26,28];2:[0,1,2,4,5,6,8,9,10,11,12,13,14,18,19,20,21,22,23,24,25,26,28];7:[0,1,2,4,5,6,8,9,10,11,12,13,14,16,18,19,20,21,22,23,24,25,26,28];3:[4,6];4:[4,6,13,18,24,26,28];9:[0,4,5,6,9,10,13,15,18,21,24,26,28,30];0:[0,2,4,5,6,9,10,13,18,21,24,26,28]","c8:bw=95,experts=[0,4,5,6,9,13,18,24,26]; c1:bw=154,experts=[0,1,2,4,5,6,8,10,13,18,21,24,26,28,29]; c5:bw=116,experts=[0,2,4,5,6,9,13,18,24,26,28]; c6:bw=170,experts=[0,4,5,6,8,9,10,11,13,14,18,21,23,24,25,26,28]; c2:bw=238,experts=[0,1,2,4,5,6,8,9,10,11,12,13,14,18,19,20,21,22,23,24,25,26,28]; c7:bw=243,experts=[0,1,2,4,5,6,8,9,10,11,12,13,14,16,18,19,20,21,22,23,24,25,26,28]; c3:bw=24,experts=[4,6]; c4:bw=70,experts=[4,6,13,18,24,26,28]; c9:bw=145,experts=[0,4,5,6,9,10,13,15,18,21,24,26,28,30]; c0:bw=131,experts=[0,2,4,5,6,9,10,13,18,21,24,26,28]","6.7327,5.5004,7.6883,8.2138,4.9002,5.8130,6.3788,8.3837,4.6287,5.9365"
41,2026-09-23 16:49:37,Ours,0.01,1.6828222332208351,55.84,55.84,41,70.5567,1:10.56,64.1358,5.0711,1.3478,2847.9792,47:27.98,10,"2,6,8,1,4,5,7,3,9,0",2:196;6:10;8:207;1:29;4:185;5:224;7:250;3:146;9:196;0:10,"2:[0,1,2,4,5,6,8,9,10,11,12,13,18,19,21,24,25,26,28];6:[4];8:[0,2,4,5,6,8,9,10,11,13,14,18,19,21,22,23,24,25,26,28];1:[4,6];4:[0,2,4,5,6,8,9,10,11,13,18,21,23,24,25,26,28,29];5:[0,2,4,5,6,8,9,10,11,12,13,14,18,19,20,21,22,23,24,25,26,28];7:[0,1,2,4,5,6,8,9,10,11,12,13,14,16,18,19,20,21,22,23,24,25,26,27,28];3:[0,2,4,5,6,8,9,10,13,18,24,25,26,28];9:[0,4,5,6,8,9,10,11,13,14,18,19,21,22,23,24,25,26,28];0:[4]","c2:bw=196,experts=[0,1,2,4,5,6,8,9,10,11,12,13,18,19,21,24,25,26,28]; c6:bw=10,experts=[4]; c8:bw=207,experts=[0,2,4,5,6,8,9,10,11,13,14,18,19,21,22,23,24,25,26,28]; c1:bw=29,experts=[4,6]; c4:bw=185,experts=[0,2,4,5,6,8,9,10,11,13,18,21,23,24,25,26,28,29]; c5:bw=224,experts=[0,2,4,5,6,8,9,10,11,12,13,14,18,19,20,21,22,23,24,25,26,28]; c7:bw=250,experts=[0,1,2,4,5,6,8,9,10,11,12,13,14,16,18,19,20,21,22,23,24,25,26,27,28]; c3:bw=146,experts=[0,2,4,5,6,8,9,10,13,18,24,25,26,28]; c9:bw=196,experts=[0,4,5,6,8,9,10,11,13,14,18,19,21,22,23,24,25,26,28]; c0:bw=10,experts=[4]","4.8913,8.2156,6.7430,5.4611,8.3956,7.6357,5.8118,6.4468,4.6340,5.9007"
42,2026-09-23 16:50:48,Ours,0.01,1.6682269694126788,55.55,55.84,41,70.6602,1:10.66,64.3435,4.9783,1.3366,2918.663,48:38.66,10,"5,1,3,9,6,0,7,4,8,2",5:185;1:179;3:177;9:186;6:125;0:54;7:73;4:200;8:154;2:147,"5:[0,1,2,4,5,6,8,9,10,11,12,13,18,21,24,25,26,28];1:[0,1,2,4,5,6,8,9,10,11,12,13,18,21,24,26,28];3:[0,1,2,4,5,6,9,10,11,12,13,18,21,24,25,26,28];9:[0,2,4,5,6,8,9,10,11,13,18,19,21,23,24,25,26,28];6:[0,1,2,3,4,5,6,13,18,24,26,28];0:[2,4,6,13,26];7:[0,4,6,13,18,24,26];4:[0,2,4,5,6,8,9,10,11,12,13,14,18,19,21,23,24,25,26,28];8:[0,1,2,4,5,6,9,10,11,12,13,18,24,26,28];2:[0,4,5,6,9,10,11,12,13,18,21,24,26,28]","c5:bw=185,experts=[0,1,2,4,5,6,8,9,10,11,12,13,18,21,24,25,26,28]; c1:bw=179,experts=[0,1,2,4,5,6,8,9,10,11,12,13,18,21,24,26,28]; c3:bw=177,experts=[0,1,2,4,5,6,9,10,11,12,13,18,21,24,25,26,28]; c9:bw=186,experts=[0,2,4,5,6,8,9,10,11,13,18,19,21,23,24,25,26,28]; c6:bw=125,experts=[0,1,2,3,4,5,6,13,18,24,26,28]; c0:bw=54,experts=[2,4,6,13,26]; c7:bw=73,experts=[0,4,6,13,18,24,26]; c4:bw=200,experts=[0,2,4,5,6,8,9,10,11,12,13,14,18,19,21,23,24,25,26,28]; c8:bw=154,experts=[0,1,2,4,5,6,9,10,11,12,13,18,24,26,28]; c2:bw=147,experts=[0,4,5,6,9,10,11,12,13,18,21,24,26,28]","7.7198,5.5457,6.4145,4.6544,8.2601,5.9496,5.7935,8.3828,6.7544,4.8686"
43,2026-09-23 16:51:58,Ours,0.01,1.6607944775971866,55.64,55.84,41,70.563,1:10.56,64.2881,4.9582,1.3149,2989.2493,49:49.25,10,"5,1,2,8,9,7,4,6,3,0",5:194;1:213;2:186;8:165;9:116;7:77;4:126;6:44;3:237;0:78,"5:[0,2,4,5,6,8,9,10,11,12,13,14,18,21,22,23,24,26,28];1:[0,1,2,4,5,6,8,9,10,11,12,13,14,16,18,21,23,24,25,26,28];2:[0,1,2,4,5,6,9,10,11,12,13,18,21,23,24,25,26,28];8:[0,2,4,5,6,8,9,10,11,13,14,18,21,24,26,28];9:[0,2,4,5,6,9,13,18,24,26,28];7:[0,4,5,6,18,24,26];4:[0,2,4,5,6,9,10,13,18,24,26,28];6:[4,6,13,26];3:[0,1,2,4,5,6,8,9,10,11,12,13,14,18,19,20,21,22,23,24,25,26,28];0:[0,4,5,6,18,24,26]","c5:bw=194,experts=[0,2,4,5,6,8,9,10,11,12,13,14,18,21,22,23,24,26,28]; c1:bw=213,experts=[0,1,2,4,5,6,8,9,10,11,12,13,14,16,18,21,23,24,25,26,28]; c2:bw=186,experts=[0,1,2,4,5,6,9,10,11,12,13,18,21,23,24,25,26,28]; c8:bw=165,experts=[0,2,4,5,6,8,9,10,11,13,14,18,21,24,26,28]; c9:bw=116,experts=[0,2,4,5,6,9,13,18,24,26,28]; c7:bw=77,experts=[0,4,5,6,18,24,26]; c4:bw=126,experts=[0,2,4,5,6,9,10,13,18,24,26,28]; c6:bw=44,experts=[4,6,13,26]; c3:bw=237,experts=[0,1,2,4,5,6,8,9,10,11,12,13,14,18,19,20,21,22,23,24,25,26,28]; c0:bw=78,experts=[0,4,5,6,18,24,26]","7.6592,5.5000,4.9985,6.7363,4.6277,5.7827,8.3470,8.2816,6.4032,5.9519"
44,2026-09-23 16:53:09,Ours,0.01,1.6490667126721164,56.01,56.01,44,70.8002,1:10.80,64.2885,5.1722,1.3376,3060.0739,51:00.07,10,"0,3,4,2,7,5,6,9,8,1",0:244;3:171;4:105;2:134;7:275;5:88;6:75;9:136;8:126;1:163,"0:[0,1,2,4,5,6,8,9,10,11,12,13,14,16,18,19,20,21,22,23,24,25,26,28];3:[0,2,4,5,6,8,9,10,11,12,13,18,21,23,24,26,28];4:[0,2,4,5,6,12,13,18,24,26];2:[0,2,4,5,6,9,12,13,18,21,24,26,28];7:[0,1,2,4,5,6,8,9,10,11,12,13,14,15,16,18,19,20,21,22,23,24,25,26,27,28,30];5:[0,2,4,5,6,13,24,26];6:[4,6,13,18,24,26,28];9:[0,1,2,4,5,6,9,10,13,18,24,25,26];8:[0,4,5,6,9,10,13,18,21,24,26,28];1:[0,1,2,4,5,6,9,10,11,12,13,18,24,25,26,28]","c0:bw=244,experts=[0,1,2,4,5,6,8,9,10,11,12,13,14,16,18,19,20,21,22,23,24,25,26,28]; c3:bw=171,experts=[0,2,4,5,6,8,9,10,11,12,13,18,21,23,24,26,28]; c4:bw=105,experts=[0,2,4,5,6,12,13,18,24,26]; c2:bw=134,experts=[0,2,4,5,6,9,12,13,18,21,24,26,28]; c7:bw=275,experts=[0,1,2,4,5,6,8,9,10,11,12,13,14,15,16,18,19,20,21,22,23,24,25,26,27,28,30]; c5:bw=88,experts=[0,2,4,5,6,13,24,26]; c6:bw=75,experts=[4,6,13,18,24,26,28]; c9:bw=136,experts=[0,1,2,4,5,6,9,10,13,18,24,25,26]; c8:bw=126,experts=[0,4,5,6,9,10,13,18,21,24,26,28]; c1:bw=163,experts=[0,1,2,4,5,6,9,10,11,12,13,18,24,25,26,28]","5.9729,6.4397,8.4032,4.8831,5.8024,7.6784,8.2250,4.6418,6.7576,5.4844"
45,2026-09-23 16:54:20,Ours,0.01,1.6422678636083763,56.54,56.54,45,70.9591,1:10.96,64.2782,5.3313,1.3476,3131.0586,52:11.06,10,"8,0,3,4,7,2,9,6,5,1",8:201;0:131;3:245;4:235;7:131;2:180;9:91;6:14;5:163;1:204,"8:[0,1,2,4,5,6,8,9,10,11,12,13,15,16,18,21,24,25,26,28];0:[0,4,5,6,9,10,11,13,18,21,24,26,28];3:[0,1,2,3,4,5,6,8,9,10,11,12,13,14,15,16,18,21,23,24,25,26,28,30];4:[0,1,2,4,5,6,8,9,10,11,12,13,14,18,19,20,21,22,23,24,25,26,28];7:[0,2,4,5,6,9,10,13,18,21,24,26,28];2:[0,1,2,4,5,6,9,10,11,12,13,18,21,23,24,25,26,28];9:[0,4,5,6,13,18,24,26,28];6:[4];5:[0,1,2,4,5,6,9,10,11,13,18,21,24,25,26,28];1:[0,2,4,5,6,8,9,10,11,12,13,14,18,19,21,23,24,25,26,28]","c8:bw=201,experts=[0,1,2,4,5,6,8,9,10,11,12,13,15,16,18,21,24,25,26,28]; c0:bw=131,experts=[0,4,5,6,9,10,11,13,18,21,24,26,28]; c3:bw=245,experts=[0,1,2,3,4,5,6,8,9,10,11,12,13,14,15,16,18,21,23,24,25,26,28,30]; c4:bw=235,experts=[0,1,2,4,5,6,8,9,10,11,12,13,14,18,19,20,21,22,23,24,25,26,28]; c7:bw=131,experts=[0,2,4,5,6,9,10,13,18,21,24,26,28]; c2:bw=180,experts=[0,1,2,4,5,6,9,10,11,12,13,18,21,23,24,25,26,28]; c9:bw=91,experts=[0,4,5,6,13,18,24,26,28]; c6:bw=14,experts=[4]; c5:bw=163,experts=[0,1,2,4,5,6,9,10,11,13,18,21,24,25,26,28]; c1:bw=204,experts=[0,2,4,5,6,8,9,10,11,12,13,14,18,19,21,23,24,25,26,28]","6.7598,5.9893,6.4057,8.3989,5.8280,4.8896,4.6503,8.2101,7.6478,5.4986"
46,2026-09-23 16:55:31,Ours,0.01,1.6309209734816552,57.45,57.45,46,70.7142,1:10.71,64.232,5.1546,1.3256,3201.7978,53:21.80,10,"9,3,6,1,4,5,2,8,0,7",9:134;3:98;6:141;1:149;4:234;5:150;2:208;8:142;0:201;7:103,"9:[0,1,2,4,5,6,9,10,13,18,24,25,26];3:[0,4,5,6,13,18,24,26,28];6:[0,1,2,4,5,6,10,12,13,18,24,26,28,30];1:[0,4,5,6,9,10,11,13,14,18,21,24,26,28];4:[0,1,2,4,5,6,8,9,10,11,12,13,14,16,18,19,21,22,23,24,25,26,28];5:[0,1,2,4,5,6,9,10,11,13,18,21,24,26,28];2:[0,2,4,5,6,8,9,10,11,12,13,14,18,21,22,23,24,25,26,28];8:[0,2,4,5,6,9,10,11,13,18,21,24,26,28];0:[0,1,2,4,5,6,8,9,10,11,12,13,18,19,21,23,24,25,26,28];7:[0,4,5,6,9,13,18,24,26,28]","c9:bw=134,experts=[0,1,2,4,5,6,9,10,13,18,24,25,26]; c3:bw=98,experts=[0,4,5,6,13,18,24,26,28]; c6:bw=141,experts=[0,1,2,4,5,6,10,12,13,18,24,26,28,30]; c1:bw=149,experts=[0,4,5,6,9,10,11,13,14,18,21,24,26,28]; c4:bw=234,experts=[0,1,2,4,5,6,8,9,10,11,12,13,14,16,18,19,21,22,23,24,25,26,28]; c5:bw=150,experts=[0,1,2,4,5,6,9,10,11,13,18,21,24,26,28]; c2:bw=208,experts=[0,2,4,5,6,8,9,10,11,12,13,14,18,21,22,23,24,25,26,28]; c8:bw=142,experts=[0,2,4,5,6,9,10,11,13,18,21,24,26,28]; c0:bw=201,experts=[0,1,2,4,5,6,8,9,10,11,12,13,18,19,21,23,24,25,26,28]; c7:bw=103,experts=[0,4,5,6,9,13,18,24,26,28]","4.6763,6.4489,8.2510,5.4439,8.3612,7.6679,4.8723,6.7629,5.9684,5.7790"
47,2026-09-23 16:56:42,Ours,0.01,1.6237357872337417,57.65,57.65,47,70.7899,1:10.79,64.4486,4.9941,1.3454,3272.6135,54:32.61,10,"5,6,7,9,8,3,4,0,1,2",5:189;6:82;7:195;9:63;8:144;3:255;4:35;0:167;1:111;2:199,"5:[0,1,2,4,5,6,9,10,11,12,13,18,21,23,24,25,26,28];6:[4,5,6,13,18,24,26,28];7:[0,1,2,4,5,6,8,9,10,11,12,13,18,21,24,25,26,28,30];9:[4,5,6,18,24,26];8:[0,1,2,4,5,6,8,10,11,13,18,24,26,28];3:[0,1,2,4,5,6,8,9,10,11,12,13,15,16,18,19,21,22,23,24,25,26,27,28,30];4:[4,6,26];0:[0,1,2,4,5,6,8,9,10,13,18,21,24,25,26,28];1:[0,2,4,5,6,9,13,18,24,26,28];2:[0,1,2,4,5,6,8,9,10,11,12,13,18,21,23,24,25,26,28]","c5:bw=189,experts=[0,1,2,4,5,6,9,10,11,12,13,18,21,23,24,25,26,28]; c6:bw=82,experts=[4,5,6,13,18,24,26,28]; c7:bw=195,experts=[0,1,2,4,5,6,8,9,10,11,12,13,18,21,24,25,26,28,30]; c9:bw=63,experts=[4,5,6,18,24,26]; c8:bw=144,experts=[0,1,2,4,5,6,8,10,11,13,18,24,26,28]; c3:bw=255,experts=[0,1,2,4,5,6,8,9,10,11,12,13,15,16,18,19,21,22,23,24,25,26,27,28,30]; c4:bw=35,experts=[4,6,26]; c0:bw=167,experts=[0,1,2,4,5,6,8,9,10,13,18,21,24,25,26,28]; c1:bw=111,experts=[0,2,4,5,6,9,13,18,24,26,28]; c2:bw=199,experts=[0,1,2,4,5,6,8,9,10,11,12,13,18,21,23,24,25,26,28]","7.7025,8.3295,5.8580,4.6342,6.6848,6.5115,8.3665,5.9450,5.5275,4.8892"
48,2026-09-23 16:57:53,Ours,0.01,1.6119571220172222,57.56,57.65,47,71.3657,1:11.37,64.6154,5.4185,1.3298,3344.0071,55:44.01,10,"1,8,4,2,9,6,5,7,0,3",1:182;8:183;4:246;2:207;9:192;6:165;5:202;7:229;0:57;3:67,"1:[0,1,2,4,5,6,8,9,10,11,12,13,18,21,24,25,26,28];8:[0,1,2,4,5,6,8,9,10,11,12,13,18,21,23,24,26,28];4:[0,1,2,4,5,6,8,9,10,11,12,13,14,16,18,19,20,21,22,23,24,25,26,28];2:[0,1,2,4,5,6,8,9,10,11,12,13,16,18,21,23,24,25,26,28];9:[0,4,5,6,8,9,10,11,13,14,18,19,21,22,23,24,25,26,28];6:[0,2,4,5,6,9,10,11,12,13,18,21,24,25,26,28];5:[0,1,2,4,5,6,8,9,10,11,12,13,14,18,21,22,23,24,26,28];7:[0,1,2,4,5,6,8,9,10,11,12,13,14,18,19,21,22,23,24,25,26,28];0:[4,6,13,15,26];3:[4,6,13,18,24,26]","c1:bw=182,experts=[0,1,2,4,5,6,8,9,10,11,12,13,18,21,24,25,26,28]; c8:bw=183,experts=[0,1,2,4,5,6,8,9,10,11,12,13,18,21,23,24,26,28]; c4:bw=246,experts=[0,1,2,4,5,6,8,9,10,11,12,13,14,16,18,19,20,21,22,23,24,25,26,28]; c2:bw=207,experts=[0,1,2,4,5,6,8,9,10,11,12,13,16,18,21,23,24,25,26,28]; c9:bw=192,experts=[0,4,5,6,8,9,10,11,13,14,18,19,21,22,23,24,25,26,28]; c6:bw=165,experts=[0,2,4,5,6,9,10,11,12,13,18,21,24,25,26,28]; c5:bw=202,experts=[0,1,2,4,5,6,8,9,10,11,12,13,14,18,21,22,23,24,26,28]; c7:bw=229,experts=[0,1,2,4,5,6,8,9,10,11,12,13,14,18,19,21,22,23,24,25,26,28]; c0:bw=57,experts=[4,6,13,15,26]; c3:bw=67,experts=[4,6,13,18,24,26]","5.5350,6.7558,8.4218,4.9483,4.6576,8.2898,7.7035,5.8591,5.9836,6.4608"
49,2026-09-23 16:59:04,Ours,0.01,1.6077206689739874,57.59,57.65,47,71.0943,1:11.09,64.7129,5.0501,1.3217,3415.1289,56:55.13,10,"4,3,8,0,2,5,6,7,9,1",4:176;3:116;8:96;0:72;2:214;5:205;6:46;7:162;9:194;1:198,"4:[0,4,5,6,8,9,10,11,13,14,18,19,21,24,25,26,28];3:[0,1,2,4,5,6,12,13,18,24,26];8:[1,2,4,5,6,13,18,24,26];0:[0,2,4,6,13,18,26];2:[0,1,2,4,5,6,8,9,10,11,12,13,15,18,20,21,23,24,25,26,28];5:[0,1,2,4,5,6,8,9,10,11,12,13,15,18,21,23,24,25,26,28];6:[4,6,13,26];7:[0,1,2,4,5,6,9,10,11,12,13,18,24,25,26,28];9:[0,2,4,5,6,8,9,10,11,13,18,19,21,22,23,24,25,26,28];1:[0,1,2,4,5,6,8,9,10,11,12,13,16,18,21,24,25,26,28]","c4:bw=176,experts=[0,4,5,6,8,9,10,11,13,14,18,19,21,24,25,26,28]; c3:bw=116,experts=[0,1,2,4,5,6,12,13,18,24,26]; c8:bw=96,experts=[1,2,4,5,6,13,18,24,26]; c0:bw=72,experts=[0,2,4,6,13,18,26]; c2:bw=214,experts=[0,1,2,4,5,6,8,9,10,11,12,13,15,18,20,21,23,24,25,26,28]; c5:bw=205,experts=[0,1,2,4,5,6,8,9,10,11,12,13,15,18,21,23,24,25,26,28]; c6:bw=46,experts=[4,6,13,26]; c7:bw=162,experts=[0,1,2,4,5,6,9,10,11,12,13,18,24,25,26,28]; c9:bw=194,experts=[0,2,4,5,6,8,9,10,11,13,18,19,21,22,23,24,25,26,28]; c1:bw=198,experts=[0,1,2,4,5,6,8,9,10,11,12,13,16,18,21,24,25,26,28]","8.4647,6.4741,6.7887,6.0056,4.8936,7.7081,8.2812,5.8811,4.6743,5.5414"
50,2026-09-23 17:00:15,Ours,0.01,1.5949813916652795,58.56,58.56,50,70.7753,1:10.78,64.4652,4.9667,1.3415,3485.9335,58:05.93,10,"8,4,7,6,2,1,3,0,9,5",8:118;4:28;7:126;6:249;2:232;1:236;3:142;0:106;9:99;5:114,"8:[0,1,2,4,5,6,13,18,24,26,28];4:[4,26];7:[0,2,4,5,6,9,10,13,18,24,26,28];6:[0,1,2,4,5,6,8,9,10,11,12,13,14,16,18,19,20,21,22,23,24,25,26,28];2:[0,1,2,4,5,6,8,9,10,11,12,13,14,18,19,20,21,22,23,24,25,26,28];1:[0,1,2,4,5,6,8,9,10,11,12,13,14,16,18,19,20,21,23,24,25,26,28];3:[0,2,4,5,6,9,10,11,13,18,21,24,26,28];0:[0,2,4,5,6,13,18,24,26,28];9:[0,1,2,4,6,12,13,24,26];5:[0,1,2,4,5,6,12,13,18,24,26]","c8:bw=118,experts=[0,1,2,4,5,6,13,18,24,26,28]; c4:bw=28,experts=[4,26]; c7:bw=126,experts=[0,2,4,5,6,9,10,13,18,24,26,28]; c6:bw=249,experts=[0,1,2,4,5,6,8,9,10,11,12,13,14,16,18,19,20,21,22,23,24,25,26,28]; c2:bw=232,experts=[0,1,2,4,5,6,8,9,10,11,12,13,14,18,19,20,21,22,23,24,25,26,28]; c1:bw=236,experts=[0,1,2,4,5,6,8,9,10,11,12,13,14,16,18,19,20,21,23,24,25,26,28]; c3:bw=142,experts=[0,2,4,5,6,9,10,11,13,18,21,24,26,28]; c0:bw=106,experts=[0,2,4,5,6,13,18,24,26,28]; c9:bw=99,experts=[0,1,2,4,6,12,13,24,26]; c5:bw=114,experts=[0,1,2,4,5,6,12,13,18,24,26]","6.7857,8.3736,5.8565,8.2806,4.8979,5.4641,6.4612,5.9704,4.6612,7.7141"
51,2026-09-23 17:01:26,Ours,0.01,1.5894474630119448,58.72,58.72,51,70.5453,1:10.55,64.5632,4.6496,1.3306,3556.5057,59:16.51,10,"5,0,1,2,8,6,9,3,4,7",5:173;0:195;1:77;2:73;8:168;6:191;9:66;3:203;4:40;7:99,"5:[0,2,4,5,6,8,9,10,11,13,14,18,21,24,25,26,28];0:[0,1,2,4,5,6,9,10,11,12,13,14,18,21,23,24,25,26,28];1:[2,4,5,6,13,18,26];2:[4,6,13,18,24,26,28];8:[0,1,2,4,5,6,10,11,12,13,18,21,24,25,26,28];6:[0,1,2,4,5,6,8,9,10,11,12,13,18,21,23,24,25,26,28];9:[0,4,6,13,18,26];3:[0,1,2,4,5,6,8,9,10,11,12,13,14,18,21,23,24,25,26,28];4:[4,6,18,26];7:[2,4,5,6,13,18,24,26,28]","c5:bw=173,experts=[0,2,4,5,6,8,9,10,11,13,14,18,21,24,25,26,28]; c0:bw=195,experts=[0,1,2,4,5,6,9,10,11,12,13,14,18,21,23,24,25,26,28]; c1:bw=77,experts=[2,4,5,6,13,18,26]; c2:bw=73,experts=[4,6,13,18,24,26,28]; c8:bw=168,experts=[0,1,2,4,5,6,10,11,12,13,18,21,24,25,26,28]; c6:bw=191,experts=[0,1,2,4,5,6,8,9,10,11,12,13,18,21,23,24,25,26,28]; c9:bw=66,experts=[0,4,6,13,18,26]; c3:bw=203,experts=[0,1,2,4,5,6,8,9,10,11,12,13,14,18,21,23,24,25,26,28]; c4:bw=40,experts=[4,6,18,26]; c7:bw=99,experts=[2,4,5,6,13,18,24,26,28]","7.7432,6.0156,5.5190,4.8775,6.7475,8.3042,4.6740,6.4472,8.3654,5.8695"
52,2026-09-23 17:02:36,Ours,0.01,1.5753110912104873,58.92,58.92,52,70.6496,1:10.65,64.6964,4.6104,1.341,3627.1816,1:00:27.18,10,"0,8,5,7,1,4,9,6,2,3",0:169;8:64;5:89;7:125;1:148;4:122;9:112;6:186;2:107;3:157,"0:[0,4,5,6,9,10,11,13,14,18,21,22,23,24,26,28];8:[1,2,4,6,13,26];5:[1,2,4,6,12,13,24,26];7:[0,1,2,4,5,6,10,12,13,18,26,28];1:[0,2,4,5,6,9,10,11,13,18,21,24,26,28];4:[0,1,2,4,5,6,10,13,18,24,26,28];9:[0,4,5,6,9,11,13,18,24,26,28];6:[0,1,2,4,5,6,9,10,11,12,13,14,18,21,24,25,26,28];2:[0,1,2,4,5,6,13,18,24,26];3:[0,1,2,4,5,6,9,10,13,18,21,24,25,26,28]","c0:bw=169,experts=[0,4,5,6,9,10,11,13,14,18,21,22,23,24,26,28]; c8:bw=64,experts=[1,2,4,6,13,26]; c5:bw=89,experts=[1,2,4,6,12,13,24,26]; c7:bw=125,experts=[0,1,2,4,5,6,10,12,13,18,26,28]; c1:bw=148,experts=[0,2,4,5,6,9,10,11,13,18,21,24,26,28]; c4:bw=122,experts=[0,1,2,4,5,6,10,13,18,24,26,28]; c9:bw=112,experts=[0,4,5,6,9,11,13,18,24,26,28]; c6:bw=186,experts=[0,1,2,4,5,6,9,10,11,12,13,14,18,21,24,25,26,28]; c2:bw=107,experts=[0,1,2,4,5,6,13,18,24,26]; c3:bw=157,experts=[0,1,2,4,5,6,9,10,13,18,21,24,25,26,28]","6.0155,6.7675,7.7310,5.8890,5.6104,8.4017,4.6519,8.2699,4.9116,6.4477"
53,2026-09-23 17:03:47,Ours,0.01,1.567230777657461,59.19,59.19,53,70.9931,1:10.99,64.4557,5.1898,1.3458,3698.2011,1:01:38.20,10,"8,4,5,1,3,9,6,7,0,2",8:79;4:103;5:161;1:215;3:173;9:224;6:131;7:160;0:141;2:189,"8:[4,5,6,9,13,18,26];4:[0,4,5,6,9,13,18,24,26,28];5:[0,2,4,5,6,9,10,11,12,13,14,18,21,24,26,28];1:[0,1,2,4,5,6,8,9,10,11,12,13,14,18,19,21,23,24,25,26,28];3:[0,2,4,5,6,8,10,11,12,13,18,21,23,24,25,26,28];9:[0,1,2,4,5,6,8,9,10,11,12,13,16,18,19,20,21,22,24,25,26,28];6:[0,1,2,4,5,6,10,12,13,18,24,26,28];7:[0,1,2,4,5,6,8,10,11,12,13,18,24,25,26,28];0:[0,1,2,4,5,6,9,10,12,13,18,24,25,26];2:[0,1,2,4,5,6,9,10,11,12,13,14,18,21,24,25,26,28]","c8:bw=79,experts=[4,5,6,9,13,18,26]; c4:bw=103,experts=[0,4,5,6,9,13,18,24,26,28]; c5:bw=161,experts=[0,2,4,5,6,9,10,11,12,13,14,18,21,24,26,28]; c1:bw=215,experts=[0,1,2,4,5,6,8,9,10,11,12,13,14,18,19,21,23,24,25,26,28]; c3:bw=173,experts=[0,2,4,5,6,8,10,11,12,13,18,21,23,24,25,26,28]; c9:bw=224,experts=[0,1,2,4,5,6,8,9,10,11,12,13,16,18,19,20,21,22,24,25,26,28]; c6:bw=131,experts=[0,1,2,4,5,6,10,12,13,18,24,26,28]; c7:bw=160,experts=[0,1,2,4,5,6,8,10,11,12,13,18,24,25,26,28]; c0:bw=141,experts=[0,1,2,4,5,6,9,10,12,13,18,24,25,26]; c2:bw=189,experts=[0,1,2,4,5,6,9,10,11,12,13,14,18,21,24,25,26,28]","6.7933,8.3865,7.7193,5.5418,6.4305,4.6523,8.2459,5.8303,5.9599,4.8958"
54,2026-09-23 17:04:58,Ours,0.01,1.5658485078119637,59.64,59.64,54,70.8251,1:10.83,64.5516,4.9384,1.3333,3769.054,1:02:49.05,10,"2,1,8,7,3,0,6,5,9,4",2:30;1:193;8:203;7:223;3:111;0:135;6:198;5:10;9:185;4:116,"2:[4,6,17];1:[0,1,2,4,5,6,8,9,10,11,12,13,14,18,21,24,25,26,28];8:[0,1,2,4,5,6,8,9,10,11,12,13,14,18,21,23,24,25,26,28];7:[0,2,4,5,6,8,9,10,11,12,13,14,18,19,20,21,22,23,24,25,26,28];3:[0,2,4,5,6,10,13,18,24,26,28];0:[0,1,2,4,5,6,10,12,13,18,24,26,28];6:[0,1,2,4,5,6,8,9,10,11,12,13,17,18,21,24,25,26,28];5:[4];9:[0,1,2,4,5,6,8,9,10,11,12,13,18,21,24,25,26,28];4:[0,1,2,4,5,6,13,18,24,26,28]","c2:bw=30,experts=[4,6,17]; c1:bw=193,experts=[0,1,2,4,5,6,8,9,10,11,12,13,14,18,21,24,25,26,28]; c8:bw=203,experts=[0,1,2,4,5,6,8,9,10,11,12,13,14,18,21,23,24,25,26,28]; c7:bw=223,experts=[0,2,4,5,6,8,9,10,11,12,13,14,18,19,20,21,22,23,24,25,26,28]; c3:bw=111,experts=[0,2,4,5,6,10,13,18,24,26,28]; c0:bw=135,experts=[0,1,2,4,5,6,10,12,13,18,24,26,28]; c6:bw=198,experts=[0,1,2,4,5,6,8,9,10,11,12,13,17,18,21,24,25,26,28]; c5:bw=10,experts=[4]; c9:bw=185,experts=[0,1,2,4,5,6,8,9,10,11,12,13,18,21,24,25,26,28]; c4:bw=116,experts=[0,1,2,4,5,6,13,18,24,26,28]","4.8940,5.5216,6.7891,5.8881,6.4745,5.9799,8.3008,7.6303,4.6527,8.4206"
55,2026-09-23 17:06:09,Ours,0.01,1.5550208601903093,59.74,59.74,55,71.1478,1:11.15,64.6313,5.1693,1.3454,3840.2284,1:04:00.23,10,"7,2,4,3,8,5,1,6,0,9",7:199;2:150;4:53;3:192;8:50;5:194;1:220;6:154;0:101;9:228,"7:[0,1,2,4,5,6,8,9,10,11,12,13,18,21,23,24,25,26,28];2:[0,1,2,4,5,6,9,10,13,18,21,24,25,26,28];4:[2,4,6,13,26];3:[0,1,2,4,5,6,8,9,10,11,12,13,14,18,21,23,24,26,28];8:[4,6,13,18,26];5:[0,1,2,4,5,6,8,9,10,11,12,13,18,21,23,24,25,26,28];1:[0,1,2,4,5,6,8,9,10,11,12,13,14,15,18,19,21,22,24,25,26,28];6:[0,1,2,4,5,6,9,11,13,18,21,24,25,26,28];0:[0,4,5,6,9,13,18,24,26,28];9:[0,1,2,4,5,6,8,9,10,11,12,13,15,16,18,21,24,25,26,27,28,30]","c7:bw=199,experts=[0,1,2,4,5,6,8,9,10,11,12,13,18,21,23,24,25,26,28]; c2:bw=150,experts=[0,1,2,4,5,6,9,10,13,18,21,24,25,26,28]; c4:bw=53,experts=[2,4,6,13,26]; c3:bw=192,experts=[0,1,2,4,5,6,8,9,10,11,12,13,14,18,21,23,24,26,28]; c8:bw=50,experts=[4,6,13,18,26]; c5:bw=194,experts=[0,1,2,4,5,6,8,9,10,11,12,13,18,21,23,24,25,26,28]; c1:bw=220,experts=[0,1,2,4,5,6,8,9,10,11,12,13,14,15,18,19,21,22,24,25,26,28]; c6:bw=154,experts=[0,1,2,4,5,6,9,11,13,18,21,24,25,26,28]; c0:bw=101,experts=[0,4,5,6,9,13,18,24,26,28]; c9:bw=228,experts=[0,1,2,4,5,6,8,9,10,11,12,13,15,16,18,21,24,25,26,27,28,30]","5.8984,4.9505,8.4572,6.4676,6.7637,7.7065,5.4973,8.2515,5.9536,4.6849"
56,2026-09-23 17:07:20,Ours,0.01,1.550543102517006,60.1,60.1,56,70.7498,1:10.75,64.7065,4.7143,1.3272,3911.007,1:05:11.01,10,"9,1,3,2,5,4,8,7,6,0",9:191;1:205;3:31;2:195;5:113;4:34;8:49;7:66;6:86;0:256,"9:[0,1,2,4,5,6,9,10,11,12,13,14,18,19,21,24,25,26,28];1:[0,1,2,4,5,6,8,9,10,11,12,13,14,18,21,23,24,25,26,28];3:[4,6,26];2:[0,1,2,4,5,6,8,9,10,11,12,13,18,21,23,24,25,26,28];5:[0,2,4,5,6,10,13,18,24,26,28];4:[4,6,26];8:[4,6,18,26];7:[2,4,6,13,18,26];6:[0,2,4,6,13,18,24,26];0:[0,1,2,3,4,5,6,8,9,10,11,12,13,14,15,16,18,20,21,23,24,25,26,27,28]","c9:bw=191,experts=[0,1,2,4,5,6,9,10,11,12,13,14,18,19,21,24,25,26,28]; c1:bw=205,experts=[0,1,2,4,5,6,8,9,10,11,12,13,14,18,21,23,24,25,26,28]; c3:bw=31,experts=[4,6,26]; c2:bw=195,experts=[0,1,2,4,5,6,8,9,10,11,12,13,18,21,23,24,25,26,28]; c5:bw=113,experts=[0,2,4,5,6,10,13,18,24,26,28]; c4:bw=34,experts=[4,6,26]; c8:bw=49,experts=[4,6,18,26]; c7:bw=66,experts=[2,4,6,13,18,26]; c6:bw=86,experts=[0,2,4,6,13,18,24,26]; c0:bw=256,experts=[0,1,2,3,4,5,6,8,9,10,11,12,13,14,15,16,18,20,21,23,24,25,26,27,28]","4.7192,5.5419,6.4869,4.9339,7.8239,8.3808,6.7172,5.8578,8.2769,5.9680"
57,2026-09-23 17:08:32,Ours,0.01,1.5418644926161627,60.17,60.17,57,71.6647,1:11.66,64.7521,5.5649,1.3457,3982.7026,1:06:22.70,10,"3,8,6,1,7,0,5,4,2,9",3:234;8:156;6:176;1:181;7:253;0:257;5:161;4:151;2:120;9:69,"3:[0,1,2,4,5,6,8,9,10,11,12,13,14,18,19,20,21,22,23,24,25,26,28];8:[0,1,2,4,5,6,10,11,12,13,18,23,24,26,28];6:[0,1,2,4,5,6,9,10,11,12,13,18,21,24,25,26,28];1:[0,1,2,4,5,6,8,9,10,11,12,13,16,18,24,25,26,28];7:[0,1,2,3,4,5,6,8,9,10,11,12,13,14,15,18,19,20,21,23,24,25,26,27,28];0:[0,1,2,4,5,6,8,9,10,11,12,13,14,16,18,19,20,21,22,23,24,25,26,28,31];5:[0,1,2,4,5,6,9,10,11,12,13,18,21,24,26,28];4:[0,2,4,5,6,9,11,13,14,18,21,23,24,26,28];2:[0,4,5,6,9,13,14,18,21,24,26,28];9:[0,2,4,6,13,26]","c3:bw=234,experts=[0,1,2,4,5,6,8,9,10,11,12,13,14,18,19,20,21,22,23,24,25,26,28]; c8:bw=156,experts=[0,1,2,4,5,6,10,11,12,13,18,23,24,26,28]; c6:bw=176,experts=[0,1,2,4,5,6,9,10,11,12,13,18,21,24,25,26,28]; c1:bw=181,experts=[0,1,2,4,5,6,8,9,10,11,12,13,16,18,24,25,26,28]; c7:bw=253,experts=[0,1,2,3,4,5,6,8,9,10,11,12,13,14,15,18,19,20,21,23,24,25,26,27,28]; c0:bw=257,experts=[0,1,2,4,5,6,8,9,10,11,12,13,14,16,18,19,20,21,22,23,24,25,26,28,31]; c5:bw=161,experts=[0,1,2,4,5,6,9,10,11,12,13,18,21,24,26,28]; c4:bw=151,experts=[0,2,4,5,6,9,11,13,14,18,21,23,24,26,28]; c2:bw=120,experts=[0,4,5,6,9,13,14,18,21,24,26,28]; c9:bw=69,experts=[0,2,4,6,13,26]","6.5360,6.7816,8.3405,5.5462,5.8591,6.0058,7.7231,8.4314,4.8733,4.6551"
58,2026-09-23 17:09:43,Ours,0.01,1.5327929371138573,60.12,60.17,57,70.8241,1:10.82,64.5544,4.9447,1.3211,4053.5547,1:07:33.55,10,"7,2,9,6,5,1,8,4,3,0",7:88;2:15;9:209;6:201;5:127;1:109;8:145;4:139;3:225;0:174,"7:[0,4,5,6,13,18,24,26];2:[4];9:[0,1,2,4,5,6,8,9,10,11,12,13,16,18,21,24,25,26,28,30];6:[0,1,2,4,5,6,8,9,10,11,12,13,14,18,21,23,24,25,26,28];5:[0,2,4,5,6,9,11,13,18,24,26,28];1:[0,4,5,6,9,13,18,24,26,28];8:[0,1,2,4,5,6,10,11,12,13,18,24,26,28];4:[0,2,4,5,6,9,10,12,13,18,24,26,28];3:[0,1,2,4,5,6,8,9,10,11,12,13,14,18,19,21,23,24,25,26,27,28];0:[0,1,2,4,5,6,9,10,11,12,13,18,24,25,26,28,30]","c7:bw=88,experts=[0,4,5,6,13,18,24,26]; c2:bw=15,experts=[4]; c9:bw=209,experts=[0,1,2,4,5,6,8,9,10,11,12,13,16,18,21,24,25,26,28,30]; c6:bw=201,experts=[0,1,2,4,5,6,8,9,10,11,12,13,14,18,21,23,24,25,26,28]; c5:bw=127,experts=[0,2,4,5,6,9,11,13,18,24,26,28]; c1:bw=109,experts=[0,4,5,6,9,13,18,24,26,28]; c8:bw=145,experts=[0,1,2,4,5,6,10,11,12,13,18,24,26,28]; c4:bw=139,experts=[0,2,4,5,6,9,10,12,13,18,24,26,28]; c3:bw=225,experts=[0,1,2,4,5,6,8,9,10,11,12,13,14,18,19,21,23,24,25,26,27,28]; c0:bw=174,experts=[0,1,2,4,5,6,9,10,11,12,13,18,24,25,26,28,30]","5.8852,4.9078,4.6758,8.2903,7.7043,5.5221,6.7942,8.3887,6.4143,5.9717"
59,2026-09-23 17:10:54,Ours,0.01,1.5249743088058931,60.08,60.17,57,71.0853,1:11.09,64.7851,4.9529,1.3455,4124.668,1:08:44.67,10,"2,8,9,6,1,4,7,5,0,3",2:134;8:204;9:101;6:70;1:239;4:94;7:102;5:117;0:191;3:129,"2:[0,2,4,5,6,10,12,13,18,21,24,26,28];8:[0,1,2,4,5,6,8,10,11,12,13,15,18,21,24,25,26,27,28,30];9:[0,2,4,5,6,13,18,24,26,28];6:[4,5,6,9,18,24,26];1:[0,1,2,4,5,6,8,9,10,11,12,13,14,18,19,20,21,22,23,24,25,26,28];4:[0,2,4,5,6,13,18,24,26];7:[0,2,4,5,6,9,13,18,24,26];5:[0,4,5,6,9,13,18,21,24,26,28];0:[0,1,2,4,5,6,8,9,10,11,12,13,18,21,23,24,25,26,28];3:[0,1,2,4,5,6,11,13,18,24,26,28]","c2:bw=134,experts=[0,2,4,5,6,10,12,13,18,21,24,26,28]; c8:bw=204,experts=[0,1,2,4,5,6,8,10,11,12,13,15,18,21,24,25,26,27,28,30]; c9:bw=101,experts=[0,2,4,5,6,13,18,24,26,28]; c6:bw=70,experts=[4,5,6,9,18,24,26]; c1:bw=239,experts=[0,1,2,4,5,6,8,9,10,11,12,13,14,18,19,20,21,22,23,24,25,26,28]; c4:bw=94,experts=[0,2,4,5,6,13,18,24,26]; c7:bw=102,experts=[0,2,4,5,6,9,13,18,24,26]; c5:bw=117,experts=[0,4,5,6,9,13,18,21,24,26,28]; c0:bw=191,experts=[0,1,2,4,5,6,8,9,10,11,12,13,18,21,23,24,25,26,28]; c3:bw=129,experts=[0,1,2,4,5,6,11,13,18,24,26,28]","4.9429,6.8099,4.6991,8.2767,5.5287,8.4835,5.8931,7.6957,6.0032,6.4522"
60,2026-09-23 17:12:05,Ours,0.01,1.5162149227523778,60.83,60.83,60,71.1777,1:11.18,64.9616,4.8682,1.3461,4195.8742,1:09:55.87,10,"0,7,4,2,5,8,6,9,1,3",0:194;7:175;4:110;2:111;5:122;8:89;6:218;9:27;1:197;3:160,"0:[0,1,2,4,5,6,8,9,10,11,12,13,18,21,23,24,25,26,28];7:[0,1,2,4,5,6,8,10,11,12,13,15,18,24,25,26,28];4:[0,2,4,5,6,9,13,18,24,26,28];2:[1,2,4,5,6,10,12,13,18,24,26];5:[0,4,5,6,9,11,13,18,21,24,26,28];8:[1,2,4,5,6,13,24,26];6:[0,1,2,4,5,6,8,9,10,11,12,13,14,18,19,21,23,24,25,26,28];9:[4,6];1:[0,2,4,5,6,8,9,10,11,12,13,14,18,21,23,24,25,26,28];3:[0,1,2,4,5,6,9,10,11,12,13,18,24,25,26,28]","c0:bw=194,experts=[0,1,2,4,5,6,8,9,10,11,12,13,18,21,23,24,25,26,28]; c7:bw=175,experts=[0,1,2,4,5,6,8,10,11,12,13,15,18,24,25,26,28]; c4:bw=110,experts=[0,2,4,5,6,9,13,18,24,26,28]; c2:bw=111,experts=[1,2,4,5,6,10,12,13,18,24,26]; c5:bw=122,experts=[0,4,5,6,9,11,13,18,21,24,26,28]; c8:bw=89,experts=[1,2,4,5,6,13,24,26]; c6:bw=218,experts=[0,1,2,4,5,6,8,9,10,11,12,13,14,18,19,21,23,24,25,26,28]; c9:bw=27,experts=[4,6]; c1:bw=197,experts=[0,2,4,5,6,8,9,10,11,12,13,14,18,21,23,24,25,26,28]; c3:bw=160,experts=[0,1,2,4,5,6,9,10,11,12,13,18,24,25,26,28]","6.0307,5.9389,8.4747,4.9151,7.7757,6.8060,8.3508,4.6526,5.5226,6.4946"
61,2026-09-23 17:13:16,Ours,0.01,1.5095926541670346,61.52,61.52,61,71.2265,1:11.23,64.7805,5.1101,1.3342,4267.129,1:11:07.13,10,"5,6,2,9,1,3,8,4,7,0",5:178;6:136;2:107;9:138;1:122;3:157;8:203;4:140;7:159;0:220,"5:[0,1,2,4,5,6,9,10,11,12,13,18,21,23,24,26,28];6:[0,4,5,6,9,11,13,14,18,21,24,26,28];2:[0,2,4,5,6,12,13,18,24,26];9:[0,2,4,5,6,9,11,13,18,21,24,26,28];1:[0,2,4,5,6,9,10,13,18,24,26,28];3:[0,1,2,4,5,6,8,10,11,12,13,18,24,26,28];8:[0,1,2,4,5,6,8,10,11,12,13,16,18,21,23,24,25,26,28,30];4:[0,2,4,5,6,9,10,12,13,18,21,24,26,28];7:[0,2,4,5,6,9,10,12,13,18,21,24,25,26,28];0:[0,1,2,4,5,6,8,9,10,11,12,13,16,18,21,22,23,24,25,26,27,28]","c5:bw=178,experts=[0,1,2,4,5,6,9,10,11,12,13,18,21,23,24,26,28]; c6:bw=136,experts=[0,4,5,6,9,11,13,14,18,21,24,26,28]; c2:bw=107,experts=[0,2,4,5,6,12,13,18,24,26]; c9:bw=138,experts=[0,2,4,5,6,9,11,13,18,21,24,26,28]; c1:bw=122,experts=[0,2,4,5,6,9,10,13,18,24,26,28]; c3:bw=157,experts=[0,1,2,4,5,6,8,10,11,12,13,18,24,26,28]; c8:bw=203,experts=[0,1,2,4,5,6,8,10,11,12,13,16,18,21,23,24,25,26,28,30]; c4:bw=140,experts=[0,2,4,5,6,9,10,12,13,18,21,24,26,28]; c7:bw=159,experts=[0,2,4,5,6,9,10,12,13,18,21,24,25,26,28]; c0:bw=220,experts=[0,1,2,4,5,6,8,9,10,11,12,13,16,18,21,22,23,24,25,26,27,28]","7.7909,8.3002,4.9326,4.6778,5.5527,6.4889,6.7781,8.4054,5.8598,5.9942"
62,2026-09-23 17:14:30,Ours,0.01,1.5070745128649174,61.26,61.52,61,73.2548,1:13.25,66.283,5.612,1.3579,4340.4132,1:12:20.41,10,"8,6,9,4,5,0,3,2,1,7",8:48;6:228;9:59;4:221;5:246;0:103;3:193;2:154;1:274;7:163,"8:[4,6,18,26];6:[0,1,2,4,5,6,8,9,10,11,12,13,14,18,19,21,23,24,25,26,27,28];9:[2,4,6,13,26];4:[0,1,2,4,5,6,8,9,10,11,12,13,14,18,20,21,22,23,24,25,26,28];5:[0,1,2,4,5,6,8,9,10,11,12,13,14,16,18,19,20,21,22,23,24,25,26,28];0:[0,1,2,4,6,13,18,24,25,26];3:[0,1,2,4,5,6,8,9,10,11,12,13,18,21,23,24,25,26,28];2:[0,1,2,4,5,6,10,11,12,13,18,23,24,25,26];1:[0,1,2,4,5,6,8,9,10,11,12,13,14,15,16,18,19,20,21,22,23,24,25,26,27,28,31];7:[0,2,4,5,6,9,11,12,13,18,21,23,24,25,26,28]","c8:bw=48,experts=[4,6,18,26]; c6:bw=228,experts=[0,1,2,4,5,6,8,9,10,11,12,13,14,18,19,21,23,24,25,26,27,28]; c9:bw=59,experts=[2,4,6,13,26]; c4:bw=221,experts=[0,1,2,4,5,6,8,9,10,11,12,13,14,18,20,21,22,23,24,25,26,28]; c5:bw=246,experts=[0,1,2,4,5,6,8,9,10,11,12,13,14,16,18,19,20,21,22,23,24,25,26,28]; c0:bw=103,experts=[0,1,2,4,6,13,18,24,25,26]; c3:bw=193,experts=[0,1,2,4,5,6,8,9,10,11,12,13,18,21,23,24,25,26,28]; c2:bw=154,experts=[0,1,2,4,5,6,10,11,12,13,18,23,24,25,26]; c1:bw=274,experts=[0,1,2,4,5,6,8,9,10,11,12,13,14,15,16,18,19,20,21,22,23,24,25,26,27,28,31]; c7:bw=163,experts=[0,2,4,5,6,9,11,12,13,18,21,23,24,25,26,28]","6.7850,8.3420,4.7307,9.1747,7.8491,6.0592,6.5133,4.9416,5.9603,5.9272"
63,2026-09-23 17:15:41,Ours,0.01,1.5006006803119343,61.75,61.75,63,71.3081,1:11.31,64.9952,4.9952,1.3159,4411.7507,1:13:31.75,10,"5,9,6,3,8,1,7,0,2,4",5:33;9:77;6:124;3:192;8:116;1:183;7:251;0:151;2:102;4:192,"5:[4,6,26];9:[4,5,6,13,18,24,26];6:[0,2,4,5,6,9,10,13,18,24,26,28];3:[0,1,2,4,5,6,8,9,10,11,12,13,18,21,23,24,25,26,28];8:[0,2,4,5,6,9,13,18,24,26,28];1:[0,1,2,4,5,6,9,10,11,13,14,18,21,22,23,24,26,28];7:[0,1,2,4,5,6,8,9,10,11,12,13,14,16,18,19,20,21,22,23,24,25,26,27,28];0:[0,2,4,5,6,9,11,12,13,18,21,23,24,26,28];2:[1,2,4,5,6,12,13,18,24,26];4:[0,1,2,4,5,6,8,9,10,11,12,13,18,21,23,24,25,26,28]","c5:bw=33,experts=[4,6,26]; c9:bw=77,experts=[4,5,6,13,18,24,26]; c6:bw=124,experts=[0,2,4,5,6,9,10,13,18,24,26,28]; c3:bw=192,experts=[0,1,2,4,5,6,8,9,10,11,12,13,18,21,23,24,25,26,28]; c8:bw=116,experts=[0,2,4,5,6,9,13,18,24,26,28]; c1:bw=183,experts=[0,1,2,4,5,6,9,10,11,13,14,18,21,22,23,24,26,28]; c7:bw=251,experts=[0,1,2,4,5,6,8,9,10,11,12,13,14,16,18,19,20,21,22,23,24,25,26,27,28]; c0:bw=151,experts=[0,2,4,5,6,9,11,12,13,18,21,23,24,26,28]; c2:bw=102,experts=[1,2,4,5,6,12,13,18,24,26]; c4:bw=192,experts=[0,1,2,4,5,6,8,9,10,11,12,13,18,21,23,24,25,26,28]","7.7296,4.7255,8.3693,6.4772,6.8027,5.5181,5.9278,6.0565,4.9119,8.4765"
64,2026-09-23 17:16:52,Ours,0.01,1.487105284304747,61.7,61.75,63,71.4698,1:11.47,65.0617,5.0683,1.3381,4483.2491,1:14:43.25,10,"6,4,5,3,7,0,8,9,2,1",6:182;4:138;5:87;3:138;7:124;0:116;8:195;9:217;2:205;1:104,"6:[0,2,4,5,6,7,9,10,12,13,18,21,24,25,26,28,29,31];4:[0,3,4,5,6,7,9,13,17,18,24,26,31];5:[4,5,6,7,13,18,26,31];3:[0,2,4,5,6,7,9,10,13,18,24,26,31];7:[4,5,6,7,9,13,17,18,24,26,29,31];0:[0,4,5,6,7,9,13,17,18,26,29];8:[0,2,3,4,5,6,7,9,11,13,17,18,20,21,24,26,28,29,31];9:[0,1,2,4,5,6,7,8,9,10,11,13,17,18,21,24,25,26,28,29,31];2:[0,1,2,4,5,6,7,9,10,11,13,18,21,24,25,26,28,29,30,31];1:[3,4,5,6,7,13,17,18,26,30]","c6:bw=182,experts=[0,2,4,5,6,7,9,10,12,13,18,21,24,25,26,28,29,31]; c4:bw=138,experts=[0,3,4,5,6,7,9,13,17,18,24,26,31]; c5:bw=87,experts=[4,5,6,7,13,18,26,31]; c3:bw=138,experts=[0,2,4,5,6,7,9,10,13,18,24,26,31]; c7:bw=124,experts=[4,5,6,7,9,13,17,18,24,26,29,31]; c0:bw=116,experts=[0,4,5,6,7,9,13,17,18,26,29]; c8:bw=195,experts=[0,2,3,4,5,6,7,9,11,13,17,18,20,21,24,26,28,29,31]; c9:bw=217,experts=[0,1,2,4,5,6,7,8,9,10,11,13,17,18,21,24,25,26,28,29,31]; c2:bw=205,experts=[0,1,2,4,5,6,7,9,10,11,13,18,21,24,25,26,28,29,30,31]; c1:bw=104,experts=[3,4,5,6,7,13,17,18,26,30]","8.3556,8.5189,7.7812,6.5353,5.8514,6.0203,6.7974,4.7171,4.9335,5.5510"
65,2026-09-23 17:18:04,Ours,0.01,1.4870779575224673,61.9,61.9,65,71.5541,1:11.55,64.9933,5.2273,1.3317,4554.8331,1:15:54.83,10,"7,5,4,6,8,3,0,2,1,9",7:33;5:105;4:210;6:182;8:241;3:156;0:151;2:104;1:211;9:171,"7:[4,6,26];5:[0,4,5,6,9,13,18,24,26,28];4:[0,1,2,4,5,6,8,9,10,11,12,13,14,18,21,23,24,25,26,27,28];6:[0,2,4,5,6,8,9,10,11,12,13,18,21,23,24,25,26,28];8:[0,1,2,4,5,6,8,9,10,11,12,13,14,16,18,19,20,21,22,23,24,25,26,28];3:[0,1,2,4,5,6,11,12,13,18,21,23,24,26,28];0:[0,1,2,4,5,6,9,10,12,13,18,24,25,26,28];2:[0,4,5,6,9,13,18,24,26,28];1:[0,2,4,5,6,8,9,10,11,12,13,14,18,20,21,22,23,24,25,26,28];9:[0,2,4,5,6,8,9,11,12,13,18,21,23,24,25,26,28]","c7:bw=33,experts=[4,6,26]; c5:bw=105,experts=[0,4,5,6,9,13,18,24,26,28]; c4:bw=210,experts=[0,1,2,4,5,6,8,9,10,11,12,13,14,18,21,23,24,25,26,27,28]; c6:bw=182,experts=[0,2,4,5,6,8,9,10,11,12,13,18,21,23,24,25,26,28]; c8:bw=241,experts=[0,1,2,4,5,6,8,9,10,11,12,13,14,16,18,19,20,21,22,23,24,25,26,28]; c3:bw=156,experts=[0,1,2,4,5,6,11,12,13,18,21,23,24,26,28]; c0:bw=151,experts=[0,1,2,4,5,6,9,10,12,13,18,24,25,26,28]; c2:bw=104,experts=[0,4,5,6,9,13,18,24,26,28]; c1:bw=211,experts=[0,2,4,5,6,8,9,10,11,12,13,14,18,20,21,22,23,24,25,26,28]; c9:bw=171,experts=[0,2,4,5,6,8,9,11,12,13,18,21,23,24,25,26,28]","5.8747,7.7626,8.4782,8.3873,6.8076,6.5201,6.0168,4.9031,5.5282,4.7147"
66,2026-09-23 17:19:15,Ours,0.01,1.4782315969861437,62.01,62.01,66,71.3048,1:11.30,65.003,4.9519,1.3481,4626.1678,1:17:06.17,10,"2,5,1,8,9,6,4,0,3,7",2:149;5:63;1:198;8:88;9:115;6:108;4:152;0:139;3:244;7:184,"2:[0,2,4,5,6,9,11,12,13,18,21,24,26,28];5:[2,4,6,13,26,28];1:[0,1,2,4,5,6,8,9,10,11,12,13,18,21,23,24,25,26,28];8:[2,4,5,6,13,18,26,28];9:[0,1,2,4,5,6,12,13,18,24,26];6:[0,4,5,6,9,13,18,24,26,28];4:[0,2,4,5,6,9,10,11,13,14,18,21,24,26,28];0:[0,1,2,4,5,6,10,13,18,24,25,26,28];3:[0,1,2,4,5,6,8,9,10,11,12,13,14,16,17,18,19,21,23,24,25,26,28,29];7:[0,2,4,5,6,9,10,11,12,13,14,18,21,23,24,25,26,28]","c2:bw=149,experts=[0,2,4,5,6,9,11,12,13,18,21,24,26,28]; c5:bw=63,experts=[2,4,6,13,26,28]; c1:bw=198,experts=[0,1,2,4,5,6,8,9,10,11,12,13,18,21,23,24,25,26,28]; c8:bw=88,experts=[2,4,5,6,13,18,26,28]; c9:bw=115,experts=[0,1,2,4,5,6,12,13,18,24,26]; c6:bw=108,experts=[0,4,5,6,9,13,18,24,26,28]; c4:bw=152,experts=[0,2,4,5,6,9,10,11,13,14,18,21,24,26,28]; c0:bw=139,experts=[0,1,2,4,5,6,10,13,18,24,25,26,28]; c3:bw=244,experts=[0,1,2,4,5,6,8,9,10,11,12,13,14,16,17,18,19,21,23,24,25,26,28,29]; c7:bw=184,experts=[0,2,4,5,6,9,10,11,12,13,14,18,21,23,24,25,26,28]","4.9484,7.7672,5.5930,6.7645,4.7090,8.3220,8.4912,5.9971,6.4916,5.9191"
67,2026-09-23 17:20:27,Ours,0.01,1.4738625472721005,62.82,62.82,67,71.425,1:11.42,64.9232,5.1476,1.3523,4697.6233,1:18:17.62,10,"4,5,1,3,6,0,2,9,7,8",4:188;5:177;1:134;3:93;6:194;0:119;2:157;9:219;7:215;8:33,"4:[0,2,4,5,6,9,11,12,13,14,18,20,21,22,23,24,26,28];5:[0,1,2,4,5,6,8,9,10,12,13,18,21,24,25,26,28];1:[0,1,2,4,5,6,9,10,11,13,18,24,26];3:[4,5,6,9,13,18,24,26,28];6:[0,1,2,4,5,6,8,9,10,11,12,13,18,21,23,24,25,26,28];0:[0,2,4,5,6,10,13,18,24,25,26];2:[0,2,4,5,6,9,10,12,13,18,21,23,24,26,28];9:[0,1,2,4,5,6,8,9,10,11,12,13,15,16,18,24,25,26,27,28,30];7:[0,1,2,4,5,6,8,9,10,11,12,13,14,18,20,21,22,23,24,26,28];8:[4,6,26]","c4:bw=188,experts=[0,2,4,5,6,9,11,12,13,14,18,20,21,22,23,24,26,28]; c5:bw=177,experts=[0,1,2,4,5,6,8,9,10,12,13,18,21,24,25,26,28]; c1:bw=134,experts=[0,1,2,4,5,6,9,10,11,13,18,24,26]; c3:bw=93,experts=[4,5,6,9,13,18,24,26,28]; c6:bw=194,experts=[0,1,2,4,5,6,8,9,10,11,12,13,18,21,23,24,25,26,28]; c0:bw=119,experts=[0,2,4,5,6,10,13,18,24,25,26]; c2:bw=157,experts=[0,2,4,5,6,9,10,12,13,18,21,23,24,26,28]; c9:bw=219,experts=[0,1,2,4,5,6,8,9,10,11,12,13,15,16,18,24,25,26,27,28,30]; c7:bw=215,experts=[0,1,2,4,5,6,8,9,10,11,12,13,14,18,20,21,22,23,24,26,28]; c8:bw=33,experts=[4,6,26]","8.5180,7.7865,5.5548,6.4601,8.3152,6.0121,4.9130,4.7056,5.8937,6.7642"
68,2026-09-23 17:21:38,Ours,0.01,1.4605414213023669,62.43,62.82,67,71.5045,1:11.50,65.2755,4.8548,1.3725,4769.1579,1:19:29.16,10,"1,8,2,0,3,4,5,9,7,6",1:153;8:114;2:214;0:110;3:94;4:180;5:163;9:57;7:102;6:116,"1:[0,1,2,4,5,6,9,10,12,13,18,21,24,26,28];8:[0,4,5,6,9,13,18,21,24,26,28];2:[0,1,2,3,4,5,6,8,10,11,12,13,15,16,18,21,24,25,26,27,28];0:[0,2,4,5,6,9,13,18,24,26,28];3:[0,2,4,5,6,13,18,24,26];4:[0,2,4,5,6,9,10,11,13,15,18,21,23,24,25,26,28,30];5:[0,2,3,4,5,6,9,13,17,18,21,24,25,26,28,29];9:[4,5,6,18,26];7:[0,4,5,6,9,13,18,24,26,28];6:[0,2,4,5,6,9,13,18,24,26,28]","c1:bw=153,experts=[0,1,2,4,5,6,9,10,12,13,18,21,24,26,28]; c8:bw=114,experts=[0,4,5,6,9,13,18,21,24,26,28]; c2:bw=214,experts=[0,1,2,3,4,5,6,8,10,11,12,13,15,16,18,21,24,25,26,27,28]; c0:bw=110,experts=[0,2,4,5,6,9,13,18,24,26,28]; c3:bw=94,experts=[0,2,4,5,6,13,18,24,26]; c4:bw=180,experts=[0,2,4,5,6,9,10,11,13,15,18,21,23,24,25,26,28,30]; c5:bw=163,experts=[0,2,3,4,5,6,9,13,17,18,21,24,25,26,28,29]; c9:bw=57,experts=[4,5,6,18,26]; c7:bw=102,experts=[0,4,5,6,9,13,18,24,26,28]; c6:bw=116,experts=[0,2,4,5,6,9,13,18,24,26,28]","5.5870,6.8157,5.1294,6.0096,6.4681,8.5039,7.7543,4.7077,5.9691,8.3306"
69,2026-09-23 17:22:51,Ours,0.01,1.459173338128577,62.97,62.97,69,72.8744,1:12.87,66.0832,5.4546,1.3347,4842.0634,1:20:42.06,10,"3,7,1,4,9,5,0,2,8,6",3:152;7:214;1:115;4:152;9:130;5:145;0:192;2:243;8:154;6:96,"3:[0,4,5,6,8,9,11,13,14,18,21,23,24,26,28];7:[0,1,2,4,5,6,8,9,10,11,12,13,14,18,21,22,23,24,25,26,28];1:[0,4,5,6,9,13,18,21,24,26,28];4:[0,2,4,5,6,9,11,13,18,21,23,24,25,26,28];9:[0,3,4,5,6,9,13,18,21,24,25,26,28];5:[0,2,4,5,6,9,11,13,14,18,21,24,26,28];0:[0,2,4,5,6,9,10,11,12,13,14,18,20,21,23,24,25,26,28];2:[0,1,2,4,5,6,8,9,10,11,12,13,15,16,18,21,22,23,24,25,26,27,28,30];8:[0,2,4,5,6,9,11,13,14,18,21,23,24,26,28];6:[4,5,6,9,13,15,18,24,26]","c3:bw=152,experts=[0,4,5,6,8,9,11,13,14,18,21,23,24,26,28]; c7:bw=214,experts=[0,1,2,4,5,6,8,9,10,11,12,13,14,18,21,22,23,24,25,26,28]; c1:bw=115,experts=[0,4,5,6,9,13,18,21,24,26,28]; c4:bw=152,experts=[0,2,4,5,6,9,11,13,18,21,23,24,25,26,28]; c9:bw=130,experts=[0,3,4,5,6,9,13,18,21,24,25,26,28]; c5:bw=145,experts=[0,2,4,5,6,9,11,13,14,18,21,24,26,28]; c0:bw=192,experts=[0,2,4,5,6,9,10,11,12,13,14,18,20,21,23,24,25,26,28]; c2:bw=243,experts=[0,1,2,4,5,6,8,9,10,11,12,13,15,16,18,21,22,23,24,25,26,27,28,30]; c8:bw=154,experts=[0,2,4,5,6,9,11,13,14,18,21,23,24,26,28]; c6:bw=96,experts=[4,5,6,9,13,15,18,24,26]","6.5100,5.9576,5.5589,8.5710,4.8059,8.1076,6.4643,4.9425,6.8037,8.3618"
70,2026-09-23 17:24:02,Ours,0.01,1.4560040858503025,62.99,62.99,70,70.8314,1:10.83,64.8815,4.6058,1.3393,4912.9259,1:21:52.93,10,"1,9,7,3,0,6,2,4,5,8",1:89;9:10;7:103;3:116;0:110;6:94;2:202;4:212;5:83;8:176,"1:[4,5,6,9,13,18,24,26];9:[4];7:[0,2,4,5,6,9,13,18,24,26];3:[0,4,5,6,9,13,18,21,24,26,28];0:[0,2,4,5,6,9,13,18,24,26,28];6:[2,4,5,6,13,18,24,26,28];2:[0,1,2,4,5,6,8,9,10,11,12,13,18,21,23,24,25,26,27,28];4:[0,2,4,5,6,8,9,10,11,12,13,14,18,19,21,22,23,24,25,26,28];5:[0,1,2,4,6,13,24,26];8:[0,1,2,4,5,6,8,9,10,11,12,13,18,21,24,26,28]","c1:bw=89,experts=[4,5,6,9,13,18,24,26]; c9:bw=10,experts=[4]; c7:bw=103,experts=[0,2,4,5,6,9,13,18,24,26]; c3:bw=116,experts=[0,4,5,6,9,13,18,21,24,26,28]; c0:bw=110,experts=[0,2,4,5,6,9,13,18,24,26,28]; c6:bw=94,experts=[2,4,5,6,13,18,24,26,28]; c2:bw=202,experts=[0,1,2,4,5,6,8,9,10,11,12,13,18,21,23,24,25,26,27,28]; c4:bw=212,experts=[0,2,4,5,6,8,9,10,11,12,13,14,18,19,21,22,23,24,25,26,28]; c5:bw=83,experts=[0,1,2,4,6,13,24,26]; c8:bw=176,experts=[0,1,2,4,5,6,8,9,10,11,12,13,18,21,24,26,28]","5.5590,4.6922,5.9249,6.4648,6.0309,8.3235,4.9396,8.4506,7.7101,6.7857"
71,2026-09-23 17:25:14,Ours,0.01,1.4472967552757612,63.61,63.61,71,71.8331,1:11.83,65.3196,5.1523,1.3592,4984.7913,1:23:04.79,10,"4,0,1,9,7,5,3,6,8,2",4:155;0:59;1:191;9:147;7:75;5:123;3:226;6:182;8:141;2:222,"4:[0,1,2,4,5,6,9,10,11,13,18,23,24,26,28];0:[2,4,6,13,26];1:[0,1,2,4,5,6,8,9,10,11,12,13,18,21,23,24,25,26,28];9:[0,2,4,5,6,8,9,13,18,21,24,25,26,28];7:[0,4,5,6,13,18,26];5:[0,1,2,4,5,6,13,18,24,26,27,30];3:[0,1,2,4,5,6,8,9,10,11,12,13,14,15,16,18,21,23,24,26,27,28];6:[0,1,2,4,5,6,8,10,11,12,13,18,21,23,24,25,26,28];8:[0,1,2,4,5,6,10,11,12,13,18,24,26,28];2:[0,1,2,4,5,6,8,9,10,11,12,13,14,18,20,21,23,24,25,26,27,28]","c4:bw=155,experts=[0,1,2,4,5,6,9,10,11,13,18,23,24,26,28]; c0:bw=59,experts=[2,4,6,13,26]; c1:bw=191,experts=[0,1,2,4,5,6,8,9,10,11,12,13,18,21,23,24,25,26,28]; c9:bw=147,experts=[0,2,4,5,6,8,9,13,18,21,24,25,26,28]; c7:bw=75,experts=[0,4,5,6,13,18,26]; c5:bw=123,experts=[0,1,2,4,5,6,13,18,24,26,27,30]; c3:bw=226,experts=[0,1,2,4,5,6,8,9,10,11,12,13,14,15,16,18,21,23,24,26,27,28]; c6:bw=182,experts=[0,1,2,4,5,6,8,10,11,12,13,18,21,23,24,25,26,28]; c8:bw=141,experts=[0,1,2,4,5,6,10,11,12,13,18,24,26,28]; c2:bw=222,experts=[0,1,2,4,5,6,8,9,10,11,12,13,14,18,20,21,23,24,25,26,27,28]","8.5214,6.0568,5.5855,4.7120,5.9571,7.7625,6.5184,8.3774,6.8462,4.9824"
72,2026-09-23 17:26:25,Ours,0.01,1.4462985587027182,62.89,63.61,71,71.2354,1:11.24,65.1763,4.7274,1.3299,5056.0593,1:24:16.06,10,"8,1,5,7,6,0,3,2,9,4",8:109;1:145;5:158;7:177;6:70;0:191;3:84;2:84;9:139;4:144,"8:[0,4,5,6,9,13,18,24,26,28];1:[0,2,4,5,6,9,10,13,18,21,24,26,28,29];5:[0,1,2,4,5,6,10,11,12,13,18,23,24,26,28];7:[0,1,2,4,5,6,8,10,11,12,13,18,23,24,25,26,28];6:[4,5,6,13,18,24,26];0:[0,1,2,4,5,6,9,10,11,12,13,16,18,21,23,24,25,26,28];3:[2,4,5,6,13,18,24,26];2:[2,4,5,6,13,18,24,26];9:[0,1,2,4,5,6,9,13,18,24,25,26,28];4:[0,2,4,5,6,9,11,13,14,18,21,24,26,28]","c8:bw=109,experts=[0,4,5,6,9,13,18,24,26,28]; c1:bw=145,experts=[0,2,4,5,6,9,10,13,18,21,24,26,28,29]; c5:bw=158,experts=[0,1,2,4,5,6,10,11,12,13,18,23,24,26,28]; c7:bw=177,experts=[0,1,2,4,5,6,8,10,11,12,13,18,23,24,25,26,28]; c6:bw=70,experts=[4,5,6,13,18,24,26]; c0:bw=191,experts=[0,1,2,4,5,6,9,10,11,12,13,16,18,21,23,24,25,26,28]; c3:bw=84,experts=[2,4,5,6,13,18,24,26]; c2:bw=84,experts=[2,4,5,6,13,18,24,26]; c9:bw=139,experts=[0,1,2,4,5,6,9,13,18,24,25,26,28]; c4:bw=144,experts=[0,2,4,5,6,9,11,13,14,18,21,24,26,28]","6.8305,5.6060,7.7784,5.9513,8.3566,6.0426,6.5317,4.9145,4.6787,8.4860"
73,2026-09-23 17:27:38,Ours,0.01,1.4394731910087402,63.51,63.61,71,72.3228,1:12.32,66.1525,4.8313,1.3372,5128.4133,1:25:28.41,10,"2,8,3,1,5,9,0,7,6,4",2:173;8:39;3:145;1:242;5:62;9:190;0:103;7:135;6:73;4:150,"2:[0,2,4,5,6,9,10,11,12,13,14,18,21,23,24,26,28];8:[4,6,26];3:[0,2,4,5,6,9,11,13,14,18,21,24,26,28];1:[0,1,2,4,5,6,8,9,10,11,12,13,14,18,19,20,21,22,23,24,25,26,28,31];5:[4,5,6,13,18,26];9:[0,1,2,4,5,6,8,9,10,11,12,13,18,21,23,24,25,26,28];0:[0,2,4,5,6,9,13,18,24,26];7:[0,2,4,5,6,9,11,13,18,21,24,26,28];6:[4,5,6,9,13,18,26];4:[0,1,2,4,5,6,10,11,12,13,18,24,26,28,29]","c2:bw=173,experts=[0,2,4,5,6,9,10,11,12,13,14,18,21,23,24,26,28]; c8:bw=39,experts=[4,6,26]; c3:bw=145,experts=[0,2,4,5,6,9,11,13,14,18,21,24,26,28]; c1:bw=242,experts=[0,1,2,4,5,6,8,9,10,11,12,13,14,18,19,20,21,22,23,24,25,26,28,31]; c5:bw=62,experts=[4,5,6,13,18,26]; c9:bw=190,experts=[0,1,2,4,5,6,8,9,10,11,12,13,18,21,23,24,25,26,28]; c0:bw=103,experts=[0,2,4,5,6,9,13,18,24,26]; c7:bw=135,experts=[0,2,4,5,6,9,11,13,18,21,24,26,28]; c6:bw=73,experts=[4,5,6,9,13,18,26]; c4:bw=150,experts=[0,1,2,4,5,6,10,11,12,13,18,24,26,28,29]","5.0171,6.9456,6.8887,5.8033,7.7156,4.7230,6.0670,5.9885,8.4792,8.5245"
74,2026-09-23 17:28:49,Ours,0.01,1.4342618660257964,63.36,63.61,71,71.0912,1:11.09,65.1737,4.5857,1.3302,5199.5371,1:26:39.54,10,"3,0,1,5,7,8,6,2,4,9",3:26;0:146;1:101;5:184;7:238;8:104;6:30;2:21;4:172;9:117,"3:[4,6];0:[0,1,2,4,5,6,10,12,13,18,24,25,26,28];1:[0,4,5,6,9,13,18,24,26,28];5:[0,1,2,4,5,6,8,10,11,12,13,15,18,21,23,24,26,28];7:[0,1,2,4,5,6,8,9,10,11,12,13,14,16,18,19,20,21,23,24,25,26,28];8:[0,2,4,5,6,13,18,24,26,28];6:[3,4,6];2:[4,6];4:[0,1,2,4,5,6,10,11,12,13,15,18,23,24,25,26,28];9:[0,2,4,5,6,9,10,13,18,24,26]","c3:bw=26,experts=[4,6]; c0:bw=146,experts=[0,1,2,4,5,6,10,12,13,18,24,25,26,28]; c1:bw=101,experts=[0,4,5,6,9,13,18,24,26,28]; c5:bw=184,experts=[0,1,2,4,5,6,8,10,11,12,13,15,18,21,23,24,26,28]; c7:bw=238,experts=[0,1,2,4,5,6,8,9,10,11,12,13,14,16,18,19,20,21,23,24,25,26,28]; c8:bw=104,experts=[0,2,4,5,6,13,18,24,26,28]; c6:bw=30,experts=[3,4,6]; c2:bw=21,experts=[4,6]; c4:bw=172,experts=[0,1,2,4,5,6,10,11,12,13,15,18,23,24,25,26,28]; c9:bw=117,experts=[0,2,4,5,6,9,10,13,18,24,26]","6.4897,6.0628,5.5624,7.8245,6.0099,6.8327,8.2767,4.8995,8.5070,4.7083"
75,2026-09-23 17:30:01,Ours,0.01,1.4276063599476292,63.59,63.61,71,71.9712,1:11.97,65.3286,5.2811,1.3596,5271.5405,1:27:51.54,10,"2,9,1,3,7,6,5,4,0,8",2:145;9:223;1:198;3:72;7:104;6:204;5:114;4:207;0:222;8:195,"2:[0,2,4,5,6,9,11,13,14,18,21,24,26,28];9:[0,1,2,4,5,6,8,9,10,11,12,13,14,18,21,23,24,25,26,27,28,30];1:[0,1,2,4,5,6,8,9,10,11,12,13,18,21,23,24,25,26,28];3:[4,5,6,13,18,24,26];7:[0,2,4,5,6,9,13,18,24,26];6:[0,1,2,4,5,6,8,9,10,11,12,13,14,18,21,23,24,25,26,28];5:[0,4,5,6,9,13,14,18,24,26,28];4:[0,1,2,4,5,6,8,9,10,11,12,13,16,18,21,23,24,25,26,28];0:[0,1,2,4,5,6,8,9,10,11,12,13,14,16,18,21,23,24,25,26,27,28];8:[0,1,2,4,5,6,8,9,10,11,12,13,18,21,23,24,25,26,28]","c2:bw=145,experts=[0,2,4,5,6,9,11,13,14,18,21,24,26,28]; c9:bw=223,experts=[0,1,2,4,5,6,8,9,10,11,12,13,14,18,21,23,24,25,26,27,28,30]; c1:bw=198,experts=[0,1,2,4,5,6,8,9,10,11,12,13,18,21,23,24,25,26,28]; c3:bw=72,experts=[4,5,6,13,18,24,26]; c7:bw=104,experts=[0,2,4,5,6,9,13,18,24,26]; c6:bw=204,experts=[0,1,2,4,5,6,8,9,10,11,12,13,14,18,21,23,24,25,26,28]; c5:bw=114,experts=[0,4,5,6,9,13,14,18,24,26,28]; c4:bw=207,experts=[0,1,2,4,5,6,8,9,10,11,12,13,16,18,21,23,24,25,26,28]; c0:bw=222,experts=[0,1,2,4,5,6,8,9,10,11,12,13,14,16,18,21,23,24,25,26,27,28]; c8:bw=195,experts=[0,1,2,4,5,6,8,9,10,11,12,13,18,21,23,24,25,26,28]","4.9871,4.7217,5.5644,6.5131,5.9805,8.3666,7.7722,8.5281,6.0540,6.8408"
76,2026-09-23 17:31:12,Ours,0.01,1.4208873044486436,63.93,63.93,76,71.6665,1:11.67,65.2705,5.0427,1.3509,5343.2409,1:29:03.24,10,"8,5,0,3,2,6,7,4,9,1",8:105;5:136;0:114;3:54;2:91;6:86;7:244;4:221;9:210;1:196,"8:[0,1,2,4,5,6,13,18,24,26];5:[0,4,5,6,9,11,13,14,18,21,24,26,28];0:[0,4,5,6,9,13,18,21,24,26,28];3:[4,5,6,13,26];2:[2,4,5,6,10,13,18,24,26];6:[4,5,6,9,13,18,24,26];7:[0,1,2,4,5,6,8,9,10,11,12,13,14,16,18,19,20,21,22,23,24,25,26,28];4:[0,1,2,4,5,6,8,9,10,11,12,13,14,18,20,21,22,23,24,25,26,28];9:[0,2,4,5,6,9,10,11,12,13,14,18,19,20,21,22,23,24,25,26,28];1:[0,1,2,4,5,6,8,9,10,11,12,13,16,18,21,23,24,26,28]","c8:bw=105,experts=[0,1,2,4,5,6,13,18,24,26]; c5:bw=136,experts=[0,4,5,6,9,11,13,14,18,21,24,26,28]; c0:bw=114,experts=[0,4,5,6,9,13,18,21,24,26,28]; c3:bw=54,experts=[4,5,6,13,26]; c2:bw=91,experts=[2,4,5,6,10,13,18,24,26]; c6:bw=86,experts=[4,5,6,9,13,18,24,26]; c7:bw=244,experts=[0,1,2,4,5,6,8,9,10,11,12,13,14,16,18,19,20,21,22,23,24,25,26,28]; c4:bw=221,experts=[0,1,2,4,5,6,8,9,10,11,12,13,14,18,20,21,22,23,24,25,26,28]; c9:bw=210,experts=[0,2,4,5,6,9,10,11,12,13,14,18,19,20,21,22,23,24,25,26,28]; c1:bw=196,experts=[0,1,2,4,5,6,8,9,10,11,12,13,16,18,21,23,24,26,28]","6.8764,7.7981,6.0114,6.5301,4.9434,8.3178,5.9514,8.4957,4.7618,5.5843"
77,2026-09-23 17:32:25,Ours,0.01,1.4190406601659369,64.12,64.12,77,72.2339,1:12.23,66.0495,4.829,1.3534,5415.5094,1:30:15.51,10,"9,2,1,8,4,7,6,0,3,5",9:106;2:126;1:229;8:10;4:16;7:31;6:209;0:232;3:148;5:217,"9:[0,1,2,4,5,6,13,18,24,26];2:[0,2,4,5,6,10,12,13,18,24,26,28];1:[0,1,2,4,5,6,8,9,10,11,12,13,14,18,20,21,22,23,24,25,26,28];8:[4];4:[4];7:[4,6,26];6:[0,1,2,4,5,6,8,9,10,11,12,13,14,18,20,21,23,24,26,28];0:[0,1,2,3,4,5,6,8,9,10,11,12,13,14,15,17,18,21,23,24,25,26,28];3:[0,2,3,4,5,6,9,11,13,18,21,24,26,28];5:[0,1,2,4,5,6,8,9,10,11,12,13,14,18,20,21,23,24,25,26,28]","c9:bw=106,experts=[0,1,2,4,5,6,13,18,24,26]; c2:bw=126,experts=[0,2,4,5,6,10,12,13,18,24,26,28]; c1:bw=229,experts=[0,1,2,4,5,6,8,9,10,11,12,13,14,18,20,21,22,23,24,25,26,28]; c8:bw=10,experts=[4]; c4:bw=16,experts=[4]; c7:bw=31,experts=[4,6,26]; c6:bw=209,experts=[0,1,2,4,5,6,8,9,10,11,12,13,14,18,20,21,23,24,26,28]; c0:bw=232,experts=[0,1,2,3,4,5,6,8,9,10,11,12,13,14,15,17,18,21,23,24,25,26,28]; c3:bw=148,experts=[0,2,3,4,5,6,9,11,13,18,21,24,26,28]; c5:bw=217,experts=[0,1,2,4,5,6,8,9,10,11,12,13,14,18,20,21,23,24,25,26,28]","4.8642,5.0296,5.5670,6.7441,9.1713,5.9698,8.3111,6.0536,6.5570,7.7818"
78,2026-09-23 17:33:36,Ours,0.01,1.412223250816839,64.33,64.33,78,71.6345,1:11.63,65.2636,5.032,1.3369,5487.1779,1:31:27.18,10,"0,4,3,7,8,1,9,6,5,2",0:97;4:84;3:138;7:133;8:197;1:149;9:113;6:211;5:231;2:126,"0:[0,2,4,5,6,13,18,24,26];4:[4,5,6,9,13,18,24,26];3:[0,2,4,5,6,9,10,11,13,18,24,26,28];7:[0,1,2,4,5,6,10,11,12,13,18,24,26];8:[0,2,4,5,6,8,9,10,11,12,13,14,18,21,22,23,24,26,28];1:[0,2,4,5,6,9,10,12,13,18,21,24,26,28];9:[0,2,4,5,6,13,18,24,25,26,28];6:[0,1,2,4,5,6,8,9,10,11,12,13,14,18,21,23,24,25,26,28,30];5:[0,1,2,4,5,6,8,9,10,11,12,13,14,16,18,20,21,22,23,24,25,26,28];2:[0,4,5,6,9,11,13,18,21,24,26,28]","c0:bw=97,experts=[0,2,4,5,6,13,18,24,26]; c4:bw=84,experts=[4,5,6,9,13,18,24,26]; c3:bw=138,experts=[0,2,4,5,6,9,10,11,13,18,24,26,28]; c7:bw=133,experts=[0,1,2,4,5,6,10,11,12,13,18,24,26]; c8:bw=197,experts=[0,2,4,5,6,8,9,10,11,12,13,14,18,21,22,23,24,26,28]; c1:bw=149,experts=[0,2,4,5,6,9,10,12,13,18,21,24,26,28]; c9:bw=113,experts=[0,2,4,5,6,13,18,24,25,26,28]; c6:bw=211,experts=[0,1,2,4,5,6,8,9,10,11,12,13,14,18,21,23,24,25,26,28,30]; c5:bw=231,experts=[0,1,2,4,5,6,8,9,10,11,12,13,14,16,18,20,21,22,23,24,25,26,28]; c2:bw=126,experts=[0,4,5,6,9,11,13,18,21,24,26,28]","6.0939,8.5154,6.5368,5.9366,6.7986,5.5707,4.7321,8.3717,7.7713,4.9365"
79,2026-09-23 17:34:48,Ours,0.01,1.4056048325518988,64.78,64.78,79,71.6775,1:11.68,65.1645,5.1779,1.3332,5558.8894,1:32:38.89,10,"6,9,0,4,7,8,5,3,1,2",6:77;9:34;0:131;4:311;7:168;8:163;5:195;3:96;1:136;2:122,"6:[4,5,6,13,18,24,26];9:[4,6,26];0:[0,2,4,5,6,9,10,13,18,24,25,26,28];4:[0,1,2,3,4,5,6,7,8,9,10,11,12,13,14,15,16,18,19,20,21,22,23,24,25,26,27,28,29,30,31];7:[0,2,4,5,6,9,10,12,13,18,21,24,25,26,28,30];8:[0,2,4,5,6,8,9,10,11,12,13,18,21,24,26,28];5:[0,1,2,4,5,6,9,10,11,12,13,14,18,20,21,23,24,26,28];3:[2,4,5,6,13,18,24,26,30];1:[0,2,4,5,6,9,11,13,18,21,24,26,28];2:[0,1,2,4,5,6,10,12,13,18,24,26]","c6:bw=77,experts=[4,5,6,13,18,24,26]; c9:bw=34,experts=[4,6,26]; c0:bw=131,experts=[0,2,4,5,6,9,10,13,18,24,25,26,28]; c4:bw=311,experts=[0,1,2,3,4,5,6,7,8,9,10,11,12,13,14,15,16,18,19,20,21,22,23,24,25,26,27,28,29,30,31]; c7:bw=168,experts=[0,2,4,5,6,9,10,12,13,18,21,24,25,26,28,30]; c8:bw=163,experts=[0,2,4,5,6,8,9,10,11,12,13,18,21,24,26,28]; c5:bw=195,experts=[0,1,2,4,5,6,9,10,11,12,13,14,18,20,21,23,24,26,28]; c3:bw=96,experts=[2,4,5,6,13,18,24,26,30]; c1:bw=136,experts=[0,2,4,5,6,9,11,13,18,21,24,26,28]; c2:bw=122,experts=[0,1,2,4,5,6,10,12,13,18,24,26]","8.3843,4.7181,6.0378,8.4908,5.9519,6.7914,7.7595,6.5268,5.5495,4.9545"
80,2026-09-23 17:36:00,Ours,0.01,1.4015076389377517,64.33,64.78,79,72.127,1:12.13,65.3165,5.4556,1.3529,5631.0517,1:33:51.05,10,"5,9,7,1,3,4,2,0,6,8",5:240;9:193;7:174;1:112;3:115;4:210;2:160;0:174;6:144;8:187,"5:[0,1,2,4,5,6,8,9,10,11,12,13,15,16,18,21,22,23,24,25,26,27,28,30];9:[0,1,2,4,5,6,9,10,11,12,13,14,18,20,21,24,25,26,28];7:[0,2,4,5,6,9,10,11,12,13,14,18,21,24,25,26,28];1:[0,4,5,6,9,13,18,21,24,26,28];3:[0,1,2,4,5,6,12,13,18,24,26];4:[0,1,2,4,5,6,8,9,10,11,12,13,16,18,21,23,24,25,26,28,30];2:[0,2,4,5,6,9,10,11,12,13,18,21,24,25,26,28];0:[0,2,4,5,6,9,10,11,13,14,18,20,21,23,24,26,28];6:[0,1,2,4,5,6,9,10,11,12,13,18,24,26];8:[0,1,2,4,5,6,9,10,11,12,13,14,18,20,21,24,26,28]","c5:bw=240,experts=[0,1,2,4,5,6,8,9,10,11,12,13,15,16,18,21,22,23,24,25,26,27,28,30]; c9:bw=193,experts=[0,1,2,4,5,6,9,10,11,12,13,14,18,20,21,24,25,26,28]; c7:bw=174,experts=[0,2,4,5,6,9,10,11,12,13,14,18,21,24,25,26,28]; c1:bw=112,experts=[0,4,5,6,9,13,18,21,24,26,28]; c3:bw=115,experts=[0,1,2,4,5,6,12,13,18,24,26]; c4:bw=210,experts=[0,1,2,4,5,6,8,9,10,11,12,13,16,18,21,23,24,25,26,28,30]; c2:bw=160,experts=[0,2,4,5,6,9,10,11,12,13,18,21,24,25,26,28]; c0:bw=174,experts=[0,2,4,5,6,9,10,11,13,14,18,20,21,23,24,26,28]; c6:bw=144,experts=[0,1,2,4,5,6,9,10,11,12,13,18,24,26]; c8:bw=187,experts=[0,1,2,4,5,6,9,10,11,12,13,14,18,20,21,24,26,28]","7.7921,4.7559,5.9994,5.5746,6.5124,8.4938,4.9239,6.0696,8.3834,6.8114"
81,2026-09-23 17:37:12,Ours,0.01,1.39631817176083,64.9,64.9,81,72.2069,1:12.21,65.473,5.3873,1.3446,5703.2921,1:35:03.29,10,"6,2,3,1,4,5,9,7,8,0",6:188;2:165;3:245;1:181;4:154;5:111;9:97;7:212;8:175;0:184,"6:[0,1,2,4,5,6,8,9,10,11,12,13,18,21,23,24,26,28];2:[0,1,2,4,5,6,9,10,11,12,13,18,21,24,26,28];3:[0,1,2,4,5,6,8,9,10,11,12,13,14,18,19,20,21,22,23,24,25,26,28,31];1:[0,1,2,4,5,6,9,10,11,12,13,14,18,21,23,24,26,28];4:[0,1,2,4,5,6,10,11,12,13,18,23,24,26,28];5:[0,4,5,6,9,11,13,18,24,26,28];9:[0,2,4,5,6,9,13,18,26];7:[0,1,2,4,5,6,8,9,10,11,12,13,14,18,20,21,23,24,25,26,28];8:[0,1,2,4,5,6,9,10,11,13,14,18,21,23,24,26,28];0:[0,1,2,4,5,6,9,11,12,13,16,18,21,23,24,25,26,28]","c6:bw=188,experts=[0,1,2,4,5,6,8,9,10,11,12,13,18,21,23,24,26,28]; c2:bw=165,experts=[0,1,2,4,5,6,9,10,11,12,13,18,21,24,26,28]; c3:bw=245,experts=[0,1,2,4,5,6,8,9,10,11,12,13,14,18,19,20,21,22,23,24,25,26,28,31]; c1:bw=181,experts=[0,1,2,4,5,6,9,10,11,12,13,14,18,21,23,24,26,28]; c4:bw=154,experts=[0,1,2,4,5,6,10,11,12,13,18,23,24,26,28]; c5:bw=111,experts=[0,4,5,6,9,11,13,18,24,26,28]; c9:bw=97,experts=[0,2,4,5,6,9,13,18,26]; c7:bw=212,experts=[0,1,2,4,5,6,8,9,10,11,12,13,14,18,20,21,23,24,25,26,28]; c8:bw=175,experts=[0,1,2,4,5,6,9,10,11,13,14,18,21,23,24,26,28]; c0:bw=184,experts=[0,1,2,4,5,6,9,11,12,13,16,18,21,23,24,25,26,28]","8.4610,4.9871,6.5547,5.5772,8.4812,7.7762,4.7734,5.9687,6.8164,6.0768"
82,2026-09-23 17:38:24,Ours,0.01,1.392703219362619,64.71,64.9,81,71.8256,1:11.83,65.2731,5.2049,1.3456,5775.1519,1:36:15.15,10,"1,0,6,8,7,3,2,9,5,4",1:235;0:110;6:134;8:212;7:146;3:144;2:109;9:204;5:147;4:108,"1:[0,2,4,5,6,8,9,10,11,12,13,14,18,19,20,21,22,23,24,25,26,28,31];0:[0,2,4,5,6,10,13,18,24,26,28];6:[1,2,4,5,6,11,12,13,16,18,22,24,26];8:[0,1,2,4,5,6,8,9,10,11,12,13,15,16,18,21,24,25,26,27,28];7:[0,2,4,5,6,9,11,13,14,18,21,24,26,28];3:[0,1,2,4,5,6,10,11,13,18,21,24,26,28];2:[0,4,5,6,9,13,18,19,24,26];9:[0,1,2,4,5,6,8,9,10,11,12,13,14,16,18,21,24,25,26,28];5:[0,4,5,6,9,11,13,14,18,21,23,24,26,28];4:[0,2,4,5,6,13,18,24,26,28]","c1:bw=235,experts=[0,2,4,5,6,8,9,10,11,12,13,14,18,19,20,21,22,23,24,25,26,28,31]; c0:bw=110,experts=[0,2,4,5,6,10,13,18,24,26,28]; c6:bw=134,experts=[1,2,4,5,6,11,12,13,16,18,22,24,26]; c8:bw=212,experts=[0,1,2,4,5,6,8,9,10,11,12,13,15,16,18,21,24,25,26,27,28]; c7:bw=146,experts=[0,2,4,5,6,9,11,13,14,18,21,24,26,28]; c3:bw=144,experts=[0,1,2,4,5,6,10,11,13,18,21,24,26,28]; c2:bw=109,experts=[0,4,5,6,9,13,18,19,24,26]; c9:bw=204,experts=[0,1,2,4,5,6,8,9,10,11,12,13,14,16,18,21,24,25,26,28]; c5:bw=147,experts=[0,4,5,6,9,11,13,14,18,21,23,24,26,28]; c4:bw=108,experts=[0,2,4,5,6,13,18,24,26,28]","5.5806,6.1064,8.3672,6.8577,5.9373,6.5767,4.9515,4.7005,7.7178,8.4773"
83,2026-09-23 17:39:36,Ours,0.01,1.387955128413221,65.15,65.15,83,71.3222,1:11.32,65.2609,4.7039,1.3557,5846.5091,1:37:26.51,10,"9,4,2,7,5,0,6,1,8,3",9:189;4:37;2:150;7:137;5:10;0:10;6:193;1:232;8:144;3:155,"9:[0,1,2,4,5,6,8,9,10,12,13,18,20,21,24,25,26,28];4:[4,6,26];2:[0,2,4,5,6,9,10,12,13,18,21,23,24,26,28];7:[0,1,2,4,5,6,9,10,12,13,18,24,26];5:[4];0:[4];6:[0,1,2,4,5,6,9,10,11,12,13,14,18,21,23,24,25,26,28];1:[0,1,2,4,5,6,8,9,10,11,12,13,14,15,16,18,21,23,24,25,26,27,28];8:[0,1,2,4,5,6,9,11,12,13,18,24,26,28];3:[0,2,4,5,6,9,11,13,14,18,21,23,24,26,28]","c9:bw=189,experts=[0,1,2,4,5,6,8,9,10,12,13,18,20,21,24,25,26,28]; c4:bw=37,experts=[4,6,26]; c2:bw=150,experts=[0,2,4,5,6,9,10,12,13,18,21,23,24,26,28]; c7:bw=137,experts=[0,1,2,4,5,6,9,10,12,13,18,24,26]; c5:bw=10,experts=[4]; c0:bw=10,experts=[4]; c6:bw=193,experts=[0,1,2,4,5,6,9,10,11,12,13,14,18,21,23,24,25,26,28]; c1:bw=232,experts=[0,1,2,4,5,6,8,9,10,11,12,13,14,15,16,18,21,23,24,25,26,27,28]; c8:bw=144,experts=[0,1,2,4,5,6,9,11,12,13,18,24,26,28]; c3:bw=155,experts=[0,2,4,5,6,9,11,13,14,18,21,23,24,26,28]","4.7741,8.4926,4.9279,5.9623,7.7466,6.0180,8.3966,5.5616,6.8399,6.5414"
84,2026-09-23 17:40:47,Ours,0.01,1.378152819197629,65.11,65.15,83,71.3323,1:11.33,65.3377,4.6437,1.3492,5917.876,1:38:37.88,10,"8,3,1,6,9,2,7,5,4,0",8:245;3:118;1:213;6:13;9:75;2:134;7:172;5:73;4:100;0:37,"8:[0,1,2,4,5,6,8,9,10,11,12,13,14,15,16,18,21,23,24,25,26,27,28,30];3:[0,2,4,5,6,10,13,18,24,26,28];1:[0,1,2,4,5,6,8,10,11,12,13,15,16,18,23,24,25,26,27,28,30];6:[4];9:[4,5,6,13,18,24,26];2:[0,2,4,5,6,9,10,12,13,18,24,26,28];7:[0,4,5,6,8,9,10,11,13,14,18,20,21,23,24,26,28];5:[2,4,5,6,13,18,26];4:[0,1,2,4,5,6,13,18,24,26];0:[4,6,26]","c8:bw=245,experts=[0,1,2,4,5,6,8,9,10,11,12,13,14,15,16,18,21,23,24,25,26,27,28,30]; c3:bw=118,experts=[0,2,4,5,6,10,13,18,24,26,28]; c1:bw=213,experts=[0,1,2,4,5,6,8,10,11,12,13,15,16,18,23,24,25,26,27,28,30]; c6:bw=13,experts=[4]; c9:bw=75,experts=[4,5,6,13,18,24,26]; c2:bw=134,experts=[0,2,4,5,6,9,10,12,13,18,24,26,28]; c7:bw=172,experts=[0,4,5,6,8,9,10,11,13,14,18,20,21,23,24,26,28]; c5:bw=73,experts=[2,4,5,6,13,18,26]; c4:bw=100,experts=[0,1,2,4,5,6,13,18,24,26]; c0:bw=37,experts=[4,6,26]","6.8682,6.5694,5.6407,8.3129,4.7296,4.9250,5.9906,7.7752,8.5164,6.0096"
85,2026-09-23 17:41:59,Ours,0.01,1.3795619446726564,65.16,65.16,85,71.9482,1:11.95,65.336,5.261,1.3493,5989.8595,1:39:49.86,10,"0,2,8,6,1,4,9,3,5,7",0:140;2:166;8:257;6:154;1:208;4:154;9:211;3:188;5:45;7:42,"0:[0,1,2,4,5,6,10,12,13,18,24,25,26,28];2:[0,1,2,4,5,6,10,11,12,13,18,24,25,26,27,28];8:[0,1,2,4,5,6,8,9,10,11,12,13,14,15,16,17,18,21,23,24,25,26,27,28,30];6:[0,1,2,4,5,6,9,10,11,13,18,21,24,26,28];1:[0,1,2,4,5,6,8,9,10,11,12,13,16,18,21,23,24,25,26,28];4:[0,2,4,5,6,9,11,13,14,18,21,23,24,26,28];9:[0,1,2,4,5,6,8,9,10,11,12,13,18,19,20,21,23,24,25,26,28];3:[0,2,4,5,6,8,9,10,11,13,14,18,20,21,23,24,26,28];5:[4,5,6,26];7:[4,5,6,26]","c0:bw=140,experts=[0,1,2,4,5,6,10,12,13,18,24,25,26,28]; c2:bw=166,experts=[0,1,2,4,5,6,10,11,12,13,18,24,25,26,27,28]; c8:bw=257,experts=[0,1,2,4,5,6,8,9,10,11,12,13,14,15,16,17,18,21,23,24,25,26,27,28,30]; c6:bw=154,experts=[0,1,2,4,5,6,9,10,11,13,18,21,24,26,28]; c1:bw=208,experts=[0,1,2,4,5,6,8,9,10,11,12,13,16,18,21,23,24,25,26,28]; c4:bw=154,experts=[0,2,4,5,6,9,11,13,14,18,21,23,24,26,28]; c9:bw=211,experts=[0,1,2,4,5,6,8,9,10,11,12,13,18,19,20,21,23,24,25,26,28]; c3:bw=188,experts=[0,2,4,5,6,8,9,10,11,13,14,18,20,21,23,24,26,28]; c5:bw=45,experts=[4,5,6,26]; c7:bw=42,experts=[4,5,6,26]","6.0539,4.9878,6.8568,8.3653,5.5935,8.5209,4.7134,6.5104,7.7623,5.9716"
86,2026-09-23 17:43:11,Ours,0.01,1.3730325443065179,64.98,65.16,85,71.9105,1:11.91,65.5293,5.0141,1.3653,6061.8054,1:41:01.81,10,"5,8,2,6,0,4,7,3,1,9",5:174;8:102;2:88;6:202;0:109;4:67;7:161;3:101;1:264;9:157,"5:[0,2,4,5,6,9,10,11,13,14,18,20,21,23,24,26,28];8:[0,1,2,4,5,6,13,18,24,26];2:[4,5,6,13,17,18,24,26];6:[0,1,2,4,5,6,9,10,11,12,13,14,17,18,21,23,24,25,26,28];0:[0,2,4,5,6,9,13,18,24,26];4:[4,5,6,13,18,26];7:[0,1,2,4,5,6,8,10,11,12,13,18,23,24,26,28];3:[1,2,4,5,6,13,18,23,24,26];1:[0,1,2,4,5,6,8,9,10,11,12,13,14,16,18,19,20,21,22,23,24,25,26,27,28,31];9:[0,2,4,5,6,9,11,12,13,14,18,21,24,26,28]","c5:bw=174,experts=[0,2,4,5,6,9,10,11,13,14,18,20,21,23,24,26,28]; c8:bw=102,experts=[0,1,2,4,5,6,13,18,24,26]; c2:bw=88,experts=[4,5,6,13,17,18,24,26]; c6:bw=202,experts=[0,1,2,4,5,6,9,10,11,12,13,14,17,18,21,23,24,25,26,28]; c0:bw=109,experts=[0,2,4,5,6,9,13,18,24,26]; c4:bw=67,experts=[4,5,6,13,18,26]; c7:bw=161,experts=[0,1,2,4,5,6,8,10,11,12,13,18,23,24,26,28]; c3:bw=101,experts=[1,2,4,5,6,13,18,23,24,26]; c1:bw=264,experts=[0,1,2,4,5,6,8,9,10,11,12,13,14,16,18,19,20,21,22,23,24,25,26,27,28,31]; c9:bw=157,experts=[0,2,4,5,6,9,11,12,13,14,18,21,24,26,28]","7.8877,6.8642,4.9562,8.4163,6.0629,8.4985,5.9597,6.5415,5.6167,4.7255"
87,2026-09-23 17:44:23,Ours,0.01,1.374440554934281,65.39,65.39,87,71.8664,1:11.87,65.5008,5.0398,1.324,6133.7087,1:42:13.71,10,"1,2,7,5,6,3,4,9,8,0",1:106;2:246;7:81;5:10;6:220;3:249;4:124;9:137;8:170;0:128,"1:[0,1,2,4,6,10,13,18,24,26];2:[0,1,2,4,5,6,8,9,10,11,12,13,14,16,18,19,20,21,22,23,24,25,26,28];7:[4,5,6,9,13,18,24,26];5:[4];6:[0,1,2,4,5,6,8,9,10,11,12,13,16,17,18,21,23,24,25,26,27,28];3:[0,1,2,4,5,6,8,9,10,11,12,13,14,16,18,19,20,21,22,23,24,25,26,28];4:[0,4,5,6,9,13,14,18,21,24,26,28];9:[0,1,2,4,5,6,10,12,13,18,24,25,26];8:[0,1,2,4,5,6,8,9,10,11,12,13,18,21,24,26,28];0:[0,2,4,5,6,9,13,18,21,24,26,28]","c1:bw=106,experts=[0,1,2,4,6,10,13,18,24,26]; c2:bw=246,experts=[0,1,2,4,5,6,8,9,10,11,12,13,14,16,18,19,20,21,22,23,24,25,26,28]; c7:bw=81,experts=[4,5,6,9,13,18,24,26]; c5:bw=10,experts=[4]; c6:bw=220,experts=[0,1,2,4,5,6,8,9,10,11,12,13,16,17,18,21,23,24,25,26,27,28]; c3:bw=249,experts=[0,1,2,4,5,6,8,9,10,11,12,13,14,16,18,19,20,21,22,23,24,25,26,28]; c4:bw=124,experts=[0,4,5,6,9,13,14,18,21,24,26,28]; c9:bw=137,experts=[0,1,2,4,5,6,10,12,13,18,24,25,26]; c8:bw=170,experts=[0,1,2,4,5,6,8,9,10,11,12,13,18,21,24,26,28]; c0:bw=128,experts=[0,2,4,5,6,9,13,18,21,24,26,28]","5.6081,5.0774,5.9980,7.7702,8.3860,6.5372,8.4845,4.7266,6.8489,6.0638"
88,2026-09-23 17:45:35,Ours,0.01,1.3658507547512804,65.91,65.91,88,71.5767,1:11.58,65.3785,4.8371,1.3593,6205.3219,1:43:25.32,10,"8,6,3,7,0,4,9,1,5,2",8:157;6:98;3:120;7:151;0:227;4:138;9:113;1:103;5:111;2:167,"8:[0,2,4,5,6,9,10,11,13,14,18,21,24,26,28];6:[0,4,5,6,9,13,18,24,26];3:[0,1,2,4,5,6,12,13,18,24,26,28];7:[0,2,4,5,6,9,10,12,13,18,21,24,25,26,28];0:[0,1,2,4,5,6,8,9,10,11,12,13,14,18,20,21,22,23,24,25,26,28];4:[0,1,2,4,5,6,10,11,12,13,18,24,26];9:[0,2,4,5,6,9,13,18,24,26,28];1:[0,2,4,5,6,9,13,18,24,26];5:[0,4,5,6,9,13,18,21,24,26,28];2:[0,2,4,5,6,9,10,11,13,14,18,21,23,24,26,28]","c8:bw=157,experts=[0,2,4,5,6,9,10,11,13,14,18,21,24,26,28]; c6:bw=98,experts=[0,4,5,6,9,13,18,24,26]; c3:bw=120,experts=[0,1,2,4,5,6,12,13,18,24,26,28]; c7:bw=151,experts=[0,2,4,5,6,9,10,12,13,18,21,24,25,26,28]; c0:bw=227,experts=[0,1,2,4,5,6,8,9,10,11,12,13,14,18,20,21,22,23,24,25,26,28]; c4:bw=138,experts=[0,1,2,4,5,6,10,11,12,13,18,24,26]; c9:bw=113,experts=[0,2,4,5,6,9,13,18,24,26,28]; c1:bw=103,experts=[0,2,4,5,6,9,13,18,24,26]; c5:bw=111,experts=[0,4,5,6,9,13,18,21,24,26,28]; c2:bw=167,experts=[0,2,4,5,6,9,10,11,13,14,18,21,23,24,26,28]","6.8327,8.3959,6.5398,5.9816,6.1272,8.4989,4.7172,5.5522,7.7771,4.9558"
89,2026-09-23 17:46:46,Ours,0.01,1.3574090588099075,65.49,65.91,88,71.8828,1:11.88,65.3874,5.1435,1.3501,6277.2424,1:44:37.24,10,"3,8,2,9,7,5,0,6,4,1",3:112;8:270;2:162;9:222;7:79;5:168;0:47;6:116;4:112;1:150,"3:[0,2,4,5,6,9,13,18,24,26,28];8:[0,1,2,4,5,6,8,9,10,11,12,13,14,15,16,18,19,20,21,22,23,24,25,26,27,28,30];2:[0,1,2,4,5,6,10,11,12,13,18,21,24,25,26,28];9:[0,1,2,4,5,6,8,9,10,11,12,13,14,16,18,20,21,23,24,25,26,28];7:[0,2,3,4,6,13,26];5:[0,2,4,5,6,8,9,10,11,12,13,18,21,24,26,28];0:[4,19,26,31];6:[0,1,2,4,5,6,13,18,24,26,28];4:[0,1,2,4,5,6,13,18,24,26,28];1:[0,2,4,5,6,9,10,11,12,13,18,21,24,26,28]","c3:bw=112,experts=[0,2,4,5,6,9,13,18,24,26,28]; c8:bw=270,experts=[0,1,2,4,5,6,8,9,10,11,12,13,14,15,16,18,19,20,21,22,23,24,25,26,27,28,30]; c2:bw=162,experts=[0,1,2,4,5,6,10,11,12,13,18,21,24,25,26,28]; c9:bw=222,experts=[0,1,2,4,5,6,8,9,10,11,12,13,14,16,18,20,21,23,24,25,26,28]; c7:bw=79,experts=[0,2,3,4,6,13,26]; c5:bw=168,experts=[0,2,4,5,6,8,9,10,11,12,13,18,21,24,26,28]; c0:bw=47,experts=[4,19,26,31]; c6:bw=116,experts=[0,1,2,4,5,6,13,18,24,26,28]; c4:bw=112,experts=[0,1,2,4,5,6,13,18,24,26,28]; c1:bw=150,experts=[0,2,4,5,6,9,10,11,12,13,18,21,24,26,28]","6.5746,6.8674,4.9628,4.7587,5.9862,7.7968,6.0168,8.3277,8.5210,5.5755"
90,2026-09-23 17:47:59,Ours,0.01,1.353001846943878,65.77,65.91,88,72.3378,1:12.34,65.7545,5.2393,1.3421,6349.6184,1:45:49.62,10,"7,1,3,9,0,6,2,5,8,4",7:262;1:113;3:132;9:232;0:234;6:95;2:77;5:99;8:185;4:130,"7:[0,1,2,3,4,5,6,8,9,10,11,12,13,14,15,16,18,20,21,23,24,25,26,27,28,30];1:[0,1,2,4,6,10,12,13,18,24,26];3:[0,4,5,6,9,11,13,14,18,21,24,26,28];9:[0,1,2,4,5,6,8,9,10,11,12,13,15,16,17,18,21,24,25,26,27,28,30];0:[0,1,2,4,5,6,8,9,10,11,12,13,14,16,18,21,23,24,25,26,27,28,30];6:[0,4,5,6,9,13,18,24,26];2:[2,4,5,6,13,18,26];5:[0,4,5,6,9,13,18,24,26];8:[0,2,4,5,6,9,10,11,12,13,14,18,20,21,23,24,26,28];4:[0,2,4,5,6,9,10,13,18,21,24,26,28]","c7:bw=262,experts=[0,1,2,3,4,5,6,8,9,10,11,12,13,14,15,16,18,20,21,23,24,25,26,27,28,30]; c1:bw=113,experts=[0,1,2,4,6,10,12,13,18,24,26]; c3:bw=132,experts=[0,4,5,6,9,11,13,14,18,21,24,26,28]; c9:bw=232,experts=[0,1,2,4,5,6,8,9,10,11,12,13,15,16,17,18,21,24,25,26,27,28,30]; c0:bw=234,experts=[0,1,2,4,5,6,8,9,10,11,12,13,14,16,18,21,23,24,25,26,27,28,30]; c6:bw=95,experts=[0,4,5,6,9,13,18,24,26]; c2:bw=77,experts=[2,4,5,6,13,18,26]; c5:bw=99,experts=[0,4,5,6,9,13,18,24,26]; c8:bw=185,experts=[0,2,4,5,6,9,10,11,12,13,14,18,20,21,23,24,26,28]; c4:bw=130,experts=[0,2,4,5,6,9,10,13,18,21,24,26,28]","6.0104,5.6218,6.5664,4.7901,6.1278,8.5054,4.9307,7.7825,6.8415,8.5779"
91,2026-09-23 17:49:10,Ours,0.01,1.3543460413758834,65.54,65.91,88,71.6335,1:11.63,65.4631,4.8108,1.3578,6421.2889,1:47:01.29,10,"1,9,5,7,3,4,0,6,2,8",1:182;9:129;5:190;7:188;3:146;4:198;0:82;6:107;2:42;8:83,"1:[0,1,2,4,5,6,8,9,10,11,12,13,18,21,23,24,26,28];9:[0,1,2,4,5,6,9,12,13,18,24,26];5:[0,1,2,4,5,6,8,9,10,11,12,13,14,18,21,23,24,26,28];7:[0,2,4,5,6,8,9,10,11,12,13,18,21,23,24,25,26,28];3:[0,1,2,4,5,6,10,12,13,18,21,24,26,28];4:[0,1,2,4,5,6,8,10,11,12,13,16,18,21,23,24,26,28,30];0:[0,4,5,6,13,18,24,26];6:[0,4,5,6,9,13,18,21,24,26];2:[4,6,13,26];8:[0,2,4,5,6,13,24,26]","c1:bw=182,experts=[0,1,2,4,5,6,8,9,10,11,12,13,18,21,23,24,26,28]; c9:bw=129,experts=[0,1,2,4,5,6,9,12,13,18,24,26]; c5:bw=190,experts=[0,1,2,4,5,6,8,9,10,11,12,13,14,18,21,23,24,26,28]; c7:bw=188,experts=[0,2,4,5,6,8,9,10,11,12,13,18,21,23,24,25,26,28]; c3:bw=146,experts=[0,1,2,4,5,6,10,12,13,18,21,24,26,28]; c4:bw=198,experts=[0,1,2,4,5,6,8,10,11,12,13,16,18,21,23,24,26,28,30]; c0:bw=82,experts=[0,4,5,6,13,18,24,26]; c6:bw=107,experts=[0,4,5,6,9,13,18,21,24,26]; c2:bw=42,experts=[4,6,13,26]; c8:bw=83,experts=[0,2,4,5,6,13,24,26]","5.6281,4.7740,7.8343,5.9977,6.5673,8.5992,6.0179,8.3009,4.9353,6.8084"
92,2026-09-23 17:50:22,Ours,0.01,1.346690929911961,65.94,65.94,92,71.6871,1:11.69,65.5922,4.7225,1.3707,6493.0137,1:48:13.01,10,"3,7,1,0,8,6,9,2,5,4",3:104;7:125;1:73;0:108;8:70;6:166;9:204;2:92;5:242;4:97,"3:[0,2,4,5,6,13,18,24,25,26];7:[0,1,2,4,5,6,9,12,13,18,24,26];1:[4,5,6,13,18,24,26];0:[0,4,5,6,9,13,18,24,26,28];8:[4,5,6,13,18,24,26];6:[0,4,5,6,9,10,11,13,14,18,20,21,23,24,26,28];9:[0,1,2,4,5,6,8,9,10,11,12,13,16,18,21,23,24,25,26,28];2:[0,2,4,5,6,10,13,18,26];5:[0,1,2,4,5,6,8,9,10,11,12,13,15,16,18,20,21,23,24,25,26,27,28,30];4:[0,2,4,5,6,13,18,24,26]","c3:bw=104,experts=[0,2,4,5,6,13,18,24,25,26]; c7:bw=125,experts=[0,1,2,4,5,6,9,12,13,18,24,26]; c1:bw=73,experts=[4,5,6,13,18,24,26]; c0:bw=108,experts=[0,4,5,6,9,13,18,24,26,28]; c8:bw=70,experts=[4,5,6,13,18,24,26]; c6:bw=166,experts=[0,4,5,6,9,10,11,13,14,18,20,21,23,24,26,28]; c9:bw=204,experts=[0,1,2,4,5,6,8,9,10,11,12,13,16,18,21,23,24,25,26,28]; c2:bw=92,experts=[0,2,4,5,6,10,13,18,26]; c5:bw=242,experts=[0,1,2,4,5,6,8,9,10,11,12,13,15,16,18,20,21,23,24,25,26,27,28,30]; c4:bw=97,experts=[0,2,4,5,6,13,18,24,26]","6.5760,6.0009,5.5727,6.1269,6.8285,8.4237,4.7349,4.9786,7.8028,8.5472"
93,2026-09-23 17:51:33,Ours,0.01,1.3453976829759156,66.01,66.01,93,71.081,1:11.08,65.3639,4.3578,1.3577,6564.1311,1:49:24.13,10,"1,3,7,9,6,8,5,4,0,2",1:173;3:114;7:82;9:212;6:82;8:17;5:29;4:116;0:69;2:187,"1:[0,2,4,5,6,9,10,11,12,13,14,18,21,23,24,26,28];3:[0,4,5,6,9,13,18,21,24,26,28];7:[4,5,6,9,13,18,24,26];9:[0,1,2,4,5,6,8,9,10,11,12,13,15,18,21,23,24,25,26,27,28];6:[2,4,5,6,13,18,24,26];8:[4];5:[4,6];4:[0,1,2,4,5,6,12,13,18,24,26];0:[4,5,6,18,24,26];2:[0,1,2,4,5,6,9,10,11,12,13,18,21,24,25,26,27,28]","c1:bw=173,experts=[0,2,4,5,6,9,10,11,12,13,14,18,21,23,24,26,28]; c3:bw=114,experts=[0,4,5,6,9,13,18,21,24,26,28]; c7:bw=82,experts=[4,5,6,9,13,18,24,26]; c9:bw=212,experts=[0,1,2,4,5,6,8,9,10,11,12,13,15,18,21,23,24,25,26,27,28]; c6:bw=82,experts=[2,4,5,6,13,18,24,26]; c8:bw=17,experts=[4]; c5:bw=29,experts=[4,6]; c4:bw=116,experts=[0,1,2,4,5,6,12,13,18,24,26]; c0:bw=69,experts=[4,5,6,18,24,26]; c2:bw=187,experts=[0,1,2,4,5,6,9,10,11,12,13,18,21,24,25,26,27,28]","5.6279,6.5601,6.0004,4.7784,8.4276,6.7578,7.7282,8.5123,6.0514,4.9199"
94,2026-09-23 17:52:46,Ours,0.01,1.3340862173437376,65.82,66.01,93,72.3222,1:12.32,65.6717,5.2899,1.3565,6636.4931,1:50:36.49,10,"7,2,5,4,6,9,1,8,0,3",7:163;2:237;5:149;4:115;6:111;9:184;1:258;8:28;0:203;3:124,"7:[0,1,2,4,5,6,8,10,11,12,13,18,23,24,26,28];2:[0,1,2,4,5,6,8,9,10,11,12,13,15,16,17,18,21,23,24,25,26,27,28];5:[0,2,4,5,6,9,13,14,18,19,21,24,26,28];4:[0,2,4,5,6,9,13,18,24,26,28];6:[2,4,5,6,9,12,13,18,19,24,26];9:[0,2,4,5,6,9,10,11,12,13,14,18,20,21,24,25,26,28];1:[0,1,2,4,5,6,8,9,10,11,12,13,15,16,17,18,21,23,24,25,26,27,28,29,30];8:[4,6];0:[0,1,2,4,5,6,9,10,11,12,13,14,16,18,21,23,24,25,26,28];3:[0,2,4,5,6,10,13,18,21,24,26,28]","c7:bw=163,experts=[0,1,2,4,5,6,8,10,11,12,13,18,23,24,26,28]; c2:bw=237,experts=[0,1,2,4,5,6,8,9,10,11,12,13,15,16,17,18,21,23,24,25,26,27,28]; c5:bw=149,experts=[0,2,4,5,6,9,13,14,18,19,21,24,26,28]; c4:bw=115,experts=[0,2,4,5,6,9,13,18,24,26,28]; c6:bw=111,experts=[2,4,5,6,9,12,13,18,19,24,26]; c9:bw=184,experts=[0,2,4,5,6,9,10,11,12,13,14,18,20,21,24,25,26,28]; c1:bw=258,experts=[0,1,2,4,5,6,8,9,10,11,12,13,15,16,17,18,21,23,24,25,26,27,28,29,30]; c8:bw=28,experts=[4,6]; c0:bw=203,experts=[0,1,2,4,5,6,9,10,11,12,13,14,16,18,21,23,24,25,26,28]; c3:bw=124,experts=[0,2,4,5,6,10,13,18,21,24,26,28]","6.0039,4.9436,7.8521,8.5709,8.3981,4.7827,5.6384,6.8041,6.1136,6.5644"
95,2026-09-23 17:53:58,Ours,0.01,1.3350545402125793,66.28,66.28,95,71.8958,1:11.90,65.6176,4.942,1.3343,6708.4279,1:51:48.43,10,"7,9,4,6,0,3,1,8,2,5",7:217;9:155;4:56;6:147;0:128;3:149;1:114;8:277;2:84;5:31,"7:[0,1,2,3,4,5,6,8,9,10,11,12,13,18,21,23,24,25,26,27,28];9:[0,1,2,4,5,6,9,10,13,18,21,24,25,26,28];4:[2,4,6,13,26];6:[0,1,2,4,5,6,10,11,12,13,18,24,25,26];0:[0,1,2,4,5,6,12,13,18,24,25,26];3:[0,2,4,5,6,9,13,14,18,20,21,24,26,28];1:[0,1,2,4,5,6,10,13,18,24,26];8:[0,1,2,4,5,6,8,9,10,11,12,13,14,16,18,19,20,21,22,23,24,25,26,27,28,30,31];2:[1,2,4,6,12,13,18,26];5:[4,6,26]","c7:bw=217,experts=[0,1,2,3,4,5,6,8,9,10,11,12,13,18,21,23,24,25,26,27,28]; c9:bw=155,experts=[0,1,2,4,5,6,9,10,13,18,21,24,25,26,28]; c4:bw=56,experts=[2,4,6,13,26]; c6:bw=147,experts=[0,1,2,4,5,6,10,11,12,13,18,24,25,26]; c0:bw=128,experts=[0,1,2,4,5,6,12,13,18,24,25,26]; c3:bw=149,experts=[0,2,4,5,6,9,13,14,18,20,21,24,26,28]; c1:bw=114,experts=[0,1,2,4,5,6,10,13,18,24,26]; c8:bw=277,experts=[0,1,2,4,5,6,8,9,10,11,12,13,14,16,18,19,20,21,22,23,24,25,26,27,28,30,31]; c2:bw=84,experts=[1,2,4,6,12,13,18,26]; c5:bw=31,experts=[4,6,26]","6.0253,4.7700,8.5849,8.4055,6.0952,6.5421,5.5829,6.8666,4.9549,7.7902"
96,2026-09-23 17:55:10,Ours,0.01,1.3325878392973158,66.52,66.52,96,72.5931,1:12.59,65.6982,5.529,1.3641,6781.0597,1:53:01.06,10,"2,9,3,1,5,4,6,7,0,8",2:238;9:162;3:167;1:132;5:219;4:179;6:115;7:185;0:132;8:236,"2:[0,1,2,4,5,6,7,8,9,10,11,12,13,18,21,23,24,25,26,27,28,29,31];9:[0,2,4,5,6,7,9,13,14,18,21,24,26,28,29,31];3:[0,1,2,4,5,6,7,9,10,12,13,18,21,24,26,28];1:[0,1,2,3,4,5,6,7,9,13,18,24,26];5:[0,1,2,4,5,6,7,9,10,11,12,13,16,18,21,23,24,25,26,28,31];4:[0,1,2,4,5,6,9,10,11,12,13,17,18,21,24,26,28];6:[1,2,4,6,7,12,13,24,26,29,31];7:[0,1,2,4,5,6,7,8,9,10,12,13,17,18,24,26,29,31];0:[0,2,4,5,6,7,9,13,18,24,26,28,29];8:[0,1,2,3,4,5,6,7,8,9,10,11,12,13,14,18,21,23,24,25,26,28,29]","c2:bw=238,experts=[0,1,2,4,5,6,7,8,9,10,11,12,13,18,21,23,24,25,26,27,28,29,31]; c9:bw=162,experts=[0,2,4,5,6,7,9,13,14,18,21,24,26,28,29,31]; c3:bw=167,experts=[0,1,2,4,5,6,7,9,10,12,13,18,21,24,26,28]; c1:bw=132,experts=[0,1,2,3,4,5,6,7,9,13,18,24,26]; c5:bw=219,experts=[0,1,2,4,5,6,7,9,10,11,12,13,16,18,21,23,24,25,26,28,31]; c4:bw=179,experts=[0,1,2,4,5,6,9,10,11,12,13,17,18,21,24,26,28]; c6:bw=115,experts=[1,2,4,6,7,12,13,24,26,29,31]; c7:bw=185,experts=[0,1,2,4,5,6,7,8,9,10,12,13,17,18,24,26,29,31]; c0:bw=132,experts=[0,2,4,5,6,7,9,13,18,24,26,28,29]; c8:bw=236,experts=[0,1,2,3,4,5,6,7,8,9,10,11,12,13,14,18,21,23,24,25,26,28,29]","4.9794,4.7855,6.5823,5.6859,7.8557,8.5162,8.3971,5.9792,6.0528,6.8640"
97,2026-09-23 17:56:22,Ours,0.01,1.328200087706065,66.8,66.8,97,71.9743,1:11.97,65.6555,4.9466,1.3704,6853.0725,1:54:13.07,10,"0,9,8,4,7,1,3,5,6,2",0:150;9:158;8:158;4:59;7:111;1:184;3:127;5:170;6:184;2:198,"0:[0,1,2,4,5,6,9,10,12,13,18,24,25,26,28];9:[0,1,2,4,5,6,9,10,12,13,18,24,25,26,28];8:[0,2,4,5,6,8,9,11,13,14,18,21,24,26,28];4:[2,4,6,13,26];7:[0,2,4,5,6,9,13,18,24,26,28];1:[0,1,2,4,5,6,9,10,11,12,13,16,18,23,24,25,26,28];3:[0,4,5,6,9,13,14,18,21,24,26,28];5:[0,2,4,5,6,9,10,11,12,13,14,18,21,23,24,26,28];6:[0,1,2,4,5,6,9,10,11,12,13,18,21,23,24,25,26,28];2:[0,1,2,4,5,6,9,10,11,12,13,14,18,20,21,23,24,26,28]","c0:bw=150,experts=[0,1,2,4,5,6,9,10,12,13,18,24,25,26,28]; c9:bw=158,experts=[0,1,2,4,5,6,9,10,12,13,18,24,25,26,28]; c8:bw=158,experts=[0,2,4,5,6,8,9,11,13,14,18,21,24,26,28]; c4:bw=59,experts=[2,4,6,13,26]; c7:bw=111,experts=[0,2,4,5,6,9,13,18,24,26,28]; c1:bw=184,experts=[0,1,2,4,5,6,9,10,11,12,13,16,18,23,24,25,26,28]; c3:bw=127,experts=[0,4,5,6,9,13,14,18,21,24,26,28]; c5:bw=170,experts=[0,2,4,5,6,9,10,11,12,13,14,18,21,23,24,26,28]; c6:bw=184,experts=[0,1,2,4,5,6,9,10,11,12,13,18,21,23,24,25,26,28]; c2:bw=198,experts=[0,1,2,4,5,6,9,10,11,12,13,14,18,20,21,23,24,26,28]","6.1541,4.7816,6.8710,8.5405,5.9997,5.5937,6.5259,7.8156,8.4087,4.9646"
98,2026-09-23 17:57:34,Ours,0.01,1.3228273833563242,66.5,66.8,97,71.5805,1:11.58,65.5382,4.6909,1.3496,6924.6941,1:55:24.69,10,"4,8,9,7,6,5,0,3,1,2",4:190;8:196;9:98;7:87;6:133;5:180;0:122;3:93;1:96;2:89,"4:[0,2,4,5,6,8,9,10,11,12,13,14,18,21,23,24,25,26,28];8:[0,1,2,4,5,6,8,9,10,11,12,13,18,21,23,24,25,26,28];9:[0,2,4,5,6,13,18,24,26];7:[2,4,5,6,13,18,24,26];6:[0,1,2,4,5,6,9,12,13,18,24,26,28];5:[0,1,2,4,5,6,9,10,11,12,13,14,18,21,23,24,26,28];0:[0,2,4,5,6,9,10,13,18,24,25,26];3:[4,5,6,13,17,18,24,26,29];1:[0,4,5,6,13,18,21,24,26];2:[2,4,5,6,10,13,18,26]","c4:bw=190,experts=[0,2,4,5,6,8,9,10,11,12,13,14,18,21,23,24,25,26,28]; c8:bw=196,experts=[0,1,2,4,5,6,8,9,10,11,12,13,18,21,23,24,25,26,28]; c9:bw=98,experts=[0,2,4,5,6,13,18,24,26]; c7:bw=87,experts=[2,4,5,6,13,18,24,26]; c6:bw=133,experts=[0,1,2,4,5,6,9,12,13,18,24,26,28]; c5:bw=180,experts=[0,1,2,4,5,6,9,10,11,12,13,14,18,21,23,24,26,28]; c0:bw=122,experts=[0,2,4,5,6,9,10,13,18,24,25,26]; c3:bw=93,experts=[4,5,6,13,17,18,24,26,29]; c1:bw=96,experts=[0,4,5,6,13,18,21,24,26]; c2:bw=89,experts=[2,4,5,6,10,13,18,26]","8.5382,6.8977,4.7631,5.9786,8.4058,7.8177,6.1032,6.5319,5.5680,4.9339"
99,2026-09-23 17:58:46,Ours,0.01,1.3176814734293045,66.72,66.8,97,71.883,1:11.88,65.757,4.782,1.3423,6996.6159,1:56:36.62,10,"8,5,7,1,3,9,4,0,2,6",8:124;5:180;7:166;1:217;3:138;9:75;4:89;0:147;2:113;6:128,"8:[0,1,2,4,5,6,10,12,13,18,24,26];5:[0,1,2,4,5,6,8,9,10,11,12,13,18,21,23,24,26,28];7:[0,1,2,4,5,6,8,10,11,12,13,18,23,24,25,26];1:[0,1,2,4,5,6,8,9,10,11,12,13,14,16,18,21,24,25,26,28,31];3:[0,2,4,5,6,9,11,13,18,21,24,26,28];9:[0,2,4,6,13,18,26];4:[0,2,4,5,6,13,26,28];0:[0,2,4,5,6,9,11,13,14,18,21,24,26,28];2:[0,2,4,5,6,9,13,18,24,26,28];6:[0,2,4,5,6,9,13,18,21,24,26,28]","c8:bw=124,experts=[0,1,2,4,5,6,10,12,13,18,24,26]; c5:bw=180,experts=[0,1,2,4,5,6,8,9,10,11,12,13,18,21,23,24,26,28]; c7:bw=166,experts=[0,1,2,4,5,6,8,10,11,12,13,18,23,24,25,26]; c1:bw=217,experts=[0,1,2,4,5,6,8,9,10,11,12,13,14,16,18,21,24,25,26,28,31]; c3:bw=138,experts=[0,2,4,5,6,9,11,13,18,21,24,26,28]; c9:bw=75,experts=[0,2,4,6,13,18,26]; c4:bw=89,experts=[0,2,4,5,6,13,26,28]; c0:bw=147,experts=[0,2,4,5,6,9,11,13,14,18,21,24,26,28]; c2:bw=113,experts=[0,2,4,5,6,9,13,18,24,26,28]; c6:bw=128,experts=[0,2,4,5,6,9,13,18,21,24,26,28]","6.8720,7.8728,5.9729,5.6547,6.5617,4.7636,8.5857,6.1363,4.9618,8.3753"
100,2026-09-23 17:59:58,Ours,0.01,1.3140170767202113,66.92,66.92,100,71.9166,1:11.92,65.5123,5.0349,1.3678,7068.5721,1:57:48.57,10,"2,8,9,5,6,1,4,7,3,0",2:111;8:162;9:194;5:68;6:162;1:63;4:239;7:25;3:152;0:236,"2:[0,3,4,5,6,9,13,18,24,26,28];8:[0,2,4,5,6,8,9,11,13,14,18,21,23,24,26,28];9:[0,1,2,4,5,6,9,10,11,12,13,14,18,20,21,23,24,26,28];5:[3,4,6,17,26,29];6:[0,1,2,4,5,6,8,10,11,12,13,18,21,24,26,28];1:[2,4,6,13,24,26];4:[0,1,2,4,5,6,8,9,10,11,12,13,14,15,16,18,21,23,24,25,26,27,28];7:[4,6];3:[0,2,4,5,6,9,11,13,14,18,21,23,24,26,28];0:[0,1,2,3,4,5,6,9,10,11,12,13,14,15,16,18,21,23,24,25,26,27,28]","c2:bw=111,experts=[0,3,4,5,6,9,13,18,24,26,28]; c8:bw=162,experts=[0,2,4,5,6,8,9,11,13,14,18,21,23,24,26,28]; c9:bw=194,experts=[0,1,2,4,5,6,9,10,11,12,13,14,18,20,21,23,24,26,28]; c5:bw=68,experts=[3,4,6,17,26,29]; c6:bw=162,experts=[0,1,2,4,5,6,8,10,11,12,13,18,21,24,26,28]; c1:bw=63,experts=[2,4,6,13,24,26]; c4:bw=239,experts=[0,1,2,4,5,6,8,9,10,11,12,13,14,15,16,18,21,23,24,25,26,27,28]; c7:bw=25,experts=[4,6]; c3:bw=152,experts=[0,2,4,5,6,9,11,13,14,18,21,23,24,26,28]; c0:bw=236,experts=[0,1,2,3,4,5,6,9,10,11,12,13,14,15,16,18,21,23,24,25,26,27,28]","4.9961,6.8760,4.7711,7.7790,8.3533,5.5913,8.5725,5.8911,6.5632,6.1185"
