Round,Timestamp,Method,LR,AvgLoss,TestAcc,BestAcc,BestRound,RoundTimeSec,RoundTimeHMS,LocalTrainTimeSec,AggTimeSec,EvalTimeSec,CumulativeTimeSec,CumulativeTimeHMS,NumClientsSelected,SelectedClients,Bandwidth,SelectedExperts,UploadDetail,ClientTrainTimesSec
1,2026-09-24 11:46:09,Ours,0.00208,3.865455484527635,1.51,1.51,1,73.3393,1:13.34,67.1777,4.8089,1.3511,73.3393,1:13.34,10,"8,1,5,0,7,2,9,4,3,6",8:202;1:107;5:163;0:10;7:75;2:106;9:166;4:146;3:187;6:150,"8:[0,1,2,4,5,6,10,11,12,13,15,16,18,21,22,23,24,26,28,30];1:[0,1,2,4,5,6,13,23,24];5:[0,1,2,4,5,6,10,11,13,15,18,21,23,24,26,30];0:[13];7:[1,2,4,6,13,23,24];2:[0,1,2,4,5,6,13,23,24];9:[0,1,2,4,5,6,10,11,13,15,18,21,23,24,26,30];4:[0,1,2,4,5,6,13,15,18,21,23,24,26,30];3:[0,1,2,4,5,6,10,11,13,15,18,21,22,23,24,26,30];6:[0,1,2,4,5,6,11,13,18,21,23,24,26,30]","c8:bw=202,experts=[0,1,2,4,5,6,10,11,12,13,15,16,18,21,22,23,24,26,28,30]; c1:bw=107,experts=[0,1,2,4,5,6,13,23,24]; c5:bw=163,experts=[0,1,2,4,5,6,10,11,13,15,18,21,23,24,26,30]; c0:bw=10,experts=[13]; c7:bw=75,experts=[1,2,4,6,13,23,24]; c2:bw=106,experts=[0,1,2,4,5,6,13,23,24]; c9:bw=166,experts=[0,1,2,4,5,6,10,11,13,15,18,21,23,24,26,30]; c4:bw=146,experts=[0,1,2,4,5,6,13,15,18,21,23,24,26,30]; c3:bw=187,experts=[0,1,2,4,5,6,10,11,13,15,18,21,22,23,24,26,30]; c6:bw=150,experts=[0,1,2,4,5,6,11,13,18,21,23,24,26,30]","7.3717,5.8145,8.1242,6.1798,6.1008,5.3731,4.7009,8.4920,6.6608,8.3598"
2,2026-09-24 11:47:21,Ours,0.00406,3.3283971196224265,4.34,4.34,2,71.8324,1:11.83,65.085,5.4032,1.3425,145.3159,2:25.32,10,"0,1,8,5,3,4,7,9,6,2",0:130;1:152;8:177;5:251;3:246;4:109;7:202;9:170;6:62;2:79,"0:[0,2,4,6,8,10,11,13,18,21,24,26];1:[0,1,2,4,5,6,8,10,11,12,13,18,21,24,26];8:[0,1,2,4,5,6,8,9,10,11,12,13,18,21,24,26,28];5:[0,1,2,4,5,6,8,9,10,11,12,13,14,15,16,17,18,21,23,24,25,26,27,28,29];3:[0,1,2,4,5,6,8,9,10,11,12,13,14,15,16,18,21,23,24,25,26,27,28,29];4:[0,2,4,6,10,11,13,18,24,26];7:[0,1,2,4,5,6,8,9,10,11,12,13,18,21,23,24,25,26,28];9:[0,1,2,4,5,6,8,9,10,11,12,13,18,21,24,26,28];6:[2,4,6,10,13,26];2:[0,2,4,6,10,13,26]","c0:bw=130,experts=[0,2,4,6,8,10,11,13,18,21,24,26]; c1:bw=152,experts=[0,1,2,4,5,6,8,10,11,12,13,18,21,24,26]; c8:bw=177,experts=[0,1,2,4,5,6,8,9,10,11,12,13,18,21,24,26,28]; c5:bw=251,experts=[0,1,2,4,5,6,8,9,10,11,12,13,14,15,16,17,18,21,23,24,25,26,27,28,29]; c3:bw=246,experts=[0,1,2,4,5,6,8,9,10,11,12,13,14,15,16,18,21,23,24,25,26,27,28,29]; c4:bw=109,experts=[0,2,4,6,10,11,13,18,24,26]; c7:bw=202,experts=[0,1,2,4,5,6,8,9,10,11,12,13,18,21,23,24,25,26,28]; c9:bw=170,experts=[0,1,2,4,5,6,8,9,10,11,12,13,18,21,24,26,28]; c6:bw=62,experts=[2,4,6,10,13,26]; c2:bw=79,experts=[0,2,4,6,10,13,26]","6.0325,5.6500,6.7532,7.8910,6.5680,8.6488,5.7806,4.6749,8.1303,4.9555"
3,2026-09-24 11:48:32,Ours,0.006040000000000001,3.200845391572058,6.27,6.27,3,70.6084,1:10.61,64.5217,4.7459,1.3392,215.9381,3:35.94,10,"9,2,0,6,8,5,3,7,1,4",9:174;2:152;0:182;6:146;8:110;5:49;3:94;7:120;1:49;4:190,"9:[0,1,2,4,5,6,8,9,10,11,12,13,18,21,24,25,26];2:[0,1,2,4,5,6,8,9,10,11,12,13,18,21,26];0:[0,1,2,4,5,6,8,9,10,11,12,13,18,21,24,25,26,28];6:[0,1,2,4,5,6,8,10,11,12,13,18,24,26];8:[0,1,2,4,5,6,10,11,13,18,26];5:[4,6,13,26];3:[0,2,4,6,11,13,18,26];7:[0,1,2,4,5,6,10,11,13,18,26];1:[4,6,26];4:[0,1,2,4,5,6,8,9,10,11,12,13,18,21,23,24,25,26,28]","c9:bw=174,experts=[0,1,2,4,5,6,8,9,10,11,12,13,18,21,24,25,26]; c2:bw=152,experts=[0,1,2,4,5,6,8,9,10,11,12,13,18,21,26]; c0:bw=182,experts=[0,1,2,4,5,6,8,9,10,11,12,13,18,21,24,25,26,28]; c6:bw=146,experts=[0,1,2,4,5,6,8,10,11,12,13,18,24,26]; c8:bw=110,experts=[0,1,2,4,5,6,10,11,13,18,26]; c5:bw=49,experts=[4,6,13,26]; c3:bw=94,experts=[0,2,4,6,11,13,18,26]; c7:bw=120,experts=[0,1,2,4,5,6,10,11,13,18,26]; c1:bw=49,experts=[4,6,26]; c4:bw=190,experts=[0,1,2,4,5,6,8,9,10,11,12,13,18,21,23,24,25,26,28]","4.6784,4.8785,5.9841,8.3132,6.7319,7.6869,6.5313,5.8428,5.5493,8.3252"
4,2026-09-24 11:49:44,Ours,0.00802,3.11281467964887,9.13,9.13,4,71.8679,1:11.87,64.8717,5.6255,1.3689,287.8186,4:47.82,10,"1,7,6,2,8,0,3,4,5,9",1:145;7:164;6:194;2:219;8:115;0:215;3:124;4:204;5:268;9:79,"1:[0,1,2,4,5,6,10,11,12,13,18,21,24,26];7:[0,1,2,4,5,6,8,10,11,12,13,18,21,24,26,28];6:[0,1,2,4,5,6,8,9,10,11,12,13,18,21,24,25,26,27,28];2:[0,1,2,4,5,6,8,9,10,11,12,13,14,18,21,23,24,25,26,27,28];8:[0,1,2,4,5,6,10,12,13,18,26];0:[0,1,2,4,5,6,8,9,10,11,12,13,16,18,21,23,24,25,26,27,28];3:[0,1,2,4,5,6,11,12,13,18,26];4:[0,1,2,4,5,6,8,9,10,11,12,13,18,21,23,24,25,26,27,28];5:[0,1,2,3,4,5,6,8,9,10,11,12,13,14,15,16,17,18,21,23,24,25,26,27,28,29];9:[2,4,6,12,13,18,26]","c1:bw=145,experts=[0,1,2,4,5,6,10,11,12,13,18,21,24,26]; c7:bw=164,experts=[0,1,2,4,5,6,8,10,11,12,13,18,21,24,26,28]; c6:bw=194,experts=[0,1,2,4,5,6,8,9,10,11,12,13,18,21,24,25,26,27,28]; c2:bw=219,experts=[0,1,2,4,5,6,8,9,10,11,12,13,14,18,21,23,24,25,26,27,28]; c8:bw=115,experts=[0,1,2,4,5,6,10,12,13,18,26]; c0:bw=215,experts=[0,1,2,4,5,6,8,9,10,11,12,13,16,18,21,23,24,25,26,27,28]; c3:bw=124,experts=[0,1,2,4,5,6,11,12,13,18,26]; c4:bw=204,experts=[0,1,2,4,5,6,8,9,10,11,12,13,18,21,23,24,25,26,27,28]; c5:bw=268,experts=[0,1,2,3,4,5,6,8,9,10,11,12,13,14,15,16,17,18,21,23,24,25,26,27,28,29]; c9:bw=79,experts=[2,4,6,12,13,18,26]","5.5699,5.9409,8.3053,4.9586,6.7084,6.0213,6.5404,8.3761,7.7741,4.6766"
5,2026-09-24 11:50:55,Ours,0.01,3.0259882761686905,12.2,12.2,5,71.7762,1:11.78,65.3336,5.1109,1.33,359.6105,5:59.61,10,"1,5,4,8,0,7,6,3,2,9",1:72;5:145;4:178;8:135;0:182;7:89;6:195;3:232;2:26;9:229,"1:[2,4,6,10,12,13,26];5:[0,1,2,4,5,6,9,10,12,13,18,24,26];4:[0,1,2,4,5,6,9,10,11,12,13,18,23,24,25,26,28];8:[0,1,2,4,5,6,10,12,13,18,24,25,26];0:[0,1,2,4,5,6,8,9,10,11,12,13,18,21,24,25,26,28];7:[2,4,6,10,12,13,26];6:[0,1,2,4,5,6,8,9,10,11,12,13,18,21,24,25,26,27,28];3:[0,1,2,3,4,5,6,8,9,10,11,12,13,14,16,18,21,23,24,25,26,27,28];2:[4];9:[0,1,2,4,5,6,8,9,10,11,12,13,14,16,18,21,23,24,25,26,27,28]","c1:bw=72,experts=[2,4,6,10,12,13,26]; c5:bw=145,experts=[0,1,2,4,5,6,9,10,12,13,18,24,26]; c4:bw=178,experts=[0,1,2,4,5,6,9,10,11,12,13,18,23,24,25,26,28]; c8:bw=135,experts=[0,1,2,4,5,6,10,12,13,18,24,25,26]; c0:bw=182,experts=[0,1,2,4,5,6,8,9,10,11,12,13,18,21,24,25,26,28]; c7:bw=89,experts=[2,4,6,10,12,13,26]; c6:bw=195,experts=[0,1,2,4,5,6,8,9,10,11,12,13,18,21,24,25,26,27,28]; c3:bw=232,experts=[0,1,2,3,4,5,6,8,9,10,11,12,13,14,16,18,21,23,24,25,26,27,28]; c2:bw=26,experts=[4]; c9:bw=229,experts=[0,1,2,4,5,6,8,9,10,11,12,13,14,16,18,21,23,24,25,26,27,28]","5.5584,7.9015,8.4637,6.7211,6.0234,6.0171,8.3577,6.5158,5.0286,4.7463"
6,2026-09-24 11:52:07,Ours,0.01,2.901938013347473,14.88,14.88,6,71.8798,1:11.88,65.3986,5.1031,1.3762,431.5079,7:11.51,10,"8,2,5,7,3,1,9,0,4,6",8:245;2:152;5:100;7:213;3:133;1:118;9:176;0:114;4:64;6:74,"8:[0,1,2,4,5,6,8,9,10,11,12,13,14,15,16,18,21,22,23,24,25,26,28,30];2:[0,1,2,4,5,6,8,10,11,12,13,18,24,26,28];5:[0,1,2,4,6,10,12,13,18,26];7:[0,1,2,4,5,6,8,9,10,11,12,13,14,16,18,21,23,24,25,26,28];3:[0,1,2,4,5,6,10,12,13,18,24,26,28];1:[0,1,2,4,5,6,10,12,13,18,26];9:[0,1,2,4,5,6,8,9,10,12,13,18,21,24,25,26,28];0:[0,1,2,4,6,10,12,13,18,26];4:[2,4,6,13,26];6:[2,4,6,10,12,13,26]","c8:bw=245,experts=[0,1,2,4,5,6,8,9,10,11,12,13,14,15,16,18,21,22,23,24,25,26,28,30]; c2:bw=152,experts=[0,1,2,4,5,6,8,10,11,12,13,18,24,26,28]; c5:bw=100,experts=[0,1,2,4,6,10,12,13,18,26]; c7:bw=213,experts=[0,1,2,4,5,6,8,9,10,11,12,13,14,16,18,21,23,24,25,26,28]; c3:bw=133,experts=[0,1,2,4,5,6,10,12,13,18,24,26,28]; c1:bw=118,experts=[0,1,2,4,5,6,10,12,13,18,26]; c9:bw=176,experts=[0,1,2,4,5,6,8,9,10,12,13,18,21,24,25,26,28]; c0:bw=114,experts=[0,1,2,4,6,10,12,13,18,26]; c4:bw=64,experts=[2,4,6,13,26]; c6:bw=74,experts=[2,4,6,10,12,13,26]","6.8147,5.0196,7.8958,5.9945,6.5118,5.5146,4.7284,6.0697,8.4877,8.3617"
7,2026-09-24 11:53:19,Ours,0.01,2.842409130800326,17.3,17.3,7,71.6453,1:11.65,65.8628,4.419,1.3619,503.1674,8:23.17,10,"0,5,2,6,3,7,4,1,8,9",0:132;5:178;2:146;6:48;3:97;7:113;4:50;1:35;8:210;9:10,"0:[0,1,2,4,5,6,10,12,13,18,24,26,28];5:[0,1,2,4,5,6,8,10,11,12,13,18,21,24,26,28];2:[0,1,2,4,5,6,10,12,13,18,24,26,28];6:[4,6,13,26];3:[0,1,2,4,6,12,13,18,26];7:[0,1,2,4,5,6,10,12,13,18,26];4:[0,4,6,13,26];1:[4,6];8:[0,1,2,4,5,6,8,10,11,12,13,14,15,16,18,21,23,24,25,26,28];9:[]","c0:bw=132,experts=[0,1,2,4,5,6,10,12,13,18,24,26,28]; c5:bw=178,experts=[0,1,2,4,5,6,8,10,11,12,13,18,21,24,26,28]; c2:bw=146,experts=[0,1,2,4,5,6,10,12,13,18,24,26,28]; c6:bw=48,experts=[4,6,13,26]; c3:bw=97,experts=[0,1,2,4,6,12,13,18,26]; c7:bw=113,experts=[0,1,2,4,5,6,10,12,13,18,26]; c4:bw=50,experts=[0,4,6,13,26]; c1:bw=35,experts=[4,6]; c8:bw=210,experts=[0,1,2,4,5,6,8,10,11,12,13,14,15,16,18,21,23,24,25,26,28]; c9:bw=10,experts=[]","6.1859,7.8494,5.0171,8.4481,6.6403,6.0668,8.5744,5.5694,6.8050,4.7064"
8,2026-09-24 11:54:31,Ours,0.01,2.725522951228332,19.37,19.37,8,72.1006,1:12.10,65.8662,4.8663,1.3663,575.283,9:35.28,10,"4,8,1,3,0,5,2,9,7,6",4:16;8:135;1:213;3:136;0:119;5:103;2:197;9:215;7:55;6:151,"4:[];8:[0,1,2,4,5,6,10,12,13,18,24,26,28];1:[0,1,2,4,5,6,8,9,10,11,12,13,14,18,21,22,23,24,25,26,28];3:[0,1,2,4,5,6,10,12,13,18,24,26,28];0:[0,1,2,4,5,6,10,12,13,26,28];5:[0,1,2,4,5,6,10,13,24,26];2:[0,1,2,4,5,6,8,9,10,11,12,13,18,21,23,24,25,26,28];9:[0,1,2,4,5,6,8,9,10,11,12,13,18,21,23,24,25,26,28,30];7:[0,4,6,13,26];6:[0,1,2,4,5,6,8,10,12,13,18,21,24,26,28]","c4:bw=16,experts=[]; c8:bw=135,experts=[0,1,2,4,5,6,10,12,13,18,24,26,28]; c1:bw=213,experts=[0,1,2,4,5,6,8,9,10,11,12,13,14,18,21,22,23,24,25,26,28]; c3:bw=136,experts=[0,1,2,4,5,6,10,12,13,18,24,26,28]; c0:bw=119,experts=[0,1,2,4,5,6,10,12,13,26,28]; c5:bw=103,experts=[0,1,2,4,5,6,10,13,24,26]; c2:bw=197,experts=[0,1,2,4,5,6,8,9,10,11,12,13,18,21,23,24,25,26,28]; c9:bw=215,experts=[0,1,2,4,5,6,8,9,10,11,12,13,18,21,23,24,25,26,28,30]; c7:bw=55,experts=[0,4,6,13,26]; c6:bw=151,experts=[0,1,2,4,5,6,8,10,12,13,18,21,24,26,28]","8.6770,6.8172,5.5568,6.5959,6.0880,7.9008,4.9615,4.7581,6.0107,8.5002"
9,2026-09-24 11:55:43,Ours,0.01,2.596309828440693,23.42,23.42,9,72.36,1:12.36,66.3037,4.6801,1.3744,647.6568,10:47.66,10,"2,0,4,9,8,6,7,5,1,3",2:78;0:192;4:218;9:96;8:66;6:114;7:168;5:192;1:53;3:84,"2:[0,1,2,4,6,13,26];0:[0,1,2,4,5,6,8,10,11,12,13,14,18,21,23,24,26,28];4:[0,1,2,4,5,6,8,9,10,11,12,13,14,18,21,22,23,24,26,28];9:[0,1,2,4,6,13,24,26];8:[0,4,6,13,26,28];6:[0,1,2,4,5,6,12,13,24,26,28];7:[0,1,2,4,5,6,8,10,11,12,13,18,23,24,26,28];5:[0,1,2,4,5,6,8,9,10,11,12,13,14,18,21,23,24,26,28];1:[0,4,6,26];3:[0,1,4,6,13,26,28]","c2:bw=78,experts=[0,1,2,4,6,13,26]; c0:bw=192,experts=[0,1,2,4,5,6,8,10,11,12,13,14,18,21,23,24,26,28]; c4:bw=218,experts=[0,1,2,4,5,6,8,9,10,11,12,13,14,18,21,22,23,24,26,28]; c9:bw=96,experts=[0,1,2,4,6,13,24,26]; c8:bw=66,experts=[0,4,6,13,26,28]; c6:bw=114,experts=[0,1,2,4,5,6,12,13,24,26,28]; c7:bw=168,experts=[0,1,2,4,5,6,8,10,11,12,13,18,23,24,26,28]; c5:bw=192,experts=[0,1,2,4,5,6,8,9,10,11,12,13,14,18,21,23,24,26,28]; c1:bw=53,experts=[0,4,6,26]; c3:bw=84,experts=[0,1,4,6,13,26,28]","5.0520,6.0958,8.6361,4.7861,6.8949,8.5758,6.0443,7.9455,5.6133,6.6597"
10,2026-09-24 11:56:56,Ours,0.01,2.5215341632473605,24.57,24.57,10,73.1058,1:13.11,66.3585,5.376,1.3694,720.7766,12:00.78,10,"4,2,7,0,6,3,5,8,9,1",4:135;2:124;7:137;0:216;6:238;3:168;5:212;8:129;9:129;1:149,"4:[0,1,2,4,5,6,10,12,13,18,24,26,28];2:[0,1,2,4,5,6,10,12,13,24,26,28];7:[0,1,2,4,5,6,8,10,12,13,24,26,28];0:[0,1,2,4,5,6,8,9,10,11,12,13,14,18,21,22,23,24,25,26,28];6:[0,1,2,4,5,6,8,9,10,11,12,13,14,15,18,21,22,23,24,25,26,28,30];3:[0,1,2,4,5,6,8,10,12,13,18,21,23,24,26,28];5:[0,1,2,4,5,6,8,9,10,11,12,13,14,18,21,22,23,24,25,26,28];8:[0,1,2,4,5,6,10,12,13,24,26,28];9:[0,1,2,4,5,6,10,12,13,24,26,28];1:[0,1,2,4,5,6,8,10,12,13,18,24,26,28]","c4:bw=135,experts=[0,1,2,4,5,6,10,12,13,18,24,26,28]; c2:bw=124,experts=[0,1,2,4,5,6,10,12,13,24,26,28]; c7:bw=137,experts=[0,1,2,4,5,6,8,10,12,13,24,26,28]; c0:bw=216,experts=[0,1,2,4,5,6,8,9,10,11,12,13,14,18,21,22,23,24,25,26,28]; c6:bw=238,experts=[0,1,2,4,5,6,8,9,10,11,12,13,14,15,18,21,22,23,24,25,26,28,30]; c3:bw=168,experts=[0,1,2,4,5,6,8,10,12,13,18,21,23,24,26,28]; c5:bw=212,experts=[0,1,2,4,5,6,8,9,10,11,12,13,14,18,21,22,23,24,25,26,28]; c8:bw=129,experts=[0,1,2,4,5,6,10,12,13,24,26,28]; c9:bw=129,experts=[0,1,2,4,5,6,10,12,13,24,26,28]; c1:bw=149,experts=[0,1,2,4,5,6,8,10,12,13,18,24,26,28]","8.6306,4.9850,6.0205,6.2231,8.5398,6.6856,7.9200,6.8650,4.8217,5.6673"
11,2026-09-24 11:58:10,Ours,0.01,2.445533412194548,28.04,28.04,11,73.8484,1:13.85,67.4139,5.0298,1.4028,794.6391,13:14.64,10,"5,2,7,3,0,8,9,6,1,4",5:102;2:100;7:160;3:184;0:103;8:143;9:121;6:203;1:148;4:58,"5:[0,1,4,5,6,12,13,24,26];2:[0,1,2,4,5,6,13,24,26];7:[0,1,2,4,5,6,8,10,12,13,18,21,23,24,26,28];3:[0,1,2,4,5,6,8,9,10,11,12,13,18,21,23,24,26,28];0:[0,1,2,4,5,6,10,13,24,26];8:[0,1,2,4,5,6,8,10,12,13,24,26,28];9:[0,1,2,4,5,6,10,12,13,24,26,28];6:[0,1,2,4,5,6,8,9,10,11,12,13,14,18,21,23,24,25,26,28];1:[0,1,2,4,5,6,8,10,12,13,18,24,26,28];4:[0,4,6,13,26]","c5:bw=102,experts=[0,1,4,5,6,12,13,24,26]; c2:bw=100,experts=[0,1,2,4,5,6,13,24,26]; c7:bw=160,experts=[0,1,2,4,5,6,8,10,12,13,18,21,23,24,26,28]; c3:bw=184,experts=[0,1,2,4,5,6,8,9,10,11,12,13,18,21,23,24,26,28]; c0:bw=103,experts=[0,1,2,4,5,6,10,13,24,26]; c8:bw=143,experts=[0,1,2,4,5,6,8,10,12,13,24,26,28]; c9:bw=121,experts=[0,1,2,4,5,6,10,12,13,24,26,28]; c6:bw=203,experts=[0,1,2,4,5,6,8,9,10,11,12,13,14,18,21,23,24,25,26,28]; c1:bw=148,experts=[0,1,2,4,5,6,8,10,12,13,18,24,26,28]; c4:bw=58,experts=[0,4,6,13,26]","8.0459,5.0335,6.0995,6.6991,6.1419,6.9248,5.0013,8.7851,5.7581,8.9247"
12,2026-09-24 11:59:26,Ours,0.01,2.380765498262923,29.01,29.01,12,75.2213,1:15.22,68.4521,5.4096,1.3577,869.8752,14:29.88,10,"1,5,2,4,3,7,9,6,8,0",1:155;5:205;2:211;4:103;3:128;7:108;9:154;6:106;8:201;0:180,"1:[0,1,2,4,5,6,8,10,12,13,18,21,24,26,28];5:[0,1,2,4,5,6,8,9,10,11,12,13,15,18,21,23,24,25,26,28];2:[0,1,2,4,5,6,8,9,10,11,12,13,14,18,21,22,23,24,25,26,28];4:[0,1,4,5,6,12,13,18,24,26];3:[0,1,4,5,6,8,12,13,18,24,26,28];7:[0,1,4,5,6,12,13,18,24,26];9:[0,1,2,4,5,6,8,10,12,13,18,21,24,26,28];6:[0,1,2,4,5,6,13,18,24,26];8:[0,1,2,4,5,6,8,9,10,11,12,13,18,21,23,24,25,26,28,30];0:[0,1,2,4,5,6,8,9,10,12,13,18,21,22,23,24,26,28]","c1:bw=155,experts=[0,1,2,4,5,6,8,10,12,13,18,21,24,26,28]; c5:bw=205,experts=[0,1,2,4,5,6,8,9,10,11,12,13,15,18,21,23,24,25,26,28]; c2:bw=211,experts=[0,1,2,4,5,6,8,9,10,11,12,13,14,18,21,22,23,24,25,26,28]; c4:bw=103,experts=[0,1,4,5,6,12,13,18,24,26]; c3:bw=128,experts=[0,1,4,5,6,8,12,13,18,24,26,28]; c7:bw=108,experts=[0,1,4,5,6,12,13,18,24,26]; c9:bw=154,experts=[0,1,2,4,5,6,8,10,12,13,18,21,24,26,28]; c6:bw=106,experts=[0,1,2,4,5,6,13,18,24,26]; c8:bw=201,experts=[0,1,2,4,5,6,8,9,10,11,12,13,18,21,23,24,25,26,28,30]; c0:bw=180,experts=[0,1,2,4,5,6,8,9,10,12,13,18,21,22,23,24,26,28]","5.9067,8.2948,5.2404,8.9860,6.8526,6.1220,4.9638,8.5654,7.2119,6.3084"
13,2026-09-24 12:00:39,Ours,0.01,2.3489957569440487,30.51,30.51,13,73.3723,1:13.37,67.5116,4.462,1.397,943.2618,15:43.26,10,"3,1,4,5,8,6,9,7,0,2",3:111;1:174;4:13;5:107;8:56;6:133;9:54;7:214;0:93;2:59,"3:[0,1,4,5,6,10,13,18,21,24,26];1:[0,1,2,4,5,6,8,9,10,12,13,18,21,23,24,26,28];4:[];5:[0,1,2,4,5,6,10,13,24,26];8:[0,4,6,13,26];6:[0,1,4,5,6,10,12,13,18,21,24,26,28];9:[0,4,6,13,26];7:[0,1,2,4,5,6,8,9,10,11,12,13,14,15,18,21,23,24,25,26,28];0:[0,2,4,5,6,13,24,26];2:[0,4,6,13,26]","c3:bw=111,experts=[0,1,4,5,6,10,13,18,21,24,26]; c1:bw=174,experts=[0,1,2,4,5,6,8,9,10,12,13,18,21,23,24,26,28]; c4:bw=13,experts=[]; c5:bw=107,experts=[0,1,2,4,5,6,10,13,24,26]; c8:bw=56,experts=[0,4,6,13,26]; c6:bw=133,experts=[0,1,4,5,6,10,12,13,18,21,24,26,28]; c9:bw=54,experts=[0,4,6,13,26]; c7:bw=214,experts=[0,1,2,4,5,6,8,9,10,11,12,13,14,15,18,21,23,24,25,26,28]; c0:bw=93,experts=[0,2,4,5,6,13,24,26]; c2:bw=59,experts=[0,4,6,13,26]","6.7013,5.7527,8.6733,7.9796,7.0022,8.7957,4.8295,6.3070,6.3433,5.1269"
14,2026-09-24 12:01:52,Ours,0.01,2.2662456845754186,33.82,33.82,14,73.4037,1:13.40,67.0167,5.005,1.3802,1016.681,16:56.68,10,"2,4,5,1,7,0,9,3,8,6",2:165;4:21;5:234;1:141;7:92;0:93;9:116;3:167;8:77;6:246,"2:[0,1,2,4,5,6,9,10,12,13,18,21,23,24,26,28];4:[4,26];5:[0,1,2,4,5,6,8,9,10,11,12,13,14,15,18,20,21,22,23,24,25,26,28];1:[0,1,2,4,5,6,10,12,13,18,21,24,26,28];7:[0,4,5,6,13,24,26,28];0:[0,4,5,6,12,13,24,26,28];9:[0,1,4,5,6,12,13,24,26,28];3:[0,1,2,4,5,6,9,10,12,13,18,21,23,24,26,28];8:[0,1,2,4,6,13,26];6:[0,1,2,4,5,6,8,9,10,11,12,13,14,15,18,20,21,22,23,24,25,26,28,30]","c2:bw=165,experts=[0,1,2,4,5,6,9,10,12,13,18,21,23,24,26,28]; c4:bw=21,experts=[4,26]; c5:bw=234,experts=[0,1,2,4,5,6,8,9,10,11,12,13,14,15,18,20,21,22,23,24,25,26,28]; c1:bw=141,experts=[0,1,2,4,5,6,10,12,13,18,21,24,26,28]; c7:bw=92,experts=[0,4,5,6,13,24,26,28]; c0:bw=93,experts=[0,4,5,6,12,13,24,26,28]; c9:bw=116,experts=[0,1,4,5,6,12,13,24,26,28]; c3:bw=167,experts=[0,1,2,4,5,6,9,10,12,13,18,21,23,24,26,28]; c8:bw=77,experts=[0,1,2,4,6,13,26]; c6:bw=246,experts=[0,1,2,4,5,6,8,9,10,11,12,13,14,15,18,20,21,22,23,24,25,26,28,30]","5.2459,8.6391,8.0005,5.6967,6.0868,6.2369,4.8064,6.6796,6.9699,8.6550"
15,2026-09-24 12:03:05,Ours,0.01,2.2279576799826604,35.72,35.72,15,72.9158,1:12.92,66.8376,4.7058,1.3707,1089.6118,18:09.61,10,"7,0,1,8,3,2,4,5,9,6",7:216;0:75;1:52;8:190;3:38;2:193;4:171;5:65;9:71;6:120,"7:[0,1,2,4,5,6,8,9,10,11,12,13,18,21,22,23,24,25,26,28];0:[0,2,4,5,6,13,26];1:[0,4,6,13,26];8:[0,1,2,4,5,6,8,9,10,11,12,13,15,18,21,24,25,26,28];3:[4,6,26];2:[0,1,2,4,5,6,8,9,10,11,12,13,18,21,23,24,25,26,28];4:[0,1,2,4,5,6,8,9,10,12,13,18,21,23,24,26,28];5:[0,4,5,6,13,26];9:[0,2,4,6,13,26];6:[0,1,4,5,6,10,12,13,18,24,26,28]","c7:bw=216,experts=[0,1,2,4,5,6,8,9,10,11,12,13,18,21,22,23,24,25,26,28]; c0:bw=75,experts=[0,2,4,5,6,13,26]; c1:bw=52,experts=[0,4,6,13,26]; c8:bw=190,experts=[0,1,2,4,5,6,8,9,10,11,12,13,15,18,21,24,25,26,28]; c3:bw=38,experts=[4,6,26]; c2:bw=193,experts=[0,1,2,4,5,6,8,9,10,11,12,13,18,21,23,24,25,26,28]; c4:bw=171,experts=[0,1,2,4,5,6,8,9,10,12,13,18,21,23,24,26,28]; c5:bw=65,experts=[0,4,5,6,13,26]; c9:bw=71,experts=[0,2,4,6,13,26]; c6:bw=120,experts=[0,1,4,5,6,10,12,13,18,24,26,28]","6.1304,6.2439,5.7079,6.9940,6.5788,5.1070,8.6182,7.9944,4.8746,8.5885"
16,2026-09-24 12:04:19,Ours,0.01,2.1774724427793024,37.4,37.4,16,73.3068,1:13.31,66.9335,5.0032,1.3684,1162.9333,19:22.93,10,"6,1,3,8,7,5,4,9,0,2",6:147;1:105;3:159;8:180;7:81;5:145;4:130;9:88;0:208;2:189,"6:[0,4,5,6,9,10,12,13,18,21,24,26,28];1:[0,2,4,5,6,13,24,26,28];3:[0,1,4,5,6,9,10,12,13,18,21,23,24,26,28];8:[0,1,2,4,5,6,8,9,10,11,12,13,18,21,23,24,26,28];7:[0,4,5,6,13,18,26,28];5:[0,1,4,5,6,9,10,12,13,18,21,24,26,28];4:[0,1,2,4,5,6,10,12,13,18,24,26,28];9:[0,2,4,5,6,13,24,26];0:[0,1,2,4,5,6,8,9,10,11,12,13,15,18,21,23,24,25,26,28];2:[0,1,2,4,5,6,8,9,10,12,13,18,21,23,24,26,28]","c6:bw=147,experts=[0,4,5,6,9,10,12,13,18,21,24,26,28]; c1:bw=105,experts=[0,2,4,5,6,13,24,26,28]; c3:bw=159,experts=[0,1,4,5,6,9,10,12,13,18,21,23,24,26,28]; c8:bw=180,experts=[0,1,2,4,5,6,8,9,10,11,12,13,18,21,23,24,26,28]; c7:bw=81,experts=[0,4,5,6,13,18,26,28]; c5:bw=145,experts=[0,1,4,5,6,9,10,12,13,18,21,24,26,28]; c4:bw=130,experts=[0,1,2,4,5,6,10,12,13,18,24,26,28]; c9:bw=88,experts=[0,2,4,5,6,13,24,26]; c0:bw=208,experts=[0,1,2,4,5,6,8,9,10,11,12,13,15,18,21,23,24,25,26,28]; c2:bw=189,experts=[0,1,2,4,5,6,8,9,10,12,13,18,21,23,24,26,28]","8.6585,5.7855,6.6939,6.9590,6.0837,8.0348,8.6674,4.8142,6.1953,5.0413"
17,2026-09-24 12:05:32,Ours,0.01,2.1369213962588267,38.27,38.27,17,72.8489,1:12.85,67.0177,4.4687,1.3608,1235.7985,20:35.80,10,"4,7,8,3,5,1,0,2,9,6",4:212;7:90;8:29;3:192;5:11;1:106;0:39;2:71;9:136;6:141,"4:[0,1,2,4,5,6,8,9,10,11,12,13,14,18,21,22,23,24,25,26,28];7:[0,4,5,6,13,18,24,26,28];8:[4,26];3:[0,1,2,4,5,6,8,9,10,11,12,13,18,21,22,23,24,26,28];5:[4];1:[0,1,4,5,6,13,18,24,26,28];0:[4,6,26];2:[0,4,5,6,13,18,26];9:[0,2,4,5,6,9,10,12,13,18,24,26,28];6:[0,1,4,5,6,9,10,12,13,18,21,24,26,28]","c4:bw=212,experts=[0,1,2,4,5,6,8,9,10,11,12,13,14,18,21,22,23,24,25,26,28]; c7:bw=90,experts=[0,4,5,6,13,18,24,26,28]; c8:bw=29,experts=[4,26]; c3:bw=192,experts=[0,1,2,4,5,6,8,9,10,11,12,13,18,21,22,23,24,26,28]; c5:bw=11,experts=[4]; c1:bw=106,experts=[0,1,4,5,6,13,18,24,26,28]; c0:bw=39,experts=[4,6,26]; c2:bw=71,experts=[0,4,5,6,13,18,26]; c9:bw=136,experts=[0,2,4,5,6,9,10,12,13,18,24,26,28]; c6:bw=141,experts=[0,1,4,5,6,9,10,12,13,18,21,24,26,28]","8.7423,6.1335,6.9204,6.7198,7.9855,5.7392,6.2281,5.0813,4.8894,8.5782"
18,2026-09-24 12:06:44,Ours,0.01,2.1059707474616824,40.68,40.68,18,72.8481,1:12.85,66.8178,4.6533,1.3752,1308.664,21:48.66,10,"1,8,5,2,9,7,4,3,0,6",1:23;8:18;5:127;2:137;9:69;7:200;4:204;3:137;0:179;6:115,"1:[4,26];8:[4];5:[0,4,5,6,9,13,18,21,24,26,28];2:[0,1,2,4,5,6,12,13,18,24,26,28];9:[0,4,5,6,13,26];7:[0,1,2,4,5,6,8,9,10,11,12,13,18,21,22,23,24,25,26,28];4:[0,1,2,4,5,6,8,9,10,11,12,13,18,21,22,23,24,25,26,28];3:[0,1,2,4,5,6,9,10,13,18,24,26,28];0:[0,1,2,4,5,6,9,10,12,13,18,21,22,23,24,26,28];6:[0,1,2,4,5,6,10,13,18,24,26]","c1:bw=23,experts=[4,26]; c8:bw=18,experts=[4]; c5:bw=127,experts=[0,4,5,6,9,13,18,21,24,26,28]; c2:bw=137,experts=[0,1,2,4,5,6,12,13,18,24,26,28]; c9:bw=69,experts=[0,4,5,6,13,26]; c7:bw=200,experts=[0,1,2,4,5,6,8,9,10,11,12,13,18,21,22,23,24,25,26,28]; c4:bw=204,experts=[0,1,2,4,5,6,8,9,10,11,12,13,18,21,22,23,24,25,26,28]; c3:bw=137,experts=[0,1,2,4,5,6,9,10,13,18,24,26,28]; c0:bw=179,experts=[0,1,2,4,5,6,9,10,12,13,18,21,22,23,24,26,28]; c6:bw=115,experts=[0,1,2,4,5,6,10,13,18,24,26]","5.6737,6.9442,8.0849,5.0443,4.8065,6.0644,8.6920,6.6749,6.2364,8.5964"
19,2026-09-24 12:07:58,Ours,0.01,2.0707774487299506,40.42,40.68,18,73.6288,1:13.63,67.0844,5.1419,1.4006,1382.3089,23:02.31,10,"8,0,4,1,9,5,7,2,6,3",8:205;0:154;4:188;1:169;9:140;5:106;7:82;2:52;6:241;3:145,"8:[0,1,2,4,5,6,8,9,10,11,12,13,18,21,22,23,24,25,26,28];0:[0,1,2,4,5,6,9,10,12,13,18,21,24,26,28];4:[0,1,2,4,5,6,9,10,11,12,13,18,21,22,23,24,26,28];1:[0,1,4,5,6,9,10,12,13,18,21,23,24,26,28];9:[0,2,4,5,6,9,10,12,13,18,24,26,28];5:[0,4,5,6,9,13,18,24,26,28];7:[0,2,4,6,13,24,26,28];2:[4,6,13,26];6:[0,1,2,4,5,6,8,9,10,11,12,13,14,15,18,20,21,22,23,24,25,26,28,30];3:[0,1,2,4,5,6,10,11,13,18,21,24,26,28]","c8:bw=205,experts=[0,1,2,4,5,6,8,9,10,11,12,13,18,21,22,23,24,25,26,28]; c0:bw=154,experts=[0,1,2,4,5,6,9,10,12,13,18,21,24,26,28]; c4:bw=188,experts=[0,1,2,4,5,6,9,10,11,12,13,18,21,22,23,24,26,28]; c1:bw=169,experts=[0,1,4,5,6,9,10,12,13,18,21,23,24,26,28]; c9:bw=140,experts=[0,2,4,5,6,9,10,12,13,18,24,26,28]; c5:bw=106,experts=[0,4,5,6,9,13,18,24,26,28]; c7:bw=82,experts=[0,2,4,6,13,24,26,28]; c2:bw=52,experts=[4,6,13,26]; c6:bw=241,experts=[0,1,2,4,5,6,8,9,10,11,12,13,14,15,18,20,21,22,23,24,25,26,28,30]; c3:bw=145,experts=[0,1,2,4,5,6,10,11,13,18,21,24,26,28]","7.0137,6.2419,8.6738,5.7117,4.8634,8.0160,6.1689,5.0759,8.6334,6.6857"
20,2026-09-24 12:09:12,Ours,0.01,2.0434369651988518,42.2,42.2,20,73.8457,1:13.85,67.5951,4.909,1.3399,1456.1724,24:16.17,10,"0,2,1,9,7,6,3,5,4,8",0:101;2:151;1:147;9:61;7:157;6:248;3:67;5:13;4:217;8:184,"0:[0,4,5,6,9,13,18,24,26];2:[0,1,2,4,5,6,9,10,12,13,18,21,24,26,28];1:[0,1,2,4,5,6,10,13,18,21,24,26,28];9:[0,4,5,6,13,26];7:[0,4,5,6,9,10,12,13,18,21,23,24,26,28];6:[0,1,2,4,5,6,8,9,10,11,12,13,14,15,18,19,20,21,22,23,24,25,26,28];3:[0,4,6,13,26,28];5:[4];4:[0,1,2,4,5,6,8,9,10,11,12,13,14,18,19,21,22,23,24,26,28];8:[0,1,2,4,5,6,8,9,10,12,13,15,18,21,23,24,26,28]","c0:bw=101,experts=[0,4,5,6,9,13,18,24,26]; c2:bw=151,experts=[0,1,2,4,5,6,9,10,12,13,18,21,24,26,28]; c1:bw=147,experts=[0,1,2,4,5,6,10,13,18,21,24,26,28]; c9:bw=61,experts=[0,4,5,6,13,26]; c7:bw=157,experts=[0,4,5,6,9,10,12,13,18,21,23,24,26,28]; c6:bw=248,experts=[0,1,2,4,5,6,8,9,10,11,12,13,14,15,18,19,20,21,22,23,24,25,26,28]; c3:bw=67,experts=[0,4,6,13,26,28]; c5:bw=13,experts=[4]; c4:bw=217,experts=[0,1,2,4,5,6,8,9,10,11,12,13,14,18,19,21,22,23,24,26,28]; c8:bw=184,experts=[0,1,2,4,5,6,8,9,10,12,13,15,18,21,23,24,26,28]","6.3549,5.1621,5.7704,4.8970,6.1763,8.7462,6.7635,8.0628,8.7073,6.9547"
21,2026-09-24 12:10:25,Ours,0.01,2.01067423638858,43.34,43.34,21,72.6859,1:12.69,66.7327,4.6037,1.3478,1528.8768,25:28.88,10,"1,2,7,4,8,5,0,3,6,9",1:150;2:145;7:46;4:175;8:67;5:118;0:243;3:27;6:57;9:93,"1:[0,1,2,4,5,6,9,10,12,13,18,21,24,26,28];2:[0,2,4,5,6,9,10,12,13,18,21,24,26,28];7:[4,6,13,26];4:[0,1,2,4,5,6,9,10,12,13,18,21,22,23,24,26,28];8:[0,4,6,13,26];5:[0,4,5,6,9,12,13,18,24,26,28];0:[0,1,2,4,5,6,8,9,10,11,12,13,14,15,18,19,20,21,22,23,24,25,26,28];3:[4];6:[0,4,9,13,26];9:[0,2,4,5,6,13,18,24,26]","c1:bw=150,experts=[0,1,2,4,5,6,9,10,12,13,18,21,24,26,28]; c2:bw=145,experts=[0,2,4,5,6,9,10,12,13,18,21,24,26,28]; c7:bw=46,experts=[4,6,13,26]; c4:bw=175,experts=[0,1,2,4,5,6,9,10,12,13,18,21,22,23,24,26,28]; c8:bw=67,experts=[0,4,6,13,26]; c5:bw=118,experts=[0,4,5,6,9,12,13,18,24,26,28]; c0:bw=243,experts=[0,1,2,4,5,6,8,9,10,11,12,13,14,15,18,19,20,21,22,23,24,25,26,28]; c3:bw=27,experts=[4]; c6:bw=57,experts=[0,4,9,13,26]; c9:bw=93,experts=[0,2,4,5,6,13,18,24,26]","5.7902,5.0334,6.1449,8.6598,6.9617,7.9728,6.2185,6.6055,8.4982,4.8476"
22,2026-09-24 12:11:39,Ours,0.01,1.9816213241479148,44.72,44.72,22,74.0659,1:14.07,67.124,5.5163,1.4239,1602.962,26:42.96,10,"7,9,1,6,5,2,0,4,3,8",7:59;9:120;1:24;6:224;5:61;2:242;0:245;4:133;3:204;8:120,"7:[0,4,6,13,26];9:[0,2,4,5,6,9,10,13,18,21,26,28];1:[4,26];6:[0,1,2,4,5,6,8,9,10,11,12,13,14,18,20,21,22,23,24,25,26,28];5:[0,4,6,13,26];2:[0,1,2,4,5,6,8,9,10,11,12,13,14,15,16,18,21,22,23,24,25,26,28];0:[0,1,2,4,5,6,8,9,10,11,12,13,14,15,18,19,20,21,22,23,24,25,26,28];4:[0,4,5,6,9,10,12,13,18,21,22,24,26];3:[0,1,2,4,5,6,8,9,10,12,13,14,18,21,22,23,24,26,28];8:[0,2,4,5,6,9,10,13,18,24,26,28]","c7:bw=59,experts=[0,4,6,13,26]; c9:bw=120,experts=[0,2,4,5,6,9,10,13,18,21,26,28]; c1:bw=24,experts=[4,26]; c6:bw=224,experts=[0,1,2,4,5,6,8,9,10,11,12,13,14,18,20,21,22,23,24,25,26,28]; c5:bw=61,experts=[0,4,6,13,26]; c2:bw=242,experts=[0,1,2,4,5,6,8,9,10,11,12,13,14,15,16,18,21,22,23,24,25,26,28]; c0:bw=245,experts=[0,1,2,4,5,6,8,9,10,11,12,13,14,15,18,19,20,21,22,23,24,25,26,28]; c4:bw=133,experts=[0,4,5,6,9,10,12,13,18,21,22,24,26]; c3:bw=204,experts=[0,1,2,4,5,6,8,9,10,12,13,14,18,21,22,23,24,26,28]; c8:bw=120,experts=[0,2,4,5,6,9,10,13,18,24,26,28]","6.1165,4.8419,5.7556,8.5984,8.0559,5.0936,6.2067,8.5947,6.6406,7.2201"
23,2026-09-24 12:12:56,Ours,0.01,1.9618378268623602,45.17,45.17,23,76.9078,1:16.91,70.2391,5.2232,1.4437,1679.8886,27:59.89,10,"5,7,4,6,9,8,3,1,2,0",5:190;7:55;4:205;6:37;9:184;8:128;3:57;1:226;2:118;0:41,"5:[0,1,2,4,5,6,8,9,10,11,12,13,18,21,23,24,25,26,28];7:[0,4,6,13,26];4:[0,1,2,4,5,6,8,9,10,11,12,13,18,20,21,22,23,24,26,28];6:[4,6,26];9:[0,1,2,4,5,6,9,10,12,13,18,20,21,22,23,24,26,28];8:[0,4,5,6,9,10,13,18,21,24,26,28];3:[0,4,6,13,26];1:[0,1,2,4,5,6,8,9,10,11,12,13,14,15,16,18,21,23,24,25,26,28];2:[0,2,4,5,6,9,13,21,24,26,28];0:[0,4,6,26]","c5:bw=190,experts=[0,1,2,4,5,6,8,9,10,11,12,13,18,21,23,24,25,26,28]; c7:bw=55,experts=[0,4,6,13,26]; c4:bw=205,experts=[0,1,2,4,5,6,8,9,10,11,12,13,18,20,21,22,23,24,26,28]; c6:bw=37,experts=[4,6,26]; c9:bw=184,experts=[0,1,2,4,5,6,9,10,12,13,18,20,21,22,23,24,26,28]; c8:bw=128,experts=[0,4,5,6,9,10,13,18,21,24,26,28]; c3:bw=57,experts=[0,4,6,13,26]; c1:bw=226,experts=[0,1,2,4,5,6,8,9,10,11,12,13,14,15,16,18,21,23,24,25,26,28]; c2:bw=118,experts=[0,2,4,5,6,9,13,21,24,26,28]; c0:bw=41,experts=[0,4,6,26]","8.4379,6.4116,9.0256,8.9374,5.0831,7.3107,7.0212,6.1116,5.3407,6.5593"
24,2026-09-24 12:14:11,Ours,0.01,1.9397499540798282,46.43,46.43,24,75.0369,1:15.04,69.4662,4.1741,1.395,1754.9451,29:14.95,10,"6,4,7,9,2,1,5,8,3,0",6:110;4:46;7:12;9:182;2:158;1:10;5:90;8:67;3:10;0:115,"6:[0,2,4,5,6,9,13,18,24,26,28];4:[4,6,26];7:[4];9:[0,1,2,4,5,6,8,9,10,12,13,18,21,23,24,25,26,28];2:[0,2,4,5,6,9,10,12,13,18,21,22,24,26,28];1:[4];5:[0,4,5,6,9,13,24,26];8:[0,4,5,6,13,26];3:[4];0:[0,2,4,5,6,9,13,18,21,24,26]","c6:bw=110,experts=[0,2,4,5,6,9,13,18,24,26,28]; c4:bw=46,experts=[4,6,26]; c7:bw=12,experts=[4]; c9:bw=182,experts=[0,1,2,4,5,6,8,9,10,12,13,18,21,23,24,25,26,28]; c2:bw=158,experts=[0,2,4,5,6,9,10,12,13,18,21,22,24,26,28]; c1:bw=10,experts=[4]; c5:bw=90,experts=[0,4,5,6,9,13,24,26]; c8:bw=67,experts=[0,4,5,6,13,26]; c3:bw=10,experts=[4]; c0:bw=115,experts=[0,2,4,5,6,9,13,18,21,24,26]","9.0319,9.0996,6.3501,5.0312,5.1826,5.9202,8.4001,7.2073,6.9235,6.3196"
25,2026-09-24 12:15:26,Ours,0.01,1.9150278800040557,47.36,47.36,25,75.0462,1:15.05,68.4332,5.2404,1.3708,1830.011,30:30.01,10,"9,6,4,3,5,1,8,2,0,7",9:148;6:58;4:214;3:50;5:233;1:179;8:200;2:46;0:206;7:146,"9:[0,1,2,4,5,6,9,13,18,21,24,26,28];6:[4,6,9,13,26];4:[0,1,2,4,5,6,8,9,10,11,12,13,18,19,21,22,23,24,25,26,28];3:[4,6,13,26];5:[0,1,2,4,5,6,8,9,10,11,12,13,14,18,19,20,21,22,23,24,25,26,28];1:[0,1,2,4,5,6,9,10,12,13,18,21,22,23,24,26,28];8:[0,1,2,4,5,6,8,10,11,12,13,15,16,18,21,23,24,25,26,28];2:[4,6,26];0:[0,1,2,4,5,6,8,9,10,11,12,13,18,21,22,23,24,25,26,28];7:[0,2,4,5,6,9,12,13,18,21,22,24,26,28]","c9:bw=148,experts=[0,1,2,4,5,6,9,13,18,21,24,26,28]; c6:bw=58,experts=[4,6,9,13,26]; c4:bw=214,experts=[0,1,2,4,5,6,8,9,10,11,12,13,18,19,21,22,23,24,25,26,28]; c3:bw=50,experts=[4,6,13,26]; c5:bw=233,experts=[0,1,2,4,5,6,8,9,10,11,12,13,14,18,19,20,21,22,23,24,25,26,28]; c1:bw=179,experts=[0,1,2,4,5,6,9,10,12,13,18,21,22,23,24,26,28]; c8:bw=200,experts=[0,1,2,4,5,6,8,10,11,12,13,15,16,18,21,23,24,25,26,28]; c2:bw=46,experts=[4,6,26]; c0:bw=206,experts=[0,1,2,4,5,6,8,9,10,11,12,13,18,21,22,23,24,25,26,28]; c7:bw=146,experts=[0,2,4,5,6,9,12,13,18,21,22,24,26,28]","5.0664,8.7941,8.8350,6.7305,8.2386,5.8324,7.0666,5.1232,6.3683,6.3781"
26,2026-09-24 12:16:40,Ours,0.01,1.8925091590533536,47.93,47.93,26,74.1337,1:14.13,67.9623,4.7934,1.3763,1904.1639,31:44.16,10,"3,6,9,7,1,5,2,8,0,4",3:162;6:123;9:184;7:114;1:122;5:75;2:110;8:195;0:39;4:175,"3:[0,2,4,5,6,9,10,12,13,18,21,23,24,26,28];6:[0,4,5,6,9,10,13,18,21,24,26,28];9:[0,1,2,4,5,6,9,10,12,13,18,20,21,22,23,24,26,28];7:[0,2,4,5,6,9,13,18,21,24,26];1:[0,4,5,6,9,12,13,18,21,24,26,28];5:[0,4,5,6,9,13,26];2:[0,1,2,4,5,6,10,13,18,24,26];8:[0,2,4,5,6,8,9,10,12,13,18,20,21,22,23,24,26,28];0:[4,13,26];4:[0,4,5,6,8,9,10,12,13,18,20,21,22,23,24,26,28]","c3:bw=162,experts=[0,2,4,5,6,9,10,12,13,18,21,23,24,26,28]; c6:bw=123,experts=[0,4,5,6,9,10,13,18,21,24,26,28]; c9:bw=184,experts=[0,1,2,4,5,6,9,10,12,13,18,20,21,22,23,24,26,28]; c7:bw=114,experts=[0,2,4,5,6,9,13,18,21,24,26]; c1:bw=122,experts=[0,4,5,6,9,12,13,18,21,24,26,28]; c5:bw=75,experts=[0,4,5,6,9,13,26]; c2:bw=110,experts=[0,1,2,4,5,6,10,13,18,24,26]; c8:bw=195,experts=[0,2,4,5,6,8,9,10,12,13,18,20,21,22,23,24,26,28]; c0:bw=39,experts=[4,13,26]; c4:bw=175,experts=[0,4,5,6,8,9,10,12,13,18,20,21,22,23,24,26,28]","6.8307,8.6573,4.9412,6.2281,5.8339,8.1366,5.1439,7.0867,6.3346,8.7692"
27,2026-09-24 12:17:55,Ours,0.01,1.8737816427794436,48.51,48.51,27,74.6492,1:14.65,68.2214,5.0395,1.3865,1978.834,32:58.83,10,"7,1,4,0,9,2,8,3,6,5",7:188;1:227;4:45;0:131;9:66;2:73;8:202;3:77;6:231;5:134,"7:[0,2,4,5,6,9,10,12,13,18,20,21,22,23,24,26,28];1:[0,1,2,4,5,6,8,9,10,11,12,13,14,18,20,21,22,23,24,25,26,28];4:[4,6,13,26];0:[0,2,4,5,6,9,12,13,18,21,24,26,28];9:[2,4,6,9,13,26];2:[0,4,6,9,13,26];8:[0,1,2,4,5,6,8,9,10,12,13,18,20,21,22,23,24,26,28];3:[0,4,5,6,9,13,26];6:[0,1,2,4,5,6,8,9,10,11,12,13,14,18,19,20,21,22,23,24,25,26,28];5:[0,1,2,4,5,6,9,12,13,18,24,26,28]","c7:bw=188,experts=[0,2,4,5,6,9,10,12,13,18,20,21,22,23,24,26,28]; c1:bw=227,experts=[0,1,2,4,5,6,8,9,10,11,12,13,14,18,20,21,22,23,24,25,26,28]; c4:bw=45,experts=[4,6,13,26]; c0:bw=131,experts=[0,2,4,5,6,9,12,13,18,21,24,26,28]; c9:bw=66,experts=[2,4,6,9,13,26]; c2:bw=73,experts=[0,4,6,9,13,26]; c8:bw=202,experts=[0,1,2,4,5,6,8,9,10,12,13,18,20,21,22,23,24,26,28]; c3:bw=77,experts=[0,4,5,6,9,13,26]; c6:bw=231,experts=[0,1,2,4,5,6,8,9,10,11,12,13,14,18,19,20,21,22,23,24,25,26,28]; c5:bw=134,experts=[0,1,2,4,5,6,9,12,13,18,24,26,28]","6.2485,5.8856,8.8717,6.2660,4.9045,5.1650,7.0862,6.7582,8.7218,8.3138"
28,2026-09-24 12:19:08,Ours,0.01,1.9191165343841654,48.25,48.51,27,73.9281,1:13.93,68.4249,4.1173,1.3843,2052.7841,34:12.78,10,"6,9,0,8,2,5,1,3,4,7",6:108;9:179;0:172;8:108;2:10;5:122;1:91;3:42;4:28;7:10,"6:[0,4,5,6,9,13,18,24,26];9:[0,1,2,4,5,6,8,9,10,12,13,18,21,22,24,26,28];0:[0,1,2,4,5,6,9,10,11,12,13,18,21,23,24,26,28];8:[0,4,5,6,9,13,18,21,24,26];2:[];5:[0,4,5,6,9,12,13,18,21,24,26,28];1:[0,4,5,6,9,13,18,26];3:[4,5,13,26];4:[4];7:[]","c6:bw=108,experts=[0,4,5,6,9,13,18,24,26]; c9:bw=179,experts=[0,1,2,4,5,6,8,9,10,12,13,18,21,22,24,26,28]; c0:bw=172,experts=[0,1,2,4,5,6,9,10,11,12,13,18,21,23,24,26,28]; c8:bw=108,experts=[0,4,5,6,9,13,18,21,24,26]; c2:bw=10,experts=[]; c5:bw=122,experts=[0,4,5,6,9,12,13,18,21,24,26,28]; c1:bw=91,experts=[0,4,5,6,9,13,18,26]; c3:bw=42,experts=[4,5,13,26]; c4:bw=28,experts=[4]; c7:bw=10,experts=[]","8.5965,4.8553,6.2307,6.9132,4.9920,8.0389,5.7390,7.0957,9.1616,6.8021"
29,2026-09-24 12:20:24,Ours,0.01,1.838047131037555,50.3,50.3,29,75.4458,1:15.45,69.2628,4.7844,1.3968,2128.2508,35:28.25,10,"4,0,1,9,6,8,7,3,2,5",4:140;0:161;1:122;9:160;6:157;8:123;7:77;3:116;2:66;5:123,"4:[0,4,5,6,9,12,13,18,21,22,24,26,28];0:[0,2,4,5,6,8,9,10,12,13,18,21,22,24,26,28];1:[0,1,2,4,5,6,10,13,18,24,26,28];9:[0,1,2,4,5,6,9,10,12,13,18,21,24,25,26];6:[0,1,2,4,5,6,9,10,12,13,18,21,24,26,28];8:[0,1,2,4,5,6,9,10,13,18,24,26];7:[0,2,4,6,13,26];3:[0,1,2,4,5,6,9,13,18,24,26];2:[0,4,5,6,13,26];5:[0,1,2,4,5,6,12,13,18,24,26,28]","c4:bw=140,experts=[0,4,5,6,9,12,13,18,21,22,24,26,28]; c0:bw=161,experts=[0,2,4,5,6,8,9,10,12,13,18,21,22,24,26,28]; c1:bw=122,experts=[0,1,2,4,5,6,10,13,18,24,26,28]; c9:bw=160,experts=[0,1,2,4,5,6,9,10,12,13,18,21,24,25,26]; c6:bw=157,experts=[0,1,2,4,5,6,9,10,12,13,18,21,24,26,28]; c8:bw=123,experts=[0,1,2,4,5,6,9,10,13,18,24,26]; c7:bw=77,experts=[0,2,4,6,13,26]; c3:bw=116,experts=[0,1,2,4,5,6,9,13,18,24,26]; c2:bw=66,experts=[0,4,5,6,13,26]; c5:bw=123,experts=[0,1,2,4,5,6,12,13,18,24,26,28]","8.6937,6.3500,6.1506,5.1262,8.9640,7.1692,6.3351,6.8762,5.2246,8.3733"
30,2026-09-24 12:21:38,Ours,0.01,1.822579329555996,50.27,50.3,29,73.6954,1:13.70,67.4412,4.8689,1.3835,2201.9666,36:41.97,10,"5,1,9,4,0,8,6,7,3,2",5:226;1:129;9:200;4:189;0:64;8:152;6:39;7:44;3:216;2:99,"5:[0,1,2,4,5,6,8,9,10,11,12,13,14,18,20,21,22,23,24,25,26,28];1:[0,1,2,4,5,6,12,13,18,24,26];9:[0,1,2,4,5,6,8,9,10,11,12,13,18,21,22,23,24,26,28];4:[0,1,2,4,5,6,9,10,11,12,13,18,21,22,24,26,28];0:[0,4,6,9,13,26];8:[0,4,5,6,9,10,12,13,18,20,21,22,24,26,28];6:[4,6,26];7:[4,6,13,26];3:[0,1,2,4,5,6,8,9,10,11,12,13,14,18,20,21,22,23,24,26,28];2:[0,4,5,6,9,13,18,24,26]","c5:bw=226,experts=[0,1,2,4,5,6,8,9,10,11,12,13,14,18,20,21,22,23,24,25,26,28]; c1:bw=129,experts=[0,1,2,4,5,6,12,13,18,24,26]; c9:bw=200,experts=[0,1,2,4,5,6,8,9,10,11,12,13,18,21,22,23,24,26,28]; c4:bw=189,experts=[0,1,2,4,5,6,9,10,11,12,13,18,21,22,24,26,28]; c0:bw=64,experts=[0,4,6,9,13,26]; c8:bw=152,experts=[0,4,5,6,9,10,12,13,18,20,21,22,24,26,28]; c6:bw=39,experts=[4,6,26]; c7:bw=44,experts=[4,6,13,26]; c3:bw=216,experts=[0,1,2,4,5,6,8,9,10,11,12,13,14,18,20,21,22,23,24,26,28]; c2:bw=99,experts=[0,4,5,6,9,13,18,24,26]","8.1788,5.8199,4.8595,8.6431,6.1710,7.2503,8.6183,6.1056,6.7055,5.0891"
31,2026-09-24 12:22:52,Ours,0.01,1.8097086391435002,51.2,51.2,31,74.1375,1:14.14,67.7481,5.0048,1.3829,2276.1271,37:56.13,10,"6,4,9,1,5,8,3,2,0,7",6:108;4:70;9:164;1:111;5:226;8:120;3:87;2:57;0:172;7:230,"6:[0,1,2,4,5,6,9,13,24,26];4:[0,4,5,6,13,26];9:[0,1,2,4,5,6,9,10,13,18,21,24,25,26,28];1:[0,4,5,6,9,13,18,21,24,26,28];5:[0,1,2,4,5,6,8,9,10,11,12,13,14,18,21,22,23,24,25,26,28];8:[0,4,5,6,9,13,18,21,22,24,26,28];3:[0,4,5,6,9,13,24,26];2:[4,6,13,26];0:[0,2,4,5,6,8,9,10,12,13,18,21,22,23,24,26,28];7:[0,1,2,4,5,6,8,9,10,11,12,13,14,18,19,20,21,22,23,24,25,26,28]","c6:bw=108,experts=[0,1,2,4,5,6,9,13,24,26]; c4:bw=70,experts=[0,4,5,6,13,26]; c9:bw=164,experts=[0,1,2,4,5,6,9,10,13,18,21,24,25,26,28]; c1:bw=111,experts=[0,4,5,6,9,13,18,21,24,26,28]; c5:bw=226,experts=[0,1,2,4,5,6,8,9,10,11,12,13,14,18,21,22,23,24,25,26,28]; c8:bw=120,experts=[0,4,5,6,9,13,18,21,22,24,26,28]; c3:bw=87,experts=[0,4,5,6,9,13,24,26]; c2:bw=57,experts=[4,6,13,26]; c0:bw=172,experts=[0,2,4,5,6,8,9,10,12,13,18,21,22,23,24,26,28]; c7:bw=230,experts=[0,1,2,4,5,6,8,9,10,11,12,13,14,18,19,20,21,22,23,24,25,26,28]","8.6394,8.7348,4.8638,5.8287,8.1138,7.0372,6.8072,5.1155,6.3403,6.2674"
32,2026-09-24 12:24:09,Ours,0.01,1.8393725676419972,50.75,51.2,31,77.0835,1:17.08,70.292,5.3009,1.4886,2353.231,39:13.23,10,"8,5,4,7,0,1,3,6,2,9",8:79;5:130;4:178;7:171;0:167;1:77;3:103;6:98;2:197;9:115,"8:[3,7,17,19,27,29,31];5:[0,4,5,6,7,9,13,18,22,24,26,28,31];4:[0,3,4,5,6,7,9,13,16,17,18,24,26,28,29,31];7:[0,1,2,3,4,5,6,7,13,17,18,24,26,27,29,30,31];0:[0,2,3,4,5,6,7,9,13,17,18,24,26,29,30,31];1:[3,7,17,19,27,29,30];3:[4,5,6,7,13,17,19,24,26,31];6:[3,4,6,7,16,17,26,29,31];2:[0,3,4,5,6,7,9,13,17,18,19,20,21,24,26,28,29,30,31];9:[3,4,5,6,7,13,17,19,26,29,31]","c8:bw=79,experts=[3,7,17,19,27,29,31]; c5:bw=130,experts=[0,4,5,6,7,9,13,18,22,24,26,28,31]; c4:bw=178,experts=[0,3,4,5,6,7,9,13,16,17,18,24,26,28,29,31]; c7:bw=171,experts=[0,1,2,3,4,5,6,7,13,17,18,24,26,27,29,30,31]; c0:bw=167,experts=[0,2,3,4,5,6,7,9,13,17,18,24,26,29,30,31]; c1:bw=77,experts=[3,7,17,19,27,29,30]; c3:bw=103,experts=[4,5,6,7,13,17,19,24,26,31]; c6:bw=98,experts=[3,4,6,7,16,17,26,29,31]; c2:bw=197,experts=[0,3,4,5,6,7,9,13,17,18,19,20,21,24,26,28,29,30,31]; c9:bw=115,experts=[3,4,5,6,7,13,17,19,26,29,31]","7.1112,8.1818,8.7248,6.2915,6.5871,6.2215,7.1905,9.2192,5.5702,5.1942"
33,2026-09-24 12:25:30,Ours,0.01,1.7750618627646617,52.1,52.1,33,80.6778,1:20.68,73.3108,5.912,1.4531,2433.9316,40:33.93,10,"7,1,3,6,5,9,2,8,4,0",7:192;1:126;3:256;6:135;5:108;9:152;2:86;8:182;4:165;0:229,"7:[0,1,2,4,5,6,8,9,10,11,12,13,18,21,23,24,26,28];1:[0,4,5,6,9,13,18,21,24,26,28,31];3:[0,1,2,4,5,6,7,8,9,10,11,12,13,14,15,18,21,23,24,25,26,27,28,30];6:[0,4,5,6,9,12,13,18,21,23,24,26,28];5:[0,2,4,5,6,13,18,24,26,30];9:[0,4,5,6,9,12,13,15,18,21,22,23,24,26,28];2:[0,4,5,9,13,24,26];8:[0,1,2,4,5,6,8,9,10,11,12,13,18,21,23,24,26,28];4:[0,1,2,4,5,6,9,10,13,15,18,21,24,26,28,30];0:[0,1,4,5,6,8,9,10,11,12,13,14,18,19,20,21,22,23,24,25,26,28]","c7:bw=192,experts=[0,1,2,4,5,6,8,9,10,11,12,13,18,21,23,24,26,28]; c1:bw=126,experts=[0,4,5,6,9,13,18,21,24,26,28,31]; c3:bw=256,experts=[0,1,2,4,5,6,7,8,9,10,11,12,13,14,15,18,21,23,24,25,26,27,28,30]; c6:bw=135,experts=[0,4,5,6,9,12,13,18,21,23,24,26,28]; c5:bw=108,experts=[0,2,4,5,6,13,18,24,26,30]; c9:bw=152,experts=[0,4,5,6,9,12,13,15,18,21,22,23,24,26,28]; c2:bw=86,experts=[0,4,5,9,13,24,26]; c8:bw=182,experts=[0,1,2,4,5,6,8,9,10,11,12,13,18,21,23,24,26,28]; c4:bw=165,experts=[0,1,2,4,5,6,9,10,13,15,18,21,24,26,28,30]; c0:bw=229,experts=[0,1,4,5,6,8,9,10,11,12,13,14,18,19,20,21,22,23,24,25,26,28]","6.7286,6.3942,7.2752,9.2187,8.7232,5.4342,5.8670,7.6422,9.3227,6.7048"
34,2026-09-24 12:26:50,Ours,0.01,1.7654029503380442,52.9,52.9,34,80.7102,1:20.71,73.0002,6.1956,1.5125,2514.6659,41:54.67,10,"4,1,6,9,8,0,5,7,3,2",4:169;1:170;6:176;9:248;8:153;0:82;5:219;7:119;3:265;2:197,"4:[0,2,4,5,6,9,12,13,18,20,21,22,23,24,26,28];1:[0,1,2,4,5,6,8,9,10,11,12,13,18,24,25,26,28];6:[0,4,5,6,8,9,11,12,13,18,21,22,23,24,26,28];9:[0,1,2,4,5,6,8,9,10,11,12,13,14,18,19,20,21,22,23,24,25,26,27,28];8:[0,1,2,4,5,6,9,11,12,13,18,24,25,26,28];0:[0,4,5,6,9,13,26];5:[0,2,4,5,6,8,9,10,11,12,13,18,20,21,22,23,24,25,26,28];7:[0,1,2,4,5,6,12,13,18,24,26];3:[0,1,2,4,5,6,7,8,9,10,11,12,13,14,18,19,20,21,22,23,24,25,26,27,28,29];2:[0,1,2,4,5,6,8,9,10,11,12,13,18,21,23,24,25,26,28]","c4:bw=169,experts=[0,2,4,5,6,9,12,13,18,20,21,22,23,24,26,28]; c1:bw=170,experts=[0,1,2,4,5,6,8,9,10,11,12,13,18,24,25,26,28]; c6:bw=176,experts=[0,4,5,6,8,9,11,12,13,18,21,22,23,24,26,28]; c9:bw=248,experts=[0,1,2,4,5,6,8,9,10,11,12,13,14,18,19,20,21,22,23,24,25,26,27,28]; c8:bw=153,experts=[0,1,2,4,5,6,9,11,12,13,18,24,25,26,28]; c0:bw=82,experts=[0,4,5,6,9,13,26]; c5:bw=219,experts=[0,2,4,5,6,8,9,10,11,12,13,18,20,21,22,23,24,25,26,28]; c7:bw=119,experts=[0,1,2,4,5,6,12,13,18,24,26]; c3:bw=265,experts=[0,1,2,4,5,6,7,8,9,10,11,12,13,14,18,19,20,21,22,23,24,25,26,27,28,29]; c2:bw=197,experts=[0,1,2,4,5,6,8,9,10,11,12,13,18,21,23,24,25,26,28]","9.4028,6.2503,9.1013,5.3429,7.5404,6.8420,8.8216,6.8307,7.2994,5.5686"
35,2026-09-24 12:28:11,Ours,0.01,1.7507952881192128,53.05,53.05,35,80.8203,1:20.82,74.0886,5.2394,1.4905,2595.5091,43:15.51,10,"4,0,1,6,2,8,9,7,5,3",4:120;0:74;1:112;6:160;2:167;8:182;9:99;7:175;5:149;3:88,"4:[0,4,5,6,9,12,13,18,22,24,26,28];0:[0,4,5,9,13,24,26];1:[0,4,5,6,9,13,18,22,24,26,28];6:[0,4,5,6,9,10,11,12,13,18,21,22,23,24,26,28];2:[0,1,4,5,6,8,9,10,12,13,18,21,23,24,26,28];8:[0,1,2,4,5,6,8,10,11,12,13,18,21,23,24,25,26,28];9:[0,2,4,5,6,9,13,18,26];7:[0,1,2,4,5,6,9,10,12,13,18,21,23,24,26,28];5:[0,4,5,6,8,9,12,13,18,21,22,24,26,28];3:[2,4,5,6,13,24,26]","c4:bw=120,experts=[0,4,5,6,9,12,13,18,22,24,26,28]; c0:bw=74,experts=[0,4,5,9,13,24,26]; c1:bw=112,experts=[0,4,5,6,9,13,18,22,24,26,28]; c6:bw=160,experts=[0,4,5,6,9,10,11,12,13,18,21,22,23,24,26,28]; c2:bw=167,experts=[0,1,4,5,6,8,9,10,12,13,18,21,23,24,26,28]; c8:bw=182,experts=[0,1,2,4,5,6,8,10,11,12,13,18,21,23,24,25,26,28]; c9:bw=99,experts=[0,2,4,5,6,9,13,18,26]; c7:bw=175,experts=[0,1,2,4,5,6,9,10,12,13,18,21,23,24,26,28]; c5:bw=149,experts=[0,4,5,6,8,9,12,13,18,21,22,24,26,28]; c3:bw=88,experts=[2,4,5,6,13,24,26]","9.4508,6.9016,6.3556,9.4859,5.5872,7.7559,5.3753,6.8612,8.9895,7.3258"
36,2026-09-24 12:29:32,Ours,0.01,1.738318770424847,53.73,53.73,36,81.1586,1:21.16,73.6091,6.0545,1.4931,2676.6904,44:36.69,10,"9,0,3,7,6,5,1,4,8,2",9:137;0:132;3:219;7:100;6:158;5:180;1:31;4:272;8:188;2:185,"9:[0,4,5,6,9,13,18,21,22,24,25,26,28];0:[0,4,5,6,9,13,16,18,22,24,26,27,28];3:[0,1,2,4,5,6,8,9,10,11,12,13,14,18,19,21,22,23,24,26,28];7:[0,4,5,6,9,13,18,24,26,28];6:[0,1,2,4,5,6,9,10,12,13,18,23,24,26,28];5:[0,3,4,5,6,9,10,12,13,16,17,18,21,24,26,27,28,29];1:[4,6];4:[0,1,2,4,5,6,8,9,10,11,12,13,14,15,16,18,19,20,21,22,23,24,25,26,27,28,30];8:[0,1,2,4,5,6,8,10,11,12,13,16,18,23,24,26,28];2:[0,1,2,4,5,6,9,10,11,12,13,18,21,23,24,26,27,28]","c9:bw=137,experts=[0,4,5,6,9,13,18,21,22,24,25,26,28]; c0:bw=132,experts=[0,4,5,6,9,13,16,18,22,24,26,27,28]; c3:bw=219,experts=[0,1,2,4,5,6,8,9,10,11,12,13,14,18,19,21,22,23,24,26,28]; c7:bw=100,experts=[0,4,5,6,9,13,18,24,26,28]; c6:bw=158,experts=[0,1,2,4,5,6,9,10,12,13,18,23,24,26,28]; c5:bw=180,experts=[0,3,4,5,6,9,10,12,13,16,17,18,21,24,26,27,28,29]; c1:bw=31,experts=[4,6]; c4:bw=272,experts=[0,1,2,4,5,6,8,9,10,11,12,13,14,15,16,18,19,20,21,22,23,24,25,26,27,28,30]; c8:bw=188,experts=[0,1,2,4,5,6,8,10,11,12,13,16,18,23,24,26,28]; c2:bw=185,experts=[0,1,2,4,5,6,9,10,11,12,13,18,21,23,24,26,27,28]","5.2907,7.0156,7.3425,7.0087,9.4657,8.8241,6.2234,9.4116,7.5747,5.4521"
37,2026-09-24 12:30:54,Ours,0.01,1.7282117600280156,53.65,53.73,36,81.2483,1:21.25,74.2322,5.5466,1.4676,2757.9617,45:57.96,10,"1,5,2,6,4,7,9,0,3,8",1:67;5:143;2:132;6:239;4:144;7:153;9:146;0:199;3:132;8:21,"1:[4,5,6,9,13,26];5:[0,2,4,5,6,9,10,12,13,18,21,24,26,28];2:[0,2,4,5,6,9,10,12,13,18,24,26,28];6:[0,1,2,4,5,6,8,9,10,11,12,13,15,17,18,21,23,24,25,26,27,28];4:[0,2,4,5,6,9,10,11,12,13,18,24,26,28];7:[0,2,4,5,6,9,12,13,18,21,22,24,25,26,28];9:[0,2,4,5,6,9,10,12,13,16,18,24,26,28];0:[0,4,5,6,9,11,12,13,14,18,20,21,22,23,24,25,26,28];3:[0,1,2,3,4,5,6,12,13,16,18,24,26];8:[4,6]","c1:bw=67,experts=[4,5,6,9,13,26]; c5:bw=143,experts=[0,2,4,5,6,9,10,12,13,18,21,24,26,28]; c2:bw=132,experts=[0,2,4,5,6,9,10,12,13,18,24,26,28]; c6:bw=239,experts=[0,1,2,4,5,6,8,9,10,11,12,13,15,17,18,21,23,24,25,26,27,28]; c4:bw=144,experts=[0,2,4,5,6,9,10,11,12,13,18,24,26,28]; c7:bw=153,experts=[0,2,4,5,6,9,12,13,18,21,22,24,25,26,28]; c9:bw=146,experts=[0,2,4,5,6,9,10,12,13,16,18,24,26,28]; c0:bw=199,experts=[0,4,5,6,9,11,12,13,14,18,20,21,22,23,24,25,26,28]; c3:bw=132,experts=[0,1,2,3,4,5,6,12,13,16,18,24,26]; c8:bw=21,experts=[4,6]","6.3406,8.9218,5.6284,9.5256,9.6619,6.8634,5.4476,6.7672,7.4498,7.6258"
38,2026-09-24 12:32:14,Ours,0.01,1.7292129586154572,53.41,53.73,36,80.2814,1:20.28,73.908,4.8739,1.4979,2838.2663,47:18.27,10,"8,6,4,1,5,2,3,7,9,0",8:168;6:62;4:190;1:113;5:10;2:11;3:139;7:187;9:94;0:148,"8:[0,1,4,5,6,9,10,11,12,13,18,22,23,24,26,28];6:[2,4,6,13,18,26];4:[0,1,2,4,5,6,8,9,10,11,12,13,18,21,22,23,24,26,28];1:[0,4,5,6,9,13,18,22,24,26,28];5:[];2:[4];3:[0,1,2,4,5,6,10,12,13,18,24,26,28];7:[0,4,5,6,8,9,10,11,12,13,16,18,21,22,23,24,26,28];9:[0,4,5,6,9,13,18,24,26];0:[0,2,4,5,6,9,10,13,18,22,23,24,26,28]","c8:bw=168,experts=[0,1,4,5,6,9,10,11,12,13,18,22,23,24,26,28]; c6:bw=62,experts=[2,4,6,13,18,26]; c4:bw=190,experts=[0,1,2,4,5,6,8,9,10,11,12,13,18,21,22,23,24,26,28]; c1:bw=113,experts=[0,4,5,6,9,13,18,22,24,26,28]; c5:bw=10,experts=[]; c2:bw=11,experts=[4]; c3:bw=139,experts=[0,1,2,4,5,6,10,12,13,18,24,26,28]; c7:bw=187,experts=[0,4,5,6,8,9,10,11,12,13,16,18,21,22,23,24,26,28]; c9:bw=94,experts=[0,4,5,6,9,13,18,24,26]; c0:bw=148,experts=[0,2,4,5,6,9,10,13,18,22,23,24,26,28]","7.6692,9.4453,9.6134,6.3976,8.9215,5.5082,7.3788,6.7714,5.3201,6.8824"
39,2026-09-24 12:33:34,Ours,0.01,1.6944046753832356,55.15,55.15,39,80.1155,1:20.12,73.219,5.4188,1.4758,2918.4052,48:38.41,10,"3,0,1,7,6,8,2,4,9,5",3:96;0:11;1:164;7:146;6:112;8:164;2:132;4:131;9:87;5:274,"3:[0,4,5,6,13,18,24,26,28];0:[4];1:[0,1,2,4,5,6,8,9,10,12,13,18,24,25,26,28];7:[0,1,4,5,6,9,12,13,18,22,24,26,28];6:[0,4,5,6,9,13,18,24,26,28];8:[0,1,2,4,5,6,9,10,11,12,13,14,18,24,26,28];2:[0,1,2,4,5,6,12,13,18,24,26,28];4:[0,4,5,6,9,12,13,18,22,23,24,26,28];9:[0,4,5,6,9,13,24,26];5:[0,1,2,4,5,6,8,9,10,11,12,13,14,15,16,18,19,20,21,22,23,24,25,26,27,28,30]","c3:bw=96,experts=[0,4,5,6,13,18,24,26,28]; c0:bw=11,experts=[4]; c1:bw=164,experts=[0,1,2,4,5,6,8,9,10,12,13,18,24,25,26,28]; c7:bw=146,experts=[0,1,4,5,6,9,12,13,18,22,24,26,28]; c6:bw=112,experts=[0,4,5,6,9,13,18,24,26,28]; c8:bw=164,experts=[0,1,2,4,5,6,9,10,11,12,13,14,18,24,26,28]; c2:bw=132,experts=[0,1,2,4,5,6,12,13,18,24,26,28]; c4:bw=131,experts=[0,4,5,6,9,12,13,18,22,23,24,26,28]; c9:bw=87,experts=[0,4,5,6,9,13,24,26]; c5:bw=274,experts=[0,1,2,4,5,6,8,9,10,11,12,13,14,15,16,18,19,20,21,22,23,24,25,26,27,28,30]","7.3917,6.6946,6.3360,6.6768,9.3023,7.6068,5.5195,9.5532,5.2989,8.8392"
40,2026-09-24 12:34:55,Ours,0.01,1.6863388708857656,54.53,55.15,39,80.7054,1:20.71,73.7367,5.5141,1.4526,2999.1345,49:59.13,10,"8,1,5,6,2,7,3,4,9,0",8:95;1:154;5:116;6:170;2:238;7:243;3:24;4:70;9:145;0:131,"8:[0,4,5,6,9,13,18,24,26];1:[0,1,2,4,5,6,9,10,13,18,21,24,26,28];5:[0,2,4,5,6,9,13,18,24,26,28];6:[0,1,4,5,6,9,11,12,13,18,21,22,23,24,25,26,28];2:[0,1,2,4,5,6,8,9,10,11,12,13,14,18,19,20,21,22,23,24,25,26,28];7:[0,1,2,4,5,6,8,9,10,11,12,13,14,18,19,20,21,22,23,24,25,26,27,28];3:[4,26];4:[4,5,6,13,24,26];9:[0,4,5,6,9,12,13,18,22,24,25,26,28,30];0:[0,2,4,5,6,9,13,18,21,22,24,26,28]","c8:bw=95,experts=[0,4,5,6,9,13,18,24,26]; c1:bw=154,experts=[0,1,2,4,5,6,9,10,13,18,21,24,26,28]; c5:bw=116,experts=[0,2,4,5,6,9,13,18,24,26,28]; c6:bw=170,experts=[0,1,4,5,6,9,11,12,13,18,21,22,23,24,25,26,28]; c2:bw=238,experts=[0,1,2,4,5,6,8,9,10,11,12,13,14,18,19,20,21,22,23,24,25,26,28]; c7:bw=243,experts=[0,1,2,4,5,6,8,9,10,11,12,13,14,18,19,20,21,22,23,24,25,26,27,28]; c3:bw=24,experts=[4,26]; c4:bw=70,experts=[4,5,6,13,24,26]; c9:bw=145,experts=[0,4,5,6,9,12,13,18,22,24,25,26,28,30]; c0:bw=131,experts=[0,2,4,5,6,9,13,18,21,22,24,26,28]","7.6488,6.3973,8.8874,9.3481,5.6470,6.7315,7.3340,9.5699,5.2541,6.9185"
41,2026-09-24 12:36:15,Ours,0.01,1.680553851554042,55.94,55.94,41,80.3525,1:20.35,73.3483,5.5374,1.4649,3079.5129,51:19.51,10,"2,6,8,1,4,5,7,3,9,0",2:196;6:10;8:207;1:29;4:185;5:224;7:250;3:146;9:196;0:10,"2:[0,1,2,4,5,6,8,9,10,11,12,13,18,21,24,25,26,28];6:[4];8:[0,1,2,4,5,6,8,9,10,11,12,13,18,21,22,23,24,25,26,28];1:[4,26];4:[0,1,2,4,5,6,8,9,10,11,12,13,18,21,23,24,26,28];5:[0,1,2,4,5,6,8,9,10,11,12,13,14,18,20,21,22,23,24,25,26,28];7:[0,1,2,4,5,6,8,9,10,11,12,13,14,16,18,19,20,21,22,23,24,25,26,27,28];3:[0,2,4,5,6,9,10,13,18,24,25,26,28];9:[0,1,4,5,6,9,10,11,12,13,14,18,21,22,23,24,25,26,28];0:[4]","c2:bw=196,experts=[0,1,2,4,5,6,8,9,10,11,12,13,18,21,24,25,26,28]; c6:bw=10,experts=[4]; c8:bw=207,experts=[0,1,2,4,5,6,8,9,10,11,12,13,18,21,22,23,24,25,26,28]; c1:bw=29,experts=[4,26]; c4:bw=185,experts=[0,1,2,4,5,6,8,9,10,11,12,13,18,21,23,24,26,28]; c5:bw=224,experts=[0,1,2,4,5,6,8,9,10,11,12,13,14,18,20,21,22,23,24,25,26,28]; c7:bw=250,experts=[0,1,2,4,5,6,8,9,10,11,12,13,14,16,18,19,20,21,22,23,24,25,26,27,28]; c3:bw=146,experts=[0,2,4,5,6,9,10,13,18,24,25,26,28]; c9:bw=196,experts=[0,1,4,5,6,9,10,11,12,13,14,18,21,22,23,24,25,26,28]; c0:bw=10,experts=[4]","5.7609,9.2330,7.6801,6.2580,9.4873,8.9318,6.8056,7.3094,5.2291,6.6532"
42,2026-09-24 12:37:36,Ours,0.01,1.6668164705133488,55.76,55.94,41,80.6128,1:20.61,73.607,5.5055,1.4984,3160.1504,52:40.15,10,"5,1,3,9,6,0,7,4,8,2",5:185;1:179;3:177;9:186;6:125;0:54;7:73;4:200;8:154;2:147,"5:[0,1,2,4,5,6,8,9,10,11,12,13,18,24,25,26,28];1:[0,1,2,4,5,6,8,9,10,11,12,13,18,24,25,26,28];3:[0,1,2,4,5,6,8,9,10,11,12,13,18,24,25,26,28];9:[0,1,2,4,5,6,8,9,10,11,12,13,18,21,24,25,26,28];6:[0,1,2,4,5,6,11,13,18,24,26,28];0:[2,4,6,13,26];7:[0,4,5,6,13,24,26];4:[0,1,4,5,6,8,9,10,11,12,13,14,18,21,22,23,24,25,26,28];8:[0,1,2,4,5,6,9,10,11,12,13,18,24,26,28];2:[0,1,4,5,6,9,11,12,13,18,22,24,26,28]","c5:bw=185,experts=[0,1,2,4,5,6,8,9,10,11,12,13,18,24,25,26,28]; c1:bw=179,experts=[0,1,2,4,5,6,8,9,10,11,12,13,18,24,25,26,28]; c3:bw=177,experts=[0,1,2,4,5,6,8,9,10,11,12,13,18,24,25,26,28]; c9:bw=186,experts=[0,1,2,4,5,6,8,9,10,11,12,13,18,21,24,25,26,28]; c6:bw=125,experts=[0,1,2,4,5,6,11,13,18,24,26,28]; c0:bw=54,experts=[2,4,6,13,26]; c7:bw=73,experts=[0,4,5,6,13,24,26]; c4:bw=200,experts=[0,1,4,5,6,8,9,10,11,12,13,14,18,21,22,23,24,25,26,28]; c8:bw=154,experts=[0,1,2,4,5,6,9,10,11,12,13,18,24,26,28]; c2:bw=147,experts=[0,1,4,5,6,9,11,12,13,18,22,24,26,28]","8.7572,6.3146,7.3829,5.3002,9.4256,6.8668,6.7033,9.5650,7.6439,5.6473"
43,2026-09-24 12:38:57,Ours,0.01,1.658656409474867,56.22,56.22,43,80.6275,1:20.63,73.6618,5.4889,1.4749,3240.8026,54:00.80,10,"5,1,2,8,9,7,4,6,3,0",5:194;1:213;2:186;8:165;9:116;7:77;4:126;6:44;3:237;0:78,"5:[0,1,4,5,6,8,9,10,11,12,13,14,18,21,22,23,24,26,28];1:[0,1,2,4,5,6,8,9,10,11,12,13,14,18,21,22,23,24,25,26,28];2:[0,1,2,4,5,6,9,10,11,12,13,18,21,23,24,25,26,28];8:[0,1,4,5,6,8,9,11,12,13,18,22,24,25,26,28];9:[0,1,2,4,5,6,9,13,18,24,26];7:[4,5,6,9,13,24,26];4:[0,2,4,5,6,9,10,12,13,18,24,26];6:[4,6,13,26];3:[0,1,4,5,6,8,9,10,11,12,13,14,18,19,20,21,22,23,24,25,26,28];0:[0,4,5,9,13,24,26]","c5:bw=194,experts=[0,1,4,5,6,8,9,10,11,12,13,14,18,21,22,23,24,26,28]; c1:bw=213,experts=[0,1,2,4,5,6,8,9,10,11,12,13,14,18,21,22,23,24,25,26,28]; c2:bw=186,experts=[0,1,2,4,5,6,9,10,11,12,13,18,21,23,24,25,26,28]; c8:bw=165,experts=[0,1,4,5,6,8,9,11,12,13,18,22,24,25,26,28]; c9:bw=116,experts=[0,1,2,4,5,6,9,13,18,24,26]; c7:bw=77,experts=[4,5,6,9,13,24,26]; c4:bw=126,experts=[0,2,4,5,6,9,10,12,13,18,24,26]; c6:bw=44,experts=[4,6,13,26]; c3:bw=237,experts=[0,1,4,5,6,8,9,10,11,12,13,14,18,19,20,21,22,23,24,25,26,28]; c0:bw=78,experts=[0,4,5,9,13,24,26]","8.9123,6.3388,5.6632,7.6265,5.3747,6.6568,9.5283,9.3441,7.3003,6.9167"
44,2026-09-24 12:40:17,Ours,0.01,1.6475161470499657,56.29,56.29,44,80.4985,1:20.50,73.5117,5.6001,1.3849,3321.3279,55:21.33,10,"0,3,4,2,7,5,6,9,8,1",0:244;3:171;4:105;2:134;7:275;5:88;6:75;9:136;8:126;1:163,"0:[0,1,2,4,5,6,8,9,10,11,12,13,14,18,19,20,21,22,23,24,25,26,27,28];3:[0,2,4,5,6,8,9,10,11,12,13,18,21,23,24,26,28];4:[1,2,4,5,6,10,13,18,24,26];2:[0,1,4,5,6,9,10,12,13,18,24,26,28];7:[0,1,2,4,5,6,8,9,10,11,12,13,14,16,18,19,20,21,22,23,24,25,26,27,28,29,30];5:[0,2,4,5,6,13,24,26];6:[0,4,5,6,13,24,26];9:[0,1,2,4,5,6,9,13,18,24,25,26];8:[0,4,5,6,9,13,18,22,24,26,28,30];1:[0,1,2,4,5,6,9,10,11,12,13,18,24,25,26,28]","c0:bw=244,experts=[0,1,2,4,5,6,8,9,10,11,12,13,14,18,19,20,21,22,23,24,25,26,27,28]; c3:bw=171,experts=[0,2,4,5,6,8,9,10,11,12,13,18,21,23,24,26,28]; c4:bw=105,experts=[1,2,4,5,6,10,13,18,24,26]; c2:bw=134,experts=[0,1,4,5,6,9,10,12,13,18,24,26,28]; c7:bw=275,experts=[0,1,2,4,5,6,8,9,10,11,12,13,14,16,18,19,20,21,22,23,24,25,26,27,28,29,30]; c5:bw=88,experts=[0,2,4,5,6,13,24,26]; c6:bw=75,experts=[0,4,5,6,13,24,26]; c9:bw=136,experts=[0,1,2,4,5,6,9,13,18,24,25,26]; c8:bw=126,experts=[0,4,5,6,9,13,18,22,24,26,28,30]; c1:bw=163,experts=[0,1,2,4,5,6,9,10,11,12,13,18,24,25,26,28]","6.9389,7.3049,9.6463,5.5667,6.8401,8.7851,9.2651,5.2056,7.5678,6.3912"
45,2026-09-24 12:41:32,Ours,0.01,1.6377947177684518,55.96,56.29,44,74.9679,1:14.97,68.0755,5.5028,1.3877,3396.3198,56:36.32,10,"8,0,3,4,7,2,9,6,5,1",8:201;0:131;3:245;4:235;7:131;2:180;9:91;6:14;5:163;1:204,"8:[0,1,2,4,5,6,8,9,10,11,12,13,15,18,21,24,25,26,28];0:[0,4,5,6,9,10,12,13,18,22,24,26,28];3:[0,1,2,4,5,6,8,9,10,11,12,13,14,15,16,18,20,21,23,24,25,26,28,30];4:[0,1,2,4,5,6,8,9,10,11,12,13,14,18,19,20,21,22,23,24,25,26,28];7:[0,4,5,6,10,12,13,15,18,24,26,28];2:[0,1,2,4,5,6,9,10,11,12,13,18,21,23,24,25,26,28];9:[0,4,5,6,9,13,18,24,26];6:[4];5:[0,2,4,5,6,9,10,11,12,13,18,24,25,26,28];1:[0,1,4,5,6,8,9,10,11,12,13,14,18,21,22,23,24,25,26,28]","c8:bw=201,experts=[0,1,2,4,5,6,8,9,10,11,12,13,15,18,21,24,25,26,28]; c0:bw=131,experts=[0,4,5,6,9,10,12,13,18,22,24,26,28]; c3:bw=245,experts=[0,1,2,4,5,6,8,9,10,11,12,13,14,15,16,18,20,21,23,24,25,26,28,30]; c4:bw=235,experts=[0,1,2,4,5,6,8,9,10,11,12,13,14,18,19,20,21,22,23,24,25,26,28]; c7:bw=131,experts=[0,4,5,6,10,12,13,15,18,24,26,28]; c2:bw=180,experts=[0,1,2,4,5,6,9,10,11,12,13,18,21,23,24,25,26,28]; c9:bw=91,experts=[0,4,5,6,9,13,18,24,26]; c6:bw=14,experts=[4]; c5:bw=163,experts=[0,2,4,5,6,9,10,11,12,13,18,24,25,26,28]; c1:bw=204,experts=[0,1,4,5,6,8,9,10,11,12,13,14,18,21,22,23,24,25,26,28]","7.0987,6.3111,6.7332,8.8316,6.1598,5.1656,4.9243,8.6539,8.2940,5.9033"
46,2026-09-24 12:42:48,Ours,0.01,1.6294430684451773,57.66,57.66,46,75.5159,1:15.52,68.6174,5.4872,1.4094,3471.8596,57:51.86,10,"9,3,6,1,4,5,2,8,0,7",9:134;3:98;6:141;1:149;4:234;5:150;2:208;8:142;0:201;7:103,"9:[0,1,2,4,5,6,9,10,12,13,18,24,26];3:[0,2,4,5,6,13,18,24,26];6:[0,1,2,4,5,6,10,11,13,18,24,26,28];1:[0,4,5,6,9,11,12,13,14,18,22,24,26,28];4:[0,1,2,4,5,6,8,9,10,11,12,13,14,16,18,19,21,22,23,24,25,26,28];5:[0,1,4,5,6,8,9,10,11,12,13,18,24,26,28];2:[0,1,4,5,6,8,9,10,11,12,13,14,18,21,22,23,24,25,26,28];8:[0,1,4,5,6,9,10,11,12,13,18,24,26,28];0:[0,1,2,4,5,6,8,9,10,11,12,13,14,18,21,23,24,25,26,28];7:[0,4,5,6,9,13,18,24,26,28]","c9:bw=134,experts=[0,1,2,4,5,6,9,10,12,13,18,24,26]; c3:bw=98,experts=[0,2,4,5,6,13,18,24,26]; c6:bw=141,experts=[0,1,2,4,5,6,10,11,13,18,24,26,28]; c1:bw=149,experts=[0,4,5,6,9,11,12,13,14,18,22,24,26,28]; c4:bw=234,experts=[0,1,2,4,5,6,8,9,10,11,12,13,14,16,18,19,21,22,23,24,25,26,28]; c5:bw=150,experts=[0,1,4,5,6,8,9,10,11,12,13,18,24,26,28]; c2:bw=208,experts=[0,1,4,5,6,8,9,10,11,12,13,14,18,21,22,23,24,25,26,28]; c8:bw=142,experts=[0,1,4,5,6,9,10,11,12,13,18,24,26,28]; c0:bw=201,experts=[0,1,2,4,5,6,8,9,10,11,12,13,14,18,21,23,24,25,26,28]; c7:bw=103,experts=[0,4,5,6,9,13,18,24,26,28]","4.9473,6.8849,8.7849,5.8906,8.8687,8.2691,5.1649,7.1292,6.3988,6.2790"
47,2026-09-24 12:44:03,Ours,0.01,1.6207985528420061,57.81,57.81,47,75.2881,1:15.29,68.7113,5.1779,1.3971,3547.1767,59:07.18,10,"5,6,7,9,8,3,4,0,1,2",5:189;6:82;7:195;9:63;8:144;3:255;4:35;0:167;1:111;2:199,"5:[0,1,2,4,5,6,8,9,10,11,12,13,18,21,24,25,26,28];6:[0,4,5,6,9,13,24,26];7:[0,1,2,4,5,6,8,9,10,11,12,13,18,21,23,24,25,26,28];9:[4,5,6,13,26];8:[0,1,2,4,5,6,8,10,12,13,18,24,26,28];3:[0,1,2,4,5,6,8,9,10,11,12,13,14,15,17,18,19,21,22,23,24,25,26,27,28];4:[4,6,26];0:[0,1,2,4,5,6,9,10,12,13,18,24,25,26,28];1:[0,4,5,6,9,13,18,24,26,28];2:[0,1,2,4,5,6,9,10,11,12,13,18,21,23,24,25,26,28]","c5:bw=189,experts=[0,1,2,4,5,6,8,9,10,11,12,13,18,21,24,25,26,28]; c6:bw=82,experts=[0,4,5,6,9,13,24,26]; c7:bw=195,experts=[0,1,2,4,5,6,8,9,10,11,12,13,18,21,23,24,25,26,28]; c9:bw=63,experts=[4,5,6,13,26]; c8:bw=144,experts=[0,1,2,4,5,6,8,10,12,13,18,24,26,28]; c3:bw=255,experts=[0,1,2,4,5,6,8,9,10,11,12,13,14,15,17,18,19,21,22,23,24,25,26,27,28]; c4:bw=35,experts=[4,6,26]; c0:bw=167,experts=[0,1,2,4,5,6,9,10,12,13,18,24,25,26,28]; c1:bw=111,experts=[0,4,5,6,9,13,18,24,26,28]; c2:bw=199,experts=[0,1,2,4,5,6,9,10,11,12,13,18,21,23,24,25,26,28]","8.1865,8.6965,6.3028,4.9428,7.0440,6.7906,8.9255,6.5502,5.9996,5.2728"
48,2026-09-24 12:45:19,Ours,0.01,1.6124364315962556,58.01,58.01,48,75.6275,1:15.63,68.6166,5.6176,1.3913,3622.8301,1:00:22.83,10,"1,8,4,2,9,6,5,7,0,3",1:182;8:183;4:246;2:207;9:192;6:165;5:202;7:229;0:57;3:67,"1:[0,1,2,4,5,6,8,9,10,11,12,13,18,21,23,24,26,28];8:[0,1,2,4,5,6,8,9,10,11,12,13,18,21,23,24,26,28];4:[0,1,2,4,5,6,8,9,10,11,12,13,14,18,19,20,21,22,23,24,25,26,27,28];2:[0,1,2,4,5,6,8,9,10,11,12,13,18,21,23,24,25,26,28];9:[0,1,4,5,6,8,9,10,11,12,13,14,18,21,22,24,25,26,28];6:[0,1,2,4,5,6,9,10,11,12,13,18,24,26,28];5:[0,1,2,4,5,6,8,9,10,11,12,13,14,18,21,22,23,24,26,28];7:[0,1,2,4,5,6,8,9,10,11,12,13,14,18,19,21,22,23,24,25,26,28];0:[4,6,13,26];3:[4,6,13,24,26]","c1:bw=182,experts=[0,1,2,4,5,6,8,9,10,11,12,13,18,21,23,24,26,28]; c8:bw=183,experts=[0,1,2,4,5,6,8,9,10,11,12,13,18,21,23,24,26,28]; c4:bw=246,experts=[0,1,2,4,5,6,8,9,10,11,12,13,14,18,19,20,21,22,23,24,25,26,27,28]; c2:bw=207,experts=[0,1,2,4,5,6,8,9,10,11,12,13,18,21,23,24,25,26,28]; c9:bw=192,experts=[0,1,4,5,6,8,9,10,11,12,13,14,18,21,22,24,25,26,28]; c6:bw=165,experts=[0,1,2,4,5,6,9,10,11,12,13,18,24,26,28]; c5:bw=202,experts=[0,1,2,4,5,6,8,9,10,11,12,13,14,18,21,22,23,24,26,28]; c7:bw=229,experts=[0,1,2,4,5,6,8,9,10,11,12,13,14,18,19,21,22,23,24,25,26,28]; c0:bw=57,experts=[4,6,13,26]; c3:bw=67,experts=[4,6,13,24,26]","5.9548,7.1827,8.8195,5.1583,4.9389,8.7696,8.2546,6.3137,6.3834,6.8411"
49,2026-09-24 12:46:33,Ours,0.01,1.607221549987181,58.01,58.01,48,74.3318,1:14.33,68.0377,4.9289,1.3634,3697.1869,1:01:37.19,10,"4,3,8,0,2,5,6,7,9,1",4:176;3:116;8:96;0:72;2:214;5:205;6:46;7:162;9:194;1:198,"4:[0,1,4,5,6,9,11,12,13,14,18,21,22,24,26,28];3:[0,1,2,4,5,6,13,18,24,26,28];8:[1,2,4,5,6,11,13,24,26];0:[0,2,4,6,13,18,26];2:[0,1,2,4,5,6,8,9,10,11,12,13,15,18,20,21,23,24,25,26,28];5:[0,1,2,4,5,6,8,9,10,11,12,13,15,18,21,24,25,26,28];6:[4,6,26];7:[0,1,2,4,5,6,9,10,11,12,13,18,24,25,26,28];9:[0,1,2,4,5,6,8,9,10,11,12,13,18,21,22,24,25,26,28];1:[0,1,2,4,5,6,8,9,10,11,12,13,18,21,24,25,26,28]","c4:bw=176,experts=[0,1,4,5,6,9,11,12,13,14,18,21,22,24,26,28]; c3:bw=116,experts=[0,1,2,4,5,6,13,18,24,26,28]; c8:bw=96,experts=[1,2,4,5,6,11,13,24,26]; c0:bw=72,experts=[0,2,4,6,13,18,26]; c2:bw=214,experts=[0,1,2,4,5,6,8,9,10,11,12,13,15,18,20,21,23,24,25,26,28]; c5:bw=205,experts=[0,1,2,4,5,6,8,9,10,11,12,13,15,18,21,24,25,26,28]; c6:bw=46,experts=[4,6,26]; c7:bw=162,experts=[0,1,2,4,5,6,9,10,11,12,13,18,24,25,26,28]; c9:bw=194,experts=[0,1,2,4,5,6,8,9,10,11,12,13,18,21,22,24,25,26,28]; c1:bw=198,experts=[0,1,2,4,5,6,8,9,10,11,12,13,18,21,24,25,26,28]","8.8373,6.8200,7.1429,6.3830,5.1397,8.1457,8.6837,6.2771,4.8520,5.7562"
50,2026-09-24 12:47:46,Ours,0.01,1.5930191416061532,58.28,58.28,50,72.7415,1:12.74,66.3992,4.9928,1.3477,3769.9556,1:02:49.96,10,"8,4,7,6,2,1,3,0,9,5",8:118;4:28;7:126;6:249;2:232;1:236;3:142;0:106;9:99;5:114,"8:[0,1,2,4,5,6,10,13,18,24,26];4:[4,26];7:[0,1,2,4,5,6,9,13,18,24,26,28];6:[0,1,2,4,5,6,8,9,10,11,12,13,14,18,20,21,22,23,24,25,26,27,28,29];2:[0,1,2,4,5,6,8,9,10,11,12,13,14,18,19,21,22,23,24,25,26,27,28];1:[0,1,2,4,5,6,8,9,10,11,12,13,14,18,21,22,23,24,25,26,27,28];3:[0,1,4,5,6,9,11,12,13,18,22,24,26,28];0:[0,2,4,5,6,13,18,24,26,28];9:[0,1,2,4,6,13,24,26];5:[0,1,2,4,5,6,12,13,18,24,26]","c8:bw=118,experts=[0,1,2,4,5,6,10,13,18,24,26]; c4:bw=28,experts=[4,26]; c7:bw=126,experts=[0,1,2,4,5,6,9,13,18,24,26,28]; c6:bw=249,experts=[0,1,2,4,5,6,8,9,10,11,12,13,14,18,20,21,22,23,24,25,26,27,28,29]; c2:bw=232,experts=[0,1,2,4,5,6,8,9,10,11,12,13,14,18,19,21,22,23,24,25,26,27,28]; c1:bw=236,experts=[0,1,2,4,5,6,8,9,10,11,12,13,14,18,21,22,23,24,25,26,27,28]; c3:bw=142,experts=[0,1,4,5,6,9,11,12,13,18,22,24,26,28]; c0:bw=106,experts=[0,2,4,5,6,13,18,24,26,28]; c9:bw=99,experts=[0,1,2,4,6,13,24,26]; c5:bw=114,experts=[0,1,2,4,5,6,12,13,18,24,26]","6.9413,8.5218,6.0592,8.4962,5.0115,5.7503,6.6436,6.2099,4.7865,7.9788"
51,2026-09-24 12:48:58,Ours,0.01,1.5888900373129493,59.19,59.19,51,72.3536,1:12.35,66.3057,4.6918,1.3543,3842.3347,1:04:02.33,10,"5,0,1,2,8,6,9,3,4,7",5:173;0:195;1:77;2:73;8:168;6:191;9:66;3:203;4:40;7:99,"5:[0,1,4,5,6,9,10,11,12,13,18,21,22,24,25,26,28];0:[0,1,2,4,5,6,8,9,10,11,12,13,14,18,21,24,25,26,28];1:[2,4,5,6,13,18,26];2:[0,4,5,6,13,24,26];8:[0,1,2,4,5,6,9,10,11,12,13,18,24,25,26,28];6:[0,1,2,4,5,6,9,10,11,12,13,18,21,24,25,26,28,30];9:[0,4,6,13,26];3:[0,1,2,4,5,6,8,9,10,11,12,13,14,18,21,23,24,25,26,28];4:[4,5,13,26];7:[0,4,5,6,12,13,24,26,28]","c5:bw=173,experts=[0,1,4,5,6,9,10,11,12,13,18,21,22,24,25,26,28]; c0:bw=195,experts=[0,1,2,4,5,6,8,9,10,11,12,13,14,18,21,24,25,26,28]; c1:bw=77,experts=[2,4,5,6,13,18,26]; c2:bw=73,experts=[0,4,5,6,13,24,26]; c8:bw=168,experts=[0,1,2,4,5,6,9,10,11,12,13,18,24,25,26,28]; c6:bw=191,experts=[0,1,2,4,5,6,9,10,11,12,13,18,21,24,25,26,28,30]; c9:bw=66,experts=[0,4,6,13,26]; c3:bw=203,experts=[0,1,2,4,5,6,8,9,10,11,12,13,14,18,21,23,24,25,26,28]; c4:bw=40,experts=[4,5,13,26]; c7:bw=99,experts=[0,4,5,6,12,13,24,26,28]","7.9812,6.2033,5.7278,5.0049,6.8734,8.5110,4.7787,6.6370,8.5112,6.0772"
52,2026-09-24 12:50:12,Ours,0.01,1.5746223321905586,59.14,59.19,51,73.574,1:13.57,67.4896,4.7198,1.3629,3915.9346,1:05:15.93,10,"0,8,5,7,1,4,9,6,2,3",0:169;8:64;5:89;7:125;1:148;4:122;9:112;6:186;2:107;3:157,"0:[0,1,4,5,6,8,9,11,12,13,14,18,22,24,26,28];8:[1,2,4,6,13,26];5:[2,4,6,13,18,24,26];7:[0,1,2,4,5,6,10,13,18,24,26,28];1:[0,1,2,4,5,6,9,13,18,21,24,25,26,28];4:[0,2,4,5,6,9,10,13,18,24,26,28];9:[0,4,5,6,9,13,18,24,26,28];6:[0,1,2,4,5,6,9,10,11,12,13,18,22,24,25,26,28];2:[0,1,2,4,5,6,9,13,24,26];3:[0,1,2,4,5,6,8,9,13,18,24,25,26,28]","c0:bw=169,experts=[0,1,4,5,6,8,9,11,12,13,14,18,22,24,26,28]; c8:bw=64,experts=[1,2,4,6,13,26]; c5:bw=89,experts=[2,4,6,13,18,24,26]; c7:bw=125,experts=[0,1,2,4,5,6,10,13,18,24,26,28]; c1:bw=148,experts=[0,1,2,4,5,6,9,13,18,21,24,25,26,28]; c4:bw=122,experts=[0,2,4,5,6,9,10,13,18,24,26,28]; c9:bw=112,experts=[0,4,5,6,9,13,18,24,26,28]; c6:bw=186,experts=[0,1,2,4,5,6,9,10,11,12,13,18,22,24,25,26,28]; c2:bw=107,experts=[0,1,2,4,5,6,9,13,24,26]; c3:bw=157,experts=[0,1,2,4,5,6,8,9,13,18,24,25,26,28]","6.2040,6.9546,8.0412,6.1313,5.7974,8.7747,4.9442,8.7102,5.1002,6.8317"
53,2026-09-24 12:51:27,Ours,0.01,1.5691132152004847,59.36,59.36,53,75.0482,1:15.05,68.321,5.3398,1.3855,3991.0089,1:06:31.01,10,"8,4,5,1,3,9,6,7,0,2",8:79;4:103;5:161;1:215;3:173;9:224;6:131;7:160;0:141;2:189,"8:[4,5,6,9,13,26];4:[0,4,5,6,9,13,18,24,26,28];5:[0,1,4,5,6,9,10,11,12,13,18,22,24,26,28];1:[0,1,2,4,5,6,8,9,10,11,12,13,14,18,21,22,23,24,25,26,28];3:[0,1,2,4,5,6,8,10,11,12,13,18,21,23,24,26];9:[0,1,2,4,5,6,8,9,10,11,12,13,18,20,21,22,24,25,26,28,30];6:[0,1,2,4,5,6,10,12,13,18,24,26,28];7:[0,1,2,4,5,6,8,10,11,12,13,18,24,25,26,28];0:[0,1,2,4,5,6,8,10,13,18,24,25,26];2:[0,1,2,4,5,6,8,9,10,11,12,13,18,22,24,25,26,28]","c8:bw=79,experts=[4,5,6,9,13,26]; c4:bw=103,experts=[0,4,5,6,9,13,18,24,26,28]; c5:bw=161,experts=[0,1,4,5,6,9,10,11,12,13,18,22,24,26,28]; c1:bw=215,experts=[0,1,2,4,5,6,8,9,10,11,12,13,14,18,21,22,23,24,25,26,28]; c3:bw=173,experts=[0,1,2,4,5,6,8,10,11,12,13,18,21,23,24,26]; c9:bw=224,experts=[0,1,2,4,5,6,8,9,10,11,12,13,18,20,21,22,24,25,26,28,30]; c6:bw=131,experts=[0,1,2,4,5,6,10,12,13,18,24,26,28]; c7:bw=160,experts=[0,1,2,4,5,6,8,10,11,12,13,18,24,25,26,28]; c0:bw=141,experts=[0,1,2,4,5,6,8,10,13,18,24,25,26]; c2:bw=189,experts=[0,1,2,4,5,6,8,9,10,11,12,13,18,22,24,25,26,28]","7.1274,8.7831,8.2545,5.9215,6.8485,4.9221,8.6793,6.2439,6.4035,5.1372"
54,2026-09-24 12:52:41,Ours,0.01,1.5622514809160257,59.69,59.69,54,74.7315,1:14.73,68.2865,5.0725,1.3706,4065.7661,1:07:45.77,10,"2,1,8,7,3,0,6,5,9,4",2:30;1:193;8:203;7:223;3:111;0:135;6:198;5:10;9:185;4:116,"2:[4,16,26];1:[0,1,2,4,5,6,8,9,10,11,12,13,14,18,21,24,25,26,28];8:[0,1,2,4,5,6,8,9,10,11,12,13,14,18,21,22,23,24,26,28];7:[0,1,2,4,5,6,8,9,10,11,12,13,14,18,21,22,23,24,25,26,28];3:[2,4,5,6,8,11,13,18,24,26,28];0:[0,1,2,4,5,6,10,12,13,15,18,24,26];6:[0,1,2,4,5,6,8,9,10,11,12,13,18,21,23,24,25,26,28];5:[4];9:[0,1,2,4,5,6,8,9,10,11,12,13,18,21,24,25,26,28];4:[0,2,4,5,6,9,13,18,24,26,28]","c2:bw=30,experts=[4,16,26]; c1:bw=193,experts=[0,1,2,4,5,6,8,9,10,11,12,13,14,18,21,24,25,26,28]; c8:bw=203,experts=[0,1,2,4,5,6,8,9,10,11,12,13,14,18,21,22,23,24,26,28]; c7:bw=223,experts=[0,1,2,4,5,6,8,9,10,11,12,13,14,18,21,22,23,24,25,26,28]; c3:bw=111,experts=[2,4,5,6,8,11,13,18,24,26,28]; c0:bw=135,experts=[0,1,2,4,5,6,10,12,13,15,18,24,26]; c6:bw=198,experts=[0,1,2,4,5,6,8,9,10,11,12,13,18,21,23,24,25,26,28]; c5:bw=10,experts=[4]; c9:bw=185,experts=[0,1,2,4,5,6,8,9,10,11,12,13,18,21,24,25,26,28]; c4:bw=116,experts=[0,2,4,5,6,9,13,18,24,26,28]","5.1936,5.9526,7.2482,6.3139,6.7443,6.3497,8.7573,8.0425,4.9246,8.7598"
55,2026-09-24 12:53:56,Ours,0.01,1.55342531060822,59.62,59.69,54,74.8108,1:14.81,68.1371,5.2829,1.3889,4140.6038,1:09:00.60,10,"7,2,4,3,8,5,1,6,0,9",7:199;2:150;4:53;3:192;8:50;5:194;1:220;6:154;0:101;9:228,"7:[0,1,2,4,5,6,8,9,10,11,12,13,18,21,23,24,25,26,28];2:[0,1,2,4,5,6,9,10,11,12,13,18,24,26,28];4:[2,4,6,13,26];3:[0,1,2,4,5,6,8,9,10,11,12,13,14,18,22,23,24,26,28];8:[4,6,9,13,26];5:[0,1,2,4,5,6,8,9,10,11,12,13,18,21,23,24,25,26,28];1:[0,1,2,4,5,6,8,9,10,11,12,13,14,15,16,18,21,22,24,25,26,28];6:[0,1,2,4,5,6,9,11,12,13,18,24,26,28];0:[0,2,4,5,6,9,13,18,24,26];9:[0,1,2,4,5,6,8,9,10,11,12,13,15,18,21,24,25,26,27,28,30]","c7:bw=199,experts=[0,1,2,4,5,6,8,9,10,11,12,13,18,21,23,24,25,26,28]; c2:bw=150,experts=[0,1,2,4,5,6,9,10,11,12,13,18,24,26,28]; c4:bw=53,experts=[2,4,6,13,26]; c3:bw=192,experts=[0,1,2,4,5,6,8,9,10,11,12,13,14,18,22,23,24,26,28]; c8:bw=50,experts=[4,6,9,13,26]; c5:bw=194,experts=[0,1,2,4,5,6,8,9,10,11,12,13,18,21,23,24,25,26,28]; c1:bw=220,experts=[0,1,2,4,5,6,8,9,10,11,12,13,14,15,16,18,21,22,24,25,26,28]; c6:bw=154,experts=[0,1,2,4,5,6,9,11,12,13,18,24,26,28]; c0:bw=101,experts=[0,2,4,5,6,9,13,18,24,26]; c9:bw=228,experts=[0,1,2,4,5,6,8,9,10,11,12,13,15,18,21,24,25,26,27,28,30]","6.3082,5.1533,8.7520,6.8210,7.0692,8.1806,5.8786,8.6796,6.4078,4.8866"
56,2026-09-24 12:55:13,Ours,0.01,1.5494455664946483,60.01,60.01,56,77.0067,1:17.01,70.3511,5.2415,1.4122,4217.6395,1:10:17.64,10,"9,1,3,2,5,4,8,7,6,0",9:191;1:205;3:31;2:195;5:113;4:34;8:49;7:66;6:86;0:256,"9:[0,1,2,4,5,6,8,9,10,11,12,13,18,20,21,24,25,26,28];1:[0,1,2,4,5,6,8,9,10,11,12,13,14,18,22,23,24,26,28];3:[4,6];2:[0,1,2,4,5,6,8,9,10,11,12,13,14,18,23,24,25,26,28];5:[0,1,2,4,5,6,10,13,18,24,26];4:[4,13,26];8:[4,9,13,26];7:[2,4,6,9,13,26];6:[1,2,4,6,13,18,24,26];0:[0,1,2,4,5,6,8,9,10,11,12,13,14,15,16,17,18,21,23,24,25,26,27,28,30]","c9:bw=191,experts=[0,1,2,4,5,6,8,9,10,11,12,13,18,20,21,24,25,26,28]; c1:bw=205,experts=[0,1,2,4,5,6,8,9,10,11,12,13,14,18,22,23,24,26,28]; c3:bw=31,experts=[4,6]; c2:bw=195,experts=[0,1,2,4,5,6,8,9,10,11,12,13,14,18,23,24,25,26,28]; c5:bw=113,experts=[0,1,2,4,5,6,10,13,18,24,26]; c4:bw=34,experts=[4,13,26]; c8:bw=49,experts=[4,9,13,26]; c7:bw=66,experts=[2,4,6,9,13,26]; c6:bw=86,experts=[1,2,4,6,13,18,24,26]; c0:bw=256,experts=[0,1,2,4,5,6,8,9,10,11,12,13,14,15,16,17,18,21,23,24,25,26,27,28,30]","4.9021,5.8522,6.7629,5.1274,8.4122,9.1736,7.4564,6.5352,9.2872,6.8420"
57,2026-09-24 12:56:33,Ours,0.01,1.541109770948895,59.29,60.01,56,79.7614,1:19.76,72.3078,5.9875,1.461,4297.4299,1:11:37.43,10,"3,8,6,1,7,0,5,4,2,9",3:234;8:156;6:176;1:181;7:253;0:257;5:161;4:151;2:120;9:69,"3:[0,1,2,4,5,6,8,9,10,11,12,13,14,18,20,21,22,23,24,25,26,28];8:[0,1,2,4,5,6,10,11,12,13,18,23,24,26,28];6:[0,1,2,4,5,6,8,9,11,12,13,18,24,25,26,28];1:[0,1,2,4,5,6,8,9,10,11,12,13,16,18,24,25,26,28];7:[0,1,2,4,5,6,8,9,10,11,12,13,14,18,19,20,21,22,23,24,25,26,28,30];0:[0,1,2,4,5,6,8,9,10,11,12,13,14,18,19,20,21,22,23,24,25,26,27,28,30];5:[0,1,2,4,5,6,9,10,11,12,13,18,24,25,26,28];4:[0,4,5,6,8,9,11,12,13,14,18,22,24,26,28];2:[0,4,5,6,9,11,13,18,22,24,26,28];9:[2,4,6,13,26]","c3:bw=234,experts=[0,1,2,4,5,6,8,9,10,11,12,13,14,18,20,21,22,23,24,25,26,28]; c8:bw=156,experts=[0,1,2,4,5,6,10,11,12,13,18,23,24,26,28]; c6:bw=176,experts=[0,1,2,4,5,6,8,9,11,12,13,18,24,25,26,28]; c1:bw=181,experts=[0,1,2,4,5,6,8,9,10,11,12,13,16,18,24,25,26,28]; c7:bw=253,experts=[0,1,2,4,5,6,8,9,10,11,12,13,14,18,19,20,21,22,23,24,25,26,28,30]; c0:bw=257,experts=[0,1,2,4,5,6,8,9,10,11,12,13,14,18,19,20,21,22,23,24,25,26,27,28,30]; c5:bw=161,experts=[0,1,2,4,5,6,9,10,11,12,13,18,24,25,26,28]; c4:bw=151,experts=[0,4,5,6,8,9,11,12,13,14,18,22,24,26,28]; c2:bw=120,experts=[0,4,5,6,9,11,13,18,22,24,26,28]; c9:bw=69,experts=[2,4,6,13,26]","7.2194,7.5817,9.2424,6.2593,6.6838,6.7527,8.6826,9.2990,5.4258,5.1610"
58,2026-09-24 12:57:52,Ours,0.01,1.533029072598237,60.24,60.24,58,78.6232,1:18.62,71.6926,5.4564,1.4725,4376.0834,1:12:56.08,10,"7,2,9,6,5,1,8,4,3,0",7:88;2:15;9:209;6:201;5:127;1:109;8:145;4:139;3:225;0:174,"7:[0,4,5,6,9,13,24,26];2:[4];9:[0,1,2,4,5,6,8,9,10,11,12,13,16,18,21,24,25,26,28,30];6:[0,1,2,4,5,6,8,9,10,11,12,13,14,18,21,23,24,25,26,28];5:[0,4,5,6,9,11,13,18,22,24,26,28];1:[0,4,5,6,9,13,18,24,26,28];8:[0,1,2,4,5,6,10,11,13,18,24,26,28];4:[0,2,4,5,6,9,10,12,13,18,24,26,28];3:[0,1,2,4,5,6,8,9,10,11,12,13,14,18,21,23,24,25,26,27,28];0:[0,1,2,4,5,6,9,10,11,12,13,18,24,25,26,28]","c7:bw=88,experts=[0,4,5,6,9,13,24,26]; c2:bw=15,experts=[4]; c9:bw=209,experts=[0,1,2,4,5,6,8,9,10,11,12,13,16,18,21,24,25,26,28,30]; c6:bw=201,experts=[0,1,2,4,5,6,8,9,10,11,12,13,14,18,21,23,24,25,26,28]; c5:bw=127,experts=[0,4,5,6,9,11,13,18,22,24,26,28]; c1:bw=109,experts=[0,4,5,6,9,13,18,24,26,28]; c8:bw=145,experts=[0,1,2,4,5,6,10,11,13,18,24,26,28]; c4:bw=139,experts=[0,2,4,5,6,9,10,12,13,18,24,26,28]; c3:bw=225,experts=[0,1,2,4,5,6,8,9,10,11,12,13,14,18,21,23,24,25,26,27,28]; c0:bw=174,experts=[0,1,2,4,5,6,9,10,11,12,13,18,24,25,26,28]","6.5351,5.4049,5.1249,9.1423,8.5531,6.1585,7.4492,9.2968,7.2163,6.8113"
59,2026-09-24 12:59:11,Ours,0.01,1.526723044356494,60.43,60.43,59,79.4183,1:19.42,72.4494,5.5141,1.453,4455.531,1:14:15.53,10,"2,8,9,6,1,4,7,5,0,3",2:134;8:204;9:101;6:70;1:239;4:94;7:102;5:117;0:191;3:129,"2:[0,1,2,4,5,6,11,12,13,18,24,26,28];8:[0,1,2,4,5,6,8,9,10,11,12,13,17,18,24,25,26,27,28,30];9:[0,2,4,5,6,9,13,18,24,26];6:[4,5,9,13,19,24,26];1:[0,1,2,4,5,6,8,9,10,11,12,13,14,18,20,21,22,23,24,25,26,27,28];4:[2,4,5,6,13,18,24,26];7:[0,1,2,4,5,6,9,13,24,26];5:[0,4,5,6,9,11,13,18,24,26,28];0:[0,1,2,4,5,6,8,9,10,11,12,13,18,21,22,24,25,26,28];3:[0,1,2,4,5,6,8,11,13,18,24,26]","c2:bw=134,experts=[0,1,2,4,5,6,11,12,13,18,24,26,28]; c8:bw=204,experts=[0,1,2,4,5,6,8,9,10,11,12,13,17,18,24,25,26,27,28,30]; c9:bw=101,experts=[0,2,4,5,6,9,13,18,24,26]; c6:bw=70,experts=[4,5,9,13,19,24,26]; c1:bw=239,experts=[0,1,2,4,5,6,8,9,10,11,12,13,14,18,20,21,22,23,24,25,26,27,28]; c4:bw=94,experts=[2,4,5,6,13,18,24,26]; c7:bw=102,experts=[0,1,2,4,5,6,9,13,24,26]; c5:bw=117,experts=[0,4,5,6,9,11,13,18,24,26,28]; c0:bw=191,experts=[0,1,2,4,5,6,8,9,10,11,12,13,18,21,22,24,25,26,28]; c3:bw=129,experts=[0,1,2,4,5,6,8,11,13,18,24,26]","5.4543,7.5587,5.2524,9.2461,6.2854,9.3602,6.5954,8.6824,6.7923,7.2224"
60,2026-09-24 13:00:31,Ours,0.01,1.516704777584367,60.31,60.43,59,79.4912,1:19.49,72.467,5.4688,1.5505,4535.0521,1:15:35.05,10,"0,7,4,2,5,8,6,9,1,3",0:194;7:175;4:110;2:111;5:122;8:89;6:218;9:27;1:197;3:160,"0:[0,1,2,4,5,6,9,10,11,12,13,14,18,21,22,23,24,26,28];7:[0,1,2,4,5,6,9,10,11,12,13,18,24,25,26,28];4:[0,1,2,4,5,6,9,13,18,24,26];2:[1,2,4,5,6,12,13,18,24,26];5:[0,4,5,6,9,13,18,22,24,26,28];8:[2,4,5,6,13,24,26];6:[0,1,2,4,5,6,8,9,10,11,12,13,14,18,21,22,23,24,25,26,28];9:[4,26];1:[0,1,2,4,5,6,8,9,10,11,12,13,14,18,22,23,24,26,28];3:[0,1,2,4,5,6,9,10,11,12,13,18,23,24,26,28]","c0:bw=194,experts=[0,1,2,4,5,6,9,10,11,12,13,14,18,21,22,23,24,26,28]; c7:bw=175,experts=[0,1,2,4,5,6,9,10,11,12,13,18,24,25,26,28]; c4:bw=110,experts=[0,1,2,4,5,6,9,13,18,24,26]; c2:bw=111,experts=[1,2,4,5,6,12,13,18,24,26]; c5:bw=122,experts=[0,4,5,6,9,13,18,22,24,26,28]; c8:bw=89,experts=[2,4,5,6,13,24,26]; c6:bw=218,experts=[0,1,2,4,5,6,8,9,10,11,12,13,14,18,21,22,23,24,25,26,28]; c9:bw=27,experts=[4,26]; c1:bw=197,experts=[0,1,2,4,5,6,8,9,10,11,12,13,14,18,22,23,24,26,28]; c3:bw=160,experts=[0,1,2,4,5,6,9,10,11,12,13,18,23,24,26,28]","6.7666,6.6501,9.3307,5.4685,8.7110,7.5238,9.2654,5.1665,6.3319,7.2525"
61,2026-09-24 13:01:52,Ours,0.01,1.5130620329993096,61.24,61.24,61,81.3838,1:21.38,74.2947,5.6201,1.4673,4616.4675,1:16:56.47,10,"5,6,2,9,1,3,8,4,7,0",5:178;6:136;2:107;9:138;1:122;3:157;8:203;4:140;7:159;0:220,"5:[0,1,2,4,5,6,8,9,10,11,12,13,18,23,24,26,28];6:[0,1,4,5,6,9,11,13,18,22,24,26,28];2:[0,1,2,4,5,6,13,24,26];9:[0,4,5,6,9,11,13,18,22,24,26,28];1:[0,2,4,5,6,9,12,13,18,24,26];3:[0,1,2,4,5,6,10,11,12,13,18,24,26,28];8:[0,1,2,4,5,6,8,9,10,11,12,13,15,16,18,23,24,26,28,30];4:[0,2,4,5,6,9,10,11,12,13,18,24,26,28];7:[0,1,2,4,5,6,9,10,12,13,18,24,25,26,28];0:[0,1,2,4,5,6,8,9,10,11,12,13,14,18,21,22,23,24,25,26,27,28]","c5:bw=178,experts=[0,1,2,4,5,6,8,9,10,11,12,13,18,23,24,26,28]; c6:bw=136,experts=[0,1,4,5,6,9,11,13,18,22,24,26,28]; c2:bw=107,experts=[0,1,2,4,5,6,13,24,26]; c9:bw=138,experts=[0,4,5,6,9,11,13,18,22,24,26,28]; c1:bw=122,experts=[0,2,4,5,6,9,12,13,18,24,26]; c3:bw=157,experts=[0,1,2,4,5,6,10,11,12,13,18,24,26,28]; c8:bw=203,experts=[0,1,2,4,5,6,8,9,10,11,12,13,15,16,18,23,24,26,28,30]; c4:bw=140,experts=[0,2,4,5,6,9,10,11,12,13,18,24,26,28]; c7:bw=159,experts=[0,1,2,4,5,6,9,10,12,13,18,24,25,26,28]; c0:bw=220,experts=[0,1,2,4,5,6,8,9,10,11,12,13,14,18,21,22,23,24,25,26,27,28]","8.9321,9.6204,5.6620,5.2561,6.3399,7.2973,7.5749,9.4245,6.9888,7.1986"
62,2026-09-24 13:03:11,Ours,0.01,1.5038651858920757,61.23,61.24,61,79.0796,1:19.08,71.7321,5.9033,1.4423,4695.5818,1:18:15.58,10,"8,6,9,4,5,0,3,2,1,7",8:48;6:228;9:59;4:221;5:246;0:103;3:193;2:154;1:274;7:163,"8:[4,20,26];6:[0,1,2,4,5,6,8,9,10,11,12,13,14,18,21,22,23,24,25,26,27,28];9:[2,4,6,13,26];4:[0,1,2,4,5,6,8,9,10,11,12,13,14,18,20,21,22,23,24,25,26,28];5:[0,1,2,4,5,6,8,9,10,11,12,13,14,18,19,20,21,22,23,24,25,26,27,28];0:[0,1,2,4,6,10,13,18,24,26];3:[0,1,2,4,5,6,8,9,10,11,12,13,18,21,22,23,24,26,28];2:[0,1,2,4,5,6,10,11,12,13,18,24,25,26];1:[0,1,2,4,5,6,8,9,10,11,12,13,14,16,18,19,20,21,22,23,24,25,26,27,28,29,30];7:[0,1,4,5,6,9,10,11,12,13,18,22,24,25,26,28]","c8:bw=48,experts=[4,20,26]; c6:bw=228,experts=[0,1,2,4,5,6,8,9,10,11,12,13,14,18,21,22,23,24,25,26,27,28]; c9:bw=59,experts=[2,4,6,13,26]; c4:bw=221,experts=[0,1,2,4,5,6,8,9,10,11,12,13,14,18,20,21,22,23,24,25,26,28]; c5:bw=246,experts=[0,1,2,4,5,6,8,9,10,11,12,13,14,18,19,20,21,22,23,24,25,26,27,28]; c0:bw=103,experts=[0,1,2,4,6,10,13,18,24,26]; c3:bw=193,experts=[0,1,2,4,5,6,8,9,10,11,12,13,18,21,22,23,24,26,28]; c2:bw=154,experts=[0,1,2,4,5,6,10,11,12,13,18,24,25,26]; c1:bw=274,experts=[0,1,2,4,5,6,8,9,10,11,12,13,14,16,18,19,20,21,22,23,24,25,26,27,28,29,30]; c7:bw=163,experts=[0,1,4,5,6,9,10,11,12,13,18,22,24,25,26,28]","7.4135,9.2482,5.1900,9.2360,8.7205,6.7207,7.0845,5.3518,6.2041,6.5629"
63,2026-09-24 13:04:30,Ours,0.01,1.4999898409753516,61.5,61.5,63,78.753,1:18.75,71.7874,5.5061,1.4578,4774.3661,1:19:34.37,10,"5,9,6,3,8,1,7,0,2,4",5:33;9:77;6:124;3:192;8:116;1:183;7:251;0:151;2:102;4:192,"5:[4,6,26];9:[4,5,6,9,13,24,26];6:[0,1,2,4,5,6,9,13,18,24,26,28];3:[0,1,2,4,5,6,8,9,10,11,12,13,18,21,23,24,25,26,28];8:[0,2,4,5,6,9,13,18,24,26,28];1:[0,1,4,5,6,8,9,10,11,12,13,18,22,23,24,26,28];7:[0,1,2,4,5,6,8,9,10,11,12,13,14,16,18,20,21,22,23,24,25,26,27,28];0:[0,1,4,5,6,9,10,11,12,13,18,22,24,26,28];2:[0,1,2,4,5,6,13,18,24,26];4:[0,1,2,4,5,6,8,9,10,11,12,13,16,18,22,23,24,26,28]","c5:bw=33,experts=[4,6,26]; c9:bw=77,experts=[4,5,6,9,13,24,26]; c6:bw=124,experts=[0,1,2,4,5,6,9,13,18,24,26,28]; c3:bw=192,experts=[0,1,2,4,5,6,8,9,10,11,12,13,18,21,23,24,25,26,28]; c8:bw=116,experts=[0,2,4,5,6,9,13,18,24,26,28]; c1:bw=183,experts=[0,1,4,5,6,8,9,10,11,12,13,18,22,23,24,26,28]; c7:bw=251,experts=[0,1,2,4,5,6,8,9,10,11,12,13,14,16,18,20,21,22,23,24,25,26,27,28]; c0:bw=151,experts=[0,1,4,5,6,9,10,11,12,13,18,22,24,26,28]; c2:bw=102,experts=[0,1,2,4,5,6,13,18,24,26]; c4:bw=192,experts=[0,1,2,4,5,6,8,9,10,11,12,13,16,18,22,23,24,26,28]","8.4803,5.1285,9.1278,7.2336,7.5277,6.2154,6.5861,6.7216,5.4376,9.3287"
64,2026-09-24 13:05:49,Ours,0.01,1.4885234631118476,61.73,61.73,64,79.1989,1:19.20,71.9632,5.7829,1.451,4853.5967,1:20:53.60,10,"6,4,5,3,7,0,8,9,2,1",6:182;4:138;5:87;3:138;7:124;0:116;8:195;9:217;2:205;1:104,"6:[0,1,2,3,4,5,6,7,9,10,12,13,16,18,24,26,28,31];4:[0,3,4,5,6,7,9,13,17,24,26,29,31];5:[2,4,5,6,7,13,26,31];3:[0,1,2,4,5,6,9,10,13,18,24,26,31];7:[0,3,4,5,6,7,9,13,17,24,26,31];0:[0,3,4,5,6,7,9,13,26,29,31];8:[0,1,3,4,5,6,7,9,10,11,13,18,19,22,24,26,28,29,31];9:[0,2,3,4,5,6,7,8,9,10,11,13,17,18,21,24,25,26,28,29,31];2:[0,1,2,3,4,5,6,7,9,10,11,13,17,18,24,26,28,29,30,31];1:[3,4,5,6,7,13,17,24,26]","c6:bw=182,experts=[0,1,2,3,4,5,6,7,9,10,12,13,16,18,24,26,28,31]; c4:bw=138,experts=[0,3,4,5,6,7,9,13,17,24,26,29,31]; c5:bw=87,experts=[2,4,5,6,7,13,26,31]; c3:bw=138,experts=[0,1,2,4,5,6,9,10,13,18,24,26,31]; c7:bw=124,experts=[0,3,4,5,6,7,9,13,17,24,26,31]; c0:bw=116,experts=[0,3,4,5,6,7,9,13,26,29,31]; c8:bw=195,experts=[0,1,3,4,5,6,7,9,10,11,13,18,19,22,24,26,28,29,31]; c9:bw=217,experts=[0,2,3,4,5,6,7,8,9,10,11,13,17,18,21,24,25,26,28,29,31]; c2:bw=205,experts=[0,1,2,3,4,5,6,7,9,10,11,13,17,18,24,26,28,29,30,31]; c1:bw=104,experts=[3,4,5,6,7,13,17,24,26]","9.1175,9.3663,8.6840,7.0779,6.6396,6.6551,7.4196,5.2337,5.4997,6.2695"
65,2026-09-24 13:07:05,Ours,0.01,1.4881457947660583,61.81,61.81,65,75.7225,1:15.72,69.0593,5.2914,1.3699,4929.3508,1:22:09.35,10,"7,5,4,6,8,3,0,2,1,9",7:33;5:105;4:210;6:182;8:241;3:156;0:151;2:104;1:211;9:171,"7:[4,6,26];5:[0,4,5,6,9,13,18,24,26,28];4:[0,1,2,4,5,6,8,9,10,11,12,13,14,18,21,23,24,25,26,28];6:[0,1,2,4,5,6,8,9,10,11,12,13,18,24,25,26,28];8:[0,1,2,4,5,6,8,9,10,11,12,13,14,16,18,20,21,22,23,24,25,26,27,28];3:[0,1,2,4,5,6,10,11,12,13,18,24,26,28];0:[0,1,2,4,5,6,9,10,12,13,18,24,25,26,28];2:[0,4,5,6,9,13,18,24,26,28];1:[0,1,4,5,6,8,9,10,11,12,13,14,18,21,22,23,24,25,26,28,31];9:[0,1,2,4,5,6,8,9,11,12,13,18,21,24,25,26,28]","c7:bw=33,experts=[4,6,26]; c5:bw=105,experts=[0,4,5,6,9,13,18,24,26,28]; c4:bw=210,experts=[0,1,2,4,5,6,8,9,10,11,12,13,14,18,21,23,24,25,26,28]; c6:bw=182,experts=[0,1,2,4,5,6,8,9,10,11,12,13,18,24,25,26,28]; c8:bw=241,experts=[0,1,2,4,5,6,8,9,10,11,12,13,14,16,18,20,21,22,23,24,25,26,27,28]; c3:bw=156,experts=[0,1,2,4,5,6,10,11,12,13,18,24,26,28]; c0:bw=151,experts=[0,1,2,4,5,6,9,10,12,13,18,24,25,26,28]; c2:bw=104,experts=[0,4,5,6,9,13,18,24,26,28]; c1:bw=211,experts=[0,1,4,5,6,8,9,10,11,12,13,14,18,21,22,23,24,25,26,28,31]; c9:bw=171,experts=[0,1,2,4,5,6,8,9,11,12,13,18,21,24,25,26,28]","6.6096,8.7982,8.9778,8.6815,7.0260,6.7493,6.3240,5.1624,5.8600,4.8705"
66,2026-09-24 13:08:19,Ours,0.01,1.4788201791843267,62.81,62.81,66,73.7859,1:13.79,67.4163,5.0005,1.3673,5003.1661,1:23:23.17,10,"2,5,1,8,9,6,4,0,3,7",2:149;5:63;1:198;8:88;9:115;6:108;4:152;0:139;3:244;7:184,"2:[0,1,4,5,6,9,11,12,13,18,22,24,26,28];5:[0,2,4,6,13,26];1:[0,1,2,4,5,6,8,9,10,11,12,13,18,21,23,24,25,26,28];8:[2,4,5,6,13,18,24,26];9:[0,1,2,4,5,6,12,13,19,24,26];6:[0,4,5,6,9,13,24,26,28];4:[0,1,4,5,6,9,11,12,13,18,22,24,26,28];0:[0,1,2,4,5,6,11,12,13,18,24,26,28];3:[0,1,2,4,5,6,7,8,9,10,11,12,13,16,18,19,21,22,23,24,25,26,28,29];7:[0,1,4,5,6,8,9,10,11,12,13,14,18,22,23,24,26,28]","c2:bw=149,experts=[0,1,4,5,6,9,11,12,13,18,22,24,26,28]; c5:bw=63,experts=[0,2,4,6,13,26]; c1:bw=198,experts=[0,1,2,4,5,6,8,9,10,11,12,13,18,21,23,24,25,26,28]; c8:bw=88,experts=[2,4,5,6,13,18,24,26]; c9:bw=115,experts=[0,1,2,4,5,6,12,13,19,24,26]; c6:bw=108,experts=[0,4,5,6,9,13,24,26,28]; c4:bw=152,experts=[0,1,4,5,6,9,11,12,13,18,22,24,26,28]; c0:bw=139,experts=[0,1,2,4,5,6,11,12,13,18,24,26,28]; c3:bw=244,experts=[0,1,2,4,5,6,7,8,9,10,11,12,13,16,18,19,21,22,23,24,25,26,28,29]; c7:bw=184,experts=[0,1,4,5,6,8,9,10,11,12,13,14,18,22,23,24,26,28]","5.0792,8.0370,5.8895,7.0259,4.9055,8.6350,8.6586,6.2751,6.7119,6.1985"
67,2026-09-24 13:09:33,Ours,0.01,1.4735406635106112,62.89,62.89,67,73.7407,1:13.74,67.191,5.1626,1.3853,5076.9363,1:24:36.94,10,"4,5,1,3,6,0,2,9,7,8",4:188;5:177;1:134;3:93;6:194;0:119;2:157;9:219;7:215;8:33,"4:[0,1,4,5,6,8,9,10,11,12,13,14,18,22,23,24,26,28];5:[0,1,2,4,5,6,8,9,10,12,13,18,22,24,25,26,28];1:[0,1,2,4,5,6,9,10,11,13,18,24,26];3:[0,4,5,6,9,13,18,24,26];6:[0,1,2,4,5,6,8,9,10,11,12,13,18,21,23,24,25,26,28];0:[0,2,4,5,6,9,10,13,18,24,26];2:[0,1,2,4,5,6,9,10,11,12,13,18,24,26,28];9:[0,1,2,4,5,6,9,10,11,12,13,15,18,21,24,25,26,27,28,30];7:[0,1,2,4,5,6,8,9,10,11,12,13,14,18,20,21,22,23,24,26,28];8:[4,6,26]","c4:bw=188,experts=[0,1,4,5,6,8,9,10,11,12,13,14,18,22,23,24,26,28]; c5:bw=177,experts=[0,1,2,4,5,6,8,9,10,12,13,18,22,24,25,26,28]; c1:bw=134,experts=[0,1,2,4,5,6,9,10,11,13,18,24,26]; c3:bw=93,experts=[0,4,5,6,9,13,18,24,26]; c6:bw=194,experts=[0,1,2,4,5,6,8,9,10,11,12,13,18,21,23,24,25,26,28]; c0:bw=119,experts=[0,2,4,5,6,9,10,13,18,24,26]; c2:bw=157,experts=[0,1,2,4,5,6,9,10,11,12,13,18,24,26,28]; c9:bw=219,experts=[0,1,2,4,5,6,9,10,11,12,13,15,18,21,24,25,26,27,28,30]; c7:bw=215,experts=[0,1,2,4,5,6,8,9,10,11,12,13,14,18,20,21,22,23,24,26,28]; c8:bw=33,experts=[4,6,26]","8.8187,8.1403,5.8682,6.7398,8.5375,6.2454,5.0725,4.7769,6.0861,6.9054"
68,2026-09-24 13:10:46,Ours,0.01,1.4609588360537642,62.8,62.89,67,73.1709,1:13.17,67.0637,4.7473,1.3582,5150.1372,1:25:50.14,10,"1,8,2,0,3,4,5,9,7,6",1:153;8:114;2:214;0:110;3:94;4:180;5:163;9:57;7:102;6:116,"1:[0,1,2,4,5,6,9,10,11,12,13,18,24,26,28];8:[0,4,5,6,9,13,18,22,24,26,28];2:[0,1,2,4,5,6,8,9,10,11,12,13,15,18,21,23,24,25,26,28,30];0:[0,1,2,4,5,6,13,18,24,26,28];3:[0,2,4,5,6,13,24,26];4:[0,1,2,4,5,6,8,9,10,11,13,15,18,24,26,28,30];5:[0,2,3,4,5,6,9,10,11,13,17,18,24,26,28,29];9:[4,6,13,24,26];7:[0,2,4,5,6,9,13,24,26];6:[0,2,4,5,6,9,12,13,18,24,26]","c1:bw=153,experts=[0,1,2,4,5,6,9,10,11,12,13,18,24,26,28]; c8:bw=114,experts=[0,4,5,6,9,13,18,22,24,26,28]; c2:bw=214,experts=[0,1,2,4,5,6,8,9,10,11,12,13,15,18,21,23,24,25,26,28,30]; c0:bw=110,experts=[0,1,2,4,5,6,13,18,24,26,28]; c3:bw=94,experts=[0,2,4,5,6,13,24,26]; c4:bw=180,experts=[0,1,2,4,5,6,8,9,10,11,13,15,18,24,26,28,30]; c5:bw=163,experts=[0,2,3,4,5,6,9,10,11,13,17,18,24,26,28,29]; c9:bw=57,experts=[4,6,13,24,26]; c7:bw=102,experts=[0,2,4,5,6,9,13,24,26]; c6:bw=116,experts=[0,2,4,5,6,9,12,13,18,24,26]","5.8718,7.0135,5.1506,6.2730,6.6445,8.7439,8.0356,4.7808,6.0966,8.4533"
69,2026-09-24 13:11:59,Ours,0.01,1.458407272361309,62.9,62.9,69,73.5019,1:13.50,66.796,5.3384,1.3656,5223.6688,1:27:03.67,10,"3,7,1,4,9,5,0,2,8,6",3:152;7:214;1:115;4:152;9:130;5:145;0:192;2:243;8:154;6:96,"3:[0,3,4,5,6,8,9,11,13,18,22,24,26,28];7:[0,1,2,4,5,6,8,9,10,11,12,13,14,18,21,22,23,24,25,26,28];1:[0,4,5,6,9,11,13,18,24,26,28];4:[0,1,2,4,5,6,9,11,12,13,18,22,24,26,28];9:[0,2,4,5,6,8,9,11,13,18,24,26,28];5:[0,1,4,5,6,9,11,12,13,18,22,24,26,28];0:[0,1,4,5,6,8,9,10,11,12,13,14,18,20,22,23,24,26,28];2:[0,1,2,4,5,6,8,9,10,11,12,13,14,15,16,17,18,21,23,24,25,26,27,28];8:[0,1,4,5,6,8,9,11,12,13,18,22,24,26,28];6:[4,5,6,13,15,17,24,26]","c3:bw=152,experts=[0,3,4,5,6,8,9,11,13,18,22,24,26,28]; c7:bw=214,experts=[0,1,2,4,5,6,8,9,10,11,12,13,14,18,21,22,23,24,25,26,28]; c1:bw=115,experts=[0,4,5,6,9,11,13,18,24,26,28]; c4:bw=152,experts=[0,1,2,4,5,6,9,11,12,13,18,22,24,26,28]; c9:bw=130,experts=[0,2,4,5,6,8,9,11,13,18,24,26,28]; c5:bw=145,experts=[0,1,4,5,6,9,11,12,13,18,22,24,26,28]; c0:bw=192,experts=[0,1,4,5,6,8,9,10,11,12,13,14,18,20,22,23,24,26,28]; c2:bw=243,experts=[0,1,2,4,5,6,8,9,10,11,12,13,14,15,16,17,18,21,23,24,25,26,27,28]; c8:bw=154,experts=[0,1,4,5,6,8,9,11,12,13,18,22,24,26,28]; c6:bw=96,experts=[4,5,6,13,15,17,24,26]","6.6282,6.1427,5.7463,8.6336,4.7744,7.9471,6.2558,5.0681,6.9850,8.6148"
70,2026-09-24 13:13:25,Ours,0.01,1.4731617847168894,62.51,62.9,69,85.3821,1:25.38,79.0183,4.9109,1.4474,5309.0815,1:28:29.08,10,"1,9,7,3,0,6,2,4,5,8",1:89;9:10;7:103;3:116;0:110;6:94;2:202;4:212;5:83;8:176,"1:[4,5,6,9,13,18,24,26];9:[];7:[0,2,4,5,6,9,13,24,26];3:[0,4,5,6,9,11,13,18,24,26,28];0:[0,2,4,5,6,9,12,13,18,24,26];6:[2,4,5,6,13,18,24,26,28];2:[0,1,2,4,5,6,8,9,10,11,12,13,18,21,23,24,25,26,27,28];4:[0,1,2,4,5,6,8,9,10,11,12,13,18,20,21,22,23,24,25,26,28];5:[0,1,2,4,6,13,24,26];8:[0,1,2,4,5,6,8,9,10,11,12,13,18,24,26,28]","c1:bw=89,experts=[4,5,6,9,13,18,24,26]; c9:bw=10,experts=[]; c7:bw=103,experts=[0,2,4,5,6,9,13,24,26]; c3:bw=116,experts=[0,4,5,6,9,11,13,18,24,26,28]; c0:bw=110,experts=[0,2,4,5,6,9,12,13,18,24,26]; c6:bw=94,experts=[2,4,5,6,13,18,24,26,28]; c2:bw=202,experts=[0,1,2,4,5,6,8,9,10,11,12,13,18,21,23,24,25,26,27,28]; c4:bw=212,experts=[0,1,2,4,5,6,8,9,10,11,12,13,18,20,21,22,23,24,25,26,28]; c5:bw=83,experts=[0,1,2,4,6,13,24,26]; c8:bw=176,experts=[0,1,2,4,5,6,8,9,10,11,12,13,18,24,26,28]","6.2638,5.8563,7.8901,8.4568,6.9035,10.5689,5.9542,11.0670,8.5917,7.4660"
71,2026-09-24 13:14:46,Ours,0.01,1.4491336339508458,63.39,63.39,71,80.7496,1:20.75,73.5377,5.7065,1.5035,5389.9394,1:29:49.94,10,"4,0,1,9,7,5,3,6,8,2",4:155;0:59;1:191;9:147;7:75;5:123;3:226;6:182;8:141;2:222,"4:[0,1,2,4,5,6,10,11,12,13,18,23,24,26,28];0:[2,4,6,26];1:[0,1,2,4,5,6,9,10,11,12,13,18,21,23,24,25,26,28,30];9:[0,1,2,4,5,6,8,9,13,18,22,24,26,28];7:[0,4,5,6,13,26];5:[0,1,2,4,5,6,13,16,18,24,26,30];3:[0,1,2,4,5,6,8,10,11,12,13,14,15,16,18,21,22,23,24,26,28,29];6:[0,1,2,4,5,6,8,10,11,12,13,18,21,23,24,26,28];8:[0,1,2,4,5,6,10,11,12,13,18,24,26,28];2:[0,1,2,4,5,6,8,9,10,11,12,13,14,18,20,21,23,24,25,26,28]","c4:bw=155,experts=[0,1,2,4,5,6,10,11,12,13,18,23,24,26,28]; c0:bw=59,experts=[2,4,6,26]; c1:bw=191,experts=[0,1,2,4,5,6,9,10,11,12,13,18,21,23,24,25,26,28,30]; c9:bw=147,experts=[0,1,2,4,5,6,8,9,13,18,22,24,26,28]; c7:bw=75,experts=[0,4,5,6,13,26]; c5:bw=123,experts=[0,1,2,4,5,6,13,16,18,24,26,30]; c3:bw=226,experts=[0,1,2,4,5,6,8,10,11,12,13,14,15,16,18,21,22,23,24,26,28,29]; c6:bw=182,experts=[0,1,2,4,5,6,8,10,11,12,13,18,21,23,24,26,28]; c8:bw=141,experts=[0,1,2,4,5,6,10,11,12,13,18,24,26,28]; c2:bw=222,experts=[0,1,2,4,5,6,8,9,10,11,12,13,14,18,20,21,23,24,25,26,28]","9.4486,6.8666,6.3549,5.1993,6.7254,8.6436,7.4040,9.4745,7.8012,5.6195"
72,2026-09-24 13:16:06,Ours,0.01,1.4485182485366033,62.99,63.39,71,80.2718,1:20.27,73.5864,5.2125,1.471,5470.245,1:31:10.24,10,"8,1,5,7,6,0,3,2,9,4",8:109;1:145;5:158;7:177;6:70;0:191;3:84;2:84;9:139;4:144,"8:[0,4,5,6,9,13,18,24,26,28];1:[0,2,4,5,6,9,10,11,12,13,18,24,26,28];5:[0,1,2,4,5,6,9,10,11,12,13,18,24,26,28];7:[0,1,2,4,5,6,8,9,10,12,13,18,23,24,25,26,28];6:[4,5,6,9,13,24,26];0:[0,1,2,4,5,6,8,9,10,11,12,13,16,18,21,24,25,26,28];3:[0,4,5,6,9,13,18,26];2:[0,4,5,6,13,24,26];9:[0,2,4,5,6,9,10,12,13,18,24,26,28];4:[0,4,5,6,9,11,12,13,18,22,24,26,28]","c8:bw=109,experts=[0,4,5,6,9,13,18,24,26,28]; c1:bw=145,experts=[0,2,4,5,6,9,10,11,12,13,18,24,26,28]; c5:bw=158,experts=[0,1,2,4,5,6,9,10,11,12,13,18,24,26,28]; c7:bw=177,experts=[0,1,2,4,5,6,8,9,10,12,13,18,23,24,25,26,28]; c6:bw=70,experts=[4,5,6,9,13,24,26]; c0:bw=191,experts=[0,1,2,4,5,6,8,9,10,11,12,13,16,18,21,24,25,26,28]; c3:bw=84,experts=[0,4,5,6,9,13,18,26]; c2:bw=84,experts=[0,4,5,6,13,24,26]; c9:bw=139,experts=[0,2,4,5,6,9,10,12,13,18,24,26,28]; c4:bw=144,experts=[0,4,5,6,9,11,12,13,18,22,24,26,28]","7.6460,6.4133,8.9099,6.6468,9.1589,6.9355,7.3678,5.5919,5.3015,9.6148"
73,2026-09-24 13:17:27,Ours,0.01,1.439269909284202,63.59,63.59,73,80.7518,1:20.75,73.9538,5.276,1.52,5551.0309,1:32:31.03,10,"2,8,3,1,5,9,0,7,6,4",2:173;8:39;3:145;1:242;5:62;9:190;0:103;7:135;6:73;4:150,"2:[0,1,2,4,5,6,8,9,10,11,12,13,18,22,24,26,28];8:[4,26];3:[0,2,4,5,6,9,10,11,12,13,18,24,26,28];1:[0,1,2,4,5,6,8,9,10,11,12,13,14,18,20,21,22,23,24,25,26,28,31];5:[4,5,6,9,13,26];9:[0,1,2,4,5,6,8,9,10,11,12,13,18,21,22,23,24,26,28];0:[0,2,4,5,6,9,13,18,24,26];7:[0,1,4,5,6,9,11,12,13,18,24,26,28];6:[4,5,6,9,13,26];4:[0,1,2,4,5,6,8,10,11,12,13,18,24,26,28]","c2:bw=173,experts=[0,1,2,4,5,6,8,9,10,11,12,13,18,22,24,26,28]; c8:bw=39,experts=[4,26]; c3:bw=145,experts=[0,2,4,5,6,9,10,11,12,13,18,24,26,28]; c1:bw=242,experts=[0,1,2,4,5,6,8,9,10,11,12,13,14,18,20,21,22,23,24,25,26,28,31]; c5:bw=62,experts=[4,5,6,9,13,26]; c9:bw=190,experts=[0,1,2,4,5,6,8,9,10,11,12,13,18,21,22,23,24,26,28]; c0:bw=103,experts=[0,2,4,5,6,9,13,18,24,26]; c7:bw=135,experts=[0,1,4,5,6,9,11,12,13,18,24,26,28]; c6:bw=73,experts=[4,5,6,9,13,26]; c4:bw=150,experts=[0,1,2,4,5,6,8,10,11,12,13,18,24,26,28]","5.6336,7.6303,7.4123,6.4971,8.8548,5.1632,6.9076,6.8212,9.3554,9.6782"
74,2026-09-24 13:18:47,Ours,0.01,1.4372137791221038,63.41,63.59,73,80.5351,1:20.54,73.9713,5.0644,1.4975,5631.6013,1:33:51.60,10,"3,0,1,5,7,8,6,2,4,9",3:26;0:146;1:101;5:184;7:238;8:104;6:30;2:21;4:172;9:117,"3:[4,26];0:[0,1,2,4,5,6,10,11,12,13,18,24,26,28];1:[0,4,5,6,9,13,18,24,26,28];5:[0,1,2,4,5,6,8,10,11,12,13,15,16,18,23,24,26,28];7:[0,1,2,4,5,6,8,9,10,11,12,13,14,18,20,21,22,23,24,25,26,27,28];8:[0,2,4,5,6,13,18,24,26,28];6:[4,6,26];2:[4];4:[0,1,2,4,5,6,10,11,12,13,18,21,23,24,26,28];9:[0,2,4,5,6,9,13,18,24,26]","c3:bw=26,experts=[4,26]; c0:bw=146,experts=[0,1,2,4,5,6,10,11,12,13,18,24,26,28]; c1:bw=101,experts=[0,4,5,6,9,13,18,24,26,28]; c5:bw=184,experts=[0,1,2,4,5,6,8,10,11,12,13,15,16,18,23,24,26,28]; c7:bw=238,experts=[0,1,2,4,5,6,8,9,10,11,12,13,14,18,20,21,22,23,24,25,26,27,28]; c8:bw=104,experts=[0,2,4,5,6,13,18,24,26,28]; c6:bw=30,experts=[4,6,26]; c2:bw=21,experts=[4]; c4:bw=172,experts=[0,1,2,4,5,6,10,11,12,13,18,21,23,24,26,28]; c9:bw=117,experts=[0,2,4,5,6,9,13,18,24,26]","7.3041,7.0652,6.3394,8.9869,6.7911,7.6842,9.3779,5.4803,9.5535,5.3886"
75,2026-09-24 13:20:10,Ours,0.01,1.4263579110944293,63.36,63.59,73,82.2607,1:22.26,74.8064,5.9756,1.4769,5713.8977,1:35:13.90,10,"2,9,1,3,7,6,5,4,0,8",2:145;9:223;1:198;3:72;7:104;6:204;5:114;4:207;0:222;8:195,"2:[0,1,4,5,6,9,11,12,13,18,22,24,26,28];9:[0,1,2,4,5,6,8,9,10,11,12,13,18,21,23,24,25,26,27,28,30];1:[0,1,2,4,5,6,8,9,10,11,12,13,16,18,21,24,25,26,28];3:[4,5,6,9,13,24,26];7:[0,2,4,5,6,9,13,18,24,26];6:[0,1,2,4,5,6,8,9,10,11,12,13,14,18,21,23,24,26,28];5:[0,4,5,6,9,13,18,22,24,26,28];4:[0,1,2,4,5,6,8,9,10,11,12,13,16,18,21,23,24,26,28];0:[0,1,2,4,5,6,8,9,10,11,12,13,14,16,18,21,23,24,25,26,27,28];8:[0,1,2,4,5,6,8,9,10,11,12,13,18,21,22,24,25,26,28]","c2:bw=145,experts=[0,1,4,5,6,9,11,12,13,18,22,24,26,28]; c9:bw=223,experts=[0,1,2,4,5,6,8,9,10,11,12,13,18,21,23,24,25,26,27,28,30]; c1:bw=198,experts=[0,1,2,4,5,6,8,9,10,11,12,13,16,18,21,24,25,26,28]; c3:bw=72,experts=[4,5,6,9,13,24,26]; c7:bw=104,experts=[0,2,4,5,6,9,13,18,24,26]; c6:bw=204,experts=[0,1,2,4,5,6,8,9,10,11,12,13,14,18,21,23,24,26,28]; c5:bw=114,experts=[0,4,5,6,9,13,18,22,24,26,28]; c4:bw=207,experts=[0,1,2,4,5,6,8,9,10,11,12,13,16,18,21,23,24,26,28]; c0:bw=222,experts=[0,1,2,4,5,6,8,9,10,11,12,13,14,16,18,21,23,24,25,26,27,28]; c8:bw=195,experts=[0,1,2,4,5,6,8,9,10,11,12,13,18,21,22,24,25,26,28]","5.6583,5.3700,6.6082,7.5093,6.8089,9.3981,8.9047,9.7321,7.0004,7.8163"
76,2026-09-24 13:21:31,Ours,0.01,1.419928151646358,64.28,64.28,76,81.605,1:21.60,74.6507,5.4716,1.4808,5795.5386,1:36:35.54,10,"8,5,0,3,2,6,7,4,9,1",8:105;5:136;0:114;3:54;2:91;6:86;7:244;4:221;9:210;1:196,"8:[0,1,2,4,5,6,13,18,26];5:[0,1,4,5,6,9,11,13,18,22,24,26,28];0:[0,4,5,6,9,13,18,24,26,28];3:[4,5,6,13,26];2:[1,2,4,5,6,13,18,24,26];6:[4,5,6,9,13,24,26,28];7:[0,1,2,4,5,6,8,9,10,11,12,13,14,16,18,20,21,22,23,24,25,26,28,29];4:[0,1,2,4,5,6,8,9,10,11,12,13,14,18,20,21,22,23,24,25,26,28];9:[0,1,2,4,5,6,8,9,10,11,12,13,14,18,20,22,23,24,25,26,28];1:[0,1,2,4,5,6,8,9,10,11,12,13,18,21,23,24,25,26,28]","c8:bw=105,experts=[0,1,2,4,5,6,13,18,26]; c5:bw=136,experts=[0,1,4,5,6,9,11,13,18,22,24,26,28]; c0:bw=114,experts=[0,4,5,6,9,13,18,24,26,28]; c3:bw=54,experts=[4,5,6,13,26]; c2:bw=91,experts=[1,2,4,5,6,13,18,24,26]; c6:bw=86,experts=[4,5,6,9,13,24,26,28]; c7:bw=244,experts=[0,1,2,4,5,6,8,9,10,11,12,13,14,16,18,20,21,22,23,24,25,26,28,29]; c4:bw=221,experts=[0,1,2,4,5,6,8,9,10,11,12,13,14,18,20,21,22,23,24,25,26,28]; c9:bw=210,experts=[0,1,2,4,5,6,8,9,10,11,12,13,14,18,20,22,23,24,25,26,28]; c1:bw=196,experts=[0,1,2,4,5,6,8,9,10,11,12,13,18,21,23,24,25,26,28]","7.8132,9.0492,6.9316,7.4121,5.6086,9.5165,6.8414,9.7414,5.2728,6.4639"
77,2026-09-24 13:22:52,Ours,0.01,1.4243103265919919,64.05,64.28,76,80.8034,1:20.80,73.8981,5.4278,1.4758,5876.3758,1:37:56.38,10,"9,2,1,8,4,7,6,0,3,5",9:106;2:126;1:229;8:10;4:16;7:31;6:209;0:232;3:148;5:217,"9:[0,1,2,4,6,13,24,25,26,30];2:[0,1,2,4,5,6,12,13,18,24,26,28];1:[0,1,2,4,5,6,8,9,10,11,12,13,14,18,20,21,22,23,24,25,26,28];8:[4];4:[];7:[4,15,26];6:[0,1,2,4,5,6,8,9,10,11,12,13,14,18,21,22,23,24,26,28];0:[0,1,2,4,5,6,8,9,10,11,12,13,14,16,17,18,21,23,24,25,26,28,29];3:[0,2,4,5,6,9,11,12,13,18,24,26,28,30];5:[0,1,2,4,5,6,8,9,10,11,12,13,14,18,20,21,22,23,24,26,28]","c9:bw=106,experts=[0,1,2,4,6,13,24,25,26,30]; c2:bw=126,experts=[0,1,2,4,5,6,12,13,18,24,26,28]; c1:bw=229,experts=[0,1,2,4,5,6,8,9,10,11,12,13,14,18,20,21,22,23,24,25,26,28]; c8:bw=10,experts=[4]; c4:bw=16,experts=[]; c7:bw=31,experts=[4,15,26]; c6:bw=209,experts=[0,1,2,4,5,6,8,9,10,11,12,13,14,18,21,22,23,24,26,28]; c0:bw=232,experts=[0,1,2,4,5,6,8,9,10,11,12,13,14,16,17,18,21,23,24,25,26,28,29]; c3:bw=148,experts=[0,2,4,5,6,9,11,12,13,18,24,26,28,30]; c5:bw=217,experts=[0,1,2,4,5,6,8,9,10,11,12,13,14,18,20,21,22,23,24,26,28]","5.2886,5.6030,6.4105,7.5664,9.6640,6.7095,9.3642,6.9275,7.4163,8.9480"
78,2026-09-24 13:24:13,Ours,0.01,1.4140574619316164,64.36,64.36,78,81.106,1:21.11,74.0994,5.5241,1.4806,5957.519,1:39:17.52,10,"0,4,3,7,8,1,9,6,5,2",0:97;4:84;3:138;7:133;8:197;1:149;9:113;6:211;5:231;2:126,"0:[0,2,4,6,13,18,24,26];4:[0,4,5,6,13,24,26];3:[0,2,4,5,6,9,10,11,13,18,24,26,28];7:[0,1,2,4,5,6,10,11,12,13,18,24,26];8:[0,1,2,4,5,6,8,9,10,11,12,13,18,21,22,23,24,26,28];1:[0,2,4,5,6,9,11,12,13,18,24,26,28];9:[0,2,4,5,6,9,13,18,24,25,26];6:[0,1,2,4,5,6,8,9,10,11,12,13,14,18,21,22,23,24,25,26,28];5:[0,1,2,4,5,6,8,9,10,11,12,13,14,18,20,21,22,23,24,25,26,27,28];2:[0,4,5,6,9,11,13,18,22,24,26,28]","c0:bw=97,experts=[0,2,4,6,13,18,24,26]; c4:bw=84,experts=[0,4,5,6,13,24,26]; c3:bw=138,experts=[0,2,4,5,6,9,10,11,13,18,24,26,28]; c7:bw=133,experts=[0,1,2,4,5,6,10,11,12,13,18,24,26]; c8:bw=197,experts=[0,1,2,4,5,6,8,9,10,11,12,13,18,21,22,23,24,26,28]; c1:bw=149,experts=[0,2,4,5,6,9,11,12,13,18,24,26,28]; c9:bw=113,experts=[0,2,4,5,6,9,13,18,24,25,26]; c6:bw=211,experts=[0,1,2,4,5,6,8,9,10,11,12,13,14,18,21,22,23,24,25,26,28]; c5:bw=231,experts=[0,1,2,4,5,6,8,9,10,11,12,13,14,18,20,21,22,23,24,25,26,27,28]; c2:bw=126,experts=[0,4,5,6,9,11,13,18,22,24,26,28]","6.8383,9.6439,7.5546,6.6887,7.7258,6.3432,5.2861,9.4664,8.9377,5.6146"
79,2026-09-24 13:25:34,Ours,0.01,1.4046731770505463,65.2,65.2,79,80.4675,1:20.47,73.1672,5.8155,1.4829,6038.0242,1:40:38.02,10,"6,9,0,4,7,8,5,3,1,2",6:77;9:34;0:131;4:311;7:168;8:163;5:195;3:96;1:136;2:122,"6:[4,5,6,9,13,24,26];9:[4,6,26];0:[0,1,2,4,5,6,9,10,13,18,24,26,28];4:[0,1,2,4,5,6,7,8,9,10,11,12,13,14,15,16,17,18,19,20,21,22,23,24,25,26,27,28,29,30,31];7:[0,1,2,4,5,6,9,10,11,12,13,18,24,25,26,28];8:[0,1,2,4,5,6,8,9,10,11,12,13,18,24,26,28];5:[0,1,2,4,5,6,8,9,10,11,12,13,14,18,20,22,24,26,28];3:[1,2,4,5,6,13,17,24,26];1:[0,2,4,5,6,9,11,13,18,22,24,26,28];2:[0,1,2,4,5,6,10,12,13,18,24,26]","c6:bw=77,experts=[4,5,6,9,13,24,26]; c9:bw=34,experts=[4,6,26]; c0:bw=131,experts=[0,1,2,4,5,6,9,10,13,18,24,26,28]; c4:bw=311,experts=[0,1,2,4,5,6,7,8,9,10,11,12,13,14,15,16,17,18,19,20,21,22,23,24,25,26,27,28,29,30,31]; c7:bw=168,experts=[0,1,2,4,5,6,9,10,11,12,13,18,24,25,26,28]; c8:bw=163,experts=[0,1,2,4,5,6,8,9,10,11,12,13,18,24,26,28]; c5:bw=195,experts=[0,1,2,4,5,6,8,9,10,11,12,13,14,18,20,22,24,26,28]; c3:bw=96,experts=[1,2,4,5,6,13,17,24,26]; c1:bw=136,experts=[0,2,4,5,6,9,11,13,18,22,24,26,28]; c2:bw=122,experts=[0,1,2,4,5,6,10,12,13,18,24,26]","9.3164,5.2243,6.9114,9.5807,6.6604,7.6133,8.6809,7.3340,6.2860,5.5598"
80,2026-09-24 13:26:56,Ours,0.01,1.4024530853562869,64.5,65.2,79,82.5788,1:22.58,74.9919,6.0881,1.4968,6120.6417,1:42:00.64,10,"5,9,7,1,3,4,2,0,6,8",5:240;9:193;7:174;1:112;3:115;4:210;2:160;0:174;6:144;8:187,"5:[0,1,2,4,5,6,8,9,10,11,12,13,15,16,18,20,21,22,23,24,25,26,28,30];9:[0,1,2,4,5,6,8,9,10,11,12,13,18,20,22,24,25,26,28];7:[0,1,2,4,5,6,8,9,10,11,12,13,18,22,24,26,28];1:[0,4,5,6,9,13,18,22,24,26,28];3:[0,1,2,4,5,6,12,13,18,24,26];4:[0,1,2,4,5,6,8,9,10,11,12,13,18,22,23,24,25,26,28,30];2:[0,1,2,4,5,6,9,10,11,12,13,18,21,24,26,28];0:[0,2,4,5,6,8,9,10,11,12,13,14,18,22,24,26,28];6:[0,1,2,4,5,6,9,10,12,13,18,24,26];8:[0,1,2,4,5,6,9,10,11,12,13,14,18,22,24,26,28]","c5:bw=240,experts=[0,1,2,4,5,6,8,9,10,11,12,13,15,16,18,20,21,22,23,24,25,26,28,30]; c9:bw=193,experts=[0,1,2,4,5,6,8,9,10,11,12,13,18,20,22,24,25,26,28]; c7:bw=174,experts=[0,1,2,4,5,6,8,9,10,11,12,13,18,22,24,26,28]; c1:bw=112,experts=[0,4,5,6,9,13,18,22,24,26,28]; c3:bw=115,experts=[0,1,2,4,5,6,12,13,18,24,26]; c4:bw=210,experts=[0,1,2,4,5,6,8,9,10,11,12,13,18,22,23,24,25,26,28,30]; c2:bw=160,experts=[0,1,2,4,5,6,9,10,11,12,13,18,21,24,26,28]; c0:bw=174,experts=[0,2,4,5,6,8,9,10,11,12,13,14,18,22,24,26,28]; c6:bw=144,experts=[0,1,2,4,5,6,9,10,12,13,18,24,26]; c8:bw=187,experts=[0,1,2,4,5,6,9,10,11,12,13,14,18,22,24,26,28]","8.8985,5.3566,7.0325,6.4985,7.4674,9.7449,5.5958,7.0771,9.5819,7.7385"
81,2026-09-24 13:28:18,Ours,0.01,1.3971553549379063,65.23,65.23,81,81.6179,1:21.62,74.2668,5.8694,1.4796,6202.2977,1:43:22.30,10,"6,2,3,1,4,5,9,7,8,0",6:188;2:165;3:245;1:181;4:154;5:111;9:97;7:212;8:175;0:184,"6:[0,1,2,4,5,6,8,9,10,11,12,13,18,21,23,24,26,28];2:[0,1,2,4,5,6,9,10,11,12,13,18,24,26,28];3:[0,1,2,4,5,6,8,9,10,11,12,13,14,18,20,21,22,23,24,25,26,28,31];1:[0,1,2,4,5,6,8,9,10,11,12,13,18,22,23,24,26,28];4:[0,1,2,4,5,6,10,11,12,13,18,23,24,26,28];5:[0,4,5,6,9,13,18,24,26,28];9:[0,2,4,5,6,9,13,26];7:[0,1,2,4,5,6,8,9,10,11,12,13,14,18,20,21,22,23,24,26,28];8:[0,1,4,5,6,8,9,10,11,12,13,18,22,24,26,28];0:[0,1,2,4,5,6,8,9,10,11,12,13,18,21,24,25,26,28]","c6:bw=188,experts=[0,1,2,4,5,6,8,9,10,11,12,13,18,21,23,24,26,28]; c2:bw=165,experts=[0,1,2,4,5,6,9,10,11,12,13,18,24,26,28]; c3:bw=245,experts=[0,1,2,4,5,6,8,9,10,11,12,13,14,18,20,21,22,23,24,25,26,28,31]; c1:bw=181,experts=[0,1,2,4,5,6,8,9,10,11,12,13,18,22,23,24,26,28]; c4:bw=154,experts=[0,1,2,4,5,6,10,11,12,13,18,23,24,26,28]; c5:bw=111,experts=[0,4,5,6,9,13,18,24,26,28]; c9:bw=97,experts=[0,2,4,5,6,9,13,26]; c7:bw=212,experts=[0,1,2,4,5,6,8,9,10,11,12,13,14,18,20,21,22,23,24,26,28]; c8:bw=175,experts=[0,1,4,5,6,8,9,10,11,12,13,18,22,24,26,28]; c0:bw=184,experts=[0,1,2,4,5,6,8,9,10,11,12,13,18,21,24,25,26,28]","9.6273,5.7438,7.4577,6.4039,9.6957,8.8519,5.1613,6.6353,7.6825,7.0073"
82,2026-09-24 13:29:38,Ours,0.01,1.396114678137939,64.31,65.23,81,80.348,1:20.35,73.0297,5.8207,1.4956,6282.6818,1:44:42.68,10,"1,0,6,8,7,3,2,9,5,4",1:235;0:110;6:134;8:212;7:146;3:144;2:109;9:204;5:147;4:108,"1:[0,1,2,4,5,6,8,9,10,11,12,13,14,16,18,20,21,22,23,24,26,28];0:[0,1,2,4,5,6,10,13,18,24,26];6:[1,2,4,5,6,11,12,13,18,20,24,26,29];8:[0,1,2,4,5,6,8,9,10,11,12,13,15,18,23,24,25,26,27,28,30];7:[0,1,4,5,6,8,9,11,13,18,22,24,26,28];3:[0,1,2,4,5,6,10,11,13,18,24,26,28];2:[0,4,5,6,9,13,18,19,24,26];9:[0,1,2,4,5,6,8,9,10,11,12,13,18,21,22,24,25,26,28,30];5:[0,4,5,6,8,9,11,12,13,18,22,24,26,28];4:[0,2,4,5,6,12,13,18,24,26]","c1:bw=235,experts=[0,1,2,4,5,6,8,9,10,11,12,13,14,16,18,20,21,22,23,24,26,28]; c0:bw=110,experts=[0,1,2,4,5,6,10,13,18,24,26]; c6:bw=134,experts=[1,2,4,5,6,11,12,13,18,20,24,26,29]; c8:bw=212,experts=[0,1,2,4,5,6,8,9,10,11,12,13,15,18,23,24,25,26,27,28,30]; c7:bw=146,experts=[0,1,4,5,6,8,9,11,13,18,22,24,26,28]; c3:bw=144,experts=[0,1,2,4,5,6,10,11,13,18,24,26,28]; c2:bw=109,experts=[0,4,5,6,9,13,18,19,24,26]; c9:bw=204,experts=[0,1,2,4,5,6,8,9,10,11,12,13,18,21,22,24,25,26,28,30]; c5:bw=147,experts=[0,4,5,6,8,9,11,12,13,18,22,24,26,28]; c4:bw=108,experts=[0,2,4,5,6,12,13,18,24,26]","6.2472,6.7772,9.3861,7.5283,6.6726,7.2154,5.4951,5.3676,8.9214,9.4189"
83,2026-09-24 13:30:58,Ours,0.01,1.3983287145587555,65.27,65.27,83,79.971,1:19.97,73.3165,5.208,1.4447,6362.6896,1:46:02.69,10,"9,4,2,7,5,0,6,1,8,3",9:189;4:37;2:150;7:137;5:10;0:10;6:193;1:232;8:144;3:155,"9:[0,1,2,4,5,6,8,9,10,12,13,18,21,24,25,26,28,30];4:[4,6,26];2:[0,1,2,4,5,6,9,11,12,13,18,22,24,26,28];7:[0,1,2,4,5,6,9,12,13,18,24,25,26];5:[4];0:[];6:[0,1,2,4,5,6,9,10,11,12,13,18,21,23,24,25,26,28,30];1:[0,1,2,4,5,6,8,9,10,11,12,13,14,18,21,22,23,24,25,26,28,29];8:[0,1,2,4,5,6,9,10,12,13,18,24,26,28];3:[0,1,2,4,5,6,9,11,12,13,18,22,24,26,28]","c9:bw=189,experts=[0,1,2,4,5,6,8,9,10,12,13,18,21,24,25,26,28,30]; c4:bw=37,experts=[4,6,26]; c2:bw=150,experts=[0,1,2,4,5,6,9,11,12,13,18,22,24,26,28]; c7:bw=137,experts=[0,1,2,4,5,6,9,12,13,18,24,25,26]; c5:bw=10,experts=[4]; c0:bw=10,experts=[]; c6:bw=193,experts=[0,1,2,4,5,6,9,10,11,12,13,18,21,23,24,25,26,28,30]; c1:bw=232,experts=[0,1,2,4,5,6,8,9,10,11,12,13,14,18,21,22,23,24,25,26,28,29]; c8:bw=144,experts=[0,1,2,4,5,6,9,10,12,13,18,24,26,28]; c3:bw=155,experts=[0,1,2,4,5,6,9,11,12,13,18,22,24,26,28]","5.2350,9.4210,5.5968,6.6098,8.6923,6.9495,9.4138,6.4844,7.6646,7.2493"
84,2026-09-24 13:32:19,Ours,0.01,1.38702973085373,65.01,65.27,83,80.6164,1:20.62,73.987,5.135,1.4926,6443.3485,1:47:23.35,10,"8,3,1,6,9,2,7,5,4,0",8:245;3:118;1:213;6:13;9:75;2:134;7:172;5:73;4:100;0:37,"8:[0,1,2,4,5,6,8,9,10,11,12,13,14,15,16,18,21,23,24,25,26,27,28,30];3:[0,1,2,4,5,6,12,13,18,24,26];1:[0,1,2,4,5,6,9,10,11,12,13,15,16,18,23,24,25,26,28,30];6:[];9:[4,5,6,9,13,24,26];2:[0,2,4,5,6,9,12,13,18,24,26,28];7:[0,1,4,5,6,8,9,10,11,12,13,18,22,23,24,26,28];5:[1,2,4,5,6,13,26];4:[0,1,2,4,5,6,9,13,24,26];0:[4,6,26]","c8:bw=245,experts=[0,1,2,4,5,6,8,9,10,11,12,13,14,15,16,18,21,23,24,25,26,27,28,30]; c3:bw=118,experts=[0,1,2,4,5,6,12,13,18,24,26]; c1:bw=213,experts=[0,1,2,4,5,6,9,10,11,12,13,15,16,18,23,24,25,26,28,30]; c6:bw=13,experts=[]; c9:bw=75,experts=[4,5,6,9,13,24,26]; c2:bw=134,experts=[0,2,4,5,6,9,12,13,18,24,26,28]; c7:bw=172,experts=[0,1,4,5,6,8,9,10,11,12,13,18,22,23,24,26,28]; c5:bw=73,experts=[1,2,4,5,6,13,26]; c4:bw=100,experts=[0,1,2,4,5,6,9,13,24,26]; c0:bw=37,experts=[4,6,26]","7.6159,7.3998,6.4766,9.4043,5.2671,5.6119,6.8123,8.9040,9.5840,6.9112"
85,2026-09-24 13:33:41,Ours,0.01,1.3779918891801934,65.03,65.27,83,81.4676,1:21.47,74.139,5.825,1.5018,6524.8542,1:48:44.85,10,"0,2,8,6,1,4,9,3,5,7",0:140;2:166;8:257;6:154;1:208;4:154;9:211;3:188;5:45;7:42,"0:[0,1,2,4,5,6,10,11,12,13,18,24,26,28];2:[0,1,2,4,5,6,10,11,12,13,18,21,24,25,26,28];8:[0,1,2,4,5,6,8,9,10,11,12,13,15,16,17,18,21,23,24,25,26,27,28,29,30];6:[0,1,2,4,5,6,9,10,11,13,18,21,24,26,28];1:[0,1,2,4,5,6,8,9,10,11,12,13,15,18,21,24,25,26,28];4:[0,2,4,5,6,9,10,11,12,13,18,22,24,26,28];9:[0,1,2,4,5,6,8,9,10,11,12,13,18,20,21,22,24,25,26,27,28];3:[0,1,2,4,5,6,8,9,10,11,12,13,18,21,22,24,26,28];5:[4,24,26];7:[4,13,26]","c0:bw=140,experts=[0,1,2,4,5,6,10,11,12,13,18,24,26,28]; c2:bw=166,experts=[0,1,2,4,5,6,10,11,12,13,18,21,24,25,26,28]; c8:bw=257,experts=[0,1,2,4,5,6,8,9,10,11,12,13,15,16,17,18,21,23,24,25,26,27,28,29,30]; c6:bw=154,experts=[0,1,2,4,5,6,9,10,11,13,18,21,24,26,28]; c1:bw=208,experts=[0,1,2,4,5,6,8,9,10,11,12,13,15,18,21,24,25,26,28]; c4:bw=154,experts=[0,2,4,5,6,9,10,11,12,13,18,22,24,26,28]; c9:bw=211,experts=[0,1,2,4,5,6,8,9,10,11,12,13,18,20,21,22,24,25,26,27,28]; c3:bw=188,experts=[0,1,2,4,5,6,8,9,10,11,12,13,18,21,22,24,26,28]; c5:bw=45,experts=[4,24,26]; c7:bw=42,experts=[4,13,26]","6.9036,5.6468,7.8684,9.4970,6.2904,9.5637,5.3594,7.4994,8.8590,6.6513"
86,2026-09-24 13:35:01,Ours,0.01,1.3744691239313058,65.32,65.32,86,80.7958,1:20.80,73.859,5.4373,1.4979,6605.6855,1:50:05.69,10,"5,8,2,6,0,4,7,3,1,9",5:174;8:102;2:88;6:202;0:109;4:67;7:161;3:101;1:264;9:157,"5:[0,1,4,5,6,8,9,10,11,12,13,18,22,24,26,28];8:[0,1,2,4,5,6,13,18,24,26];2:[0,4,5,6,9,13,24,26];6:[0,1,2,4,5,6,8,9,10,11,12,13,18,21,23,24,25,26,28];0:[0,2,4,5,6,12,13,18,24,26];4:[4,5,6,13,24,26];7:[0,1,2,4,5,6,9,10,11,12,13,18,24,26,28];3:[0,1,2,4,5,6,13,18,24,26];1:[0,1,2,4,5,6,8,9,10,11,12,13,14,16,18,20,21,22,23,24,25,26,27,28,31];9:[0,2,4,5,6,9,10,11,12,13,18,22,24,26,28]","c5:bw=174,experts=[0,1,4,5,6,8,9,10,11,12,13,18,22,24,26,28]; c8:bw=102,experts=[0,1,2,4,5,6,13,18,24,26]; c2:bw=88,experts=[0,4,5,6,9,13,24,26]; c6:bw=202,experts=[0,1,2,4,5,6,8,9,10,11,12,13,18,21,23,24,25,26,28]; c0:bw=109,experts=[0,2,4,5,6,12,13,18,24,26]; c4:bw=67,experts=[4,5,6,13,24,26]; c7:bw=161,experts=[0,1,2,4,5,6,9,10,11,12,13,18,24,26,28]; c3:bw=101,experts=[0,1,2,4,5,6,13,18,24,26]; c1:bw=264,experts=[0,1,2,4,5,6,8,9,10,11,12,13,14,16,18,20,21,22,23,24,25,26,27,28,31]; c9:bw=157,experts=[0,2,4,5,6,9,10,11,12,13,18,22,24,26,28]","8.8329,7.7665,5.4837,9.3230,6.9548,9.5106,6.7861,7.4518,6.4250,5.3247"
87,2026-09-24 13:36:22,Ours,0.01,1.3737629373067226,65.82,65.82,87,80.8333,1:20.83,73.7869,5.567,1.4776,6686.5574,1:51:26.56,10,"1,2,7,5,6,3,4,9,8,0",1:106;2:246;7:81;5:10;6:220;3:249;4:124;9:137;8:170;0:128,"1:[0,2,4,5,6,10,13,24,26];2:[0,1,2,4,5,6,8,9,10,11,12,13,14,16,18,20,21,22,23,24,25,26,27,28];7:[0,4,5,6,13,18,24,26];5:[4];6:[0,1,2,4,5,6,8,9,10,11,12,13,16,18,21,23,24,25,26,27,28];3:[0,1,2,4,5,6,8,9,10,11,12,13,14,16,18,20,21,22,23,24,25,26,27,28];4:[0,4,5,6,9,13,18,22,24,26,28];9:[0,1,2,4,5,6,10,13,18,25,26,30];8:[0,1,2,4,5,6,8,9,10,11,12,13,18,24,26,28];0:[0,2,4,5,6,9,13,18,22,24,26,28]","c1:bw=106,experts=[0,2,4,5,6,10,13,24,26]; c2:bw=246,experts=[0,1,2,4,5,6,8,9,10,11,12,13,14,16,18,20,21,22,23,24,25,26,27,28]; c7:bw=81,experts=[0,4,5,6,13,18,24,26]; c5:bw=10,experts=[4]; c6:bw=220,experts=[0,1,2,4,5,6,8,9,10,11,12,13,16,18,21,23,24,25,26,27,28]; c3:bw=249,experts=[0,1,2,4,5,6,8,9,10,11,12,13,14,16,18,20,21,22,23,24,25,26,27,28]; c4:bw=124,experts=[0,4,5,6,9,13,18,22,24,26,28]; c9:bw=137,experts=[0,1,2,4,5,6,10,13,18,25,26,30]; c8:bw=170,experts=[0,1,2,4,5,6,8,9,10,11,12,13,18,24,26,28]; c0:bw=128,experts=[0,2,4,5,6,9,13,18,22,24,26,28]","6.2963,5.5574,6.7133,8.8593,9.4503,7.4046,9.4412,5.3252,7.7286,7.0106"
88,2026-09-24 13:37:43,Ours,0.01,1.3656124217371723,66.45,66.45,88,80.9763,1:20.98,74.0886,5.3694,1.5164,6767.5727,1:52:47.57,10,"8,6,3,7,0,4,9,1,5,2",8:157;6:98;3:120;7:151;0:227;4:138;9:113;1:103;5:111;2:167,"8:[0,4,5,6,8,9,10,11,12,13,18,22,24,26,28];6:[0,4,5,6,9,13,18,24,26];3:[0,1,2,4,5,6,9,12,13,18,24,26];7:[0,2,4,5,6,8,9,10,11,12,13,18,24,26,28];0:[0,1,2,4,5,6,8,9,10,11,12,13,15,18,21,22,23,24,25,26,28];4:[0,1,2,4,5,6,10,11,12,13,18,24,26];9:[0,4,5,6,9,13,18,22,24,26,28];1:[0,1,2,4,5,6,9,13,24,26];5:[0,4,5,6,9,13,18,22,24,26,28];2:[0,1,4,5,6,8,9,10,11,12,13,18,22,24,26,28]","c8:bw=157,experts=[0,4,5,6,8,9,10,11,12,13,18,22,24,26,28]; c6:bw=98,experts=[0,4,5,6,9,13,18,24,26]; c3:bw=120,experts=[0,1,2,4,5,6,9,12,13,18,24,26]; c7:bw=151,experts=[0,2,4,5,6,8,9,10,11,12,13,18,24,26,28]; c0:bw=227,experts=[0,1,2,4,5,6,8,9,10,11,12,13,15,18,21,22,23,24,25,26,28]; c4:bw=138,experts=[0,1,2,4,5,6,10,11,12,13,18,24,26]; c9:bw=113,experts=[0,4,5,6,9,13,18,22,24,26,28]; c1:bw=103,experts=[0,1,2,4,5,6,9,13,24,26]; c5:bw=111,experts=[0,4,5,6,9,13,18,22,24,26,28]; c2:bw=167,experts=[0,1,4,5,6,8,9,10,11,12,13,18,22,24,26,28]","7.7583,9.5613,7.4881,6.7530,6.7209,9.6583,5.3618,6.3125,8.9038,5.5706"
89,2026-09-24 13:39:05,Ours,0.01,1.360319913745272,65.75,66.45,88,81.6347,1:21.63,74.5348,5.5998,1.4982,6849.2468,1:54:09.25,10,"3,8,2,9,7,5,0,6,4,1",3:112;8:270;2:162;9:222;7:79;5:168;0:47;6:116;4:112;1:150,"3:[0,2,4,5,6,9,13,18,24,26];8:[0,1,2,4,5,6,8,9,10,11,12,13,14,15,16,17,18,20,21,22,23,24,25,26,27,28,30];2:[0,1,2,4,5,6,9,10,11,12,13,18,21,24,26,28];9:[0,1,2,4,5,6,8,9,10,11,12,13,14,18,20,21,22,23,24,25,26,28];7:[4,6,13,19,26,30];5:[0,1,2,4,5,6,8,9,10,11,12,13,18,24,26,28];0:[4,19,26,30];6:[0,1,2,4,5,6,9,13,18,24,26];4:[0,1,2,4,5,6,13,18,24,26];1:[0,1,2,4,5,6,9,10,11,12,13,18,24,26,28]","c3:bw=112,experts=[0,2,4,5,6,9,13,18,24,26]; c8:bw=270,experts=[0,1,2,4,5,6,8,9,10,11,12,13,14,15,16,17,18,20,21,22,23,24,25,26,27,28,30]; c2:bw=162,experts=[0,1,2,4,5,6,9,10,11,12,13,18,21,24,26,28]; c9:bw=222,experts=[0,1,2,4,5,6,8,9,10,11,12,13,14,18,20,21,22,23,24,25,26,28]; c7:bw=79,experts=[4,6,13,19,26,30]; c5:bw=168,experts=[0,1,2,4,5,6,8,9,10,11,12,13,18,24,26,28]; c0:bw=47,experts=[4,19,26,30]; c6:bw=116,experts=[0,1,2,4,5,6,9,13,18,24,26]; c4:bw=112,experts=[0,1,2,4,5,6,13,18,24,26]; c1:bw=150,experts=[0,1,2,4,5,6,9,10,11,12,13,18,24,26,28]","7.5183,7.8297,5.7398,5.5052,6.8441,8.9066,6.8751,9.3676,9.5439,6.4044"
90,2026-09-24 13:40:27,Ours,0.01,1.3538264222239713,65.7,66.45,88,82.1102,1:22.11,74.6062,5.963,1.539,6931.396,1:55:31.40,10,"7,1,3,9,0,6,2,5,8,4",7:262;1:113;3:132;9:232;0:234;6:95;2:77;5:99;8:185;4:130,"7:[0,1,2,4,5,6,8,9,10,11,12,13,14,18,19,20,21,22,23,24,25,26,27,28,29,30];1:[0,1,2,4,5,6,10,12,13,24,26];3:[0,4,5,6,9,11,12,13,18,22,24,26,28];9:[0,1,2,4,5,6,8,9,10,11,12,13,15,16,18,21,24,25,26,27,28,30];0:[0,1,2,4,5,6,8,9,10,11,12,13,14,15,16,18,20,21,23,24,25,26,28];6:[0,4,5,6,9,13,24,26,28];2:[0,2,4,5,6,13,26];5:[0,4,5,6,9,13,24,26];8:[0,1,4,5,6,8,9,10,11,12,13,14,18,20,22,24,26,28];4:[0,2,4,5,6,9,12,13,18,24,26,28]","c7:bw=262,experts=[0,1,2,4,5,6,8,9,10,11,12,13,14,18,19,20,21,22,23,24,25,26,27,28,29,30]; c1:bw=113,experts=[0,1,2,4,5,6,10,12,13,24,26]; c3:bw=132,experts=[0,4,5,6,9,11,12,13,18,22,24,26,28]; c9:bw=232,experts=[0,1,2,4,5,6,8,9,10,11,12,13,15,16,18,21,24,25,26,27,28,30]; c0:bw=234,experts=[0,1,2,4,5,6,8,9,10,11,12,13,14,15,16,18,20,21,23,24,25,26,28]; c6:bw=95,experts=[0,4,5,6,9,13,24,26,28]; c2:bw=77,experts=[0,2,4,5,6,13,26]; c5:bw=99,experts=[0,4,5,6,9,13,24,26]; c8:bw=185,experts=[0,1,4,5,6,8,9,10,11,12,13,14,18,20,22,24,26,28]; c4:bw=130,experts=[0,2,4,5,6,9,12,13,18,24,26,28]","6.8003,6.4019,7.4243,5.4246,7.0249,9.5203,5.5807,8.9272,7.7689,9.7331"
91,2026-09-24 13:41:49,Ours,0.01,1.3514564627302474,66.05,66.45,88,82.0665,1:22.07,75.167,5.3949,1.5027,7013.504,1:56:53.50,10,"1,9,5,7,3,4,0,6,2,8",1:182;9:129;5:190;7:188;3:146;4:198;0:82;6:107;2:42;8:83,"1:[0,1,2,4,5,6,9,10,11,12,13,18,21,24,25,26,28];9:[0,1,2,4,5,6,9,12,13,18,24,26];5:[0,1,2,4,5,6,8,9,10,11,12,13,18,21,23,24,26,28];7:[0,1,2,4,5,6,8,9,10,11,12,13,18,21,22,24,26,28];3:[0,1,2,4,5,6,10,11,12,13,18,24,26,28];4:[0,1,2,4,5,6,8,10,11,12,13,16,18,21,23,24,25,26,28];0:[0,4,5,6,13,24,26];6:[0,4,5,6,9,13,19,24,26];2:[4,6,13,26];8:[0,1,2,4,5,6,13,26]","c1:bw=182,experts=[0,1,2,4,5,6,9,10,11,12,13,18,21,24,25,26,28]; c9:bw=129,experts=[0,1,2,4,5,6,9,12,13,18,24,26]; c5:bw=190,experts=[0,1,2,4,5,6,8,9,10,11,12,13,18,21,23,24,26,28]; c7:bw=188,experts=[0,1,2,4,5,6,8,9,10,11,12,13,18,21,22,24,26,28]; c3:bw=146,experts=[0,1,2,4,5,6,10,11,12,13,18,24,26,28]; c4:bw=198,experts=[0,1,2,4,5,6,8,10,11,12,13,16,18,21,23,24,25,26,28]; c0:bw=82,experts=[0,4,5,6,13,24,26]; c6:bw=107,experts=[0,4,5,6,9,13,19,24,26]; c2:bw=42,experts=[4,6,13,26]; c8:bw=83,experts=[0,1,2,4,5,6,13,26]","6.5366,5.4967,9.1541,6.9479,7.5173,9.8030,7.0968,9.4392,5.5987,7.5767"
92,2026-09-24 13:43:10,Ours,0.01,1.3505505524792611,66.34,66.45,88,81.1605,1:21.16,74.2362,5.4229,1.4996,7094.7047,1:58:14.70,10,"3,7,1,0,8,6,9,2,5,4",3:104;7:125;1:73;0:108;8:70;6:166;9:204;2:92;5:242;4:97,"3:[0,1,2,4,6,13,18,24,26];7:[0,1,2,4,5,6,9,13,18,24,26];1:[0,4,6,13,24,26];0:[0,4,5,6,9,13,18,22,24,26];8:[4,5,6,9,13,24,26];6:[0,4,5,6,9,10,11,12,13,14,18,20,22,24,26,28];9:[0,1,2,4,5,6,8,9,10,11,12,13,18,20,21,22,24,25,26,28];2:[0,1,2,4,6,10,13,18,26];5:[0,1,2,4,5,6,8,9,10,11,12,13,15,16,18,21,23,24,25,26,27,28,29,30];4:[0,1,2,4,6,13,24,26]","c3:bw=104,experts=[0,1,2,4,6,13,18,24,26]; c7:bw=125,experts=[0,1,2,4,5,6,9,13,18,24,26]; c1:bw=73,experts=[0,4,6,13,24,26]; c0:bw=108,experts=[0,4,5,6,9,13,18,22,24,26]; c8:bw=70,experts=[4,5,6,9,13,24,26]; c6:bw=166,experts=[0,4,5,6,9,10,11,12,13,14,18,20,22,24,26,28]; c9:bw=204,experts=[0,1,2,4,5,6,8,9,10,11,12,13,18,20,21,22,24,25,26,28]; c2:bw=92,experts=[0,1,2,4,6,10,13,18,26]; c5:bw=242,experts=[0,1,2,4,5,6,8,9,10,11,12,13,15,16,18,21,23,24,25,26,27,28,29,30]; c4:bw=97,experts=[0,1,2,4,6,13,24,26]","7.3822,6.8349,6.4167,6.7536,7.6941,9.3569,5.4459,5.6527,8.9829,9.7164"
93,2026-09-24 13:44:31,Ours,0.01,1.3453604842292095,66.35,66.45,88,80.5543,1:20.55,74.1694,4.9145,1.4687,7175.2982,1:59:35.30,10,"1,3,7,9,6,8,5,4,0,2",1:173;3:114;7:82;9:212;6:82;8:17;5:29;4:116;0:69;2:187,"1:[0,1,2,4,5,6,9,10,11,12,13,14,18,22,24,26,28];3:[0,4,5,6,9,13,18,22,24,26,28];7:[0,4,6,9,13,24,26];9:[0,1,2,4,5,6,8,9,10,11,12,13,15,18,21,24,25,26,27,28,30];6:[0,2,4,5,6,13,24,26];8:[4];5:[4,6];4:[0,1,2,4,5,6,12,13,18,24,26];0:[4,6,13,24,26];2:[0,1,2,4,5,6,9,10,11,12,13,18,21,22,24,25,26,28]","c1:bw=173,experts=[0,1,2,4,5,6,9,10,11,12,13,14,18,22,24,26,28]; c3:bw=114,experts=[0,4,5,6,9,13,18,22,24,26,28]; c7:bw=82,experts=[0,4,6,9,13,24,26]; c9:bw=212,experts=[0,1,2,4,5,6,8,9,10,11,12,13,15,18,21,24,25,26,27,28,30]; c6:bw=82,experts=[0,2,4,5,6,13,24,26]; c8:bw=17,experts=[4]; c5:bw=29,experts=[4,6]; c4:bw=116,experts=[0,1,2,4,5,6,12,13,18,24,26]; c0:bw=69,experts=[4,6,13,24,26]; c2:bw=187,experts=[0,1,2,4,5,6,9,10,11,12,13,18,21,22,24,25,26,28]","6.5442,7.4192,6.7547,5.4267,9.5584,7.6009,8.7232,9.6252,6.9053,5.6115"
94,2026-09-24 13:46:00,Ours,0.01,1.3377839418686956,66.23,66.45,88,89.1325,1:29.13,80.998,6.4742,1.6584,7264.472,2:01:04.47,10,"7,2,5,4,6,9,1,8,0,3",7:163;2:237;5:149;4:115;6:111;9:184;1:258;8:28;0:203;3:124,"7:[0,1,2,4,5,6,8,10,11,12,13,18,23,24,26,28];2:[0,1,2,4,5,6,8,9,10,11,12,13,15,16,18,21,23,24,25,26,28,29,30];5:[0,4,5,6,9,11,12,13,18,19,22,24,26,28];4:[0,4,5,6,9,13,18,22,24,26];6:[2,4,5,6,9,12,13,18,24,26];9:[0,2,4,5,6,8,9,10,11,12,13,18,20,22,24,26,28];1:[0,1,2,4,5,6,8,9,10,11,12,13,15,16,17,18,19,23,24,25,26,27,28,29,30];8:[4,6];0:[0,1,2,4,5,6,8,9,10,11,12,13,16,18,20,22,24,25,26,28];3:[0,1,4,5,6,11,12,13,18,24,26,28]","c7:bw=163,experts=[0,1,2,4,5,6,8,10,11,12,13,18,23,24,26,28]; c2:bw=237,experts=[0,1,2,4,5,6,8,9,10,11,12,13,15,16,18,21,23,24,25,26,28,29,30]; c5:bw=149,experts=[0,4,5,6,9,11,12,13,18,19,22,24,26,28]; c4:bw=115,experts=[0,4,5,6,9,13,18,22,24,26]; c6:bw=111,experts=[2,4,5,6,9,12,13,18,24,26]; c9:bw=184,experts=[0,2,4,5,6,8,9,10,11,12,13,18,20,22,24,26,28]; c1:bw=258,experts=[0,1,2,4,5,6,8,9,10,11,12,13,15,16,17,18,19,23,24,25,26,27,28,29,30]; c8:bw=28,experts=[4,6]; c0:bw=203,experts=[0,1,2,4,5,6,8,9,10,11,12,13,16,18,20,22,24,25,26,28]; c3:bw=124,experts=[0,1,4,5,6,11,12,13,18,24,26,28]","6.7359,5.5550,9.5391,10.7436,10.5577,6.0016,7.2203,8.4833,7.8518,8.3096"
95,2026-09-24 13:47:28,Ours,0.01,1.3356816885108924,66.85,66.85,95,88.0542,1:28.05,80.7955,5.6749,1.5819,7352.5712,2:02:32.57,10,"7,9,4,6,0,3,1,8,2,5",7:217;9:155;4:56;6:147;0:128;3:149;1:114;8:277;2:84;5:31,"7:[0,1,2,4,5,6,8,9,10,11,12,13,14,15,18,21,23,24,25,26,28];9:[0,1,2,4,5,6,9,10,12,13,18,24,25,26,28];4:[4,6,13,26];6:[0,1,2,4,5,6,9,10,12,13,18,24,25,26];0:[0,1,2,4,5,6,12,13,18,24,26,28];3:[0,2,4,5,6,9,11,12,13,18,22,24,26,28];1:[0,1,2,4,5,6,12,13,18,24,26];8:[0,1,2,4,5,6,8,9,10,11,12,13,14,15,16,18,19,20,21,22,23,24,25,26,27,28];2:[1,2,4,6,12,13,18,26];5:[4,6,26]","c7:bw=217,experts=[0,1,2,4,5,6,8,9,10,11,12,13,14,15,18,21,23,24,25,26,28]; c9:bw=155,experts=[0,1,2,4,5,6,9,10,12,13,18,24,25,26,28]; c4:bw=56,experts=[4,6,13,26]; c6:bw=147,experts=[0,1,2,4,5,6,9,10,12,13,18,24,25,26]; c0:bw=128,experts=[0,1,2,4,5,6,12,13,18,24,26,28]; c3:bw=149,experts=[0,2,4,5,6,9,11,12,13,18,22,24,26,28]; c1:bw=114,experts=[0,1,2,4,5,6,12,13,18,24,26]; c8:bw=277,experts=[0,1,2,4,5,6,8,9,10,11,12,13,14,15,16,18,19,20,21,22,23,24,25,26,27,28]; c2:bw=84,experts=[1,2,4,6,12,13,18,26]; c5:bw=31,experts=[4,6,26]","7.5341,5.8835,10.4381,10.3001,7.6330,8.1818,7.1686,8.5911,5.9825,9.0827"
96,2026-09-24 13:48:58,Ours,0.01,1.3335767083557677,66.46,66.85,95,89.8433,1:29.84,81.6822,6.5767,1.5825,7442.4566,2:04:02.46,10,"2,9,3,1,5,4,6,7,0,8",2:238;9:162;3:167;1:132;5:219;4:179;6:115;7:185;0:132;8:236,"2:[0,1,2,3,4,5,6,7,8,9,10,11,12,13,14,18,21,23,24,25,26,28,31];9:[0,3,4,5,6,7,9,13,17,18,22,24,26,28,29,31];3:[0,1,2,4,5,6,8,9,10,11,12,13,18,24,26,28];1:[0,2,3,4,5,6,7,9,13,18,24,26,28];5:[0,1,2,4,5,6,7,9,10,11,12,13,14,16,18,23,24,25,26,28,31];4:[0,1,2,3,4,5,6,9,10,11,12,13,18,21,24,26,28];6:[1,2,3,4,5,6,7,13,24,26,31];7:[0,1,2,3,4,5,6,7,9,10,11,12,13,17,18,24,26,31];0:[0,2,3,4,5,6,7,13,18,24,26,28,31];8:[0,1,2,3,4,5,6,7,8,9,10,11,12,13,14,18,21,23,24,25,26,28,31]","c2:bw=238,experts=[0,1,2,3,4,5,6,7,8,9,10,11,12,13,14,18,21,23,24,25,26,28,31]; c9:bw=162,experts=[0,3,4,5,6,7,9,13,17,18,22,24,26,28,29,31]; c3:bw=167,experts=[0,1,2,4,5,6,8,9,10,11,12,13,18,24,26,28]; c1:bw=132,experts=[0,2,3,4,5,6,7,9,13,18,24,26,28]; c5:bw=219,experts=[0,1,2,4,5,6,7,9,10,11,12,13,14,16,18,23,24,25,26,28,31]; c4:bw=179,experts=[0,1,2,3,4,5,6,9,10,11,12,13,18,21,24,26,28]; c6:bw=115,experts=[1,2,3,4,5,6,7,13,24,26,31]; c7:bw=185,experts=[0,1,2,3,4,5,6,7,9,10,11,12,13,17,18,24,26,31]; c0:bw=132,experts=[0,2,3,4,5,6,7,13,18,24,26,28,31]; c8:bw=236,experts=[0,1,2,3,4,5,6,7,8,9,10,11,12,13,14,18,21,23,24,25,26,28,31]","6.1400,5.8446,8.3270,7.0411,9.9451,10.2034,10.2081,7.6140,7.9636,8.3953"
97,2026-09-24 13:50:26,Ours,0.01,1.3325772127728461,66.49,66.85,95,88.2083,1:28.21,80.6681,5.934,1.6042,7530.7091,2:05:30.71,10,"0,9,8,4,7,1,3,5,6,2",0:150;9:158;8:158;4:59;7:111;1:184;3:127;5:170;6:184;2:198,"0:[0,1,2,4,5,6,9,10,11,13,18,24,26,28];9:[0,1,2,4,5,6,9,10,11,12,13,18,24,25,26];8:[0,2,4,5,6,8,9,11,12,13,18,22,24,26,28];4:[4,6,13,26];7:[0,4,5,6,9,13,18,24,26,28];1:[0,1,2,4,5,6,9,10,11,12,13,16,18,23,24,26,28];3:[0,4,5,6,9,13,18,22,24,26,28];5:[0,1,2,4,5,6,8,9,10,11,12,13,18,22,24,26,28];6:[0,1,2,4,5,6,8,10,11,12,13,15,18,21,24,26,28];2:[0,1,2,4,5,6,8,9,10,11,12,13,18,22,23,24,26,28]","c0:bw=150,experts=[0,1,2,4,5,6,9,10,11,13,18,24,26,28]; c9:bw=158,experts=[0,1,2,4,5,6,9,10,11,12,13,18,24,25,26]; c8:bw=158,experts=[0,2,4,5,6,8,9,11,12,13,18,22,24,26,28]; c4:bw=59,experts=[4,6,13,26]; c7:bw=111,experts=[0,4,5,6,9,13,18,24,26,28]; c1:bw=184,experts=[0,1,2,4,5,6,9,10,11,12,13,16,18,23,24,26,28]; c3:bw=127,experts=[0,4,5,6,9,13,18,22,24,26,28]; c5:bw=170,experts=[0,1,2,4,5,6,8,9,10,11,12,13,18,22,24,26,28]; c6:bw=184,experts=[0,1,2,4,5,6,8,10,11,12,13,15,18,21,24,26,28]; c2:bw=198,experts=[0,1,2,4,5,6,8,9,10,11,12,13,18,22,23,24,26,28]","7.6375,5.8428,8.4088,10.2873,7.3771,7.0398,8.0794,9.6316,10.2336,6.1302"
98,2026-09-24 13:51:54,Ours,0.01,1.3250926277094686,66.49,66.85,95,87.5462,1:27.55,80.3496,5.5453,1.6493,7618.2984,2:06:58.30,10,"4,8,9,7,6,5,0,3,1,2",4:190;8:196;9:98;7:87;6:133;5:180;0:122;3:93;1:96;2:89,"4:[0,1,2,4,5,6,8,9,10,11,12,13,18,21,22,24,26,28];8:[0,1,2,4,5,6,8,9,10,11,12,13,18,21,23,24,25,26,28];9:[0,2,4,6,9,13,19,24,26];7:[0,2,4,5,6,13,24,26];6:[0,2,4,5,6,9,11,12,13,18,24,26];5:[0,1,2,4,5,6,8,9,10,11,12,13,18,22,23,24,26,28];0:[0,2,4,5,6,9,10,12,13,18,24,26];3:[4,5,6,7,9,13,19,24,26];1:[0,2,4,5,6,13,18,24,26];2:[0,2,4,5,6,13,26]","c4:bw=190,experts=[0,1,2,4,5,6,8,9,10,11,12,13,18,21,22,24,26,28]; c8:bw=196,experts=[0,1,2,4,5,6,8,9,10,11,12,13,18,21,23,24,25,26,28]; c9:bw=98,experts=[0,2,4,6,9,13,19,24,26]; c7:bw=87,experts=[0,2,4,5,6,13,24,26]; c6:bw=133,experts=[0,2,4,5,6,9,11,12,13,18,24,26]; c5:bw=180,experts=[0,1,2,4,5,6,8,9,10,11,12,13,18,22,23,24,26,28]; c0:bw=122,experts=[0,2,4,5,6,9,10,12,13,18,24,26]; c3:bw=93,experts=[4,5,6,7,9,13,19,24,26]; c1:bw=96,experts=[0,2,4,5,6,13,18,24,26]; c2:bw=89,experts=[0,2,4,5,6,13,26]","10.4173,8.3924,5.6584,7.3329,10.4290,9.5568,7.3939,8.0405,6.9997,6.1286"
99,2026-09-24 13:53:22,Ours,0.01,1.3171006744537868,67.02,67.02,99,88.201,1:28.20,80.9053,5.6854,1.6083,7706.5461,2:08:26.55,10,"8,5,7,1,3,9,4,0,2,6",8:124;5:180;7:166;1:217;3:138;9:75;4:89;0:147;2:113;6:128,"8:[0,1,2,4,5,6,11,13,18,24,26,28];5:[0,1,2,4,5,6,8,9,10,11,12,13,18,21,24,26,28];7:[0,1,2,4,5,6,9,10,11,12,13,18,23,24,25,26];1:[0,1,2,4,5,6,8,9,10,11,12,13,16,18,21,22,24,25,26,28,31];3:[0,2,4,5,6,9,11,13,18,22,24,26,28];9:[0,2,4,6,13,18,26];4:[0,2,4,6,13,24,26];0:[0,2,4,5,6,9,11,12,13,18,22,24,26,28];2:[0,2,4,5,6,9,13,18,24,26,28];6:[0,1,2,4,5,6,9,13,18,24,26,28]","c8:bw=124,experts=[0,1,2,4,5,6,11,13,18,24,26,28]; c5:bw=180,experts=[0,1,2,4,5,6,8,9,10,11,12,13,18,21,24,26,28]; c7:bw=166,experts=[0,1,2,4,5,6,9,10,11,12,13,18,23,24,25,26]; c1:bw=217,experts=[0,1,2,4,5,6,8,9,10,11,12,13,16,18,21,22,24,25,26,28,31]; c3:bw=138,experts=[0,2,4,5,6,9,11,13,18,22,24,26,28]; c9:bw=75,experts=[0,2,4,6,13,18,26]; c4:bw=89,experts=[0,2,4,6,13,24,26]; c0:bw=147,experts=[0,2,4,5,6,9,11,12,13,18,22,24,26,28]; c2:bw=113,experts=[0,2,4,5,6,9,13,18,24,26,28]; c6:bw=128,experts=[0,1,2,4,5,6,9,13,18,24,26,28]","8.3519,9.8086,7.3836,7.0479,8.1933,5.7655,10.4204,7.5570,6.1179,10.2593"
100,2026-09-24 13:54:50,Ours,0.01,1.3166299953944005,67.2,67.2,100,87.534,1:27.53,79.9446,5.9901,1.5975,7794.1265,2:09:54.13,10,"2,8,9,5,6,1,4,7,3,0",2:111;8:162;9:194;5:68;6:162;1:63;4:239;7:25;3:152;0:236,"2:[0,4,5,6,9,13,18,22,24,26,28];8:[0,2,4,5,6,8,9,11,12,13,18,22,24,26,28];9:[0,1,2,4,5,6,8,9,10,11,12,13,18,20,22,24,26,28];5:[3,4,6,17,26];6:[0,1,2,4,5,6,8,9,10,11,12,13,18,24,26,28];1:[2,4,5,6,13,26];4:[0,1,2,4,5,6,8,9,10,11,12,13,14,15,16,18,21,23,24,25,26,28,29];7:[4,26];3:[0,1,2,4,5,6,9,11,12,13,18,22,24,26,28];0:[0,1,2,4,5,6,8,9,10,11,12,13,15,16,17,18,21,24,25,26,28,29]","c2:bw=111,experts=[0,4,5,6,9,13,18,22,24,26,28]; c8:bw=162,experts=[0,2,4,5,6,8,9,11,12,13,18,22,24,26,28]; c9:bw=194,experts=[0,1,2,4,5,6,8,9,10,11,12,13,18,20,22,24,26,28]; c5:bw=68,experts=[3,4,6,17,26]; c6:bw=162,experts=[0,1,2,4,5,6,8,9,10,11,12,13,18,24,26,28]; c1:bw=63,experts=[2,4,5,6,13,26]; c4:bw=239,experts=[0,1,2,4,5,6,8,9,10,11,12,13,14,15,16,18,21,23,24,25,26,28,29]; c7:bw=25,experts=[4,26]; c3:bw=152,experts=[0,1,2,4,5,6,9,11,12,13,18,22,24,26,28]; c0:bw=236,experts=[0,1,2,4,5,6,8,9,10,11,12,13,15,16,17,18,21,24,25,26,28,29]","6.1505,8.2732,5.7457,9.4169,10.1083,6.9561,10.3852,7.2205,8.0878,7.6003"
