Round,Timestamp,Method,LR,AvgLoss,TestAcc,BestAcc,BestRound,RoundTimeSec,RoundTimeHMS,LocalTrainTimeSec,AggTimeSec,EvalTimeSec,CumulativeTimeSec,CumulativeTimeHMS,NumClientsSelected,SelectedClients,Bandwidth,SelectedExperts,UploadDetail,ClientTrainTimesSec
1,2026-09-24 11:42:30,Ours,0.00208,3.8653939153536228,1.43,1.43,1,55.1176,0:55.12,53.7674,0.1618,1.1869,55.1177,0:55.12,10,"8,1,5,0,7,2,9,4,3,6",8:202;1:107;5:163;0:10;7:75;2:106;9:166;4:146;3:187;6:150,"8:[0,1,2,4,5,6,10,11,12,13,15,16,18,21,22,23,24,26,28,30];1:[0,1,2,4,5,6,13,23,24,26];5:[0,1,2,4,5,6,10,11,13,15,18,21,23,24,26,30];0:[13];7:[1,2,4,6,13,23,24];2:[0,1,2,4,5,6,13,23,24,26];9:[0,1,2,4,5,6,10,11,13,15,18,21,23,24,26,30];4:[0,1,2,4,5,6,13,15,18,21,23,24,26,30];3:[0,1,2,4,5,6,10,11,13,15,16,18,21,22,23,24,26,30];6:[0,1,2,4,5,6,11,13,15,18,21,23,24,26,30]","c8:bw=202,experts=[0,1,2,4,5,6,10,11,12,13,15,16,18,21,22,23,24,26,28,30]; c1:bw=107,experts=[0,1,2,4,5,6,13,23,24,26]; c5:bw=163,experts=[0,1,2,4,5,6,10,11,13,15,18,21,23,24,26,30]; c0:bw=10,experts=[13]; c7:bw=75,experts=[1,2,4,6,13,23,24]; c2:bw=106,experts=[0,1,2,4,5,6,13,23,24,26]; c9:bw=166,experts=[0,1,2,4,5,6,10,11,13,15,18,21,23,24,26,30]; c4:bw=146,experts=[0,1,2,4,5,6,13,15,18,21,23,24,26,30]; c3:bw=187,experts=[0,1,2,4,5,6,10,11,13,15,16,18,21,22,23,24,26,30]; c6:bw=150,experts=[0,1,2,4,5,6,11,13,15,18,21,23,24,26,30]","6.0306,4.5336,6.5962,4.9412,4.8365,4.0664,3.6071,6.9332,5.4066,6.8160"
2,2026-09-24 11:43:23,Ours,0.00406,3.3287415956215276,4.83,4.83,2,52.7107,0:52.71,51.4034,0.1587,1.1468,107.964,1:47.96,10,"0,1,8,5,3,4,7,9,6,2",0:130;1:152;8:177;5:251;3:246;4:109;7:202;9:170;6:62;2:79,"0:[0,1,2,4,6,8,10,11,12,13,18,21,26];1:[0,1,2,4,5,6,8,10,11,12,13,18,21,24,26];8:[0,1,2,4,5,6,8,9,10,11,12,13,18,21,24,26,28];5:[0,1,2,4,5,6,8,9,10,11,12,13,14,15,16,17,18,21,23,24,25,26,27,28,29];3:[0,1,2,4,5,6,8,9,10,11,12,13,14,15,16,18,21,23,24,25,26,27,28,29];4:[0,2,4,6,10,11,13,18,24,26];7:[0,1,2,4,5,6,8,9,10,11,12,13,16,18,21,23,24,25,26,28];9:[0,1,2,4,5,6,8,9,10,11,12,13,18,21,24,25,26];6:[2,4,6,10,13,26];2:[0,2,4,6,10,13,26]","c0:bw=130,experts=[0,1,2,4,6,8,10,11,12,13,18,21,26]; c1:bw=152,experts=[0,1,2,4,5,6,8,10,11,12,13,18,21,24,26]; c8:bw=177,experts=[0,1,2,4,5,6,8,9,10,11,12,13,18,21,24,26,28]; c5:bw=251,experts=[0,1,2,4,5,6,8,9,10,11,12,13,14,15,16,17,18,21,23,24,25,26,27,28,29]; c3:bw=246,experts=[0,1,2,4,5,6,8,9,10,11,12,13,14,15,16,18,21,23,24,25,26,27,28,29]; c4:bw=109,experts=[0,2,4,6,10,11,13,18,24,26]; c7:bw=202,experts=[0,1,2,4,5,6,8,9,10,11,12,13,16,18,21,23,24,25,26,28]; c9:bw=170,experts=[0,1,2,4,5,6,8,9,10,11,12,13,18,21,24,25,26]; c6:bw=62,experts=[2,4,6,10,13,26]; c2:bw=79,experts=[0,2,4,6,10,13,26]","4.7581,4.4160,5.3649,6.3547,5.1495,6.9844,4.5131,3.5404,6.5320,3.7904"
3,2026-09-24 11:44:15,Ours,0.006040000000000001,3.1998405787044732,6.43,6.43,3,52.2769,0:52.28,50.9363,0.1624,1.1766,160.2539,2:40.25,10,"9,2,0,6,8,5,3,7,1,4",9:174;2:152;0:182;6:146;8:110;5:49;3:94;7:120;1:49;4:190,"9:[0,1,2,4,5,6,8,9,10,11,12,13,18,21,24,25,26];2:[0,1,2,4,5,6,8,9,10,11,12,13,18,21,26];0:[0,1,2,4,5,6,8,9,10,11,12,13,18,21,24,25,26,28];6:[0,1,2,4,5,6,8,10,11,12,13,18,21,26];8:[0,2,4,5,6,10,11,12,13,18,26];5:[4,6,13,26];3:[0,2,4,6,10,12,13,18,26];7:[0,2,4,5,6,8,10,11,12,13,18,26];1:[4,6,13,26];4:[0,1,2,4,5,6,8,9,10,11,12,13,18,21,24,25,26,27,28]","c9:bw=174,experts=[0,1,2,4,5,6,8,9,10,11,12,13,18,21,24,25,26]; c2:bw=152,experts=[0,1,2,4,5,6,8,9,10,11,12,13,18,21,26]; c0:bw=182,experts=[0,1,2,4,5,6,8,9,10,11,12,13,18,21,24,25,26,28]; c6:bw=146,experts=[0,1,2,4,5,6,8,10,11,12,13,18,21,26]; c8:bw=110,experts=[0,2,4,5,6,10,11,12,13,18,26]; c5:bw=49,experts=[4,6,13,26]; c3:bw=94,experts=[0,2,4,6,10,12,13,18,26]; c7:bw=120,experts=[0,2,4,5,6,8,10,11,12,13,18,26]; c1:bw=49,experts=[4,6,13,26]; c4:bw=190,experts=[0,1,2,4,5,6,8,9,10,11,12,13,18,21,24,25,26,27,28]","3.5529,3.7648,4.6651,6.7202,5.3390,6.1969,5.0890,4.5879,4.2921,6.7283"
4,2026-09-24 11:45:08,Ours,0.00802,3.114676634113205,9.15,9.15,4,52.574,0:52.57,51.2225,0.1647,1.1849,212.8399,3:32.84,10,"1,7,6,2,8,0,3,4,5,9",1:145;7:164;6:194;2:219;8:115;0:215;3:124;4:204;5:268;9:79,"1:[0,1,2,4,5,6,8,10,12,13,18,21,24,26];7:[0,1,2,4,5,6,8,10,11,12,13,18,21,24,26,28];6:[0,1,2,4,5,6,8,9,10,11,12,13,18,21,24,25,26,27,28];2:[0,1,2,4,5,6,8,9,10,11,12,13,16,18,21,23,24,25,26,27,28];8:[0,1,2,4,5,6,10,12,13,18,26];0:[0,1,2,4,5,6,8,9,10,11,12,13,16,18,21,23,24,25,26,27,28];3:[0,1,2,4,5,6,10,11,12,13,18,26];4:[0,1,2,4,5,6,8,9,10,11,12,13,18,21,23,24,25,26,27,28];5:[0,1,2,3,4,5,6,8,9,10,11,12,13,14,15,16,17,18,21,23,24,25,26,27,28,29];9:[2,4,6,12,13,18,26]","c1:bw=145,experts=[0,1,2,4,5,6,8,10,12,13,18,21,24,26]; c7:bw=164,experts=[0,1,2,4,5,6,8,10,11,12,13,18,21,24,26,28]; c6:bw=194,experts=[0,1,2,4,5,6,8,9,10,11,12,13,18,21,24,25,26,27,28]; c2:bw=219,experts=[0,1,2,4,5,6,8,9,10,11,12,13,16,18,21,23,24,25,26,27,28]; c8:bw=115,experts=[0,1,2,4,5,6,10,12,13,18,26]; c0:bw=215,experts=[0,1,2,4,5,6,8,9,10,11,12,13,16,18,21,23,24,25,26,27,28]; c3:bw=124,experts=[0,1,2,4,5,6,10,11,12,13,18,26]; c4:bw=204,experts=[0,1,2,4,5,6,8,9,10,11,12,13,18,21,23,24,25,26,27,28]; c5:bw=268,experts=[0,1,2,3,4,5,6,8,9,10,11,12,13,14,15,16,17,18,21,23,24,25,26,27,28,29]; c9:bw=79,experts=[2,4,6,12,13,18,26]","4.3000,4.6543,6.7441,3.7646,5.3269,4.6900,5.1434,6.7690,6.2573,3.5728"
5,2026-09-24 11:46:01,Ours,0.01,3.0219338249923355,12.54,12.54,5,52.812,0:52.81,51.4702,0.1612,1.1789,265.6632,4:25.66,10,"1,5,4,8,0,7,6,3,2,9",1:72;5:145;4:178;8:135;0:182;7:89;6:195;3:232;2:26;9:229,"1:[0,2,4,6,12,13,26];5:[0,1,2,4,5,6,9,10,12,13,18,24,26,27];4:[0,1,2,4,5,6,9,10,11,12,13,18,23,24,26,27,28];8:[0,1,2,4,5,6,10,12,13,18,24,26,28];0:[0,1,2,4,5,6,8,9,10,11,12,13,18,21,24,25,26,28];7:[0,2,4,6,10,12,13,26];6:[0,1,2,4,5,6,8,9,10,11,12,13,18,21,24,25,26,27,28];3:[0,1,2,3,4,5,6,8,9,10,11,12,13,14,16,18,21,23,24,25,26,27,28];2:[4,6];9:[0,1,2,3,4,5,6,8,9,10,11,12,13,14,16,18,21,24,25,26,27,28]","c1:bw=72,experts=[0,2,4,6,12,13,26]; c5:bw=145,experts=[0,1,2,4,5,6,9,10,12,13,18,24,26,27]; c4:bw=178,experts=[0,1,2,4,5,6,9,10,11,12,13,18,23,24,26,27,28]; c8:bw=135,experts=[0,1,2,4,5,6,10,12,13,18,24,26,28]; c0:bw=182,experts=[0,1,2,4,5,6,8,9,10,11,12,13,18,21,24,25,26,28]; c7:bw=89,experts=[0,2,4,6,10,12,13,26]; c6:bw=195,experts=[0,1,2,4,5,6,8,9,10,11,12,13,18,21,24,25,26,27,28]; c3:bw=232,experts=[0,1,2,3,4,5,6,8,9,10,11,12,13,14,16,18,21,23,24,25,26,27,28]; c2:bw=26,experts=[4,6]; c9:bw=229,experts=[0,1,2,3,4,5,6,8,9,10,11,12,13,14,16,18,21,24,25,26,27,28]","4.3326,6.4402,6.8485,5.3344,4.6925,4.6615,6.6662,5.1077,3.8330,3.5536"
6,2026-09-24 11:46:53,Ours,0.01,2.898309802745711,14.58,14.58,6,52.7928,0:52.79,51.4502,0.1631,1.1778,318.4681,5:18.47,10,"8,2,5,7,3,1,9,0,4,6",8:245;2:152;5:100;7:213;3:133;1:118;9:176;0:114;4:64;6:74,"8:[0,1,2,4,5,6,8,9,10,11,12,13,14,15,16,18,21,23,24,25,26,27,28,30];2:[0,1,2,4,5,6,8,10,12,13,18,21,24,26,28];5:[0,1,2,4,6,10,12,13,18,26];7:[0,1,2,4,5,6,8,9,10,11,12,13,14,16,18,21,23,24,25,26,28];3:[0,1,2,4,5,6,10,12,13,18,24,26,28];1:[0,1,2,4,6,8,10,12,13,18,26];9:[0,1,2,4,5,6,8,9,10,12,13,18,21,24,25,26,28];0:[0,1,2,4,5,6,10,12,13,18,26];4:[2,4,6,12,13,26];6:[2,4,6,10,12,13,26]","c8:bw=245,experts=[0,1,2,4,5,6,8,9,10,11,12,13,14,15,16,18,21,23,24,25,26,27,28,30]; c2:bw=152,experts=[0,1,2,4,5,6,8,10,12,13,18,21,24,26,28]; c5:bw=100,experts=[0,1,2,4,6,10,12,13,18,26]; c7:bw=213,experts=[0,1,2,4,5,6,8,9,10,11,12,13,14,16,18,21,23,24,25,26,28]; c3:bw=133,experts=[0,1,2,4,5,6,10,12,13,18,24,26,28]; c1:bw=118,experts=[0,1,2,4,6,8,10,12,13,18,26]; c9:bw=176,experts=[0,1,2,4,5,6,8,9,10,12,13,18,21,24,25,26,28]; c0:bw=114,experts=[0,1,2,4,5,6,10,12,13,18,26]; c4:bw=64,experts=[2,4,6,12,13,26]; c6:bw=74,experts=[2,4,6,10,12,13,26]","5.3447,3.8260,6.2767,4.6497,5.1491,4.2944,3.5790,4.7270,6.8489,6.7546"
7,2026-09-24 11:47:46,Ours,0.01,2.7895959930232292,16.99,16.99,7,52.9796,0:52.98,51.6548,0.1565,1.1666,371.4603,6:11.46,10,"0,5,2,6,3,7,4,1,8,9",0:132;5:178;2:146;6:48;3:97;7:113;4:50;1:35;8:210;9:10,"0:[0,1,2,4,5,6,8,10,12,13,18,26,28];5:[0,1,2,4,5,6,8,9,10,11,12,13,18,21,24,26,28];2:[0,1,2,4,5,6,8,10,12,13,18,21,24,26];6:[4,6,13,26];3:[0,1,2,4,6,10,12,13,26];7:[0,1,2,4,5,6,10,12,13,18,26];4:[0,4,6,13,26];1:[4,6,26];8:[0,1,2,4,5,6,8,9,10,11,12,13,14,16,18,21,23,24,25,26,28];9:[4]","c0:bw=132,experts=[0,1,2,4,5,6,8,10,12,13,18,26,28]; c5:bw=178,experts=[0,1,2,4,5,6,8,9,10,11,12,13,18,21,24,26,28]; c2:bw=146,experts=[0,1,2,4,5,6,8,10,12,13,18,21,24,26]; c6:bw=48,experts=[4,6,13,26]; c3:bw=97,experts=[0,1,2,4,6,10,12,13,26]; c7:bw=113,experts=[0,1,2,4,5,6,10,12,13,18,26]; c4:bw=50,experts=[0,4,6,13,26]; c1:bw=35,experts=[4,6,26]; c8:bw=210,experts=[0,1,2,4,5,6,8,9,10,11,12,13,14,16,18,21,23,24,25,26,28]; c9:bw=10,experts=[4]","4.7687,6.2863,3.8303,6.7446,5.1531,4.6866,6.9144,4.3242,5.3815,3.5652"
8,2026-09-24 11:48:40,Ours,0.01,2.6885042062430022,19.56,19.56,8,53.2903,0:53.29,51.9544,0.1523,1.182,424.7627,7:04.76,10,"4,8,1,3,0,5,2,9,7,6",4:16;8:135;1:213;3:136;0:119;5:103;2:197;9:215;7:55;6:151,"4:[4];8:[0,1,2,4,5,6,10,12,13,18,24,26,28];1:[0,1,2,4,5,6,8,9,10,11,12,13,14,16,18,21,23,24,25,26,28];3:[0,1,2,4,5,6,10,12,13,18,24,26,28];0:[0,1,2,4,5,6,10,12,13,26,28];5:[0,1,2,4,5,6,10,12,13,26];2:[0,1,2,4,5,6,8,9,10,12,13,14,18,21,23,24,25,26,28];9:[0,1,2,4,5,6,8,9,10,12,13,14,16,18,21,23,24,25,26,28,30];7:[0,4,6,13,26];6:[0,1,2,4,5,6,8,10,12,13,18,21,24,26,28]","c4:bw=16,experts=[4]; c8:bw=135,experts=[0,1,2,4,5,6,10,12,13,18,24,26,28]; c1:bw=213,experts=[0,1,2,4,5,6,8,9,10,11,12,13,14,16,18,21,23,24,25,26,28]; c3:bw=136,experts=[0,1,2,4,5,6,10,12,13,18,24,26,28]; c0:bw=119,experts=[0,1,2,4,5,6,10,12,13,26,28]; c5:bw=103,experts=[0,1,2,4,5,6,10,12,13,26]; c2:bw=197,experts=[0,1,2,4,5,6,8,9,10,12,13,14,18,21,23,24,25,26,28]; c9:bw=215,experts=[0,1,2,4,5,6,8,9,10,12,13,14,16,18,21,23,24,25,26,28,30]; c7:bw=55,experts=[0,4,6,13,26]; c6:bw=151,experts=[0,1,2,4,5,6,8,10,12,13,18,21,24,26,28]","6.8912,5.3994,4.3479,5.1940,4.7715,6.3070,3.8452,3.6063,4.6743,6.9176"
9,2026-09-24 11:49:33,Ours,0.01,2.601593075089606,22.68,22.68,9,53.347,0:53.35,52.0062,0.1565,1.1827,478.1229,7:58.12,10,"2,0,4,9,8,6,7,5,1,3",2:78;0:192;4:218;9:96;8:66;6:114;7:168;5:192;1:53;3:84,"2:[0,1,2,4,6,13,26];0:[0,1,2,4,5,6,8,10,11,12,13,14,18,21,23,24,25,26,28];4:[0,1,2,4,5,6,8,9,10,11,12,13,14,18,21,22,23,24,25,26,28];9:[0,1,2,4,5,6,10,13,26];8:[0,2,4,6,13,26];6:[0,1,2,4,5,6,10,12,13,24,26];7:[0,1,2,4,5,6,8,10,12,13,18,21,23,24,26,28];5:[0,1,2,4,5,6,8,10,11,12,13,14,18,21,23,24,25,26,28];1:[0,4,6,13,26];3:[0,1,4,5,6,10,13,26]","c2:bw=78,experts=[0,1,2,4,6,13,26]; c0:bw=192,experts=[0,1,2,4,5,6,8,10,11,12,13,14,18,21,23,24,25,26,28]; c4:bw=218,experts=[0,1,2,4,5,6,8,9,10,11,12,13,14,18,21,22,23,24,25,26,28]; c9:bw=96,experts=[0,1,2,4,5,6,10,13,26]; c8:bw=66,experts=[0,2,4,6,13,26]; c6:bw=114,experts=[0,1,2,4,5,6,10,12,13,24,26]; c7:bw=168,experts=[0,1,2,4,5,6,8,10,12,13,18,21,23,24,26,28]; c5:bw=192,experts=[0,1,2,4,5,6,8,10,11,12,13,14,18,21,23,24,25,26,28]; c1:bw=53,experts=[0,4,6,13,26]; c3:bw=84,experts=[0,1,4,5,6,10,13,26]","3.8724,4.7593,6.9704,3.5908,5.4035,6.8049,4.6691,6.3674,4.3526,5.2158"
10,2026-09-24 11:50:27,Ours,0.01,2.523726695093592,24.37,24.37,10,53.5752,0:53.58,52.2517,0.1589,1.1629,531.7114,8:51.71,10,"4,2,7,0,6,3,5,8,9,1",4:135;2:124;7:137;0:216;6:238;3:168;5:212;8:129;9:129;1:149,"4:[0,1,2,4,5,6,10,12,13,18,24,26,28];2:[0,1,2,4,5,6,8,10,13,18,24,26];7:[0,1,2,4,5,6,10,12,13,18,24,26,28];0:[0,1,2,4,5,6,8,9,10,11,12,13,14,18,19,21,23,24,25,26,28];6:[0,1,2,4,5,6,8,9,10,11,12,13,14,15,18,19,21,23,24,25,26,28,29];3:[0,1,2,4,5,6,8,10,12,13,14,18,21,24,26,28];5:[0,1,2,4,5,6,8,9,10,11,12,13,14,18,21,23,24,25,26,28,29];8:[0,1,2,4,5,6,10,13,18,24,26,28];9:[0,1,2,4,5,6,8,10,13,18,24,26];1:[0,1,2,4,5,6,8,10,12,13,18,24,26,28]","c4:bw=135,experts=[0,1,2,4,5,6,10,12,13,18,24,26,28]; c2:bw=124,experts=[0,1,2,4,5,6,8,10,13,18,24,26]; c7:bw=137,experts=[0,1,2,4,5,6,10,12,13,18,24,26,28]; c0:bw=216,experts=[0,1,2,4,5,6,8,9,10,11,12,13,14,18,19,21,23,24,25,26,28]; c6:bw=238,experts=[0,1,2,4,5,6,8,9,10,11,12,13,14,15,18,19,21,23,24,25,26,28,29]; c3:bw=168,experts=[0,1,2,4,5,6,8,10,12,13,14,18,21,24,26,28]; c5:bw=212,experts=[0,1,2,4,5,6,8,9,10,11,12,13,14,18,21,23,24,25,26,28,29]; c8:bw=129,experts=[0,1,2,4,5,6,10,13,18,24,26,28]; c9:bw=129,experts=[0,1,2,4,5,6,8,10,13,18,24,26]; c1:bw=149,experts=[0,1,2,4,5,6,8,10,12,13,18,24,26,28]","7.0086,3.8636,4.6907,4.8244,6.8390,5.2393,6.3575,5.4274,3.6215,4.3796"
11,2026-09-24 11:51:20,Ours,0.01,2.4503446977821506,26.92,26.92,11,53.5653,0:53.57,52.2449,0.1566,1.1621,585.2896,9:45.29,10,"5,2,7,3,0,8,9,6,1,4",5:102;2:100;7:160;3:184;0:103;8:143;9:121;6:203;1:148;4:58,"5:[0,1,4,5,6,10,12,13,24,26];2:[0,1,2,4,5,6,12,13,24,26];7:[0,1,2,4,5,6,8,10,12,13,14,18,21,24,26,28];3:[0,1,2,4,5,6,8,10,11,12,13,14,18,21,23,24,26,28];0:[0,1,2,4,5,6,10,13,24,26];8:[0,1,2,4,5,6,8,10,12,13,18,24,26,28];9:[0,1,2,4,5,6,10,12,13,24,26,28];6:[0,1,2,4,5,6,8,9,10,11,12,13,14,18,21,23,24,25,26,28];1:[0,1,2,4,5,6,8,10,12,13,18,24,26,28];4:[0,4,6,13,26]","c5:bw=102,experts=[0,1,4,5,6,10,12,13,24,26]; c2:bw=100,experts=[0,1,2,4,5,6,12,13,24,26]; c7:bw=160,experts=[0,1,2,4,5,6,8,10,12,13,14,18,21,24,26,28]; c3:bw=184,experts=[0,1,2,4,5,6,8,10,11,12,13,14,18,21,23,24,26,28]; c0:bw=103,experts=[0,1,2,4,5,6,10,13,24,26]; c8:bw=143,experts=[0,1,2,4,5,6,8,10,12,13,18,24,26,28]; c9:bw=121,experts=[0,1,2,4,5,6,10,12,13,24,26,28]; c6:bw=203,experts=[0,1,2,4,5,6,8,9,10,11,12,13,14,18,21,23,24,25,26,28]; c1:bw=148,experts=[0,1,2,4,5,6,8,10,12,13,18,24,26,28]; c4:bw=58,experts=[0,4,6,13,26]","6.3725,3.8606,4.6815,5.2424,4.7866,5.4350,3.6448,6.8522,4.3851,6.9843"
12,2026-09-24 11:52:14,Ours,0.01,2.3900891130665127,28.64,28.64,12,53.4226,0:53.42,52.0847,0.1612,1.175,638.7256,10:38.73,10,"1,5,2,4,3,7,9,6,8,0",1:155;5:205;2:211;4:103;3:128;7:108;9:154;6:106;8:201;0:180,"1:[0,1,2,4,5,6,8,10,12,13,18,21,24,26,28];5:[0,1,2,4,5,6,8,9,10,11,12,13,15,18,21,23,24,25,26,28];2:[0,1,2,4,5,6,8,9,10,11,12,13,14,15,18,21,23,24,25,26,28];4:[0,2,4,5,6,10,13,18,24,26];3:[0,1,4,5,6,8,10,12,13,18,24,26];7:[0,4,5,6,10,12,13,18,24,26];9:[0,1,2,4,5,6,8,10,12,13,18,21,24,26,28];6:[0,1,2,4,5,6,8,13,24,26];8:[0,1,2,4,5,6,8,10,11,12,13,14,15,18,21,23,24,25,26,28];0:[0,1,2,4,5,6,8,9,10,12,13,14,18,21,23,24,26,28]","c1:bw=155,experts=[0,1,2,4,5,6,8,10,12,13,18,21,24,26,28]; c5:bw=205,experts=[0,1,2,4,5,6,8,9,10,11,12,13,15,18,21,23,24,25,26,28]; c2:bw=211,experts=[0,1,2,4,5,6,8,9,10,11,12,13,14,15,18,21,23,24,25,26,28]; c4:bw=103,experts=[0,2,4,5,6,10,13,18,24,26]; c3:bw=128,experts=[0,1,4,5,6,8,10,12,13,18,24,26]; c7:bw=108,experts=[0,4,5,6,10,12,13,18,24,26]; c9:bw=154,experts=[0,1,2,4,5,6,8,10,12,13,18,21,24,26,28]; c6:bw=106,experts=[0,1,2,4,5,6,8,13,24,26]; c8:bw=201,experts=[0,1,2,4,5,6,8,10,11,12,13,14,15,18,21,23,24,25,26,28]; c0:bw=180,experts=[0,1,2,4,5,6,8,9,10,12,13,14,18,21,23,24,26,28]","4.3927,6.3222,3.8487,6.9306,5.1945,4.6523,3.6447,6.8201,5.4895,4.7895"
13,2026-09-24 11:53:07,Ours,0.01,2.3267140802325623,31.43,31.43,13,53.5767,0:53.58,52.2647,0.1517,1.1587,692.3158,11:32.32,10,"3,1,4,5,8,6,9,7,0,2",3:111;1:174;4:13;5:107;8:56;6:133;9:54;7:214;0:93;2:59,"3:[0,4,5,6,10,12,13,18,21,24,26];1:[0,1,2,4,5,6,8,10,12,13,14,18,21,23,24,26,28];4:[4];5:[0,1,2,4,5,6,8,13,24,26];8:[0,4,6,13,26];6:[0,1,4,5,6,10,12,13,18,21,24,26,28];9:[0,4,6,13,26];7:[0,1,2,4,5,6,8,9,10,11,12,13,14,15,18,21,23,24,25,26,28];0:[0,2,4,5,6,13,18,24,26];2:[0,4,5,6,26]","c3:bw=111,experts=[0,4,5,6,10,12,13,18,21,24,26]; c1:bw=174,experts=[0,1,2,4,5,6,8,10,12,13,14,18,21,23,24,26,28]; c4:bw=13,experts=[4]; c5:bw=107,experts=[0,1,2,4,5,6,8,13,24,26]; c8:bw=56,experts=[0,4,6,13,26]; c6:bw=133,experts=[0,1,4,5,6,10,12,13,18,21,24,26,28]; c9:bw=54,experts=[0,4,6,13,26]; c7:bw=214,experts=[0,1,2,4,5,6,8,9,10,11,12,13,14,15,18,21,23,24,25,26,28]; c0:bw=93,experts=[0,2,4,5,6,13,18,24,26]; c2:bw=59,experts=[0,4,5,6,26]","5.2560,4.4296,6.9541,6.3507,5.4697,6.8406,3.6299,4.6786,4.8108,3.8448"
14,2026-09-24 11:54:01,Ours,0.01,2.271946845389027,33.84,33.84,14,53.6993,0:53.70,52.3566,0.1543,1.1867,746.0301,12:26.03,10,"2,4,5,1,7,0,9,3,8,6",2:165;4:21;5:234;1:141;7:92;0:93;9:116;3:167;8:77;6:246,"2:[0,1,2,4,5,6,8,10,12,13,18,21,23,24,26,28];4:[4,26];5:[0,1,2,4,5,6,8,9,10,11,12,13,14,18,19,20,21,22,23,24,25,26,28];1:[0,1,2,4,5,6,10,12,13,18,21,24,26,28];7:[0,4,5,6,10,12,13,24,26];0:[0,4,5,6,10,13,21,24,26];9:[0,4,5,6,8,10,13,21,24,26,28];3:[0,1,2,4,5,6,8,10,12,13,18,21,23,24,26,28];8:[1,2,4,6,10,13,26];6:[0,1,2,4,5,6,8,9,10,11,12,13,14,15,18,19,20,21,22,23,24,25,26,28]","c2:bw=165,experts=[0,1,2,4,5,6,8,10,12,13,18,21,23,24,26,28]; c4:bw=21,experts=[4,26]; c5:bw=234,experts=[0,1,2,4,5,6,8,9,10,11,12,13,14,18,19,20,21,22,23,24,25,26,28]; c1:bw=141,experts=[0,1,2,4,5,6,10,12,13,18,21,24,26,28]; c7:bw=92,experts=[0,4,5,6,10,12,13,24,26]; c0:bw=93,experts=[0,4,5,6,10,13,21,24,26]; c9:bw=116,experts=[0,4,5,6,8,10,13,21,24,26,28]; c3:bw=167,experts=[0,1,2,4,5,6,8,10,12,13,18,21,23,24,26,28]; c8:bw=77,experts=[1,2,4,6,10,13,26]; c6:bw=246,experts=[0,1,2,4,5,6,8,9,10,11,12,13,14,15,18,19,20,21,22,23,24,25,26,28]","3.8673,6.9752,6.3655,4.3543,4.7159,4.8143,3.6491,5.2634,5.4741,6.8775"
15,2026-09-24 11:54:55,Ours,0.01,2.232194107218008,35.35,35.35,15,53.8503,0:53.85,52.4913,0.1587,1.1986,799.8953,13:19.90,10,"7,0,1,8,3,2,4,5,9,6",7:216;0:75;1:52;8:190;3:38;2:193;4:171;5:65;9:71;6:120,"7:[0,1,2,4,5,6,8,9,10,11,12,13,14,18,21,22,23,24,25,26,28];0:[0,4,5,6,10,13,26];1:[0,4,6,13,26];8:[0,1,2,4,5,6,8,10,11,12,13,15,16,18,21,24,25,26,28];3:[4,6,26];2:[0,1,2,4,5,6,8,9,10,11,12,13,18,21,23,24,25,26,28];4:[0,1,2,4,5,6,8,9,10,12,13,18,21,23,24,26,28];5:[0,4,5,6,13,26];9:[0,2,4,6,10,13,26];6:[0,4,5,6,10,12,13,18,21,24,26,28]","c7:bw=216,experts=[0,1,2,4,5,6,8,9,10,11,12,13,14,18,21,22,23,24,25,26,28]; c0:bw=75,experts=[0,4,5,6,10,13,26]; c1:bw=52,experts=[0,4,6,13,26]; c8:bw=190,experts=[0,1,2,4,5,6,8,10,11,12,13,15,16,18,21,24,25,26,28]; c3:bw=38,experts=[4,6,26]; c2:bw=193,experts=[0,1,2,4,5,6,8,9,10,11,12,13,18,21,23,24,25,26,28]; c4:bw=171,experts=[0,1,2,4,5,6,8,9,10,12,13,18,21,23,24,26,28]; c5:bw=65,experts=[0,4,5,6,13,26]; c9:bw=71,experts=[0,2,4,6,10,13,26]; c6:bw=120,experts=[0,4,5,6,10,12,13,18,21,24,26,28]","4.7107,4.8302,4.4111,5.4624,5.2280,3.9403,7.0089,6.3733,3.6491,6.8775"
16,2026-09-24 11:55:49,Ours,0.01,2.1831808584564385,37.08,37.08,16,53.9547,0:53.95,52.6308,0.1594,1.1629,853.8646,14:13.86,10,"6,1,3,8,7,5,4,9,0,2",6:147;1:105;3:159;8:180;7:81;5:145;4:130;9:88;0:208;2:189,"6:[0,1,4,5,6,10,12,13,18,21,23,24,26,28];1:[0,2,4,5,6,10,13,18,24,26];3:[0,1,4,5,6,8,10,12,13,18,21,23,24,26,28];8:[0,1,2,4,5,6,8,10,11,12,13,18,21,23,24,25,26,28];7:[0,4,5,6,10,13,26,28];5:[0,1,2,4,5,6,10,12,13,18,21,24,26,28];4:[0,1,2,4,5,6,10,12,13,18,24,26,28];9:[0,2,4,5,6,10,13,26];0:[0,1,2,4,5,6,8,9,10,11,12,13,15,18,21,23,24,25,26,28];2:[0,1,2,4,5,6,8,9,10,12,13,14,18,21,23,24,26,28]","c6:bw=147,experts=[0,1,4,5,6,10,12,13,18,21,23,24,26,28]; c1:bw=105,experts=[0,2,4,5,6,10,13,18,24,26]; c3:bw=159,experts=[0,1,4,5,6,8,10,12,13,18,21,23,24,26,28]; c8:bw=180,experts=[0,1,2,4,5,6,8,10,11,12,13,18,21,23,24,25,26,28]; c7:bw=81,experts=[0,4,5,6,10,13,26,28]; c5:bw=145,experts=[0,1,2,4,5,6,10,12,13,18,21,24,26,28]; c4:bw=130,experts=[0,1,2,4,5,6,10,12,13,18,24,26,28]; c9:bw=88,experts=[0,2,4,5,6,10,13,26]; c0:bw=208,experts=[0,1,2,4,5,6,8,9,10,11,12,13,15,18,21,23,24,25,26,28]; c2:bw=189,experts=[0,1,2,4,5,6,8,9,10,12,13,14,18,21,23,24,26,28]","6.9270,4.4355,5.2850,5.4358,4.7357,6.3863,7.0312,3.6868,4.8381,3.8693"
17,2026-09-24 11:56:43,Ours,0.01,2.1446760245204506,38.08,38.08,17,53.8344,0:53.83,52.4986,0.1561,1.1781,907.7143,15:07.71,10,"4,7,8,3,5,1,0,2,9,6",4:212;7:90;8:29;3:192;5:11;1:106;0:39;2:71;9:136;6:141,"4:[0,1,2,4,5,6,8,9,10,11,12,13,14,18,21,22,23,24,25,26,28];7:[0,4,5,6,10,13,18,26,28];8:[4,26];3:[0,1,2,4,5,6,8,9,10,12,13,14,18,21,23,24,25,26,28];5:[4];1:[0,2,4,5,6,10,13,18,24,26];0:[4,6,26];2:[0,4,5,6,10,18,26];9:[0,4,5,6,10,12,13,18,21,23,24,26,28];6:[0,1,4,5,6,10,12,13,18,21,23,24,26,28]","c4:bw=212,experts=[0,1,2,4,5,6,8,9,10,11,12,13,14,18,21,22,23,24,25,26,28]; c7:bw=90,experts=[0,4,5,6,10,13,18,26,28]; c8:bw=29,experts=[4,26]; c3:bw=192,experts=[0,1,2,4,5,6,8,9,10,12,13,14,18,21,23,24,25,26,28]; c5:bw=11,experts=[4]; c1:bw=106,experts=[0,2,4,5,6,10,13,18,24,26]; c0:bw=39,experts=[4,6,26]; c2:bw=71,experts=[0,4,5,6,10,18,26]; c9:bw=136,experts=[0,4,5,6,10,12,13,18,21,23,24,26,28]; c6:bw=141,experts=[0,1,4,5,6,10,12,13,18,21,23,24,26,28]","7.0641,4.7142,5.4717,5.2660,6.3365,4.3930,4.8176,3.8759,3.6967,6.8628"
18,2026-09-24 11:57:36,Ours,0.01,2.1089257555224465,40.28,40.28,18,53.7949,0:53.79,52.4555,0.1568,1.1809,961.5245,16:01.52,10,"1,8,5,2,9,7,4,3,0,6",1:23;8:18;5:127;2:137;9:69;7:200;4:204;3:137;0:179;6:115,"1:[4,6];8:[4];5:[0,4,5,6,10,12,13,18,21,24,26,28];2:[0,1,2,4,5,6,10,12,13,18,24,26,28];9:[0,4,6,10,13,26];7:[0,1,2,4,5,6,8,9,10,12,13,14,18,21,22,23,24,25,26,28];4:[0,1,2,4,5,6,8,9,10,12,13,14,18,21,22,23,24,25,26,28];3:[0,1,2,4,5,6,10,13,18,21,24,26,28];0:[0,1,2,4,5,6,9,10,12,13,14,18,21,23,24,26,28];6:[0,1,2,4,5,6,10,13,18,24,26]","c1:bw=23,experts=[4,6]; c8:bw=18,experts=[4]; c5:bw=127,experts=[0,4,5,6,10,12,13,18,21,24,26,28]; c2:bw=137,experts=[0,1,2,4,5,6,10,12,13,18,24,26,28]; c9:bw=69,experts=[0,4,6,10,13,26]; c7:bw=200,experts=[0,1,2,4,5,6,8,9,10,12,13,14,18,21,22,23,24,25,26,28]; c4:bw=204,experts=[0,1,2,4,5,6,8,9,10,12,13,14,18,21,22,23,24,25,26,28]; c3:bw=137,experts=[0,1,2,4,5,6,10,13,18,21,24,26,28]; c0:bw=179,experts=[0,1,2,4,5,6,9,10,12,13,14,18,21,23,24,26,28]; c6:bw=115,experts=[0,1,2,4,5,6,10,13,18,24,26]","4.4005,5.4377,6.4268,3.8698,3.6451,4.6837,7.0222,5.2242,4.8564,6.8891"
19,2026-09-24 11:58:30,Ours,0.01,2.0744614602543794,40.78,40.78,19,54.0828,0:54.08,52.7608,0.1546,1.1657,1015.6222,16:55.62,10,"8,0,4,1,9,5,7,2,6,3",8:205;0:154;4:188;1:169;9:140;5:106;7:82;2:52;6:241;3:145,"8:[0,1,2,4,5,6,8,9,10,11,12,13,14,18,21,23,24,25,26,28];0:[0,1,2,4,5,6,10,12,13,18,21,23,24,26,28];4:[0,1,2,4,5,6,8,9,10,12,13,14,18,21,23,24,26,28];1:[0,1,2,4,5,6,9,10,12,13,18,21,23,24,26,28];9:[0,1,2,4,5,6,10,12,13,18,21,24,26,28];5:[0,4,5,6,10,13,18,21,24,26];7:[0,2,4,6,12,13,24,26];2:[0,4,6,18,26];6:[0,1,2,4,5,6,8,9,10,11,12,13,14,15,18,19,20,21,22,23,24,25,26,28];3:[0,1,2,4,5,6,8,10,13,18,21,24,26,28]","c8:bw=205,experts=[0,1,2,4,5,6,8,9,10,11,12,13,14,18,21,23,24,25,26,28]; c0:bw=154,experts=[0,1,2,4,5,6,10,12,13,18,21,23,24,26,28]; c4:bw=188,experts=[0,1,2,4,5,6,8,9,10,12,13,14,18,21,23,24,26,28]; c1:bw=169,experts=[0,1,2,4,5,6,9,10,12,13,18,21,23,24,26,28]; c9:bw=140,experts=[0,1,2,4,5,6,10,12,13,18,21,24,26,28]; c5:bw=106,experts=[0,4,5,6,10,13,18,21,24,26]; c7:bw=82,experts=[0,2,4,6,12,13,24,26]; c2:bw=52,experts=[0,4,6,18,26]; c6:bw=241,experts=[0,1,2,4,5,6,8,9,10,11,12,13,14,15,18,19,20,21,22,23,24,25,26,28]; c3:bw=145,experts=[0,1,2,4,5,6,8,10,13,18,21,24,26,28]","5.5409,4.8609,7.0766,4.4556,3.6805,6.3794,4.7636,3.8773,6.8771,5.2489"
20,2026-09-24 11:59:25,Ours,0.01,2.0465669017069827,42.55,42.55,20,54.022,0:54.02,52.6869,0.1599,1.1735,1069.6604,17:49.66,10,"0,2,1,9,7,6,3,5,4,8",0:101;2:151;1:147;9:61;7:157;6:248;3:67;5:13;4:217;8:184,"0:[0,4,5,6,10,13,18,21,24,26];2:[0,1,2,4,5,6,8,10,12,13,18,21,24,26,28];1:[0,1,2,4,5,6,10,12,13,18,21,24,26,28];9:[0,4,5,6,10,26];7:[0,1,2,4,5,6,10,12,13,18,21,23,24,26,28];6:[0,1,2,4,5,6,7,8,9,10,11,12,13,14,18,19,20,21,22,23,24,25,26,28];3:[0,4,6,18,24,26];5:[4];4:[0,1,2,4,5,6,8,9,10,12,13,14,18,19,21,22,23,24,25,26,28];8:[0,1,2,4,5,6,8,10,11,12,13,18,21,23,24,25,26,28]","c0:bw=101,experts=[0,4,5,6,10,13,18,21,24,26]; c2:bw=151,experts=[0,1,2,4,5,6,8,10,12,13,18,21,24,26,28]; c1:bw=147,experts=[0,1,2,4,5,6,10,12,13,18,21,24,26,28]; c9:bw=61,experts=[0,4,5,6,10,26]; c7:bw=157,experts=[0,1,2,4,5,6,10,12,13,18,21,23,24,26,28]; c6:bw=248,experts=[0,1,2,4,5,6,7,8,9,10,11,12,13,14,18,19,20,21,22,23,24,25,26,28]; c3:bw=67,experts=[0,4,6,18,24,26]; c5:bw=13,experts=[4]; c4:bw=217,experts=[0,1,2,4,5,6,8,9,10,12,13,14,18,19,21,22,23,24,25,26,28]; c8:bw=184,experts=[0,1,2,4,5,6,8,10,11,12,13,18,21,23,24,25,26,28]","4.8517,3.8846,4.4478,3.6812,4.7418,6.9173,5.2205,6.4367,7.0210,5.4844"
21,2026-09-24 12:00:19,Ours,0.01,2.015566214787691,43.49,43.49,21,53.9662,0:53.97,52.6222,0.1556,1.1868,1123.6437,18:43.64,10,"1,2,7,4,8,5,0,3,6,9",1:150;2:145;7:46;4:175;8:67;5:118;0:243;3:27;6:57;9:93,"1:[0,1,2,4,5,6,8,10,12,13,18,21,24,26,28];2:[0,4,5,6,9,10,12,13,18,21,23,24,26,28];7:[4,6,13,26];4:[0,1,2,4,5,6,9,10,12,13,14,18,21,23,24,26,28];8:[0,4,6,10,18,26];5:[0,4,5,6,10,13,18,21,24,26,28];0:[0,1,2,4,5,6,8,9,10,12,13,14,16,18,19,20,21,22,23,24,25,26,27,28];3:[4,26];6:[4,6,10,18,26];9:[0,2,4,6,12,13,18,24,26]","c1:bw=150,experts=[0,1,2,4,5,6,8,10,12,13,18,21,24,26,28]; c2:bw=145,experts=[0,4,5,6,9,10,12,13,18,21,23,24,26,28]; c7:bw=46,experts=[4,6,13,26]; c4:bw=175,experts=[0,1,2,4,5,6,9,10,12,13,14,18,21,23,24,26,28]; c8:bw=67,experts=[0,4,6,10,18,26]; c5:bw=118,experts=[0,4,5,6,10,13,18,21,24,26,28]; c0:bw=243,experts=[0,1,2,4,5,6,8,9,10,12,13,14,16,18,19,20,21,22,23,24,25,26,27,28]; c3:bw=27,experts=[4,26]; c6:bw=57,experts=[4,6,10,18,26]; c9:bw=93,experts=[0,2,4,6,12,13,18,24,26]","4.4608,3.8603,4.7458,7.0580,5.4959,6.3849,4.8454,5.2241,6.8768,3.6701"
22,2026-09-24 12:01:13,Ours,0.01,1.985848279936743,44.77,44.77,22,54.1856,0:54.19,52.8455,0.1586,1.1797,1177.8452,19:37.85,10,"7,9,1,6,5,2,0,4,3,8",7:59;9:120;1:24;6:224;5:61;2:242;0:245;4:133;3:204;8:120,"7:[4,5,6,13,26];9:[0,2,4,5,6,9,10,13,18,21,26,28];1:[4,26];6:[0,1,2,4,5,6,8,9,10,12,13,14,18,19,20,21,22,23,24,25,26,28];5:[0,4,6,13,18,26];2:[0,1,2,4,5,6,8,9,10,11,12,13,14,15,16,17,18,21,23,24,25,26,27,28];0:[0,1,2,4,5,6,8,9,10,11,12,13,14,16,18,19,20,21,22,23,24,25,26,28];4:[0,4,5,6,10,12,13,18,21,23,24,26,28];3:[0,1,2,4,5,6,8,9,10,12,13,14,18,21,22,23,24,25,26,28];8:[0,2,4,5,6,10,13,18,21,24,26,28]","c7:bw=59,experts=[4,5,6,13,26]; c9:bw=120,experts=[0,2,4,5,6,9,10,13,18,21,26,28]; c1:bw=24,experts=[4,26]; c6:bw=224,experts=[0,1,2,4,5,6,8,9,10,12,13,14,18,19,20,21,22,23,24,25,26,28]; c5:bw=61,experts=[0,4,6,13,18,26]; c2:bw=242,experts=[0,1,2,4,5,6,8,9,10,11,12,13,14,15,16,17,18,21,23,24,25,26,27,28]; c0:bw=245,experts=[0,1,2,4,5,6,8,9,10,11,12,13,14,16,18,19,20,21,22,23,24,25,26,28]; c4:bw=133,experts=[0,4,5,6,10,12,13,18,21,23,24,26,28]; c3:bw=204,experts=[0,1,2,4,5,6,8,9,10,12,13,14,18,21,22,23,24,25,26,28]; c8:bw=120,experts=[0,2,4,5,6,10,13,18,21,24,26,28]","4.7952,3.7007,4.4511,6.8987,6.4152,3.9001,4.8883,7.0131,5.2522,5.5308"
23,2026-09-24 12:02:07,Ours,0.01,1.9615900298558995,44.4,44.77,22,54.1805,0:54.18,52.832,0.1593,1.1876,1232.0427,20:32.04,10,"5,7,4,6,9,8,3,1,2,0",5:190;7:55;4:205;6:37;9:184;8:128;3:57;1:226;2:118;0:41,"5:[0,1,2,4,5,6,8,9,10,12,13,14,18,21,23,24,25,26,28];7:[0,4,6,13,26];4:[0,1,2,4,5,6,8,9,10,12,13,14,18,20,21,22,23,24,26,28];6:[4,6,26];9:[0,1,2,4,5,6,8,9,10,12,13,14,18,21,23,24,26,28];8:[0,4,5,6,10,13,18,21,23,24,26,28];3:[0,4,5,6,26];1:[0,1,2,4,5,6,8,9,10,11,12,13,14,15,16,18,21,23,24,25,26,28];2:[0,4,5,6,10,13,18,21,24,26,28];0:[0,4,6,26]","c5:bw=190,experts=[0,1,2,4,5,6,8,9,10,12,13,14,18,21,23,24,25,26,28]; c7:bw=55,experts=[0,4,6,13,26]; c4:bw=205,experts=[0,1,2,4,5,6,8,9,10,12,13,14,18,20,21,22,23,24,26,28]; c6:bw=37,experts=[4,6,26]; c9:bw=184,experts=[0,1,2,4,5,6,8,9,10,12,13,14,18,21,23,24,26,28]; c8:bw=128,experts=[0,4,5,6,10,13,18,21,23,24,26,28]; c3:bw=57,experts=[0,4,5,6,26]; c1:bw=226,experts=[0,1,2,4,5,6,8,9,10,11,12,13,14,15,16,18,21,23,24,25,26,28]; c2:bw=118,experts=[0,4,5,6,10,13,18,21,24,26,28]; c0:bw=41,experts=[0,4,6,26]","6.4679,4.7612,7.0649,6.8965,3.7040,5.5123,5.2601,4.4466,3.8539,4.8646"
24,2026-09-24 12:03:01,Ours,0.01,1.9424886253701648,46.45,46.45,24,53.9375,0:53.94,52.618,0.1473,1.1708,1285.9974,21:26.00,10,"6,4,7,9,2,1,5,8,3,0",6:110;4:46;7:12;9:182;2:158;1:10;5:90;8:67;3:10;0:115,"6:[0,2,4,5,6,12,13,18,24,26,28];4:[4,6,18,26];7:[4];9:[0,1,2,4,5,6,8,9,10,12,13,18,21,23,24,25,26,28];2:[0,2,4,5,6,9,10,12,13,18,21,23,24,26,28];1:[4];5:[0,4,5,6,10,13,18,21,26];8:[4,5,6,13,18,26];3:[4];0:[0,4,5,6,10,13,18,21,24,26,28]","c6:bw=110,experts=[0,2,4,5,6,12,13,18,24,26,28]; c4:bw=46,experts=[4,6,18,26]; c7:bw=12,experts=[4]; c9:bw=182,experts=[0,1,2,4,5,6,8,9,10,12,13,18,21,23,24,25,26,28]; c2:bw=158,experts=[0,2,4,5,6,9,10,12,13,18,21,23,24,26,28]; c1:bw=10,experts=[4]; c5:bw=90,experts=[0,4,5,6,10,13,18,21,26]; c8:bw=67,experts=[4,5,6,13,18,26]; c3:bw=10,experts=[4]; c0:bw=115,experts=[0,4,5,6,10,13,18,21,24,26,28]","6.9141,7.0097,4.7319,3.6964,3.8941,4.4047,6.4082,5.4977,5.2051,4.8561"
25,2026-09-24 12:03:55,Ours,0.01,1.919550145561179,46.49,46.49,25,54.2216,0:54.22,52.8646,0.1573,1.198,1340.2362,22:20.24,10,"9,6,4,3,5,1,8,2,0,7",9:148;6:58;4:214;3:50;5:233;1:179;8:200;2:46;0:206;7:146,"9:[0,1,2,4,5,6,10,12,13,18,21,24,26,28];6:[4,5,6,18,26];4:[0,1,2,4,5,6,8,9,10,11,12,13,14,18,21,22,23,24,25,26,28];3:[2,4,6,13,26];5:[0,1,2,4,5,6,8,9,10,12,13,14,18,19,20,21,22,23,24,25,26,27,28];1:[0,1,2,4,5,6,8,9,10,12,13,18,21,23,24,26,28];8:[0,1,2,4,5,6,8,10,11,12,13,16,18,21,23,24,25,26,28,30];2:[4,6,13,26];0:[0,1,2,4,5,6,8,9,10,12,13,14,18,20,21,23,24,25,26,28];7:[0,2,4,5,6,10,12,13,18,21,23,24,26,28]","c9:bw=148,experts=[0,1,2,4,5,6,10,12,13,18,21,24,26,28]; c6:bw=58,experts=[4,5,6,18,26]; c4:bw=214,experts=[0,1,2,4,5,6,8,9,10,11,12,13,14,18,21,22,23,24,25,26,28]; c3:bw=50,experts=[2,4,6,13,26]; c5:bw=233,experts=[0,1,2,4,5,6,8,9,10,12,13,14,18,19,20,21,22,23,24,25,26,27,28]; c1:bw=179,experts=[0,1,2,4,5,6,8,9,10,12,13,18,21,23,24,26,28]; c8:bw=200,experts=[0,1,2,4,5,6,8,10,11,12,13,16,18,21,23,24,25,26,28,30]; c2:bw=46,experts=[4,6,13,26]; c0:bw=206,experts=[0,1,2,4,5,6,8,9,10,12,13,14,18,20,21,23,24,25,26,28]; c7:bw=146,experts=[0,2,4,5,6,10,12,13,18,21,23,24,26,28]","3.6849,6.8888,7.0679,5.2604,6.4364,4.4663,5.4645,3.8629,4.8793,4.8534"
26,2026-09-24 12:04:49,Ours,0.01,1.8949241663185017,47.56,47.56,26,54.3268,0:54.33,52.994,0.1609,1.1702,1394.5795,23:14.58,10,"3,6,9,7,1,5,2,8,0,4",3:162;6:123;9:184;7:114;1:122;5:75;2:110;8:195;0:39;4:175,"3:[0,1,2,4,5,6,9,10,12,13,18,21,23,24,26,28];6:[0,2,4,5,6,10,13,18,21,24,26,28];9:[0,1,2,4,5,6,9,10,12,13,18,20,21,23,24,25,26,28];7:[0,2,4,5,6,10,13,18,21,24,26];1:[0,2,4,5,6,10,13,18,21,24,26,28];5:[4,5,6,10,13,18,26];2:[0,2,4,5,6,10,12,13,18,24,26];8:[0,2,4,5,6,9,10,12,13,14,18,20,21,22,23,24,25,26,28];0:[4,18,26];4:[0,4,5,6,9,10,12,13,14,18,20,21,23,24,25,26,28]","c3:bw=162,experts=[0,1,2,4,5,6,9,10,12,13,18,21,23,24,26,28]; c6:bw=123,experts=[0,2,4,5,6,10,13,18,21,24,26,28]; c9:bw=184,experts=[0,1,2,4,5,6,9,10,12,13,18,20,21,23,24,25,26,28]; c7:bw=114,experts=[0,2,4,5,6,10,13,18,21,24,26]; c1:bw=122,experts=[0,2,4,5,6,10,13,18,21,24,26,28]; c5:bw=75,experts=[4,5,6,10,13,18,26]; c2:bw=110,experts=[0,2,4,5,6,10,12,13,18,24,26]; c8:bw=195,experts=[0,2,4,5,6,9,10,12,13,14,18,20,21,22,23,24,25,26,28]; c0:bw=39,experts=[4,18,26]; c4:bw=175,experts=[0,4,5,6,9,10,12,13,14,18,20,21,23,24,25,26,28]","5.3198,6.9253,3.7188,4.8234,4.4694,6.4219,3.8973,5.5236,4.8697,7.0247"
27,2026-09-24 12:05:44,Ours,0.01,1.8775592363249458,48.3,48.3,27,54.3999,0:54.40,53.0798,0.1528,1.1656,1448.9977,24:09.00,10,"7,1,4,0,9,2,8,3,6,5",7:188;1:227;4:45;0:131;9:66;2:73;8:202;3:77;6:231;5:134,"7:[0,4,5,6,9,10,12,13,14,18,20,21,22,23,24,25,26,28];1:[0,1,2,4,5,6,8,9,10,12,13,14,16,18,20,21,22,23,24,25,26,28];4:[4,6,13,26];0:[0,2,4,5,6,9,10,12,13,18,24,26,28];9:[2,4,6,10,13,26];2:[4,5,6,10,13,18,26];8:[0,1,2,4,5,6,8,9,10,12,13,14,18,21,22,23,24,25,26,28];3:[4,5,6,10,13,18,26];6:[0,1,2,4,5,6,8,9,10,12,13,14,16,18,19,20,21,22,23,24,25,26,28];5:[0,2,4,5,6,10,12,13,18,21,24,26,28]","c7:bw=188,experts=[0,4,5,6,9,10,12,13,14,18,20,21,22,23,24,25,26,28]; c1:bw=227,experts=[0,1,2,4,5,6,8,9,10,12,13,14,16,18,20,21,22,23,24,25,26,28]; c4:bw=45,experts=[4,6,13,26]; c0:bw=131,experts=[0,2,4,5,6,9,10,12,13,18,24,26,28]; c9:bw=66,experts=[2,4,6,10,13,26]; c2:bw=73,experts=[4,5,6,10,13,18,26]; c8:bw=202,experts=[0,1,2,4,5,6,8,9,10,12,13,14,18,21,22,23,24,25,26,28]; c3:bw=77,experts=[4,5,6,10,13,18,26]; c6:bw=231,experts=[0,1,2,4,5,6,8,9,10,12,13,14,16,18,19,20,21,22,23,24,25,26,28]; c5:bw=134,experts=[0,2,4,5,6,10,12,13,18,21,24,26,28]","4.8168,4.5000,7.0816,4.8995,3.6829,3.8712,5.5531,5.2714,6.9520,6.4513"
28,2026-09-24 12:06:38,Ours,0.01,1.8587546345705377,48.43,48.43,28,54.1325,0:54.13,52.7925,0.1525,1.1858,1503.1477,25:03.15,10,"6,9,0,8,2,5,1,3,4,7",6:108;9:179;0:172;8:108;2:10;5:122;1:91;3:42;4:28;7:10,"6:[4,5,6,10,12,13,18,21,24,26];9:[0,2,4,5,6,9,10,12,13,14,18,21,23,24,25,26,28];0:[0,1,2,4,5,6,9,10,11,12,13,18,21,24,25,26,28];8:[0,4,5,6,10,13,18,21,24,26];2:[4];5:[0,4,5,6,10,12,13,18,21,24,26,28];1:[0,4,5,6,10,13,18,24,26];3:[4,5,18,26];4:[4,6];7:[4]","c6:bw=108,experts=[4,5,6,10,12,13,18,21,24,26]; c9:bw=179,experts=[0,2,4,5,6,9,10,12,13,14,18,21,23,24,25,26,28]; c0:bw=172,experts=[0,1,2,4,5,6,9,10,11,12,13,18,21,24,25,26,28]; c8:bw=108,experts=[0,4,5,6,10,13,18,21,24,26]; c2:bw=10,experts=[4]; c5:bw=122,experts=[0,4,5,6,10,12,13,18,21,24,26,28]; c1:bw=91,experts=[0,4,5,6,10,13,18,24,26]; c3:bw=42,experts=[4,5,18,26]; c4:bw=28,experts=[4,6]; c7:bw=10,experts=[4]","6.9600,3.7258,4.8863,5.5147,3.8460,6.4374,4.4736,5.2228,6.9988,4.7271"
29,2026-09-24 12:07:32,Ours,0.01,1.8435942072077505,49.73,49.73,29,54.3662,0:54.37,53.0078,0.1586,1.1981,1557.5331,25:57.53,10,"4,0,1,9,6,8,7,3,2,5",4:140;0:161;1:122;9:160;6:157;8:123;7:77;3:116;2:66;5:123,"4:[0,4,5,6,9,10,12,13,18,21,23,24,26,28];0:[0,1,2,4,5,6,9,10,12,13,18,21,23,24,26,28];1:[0,1,2,4,5,6,10,12,13,18,24,26];9:[0,1,2,4,5,6,9,10,12,13,18,21,24,25,26,28];6:[0,2,4,5,6,9,10,12,13,18,21,23,24,26,28];8:[0,1,2,4,5,6,10,12,13,18,24,26];7:[0,2,4,6,13,24,26];3:[0,2,4,5,6,10,12,13,18,24,26];2:[4,5,6,10,18,26];5:[0,2,4,5,6,10,12,13,18,24,26,28]","c4:bw=140,experts=[0,4,5,6,9,10,12,13,18,21,23,24,26,28]; c0:bw=161,experts=[0,1,2,4,5,6,9,10,12,13,18,21,23,24,26,28]; c1:bw=122,experts=[0,1,2,4,5,6,10,12,13,18,24,26]; c9:bw=160,experts=[0,1,2,4,5,6,9,10,12,13,18,21,24,25,26,28]; c6:bw=157,experts=[0,2,4,5,6,9,10,12,13,18,21,23,24,26,28]; c8:bw=123,experts=[0,1,2,4,5,6,10,12,13,18,24,26]; c7:bw=77,experts=[0,2,4,6,13,24,26]; c3:bw=116,experts=[0,2,4,5,6,10,12,13,18,24,26]; c2:bw=66,experts=[4,5,6,10,18,26]; c5:bw=123,experts=[0,2,4,5,6,10,12,13,18,24,26,28]","7.0559,4.9074,4.4799,3.6768,6.9368,5.5315,4.8114,5.2751,3.8762,6.4569"
30,2026-09-24 12:08:27,Ours,0.01,1.8220815652004365,49.99,49.99,30,54.5302,0:54.53,53.1707,0.1597,1.1981,1612.0822,26:52.08,10,"5,1,9,4,0,8,6,7,3,2",5:226;1:129;9:200;4:189;0:64;8:152;6:39;7:44;3:216;2:99,"5:[0,1,2,4,5,6,8,9,10,11,12,13,14,16,18,20,21,23,24,25,26,28];1:[0,1,2,4,5,6,10,12,13,18,24,26];9:[0,1,2,4,5,6,8,9,10,12,13,18,20,21,22,23,24,25,26,28];4:[0,1,2,4,5,6,9,10,12,13,18,20,21,23,24,25,26,28];0:[4,5,6,13,18,26];8:[0,4,5,6,9,10,12,13,18,20,21,23,24,26,28];6:[4,6,26];7:[4,6,13,26];3:[0,1,2,4,5,6,8,9,10,12,13,14,18,20,21,22,23,24,25,26,28];2:[4,5,6,10,13,18,24,26,28]","c5:bw=226,experts=[0,1,2,4,5,6,8,9,10,11,12,13,14,16,18,20,21,23,24,25,26,28]; c1:bw=129,experts=[0,1,2,4,5,6,10,12,13,18,24,26]; c9:bw=200,experts=[0,1,2,4,5,6,8,9,10,12,13,18,20,21,22,23,24,25,26,28]; c4:bw=189,experts=[0,1,2,4,5,6,9,10,12,13,18,20,21,23,24,25,26,28]; c0:bw=64,experts=[4,5,6,13,18,26]; c8:bw=152,experts=[0,4,5,6,9,10,12,13,18,20,21,23,24,26,28]; c6:bw=39,experts=[4,6,26]; c7:bw=44,experts=[4,6,13,26]; c3:bw=216,experts=[0,1,2,4,5,6,8,9,10,12,13,14,18,20,21,22,23,24,25,26,28]; c2:bw=99,experts=[4,5,6,10,13,18,24,26,28]","6.5507,4.5057,3.7140,7.0828,4.8711,5.5497,6.9070,4.7660,5.2999,3.9238"
31,2026-09-24 12:09:22,Ours,0.01,1.807879336253179,51.01,51.01,31,54.7177,0:54.72,53.3442,0.158,1.2139,1666.819,27:46.82,10,"6,4,9,1,5,8,3,2,0,7",6:108;4:70;9:164;1:111;5:226;8:120;3:87;2:57;0:172;7:230,"6:[1,2,4,5,6,12,13,24,26,28];4:[4,5,6,10,13,18,26];9:[0,1,2,4,5,6,9,10,12,13,18,21,24,25,26,28];1:[0,4,5,6,10,13,18,21,24,26,28];5:[0,1,2,4,5,6,8,9,10,11,12,13,14,18,20,21,22,23,24,25,26,28];8:[0,4,5,6,10,12,13,18,21,24,26,28];3:[4,5,6,10,13,18,24,26];2:[2,4,6,13,26];0:[0,2,4,5,6,9,10,12,13,18,20,21,22,23,24,26,28];7:[0,1,2,4,5,6,8,9,10,12,13,14,18,19,20,21,22,23,24,25,26,27,28]","c6:bw=108,experts=[1,2,4,5,6,12,13,24,26,28]; c4:bw=70,experts=[4,5,6,10,13,18,26]; c9:bw=164,experts=[0,1,2,4,5,6,9,10,12,13,18,21,24,25,26,28]; c1:bw=111,experts=[0,4,5,6,10,13,18,21,24,26,28]; c5:bw=226,experts=[0,1,2,4,5,6,8,9,10,11,12,13,14,18,20,21,22,23,24,25,26,28]; c8:bw=120,experts=[0,4,5,6,10,12,13,18,21,24,26,28]; c3:bw=87,experts=[4,5,6,10,13,18,24,26]; c2:bw=57,experts=[2,4,6,13,26]; c0:bw=172,experts=[0,2,4,5,6,9,10,12,13,18,20,21,22,23,24,26,28]; c7:bw=230,experts=[0,1,2,4,5,6,8,9,10,12,13,14,18,19,20,21,22,23,24,25,26,27,28]","6.9829,7.1547,3.7303,4.5101,6.4735,5.5452,5.2928,3.9272,4.9201,4.8073"
32,2026-09-24 12:10:16,Ours,0.01,1.820808562277016,50.29,51.01,31,54.6717,0:54.67,53.3149,0.1565,1.1986,1721.5108,28:41.51,10,"8,5,4,7,0,1,3,6,2,9",8:79;5:130;4:178;7:171;0:167;1:77;3:103;6:98;2:197;9:115,"8:[3,4,7,17,19,29,31];5:[4,5,6,7,10,13,18,21,23,24,26,28,31];4:[2,3,4,5,6,7,10,13,16,17,18,21,24,26,28,29,31];7:[0,2,3,4,5,6,7,10,13,17,18,24,26,28,29,30,31];0:[0,2,3,4,5,6,7,10,13,17,18,21,26,29,30,31];1:[3,7,17,19,27,29,30];3:[4,5,6,7,13,17,18,19,26,31];6:[3,4,5,6,10,13,17,26,31];2:[0,3,4,5,6,7,10,13,18,19,20,21,22,24,26,28,29,30,31];9:[4,5,6,7,13,17,18,19,26,29,31]","c8:bw=79,experts=[3,4,7,17,19,29,31]; c5:bw=130,experts=[4,5,6,7,10,13,18,21,23,24,26,28,31]; c4:bw=178,experts=[2,3,4,5,6,7,10,13,16,17,18,21,24,26,28,29,31]; c7:bw=171,experts=[0,2,3,4,5,6,7,10,13,17,18,24,26,28,29,30,31]; c0:bw=167,experts=[0,2,3,4,5,6,7,10,13,17,18,21,26,29,30,31]; c1:bw=77,experts=[3,7,17,19,27,29,30]; c3:bw=103,experts=[4,5,6,7,13,17,18,19,26,31]; c6:bw=98,experts=[3,4,5,6,10,13,17,26,31]; c2:bw=197,experts=[0,3,4,5,6,7,10,13,18,19,20,21,22,24,26,28,29,30,31]; c9:bw=115,experts=[4,5,6,7,13,17,18,19,26,29,31]","5.5580,6.5433,7.1064,4.8328,4.9019,4.5250,5.2878,6.9539,3.9128,3.6930"
33,2026-09-24 12:11:11,Ours,0.01,1.7756904600575845,51.94,51.94,33,54.6637,0:54.66,53.3036,0.1614,1.197,1776.1941,29:36.19,10,"7,1,3,6,5,9,2,8,4,0",7:192;1:126;3:256;6:135;5:108;9:152;2:86;8:182;4:165;0:229,"7:[0,1,2,4,5,6,8,9,10,12,13,14,18,21,23,24,25,26,28];1:[4,5,6,10,13,18,21,23,24,26,28,31];3:[0,1,2,3,4,5,6,8,9,10,11,12,13,14,15,16,18,21,23,24,25,26,27,28,30];6:[0,4,5,6,10,12,13,18,21,24,26,28,30];5:[2,4,5,6,13,18,24,26,28,30];9:[0,2,4,5,6,9,10,12,13,15,18,21,24,26,28];2:[4,5,6,10,13,18,21,26];8:[0,1,2,4,5,6,8,9,10,11,12,13,18,21,23,24,26,28];4:[0,1,2,4,5,6,10,12,13,15,18,21,24,26,28,30];0:[0,1,2,4,5,6,8,9,10,12,13,14,18,20,21,22,23,24,25,26,27,28]","c7:bw=192,experts=[0,1,2,4,5,6,8,9,10,12,13,14,18,21,23,24,25,26,28]; c1:bw=126,experts=[4,5,6,10,13,18,21,23,24,26,28,31]; c3:bw=256,experts=[0,1,2,3,4,5,6,8,9,10,11,12,13,14,15,16,18,21,23,24,25,26,27,28,30]; c6:bw=135,experts=[0,4,5,6,10,12,13,18,21,24,26,28,30]; c5:bw=108,experts=[2,4,5,6,13,18,24,26,28,30]; c9:bw=152,experts=[0,2,4,5,6,9,10,12,13,15,18,21,24,26,28]; c2:bw=86,experts=[4,5,6,10,13,18,21,26]; c8:bw=182,experts=[0,1,2,4,5,6,8,9,10,11,12,13,18,21,23,24,26,28]; c4:bw=165,experts=[0,1,2,4,5,6,10,12,13,15,18,21,24,26,28,30]; c0:bw=229,experts=[0,1,2,4,5,6,8,9,10,12,13,14,18,20,21,22,23,24,25,26,27,28]","4.8531,4.5483,5.2993,6.9566,6.4639,3.6888,3.8949,5.5917,7.0675,4.9395"
34,2026-09-24 12:12:06,Ours,0.01,1.7669048205910076,52.73,52.73,34,54.7012,0:54.70,53.3205,0.1683,1.2106,1830.9157,30:30.92,10,"4,1,6,9,8,0,5,7,3,2",4:169;1:170;6:176;9:248;8:153;0:82;5:219;7:119;3:265;2:197,"4:[0,2,4,5,6,9,10,12,13,18,20,21,23,24,26,28];1:[0,1,2,4,5,6,8,10,11,12,13,18,21,24,25,26,28];6:[0,2,4,5,6,9,10,12,13,14,18,20,21,23,24,26,28];9:[0,1,2,4,5,6,8,9,10,11,12,13,14,18,19,20,21,22,23,24,25,26,27,28];8:[0,1,2,4,5,6,10,12,13,18,21,24,25,26,28];0:[4,5,6,10,13,18,21,26];5:[0,1,2,4,5,6,8,9,10,12,13,14,18,20,21,22,23,24,25,26,28];7:[0,2,4,5,6,12,13,18,24,26,28];3:[0,1,2,4,5,6,8,9,10,12,13,14,16,18,19,20,21,22,23,24,25,26,27,28,29,31];2:[0,1,2,4,5,6,8,9,10,12,13,18,20,21,23,24,25,26,28]","c4:bw=169,experts=[0,2,4,5,6,9,10,12,13,18,20,21,23,24,26,28]; c1:bw=170,experts=[0,1,2,4,5,6,8,10,11,12,13,18,21,24,25,26,28]; c6:bw=176,experts=[0,2,4,5,6,9,10,12,13,14,18,20,21,23,24,26,28]; c9:bw=248,experts=[0,1,2,4,5,6,8,9,10,11,12,13,14,18,19,20,21,22,23,24,25,26,27,28]; c8:bw=153,experts=[0,1,2,4,5,6,10,12,13,18,21,24,25,26,28]; c0:bw=82,experts=[4,5,6,10,13,18,21,26]; c5:bw=219,experts=[0,1,2,4,5,6,8,9,10,12,13,14,18,20,21,22,23,24,25,26,28]; c7:bw=119,experts=[0,2,4,5,6,12,13,18,24,26,28]; c3:bw=265,experts=[0,1,2,4,5,6,8,9,10,12,13,14,16,18,19,20,21,22,23,24,25,26,27,28,29,31]; c2:bw=197,experts=[0,1,2,4,5,6,8,9,10,12,13,18,20,21,23,24,25,26,28]","7.0976,4.5247,6.9985,3.7096,5.5786,4.8970,6.4562,4.8409,5.2868,3.9305"
35,2026-09-24 12:13:00,Ours,0.01,1.7551428536879272,52.38,52.73,34,54.6177,0:54.62,53.2807,0.1616,1.1738,1885.5545,31:25.55,10,"4,0,1,6,2,8,9,7,5,3",4:120;0:74;1:112;6:160;2:167;8:182;9:99;7:175;5:149;3:88,"4:[4,5,6,10,12,13,18,21,23,24,26,28];0:[4,5,6,10,13,18,26];1:[4,5,6,10,12,13,18,21,24,26,28];6:[0,4,5,6,9,10,12,13,14,18,20,21,23,24,26,28];2:[0,2,4,5,6,9,10,12,13,14,18,21,23,24,26,28];8:[0,1,2,4,5,6,8,10,11,12,13,18,21,23,24,25,26,28];9:[0,2,4,5,6,10,13,18,26];7:[0,1,2,4,5,6,8,10,12,13,14,18,21,23,24,26,28];5:[0,4,5,6,9,10,12,13,18,21,23,24,26,28];3:[0,2,4,6,12,13,24,26]","c4:bw=120,experts=[4,5,6,10,12,13,18,21,23,24,26,28]; c0:bw=74,experts=[4,5,6,10,13,18,26]; c1:bw=112,experts=[4,5,6,10,12,13,18,21,24,26,28]; c6:bw=160,experts=[0,4,5,6,9,10,12,13,14,18,20,21,23,24,26,28]; c2:bw=167,experts=[0,2,4,5,6,9,10,12,13,14,18,21,23,24,26,28]; c8:bw=182,experts=[0,1,2,4,5,6,8,10,11,12,13,18,21,23,24,25,26,28]; c9:bw=99,experts=[0,2,4,5,6,10,13,18,26]; c7:bw=175,experts=[0,1,2,4,5,6,8,10,12,13,14,18,21,23,24,26,28]; c5:bw=149,experts=[0,4,5,6,9,10,12,13,18,21,23,24,26,28]; c3:bw=88,experts=[0,2,4,6,12,13,24,26]","7.0956,4.9333,4.5341,6.9406,3.8957,5.5501,3.7044,4.8282,6.4934,5.3053"
36,2026-09-24 12:13:55,Ours,0.01,1.7408325756310845,53.48,53.48,36,54.617,0:54.62,53.2666,0.1581,1.1906,1940.1917,32:20.19,10,"9,0,3,7,6,5,1,4,8,2",9:137;0:132;3:219;7:100;6:158;5:180;1:31;4:272;8:188;2:185,"9:[0,2,4,5,6,10,12,13,18,21,24,26,28];0:[0,4,5,6,10,12,13,18,21,23,24,26,28];3:[0,1,2,4,5,6,8,9,10,12,13,14,18,19,20,21,23,24,25,26,28];7:[4,5,6,10,13,18,21,24,26,28];6:[0,1,2,4,5,6,9,10,12,13,18,23,24,26,28];5:[0,2,3,4,5,6,8,9,10,12,13,17,18,21,23,24,26,28];1:[4,6,26];4:[0,1,2,4,5,6,8,9,10,11,12,13,14,15,16,18,19,20,21,22,23,24,25,26,27,28,30];8:[0,1,2,4,5,6,8,10,11,12,13,16,18,21,23,24,26,28];2:[0,1,2,4,5,6,9,10,11,12,13,18,21,23,24,25,26,28]","c9:bw=137,experts=[0,2,4,5,6,10,12,13,18,21,24,26,28]; c0:bw=132,experts=[0,4,5,6,10,12,13,18,21,23,24,26,28]; c3:bw=219,experts=[0,1,2,4,5,6,8,9,10,12,13,14,18,19,20,21,23,24,25,26,28]; c7:bw=100,experts=[4,5,6,10,13,18,21,24,26,28]; c6:bw=158,experts=[0,1,2,4,5,6,9,10,12,13,18,23,24,26,28]; c5:bw=180,experts=[0,2,3,4,5,6,8,9,10,12,13,17,18,21,23,24,26,28]; c1:bw=31,experts=[4,6,26]; c4:bw=272,experts=[0,1,2,4,5,6,8,9,10,11,12,13,14,15,16,18,19,20,21,22,23,24,25,26,27,28,30]; c8:bw=188,experts=[0,1,2,4,5,6,8,10,11,12,13,16,18,21,23,24,26,28]; c2:bw=185,experts=[0,1,2,4,5,6,9,10,11,12,13,18,21,23,24,25,26,28]","3.7264,4.9306,5.3308,4.9187,6.9595,6.4464,4.4831,7.0407,5.5408,3.8895"
37,2026-09-24 12:14:50,Ours,0.01,1.7308096437739082,53.25,53.48,36,54.622,0:54.62,53.283,0.1599,1.1774,1994.8347,33:14.83,10,"1,5,2,6,4,7,9,0,3,8",1:67;5:143;2:132;6:239;4:144;7:153;9:146;0:199;3:132;8:21,"1:[4,5,10,13,18,26];5:[0,2,4,5,6,9,10,12,13,18,21,24,26,28];2:[0,2,4,5,6,10,12,13,18,21,24,26,28];6:[0,1,2,4,5,6,8,9,10,11,12,13,14,15,17,18,21,23,24,25,26,27,28];4:[0,2,4,5,6,9,10,12,13,18,21,24,26,28];7:[0,4,5,6,9,10,12,13,18,20,21,23,24,26,28];9:[0,2,3,4,5,6,9,10,12,13,18,24,26,28];0:[0,2,4,5,6,9,10,12,13,14,18,20,21,22,23,24,25,26,28];3:[0,1,2,4,5,6,10,12,13,18,24,26,28];8:[4,6]","c1:bw=67,experts=[4,5,10,13,18,26]; c5:bw=143,experts=[0,2,4,5,6,9,10,12,13,18,21,24,26,28]; c2:bw=132,experts=[0,2,4,5,6,10,12,13,18,21,24,26,28]; c6:bw=239,experts=[0,1,2,4,5,6,8,9,10,11,12,13,14,15,17,18,21,23,24,25,26,27,28]; c4:bw=144,experts=[0,2,4,5,6,9,10,12,13,18,21,24,26,28]; c7:bw=153,experts=[0,4,5,6,9,10,12,13,18,20,21,23,24,26,28]; c9:bw=146,experts=[0,2,3,4,5,6,9,10,12,13,18,24,26,28]; c0:bw=199,experts=[0,2,4,5,6,9,10,12,13,14,18,20,21,22,23,24,25,26,28]; c3:bw=132,experts=[0,1,2,4,5,6,10,12,13,18,24,26,28]; c8:bw=21,experts=[4,6]","4.5144,6.4904,3.9266,6.9551,7.1029,4.7992,3.7269,4.9213,5.3074,5.5389"
38,2026-09-24 12:15:44,Ours,0.01,1.7145174050536647,53.61,53.61,38,54.4542,0:54.45,53.0929,0.1536,1.2061,2049.3109,34:09.31,10,"8,6,4,1,5,2,3,7,9,0",8:168;6:62;4:190;1:113;5:10;2:11;3:139;7:187;9:94;0:148,"8:[0,4,5,6,9,10,12,13,18,20,21,23,24,26,27,28];6:[2,4,6,13,24,26];4:[0,1,2,4,5,6,9,10,12,13,14,18,20,21,22,23,24,26,28];1:[4,5,6,10,12,13,18,21,24,26,28];5:[4];2:[4];3:[0,1,2,4,5,6,10,12,13,18,24,26,28];7:[0,2,4,5,6,9,10,12,13,14,16,18,20,21,23,24,26,28];9:[0,4,5,6,10,13,18,21,26];0:[0,4,5,6,9,10,12,13,18,21,23,24,26,28]","c8:bw=168,experts=[0,4,5,6,9,10,12,13,18,20,21,23,24,26,27,28]; c6:bw=62,experts=[2,4,6,13,24,26]; c4:bw=190,experts=[0,1,2,4,5,6,9,10,12,13,14,18,20,21,22,23,24,26,28]; c1:bw=113,experts=[4,5,6,10,12,13,18,21,24,26,28]; c5:bw=10,experts=[4]; c2:bw=11,experts=[4]; c3:bw=139,experts=[0,1,2,4,5,6,10,12,13,18,24,26,28]; c7:bw=187,experts=[0,2,4,5,6,9,10,12,13,14,16,18,20,21,23,24,26,28]; c9:bw=94,experts=[0,4,5,6,10,13,18,21,26]; c0:bw=148,experts=[0,4,5,6,9,10,12,13,18,21,23,24,26,28]","5.5621,6.9554,7.0666,4.4945,6.3704,3.8580,5.2965,4.8173,3.6923,4.9798"
39,2026-09-24 12:16:39,Ours,0.01,1.6995873385334694,54.79,54.79,39,54.5469,0:54.55,53.2146,0.1538,1.1769,2103.8788,35:03.88,10,"3,0,1,7,6,8,2,4,9,5",3:96;0:11;1:164;7:146;6:112;8:164;2:132;4:131;9:87;5:274,"3:[4,5,6,10,13,18,24,26,28];0:[4];1:[0,1,2,4,5,6,8,9,10,12,13,18,24,25,26,28];7:[0,4,5,6,9,10,12,13,18,21,23,24,26,28];6:[4,5,6,9,10,13,18,21,24,26,28];8:[0,1,2,4,5,6,9,10,12,13,18,21,23,24,26,28];2:[0,1,2,4,5,6,10,12,13,18,24,26,28];4:[0,4,5,6,9,10,12,13,18,21,24,26,28];9:[2,4,5,6,10,13,18,26];5:[0,1,2,4,5,6,8,9,10,11,12,13,14,15,16,18,19,20,21,22,23,24,25,26,27,28,30]","c3:bw=96,experts=[4,5,6,10,13,18,24,26,28]; c0:bw=11,experts=[4]; c1:bw=164,experts=[0,1,2,4,5,6,8,9,10,12,13,18,24,25,26,28]; c7:bw=146,experts=[0,4,5,6,9,10,12,13,18,21,23,24,26,28]; c6:bw=112,experts=[4,5,6,9,10,13,18,21,24,26,28]; c8:bw=164,experts=[0,1,2,4,5,6,9,10,12,13,18,21,23,24,26,28]; c2:bw=132,experts=[0,1,2,4,5,6,10,12,13,18,24,26,28]; c4:bw=131,experts=[0,4,5,6,9,10,12,13,18,21,24,26,28]; c9:bw=87,experts=[2,4,5,6,10,13,18,26]; c5:bw=274,experts=[0,1,2,4,5,6,8,9,10,11,12,13,14,15,16,18,19,20,21,22,23,24,25,26,27,28,30]","5.3589,4.8868,4.5552,4.8058,6.9403,5.5564,3.8936,7.0393,3.6772,6.5009"
40,2026-09-24 12:17:33,Ours,0.01,1.6859529575066865,54.73,54.79,39,54.6495,0:54.65,53.3007,0.1611,1.186,2158.5498,35:58.55,10,"8,1,5,6,2,7,3,4,9,0",8:95;1:154;5:116;6:170;2:238;7:243;3:24;4:70;9:145;0:131,"8:[4,5,6,10,13,18,21,24,26];1:[0,1,2,4,5,6,8,10,12,13,18,21,24,26,28];5:[0,2,4,5,6,10,13,18,24,26,28];6:[0,2,4,5,6,9,10,12,13,18,20,21,22,23,24,26,28];2:[0,1,2,4,5,6,8,9,10,12,13,14,16,18,20,21,22,23,24,25,26,27,28];7:[0,1,2,4,5,6,8,9,10,12,13,14,16,18,19,20,21,22,23,24,25,26,27,28];3:[4,26];4:[4,5,6,10,13,18,26];9:[0,4,5,6,9,10,13,16,18,21,24,26,28,30];0:[0,2,4,5,6,9,10,13,18,21,24,26,28]","c8:bw=95,experts=[4,5,6,10,13,18,21,24,26]; c1:bw=154,experts=[0,1,2,4,5,6,8,10,12,13,18,21,24,26,28]; c5:bw=116,experts=[0,2,4,5,6,10,13,18,24,26,28]; c6:bw=170,experts=[0,2,4,5,6,9,10,12,13,18,20,21,22,23,24,26,28]; c2:bw=238,experts=[0,1,2,4,5,6,8,9,10,12,13,14,16,18,20,21,22,23,24,25,26,27,28]; c7:bw=243,experts=[0,1,2,4,5,6,8,9,10,12,13,14,16,18,19,20,21,22,23,24,25,26,27,28]; c3:bw=24,experts=[4,26]; c4:bw=70,experts=[4,5,6,10,13,18,26]; c9:bw=145,experts=[0,4,5,6,9,10,13,16,18,21,24,26,28,30]; c0:bw=131,experts=[0,2,4,5,6,9,10,13,18,21,24,26,28]","5.5835,4.5435,6.4911,6.9627,3.9186,4.8212,5.2606,7.0522,3.7183,4.9490"
41,2026-09-24 12:18:28,Ours,0.01,1.6839931515768858,55.58,55.58,41,54.7726,0:54.77,53.437,0.1558,1.1781,2213.345,36:53.34,10,"2,6,8,1,4,5,7,3,9,0",2:196;6:10;8:207;1:29;4:185;5:224;7:250;3:146;9:196;0:10,"2:[0,1,2,4,5,6,8,9,10,12,13,18,21,22,23,24,25,26,28];6:[4];8:[0,1,2,4,5,6,8,9,10,12,13,18,20,21,22,23,24,25,26,28];1:[4,26];4:[0,1,2,4,5,6,8,9,10,12,13,18,21,23,24,25,26,28];5:[0,1,2,4,5,6,8,9,10,12,13,14,16,18,20,21,22,23,24,25,26,28];7:[0,1,2,4,5,6,8,9,10,12,13,14,16,18,19,20,21,22,23,24,25,26,27,28,31];3:[0,2,4,5,6,9,10,12,13,18,21,24,26,28];9:[0,2,4,5,6,9,10,12,13,14,18,20,21,22,23,24,25,26,28];0:[4]","c2:bw=196,experts=[0,1,2,4,5,6,8,9,10,12,13,18,21,22,23,24,25,26,28]; c6:bw=10,experts=[4]; c8:bw=207,experts=[0,1,2,4,5,6,8,9,10,12,13,18,20,21,22,23,24,25,26,28]; c1:bw=29,experts=[4,26]; c4:bw=185,experts=[0,1,2,4,5,6,8,9,10,12,13,18,21,23,24,25,26,28]; c5:bw=224,experts=[0,1,2,4,5,6,8,9,10,12,13,14,16,18,20,21,22,23,24,25,26,28]; c7:bw=250,experts=[0,1,2,4,5,6,8,9,10,12,13,14,16,18,19,20,21,22,23,24,25,26,27,28,31]; c3:bw=146,experts=[0,2,4,5,6,9,10,12,13,18,21,24,26,28]; c9:bw=196,experts=[0,2,4,5,6,9,10,12,13,14,18,20,21,22,23,24,25,26,28]; c0:bw=10,experts=[4]","4.0325,6.9392,5.5893,4.5151,7.0905,6.5095,4.8450,5.3128,3.7241,4.8790"
42,2026-09-24 12:19:23,Ours,0.01,1.6655804009158655,55.04,55.58,41,54.7553,0:54.76,53.3995,0.1489,1.2053,2268.1221,37:48.12,10,"5,1,3,9,6,0,7,4,8,2",5:185;1:179;3:177;9:186;6:125;0:54;7:73;4:200;8:154;2:147,"5:[0,1,2,4,5,6,8,9,10,12,13,18,21,24,25,26,28,29];1:[0,1,2,4,5,6,9,10,11,12,13,18,21,24,25,26,28];3:[0,1,2,4,5,6,9,10,12,13,18,21,23,24,25,26,28];9:[0,1,2,4,5,6,8,9,10,12,13,18,21,23,24,25,26,28];6:[0,1,2,4,5,6,12,13,18,24,26,29];0:[2,4,6,13,26];7:[4,5,6,10,13,18,26];4:[0,1,2,4,5,6,8,9,10,12,13,14,18,20,21,22,23,24,26,28];8:[0,1,2,4,5,6,10,12,13,18,21,23,24,26,28];2:[0,4,5,6,9,10,12,13,18,21,23,24,26,28]","c5:bw=185,experts=[0,1,2,4,5,6,8,9,10,12,13,18,21,24,25,26,28,29]; c1:bw=179,experts=[0,1,2,4,5,6,9,10,11,12,13,18,21,24,25,26,28]; c3:bw=177,experts=[0,1,2,4,5,6,9,10,12,13,18,21,23,24,25,26,28]; c9:bw=186,experts=[0,1,2,4,5,6,8,9,10,12,13,18,21,23,24,25,26,28]; c6:bw=125,experts=[0,1,2,4,5,6,12,13,18,24,26,29]; c0:bw=54,experts=[2,4,6,13,26]; c7:bw=73,experts=[4,5,6,10,13,18,26]; c4:bw=200,experts=[0,1,2,4,5,6,8,9,10,12,13,14,18,20,21,22,23,24,26,28]; c8:bw=154,experts=[0,1,2,4,5,6,10,12,13,18,21,23,24,26,28]; c2:bw=147,experts=[0,4,5,6,9,10,12,13,18,21,23,24,26,28]","6.5611,4.5516,5.2788,3.6984,6.9577,4.9212,4.8678,7.0822,5.5761,3.9045"
43,2026-09-24 12:20:18,Ours,0.01,1.6601024643251303,55.86,55.86,43,54.8173,0:54.82,53.4662,0.1628,1.1864,2322.9624,38:42.96,10,"5,1,2,8,9,7,4,6,3,0",5:194;1:213;2:186;8:165;9:116;7:77;4:126;6:44;3:237;0:78,"5:[0,2,4,5,6,8,9,10,12,13,14,18,20,21,22,23,24,26,28];1:[0,1,2,4,5,6,8,9,10,11,12,13,15,18,21,23,24,25,26,28,29];2:[0,1,2,4,5,6,9,10,11,12,13,18,21,23,24,25,26,28];8:[0,4,5,6,9,10,12,13,18,20,21,22,23,24,26,28];9:[0,2,4,5,6,10,12,13,18,24,26];7:[4,5,6,13,18,24,26];4:[0,2,4,5,6,10,12,13,18,24,26,28];6:[4,6,13,26];3:[0,1,2,4,5,6,8,9,10,12,13,14,16,18,20,21,22,23,24,25,26,27,28];0:[4,5,10,13,18,21,26]","c5:bw=194,experts=[0,2,4,5,6,8,9,10,12,13,14,18,20,21,22,23,24,26,28]; c1:bw=213,experts=[0,1,2,4,5,6,8,9,10,11,12,13,15,18,21,23,24,25,26,28,29]; c2:bw=186,experts=[0,1,2,4,5,6,9,10,11,12,13,18,21,23,24,25,26,28]; c8:bw=165,experts=[0,4,5,6,9,10,12,13,18,20,21,22,23,24,26,28]; c9:bw=116,experts=[0,2,4,5,6,10,12,13,18,24,26]; c7:bw=77,experts=[4,5,6,13,18,24,26]; c4:bw=126,experts=[0,2,4,5,6,10,12,13,18,24,26,28]; c6:bw=44,experts=[4,6,13,26]; c3:bw=237,experts=[0,1,2,4,5,6,8,9,10,12,13,14,16,18,20,21,22,23,24,25,26,27,28]; c0:bw=78,experts=[4,5,10,13,18,21,26]","6.5645,4.5708,3.9287,5.5650,3.6841,4.8481,7.0927,6.9683,5.3233,4.9206"
44,2026-09-24 12:21:13,Ours,0.01,1.6482895548614906,55.96,55.96,44,54.8636,0:54.86,53.5195,0.1575,1.1849,2377.8488,39:37.85,10,"0,3,4,2,7,5,6,9,8,1",0:244;3:171;4:105;2:134;7:275;5:88;6:75;9:136;8:126;1:163,"0:[0,1,2,4,5,6,8,9,10,12,13,14,16,18,20,21,22,23,24,25,26,27,28,31];3:[0,2,4,5,6,8,9,10,12,13,14,18,21,23,24,26,28];4:[2,4,5,6,10,12,13,18,24,26];2:[0,2,4,5,6,10,12,13,18,21,24,26,28];7:[0,1,2,4,5,6,8,9,10,11,12,13,14,15,16,18,19,20,21,22,23,24,25,26,27,28,30];5:[2,4,5,6,10,13,24,26];6:[4,5,6,13,24,26,28];9:[0,1,2,4,5,6,9,10,12,13,18,24,26];8:[0,4,5,6,10,12,13,18,21,24,26,28];1:[0,1,2,4,5,6,9,10,12,13,18,24,25,26,28,31]","c0:bw=244,experts=[0,1,2,4,5,6,8,9,10,12,13,14,16,18,20,21,22,23,24,25,26,27,28,31]; c3:bw=171,experts=[0,2,4,5,6,8,9,10,12,13,14,18,21,23,24,26,28]; c4:bw=105,experts=[2,4,5,6,10,12,13,18,24,26]; c2:bw=134,experts=[0,2,4,5,6,10,12,13,18,21,24,26,28]; c7:bw=275,experts=[0,1,2,4,5,6,8,9,10,11,12,13,14,15,16,18,19,20,21,22,23,24,25,26,27,28,30]; c5:bw=88,experts=[2,4,5,6,10,13,24,26]; c6:bw=75,experts=[4,5,6,13,24,26,28]; c9:bw=136,experts=[0,1,2,4,5,6,9,10,12,13,18,24,26]; c8:bw=126,experts=[0,4,5,6,10,12,13,18,21,24,26,28]; c1:bw=163,experts=[0,1,2,4,5,6,9,10,12,13,18,24,25,26,28,31]","4.9848,5.3618,7.1124,3.9216,4.8703,6.4882,6.9378,3.7132,5.5701,4.5592"
45,2026-09-24 12:22:08,Ours,0.01,1.6397684237617831,56.37,56.37,45,54.881,0:54.88,53.4954,0.1686,1.2152,2432.7535,40:32.75,10,"8,0,3,4,7,2,9,6,5,1",8:201;0:131;3:245;4:235;7:131;2:180;9:91;6:14;5:163;1:204,"8:[0,1,2,4,5,6,8,10,11,12,13,15,16,18,21,24,25,26,28,30];0:[0,4,5,6,9,10,12,13,18,21,24,26,28];3:[0,1,2,4,5,6,8,9,10,11,12,13,14,15,16,18,21,23,24,25,26,27,28,30];4:[0,1,2,4,5,6,8,9,10,12,13,14,16,18,20,21,22,23,24,25,26,27,28];7:[0,2,4,5,6,10,12,13,18,21,24,26,28];2:[0,1,2,4,5,6,9,10,11,12,13,18,21,23,24,25,26,28];9:[0,4,5,6,12,13,24,26,28];6:[4];5:[0,1,2,4,5,6,9,10,12,13,18,21,24,25,26,28];1:[0,1,2,4,5,6,8,9,10,12,13,14,18,20,21,23,24,25,26,28]","c8:bw=201,experts=[0,1,2,4,5,6,8,10,11,12,13,15,16,18,21,24,25,26,28,30]; c0:bw=131,experts=[0,4,5,6,9,10,12,13,18,21,24,26,28]; c3:bw=245,experts=[0,1,2,4,5,6,8,9,10,11,12,13,14,15,16,18,21,23,24,25,26,27,28,30]; c4:bw=235,experts=[0,1,2,4,5,6,8,9,10,12,13,14,16,18,20,21,22,23,24,25,26,27,28]; c7:bw=131,experts=[0,2,4,5,6,10,12,13,18,21,24,26,28]; c2:bw=180,experts=[0,1,2,4,5,6,9,10,11,12,13,18,21,23,24,25,26,28]; c9:bw=91,experts=[0,4,5,6,12,13,24,26,28]; c6:bw=14,experts=[4]; c5:bw=163,experts=[0,1,2,4,5,6,9,10,12,13,18,21,24,25,26,28]; c1:bw=204,experts=[0,1,2,4,5,6,8,9,10,12,13,14,18,20,21,23,24,25,26,28]","5.6360,4.9781,5.3327,7.1558,4.8432,3.9118,3.6760,6.8935,6.5080,4.5604"
46,2026-09-24 12:23:03,Ours,0.01,1.6286853696015844,56.85,56.85,46,54.9398,0:54.94,53.5947,0.1619,1.1815,2487.7169,41:27.72,10,"9,3,6,1,4,5,2,8,0,7",9:134;3:98;6:141;1:149;4:234;5:150;2:208;8:142;0:201;7:103,"9:[0,1,2,4,5,6,10,12,13,18,21,24,26];3:[0,4,5,6,12,13,18,24,26];6:[0,1,2,4,5,6,10,11,12,13,18,24,26,28];1:[0,4,5,6,9,10,12,13,18,21,23,24,26,28];4:[0,1,2,4,5,6,8,9,10,11,12,13,14,16,18,20,21,22,23,24,25,26,28];5:[0,2,4,5,6,9,10,12,13,18,21,23,24,26,28];2:[0,1,2,4,5,6,9,10,12,13,14,18,20,21,22,23,24,25,26,28];8:[0,2,4,5,6,10,12,13,18,21,23,24,26,28];0:[0,1,2,4,5,6,8,9,10,12,13,14,18,20,21,23,24,25,26,28];7:[4,5,10,12,13,18,21,24,26,28]","c9:bw=134,experts=[0,1,2,4,5,6,10,12,13,18,21,24,26]; c3:bw=98,experts=[0,4,5,6,12,13,18,24,26]; c6:bw=141,experts=[0,1,2,4,5,6,10,11,12,13,18,24,26,28]; c1:bw=149,experts=[0,4,5,6,9,10,12,13,18,21,23,24,26,28]; c4:bw=234,experts=[0,1,2,4,5,6,8,9,10,11,12,13,14,16,18,20,21,22,23,24,25,26,28]; c5:bw=150,experts=[0,2,4,5,6,9,10,12,13,18,21,23,24,26,28]; c2:bw=208,experts=[0,1,2,4,5,6,9,10,12,13,14,18,20,21,22,23,24,25,26,28]; c8:bw=142,experts=[0,2,4,5,6,10,12,13,18,21,23,24,26,28]; c0:bw=201,experts=[0,1,2,4,5,6,8,9,10,12,13,14,18,20,21,23,24,25,26,28]; c7:bw=103,experts=[4,5,10,12,13,18,21,24,26,28]","3.7582,5.3421,7.0139,4.5433,7.1248,6.5144,3.9029,5.5986,4.9649,4.8317"
47,2026-09-24 12:24:02,Ours,0.01,1.6242250052309462,57.17,57.17,47,59.0329,0:59.03,57.522,0.181,1.328,2546.7729,42:26.77,10,"5,6,7,9,8,3,4,0,1,2",5:189;6:82;7:195;9:63;8:144;3:255;4:35;0:167;1:111;2:199,"5:[0,1,2,4,5,6,9,10,11,12,13,18,21,23,24,25,26,28];6:[4,5,6,10,12,24,26,28];7:[0,1,2,4,5,6,8,9,10,11,12,13,18,21,23,24,25,26,28];9:[4,5,6,13,24,26];8:[0,1,2,4,5,6,8,10,12,13,18,24,26,28];3:[0,1,2,4,5,6,8,9,10,11,12,13,15,16,17,18,21,22,23,24,25,26,27,28,30];4:[4,6,26];0:[0,1,2,4,5,6,9,10,12,13,18,21,24,25,26,28];1:[2,4,5,6,10,12,13,18,24,26,28];2:[0,1,2,4,5,6,8,9,10,11,12,13,18,21,23,24,25,26,28]","c5:bw=189,experts=[0,1,2,4,5,6,9,10,11,12,13,18,21,23,24,25,26,28]; c6:bw=82,experts=[4,5,6,10,12,24,26,28]; c7:bw=195,experts=[0,1,2,4,5,6,8,9,10,11,12,13,18,21,23,24,25,26,28]; c9:bw=63,experts=[4,5,6,13,24,26]; c8:bw=144,experts=[0,1,2,4,5,6,8,10,12,13,18,24,26,28]; c3:bw=255,experts=[0,1,2,4,5,6,8,9,10,11,12,13,15,16,17,18,21,22,23,24,25,26,27,28,30]; c4:bw=35,experts=[4,6,26]; c0:bw=167,experts=[0,1,2,4,5,6,9,10,12,13,18,21,24,25,26,28]; c1:bw=111,experts=[2,4,5,6,10,12,13,18,24,26,28]; c2:bw=199,experts=[0,1,2,4,5,6,8,9,10,11,12,13,18,21,23,24,25,26,28]","6.5715,7.0047,4.8895,3.7036,6.3712,5.9888,7.8427,5.5974,5.0863,4.4662"
48,2026-09-24 12:25:05,Ours,0.01,1.6123202134882646,58.0,58.0,48,63.3949,1:03.39,61.8051,0.1863,1.4013,2610.1975,43:30.20,10,"1,8,4,2,9,6,5,7,0,3",1:182;8:183;4:246;2:207;9:192;6:165;5:202;7:229;0:57;3:67,"1:[0,1,2,4,5,6,8,9,10,12,13,16,18,21,23,24,26,28];8:[0,1,2,4,5,6,8,9,10,11,12,13,18,21,23,24,26,28];4:[0,1,2,4,5,6,8,9,10,12,13,14,16,18,20,21,22,23,24,25,26,27,28,31];2:[0,1,2,4,5,6,8,9,10,11,12,13,16,18,21,23,24,25,26,28];9:[0,1,2,4,5,6,9,10,12,13,18,20,21,22,23,24,25,26,28];6:[0,1,2,4,5,6,9,10,12,13,18,21,23,24,26,28];5:[0,1,2,4,5,6,9,10,12,13,14,16,18,20,21,22,23,24,26,28];7:[0,1,2,4,5,6,8,9,10,12,13,14,16,18,20,21,22,23,24,25,26,28];0:[2,4,6,15,26];3:[4,5,6,13,24,26]","c1:bw=182,experts=[0,1,2,4,5,6,8,9,10,12,13,16,18,21,23,24,26,28]; c8:bw=183,experts=[0,1,2,4,5,6,8,9,10,11,12,13,18,21,23,24,26,28]; c4:bw=246,experts=[0,1,2,4,5,6,8,9,10,12,13,14,16,18,20,21,22,23,24,25,26,27,28,31]; c2:bw=207,experts=[0,1,2,4,5,6,8,9,10,11,12,13,16,18,21,23,24,25,26,28]; c9:bw=192,experts=[0,1,2,4,5,6,9,10,12,13,18,20,21,22,23,24,25,26,28]; c6:bw=165,experts=[0,1,2,4,5,6,9,10,12,13,18,21,23,24,26,28]; c5:bw=202,experts=[0,1,2,4,5,6,9,10,12,13,14,16,18,20,21,22,23,24,26,28]; c7:bw=229,experts=[0,1,2,4,5,6,8,9,10,12,13,14,16,18,20,21,22,23,24,25,26,28]; c0:bw=57,experts=[2,4,6,15,26]; c3:bw=67,experts=[4,5,6,13,24,26]","5.2458,6.3422,8.0200,4.4335,4.2769,7.9381,7.6481,5.8626,5.8690,6.1687"
49,2026-09-24 12:26:06,Ours,0.01,1.6067817049458188,58.05,58.05,49,61.3079,1:01.31,59.8416,0.1773,1.2872,2671.5363,44:31.54,10,"4,3,8,0,2,5,6,7,9,1",4:176;3:116;8:96;0:72;2:214;5:205;6:46;7:162;9:194;1:198,"4:[0,4,5,6,9,10,12,13,18,20,21,22,23,24,25,26,28];3:[0,2,4,5,6,12,13,18,24,26,28];8:[1,2,4,5,6,12,13,24,26];0:[0,2,4,6,13,18,26];2:[0,1,2,4,5,6,8,9,10,11,12,13,15,18,20,21,23,24,25,26,28];5:[0,1,2,4,5,6,8,9,10,11,12,13,15,16,18,21,24,25,26,28];6:[4,6,13,26];7:[0,1,2,4,5,6,9,10,11,12,13,18,24,25,26,28];9:[0,2,4,5,6,8,9,10,12,13,18,20,21,22,23,24,25,26,28];1:[0,1,2,4,5,6,8,9,10,11,12,13,16,18,21,24,25,26,28]","c4:bw=176,experts=[0,4,5,6,9,10,12,13,18,20,21,22,23,24,25,26,28]; c3:bw=116,experts=[0,2,4,5,6,12,13,18,24,26,28]; c8:bw=96,experts=[1,2,4,5,6,12,13,24,26]; c0:bw=72,experts=[0,2,4,6,13,18,26]; c2:bw=214,experts=[0,1,2,4,5,6,8,9,10,11,12,13,15,18,20,21,23,24,25,26,28]; c5:bw=205,experts=[0,1,2,4,5,6,8,9,10,11,12,13,15,16,18,21,24,25,26,28]; c6:bw=46,experts=[4,6,13,26]; c7:bw=162,experts=[0,1,2,4,5,6,9,10,11,12,13,18,24,25,26,28]; c9:bw=194,experts=[0,2,4,5,6,8,9,10,12,13,18,20,21,22,23,24,25,26,28]; c1:bw=198,experts=[0,1,2,4,5,6,8,9,10,11,12,13,16,18,21,24,25,26,28]","8.9321,6.2045,6.3740,5.0647,3.9946,6.7862,7.8622,5.4065,4.1566,5.0602"
50,2026-09-24 12:27:09,Ours,0.01,1.5949053908135882,57.87,58.05,49,62.1836,1:02.18,60.6809,0.1792,1.3216,2733.7477,45:33.75,10,"8,4,7,6,2,1,3,0,9,5",8:118;4:28;7:126;6:249;2:232;1:236;3:142;0:106;9:99;5:114,"8:[0,2,4,5,6,10,12,13,18,24,26];4:[4,26];7:[2,4,5,6,10,12,13,18,23,24,26,28];6:[0,1,2,4,5,6,8,9,10,11,12,13,14,16,18,20,21,22,23,24,25,26,27,28];2:[0,1,2,4,5,6,8,9,10,11,12,13,18,19,20,21,22,23,24,25,26,27,28];1:[0,1,2,4,5,6,8,9,10,11,12,13,14,16,18,20,21,23,24,25,26,27,28];3:[0,4,5,6,9,10,12,13,18,21,23,24,26,28];0:[0,2,4,5,6,10,13,18,24,26];9:[0,1,2,4,6,12,13,24,26];5:[0,1,2,4,6,10,12,13,18,24,26]","c8:bw=118,experts=[0,2,4,5,6,10,12,13,18,24,26]; c4:bw=28,experts=[4,26]; c7:bw=126,experts=[2,4,5,6,10,12,13,18,23,24,26,28]; c6:bw=249,experts=[0,1,2,4,5,6,8,9,10,11,12,13,14,16,18,20,21,22,23,24,25,26,27,28]; c2:bw=232,experts=[0,1,2,4,5,6,8,9,10,11,12,13,18,19,20,21,22,23,24,25,26,27,28]; c1:bw=236,experts=[0,1,2,4,5,6,8,9,10,11,12,13,14,16,18,20,21,23,24,25,26,27,28]; c3:bw=142,experts=[0,4,5,6,9,10,12,13,18,21,23,24,26,28]; c0:bw=106,experts=[0,2,4,5,6,10,13,18,24,26]; c9:bw=99,experts=[0,1,2,4,6,12,13,24,26]; c5:bw=114,experts=[0,1,2,4,6,10,12,13,18,24,26]","6.3013,8.1970,5.5473,7.9445,4.4924,5.1029,5.8345,5.6088,4.1662,7.4860"
51,2026-09-24 12:28:11,Ours,0.01,1.5900492038108212,59.16,59.16,51,62.623,1:02.62,61.1199,0.1699,1.3314,2796.3989,46:36.40,10,"5,0,1,2,8,6,9,3,4,7",5:173;0:195;1:77;2:73;8:168;6:191;9:66;3:203;4:40;7:99,"5:[0,2,4,5,6,9,10,12,13,18,20,21,22,23,24,26,28];0:[0,1,2,4,5,6,9,10,12,13,14,18,20,21,23,24,25,26,28];1:[2,4,5,6,13,24,26];2:[4,5,6,13,24,26,28];8:[0,1,2,4,5,6,10,11,12,13,18,21,24,25,26,28];6:[0,1,2,4,5,6,8,9,10,11,12,13,18,21,23,24,25,26,28];9:[4,5,6,13,24,26];3:[0,1,2,4,5,6,8,9,10,11,12,13,18,20,21,23,24,25,26,28];4:[4,5,6,26];7:[4,5,6,12,13,18,24,26,28]","c5:bw=173,experts=[0,2,4,5,6,9,10,12,13,18,20,21,22,23,24,26,28]; c0:bw=195,experts=[0,1,2,4,5,6,9,10,12,13,14,18,20,21,23,24,25,26,28]; c1:bw=77,experts=[2,4,5,6,13,24,26]; c2:bw=73,experts=[4,5,6,13,24,26,28]; c8:bw=168,experts=[0,1,2,4,5,6,10,11,12,13,18,21,24,25,26,28]; c6:bw=191,experts=[0,1,2,4,5,6,8,9,10,11,12,13,18,21,23,24,25,26,28]; c9:bw=66,experts=[4,5,6,13,24,26]; c3:bw=203,experts=[0,1,2,4,5,6,8,9,10,11,12,13,18,20,21,23,24,25,26,28]; c4:bw=40,experts=[4,5,6,26]; c7:bw=99,experts=[4,5,6,12,13,18,24,26,28]","7.4927,5.7882,5.2430,4.5328,6.4673,8.0083,4.2704,5.9944,7.8214,5.5014"
52,2026-09-24 12:29:14,Ours,0.01,1.5743012323182657,59.41,59.41,52,62.805,1:02.80,61.2859,0.1854,1.3317,2859.2332,47:39.23,10,"0,8,5,7,1,4,9,6,2,3",0:169;8:64;5:89;7:125;1:148;4:122;9:112;6:186;2:107;3:157,"0:[0,4,5,6,9,10,12,13,18,20,21,22,23,24,26,28];8:[2,4,6,12,13,26];5:[1,2,4,6,12,13,24,26];7:[0,1,2,4,5,6,10,12,13,18,24,26];1:[0,1,2,4,5,6,10,12,13,18,21,24,26,28];4:[0,2,4,5,6,10,12,13,18,24,26,28];9:[4,5,6,10,12,13,18,21,24,26,28];6:[0,2,4,5,6,7,9,10,12,13,18,20,21,22,23,24,26,28];2:[2,4,5,6,10,12,13,18,24,26];3:[0,1,2,4,5,6,9,10,12,13,18,21,24,26,28]","c0:bw=169,experts=[0,4,5,6,9,10,12,13,18,20,21,22,23,24,26,28]; c8:bw=64,experts=[2,4,6,12,13,26]; c5:bw=89,experts=[1,2,4,6,12,13,24,26]; c7:bw=125,experts=[0,1,2,4,5,6,10,12,13,18,24,26]; c1:bw=148,experts=[0,1,2,4,5,6,10,12,13,18,21,24,26,28]; c4:bw=122,experts=[0,2,4,5,6,10,12,13,18,24,26,28]; c9:bw=112,experts=[4,5,6,10,12,13,18,21,24,26,28]; c6:bw=186,experts=[0,2,4,5,6,7,9,10,12,13,18,20,21,22,23,24,26,28]; c2:bw=107,experts=[2,4,5,6,10,12,13,18,24,26]; c3:bw=157,experts=[0,1,2,4,5,6,9,10,12,13,18,21,24,26,28]","5.7170,6.3798,7.5121,5.5221,5.1815,8.0832,4.3791,8.0530,4.5329,5.9251"
53,2026-09-24 12:30:17,Ours,0.01,1.567515256052653,59.49,59.49,53,62.7966,1:02.80,61.3176,0.1816,1.2955,2922.0587,48:42.06,10,"8,4,5,1,3,9,6,7,0,2",8:79;4:103;5:161;1:215;3:173;9:224;6:131;7:160;0:141;2:189,"8:[4,5,6,10,13,18,26];4:[4,5,6,10,12,13,21,24,26,28];5:[0,2,4,5,6,9,10,12,13,18,20,21,23,24,26,28];1:[0,1,2,4,5,6,8,9,10,12,13,16,18,20,21,23,24,25,26,27,28];3:[0,1,2,4,5,6,8,10,11,12,13,18,21,23,24,26,28];9:[0,1,2,4,5,6,8,9,10,12,13,16,18,20,21,23,24,25,26,27,28,30];6:[0,1,2,4,5,6,10,12,13,18,24,26,28];7:[0,1,2,4,5,6,8,10,11,12,13,18,24,25,26,28];0:[0,1,2,4,5,6,10,12,13,18,24,25,26,28];2:[0,1,2,4,5,6,9,10,12,13,18,20,21,23,24,25,26,28]","c8:bw=79,experts=[4,5,6,10,13,18,26]; c4:bw=103,experts=[4,5,6,10,12,13,21,24,26,28]; c5:bw=161,experts=[0,2,4,5,6,9,10,12,13,18,20,21,23,24,26,28]; c1:bw=215,experts=[0,1,2,4,5,6,8,9,10,12,13,16,18,20,21,23,24,25,26,27,28]; c3:bw=173,experts=[0,1,2,4,5,6,8,10,11,12,13,18,21,23,24,26,28]; c9:bw=224,experts=[0,1,2,4,5,6,8,9,10,12,13,16,18,20,21,23,24,25,26,27,28,30]; c6:bw=131,experts=[0,1,2,4,5,6,10,12,13,18,24,26,28]; c7:bw=160,experts=[0,1,2,4,5,6,8,10,11,12,13,18,24,25,26,28]; c0:bw=141,experts=[0,1,2,4,5,6,10,12,13,18,24,25,26,28]; c2:bw=189,experts=[0,1,2,4,5,6,9,10,12,13,18,20,21,23,24,25,26,28]","6.2846,8.0810,7.4924,5.2141,6.0411,4.2460,8.0971,5.5526,5.7568,4.5519"
54,2026-09-24 12:31:15,Ours,0.01,1.5648846379298635,59.35,59.49,53,58.0289,0:58.03,56.6293,0.1586,1.2392,2980.1163,49:40.12,10,"2,1,8,7,3,0,6,5,9,4",2:30;1:193;8:203;7:223;3:111;0:135;6:198;5:10;9:185;4:116,"2:[4,17,26];1:[0,1,2,4,5,6,8,9,10,12,13,18,20,21,23,24,25,26,28];8:[0,1,2,4,5,6,8,9,10,12,13,14,18,20,21,22,23,24,26,28];7:[0,1,2,4,5,6,8,9,10,12,13,14,18,20,21,22,23,24,25,26,27,28];3:[2,4,5,6,10,12,13,18,24,26,28];0:[0,1,2,4,5,6,10,12,13,18,19,24,26];6:[0,1,2,4,5,6,8,9,10,11,12,13,18,21,23,24,25,26,28];5:[4];9:[0,1,2,4,5,6,8,9,10,12,13,18,21,23,24,25,26,28];4:[2,4,5,6,10,12,13,18,24,26,28]","c2:bw=30,experts=[4,17,26]; c1:bw=193,experts=[0,1,2,4,5,6,8,9,10,12,13,18,20,21,23,24,25,26,28]; c8:bw=203,experts=[0,1,2,4,5,6,8,9,10,12,13,14,18,20,21,22,23,24,26,28]; c7:bw=223,experts=[0,1,2,4,5,6,8,9,10,12,13,14,18,20,21,22,23,24,25,26,27,28]; c3:bw=111,experts=[2,4,5,6,10,12,13,18,24,26,28]; c0:bw=135,experts=[0,1,2,4,5,6,10,12,13,18,19,24,26]; c6:bw=198,experts=[0,1,2,4,5,6,8,9,10,11,12,13,18,21,23,24,25,26,28]; c5:bw=10,experts=[4]; c9:bw=185,experts=[0,1,2,4,5,6,8,9,10,12,13,18,21,23,24,25,26,28]; c4:bw=116,experts=[2,4,5,6,10,12,13,18,24,26,28]","4.4333,5.1677,6.1175,5.2650,5.4916,5.1235,7.3080,6.5962,3.9010,7.2253"
55,2026-09-24 12:32:12,Ours,0.01,1.5547537227307786,59.58,59.58,55,56.703,0:56.70,55.3093,0.1637,1.2282,3036.8444,50:36.84,10,"7,2,4,3,8,5,1,6,0,9",7:199;2:150;4:53;3:192;8:50;5:194;1:220;6:154;0:101;9:228,"7:[0,1,2,4,5,6,8,9,10,11,12,13,18,21,23,24,25,26,28];2:[0,2,4,5,6,9,10,12,13,18,21,23,24,26,28];4:[2,4,6,13,26];3:[0,2,4,5,6,9,10,12,13,14,18,20,21,22,23,24,26,27,28];8:[4,5,6,13,26];5:[0,1,2,4,5,6,9,10,11,12,13,16,18,21,23,24,25,26,28];1:[0,1,2,4,5,6,8,9,10,12,13,16,18,20,21,22,23,24,25,26,27,28];6:[0,1,2,4,5,6,9,10,12,13,18,21,24,26,28];0:[0,4,5,6,10,12,13,18,26,28];9:[0,1,2,4,5,6,8,9,10,11,12,13,16,18,20,21,24,25,26,27,28,30]","c7:bw=199,experts=[0,1,2,4,5,6,8,9,10,11,12,13,18,21,23,24,25,26,28]; c2:bw=150,experts=[0,2,4,5,6,9,10,12,13,18,21,23,24,26,28]; c4:bw=53,experts=[2,4,6,13,26]; c3:bw=192,experts=[0,2,4,5,6,9,10,12,13,14,18,20,21,22,23,24,26,27,28]; c8:bw=50,experts=[4,5,6,13,26]; c5:bw=194,experts=[0,1,2,4,5,6,9,10,11,12,13,16,18,21,23,24,25,26,28]; c1:bw=220,experts=[0,1,2,4,5,6,8,9,10,12,13,16,18,20,21,22,23,24,25,26,27,28]; c6:bw=154,experts=[0,1,2,4,5,6,9,10,12,13,18,21,24,26,28]; c0:bw=101,experts=[0,4,5,6,10,12,13,18,26,28]; c9:bw=228,experts=[0,1,2,4,5,6,8,9,10,11,12,13,16,18,20,21,24,25,26,27,28,30]","5.1228,4.0889,7.3625,5.4163,5.7633,6.6795,4.6601,7.2355,5.0409,3.9395"
56,2026-09-24 12:33:09,Ours,0.01,1.5485635890303668,60.13,60.13,56,56.9282,0:56.93,55.5447,0.16,1.2219,3093.7998,51:33.80,10,"9,1,3,2,5,4,8,7,6,0",9:191;1:205;3:31;2:195;5:113;4:34;8:49;7:66;6:86;0:256,"9:[0,1,2,4,5,6,9,10,12,13,16,18,20,21,23,24,25,26,28];1:[0,1,2,4,5,6,9,10,12,13,18,20,21,22,23,24,25,26,27,28];3:[4,6,26];2:[0,1,2,4,5,6,8,9,10,11,12,13,18,21,23,24,25,26,28];5:[2,4,5,6,10,12,13,18,24,26,28];4:[4,6,26];8:[4,5,6,26];7:[2,4,6,12,13,26];6:[2,4,6,12,13,18,24,26];0:[0,1,2,4,5,6,8,9,10,11,12,13,14,15,16,18,21,22,23,24,25,26,27,28,30]","c9:bw=191,experts=[0,1,2,4,5,6,9,10,12,13,16,18,20,21,23,24,25,26,28]; c1:bw=205,experts=[0,1,2,4,5,6,9,10,12,13,18,20,21,22,23,24,25,26,27,28]; c3:bw=31,experts=[4,6,26]; c2:bw=195,experts=[0,1,2,4,5,6,8,9,10,11,12,13,18,21,23,24,25,26,28]; c5:bw=113,experts=[2,4,5,6,10,12,13,18,24,26,28]; c4:bw=34,experts=[4,6,26]; c8:bw=49,experts=[4,5,6,26]; c7:bw=66,experts=[2,4,6,12,13,26]; c6:bw=86,experts=[2,4,6,12,13,18,24,26]; c0:bw=256,experts=[0,1,2,4,5,6,8,9,10,11,12,13,14,15,16,18,21,22,23,24,25,26,27,28,30]","3.8355,4.6982,5.5859,3.9825,6.8175,7.2058,5.8578,5.1339,7.2562,5.1713"
57,2026-09-24 12:34:05,Ours,0.01,1.5413717748352271,60.14,60.14,57,56.7654,0:56.77,55.3319,0.1655,1.2662,3150.5907,52:30.59,10,"3,8,6,1,7,0,5,4,2,9",3:234;8:156;6:176;1:181;7:253;0:257;5:161;4:151;2:120;9:69,"3:[0,1,2,4,5,6,8,9,10,12,13,14,16,18,20,21,22,23,24,25,26,27,28];8:[0,1,2,4,5,6,10,11,12,13,18,23,24,26,28];6:[0,1,2,4,5,6,8,9,10,12,13,18,21,24,25,26,28];1:[0,1,2,4,5,6,8,9,10,12,13,16,18,21,24,25,26,28];7:[0,1,2,3,4,5,6,8,9,10,11,12,13,15,16,18,20,21,23,24,25,26,27,28,30];0:[0,1,2,4,5,6,8,9,10,12,13,14,16,18,19,20,21,22,23,24,25,26,27,28,30];5:[0,2,4,5,6,9,10,12,13,18,20,21,23,24,26,28];4:[0,4,5,6,9,10,12,13,18,20,21,23,24,26,28];2:[4,5,6,10,12,13,18,20,21,24,26,28];9:[0,2,4,6,13,26]","c3:bw=234,experts=[0,1,2,4,5,6,8,9,10,12,13,14,16,18,20,21,22,23,24,25,26,27,28]; c8:bw=156,experts=[0,1,2,4,5,6,10,11,12,13,18,23,24,26,28]; c6:bw=176,experts=[0,1,2,4,5,6,8,9,10,12,13,18,21,24,25,26,28]; c1:bw=181,experts=[0,1,2,4,5,6,8,9,10,12,13,16,18,21,24,25,26,28]; c7:bw=253,experts=[0,1,2,3,4,5,6,8,9,10,11,12,13,15,16,18,20,21,23,24,25,26,27,28,30]; c0:bw=257,experts=[0,1,2,4,5,6,8,9,10,12,13,14,16,18,19,20,21,22,23,24,25,26,27,28,30]; c5:bw=161,experts=[0,2,4,5,6,9,10,12,13,18,20,21,23,24,26,28]; c4:bw=151,experts=[0,4,5,6,9,10,12,13,18,20,21,23,24,26,28]; c2:bw=120,experts=[4,5,6,10,12,13,18,20,21,24,26,28]; c9:bw=69,experts=[0,2,4,6,13,26]","5.5284,5.8078,7.2330,4.7041,5.0195,5.2319,6.6191,7.3510,3.9765,3.8605"
58,2026-09-24 12:35:02,Ours,0.01,1.5312311569389638,60.83,60.83,58,56.4079,0:56.41,55.0348,0.1622,1.2092,3207.0278,53:27.03,10,"7,2,9,6,5,1,8,4,3,0",7:88;2:15;9:209;6:201;5:127;1:109;8:145;4:139;3:225;0:174,"7:[0,2,4,5,6,13,24,26];2:[4];9:[0,1,2,4,5,6,8,9,10,12,13,16,18,20,21,24,25,26,28,30];6:[0,1,2,4,5,6,8,9,10,11,12,13,16,18,21,23,24,25,26,28];5:[4,5,6,9,10,12,13,18,21,24,26,28];1:[4,5,6,10,12,13,21,24,26,28];8:[0,1,2,4,5,6,10,12,13,18,23,24,26,28];4:[0,2,4,5,6,10,12,13,18,23,24,26,28];3:[0,1,2,4,5,6,8,9,10,11,12,13,14,16,18,21,23,24,25,26,27,28];0:[0,1,2,4,5,6,9,10,11,12,13,18,23,24,25,26,28]","c7:bw=88,experts=[0,2,4,5,6,13,24,26]; c2:bw=15,experts=[4]; c9:bw=209,experts=[0,1,2,4,5,6,8,9,10,12,13,16,18,20,21,24,25,26,28,30]; c6:bw=201,experts=[0,1,2,4,5,6,8,9,10,11,12,13,16,18,21,23,24,25,26,28]; c5:bw=127,experts=[4,5,6,9,10,12,13,18,21,24,26,28]; c1:bw=109,experts=[4,5,6,10,12,13,21,24,26,28]; c8:bw=145,experts=[0,1,2,4,5,6,10,12,13,18,23,24,26,28]; c4:bw=139,experts=[0,2,4,5,6,10,12,13,18,23,24,26,28]; c3:bw=225,experts=[0,1,2,4,5,6,8,9,10,11,12,13,14,16,18,21,23,24,25,26,27,28]; c0:bw=174,experts=[0,1,2,4,5,6,9,10,11,12,13,18,23,24,25,26,28]","4.9637,3.9438,3.9505,7.0786,6.7635,4.6369,5.8033,7.1937,5.5498,5.1509"
59,2026-09-24 12:35:58,Ours,0.01,1.5249687962776421,60.5,60.83,58,56.4892,0:56.49,55.1392,0.1598,1.1885,3263.5424,54:23.54,10,"2,8,9,6,1,4,7,5,0,3",2:134;8:204;9:101;6:70;1:239;4:94;7:102;5:117;0:191;3:129,"2:[0,2,4,5,6,10,12,13,18,21,24,26,28];8:[0,1,2,4,5,6,8,10,11,12,13,17,18,21,24,25,26,27,28,30];9:[0,2,4,5,6,10,13,18,24,26];6:[4,5,6,19,21,24,26];1:[0,1,2,4,5,6,9,10,12,13,14,16,18,20,21,22,23,24,25,26,27,28,31];4:[2,4,5,6,10,12,13,24,26];7:[2,4,5,6,10,12,13,18,24,26];5:[4,5,6,10,12,13,18,21,24,26,28];0:[0,1,2,4,5,6,8,9,10,12,13,18,20,21,23,24,25,26,28];3:[0,1,2,4,5,6,8,10,13,21,24,26]","c2:bw=134,experts=[0,2,4,5,6,10,12,13,18,21,24,26,28]; c8:bw=204,experts=[0,1,2,4,5,6,8,10,11,12,13,17,18,21,24,25,26,27,28,30]; c9:bw=101,experts=[0,2,4,5,6,10,13,18,24,26]; c6:bw=70,experts=[4,5,6,19,21,24,26]; c1:bw=239,experts=[0,1,2,4,5,6,9,10,12,13,14,16,18,20,21,22,23,24,25,26,27,28,31]; c4:bw=94,experts=[2,4,5,6,10,12,13,24,26]; c7:bw=102,experts=[2,4,5,6,10,12,13,18,24,26]; c5:bw=117,experts=[4,5,6,10,12,13,18,21,24,26,28]; c0:bw=191,experts=[0,1,2,4,5,6,8,9,10,12,13,18,20,21,23,24,25,26,28]; c3:bw=129,experts=[0,1,2,4,5,6,8,10,13,21,24,26]","4.0810,5.8414,3.7936,7.1809,4.6283,7.3663,4.9129,6.7310,5.0527,5.5511"
60,2026-09-24 12:36:55,Ours,0.01,1.5157303295502609,61.22,61.22,60,56.9196,0:56.92,55.4935,0.1558,1.2686,3320.4896,55:20.49,10,"0,7,4,2,5,8,6,9,1,3",0:194;7:175;4:110;2:111;5:122;8:89;6:218;9:27;1:197;3:160,"0:[0,1,2,4,5,6,9,10,12,13,14,18,20,21,22,23,24,26,28];7:[0,1,2,4,5,6,8,10,11,12,13,18,23,24,25,26,28];4:[2,4,5,6,10,12,13,18,21,24,26];2:[2,4,5,6,10,12,13,18,23,24,26];5:[4,5,6,10,12,13,18,21,23,24,26,28];8:[2,4,5,6,12,13,24,26];6:[0,1,2,4,5,6,8,9,10,12,13,18,20,21,22,23,24,25,26,27,28];9:[4,6];1:[0,1,2,4,5,6,9,10,12,13,14,18,20,21,22,23,24,26,28];3:[0,1,2,4,5,6,10,11,12,13,18,21,23,24,26,28]","c0:bw=194,experts=[0,1,2,4,5,6,9,10,12,13,14,18,20,21,22,23,24,26,28]; c7:bw=175,experts=[0,1,2,4,5,6,8,10,11,12,13,18,23,24,25,26,28]; c4:bw=110,experts=[2,4,5,6,10,12,13,18,21,24,26]; c2:bw=111,experts=[2,4,5,6,10,12,13,18,23,24,26]; c5:bw=122,experts=[4,5,6,10,12,13,18,21,23,24,26,28]; c8:bw=89,experts=[2,4,5,6,12,13,24,26]; c6:bw=218,experts=[0,1,2,4,5,6,8,9,10,12,13,18,20,21,22,23,24,25,26,27,28]; c9:bw=27,experts=[4,6]; c1:bw=197,experts=[0,1,2,4,5,6,9,10,12,13,14,18,20,21,22,23,24,26,28]; c3:bw=160,experts=[0,1,2,4,5,6,10,11,12,13,18,21,23,24,26,28]","5.1140,5.1284,7.4839,4.0829,6.7248,5.7804,7.1582,3.7768,4.7291,5.5148"
61,2026-09-24 12:37:52,Ours,0.01,1.510589918235787,61.43,61.43,61,57.1014,0:57.10,55.6565,0.2075,1.2356,3377.6187,56:17.62,10,"5,6,2,9,1,3,8,4,7,0",5:178;6:136;2:107;9:138;1:122;3:157;8:203;4:140;7:159;0:220,"5:[0,1,2,4,5,6,9,10,11,12,13,18,21,23,24,26,28];6:[4,5,6,9,10,12,13,18,21,23,24,26,28];2:[0,2,4,5,6,12,13,18,24,26];9:[0,4,5,6,9,10,12,13,18,21,24,26,28];1:[0,2,4,5,6,10,12,13,18,21,24,26];3:[0,1,2,4,5,6,8,10,11,12,13,18,24,26,28];8:[0,1,2,4,5,6,8,10,11,12,13,14,15,16,18,23,24,26,28,30];4:[0,2,4,5,6,9,10,12,13,18,21,24,26,28];7:[0,2,4,5,6,9,10,12,13,18,21,23,24,26,28];0:[0,1,2,3,4,5,6,8,9,10,11,12,13,16,18,21,23,24,25,26,27,28]","c5:bw=178,experts=[0,1,2,4,5,6,9,10,11,12,13,18,21,23,24,26,28]; c6:bw=136,experts=[4,5,6,9,10,12,13,18,21,23,24,26,28]; c2:bw=107,experts=[0,2,4,5,6,12,13,18,24,26]; c9:bw=138,experts=[0,4,5,6,9,10,12,13,18,21,24,26,28]; c1:bw=122,experts=[0,2,4,5,6,10,12,13,18,21,24,26]; c3:bw=157,experts=[0,1,2,4,5,6,8,10,11,12,13,18,24,26,28]; c8:bw=203,experts=[0,1,2,4,5,6,8,10,11,12,13,14,15,16,18,23,24,26,28,30]; c4:bw=140,experts=[0,2,4,5,6,9,10,12,13,18,21,24,26,28]; c7:bw=159,experts=[0,2,4,5,6,9,10,12,13,18,21,23,24,26,28]; c0:bw=220,experts=[0,1,2,3,4,5,6,8,9,10,11,12,13,16,18,21,23,24,25,26,27,28]","6.8514,7.3193,4.0879,3.8066,4.8022,5.4722,5.7578,7.3487,4.9574,5.2532"
62,2026-09-24 12:38:50,Ours,0.01,1.5069209067350393,61.99,61.99,62,57.0662,0:57.07,55.701,0.1646,1.1987,3434.7134,57:14.71,10,"8,6,9,4,5,0,3,2,1,7",8:48;6:228;9:59;4:221;5:246;0:103;3:193;2:154;1:274;7:163,"8:[4,5,6,26];6:[0,1,2,4,5,6,8,9,10,11,12,13,14,18,20,21,23,24,25,26,27,28];9:[2,4,6,13,26];4:[0,1,2,4,5,6,9,10,12,13,14,16,18,20,21,22,23,24,25,26,27,28];5:[0,1,2,4,5,6,8,9,10,12,13,14,16,18,20,21,22,23,24,25,26,27,28,30];0:[0,1,2,4,6,13,18,24,26,28];3:[0,1,2,4,5,6,8,9,10,11,12,13,18,21,23,24,25,26,28];2:[0,1,2,4,5,6,10,11,12,13,18,24,25,26,28];1:[0,1,2,4,5,6,8,9,10,11,12,13,14,15,16,18,19,20,21,22,23,24,25,26,27,28,31];7:[0,4,5,6,9,10,12,13,18,20,21,22,23,24,26,28]","c8:bw=48,experts=[4,5,6,26]; c6:bw=228,experts=[0,1,2,4,5,6,8,9,10,11,12,13,14,18,20,21,23,24,25,26,27,28]; c9:bw=59,experts=[2,4,6,13,26]; c4:bw=221,experts=[0,1,2,4,5,6,9,10,12,13,14,16,18,20,21,22,23,24,25,26,27,28]; c5:bw=246,experts=[0,1,2,4,5,6,8,9,10,12,13,14,16,18,20,21,22,23,24,25,26,27,28,30]; c0:bw=103,experts=[0,1,2,4,6,13,18,24,26,28]; c3:bw=193,experts=[0,1,2,4,5,6,8,9,10,11,12,13,18,21,23,24,25,26,28]; c2:bw=154,experts=[0,1,2,4,5,6,10,11,12,13,18,24,25,26,28]; c1:bw=274,experts=[0,1,2,4,5,6,8,9,10,11,12,13,14,15,16,18,19,20,21,22,23,24,25,26,27,28,31]; c7:bw=163,experts=[0,4,5,6,9,10,12,13,18,20,21,22,23,24,26,28]","5.7329,7.3254,3.8588,7.4422,6.6753,5.2733,5.4593,4.0507,4.9306,4.9526"
63,2026-09-24 12:39:47,Ours,0.01,1.5000722757352356,61.88,61.99,62,57.1863,0:57.19,55.7878,0.1602,1.2366,3491.9267,58:11.93,10,"5,9,6,3,8,1,7,0,2,4",5:33;9:77;6:124;3:192;8:116;1:183;7:251;0:151;2:102;4:192,"5:[4,6,26];9:[4,5,6,12,13,24,26];6:[0,2,4,5,6,10,12,13,18,24,26,28];3:[0,1,2,4,5,6,8,9,10,11,12,13,18,21,23,24,25,26,28];8:[0,2,4,5,6,10,12,13,18,24,26];1:[0,2,4,5,6,9,10,12,13,14,18,20,21,22,23,24,26,28];7:[0,1,2,4,5,6,8,9,10,11,12,13,14,16,18,20,21,22,23,24,25,26,27,28,31];0:[0,4,5,6,9,10,12,13,18,21,22,23,24,26,28];2:[1,2,4,5,6,12,13,18,24,26];4:[0,1,2,4,5,6,9,10,11,12,13,16,18,21,22,23,24,26,28]","c5:bw=33,experts=[4,6,26]; c9:bw=77,experts=[4,5,6,12,13,24,26]; c6:bw=124,experts=[0,2,4,5,6,10,12,13,18,24,26,28]; c3:bw=192,experts=[0,1,2,4,5,6,8,9,10,11,12,13,18,21,23,24,25,26,28]; c8:bw=116,experts=[0,2,4,5,6,10,12,13,18,24,26]; c1:bw=183,experts=[0,2,4,5,6,9,10,12,13,14,18,20,21,22,23,24,26,28]; c7:bw=251,experts=[0,1,2,4,5,6,8,9,10,11,12,13,14,16,18,20,21,22,23,24,25,26,27,28,31]; c0:bw=151,experts=[0,4,5,6,9,10,12,13,18,21,22,23,24,26,28]; c2:bw=102,experts=[1,2,4,5,6,12,13,18,24,26]; c4:bw=192,experts=[0,1,2,4,5,6,9,10,11,12,13,16,18,21,22,23,24,26,28]","6.7919,3.8183,7.2874,5.4402,5.8140,4.7360,4.9910,5.3367,4.1463,7.4259"
64,2026-09-24 12:40:43,Ours,0.01,1.4864807389337644,61.76,61.99,62,56.3563,0:56.36,54.9793,0.1571,1.2181,3548.3125,59:08.31,10,"6,4,5,3,7,0,8,9,2,1",6:182;4:138;5:87;3:138;7:124;0:116;8:195;9:217;2:205;1:104,"6:[0,1,2,3,4,5,6,9,10,12,13,18,21,24,25,26,28,31];4:[3,4,5,6,7,12,13,17,21,24,26,28,29];5:[2,4,6,7,13,24,26,31];3:[0,2,4,5,6,7,10,12,13,18,21,24,26];7:[4,5,6,7,12,13,17,21,24,26,28,29];0:[4,5,6,7,9,10,13,17,24,26,29];8:[0,3,4,5,6,7,9,10,12,13,18,19,21,23,24,26,28,29,31];9:[0,1,2,4,5,6,7,8,9,10,12,13,17,18,21,24,25,26,28,29,31];2:[0,2,3,4,5,6,7,9,10,12,13,18,21,24,25,26,28,29,30,31];1:[3,4,5,6,7,13,17,24,26,30]","c6:bw=182,experts=[0,1,2,3,4,5,6,9,10,12,13,18,21,24,25,26,28,31]; c4:bw=138,experts=[3,4,5,6,7,12,13,17,21,24,26,28,29]; c5:bw=87,experts=[2,4,6,7,13,24,26,31]; c3:bw=138,experts=[0,2,4,5,6,7,10,12,13,18,21,24,26]; c7:bw=124,experts=[4,5,6,7,12,13,17,21,24,26,28,29]; c0:bw=116,experts=[4,5,6,7,9,10,13,17,24,26,29]; c8:bw=195,experts=[0,3,4,5,6,7,9,10,12,13,18,19,21,23,24,26,28,29,31]; c9:bw=217,experts=[0,1,2,4,5,6,7,8,9,10,12,13,17,18,21,24,25,26,28,29,31]; c2:bw=205,experts=[0,2,3,4,5,6,7,9,10,12,13,18,21,24,25,26,28,29,30,31]; c1:bw=104,experts=[3,4,5,6,7,13,17,24,26,30]","7.2360,7.3560,6.7603,5.5132,4.9899,5.1281,5.6759,3.7638,3.9552,4.6009"
65,2026-09-24 12:41:39,Ours,0.01,1.4871204428389013,62.08,62.08,65,55.3679,0:55.37,54.0242,0.1616,1.1805,3603.7086,1:00:03.71,10,"7,5,4,6,8,3,0,2,1,9",7:33;5:105;4:210;6:182;8:241;3:156;0:151;2:104;1:211;9:171,"7:[4,6,26];5:[0,4,5,6,12,13,21,24,26,28];4:[0,1,2,4,5,6,8,9,10,11,12,13,16,18,21,23,24,25,26,27,28];6:[0,2,4,5,6,9,10,12,13,18,20,21,23,24,25,26,28,30];8:[0,1,2,4,5,6,8,9,10,12,13,14,16,18,20,21,22,23,24,25,26,27,28,31];3:[0,2,3,4,5,6,10,12,13,18,21,23,24,26,28];0:[0,1,2,4,5,6,10,12,13,18,21,24,25,26,28];2:[4,5,6,12,13,18,21,24,26,28];1:[0,1,2,4,5,6,9,10,12,13,14,18,20,21,22,23,24,25,26,27,28];9:[0,2,4,5,6,9,10,12,13,15,18,21,23,24,25,26,28]","c7:bw=33,experts=[4,6,26]; c5:bw=105,experts=[0,4,5,6,12,13,21,24,26,28]; c4:bw=210,experts=[0,1,2,4,5,6,8,9,10,11,12,13,16,18,21,23,24,25,26,27,28]; c6:bw=182,experts=[0,2,4,5,6,9,10,12,13,18,20,21,23,24,25,26,28,30]; c8:bw=241,experts=[0,1,2,4,5,6,8,9,10,12,13,14,16,18,20,21,22,23,24,25,26,27,28,31]; c3:bw=156,experts=[0,2,3,4,5,6,10,12,13,18,21,23,24,26,28]; c0:bw=151,experts=[0,1,2,4,5,6,10,12,13,18,21,24,25,26,28]; c2:bw=104,experts=[4,5,6,12,13,18,21,24,26,28]; c1:bw=211,experts=[0,1,2,4,5,6,9,10,12,13,14,18,20,21,22,23,24,25,26,27,28]; c9:bw=171,experts=[0,2,4,5,6,9,10,12,13,15,18,21,23,24,25,26,28]","4.8992,6.5943,7.1636,7.0265,5.6519,5.3875,5.0208,3.9341,4.6037,3.7427"
66,2026-09-24 12:42:34,Ours,0.01,1.4779202563749867,62.36,62.36,66,55.4919,0:55.49,54.1434,0.1559,1.1909,3659.2296,1:00:59.23,10,"2,5,1,8,9,6,4,0,3,7",2:149;5:63;1:198;8:88;9:115;6:108;4:152;0:139;3:244;7:184,"2:[0,4,5,6,9,10,12,13,18,21,23,24,26,28];5:[2,4,6,13,26,28];1:[0,1,2,4,5,6,8,9,10,11,12,13,18,21,23,24,25,26,28];8:[2,4,5,6,12,13,26,28];9:[0,2,4,5,6,12,13,18,19,24,26];6:[4,5,6,10,12,13,21,24,26,28];4:[0,4,5,6,9,10,12,13,18,20,21,23,24,26,28];0:[0,1,2,4,5,6,10,12,13,18,24,26,28];3:[0,1,2,4,5,6,8,9,10,11,12,13,16,18,20,21,23,24,25,26,27,28,29,31];7:[0,2,4,5,6,9,10,12,13,14,18,20,21,22,23,24,26,28]","c2:bw=149,experts=[0,4,5,6,9,10,12,13,18,21,23,24,26,28]; c5:bw=63,experts=[2,4,6,13,26,28]; c1:bw=198,experts=[0,1,2,4,5,6,8,9,10,11,12,13,18,21,23,24,25,26,28]; c8:bw=88,experts=[2,4,5,6,12,13,26,28]; c9:bw=115,experts=[0,2,4,5,6,12,13,18,19,24,26]; c6:bw=108,experts=[4,5,6,10,12,13,21,24,26,28]; c4:bw=152,experts=[0,4,5,6,9,10,12,13,18,20,21,23,24,26,28]; c0:bw=139,experts=[0,1,2,4,5,6,10,12,13,18,24,26,28]; c3:bw=244,experts=[0,1,2,4,5,6,8,9,10,11,12,13,16,18,20,21,23,24,25,26,27,28,29,31]; c7:bw=184,experts=[0,2,4,5,6,9,10,12,13,14,18,20,21,22,23,24,26,28]","3.9760,6.6301,4.6513,5.6456,3.7583,7.0301,7.1033,5.0545,5.3683,4.9260"
67,2026-09-24 12:43:30,Ours,0.01,1.4739457416778659,62.63,62.63,67,55.5157,0:55.52,54.1343,0.1585,1.2211,3714.7742,1:01:54.77,10,"4,5,1,3,6,0,2,9,7,8",4:188;5:177;1:134;3:93;6:194;0:119;2:157;9:219;7:215;8:33,"4:[0,2,4,5,6,9,10,12,13,16,18,20,21,22,23,24,26,28];5:[0,1,2,4,5,6,9,10,12,13,18,21,23,24,25,26,28];1:[0,1,2,4,5,6,10,12,13,18,24,26,28];3:[4,5,6,12,13,18,24,26,28];6:[0,1,2,4,5,6,8,9,10,11,12,13,18,21,23,24,25,26,28];0:[0,2,4,5,6,10,12,13,18,24,26];2:[0,1,2,4,5,6,10,12,13,18,21,23,24,26,28];9:[0,1,2,4,5,6,8,9,10,11,12,13,17,18,21,24,25,26,27,28,30];7:[0,1,2,4,5,6,9,10,12,13,14,16,18,20,21,22,23,24,25,26,28];8:[4,5,26]","c4:bw=188,experts=[0,2,4,5,6,9,10,12,13,16,18,20,21,22,23,24,26,28]; c5:bw=177,experts=[0,1,2,4,5,6,9,10,12,13,18,21,23,24,25,26,28]; c1:bw=134,experts=[0,1,2,4,5,6,10,12,13,18,24,26,28]; c3:bw=93,experts=[4,5,6,12,13,18,24,26,28]; c6:bw=194,experts=[0,1,2,4,5,6,8,9,10,11,12,13,18,21,23,24,25,26,28]; c0:bw=119,experts=[0,2,4,5,6,10,12,13,18,24,26]; c2:bw=157,experts=[0,1,2,4,5,6,10,12,13,18,21,23,24,26,28]; c9:bw=219,experts=[0,1,2,4,5,6,8,9,10,11,12,13,17,18,21,24,25,26,27,28,30]; c7:bw=215,experts=[0,1,2,4,5,6,9,10,12,13,14,16,18,20,21,22,23,24,25,26,28]; c8:bw=33,experts=[4,5,26]","7.2669,6.5986,4.6352,5.3858,7.0102,5.0517,3.9614,3.7559,4.8955,5.5731"
68,2026-09-24 12:44:25,Ours,0.01,1.4621728769730171,62.58,62.63,67,55.412,0:55.41,54.0576,0.1574,1.1921,3770.2164,1:02:50.22,10,"1,8,2,0,3,4,5,9,7,6",1:153;8:114;2:214;0:110;3:94;4:180;5:163;9:57;7:102;6:116,"1:[0,2,4,5,6,9,10,12,13,16,18,21,24,26,28];8:[4,5,6,10,12,13,18,21,24,26,28];2:[0,1,2,4,5,6,8,9,10,11,12,13,16,17,18,21,24,25,26,28,30];0:[0,2,4,5,6,10,13,18,24,26,28];3:[0,4,5,6,13,19,24,26,28];4:[0,2,4,5,6,9,10,12,13,15,18,19,21,23,24,26,28,30];5:[0,2,3,4,5,6,9,10,12,13,17,18,21,24,26,28];9:[4,5,6,13,26];7:[0,2,4,5,6,10,13,18,24,26];6:[0,2,4,5,6,10,12,13,18,24,26]","c1:bw=153,experts=[0,2,4,5,6,9,10,12,13,16,18,21,24,26,28]; c8:bw=114,experts=[4,5,6,10,12,13,18,21,24,26,28]; c2:bw=214,experts=[0,1,2,4,5,6,8,9,10,11,12,13,16,17,18,21,24,25,26,28,30]; c0:bw=110,experts=[0,2,4,5,6,10,13,18,24,26,28]; c3:bw=94,experts=[0,4,5,6,13,19,24,26,28]; c4:bw=180,experts=[0,2,4,5,6,9,10,12,13,15,18,19,21,23,24,26,28,30]; c5:bw=163,experts=[0,2,3,4,5,6,9,10,12,13,17,18,21,24,26,28]; c9:bw=57,experts=[4,5,6,13,26]; c7:bw=102,experts=[0,2,4,5,6,10,13,18,24,26]; c6:bw=116,experts=[0,2,4,5,6,10,12,13,18,24,26]","4.6605,5.6443,3.9605,5.0632,5.3512,7.1526,6.5492,3.7331,4.9023,7.0406"
69,2026-09-24 12:45:20,Ours,0.01,1.4584059451407794,63.38,63.38,69,55.3371,0:55.34,53.9903,0.1611,1.1839,3825.582,1:03:45.58,10,"3,7,1,4,9,5,0,2,8,6",3:152;7:214;1:115;4:152;9:130;5:145;0:192;2:243;8:154;6:96,"3:[4,5,6,9,10,12,13,18,20,21,22,23,24,26,28];7:[0,1,2,4,5,6,8,9,10,12,13,14,18,20,21,22,23,24,26,27,28];1:[4,5,6,10,12,13,18,21,24,26,28];4:[0,2,4,5,6,9,10,12,13,18,21,23,24,26,28];9:[3,4,5,6,9,10,12,13,18,21,24,26,28];5:[4,5,6,9,10,12,13,18,20,21,23,24,26,28];0:[0,4,5,6,9,10,12,13,14,18,20,21,22,23,24,25,26,27,28];2:[0,1,2,4,5,6,8,9,10,11,12,13,15,16,17,18,21,22,23,24,25,26,27,28];8:[0,4,5,6,9,10,12,13,18,20,21,23,24,26,28];6:[4,5,6,13,15,17,24,26,28]","c3:bw=152,experts=[4,5,6,9,10,12,13,18,20,21,22,23,24,26,28]; c7:bw=214,experts=[0,1,2,4,5,6,8,9,10,12,13,14,18,20,21,22,23,24,26,27,28]; c1:bw=115,experts=[4,5,6,10,12,13,18,21,24,26,28]; c4:bw=152,experts=[0,2,4,5,6,9,10,12,13,18,21,23,24,26,28]; c9:bw=130,experts=[3,4,5,6,9,10,12,13,18,21,24,26,28]; c5:bw=145,experts=[4,5,6,9,10,12,13,18,20,21,23,24,26,28]; c0:bw=192,experts=[0,4,5,6,9,10,12,13,14,18,20,21,22,23,24,25,26,27,28]; c2:bw=243,experts=[0,1,2,4,5,6,8,9,10,11,12,13,15,16,17,18,21,22,23,24,25,26,27,28]; c8:bw=154,experts=[0,4,5,6,9,10,12,13,18,20,21,23,24,26,28]; c6:bw=96,experts=[4,5,6,13,15,17,24,26,28]","5.3749,4.9140,4.5853,7.1199,3.7401,6.5426,5.0470,3.9720,5.6739,7.0207"
70,2026-09-24 12:46:16,Ours,0.01,1.4553706395437267,63.11,63.38,69,55.4523,0:55.45,54.0923,0.1579,1.2004,3881.0654,1:04:41.07,10,"1,9,7,3,0,6,2,4,5,8",1:89;9:10;7:103;3:116;0:110;6:94;2:202;4:212;5:83;8:176,"1:[4,5,6,13,21,24,26,28];9:[4];7:[0,2,4,5,6,12,13,24,26,28];3:[4,5,6,12,13,18,21,23,24,26,28];0:[0,2,4,5,6,12,13,18,24,26,28];6:[2,4,5,6,12,13,24,26,28];2:[0,1,2,4,5,6,8,9,10,11,12,13,18,21,23,24,25,26,28,30];4:[0,1,2,4,5,6,9,10,12,13,16,18,20,21,22,23,24,25,26,27,28];5:[0,2,4,6,13,24,26,28];8:[0,1,2,4,5,6,8,10,11,12,13,18,21,23,24,26,28]","c1:bw=89,experts=[4,5,6,13,21,24,26,28]; c9:bw=10,experts=[4]; c7:bw=103,experts=[0,2,4,5,6,12,13,24,26,28]; c3:bw=116,experts=[4,5,6,12,13,18,21,23,24,26,28]; c0:bw=110,experts=[0,2,4,5,6,12,13,18,24,26,28]; c6:bw=94,experts=[2,4,5,6,12,13,24,26,28]; c2:bw=202,experts=[0,1,2,4,5,6,8,9,10,11,12,13,18,21,23,24,25,26,28,30]; c4:bw=212,experts=[0,1,2,4,5,6,9,10,12,13,16,18,20,21,22,23,24,25,26,27,28]; c5:bw=83,experts=[0,2,4,6,13,24,26,28]; c8:bw=176,experts=[0,1,2,4,5,6,8,10,11,12,13,18,21,23,24,26,28]","4.6486,3.7224,4.9356,5.4017,5.0466,7.0342,3.9376,7.1914,6.5501,5.6241"
71,2026-09-24 12:47:12,Ours,0.01,1.4501168342317108,63.11,63.38,69,55.5407,0:55.54,54.1652,0.1608,1.2129,3936.7085,1:05:36.71,10,"4,0,1,9,7,5,3,6,8,2",4:155;0:59;1:191;9:147;7:75;5:123;3:226;6:182;8:141;2:222,"4:[0,1,2,4,5,6,10,11,12,13,18,23,24,26,28];0:[2,4,6,13,26];1:[0,1,2,4,5,6,8,9,10,11,12,13,16,18,21,24,25,26,28];9:[0,2,4,5,6,9,10,12,13,18,21,24,26,28];7:[0,2,4,5,6,13,26];5:[0,1,2,4,5,6,12,13,19,24,26,28];3:[0,1,2,4,5,6,8,10,11,12,13,14,15,16,18,21,22,23,24,26,27,28];6:[0,1,2,4,5,6,8,10,11,12,13,18,21,23,24,25,26,28];8:[0,1,2,4,5,6,10,11,12,13,18,24,26,28];2:[0,1,2,4,5,6,8,9,10,11,12,13,16,18,20,21,23,24,25,26,27,28]","c4:bw=155,experts=[0,1,2,4,5,6,10,11,12,13,18,23,24,26,28]; c0:bw=59,experts=[2,4,6,13,26]; c1:bw=191,experts=[0,1,2,4,5,6,8,9,10,11,12,13,16,18,21,24,25,26,28]; c9:bw=147,experts=[0,2,4,5,6,9,10,12,13,18,21,24,26,28]; c7:bw=75,experts=[0,2,4,5,6,13,26]; c5:bw=123,experts=[0,1,2,4,5,6,12,13,19,24,26,28]; c3:bw=226,experts=[0,1,2,4,5,6,8,10,11,12,13,14,15,16,18,21,22,23,24,26,27,28]; c6:bw=182,experts=[0,1,2,4,5,6,8,10,11,12,13,18,21,23,24,25,26,28]; c8:bw=141,experts=[0,1,2,4,5,6,10,11,12,13,18,24,26,28]; c2:bw=222,experts=[0,1,2,4,5,6,8,9,10,11,12,13,16,18,20,21,23,24,25,26,27,28]","7.1481,5.0332,4.6283,3.7630,4.9249,6.5473,5.3626,7.0886,5.6733,3.9958"
72,2026-09-24 12:48:07,Ours,0.01,1.4465367502847382,63.32,63.38,69,55.4567,0:55.46,54.1196,0.1552,1.1802,3992.1968,1:06:32.20,10,"8,1,5,7,6,0,3,2,9,4",8:109;1:145;5:158;7:177;6:70;0:191;3:84;2:84;9:139;4:144,"8:[4,5,6,10,12,13,21,24,26,28];1:[0,2,4,5,6,10,12,13,18,21,23,24,26,28];5:[0,1,2,4,5,6,10,11,12,13,18,23,24,26,28];7:[0,1,2,4,5,6,8,10,11,12,13,18,23,24,25,26,28];6:[4,5,6,12,13,24,26];0:[0,1,2,4,5,6,9,10,11,12,13,16,18,22,23,24,25,26,28];3:[4,5,6,10,12,13,18,26];2:[2,4,5,6,12,13,18,26];9:[0,2,4,5,6,9,10,12,13,18,24,26,28];4:[0,4,5,6,9,10,12,13,18,21,23,24,26,28]","c8:bw=109,experts=[4,5,6,10,12,13,21,24,26,28]; c1:bw=145,experts=[0,2,4,5,6,10,12,13,18,21,23,24,26,28]; c5:bw=158,experts=[0,1,2,4,5,6,10,11,12,13,18,23,24,26,28]; c7:bw=177,experts=[0,1,2,4,5,6,8,10,11,12,13,18,23,24,25,26,28]; c6:bw=70,experts=[4,5,6,12,13,24,26]; c0:bw=191,experts=[0,1,2,4,5,6,9,10,11,12,13,16,18,22,23,24,25,26,28]; c3:bw=84,experts=[4,5,6,10,12,13,18,26]; c2:bw=84,experts=[2,4,5,6,12,13,18,26]; c9:bw=139,experts=[0,2,4,5,6,9,10,12,13,18,24,26,28]; c4:bw=144,experts=[0,4,5,6,9,10,12,13,18,21,23,24,26,28]","5.6824,4.6355,6.6245,4.9078,7.0390,5.0207,5.3492,3.9575,3.7664,7.1367"
73,2026-09-24 12:49:03,Ours,0.01,1.437034909245054,63.65,63.65,73,55.5806,0:55.58,54.2221,0.1543,1.2026,4047.8079,1:07:27.81,10,"2,8,3,1,5,9,0,7,6,4",2:173;8:39;3:145;1:242;5:62;9:190;0:103;7:135;6:73;4:150,"2:[0,2,4,5,6,9,10,12,13,18,20,21,22,23,24,26,28];8:[4,6,26];3:[0,2,4,5,6,9,10,12,13,18,21,24,26,28];1:[0,1,2,4,5,6,8,9,10,12,13,14,16,18,20,21,22,23,24,25,26,27,28,31];5:[4,5,6,13,24,26];9:[0,2,4,5,6,8,9,10,12,13,14,18,20,21,22,23,24,26,28];0:[0,2,4,5,6,10,13,18,24,26];7:[0,4,5,6,10,12,13,18,21,23,24,26,28];6:[4,5,6,12,13,24,26];4:[0,1,2,4,5,6,10,11,12,13,18,23,24,26,28]","c2:bw=173,experts=[0,2,4,5,6,9,10,12,13,18,20,21,22,23,24,26,28]; c8:bw=39,experts=[4,6,26]; c3:bw=145,experts=[0,2,4,5,6,9,10,12,13,18,21,24,26,28]; c1:bw=242,experts=[0,1,2,4,5,6,8,9,10,12,13,14,16,18,20,21,22,23,24,25,26,27,28,31]; c5:bw=62,experts=[4,5,6,13,24,26]; c9:bw=190,experts=[0,2,4,5,6,8,9,10,12,13,14,18,20,21,22,23,24,26,28]; c0:bw=103,experts=[0,2,4,5,6,10,13,18,24,26]; c7:bw=135,experts=[0,4,5,6,10,12,13,18,21,23,24,26,28]; c6:bw=73,experts=[4,5,6,12,13,24,26]; c4:bw=150,experts=[0,1,2,4,5,6,10,11,12,13,18,23,24,26,28]","3.9757,5.6387,5.4149,4.6460,6.5710,3.7792,5.0669,4.8913,7.0529,7.1854"
74,2026-09-24 12:49:58,Ours,0.01,1.4330553600820928,64.17,64.17,74,55.6211,0:55.62,54.2785,0.1534,1.1875,4103.4611,1:08:23.46,10,"3,0,1,5,7,8,6,2,4,9",3:26;0:146;1:101;5:184;7:238;8:104;6:30;2:21;4:172;9:117,"3:[4,6];0:[0,1,2,4,5,6,10,11,12,13,18,24,26,28];1:[4,5,6,12,13,18,21,24,26,28];5:[0,1,2,4,5,6,10,11,12,13,15,18,21,23,24,26,28,29];7:[0,1,2,4,5,6,8,9,10,11,12,13,14,18,20,21,22,23,24,25,26,27,28];8:[2,4,5,6,10,12,13,18,24,26];6:[4,6,29];2:[4,26];4:[0,1,2,4,5,6,10,11,12,13,18,21,23,24,26,28,30];9:[0,2,4,5,6,9,10,13,18,24,26]","c3:bw=26,experts=[4,6]; c0:bw=146,experts=[0,1,2,4,5,6,10,11,12,13,18,24,26,28]; c1:bw=101,experts=[4,5,6,12,13,18,21,24,26,28]; c5:bw=184,experts=[0,1,2,4,5,6,10,11,12,13,15,18,21,23,24,26,28,29]; c7:bw=238,experts=[0,1,2,4,5,6,8,9,10,11,12,13,14,18,20,21,22,23,24,25,26,27,28]; c8:bw=104,experts=[2,4,5,6,10,12,13,18,24,26]; c6:bw=30,experts=[4,6,29]; c2:bw=21,experts=[4,26]; c4:bw=172,experts=[0,1,2,4,5,6,10,11,12,13,18,21,23,24,26,28,30]; c9:bw=117,experts=[0,2,4,5,6,9,10,13,18,24,26]","5.3551,5.0867,4.6614,6.6217,4.9678,5.6867,7.0073,3.9604,7.1631,3.7685"
75,2026-09-24 12:50:54,Ours,0.01,1.425638507576271,63.98,64.17,74,55.8327,0:55.83,54.4872,0.1595,1.1842,4159.3242,1:09:19.32,10,"2,9,1,3,7,6,5,4,0,8",2:145;9:223;1:198;3:72;7:104;6:204;5:114;4:207;0:222;8:195,"2:[4,5,6,9,10,12,13,18,20,21,23,24,26,28];9:[0,1,2,4,5,6,8,9,10,11,12,13,18,20,21,23,24,25,26,27,28,30];1:[0,1,2,4,5,6,9,10,11,12,13,18,21,23,24,25,26,28,29];3:[4,5,6,13,18,24,26];7:[2,4,5,6,10,13,18,24,26,28];6:[0,1,2,4,5,6,8,9,10,11,12,13,14,16,18,21,23,24,26,28];5:[4,5,6,9,10,12,13,18,24,26,28];4:[0,1,2,4,5,6,8,10,11,12,13,14,16,18,21,23,24,25,26,28];0:[0,1,2,4,5,6,8,9,10,11,12,13,16,17,18,21,23,24,25,26,27,28];8:[0,1,2,4,5,6,8,9,10,12,13,18,21,23,24,25,26,27,28]","c2:bw=145,experts=[4,5,6,9,10,12,13,18,20,21,23,24,26,28]; c9:bw=223,experts=[0,1,2,4,5,6,8,9,10,11,12,13,18,20,21,23,24,25,26,27,28,30]; c1:bw=198,experts=[0,1,2,4,5,6,9,10,11,12,13,18,21,23,24,25,26,28,29]; c3:bw=72,experts=[4,5,6,13,18,24,26]; c7:bw=104,experts=[2,4,5,6,10,13,18,24,26,28]; c6:bw=204,experts=[0,1,2,4,5,6,8,9,10,11,12,13,14,16,18,21,23,24,26,28]; c5:bw=114,experts=[4,5,6,9,10,12,13,18,24,26,28]; c4:bw=207,experts=[0,1,2,4,5,6,8,10,11,12,13,14,16,18,21,23,24,25,26,28]; c0:bw=222,experts=[0,1,2,4,5,6,8,9,10,11,12,13,16,17,18,21,23,24,25,26,27,28]; c8:bw=195,experts=[0,1,2,4,5,6,8,9,10,12,13,18,21,23,24,25,26,27,28]","3.9919,3.8054,4.7586,5.4028,4.9420,7.0322,6.5841,7.1998,5.0908,5.6796"
76,2026-09-24 12:51:50,Ours,0.01,1.422802757632036,64.12,64.17,74,55.7344,0:55.73,54.3554,0.1615,1.2158,4215.0916,1:10:15.09,10,"8,5,0,3,2,6,7,4,9,1",8:105;5:136;0:114;3:54;2:91;6:86;7:244;4:221;9:210;1:196,"8:[0,2,4,5,6,12,13,18,24,26];5:[4,5,6,9,10,12,13,18,20,21,24,26,28];0:[4,5,6,9,13,18,21,24,26,28,31];3:[4,5,6,13,26];2:[2,4,6,10,12,13,18,24,26];6:[4,5,6,13,21,24,26,28];7:[0,1,2,4,5,6,8,9,10,12,13,14,16,18,19,20,21,22,23,24,25,26,27,28];4:[0,1,2,4,5,6,9,10,12,13,14,16,18,20,21,22,23,24,25,26,27,28];9:[0,2,4,5,6,9,10,12,13,14,16,18,20,21,22,23,24,25,26,27,28];1:[0,1,2,4,5,6,8,9,10,12,13,16,18,21,23,24,25,26,28]","c8:bw=105,experts=[0,2,4,5,6,12,13,18,24,26]; c5:bw=136,experts=[4,5,6,9,10,12,13,18,20,21,24,26,28]; c0:bw=114,experts=[4,5,6,9,13,18,21,24,26,28,31]; c3:bw=54,experts=[4,5,6,13,26]; c2:bw=91,experts=[2,4,6,10,12,13,18,24,26]; c6:bw=86,experts=[4,5,6,13,21,24,26,28]; c7:bw=244,experts=[0,1,2,4,5,6,8,9,10,12,13,14,16,18,19,20,21,22,23,24,25,26,27,28]; c4:bw=221,experts=[0,1,2,4,5,6,9,10,12,13,14,16,18,20,21,22,23,24,25,26,27,28]; c9:bw=210,experts=[0,2,4,5,6,9,10,12,13,14,16,18,20,21,22,23,24,25,26,27,28]; c1:bw=196,experts=[0,1,2,4,5,6,8,9,10,12,13,16,18,21,23,24,25,26,28]","5.7113,6.6792,5.0671,5.3944,3.9516,7.0225,4.9351,7.1561,3.7835,4.6546"
77,2026-09-24 12:52:46,Ours,0.01,1.417626719679469,64.08,64.17,74,55.6171,0:55.62,54.2672,0.1557,1.1927,4270.7403,1:11:10.74,10,"9,2,1,8,4,7,6,0,3,5",9:106;2:126;1:229;8:10;4:16;7:31;6:209;0:232;3:148;5:217,"9:[0,1,2,4,6,12,13,24,25,26];2:[0,2,4,5,6,10,12,13,18,24,26,28];1:[0,1,2,4,5,6,9,10,12,13,14,16,18,20,21,22,23,24,25,26,27,28];8:[4];4:[4];7:[4,6,26];6:[0,1,2,4,5,6,9,10,12,13,14,18,20,21,22,23,24,26,27,28];0:[0,1,2,3,4,5,6,8,9,10,11,12,13,15,16,17,18,21,23,24,25,26,28];3:[0,2,4,5,6,9,10,12,13,18,21,24,26,28];5:[0,2,4,5,6,9,10,12,13,14,16,18,20,21,22,23,24,25,26,27,28]","c9:bw=106,experts=[0,1,2,4,6,12,13,24,25,26]; c2:bw=126,experts=[0,2,4,5,6,10,12,13,18,24,26,28]; c1:bw=229,experts=[0,1,2,4,5,6,9,10,12,13,14,16,18,20,21,22,23,24,25,26,27,28]; c8:bw=10,experts=[4]; c4:bw=16,experts=[4]; c7:bw=31,experts=[4,6,26]; c6:bw=209,experts=[0,1,2,4,5,6,9,10,12,13,14,18,20,21,22,23,24,26,27,28]; c0:bw=232,experts=[0,1,2,3,4,5,6,8,9,10,11,12,13,15,16,17,18,21,23,24,25,26,28]; c3:bw=148,experts=[0,2,4,5,6,9,10,12,13,18,21,24,26,28]; c5:bw=217,experts=[0,2,4,5,6,9,10,12,13,14,16,18,20,21,22,23,24,25,26,27,28]","3.7796,4.0029,4.6713,5.6093,7.1065,4.8938,7.0625,5.1027,5.4072,6.6312"
78,2026-09-24 12:53:43,Ours,0.01,1.4119767712952713,64.23,64.23,78,57.7187,0:57.72,56.1651,0.1638,1.388,4328.4912,1:12:08.49,10,"0,4,3,7,8,1,9,6,5,2",0:97;4:84;3:138;7:133;8:197;1:149;9:113;6:211;5:231;2:126,"0:[0,2,4,5,6,13,18,24,26];4:[4,5,6,12,13,24,26,28];3:[0,2,4,5,6,10,12,13,18,23,24,26,28];7:[0,1,2,4,5,6,11,12,13,18,24,26,28];8:[0,1,2,4,5,6,9,10,12,13,18,20,21,22,23,24,26,27,28];1:[0,2,4,5,6,9,10,12,13,18,21,24,26,28];9:[0,2,4,5,6,10,12,13,18,24,26];6:[0,1,2,4,5,6,8,9,10,12,13,18,20,21,22,23,24,25,26,27,28];5:[0,1,2,4,5,6,8,9,10,12,13,14,16,18,20,21,22,23,24,25,26,27,28];2:[4,5,6,10,12,13,14,18,21,24,26,28]","c0:bw=97,experts=[0,2,4,5,6,13,18,24,26]; c4:bw=84,experts=[4,5,6,12,13,24,26,28]; c3:bw=138,experts=[0,2,4,5,6,10,12,13,18,23,24,26,28]; c7:bw=133,experts=[0,1,2,4,5,6,11,12,13,18,24,26,28]; c8:bw=197,experts=[0,1,2,4,5,6,9,10,12,13,18,20,21,22,23,24,26,27,28]; c1:bw=149,experts=[0,2,4,5,6,9,10,12,13,18,21,24,26,28]; c9:bw=113,experts=[0,2,4,5,6,10,12,13,18,24,26]; c6:bw=211,experts=[0,1,2,4,5,6,8,9,10,12,13,18,20,21,22,23,24,25,26,27,28]; c5:bw=231,experts=[0,1,2,4,5,6,8,9,10,12,13,14,16,18,20,21,22,23,24,25,26,27,28]; c2:bw=126,experts=[4,5,6,10,12,13,14,18,21,24,26,28]","5.0891,7.2098,5.4248,4.9453,5.6526,4.6313,3.9388,7.7946,7.3385,4.1404"
79,2026-09-24 12:54:51,Ours,0.01,1.4035546186620358,64.99,64.99,79,67.398,1:07.40,65.5776,0.1846,1.6338,4395.9293,1:13:15.93,10,"6,9,0,4,7,8,5,3,1,2",6:77;9:34;0:131;4:311;7:168;8:163;5:195;3:96;1:136;2:122,"6:[2,4,5,6,13,24,26];9:[4,6,26];0:[0,1,2,4,5,6,10,12,13,18,24,26,28];4:[0,1,2,3,4,5,6,8,9,10,11,12,13,14,15,16,17,18,19,20,21,22,23,24,25,26,27,28,29,30,31];7:[0,2,4,5,6,9,10,12,13,18,20,21,23,24,26,28];8:[0,2,4,5,6,8,10,12,13,18,20,21,23,24,26,28];5:[0,1,2,4,5,6,9,10,12,13,16,18,20,21,22,23,24,26,28];3:[2,4,5,6,13,17,24,26,30];1:[2,4,5,6,10,12,13,18,20,21,24,26,28];2:[0,1,2,4,5,6,11,12,13,18,24,26]","c6:bw=77,experts=[2,4,5,6,13,24,26]; c9:bw=34,experts=[4,6,26]; c0:bw=131,experts=[0,1,2,4,5,6,10,12,13,18,24,26,28]; c4:bw=311,experts=[0,1,2,3,4,5,6,8,9,10,11,12,13,14,15,16,17,18,19,20,21,22,23,24,25,26,27,28,29,30,31]; c7:bw=168,experts=[0,2,4,5,6,9,10,12,13,18,20,21,23,24,26,28]; c8:bw=163,experts=[0,2,4,5,6,8,10,12,13,18,20,21,23,24,26,28]; c5:bw=195,experts=[0,1,2,4,5,6,9,10,12,13,16,18,20,21,22,23,24,26,28]; c3:bw=96,experts=[2,4,5,6,13,17,24,26,30]; c1:bw=136,experts=[2,4,5,6,10,12,13,18,20,21,24,26,28]; c2:bw=122,experts=[0,1,2,4,5,6,11,12,13,18,24,26]","8.9162,4.4451,6.6414,8.8695,6.1743,6.9155,7.1244,5.7636,5.6786,5.0491"
80,2026-09-24 12:55:59,Ours,0.01,1.4032627680796288,64.83,64.99,79,68.1311,1:08.13,66.4209,0.196,1.5121,4464.1519,1:14:24.15,10,"5,9,7,1,3,4,2,0,6,8",5:240;9:193;7:174;1:112;3:115;4:210;2:160;0:174;6:144;8:187,"5:[0,1,2,4,5,6,8,9,10,11,12,13,15,16,18,20,21,23,24,25,26,28,29,30];9:[0,1,2,4,5,6,8,9,10,12,13,16,18,20,21,24,25,26,28];7:[0,1,2,4,5,6,9,10,12,13,18,20,21,24,25,26,28];1:[4,5,6,10,12,13,18,21,24,26,28];3:[0,1,2,4,6,10,12,13,24,26,28];4:[0,1,2,4,5,6,8,9,10,11,12,13,16,18,21,22,23,24,25,26,28];2:[0,1,2,4,5,6,9,10,12,13,18,21,23,24,26,28];0:[0,2,4,5,6,9,10,12,13,18,20,21,22,23,24,26,28];6:[0,1,2,4,5,6,10,12,13,18,21,24,26,28];8:[0,1,2,4,5,6,9,10,12,13,18,20,21,22,23,24,26,28]","c5:bw=240,experts=[0,1,2,4,5,6,8,9,10,11,12,13,15,16,18,20,21,23,24,25,26,28,29,30]; c9:bw=193,experts=[0,1,2,4,5,6,8,9,10,12,13,16,18,20,21,24,25,26,28]; c7:bw=174,experts=[0,1,2,4,5,6,9,10,12,13,18,20,21,24,25,26,28]; c1:bw=112,experts=[4,5,6,10,12,13,18,21,24,26,28]; c3:bw=115,experts=[0,1,2,4,6,10,12,13,24,26,28]; c4:bw=210,experts=[0,1,2,4,5,6,8,9,10,11,12,13,16,18,21,22,23,24,25,26,28]; c2:bw=160,experts=[0,1,2,4,5,6,9,10,12,13,18,21,23,24,26,28]; c0:bw=174,experts=[0,2,4,5,6,9,10,12,13,18,20,21,22,23,24,26,28]; c6:bw=144,experts=[0,1,2,4,5,6,10,12,13,18,21,24,26,28]; c8:bw=187,experts=[0,1,2,4,5,6,9,10,12,13,18,20,21,22,23,24,26,28]","8.5613,4.8278,6.1181,5.7501,6.8973,7.9336,4.3443,5.5291,9.2250,7.2342"
81,2026-09-24 12:57:07,Ours,0.01,1.3971157746895957,65.02,65.02,81,68.3931,1:08.39,66.7046,0.1938,1.4926,4532.5888,1:15:32.59,10,"6,2,3,1,4,5,9,7,8,0",6:188;2:165;3:245;1:181;4:154;5:111;9:97;7:212;8:175;0:184,"6:[0,1,2,4,5,6,9,10,11,12,13,18,20,21,23,24,26,28];2:[0,1,2,4,5,6,9,10,11,12,13,18,21,24,26,28];3:[0,1,2,4,5,6,8,9,10,12,13,14,16,18,20,21,22,23,24,25,26,27,28,31];1:[0,1,2,4,5,6,9,10,12,13,18,20,21,22,23,24,26,28];4:[0,1,2,4,5,6,10,11,12,13,18,23,24,26,28];5:[4,5,6,10,12,13,18,21,24,26,28];9:[0,2,4,5,6,9,10,13,26];7:[0,1,2,4,5,6,9,10,12,13,16,18,20,21,22,23,24,25,26,27,28];8:[0,2,4,5,6,9,10,12,13,18,20,21,22,23,24,26,28];0:[0,1,2,4,5,6,9,10,11,12,13,18,21,23,24,25,26,28]","c6:bw=188,experts=[0,1,2,4,5,6,9,10,11,12,13,18,20,21,23,24,26,28]; c2:bw=165,experts=[0,1,2,4,5,6,9,10,11,12,13,18,21,24,26,28]; c3:bw=245,experts=[0,1,2,4,5,6,8,9,10,12,13,14,16,18,20,21,22,23,24,25,26,27,28,31]; c1:bw=181,experts=[0,1,2,4,5,6,9,10,12,13,18,20,21,22,23,24,26,28]; c4:bw=154,experts=[0,1,2,4,5,6,10,11,12,13,18,23,24,26,28]; c5:bw=111,experts=[4,5,6,10,12,13,18,21,24,26,28]; c9:bw=97,experts=[0,2,4,5,6,9,10,13,26]; c7:bw=212,experts=[0,1,2,4,5,6,9,10,12,13,16,18,20,21,22,23,24,25,26,27,28]; c8:bw=175,experts=[0,2,4,5,6,9,10,12,13,18,20,21,22,23,24,26,28]; c0:bw=184,experts=[0,1,2,4,5,6,9,10,11,12,13,18,21,23,24,25,26,28]","8.7518,5.0446,6.6599,5.8696,8.5326,7.1856,4.3126,6.6013,7.3384,6.4082"
82,2026-09-24 12:58:13,Ours,0.01,1.3953074204739202,64.74,65.02,81,65.6882,1:05.69,64.1139,0.1939,1.3784,4598.3213,1:16:38.32,10,"1,0,6,8,7,3,2,9,5,4",1:235;0:110;6:134;8:212;7:146;3:144;2:109;9:204;5:147;4:108,"1:[0,1,2,4,5,6,9,10,12,13,14,16,18,20,21,22,23,24,25,26,27,28,31];0:[0,1,2,4,5,6,10,13,18,24,26];6:[1,2,4,5,6,10,11,12,13,18,24,26,28];8:[0,1,2,4,5,6,8,10,11,12,13,15,16,18,21,23,24,25,26,28,30];7:[0,4,5,6,10,12,13,18,20,21,23,24,26,28];3:[0,1,2,4,5,6,10,12,13,18,21,24,26,28];2:[4,5,6,10,12,13,18,19,24,26];9:[0,1,2,4,5,6,8,9,10,12,13,16,18,20,21,24,25,26,28,30];5:[0,4,5,6,9,10,12,13,18,20,21,24,26,28];4:[0,2,4,5,6,12,13,24,26,28]","c1:bw=235,experts=[0,1,2,4,5,6,9,10,12,13,14,16,18,20,21,22,23,24,25,26,27,28,31]; c0:bw=110,experts=[0,1,2,4,5,6,10,13,18,24,26]; c6:bw=134,experts=[1,2,4,5,6,10,11,12,13,18,24,26,28]; c8:bw=212,experts=[0,1,2,4,5,6,8,10,11,12,13,15,16,18,21,23,24,25,26,28,30]; c7:bw=146,experts=[0,4,5,6,10,12,13,18,20,21,23,24,26,28]; c3:bw=144,experts=[0,1,2,4,5,6,10,12,13,18,21,24,26,28]; c2:bw=109,experts=[4,5,6,10,12,13,18,19,24,26]; c9:bw=204,experts=[0,1,2,4,5,6,8,9,10,12,13,16,18,20,21,24,25,26,28,30]; c5:bw=147,experts=[0,4,5,6,9,10,12,13,18,20,21,24,26,28]; c4:bw=108,experts=[0,2,4,5,6,12,13,24,26,28]","5.8344,6.5753,7.8883,6.3566,5.8088,6.5965,4.6850,4.4713,7.6175,8.2802"
83,2026-09-24 12:59:17,Ours,0.01,1.3879950490746853,65.21,65.21,83,63.8745,1:03.87,62.2892,0.1969,1.3865,4662.2354,1:17:42.24,10,"9,4,2,7,5,0,6,1,8,3",9:189;4:37;2:150;7:137;5:10;0:10;6:193;1:232;8:144;3:155,"9:[0,1,2,4,5,6,9,10,12,13,18,20,21,24,25,26,28,30];4:[4,6,26];2:[0,2,4,5,6,9,10,12,13,18,20,21,24,26,28];7:[0,1,2,4,5,6,10,12,13,18,23,24,26];5:[4];0:[4];6:[0,1,2,4,5,6,9,10,11,12,13,16,18,21,23,24,25,26,28];1:[0,1,2,4,5,6,8,9,10,11,12,13,14,15,16,18,20,21,23,24,25,26,28];8:[0,1,2,4,5,6,10,12,13,18,23,24,26,28];3:[0,2,4,5,6,10,12,13,18,20,21,23,24,26,28]","c9:bw=189,experts=[0,1,2,4,5,6,9,10,12,13,18,20,21,24,25,26,28,30]; c4:bw=37,experts=[4,6,26]; c2:bw=150,experts=[0,2,4,5,6,9,10,12,13,18,20,21,24,26,28]; c7:bw=137,experts=[0,1,2,4,5,6,10,12,13,18,23,24,26]; c5:bw=10,experts=[4]; c0:bw=10,experts=[4]; c6:bw=193,experts=[0,1,2,4,5,6,9,10,11,12,13,16,18,21,23,24,25,26,28]; c1:bw=232,experts=[0,1,2,4,5,6,8,9,10,11,12,13,14,15,16,18,20,21,23,24,25,26,28]; c8:bw=144,experts=[0,1,2,4,5,6,10,12,13,18,23,24,26,28]; c3:bw=155,experts=[0,2,4,5,6,10,12,13,18,20,21,23,24,26,28]","4.4359,8.4335,4.5973,5.6152,7.3823,5.6715,8.1004,5.3552,6.4781,6.2199"
84,2026-09-24 13:00:21,Ours,0.01,1.3828052505680302,64.66,65.21,83,63.8104,1:03.81,62.2627,0.1879,1.3576,4726.0859,1:18:46.09,10,"8,3,1,6,9,2,7,5,4,0",8:245;3:118;1:213;6:13;9:75;2:134;7:172;5:73;4:100;0:37,"8:[0,1,2,4,5,6,8,9,10,11,12,13,14,15,16,17,18,21,23,24,25,26,28,30];3:[2,4,5,6,10,12,13,18,24,26,28];1:[0,1,2,4,5,6,8,9,10,11,12,13,16,18,23,24,25,26,27,28,30];6:[7];9:[4,5,6,12,13,26,28];2:[0,2,4,5,6,10,12,13,18,21,24,26,28];7:[0,4,5,6,9,10,12,13,18,20,21,22,23,24,26,27,28];5:[2,4,6,12,13,24,26];4:[1,2,4,5,6,10,12,13,24,26];0:[4,6,26]","c8:bw=245,experts=[0,1,2,4,5,6,8,9,10,11,12,13,14,15,16,17,18,21,23,24,25,26,28,30]; c3:bw=118,experts=[2,4,5,6,10,12,13,18,24,26,28]; c1:bw=213,experts=[0,1,2,4,5,6,8,9,10,11,12,13,16,18,23,24,25,26,27,28,30]; c6:bw=13,experts=[7]; c9:bw=75,experts=[4,5,6,12,13,26,28]; c2:bw=134,experts=[0,2,4,5,6,10,12,13,18,21,24,26,28]; c7:bw=172,experts=[0,4,5,6,9,10,12,13,18,20,21,22,23,24,26,27,28]; c5:bw=73,experts=[2,4,6,12,13,24,26]; c4:bw=100,experts=[1,2,4,5,6,10,12,13,24,26]; c0:bw=37,experts=[4,6,26]","6.6197,6.3366,5.3312,8.0693,4.3186,4.5239,5.6611,7.4684,8.1691,5.7648"
85,2026-09-24 13:01:25,Ours,0.01,1.3796372072999419,65.81,65.81,85,64.082,1:04.08,62.5251,0.1932,1.3618,4790.2101,1:19:50.21,10,"0,2,8,6,1,4,9,3,5,7",0:140;2:166;8:257;6:154;1:208;4:154;9:211;3:188;5:45;7:42,"0:[0,1,2,4,5,6,10,11,12,13,18,24,25,26];2:[0,1,2,4,5,6,9,10,11,12,13,18,24,25,26,28];8:[0,1,2,4,5,6,8,9,10,11,12,13,15,16,17,18,21,22,23,24,25,26,27,28,30];6:[0,1,2,4,5,6,9,10,12,13,18,21,24,26,28];1:[0,1,2,4,5,6,8,9,10,11,12,13,16,18,21,24,25,26,27,28];4:[0,4,5,6,9,10,12,13,18,20,21,23,24,26,28];9:[0,1,2,4,5,6,8,9,10,12,13,16,18,20,21,23,24,25,26,27,28];3:[0,2,4,5,6,9,10,12,13,18,20,21,22,23,24,26,27,28];5:[4,5,6,26];7:[4,6,13,26]","c0:bw=140,experts=[0,1,2,4,5,6,10,11,12,13,18,24,25,26]; c2:bw=166,experts=[0,1,2,4,5,6,9,10,11,12,13,18,24,25,26,28]; c8:bw=257,experts=[0,1,2,4,5,6,8,9,10,11,12,13,15,16,17,18,21,22,23,24,25,26,27,28,30]; c6:bw=154,experts=[0,1,2,4,5,6,9,10,12,13,18,21,24,26,28]; c1:bw=208,experts=[0,1,2,4,5,6,8,9,10,11,12,13,16,18,21,24,25,26,27,28]; c4:bw=154,experts=[0,4,5,6,9,10,12,13,18,20,21,23,24,26,28]; c9:bw=211,experts=[0,1,2,4,5,6,8,9,10,12,13,16,18,20,21,23,24,25,26,27,28]; c3:bw=188,experts=[0,2,4,5,6,9,10,12,13,18,20,21,22,23,24,26,27,28]; c5:bw=45,experts=[4,5,6,26]; c7:bw=42,experts=[4,6,13,26]","5.8561,4.5607,6.4574,8.1523,5.3085,8.2781,4.3662,6.2654,7.5987,5.6817"
86,2026-09-24 13:02:30,Ours,0.01,1.3738388466467122,65.4,65.81,85,65.3139,1:05.31,63.7133,0.2049,1.3937,4855.5642,1:20:55.56,10,"5,8,2,6,0,4,7,3,1,9",5:174;8:102;2:88;6:202;0:109;4:67;7:161;3:101;1:264;9:157,"5:[0,4,5,6,9,10,12,13,16,18,20,21,22,23,24,26,28];8:[0,2,4,5,6,12,13,18,24,26];2:[4,5,6,12,13,24,26,28];6:[0,1,2,4,5,6,9,10,11,12,13,16,18,20,21,23,24,25,26,28];0:[0,2,4,5,6,12,13,18,24,26];4:[4,5,6,13,24,26];7:[0,1,2,4,5,6,10,11,12,13,18,23,24,25,26,28];3:[1,2,4,5,6,10,13,18,24,26];1:[0,1,2,4,5,6,8,9,10,11,12,13,14,16,18,19,20,21,22,23,24,25,26,27,28,31];9:[0,2,4,5,6,9,10,12,13,18,20,21,24,26,28]","c5:bw=174,experts=[0,4,5,6,9,10,12,13,16,18,20,21,22,23,24,26,28]; c8:bw=102,experts=[0,2,4,5,6,12,13,18,24,26]; c2:bw=88,experts=[4,5,6,12,13,24,26,28]; c6:bw=202,experts=[0,1,2,4,5,6,9,10,11,12,13,16,18,20,21,23,24,25,26,28]; c0:bw=109,experts=[0,2,4,5,6,12,13,18,24,26]; c4:bw=67,experts=[4,5,6,13,24,26]; c7:bw=161,experts=[0,1,2,4,5,6,10,11,12,13,18,23,24,25,26,28]; c3:bw=101,experts=[1,2,4,5,6,10,13,18,24,26]; c1:bw=264,experts=[0,1,2,4,5,6,8,9,10,11,12,13,14,16,18,19,20,21,22,23,24,25,26,27,28,31]; c9:bw=157,experts=[0,2,4,5,6,9,10,12,13,18,20,21,24,26,28]","7.6269,6.6429,4.6467,8.3327,5.9521,8.3224,5.7828,6.3265,5.5962,4.4840"
87,2026-09-24 13:03:35,Ours,0.01,1.373369365777282,65.29,65.81,85,65.008,1:05.01,63.42,0.2001,1.3858,4920.6144,1:22:00.61,10,"1,2,7,5,6,3,4,9,8,0",1:106;2:246;7:81;5:10;6:220;3:249;4:124;9:137;8:170;0:128,"1:[0,2,4,5,6,10,12,13,24,26];2:[0,1,2,4,5,6,8,9,10,12,13,14,16,18,20,21,22,23,24,25,26,27,28,31];7:[4,5,6,10,13,18,24,26];5:[4];6:[0,1,2,4,5,6,9,10,11,12,13,16,17,18,21,23,24,25,26,27,28,30];3:[0,1,2,4,5,6,8,9,10,12,13,14,16,18,20,21,22,23,24,25,26,27,28,31];4:[4,5,6,10,12,13,18,21,23,24,26,28];9:[0,1,2,4,5,6,11,12,13,18,24,26,30];8:[0,1,2,4,5,6,8,9,10,12,13,16,18,21,24,26,28];0:[4,5,6,10,12,13,18,21,23,24,26,28]","c1:bw=106,experts=[0,2,4,5,6,10,12,13,24,26]; c2:bw=246,experts=[0,1,2,4,5,6,8,9,10,12,13,14,16,18,20,21,22,23,24,25,26,27,28,31]; c7:bw=81,experts=[4,5,6,10,13,18,24,26]; c5:bw=10,experts=[4]; c6:bw=220,experts=[0,1,2,4,5,6,9,10,11,12,13,16,17,18,21,23,24,25,26,27,28,30]; c3:bw=249,experts=[0,1,2,4,5,6,8,9,10,12,13,14,16,18,20,21,22,23,24,25,26,27,28,31]; c4:bw=124,experts=[4,5,6,10,12,13,18,21,23,24,26,28]; c9:bw=137,experts=[0,1,2,4,5,6,11,12,13,18,24,26,30]; c8:bw=170,experts=[0,1,2,4,5,6,8,9,10,12,13,16,18,21,24,26,28]; c0:bw=128,experts=[4,5,6,10,12,13,18,21,23,24,26,28]","5.4608,4.7055,5.7455,7.5841,8.4492,6.3284,8.3290,4.4094,6.5545,5.8536"
88,2026-09-24 13:04:40,Ours,0.01,1.3632291178907314,65.42,65.81,85,64.2951,1:04.30,62.7297,0.1951,1.3682,4984.9533,1:23:04.95,10,"8,6,3,7,0,4,9,1,5,2",8:157;6:98;3:120;7:151;0:227;4:138;9:113;1:103;5:111;2:167,"8:[0,2,4,5,6,10,12,13,18,20,21,23,24,26,28];6:[4,5,6,12,13,21,24,26,28];3:[0,1,2,4,5,6,10,12,13,18,24,26];7:[0,2,4,5,6,9,10,12,13,18,20,21,24,26,28];0:[0,1,2,4,5,6,8,9,10,12,13,14,18,20,21,22,23,24,25,26,27,28];4:[0,1,2,4,5,6,11,12,13,18,23,24,26];9:[0,2,4,5,6,12,13,18,24,26,28];1:[1,2,4,5,6,9,12,13,24,26];5:[4,5,6,10,12,13,18,21,24,26,28];2:[0,4,5,6,9,10,12,13,18,20,21,23,24,26,27,28]","c8:bw=157,experts=[0,2,4,5,6,10,12,13,18,20,21,23,24,26,28]; c6:bw=98,experts=[4,5,6,12,13,21,24,26,28]; c3:bw=120,experts=[0,1,2,4,5,6,10,12,13,18,24,26]; c7:bw=151,experts=[0,2,4,5,6,9,10,12,13,18,20,21,24,26,28]; c0:bw=227,experts=[0,1,2,4,5,6,8,9,10,12,13,14,18,20,21,22,23,24,25,26,27,28]; c4:bw=138,experts=[0,1,2,4,5,6,11,12,13,18,23,24,26]; c9:bw=113,experts=[0,2,4,5,6,12,13,18,24,26,28]; c1:bw=103,experts=[1,2,4,5,6,9,12,13,24,26]; c5:bw=111,experts=[4,5,6,10,12,13,18,21,24,26,28]; c2:bw=167,experts=[0,4,5,6,9,10,12,13,18,20,21,23,24,26,27,28]","6.7137,8.2040,6.2510,5.6287,5.8692,8.2537,4.2844,5.3728,7.5598,4.5924"
89,2026-09-24 13:05:45,Ours,0.01,1.3576599069989879,65.28,65.81,85,65.0682,1:05.07,63.5195,0.1869,1.3597,5050.0657,1:24:10.07,10,"3,8,2,9,7,5,0,6,4,1",3:112;8:270;2:162;9:222;7:79;5:168;0:47;6:116;4:112;1:150,"3:[0,2,4,5,6,12,13,18,24,26,28];8:[0,1,2,4,5,6,8,9,10,11,12,13,14,15,16,17,18,20,21,22,23,24,25,26,27,28,30];2:[0,1,2,4,5,6,10,11,12,13,15,18,21,24,26,28];9:[0,2,4,5,6,8,9,10,12,13,14,16,18,20,21,22,23,24,25,26,27,28];7:[3,4,6,13,15,26,30];5:[0,2,4,5,6,8,10,12,13,18,20,21,23,24,26,28];0:[4,19,26,30];6:[0,1,2,4,5,6,13,18,24,26,28];4:[0,1,2,4,5,6,12,13,18,24,26];1:[0,1,2,4,5,6,9,10,12,13,18,21,24,26,28]","c3:bw=112,experts=[0,2,4,5,6,12,13,18,24,26,28]; c8:bw=270,experts=[0,1,2,4,5,6,8,9,10,11,12,13,14,15,16,17,18,20,21,22,23,24,25,26,27,28,30]; c2:bw=162,experts=[0,1,2,4,5,6,10,11,12,13,15,18,21,24,26,28]; c9:bw=222,experts=[0,2,4,5,6,8,9,10,12,13,14,16,18,20,21,22,23,24,25,26,27,28]; c7:bw=79,experts=[3,4,6,13,15,26,30]; c5:bw=168,experts=[0,2,4,5,6,8,10,12,13,18,20,21,23,24,26,28]; c0:bw=47,experts=[4,19,26,30]; c6:bw=116,experts=[0,1,2,4,5,6,13,18,24,26,28]; c4:bw=112,experts=[0,1,2,4,5,6,12,13,18,24,26]; c1:bw=150,experts=[0,1,2,4,5,6,9,10,12,13,18,21,24,26,28]","6.3023,6.6726,4.7898,4.6066,5.9802,7.5691,5.7686,8.1412,8.2883,5.4007"
90,2026-09-24 13:06:49,Ours,0.01,1.3539030717406724,65.56,65.81,85,64.352,1:04.35,62.7601,0.1999,1.3899,5114.4597,1:25:14.46,10,"7,1,3,9,0,6,2,5,8,4",7:262;1:113;3:132;9:232;0:234;6:95;2:77;5:99;8:185;4:130,"7:[0,1,2,3,4,5,6,8,9,10,11,12,13,14,15,16,18,20,21,23,24,25,26,27,28,29];1:[0,1,2,4,5,6,10,12,13,24,26];3:[4,5,6,10,12,13,18,20,21,23,24,26,28];9:[0,1,2,4,5,6,8,9,10,11,12,13,15,16,17,18,21,24,25,26,28,30,31];0:[0,1,2,4,5,6,8,9,10,11,12,13,14,16,18,20,21,23,24,25,26,27,28];6:[4,5,6,12,13,21,24,26,28];2:[0,2,4,5,6,13,26];5:[4,5,6,10,12,13,24,26,28];8:[0,4,5,6,9,10,12,13,18,20,21,22,23,24,25,26,27,28];4:[0,2,4,5,6,9,12,13,18,21,24,26,28]","c7:bw=262,experts=[0,1,2,3,4,5,6,8,9,10,11,12,13,14,15,16,18,20,21,23,24,25,26,27,28,29]; c1:bw=113,experts=[0,1,2,4,5,6,10,12,13,24,26]; c3:bw=132,experts=[4,5,6,10,12,13,18,20,21,23,24,26,28]; c9:bw=232,experts=[0,1,2,4,5,6,8,9,10,11,12,13,15,16,17,18,21,24,25,26,28,30,31]; c0:bw=234,experts=[0,1,2,4,5,6,8,9,10,11,12,13,14,16,18,20,21,23,24,25,26,27,28]; c6:bw=95,experts=[4,5,6,12,13,21,24,26,28]; c2:bw=77,experts=[0,2,4,5,6,13,26]; c5:bw=99,experts=[4,5,6,10,12,13,24,26,28]; c8:bw=185,experts=[0,4,5,6,9,10,12,13,18,20,21,22,23,24,25,26,27,28]; c4:bw=130,experts=[0,2,4,5,6,9,12,13,18,21,24,26,28]","5.6949,5.3889,6.2775,4.4162,5.8815,8.0979,4.6072,7.5713,6.5414,8.2832"
91,2026-09-24 13:07:53,Ours,0.01,1.3491862361161293,65.8,65.81,85,63.8833,1:03.88,62.3104,0.1962,1.3745,5178.3865,1:26:18.39,10,"1,9,5,7,3,4,0,6,2,8",1:182;9:129;5:190;7:188;3:146;4:198;0:82;6:107;2:42;8:83,"1:[0,1,2,4,5,6,8,9,10,12,13,18,20,21,23,24,26,28];9:[0,1,2,4,5,6,9,12,13,18,24,26];5:[0,1,2,4,5,6,8,9,10,11,12,13,16,18,21,23,24,26,28];7:[0,2,4,5,6,8,9,10,12,13,18,20,21,23,24,26,27,28];3:[0,1,2,4,5,6,10,12,13,18,23,24,26,28];4:[0,1,2,4,5,6,8,10,11,12,13,15,16,18,21,23,24,26,28];0:[4,5,6,12,13,24,26,28];6:[4,5,6,12,13,18,19,24,26,28];2:[4,6,13,26];8:[0,2,4,5,6,12,13,26]","c1:bw=182,experts=[0,1,2,4,5,6,8,9,10,12,13,18,20,21,23,24,26,28]; c9:bw=129,experts=[0,1,2,4,5,6,9,12,13,18,24,26]; c5:bw=190,experts=[0,1,2,4,5,6,8,9,10,11,12,13,16,18,21,23,24,26,28]; c7:bw=188,experts=[0,2,4,5,6,8,9,10,12,13,18,20,21,23,24,26,27,28]; c3:bw=146,experts=[0,1,2,4,5,6,10,12,13,18,23,24,26,28]; c4:bw=198,experts=[0,1,2,4,5,6,8,10,11,12,13,15,16,18,21,23,24,26,28]; c0:bw=82,experts=[4,5,6,12,13,24,26,28]; c6:bw=107,experts=[4,5,6,12,13,18,19,24,26,28]; c2:bw=42,experts=[4,6,13,26]; c8:bw=83,experts=[0,2,4,5,6,12,13,26]","5.3750,4.4037,7.6216,5.6567,6.1842,8.1870,5.7957,8.0366,4.5148,6.5351"
92,2026-09-24 13:08:58,Ours,0.01,1.347560439584435,66.07,66.07,92,64.2954,1:04.30,62.7046,0.1886,1.4,5242.724,1:27:22.72,10,"3,7,1,0,8,6,9,2,5,4",3:104;7:125;1:73;0:108;8:70;6:166;9:204;2:92;5:242;4:97,"3:[0,1,2,4,6,12,13,18,24,26];7:[0,1,2,4,5,6,12,13,18,24,26,28];1:[4,5,6,12,13,24,26];0:[4,5,6,10,12,13,18,24,26,28];8:[4,5,6,13,24,26,28];6:[0,4,5,6,9,10,12,13,18,20,21,23,24,26,27,28];9:[0,1,2,4,5,6,8,9,10,12,13,16,18,20,21,23,24,25,26,28];2:[0,2,4,5,6,12,13,18,26];5:[0,1,2,4,5,6,8,9,10,11,12,13,15,16,18,21,23,24,25,26,27,28,29,30];4:[0,1,2,4,6,12,13,24,26]","c3:bw=104,experts=[0,1,2,4,6,12,13,18,24,26]; c7:bw=125,experts=[0,1,2,4,5,6,12,13,18,24,26,28]; c1:bw=73,experts=[4,5,6,12,13,24,26]; c0:bw=108,experts=[4,5,6,10,12,13,18,24,26,28]; c8:bw=70,experts=[4,5,6,13,24,26,28]; c6:bw=166,experts=[0,4,5,6,9,10,12,13,18,20,21,23,24,26,27,28]; c9:bw=204,experts=[0,1,2,4,5,6,8,9,10,12,13,16,18,20,21,23,24,25,26,28]; c2:bw=92,experts=[0,2,4,5,6,12,13,18,26]; c5:bw=242,experts=[0,1,2,4,5,6,8,9,10,11,12,13,15,16,18,21,23,24,25,26,27,28,29,30]; c4:bw=97,experts=[0,1,2,4,6,12,13,24,26]","6.2909,5.6639,5.3467,5.8469,6.5392,8.1650,4.4295,4.5826,7.5721,8.2678"
93,2026-09-24 13:10:01,Ours,0.01,1.3439326649005117,65.55,66.07,92,63.5982,1:03.60,62.0546,0.1825,1.3594,5306.3673,1:28:26.37,10,"1,3,7,9,6,8,5,4,0,2",1:173;3:114;7:82;9:212;6:82;8:17;5:29;4:116;0:69;2:187,"1:[0,2,4,5,6,9,10,12,13,18,20,21,23,24,26,27,28];3:[4,5,6,10,12,13,20,21,24,26,28];7:[4,5,6,12,13,24,26,28];9:[0,1,2,4,5,6,8,9,10,11,12,13,16,17,18,21,24,25,26,27,28];6:[0,2,4,5,6,13,24,26];8:[4];5:[4,6];4:[0,1,2,4,5,6,12,13,18,24,26];0:[4,5,6,13,26,28];2:[0,1,2,4,5,6,8,9,10,11,12,13,18,21,24,25,26,28]","c1:bw=173,experts=[0,2,4,5,6,9,10,12,13,18,20,21,23,24,26,27,28]; c3:bw=114,experts=[4,5,6,10,12,13,20,21,24,26,28]; c7:bw=82,experts=[4,5,6,12,13,24,26,28]; c9:bw=212,experts=[0,1,2,4,5,6,8,9,10,11,12,13,16,17,18,21,24,25,26,27,28]; c6:bw=82,experts=[0,2,4,5,6,13,24,26]; c8:bw=17,experts=[4]; c5:bw=29,experts=[4,6]; c4:bw=116,experts=[0,1,2,4,5,6,12,13,18,24,26]; c0:bw=69,experts=[4,5,6,13,26,28]; c2:bw=187,experts=[0,1,2,4,5,6,8,9,10,11,12,13,18,21,24,25,26,28]","5.3508,6.2237,5.6293,4.3337,8.1034,6.3665,7.3892,8.1925,5.9056,4.5598"
94,2026-09-24 13:11:05,Ours,0.01,1.3353437367538201,65.7,66.07,92,63.2928,1:03.29,61.7444,0.192,1.3545,5369.7028,1:29:29.70,10,"7,2,5,4,6,9,1,8,0,3",7:163;2:237;5:149;4:115;6:111;9:184;1:258;8:28;0:203;3:124,"7:[0,1,2,4,5,6,8,10,11,12,13,18,23,24,26,28];2:[0,1,2,4,5,6,8,9,10,11,12,13,15,17,18,21,22,23,24,25,26,28,29];5:[0,4,5,6,10,12,13,18,20,21,23,24,26,28];4:[4,5,6,10,12,13,18,21,24,26,28];6:[1,2,4,5,6,11,12,13,18,24,26];9:[0,2,4,5,6,9,10,12,13,18,20,21,22,23,24,26,27,28];1:[0,1,2,4,5,6,8,9,10,11,12,13,15,16,17,18,21,23,24,25,26,27,28,29,31];8:[4,6];0:[0,1,2,4,5,6,9,10,11,12,13,16,18,20,21,23,24,25,26,28];3:[4,5,6,10,12,13,18,21,23,24,26,28]","c7:bw=163,experts=[0,1,2,4,5,6,8,10,11,12,13,18,23,24,26,28]; c2:bw=237,experts=[0,1,2,4,5,6,8,9,10,11,12,13,15,17,18,21,22,23,24,25,26,28,29]; c5:bw=149,experts=[0,4,5,6,10,12,13,18,20,21,23,24,26,28]; c4:bw=115,experts=[4,5,6,10,12,13,18,21,24,26,28]; c6:bw=111,experts=[1,2,4,5,6,11,12,13,18,24,26]; c9:bw=184,experts=[0,2,4,5,6,9,10,12,13,18,20,21,22,23,24,26,27,28]; c1:bw=258,experts=[0,1,2,4,5,6,8,9,10,11,12,13,15,16,17,18,21,23,24,25,26,27,28,29,31]; c8:bw=28,experts=[4,6]; c0:bw=203,experts=[0,1,2,4,5,6,9,10,11,12,13,16,18,20,21,23,24,25,26,28]; c3:bw=124,experts=[4,5,6,10,12,13,18,21,23,24,26,28]","5.6910,4.5332,7.4985,8.0918,7.9670,4.3001,5.3005,6.3438,5.8406,6.1781"
95,2026-09-24 13:12:09,Ours,0.01,1.3361798925072965,65.95,66.07,92,64.0788,1:04.08,62.5299,0.1927,1.3543,5433.8261,1:30:33.83,10,"7,9,4,6,0,3,1,8,2,5",7:217;9:155;4:56;6:147;0:128;3:149;1:114;8:277;2:84;5:31,"7:[0,1,2,3,4,5,6,8,10,11,12,13,15,18,21,23,24,25,26,28,31];9:[0,1,2,4,5,6,9,10,12,13,18,24,25,26,28];4:[2,4,6,13,26];6:[0,1,2,4,5,6,10,11,12,13,18,24,25,26];0:[0,1,2,4,5,6,12,13,18,24,26,28];3:[0,2,4,5,6,10,12,13,18,20,21,24,26,28];1:[0,1,2,4,5,6,12,13,18,24,26];8:[0,1,2,4,5,6,8,9,10,11,12,13,14,15,16,18,19,20,21,22,23,24,25,26,27,28,30];2:[1,2,4,6,12,13,18,26];5:[4,6,26]","c7:bw=217,experts=[0,1,2,3,4,5,6,8,10,11,12,13,15,18,21,23,24,25,26,28,31]; c9:bw=155,experts=[0,1,2,4,5,6,9,10,12,13,18,24,25,26,28]; c4:bw=56,experts=[2,4,6,13,26]; c6:bw=147,experts=[0,1,2,4,5,6,10,11,12,13,18,24,25,26]; c0:bw=128,experts=[0,1,2,4,5,6,12,13,18,24,26,28]; c3:bw=149,experts=[0,2,4,5,6,10,12,13,18,20,21,24,26,28]; c1:bw=114,experts=[0,1,2,4,5,6,12,13,18,24,26]; c8:bw=277,experts=[0,1,2,4,5,6,8,9,10,11,12,13,14,15,16,18,19,20,21,22,23,24,25,26,27,28,30]; c2:bw=84,experts=[1,2,4,6,12,13,18,26]; c5:bw=31,experts=[4,6,26]","5.6621,4.3410,8.3673,8.1947,5.9376,6.2645,5.2948,6.4809,4.5553,7.4318"
96,2026-09-24 13:13:12,Ours,0.01,1.3348572412683537,66.0,66.07,92,63.1788,1:03.18,61.6139,0.2044,1.3583,5497.0506,1:31:37.05,10,"2,9,3,1,5,4,6,7,0,8",2:238;9:162;3:167;1:132;5:219;4:179;6:115;7:185;0:132;8:236,"2:[0,1,2,3,4,5,6,7,8,10,11,12,13,15,18,20,21,23,24,25,26,27,28];9:[0,4,5,6,7,9,10,12,13,18,20,21,24,26,28,29];3:[0,1,2,4,5,6,7,10,12,13,18,21,23,24,26,28];1:[0,2,3,4,5,6,7,12,13,18,24,26,28];5:[0,1,2,4,5,6,7,9,10,11,12,13,16,18,21,23,24,25,26,28,31];4:[0,1,2,4,5,6,7,10,11,12,13,18,21,23,24,26,28];6:[1,2,3,4,5,6,12,13,24,26,31];7:[0,1,2,4,5,6,7,9,10,11,12,13,15,17,18,24,26,28];0:[0,2,4,5,6,7,10,12,13,24,26,28,29];8:[0,1,2,3,4,5,6,7,8,9,10,11,12,13,16,18,21,23,24,25,26,28,29]","c2:bw=238,experts=[0,1,2,3,4,5,6,7,8,10,11,12,13,15,18,20,21,23,24,25,26,27,28]; c9:bw=162,experts=[0,4,5,6,7,9,10,12,13,18,20,21,24,26,28,29]; c3:bw=167,experts=[0,1,2,4,5,6,7,10,12,13,18,21,23,24,26,28]; c1:bw=132,experts=[0,2,3,4,5,6,7,12,13,18,24,26,28]; c5:bw=219,experts=[0,1,2,4,5,6,7,9,10,11,12,13,16,18,21,23,24,25,26,28,31]; c4:bw=179,experts=[0,1,2,4,5,6,7,10,11,12,13,18,21,23,24,26,28]; c6:bw=115,experts=[1,2,3,4,5,6,12,13,24,26,31]; c7:bw=185,experts=[0,1,2,4,5,6,7,9,10,11,12,13,15,17,18,24,26,28]; c0:bw=132,experts=[0,2,4,5,6,7,10,12,13,24,26,28,29]; c8:bw=236,experts=[0,1,2,3,4,5,6,7,8,9,10,11,12,13,16,18,21,23,24,25,26,28,29]","4.5215,4.2488,6.1524,5.3160,7.5233,8.1023,7.9293,5.6187,5.7572,6.4442"
97,2026-09-24 13:14:16,Ours,0.01,1.3302678462313655,66.78,66.78,97,63.916,1:03.92,62.3447,0.1929,1.3764,5561.0111,1:32:41.01,10,"0,9,8,4,7,1,3,5,6,2",0:150;9:158;8:158;4:59;7:111;1:184;3:127;5:170;6:184;2:198,"0:[0,1,2,4,5,6,9,10,12,13,18,23,24,26,28];9:[0,1,2,4,5,6,9,10,11,12,13,18,24,25,26];8:[0,2,4,5,6,9,10,12,13,18,21,24,26,28,31];4:[2,4,6,13,26];7:[0,4,5,6,10,12,13,18,24,26,28];1:[0,1,2,4,5,6,9,10,11,12,13,16,18,21,23,24,26,28];3:[3,4,5,6,10,12,13,18,21,24,26,28];5:[0,1,2,4,5,6,9,10,12,13,18,20,21,23,24,26,28];6:[0,1,2,4,5,6,9,10,11,12,13,15,18,21,23,24,26,28];2:[0,1,2,4,5,6,9,10,12,13,18,20,21,22,23,24,26,27,28]","c0:bw=150,experts=[0,1,2,4,5,6,9,10,12,13,18,23,24,26,28]; c9:bw=158,experts=[0,1,2,4,5,6,9,10,11,12,13,18,24,25,26]; c8:bw=158,experts=[0,2,4,5,6,9,10,12,13,18,21,24,26,28,31]; c4:bw=59,experts=[2,4,6,13,26]; c7:bw=111,experts=[0,4,5,6,10,12,13,18,24,26,28]; c1:bw=184,experts=[0,1,2,4,5,6,9,10,11,12,13,16,18,21,23,24,26,28]; c3:bw=127,experts=[3,4,5,6,10,12,13,18,21,24,26,28]; c5:bw=170,experts=[0,1,2,4,5,6,9,10,12,13,18,20,21,23,24,26,28]; c6:bw=184,experts=[0,1,2,4,5,6,9,10,11,12,13,15,18,21,23,24,26,28]; c2:bw=198,experts=[0,1,2,4,5,6,9,10,12,13,18,20,21,22,23,24,26,27,28]","5.9138,4.3449,6.4460,8.1563,5.6688,5.3154,6.2930,7.5772,8.0671,4.5621"
98,2026-09-24 13:15:21,Ours,0.01,1.3229116985329885,66.16,66.78,97,64.8659,1:04.87,63.3175,0.1673,1.3792,5625.9225,1:33:45.92,10,"4,8,9,7,6,5,0,3,1,2",4:190;8:196;9:98;7:87;6:133;5:180;0:122;3:93;1:96;2:89,"4:[0,2,4,5,6,9,10,12,13,18,20,21,22,23,24,25,26,27,28];8:[0,1,2,4,5,6,8,9,10,11,12,13,18,21,23,24,25,26,28];9:[0,2,4,5,6,12,13,19,26];7:[0,2,4,6,13,18,24,26];6:[0,2,4,5,6,10,12,13,18,21,24,26,28];5:[0,2,4,5,6,9,10,12,13,16,18,20,21,22,23,24,26,28];0:[0,2,4,5,6,10,12,13,18,24,25,26];3:[4,5,6,12,13,24,26,28,29];1:[4,5,6,12,13,21,24,26,28];2:[2,4,5,6,11,13,18,26]","c4:bw=190,experts=[0,2,4,5,6,9,10,12,13,18,20,21,22,23,24,25,26,27,28]; c8:bw=196,experts=[0,1,2,4,5,6,8,9,10,11,12,13,18,21,23,24,25,26,28]; c9:bw=98,experts=[0,2,4,5,6,12,13,19,26]; c7:bw=87,experts=[0,2,4,6,13,18,24,26]; c6:bw=133,experts=[0,2,4,5,6,10,12,13,18,21,24,26,28]; c5:bw=180,experts=[0,2,4,5,6,9,10,12,13,16,18,20,21,22,23,24,26,28]; c0:bw=122,experts=[0,2,4,5,6,10,12,13,18,24,25,26]; c3:bw=93,experts=[4,5,6,12,13,24,26,28,29]; c1:bw=96,experts=[4,5,6,12,13,21,24,26,28]; c2:bw=89,experts=[2,4,5,6,11,13,18,26]","8.2385,6.2991,3.9952,5.7344,8.7684,8.0379,5.9859,6.4085,5.2882,4.5614"
99,2026-09-24 13:16:25,Ours,0.01,1.316972870174112,67.36,67.36,99,64.2618,1:04.26,62.7168,0.1676,1.3756,5690.228,1:34:50.23,10,"8,5,7,1,3,9,4,0,2,6",8:124;5:180;7:166;1:217;3:138;9:75;4:89;0:147;2:113;6:128,"8:[1,2,4,5,6,10,12,13,18,23,24,26];5:[0,1,2,4,5,6,9,10,12,13,18,20,21,23,24,26,27,28];7:[0,1,2,4,5,6,10,11,12,13,15,18,23,24,26,28];1:[0,1,2,4,5,6,9,10,11,12,13,16,18,20,21,23,24,26,27,28,31];3:[4,5,6,10,12,13,18,20,21,23,24,26,28];9:[0,2,4,6,13,26,30];4:[2,4,5,6,13,24,26,28];0:[0,4,5,6,10,12,13,18,20,21,23,24,26,28];2:[2,4,5,6,12,13,18,21,24,26,28];6:[0,2,4,5,6,12,13,18,21,24,26,28]","c8:bw=124,experts=[1,2,4,5,6,10,12,13,18,23,24,26]; c5:bw=180,experts=[0,1,2,4,5,6,9,10,12,13,18,20,21,23,24,26,27,28]; c7:bw=166,experts=[0,1,2,4,5,6,10,11,12,13,15,18,23,24,26,28]; c1:bw=217,experts=[0,1,2,4,5,6,9,10,11,12,13,16,18,20,21,23,24,26,27,28,31]; c3:bw=138,experts=[4,5,6,10,12,13,18,20,21,23,24,26,28]; c9:bw=75,experts=[0,2,4,6,13,26,30]; c4:bw=89,experts=[2,4,5,6,13,24,26,28]; c0:bw=147,experts=[0,4,5,6,10,12,13,18,20,21,23,24,26,28]; c2:bw=113,experts=[2,4,5,6,12,13,18,21,24,26,28]; c6:bw=128,experts=[0,2,4,5,6,12,13,18,21,24,26,28]","6.6489,7.6186,5.5812,5.3888,6.2387,4.3493,8.2362,5.8708,4.6091,8.1750"
100,2026-09-24 13:17:29,Ours,0.01,1.3172706318745175,66.69,67.36,99,63.6555,1:03.66,62.1324,0.1766,1.3447,5753.93,1:35:53.93,10,"2,8,9,5,6,1,4,7,3,0",2:111;8:162;9:194;5:68;6:162;1:63;4:239;7:25;3:152;0:236,"2:[4,5,6,10,12,13,18,21,24,26,28];8:[0,2,4,5,6,9,10,12,13,18,20,21,23,24,26,28];9:[0,2,4,5,6,9,10,12,13,18,20,21,22,23,24,25,26,27,28];5:[3,4,5,6,17,26];6:[0,1,2,4,5,6,8,10,11,12,13,18,21,24,26,28];1:[2,4,6,13,24,26];4:[0,1,2,4,5,6,8,9,10,11,12,13,14,15,16,18,21,23,24,25,26,27,28];7:[4,26];3:[4,5,6,9,10,12,13,18,19,20,21,23,24,26,28];0:[0,1,2,4,5,6,8,9,10,11,12,13,14,15,16,17,18,21,24,25,26,28,30]","c2:bw=111,experts=[4,5,6,10,12,13,18,21,24,26,28]; c8:bw=162,experts=[0,2,4,5,6,9,10,12,13,18,20,21,23,24,26,28]; c9:bw=194,experts=[0,2,4,5,6,9,10,12,13,18,20,21,22,23,24,25,26,27,28]; c5:bw=68,experts=[3,4,5,6,17,26]; c6:bw=162,experts=[0,1,2,4,5,6,8,10,11,12,13,18,21,24,26,28]; c1:bw=63,experts=[2,4,6,13,24,26]; c4:bw=239,experts=[0,1,2,4,5,6,8,9,10,11,12,13,14,15,16,18,21,23,24,25,26,27,28]; c7:bw=25,experts=[4,26]; c3:bw=152,experts=[4,5,6,9,10,12,13,18,19,20,21,23,24,26,28]; c0:bw=236,experts=[0,1,2,4,5,6,8,9,10,11,12,13,14,15,16,17,18,21,24,25,26,28,30]","4.5840,6.4713,4.3852,7.4807,8.0660,5.3325,8.2264,5.5247,6.2323,5.8291"
