Round,Timestamp,Method,LR,AvgLoss,TestAcc,BestAcc,BestRound,RoundTimeSec,RoundTimeHMS,LocalTrainTimeSec,AggTimeSec,EvalTimeSec,CumulativeTimeSec,CumulativeTimeHMS,NumClientsSelected,SelectedClients,Bandwidth,SelectedExperts,UploadDetail,ClientTrainTimesSec
1,2026-09-23 18:01:51,Ours,0.00208,3.8637264867745045,0.99,0.99,1,77.8126,1:17.81,65.5313,10.9485,1.3311,77.8126,1:17.81,10,"8,1,5,0,7,2,9,4,3,6",8:202;1:107;5:163;0:10;7:75;2:106;9:166;4:146;3:187;6:150,"8:[0,1,2,4,5,6,10,11,12,13,15,16,18,21,22,23,24,26,28,30];1:[0,1,2,4,5,6,13,23,24,26];5:[0,1,2,4,5,6,10,11,13,15,18,21,23,24,26,30];0:[13];7:[1,2,4,6,13,23,24];2:[0,1,2,4,5,6,13,23,24,26];9:[0,1,2,4,5,6,10,11,13,15,18,21,23,24,26,30];4:[0,1,2,4,5,6,13,15,18,21,23,24,26,30];3:[0,1,2,4,5,6,10,11,13,15,16,18,21,22,23,24,26,30];6:[0,1,2,4,5,6,11,13,15,18,21,23,24,26,30]","c8:bw=202,experts=[0,1,2,4,5,6,10,11,12,13,15,16,18,21,22,23,24,26,28,30]; c1:bw=107,experts=[0,1,2,4,5,6,13,23,24,26]; c5:bw=163,experts=[0,1,2,4,5,6,10,11,13,15,18,21,23,24,26,30]; c0:bw=10,experts=[13]; c7:bw=75,experts=[1,2,4,6,13,23,24]; c2:bw=106,experts=[0,1,2,4,5,6,13,23,24,26]; c9:bw=166,experts=[0,1,2,4,5,6,10,11,13,15,18,21,23,24,26,30]; c4:bw=146,experts=[0,1,2,4,5,6,13,15,18,21,23,24,26,30]; c3:bw=187,experts=[0,1,2,4,5,6,10,11,13,15,16,18,21,22,23,24,26,30]; c6:bw=150,experts=[0,1,2,4,5,6,11,13,15,18,21,23,24,26,30]","7.2438,5.6149,7.8800,6.0521,5.9358,5.1082,4.5680,8.2775,6.5660,8.2850"
2,2026-09-23 18:03:10,Ours,0.00406,3.544890027817768,1.01,1.01,2,78.7333,1:18.73,65.5939,11.8068,1.3303,156.6936,2:36.69,10,"0,1,8,5,3,4,7,9,6,2",0:130;1:152;8:177;5:251;3:246;4:109;7:202;9:170;6:62;2:79,"0:[0,1,2,4,5,6,10,11,13,18,21,24,26];1:[0,1,2,4,5,6,10,11,12,13,18,21,24,25,26];8:[0,1,2,4,5,6,9,10,11,12,13,18,21,24,25,26,28];5:[0,1,2,3,4,5,6,8,9,10,11,12,13,14,15,16,17,18,21,23,24,25,26,27,28];3:[0,1,2,4,5,6,8,9,10,11,12,13,14,15,16,17,18,21,23,24,25,26,27,28];4:[0,1,2,4,5,6,10,13,24,26];7:[0,1,2,4,5,6,8,9,10,11,12,13,15,18,21,23,24,25,26,28];9:[0,1,2,4,5,6,9,10,11,12,13,18,21,24,25,26,28];6:[4,5,6,10,13,26];2:[1,4,5,6,10,13,26]","c0:bw=130,experts=[0,1,2,4,5,6,10,11,13,18,21,24,26]; c1:bw=152,experts=[0,1,2,4,5,6,10,11,12,13,18,21,24,25,26]; c8:bw=177,experts=[0,1,2,4,5,6,9,10,11,12,13,18,21,24,25,26,28]; c5:bw=251,experts=[0,1,2,3,4,5,6,8,9,10,11,12,13,14,15,16,17,18,21,23,24,25,26,27,28]; c3:bw=246,experts=[0,1,2,4,5,6,8,9,10,11,12,13,14,15,16,17,18,21,23,24,25,26,27,28]; c4:bw=109,experts=[0,1,2,4,5,6,10,13,24,26]; c7:bw=202,experts=[0,1,2,4,5,6,8,9,10,11,12,13,15,18,21,23,24,25,26,28]; c9:bw=170,experts=[0,1,2,4,5,6,9,10,11,12,13,18,21,24,25,26,28]; c6:bw=62,experts=[4,5,6,10,13,26]; c2:bw=79,experts=[1,4,5,6,10,13,26]","5.8665,5.7988,6.6454,8.3274,6.8593,8.2603,5.7569,4.6652,8.2558,5.1581"
3,2026-09-23 18:04:28,Ours,0.006040000000000001,3.4115075671571886,1.16,1.16,3,78.3595,1:18.36,67.0047,10.0534,1.2995,235.0663,3:55.07,10,"9,2,0,6,8,5,3,7,1,4",9:174;2:152;0:182;6:146;8:110;5:49;3:94;7:120;1:49;4:190,"9:[0,1,2,4,5,6,9,10,11,12,13,18,21,24,25,26,28];2:[0,1,2,4,5,6,9,10,11,12,13,18,24,26,28];0:[0,1,2,4,5,6,9,10,11,12,13,18,21,24,25,26,27,28];6:[0,1,2,4,5,6,9,10,11,12,13,18,26,28];8:[0,1,2,4,5,6,9,10,13,18,26];5:[4,6,13,26];3:[1,2,4,5,6,9,10,13,26];7:[0,1,2,4,5,6,9,10,12,13,18,26];1:[4,6,13,26];4:[0,1,2,4,5,6,9,10,11,12,13,18,21,23,24,25,26,27,28]","c9:bw=174,experts=[0,1,2,4,5,6,9,10,11,12,13,18,21,24,25,26,28]; c2:bw=152,experts=[0,1,2,4,5,6,9,10,11,12,13,18,24,26,28]; c0:bw=182,experts=[0,1,2,4,5,6,9,10,11,12,13,18,21,24,25,26,27,28]; c6:bw=146,experts=[0,1,2,4,5,6,9,10,11,12,13,18,26,28]; c8:bw=110,experts=[0,1,2,4,5,6,9,10,13,18,26]; c5:bw=49,experts=[4,6,13,26]; c3:bw=94,experts=[1,2,4,5,6,9,10,13,26]; c7:bw=120,experts=[0,1,2,4,5,6,9,10,12,13,18,26]; c1:bw=49,experts=[4,6,13,26]; c4:bw=190,experts=[0,1,2,4,5,6,9,10,11,12,13,18,21,23,24,25,26,27,28]","4.7573,5.3717,6.1388,8.0312,6.8010,8.6550,6.7653,5.6769,5.9819,8.8255"
4,2026-09-23 18:05:50,Ours,0.00802,3.33027144937651,1.58,1.58,4,81.4486,1:21.45,68.1128,12.0353,1.2981,316.5288,5:16.53,10,"1,7,6,2,8,0,3,4,5,9",1:145;7:164;6:194;2:219;8:115;0:215;3:124;4:204;5:268;9:79,"1:[0,1,2,4,5,6,9,10,12,13,18,21,26,28];7:[0,1,2,4,5,6,9,10,11,12,13,18,21,26,27,28];6:[0,1,2,4,5,6,9,10,11,12,13,18,21,23,24,25,26,27,28];2:[0,1,2,4,5,6,8,9,10,11,12,13,17,18,21,23,24,25,26,27,28];8:[0,1,2,4,6,9,10,12,13,18,26];0:[0,1,2,4,5,6,8,9,10,11,12,13,17,18,21,23,24,25,26,27,28];3:[0,1,2,4,5,6,9,10,12,13,18,26];4:[0,1,2,4,5,6,8,9,10,11,12,13,18,21,23,24,25,26,27,28];5:[0,1,2,4,5,6,8,9,10,11,12,13,14,15,16,17,18,21,23,24,25,26,27,28,29,30];9:[4,6,10,12,13,18,26]","c1:bw=145,experts=[0,1,2,4,5,6,9,10,12,13,18,21,26,28]; c7:bw=164,experts=[0,1,2,4,5,6,9,10,11,12,13,18,21,26,27,28]; c6:bw=194,experts=[0,1,2,4,5,6,9,10,11,12,13,18,21,23,24,25,26,27,28]; c2:bw=219,experts=[0,1,2,4,5,6,8,9,10,11,12,13,17,18,21,23,24,25,26,27,28]; c8:bw=115,experts=[0,1,2,4,6,9,10,12,13,18,26]; c0:bw=215,experts=[0,1,2,4,5,6,8,9,10,11,12,13,17,18,21,23,24,25,26,27,28]; c3:bw=124,experts=[0,1,2,4,5,6,9,10,12,13,18,26]; c4:bw=204,experts=[0,1,2,4,5,6,8,9,10,11,12,13,18,21,23,24,25,26,27,28]; c5:bw=268,experts=[0,1,2,4,5,6,8,9,10,11,12,13,14,15,16,17,18,21,23,24,25,26,27,28,29,30]; c9:bw=79,experts=[4,6,10,12,13,18,26]","5.9753,5.7212,7.9706,5.3275,7.0710,6.5093,6.8799,9.1809,8.6870,4.7901"
5,2026-09-23 18:07:06,Ours,0.01,3.2834549480026047,1.84,1.84,5,76.328,1:16.33,63.951,11.0725,1.3026,392.87,6:32.87,10,"1,5,4,8,0,7,6,3,2,9",1:72;5:145;4:178;8:135;0:182;7:89;6:195;3:232;2:26;9:229,"1:[4,6,10,12,13,18,26];5:[0,1,2,4,5,6,9,10,11,12,13,18,21,26];4:[0,1,2,4,5,6,9,10,11,12,13,18,21,24,26,27,28];8:[0,1,2,4,5,6,9,10,11,12,13,18,26];0:[0,1,2,4,5,6,9,10,11,12,13,18,21,23,24,26,27,28];7:[0,4,6,10,12,13,18,26];6:[0,1,2,4,5,6,9,10,11,12,13,18,21,23,24,25,26,27,28];3:[0,1,2,4,5,6,8,9,10,11,12,13,16,17,18,21,23,24,25,26,27,28,29];2:[4,6];9:[0,1,2,4,5,6,8,9,10,11,12,13,16,18,21,23,24,25,26,27,28,29]","c1:bw=72,experts=[4,6,10,12,13,18,26]; c5:bw=145,experts=[0,1,2,4,5,6,9,10,11,12,13,18,21,26]; c4:bw=178,experts=[0,1,2,4,5,6,9,10,11,12,13,18,21,24,26,27,28]; c8:bw=135,experts=[0,1,2,4,5,6,9,10,11,12,13,18,26]; c0:bw=182,experts=[0,1,2,4,5,6,9,10,11,12,13,18,21,23,24,26,27,28]; c7:bw=89,experts=[0,4,6,10,12,13,18,26]; c6:bw=195,experts=[0,1,2,4,5,6,9,10,11,12,13,18,21,23,24,25,26,27,28]; c3:bw=232,experts=[0,1,2,4,5,6,8,9,10,11,12,13,16,17,18,21,23,24,25,26,27,28,29]; c2:bw=26,experts=[4,6]; c9:bw=229,experts=[0,1,2,4,5,6,8,9,10,11,12,13,16,18,21,23,24,25,26,27,28,29]","5.5144,7.8668,8.4535,6.6903,5.9510,5.7444,7.9644,6.2686,4.8985,4.5989"
6,2026-09-23 18:08:21,Ours,0.01,3.2491027311097205,2.06,2.06,6,74.7301,1:14.73,62.2767,11.1562,1.2952,467.6141,7:47.61,10,"8,2,5,7,3,1,9,0,4,6",8:245;2:152;5:100;7:213;3:133;1:118;9:176;0:114;4:64;6:74,"8:[0,1,2,4,5,6,8,9,10,11,12,13,14,17,18,19,21,23,24,25,26,27,28,29];2:[0,1,2,4,5,6,9,10,11,12,13,18,24,26,28];5:[0,4,6,9,10,11,12,13,18,26];7:[0,1,2,4,5,6,8,9,10,11,12,13,14,18,21,23,24,25,26,27,28];3:[0,1,4,5,6,9,10,11,12,13,18,24,26];1:[0,4,5,6,9,10,11,12,13,18,26];9:[0,1,2,4,5,6,9,10,11,12,13,18,21,24,25,26,28];0:[0,4,5,6,9,10,11,12,13,18,26];4:[0,4,6,12,13,26];6:[0,4,6,9,12,13,26]","c8:bw=245,experts=[0,1,2,4,5,6,8,9,10,11,12,13,14,17,18,19,21,23,24,25,26,27,28,29]; c2:bw=152,experts=[0,1,2,4,5,6,9,10,11,12,13,18,24,26,28]; c5:bw=100,experts=[0,4,6,9,10,11,12,13,18,26]; c7:bw=213,experts=[0,1,2,4,5,6,8,9,10,11,12,13,14,18,21,23,24,25,26,27,28]; c3:bw=133,experts=[0,1,4,5,6,9,10,11,12,13,18,24,26]; c1:bw=118,experts=[0,4,5,6,9,10,11,12,13,18,26]; c9:bw=176,experts=[0,1,2,4,5,6,9,10,11,12,13,18,21,24,25,26,28]; c0:bw=114,experts=[0,4,5,6,9,10,11,12,13,18,26]; c4:bw=64,experts=[0,4,6,12,13,26]; c6:bw=74,experts=[0,4,6,9,12,13,26]","6.4388,4.7490,7.5244,5.7343,6.2640,5.3299,4.4848,5.7259,8.0869,7.9387"
7,2026-09-23 18:09:34,Ours,0.01,3.210339333577841,3.81,3.81,7,73.4294,1:13.43,62.0258,10.0995,1.302,541.06,9:01.06,10,"0,5,2,6,3,7,4,1,8,9",0:132;5:178;2:146;6:48;3:97;7:113;4:50;1:35;8:210;9:10,"0:[0,1,4,5,6,9,10,11,12,13,18,24,26];5:[0,1,2,4,5,6,9,10,11,12,13,18,21,24,25,26,27];2:[0,1,4,5,6,9,10,11,12,13,18,21,24,26];6:[4,6,13,26];3:[0,4,6,9,11,12,13,18,26];7:[0,1,4,6,9,10,11,12,13,18,26];4:[4,6,12,13,26];1:[4,6,26];8:[0,1,2,4,5,6,8,9,10,11,12,13,18,21,23,24,25,26,27,28,29];9:[4]","c0:bw=132,experts=[0,1,4,5,6,9,10,11,12,13,18,24,26]; c5:bw=178,experts=[0,1,2,4,5,6,9,10,11,12,13,18,21,24,25,26,27]; c2:bw=146,experts=[0,1,4,5,6,9,10,11,12,13,18,21,24,26]; c6:bw=48,experts=[4,6,13,26]; c3:bw=97,experts=[0,4,6,9,11,12,13,18,26]; c7:bw=113,experts=[0,1,4,6,9,10,11,12,13,18,26]; c4:bw=50,experts=[4,6,12,13,26]; c1:bw=35,experts=[4,6,26]; c8:bw=210,experts=[0,1,2,4,5,6,8,9,10,11,12,13,18,21,23,24,25,26,27,28,29]; c9:bw=10,experts=[4]","5.7526,7.4849,4.7302,7.9414,6.2042,5.6684,8.0438,5.3110,6.4196,4.4698"
8,2026-09-23 18:10:48,Ours,0.01,3.1769771946938574,4.67,4.67,8,74.2431,1:14.24,62.2053,10.7557,1.2801,615.3199,10:15.32,10,"4,8,1,3,0,5,2,9,7,6",4:16;8:135;1:213;3:136;0:119;5:103;2:197;9:215;7:55;6:151,"4:[4];8:[0,2,4,5,6,8,10,11,12,13,18,25,26];1:[0,1,2,3,4,5,6,8,9,10,11,12,13,14,18,21,24,25,26,27,28];3:[2,4,5,6,8,10,11,12,13,18,21,25,26];0:[2,4,6,10,11,12,13,18,21,25,26];5:[2,4,6,10,11,12,13,18,25,26];2:[0,1,2,3,4,5,6,8,9,10,11,12,13,18,21,24,25,26,28];9:[0,1,2,3,4,5,6,8,9,10,11,12,13,14,16,18,21,24,25,26,28];7:[4,6,12,13,26];6:[0,2,4,5,6,8,9,10,11,12,13,18,21,25,26]","c4:bw=16,experts=[4]; c8:bw=135,experts=[0,2,4,5,6,8,10,11,12,13,18,25,26]; c1:bw=213,experts=[0,1,2,3,4,5,6,8,9,10,11,12,13,14,18,21,24,25,26,27,28]; c3:bw=136,experts=[2,4,5,6,8,10,11,12,13,18,21,25,26]; c0:bw=119,experts=[2,4,6,10,11,12,13,18,21,25,26]; c5:bw=103,experts=[2,4,6,10,11,12,13,18,25,26]; c2:bw=197,experts=[0,1,2,3,4,5,6,8,9,10,11,12,13,18,21,24,25,26,28]; c9:bw=215,experts=[0,1,2,3,4,5,6,8,9,10,11,12,13,14,16,18,21,24,25,26,28]; c7:bw=55,experts=[4,6,12,13,26]; c6:bw=151,experts=[0,2,4,5,6,8,9,10,11,12,13,18,21,25,26]","8.0266,6.4671,5.3214,6.2442,5.7561,7.4573,4.7554,4.5056,5.6617,8.0099"
9,2026-09-23 18:12:02,Ours,0.01,3.1358130616071387,5.48,5.48,9,73.8429,1:13.84,62.1978,10.3598,1.2833,689.1793,11:29.18,10,"2,0,4,9,8,6,7,5,1,3",2:78;0:192;4:218;9:96;8:66;6:114;7:168;5:192;1:53;3:84,"2:[4,6,11,12,13,18,26];0:[0,1,2,4,5,6,8,9,10,11,12,13,18,21,24,25,26,27,28];4:[0,1,2,4,5,6,8,9,10,11,12,13,16,18,21,23,24,25,26,27,28];9:[2,4,6,10,12,13,18,25,26];8:[4,6,12,13,18,26];6:[1,2,4,6,10,11,12,13,18,25,26];7:[0,1,2,4,5,6,8,10,11,12,13,18,21,24,25,26];5:[0,1,2,4,5,6,8,9,10,11,12,13,18,21,24,25,26,27,28];1:[4,6,12,13,26];3:[1,4,6,11,12,13,18,26]","c2:bw=78,experts=[4,6,11,12,13,18,26]; c0:bw=192,experts=[0,1,2,4,5,6,8,9,10,11,12,13,18,21,24,25,26,27,28]; c4:bw=218,experts=[0,1,2,4,5,6,8,9,10,11,12,13,16,18,21,23,24,25,26,27,28]; c9:bw=96,experts=[2,4,6,10,12,13,18,25,26]; c8:bw=66,experts=[4,6,12,13,18,26]; c6:bw=114,experts=[1,2,4,6,10,11,12,13,18,25,26]; c7:bw=168,experts=[0,1,2,4,5,6,8,10,11,12,13,18,21,24,25,26]; c5:bw=192,experts=[0,1,2,4,5,6,8,9,10,11,12,13,18,21,24,25,26,27,28]; c1:bw=53,experts=[4,6,12,13,26]; c3:bw=84,experts=[1,4,6,11,12,13,18,26]","4.7518,5.7373,8.0946,4.4799,6.4527,7.9758,5.6542,7.4901,5.3213,6.2403"
10,2026-09-23 18:13:17,Ours,0.01,3.099012381428937,5.3,5.48,9,75.0882,1:15.09,62.327,11.4475,1.3115,764.2845,12:44.28,10,"4,2,7,0,6,3,5,8,9,1",4:135;2:124;7:137;0:216;6:238;3:168;5:212;8:129;9:129;1:149,"4:[1,2,4,6,8,10,11,12,13,18,25,26,28];2:[1,2,4,6,10,11,12,13,18,25,26,28];7:[1,2,4,6,8,10,11,12,13,18,25,26,28];0:[0,1,2,4,5,6,8,9,10,11,12,13,14,16,18,21,24,25,26,28,30];6:[0,1,2,3,4,5,6,8,9,10,11,12,13,14,16,18,21,24,25,26,27,28,30];3:[0,1,2,4,5,6,8,10,11,12,13,18,24,25,26,28];5:[0,1,2,4,5,6,8,10,11,12,13,14,16,18,21,24,25,26,27,28,30];8:[1,2,4,6,8,10,11,13,18,25,26,28];9:[1,2,4,6,8,10,11,13,18,25,26,28];1:[1,2,4,6,8,10,11,12,13,18,24,25,26,28]","c4:bw=135,experts=[1,2,4,6,8,10,11,12,13,18,25,26,28]; c2:bw=124,experts=[1,2,4,6,10,11,12,13,18,25,26,28]; c7:bw=137,experts=[1,2,4,6,8,10,11,12,13,18,25,26,28]; c0:bw=216,experts=[0,1,2,4,5,6,8,9,10,11,12,13,14,16,18,21,24,25,26,28,30]; c6:bw=238,experts=[0,1,2,3,4,5,6,8,9,10,11,12,13,14,16,18,21,24,25,26,27,28,30]; c3:bw=168,experts=[0,1,2,4,5,6,8,10,11,12,13,18,24,25,26,28]; c5:bw=212,experts=[0,1,2,4,5,6,8,10,11,12,13,14,16,18,21,24,25,26,27,28,30]; c8:bw=129,experts=[1,2,4,6,8,10,11,13,18,25,26,28]; c9:bw=129,experts=[1,2,4,6,8,10,11,13,18,25,26,28]; c1:bw=149,experts=[1,2,4,6,8,10,11,12,13,18,24,25,26,28]","8.0749,4.7312,5.7236,5.7415,8.0199,6.2372,7.4750,6.4504,4.4735,5.3998"
11,2026-09-23 18:14:34,Ours,0.01,3.057122001134457,5.49,5.49,11,76.4044,1:16.40,64.0235,11.0616,1.3171,840.7044,14:00.70,10,"5,2,7,3,0,8,9,6,1,4",5:102;2:100;7:160;3:184;0:103;8:143;9:121;6:203;1:148;4:58,"5:[1,2,4,6,8,10,13,25,26,28];2:[1,2,4,6,8,10,13,25,26,28];7:[1,2,4,6,8,10,11,12,13,14,15,18,20,25,26,28];3:[0,1,2,4,5,6,8,10,11,12,13,14,15,18,24,25,26,28];0:[2,4,6,8,10,11,13,25,26,28];8:[1,2,4,6,8,10,13,14,15,24,25,26,28,31];9:[2,4,6,8,10,13,14,15,25,26,28,31];6:[1,2,4,6,8,10,11,12,13,14,15,16,18,20,21,24,25,26,28,31];1:[2,4,6,8,10,13,14,15,20,25,26,27,28,31];4:[4,6,13,26,28]","c5:bw=102,experts=[1,2,4,6,8,10,13,25,26,28]; c2:bw=100,experts=[1,2,4,6,8,10,13,25,26,28]; c7:bw=160,experts=[1,2,4,6,8,10,11,12,13,14,15,18,20,25,26,28]; c3:bw=184,experts=[0,1,2,4,5,6,8,10,11,12,13,14,15,18,24,25,26,28]; c0:bw=103,experts=[2,4,6,8,10,11,13,25,26,28]; c8:bw=143,experts=[1,2,4,6,8,10,13,14,15,24,25,26,28,31]; c9:bw=121,experts=[2,4,6,8,10,13,14,15,25,26,28,31]; c6:bw=203,experts=[1,2,4,6,8,10,11,12,13,14,15,16,18,20,21,24,25,26,28,31]; c1:bw=148,experts=[2,4,6,8,10,13,14,15,20,25,26,27,28,31]; c4:bw=58,experts=[4,6,13,26,28]","7.5855,4.8569,5.7518,6.7513,6.6733,6.4950,4.4937,7.9591,5.3419,8.1149"
12,2026-09-23 18:15:50,Ours,0.01,3.0163075731069036,5.75,5.75,12,76.046,1:16.05,63.069,11.67,1.3049,916.7665,15:16.77,10,"1,5,2,4,3,7,9,6,8,0",1:155;5:205;2:211;4:103;3:128;7:108;9:154;6:106;8:201;0:180,"1:[1,2,4,6,8,10,13,14,15,16,25,26,27,28,31];5:[0,1,2,4,5,6,8,10,11,12,13,14,15,16,18,24,25,26,28,31];2:[0,1,2,4,5,6,8,10,11,12,13,14,15,16,18,21,24,25,26,28,30];4:[2,4,6,8,10,11,13,25,26,28];3:[2,4,6,8,10,13,15,16,25,26,28,31];7:[2,4,6,8,11,13,15,25,26,28];9:[1,2,4,6,8,10,13,14,15,16,25,26,27,28,31];6:[2,4,6,8,13,16,25,26,28,31];8:[0,1,2,4,5,6,8,10,13,14,15,16,20,24,25,26,27,28,30,31];0:[1,2,4,5,6,8,10,11,13,14,15,16,22,25,26,27,28,31]","c1:bw=155,experts=[1,2,4,6,8,10,13,14,15,16,25,26,27,28,31]; c5:bw=205,experts=[0,1,2,4,5,6,8,10,11,12,13,14,15,16,18,24,25,26,28,31]; c2:bw=211,experts=[0,1,2,4,5,6,8,10,11,12,13,14,15,16,18,21,24,25,26,28,30]; c4:bw=103,experts=[2,4,6,8,10,11,13,25,26,28]; c3:bw=128,experts=[2,4,6,8,10,13,15,16,25,26,28,31]; c7:bw=108,experts=[2,4,6,8,11,13,15,25,26,28]; c9:bw=154,experts=[1,2,4,6,8,10,13,14,15,16,25,26,27,28,31]; c6:bw=106,experts=[2,4,6,8,13,16,25,26,28,31]; c8:bw=201,experts=[0,1,2,4,5,6,8,10,13,14,15,16,20,24,25,26,27,28,30,31]; c0:bw=180,experts=[1,2,4,5,6,8,10,11,13,14,15,16,22,25,26,27,28,31]","5.3739,7.5163,4.7884,8.1464,6.3562,5.7719,4.8172,7.9935,6.5163,5.7889"
13,2026-09-23 18:17:04,Ours,0.01,2.978704963870635,6.53,6.53,13,73.9143,1:13.91,62.4982,10.1265,1.2876,990.6988,16:30.70,10,"3,1,4,5,8,6,9,7,0,2",3:111;1:174;4:13;5:107;8:56;6:133;9:54;7:214;0:93;2:59,"3:[1,2,4,6,8,10,11,13,16,26,28];1:[1,2,4,6,8,10,11,13,14,15,16,24,25,26,27,28,31];4:[4];5:[2,4,6,8,13,15,16,26,28,31];8:[2,4,6,13,31];6:[2,4,6,8,10,13,14,15,16,25,26,28,31];9:[4,6,13,26,31];7:[0,1,2,4,5,6,8,10,11,13,14,15,16,18,24,25,26,27,28,30,31];0:[2,4,6,13,15,16,26,28,31];2:[4,6,13,26,28]","c3:bw=111,experts=[1,2,4,6,8,10,11,13,16,26,28]; c1:bw=174,experts=[1,2,4,6,8,10,11,13,14,15,16,24,25,26,27,28,31]; c4:bw=13,experts=[4]; c5:bw=107,experts=[2,4,6,8,13,15,16,26,28,31]; c8:bw=56,experts=[2,4,6,13,31]; c6:bw=133,experts=[2,4,6,8,10,13,14,15,16,25,26,28,31]; c9:bw=54,experts=[4,6,13,26,31]; c7:bw=214,experts=[0,1,2,4,5,6,8,10,11,13,14,15,16,18,24,25,26,27,28,30,31]; c0:bw=93,experts=[2,4,6,13,15,16,26,28,31]; c2:bw=59,experts=[4,6,13,26,28]","6.2969,5.3891,8.0488,7.5243,6.4914,7.9710,4.4590,5.7597,5.8014,4.7566"
14,2026-09-23 18:18:19,Ours,0.01,2.9300485767892495,7.7,7.7,14,75.2649,1:15.26,62.1921,11.7673,1.3034,1065.9824,17:45.98,10,"2,4,5,1,7,0,9,3,8,6",2:165;4:21;5:234;1:141;7:92;0:93;9:116;3:167;8:77;6:246,"2:[0,1,2,4,6,8,10,11,12,13,16,18,25,26,28,30];4:[4,6];5:[0,1,2,4,5,6,8,10,11,12,13,14,15,16,20,22,24,25,26,27,28,29,31];1:[1,2,4,6,8,13,14,15,16,24,26,27,28,31];7:[2,4,6,8,15,16,26,28,31];0:[2,4,6,13,15,16,26,28,31];9:[2,4,6,8,13,15,16,26,27,28,31];3:[1,2,4,6,8,10,11,12,13,14,15,16,18,26,28,31];8:[2,4,6,13,26,28,31];6:[0,1,2,4,5,6,8,10,11,12,13,14,15,16,17,18,21,22,24,25,26,28,30,31]","c2:bw=165,experts=[0,1,2,4,6,8,10,11,12,13,16,18,25,26,28,30]; c4:bw=21,experts=[4,6]; c5:bw=234,experts=[0,1,2,4,5,6,8,10,11,12,13,14,15,16,20,22,24,25,26,27,28,29,31]; c1:bw=141,experts=[1,2,4,6,8,13,14,15,16,24,26,27,28,31]; c7:bw=92,experts=[2,4,6,8,15,16,26,28,31]; c0:bw=93,experts=[2,4,6,13,15,16,26,28,31]; c9:bw=116,experts=[2,4,6,8,13,15,16,26,27,28,31]; c3:bw=167,experts=[1,2,4,6,8,10,11,12,13,14,15,16,18,26,28,31]; c8:bw=77,experts=[2,4,6,13,26,28,31]; c6:bw=246,experts=[0,1,2,4,5,6,8,10,11,12,13,14,15,16,17,18,21,22,24,25,26,28,30,31]","4.7331,8.1009,7.4803,5.3531,5.7166,5.7554,4.4748,6.2097,6.4468,7.9213"
15,2026-09-23 18:19:34,Ours,0.01,2.8910208131630992,9.37,9.37,15,74.5512,1:14.55,62.2824,10.968,1.2987,1140.5501,19:00.55,10,"7,0,1,8,3,2,4,5,9,6",7:216;0:75;1:52;8:190;3:38;2:193;4:171;5:65;9:71;6:120,"7:[0,1,2,4,5,6,8,10,12,13,14,15,16,22,24,25,26,27,28,30,31];0:[2,4,6,8,13,26,28];1:[4,6,27,28,31];8:[1,2,4,5,6,8,10,13,14,15,16,20,22,24,25,26,27,28,31];3:[4,6,26];2:[1,2,4,5,6,8,10,12,13,14,15,16,20,22,24,26,27,28,31];4:[1,2,4,6,8,12,13,14,15,16,20,22,26,27,28,29,31];5:[2,4,6,13,26,28];9:[2,4,6,16,26,28,31];6:[0,2,4,6,8,10,11,13,26,28,30,31]","c7:bw=216,experts=[0,1,2,4,5,6,8,10,12,13,14,15,16,22,24,25,26,27,28,30,31]; c0:bw=75,experts=[2,4,6,8,13,26,28]; c1:bw=52,experts=[4,6,27,28,31]; c8:bw=190,experts=[1,2,4,5,6,8,10,13,14,15,16,20,22,24,25,26,27,28,31]; c3:bw=38,experts=[4,6,26]; c2:bw=193,experts=[1,2,4,5,6,8,10,12,13,14,15,16,20,22,24,26,27,28,31]; c4:bw=171,experts=[1,2,4,6,8,12,13,14,15,16,20,22,26,27,28,29,31]; c5:bw=65,experts=[2,4,6,13,26,28]; c9:bw=71,experts=[2,4,6,16,26,28,31]; c6:bw=120,experts=[0,2,4,6,8,10,11,13,26,28,30,31]","5.6944,5.7643,5.3466,6.4703,6.2329,4.7472,8.1004,7.4833,4.4646,7.9784"
16,2026-09-23 18:20:49,Ours,0.01,2.849675827090766,11.86,11.86,16,75.1598,1:15.16,62.4459,11.4205,1.2915,1215.7272,20:15.73,10,"6,1,3,8,7,5,4,9,0,2",6:147;1:105;3:159;8:180;7:81;5:145;4:130;9:88;0:208;2:189,"6:[1,2,4,6,8,10,12,13,14,16,22,26,28,31];1:[2,4,6,13,15,16,26,27,28,31];3:[0,1,2,4,6,8,10,11,12,13,16,18,22,26,28];8:[1,2,4,6,8,10,12,13,14,15,16,22,24,25,26,27,28,31];7:[2,4,6,8,12,22,26,28];5:[2,4,6,8,12,13,14,15,16,22,26,27,28,31];4:[0,2,4,6,8,10,12,13,16,18,22,26,28];9:[2,4,6,16,26,27,28,31];0:[1,2,4,5,6,8,13,14,15,16,17,20,22,24,25,26,27,28,29,31];2:[0,1,2,4,6,8,10,12,13,14,15,16,18,22,25,26,28,31]","c6:bw=147,experts=[1,2,4,6,8,10,12,13,14,16,22,26,28,31]; c1:bw=105,experts=[2,4,6,13,15,16,26,27,28,31]; c3:bw=159,experts=[0,1,2,4,6,8,10,11,12,13,16,18,22,26,28]; c8:bw=180,experts=[1,2,4,6,8,10,12,13,14,15,16,22,24,25,26,27,28,31]; c7:bw=81,experts=[2,4,6,8,12,22,26,28]; c5:bw=145,experts=[2,4,6,8,12,13,14,15,16,22,26,27,28,31]; c4:bw=130,experts=[0,2,4,6,8,10,12,13,16,18,22,26,28]; c9:bw=88,experts=[2,4,6,16,26,27,28,31]; c0:bw=208,experts=[1,2,4,5,6,8,13,14,15,16,17,20,22,24,25,26,27,28,29,31]; c2:bw=189,experts=[0,1,2,4,6,8,10,12,13,14,15,16,18,22,25,26,28,31]","7.9588,5.3649,6.2964,6.4646,5.7322,7.5310,8.1113,4.5183,5.7413,4.7271"
17,2026-09-23 18:22:03,Ours,0.01,2.803645190374063,15.1,15.1,17,74.1666,1:14.17,62.3586,10.5102,1.296,1289.9132,21:29.91,10,"4,7,8,3,5,1,0,2,9,6",4:212;7:90;8:29;3:192;5:11;1:106;0:39;2:71;9:136;6:141,"4:[0,1,2,4,6,8,10,11,12,13,14,15,16,19,22,24,25,26,27,28,31];7:[2,4,6,8,12,16,22,26,28];8:[4,6];3:[0,1,2,4,6,8,10,12,13,14,16,18,19,22,24,25,26,28,30];5:[4];1:[2,4,6,8,14,16,26,27,28,31];0:[4,6,26];2:[4,6,8,12,26,28,31];9:[0,2,4,6,8,12,13,14,16,26,27,28,31];6:[1,2,4,6,8,12,13,14,16,22,26,27,28,31]","c4:bw=212,experts=[0,1,2,4,6,8,10,11,12,13,14,15,16,19,22,24,25,26,27,28,31]; c7:bw=90,experts=[2,4,6,8,12,16,22,26,28]; c8:bw=29,experts=[4,6]; c3:bw=192,experts=[0,1,2,4,6,8,10,12,13,14,16,18,19,22,24,25,26,28,30]; c5:bw=11,experts=[4]; c1:bw=106,experts=[2,4,6,8,14,16,26,27,28,31]; c0:bw=39,experts=[4,6,26]; c2:bw=71,experts=[4,6,8,12,26,28,31]; c9:bw=136,experts=[0,2,4,6,8,12,13,14,16,26,27,28,31]; c6:bw=141,experts=[1,2,4,6,8,12,13,14,16,22,26,27,28,31]","8.0727,5.7003,6.4928,6.2762,7.4886,5.3720,5.7646,4.7308,4.5035,7.9570"
18,2026-09-23 18:23:17,Ours,0.01,2.7661763694311334,15.65,15.65,18,74.1321,1:14.13,62.3032,10.5144,1.3096,1364.0631,22:44.06,10,"1,8,5,2,9,7,4,3,0,6",1:23;8:18;5:127;2:137;9:69;7:200;4:204;3:137;0:179;6:115,"1:[4,6];8:[4];5:[0,4,6,8,10,12,13,14,18,22,26,28];2:[0,4,6,8,10,12,13,14,18,22,24,26,28];9:[4,6,8,12,26,28];7:[0,1,2,4,6,8,10,11,12,13,14,16,18,19,22,24,25,26,28,30];4:[0,1,2,4,6,8,10,12,13,14,16,18,19,22,24,25,26,27,28,31];3:[0,2,4,6,8,10,12,13,14,18,22,26,28];0:[0,1,2,4,6,8,10,12,13,14,18,19,22,24,26,28,30];6:[0,2,4,6,8,10,12,13,14,26,28]","c1:bw=23,experts=[4,6]; c8:bw=18,experts=[4]; c5:bw=127,experts=[0,4,6,8,10,12,13,14,18,22,26,28]; c2:bw=137,experts=[0,4,6,8,10,12,13,14,18,22,24,26,28]; c9:bw=69,experts=[4,6,8,12,26,28]; c7:bw=200,experts=[0,1,2,4,6,8,10,11,12,13,14,16,18,19,22,24,25,26,28,30]; c4:bw=204,experts=[0,1,2,4,6,8,10,12,13,14,16,18,19,22,24,25,26,27,28,31]; c3:bw=137,experts=[0,2,4,6,8,10,12,13,14,18,22,26,28]; c0:bw=179,experts=[0,1,2,4,6,8,10,12,13,14,18,19,22,24,26,28,30]; c6:bw=115,experts=[0,2,4,6,8,10,12,13,14,26,28]","5.3441,6.4511,7.4888,4.8330,4.4991,5.6890,8.0731,6.2257,5.7631,7.9362"
19,2026-09-23 18:24:32,Ours,0.01,2.73123010122696,16.21,16.21,19,75.1621,1:15.16,62.2856,11.5645,1.3099,1439.2454,23:59.25,10,"8,0,4,1,9,5,7,2,6,3",8:205;0:154;4:188;1:169;9:140;5:106;7:82;2:52;6:241;3:145,"8:[0,1,2,4,6,8,10,12,13,14,16,18,19,22,24,25,26,27,28,31];0:[0,2,4,6,8,10,12,13,14,18,19,22,24,26,28];4:[0,1,2,4,5,6,8,10,12,13,14,18,19,22,24,26,28,30];1:[0,1,2,4,6,8,10,12,13,14,18,19,22,24,26,28];9:[0,2,4,6,8,12,13,14,16,24,26,27,28,31];5:[2,4,6,8,12,14,26,27,28,31];7:[0,4,6,8,12,22,26,28];2:[4,6,8,12,26];6:[0,1,2,4,5,6,8,10,12,13,14,15,16,18,19,21,22,24,25,26,28,29,30,31];3:[0,2,4,6,8,10,12,13,14,18,22,26,28,30]","c8:bw=205,experts=[0,1,2,4,6,8,10,12,13,14,16,18,19,22,24,25,26,27,28,31]; c0:bw=154,experts=[0,2,4,6,8,10,12,13,14,18,19,22,24,26,28]; c4:bw=188,experts=[0,1,2,4,5,6,8,10,12,13,14,18,19,22,24,26,28,30]; c1:bw=169,experts=[0,1,2,4,6,8,10,12,13,14,18,19,22,24,26,28]; c9:bw=140,experts=[0,2,4,6,8,12,13,14,16,24,26,27,28,31]; c5:bw=106,experts=[2,4,6,8,12,14,26,27,28,31]; c7:bw=82,experts=[0,4,6,8,12,22,26,28]; c2:bw=52,experts=[4,6,8,12,26]; c6:bw=241,experts=[0,1,2,4,5,6,8,10,12,13,14,15,16,18,19,21,22,24,25,26,28,29,30,31]; c3:bw=145,experts=[0,2,4,6,8,10,12,13,14,18,22,26,28,30]","6.4693,5.7696,8.1079,5.3678,4.4849,7.4871,5.7147,4.7742,7.8993,6.2108"
20,2026-09-23 18:25:48,Ours,0.01,2.6929185755666363,16.24,16.24,20,75.101,1:15.10,62.2771,11.4987,1.3199,1514.366,25:14.37,10,"0,2,1,9,7,6,3,5,4,8",0:101;2:151;1:147;9:61;7:157;6:248;3:67;5:13;4:217;8:184,"0:[0,4,6,8,10,12,18,22,26,28];2:[0,2,4,6,8,10,12,13,14,18,19,22,24,26,28];1:[0,2,4,6,8,10,12,13,14,18,22,24,26,28];9:[0,4,6,8,12,26];7:[0,2,4,6,8,10,12,13,14,18,19,22,24,26,28];6:[0,1,2,4,5,6,8,10,12,13,14,16,18,19,21,22,24,25,26,27,28,29,30,31];3:[0,4,6,8,12,26];5:[4];4:[0,1,2,4,5,6,7,8,10,12,13,14,18,19,21,22,23,24,26,28,30];8:[0,1,2,4,6,8,10,12,13,14,18,19,22,24,25,26,28,30]","c0:bw=101,experts=[0,4,6,8,10,12,18,22,26,28]; c2:bw=151,experts=[0,2,4,6,8,10,12,13,14,18,19,22,24,26,28]; c1:bw=147,experts=[0,2,4,6,8,10,12,13,14,18,22,24,26,28]; c9:bw=61,experts=[0,4,6,8,12,26]; c7:bw=157,experts=[0,2,4,6,8,10,12,13,14,18,19,22,24,26,28]; c6:bw=248,experts=[0,1,2,4,5,6,8,10,12,13,14,16,18,19,21,22,24,25,26,27,28,29,30,31]; c3:bw=67,experts=[0,4,6,8,12,26]; c5:bw=13,experts=[4]; c4:bw=217,experts=[0,1,2,4,5,6,7,8,10,12,13,14,18,19,21,22,23,24,26,28,30]; c8:bw=184,experts=[0,1,2,4,6,8,10,12,13,14,18,19,22,24,25,26,28,30]","5.7504,4.7585,5.3628,4.5085,5.7144,8.0104,6.2429,7.4316,8.0650,6.4327"
21,2026-09-23 18:27:02,Ours,0.01,2.6589851898346533,16.45,16.45,21,74.5812,1:14.58,62.3846,10.8704,1.3244,1588.9669,26:28.97,10,"1,2,7,4,8,5,0,3,6,9",1:150;2:145;7:46;4:175;8:67;5:118;0:243;3:27;6:57;9:93,"1:[0,1,2,4,6,8,10,12,13,14,18,22,24,26,28];2:[0,1,4,6,8,10,12,13,14,18,22,24,26,28];7:[0,4,6,26];4:[0,1,2,4,6,8,10,12,13,14,18,19,22,23,24,26,28];8:[0,4,6,8,12,26];5:[0,4,6,8,12,14,18,22,24,26,28];0:[0,1,2,4,5,6,7,8,9,10,12,13,14,18,19,21,22,23,24,25,26,28,29,30];3:[4,6];6:[0,4,6,12,26];9:[0,4,6,8,12,14,24,26,28]","c1:bw=150,experts=[0,1,2,4,6,8,10,12,13,14,18,22,24,26,28]; c2:bw=145,experts=[0,1,4,6,8,10,12,13,14,18,22,24,26,28]; c7:bw=46,experts=[0,4,6,26]; c4:bw=175,experts=[0,1,2,4,6,8,10,12,13,14,18,19,22,23,24,26,28]; c8:bw=67,experts=[0,4,6,8,12,26]; c5:bw=118,experts=[0,4,6,8,12,14,18,22,24,26,28]; c0:bw=243,experts=[0,1,2,4,5,6,7,8,9,10,12,13,14,18,19,21,22,23,24,25,26,28,29,30]; c3:bw=27,experts=[4,6]; c6:bw=57,experts=[0,4,6,12,26]; c9:bw=93,experts=[0,4,6,8,12,14,24,26,28]","5.3754,4.7565,5.6907,8.1159,6.4915,7.5142,5.7745,6.2434,7.9361,4.4863"
22,2026-09-23 18:28:17,Ours,0.01,2.622858668755286,16.55,16.55,22,74.9347,1:14.93,62.3033,11.3339,1.2957,1663.919,27:43.92,10,"7,9,1,6,5,2,0,4,3,8",7:59;9:120;1:24;6:224;5:61;2:242;0:245;4:133;3:204;8:120,"7:[0,4,6,12,26];9:[0,1,4,6,8,10,12,14,18,24,26,28];1:[4,6];6:[0,1,2,4,5,6,8,10,12,13,14,18,19,21,22,23,24,25,26,28,29,30];5:[0,4,6,8,12,26];2:[0,1,2,4,5,6,7,8,9,10,12,13,14,18,19,21,22,23,24,25,26,28,29,30];0:[0,1,2,4,5,6,7,8,9,10,12,13,14,18,19,21,22,23,24,25,26,28,29,30];4:[0,1,4,6,8,10,12,14,18,22,24,26,28];3:[0,1,2,4,5,6,7,8,10,12,13,14,18,19,21,22,24,26,28,29];8:[0,4,6,8,10,12,14,18,22,24,26,28]","c7:bw=59,experts=[0,4,6,12,26]; c9:bw=120,experts=[0,1,4,6,8,10,12,14,18,24,26,28]; c1:bw=24,experts=[4,6]; c6:bw=224,experts=[0,1,2,4,5,6,8,10,12,13,14,18,19,21,22,23,24,25,26,28,29,30]; c5:bw=61,experts=[0,4,6,8,12,26]; c2:bw=242,experts=[0,1,2,4,5,6,7,8,9,10,12,13,14,18,19,21,22,23,24,25,26,28,29,30]; c0:bw=245,experts=[0,1,2,4,5,6,7,8,9,10,12,13,14,18,19,21,22,23,24,25,26,28,29,30]; c4:bw=133,experts=[0,1,4,6,8,10,12,14,18,22,24,26,28]; c3:bw=204,experts=[0,1,2,4,5,6,7,8,10,12,13,14,18,19,21,22,24,26,28,29]; c8:bw=120,experts=[0,4,6,8,10,12,14,18,22,24,26,28]","5.7059,4.5041,5.3575,7.9908,7.5381,4.7554,5.7285,8.0637,6.2154,6.4438"
23,2026-09-23 18:29:32,Ours,0.01,2.588632651385372,17.8,17.8,23,74.8167,1:14.82,62.4807,11.0215,1.3126,1738.7537,28:58.75,10,"5,7,4,6,9,8,3,1,2,0",5:190;7:55;4:205;6:37;9:184;8:128;3:57;1:226;2:118;0:41,"5:[0,1,2,4,5,6,7,8,10,12,13,14,18,19,21,22,24,26,28];7:[0,4,6,12,26];4:[0,1,2,4,5,6,8,10,12,13,14,18,19,21,22,24,25,26,28,30];6:[4,6,26];9:[0,1,2,4,6,8,10,12,13,14,18,19,21,22,24,25,26,28];8:[0,1,4,6,8,10,12,18,22,24,26,28];3:[0,4,6,8,26];1:[0,1,2,4,5,6,8,9,10,12,13,14,18,19,21,22,24,25,26,28,29,31];2:[0,4,6,8,10,12,18,22,24,26,28];0:[0,4,6,26]","c5:bw=190,experts=[0,1,2,4,5,6,7,8,10,12,13,14,18,19,21,22,24,26,28]; c7:bw=55,experts=[0,4,6,12,26]; c4:bw=205,experts=[0,1,2,4,5,6,8,10,12,13,14,18,19,21,22,24,25,26,28,30]; c6:bw=37,experts=[4,6,26]; c9:bw=184,experts=[0,1,2,4,6,8,10,12,13,14,18,19,21,22,24,25,26,28]; c8:bw=128,experts=[0,1,4,6,8,10,12,18,22,24,26,28]; c3:bw=57,experts=[0,4,6,8,26]; c1:bw=226,experts=[0,1,2,4,5,6,8,9,10,12,13,14,18,19,21,22,24,25,26,28,29,31]; c2:bw=118,experts=[0,4,6,8,10,12,18,22,24,26,28]; c0:bw=41,experts=[0,4,6,26]","7.4447,5.6742,8.0967,8.0762,4.5231,6.4863,6.2771,5.3663,4.7493,5.7868"
24,2026-09-23 18:30:45,Ours,0.01,2.5707267170885073,20.42,20.42,24,73.0233,1:13.02,62.425,9.2975,1.2991,1811.794,30:11.79,10,"6,4,7,9,2,1,5,8,3,0",6:110;4:46;7:12;9:182;2:158;1:10;5:90;8:67;3:10;0:115,"6:[0,4,6,8,12,14,18,22,24,26,28];4:[0,4,6,26];7:[4];9:[0,1,2,4,6,8,10,12,13,14,18,19,21,22,24,25,26,28];2:[0,1,4,6,8,10,12,14,18,19,21,22,24,26,28];1:[4];5:[0,4,6,8,12,18,24,26,28];8:[0,4,6,8,12,26];3:[4];0:[0,4,6,8,12,14,18,22,24,26,28]","c6:bw=110,experts=[0,4,6,8,12,14,18,22,24,26,28]; c4:bw=46,experts=[0,4,6,26]; c7:bw=12,experts=[4]; c9:bw=182,experts=[0,1,2,4,6,8,10,12,13,14,18,19,21,22,24,25,26,28]; c2:bw=158,experts=[0,1,4,6,8,10,12,14,18,19,21,22,24,26,28]; c1:bw=10,experts=[4]; c5:bw=90,experts=[0,4,6,8,12,18,24,26,28]; c8:bw=67,experts=[0,4,6,8,12,26]; c3:bw=10,experts=[4]; c0:bw=115,experts=[0,4,6,8,12,14,18,22,24,26,28]","7.9651,8.0955,5.7076,4.5159,4.7652,5.3694,7.5102,6.5158,6.2306,5.7497"
25,2026-09-23 18:32:00,Ours,0.01,2.5347875525895853,20.84,20.84,25,75.1663,1:15.17,62.5158,11.3462,1.3023,1886.9782,31:26.98,10,"9,6,4,3,5,1,8,2,0,7",9:148;6:58;4:214;3:50;5:233;1:179;8:200;2:46;0:206;7:146,"9:[0,2,4,6,8,10,12,18,21,24,25,26,28,30];6:[0,4,6,12,26];4:[0,1,2,4,5,6,8,9,10,12,13,14,18,19,21,22,24,25,26,28,30];3:[0,4,6,12,26];5:[0,1,2,4,5,6,7,8,9,10,12,13,14,18,19,21,22,23,24,25,26,28,30];1:[0,1,2,4,6,8,10,12,14,18,19,21,22,24,26,28,31];8:[0,1,2,4,5,6,8,9,10,12,14,18,19,21,22,23,24,25,26,28];2:[0,4,6,26];0:[0,1,4,5,6,8,9,10,12,13,14,18,19,21,22,23,24,25,26,28];7:[0,1,4,6,8,10,12,14,18,21,22,24,26,28]","c9:bw=148,experts=[0,2,4,6,8,10,12,18,21,24,25,26,28,30]; c6:bw=58,experts=[0,4,6,12,26]; c4:bw=214,experts=[0,1,2,4,5,6,8,9,10,12,13,14,18,19,21,22,24,25,26,28,30]; c3:bw=50,experts=[0,4,6,12,26]; c5:bw=233,experts=[0,1,2,4,5,6,7,8,9,10,12,13,14,18,19,21,22,23,24,25,26,28,30]; c1:bw=179,experts=[0,1,2,4,6,8,10,12,14,18,19,21,22,24,26,28,31]; c8:bw=200,experts=[0,1,2,4,5,6,8,9,10,12,14,18,19,21,22,23,24,25,26,28]; c2:bw=46,experts=[0,4,6,26]; c0:bw=206,experts=[0,1,4,5,6,8,9,10,12,13,14,18,19,21,22,23,24,25,26,28]; c7:bw=146,experts=[0,1,4,6,8,10,12,14,18,21,22,24,26,28]","4.5031,8.0277,8.1388,6.2762,7.5278,5.4326,6.4699,4.7508,5.7488,5.6402"
26,2026-09-23 18:33:15,Ours,0.01,2.5046175327777407,24.18,24.18,26,74.6115,1:14.61,62.4405,10.8762,1.2929,1961.6087,32:41.61,10,"3,6,9,7,1,5,2,8,0,4",3:162;6:123;9:184;7:114;1:122;5:75;2:110;8:195;0:39;4:175,"3:[0,4,5,6,8,9,10,12,14,18,21,22,24,25,26,28];6:[0,4,6,8,9,10,12,18,21,24,26,28];9:[0,1,4,5,6,8,9,10,12,14,18,19,21,22,24,25,26,28];7:[0,4,6,8,9,12,18,21,24,26,28];1:[0,4,6,8,9,12,18,21,24,25,26,28];5:[0,4,6,8,12,26,28];2:[0,2,4,6,8,13,14,25,26,27,31];8:[0,1,4,5,6,8,9,10,12,14,18,19,21,22,23,24,25,26,28];0:[4,6,26];4:[0,1,4,6,8,9,10,12,14,18,19,21,22,24,25,26,28]","c3:bw=162,experts=[0,4,5,6,8,9,10,12,14,18,21,22,24,25,26,28]; c6:bw=123,experts=[0,4,6,8,9,10,12,18,21,24,26,28]; c9:bw=184,experts=[0,1,4,5,6,8,9,10,12,14,18,19,21,22,24,25,26,28]; c7:bw=114,experts=[0,4,6,8,9,12,18,21,24,26,28]; c1:bw=122,experts=[0,4,6,8,9,12,18,21,24,25,26,28]; c5:bw=75,experts=[0,4,6,8,12,26,28]; c2:bw=110,experts=[0,2,4,6,8,13,14,25,26,27,31]; c8:bw=195,experts=[0,1,4,5,6,8,9,10,12,14,18,19,21,22,23,24,25,26,28]; c0:bw=39,experts=[4,6,26]; c4:bw=175,experts=[0,1,4,6,8,9,10,12,14,18,19,21,22,24,25,26,28]","6.2811,7.9971,4.4955,5.7134,5.3968,7.5062,4.7592,6.4781,5.7889,8.0242"
27,2026-09-23 18:34:30,Ours,0.01,2.4760790749915578,24.88,24.88,27,75.4418,1:15.44,62.7049,11.4063,1.3287,2037.069,33:57.07,10,"7,1,4,0,9,2,8,3,6,5",7:188;1:227;4:45;0:131;9:66;2:73;8:202;3:77;6:231;5:134,"7:[0,1,4,5,6,8,9,10,12,14,18,19,21,22,24,25,26,28];1:[0,1,2,4,5,6,8,9,10,12,13,14,18,19,21,22,24,25,26,27,28,31];4:[4,6,8,26];0:[0,4,6,8,9,10,12,14,18,21,24,26,28];9:[0,2,4,6,26,31];2:[0,4,6,8,12,26,28];8:[0,1,2,4,5,6,8,9,10,12,14,18,19,21,22,23,24,25,26,28];3:[0,4,6,8,12,18,26];6:[0,1,2,4,5,6,8,9,10,11,12,13,14,18,19,21,22,23,24,25,26,28,30];5:[0,4,6,8,9,10,12,18,21,24,25,26,28]","c7:bw=188,experts=[0,1,4,5,6,8,9,10,12,14,18,19,21,22,24,25,26,28]; c1:bw=227,experts=[0,1,2,4,5,6,8,9,10,12,13,14,18,19,21,22,24,25,26,27,28,31]; c4:bw=45,experts=[4,6,8,26]; c0:bw=131,experts=[0,4,6,8,9,10,12,14,18,21,24,26,28]; c9:bw=66,experts=[0,2,4,6,26,31]; c2:bw=73,experts=[0,4,6,8,12,26,28]; c8:bw=202,experts=[0,1,2,4,5,6,8,9,10,12,14,18,19,21,22,23,24,25,26,28]; c3:bw=77,experts=[0,4,6,8,12,18,26]; c6:bw=231,experts=[0,1,2,4,5,6,8,9,10,11,12,13,14,18,19,21,22,23,24,25,26,28,30]; c5:bw=134,experts=[0,4,6,8,9,10,12,18,21,24,25,26,28]","5.7252,5.4001,8.1535,5.7721,4.5063,4.8035,6.5209,6.3057,8.0320,7.4856"
28,2026-09-23 18:35:43,Ours,0.01,2.445699365404852,25.8,25.8,28,73.2312,1:13.23,62.4254,9.5167,1.2874,2110.3193,35:10.32,10,"6,9,0,8,2,5,1,3,4,7",6:108;9:179;0:172;8:108;2:10;5:122;1:91;3:42;4:28;7:10,"6:[0,4,6,8,10,12,18,21,26,28];9:[0,4,5,6,8,9,10,12,14,18,19,21,22,24,25,26,28];0:[0,2,4,5,6,8,9,10,12,14,18,21,24,25,26,28,31];8:[0,4,6,8,9,10,12,18,26,28];2:[4];5:[0,4,6,8,9,10,12,18,21,24,26,28];1:[0,4,6,8,12,18,24,26,28];3:[0,4,6,26];4:[4,6];7:[4]","c6:bw=108,experts=[0,4,6,8,10,12,18,21,26,28]; c9:bw=179,experts=[0,4,5,6,8,9,10,12,14,18,19,21,22,24,25,26,28]; c0:bw=172,experts=[0,2,4,5,6,8,9,10,12,14,18,21,24,25,26,28,31]; c8:bw=108,experts=[0,4,6,8,9,10,12,18,26,28]; c2:bw=10,experts=[4]; c5:bw=122,experts=[0,4,6,8,9,10,12,18,21,24,26,28]; c1:bw=91,experts=[0,4,6,8,12,18,24,26,28]; c3:bw=42,experts=[0,4,6,26]; c4:bw=28,experts=[4,6]; c7:bw=10,experts=[4]","8.0094,4.5089,5.7625,6.4843,4.8318,7.5311,5.3530,6.2469,8.0238,5.6737"
29,2026-09-23 18:36:58,Ours,0.01,2.4289738308688866,27.64,27.64,29,75.0013,1:15.00,62.403,11.2794,1.3171,2185.34,36:25.34,10,"4,0,1,9,6,8,7,3,2,5",4:140;0:161;1:122;9:160;6:157;8:123;7:77;3:116;2:66;5:123,"4:[0,4,6,8,9,10,12,14,18,21,24,25,26,28];0:[0,2,4,6,8,9,10,12,18,19,21,22,24,25,26,28];1:[1,2,4,6,13,16,19,25,26,27,30,31];9:[0,2,4,6,8,9,10,12,13,15,24,25,26,28,30,31];6:[0,4,5,6,8,9,10,12,14,18,21,24,25,26,28];8:[0,4,6,8,10,12,18,21,24,25,26,28];7:[0,4,6,8,12,25,26];3:[0,4,6,8,10,12,18,21,24,26,28];2:[0,4,6,8,12,26];5:[0,4,6,8,9,10,12,18,21,24,26,28]","c4:bw=140,experts=[0,4,6,8,9,10,12,14,18,21,24,25,26,28]; c0:bw=161,experts=[0,2,4,6,8,9,10,12,18,19,21,22,24,25,26,28]; c1:bw=122,experts=[1,2,4,6,13,16,19,25,26,27,30,31]; c9:bw=160,experts=[0,2,4,6,8,9,10,12,13,15,24,25,26,28,30,31]; c6:bw=157,experts=[0,4,5,6,8,9,10,12,14,18,21,24,25,26,28]; c8:bw=123,experts=[0,4,6,8,10,12,18,21,24,25,26,28]; c7:bw=77,experts=[0,4,6,8,12,25,26]; c3:bw=116,experts=[0,4,6,8,10,12,18,21,24,26,28]; c2:bw=66,experts=[0,4,6,8,12,26]; c5:bw=123,experts=[0,4,6,8,9,10,12,18,21,24,26,28]","8.0860,5.7591,5.3770,4.5388,8.0177,6.5099,5.6987,6.2636,4.7194,7.4328"
30,2026-09-23 18:38:13,Ours,0.01,2.3959418712232026,28.54,28.54,30,74.9439,1:14.94,62.4324,11.2037,1.3059,2260.3055,37:40.31,10,"5,1,9,4,0,8,6,7,3,2",5:226;1:129;9:200;4:189;0:64;8:152;6:39;7:44;3:216;2:99,"5:[0,1,2,4,5,6,8,9,10,12,13,14,15,18,19,21,22,24,25,26,28,30];1:[0,4,6,8,12,14,18,21,24,25,26,28];9:[0,1,2,4,5,6,8,9,10,12,14,18,19,21,22,24,25,26,28,30];4:[0,2,4,5,6,8,9,10,12,18,19,21,22,24,25,26,28,30];0:[0,4,6,8,26,28];8:[0,4,6,8,9,10,12,18,19,21,22,24,25,26,28];6:[4,6,26];7:[0,4,6,26];3:[0,1,4,5,6,8,9,10,12,14,18,19,21,22,23,24,25,26,28,29,30];2:[0,4,6,8,10,12,18,26,28]","c5:bw=226,experts=[0,1,2,4,5,6,8,9,10,12,13,14,15,18,19,21,22,24,25,26,28,30]; c1:bw=129,experts=[0,4,6,8,12,14,18,21,24,25,26,28]; c9:bw=200,experts=[0,1,2,4,5,6,8,9,10,12,14,18,19,21,22,24,25,26,28,30]; c4:bw=189,experts=[0,2,4,5,6,8,9,10,12,18,19,21,22,24,25,26,28,30]; c0:bw=64,experts=[0,4,6,8,26,28]; c8:bw=152,experts=[0,4,6,8,9,10,12,18,19,21,22,24,25,26,28]; c6:bw=39,experts=[4,6,26]; c7:bw=44,experts=[0,4,6,26]; c3:bw=216,experts=[0,1,4,5,6,8,9,10,12,14,18,19,21,22,23,24,25,26,28,29,30]; c2:bw=99,experts=[0,4,6,8,10,12,18,26,28]","7.4957,5.3738,4.4892,8.1062,5.7614,6.5054,7.9974,5.7038,6.2278,4.7717"
31,2026-09-23 18:39:29,Ours,0.01,2.3709406556295685,28.78,28.78,31,75.209,1:15.21,62.5606,11.3525,1.294,2335.5352,38:55.54,10,"6,4,9,1,5,8,3,2,0,7",6:108;4:70;9:164;1:111;5:226;8:120;3:87;2:57;0:172;7:230,"6:[0,4,6,8,9,12,24,25,26,28];4:[0,4,6,8,12,18,26];9:[0,2,4,6,8,9,10,12,15,21,24,25,26,28,30,31];1:[0,4,6,8,9,10,12,18,25,26,28];5:[0,1,2,4,5,6,7,8,9,10,12,14,18,19,21,22,23,24,25,26,28,29];8:[0,4,6,8,9,10,12,18,24,25,26,28];3:[0,4,6,8,12,18,26,28];2:[2,4,6,26,31];0:[0,1,4,6,8,9,10,12,14,18,19,21,22,24,25,26,28];7:[0,1,2,4,5,6,7,8,9,10,12,14,18,19,21,22,23,24,25,26,28,29,30]","c6:bw=108,experts=[0,4,6,8,9,12,24,25,26,28]; c4:bw=70,experts=[0,4,6,8,12,18,26]; c9:bw=164,experts=[0,2,4,6,8,9,10,12,15,21,24,25,26,28,30,31]; c1:bw=111,experts=[0,4,6,8,9,10,12,18,25,26,28]; c5:bw=226,experts=[0,1,2,4,5,6,7,8,9,10,12,14,18,19,21,22,23,24,25,26,28,29]; c8:bw=120,experts=[0,4,6,8,9,10,12,18,24,25,26,28]; c3:bw=87,experts=[0,4,6,8,12,18,26,28]; c2:bw=57,experts=[2,4,6,26,31]; c0:bw=172,experts=[0,1,4,6,8,9,10,12,14,18,19,21,22,24,25,26,28]; c7:bw=230,experts=[0,1,2,4,5,6,7,8,9,10,12,14,18,19,21,22,23,24,25,26,28,29,30]","7.9811,8.1200,4.4983,5.3787,7.5250,6.4942,6.2677,4.7872,5.7980,5.7104"
32,2026-09-23 18:40:44,Ours,0.01,2.359833679679963,29.81,29.81,32,75.6731,1:15.67,62.5247,11.8422,1.3043,2411.2298,40:11.23,10,"8,5,4,7,0,1,3,6,2,9",8:79;5:130;4:178;7:171;0:167;1:77;3:103;6:98;2:197;9:115,"8:[0,3,4,6,7,8,26];5:[0,4,6,8,9,10,12,18,21,24,25,26,28];4:[0,3,4,5,6,8,9,10,12,14,17,18,21,24,25,26,28];7:[0,2,3,4,6,8,9,10,13,15,17,21,25,26,27,28,30];0:[0,3,4,6,8,9,10,12,14,18,19,21,24,25,26,28];1:[0,4,6,7,8,17,26];3:[0,3,4,6,8,12,18,20,26,28];6:[0,4,6,7,8,9,12,18,26];2:[0,1,4,5,6,8,9,10,12,14,18,19,21,22,24,25,26,28,29];9:[0,4,6,7,8,12,17,18,20,26,28]","c8:bw=79,experts=[0,3,4,6,7,8,26]; c5:bw=130,experts=[0,4,6,8,9,10,12,18,21,24,25,26,28]; c4:bw=178,experts=[0,3,4,5,6,8,9,10,12,14,17,18,21,24,25,26,28]; c7:bw=171,experts=[0,2,3,4,6,8,9,10,13,15,17,21,25,26,27,28,30]; c0:bw=167,experts=[0,3,4,6,8,9,10,12,14,18,19,21,24,25,26,28]; c1:bw=77,experts=[0,4,6,7,8,17,26]; c3:bw=103,experts=[0,3,4,6,8,12,18,20,26,28]; c6:bw=98,experts=[0,4,6,7,8,9,12,18,26]; c2:bw=197,experts=[0,1,4,5,6,8,9,10,12,14,18,19,21,22,24,25,26,28,29]; c9:bw=115,experts=[0,4,6,7,8,12,17,18,20,26,28]","6.5266,7.5116,8.0830,5.7011,5.7839,5.4484,6.2645,7.9596,4.7679,4.4781"
33,2026-09-23 18:42:00,Ours,0.01,2.3239436327796397,30.34,30.34,33,76.0383,1:16.04,62.5427,12.1839,1.3097,2487.2887,41:27.29,10,"7,1,3,6,5,9,2,8,4,0",7:192;1:126;3:256;6:135;5:108;9:152;2:86;8:182;4:165;0:229,"7:[0,1,2,4,5,6,8,9,10,12,14,18,19,21,23,24,25,26,28];1:[0,4,6,8,9,10,12,18,23,25,26,28];3:[0,1,2,4,5,6,7,8,9,10,11,12,13,14,15,18,19,21,23,24,25,26,27,28,30];6:[0,4,5,6,8,9,10,12,18,24,25,26,28];5:[0,4,6,8,9,12,18,25,26,28];9:[0,4,5,6,8,9,10,12,18,19,22,24,25,26,28];2:[0,4,6,8,9,12,18,26];8:[0,1,4,5,6,8,9,10,12,14,18,19,21,23,24,25,26,28];4:[0,1,2,4,6,8,9,10,12,18,19,21,24,25,26,28];0:[0,1,2,4,5,6,7,8,9,10,12,14,18,19,21,22,23,24,25,26,28,29]","c7:bw=192,experts=[0,1,2,4,5,6,8,9,10,12,14,18,19,21,23,24,25,26,28]; c1:bw=126,experts=[0,4,6,8,9,10,12,18,23,25,26,28]; c3:bw=256,experts=[0,1,2,4,5,6,7,8,9,10,11,12,13,14,15,18,19,21,23,24,25,26,27,28,30]; c6:bw=135,experts=[0,4,5,6,8,9,10,12,18,24,25,26,28]; c5:bw=108,experts=[0,4,6,8,9,12,18,25,26,28]; c9:bw=152,experts=[0,4,5,6,8,9,10,12,18,19,22,24,25,26,28]; c2:bw=86,experts=[0,4,6,8,9,12,18,26]; c8:bw=182,experts=[0,1,4,5,6,8,9,10,12,14,18,19,21,23,24,25,26,28]; c4:bw=165,experts=[0,1,2,4,6,8,9,10,12,18,19,21,24,25,26,28]; c0:bw=229,experts=[0,1,2,4,5,6,7,8,9,10,12,14,18,19,21,22,23,24,25,26,28,29]","5.6926,5.3946,6.2911,8.0636,7.4987,4.5130,4.7538,6.4999,8.0722,5.7633"
34,2026-09-23 18:43:17,Ours,0.01,2.3060291075258297,31.84,31.84,34,76.6862,1:16.69,62.6029,12.7782,1.3031,2563.9959,42:44.00,10,"4,1,6,9,8,0,5,7,3,2",4:169;1:170;6:176;9:248;8:153;0:82;5:219;7:119;3:265;2:197,"4:[0,4,5,6,8,9,10,12,18,19,21,22,24,25,26,28];1:[0,2,4,6,8,9,13,15,16,19,22,25,26,27,28,30,31];6:[0,4,5,6,8,9,10,12,14,18,19,21,22,24,25,26,28];9:[0,1,2,4,5,6,8,9,10,12,13,14,15,18,19,21,22,23,24,25,26,28,29,31];8:[0,4,5,6,8,9,10,12,18,19,22,24,25,26,28];0:[0,4,6,8,9,18,25,26];5:[0,2,3,4,5,6,8,9,10,12,14,18,19,21,22,23,24,25,26,28,29];7:[0,4,6,8,9,12,18,24,25,26,28];3:[0,1,2,4,5,6,8,9,10,11,12,13,14,16,18,19,21,22,23,24,25,26,28,29,30,31];2:[0,2,4,5,6,8,9,10,12,18,19,21,22,23,24,25,26,28,30]","c4:bw=169,experts=[0,4,5,6,8,9,10,12,18,19,21,22,24,25,26,28]; c1:bw=170,experts=[0,2,4,6,8,9,13,15,16,19,22,25,26,27,28,30,31]; c6:bw=176,experts=[0,4,5,6,8,9,10,12,14,18,19,21,22,24,25,26,28]; c9:bw=248,experts=[0,1,2,4,5,6,8,9,10,12,13,14,15,18,19,21,22,23,24,25,26,28,29,31]; c8:bw=153,experts=[0,4,5,6,8,9,10,12,18,19,22,24,25,26,28]; c0:bw=82,experts=[0,4,6,8,9,18,25,26]; c5:bw=219,experts=[0,2,3,4,5,6,8,9,10,12,14,18,19,21,22,23,24,25,26,28,29]; c7:bw=119,experts=[0,4,6,8,9,12,18,24,25,26,28]; c3:bw=265,experts=[0,1,2,4,5,6,8,9,10,11,12,13,14,16,18,19,21,22,23,24,25,26,28,29,30,31]; c2:bw=197,experts=[0,2,4,5,6,8,9,10,12,18,19,21,22,23,24,25,26,28,30]","8.0947,5.3804,8.0470,4.5173,6.5196,5.7807,7.4880,5.7410,6.2795,4.7548"
35,2026-09-23 18:44:32,Ours,0.01,2.2878542106424833,33.26,33.26,35,75.3083,1:15.31,62.6729,11.3604,1.2732,2639.3252,43:59.33,10,"4,0,1,6,2,8,9,7,5,3",4:120;0:74;1:112;6:160;2:167;8:182;9:99;7:175;5:149;3:88,"4:[0,4,6,8,9,10,12,18,24,25,26,28];0:[0,4,6,8,9,18,26];1:[0,4,6,8,9,10,12,18,25,26,28];6:[0,4,5,6,8,9,10,12,18,19,21,22,24,25,26,28];2:[0,4,5,6,8,9,10,12,18,19,21,22,24,25,26,28];8:[0,2,3,4,6,8,10,13,15,16,19,21,25,26,27,28,30,31];9:[0,4,6,8,9,12,18,25,26];7:[0,2,4,5,6,8,9,10,12,14,18,19,21,24,25,26,28];5:[0,4,6,8,9,10,12,18,19,21,24,25,26,28];3:[0,2,4,6,8,25,26,31]","c4:bw=120,experts=[0,4,6,8,9,10,12,18,24,25,26,28]; c0:bw=74,experts=[0,4,6,8,9,18,26]; c1:bw=112,experts=[0,4,6,8,9,10,12,18,25,26,28]; c6:bw=160,experts=[0,4,5,6,8,9,10,12,18,19,21,22,24,25,26,28]; c2:bw=167,experts=[0,4,5,6,8,9,10,12,18,19,21,22,24,25,26,28]; c8:bw=182,experts=[0,2,3,4,6,8,10,13,15,16,19,21,25,26,27,28,30,31]; c9:bw=99,experts=[0,4,6,8,9,12,18,25,26]; c7:bw=175,experts=[0,2,4,5,6,8,9,10,12,14,18,19,21,24,25,26,28]; c5:bw=149,experts=[0,4,6,8,9,10,12,18,19,21,24,25,26,28]; c3:bw=88,experts=[0,2,4,6,8,25,26,31]","8.2533,5.7587,5.3945,8.0392,4.7756,6.5307,4.5059,5.7125,7.4958,6.2069"
36,2026-09-23 18:45:48,Ours,0.01,2.2631194678790556,33.58,33.58,36,75.9792,1:15.98,62.4915,12.2101,1.2757,2715.3257,45:15.33,10,"9,0,3,7,6,5,1,4,8,2",9:137;0:132;3:219;7:100;6:158;5:180;1:31;4:272;8:188;2:185,"9:[0,4,6,8,9,10,12,18,19,24,25,26,28];0:[0,4,6,8,9,10,12,18,19,24,25,26,28];3:[0,2,4,5,6,8,9,10,12,14,18,19,21,22,23,24,25,26,28,29,31];7:[0,4,6,8,9,12,18,25,26,28];6:[0,2,4,5,6,8,9,10,12,18,21,24,25,26,28];5:[0,4,6,8,9,10,12,14,17,18,19,21,22,24,25,26,28,31];1:[4,6,26];4:[0,1,2,4,5,6,8,9,10,11,12,13,14,15,16,18,19,21,22,23,24,25,26,28,29,30,31];8:[0,2,4,6,8,9,10,11,13,14,15,16,24,25,26,28,30,31];2:[0,2,4,5,6,8,9,10,12,17,18,19,21,24,25,26,28,30]","c9:bw=137,experts=[0,4,6,8,9,10,12,18,19,24,25,26,28]; c0:bw=132,experts=[0,4,6,8,9,10,12,18,19,24,25,26,28]; c3:bw=219,experts=[0,2,4,5,6,8,9,10,12,14,18,19,21,22,23,24,25,26,28,29,31]; c7:bw=100,experts=[0,4,6,8,9,12,18,25,26,28]; c6:bw=158,experts=[0,2,4,5,6,8,9,10,12,18,21,24,25,26,28]; c5:bw=180,experts=[0,4,6,8,9,10,12,14,17,18,19,21,22,24,25,26,28,31]; c1:bw=31,experts=[4,6,26]; c4:bw=272,experts=[0,1,2,4,5,6,8,9,10,11,12,13,14,15,16,18,19,21,22,23,24,25,26,28,29,30,31]; c8:bw=188,experts=[0,2,4,6,8,9,10,11,13,14,15,16,24,25,26,28,30,31]; c2:bw=185,experts=[0,2,4,5,6,8,9,10,12,17,18,19,21,24,25,26,28,30]","4.5146,5.7846,6.3232,5.7179,8.0239,7.5018,5.3555,8.0593,6.4814,4.7293"
37,2026-09-23 18:47:04,Ours,0.01,2.2407546202662685,34.55,34.55,37,75.7544,1:15.75,62.4897,11.9619,1.3008,2791.102,46:31.10,10,"1,5,2,6,4,7,9,0,3,8",1:67;5:143;2:132;6:239;4:144;7:153;9:146;0:199;3:132;8:21,"1:[0,4,6,8,9,26];5:[0,4,6,8,9,10,12,18,19,21,24,25,26,28];2:[0,4,6,8,9,10,12,18,19,24,25,26,28];6:[0,2,4,5,6,7,8,9,10,12,15,17,18,19,21,22,23,24,25,26,28,29,31];4:[0,4,5,6,8,9,10,12,18,19,24,25,26,28];7:[0,4,6,8,9,10,12,18,19,21,22,24,25,26,28];9:[0,2,4,6,8,9,10,12,18,24,25,26,28,30];0:[0,1,4,5,6,8,9,10,12,14,18,19,21,22,24,25,26,28,29];3:[0,2,4,6,8,11,16,17,22,25,26,28,30];8:[4,6]","c1:bw=67,experts=[0,4,6,8,9,26]; c5:bw=143,experts=[0,4,6,8,9,10,12,18,19,21,24,25,26,28]; c2:bw=132,experts=[0,4,6,8,9,10,12,18,19,24,25,26,28]; c6:bw=239,experts=[0,2,4,5,6,7,8,9,10,12,15,17,18,19,21,22,23,24,25,26,28,29,31]; c4:bw=144,experts=[0,4,5,6,8,9,10,12,18,19,24,25,26,28]; c7:bw=153,experts=[0,4,6,8,9,10,12,18,19,21,22,24,25,26,28]; c9:bw=146,experts=[0,2,4,6,8,9,10,12,18,24,25,26,28,30]; c0:bw=199,experts=[0,1,4,5,6,8,9,10,12,14,18,19,21,22,24,25,26,28,29]; c3:bw=132,experts=[0,2,4,6,8,11,16,17,22,25,26,28,30]; c8:bw=21,experts=[4,6]","5.3534,7.5283,4.7520,8.0316,8.1096,5.7126,4.5306,5.7602,6.2604,6.4511"
38,2026-09-23 18:48:18,Ours,0.01,2.2170713950118026,35.45,35.45,38,74.2051,1:14.21,62.2444,10.6796,1.2794,2865.3293,47:45.33,10,"8,6,4,1,5,2,3,7,9,0",8:168;6:62;4:190;1:113;5:10;2:11;3:139;7:187;9:94;0:148,"8:[0,4,5,6,8,9,10,12,17,18,19,21,24,25,26,28];6:[2,4,6,8,21,26];4:[0,1,4,5,6,8,9,10,12,14,18,19,21,22,23,24,25,26,28];1:[0,4,6,8,9,10,12,18,25,26,28];5:[4];2:[4];3:[0,2,4,6,8,9,13,14,16,24,25,26,28];7:[0,1,4,5,6,8,9,10,12,14,18,19,21,22,24,25,26,28];9:[0,4,6,8,9,12,18,25,26];0:[0,4,6,8,9,10,12,18,19,21,24,25,26,28]","c8:bw=168,experts=[0,4,5,6,8,9,10,12,17,18,19,21,24,25,26,28]; c6:bw=62,experts=[2,4,6,8,21,26]; c4:bw=190,experts=[0,1,4,5,6,8,9,10,12,14,18,19,21,22,23,24,25,26,28]; c1:bw=113,experts=[0,4,6,8,9,10,12,18,25,26,28]; c5:bw=10,experts=[4]; c2:bw=11,experts=[4]; c3:bw=139,experts=[0,2,4,6,8,9,13,14,16,24,25,26,28]; c7:bw=187,experts=[0,1,4,5,6,8,9,10,12,14,18,19,21,22,24,25,26,28]; c9:bw=94,experts=[0,4,6,8,9,12,18,25,26]; c0:bw=148,experts=[0,4,6,8,9,10,12,18,19,21,24,25,26,28]","6.5020,7.9922,8.1040,5.4186,7.4541,4.7239,6.2365,5.6589,4.4618,5.6923"
39,2026-09-23 18:49:34,Ours,0.01,2.194433756350724,35.35,35.45,38,75.3173,1:15.32,62.2509,11.767,1.2975,2940.669,49:00.67,10,"3,0,1,7,6,8,2,4,9,5",3:96;0:11;1:164;7:146;6:112;8:164;2:132;4:131;9:87;5:274,"3:[0,4,6,8,9,12,18,26,28];0:[4];1:[0,2,4,6,8,9,13,15,16,19,21,24,25,26,28,31];7:[0,4,6,8,9,10,12,18,19,22,24,25,26,28];6:[0,4,6,8,9,10,12,18,25,26,28];8:[0,4,6,8,9,10,12,14,18,19,22,24,25,26,28,29];2:[0,2,4,6,8,9,10,12,18,24,25,26,28];4:[0,4,6,8,9,10,12,18,19,24,25,26,28];9:[0,4,6,8,9,18,25,26];5:[0,1,2,4,5,6,7,8,9,10,11,12,13,14,16,18,19,21,22,23,24,25,26,28,29,30,31]","c3:bw=96,experts=[0,4,6,8,9,12,18,26,28]; c0:bw=11,experts=[4]; c1:bw=164,experts=[0,2,4,6,8,9,13,15,16,19,21,24,25,26,28,31]; c7:bw=146,experts=[0,4,6,8,9,10,12,18,19,22,24,25,26,28]; c6:bw=112,experts=[0,4,6,8,9,10,12,18,25,26,28]; c8:bw=164,experts=[0,4,6,8,9,10,12,14,18,19,22,24,25,26,28,29]; c2:bw=132,experts=[0,2,4,6,8,9,10,12,18,24,25,26,28]; c4:bw=131,experts=[0,4,6,8,9,10,12,18,19,24,25,26,28]; c9:bw=87,experts=[0,4,6,8,9,18,25,26]; c5:bw=274,experts=[0,1,2,4,5,6,7,8,9,10,11,12,13,14,16,18,19,21,22,23,24,25,26,28,29,30,31]","6.2679,5.7398,5.3390,5.7297,7.9695,6.4690,4.7374,8.0788,4.4689,7.4508"
40,2026-09-23 18:50:49,Ours,0.01,2.1795024977341315,36.6,36.6,40,75.194,1:15.19,62.2323,11.6634,1.2963,3015.8863,50:15.89,10,"8,1,5,6,2,7,3,4,9,0",8:95;1:154;5:116;6:170;2:238;7:243;3:24;4:70;9:145;0:131,"8:[0,4,6,8,9,12,18,25,26];1:[0,2,3,4,6,8,9,10,12,18,19,21,25,26,28];5:[0,4,6,8,9,10,12,18,19,25,26];6:[0,4,5,6,8,9,10,12,14,18,19,21,22,24,25,26,28];2:[0,1,3,4,5,6,8,9,10,11,12,14,16,18,19,21,22,23,24,25,26,28,30];7:[0,1,4,5,6,7,8,9,10,11,12,14,16,18,19,21,22,23,24,25,26,28,30,31];3:[4,6];4:[0,4,6,8,9,18,26];9:[0,3,4,6,8,9,10,12,18,19,24,25,26,28];0:[0,4,6,8,9,10,12,18,19,21,25,26,28]","c8:bw=95,experts=[0,4,6,8,9,12,18,25,26]; c1:bw=154,experts=[0,2,3,4,6,8,9,10,12,18,19,21,25,26,28]; c5:bw=116,experts=[0,4,6,8,9,10,12,18,19,25,26]; c6:bw=170,experts=[0,4,5,6,8,9,10,12,14,18,19,21,22,24,25,26,28]; c2:bw=238,experts=[0,1,3,4,5,6,8,9,10,11,12,14,16,18,19,21,22,23,24,25,26,28,30]; c7:bw=243,experts=[0,1,4,5,6,7,8,9,10,11,12,14,16,18,19,21,22,23,24,25,26,28,30,31]; c3:bw=24,experts=[4,6]; c4:bw=70,experts=[0,4,6,8,9,18,26]; c9:bw=145,experts=[0,3,4,6,8,9,10,12,18,19,24,25,26,28]; c0:bw=131,experts=[0,4,6,8,9,10,12,18,19,21,25,26,28]","6.4847,5.3004,7.4867,7.9715,4.7735,5.6806,6.2604,8.0652,4.4880,5.7213"
41,2026-09-23 18:52:04,Ours,0.01,2.1627093172876637,36.93,36.93,41,75.172,1:15.17,62.3379,11.5349,1.2973,3091.0816,51:31.08,10,"2,6,8,1,4,5,7,3,9,0",2:196;6:10;8:207;1:29;4:185;5:224;7:250;3:146;9:196;0:10,"2:[0,2,4,6,8,9,10,12,14,16,18,19,21,24,25,26,28,30,31];6:[4];8:[0,4,5,6,8,9,10,12,14,16,18,19,21,22,23,24,25,26,28,31];1:[4,6];4:[0,4,6,8,9,10,12,14,16,18,19,21,22,24,25,26,28,31];5:[0,1,4,5,6,8,9,10,12,14,16,18,19,21,22,23,24,25,26,28,30,31];7:[0,1,2,4,5,6,7,8,9,10,11,12,14,16,18,19,21,22,23,24,25,26,28,30,31];3:[0,4,6,8,9,10,12,18,19,21,24,25,26,28];9:[0,4,5,6,8,9,10,12,14,16,18,19,21,22,23,24,25,26,28];0:[4]","c2:bw=196,experts=[0,2,4,6,8,9,10,12,14,16,18,19,21,24,25,26,28,30,31]; c6:bw=10,experts=[4]; c8:bw=207,experts=[0,4,5,6,8,9,10,12,14,16,18,19,21,22,23,24,25,26,28,31]; c1:bw=29,experts=[4,6]; c4:bw=185,experts=[0,4,6,8,9,10,12,14,16,18,19,21,22,24,25,26,28,31]; c5:bw=224,experts=[0,1,4,5,6,8,9,10,12,14,16,18,19,21,22,23,24,25,26,28,30,31]; c7:bw=250,experts=[0,1,2,4,5,6,7,8,9,10,11,12,14,16,18,19,21,22,23,24,25,26,28,30,31]; c3:bw=146,experts=[0,4,6,8,9,10,12,18,19,21,24,25,26,28]; c9:bw=196,experts=[0,4,5,6,8,9,10,12,14,16,18,19,21,22,23,24,25,26,28]; c0:bw=10,experts=[4]","4.7704,7.9909,6.4764,5.3749,8.1048,7.4984,5.7145,6.2427,4.4738,5.6912"
42,2026-09-23 18:53:20,Ours,0.01,2.138721924281599,37.98,37.98,42,75.3139,1:15.31,62.4675,11.5473,1.2971,3166.4208,52:46.42,10,"5,1,3,9,6,0,7,4,8,2",5:185;1:179;3:177;9:186;6:125;0:54;7:73;4:200;8:154;2:147,"5:[0,2,4,6,7,8,9,10,12,14,18,21,22,23,24,25,26,28];1:[0,2,4,6,8,9,12,16,18,19,21,22,24,25,26,28,31];3:[0,2,4,6,8,9,10,11,12,16,18,19,24,25,26,28,30];9:[0,4,6,8,9,10,11,12,14,16,18,19,21,22,24,25,26,28];6:[0,2,3,4,6,8,9,10,18,21,25,26];0:[2,4,6,8,26];7:[0,4,6,8,9,18,26];4:[0,4,5,6,7,8,9,10,12,14,16,18,19,21,22,23,24,25,26,28];8:[0,4,6,7,8,9,10,12,18,19,21,24,25,26,28];2:[0,4,6,8,9,10,12,18,19,22,24,25,26,28]","c5:bw=185,experts=[0,2,4,6,7,8,9,10,12,14,18,21,22,23,24,25,26,28]; c1:bw=179,experts=[0,2,4,6,8,9,12,16,18,19,21,22,24,25,26,28,31]; c3:bw=177,experts=[0,2,4,6,8,9,10,11,12,16,18,19,24,25,26,28,30]; c9:bw=186,experts=[0,4,6,8,9,10,11,12,14,16,18,19,21,22,24,25,26,28]; c6:bw=125,experts=[0,2,3,4,6,8,9,10,18,21,25,26]; c0:bw=54,experts=[2,4,6,8,26]; c7:bw=73,experts=[0,4,6,8,9,18,26]; c4:bw=200,experts=[0,4,5,6,7,8,9,10,12,14,16,18,19,21,22,23,24,25,26,28]; c8:bw=154,experts=[0,4,6,7,8,9,10,12,18,19,21,24,25,26,28]; c2:bw=147,experts=[0,4,6,8,9,10,12,18,19,22,24,25,26,28]","7.5080,5.3842,6.2720,4.5070,8.0643,5.7931,5.6792,8.0952,6.4601,4.7043"
43,2026-09-23 18:54:35,Ours,0.01,2.1185693371453147,39.02,39.02,43,75.5247,1:15.52,62.3947,11.8323,1.2957,3241.9691,54:01.97,10,"5,1,2,8,9,7,4,6,3,0",5:194;1:213;2:186;8:165;9:116;7:77;4:126;6:44;3:237;0:78,"5:[0,4,5,6,8,9,10,12,14,16,18,19,21,22,23,24,25,26,28];1:[0,2,4,5,6,7,8,9,10,12,18,19,20,21,22,24,25,26,28,29,31];2:[1,2,4,5,6,8,9,12,14,16,19,21,22,25,26,27,28,31];8:[0,4,6,8,9,10,12,16,18,19,21,22,24,25,26,28];9:[0,4,6,8,9,10,18,21,25,26,28];7:[4,6,8,9,18,20,26];4:[0,2,4,6,8,9,10,12,18,26,28,31];6:[4,6,20,26];3:[0,1,4,5,6,7,8,9,10,11,12,14,16,18,19,21,22,23,24,25,26,28,31];0:[4,6,8,9,18,26,28]","c5:bw=194,experts=[0,4,5,6,8,9,10,12,14,16,18,19,21,22,23,24,25,26,28]; c1:bw=213,experts=[0,2,4,5,6,7,8,9,10,12,18,19,20,21,22,24,25,26,28,29,31]; c2:bw=186,experts=[1,2,4,5,6,8,9,12,14,16,19,21,22,25,26,27,28,31]; c8:bw=165,experts=[0,4,6,8,9,10,12,16,18,19,21,22,24,25,26,28]; c9:bw=116,experts=[0,4,6,8,9,10,18,21,25,26,28]; c7:bw=77,experts=[4,6,8,9,18,20,26]; c4:bw=126,experts=[0,2,4,6,8,9,10,12,18,26,28,31]; c6:bw=44,experts=[4,6,20,26]; c3:bw=237,experts=[0,1,4,5,6,7,8,9,10,11,12,14,16,18,19,21,22,23,24,25,26,28,31]; c0:bw=78,experts=[4,6,8,9,18,26,28]","7.4833,5.3856,4.7525,6.5113,4.4975,5.7055,8.1002,7.9437,6.2422,5.7729"
44,2026-09-23 18:55:51,Ours,0.01,2.104869181174098,40.25,40.25,44,75.8725,1:15.87,62.4124,12.1562,1.3018,3317.866,55:17.87,10,"0,3,4,2,7,5,6,9,8,1",0:244;3:171;4:105;2:134;7:275;5:88;6:75;9:136;8:126;1:163,"0:[0,1,4,5,6,7,8,9,10,11,12,14,16,18,19,21,22,23,24,25,26,28,30,31];3:[0,4,5,6,7,8,9,10,12,14,18,19,21,24,25,26,28];4:[0,4,6,8,9,12,18,21,24,26];2:[0,4,6,7,8,9,10,12,14,18,25,26,28];7:[0,1,2,4,5,6,7,8,9,10,11,12,13,14,16,18,19,21,22,23,24,25,26,28,29,30,31];5:[0,4,6,8,9,21,26,28];6:[0,4,6,8,9,12,26];9:[0,2,4,6,8,9,10,18,19,22,25,26,31];8:[0,4,6,8,9,10,12,18,22,25,26,28];1:[0,2,4,5,6,8,9,16,19,21,22,24,25,26,27,31]","c0:bw=244,experts=[0,1,4,5,6,7,8,9,10,11,12,14,16,18,19,21,22,23,24,25,26,28,30,31]; c3:bw=171,experts=[0,4,5,6,7,8,9,10,12,14,18,19,21,24,25,26,28]; c4:bw=105,experts=[0,4,6,8,9,12,18,21,24,26]; c2:bw=134,experts=[0,4,6,7,8,9,10,12,14,18,25,26,28]; c7:bw=275,experts=[0,1,2,4,5,6,7,8,9,10,11,12,13,14,16,18,19,21,22,23,24,25,26,28,29,30,31]; c5:bw=88,experts=[0,4,6,8,9,21,26,28]; c6:bw=75,experts=[0,4,6,8,9,12,26]; c9:bw=136,experts=[0,2,4,6,8,9,10,18,19,22,25,26,31]; c8:bw=126,experts=[0,4,6,8,9,10,12,18,22,25,26,28]; c1:bw=163,experts=[0,2,4,5,6,8,9,16,19,21,22,24,25,26,27,31]","5.7865,6.2761,8.1330,4.7793,5.7393,7.5202,7.9727,4.4804,6.3986,5.3264"
45,2026-09-23 18:57:07,Ours,0.01,2.0870269296442028,40.73,40.73,45,76.0053,1:16.01,62.1911,12.5095,1.3026,3393.8954,56:33.90,10,"8,0,3,4,7,2,9,6,5,1",8:201;0:131;3:245;4:235;7:131;2:180;9:91;6:14;5:163;1:204,"8:[0,2,4,6,8,9,10,12,13,14,16,18,19,21,25,26,27,28,30,31];0:[0,4,6,8,9,10,12,18,19,24,25,26,28];3:[0,2,4,5,6,8,9,10,11,12,13,14,15,16,18,19,21,22,23,25,26,28,29,30];4:[0,1,4,5,6,7,8,9,10,11,12,14,16,18,19,21,22,23,24,25,26,28,30];7:[0,4,6,8,9,10,12,14,18,19,25,26,28];2:[0,2,4,6,8,9,10,13,14,15,18,21,25,26,27,28,30,31];9:[0,4,6,8,9,12,18,26,28];6:[4];5:[0,4,6,8,9,10,12,16,18,19,21,22,24,25,26,28];1:[0,4,5,6,7,8,9,10,11,12,14,16,18,19,21,22,24,25,26,28]","c8:bw=201,experts=[0,2,4,6,8,9,10,12,13,14,16,18,19,21,25,26,27,28,30,31]; c0:bw=131,experts=[0,4,6,8,9,10,12,18,19,24,25,26,28]; c3:bw=245,experts=[0,2,4,5,6,8,9,10,11,12,13,14,15,16,18,19,21,22,23,25,26,28,29,30]; c4:bw=235,experts=[0,1,4,5,6,7,8,9,10,11,12,14,16,18,19,21,22,23,24,25,26,28,30]; c7:bw=131,experts=[0,4,6,8,9,10,12,14,18,19,25,26,28]; c2:bw=180,experts=[0,2,4,6,8,9,10,13,14,15,18,21,25,26,27,28,30,31]; c9:bw=91,experts=[0,4,6,8,9,12,18,26,28]; c6:bw=14,experts=[4]; c5:bw=163,experts=[0,4,6,8,9,10,12,16,18,19,21,22,24,25,26,28]; c1:bw=204,experts=[0,4,5,6,7,8,9,10,11,12,14,16,18,19,21,22,24,25,26,28]","6.4441,5.7675,6.2642,8.1313,5.7040,4.7407,4.4757,7.8946,7.4527,5.3164"
46,2026-09-23 18:58:23,Ours,0.01,2.0776846982595103,40.44,40.73,45,75.9709,1:15.97,62.4861,12.1818,1.3009,3469.8901,57:49.89,10,"9,3,6,1,4,5,2,8,0,7",9:134;3:98;6:141;1:149;4:234;5:150;2:208;8:142;0:201;7:103,"9:[0,2,4,6,8,9,10,18,21,24,25,26,31];3:[0,4,6,8,9,12,18,26,28];6:[0,2,4,6,8,10,11,13,15,18,21,26,28,31];1:[0,4,6,8,9,10,12,14,18,22,24,25,26,28];4:[0,2,4,5,6,7,8,9,10,11,12,14,16,18,19,21,22,23,24,25,26,28,31];5:[0,4,6,8,9,10,12,14,18,20,21,24,25,26,28];2:[0,4,5,6,7,8,9,10,12,14,16,18,19,21,22,23,24,25,26,28];8:[0,4,6,7,8,9,10,12,14,18,19,25,26,28];0:[0,4,5,6,7,8,9,10,12,14,18,19,21,22,23,24,25,26,28,29];7:[0,4,6,8,9,10,12,18,26,28]","c9:bw=134,experts=[0,2,4,6,8,9,10,18,21,24,25,26,31]; c3:bw=98,experts=[0,4,6,8,9,12,18,26,28]; c6:bw=141,experts=[0,2,4,6,8,10,11,13,15,18,21,26,28,31]; c1:bw=149,experts=[0,4,6,8,9,10,12,14,18,22,24,25,26,28]; c4:bw=234,experts=[0,2,4,5,6,7,8,9,10,11,12,14,16,18,19,21,22,23,24,25,26,28,31]; c5:bw=150,experts=[0,4,6,8,9,10,12,14,18,20,21,24,25,26,28]; c2:bw=208,experts=[0,4,5,6,7,8,9,10,12,14,16,18,19,21,22,23,24,25,26,28]; c8:bw=142,experts=[0,4,6,7,8,9,10,12,14,18,19,25,26,28]; c0:bw=201,experts=[0,4,5,6,7,8,9,10,12,14,18,19,21,22,23,24,25,26,28,29]; c7:bw=103,experts=[0,4,6,8,9,10,12,18,26,28]","4.4914,6.2786,7.9682,5.3771,8.1831,7.5310,4.7686,6.4703,5.7343,5.6835"
47,2026-09-23 18:59:41,Ours,0.01,2.0586495785764902,41.62,41.62,47,78.1045,1:18.10,64.5397,12.2578,1.3019,3548.0192,59:08.02,10,"5,6,7,9,8,3,4,0,1,2",5:189;6:82;7:195;9:63;8:144;3:255;4:35;0:167;1:111;2:199,"5:[0,1,2,4,6,8,9,10,12,18,19,21,24,25,26,27,30,31];6:[4,6,8,9,12,18,26,28];7:[0,2,4,6,8,9,10,12,13,14,16,18,19,21,22,24,25,26,31];9:[4,6,8,9,18,26];8:[0,2,4,5,6,8,9,10,14,19,20,21,25,26];3:[0,2,3,4,5,6,8,9,10,11,12,13,14,18,19,21,22,23,24,25,26,27,28,29,30];4:[4,6,20];0:[0,4,6,8,9,10,12,16,18,19,21,24,25,26,28,31];1:[0,4,6,8,9,10,12,18,25,26,28];2:[0,2,4,6,8,9,10,12,13,18,19,20,21,25,26,27,28,30,31]","c5:bw=189,experts=[0,1,2,4,6,8,9,10,12,18,19,21,24,25,26,27,30,31]; c6:bw=82,experts=[4,6,8,9,12,18,26,28]; c7:bw=195,experts=[0,2,4,6,8,9,10,12,13,14,16,18,19,21,22,24,25,26,31]; c9:bw=63,experts=[4,6,8,9,18,26]; c8:bw=144,experts=[0,2,4,5,6,8,9,10,14,19,20,21,25,26]; c3:bw=255,experts=[0,2,3,4,5,6,8,9,10,11,12,13,14,18,19,21,22,23,24,25,26,27,28,29,30]; c4:bw=35,experts=[4,6,20]; c0:bw=167,experts=[0,4,6,8,9,10,12,16,18,19,21,24,25,26,28,31]; c1:bw=111,experts=[0,4,6,8,9,10,12,18,25,26,28]; c2:bw=199,experts=[0,2,4,6,8,9,10,12,13,18,19,20,21,25,26,27,28,30,31]","7.6420,8.0811,5.9843,5.6760,6.8738,6.3392,8.0669,5.7704,5.3738,4.7322"
48,2026-09-23 19:00:57,Ours,0.01,2.040437680339404,42.28,42.28,48,76.1752,1:16.18,62.1792,12.6827,1.3112,3624.2197,1:00:24.22,10,"1,8,4,2,9,6,5,7,0,3",1:182;8:183;4:246;2:207;9:192;6:165;5:202;7:229;0:57;3:67,"1:[0,4,6,7,8,9,10,12,14,16,18,19,21,22,24,25,26,28];8:[0,2,4,6,8,9,10,12,16,18,19,22,24,25,26,28,30,31];4:[0,1,4,5,6,7,8,9,10,11,12,14,16,18,19,21,22,23,24,25,26,28,30,31];2:[0,2,4,6,8,9,10,11,12,14,16,18,19,21,22,23,24,25,26,28];9:[0,4,5,6,8,9,10,11,12,14,16,18,19,21,22,24,25,26,28];6:[0,4,6,7,8,9,10,12,14,18,19,21,24,25,26,28];5:[0,4,5,6,8,9,10,11,12,14,16,18,19,21,22,24,25,26,28,31];7:[0,4,5,6,8,9,10,11,12,14,16,18,19,21,22,23,24,25,26,28,30,31];0:[4,15,17,20,27];3:[4,6,8,9,18,26]","c1:bw=182,experts=[0,4,6,7,8,9,10,12,14,16,18,19,21,22,24,25,26,28]; c8:bw=183,experts=[0,2,4,6,8,9,10,12,16,18,19,22,24,25,26,28,30,31]; c4:bw=246,experts=[0,1,4,5,6,7,8,9,10,11,12,14,16,18,19,21,22,23,24,25,26,28,30,31]; c2:bw=207,experts=[0,2,4,6,8,9,10,11,12,14,16,18,19,21,22,23,24,25,26,28]; c9:bw=192,experts=[0,4,5,6,8,9,10,11,12,14,16,18,19,21,22,24,25,26,28]; c6:bw=165,experts=[0,4,6,7,8,9,10,12,14,18,19,21,24,25,26,28]; c5:bw=202,experts=[0,4,5,6,8,9,10,11,12,14,16,18,19,21,22,24,25,26,28,31]; c7:bw=229,experts=[0,4,5,6,8,9,10,11,12,14,16,18,19,21,22,23,24,25,26,28,30,31]; c0:bw=57,experts=[4,15,17,20,27]; c3:bw=67,experts=[4,6,8,9,18,26]","5.3538,6.4332,8.0852,4.7819,4.4920,7.9734,7.4557,5.6640,5.7259,6.2141"
49,2026-09-23 19:02:13,Ours,0.01,2.028965471384024,42.7,42.7,49,75.8902,1:15.89,62.4407,12.1277,1.3197,3700.1349,1:01:40.13,10,"4,3,8,0,2,5,6,7,9,1",4:176;3:116;8:96;0:72;2:214;5:205;6:46;7:162;9:194;1:198,"4:[0,4,6,8,9,10,12,14,16,18,19,21,22,24,25,26,28];3:[0,2,4,6,8,21,23,25,26,28,30];8:[0,2,4,6,8,14,26,28,31];0:[0,2,4,6,8,26,31];2:[0,2,4,5,6,7,8,9,10,11,12,13,18,20,21,24,25,26,28,29,31];5:[0,1,2,4,6,8,9,10,12,13,16,18,20,21,24,25,26,28,29,31];6:[4,6,8,26];7:[0,2,4,5,6,8,9,10,12,18,19,22,25,26,28,31];9:[0,4,5,6,8,9,10,12,14,16,18,19,21,22,24,25,26,28,31];1:[0,2,4,6,8,9,10,12,14,16,18,19,21,22,24,25,26,28,31]","c4:bw=176,experts=[0,4,6,8,9,10,12,14,16,18,19,21,22,24,25,26,28]; c3:bw=116,experts=[0,2,4,6,8,21,23,25,26,28,30]; c8:bw=96,experts=[0,2,4,6,8,14,26,28,31]; c0:bw=72,experts=[0,2,4,6,8,26,31]; c2:bw=214,experts=[0,2,4,5,6,7,8,9,10,11,12,13,18,20,21,24,25,26,28,29,31]; c5:bw=205,experts=[0,1,2,4,6,8,9,10,12,13,16,18,20,21,24,25,26,28,29,31]; c6:bw=46,experts=[4,6,8,26]; c7:bw=162,experts=[0,2,4,5,6,8,9,10,12,18,19,22,25,26,28,31]; c9:bw=194,experts=[0,4,5,6,8,9,10,12,14,16,18,19,21,22,24,25,26,28,31]; c1:bw=198,experts=[0,2,4,6,8,9,10,12,14,16,18,19,21,22,24,25,26,28,31]","8.1561,6.3098,6.5092,5.7602,4.7301,7.5024,7.9667,5.6816,4.5009,5.3237"
50,2026-09-23 19:03:29,Ours,0.01,2.0177197576529444,43.45,43.45,50,75.5339,1:15.53,62.2512,11.9785,1.3021,3775.6946,1:02:55.69,10,"8,4,7,6,2,1,3,0,9,5",8:118;4:28;7:126;6:249;2:232;1:236;3:142;0:106;9:99;5:114,"8:[2,4,6,8,10,12,18,24,25,26,30];4:[4,27];7:[2,4,6,7,8,9,12,18,21,24,26,28];6:[0,2,4,5,6,7,8,9,10,11,12,14,16,18,19,21,22,23,24,25,26,28,29,31];2:[0,1,4,5,6,7,8,9,10,11,12,14,16,18,19,21,22,23,24,25,26,28,31];1:[0,2,4,5,6,7,8,9,10,11,12,13,14,18,19,21,22,23,24,25,26,28,29];3:[0,4,6,8,9,10,12,14,18,22,24,25,26,28];0:[0,4,6,8,9,10,12,18,26,28];9:[2,4,6,8,16,19,21,26,31];5:[2,4,6,8,9,12,18,21,25,26,28]","c8:bw=118,experts=[2,4,6,8,10,12,18,24,25,26,30]; c4:bw=28,experts=[4,27]; c7:bw=126,experts=[2,4,6,7,8,9,12,18,21,24,26,28]; c6:bw=249,experts=[0,2,4,5,6,7,8,9,10,11,12,14,16,18,19,21,22,23,24,25,26,28,29,31]; c2:bw=232,experts=[0,1,4,5,6,7,8,9,10,11,12,14,16,18,19,21,22,23,24,25,26,28,31]; c1:bw=236,experts=[0,2,4,5,6,7,8,9,10,11,12,13,14,18,19,21,22,23,24,25,26,28,29]; c3:bw=142,experts=[0,4,6,8,9,10,12,14,18,22,24,25,26,28]; c0:bw=106,experts=[0,4,6,8,9,10,12,18,26,28]; c9:bw=99,experts=[2,4,6,8,16,19,21,26,31]; c5:bw=114,experts=[2,4,6,8,9,12,18,21,25,26,28]","6.4983,8.0517,5.6970,8.0002,4.7607,5.3160,6.2492,5.7707,4.4580,7.4494"
51,2026-09-23 19:04:44,Ours,0.01,2.0040836129034596,43.22,43.45,50,75.4324,1:15.43,62.4541,11.6692,1.3071,3851.1527,1:04:11.15,10,"5,0,1,2,8,6,9,3,4,7",5:173;0:195;1:77;2:73;8:168;6:191;9:66;3:203;4:40;7:99,"5:[0,4,6,8,9,10,12,14,16,18,19,21,22,24,25,26,28];0:[0,2,4,6,7,8,9,10,11,12,14,18,19,21,24,25,26,28,31];1:[2,4,6,8,21,25,26];2:[4,6,8,9,12,18,26];8:[0,2,4,6,8,9,10,13,14,18,19,21,25,26,28,31];6:[2,4,6,7,8,9,10,12,13,15,18,19,21,25,26,27,28,30,31];9:[4,6,8,9,26,27];3:[0,2,4,5,6,7,8,9,10,11,12,14,18,19,21,24,25,26,28,29];4:[4,6,9,26];7:[0,4,6,8,9,12,18,26,28]","c5:bw=173,experts=[0,4,6,8,9,10,12,14,16,18,19,21,22,24,25,26,28]; c0:bw=195,experts=[0,2,4,6,7,8,9,10,11,12,14,18,19,21,24,25,26,28,31]; c1:bw=77,experts=[2,4,6,8,21,25,26]; c2:bw=73,experts=[4,6,8,9,12,18,26]; c8:bw=168,experts=[0,2,4,6,8,9,10,13,14,18,19,21,25,26,28,31]; c6:bw=191,experts=[2,4,6,7,8,9,10,12,13,15,18,19,21,25,26,27,28,30,31]; c9:bw=66,experts=[4,6,8,9,26,27]; c3:bw=203,experts=[0,2,4,5,6,7,8,9,10,11,12,14,18,19,21,24,25,26,28,29]; c4:bw=40,experts=[4,6,9,26]; c7:bw=99,experts=[0,4,6,8,9,12,18,26,28]","7.5072,5.8125,5.3617,4.7327,6.5785,7.9919,4.4935,6.2654,8.0510,5.6596"
52,2026-09-23 19:05:58,Ours,0.01,1.984972151549781,44.41,44.41,52,74.0383,1:14.04,62.4077,10.3249,1.3037,3925.2179,1:05:25.22,10,"0,8,5,7,1,4,9,6,2,3",0:169;8:64;5:89;7:125;1:148;4:122;9:112;6:186;2:107;3:157,"0:[0,4,6,8,9,10,12,14,16,18,21,22,24,25,26,28];8:[2,4,6,8,21,26];5:[0,4,6,8,9,18,26,31];7:[0,2,4,6,8,10,12,18,21,22,26,28];1:[0,4,6,8,9,10,12,14,18,21,24,25,26,28];4:[4,6,8,9,10,12,18,21,24,25,26,28];9:[4,6,8,9,10,12,18,24,25,26,28];6:[0,4,5,6,8,9,10,12,14,16,18,19,21,22,24,25,26,28];2:[4,6,8,9,10,18,24,25,26,28];3:[0,4,6,8,9,10,12,16,18,21,22,25,26,28,31]","c0:bw=169,experts=[0,4,6,8,9,10,12,14,16,18,21,22,24,25,26,28]; c8:bw=64,experts=[2,4,6,8,21,26]; c5:bw=89,experts=[0,4,6,8,9,18,26,31]; c7:bw=125,experts=[0,2,4,6,8,10,12,18,21,22,26,28]; c1:bw=148,experts=[0,4,6,8,9,10,12,14,18,21,24,25,26,28]; c4:bw=122,experts=[4,6,8,9,10,12,18,21,24,25,26,28]; c9:bw=112,experts=[4,6,8,9,10,12,18,24,25,26,28]; c6:bw=186,experts=[0,4,5,6,8,9,10,12,14,16,18,19,21,22,24,25,26,28]; c2:bw=107,experts=[4,6,8,9,10,18,24,25,26,28]; c3:bw=157,experts=[0,4,6,8,9,10,12,16,18,21,22,25,26,28,31]","5.7947,6.4867,7.5166,5.7146,5.3680,8.1197,4.4929,7.9182,4.7554,6.2408"
53,2026-09-23 19:07:14,Ours,0.01,1.9690507103865174,45.11,45.11,53,75.475,1:15.47,62.3097,11.8524,1.3106,4000.7192,1:06:40.72,10,"8,4,5,1,3,9,6,7,0,2",8:79;4:103;5:161;1:215;3:173;9:224;6:131;7:160;0:141;2:189,"8:[4,6,8,9,18,26,28];4:[4,6,8,9,12,18,24,25,26,28];5:[0,4,6,8,9,10,12,14,16,18,21,22,24,25,26,28];1:[0,2,4,6,8,9,10,12,13,14,16,18,19,21,22,24,25,26,28,30,31];3:[0,2,4,5,6,8,9,12,16,18,19,21,22,23,24,26,28];9:[0,2,4,5,6,8,9,10,11,12,13,16,18,19,21,22,24,25,26,28,30,31];6:[0,2,4,6,7,8,9,10,12,18,26,28,29];7:[0,2,4,5,6,8,9,10,12,18,21,22,24,26,28,31];0:[0,2,4,6,8,9,10,13,16,21,25,26,30,31];2:[0,4,6,8,9,10,11,12,14,16,18,19,21,22,24,25,26,28]","c8:bw=79,experts=[4,6,8,9,18,26,28]; c4:bw=103,experts=[4,6,8,9,12,18,24,25,26,28]; c5:bw=161,experts=[0,4,6,8,9,10,12,14,16,18,21,22,24,25,26,28]; c1:bw=215,experts=[0,2,4,6,8,9,10,12,13,14,16,18,19,21,22,24,25,26,28,30,31]; c3:bw=173,experts=[0,2,4,5,6,8,9,12,16,18,19,21,22,23,24,26,28]; c9:bw=224,experts=[0,2,4,5,6,8,9,10,11,12,13,16,18,19,21,22,24,25,26,28,30,31]; c6:bw=131,experts=[0,2,4,6,7,8,9,10,12,18,26,28,29]; c7:bw=160,experts=[0,2,4,5,6,8,9,10,12,18,21,22,24,26,28,31]; c0:bw=141,experts=[0,2,4,6,8,9,10,13,16,21,25,26,30,31]; c2:bw=189,experts=[0,4,6,8,9,10,11,12,14,16,18,19,21,22,24,25,26,28]","6.4905,8.0922,7.5064,5.3834,6.2279,4.5112,7.9493,5.6752,5.7283,4.7453"
54,2026-09-23 19:08:29,Ours,0.01,1.958633598646059,45.2,45.2,54,75.2075,1:15.21,62.4556,11.4638,1.2861,4075.9542,1:07:55.95,10,"2,1,8,7,3,0,6,5,9,4",2:30;1:193;8:203;7:223;3:111;0:135;6:198;5:10;9:185;4:116,"2:[4,6,26];1:[0,2,4,5,6,7,8,9,10,11,12,14,18,21,22,24,25,26,28];8:[0,4,5,6,8,9,10,11,12,14,16,18,19,21,22,24,25,26,28,31];7:[0,1,4,5,6,7,8,9,10,11,12,14,16,18,19,21,22,24,25,26,28,31];3:[4,6,8,9,10,12,18,21,24,26,28];0:[0,2,4,6,8,9,10,12,18,21,22,26,28];6:[0,2,4,6,8,9,10,12,13,14,18,19,20,21,24,25,26,28,31];5:[4];9:[0,4,5,6,7,8,9,10,11,12,14,18,19,21,24,25,26,28];4:[2,4,6,8,9,10,13,18,21,26,31]","c2:bw=30,experts=[4,6,26]; c1:bw=193,experts=[0,2,4,5,6,7,8,9,10,11,12,14,18,21,22,24,25,26,28]; c8:bw=203,experts=[0,4,5,6,8,9,10,11,12,14,16,18,19,21,22,24,25,26,28,31]; c7:bw=223,experts=[0,1,4,5,6,7,8,9,10,11,12,14,16,18,19,21,22,24,25,26,28,31]; c3:bw=111,experts=[4,6,8,9,10,12,18,21,24,26,28]; c0:bw=135,experts=[0,2,4,6,8,9,10,12,18,21,22,26,28]; c6:bw=198,experts=[0,2,4,6,8,9,10,12,13,14,18,19,20,21,24,25,26,28,31]; c5:bw=10,experts=[4]; c9:bw=185,experts=[0,4,5,6,7,8,9,10,11,12,14,18,19,21,24,25,26,28]; c4:bw=116,experts=[2,4,6,8,9,10,13,18,21,26,31]","4.7641,5.3859,6.5204,5.6980,6.2821,5.7905,8.0142,7.4617,4.4974,8.0413"
55,2026-09-23 19:09:45,Ours,0.01,1.9443219194379924,45.63,45.63,55,76.3129,1:16.31,62.394,12.6291,1.2875,4152.2958,1:09:12.30,10,"7,2,4,3,8,5,1,6,0,9",7:199;2:150;4:53;3:192;8:50;5:194;1:220;6:154;0:101;9:228,"7:[2,4,6,7,8,9,10,11,12,13,17,18,21,23,24,25,26,27,28];2:[0,4,6,8,9,10,12,16,18,21,24,25,26,28,31];4:[2,4,6,26,28];3:[0,4,5,6,8,9,10,11,12,14,16,18,19,21,22,24,25,26,28];8:[4,6,8,9,26];5:[0,1,2,4,6,7,8,9,10,11,12,14,18,21,24,25,26,28,31];1:[0,1,2,4,6,8,9,10,11,12,14,16,18,19,21,22,24,25,26,28,30,31];6:[0,4,6,8,9,10,12,14,18,21,22,24,25,26,28];0:[0,4,6,8,9,12,18,25,26,28];9:[0,2,4,6,8,9,10,12,13,15,16,18,19,20,21,22,25,26,27,28,30,31]","c7:bw=199,experts=[2,4,6,7,8,9,10,11,12,13,17,18,21,23,24,25,26,27,28]; c2:bw=150,experts=[0,4,6,8,9,10,12,16,18,21,24,25,26,28,31]; c4:bw=53,experts=[2,4,6,26,28]; c3:bw=192,experts=[0,4,5,6,8,9,10,11,12,14,16,18,19,21,22,24,25,26,28]; c8:bw=50,experts=[4,6,8,9,26]; c5:bw=194,experts=[0,1,2,4,6,7,8,9,10,11,12,14,18,21,24,25,26,28,31]; c1:bw=220,experts=[0,1,2,4,6,8,9,10,11,12,14,16,18,19,21,22,24,25,26,28,30,31]; c6:bw=154,experts=[0,4,6,8,9,10,12,14,18,21,22,24,25,26,28]; c0:bw=101,experts=[0,4,6,8,9,12,18,25,26,28]; c9:bw=228,experts=[0,2,4,6,8,9,10,12,13,15,16,18,19,20,21,22,25,26,27,28,30,31]","5.7096,4.7531,8.1082,6.2905,6.4799,7.4778,5.3751,7.9447,5.7313,4.5240"
56,2026-09-23 19:11:00,Ours,0.01,1.9363121589471972,45.29,45.63,55,74.8551,1:14.86,62.2723,11.2891,1.2888,4227.1782,1:10:27.18,10,"9,1,3,2,5,4,8,7,6,0",9:191;1:205;3:31;2:195;5:113;4:34;8:49;7:66;6:86;0:256,"9:[0,2,4,5,6,8,9,10,11,12,16,18,21,22,24,25,26,28,31];1:[0,4,5,6,8,9,10,11,12,14,16,18,19,21,22,24,25,26,28,31];3:[4,6,26];2:[0,4,5,6,7,8,9,10,11,12,14,16,18,19,21,24,25,26,28];5:[4,6,8,9,10,12,18,21,25,26,28];4:[4,6,26];8:[4,6,9,26];7:[4,6,8,9,21,26];6:[2,4,6,8,9,12,26,28];0:[0,2,4,5,6,8,9,10,11,12,13,14,15,16,18,19,20,21,22,24,25,26,27,28,31]","c9:bw=191,experts=[0,2,4,5,6,8,9,10,11,12,16,18,21,22,24,25,26,28,31]; c1:bw=205,experts=[0,4,5,6,8,9,10,11,12,14,16,18,19,21,22,24,25,26,28,31]; c3:bw=31,experts=[4,6,26]; c2:bw=195,experts=[0,4,5,6,7,8,9,10,11,12,14,16,18,19,21,24,25,26,28]; c5:bw=113,experts=[4,6,8,9,10,12,18,21,25,26,28]; c4:bw=34,experts=[4,6,26]; c8:bw=49,experts=[4,6,9,26]; c7:bw=66,experts=[4,6,8,9,21,26]; c6:bw=86,experts=[2,4,6,8,9,12,26,28]; c0:bw=256,experts=[0,2,4,5,6,8,9,10,11,12,13,14,15,16,18,19,20,21,22,24,25,26,27,28,31]","4.4867,5.3623,6.2683,4.7523,7.4770,8.0286,6.4638,5.7075,7.9601,5.7657"
57,2026-09-23 19:12:17,Ours,0.01,1.9207113776933802,46.63,46.63,57,76.2312,1:16.23,62.5383,12.3992,1.2915,4303.4368,1:11:43.44,10,"3,8,6,1,7,0,5,4,2,9",3:234;8:156;6:176;1:181;7:253;0:257;5:161;4:151;2:120;9:69,"3:[0,1,4,5,6,7,8,9,10,11,12,14,16,18,19,20,21,22,24,25,26,28,31];8:[0,2,4,6,8,9,11,12,14,18,19,22,24,26,28];6:[0,4,6,8,9,10,12,14,16,18,21,22,24,25,26,28,31];1:[0,2,4,6,8,9,10,11,12,16,18,21,22,24,25,26,28,31];7:[0,1,2,4,5,6,7,8,9,10,11,12,13,14,16,18,19,21,22,23,24,25,26,28,30];0:[0,1,2,4,5,6,7,8,9,10,11,12,13,14,16,18,19,21,22,24,25,26,28,30,31];5:[0,4,6,8,9,10,11,12,16,18,21,24,25,26,28,31];4:[0,4,6,8,9,10,12,14,18,21,22,24,25,26,28];2:[4,6,8,9,10,12,18,21,24,25,26,28];9:[4,6,8,9,26,28]","c3:bw=234,experts=[0,1,4,5,6,7,8,9,10,11,12,14,16,18,19,20,21,22,24,25,26,28,31]; c8:bw=156,experts=[0,2,4,6,8,9,11,12,14,18,19,22,24,26,28]; c6:bw=176,experts=[0,4,6,8,9,10,12,14,16,18,21,22,24,25,26,28,31]; c1:bw=181,experts=[0,2,4,6,8,9,10,11,12,16,18,21,22,24,25,26,28,31]; c7:bw=253,experts=[0,1,2,4,5,6,7,8,9,10,11,12,13,14,16,18,19,21,22,23,24,25,26,28,30]; c0:bw=257,experts=[0,1,2,4,5,6,7,8,9,10,11,12,13,14,16,18,19,21,22,24,25,26,28,30,31]; c5:bw=161,experts=[0,4,6,8,9,10,11,12,16,18,21,24,25,26,28,31]; c4:bw=151,experts=[0,4,6,8,9,10,12,14,18,21,22,24,25,26,28]; c2:bw=120,experts=[4,6,8,9,10,12,18,21,24,25,26,28]; c9:bw=69,experts=[4,6,8,9,26,28]","6.2679,6.5087,8.0098,5.4361,5.6864,5.7968,7.4792,8.1172,4.7341,4.5019"
58,2026-09-23 19:13:33,Ours,0.01,1.908156337642565,46.4,46.63,57,75.9522,1:15.95,62.9419,11.7065,1.2988,4379.4171,1:12:59.42,10,"7,2,9,6,5,1,8,4,3,0",7:88;2:15;9:209;6:201;5:127;1:109;8:145;4:139;3:225;0:174,"7:[4,6,8,9,18,25,26,28];2:[4];9:[0,2,4,5,6,8,9,10,12,16,18,19,21,22,24,25,26,28,30,31];6:[0,2,4,6,7,8,9,10,11,12,14,18,19,21,24,25,26,28,30,31];5:[4,6,8,9,10,12,18,21,24,25,26,28];1:[4,6,8,9,10,12,18,24,26,28];8:[0,4,5,6,8,9,10,12,14,18,21,24,26,28];4:[0,2,4,6,8,9,10,12,18,21,25,26,28];3:[0,2,4,5,6,7,8,9,10,11,12,14,18,19,21,22,24,25,26,28,29,31];0:[0,1,2,4,6,8,9,12,13,18,21,22,24,25,26,28,31]","c7:bw=88,experts=[4,6,8,9,18,25,26,28]; c2:bw=15,experts=[4]; c9:bw=209,experts=[0,2,4,5,6,8,9,10,12,16,18,19,21,22,24,25,26,28,30,31]; c6:bw=201,experts=[0,2,4,6,7,8,9,10,11,12,14,18,19,21,24,25,26,28,30,31]; c5:bw=127,experts=[4,6,8,9,10,12,18,21,24,25,26,28]; c1:bw=109,experts=[4,6,8,9,10,12,18,24,26,28]; c8:bw=145,experts=[0,4,5,6,8,9,10,12,14,18,21,24,26,28]; c4:bw=139,experts=[0,2,4,6,8,9,10,12,18,21,25,26,28]; c3:bw=225,experts=[0,2,4,5,6,7,8,9,10,11,12,14,18,19,21,22,24,25,26,28,29,31]; c0:bw=174,experts=[0,1,2,4,6,8,9,12,13,18,21,22,24,25,26,28,31]","5.7194,4.7499,4.5168,8.0062,7.5261,5.4160,6.5230,8.4690,6.2612,5.7542"
59,2026-09-23 19:14:48,Ours,0.01,1.893226621131347,46.97,46.97,59,75.8589,1:15.86,62.6051,11.9615,1.2902,4455.3044,1:14:15.30,10,"2,8,9,6,1,4,7,5,0,3",2:134;8:204;9:101;6:70;1:239;4:94;7:102;5:117;0:191;3:129,"2:[0,4,6,7,8,9,10,12,14,18,24,26,28];8:[0,1,2,4,6,7,8,9,10,11,18,19,21,24,25,26,27,28,30,31];9:[4,6,8,9,12,18,21,25,26,28];6:[1,4,6,8,9,18,26];1:[0,1,4,5,6,7,8,9,10,11,12,14,16,18,19,20,21,22,24,25,26,28,31];4:[0,2,4,6,9,12,18,21,26];7:[4,6,8,9,12,18,21,25,26,28];5:[4,6,8,9,10,12,18,24,25,26,28];0:[0,2,4,6,7,8,9,10,11,12,14,18,19,21,24,25,26,28,31];3:[0,2,4,6,8,9,13,15,21,25,26,31]","c2:bw=134,experts=[0,4,6,7,8,9,10,12,14,18,24,26,28]; c8:bw=204,experts=[0,1,2,4,6,7,8,9,10,11,18,19,21,24,25,26,27,28,30,31]; c9:bw=101,experts=[4,6,8,9,12,18,21,25,26,28]; c6:bw=70,experts=[1,4,6,8,9,18,26]; c1:bw=239,experts=[0,1,4,5,6,7,8,9,10,11,12,14,16,18,19,20,21,22,24,25,26,28,31]; c4:bw=94,experts=[0,2,4,6,9,12,18,21,26]; c7:bw=102,experts=[4,6,8,9,12,18,21,25,26,28]; c5:bw=117,experts=[4,6,8,9,10,12,18,24,25,26,28]; c0:bw=191,experts=[0,2,4,6,7,8,9,10,11,12,14,18,19,21,24,25,26,28,31]; c3:bw=129,experts=[0,2,4,6,8,9,13,15,21,25,26,31]","5.1039,6.5015,4.5004,7.9785,5.3644,8.0917,5.6412,7.4284,5.7194,6.2757"
60,2026-09-23 19:16:04,Ours,0.01,1.8808127474112157,46.86,46.97,59,75.3411,1:15.34,62.5815,11.4773,1.2802,4530.6732,1:15:30.67,10,"0,7,4,2,5,8,6,9,1,3",0:194;7:175;4:110;2:111;5:122;8:89;6:218;9:27;1:197;3:160,"0:[0,4,5,6,7,8,9,10,12,14,16,18,19,21,22,24,25,26,28];7:[0,2,4,6,8,9,10,12,13,14,15,21,25,26,27,28,31];4:[4,6,8,9,10,12,18,21,25,26,28];2:[4,6,8,9,11,12,18,21,24,26,28];5:[4,6,8,9,10,12,18,21,24,25,26,28];8:[2,4,6,8,9,21,26,28];6:[0,2,4,5,6,8,9,10,11,12,14,16,18,19,21,22,24,25,26,28,31];9:[4,6];1:[0,4,5,6,7,8,9,10,11,12,14,16,18,21,22,24,25,26,28];3:[2,4,6,7,8,9,10,11,12,14,18,21,24,25,26,28]","c0:bw=194,experts=[0,4,5,6,7,8,9,10,12,14,16,18,19,21,22,24,25,26,28]; c7:bw=175,experts=[0,2,4,6,8,9,10,12,13,14,15,21,25,26,27,28,31]; c4:bw=110,experts=[4,6,8,9,10,12,18,21,25,26,28]; c2:bw=111,experts=[4,6,8,9,11,12,18,21,24,26,28]; c5:bw=122,experts=[4,6,8,9,10,12,18,21,24,25,26,28]; c8:bw=89,experts=[2,4,6,8,9,21,26,28]; c6:bw=218,experts=[0,2,4,5,6,8,9,10,11,12,14,16,18,19,21,22,24,25,26,28,31]; c9:bw=27,experts=[4,6]; c1:bw=197,experts=[0,4,5,6,7,8,9,10,11,12,14,16,18,21,22,24,25,26,28]; c3:bw=160,experts=[2,4,6,7,8,9,10,11,12,14,18,21,24,25,26,28]","5.8125,5.7296,8.1386,4.7507,7.5956,6.5091,7.9901,4.4528,5.3371,6.2653"
61,2026-09-23 19:17:20,Ours,0.01,1.8741638532157303,48.88,48.88,61,75.9466,1:15.95,62.3709,12.274,1.2996,4606.6491,1:16:46.65,10,"5,6,2,9,1,3,8,4,7,0",5:178;6:136;2:107;9:138;1:122;3:157;8:203;4:140;7:159;0:220,"5:[4,5,6,7,8,9,10,11,12,14,18,21,23,24,25,26,28];6:[4,6,8,9,10,12,14,18,21,24,25,26,28];2:[4,6,8,9,12,18,21,24,26,28];9:[4,6,8,9,10,12,14,18,21,24,25,26,28];1:[4,6,8,9,10,12,18,21,24,25,26,28];3:[2,4,6,8,9,10,11,12,13,15,18,24,26,27,28];8:[0,2,4,6,8,9,10,11,13,14,16,18,19,24,25,26,27,28,30,31];4:[0,4,5,6,8,9,10,12,18,21,24,25,26,28];7:[0,2,4,6,8,9,10,12,18,21,24,25,26,28,31];0:[0,2,4,6,8,9,10,11,12,13,14,16,18,19,21,22,24,25,26,28,29,31]","c5:bw=178,experts=[4,5,6,7,8,9,10,11,12,14,18,21,23,24,25,26,28]; c6:bw=136,experts=[4,6,8,9,10,12,14,18,21,24,25,26,28]; c2:bw=107,experts=[4,6,8,9,12,18,21,24,26,28]; c9:bw=138,experts=[4,6,8,9,10,12,14,18,21,24,25,26,28]; c1:bw=122,experts=[4,6,8,9,10,12,18,21,24,25,26,28]; c3:bw=157,experts=[2,4,6,8,9,10,11,12,13,15,18,24,26,27,28]; c8:bw=203,experts=[0,2,4,6,8,9,10,11,13,14,16,18,19,24,25,26,27,28,30,31]; c4:bw=140,experts=[0,4,5,6,8,9,10,12,18,21,24,25,26,28]; c7:bw=159,experts=[0,2,4,6,8,9,10,12,18,21,24,25,26,28,31]; c0:bw=220,experts=[0,2,4,6,8,9,10,11,12,13,14,16,18,19,21,22,24,25,26,28,29,31]","7.4957,8.0248,4.7773,4.4804,5.3702,6.2576,6.4974,8.0624,5.6724,5.7328"
62,2026-09-23 19:18:36,Ours,0.01,1.8611414991582216,48.56,48.88,61,76.4626,1:16.46,62.5208,12.65,1.2895,4683.1408,1:18:03.14,10,"8,6,9,4,5,0,3,2,1,7",8:48;6:228;9:59;4:221;5:246;0:103;3:193;2:154;1:274;7:163,"8:[4,6,9,26];6:[0,2,4,5,6,7,8,9,10,11,12,13,14,18,19,21,23,24,25,26,28,29];9:[4,6,8,9,26];4:[0,1,4,5,6,7,8,9,10,11,12,14,16,18,19,20,21,22,24,25,26,28];5:[0,4,5,6,7,8,9,10,11,12,13,14,15,16,18,19,20,21,22,24,25,26,28,31];0:[0,2,4,6,8,9,13,18,26,28];3:[0,2,4,5,6,7,8,9,10,11,12,14,18,19,21,24,25,26,28];2:[1,2,4,6,8,9,12,14,19,20,24,26,27,29,31];1:[0,1,2,4,5,6,7,8,9,10,11,12,13,14,18,19,20,21,22,23,24,25,26,27,28,29,31];7:[4,5,6,8,9,10,12,14,16,18,21,22,24,25,26,28]","c8:bw=48,experts=[4,6,9,26]; c6:bw=228,experts=[0,2,4,5,6,7,8,9,10,11,12,13,14,18,19,21,23,24,25,26,28,29]; c9:bw=59,experts=[4,6,8,9,26]; c4:bw=221,experts=[0,1,4,5,6,7,8,9,10,11,12,14,16,18,19,20,21,22,24,25,26,28]; c5:bw=246,experts=[0,4,5,6,7,8,9,10,11,12,13,14,15,16,18,19,20,21,22,24,25,26,28,31]; c0:bw=103,experts=[0,2,4,6,8,9,13,18,26,28]; c3:bw=193,experts=[0,2,4,5,6,7,8,9,10,11,12,14,18,19,21,24,25,26,28]; c2:bw=154,experts=[1,2,4,6,8,9,12,14,19,20,24,26,27,29,31]; c1:bw=274,experts=[0,1,2,4,5,6,7,8,9,10,11,12,13,14,18,19,20,21,22,23,24,25,26,27,28,29,31]; c7:bw=163,experts=[4,5,6,8,9,10,12,14,16,18,21,22,24,25,26,28]","6.4498,8.0399,4.5093,8.1075,7.5300,5.7599,6.3225,4.7173,5.3837,5.7009"
63,2026-09-23 19:19:52,Ours,0.01,1.8549066915649923,48.69,48.88,61,75.5669,1:15.57,62.4521,11.8008,1.3118,4758.7374,1:19:18.74,10,"5,9,6,3,8,1,7,0,2,4",5:33;9:77;6:124;3:192;8:116;1:183;7:251;0:151;2:102;4:192,"5:[4,6,26];9:[4,6,8,9,12,18,26];6:[0,4,6,8,9,10,12,18,24,25,26,28];3:[0,2,4,6,8,9,10,11,12,16,18,20,21,24,25,26,28,30,31];8:[0,4,6,8,9,10,12,18,25,26,28];1:[0,4,5,6,8,9,10,11,12,14,16,18,21,22,24,25,26,28];7:[0,1,2,4,5,6,7,8,9,10,11,12,14,16,18,19,20,21,22,24,25,26,28,29,31];0:[4,5,6,8,9,10,12,14,18,21,22,24,25,26,28];2:[0,2,4,6,8,9,18,21,26,31];4:[0,4,5,6,8,9,10,11,12,14,16,18,19,21,22,24,25,26,28]","c5:bw=33,experts=[4,6,26]; c9:bw=77,experts=[4,6,8,9,12,18,26]; c6:bw=124,experts=[0,4,6,8,9,10,12,18,24,25,26,28]; c3:bw=192,experts=[0,2,4,6,8,9,10,11,12,16,18,20,21,24,25,26,28,30,31]; c8:bw=116,experts=[0,4,6,8,9,10,12,18,25,26,28]; c1:bw=183,experts=[0,4,5,6,8,9,10,11,12,14,16,18,21,22,24,25,26,28]; c7:bw=251,experts=[0,1,2,4,5,6,7,8,9,10,11,12,14,16,18,19,20,21,22,24,25,26,28,29,31]; c0:bw=151,experts=[4,5,6,8,9,10,12,14,18,21,22,24,25,26,28]; c2:bw=102,experts=[0,2,4,6,8,9,18,21,26,31]; c4:bw=192,experts=[0,4,5,6,8,9,10,11,12,14,16,18,19,21,22,24,25,26,28]","7.4986,4.5200,7.9802,6.2414,6.5011,5.3764,5.6734,5.7443,4.7300,8.1867"
64,2026-09-23 19:21:08,Ours,0.01,1.8353148238233206,48.96,48.96,64,76.0811,1:16.08,63.0121,11.7861,1.2807,4834.8486,1:20:34.85,10,"6,4,5,3,7,0,8,9,2,1",6:182;4:138;5:87;3:138;7:124;0:116;8:195;9:217;2:205;1:104,"6:[0,4,5,6,7,8,9,10,11,12,14,18,19,21,24,26,28,29];4:[3,4,6,8,9,10,12,17,18,21,24,26,28];5:[4,6,8,9,10,18,26,28];3:[4,6,8,9,10,11,12,18,21,24,25,26,28];7:[3,4,6,8,9,10,12,18,21,24,26,28];0:[3,4,6,8,9,12,18,21,25,26,28];8:[0,4,5,6,7,8,9,10,11,12,14,16,18,21,22,24,25,26,28];9:[0,2,4,5,6,8,9,10,11,12,14,17,18,19,21,22,23,24,26,28,29];2:[0,2,4,6,8,9,10,11,12,14,16,18,19,21,22,24,25,26,28,31];1:[4,6,8,9,10,12,17,18,26,28]","c6:bw=182,experts=[0,4,5,6,7,8,9,10,11,12,14,18,19,21,24,26,28,29]; c4:bw=138,experts=[3,4,6,8,9,10,12,17,18,21,24,26,28]; c5:bw=87,experts=[4,6,8,9,10,18,26,28]; c3:bw=138,experts=[4,6,8,9,10,11,12,18,21,24,25,26,28]; c7:bw=124,experts=[3,4,6,8,9,10,12,18,21,24,26,28]; c0:bw=116,experts=[3,4,6,8,9,12,18,21,25,26,28]; c8:bw=195,experts=[0,4,5,6,7,8,9,10,11,12,14,16,18,21,22,24,25,26,28]; c9:bw=217,experts=[0,2,4,5,6,8,9,10,11,12,14,17,18,19,21,22,23,24,26,28,29]; c2:bw=205,experts=[0,2,4,6,8,9,10,11,12,14,16,18,19,21,22,24,25,26,28,31]; c1:bw=104,experts=[4,6,8,9,10,12,17,18,26,28]","7.9953,8.0763,7.5537,6.6929,5.7874,5.8080,6.4927,4.5075,4.7327,5.3656"
65,2026-09-23 19:22:24,Ours,0.01,1.8330769410746188,49.83,49.83,65,76.1189,1:16.12,62.6937,12.115,1.3079,4910.997,1:21:51.00,10,"7,5,4,6,8,3,0,2,1,9",7:33;5:105;4:210;6:182;8:241;3:156;0:151;2:104;1:211;9:171,"7:[4,6,26];5:[0,4,6,8,9,10,12,18,26,28];4:[1,2,4,5,6,7,8,9,10,11,12,13,14,18,21,23,24,25,26,27,28];6:[0,4,6,8,9,10,11,12,14,16,18,21,22,24,25,26,28,31];8:[0,1,4,5,6,7,8,9,10,11,12,14,16,18,19,20,21,22,23,24,25,26,28,31];3:[0,4,6,7,8,9,10,11,12,14,18,19,21,26,28];0:[0,2,4,6,8,9,10,11,12,18,21,24,25,26,28];2:[4,6,8,9,10,12,18,21,26,28];1:[0,4,5,6,7,8,9,10,11,12,14,16,18,19,20,21,22,24,25,26,28];9:[4,6,8,9,10,11,12,14,18,19,21,22,24,25,26,28,31]","c7:bw=33,experts=[4,6,26]; c5:bw=105,experts=[0,4,6,8,9,10,12,18,26,28]; c4:bw=210,experts=[1,2,4,5,6,7,8,9,10,11,12,13,14,18,21,23,24,25,26,27,28]; c6:bw=182,experts=[0,4,6,8,9,10,11,12,14,16,18,21,22,24,25,26,28,31]; c8:bw=241,experts=[0,1,4,5,6,7,8,9,10,11,12,14,16,18,19,20,21,22,23,24,25,26,28,31]; c3:bw=156,experts=[0,4,6,7,8,9,10,11,12,14,18,19,21,26,28]; c0:bw=151,experts=[0,2,4,6,8,9,10,11,12,18,21,24,25,26,28]; c2:bw=104,experts=[4,6,8,9,10,12,18,21,26,28]; c1:bw=211,experts=[0,4,5,6,7,8,9,10,11,12,14,16,18,19,20,21,22,24,25,26,28]; c9:bw=171,experts=[4,6,8,9,10,11,12,14,18,19,21,22,24,25,26,28,31]","5.7357,7.5734,8.0999,7.9898,6.5102,6.2972,5.7877,4.7807,5.3585,4.5606"
66,2026-09-23 19:23:40,Ours,0.01,1.822795614920683,49.91,49.91,66,75.7233,1:15.72,62.3719,12.0359,1.3135,4986.7506,1:23:06.75,10,"2,5,1,8,9,6,4,0,3,7",2:149;5:63;1:198;8:88;9:115;6:108;4:152;0:139;3:244;7:184,"2:[4,5,6,8,9,10,12,14,18,21,24,25,26,28];5:[3,4,6,8,26,28];1:[0,4,5,6,7,8,9,10,11,12,14,18,21,22,23,24,25,26,28];8:[0,4,6,8,9,14,26,28];9:[0,1,2,4,6,8,9,25,26,27,31];6:[4,6,8,9,12,18,21,24,26,28];4:[0,4,5,6,8,9,10,12,14,18,21,24,25,26,28];0:[2,4,6,8,9,11,12,18,19,22,26,28,31];3:[0,2,4,5,6,7,8,9,10,11,12,13,14,16,18,19,20,21,22,24,25,26,28,31];7:[0,4,5,6,7,8,9,10,11,12,14,18,21,22,24,25,26,28]","c2:bw=149,experts=[4,5,6,8,9,10,12,14,18,21,24,25,26,28]; c5:bw=63,experts=[3,4,6,8,26,28]; c1:bw=198,experts=[0,4,5,6,7,8,9,10,11,12,14,18,21,22,23,24,25,26,28]; c8:bw=88,experts=[0,4,6,8,9,14,26,28]; c9:bw=115,experts=[0,1,2,4,6,8,9,25,26,27,31]; c6:bw=108,experts=[4,6,8,9,12,18,21,24,26,28]; c4:bw=152,experts=[0,4,5,6,8,9,10,12,14,18,21,24,25,26,28]; c0:bw=139,experts=[2,4,6,8,9,11,12,18,19,22,26,28,31]; c3:bw=244,experts=[0,2,4,5,6,7,8,9,10,11,12,13,14,16,18,19,20,21,22,24,25,26,28,31]; c7:bw=184,experts=[0,4,5,6,7,8,9,10,11,12,14,18,21,22,24,25,26,28]","4.7457,7.4880,5.3829,6.4850,4.5192,7.9817,8.0846,5.7454,6.2405,5.6988"
67,2026-09-23 19:24:56,Ours,0.01,1.813805454023098,49.84,49.91,66,76.0549,1:16.05,62.3882,12.3658,1.2988,5062.8367,1:24:22.84,10,"4,5,1,3,6,0,2,9,7,8",4:188;5:177;1:134;3:93;6:194;0:119;2:157;9:219;7:215;8:33,"4:[0,4,5,6,7,8,9,10,11,12,14,18,21,22,24,25,26,28];5:[0,4,6,8,9,10,12,14,16,18,21,22,24,25,26,28,31];1:[4,5,6,8,9,10,11,12,14,18,21,24,26];3:[4,6,8,9,10,12,18,26,28];6:[0,2,4,5,6,8,9,10,12,13,18,19,21,22,24,25,26,28,30];0:[0,2,4,6,8,9,10,18,25,26,28];2:[0,4,5,6,7,8,9,10,12,18,19,21,24,26,28];9:[0,1,2,4,6,8,9,10,11,12,13,15,18,19,21,25,26,27,28,30,31];7:[0,4,5,6,7,8,9,10,11,12,14,16,18,19,20,21,22,24,25,26,28];8:[3,4,6]","c4:bw=188,experts=[0,4,5,6,7,8,9,10,11,12,14,18,21,22,24,25,26,28]; c5:bw=177,experts=[0,4,6,8,9,10,12,14,16,18,21,22,24,25,26,28,31]; c1:bw=134,experts=[4,5,6,8,9,10,11,12,14,18,21,24,26]; c3:bw=93,experts=[4,6,8,9,10,12,18,26,28]; c6:bw=194,experts=[0,2,4,5,6,8,9,10,12,13,18,19,21,22,24,25,26,28,30]; c0:bw=119,experts=[0,2,4,6,8,9,10,18,25,26,28]; c2:bw=157,experts=[0,4,5,6,7,8,9,10,12,18,19,21,24,26,28]; c9:bw=219,experts=[0,1,2,4,6,8,9,10,11,12,13,15,18,19,21,25,26,27,28,30,31]; c7:bw=215,experts=[0,4,5,6,7,8,9,10,11,12,14,16,18,19,20,21,22,24,25,26,28]; c8:bw=33,experts=[3,4,6]","8.1285,7.4693,5.3253,6.2770,8.0157,5.7797,4.7615,4.4853,5.6902,6.4558"
68,2026-09-23 19:26:12,Ours,0.01,1.7952536292518926,50.33,50.33,68,75.5589,1:15.56,62.5355,11.7312,1.2879,5138.4288,1:25:38.43,10,"1,8,2,0,3,4,5,9,7,6",1:153;8:114;2:214;0:110;3:94;4:180;5:163;9:57;7:102;6:116,"1:[0,4,5,6,8,9,10,11,12,18,21,24,25,26,28];8:[4,6,8,9,12,15,18,21,24,26,28];2:[0,1,2,4,6,8,9,10,12,13,16,17,18,19,21,22,25,26,27,30,31];0:[0,4,6,8,9,10,12,18,21,26,28];3:[0,4,6,8,9,18,22,26,28];4:[0,2,4,6,8,9,10,12,15,16,18,21,22,24,25,26,28,29];5:[0,4,5,6,8,9,10,11,12,17,18,21,24,25,26,28];9:[4,6,8,9,26];7:[4,6,8,9,10,18,21,24,25,26];6:[0,4,6,8,9,12,18,21,24,26,28]","c1:bw=153,experts=[0,4,5,6,8,9,10,11,12,18,21,24,25,26,28]; c8:bw=114,experts=[4,6,8,9,12,15,18,21,24,26,28]; c2:bw=214,experts=[0,1,2,4,6,8,9,10,12,13,16,17,18,19,21,22,25,26,27,30,31]; c0:bw=110,experts=[0,4,6,8,9,10,12,18,21,26,28]; c3:bw=94,experts=[0,4,6,8,9,18,22,26,28]; c4:bw=180,experts=[0,2,4,6,8,9,10,12,15,16,18,21,22,24,25,26,28,29]; c5:bw=163,experts=[0,4,5,6,8,9,10,11,12,17,18,21,24,25,26,28]; c9:bw=57,experts=[4,6,8,9,26]; c7:bw=102,experts=[4,6,8,9,10,18,21,24,25,26]; c6:bw=116,experts=[0,4,6,8,9,12,18,21,24,26,28]","5.3662,6.5297,4.7679,5.7838,6.2786,8.1217,7.4683,4.4904,5.7371,7.9917"
69,2026-09-23 19:27:28,Ours,0.01,1.7872467992592558,51.25,51.25,69,76.1668,1:16.17,62.6587,12.2026,1.3033,5214.6262,1:26:54.63,10,"3,7,1,4,9,5,0,2,8,6",3:152;7:214;1:115;4:152;9:130;5:145;0:192;2:243;8:154;6:96,"3:[4,5,6,8,9,10,12,14,17,18,21,24,25,26,28];7:[0,4,5,6,7,8,9,10,11,12,14,16,18,19,20,21,22,24,25,26,28];1:[4,6,8,9,10,12,18,21,24,26,28];4:[0,4,5,6,8,9,10,12,14,18,21,24,25,26,28];9:[4,5,6,8,9,10,12,18,21,24,25,26,28];5:[4,5,6,8,9,10,12,14,18,21,24,25,26,28];0:[0,4,5,6,7,8,9,10,11,12,14,16,18,21,22,24,25,26,28];2:[0,2,4,5,6,8,9,10,11,12,13,14,16,17,18,19,21,22,25,26,28,29,30,31];8:[0,4,5,6,8,9,10,12,14,18,21,24,25,26,28];6:[4,5,6,8,9,17,18,21,26]","c3:bw=152,experts=[4,5,6,8,9,10,12,14,17,18,21,24,25,26,28]; c7:bw=214,experts=[0,4,5,6,7,8,9,10,11,12,14,16,18,19,20,21,22,24,25,26,28]; c1:bw=115,experts=[4,6,8,9,10,12,18,21,24,26,28]; c4:bw=152,experts=[0,4,5,6,8,9,10,12,14,18,21,24,25,26,28]; c9:bw=130,experts=[4,5,6,8,9,10,12,18,21,24,25,26,28]; c5:bw=145,experts=[4,5,6,8,9,10,12,14,18,21,24,25,26,28]; c0:bw=192,experts=[0,4,5,6,7,8,9,10,11,12,14,16,18,21,22,24,25,26,28]; c2:bw=243,experts=[0,2,4,5,6,8,9,10,11,12,13,14,16,17,18,19,21,22,25,26,28,29,30,31]; c8:bw=154,experts=[0,4,5,6,8,9,10,12,14,18,21,24,25,26,28]; c6:bw=96,experts=[4,5,6,8,9,17,18,21,26]","6.2812,5.7215,5.3861,8.1439,4.5179,7.5044,5.8679,4.7721,6.4911,7.9727"
70,2026-09-23 19:28:43,Ours,0.01,1.779661524643641,51.31,51.31,70,75.474,1:15.47,62.8212,11.353,1.2978,5290.1328,1:28:10.13,10,"1,9,7,3,0,6,2,4,5,8",1:89;9:10;7:103;3:116;0:110;6:94;2:202;4:212;5:83;8:176,"1:[4,5,6,8,9,21,24,26];9:[4];7:[4,6,8,9,12,18,21,25,26,28];3:[4,5,6,8,9,12,18,21,24,26,28];0:[0,4,6,8,9,10,12,18,21,26,28];6:[4,6,8,9,10,18,21,24,26];2:[0,2,4,5,6,7,8,9,10,11,12,13,18,19,21,24,26,28,30,31];4:[0,4,5,6,7,8,9,10,11,12,14,16,18,19,20,21,22,24,25,26,28];5:[0,2,4,5,6,26,30,31];8:[2,4,5,6,8,10,11,12,13,14,17,18,21,24,25,26,28]","c1:bw=89,experts=[4,5,6,8,9,21,24,26]; c9:bw=10,experts=[4]; c7:bw=103,experts=[4,6,8,9,12,18,21,25,26,28]; c3:bw=116,experts=[4,5,6,8,9,12,18,21,24,26,28]; c0:bw=110,experts=[0,4,6,8,9,10,12,18,21,26,28]; c6:bw=94,experts=[4,6,8,9,10,18,21,24,26]; c2:bw=202,experts=[0,2,4,5,6,7,8,9,10,11,12,13,18,19,21,24,26,28,30,31]; c4:bw=212,experts=[0,4,5,6,7,8,9,10,11,12,14,16,18,19,20,21,22,24,25,26,28]; c5:bw=83,experts=[0,2,4,5,6,26,30,31]; c8:bw=176,experts=[2,4,5,6,8,10,11,12,13,14,17,18,21,24,25,26,28]","5.4134,4.4880,5.7095,6.2992,5.8060,8.0133,4.7782,8.1252,7.6948,6.4935"
71,2026-09-23 19:29:59,Ours,0.01,1.7705058703204102,52.41,52.41,71,76.0639,1:16.06,62.6013,12.1763,1.2842,5366.2285,1:29:26.23,10,"4,0,1,9,7,5,3,6,8,2",4:155;0:59;1:191;9:147;7:75;5:123;3:226;6:182;8:141;2:222,"4:[0,2,4,6,8,9,10,12,13,16,18,19,21,26,28];0:[2,4,6,8,26];1:[0,2,4,5,6,7,8,9,10,12,15,18,19,21,24,26,28,29,31];9:[4,6,8,9,10,12,16,18,21,22,24,25,26,28];7:[0,4,6,8,9,18,26];5:[0,2,4,5,6,9,12,18,22,24,26,31];3:[0,2,4,5,6,8,9,10,11,12,13,14,16,18,19,21,22,24,26,27,28,31];6:[0,2,4,5,6,8,9,12,13,17,18,19,21,22,24,25,26,28];8:[0,2,4,5,6,8,9,10,12,13,24,26,29,31];2:[0,4,5,6,7,8,9,10,11,12,13,14,16,18,19,20,21,22,24,25,26,28]","c4:bw=155,experts=[0,2,4,6,8,9,10,12,13,16,18,19,21,26,28]; c0:bw=59,experts=[2,4,6,8,26]; c1:bw=191,experts=[0,2,4,5,6,7,8,9,10,12,15,18,19,21,24,26,28,29,31]; c9:bw=147,experts=[4,6,8,9,10,12,16,18,21,22,24,25,26,28]; c7:bw=75,experts=[0,4,6,8,9,18,26]; c5:bw=123,experts=[0,2,4,5,6,9,12,18,22,24,26,31]; c3:bw=226,experts=[0,2,4,5,6,8,9,10,11,12,13,14,16,18,19,21,22,24,26,27,28,31]; c6:bw=182,experts=[0,2,4,5,6,8,9,12,13,17,18,19,21,22,24,25,26,28]; c8:bw=141,experts=[0,2,4,5,6,8,9,10,12,13,24,26,29,31]; c2:bw=222,experts=[0,4,5,6,7,8,9,10,11,12,13,14,16,18,19,20,21,22,24,25,26,28]","8.2923,5.7380,5.3548,4.4609,5.7146,7.4831,6.3055,7.9998,6.4933,4.7591"
72,2026-09-23 19:31:15,Ours,0.01,1.7633738395624419,51.65,52.41,71,75.0843,1:15.08,62.4188,11.3346,1.3289,5441.3598,1:30:41.36,10,"8,1,5,7,6,0,3,2,9,4",8:109;1:145;5:158;7:177;6:70;0:191;3:84;2:84;9:139;4:144,"8:[4,5,6,8,9,10,18,21,24,26];1:[0,3,4,6,7,8,9,10,12,14,18,21,26,28];5:[2,4,5,6,8,9,10,11,12,18,19,21,24,26,28];7:[0,2,4,6,8,9,10,11,13,16,18,21,24,25,26,30,31];6:[4,6,8,9,18,26,28];0:[0,2,4,6,8,9,10,11,12,13,14,16,18,21,23,24,25,26,31];3:[4,6,8,9,10,11,18,26];2:[3,4,6,8,9,12,18,26];9:[0,3,4,6,8,9,10,12,18,21,24,26,28];4:[4,5,6,8,9,10,11,12,14,18,21,24,26,28]","c8:bw=109,experts=[4,5,6,8,9,10,18,21,24,26]; c1:bw=145,experts=[0,3,4,6,7,8,9,10,12,14,18,21,26,28]; c5:bw=158,experts=[2,4,5,6,8,9,10,11,12,18,19,21,24,26,28]; c7:bw=177,experts=[0,2,4,6,8,9,10,11,13,16,18,21,24,25,26,30,31]; c6:bw=70,experts=[4,6,8,9,18,26,28]; c0:bw=191,experts=[0,2,4,6,8,9,10,11,12,13,14,16,18,21,23,24,25,26,31]; c3:bw=84,experts=[4,6,8,9,10,11,18,26]; c2:bw=84,experts=[3,4,6,8,9,12,18,26]; c9:bw=139,experts=[0,3,4,6,8,9,10,12,18,21,24,26,28]; c4:bw=144,experts=[4,5,6,8,9,10,11,12,14,18,21,24,26,28]","6.5137,5.3823,7.4956,5.6706,7.9851,5.7628,6.2789,4.7591,4.4942,8.0765"
73,2026-09-23 19:32:30,Ours,0.01,1.7561952764337232,52.92,52.92,73,75.0538,1:15.05,62.3676,11.3823,1.2986,5516.4454,1:31:56.45,10,"2,8,3,1,5,9,0,7,6,4",2:173;8:39;3:145;1:242;5:62;9:190;0:103;7:135;6:73;4:150,"2:[0,4,5,6,7,8,9,10,11,12,14,18,21,24,25,26,28];8:[4,6,26];3:[0,4,5,6,8,9,10,11,12,18,21,25,26,28];1:[0,1,4,5,6,7,8,9,10,11,12,14,16,18,19,20,21,22,23,24,25,26,28,31];5:[4,6,8,9,21,26];9:[0,4,5,6,7,8,9,10,11,12,14,18,19,20,21,24,25,26,28];0:[4,6,8,9,10,18,21,25,26,28];7:[4,5,6,8,9,10,12,14,18,21,24,26,28];6:[4,6,8,9,18,21,26];4:[0,2,4,5,6,8,9,10,12,16,18,21,26,28,31]","c2:bw=173,experts=[0,4,5,6,7,8,9,10,11,12,14,18,21,24,25,26,28]; c8:bw=39,experts=[4,6,26]; c3:bw=145,experts=[0,4,5,6,8,9,10,11,12,18,21,25,26,28]; c1:bw=242,experts=[0,1,4,5,6,7,8,9,10,11,12,14,16,18,19,20,21,22,23,24,25,26,28,31]; c5:bw=62,experts=[4,6,8,9,21,26]; c9:bw=190,experts=[0,4,5,6,7,8,9,10,11,12,14,18,19,20,21,24,25,26,28]; c0:bw=103,experts=[4,6,8,9,10,18,21,25,26,28]; c7:bw=135,experts=[4,5,6,8,9,10,12,14,18,21,24,26,28]; c6:bw=73,experts=[4,6,8,9,18,21,26]; c4:bw=150,experts=[0,2,4,5,6,8,9,10,12,16,18,21,26,28,31]","4.8320,6.5251,6.2580,5.3467,7.4724,4.4847,5.7773,5.6874,7.9299,8.0541"
74,2026-09-23 19:33:45,Ours,0.01,1.7496348308867298,52.66,52.92,73,75.2019,1:15.20,62.4019,11.4795,1.3188,5591.6801,1:33:11.68,10,"3,0,1,5,7,8,6,2,4,9",3:26;0:146;1:101;5:184;7:238;8:104;6:30;2:21;4:172;9:117,"3:[4,6];0:[2,4,5,6,8,9,12,13,18,22,24,26,28,31];1:[4,5,6,8,9,10,18,21,26,28];5:[0,2,4,6,9,10,11,12,13,16,18,22,23,24,26,28,30,31];7:[0,1,2,4,5,6,7,8,9,10,11,12,13,14,18,19,21,22,24,25,26,28,31];8:[4,6,8,9,10,12,18,21,24,26];6:[3,4,6];2:[4,6];4:[2,4,6,8,9,10,11,12,13,14,16,18,21,22,26,28,31];9:[4,6,8,9,10,18,21,24,25,26,28]","c3:bw=26,experts=[4,6]; c0:bw=146,experts=[2,4,5,6,8,9,12,13,18,22,24,26,28,31]; c1:bw=101,experts=[4,5,6,8,9,10,18,21,26,28]; c5:bw=184,experts=[0,2,4,6,9,10,11,12,13,16,18,22,23,24,26,28,30,31]; c7:bw=238,experts=[0,1,2,4,5,6,7,8,9,10,11,12,13,14,18,19,21,22,24,25,26,28,31]; c8:bw=104,experts=[4,6,8,9,10,12,18,21,24,26]; c6:bw=30,experts=[3,4,6]; c2:bw=21,experts=[4,6]; c4:bw=172,experts=[2,4,6,8,9,10,11,12,13,14,16,18,21,22,26,28,31]; c9:bw=117,experts=[4,6,8,9,10,18,21,24,25,26,28]","6.2895,5.7641,5.3793,7.5031,5.7455,6.4975,8.0026,4.7499,8.0100,4.4604"
75,2026-09-23 19:35:01,Ours,0.01,1.7414939363459936,52.78,52.92,73,75.8115,1:15.81,62.4574,12.0388,1.3134,5667.5264,1:34:27.53,10,"2,9,1,3,7,6,5,4,0,8",2:145;9:223;1:198;3:72;7:104;6:204;5:114;4:207;0:222;8:195,"2:[4,5,6,8,9,10,11,12,18,21,24,25,26,28];9:[0,2,4,5,6,7,8,9,10,11,12,13,14,18,19,20,21,23,24,25,26,28];1:[4,5,6,7,8,9,10,11,12,13,14,18,19,20,21,24,25,26,28];3:[4,6,8,9,10,21,26];7:[4,5,6,8,9,11,12,18,26,28];6:[0,2,4,5,6,8,9,10,11,12,13,16,18,19,21,24,25,26,28,31];5:[4,5,6,8,9,10,18,21,24,26,28];4:[0,2,4,5,6,7,8,9,10,11,12,14,16,18,19,21,22,25,26,28];0:[0,1,2,4,5,6,7,8,9,10,11,12,13,14,18,21,22,23,24,25,26,28];8:[4,5,6,8,9,10,11,12,14,16,18,19,21,22,24,25,26,28,31]","c2:bw=145,experts=[4,5,6,8,9,10,11,12,18,21,24,25,26,28]; c9:bw=223,experts=[0,2,4,5,6,7,8,9,10,11,12,13,14,18,19,20,21,23,24,25,26,28]; c1:bw=198,experts=[4,5,6,7,8,9,10,11,12,13,14,18,19,20,21,24,25,26,28]; c3:bw=72,experts=[4,6,8,9,10,21,26]; c7:bw=104,experts=[4,5,6,8,9,11,12,18,26,28]; c6:bw=204,experts=[0,2,4,5,6,8,9,10,11,12,13,16,18,19,21,24,25,26,28,31]; c5:bw=114,experts=[4,5,6,8,9,10,18,21,24,26,28]; c4:bw=207,experts=[0,2,4,5,6,7,8,9,10,11,12,14,16,18,19,21,22,25,26,28]; c0:bw=222,experts=[0,1,2,4,5,6,7,8,9,10,11,12,13,14,18,21,22,23,24,25,26,28]; c8:bw=195,experts=[4,5,6,8,9,10,11,12,14,16,18,19,21,22,24,25,26,28,31]","4.7646,4.5051,5.3698,6.2797,5.7070,7.9869,7.4868,8.1341,5.7447,6.4787"
76,2026-09-23 19:36:16,Ours,0.01,1.7276831368362449,53.82,53.82,76,75.682,1:15.68,62.6117,11.7448,1.3236,5743.2407,1:35:43.24,10,"8,5,0,3,2,6,7,4,9,1",8:105;5:136;0:114;3:54;2:91;6:86;7:244;4:221;9:210;1:196,"8:[4,5,6,7,8,9,11,12,18,26];5:[4,5,6,8,9,10,12,14,18,21,24,26,28];0:[4,5,6,8,9,12,18,21,24,26,28];3:[4,6,8,9,26];2:[4,6,8,9,12,18,21,24,26];6:[4,5,6,8,9,18,21,26];7:[0,1,4,5,6,7,8,9,10,11,12,14,16,18,19,20,21,22,23,24,25,26,28,31];4:[0,1,4,5,6,7,8,9,10,11,12,14,16,18,19,20,21,22,24,25,26,28];9:[0,4,5,6,7,8,9,10,11,12,14,16,18,19,20,21,22,24,25,26,28];1:[2,4,5,6,7,8,9,10,12,14,18,19,21,22,24,25,26,28,29]","c8:bw=105,experts=[4,5,6,7,8,9,11,12,18,26]; c5:bw=136,experts=[4,5,6,8,9,10,12,14,18,21,24,26,28]; c0:bw=114,experts=[4,5,6,8,9,12,18,21,24,26,28]; c3:bw=54,experts=[4,6,8,9,26]; c2:bw=91,experts=[4,6,8,9,12,18,21,24,26]; c6:bw=86,experts=[4,5,6,8,9,18,21,26]; c7:bw=244,experts=[0,1,4,5,6,7,8,9,10,11,12,14,16,18,19,20,21,22,23,24,25,26,28,31]; c4:bw=221,experts=[0,1,4,5,6,7,8,9,10,11,12,14,16,18,19,20,21,22,24,25,26,28]; c9:bw=210,experts=[0,4,5,6,7,8,9,10,11,12,14,16,18,19,20,21,22,24,25,26,28]; c1:bw=196,experts=[2,4,5,6,7,8,9,10,12,14,18,19,21,22,24,25,26,28,29]","6.5241,7.5474,5.7751,6.2501,4.7683,8.0120,5.7597,8.1010,4.5004,5.3735"
77,2026-09-23 19:37:32,Ours,0.01,1.7209885789559523,54.11,54.11,77,75.7478,1:15.75,62.5754,11.8497,1.3209,5819.0217,1:36:59.02,10,"9,2,1,8,4,7,6,0,3,5",9:106;2:126;1:229;8:10;4:16;7:31;6:209;0:232;3:148;5:217,"9:[2,4,6,8,9,10,13,25,26,31];2:[0,4,6,8,9,10,12,14,15,18,26,28];1:[0,1,4,5,6,7,8,9,10,11,12,14,16,18,19,20,21,22,24,25,26,28];8:[4];4:[4];7:[4,6,26];6:[0,4,5,6,7,8,9,10,11,12,14,16,18,20,21,22,24,25,26,28];0:[0,2,4,5,6,8,9,10,12,13,14,16,18,20,21,22,24,25,26,27,28,29,31];3:[4,6,8,9,10,12,14,16,18,21,25,26,28,31];5:[0,4,5,6,7,8,9,10,11,12,14,16,18,19,20,21,22,24,25,26,28]","c9:bw=106,experts=[2,4,6,8,9,10,13,25,26,31]; c2:bw=126,experts=[0,4,6,8,9,10,12,14,15,18,26,28]; c1:bw=229,experts=[0,1,4,5,6,7,8,9,10,11,12,14,16,18,19,20,21,22,24,25,26,28]; c8:bw=10,experts=[4]; c4:bw=16,experts=[4]; c7:bw=31,experts=[4,6,26]; c6:bw=209,experts=[0,4,5,6,7,8,9,10,11,12,14,16,18,20,21,22,24,25,26,28]; c0:bw=232,experts=[0,2,4,5,6,8,9,10,12,13,14,16,18,20,21,22,24,25,26,27,28,29,31]; c3:bw=148,experts=[4,6,8,9,10,12,14,16,18,21,25,26,28,31]; c5:bw=217,experts=[0,4,5,6,7,8,9,10,11,12,14,16,18,19,20,21,22,24,25,26,28]","4.4531,4.7719,5.4006,6.4841,8.1090,5.7253,8.0251,5.8816,6.2431,7.4817"
78,2026-09-23 19:38:47,Ours,0.01,1.7174965889564802,54.38,54.38,78,74.9654,1:14.97,62.269,11.3719,1.3226,5894.0205,1:38:14.02,10,"0,4,3,7,8,1,9,6,5,2",0:97;4:84;3:138;7:133;8:197;1:149;9:113;6:211;5:231;2:126,"0:[4,6,8,9,12,18,24,26,28];4:[4,5,6,8,9,14,24,26];3:[4,5,6,8,9,10,11,12,14,18,21,24,26];7:[0,2,4,6,7,8,9,10,12,18,19,24,26];8:[0,4,5,6,8,9,10,11,12,14,16,18,20,21,22,24,25,26,28];1:[0,4,5,6,8,9,10,11,12,18,21,24,26,28];9:[0,4,6,8,9,10,18,21,25,26,28];6:[0,4,5,6,8,9,10,11,12,14,16,18,19,20,21,22,24,25,26,28,31];5:[0,1,4,5,6,7,8,9,10,11,12,14,16,18,19,20,21,22,24,25,26,28,31];2:[4,5,6,8,9,10,12,14,18,21,24,26]","c0:bw=97,experts=[4,6,8,9,12,18,24,26,28]; c4:bw=84,experts=[4,5,6,8,9,14,24,26]; c3:bw=138,experts=[4,5,6,8,9,10,11,12,14,18,21,24,26]; c7:bw=133,experts=[0,2,4,6,7,8,9,10,12,18,19,24,26]; c8:bw=197,experts=[0,4,5,6,8,9,10,11,12,14,16,18,20,21,22,24,25,26,28]; c1:bw=149,experts=[0,4,5,6,8,9,10,11,12,18,21,24,26,28]; c9:bw=113,experts=[0,4,6,8,9,10,18,21,25,26,28]; c6:bw=211,experts=[0,4,5,6,8,9,10,11,12,14,16,18,19,20,21,22,24,25,26,28,31]; c5:bw=231,experts=[0,1,4,5,6,7,8,9,10,11,12,14,16,18,19,20,21,22,24,25,26,28,31]; c2:bw=126,experts=[4,5,6,8,9,10,12,14,18,21,24,26]","5.7129,8.0891,6.2168,5.6978,6.4881,5.3686,4.4921,7.9948,7.4960,4.7129"
79,2026-09-23 19:40:04,Ours,0.01,1.7008478463528285,54.53,54.53,79,76.4685,1:16.47,62.3442,12.813,1.3095,5970.5221,1:39:30.52,10,"6,9,0,4,7,8,5,3,1,2",6:77;9:34;0:131;4:311;7:168;8:163;5:195;3:96;1:136;2:122,"6:[4,6,8,9,18,21,26];9:[4,6,26];0:[4,6,8,9,10,12,14,18,21,25,26,28,31];4:[0,1,2,4,5,6,7,8,9,10,11,12,13,14,15,16,17,18,19,20,21,22,23,24,25,26,27,28,29,30,31];7:[4,5,6,8,9,10,11,12,14,16,18,21,24,25,26,28];8:[0,4,5,6,7,8,9,10,11,12,14,18,21,24,26,28];5:[4,5,6,7,8,9,10,11,12,14,16,18,20,21,24,25,26,27,28];3:[3,4,6,8,9,21,25,26,28];1:[4,5,6,8,9,10,12,14,18,21,24,26,28];2:[2,4,6,7,8,9,11,12,17,18,23,26]","c6:bw=77,experts=[4,6,8,9,18,21,26]; c9:bw=34,experts=[4,6,26]; c0:bw=131,experts=[4,6,8,9,10,12,14,18,21,25,26,28,31]; c4:bw=311,experts=[0,1,2,4,5,6,7,8,9,10,11,12,13,14,15,16,17,18,19,20,21,22,23,24,25,26,27,28,29,30,31]; c7:bw=168,experts=[4,5,6,8,9,10,11,12,14,16,18,21,24,25,26,28]; c8:bw=163,experts=[0,4,5,6,7,8,9,10,11,12,14,18,21,24,26,28]; c5:bw=195,experts=[4,5,6,7,8,9,10,11,12,14,16,18,20,21,24,25,26,27,28]; c3:bw=96,experts=[3,4,6,8,9,21,25,26,28]; c1:bw=136,experts=[4,5,6,8,9,10,12,14,18,21,24,26,28]; c2:bw=122,experts=[2,4,6,7,8,9,11,12,17,18,23,26]","7.9850,4.4678,5.7878,8.1069,5.7065,6.4788,7.4581,6.2294,5.3540,4.7697"
80,2026-09-23 19:41:20,Ours,0.01,1.6970123765937135,54.66,54.66,80,75.9968,1:16.00,62.532,12.1508,1.312,6046.5549,1:40:46.55,10,"5,9,7,1,3,4,2,0,6,8",5:240;9:193;7:174;1:112;3:115;4:210;2:160;0:174;6:144;8:187,"5:[0,2,4,5,6,7,8,9,10,11,12,13,14,16,18,20,21,22,24,25,26,28,30,31];9:[0,4,5,6,8,9,10,11,12,14,18,20,21,22,24,25,26,28,31];7:[4,5,6,8,9,10,11,12,14,16,18,21,22,24,25,26,28];1:[4,5,6,8,9,10,12,18,21,24,26];3:[2,4,6,8,9,10,11,12,18,21,26];4:[0,2,4,5,6,7,8,9,10,11,12,13,14,16,18,19,21,22,25,26,28];2:[0,4,5,6,8,9,10,11,12,14,18,21,24,25,26,28];0:[4,5,6,7,8,9,10,11,12,14,17,18,21,24,25,26,28];6:[0,4,5,6,8,9,10,12,13,16,18,26,28,31];8:[0,4,5,6,7,8,9,10,11,12,14,18,20,21,24,25,26,28]","c5:bw=240,experts=[0,2,4,5,6,7,8,9,10,11,12,13,14,16,18,20,21,22,24,25,26,28,30,31]; c9:bw=193,experts=[0,4,5,6,8,9,10,11,12,14,18,20,21,22,24,25,26,28,31]; c7:bw=174,experts=[4,5,6,8,9,10,11,12,14,16,18,21,22,24,25,26,28]; c1:bw=112,experts=[4,5,6,8,9,10,12,18,21,24,26]; c3:bw=115,experts=[2,4,6,8,9,10,11,12,18,21,26]; c4:bw=210,experts=[0,2,4,5,6,7,8,9,10,11,12,13,14,16,18,19,21,22,25,26,28]; c2:bw=160,experts=[0,4,5,6,8,9,10,11,12,14,18,21,24,25,26,28]; c0:bw=174,experts=[4,5,6,7,8,9,10,11,12,14,17,18,21,24,25,26,28]; c6:bw=144,experts=[0,4,5,6,8,9,10,12,13,16,18,26,28,31]; c8:bw=187,experts=[0,4,5,6,7,8,9,10,11,12,14,18,20,21,24,25,26,28]","7.4885,4.4913,5.7170,5.3568,6.2835,8.0972,4.7771,5.7878,7.9862,6.5465"
81,2026-09-23 19:42:36,Ours,0.01,1.6936780787054861,54.77,54.77,81,75.9261,1:15.93,62.5382,12.0918,1.2941,6122.5157,1:42:02.52,10,"6,2,3,1,4,5,9,7,8,0",6:188;2:165;3:245;1:181;4:154;5:111;9:97;7:212;8:175;0:184,"6:[0,4,5,6,7,8,9,10,11,12,14,18,19,21,24,25,26,28];2:[0,4,5,6,8,9,10,11,12,16,18,20,24,26,28,31];3:[0,1,4,5,6,7,8,9,10,11,12,14,16,18,19,20,21,22,23,24,25,26,28,31];1:[0,4,5,6,7,8,9,10,11,12,14,16,18,21,24,25,26,28];4:[2,4,5,6,8,9,10,11,12,14,18,21,24,26,31];5:[4,5,6,8,9,10,18,21,24,26,29];9:[4,6,8,9,18,21,25,26,28];7:[0,1,4,5,6,7,8,9,10,11,12,14,16,18,20,21,22,24,25,26,28];8:[0,4,5,6,7,8,9,10,11,12,14,18,21,24,25,26,28];0:[0,2,4,5,6,8,9,10,12,14,16,18,21,24,25,26,28,31]","c6:bw=188,experts=[0,4,5,6,7,8,9,10,11,12,14,18,19,21,24,25,26,28]; c2:bw=165,experts=[0,4,5,6,8,9,10,11,12,16,18,20,24,26,28,31]; c3:bw=245,experts=[0,1,4,5,6,7,8,9,10,11,12,14,16,18,19,20,21,22,23,24,25,26,28,31]; c1:bw=181,experts=[0,4,5,6,7,8,9,10,11,12,14,16,18,21,24,25,26,28]; c4:bw=154,experts=[2,4,5,6,8,9,10,11,12,14,18,21,24,26,31]; c5:bw=111,experts=[4,5,6,8,9,10,18,21,24,26,29]; c9:bw=97,experts=[4,6,8,9,18,21,25,26,28]; c7:bw=212,experts=[0,1,4,5,6,7,8,9,10,11,12,14,16,18,20,21,22,24,25,26,28]; c8:bw=175,experts=[0,4,5,6,7,8,9,10,11,12,14,18,21,24,25,26,28]; c0:bw=184,experts=[0,2,4,5,6,8,9,10,12,14,16,18,21,24,25,26,28,31]","7.9906,4.7548,6.2744,5.3837,8.1298,7.5592,4.4980,5.7040,6.5005,5.7432"
82,2026-09-23 19:43:52,Ours,0.01,1.6866599006850476,54.96,54.96,82,76.4238,1:16.42,62.7189,12.418,1.2849,6198.9734,1:43:18.97,10,"1,0,6,8,7,3,2,9,5,4",1:235;0:110;6:134;8:212;7:146;3:144;2:109;9:204;5:147;4:108,"1:[0,1,4,5,6,7,8,9,10,11,12,14,16,18,19,20,21,22,24,25,26,28,31];0:[0,2,4,6,8,9,10,12,18,26,28];6:[2,4,6,8,9,10,13,17,18,21,25,26,31];8:[1,2,4,5,6,8,9,10,11,13,14,15,16,20,21,25,26,27,28,30,31];7:[4,5,6,8,9,10,11,12,14,18,21,24,26,28];3:[4,5,6,8,9,10,11,12,14,18,21,24,26,28];2:[4,5,6,8,9,10,18,21,24,26];9:[4,5,6,8,9,10,11,12,14,16,18,19,20,21,22,24,25,26,28,31];5:[4,5,6,8,9,10,11,12,14,18,21,24,26,28];4:[4,5,6,8,9,12,18,24,26,28]","c1:bw=235,experts=[0,1,4,5,6,7,8,9,10,11,12,14,16,18,19,20,21,22,24,25,26,28,31]; c0:bw=110,experts=[0,2,4,6,8,9,10,12,18,26,28]; c6:bw=134,experts=[2,4,6,8,9,10,13,17,18,21,25,26,31]; c8:bw=212,experts=[1,2,4,5,6,8,9,10,11,13,14,15,16,20,21,25,26,27,28,30,31]; c7:bw=146,experts=[4,5,6,8,9,10,11,12,14,18,21,24,26,28]; c3:bw=144,experts=[4,5,6,8,9,10,11,12,14,18,21,24,26,28]; c2:bw=109,experts=[4,5,6,8,9,10,18,21,24,26]; c9:bw=204,experts=[4,5,6,8,9,10,11,12,14,16,18,19,20,21,22,24,25,26,28,31]; c5:bw=147,experts=[4,5,6,8,9,10,11,12,14,18,21,24,26,28]; c4:bw=108,experts=[4,5,6,8,9,12,18,24,26,28]","5.3811,5.8194,8.0313,6.5510,5.7269,6.3149,4.7744,4.5447,7.5057,8.0695"
83,2026-09-23 19:45:07,Ours,0.01,1.6731246241647877,55.01,55.01,83,75.1319,1:15.13,62.3988,11.4229,1.3083,6274.139,1:44:34.14,10,"9,4,2,7,5,0,6,1,8,3",9:189;4:37;2:150;7:137;5:10;0:10;6:193;1:232;8:144;3:155,"9:[0,4,5,6,7,8,9,10,12,14,18,19,20,21,24,25,26,28];4:[4,6,26];2:[4,5,6,8,9,10,12,14,18,21,22,24,25,26,28];7:[4,5,6,8,9,10,11,12,18,21,24,25,26];5:[4];0:[4];6:[4,5,6,7,8,9,10,11,12,14,15,18,19,21,24,25,26,27,28];1:[0,4,5,6,7,8,9,10,11,12,14,18,19,20,21,22,23,24,25,26,28,29,31];8:[0,4,5,6,8,9,10,12,16,18,20,24,26,28];3:[4,5,6,8,9,10,11,12,14,18,21,22,24,26,28]","c9:bw=189,experts=[0,4,5,6,7,8,9,10,12,14,18,19,20,21,24,25,26,28]; c4:bw=37,experts=[4,6,26]; c2:bw=150,experts=[4,5,6,8,9,10,12,14,18,21,22,24,25,26,28]; c7:bw=137,experts=[4,5,6,8,9,10,11,12,18,21,24,25,26]; c5:bw=10,experts=[4]; c0:bw=10,experts=[4]; c6:bw=193,experts=[4,5,6,7,8,9,10,11,12,14,15,18,19,21,24,25,26,27,28]; c1:bw=232,experts=[0,4,5,6,7,8,9,10,11,12,14,18,19,20,21,22,23,24,25,26,28,29,31]; c8:bw=144,experts=[0,4,5,6,8,9,10,12,16,18,20,24,26,28]; c3:bw=155,experts=[4,5,6,8,9,10,11,12,14,18,21,22,24,26,28]","4.4920,8.1223,4.7600,5.7351,7.4753,5.7717,7.9931,5.3745,6.4513,6.2236"
84,2026-09-23 19:46:23,Ours,0.01,1.6634121571022575,55.53,55.53,84,75.2473,1:15.25,62.4183,11.5062,1.3208,6349.4214,1:45:49.42,10,"8,3,1,6,9,2,7,5,4,0",8:245;3:118;1:213;6:13;9:75;2:134;7:172;5:73;4:100;0:37,"8:[0,2,4,5,6,8,9,10,11,13,14,15,16,18,19,20,21,24,25,26,27,28,30,31];3:[4,5,6,8,9,10,12,18,21,26,28];1:[0,1,2,4,5,6,8,9,12,14,15,16,19,20,22,24,25,26,27,30,31];6:[4];9:[4,5,6,8,9,24,26];2:[4,5,6,8,9,10,12,18,22,24,25,26,28];7:[4,5,6,8,9,10,11,12,14,16,18,20,21,24,25,26,28];5:[4,6,9,11,12,18,26];4:[4,6,8,9,18,21,25,26,28,31];0:[4,6,26]","c8:bw=245,experts=[0,2,4,5,6,8,9,10,11,13,14,15,16,18,19,20,21,24,25,26,27,28,30,31]; c3:bw=118,experts=[4,5,6,8,9,10,12,18,21,26,28]; c1:bw=213,experts=[0,1,2,4,5,6,8,9,12,14,15,16,19,20,22,24,25,26,27,30,31]; c6:bw=13,experts=[4]; c9:bw=75,experts=[4,5,6,8,9,24,26]; c2:bw=134,experts=[4,5,6,8,9,10,12,18,22,24,25,26,28]; c7:bw=172,experts=[4,5,6,8,9,10,11,12,14,16,18,20,21,24,25,26,28]; c5:bw=73,experts=[4,6,9,11,12,18,26]; c4:bw=100,experts=[4,6,8,9,18,21,25,26,28,31]; c0:bw=37,experts=[4,6,26]","6.4756,6.2802,5.3836,7.9849,4.5155,4.7905,5.6791,7.4775,8.0726,5.7588"
85,2026-09-23 19:47:38,Ours,0.01,1.6605771820864095,54.82,55.53,84,75.6857,1:15.69,62.3781,11.9941,1.3114,6425.1426,1:47:05.14,10,"0,2,8,6,1,4,9,3,5,7",0:140;2:166;8:257;6:154;1:208;4:154;9:211;3:188;5:45;7:42,"0:[0,2,4,5,6,8,9,12,16,20,24,25,26,31];2:[0,1,2,4,6,8,9,12,13,18,20,21,24,25,26,31];8:[0,1,2,4,5,6,8,9,10,12,13,14,16,17,18,19,20,21,22,24,25,26,27,28,31];6:[4,5,6,7,8,9,10,11,12,14,18,21,24,26,28];1:[0,2,4,5,6,8,9,10,11,12,14,18,20,21,22,24,25,26,28,31];4:[4,5,6,7,8,9,10,11,12,14,18,21,24,26,28];9:[0,4,5,6,7,8,9,10,11,12,14,18,19,20,21,22,24,25,26,28,31];3:[4,5,6,7,8,9,10,11,12,14,18,20,21,22,24,25,26,28];5:[4,6,9,26];7:[4,6,9,26]","c0:bw=140,experts=[0,2,4,5,6,8,9,12,16,20,24,25,26,31]; c2:bw=166,experts=[0,1,2,4,6,8,9,12,13,18,20,21,24,25,26,31]; c8:bw=257,experts=[0,1,2,4,5,6,8,9,10,12,13,14,16,17,18,19,20,21,22,24,25,26,27,28,31]; c6:bw=154,experts=[4,5,6,7,8,9,10,11,12,14,18,21,24,26,28]; c1:bw=208,experts=[0,2,4,5,6,8,9,10,11,12,14,18,20,21,22,24,25,26,28,31]; c4:bw=154,experts=[4,5,6,7,8,9,10,11,12,14,18,21,24,26,28]; c9:bw=211,experts=[0,4,5,6,7,8,9,10,11,12,14,18,19,20,21,22,24,25,26,28,31]; c3:bw=188,experts=[4,5,6,7,8,9,10,11,12,14,18,20,21,22,24,25,26,28]; c5:bw=45,experts=[4,6,9,26]; c7:bw=42,experts=[4,6,9,26]","5.7920,4.7573,6.4863,8.0066,5.3802,8.1169,4.5115,6.2495,7.4324,5.6454"
86,2026-09-23 19:48:54,Ours,0.01,1.6546912130251452,55.91,55.91,86,75.6154,1:15.62,62.4862,11.8204,1.3069,6500.7938,1:48:20.79,10,"5,8,2,6,0,4,7,3,1,9",5:174;8:102;2:88;6:202;0:109;4:67;7:161;3:101;1:264;9:157,"5:[4,5,6,7,8,9,10,11,12,14,16,18,20,21,24,26,28];8:[4,5,6,8,9,10,11,21,24,26];2:[4,5,6,8,9,21,24,26];6:[0,4,5,6,7,8,9,10,11,12,14,16,18,19,20,21,24,25,26,28];0:[4,5,6,8,9,10,12,18,26,28];4:[4,6,8,9,18,26];7:[0,4,5,6,7,8,9,10,11,12,14,18,19,21,26,28];3:[0,2,4,5,6,8,9,12,18,26];1:[0,1,4,5,6,7,8,9,10,11,12,14,16,18,19,20,21,22,23,24,25,26,28,29,30,31];9:[4,5,6,7,8,9,10,11,12,14,18,21,24,26,28]","c5:bw=174,experts=[4,5,6,7,8,9,10,11,12,14,16,18,20,21,24,26,28]; c8:bw=102,experts=[4,5,6,8,9,10,11,21,24,26]; c2:bw=88,experts=[4,5,6,8,9,21,24,26]; c6:bw=202,experts=[0,4,5,6,7,8,9,10,11,12,14,16,18,19,20,21,24,25,26,28]; c0:bw=109,experts=[4,5,6,8,9,10,12,18,26,28]; c4:bw=67,experts=[4,6,8,9,18,26]; c7:bw=161,experts=[0,4,5,6,7,8,9,10,11,12,14,18,19,21,26,28]; c3:bw=101,experts=[0,2,4,5,6,8,9,12,18,26]; c1:bw=264,experts=[0,1,4,5,6,7,8,9,10,11,12,14,16,18,19,20,21,22,23,24,25,26,28,29,30,31]; c9:bw=157,experts=[4,5,6,7,8,9,10,11,12,14,18,21,24,26,28]","7.5014,6.4863,4.7603,7.9834,5.7716,8.1077,5.7470,6.2719,5.3657,4.4909"
87,2026-09-23 19:50:10,Ours,0.01,1.6504818124587346,56.14,56.14,87,76.4967,1:16.50,62.514,12.6699,1.3108,6577.3261,1:49:37.33,10,"1,2,7,5,6,3,4,9,8,0",1:106;2:246;7:81;5:10;6:220;3:249;4:124;9:137;8:170;0:128,"1:[0,2,4,6,9,12,13,16,20,26];2:[0,1,4,5,6,7,8,9,10,11,12,14,16,18,19,20,21,22,23,24,25,26,28,31];7:[4,5,6,8,9,17,26,28];5:[4];6:[0,1,2,4,5,6,8,9,10,12,13,16,17,18,19,21,22,24,26,28,29,31];3:[0,1,4,5,6,7,8,9,10,11,12,14,16,18,19,20,21,22,23,24,25,26,28,31];4:[4,5,6,8,9,10,12,14,18,21,24,26];9:[0,2,4,6,9,13,15,20,25,26,27,30,31];8:[4,5,6,8,9,10,12,14,16,18,21,22,24,25,26,28,31];0:[4,5,6,8,9,10,12,14,18,21,24,26]","c1:bw=106,experts=[0,2,4,6,9,12,13,16,20,26]; c2:bw=246,experts=[0,1,4,5,6,7,8,9,10,11,12,14,16,18,19,20,21,22,23,24,25,26,28,31]; c7:bw=81,experts=[4,5,6,8,9,17,26,28]; c5:bw=10,experts=[4]; c6:bw=220,experts=[0,1,2,4,5,6,8,9,10,12,13,16,17,18,19,21,22,24,26,28,29,31]; c3:bw=249,experts=[0,1,4,5,6,7,8,9,10,11,12,14,16,18,19,20,21,22,23,24,25,26,28,31]; c4:bw=124,experts=[4,5,6,8,9,10,12,14,18,21,24,26]; c9:bw=137,experts=[0,2,4,6,9,13,15,20,25,26,27,30,31]; c8:bw=170,experts=[4,5,6,8,9,10,12,14,16,18,21,22,24,25,26,28,31]; c0:bw=128,experts=[4,5,6,8,9,10,12,14,18,21,24,26]","5.3814,4.7631,5.7210,7.5300,8.0239,6.2424,8.1030,4.5027,6.4914,5.7551"
88,2026-09-23 19:51:26,Ours,0.01,1.6424515823158785,56.01,56.14,87,75.4171,1:15.42,62.4469,11.6633,1.3049,6652.7796,1:50:52.78,10,"8,6,3,7,0,4,9,1,5,2",8:157;6:98;3:120;7:151;0:227;4:138;9:113;1:103;5:111;2:167,"8:[4,5,6,7,8,9,10,11,12,14,18,21,24,26,28];6:[4,5,6,8,9,12,24,26,28];3:[4,6,8,9,14,16,18,21,25,26,28,31];7:[4,5,6,8,9,10,11,12,14,18,21,24,25,26,28];0:[0,4,5,6,7,8,9,10,11,12,14,15,16,18,20,21,22,24,25,26,28,31];4:[2,4,5,6,9,12,13,18,19,22,23,26,31];9:[4,5,6,8,9,10,12,18,21,24,26];1:[4,6,8,9,18,21,25,26,28,31];5:[4,5,6,8,9,12,18,21,24,26,28];2:[4,5,6,7,8,9,10,11,12,14,18,20,21,24,26,28]","c8:bw=157,experts=[4,5,6,7,8,9,10,11,12,14,18,21,24,26,28]; c6:bw=98,experts=[4,5,6,8,9,12,24,26,28]; c3:bw=120,experts=[4,6,8,9,14,16,18,21,25,26,28,31]; c7:bw=151,experts=[4,5,6,8,9,10,11,12,14,18,21,24,25,26,28]; c0:bw=227,experts=[0,4,5,6,7,8,9,10,11,12,14,15,16,18,20,21,22,24,25,26,28,31]; c4:bw=138,experts=[2,4,5,6,9,12,13,18,19,22,23,26,31]; c9:bw=113,experts=[4,5,6,8,9,10,12,18,21,24,26]; c1:bw=103,experts=[4,6,8,9,18,21,25,26,28,31]; c5:bw=111,experts=[4,5,6,8,9,12,18,21,24,26,28]; c2:bw=167,experts=[4,5,6,7,8,9,10,11,12,14,18,20,21,24,26,28]","6.4502,8.0446,6.2787,5.7080,5.7904,8.1314,4.4887,5.3471,7.4834,4.7244"
89,2026-09-23 19:52:42,Ours,0.01,1.6333475586554762,56.95,56.95,89,75.5899,1:15.59,62.4163,11.8622,1.3094,6728.4058,1:52:08.41,10,"3,8,2,9,7,5,0,6,4,1",3:112;8:270;2:162;9:222;7:79;5:168;0:47;6:116;4:112;1:150,"3:[4,5,6,8,9,10,12,16,18,26,28];8:[0,2,4,5,6,7,8,9,10,11,12,13,14,16,18,19,20,21,22,23,24,25,26,27,28,30,31];2:[0,2,4,5,6,7,8,9,10,11,12,18,21,25,26,28];9:[0,4,5,6,7,8,9,10,11,12,14,16,18,19,20,21,22,23,24,25,26,28];7:[4,6,8,9,24,26,28];5:[4,5,6,7,8,9,10,11,12,14,18,21,24,25,26,28];0:[4,6,26,30];6:[0,2,4,5,6,8,9,18,21,26,28];4:[0,4,6,8,9,10,18,21,25,26,31];1:[4,5,6,8,9,10,11,12,14,18,21,24,25,26,28]","c3:bw=112,experts=[4,5,6,8,9,10,12,16,18,26,28]; c8:bw=270,experts=[0,2,4,5,6,7,8,9,10,11,12,13,14,16,18,19,20,21,22,23,24,25,26,27,28,30,31]; c2:bw=162,experts=[0,2,4,5,6,7,8,9,10,11,12,18,21,25,26,28]; c9:bw=222,experts=[0,4,5,6,7,8,9,10,11,12,14,16,18,19,20,21,22,23,24,25,26,28]; c7:bw=79,experts=[4,6,8,9,24,26,28]; c5:bw=168,experts=[4,5,6,7,8,9,10,11,12,14,18,21,24,25,26,28]; c0:bw=47,experts=[4,6,26,30]; c6:bw=116,experts=[0,2,4,5,6,8,9,18,21,26,28]; c4:bw=112,experts=[0,4,6,8,9,10,18,21,25,26,31]; c1:bw=150,experts=[4,5,6,8,9,10,11,12,14,18,21,24,25,26,28]","6.2732,6.4928,4.7845,4.4971,5.7397,7.4981,5.7922,7.9449,8.0526,5.3412"
90,2026-09-23 19:53:58,Ours,0.01,1.6208677848422657,56.45,56.95,89,76.3786,1:16.38,62.4546,12.6315,1.2904,6804.8211,1:53:24.82,10,"7,1,3,9,0,6,2,5,8,4",7:262;1:113;3:132;9:232;0:234;6:95;2:77;5:99;8:185;4:130,"7:[0,1,4,5,6,7,8,9,10,11,12,13,14,18,19,20,21,22,23,24,25,26,28,29,30,31];1:[0,4,5,6,8,9,10,14,24,26,31];3:[4,5,6,8,9,10,11,12,14,21,24,26,29];9:[0,1,2,4,5,6,8,9,10,12,14,15,16,18,19,20,21,22,24,25,26,27,31];0:[0,2,4,5,6,7,8,9,10,11,12,13,14,18,19,20,21,23,24,25,26,27,28];6:[4,5,6,8,9,14,21,24,26];2:[4,6,8,9,18,26,28];5:[4,5,6,8,9,14,21,24,26];8:[4,5,6,7,8,9,10,11,12,14,18,20,21,22,24,25,26,28];4:[4,5,6,8,9,11,12,14,18,21,24,26,28]","c7:bw=262,experts=[0,1,4,5,6,7,8,9,10,11,12,13,14,18,19,20,21,22,23,24,25,26,28,29,30,31]; c1:bw=113,experts=[0,4,5,6,8,9,10,14,24,26,31]; c3:bw=132,experts=[4,5,6,8,9,10,11,12,14,21,24,26,29]; c9:bw=232,experts=[0,1,2,4,5,6,8,9,10,12,14,15,16,18,19,20,21,22,24,25,26,27,31]; c0:bw=234,experts=[0,2,4,5,6,7,8,9,10,11,12,13,14,18,19,20,21,23,24,25,26,27,28]; c6:bw=95,experts=[4,5,6,8,9,14,21,24,26]; c2:bw=77,experts=[4,6,8,9,18,26,28]; c5:bw=99,experts=[4,5,6,8,9,14,21,24,26]; c8:bw=185,experts=[4,5,6,7,8,9,10,11,12,14,18,20,21,22,24,25,26,28]; c4:bw=130,experts=[4,5,6,8,9,11,12,14,18,21,24,26,28]","5.6902,5.3760,6.2930,4.5206,5.8179,8.0364,4.7315,7.4458,6.4511,8.0920"
91,2026-09-23 19:55:13,Ours,0.01,1.6194097080078318,57.2,57.2,91,74.9997,1:15.00,62.3877,11.3039,1.306,6879.8583,1:54:39.86,10,"1,9,5,7,3,4,0,6,2,8",1:182;9:129;5:190;7:188;3:146;4:198;0:82;6:107;2:42;8:83,"1:[0,4,5,6,7,8,9,10,11,12,14,18,21,24,25,26,28,29];9:[4,5,6,8,9,10,12,18,22,24,25,26];5:[0,4,5,6,7,8,9,10,11,12,14,18,19,20,21,24,25,26,28];7:[4,5,6,8,9,10,11,12,14,16,18,20,21,22,24,25,26,28];3:[0,4,5,6,8,9,10,11,12,14,18,21,26,28];4:[0,2,4,6,8,10,11,12,16,17,18,19,21,22,23,24,25,26,30];0:[4,5,6,8,9,21,24,26];6:[4,5,6,8,9,12,14,21,25,26];2:[4,6,9,26];8:[4,6,8,9,10,21,25,26]","c1:bw=182,experts=[0,4,5,6,7,8,9,10,11,12,14,18,21,24,25,26,28,29]; c9:bw=129,experts=[4,5,6,8,9,10,12,18,22,24,25,26]; c5:bw=190,experts=[0,4,5,6,7,8,9,10,11,12,14,18,19,20,21,24,25,26,28]; c7:bw=188,experts=[4,5,6,8,9,10,11,12,14,16,18,20,21,22,24,25,26,28]; c3:bw=146,experts=[0,4,5,6,8,9,10,11,12,14,18,21,26,28]; c4:bw=198,experts=[0,2,4,6,8,10,11,12,16,17,18,19,21,22,23,24,25,26,30]; c0:bw=82,experts=[4,5,6,8,9,21,24,26]; c6:bw=107,experts=[4,5,6,8,9,12,14,21,25,26]; c2:bw=42,experts=[4,6,9,26]; c8:bw=83,experts=[4,6,8,9,10,21,25,26]","5.3626,4.5148,7.5109,5.7473,6.3106,8.0942,5.7593,7.9382,4.7145,6.4354"
92,2026-09-23 19:56:29,Ours,0.01,1.6126800952300293,57.45,57.45,92,75.4949,1:15.49,62.3294,11.8759,1.2877,6955.3903,1:55:55.39,10,"3,7,1,0,8,6,9,2,5,4",3:104;7:125;1:73;0:108;8:70;6:166;9:204;2:92;5:242;4:97,"3:[2,4,6,8,9,12,18,21,24,26];7:[4,6,8,9,15,18,21,24,25,26,27,28];1:[4,5,6,8,9,24,26];0:[4,5,6,8,9,11,14,21,24,26];8:[4,5,6,8,9,24,26];6:[4,5,6,7,8,9,10,11,12,14,18,20,21,24,26,28];9:[4,5,6,8,9,10,11,12,14,18,19,20,21,22,24,25,26,28,30,31];2:[2,4,6,8,9,10,21,25,26];5:[0,4,5,6,7,8,9,10,11,12,14,16,18,19,20,21,22,23,24,25,26,27,28,31];4:[0,2,4,6,9,12,13,18,26]","c3:bw=104,experts=[2,4,6,8,9,12,18,21,24,26]; c7:bw=125,experts=[4,6,8,9,15,18,21,24,25,26,27,28]; c1:bw=73,experts=[4,5,6,8,9,24,26]; c0:bw=108,experts=[4,5,6,8,9,11,14,21,24,26]; c8:bw=70,experts=[4,5,6,8,9,24,26]; c6:bw=166,experts=[4,5,6,7,8,9,10,11,12,14,18,20,21,24,26,28]; c9:bw=204,experts=[4,5,6,8,9,10,11,12,14,18,19,20,21,22,24,25,26,28,30,31]; c2:bw=92,experts=[2,4,6,8,9,10,21,25,26]; c5:bw=242,experts=[0,4,5,6,7,8,9,10,11,12,14,16,18,19,20,21,22,23,24,25,26,27,28,31]; c4:bw=97,experts=[0,2,4,6,9,12,13,18,26]","6.2849,5.7379,5.3786,5.7867,6.4919,7.9499,4.5011,4.7618,7.4270,8.0094"
93,2026-09-23 19:57:43,Ours,0.01,1.6096756311892915,57.09,57.45,92,74.7256,1:14.73,62.4771,10.9327,1.3103,7030.1542,1:57:10.15,10,"1,3,7,9,6,8,5,4,0,2",1:173;3:114;7:82;9:212;6:82;8:17;5:29;4:116;0:69;2:187,"1:[4,5,6,7,8,9,10,11,12,14,16,18,21,24,25,26,28];3:[4,5,6,8,9,12,14,15,21,24,26];7:[4,5,6,8,9,21,24,26];9:[0,1,4,5,6,7,8,9,10,11,12,14,18,20,21,24,25,26,27,28,31];6:[4,5,6,8,9,11,24,26];8:[4];5:[4,6];4:[2,4,5,6,9,10,12,18,24,26,31];0:[4,5,6,8,9,26];2:[4,5,6,8,9,10,11,12,14,16,18,21,22,24,25,26,28,31]","c1:bw=173,experts=[4,5,6,7,8,9,10,11,12,14,16,18,21,24,25,26,28]; c3:bw=114,experts=[4,5,6,8,9,12,14,15,21,24,26]; c7:bw=82,experts=[4,5,6,8,9,21,24,26]; c9:bw=212,experts=[0,1,4,5,6,7,8,9,10,11,12,14,18,20,21,24,25,26,27,28,31]; c6:bw=82,experts=[4,5,6,8,9,11,24,26]; c8:bw=17,experts=[4]; c5:bw=29,experts=[4,6]; c4:bw=116,experts=[2,4,5,6,9,10,12,18,24,26,31]; c0:bw=69,experts=[4,5,6,8,9,26]; c2:bw=187,experts=[4,5,6,8,9,10,11,12,14,16,18,21,22,24,25,26,28,31]","5.3880,6.2856,5.7006,4.5156,8.0528,6.4897,7.4854,8.0707,5.7509,4.7379"
94,2026-09-23 19:58:59,Ours,0.01,1.598639225596674,57.06,57.45,92,75.8781,1:15.88,62.3311,12.2547,1.2903,7106.0683,1:58:26.07,10,"7,2,5,4,6,9,1,8,0,3",7:163;2:237;5:149;4:115;6:111;9:184;1:258;8:28;0:203;3:124,"7:[0,2,4,5,6,8,9,10,11,12,14,18,21,24,26,28];2:[0,2,4,5,6,8,9,10,11,12,13,14,16,18,19,20,21,22,24,25,26,30,31];5:[4,5,6,8,9,10,11,12,14,15,21,24,26,28];4:[4,5,6,8,9,11,12,14,21,24,26];6:[4,5,6,7,8,9,11,12,18,23,26];9:[4,5,6,7,8,9,10,11,12,14,18,20,21,22,24,25,26,28];1:[0,2,4,5,6,8,9,10,11,12,13,14,15,16,17,18,20,21,22,24,25,26,28,30,31];8:[4,6];0:[0,4,5,6,8,9,10,11,12,14,16,18,20,21,22,24,25,26,28,31];3:[4,5,6,8,9,10,12,14,21,24,26,28]","c7:bw=163,experts=[0,2,4,5,6,8,9,10,11,12,14,18,21,24,26,28]; c2:bw=237,experts=[0,2,4,5,6,8,9,10,11,12,13,14,16,18,19,20,21,22,24,25,26,30,31]; c5:bw=149,experts=[4,5,6,8,9,10,11,12,14,15,21,24,26,28]; c4:bw=115,experts=[4,5,6,8,9,11,12,14,21,24,26]; c6:bw=111,experts=[4,5,6,7,8,9,11,12,18,23,26]; c9:bw=184,experts=[4,5,6,7,8,9,10,11,12,14,18,20,21,22,24,25,26,28]; c1:bw=258,experts=[0,2,4,5,6,8,9,10,11,12,13,14,15,16,17,18,20,21,22,24,25,26,28,30,31]; c8:bw=28,experts=[4,6]; c0:bw=203,experts=[0,4,5,6,8,9,10,11,12,14,16,18,20,21,22,24,25,26,28,31]; c3:bw=124,experts=[4,5,6,8,9,10,12,14,21,24,26,28]","5.7209,4.7436,7.5016,8.0777,8.0333,4.4940,5.3742,6.4506,5.7494,6.1858"
95,2026-09-23 20:00:15,Ours,0.01,1.5988025916890636,56.95,57.45,92,76.104,1:16.10,62.6795,12.115,1.3046,7182.2102,1:59:42.21,10,"7,9,4,6,0,3,1,8,2,5",7:217;9:155;4:56;6:147;0:128;3:149;1:114;8:277;2:84;5:31,"7:[0,2,4,5,6,7,8,9,10,11,12,13,14,18,21,23,24,25,26,28,29];9:[0,4,5,6,8,9,10,11,12,18,24,25,26,28,31];4:[4,6,8,9,26];6:[1,2,4,6,9,10,12,14,18,22,24,25,26,31];0:[0,2,4,6,8,9,12,18,24,25,26,31];3:[4,5,6,8,9,11,12,14,18,21,24,26,28,30];1:[0,2,4,6,8,9,10,24,25,26,30];8:[0,1,4,5,6,7,8,9,10,11,12,13,14,16,18,19,20,21,22,23,24,25,26,27,28,30,31];2:[2,4,6,12,18,24,26,30];5:[4,6,26]","c7:bw=217,experts=[0,2,4,5,6,7,8,9,10,11,12,13,14,18,21,23,24,25,26,28,29]; c9:bw=155,experts=[0,4,5,6,8,9,10,11,12,18,24,25,26,28,31]; c4:bw=56,experts=[4,6,8,9,26]; c6:bw=147,experts=[1,2,4,6,9,10,12,14,18,22,24,25,26,31]; c0:bw=128,experts=[0,2,4,6,8,9,12,18,24,25,26,31]; c3:bw=149,experts=[4,5,6,8,9,11,12,14,18,21,24,26,28,30]; c1:bw=114,experts=[0,2,4,6,8,9,10,24,25,26,30]; c8:bw=277,experts=[0,1,4,5,6,7,8,9,10,11,12,13,14,16,18,19,20,21,22,23,24,25,26,27,28,30,31]; c2:bw=84,experts=[2,4,6,12,18,24,26,30]; c5:bw=31,experts=[4,6,26]","5.7143,4.5122,8.1705,8.0542,5.7908,6.3030,5.3908,6.5802,4.7291,7.4345"
96,2026-09-23 20:01:32,Ours,0.01,1.5907127846474114,58.23,58.23,96,76.9166,1:16.92,62.5077,13.0966,1.3102,7259.1647,2:00:59.16,10,"2,9,3,1,5,4,6,7,0,8",2:238;9:162;3:167;1:132;5:219;4:179;6:115;7:185;0:132;8:236,"2:[0,4,5,6,7,8,9,10,11,12,13,14,18,19,20,21,23,24,25,26,28,29,31];9:[4,5,6,8,9,10,11,12,14,17,18,21,24,26,28,29];3:[0,4,5,6,8,9,10,11,12,14,18,21,24,25,26,28];1:[4,5,6,8,9,10,11,12,14,21,24,26,28];5:[0,2,4,5,6,7,8,9,10,11,12,16,18,19,20,21,24,25,26,28,30];4:[0,3,4,5,6,7,8,9,10,11,12,14,18,21,24,26,28];6:[2,4,6,8,9,11,16,22,26,28,31];7:[0,2,3,4,5,6,8,9,13,15,16,18,22,25,26,28,30,31];0:[3,4,5,6,8,9,10,12,14,21,24,26,28];8:[0,1,4,5,6,7,8,9,10,11,12,13,14,18,20,21,22,23,24,25,26,28,29]","c2:bw=238,experts=[0,4,5,6,7,8,9,10,11,12,13,14,18,19,20,21,23,24,25,26,28,29,31]; c9:bw=162,experts=[4,5,6,8,9,10,11,12,14,17,18,21,24,26,28,29]; c3:bw=167,experts=[0,4,5,6,8,9,10,11,12,14,18,21,24,25,26,28]; c1:bw=132,experts=[4,5,6,8,9,10,11,12,14,21,24,26,28]; c5:bw=219,experts=[0,2,4,5,6,7,8,9,10,11,12,16,18,19,20,21,24,25,26,28,30]; c4:bw=179,experts=[0,3,4,5,6,7,8,9,10,11,12,14,18,21,24,26,28]; c6:bw=115,experts=[2,4,6,8,9,11,16,22,26,28,31]; c7:bw=185,experts=[0,2,3,4,5,6,8,9,13,15,16,18,22,25,26,28,30,31]; c0:bw=132,experts=[3,4,5,6,8,9,10,12,14,21,24,26,28]; c8:bw=236,experts=[0,1,4,5,6,7,8,9,10,11,12,13,14,18,20,21,22,23,24,25,26,28,29]","4.7482,4.5087,6.2689,5.3881,7.5013,8.1381,8.0033,5.7344,5.7500,6.4667"
97,2026-09-23 20:02:48,Ours,0.01,1.5870226279369792,58.46,58.46,97,75.2344,1:15.23,62.5027,11.4402,1.2893,7334.4377,2:02:14.44,10,"0,9,8,4,7,1,3,5,6,2",0:150;9:158;8:158;4:59;7:111;1:184;3:127;5:170;6:184;2:198,"0:[0,4,5,6,8,9,10,11,12,14,18,21,24,26,28];9:[0,2,4,5,6,8,9,10,12,20,22,24,25,26,31];8:[4,5,6,7,8,9,10,11,12,14,18,21,24,26,28];4:[2,4,6,12,26];7:[4,5,6,8,9,12,18,21,24,26,28];1:[0,2,4,5,6,8,9,10,12,16,18,21,22,24,25,26,28,31];3:[4,5,6,8,9,11,12,14,21,24,26,28];5:[4,5,6,7,8,9,10,11,12,14,16,18,20,21,24,26,28];6:[2,4,6,8,9,10,12,16,17,18,20,21,22,23,24,25,26,31];2:[4,5,6,7,8,9,10,11,12,14,16,18,20,21,22,24,25,26,28]","c0:bw=150,experts=[0,4,5,6,8,9,10,11,12,14,18,21,24,26,28]; c9:bw=158,experts=[0,2,4,5,6,8,9,10,12,20,22,24,25,26,31]; c8:bw=158,experts=[4,5,6,7,8,9,10,11,12,14,18,21,24,26,28]; c4:bw=59,experts=[2,4,6,12,26]; c7:bw=111,experts=[4,5,6,8,9,12,18,21,24,26,28]; c1:bw=184,experts=[0,2,4,5,6,8,9,10,12,16,18,21,22,24,25,26,28,31]; c3:bw=127,experts=[4,5,6,8,9,11,12,14,21,24,26,28]; c5:bw=170,experts=[4,5,6,7,8,9,10,11,12,14,16,18,20,21,24,26,28]; c6:bw=184,experts=[2,4,6,8,9,10,12,16,17,18,20,21,22,23,24,25,26,31]; c2:bw=198,experts=[4,5,6,7,8,9,10,11,12,14,16,18,20,21,22,24,25,26,28]","5.7902,4.5095,6.5131,8.1106,5.7077,5.3721,6.2803,7.5009,7.9598,4.7586"
98,2026-09-23 20:04:03,Ours,0.01,1.5762610112682802,57.85,58.46,97,75.5281,1:15.53,62.5397,11.6781,1.3081,7410.0048,2:03:30.00,10,"4,8,9,7,6,5,0,3,1,2",4:190;8:196;9:98;7:87;6:133;5:180;0:122;3:93;1:96;2:89,"4:[0,4,5,6,7,8,9,10,11,12,14,16,18,20,21,24,25,26,28];8:[0,4,5,6,7,8,9,10,11,12,14,18,19,21,23,24,25,26,28];9:[4,5,6,8,9,22,25,26,31];7:[4,5,6,8,9,12,24,26];6:[4,5,6,8,9,10,11,12,18,21,24,26,28];5:[3,4,5,6,7,8,9,10,11,12,14,16,18,20,21,24,26,28];0:[4,5,6,8,9,10,12,14,21,24,25,26];3:[4,5,6,8,9,14,21,24,26];1:[4,6,8,9,11,12,21,26,28];2:[2,4,6,11,13,26,28,30]","c4:bw=190,experts=[0,4,5,6,7,8,9,10,11,12,14,16,18,20,21,24,25,26,28]; c8:bw=196,experts=[0,4,5,6,7,8,9,10,11,12,14,18,19,21,23,24,25,26,28]; c9:bw=98,experts=[4,5,6,8,9,22,25,26,31]; c7:bw=87,experts=[4,5,6,8,9,12,24,26]; c6:bw=133,experts=[4,5,6,8,9,10,11,12,18,21,24,26,28]; c5:bw=180,experts=[3,4,5,6,7,8,9,10,11,12,14,16,18,20,21,24,26,28]; c0:bw=122,experts=[4,5,6,8,9,10,12,14,21,24,25,26]; c3:bw=93,experts=[4,5,6,8,9,14,21,24,26]; c1:bw=96,experts=[4,6,8,9,11,12,21,26,28]; c2:bw=89,experts=[2,4,6,11,13,26,28,30]","8.1074,6.5267,4.4954,5.6928,8.0074,7.5226,5.8122,6.2757,5.3550,4.7445"
99,2026-09-23 20:05:19,Ours,0.01,1.5710194825503463,58.5,58.5,99,75.3509,1:15.35,62.4508,11.6096,1.2883,7485.3942,2:04:45.39,10,"8,5,7,1,3,9,4,0,2,6",8:124;5:180;7:166;1:217;3:138;9:75;4:89;0:147;2:113;6:128,"8:[3,4,5,6,8,9,11,12,21,24,25,26];5:[0,4,5,6,7,8,9,10,11,12,14,18,20,21,24,25,26,28];7:[0,2,4,5,6,7,8,9,12,20,21,22,24,26,28,29];1:[4,5,6,7,8,9,10,11,12,14,18,19,20,21,22,23,24,25,26,28,31];3:[4,5,6,8,9,10,11,12,14,21,24,26,28];9:[0,2,4,6,25,26,30];4:[4,6,8,9,21,24,26,28];0:[4,5,6,7,8,9,10,11,12,14,21,24,26,28];2:[4,5,6,8,9,11,12,21,24,26,28];6:[4,5,6,8,9,11,12,14,24,26,28,30]","c8:bw=124,experts=[3,4,5,6,8,9,11,12,21,24,25,26]; c5:bw=180,experts=[0,4,5,6,7,8,9,10,11,12,14,18,20,21,24,25,26,28]; c7:bw=166,experts=[0,2,4,5,6,7,8,9,12,20,21,22,24,26,28,29]; c1:bw=217,experts=[4,5,6,7,8,9,10,11,12,14,18,19,20,21,22,23,24,25,26,28,31]; c3:bw=138,experts=[4,5,6,8,9,10,11,12,14,21,24,26,28]; c9:bw=75,experts=[0,2,4,6,25,26,30]; c4:bw=89,experts=[4,6,8,9,21,24,26,28]; c0:bw=147,experts=[4,5,6,7,8,9,10,11,12,14,21,24,26,28]; c2:bw=113,experts=[4,5,6,8,9,11,12,21,24,26,28]; c6:bw=128,experts=[4,5,6,8,9,11,12,14,24,26,28,30]","6.4782,7.5370,5.7141,5.3986,6.3110,4.5008,8.0726,5.7504,4.7382,7.9498"
100,2026-09-23 20:06:34,Ours,0.01,1.5671466919647394,58.71,58.71,100,75.8058,1:15.81,62.2916,12.2132,1.2987,7561.2399,2:06:01.24,10,"2,8,9,5,6,1,4,7,3,0",2:111;8:162;9:194;5:68;6:162;1:63;4:239;7:25;3:152;0:236,"2:[4,5,6,8,9,11,14,21,24,26,27];8:[4,5,6,7,8,9,10,11,12,14,18,21,24,25,26,28];9:[4,5,6,7,8,9,10,11,12,14,16,18,20,21,22,24,25,26,28];5:[4,6,8,9,17,26];6:[2,4,5,6,8,9,11,12,13,14,18,21,24,25,26,28];1:[4,6,8,9,24,26];4:[1,2,4,5,6,7,8,9,10,11,12,13,14,18,20,21,23,24,25,26,27,28,31];7:[4,6];3:[4,5,6,7,8,9,10,11,12,14,18,21,24,26,28];0:[0,2,4,5,6,8,9,10,11,12,13,16,18,19,20,22,23,24,25,26,28,30,31]","c2:bw=111,experts=[4,5,6,8,9,11,14,21,24,26,27]; c8:bw=162,experts=[4,5,6,7,8,9,10,11,12,14,18,21,24,25,26,28]; c9:bw=194,experts=[4,5,6,7,8,9,10,11,12,14,16,18,20,21,22,24,25,26,28]; c5:bw=68,experts=[4,6,8,9,17,26]; c6:bw=162,experts=[2,4,5,6,8,9,11,12,13,14,18,21,24,25,26,28]; c1:bw=63,experts=[4,6,8,9,24,26]; c4:bw=239,experts=[1,2,4,5,6,7,8,9,10,11,12,13,14,18,20,21,23,24,25,26,27,28,31]; c7:bw=25,experts=[4,6]; c3:bw=152,experts=[4,5,6,7,8,9,10,11,12,14,18,21,24,26,28]; c0:bw=236,experts=[0,2,4,5,6,8,9,10,11,12,13,16,18,19,20,22,23,24,25,26,28,30,31]","4.7655,6.5705,4.4754,7.4520,7.9842,5.3516,8.0557,5.6919,6.2407,5.7040"
