Round,Timestamp,Method,LR,AvgLoss,TestAcc,BestAcc,BestRound,RoundTimeSec,RoundTimeHMS,LocalTrainTimeSec,AggTimeSec,EvalTimeSec,CumulativeTimeSec,CumulativeTimeHMS,NumClientsSelected,SelectedClients,Bandwidth,SelectedExperts,UploadDetail,ClientTrainTimesSec
1,2026-09-23 20:23:26,Ours,0.00208,4.189798254583634,1.12,1.12,1,54.9273,0:54.93,53.3117,0.4859,1.1266,54.9273,0:54.93,30,"27,15,23,17,8,9,28,24,12,0,4,16,5,13,11,22,1,2,25,3,21,26,18,29,20,7,10,14,19,6",27:21;15:58;23:65;17:34;8:55;9:45;28:39;24:34;12:23;0:10;4:40;16:48;5:44;13:42;11:24;22:26;1:29;2:29;25:55;3:51;21:20;26:38;18:30;29:26;20:55;7:20;10:22;14:54;19:40;6:41,"27:[3,4];15:[0,1,2,3,7];23:[0,1,2,3,4,7];17:[1,2,3];8:[0,1,2,3,4];9:[1,2,3,4];28:[4,5,6];24:[0,1,2];12:[4,5];0:[0];4:[4,5,6,7];16:[0,1,2,3];5:[0,5,6,7];13:[0,5,6,7];11:[3,4];22:[6,7];1:[1,2];2:[2,3];25:[1,2,3,4,5];3:[3,4,5,6,7];21:[5,6];26:[2,3,4];18:[2,3,4];29:[5,6];20:[0,4,5,6,7];7:[0,7];10:[2,3];14:[0,1,2,6,7];19:[3,4,5,6];6:[0,1,6,7]","c27:bw=21,experts=[3,4]; c15:bw=58,experts=[0,1,2,3,7]; c23:bw=65,experts=[0,1,2,3,4,7]; c17:bw=34,experts=[1,2,3]; c8:bw=55,experts=[0,1,2,3,4]; c9:bw=45,experts=[1,2,3,4]; c28:bw=39,experts=[4,5,6]; c24:bw=34,experts=[0,1,2]; c12:bw=23,experts=[4,5]; c0:bw=10,experts=[0]; c4:bw=40,experts=[4,5,6,7]; c16:bw=48,experts=[0,1,2,3]; c5:bw=44,experts=[0,5,6,7]; c13:bw=42,experts=[0,5,6,7]; c11:bw=24,experts=[3,4]; c22:bw=26,experts=[6,7]; c1:bw=29,experts=[1,2]; c2:bw=29,experts=[2,3]; c25:bw=55,experts=[1,2,3,4,5]; c3:bw=51,experts=[3,4,5,6,7]; c21:bw=20,experts=[5,6]; c26:bw=38,experts=[2,3,4]; c18:bw=30,experts=[2,3,4]; c29:bw=26,experts=[5,6]; c20:bw=55,experts=[0,4,5,6,7]; c7:bw=20,experts=[0,7]; c10:bw=22,experts=[2,3]; c14:bw=54,experts=[0,1,2,6,7]; c19:bw=40,experts=[3,4,5,6]; c6:bw=41,experts=[0,1,6,7]","2.5012,1.1897,1.4253,1.9984,1.2198,1.4680,1.7010,1.3672,1.9893,1.1118,2.1548,1.8943,3.3460,1.7225,2.4211,1.7100,1.1165,1.3209,2.1983,1.5924,1.0832,1.1037,1.8741,3.4958,2.2131,1.3813,2.6661,1.4040,1.4867,1.1550"
2,2026-09-23 20:24:18,Ours,0.00406,3.919328629882078,2.22,2.22,2,52.1627,0:52.16,50.4979,0.5055,1.1515,107.2325,1:47.23,30,"0,5,20,26,13,7,21,10,12,29,24,22,16,3,1,17,8,6,23,4,2,19,11,18,25,14,15,28,27,9",0:36;5:69;20:15;26:35;13:54;7:55;21:28;10:59;12:16;29:60;24:10;22:38;16:16;3:67;1:41;17:51;8:48;6:17;23:70;4:30;2:22;19:53;11:29;18:24;25:25;14:26;15:62;28:65;27:24;9:46,"0:[1,2,3];5:[1,2,3,4,5,6];20:[1];26:[5,6,7];13:[1,2,3,4,5];7:[1,2,3,4,5];21:[0,7];10:[0,4,5,6,7];12:[6];29:[0,1,2,3,4,7];24:[3];22:[0,1,2];16:[4];3:[0,1,2,3,4,5];1:[3,4,5,6];17:[0,4,5,6,7];8:[0,5,6,7];6:[2];23:[0,1,2,3,5,6,7];4:[0,1,2];2:[4,5];19:[0,1,2,3,7];11:[5,6];18:[5,6];25:[6,7];14:[3,4];15:[0,1,4,5,6,7];28:[0,1,2,3,4,7];27:[5,6];9:[0,5,6,7]","c0:bw=36,experts=[1,2,3]; c5:bw=69,experts=[1,2,3,4,5,6]; c20:bw=15,experts=[1]; c26:bw=35,experts=[5,6,7]; c13:bw=54,experts=[1,2,3,4,5]; c7:bw=55,experts=[1,2,3,4,5]; c21:bw=28,experts=[0,7]; c10:bw=59,experts=[0,4,5,6,7]; c12:bw=16,experts=[6]; c29:bw=60,experts=[0,1,2,3,4,7]; c24:bw=10,experts=[3]; c22:bw=38,experts=[0,1,2]; c16:bw=16,experts=[4]; c3:bw=67,experts=[0,1,2,3,4,5]; c1:bw=41,experts=[3,4,5,6]; c17:bw=51,experts=[0,4,5,6,7]; c8:bw=48,experts=[0,5,6,7]; c6:bw=17,experts=[2]; c23:bw=70,experts=[0,1,2,3,5,6,7]; c4:bw=30,experts=[0,1,2]; c2:bw=22,experts=[4,5]; c19:bw=53,experts=[0,1,2,3,7]; c11:bw=29,experts=[5,6]; c18:bw=24,experts=[5,6]; c25:bw=25,experts=[6,7]; c14:bw=26,experts=[3,4]; c15:bw=62,experts=[0,1,4,5,6,7]; c28:bw=65,experts=[0,1,2,3,4,7]; c27:bw=24,experts=[5,6]; c9:bw=46,experts=[0,5,6,7]","1.0765,3.3560,2.1098,1.0367,1.6638,1.2916,1.0234,2.6280,1.8492,3.4723,1.2174,1.6495,1.8605,1.5426,1.0440,1.9864,1.1555,1.0920,1.3329,2.0745,1.2297,1.4306,2.2898,1.7036,2.0370,1.3592,1.1462,1.6409,1.8557,1.3424"
3,2026-09-23 20:25:10,Ours,0.006040000000000001,3.7254865145616187,3.28,3.28,3,51.5942,0:51.59,49.9481,0.4766,1.1664,158.8389,2:38.84,30,"4,25,10,0,8,20,29,26,15,28,24,23,18,12,21,19,9,5,1,22,27,17,3,16,13,2,14,7,11,6",4:52;25:35;10:10;0:50;8:30;20:56;29:15;26:52;15:16;28:56;24:29;23:11;18:40;12:37;21:48;19:24;9:48;5:13;1:13;22:54;27:34;17:41;3:26;16:31;13:54;2:42;14:53;7:33;11:66;6:40,"4:[3,4,5,6,7];25:[0,1,2];10:[1];0:[0,4,5,6,7];8:[1,2,3];20:[2,3,4,5,6];29:[5];26:[0,1,2,3,4];15:[2];28:[0,1,5,6,7];24:[4,5];23:[4];18:[0,1,2,7];12:[0,1,7];21:[1,2,3,4];19:[4,5];9:[1,2,3,4];5:[7];1:[7];22:[3,4,5,6,7];27:[0,1,7];17:[1,2,3,4];3:[6,7];16:[5,6,7];13:[0,1,2,6,7];2:[0,1,6,7];14:[0,1,5,6,7];7:[0,6,7];11:[0,1,2,3,4,7];6:[3,4,5,6]","c4:bw=52,experts=[3,4,5,6,7]; c25:bw=35,experts=[0,1,2]; c10:bw=10,experts=[1]; c0:bw=50,experts=[0,4,5,6,7]; c8:bw=30,experts=[1,2,3]; c20:bw=56,experts=[2,3,4,5,6]; c29:bw=15,experts=[5]; c26:bw=52,experts=[0,1,2,3,4]; c15:bw=16,experts=[2]; c28:bw=56,experts=[0,1,5,6,7]; c24:bw=29,experts=[4,5]; c23:bw=11,experts=[4]; c18:bw=40,experts=[0,1,2,7]; c12:bw=37,experts=[0,1,7]; c21:bw=48,experts=[1,2,3,4]; c19:bw=24,experts=[4,5]; c9:bw=48,experts=[1,2,3,4]; c5:bw=13,experts=[7]; c1:bw=13,experts=[7]; c22:bw=54,experts=[3,4,5,6,7]; c27:bw=34,experts=[0,1,7]; c17:bw=41,experts=[1,2,3,4]; c3:bw=26,experts=[6,7]; c16:bw=31,experts=[5,6,7]; c13:bw=54,experts=[0,1,2,6,7]; c2:bw=42,experts=[0,1,6,7]; c14:bw=53,experts=[0,1,5,6,7]; c7:bw=33,experts=[0,6,7]; c11:bw=66,experts=[0,1,2,3,4,7]; c6:bw=40,experts=[3,4,5,6]","2.1435,2.0659,2.6084,1.0819,1.1541,2.0699,3.2315,1.0080,1.1282,1.5937,1.2103,1.3125,1.6945,1.8891,0.9957,1.4474,1.3415,3.2422,1.0420,1.6238,1.8703,1.9662,1.5350,1.8080,1.6259,1.2389,1.3271,1.2996,2.2874,1.1058"
4,2026-09-23 20:26:02,Ours,0.00802,3.5622554478988793,4.88,4.88,4,52.3496,0:52.35,50.7156,0.4882,1.1426,211.1993,3:31.20,30,"3,1,4,5,16,26,9,13,24,2,10,19,28,11,18,7,21,6,0,22,25,8,27,23,29,14,17,12,15,20",3:34;1:40;4:56;5:73;16:45;26:37;9:22;13:49;24:19;2:60;10:64;19:47;28:63;11:49;18:43;7:45;21:27;6:53;0:59;22:49;25:43;8:31;27:58;23:15;29:44;14:32;17:39;12:63;15:24;20:70,"3:[0,1,2];1:[0,1,2,3];4:[0,1,2,3,4];5:[0,1,2,3,4,5,6];16:[0,1,2,3];26:[5,6,7];9:[5,6];13:[3,4,5,6];24:[6];2:[2,3,4,5,6,7];10:[2,3,4,5,6,7];19:[0,1,6,7];28:[2,3,4,5,6,7];11:[0,5,6,7];18:[3,4,5,6];7:[1,2,3,4];21:[5,6];6:[0,1,2,3,7];0:[1,2,3,4,5];22:[0,1,2,3];25:[3,4,5,6];8:[4,5,6];27:[2,3,4,5,6];23:[5];29:[0,1,6,7];14:[2,3,4];17:[5,6,7];12:[2,3,4,5,6,7];15:[3,4];20:[0,1,2,3,4,5,7]","c3:bw=34,experts=[0,1,2]; c1:bw=40,experts=[0,1,2,3]; c4:bw=56,experts=[0,1,2,3,4]; c5:bw=73,experts=[0,1,2,3,4,5,6]; c16:bw=45,experts=[0,1,2,3]; c26:bw=37,experts=[5,6,7]; c9:bw=22,experts=[5,6]; c13:bw=49,experts=[3,4,5,6]; c24:bw=19,experts=[6]; c2:bw=60,experts=[2,3,4,5,6,7]; c10:bw=64,experts=[2,3,4,5,6,7]; c19:bw=47,experts=[0,1,6,7]; c28:bw=63,experts=[2,3,4,5,6,7]; c11:bw=49,experts=[0,5,6,7]; c18:bw=43,experts=[3,4,5,6]; c7:bw=45,experts=[1,2,3,4]; c21:bw=27,experts=[5,6]; c6:bw=53,experts=[0,1,2,3,7]; c0:bw=59,experts=[1,2,3,4,5]; c22:bw=49,experts=[0,1,2,3]; c25:bw=43,experts=[3,4,5,6]; c8:bw=31,experts=[4,5,6]; c27:bw=58,experts=[2,3,4,5,6]; c23:bw=15,experts=[5]; c29:bw=44,experts=[0,1,6,7]; c14:bw=32,experts=[2,3,4]; c17:bw=39,experts=[5,6,7]; c12:bw=63,experts=[2,3,4,5,6,7]; c15:bw=24,experts=[3,4]; c20:bw=70,experts=[0,1,2,3,4,5,7]","1.5508,1.0438,2.1481,3.3969,1.8097,1.0138,1.4595,1.6375,1.2309,1.2464,2.5826,1.4612,1.5922,2.3001,1.7212,1.3506,1.0307,1.1090,1.0613,1.6866,2.0869,1.1632,1.8885,1.3320,3.3591,1.3963,1.9637,1.8409,1.1355,2.1167"
5,2026-09-23 20:26:54,Ours,0.01,3.6614808338630285,4.36,4.88,4,51.5259,0:51.53,49.9125,0.4726,1.1377,262.7381,4:22.74,30,"26,3,16,28,9,20,22,14,12,17,19,13,21,18,10,5,24,23,2,4,15,0,1,11,7,27,29,8,25,6",26:19;3:63;16:32;28:45;9:62;20:50;22:49;14:53;12:55;17:64;19:19;13:36;21:35;18:10;10:35;5:40;24:12;23:29;2:10;4:48;15:45;0:50;1:20;11:21;7:24;27:30;29:55;8:37;25:34;6:53,"26:[0];3:[0,3,4,5,6,7];16:[4,5,6];28:[0,1,2,3];9:[0,1,2,3,4,7];20:[0,1,2,6,7];22:[4,5,6,7];14:[0,1,5,6,7];12:[0,1,2,3,4];17:[0,1,2,3,4,5];19:[2];13:[0,1,7];21:[0,1,7];18:[7];10:[0,1,2];5:[0,1,2,7];24:[7];23:[6,7];2:[0];4:[0,5,6,7];15:[0,5,6,7];0:[0,1,2,6,7];1:[4,5];11:[1,2];7:[5,6];27:[0,1,7];29:[2,3,4,5,6];8:[0,1,7];25:[0,1,7];6:[0,4,5,6,7]","c26:bw=19,experts=[0]; c3:bw=63,experts=[0,3,4,5,6,7]; c16:bw=32,experts=[4,5,6]; c28:bw=45,experts=[0,1,2,3]; c9:bw=62,experts=[0,1,2,3,4,7]; c20:bw=50,experts=[0,1,2,6,7]; c22:bw=49,experts=[4,5,6,7]; c14:bw=53,experts=[0,1,5,6,7]; c12:bw=55,experts=[0,1,2,3,4]; c17:bw=64,experts=[0,1,2,3,4,5]; c19:bw=19,experts=[2]; c13:bw=36,experts=[0,1,7]; c21:bw=35,experts=[0,1,7]; c18:bw=10,experts=[7]; c10:bw=35,experts=[0,1,2]; c5:bw=40,experts=[0,1,2,7]; c24:bw=12,experts=[7]; c23:bw=29,experts=[6,7]; c2:bw=10,experts=[0]; c4:bw=48,experts=[0,5,6,7]; c15:bw=45,experts=[0,5,6,7]; c0:bw=50,experts=[0,1,2,6,7]; c1:bw=20,experts=[4,5]; c11:bw=21,experts=[1,2]; c7:bw=24,experts=[5,6]; c27:bw=30,experts=[0,1,7]; c29:bw=55,experts=[2,3,4,5,6]; c8:bw=37,experts=[0,1,7]; c25:bw=34,experts=[0,1,7]; c6:bw=53,experts=[0,4,5,6,7]","1.0116,1.5472,1.8257,1.5908,1.3582,2.0791,1.6229,1.3841,1.7959,1.9867,1.4431,1.6134,0.9932,1.7261,2.5614,3.3456,1.2086,1.3167,1.2265,2.0688,1.1209,1.0594,1.0344,2.2655,1.3105,1.8383,3.2580,1.1226,2.0890,1.1083"
6,2026-09-23 20:27:45,Ours,0.01,3.546467925144087,4.94,4.94,6,51.3221,0:51.32,49.6821,0.4807,1.1563,314.0714,5:14.07,30,"17,11,7,13,0,28,20,8,1,5,2,23,22,15,21,29,10,14,26,24,4,3,19,16,6,18,12,27,9,25",17:27;11:31;7:58;13:15;0:31;28:74;20:44;8:67;1:32;5:27;2:42;23:73;22:32;15:33;21:10;29:41;10:10;14:40;26:43;24:18;4:17;3:36;19:37;16:54;6:20;18:40;12:62;27:43;9:48;25:43,"17:[6,7];11:[3,4,5];7:[0,1,2,3,7];13:[2];0:[3,4,5];28:[0,1,2,4,5,6,7];20:[3,4,5,6];8:[2,3,4,5,6,7];1:[0,6,7];5:[3,4];2:[1,2,3,4];23:[0,1,2,3,4,5,6];22:[0,1,2];15:[1,2,3];21:[2];29:[0,1,2,7];10:[3];14:[2,3,4,5];26:[1,2,3,4];24:[0];4:[1];3:[1,2,3];19:[3,4,5];16:[0,1,2,3,7];6:[1,2];18:[0,1,2,3];12:[0,1,2,5,6,7];27:[2,3,4,5];9:[0,5,6,7];25:[2,3,4,5]","c17:bw=27,experts=[6,7]; c11:bw=31,experts=[3,4,5]; c7:bw=58,experts=[0,1,2,3,7]; c13:bw=15,experts=[2]; c0:bw=31,experts=[3,4,5]; c28:bw=74,experts=[0,1,2,4,5,6,7]; c20:bw=44,experts=[3,4,5,6]; c8:bw=67,experts=[2,3,4,5,6,7]; c1:bw=32,experts=[0,6,7]; c5:bw=27,experts=[3,4]; c2:bw=42,experts=[1,2,3,4]; c23:bw=73,experts=[0,1,2,3,4,5,6]; c22:bw=32,experts=[0,1,2]; c15:bw=33,experts=[1,2,3]; c21:bw=10,experts=[2]; c29:bw=41,experts=[0,1,2,7]; c10:bw=10,experts=[3]; c14:bw=40,experts=[2,3,4,5]; c26:bw=43,experts=[1,2,3,4]; c24:bw=18,experts=[0]; c4:bw=17,experts=[1]; c3:bw=36,experts=[1,2,3]; c19:bw=37,experts=[3,4,5]; c16:bw=54,experts=[0,1,2,3,7]; c6:bw=20,experts=[1,2]; c18:bw=40,experts=[0,1,2,3]; c12:bw=62,experts=[0,1,2,5,6,7]; c27:bw=43,experts=[2,3,4,5]; c9:bw=48,experts=[0,5,6,7]; c25:bw=43,experts=[2,3,4,5]","1.9966,2.2596,1.3296,1.6341,1.0729,1.5725,2.0838,1.1354,1.0422,3.1738,1.2265,1.3196,1.6048,1.1281,0.9969,3.2128,2.5272,1.3057,1.0223,1.1998,2.0681,1.5407,1.4556,1.7869,1.1054,1.6942,1.9257,1.8663,1.3463,2.0487"
7,2026-09-23 20:28:36,Ours,0.01,3.545467134541423,7.66,7.66,7,51.2722,0:51.27,49.6542,0.4792,1.1357,365.3569,6:05.36,30,"20,1,29,3,13,15,9,16,14,17,21,4,18,25,7,5,23,2,8,12,26,24,0,6,22,10,19,28,11,27",20:16;1:10;29:57;3:26;13:25;15:39;9:10;16:53;14:13;17:41;21:60;4:14;18:20;25:50;7:31;5:49;23:41;2:40;8:57;12:47;26:49;24:31;0:36;6:13;22:55;10:17;19:54;28:10;11:60;27:26,"20:[7];1:[1];29:[3,4,5,6,7];3:[4,5];13:[3,4];15:[4,5,6];9:[1];16:[0,4,5,6,7];14:[6];17:[0,1,2,3];21:[0,3,4,5,6,7];4:[2];18:[4,5];25:[0,1,2,6,7];7:[4,5,6];5:[0,5,6,7];23:[0,1,2,7];2:[0,5,6,7];8:[0,1,2,3,4];12:[3,4,5,6];26:[0,5,6,7];24:[1,2,3];0:[0,6,7];6:[3];22:[3,4,5,6,7];10:[4];19:[0,1,2,6,7];28:[3];11:[0,1,2,3,6,7];27:[6,7]","c20:bw=16,experts=[7]; c1:bw=10,experts=[1]; c29:bw=57,experts=[3,4,5,6,7]; c3:bw=26,experts=[4,5]; c13:bw=25,experts=[3,4]; c15:bw=39,experts=[4,5,6]; c9:bw=10,experts=[1]; c16:bw=53,experts=[0,4,5,6,7]; c14:bw=13,experts=[6]; c17:bw=41,experts=[0,1,2,3]; c21:bw=60,experts=[0,3,4,5,6,7]; c4:bw=14,experts=[2]; c18:bw=20,experts=[4,5]; c25:bw=50,experts=[0,1,2,6,7]; c7:bw=31,experts=[4,5,6]; c5:bw=49,experts=[0,5,6,7]; c23:bw=41,experts=[0,1,2,7]; c2:bw=40,experts=[0,5,6,7]; c8:bw=57,experts=[0,1,2,3,4]; c12:bw=47,experts=[3,4,5,6]; c26:bw=49,experts=[0,5,6,7]; c24:bw=31,experts=[1,2,3]; c0:bw=36,experts=[0,6,7]; c6:bw=13,experts=[3]; c22:bw=55,experts=[3,4,5,6,7]; c10:bw=17,experts=[4]; c19:bw=54,experts=[0,1,2,6,7]; c28:bw=10,experts=[3]; c11:bw=60,experts=[0,1,2,3,6,7]; c27:bw=26,experts=[6,7]","2.0799,1.0496,3.2881,1.5523,1.6375,1.1474,1.3495,1.8164,1.3252,1.9650,0.9966,2.0611,1.7138,2.0467,1.3057,3.2195,1.3248,1.2225,1.1355,1.8071,1.0099,1.2045,1.0535,1.1049,1.6013,2.5338,1.4535,1.5540,2.2259,1.8685"
8,2026-09-23 20:29:28,Ours,0.01,3.4050026458962876,7.73,7.73,8,51.5275,0:51.53,49.8959,0.4751,1.1533,416.897,6:56.90,30,"10,14,7,9,13,8,3,12,18,23,15,0,21,28,5,26,17,24,27,20,22,4,29,2,1,6,11,19,25,16",10:51;14:59;7:15;9:59;13:35;8:37;3:37;12:51;18:39;23:35;15:66;0:32;21:31;28:38;5:28;26:55;17:56;24:42;27:41;20:42;22:61;4:10;29:71;2:54;1:58;6:41;11:45;19:31;25:41;16:45,"10:[0,1,5,6,7];14:[0,1,2,3,7];7:[7];9:[2,3,4,5,6];13:[5,6,7];8:[5,6,7];3:[0,6,7];12:[0,1,2,3,7];18:[0,6,7];23:[3,4,5];15:[0,1,2,3,4,7];0:[1,2,3];21:[1,2,3];28:[4,5,6];5:[1,2];26:[1,2,3,4,5];17:[0,4,5,6,7];24:[4,5,6,7];27:[0,1,2,3];20:[0,1,2,3];22:[0,1,2,3,4,5];4:[3];29:[0,1,2,3,4,5,6];2:[1,2,3,4,5];1:[2,3,4,5,6];6:[4,5,6,7];11:[4,5,6,7];19:[3,4,5];25:[3,4,5,6];16:[1,2,3,4]","c10:bw=51,experts=[0,1,5,6,7]; c14:bw=59,experts=[0,1,2,3,7]; c7:bw=15,experts=[7]; c9:bw=59,experts=[2,3,4,5,6]; c13:bw=35,experts=[5,6,7]; c8:bw=37,experts=[5,6,7]; c3:bw=37,experts=[0,6,7]; c12:bw=51,experts=[0,1,2,3,7]; c18:bw=39,experts=[0,6,7]; c23:bw=35,experts=[3,4,5]; c15:bw=66,experts=[0,1,2,3,4,7]; c0:bw=32,experts=[1,2,3]; c21:bw=31,experts=[1,2,3]; c28:bw=38,experts=[4,5,6]; c5:bw=28,experts=[1,2]; c26:bw=55,experts=[1,2,3,4,5]; c17:bw=56,experts=[0,4,5,6,7]; c24:bw=42,experts=[4,5,6,7]; c27:bw=41,experts=[0,1,2,3]; c20:bw=42,experts=[0,1,2,3]; c22:bw=61,experts=[0,1,2,3,4,5]; c4:bw=10,experts=[3]; c29:bw=71,experts=[0,1,2,3,4,5,6]; c2:bw=54,experts=[1,2,3,4,5]; c1:bw=58,experts=[2,3,4,5,6]; c6:bw=41,experts=[4,5,6,7]; c11:bw=45,experts=[4,5,6,7]; c19:bw=31,experts=[3,4,5]; c25:bw=41,experts=[3,4,5,6]; c16:bw=45,experts=[1,2,3,4]","2.5528,1.3518,1.2886,1.3663,1.6265,1.1401,1.5429,1.8012,1.7300,1.3246,1.1214,1.0704,0.9999,1.5713,3.3914,1.0066,1.9884,1.2040,1.8597,2.0530,1.6921,2.0604,3.2255,1.2344,1.0440,1.1007,2.2292,1.4453,2.0810,1.7924"
9,2026-09-23 20:30:19,Ours,0.01,3.4766645597322214,8.98,8.98,9,51.2514,0:51.25,49.5929,0.4862,1.1692,468.1627,7:48.16,30,"17,7,13,25,9,6,28,29,18,14,3,2,12,22,20,11,8,0,24,15,10,21,27,1,19,4,23,5,16,26",17:49;7:46;13:41;25:67;9:26;6:31;28:58;29:46;18:53;14:37;3:23;2:21;12:38;22:39;20:58;11:28;8:18;0:52;24:25;15:36;10:34;21:66;27:27;1:14;19:26;4:59;23:68;5:52;16:41;26:19,"17:[1,2,3,4];7:[0,1,2,3];13:[0,1,2,3];25:[0,1,2,3,4,7];9:[0,7];6:[0,1,2];28:[0,1,2,3,7];29:[0,1,2,7];18:[1,2,3,4,5];14:[4,5,6];3:[1,2];2:[6,7];12:[4,5,6];22:[0,6,7];20:[0,4,5,6,7];11:[0,1];8:[0];0:[0,4,5,6,7];24:[0,1];15:[5,6,7];10:[2,3,4];21:[0,1,4,5,6,7];27:[4,5];1:[7];19:[6,7];4:[0,4,5,6,7];23:[0,1,2,3,6,7];5:[3,4,5,6,7];16:[0,5,6,7];26:[6]","c17:bw=49,experts=[1,2,3,4]; c7:bw=46,experts=[0,1,2,3]; c13:bw=41,experts=[0,1,2,3]; c25:bw=67,experts=[0,1,2,3,4,7]; c9:bw=26,experts=[0,7]; c6:bw=31,experts=[0,1,2]; c28:bw=58,experts=[0,1,2,3,7]; c29:bw=46,experts=[0,1,2,7]; c18:bw=53,experts=[1,2,3,4,5]; c14:bw=37,experts=[4,5,6]; c3:bw=23,experts=[1,2]; c2:bw=21,experts=[6,7]; c12:bw=38,experts=[4,5,6]; c22:bw=39,experts=[0,6,7]; c20:bw=58,experts=[0,4,5,6,7]; c11:bw=28,experts=[0,1]; c8:bw=18,experts=[0]; c0:bw=52,experts=[0,4,5,6,7]; c24:bw=25,experts=[0,1]; c15:bw=36,experts=[5,6,7]; c10:bw=34,experts=[2,3,4]; c21:bw=66,experts=[0,1,4,5,6,7]; c27:bw=27,experts=[4,5]; c1:bw=14,experts=[7]; c19:bw=26,experts=[6,7]; c4:bw=59,experts=[0,4,5,6,7]; c23:bw=68,experts=[0,1,2,3,6,7]; c5:bw=52,experts=[3,4,5,6,7]; c16:bw=41,experts=[0,5,6,7]; c26:bw=19,experts=[6]","1.9899,1.2993,1.6334,2.0866,1.3486,1.1070,1.5673,3.2320,1.7316,1.3065,1.5483,1.2278,1.7951,1.6124,2.0741,2.2399,1.1283,1.0683,1.1913,1.1212,2.5197,1.0049,1.8516,1.0422,1.4451,2.0821,1.3095,3.2170,1.7971,1.0148"
10,2026-09-23 20:31:10,Ours,0.01,3.47378994170074,7.76,8.98,9,51.0591,0:51.06,49.4439,0.4788,1.1333,519.2346,8:39.23,30,"16,13,14,18,5,22,19,24,20,4,12,1,23,11,3,29,21,15,26,2,9,25,10,28,27,17,6,7,0,8",16:44;13:38;14:57;18:28;5:58;22:10;19:43;24:68;20:10;4:37;12:52;1:41;23:10;11:21;3:46;29:25;21:10;15:10;26:58;2:34;9:35;25:66;10:54;28:24;27:24;17:35;6:65;7:37;0:59;8:35,"16:[1,2,3,4];13:[4,5,6];14:[0,1,2,3,7];18:[6,7];5:[0,1,2,3,4];22:[1];19:[0,1,2,3];24:[2,3,4,5,6,7];20:[1];4:[1,2,3];12:[0,1,2,3,7];1:[0,1,2,3];23:[4];11:[2,3];3:[3,4,5,6];29:[3,4];21:[2];15:[0];26:[0,1,2,3,7];2:[0,1,2];9:[1,2,3];25:[0,1,2,5,6,7];10:[0,1,5,6,7];28:[4,5];27:[6,7];17:[5,6,7];6:[0,3,4,5,6,7];7:[4,5,6];0:[1,2,3,4,5];8:[1,2,3]","c16:bw=44,experts=[1,2,3,4]; c13:bw=38,experts=[4,5,6]; c14:bw=57,experts=[0,1,2,3,7]; c18:bw=28,experts=[6,7]; c5:bw=58,experts=[0,1,2,3,4]; c22:bw=10,experts=[1]; c19:bw=43,experts=[0,1,2,3]; c24:bw=68,experts=[2,3,4,5,6,7]; c20:bw=10,experts=[1]; c4:bw=37,experts=[1,2,3]; c12:bw=52,experts=[0,1,2,3,7]; c1:bw=41,experts=[0,1,2,3]; c23:bw=10,experts=[4]; c11:bw=21,experts=[2,3]; c3:bw=46,experts=[3,4,5,6]; c29:bw=25,experts=[3,4]; c21:bw=10,experts=[2]; c15:bw=10,experts=[0]; c26:bw=58,experts=[0,1,2,3,7]; c2:bw=34,experts=[0,1,2]; c9:bw=35,experts=[1,2,3]; c25:bw=66,experts=[0,1,2,5,6,7]; c10:bw=54,experts=[0,1,5,6,7]; c28:bw=24,experts=[4,5]; c27:bw=24,experts=[6,7]; c17:bw=35,experts=[5,6,7]; c6:bw=65,experts=[0,3,4,5,6,7]; c7:bw=37,experts=[4,5,6]; c0:bw=59,experts=[1,2,3,4,5]; c8:bw=35,experts=[1,2,3]","1.7971,1.6428,1.3181,1.7366,3.1216,1.6384,1.4450,1.2125,2.0631,2.0722,1.7998,1.0397,1.3205,2.2248,1.5370,3.2060,0.9887,1.1239,1.0120,1.2215,1.3560,2.0610,2.5226,1.5627,1.8574,1.9651,1.1050,1.2971,1.0615,1.1342"
11,2026-09-23 20:32:02,Ours,0.01,3.3365440177338086,10.19,10.19,11,51.2706,0:51.27,49.6319,0.4743,1.1614,570.5197,9:30.52,30,"6,20,29,24,4,11,17,25,9,1,12,14,8,28,13,18,22,5,3,7,16,10,27,0,26,21,23,19,2,15",6:55;20:10;29:10;24:45;4:16;11:34;17:44;25:10;9:33;1:40;12:20;14:15;8:39;28:26;13:40;18:47;22:10;5:28;3:50;7:44;16:43;10:35;27:53;0:28;26:33;21:34;23:63;19:25;2:27;15:44,"6:[1,2,3,4,5];20:[2];29:[5];24:[0,1,2,3];4:[4];11:[4,5,6];17:[0,1,2,3];25:[3];9:[4,5,6];1:[4,5,6,7];12:[4,5];14:[4];8:[4,5,6];28:[6,7];13:[0,1,2,7];18:[0,1,2,3];22:[2];5:[5,6];3:[0,1,2,3,7];7:[0,1,2,7];16:[0,5,6,7];10:[2,3,4];27:[0,1,2,3,4];0:[6,7];26:[4,5,6];21:[3,4,5];23:[0,1,2,5,6,7];19:[4,5];2:[3,4];15:[1,2,3,4]","c6:bw=55,experts=[1,2,3,4,5]; c20:bw=10,experts=[2]; c29:bw=10,experts=[5]; c24:bw=45,experts=[0,1,2,3]; c4:bw=16,experts=[4]; c11:bw=34,experts=[4,5,6]; c17:bw=44,experts=[0,1,2,3]; c25:bw=10,experts=[3]; c9:bw=33,experts=[4,5,6]; c1:bw=40,experts=[4,5,6,7]; c12:bw=20,experts=[4,5]; c14:bw=15,experts=[4]; c8:bw=39,experts=[4,5,6]; c28:bw=26,experts=[6,7]; c13:bw=40,experts=[0,1,2,7]; c18:bw=47,experts=[0,1,2,3]; c22:bw=10,experts=[2]; c5:bw=28,experts=[5,6]; c3:bw=50,experts=[0,1,2,3,7]; c7:bw=44,experts=[0,1,2,7]; c16:bw=43,experts=[0,5,6,7]; c10:bw=35,experts=[2,3,4]; c27:bw=53,experts=[0,1,2,3,4]; c0:bw=28,experts=[6,7]; c26:bw=33,experts=[4,5,6]; c21:bw=34,experts=[3,4,5]; c23:bw=63,experts=[0,1,2,5,6,7]; c19:bw=25,experts=[4,5]; c2:bw=27,experts=[3,4]; c15:bw=44,experts=[1,2,3,4]","1.1204,2.0750,3.2587,1.2212,2.0912,2.2591,1.9949,2.0677,1.3553,1.0495,1.7860,1.3059,1.1292,1.5522,1.5990,1.7134,1.5973,3.2283,1.5382,1.2791,1.7918,2.5370,1.8468,1.0732,1.0189,0.9979,1.3204,1.4506,1.2415,1.1324"
12,2026-09-23 20:32:53,Ours,0.01,3.3760078851873696,11.49,11.49,12,51.3225,0:51.32,49.7028,0.4746,1.142,621.8569,10:21.86,30,"8,9,22,17,3,25,10,4,1,24,18,21,12,14,5,27,28,11,26,29,16,2,6,7,23,19,15,20,13,0",8:55;9:42;22:54;17:39;3:35;25:44;10:62;4:28;1:42;24:24;18:45;21:61;12:73;14:29;5:56;27:51;28:11;11:45;26:21;29:52;16:28;2:57;6:29;7:30;23:60;19:31;15:36;20:75;13:53;0:49,"8:[0,1,2,3,7];9:[0,1,2,7];22:[3,4,5,6,7];17:[4,5,6];3:[4,5,6];25:[4,5,6,7];10:[0,1,2,5,6,7];4:[5,6];1:[0,1,2,3];24:[4,5];18:[4,5,6,7];21:[0,1,2,3,6,7];12:[0,1,2,3,4,6,7];14:[5,6];5:[0,1,2,3,7];27:[0,1,5,6,7];28:[0];11:[0,1,2,7];26:[0,7];29:[0,1,2,6,7];16:[1,2];2:[0,1,5,6,7];6:[6,7];7:[3,4,5];23:[0,3,4,5,6,7];19:[0,6,7];15:[5,6,7];20:[0,1,3,4,5,6,7];13:[3,4,5,6,7];0:[0,1,2,3]","c8:bw=55,experts=[0,1,2,3,7]; c9:bw=42,experts=[0,1,2,7]; c22:bw=54,experts=[3,4,5,6,7]; c17:bw=39,experts=[4,5,6]; c3:bw=35,experts=[4,5,6]; c25:bw=44,experts=[4,5,6,7]; c10:bw=62,experts=[0,1,2,5,6,7]; c4:bw=28,experts=[5,6]; c1:bw=42,experts=[0,1,2,3]; c24:bw=24,experts=[4,5]; c18:bw=45,experts=[4,5,6,7]; c21:bw=61,experts=[0,1,2,3,6,7]; c12:bw=73,experts=[0,1,2,3,4,6,7]; c14:bw=29,experts=[5,6]; c5:bw=56,experts=[0,1,2,3,7]; c27:bw=51,experts=[0,1,5,6,7]; c28:bw=11,experts=[0]; c11:bw=45,experts=[0,1,2,7]; c26:bw=21,experts=[0,7]; c29:bw=52,experts=[0,1,2,6,7]; c16:bw=28,experts=[1,2]; c2:bw=57,experts=[0,1,5,6,7]; c6:bw=29,experts=[6,7]; c7:bw=30,experts=[3,4,5]; c23:bw=60,experts=[0,3,4,5,6,7]; c19:bw=31,experts=[0,6,7]; c15:bw=36,experts=[5,6,7]; c20:bw=75,experts=[0,1,3,4,5,6,7]; c13:bw=53,experts=[3,4,5,6,7]; c0:bw=49,experts=[0,1,2,3]","1.1396,1.3537,1.6360,1.9965,1.5472,2.0805,2.5334,2.0682,1.0377,1.2002,1.7259,0.9965,1.8162,1.3299,3.3569,1.8514,1.5575,2.2120,1.0099,3.2041,1.7760,1.2189,1.1753,1.2779,1.3093,1.4467,1.1291,2.0542,1.6095,1.0526"
13,2026-09-23 20:33:44,Ours,0.01,3.2930626704750376,13.67,13.67,13,51.4484,0:51.45,49.7928,0.4956,1.1569,673.3217,11:13.32,30,"17,19,1,9,21,10,6,29,14,25,20,26,22,0,12,7,4,8,24,5,13,11,23,16,2,3,18,15,28,27",17:55;19:36;1:47;9:15;21:30;10:42;6:36;29:49;14:70;25:58;20:10;26:17;22:75;0:25;12:42;7:58;4:10;8:15;24:35;5:29;13:32;11:52;23:53;16:10;2:16;3:30;18:51;15:38;28:47;27:57,"17:[0,1,2,3,7];19:[1,2,3];1:[4,5,6,7];9:[3];21:[4,5,6];10:[3,4,5,6];6:[0,1,2];29:[3,4,5,6];14:[0,1,2,3,4,5,7];25:[0,1,2,3,4];20:[2];26:[1];22:[0,1,2,3,4,5,6];0:[4,5];12:[0,5,6,7];7:[0,1,2,6,7];4:[7];8:[4];24:[0,6,7];5:[4,5];13:[0,1,2];11:[3,4,5,6,7];23:[1,2,3,4,5];16:[3];2:[2];3:[0,1,7];18:[0,1,2,3,4];15:[0,1,2];28:[1,2,3,4];27:[2,3,4,5,6]","c17:bw=55,experts=[0,1,2,3,7]; c19:bw=36,experts=[1,2,3]; c1:bw=47,experts=[4,5,6,7]; c9:bw=15,experts=[3]; c21:bw=30,experts=[4,5,6]; c10:bw=42,experts=[3,4,5,6]; c6:bw=36,experts=[0,1,2]; c29:bw=49,experts=[3,4,5,6]; c14:bw=70,experts=[0,1,2,3,4,5,7]; c25:bw=58,experts=[0,1,2,3,4]; c20:bw=10,experts=[2]; c26:bw=17,experts=[1]; c22:bw=75,experts=[0,1,2,3,4,5,6]; c0:bw=25,experts=[4,5]; c12:bw=42,experts=[0,5,6,7]; c7:bw=58,experts=[0,1,2,6,7]; c4:bw=10,experts=[7]; c8:bw=15,experts=[4]; c24:bw=35,experts=[0,6,7]; c5:bw=29,experts=[4,5]; c13:bw=32,experts=[0,1,2]; c11:bw=52,experts=[3,4,5,6,7]; c23:bw=53,experts=[1,2,3,4,5]; c16:bw=10,experts=[3]; c2:bw=16,experts=[2]; c3:bw=30,experts=[0,1,7]; c18:bw=51,experts=[0,1,2,3,4]; c15:bw=38,experts=[0,1,2]; c28:bw=47,experts=[1,2,3,4]; c27:bw=57,experts=[2,3,4,5,6]","1.9767,1.4724,1.0749,1.3667,1.0023,2.5600,1.1000,3.3546,1.3230,2.0653,2.0480,1.0168,1.6027,1.0728,1.7852,1.2855,2.0584,1.1445,1.1979,3.3366,1.6006,2.2442,1.3049,1.7888,1.2144,1.5319,1.7277,1.1213,1.5581,1.8568"
14,2026-09-23 20:34:36,Ours,0.01,3.2644232038766128,11.73,13.67,13,51.3438,0:51.34,49.719,0.485,1.1366,724.6801,12:04.68,30,"12,24,28,22,3,4,15,18,26,11,19,6,5,10,8,0,27,16,20,29,1,14,17,23,13,7,2,25,21,9",12:43;24:42;28:49;22:35;3:45;4:10;15:12;18:63;26:42;11:36;19:42;6:67;5:64;10:31;8:21;0:25;27:40;16:19;20:31;29:36;1:38;14:25;17:10;23:63;13:34;7:25;2:45;25:53;21:36;9:32,"12:[1,2,3,4];24:[1,2,3,4];28:[0,5,6,7];22:[0,1,7];3:[2,3,4,5];4:[0];15:[3];18:[0,1,2,5,6,7];26:[2,3,4,5];11:[0,1,2];19:[4,5,6,7];6:[0,3,4,5,6,7];5:[0,1,2,3,6,7];10:[0,1,7];8:[5,6];0:[6,7];27:[0,1,2,7];16:[4];20:[3,4,5];29:[0,1,7];1:[0,1,2];14:[6,7];17:[4];23:[0,1,2,3,6,7];13:[3,4,5];7:[3,4];2:[3,4,5,6];25:[0,1,5,6,7];21:[0,1,7];9:[4,5,6]","c12:bw=43,experts=[1,2,3,4]; c24:bw=42,experts=[1,2,3,4]; c28:bw=49,experts=[0,5,6,7]; c22:bw=35,experts=[0,1,7]; c3:bw=45,experts=[2,3,4,5]; c4:bw=10,experts=[0]; c15:bw=12,experts=[3]; c18:bw=63,experts=[0,1,2,5,6,7]; c26:bw=42,experts=[2,3,4,5]; c11:bw=36,experts=[0,1,2]; c19:bw=42,experts=[4,5,6,7]; c6:bw=67,experts=[0,3,4,5,6,7]; c5:bw=64,experts=[0,1,2,3,6,7]; c10:bw=31,experts=[0,1,7]; c8:bw=21,experts=[5,6]; c0:bw=25,experts=[6,7]; c27:bw=40,experts=[0,1,2,7]; c16:bw=19,experts=[4]; c20:bw=31,experts=[3,4,5]; c29:bw=36,experts=[0,1,7]; c1:bw=38,experts=[0,1,2]; c14:bw=25,experts=[6,7]; c17:bw=10,experts=[4]; c23:bw=63,experts=[0,1,2,3,6,7]; c13:bw=34,experts=[3,4,5]; c7:bw=25,experts=[3,4]; c2:bw=45,experts=[3,4,5,6]; c25:bw=53,experts=[0,1,5,6,7]; c21:bw=36,experts=[0,1,7]; c9:bw=32,experts=[4,5,6]","1.8091,1.2232,1.5823,1.6246,1.5484,2.0742,1.1390,1.7198,1.0215,2.2227,1.4645,1.1095,3.3604,2.5009,1.1337,1.0580,1.8416,1.7849,2.0506,3.2205,1.0384,1.3291,1.9723,1.3119,1.6246,1.2892,1.2462,2.0629,0.9927,1.3621"
15,2026-09-23 20:35:27,Ours,0.01,3.2785734802462914,14.26,14.26,15,51.2171,0:51.22,49.6058,0.479,1.1292,775.9128,12:55.91,30,"8,17,2,27,28,6,23,21,25,26,4,10,22,5,9,29,16,20,1,14,18,11,24,15,13,7,0,19,12,3",8:52;17:47;2:53;27:36;28:40;6:33;23:58;21:14;25:32;26:48;4:47;10:13;22:60;5:18;9:19;29:10;16:29;20:43;1:14;14:50;18:34;11:55;24:45;15:10;13:60;7:59;0:20;19:59;12:10;3:10,"8:[0,1,2,3,7];17:[0,5,6,7];2:[0,1,2,3,7];27:[3,4,5];28:[1,2,3,4];6:[1,2,3];23:[0,4,5,6,7];21:[2];25:[2,3,4];26:[0,1,6,7];4:[1,2,3,4];10:[2];22:[2,3,4,5,6,7];5:[4];9:[7];29:[2];16:[5,6];20:[0,1,6,7];1:[3];14:[0,1,2,3,4];18:[3,4,5];11:[3,4,5,6,7];24:[0,5,6,7];15:[4];13:[0,1,2,3,6,7];7:[0,1,5,6,7];0:[0,1];19:[0,1,2,3,4];12:[5];3:[6]","c8:bw=52,experts=[0,1,2,3,7]; c17:bw=47,experts=[0,5,6,7]; c2:bw=53,experts=[0,1,2,3,7]; c27:bw=36,experts=[3,4,5]; c28:bw=40,experts=[1,2,3,4]; c6:bw=33,experts=[1,2,3]; c23:bw=58,experts=[0,4,5,6,7]; c21:bw=14,experts=[2]; c25:bw=32,experts=[2,3,4]; c26:bw=48,experts=[0,1,6,7]; c4:bw=47,experts=[1,2,3,4]; c10:bw=13,experts=[2]; c22:bw=60,experts=[2,3,4,5,6,7]; c5:bw=18,experts=[4]; c9:bw=19,experts=[7]; c29:bw=10,experts=[2]; c16:bw=29,experts=[5,6]; c20:bw=43,experts=[0,1,6,7]; c1:bw=14,experts=[3]; c14:bw=50,experts=[0,1,2,3,4]; c18:bw=34,experts=[3,4,5]; c11:bw=55,experts=[3,4,5,6,7]; c24:bw=45,experts=[0,5,6,7]; c15:bw=10,experts=[4]; c13:bw=60,experts=[0,1,2,3,6,7]; c7:bw=59,experts=[0,1,5,6,7]; c0:bw=20,experts=[0,1]; c19:bw=59,experts=[0,1,2,3,4]; c12:bw=10,experts=[5]; c3:bw=10,experts=[6]","1.1421,1.9999,1.2496,1.8728,1.5829,1.1111,1.3336,1.0130,2.0583,1.0163,2.0612,2.5299,1.6184,3.2797,1.3453,3.2188,1.7893,2.0625,1.0438,1.3128,1.7067,2.2372,1.1956,1.1212,1.6067,1.2904,1.0520,1.4445,1.7785,1.5314"
16,2026-09-23 20:36:18,Ours,0.01,3.2189583562873803,15.82,15.82,16,51.4843,0:51.48,49.8663,0.4755,1.1393,827.413,13:47.41,30,"23,25,10,3,11,29,1,20,21,0,26,8,6,13,24,18,4,16,9,17,28,15,27,7,22,2,14,19,12,5",23:12;25:35;10:22;3:43;11:10;29:37;1:29;20:50;21:49;0:57;26:51;8:49;6:40;13:24;24:25;18:12;4:35;16:54;9:24;17:43;28:56;15:48;27:57;7:22;22:53;2:52;14:29;19:62;12:14;5:40,"23:[1];25:[5,6,7];10:[3,4];3:[0,1,2,7];11:[0];29:[3,4,5];1:[4,5];20:[2,3,4,5,6];21:[3,4,5,6];0:[2,3,4,5,6];26:[2,3,4,5,6];8:[4,5,6,7];6:[4,5,6,7];13:[4,5];24:[1,2];18:[6];4:[5,6,7];16:[0,1,2,3,7];9:[0,1];17:[1,2,3,4];28:[0,1,5,6,7];15:[0,5,6,7];27:[0,1,2,6,7];7:[2,3];22:[0,1,2,3,4];2:[0,4,5,6,7];14:[5,6];19:[0,1,2,5,6,7];12:[6];5:[0,5,6,7]","c23:bw=12,experts=[1]; c25:bw=35,experts=[5,6,7]; c10:bw=22,experts=[3,4]; c3:bw=43,experts=[0,1,2,7]; c11:bw=10,experts=[0]; c29:bw=37,experts=[3,4,5]; c1:bw=29,experts=[4,5]; c20:bw=50,experts=[2,3,4,5,6]; c21:bw=49,experts=[3,4,5,6]; c0:bw=57,experts=[2,3,4,5,6]; c26:bw=51,experts=[2,3,4,5,6]; c8:bw=49,experts=[4,5,6,7]; c6:bw=40,experts=[4,5,6,7]; c13:bw=24,experts=[4,5]; c24:bw=25,experts=[1,2]; c18:bw=12,experts=[6]; c4:bw=35,experts=[5,6,7]; c16:bw=54,experts=[0,1,2,3,7]; c9:bw=24,experts=[0,1]; c17:bw=43,experts=[1,2,3,4]; c28:bw=56,experts=[0,1,5,6,7]; c15:bw=48,experts=[0,5,6,7]; c27:bw=57,experts=[0,1,2,6,7]; c7:bw=22,experts=[2,3]; c22:bw=53,experts=[0,1,2,3,4]; c2:bw=52,experts=[0,4,5,6,7]; c14:bw=29,experts=[5,6]; c19:bw=62,experts=[0,1,2,5,6,7]; c12:bw=14,experts=[6]; c5:bw=40,experts=[0,5,6,7]","1.3229,2.0689,2.5347,1.5563,2.2451,3.2493,1.0475,2.0707,0.9984,1.0608,1.0261,1.1412,1.1089,1.6173,1.2053,1.7122,2.0726,1.7895,1.3400,1.9574,1.5689,1.1345,1.8566,1.2912,1.6043,1.2429,1.3683,1.4629,1.8037,3.4080"
17,2026-09-23 20:37:10,Ours,0.01,3.2082860683557,15.67,15.82,16,51.4167,0:51.42,49.7867,0.4889,1.138,878.846,14:38.85,30,"5,7,1,23,8,25,12,27,24,10,9,17,3,16,20,29,14,19,13,26,18,28,11,2,22,21,4,6,15,0",5:10;7:25;1:29;23:39;8:10;25:27;12:74;27:27;24:40;10:44;9:37;17:11;3:52;16:30;20:58;29:48;14:33;19:40;13:27;26:43;18:31;28:18;11:10;2:19;22:31;21:10;4:58;6:39;15:50;0:11,"5:[1];7:[4,5];1:[6,7];23:[2,3,4];8:[0];25:[0,1];12:[0,1,2,3,4,5,7];27:[3,4];24:[3,4,5,6];10:[0,5,6,7];9:[2,3,4];17:[5];3:[3,4,5,6,7];16:[4,5,6];20:[0,1,2,3,7];29:[0,1,6,7];14:[0,1,7];19:[3,4,5,6];13:[6,7];26:[0,1,2,7];18:[0,1,7];28:[2];11:[1];2:[1];22:[5,6,7];21:[7];4:[0,1,2,3,4];6:[0,1,2];15:[1,2,3,4,5];0:[7]","c5:bw=10,experts=[1]; c7:bw=25,experts=[4,5]; c1:bw=29,experts=[6,7]; c23:bw=39,experts=[2,3,4]; c8:bw=10,experts=[0]; c25:bw=27,experts=[0,1]; c12:bw=74,experts=[0,1,2,3,4,5,7]; c27:bw=27,experts=[3,4]; c24:bw=40,experts=[3,4,5,6]; c10:bw=44,experts=[0,5,6,7]; c9:bw=37,experts=[2,3,4]; c17:bw=11,experts=[5]; c3:bw=52,experts=[3,4,5,6,7]; c16:bw=30,experts=[4,5,6]; c20:bw=58,experts=[0,1,2,3,7]; c29:bw=48,experts=[0,1,6,7]; c14:bw=33,experts=[0,1,7]; c19:bw=40,experts=[3,4,5,6]; c13:bw=27,experts=[6,7]; c26:bw=43,experts=[0,1,2,7]; c18:bw=31,experts=[0,1,7]; c28:bw=18,experts=[2]; c11:bw=10,experts=[1]; c2:bw=19,experts=[1]; c22:bw=31,experts=[5,6,7]; c21:bw=10,experts=[7]; c4:bw=58,experts=[0,1,2,3,4]; c6:bw=39,experts=[0,1,2]; c15:bw=50,experts=[1,2,3,4,5]; c0:bw=11,experts=[7]","3.3755,1.3415,1.0630,1.3240,1.1456,2.1251,1.7968,1.8589,1.1990,2.5255,1.3368,1.9970,1.5255,1.7968,2.0466,3.2178,1.3866,1.4493,1.6074,1.0098,1.7003,1.5593,2.2151,1.2282,1.6040,0.9943,2.0615,1.0988,1.1365,1.0601"
18,2026-09-23 20:38:01,Ours,0.01,3.200952133412238,17.21,17.21,18,51.0574,0:51.06,49.4505,0.4755,1.1282,929.9183,15:29.92,30,"13,20,6,14,5,24,29,8,17,2,16,7,25,10,11,22,26,23,15,27,12,28,0,18,9,19,1,3,4,21",13:43;20:45;6:31;14:40;5:35;24:30;29:39;8:10;17:50;2:37;16:38;7:55;25:32;10:27;11:57;22:49;26:57;23:56;15:51;27:31;12:18;28:43;0:49;18:60;9:19;19:33;1:10;3:37;4:56;21:26,"13:[0,1,2,3];20:[4,5,6,7];6:[3,4,5];14:[2,3,4,5];5:[2,3,4];24:[0,1,7];29:[2,3,4];8:[1];17:[0,1,2,6,7];2:[2,3,4];16:[0,1,7];7:[0,1,2,6,7];25:[2,3,4];10:[1,2];11:[2,3,4,5,6];22:[0,1,2,3];26:[3,4,5,6,7];23:[0,1,5,6,7];15:[0,1,2,6,7];27:[5,6,7];12:[6];28:[3,4,5,6];0:[0,1,2,3];18:[2,3,4,5,6,7];9:[5];19:[0,1,7];1:[0];3:[0,1,2];4:[0,1,5,6,7];21:[0,1]","c13:bw=43,experts=[0,1,2,3]; c20:bw=45,experts=[4,5,6,7]; c6:bw=31,experts=[3,4,5]; c14:bw=40,experts=[2,3,4,5]; c5:bw=35,experts=[2,3,4]; c24:bw=30,experts=[0,1,7]; c29:bw=39,experts=[2,3,4]; c8:bw=10,experts=[1]; c17:bw=50,experts=[0,1,2,6,7]; c2:bw=37,experts=[2,3,4]; c16:bw=38,experts=[0,1,7]; c7:bw=55,experts=[0,1,2,6,7]; c25:bw=32,experts=[2,3,4]; c10:bw=27,experts=[1,2]; c11:bw=57,experts=[2,3,4,5,6]; c22:bw=49,experts=[0,1,2,3]; c26:bw=57,experts=[3,4,5,6,7]; c23:bw=56,experts=[0,1,5,6,7]; c15:bw=51,experts=[0,1,2,6,7]; c27:bw=31,experts=[5,6,7]; c12:bw=18,experts=[6]; c28:bw=43,experts=[3,4,5,6]; c0:bw=49,experts=[0,1,2,3]; c18:bw=60,experts=[2,3,4,5,6,7]; c9:bw=19,experts=[5]; c19:bw=33,experts=[0,1,7]; c1:bw=10,experts=[0]; c3:bw=37,experts=[0,1,2]; c4:bw=56,experts=[0,1,5,6,7]; c21:bw=26,experts=[0,1]","1.6226,2.0833,1.1078,1.3099,3.1605,1.2278,3.2460,1.1402,1.9861,1.2348,1.7793,1.2767,2.0596,2.5133,2.2540,1.6015,1.0200,1.3155,1.1232,1.8440,1.7890,1.5814,1.0599,1.7225,1.3370,1.4394,1.0473,1.5262,2.0556,0.9862"
19,2026-09-23 20:38:52,Ours,0.01,3.0962857920153715,16.44,17.21,18,51.2448,0:51.24,49.6247,0.4791,1.1377,981.1797,16:21.18,30,"5,19,26,29,15,4,23,3,6,8,20,21,22,14,27,24,28,16,2,17,18,1,13,25,12,11,10,9,7,0",5:29;19:37;26:33;29:36;15:39;4:51;23:15;3:40;6:66;8:56;20:21;21:52;22:29;14:30;27:34;24:45;28:10;16:13;2:14;17:67;18:31;1:46;13:10;25:59;12:54;11:20;10:35;9:38;7:22;0:42,"5:[5,6];19:[2,3,4];26:[0,1,2];29:[5,6,7];15:[3,4,5];4:[2,3,4,5,6];23:[2];3:[3,4,5,6];6:[0,1,2,3,6,7];8:[2,3,4,5,6];20:[0,1];21:[2,3,4,5,6];22:[4,5];14:[0,6,7];27:[0,1,2];24:[2,3,4,5];28:[7];16:[2];2:[5];17:[0,3,4,5,6,7];18:[0,1,2];1:[1,2,3,4];13:[4];25:[0,1,5,6,7];12:[0,1,2,3,7];11:[0,7];10:[3,4,5];9:[0,6,7];7:[3,4];0:[4,5,6,7]","c5:bw=29,experts=[5,6]; c19:bw=37,experts=[2,3,4]; c26:bw=33,experts=[0,1,2]; c29:bw=36,experts=[5,6,7]; c15:bw=39,experts=[3,4,5]; c4:bw=51,experts=[2,3,4,5,6]; c23:bw=15,experts=[2]; c3:bw=40,experts=[3,4,5,6]; c6:bw=66,experts=[0,1,2,3,6,7]; c8:bw=56,experts=[2,3,4,5,6]; c20:bw=21,experts=[0,1]; c21:bw=52,experts=[2,3,4,5,6]; c22:bw=29,experts=[4,5]; c14:bw=30,experts=[0,6,7]; c27:bw=34,experts=[0,1,2]; c24:bw=45,experts=[2,3,4,5]; c28:bw=10,experts=[7]; c16:bw=13,experts=[2]; c2:bw=14,experts=[5]; c17:bw=67,experts=[0,3,4,5,6,7]; c18:bw=31,experts=[0,1,2]; c1:bw=46,experts=[1,2,3,4]; c13:bw=10,experts=[4]; c25:bw=59,experts=[0,1,5,6,7]; c12:bw=54,experts=[0,1,2,3,7]; c11:bw=20,experts=[0,7]; c10:bw=35,experts=[3,4,5]; c9:bw=38,experts=[0,6,7]; c7:bw=22,experts=[3,4]; c0:bw=42,experts=[4,5,6,7]","3.3639,1.4703,1.0163,3.2550,1.1388,2.0915,1.3110,1.5496,1.1027,1.1482,2.0554,1.0042,1.5949,1.3059,1.8528,1.2077,1.5506,1.7899,1.2235,1.9767,1.6993,1.0297,1.6177,2.0445,1.7863,2.2390,2.5031,1.3408,1.2889,1.0664"
20,2026-09-23 20:39:44,Ours,0.01,3.119371528143032,18.22,18.22,20,51.4126,0:51.41,49.7977,0.4839,1.1278,1032.6085,17:12.61,30,"12,19,17,5,18,29,21,10,11,14,22,13,7,6,0,1,25,15,26,16,2,8,4,9,28,27,20,24,3,23",12:44;19:48;17:48;5:10;18:21;29:17;21:44;10:16;11:10;14:30;22:75;13:40;7:43;6:68;0:28;1:40;25:21;15:19;26:31;16:40;2:41;8:50;4:59;9:17;28:34;27:42;20:58;24:43;3:18;23:37,"12:[4,5,6,7];19:[0,5,6,7];17:[1,2,3,4];5:[7];18:[3,4];29:[0];21:[0,1,2,7];10:[6];11:[1];14:[1,2,3];22:[0,1,2,3,4,6,7];13:[0,5,6,7];7:[0,5,6,7];6:[0,1,4,5,6,7];0:[0,1];1:[0,5,6,7];25:[2,3];15:[6];26:[3,4,5];16:[3,4,5,6];2:[0,1,6,7];8:[0,1,2,3,7];4:[0,1,2,3,7];9:[1];28:[0,1,2];27:[3,4,5,6];20:[2,3,4,5,6];24:[0,1,6,7];3:[7];23:[3,4,5]","c12:bw=44,experts=[4,5,6,7]; c19:bw=48,experts=[0,5,6,7]; c17:bw=48,experts=[1,2,3,4]; c5:bw=10,experts=[7]; c18:bw=21,experts=[3,4]; c29:bw=17,experts=[0]; c21:bw=44,experts=[0,1,2,7]; c10:bw=16,experts=[6]; c11:bw=10,experts=[1]; c14:bw=30,experts=[1,2,3]; c22:bw=75,experts=[0,1,2,3,4,6,7]; c13:bw=40,experts=[0,5,6,7]; c7:bw=43,experts=[0,5,6,7]; c6:bw=68,experts=[0,1,4,5,6,7]; c0:bw=28,experts=[0,1]; c1:bw=40,experts=[0,5,6,7]; c25:bw=21,experts=[2,3]; c15:bw=19,experts=[6]; c26:bw=31,experts=[3,4,5]; c16:bw=40,experts=[3,4,5,6]; c2:bw=41,experts=[0,1,6,7]; c8:bw=50,experts=[0,1,2,3,7]; c4:bw=59,experts=[0,1,2,3,7]; c9:bw=17,experts=[1]; c28:bw=34,experts=[0,1,2]; c27:bw=42,experts=[3,4,5,6]; c20:bw=58,experts=[2,3,4,5,6]; c24:bw=43,experts=[0,1,6,7]; c3:bw=18,experts=[7]; c23:bw=37,experts=[3,4,5]","1.8389,1.4588,1.9961,3.3867,1.7376,3.2259,1.0154,2.5247,2.2274,1.3606,1.6131,1.6141,1.3061,1.1103,1.0605,1.0356,2.0456,1.1211,1.0228,1.7924,1.2321,1.1271,2.0620,1.3407,1.5567,1.8567,2.0728,1.2141,1.5242,1.3177"
21,2026-09-23 20:40:35,Ours,0.01,3.1481169378446694,17.4,18.22,20,51.3988,0:51.40,49.7675,0.4822,1.146,1084.0245,18:04.02,30,"22,1,5,7,27,0,26,14,10,4,9,2,25,13,17,6,28,20,23,8,11,3,29,18,12,21,24,15,19,16",22:48;1:41;5:32;7:12;27:33;0:66;26:45;14:31;10:40;4:48;9:25;2:39;25:39;13:23;17:35;6:16;28:13;20:40;23:37;8:18;11:23;3:10;29:52;18:60;12:38;21:15;24:38;15:19;19:58;16:33,"22:[0,5,6,7];1:[1,2,3,4];5:[0,1,2];7:[1];27:[0,1,7];0:[2,3,4,5,6,7];26:[0,1,6,7];14:[4,5,6];10:[0,1,2,7];4:[4,5,6,7];9:[2,3];2:[2,3,4];25:[4,5,6];13:[1,2];17:[5,6,7];6:[2];28:[3];20:[0,1,2,7];23:[0,6,7];8:[4];11:[2,3];3:[0];29:[1,2,3,4,5];18:[0,1,2,5,6,7];12:[0,1,2];21:[3];24:[2,3,4];15:[7];19:[1,2,3,4,5];16:[0,1,7]","c22:bw=48,experts=[0,5,6,7]; c1:bw=41,experts=[1,2,3,4]; c5:bw=32,experts=[0,1,2]; c7:bw=12,experts=[1]; c27:bw=33,experts=[0,1,7]; c0:bw=66,experts=[2,3,4,5,6,7]; c26:bw=45,experts=[0,1,6,7]; c14:bw=31,experts=[4,5,6]; c10:bw=40,experts=[0,1,2,7]; c4:bw=48,experts=[4,5,6,7]; c9:bw=25,experts=[2,3]; c2:bw=39,experts=[2,3,4]; c25:bw=39,experts=[4,5,6]; c13:bw=23,experts=[1,2]; c17:bw=35,experts=[5,6,7]; c6:bw=16,experts=[2]; c28:bw=13,experts=[3]; c20:bw=40,experts=[0,1,2,7]; c23:bw=37,experts=[0,6,7]; c8:bw=18,experts=[4]; c11:bw=23,experts=[2,3]; c3:bw=10,experts=[0]; c29:bw=52,experts=[1,2,3,4,5]; c18:bw=60,experts=[0,1,2,5,6,7]; c12:bw=38,experts=[0,1,2]; c21:bw=15,experts=[3]; c24:bw=38,experts=[2,3,4]; c15:bw=19,experts=[7]; c19:bw=58,experts=[1,2,3,4,5]; c16:bw=33,experts=[0,1,7]","1.6311,1.0645,3.3922,1.2911,1.8556,1.0886,1.0853,1.3933,2.5169,2.0605,1.3523,1.2308,2.0712,1.6016,1.9628,1.0953,1.5661,2.0534,1.3135,1.1488,2.2193,1.5225,3.2298,1.7071,1.7694,0.9873,1.2030,1.1249,1.4457,1.7834"
22,2026-09-23 20:41:26,Ours,0.01,2.957895172649003,20.17,20.17,22,51.3774,0:51.38,49.7549,0.4877,1.1316,1135.4186,18:55.42,30,"18,3,7,16,27,19,26,21,5,0,23,28,8,11,14,1,17,10,2,4,13,25,9,29,12,6,24,15,22,20",18:15;3:56;7:16;16:34;27:61;19:45;26:61;21:23;5:17;0:67;23:28;28:42;8:33;11:43;14:48;1:10;17:62;10:10;2:66;4:36;13:34;25:13;9:33;29:54;12:64;6:61;24:25;15:66;22:44;20:25,"18:[3];3:[1,2,3,4,5];7:[2];16:[2,3,4];27:[2,3,4,5,6,7];19:[0,1,6,7];26:[2,3,4,5,6,7];21:[4,5];5:[3];0:[0,1,2,3,4,5];23:[1,2];28:[4,5,6,7];8:[5,6,7];11:[4,5,6,7];14:[0,1,2,7];1:[5];17:[0,1,2,3,4,5];10:[3];2:[0,1,2,5,6,7];4:[0,1,2];13:[3,4,5];25:[7];9:[4,5,6];29:[0,1,2,6,7];12:[0,3,4,5,6,7];6:[0,3,4,5,6,7];24:[5,6];15:[0,1,2,3,4,5];22:[1,2,3,4];20:[3,4]","c18:bw=15,experts=[3]; c3:bw=56,experts=[1,2,3,4,5]; c7:bw=16,experts=[2]; c16:bw=34,experts=[2,3,4]; c27:bw=61,experts=[2,3,4,5,6,7]; c19:bw=45,experts=[0,1,6,7]; c26:bw=61,experts=[2,3,4,5,6,7]; c21:bw=23,experts=[4,5]; c5:bw=17,experts=[3]; c0:bw=67,experts=[0,1,2,3,4,5]; c23:bw=28,experts=[1,2]; c28:bw=42,experts=[4,5,6,7]; c8:bw=33,experts=[5,6,7]; c11:bw=43,experts=[4,5,6,7]; c14:bw=48,experts=[0,1,2,7]; c1:bw=10,experts=[5]; c17:bw=62,experts=[0,1,2,3,4,5]; c10:bw=10,experts=[3]; c2:bw=66,experts=[0,1,2,5,6,7]; c4:bw=36,experts=[0,1,2]; c13:bw=34,experts=[3,4,5]; c25:bw=13,experts=[7]; c9:bw=33,experts=[4,5,6]; c29:bw=54,experts=[0,1,2,6,7]; c12:bw=64,experts=[0,3,4,5,6,7]; c6:bw=61,experts=[0,3,4,5,6,7]; c24:bw=25,experts=[5,6]; c15:bw=66,experts=[0,1,2,3,4,5]; c22:bw=44,experts=[1,2,3,4]; c20:bw=25,experts=[3,4]","1.7259,1.5389,1.2984,1.8149,1.8745,1.4495,1.0202,0.9919,3.3767,1.0537,1.3108,1.5660,1.1346,2.2409,1.3496,1.0387,1.9699,2.5146,1.2259,2.0563,1.6002,2.1377,1.3608,3.2248,1.7921,1.0993,1.1961,1.1247,1.6127,2.0546"
23,2026-09-23 20:42:18,Ours,0.01,3.0925504186844375,20.61,20.61,23,51.3374,0:51.34,49.7175,0.4834,1.1334,1186.7743,19:46.77,30,"14,23,28,20,26,8,10,9,24,17,13,2,11,29,22,3,21,6,16,19,0,12,15,7,18,5,27,4,1,25",14:52;23:70;28:26;20:44;26:35;8:35;10:67;9:50;24:40;17:70;13:54;2:32;11:52;29:43;22:62;3:15;21:55;6:10;16:56;19:21;0:11;12:26;15:29;7:15;18:26;5:52;27:18;4:56;1:62;25:18,"14:[3,4,5,6,7];23:[0,1,3,4,5,6,7];28:[0,1];20:[0,5,6,7];26:[0,1,2];8:[0,1,2];10:[0,1,4,5,6,7];9:[0,1,2,3,7];24:[0,1,2,7];17:[0,1,2,3,4,6,7];13:[0,1,2,6,7];2:[3,4,5];11:[0,1,2,3,4];29:[3,4,5,6];22:[0,1,2,5,6,7];3:[6];21:[0,1,2,6,7];6:[1];16:[0,1,5,6,7];19:[2,3];0:[6];12:[1,2];15:[6,7];7:[3];18:[4,5];5:[0,4,5,6,7];27:[0];4:[3,4,5,6,7];1:[0,1,2,3,6,7];25:[0]","c14:bw=52,experts=[3,4,5,6,7]; c23:bw=70,experts=[0,1,3,4,5,6,7]; c28:bw=26,experts=[0,1]; c20:bw=44,experts=[0,5,6,7]; c26:bw=35,experts=[0,1,2]; c8:bw=35,experts=[0,1,2]; c10:bw=67,experts=[0,1,4,5,6,7]; c9:bw=50,experts=[0,1,2,3,7]; c24:bw=40,experts=[0,1,2,7]; c17:bw=70,experts=[0,1,2,3,4,6,7]; c13:bw=54,experts=[0,1,2,6,7]; c2:bw=32,experts=[3,4,5]; c11:bw=52,experts=[0,1,2,3,4]; c29:bw=43,experts=[3,4,5,6]; c22:bw=62,experts=[0,1,2,5,6,7]; c3:bw=15,experts=[6]; c21:bw=55,experts=[0,1,2,6,7]; c6:bw=10,experts=[1]; c16:bw=56,experts=[0,1,5,6,7]; c19:bw=21,experts=[2,3]; c0:bw=11,experts=[6]; c12:bw=26,experts=[1,2]; c15:bw=29,experts=[6,7]; c7:bw=15,experts=[3]; c18:bw=26,experts=[4,5]; c5:bw=52,experts=[0,4,5,6,7]; c27:bw=18,experts=[0]; c4:bw=56,experts=[3,4,5,6,7]; c1:bw=62,experts=[0,1,2,3,6,7]; c25:bw=18,experts=[0]","1.3450,1.3238,1.5823,2.0801,1.0265,1.1322,2.5366,1.3532,1.2085,1.9785,1.6148,1.2260,2.2220,3.2443,1.6083,1.5274,1.0016,1.0951,1.7822,1.4414,1.0583,1.7901,1.1229,1.3026,1.7021,3.4216,1.8302,2.0642,1.0451,2.0503"
24,2026-09-23 20:43:09,Ours,0.01,2.9229749260110656,22.67,22.67,24,51.3848,0:51.38,49.7457,0.4764,1.1595,1238.1762,20:38.18,30,"20,9,24,1,27,28,26,22,3,10,13,17,4,14,15,21,11,18,5,23,16,12,2,0,6,8,7,19,25,29",20:36;9:50;24:16;1:10;27:63;28:58;26:12;22:50;3:10;10:39;13:50;17:56;4:12;14:42;15:44;21:42;11:10;18:72;5:25;23:36;16:41;12:37;2:43;0:31;6:30;8:18;7:10;19:55;25:30;29:65,"20:[1,2,3];9:[0,4,5,6,7];24:[3];1:[4];27:[1,2,3,4,5,6];28:[2,3,4,5,6];26:[3];22:[3,4,5,6,7];3:[7];10:[2,3,4];13:[3,4,5,6,7];17:[0,1,5,6,7];4:[0];14:[0,1,2,3];15:[0,1,2,3];21:[3,4,5,6];11:[5];18:[0,1,2,3,4,6,7];5:[1,2];23:[2,3,4];16:[2,3,4,5];12:[3,4,5];2:[0,1,6,7];0:[0,1,7];6:[2,3,4];8:[3];7:[4];19:[0,4,5,6,7];25:[1,2,3];29:[0,1,2,3,4,7]","c20:bw=36,experts=[1,2,3]; c9:bw=50,experts=[0,4,5,6,7]; c24:bw=16,experts=[3]; c1:bw=10,experts=[4]; c27:bw=63,experts=[1,2,3,4,5,6]; c28:bw=58,experts=[2,3,4,5,6]; c26:bw=12,experts=[3]; c22:bw=50,experts=[3,4,5,6,7]; c3:bw=10,experts=[7]; c10:bw=39,experts=[2,3,4]; c13:bw=50,experts=[3,4,5,6,7]; c17:bw=56,experts=[0,1,5,6,7]; c4:bw=12,experts=[0]; c14:bw=42,experts=[0,1,2,3]; c15:bw=44,experts=[0,1,2,3]; c21:bw=42,experts=[3,4,5,6]; c11:bw=10,experts=[5]; c18:bw=72,experts=[0,1,2,3,4,6,7]; c5:bw=25,experts=[1,2]; c23:bw=36,experts=[2,3,4]; c16:bw=41,experts=[2,3,4,5]; c12:bw=37,experts=[3,4,5]; c2:bw=43,experts=[0,1,6,7]; c0:bw=31,experts=[0,1,7]; c6:bw=30,experts=[2,3,4]; c8:bw=18,experts=[3]; c7:bw=10,experts=[4]; c19:bw=55,experts=[0,4,5,6,7]; c25:bw=30,experts=[1,2,3]; c29:bw=65,experts=[0,1,2,3,4,7]","2.0708,1.3746,1.2073,1.0471,1.8782,1.5883,1.0152,1.6029,1.5343,2.5033,1.6120,1.9616,2.0614,1.3475,1.1140,1.0135,2.2274,1.7248,3.3498,1.3172,1.7909,1.8086,1.2332,1.0540,1.1037,1.1485,1.3161,1.4610,2.0506,3.2280"
25,2026-09-23 20:44:01,Ours,0.01,2.9129724609765426,21.73,22.67,24,51.4535,0:51.45,49.8306,0.4892,1.1305,1289.6488,21:29.65,30,"12,22,26,17,6,8,25,1,3,18,28,4,27,29,19,5,7,23,9,11,10,15,2,24,21,20,0,14,13,16",12:36;22:38;26:30;17:52;6:16;8:55;25:40;1:49;3:14;18:59;28:41;4:58;27:59;29:27;19:57;5:64;7:40;23:21;9:40;11:60;10:25;15:29;2:12;24:25;21:35;20:15;0:56;14:26;13:56;16:52,"12:[0,6,7];22:[0,1,2];26:[4,5,6];17:[2,3,4,5,6];6:[5];8:[0,4,5,6,7];25:[4,5,6,7];1:[0,5,6,7];3:[0];18:[0,1,5,6,7];28:[0,1,2,7];4:[1,2,3,4,5];27:[0,1,2,3,7];29:[5,6];19:[1,2,3,4,5];5:[0,3,4,5,6,7];7:[0,5,6,7];23:[5,6];9:[1,2,3,4];11:[0,1,2,3,6,7];10:[5,6];15:[4,5];2:[2];24:[4,5];21:[0,1,7];20:[4];0:[2,3,4,5,6];14:[4,5];13:[0,1,2,3,4];16:[0,1,2,6,7]","c12:bw=36,experts=[0,6,7]; c22:bw=38,experts=[0,1,2]; c26:bw=30,experts=[4,5,6]; c17:bw=52,experts=[2,3,4,5,6]; c6:bw=16,experts=[5]; c8:bw=55,experts=[0,4,5,6,7]; c25:bw=40,experts=[4,5,6,7]; c1:bw=49,experts=[0,5,6,7]; c3:bw=14,experts=[0]; c18:bw=59,experts=[0,1,5,6,7]; c28:bw=41,experts=[0,1,2,7]; c4:bw=58,experts=[1,2,3,4,5]; c27:bw=59,experts=[0,1,2,3,7]; c29:bw=27,experts=[5,6]; c19:bw=57,experts=[1,2,3,4,5]; c5:bw=64,experts=[0,3,4,5,6,7]; c7:bw=40,experts=[0,5,6,7]; c23:bw=21,experts=[5,6]; c9:bw=40,experts=[1,2,3,4]; c11:bw=60,experts=[0,1,2,3,6,7]; c10:bw=25,experts=[5,6]; c15:bw=29,experts=[4,5]; c2:bw=12,experts=[2]; c24:bw=25,experts=[4,5]; c21:bw=35,experts=[0,1,7]; c20:bw=15,experts=[4]; c0:bw=56,experts=[2,3,4,5,6]; c14:bw=26,experts=[4,5]; c13:bw=56,experts=[0,1,2,3,4]; c16:bw=52,experts=[0,1,2,6,7]","1.8779,1.6090,1.0431,2.0036,1.1012,1.1362,2.0821,1.0450,1.5365,1.7196,1.5587,2.0611,1.8373,3.2196,1.4427,3.3989,1.2855,1.2993,1.3517,2.2992,2.5114,1.1257,1.2277,1.2171,0.9978,2.0547,1.0567,1.3352,1.6043,1.7920"
26,2026-09-23 20:44:52,Ours,0.01,2.9728233373055266,21.72,22.67,24,51.5384,0:51.54,49.9176,0.4729,1.1447,1341.205,22:21.20,30,"10,29,28,22,24,6,18,14,11,7,9,23,25,4,17,1,5,2,13,27,15,12,19,20,0,8,16,21,26,3",10:38;29:45;28:61;22:14;24:14;6:34;18:10;14:49;11:57;7:31;9:50;23:14;25:50;4:48;17:32;1:33;5:20;2:30;13:16;27:40;15:42;12:41;19:15;20:25;0:11;8:53;16:10;21:35;26:13;3:44,"10:[0,1,7];29:[0,1,2,7];28:[0,3,4,5,6,7];22:[3];24:[6];6:[0,6,7];18:[2];14:[0,1,6,7];11:[0,4,5,6,7];7:[1,2,3];9:[0,1,5,6,7];23:[7];25:[0,1,2,3,4];4:[0,1,6,7];17:[0,1,7];1:[1,2,3];5:[1,2];2:[3,4,5];13:[5];27:[4,5,6,7];15:[0,1,6,7];12:[1,2,3,4];19:[6];20:[5,6];0:[7];8:[1,2,3,4,5];16:[3];21:[2,3,4];26:[7];3:[1,2,3,4]","c10:bw=38,experts=[0,1,7]; c29:bw=45,experts=[0,1,2,7]; c28:bw=61,experts=[0,3,4,5,6,7]; c22:bw=14,experts=[3]; c24:bw=14,experts=[6]; c6:bw=34,experts=[0,6,7]; c18:bw=10,experts=[2]; c14:bw=49,experts=[0,1,6,7]; c11:bw=57,experts=[0,4,5,6,7]; c7:bw=31,experts=[1,2,3]; c9:bw=50,experts=[0,1,5,6,7]; c23:bw=14,experts=[7]; c25:bw=50,experts=[0,1,2,3,4]; c4:bw=48,experts=[0,1,6,7]; c17:bw=32,experts=[0,1,7]; c1:bw=33,experts=[1,2,3]; c5:bw=20,experts=[1,2]; c2:bw=30,experts=[3,4,5]; c13:bw=16,experts=[5]; c27:bw=40,experts=[4,5,6,7]; c15:bw=42,experts=[0,1,6,7]; c12:bw=41,experts=[1,2,3,4]; c19:bw=15,experts=[6]; c20:bw=25,experts=[5,6]; c0:bw=11,experts=[7]; c8:bw=53,experts=[1,2,3,4,5]; c16:bw=10,experts=[3]; c21:bw=35,experts=[2,3,4]; c26:bw=13,experts=[7]; c3:bw=44,experts=[1,2,3,4]","2.5563,3.2942,1.5836,1.6354,1.2191,1.1210,1.7340,1.3589,2.2552,1.3064,1.3497,1.3250,2.0673,2.0817,1.9653,1.0469,3.3690,1.2347,1.6086,1.8624,1.1309,1.7991,1.4474,2.0563,1.0607,1.1329,1.7794,0.9951,1.0077,1.5333"
27,2026-09-23 20:45:44,Ours,0.01,2.9212324636135185,23.82,23.82,27,51.3503,0:51.35,49.7302,0.4805,1.1364,1392.5749,23:12.57,30,"3,7,19,23,18,29,9,17,13,27,15,22,11,5,6,4,26,2,8,1,0,12,28,21,24,25,20,10,16,14",3:21;7:51;19:18;23:75;18:18;29:27;9:18;17:36;13:57;27:54;15:46;22:47;11:66;5:37;6:63;4:12;26:32;2:20;8:55;1:62;0:36;12:22;28:10;21:45;24:29;25:30;20:37;10:62;16:20;14:26,"3:[5,6];7:[0,4,5,6,7];19:[7];23:[0,1,2,3,4,5,6];18:[3];29:[3,4];9:[2];17:[2,3,4];13:[0,1,2,6,7];27:[0,1,2,3,4];15:[2,3,4,5];22:[4,5,6,7];11:[1,2,3,4,5,6];5:[3,4,5];6:[1,2,3,4,5,6];4:[2];26:[0,1,2];2:[6,7];8:[0,1,2,6,7];1:[0,1,4,5,6,7];0:[0,1,2];12:[5,6];28:[1];21:[0,5,6,7];24:[0,7];25:[5,6,7];20:[0,1,7];10:[2,3,4,5,6,7];16:[4,5];14:[2,3]","c3:bw=21,experts=[5,6]; c7:bw=51,experts=[0,4,5,6,7]; c19:bw=18,experts=[7]; c23:bw=75,experts=[0,1,2,3,4,5,6]; c18:bw=18,experts=[3]; c29:bw=27,experts=[3,4]; c9:bw=18,experts=[2]; c17:bw=36,experts=[2,3,4]; c13:bw=57,experts=[0,1,2,6,7]; c27:bw=54,experts=[0,1,2,3,4]; c15:bw=46,experts=[2,3,4,5]; c22:bw=47,experts=[4,5,6,7]; c11:bw=66,experts=[1,2,3,4,5,6]; c5:bw=37,experts=[3,4,5]; c6:bw=63,experts=[1,2,3,4,5,6]; c4:bw=12,experts=[2]; c26:bw=32,experts=[0,1,2]; c2:bw=20,experts=[6,7]; c8:bw=55,experts=[0,1,2,6,7]; c1:bw=62,experts=[0,1,4,5,6,7]; c0:bw=36,experts=[0,1,2]; c12:bw=22,experts=[5,6]; c28:bw=10,experts=[1]; c21:bw=45,experts=[0,5,6,7]; c24:bw=29,experts=[0,7]; c25:bw=30,experts=[5,6,7]; c20:bw=37,experts=[0,1,7]; c10:bw=62,experts=[2,3,4,5,6,7]; c16:bw=20,experts=[4,5]; c14:bw=26,experts=[2,3]","1.5481,1.2947,1.4587,1.3211,1.7136,3.2544,1.3664,1.9725,1.6363,1.8585,1.1350,1.6034,2.2494,3.2740,1.1122,2.0564,1.0299,1.2350,1.1413,1.0418,1.0625,1.8114,1.5544,1.0056,1.1980,2.0559,2.0488,2.5293,1.7980,1.3633"
28,2026-09-23 20:46:35,Ours,0.01,2.895006401088841,22.6,23.82,27,51.2978,0:51.30,49.6677,0.479,1.1479,1443.8912,24:03.89,30,"4,19,22,25,24,2,27,5,14,10,9,6,17,11,1,15,7,28,23,3,21,12,29,0,26,8,13,20,16,18",4:10;19:33;22:44;25:59;24:42;2:10;27:12;5:33;14:15;10:40;9:49;6:29;17:48;11:66;1:25;15:32;7:10;28:50;23:34;3:12;21:10;12:42;29:32;0:47;26:35;8:29;13:31;20:47;16:35;18:34,"4:[3];19:[0,1,2];22:[0,1,2,3];25:[0,1,2,3,4];24:[1,2,3,4];2:[0];27:[5];5:[0,6,7];14:[4];10:[0,1,2,3];9:[3,4,5,6];6:[0,7];17:[0,5,6,7];11:[0,1,2,3,4,7];1:[2,3];15:[0,6,7];7:[1];28:[2,3,4,5,6];23:[0,1,7];3:[7];21:[1];12:[0,1,2,7];29:[5,6,7];0:[3,4,5,6];26:[3,4,5];8:[3,4];13:[3,4,5];20:[2,3,4,5];16:[0,6,7];18:[4,5,6]","c4:bw=10,experts=[3]; c19:bw=33,experts=[0,1,2]; c22:bw=44,experts=[0,1,2,3]; c25:bw=59,experts=[0,1,2,3,4]; c24:bw=42,experts=[1,2,3,4]; c2:bw=10,experts=[0]; c27:bw=12,experts=[5]; c5:bw=33,experts=[0,6,7]; c14:bw=15,experts=[4]; c10:bw=40,experts=[0,1,2,3]; c9:bw=49,experts=[3,4,5,6]; c6:bw=29,experts=[0,7]; c17:bw=48,experts=[0,5,6,7]; c11:bw=66,experts=[0,1,2,3,4,7]; c1:bw=25,experts=[2,3]; c15:bw=32,experts=[0,6,7]; c7:bw=10,experts=[1]; c28:bw=50,experts=[2,3,4,5,6]; c23:bw=34,experts=[0,1,7]; c3:bw=12,experts=[7]; c21:bw=10,experts=[1]; c12:bw=42,experts=[0,1,2,7]; c29:bw=32,experts=[5,6,7]; c0:bw=47,experts=[3,4,5,6]; c26:bw=35,experts=[3,4,5]; c8:bw=29,experts=[3,4]; c13:bw=31,experts=[3,4,5]; c20:bw=47,experts=[2,3,4,5]; c16:bw=35,experts=[0,6,7]; c18:bw=34,experts=[4,5,6]","2.0861,1.4475,1.6262,2.0840,1.2140,1.2383,1.8673,3.4041,1.3112,2.5149,1.3618,1.0876,1.9732,2.2366,1.0339,1.1122,1.2797,1.5593,1.3157,1.5116,0.9929,1.7905,3.2272,1.0756,1.0128,1.1328,1.6189,2.0616,1.7770,1.7134"
29,2026-09-23 20:47:26,Ours,0.01,2.8856130692494455,22.2,23.82,27,51.4832,0:51.48,49.8382,0.4729,1.169,1495.3954,24:55.40,30,"8,12,20,7,0,3,9,25,2,17,21,19,27,18,29,5,6,10,1,13,28,23,22,14,15,16,24,26,4,11",8:34;12:10;20:42;7:21;0:44;3:32;9:44;25:35;2:18;17:59;21:74;19:39;27:26;18:24;29:23;5:33;6:43;10:10;1:33;13:13;28:50;23:20;22:54;14:35;15:70;16:48;24:14;26:25;4:38;11:59,"8:[5,6,7];12:[3];20:[0,1,6,7];7:[2,3];0:[0,1,2,7];3:[0,1,2];9:[0,1,2,7];25:[5,6,7];2:[1];17:[1,2,3,4,5];21:[0,2,3,4,5,6,7];19:[3,4,5];27:[6,7];18:[0,7];29:[0,1];5:[1,2,3];6:[1,2,3,4];10:[4];1:[4,5,6];13:[6];28:[0,1,2,3,7];23:[2,3];22:[0,4,5,6,7];14:[5,6,7];15:[1,2,3,4,5,6,7];16:[1,2,3,4];24:[5];26:[6,7];4:[4,5,6];11:[0,1,5,6,7]","c8:bw=34,experts=[5,6,7]; c12:bw=10,experts=[3]; c20:bw=42,experts=[0,1,6,7]; c7:bw=21,experts=[2,3]; c0:bw=44,experts=[0,1,2,7]; c3:bw=32,experts=[0,1,2]; c9:bw=44,experts=[0,1,2,7]; c25:bw=35,experts=[5,6,7]; c2:bw=18,experts=[1]; c17:bw=59,experts=[1,2,3,4,5]; c21:bw=74,experts=[0,2,3,4,5,6,7]; c19:bw=39,experts=[3,4,5]; c27:bw=26,experts=[6,7]; c18:bw=24,experts=[0,7]; c29:bw=23,experts=[0,1]; c5:bw=33,experts=[1,2,3]; c6:bw=43,experts=[1,2,3,4]; c10:bw=10,experts=[4]; c1:bw=33,experts=[4,5,6]; c13:bw=13,experts=[6]; c28:bw=50,experts=[0,1,2,3,7]; c23:bw=20,experts=[2,3]; c22:bw=54,experts=[0,4,5,6,7]; c14:bw=35,experts=[5,6,7]; c15:bw=70,experts=[1,2,3,4,5,6,7]; c16:bw=48,experts=[1,2,3,4]; c24:bw=14,experts=[5]; c26:bw=25,experts=[6,7]; c4:bw=38,experts=[4,5,6]; c11:bw=59,experts=[0,1,5,6,7]","1.1364,1.7912,2.0699,1.2907,1.0759,1.5333,1.3588,2.0658,1.2269,1.9713,0.9999,1.4426,1.8660,1.7287,3.2255,3.3754,1.1014,2.5168,1.0421,1.6338,1.5636,1.3127,1.6099,1.3402,1.1363,1.7995,1.2047,1.0258,2.1615,2.2315"
30,2026-09-23 20:48:18,Ours,0.01,2.842842743981079,24.7,24.7,30,51.2935,0:51.29,49.6706,0.4814,1.1383,1546.7092,25:46.71,30,"13,15,0,29,28,19,7,6,8,2,11,10,12,25,17,5,1,23,20,21,24,26,3,4,16,18,9,22,27,14",13:27;15:22;0:17;29:44;28:36;19:24;7:12;6:11;8:41;2:27;11:46;10:71;12:24;25:56;17:19;5:62;1:35;23:37;20:60;21:10;24:10;26:12;3:59;4:51;16:31;18:57;9:54;22:26;27:53;14:49,"13:[0,7];15:[0,1];0:[3];29:[2,3,4,5];28:[4,5,6];19:[6,7];7:[4];6:[5];8:[0,1,2,3];2:[2,3];11:[2,3,4,5];10:[0,1,2,3,5,6,7];12:[4,5];25:[0,1,2,3,4];17:[6];5:[0,1,4,5,6,7];1:[0,1,7];23:[4,5,6];20:[2,3,4,5,6,7];21:[1];24:[6];26:[0];3:[3,4,5,6,7];4:[0,1,2,3,7];16:[5,6,7];18:[1,2,3,4,5];9:[3,4,5,6,7];22:[1,2];27:[0,1,2,3,4];14:[0,1,2,3]","c13:bw=27,experts=[0,7]; c15:bw=22,experts=[0,1]; c0:bw=17,experts=[3]; c29:bw=44,experts=[2,3,4,5]; c28:bw=36,experts=[4,5,6]; c19:bw=24,experts=[6,7]; c7:bw=12,experts=[4]; c6:bw=11,experts=[5]; c8:bw=41,experts=[0,1,2,3]; c2:bw=27,experts=[2,3]; c11:bw=46,experts=[2,3,4,5]; c10:bw=71,experts=[0,1,2,3,5,6,7]; c12:bw=24,experts=[4,5]; c25:bw=56,experts=[0,1,2,3,4]; c17:bw=19,experts=[6]; c5:bw=62,experts=[0,1,4,5,6,7]; c1:bw=35,experts=[0,1,7]; c23:bw=37,experts=[4,5,6]; c20:bw=60,experts=[2,3,4,5,6,7]; c21:bw=10,experts=[1]; c24:bw=10,experts=[6]; c26:bw=12,experts=[0]; c3:bw=59,experts=[3,4,5,6,7]; c4:bw=51,experts=[0,1,2,3,7]; c16:bw=31,experts=[5,6,7]; c18:bw=57,experts=[1,2,3,4,5]; c9:bw=54,experts=[3,4,5,6,7]; c22:bw=26,experts=[1,2]; c27:bw=53,experts=[0,1,2,3,4]; c14:bw=49,experts=[0,1,2,3]","1.6223,1.1252,1.0735,3.2550,1.5596,1.4565,1.3260,1.0981,1.1217,1.2170,2.2453,2.5177,1.7979,2.0453,1.9638,3.4004,1.0408,1.3260,2.0497,0.9855,1.2064,1.0017,1.5343,2.0470,1.7992,1.7232,1.3507,1.6074,1.8478,1.3257"
31,2026-09-23 20:49:09,Ours,0.01,2.832664765498493,23.2,24.7,30,51.2188,0:51.22,49.6142,0.4728,1.1287,1597.948,26:37.95,30,"12,3,7,21,29,19,15,6,10,16,14,24,1,13,23,11,8,22,0,5,9,27,4,20,28,18,25,17,26,2",12:35;3:24;7:63;21:46;29:48;19:40;15:55;6:29;10:33;16:36;14:61;24:72;1:30;13:32;23:24;11:29;8:33;22:41;0:47;5:62;9:45;27:10;4:19;20:11;28:56;18:58;25:46;17:35;26:10;2:15,"12:[0,6,7];3:[0,1];7:[0,1,2,5,6,7];21:[2,3,4,5];29:[0,1,6,7];19:[0,1,2,3];15:[2,3,4,5,6];6:[6,7];10:[4,5,6];16:[0,1,2];14:[0,1,4,5,6,7];24:[0,1,2,3,4,5,7];1:[2,3,4];13:[1,2,3];23:[0,7];11:[6,7];8:[4,5,6];22:[3,4,5,6];0:[4,5,6,7];5:[2,3,4,5,6,7];9:[0,1,2,3];27:[5];4:[4];20:[0];28:[0,1,2,3,7];18:[0,1,2,6,7];25:[0,5,6,7];17:[0,1,7];26:[1];2:[4]","c12:bw=35,experts=[0,6,7]; c3:bw=24,experts=[0,1]; c7:bw=63,experts=[0,1,2,5,6,7]; c21:bw=46,experts=[2,3,4,5]; c29:bw=48,experts=[0,1,6,7]; c19:bw=40,experts=[0,1,2,3]; c15:bw=55,experts=[2,3,4,5,6]; c6:bw=29,experts=[6,7]; c10:bw=33,experts=[4,5,6]; c16:bw=36,experts=[0,1,2]; c14:bw=61,experts=[0,1,4,5,6,7]; c24:bw=72,experts=[0,1,2,3,4,5,7]; c1:bw=30,experts=[2,3,4]; c13:bw=32,experts=[1,2,3]; c23:bw=24,experts=[0,7]; c11:bw=29,experts=[6,7]; c8:bw=33,experts=[4,5,6]; c22:bw=41,experts=[3,4,5,6]; c0:bw=47,experts=[4,5,6,7]; c5:bw=62,experts=[2,3,4,5,6,7]; c9:bw=45,experts=[0,1,2,3]; c27:bw=10,experts=[5]; c4:bw=19,experts=[4]; c20:bw=11,experts=[0]; c28:bw=56,experts=[0,1,2,3,7]; c18:bw=58,experts=[0,1,2,6,7]; c25:bw=46,experts=[0,5,6,7]; c17:bw=35,experts=[0,1,7]; c26:bw=10,experts=[1]; c2:bw=15,experts=[4]","1.7978,1.5329,1.3087,1.0000,3.2529,1.4645,1.1375,1.1138,2.5372,1.7798,1.3133,1.2020,1.0444,1.5975,1.3037,2.2294,1.1299,1.6049,1.0649,3.3769,1.3354,1.8553,2.0680,2.0395,1.5588,1.7102,2.0530,1.9627,1.0029,1.2365"
32,2026-09-23 20:50:00,Ours,0.01,2.824451559044712,25.1,25.1,32,51.2904,0:51.29,49.6761,0.4773,1.134,1649.2582,27:29.26,30,"15,8,9,28,4,27,21,11,5,18,17,29,6,24,26,10,23,12,1,20,13,22,14,19,2,16,7,0,3,25",15:36;8:21;9:31;28:19;4:49;27:27;21:64;11:27;5:36;18:35;17:28;29:41;6:27;24:10;26:29;10:22;23:15;12:49;1:21;20:39;13:63;22:35;14:32;19:27;2:54;16:48;7:47;0:46;3:28;25:67,"15:[0,1,7];8:[0,7];9:[4,5,6];28:[4];4:[0,5,6,7];27:[6,7];21:[0,1,2,3,6,7];11:[0,1];5:[0,1,2];18:[3,4,5];17:[2,3];29:[2,3,4,5];6:[0,1];24:[6];26:[2,3];10:[0,7];23:[1];12:[1,2,3,4];1:[5,6];20:[1,2,3];13:[0,1,4,5,6,7];22:[0,1,7];14:[2,3,4];19:[4,5];2:[0,1,5,6,7];16:[3,4,5,6];7:[3,4,5,6];0:[0,1,2,3];3:[2,3];25:[1,2,3,4,5,6]","c15:bw=36,experts=[0,1,7]; c8:bw=21,experts=[0,7]; c9:bw=31,experts=[4,5,6]; c28:bw=19,experts=[4]; c4:bw=49,experts=[0,5,6,7]; c27:bw=27,experts=[6,7]; c21:bw=64,experts=[0,1,2,3,6,7]; c11:bw=27,experts=[0,1]; c5:bw=36,experts=[0,1,2]; c18:bw=35,experts=[3,4,5]; c17:bw=28,experts=[2,3]; c29:bw=41,experts=[2,3,4,5]; c6:bw=27,experts=[0,1]; c24:bw=10,experts=[6]; c26:bw=29,experts=[2,3]; c10:bw=22,experts=[0,7]; c23:bw=15,experts=[1]; c12:bw=49,experts=[1,2,3,4]; c1:bw=21,experts=[5,6]; c20:bw=39,experts=[1,2,3]; c13:bw=63,experts=[0,1,4,5,6,7]; c22:bw=35,experts=[0,1,7]; c14:bw=32,experts=[2,3,4]; c19:bw=27,experts=[4,5]; c2:bw=54,experts=[0,1,5,6,7]; c16:bw=48,experts=[3,4,5,6]; c7:bw=47,experts=[3,4,5,6]; c0:bw=46,experts=[0,1,2,3]; c3:bw=28,experts=[2,3]; c25:bw=67,experts=[1,2,3,4,5,6]","1.1382,1.1469,1.3589,1.5784,2.0756,1.8563,1.0174,2.2243,3.3729,1.7088,1.9645,3.2207,1.0933,1.2062,1.0057,2.5074,1.3068,1.8441,1.0494,2.0532,1.6082,1.5959,1.3096,1.4474,1.2292,1.8003,1.2994,1.0618,1.5162,2.0789"
33,2026-09-23 20:50:51,Ours,0.01,2.7174456884341023,27.56,27.56,33,51.0968,0:51.10,49.4673,0.4937,1.1327,1700.3764,28:20.38,30,"26,27,23,4,17,29,18,13,0,10,7,15,5,20,14,1,22,8,2,9,3,19,12,28,11,25,21,6,16,24",26:44;27:38;23:63;4:45;17:59;29:62;18:55;13:30;0:62;10:46;7:52;15:24;5:29;20:40;14:37;1:34;22:56;8:50;2:24;9:42;3:70;19:25;12:46;28:29;11:53;25:14;21:65;6:37;16:44;24:28,"26:[4,5,6,7];27:[0,1,2];23:[2,3,4,5,6,7];4:[1,2,3,4];17:[0,4,5,6,7];29:[0,1,2,3,6,7];18:[0,1,2,6,7];13:[2,3,4];0:[0,1,4,5,6,7];10:[1,2,3,4];7:[0,1,2,3,7];15:[2,3];5:[3,4];20:[4,5,6,7];14:[5,6,7];1:[0,1,7];22:[2,3,4,5,6];8:[1,2,3,4,5];2:[2,3];9:[0,1,2,7];3:[0,1,2,4,5,6,7];19:[6,7];12:[0,5,6,7];28:[5,6];11:[2,3,4,5,6];25:[7];21:[0,1,4,5,6,7];6:[2,3,4];16:[0,1,2,7];24:[0,7]","c26:bw=44,experts=[4,5,6,7]; c27:bw=38,experts=[0,1,2]; c23:bw=63,experts=[2,3,4,5,6,7]; c4:bw=45,experts=[1,2,3,4]; c17:bw=59,experts=[0,4,5,6,7]; c29:bw=62,experts=[0,1,2,3,6,7]; c18:bw=55,experts=[0,1,2,6,7]; c13:bw=30,experts=[2,3,4]; c0:bw=62,experts=[0,1,4,5,6,7]; c10:bw=46,experts=[1,2,3,4]; c7:bw=52,experts=[0,1,2,3,7]; c15:bw=24,experts=[2,3]; c5:bw=29,experts=[3,4]; c20:bw=40,experts=[4,5,6,7]; c14:bw=37,experts=[5,6,7]; c1:bw=34,experts=[0,1,7]; c22:bw=56,experts=[2,3,4,5,6]; c8:bw=50,experts=[1,2,3,4,5]; c2:bw=24,experts=[2,3]; c9:bw=42,experts=[0,1,2,7]; c3:bw=70,experts=[0,1,2,4,5,6,7]; c19:bw=25,experts=[6,7]; c12:bw=46,experts=[0,5,6,7]; c28:bw=29,experts=[5,6]; c11:bw=53,experts=[2,3,4,5,6]; c25:bw=14,experts=[7]; c21:bw=65,experts=[0,1,4,5,6,7]; c6:bw=37,experts=[2,3,4]; c16:bw=44,experts=[0,1,2,7]; c24:bw=28,experts=[0,7]","1.0261,1.8714,1.3270,2.0955,2.0034,3.2304,1.7174,1.6388,1.0619,2.5252,1.2884,1.1381,3.1092,2.0665,1.3138,1.0249,1.6152,1.1279,1.2330,1.3368,1.5506,1.4357,1.7943,1.5644,2.2456,2.0362,1.0037,1.1038,1.7842,1.1976"
34,2026-09-23 20:51:43,Ours,0.01,2.68919671592368,27.94,27.94,34,51.6471,0:51.65,49.9975,0.4763,1.17,1752.044,29:12.04,30,"22,28,29,18,16,27,9,14,2,11,8,6,7,17,10,13,3,15,19,24,21,20,0,4,5,12,23,26,1,25",22:30;28:39;29:13;18:29;16:54;27:34;9:68;14:66;2:54;11:52;8:42;6:48;7:32;17:16;10:26;13:57;3:72;15:10;19:50;24:60;21:48;20:62;0:22;4:46;5:60;12:24;23:36;26:55;1:46;25:49,"22:[0,1,7];28:[0,1,7];29:[4];18:[3,4];16:[3,4,5,6,7];27:[3,4,5];9:[0,3,4,5,6,7];14:[0,1,2,3,4,5];2:[0,4,5,6,7];11:[0,1,2,3,7];8:[0,1,6,7];6:[0,5,6,7];7:[4,5,6];17:[1];10:[5,6];13:[0,1,5,6,7];3:[0,1,3,4,5,6,7];15:[4];19:[0,1,2,3,4];24:[1,2,3,4,5,6];21:[2,3,4,5];20:[0,1,2,3,4,5];0:[2,3];4:[0,5,6,7];5:[0,1,2,5,6,7];12:[1,2];23:[0,1,2];26:[0,1,2,3,4];1:[2,3,4,5];25:[0,1,2,3]","c22:bw=30,experts=[0,1,7]; c28:bw=39,experts=[0,1,7]; c29:bw=13,experts=[4]; c18:bw=29,experts=[3,4]; c16:bw=54,experts=[3,4,5,6,7]; c27:bw=34,experts=[3,4,5]; c9:bw=68,experts=[0,3,4,5,6,7]; c14:bw=66,experts=[0,1,2,3,4,5]; c2:bw=54,experts=[0,4,5,6,7]; c11:bw=52,experts=[0,1,2,3,7]; c8:bw=42,experts=[0,1,6,7]; c6:bw=48,experts=[0,5,6,7]; c7:bw=32,experts=[4,5,6]; c17:bw=16,experts=[1]; c10:bw=26,experts=[5,6]; c13:bw=57,experts=[0,1,5,6,7]; c3:bw=72,experts=[0,1,3,4,5,6,7]; c15:bw=10,experts=[4]; c19:bw=50,experts=[0,1,2,3,4]; c24:bw=60,experts=[1,2,3,4,5,6]; c21:bw=48,experts=[2,3,4,5]; c20:bw=62,experts=[0,1,2,3,4,5]; c0:bw=22,experts=[2,3]; c4:bw=46,experts=[0,5,6,7]; c5:bw=60,experts=[0,1,2,5,6,7]; c12:bw=24,experts=[1,2]; c23:bw=36,experts=[0,1,2]; c26:bw=55,experts=[0,1,2,3,4]; c1:bw=46,experts=[2,3,4,5]; c25:bw=49,experts=[0,1,2,3]","1.6192,1.5738,3.2733,1.7466,1.8170,1.8733,1.3617,1.3247,1.2496,2.2412,1.2153,1.1216,1.2982,1.9751,2.5349,1.6045,1.5429,1.1381,1.4631,1.2031,0.9980,2.0689,1.0565,2.0741,3.3930,1.8045,1.3158,1.0191,1.0348,2.0557"
35,2026-09-23 20:52:35,Ours,0.01,2.715636961765897,26.83,27.94,34,51.4642,0:51.46,49.8469,0.4849,1.1292,1803.5306,30:03.53,30,"6,28,22,8,0,15,13,25,17,20,4,11,12,2,9,7,26,24,29,18,23,16,21,5,14,3,10,27,19,1",6:44;28:55;22:32;8:50;0:20;15:47;13:48;25:40;17:32;20:53;4:33;11:69;12:22;2:46;9:27;7:48;26:59;24:15;29:28;18:51;23:13;16:10;21:10;5:41;14:20;3:24;10:57;27:64;19:22;1:31,"6:[1,2,3,4];28:[2,3,4,5,6];22:[2,3,4];8:[2,3,4,5,6];0:[4,5];15:[0,5,6,7];13:[2,3,4,5];25:[4,5,6,7];17:[2,3,4];20:[0,1,2,6,7];4:[1,2,3];11:[0,1,4,5,6,7];12:[3,4];2:[1,2,3,4];9:[1,2];7:[0,1,2,7];26:[0,1,5,6,7];24:[7];29:[5,6];18:[0,1,5,6,7];23:[3];16:[0];21:[6];5:[3,4,5,6];14:[6,7];3:[2,3];10:[0,1,2,3,7];27:[0,1,2,3,6,7];19:[5,6];1:[0,6,7]","c6:bw=44,experts=[1,2,3,4]; c28:bw=55,experts=[2,3,4,5,6]; c22:bw=32,experts=[2,3,4]; c8:bw=50,experts=[2,3,4,5,6]; c0:bw=20,experts=[4,5]; c15:bw=47,experts=[0,5,6,7]; c13:bw=48,experts=[2,3,4,5]; c25:bw=40,experts=[4,5,6,7]; c17:bw=32,experts=[2,3,4]; c20:bw=53,experts=[0,1,2,6,7]; c4:bw=33,experts=[1,2,3]; c11:bw=69,experts=[0,1,4,5,6,7]; c12:bw=22,experts=[3,4]; c2:bw=46,experts=[1,2,3,4]; c9:bw=27,experts=[1,2]; c7:bw=48,experts=[0,1,2,7]; c26:bw=59,experts=[0,1,5,6,7]; c24:bw=15,experts=[7]; c29:bw=28,experts=[5,6]; c18:bw=51,experts=[0,1,5,6,7]; c23:bw=13,experts=[3]; c16:bw=10,experts=[0]; c21:bw=10,experts=[6]; c5:bw=41,experts=[3,4,5,6]; c14:bw=20,experts=[6,7]; c3:bw=24,experts=[2,3]; c10:bw=57,experts=[0,1,2,3,7]; c27:bw=64,experts=[0,1,2,3,6,7]; c19:bw=22,experts=[5,6]; c1:bw=31,experts=[0,6,7]","1.1078,1.5802,1.6304,1.1499,1.0659,1.1447,1.6259,2.0908,1.9896,2.0578,2.0670,2.2633,1.8013,1.2417,1.3439,1.2899,1.0148,1.2052,3.2362,1.7121,1.3068,1.7982,1.0034,3.3875,1.3262,1.5295,2.5028,1.8434,1.4536,1.0770"
36,2026-09-23 20:53:26,Ours,0.01,2.7012851512346225,27.82,27.94,34,51.579,0:51.58,49.9682,0.4818,1.1258,1855.1305,30:55.13,30,"26,19,8,17,20,15,29,18,22,21,7,1,11,16,6,24,9,27,28,2,23,12,3,10,4,5,13,25,0,14",26:41;19:48;8:51;17:49;20:49;15:68;29:53;18:11;22:13;21:42;7:27;1:10;11:33;16:10;6:43;24:12;9:37;27:40;28:37;2:50;23:58;12:35;3:60;10:56;4:74;5:49;13:47;25:11;0:36;14:18,"26:[2,3,4,5];19:[0,1,2,7];8:[0,1,2,3,7];17:[0,5,6,7];20:[3,4,5,6];15:[1,2,3,4,5,6];29:[0,1,2,3,7];18:[2];22:[5];21:[0,1,2,7];7:[3,4];1:[1];11:[2,3,4];16:[1];6:[0,5,6,7];24:[0];9:[3,4,5];27:[4,5,6,7];28:[0,1,7];2:[0,1,5,6,7];23:[0,4,5,6,7];12:[5,6,7];3:[0,1,4,5,6,7];10:[0,4,5,6,7];4:[0,1,2,4,5,6,7];5:[0,1,2,7];13:[0,1,6,7];25:[0];0:[0,6,7];14:[0]","c26:bw=41,experts=[2,3,4,5]; c19:bw=48,experts=[0,1,2,7]; c8:bw=51,experts=[0,1,2,3,7]; c17:bw=49,experts=[0,5,6,7]; c20:bw=49,experts=[3,4,5,6]; c15:bw=68,experts=[1,2,3,4,5,6]; c29:bw=53,experts=[0,1,2,3,7]; c18:bw=11,experts=[2]; c22:bw=13,experts=[5]; c21:bw=42,experts=[0,1,2,7]; c7:bw=27,experts=[3,4]; c1:bw=10,experts=[1]; c11:bw=33,experts=[2,3,4]; c16:bw=10,experts=[1]; c6:bw=43,experts=[0,5,6,7]; c24:bw=12,experts=[0]; c9:bw=37,experts=[3,4,5]; c27:bw=40,experts=[4,5,6,7]; c28:bw=37,experts=[0,1,7]; c2:bw=50,experts=[0,1,5,6,7]; c23:bw=58,experts=[0,4,5,6,7]; c12:bw=35,experts=[5,6,7]; c3:bw=60,experts=[0,1,4,5,6,7]; c10:bw=56,experts=[0,4,5,6,7]; c4:bw=74,experts=[0,1,2,4,5,6,7]; c5:bw=49,experts=[0,1,2,7]; c13:bw=47,experts=[0,1,6,7]; c25:bw=11,experts=[0]; c0:bw=36,experts=[0,6,7]; c14:bw=18,experts=[0]","1.0363,1.5030,1.1604,2.0055,2.1030,1.1485,3.2725,1.7186,1.6289,1.0024,1.3008,1.0503,2.2508,1.8014,1.1052,1.1996,1.3476,1.8539,1.5686,1.2283,1.3256,1.7770,1.5407,2.5287,2.0735,3.3724,1.6157,2.0517,1.0631,1.3340"
37,2026-09-23 20:54:18,Ours,0.01,2.647190553587023,29.43,29.43,37,51.4479,0:51.45,49.8467,0.4726,1.1255,1906.6011,31:46.60,30,"21,9,6,20,29,19,3,24,28,18,12,27,7,0,15,25,26,1,8,10,13,17,11,4,16,2,22,5,23,14",21:18;9:40;6:65;20:38;29:39;19:42;3:36;24:61;28:10;18:10;12:49;27:55;7:42;0:54;15:51;25:56;26:10;1:18;8:10;10:58;13:12;17:56;11:63;4:39;16:31;2:36;22:10;5:39;23:44;14:28,"21:[3];9:[0,1,6,7];6:[1,2,3,4,5,6];20:[0,1,7];29:[4,5,6];19:[3,4,5,6];3:[2,3,4];24:[1,2,3,4,5,6];28:[2];18:[3];12:[0,1,2,3];27:[0,1,2,3,4];7:[0,5,6,7];0:[1,2,3,4,5];15:[0,1,2,3,7];25:[1,2,3,4,5];26:[6];1:[2];8:[4];10:[1,2,3,4,5];13:[2];17:[1,2,3,4,5];11:[0,1,2,5,6,7];4:[3,4,5];16:[2,3,4];2:[2,3,4];22:[6];5:[3,4,5];23:[1,2,3,4];14:[1,2]","c21:bw=18,experts=[3]; c9:bw=40,experts=[0,1,6,7]; c6:bw=65,experts=[1,2,3,4,5,6]; c20:bw=38,experts=[0,1,7]; c29:bw=39,experts=[4,5,6]; c19:bw=42,experts=[3,4,5,6]; c3:bw=36,experts=[2,3,4]; c24:bw=61,experts=[1,2,3,4,5,6]; c28:bw=10,experts=[2]; c18:bw=10,experts=[3]; c12:bw=49,experts=[0,1,2,3]; c27:bw=55,experts=[0,1,2,3,4]; c7:bw=42,experts=[0,5,6,7]; c0:bw=54,experts=[1,2,3,4,5]; c15:bw=51,experts=[0,1,2,3,7]; c25:bw=56,experts=[1,2,3,4,5]; c26:bw=10,experts=[6]; c1:bw=18,experts=[2]; c8:bw=10,experts=[4]; c10:bw=58,experts=[1,2,3,4,5]; c13:bw=12,experts=[2]; c17:bw=56,experts=[1,2,3,4,5]; c11:bw=63,experts=[0,1,2,5,6,7]; c4:bw=39,experts=[3,4,5]; c16:bw=31,experts=[2,3,4]; c2:bw=36,experts=[2,3,4]; c22:bw=10,experts=[6]; c5:bw=39,experts=[3,4,5]; c23:bw=44,experts=[1,2,3,4]; c14:bw=28,experts=[1,2]","1.0125,1.3642,1.1352,2.0722,3.2660,1.4853,1.5458,1.2086,1.5686,1.7077,1.7908,1.8514,1.3044,1.0626,1.1376,2.0499,1.0123,1.0292,1.1366,2.5433,1.6169,1.9687,2.2303,2.0753,1.7939,1.2382,1.6119,3.3771,1.3103,1.3398"
38,2026-09-23 20:55:09,Ours,0.01,2.6679638341260605,28.0,29.43,37,51.4774,0:51.48,49.8296,0.4874,1.1572,1958.1008,32:38.10,30,"16,10,14,28,4,1,21,22,8,11,29,0,5,23,2,15,27,19,6,20,7,17,9,12,24,3,25,13,26,18",16:38;10:39;14:41;28:30;4:52;1:31;21:51;22:46;8:46;11:17;29:21;0:40;5:10;23:30;2:10;15:12;27:48;19:61;6:17;20:36;7:51;17:41;9:26;12:47;24:38;3:38;25:58;13:63;26:44;18:44,"16:[5,6,7];10:[0,6,7];14:[3,4,5,6];28:[3,4,5];4:[0,1,2,6,7];1:[3,4,5];21:[0,4,5,6,7];22:[0,1,2,7];8:[0,5,6,7];11:[3];29:[0,7];0:[0,1,6,7];5:[6];23:[5,6,7];2:[5];15:[4];27:[0,5,6,7];19:[0,1,2,3,4,7];6:[7];20:[2,3,4];7:[1,2,3,4,5];17:[0,1,6,7];9:[2,3];12:[4,5,6,7];24:[0,1,7];3:[5,6,7];25:[0,1,2,6,7];13:[0,3,4,5,6,7];26:[0,1,2,7];18:[4,5,6,7]","c16:bw=38,experts=[5,6,7]; c10:bw=39,experts=[0,6,7]; c14:bw=41,experts=[3,4,5,6]; c28:bw=30,experts=[3,4,5]; c4:bw=52,experts=[0,1,2,6,7]; c1:bw=31,experts=[3,4,5]; c21:bw=51,experts=[0,4,5,6,7]; c22:bw=46,experts=[0,1,2,7]; c8:bw=46,experts=[0,5,6,7]; c11:bw=17,experts=[3]; c29:bw=21,experts=[0,7]; c0:bw=40,experts=[0,1,6,7]; c5:bw=10,experts=[6]; c23:bw=30,experts=[5,6,7]; c2:bw=10,experts=[5]; c15:bw=12,experts=[4]; c27:bw=48,experts=[0,5,6,7]; c19:bw=61,experts=[0,1,2,3,4,7]; c6:bw=17,experts=[7]; c20:bw=36,experts=[2,3,4]; c7:bw=51,experts=[1,2,3,4,5]; c17:bw=41,experts=[0,1,6,7]; c9:bw=26,experts=[2,3]; c12:bw=47,experts=[4,5,6,7]; c24:bw=38,experts=[0,1,7]; c3:bw=38,experts=[5,6,7]; c25:bw=58,experts=[0,1,2,6,7]; c13:bw=63,experts=[0,3,4,5,6,7]; c26:bw=44,experts=[0,1,2,7]; c18:bw=44,experts=[4,5,6,7]","1.8128,2.5401,1.3273,1.5771,2.0879,1.0551,1.0666,1.6045,1.1392,2.2477,3.2345,1.0691,3.3690,1.3186,1.2225,1.1391,1.8379,1.4472,1.1005,2.0716,1.2818,1.9711,1.3565,1.7911,1.2016,1.5234,2.0567,1.6162,1.0202,1.7426"
39,2026-09-23 20:56:01,Ours,0.01,2.6467729740029333,30.01,30.01,39,51.5093,0:51.51,49.8698,0.4754,1.161,2009.6333,33:29.63,30,"22,26,13,11,1,23,16,21,15,17,10,4,24,8,27,12,3,25,0,20,14,19,9,7,29,6,2,28,5,18",22:28;26:37;13:49;11:51;1:45;23:49;16:29;21:52;15:30;17:42;10:24;4:36;24:44;8:45;27:39;12:49;3:26;25:35;0:10;20:68;14:57;19:18;9:24;7:40;29:16;6:31;2:36;28:54;5:75;18:25,"22:[3,4];26:[3,4,5];13:[1,2,3,4];11:[0,4,5,6,7];1:[0,1,6,7];23:[0,1,2,3];16:[0,1];21:[1,2,3,4,5];15:[5,6,7];17:[2,3,4,5];10:[1,2];4:[3,4,5];24:[2,3,4,5];8:[1,2,3,4];27:[1,2,3];12:[0,1,2,3];3:[0,1];25:[3,4,5];0:[2];20:[0,1,2,5,6,7];14:[0,1,2,3,7];19:[5];9:[4,5];7:[0,1,6,7];29:[1];6:[0,1,2];2:[0,6,7];28:[0,1,2,6,7];5:[0,1,2,3,4,5,7];18:[0,1]","c22:bw=28,experts=[3,4]; c26:bw=37,experts=[3,4,5]; c13:bw=49,experts=[1,2,3,4]; c11:bw=51,experts=[0,4,5,6,7]; c1:bw=45,experts=[0,1,6,7]; c23:bw=49,experts=[0,1,2,3]; c16:bw=29,experts=[0,1]; c21:bw=52,experts=[1,2,3,4,5]; c15:bw=30,experts=[5,6,7]; c17:bw=42,experts=[2,3,4,5]; c10:bw=24,experts=[1,2]; c4:bw=36,experts=[3,4,5]; c24:bw=44,experts=[2,3,4,5]; c8:bw=45,experts=[1,2,3,4]; c27:bw=39,experts=[1,2,3]; c12:bw=49,experts=[0,1,2,3]; c3:bw=26,experts=[0,1]; c25:bw=35,experts=[3,4,5]; c0:bw=10,experts=[2]; c20:bw=68,experts=[0,1,2,5,6,7]; c14:bw=57,experts=[0,1,2,3,7]; c19:bw=18,experts=[5]; c9:bw=24,experts=[4,5]; c7:bw=40,experts=[0,1,6,7]; c29:bw=16,experts=[1]; c6:bw=31,experts=[0,1,2]; c2:bw=36,experts=[0,6,7]; c28:bw=54,experts=[0,1,2,6,7]; c5:bw=75,experts=[0,1,2,3,4,5,7]; c18:bw=25,experts=[0,1]","1.6272,1.0445,1.6428,2.2675,1.0522,1.3330,1.7903,1.0102,1.1386,1.9803,2.5254,2.0713,1.2091,1.1390,1.8681,1.7934,1.5358,2.0547,1.0586,2.0652,1.3205,1.4510,1.3476,1.2998,3.2322,1.1033,1.2335,1.5765,3.3650,1.7333"
40,2026-09-23 20:56:52,Ours,0.01,2.608016987991789,30.6,30.6,40,51.3563,0:51.36,49.7401,0.4862,1.127,2061.0118,34:21.01,30,"28,27,26,8,18,6,17,13,29,16,15,2,10,1,22,11,23,20,4,7,24,19,25,3,14,12,5,21,0,9",28:10;27:38;26:63;8:26;18:38;6:46;17:30;13:32;29:43;16:29;15:22;2:65;10:60;1:42;22:43;11:15;23:50;20:21;4:19;7:66;24:51;19:23;25:67;3:10;14:58;12:42;5:32;21:35;0:36;9:40,"28:[3];27:[4,5,6];26:[0,1,2,3,6,7];8:[5,6];18:[2,3,4];6:[3,4,5,6];17:[0,6,7];13:[5,6,7];29:[2,3,4,5];16:[2,3];15:[0,1];2:[1,2,3,4,5,6];10:[0,3,4,5,6,7];1:[2,3,4,5];22:[0,5,6,7];11:[1];23:[0,4,5,6,7];20:[3,4];4:[6];7:[2,3,4,5,6,7];24:[0,1,2,6,7];19:[6,7];25:[0,1,2,3,6,7];3:[2];14:[0,4,5,6,7];12:[4,5,6,7];5:[0,6,7];21:[0,6,7];0:[3,4,5];9:[0,1,6,7]","c28:bw=10,experts=[3]; c27:bw=38,experts=[4,5,6]; c26:bw=63,experts=[0,1,2,3,6,7]; c8:bw=26,experts=[5,6]; c18:bw=38,experts=[2,3,4]; c6:bw=46,experts=[3,4,5,6]; c17:bw=30,experts=[0,6,7]; c13:bw=32,experts=[5,6,7]; c29:bw=43,experts=[2,3,4,5]; c16:bw=29,experts=[2,3]; c15:bw=22,experts=[0,1]; c2:bw=65,experts=[1,2,3,4,5,6]; c10:bw=60,experts=[0,3,4,5,6,7]; c1:bw=42,experts=[2,3,4,5]; c22:bw=43,experts=[0,5,6,7]; c11:bw=15,experts=[1]; c23:bw=50,experts=[0,4,5,6,7]; c20:bw=21,experts=[3,4]; c4:bw=19,experts=[6]; c7:bw=66,experts=[2,3,4,5,6,7]; c24:bw=51,experts=[0,1,2,6,7]; c19:bw=23,experts=[6,7]; c25:bw=67,experts=[0,1,2,3,6,7]; c3:bw=10,experts=[2]; c14:bw=58,experts=[0,4,5,6,7]; c12:bw=42,experts=[4,5,6,7]; c5:bw=32,experts=[0,6,7]; c21:bw=35,experts=[0,6,7]; c0:bw=36,experts=[3,4,5]; c9:bw=40,experts=[0,1,6,7]","1.5821,1.8814,1.0309,1.1382,1.7394,1.1153,1.9865,1.6175,3.2485,1.8116,1.1262,1.2387,2.5181,1.0433,1.5994,2.2160,1.3250,2.0438,2.0497,1.2855,1.2193,1.4484,2.0650,1.5365,1.2961,1.7990,3.3716,0.9902,1.0594,1.3574"
41,2026-09-23 20:57:43,Ours,0.01,2.580323059227583,31.53,31.53,41,51.3926,0:51.39,49.7657,0.4819,1.1418,2112.4281,35:12.43,30,"6,26,2,29,16,1,8,15,4,19,3,24,21,20,18,23,0,17,25,12,11,10,13,14,22,28,27,5,7,9",6:10;26:10;2:54;29:38;16:25;1:10;8:57;15:24;4:50;19:19;3:40;24:58;21:18;20:39;18:10;23:37;0:10;17:52;25:29;12:18;11:41;10:42;13:45;14:61;22:46;28:51;27:52;5:61;7:68;9:54,"6:[7];26:[4];2:[0,1,2,3,7];29:[0,6,7];16:[4,5];1:[6];8:[0,1,2,3,7];15:[2,3];4:[0,1,2,3,7];19:[0];3:[3,4,5,6];24:[3,4,5,6,7];21:[1];20:[5,6,7];18:[5];23:[1,2,3];0:[6];17:[1,2,3,4,5];25:[4,5];12:[0];11:[2,3,4,5];10:[1,2,3,4];13:[0,1,2,3];14:[1,2,3,4,5,6];22:[1,2,3,4];28:[0,4,5,6,7];27:[0,1,2,3,7];5:[1,2,3,4,5,6];7:[0,1,2,3,4,5];9:[2,3,4,5,6]","c6:bw=10,experts=[7]; c26:bw=10,experts=[4]; c2:bw=54,experts=[0,1,2,3,7]; c29:bw=38,experts=[0,6,7]; c16:bw=25,experts=[4,5]; c1:bw=10,experts=[6]; c8:bw=57,experts=[0,1,2,3,7]; c15:bw=24,experts=[2,3]; c4:bw=50,experts=[0,1,2,3,7]; c19:bw=19,experts=[0]; c3:bw=40,experts=[3,4,5,6]; c24:bw=58,experts=[3,4,5,6,7]; c21:bw=18,experts=[1]; c20:bw=39,experts=[5,6,7]; c18:bw=10,experts=[5]; c23:bw=37,experts=[1,2,3]; c0:bw=10,experts=[6]; c17:bw=52,experts=[1,2,3,4,5]; c25:bw=29,experts=[4,5]; c12:bw=18,experts=[0]; c11:bw=41,experts=[2,3,4,5]; c10:bw=42,experts=[1,2,3,4]; c13:bw=45,experts=[0,1,2,3]; c14:bw=61,experts=[1,2,3,4,5,6]; c22:bw=46,experts=[1,2,3,4]; c28:bw=51,experts=[0,4,5,6,7]; c27:bw=52,experts=[0,1,2,3,7]; c5:bw=61,experts=[1,2,3,4,5,6]; c7:bw=68,experts=[0,1,2,3,4,5]; c9:bw=54,experts=[2,3,4,5,6]","1.1110,1.0222,1.2385,3.2887,1.8199,1.0520,1.1402,1.1368,2.0794,1.4451,1.5475,1.2232,1.0026,2.0522,1.7078,1.2988,1.0667,1.9813,2.0616,1.7918,2.2172,2.5063,1.6175,1.3073,1.6004,1.5684,1.8545,3.3703,1.2976,1.3588"
42,2026-09-23 20:58:35,Ours,0.01,2.594042548504478,29.89,31.53,41,51.6049,0:51.60,49.9804,0.4713,1.1501,2164.0583,36:04.06,30,"12,15,27,9,11,17,1,16,22,24,19,25,2,6,5,14,23,3,20,4,26,0,10,28,29,7,13,18,21,8",12:22;15:31;27:34;9:51;11:59;17:32;1:49;16:10;22:26;24:34;19:63;25:28;2:40;6:34;5:50;14:13;23:51;3:48;20:42;4:55;26:16;0:15;10:15;28:54;29:40;7:20;13:33;18:14;21:32;8:42,"12:[1,2];15:[4,5,6];27:[4,5,6];9:[0,1,2,3,7];11:[0,1,2,6,7];17:[0,6,7];1:[0,1,2,7];16:[6];22:[5,6];24:[0,1,2];19:[1,2,3,4,5,6];25:[6,7];2:[4,5,6,7];6:[0,1,2];5:[0,1,2,3,7];14:[7];23:[0,4,5,6,7];3:[0,1,2,7];20:[0,1,2,3];4:[0,4,5,6,7];26:[5];0:[7];10:[5];28:[1,2,3,4,5];29:[1,2,3,4];7:[6,7];13:[4,5,6];18:[6];21:[2,3,4];8:[4,5,6,7]","c12:bw=22,experts=[1,2]; c15:bw=31,experts=[4,5,6]; c27:bw=34,experts=[4,5,6]; c9:bw=51,experts=[0,1,2,3,7]; c11:bw=59,experts=[0,1,2,6,7]; c17:bw=32,experts=[0,6,7]; c1:bw=49,experts=[0,1,2,7]; c16:bw=10,experts=[6]; c22:bw=26,experts=[5,6]; c24:bw=34,experts=[0,1,2]; c19:bw=63,experts=[1,2,3,4,5,6]; c25:bw=28,experts=[6,7]; c2:bw=40,experts=[4,5,6,7]; c6:bw=34,experts=[0,1,2]; c5:bw=50,experts=[0,1,2,3,7]; c14:bw=13,experts=[7]; c23:bw=51,experts=[0,4,5,6,7]; c3:bw=48,experts=[0,1,2,7]; c20:bw=42,experts=[0,1,2,3]; c4:bw=55,experts=[0,4,5,6,7]; c26:bw=16,experts=[5]; c0:bw=15,experts=[7]; c10:bw=15,experts=[5]; c28:bw=54,experts=[1,2,3,4,5]; c29:bw=40,experts=[1,2,3,4]; c7:bw=20,experts=[6,7]; c13:bw=33,experts=[4,5,6]; c18:bw=14,experts=[6]; c21:bw=32,experts=[2,3,4]; c8:bw=42,experts=[4,5,6,7]","1.8380,1.1578,1.8848,1.3651,2.2495,2.0506,1.0465,1.8034,1.6164,1.2038,1.4691,2.0652,1.2351,1.0963,3.3701,1.3178,1.3206,1.5375,2.0551,2.0616,1.0143,1.0588,2.5104,1.5590,3.3336,1.2781,1.6298,1.7139,1.0034,1.1350"
43,2026-09-23 20:59:26,Ours,0.01,2.5843708889914705,30.6,31.53,41,51.3794,0:51.38,49.7611,0.4817,1.1335,2215.4624,36:55.46,30,"29,8,12,9,15,28,18,13,20,14,21,0,7,4,27,3,22,11,26,16,23,17,6,1,5,10,25,24,19,2",29:28;8:45;12:10;9:32;15:14;28:27;18:24;13:16;20:48;14:66;21:34;0:21;7:21;4:34;27:61;3:65;22:41;11:55;26:59;16:21;23:34;17:47;6:12;1:58;5:53;10:37;25:44;24:54;19:54;2:51,"29:[5,6];8:[0,1,2,3];12:[3];9:[4,5,6];15:[7];28:[6,7];18:[0,7];13:[7];20:[4,5,6,7];14:[0,1,2,3,4,5];21:[5,6,7];0:[0,1];7:[0,1];4:[1,2,3];27:[0,1,2,3,4,7];3:[0,3,4,5,6,7];22:[0,1,2,7];11:[3,4,5,6,7];26:[0,1,2,6,7];16:[0,7];23:[1,2,3];17:[1,2,3,4];6:[3];1:[3,4,5,6,7];5:[0,4,5,6,7];10:[0,6,7];25:[0,1,2,3];24:[3,4,5,6,7];19:[0,1,2,3,7];2:[0,1,2,3,4]","c29:bw=28,experts=[5,6]; c8:bw=45,experts=[0,1,2,3]; c12:bw=10,experts=[3]; c9:bw=32,experts=[4,5,6]; c15:bw=14,experts=[7]; c28:bw=27,experts=[6,7]; c18:bw=24,experts=[0,7]; c13:bw=16,experts=[7]; c20:bw=48,experts=[4,5,6,7]; c14:bw=66,experts=[0,1,2,3,4,5]; c21:bw=34,experts=[5,6,7]; c0:bw=21,experts=[0,1]; c7:bw=21,experts=[0,1]; c4:bw=34,experts=[1,2,3]; c27:bw=61,experts=[0,1,2,3,4,7]; c3:bw=65,experts=[0,3,4,5,6,7]; c22:bw=41,experts=[0,1,2,7]; c11:bw=55,experts=[3,4,5,6,7]; c26:bw=59,experts=[0,1,2,6,7]; c16:bw=21,experts=[0,7]; c23:bw=34,experts=[1,2,3]; c17:bw=47,experts=[1,2,3,4]; c6:bw=12,experts=[3]; c1:bw=58,experts=[3,4,5,6,7]; c5:bw=53,experts=[0,4,5,6,7]; c10:bw=37,experts=[0,6,7]; c25:bw=44,experts=[0,1,2,3]; c24:bw=54,experts=[3,4,5,6,7]; c19:bw=54,experts=[0,1,2,3,7]; c2:bw=51,experts=[0,1,2,3,4]","3.2617,1.1499,1.8531,1.3687,1.1301,1.5710,1.7212,1.6122,2.0814,1.3233,0.9978,1.0583,1.2884,2.0674,1.8501,1.5304,1.5970,2.2411,1.0083,1.7754,1.3020,1.9700,1.0930,1.0575,3.3907,2.5285,2.0554,1.2103,1.4374,1.2293"
44,2026-09-23 21:00:18,Ours,0.01,2.445706513219479,33.78,33.78,44,51.3457,0:51.35,49.7339,0.4865,1.1222,2266.8324,37:46.83,30,"3,19,8,4,20,24,9,10,13,5,11,14,17,23,1,2,26,15,22,25,28,18,12,0,6,16,7,27,29,21",3:47;19:10;8:34;4:29;20:56;24:31;9:37;10:56;13:28;5:24;11:16;14:65;17:12;23:36;1:45;2:37;26:45;15:50;22:23;25:36;28:36;18:54;12:40;0:66;6:20;16:76;7:75;27:31;29:68;21:58,"3:[1,2,3,4];19:[4];8:[4,5,6];4:[4,5];20:[0,1,2,3,4];24:[0,1,2];9:[0,1,7];10:[1,2,3,4,5];13:[0,1];5:[1,2];11:[0];14:[0,1,2,3,6,7];17:[5];23:[4,5,6];1:[0,1,2,3];2:[5,6,7];26:[3,4,5,6];15:[0,1,2,3,4];22:[3,4];25:[4,5,6];28:[0,1,2];18:[1,2,3,4,5];12:[4,5,6,7];0:[2,3,4,5,6,7];6:[4,5];16:[1,2,3,4,5,6,7];7:[0,2,3,4,5,6,7];27:[5,6,7];29:[0,1,2,3,4,7];21:[0,1,2,3,4]","c3:bw=47,experts=[1,2,3,4]; c19:bw=10,experts=[4]; c8:bw=34,experts=[4,5,6]; c4:bw=29,experts=[4,5]; c20:bw=56,experts=[0,1,2,3,4]; c24:bw=31,experts=[0,1,2]; c9:bw=37,experts=[0,1,7]; c10:bw=56,experts=[1,2,3,4,5]; c13:bw=28,experts=[0,1]; c5:bw=24,experts=[1,2]; c11:bw=16,experts=[0]; c14:bw=65,experts=[0,1,2,3,6,7]; c17:bw=12,experts=[5]; c23:bw=36,experts=[4,5,6]; c1:bw=45,experts=[0,1,2,3]; c2:bw=37,experts=[5,6,7]; c26:bw=45,experts=[3,4,5,6]; c15:bw=50,experts=[0,1,2,3,4]; c22:bw=23,experts=[3,4]; c25:bw=36,experts=[4,5,6]; c28:bw=36,experts=[0,1,2]; c18:bw=54,experts=[1,2,3,4,5]; c12:bw=40,experts=[4,5,6,7]; c0:bw=66,experts=[2,3,4,5,6,7]; c6:bw=20,experts=[4,5]; c16:bw=76,experts=[1,2,3,4,5,6,7]; c7:bw=75,experts=[0,2,3,4,5,6,7]; c27:bw=31,experts=[5,6,7]; c29:bw=68,experts=[0,1,2,3,4,7]; c21:bw=58,experts=[0,1,2,3,4]","1.5539,1.4741,1.1629,2.0873,2.0801,1.2127,1.3421,2.5291,1.6241,3.3873,2.2473,1.3117,1.9593,1.3117,1.0363,1.2452,1.0096,1.1261,1.6032,2.0589,1.5498,1.7265,1.7892,1.0597,1.0933,1.7985,1.2899,1.8494,3.2228,0.9916"
45,2026-09-23 21:01:09,Ours,0.01,2.5982431759224665,30.88,33.78,44,51.3322,0:51.33,49.6855,0.4926,1.1509,2318.191,38:38.19,30,"3,21,24,15,29,4,11,16,5,12,10,14,19,26,23,8,20,7,27,17,0,1,13,18,25,9,2,6,22,28",3:67;21:58;24:13;15:33;29:50;4:64;11:53;16:54;5:44;12:61;10:42;14:41;19:67;26:22;23:42;8:55;20:52;7:36;27:10;17:10;0:36;1:56;13:53;18:16;25:32;9:25;2:49;6:10;22:37;28:21,"3:[0,1,2,5,6,7];21:[0,1,5,6,7];24:[3];15:[5,6,7];29:[0,1,5,6,7];4:[0,1,2,3,6,7];11:[1,2,3,4,5];16:[0,1,2,3,4];5:[3,4,5,6];12:[0,1,2,3,4,5];10:[0,1,6,7];14:[4,5,6,7];19:[0,1,2,5,6,7];26:[0,7];23:[0,1,2,7];8:[0,1,2,3,7];20:[0,1,5,6,7];7:[1,2,3];27:[0];17:[6];0:[0,1,2];1:[0,4,5,6,7];13:[2,3,4,5,6];18:[6];25:[0,1,7];9:[2,3];2:[0,1,2,3];6:[6];22:[5,6,7];28:[3,4]","c3:bw=67,experts=[0,1,2,5,6,7]; c21:bw=58,experts=[0,1,5,6,7]; c24:bw=13,experts=[3]; c15:bw=33,experts=[5,6,7]; c29:bw=50,experts=[0,1,5,6,7]; c4:bw=64,experts=[0,1,2,3,6,7]; c11:bw=53,experts=[1,2,3,4,5]; c16:bw=54,experts=[0,1,2,3,4]; c5:bw=44,experts=[3,4,5,6]; c12:bw=61,experts=[0,1,2,3,4,5]; c10:bw=42,experts=[0,1,6,7]; c14:bw=41,experts=[4,5,6,7]; c19:bw=67,experts=[0,1,2,5,6,7]; c26:bw=22,experts=[0,7]; c23:bw=42,experts=[0,1,2,7]; c8:bw=55,experts=[0,1,2,3,7]; c20:bw=52,experts=[0,1,5,6,7]; c7:bw=36,experts=[1,2,3]; c27:bw=10,experts=[0]; c17:bw=10,experts=[6]; c0:bw=36,experts=[0,1,2]; c1:bw=56,experts=[0,4,5,6,7]; c13:bw=53,experts=[2,3,4,5,6]; c18:bw=16,experts=[6]; c25:bw=32,experts=[0,1,7]; c9:bw=25,experts=[2,3]; c2:bw=49,experts=[0,1,2,3]; c6:bw=10,experts=[6]; c22:bw=37,experts=[5,6,7]; c28:bw=21,experts=[3,4]","1.5583,1.0005,1.2103,1.1440,3.2784,2.0561,2.2376,1.7899,3.3691,1.7945,2.5085,1.3177,1.4523,1.0090,1.3051,1.1375,2.0459,1.2839,1.8435,1.9713,1.0703,1.0546,1.6255,1.7134,2.0389,1.3447,1.2345,1.1116,1.6145,1.5640"
46,2026-09-23 21:02:01,Ours,0.01,2.4809596245746035,33.5,33.78,44,51.4692,0:51.47,49.8609,0.4779,1.1273,2369.6846,39:29.68,30,"21,5,16,11,19,8,17,28,26,18,12,0,29,9,6,27,20,22,4,3,15,10,24,25,13,23,2,1,7,14",21:32;5:41;16:28;11:38;19:10;8:39;17:15;28:11;26:48;18:44;12:53;0:55;29:10;9:37;6:39;27:22;20:50;22:31;4:64;3:27;15:14;10:59;24:30;25:20;13:50;23:37;2:57;1:41;7:28;14:39,"21:[2,3,4];5:[0,1,2,7];16:[5,6];11:[0,6,7];19:[3];8:[4,5,6];17:[7];28:[5];26:[1,2,3,4];18:[0,1,2,7];12:[0,1,2,6,7];0:[3,4,5,6,7];29:[2];9:[4,5,6];6:[0,1,7];27:[1,2];20:[2,3,4,5,6];22:[0,1,2];4:[0,1,4,5,6,7];3:[3,4];15:[0];10:[2,3,4,5,6];24:[4,5,6];25:[2,3];13:[0,1,2,3,7];23:[3,4,5];2:[0,4,5,6,7];1:[1,2,3,4];7:[4,5];14:[0,1,2]","c21:bw=32,experts=[2,3,4]; c5:bw=41,experts=[0,1,2,7]; c16:bw=28,experts=[5,6]; c11:bw=38,experts=[0,6,7]; c19:bw=10,experts=[3]; c8:bw=39,experts=[4,5,6]; c17:bw=15,experts=[7]; c28:bw=11,experts=[5]; c26:bw=48,experts=[1,2,3,4]; c18:bw=44,experts=[0,1,2,7]; c12:bw=53,experts=[0,1,2,6,7]; c0:bw=55,experts=[3,4,5,6,7]; c29:bw=10,experts=[2]; c9:bw=37,experts=[4,5,6]; c6:bw=39,experts=[0,1,7]; c27:bw=22,experts=[1,2]; c20:bw=50,experts=[2,3,4,5,6]; c22:bw=31,experts=[0,1,2]; c4:bw=64,experts=[0,1,4,5,6,7]; c3:bw=27,experts=[3,4]; c15:bw=14,experts=[0]; c10:bw=59,experts=[2,3,4,5,6]; c24:bw=30,experts=[4,5,6]; c25:bw=20,experts=[2,3]; c13:bw=50,experts=[0,1,2,3,7]; c23:bw=37,experts=[3,4,5]; c2:bw=57,experts=[0,4,5,6,7]; c1:bw=41,experts=[1,2,3,4]; c7:bw=28,experts=[4,5]; c14:bw=39,experts=[0,1,2]","1.0275,3.4203,1.8114,2.2744,1.4482,1.1432,1.9866,1.5675,1.0288,1.7949,1.8011,1.0676,3.2171,1.3611,1.0968,1.8533,2.0656,1.6088,2.0607,1.5311,1.1238,2.5321,1.2110,2.0589,1.5977,1.3062,1.2437,1.0410,1.2768,1.3033"
47,2026-09-23 21:02:52,Ours,0.01,2.5398414573674946,32.9,33.78,44,51.4743,0:51.47,49.8282,0.4763,1.1667,2421.1844,40:21.18,30,"16,13,28,6,12,25,15,29,7,17,24,3,22,21,18,23,8,5,20,27,26,11,2,1,9,10,19,4,14,0",16:68;13:33;28:34;6:22;12:15;25:23;15:42;29:11;7:53;17:20;24:40;3:70;22:63;21:45;18:10;23:10;8:39;5:52;20:53;27:48;26:10;11:39;2:54;1:30;9:17;10:51;19:28;4:10;14:24;0:46,"16:[0,1,2,3,4,7];13:[4,5,6];28:[0,6,7];6:[2,3];12:[3];25:[4,5];15:[1,2,3,4];29:[3];7:[0,1,2,6,7];17:[0,1];24:[0,1,2,7];3:[0,1,2,3,5,6,7];22:[0,3,4,5,6,7];21:[0,5,6,7];18:[3];23:[6];8:[0,1,7];5:[3,4,5,6,7];20:[0,1,2,3,7];27:[3,4,5,6];26:[5];11:[1,2,3];2:[1,2,3,4,5];1:[5,6,7];9:[7];10:[0,1,2,3,7];19:[4,5];4:[2];14:[3,4];0:[0,1,2,3]","c16:bw=68,experts=[0,1,2,3,4,7]; c13:bw=33,experts=[4,5,6]; c28:bw=34,experts=[0,6,7]; c6:bw=22,experts=[2,3]; c12:bw=15,experts=[3]; c25:bw=23,experts=[4,5]; c15:bw=42,experts=[1,2,3,4]; c29:bw=11,experts=[3]; c7:bw=53,experts=[0,1,2,6,7]; c17:bw=20,experts=[0,1]; c24:bw=40,experts=[0,1,2,7]; c3:bw=70,experts=[0,1,2,3,5,6,7]; c22:bw=63,experts=[0,3,4,5,6,7]; c21:bw=45,experts=[0,5,6,7]; c18:bw=10,experts=[3]; c23:bw=10,experts=[6]; c8:bw=39,experts=[0,1,7]; c5:bw=52,experts=[3,4,5,6,7]; c20:bw=53,experts=[0,1,2,3,7]; c27:bw=48,experts=[3,4,5,6]; c26:bw=10,experts=[5]; c11:bw=39,experts=[1,2,3]; c2:bw=54,experts=[1,2,3,4,5]; c1:bw=30,experts=[5,6,7]; c9:bw=17,experts=[7]; c10:bw=51,experts=[0,1,2,3,7]; c19:bw=28,experts=[4,5]; c4:bw=10,experts=[2]; c14:bw=24,experts=[3,4]; c0:bw=46,experts=[0,1,2,3]","1.8139,1.6249,1.5900,1.1086,1.8088,2.0803,1.1323,3.2379,1.3041,1.9767,1.2134,1.5448,1.6280,0.9919,1.7080,1.3156,1.1323,3.4139,2.0611,1.8699,1.0134,2.2244,1.2449,1.0478,1.3495,2.4982,1.4607,2.0719,1.3066,1.0546"
48,2026-09-23 21:03:44,Ours,0.01,2.3971454929816454,36.32,36.32,48,51.5429,0:51.54,49.8955,0.4826,1.1616,2472.7518,41:12.75,30,"27,2,19,0,26,23,14,11,5,4,20,22,28,21,15,9,3,25,10,24,6,12,1,7,8,13,29,18,17,16",27:61;2:57;19:45;0:16;26:34;23:49;14:10;11:32;5:55;4:67;20:53;22:35;28:10;21:44;15:64;9:52;3:18;25:17;10:12;24:59;6:45;12:31;1:50;7:62;8:50;13:50;29:49;18:62;17:38;16:10,"27:[0,1,2,3,4,7];2:[0,1,2,6,7];19:[0,1,6,7];0:[4];26:[0,6,7];23:[0,1,2,7];14:[5];11:[4,5,6];5:[0,1,2,3,4];4:[0,3,4,5,6,7];20:[0,4,5,6,7];22:[1,2,3];28:[1];21:[1,2,3,4];15:[0,1,2,5,6,7];9:[0,1,2,3,4];3:[4];25:[6];10:[4];24:[3,4,5,6,7];6:[4,5,6,7];12:[4,5,6];1:[0,1,2,3,4];7:[0,3,4,5,6,7];8:[2,3,4,5,6];13:[0,1,2,3,7];29:[4,5,6,7];18:[0,1,4,5,6,7];17:[2,3,4];16:[5]","c27:bw=61,experts=[0,1,2,3,4,7]; c2:bw=57,experts=[0,1,2,6,7]; c19:bw=45,experts=[0,1,6,7]; c0:bw=16,experts=[4]; c26:bw=34,experts=[0,6,7]; c23:bw=49,experts=[0,1,2,7]; c14:bw=10,experts=[5]; c11:bw=32,experts=[4,5,6]; c5:bw=55,experts=[0,1,2,3,4]; c4:bw=67,experts=[0,3,4,5,6,7]; c20:bw=53,experts=[0,4,5,6,7]; c22:bw=35,experts=[1,2,3]; c28:bw=10,experts=[1]; c21:bw=44,experts=[1,2,3,4]; c15:bw=64,experts=[0,1,2,5,6,7]; c9:bw=52,experts=[0,1,2,3,4]; c3:bw=18,experts=[4]; c25:bw=17,experts=[6]; c10:bw=12,experts=[4]; c24:bw=59,experts=[3,4,5,6,7]; c6:bw=45,experts=[4,5,6,7]; c12:bw=31,experts=[4,5,6]; c1:bw=50,experts=[0,1,2,3,4]; c7:bw=62,experts=[0,3,4,5,6,7]; c8:bw=50,experts=[2,3,4,5,6]; c13:bw=50,experts=[0,1,2,3,7]; c29:bw=49,experts=[4,5,6,7]; c18:bw=62,experts=[0,1,4,5,6,7]; c17:bw=38,experts=[2,3,4]; c16:bw=10,experts=[5]","1.8767,1.2507,1.4767,1.0740,1.0196,1.3187,1.3083,2.2524,3.4049,2.0821,2.0640,1.6006,1.5693,0.9889,1.1302,1.3531,1.5306,2.0512,2.5197,1.2107,1.1017,1.8093,1.0523,1.2965,1.1469,1.6152,3.2715,1.7235,1.9946,1.8015"
49,2026-09-23 21:04:35,Ours,0.01,2.505151026003658,32.8,36.32,48,51.5965,0:51.60,49.9583,0.4819,1.1533,2524.3758,42:04.38,30,"2,10,14,18,15,17,19,3,13,29,0,21,6,28,8,12,27,1,7,26,23,9,20,22,11,25,5,24,4,16",2:58;10:64;14:58;18:32;15:42;17:30;19:10;3:32;13:39;29:16;0:20;21:10;6:13;28:48;8:26;12:37;27:41;1:54;7:44;26:17;23:10;9:53;20:16;22:29;11:38;25:58;5:56;24:21;4:48;16:30,"2:[3,4,5,6,7];10:[0,1,2,5,6,7];14:[0,1,2,6,7];18:[2,3,4];15:[3,4,5,6];17:[5,6,7];19:[2];3:[5,6,7];13:[4,5,6];29:[0];0:[5,6];21:[5];6:[0];28:[2,3,4,5];8:[0,7];12:[0,1,7];27:[0,5,6,7];1:[0,1,5,6,7];7:[1,2,3,4];26:[1];23:[3];9:[0,1,5,6,7];20:[1];22:[4,5];11:[0,1,7];25:[0,1,2,3,7];5:[0,1,5,6,7];24:[0,1];4:[1,2,3,4];16:[0,6,7]","c2:bw=58,experts=[3,4,5,6,7]; c10:bw=64,experts=[0,1,2,5,6,7]; c14:bw=58,experts=[0,1,2,6,7]; c18:bw=32,experts=[2,3,4]; c15:bw=42,experts=[3,4,5,6]; c17:bw=30,experts=[5,6,7]; c19:bw=10,experts=[2]; c3:bw=32,experts=[5,6,7]; c13:bw=39,experts=[4,5,6]; c29:bw=16,experts=[0]; c0:bw=20,experts=[5,6]; c21:bw=10,experts=[5]; c6:bw=13,experts=[0]; c28:bw=48,experts=[2,3,4,5]; c8:bw=26,experts=[0,7]; c12:bw=37,experts=[0,1,7]; c27:bw=41,experts=[0,5,6,7]; c1:bw=54,experts=[0,1,5,6,7]; c7:bw=44,experts=[1,2,3,4]; c26:bw=17,experts=[1]; c23:bw=10,experts=[3]; c9:bw=53,experts=[0,1,5,6,7]; c20:bw=16,experts=[1]; c22:bw=29,experts=[4,5]; c11:bw=38,experts=[0,1,7]; c25:bw=58,experts=[0,1,2,3,7]; c5:bw=56,experts=[0,1,5,6,7]; c24:bw=21,experts=[0,1]; c4:bw=48,experts=[1,2,3,4]; c16:bw=30,experts=[0,6,7]","1.2653,2.5633,1.3588,1.7600,1.1491,2.0076,1.4601,1.5525,1.6534,3.2455,1.0659,0.9958,1.1048,1.5604,1.1255,1.7898,1.8586,1.0371,1.2992,1.0180,1.3060,1.3523,2.0661,1.6093,2.2389,2.0529,3.3980,1.2020,2.0693,1.7928"
50,2026-09-23 21:05:27,Ours,0.01,2.405412901017762,35.57,36.32,48,51.6911,0:51.69,49.998,0.5535,1.1364,2576.0927,42:56.09,30,"8,13,9,19,21,24,14,29,12,4,11,15,17,25,1,5,2,22,6,16,26,23,7,10,27,28,3,20,18,0",8:32;13:37;9:27;19:43;21:17;24:43;14:23;29:62;12:34;4:10;11:57;15:31;17:33;25:32;1:64;5:31;2:63;22:16;6:68;16:27;26:56;23:41;7:34;10:23;27:57;28:35;3:39;20:46;18:44;0:29,"8:[1,2,3];13:[0,1,7];9:[2,3];19:[3,4,5,6];21:[6];24:[2,3,4,5];14:[3,4];29:[1,2,3,4,5,6];12:[2,3,4];4:[5];11:[2,3,4,5,6];15:[0,1,7];17:[0,1,2];25:[4,5,6];1:[2,3,4,5,6,7];5:[2,3,4];2:[0,1,2,3,4,5];22:[6];6:[1,2,3,4,5,6];16:[1,2];26:[2,3,4,5,6];23:[4,5,6,7];7:[5,6,7];10:[3,4];27:[1,2,3,4,5];28:[0,6,7];3:[0,1,2];20:[2,3,4,5];18:[0,5,6,7];0:[0,7]","c8:bw=32,experts=[1,2,3]; c13:bw=37,experts=[0,1,7]; c9:bw=27,experts=[2,3]; c19:bw=43,experts=[3,4,5,6]; c21:bw=17,experts=[6]; c24:bw=43,experts=[2,3,4,5]; c14:bw=23,experts=[3,4]; c29:bw=62,experts=[1,2,3,4,5,6]; c12:bw=34,experts=[2,3,4]; c4:bw=10,experts=[5]; c11:bw=57,experts=[2,3,4,5,6]; c15:bw=31,experts=[0,1,7]; c17:bw=33,experts=[0,1,2]; c25:bw=32,experts=[4,5,6]; c1:bw=64,experts=[2,3,4,5,6,7]; c5:bw=31,experts=[2,3,4]; c2:bw=63,experts=[0,1,2,3,4,5]; c22:bw=16,experts=[6]; c6:bw=68,experts=[1,2,3,4,5,6]; c16:bw=27,experts=[1,2]; c26:bw=56,experts=[2,3,4,5,6]; c23:bw=41,experts=[4,5,6,7]; c7:bw=34,experts=[5,6,7]; c10:bw=23,experts=[3,4]; c27:bw=57,experts=[1,2,3,4,5]; c28:bw=35,experts=[0,6,7]; c3:bw=39,experts=[0,1,2]; c20:bw=46,experts=[2,3,4,5]; c18:bw=44,experts=[0,5,6,7]; c0:bw=29,experts=[0,7]","1.1334,1.6173,1.3475,1.4801,1.0111,1.2221,1.3662,3.2887,1.8033,2.0733,2.2487,1.1328,2.0431,2.0736,1.0507,3.3809,1.2255,1.6366,1.1043,1.7983,1.0086,1.3357,1.2835,2.5172,1.8607,1.5658,1.5318,2.0690,1.7262,1.0620"
51,2026-09-23 21:06:18,Ours,0.01,2.4476537253726756,34.34,36.32,48,51.3467,0:51.35,49.6517,0.5617,1.1301,2627.4682,43:47.47,30,"17,11,14,5,3,4,22,13,2,6,15,9,18,25,27,19,0,28,7,21,23,20,24,8,1,29,12,26,16,10",17:43;11:60;14:30;5:47;3:55;4:11;22:22;13:40;2:20;6:52;15:57;9:18;18:37;25:53;27:10;19:10;0:53;28:51;7:27;21:14;23:38;20:30;24:54;8:46;1:21;29:44;12:43;26:31;16:30;10:37,"17:[3,4,5,6];11:[0,1,2,3,4,7];14:[5,6,7];5:[0,5,6,7];3:[3,4,5,6,7];4:[6];22:[0,7];13:[2,3,4,5];2:[6,7];6:[0,1,2,3,7];15:[2,3,4,5,6];9:[4];18:[1,2,3];25:[0,1,2,3,7];27:[6];19:[7];0:[1,2,3,4,5];28:[1,2,3,4,5];7:[0,1];21:[7];23:[0,1,2];20:[0,6,7];24:[0,1,2,6,7];8:[4,5,6,7];1:[0,1];29:[0,1,2,7];12:[0,5,6,7];26:[0,1,7];16:[3,4,5];10:[5,6,7]","c17:bw=43,experts=[3,4,5,6]; c11:bw=60,experts=[0,1,2,3,4,7]; c14:bw=30,experts=[5,6,7]; c5:bw=47,experts=[0,5,6,7]; c3:bw=55,experts=[3,4,5,6,7]; c4:bw=11,experts=[6]; c22:bw=22,experts=[0,7]; c13:bw=40,experts=[2,3,4,5]; c2:bw=20,experts=[6,7]; c6:bw=52,experts=[0,1,2,3,7]; c15:bw=57,experts=[2,3,4,5,6]; c9:bw=18,experts=[4]; c18:bw=37,experts=[1,2,3]; c25:bw=53,experts=[0,1,2,3,7]; c27:bw=10,experts=[6]; c19:bw=10,experts=[7]; c0:bw=53,experts=[1,2,3,4,5]; c28:bw=51,experts=[1,2,3,4,5]; c7:bw=27,experts=[0,1]; c21:bw=14,experts=[7]; c23:bw=38,experts=[0,1,2]; c20:bw=30,experts=[0,6,7]; c24:bw=54,experts=[0,1,2,6,7]; c8:bw=46,experts=[4,5,6,7]; c1:bw=21,experts=[0,1]; c29:bw=44,experts=[0,1,2,7]; c12:bw=43,experts=[0,5,6,7]; c26:bw=31,experts=[0,1,7]; c16:bw=30,experts=[3,4,5]; c10:bw=37,experts=[5,6,7]","1.9867,2.2497,1.3245,3.3942,1.5481,2.0787,1.6204,1.6174,1.2369,1.0946,1.1373,1.3537,1.7091,2.0484,1.8710,1.4316,1.0659,1.5619,1.2731,0.9911,1.3011,2.0701,1.1993,1.1409,1.0305,3.2220,1.7952,1.0014,1.7837,2.5131"
52,2026-09-23 21:07:10,Ours,0.01,2.4631632015131486,33.13,36.32,48,51.7486,0:51.75,50.1177,0.4737,1.1541,2679.243,44:39.24,30,"21,12,26,2,3,8,28,13,20,10,29,17,6,0,25,19,7,15,24,14,22,9,23,16,27,4,18,11,1,5",21:45;12:10;26:52;2:29;3:43;8:18;28:35;13:23;20:10;10:31;29:43;17:19;6:51;0:46;25:62;19:46;7:34;15:31;24:35;14:42;22:21;9:31;23:10;16:59;27:40;4:33;18:49;11:60;1:40;5:24,"21:[0,1,2,3];12:[1];26:[2,3,4,5,6];2:[0,1];3:[0,1,2,3];8:[0];28:[0,6,7];13:[6,7];20:[1];10:[0,1,2];29:[3,4,5,6];17:[7];6:[0,4,5,6,7];0:[0,1,6,7];25:[0,1,4,5,6,7];19:[0,1,2,3];7:[2,3,4];15:[0,1,7];24:[3,4,5];14:[0,1,2,3];22:[1,2];9:[5,6,7];23:[3];16:[0,1,2,6,7];27:[0,1,2,7];4:[0,1,7];18:[4,5,6,7];11:[0,1,2,5,6,7];1:[2,3,4,5];5:[1,2]","c21:bw=45,experts=[0,1,2,3]; c12:bw=10,experts=[1]; c26:bw=52,experts=[2,3,4,5,6]; c2:bw=29,experts=[0,1]; c3:bw=43,experts=[0,1,2,3]; c8:bw=18,experts=[0]; c28:bw=35,experts=[0,6,7]; c13:bw=23,experts=[6,7]; c20:bw=10,experts=[1]; c10:bw=31,experts=[0,1,2]; c29:bw=43,experts=[3,4,5,6]; c17:bw=19,experts=[7]; c6:bw=51,experts=[0,4,5,6,7]; c0:bw=46,experts=[0,1,6,7]; c25:bw=62,experts=[0,1,4,5,6,7]; c19:bw=46,experts=[0,1,2,3]; c7:bw=34,experts=[2,3,4]; c15:bw=31,experts=[0,1,7]; c24:bw=35,experts=[3,4,5]; c14:bw=42,experts=[0,1,2,3]; c22:bw=21,experts=[1,2]; c9:bw=31,experts=[5,6,7]; c23:bw=10,experts=[3]; c16:bw=59,experts=[0,1,2,6,7]; c27:bw=40,experts=[0,1,2,7]; c4:bw=33,experts=[0,1,7]; c18:bw=49,experts=[4,5,6,7]; c11:bw=60,experts=[0,1,2,5,6,7]; c1:bw=40,experts=[2,3,4,5]; c5:bw=24,experts=[1,2]","0.9993,1.8090,1.0302,1.2458,1.5339,1.1662,1.5617,1.6470,2.0760,2.5296,3.4053,1.9772,1.1143,1.0727,2.0670,1.4429,1.2881,1.1328,1.1995,1.3351,1.5960,1.3653,1.3108,1.7920,1.8997,2.0566,1.7285,2.3125,1.0548,3.3677"
53,2026-09-23 21:08:02,Ours,0.01,2.3511935421126426,38.66,38.66,53,51.3278,0:51.33,49.6781,0.4768,1.1698,2730.5991,45:30.60,30,"27,4,0,5,22,18,28,24,11,3,19,17,10,1,7,2,29,21,26,13,23,20,16,6,15,9,14,25,12,8",27:58;4:28;0:39;5:44;22:10;18:17;28:66;24:37;11:11;3:47;19:10;17:28;10:52;1:59;7:44;2:51;29:46;21:37;26:39;13:10;23:10;20:62;16:44;6:36;15:27;9:61;14:34;25:44;12:45;8:22,"27:[3,4,5,6,7];4:[2,3];0:[2,3,4];5:[3,4,5,6];22:[3];18:[0];28:[1,2,3,4,5,6];24:[0,6,7];11:[3];3:[4,5,6,7];19:[4];17:[0,1];10:[3,4,5,6,7];1:[0,1,2,6,7];7:[0,5,6,7];2:[2,3,4,5,6];29:[0,1,2,7];21:[4,5,6];26:[0,1,7];13:[0];23:[4];20:[2,3,4,5,6,7];16:[3,4,5,6];6:[1,2,3];15:[2,3];9:[0,1,2,3,4,5];14:[4,5,6];25:[2,3,4,5];12:[2,3,4,5];8:[1,2]","c27:bw=58,experts=[3,4,5,6,7]; c4:bw=28,experts=[2,3]; c0:bw=39,experts=[2,3,4]; c5:bw=44,experts=[3,4,5,6]; c22:bw=10,experts=[3]; c18:bw=17,experts=[0]; c28:bw=66,experts=[1,2,3,4,5,6]; c24:bw=37,experts=[0,6,7]; c11:bw=11,experts=[3]; c3:bw=47,experts=[4,5,6,7]; c19:bw=10,experts=[4]; c17:bw=28,experts=[0,1]; c10:bw=52,experts=[3,4,5,6,7]; c1:bw=59,experts=[0,1,2,6,7]; c7:bw=44,experts=[0,5,6,7]; c2:bw=51,experts=[2,3,4,5,6]; c29:bw=46,experts=[0,1,2,7]; c21:bw=37,experts=[4,5,6]; c26:bw=39,experts=[0,1,7]; c13:bw=10,experts=[0]; c23:bw=10,experts=[4]; c20:bw=62,experts=[2,3,4,5,6,7]; c16:bw=44,experts=[3,4,5,6]; c6:bw=36,experts=[1,2,3]; c15:bw=27,experts=[2,3]; c9:bw=61,experts=[0,1,2,3,4,5]; c14:bw=34,experts=[4,5,6]; c25:bw=44,experts=[2,3,4,5]; c12:bw=45,experts=[2,3,4,5]; c8:bw=22,experts=[1,2]","1.8877,2.1033,1.0671,3.1325,1.6077,1.7221,1.5899,1.2132,2.2411,1.5572,1.4471,1.9739,2.5494,1.0453,1.2957,1.2404,3.2332,1.0059,1.0198,1.6041,1.3288,2.0858,1.8097,1.1093,1.1305,1.3675,1.3056,2.0670,1.7942,1.1430"
54,2026-09-23 21:08:53,Ours,0.01,2.3596739267758773,39.12,39.12,54,51.3724,0:51.37,49.729,0.4803,1.1598,2782.0003,46:22.00,30,"17,22,21,29,18,13,24,19,20,9,0,25,15,8,5,26,3,16,14,6,27,7,10,4,28,1,12,11,2,23",17:27;22:16;21:71;29:44;18:33;13:55;24:80;19:21;20:52;9:50;0:37;25:57;15:32;8:55;5:10;26:37;3:30;16:10;14:33;6:54;27:46;7:61;10:10;4:32;28:48;1:53;12:74;11:58;2:10;23:40,"17:[2,3];22:[4];21:[0,1,2,3,4,5,7];29:[3,4,5,6];18:[1,2,3];13:[1,2,3,4,5];24:[0,1,2,3,4,5,6,7];19:[5,6];20:[0,1,2,3,4];9:[0,1,2,6,7];0:[5,6,7];25:[0,1,2,6,7];15:[4,5,6];8:[3,4,5,6,7];5:[7];26:[2,3,4];3:[0,1,2];16:[7];14:[0,1,7];6:[0,4,5,6,7];27:[0,1,2,3];7:[1,2,3,4,5,6];10:[0];4:[4,5,6];28:[0,1,2,7];1:[3,4,5,6,7];12:[0,1,2,3,4,6,7];11:[0,4,5,6,7];2:[7];23:[0,5,6,7]","c17:bw=27,experts=[2,3]; c22:bw=16,experts=[4]; c21:bw=71,experts=[0,1,2,3,4,5,7]; c29:bw=44,experts=[3,4,5,6]; c18:bw=33,experts=[1,2,3]; c13:bw=55,experts=[1,2,3,4,5]; c24:bw=80,experts=[0,1,2,3,4,5,6,7]; c19:bw=21,experts=[5,6]; c20:bw=52,experts=[0,1,2,3,4]; c9:bw=50,experts=[0,1,2,6,7]; c0:bw=37,experts=[5,6,7]; c25:bw=57,experts=[0,1,2,6,7]; c15:bw=32,experts=[4,5,6]; c8:bw=55,experts=[3,4,5,6,7]; c5:bw=10,experts=[7]; c26:bw=37,experts=[2,3,4]; c3:bw=30,experts=[0,1,2]; c16:bw=10,experts=[7]; c14:bw=33,experts=[0,1,7]; c6:bw=54,experts=[0,4,5,6,7]; c27:bw=46,experts=[0,1,2,3]; c7:bw=61,experts=[1,2,3,4,5,6]; c10:bw=10,experts=[0]; c4:bw=32,experts=[4,5,6]; c28:bw=48,experts=[0,1,2,7]; c1:bw=53,experts=[3,4,5,6,7]; c12:bw=74,experts=[0,1,2,3,4,6,7]; c11:bw=58,experts=[0,4,5,6,7]; c2:bw=10,experts=[7]; c23:bw=40,experts=[0,5,6,7]","1.9836,1.6300,1.0079,3.2526,1.7275,1.6293,1.2280,1.4623,2.0715,1.3618,1.0664,2.0635,1.1350,1.1304,3.3399,1.0033,1.5155,1.7933,1.2971,1.1072,1.8595,1.2804,2.5178,2.0765,1.5488,1.0473,1.8005,2.2436,1.2320,1.3165"
55,2026-09-23 21:09:45,Ours,0.01,2.3393060845919127,39.01,39.12,54,51.6524,0:51.65,50.0025,0.4769,1.1699,2833.6823,47:13.68,30,"22,27,7,28,1,23,5,18,26,10,0,4,3,25,8,24,9,14,21,15,11,20,16,19,13,6,2,17,29,12",22:47;27:27;7:54;28:57;1:60;23:10;5:53;18:70;26:33;10:57;0:27;4:14;3:52;25:26;8:14;24:16;9:62;14:33;21:10;15:30;11:40;20:35;16:57;19:60;13:24;6:42;2:41;17:39;29:26;12:62,"22:[0,5,6,7];27:[4,5];7:[0,1,2,3,7];28:[3,4,5,6,7];1:[0,1,2,3,4,5];23:[1];5:[0,1,2,3,4];18:[0,1,2,4,5,6,7];26:[5,6,7];10:[1,2,3,4,5];0:[0,1];4:[7];3:[3,4,5,6,7];25:[3,4];8:[0];24:[1];9:[0,3,4,5,6,7];14:[2,3,4];21:[6];15:[0,1,7];11:[1,2,3,4];20:[5,6,7];16:[0,1,2,3,4];19:[0,1,2,3,4,7];13:[6,7];6:[1,2,3,4];2:[0,1,2,3];17:[4,5,6];29:[0,7];12:[0,1,2,5,6,7]","c22:bw=47,experts=[0,5,6,7]; c27:bw=27,experts=[4,5]; c7:bw=54,experts=[0,1,2,3,7]; c28:bw=57,experts=[3,4,5,6,7]; c1:bw=60,experts=[0,1,2,3,4,5]; c23:bw=10,experts=[1]; c5:bw=53,experts=[0,1,2,3,4]; c18:bw=70,experts=[0,1,2,4,5,6,7]; c26:bw=33,experts=[5,6,7]; c10:bw=57,experts=[1,2,3,4,5]; c0:bw=27,experts=[0,1]; c4:bw=14,experts=[7]; c3:bw=52,experts=[3,4,5,6,7]; c25:bw=26,experts=[3,4]; c8:bw=14,experts=[0]; c24:bw=16,experts=[1]; c9:bw=62,experts=[0,3,4,5,6,7]; c14:bw=33,experts=[2,3,4]; c21:bw=10,experts=[6]; c15:bw=30,experts=[0,1,7]; c11:bw=40,experts=[1,2,3,4]; c20:bw=35,experts=[5,6,7]; c16:bw=57,experts=[0,1,2,3,4]; c19:bw=60,experts=[0,1,2,3,4,7]; c13:bw=24,experts=[6,7]; c6:bw=42,experts=[1,2,3,4]; c2:bw=41,experts=[0,1,2,3]; c17:bw=39,experts=[4,5,6]; c29:bw=26,experts=[0,7]; c12:bw=62,experts=[0,1,2,5,6,7]","1.6471,1.8630,1.2876,1.6603,1.0465,1.3175,3.4135,1.7239,1.0309,2.5239,1.0753,2.0852,1.5414,2.0747,1.1329,1.2167,1.3516,1.3228,1.0048,1.1237,2.2496,2.0695,1.8018,1.4605,1.6196,1.1014,1.2410,1.9871,3.2266,1.8021"
56,2026-09-23 21:10:36,Ours,0.01,2.3487620120753996,38.44,39.12,54,51.295,0:51.30,49.678,0.475,1.139,2885.0046,48:05.00,30,"9,25,26,28,2,27,19,12,22,1,21,7,6,5,18,10,17,29,11,3,16,23,8,14,13,20,0,15,24,4",9:52;25:37;26:37;28:24;2:53;27:43;19:10;12:38;22:29;1:56;21:49;7:18;6:23;5:31;18:54;10:20;17:10;29:53;11:26;3:10;16:42;23:41;8:13;14:42;13:18;20:52;0:70;15:35;24:33;4:10,"9:[1,2,3,4,5];25:[5,6,7];26:[0,1,2];28:[0,1];2:[0,4,5,6,7];27:[0,1,6,7];19:[5];12:[3,4,5];22:[1,2];1:[0,1,2,6,7];21:[0,1,2,7];7:[4];6:[5,6];5:[5,6,7];18:[3,4,5,6,7];10:[6,7];17:[7];29:[1,2,3,4,5];11:[5,6];3:[0];16:[0,5,6,7];23:[2,3,4,5];8:[1];14:[0,5,6,7];13:[0];20:[0,1,2,3,4];0:[0,2,3,4,5,6,7];15:[2,3,4];24:[2,3,4];4:[0]","c9:bw=52,experts=[1,2,3,4,5]; c25:bw=37,experts=[5,6,7]; c26:bw=37,experts=[0,1,2]; c28:bw=24,experts=[0,1]; c2:bw=53,experts=[0,4,5,6,7]; c27:bw=43,experts=[0,1,6,7]; c19:bw=10,experts=[5]; c12:bw=38,experts=[3,4,5]; c22:bw=29,experts=[1,2]; c1:bw=56,experts=[0,1,2,6,7]; c21:bw=49,experts=[0,1,2,7]; c7:bw=18,experts=[4]; c6:bw=23,experts=[5,6]; c5:bw=31,experts=[5,6,7]; c18:bw=54,experts=[3,4,5,6,7]; c10:bw=20,experts=[6,7]; c17:bw=10,experts=[7]; c29:bw=53,experts=[1,2,3,4,5]; c11:bw=26,experts=[5,6]; c3:bw=10,experts=[0]; c16:bw=42,experts=[0,5,6,7]; c23:bw=41,experts=[2,3,4,5]; c8:bw=13,experts=[1]; c14:bw=42,experts=[0,5,6,7]; c13:bw=18,experts=[0]; c20:bw=52,experts=[0,1,2,3,4]; c0:bw=70,experts=[0,2,3,4,5,6,7]; c15:bw=35,experts=[2,3,4]; c24:bw=33,experts=[2,3,4]; c4:bw=10,experts=[0]","1.3755,2.0741,1.0374,1.5672,1.2620,1.8655,1.4618,1.7987,1.6249,1.0452,1.0059,1.2831,1.0981,3.3615,1.7033,2.5050,1.9628,3.2171,2.2367,1.5107,1.7937,1.3144,1.1334,1.3174,1.6029,2.0567,1.0801,1.1274,1.2042,2.0510"
57,2026-09-23 21:11:27,Ours,0.01,2.3421598308119376,36.99,39.12,54,51.3653,0:51.37,49.7376,0.4871,1.1375,2936.3994,48:56.40,30,"11,7,24,15,25,22,23,28,26,3,19,29,0,6,14,27,17,4,5,2,16,8,1,10,9,13,12,18,20,21",11:26;7:69;24:44;15:36;25:42;22:39;23:45;28:19;26:26;3:64;19:44;29:67;0:70;6:48;14:36;27:10;17:52;4:41;5:44;2:33;16:33;8:43;1:49;10:58;9:19;13:31;12:17;18:44;20:56;21:32,"11:[0,7];7:[0,1,2,5,6,7];24:[0,5,6,7];15:[5,6,7];25:[0,1,2,3];22:[3,4,5];23:[0,1,6,7];28:[2];26:[3,4];3:[1,2,3,4,5,6];19:[0,1,6,7];29:[0,1,2,3,6,7];0:[1,2,3,4,5,6,7];6:[0,1,2,7];14:[1,2,3];27:[2];17:[0,1,2,3,4];4:[1,2,3,4];5:[0,1,2,3];2:[1,2,3];16:[1,2,3];8:[2,3,4,5];1:[3,4,5,6];10:[0,1,2,3,4];9:[6];13:[1,2,3];12:[6];18:[0,1,2,3];20:[0,1,5,6,7];21:[3,4,5]","c11:bw=26,experts=[0,7]; c7:bw=69,experts=[0,1,2,5,6,7]; c24:bw=44,experts=[0,5,6,7]; c15:bw=36,experts=[5,6,7]; c25:bw=42,experts=[0,1,2,3]; c22:bw=39,experts=[3,4,5]; c23:bw=45,experts=[0,1,6,7]; c28:bw=19,experts=[2]; c26:bw=26,experts=[3,4]; c3:bw=64,experts=[1,2,3,4,5,6]; c19:bw=44,experts=[0,1,6,7]; c29:bw=67,experts=[0,1,2,3,6,7]; c0:bw=70,experts=[1,2,3,4,5,6,7]; c6:bw=48,experts=[0,1,2,7]; c14:bw=36,experts=[1,2,3]; c27:bw=10,experts=[2]; c17:bw=52,experts=[0,1,2,3,4]; c4:bw=41,experts=[1,2,3,4]; c5:bw=44,experts=[0,1,2,3]; c2:bw=33,experts=[1,2,3]; c16:bw=33,experts=[1,2,3]; c8:bw=43,experts=[2,3,4,5]; c1:bw=49,experts=[3,4,5,6]; c10:bw=58,experts=[0,1,2,3,4]; c9:bw=19,experts=[6]; c13:bw=31,experts=[1,2,3]; c12:bw=17,experts=[6]; c18:bw=44,experts=[0,1,2,3]; c20:bw=56,experts=[0,1,5,6,7]; c21:bw=32,experts=[3,4,5]","2.2492,1.3063,1.2140,1.1503,2.0841,1.6174,1.3302,1.5622,1.0203,1.5357,1.4473,3.2414,1.0671,1.0973,1.3137,1.8462,1.9635,2.0726,3.3831,1.2274,1.7880,1.1335,1.0541,2.5098,1.3514,1.5975,1.7887,1.7081,2.0595,1.0175"
58,2026-09-23 21:12:19,Ours,0.01,2.2917566858714062,40.5,40.5,58,51.5942,0:51.59,49.9433,0.4774,1.1704,2988.0214,49:48.02,30,"25,6,18,9,0,22,20,17,24,19,15,11,29,26,7,21,10,1,4,13,3,8,14,28,12,5,27,2,23,16",25:39;6:55;18:50;9:57;0:47;22:61;20:53;17:12;24:10;19:43;15:38;11:47;29:38;26:34;7:24;21:73;10:43;1:30;4:38;13:40;3:61;8:40;14:22;28:10;12:29;5:35;27:36;2:10;23:30;16:42,"25:[4,5,6];6:[3,4,5,6,7];18:[0,4,5,6,7];9:[0,1,2,3,7];0:[0,1,2,3];22:[0,1,2,3,6,7];20:[2,3,4,5,6];17:[5];24:[1];19:[2,3,4,5];15:[0,1,2];11:[1,2,3,4];29:[4,5,6];26:[5,6,7];7:[3,4];21:[0,1,2,3,4,6,7];10:[0,5,6,7];1:[0,1,7];4:[5,6,7];13:[4,5,6,7];3:[0,1,2,3,4,7];8:[0,1,6,7];14:[4,5];28:[3];12:[0,7];5:[4,5,6];27:[3,4,5];2:[4];23:[2,3,4];16:[4,5,6,7]","c25:bw=39,experts=[4,5,6]; c6:bw=55,experts=[3,4,5,6,7]; c18:bw=50,experts=[0,4,5,6,7]; c9:bw=57,experts=[0,1,2,3,7]; c0:bw=47,experts=[0,1,2,3]; c22:bw=61,experts=[0,1,2,3,6,7]; c20:bw=53,experts=[2,3,4,5,6]; c17:bw=12,experts=[5]; c24:bw=10,experts=[1]; c19:bw=43,experts=[2,3,4,5]; c15:bw=38,experts=[0,1,2]; c11:bw=47,experts=[1,2,3,4]; c29:bw=38,experts=[4,5,6]; c26:bw=34,experts=[5,6,7]; c7:bw=24,experts=[3,4]; c21:bw=73,experts=[0,1,2,3,4,6,7]; c10:bw=43,experts=[0,5,6,7]; c1:bw=30,experts=[0,1,7]; c4:bw=38,experts=[5,6,7]; c13:bw=40,experts=[4,5,6,7]; c3:bw=61,experts=[0,1,2,3,4,7]; c8:bw=40,experts=[0,1,6,7]; c14:bw=22,experts=[4,5]; c28:bw=10,experts=[3]; c12:bw=29,experts=[0,7]; c5:bw=35,experts=[4,5,6]; c27:bw=36,experts=[3,4,5]; c2:bw=10,experts=[4]; c23:bw=30,experts=[2,3,4]; c16:bw=42,experts=[4,5,6,7]","2.0874,1.1197,1.7366,1.3575,1.0823,1.6117,2.0818,1.9756,1.2074,1.4929,1.1350,2.2574,3.2320,1.0162,1.2853,1.0099,2.5174,1.0406,2.0646,1.6047,1.5558,1.1357,1.3791,1.5705,1.7965,3.3616,1.8523,1.2476,1.3144,1.8141"
59,2026-09-23 21:13:11,Ours,0.01,2.333592688654847,38.97,40.5,58,51.4936,0:51.49,49.8702,0.4789,1.1415,3039.544,50:39.54,30,"19,6,3,13,25,8,20,29,9,2,28,27,0,16,18,11,12,21,22,24,17,15,4,7,5,14,23,1,26,10",19:14;6:19;3:35;13:13;25:57;8:56;20:68;29:55;9:28;2:37;28:19;27:34;0:52;16:23;18:10;11:34;12:47;21:29;22:43;24:36;17:55;15:50;4:26;7:28;5:32;14:40;23:36;1:65;26:43;10:26,"19:[6];6:[0];3:[5,6,7];13:[0];25:[0,1,2,3,7];8:[2,3,4,5,6];20:[0,1,2,3,4,7];29:[0,1,2,3,7];9:[4,5];2:[5,6,7];28:[4];27:[0,6,7];0:[0,4,5,6,7];16:[0,1];18:[1];11:[5,6,7];12:[1,2,3,4];21:[5,6];22:[4,5,6,7];24:[2,3,4];17:[0,1,2,6,7];15:[3,4,5,6,7];4:[0,1];7:[5,6];5:[0,1,7];14:[0,1,6,7];23:[5,6,7];1:[2,3,4,5,6,7];26:[0,1,2,3];10:[1,2]","c19:bw=14,experts=[6]; c6:bw=19,experts=[0]; c3:bw=35,experts=[5,6,7]; c13:bw=13,experts=[0]; c25:bw=57,experts=[0,1,2,3,7]; c8:bw=56,experts=[2,3,4,5,6]; c20:bw=68,experts=[0,1,2,3,4,7]; c29:bw=55,experts=[0,1,2,3,7]; c9:bw=28,experts=[4,5]; c2:bw=37,experts=[5,6,7]; c28:bw=19,experts=[4]; c27:bw=34,experts=[0,6,7]; c0:bw=52,experts=[0,4,5,6,7]; c16:bw=23,experts=[0,1]; c18:bw=10,experts=[1]; c11:bw=34,experts=[5,6,7]; c12:bw=47,experts=[1,2,3,4]; c21:bw=29,experts=[5,6]; c22:bw=43,experts=[4,5,6,7]; c24:bw=36,experts=[2,3,4]; c17:bw=55,experts=[0,1,2,6,7]; c15:bw=50,experts=[3,4,5,6,7]; c4:bw=26,experts=[0,1]; c7:bw=28,experts=[5,6]; c5:bw=32,experts=[0,1,7]; c14:bw=40,experts=[0,1,6,7]; c23:bw=36,experts=[5,6,7]; c1:bw=65,experts=[2,3,4,5,6,7]; c26:bw=43,experts=[0,1,2,3]; c10:bw=26,experts=[1,2]","1.4713,1.1195,1.5633,1.6324,2.0744,1.1484,2.0700,3.2341,1.3489,1.2405,1.5661,1.8766,1.0638,1.8714,1.7071,2.2344,1.7910,0.9886,1.6127,1.1995,1.9721,1.1312,2.0711,1.2926,3.3868,1.3117,1.3261,1.0465,1.0042,2.5136"
60,2026-09-23 21:14:02,Ours,0.01,2.284060385711987,40.28,40.5,58,51.5933,0:51.59,49.9496,0.4778,1.1628,3091.1667,51:31.17,30,"14,25,11,26,28,1,13,17,24,16,2,29,19,20,21,4,6,5,3,9,22,10,12,8,27,0,7,15,18,23",14:42;25:45;11:40;26:41;28:35;1:54;13:59;17:39;24:26;16:63;2:30;29:30;19:60;20:78;21:37;4:30;6:59;5:33;3:44;9:10;22:45;10:10;12:16;8:24;27:27;0:53;7:48;15:51;18:26;23:55,"14:[2,3,4,5];25:[4,5,6,7];11:[0,1,2,3];26:[4,5,6,7];28:[5,6,7];1:[0,1,2,3,4];13:[1,2,3,4,5];17:[3,4,5];24:[5,6];16:[2,3,4,5,6,7];2:[0,1,2];29:[4,5,6];19:[0,1,2,3,4,7];20:[0,1,2,3,5,6,7];21:[0,1,7];4:[2,3,4];6:[1,2,3,4,5];5:[2,3,4];3:[0,1,2,3];9:[6];22:[0,1,2,3];10:[3];12:[5];8:[0,7];27:[1,2];0:[1,2,3,4,5];7:[0,1,2,7];15:[0,1,2,3,4];18:[2,3];23:[0,1,2,3,4]","c14:bw=42,experts=[2,3,4,5]; c25:bw=45,experts=[4,5,6,7]; c11:bw=40,experts=[0,1,2,3]; c26:bw=41,experts=[4,5,6,7]; c28:bw=35,experts=[5,6,7]; c1:bw=54,experts=[0,1,2,3,4]; c13:bw=59,experts=[1,2,3,4,5]; c17:bw=39,experts=[3,4,5]; c24:bw=26,experts=[5,6]; c16:bw=63,experts=[2,3,4,5,6,7]; c2:bw=30,experts=[0,1,2]; c29:bw=30,experts=[4,5,6]; c19:bw=60,experts=[0,1,2,3,4,7]; c20:bw=78,experts=[0,1,2,3,5,6,7]; c21:bw=37,experts=[0,1,7]; c4:bw=30,experts=[2,3,4]; c6:bw=59,experts=[1,2,3,4,5]; c5:bw=33,experts=[2,3,4]; c3:bw=44,experts=[0,1,2,3]; c9:bw=10,experts=[6]; c22:bw=45,experts=[0,1,2,3]; c10:bw=10,experts=[3]; c12:bw=16,experts=[5]; c8:bw=24,experts=[0,7]; c27:bw=27,experts=[1,2]; c0:bw=53,experts=[1,2,3,4,5]; c7:bw=48,experts=[0,1,2,7]; c15:bw=51,experts=[0,1,2,3,4]; c18:bw=26,experts=[2,3]; c23:bw=55,experts=[0,1,2,3,4]","1.3262,2.0990,2.2545,1.0246,1.5968,1.0551,1.6333,1.9946,1.2199,1.8043,1.2461,3.2608,1.4610,2.0608,1.0029,2.0691,1.1033,3.3834,1.5297,1.3598,1.5917,2.5218,1.8148,1.1242,1.8748,1.0625,1.3025,1.1288,1.7318,1.3113"
61,2026-09-23 21:14:54,Ours,0.01,2.2691388764512013,41.04,41.04,61,51.6339,0:51.63,50.0072,0.4733,1.1503,3142.8319,52:22.83,30,"0,14,29,20,18,3,21,10,4,19,22,9,27,24,17,5,15,2,25,26,7,23,8,16,13,12,1,6,11,28",0:60;14:38;29:13;20:58;18:50;3:43;21:59;10:11;4:38;19:52;22:12;9:38;27:50;24:39;17:46;5:49;15:16;2:29;25:59;26:17;7:43;23:28;8:55;16:38;13:34;12:27;1:33;6:37;11:39;28:19,"0:[0,1,2,3,6,7];14:[0,6,7];29:[7];20:[0,4,5,6,7];18:[0,4,5,6,7];3:[4,5,6,7];21:[2,3,4,5,6];10:[4];4:[5,6,7];19:[0,1,5,6,7];22:[4];9:[0,1,7];27:[3,4,5,6,7];24:[0,1,7];17:[0,1,6,7];5:[0,5,6,7];15:[5];2:[3,4];25:[0,1,2,3,4];26:[0];7:[3,4,5,6];23:[5,6];8:[1,2,3,4,5];16:[0,1,2];13:[0,6,7];12:[6,7];1:[5,6,7];6:[0,6,7];11:[4,5,6];28:[0]","c0:bw=60,experts=[0,1,2,3,6,7]; c14:bw=38,experts=[0,6,7]; c29:bw=13,experts=[7]; c20:bw=58,experts=[0,4,5,6,7]; c18:bw=50,experts=[0,4,5,6,7]; c3:bw=43,experts=[4,5,6,7]; c21:bw=59,experts=[2,3,4,5,6]; c10:bw=11,experts=[4]; c4:bw=38,experts=[5,6,7]; c19:bw=52,experts=[0,1,5,6,7]; c22:bw=12,experts=[4]; c9:bw=38,experts=[0,1,7]; c27:bw=50,experts=[3,4,5,6,7]; c24:bw=39,experts=[0,1,7]; c17:bw=46,experts=[0,1,6,7]; c5:bw=49,experts=[0,5,6,7]; c15:bw=16,experts=[5]; c2:bw=29,experts=[3,4]; c25:bw=59,experts=[0,1,2,3,4]; c26:bw=17,experts=[0]; c7:bw=43,experts=[3,4,5,6]; c23:bw=28,experts=[5,6]; c8:bw=55,experts=[1,2,3,4,5]; c16:bw=38,experts=[0,1,2]; c13:bw=34,experts=[0,6,7]; c12:bw=27,experts=[6,7]; c1:bw=33,experts=[5,6,7]; c6:bw=37,experts=[0,6,7]; c11:bw=39,experts=[4,5,6]; c28:bw=19,experts=[0]","1.1169,1.3367,3.2649,2.0947,1.7455,1.5476,1.0087,2.5355,2.0921,1.4469,1.6214,1.3379,1.8745,1.2086,1.9881,3.4125,1.1266,1.2452,2.0614,1.0072,1.2996,1.3142,1.1282,1.7843,1.6166,1.8063,1.0422,1.1080,2.2499,1.5850"
62,2026-09-23 21:15:46,Ours,0.01,2.2846049339376524,38.77,41.04,61,51.6322,0:51.63,49.9753,0.4913,1.1625,3194.4956,53:14.50,30,"24,12,4,1,8,18,7,19,5,22,6,25,15,2,10,3,27,14,13,20,17,23,0,29,9,28,21,11,16,26",24:37;12:11;4:60;1:75;8:13;18:26;7:44;19:42;5:67;22:13;6:62;25:65;15:46;2:42;10:21;3:53;27:36;14:14;13:30;20:31;17:19;23:44;0:28;29:52;9:16;28:46;21:33;11:36;16:26;26:49,"24:[2,3,4];12:[0];4:[0,1,2,3,4,5];1:[0,1,2,3,4,5,6];8:[6];18:[1,2];7:[0,1,2,7];19:[2,3,4,5];5:[1,2,3,4,5,6];22:[5];6:[1,2,3,4,5,6];25:[0,1,2,5,6,7];15:[0,1,6,7];2:[0,5,6,7];10:[5,6];3:[0,1,2,3,4];27:[0,1,2];14:[1];13:[1,2,3];20:[1,2,3];17:[2];23:[0,1,2,7];0:[4,5];29:[0,1,2,3,4];9:[2];28:[1,2,3,4];21:[0,1,7];11:[0,1,7];16:[3,4];26:[1,2,3,4]","c24:bw=37,experts=[2,3,4]; c12:bw=11,experts=[0]; c4:bw=60,experts=[0,1,2,3,4,5]; c1:bw=75,experts=[0,1,2,3,4,5,6]; c8:bw=13,experts=[6]; c18:bw=26,experts=[1,2]; c7:bw=44,experts=[0,1,2,7]; c19:bw=42,experts=[2,3,4,5]; c5:bw=67,experts=[1,2,3,4,5,6]; c22:bw=13,experts=[5]; c6:bw=62,experts=[1,2,3,4,5,6]; c25:bw=65,experts=[0,1,2,5,6,7]; c15:bw=46,experts=[0,1,6,7]; c2:bw=42,experts=[0,5,6,7]; c10:bw=21,experts=[5,6]; c3:bw=53,experts=[0,1,2,3,4]; c27:bw=36,experts=[0,1,2]; c14:bw=14,experts=[1]; c13:bw=30,experts=[1,2,3]; c20:bw=31,experts=[1,2,3]; c17:bw=19,experts=[2]; c23:bw=44,experts=[0,1,2,7]; c0:bw=28,experts=[4,5]; c29:bw=52,experts=[0,1,2,3,4]; c9:bw=16,experts=[2]; c28:bw=46,experts=[1,2,3,4]; c21:bw=33,experts=[0,1,7]; c11:bw=36,experts=[0,1,7]; c16:bw=26,experts=[3,4]; c26:bw=49,experts=[1,2,3,4]","1.2161,1.8100,2.0892,1.0687,1.1556,1.7286,1.2923,1.5743,3.4017,1.6211,1.1172,2.0498,1.1427,1.2356,2.5287,1.5354,1.8402,1.3184,1.6029,2.0731,1.9517,1.3141,1.0627,3.2618,1.3555,1.5559,1.0052,2.2555,1.8055,1.0056"
63,2026-09-23 21:16:37,Ours,0.01,2.214823258581596,40.76,41.04,61,51.483,0:51.48,49.8443,0.4743,1.161,3246.01,54:06.01,30,"9,23,17,18,15,11,22,21,4,7,0,24,25,19,5,26,28,20,27,10,14,6,8,12,2,16,3,29,13,1",9:21;23:26;17:37;18:47;15:61;11:45;22:80;21:31;4:52;7:68;0:41;24:33;25:61;19:34;5:10;26:44;28:38;20:51;27:34;10:27;14:41;6:34;8:32;12:51;2:28;16:58;3:52;29:10;13:58;1:50,"9:[3,4];23:[3,4];17:[3,4,5];18:[3,4,5,6];15:[2,3,4,5,6,7];11:[2,3,4,5];22:[0,1,2,3,4,5,6,7];21:[2,3,4];4:[0,1,2,6,7];7:[0,3,4,5,6,7];0:[0,1,6,7];24:[5,6,7];25:[0,3,4,5,6,7];19:[0,6,7];5:[7];26:[0,5,6,7];28:[5,6,7];20:[0,4,5,6,7];27:[3,4,5];10:[0,7];14:[2,3,4,5];6:[0,1,7];8:[0,1,7];12:[1,2,3,4,5];2:[1,2];16:[0,1,5,6,7];3:[0,1,5,6,7];29:[5];13:[0,4,5,6,7];1:[0,1,2,3,7]","c9:bw=21,experts=[3,4]; c23:bw=26,experts=[3,4]; c17:bw=37,experts=[3,4,5]; c18:bw=47,experts=[3,4,5,6]; c15:bw=61,experts=[2,3,4,5,6,7]; c11:bw=45,experts=[2,3,4,5]; c22:bw=80,experts=[0,1,2,3,4,5,6,7]; c21:bw=31,experts=[2,3,4]; c4:bw=52,experts=[0,1,2,6,7]; c7:bw=68,experts=[0,3,4,5,6,7]; c0:bw=41,experts=[0,1,6,7]; c24:bw=33,experts=[5,6,7]; c25:bw=61,experts=[0,3,4,5,6,7]; c19:bw=34,experts=[0,6,7]; c5:bw=10,experts=[7]; c26:bw=44,experts=[0,5,6,7]; c28:bw=38,experts=[5,6,7]; c20:bw=51,experts=[0,4,5,6,7]; c27:bw=34,experts=[3,4,5]; c10:bw=27,experts=[0,7]; c14:bw=41,experts=[2,3,4,5]; c6:bw=34,experts=[0,1,7]; c8:bw=32,experts=[0,1,7]; c12:bw=51,experts=[1,2,3,4,5]; c2:bw=28,experts=[1,2]; c16:bw=58,experts=[0,1,5,6,7]; c3:bw=52,experts=[0,1,5,6,7]; c29:bw=10,experts=[5]; c13:bw=58,experts=[0,4,5,6,7]; c1:bw=50,experts=[0,1,2,3,7]","1.3599,1.3329,1.9988,1.7332,1.1422,2.2541,1.6341,1.0072,2.0954,1.2988,1.0656,1.2035,2.0773,1.4495,3.3804,1.0247,1.5580,2.0729,1.8682,2.5157,1.3111,1.1028,1.1322,1.7858,1.2356,1.7813,1.5411,3.2268,1.6122,1.0429"
64,2026-09-23 21:17:29,Ours,0.01,2.2625791821651386,38.56,41.04,61,51.4994,0:51.50,49.8837,0.475,1.1376,3297.5396,54:57.54,30,"9,18,12,3,22,24,21,6,13,29,27,8,20,7,10,15,19,23,17,11,16,28,1,14,5,25,0,26,2,4",9:59;18:37;12:27;3:38;22:58;24:12;21:47;6:50;13:42;29:19;27:25;8:53;20:39;7:34;10:49;15:59;19:10;23:55;17:10;11:57;16:16;28:15;1:28;14:46;5:24;25:66;0:32;26:26;2:56;4:38,"9:[0,1,5,6,7];18:[0,1,7];12:[6,7];3:[2,3,4];22:[0,1,2,6,7];24:[0];21:[0,5,6,7];6:[2,3,4,5,6];13:[1,2,3,4];29:[6];27:[6,7];8:[2,3,4,5,6];20:[1,2,3];7:[1,2,3];10:[1,2,3,4];15:[0,1,2,3,4];19:[1];23:[0,1,5,6,7];17:[6];11:[0,1,2,6,7];16:[2];28:[0];1:[4,5];14:[0,1,6,7];5:[0,1];25:[1,2,3,4,5,6];0:[2,3,4];26:[1,2];2:[3,4,5,6,7];4:[3,4,5]","c9:bw=59,experts=[0,1,5,6,7]; c18:bw=37,experts=[0,1,7]; c12:bw=27,experts=[6,7]; c3:bw=38,experts=[2,3,4]; c22:bw=58,experts=[0,1,2,6,7]; c24:bw=12,experts=[0]; c21:bw=47,experts=[0,5,6,7]; c6:bw=50,experts=[2,3,4,5,6]; c13:bw=42,experts=[1,2,3,4]; c29:bw=19,experts=[6]; c27:bw=25,experts=[6,7]; c8:bw=53,experts=[2,3,4,5,6]; c20:bw=39,experts=[1,2,3]; c7:bw=34,experts=[1,2,3]; c10:bw=49,experts=[1,2,3,4]; c15:bw=59,experts=[0,1,2,3,4]; c19:bw=10,experts=[1]; c23:bw=55,experts=[0,1,5,6,7]; c17:bw=10,experts=[6]; c11:bw=57,experts=[0,1,2,6,7]; c16:bw=16,experts=[2]; c28:bw=15,experts=[0]; c1:bw=28,experts=[4,5]; c14:bw=46,experts=[0,1,6,7]; c5:bw=24,experts=[0,1]; c25:bw=66,experts=[1,2,3,4,5,6]; c0:bw=32,experts=[2,3,4]; c26:bw=26,experts=[1,2]; c2:bw=56,experts=[3,4,5,6,7]; c4:bw=38,experts=[3,4,5]","1.3703,1.7221,1.8216,1.5550,1.6213,1.2145,1.0117,1.1108,1.6175,3.2740,1.8558,1.1471,2.0661,1.3076,2.4979,1.1326,1.4330,1.2941,1.9557,2.2673,1.7876,1.5654,1.0416,1.3274,3.4363,2.0713,1.0564,1.0140,1.2187,2.0891"
65,2026-09-23 21:18:20,Ours,0.01,2.251296186751611,40.32,41.04,61,51.0965,0:51.10,49.4516,0.479,1.1628,3348.6686,55:48.67,30,"26,7,10,18,0,27,24,1,9,4,12,21,17,15,5,8,3,29,16,6,22,14,13,19,2,25,23,20,11,28",26:29;7:10;10:26;18:18;0:41;27:30;24:55;1:58;9:47;4:57;12:44;21:42;17:26;15:38;5:29;8:66;3:42;29:10;16:45;6:50;22:51;14:45;13:48;19:28;2:28;25:64;23:10;20:35;11:10;28:31,"26:[3,4];7:[4];10:[5,6];18:[2];0:[0,5,6,7];27:[0,1,2];24:[1,2,3,4,5];1:[0,1,2,6,7];9:[2,3,4,5];4:[0,1,2,6,7];12:[0,1,2,3];21:[1,2,3,4];17:[0,7];15:[5,6,7];5:[2,3];8:[0,1,2,3,4,7];3:[0,5,6,7];29:[7];16:[3,4,5,6];6:[0,1,2,3,7];22:[3,4,5,6,7];14:[2,3,4,5];13:[0,5,6,7];19:[2,3];2:[0,1];25:[0,1,2,3,4,7];23:[2];20:[4,5,6];11:[3];28:[1,2,3]","c26:bw=29,experts=[3,4]; c7:bw=10,experts=[4]; c10:bw=26,experts=[5,6]; c18:bw=18,experts=[2]; c0:bw=41,experts=[0,5,6,7]; c27:bw=30,experts=[0,1,2]; c24:bw=55,experts=[1,2,3,4,5]; c1:bw=58,experts=[0,1,2,6,7]; c9:bw=47,experts=[2,3,4,5]; c4:bw=57,experts=[0,1,2,6,7]; c12:bw=44,experts=[0,1,2,3]; c21:bw=42,experts=[1,2,3,4]; c17:bw=26,experts=[0,7]; c15:bw=38,experts=[5,6,7]; c5:bw=29,experts=[2,3]; c8:bw=66,experts=[0,1,2,3,4,7]; c3:bw=42,experts=[0,5,6,7]; c29:bw=10,experts=[7]; c16:bw=45,experts=[3,4,5,6]; c6:bw=50,experts=[0,1,2,3,7]; c22:bw=51,experts=[3,4,5,6,7]; c14:bw=45,experts=[2,3,4,5]; c13:bw=48,experts=[0,5,6,7]; c19:bw=28,experts=[2,3]; c2:bw=28,experts=[0,1]; c25:bw=64,experts=[0,1,2,3,4,7]; c23:bw=10,experts=[2]; c20:bw=35,experts=[4,5,6]; c11:bw=10,experts=[3]; c28:bw=31,experts=[1,2,3]","1.0269,1.3068,2.5441,1.7188,1.0686,1.8580,1.2005,1.0449,1.3494,2.0641,1.7783,0.9838,1.9552,1.1207,3.3254,1.1339,1.5217,3.1872,1.8004,1.0947,1.6032,1.3085,1.6100,1.4277,1.2291,2.0486,1.3051,2.0637,2.2143,1.5580"
66,2026-09-23 21:19:11,Ours,0.01,2.2281611358617317,42.26,42.26,66,51.3807,0:51.38,49.7276,0.4766,1.1734,3400.0796,56:40.08,30,"15,2,4,6,9,18,1,26,19,22,3,23,21,27,28,11,16,20,24,7,8,25,0,12,10,5,14,13,17,29",15:50;2:41;4:41;6:30;9:31;18:24;1:54;26:54;19:56;22:69;3:66;23:14;21:41;27:42;28:68;11:10;16:59;20:52;24:30;7:50;8:24;25:30;0:38;12:42;10:46;5:17;14:23;13:32;17:35;29:31,"15:[0,1,2,3,4];2:[2,3,4,5];4:[3,4,5,6];6:[4,5,6];9:[0,6,7];18:[3,4];1:[3,4,5,6,7];26:[0,1,5,6,7];19:[0,4,5,6,7];22:[0,1,2,3,4,5];3:[1,2,3,4,5,6];23:[3];21:[0,5,6,7];27:[3,4,5,6];28:[0,1,4,5,6,7];11:[4];16:[0,1,2,3,7];20:[0,1,2,3,7];24:[0,6,7];7:[0,1,5,6,7];8:[5,6];25:[5,6,7];0:[1,2,3];12:[4,5,6,7];10:[0,1,2,7];5:[4];14:[6,7];13:[1,2,3];17:[1,2,3];29:[0,1,2]","c15:bw=50,experts=[0,1,2,3,4]; c2:bw=41,experts=[2,3,4,5]; c4:bw=41,experts=[3,4,5,6]; c6:bw=30,experts=[4,5,6]; c9:bw=31,experts=[0,6,7]; c18:bw=24,experts=[3,4]; c1:bw=54,experts=[3,4,5,6,7]; c26:bw=54,experts=[0,1,5,6,7]; c19:bw=56,experts=[0,4,5,6,7]; c22:bw=69,experts=[0,1,2,3,4,5]; c3:bw=66,experts=[1,2,3,4,5,6]; c23:bw=14,experts=[3]; c21:bw=41,experts=[0,5,6,7]; c27:bw=42,experts=[3,4,5,6]; c28:bw=68,experts=[0,1,4,5,6,7]; c11:bw=10,experts=[4]; c16:bw=59,experts=[0,1,2,3,7]; c20:bw=52,experts=[0,1,2,3,7]; c24:bw=30,experts=[0,6,7]; c7:bw=50,experts=[0,1,5,6,7]; c8:bw=24,experts=[5,6]; c25:bw=30,experts=[5,6,7]; c0:bw=38,experts=[1,2,3]; c12:bw=42,experts=[4,5,6,7]; c10:bw=46,experts=[0,1,2,7]; c5:bw=17,experts=[4]; c14:bw=23,experts=[6,7]; c13:bw=32,experts=[1,2,3]; c17:bw=35,experts=[1,2,3]; c29:bw=31,experts=[0,1,2]","1.1316,1.2431,2.0841,1.1151,1.3547,1.7319,1.0551,1.0216,1.4616,1.6013,1.5531,1.3010,1.0060,1.8554,1.5706,2.2364,1.7892,2.0604,1.1898,1.2979,1.1374,2.0548,1.0616,1.8165,2.5144,3.3844,1.3071,1.6103,1.9759,3.2053"
67,2026-09-23 21:20:03,Ours,0.01,2.1947039775352346,42.25,42.26,66,51.4404,0:51.44,49.7889,0.4919,1.1565,3451.553,57:31.55,30,"4,15,3,16,18,25,29,26,24,2,10,7,27,11,20,9,22,14,17,13,23,5,1,6,21,19,28,0,12,8",4:51;15:49;3:25;16:53;18:31;25:51;29:25;26:31;24:44;2:43;10:36;7:59;27:59;11:43;20:27;9:60;22:47;14:18;17:48;13:39;23:53;5:48;1:36;6:53;21:53;19:14;28:10;0:32;12:44;8:10,"4:[0,1,2,3,7];15:[0,5,6,7];3:[0,7];16:[0,4,5,6,7];18:[5,6,7];25:[0,1,2,3,4];29:[3,4];26:[2,3,4];24:[1,2,3,4];2:[0,1,6,7];10:[3,4,5];7:[2,3,4,5,6];27:[0,1,2,3,7];11:[0,5,6,7];20:[4,5];9:[1,2,3,4,5,6];22:[0,1,6,7];14:[0];17:[4,5,6,7];13:[4,5,6];23:[0,4,5,6,7];5:[0,5,6,7];1:[0,1,2];6:[0,1,2,3,7];21:[1,2,3,4,5];19:[1];28:[2];0:[4,5,6];12:[0,1,2,3];8:[7]","c4:bw=51,experts=[0,1,2,3,7]; c15:bw=49,experts=[0,5,6,7]; c3:bw=25,experts=[0,7]; c16:bw=53,experts=[0,4,5,6,7]; c18:bw=31,experts=[5,6,7]; c25:bw=51,experts=[0,1,2,3,4]; c29:bw=25,experts=[3,4]; c26:bw=31,experts=[2,3,4]; c24:bw=44,experts=[1,2,3,4]; c2:bw=43,experts=[0,1,6,7]; c10:bw=36,experts=[3,4,5]; c7:bw=59,experts=[2,3,4,5,6]; c27:bw=59,experts=[0,1,2,3,7]; c11:bw=43,experts=[0,5,6,7]; c20:bw=27,experts=[4,5]; c9:bw=60,experts=[1,2,3,4,5,6]; c22:bw=47,experts=[0,1,6,7]; c14:bw=18,experts=[0]; c17:bw=48,experts=[4,5,6,7]; c13:bw=39,experts=[4,5,6]; c23:bw=53,experts=[0,4,5,6,7]; c5:bw=48,experts=[0,5,6,7]; c1:bw=36,experts=[0,1,2]; c6:bw=53,experts=[0,1,2,3,7]; c21:bw=53,experts=[1,2,3,4,5]; c19:bw=14,experts=[1]; c28:bw=10,experts=[2]; c0:bw=32,experts=[4,5,6]; c12:bw=44,experts=[0,1,2,3]; c8:bw=10,experts=[7]","2.0820,1.1381,1.5474,1.8089,1.7115,2.0614,3.2582,1.0253,1.2190,1.2328,2.5208,1.3025,1.8460,2.2377,2.0549,1.3467,1.6198,1.3180,1.9801,1.6146,1.3242,3.3875,1.0394,1.1111,0.9965,1.4366,1.5735,1.0704,1.7932,1.1306"
68,2026-09-23 21:20:54,Ours,0.01,2.2004930463622054,43.46,43.46,68,51.4412,0:51.44,49.8288,0.4729,1.1364,3503.0256,58:23.03,30,"27,22,0,7,4,21,16,12,17,23,18,25,11,20,1,24,13,9,8,2,5,3,15,28,10,6,26,14,19,29",27:48;22:15;0:30;7:28;4:49;21:29;16:54;12:67;17:72;23:46;18:54;25:47;11:14;20:38;1:42;24:32;13:35;9:15;8:31;2:58;5:45;3:26;15:28;28:40;10:31;6:32;26:40;14:10;19:28;29:57,"27:[4,5,6,7];22:[2];0:[0,1,7];7:[0,7];4:[4,5,6,7];21:[6,7];16:[1,2,3,4,5];12:[0,1,4,5,6,7];17:[0,1,2,3,4,5,6];23:[1,2,3,4];18:[0,1,2,3,4];25:[0,5,6,7];11:[1];20:[0,6,7];1:[3,4,5,6];24:[5,6,7];13:[0,1,7];9:[7];8:[0,1,2];2:[2,3,4,5,6];5:[1,2,3,4];3:[1,2];15:[1,2];28:[3,4,5,6];10:[0,6,7];6:[4,5,6];26:[0,5,6,7];14:[1];19:[2,3];29:[0,1,5,6,7]","c27:bw=48,experts=[4,5,6,7]; c22:bw=15,experts=[2]; c0:bw=30,experts=[0,1,7]; c7:bw=28,experts=[0,7]; c4:bw=49,experts=[4,5,6,7]; c21:bw=29,experts=[6,7]; c16:bw=54,experts=[1,2,3,4,5]; c12:bw=67,experts=[0,1,4,5,6,7]; c17:bw=72,experts=[0,1,2,3,4,5,6]; c23:bw=46,experts=[1,2,3,4]; c18:bw=54,experts=[0,1,2,3,4]; c25:bw=47,experts=[0,5,6,7]; c11:bw=14,experts=[1]; c20:bw=38,experts=[0,6,7]; c1:bw=42,experts=[3,4,5,6]; c24:bw=32,experts=[5,6,7]; c13:bw=35,experts=[0,1,7]; c9:bw=15,experts=[7]; c8:bw=31,experts=[0,1,2]; c2:bw=58,experts=[2,3,4,5,6]; c5:bw=45,experts=[1,2,3,4]; c3:bw=26,experts=[1,2]; c15:bw=28,experts=[1,2]; c28:bw=40,experts=[3,4,5,6]; c10:bw=31,experts=[0,6,7]; c6:bw=32,experts=[4,5,6]; c26:bw=40,experts=[0,5,6,7]; c14:bw=10,experts=[1]; c19:bw=28,experts=[2,3]; c29:bw=57,experts=[0,1,5,6,7]","1.8749,1.6013,1.0824,1.2983,2.0957,1.0119,1.8209,1.8104,1.9903,1.3143,1.7156,2.0517,2.2977,2.0711,1.0420,1.2090,1.6157,1.3448,1.1310,1.2467,3.3765,1.5303,1.1258,1.5606,2.5068,1.1004,1.0241,1.3009,1.4510,3.2265"
69,2026-09-23 21:21:46,Ours,0.01,2.1696600188194215,43.56,43.56,69,51.4572,0:51.46,49.8275,0.4765,1.1502,3554.5169,59:14.52,30,"10,16,1,26,13,19,23,3,7,29,14,6,0,24,15,12,28,9,2,8,4,21,27,25,5,17,11,18,22,20",10:16;16:60;1:31;26:42;13:67;19:43;23:33;3:41;7:58;29:34;14:37;6:26;0:52;24:53;15:20;12:10;28:58;9:35;2:66;8:42;4:41;21:58;27:46;25:31;5:39;17:48;11:45;18:10;22:44;20:28,"10:[1];16:[0,1,2,3,6,7];1:[0,1,7];26:[1,2,3,4];13:[2,3,4,5,6,7];19:[4,5,6,7];23:[5,6,7];3:[3,4,5,6];7:[1,2,3,4,5];29:[2,3,4];14:[2,3,4];6:[0,7];0:[2,3,4,5,6];24:[0,1,2,3,4];15:[3,4];12:[2];28:[0,1,2,3,7];9:[0,1,2];2:[0,1,2,3,4,7];8:[3,4,5,6];4:[0,1,2,3];21:[0,1,2,3,4];27:[0,1,2,3];25:[1,2,3];5:[5,6,7];17:[0,1,2,7];11:[2,3,4,5];18:[5];22:[3,4,5,6];20:[1,2]","c10:bw=16,experts=[1]; c16:bw=60,experts=[0,1,2,3,6,7]; c1:bw=31,experts=[0,1,7]; c26:bw=42,experts=[1,2,3,4]; c13:bw=67,experts=[2,3,4,5,6,7]; c19:bw=43,experts=[4,5,6,7]; c23:bw=33,experts=[5,6,7]; c3:bw=41,experts=[3,4,5,6]; c7:bw=58,experts=[1,2,3,4,5]; c29:bw=34,experts=[2,3,4]; c14:bw=37,experts=[2,3,4]; c6:bw=26,experts=[0,7]; c0:bw=52,experts=[2,3,4,5,6]; c24:bw=53,experts=[0,1,2,3,4]; c15:bw=20,experts=[3,4]; c12:bw=10,experts=[2]; c28:bw=58,experts=[0,1,2,3,7]; c9:bw=35,experts=[0,1,2]; c2:bw=66,experts=[0,1,2,3,4,7]; c8:bw=42,experts=[3,4,5,6]; c4:bw=41,experts=[0,1,2,3]; c21:bw=58,experts=[0,1,2,3,4]; c27:bw=46,experts=[0,1,2,3]; c25:bw=31,experts=[1,2,3]; c5:bw=39,experts=[5,6,7]; c17:bw=48,experts=[0,1,2,7]; c11:bw=45,experts=[2,3,4,5]; c18:bw=10,experts=[5]; c22:bw=44,experts=[3,4,5,6]; c20:bw=28,experts=[1,2]","2.5561,1.8251,1.0477,1.0296,1.6382,1.4550,1.3360,1.5456,1.3028,3.2545,1.3114,1.1081,1.0701,1.2083,1.1202,1.7801,1.5561,1.3373,1.2384,1.1384,2.0617,0.9989,1.8542,2.0518,3.3831,1.9534,2.2402,1.7150,1.6654,2.0448"
70,2026-09-23 21:22:37,Ours,0.01,2.2094493387395673,43.38,43.56,69,51.4729,0:51.47,49.8295,0.4808,1.1596,3606.0216,1:00:06.02,30,"10,26,25,24,0,7,29,4,11,15,13,12,2,9,6,5,22,19,14,21,28,1,20,3,8,18,16,17,23,27",10:58;26:27;25:10;24:10;0:30;7:28;29:29;4:58;11:53;15:75;13:33;12:40;2:55;9:10;6:26;5:23;22:10;19:37;14:10;21:35;28:63;1:24;20:36;3:32;8:48;18:63;16:67;17:41;23:30;27:24,"10:[2,3,4,5,6];26:[5,6];25:[4];24:[5];0:[0,1,7];7:[6,7];29:[5,6];4:[0,4,5,6,7];11:[0,1,2,6,7];15:[0,1,2,3,5,6,7];13:[0,1,2];12:[3,4,5,6];2:[0,1,5,6,7];9:[3];6:[1,2];5:[0,1];22:[7];19:[0,1,2];14:[5];21:[5,6,7];28:[0,1,4,5,6,7];1:[2,3];20:[3,4,5];3:[0,1,7];8:[0,1,2,7];18:[0,1,2,3,6,7];16:[0,1,4,5,6,7];17:[3,4,5,6];23:[0,1,2];27:[4,5]","c10:bw=58,experts=[2,3,4,5,6]; c26:bw=27,experts=[5,6]; c25:bw=10,experts=[4]; c24:bw=10,experts=[5]; c0:bw=30,experts=[0,1,7]; c7:bw=28,experts=[6,7]; c29:bw=29,experts=[5,6]; c4:bw=58,experts=[0,4,5,6,7]; c11:bw=53,experts=[0,1,2,6,7]; c15:bw=75,experts=[0,1,2,3,5,6,7]; c13:bw=33,experts=[0,1,2]; c12:bw=40,experts=[3,4,5,6]; c2:bw=55,experts=[0,1,5,6,7]; c9:bw=10,experts=[3]; c6:bw=26,experts=[1,2]; c5:bw=23,experts=[0,1]; c22:bw=10,experts=[7]; c19:bw=37,experts=[0,1,2]; c14:bw=10,experts=[5]; c21:bw=35,experts=[5,6,7]; c28:bw=63,experts=[0,1,4,5,6,7]; c1:bw=24,experts=[2,3]; c20:bw=36,experts=[3,4,5]; c3:bw=32,experts=[0,1,7]; c8:bw=48,experts=[0,1,2,7]; c18:bw=63,experts=[0,1,2,3,6,7]; c16:bw=67,experts=[0,1,4,5,6,7]; c17:bw=41,experts=[3,4,5,6]; c23:bw=30,experts=[0,1,2]; c27:bw=24,experts=[4,5]","2.5584,1.1327,2.0784,1.2165,1.0600,1.2899,3.2441,2.0741,2.2407,1.1257,1.6234,1.8033,1.2292,1.3339,1.1051,3.3859,1.6009,1.4367,1.3166,0.9940,1.5674,1.0309,2.0461,1.5283,1.1279,1.7124,1.8007,1.9872,1.3155,1.8633"
71,2026-09-23 21:23:29,Ours,0.01,2.1456202997434892,44.02,44.02,71,51.4211,0:51.42,49.8025,0.4722,1.1432,3657.4757,1:00:57.48,30,"26,20,10,25,18,16,2,0,19,28,27,29,17,6,7,23,14,8,12,5,21,4,1,24,13,11,9,22,15,3",26:45;20:31;10:69;25:38;18:45;16:19;2:61;0:16;19:54;28:18;27:43;29:53;17:61;6:50;7:20;23:33;14:10;8:39;12:43;5:33;21:30;4:42;1:52;24:58;13:25;11:44;9:40;22:29;15:28;3:62,"26:[0,1,2,7];20:[0,6,7];10:[0,1,2,3,4,7];25:[5,6,7];18:[4,5,6,7];16:[2];2:[2,3,4,5,6,7];0:[2];19:[3,4,5,6,7];28:[2];27:[0,1,6,7];29:[0,1,2,3,7];17:[0,1,2,3,4,7];6:[3,4,5,6,7];7:[0,1];23:[3,4,5];14:[6];8:[3,4,5];12:[0,1,2,7];5:[2,3,4];21:[0,1,2];4:[1,2,3,4];1:[0,4,5,6,7];24:[0,1,2,6,7];13:[3,4];11:[3,4,5,6];9:[4,5,6,7];22:[0,1];15:[4,5];3:[2,3,4,5,6,7]","c26:bw=45,experts=[0,1,2,7]; c20:bw=31,experts=[0,6,7]; c10:bw=69,experts=[0,1,2,3,4,7]; c25:bw=38,experts=[5,6,7]; c18:bw=45,experts=[4,5,6,7]; c16:bw=19,experts=[2]; c2:bw=61,experts=[2,3,4,5,6,7]; c0:bw=16,experts=[2]; c19:bw=54,experts=[3,4,5,6,7]; c28:bw=18,experts=[2]; c27:bw=43,experts=[0,1,6,7]; c29:bw=53,experts=[0,1,2,3,7]; c17:bw=61,experts=[0,1,2,3,4,7]; c6:bw=50,experts=[3,4,5,6,7]; c7:bw=20,experts=[0,1]; c23:bw=33,experts=[3,4,5]; c14:bw=10,experts=[6]; c8:bw=39,experts=[3,4,5]; c12:bw=43,experts=[0,1,2,7]; c5:bw=33,experts=[2,3,4]; c21:bw=30,experts=[0,1,2]; c4:bw=42,experts=[1,2,3,4]; c1:bw=52,experts=[0,4,5,6,7]; c24:bw=58,experts=[0,1,2,6,7]; c13:bw=25,experts=[3,4]; c11:bw=44,experts=[3,4,5,6]; c9:bw=40,experts=[4,5,6,7]; c22:bw=29,experts=[0,1]; c15:bw=28,experts=[4,5]; c3:bw=62,experts=[2,3,4,5,6,7]","1.0211,2.0851,2.5532,2.0779,1.7561,1.7982,1.2480,1.0682,1.4687,1.5760,1.8712,3.2276,1.9706,1.1112,1.2783,1.3136,1.3145,1.1330,1.7634,3.3876,0.9956,2.0632,1.0467,1.2033,1.6151,2.2365,1.3444,1.6038,1.1267,1.5436"
72,2026-09-23 21:24:20,Ours,0.01,2.174083542440234,44.17,44.17,72,51.3491,0:51.35,49.743,0.4772,1.1258,3708.8579,1:01:48.86,30,"5,6,1,17,20,21,18,26,24,28,27,8,25,16,22,19,15,13,2,9,10,14,12,3,23,11,7,0,29,4",5:43;6:19;1:39;17:18;20:41;21:62;18:29;26:44;24:18;28:23;27:46;8:30;25:29;16:46;22:75;19:32;15:41;13:54;2:23;9:38;10:28;14:43;12:28;3:23;23:41;11:10;7:48;0:52;29:59;4:39,"5:[0,5,6,7];6:[0];1:[1,2,3];17:[5];20:[1,2,3,4];21:[0,3,4,5,6,7];18:[0,1];26:[3,4,5,6];24:[3];28:[3,4];27:[2,3,4,5];8:[0,6,7];25:[0,1];16:[3,4,5,6];22:[0,2,3,4,5,6,7];19:[0,1,2];15:[0,1,6,7];13:[0,1,5,6,7];2:[0,1];9:[0,1,2];10:[5,6];14:[0,1,2,7];12:[3,4];3:[0,1];23:[0,1,6,7];11:[7];7:[2,3,4,5];0:[3,4,5,6,7];29:[0,4,5,6,7];4:[5,6,7]","c5:bw=43,experts=[0,5,6,7]; c6:bw=19,experts=[0]; c1:bw=39,experts=[1,2,3]; c17:bw=18,experts=[5]; c20:bw=41,experts=[1,2,3,4]; c21:bw=62,experts=[0,3,4,5,6,7]; c18:bw=29,experts=[0,1]; c26:bw=44,experts=[3,4,5,6]; c24:bw=18,experts=[3]; c28:bw=23,experts=[3,4]; c27:bw=46,experts=[2,3,4,5]; c8:bw=30,experts=[0,6,7]; c25:bw=29,experts=[0,1]; c16:bw=46,experts=[3,4,5,6]; c22:bw=75,experts=[0,2,3,4,5,6,7]; c19:bw=32,experts=[0,1,2]; c15:bw=41,experts=[0,1,6,7]; c13:bw=54,experts=[0,1,5,6,7]; c2:bw=23,experts=[0,1]; c9:bw=38,experts=[0,1,2]; c10:bw=28,experts=[5,6]; c14:bw=43,experts=[0,1,2,7]; c12:bw=28,experts=[3,4]; c3:bw=23,experts=[0,1]; c23:bw=41,experts=[0,1,6,7]; c11:bw=10,experts=[7]; c7:bw=48,experts=[2,3,4,5]; c0:bw=52,experts=[3,4,5,6,7]; c29:bw=59,experts=[0,4,5,6,7]; c4:bw=39,experts=[5,6,7]","3.4173,1.1131,1.0445,1.9799,2.0901,0.9939,1.7244,1.0191,1.2006,1.5749,1.8535,1.1350,2.1160,1.7843,1.5958,1.4301,1.1207,1.6022,1.2242,1.3519,2.5100,1.3500,1.7873,1.5253,1.3192,2.2296,1.2923,1.0594,3.2365,2.0620"
73,2026-09-23 21:25:11,Ours,0.01,2.156294415942926,43.6,44.17,72,51.3153,0:51.32,49.6764,0.4766,1.159,3760.2074,1:02:40.21,30,"20,6,7,2,0,9,17,13,22,8,15,1,3,12,29,19,5,18,25,23,21,16,28,11,26,14,4,10,24,27",20:62;6:20;7:37;2:47;0:28;9:52;17:17;13:50;22:24;8:11;15:47;1:66;3:40;12:37;29:13;19:10;5:17;18:34;25:24;23:33;21:29;16:61;28:33;11:46;26:10;14:16;4:41;10:42;24:66;27:48,"20:[0,1,2,5,6,7];6:[1,2];7:[0,6,7];2:[2,3,4,5];0:[0,1];9:[3,4,5,6,7];17:[6];13:[2,3,4,5,6];22:[1,2];8:[1];15:[2,3,4,5];1:[0,1,4,5,6,7];3:[2,3,4,5];12:[5,6,7];29:[1];19:[3];5:[1];18:[2,3,4];25:[2,3];23:[2,3,4];21:[1,2];16:[0,1,2,3,4,7];28:[5,6,7];11:[0,1,2,3];26:[7];14:[3];4:[0,1,2,3];10:[0,1,2,7];24:[0,1,4,5,6,7];27:[0,1,6,7]","c20:bw=62,experts=[0,1,2,5,6,7]; c6:bw=20,experts=[1,2]; c7:bw=37,experts=[0,6,7]; c2:bw=47,experts=[2,3,4,5]; c0:bw=28,experts=[0,1]; c9:bw=52,experts=[3,4,5,6,7]; c17:bw=17,experts=[6]; c13:bw=50,experts=[2,3,4,5,6]; c22:bw=24,experts=[1,2]; c8:bw=11,experts=[1]; c15:bw=47,experts=[2,3,4,5]; c1:bw=66,experts=[0,1,4,5,6,7]; c3:bw=40,experts=[2,3,4,5]; c12:bw=37,experts=[5,6,7]; c29:bw=13,experts=[1]; c19:bw=10,experts=[3]; c5:bw=17,experts=[1]; c18:bw=34,experts=[2,3,4]; c25:bw=24,experts=[2,3]; c23:bw=33,experts=[2,3,4]; c21:bw=29,experts=[1,2]; c16:bw=61,experts=[0,1,2,3,4,7]; c28:bw=33,experts=[5,6,7]; c11:bw=46,experts=[0,1,2,3]; c26:bw=10,experts=[7]; c14:bw=16,experts=[3]; c4:bw=41,experts=[0,1,2,3]; c10:bw=42,experts=[0,1,2,7]; c24:bw=66,experts=[0,1,4,5,6,7]; c27:bw=48,experts=[0,1,6,7]","2.0748,1.1068,1.3022,1.2361,1.0706,1.3762,1.9943,1.6170,1.6007,1.1412,1.1398,1.0468,1.5244,1.7897,3.2030,1.4502,3.3671,1.7019,2.0472,1.3064,1.0014,1.7738,1.5755,2.2441,1.0176,1.3292,2.0494,2.5202,1.2053,1.8634"
74,2026-09-23 21:26:03,Ours,0.01,2.155245826880121,45.01,45.01,74,51.3702,0:51.37,49.7426,0.4779,1.1466,3811.611,1:03:31.61,30,"25,2,28,22,27,23,5,3,21,14,7,6,15,12,24,8,1,10,17,19,9,11,13,18,16,0,29,26,20,4",25:59;2:10;28:16;22:45;27:20;23:46;5:50;3:10;21:66;14:32;7:65;6:10;15:50;12:10;24:16;8:28;1:28;10:25;17:62;19:20;9:32;11:37;13:42;18:60;16:48;0:40;29:14;26:32;20:42;4:47,"25:[0,4,5,6,7];2:[6];28:[0];22:[3,4,5,6];27:[2,3];23:[0,5,6,7];5:[2,3,4,5,6];3:[6];21:[0,3,4,5,6,7];14:[4,5,6];7:[1,2,3,4,5,6];6:[3];15:[0,1,2,6,7];12:[0];24:[2];8:[2,3];1:[2,3];10:[3,4];17:[0,1,2,3,4,7];19:[4,5];9:[0,1,2];11:[4,5,6];13:[0,1,2,7];18:[0,1,2,5,6,7];16:[0,5,6,7];0:[2,3,4,5];29:[2];26:[0,1,2];20:[3,4,5,6];4:[4,5,6,7]","c25:bw=59,experts=[0,4,5,6,7]; c2:bw=10,experts=[6]; c28:bw=16,experts=[0]; c22:bw=45,experts=[3,4,5,6]; c27:bw=20,experts=[2,3]; c23:bw=46,experts=[0,5,6,7]; c5:bw=50,experts=[2,3,4,5,6]; c3:bw=10,experts=[6]; c21:bw=66,experts=[0,3,4,5,6,7]; c14:bw=32,experts=[4,5,6]; c7:bw=65,experts=[1,2,3,4,5,6]; c6:bw=10,experts=[3]; c15:bw=50,experts=[0,1,2,6,7]; c12:bw=10,experts=[0]; c24:bw=16,experts=[2]; c8:bw=28,experts=[2,3]; c1:bw=28,experts=[2,3]; c10:bw=25,experts=[3,4]; c17:bw=62,experts=[0,1,2,3,4,7]; c19:bw=20,experts=[4,5]; c9:bw=32,experts=[0,1,2]; c11:bw=37,experts=[4,5,6]; c13:bw=42,experts=[0,1,2,7]; c18:bw=60,experts=[0,1,2,5,6,7]; c16:bw=48,experts=[0,5,6,7]; c0:bw=40,experts=[2,3,4,5]; c29:bw=14,experts=[2]; c26:bw=32,experts=[0,1,2]; c20:bw=42,experts=[3,4,5,6]; c4:bw=47,experts=[4,5,6,7]","2.0774,1.2533,1.5706,1.6375,1.8586,1.3257,3.4379,1.5418,1.0028,1.3510,1.2954,1.1001,1.1266,1.7842,1.2061,1.1257,1.0325,2.5062,1.9683,1.4377,1.3431,2.2416,1.6128,1.7065,1.7772,1.0716,3.2185,1.0090,2.0658,2.0570"
75,2026-09-23 21:26:54,Ours,0.01,2.109029444816675,45.33,45.33,75,51.4161,0:51.42,49.7729,0.4832,1.1569,3863.0615,1:04:23.06,30,"25,23,21,2,3,8,18,11,16,12,26,13,10,9,15,6,24,1,19,14,4,5,29,28,0,20,17,7,22,27",25:17;23:35;21:50;2:40;3:20;8:53;18:68;11:42;16:46;12:40;26:10;13:46;10:23;9:61;15:20;6:56;24:73;1:54;19:19;14:60;4:56;5:31;29:29;28:55;0:60;20:44;17:43;7:28;22:10;27:36,"25:[1];23:[1,2,3];21:[1,2,3,4,5];2:[0,1,2,7];3:[0,7];8:[0,4,5,6,7];18:[0,3,4,5,6,7];11:[0,1,2,7];16:[1,2,3,4];12:[1,2,3,4];26:[3];13:[3,4,5,6];10:[5,6];9:[0,3,4,5,6,7];15:[3,4];6:[0,4,5,6,7];24:[0,1,3,4,5,6,7];1:[0,4,5,6,7];19:[6];14:[0,1,2,3,4,7];4:[0,1,2,3,4];5:[0,1,7];29:[3,4];28:[1,2,3,4,5];0:[0,1,2,3,6,7];20:[0,1,2,7];17:[0,5,6,7];7:[0,7];22:[7];27:[4,5,6]","c25:bw=17,experts=[1]; c23:bw=35,experts=[1,2,3]; c21:bw=50,experts=[1,2,3,4,5]; c2:bw=40,experts=[0,1,2,7]; c3:bw=20,experts=[0,7]; c8:bw=53,experts=[0,4,5,6,7]; c18:bw=68,experts=[0,3,4,5,6,7]; c11:bw=42,experts=[0,1,2,7]; c16:bw=46,experts=[1,2,3,4]; c12:bw=40,experts=[1,2,3,4]; c26:bw=10,experts=[3]; c13:bw=46,experts=[3,4,5,6]; c10:bw=23,experts=[5,6]; c9:bw=61,experts=[0,3,4,5,6,7]; c15:bw=20,experts=[3,4]; c6:bw=56,experts=[0,4,5,6,7]; c24:bw=73,experts=[0,1,3,4,5,6,7]; c1:bw=54,experts=[0,4,5,6,7]; c19:bw=19,experts=[6]; c14:bw=60,experts=[0,1,2,3,4,7]; c4:bw=56,experts=[0,1,2,3,4]; c5:bw=31,experts=[0,1,7]; c29:bw=29,experts=[3,4]; c28:bw=55,experts=[1,2,3,4,5]; c0:bw=60,experts=[0,1,2,3,6,7]; c20:bw=44,experts=[0,1,2,7]; c17:bw=43,experts=[0,5,6,7]; c7:bw=28,experts=[0,7]; c22:bw=10,experts=[7]; c27:bw=36,experts=[4,5,6]","2.0670,1.3287,1.0130,1.2398,1.5406,1.1453,1.7288,2.2467,1.7950,1.7802,1.0069,1.6032,2.5173,1.3432,1.1409,1.1047,1.1986,1.0480,1.4469,1.3238,2.0620,3.3867,3.2813,1.5727,1.0679,2.0548,1.9750,1.2863,1.6130,1.8545"
76,2026-09-23 21:27:46,Ours,0.01,2.1218002887951366,44.85,45.33,75,51.4561,0:51.46,49.851,0.469,1.133,3914.5521,1:05:14.55,30,"22,6,2,7,9,26,10,19,29,11,21,24,12,14,16,27,23,5,17,1,8,4,25,20,13,15,18,28,0,3",22:26;6:23;2:25;7:66;9:57;26:37;10:46;19:44;29:36;11:42;21:42;24:61;12:21;14:22;16:39;27:39;23:29;5:37;17:33;1:53;8:29;4:60;25:10;20:54;13:39;15:42;18:39;28:30;0:31;3:15,"22:[0,1];6:[1,2];2:[3,4];7:[1,2,3,4,5,6];9:[1,2,3,4,5];26:[4,5,6];10:[0,1,2,7];19:[0,1,2,7];29:[5,6,7];11:[3,4,5,6];21:[0,1,6,7];24:[2,3,4,5,6,7];12:[5,6];14:[5,6];16:[5,6,7];27:[0,1,7];23:[4,5];5:[2,3,4];17:[1,2,3];1:[1,2,3,4,5];8:[1,2];4:[0,1,2,5,6,7];25:[2];20:[3,4,5,6,7];13:[0,1,7];15:[0,5,6,7];18:[1,2,3];28:[0,6,7];0:[4,5,6];3:[1]","c22:bw=26,experts=[0,1]; c6:bw=23,experts=[1,2]; c2:bw=25,experts=[3,4]; c7:bw=66,experts=[1,2,3,4,5,6]; c9:bw=57,experts=[1,2,3,4,5]; c26:bw=37,experts=[4,5,6]; c10:bw=46,experts=[0,1,2,7]; c19:bw=44,experts=[0,1,2,7]; c29:bw=36,experts=[5,6,7]; c11:bw=42,experts=[3,4,5,6]; c21:bw=42,experts=[0,1,6,7]; c24:bw=61,experts=[2,3,4,5,6,7]; c12:bw=21,experts=[5,6]; c14:bw=22,experts=[5,6]; c16:bw=39,experts=[5,6,7]; c27:bw=39,experts=[0,1,7]; c23:bw=29,experts=[4,5]; c5:bw=37,experts=[2,3,4]; c17:bw=33,experts=[1,2,3]; c1:bw=53,experts=[1,2,3,4,5]; c8:bw=29,experts=[1,2]; c4:bw=60,experts=[0,1,2,5,6,7]; c25:bw=10,experts=[2]; c20:bw=54,experts=[3,4,5,6,7]; c13:bw=39,experts=[0,1,7]; c15:bw=42,experts=[0,5,6,7]; c18:bw=39,experts=[1,2,3]; c28:bw=30,experts=[0,6,7]; c0:bw=31,experts=[4,5,6]; c3:bw=15,experts=[1]","1.6168,1.1073,1.2431,1.3318,1.3585,1.0404,2.5280,1.5280,3.2593,2.2574,1.0184,1.2108,1.8036,1.3048,1.7925,1.8388,1.3255,3.3317,1.9696,1.0447,1.1213,2.0814,2.0530,2.0684,1.6068,1.1382,1.7050,1.5765,1.0659,1.5235"
77,2026-09-23 21:28:37,Ours,0.01,2.1191390999731134,44.81,45.33,75,51.4004,0:51.40,49.7706,0.4733,1.1534,3965.9895,1:06:05.99,30,"23,15,16,7,29,5,3,13,9,25,24,26,28,2,4,19,20,11,21,14,6,0,10,27,18,22,8,12,17,1",23:54;15:43;16:34;7:10;29:41;5:59;3:40;13:37;9:29;25:15;24:12;26:10;28:37;2:34;4:10;19:37;20:45;11:28;21:57;14:64;6:57;0:63;10:39;27:24;18:31;22:34;8:10;12:46;17:37;1:62,"23:[0,1,2,6,7];15:[1,2,3,4];16:[0,1,2];7:[7];29:[0,1,2,3];5:[0,1,5,6,7];3:[2,3,4,5];13:[2,3,4];9:[6,7];25:[3];24:[0];26:[7];28:[1,2,3];2:[5,6,7];4:[3];19:[3,4,5];20:[0,1,2,3];11:[0,7];21:[2,3,4,5,6];14:[0,1,2,3,4,7];6:[3,4,5,6,7];0:[0,1,2,3,4,7];10:[3,4,5];27:[2,3];18:[4,5,6];22:[2,3,4];8:[3];12:[0,1,2,7];17:[4,5,6];1:[0,1,2,3,6,7]","c23:bw=54,experts=[0,1,2,6,7]; c15:bw=43,experts=[1,2,3,4]; c16:bw=34,experts=[0,1,2]; c7:bw=10,experts=[7]; c29:bw=41,experts=[0,1,2,3]; c5:bw=59,experts=[0,1,5,6,7]; c3:bw=40,experts=[2,3,4,5]; c13:bw=37,experts=[2,3,4]; c9:bw=29,experts=[6,7]; c25:bw=15,experts=[3]; c24:bw=12,experts=[0]; c26:bw=10,experts=[7]; c28:bw=37,experts=[1,2,3]; c2:bw=34,experts=[5,6,7]; c4:bw=10,experts=[3]; c19:bw=37,experts=[3,4,5]; c20:bw=45,experts=[0,1,2,3]; c11:bw=28,experts=[0,7]; c21:bw=57,experts=[2,3,4,5,6]; c14:bw=64,experts=[0,1,2,3,4,7]; c6:bw=57,experts=[3,4,5,6,7]; c0:bw=63,experts=[0,1,2,3,4,7]; c10:bw=39,experts=[3,4,5]; c27:bw=24,experts=[2,3]; c18:bw=31,experts=[4,5,6]; c22:bw=34,experts=[2,3,4]; c8:bw=10,experts=[3]; c12:bw=46,experts=[0,1,2,7]; c17:bw=37,experts=[4,5,6]; c1:bw=62,experts=[0,1,2,3,6,7]","1.3352,1.1400,1.8079,1.2896,3.2623,3.4400,1.5521,1.6258,1.3580,2.0436,1.1959,1.0176,1.5572,1.2403,2.0559,1.4503,2.0633,2.2158,1.0051,1.2997,1.1055,1.0644,2.5266,1.8436,1.7171,1.6098,1.1174,1.7917,1.9856,1.0532"
78,2026-09-23 21:29:29,Ours,0.01,2.091999685437953,47.35,47.35,78,51.4565,0:51.46,49.8208,0.4922,1.1403,4017.6879,1:06:57.69,30,"24,21,27,0,14,25,23,12,22,18,6,10,3,17,16,19,4,11,5,26,15,7,20,2,8,28,1,9,29,13",24:45;21:54;27:13;0:26;14:52;25:11;23:57;12:31;22:63;18:35;6:57;10:59;3:38;17:31;16:44;19:12;4:23;11:37;5:63;26:40;15:38;7:36;20:37;2:34;8:54;28:24;1:41;9:31;29:69;13:59,"24:[1,2,3,4];21:[0,1,2,3,7];27:[4];0:[5,6];14:[0,1,5,6,7];25:[4];23:[3,4,5,6,7];12:[3,4,5];22:[0,1,2,5,6,7];18:[0,1,7];6:[0,1,2,3,4];10:[0,1,2,6,7];3:[0,6,7];17:[0,1,7];16:[3,4,5,6];19:[6];4:[4,5];11:[1,2,3];5:[2,3,4,5,6,7];26:[0,1,2,3];15:[5,6,7];7:[0,1,2];20:[4,5,6];2:[0,1,2];8:[0,4,5,6,7];28:[4,5];1:[4,5,6,7];9:[0,1,2];29:[0,1,4,5,6,7];13:[0,1,5,6,7]","c24:bw=45,experts=[1,2,3,4]; c21:bw=54,experts=[0,1,2,3,7]; c27:bw=13,experts=[4]; c0:bw=26,experts=[5,6]; c14:bw=52,experts=[0,1,5,6,7]; c25:bw=11,experts=[4]; c23:bw=57,experts=[3,4,5,6,7]; c12:bw=31,experts=[3,4,5]; c22:bw=63,experts=[0,1,2,5,6,7]; c18:bw=35,experts=[0,1,7]; c6:bw=57,experts=[0,1,2,3,4]; c10:bw=59,experts=[0,1,2,6,7]; c3:bw=38,experts=[0,6,7]; c17:bw=31,experts=[0,1,7]; c16:bw=44,experts=[3,4,5,6]; c19:bw=12,experts=[6]; c4:bw=23,experts=[4,5]; c11:bw=37,experts=[1,2,3]; c5:bw=63,experts=[2,3,4,5,6,7]; c26:bw=40,experts=[0,1,2,3]; c15:bw=38,experts=[5,6,7]; c7:bw=36,experts=[0,1,2]; c20:bw=37,experts=[4,5,6]; c2:bw=34,experts=[0,1,2]; c8:bw=54,experts=[0,4,5,6,7]; c28:bw=24,experts=[4,5]; c1:bw=41,experts=[4,5,6,7]; c9:bw=31,experts=[0,1,2]; c29:bw=69,experts=[0,1,4,5,6,7]; c13:bw=59,experts=[0,1,5,6,7]","1.2201,1.0064,1.8996,1.0915,1.3258,2.0769,1.3240,1.7966,1.6194,1.7132,1.0992,2.5146,1.5365,1.9599,1.8054,1.4499,2.0709,2.2280,3.4333,1.0102,1.1182,1.2733,2.0725,1.2237,1.1397,1.5602,1.0465,1.3545,3.2438,1.6073"
79,2026-09-23 21:30:20,Ours,0.01,2.0752778408986967,47.65,47.65,79,51.3766,0:51.38,49.7555,0.4693,1.1487,4069.1014,1:07:49.10,30,"11,8,9,16,0,6,17,5,28,7,2,29,26,4,19,21,13,1,12,23,25,18,10,3,24,27,20,14,15,22",11:32;8:44;9:10;16:59;0:36;6:21;17:58;5:53;28:37;7:46;2:33;29:43;26:41;4:80;19:26;21:46;13:43;1:37;12:10;23:46;25:29;18:12;10:34;3:26;24:58;27:52;20:39;14:62;15:54;22:33,"11:[4,5,6];8:[1,2,3,4];9:[3];16:[0,1,2,3,7];0:[0,1,7];6:[5,6];17:[2,3,4,5,6];5:[0,1,2,3,4];28:[0,6,7];7:[3,4,5,6];2:[3,4,5];29:[2,3,4,5];26:[4,5,6,7];4:[0,1,2,3,4,5,6,7];19:[0,7];21:[4,5,6,7];13:[2,3,4,5];1:[0,1,2];12:[6];23:[0,1,2,3];25:[5,6];18:[2];10:[3,4,5];3:[1,2];24:[0,1,5,6,7];27:[0,1,5,6,7];20:[0,1,7];14:[2,3,4,5,6,7];15:[0,1,2,3,4];22:[3,4,5]","c11:bw=32,experts=[4,5,6]; c8:bw=44,experts=[1,2,3,4]; c9:bw=10,experts=[3]; c16:bw=59,experts=[0,1,2,3,7]; c0:bw=36,experts=[0,1,7]; c6:bw=21,experts=[5,6]; c17:bw=58,experts=[2,3,4,5,6]; c5:bw=53,experts=[0,1,2,3,4]; c28:bw=37,experts=[0,6,7]; c7:bw=46,experts=[3,4,5,6]; c2:bw=33,experts=[3,4,5]; c29:bw=43,experts=[2,3,4,5]; c26:bw=41,experts=[4,5,6,7]; c4:bw=80,experts=[0,1,2,3,4,5,6,7]; c19:bw=26,experts=[0,7]; c21:bw=46,experts=[4,5,6,7]; c13:bw=43,experts=[2,3,4,5]; c1:bw=37,experts=[0,1,2]; c12:bw=10,experts=[6]; c23:bw=46,experts=[0,1,2,3]; c25:bw=29,experts=[5,6]; c18:bw=12,experts=[2]; c10:bw=34,experts=[3,4,5]; c3:bw=26,experts=[1,2]; c24:bw=58,experts=[0,1,5,6,7]; c27:bw=52,experts=[0,1,5,6,7]; c20:bw=39,experts=[0,1,7]; c14:bw=62,experts=[2,3,4,5,6,7]; c15:bw=54,experts=[0,1,2,3,4]; c22:bw=33,experts=[3,4,5]","2.2609,1.1456,1.3607,1.7927,1.0652,1.1034,1.9946,3.4100,1.5686,1.3088,1.2441,3.2527,1.0188,2.0775,1.4455,1.0004,1.6199,1.0381,1.7944,1.3062,2.0532,1.7196,2.5099,1.5179,1.1968,1.8683,2.0449,1.3094,1.1339,1.5938"
80,2026-09-23 21:31:12,Ours,0.01,2.100479477625313,44.59,47.65,79,51.4306,0:51.43,49.8049,0.478,1.1446,4120.5672,1:08:40.57,30,"2,13,1,14,17,23,4,8,15,21,28,19,7,26,0,5,22,18,3,20,25,16,24,12,27,9,11,6,10,29",2:44;13:39;1:31;14:30;17:61;23:36;4:57;8:51;15:41;21:64;28:10;19:35;7:48;26:41;0:47;5:65;22:43;18:13;3:31;20:25;25:38;16:44;24:43;12:10;27:27;9:53;11:62;6:39;10:18;29:10,"2:[0,1,6,7];13:[0,6,7];1:[3,4,5];14:[0,1,2];17:[0,1,2,3,4,7];23:[4,5,6];4:[0,1,2,6,7];8:[0,1,5,6,7];15:[0,5,6,7];21:[0,1,2,3,4,5];28:[1];19:[1,2,3];7:[0,1,2,7];26:[0,1,2,3];0:[2,3,4,5];5:[0,1,2,5,6,7];22:[0,1,6,7];18:[3];3:[3,4,5];20:[2,3];25:[0,1,7];16:[4,5,6,7];24:[2,3,4,5];12:[7];27:[2,3];9:[0,4,5,6,7];11:[0,1,2,3,4,7];6:[0,1,7];10:[6];29:[6]","c2:bw=44,experts=[0,1,6,7]; c13:bw=39,experts=[0,6,7]; c1:bw=31,experts=[3,4,5]; c14:bw=30,experts=[0,1,2]; c17:bw=61,experts=[0,1,2,3,4,7]; c23:bw=36,experts=[4,5,6]; c4:bw=57,experts=[0,1,2,6,7]; c8:bw=51,experts=[0,1,5,6,7]; c15:bw=41,experts=[0,5,6,7]; c21:bw=64,experts=[0,1,2,3,4,5]; c28:bw=10,experts=[1]; c19:bw=35,experts=[1,2,3]; c7:bw=48,experts=[0,1,2,7]; c26:bw=41,experts=[0,1,2,3]; c0:bw=47,experts=[2,3,4,5]; c5:bw=65,experts=[0,1,2,5,6,7]; c22:bw=43,experts=[0,1,6,7]; c18:bw=13,experts=[3]; c3:bw=31,experts=[3,4,5]; c20:bw=25,experts=[2,3]; c25:bw=38,experts=[0,1,7]; c16:bw=44,experts=[4,5,6,7]; c24:bw=43,experts=[2,3,4,5]; c12:bw=10,experts=[7]; c27:bw=27,experts=[2,3]; c9:bw=53,experts=[0,4,5,6,7]; c11:bw=62,experts=[0,1,2,3,4,7]; c6:bw=39,experts=[0,1,7]; c10:bw=18,experts=[6]; c29:bw=10,experts=[6]","1.2534,1.6215,1.0383,1.3156,1.9912,1.3278,2.0701,1.1446,1.1342,1.0047,1.5634,1.5319,1.2864,1.0074,1.0612,3.4169,1.5981,1.7198,1.5283,2.0503,2.0602,1.7829,1.2001,1.7828,1.8351,1.3516,2.2598,1.1051,2.5224,3.2398"
81,2026-09-23 21:32:03,Ours,0.01,2.0546088884490787,47.1,47.65,79,51.3385,0:51.34,49.7024,0.478,1.1549,4171.9428,1:09:31.94,30,"29,5,27,11,12,10,20,13,21,0,22,18,2,1,8,26,6,19,17,3,4,16,15,7,28,24,25,23,9,14",29:28;5:30;27:13;11:22;12:75;10:44;20:12;13:21;21:54;0:50;22:10;18:60;2:45;1:49;8:48;26:39;6:51;19:52;17:27;3:67;4:42;16:35;15:65;7:58;28:61;24:57;25:34;23:27;9:26;14:46,"29:[0,7];5:[3,4,5];27:[4];11:[5,6];12:[0,1,2,3,4,5,6];10:[0,1,2,7];20:[4];13:[1,2];21:[0,1,2,6,7];0:[0,1,2,6,7];22:[2];18:[0,1,4,5,6,7];2:[2,3,4,5];1:[0,1,6,7];8:[2,3,4,5];26:[4,5,6];6:[2,3,4,5,6];19:[0,4,5,6,7];17:[5,6];3:[0,1,2,3,6,7];4:[3,4,5,6];16:[0,1,2];15:[1,2,3,4,5,6];7:[3,4,5,6,7];28:[2,3,4,5,6,7];24:[0,1,2,6,7];25:[2,3,4];23:[0,7];9:[1,2];14:[3,4,5,6]","c29:bw=28,experts=[0,7]; c5:bw=30,experts=[3,4,5]; c27:bw=13,experts=[4]; c11:bw=22,experts=[5,6]; c12:bw=75,experts=[0,1,2,3,4,5,6]; c10:bw=44,experts=[0,1,2,7]; c20:bw=12,experts=[4]; c13:bw=21,experts=[1,2]; c21:bw=54,experts=[0,1,2,6,7]; c0:bw=50,experts=[0,1,2,6,7]; c22:bw=10,experts=[2]; c18:bw=60,experts=[0,1,4,5,6,7]; c2:bw=45,experts=[2,3,4,5]; c1:bw=49,experts=[0,1,6,7]; c8:bw=48,experts=[2,3,4,5]; c26:bw=39,experts=[4,5,6]; c6:bw=51,experts=[2,3,4,5,6]; c19:bw=52,experts=[0,4,5,6,7]; c17:bw=27,experts=[5,6]; c3:bw=67,experts=[0,1,2,3,6,7]; c4:bw=42,experts=[3,4,5,6]; c16:bw=35,experts=[0,1,2]; c15:bw=65,experts=[1,2,3,4,5,6]; c7:bw=58,experts=[3,4,5,6,7]; c28:bw=61,experts=[2,3,4,5,6,7]; c24:bw=57,experts=[0,1,2,6,7]; c25:bw=34,experts=[2,3,4]; c23:bw=27,experts=[0,7]; c9:bw=26,experts=[1,2]; c14:bw=46,experts=[3,4,5,6]","3.2638,3.4462,1.8792,2.2556,1.8258,2.5287,2.0611,1.6070,1.0003,1.0606,1.5950,1.6890,1.2295,1.0411,1.1266,1.0191,1.0976,1.4475,1.9623,1.5337,2.0711,1.7629,1.1205,1.3003,1.5644,1.2092,2.0395,1.3109,1.3394,1.3145"
82,2026-09-23 21:32:54,Ours,0.01,2.094133532862493,46.33,47.65,79,51.2994,0:51.30,49.6902,0.4717,1.1344,4223.2773,1:10:23.28,30,"5,3,0,19,25,7,28,11,24,26,29,1,23,17,18,27,12,13,8,9,10,6,2,14,4,15,21,16,20,22",5:40;3:39;0:30;19:21;25:33;7:40;28:46;11:47;24:53;26:35;29:39;1:64;23:14;17:44;18:45;27:32;12:63;13:35;8:58;9:56;10:18;6:36;2:30;14:54;4:30;15:16;21:44;16:32;20:11;22:51,"5:[0,1,6,7];3:[4,5,6];0:[3,4,5];19:[1,2];25:[5,6,7];7:[0,1,2,3];28:[0,1,2,3];11:[0,1,2,7];24:[3,4,5,6,7];26:[0,1,7];29:[1,2,3];1:[2,3,4,5,6,7];23:[1];17:[0,1,2,7];18:[2,3,4,5];27:[5,6,7];12:[0,1,2,3,4,7];13:[3,4,5];8:[0,1,2,6,7];9:[3,4,5,6,7];10:[3];6:[0,1,7];2:[0,6,7];14:[0,1,2,3,7];4:[0,1,7];15:[7];21:[3,4,5,6];16:[3,4,5];20:[5];22:[3,4,5,6,7]","c5:bw=40,experts=[0,1,6,7]; c3:bw=39,experts=[4,5,6]; c0:bw=30,experts=[3,4,5]; c19:bw=21,experts=[1,2]; c25:bw=33,experts=[5,6,7]; c7:bw=40,experts=[0,1,2,3]; c28:bw=46,experts=[0,1,2,3]; c11:bw=47,experts=[0,1,2,7]; c24:bw=53,experts=[3,4,5,6,7]; c26:bw=35,experts=[0,1,7]; c29:bw=39,experts=[1,2,3]; c1:bw=64,experts=[2,3,4,5,6,7]; c23:bw=14,experts=[1]; c17:bw=44,experts=[0,1,2,7]; c18:bw=45,experts=[2,3,4,5]; c27:bw=32,experts=[5,6,7]; c12:bw=63,experts=[0,1,2,3,4,7]; c13:bw=35,experts=[3,4,5]; c8:bw=58,experts=[0,1,2,6,7]; c9:bw=56,experts=[3,4,5,6,7]; c10:bw=18,experts=[3]; c6:bw=36,experts=[0,1,7]; c2:bw=30,experts=[0,6,7]; c14:bw=54,experts=[0,1,2,3,7]; c4:bw=30,experts=[0,1,7]; c15:bw=16,experts=[7]; c21:bw=44,experts=[3,4,5,6]; c16:bw=32,experts=[3,4,5]; c20:bw=11,experts=[5]; c22:bw=51,experts=[3,4,5,6,7]","3.3984,1.5439,1.0777,1.4505,2.0736,1.2886,1.5642,2.2503,1.2158,1.0091,3.2185,1.0440,1.3148,1.9760,1.7192,1.8590,1.7931,1.6052,1.1318,1.3615,2.5079,1.1139,1.2299,1.3090,2.0608,1.1295,0.9967,1.7914,2.0567,1.5992"
83,2026-09-23 21:33:46,Ours,0.01,2.0376078445472294,47.69,47.69,83,51.1583,0:51.16,49.5359,0.4803,1.1389,4274.4734,1:11:14.47,30,"22,19,1,11,29,16,14,21,20,27,15,17,8,2,25,0,4,7,24,26,12,28,9,5,3,18,13,23,6,10",22:70;19:67;1:63;11:27;29:46;16:49;14:39;21:53;20:50;27:58;15:39;17:31;8:39;2:41;25:48;0:10;4:10;7:37;24:43;26:17;12:44;28:10;9:51;5:10;3:42;18:21;13:46;23:34;6:53;10:37,"22:[0,1,2,3,4,5,6];19:[0,3,4,5,6,7];1:[0,1,2,3,4,5];11:[3,4];29:[4,5,6,7];16:[0,1,6,7];14:[4,5,6];21:[0,1,2,3,7];20:[0,1,2,6,7];27:[0,1,2,3,4];15:[0,1,2];17:[3,4,5];8:[3,4,5];2:[1,2,3,4];25:[0,1,2,3];0:[6];4:[2];7:[4,5,6];24:[0,1,2,3];26:[2];12:[0,5,6,7];28:[4];9:[0,1,2,3,4];5:[2];3:[0,1,2,7];18:[6,7];13:[0,1,6,7];23:[2,3,4];6:[2,3,4,5,6];10:[4,5,6]","c22:bw=70,experts=[0,1,2,3,4,5,6]; c19:bw=67,experts=[0,3,4,5,6,7]; c1:bw=63,experts=[0,1,2,3,4,5]; c11:bw=27,experts=[3,4]; c29:bw=46,experts=[4,5,6,7]; c16:bw=49,experts=[0,1,6,7]; c14:bw=39,experts=[4,5,6]; c21:bw=53,experts=[0,1,2,3,7]; c20:bw=50,experts=[0,1,2,6,7]; c27:bw=58,experts=[0,1,2,3,4]; c15:bw=39,experts=[0,1,2]; c17:bw=31,experts=[3,4,5]; c8:bw=39,experts=[3,4,5]; c2:bw=41,experts=[1,2,3,4]; c25:bw=48,experts=[0,1,2,3]; c0:bw=10,experts=[6]; c4:bw=10,experts=[2]; c7:bw=37,experts=[4,5,6]; c24:bw=43,experts=[0,1,2,3]; c26:bw=17,experts=[2]; c12:bw=44,experts=[0,5,6,7]; c28:bw=10,experts=[4]; c9:bw=51,experts=[0,1,2,3,4]; c5:bw=10,experts=[2]; c3:bw=42,experts=[0,1,2,7]; c18:bw=21,experts=[6,7]; c13:bw=46,experts=[0,1,6,7]; c23:bw=34,experts=[2,3,4]; c6:bw=53,experts=[2,3,4,5,6]; c10:bw=37,experts=[4,5,6]","1.6097,1.4690,1.0424,2.2431,3.2541,1.7868,1.3315,1.0024,2.0621,1.8513,1.1188,1.9728,1.1315,1.2312,2.0382,1.0537,2.0501,1.2879,1.1915,1.0203,1.7789,1.5673,1.3471,3.3380,1.5162,1.7046,1.6001,1.3109,1.0970,2.5272"
84,2026-09-23 21:34:37,Ours,0.01,2.0321689647605554,46.93,47.69,83,51.3151,0:51.32,49.7173,0.473,1.1215,4325.8258,1:12:05.83,30,"8,12,29,13,10,16,9,14,23,3,6,15,19,0,18,22,27,1,24,21,28,2,17,25,5,7,20,26,11,4",8:67;12:45;29:12;13:30;10:10;16:47;9:20;14:45;23:58;3:32;6:10;15:75;19:22;0:10;18:55;22:67;27:21;1:58;24:37;21:10;28:30;2:36;17:43;25:17;5:20;7:47;20:64;26:38;11:50;4:27,"8:[0,1,2,3,6,7];12:[1,2,3,4];29:[0];13:[2,3,4];10:[7];16:[2,3,4,5];9:[5,6];14:[0,1,2,7];23:[0,1,5,6,7];3:[3,4,5];6:[7];15:[0,1,3,4,5,6,7];19:[1,2];0:[7];18:[0,1,2,3,4];22:[0,1,2,3,4,7];27:[5,6];1:[0,1,2,6,7];24:[4,5,6];21:[4];28:[5,6,7];2:[5,6,7];17:[0,1,6,7];25:[4];5:[3,4];7:[0,1,2,7];20:[0,3,4,5,6,7];26:[3,4,5];11:[0,1,5,6,7];4:[3,4]","c8:bw=67,experts=[0,1,2,3,6,7]; c12:bw=45,experts=[1,2,3,4]; c29:bw=12,experts=[0]; c13:bw=30,experts=[2,3,4]; c10:bw=10,experts=[7]; c16:bw=47,experts=[2,3,4,5]; c9:bw=20,experts=[5,6]; c14:bw=45,experts=[0,1,2,7]; c23:bw=58,experts=[0,1,5,6,7]; c3:bw=32,experts=[3,4,5]; c6:bw=10,experts=[7]; c15:bw=75,experts=[0,1,3,4,5,6,7]; c19:bw=22,experts=[1,2]; c0:bw=10,experts=[7]; c18:bw=55,experts=[0,1,2,3,4]; c22:bw=67,experts=[0,1,2,3,4,7]; c27:bw=21,experts=[5,6]; c1:bw=58,experts=[0,1,2,6,7]; c24:bw=37,experts=[4,5,6]; c21:bw=10,experts=[4]; c28:bw=30,experts=[5,6,7]; c2:bw=36,experts=[5,6,7]; c17:bw=43,experts=[0,1,6,7]; c25:bw=17,experts=[4]; c5:bw=20,experts=[3,4]; c7:bw=47,experts=[0,1,2,7]; c20:bw=64,experts=[0,3,4,5,6,7]; c26:bw=38,experts=[3,4,5]; c11:bw=50,experts=[0,1,5,6,7]; c4:bw=27,experts=[3,4]","1.1437,1.8063,3.2460,1.6193,2.5386,1.8244,1.3576,1.3097,1.3243,1.5469,1.0981,1.1402,1.4645,1.0643,1.8053,1.6151,1.8574,1.0444,1.1992,0.9885,1.5578,1.2239,1.9622,2.0488,3.3350,1.2698,2.0500,1.0042,2.2209,2.0507"
85,2026-09-23 21:35:28,Ours,0.01,2.094325765312409,44.77,47.69,83,51.1807,0:51.18,49.5523,0.4727,1.1526,4377.0442,1:12:57.04,30,"10,8,1,25,0,29,3,4,5,17,20,18,6,12,13,19,2,7,21,23,16,11,26,27,28,9,15,22,24,14",10:44;8:70;1:57;25:19;0:38;29:35;3:51;4:42;5:12;17:49;20:30;18:51;6:42;12:47;13:35;19:54;2:45;7:11;21:64;23:57;16:19;11:10;26:36;27:53;28:47;9:58;15:70;22:27;24:18;14:44,"10:[0,1,2,3];8:[0,1,2,4,5,6,7];1:[3,4,5,6,7];25:[5];0:[0,1,2];29:[1,2,3];3:[0,1,2,6,7];4:[0,5,6,7];5:[5];17:[2,3,4,5];20:[1,2,3];18:[0,1,5,6,7];6:[0,1,2,3];12:[0,5,6,7];13:[5,6,7];19:[3,4,5,6,7];2:[0,1,2,3];7:[3];21:[0,1,2,5,6,7];23:[2,3,4,5,6];16:[6];11:[2];26:[0,6,7];27:[0,1,2,3,7];28:[0,1,2,3];9:[0,1,2,3,7];15:[0,2,3,4,5,6,7];22:[5,6];24:[7];14:[3,4,5,6]","c10:bw=44,experts=[0,1,2,3]; c8:bw=70,experts=[0,1,2,4,5,6,7]; c1:bw=57,experts=[3,4,5,6,7]; c25:bw=19,experts=[5]; c0:bw=38,experts=[0,1,2]; c29:bw=35,experts=[1,2,3]; c3:bw=51,experts=[0,1,2,6,7]; c4:bw=42,experts=[0,5,6,7]; c5:bw=12,experts=[5]; c17:bw=49,experts=[2,3,4,5]; c20:bw=30,experts=[1,2,3]; c18:bw=51,experts=[0,1,5,6,7]; c6:bw=42,experts=[0,1,2,3]; c12:bw=47,experts=[0,5,6,7]; c13:bw=35,experts=[5,6,7]; c19:bw=54,experts=[3,4,5,6,7]; c2:bw=45,experts=[0,1,2,3]; c7:bw=11,experts=[3]; c21:bw=64,experts=[0,1,2,5,6,7]; c23:bw=57,experts=[2,3,4,5,6]; c16:bw=19,experts=[6]; c11:bw=10,experts=[2]; c26:bw=36,experts=[0,6,7]; c27:bw=53,experts=[0,1,2,3,7]; c28:bw=47,experts=[0,1,2,3]; c9:bw=58,experts=[0,1,2,3,7]; c15:bw=70,experts=[0,2,3,4,5,6,7]; c22:bw=27,experts=[5,6]; c24:bw=18,experts=[7]; c14:bw=44,experts=[3,4,5,6]","2.5198,1.1323,1.0514,2.0454,1.0510,3.2292,1.5596,2.0652,3.3872,1.9648,2.0550,1.7166,1.1229,1.7981,1.6191,1.4597,1.2340,1.2913,1.0050,1.3025,1.7898,2.2044,0.9998,1.8297,1.5630,1.3394,1.1215,1.5900,1.1965,1.3082"
86,2026-09-23 21:36:24,Ours,0.01,1.9934988206944586,49.17,49.17,86,55.8121,0:55.81,54.178,0.5019,1.1291,4433.1017,1:13:53.10,30,"9,10,16,25,29,14,27,2,22,4,8,26,12,18,24,23,3,13,1,28,11,15,20,0,6,7,17,21,5,19",9:43;10:47;16:50;25:36;29:18;14:45;27:44;2:24;22:44;4:18;8:28;26:66;12:28;18:52;24:24;23:47;3:28;13:55;1:72;28:42;11:38;15:55;20:27;0:30;6:55;7:44;17:40;21:34;5:47;19:18,"9:[4,5,6,7];10:[4,5,6,7];16:[0,1,2,3,7];25:[0,6,7];29:[4];14:[0,1,2,7];27:[4,5,6,7];2:[4,5];22:[0,1,2,7];4:[1];8:[3,4];26:[1,2,3,4,5,6];12:[1,2];18:[2,3,4,5,6];24:[0,1];23:[0,1,2,7];3:[3,4];13:[0,1,2,3,4];1:[0,1,2,3,4,5,6];28:[4,5,6,7];11:[3,4,5];15:[1,2,3,4,5];20:[4,5];0:[3,4,5];6:[0,4,5,6,7];7:[4,5,6,7];17:[0,1,6,7];21:[3,4,5];5:[0,1,6,7];19:[0]","c9:bw=43,experts=[4,5,6,7]; c10:bw=47,experts=[4,5,6,7]; c16:bw=50,experts=[0,1,2,3,7]; c25:bw=36,experts=[0,6,7]; c29:bw=18,experts=[4]; c14:bw=45,experts=[0,1,2,7]; c27:bw=44,experts=[4,5,6,7]; c2:bw=24,experts=[4,5]; c22:bw=44,experts=[0,1,2,7]; c4:bw=18,experts=[1]; c8:bw=28,experts=[3,4]; c26:bw=66,experts=[1,2,3,4,5,6]; c12:bw=28,experts=[1,2]; c18:bw=52,experts=[2,3,4,5,6]; c24:bw=24,experts=[0,1]; c23:bw=47,experts=[0,1,2,7]; c3:bw=28,experts=[3,4]; c13:bw=55,experts=[0,1,2,3,4]; c1:bw=72,experts=[0,1,2,3,4,5,6]; c28:bw=42,experts=[4,5,6,7]; c11:bw=38,experts=[3,4,5]; c15:bw=55,experts=[1,2,3,4,5]; c20:bw=27,experts=[4,5]; c0:bw=30,experts=[3,4,5]; c6:bw=55,experts=[0,4,5,6,7]; c7:bw=44,experts=[4,5,6,7]; c17:bw=40,experts=[0,1,6,7]; c21:bw=34,experts=[3,4,5]; c5:bw=47,experts=[0,1,6,7]; c19:bw=18,experts=[0]","1.3551,2.5582,1.8013,2.0666,3.2434,1.3052,1.8637,1.2429,1.6039,2.5066,1.3541,1.2239,2.1217,1.9895,1.3952,1.5353,1.8538,1.9432,1.2696,1.8945,2.6705,1.3510,2.4739,1.2738,1.2294,1.2792,1.9400,0.9920,3.3839,1.4565"
87,2026-09-23 21:37:16,Ours,0.01,2.0369128901703535,48.04,49.17,86,51.5049,0:51.50,49.9106,0.4696,1.1217,4484.645,1:14:44.65,30,"16,8,18,13,15,26,6,20,12,7,24,1,23,27,0,19,11,9,4,14,10,21,2,5,28,17,3,25,22,29",16:45;8:46;18:45;13:45;15:63;26:47;6:60;20:54;12:45;7:22;24:30;1:29;23:30;27:62;0:35;19:33;11:18;9:37;4:34;14:36;10:49;21:36;2:67;5:10;28:31;17:25;3:68;25:67;22:21;29:24,"16:[4,5,6,7];8:[0,5,6,7];18:[0,1,2,7];13:[0,5,6,7];15:[0,1,2,3,6,7];26:[0,1,2,7];6:[1,2,3,4,5,6];20:[0,1,2,6,7];12:[3,4,5,6];7:[0,1];24:[2,3,4];1:[0,7];23:[3,4,5];27:[0,1,2,3,4,5];0:[0,6,7];19:[1,2,3];11:[6];9:[0,1,2];4:[2,3,4];14:[3,4,5];10:[0,1,2,3];21:[0,6,7];2:[0,1,2,3,6,7];5:[2];28:[0,1,2];17:[2,3];3:[0,1,2,5,6,7];25:[1,2,3,4,5,6];22:[3,4];29:[5,6]","c16:bw=45,experts=[4,5,6,7]; c8:bw=46,experts=[0,5,6,7]; c18:bw=45,experts=[0,1,2,7]; c13:bw=45,experts=[0,5,6,7]; c15:bw=63,experts=[0,1,2,3,6,7]; c26:bw=47,experts=[0,1,2,7]; c6:bw=60,experts=[1,2,3,4,5,6]; c20:bw=54,experts=[0,1,2,6,7]; c12:bw=45,experts=[3,4,5,6]; c7:bw=22,experts=[0,1]; c24:bw=30,experts=[2,3,4]; c1:bw=29,experts=[0,7]; c23:bw=30,experts=[3,4,5]; c27:bw=62,experts=[0,1,2,3,4,5]; c0:bw=35,experts=[0,6,7]; c19:bw=33,experts=[1,2,3]; c11:bw=18,experts=[6]; c9:bw=37,experts=[0,1,2]; c4:bw=34,experts=[2,3,4]; c14:bw=36,experts=[3,4,5]; c10:bw=49,experts=[0,1,2,3]; c21:bw=36,experts=[0,6,7]; c2:bw=67,experts=[0,1,2,3,6,7]; c5:bw=10,experts=[2]; c28:bw=31,experts=[0,1,2]; c17:bw=25,experts=[2,3]; c3:bw=68,experts=[0,1,2,5,6,7]; c25:bw=67,experts=[1,2,3,4,5,6]; c22:bw=21,experts=[3,4]; c29:bw=24,experts=[5,6]","1.8043,1.1485,1.7243,1.6411,1.1387,1.0255,1.1129,2.0667,1.8109,1.3019,1.3292,1.0426,1.3212,1.8582,1.0728,1.4430,2.2331,1.3466,2.0695,1.3027,2.5176,1.0098,1.2310,3.4001,1.5609,1.9502,1.5412,2.0654,1.6095,3.2311"
88,2026-09-23 21:38:07,Ours,0.01,1.9961972692429764,47.69,49.17,86,51.5178,0:51.52,49.8754,0.4769,1.1622,4536.1999,1:15:36.20,30,"21,11,6,20,7,4,16,14,8,10,28,18,12,15,5,22,23,24,3,0,27,9,25,19,13,17,2,29,26,1",21:42;11:10;6:27;20:41;7:41;4:38;16:30;14:10;8:43;10:71;28:24;18:22;12:61;15:60;5:30;22:57;23:52;24:36;3:33;0:62;27:40;9:31;25:26;19:23;13:34;17:30;2:46;29:16;26:69;1:28,"21:[1,2,3,4];11:[7];6:[0,7];20:[3,4,5,6];7:[2,3,4,5];4:[5,6,7];16:[0,1,2];14:[6];8:[1,2,3,4];10:[0,1,2,4,5,6,7];28:[3,4];18:[3,4];12:[0,1,2,3,4,7];15:[0,1,4,5,6,7];5:[3,4,5];22:[0,1,5,6,7];23:[0,1,2,6,7];24:[5,6,7];3:[3,4,5];0:[1,2,3,4,5,6];27:[0,1,6,7];9:[3,4,5];25:[0,7];19:[4,5];13:[1,2,3];17:[4,5,6];2:[4,5,6,7];29:[7];26:[0,3,4,5,6,7];1:[1,2]","c21:bw=42,experts=[1,2,3,4]; c11:bw=10,experts=[7]; c6:bw=27,experts=[0,7]; c20:bw=41,experts=[3,4,5,6]; c7:bw=41,experts=[2,3,4,5]; c4:bw=38,experts=[5,6,7]; c16:bw=30,experts=[0,1,2]; c14:bw=10,experts=[6]; c8:bw=43,experts=[1,2,3,4]; c10:bw=71,experts=[0,1,2,4,5,6,7]; c28:bw=24,experts=[3,4]; c18:bw=22,experts=[3,4]; c12:bw=61,experts=[0,1,2,3,4,7]; c15:bw=60,experts=[0,1,4,5,6,7]; c5:bw=30,experts=[3,4,5]; c22:bw=57,experts=[0,1,5,6,7]; c23:bw=52,experts=[0,1,2,6,7]; c24:bw=36,experts=[5,6,7]; c3:bw=33,experts=[3,4,5]; c0:bw=62,experts=[1,2,3,4,5,6]; c27:bw=40,experts=[0,1,6,7]; c9:bw=31,experts=[3,4,5]; c25:bw=26,experts=[0,7]; c19:bw=23,experts=[4,5]; c13:bw=34,experts=[1,2,3]; c17:bw=30,experts=[4,5,6]; c2:bw=46,experts=[4,5,6,7]; c29:bw=16,experts=[7]; c26:bw=69,experts=[0,3,4,5,6,7]; c1:bw=28,experts=[1,2]","1.0067,2.2543,1.1130,2.0893,1.3084,2.0780,1.7907,1.3089,1.1404,2.5436,1.5734,1.7040,1.8143,1.2088,3.4025,1.6095,1.3064,1.2064,1.5271,1.0657,1.8519,1.3506,2.0623,1.4388,1.6166,1.9823,1.2344,3.2252,1.0160,1.0459"
89,2026-09-23 21:38:58,Ours,0.01,2.0425853630645117,47.65,49.17,86,51.0985,0:51.10,49.4851,0.473,1.1373,4587.3417,1:16:27.34,30,"22,26,16,21,23,15,0,6,7,28,18,27,8,9,20,2,4,1,10,5,17,19,13,25,11,12,29,14,24,3",22:42;26:10;16:50;21:28;23:24;15:61;0:13;6:32;7:21;28:20;18:55;27:10;8:74;9:60;20:31;2:44;4:30;1:41;10:28;5:46;17:40;19:16;13:10;25:17;11:36;12:34;29:14;14:30;24:58;3:31,"22:[2,3,4,5];26:[1];16:[3,4,5,6,7];21:[5,6];23:[3,4];15:[2,3,4,5,6,7];0:[7];6:[1,2,3];7:[6,7];28:[5,6];18:[0,1,5,6,7];27:[2];8:[0,1,2,3,5,6,7];9:[0,1,2,3,6,7];20:[0,1,7];2:[0,1,2,3];4:[0,1,2];1:[3,4,5,6];10:[3,4];5:[0,1,6,7];17:[0,1,2,7];19:[6];13:[4];25:[1];11:[0,1,2];12:[5,6,7];29:[0];14:[0,1,7];24:[0,1,2,3,4];3:[0,6,7]","c22:bw=42,experts=[2,3,4,5]; c26:bw=10,experts=[1]; c16:bw=50,experts=[3,4,5,6,7]; c21:bw=28,experts=[5,6]; c23:bw=24,experts=[3,4]; c15:bw=61,experts=[2,3,4,5,6,7]; c0:bw=13,experts=[7]; c6:bw=32,experts=[1,2,3]; c7:bw=21,experts=[6,7]; c28:bw=20,experts=[5,6]; c18:bw=55,experts=[0,1,5,6,7]; c27:bw=10,experts=[2]; c8:bw=74,experts=[0,1,2,3,5,6,7]; c9:bw=60,experts=[0,1,2,3,6,7]; c20:bw=31,experts=[0,1,7]; c2:bw=44,experts=[0,1,2,3]; c4:bw=30,experts=[0,1,2]; c1:bw=41,experts=[3,4,5,6]; c10:bw=28,experts=[3,4]; c5:bw=46,experts=[0,1,6,7]; c17:bw=40,experts=[0,1,2,7]; c19:bw=16,experts=[6]; c13:bw=10,experts=[4]; c25:bw=17,experts=[1]; c11:bw=36,experts=[0,1,2]; c12:bw=34,experts=[5,6,7]; c29:bw=14,experts=[0]; c14:bw=30,experts=[0,1,7]; c24:bw=58,experts=[0,1,2,3,4]; c3:bw=31,experts=[0,6,7]","1.6252,1.0146,1.8216,1.0123,1.3308,1.1362,1.0669,1.1054,1.3017,1.5707,1.7160,1.8406,1.1302,1.3425,2.0466,1.2272,2.0543,1.0388,2.5054,3.3641,1.9382,1.4369,1.6068,2.0344,2.2116,1.7801,3.1886,1.3092,1.1925,1.5358"
90,2026-09-23 21:39:50,Ours,0.01,1.9795654358906432,48.59,49.17,86,51.48,0:51.48,49.8231,0.4709,1.1829,4638.8612,1:17:18.86,30,"8,23,10,2,19,24,17,9,1,29,5,28,14,12,21,11,20,4,16,7,26,22,3,0,25,15,6,18,13,27",8:50;23:44;10:10;2:21;19:15;24:43;17:22;9:63;1:31;29:17;5:27;28:44;14:16;12:43;21:66;11:41;20:56;4:35;16:57;7:72;26:55;22:31;3:36;0:64;25:51;15:61;6:26;18:50;13:65;27:27,"8:[0,4,5,6,7];23:[0,5,6,7];10:[5];2:[4,5];19:[7];24:[0,5,6,7];17:[3,4];9:[0,1,4,5,6,7];1:[0,1,7];29:[1];5:[2,3];28:[0,1,2,7];14:[2];12:[0,1,2,3];21:[0,1,2,3,4,7];11:[3,4,5,6];20:[2,3,4,5,6];4:[3,4,5];16:[0,1,2,3,4];7:[0,1,2,3,4,5,6];26:[2,3,4,5,6];22:[0,6,7];3:[1,2,3];0:[0,1,2,3,4,5];25:[2,3,4,5,6];15:[0,1,2,3,4,5];6:[4,5];18:[2,3,4,5,6];13:[0,1,2,5,6,7];27:[3,4]","c8:bw=50,experts=[0,4,5,6,7]; c23:bw=44,experts=[0,5,6,7]; c10:bw=10,experts=[5]; c2:bw=21,experts=[4,5]; c19:bw=15,experts=[7]; c24:bw=43,experts=[0,5,6,7]; c17:bw=22,experts=[3,4]; c9:bw=63,experts=[0,1,4,5,6,7]; c1:bw=31,experts=[0,1,7]; c29:bw=17,experts=[1]; c5:bw=27,experts=[2,3]; c28:bw=44,experts=[0,1,2,7]; c14:bw=16,experts=[2]; c12:bw=43,experts=[0,1,2,3]; c21:bw=66,experts=[0,1,2,3,4,7]; c11:bw=41,experts=[3,4,5,6]; c20:bw=56,experts=[2,3,4,5,6]; c4:bw=35,experts=[3,4,5]; c16:bw=57,experts=[0,1,2,3,4]; c7:bw=72,experts=[0,1,2,3,4,5,6]; c26:bw=55,experts=[2,3,4,5,6]; c22:bw=31,experts=[0,6,7]; c3:bw=36,experts=[1,2,3]; c0:bw=64,experts=[0,1,2,3,4,5]; c25:bw=51,experts=[2,3,4,5,6]; c15:bw=61,experts=[0,1,2,3,4,5]; c6:bw=26,experts=[4,5]; c18:bw=50,experts=[2,3,4,5,6]; c13:bw=65,experts=[0,1,2,5,6,7]; c27:bw=27,experts=[3,4]","1.1466,1.3393,2.5300,1.2461,1.4640,1.2101,1.9913,1.3622,1.0335,3.2231,3.3752,1.5699,1.3151,1.7942,0.9899,2.2670,2.0769,2.0716,1.7985,1.2957,1.0272,1.5962,1.5246,1.0604,2.0628,1.1307,1.0981,1.7242,1.6188,1.8799"
91,2026-09-23 21:40:41,Ours,0.01,2.026308976677304,49.0,49.17,86,51.1255,0:51.13,49.4816,0.4883,1.1525,4690.0264,1:18:10.03,30,"7,19,2,18,3,16,8,10,11,29,24,17,15,12,0,23,26,9,14,5,20,1,22,25,28,4,6,13,21,27",7:51;19:51;2:11;18:13;3:40;16:24;8:23;10:49;11:67;29:14;24:41;17:63;15:45;12:62;0:22;23:22;26:63;9:35;14:42;5:52;20:20;1:50;22:21;25:49;28:42;4:54;6:29;13:46;21:46;27:46,"7:[0,1,2,3,7];19:[0,1,2,3,4];2:[6];18:[7];3:[4,5,6,7];16:[5,6];8:[1,2];10:[0,1,6,7];11:[0,1,2,3,4,7];29:[2];24:[1,2,3,4];17:[0,1,2,5,6,7];15:[0,1,6,7];12:[0,1,4,5,6,7];0:[6,7];23:[1,2];26:[0,1,2,3,4,7];9:[2,3,4];14:[3,4,5,6];5:[0,4,5,6,7];20:[0,7];1:[2,3,4,5,6];22:[1,2];25:[0,1,2,7];28:[3,4,5,6];4:[0,1,2,6,7];6:[6,7];13:[3,4,5,6];21:[0,5,6,7];27:[0,5,6,7]","c7:bw=51,experts=[0,1,2,3,7]; c19:bw=51,experts=[0,1,2,3,4]; c2:bw=11,experts=[6]; c18:bw=13,experts=[7]; c3:bw=40,experts=[4,5,6,7]; c16:bw=24,experts=[5,6]; c8:bw=23,experts=[1,2]; c10:bw=49,experts=[0,1,6,7]; c11:bw=67,experts=[0,1,2,3,4,7]; c29:bw=14,experts=[2]; c24:bw=41,experts=[1,2,3,4]; c17:bw=63,experts=[0,1,2,5,6,7]; c15:bw=45,experts=[0,1,6,7]; c12:bw=62,experts=[0,1,4,5,6,7]; c0:bw=22,experts=[6,7]; c23:bw=22,experts=[1,2]; c26:bw=63,experts=[0,1,2,3,4,7]; c9:bw=35,experts=[2,3,4]; c14:bw=42,experts=[3,4,5,6]; c5:bw=52,experts=[0,4,5,6,7]; c20:bw=20,experts=[0,7]; c1:bw=50,experts=[2,3,4,5,6]; c22:bw=21,experts=[1,2]; c25:bw=49,experts=[0,1,2,7]; c28:bw=42,experts=[3,4,5,6]; c4:bw=54,experts=[0,1,2,6,7]; c6:bw=29,experts=[6,7]; c13:bw=46,experts=[3,4,5,6]; c21:bw=46,experts=[0,5,6,7]; c27:bw=46,experts=[0,5,6,7]","1.3002,1.4712,1.2522,1.7218,1.5555,1.8007,1.1569,2.5399,2.2387,3.2135,1.1992,1.9843,1.1899,1.8003,1.0684,1.3174,1.0183,1.3438,1.3078,3.1066,2.0515,1.0374,1.5959,2.0318,1.5575,2.0623,1.0887,1.6144,1.0091,1.8463"
92,2026-09-23 21:41:32,Ours,0.01,2.027613632003121,50.43,50.43,92,51.3044,0:51.30,49.6721,0.4729,1.1564,4741.3701,1:19:01.37,30,"14,21,25,28,13,6,18,16,0,11,4,9,5,24,23,12,8,2,7,17,15,26,1,3,29,22,19,20,10,27",14:30;21:57;25:30;28:40;13:17;6:45;18:37;16:14;0:29;11:15;4:26;9:56;5:66;24:33;23:19;12:48;8:19;2:25;7:34;17:32;15:19;26:46;1:20;3:28;29:35;22:44;19:54;20:56;10:37;27:63,"14:[0,1,7];21:[1,2,3,4,5];25:[3,4,5];28:[0,1,2,7];13:[7];6:[0,1,2,3];18:[0,1,2];16:[7];0:[0,1];11:[5];4:[3,4];9:[0,1,5,6,7];5:[1,2,3,4,5,6];24:[5,6,7];23:[3];12:[2,3,4,5];8:[3];2:[0,7];7:[4,5,6];17:[3,4,5];15:[2];26:[0,5,6,7];1:[0,7];3:[0,1];29:[3,4,5];22:[3,4,5,6];19:[0,1,5,6,7];20:[1,2,3,4,5];10:[2,3,4];27:[1,2,3,4,5,6]","c14:bw=30,experts=[0,1,7]; c21:bw=57,experts=[1,2,3,4,5]; c25:bw=30,experts=[3,4,5]; c28:bw=40,experts=[0,1,2,7]; c13:bw=17,experts=[7]; c6:bw=45,experts=[0,1,2,3]; c18:bw=37,experts=[0,1,2]; c16:bw=14,experts=[7]; c0:bw=29,experts=[0,1]; c11:bw=15,experts=[5]; c4:bw=26,experts=[3,4]; c9:bw=56,experts=[0,1,5,6,7]; c5:bw=66,experts=[1,2,3,4,5,6]; c24:bw=33,experts=[5,6,7]; c23:bw=19,experts=[3]; c12:bw=48,experts=[2,3,4,5]; c8:bw=19,experts=[3]; c2:bw=25,experts=[0,7]; c7:bw=34,experts=[4,5,6]; c17:bw=32,experts=[3,4,5]; c15:bw=19,experts=[2]; c26:bw=46,experts=[0,5,6,7]; c1:bw=20,experts=[0,7]; c3:bw=28,experts=[0,1]; c29:bw=35,experts=[3,4,5]; c22:bw=44,experts=[3,4,5,6]; c19:bw=54,experts=[0,1,5,6,7]; c20:bw=56,experts=[1,2,3,4,5]; c10:bw=37,experts=[2,3,4]; c27:bw=63,experts=[1,2,3,4,5,6]","1.3208,1.0229,2.0725,1.5811,1.6310,1.1073,1.7206,1.7970,1.0652,2.2452,2.0764,1.3584,3.3737,1.2002,1.3087,1.7952,1.1198,1.2334,1.2896,1.9643,1.1232,1.0077,1.0416,1.5282,3.2102,1.6217,1.4481,2.0540,2.5024,1.8517"
93,2026-09-23 21:42:25,Ours,0.01,1.9609798751189527,49.66,50.43,92,52.507,0:52.51,50.8986,0.473,1.1322,4793.9178,1:19:53.92,30,"21,8,3,5,29,26,13,22,25,27,4,2,12,19,6,11,18,14,16,23,24,1,10,20,7,17,9,0,28,15",21:34;8:10;3:31;5:10;29:47;26:61;13:63;22:14;25:52;27:39;4:32;2:51;12:52;19:39;6:22;11:32;18:23;14:25;16:46;23:22;24:50;1:47;10:15;20:57;7:22;17:32;9:58;0:19;28:47;15:36,"21:[0,6,7];8:[4];3:[2,3,4];5:[7];29:[0,1,6,7];26:[1,2,3,4,5,6];13:[0,1,2,3,4,5];22:[7];25:[0,1,2,6,7];27:[0,1,7];4:[5,6,7];2:[1,2,3,4,5];12:[0,1,2,6,7];19:[2,3,4];6:[4,5];11:[0,6,7];18:[3,4];14:[2,3];16:[0,1,2,3];23:[4,5];24:[0,1,2,3,4];1:[1,2,3,4];10:[5];20:[0,1,2,6,7];7:[0,7];17:[0,6,7];9:[2,3,4,5,6];0:[2];28:[3,4,5,6];15:[3,4,5]","c21:bw=34,experts=[0,6,7]; c8:bw=10,experts=[4]; c3:bw=31,experts=[2,3,4]; c5:bw=10,experts=[7]; c29:bw=47,experts=[0,1,6,7]; c26:bw=61,experts=[1,2,3,4,5,6]; c13:bw=63,experts=[0,1,2,3,4,5]; c22:bw=14,experts=[7]; c25:bw=52,experts=[0,1,2,6,7]; c27:bw=39,experts=[0,1,7]; c4:bw=32,experts=[5,6,7]; c2:bw=51,experts=[1,2,3,4,5]; c12:bw=52,experts=[0,1,2,6,7]; c19:bw=39,experts=[2,3,4]; c6:bw=22,experts=[4,5]; c11:bw=32,experts=[0,6,7]; c18:bw=23,experts=[3,4]; c14:bw=25,experts=[2,3]; c16:bw=46,experts=[0,1,2,3]; c23:bw=22,experts=[4,5]; c24:bw=50,experts=[0,1,2,3,4]; c1:bw=47,experts=[1,2,3,4]; c10:bw=15,experts=[5]; c20:bw=57,experts=[0,1,2,6,7]; c7:bw=22,experts=[0,7]; c17:bw=32,experts=[0,6,7]; c9:bw=58,experts=[2,3,4,5,6]; c0:bw=19,experts=[2]; c28:bw=47,experts=[3,4,5,6]; c15:bw=36,experts=[3,4,5]","1.0058,1.1433,1.5440,3.3848,3.2669,1.0281,1.6220,1.5996,2.0680,1.8429,2.0708,1.2400,1.8476,1.5016,1.2227,2.5556,1.8126,1.3382,1.8705,1.3793,1.3290,1.1278,2.5743,2.0788,1.2817,1.9744,1.3970,1.0734,1.5786,1.1395"
94,2026-09-23 21:43:17,Ours,0.01,2.0322707375915776,46.31,50.43,92,51.6145,0:51.61,49.9845,0.4776,1.1492,4845.5725,1:20:45.57,30,"27,26,21,28,1,11,8,17,0,12,15,22,5,18,25,9,24,6,14,10,3,13,7,20,19,4,16,29,2,23",27:26;26:55;21:30;28:60;1:70;11:48;8:10;17:12;0:55;12:14;15:40;22:52;5:41;18:47;25:18;9:50;24:39;6:30;14:38;10:61;3:34;13:44;7:45;20:10;19:48;4:31;16:28;29:10;2:65;23:38,"27:[2,3];26:[0,1,2,3,7];21:[1,2,3];28:[0,1,2,3,4,7];1:[0,1,2,3,5,6,7];11:[1,2,3,4];8:[5];17:[1];0:[3,4,5,6,7];12:[3];15:[0,1,6,7];22:[0,1,2,3,4];5:[0,1,2,3];18:[0,5,6,7];25:[3];9:[0,1,2,3,7];24:[5,6,7];6:[0,6,7];14:[4,5,6];10:[0,1,2,3,6,7];3:[5,6,7];13:[0,1,6,7];7:[1,2,3,4];20:[3];19:[0,5,6,7];4:[0,1,2];16:[4,5];29:[2];2:[0,1,2,3,6,7];23:[0,6,7]","c27:bw=26,experts=[2,3]; c26:bw=55,experts=[0,1,2,3,7]; c21:bw=30,experts=[1,2,3]; c28:bw=60,experts=[0,1,2,3,4,7]; c1:bw=70,experts=[0,1,2,3,5,6,7]; c11:bw=48,experts=[1,2,3,4]; c8:bw=10,experts=[5]; c17:bw=12,experts=[1]; c0:bw=55,experts=[3,4,5,6,7]; c12:bw=14,experts=[3]; c15:bw=40,experts=[0,1,6,7]; c22:bw=52,experts=[0,1,2,3,4]; c5:bw=41,experts=[0,1,2,3]; c18:bw=47,experts=[0,5,6,7]; c25:bw=18,experts=[3]; c9:bw=50,experts=[0,1,2,3,7]; c24:bw=39,experts=[5,6,7]; c6:bw=30,experts=[0,6,7]; c14:bw=38,experts=[4,5,6]; c10:bw=61,experts=[0,1,2,3,6,7]; c3:bw=34,experts=[5,6,7]; c13:bw=44,experts=[0,1,6,7]; c7:bw=45,experts=[1,2,3,4]; c20:bw=10,experts=[3]; c19:bw=48,experts=[0,5,6,7]; c4:bw=31,experts=[0,1,2]; c16:bw=28,experts=[4,5]; c29:bw=10,experts=[2]; c2:bw=65,experts=[0,1,2,3,6,7]; c23:bw=38,experts=[0,6,7]","1.8754,1.0221,1.0196,1.5915,1.0640,2.2443,1.1381,1.9704,1.0774,1.8807,1.1400,1.7927,3.4012,1.7097,2.1126,1.3375,1.2109,1.1006,1.3172,2.5107,1.5306,1.6167,1.2887,2.0397,1.4239,2.0537,1.7790,3.2041,1.2286,1.3028"
95,2026-09-23 21:44:08,Ours,0.01,1.94989143183874,50.12,50.43,92,51.3656,0:51.37,49.745,0.4735,1.144,4896.9799,1:21:36.98,30,"26,6,2,19,15,24,14,23,0,21,10,29,18,4,12,5,1,7,11,27,20,9,17,22,25,8,13,28,3,16",26:28;6:40;2:23;19:42;15:34;24:33;14:49;23:32;0:35;21:46;10:42;29:48;18:28;4:15;12:10;5:10;1:31;7:59;11:10;27:10;20:56;9:42;17:47;22:10;25:36;8:76;13:59;28:30;3:41;16:24,"26:[4,5];6:[1,2,3,4];2:[4,5];19:[1,2,3,4];15:[2,3,4];24:[0,1,2];14:[0,1,2,7];23:[1,2,3];0:[0,1,2];21:[4,5,6,7];10:[4,5,6,7];29:[3,4,5,6];18:[1,2];4:[3];12:[4];5:[4];1:[4,5,6];7:[0,1,5,6,7];11:[5];27:[4];20:[0,4,5,6,7];9:[4,5,6,7];17:[2,3,4,5];22:[5];25:[4,5,6];8:[0,1,2,3,4,6,7];13:[2,3,4,5,6];28:[5,6,7];3:[0,1,2,3];16:[6,7]","c26:bw=28,experts=[4,5]; c6:bw=40,experts=[1,2,3,4]; c2:bw=23,experts=[4,5]; c19:bw=42,experts=[1,2,3,4]; c15:bw=34,experts=[2,3,4]; c24:bw=33,experts=[0,1,2]; c14:bw=49,experts=[0,1,2,7]; c23:bw=32,experts=[1,2,3]; c0:bw=35,experts=[0,1,2]; c21:bw=46,experts=[4,5,6,7]; c10:bw=42,experts=[4,5,6,7]; c29:bw=48,experts=[3,4,5,6]; c18:bw=28,experts=[1,2]; c4:bw=15,experts=[3]; c12:bw=10,experts=[4]; c5:bw=10,experts=[4]; c1:bw=31,experts=[4,5,6]; c7:bw=59,experts=[0,1,5,6,7]; c11:bw=10,experts=[5]; c27:bw=10,experts=[4]; c20:bw=56,experts=[0,4,5,6,7]; c9:bw=42,experts=[4,5,6,7]; c17:bw=47,experts=[2,3,4,5]; c22:bw=10,experts=[5]; c25:bw=36,experts=[4,5,6]; c8:bw=76,experts=[0,1,2,3,4,6,7]; c13:bw=59,experts=[2,3,4,5,6]; c28:bw=30,experts=[5,6,7]; c3:bw=41,experts=[0,1,2,3]; c16:bw=24,experts=[6,7]","1.0342,1.1182,1.2410,1.4704,1.1470,1.2244,1.3107,1.3152,1.0679,1.0021,2.5334,3.2413,1.7277,2.0800,1.7992,3.3890,1.0404,1.2845,2.2286,1.8459,2.0571,1.3480,1.9719,1.5910,2.0539,1.1388,1.6198,1.5532,1.5318,1.7786"
96,2026-09-23 21:44:59,Ours,0.01,1.989039556247474,49.67,50.43,92,51.4039,0:51.40,49.7774,0.4795,1.1438,4948.424,1:22:28.42,30,"15,10,12,23,26,3,22,5,9,7,14,4,1,8,28,0,6,2,16,13,18,11,20,29,19,21,17,24,25,27",15:78;10:53;12:71;23:27;26:60;3:46;22:55;5:60;9:44;7:50;14:10;4:49;1:36;8:64;28:38;0:36;6:31;2:65;16:72;13:55;18:29;11:44;20:37;29:55;19:38;21:17;17:35;24:45;25:29;27:43,"15:[0,1,2,3,5,6,7];10:[0,1,2,3,4];12:[0,1,2,3,5,6,7];23:[4,5];26:[0,1,2,3,6,7];3:[4,5,6,7];22:[0,1,2,6,7];5:[0,1,2,5,6,7];9:[0,1,2,3];7:[2,3,4,5,6];14:[3];4:[4,5,6,7];1:[0,1,7];8:[0,1,2,5,6,7];28:[0,1,2];0:[3,4,5];6:[5,6,7];2:[0,1,2,3,6,7];16:[0,1,2,3,4,5,6];13:[0,1,2,3,7];18:[3,4];11:[0,1,6,7];20:[1,2,3];29:[0,1,2,3,7];19:[5,6,7];21:[0];17:[0,6,7];24:[3,4,5,6];25:[0,7];27:[0,5,6,7]","c15:bw=78,experts=[0,1,2,3,5,6,7]; c10:bw=53,experts=[0,1,2,3,4]; c12:bw=71,experts=[0,1,2,3,5,6,7]; c23:bw=27,experts=[4,5]; c26:bw=60,experts=[0,1,2,3,6,7]; c3:bw=46,experts=[4,5,6,7]; c22:bw=55,experts=[0,1,2,6,7]; c5:bw=60,experts=[0,1,2,5,6,7]; c9:bw=44,experts=[0,1,2,3]; c7:bw=50,experts=[2,3,4,5,6]; c14:bw=10,experts=[3]; c4:bw=49,experts=[4,5,6,7]; c1:bw=36,experts=[0,1,7]; c8:bw=64,experts=[0,1,2,5,6,7]; c28:bw=38,experts=[0,1,2]; c0:bw=36,experts=[3,4,5]; c6:bw=31,experts=[5,6,7]; c2:bw=65,experts=[0,1,2,3,6,7]; c16:bw=72,experts=[0,1,2,3,4,5,6]; c13:bw=55,experts=[0,1,2,3,7]; c18:bw=29,experts=[3,4]; c11:bw=44,experts=[0,1,6,7]; c20:bw=37,experts=[1,2,3]; c29:bw=55,experts=[0,1,2,3,7]; c19:bw=38,experts=[5,6,7]; c21:bw=17,experts=[0]; c17:bw=35,experts=[0,6,7]; c24:bw=45,experts=[3,4,5,6]; c25:bw=29,experts=[0,7]; c27:bw=43,experts=[0,5,6,7]","1.1392,2.5369,1.8161,1.3322,1.0157,1.5383,1.6185,3.4250,1.3515,1.3026,1.3081,2.0672,1.0972,1.1431,1.5702,1.0655,1.1020,1.2234,1.7935,1.5909,1.7153,2.2400,2.0564,3.2136,1.4510,0.9941,1.9642,1.2075,2.0458,1.8524"
97,2026-09-23 21:45:51,Ours,0.01,1.9439998530011595,51.52,51.52,97,51.437,0:51.44,49.8365,0.4753,1.122,4999.9034,1:23:19.90,30,"8,28,23,27,3,13,6,9,15,2,7,0,16,4,29,5,26,11,18,22,25,19,14,20,1,17,12,21,24,10",8:43;28:20;23:10;27:34;3:35;13:51;6:50;9:43;15:59;2:54;7:30;0:41;16:54;4:16;29:33;5:46;26:71;11:22;18:70;22:32;25:44;19:30;14:23;20:42;1:50;17:54;12:13;21:35;24:46;10:51,"8:[3,4,5,6];28:[3,4];23:[6];27:[1,2,3];3:[0,1,2];13:[0,4,5,6,7];6:[0,1,2,3,4];9:[4,5,6,7];15:[0,4,5,6,7];2:[0,4,5,6,7];7:[0,1,7];0:[0,1,6,7];16:[0,1,2,3,7];4:[0];29:[4,5,6];5:[3,4,5,6];26:[0,1,2,4,5,6,7];11:[2,3];18:[0,1,2,3,5,6,7];22:[3,4,5];25:[1,2,3,4];19:[0,1,2];14:[4,5];20:[4,5,6,7];1:[2,3,4,5,6];17:[1,2,3,4,5];12:[4];21:[1,2,3];24:[0,1,2,7];10:[0,1,5,6,7]","c8:bw=43,experts=[3,4,5,6]; c28:bw=20,experts=[3,4]; c23:bw=10,experts=[6]; c27:bw=34,experts=[1,2,3]; c3:bw=35,experts=[0,1,2]; c13:bw=51,experts=[0,4,5,6,7]; c6:bw=50,experts=[0,1,2,3,4]; c9:bw=43,experts=[4,5,6,7]; c15:bw=59,experts=[0,4,5,6,7]; c2:bw=54,experts=[0,4,5,6,7]; c7:bw=30,experts=[0,1,7]; c0:bw=41,experts=[0,1,6,7]; c16:bw=54,experts=[0,1,2,3,7]; c4:bw=16,experts=[0]; c29:bw=33,experts=[4,5,6]; c5:bw=46,experts=[3,4,5,6]; c26:bw=71,experts=[0,1,2,4,5,6,7]; c11:bw=22,experts=[2,3]; c18:bw=70,experts=[0,1,2,3,5,6,7]; c22:bw=32,experts=[3,4,5]; c25:bw=44,experts=[1,2,3,4]; c19:bw=30,experts=[0,1,2]; c14:bw=23,experts=[4,5]; c20:bw=42,experts=[4,5,6,7]; c1:bw=50,experts=[2,3,4,5,6]; c17:bw=54,experts=[1,2,3,4,5]; c12:bw=13,experts=[4]; c21:bw=35,experts=[1,2,3]; c24:bw=46,experts=[0,1,2,7]; c10:bw=51,experts=[0,1,5,6,7]","1.1569,1.5909,1.3259,1.8758,1.5609,1.6343,1.1121,1.3770,1.2238,1.2449,1.2995,1.0634,1.7866,2.0698,3.2417,3.3992,1.0137,2.2256,1.7133,1.6034,2.0549,1.4301,1.3067,2.0505,1.0404,1.9607,1.7909,0.9917,1.1920,2.4999"
98,2026-09-23 21:46:43,Ours,0.01,1.948034886791654,50.88,51.52,97,51.7402,0:51.74,50.1238,0.4725,1.1408,5051.6843,1:24:11.68,30,"5,21,12,17,18,13,16,24,6,20,28,8,10,1,26,19,23,3,22,2,29,11,0,27,15,25,9,7,14,4",5:49;21:22;12:16;17:17;18:32;13:31;16:41;24:48;6:36;20:36;28:52;8:54;10:45;1:26;26:54;19:45;23:40;3:25;22:34;2:24;29:47;11:10;0:33;27:41;15:17;25:55;9:27;7:24;14:67;4:52,"5:[0,1,2,7];21:[4,5];12:[5];17:[6];18:[4,5,6];13:[1,2,3];16:[4,5,6,7];24:[3,4,5,6];6:[5,6,7];20:[0,1,2];28:[0,1,5,6,7];8:[0,1,2,3,7];10:[2,3,4,5];1:[0,7];26:[3,4,5,6,7];19:[3,4,5,6];23:[0,1,2,7];3:[3,4];22:[0,6,7];2:[1,2];29:[0,1,2,7];11:[4];0:[2,3,4];27:[4,5,6,7];15:[1];25:[0,1,5,6,7];9:[0,1];7:[2,3];14:[0,1,2,3,6,7];4:[1,2,3,4,5]","c5:bw=49,experts=[0,1,2,7]; c21:bw=22,experts=[4,5]; c12:bw=16,experts=[5]; c17:bw=17,experts=[6]; c18:bw=32,experts=[4,5,6]; c13:bw=31,experts=[1,2,3]; c16:bw=41,experts=[4,5,6,7]; c24:bw=48,experts=[3,4,5,6]; c6:bw=36,experts=[5,6,7]; c20:bw=36,experts=[0,1,2]; c28:bw=52,experts=[0,1,5,6,7]; c8:bw=54,experts=[0,1,2,3,7]; c10:bw=45,experts=[2,3,4,5]; c1:bw=26,experts=[0,7]; c26:bw=54,experts=[3,4,5,6,7]; c19:bw=45,experts=[3,4,5,6]; c23:bw=40,experts=[0,1,2,7]; c3:bw=25,experts=[3,4]; c22:bw=34,experts=[0,6,7]; c2:bw=24,experts=[1,2]; c29:bw=47,experts=[0,1,2,7]; c11:bw=10,experts=[4]; c0:bw=33,experts=[2,3,4]; c27:bw=41,experts=[4,5,6,7]; c15:bw=17,experts=[1]; c25:bw=55,experts=[0,1,5,6,7]; c9:bw=27,experts=[0,1]; c7:bw=24,experts=[2,3]; c14:bw=67,experts=[0,1,2,3,6,7]; c4:bw=52,experts=[1,2,3,4,5]","3.4191,1.0032,1.7940,1.9962,1.7394,1.6215,1.8386,1.2386,1.1360,2.1329,1.6222,1.1403,2.5458,1.0349,1.0472,1.4673,1.3446,1.5584,1.6440,1.2357,3.2211,2.2297,1.0684,1.8492,1.1188,2.0647,1.3376,1.3056,1.2976,2.0713"
99,2026-09-23 21:47:34,Ours,0.01,1.97153854349069,51.37,51.52,97,51.3568,0:51.36,49.7396,0.479,1.1349,5103.0833,1:25:03.08,30,"6,12,0,8,20,29,14,22,17,18,23,28,26,4,2,7,5,15,10,1,24,13,16,11,27,25,9,21,3,19",6:35;12:34;0:40;8:34;20:26;29:57;14:33;22:18;17:43;18:55;23:33;28:28;26:18;4:24;2:31;7:45;5:49;15:47;10:11;1:59;24:42;13:25;16:34;11:10;27:10;25:27;9:20;21:56;3:38;19:48,"6:[0,1,2];12:[0,6,7];0:[0,5,6,7];8:[4,5,6];20:[3,4];29:[3,4,5,6,7];14:[4,5,6];22:[1];17:[0,1,2,7];18:[0,1,2,3,7];23:[3,4,5];28:[2,3];26:[0];4:[6,7];2:[3,4,5];7:[4,5,6,7];5:[3,4,5,6];15:[2,3,4,5];10:[6];1:[1,2,3,4,5];24:[0,1,2,7];13:[4,5];16:[0,1,2];11:[5];27:[0];25:[2,3];9:[2,3];21:[0,1,2,6,7];3:[5,6,7];19:[0,1,2,7]","c6:bw=35,experts=[0,1,2]; c12:bw=34,experts=[0,6,7]; c0:bw=40,experts=[0,5,6,7]; c8:bw=34,experts=[4,5,6]; c20:bw=26,experts=[3,4]; c29:bw=57,experts=[3,4,5,6,7]; c14:bw=33,experts=[4,5,6]; c22:bw=18,experts=[1]; c17:bw=43,experts=[0,1,2,7]; c18:bw=55,experts=[0,1,2,3,7]; c23:bw=33,experts=[3,4,5]; c28:bw=28,experts=[2,3]; c26:bw=18,experts=[0]; c4:bw=24,experts=[6,7]; c2:bw=31,experts=[3,4,5]; c7:bw=45,experts=[4,5,6,7]; c5:bw=49,experts=[3,4,5,6]; c15:bw=47,experts=[2,3,4,5]; c10:bw=11,experts=[6]; c1:bw=59,experts=[1,2,3,4,5]; c24:bw=42,experts=[0,1,2,7]; c13:bw=25,experts=[4,5]; c16:bw=34,experts=[0,1,2]; c11:bw=10,experts=[5]; c27:bw=10,experts=[0]; c25:bw=27,experts=[2,3]; c9:bw=20,experts=[2,3]; c21:bw=56,experts=[0,1,2,6,7]; c3:bw=38,experts=[5,6,7]; c19:bw=48,experts=[0,1,2,7]","1.1102,1.8107,1.0627,1.1475,2.0907,3.2815,1.3297,1.6135,1.9737,1.7232,1.3172,1.5674,1.0098,2.0788,1.2198,1.2891,3.4133,1.1223,2.5210,1.0455,1.1893,1.6139,1.7683,2.2092,1.8452,2.0517,1.3559,0.9958,1.5395,1.4431"
100,2026-09-23 21:48:26,Ours,0.01,1.9279272647190016,51.07,51.52,97,51.4976,0:51.50,49.8622,0.4743,1.1579,5154.6226,1:25:54.62,30,"22,0,10,14,27,8,25,1,17,15,11,18,21,26,4,29,2,24,23,28,16,19,12,3,13,5,9,20,6,7",22:36;0:64;10:56;14:10;27:20;8:44;25:45;1:17;17:55;15:30;11:17;18:80;21:47;26:38;4:65;29:33;2:30;24:53;23:16;28:50;16:46;19:18;12:37;3:42;13:10;5:18;9:53;20:47;6:44;7:10,"22:[2,3,4];0:[1,2,3,4,5,6];10:[0,1,2,3,7];14:[7];27:[1,2];8:[0,1,2,7];25:[4,5,6,7];1:[6];17:[3,4,5,6,7];15:[0,6,7];11:[6];18:[0,1,2,3,4,5,6,7];21:[3,4,5,6];26:[1,2,3];4:[0,1,2,3,4,5];29:[0,1,2];2:[0,6,7];24:[3,4,5,6,7];23:[6];28:[0,4,5,6,7];16:[3,4,5,6];19:[3];12:[1,2,3];3:[0,1,2,3];13:[6];5:[7];9:[0,4,5,6,7];20:[0,5,6,7];6:[3,4,5,6];7:[0]","c22:bw=36,experts=[2,3,4]; c0:bw=64,experts=[1,2,3,4,5,6]; c10:bw=56,experts=[0,1,2,3,7]; c14:bw=10,experts=[7]; c27:bw=20,experts=[1,2]; c8:bw=44,experts=[0,1,2,7]; c25:bw=45,experts=[4,5,6,7]; c1:bw=17,experts=[6]; c17:bw=55,experts=[3,4,5,6,7]; c15:bw=30,experts=[0,6,7]; c11:bw=17,experts=[6]; c18:bw=80,experts=[0,1,2,3,4,5,6,7]; c21:bw=47,experts=[3,4,5,6]; c26:bw=38,experts=[1,2,3]; c4:bw=65,experts=[0,1,2,3,4,5]; c29:bw=33,experts=[0,1,2]; c2:bw=30,experts=[0,6,7]; c24:bw=53,experts=[3,4,5,6,7]; c23:bw=16,experts=[6]; c28:bw=50,experts=[0,4,5,6,7]; c16:bw=46,experts=[3,4,5,6]; c19:bw=18,experts=[3]; c12:bw=37,experts=[1,2,3]; c3:bw=42,experts=[0,1,2,3]; c13:bw=10,experts=[6]; c5:bw=18,experts=[7]; c9:bw=53,experts=[0,4,5,6,7]; c20:bw=47,experts=[0,5,6,7]; c6:bw=44,experts=[3,4,5,6]; c7:bw=10,experts=[0]","1.6258,1.0730,2.5408,1.3200,1.8714,1.1441,2.0905,1.0478,1.9858,1.2173,2.2318,1.7252,0.9936,1.0109,2.0523,3.2093,1.2274,1.1992,1.3053,1.5655,1.7913,1.4507,1.8067,1.5185,1.6154,3.3935,1.3502,2.0976,1.1089,1.2926"
