Round,Timestamp,Method,LR,AvgLoss,TestAcc,BestAcc,BestRound,RoundTimeSec,RoundTimeHMS,LocalTrainTimeSec,AggTimeSec,EvalTimeSec,CumulativeTimeSec,CumulativeTimeHMS,NumClientsSelected,SelectedClients,Bandwidth,SelectedExperts,UploadDetail,ClientTrainTimesSec
1,2026-09-24 19:27:32,Ours,0.00208,3.876995031716602,1.19,1.19,1,65.7034,1:05.70,64.0154,0.3246,1.361,65.7034,1:05.70,20,"0,17,15,1,8,5,11,3,18,16,13,2,9,19,4,12,7,10,14,6",0:10;17:34;15:58;1:29;8:55;5:44;11:24;3:51;18:30;16:48;13:42;2:29;9:45;19:40;4:40;12:23;7:20;10:22;14:54;6:41,"0:[2];17:[2,4,6];15:[1,2,4,5,6];1:[2,4];8:[1,2,4,5,6];5:[1,2,4,6];11:[2,4];3:[1,2,4,5,6];18:[2,4,6];16:[1,2,4,6];13:[1,2,4,6];2:[2,4];9:[1,2,4,6];19:[1,2,4,6];4:[1,2,4,6];12:[2,4];7:[2,6];10:[2,4];14:[1,2,4,5,6];6:[1,2,4,6]","c0:bw=10,experts=[2]; c17:bw=34,experts=[2,4,6]; c15:bw=58,experts=[1,2,4,5,6]; c1:bw=29,experts=[2,4]; c8:bw=55,experts=[1,2,4,5,6]; c5:bw=44,experts=[1,2,4,6]; c11:bw=24,experts=[2,4]; c3:bw=51,experts=[1,2,4,5,6]; c18:bw=30,experts=[2,4,6]; c16:bw=48,experts=[1,2,4,6]; c13:bw=42,experts=[1,2,4,6]; c2:bw=29,experts=[2,4]; c9:bw=45,experts=[1,2,4,6]; c19:bw=40,experts=[1,2,4,6]; c4:bw=40,experts=[1,2,4,6]; c12:bw=23,experts=[2,4]; c7:bw=20,experts=[2,6]; c10:bw=22,experts=[2,4]; c14:bw=54,experts=[1,2,4,5,6]; c6:bw=41,experts=[1,2,4,6]","2.3955,2.6648,3.5649,4.5908,2.6854,1.5638,2.9141,1.7858,3.8343,2.5271,5.0581,3.2575,2.8732,4.8343,3.9008,3.0636,3.9947,1.5432,4.5507,2.4128"
2,2026-09-24 19:28:34,Ours,0.00406,3.383284317560438,3.3,3.3,2,62.1192,1:02.12,60.4117,0.3304,1.3745,127.9839,2:07.98,20,"19,16,15,5,4,12,14,7,3,6,2,9,13,10,18,8,17,11,0,1",19:53;16:16;15:62;5:69;4:30;12:16;14:26;7:55;3:67;6:17;2:22;9:46;13:54;10:59;18:24;8:48;17:51;11:29;0:36;1:41,"19:[0,1,4,5,6];16:[4];15:[0,1,2,4,5,6];5:[0,1,2,4,5,6];4:[0,4,6];12:[4];14:[4,6];7:[0,1,4,5,6];3:[0,1,2,4,5,6];6:[4];2:[4,6];9:[0,1,4,6];13:[0,1,4,5,6];10:[0,1,4,5,6];18:[4,6];8:[0,1,4,6];17:[0,1,4,5,6];11:[4,6];0:[0,4,6];1:[0,1,4,6]","c19:bw=53,experts=[0,1,4,5,6]; c16:bw=16,experts=[4]; c15:bw=62,experts=[0,1,2,4,5,6]; c5:bw=69,experts=[0,1,2,4,5,6]; c4:bw=30,experts=[0,4,6]; c12:bw=16,experts=[4]; c14:bw=26,experts=[4,6]; c7:bw=55,experts=[0,1,4,5,6]; c3:bw=67,experts=[0,1,2,4,5,6]; c6:bw=17,experts=[4]; c2:bw=22,experts=[4,6]; c9:bw=46,experts=[0,1,4,6]; c13:bw=54,experts=[0,1,4,5,6]; c10:bw=59,experts=[0,1,4,5,6]; c18:bw=24,experts=[4,6]; c8:bw=48,experts=[0,1,4,6]; c17:bw=51,experts=[0,1,4,5,6]; c11:bw=29,experts=[4,6]; c0:bw=36,experts=[0,4,6]; c1:bw=41,experts=[0,1,4,6]","4.2234,2.6125,3.5743,1.5063,3.8869,2.8597,4.5142,3.7478,1.7119,2.3271,3.1289,2.5759,4.7483,1.4147,3.5347,2.6385,2.6111,2.7600,1.7452,4.2901"
3,2026-09-24 19:29:36,Ours,0.006040000000000001,3.2617456425264186,5.51,5.51,3,62.2004,1:02.20,60.5166,0.3326,1.3486,190.1977,3:10.20,20,"10,7,0,2,5,18,16,12,4,14,15,9,1,13,11,19,3,17,6,8",10:10;7:33;0:50;2:42;5:13;18:40;16:31;12:37;4:52;14:53;15:16;9:48;1:13;13:54;11:66;19:24;3:26;17:41;6:40;8:30,"10:[4];7:[0,4,6];0:[0,1,4,5,6];2:[0,4,5,6];5:[4];18:[0,4,5,6];16:[0,4,6];12:[0,4,6];4:[0,1,4,5,6];14:[0,1,4,5,6];15:[4];9:[0,4,5,6];1:[4];13:[0,1,4,5,6];11:[0,1,2,4,5,6];19:[4,6];3:[4,6];17:[0,4,5,6];6:[0,4,5,6];8:[0,4,6]","c10:bw=10,experts=[4]; c7:bw=33,experts=[0,4,6]; c0:bw=50,experts=[0,1,4,5,6]; c2:bw=42,experts=[0,4,5,6]; c5:bw=13,experts=[4]; c18:bw=40,experts=[0,4,5,6]; c16:bw=31,experts=[0,4,6]; c12:bw=37,experts=[0,4,6]; c4:bw=52,experts=[0,1,4,5,6]; c14:bw=53,experts=[0,1,4,5,6]; c15:bw=16,experts=[4]; c9:bw=48,experts=[0,4,5,6]; c1:bw=13,experts=[4]; c13:bw=54,experts=[0,1,4,5,6]; c11:bw=66,experts=[0,1,2,4,5,6]; c19:bw=24,experts=[4,6]; c3:bw=26,experts=[4,6]; c17:bw=41,experts=[0,4,5,6]; c6:bw=40,experts=[0,4,5,6]; c8:bw=30,experts=[0,4,6]","1.4267,3.8007,1.7350,3.0256,1.5283,3.6417,2.5461,2.8939,3.7446,4.4554,3.4241,2.6665,4.3255,4.7833,2.7947,4.2892,1.7364,2.6243,2.3899,2.6848"
4,2026-09-24 19:30:38,Ours,0.00802,3.190542651255615,6.39,6.39,4,61.9973,1:02.00,60.2915,0.3335,1.3695,252.2089,4:12.21,20,"0,18,6,8,17,11,4,9,12,10,5,19,15,7,1,3,16,13,2,14",0:59;18:43;6:53;8:31;17:39;11:49;4:56;9:22;12:63;10:64;5:73;19:47;15:24;7:45;1:40;3:34;16:45;13:49;2:60;14:32,"0:[0,1,4,5,6];18:[0,4,5,6];6:[0,1,4,5,6];8:[0,4,6];17:[0,4,6];11:[0,4,5,6];4:[0,1,4,5,6];9:[4,6];12:[0,1,2,4,5,6];10:[0,1,2,4,5,6];5:[0,1,2,4,5,6,7];19:[0,4,5,6];15:[4,6];7:[0,4,5,6];1:[0,4,5,6];3:[0,4,6];16:[0,4,5,6];13:[0,4,5,6];2:[0,1,2,4,5,6];14:[0,4,6]","c0:bw=59,experts=[0,1,4,5,6]; c18:bw=43,experts=[0,4,5,6]; c6:bw=53,experts=[0,1,4,5,6]; c8:bw=31,experts=[0,4,6]; c17:bw=39,experts=[0,4,6]; c11:bw=49,experts=[0,4,5,6]; c4:bw=56,experts=[0,1,4,5,6]; c9:bw=22,experts=[4,6]; c12:bw=63,experts=[0,1,2,4,5,6]; c10:bw=64,experts=[0,1,2,4,5,6]; c5:bw=73,experts=[0,1,2,4,5,6,7]; c19:bw=47,experts=[0,4,5,6]; c15:bw=24,experts=[4,6]; c7:bw=45,experts=[0,4,5,6]; c1:bw=40,experts=[0,4,5,6]; c3:bw=34,experts=[0,4,6]; c16:bw=45,experts=[0,4,5,6]; c13:bw=49,experts=[0,4,5,6]; c2:bw=60,experts=[0,1,2,4,5,6]; c14:bw=32,experts=[0,4,6]","1.7921,3.4486,2.3717,2.6693,2.6058,2.8541,4.0123,2.7763,2.9207,1.4336,1.5183,4.2393,3.4141,3.6506,4.2329,1.7148,2.4528,4.6229,3.0654,4.4960"
5,2026-09-24 19:31:40,Ours,0.01,3.1387795271843917,8.53,8.53,5,61.5076,1:01.51,59.818,0.3302,1.3568,313.7311,5:13.73,20,"5,2,10,19,0,12,9,16,1,4,17,8,11,6,18,7,14,15,13,3",5:40;2:10;10:35;19:19;0:50;12:55;9:62;16:32;1:20;4:48;17:64;8:37;11:21;6:53;18:10;7:24;14:53;15:45;13:36;3:63,"5:[0,1,4,6];2:[4];10:[0,4,6];19:[4];0:[0,1,4,5,6];12:[0,1,4,5,6];9:[0,1,2,4,5,6];16:[0,4,6];1:[4,6];4:[0,1,4,6];17:[0,1,2,4,5,6];8:[0,4,6];11:[4,6];6:[0,1,4,5,6];18:[4];7:[4,6];14:[0,1,4,5,6];15:[0,1,4,6];13:[0,4,6];3:[0,1,2,4,5,6]","c5:bw=40,experts=[0,1,4,6]; c2:bw=10,experts=[4]; c10:bw=35,experts=[0,4,6]; c19:bw=19,experts=[4]; c0:bw=50,experts=[0,1,4,5,6]; c12:bw=55,experts=[0,1,4,5,6]; c9:bw=62,experts=[0,1,2,4,5,6]; c16:bw=32,experts=[0,4,6]; c1:bw=20,experts=[4,6]; c4:bw=48,experts=[0,1,4,6]; c17:bw=64,experts=[0,1,2,4,5,6]; c8:bw=37,experts=[0,4,6]; c11:bw=21,experts=[4,6]; c6:bw=53,experts=[0,1,4,5,6]; c18:bw=10,experts=[4]; c7:bw=24,experts=[4,6]; c14:bw=53,experts=[0,1,4,5,6]; c15:bw=45,experts=[0,1,4,6]; c13:bw=36,experts=[0,4,6]; c3:bw=63,experts=[0,1,2,4,5,6]","1.4888,3.0330,1.4250,4.2988,1.7125,2.8459,2.5705,2.4379,4.2482,3.9114,2.6288,2.5050,2.7452,2.3432,3.6047,3.6886,4.4844,3.3788,4.6918,1.7755"
6,2026-09-24 19:32:41,Ours,0.01,3.0789231210612202,10.27,10.27,6,61.8028,1:01.80,60.1387,0.3246,1.3368,375.55,6:15.55,20,"3,1,4,5,15,16,9,10,13,2,18,19,11,17,7,8,6,0,12,14",3:36;1:32;4:17;5:27;15:33;16:54;9:48;10:10;13:15;2:42;18:40;19:37;11:31;17:27;7:58;8:67;6:20;0:31;12:62;14:40,"3:[0,4,6];1:[0,4,6];4:[4];5:[4,6];15:[0,4,6];16:[0,1,4,5,6];9:[0,1,4,6];10:[4];13:[4];2:[0,1,4,6];18:[0,1,4,6];19:[0,4,6];11:[0,4,6];17:[4,6];7:[0,1,4,5,6];8:[0,1,2,4,5,6];6:[4,6];0:[0,4,6];12:[0,1,2,4,5,6];14:[0,1,4,6]","c3:bw=36,experts=[0,4,6]; c1:bw=32,experts=[0,4,6]; c4:bw=17,experts=[4]; c5:bw=27,experts=[4,6]; c15:bw=33,experts=[0,4,6]; c16:bw=54,experts=[0,1,4,5,6]; c9:bw=48,experts=[0,1,4,6]; c10:bw=10,experts=[4]; c13:bw=15,experts=[4]; c2:bw=42,experts=[0,1,4,6]; c18:bw=40,experts=[0,1,4,6]; c19:bw=37,experts=[0,4,6]; c11:bw=31,experts=[0,4,6]; c17:bw=27,experts=[4,6]; c7:bw=58,experts=[0,1,4,5,6]; c8:bw=67,experts=[0,1,2,4,5,6]; c6:bw=20,experts=[4,6]; c0:bw=31,experts=[0,4,6]; c12:bw=62,experts=[0,1,2,4,5,6]; c14:bw=40,experts=[0,1,4,6]","1.7378,4.3088,3.8279,1.5123,3.4081,2.4576,2.5912,1.4383,4.7418,3.1020,3.5104,4.2214,2.8526,2.6024,3.6918,2.6320,2.3565,1.7399,2.8734,4.5328"
7,2026-09-24 19:33:43,Ours,0.01,3.016693349952001,12.18,12.18,7,61.4275,1:01.43,59.7583,0.3282,1.3328,436.9929,7:16.99,20,"13,10,12,16,9,5,3,2,4,15,14,17,0,1,11,7,18,19,8,6",13:25;10:17;12:47;16:53;9:10;5:49;3:26;2:40;4:14;15:39;14:13;17:41;0:36;1:10;11:60;7:31;18:20;19:54;8:57;6:13,"13:[4,6];10:[4];12:[0,1,4,6];16:[0,1,4,5,6];9:[4];5:[0,1,4,6];3:[4,6];2:[0,1,4,6];4:[4];15:[0,4,6];14:[4];17:[0,1,4,6];0:[0,4,6];1:[4];11:[0,1,2,4,5,6];7:[0,4,6];18:[4,6];19:[0,1,2,4,6];8:[0,1,2,4,6];6:[4]","c13:bw=25,experts=[4,6]; c10:bw=17,experts=[4]; c12:bw=47,experts=[0,1,4,6]; c16:bw=53,experts=[0,1,4,5,6]; c9:bw=10,experts=[4]; c5:bw=49,experts=[0,1,4,6]; c3:bw=26,experts=[4,6]; c2:bw=40,experts=[0,1,4,6]; c4:bw=14,experts=[4]; c15:bw=39,experts=[0,4,6]; c14:bw=13,experts=[4]; c17:bw=41,experts=[0,1,4,6]; c0:bw=36,experts=[0,4,6]; c1:bw=10,experts=[4]; c11:bw=60,experts=[0,1,2,4,5,6]; c7:bw=31,experts=[0,4,6]; c18:bw=20,experts=[4,6]; c19:bw=54,experts=[0,1,2,4,6]; c8:bw=57,experts=[0,1,2,4,6]; c6:bw=13,experts=[4]","4.7700,1.4256,2.9198,2.4736,2.5768,1.5103,1.7037,3.1895,3.9925,3.4229,4.5906,2.7993,1.8590,4.4080,2.5419,3.2931,3.1807,3.9530,2.8003,2.3476"
8,2026-09-24 19:34:45,Ours,0.01,3.0129908241718093,14.09,14.09,8,62.489,1:02.49,60.7779,0.3281,1.3804,499.4976,8:19.50,20,"17,18,1,5,3,15,7,11,16,8,10,12,6,9,19,0,2,13,14,4",17:56;18:39;1:58;5:28;3:37;15:66;7:15;11:45;16:45;8:37;10:51;12:51;6:41;9:59;19:31;0:32;2:54;13:35;14:59;4:10,"17:[0,3,4,6,7];18:[3,4,7];1:[0,3,4,6,7];5:[3,4];3:[3,4,7];15:[0,1,3,4,6,7];7:[3];11:[3,4,6,7];16:[3,4,6,7];8:[3,4,7];10:[1,3,4,6,7];12:[0,3,4,6,7];6:[3,4,6,7];9:[1,3,4,6,7];19:[3,4,7];0:[3,4,7];2:[0,3,4,6,7];13:[3,4,7];14:[0,3,4,6,7];4:[3]","c17:bw=56,experts=[0,3,4,6,7]; c18:bw=39,experts=[3,4,7]; c1:bw=58,experts=[0,3,4,6,7]; c5:bw=28,experts=[3,4]; c3:bw=37,experts=[3,4,7]; c15:bw=66,experts=[0,1,3,4,6,7]; c7:bw=15,experts=[3]; c11:bw=45,experts=[3,4,6,7]; c16:bw=45,experts=[3,4,6,7]; c8:bw=37,experts=[3,4,7]; c10:bw=51,experts=[1,3,4,6,7]; c12:bw=51,experts=[0,3,4,6,7]; c6:bw=41,experts=[3,4,6,7]; c9:bw=59,experts=[1,3,4,6,7]; c19:bw=31,experts=[3,4,7]; c0:bw=32,experts=[3,4,7]; c2:bw=54,experts=[0,3,4,6,7]; c13:bw=35,experts=[3,4,7]; c14:bw=59,experts=[0,3,4,6,7]; c4:bw=10,experts=[3]","2.6316,3.5341,4.3532,1.5324,1.7145,3.4736,3.9428,2.9130,2.4859,2.6177,1.4343,2.8555,2.3509,2.6441,4.2409,1.7317,3.0304,4.7973,4.5627,3.9312"
9,2026-09-24 19:35:49,Ours,0.01,2.901917262437307,14.79,14.79,9,63.7404,1:03.74,62.0725,0.3231,1.3383,563.2529,9:23.25,20,"17,11,7,13,0,9,4,8,1,5,2,16,19,15,3,18,10,14,12,6",17:49;11:28;7:46;13:41;0:52;9:26;4:59;8:18;1:14;5:52;2:21;16:41;19:26;15:36;3:23;18:53;10:34;14:37;12:38;6:31,"17:[0,1,4,6];11:[4,6];7:[2,4,6,7];13:[0,2,4,6];0:[0,1,2,4,6];9:[4,6];4:[0,2,4,6,7];8:[4];1:[2];5:[0,1,4,5,6];2:[4,6];16:[0,2,4,6];19:[4,6];15:[0,4,6];3:[4,6];18:[0,1,2,4,6];10:[0,4,6];14:[2,4,6];12:[0,4,6];6:[2,4,6]","c17:bw=49,experts=[0,1,4,6]; c11:bw=28,experts=[4,6]; c7:bw=46,experts=[2,4,6,7]; c13:bw=41,experts=[0,2,4,6]; c0:bw=52,experts=[0,1,2,4,6]; c9:bw=26,experts=[4,6]; c4:bw=59,experts=[0,2,4,6,7]; c8:bw=18,experts=[4]; c1:bw=14,experts=[2]; c5:bw=52,experts=[0,1,4,5,6]; c2:bw=21,experts=[4,6]; c16:bw=41,experts=[0,2,4,6]; c19:bw=26,experts=[4,6]; c15:bw=36,experts=[0,4,6]; c3:bw=23,experts=[4,6]; c18:bw=53,experts=[0,1,2,4,6]; c10:bw=34,experts=[0,4,6]; c14:bw=37,experts=[2,4,6]; c12:bw=38,experts=[0,4,6]; c6:bw=31,experts=[2,4,6]","2.6308,2.7906,3.7790,4.8810,1.7704,2.6032,3.9963,2.6571,4.4790,1.5298,3.0976,2.4738,4.3061,3.4861,1.7523,3.8406,1.5602,4.9350,3.0919,2.4114"
10,2026-09-24 19:36:55,Ours,0.01,2.8455067406465218,17.66,17.66,10,65.3522,1:05.35,63.4842,0.3392,1.5256,628.6228,10:28.62,20,"4,9,1,15,7,5,16,2,18,3,12,17,8,14,0,13,6,10,19,11",4:37;9:35;1:41;15:10;7:37;5:58;16:44;2:34;18:28;3:46;12:52;17:35;8:35;14:57;0:59;13:38;6:65;10:54;19:43;11:21,"4:[1,4,6];9:[0,4,6];1:[0,1,4,6];15:[2];7:[1,4,6];5:[0,1,2,4,6];16:[0,1,4,6];2:[1,4,6];18:[4,6];3:[0,1,4,6];12:[0,1,4,5,6];17:[0,4,6];8:[0,4,6];14:[0,1,4,5,6];0:[0,1,2,4,6];13:[0,4,6];6:[0,1,2,4,5,6];10:[0,1,2,4,6];19:[0,1,4,6];11:[4,6]","c4:bw=37,experts=[1,4,6]; c9:bw=35,experts=[0,4,6]; c1:bw=41,experts=[0,1,4,6]; c15:bw=10,experts=[2]; c7:bw=37,experts=[1,4,6]; c5:bw=58,experts=[0,1,2,4,6]; c16:bw=44,experts=[0,1,4,6]; c2:bw=34,experts=[1,4,6]; c18:bw=28,experts=[4,6]; c3:bw=46,experts=[0,1,4,6]; c12:bw=52,experts=[0,1,4,5,6]; c17:bw=35,experts=[0,4,6]; c8:bw=35,experts=[0,4,6]; c14:bw=57,experts=[0,1,4,5,6]; c0:bw=59,experts=[0,1,2,4,6]; c13:bw=38,experts=[0,4,6]; c6:bw=65,experts=[0,1,2,4,5,6]; c10:bw=54,experts=[0,1,2,4,6]; c19:bw=43,experts=[0,1,4,6]; c11:bw=21,experts=[4,6]","4.0079,2.6456,4.3675,3.5319,3.7915,1.5535,2.4763,3.1103,3.8010,1.8767,3.1289,2.6921,2.6975,4.8258,1.8776,5.2120,2.6024,1.5858,4.6659,3.0340"
11,2026-09-24 19:37:58,Ours,0.01,2.759186768970223,19.32,19.32,11,63.8632,1:03.86,62.1585,0.3271,1.3696,692.504,11:32.50,20,"2,6,16,4,17,1,13,12,19,3,8,15,5,10,14,7,11,9,18,0",2:27;6:55;16:43;4:16;17:44;1:40;13:40;12:20;19:25;3:50;8:39;15:44;5:28;10:35;14:15;7:44;11:34;9:33;18:47;0:28,"2:[4,6];6:[0,1,4,5,6];16:[0,1,4,6];4:[4];17:[0,1,4,6];1:[0,1,4,6];13:[0,1,4,6];12:[4,6];19:[4,6];3:[0,1,4,5,6];8:[0,4,6];15:[1,4,5,6];5:[4,6];10:[1,4,6];14:[4];7:[0,1,4,6];11:[1,4,6];9:[1,4,6];18:[0,1,4,6];0:[4,6]","c2:bw=27,experts=[4,6]; c6:bw=55,experts=[0,1,4,5,6]; c16:bw=43,experts=[0,1,4,6]; c4:bw=16,experts=[4]; c17:bw=44,experts=[0,1,4,6]; c1:bw=40,experts=[0,1,4,6]; c13:bw=40,experts=[0,1,4,6]; c12:bw=20,experts=[4,6]; c19:bw=25,experts=[4,6]; c3:bw=50,experts=[0,1,4,5,6]; c8:bw=39,experts=[0,4,6]; c15:bw=44,experts=[1,4,5,6]; c5:bw=28,experts=[4,6]; c10:bw=35,experts=[1,4,6]; c14:bw=15,experts=[4]; c7:bw=44,experts=[0,1,4,6]; c11:bw=34,experts=[1,4,6]; c9:bw=33,experts=[1,4,6]; c18:bw=47,experts=[0,1,4,6]; c0:bw=28,experts=[4,6]","3.3276,2.5770,2.6976,4.0574,2.8040,4.6701,4.8258,2.8996,4.2953,1.7582,2.6577,3.4434,1.5171,1.5003,4.5293,3.7939,2.8009,2.6499,3.6052,1.7482"
12,2026-09-24 19:39:02,Ours,0.01,2.7036864752638206,21.27,21.27,12,63.145,1:03.14,61.309,0.3428,1.4902,755.6669,12:35.67,20,"14,3,9,18,8,11,17,6,5,12,19,13,10,15,7,0,4,16,2,1",14:29;3:35;9:42;18:45;8:55;11:45;17:39;6:29;5:56;12:73;19:31;13:53;10:62;15:36;7:30;0:49;4:28;16:28;2:57;1:42,"14:[4,6];3:[1,4,6];9:[0,1,4,6];18:[1,4,5,6];8:[0,1,4,5,6];11:[0,1,4,6];17:[1,4,6];6:[4,6];5:[0,1,4,6,7];12:[0,1,2,4,5,6,7];19:[4,5,6];13:[1,2,4,5,6];10:[0,1,2,4,5,6];15:[0,4,6];7:[1,4,6];0:[0,1,4,6];4:[4,5];16:[4,6];2:[1,2,4,5,6];1:[1,4,5,6]","c14:bw=29,experts=[4,6]; c3:bw=35,experts=[1,4,6]; c9:bw=42,experts=[0,1,4,6]; c18:bw=45,experts=[1,4,5,6]; c8:bw=55,experts=[0,1,4,5,6]; c11:bw=45,experts=[0,1,4,6]; c17:bw=39,experts=[1,4,6]; c6:bw=29,experts=[4,6]; c5:bw=56,experts=[0,1,4,6,7]; c12:bw=73,experts=[0,1,2,4,5,6,7]; c19:bw=31,experts=[4,5,6]; c13:bw=53,experts=[1,2,4,5,6]; c10:bw=62,experts=[0,1,2,4,5,6]; c15:bw=36,experts=[0,4,6]; c7:bw=30,experts=[1,4,6]; c0:bw=49,experts=[0,1,4,6]; c4:bw=28,experts=[4,5]; c16:bw=28,experts=[4,6]; c2:bw=57,experts=[1,2,4,5,6]; c1:bw=42,experts=[1,4,5,6]","4.6133,1.7659,2.7464,3.5988,2.6895,2.7877,2.6455,2.5105,1.5043,2.8962,4.3901,4.8091,1.4863,3.5159,3.7951,1.7457,3.9242,2.5607,3.0229,4.3008"
13,2026-09-24 19:40:04,Ours,0.01,2.682193051803148,21.67,21.67,13,62.5851,1:02.59,60.91,0.322,1.3506,818.2709,13:38.27,20,"9,8,6,14,13,2,19,12,1,17,4,15,18,0,16,7,10,3,5,11",9:15;8:15;6:36;14:70;13:32;2:16;19:36;12:42;1:47;17:55;4:10;15:38;18:51;0:25;16:10;7:58;10:42;3:30;5:29;11:52,"9:[2];8:[4];6:[0,4,6];14:[0,1,2,4,5,6,7];13:[0,4,6];2:[4];19:[1,4,6];12:[0,4,5,6];1:[0,1,4,6];17:[1,2,4,5,6];4:[4];15:[0,4,6];18:[1,2,4,5,6];0:[4,5];16:[4];7:[0,1,2,4,6];10:[1,2,4,6];3:[2,4,6];5:[4,6];11:[0,1,2,4,6]","c9:bw=15,experts=[2]; c8:bw=15,experts=[4]; c6:bw=36,experts=[0,4,6]; c14:bw=70,experts=[0,1,2,4,5,6,7]; c13:bw=32,experts=[0,4,6]; c2:bw=16,experts=[4]; c19:bw=36,experts=[1,4,6]; c12:bw=42,experts=[0,4,5,6]; c1:bw=47,experts=[0,1,4,6]; c17:bw=55,experts=[1,2,4,5,6]; c4:bw=10,experts=[4]; c15:bw=38,experts=[0,4,6]; c18:bw=51,experts=[1,2,4,5,6]; c0:bw=25,experts=[4,5]; c16:bw=10,experts=[4]; c7:bw=58,experts=[0,1,2,4,6]; c10:bw=42,experts=[1,2,4,6]; c3:bw=30,experts=[2,4,6]; c5:bw=29,experts=[4,6]; c11:bw=52,experts=[0,1,2,4,6]","2.7117,2.6669,2.4183,4.4612,4.7538,3.0733,4.2988,2.9138,4.4031,2.6286,3.9039,3.4763,3.5829,1.7408,2.4847,3.8201,1.4798,1.7445,1.5193,2.8283"
14,2026-09-24 19:41:07,Ours,0.01,2.601641789727231,25.32,25.32,14,63.0644,1:03.06,61.3235,0.3251,1.4075,881.355,14:41.35,20,"5,11,4,19,9,1,12,10,7,0,8,13,6,17,16,14,18,3,2,15",5:64;11:36;4:10;19:42;9:32;1:38;12:43;10:31;7:25;0:25;8:21;13:34;6:67;17:10;16:19;14:25;18:63;3:45;2:45;15:12,"5:[0,1,2,4,5,6];11:[0,4,6];4:[4];19:[1,2,4,6];9:[4,5,6];1:[1,4,6];12:[0,4,5,6];10:[1,4,6];7:[4,5];0:[4,6];8:[4,6];13:[0,4,6];6:[0,1,2,4,5,6];17:[4];16:[4];14:[4,6];18:[0,1,2,4,5,6];3:[0,1,4,6];2:[0,1,4,6];15:[4]","c5:bw=64,experts=[0,1,2,4,5,6]; c11:bw=36,experts=[0,4,6]; c4:bw=10,experts=[4]; c19:bw=42,experts=[1,2,4,6]; c9:bw=32,experts=[4,5,6]; c1:bw=38,experts=[1,4,6]; c12:bw=43,experts=[0,4,5,6]; c10:bw=31,experts=[1,4,6]; c7:bw=25,experts=[4,5]; c0:bw=25,experts=[4,6]; c8:bw=21,experts=[4,6]; c13:bw=34,experts=[0,4,6]; c6:bw=67,experts=[0,1,2,4,5,6]; c17:bw=10,experts=[4]; c16:bw=19,experts=[4]; c14:bw=25,experts=[4,6]; c18:bw=63,experts=[0,1,2,4,5,6]; c3:bw=45,experts=[0,1,4,6]; c2:bw=45,experts=[0,1,4,6]; c15:bw=12,experts=[4]","1.5259,2.7933,3.8213,4.3731,2.6856,4.4380,2.9494,1.4826,3.8377,1.7839,2.7074,4.9290,2.4608,2.7005,2.4194,4.4758,3.6287,1.7615,3.0839,3.4659"
15,2026-09-24 19:42:11,Ours,0.01,2.5584888393027523,26.14,26.14,15,63.3866,1:03.39,61.6668,0.33,1.3874,944.7607,15:44.76,20,"14,16,19,13,4,12,5,7,10,1,0,15,3,8,18,11,6,2,9,17",14:50;16:29;19:59;13:60;4:47;12:10;5:18;7:59;10:13;1:14;0:20;15:10;3:10;8:52;18:34;11:55;6:33;2:53;9:19;17:47,"14:[0,1,4,5,6];16:[4,5];19:[0,1,2,4,6];13:[0,1,2,4,5,6];4:[1,2,4,6];12:[4];5:[4];7:[0,1,4,5,6];10:[4];1:[4];0:[4,6];15:[4];3:[4];8:[1,2,4,5,6];18:[1,4,6];11:[0,1,4,5,6];6:[1,4,6];2:[0,1,2,4,6];9:[4];17:[0,1,4,6]","c14:bw=50,experts=[0,1,4,5,6]; c16:bw=29,experts=[4,5]; c19:bw=59,experts=[0,1,2,4,6]; c13:bw=60,experts=[0,1,2,4,5,6]; c4:bw=47,experts=[1,2,4,6]; c12:bw=10,experts=[4]; c5:bw=18,experts=[4]; c7:bw=59,experts=[0,1,4,5,6]; c10:bw=13,experts=[4]; c1:bw=14,experts=[4]; c0:bw=20,experts=[4,6]; c15:bw=10,experts=[4]; c3:bw=10,experts=[4]; c8:bw=52,experts=[1,2,4,5,6]; c18:bw=34,experts=[1,4,6]; c11:bw=55,experts=[0,1,4,5,6]; c6:bw=33,experts=[1,4,6]; c2:bw=53,experts=[0,1,2,4,6]; c9:bw=19,experts=[4]; c17:bw=47,experts=[0,1,4,6]","4.6236,2.4763,4.3727,4.8547,3.9438,2.8868,1.5687,3.8374,1.4755,4.4411,1.7540,3.5014,1.7730,2.7859,3.6147,2.7885,2.4291,3.0863,2.7089,2.7445"
16,2026-09-24 19:43:15,Ours,0.01,2.7129635140356103,26.69,26.69,16,64.1447,1:04.14,62.4314,0.3233,1.3875,1008.9259,16:48.93,20,"6,11,4,1,18,9,14,13,10,0,12,5,7,3,17,16,15,2,19,8",6:40;11:10;4:35;1:29;18:12;9:24;14:29;13:24;10:22;0:57;12:14;5:40;7:22;3:43;17:43;16:54;15:48;2:52;19:62;8:49,"6:[3,4,6,7];11:[3];4:[3,4,6];1:[3,7];18:[3];9:[3,7];14:[3,4];13:[3,7];10:[3,7];0:[0,3,4,6,7];12:[3];5:[0,3,4,6];7:[3,4];3:[3,4,6,7];17:[3,4,6,7];16:[0,3,4,6,7];15:[3,4,6,7];2:[0,3,4,6,7];19:[0,1,3,4,6,7];8:[3,4,6,7]","c6:bw=40,experts=[3,4,6,7]; c11:bw=10,experts=[3]; c4:bw=35,experts=[3,4,6]; c1:bw=29,experts=[3,7]; c18:bw=12,experts=[3]; c9:bw=24,experts=[3,7]; c14:bw=29,experts=[3,4]; c13:bw=24,experts=[3,7]; c10:bw=22,experts=[3,7]; c0:bw=57,experts=[0,3,4,6,7]; c12:bw=14,experts=[3]; c5:bw=40,experts=[0,3,4,6]; c7:bw=22,experts=[3,4]; c3:bw=43,experts=[3,4,6,7]; c17:bw=43,experts=[3,4,6,7]; c16:bw=54,experts=[0,3,4,6,7]; c15:bw=48,experts=[3,4,6,7]; c2:bw=52,experts=[0,3,4,6,7]; c19:bw=62,experts=[0,1,3,4,6,7]; c8:bw=49,experts=[3,4,6,7]","2.4442,2.8876,4.2025,4.7458,3.7385,2.7162,4.5628,5.0945,1.4564,1.7393,2.9813,1.5303,3.7823,1.7558,2.6492,2.5188,3.5053,3.0848,4.3513,2.6841"
17,2026-09-24 19:44:19,Ours,0.01,2.4928000167161213,28.66,28.66,17,64.6025,1:04.60,62.938,0.2949,1.3629,1073.5481,17:53.55,20,"14,7,12,6,11,4,16,9,10,0,3,8,18,5,19,1,13,17,2,15",14:33;7:25;12:74;6:39;11:10;4:58;16:30;9:37;10:44;0:11;3:52;8:10;18:31;5:10;19:40;1:29;13:27;17:11;2:19;15:50,"14:[0,4,6];7:[4,7];12:[0,1,2,4,5,6,7];6:[4,5,6];11:[7];4:[0,1,4,6,7];16:[2,4,6];9:[1,4,6];10:[1,4,5,6];0:[4];3:[0,1,4,5,6];8:[4];18:[4,6,7];5:[4];19:[0,4,5,6];1:[2,4];13:[4,6];17:[4];2:[4];15:[0,1,4,5,6]","c14:bw=33,experts=[0,4,6]; c7:bw=25,experts=[4,7]; c12:bw=74,experts=[0,1,2,4,5,6,7]; c6:bw=39,experts=[4,5,6]; c11:bw=10,experts=[7]; c4:bw=58,experts=[0,1,4,6,7]; c16:bw=30,experts=[2,4,6]; c9:bw=37,experts=[1,4,6]; c10:bw=44,experts=[1,4,5,6]; c0:bw=11,experts=[4]; c3:bw=52,experts=[0,1,4,5,6]; c8:bw=10,experts=[4]; c18:bw=31,experts=[4,6,7]; c5:bw=10,experts=[4]; c19:bw=40,experts=[0,4,5,6]; c1:bw=29,experts=[2,4]; c13:bw=27,experts=[4,6]; c17:bw=11,experts=[4]; c2:bw=19,experts=[4]; c15:bw=50,experts=[0,1,4,5,6]","4.6977,3.8351,2.9699,2.4661,2.8654,4.1463,2.7563,2.7452,1.4923,1.8153,1.8213,2.7270,3.7502,1.5578,4.4044,4.4677,4.9981,2.7160,3.1379,3.5680"
18,2026-09-24 19:45:24,Ours,0.01,2.4389476985617495,29.34,29.34,18,64.42,1:04.42,62.7025,0.3221,1.3878,1137.9895,18:57.99,20,"7,3,4,18,1,12,8,9,14,17,19,13,6,5,2,10,11,15,0,16",7:55;3:37;4:56;18:60;1:10;12:18;8:10;9:19;14:40;17:50;19:33;13:43;6:31;5:35;2:37;10:27;11:57;15:51;0:49;16:38,"7:[0,1,4,5,6];3:[0,4,6];4:[1,2,4,5,6];18:[0,1,2,4,5,6];1:[4];12:[4];8:[4];9:[4];14:[0,1,4,6];17:[0,1,4,5,6];19:[1,4,6];13:[0,1,4,6];6:[0,4,6];5:[0,4,6];2:[0,4,6];10:[4,6];11:[0,1,2,4,6];15:[0,1,2,4,6];0:[0,2,4,6];16:[0,4,6]","c7:bw=55,experts=[0,1,4,5,6]; c3:bw=37,experts=[0,4,6]; c4:bw=56,experts=[1,2,4,5,6]; c18:bw=60,experts=[0,1,2,4,5,6]; c1:bw=10,experts=[4]; c12:bw=18,experts=[4]; c8:bw=10,experts=[4]; c9:bw=19,experts=[4]; c14:bw=40,experts=[0,1,4,6]; c17:bw=50,experts=[0,1,4,5,6]; c19:bw=33,experts=[1,4,6]; c13:bw=43,experts=[0,1,4,6]; c6:bw=31,experts=[0,4,6]; c5:bw=35,experts=[0,4,6]; c2:bw=37,experts=[0,4,6]; c10:bw=27,experts=[4,6]; c11:bw=57,experts=[0,1,2,4,6]; c15:bw=51,experts=[0,1,2,4,6]; c0:bw=49,experts=[0,2,4,6]; c16:bw=38,experts=[0,4,6]","3.9641,1.7946,4.0800,3.7852,4.5039,2.9911,2.7454,2.6861,4.6179,2.6562,4.4117,5.0125,2.4673,1.5484,3.1802,1.5172,2.8527,3.5880,1.7571,2.5428"
19,2026-09-24 19:46:28,Ours,0.01,2.419750282631065,31.22,31.22,19,64.4923,1:04.49,62.7268,0.3282,1.4348,1202.5027,20:02.50,20,"8,7,1,6,9,10,11,19,13,5,17,12,18,16,3,2,15,4,0,14",8:56;7:22;1:46;6:66;9:38;10:35;11:20;19:37;13:10;5:29;17:67;12:54;18:31;16:13;3:40;2:14;15:39;4:51;0:42;14:30,"8:[0,1,4,5,6];7:[4,6];1:[0,4,5,6];6:[0,1,2,4,5,6];9:[0,4,6];10:[0,4,6];11:[4,6];19:[0,4,6];13:[4];5:[4,6];17:[0,1,2,4,5,6];12:[0,1,4,5,6];18:[0,4,6];16:[1];3:[0,1,4,6];2:[4];15:[0,4,6];4:[0,1,2,4,6];0:[0,1,4,6];14:[0,4,6]","c8:bw=56,experts=[0,1,4,5,6]; c7:bw=22,experts=[4,6]; c1:bw=46,experts=[0,4,5,6]; c6:bw=66,experts=[0,1,2,4,5,6]; c9:bw=38,experts=[0,4,6]; c10:bw=35,experts=[0,4,6]; c11:bw=20,experts=[4,6]; c19:bw=37,experts=[0,4,6]; c13:bw=10,experts=[4]; c5:bw=29,experts=[4,6]; c17:bw=67,experts=[0,1,2,4,5,6]; c12:bw=54,experts=[0,1,4,5,6]; c18:bw=31,experts=[0,4,6]; c16:bw=13,experts=[1]; c3:bw=40,experts=[0,1,4,6]; c2:bw=14,experts=[4]; c15:bw=39,experts=[0,4,6]; c4:bw=51,experts=[0,1,2,4,6]; c0:bw=42,experts=[0,1,4,6]; c14:bw=30,experts=[0,4,6]","2.7454,3.8853,4.4610,2.5108,2.7812,1.6126,2.8440,4.4294,5.0213,1.5668,2.6654,2.9830,3.7445,2.5535,1.8063,3.1055,3.5433,4.0346,1.7839,4.6490"
20,2026-09-24 19:47:33,Ours,0.01,2.3874260775124765,32.84,32.84,20,64.7899,1:04.79,63.0876,0.3216,1.3737,1267.3151,21:07.32,20,"17,4,3,10,6,13,14,11,7,16,12,5,9,8,1,15,19,18,0,2",17:48;4:59;3:18;10:16;6:68;13:40;14:30;11:10;7:43;16:40;12:44;5:10;9:17;8:50;1:40;15:19;19:48;18:21;0:28;2:41,"17:[0,1,4,6];4:[0,1,4,5,6];3:[4];10:[4];6:[0,1,2,4,5,6];13:[0,1,4,6];14:[0,4,6];11:[4];7:[0,1,4,6];16:[0,4,5,6];12:[0,4,5,6];5:[7];9:[4];8:[0,1,2,4,6];1:[0,1,4,6];15:[4];19:[0,1,4,6];18:[4,6];0:[4,6];2:[0,4,5,6]","c17:bw=48,experts=[0,1,4,6]; c4:bw=59,experts=[0,1,4,5,6]; c3:bw=18,experts=[4]; c10:bw=16,experts=[4]; c6:bw=68,experts=[0,1,2,4,5,6]; c13:bw=40,experts=[0,1,4,6]; c14:bw=30,experts=[0,4,6]; c11:bw=10,experts=[4]; c7:bw=43,experts=[0,1,4,6]; c16:bw=40,experts=[0,4,5,6]; c12:bw=44,experts=[0,4,5,6]; c5:bw=10,experts=[7]; c9:bw=17,experts=[4]; c8:bw=50,experts=[0,1,2,4,6]; c1:bw=40,experts=[0,1,4,6]; c15:bw=19,experts=[4]; c19:bw=48,experts=[0,1,4,6]; c18:bw=21,experts=[4,6]; c0:bw=28,experts=[4,6]; c2:bw=41,experts=[0,4,5,6]","2.8824,4.1013,1.7848,1.5291,2.5113,4.9797,4.6580,2.8477,3.8658,2.5953,2.9774,1.5480,2.7517,2.8314,4.4669,3.5288,4.4403,3.7498,1.8279,3.2099"
21,2026-09-24 19:48:38,Ours,0.01,2.3856863804345867,33.12,33.12,21,64.5186,1:04.52,62.8134,0.3202,1.3784,1331.8538,22:11.85,20,"13,14,15,17,3,4,18,19,2,11,12,9,6,5,10,8,0,7,16,1",13:23;14:31;15:19;17:35;3:10;4:48;18:60;19:58;2:39;11:23;12:38;9:25;6:16;5:32;10:40;8:18;0:66;7:12;16:33;1:41,"13:[4,6];14:[2,4,7];15:[4];17:[1,4,6];3:[2];4:[0,1,4,6];18:[0,1,2,4,5,6];19:[0,1,2,4,6];2:[0,4,6];11:[4,6];12:[0,4,6];9:[2,4];6:[4];5:[0,4,6];10:[0,2,4,6];8:[4];0:[0,1,2,4,5,6];7:[2];16:[0,4,6];1:[0,1,4,6]","c13:bw=23,experts=[4,6]; c14:bw=31,experts=[2,4,7]; c15:bw=19,experts=[4]; c17:bw=35,experts=[1,4,6]; c3:bw=10,experts=[2]; c4:bw=48,experts=[0,1,4,6]; c18:bw=60,experts=[0,1,2,4,5,6]; c19:bw=58,experts=[0,1,2,4,6]; c2:bw=39,experts=[0,4,6]; c11:bw=23,experts=[4,6]; c12:bw=38,experts=[0,4,6]; c9:bw=25,experts=[2,4]; c6:bw=16,experts=[4]; c5:bw=32,experts=[0,4,6]; c10:bw=40,experts=[0,2,4,6]; c8:bw=18,experts=[4]; c0:bw=66,experts=[0,1,2,4,5,6]; c7:bw=12,experts=[2]; c16:bw=33,experts=[0,4,6]; c1:bw=41,experts=[0,1,4,6]","5.0146,4.6888,3.5576,2.7125,1.8340,4.0145,3.7696,4.4905,3.1314,2.9215,2.9602,2.7464,2.4704,1.5549,1.4936,2.7523,1.7932,3.8500,2.5325,4.5248"
22,2026-09-24 19:49:42,Ours,0.01,2.3138105057643488,34.58,34.58,22,64.3745,1:04.37,62.6372,0.3334,1.4012,1396.2488,23:16.25,20,"4,19,8,17,18,5,10,16,9,1,6,2,11,14,13,15,7,0,12,3",4:36;19:45;8:33;17:62;18:15;5:17;10:10;16:34;9:33;1:10;6:61;2:66;11:43;14:48;13:34;15:66;7:16;0:67;12:64;3:56,"4:[1,4,6];19:[0,1,4,6];8:[0,4,6];17:[0,1,2,4,5,6];18:[4];5:[1];10:[4];16:[0,4,6];9:[4,5,6];1:[4];6:[0,1,2,4,5,6];2:[0,1,2,4,5,6];11:[0,1,4,6];14:[0,1,4,6];13:[0,4,6];15:[0,1,2,4,5,6];7:[4];0:[0,1,2,4,5,6];12:[0,1,2,4,5,6];3:[0,1,4,5,6]","c4:bw=36,experts=[1,4,6]; c19:bw=45,experts=[0,1,4,6]; c8:bw=33,experts=[0,4,6]; c17:bw=62,experts=[0,1,2,4,5,6]; c18:bw=15,experts=[4]; c5:bw=17,experts=[1]; c10:bw=10,experts=[4]; c16:bw=34,experts=[0,4,6]; c9:bw=33,experts=[4,5,6]; c1:bw=10,experts=[4]; c6:bw=61,experts=[0,1,2,4,5,6]; c2:bw=66,experts=[0,1,2,4,5,6]; c11:bw=43,experts=[0,1,4,6]; c14:bw=48,experts=[0,1,4,6]; c13:bw=34,experts=[0,4,6]; c15:bw=66,experts=[0,1,2,4,5,6]; c7:bw=16,experts=[4]; c0:bw=67,experts=[0,1,2,4,5,6]; c12:bw=64,experts=[0,1,2,4,5,6]; c3:bw=56,experts=[0,1,4,5,6]","4.0569,4.4237,2.7229,2.6281,3.7020,1.3850,1.4891,2.5598,2.7195,4.6324,2.5105,3.1403,2.8984,4.7329,4.9873,3.5971,3.8900,1.8137,2.9460,1.8015"
23,2026-09-24 19:50:47,Ours,0.01,2.268846753306242,34.87,34.87,23,65.2632,1:05.26,63.5499,0.3323,1.3783,1461.5327,24:21.53,20,"2,13,1,19,8,15,3,6,18,12,7,0,4,11,10,17,14,5,9,16",2:32;13:54;1:62;19:21;8:35;15:29;3:15;6:10;18:26;12:26;7:15;0:11;4:56;11:52;10:67;17:70;14:52;5:52;9:50;16:56,"2:[1,4,6];13:[1,2,4,5,6];1:[0,1,2,4,5,6];19:[4,6];8:[0,4,6];15:[4,6];3:[4];6:[4];18:[4,6];12:[4,6];7:[4];0:[4];4:[0,1,4,5,6];11:[0,1,4,5,6];10:[0,1,2,4,5,6];17:[0,1,2,4,5,6,7];14:[0,1,4,5,6];5:[0,2,4,5,6];9:[0,1,4,5,6];16:[0,1,4,5,6]","c2:bw=32,experts=[1,4,6]; c13:bw=54,experts=[1,2,4,5,6]; c1:bw=62,experts=[0,1,2,4,5,6]; c19:bw=21,experts=[4,6]; c8:bw=35,experts=[0,4,6]; c15:bw=29,experts=[4,6]; c3:bw=15,experts=[4]; c6:bw=10,experts=[4]; c18:bw=26,experts=[4,6]; c12:bw=26,experts=[4,6]; c7:bw=15,experts=[4]; c0:bw=11,experts=[4]; c4:bw=56,experts=[0,1,4,5,6]; c11:bw=52,experts=[0,1,4,5,6]; c10:bw=67,experts=[0,1,2,4,5,6]; c17:bw=70,experts=[0,1,2,4,5,6,7]; c14:bw=52,experts=[0,1,4,5,6]; c5:bw=52,experts=[0,2,4,5,6]; c9:bw=50,experts=[0,1,4,5,6]; c16:bw=56,experts=[0,1,4,5,6]","3.1639,5.0886,4.7044,4.4681,2.7860,3.6066,1.8212,2.5152,3.8385,2.9842,3.8985,1.7868,3.9578,2.9021,1.5131,2.7334,4.8195,1.5760,2.7683,2.6177"
24,2026-09-24 19:51:53,Ours,0.01,2.369074187282102,35.69,35.69,24,65.178,1:05.18,63.4789,0.321,1.3756,1526.7301,25:26.73,20,"3,14,13,5,8,10,4,17,6,16,18,0,19,9,11,1,12,15,7,2",3:10;14:42;13:50;5:25;8:18;10:39;4:12;17:56;6:30;16:41;18:72;0:31;19:55;9:50;11:10;1:10;12:37;15:44;7:10;2:43,"3:[3];14:[0,3,4,6];13:[0,3,4,6,7];5:[3,4];8:[3];10:[3,4,7];4:[3];17:[0,1,3,4,6];6:[3,4,7];16:[3,4,6,7];18:[0,1,2,3,4,5,6];0:[3,4,7];19:[0,3,4,6,7];9:[1,3,4,6,7];11:[3];1:[3];12:[3,4,6];15:[3,4,6,7];7:[3];2:[3,4,6,7]","c3:bw=10,experts=[3]; c14:bw=42,experts=[0,3,4,6]; c13:bw=50,experts=[0,3,4,6,7]; c5:bw=25,experts=[3,4]; c8:bw=18,experts=[3]; c10:bw=39,experts=[3,4,7]; c4:bw=12,experts=[3]; c17:bw=56,experts=[0,1,3,4,6]; c6:bw=30,experts=[3,4,7]; c16:bw=41,experts=[3,4,6,7]; c18:bw=72,experts=[0,1,2,3,4,5,6]; c0:bw=31,experts=[3,4,7]; c19:bw=55,experts=[0,3,4,6,7]; c9:bw=50,experts=[1,3,4,6,7]; c11:bw=10,experts=[3]; c1:bw=10,experts=[3]; c12:bw=37,experts=[3,4,6]; c15:bw=44,experts=[3,4,6,7]; c7:bw=10,experts=[3]; c2:bw=43,experts=[3,4,6,7]","1.8212,4.7210,5.0854,1.5629,2.7526,1.4928,4.1634,2.7450,2.5033,2.5422,3.8411,1.7664,4.5083,2.7590,2.9116,4.6401,3.0113,3.6127,3.8792,3.1594"
25,2026-09-24 19:52:58,Ours,0.01,2.2482948392369657,37.7,37.7,25,65.0483,1:05.05,63.466,0.2831,1.292,1591.803,26:31.80,20,"18,15,3,2,12,6,9,10,16,4,7,19,5,13,1,14,17,0,11,8",18:59;15:29;3:14;2:12;12:36;6:16;9:40;10:25;16:52;4:58;7:40;19:57;5:64;13:56;1:49;14:26;17:52;0:56;11:60;8:55,"18:[0,4,5,6,7];15:[4,6];3:[7];2:[4];12:[4,6,7];6:[4];9:[0,4,5,6];10:[4,6];16:[0,2,4,5,6];4:[0,1,4,6,7];7:[1,4,6,7];19:[0,1,4,5,6];5:[0,1,2,4,5,6];13:[0,1,4,5,6];1:[0,4,6,7];14:[4,6];17:[0,1,4,5,6];0:[0,1,4,5,6];11:[0,1,4,5,6,7];8:[0,4,5,6,7]","c18:bw=59,experts=[0,4,5,6,7]; c15:bw=29,experts=[4,6]; c3:bw=14,experts=[7]; c2:bw=12,experts=[4]; c12:bw=36,experts=[4,6,7]; c6:bw=16,experts=[4]; c9:bw=40,experts=[0,4,5,6]; c10:bw=25,experts=[4,6]; c16:bw=52,experts=[0,2,4,5,6]; c4:bw=58,experts=[0,1,4,6,7]; c7:bw=40,experts=[1,4,6,7]; c19:bw=57,experts=[0,1,4,5,6]; c5:bw=64,experts=[0,1,2,4,5,6]; c13:bw=56,experts=[0,1,4,5,6]; c1:bw=49,experts=[0,4,6,7]; c14:bw=26,experts=[4,6]; c17:bw=52,experts=[0,1,4,5,6]; c0:bw=56,experts=[0,1,4,5,6]; c11:bw=60,experts=[0,1,4,5,6,7]; c8:bw=55,experts=[0,4,5,6,7]","3.8280,3.6663,1.8216,3.1597,3.1677,2.5255,2.8197,1.5191,2.6071,4.2245,3.9361,4.5244,1.6161,5.1666,4.8082,4.8991,2.4535,1.6171,2.6733,2.4323"
26,2026-09-24 19:54:04,Ours,0.01,2.1971111835108124,37.79,37.79,26,66.2161,1:06.22,64.4675,0.3236,1.4177,1658.0429,27:38.04,20,"5,7,1,2,8,16,12,6,19,10,9,14,3,0,17,11,13,4,18,15",5:20;7:31;1:33;2:30;8:53;16:10;12:41;6:34;19:15;10:38;9:50;14:49;3:44;0:11;17:32;11:57;13:16;4:48;18:10;15:42,"5:[4,6];7:[4,5,6];1:[1,4,6];2:[0,4,6];8:[0,1,4,5,6];16:[4];12:[0,1,4,6];6:[1,4,6];19:[4];10:[0,4,6];9:[0,1,4,5,6];14:[0,1,4,6];3:[0,1,4,6];0:[4];17:[0,4,6];11:[0,1,2,4,6];13:[4];4:[0,4,5,6];18:[4];15:[0,4,5,6]","c5:bw=20,experts=[4,6]; c7:bw=31,experts=[4,5,6]; c1:bw=33,experts=[1,4,6]; c2:bw=30,experts=[0,4,6]; c8:bw=53,experts=[0,1,4,5,6]; c16:bw=10,experts=[4]; c12:bw=41,experts=[0,1,4,6]; c6:bw=34,experts=[1,4,6]; c19:bw=15,experts=[4]; c10:bw=38,experts=[0,4,6]; c9:bw=50,experts=[0,1,4,5,6]; c14:bw=49,experts=[0,1,4,6]; c3:bw=44,experts=[0,1,4,6]; c0:bw=11,experts=[4]; c17:bw=32,experts=[0,4,6]; c11:bw=57,experts=[0,1,2,4,6]; c13:bw=16,experts=[4]; c4:bw=48,experts=[0,4,5,6]; c18:bw=10,experts=[4]; c15:bw=42,experts=[0,4,5,6]","1.5309,4.0190,4.7206,3.1594,2.8901,2.5999,3.2790,2.5843,4.5655,1.5178,2.7952,4.8164,1.8767,1.7979,2.7750,2.9484,5.0601,4.0989,3.7978,3.6346"
27,2026-09-24 19:55:10,Ours,0.01,2.178418165860915,40.19,40.19,27,65.7482,1:05.75,64.025,0.3301,1.3905,1723.8152,28:43.82,20,"10,5,14,13,12,17,6,8,11,18,19,7,0,15,2,16,9,1,3,4",10:62;5:37;14:26;13:57;12:22;17:36;6:63;8:55;11:66;18:18;19:18;7:51;0:36;15:46;2:20;16:20;9:18;1:62;3:21;4:12,"10:[0,1,2,4,5,6];5:[0,4,6];14:[4,6];13:[0,1,4,5,6];12:[4,6];17:[0,4,6];6:[0,1,2,4,5,6];8:[0,1,4,5,6];11:[0,1,2,4,5,6];18:[4];19:[4];7:[0,1,4,5,6];0:[0,4,6];15:[0,1,4,6];2:[4,6];16:[4,6];9:[4];1:[0,1,2,4,5,6];3:[4,6];4:[2]","c10:bw=62,experts=[0,1,2,4,5,6]; c5:bw=37,experts=[0,4,6]; c14:bw=26,experts=[4,6]; c13:bw=57,experts=[0,1,4,5,6]; c12:bw=22,experts=[4,6]; c17:bw=36,experts=[0,4,6]; c6:bw=63,experts=[0,1,2,4,5,6]; c8:bw=55,experts=[0,1,4,5,6]; c11:bw=66,experts=[0,1,2,4,5,6]; c18:bw=18,experts=[4]; c19:bw=18,experts=[4]; c7:bw=51,experts=[0,1,4,5,6]; c0:bw=36,experts=[0,4,6]; c15:bw=46,experts=[0,1,4,6]; c2:bw=20,experts=[4,6]; c16:bw=20,experts=[4,6]; c9:bw=18,experts=[4]; c1:bw=62,experts=[0,1,2,4,5,6]; c3:bw=21,experts=[4,6]; c4:bw=12,experts=[2]","1.5391,1.6245,4.7857,5.1341,3.0386,2.7521,2.5244,2.8170,2.9013,3.7600,4.5328,3.9949,1.8359,3.6394,3.1692,2.5974,2.7749,4.6599,1.7992,4.1446"
28,2026-09-24 19:56:15,Ours,0.01,2.135765858057786,40.23,40.23,28,65.4321,1:05.43,63.707,0.3236,1.3927,1789.2739,29:49.27,20,"5,6,19,8,3,14,1,7,9,15,13,4,10,18,12,16,0,2,17,11",5:33;6:29;19:33;8:29;3:12;14:15;1:25;7:10;9:49;15:32;13:31;4:10;10:40;18:34;12:42;16:35;0:47;2:10;17:48;11:66,"5:[4,6,7];6:[4,6];19:[0,4,6];8:[2,4];3:[4];14:[4];1:[4,6];7:[4];9:[0,1,4,6];15:[0,4,6];13:[0,4,6];4:[4];10:[0,1,4,6];18:[0,4,6];12:[0,4,5,6];16:[0,4,6];0:[0,1,4,6];2:[4];17:[0,1,4,6];11:[0,1,2,4,5,6]","c5:bw=33,experts=[4,6,7]; c6:bw=29,experts=[4,6]; c19:bw=33,experts=[0,4,6]; c8:bw=29,experts=[2,4]; c3:bw=12,experts=[4]; c14:bw=15,experts=[4]; c1:bw=25,experts=[4,6]; c7:bw=10,experts=[4]; c9:bw=49,experts=[0,1,4,6]; c15:bw=32,experts=[0,4,6]; c13:bw=31,experts=[0,4,6]; c4:bw=10,experts=[4]; c10:bw=40,experts=[0,1,4,6]; c18:bw=34,experts=[0,4,6]; c12:bw=42,experts=[0,4,5,6]; c16:bw=35,experts=[0,4,6]; c0:bw=47,experts=[0,1,4,6]; c2:bw=10,experts=[4]; c17:bw=48,experts=[0,1,4,6]; c11:bw=66,experts=[0,1,2,4,5,6]","1.6147,2.5351,4.5870,2.8951,1.7817,4.6772,4.5287,3.8825,2.8420,3.6547,5.0223,4.1050,1.5223,3.7985,3.0286,2.5594,1.7827,3.2111,2.7747,2.9036"
29,2026-09-24 19:57:21,Ours,0.01,2.1101984732803682,42.02,42.02,29,65.3441,1:05.34,63.6499,0.3218,1.3697,1854.6389,30:54.64,20,"12,5,4,15,8,3,14,16,18,10,11,19,7,9,0,6,2,17,1,13",12:10;5:33;4:38;15:70;8:34;3:32;14:35;16:48;18:24;10:10;11:59;19:39;7:21;9:44;0:44;6:43;2:18;17:59;1:33;13:13,"12:[4];5:[4,5,6];4:[4,5,6];15:[0,1,2,4,5,6,7];8:[1,4,6];3:[2,4,6];14:[2,4,7];16:[0,4,5,6];18:[4,6];10:[4];11:[0,1,4,5,6];19:[2,4,6];7:[2,4];9:[1,2,4,6];0:[0,4,5,6];6:[0,1,4,6];2:[4];17:[0,1,4,5,6];1:[0,4,6];13:[4]","c12:bw=10,experts=[4]; c5:bw=33,experts=[4,5,6]; c4:bw=38,experts=[4,5,6]; c15:bw=70,experts=[0,1,2,4,5,6,7]; c8:bw=34,experts=[1,4,6]; c3:bw=32,experts=[2,4,6]; c14:bw=35,experts=[2,4,7]; c16:bw=48,experts=[0,4,5,6]; c18:bw=24,experts=[4,6]; c10:bw=10,experts=[4]; c11:bw=59,experts=[0,1,4,5,6]; c19:bw=39,experts=[2,4,6]; c7:bw=21,experts=[2,4]; c9:bw=44,experts=[1,2,4,6]; c0:bw=44,experts=[0,4,5,6]; c6:bw=43,experts=[0,1,4,6]; c2:bw=18,experts=[4]; c17:bw=59,experts=[0,1,4,5,6]; c1:bw=33,experts=[0,4,6]; c13:bw=13,experts=[4]","3.0476,1.5796,4.0466,3.6794,2.8035,1.7874,4.7465,2.6513,3.7903,1.4910,2.8931,4.5028,3.8284,2.7911,1.8074,2.5462,3.1660,2.8557,4.5795,5.0564"
30,2026-09-24 19:58:27,Ours,0.01,2.1414880444619215,41.17,42.02,29,66.4912,1:06.49,64.7525,0.3197,1.4165,1921.1535,32:01.15,20,"14,19,13,16,15,5,6,11,1,17,12,0,2,7,8,4,9,18,3,10",14:49;19:24;13:27;16:31;15:22;5:62;6:11;11:46;1:35;17:19;12:24;0:17;2:27;7:12;8:41;4:51;9:54;18:57;3:59;10:71,"14:[0,1,4,6];19:[4,6];13:[4,6];16:[0,4,6];15:[4,6];5:[0,1,2,4,5,6];6:[4];11:[0,1,4,6];1:[1,4,6];17:[4];12:[2,4];0:[2];2:[2,5];7:[4];8:[0,1,4,6];4:[0,1,4,5,6];9:[0,1,4,5,6];18:[0,1,4,5,6];3:[0,1,4,5,6];10:[0,1,2,4,5,6,7]","c14:bw=49,experts=[0,1,4,6]; c19:bw=24,experts=[4,6]; c13:bw=27,experts=[4,6]; c16:bw=31,experts=[0,4,6]; c15:bw=22,experts=[4,6]; c5:bw=62,experts=[0,1,2,4,5,6]; c6:bw=11,experts=[4]; c11:bw=46,experts=[0,1,4,6]; c1:bw=35,experts=[1,4,6]; c17:bw=19,experts=[4]; c12:bw=24,experts=[2,4]; c0:bw=17,experts=[2]; c2:bw=27,experts=[2,5]; c7:bw=12,experts=[4]; c8:bw=41,experts=[0,1,4,6]; c4:bw=51,experts=[0,1,4,5,6]; c9:bw=54,experts=[0,1,4,5,6]; c18:bw=57,experts=[0,1,4,5,6]; c3:bw=59,experts=[0,1,4,5,6]; c10:bw=71,experts=[0,1,2,4,5,6,7]","4.8014,4.5965,5.1144,2.6613,3.6681,1.6091,2.5187,2.8985,4.6215,2.7357,3.0440,1.8221,3.2712,4.2117,3.0049,4.1199,2.7947,3.8880,1.8180,1.5529"
31,2026-09-24 19:59:33,Ours,0.01,2.1042036035752547,42.52,42.52,31,66.1206,1:06.12,64.3567,0.3257,1.4355,1987.3013,33:07.30,20,"1,6,11,9,19,4,7,14,15,18,10,5,17,3,13,0,16,8,2,12",1:30;6:29;11:29;9:45;19:40;4:19;7:63;14:61;15:55;18:58;10:33;5:62;17:35;3:24;13:32;0:47;16:36;8:33;2:15;12:35,"1:[0,4,6];6:[4,6];11:[4,6];9:[0,1,4,6];19:[0,1,4,6];4:[4];7:[0,1,2,4,5,6];14:[0,1,2,4,5,6];15:[0,1,4,5,6];18:[0,1,4,5,6];10:[0,4,6];5:[0,1,2,4,5,6];17:[2,4,7];3:[4,6];13:[2,4,6];0:[0,1,4,6];16:[1,4,6];8:[1,4,6];2:[1];12:[0,4,6]","c1:bw=30,experts=[0,4,6]; c6:bw=29,experts=[4,6]; c11:bw=29,experts=[4,6]; c9:bw=45,experts=[0,1,4,6]; c19:bw=40,experts=[0,1,4,6]; c4:bw=19,experts=[4]; c7:bw=63,experts=[0,1,2,4,5,6]; c14:bw=61,experts=[0,1,2,4,5,6]; c15:bw=55,experts=[0,1,4,5,6]; c18:bw=58,experts=[0,1,4,5,6]; c10:bw=33,experts=[0,4,6]; c5:bw=62,experts=[0,1,2,4,5,6]; c17:bw=35,experts=[2,4,7]; c3:bw=24,experts=[4,6]; c13:bw=32,experts=[2,4,6]; c0:bw=47,experts=[0,1,4,6]; c16:bw=36,experts=[1,4,6]; c8:bw=33,experts=[1,4,6]; c2:bw=15,experts=[1]; c12:bw=35,experts=[0,4,6]","4.6063,2.5485,3.1147,2.7306,4.4701,4.0735,4.0251,4.7577,3.6859,3.8635,1.5300,1.6785,2.7649,1.8257,5.0808,1.8219,2.6676,2.8022,3.2451,3.0641"
32,2026-09-24 20:00:39,Ours,0.01,2.0946518724956293,42.26,42.52,31,66.2001,1:06.20,64.468,0.3284,1.397,2053.5292,34:13.53,20,"12,19,1,5,7,0,6,9,10,17,3,8,11,2,16,4,15,14,18,13",12:49;19:27;1:21;5:36;7:47;0:46;6:27;9:31;10:22;17:28;3:28;8:21;11:27;2:54;16:48;4:49;15:36;14:32;18:35;13:63,"12:[0,3,4,6];19:[3,7];1:[3,4];5:[3,4,6];7:[0,3,4,6];0:[3,4,6,7];6:[3,7];9:[3,4,7];10:[3,4];17:[3,4];3:[3,4];8:[3,4];11:[3,4];2:[1,3,4,6,7];16:[3,4,6,7];4:[0,3,4,6];15:[3,4,6];14:[3,4,6];18:[2,3,4];13:[0,1,3,4,6,7]","c12:bw=49,experts=[0,3,4,6]; c19:bw=27,experts=[3,7]; c1:bw=21,experts=[3,4]; c5:bw=36,experts=[3,4,6]; c7:bw=47,experts=[0,3,4,6]; c0:bw=46,experts=[3,4,6,7]; c6:bw=27,experts=[3,7]; c9:bw=31,experts=[3,4,7]; c10:bw=22,experts=[3,4]; c17:bw=28,experts=[3,4]; c3:bw=28,experts=[3,4]; c8:bw=21,experts=[3,4]; c11:bw=27,experts=[3,4]; c2:bw=54,experts=[1,3,4,6,7]; c16:bw=48,experts=[3,4,6,7]; c4:bw=49,experts=[0,3,4,6]; c15:bw=36,experts=[3,4,6]; c14:bw=32,experts=[3,4,6]; c18:bw=35,experts=[2,3,4]; c13:bw=63,experts=[0,1,3,4,6,7]","3.1085,4.7084,4.6268,1.6158,3.9799,1.8044,2.4093,2.8052,1.5134,2.7941,1.8181,2.8425,2.9636,3.2497,2.6134,4.1100,3.7085,4.7854,3.8790,5.1322"
33,2026-09-24 20:01:45,Ours,0.01,2.044880796820966,42.89,42.89,33,66.0611,1:06.06,64.3509,0.3301,1.3772,2119.6155,35:19.62,20,"16,14,11,3,7,15,5,17,0,9,8,1,18,10,12,19,2,4,13,6",16:44;14:37;11:53;3:70;7:52;15:24;5:29;17:59;0:62;9:42;8:50;1:34;18:55;10:46;12:46;19:25;2:24;4:45;13:30;6:37,"16:[1,2,4,6];14:[1,4,6];11:[0,1,4,6,7];3:[0,1,2,4,5,6,7];7:[0,1,4,6,7];15:[4,6];5:[4,6];17:[0,1,4,5,6];0:[0,1,2,4,5,6];9:[0,1,4,6];8:[0,1,4,6,7];1:[4,6,7];18:[0,1,4,6,7];10:[1,4,5,6];12:[1,4,6,7];19:[4,5];2:[4,6];4:[1,4,6,7];13:[1,4,6];6:[0,4,6]","c16:bw=44,experts=[1,2,4,6]; c14:bw=37,experts=[1,4,6]; c11:bw=53,experts=[0,1,4,6,7]; c3:bw=70,experts=[0,1,2,4,5,6,7]; c7:bw=52,experts=[0,1,4,6,7]; c15:bw=24,experts=[4,6]; c5:bw=29,experts=[4,6]; c17:bw=59,experts=[0,1,4,5,6]; c0:bw=62,experts=[0,1,2,4,5,6]; c9:bw=42,experts=[0,1,4,6]; c8:bw=50,experts=[0,1,4,6,7]; c1:bw=34,experts=[4,6,7]; c18:bw=55,experts=[0,1,4,6,7]; c10:bw=46,experts=[1,4,5,6]; c12:bw=46,experts=[1,4,6,7]; c19:bw=25,experts=[4,5]; c2:bw=24,experts=[4,6]; c4:bw=45,experts=[1,4,6,7]; c13:bw=30,experts=[1,4,6]; c6:bw=37,experts=[0,4,6]","2.6211,4.7734,2.9344,1.8445,3.9291,3.6216,1.5991,2.7652,1.8432,2.8367,2.8316,4.5862,3.9014,1.5362,3.1319,4.5773,3.2266,4.0996,5.1332,2.5585"
34,2026-09-24 20:02:52,Ours,0.01,2.0246991516216584,45.62,45.62,34,66.6562,1:06.66,64.9123,0.3256,1.4117,2186.2962,36:26.30,20,"10,14,18,9,16,8,13,6,11,3,15,0,12,7,2,5,19,4,1,17",10:26;14:66;18:29;9:68;16:54;8:42;13:57;6:48;11:52;3:72;15:10;0:22;12:24;7:32;2:54;5:60;19:50;4:46;1:46;17:16,"10:[4,6];14:[0,1,2,4,5,6];18:[4,6];9:[0,1,2,4,5,6];16:[0,1,4,5,6];8:[0,1,4,6];13:[0,1,4,5,6];6:[0,1,4,6];11:[0,1,4,5,6];3:[0,1,2,4,5,6,7];15:[4];0:[4,6];12:[4,6];7:[0,4,6];2:[0,1,4,5,6];5:[0,1,2,4,5,6];19:[0,1,4,5,6];4:[1,4,5,6];1:[0,1,4,6];17:[4]","c10:bw=26,experts=[4,6]; c14:bw=66,experts=[0,1,2,4,5,6]; c18:bw=29,experts=[4,6]; c9:bw=68,experts=[0,1,2,4,5,6]; c16:bw=54,experts=[0,1,4,5,6]; c8:bw=42,experts=[0,1,4,6]; c13:bw=57,experts=[0,1,4,5,6]; c6:bw=48,experts=[0,1,4,6]; c11:bw=52,experts=[0,1,4,5,6]; c3:bw=72,experts=[0,1,2,4,5,6,7]; c15:bw=10,experts=[4]; c0:bw=22,experts=[4,6]; c12:bw=24,experts=[4,6]; c7:bw=32,experts=[0,4,6]; c2:bw=54,experts=[0,1,4,5,6]; c5:bw=60,experts=[0,1,2,4,5,6]; c19:bw=50,experts=[0,1,4,5,6]; c4:bw=46,experts=[1,4,5,6]; c1:bw=46,experts=[0,1,4,6]; c17:bw=16,experts=[4]","1.5398,4.8377,3.8817,2.8260,2.6491,2.8531,5.1782,2.5507,2.9896,1.8317,3.6723,1.8355,3.1032,3.9972,3.2982,1.6286,4.6574,4.1691,4.6269,2.7862"
35,2026-09-24 20:03:59,Ours,0.01,2.0077063595867006,45.46,45.62,34,66.3807,1:06.38,64.6039,0.3281,1.4421,2252.706,37:32.71,20,"10,19,8,12,5,0,13,4,7,3,15,1,14,17,2,16,9,6,11,18",10:57;19:22;8:50;12:22;5:41;0:20;13:48;4:33;7:48;3:24;15:47;1:31;14:20;17:32;2:46;16:10;9:27;6:44;11:69;18:51,"10:[0,1,4,5,6];19:[4,6];8:[0,1,4,5,6];12:[4,6];5:[0,1,4,6];0:[4,6];13:[0,1,4,6];4:[2,4,6];7:[0,1,4,6];3:[4,6];15:[0,1,4,6];1:[2,4,5];14:[4,6];17:[1,4,6];2:[0,1,4,6];16:[4];9:[4,6];6:[2,4,5,6];11:[0,1,2,4,5,6];18:[0,1,4,5,6]","c10:bw=57,experts=[0,1,4,5,6]; c19:bw=22,experts=[4,6]; c8:bw=50,experts=[0,1,4,5,6]; c12:bw=22,experts=[4,6]; c5:bw=41,experts=[0,1,4,6]; c0:bw=20,experts=[4,6]; c13:bw=48,experts=[0,1,4,6]; c4:bw=33,experts=[2,4,6]; c7:bw=48,experts=[0,1,4,6]; c3:bw=24,experts=[4,6]; c15:bw=47,experts=[0,1,4,6]; c1:bw=31,experts=[2,4,5]; c14:bw=20,experts=[4,6]; c17:bw=32,experts=[1,4,6]; c2:bw=46,experts=[0,1,4,6]; c16:bw=10,experts=[4]; c9:bw=27,experts=[4,6]; c6:bw=44,experts=[2,4,5,6]; c11:bw=69,experts=[0,1,2,4,5,6]; c18:bw=51,experts=[0,1,4,5,6]","1.5503,4.6277,2.8599,3.0944,1.6179,1.8716,5.0649,4.1297,3.9542,1.8347,3.7210,4.5595,4.8099,2.8248,3.2577,2.6250,2.7944,2.5516,2.9614,3.8931"
36,2026-09-24 20:05:05,Ours,0.01,1.9908525035475972,45.95,45.95,36,66.1007,1:06.10,64.3327,0.3361,1.4292,2318.8356,38:38.84,20,"10,8,1,18,7,6,2,3,15,14,19,4,13,12,11,9,17,5,0,16",10:56;8:51;1:10;18:11;7:27;6:43;2:50;3:60;15:68;14:18;19:48;4:74;13:47;12:35;11:33;9:37;17:49;5:49;0:36;16:10,"10:[0,1,4,5,6];8:[0,1,2,4,6];1:[4];18:[4];7:[4,6];6:[0,1,4,6];2:[0,1,4,5,6];3:[0,1,2,4,5,6];15:[0,1,2,4,5,6];14:[4];19:[0,1,4,6];4:[0,1,2,4,5,6,7];13:[1,4,5,6];12:[4,5,6];11:[1,4,6];9:[1,4,6];17:[0,1,4,6];5:[0,4,6,7];0:[0,4,6];16:[4]","c10:bw=56,experts=[0,1,4,5,6]; c8:bw=51,experts=[0,1,2,4,6]; c1:bw=10,experts=[4]; c18:bw=11,experts=[4]; c7:bw=27,experts=[4,6]; c6:bw=43,experts=[0,1,4,6]; c2:bw=50,experts=[0,1,4,5,6]; c3:bw=60,experts=[0,1,2,4,5,6]; c15:bw=68,experts=[0,1,2,4,5,6]; c14:bw=18,experts=[4]; c19:bw=48,experts=[0,1,4,6]; c4:bw=74,experts=[0,1,2,4,5,6,7]; c13:bw=47,experts=[1,4,5,6]; c12:bw=35,experts=[4,5,6]; c11:bw=33,experts=[1,4,6]; c9:bw=37,experts=[1,4,6]; c17:bw=49,experts=[0,1,4,6]; c5:bw=49,experts=[0,4,6,7]; c0:bw=36,experts=[0,4,6]; c16:bw=10,experts=[4]","1.5787,2.8523,4.5811,3.7632,3.9096,2.5132,3.2187,1.8448,3.7101,4.7496,4.5947,4.2006,5.0926,3.0843,2.9525,2.7927,2.7976,1.6340,1.8398,2.6225"
37,2026-09-24 20:06:11,Ours,0.01,1.9800500140100077,45.7,45.95,36,66.4021,1:06.40,64.6812,0.3289,1.3893,2385.2645,39:45.26,20,"7,11,15,17,9,1,3,10,19,6,2,12,5,4,0,18,14,13,16,8",7:42;11:63;15:51;17:56;9:40;1:18;3:36;10:58;19:42;6:65;2:36;12:49;5:39;4:39;0:54;18:10;14:28;13:12;16:31;8:10,"7:[0,1,4,6];11:[0,1,2,4,5,6];15:[0,1,4,6,7];17:[0,1,4,5,6];9:[0,1,4,6];1:[4];3:[1,4,6];10:[0,1,4,5,6];19:[0,2,4,6];6:[0,1,2,4,5,6];2:[0,4,6];12:[0,1,4,6];5:[1,4,6];4:[1,4,6];0:[0,1,4,5,6];18:[4];14:[4,7];13:[4];16:[0,4,6];8:[4]","c7:bw=42,experts=[0,1,4,6]; c11:bw=63,experts=[0,1,2,4,5,6]; c15:bw=51,experts=[0,1,4,6,7]; c17:bw=56,experts=[0,1,4,5,6]; c9:bw=40,experts=[0,1,4,6]; c1:bw=18,experts=[4]; c3:bw=36,experts=[1,4,6]; c10:bw=58,experts=[0,1,4,5,6]; c19:bw=42,experts=[0,2,4,6]; c6:bw=65,experts=[0,1,2,4,5,6]; c2:bw=36,experts=[0,4,6]; c12:bw=49,experts=[0,1,4,6]; c5:bw=39,experts=[1,4,6]; c4:bw=39,experts=[1,4,6]; c0:bw=54,experts=[0,1,4,5,6]; c18:bw=10,experts=[4]; c14:bw=28,experts=[4,7]; c13:bw=12,experts=[4]; c16:bw=31,experts=[0,4,6]; c8:bw=10,experts=[4]","4.1351,2.9894,3.6328,2.7747,2.7883,4.5380,1.8291,1.5436,4.5467,2.5412,3.3061,3.0642,1.6187,4.1530,1.8704,3.8386,4.8836,5.0788,2.6264,2.9224"
38,2026-09-24 20:07:19,Ours,0.01,1.9795541893107511,46.42,46.42,38,68.2811,1:08.28,66.3946,0.3338,1.5442,2453.5749,40:53.57,20,"2,12,1,9,6,18,13,14,16,11,15,0,5,10,19,8,4,17,7,3",2:10;12:47;1:31;9:26;6:17;18:44;13:63;14:41;16:38;11:17;15:12;0:40;5:10;10:39;19:61;8:46;4:52;17:41;7:51;3:38,"2:[2];12:[0,2,4,6];1:[0,4,6];9:[4,6];6:[4];18:[0,1,4,6];13:[0,1,2,4,5,6];14:[0,1,4,6];16:[0,4,6];11:[4];15:[4];0:[0,1,4,6];5:[4];10:[2,4,7];19:[0,1,2,4,5,6];8:[0,1,4,6];4:[0,1,4,5,6];17:[0,1,4,6];7:[0,1,4,5,6];3:[0,4,6]","c2:bw=10,experts=[2]; c12:bw=47,experts=[0,2,4,6]; c1:bw=31,experts=[0,4,6]; c9:bw=26,experts=[4,6]; c6:bw=17,experts=[4]; c18:bw=44,experts=[0,1,4,6]; c13:bw=63,experts=[0,1,2,4,5,6]; c14:bw=41,experts=[0,1,4,6]; c16:bw=38,experts=[0,4,6]; c11:bw=17,experts=[4]; c15:bw=12,experts=[4]; c0:bw=40,experts=[0,1,4,6]; c5:bw=10,experts=[4]; c10:bw=39,experts=[2,4,7]; c19:bw=61,experts=[0,1,2,4,5,6]; c8:bw=46,experts=[0,1,4,6]; c4:bw=52,experts=[0,1,4,5,6]; c17:bw=41,experts=[0,1,4,6]; c7:bw=51,experts=[0,1,4,5,6]; c3:bw=38,experts=[0,4,6]","3.2875,3.1153,4.6382,2.7857,2.5441,3.8806,5.1649,4.9519,2.6337,2.9734,3.6383,2.0111,1.7495,1.6309,4.9481,3.0909,4.4981,2.8601,4.0100,1.9822"
39,2026-09-24 20:08:26,Ours,0.01,1.9470052119167462,47.4,47.4,39,66.3735,1:06.37,64.7484,0.2918,1.3309,2519.9793,41:59.98,20,"3,13,2,11,15,19,0,12,6,18,10,16,7,9,1,8,14,4,17,5",3:26;13:49;2:36;11:51;15:30;19:18;0:10;12:49;6:31;18:25;10:24;16:29;7:40;9:24;1:45;8:45;14:57;4:36;17:42;5:75,"3:[4,6];13:[0,1,4,6];2:[1,4,6];11:[0,1,4,5,6];15:[0,4,6];19:[4];0:[4];12:[0,4,5,6];6:[0,4,6];18:[4,6];10:[4,6];16:[4,6];7:[1,2,4,6];9:[4,6];1:[0,1,4,6];8:[0,1,4,6];14:[0,1,4,5,6];4:[1,4,6];17:[2,4,6,7];5:[0,1,2,4,5,6,7]","c3:bw=26,experts=[4,6]; c13:bw=49,experts=[0,1,4,6]; c2:bw=36,experts=[1,4,6]; c11:bw=51,experts=[0,1,4,5,6]; c15:bw=30,experts=[0,4,6]; c19:bw=18,experts=[4]; c0:bw=10,experts=[4]; c12:bw=49,experts=[0,4,5,6]; c6:bw=31,experts=[0,4,6]; c18:bw=25,experts=[4,6]; c10:bw=24,experts=[4,6]; c16:bw=29,experts=[4,6]; c7:bw=40,experts=[1,2,4,6]; c9:bw=24,experts=[4,6]; c1:bw=45,experts=[0,1,4,6]; c8:bw=45,experts=[0,1,4,6]; c14:bw=57,experts=[0,1,4,5,6]; c4:bw=36,experts=[1,4,6]; c17:bw=42,experts=[2,4,6,7]; c5:bw=75,experts=[0,1,2,4,5,6,7]","1.8280,5.1555,3.3488,2.9701,3.6766,4.5661,1.8199,3.0940,2.5116,3.8501,1.5236,2.6301,3.9786,2.8231,4.5625,2.8816,4.8897,4.1862,2.7934,1.6588"
40,2026-09-24 20:09:33,Ours,0.01,2.0150314232217528,47.07,47.4,39,66.9713,1:06.97,65.2272,0.3247,1.4114,2586.9772,43:06.98,20,"15,3,9,14,13,7,19,11,17,5,6,4,18,2,8,1,0,12,16,10",15:22;3:10;9:40;14:58;13:32;7:66;19:23;11:15;17:30;5:32;6:46;4:19;18:38;2:65;8:26;1:42;0:36;12:42;16:29;10:60,"15:[3,4];3:[3];9:[3,4,6,7];14:[0,1,3,4,6];13:[3,4,7];7:[0,1,3,4,5,6];19:[3,7];11:[3];17:[3,4,6];5:[3,4,6];6:[3,4,6,7];4:[3];18:[2,3,4];2:[0,1,3,4,6,7];8:[3,4];1:[0,3,4,6];0:[3,4,7];12:[0,3,4,6];16:[3,7];10:[0,1,3,4,5,6]","c15:bw=22,experts=[3,4]; c3:bw=10,experts=[3]; c9:bw=40,experts=[3,4,6,7]; c14:bw=58,experts=[0,1,3,4,6]; c13:bw=32,experts=[3,4,7]; c7:bw=66,experts=[0,1,3,4,5,6]; c19:bw=23,experts=[3,7]; c11:bw=15,experts=[3]; c17:bw=30,experts=[3,4,6]; c5:bw=32,experts=[3,4,6]; c6:bw=46,experts=[3,4,6,7]; c4:bw=19,experts=[3]; c18:bw=38,experts=[2,3,4]; c2:bw=65,experts=[0,1,3,4,6,7]; c8:bw=26,experts=[3,4]; c1:bw=42,experts=[0,3,4,6]; c0:bw=36,experts=[3,4,7]; c12:bw=42,experts=[0,3,4,6]; c16:bw=29,experts=[3,7]; c10:bw=60,experts=[0,1,3,4,5,6]","3.7072,1.7075,2.8178,5.1535,5.4195,4.0119,4.6334,2.9573,2.8056,1.6278,2.5400,4.1655,3.8576,3.3071,2.6702,4.6552,1.8626,3.1366,2.6526,1.5381"
41,2026-09-24 20:10:43,Ours,0.01,1.9830050842326727,48.36,48.36,41,69.8836,1:09.88,68.1181,0.3354,1.4276,2656.8912,44:16.89,20,"14,11,5,15,6,10,1,7,17,12,3,2,0,8,13,19,16,18,9,4",14:61;11:41;5:61;15:24;6:10;10:42;1:10;7:68;17:52;12:18;3:40;2:54;0:10;8:57;13:45;19:19;16:25;18:10;9:54;4:50,"14:[0,1,2,4,5,6];11:[0,4,6,7];5:[0,1,2,4,5,6];15:[4,6];6:[4];10:[0,1,4,6];1:[7];7:[0,1,4,5,6,7];17:[0,1,4,5,6];12:[7];3:[0,1,4,6];2:[0,1,4,5,6];0:[2];8:[0,1,4,6,7];13:[0,1,4,6];19:[4];16:[2,4];18:[7];9:[0,1,4,5,6];4:[0,1,4,5,6]","c14:bw=61,experts=[0,1,2,4,5,6]; c11:bw=41,experts=[0,4,6,7]; c5:bw=61,experts=[0,1,2,4,5,6]; c15:bw=24,experts=[4,6]; c6:bw=10,experts=[4]; c10:bw=42,experts=[0,1,4,6]; c1:bw=10,experts=[7]; c7:bw=68,experts=[0,1,4,5,6,7]; c17:bw=52,experts=[0,1,4,5,6]; c12:bw=18,experts=[7]; c3:bw=40,experts=[0,1,4,6]; c2:bw=54,experts=[0,1,4,5,6]; c0:bw=10,experts=[2]; c8:bw=57,experts=[0,1,4,6,7]; c13:bw=45,experts=[0,1,4,6]; c19:bw=19,experts=[4]; c16:bw=25,experts=[2,4]; c18:bw=10,experts=[7]; c9:bw=54,experts=[0,1,4,5,6]; c4:bw=50,experts=[0,1,4,5,6]","5.0076,3.0125,1.6488,3.7162,2.5567,1.5357,4.7251,4.2791,3.0290,3.3727,2.0091,3.5313,1.9708,3.0863,5.5815,4.9426,2.8715,4.1779,2.8598,4.2035"
42,2026-09-24 20:11:50,Ours,0.01,1.9354815537089807,48.92,48.92,42,66.9881,1:06.99,65.2818,0.3329,1.3712,2723.9057,45:23.91,20,"12,9,3,7,19,1,15,14,13,6,16,8,10,4,18,5,0,11,17,2",12:22;9:51;3:48;7:20;19:63;1:49;15:31;14:13;13:33;6:34;16:10;8:42;10:15;4:55;18:14;5:50;0:15;11:59;17:32;2:40,"12:[4,6];9:[0,1,2,4,6];3:[1,4,6,7];7:[4,6];19:[0,1,2,4,5,6];1:[0,1,4,6];15:[0,4,6];14:[4];13:[0,4,6];6:[0,4,6];16:[1];8:[0,1,4,6];10:[4];4:[0,1,4,5,6];18:[4];5:[0,1,4,5,6];0:[4];11:[0,1,4,5,6];17:[1,4,6];2:[0,1,4,6]","c12:bw=22,experts=[4,6]; c9:bw=51,experts=[0,1,2,4,6]; c3:bw=48,experts=[1,4,6,7]; c7:bw=20,experts=[4,6]; c19:bw=63,experts=[0,1,2,4,5,6]; c1:bw=49,experts=[0,1,4,6]; c15:bw=31,experts=[0,4,6]; c14:bw=13,experts=[4]; c13:bw=33,experts=[0,4,6]; c6:bw=34,experts=[0,4,6]; c16:bw=10,experts=[1]; c8:bw=42,experts=[0,1,4,6]; c10:bw=15,experts=[4]; c4:bw=55,experts=[0,1,4,5,6]; c18:bw=14,experts=[4]; c5:bw=50,experts=[0,1,4,5,6]; c0:bw=15,experts=[4]; c11:bw=59,experts=[0,1,4,5,6]; c17:bw=32,experts=[1,4,6]; c2:bw=40,experts=[0,1,4,6]","3.1220,2.8501,1.8583,4.0072,4.6572,4.6961,3.7773,4.8628,5.1690,2.5550,2.6346,2.8341,1.5335,4.2048,3.8894,1.6364,1.8838,2.9721,2.8212,3.3166"
43,2026-09-24 20:12:54,Ours,0.01,1.897154759044204,49.86,49.86,43,64.6131,1:04.61,62.8992,0.3236,1.3834,2788.5474,46:28.55,20,"4,9,7,12,11,14,6,0,18,8,3,15,2,10,13,16,19,17,5,1",4:34;9:32;7:21;12:10;11:55;14:66;6:12;0:21;18:24;8:45;3:65;15:14;2:51;10:37;13:16;16:21;19:54;17:47;5:53;1:58,"4:[0,4,6];9:[0,4,6];7:[4,6];12:[4];11:[0,1,4,5,6];14:[0,1,2,4,5,6];6:[4];0:[4,6];18:[4,5];8:[0,4,5,6];3:[0,1,2,4,5,6];15:[4];2:[0,1,4,5,6];10:[0,4,6];13:[4];16:[4,5];19:[0,1,4,5,6];17:[0,1,4,6];5:[0,1,4,5,6];1:[0,2,4,5,6]","c4:bw=34,experts=[0,4,6]; c9:bw=32,experts=[0,4,6]; c7:bw=21,experts=[4,6]; c12:bw=10,experts=[4]; c11:bw=55,experts=[0,1,4,5,6]; c14:bw=66,experts=[0,1,2,4,5,6]; c6:bw=12,experts=[4]; c0:bw=21,experts=[4,6]; c18:bw=24,experts=[4,5]; c8:bw=45,experts=[0,4,5,6]; c3:bw=65,experts=[0,1,2,4,5,6]; c15:bw=14,experts=[4]; c2:bw=51,experts=[0,1,4,5,6]; c10:bw=37,experts=[0,4,6]; c13:bw=16,experts=[4]; c16:bw=21,experts=[4,5]; c19:bw=54,experts=[0,1,4,5,6]; c17:bw=47,experts=[0,1,4,6]; c5:bw=53,experts=[0,1,4,5,6]; c1:bw=58,experts=[0,2,4,5,6]","4.2329,2.5013,3.6409,2.6939,2.7614,4.3561,2.3108,1.6107,3.7616,2.9354,1.8334,3.6706,3.2767,1.5317,5.2993,2.7608,4.6661,2.8257,1.6268,4.6031"
44,2026-09-24 20:14:03,Ours,0.01,1.8980957846762365,49.18,49.86,43,68.3901,1:08.39,66.6319,0.3286,1.427,2856.966,47:36.97,20,"12,15,13,6,2,17,8,10,14,5,1,4,7,19,11,0,18,16,9,3",12:40;15:50;13:28;6:20;2:37;17:12;8:34;10:56;14:65;5:24;1:45;4:29;7:75;19:10;11:16;0:66;18:54;16:76;9:37;3:47,"12:[0,1,4,6];15:[0,2,4,5,6];13:[4,6];6:[4,6];2:[0,4,6];17:[4];8:[2,4,6];10:[0,1,4,5,6];14:[0,1,2,4,5,6];5:[4,6];1:[0,1,4,6];4:[2,7];7:[0,1,2,4,5,6,7];19:[4];11:[4];0:[0,1,2,4,5,6];18:[0,1,4,5,6];16:[0,1,2,4,5,6,7];9:[0,4,6];3:[0,1,4,6]","c12:bw=40,experts=[0,1,4,6]; c15:bw=50,experts=[0,2,4,5,6]; c13:bw=28,experts=[4,6]; c6:bw=20,experts=[4,6]; c2:bw=37,experts=[0,4,6]; c17:bw=12,experts=[4]; c8:bw=34,experts=[2,4,6]; c10:bw=56,experts=[0,1,4,5,6]; c14:bw=65,experts=[0,1,2,4,5,6]; c5:bw=24,experts=[4,6]; c1:bw=45,experts=[0,1,4,6]; c4:bw=29,experts=[2,7]; c7:bw=75,experts=[0,1,2,4,5,6,7]; c19:bw=10,experts=[4]; c11:bw=16,experts=[4]; c0:bw=66,experts=[0,1,2,4,5,6]; c18:bw=54,experts=[0,1,4,5,6]; c16:bw=76,experts=[0,1,2,4,5,6,7]; c9:bw=37,experts=[0,4,6]; c3:bw=47,experts=[0,1,4,6]","3.1631,3.7652,5.1374,2.5440,3.2965,2.8128,2.8901,1.5358,4.8680,1.6577,4.6600,4.1225,4.2887,4.8470,3.1524,2.0008,4.1580,2.8425,2.9390,1.9502"
45,2026-09-24 20:15:11,Ours,0.01,1.9030729808906848,50.28,50.28,45,67.8075,1:07.81,65.9136,0.3528,1.5381,2924.8006,48:44.80,20,"12,0,11,5,6,1,4,17,9,2,8,13,19,16,3,7,18,10,15,14",12:61;0:36;11:53;5:44;6:10;1:56;4:64;17:10;9:25;2:49;8:55;13:53;19:67;16:54;3:67;7:36;18:16;10:42;15:33;14:41,"12:[0,1,2,4,5,6];0:[0,4,6];11:[0,1,2,4,6];5:[0,1,4,6];6:[1];1:[0,1,2,4,6];4:[0,1,2,4,5,6];17:[4];9:[4,6];2:[0,1,4,6];8:[0,1,4,5,6];13:[0,1,4,5,6];19:[0,1,2,4,5,6];16:[0,1,4,5,6];3:[0,1,2,4,5,6];7:[1,4,6];18:[4];10:[0,1,4,6];15:[1,4,7];14:[0,4,6,7]","c12:bw=61,experts=[0,1,2,4,5,6]; c0:bw=36,experts=[0,4,6]; c11:bw=53,experts=[0,1,2,4,6]; c5:bw=44,experts=[0,1,4,6]; c6:bw=10,experts=[1]; c1:bw=56,experts=[0,1,2,4,6]; c4:bw=64,experts=[0,1,2,4,5,6]; c17:bw=10,experts=[4]; c9:bw=25,experts=[4,6]; c2:bw=49,experts=[0,1,4,6]; c8:bw=55,experts=[0,1,4,5,6]; c13:bw=53,experts=[0,1,4,5,6]; c19:bw=67,experts=[0,1,2,4,5,6]; c16:bw=54,experts=[0,1,4,5,6]; c3:bw=67,experts=[0,1,2,4,5,6]; c7:bw=36,experts=[1,4,6]; c18:bw=16,experts=[4]; c10:bw=42,experts=[0,1,4,6]; c15:bw=33,experts=[1,4,7]; c14:bw=41,experts=[0,4,6,7]","3.1820,1.9545,2.9798,1.6310,2.4869,4.5911,4.2602,2.8779,2.7977,3.2934,2.8337,5.2220,4.6325,2.6828,1.8571,3.9807,3.8245,1.5759,3.9097,5.3400"
46,2026-09-24 20:16:18,Ours,0.01,1.8692167009640905,50.06,50.28,45,66.968,1:06.97,65.232,0.3312,1.4021,2991.7963,49:51.80,20,"7,3,16,14,2,6,12,10,13,15,1,18,11,8,19,0,5,9,17,4",7:28;3:27;16:28;14:39;2:57;6:39;12:53;10:59;13:50;15:14;1:41;18:44;11:38;8:39;19:10;0:55;5:41;9:37;17:15;4:64,"7:[4,6];3:[4,6];16:[4,6];14:[0,4,6];2:[0,1,2,4,6];6:[2,4,5];12:[0,1,4,5,6];10:[0,2,4,6,7];13:[0,1,2,4,6];15:[4];1:[0,1,4,6];18:[0,1,4,6];11:[1,4,6];8:[0,4,6];19:[4];0:[0,1,4,5,6];5:[0,1,4,6];9:[0,4,6];17:[4];4:[0,1,2,4,5,6]","c7:bw=28,experts=[4,6]; c3:bw=27,experts=[4,6]; c16:bw=28,experts=[4,6]; c14:bw=39,experts=[0,4,6]; c2:bw=57,experts=[0,1,2,4,6]; c6:bw=39,experts=[2,4,5]; c12:bw=53,experts=[0,1,4,5,6]; c10:bw=59,experts=[0,2,4,6,7]; c13:bw=50,experts=[0,1,2,4,6]; c15:bw=14,experts=[4]; c1:bw=41,experts=[0,1,4,6]; c18:bw=44,experts=[0,1,4,6]; c11:bw=38,experts=[1,4,6]; c8:bw=39,experts=[0,4,6]; c19:bw=10,experts=[4]; c0:bw=55,experts=[0,1,4,5,6]; c5:bw=41,experts=[0,1,4,6]; c9:bw=37,experts=[0,4,6]; c17:bw=15,experts=[4]; c4:bw=64,experts=[0,1,2,4,5,6]","4.0207,1.8396,2.6783,4.9824,3.2965,2.5397,3.1475,1.5717,5.2042,3.6900,4.6650,3.8578,2.9744,2.8229,4.5380,1.8770,1.6432,2.8509,2.8326,4.1993"
47,2026-09-24 20:17:25,Ours,0.01,1.86554101883521,49.91,50.28,45,67.1554,1:07.16,65.4106,0.3196,1.4171,3058.9788,50:58.98,20,"11,18,10,13,15,8,4,1,14,6,9,5,17,19,12,2,16,7,0,3",11:39;18:10;10:51;13:33;15:42;8:39;4:10;1:30;14:24;6:22;9:17;5:52;17:20;19:28;12:15;2:54;16:68;7:53;0:46;3:70,"11:[0,4,6];18:[4];10:[0,1,4,5,6];13:[0,4,6];15:[0,1,4,6];8:[0,4,6];4:[4];1:[0,4,6];14:[4,6];6:[4,6];9:[4];5:[0,1,4,6,7];17:[2,7];19:[4,6];12:[4];2:[0,1,4,5,6];16:[0,1,2,4,5,6];7:[0,1,4,5,6];0:[0,1,4,6];3:[0,1,2,4,5,6,7]","c11:bw=39,experts=[0,4,6]; c18:bw=10,experts=[4]; c10:bw=51,experts=[0,1,4,5,6]; c13:bw=33,experts=[0,4,6]; c15:bw=42,experts=[0,1,4,6]; c8:bw=39,experts=[0,4,6]; c4:bw=10,experts=[4]; c1:bw=30,experts=[0,4,6]; c14:bw=24,experts=[4,6]; c6:bw=22,experts=[4,6]; c9:bw=17,experts=[4]; c5:bw=52,experts=[0,1,4,6,7]; c17:bw=20,experts=[2,7]; c19:bw=28,experts=[4,6]; c12:bw=15,experts=[4]; c2:bw=54,experts=[0,1,4,5,6]; c16:bw=68,experts=[0,1,2,4,5,6]; c7:bw=53,experts=[0,1,4,5,6]; c0:bw=46,experts=[0,1,4,6]; c3:bw=70,experts=[0,1,2,4,5,6,7]","2.9972,3.8811,1.5696,5.1381,3.7511,2.9464,4.1791,4.7082,4.8675,2.5784,2.7885,1.6463,2.8043,4.5828,3.2161,3.2867,2.6706,4.0338,1.8816,1.8831"
48,2026-09-24 20:18:32,Ours,0.01,1.9457734608777408,50.93,50.93,48,67.0337,1:07.03,65.3131,0.3239,1.3941,3126.0461,52:06.05,20,"16,7,8,17,3,4,0,6,15,19,5,9,1,12,11,18,10,13,14,2",16:10;7:62;8:50;17:38;3:18;4:67;0:16;6:45;15:64;19:45;5:55;9:52;1:50;12:31;11:32;18:62;10:12;13:50;14:10;2:57,"16:[3];7:[0,1,3,4,5,6];8:[0,1,3,4,6];17:[3,4,6];3:[3];4:[0,1,3,4,5,6];0:[3];6:[3,4,6,7];15:[0,1,3,4,5,6];19:[3,4,6,7];5:[0,1,3,4,6];9:[0,3,4,6,7];1:[0,1,3,4,6];12:[3,4,6];11:[3,4,6];18:[0,1,2,3,4,6];10:[3];13:[1,3,4,6,7];14:[3];2:[0,3,4,6,7]","c16:bw=10,experts=[3]; c7:bw=62,experts=[0,1,3,4,5,6]; c8:bw=50,experts=[0,1,3,4,6]; c17:bw=38,experts=[3,4,6]; c3:bw=18,experts=[3]; c4:bw=67,experts=[0,1,3,4,5,6]; c0:bw=16,experts=[3]; c6:bw=45,experts=[3,4,6,7]; c15:bw=64,experts=[0,1,3,4,5,6]; c19:bw=45,experts=[3,4,6,7]; c5:bw=55,experts=[0,1,3,4,6]; c9:bw=52,experts=[0,3,4,6,7]; c1:bw=50,experts=[0,1,3,4,6]; c12:bw=31,experts=[3,4,6]; c11:bw=32,experts=[3,4,6]; c18:bw=62,experts=[0,1,2,3,4,6]; c10:bw=12,experts=[3]; c13:bw=50,experts=[1,3,4,6,7]; c14:bw=10,experts=[3]; c2:bw=57,experts=[0,3,4,6,7]","2.6550,4.0721,2.8884,2.8910,1.8596,4.2523,1.8659,2.4353,3.7393,4.7022,1.6215,2.6624,4.7249,3.2074,3.0094,3.8760,1.4325,5.1961,4.8911,3.3308"
49,2026-09-24 20:19:39,Ours,0.01,1.8378324020161325,51.75,51.75,49,66.9631,1:06.96,65.2036,0.3305,1.4261,3193.042,53:13.04,20,"7,4,0,10,17,5,15,18,1,13,2,9,14,8,3,12,19,11,6,16",7:44;4:48;0:20;10:64;17:30;5:56;15:42;18:32;1:54;13:39;2:58;9:53;14:58;8:26;3:32;12:37;19:10;11:38;6:13;16:30,"7:[0,1,4,6];4:[1,4,5,6];0:[4,7];10:[0,1,2,4,5,6];17:[4,5,6];5:[0,1,2,4,6];15:[0,1,4,6];18:[4,6,7];1:[0,1,4,6,7];13:[0,4,6];2:[0,1,4,5,6];9:[0,1,4,5,6];14:[0,1,4,5,6];8:[4,7];3:[0,4,6];12:[4,6,7];19:[4];11:[4,6,7];6:[4];16:[0,4,6]","c7:bw=44,experts=[0,1,4,6]; c4:bw=48,experts=[1,4,5,6]; c0:bw=20,experts=[4,7]; c10:bw=64,experts=[0,1,2,4,5,6]; c17:bw=30,experts=[4,5,6]; c5:bw=56,experts=[0,1,2,4,6]; c15:bw=42,experts=[0,1,4,6]; c18:bw=32,experts=[4,6,7]; c1:bw=54,experts=[0,1,4,6,7]; c13:bw=39,experts=[0,4,6]; c2:bw=58,experts=[0,1,4,5,6]; c9:bw=53,experts=[0,1,4,5,6]; c14:bw=58,experts=[0,1,4,5,6]; c8:bw=26,experts=[4,7]; c3:bw=32,experts=[0,4,6]; c12:bw=37,experts=[4,6,7]; c19:bw=10,experts=[4]; c11:bw=38,experts=[4,6,7]; c6:bw=13,experts=[4]; c16:bw=30,experts=[0,4,6]","4.0541,4.2650,1.8737,1.5499,2.8198,1.6491,3.7241,3.8558,4.6604,5.1499,3.2015,2.8113,4.8766,2.8678,1.8442,3.1243,4.6857,2.9780,2.5418,2.6705"
50,2026-09-24 20:20:47,Ours,0.01,1.828391292780512,51.97,51.97,50,67.8097,1:07.81,65.9473,0.3335,1.5258,3260.8789,54:20.88,20,"2,6,14,12,13,17,11,0,16,15,7,10,1,19,3,5,4,8,9,18",2:63;6:68;14:23;12:34;13:37;17:33;11:57;0:29;16:27;15:31;7:34;10:23;1:64;19:43;3:39;5:31;4:10;8:32;9:27;18:44,"2:[0,1,2,4,5,6];6:[0,1,2,4,5,6];14:[4,6];12:[0,4,6];13:[0,4,6];17:[0,4,6];11:[0,1,4,5,6];0:[4,6];16:[4,6];15:[0,4,6];7:[0,4,6];10:[4,6];1:[0,1,2,4,5,6];19:[0,1,4,6];3:[1,4,6];5:[0,4,6];4:[4];8:[1,4,6];9:[2,4];18:[0,1,4,6]","c2:bw=63,experts=[0,1,2,4,5,6]; c6:bw=68,experts=[0,1,2,4,5,6]; c14:bw=23,experts=[4,6]; c12:bw=34,experts=[0,4,6]; c13:bw=37,experts=[0,4,6]; c17:bw=33,experts=[0,4,6]; c11:bw=57,experts=[0,1,4,5,6]; c0:bw=29,experts=[4,6]; c16:bw=27,experts=[4,6]; c15:bw=31,experts=[0,4,6]; c7:bw=34,experts=[0,4,6]; c10:bw=23,experts=[4,6]; c1:bw=64,experts=[0,1,2,4,5,6]; c19:bw=43,experts=[0,1,4,6]; c3:bw=39,experts=[1,4,6]; c5:bw=31,experts=[0,4,6]; c4:bw=10,experts=[4]; c8:bw=32,experts=[1,4,6]; c9:bw=27,experts=[2,4]; c18:bw=44,experts=[0,1,4,6]","3.3296,2.5863,4.8651,3.1308,5.1367,2.7784,2.9834,1.8710,2.6729,3.7427,4.0812,1.6110,4.7805,4.8649,1.9723,1.7345,4.1949,2.9353,2.8323,3.8435"
51,2026-09-24 20:21:54,Ours,0.01,1.8145856097862842,52.11,52.11,51,67.383,1:07.38,65.5194,0.3365,1.5194,3328.2956,55:28.30,20,"0,9,11,16,13,19,17,1,5,12,18,4,7,14,2,6,8,10,3,15",0:53;9:18;11:60;16:30;13:40;19:10;17:43;1:21;5:47;12:43;18:37;4:11;7:27;14:30;2:20;6:52;8:46;10:37;3:55;15:57,"0:[0,1,4,5,6];9:[4];11:[0,1,2,4,5,6];16:[0,4,6];13:[0,1,4,6];19:[4];17:[0,1,4,6];1:[4,6];5:[1,4,5,6];12:[0,1,4,6];18:[1,4,6];4:[4];7:[4,6];14:[0,4,6];2:[4,6];6:[0,1,4,5,6];8:[0,1,4,6];10:[1,4,6];3:[0,1,4,5,6];15:[0,1,4,5,6]","c0:bw=53,experts=[0,1,4,5,6]; c9:bw=18,experts=[4]; c11:bw=60,experts=[0,1,2,4,5,6]; c16:bw=30,experts=[0,4,6]; c13:bw=40,experts=[0,1,4,6]; c19:bw=10,experts=[4]; c17:bw=43,experts=[0,1,4,6]; c1:bw=21,experts=[4,6]; c5:bw=47,experts=[1,4,5,6]; c12:bw=43,experts=[0,1,4,6]; c18:bw=37,experts=[1,4,6]; c4:bw=11,experts=[4]; c7:bw=27,experts=[4,6]; c14:bw=30,experts=[0,4,6]; c2:bw=20,experts=[4,6]; c6:bw=52,experts=[0,1,4,5,6]; c8:bw=46,experts=[0,1,4,6]; c10:bw=37,experts=[1,4,6]; c3:bw=55,experts=[0,1,4,5,6]; c15:bw=57,experts=[0,1,4,5,6]","1.9986,3.0006,3.0697,2.6607,5.1753,4.5789,2.8748,4.6363,1.6295,3.1250,3.8848,4.0922,3.9633,4.8465,3.3478,2.5834,2.8410,1.6375,1.8454,3.7280"
52,2026-09-24 20:23:02,Ours,0.01,1.8203954571841698,52.46,52.46,52,67.9944,1:07.99,66.2793,0.322,1.3907,3396.3196,56:36.32,20,"6,17,15,8,0,19,12,3,13,18,4,11,2,9,7,10,14,1,5,16",6:51;17:19;15:31;8:18;0:46;19:46;12:10;3:43;13:23;18:49;4:33;11:60;2:29;9:31;7:34;10:31;14:42;1:40;5:24;16:59,"6:[0,1,4,5,6];17:[4];15:[2,4,6];8:[2];0:[0,2,4,6];19:[0,1,4,6];12:[4];3:[0,1,4,6];13:[4,6];18:[0,4,5,6];4:[4,6,7];11:[0,1,2,4,5,6];2:[4,6];9:[0,4,6];7:[2,4,7];10:[0,4,6];14:[0,2,4,6];1:[0,1,4,6];5:[4,6];16:[0,1,4,6,7]","c6:bw=51,experts=[0,1,4,5,6]; c17:bw=19,experts=[4]; c15:bw=31,experts=[2,4,6]; c8:bw=18,experts=[2]; c0:bw=46,experts=[0,2,4,6]; c19:bw=46,experts=[0,1,4,6]; c12:bw=10,experts=[4]; c3:bw=43,experts=[0,1,4,6]; c13:bw=23,experts=[4,6]; c18:bw=49,experts=[0,4,5,6]; c4:bw=33,experts=[4,6,7]; c11:bw=60,experts=[0,1,2,4,5,6]; c2:bw=29,experts=[4,6]; c9:bw=31,experts=[0,4,6]; c7:bw=34,experts=[2,4,7]; c10:bw=31,experts=[0,4,6]; c14:bw=42,experts=[0,2,4,6]; c1:bw=40,experts=[0,1,4,6]; c5:bw=24,experts=[4,6]; c16:bw=59,experts=[0,1,4,6,7]","2.6409,2.9393,3.7223,2.9235,2.0472,4.7060,3.1752,1.9506,5.1842,3.8480,4.4159,3.2006,3.3938,2.7971,3.9390,1.5762,4.8786,4.6576,1.6330,2.6505"
53,2026-09-24 20:24:10,Ours,0.01,1.8109916980216823,52.55,52.55,53,67.5253,1:07.53,65.8082,0.3255,1.3891,3463.8735,57:43.87,20,"11,9,8,12,6,15,7,1,16,18,2,19,3,10,17,4,5,13,0,14",11:11;9:61;8:22;12:45;6:36;15:27;7:44;1:59;16:44;18:17;2:51;19:10;3:47;10:52;17:28;4:28;5:44;13:10;0:39;14:34,"11:[4];9:[0,1,2,4,5,6];8:[4,5];12:[1,2,4,6];6:[0,4,6];15:[4,7];7:[0,1,4,6];1:[0,1,4,5,6];16:[0,1,4,6];18:[4];2:[0,1,4,5,6];19:[2];3:[0,1,4,6];10:[0,1,4,5,6];17:[4,6];4:[4,6];5:[0,1,4,6];13:[5];0:[0,4,6];14:[4,6,7]","c11:bw=11,experts=[4]; c9:bw=61,experts=[0,1,2,4,5,6]; c8:bw=22,experts=[4,5]; c12:bw=45,experts=[1,2,4,6]; c6:bw=36,experts=[0,4,6]; c15:bw=27,experts=[4,7]; c7:bw=44,experts=[0,1,4,6]; c1:bw=59,experts=[0,1,4,5,6]; c16:bw=44,experts=[0,1,4,6]; c18:bw=17,experts=[4]; c2:bw=51,experts=[0,1,4,5,6]; c19:bw=10,experts=[2]; c3:bw=47,experts=[0,1,4,6]; c10:bw=52,experts=[0,1,4,5,6]; c17:bw=28,experts=[4,6]; c4:bw=28,experts=[4,6]; c5:bw=44,experts=[0,1,4,6]; c13:bw=10,experts=[5]; c0:bw=39,experts=[0,4,6]; c14:bw=34,experts=[4,6,7]","2.9757,2.9485,2.9257,3.1313,2.5301,3.7213,4.0102,4.8219,2.6597,3.8160,3.3897,4.6839,1.8492,1.5761,2.8313,4.1704,1.6292,5.2386,1.8846,5.0149"
54,2026-09-24 20:25:17,Ours,0.01,1.8103684772865747,53.16,53.16,54,67.1894,1:07.19,65.4373,0.365,1.3843,3531.0999,58:51.10,20,"11,13,3,18,16,14,9,12,2,6,5,19,10,15,17,8,4,0,1,7",11:58;13:55;3:30;18:33;16:10;14:33;9:50;12:74;2:10;6:54;5:10;19:21;10:10;15:32;17:27;8:55;4:32;0:37;1:53;7:61,"11:[0,1,2,4,6];13:[0,1,2,4,6];3:[0,4,6];18:[0,4,6];16:[4];14:[0,4,6];9:[0,1,4,5,6];12:[0,1,2,4,5,6,7];2:[4];6:[0,1,4,5,6];5:[4];19:[4,5];10:[7];15:[0,4,6];17:[4,6];8:[0,1,4,5,6];4:[2,4,6];0:[0,4,6];1:[0,1,4,5,6];7:[0,1,2,4,5,6]","c11:bw=58,experts=[0,1,2,4,6]; c13:bw=55,experts=[0,1,2,4,6]; c3:bw=30,experts=[0,4,6]; c18:bw=33,experts=[0,4,6]; c16:bw=10,experts=[4]; c14:bw=33,experts=[0,4,6]; c9:bw=50,experts=[0,1,4,5,6]; c12:bw=74,experts=[0,1,2,4,5,6,7]; c2:bw=10,experts=[4]; c6:bw=54,experts=[0,1,4,5,6]; c5:bw=10,experts=[4]; c19:bw=21,experts=[4,5]; c10:bw=10,experts=[7]; c15:bw=32,experts=[0,4,6]; c17:bw=27,experts=[4,6]; c8:bw=55,experts=[0,1,4,5,6]; c4:bw=32,experts=[2,4,6]; c0:bw=37,experts=[0,4,6]; c1:bw=53,experts=[0,1,4,5,6]; c7:bw=61,experts=[0,1,2,4,5,6]","2.9946,5.2961,1.8466,3.8687,2.6278,4.8715,2.8595,3.1986,3.2967,2.5689,1.6052,4.5327,1.5603,3.7226,2.8186,2.8794,4.2321,1.8507,4.7751,4.0315"
55,2026-09-24 20:26:24,Ours,0.01,1.77660352965725,53.72,53.72,55,67.3499,1:07.35,65.653,0.3311,1.3572,3598.4786,59:58.48,20,"17,9,6,13,14,19,3,16,4,18,12,5,7,0,15,2,11,1,8,10",17:39;9:62;6:42;13:24;14:33;19:60;3:52;16:57;4:14;18:70;12:62;5:53;7:54;0:27;15:30;2:41;11:40;1:60;8:14;10:57,"17:[2,4,7];9:[0,1,2,4,5,6];6:[0,1,4,6];13:[4,6];14:[0,4,6];19:[0,1,2,4,5,6];3:[0,2,4,6,7];16:[0,2,4,5,6];4:[4];18:[0,1,2,4,5,6,7];12:[0,1,2,4,5,6];5:[0,1,4,6,7];7:[0,1,4,5,6];0:[4,6];15:[0,4,6];2:[0,1,4,6];11:[0,1,4,6];1:[0,1,2,4,5,6];8:[4];10:[0,1,4,5,6]","c17:bw=39,experts=[2,4,7]; c9:bw=62,experts=[0,1,2,4,5,6]; c6:bw=42,experts=[0,1,4,6]; c13:bw=24,experts=[4,6]; c14:bw=33,experts=[0,4,6]; c19:bw=60,experts=[0,1,2,4,5,6]; c3:bw=52,experts=[0,2,4,6,7]; c16:bw=57,experts=[0,2,4,5,6]; c4:bw=14,experts=[4]; c18:bw=70,experts=[0,1,2,4,5,6,7]; c12:bw=62,experts=[0,1,2,4,5,6]; c5:bw=53,experts=[0,1,4,6,7]; c7:bw=54,experts=[0,1,4,5,6]; c0:bw=27,experts=[4,6]; c15:bw=30,experts=[0,4,6]; c2:bw=41,experts=[0,1,4,6]; c11:bw=40,experts=[0,1,4,6]; c1:bw=60,experts=[0,1,2,4,5,6]; c8:bw=14,experts=[4]; c10:bw=57,experts=[0,1,4,5,6]","2.8068,2.8098,2.5706,5.3617,5.1973,4.7047,1.8572,2.6730,4.1398,3.8956,3.0998,1.6153,4.0278,1.8416,3.6889,3.3173,2.9866,4.6834,2.8264,1.5493"
56,2026-09-24 20:27:31,Ours,0.01,1.8809993484259375,52.24,53.72,55,66.6005,1:06.60,64.9123,0.319,1.3667,3665.2119,1:01:05.21,20,"19,14,17,15,10,0,5,4,2,11,6,16,7,1,8,9,12,3,13,18",19:10;14:42;17:10;15:35;10:20;0:70;5:31;4:10;2:53;11:26;6:23;16:42;7:18;1:56;8:13;9:52;12:38;3:10;13:18;18:54,"19:[3];14:[0,3,4,6];17:[3];15:[3,4,6];10:[3,4];0:[0,1,2,3,4,5,6];5:[3,4,6];4:[0];2:[0,3,4,6,7];11:[3,4];6:[3,7];16:[0,3,4,6];7:[3];1:[0,1,3,4,6];8:[3];9:[0,3,4,6,7];12:[3,4,6];3:[3];13:[3];18:[0,1,3,4,6]","c19:bw=10,experts=[3]; c14:bw=42,experts=[0,3,4,6]; c17:bw=10,experts=[3]; c15:bw=35,experts=[3,4,6]; c10:bw=20,experts=[3,4]; c0:bw=70,experts=[0,1,2,3,4,5,6]; c5:bw=31,experts=[3,4,6]; c4:bw=10,experts=[0]; c2:bw=53,experts=[0,3,4,6,7]; c11:bw=26,experts=[3,4]; c6:bw=23,experts=[3,7]; c16:bw=42,experts=[0,3,4,6]; c7:bw=18,experts=[3]; c1:bw=56,experts=[0,1,3,4,6]; c8:bw=13,experts=[3]; c9:bw=52,experts=[0,3,4,6,7]; c12:bw=38,experts=[3,4,6]; c3:bw=10,experts=[3]; c13:bw=18,experts=[3]; c18:bw=54,experts=[0,1,3,4,6]","4.5723,4.9194,2.8471,3.8656,1.5576,1.9112,1.6340,4.1283,3.3043,2.9463,2.5156,2.6725,4.0394,4.8063,2.8203,2.7691,3.0815,1.7799,4.9533,3.7880"
57,2026-09-24 20:28:38,Ours,0.01,1.76055638788329,53.25,53.72,55,66.7739,1:06.77,64.9966,0.3247,1.4448,3732.0165,1:02:12.02,20,"15,10,8,0,4,3,18,9,17,12,11,5,19,6,2,16,7,13,1,14",15:36;10:58;8:43;0:70;4:41;3:64;18:44;9:19;17:52;12:17;11:26;5:44;19:44;6:48;2:33;16:33;7:69;13:31;1:49;14:36,"15:[0,4,6];10:[0,1,2,4,6];8:[0,4,6,7];0:[0,1,2,4,5,6,7];4:[1,3,4,5];3:[0,1,2,4,5,6];18:[0,1,4,6];9:[4];17:[0,1,4,5,6];12:[4];11:[4,7];5:[0,2,4,6];19:[0,4,6,7];6:[0,1,4,6];2:[0,4,6];16:[0,4,6];7:[0,1,2,4,5,6];13:[4,6,7];1:[0,4,6,7];14:[1,4,5]","c15:bw=36,experts=[0,4,6]; c10:bw=58,experts=[0,1,2,4,6]; c8:bw=43,experts=[0,4,6,7]; c0:bw=70,experts=[0,1,2,4,5,6,7]; c4:bw=41,experts=[1,3,4,5]; c3:bw=64,experts=[0,1,2,4,5,6]; c18:bw=44,experts=[0,1,4,6]; c9:bw=19,experts=[4]; c17:bw=52,experts=[0,1,4,5,6]; c12:bw=17,experts=[4]; c11:bw=26,experts=[4,7]; c5:bw=44,experts=[0,2,4,6]; c19:bw=44,experts=[0,4,6,7]; c6:bw=48,experts=[0,1,4,6]; c2:bw=33,experts=[0,4,6]; c16:bw=33,experts=[0,4,6]; c7:bw=69,experts=[0,1,2,4,5,6]; c13:bw=31,experts=[4,6,7]; c1:bw=49,experts=[0,4,6,7]; c14:bw=36,experts=[1,4,5]","3.6889,1.5293,2.8934,1.8519,4.1934,1.8603,3.7492,2.7745,2.8064,3.1087,2.8914,1.5601,4.7208,2.5959,3.2735,2.6550,4.0806,5.1743,4.6739,4.9151"
58,2026-09-24 20:29:46,Ours,0.01,1.7728206915528084,53.66,53.72,55,67.7101,1:07.71,65.9328,0.3303,1.4443,3799.7657,1:03:19.77,20,"11,14,12,7,8,13,15,2,16,9,1,18,19,17,6,10,4,0,5,3",11:47;14:22;12:29;7:24;8:40;13:40;15:38;2:10;16:42;9:57;1:30;18:50;19:43;17:12;6:55;10:43;4:38;0:47;5:35;3:61,"11:[0,1,4,6];14:[4,6];12:[4,6];7:[4,6];8:[0,1,4,6];13:[0,1,4,6];15:[0,4,6];2:[2];16:[0,1,4,6];9:[0,1,4,5,6];1:[0,4,6];18:[0,1,4,5,6];19:[0,1,4,6];17:[4];6:[0,1,2,4,6];10:[0,1,4,6];4:[0,4,6];0:[0,1,4,6];5:[1,4,6];3:[0,1,2,4,5,6]","c11:bw=47,experts=[0,1,4,6]; c14:bw=22,experts=[4,6]; c12:bw=29,experts=[4,6]; c7:bw=24,experts=[4,6]; c8:bw=40,experts=[0,1,4,6]; c13:bw=40,experts=[0,1,4,6]; c15:bw=38,experts=[0,4,6]; c2:bw=10,experts=[2]; c16:bw=42,experts=[0,1,4,6]; c9:bw=57,experts=[0,1,4,5,6]; c1:bw=30,experts=[0,4,6]; c18:bw=50,experts=[0,1,4,5,6]; c19:bw=43,experts=[0,1,4,6]; c17:bw=12,experts=[4]; c6:bw=55,experts=[0,1,2,4,6]; c10:bw=43,experts=[0,1,4,6]; c4:bw=38,experts=[0,4,6]; c0:bw=47,experts=[0,1,4,6]; c5:bw=35,experts=[1,4,6]; c3:bw=61,experts=[0,1,2,4,5,6]","3.0375,4.8142,3.1746,4.0557,2.9143,5.2148,3.7764,3.3728,2.6482,2.8554,4.7552,4.0029,4.6464,2.8556,2.5826,1.5529,4.2629,1.8970,1.6478,1.8655"
59,2026-09-24 20:30:54,Ours,0.01,1.749986934821117,55.13,55.13,59,67.9028,1:07.90,66.1829,0.3273,1.3848,3867.7023,1:04:27.70,20,"6,5,0,16,8,15,17,13,9,2,10,1,11,3,18,19,4,7,14,12",6:19;5:32;0:52;16:23;8:56;15:50;17:55;13:13;9:28;2:37;10:26;1:65;11:34;3:35;18:10;19:14;4:26;7:28;14:40;12:47,"6:[4];5:[4,5,6];0:[0,1,4,5,6];16:[4,6];8:[0,1,4,5,6];15:[0,1,4,5,6];17:[0,1,4,5,6];13:[4];9:[4,6];2:[0,4,6];10:[4,6];1:[0,1,2,4,5,6];11:[0,4,6];3:[0,4,6];18:[4];19:[4];4:[4,6];7:[4,6];14:[0,1,4,6];12:[0,1,4,6]","c6:bw=19,experts=[4]; c5:bw=32,experts=[4,5,6]; c0:bw=52,experts=[0,1,4,5,6]; c16:bw=23,experts=[4,6]; c8:bw=56,experts=[0,1,4,5,6]; c15:bw=50,experts=[0,1,4,5,6]; c17:bw=55,experts=[0,1,4,5,6]; c13:bw=13,experts=[4]; c9:bw=28,experts=[4,6]; c2:bw=37,experts=[0,4,6]; c10:bw=26,experts=[4,6]; c1:bw=65,experts=[0,1,2,4,5,6]; c11:bw=34,experts=[0,4,6]; c3:bw=35,experts=[0,4,6]; c18:bw=10,experts=[4]; c19:bw=14,experts=[4]; c4:bw=26,experts=[4,6]; c7:bw=28,experts=[4,6]; c14:bw=40,experts=[0,1,4,6]; c12:bw=47,experts=[0,1,4,6]","2.5424,1.6590,1.8895,2.6810,2.8768,3.8364,2.8964,5.1976,2.7986,3.2546,1.6260,4.6987,3.1329,1.8590,3.8994,4.8708,4.3115,4.0445,4.9463,3.1615"
60,2026-09-24 20:32:00,Ours,0.01,1.7419125325090747,54.91,55.13,59,66.284,1:06.28,64.5837,0.325,1.3725,3934.023,1:05:34.02,20,"4,8,13,15,2,3,11,0,1,14,12,19,18,6,17,16,5,7,9,10",4:30;8:24;13:59;15:51;2:30;3:44;11:40;0:53;1:54;14:42;12:16;19:60;18:26;6:59;17:39;16:63;5:33;7:48;9:10;10:10,"4:[4,6,7];8:[2,4];13:[0,1,4,5,6];15:[0,1,2,4,6];2:[0,4,6];3:[0,1,4,6];11:[0,4,5,6];0:[0,1,4,5,6];1:[0,1,4,5,6];14:[0,2,4,6];12:[4];19:[0,1,2,4,5,6];18:[4,6];6:[0,1,4,5,6];17:[0,4,6];16:[0,1,4,5,6,7];5:[0,4,6];7:[1,4,6,7];9:[4];10:[4]","c4:bw=30,experts=[4,6,7]; c8:bw=24,experts=[2,4]; c13:bw=59,experts=[0,1,4,5,6]; c15:bw=51,experts=[0,1,2,4,6]; c2:bw=30,experts=[0,4,6]; c3:bw=44,experts=[0,1,4,6]; c11:bw=40,experts=[0,4,5,6]; c0:bw=53,experts=[0,1,4,5,6]; c1:bw=54,experts=[0,1,4,5,6]; c14:bw=42,experts=[0,2,4,6]; c12:bw=16,experts=[4]; c19:bw=60,experts=[0,1,2,4,5,6]; c18:bw=26,experts=[4,6]; c6:bw=59,experts=[0,1,4,5,6]; c17:bw=39,experts=[0,4,6]; c16:bw=63,experts=[0,1,4,5,6,7]; c5:bw=33,experts=[0,4,6]; c7:bw=48,experts=[1,4,6,7]; c9:bw=10,experts=[4]; c10:bw=10,experts=[4]","4.2304,2.8780,5.2435,3.8029,3.3023,1.8897,2.9993,1.8975,4.6835,4.4409,2.8392,4.1721,4.0369,2.5875,2.8266,2.6756,1.6255,4.0519,2.8339,1.5666"
61,2026-09-24 20:33:07,Ours,0.01,1.7447352585861755,55.36,55.36,61,67.2685,1:07.27,65.5283,0.3225,1.4152,4001.3239,1:06:41.32,20,"3,6,1,13,19,0,10,15,12,18,2,5,8,17,14,11,16,9,7,4",3:43;6:37;1:33;13:34;19:52;0:60;10:11;15:16;12:27;18:50;2:29;5:49;8:55;17:46;14:38;11:39;16:38;9:38;7:43;4:38,"3:[0,1,4,6];6:[0,4,6];1:[1,4,6];13:[0,4,6];19:[0,1,4,5,6];0:[0,1,2,4,5,6];10:[4];15:[7];12:[4,6];18:[0,1,4,5,6];2:[4,5];5:[0,1,4,6];8:[0,1,4,5,6];17:[0,1,4,6];14:[4,6,7];11:[0,4,6];16:[0,4,6];9:[0,4,6];7:[0,1,4,6];4:[0,4,6]","c3:bw=43,experts=[0,1,4,6]; c6:bw=37,experts=[0,4,6]; c1:bw=33,experts=[1,4,6]; c13:bw=34,experts=[0,4,6]; c19:bw=52,experts=[0,1,4,5,6]; c0:bw=60,experts=[0,1,2,4,5,6]; c10:bw=11,experts=[4]; c15:bw=16,experts=[7]; c12:bw=27,experts=[4,6]; c18:bw=50,experts=[0,1,4,5,6]; c2:bw=29,experts=[4,5]; c5:bw=49,experts=[0,1,4,6]; c8:bw=55,experts=[0,1,4,5,6]; c17:bw=46,experts=[0,1,4,6]; c14:bw=38,experts=[4,6,7]; c11:bw=39,experts=[0,4,6]; c16:bw=38,experts=[0,4,6]; c9:bw=38,experts=[0,4,6]; c7:bw=43,experts=[0,1,4,6]; c4:bw=38,experts=[0,4,6]","1.8693,2.5757,4.7947,5.2974,4.6345,1.8964,1.5610,3.6813,3.2426,3.8907,3.3012,1.6955,2.8473,2.7568,4.8738,2.9835,2.6388,2.7942,4.0191,4.1745"
62,2026-09-24 20:34:14,Ours,0.01,1.7473542753820421,54.88,55.36,61,66.7346,1:06.73,65.0126,0.3202,1.3938,4068.0966,1:07:48.10,20,"10,6,5,17,2,18,1,12,11,19,9,13,15,8,16,4,14,7,0,3",10:21;6:62;5:67;17:19;2:42;18:26;1:75;12:11;11:36;19:42;9:16;13:30;15:46;8:13;16:26;4:60;14:14;7:44;0:28;3:53,"10:[4,7];6:[0,1,2,4,5,6];5:[0,1,2,4,5,6];17:[4];2:[0,1,4,6];18:[4,6];1:[0,1,2,4,5,6,7];12:[7];11:[2,4,6];19:[0,1,4,6];9:[4];13:[2,4,6];15:[0,1,4,6];8:[4];16:[4,6];4:[0,1,2,4,5,6];14:[4];7:[0,1,4,6];0:[4,6];3:[0,1,4,5,6]","c10:bw=21,experts=[4,7]; c6:bw=62,experts=[0,1,2,4,5,6]; c5:bw=67,experts=[0,1,2,4,5,6]; c17:bw=19,experts=[4]; c2:bw=42,experts=[0,1,4,6]; c18:bw=26,experts=[4,6]; c1:bw=75,experts=[0,1,2,4,5,6,7]; c12:bw=11,experts=[7]; c11:bw=36,experts=[2,4,6]; c19:bw=42,experts=[0,1,4,6]; c9:bw=16,experts=[4]; c13:bw=30,experts=[2,4,6]; c15:bw=46,experts=[0,1,4,6]; c8:bw=13,experts=[4]; c16:bw=26,experts=[4,6]; c4:bw=60,experts=[0,1,2,4,5,6]; c14:bw=14,experts=[4]; c7:bw=44,experts=[0,1,4,6]; c0:bw=28,experts=[4,6]; c3:bw=53,experts=[0,1,4,5,6]","1.6032,2.6007,1.6368,2.7817,3.2653,3.8360,4.6435,3.1135,2.9429,4.6584,2.7594,5.1175,3.6979,2.8441,2.6892,4.1697,4.8087,4.0790,1.8852,1.8798"
63,2026-09-24 20:35:22,Ours,0.01,1.740236347255686,55.76,55.76,63,67.5442,1:07.54,65.84,0.331,1.3706,4135.6755,1:08:55.68,20,"13,9,16,8,4,3,11,7,18,2,12,0,14,15,19,17,6,1,5,10",13:58;9:21;16:58;8:32;4:52;3:52;11:45;7:68;18:47;2:28;12:51;0:41;14:41;15:61;19:34;17:37;6:34;1:50;5:10;10:27,"13:[0,1,4,5,6];9:[2,4];16:[0,1,2,4,6];8:[0,4,6];4:[0,1,4,5,6];3:[0,1,4,6,7];11:[0,1,4,6];7:[0,1,2,4,5,6];18:[2,4,6,7];2:[4,6];12:[0,2,4,5,6];0:[0,1,4,6];14:[0,1,4,6];15:[0,1,2,4,5,6];19:[0,4,6];17:[2,4,7];6:[0,4,6];1:[0,1,4,5,6];5:[7];10:[4,5]","c13:bw=58,experts=[0,1,4,5,6]; c9:bw=21,experts=[2,4]; c16:bw=58,experts=[0,1,2,4,6]; c8:bw=32,experts=[0,4,6]; c4:bw=52,experts=[0,1,4,5,6]; c3:bw=52,experts=[0,1,4,6,7]; c11:bw=45,experts=[0,1,4,6]; c7:bw=68,experts=[0,1,2,4,5,6]; c18:bw=47,experts=[2,4,6,7]; c2:bw=28,experts=[4,6]; c12:bw=51,experts=[0,2,4,5,6]; c0:bw=41,experts=[0,1,4,6]; c14:bw=41,experts=[0,1,4,6]; c15:bw=61,experts=[0,1,2,4,5,6]; c19:bw=34,experts=[0,4,6]; c17:bw=37,experts=[2,4,7]; c6:bw=34,experts=[0,4,6]; c1:bw=50,experts=[0,1,4,5,6]; c5:bw=10,experts=[7]; c10:bw=27,experts=[4,5]","5.2774,2.8771,2.6751,2.8811,4.2529,1.8485,3.0108,4.1249,3.8866,3.2906,3.1629,1.8782,4.9052,3.7443,4.6597,2.9181,2.5672,4.7256,1.6112,1.5424"
64,2026-09-24 20:36:29,Ours,0.01,1.7468853517518472,55.52,55.76,63,67.1817,1:07.18,65.4569,0.3279,1.3944,4202.8967,1:10:02.90,20,"11,9,2,1,4,13,18,12,7,19,5,14,15,8,3,0,6,16,17,10",11:57;9:59;2:56;1:28;4:38;13:42;18:37;12:27;7:34;19:10;5:24;14:46;15:59;8:53;3:38;0:32;6:50;16:16;17:10;10:49,"11:[0,1,3,4,6];9:[0,3,4,6,7];2:[0,3,4,6,7];1:[3,4];4:[0,4,6];13:[0,3,4,6];18:[3,4,6];12:[3,4];7:[3,4,6];19:[3];5:[3,4];14:[0,3,4,6];15:[0,1,3,4,6];8:[0,1,3,4,6];3:[3,4,6];0:[3,4,6];6:[0,3,4,6,7];16:[3];17:[3];10:[0,3,4,6]","c11:bw=57,experts=[0,1,3,4,6]; c9:bw=59,experts=[0,3,4,6,7]; c2:bw=56,experts=[0,3,4,6,7]; c1:bw=28,experts=[3,4]; c4:bw=38,experts=[0,4,6]; c13:bw=42,experts=[0,3,4,6]; c18:bw=37,experts=[3,4,6]; c12:bw=27,experts=[3,4]; c7:bw=34,experts=[3,4,6]; c19:bw=10,experts=[3]; c5:bw=24,experts=[3,4]; c14:bw=46,experts=[0,3,4,6]; c15:bw=59,experts=[0,1,3,4,6]; c8:bw=53,experts=[0,1,3,4,6]; c3:bw=38,experts=[3,4,6]; c0:bw=32,experts=[3,4,6]; c6:bw=50,experts=[0,3,4,6,7]; c16:bw=16,experts=[3]; c17:bw=10,experts=[3]; c10:bw=49,experts=[0,3,4,6]","3.0232,2.8448,3.3011,4.6757,4.3160,5.2164,3.8330,3.1098,4.0245,4.5614,1.6069,4.8954,3.7581,2.8735,1.8855,1.8982,2.5933,2.6578,2.8165,1.5656"
65,2026-09-24 20:37:36,Ours,0.01,1.7115050029624357,56.38,56.38,65,67.5911,1:07.59,65.8069,0.3253,1.4519,4270.5212,1:11:10.52,20,"19,8,6,4,11,9,17,3,5,10,13,14,0,1,2,7,15,12,16,18",19:28;8:66;6:50;4:57;11:10;9:47;17:26;3:42;5:29;10:26;13:48;14:45;0:41;1:58;2:28;7:10;15:38;12:44;16:45;18:18,"19:[4,7];8:[0,1,4,5,6,7];6:[0,1,4,5,6];4:[0,1,3,4,6];11:[7];9:[0,1,4,6];17:[4,6];3:[0,1,4,6];5:[4,6];10:[2,4];13:[0,4,6,7];14:[0,4,5,6];0:[0,4,6,7];1:[0,1,2,4,6];2:[4,6];7:[4];15:[0,4,6];12:[0,1,4,6];16:[0,1,4,6];18:[4]","c19:bw=28,experts=[4,7]; c8:bw=66,experts=[0,1,4,5,6,7]; c6:bw=50,experts=[0,1,4,5,6]; c4:bw=57,experts=[0,1,3,4,6]; c11:bw=10,experts=[7]; c9:bw=47,experts=[0,1,4,6]; c17:bw=26,experts=[4,6]; c3:bw=42,experts=[0,1,4,6]; c5:bw=29,experts=[4,6]; c10:bw=26,experts=[2,4]; c13:bw=48,experts=[0,4,6,7]; c14:bw=45,experts=[0,4,5,6]; c0:bw=41,experts=[0,4,6,7]; c1:bw=58,experts=[0,1,2,4,6]; c2:bw=28,experts=[4,6]; c7:bw=10,experts=[4]; c15:bw=38,experts=[0,4,6]; c12:bw=44,experts=[0,1,4,6]; c16:bw=45,experts=[0,1,4,6]; c18:bw=18,experts=[4]","4.6169,2.8762,2.6660,4.2127,3.0058,2.8926,2.8459,1.8468,1.5939,1.5596,5.1461,4.9401,1.9355,4.5392,3.2669,4.0298,3.8081,3.4035,2.7157,3.9057"
66,2026-09-24 20:38:44,Ours,0.01,1.70714134098256,55.45,56.38,65,67.1131,1:07.11,65.4086,0.3287,1.3732,4337.6733,1:12:17.67,20,"7,8,3,15,5,12,4,16,14,10,19,0,11,1,13,18,17,9,2,6",7:50;8:24;3:66;15:50;5:17;12:42;4:41;16:59;14:23;10:46;19:56;0:38;11:10;1:54;13:32;18:24;17:35;9:31;2:41;6:30,"7:[0,1,4,5,6];8:[4,6];3:[0,1,2,4,5,6];15:[0,1,4,5,6];5:[4];12:[0,1,4,6];4:[0,1,4,6];16:[0,1,4,5,6];14:[4,6];10:[0,1,4,6];19:[0,1,4,5,6];0:[0,4,6];11:[4];1:[0,1,4,5,6];13:[0,4,6];18:[4,6];17:[0,4,6];9:[4,5,6];2:[0,2,4,6];6:[0,4,6]","c7:bw=50,experts=[0,1,4,5,6]; c8:bw=24,experts=[4,6]; c3:bw=66,experts=[0,1,2,4,5,6]; c15:bw=50,experts=[0,1,4,5,6]; c5:bw=17,experts=[4]; c12:bw=42,experts=[0,1,4,6]; c4:bw=41,experts=[0,1,4,6]; c16:bw=59,experts=[0,1,4,5,6]; c14:bw=23,experts=[4,6]; c10:bw=46,experts=[0,1,4,6]; c19:bw=56,experts=[0,1,4,5,6]; c0:bw=38,experts=[0,4,6]; c11:bw=10,experts=[4]; c1:bw=54,experts=[0,1,4,5,6]; c13:bw=32,experts=[0,4,6]; c18:bw=24,experts=[4,6]; c17:bw=35,experts=[0,4,6]; c9:bw=31,experts=[4,5,6]; c2:bw=41,experts=[0,2,4,6]; c6:bw=30,experts=[0,4,6]","4.2158,2.8925,1.8737,3.7247,1.6135,2.9962,4.1779,2.7126,4.8848,1.5706,4.6553,1.8789,2.9991,4.6930,5.0406,3.8708,2.8333,2.8588,3.3719,2.5446"
67,2026-09-24 20:39:52,Ours,0.01,1.6882742928817955,56.68,56.68,67,68.3175,1:08.32,66.5795,0.3303,1.4009,4406.0307,1:13:26.03,20,"6,17,13,18,8,3,10,5,9,12,15,1,19,11,0,16,2,4,14,7",6:53;17:48;13:39;18:31;8:10;3:25;10:36;5:48;9:60;12:44;15:49;1:36;19:14;11:43;0:32;16:53;2:43;4:51;14:18;7:59,"6:[0,1,4,5,6];17:[0,4,5,6];13:[0,4,6];18:[0,4,6];8:[4];3:[4,6];10:[1,4,6];5:[0,1,4,6];9:[0,1,2,4,5,6];12:[0,1,4,6];15:[0,1,4,6];1:[0,4,6];19:[4];11:[0,1,4,6];0:[0,4,6];16:[0,1,4,5,6];2:[0,1,4,6];4:[0,1,4,5,6];14:[4];7:[0,1,4,5,6]","c6:bw=53,experts=[0,1,4,5,6]; c17:bw=48,experts=[0,4,5,6]; c13:bw=39,experts=[0,4,6]; c18:bw=31,experts=[0,4,6]; c8:bw=10,experts=[4]; c3:bw=25,experts=[4,6]; c10:bw=36,experts=[1,4,6]; c5:bw=48,experts=[0,1,4,6]; c9:bw=60,experts=[0,1,2,4,5,6]; c12:bw=44,experts=[0,1,4,6]; c15:bw=49,experts=[0,1,4,6]; c1:bw=36,experts=[0,4,6]; c19:bw=14,experts=[4]; c11:bw=43,experts=[0,1,4,6]; c0:bw=32,experts=[0,4,6]; c16:bw=53,experts=[0,1,4,5,6]; c2:bw=43,experts=[0,1,4,6]; c4:bw=51,experts=[0,1,4,5,6]; c14:bw=18,experts=[4]; c7:bw=59,experts=[0,1,4,5,6]","2.5764,2.8384,5.1648,3.9185,2.8662,1.9339,1.6662,1.8557,3.1108,3.3443,3.9302,4.6532,4.5703,3.0128,1.8761,2.6446,3.3422,4.3070,4.9202,4.0478"
68,2026-09-24 20:41:01,Ours,0.01,1.711209117911811,56.86,56.86,68,68.8451,1:08.85,67.1411,0.3304,1.3709,4474.917,1:14:34.92,20,"7,12,18,19,5,1,8,11,3,10,2,4,14,0,16,9,6,17,15,13",7:28;12:67;18:54;19:28;5:45;1:42;8:31;11:14;3:26;10:31;2:58;4:49;14:10;0:30;16:54;9:15;6:32;17:72;15:28;13:35,"7:[4,7];12:[0,1,2,4,5,6];18:[0,1,4,5,6];19:[2,4];5:[0,1,4,6];1:[0,1,4,6];8:[2,4,6];11:[5];3:[4,6];10:[0,4,6];2:[0,1,4,5,6];4:[4,5,6,7];14:[2];0:[0,4,6];16:[0,1,4,6,7];9:[4];6:[0,4,6];17:[0,1,2,4,5,6,7];15:[4,6];13:[0,4,6]","c7:bw=28,experts=[4,7]; c12:bw=67,experts=[0,1,2,4,5,6]; c18:bw=54,experts=[0,1,4,5,6]; c19:bw=28,experts=[2,4]; c5:bw=45,experts=[0,1,4,6]; c1:bw=42,experts=[0,1,4,6]; c8:bw=31,experts=[2,4,6]; c11:bw=14,experts=[5]; c3:bw=26,experts=[4,6]; c10:bw=31,experts=[0,4,6]; c2:bw=58,experts=[0,1,4,5,6]; c4:bw=49,experts=[4,5,6,7]; c14:bw=10,experts=[2]; c0:bw=30,experts=[0,4,6]; c16:bw=54,experts=[0,1,4,6,7]; c9:bw=15,experts=[4]; c6:bw=32,experts=[0,4,6]; c17:bw=72,experts=[0,1,2,4,5,6,7]; c15:bw=28,experts=[4,6]; c13:bw=35,experts=[0,4,6]","4.0437,3.2978,4.1930,4.8312,1.7521,5.0193,3.0925,3.1948,1.9342,1.5572,3.2862,4.2041,4.9448,1.9320,2.6858,2.8202,2.5875,2.8439,3.7420,5.1788"
69,2026-09-24 20:42:08,Ours,0.01,1.6726418516439931,57.09,57.09,69,67.6071,1:07.61,65.8255,0.3292,1.4498,4542.5635,1:15:42.56,20,"12,17,15,13,16,0,8,7,5,18,4,3,11,14,6,2,1,9,10,19",12:10;17:48;15:20;13:67;16:60;0:52;8:42;7:58;5:39;18:10;4:41;3:41;11:45;14:37;6:26;2:66;1:31;9:35;10:16;19:43,"12:[4];17:[0,1,4,6];15:[4,7];13:[0,1,2,4,5,6];16:[0,1,2,4,5,6];0:[0,2,4,5,6];8:[0,1,4,6];7:[0,1,4,5,6];5:[0,4,6];18:[4];4:[0,1,4,6];3:[0,1,4,6];11:[0,1,4,6];14:[4,6,7];6:[4,6];2:[0,1,2,4,5,6];1:[0,4,6];9:[0,4,6];10:[4];19:[0,1,4,6]","c12:bw=10,experts=[4]; c17:bw=48,experts=[0,1,4,6]; c15:bw=20,experts=[4,7]; c13:bw=67,experts=[0,1,2,4,5,6]; c16:bw=60,experts=[0,1,2,4,5,6]; c0:bw=52,experts=[0,2,4,5,6]; c8:bw=42,experts=[0,1,4,6]; c7:bw=58,experts=[0,1,4,5,6]; c5:bw=39,experts=[0,4,6]; c18:bw=10,experts=[4]; c4:bw=41,experts=[0,1,4,6]; c3:bw=41,experts=[0,1,4,6]; c11:bw=45,experts=[0,1,4,6]; c14:bw=37,experts=[4,6,7]; c6:bw=26,experts=[4,6]; c2:bw=66,experts=[0,1,2,4,5,6]; c1:bw=31,experts=[0,4,6]; c9:bw=35,experts=[0,4,6]; c10:bw=16,experts=[4]; c19:bw=43,experts=[0,1,4,6]","3.1367,2.8499,3.8178,5.2102,2.6790,1.8895,2.8384,4.0403,1.6340,3.8337,4.3004,1.9068,3.0204,4.9115,2.5689,3.3378,4.6679,2.8609,1.5820,4.7394"
70,2026-09-24 20:43:16,Ours,0.01,1.6836263845502788,57.63,57.63,70,67.2686,1:07.27,65.5561,0.3203,1.3897,4609.8664,1:16:49.87,20,"5,17,3,10,12,15,19,4,18,7,8,14,2,1,0,6,13,9,16,11",5:23;17:41;3:32;10:58;12:40;15:75;19:37;4:58;18:63;7:28;8:48;14:10;2:55;1:24;0:30;6:26;13:33;9:10;16:67;11:53,"5:[2,5];17:[0,1,4,6];3:[0,4,6];10:[0,1,4,6,7];12:[0,4,6,7];15:[0,1,2,4,5,6,7];19:[0,4,6];4:[0,1,2,4,6];18:[0,1,2,4,5,6];7:[4,6];8:[0,1,4,6];14:[4];2:[0,1,4,5,6];1:[4,7];0:[0,4,6];6:[2,4];13:[0,4,6];9:[4];16:[0,1,2,4,5,6];11:[0,1,2,4,6]","c5:bw=23,experts=[2,5]; c17:bw=41,experts=[0,1,4,6]; c3:bw=32,experts=[0,4,6]; c10:bw=58,experts=[0,1,4,6,7]; c12:bw=40,experts=[0,4,6,7]; c15:bw=75,experts=[0,1,2,4,5,6,7]; c19:bw=37,experts=[0,4,6]; c4:bw=58,experts=[0,1,2,4,6]; c18:bw=63,experts=[0,1,2,4,5,6]; c7:bw=28,experts=[4,6]; c8:bw=48,experts=[0,1,4,6]; c14:bw=10,experts=[4]; c2:bw=55,experts=[0,1,4,5,6]; c1:bw=24,experts=[4,7]; c0:bw=30,experts=[0,4,6]; c6:bw=26,experts=[2,4]; c13:bw=33,experts=[0,4,6]; c9:bw=10,experts=[4]; c16:bw=67,experts=[0,1,2,4,5,6]; c11:bw=53,experts=[0,1,2,4,6]","1.6364,2.8964,1.8661,1.5851,3.1627,3.7355,4.5799,4.2185,3.8859,4.0754,2.8665,4.8450,3.3138,4.6512,1.8930,2.5412,5.2006,2.8688,2.6759,3.0584"
71,2026-09-24 20:44:23,Ours,0.01,1.6873285976035894,57.06,57.63,70,67.5645,1:07.56,65.8342,0.3242,1.4033,4677.4686,1:17:57.47,20,"6,19,2,11,16,7,13,0,14,15,8,3,9,17,18,5,10,4,1,12",6:50;19:54;2:61;11:44;16:19;7:20;13:25;0:16;14:10;15:28;8:39;3:62;9:40;17:61;18:45;5:33;10:69;4:42;1:52;12:43,"6:[0,1,4,5,6];19:[0,1,4,5,6];2:[0,1,2,4,5,6];11:[0,1,4,6];16:[4];7:[2,4];13:[0,4];0:[1];14:[1];15:[4,6];8:[0,4,6];3:[0,1,4,5,6,7];9:[0,1,4,6];17:[0,1,2,4,5,6];18:[0,4,6,7];5:[4,6,7];10:[0,1,2,4,5,6];4:[1,4,5,6];1:[0,1,2,4,6];12:[0,1,4,6]","c6:bw=50,experts=[0,1,4,5,6]; c19:bw=54,experts=[0,1,4,5,6]; c2:bw=61,experts=[0,1,2,4,5,6]; c11:bw=44,experts=[0,1,4,6]; c16:bw=19,experts=[4]; c7:bw=20,experts=[2,4]; c13:bw=25,experts=[0,4]; c0:bw=16,experts=[1]; c14:bw=10,experts=[1]; c15:bw=28,experts=[4,6]; c8:bw=39,experts=[0,4,6]; c3:bw=62,experts=[0,1,4,5,6,7]; c9:bw=40,experts=[0,1,4,6]; c17:bw=61,experts=[0,1,2,4,5,6]; c18:bw=45,experts=[0,4,6,7]; c5:bw=33,experts=[4,6,7]; c10:bw=69,experts=[0,1,2,4,5,6]; c4:bw=42,experts=[1,4,5,6]; c1:bw=52,experts=[0,1,2,4,6]; c12:bw=43,experts=[0,1,4,6]","2.5881,4.6618,3.3366,2.9978,2.6655,3.9906,5.2575,1.8963,4.9344,3.7357,2.8653,1.8906,2.8589,2.8798,3.8880,1.6732,1.5843,4.2111,4.7279,3.1908"
72,2026-09-24 20:45:32,Ours,0.01,1.7017799305539345,56.68,57.63,70,68.3211,1:08.32,66.5589,0.3287,1.4254,4745.824,1:19:05.82,20,"2,10,13,17,15,16,18,3,14,0,19,6,4,8,12,11,1,7,5,9",2:23;10:28;13:54;17:18;15:41;16:46;18:29;3:23;14:43;0:52;19:32;6:19;4:39;8:30;12:28;11:10;1:39;7:48;5:43;9:38,"2:[3,7];10:[3,4];13:[0,1,3,4,6];17:[3];15:[0,3,4,6];16:[0,3,4,6];18:[3,4];3:[3,4];14:[0,3,4,6];0:[0,1,3,4,6];19:[3,4,6];6:[3];4:[0,4,6];8:[3,4,6];12:[3,4];11:[3];1:[3,4,6];7:[1,3,4,6];5:[0,3,4,6];9:[3,4,7]","c2:bw=23,experts=[3,7]; c10:bw=28,experts=[3,4]; c13:bw=54,experts=[0,1,3,4,6]; c17:bw=18,experts=[3]; c15:bw=41,experts=[0,3,4,6]; c16:bw=46,experts=[0,3,4,6]; c18:bw=29,experts=[3,4]; c3:bw=23,experts=[3,4]; c14:bw=43,experts=[0,3,4,6]; c0:bw=52,experts=[0,1,3,4,6]; c19:bw=32,experts=[3,4,6]; c6:bw=19,experts=[3]; c4:bw=39,experts=[0,4,6]; c8:bw=30,experts=[3,4,6]; c12:bw=28,experts=[3,4]; c11:bw=10,experts=[3]; c1:bw=39,experts=[3,4,6]; c7:bw=48,experts=[1,3,4,6]; c5:bw=43,experts=[0,3,4,6]; c9:bw=38,experts=[3,4,7]","3.3416,1.5706,5.2711,2.8442,3.7990,2.6787,3.8432,1.8674,4.9206,1.8906,4.6478,2.6411,4.5877,3.1489,3.2131,3.0033,4.6948,4.0652,1.6576,2.8724"
73,2026-09-24 20:46:39,Ours,0.01,1.6802280921958972,57.24,57.63,70,67.6673,1:07.67,65.9145,0.3401,1.4099,4813.5324,1:20:13.53,20,"8,11,12,13,4,9,1,5,2,15,6,14,19,17,16,7,10,3,18,0",8:11;11:46;12:37;13:50;4:41;9:52;1:66;5:17;2:47;15:47;6:20;14:16;19:10;17:17;16:61;7:37;10:42;3:40;18:34;0:28,"8:[5];11:[0,4,6,7];12:[0,4,6];13:[0,1,4,6,7];4:[0,3,4,6];9:[0,1,4,5,6];1:[0,1,2,4,5,6];5:[4];2:[0,1,4,6];15:[0,1,4,6];6:[4,7];14:[5];19:[7];17:[4];16:[0,1,2,4,5,6];7:[0,4,6];10:[0,1,4,6];3:[0,1,4,6];18:[0,4,6];0:[4,7]","c8:bw=11,experts=[5]; c11:bw=46,experts=[0,4,6,7]; c12:bw=37,experts=[0,4,6]; c13:bw=50,experts=[0,1,4,6,7]; c4:bw=41,experts=[0,3,4,6]; c9:bw=52,experts=[0,1,4,5,6]; c1:bw=66,experts=[0,1,2,4,5,6]; c5:bw=17,experts=[4]; c2:bw=47,experts=[0,1,4,6]; c15:bw=47,experts=[0,1,4,6]; c6:bw=20,experts=[4,7]; c14:bw=16,experts=[5]; c19:bw=10,experts=[7]; c17:bw=17,experts=[4]; c16:bw=61,experts=[0,1,2,4,5,6]; c7:bw=37,experts=[0,4,6]; c10:bw=42,experts=[0,1,4,6]; c3:bw=40,experts=[0,1,4,6]; c18:bw=34,experts=[0,4,6]; c0:bw=28,experts=[4,7]","2.8607,3.0963,3.1990,5.3002,4.2379,2.8811,4.7432,1.6341,3.3797,3.7873,2.6327,4.9635,4.5615,2.7603,2.6685,3.9258,1.5672,1.8705,3.9103,1.9346"
74,2026-09-24 20:47:47,Ours,0.01,1.665452774641927,57.38,57.63,70,67.5759,1:07.58,65.8796,0.3222,1.3716,4881.1509,1:21:21.15,20,"9,17,19,7,5,6,15,4,11,8,1,18,12,16,13,0,10,2,14,3",9:32;17:62;19:20;7:65;5:50;6:10;15:50;4:47;11:37;8:28;1:28;18:60;12:10;16:48;13:42;0:40;10:25;2:10;14:32;3:10,"9:[0,4,6];17:[0,1,2,4,5,6];19:[4,6];7:[0,1,2,4,5,6];5:[0,1,4,5,6];6:[4];15:[0,1,4,5,6];4:[0,4,5,6];11:[0,4,6];8:[4,7];1:[0,4];18:[0,1,2,4,5,6];12:[4];16:[0,1,4,6];13:[0,1,4,6];0:[0,1,4,6];10:[4,6];2:[4];14:[0,4,6];3:[2]","c9:bw=32,experts=[0,4,6]; c17:bw=62,experts=[0,1,2,4,5,6]; c19:bw=20,experts=[4,6]; c7:bw=65,experts=[0,1,2,4,5,6]; c5:bw=50,experts=[0,1,4,5,6]; c6:bw=10,experts=[4]; c15:bw=50,experts=[0,1,4,5,6]; c4:bw=47,experts=[0,4,5,6]; c11:bw=37,experts=[0,4,6]; c8:bw=28,experts=[4,7]; c1:bw=28,experts=[0,4]; c18:bw=60,experts=[0,1,2,4,5,6]; c12:bw=10,experts=[4]; c16:bw=48,experts=[0,1,4,6]; c13:bw=42,experts=[0,1,4,6]; c0:bw=40,experts=[0,1,4,6]; c10:bw=25,experts=[4,6]; c2:bw=10,experts=[4]; c14:bw=32,experts=[0,4,6]; c3:bw=10,experts=[2]","3.1201,3.0893,4.5123,4.0862,1.6311,2.5090,3.7442,4.1944,3.0688,2.8527,4.7030,3.9112,3.1403,2.7142,5.2963,1.7565,1.5676,3.3690,4.8509,1.7622"
75,2026-09-24 20:48:56,Ours,0.01,1.639210940646636,58.09,58.09,75,68.4703,1:08.47,66.7013,0.341,1.425,4949.6608,1:22:29.66,20,"8,0,17,16,18,12,19,3,13,5,14,11,4,1,15,2,6,9,7,10",8:53;0:60;17:43;16:46;18:68;12:40;19:19;3:20;13:46;5:31;14:60;11:42;4:56;1:54;15:20;2:40;6:56;9:61;7:28;10:23,"8:[0,1,2,4,6];0:[0,1,2,4,5,6];17:[0,1,4,6];16:[0,1,4,6];18:[0,1,2,4,5,6];12:[0,1,4,6];19:[4];3:[0,4];13:[0,1,4,6];5:[0,4,6];14:[0,1,2,4,5,6];11:[0,1,4,6];4:[0,1,4,5,6];1:[0,1,4,5,6];15:[4,6];2:[0,1,4,6];6:[0,1,4,5,6];9:[0,1,2,4,5,6];7:[4,6];10:[4,6]","c8:bw=53,experts=[0,1,2,4,6]; c0:bw=60,experts=[0,1,2,4,5,6]; c17:bw=43,experts=[0,1,4,6]; c16:bw=46,experts=[0,1,4,6]; c18:bw=68,experts=[0,1,2,4,5,6]; c12:bw=40,experts=[0,1,4,6]; c19:bw=19,experts=[4]; c3:bw=20,experts=[0,4]; c13:bw=46,experts=[0,1,4,6]; c5:bw=31,experts=[0,4,6]; c14:bw=60,experts=[0,1,2,4,5,6]; c11:bw=42,experts=[0,1,4,6]; c4:bw=56,experts=[0,1,4,5,6]; c1:bw=54,experts=[0,1,4,5,6]; c15:bw=20,experts=[4,6]; c2:bw=40,experts=[0,1,4,6]; c6:bw=56,experts=[0,1,4,5,6]; c9:bw=61,experts=[0,1,2,4,5,6]; c7:bw=28,experts=[4,6]; c10:bw=23,experts=[4,6]","2.9033,1.9495,2.8732,2.6972,4.0730,3.3657,5.0234,1.8761,5.1787,1.6176,4.9105,3.0134,4.1711,4.7107,3.7433,3.3333,2.6011,2.8493,4.1420,1.6690"
76,2026-09-24 20:50:04,Ours,0.01,1.6627399120597786,59.07,59.07,76,68.288,1:08.29,66.5583,0.3257,1.4017,5017.9922,1:23:37.99,20,"12,3,15,1,18,8,5,10,6,0,4,17,2,7,13,11,14,19,9,16",12:21;3:15;15:42;1:53;18:39;8:29;5:37;10:46;6:23;0:31;4:60;17:33;2:25;7:66;13:39;11:42;14:22;19:44;9:57;16:39,"12:[2,5];3:[4];15:[0,1,4,6];1:[0,1,4,5,6];18:[0,4,6];8:[4,6];5:[0,4,6];10:[0,1,4,6];6:[0,4];0:[0,4,6];4:[0,1,4,5,6,7];17:[4,6,7];2:[4,6];7:[0,1,4,5,6,7];13:[0,4,6];11:[0,4,5,6];14:[4,6];19:[0,2,4,6];9:[0,1,2,4,6];16:[4,6,7]","c12:bw=21,experts=[2,5]; c3:bw=15,experts=[4]; c15:bw=42,experts=[0,1,4,6]; c1:bw=53,experts=[0,1,4,5,6]; c18:bw=39,experts=[0,4,6]; c8:bw=29,experts=[4,6]; c5:bw=37,experts=[0,4,6]; c10:bw=46,experts=[0,1,4,6]; c6:bw=23,experts=[0,4]; c0:bw=31,experts=[0,4,6]; c4:bw=60,experts=[0,1,4,5,6,7]; c17:bw=33,experts=[4,6,7]; c2:bw=25,experts=[4,6]; c7:bw=66,experts=[0,1,4,5,6,7]; c13:bw=39,experts=[0,4,6]; c11:bw=42,experts=[0,4,5,6]; c14:bw=22,experts=[4,6]; c19:bw=44,experts=[0,2,4,6]; c9:bw=57,experts=[0,1,2,4,6]; c16:bw=39,experts=[4,6,7]","3.1514,1.8833,3.7498,4.8227,3.9020,2.8727,1.6336,1.5696,2.5992,2.0229,4.3845,2.8521,3.2886,4.1826,5.3594,3.0168,5.0373,4.6639,2.8531,2.7125"
77,2026-09-24 20:51:10,Ours,0.01,1.6330995806159514,58.54,59.07,76,66.4764,1:06.48,64.7543,0.3345,1.3809,5084.5122,1:24:44.51,20,"7,3,17,2,10,18,11,1,5,4,16,13,0,6,9,15,19,12,8,14",7:10;3:40;17:37;2:34;10:39;18:31;11:28;1:62;5:59;4:10;16:34;13:37;0:63;6:57;9:29;15:43;19:37;12:46;8:10;14:64,"7:[4];3:[0,1,4,6];17:[0,4,6];2:[0,4,6];10:[0,4,6];18:[0,4,6];11:[4,6];1:[0,1,2,4,5,6];5:[0,1,4,5,6];4:[4];16:[0,4,6];13:[2,4,5];0:[0,1,2,4,5,6];6:[0,1,2,4,6];9:[4,6];15:[0,1,4,6];19:[0,4,6];12:[0,1,4,6];8:[4];14:[0,1,4,5,6,7]","c7:bw=10,experts=[4]; c3:bw=40,experts=[0,1,4,6]; c17:bw=37,experts=[0,4,6]; c2:bw=34,experts=[0,4,6]; c10:bw=39,experts=[0,4,6]; c18:bw=31,experts=[0,4,6]; c11:bw=28,experts=[4,6]; c1:bw=62,experts=[0,1,2,4,5,6]; c5:bw=59,experts=[0,1,4,5,6]; c4:bw=10,experts=[4]; c16:bw=34,experts=[0,4,6]; c13:bw=37,experts=[2,4,5]; c0:bw=63,experts=[0,1,2,4,5,6]; c6:bw=57,experts=[0,1,2,4,6]; c9:bw=29,experts=[4,6]; c15:bw=43,experts=[0,1,4,6]; c19:bw=37,experts=[0,4,6]; c12:bw=46,experts=[0,1,4,6]; c8:bw=10,experts=[4]; c14:bw=64,experts=[0,1,4,5,6,7]","4.1224,1.9198,2.8591,3.3147,1.6823,3.9600,3.0249,4.7248,1.6501,4.1823,2.7352,4.6727,1.7828,2.2329,2.4959,3.7701,4.6127,3.1497,2.8241,5.0378"
78,2026-09-24 20:52:18,Ours,0.01,1.6256604778492396,58.16,59.07,76,67.462,1:07.46,65.7416,0.3254,1.3925,5152.0176,1:25:52.02,20,"5,11,13,8,14,4,12,3,19,18,0,16,9,10,1,2,6,17,7,15",5:63;11:37;13:59;8:54;14:52;4:23;12:31;3:38;19:12;18:35;0:26;16:44;9:31;10:59;1:41;2:34;6:57;17:31;7:36;15:38,"5:[0,1,2,4,5,6];11:[2,4,6];13:[0,1,4,5,6];8:[0,1,4,5,6];14:[0,1,4,5,6];4:[2,4];12:[4,6,7];3:[0,4,6];19:[4];18:[0,4,6];0:[4,6];16:[0,1,4,6];9:[0,4,6];10:[0,1,4,6,7];1:[0,4,6,7];2:[0,4,6];6:[0,1,4,5,6];17:[0,4,6];7:[0,4,6];15:[2,4,7]","c5:bw=63,experts=[0,1,2,4,5,6]; c11:bw=37,experts=[2,4,6]; c13:bw=59,experts=[0,1,4,5,6]; c8:bw=54,experts=[0,1,4,5,6]; c14:bw=52,experts=[0,1,4,5,6]; c4:bw=23,experts=[2,4]; c12:bw=31,experts=[4,6,7]; c3:bw=38,experts=[0,4,6]; c19:bw=12,experts=[4]; c18:bw=35,experts=[0,4,6]; c0:bw=26,experts=[4,6]; c16:bw=44,experts=[0,1,4,6]; c9:bw=31,experts=[0,4,6]; c10:bw=59,experts=[0,1,4,6,7]; c1:bw=41,experts=[0,4,6,7]; c2:bw=34,experts=[0,4,6]; c6:bw=57,experts=[0,1,4,5,6]; c17:bw=31,experts=[0,4,6]; c7:bw=36,experts=[0,4,6]; c15:bw=38,experts=[2,4,7]","1.6588,2.9851,5.2758,2.9133,5.0215,4.2011,3.1414,1.8762,4.5955,3.8300,1.8600,2.6753,2.8347,1.5480,4.7132,3.3052,2.5913,2.9413,4.0511,3.7226"
79,2026-09-24 20:53:26,Ours,0.01,1.656641832642959,57.56,59.07,76,67.7581,1:07.76,66.0778,0.3158,1.362,5219.8114,1:26:59.81,20,"2,10,17,18,13,9,4,15,16,1,8,5,12,3,0,19,14,6,11,7",2:33;10:34;17:58;18:12;13:43;9:10;4:80;15:54;16:59;1:37;8:44;5:53;12:10;3:26;0:36;19:26;14:62;6:21;11:32;7:46,"2:[2,4,5];10:[2,4,5];17:[0,1,4,5,6];18:[7];13:[0,1,4,6];9:[4];4:[0,1,2,3,4,5,6,7];15:[0,1,4,5,6];16:[0,1,4,5,6];1:[0,4,6];8:[0,1,4,6];5:[0,1,4,6,7];12:[4];3:[5,7];0:[0,4,6];19:[1,5];14:[0,1,2,4,5,6];6:[4,6];11:[0,4,6];7:[0,1,4,6]","c2:bw=33,experts=[2,4,5]; c10:bw=34,experts=[2,4,5]; c17:bw=58,experts=[0,1,4,5,6]; c18:bw=12,experts=[7]; c13:bw=43,experts=[0,1,4,6]; c9:bw=10,experts=[4]; c4:bw=80,experts=[0,1,2,3,4,5,6,7]; c15:bw=54,experts=[0,1,4,5,6]; c16:bw=59,experts=[0,1,4,5,6]; c1:bw=37,experts=[0,4,6]; c8:bw=44,experts=[0,1,4,6]; c5:bw=53,experts=[0,1,4,6,7]; c12:bw=10,experts=[4]; c3:bw=26,experts=[5,7]; c0:bw=36,experts=[0,4,6]; c19:bw=26,experts=[1,5]; c14:bw=62,experts=[0,1,2,4,5,6]; c6:bw=21,experts=[4,6]; c11:bw=32,experts=[0,4,6]; c7:bw=46,experts=[0,1,4,6]","3.3404,1.5555,2.8802,3.8876,5.2963,2.8989,4.2697,3.7370,2.6958,4.6996,2.8863,1.6336,3.1243,1.8538,1.9146,4.6876,4.9644,2.5591,3.1255,4.0676"
80,2026-09-24 20:54:33,Ours,0.01,1.6606661129934086,58.72,59.07,76,67.5054,1:07.51,65.7577,0.3242,1.4154,5287.3601,1:28:07.36,20,"13,8,5,14,11,7,18,15,4,0,3,6,10,19,17,16,12,1,9,2",13:39;8:51;5:65;14:30;11:62;7:48;18:13;15:41;4:57;0:47;3:31;6:39;10:18;19:35;17:61;16:44;12:10;1:31;9:53;2:44,"13:[3,4,6];8:[0,1,3,4,6];5:[0,1,3,4,5,6];14:[3,4,6];11:[0,1,3,4,5,6];7:[0,3,4,6];18:[3];15:[0,3,4,6];4:[0,1,4,5,6];0:[0,3,4,6];3:[3,4,6];6:[3,4,6];10:[3];19:[0,3,4];17:[0,1,3,4,5,6];16:[0,3,4,6];12:[3];1:[0,3,4];9:[0,3,4,6,7];2:[3,4,6,7]","c13:bw=39,experts=[3,4,6]; c8:bw=51,experts=[0,1,3,4,6]; c5:bw=65,experts=[0,1,3,4,5,6]; c14:bw=30,experts=[3,4,6]; c11:bw=62,experts=[0,1,3,4,5,6]; c7:bw=48,experts=[0,3,4,6]; c18:bw=13,experts=[3]; c15:bw=41,experts=[0,3,4,6]; c4:bw=57,experts=[0,1,4,5,6]; c0:bw=47,experts=[0,3,4,6]; c3:bw=31,experts=[3,4,6]; c6:bw=39,experts=[3,4,6]; c10:bw=18,experts=[3]; c19:bw=35,experts=[0,3,4]; c17:bw=61,experts=[0,1,3,4,5,6]; c16:bw=44,experts=[0,3,4,6]; c12:bw=10,experts=[3]; c1:bw=31,experts=[0,3,4]; c9:bw=53,experts=[0,3,4,6,7]; c2:bw=44,experts=[3,4,6,7]","5.1317,2.8220,1.6269,4.9938,3.0561,4.0752,3.8509,3.7538,4.2281,1.8773,1.8690,2.5748,1.5552,4.7097,2.9225,2.7294,3.1655,4.6679,2.8540,3.2939"
81,2026-09-24 20:55:41,Ours,0.01,1.6123686893860796,59.7,59.7,81,67.799,1:07.80,66.072,0.3347,1.3897,5355.198,1:29:15.20,20,"9,10,5,15,19,8,14,17,18,11,3,1,7,13,12,2,16,0,4,6",9:26;10:44;5:30;15:65;19:52;8:48;14:46;17:27;18:60;11:22;3:67;1:49;7:58;13:21;12:75;2:45;16:35;0:50;4:42;6:51,"9:[4,6];10:[0,1,4,6];5:[0,4,6];15:[0,1,2,4,5,6];19:[0,1,4,6,7];8:[0,1,4,6];14:[0,1,4,6];17:[4,6];18:[0,1,2,4,5,6];11:[4,7];3:[0,1,2,4,5,6];1:[0,1,4,6];7:[0,1,4,5,6];13:[4,7];12:[0,1,2,4,5,6,7];2:[0,1,4,6];16:[2,4,6];0:[0,1,4,6,7];4:[0,1,4,6];6:[0,1,4,6,7]","c9:bw=26,experts=[4,6]; c10:bw=44,experts=[0,1,4,6]; c5:bw=30,experts=[0,4,6]; c15:bw=65,experts=[0,1,2,4,5,6]; c19:bw=52,experts=[0,1,4,6,7]; c8:bw=48,experts=[0,1,4,6]; c14:bw=46,experts=[0,1,4,6]; c17:bw=27,experts=[4,6]; c18:bw=60,experts=[0,1,2,4,5,6]; c11:bw=22,experts=[4,7]; c3:bw=67,experts=[0,1,2,4,5,6]; c1:bw=49,experts=[0,1,4,6]; c7:bw=58,experts=[0,1,4,5,6]; c13:bw=21,experts=[4,7]; c12:bw=75,experts=[0,1,2,4,5,6,7]; c2:bw=45,experts=[0,1,4,6]; c16:bw=35,experts=[2,4,6]; c0:bw=50,experts=[0,1,4,6,7]; c4:bw=42,experts=[0,1,4,6]; c6:bw=51,experts=[0,1,4,6,7]","2.8693,1.6391,1.6746,3.7665,4.6761,2.8928,4.9042,2.7836,3.8456,2.9838,1.9042,4.7628,4.0599,5.2338,3.1962,3.3902,2.6774,1.8894,4.2539,2.6688"
82,2026-09-24 20:56:48,Ours,0.01,1.602563877166282,59.01,59.7,81,66.6889,1:06.69,64.9746,0.3182,1.3884,5421.9302,1:30:21.93,20,"9,16,0,13,2,15,19,12,8,1,14,7,6,5,18,10,17,4,11,3",9:56;16:32;0:30;13:35;2:30;15:16;19:21;12:63;8:58;1:64;14:54;7:40;6:36;5:40;18:45;10:18;17:44;4:30;11:47;3:39,"9:[0,1,4,5,6];16:[0,4,6];0:[0,4,6];13:[0,4,6];2:[0,4,6];15:[4];19:[4,6];12:[0,1,2,4,5,6];8:[0,1,4,6,7];1:[0,1,2,4,5,6];14:[0,1,4,5,6];7:[0,2,4,6];6:[0,4,6];5:[0,1,4,6];18:[0,1,4,6];10:[4];17:[0,2,4,6];4:[0,4,6];11:[0,1,4,6];3:[0,4,6]","c9:bw=56,experts=[0,1,4,5,6]; c16:bw=32,experts=[0,4,6]; c0:bw=30,experts=[0,4,6]; c13:bw=35,experts=[0,4,6]; c2:bw=30,experts=[0,4,6]; c15:bw=16,experts=[4]; c19:bw=21,experts=[4,6]; c12:bw=63,experts=[0,1,2,4,5,6]; c8:bw=58,experts=[0,1,4,6,7]; c1:bw=64,experts=[0,1,2,4,5,6]; c14:bw=54,experts=[0,1,4,5,6]; c7:bw=40,experts=[0,2,4,6]; c6:bw=36,experts=[0,4,6]; c5:bw=40,experts=[0,1,4,6]; c18:bw=45,experts=[0,1,4,6]; c10:bw=18,experts=[4]; c17:bw=44,experts=[0,2,4,6]; c4:bw=30,experts=[0,4,6]; c11:bw=47,experts=[0,1,4,6]; c3:bw=39,experts=[0,4,6]","2.8964,2.7037,1.8915,5.2550,3.3461,3.6220,4.4060,3.2016,2.8356,4.6464,4.7795,3.9858,2.5408,1.6012,3.8363,1.5349,2.8524,4.2329,2.9618,1.8445"
83,2026-09-24 20:57:56,Ours,0.01,1.6038541036321043,59.47,59.7,81,67.9111,1:07.91,66.0873,0.339,1.4823,5489.8853,1:31:29.89,20,"3,15,11,14,6,4,5,7,2,19,0,17,16,8,1,10,9,13,12,18",3:42;15:39;11:27;14:39;6:53;4:10;5:10;7:37;2:41;19:67;0:10;17:31;16:49;8:39;1:63;10:37;9:51;13:46;12:44;18:21,"3:[0,1,4,6];15:[0,4,6];11:[4,6];14:[0,4,6];6:[0,1,4,5,6];4:[4];5:[4];7:[0,4,6];2:[0,1,4,6];19:[0,1,2,4,5,6];0:[4];17:[1,4,6];16:[0,1,4,6];8:[2,4,6];1:[0,1,2,4,5,6];10:[0,4,6];9:[0,1,4,5,6];13:[1,4,5,6];12:[0,1,4,6];18:[4,6]","c3:bw=42,experts=[0,1,4,6]; c15:bw=39,experts=[0,4,6]; c11:bw=27,experts=[4,6]; c14:bw=39,experts=[0,4,6]; c6:bw=53,experts=[0,1,4,5,6]; c4:bw=10,experts=[4]; c5:bw=10,experts=[4]; c7:bw=37,experts=[0,4,6]; c2:bw=41,experts=[0,1,4,6]; c19:bw=67,experts=[0,1,2,4,5,6]; c0:bw=10,experts=[4]; c17:bw=31,experts=[1,4,6]; c16:bw=49,experts=[0,1,4,6]; c8:bw=39,experts=[2,4,6]; c1:bw=63,experts=[0,1,2,4,5,6]; c10:bw=37,experts=[0,4,6]; c9:bw=51,experts=[0,1,4,5,6]; c13:bw=46,experts=[1,4,5,6]; c12:bw=44,experts=[0,1,4,6]; c18:bw=21,experts=[4,6]","1.8697,3.7350,2.9976,4.8936,2.5619,4.1989,1.4926,4.0341,3.1817,4.6079,1.8399,2.7995,2.6570,2.8431,4.7044,1.6180,2.8959,5.5420,3.4104,4.2039"
84,2026-09-24 20:59:05,Ours,0.01,1.5907051105972858,59.49,59.7,81,68.7695,1:08.77,67.0384,0.3274,1.3951,5558.6953,1:32:38.70,20,"14,6,13,3,4,5,18,15,7,0,11,1,17,9,10,12,19,2,8,16",14:45;6:10;13:30;3:32;4:27;5:20;18:55;15:75;7:47;0:10;11:50;1:58;17:43;9:20;10:10;12:45;19:22;2:36;8:67;16:47,"14:[0,1,4,6];6:[4];13:[1,4,6];3:[0,4,6];4:[4,6];5:[4,6];18:[0,1,4,5,6];15:[0,1,2,4,5,6,7];7:[0,4,6,7];0:[4];11:[0,1,4,5,6];1:[0,1,4,5,6];17:[0,4,6,7];9:[2,4];10:[4];12:[0,1,4,6];19:[4,6];2:[0,4,6];8:[0,1,2,4,5,6];16:[0,4,6,7]","c14:bw=45,experts=[0,1,4,6]; c6:bw=10,experts=[4]; c13:bw=30,experts=[1,4,6]; c3:bw=32,experts=[0,4,6]; c4:bw=27,experts=[4,6]; c5:bw=20,experts=[4,6]; c18:bw=55,experts=[0,1,4,5,6]; c15:bw=75,experts=[0,1,2,4,5,6,7]; c7:bw=47,experts=[0,4,6,7]; c0:bw=10,experts=[4]; c11:bw=50,experts=[0,1,4,5,6]; c1:bw=58,experts=[0,1,4,5,6]; c17:bw=43,experts=[0,4,6,7]; c9:bw=20,experts=[2,4]; c10:bw=10,experts=[4]; c12:bw=45,experts=[0,1,4,6]; c19:bw=22,experts=[4,6]; c2:bw=36,experts=[0,4,6]; c8:bw=67,experts=[0,1,2,4,5,6]; c16:bw=47,experts=[0,4,6,7]","5.1449,2.5440,5.3432,1.8964,4.2422,1.6415,4.1950,3.9355,4.0638,1.8880,3.0329,4.8127,2.8788,2.8252,1.6580,3.3713,4.6580,3.3223,2.8985,2.6863"
85,2026-09-24 21:00:13,Ours,0.01,1.582774986080951,59.63,59.7,81,68.0582,1:08.06,66.3071,0.3303,1.4181,5626.7937,1:33:46.79,20,"5,16,9,12,6,18,15,0,11,17,14,2,7,19,10,1,4,13,3,8",5:12;16:19;9:58;12:47;6:42;18:51;15:70;0:38;11:10;17:49;14:44;2:45;7:11;19:54;10:44;1:57;4:42;13:35;3:51;8:70,"5:[4];16:[4];9:[0,1,4,5,6];12:[0,1,4,6];6:[0,2,4,6];18:[0,1,4,5,6];15:[0,1,2,4,5,6,7];0:[2,4,5];11:[4];17:[0,1,4,6];14:[0,4,6,7];2:[0,1,4,6];7:[4];19:[0,1,4,5,6];10:[0,1,4,6];1:[0,1,4,5,6];4:[0,1,4,6];13:[2,4,6];3:[0,1,4,5,6];8:[0,1,2,4,5,6,7]","c5:bw=12,experts=[4]; c16:bw=19,experts=[4]; c9:bw=58,experts=[0,1,4,5,6]; c12:bw=47,experts=[0,1,4,6]; c6:bw=42,experts=[0,2,4,6]; c18:bw=51,experts=[0,1,4,5,6]; c15:bw=70,experts=[0,1,2,4,5,6,7]; c0:bw=38,experts=[2,4,5]; c11:bw=10,experts=[4]; c17:bw=49,experts=[0,1,4,6]; c14:bw=44,experts=[0,4,6,7]; c2:bw=45,experts=[0,1,4,6]; c7:bw=11,experts=[4]; c19:bw=54,experts=[0,1,4,5,6]; c10:bw=44,experts=[0,1,4,6]; c1:bw=57,experts=[0,1,4,5,6]; c4:bw=42,experts=[0,1,4,6]; c13:bw=35,experts=[2,4,6]; c3:bw=51,experts=[0,1,4,5,6]; c8:bw=70,experts=[0,1,2,4,5,6,7]","1.6414,2.7312,2.8848,3.1491,2.5960,3.9457,3.8817,1.8819,2.9989,2.8917,5.0305,3.3345,4.0526,4.6468,1.5981,4.6995,4.2182,5.2662,1.9611,2.8974"
86,2026-09-24 21:01:20,Ours,0.01,1.5825075917081317,59.68,59.7,81,67.5889,1:07.59,65.8484,0.3323,1.4055,5694.4244,1:34:54.42,20,"2,13,11,0,6,16,8,3,12,15,17,9,19,18,7,5,14,1,10,4",2:24;13:55;11:38;0:30;6:55;16:50;8:28;3:28;12:28;15:55;17:40;9:43;19:18;18:52;7:44;5:47;14:45;1:72;10:47;4:18,"2:[4,6];13:[0,1,4,5,6];11:[2,4,6];0:[0,4,6];6:[0,1,4,5,6];16:[0,1,4,5,6];8:[4,6];3:[0,4];12:[4,6];15:[0,1,4,5,6];17:[0,1,4,6];9:[0,1,4,6];19:[4];18:[0,1,4,5,6];7:[0,1,4,6];5:[0,2,4,6];14:[0,1,4,6];1:[0,1,2,4,5,6,7];10:[0,4,6,7];4:[4]","c2:bw=24,experts=[4,6]; c13:bw=55,experts=[0,1,4,5,6]; c11:bw=38,experts=[2,4,6]; c0:bw=30,experts=[0,4,6]; c6:bw=55,experts=[0,1,4,5,6]; c16:bw=50,experts=[0,1,4,5,6]; c8:bw=28,experts=[4,6]; c3:bw=28,experts=[0,4]; c12:bw=28,experts=[4,6]; c15:bw=55,experts=[0,1,4,5,6]; c17:bw=40,experts=[0,1,4,6]; c9:bw=43,experts=[0,1,4,6]; c19:bw=18,experts=[4]; c18:bw=52,experts=[0,1,4,5,6]; c7:bw=44,experts=[0,1,4,6]; c5:bw=47,experts=[0,2,4,6]; c14:bw=45,experts=[0,1,4,6]; c1:bw=72,experts=[0,1,2,4,5,6,7]; c10:bw=47,experts=[0,4,6,7]; c4:bw=18,experts=[4]","3.3382,5.2923,3.0371,1.9129,2.6047,2.7137,2.8599,1.8576,3.1819,3.7115,2.8280,2.8283,4.5567,3.9081,4.0340,1.6252,5.0034,4.7336,1.5758,4.2455"
87,2026-09-24 21:02:28,Ours,0.01,1.5908006749516135,60.34,60.34,87,67.2575,1:07.26,65.5308,0.3222,1.3962,5761.7259,1:36:01.73,20,"15,6,13,4,8,11,3,9,17,14,5,0,18,10,16,1,19,2,12,7",15:63;6:60;13:45;4:34;8:46;11:18;3:68;9:37;17:25;14:36;5:10;0:35;18:45;10:49;16:45;1:29;19:33;2:67;12:45;7:22,"15:[0,1,2,4,5,6];6:[0,1,2,4,5,6];13:[0,1,4,6];4:[2,3,7];8:[0,1,4,6];11:[4];3:[0,1,4,5,6,7];9:[1,4,6];17:[4,6];14:[2,4,6];5:[7];0:[0,4,6];18:[0,4,6,7];10:[2,4,5,6];16:[0,1,4,6];1:[4,6];19:[0,4,6];2:[0,1,2,4,5,6];12:[0,1,4,6];7:[0,4]","c15:bw=63,experts=[0,1,2,4,5,6]; c6:bw=60,experts=[0,1,2,4,5,6]; c13:bw=45,experts=[0,1,4,6]; c4:bw=34,experts=[2,3,7]; c8:bw=46,experts=[0,1,4,6]; c11:bw=18,experts=[4]; c3:bw=68,experts=[0,1,4,5,6,7]; c9:bw=37,experts=[1,4,6]; c17:bw=25,experts=[4,6]; c14:bw=36,experts=[2,4,6]; c5:bw=10,experts=[7]; c0:bw=35,experts=[0,4,6]; c18:bw=45,experts=[0,4,6,7]; c10:bw=49,experts=[2,4,5,6]; c16:bw=45,experts=[0,1,4,6]; c1:bw=29,experts=[4,6]; c19:bw=33,experts=[0,4,6]; c2:bw=67,experts=[0,1,2,4,5,6]; c12:bw=45,experts=[0,1,4,6]; c7:bw=22,experts=[0,4]","3.7444,2.6056,5.2442,4.1632,2.9329,2.9841,1.8537,2.8387,2.8034,4.9461,1.6085,1.9041,3.8829,1.5584,2.6816,4.6894,4.5863,3.2926,3.1257,4.0849"
88,2026-09-24 21:03:36,Ours,0.01,1.5922479324439032,59.82,60.34,87,68.031,1:08.03,66.268,0.3277,1.4324,5829.8013,1:37:09.80,20,"15,0,7,16,13,1,18,2,8,17,4,6,11,5,19,14,3,9,12,10",15:60;0:62;7:41;16:30;13:34;1:28;18:22;2:46;8:43;17:30;4:38;6:27;11:10;5:30;19:23;14:10;3:33;9:31;12:61;10:71,"15:[0,1,3,4,5,6];0:[0,1,3,4,5,6];7:[0,3,4,6];16:[3,4,6];13:[0,3,4];1:[3,4];18:[3,4];2:[3,4,6,7];8:[0,3,4,6];17:[3,4,5];4:[4,5,6];6:[3,4];11:[3];5:[3,4,5];19:[3,4];14:[3];3:[0,3,4];9:[3,4,7];12:[0,1,3,4,5,6];10:[0,1,2,3,4,5,6]","c15:bw=60,experts=[0,1,3,4,5,6]; c0:bw=62,experts=[0,1,3,4,5,6]; c7:bw=41,experts=[0,3,4,6]; c16:bw=30,experts=[3,4,6]; c13:bw=34,experts=[0,3,4]; c1:bw=28,experts=[3,4]; c18:bw=22,experts=[3,4]; c2:bw=46,experts=[3,4,6,7]; c8:bw=43,experts=[0,3,4,6]; c17:bw=30,experts=[3,4,5]; c4:bw=38,experts=[4,5,6]; c6:bw=27,experts=[3,4]; c11:bw=10,experts=[3]; c5:bw=30,experts=[3,4,5]; c19:bw=23,experts=[3,4]; c14:bw=10,experts=[3]; c3:bw=33,experts=[0,3,4]; c9:bw=31,experts=[3,4,7]; c12:bw=61,experts=[0,1,3,4,5,6]; c10:bw=71,experts=[0,1,2,3,4,5,6]","3.8167,1.9240,4.1075,2.6928,5.2555,4.6994,3.8765,3.3007,2.9212,2.8599,4.2321,2.5556,2.9557,1.6213,4.5915,5.1579,1.9741,2.9800,3.1578,1.5877"
89,2026-09-24 21:04:44,Ours,0.01,1.588111067629125,60.65,60.65,89,67.9017,1:07.90,66.1517,0.3221,1.4205,5897.7518,1:38:17.75,20,"5,2,7,4,18,10,15,9,8,0,16,19,11,14,12,13,1,3,17,6",5:46;2:44;7:21;4:30;18:55;10:28;15:61;9:60;8:74;0:13;16:50;19:16;11:36;14:30;12:34;13:10;1:41;3:31;17:40;6:32,"5:[0,1,4,6];2:[0,1,4,6];7:[4,5];4:[0,4,6];18:[0,1,2,4,6];10:[0,4];15:[0,1,2,4,5,6];9:[0,1,2,4,5,6];8:[0,1,2,4,5,6,7];0:[7];16:[0,1,2,4,6];19:[7];11:[0,4,7];14:[0,4,6];12:[4,6,7];13:[7];1:[0,1,4,6];3:[2,4,6];17:[0,1,4,6];6:[4,6,7]","c5:bw=46,experts=[0,1,4,6]; c2:bw=44,experts=[0,1,4,6]; c7:bw=21,experts=[4,5]; c4:bw=30,experts=[0,4,6]; c18:bw=55,experts=[0,1,2,4,6]; c10:bw=28,experts=[0,4]; c15:bw=61,experts=[0,1,2,4,5,6]; c9:bw=60,experts=[0,1,2,4,5,6]; c8:bw=74,experts=[0,1,2,4,5,6,7]; c0:bw=13,experts=[7]; c16:bw=50,experts=[0,1,2,4,6]; c19:bw=16,experts=[7]; c11:bw=36,experts=[0,4,7]; c14:bw=30,experts=[0,4,6]; c12:bw=34,experts=[4,6,7]; c13:bw=10,experts=[7]; c1:bw=41,experts=[0,1,4,6]; c3:bw=31,experts=[2,4,6]; c17:bw=40,experts=[0,1,4,6]; c6:bw=32,experts=[4,6,7]","1.7073,3.3877,4.1202,4.2453,3.9671,1.5621,3.7798,2.8915,2.8904,1.8792,2.7776,4.6033,2.9948,4.9198,3.1646,5.1910,4.6544,1.8825,2.9422,2.5907"
90,2026-09-24 21:05:51,Ours,0.01,1.5678879794550784,60.84,60.84,90,67.4362,1:07.44,65.8276,0.309,1.2972,5965.2356,1:39:25.24,20,"12,10,0,2,17,14,19,7,16,3,18,4,13,11,1,8,9,6,5,15",12:43;10:10;0:64;2:21;17:22;14:16;19:15;7:72;16:57;3:36;18:50;4:35;13:65;11:41;1:31;8:50;9:63;6:26;5:27;15:61,"12:[0,2,4,6];10:[4];0:[0,1,2,4,5,6];2:[0,4];17:[2,4];14:[5];19:[4];7:[0,1,2,4,5,6,7];16:[0,1,4,5,6];3:[0,4,6];18:[0,1,4,5,6];4:[0,4,6];13:[0,1,2,4,5,6];11:[0,1,4,6];1:[0,4,6];8:[0,1,4,5,6];9:[0,1,2,4,5,6];6:[4,6];5:[4,6];15:[0,1,2,4,5,6]","c12:bw=43,experts=[0,2,4,6]; c10:bw=10,experts=[4]; c0:bw=64,experts=[0,1,2,4,5,6]; c2:bw=21,experts=[0,4]; c17:bw=22,experts=[2,4]; c14:bw=16,experts=[5]; c19:bw=15,experts=[4]; c7:bw=72,experts=[0,1,2,4,5,6,7]; c16:bw=57,experts=[0,1,4,5,6]; c3:bw=36,experts=[0,4,6]; c18:bw=50,experts=[0,1,4,5,6]; c4:bw=35,experts=[0,4,6]; c13:bw=65,experts=[0,1,2,4,5,6]; c11:bw=41,experts=[0,1,4,6]; c1:bw=31,experts=[0,4,6]; c8:bw=50,experts=[0,1,4,5,6]; c9:bw=63,experts=[0,1,2,4,5,6]; c6:bw=26,experts=[4,6]; c5:bw=27,experts=[4,6]; c15:bw=61,experts=[0,1,2,4,5,6]","3.2261,1.5703,1.9066,3.3436,2.8301,4.8989,4.5963,4.1787,2.6967,1.8603,3.8726,4.2412,5.2295,2.9943,4.5504,2.9494,2.8984,2.6379,1.6266,3.7198"
91,2026-09-24 21:06:59,Ours,0.01,1.5545468352270126,60.72,60.84,90,67.7909,1:07.79,66.0425,0.3316,1.414,6033.0741,1:40:33.07,20,"5,6,1,17,18,7,8,4,19,2,10,3,11,12,14,15,13,0,9,16",5:52;6:29;1:50;17:63;18:13;7:51;8:23;4:54;19:51;2:11;10:49;3:40;11:67;12:62;14:42;15:45;13:46;0:22;9:35;16:24,"5:[0,1,4,5,6];6:[4,6];1:[0,1,4,5,6];17:[0,1,2,4,5,6];18:[4];7:[0,1,4,5,6];8:[0,4];4:[0,1,4,5,6];19:[0,1,2,4,6];2:[4];10:[0,1,4,6];3:[0,1,4,6];11:[0,1,2,4,5,6];12:[0,1,2,4,5,6];14:[0,1,4,6];15:[0,1,4,6];13:[0,1,4,6];0:[4,6];9:[0,4,6];16:[4,6]","c5:bw=52,experts=[0,1,4,5,6]; c6:bw=29,experts=[4,6]; c1:bw=50,experts=[0,1,4,5,6]; c17:bw=63,experts=[0,1,2,4,5,6]; c18:bw=13,experts=[4]; c7:bw=51,experts=[0,1,4,5,6]; c8:bw=23,experts=[0,4]; c4:bw=54,experts=[0,1,4,5,6]; c19:bw=51,experts=[0,1,2,4,6]; c2:bw=11,experts=[4]; c10:bw=49,experts=[0,1,4,6]; c3:bw=40,experts=[0,1,4,6]; c11:bw=67,experts=[0,1,2,4,5,6]; c12:bw=62,experts=[0,1,2,4,5,6]; c14:bw=42,experts=[0,1,4,6]; c15:bw=45,experts=[0,1,4,6]; c13:bw=46,experts=[0,1,4,6]; c0:bw=22,experts=[4,6]; c9:bw=35,experts=[0,4,6]; c16:bw=24,experts=[4,6]","1.6479,2.6170,4.6691,2.8175,3.8464,4.1316,2.8633,4.2296,4.6929,3.2860,1.5602,1.9084,3.0418,3.2213,5.0370,3.6040,5.5470,1.8805,2.8699,2.5711"
92,2026-09-24 21:08:07,Ours,0.01,1.5689421817346922,61.35,61.35,92,67.9828,1:07.98,66.2517,0.3146,1.4139,6101.1001,1:41:41.10,20,"15,11,19,17,5,4,7,9,6,8,2,0,3,12,16,13,1,10,18,14",15:19;11:15;19:54;17:32;5:66;4:26;7:34;9:56;6:45;8:19;2:25;0:29;3:28;12:48;16:14;13:17;1:20;10:37;18:37;14:30,"15:[4];11:[4];19:[0,1,4,5,6];17:[4,6,7];5:[0,1,2,4,5,6];4:[4,6];7:[0,4,6];9:[0,1,4,5,6];6:[0,1,4,6];8:[4];2:[0,4];0:[4,6];3:[0,4];12:[0,1,4,6];16:[7];13:[4];1:[0,4];10:[0,4,6];18:[0,4,6];14:[0,4,6]","c15:bw=19,experts=[4]; c11:bw=15,experts=[4]; c19:bw=54,experts=[0,1,4,5,6]; c17:bw=32,experts=[4,6,7]; c5:bw=66,experts=[0,1,2,4,5,6]; c4:bw=26,experts=[4,6]; c7:bw=34,experts=[0,4,6]; c9:bw=56,experts=[0,1,4,5,6]; c6:bw=45,experts=[0,1,4,6]; c8:bw=19,experts=[4]; c2:bw=25,experts=[0,4]; c0:bw=29,experts=[4,6]; c3:bw=28,experts=[0,4]; c12:bw=48,experts=[0,1,4,6]; c16:bw=14,experts=[7]; c13:bw=17,experts=[4]; c1:bw=20,experts=[0,4]; c10:bw=37,experts=[0,4,6]; c18:bw=37,experts=[0,4,6]; c14:bw=30,experts=[0,4,6]","3.8642,3.0616,4.7638,2.9420,1.6736,4.2837,4.0970,2.9379,2.5529,2.8431,3.3427,1.9308,1.9400,3.1642,2.6600,5.1788,4.6783,1.5368,3.8746,4.9260"
93,2026-09-24 21:09:15,Ours,0.01,1.5561054944797688,61.29,61.35,92,67.8399,1:07.84,66.1042,0.3172,1.4107,6168.9874,1:42:48.99,20,"9,1,6,8,15,18,0,17,5,3,12,4,14,7,11,19,16,2,10,13",9:58;1:47;6:22;8:10;15:36;18:23;0:19;17:32;5:10;3:31;12:52;4:32;14:25;7:22;11:32;19:39;16:46;2:51;10:15;13:63,"9:[0,1,4,5,6];1:[0,1,4,6];6:[4,6];8:[4];15:[4,6,7];18:[0,4];0:[4];17:[0,4,6];5:[4];3:[0,4,6];12:[0,1,4,5,6];4:[0,4,6];14:[4,7];7:[4,6];11:[0,4,6];19:[0,4,6];16:[0,1,4,6];2:[0,1,4,5,6];10:[4];13:[0,1,2,4,5,6]","c9:bw=58,experts=[0,1,4,5,6]; c1:bw=47,experts=[0,1,4,6]; c6:bw=22,experts=[4,6]; c8:bw=10,experts=[4]; c15:bw=36,experts=[4,6,7]; c18:bw=23,experts=[0,4]; c0:bw=19,experts=[4]; c17:bw=32,experts=[0,4,6]; c5:bw=10,experts=[4]; c3:bw=31,experts=[0,4,6]; c12:bw=52,experts=[0,1,4,5,6]; c4:bw=32,experts=[0,4,6]; c14:bw=25,experts=[4,7]; c7:bw=22,experts=[4,6]; c11:bw=32,experts=[0,4,6]; c19:bw=39,experts=[0,4,6]; c16:bw=46,experts=[0,1,4,6]; c2:bw=51,experts=[0,1,4,5,6]; c10:bw=15,experts=[4]; c13:bw=63,experts=[0,1,2,4,5,6]","3.0178,4.7378,2.5767,2.8831,3.7547,3.8959,1.8882,2.8723,1.6303,1.8747,3.2204,4.2067,4.9573,4.0252,3.0078,4.6379,2.6917,3.3350,1.6222,5.2686"
94,2026-09-24 21:10:22,Ours,0.01,1.5497454534082087,61.44,61.44,94,67.2636,1:07.26,65.5078,0.3416,1.4115,6236.2925,1:43:56.29,20,"9,19,3,10,16,6,4,18,13,12,17,11,7,8,0,15,2,1,14,5",9:50;19:48;3:34;10:61;16:28;6:30;4:31;18:47;13:44;12:14;17:12;11:48;7:45;8:10;0:55;15:40;2:65;1:70;14:38;5:41,"9:[0,1,4,5,6];19:[0,1,4,6];3:[0,4,6];10:[0,1,4,5,6,7];16:[0,4];6:[0,4,6];4:[0,4,6];18:[0,1,4,6];13:[0,4,5,6];12:[4];17:[4];11:[0,1,4,6];7:[0,1,4,6];8:[4];0:[0,1,4,5,6];15:[0,1,4,6];2:[0,1,2,4,5,6];1:[0,1,2,4,5,6,7];14:[1,4,6];5:[0,1,4,6]","c9:bw=50,experts=[0,1,4,5,6]; c19:bw=48,experts=[0,1,4,6]; c3:bw=34,experts=[0,4,6]; c10:bw=61,experts=[0,1,4,5,6,7]; c16:bw=28,experts=[0,4]; c6:bw=30,experts=[0,4,6]; c4:bw=31,experts=[0,4,6]; c18:bw=47,experts=[0,1,4,6]; c13:bw=44,experts=[0,4,5,6]; c12:bw=14,experts=[4]; c17:bw=12,experts=[4]; c11:bw=48,experts=[0,1,4,6]; c7:bw=45,experts=[0,1,4,6]; c8:bw=10,experts=[4]; c0:bw=55,experts=[0,1,4,5,6]; c15:bw=40,experts=[0,1,4,6]; c2:bw=65,experts=[0,1,2,4,5,6]; c1:bw=70,experts=[0,1,2,4,5,6,7]; c14:bw=38,experts=[1,4,6]; c5:bw=41,experts=[0,1,4,6]","2.8752,4.6919,1.9099,1.5851,2.6672,2.6198,4.2201,4.0205,5.2444,3.1515,2.8640,3.0206,4.1199,2.6659,1.6857,3.3804,2.9263,5.2026,4.9904,1.6664"
95,2026-09-24 21:11:30,Ours,0.01,1.5630786299748494,61.58,61.58,95,67.8945,1:07.89,66.1585,0.3543,1.379,6304.2355,1:45:04.24,20,"7,16,1,12,4,9,17,5,14,10,15,0,19,8,13,3,18,11,2,6",7:59;16:24;1:31;12:10;4:15;9:42;17:47;5:10;14:49;10:42;15:34;0:35;19:42;8:76;13:59;3:41;18:28;11:10;2:23;6:40,"7:[0,1,4,5,6];16:[4,6];1:[0,4,6];12:[4];4:[2];9:[0,1,4,6];17:[0,1,4,6];5:[7];14:[0,2,4,6];10:[0,1,4,6];15:[0,4,6];0:[0,4,6];19:[0,1,4,6];8:[0,1,2,3,4,5,6];13:[0,1,4,5,6];3:[4,5,6,7];18:[4,7];11:[4];2:[4,6];6:[0,2,4,5]","c7:bw=59,experts=[0,1,4,5,6]; c16:bw=24,experts=[4,6]; c1:bw=31,experts=[0,4,6]; c12:bw=10,experts=[4]; c4:bw=15,experts=[2]; c9:bw=42,experts=[0,1,4,6]; c17:bw=47,experts=[0,1,4,6]; c5:bw=10,experts=[7]; c14:bw=49,experts=[0,2,4,6]; c10:bw=42,experts=[0,1,4,6]; c15:bw=34,experts=[0,4,6]; c0:bw=35,experts=[0,4,6]; c19:bw=42,experts=[0,1,4,6]; c8:bw=76,experts=[0,1,2,3,4,5,6]; c13:bw=59,experts=[0,1,4,5,6]; c3:bw=41,experts=[4,5,6,7]; c18:bw=28,experts=[4,7]; c11:bw=10,experts=[4]; c2:bw=23,experts=[4,6]; c6:bw=40,experts=[0,2,4,5]","4.1150,2.7012,4.8074,3.1804,4.2845,2.8887,2.8874,1.6088,4.9416,1.5533,3.7040,1.8661,4.6381,2.9653,5.2950,1.8879,3.9027,2.9990,3.3295,2.6027"
96,2026-09-24 21:12:38,Ours,0.01,1.5474339892826232,61.2,61.58,95,67.7245,1:07.72,65.9161,0.3238,1.4819,6372.0036,1:46:12.00,20,"6,15,14,17,2,9,11,3,0,8,18,5,13,1,4,19,16,12,10,7",6:31;15:78;14:10;17:35;2:65;9:44;11:44;3:46;0:36;8:64;18:29;5:60;13:55;1:36;4:49;19:38;16:72;12:71;10:53;7:50,"6:[3,4,6];15:[0,1,2,3,4,5,6];14:[3];17:[3,4,6];2:[0,1,3,4,6,7];9:[0,3,4,7];11:[0,3,4,6];3:[0,3,4,6];0:[0,3,4];8:[0,1,2,4,5,6];18:[3,4];5:[0,1,3,4,5,6];13:[0,1,3,4,6];1:[0,3,4];4:[3,4,6,7];19:[3,4,6];16:[0,1,2,3,4,5,6];12:[0,1,2,3,4,5,6];10:[1,2,3,4,6];7:[0,1,3,4,6]","c6:bw=31,experts=[3,4,6]; c15:bw=78,experts=[0,1,2,3,4,5,6]; c14:bw=10,experts=[3]; c17:bw=35,experts=[3,4,6]; c2:bw=65,experts=[0,1,3,4,6,7]; c9:bw=44,experts=[0,3,4,7]; c11:bw=44,experts=[0,3,4,6]; c3:bw=46,experts=[0,3,4,6]; c0:bw=36,experts=[0,3,4]; c8:bw=64,experts=[0,1,2,4,5,6]; c18:bw=29,experts=[3,4]; c5:bw=60,experts=[0,1,3,4,5,6]; c13:bw=55,experts=[0,1,3,4,6]; c1:bw=36,experts=[0,3,4]; c4:bw=49,experts=[3,4,6,7]; c19:bw=38,experts=[3,4,6]; c16:bw=72,experts=[0,1,2,3,4,5,6]; c12:bw=71,experts=[0,1,2,3,4,5,6]; c10:bw=53,experts=[1,2,3,4,6]; c7:bw=50,experts=[0,1,3,4,6]","2.5893,3.7799,5.0189,2.8930,3.3619,2.8669,3.0290,1.8907,1.9078,2.9350,3.8999,1.6212,5.2457,4.6120,4.2218,4.5900,2.6869,3.1481,1.5520,4.0661"
97,2026-09-24 21:13:46,Ours,0.01,1.5531073085848734,60.64,61.58,95,68.3412,1:08.34,66.6314,0.3204,1.3811,6440.3954,1:47:20.40,20,"12,2,4,6,9,10,1,19,7,0,3,17,18,5,14,15,13,11,16,8",12:13;2:54;4:16;6:50;9:43;10:51;1:50;19:30;7:30;0:41;3:35;17:54;18:70;5:46;14:23;15:59;13:51;11:22;16:54;8:43,"12:[7];2:[0,1,4,5,6];4:[4];6:[0,1,4,6,7];9:[0,1,4,6];10:[0,1,4,5,6];1:[0,1,4,5,6];19:[4,6,7];7:[0,4,6];0:[0,4,6,7];3:[0,2,4];17:[0,1,4,5,6];18:[0,1,2,4,5,6,7];5:[0,1,4,6];14:[4,6];15:[0,1,4,5,6];13:[0,1,4,6,7];11:[4,7];16:[0,1,4,5,6];8:[0,4,6,7]","c12:bw=13,experts=[7]; c2:bw=54,experts=[0,1,4,5,6]; c4:bw=16,experts=[4]; c6:bw=50,experts=[0,1,4,6,7]; c9:bw=43,experts=[0,1,4,6]; c10:bw=51,experts=[0,1,4,5,6]; c1:bw=50,experts=[0,1,4,5,6]; c19:bw=30,experts=[4,6,7]; c7:bw=30,experts=[0,4,6]; c0:bw=41,experts=[0,4,6,7]; c3:bw=35,experts=[0,2,4]; c17:bw=54,experts=[0,1,4,5,6]; c18:bw=70,experts=[0,1,2,4,5,6,7]; c5:bw=46,experts=[0,1,4,6]; c14:bw=23,experts=[4,6]; c15:bw=59,experts=[0,1,4,5,6]; c13:bw=51,experts=[0,1,4,6,7]; c11:bw=22,experts=[4,7]; c16:bw=54,experts=[0,1,4,5,6]; c8:bw=43,experts=[0,4,6,7]","3.2116,3.3986,4.2164,2.6193,2.9046,1.6206,5.0245,4.6707,4.1058,1.8867,1.8603,2.8424,3.9434,1.6344,4.9738,3.7249,5.3052,3.0751,2.7033,2.9098"
98,2026-09-24 21:14:55,Ours,0.01,1.5380447447547079,61.66,61.66,98,68.9112,1:08.91,67.1592,0.3266,1.4227,6509.36,1:48:29.36,20,"10,4,2,17,15,7,19,14,11,16,13,1,6,5,9,3,18,0,12,8",10:45;4:52;2:24;17:17;15:17;7:24;19:45;14:67;11:10;16:41;13:31;1:26;6:36;5:49;9:27;3:25;18:32;0:33;12:16;8:54,"10:[0,1,4,6];4:[0,1,4,5,6];2:[0,4];17:[4];15:[4];7:[2,7];19:[0,1,4,6];14:[0,1,2,4,5,6];11:[4];16:[0,1,4,6];13:[0,4,6];1:[4,6];6:[0,4,6];5:[0,1,4,6];9:[2,4];3:[0,4];18:[1,4,6];0:[0,2,4];12:[4];8:[0,1,4,5,6]","c10:bw=45,experts=[0,1,4,6]; c4:bw=52,experts=[0,1,4,5,6]; c2:bw=24,experts=[0,4]; c17:bw=17,experts=[4]; c15:bw=17,experts=[4]; c7:bw=24,experts=[2,7]; c19:bw=45,experts=[0,1,4,6]; c14:bw=67,experts=[0,1,2,4,5,6]; c11:bw=10,experts=[4]; c16:bw=41,experts=[0,1,4,6]; c13:bw=31,experts=[0,4,6]; c1:bw=26,experts=[4,6]; c6:bw=36,experts=[0,4,6]; c5:bw=49,experts=[0,1,4,6]; c9:bw=27,experts=[2,4]; c3:bw=25,experts=[0,4]; c18:bw=32,experts=[1,4,6]; c0:bw=33,experts=[0,2,4]; c12:bw=16,experts=[4]; c8:bw=54,experts=[0,1,4,5,6]","1.5785,4.2878,3.4550,2.9827,4.0184,4.3571,4.9522,4.9989,3.0003,2.7022,5.2341,4.6633,2.5964,1.6490,2.9214,1.8884,3.9174,1.8675,3.1843,2.9043"
99,2026-09-24 21:16:03,Ours,0.01,1.534854626644646,61.02,61.66,98,68.0972,1:08.10,66.3726,0.327,1.395,6577.4987,1:49:37.50,20,"13,0,14,4,19,9,16,3,12,10,7,11,1,15,6,17,18,8,5,2",13:25;0:40;14:33;4:24;19:48;9:20;16:34;3:38;12:34;10:11;7:45;11:10;1:59;15:47;6:35;17:43;18:55;8:34;5:49;2:31,"13:[0,4];0:[0,1,4,6];14:[0,4,6];4:[0,4];19:[0,2,4,6];9:[0,4];16:[0,4,6];3:[1,4,6];12:[0,4,6];10:[4];7:[0,1,4,6];11:[2];1:[0,1,4,5,6];15:[0,1,4,6];6:[0,4,6];17:[0,2,4,6];18:[0,1,4,5,6];8:[0,4,6];5:[0,1,4,6];2:[0,4,6]","c13:bw=25,experts=[0,4]; c0:bw=40,experts=[0,1,4,6]; c14:bw=33,experts=[0,4,6]; c4:bw=24,experts=[0,4]; c19:bw=48,experts=[0,2,4,6]; c9:bw=20,experts=[0,4]; c16:bw=34,experts=[0,4,6]; c3:bw=38,experts=[1,4,6]; c12:bw=34,experts=[0,4,6]; c10:bw=11,experts=[4]; c7:bw=45,experts=[0,1,4,6]; c11:bw=10,experts=[2]; c1:bw=59,experts=[0,1,4,5,6]; c15:bw=47,experts=[0,1,4,6]; c6:bw=35,experts=[0,4,6]; c17:bw=43,experts=[0,2,4,6]; c18:bw=55,experts=[0,1,4,5,6]; c8:bw=34,experts=[0,4,6]; c5:bw=49,experts=[0,1,4,6]; c2:bw=31,experts=[0,4,6]","5.5006,1.9607,5.1044,4.1297,4.8793,2.8516,2.6689,1.7123,3.1659,1.5394,4.0499,3.0013,4.7837,3.7880,2.5790,2.8644,3.9367,2.8859,1.6532,3.3177"
100,2026-09-24 21:17:11,Ours,0.01,1.5435882634118236,61.36,61.66,98,67.7351,1:07.74,66.0228,0.3254,1.3842,6645.2864,1:50:45.29,20,"10,12,11,0,4,7,6,17,14,1,13,8,2,18,16,9,5,3,15,19",10:56;12:37;11:17;0:64;4:65;7:10;6:44;17:55;14:10;1:17;13:10;8:44;2:30;18:80;16:46;9:53;5:18;3:42;15:30;19:18,"10:[0,1,4,5,6];12:[0,4,6];11:[5];0:[0,1,2,4,5,6];4:[0,1,2,4,5,6];7:[4];6:[0,1,4,6];17:[0,1,4,6,7];14:[4];1:[4];13:[4];8:[0,1,4,6];2:[0,4,6];18:[0,1,2,3,4,5,6,7];16:[0,4,6,7];9:[0,1,4,5,6];5:[2];3:[0,1,4,6];15:[0,4,6];19:[5]","c10:bw=56,experts=[0,1,4,5,6]; c12:bw=37,experts=[0,4,6]; c11:bw=17,experts=[5]; c0:bw=64,experts=[0,1,2,4,5,6]; c4:bw=65,experts=[0,1,2,4,5,6]; c7:bw=10,experts=[4]; c6:bw=44,experts=[0,1,4,6]; c17:bw=55,experts=[0,1,4,6,7]; c14:bw=10,experts=[4]; c1:bw=17,experts=[4]; c13:bw=10,experts=[4]; c8:bw=44,experts=[0,1,4,6]; c2:bw=30,experts=[0,4,6]; c18:bw=80,experts=[0,1,2,3,4,5,6,7]; c16:bw=46,experts=[0,4,6,7]; c9:bw=53,experts=[0,1,4,5,6]; c5:bw=18,experts=[2]; c3:bw=42,experts=[0,1,4,6]; c15:bw=30,experts=[0,4,6]; c19:bw=18,experts=[5]","1.5811,3.2709,2.8805,1.9150,4.2703,4.0710,2.5725,2.8811,4.8894,4.6791,5.1758,2.8904,3.4495,3.9542,2.7180,2.8521,1.6362,1.8850,3.7445,4.7061"
