Round,Timestamp,Method,LR,AvgLoss,TestAcc,BestAcc,BestRound,RoundTimeSec,RoundTimeHMS,LocalTrainTimeSec,AggTimeSec,EvalTimeSec,CumulativeTimeSec,CumulativeTimeHMS,NumClientsSelected,SelectedClients,Bandwidth,SelectedExperts,UploadDetail,ClientTrainTimesSec
1,2026-09-23 16:44:50,Ours,0.00208,4.152920611441217,1.0,1.0,1,55.1386,0:55.14,53.8367,0.1554,1.145,55.1386,0:55.14,10,"8,1,5,0,7,2,9,4,3,6",8:202;1:107;5:163;0:10;7:75;2:106;9:166;4:146;3:187;6:150,"8:[8,9,10,11,12,13,14,15,16,17,18,19,20,21,22,23,24,25,26,27];1:[1,2,3,4,5,6,7,8,9,10];5:[5,6,7,8,9,10,11,12,13,14,15,16,17,18,19,20];0:[0];7:[7,8,9,10,11,12,13];2:[2,3,4,5,6,7,8,9,10,11];9:[9,10,11,12,13,14,15,16,17,18,19,20,21,22,23,24];4:[4,5,6,7,8,9,10,11,12,13,14,15,16,17];3:[3,4,5,6,7,8,9,10,11,12,13,14,15,16,17,18,19,20];6:[6,7,8,9,10,11,12,13,14,15,16,17,18,19,20]","c8:bw=202,experts=[8,9,10,11,12,13,14,15,16,17,18,19,20,21,22,23,24,25,26,27]; c1:bw=107,experts=[1,2,3,4,5,6,7,8,9,10]; c5:bw=163,experts=[5,6,7,8,9,10,11,12,13,14,15,16,17,18,19,20]; c0:bw=10,experts=[0]; c7:bw=75,experts=[7,8,9,10,11,12,13]; c2:bw=106,experts=[2,3,4,5,6,7,8,9,10,11]; c9:bw=166,experts=[9,10,11,12,13,14,15,16,17,18,19,20,21,22,23,24]; c4:bw=146,experts=[4,5,6,7,8,9,10,11,12,13,14,15,16,17]; c3:bw=187,experts=[3,4,5,6,7,8,9,10,11,12,13,14,15,16,17,18,19,20]; c6:bw=150,experts=[6,7,8,9,10,11,12,13,14,15,16,17,18,19,20]","5.8184,4.5271,6.1388,4.9272,4.9640,3.9777,3.5169,7.3162,5.4257,7.2248"
2,2026-09-23 16:45:43,Ours,0.00406,3.567526885154403,2.89,2.89,2,52.7402,0:52.74,51.4444,0.1577,1.1364,108.026,1:48.03,10,"0,1,8,5,3,4,7,9,6,2",0:130;1:152;8:177;5:251;3:246;4:109;7:202;9:170;6:62;2:79,"0:[1,2,3,4,5,6,7,8,9,10,11,12,13];1:[11,12,13,14,15,16,17,18,19,20,21,22,23,24,25];8:[0,1,2,3,4,5,6,7,8,9,10,11,12,28,29,30,31];5:[0,1,2,3,4,5,6,7,8,9,10,11,12,13,21,22,23,24,25,26,27,28,29,30,31];3:[0,1,2,3,4,5,6,7,8,9,10,11,12,21,22,23,24,25,26,27,28,29,30,31];4:[18,19,20,21,22,23,24,25,26,27];7:[0,1,14,15,16,17,18,19,20,21,22,23,24,25,26,27,28,29,30,31];9:[0,1,2,3,4,5,6,7,8,9,25,26,27,28,29,30,31];6:[21,22,23,24,25,26];2:[12,13,14,15,16,17,18]","c0:bw=130,experts=[1,2,3,4,5,6,7,8,9,10,11,12,13]; c1:bw=152,experts=[11,12,13,14,15,16,17,18,19,20,21,22,23,24,25]; c8:bw=177,experts=[0,1,2,3,4,5,6,7,8,9,10,11,12,28,29,30,31]; c5:bw=251,experts=[0,1,2,3,4,5,6,7,8,9,10,11,12,13,21,22,23,24,25,26,27,28,29,30,31]; c3:bw=246,experts=[0,1,2,3,4,5,6,7,8,9,10,11,12,21,22,23,24,25,26,27,28,29,30,31]; c4:bw=109,experts=[18,19,20,21,22,23,24,25,26,27]; c7:bw=202,experts=[0,1,14,15,16,17,18,19,20,21,22,23,24,25,26,27,28,29,30,31]; c9:bw=170,experts=[0,1,2,3,4,5,6,7,8,9,25,26,27,28,29,30,31]; c6:bw=62,experts=[21,22,23,24,25,26]; c2:bw=79,experts=[12,13,14,15,16,17,18]","4.7226,4.2872,5.2614,6.1634,4.9814,6.8649,4.7041,3.4398,7.3855,3.6341"
3,2026-09-23 16:46:34,Ours,0.006040000000000001,3.6194787355829385,2.45,2.89,2,51.2166,0:51.22,49.9148,0.1586,1.1379,159.2555,2:39.26,10,"9,2,0,6,8,5,3,7,1,4",9:174;2:152;0:182;6:146;8:110;5:49;3:94;7:120;1:49;4:190,"9:[10,11,12,13,14,15,16,17,18,19,20,21,22,23,24,25,26];2:[0,1,19,20,21,22,23,24,25,26,27,28,29,30,31];0:[14,15,16,17,18,19,20,21,22,23,24,25,26,27,28,29,30,31];6:[0,1,2,3,4,5,6,7,8,27,28,29,30,31];8:[13,14,15,16,17,18,19,20,21,22,23];5:[14,15,16,17];3:[13,14,15,16,17,18,19,20,21];7:[2,3,4,5,6,7,8,9,10,11,12,13];1:[26,27,28,29];4:[0,1,2,3,4,5,6,7,8,9,10,11,12,13,14,28,29,30,31]","c9:bw=174,experts=[10,11,12,13,14,15,16,17,18,19,20,21,22,23,24,25,26]; c2:bw=152,experts=[0,1,19,20,21,22,23,24,25,26,27,28,29,30,31]; c0:bw=182,experts=[14,15,16,17,18,19,20,21,22,23,24,25,26,27,28,29,30,31]; c6:bw=146,experts=[0,1,2,3,4,5,6,7,8,27,28,29,30,31]; c8:bw=110,experts=[13,14,15,16,17,18,19,20,21,22,23]; c5:bw=49,experts=[14,15,16,17]; c3:bw=94,experts=[13,14,15,16,17,18,19,20,21]; c7:bw=120,experts=[2,3,4,5,6,7,8,9,10,11,12,13]; c1:bw=49,experts=[26,27,28,29]; c4:bw=190,experts=[0,1,2,3,4,5,6,7,8,9,10,11,12,13,14,28,29,30,31]","3.4290,3.6546,4.5835,6.4966,5.1859,6.0976,5.0122,4.5435,4.2530,6.6588"
4,2026-09-23 16:47:26,Ours,0.00802,3.464671063203376,6.45,6.45,4,51.9075,0:51.91,50.6133,0.1596,1.1329,211.174,3:31.17,10,"1,7,6,2,8,0,3,4,5,9",1:145;7:164;6:194;2:219;8:115;0:215;3:124;4:204;5:268;9:79,"1:[0,1,2,3,4,5,6,7,8,9,10,11,30,31];7:[14,15,16,17,18,19,20,21,22,23,24,25,26,27,28,29];6:[9,10,11,12,13,14,15,16,17,18,19,20,21,22,23,24,25,26,27];2:[2,3,4,5,6,7,8,9,10,11,12,13,14,15,16,17,18,19,20,21,22];8:[0,1,2,24,25,26,27,28,29,30,31];0:[0,1,2,3,4,5,6,7,8,9,10,11,12,13,14,15,16,17,18,19,20];3:[0,1,22,23,24,25,26,27,28,29,30,31];4:[0,1,2,15,16,17,18,19,20,21,22,23,24,25,26,27,28,29,30,31];5:[0,1,2,3,4,5,6,7,8,9,10,11,18,19,20,21,22,23,24,25,26,27,28,29,30,31];9:[0,1,27,28,29,30,31]","c1:bw=145,experts=[0,1,2,3,4,5,6,7,8,9,10,11,30,31]; c7:bw=164,experts=[14,15,16,17,18,19,20,21,22,23,24,25,26,27,28,29]; c6:bw=194,experts=[9,10,11,12,13,14,15,16,17,18,19,20,21,22,23,24,25,26,27]; c2:bw=219,experts=[2,3,4,5,6,7,8,9,10,11,12,13,14,15,16,17,18,19,20,21,22]; c8:bw=115,experts=[0,1,2,24,25,26,27,28,29,30,31]; c0:bw=215,experts=[0,1,2,3,4,5,6,7,8,9,10,11,12,13,14,15,16,17,18,19,20]; c3:bw=124,experts=[0,1,22,23,24,25,26,27,28,29,30,31]; c4:bw=204,experts=[0,1,2,15,16,17,18,19,20,21,22,23,24,25,26,27,28,29,30,31]; c5:bw=268,experts=[0,1,2,3,4,5,6,7,8,9,10,11,18,19,20,21,22,23,24,25,26,27,28,29,30,31]; c9:bw=79,experts=[0,1,27,28,29,30,31]","4.2030,4.5100,6.7233,3.6774,5.3690,4.5804,5.1013,6.6461,6.1021,3.7006"
5,2026-09-23 16:48:19,Ours,0.01,3.223237169574465,9.52,9.52,5,52.2931,0:52.29,50.9902,0.1586,1.1427,263.4795,4:23.48,10,"1,5,4,8,0,7,6,3,2,9",1:72;5:145;4:178;8:135;0:182;7:89;6:195;3:232;2:26;9:229,"1:[12,13,14,15,16,17,18];5:[12,13,14,15,16,17,18,19,20,21,22,23,24,25];4:[3,4,5,6,7,8,9,10,11,12,13,14,15,16,17,18,19];8:[3,4,5,6,7,8,9,10,11,12,13,14,15];0:[0,1,2,3,4,5,6,21,22,23,24,25,26,27,28,29,30,31];7:[0,1,2,3,4,5,30,31];6:[0,1,2,3,4,5,6,7,8,9,10,11,12,13,14,28,29,30,31];3:[2,3,4,5,6,7,8,9,10,11,12,13,14,15,16,17,18,19,20,21,22,23,24];2:[23,24];9:[2,3,4,5,6,7,8,9,10,11,12,13,14,15,16,17,18,19,20,21,22,23]","c1:bw=72,experts=[12,13,14,15,16,17,18]; c5:bw=145,experts=[12,13,14,15,16,17,18,19,20,21,22,23,24,25]; c4:bw=178,experts=[3,4,5,6,7,8,9,10,11,12,13,14,15,16,17,18,19]; c8:bw=135,experts=[3,4,5,6,7,8,9,10,11,12,13,14,15]; c0:bw=182,experts=[0,1,2,3,4,5,6,21,22,23,24,25,26,27,28,29,30,31]; c7:bw=89,experts=[0,1,2,3,4,5,30,31]; c6:bw=195,experts=[0,1,2,3,4,5,6,7,8,9,10,11,12,13,14,28,29,30,31]; c3:bw=232,experts=[2,3,4,5,6,7,8,9,10,11,12,13,14,15,16,17,18,19,20,21,22,23,24]; c2:bw=26,experts=[23,24]; c9:bw=229,experts=[2,3,4,5,6,7,8,9,10,11,12,13,14,15,16,17,18,19,20,21,22,23]","4.2671,6.4572,6.7894,5.2493,4.5371,4.8749,6.7238,5.0186,3.6504,3.4223"
6,2026-09-23 16:49:10,Ours,0.01,3.2472917335023097,8.99,9.52,5,51.4136,0:51.41,50.0915,0.1575,1.1629,314.9054,5:14.91,10,"8,2,5,7,3,1,9,0,4,6",8:245;2:152;5:100;7:213;3:133;1:118;9:176;0:114;4:64;6:74,"8:[0,1,2,3,4,5,6,7,16,17,18,19,20,21,22,23,24,25,26,27,28,29,30,31];2:[0,1,2,3,4,5,6,7,25,26,27,28,29,30,31];5:[0,1,2,3,26,27,28,29,30,31];7:[6,7,8,9,10,11,12,13,14,15,16,17,18,19,20,21,22,23,24,25,26];3:[0,1,2,3,4,5,25,26,27,28,29,30,31];1:[19,20,21,22,23,24,25,26,27,28,29];9:[0,1,2,3,4,5,6,7,8,24,25,26,27,28,29,30,31];0:[7,8,9,10,11,12,13,14,15,16,17];4:[20,21,22,23,24,25];6:[15,16,17,18,19,20,21]","c8:bw=245,experts=[0,1,2,3,4,5,6,7,16,17,18,19,20,21,22,23,24,25,26,27,28,29,30,31]; c2:bw=152,experts=[0,1,2,3,4,5,6,7,25,26,27,28,29,30,31]; c5:bw=100,experts=[0,1,2,3,26,27,28,29,30,31]; c7:bw=213,experts=[6,7,8,9,10,11,12,13,14,15,16,17,18,19,20,21,22,23,24,25,26]; c3:bw=133,experts=[0,1,2,3,4,5,25,26,27,28,29,30,31]; c1:bw=118,experts=[19,20,21,22,23,24,25,26,27,28,29]; c9:bw=176,experts=[0,1,2,3,4,5,6,7,8,24,25,26,27,28,29,30,31]; c0:bw=114,experts=[7,8,9,10,11,12,13,14,15,16,17]; c4:bw=64,experts=[20,21,22,23,24,25]; c6:bw=74,experts=[15,16,17,18,19,20,21]","5.1697,3.6248,6.0158,4.4816,4.9622,4.1559,3.3940,4.5016,6.6730,7.1127"
7,2026-09-23 16:50:02,Ours,0.01,3.2064730043124996,8.7,9.52,5,52.476,0:52.48,51.1725,0.1472,1.1548,367.3951,6:07.40,10,"0,5,2,6,3,7,4,1,8,9",0:132;5:178;2:146;6:48;3:97;7:113;4:50;1:35;8:210;9:10,"0:[18,19,20,21,22,23,24,25,26,27,28,29,30];5:[4,5,6,7,8,9,10,11,12,13,14,15,16,17,18,19,20];2:[8,9,10,11,12,13,14,15,16,17,18,19,20,21];6:[22,23,24,25];3:[6,7,8,9,10,11,12,13,14];7:[0,1,2,3,4,5,27,28,29,30,31];4:[26,27,28,29,30];1:[0,30,31];8:[8,9,10,11,12,13,14,15,16,17,18,19,20,21,22,23,24,25,26,27,28];9:[9]","c0:bw=132,experts=[18,19,20,21,22,23,24,25,26,27,28,29,30]; c5:bw=178,experts=[4,5,6,7,8,9,10,11,12,13,14,15,16,17,18,19,20]; c2:bw=146,experts=[8,9,10,11,12,13,14,15,16,17,18,19,20,21]; c6:bw=48,experts=[22,23,24,25]; c3:bw=97,experts=[6,7,8,9,10,11,12,13,14]; c7:bw=113,experts=[0,1,2,3,4,5,27,28,29,30,31]; c4:bw=50,experts=[26,27,28,29,30]; c1:bw=35,experts=[0,30,31]; c8:bw=210,experts=[8,9,10,11,12,13,14,15,16,17,18,19,20,21,22,23,24,25,26,27,28]; c9:bw=10,experts=[9]","4.6036,6.1108,3.6192,7.2636,5.4154,4.7840,6.5611,4.2402,5.1910,3.3835"
8,2026-09-23 16:50:55,Ours,0.01,3.0815143237963425,13.83,13.83,8,52.0417,0:52.04,50.7374,0.1551,1.1476,419.4495,6:59.45,10,"4,8,1,3,0,5,2,9,7,6",4:16;8:135;1:213;3:136;0:119;5:103;2:197;9:215;7:55;6:151,"4:[31];8:[0,1,2,3,4,5,6,7,8,9,29,30,31];1:[1,2,3,4,5,6,7,8,9,10,11,12,13,14,15,16,17,18,19,20,21];3:[15,16,17,18,19,20,21,22,23,24,25,26,27];0:[0,1,2,3,4,5,6,7,8,9,31];5:[21,22,23,24,25,26,27,28,29,30];2:[0,1,2,3,4,5,6,7,8,22,23,24,25,26,27,28,29,30,31];9:[10,11,12,13,14,15,16,17,18,19,20,21,22,23,24,25,26,27,28,29,30];7:[6,7,8,9,10];6:[0,1,2,3,4,5,6,7,8,26,27,28,29,30,31]","c4:bw=16,experts=[31]; c8:bw=135,experts=[0,1,2,3,4,5,6,7,8,9,29,30,31]; c1:bw=213,experts=[1,2,3,4,5,6,7,8,9,10,11,12,13,14,15,16,17,18,19,20,21]; c3:bw=136,experts=[15,16,17,18,19,20,21,22,23,24,25,26,27]; c0:bw=119,experts=[0,1,2,3,4,5,6,7,8,9,31]; c5:bw=103,experts=[21,22,23,24,25,26,27,28,29,30]; c2:bw=197,experts=[0,1,2,3,4,5,6,7,8,22,23,24,25,26,27,28,29,30,31]; c9:bw=215,experts=[10,11,12,13,14,15,16,17,18,19,20,21,22,23,24,25,26,27,28,29,30]; c7:bw=55,experts=[6,7,8,9,10]; c6:bw=151,experts=[0,1,2,3,4,5,6,7,8,26,27,28,29,30,31]","7.1832,5.1583,4.1656,4.9199,4.4976,6.0163,3.6280,3.3898,4.4301,7.3485"
9,2026-09-23 16:51:46,Ours,0.01,3.0174324022053476,12.15,13.83,8,51.7946,0:51.79,50.497,0.1573,1.1387,471.2589,7:51.26,10,"2,0,4,9,8,6,7,5,1,3",2:78;0:192;4:218;9:96;8:66;6:114;7:168;5:192;1:53;3:84,"2:[9,10,11,12,13,14,15];0:[10,11,12,13,14,15,16,17,18,19,20,21,22,23,24,25,26,27,28];4:[0,1,2,3,4,5,6,7,8,9,10,11,12,13,14,15,16,17,18,19,20];9:[0,1,2,3,4,5,6,7,31];8:[10,11,12,13,14,15];6:[9,10,11,12,13,14,15,16,17,18,19];7:[11,12,13,14,15,16,17,18,19,20,21,22,23,24,25,26];5:[0,1,2,3,4,5,6,7,8,9,10,11,12,13,14,15,16,17,31];1:[22,23,24,25,26];3:[0,1,2,3,28,29,30,31]","c2:bw=78,experts=[9,10,11,12,13,14,15]; c0:bw=192,experts=[10,11,12,13,14,15,16,17,18,19,20,21,22,23,24,25,26,27,28]; c4:bw=218,experts=[0,1,2,3,4,5,6,7,8,9,10,11,12,13,14,15,16,17,18,19,20]; c9:bw=96,experts=[0,1,2,3,4,5,6,7,31]; c8:bw=66,experts=[10,11,12,13,14,15]; c6:bw=114,experts=[9,10,11,12,13,14,15,16,17,18,19]; c7:bw=168,experts=[11,12,13,14,15,16,17,18,19,20,21,22,23,24,25,26]; c5:bw=192,experts=[0,1,2,3,4,5,6,7,8,9,10,11,12,13,14,15,16,17,31]; c1:bw=53,experts=[22,23,24,25,26]; c3:bw=84,experts=[0,1,2,3,28,29,30,31]","3.6187,4.5098,6.5936,3.4059,5.2136,7.4177,4.6047,6.0498,4.1491,4.9341"
10,2026-09-23 16:52:38,Ours,0.01,2.864358083985934,17.27,17.27,10,51.5851,0:51.59,50.2955,0.1564,1.1315,522.937,8:42.94,10,"4,2,7,0,6,3,5,8,9,1",4:135;2:124;7:137;0:216;6:238;3:168;5:212;8:129;9:129;1:149,"4:[0,1,21,22,23,24,25,26,27,28,29,30,31];2:[16,17,18,19,20,21,22,23,24,25,26,27];7:[0,1,2,3,4,5,6,7,27,28,29,30,31];0:[0,1,2,3,4,5,6,7,8,9,10,11,12,13,14,15,16,17,29,30,31];6:[0,1,2,3,4,5,6,7,8,9,10,20,21,22,23,24,25,26,27,28,29,30,31];3:[4,5,6,7,8,9,10,11,12,13,14,15,16,17,18,19];5:[0,1,2,3,4,5,6,18,19,20,21,22,23,24,25,26,27,28,29,30,31];8:[16,17,18,19,20,21,22,23,24,25,26,27];9:[8,9,10,11,12,13,14,15,16,17,18,19];1:[0,1,2,3,4,5,6,7,8,27,28,29,30,31]","c4:bw=135,experts=[0,1,21,22,23,24,25,26,27,28,29,30,31]; c2:bw=124,experts=[16,17,18,19,20,21,22,23,24,25,26,27]; c7:bw=137,experts=[0,1,2,3,4,5,6,7,27,28,29,30,31]; c0:bw=216,experts=[0,1,2,3,4,5,6,7,8,9,10,11,12,13,14,15,16,17,29,30,31]; c6:bw=238,experts=[0,1,2,3,4,5,6,7,8,9,10,20,21,22,23,24,25,26,27,28,29,30,31]; c3:bw=168,experts=[4,5,6,7,8,9,10,11,12,13,14,15,16,17,18,19]; c5:bw=212,experts=[0,1,2,3,4,5,6,18,19,20,21,22,23,24,25,26,27,28,29,30,31]; c8:bw=129,experts=[16,17,18,19,20,21,22,23,24,25,26,27]; c9:bw=129,experts=[8,9,10,11,12,13,14,15,16,17,18,19]; c1:bw=149,experts=[0,1,2,3,4,5,6,7,8,27,28,29,30,31]","6.5485,3.6409,4.4741,4.5055,7.4162,4.9740,6.0229,5.2036,3.3646,4.1451"
11,2026-09-23 16:53:31,Ours,0.01,2.786183335604908,18.24,18.24,11,52.5411,0:52.54,51.2451,0.1562,1.1381,575.4928,9:35.49,10,"5,2,7,3,0,8,9,6,1,4",5:102;2:100;7:160;3:184;0:103;8:143;9:121;6:203;1:148;4:58,"5:[7,8,9,10,11,12,13,14,15,16];2:[0,1,2,3,4,5,28,29,30,31];7:[8,9,10,11,12,13,14,15,16,17,18,19,20,21,22,23];3:[0,1,2,3,4,5,20,21,22,23,24,25,26,27,28,29,30,31];0:[18,19,20,21,22,23,24,25,26,27];8:[0,1,2,3,4,5,6,7,8,9,28,29,30,31];9:[20,21,22,23,24,25,26,27,28,29,30,31];6:[11,12,13,14,15,16,17,18,19,20,21,22,23,24,25,26,27,28,29,30];1:[9,10,11,12,13,14,15,16,17,18,19,20,21,22];4:[2,3,4,5,6]","c5:bw=102,experts=[7,8,9,10,11,12,13,14,15,16]; c2:bw=100,experts=[0,1,2,3,4,5,28,29,30,31]; c7:bw=160,experts=[8,9,10,11,12,13,14,15,16,17,18,19,20,21,22,23]; c3:bw=184,experts=[0,1,2,3,4,5,20,21,22,23,24,25,26,27,28,29,30,31]; c0:bw=103,experts=[18,19,20,21,22,23,24,25,26,27]; c8:bw=143,experts=[0,1,2,3,4,5,6,7,8,9,28,29,30,31]; c9:bw=121,experts=[20,21,22,23,24,25,26,27,28,29,30,31]; c6:bw=203,experts=[11,12,13,14,15,16,17,18,19,20,21,22,23,24,25,26,27,28,29,30]; c1:bw=148,experts=[9,10,11,12,13,14,15,16,17,18,19,20,21,22]; c4:bw=58,experts=[2,3,4,5,6]","6.2240,4.0311,4.4263,5.0774,4.5301,5.1789,3.3560,7.5390,4.2562,6.6261"
12,2026-09-23 16:54:22,Ours,0.01,2.720260188310899,19.57,19.57,12,51.3822,0:51.38,50.0885,0.1574,1.1347,626.8891,10:26.89,10,"1,5,2,4,3,7,9,6,8,0",1:155;5:205;2:211;4:103;3:128;7:108;9:154;6:106;8:201;0:180,"1:[0,1,2,3,4,5,23,24,25,26,27,28,29,30,31];5:[0,1,2,3,4,17,18,19,20,21,22,23,24,25,26,27,28,29,30,31];2:[6,7,8,9,10,11,12,13,14,15,16,17,18,19,20,21,22,23,24,25,26];4:[7,8,9,10,11,12,13,14,15,16];3:[6,7,8,9,10,11,12,13,14,15,16,17];7:[0,1,24,25,26,27,28,29,30,31];9:[0,1,2,3,4,5,6,7,8,9,10,11,12,13,14];6:[0,1,2,3,4,5,6,7,8,31];8:[10,11,12,13,14,15,16,17,18,19,20,21,22,23,24,25,26,27,28,29];0:[0,1,2,3,4,5,6,7,8,9,10,11,12,13,28,29,30,31]","c1:bw=155,experts=[0,1,2,3,4,5,23,24,25,26,27,28,29,30,31]; c5:bw=205,experts=[0,1,2,3,4,17,18,19,20,21,22,23,24,25,26,27,28,29,30,31]; c2:bw=211,experts=[6,7,8,9,10,11,12,13,14,15,16,17,18,19,20,21,22,23,24,25,26]; c4:bw=103,experts=[7,8,9,10,11,12,13,14,15,16]; c3:bw=128,experts=[6,7,8,9,10,11,12,13,14,15,16,17]; c7:bw=108,experts=[0,1,24,25,26,27,28,29,30,31]; c9:bw=154,experts=[0,1,2,3,4,5,6,7,8,9,10,11,12,13,14]; c6:bw=106,experts=[0,1,2,3,4,5,6,7,8,31]; c8:bw=201,experts=[10,11,12,13,14,15,16,17,18,19,20,21,22,23,24,25,26,27,28,29]; c0:bw=180,experts=[0,1,2,3,4,5,6,7,8,9,10,11,12,13,28,29,30,31]","4.1784,6.0440,3.6169,6.5041,4.9213,4.4152,3.3903,7.3768,5.1173,4.5240"
13,2026-09-23 16:55:14,Ours,0.01,2.7570730303870925,9.21,19.57,12,52.0132,0:52.01,50.6962,0.1482,1.1672,678.9168,11:18.92,10,"3,1,4,5,8,6,9,7,0,2",3:111;1:174;4:13;5:107;8:56;6:133;9:54;7:214;0:93;2:59,"3:[18,19,20,21,22,23,24,25,26,27,28];1:[6,7,8,9,10,11,12,13,14,15,16,17,18,19,20,21,22];4:[17];5:[5,6,7,8,9,10,11,12,13,14];8:[0,1,2,30,31];6:[9,10,11,12,13,14,15,16,17,18,19,20,21];9:[15,16,17,18,19];7:[2,3,4,5,6,7,8,9,10,11,12,13,14,15,16,17,18,19,20,21,22];0:[14,15,16,17,18,19,20,21,22];2:[27,28,29,30,31]","c3:bw=111,experts=[18,19,20,21,22,23,24,25,26,27,28]; c1:bw=174,experts=[6,7,8,9,10,11,12,13,14,15,16,17,18,19,20,21,22]; c4:bw=13,experts=[17]; c5:bw=107,experts=[5,6,7,8,9,10,11,12,13,14]; c8:bw=56,experts=[0,1,2,30,31]; c6:bw=133,experts=[9,10,11,12,13,14,15,16,17,18,19,20,21]; c9:bw=54,experts=[15,16,17,18,19]; c7:bw=214,experts=[2,3,4,5,6,7,8,9,10,11,12,13,14,15,16,17,18,19,20,21,22]; c0:bw=93,experts=[14,15,16,17,18,19,20,21,22]; c2:bw=59,experts=[27,28,29,30,31]","4.9618,4.1745,6.5649,6.0321,5.4365,7.5341,3.3860,4.4665,4.4979,3.6419"
14,2026-09-23 16:56:11,Ours,0.01,2.7389539678394303,23.06,23.06,14,56.7065,0:56.71,55.4169,0.151,1.137,735.6374,12:15.64,10,"2,4,5,1,7,0,9,3,8,6",2:165;4:21;5:234;1:141;7:92;0:93;9:116;3:167;8:77;6:246,"2:[0,1,2,3,4,5,6,7,8,9,10,11,12,13,14,15];4:[18,19];5:[0,1,2,3,4,5,15,16,17,18,19,20,21,22,23,24,25,26,27,28,29,30,31];1:[0,1,2,3,4,23,24,25,26,27,28,29,30,31];7:[23,24,25,26,27,28,29,30,31];0:[23,24,25,26,27,28,29,30,31];9:[20,21,22,23,24,25,26,27,28,29,30];3:[0,1,2,3,4,5,6,7,8,9,10,11,12,29,30,31];8:[3,4,5,6,7,8,9];6:[0,1,2,3,4,5,6,7,8,9,10,11,12,13,22,23,24,25,26,27,28,29,30,31]","c2:bw=165,experts=[0,1,2,3,4,5,6,7,8,9,10,11,12,13,14,15]; c4:bw=21,experts=[18,19]; c5:bw=234,experts=[0,1,2,3,4,5,15,16,17,18,19,20,21,22,23,24,25,26,27,28,29,30,31]; c1:bw=141,experts=[0,1,2,3,4,23,24,25,26,27,28,29,30,31]; c7:bw=92,experts=[23,24,25,26,27,28,29,30,31]; c0:bw=93,experts=[23,24,25,26,27,28,29,30,31]; c9:bw=116,experts=[20,21,22,23,24,25,26,27,28,29,30]; c3:bw=167,experts=[0,1,2,3,4,5,6,7,8,9,10,11,12,29,30,31]; c8:bw=77,experts=[3,4,5,6,7,8,9]; c6:bw=246,experts=[0,1,2,3,4,5,6,7,8,9,10,11,12,13,22,23,24,25,26,27,28,29,30,31]","4.3197,6.5948,7.2211,4.8656,4.4497,4.8350,3.7313,5.5315,6.1489,7.7194"
15,2026-09-23 16:57:02,Ours,0.01,2.5740284689797277,25.05,25.05,15,51.7328,0:51.73,50.4306,0.1492,1.1514,787.3861,13:07.39,10,"7,0,1,8,3,2,4,5,9,6",7:216;0:75;1:52;8:190;3:38;2:193;4:171;5:65;9:71;6:120,"7:[0,1,2,3,4,5,6,7,8,9,10,11,12,13,14,15,16,17,18,19,20];0:[0,1,2,3,4,5,6];1:[5,6,7,8,9];8:[10,11,12,13,14,15,16,17,18,19,20,21,22,23,24,25,26,27,28];3:[13,14,15];2:[0,1,2,16,17,18,19,20,21,22,23,24,25,26,27,28,29,30,31];4:[0,1,2,3,4,20,21,22,23,24,25,26,27,28,29,30,31];5:[6,7,8,9,10,11];9:[0,1,2,3,4,5,31];6:[14,15,16,17,18,19,20,21,22,23,24,25]","c7:bw=216,experts=[0,1,2,3,4,5,6,7,8,9,10,11,12,13,14,15,16,17,18,19,20]; c0:bw=75,experts=[0,1,2,3,4,5,6]; c1:bw=52,experts=[5,6,7,8,9]; c8:bw=190,experts=[10,11,12,13,14,15,16,17,18,19,20,21,22,23,24,25,26,27,28]; c3:bw=38,experts=[13,14,15]; c2:bw=193,experts=[0,1,2,16,17,18,19,20,21,22,23,24,25,26,27,28,29,30,31]; c4:bw=171,experts=[0,1,2,3,4,20,21,22,23,24,25,26,27,28,29,30,31]; c5:bw=65,experts=[6,7,8,9,10,11]; c9:bw=71,experts=[0,1,2,3,4,5,31]; c6:bw=120,experts=[14,15,16,17,18,19,20,21,22,23,24,25]","4.4919,4.6486,4.1785,5.1583,4.9302,3.6199,6.5653,6.0213,3.3842,7.4322"
16,2026-09-23 16:57:54,Ours,0.01,2.549602394599512,20.79,25.05,15,51.7813,0:51.78,50.4723,0.1541,1.1533,839.1813,13:59.18,10,"6,1,3,8,7,5,4,9,0,2",6:147;1:105;3:159;8:180;7:81;5:145;4:130;9:88;0:208;2:189,"6:[0,1,2,3,4,5,6,7,26,27,28,29,30,31];1:[10,11,12,13,14,15,16,17,18,19];3:[16,17,18,19,20,21,22,23,24,25,26,27,28,29,30];8:[0,1,2,3,4,5,6,7,8,9,10,11,12,13,14,29,30,31];7:[21,22,23,24,25,26,27,28];5:[12,13,14,15,16,17,18,19,20,21,22,23,24,25];4:[5,6,7,8,9,10,11,12,13,14,15,16,17];9:[6,7,8,9,10,11,12,13];0:[7,8,9,10,11,12,13,14,15,16,17,18,19,20,21,22,23,24,25,26];2:[3,4,5,6,7,8,9,10,11,12,13,14,15,16,17,18,19,20]","c6:bw=147,experts=[0,1,2,3,4,5,6,7,26,27,28,29,30,31]; c1:bw=105,experts=[10,11,12,13,14,15,16,17,18,19]; c3:bw=159,experts=[16,17,18,19,20,21,22,23,24,25,26,27,28,29,30]; c8:bw=180,experts=[0,1,2,3,4,5,6,7,8,9,10,11,12,13,14,29,30,31]; c7:bw=81,experts=[21,22,23,24,25,26,27,28]; c5:bw=145,experts=[12,13,14,15,16,17,18,19,20,21,22,23,24,25]; c4:bw=130,experts=[5,6,7,8,9,10,11,12,13,14,15,16,17]; c9:bw=88,experts=[6,7,8,9,10,11,12,13]; c0:bw=208,experts=[7,8,9,10,11,12,13,14,15,16,17,18,19,20,21,22,23,24,25,26]; c2:bw=189,experts=[3,4,5,6,7,8,9,10,11,12,13,14,15,16,17,18,19,20]","7.6692,4.1607,4.9298,5.1487,4.4484,6.0395,6.5426,3.4075,4.5171,3.6087"
17,2026-09-23 16:58:46,Ours,0.01,2.5270893315989005,26.08,26.08,17,51.8555,0:51.86,50.5441,0.1514,1.1585,891.053,14:51.05,10,"4,7,8,3,5,1,0,2,9,6",4:212;7:90;8:29;3:192;5:11;1:106;0:39;2:71;9:136;6:141,"4:[0,1,2,3,4,5,6,18,19,20,21,22,23,24,25,26,27,28,29,30,31];7:[0,1,2,3,4,5,29,30,31];8:[15,16];3:[0,1,2,3,4,5,6,7,8,9,10,11,12,13,14,15,16,17,31];5:[26];1:[20,21,22,23,24,25,26,27,28,29];0:[27,28,29];2:[21,22,23,24,25,26,27];9:[14,15,16,17,18,19,20,21,22,23,24,25,26];6:[8,9,10,11,12,13,14,15,16,17,18,19,20,21]","c4:bw=212,experts=[0,1,2,3,4,5,6,18,19,20,21,22,23,24,25,26,27,28,29,30,31]; c7:bw=90,experts=[0,1,2,3,4,5,29,30,31]; c8:bw=29,experts=[15,16]; c3:bw=192,experts=[0,1,2,3,4,5,6,7,8,9,10,11,12,13,14,15,16,17,31]; c5:bw=11,experts=[26]; c1:bw=106,experts=[20,21,22,23,24,25,26,27,28,29]; c0:bw=39,experts=[27,28,29]; c2:bw=71,experts=[21,22,23,24,25,26,27]; c9:bw=136,experts=[14,15,16,17,18,19,20,21,22,23,24,25,26]; c6:bw=141,experts=[8,9,10,11,12,13,14,15,16,17,18,19,20,21]","6.6194,4.5032,5.1316,4.9463,6.0034,4.1475,4.4949,3.6077,3.3910,7.6989"
18,2026-09-23 16:59:38,Ours,0.01,2.449892762912651,23.94,26.08,17,51.7869,0:51.79,50.509,0.1448,1.1315,942.855,15:42.86,10,"1,8,5,2,9,7,4,3,0,6",1:23;8:18;5:127;2:137;9:69;7:200;4:204;3:137;0:179;6:115,"1:[30,31];8:[17];5:[0,1,2,3,4,5,6,27,28,29,30,31];2:[0,1,2,3,4,5,6,7,8,28,29,30,31];9:[0,27,28,29,30,31];7:[6,7,8,9,10,11,12,13,14,15,16,17,18,19,20,21,22,23,24,25];4:[7,8,9,10,11,12,13,14,15,16,17,18,19,20,21,22,23,24,25,26];3:[18,19,20,21,22,23,24,25,26,27,28,29,30];0:[0,1,2,3,4,5,6,7,8,9,10,11,12,13,14,30,31];6:[0,22,23,24,25,26,27,28,29,30,31]","c1:bw=23,experts=[30,31]; c8:bw=18,experts=[17]; c5:bw=127,experts=[0,1,2,3,4,5,6,27,28,29,30,31]; c2:bw=137,experts=[0,1,2,3,4,5,6,7,8,28,29,30,31]; c9:bw=69,experts=[0,27,28,29,30,31]; c7:bw=200,experts=[6,7,8,9,10,11,12,13,14,15,16,17,18,19,20,21,22,23,24,25]; c4:bw=204,experts=[7,8,9,10,11,12,13,14,15,16,17,18,19,20,21,22,23,24,25,26]; c3:bw=137,experts=[18,19,20,21,22,23,24,25,26,27,28,29,30]; c0:bw=179,experts=[0,1,2,3,4,5,6,7,8,9,10,11,12,13,14,30,31]; c6:bw=115,experts=[0,22,23,24,25,26,27,28,29,30,31]","4.1730,5.1543,6.0609,3.6411,3.3866,4.4382,6.5104,4.9284,4.5010,7.7151"
19,2026-09-23 17:00:30,Ours,0.01,2.3336802675569874,30.43,30.43,19,52.4794,0:52.48,51.1915,0.1557,1.1306,995.3521,16:35.35,10,"8,0,4,1,9,5,7,2,6,3",8:205;0:154;4:188;1:169;9:140;5:106;7:82;2:52;6:241;3:145,"8:[0,1,2,3,4,5,18,19,20,21,22,23,24,25,26,27,28,29,30,31];0:[15,16,17,18,19,20,21,22,23,24,25,26,27,28,29];4:[0,1,2,3,4,5,6,7,8,9,10,11,12,27,28,29,30,31];1:[0,1,2,3,4,5,6,7,8,9,10,11,12,13,14,15];9:[1,2,3,4,5,6,7,8,9,10,11,12,13,14];5:[7,8,9,10,11,12,13,14,15,16];7:[0,1,26,27,28,29,30,31];2:[9,10,11,12,13];6:[1,2,3,4,5,6,7,8,9,10,11,12,13,14,15,16,17,18,19,20,21,22,23,24];3:[0,1,2,3,4,5,6,7,8,9,10,11,12,31]","c8:bw=205,experts=[0,1,2,3,4,5,18,19,20,21,22,23,24,25,26,27,28,29,30,31]; c0:bw=154,experts=[15,16,17,18,19,20,21,22,23,24,25,26,27,28,29]; c4:bw=188,experts=[0,1,2,3,4,5,6,7,8,9,10,11,12,27,28,29,30,31]; c1:bw=169,experts=[0,1,2,3,4,5,6,7,8,9,10,11,12,13,14,15]; c9:bw=140,experts=[1,2,3,4,5,6,7,8,9,10,11,12,13,14]; c5:bw=106,experts=[7,8,9,10,11,12,13,14,15,16]; c7:bw=82,experts=[0,1,26,27,28,29,30,31]; c2:bw=52,experts=[9,10,11,12,13]; c6:bw=241,experts=[1,2,3,4,5,6,7,8,9,10,11,12,13,14,15,16,17,18,19,20,21,22,23,24]; c3:bw=145,experts=[0,1,2,3,4,5,6,7,8,9,10,11,12,31]","5.3773,4.5032,6.5920,4.1699,3.3887,5.9933,4.4425,3.9521,7.8127,4.9599"
20,2026-09-23 17:01:22,Ours,0.01,2.3635118425563326,23.0,30.43,19,51.9266,0:51.93,50.6268,0.1525,1.1456,1047.2954,17:27.30,10,"0,2,1,9,7,6,3,5,4,8",0:101;2:151;1:147;9:61;7:157;6:248;3:67;5:13;4:217;8:184,"0:[0,1,2,3,4,5,6,7,30,31];2:[14,15,16,17,18,19,20,21,22,23,24,25,26,27,28];1:[16,17,18,19,20,21,22,23,24,25,26,27,28,29];9:[15,16,17,18,19,20];7:[2,3,4,5,6,7,8,9,10,11,12,13,14,15,16];6:[0,1,2,3,4,5,6,7,8,9,10,11,12,13,14,15,16,25,26,27,28,29,30,31];3:[13,14,15,16,17,18];5:[17];4:[0,1,13,14,15,16,17,18,19,20,21,22,23,24,25,26,27,28,29,30,31];8:[6,7,8,9,10,11,12,13,14,15,16,17,18,19,20,21,22,23]","c0:bw=101,experts=[0,1,2,3,4,5,6,7,30,31]; c2:bw=151,experts=[14,15,16,17,18,19,20,21,22,23,24,25,26,27,28]; c1:bw=147,experts=[16,17,18,19,20,21,22,23,24,25,26,27,28,29]; c9:bw=61,experts=[15,16,17,18,19,20]; c7:bw=157,experts=[2,3,4,5,6,7,8,9,10,11,12,13,14,15,16]; c6:bw=248,experts=[0,1,2,3,4,5,6,7,8,9,10,11,12,13,14,15,16,25,26,27,28,29,30,31]; c3:bw=67,experts=[13,14,15,16,17,18]; c5:bw=13,experts=[17]; c4:bw=217,experts=[0,1,13,14,15,16,17,18,19,20,21,22,23,24,25,26,27,28,29,30,31]; c8:bw=184,experts=[6,7,8,9,10,11,12,13,14,15,16,17,18,19,20,21,22,23]","4.5576,3.7053,4.1355,3.3733,4.4502,7.7755,4.9183,5.9977,6.5497,5.1638"
21,2026-09-23 17:02:15,Ours,0.01,2.3569981242192304,28.83,30.43,19,52.5878,0:52.59,51.3012,0.1565,1.1285,1099.8999,18:19.90,10,"1,2,7,4,8,5,0,3,6,9",1:150;2:145;7:46;4:175;8:67;5:118;0:243;3:27;6:57;9:93,"1:[0,1,2,3,4,5,6,7,8,9,10,11,12,30,31];2:[0,1,2,3,4,5,6,7,8,9,10,29,30,31];7:[17,18,19,20];4:[2,3,4,5,6,7,8,9,10,11,12,13,14,15,16,17,18];8:[24,25,26,27,28,29];5:[18,19,20,21,22,23,24,25,26,27,28];0:[8,9,10,11,12,13,14,15,16,17,18,19,20,21,22,23,24,25,26,27,28,29,30,31];3:[19,20];6:[17,18,19,20,21];9:[21,22,23,24,25,26,27,28,29]","c1:bw=150,experts=[0,1,2,3,4,5,6,7,8,9,10,11,12,30,31]; c2:bw=145,experts=[0,1,2,3,4,5,6,7,8,9,10,29,30,31]; c7:bw=46,experts=[17,18,19,20]; c4:bw=175,experts=[2,3,4,5,6,7,8,9,10,11,12,13,14,15,16,17,18]; c8:bw=67,experts=[24,25,26,27,28,29]; c5:bw=118,experts=[18,19,20,21,22,23,24,25,26,27,28]; c0:bw=243,experts=[8,9,10,11,12,13,14,15,16,17,18,19,20,21,22,23,24,25,26,27,28,29,30,31]; c3:bw=27,experts=[19,20]; c6:bw=57,experts=[17,18,19,20,21]; c9:bw=93,experts=[21,22,23,24,25,26,27,28,29]","4.1775,3.8400,4.4337,7.1432,5.1562,6.0341,4.4885,4.9320,7.7306,3.3655"
22,2026-09-23 17:03:07,Ours,0.01,2.2607146097532604,33.57,33.57,22,51.9876,0:51.99,50.6731,0.1555,1.1573,1151.9033,19:11.90,10,"7,9,1,6,5,2,0,4,3,8",7:59;9:120;1:24;6:224;5:61;2:242;0:245;4:133;3:204;8:120,"7:[21,22,23,24,25];9:[0,1,2,3,4,5,6,7,8,9,30,31];1:[13,14];6:[0,1,2,3,4,5,6,7,8,9,10,11,22,23,24,25,26,27,28,29,30,31];5:[0,1,2,29,30,31];2:[0,1,2,11,12,13,14,15,16,17,18,19,20,21,22,23,24,25,26,27,28,29,30,31];0:[0,1,2,3,4,5,6,7,8,9,10,11,12,13,14,15,16,17,18,19,20,21,22,23];4:[19,20,21,22,23,24,25,26,27,28,29,30,31];3:[0,1,2,3,4,5,6,7,8,21,22,23,24,25,26,27,28,29,30,31];8:[0,1,2,3,4,5,6,7,8,9,30,31]","c7:bw=59,experts=[21,22,23,24,25]; c9:bw=120,experts=[0,1,2,3,4,5,6,7,8,9,30,31]; c1:bw=24,experts=[13,14]; c6:bw=224,experts=[0,1,2,3,4,5,6,7,8,9,10,11,22,23,24,25,26,27,28,29,30,31]; c5:bw=61,experts=[0,1,2,29,30,31]; c2:bw=242,experts=[0,1,2,11,12,13,14,15,16,17,18,19,20,21,22,23,24,25,26,27,28,29,30,31]; c0:bw=245,experts=[0,1,2,3,4,5,6,7,8,9,10,11,12,13,14,15,16,17,18,19,20,21,22,23]; c4:bw=133,experts=[19,20,21,22,23,24,25,26,27,28,29,30,31]; c3:bw=204,experts=[0,1,2,3,4,5,6,7,8,21,22,23,24,25,26,27,28,29,30,31]; c8:bw=120,experts=[0,1,2,3,4,5,6,7,8,9,30,31]","4.4264,3.3977,4.1309,7.8343,6.0443,3.6191,4.5156,6.5279,5.0343,5.1426"
23,2026-09-23 17:03:59,Ours,0.01,2.2103640360763883,32.62,33.57,22,52.0328,0:52.03,50.7563,0.149,1.1258,1203.954,20:03.95,10,"5,7,4,6,9,8,3,1,2,0",5:190;7:55;4:205;6:37;9:184;8:128;3:57;1:226;2:118;0:41,"5:[3,4,5,6,7,8,9,10,11,12,13,14,15,16,17,18,19,20,21];7:[26,27,28,29,30];4:[0,1,2,3,4,5,6,7,8,9,10,11,12,13,14,15,16,17,18,19];6:[12,13,14];9:[10,11,12,13,14,15,16,17,18,19,20,21,22,23,24,25,26,27];8:[10,11,12,13,14,15,16,17,18,19,20,21];3:[9,10,11,12,13];1:[0,1,2,3,4,15,16,17,18,19,20,21,22,23,24,25,26,27,28,29,30,31];2:[3,4,5,6,7,8,9,10,11,12,13];0:[24,25,26,27]","c5:bw=190,experts=[3,4,5,6,7,8,9,10,11,12,13,14,15,16,17,18,19,20,21]; c7:bw=55,experts=[26,27,28,29,30]; c4:bw=205,experts=[0,1,2,3,4,5,6,7,8,9,10,11,12,13,14,15,16,17,18,19]; c6:bw=37,experts=[12,13,14]; c9:bw=184,experts=[10,11,12,13,14,15,16,17,18,19,20,21,22,23,24,25,26,27]; c8:bw=128,experts=[10,11,12,13,14,15,16,17,18,19,20,21]; c3:bw=57,experts=[9,10,11,12,13]; c1:bw=226,experts=[0,1,2,3,4,15,16,17,18,19,20,21,22,23,24,25,26,27,28,29,30,31]; c2:bw=118,experts=[3,4,5,6,7,8,9,10,11,12,13]; c0:bw=41,experts=[24,25,26,27]","6.2235,4.5758,6.6105,7.6586,3.3741,5.0858,4.8878,4.1304,3.6214,4.5883"
24,2026-09-23 17:04:54,Ours,0.01,2.2351418528166,27.56,33.57,22,55.4212,0:55.42,54.0343,0.1521,1.2333,1259.3918,20:59.39,10,"6,4,7,9,2,1,5,8,3,0",6:110;4:46;7:12;9:182;2:158;1:10;5:90;8:67;3:10;0:115,"6:[15,16,17,18,19,20,21,22,23,24,25];4:[20,21,22,23];7:[31];9:[0,1,2,3,4,5,6,7,8,9,10,11,12,13,28,29,30,31];2:[14,15,16,17,18,19,20,21,22,23,24,25,26,27,28];1:[5];5:[22,23,24,25,26,27,28,29,30];8:[22,23,24,25,26,27];3:[14];0:[0,1,2,3,4,5,6,28,29,30,31]","c6:bw=110,experts=[15,16,17,18,19,20,21,22,23,24,25]; c4:bw=46,experts=[20,21,22,23]; c7:bw=12,experts=[31]; c9:bw=182,experts=[0,1,2,3,4,5,6,7,8,9,10,11,12,13,28,29,30,31]; c2:bw=158,experts=[14,15,16,17,18,19,20,21,22,23,24,25,26,27,28]; c1:bw=10,experts=[5]; c5:bw=90,experts=[22,23,24,25,26,27,28,29,30]; c8:bw=67,experts=[22,23,24,25,26,27]; c3:bw=10,experts=[14]; c0:bw=115,experts=[0,1,2,3,4,5,6,28,29,30,31]","7.6755,6.5874,4.4486,3.6272,4.0668,4.5994,6.6844,6.1654,5.3261,4.8534"
25,2026-09-23 17:05:51,Ours,0.01,2.1926429867150725,37.19,37.19,25,56.7896,0:56.79,55.4348,0.1686,1.1844,1316.2017,21:56.20,10,"9,6,4,3,5,1,8,2,0,7",9:148;6:58;4:214;3:50;5:233;1:179;8:200;2:46;0:206;7:146,"9:[14,15,16,17,18,19,20,21,22,23,24,25,26,27];6:[26,27,28,29,30];4:[0,1,2,3,4,5,6,7,8,9,10,11,12,24,25,26,27,28,29,30,31];3:[15,16,17,18,19];5:[0,1,2,3,4,5,6,7,8,9,10,11,12,13,14,15,16,17,18,19,20,21,31];1:[6,7,8,9,10,11,12,13,14,15,16,17,18,19,20,21,22];8:[0,1,2,3,4,5,6,7,8,9,10,11,12,13,14,15,28,29,30,31];2:[0,29,30,31];0:[7,8,9,10,11,12,13,14,15,16,17,18,19,20,21,22,23,24,25,26];7:[0,1,2,3,4,5,6,7,8,9,10,11,12,13]","c9:bw=148,experts=[14,15,16,17,18,19,20,21,22,23,24,25,26,27]; c6:bw=58,experts=[26,27,28,29,30]; c4:bw=214,experts=[0,1,2,3,4,5,6,7,8,9,10,11,12,24,25,26,27,28,29,30,31]; c3:bw=50,experts=[15,16,17,18,19]; c5:bw=233,experts=[0,1,2,3,4,5,6,7,8,9,10,11,12,13,14,15,16,17,18,19,20,21,31]; c1:bw=179,experts=[6,7,8,9,10,11,12,13,14,15,16,17,18,19,20,21,22]; c8:bw=200,experts=[0,1,2,3,4,5,6,7,8,9,10,11,12,13,14,15,28,29,30,31]; c2:bw=46,experts=[0,29,30,31]; c0:bw=206,experts=[7,8,9,10,11,12,13,14,15,16,17,18,19,20,21,22,23,24,25,26]; c7:bw=146,experts=[0,1,2,3,4,5,6,7,8,9,10,11,12,13]","3.5974,8.3416,7.1413,5.9116,6.3802,4.3785,5.6576,3.9106,5.4572,4.6587"
26,2026-09-23 17:06:44,Ours,0.01,2.1977555221705023,33.06,37.19,25,52.2179,0:52.22,50.9183,0.1512,1.1467,1368.4372,22:48.44,10,"3,6,9,7,1,5,2,8,0,4",3:162;6:123;9:184;7:114;1:122;5:75;2:110;8:195;0:39;4:175,"3:[0,1,2,3,20,21,22,23,24,25,26,27,28,29,30,31];6:[0,1,2,3,4,5,6,7,8,9,10,31];9:[0,1,2,3,4,5,6,7,8,9,10,11,12,13,28,29,30,31];7:[14,15,16,17,18,19,20,21,22,23,24];1:[0,1,2,23,24,25,26,27,28,29,30,31];5:[22,23,24,25,26,27,28];2:[1,2,3,4,5,6,7,8,9,10,11];8:[0,1,2,16,17,18,19,20,21,22,23,24,25,26,27,28,29,30,31];0:[27,28,29];4:[13,14,15,16,17,18,19,20,21,22,23,24,25,26,27,28,29]","c3:bw=162,experts=[0,1,2,3,20,21,22,23,24,25,26,27,28,29,30,31]; c6:bw=123,experts=[0,1,2,3,4,5,6,7,8,9,10,31]; c9:bw=184,experts=[0,1,2,3,4,5,6,7,8,9,10,11,12,13,28,29,30,31]; c7:bw=114,experts=[14,15,16,17,18,19,20,21,22,23,24]; c1:bw=122,experts=[0,1,2,23,24,25,26,27,28,29,30,31]; c5:bw=75,experts=[22,23,24,25,26,27,28]; c2:bw=110,experts=[1,2,3,4,5,6,7,8,9,10,11]; c8:bw=195,experts=[0,1,2,16,17,18,19,20,21,22,23,24,25,26,27,28,29,30,31]; c0:bw=39,experts=[27,28,29]; c4:bw=175,experts=[13,14,15,16,17,18,19,20,21,22,23,24,25,26,27,28,29]","5.0210,7.7296,3.4297,4.4826,4.2186,6.2127,3.7168,5.1041,4.4795,6.5238"
27,2026-09-23 17:07:36,Ours,0.01,2.0404111235288824,40.15,40.15,27,52.0182,0:52.02,50.7175,0.1532,1.1458,1420.4753,23:40.48,10,"7,1,4,0,9,2,8,3,6,5",7:188;1:227;4:45;0:131;9:66;2:73;8:202;3:77;6:231;5:134,"7:[0,1,2,3,4,5,6,7,8,9,10,25,26,27,28,29,30,31];1:[3,4,5,6,7,8,9,10,11,12,13,14,15,16,17,18,19,20,21,22,23,24];4:[0,1,30,31];0:[0,1,2,3,4,5,6,7,8,9,10,30,31];9:[14,15,16,17,18,19];2:[12,13,14,15,16,17,18];8:[3,4,5,6,7,8,9,10,11,12,13,14,15,16,17,18,19,20,21,22];3:[4,5,6,7,8,9,10];6:[0,1,11,12,13,14,15,16,17,18,19,20,21,22,23,24,25,26,27,28,29,30,31];5:[0,1,2,3,4,5,6,7,8,9,29,30,31]","c7:bw=188,experts=[0,1,2,3,4,5,6,7,8,9,10,25,26,27,28,29,30,31]; c1:bw=227,experts=[3,4,5,6,7,8,9,10,11,12,13,14,15,16,17,18,19,20,21,22,23,24]; c4:bw=45,experts=[0,1,30,31]; c0:bw=131,experts=[0,1,2,3,4,5,6,7,8,9,10,30,31]; c9:bw=66,experts=[14,15,16,17,18,19]; c2:bw=73,experts=[12,13,14,15,16,17,18]; c8:bw=202,experts=[3,4,5,6,7,8,9,10,11,12,13,14,15,16,17,18,19,20,21,22]; c3:bw=77,experts=[4,5,6,7,8,9,10]; c6:bw=231,experts=[0,1,11,12,13,14,15,16,17,18,19,20,21,22,23,24,25,26,27,28,29,30,31]; c5:bw=134,experts=[0,1,2,3,4,5,6,7,8,9,29,30,31]","4.4742,4.1872,6.5674,4.5438,3.3883,3.6072,5.1490,4.9429,7.7853,6.0721"
28,2026-09-23 17:08:30,Ours,0.01,2.1517118435244478,29.22,40.15,27,54.5148,0:54.51,53.2078,0.1525,1.153,1475.0085,24:35.01,10,"6,9,0,8,2,5,1,3,4,7",6:108;9:179;0:172;8:108;2:10;5:122;1:91;3:42;4:28;7:10,"6:[2,3,4,5,6,7,8,9,10,11];9:[0,1,2,3,4,20,21,22,23,24,25,26,27,28,29,30,31];0:[11,12,13,14,15,16,17,18,19,20,21,22,23,24,25,26,27];8:[0,23,24,25,26,27,28,29,30,31];2:[19];5:[10,11,12,13,14,15,16,17,18,19,20,21];1:[0,1,25,26,27,28,29,30,31];3:[11,12,13,14];4:[2,3];7:[11]","c6:bw=108,experts=[2,3,4,5,6,7,8,9,10,11]; c9:bw=179,experts=[0,1,2,3,4,20,21,22,23,24,25,26,27,28,29,30,31]; c0:bw=172,experts=[11,12,13,14,15,16,17,18,19,20,21,22,23,24,25,26,27]; c8:bw=108,experts=[0,23,24,25,26,27,28,29,30,31]; c2:bw=10,experts=[19]; c5:bw=122,experts=[10,11,12,13,14,15,16,17,18,19,20,21]; c1:bw=91,experts=[0,1,25,26,27,28,29,30,31]; c3:bw=42,experts=[11,12,13,14]; c4:bw=28,experts=[2,3]; c7:bw=10,experts=[11]","7.7297,3.6968,5.1059,5.3607,3.7609,7.0187,4.4320,4.9535,6.6651,4.4844"
29,2026-09-23 17:09:24,Ours,0.01,2.1377243283302327,38.4,40.15,27,53.7032,0:53.70,52.3543,0.1514,1.196,1528.7317,25:28.73,10,"4,0,1,9,6,8,7,3,2,5",4:140;0:161;1:122;9:160;6:157;8:123;7:77;3:116;2:66;5:123,"4:[4,5,6,7,8,9,10,11,12,13,14,15,16,17];0:[0,1,2,3,4,5,6,7,8,9,10,11,28,29,30,31];1:[2,3,4,5,6,7,8,9,10,11,12,13];9:[5,6,7,8,9,10,11,12,13,14,15,16,17,18,19,20];6:[12,13,14,15,16,17,18,19,20,21,22,23,24,25,26];8:[1,2,3,4,5,6,7,8,9,10,11,12];7:[12,13,14,15,16,17,18];3:[15,16,17,18,19,20,21,22,23,24,25];2:[20,21,22,23,24,25];5:[0,1,22,23,24,25,26,27,28,29,30,31]","c4:bw=140,experts=[4,5,6,7,8,9,10,11,12,13,14,15,16,17]; c0:bw=161,experts=[0,1,2,3,4,5,6,7,8,9,10,11,28,29,30,31]; c1:bw=122,experts=[2,3,4,5,6,7,8,9,10,11,12,13]; c9:bw=160,experts=[5,6,7,8,9,10,11,12,13,14,15,16,17,18,19,20]; c6:bw=157,experts=[12,13,14,15,16,17,18,19,20,21,22,23,24,25,26]; c8:bw=123,experts=[1,2,3,4,5,6,7,8,9,10,11,12]; c7:bw=77,experts=[12,13,14,15,16,17,18]; c3:bw=116,experts=[15,16,17,18,19,20,21,22,23,24,25]; c2:bw=66,experts=[20,21,22,23,24,25]; c5:bw=123,experts=[0,1,22,23,24,25,26,27,28,29,30,31]","6.6067,4.5280,4.1718,3.4008,8.2532,5.3369,4.7124,5.2385,3.7960,6.3099"
30,2026-09-23 17:10:18,Ours,0.01,2.0917459583768023,34.18,40.15,27,54.1381,0:54.14,52.7911,0.1598,1.1856,1582.8891,26:22.89,10,"5,1,9,4,0,8,6,7,3,2",5:226;1:129;9:200;4:189;0:64;8:152;6:39;7:44;3:216;2:99,"5:[2,3,4,5,6,7,8,9,10,11,12,13,14,15,16,17,18,19,20,21,22,23];1:[14,15,16,17,18,19,20,21,22,23,24,25];9:[0,1,2,3,4,5,6,7,8,21,22,23,24,25,26,27,28,29,30,31];4:[0,1,2,3,18,19,20,21,22,23,24,25,26,27,28,29,30,31];0:[12,13,14,15,16,17];8:[13,14,15,16,17,18,19,20,21,22,23,24,25,26,27];6:[27,28,29];7:[19,20,21,22];3:[0,1,2,3,4,5,6,7,8,9,10,11,12,13,14,26,27,28,29,30,31];2:[0,1,2,26,27,28,29,30,31]","c5:bw=226,experts=[2,3,4,5,6,7,8,9,10,11,12,13,14,15,16,17,18,19,20,21,22,23]; c1:bw=129,experts=[14,15,16,17,18,19,20,21,22,23,24,25]; c9:bw=200,experts=[0,1,2,3,4,5,6,7,8,21,22,23,24,25,26,27,28,29,30,31]; c4:bw=189,experts=[0,1,2,3,18,19,20,21,22,23,24,25,26,27,28,29,30,31]; c0:bw=64,experts=[12,13,14,15,16,17]; c8:bw=152,experts=[13,14,15,16,17,18,19,20,21,22,23,24,25,26,27]; c6:bw=39,experts=[27,28,29]; c7:bw=44,experts=[19,20,21,22]; c3:bw=216,experts=[0,1,2,3,4,5,6,7,8,9,10,11,12,13,14,26,27,28,29,30,31]; c2:bw=99,experts=[0,1,2,26,27,28,29,30,31]","6.3625,4.3607,3.5665,6.8648,4.7110,5.3598,8.1111,4.6394,5.1460,3.6694"
31,2026-09-23 17:11:11,Ours,0.01,1.999244698328864,42.08,42.08,31,53.4993,0:53.50,52.2181,0.1477,1.1319,1636.4103,27:16.41,10,"6,4,9,1,5,8,3,2,0,7",6:108;4:70;9:164;1:111;5:226;8:120;3:87;2:57;0:172;7:230,"6:[0,1,2,3,4,5,6,7,30,31];4:[4,5,6,7,8,9,10];9:[9,10,11,12,13,14,15,16,17,18,19,20,21,22,23,24];1:[0,1,2,3,4,26,27,28,29,30,31];5:[0,1,2,3,4,5,6,7,8,9,10,11,12,13,24,25,26,27,28,29,30,31];8:[0,1,2,3,4,5,6,7,28,29,30,31];3:[15,16,17,18,19,20,21,22];2:[3,4,5,6,7];0:[0,1,2,18,19,20,21,22,23,24,25,26,27,28,29,30,31];7:[0,1,2,3,4,5,6,7,8,9,10,11,12,13,23,24,25,26,27,28,29,30,31]","c6:bw=108,experts=[0,1,2,3,4,5,6,7,30,31]; c4:bw=70,experts=[4,5,6,7,8,9,10]; c9:bw=164,experts=[9,10,11,12,13,14,15,16,17,18,19,20,21,22,23,24]; c1:bw=111,experts=[0,1,2,3,4,26,27,28,29,30,31]; c5:bw=226,experts=[0,1,2,3,4,5,6,7,8,9,10,11,12,13,24,25,26,27,28,29,30,31]; c8:bw=120,experts=[0,1,2,3,4,5,6,7,28,29,30,31]; c3:bw=87,experts=[15,16,17,18,19,20,21,22]; c2:bw=57,experts=[3,4,5,6,7]; c0:bw=172,experts=[0,1,2,18,19,20,21,22,23,24,25,26,27,28,29,30,31]; c7:bw=230,experts=[0,1,2,3,4,5,6,7,8,9,10,11,12,13,23,24,25,26,27,28,29,30,31]","7.8656,6.6424,3.4046,4.2102,6.6938,5.2353,4.9676,3.7687,4.5143,4.9156"
32,2026-09-23 17:12:03,Ours,0.01,2.061986361434218,22.92,42.08,31,51.8038,0:51.80,50.5066,0.15,1.1455,1688.2326,28:08.23,10,"8,5,4,7,0,1,3,6,2,9",8:79;5:130;4:178;7:171;0:167;1:77;3:103;6:98;2:197;9:115,"8:[8,9,10,11,12,13,14];5:[14,15,16,17,18,19,20,21,22,23,24,25,26];4:[11,12,13,14,15,16,17,18,19,20,21,22,23,24,25,26,27];7:[14,15,16,17,18,19,20,21,22,23,24,25,26,27,28,29,30];0:[3,4,5,6,7,8,9,10,11,12,13,14,15,16,17,18];1:[5,6,7,8,9,10,11];3:[0,23,24,25,26,27,28,29,30,31];6:[8,9,10,11,12,13,14,15,16];2:[8,9,10,11,12,13,14,15,16,17,18,19,20,21,22,23,24,25,26];9:[0,1,2,3,25,26,27,28,29,30,31]","c8:bw=79,experts=[8,9,10,11,12,13,14]; c5:bw=130,experts=[14,15,16,17,18,19,20,21,22,23,24,25,26]; c4:bw=178,experts=[11,12,13,14,15,16,17,18,19,20,21,22,23,24,25,26,27]; c7:bw=171,experts=[14,15,16,17,18,19,20,21,22,23,24,25,26,27,28,29,30]; c0:bw=167,experts=[3,4,5,6,7,8,9,10,11,12,13,14,15,16,17,18]; c1:bw=77,experts=[5,6,7,8,9,10,11]; c3:bw=103,experts=[0,23,24,25,26,27,28,29,30,31]; c6:bw=98,experts=[8,9,10,11,12,13,14,15,16]; c2:bw=197,experts=[8,9,10,11,12,13,14,15,16,17,18,19,20,21,22,23,24,25,26]; c9:bw=115,experts=[0,1,2,3,25,26,27,28,29,30,31]","5.1497,6.0541,6.5633,4.4505,4.5375,4.1594,4.9172,7.6762,3.6311,3.3675"
33,2026-09-23 17:13:02,Ours,0.01,2.073028147214319,44.09,44.09,33,58.7026,0:58.70,57.3017,0.1682,1.231,1746.9563,29:06.96,10,"7,1,3,6,5,9,2,8,4,0",7:192;1:126;3:256;6:135;5:108;9:152;2:86;8:182;4:165;0:229,"7:[0,1,2,3,4,5,6,7,8,9,10,11,12,13,14,15,16,17,31];1:[12,13,14,15,16,17,18,19,20,21,22,23];3:[1,2,3,4,5,6,7,8,9,10,11,12,13,14,15,16,17,18,19,20,21,22,23,24,25];6:[17,18,19,20,21,22,23,24,25,26,27,28,29];5:[0,1,2,3,4,27,28,29,30,31];9:[4,5,6,7,8,9,10,11,12,13,14,15,16,17,18];2:[0,1,2,27,28,29,30,31];8:[0,15,16,17,18,19,20,21,22,23,24,25,26,27,28,29,30,31];4:[0,1,2,3,4,5,6,7,8,9,10,11,28,29,30,31];0:[0,1,2,3,4,5,6,7,8,19,20,21,22,23,24,25,26,27,28,29,30,31]","c7:bw=192,experts=[0,1,2,3,4,5,6,7,8,9,10,11,12,13,14,15,16,17,31]; c1:bw=126,experts=[12,13,14,15,16,17,18,19,20,21,22,23]; c3:bw=256,experts=[1,2,3,4,5,6,7,8,9,10,11,12,13,14,15,16,17,18,19,20,21,22,23,24,25]; c6:bw=135,experts=[17,18,19,20,21,22,23,24,25,26,27,28,29]; c5:bw=108,experts=[0,1,2,3,4,27,28,29,30,31]; c9:bw=152,experts=[4,5,6,7,8,9,10,11,12,13,14,15,16,17,18]; c2:bw=86,experts=[0,1,2,27,28,29,30,31]; c8:bw=182,experts=[0,15,16,17,18,19,20,21,22,23,24,25,26,27,28,29,30,31]; c4:bw=165,experts=[0,1,2,3,4,5,6,7,8,9,10,11,28,29,30,31]; c0:bw=229,experts=[0,1,2,3,4,5,6,7,8,19,20,21,22,23,24,25,26,27,28,29,30,31]","5.1076,4.4245,6.1889,8.3716,7.7495,4.1443,3.8512,5.3891,7.1789,4.8961"
34,2026-09-23 17:13:56,Ours,0.01,1.9609665501815718,42.75,44.09,33,54.1859,0:54.19,52.8533,0.1653,1.1655,1801.1642,30:01.16,10,"4,1,6,9,8,0,5,7,3,2",4:169;1:170;6:176;9:248;8:153;0:82;5:219;7:119;3:265;2:197,"4:[12,13,14,15,16,17,18,19,20,21,22,23,24,25,26,27];1:[0,1,2,3,4,5,6,7,8,24,25,26,27,28,29,30,31];6:[0,1,2,3,4,5,6,7,8,9,10,11,12,13,14,30,31];9:[0,1,2,3,4,5,6,7,8,9,10,19,20,21,22,23,24,25,26,27,28,29,30,31];8:[1,2,3,4,5,6,7,8,9,10,11,12,13,14,15];0:[9,10,11,12,13,14,15,16];5:[5,6,7,8,9,10,11,12,13,14,15,16,17,18,19,20,21,22,23,24,25];7:[18,19,20,21,22,23,24,25,26,27,28];3:[0,1,2,3,4,5,6,7,8,9,10,11,12,13,14,15,16,17,18,19,26,27,28,29,30,31];2:[3,4,5,6,7,8,9,10,11,12,13,14,15,16,17,18,19,20,21]","c4:bw=169,experts=[12,13,14,15,16,17,18,19,20,21,22,23,24,25,26,27]; c1:bw=170,experts=[0,1,2,3,4,5,6,7,8,24,25,26,27,28,29,30,31]; c6:bw=176,experts=[0,1,2,3,4,5,6,7,8,9,10,11,12,13,14,30,31]; c9:bw=248,experts=[0,1,2,3,4,5,6,7,8,9,10,19,20,21,22,23,24,25,26,27,28,29,30,31]; c8:bw=153,experts=[1,2,3,4,5,6,7,8,9,10,11,12,13,14,15]; c0:bw=82,experts=[9,10,11,12,13,14,15,16]; c5:bw=219,experts=[5,6,7,8,9,10,11,12,13,14,15,16,17,18,19,20,21,22,23,24,25]; c7:bw=119,experts=[18,19,20,21,22,23,24,25,26,27,28]; c3:bw=265,experts=[0,1,2,3,4,5,6,7,8,9,10,11,12,13,14,15,16,17,18,19,26,27,28,29,30,31]; c2:bw=197,experts=[3,4,5,6,7,8,9,10,11,12,13,14,15,16,17,18,19,20,21]","6.9436,4.3606,8.1460,3.5522,5.3959,4.6314,6.2846,4.6680,5.1287,3.7422"
35,2026-09-23 17:14:51,Ours,0.01,1.9236147895297335,42.34,44.09,33,55.072,0:55.07,53.7704,0.1667,1.1332,1856.2593,30:56.26,10,"4,0,1,6,2,8,9,7,5,3",4:120;0:74;1:112;6:160;2:167;8:182;9:99;7:175;5:149;3:88,"4:[0,1,2,3,4,5,6,7,28,29,30,31];0:[17,18,19,20,21,22,23];1:[9,10,11,12,13,14,15,16,17,18,19];6:[15,16,17,18,19,20,21,22,23,24,25,26,27,28,29,30];2:[0,1,2,3,4,5,22,23,24,25,26,27,28,29,30,31];8:[0,1,16,17,18,19,20,21,22,23,24,25,26,27,28,29,30,31];9:[11,12,13,14,15,16,17,18,19];7:[0,1,2,3,4,5,6,7,8,9,10,11,12,13,29,30,31];5:[0,1,2,3,4,5,6,7,26,27,28,29,30,31];3:[20,21,22,23,24,25,26,27]","c4:bw=120,experts=[0,1,2,3,4,5,6,7,28,29,30,31]; c0:bw=74,experts=[17,18,19,20,21,22,23]; c1:bw=112,experts=[9,10,11,12,13,14,15,16,17,18,19]; c6:bw=160,experts=[15,16,17,18,19,20,21,22,23,24,25,26,27,28,29,30]; c2:bw=167,experts=[0,1,2,3,4,5,22,23,24,25,26,27,28,29,30,31]; c8:bw=182,experts=[0,1,16,17,18,19,20,21,22,23,24,25,26,27,28,29,30,31]; c9:bw=99,experts=[11,12,13,14,15,16,17,18,19]; c7:bw=175,experts=[0,1,2,3,4,5,6,7,8,9,10,11,12,13,29,30,31]; c5:bw=149,experts=[0,1,2,3,4,5,6,7,26,27,28,29,30,31]; c3:bw=88,experts=[20,21,22,23,24,25,26,27]","7.1826,5.3847,4.3362,8.0040,3.8077,5.2123,3.5459,4.4441,6.8317,5.0212"
36,2026-09-23 17:15:44,Ours,0.01,1.9522424269330543,43.65,44.09,33,52.3568,0:52.36,51.0013,0.1631,1.1907,1908.6362,31:48.64,10,"9,0,3,7,6,5,1,4,8,2",9:137;0:132;3:219;7:100;6:158;5:180;1:31;4:272;8:188;2:185,"9:[0,20,21,22,23,24,25,26,27,28,29,30,31];0:[0,1,2,3,4,24,25,26,27,28,29,30,31];3:[0,1,2,3,4,5,6,7,8,9,10,11,12,13,14,15,16,28,29,30,31];7:[14,15,16,17,18,19,20,21,22,23];6:[0,1,2,3,4,5,6,7,8,9,10,11,12,13,31];5:[8,9,10,11,12,13,14,15,16,17,18,19,20,21,22,23,24,25];1:[20,21,22];4:[0,1,2,8,9,10,11,12,13,14,15,16,17,18,19,20,21,22,23,24,25,26,27,28,29,30,31];8:[2,3,4,5,6,7,8,9,10,11,12,13,14,15,16,17,18,19];2:[6,7,8,9,10,11,12,13,14,15,16,17,18,19,20,21,22,23]","c9:bw=137,experts=[0,20,21,22,23,24,25,26,27,28,29,30,31]; c0:bw=132,experts=[0,1,2,3,4,24,25,26,27,28,29,30,31]; c3:bw=219,experts=[0,1,2,3,4,5,6,7,8,9,10,11,12,13,14,15,16,28,29,30,31]; c7:bw=100,experts=[14,15,16,17,18,19,20,21,22,23]; c6:bw=158,experts=[0,1,2,3,4,5,6,7,8,9,10,11,12,13,31]; c5:bw=180,experts=[8,9,10,11,12,13,14,15,16,17,18,19,20,21,22,23,24,25]; c1:bw=31,experts=[20,21,22]; c4:bw=272,experts=[0,1,2,8,9,10,11,12,13,14,15,16,17,18,19,20,21,22,23,24,25,26,27,28,29,30,31]; c8:bw=188,experts=[2,3,4,5,6,7,8,9,10,11,12,13,14,15,16,17,18,19]; c2:bw=185,experts=[6,7,8,9,10,11,12,13,14,15,16,17,18,19,20,21,22,23]","3.3923,4.5346,4.9917,4.6000,7.0892,6.0779,4.5133,6.7380,5.3123,3.7518"
37,2026-09-23 17:16:36,Ours,0.01,1.9048930184098238,48.12,48.12,37,52.736,0:52.74,51.4126,0.1559,1.1658,1961.3943,32:41.39,10,"1,5,2,6,4,7,9,0,3,8",1:67;5:143;2:132;6:239;4:144;7:153;9:146;0:199;3:132;8:21,"1:[23,24,25,26,27,28];5:[0,1,2,3,4,5,6,7,26,27,28,29,30,31];2:[0,1,2,3,4,24,25,26,27,28,29,30,31];6:[0,1,2,3,4,14,15,16,17,18,19,20,21,22,23,24,25,26,27,28,29,30,31];4:[3,4,5,6,7,8,9,10,11,12,13,14,15,16];7:[0,1,2,3,4,5,6,24,25,26,27,28,29,30,31];9:[1,2,3,4,5,6,7,8,9,10,11,12,13,14];0:[5,6,7,8,9,10,11,12,13,14,15,16,17,18,19,20,21,22,23];3:[17,18,19,20,21,22,23,24,25,26,27,28,29];8:[20,21]","c1:bw=67,experts=[23,24,25,26,27,28]; c5:bw=143,experts=[0,1,2,3,4,5,6,7,26,27,28,29,30,31]; c2:bw=132,experts=[0,1,2,3,4,24,25,26,27,28,29,30,31]; c6:bw=239,experts=[0,1,2,3,4,14,15,16,17,18,19,20,21,22,23,24,25,26,27,28,29,30,31]; c4:bw=144,experts=[3,4,5,6,7,8,9,10,11,12,13,14,15,16]; c7:bw=153,experts=[0,1,2,3,4,5,6,24,25,26,27,28,29,30,31]; c9:bw=146,experts=[1,2,3,4,5,6,7,8,9,10,11,12,13,14]; c0:bw=199,experts=[5,6,7,8,9,10,11,12,13,14,15,16,17,18,19,20,21,22,23]; c3:bw=132,experts=[17,18,19,20,21,22,23,24,25,26,27,28,29]; c8:bw=21,experts=[20,21]","4.3173,6.2800,3.7249,7.1699,6.7733,4.5866,3.5013,4.6569,5.0945,5.3079"
38,2026-09-23 17:17:29,Ours,0.01,1.9051442173202866,46.58,48.12,37,52.4209,0:52.42,51.1226,0.1485,1.1483,2013.8382,33:33.84,10,"8,6,4,1,5,2,3,7,9,0",8:168;6:62;4:190;1:113;5:10;2:11;3:139;7:187;9:94;0:148,"8:[0,1,2,3,4,5,22,23,24,25,26,27,28,29,30,31];6:[5,6,7,8,9,10];4:[0,1,2,3,17,18,19,20,21,22,23,24,25,26,27,28,29,30,31];1:[0,1,2,3,4,5,6,7,29,30,31];5:[8];2:[5];3:[0,1,2,3,4,5,6,7,8,9,10,30,31];7:[7,8,9,10,11,12,13,14,15,16,17,18,19,20,21,22,23,24];9:[15,16,17,18,19,20,21,22,23];0:[0,1,2,3,4,5,24,25,26,27,28,29,30,31]","c8:bw=168,experts=[0,1,2,3,4,5,22,23,24,25,26,27,28,29,30,31]; c6:bw=62,experts=[5,6,7,8,9,10]; c4:bw=190,experts=[0,1,2,3,17,18,19,20,21,22,23,24,25,26,27,28,29,30,31]; c1:bw=113,experts=[0,1,2,3,4,5,6,7,29,30,31]; c5:bw=10,experts=[8]; c2:bw=11,experts=[5]; c3:bw=139,experts=[0,1,2,3,4,5,6,7,8,9,10,30,31]; c7:bw=187,experts=[7,8,9,10,11,12,13,14,15,16,17,18,19,20,21,22,23,24]; c9:bw=94,experts=[15,16,17,18,19,20,21,22,23]; c0:bw=148,experts=[0,1,2,3,4,5,24,25,26,27,28,29,30,31]","5.3000,7.7731,6.6779,4.1893,6.3116,3.6225,4.9570,4.4340,3.3748,4.4824"
39,2026-09-23 17:18:22,Ours,0.01,1.9090493647765467,41.51,48.12,37,53.3972,0:53.40,52.1001,0.1502,1.1453,2067.2575,34:27.26,10,"3,0,1,7,6,8,2,4,9,5",3:96;0:11;1:164;7:146;6:112;8:164;2:132;4:131;9:87;5:274,"3:[11,12,13,14,15,16,17,18,19];0:[6];1:[8,9,10,11,12,13,14,15,16,17,18,19,20,21,22,23];7:[0,1,2,3,4,5,6,25,26,27,28,29,30,31];6:[11,12,13,14,15,16,17,18,19,20,21];8:[6,7,8,9,10,11,12,13,14,15,16,17,18,19,20,21];2:[6,7,8,9,10,11,12,13,14,15,16,17,18];4:[4,5,6,7,8,9,10,11,12,13,14,15,16];9:[24,25,26,27,28,29,30,31];5:[0,1,2,3,9,10,11,12,13,14,15,16,17,18,19,20,21,22,23,24,25,26,27,28,29,30,31]","c3:bw=96,experts=[11,12,13,14,15,16,17,18,19]; c0:bw=11,experts=[6]; c1:bw=164,experts=[8,9,10,11,12,13,14,15,16,17,18,19,20,21,22,23]; c7:bw=146,experts=[0,1,2,3,4,5,6,25,26,27,28,29,30,31]; c6:bw=112,experts=[11,12,13,14,15,16,17,18,19,20,21]; c8:bw=164,experts=[6,7,8,9,10,11,12,13,14,15,16,17,18,19,20,21]; c2:bw=132,experts=[6,7,8,9,10,11,12,13,14,15,16,17,18]; c4:bw=131,experts=[4,5,6,7,8,9,10,11,12,13,14,15,16]; c9:bw=87,experts=[24,25,26,27,28,29,30,31]; c5:bw=274,experts=[0,1,2,3,9,10,11,12,13,14,15,16,17,18,19,20,21,22,23,24,25,26,27,28,29,30,31]","4.9735,4.5549,4.1780,4.4806,7.7453,5.1690,3.6383,6.8479,4.2108,6.3018"
40,2026-09-23 17:19:16,Ours,0.01,1.8900780340936971,43.5,48.12,37,53.6973,0:53.70,52.3775,0.1558,1.1622,2120.9756,35:20.98,10,"8,1,5,6,2,7,3,4,9,0",8:95;1:154;5:116;6:170;2:238;7:243;3:24;4:70;9:145;0:131,"8:[22,23,24,25,26,27,28,29,30];1:[0,1,2,3,4,5,6,24,25,26,27,28,29,30,31];5:[4,5,6,7,8,9,10,11,12,13,14];6:[0,1,2,3,4,5,6,22,23,24,25,26,27,28,29,30,31];2:[0,1,2,3,4,5,6,7,8,9,19,20,21,22,23,24,25,26,27,28,29,30,31];7:[7,8,9,10,11,12,13,14,15,16,17,18,19,20,21,22,23,24,25,26,27,28,29,30];3:[20,21];4:[17,18,19,20,21,22,23];9:[0,1,2,3,4,5,6,7,8,9,10,11,12,13];0:[7,8,9,10,11,12,13,14,15,16,17,18,19]","c8:bw=95,experts=[22,23,24,25,26,27,28,29,30]; c1:bw=154,experts=[0,1,2,3,4,5,6,24,25,26,27,28,29,30,31]; c5:bw=116,experts=[4,5,6,7,8,9,10,11,12,13,14]; c6:bw=170,experts=[0,1,2,3,4,5,6,22,23,24,25,26,27,28,29,30,31]; c2:bw=238,experts=[0,1,2,3,4,5,6,7,8,9,19,20,21,22,23,24,25,26,27,28,29,30,31]; c7:bw=243,experts=[7,8,9,10,11,12,13,14,15,16,17,18,19,20,21,22,23,24,25,26,27,28,29,30]; c3:bw=24,experts=[20,21]; c4:bw=70,experts=[17,18,19,20,21,22,23]; c9:bw=145,experts=[0,1,2,3,4,5,6,7,8,9,10,11,12,13]; c0:bw=131,experts=[7,8,9,10,11,12,13,14,15,16,17,18,19]","5.4731,4.3093,6.2426,8.0578,3.7830,4.5744,5.0846,6.7135,3.5072,4.6321"
41,2026-09-23 17:20:09,Ours,0.01,1.8654446827986224,47.22,48.12,37,53.2287,0:53.23,51.9196,0.154,1.1534,2174.2275,36:14.23,10,"2,6,8,1,4,5,7,3,9,0",2:196;6:10;8:207;1:29;4:185;5:224;7:250;3:146;9:196;0:10,"2:[10,11,12,13,14,15,16,17,18,19,20,21,22,23,24,25,26,27,28];6:[7];8:[0,1,2,3,4,5,6,7,8,9,10,11,12,13,14,15,16,17,18,31];1:[7,8];4:[0,1,2,3,4,5,6,7,8,9,24,25,26,27,28,29,30,31];5:[0,1,2,3,4,15,16,17,18,19,20,21,22,23,24,25,26,27,28,29,30,31];7:[0,1,2,3,4,5,6,7,8,9,10,11,12,13,14,15,16,17,18,19,20,21,22,23,31];3:[0,1,2,3,22,23,24,25,26,27,28,29,30,31];9:[0,14,15,16,17,18,19,20,21,22,23,24,25,26,27,28,29,30,31];0:[20]","c2:bw=196,experts=[10,11,12,13,14,15,16,17,18,19,20,21,22,23,24,25,26,27,28]; c6:bw=10,experts=[7]; c8:bw=207,experts=[0,1,2,3,4,5,6,7,8,9,10,11,12,13,14,15,16,17,18,31]; c1:bw=29,experts=[7,8]; c4:bw=185,experts=[0,1,2,3,4,5,6,7,8,9,24,25,26,27,28,29,30,31]; c5:bw=224,experts=[0,1,2,3,4,15,16,17,18,19,20,21,22,23,24,25,26,27,28,29,30,31]; c7:bw=250,experts=[0,1,2,3,4,5,6,7,8,9,10,11,12,13,14,15,16,17,18,19,20,21,22,23,31]; c3:bw=146,experts=[0,1,2,3,22,23,24,25,26,27,28,29,30,31]; c9:bw=196,experts=[0,14,15,16,17,18,19,20,21,22,23,24,25,26,27,28,29,30,31]; c0:bw=10,experts=[20]","3.7488,7.9019,5.3213,4.2628,6.6831,6.1552,4.5909,5.0956,3.5126,4.6472"
42,2026-09-23 17:21:02,Ours,0.01,1.8527395552526333,43.56,48.12,37,52.7951,0:52.80,51.3902,0.166,1.2371,2227.0443,37:07.04,10,"5,1,3,9,6,0,7,4,8,2",5:185;1:179;3:177;9:186;6:125;0:54;7:73;4:200;8:154;2:147,"5:[5,6,7,8,9,10,11,12,13,14,15,16,17,18,19,20,21,22];1:[9,10,11,12,13,14,15,16,17,18,19,20,21,22,23,24,25];3:[4,5,6,7,8,9,10,11,12,13,14,15,16,17,18,19,20];9:[1,2,3,4,5,6,7,8,9,10,11,12,13,14,15,16,17,18];6:[8,9,10,11,12,13,14,15,16,17,18,19];0:[21,22,23,24,25];7:[24,25,26,27,28,29,30];4:[10,11,12,13,14,15,16,17,18,19,20,21,22,23,24,25,26,27,28,29];8:[0,1,19,20,21,22,23,24,25,26,27,28,29,30,31];2:[0,1,2,3,4,5,6,7,8,9,10,29,30,31]","c5:bw=185,experts=[5,6,7,8,9,10,11,12,13,14,15,16,17,18,19,20,21,22]; c1:bw=179,experts=[9,10,11,12,13,14,15,16,17,18,19,20,21,22,23,24,25]; c3:bw=177,experts=[4,5,6,7,8,9,10,11,12,13,14,15,16,17,18,19,20]; c9:bw=186,experts=[1,2,3,4,5,6,7,8,9,10,11,12,13,14,15,16,17,18]; c6:bw=125,experts=[8,9,10,11,12,13,14,15,16,17,18,19]; c0:bw=54,experts=[21,22,23,24,25]; c7:bw=73,experts=[24,25,26,27,28,29,30]; c4:bw=200,experts=[10,11,12,13,14,15,16,17,18,19,20,21,22,23,24,25,26,27,28,29]; c8:bw=154,experts=[0,1,19,20,21,22,23,24,25,26,27,28,29,30,31]; c2:bw=147,experts=[0,1,2,3,4,5,6,7,8,9,10,29,30,31]","6.1082,4.1769,4.9787,3.4082,7.7833,4.5047,4.5080,6.5389,5.2432,4.1400"
43,2026-09-23 17:22:01,Ours,0.01,1.807700886835471,50.41,50.41,43,59.1433,0:59.14,57.7123,0.1654,1.2637,2286.2114,38:06.21,10,"5,1,2,8,9,7,4,6,3,0",5:194;1:213;2:186;8:165;9:116;7:77;4:126;6:44;3:237;0:78,"5:[0,1,2,3,4,5,6,7,8,9,23,24,25,26,27,28,29,30,31];1:[0,1,2,3,4,5,6,7,8,9,10,11,12,13,14,26,27,28,29,30,31];2:[11,12,13,14,15,16,17,18,19,20,21,22,23,24,25,26,27,28];8:[2,3,4,5,6,7,8,9,10,11,12,13,14,15,16,17];9:[19,20,21,22,23,24,25,26,27,28,29];7:[0,1,2,3,4,5,31];4:[0,1,2,3,4,5,6,7,8,9,30,31];6:[20,21,22,23];3:[0,1,2,3,4,5,6,7,8,9,10,11,21,22,23,24,25,26,27,28,29,30,31];0:[0,26,27,28,29,30,31]","c5:bw=194,experts=[0,1,2,3,4,5,6,7,8,9,23,24,25,26,27,28,29,30,31]; c1:bw=213,experts=[0,1,2,3,4,5,6,7,8,9,10,11,12,13,14,26,27,28,29,30,31]; c2:bw=186,experts=[11,12,13,14,15,16,17,18,19,20,21,22,23,24,25,26,27,28]; c8:bw=165,experts=[2,3,4,5,6,7,8,9,10,11,12,13,14,15,16,17]; c9:bw=116,experts=[19,20,21,22,23,24,25,26,27,28,29]; c7:bw=77,experts=[0,1,2,3,4,5,31]; c4:bw=126,experts=[0,1,2,3,4,5,6,7,8,9,30,31]; c6:bw=44,experts=[20,21,22,23]; c3:bw=237,experts=[0,1,2,3,4,5,6,7,8,9,10,11,21,22,23,24,25,26,27,28,29,30,31]; c0:bw=78,experts=[0,26,27,28,29,30,31]","6.8010,4.9012,4.3387,5.8843,3.8421,5.2395,7.5140,8.6301,5.5276,5.0337"
44,2026-09-23 17:22:56,Ours,0.01,1.8123720995973094,43.11,50.41,43,55.1555,0:55.16,53.7073,0.1672,1.2791,2341.3929,39:01.39,10,"0,3,4,2,7,5,6,9,8,1",0:244;3:171;4:105;2:134;7:275;5:88;6:75;9:136;8:126;1:163,"0:[1,2,3,4,5,6,7,8,9,10,11,12,13,14,15,16,17,18,19,20,21,22,23,24];3:[12,13,14,15,16,17,18,19,20,21,22,23,24,25,26,27,28];4:[10,11,12,13,14,15,16,17,18,19];2:[0,1,2,3,4,5,6,7,8,9,29,30,31];7:[0,6,7,8,9,10,11,12,13,14,15,16,17,18,19,20,21,22,23,24,25,26,27,28,29,30,31];5:[10,11,12,13,14,15,16,17];6:[24,25,26,27,28,29,30];9:[0,1,2,3,4,5,6,7,8,9,10,30,31];8:[18,19,20,21,22,23,24,25,26,27,28,29];1:[15,16,17,18,19,20,21,22,23,24,25,26,27,28,29,30]","c0:bw=244,experts=[1,2,3,4,5,6,7,8,9,10,11,12,13,14,15,16,17,18,19,20,21,22,23,24]; c3:bw=171,experts=[12,13,14,15,16,17,18,19,20,21,22,23,24,25,26,27,28]; c4:bw=105,experts=[10,11,12,13,14,15,16,17,18,19]; c2:bw=134,experts=[0,1,2,3,4,5,6,7,8,9,29,30,31]; c7:bw=275,experts=[0,6,7,8,9,10,11,12,13,14,15,16,17,18,19,20,21,22,23,24,25,26,27,28,29,30,31]; c5:bw=88,experts=[10,11,12,13,14,15,16,17]; c6:bw=75,experts=[24,25,26,27,28,29,30]; c9:bw=136,experts=[0,1,2,3,4,5,6,7,8,9,10,30,31]; c8:bw=126,experts=[18,19,20,21,22,23,24,25,26,27,28,29]; c1:bw=163,experts=[15,16,17,18,19,20,21,22,23,24,25,26,27,28,29,30]","5.0906,5.5659,7.1915,3.9367,4.8070,6.2779,8.0446,3.4318,5.1581,4.2032"
45,2026-09-23 17:23:50,Ours,0.01,1.767626193374726,44.78,50.41,43,53.1435,0:53.14,51.7135,0.1744,1.2538,2394.564,39:54.56,10,"8,0,3,4,7,2,9,6,5,1",8:201;0:131;3:245;4:235;7:131;2:180;9:91;6:14;5:163;1:204,"8:[0,1,2,3,4,5,6,7,8,9,10,11,12,13,14,15,16,17,30,31];0:[0,1,2,3,4,5,25,26,27,28,29,30,31];3:[0,1,2,3,4,5,6,7,8,9,10,11,12,13,14,15,16,17,18,19,20,29,30,31];4:[0,1,2,3,4,5,6,7,8,9,10,20,21,22,23,24,25,26,27,28,29,30,31];7:[1,2,3,4,5,6,7,8,9,10,11,12,13];2:[10,11,12,13,14,15,16,17,18,19,20,21,22,23,24,25,26,27];9:[11,12,13,14,15,16,17,18,19];6:[31];5:[0,1,18,19,20,21,22,23,24,25,26,27,28,29,30,31];1:[0,1,2,3,4,5,6,7,8,9,10,11,12,13,14,15,16,17,18,31]","c8:bw=201,experts=[0,1,2,3,4,5,6,7,8,9,10,11,12,13,14,15,16,17,30,31]; c0:bw=131,experts=[0,1,2,3,4,5,25,26,27,28,29,30,31]; c3:bw=245,experts=[0,1,2,3,4,5,6,7,8,9,10,11,12,13,14,15,16,17,18,19,20,29,30,31]; c4:bw=235,experts=[0,1,2,3,4,5,6,7,8,9,10,20,21,22,23,24,25,26,27,28,29,30,31]; c7:bw=131,experts=[1,2,3,4,5,6,7,8,9,10,11,12,13]; c2:bw=180,experts=[10,11,12,13,14,15,16,17,18,19,20,21,22,23,24,25,26,27]; c9:bw=91,experts=[11,12,13,14,15,16,17,18,19]; c6:bw=14,experts=[31]; c5:bw=163,experts=[0,1,18,19,20,21,22,23,24,25,26,27,28,29,30,31]; c1:bw=204,experts=[0,1,2,3,4,5,6,7,8,9,10,11,12,13,14,15,16,17,18,31]","5.2278,4.5544,4.9945,6.5962,4.4796,3.6132,3.3664,7.6543,6.6112,4.6158"
46,2026-09-23 17:24:55,Ours,0.01,1.8247026155207837,38.3,50.41,43,65.799,1:05.80,64.3939,0.1693,1.2339,2460.3881,41:00.39,10,"9,3,6,1,4,5,2,8,0,7",9:134;3:98;6:141;1:149;4:234;5:150;2:208;8:142;0:201;7:103,"9:[0,20,21,22,23,24,25,26,27,28,29,30,31];3:[21,22,23,24,25,26,27,28,29];6:[0,1,2,3,4,5,6,7,8,9,10,11,12,13];1:[0,19,20,21,22,23,24,25,26,27,28,29,30,31];4:[0,1,11,12,13,14,15,16,17,18,19,20,21,22,23,24,25,26,27,28,29,30,31];5:[2,3,4,5,6,7,8,9,10,11,12,13,14,15,16];2:[0,1,2,3,4,5,6,7,8,9,10,11,12,13,14,15,28,29,30,31];8:[18,19,20,21,22,23,24,25,26,27,28,29,30,31];0:[6,7,8,9,10,11,12,13,14,15,16,17,18,19,20,21,22,23,24,25];7:[14,15,16,17,18,19,20,21,22,23]","c9:bw=134,experts=[0,20,21,22,23,24,25,26,27,28,29,30,31]; c3:bw=98,experts=[21,22,23,24,25,26,27,28,29]; c6:bw=141,experts=[0,1,2,3,4,5,6,7,8,9,10,11,12,13]; c1:bw=149,experts=[0,19,20,21,22,23,24,25,26,27,28,29,30,31]; c4:bw=234,experts=[0,1,11,12,13,14,15,16,17,18,19,20,21,22,23,24,25,26,27,28,29,30,31]; c5:bw=150,experts=[2,3,4,5,6,7,8,9,10,11,12,13,14,15,16]; c2:bw=208,experts=[0,1,2,3,4,5,6,7,8,9,10,11,12,13,14,15,28,29,30,31]; c8:bw=142,experts=[18,19,20,21,22,23,24,25,26,27,28,29,30,31]; c0:bw=201,experts=[6,7,8,9,10,11,12,13,14,15,16,17,18,19,20,21,22,23,24,25]; c7:bw=103,experts=[14,15,16,17,18,19,20,21,22,23]","4.4640,6.8537,8.6464,5.3566,8.7104,7.9728,4.7476,6.7659,5.9393,4.9373"
47,2026-09-23 17:25:48,Ours,0.01,1.8130829105632447,52.15,52.15,47,52.7219,0:52.72,51.4159,0.1531,1.1512,2513.1388,41:53.14,10,"5,6,7,9,8,3,4,0,1,2",5:189;6:82;7:195;9:63;8:144;3:255;4:35;0:167;1:111;2:199,"5:[0,1,2,17,18,19,20,21,22,23,24,25,26,27,28,29,30,31];6:[14,15,16,17,18,19,20,21];7:[0,1,2,3,4,5,6,7,8,9,10,24,25,26,27,28,29,30,31];9:[1,2,3,4,5,6];8:[0,1,2,3,4,5,6,7,8,9,10,11,12,13];3:[0,1,2,3,4,5,6,7,8,9,10,11,12,13,14,15,16,17,18,19,20,21,22,30,31];4:[2,3,4];0:[0,1,2,3,4,5,6,7,8,9,26,27,28,29,30,31];1:[1,2,3,4,5,6,7,8,9,10,11];2:[0,1,2,16,17,18,19,20,21,22,23,24,25,26,27,28,29,30,31]","c5:bw=189,experts=[0,1,2,17,18,19,20,21,22,23,24,25,26,27,28,29,30,31]; c6:bw=82,experts=[14,15,16,17,18,19,20,21]; c7:bw=195,experts=[0,1,2,3,4,5,6,7,8,9,10,24,25,26,27,28,29,30,31]; c9:bw=63,experts=[1,2,3,4,5,6]; c8:bw=144,experts=[0,1,2,3,4,5,6,7,8,9,10,11,12,13]; c3:bw=255,experts=[0,1,2,3,4,5,6,7,8,9,10,11,12,13,14,15,16,17,18,19,20,21,22,30,31]; c4:bw=35,experts=[2,3,4]; c0:bw=167,experts=[0,1,2,3,4,5,6,7,8,9,26,27,28,29,30,31]; c1:bw=111,experts=[1,2,3,4,5,6,7,8,9,10,11]; c2:bw=199,experts=[0,1,2,16,17,18,19,20,21,22,23,24,25,26,27,28,29,30,31]","6.5704,7.0165,4.7532,3.5463,5.3374,5.0342,6.7470,4.6379,4.1607,3.6124"
48,2026-09-23 17:26:40,Ours,0.01,1.8127341248295419,46.06,52.15,47,51.6896,0:51.69,50.2805,0.1681,1.2392,2564.8521,42:44.85,10,"1,8,4,2,9,6,5,7,0,3",1:182;8:183;4:246;2:207;9:192;6:165;5:202;7:229;0:57;3:67,"1:[12,13,14,15,16,17,18,19,20,21,22,23,24,25,26,27,28,29];8:[14,15,16,17,18,19,20,21,22,23,24,25,26,27,28,29,30,31];4:[5,6,7,8,9,10,11,12,13,14,15,16,17,18,19,20,21,22,23,24,25,26,27,28];2:[3,4,5,6,7,8,9,10,11,12,13,14,15,16,17,18,19,20,21,22];9:[7,8,9,10,11,12,13,14,15,16,17,18,19,20,21,22,23,24,25];6:[0,1,2,3,4,5,22,23,24,25,26,27,28,29,30,31];5:[3,4,5,6,7,8,9,10,11,12,13,14,15,16,17,18,19,20,21,22];7:[0,11,12,13,14,15,16,17,18,19,20,21,22,23,24,25,26,27,28,29,30,31];0:[10,11,12,13,14];3:[23,24,25,26,27,28]","c1:bw=182,experts=[12,13,14,15,16,17,18,19,20,21,22,23,24,25,26,27,28,29]; c8:bw=183,experts=[14,15,16,17,18,19,20,21,22,23,24,25,26,27,28,29,30,31]; c4:bw=246,experts=[5,6,7,8,9,10,11,12,13,14,15,16,17,18,19,20,21,22,23,24,25,26,27,28]; c2:bw=207,experts=[3,4,5,6,7,8,9,10,11,12,13,14,15,16,17,18,19,20,21,22]; c9:bw=192,experts=[7,8,9,10,11,12,13,14,15,16,17,18,19,20,21,22,23,24,25]; c6:bw=165,experts=[0,1,2,3,4,5,22,23,24,25,26,27,28,29,30,31]; c5:bw=202,experts=[3,4,5,6,7,8,9,10,11,12,13,14,15,16,17,18,19,20,21,22]; c7:bw=229,experts=[0,11,12,13,14,15,16,17,18,19,20,21,22,23,24,25,26,27,28,29,30,31]; c0:bw=57,experts=[10,11,12,13,14]; c3:bw=67,experts=[23,24,25,26,27,28]","4.1686,5.1799,6.6035,3.6489,3.3882,6.4793,6.1055,4.8080,4.7993,5.0994"
49,2026-09-23 17:27:33,Ours,0.01,1.758530715940794,53.63,53.63,49,53.2975,0:53.30,51.9283,0.1592,1.2083,2618.1776,43:38.18,10,"4,3,8,0,2,5,6,7,9,1",4:176;3:116;8:96;0:72;2:214;5:205;6:46;7:162;9:194;1:198,"4:[0,1,2,3,4,5,6,7,8,9,10,11,12,13,29,30,31];3:[0,1,2,3,4,5,6,7,29,30,31];8:[0,1,2,3,4,5,6,7,8];0:[15,16,17,18,19,20,21];2:[0,1,2,3,4,5,6,7,8,9,10,11,23,24,25,26,27,28,29,30,31];5:[0,1,2,3,4,5,6,7,8,9,10,23,24,25,26,27,28,29,30,31];6:[6,7,8,9];7:[1,2,3,4,5,6,7,8,9,10,11,12,13,14,15,16];9:[0,1,2,3,4,5,6,7,8,9,10,11,12,26,27,28,29,30,31];1:[0,1,2,3,4,5,6,7,8,9,10,11,12,13,14,15,16,30,31]","c4:bw=176,experts=[0,1,2,3,4,5,6,7,8,9,10,11,12,13,29,30,31]; c3:bw=116,experts=[0,1,2,3,4,5,6,7,29,30,31]; c8:bw=96,experts=[0,1,2,3,4,5,6,7,8]; c0:bw=72,experts=[15,16,17,18,19,20,21]; c2:bw=214,experts=[0,1,2,3,4,5,6,7,8,9,10,11,23,24,25,26,27,28,29,30,31]; c5:bw=205,experts=[0,1,2,3,4,5,6,7,8,9,10,23,24,25,26,27,28,29,30,31]; c6:bw=46,experts=[6,7,8,9]; c7:bw=162,experts=[1,2,3,4,5,6,7,8,9,10,11,12,13,14,15,16]; c9:bw=194,experts=[0,1,2,3,4,5,6,7,8,9,10,11,12,26,27,28,29,30,31]; c1:bw=198,experts=[0,1,2,3,4,5,6,7,8,9,10,11,12,13,14,15,16,30,31]","7.0758,5.2031,5.3958,4.7393,3.8232,6.3039,6.7796,4.6817,3.5378,4.3881"
50,2026-09-23 17:28:26,Ours,0.01,1.8405462737178548,38.21,53.63,49,52.4103,0:52.41,51.075,0.1501,1.1834,2670.6133,44:30.61,10,"8,4,7,6,2,1,3,0,9,5",8:118;4:28;7:126;6:249;2:232;1:236;3:142;0:106;9:99;5:114,"8:[9,10,11,12,13,14,15,16,17,18,19];4:[14,15];7:[17,18,19,20,21,22,23,24,25,26,27,28];6:[0,1,10,11,12,13,14,15,16,17,18,19,20,21,22,23,24,25,26,27,28,29,30,31];2:[0,1,2,12,13,14,15,16,17,18,19,20,21,22,23,24,25,26,27,28,29,30,31];1:[0,1,2,3,4,5,6,7,17,18,19,20,21,22,23,24,25,26,27,28,29,30,31];3:[8,9,10,11,12,13,14,15,16,17,18,19,20,21];0:[22,23,24,25,26,27,28,29,30,31];9:[13,14,15,16,17,18,19,20,21];5:[11,12,13,14,15,16,17,18,19,20,21]","c8:bw=118,experts=[9,10,11,12,13,14,15,16,17,18,19]; c4:bw=28,experts=[14,15]; c7:bw=126,experts=[17,18,19,20,21,22,23,24,25,26,27,28]; c6:bw=249,experts=[0,1,10,11,12,13,14,15,16,17,18,19,20,21,22,23,24,25,26,27,28,29,30,31]; c2:bw=232,experts=[0,1,2,12,13,14,15,16,17,18,19,20,21,22,23,24,25,26,27,28,29,30,31]; c1:bw=236,experts=[0,1,2,3,4,5,6,7,17,18,19,20,21,22,23,24,25,26,27,28,29,30,31]; c3:bw=142,experts=[8,9,10,11,12,13,14,15,16,17,18,19,20,21]; c0:bw=106,experts=[22,23,24,25,26,27,28,29,30,31]; c9:bw=99,experts=[13,14,15,16,17,18,19,20,21]; c5:bw=114,experts=[11,12,13,14,15,16,17,18,19,20,21]","5.4220,6.9471,4.6423,6.7575,3.7299,4.2853,5.0547,4.5724,3.4230,6.2408"
51,2026-09-23 17:29:18,Ours,0.01,1.7921232567218106,52.3,53.63,49,52.7216,0:52.72,51.3161,0.1578,1.2461,2723.3613,45:23.36,10,"5,0,1,2,8,6,9,3,4,7",5:173;0:195;1:77;2:73;8:168;6:191;9:66;3:203;4:40;7:99,"5:[0,1,2,3,4,5,6,22,23,24,25,26,27,28,29,30,31];0:[0,1,2,3,4,5,6,7,8,9,10,11,12,13,14,15,16,17,18];1:[8,9,10,11,12,13,14];2:[3,4,5,6,7,8,9];8:[0,1,2,3,20,21,22,23,24,25,26,27,28,29,30,31];6:[2,3,4,5,6,7,8,9,10,11,12,13,14,15,16,17,18,19,20];9:[22,23,24,25,26,27];3:[0,1,2,3,4,5,6,7,8,9,22,23,24,25,26,27,28,29,30,31];4:[16,17,18,19];7:[0,1,2,3,4,5,29,30,31]","c5:bw=173,experts=[0,1,2,3,4,5,6,22,23,24,25,26,27,28,29,30,31]; c0:bw=195,experts=[0,1,2,3,4,5,6,7,8,9,10,11,12,13,14,15,16,17,18]; c1:bw=77,experts=[8,9,10,11,12,13,14]; c2:bw=73,experts=[3,4,5,6,7,8,9]; c8:bw=168,experts=[0,1,2,3,20,21,22,23,24,25,26,27,28,29,30,31]; c6:bw=191,experts=[2,3,4,5,6,7,8,9,10,11,12,13,14,15,16,17,18,19,20]; c9:bw=66,experts=[22,23,24,25,26,27]; c3:bw=203,experts=[0,1,2,3,4,5,6,7,8,9,22,23,24,25,26,27,28,29,30,31]; c4:bw=40,experts=[16,17,18,19]; c7:bw=99,experts=[0,1,2,3,4,5,29,30,31]","6.0887,4.5478,4.1766,3.6492,5.1285,6.5221,3.5303,5.4208,7.1432,5.1089"
52,2026-09-23 17:30:14,Ours,0.01,1.7819735838246953,48.87,53.63,49,55.9747,0:55.97,54.5776,0.1551,1.2403,2779.3628,46:19.36,10,"0,8,5,7,1,4,9,6,2,3",0:169;8:64;5:89;7:125;1:148;4:122;9:112;6:186;2:107;3:157,"0:[0,1,2,19,20,21,22,23,24,25,26,27,28,29,30,31];8:[4,5,6,7,8,9];5:[7,8,9,10,11,12,13,14];7:[6,7,8,9,10,11,12,13,14,15,16,17];1:[15,16,17,18,19,20,21,22,23,24,25,26,27,28];4:[20,21,22,23,24,25,26,27,28,29,30,31];9:[0,1,2,3,4,5,6,28,29,30,31];6:[0,1,2,3,4,5,6,21,22,23,24,25,26,27,28,29,30,31];2:[10,11,12,13,14,15,16,17,18,19];3:[10,11,12,13,14,15,16,17,18,19,20,21,22,23,24]","c0:bw=169,experts=[0,1,2,19,20,21,22,23,24,25,26,27,28,29,30,31]; c8:bw=64,experts=[4,5,6,7,8,9]; c5:bw=89,experts=[7,8,9,10,11,12,13,14]; c7:bw=125,experts=[6,7,8,9,10,11,12,13,14,15,16,17]; c1:bw=148,experts=[15,16,17,18,19,20,21,22,23,24,25,26,27,28]; c4:bw=122,experts=[20,21,22,23,24,25,26,27,28,29,30,31]; c9:bw=112,experts=[0,1,2,3,4,5,6,28,29,30,31]; c6:bw=186,experts=[0,1,2,3,4,5,6,21,22,23,24,25,26,27,28,29,30,31]; c2:bw=107,experts=[10,11,12,13,14,15,16,17,18,19]; c3:bw=157,experts=[10,11,12,13,14,15,16,17,18,19,20,21,22,23,24]","5.0106,5.7430,6.6769,4.9029,4.5967,7.2640,3.7632,7.1815,3.9869,5.4519"
53,2026-09-23 17:31:06,Ours,0.01,1.7521615636424177,51.94,53.63,49,51.9681,0:51.97,50.6309,0.1511,1.1844,2831.3607,47:11.36,10,"8,4,5,1,3,9,6,7,0,2",8:79;4:103;5:161;1:215;3:173;9:224;6:131;7:160;0:141;2:189,"8:[10,11,12,13,14,15,16];4:[0,1,2,3,4,5,6,7,8,9];5:[15,16,17,18,19,20,21,22,23,24,25,26,27,28,29,30];1:[0,1,2,3,4,5,6,7,8,9,10,11,12,13,14,15,16,17,29,30,31];3:[0,1,2,3,4,5,6,7,8,9,25,26,27,28,29,30,31];9:[7,8,9,10,11,12,13,14,15,16,17,18,19,20,21,22,23,24,25,26,27,28];6:[7,8,9,10,11,12,13,14,15,16,17,18,19];7:[0,1,18,19,20,21,22,23,24,25,26,27,28,29,30,31];0:[3,4,5,6,7,8,9,10,11,12,13,14,15,16];2:[0,1,2,3,4,5,20,21,22,23,24,25,26,27,28,29,30,31]","c8:bw=79,experts=[10,11,12,13,14,15,16]; c4:bw=103,experts=[0,1,2,3,4,5,6,7,8,9]; c5:bw=161,experts=[15,16,17,18,19,20,21,22,23,24,25,26,27,28,29,30]; c1:bw=215,experts=[0,1,2,3,4,5,6,7,8,9,10,11,12,13,14,15,16,17,29,30,31]; c3:bw=173,experts=[0,1,2,3,4,5,6,7,8,9,25,26,27,28,29,30,31]; c9:bw=224,experts=[7,8,9,10,11,12,13,14,15,16,17,18,19,20,21,22,23,24,25,26,27,28]; c6:bw=131,experts=[7,8,9,10,11,12,13,14,15,16,17,18,19]; c7:bw=160,experts=[0,1,18,19,20,21,22,23,24,25,26,27,28,29,30,31]; c0:bw=141,experts=[3,4,5,6,7,8,9,10,11,12,13,14,15,16]; c2:bw=189,experts=[0,1,2,3,4,5,20,21,22,23,24,25,26,27,28,29,30,31]","5.6293,6.8904,6.0807,4.2254,5.0268,3.4168,6.5655,4.6011,4.5450,3.6498"
54,2026-09-23 17:31:59,Ours,0.01,1.7201500169823845,53.07,53.63,49,52.702,0:52.70,51.3754,0.1562,1.1687,2884.0878,48:04.09,10,"2,1,8,7,3,0,6,5,9,4",2:30;1:193;8:203;7:223;3:111;0:135;6:198;5:10;9:185;4:116,"2:[6,7,8];1:[0,1,2,3,4,18,19,20,21,22,23,24,25,26,27,28,29,30,31];8:[0,1,2,3,4,17,18,19,20,21,22,23,24,25,26,27,28,29,30,31];7:[2,3,4,5,6,7,8,9,10,11,12,13,14,15,16,17,18,19,20,21,22,23];3:[10,11,12,13,14,15,16,17,18,19,20];0:[17,18,19,20,21,22,23,24,25,26,27,28,29];6:[0,1,2,3,4,5,6,20,21,22,23,24,25,26,27,28,29,30,31];5:[31];9:[0,1,2,3,4,5,6,7,8,9,10,11,12,13,14,29,30,31];4:[10,11,12,13,14,15,16,17,18,19,20]","c2:bw=30,experts=[6,7,8]; c1:bw=193,experts=[0,1,2,3,4,18,19,20,21,22,23,24,25,26,27,28,29,30,31]; c8:bw=203,experts=[0,1,2,3,4,17,18,19,20,21,22,23,24,25,26,27,28,29,30,31]; c7:bw=223,experts=[2,3,4,5,6,7,8,9,10,11,12,13,14,15,16,17,18,19,20,21,22,23]; c3:bw=111,experts=[10,11,12,13,14,15,16,17,18,19,20]; c0:bw=135,experts=[17,18,19,20,21,22,23,24,25,26,27,28,29]; c6:bw=198,experts=[0,1,2,3,4,5,6,20,21,22,23,24,25,26,27,28,29,30,31]; c5:bw=10,experts=[31]; c9:bw=185,experts=[0,1,2,3,4,5,6,7,8,9,10,11,12,13,14,29,30,31]; c4:bw=116,experts=[10,11,12,13,14,15,16,17,18,19,20]","3.6674,4.2029,5.1910,4.4847,5.2724,4.9363,6.6722,6.5510,3.5253,6.8722"
55,2026-09-23 17:32:52,Ours,0.01,1.7228417752499268,52.9,53.63,49,52.8483,0:52.85,51.5321,0.1518,1.1627,2936.9654,48:56.97,10,"7,2,4,3,8,5,1,6,0,9",7:199;2:150;4:53;3:192;8:50;5:194;1:220;6:154;0:101;9:228,"7:[0,1,2,3,4,5,6,7,8,9,10,24,25,26,27,28,29,30,31];2:[9,10,11,12,13,14,15,16,17,18,19,20,21,22,23];4:[21,22,23,24,25];3:[0,1,2,3,4,5,6,7,21,22,23,24,25,26,27,28,29,30,31];8:[5,6,7,8,9];5:[0,1,2,3,4,5,6,7,8,9,10,11,12,13,14,15,16,17,18];1:[5,6,7,8,9,10,11,12,13,14,15,16,17,18,19,20,21,22,23,24,25,26];6:[7,8,9,10,11,12,13,14,15,16,17,18,19,20,21];0:[0,1,2,3,4,5,6,7,30,31];9:[0,1,2,3,4,15,16,17,18,19,20,21,22,23,24,25,26,27,28,29,30,31]","c7:bw=199,experts=[0,1,2,3,4,5,6,7,8,9,10,24,25,26,27,28,29,30,31]; c2:bw=150,experts=[9,10,11,12,13,14,15,16,17,18,19,20,21,22,23]; c4:bw=53,experts=[21,22,23,24,25]; c3:bw=192,experts=[0,1,2,3,4,5,6,7,21,22,23,24,25,26,27,28,29,30,31]; c8:bw=50,experts=[5,6,7,8,9]; c5:bw=194,experts=[0,1,2,3,4,5,6,7,8,9,10,11,12,13,14,15,16,17,18]; c1:bw=220,experts=[5,6,7,8,9,10,11,12,13,14,15,16,17,18,19,20,21,22,23,24,25,26]; c6:bw=154,experts=[7,8,9,10,11,12,13,14,15,16,17,18,19,20,21]; c0:bw=101,experts=[0,1,2,3,4,5,6,7,30,31]; c9:bw=228,experts=[0,1,2,3,4,15,16,17,18,19,20,21,22,23,24,25,26,27,28,29,30,31]","4.6700,3.7917,6.8329,5.2276,5.4151,6.3308,4.3108,6.7724,4.6622,3.5185"
56,2026-09-23 17:33:44,Ours,0.01,1.75071274947759,48.3,53.63,49,52.3725,0:52.37,51.0659,0.1499,1.1552,2989.3648,49:49.36,10,"9,1,3,2,5,4,8,7,6,0",9:191;1:205;3:31;2:195;5:113;4:34;8:49;7:66;6:86;0:256,"9:[5,6,7,8,9,10,11,12,13,14,15,16,17,18,19,20,21,22,23];1:[0,1,2,3,4,5,6,7,8,9,10,11,12,13,14,27,28,29,30,31];3:[8,9,10];2:[0,1,2,3,4,5,6,7,8,9,10,24,25,26,27,28,29,30,31];5:[19,20,21,22,23,24,25,26,27,28,29];4:[26,27,28];8:[10,11,12,13];7:[11,12,13,14,15,16];6:[22,23,24,25,26,27,28,29];0:[0,8,9,10,11,12,13,14,15,16,17,18,19,20,21,22,23,24,25,26,27,28,29,30,31]","c9:bw=191,experts=[5,6,7,8,9,10,11,12,13,14,15,16,17,18,19,20,21,22,23]; c1:bw=205,experts=[0,1,2,3,4,5,6,7,8,9,10,11,12,13,14,27,28,29,30,31]; c3:bw=31,experts=[8,9,10]; c2:bw=195,experts=[0,1,2,3,4,5,6,7,8,9,10,24,25,26,27,28,29,30,31]; c5:bw=113,experts=[19,20,21,22,23,24,25,26,27,28,29]; c4:bw=34,experts=[26,27,28]; c8:bw=49,experts=[10,11,12,13]; c7:bw=66,experts=[11,12,13,14,15,16]; c6:bw=86,experts=[22,23,24,25,26,27,28,29]; c0:bw=256,experts=[0,8,9,10,11,12,13,14,15,16,17,18,19,20,21,22,23,24,25,26,27,28,29,30,31]","3.4988,4.4167,5.2791,3.8348,6.2397,6.9469,5.3332,4.4293,6.5705,4.5170"
57,2026-09-23 17:34:35,Ours,0.01,1.7100710398802228,54.64,54.64,57,50.9762,0:50.98,49.6805,0.1542,1.1397,3040.3691,50:40.37,10,"3,8,6,1,7,0,5,4,2,9",3:234;8:156;6:176;1:181;7:253;0:257;5:161;4:151;2:120;9:69,"3:[0,1,11,12,13,14,15,16,17,18,19,20,21,22,23,24,25,26,27,28,29,30,31];8:[14,15,16,17,18,19,20,21,22,23,24,25,26,27,28];6:[0,1,2,3,4,5,6,7,8,9,10,11,12,13,14,30,31];1:[0,15,16,17,18,19,20,21,22,23,24,25,26,27,28,29,30,31];7:[0,1,2,3,4,5,6,7,8,9,17,18,19,20,21,22,23,24,25,26,27,28,29,30,31];0:[1,2,3,4,5,6,7,8,9,10,11,12,13,14,15,16,17,18,19,20,21,22,23,24,25];5:[0,1,2,3,4,5,6,7,8,9,10,11,12,13,30,31];4:[0,1,2,3,4,5,6,7,8,9,10,11,29,30,31];2:[11,12,13,14,15,16,17,18,19,20,21,22];9:[24,25,26,27,28,29]","c3:bw=234,experts=[0,1,11,12,13,14,15,16,17,18,19,20,21,22,23,24,25,26,27,28,29,30,31]; c8:bw=156,experts=[14,15,16,17,18,19,20,21,22,23,24,25,26,27,28]; c6:bw=176,experts=[0,1,2,3,4,5,6,7,8,9,10,11,12,13,14,30,31]; c1:bw=181,experts=[0,15,16,17,18,19,20,21,22,23,24,25,26,27,28,29,30,31]; c7:bw=253,experts=[0,1,2,3,4,5,6,7,8,9,17,18,19,20,21,22,23,24,25,26,27,28,29,30,31]; c0:bw=257,experts=[1,2,3,4,5,6,7,8,9,10,11,12,13,14,15,16,17,18,19,20,21,22,23,24,25]; c5:bw=161,experts=[0,1,2,3,4,5,6,7,8,9,10,11,12,13,30,31]; c4:bw=151,experts=[0,1,2,3,4,5,6,7,8,9,10,11,29,30,31]; c2:bw=120,experts=[11,12,13,14,15,16,17,18,19,20,21,22]; c9:bw=69,experts=[24,25,26,27,28,29]","5.0117,5.2620,6.5519,4.2106,4.4921,4.5252,6.0615,6.5812,3.6133,3.3710"
58,2026-09-23 17:35:26,Ours,0.01,1.7023541781764604,55.19,55.19,58,51.0181,0:51.02,49.7182,0.1533,1.145,3091.4126,51:31.41,10,"7,2,9,6,5,1,8,4,3,0",7:88;2:15;9:209;6:201;5:127;1:109;8:145;4:139;3:225;0:174,"7:[10,11,12,13,14,15,16,17];2:[23];9:[0,1,2,3,4,5,6,7,8,9,10,11,12,13,14,15,16,17,30,31];6:[0,1,2,15,16,17,18,19,20,21,22,23,24,25,26,27,28,29,30,31];5:[14,15,16,17,18,19,20,21,22,23,24,25];1:[1,2,3,4,5,6,7,8,9,10];8:[0,1,2,3,4,5,6,7,8,9,10,29,30,31];4:[12,13,14,15,16,17,18,19,20,21,22,23,24];3:[2,3,4,5,6,7,8,9,10,11,12,13,14,15,16,17,18,19,20,21,22,23];0:[0,1,2,3,4,5,6,7,8,9,10,26,27,28,29,30,31]","c7:bw=88,experts=[10,11,12,13,14,15,16,17]; c2:bw=15,experts=[23]; c9:bw=209,experts=[0,1,2,3,4,5,6,7,8,9,10,11,12,13,14,15,16,17,30,31]; c6:bw=201,experts=[0,1,2,15,16,17,18,19,20,21,22,23,24,25,26,27,28,29,30,31]; c5:bw=127,experts=[14,15,16,17,18,19,20,21,22,23,24,25]; c1:bw=109,experts=[1,2,3,4,5,6,7,8,9,10]; c8:bw=145,experts=[0,1,2,3,4,5,6,7,8,9,10,29,30,31]; c4:bw=139,experts=[12,13,14,15,16,17,18,19,20,21,22,23,24]; c3:bw=225,experts=[2,3,4,5,6,7,8,9,10,11,12,13,14,15,16,17,18,19,20,21,22,23]; c0:bw=174,experts=[0,1,2,3,4,5,6,7,8,9,10,26,27,28,29,30,31]","4.4566,3.6496,3.4029,6.5950,6.0683,4.1939,5.1704,6.6423,4.9887,4.5505"
59,2026-09-23 17:36:18,Ours,0.01,1.689482624289481,51.52,55.19,58,51.0337,0:51.03,49.7259,0.1504,1.1557,3142.4747,52:22.47,10,"2,8,9,6,1,4,7,5,0,3",2:134;8:204;9:101;6:70;1:239;4:94;7:102;5:117;0:191;3:129,"2:[0,1,2,3,4,24,25,26,27,28,29,30,31];8:[11,12,13,14,15,16,17,18,19,20,21,22,23,24,25,26,27,28,29,30];9:[18,19,20,21,22,23,24,25,26,27];6:[3,4,5,6,7,8,9];1:[0,1,11,12,13,14,15,16,17,18,19,20,21,22,23,24,25,26,27,28,29,30,31];4:[0,1,25,26,27,28,29,30,31];7:[18,19,20,21,22,23,24,25,26,27];5:[0,1,2,3,4,26,27,28,29,30,31];0:[11,12,13,14,15,16,17,18,19,20,21,22,23,24,25,26,27,28,29];3:[0,1,2,3,24,25,26,27,28,29,30,31]","c2:bw=134,experts=[0,1,2,3,4,24,25,26,27,28,29,30,31]; c8:bw=204,experts=[11,12,13,14,15,16,17,18,19,20,21,22,23,24,25,26,27,28,29,30]; c9:bw=101,experts=[18,19,20,21,22,23,24,25,26,27]; c6:bw=70,experts=[3,4,5,6,7,8,9]; c1:bw=239,experts=[0,1,11,12,13,14,15,16,17,18,19,20,21,22,23,24,25,26,27,28,29,30,31]; c4:bw=94,experts=[0,1,25,26,27,28,29,30,31]; c7:bw=102,experts=[18,19,20,21,22,23,24,25,26,27]; c5:bw=117,experts=[0,1,2,3,4,26,27,28,29,30,31]; c0:bw=191,experts=[11,12,13,14,15,16,17,18,19,20,21,22,23,24,25,26,27,28,29]; c3:bw=129,experts=[0,1,2,3,24,25,26,27,28,29,30,31]","3.6688,5.1913,3.4010,6.5270,4.2212,6.6891,4.4356,6.0571,4.5179,5.0169"
60,2026-09-23 17:37:09,Ours,0.01,1.6766751406173401,56.06,56.06,60,51.1863,0:51.19,49.8637,0.1467,1.1742,3193.6875,53:13.69,10,"0,7,4,2,5,8,6,9,1,3",0:194;7:175;4:110;2:111;5:122;8:89;6:218;9:27;1:197;3:160,"0:[0,1,2,3,4,5,6,7,8,9,10,11,12,13,14,15,16,30,31];7:[0,1,2,3,4,5,6,7,8,9,10,11,12,28,29,30,31];4:[2,3,4,5,6,7,8,9,10,11,12];2:[5,6,7,8,9,10,11,12,13,14,15];5:[5,6,7,8,9,10,11,12,13,14,15,16];8:[0,1,2,3,4,5,6,31];6:[10,11,12,13,14,15,16,17,18,19,20,21,22,23,24,25,26,27,28,29,30];9:[28,29];1:[2,3,4,5,6,7,8,9,10,11,12,13,14,15,16,17,18,19,20];3:[4,5,6,7,8,9,10,11,12,13,14,15,16,17,18,19]","c0:bw=194,experts=[0,1,2,3,4,5,6,7,8,9,10,11,12,13,14,15,16,30,31]; c7:bw=175,experts=[0,1,2,3,4,5,6,7,8,9,10,11,12,28,29,30,31]; c4:bw=110,experts=[2,3,4,5,6,7,8,9,10,11,12]; c2:bw=111,experts=[5,6,7,8,9,10,11,12,13,14,15]; c5:bw=122,experts=[5,6,7,8,9,10,11,12,13,14,15,16]; c8:bw=89,experts=[0,1,2,3,4,5,6,31]; c6:bw=218,experts=[10,11,12,13,14,15,16,17,18,19,20,21,22,23,24,25,26,27,28,29,30]; c9:bw=27,experts=[28,29]; c1:bw=197,experts=[2,3,4,5,6,7,8,9,10,11,12,13,14,15,16,17,18,19,20]; c3:bw=160,experts=[4,5,6,7,8,9,10,11,12,13,14,15,16,17,18,19]","4.5729,4.5100,6.6806,3.6511,6.0755,5.1702,6.5818,3.3781,4.2356,5.0079"
61,2026-09-23 17:38:00,Ours,0.01,1.6848483011900073,51.13,56.06,60,51.4374,0:51.44,50.0916,0.1502,1.1938,3245.1543,54:05.15,10,"5,6,2,9,1,3,8,4,7,0",5:178;6:136;2:107;9:138;1:122;3:157;8:203;4:140;7:159;0:220,"5:[0,1,17,18,19,20,21,22,23,24,25,26,27,28,29,30,31];6:[0,1,2,3,4,5,6,7,8,9,10,11,31];2:[16,17,18,19,20,21,22,23,24,25];9:[0,1,2,3,4,5,6,7,8,9,10,30,31];1:[0,21,22,23,24,25,26,27,28,29,30,31];3:[0,1,2,20,21,22,23,24,25,26,27,28,29,30,31];8:[7,8,9,10,11,12,13,14,15,16,17,18,19,20,21,22,23,24,25,26];4:[13,14,15,16,17,18,19,20,21,22,23,24,25,26];7:[13,14,15,16,17,18,19,20,21,22,23,24,25,26,27];0:[0,1,2,3,4,5,6,17,18,19,20,21,22,23,24,25,26,27,28,29,30,31]","c5:bw=178,experts=[0,1,17,18,19,20,21,22,23,24,25,26,27,28,29,30,31]; c6:bw=136,experts=[0,1,2,3,4,5,6,7,8,9,10,11,31]; c2:bw=107,experts=[16,17,18,19,20,21,22,23,24,25]; c9:bw=138,experts=[0,1,2,3,4,5,6,7,8,9,10,30,31]; c1:bw=122,experts=[0,21,22,23,24,25,26,27,28,29,30,31]; c3:bw=157,experts=[0,1,2,20,21,22,23,24,25,26,27,28,29,30,31]; c8:bw=203,experts=[7,8,9,10,11,12,13,14,15,16,17,18,19,20,21,22,23,24,25,26]; c4:bw=140,experts=[13,14,15,16,17,18,19,20,21,22,23,24,25,26]; c7:bw=159,experts=[13,14,15,16,17,18,19,20,21,22,23,24,25,26,27]; c0:bw=220,experts=[0,1,2,3,4,5,6,17,18,19,20,21,22,23,24,25,26,27,28,29,30,31]","6.1311,6.6031,3.7387,3.4111,4.2507,5.0158,5.1966,6.7414,4.4612,4.5418"
62,2026-09-23 17:38:52,Ours,0.01,1.6543057539936634,55.28,56.06,60,51.2815,0:51.28,49.9581,0.1516,1.17,3296.4631,54:56.46,10,"8,6,9,4,5,0,3,2,1,7",8:48;6:228;9:59;4:221;5:246;0:103;3:193;2:154;1:274;7:163,"8:[27,28,29,30];6:[0,1,12,13,14,15,16,17,18,19,20,21,22,23,24,25,26,27,28,29,30,31];9:[11,12,13,14,15];4:[0,1,2,3,4,5,6,7,8,9,10,11,12,13,14,15,16,27,28,29,30,31];5:[2,3,4,5,6,7,8,9,10,11,12,13,14,15,16,17,18,19,20,21,22,23,24,25];0:[7,8,9,10,11,12,13,14,15,16];3:[3,4,5,6,7,8,9,10,11,12,13,14,15,16,17,18,19,20,21];2:[0,1,2,3,4,5,6,7,8,26,27,28,29,30,31];1:[1,2,3,4,5,6,7,8,9,10,11,12,13,14,15,16,17,18,19,20,21,22,23,24,25,26,27];7:[0,1,2,3,4,5,6,7,8,9,10,11,28,29,30,31]","c8:bw=48,experts=[27,28,29,30]; c6:bw=228,experts=[0,1,12,13,14,15,16,17,18,19,20,21,22,23,24,25,26,27,28,29,30,31]; c9:bw=59,experts=[11,12,13,14,15]; c4:bw=221,experts=[0,1,2,3,4,5,6,7,8,9,10,11,12,13,14,15,16,27,28,29,30,31]; c5:bw=246,experts=[2,3,4,5,6,7,8,9,10,11,12,13,14,15,16,17,18,19,20,21,22,23,24,25]; c0:bw=103,experts=[7,8,9,10,11,12,13,14,15,16]; c3:bw=193,experts=[3,4,5,6,7,8,9,10,11,12,13,14,15,16,17,18,19,20,21]; c2:bw=154,experts=[0,1,2,3,4,5,6,7,8,26,27,28,29,30,31]; c1:bw=274,experts=[1,2,3,4,5,6,7,8,9,10,11,12,13,14,15,16,17,18,19,20,21,22,23,24,25,26,27]; c7:bw=163,experts=[0,1,2,3,4,5,6,7,8,9,10,11,28,29,30,31]","5.2096,6.6189,3.4089,6.6464,6.1149,4.5132,5.0089,3.6810,4.2561,4.5003"
63,2026-09-23 17:39:43,Ours,0.01,1.6550688589271694,56.15,56.15,63,51.0299,0:51.03,49.7314,0.1476,1.1491,3347.5216,55:47.52,10,"5,9,6,3,8,1,7,0,2,4",5:33;9:77;6:124;3:192;8:116;1:183;7:251;0:151;2:102;4:192,"5:[26,27,28];9:[16,17,18,19,20,21,22];6:[2,3,4,5,6,7,8,9,10,11,12,13];3:[0,1,2,3,4,5,6,7,8,22,23,24,25,26,27,28,29,30,31];8:[0,1,2,3,4,5,6,7,8,9,31];1:[0,1,2,3,4,5,6,7,8,9,10,11,12,13,28,29,30,31];7:[0,1,2,3,4,12,13,14,15,16,17,18,19,20,21,22,23,24,25,26,27,28,29,30,31];0:[17,18,19,20,21,22,23,24,25,26,27,28,29,30,31];2:[9,10,11,12,13,14,15,16,17,18];4:[0,1,2,3,17,18,19,20,21,22,23,24,25,26,27,28,29,30,31]","c5:bw=33,experts=[26,27,28]; c9:bw=77,experts=[16,17,18,19,20,21,22]; c6:bw=124,experts=[2,3,4,5,6,7,8,9,10,11,12,13]; c3:bw=192,experts=[0,1,2,3,4,5,6,7,8,22,23,24,25,26,27,28,29,30,31]; c8:bw=116,experts=[0,1,2,3,4,5,6,7,8,9,31]; c1:bw=183,experts=[0,1,2,3,4,5,6,7,8,9,10,11,12,13,28,29,30,31]; c7:bw=251,experts=[0,1,2,3,4,12,13,14,15,16,17,18,19,20,21,22,23,24,25,26,27,28,29,30,31]; c0:bw=151,experts=[17,18,19,20,21,22,23,24,25,26,27,28,29,30,31]; c2:bw=102,experts=[9,10,11,12,13,14,15,16,17,18]; c4:bw=192,experts=[0,1,2,3,17,18,19,20,21,22,23,24,25,26,27,28,29,30,31]","6.0797,3.4090,6.5788,5.0148,5.1850,4.1964,4.4613,4.5091,3.6235,6.6740"
64,2026-09-23 17:40:34,Ours,0.01,1.6355145547058754,55.08,56.15,63,51.2363,0:51.24,49.935,0.1559,1.1437,3398.7852,56:38.79,10,"6,4,5,3,7,0,8,9,2,1",6:182;4:138;5:87;3:138;7:124;0:116;8:195;9:217;2:205;1:104,"6:[14,15,16,17,18,19,20,21,22,23,24,25,26,27,28,29,30,31];4:[4,5,6,7,8,9,10,11,12,13,14,15,16];5:[0,1,2,3,4,29,30,31];3:[9,10,11,12,13,14,15,16,17,18,19,20,21];7:[5,6,7,8,9,10,11,12,13,14,15,16];0:[0,1,2,3,4,5,6,7,8,9,10];8:[10,11,12,13,14,15,16,17,18,19,20,21,22,23,24,25,26,27,28];9:[0,1,2,3,4,5,6,7,8,9,10,11,23,24,25,26,27,28,29,30,31];2:[0,1,2,3,4,5,6,19,20,21,22,23,24,25,26,27,28,29,30,31];1:[14,15,16,17,18,19,20,21,22,23]","c6:bw=182,experts=[14,15,16,17,18,19,20,21,22,23,24,25,26,27,28,29,30,31]; c4:bw=138,experts=[4,5,6,7,8,9,10,11,12,13,14,15,16]; c5:bw=87,experts=[0,1,2,3,4,29,30,31]; c3:bw=138,experts=[9,10,11,12,13,14,15,16,17,18,19,20,21]; c7:bw=124,experts=[5,6,7,8,9,10,11,12,13,14,15,16]; c0:bw=116,experts=[0,1,2,3,4,5,6,7,8,9,10]; c8:bw=195,experts=[10,11,12,13,14,15,16,17,18,19,20,21,22,23,24,25,26,27,28]; c9:bw=217,experts=[0,1,2,3,4,5,6,7,8,9,10,11,23,24,25,26,27,28,29,30,31]; c2:bw=205,experts=[0,1,2,3,4,5,6,19,20,21,22,23,24,25,26,27,28,29,30,31]; c1:bw=104,experts=[14,15,16,17,18,19,20,21,22,23]","6.6164,6.6970,6.0920,5.0493,4.4591,4.5300,5.1966,3.4183,3.6630,4.2133"
65,2026-09-23 17:41:25,Ours,0.01,1.641437436019738,56.93,56.93,65,50.9177,0:50.92,49.6204,0.1534,1.1421,3449.7352,57:29.74,10,"7,5,4,6,8,3,0,2,1,9",7:33;5:105;4:210;6:182;8:241;3:156;0:151;2:104;1:211;9:171,"7:[17,18,19];5:[5,6,7,8,9,10,11,12,13,14];4:[0,1,2,3,4,5,17,18,19,20,21,22,23,24,25,26,27,28,29,30,31];6:[0,1,2,3,4,5,6,7,8,9,10,11,12,13,14,15,16,17];8:[0,1,2,3,4,5,6,7,8,9,10,11,12,13,14,15,16,17,18,19,20,29,30,31];3:[0,1,2,3,4,22,23,24,25,26,27,28,29,30,31];0:[11,12,13,14,15,16,17,18,19,20,21,22,23,24,25];2:[7,8,9,10,11,12,13,14,15,16];1:[0,1,2,3,4,5,6,7,8,9,10,11,12,24,25,26,27,28,29,30,31];9:[12,13,14,15,16,17,18,19,20,21,22,23,24,25,26,27,28]","c7:bw=33,experts=[17,18,19]; c5:bw=105,experts=[5,6,7,8,9,10,11,12,13,14]; c4:bw=210,experts=[0,1,2,3,4,5,17,18,19,20,21,22,23,24,25,26,27,28,29,30,31]; c6:bw=182,experts=[0,1,2,3,4,5,6,7,8,9,10,11,12,13,14,15,16,17]; c8:bw=241,experts=[0,1,2,3,4,5,6,7,8,9,10,11,12,13,14,15,16,17,18,19,20,29,30,31]; c3:bw=156,experts=[0,1,2,3,4,22,23,24,25,26,27,28,29,30,31]; c0:bw=151,experts=[11,12,13,14,15,16,17,18,19,20,21,22,23,24,25]; c2:bw=104,experts=[7,8,9,10,11,12,13,14,15,16]; c1:bw=211,experts=[0,1,2,3,4,5,6,7,8,9,10,11,12,24,25,26,27,28,29,30,31]; c9:bw=171,experts=[12,13,14,15,16,17,18,19,20,21,22,23,24,25,26,27,28]","4.4612,6.1870,6.6323,6.5374,5.1627,4.9708,4.4702,3.6291,4.1838,3.3859"
66,2026-09-23 17:42:16,Ours,0.01,1.6418551898143057,52.71,56.93,65,51.1249,0:51.12,49.8208,0.1467,1.1556,3500.8878,58:20.89,10,"2,5,1,8,9,6,4,0,3,7",2:149;5:63;1:198;8:88;9:115;6:108;4:152;0:139;3:244;7:184,"2:[17,18,19,20,21,22,23,24,25,26,27,28,29,30];5:[15,16,17,18,19,20];1:[13,14,15,16,17,18,19,20,21,22,23,24,25,26,27,28,29,30,31];8:[21,22,23,24,25,26,27,28];9:[0,1,2,3,4,5,6,7,29,30,31];6:[18,19,20,21,22,23,24,25,26,27];4:[6,7,8,9,10,11,12,13,14,15,16,17,18,19,20];0:[0,1,2,3,4,5,6,26,27,28,29,30,31];3:[5,6,7,8,9,10,11,12,13,14,15,16,17,18,19,20,21,22,23,24,25,26,27,28];7:[0,1,2,3,4,5,20,21,22,23,24,25,26,27,28,29,30,31]","c2:bw=149,experts=[17,18,19,20,21,22,23,24,25,26,27,28,29,30]; c5:bw=63,experts=[15,16,17,18,19,20]; c1:bw=198,experts=[13,14,15,16,17,18,19,20,21,22,23,24,25,26,27,28,29,30,31]; c8:bw=88,experts=[21,22,23,24,25,26,27,28]; c9:bw=115,experts=[0,1,2,3,4,5,6,7,29,30,31]; c6:bw=108,experts=[18,19,20,21,22,23,24,25,26,27]; c4:bw=152,experts=[6,7,8,9,10,11,12,13,14,15,16,17,18,19,20]; c0:bw=139,experts=[0,1,2,3,4,5,6,26,27,28,29,30,31]; c3:bw=244,experts=[5,6,7,8,9,10,11,12,13,14,15,16,17,18,19,20,21,22,23,24,25,26,27,28]; c7:bw=184,experts=[0,1,2,3,4,5,20,21,22,23,24,25,26,27,28,29,30,31]","3.6842,6.0901,4.2147,5.1815,3.4087,6.6085,6.6657,4.5129,4.9895,4.4650"
67,2026-09-23 17:43:07,Ours,0.01,1.6095890711318663,56.93,56.93,65,51.1243,0:51.12,49.8252,0.1514,1.146,3552.0427,59:12.04,10,"4,5,1,3,6,0,2,9,7,8",4:188;5:177;1:134;3:93;6:194;0:119;2:157;9:219;7:215;8:33,"4:[0,1,2,3,4,5,6,21,22,23,24,25,26,27,28,29,30,31];5:[0,1,2,3,4,5,21,22,23,24,25,26,27,28,29,30,31];1:[0,1,2,3,4,5,6,7,8,9,10,11,12];3:[0,1,2,3,4,5,29,30,31];6:[0,1,2,3,4,5,6,7,8,9,10,11,12,13,14,28,29,30,31];0:[7,8,9,10,11,12,13,14,15,16,17];2:[0,1,2,3,4,5,6,7,8,9,10,11,12,13,31];9:[8,9,10,11,12,13,14,15,16,17,18,19,20,21,22,23,24,25,26,27,28];7:[6,7,8,9,10,11,12,13,14,15,16,17,18,19,20,21,22,23,24,25,26];8:[29,30,31]","c4:bw=188,experts=[0,1,2,3,4,5,6,21,22,23,24,25,26,27,28,29,30,31]; c5:bw=177,experts=[0,1,2,3,4,5,21,22,23,24,25,26,27,28,29,30,31]; c1:bw=134,experts=[0,1,2,3,4,5,6,7,8,9,10,11,12]; c3:bw=93,experts=[0,1,2,3,4,5,29,30,31]; c6:bw=194,experts=[0,1,2,3,4,5,6,7,8,9,10,11,12,13,14,28,29,30,31]; c0:bw=119,experts=[7,8,9,10,11,12,13,14,15,16,17]; c2:bw=157,experts=[0,1,2,3,4,5,6,7,8,9,10,11,12,13,31]; c9:bw=219,experts=[8,9,10,11,12,13,14,15,16,17,18,19,20,21,22,23,24,25,26,27,28]; c7:bw=215,experts=[6,7,8,9,10,11,12,13,14,15,16,17,18,19,20,21,22,23,24,25,26]; c8:bw=33,experts=[29,30,31]","6.6589,6.0976,4.2547,4.9920,6.5603,4.5186,3.6570,3.4192,4.4753,5.1915"
68,2026-09-23 17:43:58,Ours,0.01,1.636785604295173,50.79,56.93,65,51.1926,0:51.19,49.881,0.1468,1.1631,3603.264,1:00:03.26,10,"1,8,2,0,3,4,5,9,7,6",1:153;8:114;2:214;0:110;3:94;4:180;5:163;9:57;7:102;6:116,"1:[13,14,15,16,17,18,19,20,21,22,23,24,25,26,27];8:[0,1,2,3,4,5,6,7,8,9,10];2:[0,1,2,14,15,16,17,18,19,20,21,22,23,24,25,26,27,28,29,30,31];0:[18,19,20,21,22,23,24,25,26,27,28];3:[6,7,8,9,10,11,12,13,14];4:[7,8,9,10,11,12,13,14,15,16,17,18,19,20,21,22,23,24];5:[6,7,8,9,10,11,12,13,14,15,16,17,18,19,20,21];9:[0,1,29,30,31];7:[0,1,2,3,4,27,28,29,30,31];6:[15,16,17,18,19,20,21,22,23,24,25]","c1:bw=153,experts=[13,14,15,16,17,18,19,20,21,22,23,24,25,26,27]; c8:bw=114,experts=[0,1,2,3,4,5,6,7,8,9,10]; c2:bw=214,experts=[0,1,2,14,15,16,17,18,19,20,21,22,23,24,25,26,27,28,29,30,31]; c0:bw=110,experts=[18,19,20,21,22,23,24,25,26,27,28]; c3:bw=94,experts=[6,7,8,9,10,11,12,13,14]; c4:bw=180,experts=[7,8,9,10,11,12,13,14,15,16,17,18,19,20,21,22,23,24]; c5:bw=163,experts=[6,7,8,9,10,11,12,13,14,15,16,17,18,19,20,21]; c9:bw=57,experts=[0,1,29,30,31]; c7:bw=102,experts=[0,1,2,3,4,27,28,29,30,31]; c6:bw=116,experts=[15,16,17,18,19,20,21,22,23,24,25]","4.2310,5.2102,3.6626,4.5358,4.9900,6.7040,6.0648,3.4109,4.4682,6.6036"
69,2026-09-23 17:44:50,Ours,0.01,1.6199301473762755,56.2,56.93,65,51.5153,0:51.52,50.1692,0.1518,1.1926,3654.8121,1:00:54.81,10,"3,7,1,4,9,5,0,2,8,6",3:152;7:214;1:115;4:152;9:130;5:145;0:192;2:243;8:154;6:96,"3:[15,16,17,18,19,20,21,22,23,24,25,26,27,28,29];7:[5,6,7,8,9,10,11,12,13,14,15,16,17,18,19,20,21,22,23,24,25];1:[0,1,2,3,4,5,6,28,29,30,31];4:[0,1,2,3,4,5,6,7,25,26,27,28,29,30,31];9:[2,3,4,5,6,7,8,9,10,11,12,13,14];5:[0,1,2,3,22,23,24,25,26,27,28,29,30,31];0:[0,1,2,3,4,5,6,7,8,9,10,11,12,13,14,15,29,30,31];2:[3,4,5,6,7,8,9,10,11,12,13,14,15,16,17,18,19,20,21,22,23,24,25,26];8:[11,12,13,14,15,16,17,18,19,20,21,22,23,24,25];6:[0,1,2,26,27,28,29,30,31]","c3:bw=152,experts=[15,16,17,18,19,20,21,22,23,24,25,26,27,28,29]; c7:bw=214,experts=[5,6,7,8,9,10,11,12,13,14,15,16,17,18,19,20,21,22,23,24,25]; c1:bw=115,experts=[0,1,2,3,4,5,6,28,29,30,31]; c4:bw=152,experts=[0,1,2,3,4,5,6,7,25,26,27,28,29,30,31]; c9:bw=130,experts=[2,3,4,5,6,7,8,9,10,11,12,13,14]; c5:bw=145,experts=[0,1,2,3,22,23,24,25,26,27,28,29,30,31]; c0:bw=192,experts=[0,1,2,3,4,5,6,7,8,9,10,11,12,13,14,15,29,30,31]; c2:bw=243,experts=[3,4,5,6,7,8,9,10,11,12,13,14,15,16,17,18,19,20,21,22,23,24,25,26]; c8:bw=154,experts=[11,12,13,14,15,16,17,18,19,20,21,22,23,24,25]; c6:bw=96,experts=[0,1,2,26,27,28,29,30,31]","5.0491,4.5021,4.2292,6.7131,3.4425,6.0844,4.5559,3.7406,5.2119,6.6403"
70,2026-09-23 17:45:41,Ours,0.01,1.600064604104801,57.71,57.71,70,51.2619,0:51.26,49.9506,0.147,1.1627,3706.1054,1:01:46.11,10,"1,9,7,3,0,6,2,4,5,8",1:89;9:10;7:103;3:116;0:110;6:94;2:202;4:212;5:83;8:176,"1:[7,8,9,10,11,12,13,14];9:[15];7:[0,1,2,3,26,27,28,29,30,31];3:[0,1,2,3,4,5,6,7,8,30,31];0:[16,17,18,19,20,21,22,23,24,25,26];6:[3,4,5,6,7,8,9,10,11];2:[0,1,2,3,4,5,6,7,8,9,10,11,12,13,14,27,28,29,30,31];4:[8,9,10,11,12,13,14,15,16,17,18,19,20,21,22,23,24,25,26,27,28];5:[4,5,6,7,8,9,10,11];8:[0,1,2,3,4,5,6,7,8,9,10,26,27,28,29,30,31]","c1:bw=89,experts=[7,8,9,10,11,12,13,14]; c9:bw=10,experts=[15]; c7:bw=103,experts=[0,1,2,3,26,27,28,29,30,31]; c3:bw=116,experts=[0,1,2,3,4,5,6,7,8,30,31]; c0:bw=110,experts=[16,17,18,19,20,21,22,23,24,25,26]; c6:bw=94,experts=[3,4,5,6,7,8,9,10,11]; c2:bw=202,experts=[0,1,2,3,4,5,6,7,8,9,10,11,12,13,14,27,28,29,30,31]; c4:bw=212,experts=[8,9,10,11,12,13,14,15,16,17,18,19,20,21,22,23,24,25,26,27,28]; c5:bw=83,experts=[4,5,6,7,8,9,10,11]; c8:bw=176,experts=[0,1,2,3,4,5,6,7,8,9,10,26,27,28,29,30,31]","4.2516,3.4255,4.4842,5.0072,4.5358,6.5358,3.6696,6.7219,6.1187,5.2004"
71,2026-09-23 17:46:33,Ours,0.01,1.6077047933715694,55.65,57.71,70,51.387,0:51.39,50.0831,0.1474,1.1548,3757.523,1:02:37.52,10,"4,0,1,9,7,5,3,6,8,2",4:155;0:59;1:191;9:147;7:75;5:123;3:226;6:182;8:141;2:222,"4:[0,1,2,3,4,5,6,7,8,9,10,11,29,30,31];0:[27,28,29,30,31];1:[0,1,15,16,17,18,19,20,21,22,23,24,25,26,27,28,29,30,31];9:[16,17,18,19,20,21,22,23,24,25,26,27,28,29];7:[4,5,6,7,8,9,10];5:[12,13,14,15,16,17,18,19,20,21,22,23];3:[9,10,11,12,13,14,15,16,17,18,19,20,21,22,23,24,25,26,27,28,29,30];6:[12,13,14,15,16,17,18,19,20,21,22,23,24,25,26,27,28,29];8:[11,12,13,14,15,16,17,18,19,20,21,22,23,24];2:[0,1,2,3,4,15,16,17,18,19,20,21,22,23,24,25,26,27,28,29,30,31]","c4:bw=155,experts=[0,1,2,3,4,5,6,7,8,9,10,11,29,30,31]; c0:bw=59,experts=[27,28,29,30,31]; c1:bw=191,experts=[0,1,15,16,17,18,19,20,21,22,23,24,25,26,27,28,29,30,31]; c9:bw=147,experts=[16,17,18,19,20,21,22,23,24,25,26,27,28,29]; c7:bw=75,experts=[4,5,6,7,8,9,10]; c5:bw=123,experts=[12,13,14,15,16,17,18,19,20,21,22,23]; c3:bw=226,experts=[9,10,11,12,13,14,15,16,17,18,19,20,21,22,23,24,25,26,27,28,29,30]; c6:bw=182,experts=[12,13,14,15,16,17,18,19,20,21,22,23,24,25,26,27,28,29]; c8:bw=141,experts=[11,12,13,14,15,16,17,18,19,20,21,22,23,24]; c2:bw=222,experts=[0,1,2,3,4,15,16,17,18,19,20,21,22,23,24,25,26,27,28,29,30,31]","6.7084,4.5713,4.2722,3.4058,4.5014,6.0898,5.0322,6.6481,5.2023,3.6518"
72,2026-09-23 17:47:24,Ours,0.01,1.5788134921727717,58.29,58.29,72,51.1597,0:51.16,49.8272,0.1503,1.1804,3808.7129,1:03:28.71,10,"8,1,5,7,6,0,3,2,9,4",8:109;1:145;5:158;7:177;6:70;0:191;3:84;2:84;9:139;4:144,"8:[0,1,2,25,26,27,28,29,30,31];1:[2,3,4,5,6,7,8,9,10,11,12,13,14,15];5:[0,1,2,3,4,5,6,24,25,26,27,28,29,30,31];7:[11,12,13,14,15,16,17,18,19,20,21,22,23,24,25,26,27];6:[0,1,2,3,4,30,31];0:[0,1,2,3,4,5,6,7,8,9,10,11,12,13,14,15,16,17,18];3:[0,1,2,3,4,5,6,31];2:[5,6,7,8,9,10,11,12];9:[0,1,2,3,4,5,6,7,8,9,10,30,31];4:[12,13,14,15,16,17,18,19,20,21,22,23,24,25]","c8:bw=109,experts=[0,1,2,25,26,27,28,29,30,31]; c1:bw=145,experts=[2,3,4,5,6,7,8,9,10,11,12,13,14,15]; c5:bw=158,experts=[0,1,2,3,4,5,6,24,25,26,27,28,29,30,31]; c7:bw=177,experts=[11,12,13,14,15,16,17,18,19,20,21,22,23,24,25,26,27]; c6:bw=70,experts=[0,1,2,3,4,30,31]; c0:bw=191,experts=[0,1,2,3,4,5,6,7,8,9,10,11,12,13,14,15,16,17,18]; c3:bw=84,experts=[0,1,2,3,4,5,6,31]; c2:bw=84,experts=[5,6,7,8,9,10,11,12]; c9:bw=139,experts=[0,1,2,3,4,5,6,7,8,9,10,30,31]; c4:bw=144,experts=[12,13,14,15,16,17,18,19,20,21,22,23,24,25]","5.2587,4.2178,6.0807,4.4338,6.5136,4.5248,4.9879,3.6477,3.4147,6.7475"
73,2026-09-23 17:48:15,Ours,0.01,1.587329030909056,57.7,58.29,72,51.4224,0:51.42,50.113,0.1468,1.161,3860.1701,1:04:20.17,10,"2,8,3,1,5,9,0,7,6,4",2:173;8:39;3:145;1:242;5:62;9:190;0:103;7:135;6:73;4:150,"2:[13,14,15,16,17,18,19,20,21,22,23,24,25,26,27,28,29];8:[3,4,5];3:[7,8,9,10,11,12,13,14,15,16,17,18,19,20];1:[0,1,2,3,4,5,6,7,16,17,18,19,20,21,22,23,24,25,26,27,28,29,30,31];5:[7,8,9,10,11,12];9:[11,12,13,14,15,16,17,18,19,20,21,22,23,24,25,26,27,28,29];0:[19,20,21,22,23,24,25,26,27,28];7:[0,1,2,3,4,5,6,7,8,28,29,30,31];6:[5,6,7,8,9,10,11];4:[0,1,2,3,4,5,6,7,8,26,27,28,29,30,31]","c2:bw=173,experts=[13,14,15,16,17,18,19,20,21,22,23,24,25,26,27,28,29]; c8:bw=39,experts=[3,4,5]; c3:bw=145,experts=[7,8,9,10,11,12,13,14,15,16,17,18,19,20]; c1:bw=242,experts=[0,1,2,3,4,5,6,7,16,17,18,19,20,21,22,23,24,25,26,27,28,29,30,31]; c5:bw=62,experts=[7,8,9,10,11,12]; c9:bw=190,experts=[11,12,13,14,15,16,17,18,19,20,21,22,23,24,25,26,27,28,29]; c0:bw=103,experts=[19,20,21,22,23,24,25,26,27,28]; c7:bw=135,experts=[0,1,2,3,4,5,6,7,8,28,29,30,31]; c6:bw=73,experts=[5,6,7,8,9,10,11]; c4:bw=150,experts=[0,1,2,3,4,5,6,7,8,26,27,28,29,30,31]","3.6935,5.2229,5.0597,4.2577,6.1087,3.3985,4.5289,4.4790,6.6963,6.6677"
74,2026-09-23 17:49:07,Ours,0.01,1.598356637398845,51.58,58.29,72,51.5725,0:51.57,50.2657,0.1433,1.1619,3911.7725,1:05:11.77,10,"3,0,1,5,7,8,6,2,4,9",3:26;0:146;1:101;5:184;7:238;8:104;6:30;2:21;4:172;9:117,"3:[21,22];0:[0,1,2,3,4,5,6,7,8,9,10,29,30,31];1:[8,9,10,11,12,13,14,15,16,17];5:[13,14,15,16,17,18,19,20,21,22,23,24,25,26,27,28,29,30];7:[9,10,11,12,13,14,15,16,17,18,19,20,21,22,23,24,25,26,27,28,29,30,31];8:[6,7,8,9,10,11,12,13,14,15];6:[12,13,14];2:[30,31];4:[9,10,11,12,13,14,15,16,17,18,19,20,21,22,23,24,25];9:[0,1,2,3,4,5,6,7,8,30,31]","c3:bw=26,experts=[21,22]; c0:bw=146,experts=[0,1,2,3,4,5,6,7,8,9,10,29,30,31]; c1:bw=101,experts=[8,9,10,11,12,13,14,15,16,17]; c5:bw=184,experts=[13,14,15,16,17,18,19,20,21,22,23,24,25,26,27,28,29,30]; c7:bw=238,experts=[9,10,11,12,13,14,15,16,17,18,19,20,21,22,23,24,25,26,27,28,29,30,31]; c8:bw=104,experts=[6,7,8,9,10,11,12,13,14,15]; c6:bw=30,experts=[12,13,14]; c2:bw=21,experts=[30,31]; c4:bw=172,experts=[9,10,11,12,13,14,15,16,17,18,19,20,21,22,23,24,25]; c9:bw=117,experts=[0,1,2,3,4,5,6,7,8,30,31]","5.0705,4.5793,4.2512,6.1185,4.4484,5.2014,6.6548,3.6621,6.8244,3.4550"
75,2026-09-23 17:49:58,Ours,0.01,1.582190189875465,58.18,58.29,72,51.4352,0:51.44,50.1268,0.1581,1.1486,3963.2392,1:06:03.24,10,"2,9,1,3,7,6,5,4,0,8",2:145;9:223;1:198;3:72;7:104;6:204;5:114;4:207;0:222;8:195,"2:[0,1,2,3,4,5,6,7,8,9,10,11,12,13];9:[9,10,11,12,13,14,15,16,17,18,19,20,21,22,23,24,25,26,27,28,29,30];1:[0,1,2,3,4,18,19,20,21,22,23,24,25,26,27,28,29,30,31];3:[23,24,25,26,27,28,29];7:[0,1,2,3,4,5,6,7,8,9];6:[0,1,2,15,16,17,18,19,20,21,22,23,24,25,26,27,28,29,30,31];5:[0,1,2,3,4,5,6,7,8,9,31];4:[0,1,2,3,4,5,6,7,8,9,10,11,12,13,26,27,28,29,30,31];0:[0,11,12,13,14,15,16,17,18,19,20,21,22,23,24,25,26,27,28,29,30,31];8:[0,1,2,16,17,18,19,20,21,22,23,24,25,26,27,28,29,30,31]","c2:bw=145,experts=[0,1,2,3,4,5,6,7,8,9,10,11,12,13]; c9:bw=223,experts=[9,10,11,12,13,14,15,16,17,18,19,20,21,22,23,24,25,26,27,28,29,30]; c1:bw=198,experts=[0,1,2,3,4,18,19,20,21,22,23,24,25,26,27,28,29,30,31]; c3:bw=72,experts=[23,24,25,26,27,28,29]; c7:bw=104,experts=[0,1,2,3,4,5,6,7,8,9]; c6:bw=204,experts=[0,1,2,15,16,17,18,19,20,21,22,23,24,25,26,27,28,29,30,31]; c5:bw=114,experts=[0,1,2,3,4,5,6,7,8,9,31]; c4:bw=207,experts=[0,1,2,3,4,5,6,7,8,9,10,11,12,13,26,27,28,29,30,31]; c0:bw=222,experts=[0,11,12,13,14,15,16,17,18,19,20,21,22,23,24,25,26,27,28,29,30,31]; c8:bw=195,experts=[0,1,2,16,17,18,19,20,21,22,23,24,25,26,27,28,29,30,31]","3.6992,3.4411,4.2173,5.0482,4.4655,6.7001,6.1345,6.6763,4.5504,5.1943"
76,2026-09-23 17:50:50,Ours,0.01,1.5648466684362627,57.92,58.29,72,51.4283,0:51.43,50.1231,0.1459,1.1576,4014.6974,1:06:54.70,10,"8,5,0,3,2,6,7,4,9,1",8:105;5:136;0:114;3:54;2:91;6:86;7:244;4:221;9:210;1:196,"8:[3,4,5,6,7,8,9,10,11,12];5:[10,11,12,13,14,15,16,17,18,19,20,21,22];0:[1,2,3,4,5,6,7,8,9,10,11];3:[0,1,2,30,31];2:[14,15,16,17,18,19,20,21,22];6:[3,4,5,6,7,8,9,10];7:[0,1,10,11,12,13,14,15,16,17,18,19,20,21,22,23,24,25,26,27,28,29,30,31];4:[0,1,2,3,14,15,16,17,18,19,20,21,22,23,24,25,26,27,28,29,30,31];9:[0,1,2,3,4,5,6,7,8,9,10,11,12,13,14,15,16,17,18,19,31];1:[5,6,7,8,9,10,11,12,13,14,15,16,17,18,19,20,21,22,23]","c8:bw=105,experts=[3,4,5,6,7,8,9,10,11,12]; c5:bw=136,experts=[10,11,12,13,14,15,16,17,18,19,20,21,22]; c0:bw=114,experts=[1,2,3,4,5,6,7,8,9,10,11]; c3:bw=54,experts=[0,1,2,30,31]; c2:bw=91,experts=[14,15,16,17,18,19,20,21,22]; c6:bw=86,experts=[3,4,5,6,7,8,9,10]; c7:bw=244,experts=[0,1,10,11,12,13,14,15,16,17,18,19,20,21,22,23,24,25,26,27,28,29,30,31]; c4:bw=221,experts=[0,1,2,3,14,15,16,17,18,19,20,21,22,23,24,25,26,27,28,29,30,31]; c9:bw=210,experts=[0,1,2,3,4,5,6,7,8,9,10,11,12,13,14,15,16,17,18,19,31]; c1:bw=196,experts=[5,6,7,8,9,10,11,12,13,14,15,16,17,18,19,20,21,22,23]","5.2399,6.1476,4.5731,5.0565,3.6622,6.5460,4.4542,6.7773,3.4191,4.2472"
77,2026-09-23 17:51:41,Ours,0.01,1.5478622666770199,58.79,58.79,77,51.5433,0:51.54,50.2167,0.1491,1.1759,4066.2761,1:07:46.28,10,"9,2,1,8,4,7,6,0,3,5",9:106;2:126;1:229;8:10;4:16;7:31;6:209;0:232;3:148;5:217,"9:[20,21,22,23,24,25,26,27,28,29];2:[0,1,2,23,24,25,26,27,28,29,30,31];1:[0,1,2,3,4,5,6,7,8,9,10,11,12,13,24,25,26,27,28,29,30,31];8:[13];4:[4];7:[2,3,4];6:[11,12,13,14,15,16,17,18,19,20,21,22,23,24,25,26,27,28,29,30];0:[0,1,2,12,13,14,15,16,17,18,19,20,21,22,23,24,25,26,27,28,29,30,31];3:[3,4,5,6,7,8,9,10,11,12,13,14,15,16];5:[0,1,2,3,4,5,6,7,8,9,10,11,23,24,25,26,27,28,29,30,31]","c9:bw=106,experts=[20,21,22,23,24,25,26,27,28,29]; c2:bw=126,experts=[0,1,2,23,24,25,26,27,28,29,30,31]; c1:bw=229,experts=[0,1,2,3,4,5,6,7,8,9,10,11,12,13,24,25,26,27,28,29,30,31]; c8:bw=10,experts=[13]; c4:bw=16,experts=[4]; c7:bw=31,experts=[2,3,4]; c6:bw=209,experts=[11,12,13,14,15,16,17,18,19,20,21,22,23,24,25,26,27,28,29,30]; c0:bw=232,experts=[0,1,2,12,13,14,15,16,17,18,19,20,21,22,23,24,25,26,27,28,29,30,31]; c3:bw=148,experts=[3,4,5,6,7,8,9,10,11,12,13,14,15,16]; c5:bw=217,experts=[0,1,2,3,4,5,6,7,8,9,10,11,23,24,25,26,27,28,29,30,31]","3.4607,3.7240,4.2762,5.2492,6.6760,4.4508,6.6796,4.5487,5.0243,6.1271"
78,2026-09-23 17:52:33,Ours,0.01,1.5501776543402972,57.05,58.79,77,51.6924,0:51.69,50.3767,0.1493,1.1647,4118.0002,1:08:38.00,10,"0,4,3,7,8,1,9,6,5,2",0:97;4:84;3:138;7:133;8:197;1:149;9:113;6:211;5:231;2:126,"0:[3,4,5,6,7,8,9,10,11];4:[5,6,7,8,9,10,11,12];3:[17,18,19,20,21,22,23,24,25,26,27,28,29];7:[5,6,7,8,9,10,11,12,13,14,15,16,17];8:[0,14,15,16,17,18,19,20,21,22,23,24,25,26,27,28,29,30,31];1:[14,15,16,17,18,19,20,21,22,23,24,25,26,27];9:[0,1,2,3,4,5,6,7,8,30,31];6:[0,1,2,3,4,5,6,7,8,9,10,11,12,13,14,15,16,17,18,19,31];5:[0,1,2,12,13,14,15,16,17,18,19,20,21,22,23,24,25,26,27,28,29,30,31];2:[3,4,5,6,7,8,9,10,11,12,13,14]","c0:bw=97,experts=[3,4,5,6,7,8,9,10,11]; c4:bw=84,experts=[5,6,7,8,9,10,11,12]; c3:bw=138,experts=[17,18,19,20,21,22,23,24,25,26,27,28,29]; c7:bw=133,experts=[5,6,7,8,9,10,11,12,13,14,15,16,17]; c8:bw=197,experts=[0,14,15,16,17,18,19,20,21,22,23,24,25,26,27,28,29,30,31]; c1:bw=149,experts=[14,15,16,17,18,19,20,21,22,23,24,25,26,27]; c9:bw=113,experts=[0,1,2,3,4,5,6,7,8,30,31]; c6:bw=211,experts=[0,1,2,3,4,5,6,7,8,9,10,11,12,13,14,15,16,17,18,19,31]; c5:bw=231,experts=[0,1,2,12,13,14,15,16,17,18,19,20,21,22,23,24,25,26,27,28,29,30,31]; c2:bw=126,experts=[3,4,5,6,7,8,9,10,11,12,13,14]","4.5896,6.8667,5.0615,4.5159,5.2689,4.2469,3.4226,6.5775,6.1497,3.6773"
79,2026-09-23 17:53:25,Ours,0.01,1.5493932982802103,58.95,58.95,79,51.6036,0:51.60,50.3035,0.1468,1.1517,4169.6376,1:09:29.64,10,"6,9,0,4,7,8,5,3,1,2",6:77;9:34;0:131;4:311;7:168;8:163;5:195;3:96;1:136;2:122,"6:[20,21,22,23,24,25,26];9:[9,10,11];0:[12,13,14,15,16,17,18,19,20,21,22,23,24];4:[0,1,2,3,4,5,6,7,8,9,10,11,13,14,15,16,17,18,19,20,21,22,23,24,25,26,27,28,29,30,31];7:[0,1,18,19,20,21,22,23,24,25,26,27,28,29,30,31];8:[1,2,3,4,5,6,7,8,9,10,11,12,13,14,15,16];5:[3,4,5,6,7,8,9,10,11,12,13,14,15,16,17,18,19,20,21];3:[0,1,2,3,4,5,6,30,31];1:[0,1,2,3,4,5,6,7,8,28,29,30,31];2:[15,16,17,18,19,20,21,22,23,24,25,26]","c6:bw=77,experts=[20,21,22,23,24,25,26]; c9:bw=34,experts=[9,10,11]; c0:bw=131,experts=[12,13,14,15,16,17,18,19,20,21,22,23,24]; c4:bw=311,experts=[0,1,2,3,4,5,6,7,8,9,10,11,13,14,15,16,17,18,19,20,21,22,23,24,25,26,27,28,29,30,31]; c7:bw=168,experts=[0,1,18,19,20,21,22,23,24,25,26,27,28,29,30,31]; c8:bw=163,experts=[1,2,3,4,5,6,7,8,9,10,11,12,13,14,15,16]; c5:bw=195,experts=[3,4,5,6,7,8,9,10,11,12,13,14,15,16,17,18,19,20,21]; c3:bw=96,experts=[0,1,2,3,4,5,6,30,31]; c1:bw=136,experts=[0,1,2,3,4,5,6,7,8,28,29,30,31]; c2:bw=122,experts=[15,16,17,18,19,20,21,22,23,24,25,26]","6.8139,3.4391,4.5477,6.7375,4.4751,5.2106,6.1063,5.0241,4.2632,3.6858"
80,2026-09-23 17:54:16,Ours,0.01,1.5313531494101442,60.24,60.24,80,51.6697,0:51.67,50.3566,0.1541,1.1573,4221.3392,1:10:21.34,10,"5,9,7,1,3,4,2,0,6,8",5:240;9:193;7:174;1:112;3:115;4:210;2:160;0:174;6:144;8:187,"5:[0,1,2,3,4,5,6,7,8,9,10,11,12,13,22,23,24,25,26,27,28,29,30,31];9:[12,13,14,15,16,17,18,19,20,21,22,23,24,25,26,27,28,29,30];7:[2,3,4,5,6,7,8,9,10,11,12,13,14,15,16,17,18];1:[9,10,11,12,13,14,15,16,17,18,19];3:[7,8,9,10,11,12,13,14,15,16,17];4:[0,12,13,14,15,16,17,18,19,20,21,22,23,24,25,26,27,28,29,30,31];2:[0,1,2,3,4,5,6,7,8,9,10,27,28,29,30,31];0:[0,1,2,3,4,5,6,7,8,9,25,26,27,28,29,30,31];6:[0,1,2,3,4,5,6,7,8,27,28,29,30,31];8:[0,1,2,17,18,19,20,21,22,23,24,25,26,27,28,29,30,31]","c5:bw=240,experts=[0,1,2,3,4,5,6,7,8,9,10,11,12,13,22,23,24,25,26,27,28,29,30,31]; c9:bw=193,experts=[12,13,14,15,16,17,18,19,20,21,22,23,24,25,26,27,28,29,30]; c7:bw=174,experts=[2,3,4,5,6,7,8,9,10,11,12,13,14,15,16,17,18]; c1:bw=112,experts=[9,10,11,12,13,14,15,16,17,18,19]; c3:bw=115,experts=[7,8,9,10,11,12,13,14,15,16,17]; c4:bw=210,experts=[0,12,13,14,15,16,17,18,19,20,21,22,23,24,25,26,27,28,29,30,31]; c2:bw=160,experts=[0,1,2,3,4,5,6,7,8,9,10,27,28,29,30,31]; c0:bw=174,experts=[0,1,2,3,4,5,6,7,8,9,25,26,27,28,29,30,31]; c6:bw=144,experts=[0,1,2,3,4,5,6,7,8,27,28,29,30,31]; c8:bw=187,experts=[0,1,2,17,18,19,20,21,22,23,24,25,26,27,28,29,30,31]","6.1791,3.4805,4.5402,4.2747,5.0494,6.8071,3.6610,4.5259,6.5700,5.2687"
81,2026-09-23 17:55:08,Ours,0.01,1.5177664660721257,60.12,60.24,80,51.6431,0:51.64,50.3406,0.1483,1.1525,4273.0169,1:11:13.02,10,"6,2,3,1,4,5,9,7,8,0",6:188;2:165;3:245;1:181;4:154;5:111;9:97;7:212;8:175;0:184,"6:[9,10,11,12,13,14,15,16,17,18,19,20,21,22,23,24,25,26];2:[11,12,13,14,15,16,17,18,19,20,21,22,23,24,25,26];3:[0,1,2,3,4,5,6,7,8,9,18,19,20,21,22,23,24,25,26,27,28,29,30,31];1:[0,1,2,3,4,5,20,21,22,23,24,25,26,27,28,29,30,31];4:[1,2,3,4,5,6,7,8,9,10,11,12,13,14,15];5:[14,15,16,17,18,19,20,21,22,23,24];9:[0,1,2,3,4,5,6,7,31];7:[0,1,2,3,4,5,6,7,19,20,21,22,23,24,25,26,27,28,29,30,31];8:[3,4,5,6,7,8,9,10,11,12,13,14,15,16,17,18,19];0:[10,11,12,13,14,15,16,17,18,19,20,21,22,23,24,25,26,27]","c6:bw=188,experts=[9,10,11,12,13,14,15,16,17,18,19,20,21,22,23,24,25,26]; c2:bw=165,experts=[11,12,13,14,15,16,17,18,19,20,21,22,23,24,25,26]; c3:bw=245,experts=[0,1,2,3,4,5,6,7,8,9,18,19,20,21,22,23,24,25,26,27,28,29,30,31]; c1:bw=181,experts=[0,1,2,3,4,5,20,21,22,23,24,25,26,27,28,29,30,31]; c4:bw=154,experts=[1,2,3,4,5,6,7,8,9,10,11,12,13,14,15]; c5:bw=111,experts=[14,15,16,17,18,19,20,21,22,23,24]; c9:bw=97,experts=[0,1,2,3,4,5,6,7,31]; c7:bw=212,experts=[0,1,2,3,4,5,6,7,19,20,21,22,23,24,25,26,27,28,29,30,31]; c8:bw=175,experts=[3,4,5,6,7,8,9,10,11,12,13,14,15,16,17,18,19]; c0:bw=184,experts=[10,11,12,13,14,15,16,17,18,19,20,21,22,23,24,25,26,27]","6.7929,3.7243,5.0379,4.2463,6.7181,6.1717,3.4227,4.4845,5.1926,4.5497"
82,2026-09-23 17:56:00,Ours,0.01,1.5178420158138974,59.44,60.24,80,51.62,0:51.62,50.3147,0.1521,1.1515,4324.669,1:12:04.67,10,"1,0,6,8,7,3,2,9,5,4",1:235;0:110;6:134;8:212;7:146;3:144;2:109;9:204;5:147;4:108,"1:[6,7,8,9,10,11,12,13,14,15,16,17,18,19,20,21,22,23,24,25,26,27,28];0:[0,1,2,3,4,5,6,28,29,30,31];6:[0,1,2,3,4,5,6,7,27,28,29,30,31];8:[0,1,2,3,4,5,6,7,8,20,21,22,23,24,25,26,27,28,29,30,31];7:[8,9,10,11,12,13,14,15,16,17,18,19,20,21];3:[10,11,12,13,14,15,16,17,18,19,20,21,22,23];2:[0,1,2,3,4,27,28,29,30,31];9:[8,9,10,11,12,13,14,15,16,17,18,19,20,21,22,23,24,25,26,27];5:[0,1,2,3,4,5,6,25,26,27,28,29,30,31];4:[16,17,18,19,20,21,22,23,24,25]","c1:bw=235,experts=[6,7,8,9,10,11,12,13,14,15,16,17,18,19,20,21,22,23,24,25,26,27,28]; c0:bw=110,experts=[0,1,2,3,4,5,6,28,29,30,31]; c6:bw=134,experts=[0,1,2,3,4,5,6,7,27,28,29,30,31]; c8:bw=212,experts=[0,1,2,3,4,5,6,7,8,20,21,22,23,24,25,26,27,28,29,30,31]; c7:bw=146,experts=[8,9,10,11,12,13,14,15,16,17,18,19,20,21]; c3:bw=144,experts=[10,11,12,13,14,15,16,17,18,19,20,21,22,23]; c2:bw=109,experts=[0,1,2,3,4,27,28,29,30,31]; c9:bw=204,experts=[8,9,10,11,12,13,14,15,16,17,18,19,20,21,22,23,24,25,26,27]; c5:bw=147,experts=[0,1,2,3,4,5,6,25,26,27,28,29,30,31]; c4:bw=108,experts=[16,17,18,19,20,21,22,23,24,25]","4.3357,4.5679,6.6179,5.2242,4.4695,5.0301,3.6628,3.4407,6.1670,6.7988"
83,2026-09-23 17:56:52,Ours,0.01,1.5305699800950008,57.01,60.24,80,51.8419,0:51.84,50.5215,0.155,1.1638,4376.5457,1:12:56.55,10,"9,4,2,7,5,0,6,1,8,3",9:189;4:37;2:150;7:137;5:10;0:10;6:193;1:232;8:144;3:155,"9:[0,1,2,3,4,5,6,7,8,9,10,11,12,13,28,29,30,31];4:[26,27,28];2:[5,6,7,8,9,10,11,12,13,14,15,16,17,18,19];7:[0,1,2,22,23,24,25,26,27,28,29,30,31];5:[7];0:[7];6:[8,9,10,11,12,13,14,15,16,17,18,19,20,21,22,23,24,25,26];1:[0,1,2,3,4,5,6,7,8,9,10,11,12,13,14,15,16,17,18,19,29,30,31];8:[9,10,11,12,13,14,15,16,17,18,19,20,21,22];3:[0,1,2,3,4,5,6,24,25,26,27,28,29,30,31]","c9:bw=189,experts=[0,1,2,3,4,5,6,7,8,9,10,11,12,13,28,29,30,31]; c4:bw=37,experts=[26,27,28]; c2:bw=150,experts=[5,6,7,8,9,10,11,12,13,14,15,16,17,18,19]; c7:bw=137,experts=[0,1,2,22,23,24,25,26,27,28,29,30,31]; c5:bw=10,experts=[7]; c0:bw=10,experts=[7]; c6:bw=193,experts=[8,9,10,11,12,13,14,15,16,17,18,19,20,21,22,23,24,25,26]; c1:bw=232,experts=[0,1,2,3,4,5,6,7,8,9,10,11,12,13,14,15,16,17,18,19,29,30,31]; c8:bw=144,experts=[9,10,11,12,13,14,15,16,17,18,19,20,21,22]; c3:bw=155,experts=[0,1,2,3,4,5,6,24,25,26,27,28,29,30,31]","3.4482,6.8804,3.7042,4.5041,6.1494,4.5405,6.7540,4.2507,5.2613,5.0286"
84,2026-09-23 17:57:44,Ours,0.01,1.52249841443138,59.0,60.24,80,51.8944,0:51.89,50.5761,0.1446,1.1721,4428.4726,1:13:48.47,10,"8,3,1,6,9,2,7,5,4,0",8:245;3:118;1:213;6:13;9:75;2:134;7:172;5:73;4:100;0:37,"8:[0,1,2,3,4,5,6,7,8,9,10,11,12,13,14,23,24,25,26,27,28,29,30,31];3:[7,8,9,10,11,12,13,14,15,16,17];1:[0,1,2,3,4,5,6,7,8,20,21,22,23,24,25,26,27,28,29,30,31];6:[27];9:[14,15,16,17,18,19,20];2:[0,20,21,22,23,24,25,26,27,28,29,30,31];7:[3,4,5,6,7,8,9,10,11,12,13,14,15,16,17,18,19];5:[8,9,10,11,12,13,14];4:[0,1,2,3,4,5,6,29,30,31];0:[8,9,10]","c8:bw=245,experts=[0,1,2,3,4,5,6,7,8,9,10,11,12,13,14,23,24,25,26,27,28,29,30,31]; c3:bw=118,experts=[7,8,9,10,11,12,13,14,15,16,17]; c1:bw=213,experts=[0,1,2,3,4,5,6,7,8,20,21,22,23,24,25,26,27,28,29,30,31]; c6:bw=13,experts=[27]; c9:bw=75,experts=[14,15,16,17,18,19,20]; c2:bw=134,experts=[0,20,21,22,23,24,25,26,27,28,29,30,31]; c7:bw=172,experts=[3,4,5,6,7,8,9,10,11,12,13,14,15,16,17,18,19]; c5:bw=73,experts=[8,9,10,11,12,13,14]; c4:bw=100,experts=[0,1,2,3,4,5,6,29,30,31]; c0:bw=37,experts=[8,9,10]","5.2871,5.0879,4.2784,6.7816,3.4422,3.7007,4.5122,6.1681,6.7451,4.5728"
85,2026-09-23 17:58:35,Ours,0.01,1.5182062867974355,59.31,60.24,80,51.8766,0:51.88,50.5385,0.1527,1.1838,4480.3881,1:14:40.39,10,"0,2,8,6,1,4,9,3,5,7",0:140;2:166;8:257;6:154;1:208;4:154;9:211;3:188;5:45;7:42,"0:[11,12,13,14,15,16,17,18,19,20,21,22,23,24];2:[1,2,3,4,5,6,7,8,9,10,11,12,13,14,15,16];8:[0,1,2,3,4,5,6,7,15,16,17,18,19,20,21,22,23,24,25,26,27,28,29,30,31];6:[0,1,2,3,4,5,6,7,8,9,10,28,29,30,31];1:[9,10,11,12,13,14,15,16,17,18,19,20,21,22,23,24,25,26,27,28];4:[7,8,9,10,11,12,13,14,15,16,17,18,19,20,21];9:[0,1,2,3,4,5,6,7,8,9,21,22,23,24,25,26,27,28,29,30,31];3:[0,1,2,3,18,19,20,21,22,23,24,25,26,27,28,29,30,31];5:[15,16,17,18];7:[20,21,22,23]","c0:bw=140,experts=[11,12,13,14,15,16,17,18,19,20,21,22,23,24]; c2:bw=166,experts=[1,2,3,4,5,6,7,8,9,10,11,12,13,14,15,16]; c8:bw=257,experts=[0,1,2,3,4,5,6,7,15,16,17,18,19,20,21,22,23,24,25,26,27,28,29,30,31]; c6:bw=154,experts=[0,1,2,3,4,5,6,7,8,9,10,28,29,30,31]; c1:bw=208,experts=[9,10,11,12,13,14,15,16,17,18,19,20,21,22,23,24,25,26,27,28]; c4:bw=154,experts=[7,8,9,10,11,12,13,14,15,16,17,18,19,20,21]; c9:bw=211,experts=[0,1,2,3,4,5,6,7,8,9,21,22,23,24,25,26,27,28,29,30,31]; c3:bw=188,experts=[0,1,2,3,18,19,20,21,22,23,24,25,26,27,28,29,30,31]; c5:bw=45,experts=[15,16,17,18]; c7:bw=42,experts=[20,21,22,23]","4.5565,3.7138,5.3078,6.6081,4.3051,6.8827,3.4773,5.0979,6.1448,4.4444"
86,2026-09-23 17:59:27,Ours,0.01,1.5100487243528062,58.05,60.24,80,51.898,0:51.90,50.5714,0.1507,1.1743,4532.3195,1:15:32.32,10,"5,8,2,6,0,4,7,3,1,9",5:174;8:102;2:88;6:202;0:109;4:67;7:161;3:101;1:264;9:157,"5:[0,1,2,3,19,20,21,22,23,24,25,26,27,28,29,30,31];8:[8,9,10,11,12,13,14,15,16,17];2:[17,18,19,20,21,22,23,24];6:[11,12,13,14,15,16,17,18,19,20,21,22,23,24,25,26,27,28,29,30];0:[0,1,2,25,26,27,28,29,30,31];4:[22,23,24,25,26,27];7:[0,1,2,3,4,5,6,7,24,25,26,27,28,29,30,31];3:[4,5,6,7,8,9,10,11,12,13];1:[0,1,2,3,4,5,6,7,8,9,10,11,12,13,14,15,16,17,18,19,20,21,22,29,30,31];9:[10,11,12,13,14,15,16,17,18,19,20,21,22,23,24]","c5:bw=174,experts=[0,1,2,3,19,20,21,22,23,24,25,26,27,28,29,30,31]; c8:bw=102,experts=[8,9,10,11,12,13,14,15,16,17]; c2:bw=88,experts=[17,18,19,20,21,22,23,24]; c6:bw=202,experts=[11,12,13,14,15,16,17,18,19,20,21,22,23,24,25,26,27,28,29,30]; c0:bw=109,experts=[0,1,2,25,26,27,28,29,30,31]; c4:bw=67,experts=[22,23,24,25,26,27]; c7:bw=161,experts=[0,1,2,3,4,5,6,7,24,25,26,27,28,29,30,31]; c3:bw=101,experts=[4,5,6,7,8,9,10,11,12,13]; c1:bw=264,experts=[0,1,2,3,4,5,6,7,8,9,10,11,12,13,14,15,16,17,18,19,20,21,22,29,30,31]; c9:bw=157,experts=[10,11,12,13,14,15,16,17,18,19,20,21,22,23,24]","6.2050,5.2559,3.7432,6.7101,4.5538,6.8789,4.4983,5.0106,4.2665,3.4491"
87,2026-09-23 18:00:19,Ours,0.01,1.4859146685704836,61.74,61.74,87,51.8361,0:51.84,50.4972,0.1479,1.1894,4584.1913,1:16:24.19,10,"1,2,7,5,6,3,4,9,8,0",1:106;2:246;7:81;5:10;6:220;3:249;4:124;9:137;8:170;0:128,"1:[0,23,24,25,26,27,28,29,30,31];2:[0,1,2,3,4,5,6,7,8,9,10,11,12,13,14,15,16,25,26,27,28,29,30,31];7:[8,9,10,11,12,13,14,15];5:[4];6:[0,1,2,3,4,5,6,7,8,9,10,11,12,13,14,15,16,17,18,19,20,31];3:[0,1,2,3,4,5,14,15,16,17,18,19,20,21,22,23,24,25,26,27,28,29,30,31];4:[0,1,2,3,4,5,6,7,28,29,30,31];9:[0,1,2,3,4,5,25,26,27,28,29,30,31];8:[0,1,2,18,19,20,21,22,23,24,25,26,27,28,29,30,31];0:[3,4,5,6,7,8,9,10,11,12,13,14]","c1:bw=106,experts=[0,23,24,25,26,27,28,29,30,31]; c2:bw=246,experts=[0,1,2,3,4,5,6,7,8,9,10,11,12,13,14,15,16,25,26,27,28,29,30,31]; c7:bw=81,experts=[8,9,10,11,12,13,14,15]; c5:bw=10,experts=[4]; c6:bw=220,experts=[0,1,2,3,4,5,6,7,8,9,10,11,12,13,14,15,16,17,18,19,20,31]; c3:bw=249,experts=[0,1,2,3,4,5,14,15,16,17,18,19,20,21,22,23,24,25,26,27,28,29,30,31]; c4:bw=124,experts=[0,1,2,3,4,5,6,7,28,29,30,31]; c9:bw=137,experts=[0,1,2,3,4,5,25,26,27,28,29,30,31]; c8:bw=170,experts=[0,1,2,18,19,20,21,22,23,24,25,26,27,28,29,30,31]; c0:bw=128,experts=[3,4,5,6,7,8,9,10,11,12,13,14]","4.3315,3.7338,4.5002,6.1887,6.6118,5.0704,6.7426,3.4281,5.3398,4.5501"
88,2026-09-23 18:01:12,Ours,0.01,1.5057854496522414,58.8,61.74,87,52.5456,0:52.55,51.1957,0.1507,1.1975,4636.771,1:17:16.77,10,"8,6,3,7,0,4,9,1,5,2",8:157;6:98;3:120;7:151;0:227;4:138;9:113;1:103;5:111;2:167,"8:[3,4,5,6,7,8,9,10,11,12,13,14,15,16,17];6:[21,22,23,24,25,26,27,28,29];3:[6,7,8,9,10,11,12,13,14,15,16,17];7:[16,17,18,19,20,21,22,23,24,25,26,27,28,29,30];0:[0,1,2,3,4,15,16,17,18,19,20,21,22,23,24,25,26,27,28,29,30,31];4:[8,9,10,11,12,13,14,15,16,17,18,19,20];9:[6,7,8,9,10,11,12,13,14,15,16];1:[1,2,3,4,5,6,7,8,9,10];5:[5,6,7,8,9,10,11,12,13,14,15];2:[0,17,18,19,20,21,22,23,24,25,26,27,28,29,30,31]","c8:bw=157,experts=[3,4,5,6,7,8,9,10,11,12,13,14,15,16,17]; c6:bw=98,experts=[21,22,23,24,25,26,27,28,29]; c3:bw=120,experts=[6,7,8,9,10,11,12,13,14,15,16,17]; c7:bw=151,experts=[16,17,18,19,20,21,22,23,24,25,26,27,28,29,30]; c0:bw=227,experts=[0,1,2,3,4,15,16,17,18,19,20,21,22,23,24,25,26,27,28,29,30,31]; c4:bw=138,experts=[8,9,10,11,12,13,14,15,16,17,18,19,20]; c9:bw=113,experts=[6,7,8,9,10,11,12,13,14,15,16]; c1:bw=103,experts=[1,2,3,4,5,6,7,8,9,10]; c5:bw=111,experts=[5,6,7,8,9,10,11,12,13,14,15]; c2:bw=167,experts=[0,17,18,19,20,21,22,23,24,25,26,27,28,29,30,31]","5.2966,6.9899,5.1015,4.5448,4.5822,6.9363,3.4919,4.2666,6.2317,3.7539"
89,2026-09-23 18:02:04,Ours,0.01,1.489590038930993,61.02,61.74,87,52.2117,0:52.21,50.8985,0.148,1.1634,4689.0199,1:18:09.02,10,"3,8,2,9,7,5,0,6,4,1",3:112;8:270;2:162;9:222;7:79;5:168;0:47;6:116;4:112;1:150,"3:[18,19,20,21,22,23,24,25,26,27,28];8:[0,1,2,3,4,5,6,7,8,9,10,11,12,18,19,20,21,22,23,24,25,26,27,28,29,30,31];2:[1,2,3,4,5,6,7,8,9,10,11,12,13,14,15,16];9:[0,1,2,3,4,5,6,17,18,19,20,21,22,23,24,25,26,27,28,29,30,31];7:[0,1,2,3,4,5,31];5:[16,17,18,19,20,21,22,23,24,25,26,27,28,29,30,31];0:[5,6,7,8];6:[0,1,2,3,4,5,6,7,8,30,31];4:[21,22,23,24,25,26,27,28,29,30,31];1:[11,12,13,14,15,16,17,18,19,20,21,22,23,24,25]","c3:bw=112,experts=[18,19,20,21,22,23,24,25,26,27,28]; c8:bw=270,experts=[0,1,2,3,4,5,6,7,8,9,10,11,12,18,19,20,21,22,23,24,25,26,27,28,29,30,31]; c2:bw=162,experts=[1,2,3,4,5,6,7,8,9,10,11,12,13,14,15,16]; c9:bw=222,experts=[0,1,2,3,4,5,6,17,18,19,20,21,22,23,24,25,26,27,28,29,30,31]; c7:bw=79,experts=[0,1,2,3,4,5,31]; c5:bw=168,experts=[16,17,18,19,20,21,22,23,24,25,26,27,28,29,30,31]; c0:bw=47,experts=[5,6,7,8]; c6:bw=116,experts=[0,1,2,3,4,5,6,7,8,30,31]; c4:bw=112,experts=[21,22,23,24,25,26,27,28,29,30,31]; c1:bw=150,experts=[11,12,13,14,15,16,17,18,19,20,21,22,23,24,25]","5.1448,5.3402,3.7062,3.4789,4.5219,6.2083,4.5646,6.6427,6.9452,4.3457"
90,2026-09-23 18:02:56,Ours,0.01,1.4877463745954667,59.13,61.74,87,52.2027,0:52.20,50.8832,0.1547,1.1631,4741.2577,1:19:01.26,10,"7,1,3,9,0,6,2,5,8,4",7:262;1:113;3:132;9:232;0:234;6:95;2:77;5:99;8:185;4:130,"7:[6,7,8,9,10,11,12,13,14,15,16,17,18,19,20,21,22,23,24,25,26,27,28,29,30,31];1:[0,1,2,3,4,26,27,28,29,30,31];3:[0,1,2,3,4,5,6,7,8,9,29,30,31];9:[7,8,9,10,11,12,13,14,15,16,17,18,19,20,21,22,23,24,25,26,27,28,29];0:[9,10,11,12,13,14,15,16,17,18,19,20,21,22,23,24,25,26,27,28,29,30,31];6:[9,10,11,12,13,14,15,16,17];2:[17,18,19,20,21,22,23];5:[0,1,2,3,4,5,6,7,8];8:[13,14,15,16,17,18,19,20,21,22,23,24,25,26,27,28,29,30];4:[0,1,2,3,4,5,6,7,8,9,10,11,12]","c7:bw=262,experts=[6,7,8,9,10,11,12,13,14,15,16,17,18,19,20,21,22,23,24,25,26,27,28,29,30,31]; c1:bw=113,experts=[0,1,2,3,4,26,27,28,29,30,31]; c3:bw=132,experts=[0,1,2,3,4,5,6,7,8,9,29,30,31]; c9:bw=232,experts=[7,8,9,10,11,12,13,14,15,16,17,18,19,20,21,22,23,24,25,26,27,28,29]; c0:bw=234,experts=[9,10,11,12,13,14,15,16,17,18,19,20,21,22,23,24,25,26,27,28,29,30,31]; c6:bw=95,experts=[9,10,11,12,13,14,15,16,17]; c2:bw=77,experts=[17,18,19,20,21,22,23]; c5:bw=99,experts=[0,1,2,3,4,5,6,7,8]; c8:bw=185,experts=[13,14,15,16,17,18,19,20,21,22,23,24,25,26,27,28,29,30]; c4:bw=130,experts=[0,1,2,3,4,5,6,7,8,9,10,11,12]","4.5496,4.2714,5.0918,3.5171,4.5725,6.8146,3.7349,6.1653,5.3244,6.8416"
91,2026-09-23 18:03:49,Ours,0.01,1.472539354574355,61.21,61.74,87,52.3543,0:52.35,51.0345,0.1558,1.1624,4793.6489,1:19:53.65,10,"1,9,5,7,3,4,0,6,2,8",1:182;9:129;5:190;7:188;3:146;4:198;0:82;6:107;2:42;8:83,"1:[5,6,7,8,9,10,11,12,13,14,15,16,17,18,19,20,21,22];9:[0,1,2,3,4,5,6,7,8,9,30,31];5:[9,10,11,12,13,14,15,16,17,18,19,20,21,22,23,24,25,26,27];7:[0,1,2,3,4,5,6,7,8,9,10,11,12,13,14,15,16,17];3:[10,11,12,13,14,15,16,17,18,19,20,21,22,23];4:[13,14,15,16,17,18,19,20,21,22,23,24,25,26,27,28,29,30,31];0:[0,1,2,3,4,5,6,7];6:[18,19,20,21,22,23,24,25,26,27];2:[24,25,26,27];8:[0,1,2,3,4,5,6,31]","c1:bw=182,experts=[5,6,7,8,9,10,11,12,13,14,15,16,17,18,19,20,21,22]; c9:bw=129,experts=[0,1,2,3,4,5,6,7,8,9,30,31]; c5:bw=190,experts=[9,10,11,12,13,14,15,16,17,18,19,20,21,22,23,24,25,26,27]; c7:bw=188,experts=[0,1,2,3,4,5,6,7,8,9,10,11,12,13,14,15,16,17]; c3:bw=146,experts=[10,11,12,13,14,15,16,17,18,19,20,21,22,23]; c4:bw=198,experts=[13,14,15,16,17,18,19,20,21,22,23,24,25,26,27,28,29,30,31]; c0:bw=82,experts=[0,1,2,3,4,5,6,7]; c6:bw=107,experts=[18,19,20,21,22,23,24,25,26,27]; c2:bw=42,experts=[24,25,26,27]; c8:bw=83,experts=[0,1,2,3,4,5,6,31]","4.3338,3.4840,6.2194,4.5997,5.0780,6.9276,4.5932,6.8157,3.7029,5.2801"
92,2026-09-23 18:04:41,Ours,0.01,1.4707317861992046,60.89,61.74,87,52.0506,0:52.05,50.7339,0.1453,1.1698,4845.7342,1:20:45.73,10,"3,7,1,0,8,6,9,2,5,4",3:104;7:125;1:73;0:108;8:70;6:166;9:204;2:92;5:242;4:97,"3:[0,1,24,25,26,27,28,29,30,31];7:[18,19,20,21,22,23,24,25,26,27,28,29];1:[23,24,25,26,27,28,29];0:[8,9,10,11,12,13,14,15,16,17];8:[7,8,9,10,11,12,13];6:[0,1,2,3,4,5,6,7,8,9,10,11,28,29,30,31];9:[10,11,12,13,14,15,16,17,18,19,20,21,22,23,24,25,26,27,28,29];2:[0,1,2,3,4,28,29,30,31];5:[0,1,2,3,4,5,6,7,8,9,10,11,12,13,14,15,16,17,18,19,28,29,30,31];4:[0,1,2,3,4,5,6,7,8]","c3:bw=104,experts=[0,1,24,25,26,27,28,29,30,31]; c7:bw=125,experts=[18,19,20,21,22,23,24,25,26,27,28,29]; c1:bw=73,experts=[23,24,25,26,27,28,29]; c0:bw=108,experts=[8,9,10,11,12,13,14,15,16,17]; c8:bw=70,experts=[7,8,9,10,11,12,13]; c6:bw=166,experts=[0,1,2,3,4,5,6,7,8,9,10,11,28,29,30,31]; c9:bw=204,experts=[10,11,12,13,14,15,16,17,18,19,20,21,22,23,24,25,26,27,28,29]; c2:bw=92,experts=[0,1,2,3,4,28,29,30,31]; c5:bw=242,experts=[0,1,2,3,4,5,6,7,8,9,10,11,12,13,14,15,16,17,18,19,28,29,30,31]; c4:bw=97,experts=[0,1,2,3,4,5,6,7,8]","5.1520,4.5490,4.3516,4.5507,5.2919,6.6617,3.4890,3.7316,6.1711,6.7852"
93,2026-09-23 18:05:33,Ours,0.01,1.4662797031331607,61.14,61.74,87,52.1853,0:52.19,50.8453,0.1455,1.1931,4897.9569,1:21:37.96,10,"1,3,7,9,6,8,5,4,0,2",1:173;3:114;7:82;9:212;6:82;8:17;5:29;4:116;0:69;2:187,"1:[0,1,2,3,4,5,6,7,8,9,10,11,12,13,14,30,31];3:[2,3,4,5,6,7,8,9,10,11,12];7:[0,1,2,3,4,5,30,31];9:[0,1,2,3,4,5,6,7,8,9,10,11,12,13,14,15,16,17,18,30,31];6:[12,13,14,15,16,17,18,19];8:[14];5:[20,21];4:[9,10,11,12,13,14,15,16,17,18,19];0:[18,19,20,21,22,23];2:[5,6,7,8,9,10,11,12,13,14,15,16,17,18,19,20,21,22]","c1:bw=173,experts=[0,1,2,3,4,5,6,7,8,9,10,11,12,13,14,30,31]; c3:bw=114,experts=[2,3,4,5,6,7,8,9,10,11,12]; c7:bw=82,experts=[0,1,2,3,4,5,30,31]; c9:bw=212,experts=[0,1,2,3,4,5,6,7,8,9,10,11,12,13,14,15,16,17,18,30,31]; c6:bw=82,experts=[12,13,14,15,16,17,18,19]; c8:bw=17,experts=[14]; c5:bw=29,experts=[20,21]; c4:bw=116,experts=[9,10,11,12,13,14,15,16,17,18,19]; c0:bw=69,experts=[18,19,20,21,22,23]; c2:bw=187,experts=[5,6,7,8,9,10,11,12,13,14,15,16,17,18,19,20,21,22]","4.2877,5.0694,4.5092,3.4890,6.7796,5.3230,6.2034,6.9214,4.5342,3.7284"
94,2026-09-23 18:06:26,Ours,0.01,1.4700262315167218,60.79,61.74,87,52.5702,0:52.57,51.2416,0.1515,1.1754,4950.5636,1:22:30.56,10,"7,2,5,4,6,9,1,8,0,3",7:163;2:237;5:149;4:115;6:111;9:184;1:258;8:28;0:203;3:124,"7:[6,7,8,9,10,11,12,13,14,15,16,17,18,19,20,21];2:[0,1,2,3,4,5,6,7,8,9,10,11,12,13,23,24,25,26,27,28,29,30,31];5:[0,1,2,3,22,23,24,25,26,27,28,29,30,31];4:[20,21,22,23,24,25,26,27,28,29,30];6:[20,21,22,23,24,25,26,27,28,29,30];9:[0,1,2,3,4,19,20,21,22,23,24,25,26,27,28,29,30,31];1:[0,1,2,3,4,5,6,7,15,16,17,18,19,20,21,22,23,24,25,26,27,28,29,30,31];8:[15,16];0:[0,1,2,3,4,5,6,7,8,9,10,11,24,25,26,27,28,29,30,31];3:[13,14,15,16,17,18,19,20,21,22,23,24]","c7:bw=163,experts=[6,7,8,9,10,11,12,13,14,15,16,17,18,19,20,21]; c2:bw=237,experts=[0,1,2,3,4,5,6,7,8,9,10,11,12,13,23,24,25,26,27,28,29,30,31]; c5:bw=149,experts=[0,1,2,3,22,23,24,25,26,27,28,29,30,31]; c4:bw=115,experts=[20,21,22,23,24,25,26,27,28,29,30]; c6:bw=111,experts=[20,21,22,23,24,25,26,27,28,29,30]; c9:bw=184,experts=[0,1,2,3,4,19,20,21,22,23,24,25,26,27,28,29,30,31]; c1:bw=258,experts=[0,1,2,3,4,5,6,7,15,16,17,18,19,20,21,22,23,24,25,26,27,28,29,30,31]; c8:bw=28,experts=[15,16]; c0:bw=203,experts=[0,1,2,3,4,5,6,7,8,9,10,11,24,25,26,27,28,29,30,31]; c3:bw=124,experts=[13,14,15,16,17,18,19,20,21,22,23,24]","4.5646,3.7475,6.2883,6.9762,6.8624,3.4552,4.3069,5.3424,4.5926,5.1056"
95,2026-09-23 18:07:18,Ours,0.01,1.4474500531284478,62.04,62.04,95,52.4242,0:52.42,51.1048,0.1458,1.1718,5003.0245,1:23:23.02,10,"7,9,4,6,0,3,1,8,2,5",7:217;9:155;4:56;6:147;0:128;3:149;1:114;8:277;2:84;5:31,"7:[0,1,2,3,4,5,6,7,8,9,10,22,23,24,25,26,27,28,29,30,31];9:[5,6,7,8,9,10,11,12,13,14,15,16,17,18,19];4:[0,1,2,3,31];6:[0,1,2,3,4,5,6,7,8,9,10,11,12,31];0:[12,13,14,15,16,17,18,19,20,21,22,23];3:[0,1,2,3,4,5,6,25,26,27,28,29,30,31];1:[8,9,10,11,12,13,14,15,16,17,18];8:[0,1,2,3,4,5,6,7,8,9,10,11,17,18,19,20,21,22,23,24,25,26,27,28,29,30,31];2:[14,15,16,17,18,19,20,21];5:[4,5,6]","c7:bw=217,experts=[0,1,2,3,4,5,6,7,8,9,10,22,23,24,25,26,27,28,29,30,31]; c9:bw=155,experts=[5,6,7,8,9,10,11,12,13,14,15,16,17,18,19]; c4:bw=56,experts=[0,1,2,3,31]; c6:bw=147,experts=[0,1,2,3,4,5,6,7,8,9,10,11,12,31]; c0:bw=128,experts=[12,13,14,15,16,17,18,19,20,21,22,23]; c3:bw=149,experts=[0,1,2,3,4,5,6,25,26,27,28,29,30,31]; c1:bw=114,experts=[8,9,10,11,12,13,14,15,16,17,18]; c8:bw=277,experts=[0,1,2,3,4,5,6,7,8,9,10,11,17,18,19,20,21,22,23,24,25,26,27,28,29,30,31]; c2:bw=84,experts=[14,15,16,17,18,19,20,21]; c5:bw=31,experts=[4,5,6]","4.5797,3.5334,6.9583,6.7057,4.5704,5.0717,4.3693,5.3042,3.7792,6.2330"
96,2026-09-23 18:08:11,Ours,0.01,1.4619202567614735,57.67,62.04,95,52.7016,0:52.70,51.3467,0.1599,1.1932,5055.763,1:24:15.76,10,"2,9,3,1,5,4,6,7,0,8",2:238;9:162;3:167;1:132;5:219;4:179;6:115;7:185;0:132;8:236,"2:[0,1,2,3,4,5,6,7,8,9,10,11,12,22,23,24,25,26,27,28,29,30,31];9:[0,1,2,3,20,21,22,23,24,25,26,27,28,29,30,31];3:[7,8,9,10,11,12,13,14,15,16,17,18,19,20,21,22];1:[19,20,21,22,23,24,25,26,27,28,29,30,31];5:[7,8,9,10,11,12,13,14,15,16,17,18,19,20,21,22,23,24,25,26,27];4:[4,5,6,7,8,9,10,11,12,13,14,15,16,17,18,19,20];6:[13,14,15,16,17,18,19,20,21,22,23];7:[11,12,13,14,15,16,17,18,19,20,21,22,23,24,25,26,27,28];0:[0,1,2,3,4,24,25,26,27,28,29,30,31];8:[0,1,2,12,13,14,15,16,17,18,19,20,21,22,23,24,25,26,27,28,29,30,31]","c2:bw=238,experts=[0,1,2,3,4,5,6,7,8,9,10,11,12,22,23,24,25,26,27,28,29,30,31]; c9:bw=162,experts=[0,1,2,3,20,21,22,23,24,25,26,27,28,29,30,31]; c3:bw=167,experts=[7,8,9,10,11,12,13,14,15,16,17,18,19,20,21,22]; c1:bw=132,experts=[19,20,21,22,23,24,25,26,27,28,29,30,31]; c5:bw=219,experts=[7,8,9,10,11,12,13,14,15,16,17,18,19,20,21,22,23,24,25,26,27]; c4:bw=179,experts=[4,5,6,7,8,9,10,11,12,13,14,15,16,17,18,19,20]; c6:bw=115,experts=[13,14,15,16,17,18,19,20,21,22,23]; c7:bw=185,experts=[11,12,13,14,15,16,17,18,19,20,21,22,23,24,25,26,27,28]; c0:bw=132,experts=[0,1,2,3,4,24,25,26,27,28,29,30,31]; c8:bw=236,experts=[0,1,2,12,13,14,15,16,17,18,19,20,21,22,23,24,25,26,27,28,29,30,31]","3.7811,3.5280,5.1413,4.4024,6.3221,6.8456,6.8327,4.5326,4.5690,5.3920"
97,2026-09-23 18:09:03,Ours,0.01,1.4361229485782134,62.89,62.89,97,52.5807,0:52.58,51.2593,0.1487,1.1709,5108.3828,1:25:08.38,10,"0,9,8,4,7,1,3,5,6,2",0:150;9:158;8:158;4:59;7:111;1:184;3:127;5:170;6:184;2:198,"0:[5,6,7,8,9,10,11,12,13,14,15,16,17,18,19];9:[4,5,6,7,8,9,10,11,12,13,14,15,16,17,18];8:[3,4,5,6,7,8,9,10,11,12,13,14,15,16,17];4:[21,22,23,24,25];7:[0,1,2,3,4,5,6,7,29,30,31];1:[0,1,2,3,4,5,6,7,8,9,10,11,12,13,14,15,16,17];3:[0,1,2,23,24,25,26,27,28,29,30,31];5:[0,1,2,3,4,5,6,7,8,9,10,11,12,28,29,30,31];6:[0,1,2,3,4,5,6,7,8,9,24,25,26,27,28,29,30,31];2:[13,14,15,16,17,18,19,20,21,22,23,24,25,26,27,28,29,30,31]","c0:bw=150,experts=[5,6,7,8,9,10,11,12,13,14,15,16,17,18,19]; c9:bw=158,experts=[4,5,6,7,8,9,10,11,12,13,14,15,16,17,18]; c8:bw=158,experts=[3,4,5,6,7,8,9,10,11,12,13,14,15,16,17]; c4:bw=59,experts=[21,22,23,24,25]; c7:bw=111,experts=[0,1,2,3,4,5,6,7,29,30,31]; c1:bw=184,experts=[0,1,2,3,4,5,6,7,8,9,10,11,12,13,14,15,16,17]; c3:bw=127,experts=[0,1,2,23,24,25,26,27,28,29,30,31]; c5:bw=170,experts=[0,1,2,3,4,5,6,7,8,9,10,11,12,28,29,30,31]; c6:bw=184,experts=[0,1,2,3,4,5,6,7,8,9,24,25,26,27,28,29,30,31]; c2:bw=198,experts=[13,14,15,16,17,18,19,20,21,22,23,24,25,26,27,28,29,30,31]","4.6061,3.5929,5.3362,6.9975,4.5351,4.3389,5.0993,6.2484,6.7535,3.7512"
98,2026-09-23 18:09:56,Ours,0.01,1.4456412972478536,60.25,62.89,97,52.7736,0:52.77,51.4194,0.1473,1.2052,5161.1927,1:26:01.19,10,"4,8,9,7,6,5,0,3,1,2",4:190;8:196;9:98;7:87;6:133;5:180;0:122;3:93;1:96;2:89,"4:[0,1,2,3,4,5,6,7,8,9,10,11,12,26,27,28,29,30,31];8:[0,1,2,3,4,18,19,20,21,22,23,24,25,26,27,28,29,30,31];9:[19,20,21,22,23,24,25,26,27];7:[8,9,10,11,12,13,14,15];6:[10,11,12,13,14,15,16,17,18,19,20,21,22];5:[13,14,15,16,17,18,19,20,21,22,23,24,25,26,27,28,29,30];0:[20,21,22,23,24,25,26,27,28,29,30,31];3:[3,4,5,6,7,8,9,10,11];1:[18,19,20,21,22,23,24,25,26];2:[0,1,2,3,4,5,6,7]","c4:bw=190,experts=[0,1,2,3,4,5,6,7,8,9,10,11,12,26,27,28,29,30,31]; c8:bw=196,experts=[0,1,2,3,4,18,19,20,21,22,23,24,25,26,27,28,29,30,31]; c9:bw=98,experts=[19,20,21,22,23,24,25,26,27]; c7:bw=87,experts=[8,9,10,11,12,13,14,15]; c6:bw=133,experts=[10,11,12,13,14,15,16,17,18,19,20,21,22]; c5:bw=180,experts=[13,14,15,16,17,18,19,20,21,22,23,24,25,26,27,28,29,30]; c0:bw=122,experts=[20,21,22,23,24,25,26,27,28,29,30,31]; c3:bw=93,experts=[3,4,5,6,7,8,9,10,11]; c1:bw=96,experts=[18,19,20,21,22,23,24,25,26]; c2:bw=89,experts=[0,1,2,3,4,5,6,7]","6.9266,5.3625,3.5452,4.5576,6.8648,6.3206,4.5876,5.0851,4.4333,3.7362"
99,2026-09-23 18:10:49,Ours,0.01,1.4528860607638552,57.52,62.89,97,52.69,0:52.69,51.3628,0.1501,1.1754,5213.9219,1:26:53.92,10,"8,5,7,1,3,9,4,0,2,6",8:124;5:180;7:166;1:217;3:138;9:75;4:89;0:147;2:113;6:128,"8:[5,6,7,8,9,10,11,12,13,14,15,16];5:[0,1,2,3,4,5,6,7,8,9,10,11,12,13,14,15,16,31];7:[16,17,18,19,20,21,22,23,24,25,26,27,28,29,30,31];1:[0,1,2,3,4,5,6,7,8,9,10,11,12,13,14,15,27,28,29,30,31];3:[12,13,14,15,16,17,18,19,20,21,22,23,24];9:[0,1,2,28,29,30,31];4:[13,14,15,16,17,18,19,20];0:[0,1,2,3,4,5,6,7,8,9,10,11,12,13];2:[8,9,10,11,12,13,14,15,16,17,18];6:[0,1,2,23,24,25,26,27,28,29,30,31]","c8:bw=124,experts=[5,6,7,8,9,10,11,12,13,14,15,16]; c5:bw=180,experts=[0,1,2,3,4,5,6,7,8,9,10,11,12,13,14,15,16,31]; c7:bw=166,experts=[16,17,18,19,20,21,22,23,24,25,26,27,28,29,30,31]; c1:bw=217,experts=[0,1,2,3,4,5,6,7,8,9,10,11,12,13,14,15,27,28,29,30,31]; c3:bw=138,experts=[12,13,14,15,16,17,18,19,20,21,22,23,24]; c9:bw=75,experts=[0,1,2,28,29,30,31]; c4:bw=89,experts=[13,14,15,16,17,18,19,20]; c0:bw=147,experts=[0,1,2,3,4,5,6,7,8,9,10,11,12,13]; c2:bw=113,experts=[8,9,10,11,12,13,14,15,16,17,18]; c6:bw=128,experts=[0,1,2,23,24,25,26,27,28,29,30,31]","5.4060,6.3199,4.5339,4.3512,5.0827,3.5302,6.9145,4.5853,3.7655,6.8737"
100,2026-09-23 18:11:42,Ours,0.01,1.4455557755016661,61.78,62.89,97,52.5817,0:52.58,51.2493,0.1459,1.1848,5266.5436,1:27:46.54,10,"2,8,9,5,6,1,4,7,3,0",2:111;8:162;9:194;5:68;6:162;1:63;4:239;7:25;3:152;0:236,"2:[19,20,21,22,23,24,25,26,27,28,29];8:[0,17,18,19,20,21,22,23,24,25,26,27,28,29,30,31];9:[3,4,5,6,7,8,9,10,11,12,13,14,15,16,17,18,19,20,21];5:[17,18,19,20,21,22];6:[3,4,5,6,7,8,9,10,11,12,13,14,15,16,17,18];1:[16,17,18,19,20,21];4:[0,1,2,3,4,5,6,7,8,9,10,11,21,22,23,24,25,26,27,28,29,30,31];7:[0,1];3:[0,1,2,3,4,5,6,7,25,26,27,28,29,30,31];0:[0,1,2,3,4,14,15,16,17,18,19,20,21,22,23,24,25,26,27,28,29,30,31]","c2:bw=111,experts=[19,20,21,22,23,24,25,26,27,28,29]; c8:bw=162,experts=[0,17,18,19,20,21,22,23,24,25,26,27,28,29,30,31]; c9:bw=194,experts=[3,4,5,6,7,8,9,10,11,12,13,14,15,16,17,18,19,20,21]; c5:bw=68,experts=[17,18,19,20,21,22]; c6:bw=162,experts=[3,4,5,6,7,8,9,10,11,12,13,14,15,16,17,18]; c1:bw=63,experts=[16,17,18,19,20,21]; c4:bw=239,experts=[0,1,2,3,4,5,6,7,8,9,10,11,21,22,23,24,25,26,27,28,29,30,31]; c7:bw=25,experts=[0,1]; c3:bw=152,experts=[0,1,2,3,4,5,6,7,25,26,27,28,29,30,31]; c0:bw=236,experts=[0,1,2,3,4,14,15,16,17,18,19,20,21,22,23,24,25,26,27,28,29,30,31]","3.8064,5.4271,3.5446,6.2759,6.7259,4.3763,6.8910,4.5287,5.0844,4.5889"
