Round,Timestamp,Method,LR,AvgLoss,TestAcc,BestAcc,BestRound,RoundTimeSec,RoundTimeHMS,LocalTrainTimeSec,AggTimeSec,EvalTimeSec,CumulativeTimeSec,CumulativeTimeHMS,NumClientsSelected,SelectedClients,Bandwidth,SelectedExperts,UploadDetail,ClientTrainTimesSec
1,2026-09-23 17:01:49,Ours,0.00208,3.951533442554671,1.77,1.77,1,53.6164,0:53.62,52.315,0.1561,1.1437,53.6164,0:53.62,10,"8,1,5,0,7,2,9,4,3,6",8:202;1:107;5:163;0:10;7:75;2:106;9:166;4:146;3:187;6:150,"8:[3,6,7,8,9,10,11,13,14,15,16,18,19,24,25,26,27,29,30,31];1:[3,4,7,8,11,16,23,27,29,30];5:[0,1,3,6,9,14,15,16,18,19,20,21,23,24,26,27];0:[26];7:[4,13,18,20,24,25,27];2:[2,4,9,17,20,21,22,25,26,27];9:[1,2,3,4,6,7,8,16,17,19,23,25,27,28,29,31];4:[5,7,9,11,12,13,14,18,21,22,24,26,27,30];3:[0,1,3,6,8,9,12,14,15,16,17,18,19,24,26,29,30,31];6:[0,2,3,4,5,7,8,12,16,17,19,21,24,25,30]","c8:bw=202,experts=[3,6,7,8,9,10,11,13,14,15,16,18,19,24,25,26,27,29,30,31]; c1:bw=107,experts=[3,4,7,8,11,16,23,27,29,30]; c5:bw=163,experts=[0,1,3,6,9,14,15,16,18,19,20,21,23,24,26,27]; c0:bw=10,experts=[26]; c7:bw=75,experts=[4,13,18,20,24,25,27]; c2:bw=106,experts=[2,4,9,17,20,21,22,25,26,27]; c9:bw=166,experts=[1,2,3,4,6,7,8,16,17,19,23,25,27,28,29,31]; c4:bw=146,experts=[5,7,9,11,12,13,14,18,21,22,24,26,27,30]; c3:bw=187,experts=[0,1,3,6,8,9,12,14,15,16,17,18,19,24,26,29,30,31]; c6:bw=150,experts=[0,2,3,4,5,7,8,12,16,17,19,21,24,25,30]","5.7652,4.4857,6.1237,4.9147,4.7163,3.9219,3.5634,6.9727,5.2080,6.6433"
2,2026-09-23 17:02:40,Ours,0.00406,3.5296382616241155,3.13,3.13,2,51.012,0:51.01,49.7162,0.1555,1.1386,104.7807,1:44.78,10,"0,1,8,5,3,4,7,9,6,2",0:130;1:152;8:177;5:251;3:246;4:109;7:202;9:170;6:62;2:79,"0:[0,3,6,14,16,20,21,22,24,25,27,29,30];1:[0,2,3,6,10,12,13,15,18,19,21,22,25,26,29];8:[0,2,3,4,5,6,8,11,12,16,17,19,23,24,26,28,31];5:[1,2,3,4,7,8,10,12,13,14,15,16,17,18,19,20,22,23,25,26,27,28,29,30,31];3:[1,2,5,6,8,9,10,11,12,13,14,16,17,18,19,21,22,24,25,26,27,28,29,30];4:[0,2,5,8,12,16,18,20,29,31];7:[0,1,3,4,5,9,11,12,14,15,17,18,20,23,24,25,26,27,29,31];9:[3,6,7,8,10,11,12,13,18,19,20,21,22,23,28,30,31];6:[5,6,8,12,19,26];2:[3,4,7,16,20,23,24]","c0:bw=130,experts=[0,3,6,14,16,20,21,22,24,25,27,29,30]; c1:bw=152,experts=[0,2,3,6,10,12,13,15,18,19,21,22,25,26,29]; c8:bw=177,experts=[0,2,3,4,5,6,8,11,12,16,17,19,23,24,26,28,31]; c5:bw=251,experts=[1,2,3,4,7,8,10,12,13,14,15,16,17,18,19,20,22,23,25,26,27,28,29,30,31]; c3:bw=246,experts=[1,2,5,6,8,9,10,11,12,13,14,16,17,18,19,21,22,24,25,26,27,28,29,30]; c4:bw=109,experts=[0,2,5,8,12,16,18,20,29,31]; c7:bw=202,experts=[0,1,3,4,5,9,11,12,14,15,17,18,20,23,24,25,26,27,29,31]; c9:bw=170,experts=[3,6,7,8,10,11,12,13,18,19,20,21,22,23,28,30,31]; c6:bw=62,experts=[5,6,8,12,19,26]; c2:bw=79,experts=[3,4,7,16,20,23,24]","4.5462,4.1351,5.1296,6.1291,4.9639,6.5487,4.5013,3.4199,6.6444,3.6979"
3,2026-09-23 17:03:32,Ours,0.006040000000000001,3.4211701830600774,2.86,3.13,2,51.6196,0:51.62,50.2769,0.1586,1.1825,156.413,2:36.41,10,"9,2,0,6,8,5,3,7,1,4",9:174;2:152;0:182;6:146;8:110;5:49;3:94;7:120;1:49;4:190,"9:[1,7,8,9,10,11,12,13,16,17,19,23,26,27,29,30,31];2:[2,4,5,6,8,13,14,16,20,24,25,26,27,29,30];0:[2,3,7,8,9,13,16,17,18,20,21,23,24,25,26,29,30,31];6:[0,6,7,8,10,15,17,18,19,23,25,26,27,31];8:[1,2,8,9,14,16,17,26,27,28,29];5:[3,4,15,28];3:[2,5,12,15,16,18,19,25,31];7:[0,2,5,10,12,13,14,15,19,21,23,26];1:[3,11,13,16];4:[1,2,4,5,7,8,12,13,14,15,17,19,21,22,23,25,29,30,31]","c9:bw=174,experts=[1,7,8,9,10,11,12,13,16,17,19,23,26,27,29,30,31]; c2:bw=152,experts=[2,4,5,6,8,13,14,16,20,24,25,26,27,29,30]; c0:bw=182,experts=[2,3,7,8,9,13,16,17,18,20,21,23,24,25,26,29,30,31]; c6:bw=146,experts=[0,6,7,8,10,15,17,18,19,23,25,26,27,31]; c8:bw=110,experts=[1,2,8,9,14,16,17,26,27,28,29]; c5:bw=49,experts=[3,4,15,28]; c3:bw=94,experts=[2,5,12,15,16,18,19,25,31]; c7:bw=120,experts=[0,2,5,10,12,13,14,15,19,21,23,26]; c1:bw=49,experts=[3,11,13,16]; c4:bw=190,experts=[1,2,4,5,7,8,12,13,14,15,17,19,21,22,23,25,29,30,31]","3.4293,3.6522,4.5158,6.5818,5.1363,6.4857,5.2111,4.5360,4.2002,6.5285"
4,2026-09-23 17:04:28,Ours,0.00802,3.2827148647033,6.52,6.52,4,56.1491,0:56.15,54.8391,0.1576,1.1505,212.5746,3:32.57,10,"1,7,6,2,8,0,3,4,5,9",1:145;7:164;6:194;2:219;8:115;0:215;3:124;4:204;5:268;9:79,"1:[0,1,3,4,5,6,10,12,15,19,21,22,25,28];7:[2,3,4,5,6,7,10,11,12,16,17,21,22,24,25,29];6:[0,1,2,3,5,6,8,10,13,14,15,19,20,21,22,26,29,30,31];2:[1,3,4,5,6,7,8,9,12,13,17,18,19,21,23,25,26,27,29,30,31];8:[3,12,13,14,15,18,21,25,27,28,29];0:[1,2,3,4,7,10,11,14,15,18,19,20,21,22,23,24,25,26,27,28,30];3:[6,13,16,19,20,21,22,23,24,26,27,28];4:[0,1,2,3,5,10,11,12,14,15,16,19,20,22,24,27,28,29,30,31];5:[0,1,2,3,4,6,7,8,9,10,11,12,13,14,15,16,17,18,20,21,25,26,28,29,30,31];9:[0,2,9,11,20,25,28]","c1:bw=145,experts=[0,1,3,4,5,6,10,12,15,19,21,22,25,28]; c7:bw=164,experts=[2,3,4,5,6,7,10,11,12,16,17,21,22,24,25,29]; c6:bw=194,experts=[0,1,2,3,5,6,8,10,13,14,15,19,20,21,22,26,29,30,31]; c2:bw=219,experts=[1,3,4,5,6,7,8,9,12,13,17,18,19,21,23,25,26,27,29,30,31]; c8:bw=115,experts=[3,12,13,14,15,18,21,25,27,28,29]; c0:bw=215,experts=[1,2,3,4,7,10,11,14,15,18,19,20,21,22,23,24,25,26,27,28,30]; c3:bw=124,experts=[6,13,16,19,20,21,22,23,24,26,27,28]; c4:bw=204,experts=[0,1,2,3,5,10,11,12,14,15,16,19,20,22,24,27,28,29,30,31]; c5:bw=268,experts=[0,1,2,3,4,6,7,8,9,10,11,12,13,14,15,16,17,18,20,21,25,26,28,29,30,31]; c9:bw=79,experts=[0,2,9,11,20,25,28]","4.2638,5.3551,7.9448,3.9897,5.2093,5.2059,5.3189,7.7387,6.2711,3.5417"
5,2026-09-23 17:05:26,Ours,0.01,3.24799923139933,5.2,6.52,4,57.6318,0:57.63,56.2905,0.1571,1.1825,270.2192,4:30.22,10,"1,5,4,8,0,7,6,3,2,9",1:72;5:145;4:178;8:135;0:182;7:89;6:195;3:232;2:26;9:229,"1:[0,5,13,15,25,26,28];5:[0,3,4,5,6,7,14,15,17,19,22,26,28,30];4:[1,2,5,6,7,8,9,10,12,14,20,21,23,26,28,29,30];8:[2,4,9,10,13,15,17,18,19,21,24,27,30];0:[1,2,4,5,6,7,8,9,10,12,18,19,24,25,27,28,30,31];7:[1,3,4,8,10,17,18,22];6:[1,2,3,4,5,7,8,10,11,13,14,15,17,20,21,22,23,27,30];3:[0,1,2,5,6,8,9,10,11,13,15,17,20,21,22,23,24,25,26,27,28,29,30];2:[7,24];9:[0,1,2,6,9,10,11,12,14,15,16,17,19,21,22,23,24,25,26,28,29,30]","c1:bw=72,experts=[0,5,13,15,25,26,28]; c5:bw=145,experts=[0,3,4,5,6,7,14,15,17,19,22,26,28,30]; c4:bw=178,experts=[1,2,5,6,7,8,9,10,12,14,20,21,23,26,28,29,30]; c8:bw=135,experts=[2,4,9,10,13,15,17,18,19,21,24,27,30]; c0:bw=182,experts=[1,2,4,5,6,7,8,9,10,12,18,19,24,25,27,28,30,31]; c7:bw=89,experts=[1,3,4,8,10,17,18,22]; c6:bw=195,experts=[1,2,3,4,5,7,8,10,11,13,14,15,17,20,21,22,23,27,30]; c3:bw=232,experts=[0,1,2,5,6,8,9,10,11,13,15,17,20,21,22,23,24,25,26,27,28,29,30]; c2:bw=26,experts=[7,24]; c9:bw=229,experts=[0,1,2,6,9,10,11,12,14,15,16,17,19,21,22,23,24,25,26,28,29,30]","4.2564,7.2694,6.8492,6.0130,5.1519,5.3585,7.9554,5.5979,4.0123,3.8265"
6,2026-09-23 17:06:17,Ours,0.01,3.1583326289363916,8.6,8.6,6,51.586,0:51.59,50.2853,0.1527,1.1463,321.8174,5:21.82,10,"8,2,5,7,3,1,9,0,4,6",8:245;2:152;5:100;7:213;3:133;1:118;9:176;0:114;4:64;6:74,"8:[0,1,3,4,5,6,7,9,10,12,13,14,15,17,19,21,22,23,24,25,26,27,29,30];2:[3,4,6,13,16,17,18,20,21,22,23,25,26,28,31];5:[5,9,10,11,14,16,17,18,27,28];7:[0,1,3,4,5,8,9,10,12,13,14,15,16,17,19,21,22,23,25,27,30];3:[0,1,3,5,6,13,14,17,25,26,27,29,30];1:[1,4,5,6,9,15,17,24,26,30,31];9:[0,4,6,7,8,10,11,12,13,15,20,24,26,27,28,29,31];0:[0,4,5,12,13,14,17,18,20,21,24];4:[0,1,6,12,16,30];6:[4,7,9,10,15,27,31]","c8:bw=245,experts=[0,1,3,4,5,6,7,9,10,12,13,14,15,17,19,21,22,23,24,25,26,27,29,30]; c2:bw=152,experts=[3,4,6,13,16,17,18,20,21,22,23,25,26,28,31]; c5:bw=100,experts=[5,9,10,11,14,16,17,18,27,28]; c7:bw=213,experts=[0,1,3,4,5,8,9,10,12,13,14,15,16,17,19,21,22,23,25,27,30]; c3:bw=133,experts=[0,1,3,5,6,13,14,17,25,26,27,29,30]; c1:bw=118,experts=[1,4,5,6,9,15,17,24,26,30,31]; c9:bw=176,experts=[0,4,6,7,8,10,11,12,13,15,20,24,26,27,28,29,31]; c0:bw=114,experts=[0,4,5,12,13,14,17,18,20,21,24]; c4:bw=64,experts=[0,1,6,12,16,30]; c6:bw=74,experts=[4,7,9,10,15,27,31]","5.1869,3.6333,6.2006,4.6629,5.1487,4.1671,3.5966,4.6552,6.5669,6.4671"
7,2026-09-23 17:07:08,Ours,0.01,3.1641705700852087,9.66,9.66,7,50.8845,0:50.88,49.5907,0.1476,1.1413,372.7154,6:12.72,10,"0,5,2,6,3,7,4,1,8,9",0:132;5:178;2:146;6:48;3:97;7:113;4:50;1:35;8:210;9:10,"0:[0,5,6,11,13,14,15,16,18,23,26,29,30];5:[0,2,4,7,8,9,10,14,16,18,19,20,21,23,24,25,27];2:[1,2,3,6,8,9,10,11,12,13,14,18,27,31];6:[7,10,21,26];3:[1,6,9,12,14,22,26,27,29];7:[2,12,13,17,18,20,22,24,25,27,29];4:[4,12,16,23,31];1:[7,12,24];8:[1,2,3,5,8,11,12,13,16,17,18,19,20,21,22,23,26,27,28,30,31];9:[29]","c0:bw=132,experts=[0,5,6,11,13,14,15,16,18,23,26,29,30]; c5:bw=178,experts=[0,2,4,7,8,9,10,14,16,18,19,20,21,23,24,25,27]; c2:bw=146,experts=[1,2,3,6,8,9,10,11,12,13,14,18,27,31]; c6:bw=48,experts=[7,10,21,26]; c3:bw=97,experts=[1,6,9,12,14,22,26,27,29]; c7:bw=113,experts=[2,12,13,17,18,20,22,24,25,27,29]; c4:bw=50,experts=[4,12,16,23,31]; c1:bw=35,experts=[7,12,24]; c8:bw=210,experts=[1,2,3,5,8,11,12,13,16,17,18,19,20,21,22,23,26,27,28,30,31]; c9:bw=10,experts=[29]","4.5555,6.1229,3.6536,6.4279,5.0213,4.4340,6.6452,4.1692,5.1533,3.4079"
8,2026-09-23 17:07:59,Ours,0.01,3.1304105173691137,10.74,10.74,8,50.8167,0:50.82,49.5337,0.1505,1.1309,423.5458,7:03.55,10,"4,8,1,3,0,5,2,9,7,6",4:16;8:135;1:213;3:136;0:119;5:103;2:197;9:215;7:55;6:151,"4:[6];8:[1,3,8,11,12,14,15,16,17,19,21,23,30];1:[0,2,3,5,6,7,9,10,11,12,13,14,17,18,19,21,23,26,27,28,30];3:[2,3,5,6,13,14,15,17,22,23,25,30,31];0:[0,7,13,14,16,18,21,23,28,30,31];5:[2,4,6,10,14,18,22,25,27,30];2:[4,5,7,10,11,12,13,14,15,17,18,20,21,22,23,24,25,28,31];9:[0,1,2,4,6,9,11,12,15,16,17,18,19,20,21,22,25,26,27,28,31];7:[9,17,19,29,31];6:[0,1,3,6,9,11,12,13,15,16,17,19,23,24,29]","c4:bw=16,experts=[6]; c8:bw=135,experts=[1,3,8,11,12,14,15,16,17,19,21,23,30]; c1:bw=213,experts=[0,2,3,5,6,7,9,10,11,12,13,14,17,18,19,21,23,26,27,28,30]; c3:bw=136,experts=[2,3,5,6,13,14,15,17,22,23,25,30,31]; c0:bw=119,experts=[0,7,13,14,16,18,21,23,28,30,31]; c5:bw=103,experts=[2,4,6,10,14,18,22,25,27,30]; c2:bw=197,experts=[4,5,7,10,11,12,13,14,15,17,18,20,21,22,23,24,25,28,31]; c9:bw=215,experts=[0,1,2,4,6,9,11,12,15,16,17,18,19,20,21,22,25,26,27,28,31]; c7:bw=55,experts=[9,17,19,29,31]; c6:bw=151,experts=[0,1,3,6,9,11,12,13,15,16,17,19,23,24,29]","6.6509,5.1799,4.1363,4.9051,4.4952,6.1154,3.6081,3.4144,4.4567,6.5716"
9,2026-09-23 17:08:51,Ours,0.01,2.8730130856178766,14.33,14.33,9,51.8346,0:51.83,50.5415,0.1514,1.1401,475.3939,7:55.39,10,"2,0,4,9,8,6,7,5,1,3",2:78;0:192;4:218;9:96;8:66;6:114;7:168;5:192;1:53;3:84,"2:[2,11,14,17,21,25,29];0:[0,1,3,5,6,8,10,11,12,13,15,16,18,19,20,22,29,30,31];4:[1,2,3,4,6,8,9,11,12,13,15,16,17,18,19,20,25,26,28,30,31];9:[4,5,9,17,18,20,23,24,31];8:[1,3,4,14,17,23];6:[2,3,4,14,17,18,21,23,24,27,30];7:[0,1,2,4,7,8,9,11,12,18,19,21,25,27,30,31];5:[1,2,3,5,8,10,11,12,17,18,19,21,23,24,25,27,28,30,31];1:[3,5,17,28,31];3:[2,3,7,18,21,23,25,28]","c2:bw=78,experts=[2,11,14,17,21,25,29]; c0:bw=192,experts=[0,1,3,5,6,8,10,11,12,13,15,16,18,19,20,22,29,30,31]; c4:bw=218,experts=[1,2,3,4,6,8,9,11,12,13,15,16,17,18,19,20,25,26,28,30,31]; c9:bw=96,experts=[4,5,9,17,18,20,23,24,31]; c8:bw=66,experts=[1,3,4,14,17,23]; c6:bw=114,experts=[2,3,4,14,17,18,21,23,24,27,30]; c7:bw=168,experts=[0,1,2,4,7,8,9,11,12,18,19,21,25,27,30,31]; c5:bw=192,experts=[1,2,3,5,8,10,11,12,17,18,19,21,23,24,25,27,28,30,31]; c1:bw=53,experts=[3,5,17,28,31]; c3:bw=84,experts=[2,3,7,18,21,23,25,28]","3.6228,4.6970,6.8410,3.6130,5.4576,6.5926,4.5007,6.0283,4.1554,5.0331"
10,2026-09-23 17:09:42,Ours,0.01,2.9180191594719003,16.07,16.07,10,50.8449,0:50.84,49.5559,0.1576,1.1297,526.2529,8:46.25,10,"4,2,7,0,6,3,5,8,9,1",4:135;2:124;7:137;0:216;6:238;3:168;5:212;8:129;9:129;1:149,"4:[2,3,5,9,11,13,17,18,19,21,22,26,29];2:[1,2,5,7,8,9,11,15,21,27,28,30];7:[0,3,6,8,10,11,17,18,20,21,23,25,30];0:[2,5,6,7,11,12,14,15,16,17,18,19,21,22,23,24,26,27,28,29,30];6:[0,1,2,4,5,6,8,9,10,11,14,15,16,17,18,20,21,23,25,26,29,30,31];3:[1,3,4,5,7,8,9,12,14,19,20,22,23,27,30,31];5:[2,3,4,8,9,10,11,12,14,15,16,17,18,19,20,21,22,23,27,29,30];8:[1,4,7,9,12,14,15,16,17,25,26,30];9:[1,5,7,10,15,18,24,25,26,28,29,30];1:[0,2,5,6,7,12,16,19,20,21,25,29,30,31]","c4:bw=135,experts=[2,3,5,9,11,13,17,18,19,21,22,26,29]; c2:bw=124,experts=[1,2,5,7,8,9,11,15,21,27,28,30]; c7:bw=137,experts=[0,3,6,8,10,11,17,18,20,21,23,25,30]; c0:bw=216,experts=[2,5,6,7,11,12,14,15,16,17,18,19,21,22,23,24,26,27,28,29,30]; c6:bw=238,experts=[0,1,2,4,5,6,8,9,10,11,14,15,16,17,18,20,21,23,25,26,29,30,31]; c3:bw=168,experts=[1,3,4,5,7,8,9,12,14,19,20,22,23,27,30,31]; c5:bw=212,experts=[2,3,4,8,9,10,11,12,14,15,16,17,18,19,20,21,22,23,27,29,30]; c8:bw=129,experts=[1,4,7,9,12,14,15,16,17,25,26,30]; c9:bw=129,experts=[1,5,7,10,15,18,24,25,26,28,29,30]; c1:bw=149,experts=[0,2,5,6,7,12,16,19,20,21,25,29,30,31]","6.6912,3.6358,4.4273,4.5079,6.4939,4.9855,6.0223,5.2395,3.3847,4.1679"
11,2026-09-23 17:10:33,Ours,0.01,2.713878459193162,18.83,18.83,11,51.0953,0:51.10,49.7709,0.1509,1.1719,577.3631,9:37.36,10,"5,2,7,3,0,8,9,6,1,4",5:102;2:100;7:160;3:184;0:103;8:143;9:121;6:203;1:148;4:58,"5:[0,1,2,4,6,9,13,17,20,31];2:[9,11,12,18,22,23,25,27,28,30];7:[1,2,3,4,6,8,12,14,15,18,20,22,23,27,28,29];3:[0,1,2,3,4,7,8,11,12,14,17,18,23,26,27,28,30,31];0:[3,5,6,11,13,14,15,16,23,31];8:[4,5,7,10,11,12,14,16,17,20,22,28,29,31];9:[3,4,6,9,15,18,20,21,23,25,26,31];6:[0,1,3,4,7,8,9,10,11,12,15,16,17,20,23,24,25,27,28,30];1:[0,4,5,6,12,17,18,19,20,21,22,23,26,29];4:[5,8,9,26,27]","c5:bw=102,experts=[0,1,2,4,6,9,13,17,20,31]; c2:bw=100,experts=[9,11,12,18,22,23,25,27,28,30]; c7:bw=160,experts=[1,2,3,4,6,8,12,14,15,18,20,22,23,27,28,29]; c3:bw=184,experts=[0,1,2,3,4,7,8,11,12,14,17,18,23,26,27,28,30,31]; c0:bw=103,experts=[3,5,6,11,13,14,15,16,23,31]; c8:bw=143,experts=[4,5,7,10,11,12,14,16,17,20,22,28,29,31]; c9:bw=121,experts=[3,4,6,9,15,18,20,21,23,25,26,31]; c6:bw=203,experts=[0,1,3,4,7,8,9,10,11,12,15,16,17,20,23,24,25,27,28,30]; c1:bw=148,experts=[0,4,5,6,12,17,18,19,20,21,22,23,26,29]; c4:bw=58,experts=[5,8,9,26,27]","6.0621,3.6556,4.5725,4.9567,4.5525,5.2261,3.3994,6.5510,4.1614,6.6336"
12,2026-09-23 17:11:25,Ours,0.01,2.695999236074307,20.26,20.26,12,51.8352,0:51.84,50.5218,0.1535,1.1583,629.2133,10:29.21,10,"1,5,2,4,3,7,9,6,8,0",1:155;5:205;2:211;4:103;3:128;7:108;9:154;6:106;8:201;0:180,"1:[0,1,2,3,4,10,11,14,16,19,20,21,25,28,29];5:[0,1,2,5,6,7,8,11,13,15,17,18,19,20,21,23,25,26,28,31];2:[0,1,2,3,4,6,7,8,9,12,13,15,16,17,18,20,21,22,24,26,28];4:[0,3,7,10,11,20,25,26,27,30];3:[3,4,5,7,10,12,19,21,22,24,27,29];7:[0,5,7,8,9,14,16,18,26,27];9:[1,2,8,9,12,15,16,17,19,20,21,23,24,25,31];6:[0,2,5,10,14,15,20,26,27,31];8:[0,4,7,9,11,13,14,15,17,18,20,21,23,24,25,26,27,28,29,31];0:[1,2,4,5,6,10,12,14,16,17,18,19,21,24,26,27,28,31]","c1:bw=155,experts=[0,1,2,3,4,10,11,14,16,19,20,21,25,28,29]; c5:bw=205,experts=[0,1,2,5,6,7,8,11,13,15,17,18,19,20,21,23,25,26,28,31]; c2:bw=211,experts=[0,1,2,3,4,6,7,8,9,12,13,15,16,17,18,20,21,22,24,26,28]; c4:bw=103,experts=[0,3,7,10,11,20,25,26,27,30]; c3:bw=128,experts=[3,4,5,7,10,12,19,21,22,24,27,29]; c7:bw=108,experts=[0,5,7,8,9,14,16,18,26,27]; c9:bw=154,experts=[1,2,8,9,12,15,16,17,19,20,21,23,24,25,31]; c6:bw=106,experts=[0,2,5,10,14,15,20,26,27,31]; c8:bw=201,experts=[0,4,7,9,11,13,14,15,17,18,20,21,23,24,25,26,27,28,29,31]; c0:bw=180,experts=[1,2,4,5,6,10,12,14,16,17,18,19,21,24,26,27,28,31]","4.1513,6.1793,3.7479,6.9593,5.2164,4.5225,3.4239,6.5591,5.1536,4.6084"
13,2026-09-23 17:12:17,Ours,0.01,2.7943112284163734,20.07,20.26,12,51.9748,0:51.97,50.4994,0.1487,1.3217,681.2027,11:21.20,10,"3,1,4,5,8,6,9,7,0,2",3:111;1:174;4:13;5:107;8:56;6:133;9:54;7:214;0:93;2:59,"3:[2,5,8,10,11,13,15,17,18,20,24];1:[1,4,6,7,9,10,13,17,18,20,21,22,23,25,26,30,31];4:[2];5:[0,5,6,7,9,12,16,19,20,21];8:[4,10,16,28,30];6:[0,1,2,6,7,11,12,14,21,22,27,28,31];9:[6,9,11,13,31];7:[0,2,4,6,7,8,9,10,11,13,14,15,18,19,20,21,23,25,26,27,31];0:[6,8,9,11,15,22,24,27,29];2:[11,20,24,27,29]","c3:bw=111,experts=[2,5,8,10,11,13,15,17,18,20,24]; c1:bw=174,experts=[1,4,6,7,9,10,13,17,18,20,21,22,23,25,26,30,31]; c4:bw=13,experts=[2]; c5:bw=107,experts=[0,5,6,7,9,12,16,19,20,21]; c8:bw=56,experts=[4,10,16,28,30]; c6:bw=133,experts=[0,1,2,6,7,11,12,14,21,22,27,28,31]; c9:bw=54,experts=[6,9,11,13,31]; c7:bw=214,experts=[0,2,4,6,7,8,9,10,11,13,14,15,18,19,20,21,23,25,26,27,31]; c0:bw=93,experts=[6,8,9,11,15,22,24,27,29]; c2:bw=59,experts=[11,20,24,27,29]","4.9651,4.2492,6.7524,6.7371,5.1977,6.5154,3.3781,4.5674,4.4853,3.6517"
14,2026-09-23 17:13:07,Ours,0.01,2.6266948662086564,23.82,23.82,14,50.8855,0:50.89,49.5951,0.1518,1.1369,732.1026,12:12.10,10,"2,4,5,1,7,0,9,3,8,6",2:165;4:21;5:234;1:141;7:92;0:93;9:116;3:167;8:77;6:246,"2:[3,4,5,9,13,14,15,16,17,19,20,22,24,27,29,31];4:[14,16];5:[0,1,3,4,6,10,13,14,15,16,17,18,19,20,21,22,23,24,26,28,29,30,31];1:[3,4,5,8,13,17,19,20,23,24,25,27,30,31];7:[0,1,3,4,11,27,28,29,31];0:[5,8,9,10,16,17,19,23,25];9:[0,1,11,12,14,16,23,24,25,26,27];3:[1,2,3,4,5,6,9,10,11,15,20,21,22,23,26,31];8:[2,10,17,21,22,30,31];6:[0,3,4,6,7,8,9,10,11,12,15,16,17,18,19,20,21,22,23,24,25,26,29,30]","c2:bw=165,experts=[3,4,5,9,13,14,15,16,17,19,20,22,24,27,29,31]; c4:bw=21,experts=[14,16]; c5:bw=234,experts=[0,1,3,4,6,10,13,14,15,16,17,18,19,20,21,22,23,24,26,28,29,30,31]; c1:bw=141,experts=[3,4,5,8,13,17,19,20,23,24,25,27,30,31]; c7:bw=92,experts=[0,1,3,4,11,27,28,29,31]; c0:bw=93,experts=[5,8,9,10,16,17,19,23,25]; c9:bw=116,experts=[0,1,11,12,14,16,23,24,25,26,27]; c3:bw=167,experts=[1,2,3,4,5,6,9,10,11,15,20,21,22,23,26,31]; c8:bw=77,experts=[2,10,17,21,22,30,31]; c6:bw=246,experts=[0,3,4,6,7,8,9,10,11,12,15,16,17,18,19,20,21,22,23,24,25,26,29,30]","3.6751,6.6663,6.0714,4.1415,4.4801,4.4888,3.4246,4.9662,5.1664,6.5147"
15,2026-09-23 17:13:59,Ours,0.01,2.660137503781802,20.3,23.82,14,51.452,0:51.45,50.1623,0.1491,1.1389,783.5706,13:03.57,10,"7,0,1,8,3,2,4,5,9,6",7:216;0:75;1:52;8:190;3:38;2:193;4:171;5:65;9:71;6:120,"7:[0,1,2,4,6,7,9,10,12,13,14,15,17,18,19,20,21,23,27,29,31];0:[0,9,10,12,13,15,17];1:[0,15,17,23,24];8:[0,2,4,6,7,9,11,12,13,14,15,16,18,20,21,23,27,28,30];3:[8,18,29];2:[4,6,10,11,12,13,15,17,18,19,20,21,25,26,27,28,29,30,31];4:[1,2,8,9,10,12,13,15,16,17,18,20,21,23,27,28,30];5:[5,8,9,11,23,27];9:[7,16,17,21,22,24,27];6:[0,2,5,9,11,14,16,20,21,24,29,31]","c7:bw=216,experts=[0,1,2,4,6,7,9,10,12,13,14,15,17,18,19,20,21,23,27,29,31]; c0:bw=75,experts=[0,9,10,12,13,15,17]; c1:bw=52,experts=[0,15,17,23,24]; c8:bw=190,experts=[0,2,4,6,7,9,11,12,13,14,15,16,18,20,21,23,27,28,30]; c3:bw=38,experts=[8,18,29]; c2:bw=193,experts=[4,6,10,11,12,13,15,17,18,19,20,21,25,26,27,28,29,30,31]; c4:bw=171,experts=[1,2,8,9,10,12,13,15,16,17,18,20,21,23,27,28,30]; c5:bw=65,experts=[5,8,9,11,23,27]; c9:bw=71,experts=[7,16,17,21,22,24,27]; c6:bw=120,experts=[0,2,5,9,11,14,16,20,21,24,29,31]","4.4975,4.5364,4.2166,5.4394,5.1522,3.7389,6.6345,6.0387,3.3966,6.5116"
16,2026-09-23 17:14:50,Ours,0.01,2.6417626887427397,22.46,23.82,14,50.8073,0:50.81,49.5033,0.1521,1.1503,834.3934,13:54.39,10,"6,1,3,8,7,5,4,9,0,2",6:147;1:105;3:159;8:180;7:81;5:145;4:130;9:88;0:208;2:189,"6:[0,3,4,5,7,9,18,19,21,22,23,25,26,29];1:[0,1,3,7,10,15,16,18,28,30];3:[0,5,7,8,9,10,12,17,18,19,24,25,26,30,31];8:[0,1,2,5,7,8,10,13,14,15,16,17,19,23,24,27,28,30];7:[8,9,10,13,18,20,21,27];5:[0,2,3,5,9,10,11,12,16,17,18,20,21,29];4:[5,9,13,14,15,16,18,21,22,23,24,25,30];9:[0,5,7,18,19,22,23,27];0:[1,2,3,4,5,7,8,9,10,15,17,18,20,21,24,25,27,28,29,30];2:[1,2,4,6,9,10,11,13,14,16,17,18,19,23,25,29,30,31]","c6:bw=147,experts=[0,3,4,5,7,9,18,19,21,22,23,25,26,29]; c1:bw=105,experts=[0,1,3,7,10,15,16,18,28,30]; c3:bw=159,experts=[0,5,7,8,9,10,12,17,18,19,24,25,26,30,31]; c8:bw=180,experts=[0,1,2,5,7,8,10,13,14,15,16,17,19,23,24,27,28,30]; c7:bw=81,experts=[8,9,10,13,18,20,21,27]; c5:bw=145,experts=[0,2,3,5,9,10,11,12,16,17,18,20,21,29]; c4:bw=130,experts=[5,9,13,14,15,16,18,21,22,23,24,25,30]; c9:bw=88,experts=[0,5,7,18,19,22,23,27]; c0:bw=208,experts=[1,2,3,4,5,7,8,9,10,15,17,18,20,21,24,25,27,28,29,30]; c2:bw=189,experts=[1,2,4,6,9,10,11,13,14,16,17,18,19,23,25,29,30,31]","6.5344,4.1472,4.9294,5.1287,4.4925,6.0455,6.6188,3.4017,4.5313,3.6736"
17,2026-09-23 17:15:40,Ours,0.01,2.4803294511710274,30.12,30.12,17,50.7661,0:50.77,49.447,0.1494,1.168,885.1756,14:45.18,10,"4,7,8,3,5,1,0,2,9,6",4:212;7:90;8:29;3:192;5:11;1:106;0:39;2:71;9:136;6:141,"4:[1,2,3,4,7,8,9,10,11,12,13,15,16,17,19,21,22,23,24,27,28];7:[0,6,7,13,15,18,20,29,30];8:[4,31];3:[1,4,5,8,9,10,11,12,13,14,18,21,23,24,25,26,29,30,31];5:[5];1:[0,4,5,8,9,11,15,20,21,26];0:[0,16,27];2:[1,7,8,9,14,22,24];9:[0,2,4,8,13,14,20,21,24,25,26,28,31];6:[4,5,7,8,16,19,20,22,23,24,25,28,30,31]","c4:bw=212,experts=[1,2,3,4,7,8,9,10,11,12,13,15,16,17,19,21,22,23,24,27,28]; c7:bw=90,experts=[0,6,7,13,15,18,20,29,30]; c8:bw=29,experts=[4,31]; c3:bw=192,experts=[1,4,5,8,9,10,11,12,13,14,18,21,23,24,25,26,29,30,31]; c5:bw=11,experts=[5]; c1:bw=106,experts=[0,4,5,8,9,11,15,20,21,26]; c0:bw=39,experts=[0,16,27]; c2:bw=71,experts=[1,7,8,9,14,22,24]; c9:bw=136,experts=[0,2,4,8,13,14,20,21,24,25,26,28,31]; c6:bw=141,experts=[4,5,7,8,16,19,20,22,23,24,25,28,30,31]","6.6589,4.4911,5.1611,4.9388,5.9953,4.1503,4.4950,3.6369,3.4179,6.5018"
18,2026-09-23 17:16:32,Ours,0.01,2.421753558364954,29.11,30.12,17,51.5114,0:51.51,50.2189,0.1441,1.1468,936.7029,15:36.70,10,"1,8,5,2,9,7,4,3,0,6",1:23;8:18;5:127;2:137;9:69;7:200;4:204;3:137;0:179;6:115,"1:[21,30];8:[4];5:[1,5,7,8,13,14,21,24,27,29,30,31];2:[1,2,3,4,5,6,10,13,17,19,23,24,27];9:[9,13,14,15,16,30];7:[1,4,5,9,10,11,12,13,14,15,18,19,20,21,23,25,27,28,29,30];4:[0,1,5,6,8,9,10,11,14,16,17,20,21,22,23,25,27,28,29,31];3:[2,3,4,6,7,10,11,12,17,18,21,25,26];0:[0,2,4,5,6,10,14,17,18,21,22,24,25,26,27,28,29];6:[1,2,5,9,11,13,18,19,23,27,31]","c1:bw=23,experts=[21,30]; c8:bw=18,experts=[4]; c5:bw=127,experts=[1,5,7,8,13,14,21,24,27,29,30,31]; c2:bw=137,experts=[1,2,3,4,5,6,10,13,17,19,23,24,27]; c9:bw=69,experts=[9,13,14,15,16,30]; c7:bw=200,experts=[1,4,5,9,10,11,12,13,14,15,18,19,20,21,23,25,27,28,29,30]; c4:bw=204,experts=[0,1,5,6,8,9,10,11,14,16,17,20,21,22,23,25,27,28,29,31]; c3:bw=137,experts=[2,3,4,6,7,10,11,12,17,18,21,25,26]; c0:bw=179,experts=[0,2,4,5,6,10,14,17,18,21,22,24,25,26,27,28,29]; c6:bw=115,experts=[1,2,5,9,11,13,18,19,23,27,31]","4.1447,5.1752,6.1351,3.8326,3.5504,4.6092,6.6557,4.9868,4.5374,6.5918"
19,2026-09-23 17:17:23,Ours,0.01,2.43633040695278,26.69,30.12,17,50.8441,0:50.84,49.5533,0.1494,1.1397,987.5637,16:27.56,10,"8,0,4,1,9,5,7,2,6,3",8:205;0:154;4:188;1:169;9:140;5:106;7:82;2:52;6:241;3:145,"8:[1,3,5,6,7,8,9,12,13,14,16,19,20,21,22,23,24,27,30,31];0:[0,2,5,11,13,14,15,19,20,23,26,27,28,30,31];4:[1,2,5,6,9,10,12,16,19,21,22,23,24,25,26,27,29,30];1:[0,1,6,7,9,11,12,14,15,19,20,25,26,27,28,31];9:[3,4,7,9,10,14,15,16,18,20,22,23,24,28];5:[3,12,13,16,23,24,25,27,28,29];7:[0,3,8,10,11,19,24,27];2:[9,14,15,22,26];6:[0,1,2,3,4,5,6,8,10,12,13,15,17,19,20,21,22,23,24,26,27,28,29,30];3:[3,4,6,7,9,14,17,18,20,21,28,29,30,31]","c8:bw=205,experts=[1,3,5,6,7,8,9,12,13,14,16,19,20,21,22,23,24,27,30,31]; c0:bw=154,experts=[0,2,5,11,13,14,15,19,20,23,26,27,28,30,31]; c4:bw=188,experts=[1,2,5,6,9,10,12,16,19,21,22,23,24,25,26,27,29,30]; c1:bw=169,experts=[0,1,6,7,9,11,12,14,15,19,20,25,26,27,28,31]; c9:bw=140,experts=[3,4,7,9,10,14,15,16,18,20,22,23,24,28]; c5:bw=106,experts=[3,12,13,16,23,24,25,27,28,29]; c7:bw=82,experts=[0,3,8,10,11,19,24,27]; c2:bw=52,experts=[9,14,15,22,26]; c6:bw=241,experts=[0,1,2,3,4,5,6,8,10,12,13,15,17,19,20,21,22,23,24,26,27,28,29,30]; c3:bw=145,experts=[3,4,6,7,9,14,17,18,20,21,28,29,30,31]","5.1621,4.5588,6.7020,4.1532,3.3869,6.0552,4.4673,3.6500,6.4803,4.9375"
20,2026-09-23 17:18:14,Ours,0.01,2.447739493290561,28.12,30.12,17,50.9727,0:50.97,49.6677,0.1538,1.1496,1038.5522,17:18.55,10,"0,2,1,9,7,6,3,5,4,8",0:101;2:151;1:147;9:61;7:157;6:248;3:67;5:13;4:217;8:184,"0:[4,6,14,17,18,19,22,24,25,29];2:[0,2,3,4,5,8,9,11,17,18,22,23,26,29,30];1:[1,2,6,9,12,13,16,17,18,23,26,27,28,30];9:[5,6,11,20,21,28];7:[0,1,6,8,11,14,15,17,18,19,20,21,26,28,30];6:[1,2,4,5,6,7,8,9,10,11,12,13,15,16,17,18,19,21,23,24,25,27,28,29];3:[0,3,8,19,21,24];5:[10];4:[0,3,5,6,11,14,15,16,17,18,19,20,22,23,24,26,27,28,29,30,31];8:[0,2,3,5,8,9,10,12,14,16,18,19,23,24,27,28,29,30]","c0:bw=101,experts=[4,6,14,17,18,19,22,24,25,29]; c2:bw=151,experts=[0,2,3,4,5,8,9,11,17,18,22,23,26,29,30]; c1:bw=147,experts=[1,2,6,9,12,13,16,17,18,23,26,27,28,30]; c9:bw=61,experts=[5,6,11,20,21,28]; c7:bw=157,experts=[0,1,6,8,11,14,15,17,18,19,20,21,26,28,30]; c6:bw=248,experts=[1,2,4,5,6,7,8,9,10,11,12,13,15,16,17,18,19,21,23,24,25,27,28,29]; c3:bw=67,experts=[0,3,8,19,21,24]; c5:bw=13,experts=[10]; c4:bw=217,experts=[0,3,5,6,11,14,15,16,17,18,19,20,22,23,24,26,27,28,29,30,31]; c8:bw=184,experts=[0,2,3,5,8,9,10,12,14,16,18,19,23,24,27,28,29,30]","4.5665,3.6962,4.1545,3.4058,4.5027,6.5161,4.9225,6.0677,6.6904,5.1452"
21,2026-09-23 17:19:05,Ours,0.01,2.455881473281576,26.78,30.12,17,51.4672,0:51.47,50.1708,0.1506,1.1443,1090.037,18:10.04,10,"1,2,7,4,8,5,0,3,6,9",1:150;2:145;7:46;4:175;8:67;5:118;0:243;3:27;6:57;9:93,"1:[2,4,6,7,9,11,13,15,17,20,25,27,28,29,30];2:[2,3,4,5,7,12,13,14,17,18,21,27,28,30];7:[8,14,18,19];4:[0,1,3,5,9,10,12,14,16,19,20,22,24,26,27,30,31];8:[8,11,13,16,21,23];5:[1,2,5,6,10,12,13,18,21,23,30];0:[0,1,3,5,7,8,9,10,11,12,13,15,16,17,18,20,22,23,24,26,27,28,30,31];3:[10,31];6:[13,17,20,26,29];9:[0,11,14,15,16,20,21,29,31]","c1:bw=150,experts=[2,4,6,7,9,11,13,15,17,20,25,27,28,29,30]; c2:bw=145,experts=[2,3,4,5,7,12,13,14,17,18,21,27,28,30]; c7:bw=46,experts=[8,14,18,19]; c4:bw=175,experts=[0,1,3,5,9,10,12,14,16,19,20,22,24,26,27,30,31]; c8:bw=67,experts=[8,11,13,16,21,23]; c5:bw=118,experts=[1,2,5,6,10,12,13,18,21,23,30]; c0:bw=243,experts=[0,1,3,5,7,8,9,10,11,12,13,15,16,17,18,20,22,23,24,26,27,28,30,31]; c3:bw=27,experts=[10,31]; c6:bw=57,experts=[13,17,20,26,29]; c9:bw=93,experts=[0,11,14,15,16,20,21,29,31]","4.1910,3.7010,4.4648,6.9071,5.3721,6.1581,4.5294,4.9230,6.5349,3.3895"
22,2026-09-23 17:19:56,Ours,0.01,2.315044813632862,31.97,31.97,22,50.9328,0:50.93,49.6323,0.1484,1.1504,1140.9874,19:00.99,10,"7,9,1,6,5,2,0,4,3,8",7:59;9:120;1:24;6:224;5:61;2:242;0:245;4:133;3:204;8:120,"7:[12,15,23,27,29];9:[0,4,5,6,10,11,12,17,19,20,27,28];1:[8,15];6:[0,1,4,7,8,9,12,13,14,15,16,17,18,19,20,22,23,24,26,29,30,31];5:[0,9,18,20,21,22];2:[0,1,3,5,6,7,9,10,11,12,14,15,16,18,19,21,22,23,24,25,26,27,30,31];0:[0,1,3,4,5,6,8,9,10,11,14,15,16,17,18,19,20,21,24,26,27,28,30,31];4:[1,2,8,9,10,15,16,17,18,27,28,29,31];3:[0,1,2,3,4,5,6,7,9,15,17,18,19,20,22,25,26,28,30,31];8:[2,5,7,8,13,14,17,18,20,21,28,29]","c7:bw=59,experts=[12,15,23,27,29]; c9:bw=120,experts=[0,4,5,6,10,11,12,17,19,20,27,28]; c1:bw=24,experts=[8,15]; c6:bw=224,experts=[0,1,4,7,8,9,12,13,14,15,16,17,18,19,20,22,23,24,26,29,30,31]; c5:bw=61,experts=[0,9,18,20,21,22]; c2:bw=242,experts=[0,1,3,5,6,7,9,10,11,12,14,15,16,18,19,21,22,23,24,25,26,27,30,31]; c0:bw=245,experts=[0,1,3,4,5,6,8,9,10,11,14,15,16,17,18,19,20,21,24,26,27,28,30,31]; c4:bw=133,experts=[1,2,8,9,10,15,16,17,18,27,28,29,31]; c3:bw=204,experts=[0,1,2,3,4,5,6,7,9,15,17,18,19,20,22,25,26,28,30,31]; c8:bw=120,experts=[2,5,7,8,13,14,17,18,20,21,28,29]","4.4820,3.4486,4.1800,6.5291,6.0048,3.6620,4.5472,6.6415,4.9919,5.1453"
23,2026-09-23 17:20:48,Ours,0.01,2.3091465424460034,33.56,33.56,23,51.2986,0:51.30,50.0066,0.1503,1.14,1192.3051,19:52.31,10,"5,7,4,6,9,8,3,1,2,0",5:190;7:55;4:205;6:37;9:184;8:128;3:57;1:226;2:118;0:41,"5:[0,1,2,7,8,9,12,14,15,16,17,18,20,24,26,27,28,29,30];7:[3,10,16,19,26];4:[0,1,2,3,5,7,9,12,13,14,17,18,20,21,22,24,26,29,30,31];6:[3,6,26];9:[1,3,4,7,9,11,12,13,14,17,21,23,24,25,26,27,28,30];8:[1,4,8,10,12,17,23,24,27,28,30,31];3:[3,4,5,12,18];1:[0,4,5,6,7,8,10,14,16,17,18,19,20,21,23,24,25,27,28,29,30,31];2:[0,1,3,6,16,17,19,22,24,28,31];0:[0,3,6,13]","c5:bw=190,experts=[0,1,2,7,8,9,12,14,15,16,17,18,20,24,26,27,28,29,30]; c7:bw=55,experts=[3,10,16,19,26]; c4:bw=205,experts=[0,1,2,3,5,7,9,12,13,14,17,18,20,21,22,24,26,29,30,31]; c6:bw=37,experts=[3,6,26]; c9:bw=184,experts=[1,3,4,7,9,11,12,13,14,17,21,23,24,25,26,27,28,30]; c8:bw=128,experts=[1,4,8,10,12,17,23,24,27,28,30,31]; c3:bw=57,experts=[3,4,5,12,18]; c1:bw=226,experts=[0,4,5,6,7,8,10,14,16,17,18,19,20,21,23,24,25,27,28,29,30,31]; c2:bw=118,experts=[0,1,3,6,16,17,19,22,24,28,31]; c0:bw=41,experts=[0,3,6,13]","6.1366,4.5313,6.6714,6.5365,3.4520,5.2387,4.9717,4.1782,3.6962,4.5940"
24,2026-09-23 17:21:39,Ours,0.01,2.243359572146031,27.62,33.56,23,51.5048,0:51.50,50.2225,0.1428,1.1381,1243.8274,20:43.83,10,"6,4,7,9,2,1,5,8,3,0",6:110;4:46;7:12;9:182;2:158;1:10;5:90;8:67;3:10;0:115,"6:[0,1,5,12,13,15,16,19,21,22,26];4:[5,14,16,29];7:[11];9:[1,7,9,10,13,14,15,16,17,18,19,20,22,23,24,25,26,30];2:[4,9,10,14,15,17,19,21,23,24,26,27,28,29,30];1:[17];5:[0,1,3,4,5,6,12,15,31];8:[1,3,8,23,24,29];3:[29];0:[4,8,10,11,12,13,15,24,29,30,31]","c6:bw=110,experts=[0,1,5,12,13,15,16,19,21,22,26]; c4:bw=46,experts=[5,14,16,29]; c7:bw=12,experts=[11]; c9:bw=182,experts=[1,7,9,10,13,14,15,16,17,18,19,20,22,23,24,25,26,30]; c2:bw=158,experts=[4,9,10,14,15,17,19,21,23,24,26,27,28,29,30]; c1:bw=10,experts=[17]; c5:bw=90,experts=[0,1,3,4,5,6,12,15,31]; c8:bw=67,experts=[1,3,8,23,24,29]; c3:bw=10,experts=[29]; c0:bw=115,experts=[4,8,10,11,12,13,15,24,29,30,31]","6.5422,6.6746,4.6711,3.5682,3.8427,4.2554,6.0500,5.1168,4.9344,4.5670"
25,2026-09-23 17:22:30,Ours,0.01,2.254215365149128,38.48,38.48,25,50.9574,0:50.96,49.6617,0.1501,1.1439,1294.8025,21:34.80,10,"9,6,4,3,5,1,8,2,0,7",9:148;6:58;4:214;3:50;5:233;1:179;8:200;2:46;0:206;7:146,"9:[1,2,6,7,9,10,11,13,15,21,23,25,29,31];6:[3,5,9,10,26];4:[1,2,3,5,6,7,8,10,11,13,15,16,18,19,20,21,23,24,25,27,30];3:[2,6,7,10,26];5:[0,1,2,3,5,6,9,12,13,14,15,16,17,18,20,21,23,24,26,27,29,30,31];1:[0,3,4,8,10,11,13,14,15,18,19,20,21,24,28,29,30];8:[0,2,5,6,7,8,10,11,15,16,19,20,21,22,23,25,26,27,29,30];2:[2,4,18,25];0:[0,1,2,3,4,5,6,8,11,12,15,16,18,21,22,23,24,25,26,31];7:[0,1,4,6,7,13,15,17,18,19,20,24,29,31]","c9:bw=148,experts=[1,2,6,7,9,10,11,13,15,21,23,25,29,31]; c6:bw=58,experts=[3,5,9,10,26]; c4:bw=214,experts=[1,2,3,5,6,7,8,10,11,13,15,16,18,19,20,21,23,24,25,27,30]; c3:bw=50,experts=[2,6,7,10,26]; c5:bw=233,experts=[0,1,2,3,5,6,9,12,13,14,15,16,17,18,20,21,23,24,26,27,29,30,31]; c1:bw=179,experts=[0,3,4,8,10,11,13,14,15,18,19,20,21,24,28,29,30]; c8:bw=200,experts=[0,2,5,6,7,8,10,11,15,16,19,20,21,22,23,25,26,27,29,30]; c2:bw=46,experts=[2,4,18,25]; c0:bw=206,experts=[0,1,2,3,4,5,6,8,11,12,15,16,18,21,22,23,24,25,26,31]; c7:bw=146,experts=[0,1,4,6,7,13,15,17,18,19,20,24,29,31]","3.4221,6.5586,6.6514,4.9477,6.0122,4.1863,5.1462,3.6582,4.5651,4.5139"
26,2026-09-23 17:23:21,Ours,0.01,2.2597583513806785,20.02,38.48,25,51.0527,0:51.05,49.7332,0.1562,1.1617,1345.8743,22:25.87,10,"3,6,9,7,1,5,2,8,0,4",3:162;6:123;9:184;7:114;1:122;5:75;2:110;8:195;0:39;4:175,"3:[1,5,7,8,10,11,12,13,18,19,20,21,22,24,25,27];6:[3,4,6,7,8,12,14,15,16,17,24,31];9:[1,2,3,5,6,7,9,10,12,13,14,16,17,18,28,29,30,31];7:[1,3,6,14,18,20,21,23,24,26,28];1:[0,3,5,6,8,12,13,14,16,17,25,27];5:[1,2,3,16,17,20,22];2:[2,6,11,15,16,20,21,22,25,27,29];8:[0,1,3,5,7,8,9,11,12,14,15,19,22,23,24,25,26,28,30];0:[2,15,16];4:[1,5,8,9,12,14,15,17,20,22,24,25,26,27,29,30,31]","c3:bw=162,experts=[1,5,7,8,10,11,12,13,18,19,20,21,22,24,25,27]; c6:bw=123,experts=[3,4,6,7,8,12,14,15,16,17,24,31]; c9:bw=184,experts=[1,2,3,5,6,7,9,10,12,13,14,16,17,18,28,29,30,31]; c7:bw=114,experts=[1,3,6,14,18,20,21,23,24,26,28]; c1:bw=122,experts=[0,3,5,6,8,12,13,14,16,17,25,27]; c5:bw=75,experts=[1,2,3,16,17,20,22]; c2:bw=110,experts=[2,6,11,15,16,20,21,22,25,27,29]; c8:bw=195,experts=[0,1,3,5,7,8,9,11,12,14,15,19,22,23,24,25,26,28,30]; c0:bw=39,experts=[2,15,16]; c4:bw=175,experts=[1,5,8,9,12,14,15,17,20,22,24,25,26,27,29,30,31]","4.9840,6.5645,3.4057,4.4929,4.2069,6.0484,3.6656,5.1455,4.5614,6.6581"
27,2026-09-23 17:24:13,Ours,0.01,2.3706393858717627,32.15,38.48,25,51.7626,0:51.76,50.4607,0.147,1.1532,1397.6563,23:17.66,10,"7,1,4,0,9,2,8,3,6,5",7:188;1:227;4:45;0:131;9:66;2:73;8:202;3:77;6:231;5:134,"7:[6,7,11,12,13,14,16,17,18,19,21,22,25,26,27,28,29,30];1:[1,2,4,6,7,8,9,12,13,14,15,17,18,19,20,21,23,25,27,28,30,31];4:[3,8,9,14];0:[1,2,5,6,8,10,13,17,18,20,24,28,29];9:[9,13,15,18,20,25];2:[1,3,5,12,19,24,25];8:[2,3,4,5,6,7,11,12,13,14,15,18,19,20,22,23,24,25,27,29];3:[0,7,14,15,20,26,31];6:[0,2,3,5,6,7,8,10,11,12,13,15,17,18,20,21,22,23,24,25,26,28,30];5:[4,10,12,13,14,16,17,20,21,24,25,28,31]","c7:bw=188,experts=[6,7,11,12,13,14,16,17,18,19,21,22,25,26,27,28,29,30]; c1:bw=227,experts=[1,2,4,6,7,8,9,12,13,14,15,17,18,19,20,21,23,25,27,28,30,31]; c4:bw=45,experts=[3,8,9,14]; c0:bw=131,experts=[1,2,5,6,8,10,13,17,18,20,24,28,29]; c9:bw=66,experts=[9,13,15,18,20,25]; c2:bw=73,experts=[1,3,5,12,19,24,25]; c8:bw=202,experts=[2,3,4,5,6,7,11,12,13,14,15,18,19,20,22,23,24,25,27,29]; c3:bw=77,experts=[0,7,14,15,20,26,31]; c6:bw=231,experts=[0,2,3,5,6,7,8,10,11,12,13,15,17,18,20,21,22,23,24,25,26,28,30]; c5:bw=134,experts=[4,10,12,13,14,16,17,20,21,24,25,28,31]","4.5302,4.2324,6.6970,4.8018,3.5943,3.8144,5.2351,4.9344,6.5329,6.0884"
28,2026-09-23 17:25:04,Ours,0.01,2.2988765332591123,25.98,38.48,25,51.1559,0:51.16,49.8469,0.1446,1.1629,1448.8306,24:08.83,10,"6,9,0,8,2,5,1,3,4,7",6:108;9:179;0:172;8:108;2:10;5:122;1:91;3:42;4:28;7:10,"6:[0,1,2,6,8,10,15,22,28,31];9:[3,5,6,7,9,11,12,13,16,17,18,19,20,22,29,30,31];0:[1,2,5,6,7,8,10,12,14,16,17,19,20,21,23,27,29];8:[2,10,12,13,15,18,22,25,27,29];2:[13];5:[0,5,6,7,8,9,19,20,24,27,28,29];1:[4,7,11,16,20,21,22,25,26];3:[17,21,22,28];4:[2,11];7:[30]","c6:bw=108,experts=[0,1,2,6,8,10,15,22,28,31]; c9:bw=179,experts=[3,5,6,7,9,11,12,13,16,17,18,19,20,22,29,30,31]; c0:bw=172,experts=[1,2,5,6,7,8,10,12,14,16,17,19,20,21,23,27,29]; c8:bw=108,experts=[2,10,12,13,15,18,22,25,27,29]; c2:bw=10,experts=[13]; c5:bw=122,experts=[0,5,6,7,8,9,19,20,24,27,28,29]; c1:bw=91,experts=[4,7,11,16,20,21,22,25,26]; c3:bw=42,experts=[17,21,22,28]; c4:bw=28,experts=[2,11]; c7:bw=10,experts=[30]","6.5650,3.4260,4.5913,5.1836,3.7354,6.0709,4.2053,4.9548,6.5990,4.5155"
29,2026-09-23 17:25:55,Ours,0.01,2.2640277371175985,35.56,38.48,25,51.1304,0:51.13,49.8445,0.1476,1.1367,1499.9807,24:59.98,10,"4,0,1,9,6,8,7,3,2,5",4:140;0:161;1:122;9:160;6:157;8:123;7:77;3:116;2:66;5:123,"4:[1,2,3,7,9,11,13,15,19,21,22,23,25,30];0:[1,2,3,4,5,6,7,9,11,13,14,15,17,21,30,31];1:[1,5,6,7,9,10,11,13,19,22,24,31];9:[1,3,5,6,7,9,10,12,13,15,20,21,25,26,27,31];6:[3,4,8,13,15,16,17,18,21,24,25,26,28,30,31];8:[0,4,9,15,18,19,20,22,24,27,29,30];7:[1,6,14,15,18,21,24];3:[0,2,5,7,12,17,18,21,24,25,30];2:[8,9,13,16,21,25];5:[4,5,7,8,9,14,15,20,21,23,28,30]","c4:bw=140,experts=[1,2,3,7,9,11,13,15,19,21,22,23,25,30]; c0:bw=161,experts=[1,2,3,4,5,6,7,9,11,13,14,15,17,21,30,31]; c1:bw=122,experts=[1,5,6,7,9,10,11,13,19,22,24,31]; c9:bw=160,experts=[1,3,5,6,7,9,10,12,13,15,20,21,25,26,27,31]; c6:bw=157,experts=[3,4,8,13,15,16,17,18,21,24,25,26,28,30,31]; c8:bw=123,experts=[0,4,9,15,18,19,20,22,24,27,29,30]; c7:bw=77,experts=[1,6,14,15,18,21,24]; c3:bw=116,experts=[0,2,5,7,12,17,18,21,24,25,30]; c2:bw=66,experts=[8,9,13,16,21,25]; c5:bw=123,experts=[4,5,7,8,9,14,15,20,21,23,28,30]","6.6593,4.5842,4.1938,3.4456,6.5654,5.1972,4.5284,4.9930,3.6307,6.0468"
30,2026-09-23 17:26:47,Ours,0.01,2.183508538918742,31.59,38.48,25,51.7003,0:51.70,50.4048,0.1489,1.145,1551.7001,25:51.70,10,"5,1,9,4,0,8,6,7,3,2",5:226;1:129;9:200;4:189;0:64;8:152;6:39;7:44;3:216;2:99,"5:[0,1,2,3,4,5,6,7,9,10,11,13,15,16,17,18,19,20,21,22,25,31];1:[0,3,7,11,13,14,16,17,23,24,29,30];9:[0,4,5,6,7,8,10,13,14,16,17,19,22,23,24,25,26,27,28,29];4:[1,6,7,9,10,12,14,17,18,21,24,25,26,27,28,29,30,31];0:[0,11,15,22,24,28];8:[0,5,6,7,9,10,11,15,16,18,20,22,25,29,31];6:[6,12,20];7:[9,11,14,25];3:[0,3,4,5,6,7,9,14,15,16,17,18,19,23,24,25,26,27,28,29,30];2:[2,3,7,12,22,23,24,25,30]","c5:bw=226,experts=[0,1,2,3,4,5,6,7,9,10,11,13,15,16,17,18,19,20,21,22,25,31]; c1:bw=129,experts=[0,3,7,11,13,14,16,17,23,24,29,30]; c9:bw=200,experts=[0,4,5,6,7,8,10,13,14,16,17,19,22,23,24,25,26,27,28,29]; c4:bw=189,experts=[1,6,7,9,10,12,14,17,18,21,24,25,26,27,28,29,30,31]; c0:bw=64,experts=[0,11,15,22,24,28]; c8:bw=152,experts=[0,5,6,7,9,10,11,15,16,18,20,22,25,29,31]; c6:bw=39,experts=[6,12,20]; c7:bw=44,experts=[9,11,14,25]; c3:bw=216,experts=[0,3,4,5,6,7,9,14,15,16,17,18,19,23,24,25,26,27,28,29,30]; c2:bw=99,experts=[2,3,7,12,22,23,24,25,30]","6.0962,4.1821,3.4314,6.9343,4.7650,5.2993,6.5209,4.4815,5.0238,3.6702"
31,2026-09-23 17:27:38,Ours,0.01,2.1081566765797657,42.36,42.36,31,51.0945,0:51.09,49.8078,0.15,1.1351,1602.8154,26:42.82,10,"6,4,9,1,5,8,3,2,0,7",6:108;4:70;9:164;1:111;5:226;8:120;3:87;2:57;0:172;7:230,"6:[1,3,9,12,17,18,21,22,23,25];4:[2,5,6,11,14,24,28];9:[0,3,4,6,8,10,15,16,18,20,23,24,25,29,30,31];1:[0,3,4,5,8,9,13,15,20,25,30];5:[1,3,4,5,6,7,8,9,12,14,15,16,17,18,19,21,24,26,27,28,29,31];8:[3,4,5,6,11,12,14,21,22,26,30,31];3:[0,9,17,19,20,26,28,30];2:[8,9,17,28,31];0:[1,5,6,7,9,13,14,15,16,18,19,20,22,24,25,26,29];7:[0,1,3,4,5,7,8,9,10,12,14,16,17,20,21,23,24,25,26,27,29,30,31]","c6:bw=108,experts=[1,3,9,12,17,18,21,22,23,25]; c4:bw=70,experts=[2,5,6,11,14,24,28]; c9:bw=164,experts=[0,3,4,6,8,10,15,16,18,20,23,24,25,29,30,31]; c1:bw=111,experts=[0,3,4,5,8,9,13,15,20,25,30]; c5:bw=226,experts=[1,3,4,5,6,7,8,9,12,14,15,16,17,18,19,21,24,26,27,28,29,31]; c8:bw=120,experts=[3,4,5,6,11,12,14,21,22,26,30,31]; c3:bw=87,experts=[0,9,17,19,20,26,28,30]; c2:bw=57,experts=[8,9,17,28,31]; c0:bw=172,experts=[1,5,6,7,9,13,14,15,16,18,19,20,22,24,25,26,29]; c7:bw=230,experts=[0,1,3,4,5,7,8,9,10,12,14,16,17,20,21,23,24,25,26,27,29,30,31]","6.5440,6.6433,3.4430,4.1981,6.1033,5.1943,4.9805,3.6342,4.5701,4.4970"
32,2026-09-23 17:28:29,Ours,0.01,2.117539220665278,34.39,42.36,31,51.2384,0:51.24,49.9418,0.1485,1.1464,1654.0731,27:34.07,10,"8,5,4,7,0,1,3,6,2,9",8:79;5:130;4:178;7:171;0:167;1:77;3:103;6:98;2:197;9:115,"8:[0,5,11,16,19,21,25];5:[0,1,3,4,5,8,10,12,23,24,26,27,30];4:[0,2,4,7,8,10,11,16,17,19,22,23,24,25,26,27,28];7:[1,3,5,8,10,12,14,15,17,18,19,20,23,25,26,30,31];0:[2,5,7,8,10,13,14,15,16,19,22,23,24,26,27,29];1:[2,11,13,18,19,20,30];3:[1,2,8,11,16,20,25,26,27,31];6:[8,12,14,15,19,21,23,25,29];2:[1,2,5,6,8,9,10,11,12,14,16,20,21,23,26,27,28,30,31];9:[2,6,10,14,15,18,20,23,24,26,29]","c8:bw=79,experts=[0,5,11,16,19,21,25]; c5:bw=130,experts=[0,1,3,4,5,8,10,12,23,24,26,27,30]; c4:bw=178,experts=[0,2,4,7,8,10,11,16,17,19,22,23,24,25,26,27,28]; c7:bw=171,experts=[1,3,5,8,10,12,14,15,17,18,19,20,23,25,26,30,31]; c0:bw=167,experts=[2,5,7,8,10,13,14,15,16,19,22,23,24,26,27,29]; c1:bw=77,experts=[2,11,13,18,19,20,30]; c3:bw=103,experts=[1,2,8,11,16,20,25,26,27,31]; c6:bw=98,experts=[8,12,14,15,19,21,23,25,29]; c2:bw=197,experts=[1,2,5,6,8,9,10,11,12,14,16,20,21,23,26,27,28,30,31]; c9:bw=115,experts=[2,6,10,14,15,18,20,23,24,26,29]","5.1848,6.1403,6.6798,4.5170,4.5657,4.1699,4.9967,6.4964,3.7519,3.4392"
33,2026-09-23 17:29:21,Ours,0.01,2.0520419871446127,45.66,45.66,33,51.7256,0:51.73,50.4215,0.1581,1.1443,1705.8185,28:25.82,10,"7,1,3,6,5,9,2,8,4,0",7:192;1:126;3:256;6:135;5:108;9:152;2:86;8:182;4:165;0:229,"7:[1,2,3,4,5,6,7,8,9,10,11,17,20,22,24,25,26,27,29];1:[2,8,10,11,13,15,16,18,23,27,28,29];3:[0,1,2,3,4,7,8,9,10,12,13,14,15,17,19,20,21,22,23,24,25,26,28,29,30];6:[1,2,4,7,8,9,10,12,16,17,26,29,31];5:[3,4,5,6,10,16,22,23,27,30];9:[0,1,3,6,7,8,10,11,12,15,20,23,27,28,29];2:[2,7,10,12,15,24,25,29];8:[3,4,5,6,8,13,14,15,17,18,21,22,23,26,28,29,30,31];4:[1,4,5,7,8,9,12,13,17,18,22,23,24,27,30,31];0:[0,1,3,6,7,8,9,10,11,12,13,14,15,16,19,20,21,23,24,25,27,30]","c7:bw=192,experts=[1,2,3,4,5,6,7,8,9,10,11,17,20,22,24,25,26,27,29]; c1:bw=126,experts=[2,8,10,11,13,15,16,18,23,27,28,29]; c3:bw=256,experts=[0,1,2,3,4,7,8,9,10,12,13,14,15,17,19,20,21,22,23,24,25,26,28,29,30]; c6:bw=135,experts=[1,2,4,7,8,9,10,12,16,17,26,29,31]; c5:bw=108,experts=[3,4,5,6,10,16,22,23,27,30]; c9:bw=152,experts=[0,1,3,6,7,8,10,11,12,15,20,23,27,28,29]; c2:bw=86,experts=[2,7,10,12,15,24,25,29]; c8:bw=182,experts=[3,4,5,6,8,13,14,15,17,18,21,22,23,26,28,29,30,31]; c4:bw=165,experts=[1,4,5,7,8,9,12,13,17,18,22,23,24,27,30,31]; c0:bw=229,experts=[0,1,3,6,7,8,9,10,11,12,13,14,15,16,19,20,21,23,24,25,27,30]","4.5253,4.2290,5.0119,6.7650,6.3200,3.4895,3.6513,5.2201,6.6412,4.5683"
34,2026-09-23 17:30:12,Ours,0.01,1.9773841100569918,45.93,45.93,34,51.2664,0:51.27,49.9422,0.1595,1.1629,1757.1055,29:17.11,10,"4,1,6,9,8,0,5,7,3,2",4:169;1:170;6:176;9:248;8:153;0:82;5:219;7:119;3:265;2:197,"4:[0,1,4,5,6,8,11,12,15,16,18,19,21,24,26,29];1:[3,5,7,8,9,10,13,14,15,18,19,21,24,25,26,28,30];6:[0,1,2,6,7,8,10,11,14,15,16,17,19,25,26,27,30];9:[0,1,2,3,4,5,6,7,9,10,11,14,15,17,18,19,20,21,23,26,27,29,30,31];8:[0,2,4,5,7,8,14,15,19,21,24,25,26,28,31];0:[3,8,9,14,15,16,23,26];5:[0,1,3,5,7,8,10,11,12,15,16,17,18,19,21,22,24,25,26,30,31];7:[1,2,3,4,7,9,22,23,24,26,30];3:[1,2,3,4,5,6,7,8,9,10,11,13,14,15,16,17,18,19,23,24,26,27,28,29,30,31];2:[4,5,7,8,9,10,11,14,16,17,20,21,22,23,24,28,29,30,31]","c4:bw=169,experts=[0,1,4,5,6,8,11,12,15,16,18,19,21,24,26,29]; c1:bw=170,experts=[3,5,7,8,9,10,13,14,15,18,19,21,24,25,26,28,30]; c6:bw=176,experts=[0,1,2,6,7,8,10,11,14,15,16,17,19,25,26,27,30]; c9:bw=248,experts=[0,1,2,3,4,5,6,7,9,10,11,14,15,17,18,19,20,21,23,26,27,29,30,31]; c8:bw=153,experts=[0,2,4,5,7,8,14,15,19,21,24,25,26,28,31]; c0:bw=82,experts=[3,8,9,14,15,16,23,26]; c5:bw=219,experts=[0,1,3,5,7,8,10,11,12,15,16,17,18,19,21,22,24,25,26,30,31]; c7:bw=119,experts=[1,2,3,4,7,9,22,23,24,26,30]; c3:bw=265,experts=[1,2,3,4,5,6,7,8,9,10,11,13,14,15,16,17,18,19,23,24,26,27,28,29,30,31]; c2:bw=197,experts=[4,5,7,8,9,10,11,14,16,17,20,21,22,23,24,28,29,30,31]","6.7268,4.2096,6.6033,3.4410,5.1990,4.5576,6.0757,4.4779,4.9895,3.6618"
35,2026-09-23 17:31:03,Ours,0.01,1.9959682712743256,42.81,45.93,34,51.0438,0:51.04,49.7401,0.1535,1.1485,1808.1717,30:08.17,10,"4,0,1,6,2,8,9,7,5,3",4:120;0:74;1:112;6:160;2:167;8:182;9:99;7:175;5:149;3:88,"4:[2,5,7,8,10,13,16,19,21,23,25,31];0:[0,2,5,10,11,14,20];1:[1,2,4,6,10,16,18,23,24,27,31];6:[1,2,3,7,9,10,11,12,14,17,19,20,24,27,30,31];2:[1,2,4,8,14,15,17,20,21,23,24,25,27,28,29,30];8:[4,5,6,8,9,10,12,13,15,16,21,22,23,26,27,29,30,31];9:[6,13,15,17,22,25,27,28,31];7:[0,1,3,5,7,8,9,13,14,17,19,22,23,27,28,30,31];5:[0,1,2,3,5,8,16,17,18,19,20,24,27,29];3:[0,7,8,13,15,17,23,25]","c4:bw=120,experts=[2,5,7,8,10,13,16,19,21,23,25,31]; c0:bw=74,experts=[0,2,5,10,11,14,20]; c1:bw=112,experts=[1,2,4,6,10,16,18,23,24,27,31]; c6:bw=160,experts=[1,2,3,7,9,10,11,12,14,17,19,20,24,27,30,31]; c2:bw=167,experts=[1,2,4,8,14,15,17,20,21,23,24,25,27,28,29,30]; c8:bw=182,experts=[4,5,6,8,9,10,12,13,15,16,21,22,23,26,27,29,30,31]; c9:bw=99,experts=[6,13,15,17,22,25,27,28,31]; c7:bw=175,experts=[0,1,3,5,7,8,9,13,14,17,19,22,23,27,28,30,31]; c5:bw=149,experts=[0,1,2,3,5,8,16,17,18,19,20,24,27,29]; c3:bw=88,experts=[0,7,8,13,15,17,23,25]","6.6993,4.5987,4.1948,6.5631,3.6658,5.2116,3.3800,4.4458,6.0029,4.9781"
36,2026-09-23 17:31:55,Ours,0.01,1.9005284760640369,47.11,47.11,36,51.7265,0:51.73,50.4325,0.1573,1.1351,1859.9202,30:59.92,10,"9,0,3,7,6,5,1,4,8,2",9:137;0:132;3:219;7:100;6:158;5:180;1:31;4:272;8:188;2:185,"9:[1,2,4,5,6,14,15,16,17,21,23,29,31];0:[1,4,7,11,14,16,19,20,21,22,23,27,29];3:[2,3,5,6,7,8,9,10,11,14,15,16,19,20,21,22,25,26,27,29,31];7:[1,4,9,10,11,13,18,20,23,24];6:[0,1,4,5,6,7,8,10,15,16,20,21,26,28,29];5:[1,3,4,8,9,11,14,15,17,18,21,22,24,25,27,28,29,30];1:[21,23,31];4:[0,1,2,4,5,8,10,11,12,13,14,15,16,17,18,19,20,21,22,23,24,25,26,27,28,30,31];8:[2,3,5,6,7,8,9,10,11,16,19,20,21,27,28,29,30,31];2:[2,3,4,7,8,9,10,13,17,22,23,24,25,26,27,28,29,31]","c9:bw=137,experts=[1,2,4,5,6,14,15,16,17,21,23,29,31]; c0:bw=132,experts=[1,4,7,11,14,16,19,20,21,22,23,27,29]; c3:bw=219,experts=[2,3,5,6,7,8,9,10,11,14,15,16,19,20,21,22,25,26,27,29,31]; c7:bw=100,experts=[1,4,9,10,11,13,18,20,23,24]; c6:bw=158,experts=[0,1,4,5,6,7,8,10,15,16,20,21,26,28,29]; c5:bw=180,experts=[1,3,4,8,9,11,14,15,17,18,21,22,24,25,27,28,29,30]; c1:bw=31,experts=[21,23,31]; c4:bw=272,experts=[0,1,2,4,5,8,10,11,12,13,14,15,16,17,18,19,20,21,22,23,24,25,26,27,28,30,31]; c8:bw=188,experts=[2,3,5,6,7,8,9,10,11,16,19,20,21,27,28,29,30,31]; c2:bw=185,experts=[2,3,4,7,8,9,10,13,17,22,23,24,25,26,27,28,29,31]","3.4271,4.5452,5.0319,4.5645,6.8799,6.2914,4.1745,6.6744,5.1726,3.6709"
37,2026-09-23 17:32:46,Ours,0.01,1.9582669508171002,47.42,47.42,37,51.1069,0:51.11,49.8241,0.1477,1.1334,1911.0493,31:51.05,10,"1,5,2,6,4,7,9,0,3,8",1:67;5:143;2:132;6:239;4:144;7:153;9:146;0:199;3:132;8:21,"1:[2,5,8,14,16,21];5:[4,5,7,8,9,10,13,16,24,25,27,29,30,31];2:[2,3,5,6,10,15,17,18,19,20,23,26,28];6:[0,1,2,4,6,7,8,10,11,12,15,16,17,18,19,20,21,22,23,28,29,30,31];4:[2,3,6,8,9,10,11,12,19,23,24,25,26,27];7:[0,2,3,4,6,11,12,13,17,19,21,23,25,28,31];9:[1,2,7,10,11,12,13,17,20,21,23,24,28,30];0:[0,1,2,3,4,5,8,9,11,13,14,18,19,20,21,23,24,26,31];3:[5,6,7,8,9,10,11,14,15,22,24,25,26];8:[8,26]","c1:bw=67,experts=[2,5,8,14,16,21]; c5:bw=143,experts=[4,5,7,8,9,10,13,16,24,25,27,29,30,31]; c2:bw=132,experts=[2,3,5,6,10,15,17,18,19,20,23,26,28]; c6:bw=239,experts=[0,1,2,4,6,7,8,10,11,12,15,16,17,18,19,20,21,22,23,28,29,30,31]; c4:bw=144,experts=[2,3,6,8,9,10,11,12,19,23,24,25,26,27]; c7:bw=153,experts=[0,2,3,4,6,11,12,13,17,19,21,23,25,28,31]; c9:bw=146,experts=[1,2,7,10,11,12,13,17,20,21,23,24,28,30]; c0:bw=199,experts=[0,1,2,3,4,5,8,9,11,13,14,18,19,20,21,23,24,26,31]; c3:bw=132,experts=[5,6,7,8,9,10,11,14,15,22,24,25,26]; c8:bw=21,experts=[8,26]","4.1929,6.0764,3.6615,6.5430,6.6590,4.5360,3.3972,4.5353,5.0311,5.1918"
38,2026-09-23 17:33:37,Ours,0.01,1.959810400138227,44.05,47.42,37,51.087,0:51.09,49.7886,0.1455,1.1514,1962.1579,32:42.16,10,"8,6,4,1,5,2,3,7,9,0",8:168;6:62;4:190;1:113;5:10;2:11;3:139;7:187;9:94;0:148,"8:[0,5,8,9,10,11,12,15,17,19,21,24,25,26,30,31];6:[0,15,19,22,29,31];4:[0,1,2,3,6,9,11,12,15,17,19,20,21,22,26,28,29,30,31];1:[2,4,6,7,17,20,22,25,26,29,31];5:[1];2:[3];3:[1,2,3,6,10,12,14,15,20,23,24,25,27];7:[0,5,6,8,10,12,14,17,18,19,20,21,24,25,27,29,30,31];9:[4,7,9,11,12,15,16,20,21];0:[0,1,4,6,9,10,11,12,14,22,23,24,25,27]","c8:bw=168,experts=[0,5,8,9,10,11,12,15,17,19,21,24,25,26,30,31]; c6:bw=62,experts=[0,15,19,22,29,31]; c4:bw=190,experts=[0,1,2,3,6,9,11,12,15,17,19,20,21,22,26,28,29,30,31]; c1:bw=113,experts=[2,4,6,7,17,20,22,25,26,29,31]; c5:bw=10,experts=[1]; c2:bw=11,experts=[3]; c3:bw=139,experts=[1,2,3,6,10,12,14,15,20,23,24,25,27]; c7:bw=187,experts=[0,5,6,8,10,12,14,17,18,19,20,21,24,25,27,29,30,31]; c9:bw=94,experts=[4,7,9,11,12,15,16,20,21]; c0:bw=148,experts=[0,1,4,6,9,10,11,12,14,22,23,24,25,27]","5.2190,6.5570,6.6920,4.2115,6.0406,3.6242,4.9981,4.5039,3.4115,4.5307"
39,2026-09-23 17:34:32,Ours,0.01,1.9307862930581146,42.58,47.42,37,54.3073,0:54.31,52.7777,0.1682,1.3596,2016.4882,33:36.49,10,"3,0,1,7,6,8,2,4,9,5",3:96;0:11;1:164;7:146;6:112;8:164;2:132;4:131;9:87;5:274,"3:[4,6,9,18,19,23,28,29,31];0:[5];1:[0,8,11,12,13,14,17,19,21,22,23,24,25,27,30,31];7:[0,3,6,7,9,14,15,17,19,20,25,26,28,31];6:[0,4,5,12,14,21,23,24,25,30,31];8:[0,2,4,10,13,17,19,20,21,22,23,25,26,27,29,30];2:[1,2,3,5,7,8,10,11,12,13,15,22,31];4:[1,2,5,6,7,8,13,14,19,22,23,25,29];9:[2,5,9,10,15,22,24,25];5:[1,2,5,6,8,10,11,12,13,14,15,16,17,18,19,20,21,22,23,24,25,26,27,28,29,30,31]","c3:bw=96,experts=[4,6,9,18,19,23,28,29,31]; c0:bw=11,experts=[5]; c1:bw=164,experts=[0,8,11,12,13,14,17,19,21,22,23,24,25,27,30,31]; c7:bw=146,experts=[0,3,6,7,9,14,15,17,19,20,25,26,28,31]; c6:bw=112,experts=[0,4,5,12,14,21,23,24,25,30,31]; c8:bw=164,experts=[0,2,4,10,13,17,19,20,21,22,23,25,26,27,29,30]; c2:bw=132,experts=[1,2,3,5,7,8,10,11,12,13,15,22,31]; c4:bw=131,experts=[1,2,5,6,7,8,13,14,19,22,23,25,29]; c9:bw=87,experts=[2,5,9,10,15,22,24,25]; c5:bw=274,experts=[1,2,5,6,8,10,11,12,13,14,15,16,17,18,19,20,21,22,23,24,25,26,27,28,29,30,31]","5.0264,4.5584,4.1950,4.5004,6.5407,5.2209,3.6297,6.7726,4.4981,7.8355"
40,2026-09-23 17:35:36,Ours,0.01,1.8793134971076508,45.23,47.42,37,64.3925,1:04.39,62.8303,0.1735,1.3868,2080.9098,34:40.91,10,"8,1,5,6,2,7,3,4,9,0",8:95;1:154;5:116;6:170;2:238;7:243;3:24;4:70;9:145;0:131,"8:[0,2,3,8,9,11,17,20,26];1:[1,7,8,11,12,13,16,17,21,22,24,25,27,28,30];5:[0,4,8,10,13,19,22,23,25,29,31];6:[0,1,3,5,6,7,10,11,15,18,19,22,24,25,26,27,28];2:[0,3,4,5,6,8,9,10,11,13,14,15,16,17,19,20,23,25,26,28,29,30,31];7:[0,1,2,3,4,5,7,8,9,10,11,12,14,15,16,18,19,20,22,24,27,29,30,31];3:[14,18];4:[2,3,12,14,15,24,28];9:[3,4,5,6,10,15,17,20,21,24,26,27,30,31];0:[0,1,3,4,6,9,17,21,22,23,26,30,31]","c8:bw=95,experts=[0,2,3,8,9,11,17,20,26]; c1:bw=154,experts=[1,7,8,11,12,13,16,17,21,22,24,25,27,28,30]; c5:bw=116,experts=[0,4,8,10,13,19,22,23,25,29,31]; c6:bw=170,experts=[0,1,3,5,6,7,10,11,15,18,19,22,24,25,26,27,28]; c2:bw=238,experts=[0,3,4,5,6,8,9,10,11,13,14,15,16,17,19,20,23,25,26,28,29,30,31]; c7:bw=243,experts=[0,1,2,3,4,5,7,8,9,10,11,12,14,15,16,18,19,20,22,24,27,29,30,31]; c3:bw=24,experts=[14,18]; c4:bw=70,experts=[2,3,12,14,15,24,28]; c9:bw=145,experts=[3,4,5,6,10,15,17,20,21,24,26,27,30,31]; c0:bw=131,experts=[0,1,3,4,6,9,17,21,22,23,26,30,31]","6.8110,5.5785,7.7966,8.1142,4.5974,5.5683,6.2324,8.1838,4.2512,5.6969"
41,2026-09-23 17:36:40,Ours,0.01,1.9232851069243253,45.75,47.42,37,63.4493,1:03.45,61.8733,0.1685,1.4057,2144.3886,35:44.39,10,"2,6,8,1,4,5,7,3,9,0",2:196;6:10;8:207;1:29;4:185;5:224;7:250;3:146;9:196;0:10,"2:[0,1,3,5,8,9,10,11,12,13,15,17,20,21,25,26,27,29,31];6:[27];8:[0,1,2,3,7,8,9,10,11,13,17,18,22,24,25,26,27,28,29,31];1:[20,31];4:[0,1,2,3,5,9,10,14,16,19,20,22,24,26,28,29,30,31];5:[2,3,4,5,7,8,9,11,13,15,17,18,19,20,21,23,24,25,27,29,30,31];7:[0,1,2,3,4,5,8,9,10,11,12,13,14,15,16,17,18,22,23,24,25,26,28,29,31];3:[0,1,2,3,6,10,11,14,23,24,25,26,27,30];9:[2,3,4,6,9,10,11,13,16,17,18,19,20,21,23,25,28,29,30];0:[30]","c2:bw=196,experts=[0,1,3,5,8,9,10,11,12,13,15,17,20,21,25,26,27,29,31]; c6:bw=10,experts=[27]; c8:bw=207,experts=[0,1,2,3,7,8,9,10,11,13,17,18,22,24,25,26,27,28,29,31]; c1:bw=29,experts=[20,31]; c4:bw=185,experts=[0,1,2,3,5,9,10,14,16,19,20,22,24,26,28,29,30,31]; c5:bw=224,experts=[2,3,4,5,7,8,9,11,13,15,17,18,19,20,21,23,24,25,27,29,30,31]; c7:bw=250,experts=[0,1,2,3,4,5,8,9,10,11,12,13,14,15,16,17,18,22,23,24,25,26,28,29,31]; c3:bw=146,experts=[0,1,2,3,6,10,11,14,23,24,25,26,27,30]; c9:bw=196,experts=[2,3,4,6,9,10,11,13,16,17,18,19,20,21,23,25,28,29,30]; c0:bw=10,experts=[30]","4.5981,8.1541,6.4792,5.1873,8.2668,7.5630,5.5912,6.2098,4.2909,5.5328"
42,2026-09-23 17:37:42,Ours,0.01,1.8811376714592172,49.08,49.08,42,62.5753,1:02.58,61.0207,0.1746,1.3781,2206.9958,36:47.00,10,"5,1,3,9,6,0,7,4,8,2",5:185;1:179;3:177;9:186;6:125;0:54;7:73;4:200;8:154;2:147,"5:[0,2,4,6,8,11,12,14,15,17,19,21,22,23,24,25,26,31];1:[2,4,5,7,11,12,13,16,19,20,22,23,24,27,28,29,31];3:[0,5,10,11,12,14,15,16,17,19,20,21,24,25,26,29,31];9:[0,1,2,3,5,9,10,12,13,16,17,19,20,22,24,25,27,28];6:[4,7,13,14,17,18,19,22,23,26,28,30];0:[0,1,5,9,23];7:[5,7,9,11,13,18,21];4:[1,2,4,5,6,7,10,11,12,13,14,15,16,18,23,25,26,27,29,30];8:[3,4,7,10,11,13,14,15,16,17,19,20,21,23,30];2:[1,3,6,8,10,11,13,14,15,24,26,27,28,30]","c5:bw=185,experts=[0,2,4,6,8,11,12,14,15,17,19,21,22,23,24,25,26,31]; c1:bw=179,experts=[2,4,5,7,11,12,13,16,19,20,22,23,24,27,28,29,31]; c3:bw=177,experts=[0,5,10,11,12,14,15,16,17,19,20,21,24,25,26,29,31]; c9:bw=186,experts=[0,1,2,3,5,9,10,12,13,16,17,19,20,22,24,25,27,28]; c6:bw=125,experts=[4,7,13,14,17,18,19,22,23,26,28,30]; c0:bw=54,experts=[0,1,5,9,23]; c7:bw=73,experts=[5,7,9,11,13,18,21]; c4:bw=200,experts=[1,2,4,5,6,7,10,11,12,13,14,15,16,18,23,25,26,27,29,30]; c8:bw=154,experts=[3,4,7,10,11,13,14,15,16,17,19,20,21,23,30]; c2:bw=147,experts=[1,3,6,8,10,11,13,14,15,24,26,27,28,30]","7.5132,5.1323,6.1662,4.1671,8.0536,5.6076,5.4951,8.1104,6.3182,4.4569"
43,2026-09-23 17:38:45,Ours,0.01,1.8741861785376106,49.72,49.72,43,63.0816,1:03.08,61.5086,0.1776,1.3935,2270.1087,37:50.11,10,"5,1,2,8,9,7,4,6,3,0",5:194;1:213;2:186;8:165;9:116;7:77;4:126;6:44;3:237;0:78,"5:[0,3,4,5,7,8,9,14,15,17,18,19,20,21,26,27,29,30,31];1:[2,3,4,5,6,7,8,9,10,11,13,14,16,17,18,19,20,21,22,28,29];2:[5,8,10,11,12,13,15,16,18,19,21,22,25,26,27,28,30,31];8:[0,3,4,5,8,12,13,14,15,16,18,19,21,23,26,29];9:[1,5,11,13,14,16,17,19,20,28,31];7:[0,10,12,19,22,28,30];4:[4,5,7,8,11,16,17,18,19,22,30,31];6:[15,24,26,31];3:[1,2,3,4,5,7,8,9,10,12,13,15,16,18,20,23,24,25,26,28,29,30,31];0:[0,2,5,17,23,30,31]","c5:bw=194,experts=[0,3,4,5,7,8,9,14,15,17,18,19,20,21,26,27,29,30,31]; c1:bw=213,experts=[2,3,4,5,6,7,8,9,10,11,13,14,16,17,18,19,20,21,22,28,29]; c2:bw=186,experts=[5,8,10,11,12,13,15,16,18,19,21,22,25,26,27,28,30,31]; c8:bw=165,experts=[0,3,4,5,8,12,13,14,15,16,18,19,21,23,26,29]; c9:bw=116,experts=[1,5,11,13,14,16,17,19,20,28,31]; c7:bw=77,experts=[0,10,12,19,22,28,30]; c4:bw=126,experts=[4,5,7,8,11,16,17,18,19,22,30,31]; c6:bw=44,experts=[15,24,26,31]; c3:bw=237,experts=[1,2,3,4,5,7,8,9,10,12,13,15,16,18,20,23,24,25,26,28,29,30,31]; c0:bw=78,experts=[0,2,5,17,23,30,31]","7.5027,5.1472,4.4876,6.4459,4.1855,5.4944,8.2025,8.1657,6.2096,5.6675"
44,2026-09-23 17:39:48,Ours,0.01,1.828799709173013,50.67,50.67,44,63.0011,1:03.00,61.4115,0.1774,1.4104,2333.1398,38:53.14,10,"0,3,4,2,7,5,6,9,8,1",0:244;3:171;4:105;2:134;7:275;5:88;6:75;9:136;8:126;1:163,"0:[1,2,3,4,5,6,8,9,10,12,13,14,15,16,18,19,21,22,23,24,26,28,29,30];3:[2,4,6,8,9,11,12,15,16,17,18,19,21,22,24,28,30];4:[1,5,8,11,15,17,21,23,27,29];2:[0,1,5,6,7,10,11,13,15,20,22,24,31];7:[0,1,2,3,4,7,8,9,10,11,12,13,14,16,17,18,19,20,22,23,24,25,26,27,29,30,31];5:[1,3,4,12,19,21,22,26];6:[12,18,23,27,28,29,31];9:[0,1,3,6,10,12,14,15,17,18,19,21,31];8:[4,6,7,8,11,13,17,18,19,22,24,26];1:[2,4,5,7,9,10,11,13,18,20,24,25,26,28,30,31]","c0:bw=244,experts=[1,2,3,4,5,6,8,9,10,12,13,14,15,16,18,19,21,22,23,24,26,28,29,30]; c3:bw=171,experts=[2,4,6,8,9,11,12,15,16,17,18,19,21,22,24,28,30]; c4:bw=105,experts=[1,5,8,11,15,17,21,23,27,29]; c2:bw=134,experts=[0,1,5,6,7,10,11,13,15,20,22,24,31]; c7:bw=275,experts=[0,1,2,3,4,7,8,9,10,11,12,13,14,16,17,18,19,20,22,23,24,25,26,27,29,30,31]; c5:bw=88,experts=[1,3,4,12,19,21,22,26]; c6:bw=75,experts=[12,18,23,27,28,29,31]; c9:bw=136,experts=[0,1,3,6,10,12,14,15,17,18,19,21,31]; c8:bw=126,experts=[4,6,7,8,11,13,17,18,19,22,24,26]; c1:bw=163,experts=[2,4,5,7,9,10,11,13,18,20,24,25,26,28,30,31]","5.7218,6.2404,8.1845,4.5432,5.5477,7.4831,7.9639,4.1784,6.3677,5.1809"
45,2026-09-23 17:40:53,Ours,0.01,1.8038169921299663,51.27,51.27,45,64.9972,1:05.00,63.3488,0.1798,1.4666,2398.1691,39:58.17,10,"8,0,3,4,7,2,9,6,5,1",8:201;0:131;3:245;4:235;7:131;2:180;9:91;6:14;5:163;1:204,"8:[0,1,2,3,4,5,6,7,8,13,14,15,17,19,20,23,26,27,28,30];0:[1,2,3,4,9,13,15,17,19,24,25,28,29];3:[0,1,3,4,5,6,8,9,10,11,12,13,16,20,21,22,23,25,26,27,28,29,30,31];4:[1,4,5,7,8,9,10,11,12,13,15,16,17,19,20,21,22,23,24,28,29,30,31];7:[0,1,4,10,11,14,16,22,24,26,28,29,30];2:[0,1,2,3,5,8,9,10,12,14,15,17,18,19,23,24,25,28];9:[4,5,7,10,12,15,19,25,26];6:[8];5:[0,1,3,6,8,10,11,13,15,18,21,22,23,27,30,31];1:[0,1,2,3,5,7,9,11,12,13,14,15,16,18,20,21,24,26,27,30]","c8:bw=201,experts=[0,1,2,3,4,5,6,7,8,13,14,15,17,19,20,23,26,27,28,30]; c0:bw=131,experts=[1,2,3,4,9,13,15,17,19,24,25,28,29]; c3:bw=245,experts=[0,1,3,4,5,6,8,9,10,11,12,13,16,20,21,22,23,25,26,27,28,29,30,31]; c4:bw=235,experts=[1,4,5,7,8,9,10,11,12,13,15,16,17,19,20,21,22,23,24,28,29,30,31]; c7:bw=131,experts=[0,1,4,10,11,14,16,22,24,26,28,29,30]; c2:bw=180,experts=[0,1,2,3,5,8,9,10,12,14,15,17,18,19,23,24,25,28]; c9:bw=91,experts=[4,5,7,10,12,15,19,25,26]; c6:bw=14,experts=[8]; c5:bw=163,experts=[0,1,3,6,8,10,11,13,15,18,21,22,23,27,30,31]; c1:bw=204,experts=[0,1,2,3,5,7,9,11,12,13,14,15,16,18,20,21,24,26,27,30]","6.6191,5.8038,6.3916,8.2999,5.5795,4.7033,4.4813,8.3446,7.7638,5.3619"
46,2026-09-23 17:41:58,Ours,0.01,1.7893943809080572,52.18,52.18,46,64.2697,1:04.27,62.6884,0.1746,1.4047,2462.472,41:02.47,10,"9,3,6,1,4,5,2,8,0,7",9:134;3:98;6:141;1:149;4:234;5:150;2:208;8:142;0:201;7:103,"9:[2,3,4,5,13,14,16,19,20,26,29,30,31];3:[0,4,5,8,12,18,27,28,30];6:[1,2,3,4,5,6,8,11,12,17,23,25,26,29];1:[5,9,10,11,12,14,15,18,19,20,23,25,26,28];4:[0,2,3,4,5,6,8,11,12,13,14,18,19,20,21,23,25,26,27,28,29,30,31];5:[0,1,4,7,9,10,12,16,17,18,20,21,22,26,30];2:[0,1,2,5,6,9,12,13,15,16,18,21,22,23,24,26,27,28,29,31];8:[0,1,4,6,7,16,17,19,20,23,25,26,27,29];0:[0,1,3,6,7,8,9,10,12,13,15,17,18,21,22,23,25,27,28,29];7:[2,4,5,8,10,12,15,22,23,24]","c9:bw=134,experts=[2,3,4,5,13,14,16,19,20,26,29,30,31]; c3:bw=98,experts=[0,4,5,8,12,18,27,28,30]; c6:bw=141,experts=[1,2,3,4,5,6,8,11,12,17,23,25,26,29]; c1:bw=149,experts=[5,9,10,11,12,14,15,18,19,20,23,25,26,28]; c4:bw=234,experts=[0,2,3,4,5,6,8,11,12,13,14,18,19,20,21,23,25,26,27,28,29,30,31]; c5:bw=150,experts=[0,1,4,7,9,10,12,16,17,18,20,21,22,26,30]; c2:bw=208,experts=[0,1,2,5,6,9,12,13,15,16,18,21,22,23,24,26,27,28,29,31]; c8:bw=142,experts=[0,1,4,6,7,16,17,19,20,23,25,26,27,29]; c0:bw=201,experts=[0,1,3,6,7,8,9,10,12,13,15,17,18,21,22,23,25,27,28,29]; c7:bw=103,experts=[2,4,5,8,10,12,15,22,23,24]","4.5109,6.4897,8.5221,5.3333,8.3077,7.5150,4.5082,6.4225,5.5949,5.4840"
47,2026-09-23 17:43:01,Ours,0.01,1.8212407058257138,49.38,52.18,46,63.2074,1:03.21,61.6381,0.1699,1.3975,2525.7101,42:05.71,10,"5,6,7,9,8,3,4,0,1,2",5:189;6:82;7:195;9:63;8:144;3:255;4:35;0:167;1:111;2:199,"5:[1,3,4,5,7,10,11,13,14,15,16,18,19,21,22,24,26,30];6:[3,5,7,8,9,12,21,28];7:[0,1,2,5,6,7,11,13,14,15,16,18,20,21,23,24,26,28,31];9:[3,8,15,23,24,26];8:[0,3,4,5,8,9,10,11,12,17,25,26,27,29];3:[0,2,4,6,7,8,9,10,12,14,15,16,17,18,20,21,22,23,24,25,26,28,29,30,31];4:[8,17,19];0:[2,4,5,7,8,10,12,14,15,18,21,22,23,27,29,31];1:[2,7,8,9,11,16,19,21,22,28,29];2:[1,3,5,6,7,8,9,11,13,14,15,16,17,18,23,26,27,29,30]","c5:bw=189,experts=[1,3,4,5,7,10,11,13,14,15,16,18,19,21,22,24,26,30]; c6:bw=82,experts=[3,5,7,8,9,12,21,28]; c7:bw=195,experts=[0,1,2,5,6,7,11,13,14,15,16,18,20,21,23,24,26,28,31]; c9:bw=63,experts=[3,8,15,23,24,26]; c8:bw=144,experts=[0,3,4,5,8,9,10,11,12,17,25,26,27,29]; c3:bw=255,experts=[0,2,4,6,7,8,9,10,12,14,15,16,17,18,20,21,22,23,24,25,26,28,29,30,31]; c4:bw=35,experts=[8,17,19]; c0:bw=167,experts=[2,4,5,7,8,10,12,14,15,18,21,22,23,27,29,31]; c1:bw=111,experts=[2,7,8,9,11,16,19,21,22,28,29]; c2:bw=199,experts=[1,3,5,6,7,8,9,11,13,14,15,16,17,18,23,26,27,29,30]","7.5235,8.1043,5.5879,4.2476,6.3646,6.2172,8.2588,5.6271,5.1700,4.5372"
48,2026-09-23 17:44:05,Ours,0.01,1.817512559322236,51.16,52.18,46,64.0334,1:04.03,62.4477,0.1835,1.4002,2589.7765,43:09.78,10,"1,8,4,2,9,6,5,7,0,3",1:182;8:183;4:246;2:207;9:192;6:165;5:202;7:229;0:57;3:67,"1:[0,1,2,4,5,7,8,10,11,20,21,22,23,24,26,27,29,30];8:[0,1,3,4,5,10,11,12,14,19,20,21,22,25,27,28,29,31];4:[0,1,2,5,6,7,8,10,11,13,14,15,16,17,18,19,21,22,23,25,26,27,28,29];2:[0,2,3,6,8,11,12,15,16,19,20,21,22,23,24,25,27,28,29,31];9:[1,5,6,8,9,10,12,13,14,16,17,19,20,21,24,26,29,30,31];6:[0,2,3,6,8,11,12,13,14,17,24,26,27,28,29,31];5:[0,3,4,8,10,11,12,14,19,20,21,22,23,24,25,26,27,28,29,30];7:[0,1,3,4,5,6,7,12,13,14,15,16,17,18,19,20,24,25,26,29,30,31];0:[0,2,8,18,30];3:[1,2,3,8,13,27]","c1:bw=182,experts=[0,1,2,4,5,7,8,10,11,20,21,22,23,24,26,27,29,30]; c8:bw=183,experts=[0,1,3,4,5,10,11,12,14,19,20,21,22,25,27,28,29,31]; c4:bw=246,experts=[0,1,2,5,6,7,8,10,11,13,14,15,16,17,18,19,21,22,23,25,26,27,28,29]; c2:bw=207,experts=[0,2,3,6,8,11,12,15,16,19,20,21,22,23,24,25,27,28,29,31]; c9:bw=192,experts=[1,5,6,8,9,10,12,13,14,16,17,19,20,21,24,26,29,30,31]; c6:bw=165,experts=[0,2,3,6,8,11,12,13,14,17,24,26,27,28,29,31]; c5:bw=202,experts=[0,3,4,8,10,11,12,14,19,20,21,22,23,24,25,26,27,28,29,30]; c7:bw=229,experts=[0,1,3,4,5,6,7,12,13,14,15,16,17,18,19,20,24,25,26,29,30,31]; c0:bw=57,experts=[0,2,8,18,30]; c3:bw=67,experts=[1,2,3,8,13,27]","5.1547,6.4482,8.3729,4.6196,4.3693,8.2236,7.6732,5.6618,5.6540,6.2704"
49,2026-09-23 17:45:07,Ours,0.01,1.797988302295522,51.32,52.18,46,62.2399,1:02.24,60.6916,0.1677,1.3748,2652.0488,44:12.05,10,"4,3,8,0,2,5,6,7,9,1",4:176;3:116;8:96;0:72;2:214;5:205;6:46;7:162;9:194;1:198,"4:[0,1,2,4,8,11,12,13,15,18,20,21,23,24,29,30,31];3:[6,7,12,13,15,19,20,22,29,30,31];8:[8,12,13,17,20,25,26,28,31];0:[2,8,15,18,22,24,29];2:[0,1,3,4,5,6,8,10,12,13,16,17,20,21,25,26,27,28,29,30,31];5:[1,4,5,6,7,9,13,14,15,16,17,19,22,24,26,27,28,29,30,31];6:[18,25,27,31];7:[1,4,7,11,12,14,16,18,19,20,22,23,24,27,29,31];9:[0,1,2,6,7,10,12,14,16,17,19,22,23,24,25,26,27,30,31];1:[0,1,2,4,6,7,9,10,11,14,15,19,20,21,22,23,26,29,31]","c4:bw=176,experts=[0,1,2,4,8,11,12,13,15,18,20,21,23,24,29,30,31]; c3:bw=116,experts=[6,7,12,13,15,19,20,22,29,30,31]; c8:bw=96,experts=[8,12,13,17,20,25,26,28,31]; c0:bw=72,experts=[2,8,15,18,22,24,29]; c2:bw=214,experts=[0,1,3,4,5,6,8,10,12,13,16,17,20,21,25,26,27,28,29,30,31]; c5:bw=205,experts=[1,4,5,6,7,9,13,14,15,16,17,19,22,24,26,27,28,29,30,31]; c6:bw=46,experts=[18,25,27,31]; c7:bw=162,experts=[1,4,7,11,12,14,16,18,19,20,22,23,24,27,29,31]; c9:bw=194,experts=[0,1,2,6,7,10,12,14,16,17,19,22,23,24,25,26,27,30,31]; c1:bw=198,experts=[0,1,2,4,6,7,9,10,11,14,15,19,20,21,22,23,26,29,31]","8.2070,6.1899,6.3224,5.5096,4.4419,7.3736,7.8924,5.4631,4.1683,5.1234"
50,2026-09-23 17:46:10,Ours,0.01,1.7573212559853002,53.58,53.58,50,62.3103,1:02.31,60.8693,0.166,1.2732,2714.3916,45:14.39,10,"8,4,7,6,2,1,3,0,9,5",8:118;4:28;7:126;6:249;2:232;1:236;3:142;0:106;9:99;5:114,"8:[1,2,4,13,14,16,17,19,25,29,31];4:[7,11];7:[0,3,5,9,11,13,14,17,18,19,24,31];6:[0,1,2,3,4,5,6,7,8,10,11,12,17,18,19,20,21,22,23,24,25,26,29,30];2:[0,1,2,3,4,5,6,8,9,10,11,12,13,16,17,19,21,24,25,26,27,28,31];1:[0,1,2,3,4,5,6,7,8,9,15,17,18,19,21,22,24,25,26,27,28,29,31];3:[0,1,3,4,5,6,9,10,11,19,20,23,27,28];0:[1,2,5,8,9,10,13,19,26,30];9:[1,4,8,9,10,15,16,21,26];5:[1,2,3,5,6,8,11,13,18,24,31]","c8:bw=118,experts=[1,2,4,13,14,16,17,19,25,29,31]; c4:bw=28,experts=[7,11]; c7:bw=126,experts=[0,3,5,9,11,13,14,17,18,19,24,31]; c6:bw=249,experts=[0,1,2,3,4,5,6,7,8,10,11,12,17,18,19,20,21,22,23,24,25,26,29,30]; c2:bw=232,experts=[0,1,2,3,4,5,6,8,9,10,11,12,13,16,17,19,21,24,25,26,27,28,31]; c1:bw=236,experts=[0,1,2,3,4,5,6,7,8,9,15,17,18,19,21,22,24,25,26,27,28,29,31]; c3:bw=142,experts=[0,1,3,4,5,6,9,10,11,19,20,23,27,28]; c0:bw=106,experts=[1,2,5,8,9,10,13,19,26,30]; c9:bw=99,experts=[1,4,8,9,10,15,16,21,26]; c5:bw=114,experts=[1,2,3,5,6,8,11,13,18,24,31]","6.3599,8.2674,5.5608,7.9035,4.4916,5.1530,6.2659,5.5702,4.1476,7.1493"
51,2026-09-23 17:47:11,Ours,0.01,1.7816037302263372,46.31,53.58,50,61.2363,1:01.24,59.7088,0.1737,1.352,2775.6565,46:15.66,10,"5,0,1,2,8,6,9,3,4,7",5:173;0:195;1:77;2:73;8:168;6:191;9:66;3:203;4:40;7:99,"5:[3,4,5,6,7,8,13,14,16,17,18,22,24,25,28,29,31];0:[2,5,6,7,8,10,17,18,19,21,23,24,25,26,27,28,29,30,31];1:[8,12,13,17,20,26,27];2:[4,5,7,8,10,20,31];8:[0,1,5,6,7,8,10,14,17,22,23,24,27,28,30,31];6:[1,2,3,5,6,7,10,11,12,14,16,17,19,20,21,24,26,28,29];9:[2,3,5,8,11,20];3:[0,2,3,4,7,8,9,10,11,13,14,15,17,20,21,22,25,28,30,31];4:[19,20,22,23];7:[0,7,10,14,16,21,24,26,28]","c5:bw=173,experts=[3,4,5,6,7,8,13,14,16,17,18,22,24,25,28,29,31]; c0:bw=195,experts=[2,5,6,7,8,10,17,18,19,21,23,24,25,26,27,28,29,30,31]; c1:bw=77,experts=[8,12,13,17,20,26,27]; c2:bw=73,experts=[4,5,7,8,10,20,31]; c8:bw=168,experts=[0,1,5,6,7,8,10,14,17,22,23,24,27,28,30,31]; c6:bw=191,experts=[1,2,3,5,6,7,10,11,12,14,16,17,19,20,21,24,26,28,29]; c9:bw=66,experts=[2,3,5,8,11,20]; c3:bw=203,experts=[0,2,3,4,7,8,9,10,11,13,14,15,17,20,21,22,25,28,30,31]; c4:bw=40,experts=[19,20,22,23]; c7:bw=99,experts=[0,7,10,14,16,21,24,26,28]","7.0124,5.3787,5.1464,4.5889,6.6201,8.3197,4.0819,5.7586,7.6185,5.1836"
52,2026-09-23 17:48:11,Ours,0.01,1.8254622075580897,47.77,53.58,50,59.9266,0:59.93,58.5003,0.1603,1.2642,2835.6179,47:15.62,10,"0,8,5,7,1,4,9,6,2,3",0:169;8:64;5:89;7:125;1:148;4:122;9:112;6:186;2:107;3:157,"0:[0,1,2,5,6,11,12,13,14,15,20,24,25,26,28,30];8:[2,13,22,27,30,31];5:[3,4,5,8,15,24,25,31];7:[1,4,6,7,8,17,18,20,22,25,28,30];1:[1,5,6,8,9,10,14,15,18,21,25,26,27,31];4:[0,3,5,12,14,15,18,20,22,23,24,29];9:[2,5,7,10,13,14,17,20,24,25,26];6:[0,5,6,8,9,13,14,17,20,21,22,23,24,25,26,29,30,31];2:[1,13,15,17,18,22,24,26,27,28];3:[5,8,9,10,14,15,16,18,19,21,24,28,29,30,31]","c0:bw=169,experts=[0,1,2,5,6,11,12,13,14,15,20,24,25,26,28,30]; c8:bw=64,experts=[2,13,22,27,30,31]; c5:bw=89,experts=[3,4,5,8,15,24,25,31]; c7:bw=125,experts=[1,4,6,7,8,17,18,20,22,25,28,30]; c1:bw=148,experts=[1,5,6,8,9,10,14,15,18,21,25,26,27,31]; c4:bw=122,experts=[0,3,5,12,14,15,18,20,22,23,24,29]; c9:bw=112,experts=[2,5,7,10,13,14,17,20,24,25,26]; c6:bw=186,experts=[0,5,6,8,9,13,14,17,20,21,22,23,24,25,26,29,30,31]; c2:bw=107,experts=[1,13,15,17,18,22,24,26,27,28]; c3:bw=157,experts=[5,8,9,10,14,15,16,18,19,21,24,28,29,30,31]","5.5483,6.0523,6.9604,5.1736,5.0914,7.9800,3.7889,7.7744,4.4358,5.6951"
53,2026-09-23 17:49:10,Ours,0.01,1.792786568330787,53.55,53.58,50,58.7095,0:58.71,57.3441,0.164,1.1997,2894.3563,48:14.36,10,"8,4,5,1,3,9,6,7,0,2",8:79;4:103;5:161;1:215;3:173;9:224;6:131;7:160;0:141;2:189,"8:[1,2,3,5,7,9,20];4:[0,4,6,9,11,15,20,24,25,29];5:[0,1,3,5,6,7,8,9,11,12,15,18,19,21,26,29];1:[3,4,5,9,10,11,12,13,14,15,16,17,18,19,22,23,24,25,27,30,31];3:[0,1,4,6,10,11,14,15,17,20,22,23,25,27,28,30,31];9:[1,2,5,6,7,8,9,13,14,15,16,19,20,21,23,25,26,27,28,29,30,31];6:[1,3,5,11,13,17,18,21,22,26,27,28,31];7:[2,3,4,5,6,7,9,10,11,12,14,16,18,20,26,28];0:[0,4,5,6,8,10,13,15,17,19,24,27,29,30];2:[0,2,8,9,10,12,14,16,19,20,21,22,24,25,26,29,30,31]","c8:bw=79,experts=[1,2,3,5,7,9,20]; c4:bw=103,experts=[0,4,6,9,11,15,20,24,25,29]; c5:bw=161,experts=[0,1,3,5,6,7,8,9,11,12,15,18,19,21,26,29]; c1:bw=215,experts=[3,4,5,9,10,11,12,13,14,15,16,17,18,19,22,23,24,25,27,30,31]; c3:bw=173,experts=[0,1,4,6,10,11,14,15,17,20,22,23,25,27,28,30,31]; c9:bw=224,experts=[1,2,5,6,7,8,9,13,14,15,16,19,20,21,23,25,26,27,28,29,30,31]; c6:bw=131,experts=[1,3,5,11,13,17,18,21,22,26,27,28,31]; c7:bw=160,experts=[2,3,4,5,6,7,9,10,11,12,14,16,18,20,26,28]; c0:bw=141,experts=[0,4,5,6,8,10,13,15,17,19,24,27,29,30]; c2:bw=189,experts=[0,2,8,9,10,12,14,16,19,20,21,22,24,25,26,29,30,31]","6.1380,7.8083,7.0825,4.8960,5.6317,3.9184,7.2373,5.3921,5.1417,4.0979"
54,2026-09-23 17:50:05,Ours,0.01,1.746856303485469,53.36,53.58,50,55.0325,0:55.03,53.6029,0.1605,1.2673,2949.4188,49:09.42,10,"2,1,8,7,3,0,6,5,9,4",2:30;1:193;8:203;7:223;3:111;0:135;6:198;5:10;9:185;4:116,"2:[9,15,19];1:[0,1,4,5,7,9,11,13,14,15,16,17,19,21,22,24,29,30,31];8:[0,3,5,6,8,9,10,13,14,15,16,18,19,20,23,24,28,29,30,31];7:[0,1,2,3,4,6,10,11,12,13,14,15,18,19,20,21,22,25,28,29,30,31];3:[1,5,6,9,11,14,19,23,25,26,27];0:[0,1,3,4,6,8,9,11,13,18,20,25,29];6:[0,2,3,6,8,9,10,12,13,15,17,18,19,20,23,25,27,29,30];5:[16];9:[0,1,2,3,4,8,9,10,11,18,19,20,21,22,23,24,26,30];4:[5,6,7,8,10,12,16,20,27,29,31]","c2:bw=30,experts=[9,15,19]; c1:bw=193,experts=[0,1,4,5,7,9,11,13,14,15,16,17,19,21,22,24,29,30,31]; c8:bw=203,experts=[0,3,5,6,8,9,10,13,14,15,16,18,19,20,23,24,28,29,30,31]; c7:bw=223,experts=[0,1,2,3,4,6,10,11,12,13,14,15,18,19,20,21,22,25,28,29,30,31]; c3:bw=111,experts=[1,5,6,9,11,14,19,23,25,26,27]; c0:bw=135,experts=[0,1,3,4,6,8,9,11,13,18,20,25,29]; c6:bw=198,experts=[0,2,3,6,8,9,10,12,13,15,17,18,19,20,23,25,27,29,30]; c5:bw=10,experts=[16]; c9:bw=185,experts=[0,1,2,3,4,8,9,10,11,18,19,20,21,22,23,24,26,30]; c4:bw=116,experts=[5,6,7,8,10,12,16,20,27,29,31]","4.1918,4.6315,5.5298,4.7754,5.4178,4.8064,7.2068,6.2858,3.5794,7.1781"
55,2026-09-23 17:51:01,Ours,0.01,1.7470432319355278,50.91,53.58,50,56.648,0:56.65,55.2858,0.1622,1.1982,3006.0968,50:06.10,10,"7,2,4,3,8,5,1,6,0,9",7:199;2:150;4:53;3:192;8:50;5:194;1:220;6:154;0:101;9:228,"7:[2,3,6,7,8,9,12,15,17,18,19,20,21,24,25,26,27,30,31];2:[0,3,6,8,9,12,13,17,18,19,20,21,22,26,27];4:[7,9,17,18,25];3:[0,2,3,7,10,15,17,18,20,22,23,24,25,26,27,28,29,30,31];8:[9,12,13,16,31];5:[2,3,7,8,9,10,11,13,14,16,18,21,22,23,24,25,26,27,29];1:[1,2,3,4,7,8,10,11,12,13,14,15,16,17,18,19,21,22,23,25,28,31];6:[0,1,4,9,10,11,12,16,17,18,19,20,21,23,25];0:[3,8,9,13,15,18,20,26,28,30];9:[0,2,4,5,6,8,9,10,12,13,14,17,18,20,21,23,24,25,26,28,29,31]","c7:bw=199,experts=[2,3,6,7,8,9,12,15,17,18,19,20,21,24,25,26,27,30,31]; c2:bw=150,experts=[0,3,6,8,9,12,13,17,18,19,20,21,22,26,27]; c4:bw=53,experts=[7,9,17,18,25]; c3:bw=192,experts=[0,2,3,7,10,15,17,18,20,22,23,24,25,26,27,28,29,30,31]; c8:bw=50,experts=[9,12,13,16,31]; c5:bw=194,experts=[2,3,7,8,9,10,11,13,14,16,18,21,22,23,24,25,26,27,29]; c1:bw=220,experts=[1,2,3,4,7,8,10,11,12,13,14,15,16,17,18,19,21,22,23,25,28,31]; c6:bw=154,experts=[0,1,4,9,10,11,12,16,17,18,19,20,21,23,25]; c0:bw=101,experts=[3,8,9,13,15,18,20,26,28,30]; c9:bw=228,experts=[0,2,4,5,6,8,9,10,12,13,14,17,18,20,21,23,24,25,26,28,29,31]","5.0886,4.2011,7.3997,5.3232,5.8459,7.0678,4.8801,6.9994,4.8614,3.6185"
56,2026-09-23 17:51:57,Ours,0.01,1.72986306991652,51.63,53.58,50,55.702,0:55.70,54.3527,0.1492,1.1985,3061.8292,51:01.83,10,"9,1,3,2,5,4,8,7,6,0",9:191;1:205;3:31;2:195;5:113;4:34;8:49;7:66;6:86;0:256,"9:[1,4,6,7,8,9,12,13,14,16,17,18,19,20,21,24,25,28,31];1:[0,1,2,4,5,6,7,9,10,12,14,17,18,20,21,22,24,25,26,29];3:[3,13,28];2:[0,1,2,3,4,6,7,8,10,12,13,16,17,19,23,25,27,30,31];5:[0,1,10,11,14,15,16,21,22,28,30];4:[3,6,31];8:[7,13,14,20];7:[7,9,15,19,25,28];6:[7,11,20,22,26,27,30,31];0:[0,1,2,4,5,6,7,8,9,10,12,13,14,15,16,17,19,21,22,23,24,25,26,30,31]","c9:bw=191,experts=[1,4,6,7,8,9,12,13,14,16,17,18,19,20,21,24,25,28,31]; c1:bw=205,experts=[0,1,2,4,5,6,7,9,10,12,14,17,18,20,21,22,24,25,26,29]; c3:bw=31,experts=[3,13,28]; c2:bw=195,experts=[0,1,2,3,4,6,7,8,10,12,13,16,17,19,23,25,27,30,31]; c5:bw=113,experts=[0,1,10,11,14,15,16,21,22,28,30]; c4:bw=34,experts=[3,6,31]; c8:bw=49,experts=[7,13,14,20]; c7:bw=66,experts=[7,9,15,19,25,28]; c6:bw=86,experts=[7,11,20,22,26,27,30,31]; c0:bw=256,experts=[0,1,2,4,5,6,7,8,9,10,12,13,14,15,16,17,19,21,22,23,24,25,26,30,31]","3.6113,4.4837,5.7864,4.1926,6.5139,7.1651,5.7513,4.9905,7.1454,4.7126"
57,2026-09-23 17:52:51,Ours,0.01,1.698534057092217,54.65,54.65,57,53.5936,0:53.59,52.1612,0.1685,1.2619,3115.4498,51:55.45,10,"3,8,6,1,7,0,5,4,2,9",3:234;8:156;6:176;1:181;7:253;0:257;5:161;4:151;2:120;9:69,"3:[0,1,2,4,5,6,8,9,10,12,13,14,16,17,19,20,21,24,26,27,29,30,31];8:[0,1,3,7,9,11,13,15,19,20,23,24,26,27,29];6:[2,3,7,9,10,14,15,18,20,21,23,24,26,27,28,29,30];1:[1,2,5,6,10,11,12,13,14,17,18,20,21,22,23,26,27,28];7:[0,2,3,4,7,8,9,10,11,12,14,15,17,19,20,21,22,23,24,26,27,28,29,30,31];0:[0,1,2,4,6,7,8,10,11,13,14,15,16,17,18,19,20,21,22,24,26,27,29,30,31];5:[0,1,3,7,9,12,14,16,18,19,20,21,23,25,28,31];4:[0,1,4,7,9,10,11,13,16,20,21,24,25,29,30];2:[0,1,4,6,8,9,10,11,13,14,16,27];9:[10,20,23,26,29,31]","c3:bw=234,experts=[0,1,2,4,5,6,8,9,10,12,13,14,16,17,19,20,21,24,26,27,29,30,31]; c8:bw=156,experts=[0,1,3,7,9,11,13,15,19,20,23,24,26,27,29]; c6:bw=176,experts=[2,3,7,9,10,14,15,18,20,21,23,24,26,27,28,29,30]; c1:bw=181,experts=[1,2,5,6,10,11,12,13,14,17,18,20,21,22,23,26,27,28]; c7:bw=253,experts=[0,2,3,4,7,8,9,10,11,12,14,15,17,19,20,21,22,23,24,26,27,28,29,30,31]; c0:bw=257,experts=[0,1,2,4,6,7,8,10,11,13,14,15,16,17,18,19,20,21,22,24,26,27,29,30,31]; c5:bw=161,experts=[0,1,3,7,9,12,14,16,18,19,20,21,23,25,28,31]; c4:bw=151,experts=[0,1,4,7,9,10,11,13,16,20,21,24,25,29,30]; c2:bw=120,experts=[0,1,4,6,8,9,10,11,13,14,16,27]; c9:bw=69,experts=[10,20,23,26,29,31]","5.4469,5.4397,6.7841,4.3237,4.6145,4.7209,6.1475,6.8102,4.1265,3.7472"
58,2026-09-23 17:53:44,Ours,0.01,1.7007179553812244,53.1,54.65,57,53.2728,0:53.27,51.8797,0.1615,1.2299,3168.7537,52:48.75,10,"7,2,9,6,5,1,8,4,3,0",7:88;2:15;9:209;6:201;5:127;1:109;8:145;4:139;3:225;0:174,"7:[0,1,7,10,13,15,20,25];2:[27];9:[0,2,3,4,5,6,9,11,12,15,16,17,21,22,25,26,27,28,29,30];6:[0,1,3,4,6,7,8,10,11,12,13,14,16,17,19,24,25,26,29,31];5:[4,5,6,9,11,12,13,14,20,22,27,30];1:[0,5,10,13,14,15,21,25,28,29];8:[0,1,3,5,6,7,8,10,11,14,18,23,24,31];4:[0,7,8,11,12,14,15,21,23,27,28,29,31];3:[4,5,6,7,8,9,10,11,12,13,14,18,19,20,21,22,24,26,27,29,30,31];0:[0,1,2,3,6,7,8,10,11,14,15,20,22,25,27,28,29]","c7:bw=88,experts=[0,1,7,10,13,15,20,25]; c2:bw=15,experts=[27]; c9:bw=209,experts=[0,2,3,4,5,6,9,11,12,15,16,17,21,22,25,26,27,28,29,30]; c6:bw=201,experts=[0,1,3,4,6,7,8,10,11,12,13,14,16,17,19,24,25,26,29,31]; c5:bw=127,experts=[4,5,6,9,11,12,13,14,20,22,27,30]; c1:bw=109,experts=[0,5,10,13,14,15,21,25,28,29]; c8:bw=145,experts=[0,1,3,5,6,7,8,10,11,14,18,23,24,31]; c4:bw=139,experts=[0,7,8,11,12,14,15,21,23,27,28,29,31]; c3:bw=225,experts=[4,5,6,7,8,9,10,11,12,13,14,18,19,20,21,22,24,26,27,29,30,31]; c0:bw=174,experts=[0,1,2,3,6,7,8,10,11,14,15,20,22,25,27,28,29]","4.9713,4.0414,3.5123,6.7702,6.3050,4.2826,5.3337,6.8189,5.1762,4.6681"
59,2026-09-23 17:54:40,Ours,0.01,1.7033769256091933,52.6,54.65,57,56.2537,0:56.25,54.9128,0.1475,1.1918,3225.0369,53:45.04,10,"2,8,9,6,1,4,7,5,0,3",2:134;8:204;9:101;6:70;1:239;4:94;7:102;5:117;0:191;3:129,"2:[0,5,7,8,10,18,19,21,22,24,27,29,30];8:[3,4,6,7,8,9,13,14,16,18,19,20,21,22,23,24,26,27,28,30];9:[1,2,5,7,14,15,20,24,28,30];6:[4,11,14,17,21,22,25];1:[1,2,3,5,6,7,8,10,12,13,14,15,16,17,18,20,22,23,24,25,26,27,30];4:[6,12,14,19,20,21,22,23,26];7:[1,2,11,13,18,20,22,24,26,27];5:[0,1,3,7,8,10,12,13,25,27,30];0:[0,2,3,4,6,8,9,12,14,15,17,18,19,20,22,24,25,27,28];3:[0,5,14,15,17,19,20,21,22,25,26,28]","c2:bw=134,experts=[0,5,7,8,10,18,19,21,22,24,27,29,30]; c8:bw=204,experts=[3,4,6,7,8,9,13,14,16,18,19,20,21,22,23,24,26,27,28,30]; c9:bw=101,experts=[1,2,5,7,14,15,20,24,28,30]; c6:bw=70,experts=[4,11,14,17,21,22,25]; c1:bw=239,experts=[1,2,3,5,6,7,8,10,12,13,14,15,16,17,18,20,22,23,24,25,26,27,30]; c4:bw=94,experts=[6,12,14,19,20,21,22,23,26]; c7:bw=102,experts=[1,2,11,13,18,20,22,24,26,27]; c5:bw=117,experts=[0,1,3,7,8,10,12,13,25,27,30]; c0:bw=191,experts=[0,2,3,4,6,8,9,12,14,15,17,18,19,20,22,24,25,27,28]; c3:bw=129,experts=[0,5,14,15,17,19,20,21,22,25,26,28]","3.7793,5.3768,3.5673,7.6154,4.7227,7.7592,5.2095,6.7856,4.8729,5.2239"
60,2026-09-23 17:55:34,Ours,0.01,1.6683659441769607,56.51,56.51,60,53.6406,0:53.64,52.2038,0.1707,1.2644,3278.7103,54:38.71,10,"0,7,4,2,5,8,6,9,1,3",0:194;7:175;4:110;2:111;5:122;8:89;6:218;9:27;1:197;3:160,"0:[0,1,2,4,5,6,8,9,10,13,15,16,18,19,22,23,25,26,30];7:[1,4,6,9,10,11,12,17,18,21,24,25,26,27,29,30,31];4:[0,3,5,9,12,21,23,24,26,27,30];2:[5,7,8,10,12,14,16,21,22,26,27];5:[4,6,11,15,16,18,23,24,28,29,30,31];8:[2,3,12,21,22,25,28,31];6:[0,1,2,3,4,5,6,7,8,10,13,15,17,20,21,22,23,28,29,30,31];9:[4,20];1:[0,3,4,6,8,9,10,11,13,14,15,16,18,20,22,23,25,26,30];3:[2,3,4,7,12,13,15,17,18,20,21,23,24,26,30,31]","c0:bw=194,experts=[0,1,2,4,5,6,8,9,10,13,15,16,18,19,22,23,25,26,30]; c7:bw=175,experts=[1,4,6,9,10,11,12,17,18,21,24,25,26,27,29,30,31]; c4:bw=110,experts=[0,3,5,9,12,21,23,24,26,27,30]; c2:bw=111,experts=[5,7,8,10,12,14,16,21,22,26,27]; c5:bw=122,experts=[4,6,11,15,16,18,23,24,28,29,30,31]; c8:bw=89,experts=[2,3,12,21,22,25,28,31]; c6:bw=218,experts=[0,1,2,3,4,5,6,7,8,10,13,15,17,20,21,22,23,28,29,30,31]; c9:bw=27,experts=[4,20]; c1:bw=197,experts=[0,3,4,6,8,9,10,11,13,14,15,16,18,20,22,23,25,26,30]; c3:bw=160,experts=[2,3,4,7,12,13,15,17,18,20,21,23,24,26,30,31]","4.8165,4.6173,6.9152,3.7651,6.2437,5.3256,6.7719,3.5503,4.6439,5.5543"
61,2026-09-23 17:56:27,Ours,0.01,1.6798603317678278,53.75,56.51,60,53.2369,0:53.24,51.9107,0.1618,1.1626,3331.9753,55:31.98,10,"5,6,2,9,1,3,8,4,7,0",5:178;6:136;2:107;9:138;1:122;3:157;8:203;4:140;7:159;0:220,"5:[3,6,7,10,11,13,15,16,17,18,19,22,24,25,26,27,29];6:[1,2,3,6,11,15,20,21,23,26,27,28,31];2:[0,6,9,15,16,18,19,21,25,29];9:[0,7,8,9,11,14,15,16,17,23,24,28,29];1:[1,3,5,6,7,8,10,16,17,21,25,29];3:[0,1,2,3,4,7,10,15,16,19,21,22,23,26,30];8:[2,3,4,6,7,8,9,12,13,14,18,19,20,22,23,24,27,29,30,31];4:[0,3,5,6,7,8,9,10,15,18,21,25,26,31];7:[0,1,2,4,8,10,14,17,18,21,22,23,26,27,29];0:[1,2,3,4,6,7,8,10,11,14,17,20,21,22,24,25,26,27,28,29,30,31]","c5:bw=178,experts=[3,6,7,10,11,13,15,16,17,18,19,22,24,25,26,27,29]; c6:bw=136,experts=[1,2,3,6,11,15,20,21,23,26,27,28,31]; c2:bw=107,experts=[0,6,9,15,16,18,19,21,25,29]; c9:bw=138,experts=[0,7,8,9,11,14,15,16,17,23,24,28,29]; c1:bw=122,experts=[1,3,5,6,7,8,10,16,17,21,25,29]; c3:bw=157,experts=[0,1,2,3,4,7,10,15,16,19,21,22,23,26,30]; c8:bw=203,experts=[2,3,4,6,7,8,9,12,13,14,18,19,20,22,23,24,27,29,30,31]; c4:bw=140,experts=[0,3,5,6,7,8,9,10,15,18,21,25,26,31]; c7:bw=159,experts=[0,1,2,4,8,10,14,17,18,21,22,23,26,27,29]; c0:bw=220,experts=[1,2,3,4,6,7,8,10,11,14,17,20,21,22,24,25,26,27,28,29,30,31]","6.6752,6.8240,3.7637,3.4773,4.3032,5.1541,5.3601,7.0687,4.6102,4.6742"
62,2026-09-23 17:57:21,Ours,0.01,1.6744944811008406,51.61,56.51,60,54.188,0:54.19,52.8328,0.152,1.2013,3386.1934,56:26.19,10,"8,6,9,4,5,0,3,2,1,7",8:48;6:228;9:59;4:221;5:246;0:103;3:193;2:154;1:274;7:163,"8:[2,15,27,28];6:[0,2,6,8,10,11,12,13,14,15,18,19,20,23,24,25,26,27,28,29,30,31];9:[6,9,19,20,25];4:[0,3,4,5,8,9,10,12,13,17,18,19,21,22,23,24,25,26,27,28,29,30];5:[0,1,3,4,5,6,7,11,13,14,15,16,19,20,21,22,23,24,25,26,28,29,30,31];0:[0,3,7,10,11,20,21,23,24,28];3:[1,5,6,7,9,10,11,13,14,18,19,20,21,23,24,25,26,28,31];2:[0,1,2,3,5,8,10,14,17,20,23,25,26,27,29];1:[0,1,3,4,5,6,7,8,9,10,11,13,15,16,17,18,19,21,22,23,24,26,27,28,29,30,31];7:[5,6,8,10,12,13,15,16,17,19,21,27,28,29,30,31]","c8:bw=48,experts=[2,15,27,28]; c6:bw=228,experts=[0,2,6,8,10,11,12,13,14,15,18,19,20,23,24,25,26,27,28,29,30,31]; c9:bw=59,experts=[6,9,19,20,25]; c4:bw=221,experts=[0,3,4,5,8,9,10,12,13,17,18,19,21,22,23,24,25,26,27,28,29,30]; c5:bw=246,experts=[0,1,3,4,5,6,7,11,13,14,15,16,19,20,21,22,23,24,25,26,28,29,30,31]; c0:bw=103,experts=[0,3,7,10,11,20,21,23,24,28]; c3:bw=193,experts=[1,5,6,7,9,10,11,13,14,18,19,20,21,23,24,25,26,28,31]; c2:bw=154,experts=[0,1,2,3,5,8,10,14,17,20,23,25,26,27,29]; c1:bw=274,experts=[0,1,3,4,5,6,7,8,9,10,11,13,15,16,17,18,19,21,22,23,24,26,27,28,29,30,31]; c7:bw=163,experts=[5,6,8,10,12,13,15,16,17,19,21,27,28,29,30,31]","5.4318,6.7487,3.4833,6.8763,6.4086,5.0456,5.6469,4.0573,4.5155,4.6187"
63,2026-09-23 17:58:15,Ours,0.01,1.694478962891889,54.66,56.51,60,53.6066,0:53.61,52.1793,0.1656,1.2601,3439.8291,57:19.83,10,"5,9,6,3,8,1,7,0,2,4",5:33;9:77;6:124;3:192;8:116;1:183;7:251;0:151;2:102;4:192,"5:[14,20,28];9:[7,10,12,13,23,26,29];6:[5,6,8,10,14,15,19,23,25,27,30,31];3:[1,2,3,7,8,11,13,14,15,17,22,23,25,26,27,28,29,30,31];8:[0,5,6,8,9,10,14,18,20,30,31];1:[0,2,3,4,6,7,8,13,15,17,19,20,21,22,23,28,30,31];7:[0,2,4,5,6,7,8,9,11,12,14,15,17,19,20,22,23,24,25,26,27,28,29,30,31];0:[1,2,3,6,12,13,14,15,17,18,22,25,27,29,31];2:[0,7,9,10,13,17,18,19,23,26];4:[4,6,8,9,10,12,14,15,17,19,20,22,24,25,27,28,29,30,31]","c5:bw=33,experts=[14,20,28]; c9:bw=77,experts=[7,10,12,13,23,26,29]; c6:bw=124,experts=[5,6,8,10,14,15,19,23,25,27,30,31]; c3:bw=192,experts=[1,2,3,7,8,11,13,14,15,17,22,23,25,26,27,28,29,30,31]; c8:bw=116,experts=[0,5,6,8,9,10,14,18,20,30,31]; c1:bw=183,experts=[0,2,3,4,6,7,8,13,15,17,19,20,21,22,23,28,30,31]; c7:bw=251,experts=[0,2,4,5,6,7,8,9,11,12,14,15,17,19,20,22,23,24,25,26,27,28,29,30,31]; c0:bw=151,experts=[1,2,3,6,12,13,14,15,17,18,22,25,27,29,31]; c2:bw=102,experts=[0,7,9,10,13,17,18,19,23,26]; c4:bw=192,experts=[4,6,8,9,10,12,14,15,17,19,20,22,24,25,27,28,29,30,31]","6.1748,3.5077,6.7294,5.2928,5.5610,4.2626,4.5718,4.6850,4.0384,7.3556"
64,2026-09-23 17:59:08,Ours,0.01,1.6214054280995487,58.93,58.93,64,52.8304,0:52.83,51.515,0.1511,1.1625,3492.6946,58:12.69,10,"6,4,5,3,7,0,8,9,2,1",6:182;4:138;5:87;3:138;7:124;0:116;8:195;9:217;2:205;1:104,"6:[0,1,2,4,7,8,10,12,20,22,23,24,25,26,27,28,29,30];4:[1,3,4,5,7,9,12,13,14,18,21,24,30];5:[1,4,6,9,10,16,19,30];3:[0,6,8,11,12,14,17,20,21,26,28,30,31];7:[0,2,3,4,6,7,8,9,11,22,28,29];0:[4,6,8,9,14,15,16,24,25,26,29];8:[3,4,5,6,8,10,11,13,14,16,17,18,22,23,24,25,27,28,29];9:[0,1,3,4,5,7,8,9,12,13,14,16,17,18,20,21,22,23,24,27,29];2:[0,1,2,4,5,7,9,10,12,14,15,18,19,21,22,23,25,28,29,30];1:[0,2,3,11,13,20,21,27,29,30]","c6:bw=182,experts=[0,1,2,4,7,8,10,12,20,22,23,24,25,26,27,28,29,30]; c4:bw=138,experts=[1,3,4,5,7,9,12,13,14,18,21,24,30]; c5:bw=87,experts=[1,4,6,9,10,16,19,30]; c3:bw=138,experts=[0,6,8,11,12,14,17,20,21,26,28,30,31]; c7:bw=124,experts=[0,2,3,4,6,7,8,9,11,22,28,29]; c0:bw=116,experts=[4,6,8,9,14,15,16,24,25,26,29]; c8:bw=195,experts=[3,4,5,6,8,10,11,13,14,16,17,18,22,23,24,25,27,28,29]; c9:bw=217,experts=[0,1,3,4,5,7,8,9,12,13,14,16,17,18,20,21,22,23,24,27,29]; c2:bw=205,experts=[0,1,2,4,5,7,9,10,12,14,15,18,19,21,22,23,25,28,29,30]; c1:bw=104,experts=[0,2,3,11,13,20,21,27,29,30]","7.0304,6.8554,6.2006,5.2519,4.6783,4.6621,5.3605,3.4898,3.7303,4.2556"
65,2026-09-23 18:00:02,Ours,0.01,1.657573356775784,54.4,58.93,64,53.9185,0:53.92,52.5784,0.1487,1.1896,3546.6417,59:06.64,10,"7,5,4,6,8,3,0,2,1,9",7:33;5:105;4:210;6:182;8:241;3:156;0:151;2:104;1:211;9:171,"7:[8,17,28];5:[1,3,6,12,15,19,22,26,27,28];4:[1,2,6,8,9,10,12,13,14,15,16,17,19,20,21,23,24,25,28,29,31];6:[1,4,5,8,9,10,11,13,14,15,18,19,20,22,24,28,30,31];8:[0,2,3,4,5,6,7,8,9,10,11,13,14,18,20,21,22,23,25,26,27,28,30,31];3:[3,6,9,12,14,15,17,19,20,21,22,28,29,30,31];0:[0,1,5,6,7,8,9,10,11,16,18,19,20,27,28];2:[0,5,7,10,18,20,21,23,25,27];1:[0,1,2,3,4,5,6,7,8,9,12,14,15,16,18,19,20,22,24,26,27];9:[0,3,6,7,9,10,11,12,14,15,16,18,21,23,25,26,31]","c7:bw=33,experts=[8,17,28]; c5:bw=105,experts=[1,3,6,12,15,19,22,26,27,28]; c4:bw=210,experts=[1,2,6,8,9,10,12,13,14,15,16,17,19,20,21,23,24,25,28,29,31]; c6:bw=182,experts=[1,4,5,8,9,10,11,13,14,15,18,19,20,22,24,28,30,31]; c8:bw=241,experts=[0,2,3,4,5,6,7,8,9,10,11,13,14,18,20,21,22,23,25,26,27,28,30,31]; c3:bw=156,experts=[3,6,9,12,14,15,17,19,20,21,22,28,29,30,31]; c0:bw=151,experts=[0,1,5,6,7,8,9,10,11,16,18,19,20,27,28]; c2:bw=104,experts=[0,5,7,10,18,20,21,23,25,27]; c1:bw=211,experts=[0,1,2,3,4,5,6,7,8,9,12,14,15,16,18,19,20,22,24,26,27]; c9:bw=171,experts=[0,3,6,7,9,10,11,12,14,15,16,18,21,23,25,26,31]","4.5997,6.3588,6.8941,6.6721,5.6111,5.6687,5.0092,4.0250,4.2908,3.4489"
66,2026-09-23 18:00:56,Ours,0.01,1.6861890089917773,41.25,58.93,64,53.5351,0:53.54,52.1281,0.163,1.2421,3600.2087,1:00:00.21,10,"2,5,1,8,9,6,4,0,3,7",2:149;5:63;1:198;8:88;9:115;6:108;4:152;0:139;3:244;7:184,"2:[0,5,6,7,8,13,14,16,18,19,20,22,25,27];5:[8,9,10,16,19,30];1:[0,2,5,6,7,8,11,14,15,17,19,21,22,23,24,25,26,27,30];8:[1,3,6,15,16,21,27,29];9:[1,3,6,7,11,12,14,17,20,23,31];6:[2,3,5,10,13,17,25,26,28,29];4:[0,1,2,3,4,5,7,12,16,21,22,25,26,29,31];0:[1,6,9,11,12,15,17,18,21,23,24,27,29];3:[1,2,3,6,8,9,10,11,13,14,16,17,18,19,21,22,23,25,26,27,28,29,30,31];7:[0,1,5,7,8,9,11,12,14,16,17,19,21,23,25,26,29,30]","c2:bw=149,experts=[0,5,6,7,8,13,14,16,18,19,20,22,25,27]; c5:bw=63,experts=[8,9,10,16,19,30]; c1:bw=198,experts=[0,2,5,6,7,8,11,14,15,17,19,21,22,23,24,25,26,27,30]; c8:bw=88,experts=[1,3,6,15,16,21,27,29]; c9:bw=115,experts=[1,3,6,7,11,12,14,17,20,23,31]; c6:bw=108,experts=[2,3,5,10,13,17,25,26,28,29]; c4:bw=152,experts=[0,1,2,3,4,5,7,12,16,21,22,25,26,29,31]; c0:bw=139,experts=[1,6,9,11,12,15,17,18,21,23,24,27,29]; c3:bw=244,experts=[1,2,3,6,8,9,10,11,13,14,16,17,18,19,21,22,23,25,26,27,28,29,30,31]; c7:bw=184,experts=[0,1,5,7,8,9,11,12,14,16,17,19,21,23,25,26,29,30]","3.7979,6.2019,4.3831,5.3912,3.4679,6.6651,6.7749,4.8510,5.6781,4.9171"
67,2026-09-23 18:01:50,Ours,0.01,1.7611773230921952,44.08,58.93,64,54.3114,0:54.31,52.9972,0.1493,1.1632,3654.5559,1:00:54.56,10,"4,5,1,3,6,0,2,9,7,8",4:188;5:177;1:134;3:93;6:194;0:119;2:157;9:219;7:215;8:33,"4:[0,2,3,6,7,10,11,13,14,17,20,21,23,25,27,28,30,31];5:[2,4,5,6,8,10,11,15,16,19,20,23,26,27,28,29,30];1:[2,5,9,10,11,12,13,19,23,25,26,27,29];3:[2,3,8,11,12,13,22,25,31];6:[0,1,3,5,6,8,9,11,13,17,18,19,22,24,25,26,27,28,31];0:[2,3,5,6,7,12,13,24,25,26,27];2:[0,1,3,4,5,8,11,14,15,19,21,22,25,26,27];9:[0,1,5,6,8,9,10,14,15,16,17,18,19,20,21,23,24,26,27,28,29];7:[0,3,5,9,10,11,12,15,16,17,20,21,22,23,24,25,26,27,28,29,31];8:[9,10,28]","c4:bw=188,experts=[0,2,3,6,7,10,11,13,14,17,20,21,23,25,27,28,30,31]; c5:bw=177,experts=[2,4,5,6,8,10,11,15,16,19,20,23,26,27,28,29,30]; c1:bw=134,experts=[2,5,9,10,11,12,13,19,23,25,26,27,29]; c3:bw=93,experts=[2,3,8,11,12,13,22,25,31]; c6:bw=194,experts=[0,1,3,5,6,8,9,11,13,17,18,19,22,24,25,26,27,28,31]; c0:bw=119,experts=[2,3,5,6,7,12,13,24,25,26,27]; c2:bw=157,experts=[0,1,3,4,5,8,11,14,15,19,21,22,25,26,27]; c9:bw=219,experts=[0,1,5,6,8,9,10,14,15,16,17,18,19,20,21,23,24,26,27,28,29]; c7:bw=215,experts=[0,3,5,9,10,11,12,15,16,17,20,21,22,23,24,25,26,27,28,29,31]; c8:bw=33,experts=[9,10,28]","7.4493,6.7812,4.6636,5.5712,6.7613,4.6672,3.7190,3.4589,4.5824,5.3429"
68,2026-09-23 18:02:44,Ours,0.01,1.6945758857177666,56.48,58.93,64,53.8118,0:53.81,52.4516,0.1516,1.2069,3708.4002,1:01:48.40,10,"1,8,2,0,3,4,5,9,7,6",1:153;8:114;2:214;0:110;3:94;4:180;5:163;9:57;7:102;6:116,"1:[0,5,6,7,10,11,12,13,16,19,20,21,23,27,31];8:[2,5,6,10,13,17,18,19,24,28,29];2:[0,1,2,6,7,11,12,13,14,15,16,17,18,19,20,22,23,25,27,28,30];0:[0,6,8,9,13,17,18,20,24,28,30];3:[0,4,6,12,13,19,20,27,31];4:[0,4,5,7,9,11,14,15,18,19,21,22,24,26,27,28,30,31];5:[0,1,2,4,6,8,9,10,11,14,17,18,21,25,27,30];9:[2,15,16,17,25];7:[0,4,8,10,11,13,14,19,24,25];6:[0,2,5,9,16,18,22,23,24,27,28]","c1:bw=153,experts=[0,5,6,7,10,11,12,13,16,19,20,21,23,27,31]; c8:bw=114,experts=[2,5,6,10,13,17,18,19,24,28,29]; c2:bw=214,experts=[0,1,2,6,7,11,12,13,14,15,16,17,18,19,20,22,23,25,27,28,30]; c0:bw=110,experts=[0,6,8,9,13,17,18,20,24,28,30]; c3:bw=94,experts=[0,4,6,12,13,19,20,27,31]; c4:bw=180,experts=[0,4,5,7,9,11,14,15,18,19,21,22,24,26,27,28,30,31]; c5:bw=163,experts=[0,1,2,4,6,8,9,10,11,14,17,18,21,25,27,30]; c9:bw=57,experts=[2,15,16,17,25]; c7:bw=102,experts=[0,4,8,10,11,13,14,19,24,25]; c6:bw=116,experts=[0,2,5,9,16,18,22,23,24,27,28]","4.3482,5.4920,3.7792,4.6619,5.1367,7.2118,6.6731,3.7444,4.7641,6.6400"
69,2026-09-23 18:03:37,Ours,0.01,1.6400346786146442,57.34,58.93,64,53.6785,0:53.68,52.2621,0.1658,1.2487,3762.1131,1:02:42.11,10,"3,7,1,4,9,5,0,2,8,6",3:152;7:214;1:115;4:152;9:130;5:145;0:192;2:243;8:154;6:96,"3:[2,4,5,9,10,11,15,17,18,20,21,23,25,27,28];7:[0,1,3,4,5,7,8,9,10,12,15,18,19,20,21,22,23,25,28,30,31];1:[1,3,6,12,14,16,18,22,24,28,29];4:[1,4,7,9,11,14,17,19,20,21,22,25,26,27,31];9:[1,2,4,5,7,11,12,18,19,21,23,26,28];5:[1,3,8,10,11,12,15,16,18,22,23,27,29,31];0:[0,3,5,8,9,11,12,13,15,16,17,19,24,25,26,27,29,30,31];2:[0,1,2,3,5,7,8,9,10,11,12,14,15,17,18,20,23,24,25,26,27,29,30,31];8:[0,1,2,3,10,12,15,17,18,19,20,22,23,24,25];6:[0,3,4,6,13,17,19,22,26]","c3:bw=152,experts=[2,4,5,9,10,11,15,17,18,20,21,23,25,27,28]; c7:bw=214,experts=[0,1,3,4,5,7,8,9,10,12,15,18,19,20,21,22,23,25,28,30,31]; c1:bw=115,experts=[1,3,6,12,14,16,18,22,24,28,29]; c4:bw=152,experts=[1,4,7,9,11,14,17,19,20,21,22,25,26,27,31]; c9:bw=130,experts=[1,2,4,5,7,11,12,18,19,21,23,26,28]; c5:bw=145,experts=[1,3,8,10,11,12,15,16,18,22,23,27,29,31]; c0:bw=192,experts=[0,3,5,8,9,11,12,13,15,16,17,19,24,25,26,27,29,30,31]; c2:bw=243,experts=[0,1,2,3,5,7,8,9,10,11,12,14,15,17,18,20,23,24,25,26,27,29,30,31]; c8:bw=154,experts=[0,1,2,3,10,12,15,17,18,19,20,22,23,24,25]; c6:bw=96,experts=[0,3,4,6,13,17,19,22,26]","5.2038,4.5965,4.3007,6.8514,3.5065,6.2357,4.6562,3.8774,5.8293,7.2047"
70,2026-09-23 18:04:30,Ours,0.01,1.6299271897516625,53.72,58.93,64,52.9482,0:52.95,51.6352,0.1485,1.1629,3815.1014,1:03:35.10,10,"1,9,7,3,0,6,2,4,5,8",1:89;9:10;7:103;3:116;0:110;6:94;2:202;4:212;5:83;8:176,"1:[3,9,14,17,18,20,25,30];9:[25];7:[0,1,3,6,9,13,17,21,25,27];3:[0,6,9,12,15,16,21,23,24,28,30];0:[0,1,3,6,9,13,20,22,23,27,28];6:[0,2,3,6,10,13,21,26,29];2:[1,2,4,5,7,8,9,11,13,14,18,19,21,22,23,24,27,28,30,31];4:[1,2,4,5,9,10,11,12,14,15,16,17,18,19,20,21,22,23,24,26,31];5:[1,8,10,11,12,18,20,30];8:[1,4,5,8,10,12,14,15,19,21,22,23,24,26,27,28,29]","c1:bw=89,experts=[3,9,14,17,18,20,25,30]; c9:bw=10,experts=[25]; c7:bw=103,experts=[0,1,3,6,9,13,17,21,25,27]; c3:bw=116,experts=[0,6,9,12,15,16,21,23,24,28,30]; c0:bw=110,experts=[0,1,3,6,9,13,20,22,23,27,28]; c6:bw=94,experts=[0,2,3,6,10,13,21,26,29]; c2:bw=202,experts=[1,2,4,5,7,8,9,11,13,14,18,19,21,22,23,24,27,28,30,31]; c4:bw=212,experts=[1,2,4,5,9,10,11,12,14,15,16,17,18,19,20,21,22,23,24,26,31]; c5:bw=83,experts=[1,8,10,11,12,18,20,30]; c8:bw=176,experts=[1,4,5,8,10,12,14,15,19,21,22,23,24,26,27,28,29]","4.5057,3.5550,4.6092,5.2995,4.6654,6.6839,3.7666,6.9501,6.2005,5.3992"
71,2026-09-23 18:05:24,Ours,0.01,1.6183753891568564,58.45,58.93,64,54.0237,0:54.02,52.7048,0.1533,1.1638,3869.1558,1:04:29.16,10,"4,0,1,9,7,5,3,6,8,2",4:155;0:59;1:191;9:147;7:75;5:123;3:226;6:182;8:141;2:222,"4:[0,3,4,5,8,10,11,18,21,23,26,28,29,30,31];0:[1,4,5,7,13];1:[1,3,6,8,9,10,11,13,14,17,19,20,22,24,25,26,27,28,30];9:[1,2,4,5,8,9,19,20,23,25,28,29,30,31];7:[13,15,17,25,28,30,31];5:[3,4,5,14,17,18,19,24,26,27,28,31];3:[0,1,2,3,5,7,8,13,14,16,18,19,20,21,22,24,25,26,27,28,29,30];6:[0,3,5,6,7,8,9,14,15,16,20,23,24,26,27,28,29,31];8:[1,4,10,12,16,17,19,20,21,23,26,27,30,31];2:[2,3,4,6,7,10,11,13,14,15,17,19,20,21,22,23,24,25,26,28,29,31]","c4:bw=155,experts=[0,3,4,5,8,10,11,18,21,23,26,28,29,30,31]; c0:bw=59,experts=[1,4,5,7,13]; c1:bw=191,experts=[1,3,6,8,9,10,11,13,14,17,19,20,22,24,25,26,27,28,30]; c9:bw=147,experts=[1,2,4,5,8,9,19,20,23,25,28,29,30,31]; c7:bw=75,experts=[13,15,17,25,28,30,31]; c5:bw=123,experts=[3,4,5,14,17,18,19,24,26,27,28,31]; c3:bw=226,experts=[0,1,2,3,5,7,8,13,14,16,18,19,20,21,22,24,25,26,27,28,29,30]; c6:bw=182,experts=[0,3,5,6,7,8,9,14,15,16,20,23,24,26,27,28,29,31]; c8:bw=141,experts=[1,4,10,12,16,17,19,20,21,23,26,27,30,31]; c2:bw=222,experts=[2,3,4,6,7,10,11,13,14,15,17,19,20,21,22,23,24,25,26,28,29,31]","6.9048,4.6978,4.3971,3.4611,4.5323,6.5722,5.7340,7.2243,5.3872,3.7939"
72,2026-09-23 18:06:18,Ours,0.01,1.633400303389919,54.09,58.93,64,53.7658,0:53.77,52.346,0.1646,1.2535,3922.955,1:05:22.95,10,"8,1,5,7,6,0,3,2,9,4",8:109;1:145;5:158;7:177;6:70;0:191;3:84;2:84;9:139;4:144,"8:[3,4,6,10,13,17,19,20,21,24];1:[0,1,2,8,12,17,18,19,21,22,26,27,30,31];5:[1,5,10,14,15,16,17,20,21,22,23,25,27,28,31];7:[0,2,5,6,15,16,17,18,19,20,21,23,25,27,28,29,31];6:[1,5,14,19,23,26,31];0:[1,3,4,5,6,7,9,10,13,14,16,20,23,24,25,27,28,29,30];3:[8,17,18,21,22,25,26,28];2:[1,3,9,16,19,21,22,29];9:[0,1,6,8,14,15,16,17,19,21,25,30,31];4:[1,2,4,7,11,13,14,15,18,21,23,24,27,30]","c8:bw=109,experts=[3,4,6,10,13,17,19,20,21,24]; c1:bw=145,experts=[0,1,2,8,12,17,18,19,21,22,26,27,30,31]; c5:bw=158,experts=[1,5,10,14,15,16,17,20,21,22,23,25,27,28,31]; c7:bw=177,experts=[0,2,5,6,15,16,17,18,19,20,21,23,25,27,28,29,31]; c6:bw=70,experts=[1,5,14,19,23,26,31]; c0:bw=191,experts=[1,3,4,5,6,7,9,10,13,14,16,20,23,24,25,27,28,29,30]; c3:bw=84,experts=[8,17,18,21,22,25,26,28]; c2:bw=84,experts=[1,3,9,16,19,21,22,29]; c9:bw=139,experts=[0,1,6,8,14,15,16,17,19,21,25,30,31]; c4:bw=144,experts=[1,2,4,7,11,13,14,15,18,21,23,24,27,30]","5.3997,4.4153,6.1755,4.6437,6.6523,4.6696,5.2407,4.0683,3.7111,7.3698"
73,2026-09-23 18:07:11,Ours,0.01,1.6082030637012175,56.75,58.93,64,52.528,0:52.53,51.2256,0.1433,1.1575,3975.5159,1:06:15.52,10,"2,8,3,1,5,9,0,7,6,4",2:173;8:39;3:145;1:242;5:62;9:190;0:103;7:135;6:73;4:150,"2:[2,5,6,8,9,11,12,13,14,16,20,21,22,23,26,27,30];8:[1,22,30];3:[6,12,13,15,17,19,22,23,24,25,26,27,28,29];1:[0,2,3,4,5,6,7,9,10,11,12,13,14,16,17,19,20,21,23,24,27,28,29,31];5:[0,9,14,15,18,20];9:[0,2,3,4,5,6,7,8,9,10,11,13,19,23,25,27,28,29,30];0:[1,3,5,9,14,17,24,27,28,31];7:[2,3,4,6,11,12,15,16,20,23,25,27,29];6:[5,7,14,16,19,25,29];4:[3,7,11,12,13,14,15,16,22,24,27,28,29,30,31]","c2:bw=173,experts=[2,5,6,8,9,11,12,13,14,16,20,21,22,23,26,27,30]; c8:bw=39,experts=[1,22,30]; c3:bw=145,experts=[6,12,13,15,17,19,22,23,24,25,26,27,28,29]; c1:bw=242,experts=[0,2,3,4,5,6,7,9,10,11,12,13,14,16,17,19,20,21,23,24,27,28,29,31]; c5:bw=62,experts=[0,9,14,15,18,20]; c9:bw=190,experts=[0,2,3,4,5,6,7,8,9,10,11,13,19,23,25,27,28,29,30]; c0:bw=103,experts=[1,3,5,9,14,17,24,27,28,31]; c7:bw=135,experts=[2,3,4,6,11,12,15,16,20,23,25,27,29]; c6:bw=73,experts=[5,7,14,16,19,25,29]; c4:bw=150,experts=[3,7,11,12,13,14,15,16,22,24,27,28,29,30,31]","3.9230,5.3234,5.3194,4.3237,6.2175,3.5325,4.6372,4.5531,6.6043,6.7916"
74,2026-09-23 18:08:06,Ours,0.01,1.5898661547374702,57.82,58.93,64,54.957,0:54.96,53.529,0.1608,1.2654,4030.5067,1:07:10.51,10,"3,0,1,5,7,8,6,2,4,9",3:26;0:146;1:101;5:184;7:238;8:104;6:30;2:21;4:172;9:117,"3:[13,17];0:[0,2,6,12,13,14,15,18,22,26,27,28,29,31];1:[2,6,7,12,16,17,18,19,26,27];5:[0,1,2,4,6,8,9,11,16,18,19,21,22,25,26,27,29,31];7:[1,2,3,4,5,6,7,9,10,11,12,13,14,16,17,19,22,23,25,26,29,30,31];8:[2,3,4,6,17,18,23,24,29,31];6:[5,14,28];2:[11,17];4:[3,4,7,11,12,13,14,17,19,21,22,23,25,26,27,29,30];9:[0,4,8,9,10,13,16,18,19,24,30]","c3:bw=26,experts=[13,17]; c0:bw=146,experts=[0,2,6,12,13,14,15,18,22,26,27,28,29,31]; c1:bw=101,experts=[2,6,7,12,16,17,18,19,26,27]; c5:bw=184,experts=[0,1,2,4,6,8,9,11,16,18,19,21,22,25,26,27,29,31]; c7:bw=238,experts=[1,2,3,4,5,6,7,9,10,11,12,13,14,16,17,19,22,23,25,26,29,30,31]; c8:bw=104,experts=[2,3,4,6,17,18,23,24,29,31]; c6:bw=30,experts=[5,14,28]; c2:bw=21,experts=[11,17]; c4:bw=172,experts=[3,4,7,11,12,13,14,17,19,21,22,23,25,26,27,29,30]; c9:bw=117,experts=[0,4,8,9,10,13,16,18,19,24,30]","5.3860,4.7114,4.3267,6.1989,4.5640,5.7132,7.2030,4.0562,7.5630,3.8065"
75,2026-09-23 18:09:00,Ours,0.01,1.565965614530604,61.23,61.23,75,54.6331,0:54.63,53.2384,0.1643,1.2286,4085.176,1:08:05.18,10,"2,9,1,3,7,6,5,4,0,8",2:145;9:223;1:198;3:72;7:104;6:204;5:114;4:207;0:222;8:195,"2:[2,3,6,9,10,13,15,16,17,23,24,25,28,30];9:[0,1,4,5,6,7,8,11,12,13,14,17,18,20,21,22,24,25,27,28,29,31];1:[1,4,5,7,9,10,11,13,14,17,18,19,21,24,27,28,29,30,31];3:[1,10,14,26,27,28,30];7:[4,6,10,12,14,16,20,27,28,29];6:[0,1,3,4,5,7,8,9,12,19,20,21,22,23,24,25,28,29,30,31];5:[3,5,8,18,19,20,22,25,26,27,28];4:[0,1,3,4,5,6,10,11,12,14,17,19,22,23,24,25,26,27,28,31];0:[1,3,4,5,7,8,9,10,11,13,14,15,17,18,19,21,22,23,24,29,30,31];8:[2,3,4,5,6,7,8,10,14,15,16,19,20,21,25,26,28,30,31]","c2:bw=145,experts=[2,3,6,9,10,13,15,16,17,23,24,25,28,30]; c9:bw=223,experts=[0,1,4,5,6,7,8,11,12,13,14,17,18,20,21,22,24,25,27,28,29,31]; c1:bw=198,experts=[1,4,5,7,9,10,11,13,14,17,18,19,21,24,27,28,29,30,31]; c3:bw=72,experts=[1,10,14,26,27,28,30]; c7:bw=104,experts=[4,6,10,12,14,16,20,27,28,29]; c6:bw=204,experts=[0,1,3,4,5,7,8,9,12,19,20,21,22,23,24,25,28,29,30,31]; c5:bw=114,experts=[3,5,8,18,19,20,22,25,26,27,28]; c4:bw=207,experts=[0,1,3,4,5,6,10,11,12,14,17,19,22,23,24,25,26,27,28,31]; c0:bw=222,experts=[1,3,4,5,7,8,9,10,11,13,14,15,17,18,19,21,22,23,24,29,30,31]; c8:bw=195,experts=[2,3,4,5,6,7,8,10,14,15,16,19,20,21,25,26,28,30,31]","4.1122,3.8537,4.3145,5.2863,4.5722,6.6166,6.2141,7.4008,5.0614,5.8064"
76,2026-09-23 18:09:53,Ours,0.01,1.5557171318721257,59.33,61.23,75,52.862,0:52.86,51.499,0.1552,1.2062,4138.0719,1:08:58.07,10,"8,5,0,3,2,6,7,4,9,1",8:105;5:136;0:114;3:54;2:91;6:86;7:244;4:221;9:210;1:196,"8:[4,6,12,13,16,21,22,24,29,30];5:[0,2,4,5,7,10,12,22,26,27,28,29,31];0:[0,7,8,9,12,13,14,16,20,21,25];3:[3,21,22,30,31];2:[1,3,4,5,8,15,16,20,22];6:[3,5,13,16,21,28,29,30];7:[0,2,3,5,6,8,9,10,12,13,14,15,17,18,19,20,21,23,24,25,27,28,29,30];4:[0,1,2,3,4,5,6,7,9,14,16,17,18,20,21,22,23,24,26,28,29,31];9:[0,3,4,7,9,10,12,13,15,17,18,20,21,22,23,24,25,26,27,29,31];1:[1,2,4,5,6,7,11,12,13,14,19,21,22,23,24,27,28,29,31]","c8:bw=105,experts=[4,6,12,13,16,21,22,24,29,30]; c5:bw=136,experts=[0,2,4,5,7,10,12,22,26,27,28,29,31]; c0:bw=114,experts=[0,7,8,9,12,13,14,16,20,21,25]; c3:bw=54,experts=[3,21,22,30,31]; c2:bw=91,experts=[1,3,4,5,8,15,16,20,22]; c6:bw=86,experts=[3,5,13,16,21,28,29,30]; c7:bw=244,experts=[0,2,3,5,6,8,9,10,12,13,14,15,17,18,19,20,21,23,24,25,27,28,29,30]; c4:bw=221,experts=[0,1,2,3,4,5,6,7,9,14,16,17,18,20,21,22,23,24,26,28,29,31]; c9:bw=210,experts=[0,3,4,7,9,10,12,13,15,17,18,20,21,22,23,24,25,26,27,29,31]; c1:bw=196,experts=[1,2,4,5,6,7,11,12,13,14,19,21,22,23,24,27,28,29,31]","5.4169,6.2726,4.7761,5.2816,3.7398,6.6638,4.5842,6.8985,3.5549,4.3106"
77,2026-09-23 18:10:47,Ours,0.01,1.5589999714173044,60.23,61.23,75,54.0594,0:54.06,52.7507,0.1512,1.1559,4192.1639,1:09:52.16,10,"9,2,1,8,4,7,6,0,3,5",9:106;2:126;1:229;8:10;4:16;7:31;6:209;0:232;3:148;5:217,"9:[0,1,2,3,4,7,8,16,18,27];2:[0,6,9,10,17,18,19,22,23,26,27,30];1:[1,2,3,4,5,6,7,10,12,13,14,16,17,18,19,20,22,26,27,28,29,31];8:[10];4:[9];7:[13,15,19];6:[0,1,2,4,5,6,7,8,10,11,12,13,16,19,22,23,24,28,30,31];0:[0,1,3,4,5,6,7,8,10,11,12,14,16,19,21,22,24,25,26,27,29,30,31];3:[0,2,3,5,9,17,19,20,21,22,23,24,27,28];5:[0,1,2,4,5,6,9,11,12,14,16,17,18,19,20,21,23,26,28,30,31]","c9:bw=106,experts=[0,1,2,3,4,7,8,16,18,27]; c2:bw=126,experts=[0,6,9,10,17,18,19,22,23,26,27,30]; c1:bw=229,experts=[1,2,3,4,5,6,7,10,12,13,14,16,17,18,19,20,22,26,27,28,29,31]; c8:bw=10,experts=[10]; c4:bw=16,experts=[9]; c7:bw=31,experts=[13,15,19]; c6:bw=209,experts=[0,1,2,4,5,6,7,8,10,11,12,13,16,19,22,23,24,28,30,31]; c0:bw=232,experts=[0,1,3,4,5,6,7,8,10,11,12,14,16,19,21,22,24,25,26,27,29,30,31]; c3:bw=148,experts=[0,2,3,5,9,17,19,20,21,22,23,24,27,28]; c5:bw=217,experts=[0,1,2,4,5,6,9,11,12,14,16,17,18,19,20,21,23,26,28,30,31]","3.4947,3.8464,4.3408,5.3536,6.9556,4.8957,7.1984,5.0710,5.3521,6.2423"
78,2026-09-23 18:11:42,Ours,0.01,1.5389556708952266,60.91,61.23,75,54.1194,0:54.12,52.7953,0.1544,1.1679,4246.3192,1:10:46.32,10,"0,4,3,7,8,1,9,6,5,2",0:97;4:84;3:138;7:133;8:197;1:149;9:113;6:211;5:231;2:126,"0:[4,7,15,16,21,25,27,29,31];4:[5,8,12,15,16,22,26,27];3:[2,6,7,8,10,15,16,19,22,23,26,29,30];7:[4,5,6,9,10,14,16,18,20,22,25,26,31];8:[2,4,6,7,8,9,10,11,16,18,20,22,23,24,26,27,29,30,31];1:[0,4,5,6,7,9,11,12,13,17,24,28,29,30];9:[1,3,9,10,11,18,19,20,25,29,31];6:[0,2,3,4,5,6,9,11,14,15,16,18,20,21,22,24,25,26,27,29,31];5:[0,1,2,3,5,6,7,8,9,12,15,16,18,19,20,22,24,25,27,28,29,30,31];2:[0,1,2,4,5,9,16,17,22,26,29,30]","c0:bw=97,experts=[4,7,15,16,21,25,27,29,31]; c4:bw=84,experts=[5,8,12,15,16,22,26,27]; c3:bw=138,experts=[2,6,7,8,10,15,16,19,22,23,26,29,30]; c7:bw=133,experts=[4,5,6,9,10,14,16,18,20,22,25,26,31]; c8:bw=197,experts=[2,4,6,7,8,9,10,11,16,18,20,22,23,24,26,27,29,30,31]; c1:bw=149,experts=[0,4,5,6,7,9,11,12,13,17,24,28,29,30]; c9:bw=113,experts=[1,3,9,10,11,18,19,20,25,29,31]; c6:bw=211,experts=[0,2,3,4,5,6,9,11,14,15,16,18,20,21,22,24,25,26,27,29,31]; c5:bw=231,experts=[0,1,2,3,5,6,7,8,9,12,15,16,18,19,20,22,24,25,27,28,29,30,31]; c2:bw=126,experts=[0,1,2,4,5,9,16,17,22,26,29,30]","4.6899,6.9389,5.3357,4.6097,5.4231,4.2967,3.4845,7.2413,6.7411,4.0345"
79,2026-09-23 18:12:35,Ours,0.01,1.5581014870973682,56.67,61.23,75,52.8731,0:52.87,51.541,0.1487,1.1817,4299.2252,1:11:39.23,10,"6,9,0,4,7,8,5,3,1,2",6:77;9:34;0:131;4:311;7:168;8:163;5:195;3:96;1:136;2:122,"6:[1,3,5,8,9,14,31];9:[3,6,17];0:[0,5,9,13,14,16,21,22,23,25,28,30,31];4:[0,1,2,3,4,5,6,7,8,9,10,11,12,13,14,15,17,18,19,20,21,22,23,24,25,26,27,28,29,30,31];7:[1,2,6,7,8,9,14,16,20,23,24,25,26,27,28,30];8:[4,6,8,9,10,11,12,14,19,20,21,22,26,28,29,31];5:[0,4,5,8,10,11,12,13,14,15,17,19,20,22,25,27,29,30,31];3:[5,7,13,16,18,20,21,28,31];1:[1,3,7,10,16,17,20,21,22,23,26,28,30];2:[5,8,9,11,15,16,20,21,23,24,26,29]","c6:bw=77,experts=[1,3,5,8,9,14,31]; c9:bw=34,experts=[3,6,17]; c0:bw=131,experts=[0,5,9,13,14,16,21,22,23,25,28,30,31]; c4:bw=311,experts=[0,1,2,3,4,5,6,7,8,9,10,11,12,13,14,15,17,18,19,20,21,22,23,24,25,26,27,28,29,30,31]; c7:bw=168,experts=[1,2,6,7,8,9,14,16,20,23,24,25,26,27,28,30]; c8:bw=163,experts=[4,6,8,9,10,11,12,14,19,20,21,22,26,28,29,31]; c5:bw=195,experts=[0,4,5,8,10,11,12,13,14,15,17,19,20,22,25,27,29,30,31]; c3:bw=96,experts=[5,7,13,16,18,20,21,28,31]; c1:bw=136,experts=[1,3,7,10,16,17,20,21,22,23,26,28,30]; c2:bw=122,experts=[5,8,9,11,15,16,20,21,23,24,26,29]","6.7647,3.4750,4.7110,6.9030,4.5849,5.4102,6.2768,5.2787,4.3134,3.8234"
80,2026-09-23 18:13:31,Ours,0.01,1.5684851203166625,60.46,61.23,75,56.0911,0:56.09,54.7579,0.16,1.1714,4355.3527,1:12:35.35,10,"5,9,7,1,3,4,2,0,6,8",5:240;9:193;7:174;1:112;3:115;4:210;2:160;0:174;6:144;8:187,"5:[0,3,4,5,6,8,9,10,11,12,13,14,15,17,18,22,23,24,25,26,27,28,30,31];9:[1,2,6,8,9,10,11,15,17,18,19,20,23,24,25,28,29,30,31];7:[1,2,3,7,8,9,12,14,19,20,24,25,26,27,28,30,31];1:[3,5,11,14,16,18,20,22,23,29,31];3:[0,1,2,6,7,15,20,22,27,28,30];4:[0,1,2,4,6,8,10,11,12,13,14,17,19,20,21,22,24,25,26,30,31];2:[0,2,4,5,6,9,10,16,17,19,21,22,27,28,30,31];0:[0,4,5,6,7,8,9,10,16,17,21,24,25,26,27,30,31];6:[1,2,3,5,10,12,16,17,22,23,24,27,28,29];8:[0,1,3,4,9,13,14,16,18,19,20,21,22,23,25,27,29,31]","c5:bw=240,experts=[0,3,4,5,6,8,9,10,11,12,13,14,15,17,18,22,23,24,25,26,27,28,30,31]; c9:bw=193,experts=[1,2,6,8,9,10,11,15,17,18,19,20,23,24,25,28,29,30,31]; c7:bw=174,experts=[1,2,3,7,8,9,12,14,19,20,24,25,26,27,28,30,31]; c1:bw=112,experts=[3,5,11,14,16,18,20,22,23,29,31]; c3:bw=115,experts=[0,1,2,6,7,15,20,22,27,28,30]; c4:bw=210,experts=[0,1,2,4,6,8,10,11,12,13,14,17,19,20,21,22,24,25,26,30,31]; c2:bw=160,experts=[0,2,4,5,6,9,10,16,17,19,21,22,27,28,30,31]; c0:bw=174,experts=[0,4,5,6,7,8,9,10,16,17,21,24,25,26,27,30,31]; c6:bw=144,experts=[1,2,3,5,10,12,16,17,22,23,24,27,28,29]; c8:bw=187,experts=[0,1,3,4,9,13,14,16,18,19,20,21,22,23,25,27,29,31]","6.3066,3.5852,4.6074,4.3279,5.8380,7.8495,4.2804,5.1293,7.2310,5.6026"
81,2026-09-23 18:14:26,Ours,0.01,1.5219306207024794,62.2,62.2,81,55.5526,0:55.55,54.1343,0.1701,1.2464,4410.9393,1:13:30.94,10,"6,2,3,1,4,5,9,7,8,0",6:188;2:165;3:245;1:181;4:154;5:111;9:97;7:212;8:175;0:184,"6:[0,1,3,4,6,8,9,10,13,14,16,18,19,20,21,22,24,30];2:[1,3,4,7,8,10,11,14,15,16,17,20,21,29,30,31];3:[0,1,3,4,5,7,8,9,10,11,12,15,16,17,19,21,22,23,24,25,26,29,30,31];1:[0,1,3,4,5,8,9,10,12,14,15,16,17,21,22,26,28,29];4:[1,3,4,8,11,12,15,16,18,19,21,23,25,27,30];5:[0,1,2,4,7,18,20,22,28,29,31];9:[1,3,8,10,11,14,22,24,28];7:[0,1,2,3,4,5,7,10,12,14,17,18,20,21,22,23,26,27,28,29,31];8:[0,1,3,4,5,9,10,12,15,17,19,21,22,24,25,26,28];0:[0,1,4,7,8,9,10,12,13,15,16,19,23,24,25,26,27,31]","c6:bw=188,experts=[0,1,3,4,6,8,9,10,13,14,16,18,19,20,21,22,24,30]; c2:bw=165,experts=[1,3,4,7,8,10,11,14,15,16,17,20,21,29,30,31]; c3:bw=245,experts=[0,1,3,4,5,7,8,9,10,11,12,15,16,17,19,21,22,23,24,25,26,29,30,31]; c1:bw=181,experts=[0,1,3,4,5,8,9,10,12,14,15,16,17,21,22,26,28,29]; c4:bw=154,experts=[1,3,4,8,11,12,15,16,18,19,21,23,25,27,30]; c5:bw=111,experts=[0,1,2,4,7,18,20,22,28,29,31]; c9:bw=97,experts=[1,3,8,10,11,14,22,24,28]; c7:bw=212,experts=[0,1,2,3,4,5,7,10,12,14,17,18,20,21,22,23,26,27,28,29,31]; c8:bw=175,experts=[0,1,3,4,5,9,10,12,15,17,19,21,22,24,25,26,28]; c0:bw=184,experts=[0,1,4,7,8,9,10,12,13,15,16,19,23,24,25,26,27,31]","6.8202,3.8249,5.3968,4.3455,6.9037,6.4998,3.8118,5.0556,6.2142,5.2619"
82,2026-09-23 18:15:24,Ours,0.01,1.5200307477703336,61.67,62.2,81,57.9424,0:57.94,56.4778,0.1722,1.2905,4468.9244,1:14:28.92,10,"1,0,6,8,7,3,2,9,5,4",1:235;0:110;6:134;8:212;7:146;3:144;2:109;9:204;5:147;4:108,"1:[0,1,4,5,6,7,8,9,10,13,14,15,16,18,19,20,21,24,25,26,28,29,31];0:[3,5,11,15,20,22,23,24,27,29,31];6:[3,4,7,10,12,15,16,17,18,20,22,25,31];8:[0,1,2,4,5,6,7,9,10,11,13,14,15,17,18,20,22,23,25,26,28];7:[2,3,5,7,8,10,14,16,18,19,23,25,26,29];3:[2,3,5,6,9,12,16,18,19,22,23,25,29,31];2:[4,12,14,16,20,22,23,25,26,27];9:[0,3,4,5,8,10,11,12,13,14,15,18,19,22,26,27,28,29,30,31];5:[1,3,4,6,9,13,15,17,21,23,25,28,29,30];4:[0,3,6,11,12,16,17,18,22,29]","c1:bw=235,experts=[0,1,4,5,6,7,8,9,10,13,14,15,16,18,19,20,21,24,25,26,28,29,31]; c0:bw=110,experts=[3,5,11,15,20,22,23,24,27,29,31]; c6:bw=134,experts=[3,4,7,10,12,15,16,17,18,20,22,25,31]; c8:bw=212,experts=[0,1,2,4,5,6,7,9,10,11,13,14,15,17,18,20,22,23,25,26,28]; c7:bw=146,experts=[2,3,5,7,8,10,14,16,18,19,23,25,26,29]; c3:bw=144,experts=[2,3,5,6,9,12,16,18,19,22,23,25,29,31]; c2:bw=109,experts=[4,12,14,16,20,22,23,25,26,27]; c9:bw=204,experts=[0,3,4,5,8,10,11,12,13,14,15,18,19,22,26,27,28,29,30,31]; c5:bw=147,experts=[1,3,4,6,9,13,15,17,21,23,25,28,29,30]; c4:bw=108,experts=[0,3,6,11,12,16,17,18,22,29]","4.7491,5.1708,7.1676,5.9416,5.3294,6.0538,4.3312,4.0435,6.4076,7.2832"
83,2026-09-23 18:16:21,Ours,0.01,1.5194510921499784,59.86,62.2,81,56.9104,0:56.91,55.5248,0.1678,1.2162,4525.8762,1:15:25.88,10,"9,4,2,7,5,0,6,1,8,3",9:189;4:37;2:150;7:137;5:10;0:10;6:193;1:232;8:144;3:155,"9:[4,6,8,10,11,12,14,15,17,18,19,20,21,23,26,29,30,31];4:[14,17,24];2:[3,5,7,8,9,10,16,17,19,20,21,24,26,28,29];7:[0,6,11,15,17,18,19,22,24,26,27,29,30];5:[26];0:[0];6:[0,3,5,6,8,10,11,12,18,20,21,22,23,24,25,26,29,30,31];1:[0,1,2,4,6,7,8,9,11,13,14,15,16,18,20,21,22,24,26,28,29,30,31];8:[3,4,5,7,12,13,14,19,21,22,24,28,29,31];3:[0,2,3,4,7,10,12,16,17,21,22,23,24,30,31]","c9:bw=189,experts=[4,6,8,10,11,12,14,15,17,18,19,20,21,23,26,29,30,31]; c4:bw=37,experts=[14,17,24]; c2:bw=150,experts=[3,5,7,8,9,10,16,17,19,20,21,24,26,28,29]; c7:bw=137,experts=[0,6,11,15,17,18,19,22,24,26,27,29,30]; c5:bw=10,experts=[26]; c0:bw=10,experts=[0]; c6:bw=193,experts=[0,3,5,6,8,10,11,12,18,20,21,22,23,24,25,26,29,30,31]; c1:bw=232,experts=[0,1,2,4,6,7,8,9,11,13,14,15,16,18,20,21,22,24,26,28,29,30,31]; c8:bw=144,experts=[3,4,5,7,12,13,14,19,21,22,24,28,29,31]; c3:bw=155,experts=[0,2,3,4,7,10,12,16,17,21,22,23,24,30,31]","3.8605,7.6437,4.0382,5.1078,7.0635,5.4729,7.2323,4.3588,5.5030,5.2441"
84,2026-09-23 18:17:16,Ours,0.01,1.5096808219189337,55.84,62.2,81,54.8415,0:54.84,53.5142,0.1493,1.1762,4580.7567,1:16:20.76,10,"8,3,1,6,9,2,7,5,4,0",8:245;3:118;1:213;6:13;9:75;2:134;7:172;5:73;4:100;0:37,"8:[0,1,2,3,5,7,9,10,11,13,14,15,17,19,20,21,23,24,25,26,27,28,29,31];3:[1,5,6,7,9,13,14,17,18,21,27];1:[0,3,5,6,10,11,12,13,14,16,17,21,22,23,24,25,27,28,29,30,31];6:[4];9:[3,4,8,9,11,28,30];2:[1,3,5,7,10,11,15,16,17,22,24,27,28];7:[0,2,4,6,9,11,14,17,18,19,20,21,23,24,25,26,31];5:[1,9,15,17,27,30,31];4:[0,3,10,12,17,19,25,27,28,31];0:[19,23,27]","c8:bw=245,experts=[0,1,2,3,5,7,9,10,11,13,14,15,17,19,20,21,23,24,25,26,27,28,29,31]; c3:bw=118,experts=[1,5,6,7,9,13,14,17,18,21,27]; c1:bw=213,experts=[0,3,5,6,10,11,12,13,14,16,17,21,22,23,24,25,27,28,29,30,31]; c6:bw=13,experts=[4]; c9:bw=75,experts=[3,4,8,9,11,28,30]; c2:bw=134,experts=[1,3,5,7,10,11,15,16,17,22,24,27,28]; c7:bw=172,experts=[0,2,4,6,9,11,14,17,18,19,20,21,23,24,25,26,31]; c5:bw=73,experts=[1,9,15,17,27,30,31]; c4:bw=100,experts=[0,3,10,12,17,19,25,27,28,31]; c0:bw=37,experts=[19,23,27]","5.4745,5.3726,4.4549,6.8731,3.8134,4.1306,4.9887,6.5770,6.9827,4.8468"
85,2026-09-23 18:18:09,Ours,0.01,1.5176140552544994,59.1,62.2,81,53.3209,0:53.32,51.9779,0.153,1.1883,4634.1171,1:17:14.12,10,"0,2,8,6,1,4,9,3,5,7",0:140;2:166;8:257;6:154;1:208;4:154;9:211;3:188;5:45;7:42,"0:[0,1,2,11,13,15,19,20,25,26,27,29,30,31];2:[1,2,3,4,7,10,11,13,14,15,18,19,21,22,23,30];8:[1,2,3,4,6,8,10,11,12,14,15,16,17,18,20,21,22,23,24,26,27,28,29,30,31];6:[0,1,3,6,8,10,11,13,14,16,21,27,28,29,31];1:[0,1,2,4,5,7,8,9,10,13,17,18,19,21,23,24,25,26,28,29];4:[0,1,5,8,10,11,12,13,17,20,23,25,26,27,29];9:[0,1,2,4,5,8,10,11,12,13,14,15,17,18,19,22,25,26,28,29,31];3:[2,3,5,8,9,10,11,12,15,16,17,19,20,25,26,27,30,31];5:[6,9,10,17];7:[9,10,24,25]","c0:bw=140,experts=[0,1,2,11,13,15,19,20,25,26,27,29,30,31]; c2:bw=166,experts=[1,2,3,4,7,10,11,13,14,15,18,19,21,22,23,30]; c8:bw=257,experts=[1,2,3,4,6,8,10,11,12,14,15,16,17,18,20,21,22,23,24,26,27,28,29,30,31]; c6:bw=154,experts=[0,1,3,6,8,10,11,13,14,16,21,27,28,29,31]; c1:bw=208,experts=[0,1,2,4,5,7,8,9,10,13,17,18,19,21,23,24,25,26,28,29]; c4:bw=154,experts=[0,1,5,8,10,11,12,13,17,20,23,25,26,27,29]; c9:bw=211,experts=[0,1,2,4,5,8,10,11,12,13,14,15,17,18,19,22,25,26,28,29,31]; c3:bw=188,experts=[2,3,5,8,9,10,11,12,15,16,17,19,20,25,26,27,30,31]; c5:bw=45,experts=[6,9,10,17]; c7:bw=42,experts=[9,10,24,25]","4.7712,3.8425,5.4431,6.7586,4.3662,7.1104,3.4950,5.3616,6.2846,4.5448"
86,2026-09-23 18:19:04,Ours,0.01,1.5122775522889438,60.68,62.2,81,54.8394,0:54.84,53.5027,0.1543,1.1806,4688.9933,1:18:08.99,10,"5,8,2,6,0,4,7,3,1,9",5:174;8:102;2:88;6:202;0:109;4:67;7:161;3:101;1:264;9:157,"5:[1,4,5,6,7,10,12,13,15,17,20,23,25,26,27,29,31];8:[1,4,7,9,15,17,23,26,28,29];2:[4,8,11,13,20,25,26,27];6:[0,1,2,6,10,12,13,14,15,16,18,20,21,22,23,25,26,27,28,29];0:[1,7,9,10,12,14,17,18,23,25];4:[6,13,14,22,29,31];7:[5,6,9,10,11,12,13,14,18,19,21,23,25,27,29,31];3:[4,6,11,20,22,23,27,29,30,31];1:[0,1,2,3,4,6,7,8,9,10,11,12,13,16,17,18,19,20,21,22,23,24,28,29,30,31];9:[1,2,5,6,8,12,13,15,16,18,23,25,26,28,29]","c5:bw=174,experts=[1,4,5,6,7,10,12,13,15,17,20,23,25,26,27,29,31]; c8:bw=102,experts=[1,4,7,9,15,17,23,26,28,29]; c2:bw=88,experts=[4,8,11,13,20,25,26,27]; c6:bw=202,experts=[0,1,2,6,10,12,13,14,15,16,18,20,21,22,23,25,26,27,28,29]; c0:bw=109,experts=[1,7,9,10,12,14,17,18,23,25]; c4:bw=67,experts=[6,13,14,22,29,31]; c7:bw=161,experts=[5,6,9,10,11,12,13,14,18,19,21,23,25,27,29,31]; c3:bw=101,experts=[4,6,11,20,22,23,27,29,30,31]; c1:bw=264,experts=[0,1,2,3,4,6,7,8,9,10,11,12,13,16,17,18,19,20,21,22,23,24,28,29,30,31]; c9:bw=157,experts=[1,2,5,6,8,12,13,15,16,18,23,25,26,28,29]","6.4083,5.5434,4.1778,7.3402,5.1252,7.2333,4.5998,5.2376,4.3538,3.4833"
87,2026-09-23 18:19:59,Ours,0.01,1.4943789055627288,61.99,62.2,81,54.9215,0:54.92,53.5566,0.1928,1.1704,4743.9516,1:19:03.95,10,"1,2,7,5,6,3,4,9,8,0",1:106;2:246;7:81;5:10;6:220;3:249;4:124;9:137;8:170;0:128,"1:[1,4,7,11,12,15,18,21,26,29];2:[0,1,2,4,6,7,8,9,10,11,12,13,15,16,17,19,20,21,22,23,24,27,29,31];7:[5,9,11,21,25,26,29,30];5:[3];6:[0,1,2,4,5,9,10,11,13,14,15,16,18,21,22,23,26,27,28,29,30,31];3:[0,2,3,4,5,6,7,8,9,10,11,12,14,15,17,19,21,22,23,24,27,28,29,31];4:[4,5,7,9,12,18,21,24,26,27,28,29];9:[0,5,6,7,8,9,16,18,24,25,26,28,29];8:[0,3,4,8,10,14,15,18,20,23,24,25,26,27,28,30,31];0:[3,4,5,6,7,8,17,19,25,26,27,28]","c1:bw=106,experts=[1,4,7,11,12,15,18,21,26,29]; c2:bw=246,experts=[0,1,2,4,6,7,8,9,10,11,12,13,15,16,17,19,20,21,22,23,24,27,29,31]; c7:bw=81,experts=[5,9,11,21,25,26,29,30]; c5:bw=10,experts=[3]; c6:bw=220,experts=[0,1,2,4,5,9,10,11,13,14,15,16,18,21,22,23,26,27,28,29,30,31]; c3:bw=249,experts=[0,2,3,4,5,6,7,8,9,10,11,12,14,15,17,19,21,22,23,24,27,28,29,31]; c4:bw=124,experts=[4,5,7,9,12,18,21,24,26,27,28,29]; c9:bw=137,experts=[0,5,6,7,8,9,16,18,24,25,26,28,29]; c8:bw=170,experts=[0,3,4,8,10,14,15,18,20,23,24,25,26,27,28,30,31]; c0:bw=128,experts=[3,4,5,6,7,8,17,19,25,26,27,28]","4.3705,3.8318,4.6865,6.4087,7.3390,5.7188,7.4540,3.5748,5.4767,4.6958"
88,2026-09-23 18:20:52,Ours,0.01,1.5008476162848325,58.04,62.2,81,52.8584,0:52.86,51.5294,0.1482,1.1792,4796.8473,1:19:56.85,10,"8,6,3,7,0,4,9,1,5,2",8:157;6:98;3:120;7:151;0:227;4:138;9:113;1:103;5:111;2:167,"8:[0,5,6,7,8,9,11,14,15,17,18,21,26,27,28];6:[0,2,3,6,10,16,22,23,31];3:[0,2,4,6,7,10,12,13,14,20,22,29];7:[0,2,4,6,8,9,11,14,17,19,20,22,27,30,31];0:[0,1,2,3,6,7,9,12,13,14,17,18,19,21,22,23,24,26,28,29,30,31];4:[7,12,14,15,18,20,22,23,24,26,27,29,30];9:[0,5,6,12,13,15,19,20,24,29,31];1:[1,4,6,8,15,20,24,26,27,29];5:[0,2,3,6,11,15,17,22,26,28,30];2:[0,1,10,13,14,15,16,17,20,21,24,25,27,28,30,31]","c8:bw=157,experts=[0,5,6,7,8,9,11,14,15,17,18,21,26,27,28]; c6:bw=98,experts=[0,2,3,6,10,16,22,23,31]; c3:bw=120,experts=[0,2,4,6,7,10,12,13,14,20,22,29]; c7:bw=151,experts=[0,2,4,6,8,9,11,14,17,19,20,22,27,30,31]; c0:bw=227,experts=[0,1,2,3,6,7,9,12,13,14,17,18,19,21,22,23,24,26,28,29,30,31]; c4:bw=138,experts=[7,12,14,15,18,20,22,23,24,26,27,29,30]; c9:bw=113,experts=[0,5,6,12,13,15,19,20,24,29,31]; c1:bw=103,experts=[1,4,6,8,15,20,24,26,27,29]; c5:bw=111,experts=[0,2,3,6,11,15,17,22,26,28,30]; c2:bw=167,experts=[0,1,10,13,14,15,16,17,20,21,24,25,27,28,30,31]","5.4023,6.7256,5.3065,4.5786,4.7109,6.9651,3.4510,4.2920,6.3101,3.7871"
89,2026-09-23 18:21:47,Ours,0.01,1.5086361519905787,60.88,62.2,81,54.8803,0:54.88,53.4426,0.1625,1.2736,4851.7655,1:20:51.77,10,"3,8,2,9,7,5,0,6,4,1",3:112;8:270;2:162;9:222;7:79;5:168;0:47;6:116;4:112;1:150,"3:[3,6,9,11,13,14,16,19,20,25,27];8:[0,1,2,4,5,7,9,10,11,12,13,14,15,16,18,19,20,21,22,23,24,25,26,27,28,30,31];2:[3,4,5,6,8,12,13,14,15,20,22,24,26,28,29,31];9:[0,3,6,7,8,9,11,13,14,15,16,17,18,19,21,22,24,25,28,29,30,31];7:[3,4,10,13,17,21,23];5:[0,2,3,6,7,8,9,10,11,14,19,20,22,23,24,28];0:[6,12,14,28];6:[0,3,8,11,12,14,15,21,23,24,27];4:[0,3,11,14,18,20,23,24,25,26,28];1:[1,3,4,6,7,11,12,18,19,21,22,24,27,30,31]","c3:bw=112,experts=[3,6,9,11,13,14,16,19,20,25,27]; c8:bw=270,experts=[0,1,2,4,5,7,9,10,11,12,13,14,15,16,18,19,20,21,22,23,24,25,26,27,28,30,31]; c2:bw=162,experts=[3,4,5,6,8,12,13,14,15,20,22,24,26,28,29,31]; c9:bw=222,experts=[0,3,6,7,8,9,11,13,14,15,16,17,18,19,21,22,24,25,28,29,30,31]; c7:bw=79,experts=[3,4,10,13,17,21,23]; c5:bw=168,experts=[0,2,3,6,7,8,9,10,11,14,19,20,22,23,24,28]; c0:bw=47,experts=[6,12,14,28]; c6:bw=116,experts=[0,3,8,11,12,14,15,21,23,24,27]; c4:bw=112,experts=[0,3,11,14,18,20,23,24,25,26,28]; c1:bw=150,experts=[1,3,4,6,7,11,12,18,19,21,22,24,27,30,31]","5.4075,5.5867,4.1895,3.7959,5.0224,6.5334,4.6938,6.6692,6.9910,4.5531"
90,2026-09-23 18:22:42,Ours,0.01,1.4795427678196749,60.52,62.2,81,54.4693,0:54.47,53.1463,0.1537,1.1676,4906.275,1:21:46.28,10,"7,1,3,9,0,6,2,5,8,4",7:262;1:113;3:132;9:232;0:234;6:95;2:77;5:99;8:185;4:130,"7:[0,1,2,3,4,7,8,9,10,11,12,13,14,15,16,17,18,19,20,22,24,26,27,29,30,31];1:[0,2,3,6,10,18,20,25,26,27,29];3:[3,7,8,9,14,17,18,20,21,24,25,27,31];9:[0,1,2,3,4,6,7,8,10,11,13,14,15,16,18,19,21,22,24,25,29,30,31];0:[0,1,2,3,4,5,7,8,10,11,12,13,14,15,16,18,19,20,26,27,28,29,30];6:[0,2,3,7,9,10,16,20,21];2:[4,14,15,19,21,22,27];5:[5,7,10,13,16,19,22,24,28];8:[0,2,5,7,8,12,13,14,17,18,20,22,24,25,27,28,30,31];4:[0,2,3,4,12,17,19,21,22,25,26,27,30]","c7:bw=262,experts=[0,1,2,3,4,7,8,9,10,11,12,13,14,15,16,17,18,19,20,22,24,26,27,29,30,31]; c1:bw=113,experts=[0,2,3,6,10,18,20,25,26,27,29]; c3:bw=132,experts=[3,7,8,9,14,17,18,20,21,24,25,27,31]; c9:bw=232,experts=[0,1,2,3,4,6,7,8,10,11,13,14,15,16,18,19,21,22,24,25,29,30,31]; c0:bw=234,experts=[0,1,2,3,4,5,7,8,10,11,12,13,14,15,16,18,19,20,26,27,28,29,30]; c6:bw=95,experts=[0,2,3,7,9,10,16,20,21]; c2:bw=77,experts=[4,14,15,19,21,22,27]; c5:bw=99,experts=[5,7,10,13,16,19,22,24,28]; c8:bw=185,experts=[0,2,5,7,8,12,13,14,17,18,20,22,24,25,27,28,30,31]; c4:bw=130,experts=[0,2,3,4,12,17,19,21,22,25,26,27,30]","5.0921,4.7903,5.8050,3.5638,4.6978,6.6997,3.7814,6.3150,5.4487,6.9525"
91,2026-09-23 18:23:35,Ours,0.01,1.4885278007154539,59.86,62.2,81,52.9107,0:52.91,51.6017,0.1499,1.1574,4959.2221,1:22:39.22,10,"1,9,5,7,3,4,0,6,2,8",1:182;9:129;5:190;7:188;3:146;4:198;0:82;6:107;2:42;8:83,"1:[4,10,12,14,15,16,17,19,20,21,22,24,26,27,28,29,30,31];9:[1,3,8,12,13,14,17,20,24,28,29,31];5:[2,5,6,7,8,10,12,13,15,17,18,19,20,22,23,25,27,28,31];7:[0,2,4,6,7,8,10,12,13,19,21,22,23,24,27,29,30,31];3:[1,2,5,6,7,8,11,13,17,18,20,23,25,26];4:[0,1,2,5,6,7,10,14,15,18,19,20,21,23,25,26,28,29,30];0:[0,1,9,12,16,17,25,27];6:[6,10,20,22,23,24,25,27,30,31];2:[1,13,20,30];8:[1,3,4,5,7,11,27,31]","c1:bw=182,experts=[4,10,12,14,15,16,17,19,20,21,22,24,26,27,28,29,30,31]; c9:bw=129,experts=[1,3,8,12,13,14,17,20,24,28,29,31]; c5:bw=190,experts=[2,5,6,7,8,10,12,13,15,17,18,19,20,22,23,25,27,28,31]; c7:bw=188,experts=[0,2,4,6,7,8,10,12,13,19,21,22,23,24,27,29,30,31]; c3:bw=146,experts=[1,2,5,6,7,8,11,13,17,18,20,23,25,26]; c4:bw=198,experts=[0,1,2,5,6,7,10,14,15,18,19,20,21,23,25,26,28,29,30]; c0:bw=82,experts=[0,1,9,12,16,17,25,27]; c6:bw=107,experts=[6,10,20,22,23,24,25,27,30,31]; c2:bw=42,experts=[1,13,20,30]; c8:bw=83,experts=[1,3,4,5,7,11,27,31]","4.3763,3.4854,6.3020,4.6181,5.3312,6.9711,4.7287,6.6528,3.7936,5.3424"
92,2026-09-23 18:24:29,Ours,0.01,1.482062543807129,56.12,62.2,81,54.7406,0:54.74,53.383,0.1538,1.2021,5014.0011,1:23:34.00,10,"3,7,1,0,8,6,9,2,5,4",3:104;7:125;1:73;0:108;8:70;6:166;9:204;2:92;5:242;4:97,"3:[0,2,9,11,18,19,26,27,30,31];7:[1,2,5,7,8,9,11,21,22,27,30,31];1:[0,1,3,6,14,17,23];0:[2,4,7,10,13,14,17,19,26,29];8:[2,7,10,17,20,21,29];6:[2,6,7,8,9,12,13,16,17,19,21,23,25,27,28,31];9:[1,4,5,8,9,10,12,14,16,17,18,19,22,23,26,27,28,29,30,31];2:[1,14,15,21,22,23,26,29,30];5:[0,1,3,4,5,6,8,9,10,12,13,14,16,18,19,20,21,23,24,25,27,28,30,31];4:[13,17,18,20,22,24,26,27,30]","c3:bw=104,experts=[0,2,9,11,18,19,26,27,30,31]; c7:bw=125,experts=[1,2,5,7,8,9,11,21,22,27,30,31]; c1:bw=73,experts=[0,1,3,6,14,17,23]; c0:bw=108,experts=[2,4,7,10,13,14,17,19,26,29]; c8:bw=70,experts=[2,7,10,17,20,21,29]; c6:bw=166,experts=[2,6,7,8,9,12,13,16,17,19,21,23,25,27,28,31]; c9:bw=204,experts=[1,4,5,8,9,10,12,14,16,17,18,19,22,23,26,27,28,29,30,31]; c2:bw=92,experts=[1,14,15,21,22,23,26,29,30]; c5:bw=242,experts=[0,1,3,4,5,6,8,9,10,12,13,14,16,18,19,20,21,23,24,25,27,28,30,31]; c4:bw=97,experts=[13,17,18,20,22,24,26,27,30]","5.3325,4.8814,4.7465,5.0860,5.8179,6.7824,3.4950,3.8706,6.2741,7.0965"
93,2026-09-23 18:25:22,Ours,0.01,1.4718641230984448,63.28,63.28,93,53.0791,0:53.08,51.7669,0.1399,1.1707,5067.1181,1:24:27.12,10,"1,3,7,9,6,8,5,4,0,2",1:173;3:114;7:82;9:212;6:82;8:17;5:29;4:116;0:69;2:187,"1:[0,1,2,3,5,11,13,17,18,19,21,22,23,28,29,30,31];3:[0,4,6,8,11,13,15,18,19,22,26];7:[0,2,4,10,16,27,30,31];9:[0,1,2,4,5,7,11,12,14,15,16,18,19,22,23,24,25,26,27,28,31];6:[1,3,4,16,17,24,28,30];8:[13];5:[0,24];4:[0,2,4,6,10,11,14,27,28,30,31];0:[4,6,14,26,27,31];2:[0,3,8,10,11,13,15,18,19,20,21,22,23,24,27,28,29,31]","c1:bw=173,experts=[0,1,2,3,5,11,13,17,18,19,21,22,23,28,29,30,31]; c3:bw=114,experts=[0,4,6,8,11,13,15,18,19,22,26]; c7:bw=82,experts=[0,2,4,10,16,27,30,31]; c9:bw=212,experts=[0,1,2,4,5,7,11,12,14,15,16,18,19,22,23,24,25,26,27,28,31]; c6:bw=82,experts=[1,3,4,16,17,24,28,30]; c8:bw=17,experts=[13]; c5:bw=29,experts=[0,24]; c4:bw=116,experts=[0,2,4,6,10,11,14,27,28,30,31]; c0:bw=69,experts=[4,6,14,26,27,31]; c2:bw=187,experts=[0,3,8,10,11,13,15,18,19,20,21,22,23,24,27,28,29,31]","4.3461,5.2665,4.6568,3.5336,6.6747,5.4608,6.2729,6.9392,4.7640,3.8524"
94,2026-09-23 18:26:16,Ours,0.01,1.480019795221785,46.17,63.28,93,53.1876,0:53.19,51.8659,0.1512,1.1687,5120.3441,1:25:20.34,10,"7,2,5,4,6,9,1,8,0,3",7:163;2:237;5:149;4:115;6:111;9:184;1:258;8:28;0:203;3:124,"7:[2,3,8,9,10,11,15,17,19,20,22,23,25,26,27,28];2:[2,5,6,7,8,9,11,12,13,14,15,16,18,20,21,22,24,25,26,27,28,29,30];5:[0,1,3,6,8,9,14,16,23,24,27,29,30,31];4:[0,2,3,10,11,15,20,21,23,26,29];6:[1,3,5,6,8,9,11,16,23,25,31];9:[0,3,7,8,11,12,16,17,18,19,20,23,24,25,26,27,29,31];1:[1,3,6,7,8,9,10,12,13,15,16,17,18,19,20,21,22,23,24,26,27,28,29,30,31];8:[7,25];0:[0,2,4,5,6,7,8,10,13,16,17,19,20,21,22,23,24,26,27,31];3:[0,6,7,8,9,11,12,16,17,21,22,26]","c7:bw=163,experts=[2,3,8,9,10,11,15,17,19,20,22,23,25,26,27,28]; c2:bw=237,experts=[2,5,6,7,8,9,11,12,13,14,15,16,18,20,21,22,24,25,26,27,28,29,30]; c5:bw=149,experts=[0,1,3,6,8,9,14,16,23,24,27,29,30,31]; c4:bw=115,experts=[0,2,3,10,11,15,20,21,23,26,29]; c6:bw=111,experts=[1,3,5,6,8,9,11,16,23,25,31]; c9:bw=184,experts=[0,3,7,8,11,12,16,17,18,19,20,23,24,25,26,27,29,31]; c1:bw=258,experts=[1,3,6,7,8,9,10,12,13,15,16,17,18,19,20,21,22,23,24,26,27,28,29,30,31]; c8:bw=28,experts=[7,25]; c0:bw=203,experts=[0,2,4,5,6,7,8,10,13,16,17,19,20,21,22,23,24,26,27,31]; c3:bw=124,experts=[0,6,7,8,9,11,12,16,17,21,22,26]","4.6120,3.8677,6.2799,7.0609,6.6882,3.4633,4.3576,5.3987,4.7724,5.3652"
95,2026-09-23 18:27:10,Ours,0.01,1.531206283518249,58.75,63.28,93,54.3591,0:54.36,53.0502,0.1512,1.1559,5174.7418,1:26:14.74,10,"7,9,4,6,0,3,1,8,2,5",7:217;9:155;4:56;6:147;0:128;3:149;1:114;8:277;2:84;5:31,"7:[1,3,5,6,7,8,9,11,12,14,15,16,18,20,21,22,23,24,27,28,29];9:[1,3,4,6,10,11,14,16,17,18,20,21,25,29,31];4:[4,7,14,20,21];6:[0,2,3,7,10,11,15,16,20,22,23,24,28,31];0:[2,3,7,12,13,14,19,21,23,27,28,29];3:[0,2,3,8,11,12,14,15,16,18,21,23,24,26];1:[9,14,15,18,19,21,22,23,28,29,31];8:[0,1,2,3,4,5,6,8,10,11,12,13,15,16,17,18,19,20,21,23,24,25,27,28,29,30,31];2:[2,3,4,8,21,27,28,29];5:[5,11,29]","c7:bw=217,experts=[1,3,5,6,7,8,9,11,12,14,15,16,18,20,21,22,23,24,27,28,29]; c9:bw=155,experts=[1,3,4,6,10,11,14,16,17,18,20,21,25,29,31]; c4:bw=56,experts=[4,7,14,20,21]; c6:bw=147,experts=[0,2,3,7,10,11,15,16,20,22,23,24,28,31]; c0:bw=128,experts=[2,3,7,12,13,14,19,21,23,27,28,29]; c3:bw=149,experts=[0,2,3,8,11,12,14,15,16,18,21,23,24,26]; c1:bw=114,experts=[9,14,15,18,19,21,22,23,28,29,31]; c8:bw=277,experts=[0,1,2,3,4,5,6,8,10,11,12,13,15,16,17,18,19,20,21,23,24,25,27,28,29,30,31]; c2:bw=84,experts=[2,3,4,8,21,27,28,29]; c5:bw=31,experts=[5,11,29]","4.6163,3.7172,7.5186,7.2554,4.9153,5.3697,4.3415,5.3864,3.7395,6.1903"
96,2026-09-23 18:28:03,Ours,0.01,1.479976878043371,59.93,63.28,93,52.7147,0:52.71,51.3848,0.1515,1.1767,5227.4953,1:27:07.50,10,"2,9,3,1,5,4,6,7,0,8",2:238;9:162;3:167;1:132;5:219;4:179;6:115;7:185;0:132;8:236,"2:[0,1,2,3,4,5,7,10,12,13,15,17,18,19,20,21,22,23,25,26,28,29,30];9:[0,1,3,6,8,9,12,13,14,15,17,20,22,23,27,31];3:[0,5,7,10,11,13,14,15,16,17,18,22,24,27,28,29];1:[0,1,3,5,13,14,18,20,22,24,26,29,31];5:[0,1,3,6,7,10,12,13,14,15,16,17,18,19,20,21,23,25,26,29,30];4:[0,2,4,6,7,11,12,13,14,15,16,18,19,20,23,24,30];6:[1,5,6,9,10,11,13,17,23,26,27];7:[2,3,4,6,7,10,11,12,13,14,16,17,18,21,22,26,29,31];0:[1,3,4,7,9,10,11,15,19,23,26,28,29];8:[0,1,2,3,6,7,8,9,10,11,12,13,14,15,17,21,23,25,27,28,29,30,31]","c2:bw=238,experts=[0,1,2,3,4,5,7,10,12,13,15,17,18,19,20,21,22,23,25,26,28,29,30]; c9:bw=162,experts=[0,1,3,6,8,9,12,13,14,15,17,20,22,23,27,31]; c3:bw=167,experts=[0,5,7,10,11,13,14,15,16,17,18,22,24,27,28,29]; c1:bw=132,experts=[0,1,3,5,13,14,18,20,22,24,26,29,31]; c5:bw=219,experts=[0,1,3,6,7,10,12,13,14,15,16,17,18,19,20,21,23,25,26,29,30]; c4:bw=179,experts=[0,2,4,6,7,11,12,13,14,15,16,18,19,20,23,24,30]; c6:bw=115,experts=[1,5,6,9,10,11,13,17,23,26,27]; c7:bw=185,experts=[2,3,4,6,7,10,11,12,13,14,16,17,18,21,22,26,29,31]; c0:bw=132,experts=[1,3,4,7,9,10,11,15,19,23,26,28,29]; c8:bw=236,experts=[0,1,2,3,6,7,8,9,10,11,12,13,14,15,17,21,23,25,27,28,29,30,31]","3.7950,3.4648,5.3155,4.3577,6.2690,6.8958,6.6691,4.5969,4.6626,5.3583"
97,2026-09-23 18:28:57,Ours,0.01,1.4625651407542617,61.53,63.28,93,53.8636,0:53.86,52.548,0.1521,1.1619,5281.3963,1:28:01.40,10,"0,9,8,4,7,1,3,5,6,2",0:150;9:158;8:158;4:59;7:111;1:184;3:127;5:170;6:184;2:198,"0:[1,2,8,9,11,13,14,16,18,19,20,22,24,28,30];9:[0,2,3,4,6,8,10,13,14,15,16,17,20,21,29];8:[1,2,4,5,13,16,17,18,19,20,21,25,26,28,30];4:[0,8,16,22,28];7:[0,5,6,8,11,12,14,19,21,27,30];1:[2,6,10,11,12,13,14,15,17,18,19,20,22,23,24,27,29,30];3:[0,1,3,5,6,11,14,15,22,26,30,31];5:[0,2,4,5,8,10,12,15,16,17,18,22,23,24,27,28,29];6:[0,1,2,3,5,6,7,8,11,17,18,19,20,22,24,25,28,29];2:[0,1,2,4,5,9,11,12,14,15,16,19,20,21,22,24,26,29,30]","c0:bw=150,experts=[1,2,8,9,11,13,14,16,18,19,20,22,24,28,30]; c9:bw=158,experts=[0,2,3,4,6,8,10,13,14,15,16,17,20,21,29]; c8:bw=158,experts=[1,2,4,5,13,16,17,18,19,20,21,25,26,28,30]; c4:bw=59,experts=[0,8,16,22,28]; c7:bw=111,experts=[0,5,6,8,11,12,14,19,21,27,30]; c1:bw=184,experts=[2,6,10,11,12,13,14,15,17,18,19,20,22,23,24,27,29,30]; c3:bw=127,experts=[0,1,3,5,6,11,14,15,22,26,30,31]; c5:bw=170,experts=[0,2,4,5,8,10,12,15,16,17,18,22,23,24,27,28,29]; c6:bw=184,experts=[0,1,2,3,5,6,7,8,11,17,18,19,20,22,24,25,28,29]; c2:bw=198,experts=[0,1,2,4,5,9,11,12,14,15,16,19,20,21,22,24,26,29,30]","4.6926,3.4717,5.3586,6.9420,4.5379,4.3522,5.4305,6.7145,7.1625,3.8855"
98,2026-09-23 18:29:49,Ours,0.01,1.4491936833864396,63.35,63.35,98,52.6463,0:52.65,51.303,0.1487,1.193,5334.0821,1:28:54.08,10,"4,8,9,7,6,5,0,3,1,2",4:190;8:196;9:98;7:87;6:133;5:180;0:122;3:93;1:96;2:89,"4:[3,4,5,7,8,9,10,11,13,14,15,16,17,18,19,22,26,28,31];8:[0,1,3,4,5,8,9,10,12,14,15,16,20,21,23,24,27,29,30];9:[3,4,6,7,10,14,21,22,24];7:[1,2,4,7,12,20,25,31];6:[0,2,5,10,11,15,16,18,24,26,27,29,31];5:[1,2,3,4,7,8,10,11,15,17,18,19,20,21,24,25,27,29];0:[5,7,8,11,12,13,14,20,21,23,25,28];3:[3,8,9,12,15,19,23,28,30];1:[0,1,7,8,12,19,27,28,31];2:[4,8,17,18,24,27,29,31]","c4:bw=190,experts=[3,4,5,7,8,9,10,11,13,14,15,16,17,18,19,22,26,28,31]; c8:bw=196,experts=[0,1,3,4,5,8,9,10,12,14,15,16,20,21,23,24,27,29,30]; c9:bw=98,experts=[3,4,6,7,10,14,21,22,24]; c7:bw=87,experts=[1,2,4,7,12,20,25,31]; c6:bw=133,experts=[0,2,5,10,11,15,16,18,24,26,27,29,31]; c5:bw=180,experts=[1,2,3,4,7,8,10,11,15,17,18,19,20,21,24,25,27,29]; c0:bw=122,experts=[5,7,8,11,12,13,14,20,21,23,25,28]; c3:bw=93,experts=[3,8,9,12,15,19,23,28,30]; c1:bw=96,experts=[0,1,7,8,12,19,27,28,31]; c2:bw=89,experts=[4,8,17,18,24,27,29,31]","6.8686,5.3915,3.5136,4.5828,6.6471,6.2919,4.6644,5.2659,4.3085,3.7688"
99,2026-09-23 18:30:42,Ours,0.01,1.4476867360454349,61.51,63.35,98,52.7909,0:52.79,51.4602,0.1474,1.1816,5386.9126,1:29:46.91,10,"8,5,7,1,3,9,4,0,2,6",8:124;5:180;7:166;1:217;3:138;9:75;4:89;0:147;2:113;6:128,"8:[1,2,5,6,13,14,15,19,20,26,29,30];5:[1,2,4,6,9,10,11,12,13,16,17,18,19,22,23,28,30,31];7:[0,1,3,4,5,8,10,14,20,22,23,24,25,26,28,29];1:[0,1,3,4,5,6,7,8,10,12,14,15,16,19,21,22,24,25,26,27,31];3:[5,6,9,10,11,13,15,16,18,23,24,26,27];9:[1,2,14,21,23,29,31];4:[2,3,5,9,10,13,30,31];0:[0,3,10,11,12,16,18,22,23,25,26,27,28,30];2:[0,1,3,4,7,8,16,19,20,28,30];6:[6,12,14,15,17,18,22,23,24,25,28,29]","c8:bw=124,experts=[1,2,5,6,13,14,15,19,20,26,29,30]; c5:bw=180,experts=[1,2,4,6,9,10,11,12,13,16,17,18,19,22,23,28,30,31]; c7:bw=166,experts=[0,1,3,4,5,8,10,14,20,22,23,24,25,26,28,29]; c1:bw=217,experts=[0,1,3,4,5,6,7,8,10,12,14,15,16,19,21,22,24,25,26,27,31]; c3:bw=138,experts=[5,6,9,10,11,13,15,16,18,23,24,26,27]; c9:bw=75,experts=[1,2,14,21,23,29,31]; c4:bw=89,experts=[2,3,5,9,10,13,30,31]; c0:bw=147,experts=[0,3,10,11,12,16,18,22,23,25,26,27,28,30]; c2:bw=113,experts=[0,1,3,4,7,8,16,19,20,28,30]; c6:bw=128,experts=[6,12,14,15,17,18,22,23,24,25,28,29]","5.4482,6.2672,4.6082,4.3119,5.3652,3.4543,6.9527,4.6554,3.7682,6.6288"
100,2026-09-23 18:31:35,Ours,0.01,1.4531356172470027,60.66,63.35,98,53.0314,0:53.03,51.7009,0.1505,1.1783,5439.9846,1:30:39.98,10,"2,8,9,5,6,1,4,7,3,0",2:111;8:162;9:194;5:68;6:162;1:63;4:239;7:25;3:152;0:236,"2:[1,2,3,5,6,7,8,15,16,17,20];8:[0,1,3,4,6,9,12,13,16,20,22,24,25,26,27,30];9:[1,4,5,6,7,9,11,13,16,18,19,20,21,22,23,24,25,26,30];5:[0,3,4,16,18,28];6:[1,5,7,9,11,12,15,16,17,18,20,21,23,26,27,28];1:[3,5,6,24,26,28];4:[1,2,3,5,6,7,8,9,10,11,13,16,17,18,21,22,23,24,25,27,29,30,31];7:[8,22];3:[1,5,8,11,12,14,18,19,20,24,27,28,29,30,31];0:[0,2,3,5,6,7,8,9,10,12,13,15,16,17,18,19,22,23,25,26,28,29,31]","c2:bw=111,experts=[1,2,3,5,6,7,8,15,16,17,20]; c8:bw=162,experts=[0,1,3,4,6,9,12,13,16,20,22,24,25,26,27,30]; c9:bw=194,experts=[1,4,5,6,7,9,11,13,16,18,19,20,21,22,23,24,25,26,30]; c5:bw=68,experts=[0,3,4,16,18,28]; c6:bw=162,experts=[1,5,7,9,11,12,15,16,17,18,20,21,23,26,27,28]; c1:bw=63,experts=[3,5,6,24,26,28]; c4:bw=239,experts=[1,2,3,5,6,7,8,9,10,11,13,16,17,18,21,22,23,24,25,27,29,30,31]; c7:bw=25,experts=[8,22]; c3:bw=152,experts=[1,5,8,11,12,14,18,19,20,24,27,28,29,30,31]; c0:bw=236,experts=[0,2,3,5,6,7,8,9,10,12,13,15,16,17,18,19,22,23,25,26,28,29,31]","3.8513,5.4185,3.5115,6.1967,6.7238,4.3596,7.0643,4.5304,5.3457,4.6991"
