Round,Timestamp,Method,LR,AvgLoss,TestAcc,BestAcc,BestRound,RoundTimeSec,RoundTimeHMS,LocalTrainTimeSec,AggTimeSec,EvalTimeSec,CumulativeTimeSec,CumulativeTimeHMS,NumClientsSelected,SelectedClients,Bandwidth,SelectedExperts,UploadDetail,ClientTrainTimesSec
1,2026-09-23 23:14:48,Ours,0.00208,4.4064272894277305,1.23,1.23,1,57.8442,0:57.84,55.9712,0.6724,1.1927,57.8443,0:57.84,50,"13,39,30,45,17,48,26,25,32,19,12,4,37,8,3,6,41,46,47,15,9,16,24,34,31,0,44,27,33,5,29,11,36,1,21,2,43,35,23,40,10,22,18,49,20,7,42,14,28,38",13:42;39:37;30:49;45:34;17:34;48:26;26:38;25:55;32:10;19:40;12:23;4:40;37:21;8:55;3:51;6:41;41:24;46:10;47:60;15:58;9:45;16:48;24:34;34:35;31:42;0:10;44:47;27:21;33:15;5:44;29:26;11:24;36:47;1:29;21:20;2:29;43:50;35:40;23:65;40:46;10:22;22:26;18:30;49:28;20:55;7:20;42:30;14:54;28:39;38:52,"13:[1,2,6,7];39:[0,1,7];30:[1,4,6,7];45:[0,4,7];17:[1,2,6];48:[1,3];26:[0,1,4];25:[0,1,3,4,5];32:[4];19:[0,2,3,4];12:[1,7];4:[0,5,6,7];37:[0,4];8:[0,2,3,6,7];3:[0,1,2,4,6];6:[0,4,6,7];41:[3,5];46:[5];47:[1,2,3,4,5,7];15:[2,3,5,6,7];9:[0,1,6,7];16:[1,3,5,6];24:[0,3,7];34:[0,2,6];31:[0,3,4,5];0:[7];44:[0,2,3,4];27:[0,4];33:[2];5:[0,3,5,7];29:[3,6];11:[3,5];36:[0,2,3,7];1:[2,6];21:[2,5];2:[2,3];43:[0,1,4,5,7];35:[0,5,6,7];23:[1,2,4,5,6,7];40:[1,2,5,6];10:[0,5];22:[1,5];18:[0,2,4];49:[5,7];20:[1,3,4,6,7];7:[4,5];42:[1,3,7];14:[1,2,3,4,6];28:[1,4,6];38:[0,1,2,4,5]","c13:bw=42,experts=[1,2,6,7]; c39:bw=37,experts=[0,1,7]; c30:bw=49,experts=[1,4,6,7]; c45:bw=34,experts=[0,4,7]; c17:bw=34,experts=[1,2,6]; c48:bw=26,experts=[1,3]; c26:bw=38,experts=[0,1,4]; c25:bw=55,experts=[0,1,3,4,5]; c32:bw=10,experts=[4]; c19:bw=40,experts=[0,2,3,4]; c12:bw=23,experts=[1,7]; c4:bw=40,experts=[0,5,6,7]; c37:bw=21,experts=[0,4]; c8:bw=55,experts=[0,2,3,6,7]; c3:bw=51,experts=[0,1,2,4,6]; c6:bw=41,experts=[0,4,6,7]; c41:bw=24,experts=[3,5]; c46:bw=10,experts=[5]; c47:bw=60,experts=[1,2,3,4,5,7]; c15:bw=58,experts=[2,3,5,6,7]; c9:bw=45,experts=[0,1,6,7]; c16:bw=48,experts=[1,3,5,6]; c24:bw=34,experts=[0,3,7]; c34:bw=35,experts=[0,2,6]; c31:bw=42,experts=[0,3,4,5]; c0:bw=10,experts=[7]; c44:bw=47,experts=[0,2,3,4]; c27:bw=21,experts=[0,4]; c33:bw=15,experts=[2]; c5:bw=44,experts=[0,3,5,7]; c29:bw=26,experts=[3,6]; c11:bw=24,experts=[3,5]; c36:bw=47,experts=[0,2,3,7]; c1:bw=29,experts=[2,6]; c21:bw=20,experts=[2,5]; c2:bw=29,experts=[2,3]; c43:bw=50,experts=[0,1,4,5,7]; c35:bw=40,experts=[0,5,6,7]; c23:bw=65,experts=[1,2,4,5,6,7]; c40:bw=46,experts=[1,2,5,6]; c10:bw=22,experts=[0,5]; c22:bw=26,experts=[1,5]; c18:bw=30,experts=[0,2,4]; c49:bw=28,experts=[5,7]; c20:bw=55,experts=[1,3,4,6,7]; c7:bw=20,experts=[4,5]; c42:bw=30,experts=[1,3,7]; c14:bw=54,experts=[1,2,3,4,6]; c28:bw=39,experts=[1,4,6]; c38:bw=52,experts=[0,1,2,4,5]","1.3822,1.1555,1.1860,1.7606,0.8999,0.6991,1.2869,2.1393,1.2787,1.0286,0.6958,1.2894,0.9005,0.8419,1.1764,1.2975,0.4777,0.8139,0.7611,0.8200,1.1849,1.7711,0.8181,0.8708,1.2276,0.4751,0.7740,1.2226,1.1737,1.6825,1.3075,0.8463,0.8600,1.0278,1.5538,0.6726,0.8719,0.9773,1.3028,1.1118,1.0308,1.4309,1.0596,2.7506,1.2898,0.6971,1.0682,1.4439,0.8814,0.6957"
2,2026-09-23 23:15:43,Ours,0.00406,4.11420504626727,1.23,1.23,1,54.3947,0:54.39,52.6103,0.6321,1.1473,112.387,1:52.39,50,"29,38,2,46,45,39,22,44,10,0,18,30,49,33,21,4,24,32,12,31,20,23,26,42,14,15,40,41,9,36,11,48,17,28,37,5,47,3,35,16,13,34,7,43,6,27,19,1,25,8",29:60;38:20;2:22;46:16;45:60;39:37;22:38;44:24;10:59;0:36;18:24;30:10;49:43;33:57;21:28;4:30;24:10;32:20;12:16;31:13;20:15;23:70;26:35;42:53;14:26;15:62;40:17;41:33;9:46;36:63;11:29;48:42;17:51;28:65;37:33;5:69;47:49;3:67;35:16;16:16;13:54;34:47;7:55;43:49;6:17;27:24;19:53;1:41;25:25;8:48,"29:[0,1,2,4,5,6];38:[1,7];2:[3,7];46:[7];45:[0,1,2,3,4,6];39:[0,5,6];22:[0,5,7];44:[1,6];10:[0,2,3,4,6];0:[5,6,7];18:[0,5];30:[5];49:[0,1,5,7];33:[0,2,4,5,7];21:[3,4];4:[0,2,4];24:[1];32:[2,4];12:[3];31:[5];20:[0];23:[1,2,3,4,5,6,7];26:[0,1,4];42:[0,2,4,5,7];14:[0,1];15:[0,2,3,4,6,7];40:[1];41:[2,5,6];9:[2,3,4,7];36:[0,1,2,3,4,7];11:[3,6];48:[0,1,3,7];17:[0,1,4,5,7];28:[0,2,4,5,6,7];37:[0,2,3];5:[1,2,4,5,6,7];47:[0,2,4,5];3:[0,1,2,3,5,6];35:[7];16:[0];13:[0,1,3,4,6];34:[1,3,4,5];7:[0,1,2,3,7];43:[1,2,4,6];6:[3];27:[1,5];19:[0,1,2,6,7];1:[2,3,4,5];25:[1,5];8:[0,2,3,4]","c29:bw=60,experts=[0,1,2,4,5,6]; c38:bw=20,experts=[1,7]; c2:bw=22,experts=[3,7]; c46:bw=16,experts=[7]; c45:bw=60,experts=[0,1,2,3,4,6]; c39:bw=37,experts=[0,5,6]; c22:bw=38,experts=[0,5,7]; c44:bw=24,experts=[1,6]; c10:bw=59,experts=[0,2,3,4,6]; c0:bw=36,experts=[5,6,7]; c18:bw=24,experts=[0,5]; c30:bw=10,experts=[5]; c49:bw=43,experts=[0,1,5,7]; c33:bw=57,experts=[0,2,4,5,7]; c21:bw=28,experts=[3,4]; c4:bw=30,experts=[0,2,4]; c24:bw=10,experts=[1]; c32:bw=20,experts=[2,4]; c12:bw=16,experts=[3]; c31:bw=13,experts=[5]; c20:bw=15,experts=[0]; c23:bw=70,experts=[1,2,3,4,5,6,7]; c26:bw=35,experts=[0,1,4]; c42:bw=53,experts=[0,2,4,5,7]; c14:bw=26,experts=[0,1]; c15:bw=62,experts=[0,2,3,4,6,7]; c40:bw=17,experts=[1]; c41:bw=33,experts=[2,5,6]; c9:bw=46,experts=[2,3,4,7]; c36:bw=63,experts=[0,1,2,3,4,7]; c11:bw=29,experts=[3,6]; c48:bw=42,experts=[0,1,3,7]; c17:bw=51,experts=[0,1,4,5,7]; c28:bw=65,experts=[0,2,4,5,6,7]; c37:bw=33,experts=[0,2,3]; c5:bw=69,experts=[1,2,4,5,6,7]; c47:bw=49,experts=[0,2,4,5]; c3:bw=67,experts=[0,1,2,3,5,6]; c35:bw=16,experts=[7]; c16:bw=16,experts=[0]; c13:bw=54,experts=[0,1,3,4,6]; c34:bw=47,experts=[1,3,4,5]; c7:bw=55,experts=[0,1,2,3,7]; c43:bw=49,experts=[1,2,4,6]; c6:bw=17,experts=[3]; c27:bw=24,experts=[1,5]; c19:bw=53,experts=[0,1,2,6,7]; c1:bw=41,experts=[2,3,4,5]; c25:bw=25,experts=[1,5]; c8:bw=48,experts=[0,2,3,4]","1.2704,0.6708,0.6573,0.7979,1.7367,1.0968,1.4188,0.7524,0.9679,0.4429,0.9834,1.0961,2.7089,1.1318,1.5334,1.2428,0.7601,1.2885,0.6555,1.1376,1.2625,1.2627,1.3042,1.0191,1.4027,0.7798,1.0127,0.4244,1.0603,0.8089,0.7505,0.6283,0.8151,0.7939,0.8248,1.6015,0.6747,1.0469,0.8813,1.6627,0.7794,0.8509,0.6277,0.8292,1.2200,1.1361,0.9976,1.0372,1.9983,0.7670"
3,2026-09-23 23:16:35,Ours,0.006040000000000001,4.008742422589991,2.6,2.6,3,52.3624,0:52.36,50.5934,0.6352,1.1287,164.7627,2:44.76,50,"1,49,5,43,29,28,17,3,18,15,19,12,9,42,10,39,20,35,24,46,13,14,31,25,0,30,26,21,37,36,2,44,23,22,45,33,11,48,8,6,27,40,38,41,4,32,47,34,7,16",1:13;49:42;5:13;43:30;29:15;28:56;17:41;3:26;18:40;15:16;19:24;12:37;9:48;42:57;10:10;39:76;20:56;35:49;24:29;46:55;13:54;14:53;31:56;25:35;0:50;30:10;26:52;21:48;37:52;36:26;2:42;44:36;23:11;22:54;45:50;33:25;11:66;48:29;8:30;6:40;27:34;40:50;38:43;41:34;4:52;32:49;47:40;34:18;7:33;16:31,"1:[1];49:[2,3,6,7];5:[6];43:[2,3,7];29:[5];28:[2,3,5,6,7];17:[0,2,3,7];3:[2,5];18:[0,2,3,6];15:[2];19:[6,7];12:[0,4,7];9:[2,3,5,7];42:[0,2,3,4,6];10:[0];39:[0,1,2,3,4,5,6];20:[1,2,3,4,5];35:[1,2,4,7];24:[1,7];46:[0,1,2,5,6];13:[0,2,3,5,6];14:[1,3,5,6,7];31:[3,4,5,6,7];25:[3,5,6];0:[1,2,3,5,6];30:[6];26:[0,2,4,5,6];21:[3,4,5,7];37:[1,4,5,6,7];36:[0,6];2:[0,2,4,6];44:[0,5,7];23:[2];22:[0,1,2,5,6];45:[1,3,4,6,7];33:[0,4];11:[0,1,2,3,5,6];48:[0,5];8:[0,2,3];6:[0,1,2,3];27:[2,3,6];40:[0,2,3,4,5];38:[0,4,6,7];41:[2,4,5];4:[2,4,5,6,7];32:[1,4,6,7];47:[0,1,6,7];34:[0];7:[1,2,5];16:[1,3,7]","c1:bw=13,experts=[1]; c49:bw=42,experts=[2,3,6,7]; c5:bw=13,experts=[6]; c43:bw=30,experts=[2,3,7]; c29:bw=15,experts=[5]; c28:bw=56,experts=[2,3,5,6,7]; c17:bw=41,experts=[0,2,3,7]; c3:bw=26,experts=[2,5]; c18:bw=40,experts=[0,2,3,6]; c15:bw=16,experts=[2]; c19:bw=24,experts=[6,7]; c12:bw=37,experts=[0,4,7]; c9:bw=48,experts=[2,3,5,7]; c42:bw=57,experts=[0,2,3,4,6]; c10:bw=10,experts=[0]; c39:bw=76,experts=[0,1,2,3,4,5,6]; c20:bw=56,experts=[1,2,3,4,5]; c35:bw=49,experts=[1,2,4,7]; c24:bw=29,experts=[1,7]; c46:bw=55,experts=[0,1,2,5,6]; c13:bw=54,experts=[0,2,3,5,6]; c14:bw=53,experts=[1,3,5,6,7]; c31:bw=56,experts=[3,4,5,6,7]; c25:bw=35,experts=[3,5,6]; c0:bw=50,experts=[1,2,3,5,6]; c30:bw=10,experts=[6]; c26:bw=52,experts=[0,2,4,5,6]; c21:bw=48,experts=[3,4,5,7]; c37:bw=52,experts=[1,4,5,6,7]; c36:bw=26,experts=[0,6]; c2:bw=42,experts=[0,2,4,6]; c44:bw=36,experts=[0,5,7]; c23:bw=11,experts=[2]; c22:bw=54,experts=[0,1,2,5,6]; c45:bw=50,experts=[1,3,4,6,7]; c33:bw=25,experts=[0,4]; c11:bw=66,experts=[0,1,2,3,5,6]; c48:bw=29,experts=[0,5]; c8:bw=30,experts=[0,2,3]; c6:bw=40,experts=[0,1,2,3]; c27:bw=34,experts=[2,3,6]; c40:bw=50,experts=[0,2,3,4,5]; c38:bw=43,experts=[0,4,6,7]; c41:bw=34,experts=[2,4,5]; c4:bw=52,experts=[2,4,5,6,7]; c32:bw=49,experts=[1,4,6,7]; c47:bw=40,experts=[0,1,6,7]; c34:bw=18,experts=[0]; c7:bw=33,experts=[1,2,5]; c16:bw=31,experts=[1,3,7]","0.9359,2.6555,1.5362,0.8126,1.2411,0.8343,0.8025,1.0719,0.9578,0.7643,0.9750,0.6293,1.0671,0.9732,0.9200,1.0155,1.1836,0.8898,0.7299,0.7769,0.7652,1.3709,1.1150,1.9757,0.4249,1.0345,1.1734,1.4498,0.8065,0.7772,0.6129,0.7049,1.1629,1.3357,1.5890,1.0480,0.7534,0.6195,0.7310,1.1852,1.1071,0.9984,0.6221,0.4205,1.1508,1.2046,0.6631,0.8211,0.5964,1.6012"
4,2026-09-23 23:17:28,Ours,0.00802,3.7286092580918613,3.41,3.41,4,53.3248,0:53.32,51.5478,0.642,1.13,218.1004,3:38.10,50,"49,16,20,40,13,17,3,15,23,25,34,18,11,9,48,47,4,22,7,39,44,2,8,45,36,33,26,32,30,0,46,43,24,37,10,29,19,38,41,5,1,27,21,6,31,12,35,28,42,14",49:20;16:45;20:70;40:45;13:49;17:39;3:34;15:24;23:15;25:43;34:55;18:43;11:49;9:22;48:16;47:32;4:56;22:49;7:45;39:23;44:27;2:60;8:31;45:50;36:44;33:53;26:37;32:62;30:40;0:59;46:38;43:21;24:19;37:62;10:64;29:44;19:47;38:36;41:43;5:73;1:40;27:58;21:27;6:53;31:50;12:63;35:10;28:63;42:21;14:32,"49:[1,2];16:[2,4,6,7];20:[0,2,3,4,5,6,7];40:[0,2,4,5];13:[0,1,3,4];17:[2,6,7];3:[0,4,5];15:[2,3];23:[2];25:[2,3,4,6];34:[0,1,2,4,6];18:[2,3,4,6];11:[0,5,6,7];9:[0,6];48:[6];47:[1,2,3];4:[0,2,3,6,7];22:[2,4,5,6];7:[1,3,4,5];39:[2,4];44:[6,7];2:[0,1,3,4,5,7];8:[1,3,6];45:[0,1,2,4,7];36:[0,4,6,7];33:[0,1,3,5,6];26:[1,2,4];32:[0,1,2,3,4,7];30:[1,2,5,6];0:[2,3,4,6,7];46:[2,3,7];43:[0,5];24:[1];37:[2,3,4,5,6,7];10:[0,1,2,3,5,6];29:[1,3,4,7];19:[2,3,5,7];38:[0,1,6];41:[2,4,6,7];5:[0,1,2,3,4,5,6];1:[1,2,4,7];27:[0,2,3,5,7];21:[0,4];6:[0,3,5,6,7];31:[0,1,2,5,7];12:[0,1,2,4,6,7];35:[7];28:[0,1,3,4,6,7];42:[2,3];14:[0,6,7]","c49:bw=20,experts=[1,2]; c16:bw=45,experts=[2,4,6,7]; c20:bw=70,experts=[0,2,3,4,5,6,7]; c40:bw=45,experts=[0,2,4,5]; c13:bw=49,experts=[0,1,3,4]; c17:bw=39,experts=[2,6,7]; c3:bw=34,experts=[0,4,5]; c15:bw=24,experts=[2,3]; c23:bw=15,experts=[2]; c25:bw=43,experts=[2,3,4,6]; c34:bw=55,experts=[0,1,2,4,6]; c18:bw=43,experts=[2,3,4,6]; c11:bw=49,experts=[0,5,6,7]; c9:bw=22,experts=[0,6]; c48:bw=16,experts=[6]; c47:bw=32,experts=[1,2,3]; c4:bw=56,experts=[0,2,3,6,7]; c22:bw=49,experts=[2,4,5,6]; c7:bw=45,experts=[1,3,4,5]; c39:bw=23,experts=[2,4]; c44:bw=27,experts=[6,7]; c2:bw=60,experts=[0,1,3,4,5,7]; c8:bw=31,experts=[1,3,6]; c45:bw=50,experts=[0,1,2,4,7]; c36:bw=44,experts=[0,4,6,7]; c33:bw=53,experts=[0,1,3,5,6]; c26:bw=37,experts=[1,2,4]; c32:bw=62,experts=[0,1,2,3,4,7]; c30:bw=40,experts=[1,2,5,6]; c0:bw=59,experts=[2,3,4,6,7]; c46:bw=38,experts=[2,3,7]; c43:bw=21,experts=[0,5]; c24:bw=19,experts=[1]; c37:bw=62,experts=[2,3,4,5,6,7]; c10:bw=64,experts=[0,1,2,3,5,6]; c29:bw=44,experts=[1,3,4,7]; c19:bw=47,experts=[2,3,5,7]; c38:bw=36,experts=[0,1,6]; c41:bw=43,experts=[2,4,6,7]; c5:bw=73,experts=[0,1,2,3,4,5,6]; c1:bw=40,experts=[1,2,4,7]; c27:bw=58,experts=[0,2,3,5,7]; c21:bw=27,experts=[0,4]; c6:bw=53,experts=[0,3,5,6,7]; c31:bw=50,experts=[0,1,2,5,7]; c12:bw=63,experts=[0,1,2,4,6,7]; c35:bw=10,experts=[7]; c28:bw=63,experts=[0,1,3,4,6,7]; c42:bw=21,experts=[2,3]; c14:bw=32,experts=[0,6,7]","2.5114,1.6400,1.2224,1.0716,0.7911,0.8008,1.1189,0.7779,1.1731,1.9158,0.8693,0.9873,0.7866,1.0604,0.6480,0.6757,1.1587,1.3009,0.6317,1.0672,0.7282,0.6297,0.7777,1.6613,0.8205,1.0634,1.2450,1.2658,1.0914,0.4234,0.7702,0.8217,0.7364,0.8420,0.9560,1.2623,0.9543,0.6398,0.4280,1.6162,0.9577,1.1361,1.4846,1.2285,1.0975,0.6474,0.8784,0.8472,0.9600,1.3682"
5,2026-09-23 23:18:22,Ours,0.01,3.761985019790182,4.41,4.41,5,53.4344,0:53.43,51.6517,0.6392,1.1384,271.5484,4:31.55,50,"35,6,29,14,13,7,20,12,9,30,48,21,37,11,8,38,17,15,28,24,41,19,4,43,33,46,26,23,10,39,3,42,34,5,40,25,44,18,0,32,31,47,22,27,45,49,16,36,2,1",35:26;6:53;29:55;14:53;13:36;7:24;20:50;12:55;9:62;30:16;48:13;21:35;37:43;11:21;8:37;38:67;17:64;15:45;28:45;24:12;41:46;19:19;4:48;43:59;33:33;46:11;26:19;23:29;10:35;39:65;3:63;42:51;34:36;5:40;40:42;25:34;44:40;18:10;0:50;32:40;31:43;47:48;22:49;27:30;45:62;49:44;16:32;36:26;2:10;1:20,"35:[0,6];6:[1,2,4,6,7];29:[0,3,5,6,7];14:[0,2,3,5,7];13:[0,6,7];7:[1,6];20:[0,2,3,5,7];12:[0,1,3,5,7];9:[0,1,3,5,6,7];30:[1];48:[5];21:[0,6,7];37:[1,2,4,5];11:[5,7];8:[1,2,6];38:[0,1,3,4,5,7];17:[0,1,2,3,5,6];15:[1,2,3,5];28:[1,5,6,7];24:[2];41:[0,2,3,4];19:[0];4:[1,2,5,7];43:[0,2,4,5,7];33:[2,5,7];46:[3];26:[0];23:[0,6];10:[1,2,6];39:[0,1,3,4,5,7];3:[0,1,4,5,6,7];42:[1,2,4,5,7];34:[1,3,5];5:[1,4,5,6];40:[2,4,6,7];25:[0,4,5];44:[0,3,6,7];18:[3];0:[0,1,3,4,6];32:[0,1,2,7];31:[2,4,5,7];47:[1,3,5,7];22:[1,5,6,7];27:[1,6,7];45:[0,1,3,4,5,6];49:[0,5,6,7];16:[0,2,7];36:[5,6];2:[1];1:[1,7]","c35:bw=26,experts=[0,6]; c6:bw=53,experts=[1,2,4,6,7]; c29:bw=55,experts=[0,3,5,6,7]; c14:bw=53,experts=[0,2,3,5,7]; c13:bw=36,experts=[0,6,7]; c7:bw=24,experts=[1,6]; c20:bw=50,experts=[0,2,3,5,7]; c12:bw=55,experts=[0,1,3,5,7]; c9:bw=62,experts=[0,1,3,5,6,7]; c30:bw=16,experts=[1]; c48:bw=13,experts=[5]; c21:bw=35,experts=[0,6,7]; c37:bw=43,experts=[1,2,4,5]; c11:bw=21,experts=[5,7]; c8:bw=37,experts=[1,2,6]; c38:bw=67,experts=[0,1,3,4,5,7]; c17:bw=64,experts=[0,1,2,3,5,6]; c15:bw=45,experts=[1,2,3,5]; c28:bw=45,experts=[1,5,6,7]; c24:bw=12,experts=[2]; c41:bw=46,experts=[0,2,3,4]; c19:bw=19,experts=[0]; c4:bw=48,experts=[1,2,5,7]; c43:bw=59,experts=[0,2,4,5,7]; c33:bw=33,experts=[2,5,7]; c46:bw=11,experts=[3]; c26:bw=19,experts=[0]; c23:bw=29,experts=[0,6]; c10:bw=35,experts=[1,2,6]; c39:bw=65,experts=[0,1,3,4,5,7]; c3:bw=63,experts=[0,1,4,5,6,7]; c42:bw=51,experts=[1,2,4,5,7]; c34:bw=36,experts=[1,3,5]; c5:bw=40,experts=[1,4,5,6]; c40:bw=42,experts=[2,4,6,7]; c25:bw=34,experts=[0,4,5]; c44:bw=40,experts=[0,3,6,7]; c18:bw=10,experts=[3]; c0:bw=50,experts=[0,1,3,4,6]; c32:bw=40,experts=[0,1,2,7]; c31:bw=43,experts=[2,4,5,7]; c47:bw=48,experts=[1,3,5,7]; c22:bw=49,experts=[1,5,6,7]; c27:bw=30,experts=[1,6,7]; c45:bw=62,experts=[0,1,3,4,5,6]; c49:bw=44,experts=[0,5,6,7]; c16:bw=32,experts=[0,2,7]; c36:bw=26,experts=[5,6]; c2:bw=10,experts=[1]; c1:bw=20,experts=[1,7]","0.8938,1.2076,1.2901,1.3761,0.7848,0.6113,1.1971,0.6362,1.0993,1.0727,0.6262,1.5015,0.8529,0.7563,0.7763,0.6554,0.8231,0.7631,0.8517,0.7417,0.4209,0.9392,1.1642,0.8416,1.0325,0.7517,1.2444,1.2135,0.9475,1.0668,1.0951,1.0594,0.8585,1.6087,1.0517,2.0397,0.7117,0.9519,0.4247,1.2373,1.1621,0.6610,1.3415,1.1314,1.6366,2.5634,1.6681,0.7933,0.5989,0.9168"
6,2026-09-23 23:19:15,Ours,0.01,3.6846397287549975,4.42,4.42,6,53.1398,0:53.14,51.368,0.6369,1.13,324.7006,5:24.70,50,"35,28,12,16,48,26,19,9,23,21,13,14,5,3,7,45,42,31,33,20,46,18,2,49,8,44,41,4,11,37,36,43,1,25,15,6,34,29,30,22,24,27,10,0,47,17,38,39,32,40",35:19;28:74;12:62;16:54;48:46;26:43;19:37;9:48;23:73;21:10;13:15;14:40;5:27;3:36;7:58;45:23;42:31;31:48;33:14;20:44;46:25;18:40;2:42;49:17;8:67;44:50;41:40;4:17;11:31;37:14;36:10;43:29;1:32;25:43;15:33;6:20;34:54;29:41;30:58;22:32;24:18;27:43;10:10;0:31;47:42;17:27;38:51;39:20;32:10;40:40,"35:[5];28:[0,1,2,3,4,5,7];12:[1,2,4,5,6,7];16:[1,2,3,6,7];48:[0,2,4,6];26:[1,2,6,7];19:[4,5,6];9:[0,3,4,5];23:[0,2,3,4,5,6,7];21:[3];13:[5];14:[1,2,4,5];5:[3,4];3:[4,5,7];7:[1,3,5,6,7];45:[3,7];42:[1,2,4];31:[1,2,4,7];33:[0];20:[0,3,4,7];46:[3,5];18:[0,1,2,7];2:[2,4,6,7];49:[0];8:[0,1,4,5,6,7];44:[0,1,3,4,5];41:[0,3,6,7];4:[5];11:[1,3,6];37:[2];36:[1];43:[3,5];1:[1,2,4];25:[0,1,4,5];15:[0,5,6];6:[3,5];34:[0,1,2,5,6];29:[0,1,3,6];30:[1,2,4,6,7];22:[0,2,5];24:[1];27:[1,3,4,7];10:[1];0:[4,5,7];47:[1,5,6,7];17:[1,7];38:[0,1,2,5,6];39:[1,6];32:[6];40:[0,1,5,6]","c35:bw=19,experts=[5]; c28:bw=74,experts=[0,1,2,3,4,5,7]; c12:bw=62,experts=[1,2,4,5,6,7]; c16:bw=54,experts=[1,2,3,6,7]; c48:bw=46,experts=[0,2,4,6]; c26:bw=43,experts=[1,2,6,7]; c19:bw=37,experts=[4,5,6]; c9:bw=48,experts=[0,3,4,5]; c23:bw=73,experts=[0,2,3,4,5,6,7]; c21:bw=10,experts=[3]; c13:bw=15,experts=[5]; c14:bw=40,experts=[1,2,4,5]; c5:bw=27,experts=[3,4]; c3:bw=36,experts=[4,5,7]; c7:bw=58,experts=[1,3,5,6,7]; c45:bw=23,experts=[3,7]; c42:bw=31,experts=[1,2,4]; c31:bw=48,experts=[1,2,4,7]; c33:bw=14,experts=[0]; c20:bw=44,experts=[0,3,4,7]; c46:bw=25,experts=[3,5]; c18:bw=40,experts=[0,1,2,7]; c2:bw=42,experts=[2,4,6,7]; c49:bw=17,experts=[0]; c8:bw=67,experts=[0,1,4,5,6,7]; c44:bw=50,experts=[0,1,3,4,5]; c41:bw=40,experts=[0,3,6,7]; c4:bw=17,experts=[5]; c11:bw=31,experts=[1,3,6]; c37:bw=14,experts=[2]; c36:bw=10,experts=[1]; c43:bw=29,experts=[3,5]; c1:bw=32,experts=[1,2,4]; c25:bw=43,experts=[0,1,4,5]; c15:bw=33,experts=[0,5,6]; c6:bw=20,experts=[3,5]; c34:bw=54,experts=[0,1,2,5,6]; c29:bw=41,experts=[0,1,3,6]; c30:bw=58,experts=[1,2,4,6,7]; c22:bw=32,experts=[0,2,5]; c24:bw=18,experts=[1]; c27:bw=43,experts=[1,3,4,7]; c10:bw=10,experts=[1]; c0:bw=31,experts=[4,5,7]; c47:bw=42,experts=[1,5,6,7]; c17:bw=27,experts=[1,7]; c38:bw=51,experts=[0,1,2,5,6]; c39:bw=20,experts=[1,6]; c32:bw=10,experts=[6]; c40:bw=40,experts=[0,1,5,6]","0.8740,0.8252,0.6344,1.6906,0.6298,1.2576,0.9592,1.0768,1.1891,1.4759,0.7623,1.3803,1.6322,1.1164,0.6192,1.6486,1.0079,1.1788,1.0377,1.2515,0.7689,0.9505,0.6193,2.5158,0.7504,0.7253,0.4250,1.1547,0.7826,0.8118,0.7766,0.7931,0.9639,2.0588,0.7912,1.1692,0.8650,1.2729,1.0286,1.3071,0.7427,1.1400,0.9050,0.4186,0.6867,0.7836,0.6375,1.0300,1.2220,1.0236"
7,2026-09-23 23:20:08,Ours,0.01,3.646977366031142,6.82,6.82,7,53.6019,0:53.60,51.8307,0.6334,1.1328,378.3166,6:18.32,50,"8,23,31,37,9,10,33,39,29,27,17,26,25,45,43,36,47,4,24,14,0,46,49,38,30,18,12,28,5,41,48,22,21,11,42,16,2,6,7,19,20,13,44,3,32,35,40,15,34,1",8:57;23:41;31:19;37:72;9:10;10:17;33:40;39:38;29:57;27:26;17:41;26:49;25:50;45:44;43:10;36:43;47:11;4:14;24:31;14:13;0:36;46:14;49:40;38:29;30:27;18:20;12:47;28:10;5:49;41:35;48:48;22:55;21:60;11:60;42:29;16:53;2:40;6:13;7:31;19:54;20:16;13:25;44:20;3:26;32:24;35:30;40:56;15:39;34:29;1:10,"8:[0,3,4,5,7];23:[0,2,6,7];31:[5];37:[0,1,2,4,5,6,7];9:[6];10:[1];33:[0,1,3,4];39:[0,4,7];29:[0,3,4,5,6];27:[1,2];17:[3,5,6,7];26:[3,4,6,7];25:[1,3,5,6,7];45:[0,1,3,7];43:[6];36:[1,3,5,6];47:[3];4:[1];24:[5,6,7];14:[3];0:[0,4,7];46:[2];49:[1,2,6,7];38:[1,3];30:[0,6];18:[3,6];12:[1,2,4,7];28:[2];5:[0,2,4,7];41:[0,3,7];48:[1,2,5,7];22:[1,3,4,5,7];21:[0,3,4,5,6,7];11:[0,2,3,4,5,7];42:[0,2];16:[2,3,4,5,7];2:[0,3,6,7];6:[6];7:[1,2,5];19:[1,2,3,5,7];20:[6];13:[2,4];44:[0,7];3:[4,5];32:[6,7];35:[1,2,4];40:[2,3,4,6,7];15:[2,4,7];34:[1,3];1:[0]","c8:bw=57,experts=[0,3,4,5,7]; c23:bw=41,experts=[0,2,6,7]; c31:bw=19,experts=[5]; c37:bw=72,experts=[0,1,2,4,5,6,7]; c9:bw=10,experts=[6]; c10:bw=17,experts=[1]; c33:bw=40,experts=[0,1,3,4]; c39:bw=38,experts=[0,4,7]; c29:bw=57,experts=[0,3,4,5,6]; c27:bw=26,experts=[1,2]; c17:bw=41,experts=[3,5,6,7]; c26:bw=49,experts=[3,4,6,7]; c25:bw=50,experts=[1,3,5,6,7]; c45:bw=44,experts=[0,1,3,7]; c43:bw=10,experts=[6]; c36:bw=43,experts=[1,3,5,6]; c47:bw=11,experts=[3]; c4:bw=14,experts=[1]; c24:bw=31,experts=[5,6,7]; c14:bw=13,experts=[3]; c0:bw=36,experts=[0,4,7]; c46:bw=14,experts=[2]; c49:bw=40,experts=[1,2,6,7]; c38:bw=29,experts=[1,3]; c30:bw=27,experts=[0,6]; c18:bw=20,experts=[3,6]; c12:bw=47,experts=[1,2,4,7]; c28:bw=10,experts=[2]; c5:bw=49,experts=[0,2,4,7]; c41:bw=35,experts=[0,3,7]; c48:bw=48,experts=[1,2,5,7]; c22:bw=55,experts=[1,3,4,5,7]; c21:bw=60,experts=[0,3,4,5,6,7]; c11:bw=60,experts=[0,2,3,4,5,7]; c42:bw=29,experts=[0,2]; c16:bw=53,experts=[2,3,4,5,7]; c2:bw=40,experts=[0,3,6,7]; c6:bw=13,experts=[6]; c7:bw=31,experts=[1,2,5]; c19:bw=54,experts=[1,2,3,5,7]; c20:bw=16,experts=[6]; c13:bw=25,experts=[2,4]; c44:bw=20,experts=[0,7]; c3:bw=26,experts=[4,5]; c32:bw=24,experts=[6,7]; c35:bw=30,experts=[1,2,4]; c40:bw=56,experts=[2,3,4,6,7]; c15:bw=39,experts=[2,4,7]; c34:bw=29,experts=[1,3]; c1:bw=10,experts=[0]","0.7755,1.2586,1.1225,0.8330,1.0645,0.9214,1.0843,1.0200,1.2710,1.0991,0.8100,1.1948,2.0727,1.5858,0.8312,0.8109,0.6779,1.1936,0.7798,1.3825,0.4537,0.8044,2.7459,0.6707,1.1584,1.0360,0.6643,0.8553,1.6799,0.4398,0.6401,1.3924,1.4389,0.7744,0.9368,1.6650,0.6287,1.2046,0.6006,0.9266,1.1879,0.7572,0.6983,1.0637,1.2331,0.8689,0.9919,0.7801,0.8312,0.9130"
8,2026-09-23 23:21:01,Ours,0.01,3.611710559034948,6.01,6.82,7,52.9116,0:52.91,51.1361,0.6372,1.1331,431.2415,7:11.24,50,"4,11,46,40,5,39,13,48,28,19,27,43,14,18,3,29,37,12,41,38,36,6,15,35,10,8,0,7,16,25,33,9,26,1,44,21,45,23,42,49,24,17,2,47,22,31,20,32,34,30",4:10;11:45;46:49;40:34;5:28;39:32;13:35;48:13;28:38;19:31;27:41;43:41;14:59;18:39;3:37;29:71;37:11;12:51;41:40;38:21;36:47;6:41;15:66;35:54;10:51;8:37;0:32;7:15;16:45;25:41;33:57;9:59;26:55;1:58;44:34;21:31;45:10;23:35;42:42;49:61;24:42;17:56;2:54;47:25;22:61;31:35;20:42;32:74;34:10;30:34,"4:[7];11:[0,2,6,7];46:[1,2,5,7];40:[2,6,7];5:[2,7];39:[5,6,7];13:[2,3,5];48:[1];28:[0,6,7];19:[0,2,5];27:[0,1,5,6];43:[0,2,5,7];14:[1,3,4,5,7];18:[0,2,4];3:[1,6,7];29:[0,1,2,3,5,6,7];37:[7];12:[0,1,2,5,6];41:[1,2,4,7];38:[5,7];36:[0,1,3,6];6:[1,3,5,7];15:[0,1,2,3,4,7];35:[1,2,3,4,6];10:[0,1,2,5,6];8:[0,1,7];0:[4,5,6];7:[2];16:[1,2,3,4];25:[0,2,4,5];33:[1,2,3,4,7];9:[0,1,2,4,6];26:[2,3,4,5,6];1:[0,2,3,6,7];44:[1,3,6];21:[0,1,6];45:[2];23:[0,3,4];42:[1,2,3,5];49:[0,1,4,5,6,7];24:[0,2,4,6];17:[0,1,2,4,7];2:[2,4,5,6,7];47:[0,4];22:[0,1,2,3,4,7];31:[3,4,7];20:[0,1,3,5];32:[0,1,2,3,5,6,7];34:[0];30:[2,6,7]","c4:bw=10,experts=[7]; c11:bw=45,experts=[0,2,6,7]; c46:bw=49,experts=[1,2,5,7]; c40:bw=34,experts=[2,6,7]; c5:bw=28,experts=[2,7]; c39:bw=32,experts=[5,6,7]; c13:bw=35,experts=[2,3,5]; c48:bw=13,experts=[1]; c28:bw=38,experts=[0,6,7]; c19:bw=31,experts=[0,2,5]; c27:bw=41,experts=[0,1,5,6]; c43:bw=41,experts=[0,2,5,7]; c14:bw=59,experts=[1,3,4,5,7]; c18:bw=39,experts=[0,2,4]; c3:bw=37,experts=[1,6,7]; c29:bw=71,experts=[0,1,2,3,5,6,7]; c37:bw=11,experts=[7]; c12:bw=51,experts=[0,1,2,5,6]; c41:bw=40,experts=[1,2,4,7]; c38:bw=21,experts=[5,7]; c36:bw=47,experts=[0,1,3,6]; c6:bw=41,experts=[1,3,5,7]; c15:bw=66,experts=[0,1,2,3,4,7]; c35:bw=54,experts=[1,2,3,4,6]; c10:bw=51,experts=[0,1,2,5,6]; c8:bw=37,experts=[0,1,7]; c0:bw=32,experts=[4,5,6]; c7:bw=15,experts=[2]; c16:bw=45,experts=[1,2,3,4]; c25:bw=41,experts=[0,2,4,5]; c33:bw=57,experts=[1,2,3,4,7]; c9:bw=59,experts=[0,1,2,4,6]; c26:bw=55,experts=[2,3,4,5,6]; c1:bw=58,experts=[0,2,3,6,7]; c44:bw=34,experts=[1,3,6]; c21:bw=31,experts=[0,1,6]; c45:bw=10,experts=[2]; c23:bw=35,experts=[0,3,4]; c42:bw=42,experts=[1,2,3,5]; c49:bw=61,experts=[0,1,4,5,6,7]; c24:bw=42,experts=[0,2,4,6]; c17:bw=56,experts=[0,1,2,4,7]; c2:bw=54,experts=[2,4,5,6,7]; c47:bw=25,experts=[0,4]; c22:bw=61,experts=[0,1,2,3,4,7]; c31:bw=35,experts=[3,4,7]; c20:bw=42,experts=[0,1,3,5]; c32:bw=74,experts=[0,1,2,3,5,6,7]; c34:bw=10,experts=[0]; c30:bw=34,experts=[2,6,7]","1.1646,0.7703,0.7626,1.0063,1.6453,1.0170,0.7525,0.6277,0.8536,0.9494,1.1460,0.8139,1.3664,1.0029,1.0716,1.3641,0.7986,0.6366,0.4231,0.6226,0.8191,1.2553,0.7687,0.8644,0.9581,0.7488,0.4210,0.5942,1.6419,2.0426,1.0772,1.0336,1.1806,0.9346,0.6980,1.4254,1.5784,1.2121,0.9347,2.5130,0.7309,0.8065,0.6161,0.6813,1.3449,1.1218,1.1718,1.2607,0.8276,1.0781"
9,2026-09-23 23:21:54,Ours,0.01,3.5494288234690083,7.86,7.86,9,52.527,0:52.53,50.7536,0.6382,1.1303,483.783,8:03.78,50,"34,30,37,2,35,10,40,48,6,25,26,39,46,45,13,33,1,43,19,0,11,8,20,38,22,28,23,16,18,9,27,17,12,15,29,31,44,3,4,7,32,36,42,14,5,41,47,49,24,21",34:36;30:39;37:42;2:21;35:30;10:34;40:44;48:56;6:31;25:67;26:19;39:10;46:38;45:10;13:41;33:26;1:14;43:49;19:26;0:52;11:28;8:18;20:58;38:19;22:39;28:58;23:68;16:41;18:53;9:26;27:27;17:49;12:38;15:36;29:46;31:27;44:47;3:23;4:59;7:46;32:15;36:30;42:14;14:37;5:52;41:51;47:25;49:12;24:25;21:66,"34:[0,2,3];30:[2,3,5];37:[0,1,3,4];2:[2,4];35:[0,2,3];10:[2,3,6];40:[0,4,6,7];48:[0,3,5,6,7];6:[2,5,7];25:[0,2,4,5,6,7];26:[3];39:[5];46:[2,5,7];45:[6];13:[1,3,4,5];33:[2,7];1:[1];43:[0,2,5,6];19:[3,4];0:[0,3,4,5,6];11:[3,4];8:[1];20:[0,1,5,6,7];38:[3];22:[0,1,4];28:[0,2,4,5,6];23:[2,3,4,5,6,7];16:[0,2,5,7];18:[0,1,3,4,5];9:[4,5];27:[2,4];17:[1,2,4,7];12:[3,4,5];15:[2,4,7];29:[0,1,5,7];31:[5,6];44:[2,3,4,6];3:[6,7];4:[1,2,3,4,6];7:[0,1,4,5];32:[4];36:[0,2,3];42:[6];14:[2,5,6];5:[2,3,4,5,6];41:[0,1,3,6,7];47:[2,7];49:[3];24:[2,4];21:[1,2,3,4,5,7]","c34:bw=36,experts=[0,2,3]; c30:bw=39,experts=[2,3,5]; c37:bw=42,experts=[0,1,3,4]; c2:bw=21,experts=[2,4]; c35:bw=30,experts=[0,2,3]; c10:bw=34,experts=[2,3,6]; c40:bw=44,experts=[0,4,6,7]; c48:bw=56,experts=[0,3,5,6,7]; c6:bw=31,experts=[2,5,7]; c25:bw=67,experts=[0,2,4,5,6,7]; c26:bw=19,experts=[3]; c39:bw=10,experts=[5]; c46:bw=38,experts=[2,5,7]; c45:bw=10,experts=[6]; c13:bw=41,experts=[1,3,4,5]; c33:bw=26,experts=[2,7]; c1:bw=14,experts=[1]; c43:bw=49,experts=[0,2,5,6]; c19:bw=26,experts=[3,4]; c0:bw=52,experts=[0,3,4,5,6]; c11:bw=28,experts=[3,4]; c8:bw=18,experts=[1]; c20:bw=58,experts=[0,1,5,6,7]; c38:bw=19,experts=[3]; c22:bw=39,experts=[0,1,4]; c28:bw=58,experts=[0,2,4,5,6]; c23:bw=68,experts=[2,3,4,5,6,7]; c16:bw=41,experts=[0,2,5,7]; c18:bw=53,experts=[0,1,3,4,5]; c9:bw=26,experts=[4,5]; c27:bw=27,experts=[2,4]; c17:bw=49,experts=[1,2,4,7]; c12:bw=38,experts=[3,4,5]; c15:bw=36,experts=[2,4,7]; c29:bw=46,experts=[0,1,5,7]; c31:bw=27,experts=[5,6]; c44:bw=47,experts=[2,3,4,6]; c3:bw=23,experts=[6,7]; c4:bw=59,experts=[1,2,3,4,6]; c7:bw=46,experts=[0,1,4,5]; c32:bw=15,experts=[4]; c36:bw=30,experts=[0,2,3]; c42:bw=14,experts=[6]; c14:bw=37,experts=[2,5,6]; c5:bw=52,experts=[2,3,4,5,6]; c41:bw=51,experts=[0,1,3,6,7]; c47:bw=25,experts=[2,7]; c49:bw=12,experts=[3]; c24:bw=25,experts=[2,4]; c21:bw=66,experts=[1,2,3,4,5,7]","0.8358,1.0970,0.8229,0.6290,0.8635,0.9572,1.0070,0.6422,1.1721,2.0721,1.1808,1.0098,0.7579,1.5682,0.7775,1.0385,0.9199,0.8303,0.9823,0.4268,0.7755,0.7419,1.2463,0.6209,1.3409,0.8099,1.1768,1.6017,0.9582,1.0400,1.1215,0.7994,0.6295,0.7668,1.2474,1.1247,0.7037,1.0832,1.1593,0.5985,1.2176,0.7806,0.9491,1.3113,1.6194,0.4213,0.6654,2.4858,0.7358,1.4301"
10,2026-09-23 23:22:46,Ours,0.01,3.619156265732073,8.36,8.36,10,51.7774,0:51.78,49.9827,0.6407,1.149,535.5748,8:55.57,50,"44,35,6,14,5,24,33,8,17,2,16,7,31,10,39,34,26,23,38,43,12,45,0,18,30,19,1,3,40,46,9,47,22,41,32,20,37,49,48,11,42,29,4,27,13,28,21,36,15,25",44:42;35:40;6:65;14:57;5:58;24:68;33:15;8:35;17:35;2:34;16:44;7:37;31:10;10:54;39:48;34:29;26:58;23:10;38:43;43:42;12:52;45:39;0:59;18:28;30:20;19:43;1:41;3:46;40:34;46:10;9:35;47:33;22:10;41:44;32:41;20:10;37:33;49:12;48:17;11:21;42:41;29:25;4:37;27:24;13:38;28:24;21:10;36:43;15:10;25:66,"44:[1,2,4,6];35:[0,1,3,5];6:[1,2,4,5,6,7];14:[0,2,3,4,7];5:[0,3,5,6,7];24:[0,1,3,4,5,6];33:[4];8:[0,1,5];17:[0,4,7];2:[1,3,4];16:[0,1,5,7];7:[1,5,6];31:[7];10:[0,1,2,3,6];39:[0,2,6,7];34:[1,3];26:[2,3,5,6,7];23:[5];38:[0,1,2,7];43:[0,2,4,6];12:[0,1,5,6,7];45:[1,5,7];0:[1,3,4,6,7];18:[0,5];30:[1,6];19:[1,2,5,6];1:[0,1,4,7];3:[1,3,4,5];40:[3,4,5];46:[2];9:[2,4,7];47:[3,4,5];22:[3];41:[2,3,4,7];32:[0,1,2,6];20:[3];37:[0,5,6];49:[7];48:[7];11:[1,7];42:[0,1,4,7];29:[1,7];4:[1,3,5];27:[0,4];13:[0,1,3];28:[1,2];21:[1];36:[1,3,5,7];15:[4];25:[0,3,4,5,6,7]","c44:bw=42,experts=[1,2,4,6]; c35:bw=40,experts=[0,1,3,5]; c6:bw=65,experts=[1,2,4,5,6,7]; c14:bw=57,experts=[0,2,3,4,7]; c5:bw=58,experts=[0,3,5,6,7]; c24:bw=68,experts=[0,1,3,4,5,6]; c33:bw=15,experts=[4]; c8:bw=35,experts=[0,1,5]; c17:bw=35,experts=[0,4,7]; c2:bw=34,experts=[1,3,4]; c16:bw=44,experts=[0,1,5,7]; c7:bw=37,experts=[1,5,6]; c31:bw=10,experts=[7]; c10:bw=54,experts=[0,1,2,3,6]; c39:bw=48,experts=[0,2,6,7]; c34:bw=29,experts=[1,3]; c26:bw=58,experts=[2,3,5,6,7]; c23:bw=10,experts=[5]; c38:bw=43,experts=[0,1,2,7]; c43:bw=42,experts=[0,2,4,6]; c12:bw=52,experts=[0,1,5,6,7]; c45:bw=39,experts=[1,5,7]; c0:bw=59,experts=[1,3,4,6,7]; c18:bw=28,experts=[0,5]; c30:bw=20,experts=[1,6]; c19:bw=43,experts=[1,2,5,6]; c1:bw=41,experts=[0,1,4,7]; c3:bw=46,experts=[1,3,4,5]; c40:bw=34,experts=[3,4,5]; c46:bw=10,experts=[2]; c9:bw=35,experts=[2,4,7]; c47:bw=33,experts=[3,4,5]; c22:bw=10,experts=[3]; c41:bw=44,experts=[2,3,4,7]; c32:bw=41,experts=[0,1,2,6]; c20:bw=10,experts=[3]; c37:bw=33,experts=[0,5,6]; c49:bw=12,experts=[7]; c48:bw=17,experts=[7]; c11:bw=21,experts=[1,7]; c42:bw=41,experts=[0,1,4,7]; c29:bw=25,experts=[1,7]; c4:bw=37,experts=[1,3,5]; c27:bw=24,experts=[0,4]; c13:bw=38,experts=[0,1,3]; c28:bw=24,experts=[1,2]; c21:bw=10,experts=[1]; c36:bw=43,experts=[1,3,5,7]; c15:bw=10,experts=[4]; c25:bw=66,experts=[0,3,4,5,6,7]","0.7133,0.8613,1.1836,1.3441,1.5321,0.7292,1.0519,0.7431,0.7971,0.6061,1.5907,0.6059,1.1025,0.9550,1.0146,0.8400,1.1791,1.1740,0.6260,0.8132,0.6244,1.5391,0.4291,0.9485,1.0865,0.9683,0.9176,1.0524,0.9870,0.7454,1.0199,0.6616,1.2651,0.4219,1.2006,1.2173,0.7928,2.4638,0.6098,0.7350,0.9385,1.2107,1.1410,1.0872,0.7436,0.8758,1.3788,0.7697,0.7562,1.9323"
11,2026-09-23 23:23:38,Ours,0.01,3.5900035977223985,9.02,9.02,11,51.9155,0:51.92,50.1514,0.636,1.1231,587.5055,9:47.51,50,"21,38,48,46,23,5,37,15,26,13,41,19,14,0,2,35,27,4,49,24,31,10,45,17,20,3,6,8,18,40,29,33,47,36,44,7,25,16,22,34,1,30,11,12,28,43,42,9,39,32",21:34;38:30;48:21;46:10;23:63;5:28;37:24;15:44;26:33;13:40;41:21;19:25;14:15;0:28;2:27;35:10;27:53;4:16;49:40;24:45;31:45;10:35;45:37;17:44;20:10;3:50;6:55;8:39;18:47;40:46;29:10;33:44;47:10;36:22;44:46;7:44;25:10;16:43;22:10;34:48;1:40;30:49;11:34;12:20;28:26;43:51;42:33;9:33;39:25;32:52,"21:[0,1,4];38:[2,3,7];48:[5,6];46:[1];23:[0,1,2,3,4,5];5:[2,7];37:[3,5];15:[0,1,4,5];26:[2,4,6];13:[0,1,2,7];41:[3,6];19:[0,6];14:[2];0:[2,3];2:[1,4];35:[1];27:[0,2,3,4,6];4:[5];49:[0,1,4,5];24:[3,5,6,7];31:[0,1,2,7];10:[0,6,7];45:[0,1,3];17:[3,4,5,6];20:[1];3:[0,3,4,5,7];6:[0,1,2,3,4];8:[2,3,5];18:[0,2,3,6];40:[0,1,4,5];29:[3];33:[0,2,5,6];47:[2];36:[5,6];44:[1,2,3,7];7:[0,3,4,7];25:[3];16:[0,3,4,6];22:[0];34:[2,3,5,7];1:[1,2,4,6];30:[2,3,4,7];11:[4,5,6];12:[0,7];28:[3,6];43:[0,1,2,6,7];42:[0,2,6];9:[3,4,7];39:[1,7];32:[0,3,4,6,7]","c21:bw=34,experts=[0,1,4]; c38:bw=30,experts=[2,3,7]; c48:bw=21,experts=[5,6]; c46:bw=10,experts=[1]; c23:bw=63,experts=[0,1,2,3,4,5]; c5:bw=28,experts=[2,7]; c37:bw=24,experts=[3,5]; c15:bw=44,experts=[0,1,4,5]; c26:bw=33,experts=[2,4,6]; c13:bw=40,experts=[0,1,2,7]; c41:bw=21,experts=[3,6]; c19:bw=25,experts=[0,6]; c14:bw=15,experts=[2]; c0:bw=28,experts=[2,3]; c2:bw=27,experts=[1,4]; c35:bw=10,experts=[1]; c27:bw=53,experts=[0,2,3,4,6]; c4:bw=16,experts=[5]; c49:bw=40,experts=[0,1,4,5]; c24:bw=45,experts=[3,5,6,7]; c31:bw=45,experts=[0,1,2,7]; c10:bw=35,experts=[0,6,7]; c45:bw=37,experts=[0,1,3]; c17:bw=44,experts=[3,4,5,6]; c20:bw=10,experts=[1]; c3:bw=50,experts=[0,3,4,5,7]; c6:bw=55,experts=[0,1,2,3,4]; c8:bw=39,experts=[2,3,5]; c18:bw=47,experts=[0,2,3,6]; c40:bw=46,experts=[0,1,4,5]; c29:bw=10,experts=[3]; c33:bw=44,experts=[0,2,5,6]; c47:bw=10,experts=[2]; c36:bw=22,experts=[5,6]; c44:bw=46,experts=[1,2,3,7]; c7:bw=44,experts=[0,3,4,7]; c25:bw=10,experts=[3]; c16:bw=43,experts=[0,3,4,6]; c22:bw=10,experts=[0]; c34:bw=48,experts=[2,3,5,7]; c1:bw=40,experts=[1,2,4,6]; c30:bw=49,experts=[2,3,4,7]; c11:bw=34,experts=[4,5,6]; c12:bw=20,experts=[0,7]; c28:bw=26,experts=[3,6]; c43:bw=51,experts=[0,1,2,6,7]; c42:bw=33,experts=[0,2,6]; c9:bw=33,experts=[3,4,7]; c39:bw=25,experts=[1,7]; c32:bw=52,experts=[0,3,4,6,7]","1.4061,0.6224,0.6548,0.7575,1.2068,1.5413,0.8055,0.7634,1.1908,0.7499,0.4295,0.9978,1.2939,0.4216,0.6205,0.8686,1.1147,1.1548,2.5192,0.7358,1.1044,0.9605,1.5381,0.7935,1.2327,1.0539,1.1756,0.7364,0.9593,0.9914,1.1901,1.0268,0.6679,0.7950,0.6987,0.5983,1.9429,1.5962,1.2683,0.8200,0.9157,1.0622,0.7455,0.6245,0.8092,0.8299,0.9399,1.0190,1.0027,1.1978"
12,2026-09-23 23:24:30,Ours,0.01,3.427842273373133,10.8,10.8,12,51.9265,0:51.93,50.1352,0.6522,1.1339,639.4474,10:39.45,50,"41,7,0,5,1,33,45,10,43,48,28,30,17,26,9,23,39,32,31,3,44,46,2,4,20,15,14,25,37,42,13,27,6,8,36,38,11,35,18,49,21,47,19,16,29,40,34,24,22,12",41:44;7:30;0:49;5:56;1:42;33:10;45:30;10:62;43:34;48:65;28:11;30:58;17:39;26:21;9:42;23:60;39:35;32:47;31:57;3:35;44:44;46:10;2:57;4:28;20:75;15:36;14:29;25:44;37:38;42:54;13:53;27:51;6:29;8:55;36:41;38:26;11:45;35:58;18:45;49:60;21:61;47:38;19:31;16:28;29:52;40:28;34:56;24:24;22:54;12:73,"41:[1,2,3,5];7:[3,4,7];0:[2,3,4,5];5:[1,2,5,6,7];1:[0,3,5,7];33:[6];45:[0,1,3];10:[0,1,2,4,5,7];43:[3,4,6];48:[0,1,2,4,5,7];28:[6];30:[1,2,4,5,6];17:[0,4,5];26:[5,7];9:[0,1,4,5];23:[0,1,2,4,5,7];39:[3,4,7];32:[0,4,6,7];31:[0,2,5,6,7];3:[4,5,7];44:[2,4,5,6];46:[7];2:[0,1,2,4,5];4:[5,6];20:[0,1,2,4,5,6,7];15:[0,3,6];14:[4,6];25:[0,4,5,7];37:[2,4,5];42:[1,3,5,6,7];13:[0,1,2,6,7];27:[0,1,2,6,7];6:[2,5];8:[0,1,4,6,7];36:[0,1,3,4];38:[6,7];11:[2,3,6,7];35:[0,1,2,4,7];18:[2,3,4,5];49:[2,3,4,5,6,7];21:[0,1,2,4,6,7];47:[2,3,4];19:[2,5,7];16:[4,5];29:[1,2,3,4,7];40:[5,7];34:[1,2,3,5,7];24:[0,3];22:[0,3,4,5,7];12:[0,1,2,4,5,6,7]","c41:bw=44,experts=[1,2,3,5]; c7:bw=30,experts=[3,4,7]; c0:bw=49,experts=[2,3,4,5]; c5:bw=56,experts=[1,2,5,6,7]; c1:bw=42,experts=[0,3,5,7]; c33:bw=10,experts=[6]; c45:bw=30,experts=[0,1,3]; c10:bw=62,experts=[0,1,2,4,5,7]; c43:bw=34,experts=[3,4,6]; c48:bw=65,experts=[0,1,2,4,5,7]; c28:bw=11,experts=[6]; c30:bw=58,experts=[1,2,4,5,6]; c17:bw=39,experts=[0,4,5]; c26:bw=21,experts=[5,7]; c9:bw=42,experts=[0,1,4,5]; c23:bw=60,experts=[0,1,2,4,5,7]; c39:bw=35,experts=[3,4,7]; c32:bw=47,experts=[0,4,6,7]; c31:bw=57,experts=[0,2,5,6,7]; c3:bw=35,experts=[4,5,7]; c44:bw=44,experts=[2,4,5,6]; c46:bw=10,experts=[7]; c2:bw=57,experts=[0,1,2,4,5]; c4:bw=28,experts=[5,6]; c20:bw=75,experts=[0,1,2,4,5,6,7]; c15:bw=36,experts=[0,3,6]; c14:bw=29,experts=[4,6]; c25:bw=44,experts=[0,4,5,7]; c37:bw=38,experts=[2,4,5]; c42:bw=54,experts=[1,3,5,6,7]; c13:bw=53,experts=[0,1,2,6,7]; c27:bw=51,experts=[0,1,2,6,7]; c6:bw=29,experts=[2,5]; c8:bw=55,experts=[0,1,4,6,7]; c36:bw=41,experts=[0,1,3,4]; c38:bw=26,experts=[6,7]; c11:bw=45,experts=[2,3,6,7]; c35:bw=58,experts=[0,1,2,4,7]; c18:bw=45,experts=[2,3,4,5]; c49:bw=60,experts=[2,3,4,5,6,7]; c21:bw=61,experts=[0,1,2,4,6,7]; c47:bw=38,experts=[2,3,4]; c19:bw=31,experts=[2,5,7]; c16:bw=28,experts=[4,5]; c29:bw=52,experts=[1,2,3,4,7]; c40:bw=28,experts=[5,7]; c34:bw=56,experts=[1,2,3,5,7]; c24:bw=24,experts=[0,3]; c22:bw=54,experts=[0,3,4,5,7]; c12:bw=73,experts=[0,1,2,4,5,6,7]","0.4247,0.6097,0.4224,1.5315,0.9215,1.0432,1.5480,0.9280,0.8096,0.6423,0.8248,1.0440,0.7912,1.1822,1.0327,1.1673,1.0125,1.2071,1.1572,1.0672,0.7074,0.7592,0.6194,1.1987,1.1796,0.7524,1.2997,1.9765,0.7893,0.9390,0.7753,1.1325,1.1642,0.7445,0.7851,0.6228,0.7536,0.8600,0.9505,2.5055,1.4009,0.6589,0.9696,1.5929,1.1905,0.9829,0.8220,0.7220,1.2906,0.6228"
13,2026-09-23 23:25:21,Ours,0.01,3.5111013679170937,10.82,10.82,13,51.6636,0:51.66,49.8951,0.6349,1.1285,691.1268,11:31.13,50,"47,14,13,10,38,30,33,17,42,34,25,31,22,49,15,27,2,20,23,9,29,32,11,35,5,40,3,44,24,46,48,19,21,0,7,18,36,28,4,1,26,8,41,39,12,45,6,37,16,43",47:25;14:70;13:32;10:42;38:43;30:24;33:23;17:55;42:31;34:42;25:58;31:10;22:75;49:27;15:38;27:57;2:16;20:10;23:53;9:15;29:49;32:10;11:52;35:42;5:29;40:56;3:30;44:17;24:35;46:58;48:42;19:36;21:30;0:25;7:58;18:51;36:53;28:47;4:10;1:47;26:17;8:15;41:22;39:51;12:42;45:48;6:36;37:56;16:10;43:10,"47:[2,4];14:[0,1,2,3,4,6,7];13:[2,3,7];10:[1,4,5,7];38:[0,3,5,6];30:[0,2];33:[1,7];17:[1,2,3,5,7];42:[0,3,5];34:[1,2,5,7];25:[1,3,5,6,7];31:[7];22:[1,2,3,4,5,6,7];49:[0,1];15:[2,6,7];27:[0,1,2,4,6];2:[3];20:[7];23:[0,1,2,3,4];9:[5];29:[0,1,2,6];32:[4];11:[2,3,4,6,7];35:[1,3,4,6];5:[0,4];40:[0,2,4,5,7];3:[2,4,6];44:[4];24:[2,4,6];46:[0,1,5,6,7];48:[0,4,5,6];19:[0,3,6];21:[2,4,5];0:[2,4];7:[0,2,3,4,6];18:[0,1,3,6,7];36:[1,2,4,5,7];28:[1,4,5,6];4:[2];1:[1,2,6,7];26:[3];8:[0];41:[4,6];39:[1,3,4,5,7];12:[1,2,5,6];45:[0,4,5,7];6:[2,4,5];37:[0,2,3,5,7];16:[4];43:[1]","c47:bw=25,experts=[2,4]; c14:bw=70,experts=[0,1,2,3,4,6,7]; c13:bw=32,experts=[2,3,7]; c10:bw=42,experts=[1,4,5,7]; c38:bw=43,experts=[0,3,5,6]; c30:bw=24,experts=[0,2]; c33:bw=23,experts=[1,7]; c17:bw=55,experts=[1,2,3,5,7]; c42:bw=31,experts=[0,3,5]; c34:bw=42,experts=[1,2,5,7]; c25:bw=58,experts=[1,3,5,6,7]; c31:bw=10,experts=[7]; c22:bw=75,experts=[1,2,3,4,5,6,7]; c49:bw=27,experts=[0,1]; c15:bw=38,experts=[2,6,7]; c27:bw=57,experts=[0,1,2,4,6]; c2:bw=16,experts=[3]; c20:bw=10,experts=[7]; c23:bw=53,experts=[0,1,2,3,4]; c9:bw=15,experts=[5]; c29:bw=49,experts=[0,1,2,6]; c32:bw=10,experts=[4]; c11:bw=52,experts=[2,3,4,6,7]; c35:bw=42,experts=[1,3,4,6]; c5:bw=29,experts=[0,4]; c40:bw=56,experts=[0,2,4,5,7]; c3:bw=30,experts=[2,4,6]; c44:bw=17,experts=[4]; c24:bw=35,experts=[2,4,6]; c46:bw=58,experts=[0,1,5,6,7]; c48:bw=42,experts=[0,4,5,6]; c19:bw=36,experts=[0,3,6]; c21:bw=30,experts=[2,4,5]; c0:bw=25,experts=[2,4]; c7:bw=58,experts=[0,2,3,4,6]; c18:bw=51,experts=[0,1,3,6,7]; c36:bw=53,experts=[1,2,4,5,7]; c28:bw=47,experts=[1,4,5,6]; c4:bw=10,experts=[2]; c1:bw=47,experts=[1,2,6,7]; c26:bw=17,experts=[3]; c8:bw=15,experts=[0]; c41:bw=22,experts=[4,6]; c39:bw=51,experts=[1,3,4,5,7]; c12:bw=42,experts=[1,2,5,6]; c45:bw=48,experts=[0,4,5,7]; c6:bw=36,experts=[2,4,5]; c37:bw=56,experts=[0,2,3,5,7]; c16:bw=10,experts=[4]; c43:bw=10,experts=[1]","0.6718,1.3107,0.7515,0.9194,0.6282,1.0388,1.0410,0.7984,0.9535,0.8292,1.9239,1.1164,1.3037,2.5180,0.7616,1.1176,0.6055,1.1758,1.1574,1.0238,1.1992,1.1906,0.7483,0.8619,1.5272,0.9794,1.0644,0.7010,0.7185,0.8477,0.6230,0.9572,1.3990,0.4241,0.6040,0.9436,0.7794,0.8045,1.1452,0.9088,1.1624,0.7347,0.4353,1.0310,0.6262,1.5291,1.1647,0.7874,1.5616,0.7889"
14,2026-09-23 23:26:14,Ours,0.01,3.5729667870729696,12.07,12.07,14,52.6529,0:52.65,50.8057,0.6579,1.1842,743.7953,12:23.80,50,"33,25,29,47,6,8,23,1,12,44,3,28,38,4,16,46,26,45,7,49,9,11,39,22,41,2,27,21,40,0,30,14,13,17,19,18,34,35,36,10,42,15,20,31,43,5,37,32,24,48",33:48;25:53;29:36;47:33;6:67;8:21;23:63;1:38;12:43;44:14;3:45;28:49;38:32;4:10;16:19;46:13;26:42;45:22;7:25;49:28;9:32;11:36;39:32;22:35;41:25;2:45;27:40;21:36;40:40;0:25;30:53;14:25;13:34;17:10;19:42;18:63;34:12;35:25;36:36;10:31;42:22;15:12;20:31;31:13;43:10;5:64;37:50;32:20;24:42;48:18,"33:[2,3,5,7];25:[0,2,3,5,7];29:[1,2,6];47:[0,2,4];6:[0,1,2,4,5,6];8:[1,6];23:[0,1,3,5,6,7];1:[0,1,7];12:[0,1,3,5];44:[4];3:[3,4,6,7];28:[0,1,2,4];38:[0,5,6];4:[3];16:[3];46:[0];26:[1,3,4,5];45:[0,7];7:[5,7];49:[3,4];9:[0,1,7];11:[4,5,6];39:[1,2,5];22:[3,4,6];41:[0,2];2:[1,3,5,6];27:[0,1,2,4];21:[0,1,7];40:[0,1,4,6];0:[1,2];30:[0,1,4,5,6];14:[4,7];13:[1,2,5];17:[1];19:[4,5,6,7];18:[2,3,4,5,6,7];34:[3];35:[2,3];36:[3,5,7];10:[0,1,7];42:[0,5];15:[6];20:[3,6,7];31:[1];43:[3];5:[0,3,4,5,6,7];37:[1,3,4,5,6];32:[2,4];24:[1,2,5,6];48:[6]","c33:bw=48,experts=[2,3,5,7]; c25:bw=53,experts=[0,2,3,5,7]; c29:bw=36,experts=[1,2,6]; c47:bw=33,experts=[0,2,4]; c6:bw=67,experts=[0,1,2,4,5,6]; c8:bw=21,experts=[1,6]; c23:bw=63,experts=[0,1,3,5,6,7]; c1:bw=38,experts=[0,1,7]; c12:bw=43,experts=[0,1,3,5]; c44:bw=14,experts=[4]; c3:bw=45,experts=[3,4,6,7]; c28:bw=49,experts=[0,1,2,4]; c38:bw=32,experts=[0,5,6]; c4:bw=10,experts=[3]; c16:bw=19,experts=[3]; c46:bw=13,experts=[0]; c26:bw=42,experts=[1,3,4,5]; c45:bw=22,experts=[0,7]; c7:bw=25,experts=[5,7]; c49:bw=28,experts=[3,4]; c9:bw=32,experts=[0,1,7]; c11:bw=36,experts=[4,5,6]; c39:bw=32,experts=[1,2,5]; c22:bw=35,experts=[3,4,6]; c41:bw=25,experts=[0,2]; c2:bw=45,experts=[1,3,5,6]; c27:bw=40,experts=[0,1,2,4]; c21:bw=36,experts=[0,1,7]; c40:bw=40,experts=[0,1,4,6]; c0:bw=25,experts=[1,2]; c30:bw=53,experts=[0,1,4,5,6]; c14:bw=25,experts=[4,7]; c13:bw=34,experts=[1,2,5]; c17:bw=10,experts=[1]; c19:bw=42,experts=[4,5,6,7]; c18:bw=63,experts=[2,3,4,5,6,7]; c34:bw=12,experts=[3]; c35:bw=25,experts=[2,3]; c36:bw=36,experts=[3,5,7]; c10:bw=31,experts=[0,1,7]; c42:bw=22,experts=[0,5]; c15:bw=12,experts=[6]; c20:bw=31,experts=[3,6,7]; c31:bw=13,experts=[1]; c43:bw=10,experts=[3]; c5:bw=64,experts=[0,3,4,5,6,7]; c37:bw=50,experts=[1,3,4,5,6]; c32:bw=20,experts=[2,4]; c24:bw=42,experts=[1,2,5,6]; c48:bw=18,experts=[6]","1.0428,1.8992,1.2057,0.6672,1.1725,0.8026,1.2415,0.9814,0.6736,0.7488,1.1435,0.8519,0.6701,1.2294,1.6935,0.8516,1.2463,1.6130,0.6309,2.5623,1.0383,0.7544,1.0050,1.2892,0.4276,0.6089,1.0951,1.3943,0.9949,0.4233,1.0260,1.2957,0.7425,0.7890,0.9414,0.9548,0.8131,0.8602,0.7793,0.9085,0.9430,0.7580,1.2112,1.1043,0.7951,1.5242,0.8015,1.2125,0.7452,0.6415"
15,2026-09-23 23:27:06,Ours,0.01,3.5126732452575102,12.36,12.36,15,51.5836,0:51.58,49.806,0.6333,1.1393,795.396,13:15.40,50,"15,3,33,49,13,7,44,11,42,38,6,41,18,2,46,39,30,45,20,10,47,14,31,25,21,0,23,22,36,40,48,37,29,9,1,24,4,17,5,34,43,28,27,12,19,32,8,16,26,35",15:10;3:10;33:45;49:10;13:60;7:59;44:59;11:55;42:66;38:41;6:33;41:45;18:34;2:53;46:25;39:66;30:34;45:25;20:43;10:13;47:49;14:50;31:54;25:32;21:14;0:20;23:58;22:60;36:52;40:18;48:14;37:26;29:10;9:19;1:14;24:45;4:47;17:47;5:18;34:37;43:42;28:40;27:36;12:10;19:59;32:58;8:52;16:29;26:48;35:11,"15:[2];3:[4];33:[0,1,2,7];49:[6];13:[0,1,2,3,4,7];7:[1,3,4,5,7];44:[1,3,5,6,7];11:[0,1,2,6,7];42:[0,2,3,4,6,7];38:[0,5,6,7];6:[0,3,5];41:[0,2,4,6];18:[2,3,6];2:[2,3,4,5,7];46:[0,7];39:[0,1,2,4,5,6];30:[1,2,6];45:[2,3];20:[3,5,6,7];10:[5];47:[0,1,5,7];14:[0,2,3,4,5];31:[1,3,4,5,6];25:[0,2,4];21:[4];0:[0,1];23:[2,3,5,6,7];22:[0,1,2,4,5,6];36:[0,2,3,6,7];40:[0];48:[5];37:[0,2];29:[0];9:[2];1:[0];24:[0,2,5,6];4:[0,2,4,7];17:[0,1,3,4];5:[5];34:[1,2,7];43:[0,4,6,7];28:[0,1,4,5];27:[2,3,7];12:[0];19:[0,1,3,4,6];32:[0,1,2,4,6];8:[1,2,3,4,5];16:[1,6];26:[0,3,5,7];35:[3]","c15:bw=10,experts=[2]; c3:bw=10,experts=[4]; c33:bw=45,experts=[0,1,2,7]; c49:bw=10,experts=[6]; c13:bw=60,experts=[0,1,2,3,4,7]; c7:bw=59,experts=[1,3,4,5,7]; c44:bw=59,experts=[1,3,5,6,7]; c11:bw=55,experts=[0,1,2,6,7]; c42:bw=66,experts=[0,2,3,4,6,7]; c38:bw=41,experts=[0,5,6,7]; c6:bw=33,experts=[0,3,5]; c41:bw=45,experts=[0,2,4,6]; c18:bw=34,experts=[2,3,6]; c2:bw=53,experts=[2,3,4,5,7]; c46:bw=25,experts=[0,7]; c39:bw=66,experts=[0,1,2,4,5,6]; c30:bw=34,experts=[1,2,6]; c45:bw=25,experts=[2,3]; c20:bw=43,experts=[3,5,6,7]; c10:bw=13,experts=[5]; c47:bw=49,experts=[0,1,5,7]; c14:bw=50,experts=[0,2,3,4,5]; c31:bw=54,experts=[1,3,4,5,6]; c25:bw=32,experts=[0,2,4]; c21:bw=14,experts=[4]; c0:bw=20,experts=[0,1]; c23:bw=58,experts=[2,3,5,6,7]; c22:bw=60,experts=[0,1,2,4,5,6]; c36:bw=52,experts=[0,2,3,6,7]; c40:bw=18,experts=[0]; c48:bw=14,experts=[5]; c37:bw=26,experts=[0,2]; c29:bw=10,experts=[0]; c9:bw=19,experts=[2]; c1:bw=14,experts=[0]; c24:bw=45,experts=[0,2,5,6]; c4:bw=47,experts=[0,2,4,7]; c17:bw=47,experts=[0,1,3,4]; c5:bw=18,experts=[5]; c34:bw=37,experts=[1,2,7]; c43:bw=42,experts=[0,4,6,7]; c28:bw=40,experts=[0,1,4,5]; c27:bw=36,experts=[2,3,7]; c12:bw=10,experts=[0]; c19:bw=59,experts=[0,1,3,4,6]; c32:bw=58,experts=[0,1,2,4,6]; c8:bw=52,experts=[1,2,3,4,5]; c16:bw=29,experts=[1,6]; c26:bw=48,experts=[0,3,5,7]; c35:bw=11,experts=[3]","0.7931,1.1054,1.1157,2.5057,0.7527,0.6022,0.7025,0.7435,0.9478,0.6284,1.1715,0.4288,0.9422,0.6038,0.7497,1.0117,1.0260,1.5434,1.2356,0.9090,0.6689,1.2982,1.1131,1.8895,1.4007,0.4212,1.1657,1.2857,0.7703,0.9829,0.6170,0.7867,1.1792,1.0147,0.9143,0.7174,1.1422,0.7791,1.5922,0.8141,0.8009,0.7912,1.0907,0.6122,0.9391,1.1853,0.7390,1.5635,1.1668,0.8457"
16,2026-09-23 23:27:57,Ours,0.01,3.550520047483241,11.04,12.36,15,51.3925,0:51.39,49.614,0.6354,1.138,846.8054,14:06.81,50,"23,22,47,19,42,40,39,49,5,6,35,10,34,43,46,44,37,14,15,45,4,24,28,38,11,17,26,2,29,21,1,32,25,7,30,27,33,31,41,3,12,0,8,13,20,16,18,48,9,36",23:12;22:53;47:28;19:62;42:49;40:51;39:55;49:54;5:40;6:40;35:70;10:22;34:63;43:24;46:19;44:45;37:10;14:29;15:48;45:47;4:35;24:25;28:56;38:43;11:10;17:43;26:51;2:52;29:37;21:49;1:29;32:33;25:35;7:22;30:40;27:57;33:57;31:28;41:25;3:43;12:14;0:57;8:49;13:24;20:50;16:54;18:12;48:30;9:24;36:44,"23:[2];22:[0,1,2,3,7];47:[0,7];19:[0,1,2,3,5,7];42:[2,3,4,5];40:[1,4,5,6,7];39:[0,2,4,5,7];49:[0,2,3,5,7];5:[1,4,6,7];6:[1,4,5,7];35:[0,1,2,3,5,6,7];10:[2,6];34:[0,2,3,4,6,7];43:[2,5];46:[0];44:[0,1,3,7];37:[7];14:[0,2];15:[2,3,6,7];45:[0,4,5,7];4:[1,3,5];24:[0,3];28:[0,2,4,5,6];38:[0,4,6,7];11:[1];17:[0,1,4,7];26:[1,2,3,4,7];2:[0,1,2,3,5];29:[0,1,5];21:[1,2,3,5];1:[0,3];32:[1,4,5];25:[0,2,7];7:[6,7];30:[0,2,3,7];27:[0,4,5,6,7];33:[0,1,2,3,4];31:[1,3];41:[0,3];3:[0,1,5,6];12:[3];0:[1,2,5,6,7];8:[0,4,6,7];13:[0,3];20:[0,2,3,5,7];16:[0,1,3,6,7];18:[3];48:[2,3,7];9:[0,3];36:[0,2,4,6]","c23:bw=12,experts=[2]; c22:bw=53,experts=[0,1,2,3,7]; c47:bw=28,experts=[0,7]; c19:bw=62,experts=[0,1,2,3,5,7]; c42:bw=49,experts=[2,3,4,5]; c40:bw=51,experts=[1,4,5,6,7]; c39:bw=55,experts=[0,2,4,5,7]; c49:bw=54,experts=[0,2,3,5,7]; c5:bw=40,experts=[1,4,6,7]; c6:bw=40,experts=[1,4,5,7]; c35:bw=70,experts=[0,1,2,3,5,6,7]; c10:bw=22,experts=[2,6]; c34:bw=63,experts=[0,2,3,4,6,7]; c43:bw=24,experts=[2,5]; c46:bw=19,experts=[0]; c44:bw=45,experts=[0,1,3,7]; c37:bw=10,experts=[7]; c14:bw=29,experts=[0,2]; c15:bw=48,experts=[2,3,6,7]; c45:bw=47,experts=[0,4,5,7]; c4:bw=35,experts=[1,3,5]; c24:bw=25,experts=[0,3]; c28:bw=56,experts=[0,2,4,5,6]; c38:bw=43,experts=[0,4,6,7]; c11:bw=10,experts=[1]; c17:bw=43,experts=[0,1,4,7]; c26:bw=51,experts=[1,2,3,4,7]; c2:bw=52,experts=[0,1,2,3,5]; c29:bw=37,experts=[0,1,5]; c21:bw=49,experts=[1,2,3,5]; c1:bw=29,experts=[0,3]; c32:bw=33,experts=[1,4,5]; c25:bw=35,experts=[0,2,7]; c7:bw=22,experts=[6,7]; c30:bw=40,experts=[0,2,3,7]; c27:bw=57,experts=[0,4,5,6,7]; c33:bw=57,experts=[0,1,2,3,4]; c31:bw=28,experts=[1,3]; c41:bw=25,experts=[0,3]; c3:bw=43,experts=[0,1,5,6]; c12:bw=14,experts=[3]; c0:bw=57,experts=[1,2,5,6,7]; c8:bw=49,experts=[0,4,6,7]; c13:bw=24,experts=[0,3]; c20:bw=50,experts=[0,2,3,5,7]; c16:bw=54,experts=[0,1,3,6,7]; c18:bw=12,experts=[3]; c48:bw=30,experts=[2,3,7]; c9:bw=24,experts=[0,3]; c36:bw=44,experts=[0,2,4,6]","1.1705,1.2874,0.6689,0.9472,0.9465,0.9978,1.0099,2.5025,1.5347,1.1830,0.8717,0.9239,0.8383,0.8016,0.7565,0.7010,0.7948,1.3014,0.7634,1.5413,1.1601,0.7199,0.8033,0.6246,0.7412,0.7860,1.1740,0.6067,1.1756,1.3778,0.9077,1.1648,1.8940,0.6057,1.0185,1.0961,1.0335,1.0989,0.4172,1.0503,0.6183,0.4134,0.7358,0.7441,1.1941,1.5675,0.9341,0.6122,1.0169,0.7795"
17,2026-09-23 23:28:48,Ours,0.01,3.502992418902496,13.83,13.83,17,51.4132,0:51.41,49.6245,0.635,1.1487,898.236,14:58.24,50,"25,0,11,38,6,48,30,17,34,2,8,13,45,47,46,7,27,21,22,43,18,31,15,24,10,12,42,20,5,1,39,44,19,35,36,40,9,3,28,4,16,41,29,49,23,32,37,33,26,14",25:27;0:11;11:10;38:58;6:39;48:10;30:10;17:11;34:57;2:19;8:10;13:27;45:42;47:46;46:39;7:25;27:27;21:10;22:31;43:10;18:31;31:44;15:50;24:40;10:44;12:74;42:18;20:58;5:10;1:29;39:10;44:60;19:40;35:48;36:21;40:10;9:37;3:52;28:18;4:58;16:30;41:61;29:48;49:27;23:39;32:31;37:21;33:23;26:43;14:33,"25:[1,3];0:[5];11:[6];38:[1,2,3,6,7];6:[3,4,7];48:[7];30:[1];17:[7];34:[1,3,4,6,7];2:[1];8:[6];13:[0,6];45:[0,1,2,6];47:[0,2,5,6];46:[1,2,7];7:[4,6];27:[1,6];21:[2];22:[3,4,5];43:[7];18:[0,1,3];31:[1,3,5,7];15:[0,1,3,4,7];24:[1,2,4,6];10:[1,2,3,7];12:[0,2,3,4,5,6,7];42:[1];20:[0,2,3,5,7];5:[6];1:[4,7];39:[5];44:[0,3,4,5,6,7];19:[0,3,6,7];35:[1,2,4,5];36:[4,6];40:[4];9:[1,5,7];3:[1,2,3,5,6];28:[0];4:[0,1,3,4,5];16:[1,2,3];41:[0,1,2,3,5,7];29:[0,3,5,6];49:[4,5];23:[0,1,6];32:[4,6,7];37:[1,4];33:[4,5];26:[0,1,3,4];14:[4,6,7]","c25:bw=27,experts=[1,3]; c0:bw=11,experts=[5]; c11:bw=10,experts=[6]; c38:bw=58,experts=[1,2,3,6,7]; c6:bw=39,experts=[3,4,7]; c48:bw=10,experts=[7]; c30:bw=10,experts=[1]; c17:bw=11,experts=[7]; c34:bw=57,experts=[1,3,4,6,7]; c2:bw=19,experts=[1]; c8:bw=10,experts=[6]; c13:bw=27,experts=[0,6]; c45:bw=42,experts=[0,1,2,6]; c47:bw=46,experts=[0,2,5,6]; c46:bw=39,experts=[1,2,7]; c7:bw=25,experts=[4,6]; c27:bw=27,experts=[1,6]; c21:bw=10,experts=[2]; c22:bw=31,experts=[3,4,5]; c43:bw=10,experts=[7]; c18:bw=31,experts=[0,1,3]; c31:bw=44,experts=[1,3,5,7]; c15:bw=50,experts=[0,1,3,4,7]; c24:bw=40,experts=[1,2,4,6]; c10:bw=44,experts=[1,2,3,7]; c12:bw=74,experts=[0,2,3,4,5,6,7]; c42:bw=18,experts=[1]; c20:bw=58,experts=[0,2,3,5,7]; c5:bw=10,experts=[6]; c1:bw=29,experts=[4,7]; c39:bw=10,experts=[5]; c44:bw=60,experts=[0,3,4,5,6,7]; c19:bw=40,experts=[0,3,6,7]; c35:bw=48,experts=[1,2,4,5]; c36:bw=21,experts=[4,6]; c40:bw=10,experts=[4]; c9:bw=37,experts=[1,5,7]; c3:bw=52,experts=[1,2,3,5,6]; c28:bw=18,experts=[0]; c4:bw=58,experts=[0,1,3,4,5]; c16:bw=30,experts=[1,2,3]; c41:bw=61,experts=[0,1,2,3,5,7]; c29:bw=48,experts=[0,3,5,6]; c49:bw=27,experts=[4,5]; c23:bw=39,experts=[0,1,6]; c32:bw=31,experts=[4,6,7]; c37:bw=21,experts=[1,4]; c33:bw=23,experts=[4,5]; c26:bw=43,experts=[0,1,3,4]; c14:bw=33,experts=[4,6,7]","1.9360,0.4250,0.7538,0.6315,1.1772,0.6174,1.0338,0.7955,0.8318,0.6072,0.7538,0.7510,1.5524,0.6723,0.7547,0.6068,1.1067,1.3900,1.2803,0.7900,0.9497,1.0985,0.7613,0.7183,0.9180,0.6235,0.9365,1.2087,1.5132,0.9147,0.9926,0.6949,0.9355,0.8572,0.7757,0.9857,1.0075,1.0451,0.7895,1.1417,1.5633,0.4158,1.1952,2.4711,1.1637,1.1916,0.7914,1.0332,1.1667,1.2969"
18,2026-09-23 23:29:49,Ours,0.01,3.441106369178611,13.76,13.83,17,60.4957,1:00.50,58.5366,0.7288,1.225,958.7494,15:58.75,50,"32,28,12,22,18,36,37,40,1,29,6,39,9,42,43,19,47,46,2,34,7,45,3,16,15,10,23,30,44,31,14,24,35,8,26,38,13,33,25,11,48,0,5,49,21,41,27,17,4,20",32:30;28:43;12:18;22:49;18:60;36:54;37:51;40:17;1:10;29:39;6:31;39:37;9:19;42:14;43:55;19:33;47:45;46:52;2:37;34:38;7:55;45:22;3:37;16:38;15:51;10:27;23:56;30:70;44:18;31:10;14:40;24:30;35:41;8:10;26:57;38:60;13:43;33:63;25:32;11:57;48:44;0:49;5:35;49:28;21:26;41:34;27:31;17:50;4:56;20:45,"32:[2,3,5];28:[0,1,5,6];12:[1];22:[0,3,5,6];18:[0,1,2,5,6,7];36:[1,2,3,4,5];37:[1,2,3,4,7];40:[7];1:[6];29:[0,4,5];6:[5,6,7];39:[0,5,6];9:[1];42:[4];43:[0,2,4,6,7];19:[2,4,6];47:[0,2,5,7];46:[0,1,2,6,7];2:[3,4,5];34:[0,1,3];7:[2,3,4,5,6];45:[1,7];3:[1,2,5];16:[1,2,4];15:[0,1,2,3,4];10:[2,4];23:[1,2,3,5,7];30:[0,1,3,4,5,6,7];44:[3];31:[6];14:[1,2,4,7];24:[1,5,6];35:[2,3,4,6];8:[6];26:[0,2,4,5,6];38:[0,1,2,3,5,6];13:[1,2,3,7];33:[1,2,3,4,5,7];25:[2,3,5];11:[0,2,4,5,7];48:[1,5,6,7];0:[1,2,4,5];5:[3,5,7];49:[1,6];21:[4,6];41:[1,2,4];27:[0,3,7];17:[0,1,2,3,7];4:[0,1,3,5,7];20:[1,2,4,6]","c32:bw=30,experts=[2,3,5]; c28:bw=43,experts=[0,1,5,6]; c12:bw=18,experts=[1]; c22:bw=49,experts=[0,3,5,6]; c18:bw=60,experts=[0,1,2,5,6,7]; c36:bw=54,experts=[1,2,3,4,5]; c37:bw=51,experts=[1,2,3,4,7]; c40:bw=17,experts=[7]; c1:bw=10,experts=[6]; c29:bw=39,experts=[0,4,5]; c6:bw=31,experts=[5,6,7]; c39:bw=37,experts=[0,5,6]; c9:bw=19,experts=[1]; c42:bw=14,experts=[4]; c43:bw=55,experts=[0,2,4,6,7]; c19:bw=33,experts=[2,4,6]; c47:bw=45,experts=[0,2,5,7]; c46:bw=52,experts=[0,1,2,6,7]; c2:bw=37,experts=[3,4,5]; c34:bw=38,experts=[0,1,3]; c7:bw=55,experts=[2,3,4,5,6]; c45:bw=22,experts=[1,7]; c3:bw=37,experts=[1,2,5]; c16:bw=38,experts=[1,2,4]; c15:bw=51,experts=[0,1,2,3,4]; c10:bw=27,experts=[2,4]; c23:bw=56,experts=[1,2,3,5,7]; c30:bw=70,experts=[0,1,3,4,5,6,7]; c44:bw=18,experts=[3]; c31:bw=10,experts=[6]; c14:bw=40,experts=[1,2,4,7]; c24:bw=30,experts=[1,5,6]; c35:bw=41,experts=[2,3,4,6]; c8:bw=10,experts=[6]; c26:bw=57,experts=[0,2,4,5,6]; c38:bw=60,experts=[0,1,2,3,5,6]; c13:bw=43,experts=[1,2,3,7]; c33:bw=63,experts=[1,2,3,4,5,7]; c25:bw=32,experts=[2,3,5]; c11:bw=57,experts=[0,2,4,5,7]; c48:bw=44,experts=[1,5,6,7]; c0:bw=49,experts=[1,2,4,5]; c5:bw=35,experts=[3,5,7]; c49:bw=28,experts=[1,6]; c21:bw=26,experts=[4,6]; c41:bw=34,experts=[1,2,4]; c27:bw=31,experts=[0,3,7]; c17:bw=50,experts=[0,1,2,3,7]; c4:bw=56,experts=[0,1,3,5,7]; c20:bw=45,experts=[1,2,4,6]","1.2807,1.0043,0.9251,1.6341,1.2263,0.9456,0.9730,1.2205,1.1984,1.3325,1.5133,1.3533,1.3774,1.2482,1.0651,1.2491,0.8853,0.9736,0.7536,1.0520,0.7543,1.7586,1.3006,1.8023,0.8361,1.0111,1.2255,1.2042,0.7753,1.2331,1.4366,0.7824,0.9323,0.8252,1.3424,0.6963,0.8282,1.1241,2.0883,0.8521,0.7000,0.4742,1.6763,2.7649,1.5905,0.4729,1.2466,0.9376,1.3587,1.2943"
19,2026-09-23 23:30:43,Ours,0.01,3.394303676561937,13.84,13.84,19,53.7101,0:53.71,51.8896,0.6498,1.1654,1012.4832,16:52.48,50,"10,47,13,15,23,6,18,20,5,4,28,26,33,11,0,31,7,29,1,41,48,40,43,30,8,49,38,3,32,19,12,35,39,25,21,16,9,27,36,24,14,34,37,17,44,42,45,22,46,2",10:35;47:28;13:10;15:39;23:15;6:66;18:31;20:21;5:29;4:51;28:10;26:33;33:70;11:20;0:42;31:32;7:22;29:36;1:46;41:64;48:20;40:38;43:15;30:25;8:56;49:50;38:43;3:40;32:59;19:37;12:54;35:30;39:20;25:59;21:52;16:13;9:38;27:34;36:21;24:45;14:30;34:52;37:12;17:67;44:22;42:18;45:62;22:29;46:14;2:14,"10:[1,3,4];47:[0,2];13:[2];15:[3,4,5];23:[7];6:[0,1,3,4,5,6];18:[2,4,5];20:[0,3];5:[3,7];4:[1,2,4,5,7];28:[5];26:[0,2,3];33:[1,2,3,4,5,6,7];11:[1,3];0:[2,3,4,7];31:[1,3,6];7:[3,6];29:[3,4,6];1:[0,1,5,7];41:[0,1,3,4,5,7];48:[0,7];40:[0,1,2];43:[6];30:[1,4];8:[0,3,4,5,7];49:[0,1,2,4,7];38:[1,4,5,6];3:[0,4,5,7];32:[0,1,4,5,7];19:[2,3,5];12:[1,3,4,6,7];35:[4,6,7];39:[0,2];25:[0,3,4,6,7];21:[1,3,4,6,7];16:[6];9:[1,4,5];27:[0,2,4];36:[1,2];24:[0,1,2,3];14:[0,3,6];34:[0,1,3,4,6];37:[6];17:[1,2,3,4,5,7];44:[5,6];42:[0];45:[0,1,3,4,6,7];22:[2,6];46:[5];2:[1]","c10:bw=35,experts=[1,3,4]; c47:bw=28,experts=[0,2]; c13:bw=10,experts=[2]; c15:bw=39,experts=[3,4,5]; c23:bw=15,experts=[7]; c6:bw=66,experts=[0,1,3,4,5,6]; c18:bw=31,experts=[2,4,5]; c20:bw=21,experts=[0,3]; c5:bw=29,experts=[3,7]; c4:bw=51,experts=[1,2,4,5,7]; c28:bw=10,experts=[5]; c26:bw=33,experts=[0,2,3]; c33:bw=70,experts=[1,2,3,4,5,6,7]; c11:bw=20,experts=[1,3]; c0:bw=42,experts=[2,3,4,7]; c31:bw=32,experts=[1,3,6]; c7:bw=22,experts=[3,6]; c29:bw=36,experts=[3,4,6]; c1:bw=46,experts=[0,1,5,7]; c41:bw=64,experts=[0,1,3,4,5,7]; c48:bw=20,experts=[0,7]; c40:bw=38,experts=[0,1,2]; c43:bw=15,experts=[6]; c30:bw=25,experts=[1,4]; c8:bw=56,experts=[0,3,4,5,7]; c49:bw=50,experts=[0,1,2,4,7]; c38:bw=43,experts=[1,4,5,6]; c3:bw=40,experts=[0,4,5,7]; c32:bw=59,experts=[0,1,4,5,7]; c19:bw=37,experts=[2,3,5]; c12:bw=54,experts=[1,3,4,6,7]; c35:bw=30,experts=[4,6,7]; c39:bw=20,experts=[0,2]; c25:bw=59,experts=[0,3,4,6,7]; c21:bw=52,experts=[1,3,4,6,7]; c16:bw=13,experts=[6]; c9:bw=38,experts=[1,4,5]; c27:bw=34,experts=[0,2,4]; c36:bw=21,experts=[1,2]; c24:bw=45,experts=[0,1,2,3]; c14:bw=30,experts=[0,3,6]; c34:bw=52,experts=[0,1,3,4,6]; c37:bw=12,experts=[6]; c17:bw=67,experts=[1,2,3,4,5,7]; c44:bw=22,experts=[5,6]; c42:bw=18,experts=[0]; c45:bw=62,experts=[0,1,3,4,6,7]; c22:bw=29,experts=[2,6]; c46:bw=14,experts=[5]; c2:bw=14,experts=[1]","1.0706,0.7095,0.7959,0.7877,1.2108,1.3071,1.0299,1.2556,1.6043,1.2780,1.0321,1.3630,1.2178,0.7966,0.4515,1.1567,0.6293,1.3413,0.9511,0.4331,0.6321,1.0030,0.8209,1.0589,0.7926,2.6165,0.6350,1.0611,1.2021,0.9519,0.6317,0.8730,1.0138,1.9261,1.4283,1.5884,1.0464,1.1009,0.7776,0.7230,1.3039,0.8280,0.8026,0.7914,0.7005,0.9386,1.5492,1.2877,0.7667,0.6159"
20,2026-09-23 23:31:35,Ours,0.01,3.4059906620059537,15.37,15.37,20,52.3815,0:52.38,50.4196,0.7016,1.2552,1064.8836,17:44.88,50,"6,39,13,48,0,22,45,26,17,15,33,4,11,12,35,9,7,28,25,47,18,24,16,46,31,14,42,40,27,19,1,43,34,37,38,2,8,23,30,41,10,29,3,44,49,20,21,32,36,5",6:68;39:41;13:40;48:31;0:28;22:75;45:13;26:31;17:48;15:19;33:34;4:59;11:10;12:44;35:36;9:17;7:43;28:34;25:21;47:33;18:21;24:43;16:40;46:29;31:10;14:30;42:41;40:10;27:42;19:48;1:40;43:44;34:11;37:48;38:35;2:41;8:50;23:37;30:51;41:15;10:16;29:17;3:18;44:60;49:46;20:58;21:44;32:63;36:46;5:10,"6:[0,1,3,4,5,7];39:[0,1,3,5];13:[4,5,6,7];48:[3,4,5];0:[1,7];22:[0,1,2,3,4,5,7];45:[6];26:[3,5,7];17:[1,2,4,6];15:[2];33:[2,5,7];4:[0,2,3,4,7];11:[1];12:[0,1,5,7];35:[1,4,5];9:[4];7:[0,2,5,7];28:[2,5,6];25:[6,7];47:[0,4,6];18:[2,6];24:[0,1,3,6];16:[1,2,3,5];46:[3,7];31:[3];14:[4,5,7];42:[0,3,4,7];40:[0];27:[1,2,4,7];19:[0,3,4,6];1:[0,2,5,6];43:[2,3,4,7];34:[0];37:[0,3,5,7];38:[2,3,4];2:[0,1,3,6];8:[0,1,3,4,7];23:[2,4,5];30:[0,1,3,4,7];41:[5];10:[3];29:[1];3:[2];44:[0,2,4,5,6,7];49:[0,1,5,7];20:[0,3,4,5,7];21:[0,3,5,6];32:[1,2,3,5,6,7];36:[0,2,4,5];5:[5]","c6:bw=68,experts=[0,1,3,4,5,7]; c39:bw=41,experts=[0,1,3,5]; c13:bw=40,experts=[4,5,6,7]; c48:bw=31,experts=[3,4,5]; c0:bw=28,experts=[1,7]; c22:bw=75,experts=[0,1,2,3,4,5,7]; c45:bw=13,experts=[6]; c26:bw=31,experts=[3,5,7]; c17:bw=48,experts=[1,2,4,6]; c15:bw=19,experts=[2]; c33:bw=34,experts=[2,5,7]; c4:bw=59,experts=[0,2,3,4,7]; c11:bw=10,experts=[1]; c12:bw=44,experts=[0,1,5,7]; c35:bw=36,experts=[1,4,5]; c9:bw=17,experts=[4]; c7:bw=43,experts=[0,2,5,7]; c28:bw=34,experts=[2,5,6]; c25:bw=21,experts=[6,7]; c47:bw=33,experts=[0,4,6]; c18:bw=21,experts=[2,6]; c24:bw=43,experts=[0,1,3,6]; c16:bw=40,experts=[1,2,3,5]; c46:bw=29,experts=[3,7]; c31:bw=10,experts=[3]; c14:bw=30,experts=[4,5,7]; c42:bw=41,experts=[0,3,4,7]; c40:bw=10,experts=[0]; c27:bw=42,experts=[1,2,4,7]; c19:bw=48,experts=[0,3,4,6]; c1:bw=40,experts=[0,2,5,6]; c43:bw=44,experts=[2,3,4,7]; c34:bw=11,experts=[0]; c37:bw=48,experts=[0,3,5,7]; c38:bw=35,experts=[2,3,4]; c2:bw=41,experts=[0,1,3,6]; c8:bw=50,experts=[0,1,3,4,7]; c23:bw=37,experts=[2,4,5]; c30:bw=51,experts=[0,1,3,4,7]; c41:bw=15,experts=[5]; c10:bw=16,experts=[3]; c29:bw=17,experts=[1]; c3:bw=18,experts=[2]; c44:bw=60,experts=[0,2,4,5,6,7]; c49:bw=46,experts=[0,1,5,7]; c20:bw=58,experts=[0,3,4,5,7]; c21:bw=44,experts=[0,3,5,6]; c32:bw=63,experts=[1,2,3,5,6,7]; c36:bw=46,experts=[0,2,4,5]; c5:bw=10,experts=[5]","1.2297,1.0683,0.7643,0.6274,0.4294,1.3011,1.5761,1.2053,0.8052,0.7697,1.0495,1.1705,0.7615,0.6677,0.8825,1.0380,0.6064,0.8068,1.9345,0.6702,0.9663,0.7307,1.5950,0.7619,1.1162,1.3102,0.9520,0.9907,1.1055,0.9523,0.9606,0.8400,0.8288,0.7941,0.6306,0.6149,0.7445,1.1695,1.0427,0.4246,0.9240,1.1736,1.0533,0.7036,2.4823,1.1779,1.3990,1.2147,0.7870,1.6090"
21,2026-09-23 23:32:29,Ours,0.01,3.338435119956486,17.21,17.21,21,53.4599,0:53.46,51.659,0.6419,1.1541,1118.364,18:38.36,50,"17,39,34,6,15,3,21,42,28,29,20,30,24,23,31,18,49,11,27,47,40,38,14,43,26,16,8,44,48,19,33,7,41,1,45,22,4,9,5,32,2,12,35,10,36,37,13,25,0,46",17:35;39:55;34:10;6:16;15:19;3:10;21:15;42:10;28:13;29:52;20:40;30:15;24:38;23:37;31:10;18:60;49:63;11:23;27:33;47:47;40:31;38:35;14:31;43:59;26:45;16:33;8:18;44:45;48:56;19:58;33:39;7:12;41:42;1:41;45:45;22:48;4:48;9:25;5:32;32:66;2:39;12:38;35:56;10:40;36:53;37:21;13:23;25:39;0:66;46:44,"17:[0,4,6];39:[0,1,3,6,7];34:[4];6:[0];15:[5];3:[5];21:[6];42:[6];28:[5];29:[1,4,5,6,7];20:[0,2,4,6];30:[7];24:[2,5,6];23:[2,6,7];31:[4];18:[1,2,3,4,6,7];49:[0,1,2,4,5,6];11:[0,4];27:[2,5,7];47:[2,4,5,6];40:[1,2,4];38:[0,3,6];14:[1,2,7];43:[0,2,3,6,7];26:[0,2,3,6];16:[3,4,7];8:[3];44:[0,2,5,7];48:[1,2,3,4,6];19:[0,2,3,4,7];33:[0,1,6];7:[2];41:[0,4,5,6];1:[0,5,6,7];45:[0,3,5,6];22:[1,2,5,6];4:[1,2,4,7];9:[4,5];5:[1,2,4];32:[0,1,2,3,4,6];2:[2,4,6];12:[0,2,3];35:[0,3,5,6,7];10:[1,3,4,6];36:[0,1,4,5,6];37:[2,7];13:[4,5];25:[1,4,6];0:[0,1,2,3,4,7];46:[0,1,3,6]","c17:bw=35,experts=[0,4,6]; c39:bw=55,experts=[0,1,3,6,7]; c34:bw=10,experts=[4]; c6:bw=16,experts=[0]; c15:bw=19,experts=[5]; c3:bw=10,experts=[5]; c21:bw=15,experts=[6]; c42:bw=10,experts=[6]; c28:bw=13,experts=[5]; c29:bw=52,experts=[1,4,5,6,7]; c20:bw=40,experts=[0,2,4,6]; c30:bw=15,experts=[7]; c24:bw=38,experts=[2,5,6]; c23:bw=37,experts=[2,6,7]; c31:bw=10,experts=[4]; c18:bw=60,experts=[1,2,3,4,6,7]; c49:bw=63,experts=[0,1,2,4,5,6]; c11:bw=23,experts=[0,4]; c27:bw=33,experts=[2,5,7]; c47:bw=47,experts=[2,4,5,6]; c40:bw=31,experts=[1,2,4]; c38:bw=35,experts=[0,3,6]; c14:bw=31,experts=[1,2,7]; c43:bw=59,experts=[0,2,3,6,7]; c26:bw=45,experts=[0,2,3,6]; c16:bw=33,experts=[3,4,7]; c8:bw=18,experts=[3]; c44:bw=45,experts=[0,2,5,7]; c48:bw=56,experts=[1,2,3,4,6]; c19:bw=58,experts=[0,2,3,4,7]; c33:bw=39,experts=[0,1,6]; c7:bw=12,experts=[2]; c41:bw=42,experts=[0,4,5,6]; c1:bw=41,experts=[0,5,6,7]; c45:bw=45,experts=[0,3,5,6]; c22:bw=48,experts=[1,2,5,6]; c4:bw=48,experts=[1,2,4,7]; c9:bw=25,experts=[4,5]; c5:bw=32,experts=[1,2,4]; c32:bw=66,experts=[0,1,2,3,4,6]; c2:bw=39,experts=[2,4,6]; c12:bw=38,experts=[0,2,3]; c35:bw=56,experts=[0,3,5,6,7]; c10:bw=40,experts=[1,3,4,6]; c36:bw=53,experts=[0,1,4,5,6]; c37:bw=21,experts=[2,7]; c13:bw=23,experts=[4,5]; c25:bw=39,experts=[1,4,6]; c0:bw=66,experts=[0,1,2,3,4,7]; c46:bw=44,experts=[0,1,3,6]","0.8893,1.1220,0.9055,1.2945,0.8337,1.1571,1.5400,1.0760,0.8909,1.3424,1.4467,1.1780,0.7838,1.1917,1.1176,0.9693,2.5400,0.7616,1.1060,0.6729,1.0056,0.6220,1.3152,0.8082,1.1812,1.5995,0.7518,0.6984,0.6248,0.9502,1.0425,0.6054,0.4276,0.9226,1.5440,1.3071,1.1738,1.0198,1.5298,1.1769,0.6079,0.6210,0.8631,0.9587,0.8178,0.7940,0.7689,1.9285,0.4219,0.7517"
22,2026-09-23 23:33:21,Ours,0.01,3.3307426705826657,16.92,17.21,21,51.997,0:52.00,50.215,0.6457,1.1313,1170.3796,19:30.38,50,"21,43,23,8,11,12,15,10,40,39,9,42,27,44,2,26,5,6,19,35,45,46,1,33,47,28,16,37,0,14,30,22,32,31,41,7,17,38,24,3,25,48,18,4,49,20,34,29,13,36",21:23;43:32;23:28;8:33;11:43;12:64;15:66;10:10;40:56;39:38;9:33;42:16;27:61;44:20;2:66;26:61;5:17;6:61;19:45;35:52;45:18;46:41;1:10;33:69;47:47;28:42;16:34;37:43;0:67;14:48;30:37;22:44;32:64;31:45;41:56;7:16;17:62;38:23;24:25;3:56;25:13;48:10;18:15;4:36;49:53;20:25;34:32;29:54;13:34;36:10,"21:[2,4];43:[1,2,5];23:[4,7];8:[0,2,5];11:[0,4,6,7];12:[0,1,2,4,5,7];15:[0,2,3,4,5,7];10:[3];40:[0,1,2,3,6];39:[3,5,6];9:[1,3,4];42:[0];27:[0,1,4,5,6,7];44:[0,4];2:[0,1,3,4,6,7];26:[0,1,2,5,6,7];5:[0];6:[0,1,2,3,4,7];19:[0,1,3,7];35:[0,1,2,3,7];45:[6];46:[0,1,4,6];1:[1];33:[0,1,2,3,4,7];47:[3,4,5,6];28:[3,5,6,7];16:[0,3,5];37:[1,2,4,6];0:[0,2,3,4,6,7];14:[1,2,3,5];30:[0,1,4];22:[1,3,5,6];32:[0,1,4,5,6,7];31:[2,3,4,7];41:[1,2,4,5,7];7:[1];17:[0,1,2,3,4,7];38:[2,4];24:[1,3];3:[1,3,4,5,7];25:[1];48:[2];18:[2];4:[2,4,7];49:[0,1,3,4,7];20:[1,2];34:[0,3,6];29:[2,4,5,6,7];13:[0,5,7];36:[3]","c21:bw=23,experts=[2,4]; c43:bw=32,experts=[1,2,5]; c23:bw=28,experts=[4,7]; c8:bw=33,experts=[0,2,5]; c11:bw=43,experts=[0,4,6,7]; c12:bw=64,experts=[0,1,2,4,5,7]; c15:bw=66,experts=[0,2,3,4,5,7]; c10:bw=10,experts=[3]; c40:bw=56,experts=[0,1,2,3,6]; c39:bw=38,experts=[3,5,6]; c9:bw=33,experts=[1,3,4]; c42:bw=16,experts=[0]; c27:bw=61,experts=[0,1,4,5,6,7]; c44:bw=20,experts=[0,4]; c2:bw=66,experts=[0,1,3,4,6,7]; c26:bw=61,experts=[0,1,2,5,6,7]; c5:bw=17,experts=[0]; c6:bw=61,experts=[0,1,2,3,4,7]; c19:bw=45,experts=[0,1,3,7]; c35:bw=52,experts=[0,1,2,3,7]; c45:bw=18,experts=[6]; c46:bw=41,experts=[0,1,4,6]; c1:bw=10,experts=[1]; c33:bw=69,experts=[0,1,2,3,4,7]; c47:bw=47,experts=[3,4,5,6]; c28:bw=42,experts=[3,5,6,7]; c16:bw=34,experts=[0,3,5]; c37:bw=43,experts=[1,2,4,6]; c0:bw=67,experts=[0,2,3,4,6,7]; c14:bw=48,experts=[1,2,3,5]; c30:bw=37,experts=[0,1,4]; c22:bw=44,experts=[1,3,5,6]; c32:bw=64,experts=[0,1,4,5,6,7]; c31:bw=45,experts=[2,3,4,7]; c41:bw=56,experts=[1,2,4,5,7]; c7:bw=16,experts=[1]; c17:bw=62,experts=[0,1,2,3,4,7]; c38:bw=23,experts=[2,4]; c24:bw=25,experts=[1,3]; c3:bw=56,experts=[1,3,4,5,7]; c25:bw=13,experts=[1]; c48:bw=10,experts=[2]; c18:bw=15,experts=[2]; c4:bw=36,experts=[2,4,7]; c49:bw=53,experts=[0,1,3,4,7]; c20:bw=25,experts=[1,2]; c34:bw=32,experts=[0,3,6]; c29:bw=54,experts=[2,4,5,6,7]; c13:bw=34,experts=[0,5,7]; c36:bw=10,experts=[3]","1.4254,0.8049,1.1865,0.7620,0.7598,0.6368,0.7669,0.9234,1.0199,1.0220,1.0579,0.9954,1.1389,0.7092,0.6387,1.2160,1.5327,1.1880,0.9465,0.8741,1.5522,0.7657,0.9216,1.0474,0.6841,0.8011,1.5767,0.8064,0.4274,1.2929,1.0315,1.2939,1.1924,1.1055,0.4236,0.6033,0.7912,0.6245,0.7197,1.0627,1.8973,0.6183,0.9463,1.1571,2.5427,1.1645,0.8238,1.1998,0.7499,0.7864"
23,2026-09-23 23:34:14,Ours,0.01,3.300706700323348,18.68,18.68,23,53.3366,0:53.34,51.5193,0.6448,1.1674,1223.7371,20:23.74,50,"22,47,20,2,8,0,24,13,25,17,16,6,15,29,5,31,40,19,48,10,44,27,34,18,43,38,11,45,33,39,41,7,28,14,23,35,30,12,37,46,42,4,9,1,21,3,49,26,36,32",22:62;47:34;20:44;2:32;8:35;0:11;24:40;13:54;25:18;17:70;16:56;6:10;15:29;29:43;5:52;31:15;40:27;19:21;48:21;10:67;44:53;27:18;34:14;18:26;43:17;38:65;11:52;45:33;33:28;39:32;41:24;7:15;28:26;14:52;23:70;35:43;30:60;12:26;37:10;46:34;42:11;4:56;9:50;1:62;21:55;3:15;49:37;26:35;36:57;32:43,"22:[0,1,2,3,5,6];47:[0,4,7];20:[1,2,4,5];2:[2,5,6];8:[1,4,7];0:[3];24:[0,3,4,6];13:[1,2,3,5,6];25:[6];17:[0,1,2,4,5,6,7];16:[0,1,4,6,7];6:[1];15:[2,7];29:[1,2,4,6];5:[0,3,5,6,7];31:[5];40:[1,6];19:[3,7];48:[2,5];10:[0,2,3,4,6,7];44:[0,2,4,5,7];27:[4];34:[6];18:[5,6];43:[2];38:[2,3,4,5,6,7];11:[0,3,5,6,7];45:[2,4,6];33:[1,3];39:[0,4,6];41:[2,6];7:[1];28:[0,5];14:[0,2,3,4,5];23:[1,2,3,4,5,6,7];35:[0,1,5,7];30:[0,2,3,4,5,6];12:[3,4];37:[5];46:[0,3,6];42:[4];4:[0,1,5,6,7];9:[0,1,2,4,7];1:[0,2,4,5,6,7];21:[2,3,4,5,7];3:[0];49:[2,4,7];26:[1,2,5];36:[0,4,5,6,7];32:[2,4,6,7]","c22:bw=62,experts=[0,1,2,3,5,6]; c47:bw=34,experts=[0,4,7]; c20:bw=44,experts=[1,2,4,5]; c2:bw=32,experts=[2,5,6]; c8:bw=35,experts=[1,4,7]; c0:bw=11,experts=[3]; c24:bw=40,experts=[0,3,4,6]; c13:bw=54,experts=[1,2,3,5,6]; c25:bw=18,experts=[6]; c17:bw=70,experts=[0,1,2,4,5,6,7]; c16:bw=56,experts=[0,1,4,6,7]; c6:bw=10,experts=[1]; c15:bw=29,experts=[2,7]; c29:bw=43,experts=[1,2,4,6]; c5:bw=52,experts=[0,3,5,6,7]; c31:bw=15,experts=[5]; c40:bw=27,experts=[1,6]; c19:bw=21,experts=[3,7]; c48:bw=21,experts=[2,5]; c10:bw=67,experts=[0,2,3,4,6,7]; c44:bw=53,experts=[0,2,4,5,7]; c27:bw=18,experts=[4]; c34:bw=14,experts=[6]; c18:bw=26,experts=[5,6]; c43:bw=17,experts=[2]; c38:bw=65,experts=[2,3,4,5,6,7]; c11:bw=52,experts=[0,3,5,6,7]; c45:bw=33,experts=[2,4,6]; c33:bw=28,experts=[1,3]; c39:bw=32,experts=[0,4,6]; c41:bw=24,experts=[2,6]; c7:bw=15,experts=[1]; c28:bw=26,experts=[0,5]; c14:bw=52,experts=[0,2,3,4,5]; c23:bw=70,experts=[1,2,3,4,5,6,7]; c35:bw=43,experts=[0,1,5,7]; c30:bw=60,experts=[0,2,3,4,5,6]; c12:bw=26,experts=[3,4]; c37:bw=10,experts=[5]; c46:bw=34,experts=[0,3,6]; c42:bw=11,experts=[4]; c4:bw=56,experts=[0,1,5,6,7]; c9:bw=50,experts=[0,1,2,4,7]; c1:bw=62,experts=[0,2,4,5,6,7]; c21:bw=55,experts=[2,3,4,5,7]; c3:bw=15,experts=[0]; c49:bw=37,experts=[2,4,7]; c26:bw=35,experts=[1,2,5]; c36:bw=57,experts=[0,4,5,6,7]; c32:bw=43,experts=[2,4,6,7]","1.3027,0.6729,1.1939,0.6117,0.7592,0.4222,0.7329,0.7574,1.9379,0.7954,1.6023,1.1813,0.7696,1.2040,1.5407,1.1267,1.0062,0.9475,0.6219,0.9174,0.7036,1.0992,0.8329,0.9625,0.7964,0.6246,0.7437,1.5440,1.0468,1.0152,0.4244,0.6038,0.9494,1.4157,1.2801,0.9382,1.1281,0.6817,0.8640,0.8374,1.0425,1.2648,1.1328,1.0137,1.5192,1.1470,2.6558,1.1676,0.7785,1.2018"
24,2026-09-23 23:35:06,Ours,0.01,3.2822149575092645,18.01,18.68,23,51.8796,0:51.88,50.0904,0.6465,1.1376,1275.636,21:15.64,50,"12,31,40,6,26,5,48,1,11,15,2,19,16,45,17,29,9,23,39,32,14,49,18,42,38,33,24,34,44,46,37,25,20,0,22,10,21,13,28,8,30,27,41,7,36,4,3,47,35,43",12:37;31:35;40:74;6:30;26:12;5:25;48:20;1:10;11:10;15:44;2:43;19:55;16:41;45:51;17:56;29:65;9:50;23:36;39:60;32:33;14:42;49:56;18:72;42:29;38:26;33:10;24:16;34:23;44:49;46:47;37:51;25:30;20:36;0:31;22:50;10:39;21:42;13:50;28:58;8:18;30:45;27:63;41:30;7:10;36:37;4:12;3:10;47:47;35:45;43:29,"12:[2,5,6];31:[0,1,7];40:[0,2,3,4,5,6,7];6:[0,4,6];26:[0];5:[1,5];48:[4,7];1:[0];11:[4];15:[0,2,6,7];2:[0,5,6,7];19:[0,1,2,3,6];16:[0,2,4,6];45:[1,2,4,5,7];17:[0,2,4,6,7];29:[0,1,2,4,6,7];9:[0,1,2,4,5];23:[0,1,5];39:[1,2,4,5,6,7];32:[0,4,7];14:[0,3,5,7];49:[0,2,3,5,6];18:[0,1,2,3,4,5,7];42:[1,3];38:[3,4];33:[6];24:[0];34:[0,3];44:[2,5,6,7];46:[3,4,5,6];37:[1,2,4,6,7];25:[1,4,5];20:[2,3,4];0:[4,5,6];22:[0,1,2,3,5];10:[1,3,7];21:[0,1,3,4];13:[0,1,2,3,4];28:[0,2,3,6,7];8:[0];30:[1,5,6,7];27:[1,2,3,5,6,7];41:[0,4,6];7:[5];36:[3,4,7];4:[5];3:[5];47:[3,5,6,7];35:[1,2,6,7];43:[5,7]","c12:bw=37,experts=[2,5,6]; c31:bw=35,experts=[0,1,7]; c40:bw=74,experts=[0,2,3,4,5,6,7]; c6:bw=30,experts=[0,4,6]; c26:bw=12,experts=[0]; c5:bw=25,experts=[1,5]; c48:bw=20,experts=[4,7]; c1:bw=10,experts=[0]; c11:bw=10,experts=[4]; c15:bw=44,experts=[0,2,6,7]; c2:bw=43,experts=[0,5,6,7]; c19:bw=55,experts=[0,1,2,3,6]; c16:bw=41,experts=[0,2,4,6]; c45:bw=51,experts=[1,2,4,5,7]; c17:bw=56,experts=[0,2,4,6,7]; c29:bw=65,experts=[0,1,2,4,6,7]; c9:bw=50,experts=[0,1,2,4,5]; c23:bw=36,experts=[0,1,5]; c39:bw=60,experts=[1,2,4,5,6,7]; c32:bw=33,experts=[0,4,7]; c14:bw=42,experts=[0,3,5,7]; c49:bw=56,experts=[0,2,3,5,6]; c18:bw=72,experts=[0,1,2,3,4,5,7]; c42:bw=29,experts=[1,3]; c38:bw=26,experts=[3,4]; c33:bw=10,experts=[6]; c24:bw=16,experts=[0]; c34:bw=23,experts=[0,3]; c44:bw=49,experts=[2,5,6,7]; c46:bw=47,experts=[3,4,5,6]; c37:bw=51,experts=[1,2,4,6,7]; c25:bw=30,experts=[1,4,5]; c20:bw=36,experts=[2,3,4]; c0:bw=31,experts=[4,5,6]; c22:bw=50,experts=[0,1,2,3,5]; c10:bw=39,experts=[1,3,7]; c21:bw=42,experts=[0,1,3,4]; c13:bw=50,experts=[0,1,2,3,4]; c28:bw=58,experts=[0,2,3,6,7]; c8:bw=18,experts=[0]; c30:bw=45,experts=[1,5,6,7]; c27:bw=63,experts=[1,2,3,5,6,7]; c41:bw=30,experts=[0,4,6]; c7:bw=10,experts=[5]; c36:bw=37,experts=[3,4,7]; c4:bw=12,experts=[5]; c3:bw=10,experts=[5]; c47:bw=47,experts=[3,5,6,7]; c35:bw=45,experts=[1,2,6,7]; c43:bw=29,experts=[5,7]","0.6351,1.1192,1.0106,1.1844,1.1803,1.5452,0.6372,0.9340,0.7527,0.7705,0.6227,0.9584,1.6126,1.5570,0.7994,1.2152,1.0404,1.1787,1.0183,1.2062,1.3011,2.5247,0.9567,0.9554,0.6343,1.0421,0.7408,0.8367,0.7007,0.7564,0.8051,1.8988,1.1817,0.4234,1.2806,0.9053,1.3967,0.7523,0.7995,0.7455,1.0347,1.0985,0.4256,0.6030,0.7763,1.1577,1.0527,0.6667,0.8597,0.7995"
25,2026-09-23 23:35:58,Ours,0.01,3.3012928845893965,19.05,19.05,25,51.9201,0:51.92,50.1234,0.6464,1.1453,1327.5787,22:07.58,50,"38,30,40,4,11,9,17,3,41,10,13,14,22,1,2,36,15,48,45,34,18,12,0,49,29,7,35,37,31,39,8,19,47,46,20,27,25,21,28,32,44,5,6,24,23,43,42,16,26,33",38:16;30:51;40:43;4:58;11:60;9:40;17:52;3:14;41:38;10:25;13:56;14:26;22:38;1:49;2:12;36:50;15:29;48:25;45:54;34:42;18:59;12:36;0:56;49:57;29:27;7:40;35:10;37:12;31:68;39:47;8:55;19:57;47:12;46:26;20:15;27:59;25:40;21:35;28:41;32:47;44:31;5:64;6:16;24:25;23:21;43:38;42:10;16:52;26:30;33:35,"38:[0];30:[0,2,4,5,7];40:[1,4,6,7];4:[0,1,3,4,7];11:[0,2,4,5,6,7];9:[1,3,5,7];17:[1,2,5,6,7];3:[0];41:[4,5,6];10:[0,6];13:[0,2,3,5,7];14:[0,5];22:[0,3,4];1:[0,3,4,5];2:[6];36:[0,1,2,4,7];15:[4,7];48:[0,5];45:[0,1,3,4,7];34:[3,4,6,7];18:[1,2,4,5,6];12:[1,3,4];0:[0,2,3,4,7];49:[0,2,3,5,7];29:[6,7];7:[0,4,5,7];35:[3];37:[3];31:[0,2,3,5,6,7];39:[0,3,6,7];8:[0,1,3,5,7];19:[1,2,3,5,7];47:[7];46:[3,7];20:[6];27:[0,1,2,4,7];25:[1,5,6,7];21:[0,3,5];28:[1,2,5,7];32:[2,3,4,7];44:[0,2,6];5:[0,3,4,5,6,7];6:[4];24:[2,5];23:[2,3];43:[2,6,7];42:[7];16:[0,1,2,3,6];26:[4,5,7];33:[0,1,5]","c38:bw=16,experts=[0]; c30:bw=51,experts=[0,2,4,5,7]; c40:bw=43,experts=[1,4,6,7]; c4:bw=58,experts=[0,1,3,4,7]; c11:bw=60,experts=[0,2,4,5,6,7]; c9:bw=40,experts=[1,3,5,7]; c17:bw=52,experts=[1,2,5,6,7]; c3:bw=14,experts=[0]; c41:bw=38,experts=[4,5,6]; c10:bw=25,experts=[0,6]; c13:bw=56,experts=[0,2,3,5,7]; c14:bw=26,experts=[0,5]; c22:bw=38,experts=[0,3,4]; c1:bw=49,experts=[0,3,4,5]; c2:bw=12,experts=[6]; c36:bw=50,experts=[0,1,2,4,7]; c15:bw=29,experts=[4,7]; c48:bw=25,experts=[0,5]; c45:bw=54,experts=[0,1,3,4,7]; c34:bw=42,experts=[3,4,6,7]; c18:bw=59,experts=[1,2,4,5,6]; c12:bw=36,experts=[1,3,4]; c0:bw=56,experts=[0,2,3,4,7]; c49:bw=57,experts=[0,2,3,5,7]; c29:bw=27,experts=[6,7]; c7:bw=40,experts=[0,4,5,7]; c35:bw=10,experts=[3]; c37:bw=12,experts=[3]; c31:bw=68,experts=[0,2,3,5,6,7]; c39:bw=47,experts=[0,3,6,7]; c8:bw=55,experts=[0,1,3,5,7]; c19:bw=57,experts=[1,2,3,5,7]; c47:bw=12,experts=[7]; c46:bw=26,experts=[3,7]; c20:bw=15,experts=[6]; c27:bw=59,experts=[0,1,2,4,7]; c25:bw=40,experts=[1,5,6,7]; c21:bw=35,experts=[0,3,5]; c28:bw=41,experts=[1,2,5,7]; c32:bw=47,experts=[2,3,4,7]; c44:bw=31,experts=[0,2,6]; c5:bw=64,experts=[0,3,4,5,6,7]; c6:bw=16,experts=[4]; c24:bw=25,experts=[2,5]; c23:bw=21,experts=[2,3]; c43:bw=38,experts=[2,6,7]; c42:bw=10,experts=[7]; c16:bw=52,experts=[0,1,2,3,6]; c26:bw=30,experts=[4,5,7]; c33:bw=35,experts=[0,1,5]","0.6406,1.0469,1.0231,1.1725,0.7555,1.0407,0.7992,1.0811,0.4377,0.9171,0.7593,1.3141,1.2865,0.9302,0.6177,0.8014,0.7689,0.6320,1.5497,0.8386,0.9657,0.6299,0.4262,2.5112,1.1904,0.6082,0.8722,0.7927,1.1196,1.0105,0.7565,0.9384,0.6700,0.7550,1.1744,1.1015,1.9135,1.4116,0.8234,1.1890,0.6993,1.5384,1.1717,0.7201,1.1714,0.8084,0.9437,1.5824,1.1872,1.0279"
26,2026-09-23 23:36:53,Ours,0.01,3.247701482614513,19.55,19.55,26,54.944,0:54.94,53.1407,0.6406,1.1574,1382.5431,23:02.54,50,"20,12,39,17,37,48,8,44,5,30,11,3,10,16,19,15,13,41,1,29,25,34,43,42,4,14,24,21,35,36,26,40,23,47,0,7,49,6,46,27,22,32,33,18,45,9,31,2,38,28",20:25;12:41;39:53;17:32;37:10;48:17;8:53;44:61;5:20;30:53;11:57;3:44;10:38;16:10;19:15;15:42;13:16;41:71;1:33;29:45;25:50;34:57;43:35;42:35;4:48;14:49;24:14;21:35;35:15;36:51;26:13;40:10;23:14;47:33;0:11;7:31;49:53;6:34;46:31;27:40;22:14;32:29;33:17;18:10;45:10;9:50;31:46;2:30;38:51;28:61,"20:[5,6];12:[2,3,6,7];39:[0,2,3,6,7];17:[1,3,5];37:[6];48:[4];8:[0,1,3,4,7];44:[0,2,4,5,6,7];5:[1,7];30:[0,1,4,5,6];11:[0,2,3,4,5];3:[0,1,6,7];10:[1,2,4];16:[7];19:[1];15:[2,3,6,7];13:[5];41:[0,1,2,3,4,5,7];1:[1,5,6];29:[0,4,6,7];25:[0,2,3,4,7];34:[1,3,4,6,7];43:[0,3,5];42:[1,4,7];4:[1,2,4,7];14:[0,2,5,6];24:[4];21:[0,3,6];35:[4];36:[0,1,4,5,7];26:[7];40:[0];23:[6];47:[1,4,7];0:[7];7:[0,1,4];49:[1,2,3,4,6];6:[0,4,5];46:[1,4,6];27:[0,3,4,5];22:[3];32:[0,7];33:[0];18:[3];45:[2];9:[1,2,4,6,7];31:[1,2,3,6];2:[3,6,7];38:[0,1,2,3,6];28:[1,3,4,5,6,7]","c20:bw=25,experts=[5,6]; c12:bw=41,experts=[2,3,6,7]; c39:bw=53,experts=[0,2,3,6,7]; c17:bw=32,experts=[1,3,5]; c37:bw=10,experts=[6]; c48:bw=17,experts=[4]; c8:bw=53,experts=[0,1,3,4,7]; c44:bw=61,experts=[0,2,4,5,6,7]; c5:bw=20,experts=[1,7]; c30:bw=53,experts=[0,1,4,5,6]; c11:bw=57,experts=[0,2,3,4,5]; c3:bw=44,experts=[0,1,6,7]; c10:bw=38,experts=[1,2,4]; c16:bw=10,experts=[7]; c19:bw=15,experts=[1]; c15:bw=42,experts=[2,3,6,7]; c13:bw=16,experts=[5]; c41:bw=71,experts=[0,1,2,3,4,5,7]; c1:bw=33,experts=[1,5,6]; c29:bw=45,experts=[0,4,6,7]; c25:bw=50,experts=[0,2,3,4,7]; c34:bw=57,experts=[1,3,4,6,7]; c43:bw=35,experts=[0,3,5]; c42:bw=35,experts=[1,4,7]; c4:bw=48,experts=[1,2,4,7]; c14:bw=49,experts=[0,2,5,6]; c24:bw=14,experts=[4]; c21:bw=35,experts=[0,3,6]; c35:bw=15,experts=[4]; c36:bw=51,experts=[0,1,4,5,7]; c26:bw=13,experts=[7]; c40:bw=10,experts=[0]; c23:bw=14,experts=[6]; c47:bw=33,experts=[1,4,7]; c0:bw=11,experts=[7]; c7:bw=31,experts=[0,1,4]; c49:bw=53,experts=[1,2,3,4,6]; c6:bw=34,experts=[0,4,5]; c46:bw=31,experts=[1,4,6]; c27:bw=40,experts=[0,3,4,5]; c22:bw=14,experts=[3]; c32:bw=29,experts=[0,7]; c33:bw=17,experts=[0]; c18:bw=10,experts=[3]; c45:bw=10,experts=[2]; c9:bw=50,experts=[1,2,4,6,7]; c31:bw=46,experts=[1,2,3,6]; c2:bw=30,experts=[3,6,7]; c38:bw=51,experts=[0,1,2,3,6]; c28:bw=61,experts=[1,3,4,5,6,7]","1.1969,0.6276,1.0165,0.8802,0.8082,0.6271,0.7534,0.7041,1.5293,1.0501,0.7560,1.0828,0.9226,1.6984,1.0492,0.8384,0.8335,0.4666,1.0511,1.3906,2.1939,0.9173,0.9332,1.0790,1.3058,1.4791,0.8276,1.5978,0.9523,0.8514,1.2592,1.0759,1.2687,0.7312,0.4567,0.6540,2.6936,1.2600,0.8168,1.1924,1.3973,1.1949,1.0602,0.9547,1.5290,1.0293,1.1104,0.6046,0.6259,0.8056"
27,2026-09-23 23:37:45,Ours,0.01,3.2531476548519715,18.68,19.55,26,51.9431,0:51.94,50.1326,0.6653,1.1402,1434.5093,23:54.51,50,"38,41,31,12,3,15,24,23,30,45,6,14,27,7,44,46,43,26,13,9,16,25,21,33,36,34,49,37,8,29,5,32,40,39,11,22,2,42,10,19,4,0,1,17,28,35,48,47,18,20",38:19;41:10;31:32;12:22;3:21;15:46;24:29;23:75;30:39;45:10;6:63;14:26;27:54;7:51;44:35;46:22;43:65;26:32;13:57;9:18;16:20;25:30;21:45;33:64;36:50;34:47;49:47;37:69;8:55;29:27;5:37;32:46;40:48;39:14;11:66;22:47;2:20;42:46;10:62;19:18;4:12;0:36;1:62;17:36;28:10;35:43;48:63;47:48;18:18;20:37,"38:[5];41:[6];31:[2,5,6];12:[1,4];3:[6,7];15:[1,2,3,4];24:[1,6];23:[1,2,3,4,5,6,7];30:[2,3,7];45:[0];6:[0,1,2,4,5,6];14:[1,2];27:[0,1,4,5,6];7:[0,2,3,6,7];44:[1,3,4];46:[0,1];43:[0,1,2,4,6,7];26:[2,6,7];13:[1,2,3,5,7];9:[2];16:[1,2];25:[1,3,7];21:[2,4,5,6];33:[0,1,2,3,6,7];36:[0,1,2,3,7];34:[3,4,5,7];49:[3,4,5,7];37:[0,2,3,5,6,7];8:[0,3,4,5,7];29:[2,7];5:[0,3,4];32:[2,3,5,7];40:[1,4,6,7];39:[4];11:[0,2,3,5,6,7];22:[0,2,6,7];2:[1,4];42:[0,3,4,5];10:[0,1,2,3,4,5];19:[2];4:[3];0:[0,2,5];1:[1,3,4,5,6,7];17:[0,1,5];28:[0];35:[0,5,6,7];48:[1,2,3,4,5,7];47:[1,2,3,7];18:[4];20:[4,6,7]","c38:bw=19,experts=[5]; c41:bw=10,experts=[6]; c31:bw=32,experts=[2,5,6]; c12:bw=22,experts=[1,4]; c3:bw=21,experts=[6,7]; c15:bw=46,experts=[1,2,3,4]; c24:bw=29,experts=[1,6]; c23:bw=75,experts=[1,2,3,4,5,6,7]; c30:bw=39,experts=[2,3,7]; c45:bw=10,experts=[0]; c6:bw=63,experts=[0,1,2,4,5,6]; c14:bw=26,experts=[1,2]; c27:bw=54,experts=[0,1,4,5,6]; c7:bw=51,experts=[0,2,3,6,7]; c44:bw=35,experts=[1,3,4]; c46:bw=22,experts=[0,1]; c43:bw=65,experts=[0,1,2,4,6,7]; c26:bw=32,experts=[2,6,7]; c13:bw=57,experts=[1,2,3,5,7]; c9:bw=18,experts=[2]; c16:bw=20,experts=[1,2]; c25:bw=30,experts=[1,3,7]; c21:bw=45,experts=[2,4,5,6]; c33:bw=64,experts=[0,1,2,3,6,7]; c36:bw=50,experts=[0,1,2,3,7]; c34:bw=47,experts=[3,4,5,7]; c49:bw=47,experts=[3,4,5,7]; c37:bw=69,experts=[0,2,3,5,6,7]; c8:bw=55,experts=[0,3,4,5,7]; c29:bw=27,experts=[2,7]; c5:bw=37,experts=[0,3,4]; c32:bw=46,experts=[2,3,5,7]; c40:bw=48,experts=[1,4,6,7]; c39:bw=14,experts=[4]; c11:bw=66,experts=[0,2,3,5,6,7]; c22:bw=47,experts=[0,2,6,7]; c2:bw=20,experts=[1,4]; c42:bw=46,experts=[0,3,4,5]; c10:bw=62,experts=[0,1,2,3,4,5]; c19:bw=18,experts=[2]; c4:bw=12,experts=[3]; c0:bw=36,experts=[0,2,5]; c1:bw=62,experts=[1,3,4,5,6,7]; c17:bw=36,experts=[0,1,5]; c28:bw=10,experts=[0]; c35:bw=43,experts=[0,5,6,7]; c48:bw=63,experts=[1,2,3,4,5,7]; c47:bw=48,experts=[1,2,3,7]; c18:bw=18,experts=[4]; c20:bw=37,experts=[4,6,7]","0.6328,0.4338,1.1161,0.6384,1.0744,0.7717,0.7331,1.1881,1.0428,1.5600,1.1888,1.3180,1.1086,0.6131,0.7110,0.7673,0.8200,1.1859,0.7555,1.0352,1.6140,1.9273,1.4265,1.0469,0.7764,0.8226,2.5168,0.8085,0.7538,1.2072,1.5272,1.1857,1.0020,1.0052,0.7453,1.2812,0.6058,0.9530,0.9076,0.9439,1.1566,0.4230,0.9276,0.7967,0.8028,0.8565,0.6255,0.6666,0.9460,1.1797"
28,2026-09-23 23:38:37,Ours,0.01,3.2371071851236435,20.72,20.72,28,52.4684,0:52.47,50.5352,0.6826,1.2453,1486.9998,24:47.00,50,"19,27,14,38,8,32,43,18,15,3,4,2,0,45,28,29,25,13,39,23,9,6,31,12,34,1,7,30,49,40,26,42,21,47,11,24,46,16,48,37,35,41,20,17,5,10,36,22,33,44",19:33;27:12;14:15;38:10;8:29;32:57;43:52;18:34;15:32;3:12;4:10;2:10;0:47;45:19;28:50;29:32;25:59;13:31;39:43;23:34;9:49;6:29;31:60;12:42;34:10;1:25;7:10;30:22;49:26;40:40;26:35;42:41;21:10;47:36;11:66;24:42;46:28;16:35;48:48;37:34;35:65;41:40;20:47;17:48;5:33;10:40;36:10;22:44;33:16;44:43,"19:[1,5,6];27:[0];14:[3];38:[6];8:[3,6];32:[0,2,3,4,6];43:[1,3,4,5,6];18:[3,5,6];15:[4,5,7];3:[3];4:[2];2:[7];0:[0,2,4,7];45:[1];28:[1,3,5,6,7];29:[3,5,6];25:[1,2,4,5,7];13:[0,6,7];39:[1,3,4,7];23:[1,2,7];9:[1,2,3,4];6:[2,4];31:[0,1,2,5,6,7];12:[1,2,6,7];34:[7];1:[4,6];7:[3];30:[0,2];49:[2,6];40:[1,2,4,6];26:[2,3,6];42:[2,3,6,7];21:[5];47:[0,2,3];11:[1,2,3,4,5,7];24:[3,4,5,7];46:[3,7];16:[0,3,5];48:[1,4,5,6];37:[0,5,6];35:[0,2,3,5,6,7];41:[1,4,5,6];20:[1,2,4,7];17:[0,4,5,7];5:[2,4,5];10:[3,4,5,6];36:[1];22:[0,3,5,7];33:[5];44:[1,4,6,7]","c19:bw=33,experts=[1,5,6]; c27:bw=12,experts=[0]; c14:bw=15,experts=[3]; c38:bw=10,experts=[6]; c8:bw=29,experts=[3,6]; c32:bw=57,experts=[0,2,3,4,6]; c43:bw=52,experts=[1,3,4,5,6]; c18:bw=34,experts=[3,5,6]; c15:bw=32,experts=[4,5,7]; c3:bw=12,experts=[3]; c4:bw=10,experts=[2]; c2:bw=10,experts=[7]; c0:bw=47,experts=[0,2,4,7]; c45:bw=19,experts=[1]; c28:bw=50,experts=[1,3,5,6,7]; c29:bw=32,experts=[3,5,6]; c25:bw=59,experts=[1,2,4,5,7]; c13:bw=31,experts=[0,6,7]; c39:bw=43,experts=[1,3,4,7]; c23:bw=34,experts=[1,2,7]; c9:bw=49,experts=[1,2,3,4]; c6:bw=29,experts=[2,4]; c31:bw=60,experts=[0,1,2,5,6,7]; c12:bw=42,experts=[1,2,6,7]; c34:bw=10,experts=[7]; c1:bw=25,experts=[4,6]; c7:bw=10,experts=[3]; c30:bw=22,experts=[0,2]; c49:bw=26,experts=[2,6]; c40:bw=40,experts=[1,2,4,6]; c26:bw=35,experts=[2,3,6]; c42:bw=41,experts=[2,3,6,7]; c21:bw=10,experts=[5]; c47:bw=36,experts=[0,2,3]; c11:bw=66,experts=[1,2,3,4,5,7]; c24:bw=42,experts=[3,4,5,7]; c46:bw=28,experts=[3,7]; c16:bw=35,experts=[0,3,5]; c48:bw=48,experts=[1,4,5,6]; c37:bw=34,experts=[0,5,6]; c35:bw=65,experts=[0,2,3,5,6,7]; c41:bw=40,experts=[1,4,5,6]; c20:bw=47,experts=[1,2,4,7]; c17:bw=48,experts=[0,4,5,7]; c5:bw=33,experts=[2,4,5]; c10:bw=40,experts=[3,4,5,6]; c36:bw=10,experts=[1]; c22:bw=44,experts=[0,3,5,7]; c33:bw=16,experts=[5]; c44:bw=43,experts=[1,4,6,7]","0.9624,1.1240,1.3118,0.6319,0.7611,1.2048,0.8148,0.9649,0.7731,1.0666,1.1732,0.6134,0.4364,1.5663,0.8035,1.1984,1.9270,0.7590,1.0111,1.1666,1.0277,1.1701,1.1219,0.6323,0.8285,0.9209,0.5981,1.0307,2.5391,1.0127,1.1698,0.9404,1.3826,0.6632,0.7463,0.7256,0.7502,1.5766,0.6307,0.7877,0.8743,0.4271,1.1775,0.7972,1.5588,1.0074,0.8602,1.3997,1.1401,0.7669"
29,2026-09-23 23:39:30,Ours,0.01,3.230507721963887,20.55,20.72,28,52.855,0:52.85,51.0712,0.64,1.1386,1539.8779,25:39.88,50,"12,3,22,43,30,14,28,42,40,26,13,31,5,37,15,11,41,17,47,2,6,9,27,10,24,0,46,7,29,36,20,1,25,8,44,16,45,18,19,49,32,4,21,23,33,34,39,38,48,35",12:10;3:32;22:54;43:43;30:10;14:35;28:50;42:36;40:37;26:25;13:13;31:74;5:33;37:45;15:70;11:59;41:33;17:59;47:22;2:18;6:43;9:44;27:26;10:10;24:14;0:44;46:10;7:21;29:23;36:11;20:42;1:33;25:35;8:34;44:60;16:48;45:64;18:24;19:39;49:28;32:68;4:38;21:74;23:20;33:29;34:26;39:50;38:27;48:42;35:53,"12:[0];3:[3,5,7];22:[3,4,5,6,7];43:[0,1,6,7];30:[7];14:[0,1,7];28:[0,1,2,3,4];42:[0,2,5];40:[2,3,6];26:[2,5];13:[0];31:[0,1,3,4,5,6,7];5:[0,4,5];37:[0,1,6,7];15:[0,1,2,3,4,5,7];11:[0,1,2,3,7];41:[2,5,7];17:[0,2,3,5,7];47:[0,2];2:[2];6:[0,1,4,6];9:[1,2,3,5];27:[4,6];10:[7];24:[2];0:[1,2,3,4];46:[3];7:[1,5];29:[0,7];36:[7];20:[0,1,4,5];1:[2,4,7];25:[3,5,6];8:[1,3,4];44:[1,2,3,5,6,7];16:[0,3,4,6];45:[0,1,2,3,4,6];18:[4,5];19:[1,2,7];49:[1,2];32:[0,1,3,4,5,6];4:[1,4,5];21:[0,1,3,4,5,6,7];23:[2,6];33:[2,6];34:[2,4];39:[0,1,2,4,7];38:[3,5];48:[0,2,3,7];35:[0,1,2,4,7]","c12:bw=10,experts=[0]; c3:bw=32,experts=[3,5,7]; c22:bw=54,experts=[3,4,5,6,7]; c43:bw=43,experts=[0,1,6,7]; c30:bw=10,experts=[7]; c14:bw=35,experts=[0,1,7]; c28:bw=50,experts=[0,1,2,3,4]; c42:bw=36,experts=[0,2,5]; c40:bw=37,experts=[2,3,6]; c26:bw=25,experts=[2,5]; c13:bw=13,experts=[0]; c31:bw=74,experts=[0,1,3,4,5,6,7]; c5:bw=33,experts=[0,4,5]; c37:bw=45,experts=[0,1,6,7]; c15:bw=70,experts=[0,1,2,3,4,5,7]; c11:bw=59,experts=[0,1,2,3,7]; c41:bw=33,experts=[2,5,7]; c17:bw=59,experts=[0,2,3,5,7]; c47:bw=22,experts=[0,2]; c2:bw=18,experts=[2]; c6:bw=43,experts=[0,1,4,6]; c9:bw=44,experts=[1,2,3,5]; c27:bw=26,experts=[4,6]; c10:bw=10,experts=[7]; c24:bw=14,experts=[2]; c0:bw=44,experts=[1,2,3,4]; c46:bw=10,experts=[3]; c7:bw=21,experts=[1,5]; c29:bw=23,experts=[0,7]; c36:bw=11,experts=[7]; c20:bw=42,experts=[0,1,4,5]; c1:bw=33,experts=[2,4,7]; c25:bw=35,experts=[3,5,6]; c8:bw=34,experts=[1,3,4]; c44:bw=60,experts=[1,2,3,5,6,7]; c16:bw=48,experts=[0,3,4,6]; c45:bw=64,experts=[0,1,2,3,4,6]; c18:bw=24,experts=[4,5]; c19:bw=39,experts=[1,2,7]; c49:bw=28,experts=[1,2]; c32:bw=68,experts=[0,1,3,4,5,6]; c4:bw=38,experts=[1,4,5]; c21:bw=74,experts=[0,1,3,4,5,6,7]; c23:bw=20,experts=[2,6]; c33:bw=29,experts=[2,6]; c34:bw=26,experts=[2,4]; c39:bw=50,experts=[0,1,2,4,7]; c38:bw=27,experts=[3,5]; c48:bw=42,experts=[0,2,3,7]; c35:bw=53,experts=[0,1,2,4,7]","0.6925,1.1623,1.4325,0.8939,1.1333,1.4466,0.9028,1.0560,1.0683,1.1886,0.7597,1.1304,1.5605,0.8146,0.8533,0.7495,0.4239,0.7933,0.6712,0.6187,1.1831,1.0319,1.1156,0.9169,0.7324,0.4282,0.7569,0.6122,1.1917,0.7895,1.1839,0.9229,1.9161,0.7583,0.7017,1.6003,1.5880,0.9455,0.9473,2.5010,1.1850,1.1556,1.4026,1.1610,1.0351,0.8270,1.0014,0.6231,0.6344,0.8704"
30,2026-09-23 23:40:22,Ours,0.01,3.2205660060833825,22.13,22.13,30,52.0068,0:52.01,50.218,0.6502,1.1335,1591.908,26:31.91,50,"27,4,0,38,41,46,28,34,33,3,19,35,10,1,37,2,29,21,31,13,47,43,42,6,39,9,32,44,12,8,25,26,14,49,40,17,24,45,5,48,36,22,16,20,30,7,18,23,15,11",27:53;4:51;0:17;38:50;41:15;46:50;28:36;34:45;33:38;3:59;19:24;35:13;10:71;1:35;37:42;2:27;29:44;21:10;31:52;13:27;47:19;43:74;42:16;6:11;39:10;9:54;32:57;44:38;12:24;8:41;25:56;26:12;14:49;49:25;40:23;17:19;24:10;45:26;5:62;48:59;36:41;22:26;16:31;20:60;30:67;7:12;18:57;23:37;15:22;11:46,"27:[1,2,4,5,6];4:[1,2,3,4,5];0:[4];38:[0,2,3,5,7];41:[1];46:[2,3,5,6,7];28:[1,3,6];34:[1,3,5,6];33:[0,4,5];3:[0,2,3,5,7];19:[1,2];35:[3];10:[0,1,2,4,5,6,7];1:[0,3,5];37:[2,4,6,7];2:[1,2];29:[1,2,3,7];21:[0];31:[2,3,4,6,7];13:[0,1];47:[6];43:[0,1,2,3,4,5,7];42:[1];6:[7];39:[5];9:[0,3,4,5,7];32:[2,3,4,6,7];44:[2,4,7];12:[4,6];8:[0,2,3,6];25:[0,1,3,4,7];26:[7];14:[3,4,5,7];49:[0,4];40:[0,2];17:[5];24:[5];45:[2,3];5:[0,1,2,5,6,7];48:[0,1,3,5,7];36:[0,3,6,7];22:[1,4];16:[3,4,5];20:[0,1,2,3,4,5];30:[0,1,2,3,4,6];7:[3];18:[0,2,3,4,5];23:[1,6,7];15:[1,7];11:[0,2,5,6]","c27:bw=53,experts=[1,2,4,5,6]; c4:bw=51,experts=[1,2,3,4,5]; c0:bw=17,experts=[4]; c38:bw=50,experts=[0,2,3,5,7]; c41:bw=15,experts=[1]; c46:bw=50,experts=[2,3,5,6,7]; c28:bw=36,experts=[1,3,6]; c34:bw=45,experts=[1,3,5,6]; c33:bw=38,experts=[0,4,5]; c3:bw=59,experts=[0,2,3,5,7]; c19:bw=24,experts=[1,2]; c35:bw=13,experts=[3]; c10:bw=71,experts=[0,1,2,4,5,6,7]; c1:bw=35,experts=[0,3,5]; c37:bw=42,experts=[2,4,6,7]; c2:bw=27,experts=[1,2]; c29:bw=44,experts=[1,2,3,7]; c21:bw=10,experts=[0]; c31:bw=52,experts=[2,3,4,6,7]; c13:bw=27,experts=[0,1]; c47:bw=19,experts=[6]; c43:bw=74,experts=[0,1,2,3,4,5,7]; c42:bw=16,experts=[1]; c6:bw=11,experts=[7]; c39:bw=10,experts=[5]; c9:bw=54,experts=[0,3,4,5,7]; c32:bw=57,experts=[2,3,4,6,7]; c44:bw=38,experts=[2,4,7]; c12:bw=24,experts=[4,6]; c8:bw=41,experts=[0,2,3,6]; c25:bw=56,experts=[0,1,3,4,7]; c26:bw=12,experts=[7]; c14:bw=49,experts=[3,4,5,7]; c49:bw=25,experts=[0,4]; c40:bw=23,experts=[0,2]; c17:bw=19,experts=[5]; c24:bw=10,experts=[5]; c45:bw=26,experts=[2,3]; c5:bw=62,experts=[0,1,2,5,6,7]; c48:bw=59,experts=[0,1,3,5,7]; c36:bw=41,experts=[0,3,6,7]; c22:bw=26,experts=[1,4]; c16:bw=31,experts=[3,4,5]; c20:bw=60,experts=[0,1,2,3,4,5]; c30:bw=67,experts=[0,1,2,3,4,6]; c7:bw=12,experts=[3]; c18:bw=57,experts=[0,2,3,4,5]; c23:bw=37,experts=[1,6,7]; c15:bw=22,experts=[1,7]; c11:bw=46,experts=[0,2,5,6]","1.1115,1.1758,0.4256,0.6285,0.4284,0.7695,0.8127,0.8386,1.0612,1.0717,0.9588,0.8832,0.9352,0.9286,0.8095,0.6392,1.2184,1.4110,1.1239,0.7507,0.6763,0.8055,0.9472,1.1742,1.0090,1.0371,1.1946,0.7067,0.6339,0.7580,1.9098,1.1708,1.3046,2.4961,1.0020,0.7895,0.7318,1.5393,1.5356,0.6257,0.7892,1.2906,1.6247,1.1908,1.0395,0.6176,0.9500,1.1782,0.7603,0.7476"
31,2026-09-23 23:41:16,Ours,0.01,3.2204492705381886,21.23,22.13,30,53.4613,0:53.46,51.6724,0.6384,1.1456,1645.3941,27:25.39,50,"18,45,26,16,37,29,5,47,10,7,8,4,49,19,42,13,6,48,31,20,35,40,27,46,41,1,11,9,32,15,0,17,12,24,21,28,3,14,38,22,25,39,36,2,33,44,43,34,23,30",18:58;45:16;26:10;16:36;37:14;29:48;5:62;47:51;10:33;7:63;8:33;4:19;49:29;19:40;42:24;13:32;6:29;48:46;31:25;20:11;35:26;40:33;27:10;46:35;41:19;1:30;11:29;9:45;32:36;15:55;0:47;17:35;12:35;24:72;21:46;28:56;3:24;14:61;38:50;22:41;25:46;39:21;36:10;2:15;33:16;44:37;43:29;34:54;23:24;30:31,"18:[0,1,2,4,6];45:[3];26:[0];16:[0,2,3];37:[5];29:[2,3,5,6];5:[0,1,2,3,4,7];47:[0,1,3,5,7];10:[3,4,7];7:[0,1,2,4,5,6];8:[4,5,6];4:[1];49:[0,3];19:[0,1,3,5];42:[0,7];13:[1,2,3];6:[1,3];48:[2,3,4,7];31:[0,6];20:[6];35:[2,5];40:[1,3,4];27:[1];46:[2,4,6];41:[1];1:[0,1,6];11:[5,6];9:[0,2,4,7];32:[1,2,6];15:[0,1,2,3,5];0:[2,3,4,5];17:[1,2,5];12:[0,2,3];24:[1,2,3,4,5,6,7];21:[0,1,3,6];28:[0,1,3,4,7];3:[4,7];14:[0,2,4,5,6,7];38:[2,3,4,5,7];22:[2,5,6,7];25:[1,3,5,7];39:[1,7];36:[7];2:[1];33:[2];44:[1,6,7];43:[3,7];34:[1,4,5,6,7];23:[0,6];30:[0,1,3]","c18:bw=58,experts=[0,1,2,4,6]; c45:bw=16,experts=[3]; c26:bw=10,experts=[0]; c16:bw=36,experts=[0,2,3]; c37:bw=14,experts=[5]; c29:bw=48,experts=[2,3,5,6]; c5:bw=62,experts=[0,1,2,3,4,7]; c47:bw=51,experts=[0,1,3,5,7]; c10:bw=33,experts=[3,4,7]; c7:bw=63,experts=[0,1,2,4,5,6]; c8:bw=33,experts=[4,5,6]; c4:bw=19,experts=[1]; c49:bw=29,experts=[0,3]; c19:bw=40,experts=[0,1,3,5]; c42:bw=24,experts=[0,7]; c13:bw=32,experts=[1,2,3]; c6:bw=29,experts=[1,3]; c48:bw=46,experts=[2,3,4,7]; c31:bw=25,experts=[0,6]; c20:bw=11,experts=[6]; c35:bw=26,experts=[2,5]; c40:bw=33,experts=[1,3,4]; c27:bw=10,experts=[1]; c46:bw=35,experts=[2,4,6]; c41:bw=19,experts=[1]; c1:bw=30,experts=[0,1,6]; c11:bw=29,experts=[5,6]; c9:bw=45,experts=[0,2,4,7]; c32:bw=36,experts=[1,2,6]; c15:bw=55,experts=[0,1,2,3,5]; c0:bw=47,experts=[2,3,4,5]; c17:bw=35,experts=[1,2,5]; c12:bw=35,experts=[0,2,3]; c24:bw=72,experts=[1,2,3,4,5,6,7]; c21:bw=46,experts=[0,1,3,6]; c28:bw=56,experts=[0,1,3,4,7]; c3:bw=24,experts=[4,7]; c14:bw=61,experts=[0,2,4,5,6,7]; c38:bw=50,experts=[2,3,4,5,7]; c22:bw=41,experts=[2,5,6,7]; c25:bw=46,experts=[1,3,5,7]; c39:bw=21,experts=[1,7]; c36:bw=10,experts=[7]; c2:bw=15,experts=[1]; c33:bw=16,experts=[2]; c44:bw=37,experts=[1,6,7]; c43:bw=29,experts=[3,7]; c34:bw=54,experts=[1,4,5,6,7]; c23:bw=24,experts=[0,6]; c30:bw=31,experts=[0,1,3]","0.9645,1.5683,1.1906,1.6057,0.8051,1.2142,1.5496,0.6743,0.9264,0.6194,0.7652,1.2569,2.5390,0.9581,0.9572,0.7618,1.1865,0.6349,1.1165,1.2012,0.8730,1.0058,1.1053,0.7588,0.4643,1.0111,0.8214,1.1185,1.2930,0.8245,0.4698,0.8587,0.6766,0.7991,1.5391,0.8720,1.1445,1.4300,0.6748,1.4047,2.0225,1.0112,0.7865,0.6087,1.0305,0.7021,0.8186,0.8295,1.1707,1.0514"
32,2026-09-23 23:42:08,Ours,0.01,3.1622037414981587,21.83,22.13,30,52.1738,0:52.17,50.3699,0.6406,1.1583,1697.5906,28:17.59,50,"27,15,34,37,26,4,33,32,49,22,40,43,16,38,28,31,9,46,30,18,20,21,25,7,35,19,6,41,1,12,45,10,42,5,11,47,23,39,8,14,0,24,36,17,3,29,13,44,2,48",27:27;15:36;34:56;37:41;26:29;4:49;33:66;32:21;49:47;22:35;40:54;43:47;16:48;38:53;28:19;31:51;9:31;46:10;30:39;18:35;20:39;21:64;25:67;7:47;35:61;19:27;6:27;41:63;1:21;12:49;45:25;10:22;42:51;5:36;11:27;47:48;23:15;39:51;8:21;14:32;0:46;24:10;36:49;17:28;3:28;29:41;13:63;44:36;2:54;48:56,"27:[0,6];15:[0,4,5];34:[0,1,2,6,7];37:[2,3,5,7];26:[0,6];4:[0,2,4,7];33:[1,2,3,4,5,6];32:[2,5];49:[0,2,3,6];22:[5,6,7];40:[1,3,4,5,6];43:[1,4,5,6];16:[1,2,5,6];38:[0,1,3,4,7];28:[1];31:[1,2,5,6,7];9:[2,3,6];46:[4];30:[0,5,7];18:[2,3,5];20:[0,3,6];21:[1,2,4,5,6,7];25:[1,2,3,4,5,7];7:[0,2,3,6];35:[0,2,4,5,6,7];19:[3,6];6:[2,4];41:[0,1,2,3,6,7];1:[2,5];12:[0,4,5,7];45:[1,6];10:[0,3];42:[0,2,4,5,6];5:[0,5,6];11:[0,2];47:[0,2,5,6];23:[4];39:[1,2,4,6,7];8:[1,3];14:[4,5,6];0:[0,2,5,6];24:[0];36:[3,5,6,7];17:[2,6];3:[2,3];29:[0,1,4,5];13:[0,2,3,4,6,7];44:[0,3,5];2:[0,2,5,6,7];48:[2,3,4,5,6]","c27:bw=27,experts=[0,6]; c15:bw=36,experts=[0,4,5]; c34:bw=56,experts=[0,1,2,6,7]; c37:bw=41,experts=[2,3,5,7]; c26:bw=29,experts=[0,6]; c4:bw=49,experts=[0,2,4,7]; c33:bw=66,experts=[1,2,3,4,5,6]; c32:bw=21,experts=[2,5]; c49:bw=47,experts=[0,2,3,6]; c22:bw=35,experts=[5,6,7]; c40:bw=54,experts=[1,3,4,5,6]; c43:bw=47,experts=[1,4,5,6]; c16:bw=48,experts=[1,2,5,6]; c38:bw=53,experts=[0,1,3,4,7]; c28:bw=19,experts=[1]; c31:bw=51,experts=[1,2,5,6,7]; c9:bw=31,experts=[2,3,6]; c46:bw=10,experts=[4]; c30:bw=39,experts=[0,5,7]; c18:bw=35,experts=[2,3,5]; c20:bw=39,experts=[0,3,6]; c21:bw=64,experts=[1,2,4,5,6,7]; c25:bw=67,experts=[1,2,3,4,5,7]; c7:bw=47,experts=[0,2,3,6]; c35:bw=61,experts=[0,2,4,5,6,7]; c19:bw=27,experts=[3,6]; c6:bw=27,experts=[2,4]; c41:bw=63,experts=[0,1,2,3,6,7]; c1:bw=21,experts=[2,5]; c12:bw=49,experts=[0,4,5,7]; c45:bw=25,experts=[1,6]; c10:bw=22,experts=[0,3]; c42:bw=51,experts=[0,2,4,5,6]; c5:bw=36,experts=[0,5,6]; c11:bw=27,experts=[0,2]; c47:bw=48,experts=[0,2,5,6]; c23:bw=15,experts=[4]; c39:bw=51,experts=[1,2,4,6,7]; c8:bw=21,experts=[1,3]; c14:bw=32,experts=[4,5,6]; c0:bw=46,experts=[0,2,5,6]; c24:bw=10,experts=[0]; c36:bw=49,experts=[3,5,6,7]; c17:bw=28,experts=[2,6]; c3:bw=28,experts=[2,3]; c29:bw=41,experts=[0,1,4,5]; c13:bw=63,experts=[0,2,3,4,6,7]; c44:bw=36,experts=[0,3,5]; c2:bw=54,experts=[0,2,5,6,7]; c48:bw=56,experts=[2,3,4,5,6]","1.1088,0.7701,0.8390,0.8032,1.1907,1.1791,1.0600,1.2114,2.5558,1.3099,1.0225,0.8089,1.6108,0.6310,0.8238,1.1294,1.0486,0.7699,1.0425,0.9488,1.1905,1.4148,1.9413,0.6180,0.8996,0.9607,1.1751,0.4306,0.9196,0.6254,1.5555,0.9142,0.9556,1.5334,0.7479,0.6698,1.1677,1.0188,0.7603,1.3044,0.4303,0.7236,0.7952,0.7991,1.0504,1.1971,0.7542,0.7023,0.6167,0.6338"
33,2026-09-23 23:43:00,Ours,0.01,3.1314062093049997,22.6,22.6,33,52.2318,0:52.23,50.4551,0.6419,1.1298,1749.8487,29:09.85,50,"20,35,0,15,6,33,21,36,46,43,32,5,22,18,27,42,29,39,7,14,25,9,11,30,26,28,40,45,38,10,1,4,13,3,49,24,12,37,44,31,2,23,16,17,47,41,19,34,8,48",20:40;35:36;0:62;15:24;6:37;33:41;21:65;36:40;46:43;43:40;32:34;5:29;22:56;18:55;27:38;42:65;29:62;39:47;7:52;14:37;25:14;9:42;11:53;30:55;26:44;28:29;40:45;45:10;38:35;10:46;1:34;4:45;13:30;3:70;49:51;24:28;12:46;37:39;44:46;31:49;2:24;23:63;16:44;17:59;47:25;41:27;19:25;34:40;8:50;48:80,"20:[0,2,4,7];35:[2,6,7];0:[0,1,3,4,5,6];15:[2,4];6:[0,1,2];33:[0,1,3,5];21:[0,1,2,4,6,7];36:[0,3,5,6];46:[0,3,5,7];43:[0,1,2,5];32:[0,4,7];5:[2,4];22:[0,2,3,6,7];18:[0,1,2,3,4];27:[3,5,6];42:[0,1,3,4,6,7];29:[2,3,4,5,6,7];39:[2,3,6,7];7:[0,1,3,5,6];14:[0,6,7];25:[7];9:[0,2,3,6];11:[2,3,4,5,6];30:[0,1,2,3,5];26:[0,2,3,7];28:[2,4];40:[0,1,3,4];45:[7];38:[0,6,7];10:[0,3,5,7];1:[2,6,7];4:[0,2,6,7];13:[1,2,4];3:[1,2,3,4,5,6,7];49:[3,4,5,6,7];24:[1,3];12:[0,1,6,7];37:[0,2,7];44:[1,3,6,7];31:[0,2,4,5];2:[0,2];23:[0,1,4,5,6,7];16:[0,3,4,7];17:[1,3,4,6,7];47:[4,6];41:[3,4];19:[1,5];34:[0,1,2,3];8:[0,1,4,5,6];48:[0,1,2,3,4,5,6,7]","c20:bw=40,experts=[0,2,4,7]; c35:bw=36,experts=[2,6,7]; c0:bw=62,experts=[0,1,3,4,5,6]; c15:bw=24,experts=[2,4]; c6:bw=37,experts=[0,1,2]; c33:bw=41,experts=[0,1,3,5]; c21:bw=65,experts=[0,1,2,4,6,7]; c36:bw=40,experts=[0,3,5,6]; c46:bw=43,experts=[0,3,5,7]; c43:bw=40,experts=[0,1,2,5]; c32:bw=34,experts=[0,4,7]; c5:bw=29,experts=[2,4]; c22:bw=56,experts=[0,2,3,6,7]; c18:bw=55,experts=[0,1,2,3,4]; c27:bw=38,experts=[3,5,6]; c42:bw=65,experts=[0,1,3,4,6,7]; c29:bw=62,experts=[2,3,4,5,6,7]; c39:bw=47,experts=[2,3,6,7]; c7:bw=52,experts=[0,1,3,5,6]; c14:bw=37,experts=[0,6,7]; c25:bw=14,experts=[7]; c9:bw=42,experts=[0,2,3,6]; c11:bw=53,experts=[2,3,4,5,6]; c30:bw=55,experts=[0,1,2,3,5]; c26:bw=44,experts=[0,2,3,7]; c28:bw=29,experts=[2,4]; c40:bw=45,experts=[0,1,3,4]; c45:bw=10,experts=[7]; c38:bw=35,experts=[0,6,7]; c10:bw=46,experts=[0,3,5,7]; c1:bw=34,experts=[2,6,7]; c4:bw=45,experts=[0,2,6,7]; c13:bw=30,experts=[1,2,4]; c3:bw=70,experts=[1,2,3,4,5,6,7]; c49:bw=51,experts=[3,4,5,6,7]; c24:bw=28,experts=[1,3]; c12:bw=46,experts=[0,1,6,7]; c37:bw=39,experts=[0,2,7]; c44:bw=46,experts=[1,3,6,7]; c31:bw=49,experts=[0,2,4,5]; c2:bw=24,experts=[0,2]; c23:bw=63,experts=[0,1,4,5,6,7]; c16:bw=44,experts=[0,3,4,7]; c17:bw=59,experts=[1,3,4,6,7]; c47:bw=25,experts=[4,6]; c41:bw=27,experts=[3,4]; c19:bw=25,experts=[1,5]; c34:bw=40,experts=[0,1,2,3]; c8:bw=50,experts=[0,1,4,5,6]; c48:bw=80,experts=[0,1,2,3,4,5,6,7]","1.1900,0.8711,0.4305,0.7702,1.1813,1.0651,1.4443,0.8066,0.7669,0.8128,1.2148,1.5579,1.3217,0.9602,1.1177,0.9646,1.2212,1.0324,0.6241,1.3166,1.9174,1.0385,0.7547,1.0387,1.1811,0.8141,1.0012,1.5555,0.6317,0.9931,0.9167,1.1572,0.7589,1.0877,2.5319,0.7266,0.6279,0.7950,0.7050,1.1180,0.6133,1.1703,1.5973,0.8003,0.6756,0.4252,0.9426,0.8276,0.7486,0.6334"
34,2026-09-23 23:43:55,Ours,0.01,3.0781611414298578,23.12,23.12,34,54.9398,0:54.94,53.1544,0.6444,1.136,1804.8118,30:04.81,50,"36,13,0,17,7,21,1,14,49,35,11,29,19,47,45,22,25,30,4,6,37,3,9,20,24,42,10,41,8,34,46,40,38,27,15,18,23,5,32,12,26,43,33,48,2,28,31,44,39,16",36:45;13:57;0:22;17:16;7:32;21:48;1:46;14:66;49:65;35:31;11:52;29:13;19:50;47:39;45:46;22:30;25:49;30:26;4:46;6:48;37:19;3:72;9:68;20:62;24:60;42:21;10:26;41:14;8:42;34:58;46:52;40:44;38:30;27:34;15:10;18:29;23:36;5:60;32:39;12:24;26:55;43:11;33:22;48:34;2:54;28:39;31:36;44:56;39:35;16:54,"36:[4,5,6,7];13:[0,1,2,4,6];0:[2,5];17:[5];7:[1,2,5];21:[0,1,4,7];1:[2,3,5,6];14:[0,1,2,3,4,7];49:[1,3,4,5,6,7];35:[0,2,4];11:[0,2,3,5,6];29:[5];19:[0,1,3,4,7];47:[0,3,7];45:[2,4,6,7];22:[0,2,5];25:[0,2,5,7];30:[0,6];4:[0,2,5,6];6:[0,1,3,5];37:[7];3:[1,2,3,4,5,6,7];9:[2,3,4,5,6,7];20:[1,2,3,4,6,7];24:[0,2,3,4,5,6];42:[2,5];10:[0,4];41:[1];8:[0,5,6,7];34:[0,2,3,4,7];46:[1,2,3,4,7];40:[1,3,6,7];38:[0,1,4];27:[5,6,7];15:[1];18:[2,4];23:[1,2,4];5:[0,1,2,3,4,7];32:[2,3,6];12:[5,6];26:[2,3,4,6,7];43:[7];33:[1,5];48:[0,5,6];2:[0,1,4,5,6];28:[2,3,7];31:[1,5,7];44:[0,1,2,4,5];39:[0,1,6];16:[0,4,5,6,7]","c36:bw=45,experts=[4,5,6,7]; c13:bw=57,experts=[0,1,2,4,6]; c0:bw=22,experts=[2,5]; c17:bw=16,experts=[5]; c7:bw=32,experts=[1,2,5]; c21:bw=48,experts=[0,1,4,7]; c1:bw=46,experts=[2,3,5,6]; c14:bw=66,experts=[0,1,2,3,4,7]; c49:bw=65,experts=[1,3,4,5,6,7]; c35:bw=31,experts=[0,2,4]; c11:bw=52,experts=[0,2,3,5,6]; c29:bw=13,experts=[5]; c19:bw=50,experts=[0,1,3,4,7]; c47:bw=39,experts=[0,3,7]; c45:bw=46,experts=[2,4,6,7]; c22:bw=30,experts=[0,2,5]; c25:bw=49,experts=[0,2,5,7]; c30:bw=26,experts=[0,6]; c4:bw=46,experts=[0,2,5,6]; c6:bw=48,experts=[0,1,3,5]; c37:bw=19,experts=[7]; c3:bw=72,experts=[1,2,3,4,5,6,7]; c9:bw=68,experts=[2,3,4,5,6,7]; c20:bw=62,experts=[1,2,3,4,6,7]; c24:bw=60,experts=[0,2,3,4,5,6]; c42:bw=21,experts=[2,5]; c10:bw=26,experts=[0,4]; c41:bw=14,experts=[1]; c8:bw=42,experts=[0,5,6,7]; c34:bw=58,experts=[0,2,3,4,7]; c46:bw=52,experts=[1,2,3,4,7]; c40:bw=44,experts=[1,3,6,7]; c38:bw=30,experts=[0,1,4]; c27:bw=34,experts=[5,6,7]; c15:bw=10,experts=[1]; c18:bw=29,experts=[2,4]; c23:bw=36,experts=[1,2,4]; c5:bw=60,experts=[0,1,2,3,4,7]; c32:bw=39,experts=[2,3,6]; c12:bw=24,experts=[5,6]; c26:bw=55,experts=[2,3,4,6,7]; c43:bw=11,experts=[7]; c33:bw=22,experts=[1,5]; c48:bw=34,experts=[0,5,6]; c2:bw=54,experts=[0,1,4,5,6]; c28:bw=39,experts=[2,3,7]; c31:bw=36,experts=[1,5,7]; c44:bw=56,experts=[0,1,2,4,5]; c39:bw=35,experts=[0,1,6]; c16:bw=54,experts=[0,4,5,6,7]","0.8032,0.7683,0.4306,0.7923,0.6202,1.4110,0.9364,1.3222,2.7825,0.9685,0.8321,1.3322,1.0488,0.7274,1.7276,1.4894,2.2018,1.1771,1.3449,1.3357,0.9044,1.1637,1.1250,1.2818,0.7997,1.0202,0.9882,0.4664,0.8134,0.8982,0.8176,1.0961,0.6827,1.1842,0.8181,1.0008,1.1659,1.5301,1.1922,0.6529,1.1897,0.7979,1.0377,0.6256,0.6113,0.8141,1.1100,0.7032,1.0193,1.5921"
35,2026-09-23 23:44:47,Ours,0.01,3.0219999734337217,24.52,24.52,35,52.3467,0:52.35,50.5489,0.6532,1.1393,1857.1848,30:57.18,50,"46,28,2,35,20,44,41,13,45,43,10,7,25,15,0,36,32,48,49,42,22,17,24,19,3,21,4,14,37,27,47,8,9,6,29,18,5,34,23,33,30,39,16,40,26,12,31,1,38,11",46:45;28:55;2:46;35:54;20:53;44:30;41:67;13:48;45:43;43:55;10:57;7:48;25:40;15:47;0:20;36:41;32:13;48:54;49:13;42:49;22:32;17:32;24:15;19:22;3:24;21:10;4:33;14:20;37:52;27:64;47:39;8:50;9:27;6:44;29:28;18:51;5:41;34:64;23:13;33:38;30:61;39:44;16:10;40:18;26:59;12:22;31:51;1:31;38:34;11:69,"46:[1,2,4,5];28:[1,2,3,6,7];2:[0,2,4,5];35:[1,2,4,5,6];20:[0,1,2,3,5];44:[3,5,7];41:[0,1,2,4,6,7];13:[1,2,6,7];45:[1,3,4,6];43:[0,1,4,5,7];10:[1,2,4,6,7];7:[0,4,6,7];25:[4,5,6,7];15:[0,1,6,7];0:[2,5];36:[0,1,4,6];32:[7];48:[1,2,3,4,6];49:[6];42:[2,3,5,7];22:[1,2,6];17:[1,3,4];24:[2];19:[3,7];3:[2,5];21:[5];4:[2,3,7];14:[1,5];37:[0,1,2,4,6];27:[0,3,4,5,6,7];47:[0,4,6];8:[0,2,4,5,6];9:[0,6];6:[3,5,6,7];29:[1,2];18:[0,2,3,4,5];5:[0,3,6,7];34:[1,2,3,4,6,7];23:[4];33:[0,4,6];30:[0,1,2,3,4,5];39:[0,2,5,7];16:[0];40:[0];26:[1,2,3,4,7];12:[0,1];31:[0,1,2,3,4];1:[1,2,3];38:[1,4,6];11:[0,1,2,4,6,7]","c46:bw=45,experts=[1,2,4,5]; c28:bw=55,experts=[1,2,3,6,7]; c2:bw=46,experts=[0,2,4,5]; c35:bw=54,experts=[1,2,4,5,6]; c20:bw=53,experts=[0,1,2,3,5]; c44:bw=30,experts=[3,5,7]; c41:bw=67,experts=[0,1,2,4,6,7]; c13:bw=48,experts=[1,2,6,7]; c45:bw=43,experts=[1,3,4,6]; c43:bw=55,experts=[0,1,4,5,7]; c10:bw=57,experts=[1,2,4,6,7]; c7:bw=48,experts=[0,4,6,7]; c25:bw=40,experts=[4,5,6,7]; c15:bw=47,experts=[0,1,6,7]; c0:bw=20,experts=[2,5]; c36:bw=41,experts=[0,1,4,6]; c32:bw=13,experts=[7]; c48:bw=54,experts=[1,2,3,4,6]; c49:bw=13,experts=[6]; c42:bw=49,experts=[2,3,5,7]; c22:bw=32,experts=[1,2,6]; c17:bw=32,experts=[1,3,4]; c24:bw=15,experts=[2]; c19:bw=22,experts=[3,7]; c3:bw=24,experts=[2,5]; c21:bw=10,experts=[5]; c4:bw=33,experts=[2,3,7]; c14:bw=20,experts=[1,5]; c37:bw=52,experts=[0,1,2,4,6]; c27:bw=64,experts=[0,3,4,5,6,7]; c47:bw=39,experts=[0,4,6]; c8:bw=50,experts=[0,2,4,5,6]; c9:bw=27,experts=[0,6]; c6:bw=44,experts=[3,5,6,7]; c29:bw=28,experts=[1,2]; c18:bw=51,experts=[0,2,3,4,5]; c5:bw=41,experts=[0,3,6,7]; c34:bw=64,experts=[1,2,3,4,6,7]; c23:bw=13,experts=[4]; c33:bw=38,experts=[0,4,6]; c30:bw=61,experts=[0,1,2,3,4,5]; c39:bw=44,experts=[0,2,5,7]; c16:bw=10,experts=[0]; c40:bw=18,experts=[0]; c26:bw=59,experts=[1,2,3,4,7]; c12:bw=22,experts=[0,1]; c31:bw=51,experts=[0,1,2,3,4]; c1:bw=31,experts=[1,2,3]; c38:bw=34,experts=[1,4,6]; c11:bw=69,experts=[0,1,2,4,6,7]","0.7597,0.8265,0.6161,0.8842,1.1986,0.7156,0.4363,0.7647,1.5666,0.8181,0.9340,0.6211,1.9583,0.7748,0.4283,0.8008,1.1978,0.6415,2.5797,0.9723,1.3205,0.8001,0.7385,0.9557,1.0683,1.4198,1.1744,1.3117,0.8067,1.1182,0.6733,0.7596,1.0356,1.1820,1.1877,0.9586,1.5409,0.8288,1.1796,1.0411,1.0363,1.0215,1.5751,1.0249,1.1895,0.6279,1.1437,0.9441,0.6401,0.7496"
36,2026-09-23 23:45:41,Ours,0.01,3.09418383304219,23.1,24.52,35,53.3722,0:53.37,51.4285,0.6819,1.2562,1910.6601,31:50.66,50,"48,9,7,37,24,26,0,17,18,23,8,20,44,35,42,4,15,39,49,34,2,29,21,27,13,45,1,19,41,30,36,40,43,12,16,3,47,38,33,25,22,46,31,14,5,32,10,28,6,11",48:30;9:37;7:27;37:37;24:12;26:41;0:36;17:49;18:11;23:58;8:51;20:49;44:29;35:44;42:52;4:74;15:68;39:47;49:11;34:16;2:50;29:53;21:42;27:40;13:47;45:37;1:10;19:48;41:61;30:39;36:19;40:42;43:25;12:35;16:10;3:60;47:22;38:35;33:33;25:11;22:13;46:39;31:51;14:18;5:49;32:22;10:56;28:37;6:43;11:33,"48:[1,2,4];9:[1,3,5];7:[5,7];37:[0,3,5];24:[1];26:[2,4,6,7];0:[0,2,3];17:[1,2,3,6];18:[4];23:[1,3,4,5,6];8:[0,2,3,5,7];20:[2,4,5,7];44:[2,3];35:[0,2,4,6];42:[2,3,4,5,7];4:[0,1,2,3,4,6,7];15:[0,1,2,4,5,7];39:[0,2,4,5];49:[0];34:[5];2:[0,1,5,6,7];29:[2,4,5,6,7];21:[0,3,5,7];27:[1,2,3,5];13:[1,2,6,7];45:[3,6,7];1:[0];19:[0,2,4,7];41:[0,1,3,4,6,7];30:[2,3,6];36:[6];40:[3,5,6,7];43:[5,6];12:[1,2,7];16:[6];3:[1,2,3,4,6,7];47:[6,7];38:[2,4,7];33:[0,3,6];25:[1];22:[3];46:[0,3,5];31:[0,3,5,6,7];14:[2];5:[1,5,6,7];32:[2,5];10:[0,1,3,4,7];28:[0,3,4];6:[0,5,6,7];11:[0,2,7]","c48:bw=30,experts=[1,2,4]; c9:bw=37,experts=[1,3,5]; c7:bw=27,experts=[5,7]; c37:bw=37,experts=[0,3,5]; c24:bw=12,experts=[1]; c26:bw=41,experts=[2,4,6,7]; c0:bw=36,experts=[0,2,3]; c17:bw=49,experts=[1,2,3,6]; c18:bw=11,experts=[4]; c23:bw=58,experts=[1,3,4,5,6]; c8:bw=51,experts=[0,2,3,5,7]; c20:bw=49,experts=[2,4,5,7]; c44:bw=29,experts=[2,3]; c35:bw=44,experts=[0,2,4,6]; c42:bw=52,experts=[2,3,4,5,7]; c4:bw=74,experts=[0,1,2,3,4,6,7]; c15:bw=68,experts=[0,1,2,4,5,7]; c39:bw=47,experts=[0,2,4,5]; c49:bw=11,experts=[0]; c34:bw=16,experts=[5]; c2:bw=50,experts=[0,1,5,6,7]; c29:bw=53,experts=[2,4,5,6,7]; c21:bw=42,experts=[0,3,5,7]; c27:bw=40,experts=[1,2,3,5]; c13:bw=47,experts=[1,2,6,7]; c45:bw=37,experts=[3,6,7]; c1:bw=10,experts=[0]; c19:bw=48,experts=[0,2,4,7]; c41:bw=61,experts=[0,1,3,4,6,7]; c30:bw=39,experts=[2,3,6]; c36:bw=19,experts=[6]; c40:bw=42,experts=[3,5,6,7]; c43:bw=25,experts=[5,6]; c12:bw=35,experts=[1,2,7]; c16:bw=10,experts=[6]; c3:bw=60,experts=[1,2,3,4,6,7]; c47:bw=22,experts=[6,7]; c38:bw=35,experts=[2,4,7]; c33:bw=33,experts=[0,3,6]; c25:bw=11,experts=[1]; c22:bw=13,experts=[3]; c46:bw=39,experts=[0,3,5]; c31:bw=51,experts=[0,3,5,6,7]; c14:bw=18,experts=[2]; c5:bw=49,experts=[1,5,6,7]; c32:bw=22,experts=[2,5]; c10:bw=56,experts=[0,1,3,4,7]; c28:bw=37,experts=[0,3,4]; c6:bw=43,experts=[0,5,6,7]; c11:bw=33,experts=[0,2,7]","0.6374,1.0438,0.6262,0.8202,0.7414,1.1984,0.4297,0.7970,0.9655,1.1860,0.7678,1.1952,0.7132,0.8819,0.9668,1.1918,0.7762,1.0215,2.5669,0.8469,0.6201,1.2072,1.4240,1.1137,0.7664,1.5847,0.9319,0.9489,0.4318,1.0379,0.7953,1.0118,0.8072,0.6274,1.5816,1.0662,0.6645,0.6295,1.0364,1.9509,1.4068,0.8361,1.2352,1.4185,1.6538,1.2884,1.0022,0.8825,1.2751,0.8186"
37,2026-09-23 23:46:34,Ours,0.01,3.0502564755527057,23.05,24.52,35,52.8443,0:52.84,51.056,0.6448,1.1385,1963.5382,32:43.54,50,"29,22,21,44,0,9,49,36,1,10,4,12,42,18,39,5,8,3,30,38,33,31,35,13,19,32,25,27,46,20,45,37,2,6,41,43,40,28,16,47,7,26,15,14,17,11,23,24,48,34",29:39;22:10;21:18;44:19;0:54;9:40;49:36;36:10;1:18;10:58;4:39;12:49;42:59;18:10;39:47;5:39;8:10;3:36;30:51;38:10;33:64;31:53;35:53;13:12;19:42;32:22;25:56;27:55;46:68;20:38;45:11;37:18;2:36;6:65;41:41;43:51;40:26;28:10;16:31;47:10;7:42;26:10;15:51;14:28;17:56;11:63;23:44;24:61;48:41;34:61,"29:[1,4,7];22:[3];21:[5];44:[4];0:[0,2,3,5,7];9:[0,1,4,5];49:[1,3,6];36:[1];1:[0];10:[1,2,4,5,6];4:[0,1,3];12:[0,1,2,4];42:[0,1,4,6,7];18:[4];39:[3,5,6,7];5:[0,1,5];8:[0];3:[1,6,7];30:[0,3,4,5,7];38:[0];33:[0,1,3,5,6,7];31:[1,2,4,5,6];35:[0,1,2,3,7];13:[3];19:[0,1,2,6];32:[2,3];25:[2,3,5,6,7];27:[0,2,3,4,7];46:[1,2,3,4,6,7];20:[1,5,6];45:[0];37:[3];2:[0,2,3];6:[0,1,3,4,5,7];41:[2,5,6,7];43:[0,1,2,3,4];40:[1,4];28:[7];16:[0,3,7];47:[5];7:[0,3,6,7];26:[6];15:[0,3,4,6,7];14:[2,5];17:[1,2,4,5,6];11:[0,1,2,3,4,7];23:[2,3,6,7];24:[1,2,3,4,5,6];48:[0,4,5,6];34:[0,3,4,5,6,7]","c29:bw=39,experts=[1,4,7]; c22:bw=10,experts=[3]; c21:bw=18,experts=[5]; c44:bw=19,experts=[4]; c0:bw=54,experts=[0,2,3,5,7]; c9:bw=40,experts=[0,1,4,5]; c49:bw=36,experts=[1,3,6]; c36:bw=10,experts=[1]; c1:bw=18,experts=[0]; c10:bw=58,experts=[1,2,4,5,6]; c4:bw=39,experts=[0,1,3]; c12:bw=49,experts=[0,1,2,4]; c42:bw=59,experts=[0,1,4,6,7]; c18:bw=10,experts=[4]; c39:bw=47,experts=[3,5,6,7]; c5:bw=39,experts=[0,1,5]; c8:bw=10,experts=[0]; c3:bw=36,experts=[1,6,7]; c30:bw=51,experts=[0,3,4,5,7]; c38:bw=10,experts=[0]; c33:bw=64,experts=[0,1,3,5,6,7]; c31:bw=53,experts=[1,2,4,5,6]; c35:bw=53,experts=[0,1,2,3,7]; c13:bw=12,experts=[3]; c19:bw=42,experts=[0,1,2,6]; c32:bw=22,experts=[2,3]; c25:bw=56,experts=[2,3,5,6,7]; c27:bw=55,experts=[0,2,3,4,7]; c46:bw=68,experts=[1,2,3,4,6,7]; c20:bw=38,experts=[1,5,6]; c45:bw=11,experts=[0]; c37:bw=18,experts=[3]; c2:bw=36,experts=[0,2,3]; c6:bw=65,experts=[0,1,3,4,5,7]; c41:bw=41,experts=[2,5,6,7]; c43:bw=51,experts=[0,1,2,3,4]; c40:bw=26,experts=[1,4]; c28:bw=10,experts=[7]; c16:bw=31,experts=[0,3,7]; c47:bw=10,experts=[5]; c7:bw=42,experts=[0,3,6,7]; c26:bw=10,experts=[6]; c15:bw=51,experts=[0,3,4,6,7]; c14:bw=28,experts=[2,5]; c17:bw=56,experts=[1,2,4,5,6]; c11:bw=63,experts=[0,1,2,3,4,7]; c23:bw=44,experts=[2,3,6,7]; c24:bw=61,experts=[1,2,3,4,5,6]; c48:bw=41,experts=[0,4,5,6]; c34:bw=61,experts=[0,3,4,5,6,7]","1.3153,1.4832,1.4354,0.7168,0.4361,1.0526,2.5973,0.8113,0.9320,0.9415,1.1737,0.6415,0.9709,0.9771,1.0377,1.5651,0.7687,1.0781,1.0678,0.6366,1.0595,1.1468,0.8889,0.7635,0.9597,1.1911,1.9396,1.1201,0.7782,1.2594,1.5567,0.8003,0.6185,1.1869,0.4325,0.8089,1.0201,0.8209,1.5924,0.6770,0.6166,1.1750,0.7751,1.3044,0.7922,0.7529,1.1765,0.7297,0.6376,0.8356"
38,2026-09-23 23:47:26,Ours,0.01,3.0263765451988682,24.59,24.59,38,52.6299,0:52.63,50.8376,0.6473,1.1399,2016.1943,33:36.19,50,"40,47,2,4,35,22,33,39,20,6,5,41,3,34,18,13,12,8,26,28,1,25,48,38,9,0,19,27,49,36,15,14,43,11,16,23,21,42,7,44,32,24,10,31,37,30,46,45,17,29",40:62;47:18;2:10;4:52;35:23;22:46;33:60;39:64;20:36;6:17;5:10;41:72;3:38;34:65;18:44;13:63;12:47;8:46;26:44;28:30;1:31;25:58;48:36;38:19;9:26;0:40;19:61;27:48;49:24;36:64;15:12;14:41;43:10;11:17;16:38;23:30;21:51;42:33;7:51;44:29;32:20;24:38;10:39;31:52;37:14;30:34;46:47;45:59;17:41;29:21,"40:[0,1,2,3,4,6];47:[2];2:[4];4:[1,2,3,6,7];35:[0,2];22:[0,2,5,6];33:[0,1,3,4,6,7];39:[0,1,2,4,5,7];20:[3,5,7];6:[5];5:[6];41:[0,1,2,3,4,5,6];3:[2,5,7];34:[0,1,3,4,6,7];18:[1,2,4,6];13:[0,2,3,4,6,7];12:[1,3,4,6];8:[1,2,5,6];26:[1,2,3,6];28:[2,3,4];1:[1,2,6];25:[0,1,4,5,7];48:[3,4,7];38:[0];9:[0,6];0:[1,2,6,7];19:[1,2,3,4,5,6];27:[0,1,5,6];49:[6,7];36:[0,2,4,5,6,7];15:[3];14:[0,1,2,7];43:[2];11:[0];16:[1,5,6];23:[0,3,4];21:[0,1,2,4,7];42:[1,3,6];7:[0,1,3,6,7];44:[0,1];32:[0,4];24:[1,2,7];10:[0,2,4];31:[3,4,5,6,7];37:[7];30:[4,6,7];46:[0,1,2,7];45:[1,2,5,6,7];17:[0,2,4,5];29:[1,4]","c40:bw=62,experts=[0,1,2,3,4,6]; c47:bw=18,experts=[2]; c2:bw=10,experts=[4]; c4:bw=52,experts=[1,2,3,6,7]; c35:bw=23,experts=[0,2]; c22:bw=46,experts=[0,2,5,6]; c33:bw=60,experts=[0,1,3,4,6,7]; c39:bw=64,experts=[0,1,2,4,5,7]; c20:bw=36,experts=[3,5,7]; c6:bw=17,experts=[5]; c5:bw=10,experts=[6]; c41:bw=72,experts=[0,1,2,3,4,5,6]; c3:bw=38,experts=[2,5,7]; c34:bw=65,experts=[0,1,3,4,6,7]; c18:bw=44,experts=[1,2,4,6]; c13:bw=63,experts=[0,2,3,4,6,7]; c12:bw=47,experts=[1,3,4,6]; c8:bw=46,experts=[1,2,5,6]; c26:bw=44,experts=[1,2,3,6]; c28:bw=30,experts=[2,3,4]; c1:bw=31,experts=[1,2,6]; c25:bw=58,experts=[0,1,4,5,7]; c48:bw=36,experts=[3,4,7]; c38:bw=19,experts=[0]; c9:bw=26,experts=[0,6]; c0:bw=40,experts=[1,2,6,7]; c19:bw=61,experts=[1,2,3,4,5,6]; c27:bw=48,experts=[0,1,5,6]; c49:bw=24,experts=[6,7]; c36:bw=64,experts=[0,2,4,5,6,7]; c15:bw=12,experts=[3]; c14:bw=41,experts=[0,1,2,7]; c43:bw=10,experts=[2]; c11:bw=17,experts=[0]; c16:bw=38,experts=[1,5,6]; c23:bw=30,experts=[0,3,4]; c21:bw=51,experts=[0,1,2,4,7]; c42:bw=33,experts=[1,3,6]; c7:bw=51,experts=[0,1,3,6,7]; c44:bw=29,experts=[0,1]; c32:bw=20,experts=[0,4]; c24:bw=38,experts=[1,2,7]; c10:bw=39,experts=[0,2,4]; c31:bw=52,experts=[3,4,5,6,7]; c37:bw=14,experts=[7]; c30:bw=34,experts=[4,6,7]; c46:bw=47,experts=[0,1,2,7]; c45:bw=59,experts=[1,2,5,6,7]; c17:bw=41,experts=[0,2,4,5]; c29:bw=21,experts=[1,4]","1.0245,0.6845,0.6212,1.1890,0.8858,1.3270,1.0702,1.0335,1.2153,1.2435,1.5508,0.4403,1.0685,0.8478,0.9774,0.7734,0.6404,0.7744,1.2049,0.8292,0.9467,1.9475,0.6444,0.6441,1.0520,0.4307,0.9577,1.1182,2.5379,0.7987,0.7654,1.2938,0.8096,0.7487,1.6035,1.1809,1.4142,0.9697,0.6622,0.7089,1.2043,0.7445,0.9246,1.1216,0.8021,1.0662,0.7711,1.5468,0.8133,1.2066"
39,2026-09-23 23:48:20,Ours,0.01,3.042496783228027,25.2,25.2,39,54.0401,0:54.04,52.2396,0.6425,1.1529,2070.2621,34:30.26,50,"0,34,1,14,47,29,20,4,35,28,32,26,22,24,16,23,12,18,37,17,40,13,9,49,45,21,25,42,3,15,33,46,6,19,27,36,7,11,31,30,38,48,44,8,5,2,10,39,43,41",0:10;34:47;1:45;14:57;47:45;29:16;20:68;4:36;35:29;28:54;32:63;26:37;22:28;24:44;16:29;23:49;12:49;18:25;37:63;17:42;40:40;13:49;9:24;49:56;45:33;21:52;25:35;42:23;3:26;15:30;33:49;46:15;6:31;19:18;27:39;36:65;7:40;11:51;31:39;30:43;38:57;48:39;44:38;8:45;5:75;2:36;10:24;39:62;43:27;41:51,"0:[3];34:[1,3,5,7];1:[3,5,6,7];14:[0,2,3,4,7];47:[0,3,5,7];29:[7];20:[1,2,3,4,5,7];4:[2,3,6];35:[1,5];28:[1,2,4,6,7];32:[0,2,3,4,5,7];26:[2,3,7];22:[5,7];24:[3,5,6,7];16:[1,2];23:[0,2,4,7];12:[1,2,3,6];18:[0,1];37:[0,1,2,3,4,5];17:[1,2,5,6];40:[0,1,3,6];13:[0,2,3,4];9:[3,6];49:[0,1,2,3,4];45:[2,5,6];21:[2,3,4,5,6];25:[3,5,6];42:[0,4];3:[3,6];15:[1,2,6];33:[1,3,4,6];46:[5];6:[0,1,6];19:[7];27:[0,3,7];36:[1,2,3,4,5,7];7:[1,2,4,5];11:[1,3,4,5,7];31:[0,2,5];30:[1,3,5,7];38:[0,1,3,4,7];48:[0,1,4];44:[0,1,5];8:[0,1,2,4];5:[0,2,3,4,5,6,7];2:[0,1,3];10:[0,3];39:[1,2,4,5,6,7];43:[4,6];41:[2,3,5,6,7]","c0:bw=10,experts=[3]; c34:bw=47,experts=[1,3,5,7]; c1:bw=45,experts=[3,5,6,7]; c14:bw=57,experts=[0,2,3,4,7]; c47:bw=45,experts=[0,3,5,7]; c29:bw=16,experts=[7]; c20:bw=68,experts=[1,2,3,4,5,7]; c4:bw=36,experts=[2,3,6]; c35:bw=29,experts=[1,5]; c28:bw=54,experts=[1,2,4,6,7]; c32:bw=63,experts=[0,2,3,4,5,7]; c26:bw=37,experts=[2,3,7]; c22:bw=28,experts=[5,7]; c24:bw=44,experts=[3,5,6,7]; c16:bw=29,experts=[1,2]; c23:bw=49,experts=[0,2,4,7]; c12:bw=49,experts=[1,2,3,6]; c18:bw=25,experts=[0,1]; c37:bw=63,experts=[0,1,2,3,4,5]; c17:bw=42,experts=[1,2,5,6]; c40:bw=40,experts=[0,1,3,6]; c13:bw=49,experts=[0,2,3,4]; c9:bw=24,experts=[3,6]; c49:bw=56,experts=[0,1,2,3,4]; c45:bw=33,experts=[2,5,6]; c21:bw=52,experts=[2,3,4,5,6]; c25:bw=35,experts=[3,5,6]; c42:bw=23,experts=[0,4]; c3:bw=26,experts=[3,6]; c15:bw=30,experts=[1,2,6]; c33:bw=49,experts=[1,3,4,6]; c46:bw=15,experts=[5]; c6:bw=31,experts=[0,1,6]; c19:bw=18,experts=[7]; c27:bw=39,experts=[0,3,7]; c36:bw=65,experts=[1,2,3,4,5,7]; c7:bw=40,experts=[1,2,4,5]; c11:bw=51,experts=[1,3,4,5,7]; c31:bw=39,experts=[0,2,5]; c30:bw=43,experts=[1,3,5,7]; c38:bw=57,experts=[0,1,3,4,7]; c48:bw=39,experts=[0,1,4]; c44:bw=38,experts=[0,1,5]; c8:bw=45,experts=[0,1,2,4]; c5:bw=75,experts=[0,2,3,4,5,6,7]; c2:bw=36,experts=[0,1,3]; c10:bw=24,experts=[0,3]; c39:bw=62,experts=[1,2,4,5,6,7]; c43:bw=27,experts=[4,6]; c41:bw=51,experts=[2,3,5,6,7]","0.4370,0.8459,0.9426,1.3249,0.6740,1.2186,1.2050,1.1897,0.8928,0.9123,1.2007,1.1977,1.3322,0.7408,1.6018,1.2147,0.6582,0.9604,0.8526,0.8718,1.1315,0.8400,1.1579,2.7818,1.6945,1.5336,2.1210,1.0554,1.1719,0.8378,1.1487,0.7718,1.1763,0.9467,1.1145,0.7956,0.6189,0.7543,1.1325,1.0592,0.6285,0.6347,0.7100,0.7916,1.5618,0.6143,0.9165,1.0209,0.8124,0.4311"
40,2026-09-23 23:49:13,Ours,0.01,3.0447575625258088,25.39,25.39,40,52.5479,0:52.55,50.7463,0.6434,1.153,2122.8362,35:22.84,50,"10,0,7,12,42,45,13,24,43,41,46,5,47,15,38,22,33,1,26,8,48,16,49,44,37,35,3,4,19,23,39,25,30,20,29,11,6,32,14,28,34,9,27,2,40,31,36,21,18,17",10:60;0:36;7:66;12:42;42:23;45:66;13:32;24:51;43:35;41:40;46:52;5:32;47:10;15:22;38:10;22:43;33:27;1:42;26:63;8:26;48:23;16:29;49:43;44:10;37:35;35:32;3:10;4:19;19:23;23:50;39:23;25:67;30:42;20:21;29:43;11:15;6:46;32:48;14:58;28:10;34:49;9:40;27:38;2:65;40:34;31:61;36:48;21:35;18:38;17:30,"10:[0,2,3,4,5,6];0:[3,4,7];7:[0,1,2,3,6,7];12:[1,2,3,7];42:[2,5];45:[1,2,3,5,6,7];13:[1,6,7];24:[1,2,3,5,6];43:[1,3,6];41:[2,3,4,6];46:[1,2,4,5,6];5:[5,6,7];47:[3];15:[0,7];38:[5];22:[1,3,6,7];33:[1,7];1:[0,2,3,4];26:[0,1,3,4,6,7];8:[0,7];48:[0,4];16:[2,5];49:[3,4,5,6];44:[7];37:[0,2,5];35:[0,1,3];3:[7];4:[2];19:[0,5];23:[0,1,5,6,7];39:[0,3];25:[2,3,4,5,6,7];30:[0,1,4,5];20:[4,5];29:[0,2,3,4];11:[5];6:[0,2,3,5];32:[0,2,3,7];14:[0,2,3,5,7];28:[7];34:[0,2,3,5];9:[3,5,6,7];27:[3,4,7];2:[1,2,4,5,6,7];40:[0,2,5];31:[0,1,2,4,5,7];36:[1,2,3,7];21:[2,3,6];18:[1,4,6];17:[0,2,7]","c10:bw=60,experts=[0,2,3,4,5,6]; c0:bw=36,experts=[3,4,7]; c7:bw=66,experts=[0,1,2,3,6,7]; c12:bw=42,experts=[1,2,3,7]; c42:bw=23,experts=[2,5]; c45:bw=66,experts=[1,2,3,5,6,7]; c13:bw=32,experts=[1,6,7]; c24:bw=51,experts=[1,2,3,5,6]; c43:bw=35,experts=[1,3,6]; c41:bw=40,experts=[2,3,4,6]; c46:bw=52,experts=[1,2,4,5,6]; c5:bw=32,experts=[5,6,7]; c47:bw=10,experts=[3]; c15:bw=22,experts=[0,7]; c38:bw=10,experts=[5]; c22:bw=43,experts=[1,3,6,7]; c33:bw=27,experts=[1,7]; c1:bw=42,experts=[0,2,3,4]; c26:bw=63,experts=[0,1,3,4,6,7]; c8:bw=26,experts=[0,7]; c48:bw=23,experts=[0,4]; c16:bw=29,experts=[2,5]; c49:bw=43,experts=[3,4,5,6]; c44:bw=10,experts=[7]; c37:bw=35,experts=[0,2,5]; c35:bw=32,experts=[0,1,3]; c3:bw=10,experts=[7]; c4:bw=19,experts=[2]; c19:bw=23,experts=[0,5]; c23:bw=50,experts=[0,1,5,6,7]; c39:bw=23,experts=[0,3]; c25:bw=67,experts=[2,3,4,5,6,7]; c30:bw=42,experts=[0,1,4,5]; c20:bw=21,experts=[4,5]; c29:bw=43,experts=[0,2,3,4]; c11:bw=15,experts=[5]; c6:bw=46,experts=[0,2,3,5]; c32:bw=48,experts=[0,2,3,7]; c14:bw=58,experts=[0,2,3,5,7]; c28:bw=10,experts=[7]; c34:bw=49,experts=[0,2,3,5]; c9:bw=40,experts=[3,5,6,7]; c27:bw=38,experts=[3,4,7]; c2:bw=65,experts=[1,2,4,5,6,7]; c40:bw=34,experts=[0,2,5]; c31:bw=61,experts=[0,1,2,4,5,7]; c36:bw=48,experts=[1,2,3,7]; c21:bw=35,experts=[2,3,6]; c18:bw=38,experts=[1,4,6]; c17:bw=30,experts=[0,2,7]","0.9498,0.4356,0.6273,0.6375,0.9626,1.5746,0.7725,0.7438,0.8180,0.4410,0.7762,1.5556,0.6752,0.7762,0.6262,1.3139,1.0498,0.9376,1.1977,0.7642,0.6416,1.6103,2.5560,0.7409,0.8121,0.8770,1.0711,1.1703,0.9641,1.1794,1.0257,1.9420,1.0602,1.1940,1.2087,0.7517,1.1985,1.2049,1.3233,0.8289,0.8357,1.0460,1.1120,0.6159,1.0254,1.1350,0.8067,1.4150,0.9533,0.8055"
41,2026-09-23 23:50:06,Ours,0.01,3.004026177979515,25.95,25.95,41,52.621,0:52.62,50.6757,0.6582,1.2818,2175.486,36:15.49,50,"43,15,45,44,18,49,21,47,8,28,40,23,9,10,46,30,12,3,11,42,0,48,41,2,31,27,33,26,16,5,6,36,19,24,37,4,1,38,13,22,29,35,7,25,34,32,14,20,39,17",43:10;15:24;45:50;44:15;18:10;49:13;21:18;47:24;8:57;28:51;40:40;23:37;9:54;10:42;46:63;30:19;12:18;3:40;11:41;42:25;0:10;48:10;41:66;2:54;31:54;27:52;33:50;26:10;16:25;5:61;6:10;36:61;19:19;24:58;37:25;4:50;1:10;38:21;13:45;22:46;29:38;35:21;7:68;25:29;34:10;32:76;14:61;20:39;39:12;17:52,"43:[7];15:[4,5];45:[2,4,5,6,7];44:[5];18:[0];49:[6];21:[6];47:[2,3];8:[1,2,3,5,7];28:[2,3,5,6,7];40:[0,1,4,5];23:[3,4,7];9:[0,1,2,6,7];10:[1,5,6,7];46:[0,1,3,4,5,7];30:[7];12:[3];3:[0,1,2,3];11:[0,4,5,6];42:[3,5];0:[2];48:[0];41:[0,3,4,5,6,7];2:[1,2,3,4,5];31:[1,2,3,5,7];27:[1,2,3,6,7];33:[0,2,3,5,6];26:[4];16:[4,7];5:[0,2,3,5,6,7];6:[3];36:[1,2,3,4,6,7];19:[0];24:[0,1,4,5,7];37:[0,2];4:[0,2,3,6,7];1:[7];38:[1,5];13:[0,1,5,7];22:[2,3,4,5];29:[0,1,4];35:[3,6];7:[0,1,2,4,5,7];25:[1,6];34:[7];32:[0,1,2,3,4,6,7];14:[0,1,3,4,5,7];20:[1,2,7];39:[0];17:[2,4,5,6,7]","c43:bw=10,experts=[7]; c15:bw=24,experts=[4,5]; c45:bw=50,experts=[2,4,5,6,7]; c44:bw=15,experts=[5]; c18:bw=10,experts=[0]; c49:bw=13,experts=[6]; c21:bw=18,experts=[6]; c47:bw=24,experts=[2,3]; c8:bw=57,experts=[1,2,3,5,7]; c28:bw=51,experts=[2,3,5,6,7]; c40:bw=40,experts=[0,1,4,5]; c23:bw=37,experts=[3,4,7]; c9:bw=54,experts=[0,1,2,6,7]; c10:bw=42,experts=[1,5,6,7]; c46:bw=63,experts=[0,1,3,4,5,7]; c30:bw=19,experts=[7]; c12:bw=18,experts=[3]; c3:bw=40,experts=[0,1,2,3]; c11:bw=41,experts=[0,4,5,6]; c42:bw=25,experts=[3,5]; c0:bw=10,experts=[2]; c48:bw=10,experts=[0]; c41:bw=66,experts=[0,3,4,5,6,7]; c2:bw=54,experts=[1,2,3,4,5]; c31:bw=54,experts=[1,2,3,5,7]; c27:bw=52,experts=[1,2,3,6,7]; c33:bw=50,experts=[0,2,3,5,6]; c26:bw=10,experts=[4]; c16:bw=25,experts=[4,7]; c5:bw=61,experts=[0,2,3,5,6,7]; c6:bw=10,experts=[3]; c36:bw=61,experts=[1,2,3,4,6,7]; c19:bw=19,experts=[0]; c24:bw=58,experts=[0,1,4,5,7]; c37:bw=25,experts=[0,2]; c4:bw=50,experts=[0,2,3,6,7]; c1:bw=10,experts=[7]; c38:bw=21,experts=[1,5]; c13:bw=45,experts=[0,1,5,7]; c22:bw=46,experts=[2,3,4,5]; c29:bw=38,experts=[0,1,4]; c35:bw=21,experts=[3,6]; c7:bw=68,experts=[0,1,2,4,5,7]; c25:bw=29,experts=[1,6]; c34:bw=10,experts=[7]; c32:bw=76,experts=[0,1,2,3,4,6,7]; c14:bw=61,experts=[0,1,3,4,5,7]; c20:bw=39,experts=[1,2,7]; c39:bw=12,experts=[0]; c17:bw=52,experts=[2,4,5,6,7]","0.8460,0.7834,1.5964,0.7200,0.9530,2.5624,1.4248,0.6824,0.7732,0.8349,1.0325,1.2042,1.0454,0.9439,0.7832,1.0673,0.6397,1.0683,0.7569,0.9539,0.4336,0.6326,0.4328,0.6171,1.1430,1.1208,1.0531,1.1937,1.6016,1.5658,1.1890,0.7916,0.9496,0.7370,0.8093,1.1793,0.9216,0.6259,0.7595,1.2851,1.1924,0.8782,0.6232,1.9347,0.8290,1.2026,1.3012,1.1907,1.0163,0.7938"
42,2026-09-23 23:51:01,Ours,0.01,2.9876957007559537,25.66,25.95,41,55.3102,0:55.31,53.5243,0.6428,1.1381,2230.8231,37:10.82,50,"24,30,35,21,34,31,29,3,47,41,7,6,15,12,23,43,37,10,17,9,44,38,18,16,32,33,26,20,4,40,2,22,0,28,25,39,8,1,13,49,5,14,48,45,11,46,36,42,27,19",24:34;30:47;35:34;21:32;34:15;31:42;29:40;3:48;47:53;41:40;7:20;6:34;15:31;12:22;23:51;43:37;37:49;10:15;17:32;9:51;44:10;38:10;18:14;16:10;32:18;33:47;26:16;20:42;4:55;40:36;2:40;22:26;0:15;28:54;25:28;39:23;8:42;1:49;13:33;49:21;5:50;14:13;48:24;45:49;11:59;46:13;36:10;42:15;27:34;19:63,"24:[0,5,6];30:[2,3,4,5];35:[2,4,7];21:[2,3,6];34:[6];31:[1,2,5,6];29:[0,1,2,6];3:[0,1,3,4];47:[1,4,5,6,7];41:[0,1,5,6];7:[2,4];6:[3,4,7];15:[2,3,6];12:[3,7];23:[0,1,2,3,7];43:[4,5,6];37:[4,5,6,7];10:[7];17:[2,3,5];9:[1,3,4,6,7];44:[2];38:[7];18:[2];16:[1];32:[4];33:[3,4,5,7];26:[2];20:[0,1,2,6];4:[1,2,4,5,6];40:[1,5,7];2:[0,2,4,6];22:[2,3];0:[3];28:[0,1,3,4,7];25:[1,2];39:[4,6];8:[2,3,5,7];1:[3,4,5,7];13:[1,2,5];49:[0,2];5:[1,2,3,5,7];14:[3];48:[1,7];45:[1,3,4,7];11:[0,2,3,4,6];46:[6];36:[5];42:[2];27:[0,2,3];19:[0,1,2,3,4,5]","c24:bw=34,experts=[0,5,6]; c30:bw=47,experts=[2,3,4,5]; c35:bw=34,experts=[2,4,7]; c21:bw=32,experts=[2,3,6]; c34:bw=15,experts=[6]; c31:bw=42,experts=[1,2,5,6]; c29:bw=40,experts=[0,1,2,6]; c3:bw=48,experts=[0,1,3,4]; c47:bw=53,experts=[1,4,5,6,7]; c41:bw=40,experts=[0,1,5,6]; c7:bw=20,experts=[2,4]; c6:bw=34,experts=[3,4,7]; c15:bw=31,experts=[2,3,6]; c12:bw=22,experts=[3,7]; c23:bw=51,experts=[0,1,2,3,7]; c43:bw=37,experts=[4,5,6]; c37:bw=49,experts=[4,5,6,7]; c10:bw=15,experts=[7]; c17:bw=32,experts=[2,3,5]; c9:bw=51,experts=[1,3,4,6,7]; c44:bw=10,experts=[2]; c38:bw=10,experts=[7]; c18:bw=14,experts=[2]; c16:bw=10,experts=[1]; c32:bw=18,experts=[4]; c33:bw=47,experts=[3,4,5,7]; c26:bw=16,experts=[2]; c20:bw=42,experts=[0,1,2,6]; c4:bw=55,experts=[1,2,4,5,6]; c40:bw=36,experts=[1,5,7]; c2:bw=40,experts=[0,2,4,6]; c22:bw=26,experts=[2,3]; c0:bw=15,experts=[3]; c28:bw=54,experts=[0,1,3,4,7]; c25:bw=28,experts=[1,2]; c39:bw=23,experts=[4,6]; c8:bw=42,experts=[2,3,5,7]; c1:bw=49,experts=[3,4,5,7]; c13:bw=33,experts=[1,2,5]; c49:bw=21,experts=[0,2]; c5:bw=50,experts=[1,2,3,5,7]; c14:bw=13,experts=[3]; c48:bw=24,experts=[1,7]; c45:bw=49,experts=[1,3,4,7]; c11:bw=59,experts=[0,2,3,4,6]; c46:bw=13,experts=[6]; c36:bw=10,experts=[5]; c42:bw=15,experts=[2]; c27:bw=34,experts=[0,2,3]; c19:bw=63,experts=[0,1,2,3,4,5]","0.8237,1.1733,0.9790,1.5660,1.0142,1.2671,1.3486,1.2143,0.7726,0.4923,0.7175,1.3829,0.8860,0.7412,1.3604,0.9019,0.8737,1.0131,0.8816,1.1408,0.7730,0.6847,1.0358,1.7256,1.2927,1.1411,1.2785,1.3096,1.2482,1.0163,0.6193,1.2995,0.4245,0.8131,1.9244,1.0337,0.7618,0.9297,0.7547,2.5497,1.5333,1.3079,0.6397,1.5491,0.7511,0.7653,0.7985,0.9585,1.1031,0.9512"
43,2026-09-23 23:51:54,Ours,0.01,2.932161815636528,27.56,27.56,43,52.7156,0:52.72,50.9137,0.6536,1.1431,2283.5674,38:03.57,50,"10,2,23,44,36,6,27,41,35,5,12,1,45,48,43,8,42,19,40,15,18,22,39,3,13,24,30,26,11,34,32,14,46,38,16,17,29,9,25,47,33,21,4,37,31,28,49,0,20,7",10:37;2:51;23:34;44:52;36:29;6:12;27:61;41:63;35:16;5:53;12:10;1:58;45:48;48:54;43:50;8:45;42:57;19:54;40:38;15:14;18:24;22:41;39:33;3:65;13:16;24:54;30:23;26:59;11:55;34:33;32:11;14:66;46:50;38:17;16:21;17:47;29:28;9:32;25:44;47:38;33:27;21:34;4:34;37:49;31:27;28:27;49:20;0:21;20:48;7:21,"10:[0,4,6];2:[0,2,3,4,5];23:[0,5,6];44:[0,2,5,6,7];36:[3,6];6:[6];27:[0,2,3,4,5,6];41:[1,2,3,4,6,7];35:[1];5:[1,2,4,6,7];12:[6];1:[0,1,3,5,7];45:[2,5,6,7];48:[0,1,2,4,6];43:[0,1,2,4,7];8:[0,2,4,5];42:[0,1,4,5,7];19:[1,2,3,4,6];40:[0,1,5];15:[2];18:[1,6];22:[2,3,4,5];39:[2,3,5];3:[0,1,2,4,5,7];13:[3];24:[1,2,3,4,7];30:[0,5];26:[1,3,4,5,6];11:[2,3,4,6,7];34:[2,6,7];32:[5];14:[0,1,2,3,4,5];46:[1,2,3,5,7];38:[7];16:[0,5];17:[0,1,2,7];29:[6,7];9:[1,3,4];25:[2,4,6,7];47:[1,3,6];33:[0,4];21:[1,3,7];4:[4,6,7];37:[0,3,4,6];31:[0,5];28:[2,5];49:[1,7];0:[3,4];20:[0,3,5,7];7:[2,7]","c10:bw=37,experts=[0,4,6]; c2:bw=51,experts=[0,2,3,4,5]; c23:bw=34,experts=[0,5,6]; c44:bw=52,experts=[0,2,5,6,7]; c36:bw=29,experts=[3,6]; c6:bw=12,experts=[6]; c27:bw=61,experts=[0,2,3,4,5,6]; c41:bw=63,experts=[1,2,3,4,6,7]; c35:bw=16,experts=[1]; c5:bw=53,experts=[1,2,4,6,7]; c12:bw=10,experts=[6]; c1:bw=58,experts=[0,1,3,5,7]; c45:bw=48,experts=[2,5,6,7]; c48:bw=54,experts=[0,1,2,4,6]; c43:bw=50,experts=[0,1,2,4,7]; c8:bw=45,experts=[0,2,4,5]; c42:bw=57,experts=[0,1,4,5,7]; c19:bw=54,experts=[1,2,3,4,6]; c40:bw=38,experts=[0,1,5]; c15:bw=14,experts=[2]; c18:bw=24,experts=[1,6]; c22:bw=41,experts=[2,3,4,5]; c39:bw=33,experts=[2,3,5]; c3:bw=65,experts=[0,1,2,4,5,7]; c13:bw=16,experts=[3]; c24:bw=54,experts=[1,2,3,4,7]; c30:bw=23,experts=[0,5]; c26:bw=59,experts=[1,3,4,5,6]; c11:bw=55,experts=[2,3,4,6,7]; c34:bw=33,experts=[2,6,7]; c32:bw=11,experts=[5]; c14:bw=66,experts=[0,1,2,3,4,5]; c46:bw=50,experts=[1,2,3,5,7]; c38:bw=17,experts=[7]; c16:bw=21,experts=[0,5]; c17:bw=47,experts=[0,1,2,7]; c29:bw=28,experts=[6,7]; c9:bw=32,experts=[1,3,4]; c25:bw=44,experts=[2,4,6,7]; c47:bw=38,experts=[1,3,6]; c33:bw=27,experts=[0,4]; c21:bw=34,experts=[1,3,7]; c4:bw=34,experts=[4,6,7]; c37:bw=49,experts=[0,3,4,6]; c31:bw=27,experts=[0,5]; c28:bw=27,experts=[2,5]; c49:bw=20,experts=[1,7]; c0:bw=21,experts=[3,4]; c20:bw=48,experts=[0,3,5,7]; c7:bw=21,experts=[2,7]","0.9394,0.6237,1.2086,0.7375,0.8140,1.2070,1.1339,0.4422,0.8918,1.5671,0.6497,0.9350,1.6149,0.6435,0.8290,0.7717,0.9780,0.9711,1.0467,0.7708,0.9739,1.3070,1.0287,1.0757,0.7688,0.7350,1.0666,1.1912,0.7566,0.8393,1.2018,1.3105,0.7767,0.6290,1.5944,0.8015,1.2024,1.0336,1.9237,0.6714,1.0627,1.4233,1.1891,0.8122,1.1324,0.8200,2.5610,0.4253,1.2068,0.6177"
44,2026-09-23 23:52:48,Ours,0.01,2.9492471756907865,26.67,27.56,43,54.2086,0:54.21,52.4042,0.6423,1.1569,2337.8034,38:57.80,50,"32,42,43,8,4,15,19,36,1,13,7,38,34,9,48,28,2,49,16,25,35,27,26,31,11,39,14,20,24,6,21,29,23,0,47,41,22,12,17,45,5,18,44,46,37,33,3,10,40,30",32:10;42:63;43:30;8:34;4:29;15:50;19:10;36:61;1:45;13:28;7:75;38:10;34:19;9:37;48:58;28:36;2:37;49:28;16:76;25:36;35:41;27:31;26:45;31:29;11:16;39:61;14:65;20:56;24:31;6:20;21:58;29:68;23:36;0:66;47:29;41:54;22:23;12:40;17:12;45:16;5:24;18:54;44:53;46:42;37:35;33:51;3:47;10:56;40:38;30:70,"32:[7];42:[0,1,2,4,5,6];43:[1,3,6];8:[2,4,7];4:[1,5];15:[0,2,5,6,7];19:[5];36:[0,2,3,4,5,6];1:[1,2,5,7];13:[6,7];7:[0,1,2,3,4,6,7];38:[0];34:[2];9:[3,5,7];48:[0,1,2,5,7];28:[1,3,6];2:[0,2,5];49:[3,5];16:[0,1,2,3,4,6,7];25:[4,5,6];35:[2,3,4,6];27:[5,6,7];26:[0,1,2,4];31:[1,4];11:[6];39:[1,2,3,5,6,7];14:[1,2,3,4,5,6];20:[0,2,3,5,7];24:[0,4,6];6:[4,6];21:[0,1,5,6,7];29:[1,2,3,5,6,7];23:[2,5,6];0:[0,2,3,5,6,7];47:[3,5];41:[0,2,4,6,7];22:[3,7];12:[0,5,6,7];17:[0];45:[4];5:[2,4];18:[1,3,4,6,7];44:[0,2,3,6,7];46:[3,5,6,7];37:[0,3,6];33:[1,2,3,4,6];3:[1,3,4,7];10:[0,1,2,4,5];40:[1,5,6];30:[0,1,2,3,4,5,6]","c32:bw=10,experts=[7]; c42:bw=63,experts=[0,1,2,4,5,6]; c43:bw=30,experts=[1,3,6]; c8:bw=34,experts=[2,4,7]; c4:bw=29,experts=[1,5]; c15:bw=50,experts=[0,2,5,6,7]; c19:bw=10,experts=[5]; c36:bw=61,experts=[0,2,3,4,5,6]; c1:bw=45,experts=[1,2,5,7]; c13:bw=28,experts=[6,7]; c7:bw=75,experts=[0,1,2,3,4,6,7]; c38:bw=10,experts=[0]; c34:bw=19,experts=[2]; c9:bw=37,experts=[3,5,7]; c48:bw=58,experts=[0,1,2,5,7]; c28:bw=36,experts=[1,3,6]; c2:bw=37,experts=[0,2,5]; c49:bw=28,experts=[3,5]; c16:bw=76,experts=[0,1,2,3,4,6,7]; c25:bw=36,experts=[4,5,6]; c35:bw=41,experts=[2,3,4,6]; c27:bw=31,experts=[5,6,7]; c26:bw=45,experts=[0,1,2,4]; c31:bw=29,experts=[1,4]; c11:bw=16,experts=[6]; c39:bw=61,experts=[1,2,3,5,6,7]; c14:bw=65,experts=[1,2,3,4,5,6]; c20:bw=56,experts=[0,2,3,5,7]; c24:bw=31,experts=[0,4,6]; c6:bw=20,experts=[4,6]; c21:bw=58,experts=[0,1,5,6,7]; c29:bw=68,experts=[1,2,3,5,6,7]; c23:bw=36,experts=[2,5,6]; c0:bw=66,experts=[0,2,3,5,6,7]; c47:bw=29,experts=[3,5]; c41:bw=54,experts=[0,2,4,6,7]; c22:bw=23,experts=[3,7]; c12:bw=40,experts=[0,5,6,7]; c17:bw=12,experts=[0]; c45:bw=16,experts=[4]; c5:bw=24,experts=[2,4]; c18:bw=54,experts=[1,3,4,6,7]; c44:bw=53,experts=[0,2,3,6,7]; c46:bw=42,experts=[3,5,6,7]; c37:bw=35,experts=[0,3,6]; c33:bw=51,experts=[1,2,3,4,6]; c3:bw=47,experts=[1,3,4,7]; c10:bw=56,experts=[0,1,2,4,5]; c40:bw=38,experts=[1,5,6]; c30:bw=70,experts=[0,1,2,3,4,5,6]","1.2015,0.9714,0.8321,0.7750,1.1893,0.7809,0.9757,0.8011,0.9341,0.7673,0.6327,0.6413,0.8498,1.0478,0.6466,0.8338,0.7118,2.5833,1.6158,1.9837,0.8904,1.1230,1.1851,1.1386,0.7454,1.0255,1.3260,1.2166,0.7670,1.3012,1.5479,1.3133,1.2931,0.4729,0.7279,0.4807,1.4131,0.6962,0.9036,1.7068,1.6858,1.0347,0.7792,0.8412,0.8338,1.0546,1.0786,0.9534,1.0272,1.0663"
45,2026-09-23 23:53:41,Ours,0.01,2.894978672593786,28.42,28.42,45,52.8102,0:52.81,51.0122,0.6454,1.1475,2390.6433,39:50.64,50,"44,19,30,6,45,17,16,37,8,23,0,47,40,26,9,7,2,48,32,34,49,13,1,29,21,12,42,31,43,18,10,3,46,39,15,38,20,5,22,41,35,14,36,33,4,11,24,25,28,27",44:41;19:67;30:21;6:10;45:26;17:10;16:54;37:21;8:55;23:42;0:36;47:54;40:58;26:22;9:25;7:36;2:49;48:10;32:79;34:32;49:60;13:53;1:56;29:50;21:58;12:61;42:16;31:52;43:33;18:16;10:42;3:67;46:71;39:28;15:33;38:44;20:52;5:44;22:37;41:12;35:43;14:41;36:24;33:61;4:64;11:53;24:13;25:32;28:21;27:10,"44:[1,2,4,5];19:[0,1,3,5,6,7];30:[2,3];6:[0];45:[1,4];17:[2];16:[0,1,2,5,7];37:[1,3];8:[0,2,3,5,6];23:[1,4,5,7];0:[3,4,6];47:[0,2,3,4,6];40:[0,1,3,5,7];26:[4,7];9:[3,6];7:[0,5,6];2:[1,4,6,7];48:[0];32:[0,1,2,3,4,5,6];34:[5,6,7];49:[0,1,4,5,6,7];13:[0,1,2,6,7];1:[0,1,2,3,7];29:[0,3,4,5,6];21:[1,2,4,5,6];12:[0,1,3,4,6,7];42:[6];31:[1,2,4,5,6];43:[0,1,7];18:[7];10:[1,3,4,5];3:[0,1,2,3,4,5];46:[0,1,2,3,4,6,7];39:[1,3];15:[2,3,4];38:[0,1,4,7];20:[0,2,3,4,5];5:[1,3,4,7];22:[3,4,5];41:[0];35:[0,2,5,6];14:[0,1,3,7];36:[1,6];33:[0,1,2,5,6,7];4:[0,1,3,4,5,7];11:[2,3,4,5,7];24:[3];25:[0,2,6];28:[1,3];27:[4]","c44:bw=41,experts=[1,2,4,5]; c19:bw=67,experts=[0,1,3,5,6,7]; c30:bw=21,experts=[2,3]; c6:bw=10,experts=[0]; c45:bw=26,experts=[1,4]; c17:bw=10,experts=[2]; c16:bw=54,experts=[0,1,2,5,7]; c37:bw=21,experts=[1,3]; c8:bw=55,experts=[0,2,3,5,6]; c23:bw=42,experts=[1,4,5,7]; c0:bw=36,experts=[3,4,6]; c47:bw=54,experts=[0,2,3,4,6]; c40:bw=58,experts=[0,1,3,5,7]; c26:bw=22,experts=[4,7]; c9:bw=25,experts=[3,6]; c7:bw=36,experts=[0,5,6]; c2:bw=49,experts=[1,4,6,7]; c48:bw=10,experts=[0]; c32:bw=79,experts=[0,1,2,3,4,5,6]; c34:bw=32,experts=[5,6,7]; c49:bw=60,experts=[0,1,4,5,6,7]; c13:bw=53,experts=[0,1,2,6,7]; c1:bw=56,experts=[0,1,2,3,7]; c29:bw=50,experts=[0,3,4,5,6]; c21:bw=58,experts=[1,2,4,5,6]; c12:bw=61,experts=[0,1,3,4,6,7]; c42:bw=16,experts=[6]; c31:bw=52,experts=[1,2,4,5,6]; c43:bw=33,experts=[0,1,7]; c18:bw=16,experts=[7]; c10:bw=42,experts=[1,3,4,5]; c3:bw=67,experts=[0,1,2,3,4,5]; c46:bw=71,experts=[0,1,2,3,4,6,7]; c39:bw=28,experts=[1,3]; c15:bw=33,experts=[2,3,4]; c38:bw=44,experts=[0,1,4,7]; c20:bw=52,experts=[0,2,3,4,5]; c5:bw=44,experts=[1,3,4,7]; c22:bw=37,experts=[3,4,5]; c41:bw=12,experts=[0]; c35:bw=43,experts=[0,2,5,6]; c14:bw=41,experts=[0,1,3,7]; c36:bw=24,experts=[1,6]; c33:bw=61,experts=[0,1,2,5,6,7]; c4:bw=64,experts=[0,1,3,4,5,7]; c11:bw=53,experts=[2,3,4,5,7]; c24:bw=13,experts=[3]; c25:bw=32,experts=[0,2,6]; c28:bw=21,experts=[1,3]; c27:bw=10,experts=[4]","0.7253,0.9751,1.0708,1.2062,1.5902,0.8110,1.6284,0.8203,0.7746,1.2141,0.4357,0.6855,1.0428,1.2150,1.0567,0.6284,0.6286,0.6503,1.2260,0.8482,2.5919,0.7781,0.9461,1.2242,1.4567,0.6370,0.9665,1.1613,0.8169,0.9514,0.9308,1.0696,0.7781,1.0279,0.7773,0.6358,1.1928,1.5258,1.2903,0.4315,0.8770,1.3156,0.7966,1.0500,1.1783,0.7524,0.7390,1.9416,0.8199,1.1187"
46,2026-09-23 23:54:34,Ours,0.01,2.8887057216262706,28.61,28.61,46,52.8045,0:52.80,50.9993,0.653,1.1471,2443.4788,40:43.48,50,"26,5,28,40,13,10,11,22,32,38,46,29,44,2,1,33,36,42,37,18,17,43,4,16,15,30,7,31,24,34,23,9,14,45,25,8,27,39,20,21,12,0,49,3,19,35,47,41,48,6",26:48;5:41;28:11;40:48;13:50;10:59;11:38;22:31;32:52;38:63;46:46;29:10;44:50;2:57;1:41;33:58;36:61;42:33;37:19;18:44;17:15;43:40;4:64;16:28;15:14;30:63;7:28;31:24;24:30;34:64;23:37;9:37;14:39;45:35;25:20;8:39;27:22;39:24;20:50;21:32;12:53;0:55;49:49;3:27;19:10;35:38;47:57;41:63;48:31;6:39,"26:[1,3,5,7];5:[0,4,5,6];28:[6];40:[2,5,6,7];13:[0,2,3,4,6];10:[0,1,4,5,7];11:[0,3,7];22:[1,4,6];32:[0,3,4,6,7];38:[1,2,3,4,5,7];46:[3,4,6,7];29:[4];44:[0,2,4,5,7];2:[0,1,2,5,7];1:[3,4,5,7];33:[1,2,3,4,5];36:[1,2,3,4,5,6];42:[0,2,5];37:[5];18:[2,3,5,7];17:[0];43:[0,2,3,5];4:[0,1,3,4,5,6];16:[2,4];15:[1];30:[0,1,3,4,5,7];7:[0,7];31:[1,7];24:[1,2,3];34:[0,1,4,5,6,7];23:[0,2,5];9:[2,5,6];14:[1,4,5];45:[0,3,4];25:[3,4];8:[1,3,6];27:[1,2];39:[1,5];20:[0,2,3,6,7];21:[0,4,7];12:[0,1,2,3,6];0:[1,2,5,6,7];49:[4,5,6,7];3:[1,5];19:[7];35:[0,5,6];47:[0,2,3,6,7];41:[1,2,3,4,6,7];48:[1,3,7];6:[2,5,6]","c26:bw=48,experts=[1,3,5,7]; c5:bw=41,experts=[0,4,5,6]; c28:bw=11,experts=[6]; c40:bw=48,experts=[2,5,6,7]; c13:bw=50,experts=[0,2,3,4,6]; c10:bw=59,experts=[0,1,4,5,7]; c11:bw=38,experts=[0,3,7]; c22:bw=31,experts=[1,4,6]; c32:bw=52,experts=[0,3,4,6,7]; c38:bw=63,experts=[1,2,3,4,5,7]; c46:bw=46,experts=[3,4,6,7]; c29:bw=10,experts=[4]; c44:bw=50,experts=[0,2,4,5,7]; c2:bw=57,experts=[0,1,2,5,7]; c1:bw=41,experts=[3,4,5,7]; c33:bw=58,experts=[1,2,3,4,5]; c36:bw=61,experts=[1,2,3,4,5,6]; c42:bw=33,experts=[0,2,5]; c37:bw=19,experts=[5]; c18:bw=44,experts=[2,3,5,7]; c17:bw=15,experts=[0]; c43:bw=40,experts=[0,2,3,5]; c4:bw=64,experts=[0,1,3,4,5,6]; c16:bw=28,experts=[2,4]; c15:bw=14,experts=[1]; c30:bw=63,experts=[0,1,3,4,5,7]; c7:bw=28,experts=[0,7]; c31:bw=24,experts=[1,7]; c24:bw=30,experts=[1,2,3]; c34:bw=64,experts=[0,1,4,5,6,7]; c23:bw=37,experts=[0,2,5]; c9:bw=37,experts=[2,5,6]; c14:bw=39,experts=[1,4,5]; c45:bw=35,experts=[0,3,4]; c25:bw=20,experts=[3,4]; c8:bw=39,experts=[1,3,6]; c27:bw=22,experts=[1,2]; c39:bw=24,experts=[1,5]; c20:bw=50,experts=[0,2,3,6,7]; c21:bw=32,experts=[0,4,7]; c12:bw=53,experts=[0,1,2,3,6]; c0:bw=55,experts=[1,2,5,6,7]; c49:bw=49,experts=[4,5,6,7]; c3:bw=27,experts=[1,5]; c19:bw=10,experts=[7]; c35:bw=38,experts=[0,5,6]; c47:bw=57,experts=[0,2,3,6,7]; c41:bw=63,experts=[1,2,3,4,6,7]; c48:bw=31,experts=[1,3,7]; c6:bw=39,experts=[2,5,6]","1.2069,1.5905,0.8401,1.0357,0.7654,0.9452,0.7686,1.3169,1.2216,0.6416,0.7887,1.2228,0.7213,0.6214,0.9456,1.0673,0.8105,0.9684,0.8038,0.9626,0.8046,0.8253,1.1727,1.6100,0.7776,1.0693,0.6225,1.1361,0.7379,0.8356,1.1944,1.0419,1.3428,1.5976,1.9485,0.7751,1.1115,1.0177,1.2258,1.4291,0.6356,0.4297,2.5605,1.0630,0.9621,0.8901,0.6712,0.4332,0.6438,1.1892"
47,2026-09-23 23:55:28,Ours,0.01,2.92636698919629,27.55,28.61,46,54.2105,0:54.21,52.4249,0.6445,1.136,2497.7197,41:37.72,50,"44,35,25,19,41,28,11,15,26,30,45,0,4,7,32,22,46,23,29,5,3,18,37,43,40,48,38,33,47,39,2,17,49,42,1,24,12,13,8,9,10,31,6,27,34,14,36,21,16,20",44:49;35:36;25:23;19:28;41:10;28:34;11:39;15:42;26:10;30:34;45:45;0:46;4:10;7:53;32:28;22:63;46:29;23:10;29:11;5:52;3:70;18:10;37:10;43:22;40:16;48:73;38:10;33:39;47:52;39:41;2:54;17:20;49:21;42:57;1:30;24:40;12:15;13:33;8:39;9:17;10:51;31:52;6:22;27:48;34:23;14:24;36:50;21:45;16:68;20:53,"44:[1,2,3,6];35:[0,1,3];25:[5,6];19:[0,4];41:[6];28:[1,2,7];11:[3,4,7];15:[2,4,6,7];26:[3];30:[2,3,4];45:[1,3,4,6];0:[2,4,5,7];4:[1];7:[0,1,5,6,7];32:[1,6];22:[1,3,4,5,6,7];46:[5,6];23:[4];29:[4];5:[0,2,3,6,7];3:[0,1,2,4,5,6,7];18:[2];37:[6];43:[2,7];40:[3];48:[0,2,3,4,5,6,7];38:[2];33:[1,5,6];47:[0,1,4,5,6];39:[0,4,5,7];2:[0,1,2,6,7];17:[4,6];49:[3,5];42:[0,1,3,5,6];1:[0,1,7];24:[0,1,3,4];12:[2];13:[3,6,7];8:[4,5,7];9:[7];10:[0,1,2,3,7];31:[0,1,3,5,7];6:[0,1];27:[1,2,6,7];34:[0,5];14:[2,3];36:[1,2,3,5,7];21:[1,2,3,5];16:[0,1,2,3,5,6];20:[0,1,3,6,7]","c44:bw=49,experts=[1,2,3,6]; c35:bw=36,experts=[0,1,3]; c25:bw=23,experts=[5,6]; c19:bw=28,experts=[0,4]; c41:bw=10,experts=[6]; c28:bw=34,experts=[1,2,7]; c11:bw=39,experts=[3,4,7]; c15:bw=42,experts=[2,4,6,7]; c26:bw=10,experts=[3]; c30:bw=34,experts=[2,3,4]; c45:bw=45,experts=[1,3,4,6]; c0:bw=46,experts=[2,4,5,7]; c4:bw=10,experts=[1]; c7:bw=53,experts=[0,1,5,6,7]; c32:bw=28,experts=[1,6]; c22:bw=63,experts=[1,3,4,5,6,7]; c46:bw=29,experts=[5,6]; c23:bw=10,experts=[4]; c29:bw=11,experts=[4]; c5:bw=52,experts=[0,2,3,6,7]; c3:bw=70,experts=[0,1,2,4,5,6,7]; c18:bw=10,experts=[2]; c37:bw=10,experts=[6]; c43:bw=22,experts=[2,7]; c40:bw=16,experts=[3]; c48:bw=73,experts=[0,2,3,4,5,6,7]; c38:bw=10,experts=[2]; c33:bw=39,experts=[1,5,6]; c47:bw=52,experts=[0,1,4,5,6]; c39:bw=41,experts=[0,4,5,7]; c2:bw=54,experts=[0,1,2,6,7]; c17:bw=20,experts=[4,6]; c49:bw=21,experts=[3,5]; c42:bw=57,experts=[0,1,3,5,6]; c1:bw=30,experts=[0,1,7]; c24:bw=40,experts=[0,1,3,4]; c12:bw=15,experts=[2]; c13:bw=33,experts=[3,6,7]; c8:bw=39,experts=[4,5,7]; c9:bw=17,experts=[7]; c10:bw=51,experts=[0,1,2,3,7]; c31:bw=52,experts=[0,1,3,5,7]; c6:bw=22,experts=[0,1]; c27:bw=48,experts=[1,2,6,7]; c34:bw=23,experts=[0,5]; c14:bw=24,experts=[2,3]; c36:bw=50,experts=[1,2,3,5,7]; c21:bw=45,experts=[1,2,3,5]; c16:bw=68,experts=[0,1,2,3,5,6]; c20:bw=53,experts=[0,1,3,6,7]","0.7262,0.8836,1.9565,0.9739,0.4358,0.8307,0.7536,0.8742,1.1992,1.1856,1.7343,0.4763,1.2932,0.6911,1.3377,1.4129,0.8458,1.3050,1.3306,1.7347,1.1855,1.0357,0.8937,0.8652,1.0284,0.6571,0.6339,1.0469,0.6656,1.0204,0.6198,0.8008,2.5519,0.9614,0.9321,0.7379,0.6323,0.7642,0.7987,1.0438,0.9330,1.1583,1.1752,1.1117,0.8376,1.3202,0.8026,1.4080,1.5979,1.2239"
48,2026-09-23 23:56:21,Ours,0.01,2.8403703912531673,28.5,28.61,46,52.8403,0:52.84,51.0424,0.6481,1.1447,2550.59,42:30.59,50,"10,8,34,44,0,17,13,24,42,32,23,6,39,46,45,18,30,33,27,28,9,15,14,12,48,3,25,11,38,41,19,29,35,16,36,22,49,5,21,40,2,47,37,7,20,31,26,43,4,1",10:12;8:50;34:44;44:10;0:16;17:38;13:50;24:59;42:57;32:10;23:49;6:45;39:64;46:58;45:58;18:62;30:66;33:26;27:61;28:10;9:52;15:64;14:10;12:31;48:52;3:18;25:17;11:32;38:55;41:32;19:45;29:49;35:10;16:10;36:63;22:35;49:43;5:55;21:44;40:33;2:57;47:42;37:37;7:62;20:53;31:51;26:34;43:61;4:67;1:50,"10:[4];8:[1,3,4,5,7];34:[2,4,5,6];44:[7];0:[5];17:[3,4,6];13:[0,1,2,3,6];24:[1,2,3,4,6];42:[1,2,4,6,7];32:[1];23:[0,3,5,7];6:[0,4,5,7];39:[0,1,2,3,4,5];46:[1,2,3,4,5];45:[0,2,4,5,7];18:[0,1,3,4,6,7];30:[0,1,2,4,6,7];33:[2,3];27:[0,1,3,4,5,6];28:[5];9:[1,4,5,6,7];15:[0,1,2,3,5,7];14:[2];12:[2,4,7];48:[0,1,2,4,6];3:[1];25:[0];11:[0,1,2];38:[0,2,3,5,7];41:[3,6,7];19:[2,4,5,7];29:[1,2,3,4];35:[7];16:[6];36:[0,1,2,3,5,6];22:[0,3,6];49:[0,3,5,6];5:[2,3,4,6,7];21:[0,4,5,6];40:[1,2,7];2:[0,2,3,5,7];47:[3,4,5,6];37:[1,3,6];7:[0,1,3,4,5,6];20:[0,1,2,3,4];31:[0,1,2,3,7];26:[3,6,7];43:[0,2,3,5,6,7];4:[0,1,2,5,6,7];1:[1,3,4,5,7]","c10:bw=12,experts=[4]; c8:bw=50,experts=[1,3,4,5,7]; c34:bw=44,experts=[2,4,5,6]; c44:bw=10,experts=[7]; c0:bw=16,experts=[5]; c17:bw=38,experts=[3,4,6]; c13:bw=50,experts=[0,1,2,3,6]; c24:bw=59,experts=[1,2,3,4,6]; c42:bw=57,experts=[1,2,4,6,7]; c32:bw=10,experts=[1]; c23:bw=49,experts=[0,3,5,7]; c6:bw=45,experts=[0,4,5,7]; c39:bw=64,experts=[0,1,2,3,4,5]; c46:bw=58,experts=[1,2,3,4,5]; c45:bw=58,experts=[0,2,4,5,7]; c18:bw=62,experts=[0,1,3,4,6,7]; c30:bw=66,experts=[0,1,2,4,6,7]; c33:bw=26,experts=[2,3]; c27:bw=61,experts=[0,1,3,4,5,6]; c28:bw=10,experts=[5]; c9:bw=52,experts=[1,4,5,6,7]; c15:bw=64,experts=[0,1,2,3,5,7]; c14:bw=10,experts=[2]; c12:bw=31,experts=[2,4,7]; c48:bw=52,experts=[0,1,2,4,6]; c3:bw=18,experts=[1]; c25:bw=17,experts=[0]; c11:bw=32,experts=[0,1,2]; c38:bw=55,experts=[0,2,3,5,7]; c41:bw=32,experts=[3,6,7]; c19:bw=45,experts=[2,4,5,7]; c29:bw=49,experts=[1,2,3,4]; c35:bw=10,experts=[7]; c16:bw=10,experts=[6]; c36:bw=63,experts=[0,1,2,3,5,6]; c22:bw=35,experts=[0,3,6]; c49:bw=43,experts=[0,3,5,6]; c5:bw=55,experts=[2,3,4,6,7]; c21:bw=44,experts=[0,4,5,6]; c40:bw=33,experts=[1,2,7]; c2:bw=57,experts=[0,2,3,5,7]; c47:bw=42,experts=[3,4,5,6]; c37:bw=37,experts=[1,3,6]; c7:bw=62,experts=[0,1,3,4,5,6]; c20:bw=53,experts=[0,1,2,3,4]; c31:bw=51,experts=[0,1,2,3,7]; c26:bw=34,experts=[3,6,7]; c43:bw=61,experts=[0,2,3,5,6,7]; c4:bw=67,experts=[0,1,2,5,6,7]; c1:bw=50,experts=[1,3,4,5,7]","0.9378,0.7766,0.8534,0.7235,0.4298,0.8119,0.7703,0.7579,0.9671,1.2097,1.1981,1.1952,1.0271,0.7800,1.5777,0.9716,1.1201,1.0594,1.1254,0.8261,1.1739,0.7764,1.3245,0.6365,0.6473,1.0621,1.9126,0.7536,0.6294,0.4330,0.9514,1.2106,0.8827,1.6199,0.8050,1.3212,2.5635,1.5399,1.4246,1.0267,0.6148,0.6780,0.8090,0.6273,1.2212,1.1383,1.1988,0.8220,1.1845,0.9348"
49,2026-09-23 23:57:15,Ours,0.01,2.8575973271059127,30.29,30.29,49,53.9449,0:53.94,51.8943,0.7163,1.3286,2604.5658,43:24.57,50,"12,6,16,41,28,45,39,18,29,43,36,47,27,40,9,23,4,14,30,25,48,46,3,34,49,2,10,0,8,24,26,44,20,1,22,42,35,13,33,37,11,15,32,31,38,7,17,21,5,19",12:37;6:13;16:30;41:36;28:48;45:33;39:33;18:32;29:16;43:25;36:40;47:43;27:41;40:55;9:53;23:10;4:48;14:58;30:47;25:58;48:13;46:28;3:32;34:57;49:53;2:58;10:64;0:20;8:26;24:21;26:17;44:28;20:16;1:54;22:29;42:43;35:50;13:39;33:45;37:58;11:38;15:42;32:53;31:63;38:49;7:44;17:30;21:10;5:56;19:10,"12:[3,4,5];6:[3];16:[0,2,6];41:[1,2,3];28:[0,1,3,4];45:[0,2,5];39:[1,3,6];18:[2,4,5];29:[1];43:[3,6];36:[0,2,6,7];47:[1,3,5,6];27:[1,2,3,6];40:[1,2,3,5,7];9:[0,1,2,6,7];23:[6];4:[0,1,4,5];14:[0,3,4,5,7];30:[0,2,4,5];25:[1,2,3,4,6];48:[4];46:[0,6];3:[0,3,5];34:[1,4,5,6,7];49:[1,2,3,4,7];2:[0,2,3,4,5];10:[0,1,2,3,5,7];0:[1,6];8:[0,4];24:[6,7];26:[6];44:[1,3];20:[1];1:[1,2,5,6,7];22:[4,7];42:[0,3,4,5];35:[0,1,2,3,4];13:[0,4,7];33:[1,2,5,7];37:[0,2,3,4,5];11:[2,5,7];15:[1,2,4,5];32:[1,2,3,5,6];31:[0,1,3,4,6,7];38:[0,3,5,7];7:[0,5,6,7];17:[0,1,7];21:[7];5:[2,4,5,6,7];19:[1]","c12:bw=37,experts=[3,4,5]; c6:bw=13,experts=[3]; c16:bw=30,experts=[0,2,6]; c41:bw=36,experts=[1,2,3]; c28:bw=48,experts=[0,1,3,4]; c45:bw=33,experts=[0,2,5]; c39:bw=33,experts=[1,3,6]; c18:bw=32,experts=[2,4,5]; c29:bw=16,experts=[1]; c43:bw=25,experts=[3,6]; c36:bw=40,experts=[0,2,6,7]; c47:bw=43,experts=[1,3,5,6]; c27:bw=41,experts=[1,2,3,6]; c40:bw=55,experts=[1,2,3,5,7]; c9:bw=53,experts=[0,1,2,6,7]; c23:bw=10,experts=[6]; c4:bw=48,experts=[0,1,4,5]; c14:bw=58,experts=[0,3,4,5,7]; c30:bw=47,experts=[0,2,4,5]; c25:bw=58,experts=[1,2,3,4,6]; c48:bw=13,experts=[4]; c46:bw=28,experts=[0,6]; c3:bw=32,experts=[0,3,5]; c34:bw=57,experts=[1,4,5,6,7]; c49:bw=53,experts=[1,2,3,4,7]; c2:bw=58,experts=[0,2,3,4,5]; c10:bw=64,experts=[0,1,2,3,5,7]; c0:bw=20,experts=[1,6]; c8:bw=26,experts=[0,4]; c24:bw=21,experts=[6,7]; c26:bw=17,experts=[6]; c44:bw=28,experts=[1,3]; c20:bw=16,experts=[1]; c1:bw=54,experts=[1,2,5,6,7]; c22:bw=29,experts=[4,7]; c42:bw=43,experts=[0,3,4,5]; c35:bw=50,experts=[0,1,2,3,4]; c13:bw=39,experts=[0,4,7]; c33:bw=45,experts=[1,2,5,7]; c37:bw=58,experts=[0,2,3,4,5]; c11:bw=38,experts=[2,5,7]; c15:bw=42,experts=[1,2,4,5]; c32:bw=53,experts=[1,2,3,5,6]; c31:bw=63,experts=[0,1,3,4,6,7]; c38:bw=49,experts=[0,3,5,7]; c7:bw=44,experts=[0,5,6,7]; c17:bw=30,experts=[0,1,7]; c21:bw=10,experts=[7]; c5:bw=56,experts=[2,4,5,6,7]; c19:bw=10,experts=[1]","0.6464,1.1942,1.6152,0.4326,0.8383,1.5841,1.0410,0.9754,1.2257,0.8368,0.8236,0.6796,1.1211,1.0387,1.0587,1.2176,1.1802,1.3170,1.0834,2.0428,0.6620,0.8007,1.0796,0.8510,2.5599,0.6221,0.9213,0.4238,0.7641,0.7399,1.1822,0.7001,1.2068,0.9245,1.2861,0.9493,0.8760,0.7586,1.0394,0.8722,0.8187,0.8473,1.2993,1.2358,0.6892,0.6733,0.8768,1.5299,1.6740,1.0781"
50,2026-09-23 23:58:09,Ours,0.01,2.849006202491409,31.52,31.52,50,53.9456,0:53.95,52.1564,0.6439,1.1403,2658.5483,44:18.55,50,"6,28,18,10,36,25,43,16,23,47,11,33,46,31,37,4,7,41,12,5,48,22,2,38,27,21,15,29,0,39,30,3,32,35,42,24,9,40,19,49,17,45,44,26,1,34,20,14,8,13",6:68;28:35;18:44;10:23;36:50;25:32;43:10;16:27;23:41;47:23;11:57;33:48;46:13;31:34;37:59;4:10;7:34;41:42;12:34;5:31;48:47;22:16;2:63;38:37;27:57;21:17;15:31;29:62;0:29;39:39;30:43;3:39;32:28;35:26;42:46;24:43;9:27;40:10;19:43;49:23;17:33;45:42;44:31;26:56;1:64;34:35;20:46;14:23;8:32;13:37,"6:[0,1,2,3,5,7];28:[0,2,5];18:[0,3,4,6];10:[2,4];36:[1,3,4,5,7];25:[1,4,7];43:[1];16:[0,6];23:[2,3,5,7];47:[2,6];11:[0,2,3,4,6];33:[0,5,6,7];46:[1];31:[0,3,4];37:[0,2,3,4,6];4:[0];7:[3,4,5];41:[0,2,3,6];12:[2,3,6];5:[2,3,5];48:[0,3,4,5];22:[3];2:[0,1,2,3,6,7];38:[3,4,6];27:[1,2,4,5,7];21:[1];15:[1,3,6];29:[1,2,3,4,5,6];0:[1,2];39:[1,3,4];30:[0,2,5,6];3:[0,3,4];32:[0,7];35:[3,7];42:[2,3,5,6];24:[0,3,5,7];9:[4,5];40:[7];19:[0,1,3,4];49:[3,6];17:[3,5,6];45:[1,2,5,7];44:[0,1,5];26:[1,3,4,5,6];1:[0,1,4,5,6,7];34:[3,5,7];20:[1,3,5,7];14:[0,7];8:[3,4,5];13:[1,6,7]","c6:bw=68,experts=[0,1,2,3,5,7]; c28:bw=35,experts=[0,2,5]; c18:bw=44,experts=[0,3,4,6]; c10:bw=23,experts=[2,4]; c36:bw=50,experts=[1,3,4,5,7]; c25:bw=32,experts=[1,4,7]; c43:bw=10,experts=[1]; c16:bw=27,experts=[0,6]; c23:bw=41,experts=[2,3,5,7]; c47:bw=23,experts=[2,6]; c11:bw=57,experts=[0,2,3,4,6]; c33:bw=48,experts=[0,5,6,7]; c46:bw=13,experts=[1]; c31:bw=34,experts=[0,3,4]; c37:bw=59,experts=[0,2,3,4,6]; c4:bw=10,experts=[0]; c7:bw=34,experts=[3,4,5]; c41:bw=42,experts=[0,2,3,6]; c12:bw=34,experts=[2,3,6]; c5:bw=31,experts=[2,3,5]; c48:bw=47,experts=[0,3,4,5]; c22:bw=16,experts=[3]; c2:bw=63,experts=[0,1,2,3,6,7]; c38:bw=37,experts=[3,4,6]; c27:bw=57,experts=[1,2,4,5,7]; c21:bw=17,experts=[1]; c15:bw=31,experts=[1,3,6]; c29:bw=62,experts=[1,2,3,4,5,6]; c0:bw=29,experts=[1,2]; c39:bw=39,experts=[1,3,4]; c30:bw=43,experts=[0,2,5,6]; c3:bw=39,experts=[0,3,4]; c32:bw=28,experts=[0,7]; c35:bw=26,experts=[3,7]; c42:bw=46,experts=[2,3,5,6]; c24:bw=43,experts=[0,3,5,7]; c9:bw=27,experts=[4,5]; c40:bw=10,experts=[7]; c19:bw=43,experts=[0,1,3,4]; c49:bw=23,experts=[3,6]; c17:bw=33,experts=[3,5,6]; c45:bw=42,experts=[1,2,5,7]; c44:bw=31,experts=[0,1,5]; c26:bw=56,experts=[1,3,4,5,6]; c1:bw=64,experts=[0,1,4,5,6,7]; c34:bw=35,experts=[3,5,7]; c20:bw=46,experts=[1,3,5,7]; c14:bw=23,experts=[0,7]; c8:bw=32,experts=[3,4,5]; c13:bw=37,experts=[1,6,7]","1.4880,0.9487,1.1146,1.0474,0.8778,2.1277,0.9100,1.7443,1.2940,0.7310,0.8309,1.1454,0.8317,1.1999,0.8413,1.2257,0.6194,0.4385,0.6433,1.5425,0.6465,1.3107,0.6244,0.6345,1.1231,1.4164,0.7645,1.2113,0.4253,1.0021,1.0612,1.0545,1.1933,0.8687,0.9516,0.7301,1.0428,1.0129,0.9489,2.5205,0.7924,1.5510,0.7064,1.1857,0.9240,0.8351,1.2012,1.3037,0.7534,0.7580"
51,2026-09-23 23:59:01,Ours,0.01,2.8883133018886404,29.89,31.52,50,52.3809,0:52.38,50.5807,0.6488,1.1463,2710.9634,45:10.96,50,"25,12,11,40,46,45,21,41,42,35,26,2,17,19,43,31,5,23,38,48,16,7,28,44,3,0,32,15,6,37,13,29,27,36,20,34,39,47,22,8,14,49,10,1,24,9,33,18,4,30",25:53;12:43;11:60;40:44;46:12;45:45;21:14;41:27;42:34;35:34;26:31;2:20;17:43;19:10;43:59;31:51;5:47;23:38;38:67;48:70;16:30;7:27;28:51;44:34;3:55;0:53;32:42;15:57;6:52;37:46;13:40;29:44;27:10;36:60;20:30;34:59;39:39;47:56;22:22;8:46;14:30;49:27;10:37;1:21;24:54;9:18;33:12;18:37;4:11;30:21,"25:[0,2,4,5,6];12:[0,1,4,7];11:[1,3,4,5,6,7];40:[1,4,5,6];46:[5];45:[0,2,5,7];21:[2];41:[0,7];42:[1,5,6];35:[1,2,3];26:[1,4,6];2:[5,7];17:[1,2,5,7];19:[2];43:[2,3,5,6,7];31:[0,1,3,5,7];5:[2,3,5,7];23:[1,2,5];38:[0,1,2,4,5,7];48:[0,1,2,3,4,6,7];16:[2,3,5];7:[0,3];28:[0,2,3,4,5];44:[1,3,7];3:[1,3,5,6,7];0:[0,2,3,5,7];32:[1,3,5,7];15:[0,1,2,5,7];6:[0,1,3,4,7];37:[0,1,2,3];13:[2,5,6,7];29:[0,1,2,3];27:[6];36:[0,1,3,4,6,7];20:[1,2,5];34:[1,3,5,6,7];39:[2,4,7];47:[0,1,3,4,5];22:[0,7];8:[0,1,2,4];14:[0,3,4];49:[1,5];10:[3,6,7];1:[4,6];24:[2,3,5,6,7];9:[2];33:[2];18:[2,3,6];4:[3];30:[2,3]","c25:bw=53,experts=[0,2,4,5,6]; c12:bw=43,experts=[0,1,4,7]; c11:bw=60,experts=[1,3,4,5,6,7]; c40:bw=44,experts=[1,4,5,6]; c46:bw=12,experts=[5]; c45:bw=45,experts=[0,2,5,7]; c21:bw=14,experts=[2]; c41:bw=27,experts=[0,7]; c42:bw=34,experts=[1,5,6]; c35:bw=34,experts=[1,2,3]; c26:bw=31,experts=[1,4,6]; c2:bw=20,experts=[5,7]; c17:bw=43,experts=[1,2,5,7]; c19:bw=10,experts=[2]; c43:bw=59,experts=[2,3,5,6,7]; c31:bw=51,experts=[0,1,3,5,7]; c5:bw=47,experts=[2,3,5,7]; c23:bw=38,experts=[1,2,5]; c38:bw=67,experts=[0,1,2,4,5,7]; c48:bw=70,experts=[0,1,2,3,4,6,7]; c16:bw=30,experts=[2,3,5]; c7:bw=27,experts=[0,3]; c28:bw=51,experts=[0,2,3,4,5]; c44:bw=34,experts=[1,3,7]; c3:bw=55,experts=[1,3,5,6,7]; c0:bw=53,experts=[0,2,3,5,7]; c32:bw=42,experts=[1,3,5,7]; c15:bw=57,experts=[0,1,2,5,7]; c6:bw=52,experts=[0,1,3,4,7]; c37:bw=46,experts=[0,1,2,3]; c13:bw=40,experts=[2,5,6,7]; c29:bw=44,experts=[0,1,2,3]; c27:bw=10,experts=[6]; c36:bw=60,experts=[0,1,3,4,6,7]; c20:bw=30,experts=[1,2,5]; c34:bw=59,experts=[1,3,5,6,7]; c39:bw=39,experts=[2,4,7]; c47:bw=56,experts=[0,1,3,4,5]; c22:bw=22,experts=[0,7]; c8:bw=46,experts=[0,1,2,4]; c14:bw=30,experts=[0,3,4]; c49:bw=27,experts=[1,5]; c10:bw=37,experts=[3,6,7]; c1:bw=21,experts=[4,6]; c24:bw=54,experts=[2,3,5,6,7]; c9:bw=18,experts=[2]; c33:bw=12,experts=[2]; c18:bw=37,experts=[2,3,6]; c4:bw=11,experts=[3]; c30:bw=21,experts=[2,3]","1.9556,0.6368,0.7529,1.0306,0.7714,1.5693,1.4312,0.4268,0.9613,0.8842,1.2022,0.6200,0.8011,0.9664,0.8213,1.1555,1.5281,1.1827,0.6376,0.6435,1.6112,0.6165,0.8143,0.7161,1.0735,0.4352,1.1927,0.7641,1.1876,0.7979,0.7520,1.1973,1.1123,0.7945,1.2230,0.8405,1.0197,0.6761,1.3047,0.7703,1.3140,2.5322,0.9244,0.9265,0.7339,1.0439,1.0433,0.9574,1.1686,1.0583"
52,2026-09-23 23:59:54,Ours,0.01,2.8264820395523778,30.05,31.52,50,52.4295,0:52.43,50.6383,0.6371,1.1491,2763.424,46:03.42,50,"21,23,6,28,49,24,46,32,11,27,13,18,40,39,33,41,44,5,8,2,7,35,15,29,1,3,47,34,43,19,36,30,10,16,31,17,42,25,45,12,0,4,38,22,9,48,14,37,20,26",21:45;23:10;6:51;28:35;49:53;24:35;46:44;32:31;11:60;27:40;13:23;18:49;40:11;39:36;33:46;41:43;44:57;5:24;8:18;2:29;7:34;35:33;15:31;29:43;1:40;3:43;47:51;34:31;43:60;19:46;36:18;30:23;10:31;16:59;31:53;17:19;42:45;25:62;45:48;12:10;0:46;4:33;38:51;22:21;9:31;48:68;14:42;37:25;20:10;26:52,"21:[0,1,4,5];23:[3];6:[0,2,4,5,6];28:[2,3,7];49:[0,1,4,5,7];24:[3,5,7];46:[0,2,4,6];32:[1,2,6];11:[0,1,2,3,4,6];27:[0,2,3,6];13:[5,7];18:[1,2,3,6];40:[0];39:[1,3,5];33:[0,1,5,6];41:[1,2,5,7];44:[0,2,3,6,7];5:[0,7];8:[7];2:[2,4];7:[2,4,6];35:[1,2,5];15:[1,5,6];29:[0,4,5,6];1:[0,1,4,7];3:[0,5,6,7];47:[1,2,4,6,7];34:[3,5,7];43:[0,1,2,3,6,7];19:[0,1,5,7];36:[2];30:[3,6];10:[0,4,6];16:[0,2,3,4,6];31:[1,2,3,6,7];17:[7];42:[0,1,5,7];25:[0,1,2,3,4,6];45:[0,4,5,7];12:[4];0:[0,1,3,5];4:[3,5,7];38:[0,1,5,6,7];22:[5,6];9:[2,4,6];48:[1,3,4,5,6,7];14:[0,2,5,6];37:[4,7];20:[5];26:[3,4,5,6,7]","c21:bw=45,experts=[0,1,4,5]; c23:bw=10,experts=[3]; c6:bw=51,experts=[0,2,4,5,6]; c28:bw=35,experts=[2,3,7]; c49:bw=53,experts=[0,1,4,5,7]; c24:bw=35,experts=[3,5,7]; c46:bw=44,experts=[0,2,4,6]; c32:bw=31,experts=[1,2,6]; c11:bw=60,experts=[0,1,2,3,4,6]; c27:bw=40,experts=[0,2,3,6]; c13:bw=23,experts=[5,7]; c18:bw=49,experts=[1,2,3,6]; c40:bw=11,experts=[0]; c39:bw=36,experts=[1,3,5]; c33:bw=46,experts=[0,1,5,6]; c41:bw=43,experts=[1,2,5,7]; c44:bw=57,experts=[0,2,3,6,7]; c5:bw=24,experts=[0,7]; c8:bw=18,experts=[7]; c2:bw=29,experts=[2,4]; c7:bw=34,experts=[2,4,6]; c35:bw=33,experts=[1,2,5]; c15:bw=31,experts=[1,5,6]; c29:bw=43,experts=[0,4,5,6]; c1:bw=40,experts=[0,1,4,7]; c3:bw=43,experts=[0,5,6,7]; c47:bw=51,experts=[1,2,4,6,7]; c34:bw=31,experts=[3,5,7]; c43:bw=60,experts=[0,1,2,3,6,7]; c19:bw=46,experts=[0,1,5,7]; c36:bw=18,experts=[2]; c30:bw=23,experts=[3,6]; c10:bw=31,experts=[0,4,6]; c16:bw=59,experts=[0,2,3,4,6]; c31:bw=53,experts=[1,2,3,6,7]; c17:bw=19,experts=[7]; c42:bw=45,experts=[0,1,5,7]; c25:bw=62,experts=[0,1,2,3,4,6]; c45:bw=48,experts=[0,4,5,7]; c12:bw=10,experts=[4]; c0:bw=46,experts=[0,1,3,5]; c4:bw=33,experts=[3,5,7]; c38:bw=51,experts=[0,1,5,6,7]; c22:bw=21,experts=[5,6]; c9:bw=31,experts=[2,4,6]; c48:bw=68,experts=[1,3,4,5,6,7]; c14:bw=42,experts=[0,2,5,6]; c37:bw=25,experts=[4,7]; c20:bw=10,experts=[5]; c26:bw=52,experts=[3,4,5,6,7]","1.4313,1.1939,1.2151,0.8268,2.5570,0.7342,0.7784,1.2339,0.7548,1.1246,0.7663,0.9537,1.0254,1.0353,1.0520,0.4304,0.7993,1.5503,0.7675,0.6234,0.6204,0.8936,0.7676,1.2040,0.9336,1.0654,0.6661,0.8355,0.8172,0.9559,0.7896,1.0608,0.9175,1.5929,1.1406,0.7889,0.9549,1.9304,1.5470,0.6258,0.4194,1.1634,0.6248,1.3056,1.0319,0.6346,1.3182,0.8034,1.1947,1.1807"
53,2026-09-24 00:00:46,Ours,0.01,2.7647903413317794,31.29,31.52,50,52.7175,0:52.72,50.9093,0.6473,1.1558,2816.1752,46:56.18,50,"46,40,15,26,1,37,5,8,19,49,11,17,6,42,47,25,3,13,28,34,48,2,36,29,44,45,32,24,30,12,41,35,38,0,31,4,18,23,22,16,14,43,21,7,33,10,27,20,39,9",46:61;40:13;15:27;26:39;1:59;37:20;5:44;8:22;19:10;49:14;11:11;17:28;6:36;42:42;47:22;25:44;3:47;13:10;28:66;34:32;48:14;2:51;36:56;29:46;44:47;45:51;32:55;24:37;30:48;12:45;41:33;35:38;38:32;0:39;31:49;4:28;18:17;23:10;22:10;16:44;14:34;43:28;21:37;7:44;33:33;10:52;27:58;20:62;39:57;9:61,"46:[0,1,2,3,4,7];40:[6];15:[4,6];26:[0,5,6];1:[1,2,3,4,7];37:[1,7];5:[1,2,3,5];8:[0,2];19:[4];49:[4];11:[2];17:[1,4];6:[0,2,7];42:[0,1,4,6];47:[5,6];25:[2,4,5,7];3:[0,1,3,4];13:[5];28:[0,1,2,3,4,5];34:[2,4,7];48:[1];2:[0,1,2,3,4];36:[0,3,4,5,7];29:[2,3,6,7];44:[0,4,5,6];45:[0,1,2,4,5];32:[0,1,2,4,6];24:[0,6,7];30:[3,4,5,6];12:[1,2,6,7];41:[4,6,7];35:[2,4,7];38:[0,6,7];0:[0,2,5];31:[0,1,6,7];4:[3,6];18:[5];23:[3];22:[1];16:[1,3,6,7];14:[0,1,5];43:[0,1];21:[0,1,2];7:[1,2,4,5];33:[1,2,7];10:[0,1,2,5,6];27:[0,3,4,6,7];20:[0,1,4,5,6,7];39:[0,1,2,6,7];9:[1,2,4,5,6,7]","c46:bw=61,experts=[0,1,2,3,4,7]; c40:bw=13,experts=[6]; c15:bw=27,experts=[4,6]; c26:bw=39,experts=[0,5,6]; c1:bw=59,experts=[1,2,3,4,7]; c37:bw=20,experts=[1,7]; c5:bw=44,experts=[1,2,3,5]; c8:bw=22,experts=[0,2]; c19:bw=10,experts=[4]; c49:bw=14,experts=[4]; c11:bw=11,experts=[2]; c17:bw=28,experts=[1,4]; c6:bw=36,experts=[0,2,7]; c42:bw=42,experts=[0,1,4,6]; c47:bw=22,experts=[5,6]; c25:bw=44,experts=[2,4,5,7]; c3:bw=47,experts=[0,1,3,4]; c13:bw=10,experts=[5]; c28:bw=66,experts=[0,1,2,3,4,5]; c34:bw=32,experts=[2,4,7]; c48:bw=14,experts=[1]; c2:bw=51,experts=[0,1,2,3,4]; c36:bw=56,experts=[0,3,4,5,7]; c29:bw=46,experts=[2,3,6,7]; c44:bw=47,experts=[0,4,5,6]; c45:bw=51,experts=[0,1,2,4,5]; c32:bw=55,experts=[0,1,2,4,6]; c24:bw=37,experts=[0,6,7]; c30:bw=48,experts=[3,4,5,6]; c12:bw=45,experts=[1,2,6,7]; c41:bw=33,experts=[4,6,7]; c35:bw=38,experts=[2,4,7]; c38:bw=32,experts=[0,6,7]; c0:bw=39,experts=[0,2,5]; c31:bw=49,experts=[0,1,6,7]; c4:bw=28,experts=[3,6]; c18:bw=17,experts=[5]; c23:bw=10,experts=[3]; c22:bw=10,experts=[1]; c16:bw=44,experts=[1,3,6,7]; c14:bw=34,experts=[0,1,5]; c43:bw=28,experts=[0,1]; c21:bw=37,experts=[0,1,2]; c7:bw=44,experts=[1,2,4,5]; c33:bw=33,experts=[1,2,7]; c10:bw=52,experts=[0,1,2,5,6]; c27:bw=58,experts=[0,3,4,6,7]; c20:bw=62,experts=[0,1,4,5,6,7]; c39:bw=57,experts=[0,1,2,6,7]; c9:bw=61,experts=[1,2,4,5,6,7]","0.7774,1.0345,0.7818,1.2049,0.9468,0.8221,1.5744,0.7953,0.9871,2.6337,0.7591,0.8034,1.1886,0.9752,0.6787,1.9525,1.0855,0.7723,0.8324,0.8401,0.6436,0.6263,0.7924,1.2023,0.7124,1.5775,1.2129,0.7367,1.0544,0.6277,0.4302,0.8855,0.6318,0.4289,1.1443,1.1734,0.9492,1.2112,1.3191,1.5933,1.3011,0.8199,1.4102,0.6242,1.0332,0.9244,1.1134,1.2157,1.0283,1.0403"
54,2026-09-24 00:01:39,Ours,0.01,2.7587019971843745,33.01,33.01,54,52.4089,0:52.41,50.6289,0.6399,1.135,2868.6159,47:48.62,50,"0,25,44,31,6,4,28,48,37,5,38,18,22,32,36,23,19,42,17,46,49,40,34,10,29,15,33,12,21,41,45,26,11,20,9,43,13,3,35,2,14,1,8,24,39,7,30,16,27,47",0:37;25:57;44:36;31:42;6:54;4:32;28:48;48:26;37:30;5:10;38:55;18:33;22:16;32:26;36:17;23:40;19:21;42:10;17:27;46:33;49:49;40:28;34:60;10:10;29:44;15:32;33:46;12:74;21:71;41:25;45:18;26:37;11:58;20:52;9:50;43:49;13:55;3:30;35:65;2:10;14:33;1:53;8:55;24:80;39:20;7:61;30:34;16:10;27:46;47:45,"0:[0,3,5];25:[0,1,2,3,4];44:[2,4,7];31:[1,2,6,7];6:[1,2,3,5,7];4:[2,4,5];28:[1,2,4,6];48:[4,6];37:[1,3,4];5:[6];38:[0,2,3,4,6];18:[2,3,6];22:[3];32:[2,7];36:[2];23:[1,3,4,7];19:[1,4];42:[1];17:[2,7];46:[2,3,5];49:[1,4,5,6];40:[0,2];34:[0,1,2,3,4,7];10:[7];29:[1,2,3,5];15:[0,1,3];33:[0,1,5,7];12:[0,1,3,4,5,6,7];21:[0,1,2,3,4,6,7];41:[3,6];45:[6];26:[0,2,6];11:[1,4,5,6,7];20:[0,1,2,4,6];9:[2,3,4,5,7];43:[0,3,5,6];13:[0,1,3,4,5];3:[1,4,5];35:[0,1,2,3,5,7];2:[0];14:[3,4,6];1:[0,1,2,5,6];8:[0,2,4,6,7];24:[0,1,2,3,4,5,6,7];39:[1,6];7:[1,2,3,4,5,6];30:[0,2,7];16:[3];27:[0,1,2,5];47:[0,1,2,3]","c0:bw=37,experts=[0,3,5]; c25:bw=57,experts=[0,1,2,3,4]; c44:bw=36,experts=[2,4,7]; c31:bw=42,experts=[1,2,6,7]; c6:bw=54,experts=[1,2,3,5,7]; c4:bw=32,experts=[2,4,5]; c28:bw=48,experts=[1,2,4,6]; c48:bw=26,experts=[4,6]; c37:bw=30,experts=[1,3,4]; c5:bw=10,experts=[6]; c38:bw=55,experts=[0,2,3,4,6]; c18:bw=33,experts=[2,3,6]; c22:bw=16,experts=[3]; c32:bw=26,experts=[2,7]; c36:bw=17,experts=[2]; c23:bw=40,experts=[1,3,4,7]; c19:bw=21,experts=[1,4]; c42:bw=10,experts=[1]; c17:bw=27,experts=[2,7]; c46:bw=33,experts=[2,3,5]; c49:bw=49,experts=[1,4,5,6]; c40:bw=28,experts=[0,2]; c34:bw=60,experts=[0,1,2,3,4,7]; c10:bw=10,experts=[7]; c29:bw=44,experts=[1,2,3,5]; c15:bw=32,experts=[0,1,3]; c33:bw=46,experts=[0,1,5,7]; c12:bw=74,experts=[0,1,3,4,5,6,7]; c21:bw=71,experts=[0,1,2,3,4,6,7]; c41:bw=25,experts=[3,6]; c45:bw=18,experts=[6]; c26:bw=37,experts=[0,2,6]; c11:bw=58,experts=[1,4,5,6,7]; c20:bw=52,experts=[0,1,2,4,6]; c9:bw=50,experts=[2,3,4,5,7]; c43:bw=49,experts=[0,3,5,6]; c13:bw=55,experts=[0,1,3,4,5]; c3:bw=30,experts=[1,4,5]; c35:bw=65,experts=[0,1,2,3,5,7]; c2:bw=10,experts=[0]; c14:bw=33,experts=[3,4,6]; c1:bw=53,experts=[0,1,2,5,6]; c8:bw=55,experts=[0,2,4,6,7]; c24:bw=80,experts=[0,1,2,3,4,5,6,7]; c39:bw=20,experts=[1,6]; c7:bw=61,experts=[1,2,3,4,5,6]; c30:bw=34,experts=[0,2,7]; c16:bw=10,experts=[3]; c27:bw=46,experts=[0,1,2,5]; c47:bw=45,experts=[0,1,2,3]","0.4294,1.9517,0.7199,1.1539,1.1771,1.1798,0.8152,0.6499,0.8193,1.5456,0.6431,0.9677,1.3115,1.2076,0.8039,1.2158,0.9612,0.9592,0.8050,0.7685,2.5740,1.0227,0.8394,1.0091,1.2049,0.7607,1.0381,0.6319,1.4195,0.4286,1.5528,1.1854,0.7472,1.1998,1.0276,0.8145,0.7613,1.0655,0.8768,0.6090,1.3106,0.9179,0.7644,0.7383,1.0171,0.6209,1.0499,1.5936,1.0960,0.6660"
55,2026-09-24 00:02:31,Ours,0.01,2.7378786722108925,33.0,33.01,54,52.427,0:52.43,50.6287,0.6416,1.1516,2921.0763,48:41.08,50,"8,45,23,28,3,13,36,9,15,2,37,0,16,4,30,5,26,43,18,35,25,19,14,44,1,41,39,27,47,24,33,32,21,10,46,22,6,7,42,12,49,17,40,11,38,29,31,34,20,48",8:14;45:30;23:10;28:57;3:52;13:24;36:18;9:62;15:30;2:41;37:25;0:27;16:57;4:14;30:70;5:53;26:33;43:51;18:70;35:14;25:26;19:60;14:33;44:74;1:60;41:52;39:50;27:27;47:54;24:16;33:10;32:30;21:10;10:57;46:10;22:47;6:42;7:54;42:40;12:62;49:58;17:39;40:76;11:40;38:10;29:26;31:62;34:25;20:35;48:25,"8:[1];45:[0,3,5];23:[1];28:[0,1,2,5,7];3:[0,2,3,5,7];13:[2,3];36:[1];9:[0,2,3,4,5,7];15:[0,1,4];2:[1,4,5,7];37:[0,4];0:[4,6];16:[0,1,2,5,7];4:[1];30:[0,1,2,3,5,6,7];5:[0,1,2,3,5];26:[0,3,5];43:[2,3,5,6,7];18:[0,1,2,3,4,5,6];35:[4];25:[1,5];19:[1,3,4,5,6,7];14:[2,3,6];44:[0,1,2,3,4,5,6];1:[1,2,3,5,6,7];41:[0,2,3,6,7];39:[2,3,4,6,7];27:[1,7];47:[0,3,4,5,7];24:[2];33:[3];32:[2,4,5];21:[4];10:[0,1,3,6,7];46:[3];22:[1,2,3,6];6:[1,3,4,7];7:[1,3,4,6,7];42:[0,3,4,7];12:[2,3,4,5,6,7];49:[3,4,5,6,7];17:[1,2,6];40:[0,1,2,3,4,6,7];11:[2,3,4,5];38:[0];29:[3,5];31:[0,1,3,4,5,6];34:[4,6];20:[1,4,7];48:[0,7]","c8:bw=14,experts=[1]; c45:bw=30,experts=[0,3,5]; c23:bw=10,experts=[1]; c28:bw=57,experts=[0,1,2,5,7]; c3:bw=52,experts=[0,2,3,5,7]; c13:bw=24,experts=[2,3]; c36:bw=18,experts=[1]; c9:bw=62,experts=[0,2,3,4,5,7]; c15:bw=30,experts=[0,1,4]; c2:bw=41,experts=[1,4,5,7]; c37:bw=25,experts=[0,4]; c0:bw=27,experts=[4,6]; c16:bw=57,experts=[0,1,2,5,7]; c4:bw=14,experts=[1]; c30:bw=70,experts=[0,1,2,3,5,6,7]; c5:bw=53,experts=[0,1,2,3,5]; c26:bw=33,experts=[0,3,5]; c43:bw=51,experts=[2,3,5,6,7]; c18:bw=70,experts=[0,1,2,3,4,5,6]; c35:bw=14,experts=[4]; c25:bw=26,experts=[1,5]; c19:bw=60,experts=[1,3,4,5,6,7]; c14:bw=33,experts=[2,3,6]; c44:bw=74,experts=[0,1,2,3,4,5,6]; c1:bw=60,experts=[1,2,3,5,6,7]; c41:bw=52,experts=[0,2,3,6,7]; c39:bw=50,experts=[2,3,4,6,7]; c27:bw=27,experts=[1,7]; c47:bw=54,experts=[0,3,4,5,7]; c24:bw=16,experts=[2]; c33:bw=10,experts=[3]; c32:bw=30,experts=[2,4,5]; c21:bw=10,experts=[4]; c10:bw=57,experts=[0,1,3,6,7]; c46:bw=10,experts=[3]; c22:bw=47,experts=[1,2,3,6]; c6:bw=42,experts=[1,3,4,7]; c7:bw=54,experts=[1,3,4,6,7]; c42:bw=40,experts=[0,3,4,7]; c12:bw=62,experts=[2,3,4,5,6,7]; c49:bw=58,experts=[3,4,5,6,7]; c17:bw=39,experts=[1,2,6]; c40:bw=76,experts=[0,1,2,3,4,6,7]; c11:bw=40,experts=[2,3,4,5]; c38:bw=10,experts=[0]; c29:bw=26,experts=[3,5]; c31:bw=62,experts=[0,1,3,4,5,6]; c34:bw=25,experts=[4,6]; c20:bw=35,experts=[1,4,7]; c48:bw=25,experts=[0,7]","0.7703,1.5643,1.1910,0.8271,1.0801,0.7814,0.8103,1.0496,0.7825,0.6246,0.8149,0.4283,1.6141,1.1735,1.0721,1.5529,1.1988,0.8223,0.9601,0.8882,1.9513,0.9696,1.3143,0.7213,0.9408,0.4318,1.0249,1.1071,0.6734,0.7375,1.0363,1.1995,1.4082,0.9238,0.7609,1.3111,1.1796,0.6288,0.9517,0.6291,2.5401,0.7989,1.0140,0.7531,0.6324,1.1920,1.1475,0.8317,1.1816,0.6303"
56,2026-09-24 00:03:24,Ours,0.01,2.700000581688952,32.96,33.01,54,52.497,0:52.50,50.7238,0.6361,1.132,2973.6056,49:33.61,50,"27,22,40,14,17,25,28,49,44,5,6,48,10,35,37,42,30,18,13,16,11,23,38,21,39,19,29,12,45,8,1,32,26,20,9,24,33,31,34,3,43,2,4,0,47,15,41,7,46,36",27:43;22:29;40:32;14:42;17:10;25:37;28:24;49:59;44:32;5:31;6:23;48:31;10:20;35:10;37:29;42:66;30:29;18:54;13:18;16:42;11:26;23:41;38:45;21:49;39:17;19:10;29:53;12:38;45:50;8:13;1:56;32:29;26:37;20:52;9:52;24:33;33:28;31:53;34:36;3:10;43:33;2:53;4:10;0:70;47:52;15:35;41:78;7:18;46:32;36:28,"27:[1,2,5,7];22:[1,3];40:[1,2,4];14:[2,4,5,6];17:[6];25:[0,6,7];28:[6,7];49:[1,2,3,5,7];44:[0,5,7];5:[3,5,6];6:[3,6];48:[1,2,4];10:[3,6];35:[5];37:[4,5];42:[0,1,4,5,6,7];30:[4,6];18:[0,1,2,5,7];13:[7];16:[1,2,5,7];11:[4,6];23:[0,3,4,6];38:[0,2,5,6];21:[2,3,4,6];39:[4];19:[4];29:[0,1,4,6,7];12:[0,5,7];45:[0,1,4,5,7];8:[1];1:[1,2,5,6,7];32:[3,7];26:[0,3,4];20:[0,1,3,4,5];9:[1,3,4,5,6];24:[0,1,7];33:[1,7];31:[0,1,3,4,5];34:[0,6,7];3:[4];43:[2,4,6];2:[0,3,4,5,6];4:[7];0:[0,1,2,3,5,6,7];47:[0,1,3,5,6];15:[1,2,5];41:[0,1,2,4,5,6,7];7:[2];46:[3,4,5];36:[2,4]","c27:bw=43,experts=[1,2,5,7]; c22:bw=29,experts=[1,3]; c40:bw=32,experts=[1,2,4]; c14:bw=42,experts=[2,4,5,6]; c17:bw=10,experts=[6]; c25:bw=37,experts=[0,6,7]; c28:bw=24,experts=[6,7]; c49:bw=59,experts=[1,2,3,5,7]; c44:bw=32,experts=[0,5,7]; c5:bw=31,experts=[3,5,6]; c6:bw=23,experts=[3,6]; c48:bw=31,experts=[1,2,4]; c10:bw=20,experts=[3,6]; c35:bw=10,experts=[5]; c37:bw=29,experts=[4,5]; c42:bw=66,experts=[0,1,4,5,6,7]; c30:bw=29,experts=[4,6]; c18:bw=54,experts=[0,1,2,5,7]; c13:bw=18,experts=[7]; c16:bw=42,experts=[1,2,5,7]; c11:bw=26,experts=[4,6]; c23:bw=41,experts=[0,3,4,6]; c38:bw=45,experts=[0,2,5,6]; c21:bw=49,experts=[2,3,4,6]; c39:bw=17,experts=[4]; c19:bw=10,experts=[4]; c29:bw=53,experts=[0,1,4,6,7]; c12:bw=38,experts=[0,5,7]; c45:bw=50,experts=[0,1,4,5,7]; c8:bw=13,experts=[1]; c1:bw=56,experts=[1,2,5,6,7]; c32:bw=29,experts=[3,7]; c26:bw=37,experts=[0,3,4]; c20:bw=52,experts=[0,1,3,4,5]; c9:bw=52,experts=[1,3,4,5,6]; c24:bw=33,experts=[0,1,7]; c33:bw=28,experts=[1,7]; c31:bw=53,experts=[0,1,3,4,5]; c34:bw=36,experts=[0,6,7]; c3:bw=10,experts=[4]; c43:bw=33,experts=[2,4,6]; c2:bw=53,experts=[0,3,4,5,6]; c4:bw=10,experts=[7]; c0:bw=70,experts=[0,1,2,3,5,6,7]; c47:bw=52,experts=[0,1,3,5,6]; c15:bw=35,experts=[1,2,5]; c41:bw=78,experts=[0,1,2,4,5,6,7]; c7:bw=18,experts=[2]; c46:bw=32,experts=[3,4,5]; c36:bw=28,experts=[2,4]","1.1136,1.3089,1.0438,1.3236,0.8088,1.9559,0.8193,2.5630,0.7288,1.5516,1.1934,0.6429,0.9220,0.8816,0.8136,0.9710,1.0785,0.9686,0.7645,1.6132,0.7640,1.2072,0.6370,1.4292,1.0239,0.9522,1.2144,0.6327,1.5680,0.7643,0.9235,1.1792,1.1786,1.2066,1.0394,0.8099,1.0421,1.1517,0.8255,1.0657,0.8290,0.6242,1.1586,0.4248,0.6648,0.7539,0.4300,0.6153,0.7590,0.7825"
57,2026-09-24 00:04:17,Ours,0.01,2.6812987493340277,33.05,33.05,57,52.8812,0:52.88,50.9941,0.6791,1.2029,3026.5221,50:26.52,50,"10,0,21,41,8,26,24,33,27,14,40,11,12,7,5,29,30,46,31,18,17,1,32,35,22,45,15,4,47,2,13,28,44,6,16,49,3,43,48,42,38,39,20,37,36,25,34,23,9,19",10:58;0:70;21:32;41:43;8:43;26:26;24:44;33:51;27:10;14:36;40:45;11:26;12:17;7:69;5:44;29:67;30:11;46:52;31:60;18:44;17:52;1:49;32:48;35:40;22:39;45:46;15:36;4:41;47:52;2:33;13:31;28:19;44:31;6:48;16:33;49:38;3:64;43:73;48:49;42:12;38:34;39:55;20:56;37:52;36:52;25:42;34:35;23:45;9:19;19:44,"10:[0,2,4,6,7];0:[0,1,2,3,5,6,7];21:[0,5,7];41:[0,1,2,7];8:[1,3,5,7];26:[4,5];24:[1,3,4,7];33:[0,2,4,6,7];27:[5];14:[3,5,6];40:[0,1,2,6];11:[0,5];12:[4];7:[0,1,2,3,4,7];5:[2,3,5,7];29:[0,2,3,4,6,7];30:[5];46:[0,1,2,4,6];31:[0,1,3,5,6,7];18:[1,2,5,7];17:[0,1,3,5,6];1:[1,2,4,5];32:[1,4,6,7];35:[1,2,4,6];22:[4,6,7];45:[2,4,5,6];15:[2,3,5];4:[0,1,3,4];47:[1,3,4,5,6];2:[0,4,5];13:[4,5,6];28:[6];44:[0,3,5];6:[1,2,4,5];16:[1,2,5];49:[1,2,4];3:[0,1,2,4,5,6];43:[0,1,3,4,5,6,7];48:[3,4,5,7];42:[1];38:[1,6,7];39:[0,1,3,5,6];20:[0,3,4,5,7];37:[0,1,2,4,6];36:[1,2,3,4,7];25:[1,2,3,7];34:[0,3,7];23:[2,3,6,7];9:[6];19:[0,1,2,6]","c10:bw=58,experts=[0,2,4,6,7]; c0:bw=70,experts=[0,1,2,3,5,6,7]; c21:bw=32,experts=[0,5,7]; c41:bw=43,experts=[0,1,2,7]; c8:bw=43,experts=[1,3,5,7]; c26:bw=26,experts=[4,5]; c24:bw=44,experts=[1,3,4,7]; c33:bw=51,experts=[0,2,4,6,7]; c27:bw=10,experts=[5]; c14:bw=36,experts=[3,5,6]; c40:bw=45,experts=[0,1,2,6]; c11:bw=26,experts=[0,5]; c12:bw=17,experts=[4]; c7:bw=69,experts=[0,1,2,3,4,7]; c5:bw=44,experts=[2,3,5,7]; c29:bw=67,experts=[0,2,3,4,6,7]; c30:bw=11,experts=[5]; c46:bw=52,experts=[0,1,2,4,6]; c31:bw=60,experts=[0,1,3,5,6,7]; c18:bw=44,experts=[1,2,5,7]; c17:bw=52,experts=[0,1,3,5,6]; c1:bw=49,experts=[1,2,4,5]; c32:bw=48,experts=[1,4,6,7]; c35:bw=40,experts=[1,2,4,6]; c22:bw=39,experts=[4,6,7]; c45:bw=46,experts=[2,4,5,6]; c15:bw=36,experts=[2,3,5]; c4:bw=41,experts=[0,1,3,4]; c47:bw=52,experts=[1,3,4,5,6]; c2:bw=33,experts=[0,4,5]; c13:bw=31,experts=[4,5,6]; c28:bw=19,experts=[6]; c44:bw=31,experts=[0,3,5]; c6:bw=48,experts=[1,2,4,5]; c16:bw=33,experts=[1,2,5]; c49:bw=38,experts=[1,2,4]; c3:bw=64,experts=[0,1,2,4,5,6]; c43:bw=73,experts=[0,1,3,4,5,6,7]; c48:bw=49,experts=[3,4,5,7]; c42:bw=12,experts=[1]; c38:bw=34,experts=[1,6,7]; c39:bw=55,experts=[0,1,3,5,6]; c20:bw=56,experts=[0,3,4,5,7]; c37:bw=52,experts=[0,1,2,4,6]; c36:bw=52,experts=[1,2,3,4,7]; c25:bw=42,experts=[1,2,3,7]; c34:bw=35,experts=[0,3,7]; c23:bw=45,experts=[2,3,6,7]; c9:bw=19,experts=[6]; c19:bw=44,experts=[0,1,2,6]","0.9262,0.4251,1.4217,0.4349,0.7718,1.1971,0.7542,1.0685,1.1241,1.3200,1.0399,0.7655,0.6373,0.6378,1.5486,1.2347,1.0708,0.7743,1.1582,0.9657,0.8053,0.9446,1.2126,0.8844,1.3068,1.5691,0.7605,1.1733,0.6777,0.6118,0.7681,0.8122,0.7082,1.1895,1.5796,2.5241,1.0710,0.8246,0.6292,0.9408,0.6244,1.0187,1.1886,0.8246,0.8332,2.0091,0.8792,1.2555,1.1033,0.9880"
58,2026-09-24 00:05:10,Ours,0.01,2.6915154125038714,33.83,33.83,58,52.8712,0:52.87,51.0867,0.6464,1.133,3079.4329,51:19.43,50,"33,38,28,6,37,7,1,23,0,40,11,30,31,18,35,43,46,20,22,36,29,21,42,34,12,2,47,9,39,24,4,15,25,8,45,13,41,14,26,19,3,5,16,49,44,10,27,17,32,48",33:45;38:39;28:10;6:55;37:45;7:24;1:30;23:30;0:47;40:61;11:47;30:37;31:40;18:50;35:26;43:35;46:58;20:53;22:61;36:20;29:38;21:73;42:27;34:46;12:29;2:10;47:48;9:57;39:53;24:10;4:38;15:38;25:39;8:40;45:30;13:40;41:54;14:22;26:34;19:43;3:61;5:35;16:42;49:24;44:21;10:43;27:36;17:12;32:16;48:43,"33:[2,3,4,7];38:[1,2,7];28:[0];6:[0,1,3,4,7];37:[3,4,6,7];7:[1,7];1:[4,5,6];23:[1,6,7];0:[0,2,6,7];40:[0,1,2,3,5,6];11:[0,4,5,6];30:[3,4,5];31:[1,2,5,7];18:[0,2,4,5,7];35:[1,6];43:[1,4,5];46:[1,2,3,4,7];20:[1,2,3,6,7];22:[0,1,2,3,6,7];36:[0,3];29:[0,1,2];21:[0,1,2,3,4,5,7];42:[0,4];34:[0,2,3,5];12:[3,6];2:[3];47:[1,2,6,7];9:[0,1,3,4,6];39:[0,1,2,4,6];24:[2];4:[0,4,5];15:[0,1,4];25:[0,6,7];8:[0,2,4,7];45:[1,4,7];13:[0,5,6,7];41:[0,2,3,4,6];14:[0,5];26:[2,3,6];19:[0,1,3,6];3:[0,2,3,4,5,6];5:[2,3,6];16:[0,3,5,7];49:[2,5];44:[2,3];10:[2,4,6,7];27:[2,6,7];17:[6];32:[1];48:[2,4,5,7]","c33:bw=45,experts=[2,3,4,7]; c38:bw=39,experts=[1,2,7]; c28:bw=10,experts=[0]; c6:bw=55,experts=[0,1,3,4,7]; c37:bw=45,experts=[3,4,6,7]; c7:bw=24,experts=[1,7]; c1:bw=30,experts=[4,5,6]; c23:bw=30,experts=[1,6,7]; c0:bw=47,experts=[0,2,6,7]; c40:bw=61,experts=[0,1,2,3,5,6]; c11:bw=47,experts=[0,4,5,6]; c30:bw=37,experts=[3,4,5]; c31:bw=40,experts=[1,2,5,7]; c18:bw=50,experts=[0,2,4,5,7]; c35:bw=26,experts=[1,6]; c43:bw=35,experts=[1,4,5]; c46:bw=58,experts=[1,2,3,4,7]; c20:bw=53,experts=[1,2,3,6,7]; c22:bw=61,experts=[0,1,2,3,6,7]; c36:bw=20,experts=[0,3]; c29:bw=38,experts=[0,1,2]; c21:bw=73,experts=[0,1,2,3,4,5,7]; c42:bw=27,experts=[0,4]; c34:bw=46,experts=[0,2,3,5]; c12:bw=29,experts=[3,6]; c2:bw=10,experts=[3]; c47:bw=48,experts=[1,2,6,7]; c9:bw=57,experts=[0,1,3,4,6]; c39:bw=53,experts=[0,1,2,4,6]; c24:bw=10,experts=[2]; c4:bw=38,experts=[0,4,5]; c15:bw=38,experts=[0,1,4]; c25:bw=39,experts=[0,6,7]; c8:bw=40,experts=[0,2,4,7]; c45:bw=30,experts=[1,4,7]; c13:bw=40,experts=[0,5,6,7]; c41:bw=54,experts=[0,2,3,4,6]; c14:bw=22,experts=[0,5]; c26:bw=34,experts=[2,3,6]; c19:bw=43,experts=[0,1,3,6]; c3:bw=61,experts=[0,2,3,4,5,6]; c5:bw=35,experts=[2,3,6]; c16:bw=42,experts=[0,3,5,7]; c49:bw=24,experts=[2,5]; c44:bw=21,experts=[2,3]; c10:bw=43,experts=[2,4,6,7]; c27:bw=36,experts=[2,6,7]; c17:bw=12,experts=[6]; c32:bw=16,experts=[1]; c48:bw=43,experts=[2,4,5,7]","1.1091,0.6748,0.8549,1.2458,0.8466,0.6498,0.9782,1.2488,0.4244,1.0363,0.7666,1.0797,1.1622,0.9728,0.8917,0.8291,0.7755,1.2129,1.3121,0.8103,1.2164,1.4226,0.9661,0.8300,0.6334,0.6108,0.6729,1.0519,1.0272,0.7351,1.1633,0.7760,1.9310,0.7594,1.5528,0.7569,0.4234,1.3188,1.1843,0.9531,1.0655,1.5362,1.5875,2.5585,0.7096,0.9207,1.1170,0.8816,1.2146,0.6283"
59,2026-09-24 00:06:02,Ours,0.01,2.661431578295321,34.67,34.67,59,52.4228,0:52.42,50.6438,0.6397,1.1343,3131.8907,52:11.89,50,"26,18,41,33,46,28,17,4,16,36,1,14,10,7,3,42,8,11,43,12,48,32,25,15,9,47,13,31,22,2,6,27,21,37,39,29,20,44,24,45,19,30,40,5,35,23,0,34,49,38",26:43;18:10;41:25;33:51;46:45;28:19;17:55;4:26;16:23;36:15;1:65;14:40;10:26;7:28;3:35;42:40;8:56;11:34;43:30;12:47;48:27;32:41;25:57;15:50;9:28;47:65;13:13;31:36;22:43;2:37;6:19;27:34;21:29;37:17;39:76;29:55;20:68;44:10;24:36;45:34;19:14;30:38;40:16;5:32;35:33;23:36;0:52;34:12;49:37;38:26,"26:[0,1,3,6];18:[4];41:[2,7];33:[2,3,4,6,7];46:[2,3,4,6];28:[0];17:[0,2,3,4,5];4:[2,6];16:[1,2];36:[2];1:[0,2,3,4,6,7];14:[0,3,4,6];10:[3,7];7:[3,5];3:[0,3,6];42:[0,2,4,6];8:[0,1,2,4,6];11:[0,1,5];43:[0,4,7];12:[0,3,5,6];48:[0,7];32:[1,3,6,7];25:[0,4,5,6,7];15:[0,3,4,6,7];9:[4,6];47:[0,2,4,5,6,7];13:[2];31:[1,5,6];22:[0,4,6,7];2:[3,6,7];6:[1];27:[1,2,4];21:[0,4];37:[4];39:[0,1,2,3,4,5,6];29:[0,1,3,5,6];20:[0,2,3,4,6,7];44:[6];24:[0,5,7];45:[2,3,4];19:[1];30:[2,4,7];40:[4];5:[0,4,7];35:[0,4,5];23:[1,3,5];0:[0,1,2,4,6];34:[6];49:[3,5,7];38:[1,6]","c26:bw=43,experts=[0,1,3,6]; c18:bw=10,experts=[4]; c41:bw=25,experts=[2,7]; c33:bw=51,experts=[2,3,4,6,7]; c46:bw=45,experts=[2,3,4,6]; c28:bw=19,experts=[0]; c17:bw=55,experts=[0,2,3,4,5]; c4:bw=26,experts=[2,6]; c16:bw=23,experts=[1,2]; c36:bw=15,experts=[2]; c1:bw=65,experts=[0,2,3,4,6,7]; c14:bw=40,experts=[0,3,4,6]; c10:bw=26,experts=[3,7]; c7:bw=28,experts=[3,5]; c3:bw=35,experts=[0,3,6]; c42:bw=40,experts=[0,2,4,6]; c8:bw=56,experts=[0,1,2,4,6]; c11:bw=34,experts=[0,1,5]; c43:bw=30,experts=[0,4,7]; c12:bw=47,experts=[0,3,5,6]; c48:bw=27,experts=[0,7]; c32:bw=41,experts=[1,3,6,7]; c25:bw=57,experts=[0,4,5,6,7]; c15:bw=50,experts=[0,3,4,6,7]; c9:bw=28,experts=[4,6]; c47:bw=65,experts=[0,2,4,5,6,7]; c13:bw=13,experts=[2]; c31:bw=36,experts=[1,5,6]; c22:bw=43,experts=[0,4,6,7]; c2:bw=37,experts=[3,6,7]; c6:bw=19,experts=[1]; c27:bw=34,experts=[1,2,4]; c21:bw=29,experts=[0,4]; c37:bw=17,experts=[4]; c39:bw=76,experts=[0,1,2,3,4,5,6]; c29:bw=55,experts=[0,1,3,5,6]; c20:bw=68,experts=[0,2,3,4,6,7]; c44:bw=10,experts=[6]; c24:bw=36,experts=[0,5,7]; c45:bw=34,experts=[2,3,4]; c19:bw=14,experts=[1]; c30:bw=38,experts=[2,4,7]; c40:bw=16,experts=[4]; c5:bw=32,experts=[0,4,7]; c35:bw=33,experts=[0,4,5]; c23:bw=36,experts=[1,3,5]; c0:bw=52,experts=[0,1,2,4,6]; c34:bw=12,experts=[6]; c49:bw=37,experts=[3,5,7]; c38:bw=26,experts=[1,6]","1.1980,0.9665,0.4402,1.0621,0.7808,0.8226,0.8107,1.1968,1.6012,0.8023,0.9408,1.3246,0.9308,0.6209,1.0791,0.9656,0.7697,0.7512,0.8204,0.6325,0.6377,1.2079,1.9595,0.7852,1.0425,0.6759,0.7625,1.1445,1.2927,0.6216,1.1813,1.1116,1.4143,0.7966,1.0310,1.2180,1.2036,0.7164,0.7278,1.5581,0.9519,1.0609,1.0198,1.5282,0.8815,1.1774,0.4334,0.8316,2.5227,0.6310"
60,2026-09-24 00:06:54,Ours,0.01,2.683918221980706,34.49,34.67,59,52.4231,0:52.42,50.6272,0.6364,1.1546,3184.3477,53:04.35,50,"43,34,45,47,26,46,15,5,21,30,27,1,39,12,7,29,33,42,9,3,32,38,0,8,11,37,24,28,18,16,44,35,40,22,2,4,48,41,36,13,25,20,6,49,23,19,10,31,17,14",43:28;34:19;45:14;47:10;26:41;46:20;15:51;5:33;21:37;30:69;27:27;1:54;39:18;12:16;7:48;29:30;33:59;42:49;9:10;3:44;32:14;38:27;0:53;8:24;11:40;37:22;24:26;28:35;18:26;16:63;44:35;35:31;40:61;22:45;2:30;4:30;48:43;41:43;36:18;13:59;25:45;20:78;6:59;49:55;23:55;19:60;10:10;31:28;17:39;14:42,"43:[0,7];34:[0];45:[0];47:[6];26:[0,1,3,6];46:[0,6];15:[1,2,3,4,6];5:[0,5,7];21:[1,6,7];30:[0,1,3,4,5,7];27:[1,3];1:[2,4,5,6,7];39:[0];12:[4];7:[1,2,5,6];29:[0,4,7];33:[2,3,4,5,6];42:[2,3,4,6];9:[0];3:[2,4,5,7];32:[5];38:[2,6];0:[0,1,2,5,7];8:[1,5];11:[1,2,4,7];37:[0,6];24:[0,5];28:[2,5,7];18:[1,3];16:[1,2,3,4,5,6];44:[0,5,6];35:[2,3,4];40:[1,2,4,5,6,7];22:[1,2,4,6];2:[0,2,4];4:[3,5,7];48:[1,2,4,7];41:[0,2,3,6];36:[1];13:[1,4,5,6,7];25:[2,3,6,7];20:[0,1,2,4,5,6,7];6:[0,4,5,6,7];49:[1,3,4,6,7];23:[2,3,4,6,7];19:[0,2,4,5,6,7];10:[0];31:[2,3];17:[4,5,6];14:[1,3,5,6]","c43:bw=28,experts=[0,7]; c34:bw=19,experts=[0]; c45:bw=14,experts=[0]; c47:bw=10,experts=[6]; c26:bw=41,experts=[0,1,3,6]; c46:bw=20,experts=[0,6]; c15:bw=51,experts=[1,2,3,4,6]; c5:bw=33,experts=[0,5,7]; c21:bw=37,experts=[1,6,7]; c30:bw=69,experts=[0,1,3,4,5,7]; c27:bw=27,experts=[1,3]; c1:bw=54,experts=[2,4,5,6,7]; c39:bw=18,experts=[0]; c12:bw=16,experts=[4]; c7:bw=48,experts=[1,2,5,6]; c29:bw=30,experts=[0,4,7]; c33:bw=59,experts=[2,3,4,5,6]; c42:bw=49,experts=[2,3,4,6]; c9:bw=10,experts=[0]; c3:bw=44,experts=[2,4,5,7]; c32:bw=14,experts=[5]; c38:bw=27,experts=[2,6]; c0:bw=53,experts=[0,1,2,5,7]; c8:bw=24,experts=[1,5]; c11:bw=40,experts=[1,2,4,7]; c37:bw=22,experts=[0,6]; c24:bw=26,experts=[0,5]; c28:bw=35,experts=[2,5,7]; c18:bw=26,experts=[1,3]; c16:bw=63,experts=[1,2,3,4,5,6]; c44:bw=35,experts=[0,5,6]; c35:bw=31,experts=[2,3,4]; c40:bw=61,experts=[1,2,4,5,6,7]; c22:bw=45,experts=[1,2,4,6]; c2:bw=30,experts=[0,2,4]; c4:bw=30,experts=[3,5,7]; c48:bw=43,experts=[1,2,4,7]; c41:bw=43,experts=[0,2,3,6]; c36:bw=18,experts=[1]; c13:bw=59,experts=[1,4,5,6,7]; c25:bw=45,experts=[2,3,6,7]; c20:bw=78,experts=[0,1,2,4,5,6,7]; c6:bw=59,experts=[0,4,5,6,7]; c49:bw=55,experts=[1,3,4,6,7]; c23:bw=55,experts=[2,3,4,6,7]; c19:bw=60,experts=[0,2,4,5,6,7]; c10:bw=10,experts=[0]; c31:bw=28,experts=[2,3]; c17:bw=39,experts=[4,5,6]; c14:bw=42,experts=[1,3,5,6]","0.8230,0.8389,1.5715,0.6765,1.1983,0.7702,0.7770,1.5571,1.4140,1.0769,1.1241,0.9427,1.0294,0.6417,0.6254,1.2217,1.0699,0.9773,1.0419,1.0743,1.2013,0.6466,0.4278,0.7626,0.7519,0.8057,0.7331,0.8202,0.9434,1.6082,0.7098,0.8868,1.0197,1.3056,0.6192,1.1645,0.6331,0.4292,0.7969,0.7548,1.9361,1.1960,1.1826,2.5623,1.1790,0.9495,0.8992,1.1256,0.8042,1.3208"
61,2026-09-24 00:07:47,Ours,0.01,2.606919654420725,35.06,35.06,61,52.5677,0:52.57,50.7736,0.6403,1.1488,3236.9514,53:56.95,50,"5,45,10,32,29,12,28,18,2,16,17,42,48,39,36,34,22,8,27,26,24,40,7,35,14,37,30,13,3,25,19,46,6,31,41,23,11,43,38,15,49,47,44,21,1,4,20,9,0,33",5:49;45:21;10:11;32:61;29:13;12:27;28:19;18:50;2:29;16:38;17:46;42:55;48:18;39:59;36:46;34:25;22:12;8:55;27:50;26:17;24:39;40:53;7:43;35:35;14:38;37:40;30:55;13:34;3:43;25:59;19:52;46:41;6:37;31:48;41:40;23:28;11:39;43:37;38:19;15:16;49:38;47:18;44:24;21:59;1:33;4:38;20:58;9:38;0:60;33:71,"5:[1,2,3,6];45:[4,7];10:[2];32:[0,1,2,3,6,7];29:[7];12:[6,7];28:[6];18:[0,1,2,4,6];2:[0,4];16:[2,3,6];17:[0,1,4,6];42:[1,2,4,5,7];48:[7];39:[2,4,5,6,7];36:[2,3,4,7];34:[0,2];22:[7];8:[2,3,4,5,6];27:[0,3,4,5,6];26:[4];24:[1,4,6];40:[1,2,4,5,6];7:[0,1,2,4];35:[0,1,4];14:[1,5,6];37:[0,2,3,7];30:[0,3,4,5,7];13:[2,4,6];3:[0,1,2,7];25:[0,2,5,6,7];19:[1,3,4,6,7];46:[1,3,4,5];6:[3,5,6];31:[0,1,2,4];41:[3,4,5,6];23:[2,7];11:[2,3,5];43:[0,2,4];38:[3];15:[6];49:[3,4,6];47:[6];44:[4,7];21:[0,2,3,5,6];1:[1,4,5];4:[3,4,6];20:[0,2,3,5,7];9:[0,4,7];0:[0,1,2,3,6,7];33:[0,1,2,3,5,6,7]","c5:bw=49,experts=[1,2,3,6]; c45:bw=21,experts=[4,7]; c10:bw=11,experts=[2]; c32:bw=61,experts=[0,1,2,3,6,7]; c29:bw=13,experts=[7]; c12:bw=27,experts=[6,7]; c28:bw=19,experts=[6]; c18:bw=50,experts=[0,1,2,4,6]; c2:bw=29,experts=[0,4]; c16:bw=38,experts=[2,3,6]; c17:bw=46,experts=[0,1,4,6]; c42:bw=55,experts=[1,2,4,5,7]; c48:bw=18,experts=[7]; c39:bw=59,experts=[2,4,5,6,7]; c36:bw=46,experts=[2,3,4,7]; c34:bw=25,experts=[0,2]; c22:bw=12,experts=[7]; c8:bw=55,experts=[2,3,4,5,6]; c27:bw=50,experts=[0,3,4,5,6]; c26:bw=17,experts=[4]; c24:bw=39,experts=[1,4,6]; c40:bw=53,experts=[1,2,4,5,6]; c7:bw=43,experts=[0,1,2,4]; c35:bw=35,experts=[0,1,4]; c14:bw=38,experts=[1,5,6]; c37:bw=40,experts=[0,2,3,7]; c30:bw=55,experts=[0,3,4,5,7]; c13:bw=34,experts=[2,4,6]; c3:bw=43,experts=[0,1,2,7]; c25:bw=59,experts=[0,2,5,6,7]; c19:bw=52,experts=[1,3,4,6,7]; c46:bw=41,experts=[1,3,4,5]; c6:bw=37,experts=[3,5,6]; c31:bw=48,experts=[0,1,2,4]; c41:bw=40,experts=[3,4,5,6]; c23:bw=28,experts=[2,7]; c11:bw=39,experts=[2,3,5]; c43:bw=37,experts=[0,2,4]; c38:bw=19,experts=[3]; c15:bw=16,experts=[6]; c49:bw=38,experts=[3,4,6]; c47:bw=18,experts=[6]; c44:bw=24,experts=[4,7]; c21:bw=59,experts=[0,2,3,5,6]; c1:bw=33,experts=[1,4,5]; c4:bw=38,experts=[3,4,6]; c20:bw=58,experts=[0,2,3,5,7]; c9:bw=38,experts=[0,4,7]; c0:bw=60,experts=[0,1,2,3,6,7]; c33:bw=71,experts=[0,1,2,3,5,6,7]","1.5661,1.5710,0.9291,1.2089,1.2282,0.6383,0.8244,0.9706,0.6275,1.6226,0.8137,0.9719,0.6397,1.0299,0.7977,0.8398,1.3146,0.7738,1.1294,1.1933,0.7502,1.0481,0.6313,0.8782,1.3200,0.8065,1.0707,0.7610,1.1533,1.9306,0.9583,0.7620,1.1803,1.1323,0.4289,1.1717,0.7447,0.8263,0.6257,0.7629,2.5532,0.6663,0.7055,1.4120,0.9188,1.1649,1.2176,1.0387,0.4238,1.0390"
62,2026-09-24 00:08:39,Ours,0.01,2.6373406292305295,34.97,35.06,61,52.357,0:52.36,50.5763,0.6422,1.1334,3289.3432,54:49.34,50,"26,32,39,16,33,45,3,49,44,21,48,30,47,0,25,29,43,28,37,12,2,31,6,1,46,5,19,41,17,34,13,15,14,8,40,20,36,35,27,23,7,9,11,10,4,18,42,24,22,38",26:49;32:34;39:15;16:26;33:43;45:37;3:53;49:54;44:39;21:33;48:30;30:16;47:38;0:28;25:65;29:52;43:18;28:46;37:56;12:11;2:42;31:34;6:62;1:75;46:48;5:67;19:42;41:42;17:19;34:44;13:30;15:46;14:14;8:13;40:39;20:31;36:71;35:55;27:36;23:44;7:44;9:16;11:36;10:21;4:60;18:26;42:36;24:37;22:13;38:21,"26:[1,2,3,7];32:[1,4,6];39:[5];16:[0,3];33:[1,2,4,5];45:[2,3,6];3:[0,1,5,6,7];49:[0,1,2,4,7];44:[3,6,7];21:[4,5,7];48:[3,5,6];30:[7];47:[0,2,6];0:[4,6];25:[0,1,2,3,6,7];29:[0,2,3,5,6];43:[1];28:[1,3,5,6];37:[0,2,4,6,7];12:[7];2:[1,4,5,7];31:[2,4,6];6:[0,2,3,4,6,7];1:[0,1,2,3,5,6,7];46:[0,1,4,5];5:[0,3,4,5,6,7];19:[0,4,5,6];41:[0,3,6,7];17:[4];34:[1,2,3,6];13:[5,6,7];15:[0,3,4,6];14:[0];8:[1];40:[0,1,4];20:[5,6,7];36:[0,1,2,3,4,5,7];35:[1,2,3,4,5];27:[1,3,7];23:[1,3,4,7];7:[4,5,6,7];9:[4];11:[1,5,7];10:[5,7];4:[0,2,4,5,6,7];18:[1,3];42:[0,1,3];24:[2,3,6];22:[2];38:[0,6]","c26:bw=49,experts=[1,2,3,7]; c32:bw=34,experts=[1,4,6]; c39:bw=15,experts=[5]; c16:bw=26,experts=[0,3]; c33:bw=43,experts=[1,2,4,5]; c45:bw=37,experts=[2,3,6]; c3:bw=53,experts=[0,1,5,6,7]; c49:bw=54,experts=[0,1,2,4,7]; c44:bw=39,experts=[3,6,7]; c21:bw=33,experts=[4,5,7]; c48:bw=30,experts=[3,5,6]; c30:bw=16,experts=[7]; c47:bw=38,experts=[0,2,6]; c0:bw=28,experts=[4,6]; c25:bw=65,experts=[0,1,2,3,6,7]; c29:bw=52,experts=[0,2,3,5,6]; c43:bw=18,experts=[1]; c28:bw=46,experts=[1,3,5,6]; c37:bw=56,experts=[0,2,4,6,7]; c12:bw=11,experts=[7]; c2:bw=42,experts=[1,4,5,7]; c31:bw=34,experts=[2,4,6]; c6:bw=62,experts=[0,2,3,4,6,7]; c1:bw=75,experts=[0,1,2,3,5,6,7]; c46:bw=48,experts=[0,1,4,5]; c5:bw=67,experts=[0,3,4,5,6,7]; c19:bw=42,experts=[0,4,5,6]; c41:bw=42,experts=[0,3,6,7]; c17:bw=19,experts=[4]; c34:bw=44,experts=[1,2,3,6]; c13:bw=30,experts=[5,6,7]; c15:bw=46,experts=[0,3,4,6]; c14:bw=14,experts=[0]; c8:bw=13,experts=[1]; c40:bw=39,experts=[0,1,4]; c20:bw=31,experts=[5,6,7]; c36:bw=71,experts=[0,1,2,3,4,5,7]; c35:bw=55,experts=[1,2,3,4,5]; c27:bw=36,experts=[1,3,7]; c23:bw=44,experts=[1,3,4,7]; c7:bw=44,experts=[4,5,6,7]; c9:bw=16,experts=[4]; c11:bw=36,experts=[1,5,7]; c10:bw=21,experts=[5,7]; c4:bw=60,experts=[0,2,4,5,6,7]; c18:bw=26,experts=[1,3]; c42:bw=36,experts=[0,1,3]; c24:bw=37,experts=[2,3,6]; c22:bw=13,experts=[2]; c38:bw=21,experts=[0,6]","1.1892,1.2136,1.0299,1.6212,1.0678,1.5600,1.0808,2.5589,0.7195,1.4194,0.6415,1.0655,0.6760,0.4326,1.9449,1.2173,0.8227,0.8300,0.8182,0.6326,0.6171,1.1448,1.1961,0.9377,0.7714,1.5425,0.9518,0.4290,0.7919,0.8262,0.7600,0.7741,1.3002,0.7547,1.0212,1.2136,0.8003,0.8686,1.1045,1.1955,0.6198,1.0407,0.7431,0.9133,1.1726,0.9452,0.9447,0.7306,1.2991,0.6240"
63,2026-09-24 00:09:32,Ours,0.01,2.574108130480356,36.45,36.45,63,52.6169,0:52.62,50.8155,0.6426,1.1537,3341.9975,55:42.00,50,"35,6,16,39,9,40,23,48,43,7,28,22,13,21,14,34,44,49,41,17,5,36,46,47,38,25,1,19,32,37,42,2,24,4,26,30,27,3,33,12,29,20,0,15,10,11,8,31,18,45",35:49;6:34;16:58;39:37;9:21;40:28;23:26;48:52;43:50;7:68;28:38;22:80;13:58;21:31;14:41;34:34;44:53;49:55;41:10;17:37;5:10;36:45;46:45;47:70;38:28;25:61;1:50;19:34;32:10;37:50;42:53;2:28;24:33;4:52;26:44;30:12;27:34;3:52;33:30;12:51;29:10;20:51;0:41;15:61;10:27;11:45;8:32;31:58;18:47;45:36,"35:[0,1,3,5];6:[1,3,5];16:[0,1,2,4,5];39:[1,2,5];9:[2,4];40:[4,7];23:[0,5];48:[0,1,2,5,7];43:[0,1,5,6,7];7:[0,2,3,4,6,7];28:[2,4,5];22:[0,1,2,3,4,5,6,7];13:[0,3,4,5,6];21:[0,4,6];14:[1,2,3,5];34:[4,5,6];44:[0,1,2,5,6];49:[0,2,4,5,6];41:[4];17:[0,1,7];5:[0];36:[1,2,3,5];46:[2,4,6,7];47:[0,1,2,3,4,5,7];38:[3,5];25:[0,1,4,5,6,7];1:[0,2,3,4,6];19:[0,4,5];32:[1];37:[0,1,2,4,6];42:[0,2,4,5,6];2:[1,2];24:[2,3,5];4:[0,1,2,4,6];26:[0,1,2,5];30:[4];27:[0,2,5];3:[0,1,3,6,7];33:[3,4,5];12:[0,2,3,4,5];29:[6];20:[1,2,3,4,5];0:[1,2,3,6];15:[0,1,3,4,5,7];10:[2,7];11:[0,1,3,4];8:[0,2,3];31:[0,2,3,6,7];18:[2,3,4,5];45:[3,4,5]","c35:bw=49,experts=[0,1,3,5]; c6:bw=34,experts=[1,3,5]; c16:bw=58,experts=[0,1,2,4,5]; c39:bw=37,experts=[1,2,5]; c9:bw=21,experts=[2,4]; c40:bw=28,experts=[4,7]; c23:bw=26,experts=[0,5]; c48:bw=52,experts=[0,1,2,5,7]; c43:bw=50,experts=[0,1,5,6,7]; c7:bw=68,experts=[0,2,3,4,6,7]; c28:bw=38,experts=[2,4,5]; c22:bw=80,experts=[0,1,2,3,4,5,6,7]; c13:bw=58,experts=[0,3,4,5,6]; c21:bw=31,experts=[0,4,6]; c14:bw=41,experts=[1,2,3,5]; c34:bw=34,experts=[4,5,6]; c44:bw=53,experts=[0,1,2,5,6]; c49:bw=55,experts=[0,2,4,5,6]; c41:bw=10,experts=[4]; c17:bw=37,experts=[0,1,7]; c5:bw=10,experts=[0]; c36:bw=45,experts=[1,2,3,5]; c46:bw=45,experts=[2,4,6,7]; c47:bw=70,experts=[0,1,2,3,4,5,7]; c38:bw=28,experts=[3,5]; c25:bw=61,experts=[0,1,4,5,6,7]; c1:bw=50,experts=[0,2,3,4,6]; c19:bw=34,experts=[0,4,5]; c32:bw=10,experts=[1]; c37:bw=50,experts=[0,1,2,4,6]; c42:bw=53,experts=[0,2,4,5,6]; c2:bw=28,experts=[1,2]; c24:bw=33,experts=[2,3,5]; c4:bw=52,experts=[0,1,2,4,6]; c26:bw=44,experts=[0,1,2,5]; c30:bw=12,experts=[4]; c27:bw=34,experts=[0,2,5]; c3:bw=52,experts=[0,1,3,6,7]; c33:bw=30,experts=[3,4,5]; c12:bw=51,experts=[0,2,3,4,5]; c29:bw=10,experts=[6]; c20:bw=51,experts=[1,2,3,4,5]; c0:bw=41,experts=[1,2,3,6]; c15:bw=61,experts=[0,1,3,4,5,7]; c10:bw=27,experts=[2,7]; c11:bw=45,experts=[0,1,3,4]; c8:bw=32,experts=[0,2,3]; c31:bw=58,experts=[0,2,3,6,7]; c18:bw=47,experts=[2,3,4,5]; c45:bw=36,experts=[3,4,5]","0.8724,1.1938,1.6217,1.0352,1.0503,1.0197,1.1931,0.6417,0.8300,0.6372,0.8295,1.3120,0.7698,1.4286,1.3211,0.8421,0.7243,2.5873,0.4297,0.8023,1.5561,0.8004,0.7780,0.6831,0.6296,1.9383,0.9359,0.9692,1.1953,0.8078,0.9639,0.7026,0.7303,1.1793,1.1837,1.0674,1.1111,1.0664,1.0581,0.6363,1.2124,1.2077,0.4246,0.7725,0.9255,0.7417,0.7587,1.1253,0.9574,1.5548"
64,2026-09-24 00:10:25,Ours,0.01,2.6241287505822,36.94,36.94,64,52.6564,0:52.66,50.8528,0.6388,1.1597,3394.6891,56:34.69,50,"47,35,18,41,38,48,12,39,11,13,37,36,45,44,9,3,24,23,30,8,5,6,43,7,31,46,1,15,28,19,0,2,26,14,29,42,4,16,21,22,10,17,40,33,34,49,32,25,27,20",47:47;35:21;18:37;41:46;38:35;48:43;12:27;39:55;11:57;13:42;37:51;36:44;45:48;44:71;9:59;3:38;24:12;23:55;30:33;8:53;5:24;6:50;43:10;7:34;31:47;46:59;1:28;15:59;28:15;19:10;0:32;2:56;26:26;14:46;29:19;42:10;4:38;16:16;21:47;22:58;10:49;17:10;40:21;33:45;34:60;49:17;32:16;25:66;27:25;20:39,"47:[0,1,5,6];35:[2,6];18:[2,4,6];41:[1,4,6,7];38:[3,5,6];48:[0,3,5,7];12:[3,5];39:[0,2,3,4,7];11:[0,1,3,5,6];13:[1,3,6,7];37:[1,3,4,5,7];36:[2,4,5,6];45:[2,3,5,6];44:[0,1,2,3,5,6,7];9:[0,1,4,5,6];3:[1,3,6];24:[0];23:[0,1,3,4,5];30:[2,3,6];8:[2,3,4,5,6];5:[1,2];6:[0,2,4,6,7];43:[4];7:[2,3,6];31:[0,2,3,6];46:[0,1,5,6,7];1:[3,7];15:[2,3,4,5,7];28:[2];19:[7];0:[1,5,6];2:[1,2,4,6,7];26:[0,5];14:[2,3,6,7];29:[0];42:[0];4:[3,4,7];16:[4];21:[0,1,3,5];22:[0,2,3,4,5];10:[1,4,5,7];17:[0];40:[1,3];33:[1,2,5,7];34:[0,1,3,4,6,7];49:[4];32:[7];25:[1,2,3,4,6,7];27:[2,5];20:[2,3,6]","c47:bw=47,experts=[0,1,5,6]; c35:bw=21,experts=[2,6]; c18:bw=37,experts=[2,4,6]; c41:bw=46,experts=[1,4,6,7]; c38:bw=35,experts=[3,5,6]; c48:bw=43,experts=[0,3,5,7]; c12:bw=27,experts=[3,5]; c39:bw=55,experts=[0,2,3,4,7]; c11:bw=57,experts=[0,1,3,5,6]; c13:bw=42,experts=[1,3,6,7]; c37:bw=51,experts=[1,3,4,5,7]; c36:bw=44,experts=[2,4,5,6]; c45:bw=48,experts=[2,3,5,6]; c44:bw=71,experts=[0,1,2,3,5,6,7]; c9:bw=59,experts=[0,1,4,5,6]; c3:bw=38,experts=[1,3,6]; c24:bw=12,experts=[0]; c23:bw=55,experts=[0,1,3,4,5]; c30:bw=33,experts=[2,3,6]; c8:bw=53,experts=[2,3,4,5,6]; c5:bw=24,experts=[1,2]; c6:bw=50,experts=[0,2,4,6,7]; c43:bw=10,experts=[4]; c7:bw=34,experts=[2,3,6]; c31:bw=47,experts=[0,2,3,6]; c46:bw=59,experts=[0,1,5,6,7]; c1:bw=28,experts=[3,7]; c15:bw=59,experts=[2,3,4,5,7]; c28:bw=15,experts=[2]; c19:bw=10,experts=[7]; c0:bw=32,experts=[1,5,6]; c2:bw=56,experts=[1,2,4,6,7]; c26:bw=26,experts=[0,5]; c14:bw=46,experts=[2,3,6,7]; c29:bw=19,experts=[0]; c42:bw=10,experts=[0]; c4:bw=38,experts=[3,4,7]; c16:bw=16,experts=[4]; c21:bw=47,experts=[0,1,3,5]; c22:bw=58,experts=[0,2,3,4,5]; c10:bw=49,experts=[1,4,5,7]; c17:bw=10,experts=[0]; c40:bw=21,experts=[1,3]; c33:bw=45,experts=[1,2,5,7]; c34:bw=60,experts=[0,1,3,4,6,7]; c49:bw=17,experts=[4]; c32:bw=16,experts=[7]; c25:bw=66,experts=[1,2,3,4,6,7]; c27:bw=25,experts=[2,5]; c20:bw=39,experts=[2,3,6]","0.6798,0.8799,0.9746,0.4368,0.6296,0.6434,0.6346,1.0289,0.7576,0.7723,0.8175,0.7989,1.5610,0.7237,1.0467,1.0816,0.7461,1.2210,1.0741,0.7685,1.5681,1.1997,0.8214,0.6239,1.1463,0.7694,0.9334,0.7703,0.8203,0.9500,0.4248,0.6300,1.1617,1.3113,1.2039,0.9633,1.1703,1.6225,1.6054,1.2920,0.9269,0.7948,1.0329,1.0413,0.8331,2.5358,1.1800,1.9289,1.1104,1.2039"
65,2026-09-24 00:11:18,Ours,0.01,2.6066840302705994,36.14,36.94,64,53.0916,0:53.09,51.2767,0.6506,1.1592,3447.8185,57:27.82,50,"27,1,41,0,4,25,20,47,10,28,46,6,3,11,49,45,9,2,44,39,15,21,43,31,23,36,24,16,19,40,38,30,29,18,48,7,35,13,37,33,42,22,26,5,32,17,14,12,34,8",27:30;1:58;41:40;0:41;4:57;25:64;20:35;47:40;10:26;28:31;46:40;6:50;3:42;11:10;49:66;45:42;9:47;2:28;44:58;39:48;15:38;21:42;43:67;31:51;23:10;36:10;24:55;16:45;19:28;40:15;38:49;30:40;29:10;18:18;48:54;7:10;35:23;13:48;37:10;33:16;42:48;22:51;26:29;5:29;32:36;17:26;14:45;12:44;34:24;8:66,"27:[3,5,6];1:[0,1,4,6,7];41:[2,3,4,5];0:[0,2,3,6];4:[0,1,2,3,7];25:[1,2,4,5,6,7];20:[0,2,3];47:[0,3,5,7];10:[5,7];28:[1,2,6];46:[0,1,3,5];6:[0,1,4,5,6];3:[3,4,5,7];11:[7];49:[1,2,3,4,5,7];45:[1,2,3,6];9:[0,1,4,5];2:[4,7];44:[0,2,3,4,5];39:[2,3,4,5];15:[3,4,6];21:[0,1,3,4];43:[0,2,3,4,5,6];31:[1,3,5,6,7];23:[4];36:[6];24:[0,1,3,5,6];16:[3,5,6,7];19:[1,4];40:[0];38:[0,4,6,7];30:[2,3,5,7];29:[5];18:[7];48:[0,2,3,6,7];7:[6];35:[3,7];13:[0,2,3,4];37:[0];33:[5];42:[1,2,3,5];22:[0,1,5,6,7];26:[3,5];5:[4,6];32:[3,6,7];17:[3,6];14:[0,5,6,7];12:[1,5,6,7];34:[3,4];8:[0,2,3,4,5,6]","c27:bw=30,experts=[3,5,6]; c1:bw=58,experts=[0,1,4,6,7]; c41:bw=40,experts=[2,3,4,5]; c0:bw=41,experts=[0,2,3,6]; c4:bw=57,experts=[0,1,2,3,7]; c25:bw=64,experts=[1,2,4,5,6,7]; c20:bw=35,experts=[0,2,3]; c47:bw=40,experts=[0,3,5,7]; c10:bw=26,experts=[5,7]; c28:bw=31,experts=[1,2,6]; c46:bw=40,experts=[0,1,3,5]; c6:bw=50,experts=[0,1,4,5,6]; c3:bw=42,experts=[3,4,5,7]; c11:bw=10,experts=[7]; c49:bw=66,experts=[1,2,3,4,5,7]; c45:bw=42,experts=[1,2,3,6]; c9:bw=47,experts=[0,1,4,5]; c2:bw=28,experts=[4,7]; c44:bw=58,experts=[0,2,3,4,5]; c39:bw=48,experts=[2,3,4,5]; c15:bw=38,experts=[3,4,6]; c21:bw=42,experts=[0,1,3,4]; c43:bw=67,experts=[0,2,3,4,5,6]; c31:bw=51,experts=[1,3,5,6,7]; c23:bw=10,experts=[4]; c36:bw=10,experts=[6]; c24:bw=55,experts=[0,1,3,5,6]; c16:bw=45,experts=[3,5,6,7]; c19:bw=28,experts=[1,4]; c40:bw=15,experts=[0]; c38:bw=49,experts=[0,4,6,7]; c30:bw=40,experts=[2,3,5,7]; c29:bw=10,experts=[5]; c18:bw=18,experts=[7]; c48:bw=54,experts=[0,2,3,6,7]; c7:bw=10,experts=[6]; c35:bw=23,experts=[3,7]; c13:bw=48,experts=[0,2,3,4]; c37:bw=10,experts=[0]; c33:bw=16,experts=[5]; c42:bw=48,experts=[1,2,3,5]; c22:bw=51,experts=[0,1,5,6,7]; c26:bw=29,experts=[3,5]; c5:bw=29,experts=[4,6]; c32:bw=36,experts=[3,6,7]; c17:bw=26,experts=[3,6]; c14:bw=45,experts=[0,5,6,7]; c12:bw=44,experts=[1,5,6,7]; c34:bw=24,experts=[3,4]; c8:bw=66,experts=[0,2,3,4,5,6]","1.1250,0.9459,0.4292,0.4229,1.1778,1.9545,1.2299,0.6721,0.9245,0.8230,0.7687,1.2104,1.0834,0.7502,2.5718,1.5635,1.0490,0.6149,0.7139,1.0207,0.7756,1.4115,0.8338,1.1354,1.1876,0.7950,0.7282,1.5863,0.9475,1.0195,0.6424,1.0555,1.2375,1.0005,0.6576,0.6507,0.9143,0.8010,0.8266,1.0886,0.9939,1.3645,1.2353,1.6100,1.2315,0.8197,1.3868,0.6551,0.8696,0.7636"
66,2026-09-24 00:12:11,Ours,0.01,2.5625634584989667,36.48,36.94,64,52.7196,0:52.72,50.9364,0.6415,1.1365,3500.5747,58:20.57,50,"9,6,5,36,26,14,30,35,22,47,38,25,49,12,18,0,48,37,44,19,31,4,23,20,17,42,45,2,11,33,16,41,28,15,21,1,7,27,39,3,43,29,46,40,34,10,13,24,32,8",9:31;6:30;5:17;36:41;26:54;14:23;30:40;35:18;22:69;47:62;38:29;25:30;49:30;12:42;18:24;0:38;48:62;37:33;44:48;19:56;31:24;4:41;23:14;20:52;17:35;42:57;45:28;2:41;11:10;33:49;16:59;41:11;28:68;15:50;21:41;1:54;7:50;27:42;39:10;3:66;43:59;29:31;46:10;40:35;34:35;10:46;13:32;24:30;32:46;8:24,"9:[1,3,5];6:[1,2,6];5:[0];36:[0,4,6,7];26:[3,4,5,6,7];14:[4,7];30:[0,2,3,5];35:[5];22:[0,1,2,3,6,7];47:[0,1,2,3,4,7];38:[0,3];25:[0,3,6];49:[2,3,6];12:[3,4,5,6];18:[0,5];0:[0,4,7];48:[0,1,2,4,6,7];37:[0,1,7];44:[1,2,6,7];19:[0,2,3,4,6];31:[0,1];4:[0,1,2,5];23:[7];20:[0,1,2,4,7];17:[0,1,6];42:[0,3,4,6,7];45:[3,7];2:[0,2,3,5];11:[0];33:[0,2,3,4];16:[0,2,5,6,7];41:[3];28:[0,1,2,3,4,5];15:[0,3,4,5,6];21:[0,2,4,6];1:[0,1,2,3,5];7:[1,2,4,5,6];27:[3,4,6,7];39:[4];3:[0,1,2,3,4,6];43:[0,1,2,3,6];29:[2,4,7];46:[4];40:[3,6,7];34:[2,3,5];10:[0,3,4,7];13:[3,4,5];24:[2,3,5];32:[2,3,4,6];8:[1,3]","c9:bw=31,experts=[1,3,5]; c6:bw=30,experts=[1,2,6]; c5:bw=17,experts=[0]; c36:bw=41,experts=[0,4,6,7]; c26:bw=54,experts=[3,4,5,6,7]; c14:bw=23,experts=[4,7]; c30:bw=40,experts=[0,2,3,5]; c35:bw=18,experts=[5]; c22:bw=69,experts=[0,1,2,3,6,7]; c47:bw=62,experts=[0,1,2,3,4,7]; c38:bw=29,experts=[0,3]; c25:bw=30,experts=[0,3,6]; c49:bw=30,experts=[2,3,6]; c12:bw=42,experts=[3,4,5,6]; c18:bw=24,experts=[0,5]; c0:bw=38,experts=[0,4,7]; c48:bw=62,experts=[0,1,2,4,6,7]; c37:bw=33,experts=[0,1,7]; c44:bw=48,experts=[1,2,6,7]; c19:bw=56,experts=[0,2,3,4,6]; c31:bw=24,experts=[0,1]; c4:bw=41,experts=[0,1,2,5]; c23:bw=14,experts=[7]; c20:bw=52,experts=[0,1,2,4,7]; c17:bw=35,experts=[0,1,6]; c42:bw=57,experts=[0,3,4,6,7]; c45:bw=28,experts=[3,7]; c2:bw=41,experts=[0,2,3,5]; c11:bw=10,experts=[0]; c33:bw=49,experts=[0,2,3,4]; c16:bw=59,experts=[0,2,5,6,7]; c41:bw=11,experts=[3]; c28:bw=68,experts=[0,1,2,3,4,5]; c15:bw=50,experts=[0,3,4,5,6]; c21:bw=41,experts=[0,2,4,6]; c1:bw=54,experts=[0,1,2,3,5]; c7:bw=50,experts=[1,2,4,5,6]; c27:bw=42,experts=[3,4,6,7]; c39:bw=10,experts=[4]; c3:bw=66,experts=[0,1,2,3,4,6]; c43:bw=59,experts=[0,1,2,3,6]; c29:bw=31,experts=[2,4,7]; c46:bw=10,experts=[4]; c40:bw=35,experts=[3,6,7]; c34:bw=35,experts=[2,3,5]; c10:bw=46,experts=[0,3,4,7]; c13:bw=32,experts=[3,4,5]; c24:bw=30,experts=[2,3,5]; c32:bw=46,experts=[2,3,4,6]; c8:bw=24,experts=[1,3]","1.0760,1.2143,1.5554,0.8147,1.2134,1.3371,1.0819,0.8858,1.3321,0.6954,0.6515,1.9679,2.5942,0.6440,0.9633,0.4366,0.7277,0.8164,0.7204,0.9673,1.1314,1.1796,1.1870,1.2061,0.7998,0.9595,1.5459,0.6204,0.7546,1.0397,1.6072,0.4316,0.8264,0.7835,1.4167,0.9281,0.6278,1.1136,1.0217,1.0720,0.8195,1.1971,0.7543,1.0186,0.8268,0.9336,0.7576,0.7253,1.1945,0.7612"
67,2026-09-24 00:13:03,Ours,0.01,2.604462186346558,36.15,36.94,64,52.6767,0:52.68,50.8686,0.6463,1.1568,3553.2907,59:13.29,50,"41,15,46,34,47,13,31,4,26,24,49,30,29,10,9,48,43,16,17,42,5,7,0,8,22,35,23,1,32,33,2,12,11,44,38,36,27,6,3,45,19,37,20,39,21,28,25,18,40,14",41:42;15:49;46:49;34:54;47:34;13:39;31:65;4:51;26:31;24:44;49:28;30:16;29:25;10:36;9:60;48:49;43:33;16:53;17:48;42:38;5:48;7:59;0:32;8:10;22:47;35:30;23:53;1:36;32:53;33:14;2:43;12:44;11:43;44:21;38:62;36:40;27:59;6:53;3:25;45:46;19:14;37:51;20:27;39:44;21:53;28:10;25:51;18:31;40:20;14:18,"41:[1,2,3,7];15:[0,1,6,7];46:[0,3,5,6];34:[0,1,5,6,7];47:[0,1,6];13:[0,1,4];31:[0,1,3,4,5,7];4:[1,3,5,6,7];26:[2,4,7];24:[0,1,4,7];49:[2,4];30:[0];29:[1,2];10:[3,5,7];9:[0,1,2,3,4,7];48:[0,3,5,6];43:[0,4,5];16:[0,1,3,5,6];17:[0,1,3,5];42:[0,2,6];5:[2,3,5,6];7:[1,2,4,5,7];0:[0,1,5];8:[5];22:[0,1,6,7];35:[1,2,4];23:[2,3,5,6,7];1:[3,4,7];32:[1,2,5,6,7];33:[3];2:[0,3,6,7];12:[0,1,6,7];11:[1,2,5,7];44:[6,7];38:[0,3,4,5,6,7];36:[1,2,4,7];27:[0,2,3,6,7];6:[1,2,3,6,7];3:[0,6];45:[0,2,3,7];19:[6];37:[1,2,3,4,7];20:[5,6];39:[2,4,5,6];21:[0,1,4,6,7];28:[0];25:[0,1,3,6,7];18:[4,5,7];40:[1,5];14:[7]","c41:bw=42,experts=[1,2,3,7]; c15:bw=49,experts=[0,1,6,7]; c46:bw=49,experts=[0,3,5,6]; c34:bw=54,experts=[0,1,5,6,7]; c47:bw=34,experts=[0,1,6]; c13:bw=39,experts=[0,1,4]; c31:bw=65,experts=[0,1,3,4,5,7]; c4:bw=51,experts=[1,3,5,6,7]; c26:bw=31,experts=[2,4,7]; c24:bw=44,experts=[0,1,4,7]; c49:bw=28,experts=[2,4]; c30:bw=16,experts=[0]; c29:bw=25,experts=[1,2]; c10:bw=36,experts=[3,5,7]; c9:bw=60,experts=[0,1,2,3,4,7]; c48:bw=49,experts=[0,3,5,6]; c43:bw=33,experts=[0,4,5]; c16:bw=53,experts=[0,1,3,5,6]; c17:bw=48,experts=[0,1,3,5]; c42:bw=38,experts=[0,2,6]; c5:bw=48,experts=[2,3,5,6]; c7:bw=59,experts=[1,2,4,5,7]; c0:bw=32,experts=[0,1,5]; c8:bw=10,experts=[5]; c22:bw=47,experts=[0,1,6,7]; c35:bw=30,experts=[1,2,4]; c23:bw=53,experts=[2,3,5,6,7]; c1:bw=36,experts=[3,4,7]; c32:bw=53,experts=[1,2,5,6,7]; c33:bw=14,experts=[3]; c2:bw=43,experts=[0,3,6,7]; c12:bw=44,experts=[0,1,6,7]; c11:bw=43,experts=[1,2,5,7]; c44:bw=21,experts=[6,7]; c38:bw=62,experts=[0,3,4,5,6,7]; c36:bw=40,experts=[1,2,4,7]; c27:bw=59,experts=[0,2,3,6,7]; c6:bw=53,experts=[1,2,3,6,7]; c3:bw=25,experts=[0,6]; c45:bw=46,experts=[0,2,3,7]; c19:bw=14,experts=[6]; c37:bw=51,experts=[1,2,3,4,7]; c20:bw=27,experts=[5,6]; c39:bw=44,experts=[2,4,5,6]; c21:bw=53,experts=[0,1,4,6,7]; c28:bw=10,experts=[0]; c25:bw=51,experts=[0,1,3,6,7]; c18:bw=31,experts=[4,5,7]; c40:bw=20,experts=[1,5]; c14:bw=18,experts=[7]","0.4366,0.7800,0.7778,0.8488,0.6806,0.7748,1.1751,1.2060,1.1989,0.7474,2.5922,1.0775,1.2196,0.9465,1.0629,0.6503,0.8299,1.6316,0.7980,0.9672,1.5494,0.6259,0.4321,0.7575,1.3084,0.8734,1.1728,0.9370,1.1926,1.0440,0.6183,0.6339,0.7541,0.7149,0.6355,0.7884,1.1141,1.1900,1.0804,1.5652,0.9640,0.8052,1.2176,1.0254,1.4188,0.8253,1.9160,0.9506,1.0251,1.3311"
68,2026-09-24 00:13:56,Ours,0.01,2.5252079998948966,38.76,38.76,68,52.4541,0:52.45,50.6685,0.637,1.1436,3605.7836,1:00:05.78,50,"1,27,3,5,45,2,40,17,4,15,6,9,14,34,35,43,24,33,22,21,28,11,48,0,26,29,41,30,18,13,10,31,46,39,36,16,23,8,20,38,25,32,49,42,7,37,12,19,44,47",1:42;27:48;3:26;5:45;45:33;2:58;40:30;17:72;4:49;15:28;6:32;9:15;14:10;34:56;35:30;43:24;24:32;33:34;22:15;21:29;28:40;11:14;48:35;0:30;26:40;29:57;41:23;30:29;18:54;13:35;10:31;31:16;46:10;39:10;36:53;16:54;23:46;8:31;20:38;38:59;25:47;32:49;49:13;42:28;7:28;37:61;12:67;19:28;44:53;47:20,"1:[3,5,6,7];27:[3,4,5,6];3:[4,7];5:[1,2,5,6];45:[1,2,5];2:[0,1,3,4,5];40:[2,4,5];17:[0,1,2,4,5,6,7];4:[3,5,6,7];15:[2,7];6:[0,2,6];9:[5];14:[5];34:[0,2,3,4,7];35:[4,5,7];43:[0,5];24:[1,2,3];33:[4,6,7];22:[4];21:[2,5];28:[2,5,6,7];11:[5];48:[2,4,7];0:[0,4,6];26:[0,1,3,5];29:[1,3,4,5,6];41:[1,4];30:[3,6];18:[1,2,3,4,6];13:[3,4,5];10:[3,5,6];31:[3];46:[5];39:[2];36:[0,1,2,4,7];16:[0,1,2,3,6];23:[1,3,4,6];8:[3,5,6];20:[1,4,7];38:[1,2,3,5,7];25:[1,3,4,6];32:[0,2,4,6];49:[5];42:[2,7];7:[0,2];37:[0,1,2,4,6,7];12:[1,2,3,4,6,7];19:[1,3];44:[0,2,4,5,7];47:[1,3]","c1:bw=42,experts=[3,5,6,7]; c27:bw=48,experts=[3,4,5,6]; c3:bw=26,experts=[4,7]; c5:bw=45,experts=[1,2,5,6]; c45:bw=33,experts=[1,2,5]; c2:bw=58,experts=[0,1,3,4,5]; c40:bw=30,experts=[2,4,5]; c17:bw=72,experts=[0,1,2,4,5,6,7]; c4:bw=49,experts=[3,5,6,7]; c15:bw=28,experts=[2,7]; c6:bw=32,experts=[0,2,6]; c9:bw=15,experts=[5]; c14:bw=10,experts=[5]; c34:bw=56,experts=[0,2,3,4,7]; c35:bw=30,experts=[4,5,7]; c43:bw=24,experts=[0,5]; c24:bw=32,experts=[1,2,3]; c33:bw=34,experts=[4,6,7]; c22:bw=15,experts=[4]; c21:bw=29,experts=[2,5]; c28:bw=40,experts=[2,5,6,7]; c11:bw=14,experts=[5]; c48:bw=35,experts=[2,4,7]; c0:bw=30,experts=[0,4,6]; c26:bw=40,experts=[0,1,3,5]; c29:bw=57,experts=[1,3,4,5,6]; c41:bw=23,experts=[1,4]; c30:bw=29,experts=[3,6]; c18:bw=54,experts=[1,2,3,4,6]; c13:bw=35,experts=[3,4,5]; c10:bw=31,experts=[3,5,6]; c31:bw=16,experts=[3]; c46:bw=10,experts=[5]; c39:bw=10,experts=[2]; c36:bw=53,experts=[0,1,2,4,7]; c16:bw=54,experts=[0,1,2,3,6]; c23:bw=46,experts=[1,3,4,6]; c8:bw=31,experts=[3,5,6]; c20:bw=38,experts=[1,4,7]; c38:bw=59,experts=[1,2,3,5,7]; c25:bw=47,experts=[1,3,4,6]; c32:bw=49,experts=[0,2,4,6]; c49:bw=13,experts=[5]; c42:bw=28,experts=[2,7]; c7:bw=28,experts=[0,2]; c37:bw=61,experts=[0,1,2,4,6,7]; c12:bw=67,experts=[1,2,3,4,6,7]; c19:bw=28,experts=[1,3]; c44:bw=53,experts=[0,2,4,5,7]; c47:bw=20,experts=[1,3]","0.9456,1.1392,1.0771,1.5591,1.5624,0.6244,1.0286,0.8087,1.1889,0.7746,1.2036,1.0590,1.3199,0.8535,0.8871,0.8216,0.7354,1.0600,1.3045,1.4926,0.8169,0.7490,0.6415,0.4201,1.1791,1.2351,0.4325,1.0663,0.9681,0.7604,0.9291,1.1380,0.7595,1.0156,0.7956,1.5907,1.1902,0.7576,1.1926,0.6339,1.9187,1.2033,2.5055,0.9479,0.6100,0.8057,0.6325,0.9500,0.7102,0.6672"
69,2026-09-24 00:14:49,Ours,0.01,2.538720143783042,38.77,38.77,69,52.6891,0:52.69,50.8975,0.6517,1.1348,3658.5142,1:00:58.51,50,"39,20,33,15,44,34,23,0,22,7,21,16,24,37,4,25,5,2,6,43,26,40,13,31,12,10,38,41,9,8,28,30,45,14,11,42,48,27,18,36,49,35,32,29,3,1,47,17,19,46",39:51;20:28;33:27;15:20;44:47;34:32;23:33;0:52;22:44;7:58;21:58;16:60;24:53;37:43;4:41;25:31;5:39;2:66;6:26;43:10;26:42;40:67;13:67;31:15;12:10;10:16;38:40;41:28;9:35;8:42;28:58;30:10;45:70;14:37;11:45;42:53;48:61;27:46;18:10;36:30;49:48;35:26;32:53;29:34;3:41;1:31;47:44;17:48;19:43;46:10,"39:[0,2,3,5,6];20:[1,5];33:[1,7];15:[6,7];44:[0,2,5,7];34:[3,5,7];23:[1,6,7];0:[0,1,3,5,6];22:[1,2,5,7];7:[0,3,4,6,7];21:[0,2,3,5,6];16:[0,1,2,3,4,6];24:[0,3,4,6,7];37:[3,4,6,7];4:[1,3,4,7];25:[1,5,7];5:[0,4,5];2:[0,1,2,3,6,7];6:[3,7];43:[5];26:[0,1,3,4];40:[0,1,2,4,5,6];13:[1,3,4,5,6,7];31:[4];12:[6];10:[1];38:[0,1,3,7];41:[4,6];9:[1,2,3];8:[0,2,3,6];28:[0,3,4,5,6];30:[0];45:[0,1,2,3,5,6,7];14:[0,1,7];11:[1,3,4,5];42:[1,3,5,6,7];48:[0,1,3,4,6,7];27:[2,4,5,6];18:[4];36:[0,4,5];49:[0,4,6,7];35:[3,4];32:[1,3,4,6,7];29:[0,4,7];3:[0,2,4,7];1:[4,6,7];47:[1,4,5,7];17:[0,2,3,7];19:[0,1,5,7];46:[5]","c39:bw=51,experts=[0,2,3,5,6]; c20:bw=28,experts=[1,5]; c33:bw=27,experts=[1,7]; c15:bw=20,experts=[6,7]; c44:bw=47,experts=[0,2,5,7]; c34:bw=32,experts=[3,5,7]; c23:bw=33,experts=[1,6,7]; c0:bw=52,experts=[0,1,3,5,6]; c22:bw=44,experts=[1,2,5,7]; c7:bw=58,experts=[0,3,4,6,7]; c21:bw=58,experts=[0,2,3,5,6]; c16:bw=60,experts=[0,1,2,3,4,6]; c24:bw=53,experts=[0,3,4,6,7]; c37:bw=43,experts=[3,4,6,7]; c4:bw=41,experts=[1,3,4,7]; c25:bw=31,experts=[1,5,7]; c5:bw=39,experts=[0,4,5]; c2:bw=66,experts=[0,1,2,3,6,7]; c6:bw=26,experts=[3,7]; c43:bw=10,experts=[5]; c26:bw=42,experts=[0,1,3,4]; c40:bw=67,experts=[0,1,2,4,5,6]; c13:bw=67,experts=[1,3,4,5,6,7]; c31:bw=15,experts=[4]; c12:bw=10,experts=[6]; c10:bw=16,experts=[1]; c38:bw=40,experts=[0,1,3,7]; c41:bw=28,experts=[4,6]; c9:bw=35,experts=[1,2,3]; c8:bw=42,experts=[0,2,3,6]; c28:bw=58,experts=[0,3,4,5,6]; c30:bw=10,experts=[0]; c45:bw=70,experts=[0,1,2,3,5,6,7]; c14:bw=37,experts=[0,1,7]; c11:bw=45,experts=[1,3,4,5]; c42:bw=53,experts=[1,3,5,6,7]; c48:bw=61,experts=[0,1,3,4,6,7]; c27:bw=46,experts=[2,4,5,6]; c18:bw=10,experts=[4]; c36:bw=30,experts=[0,4,5]; c49:bw=48,experts=[0,4,6,7]; c35:bw=26,experts=[3,4]; c32:bw=53,experts=[1,3,4,6,7]; c29:bw=34,experts=[0,4,7]; c3:bw=41,experts=[0,2,4,7]; c1:bw=31,experts=[4,6,7]; c47:bw=44,experts=[1,4,5,7]; c17:bw=48,experts=[0,2,3,7]; c19:bw=43,experts=[0,1,5,7]; c46:bw=10,experts=[5]","1.0391,1.2158,1.0493,0.7785,0.7259,0.8461,1.1916,0.4353,1.3296,0.6298,1.4349,1.6321,0.7433,0.8226,1.1810,1.9705,1.5611,0.6301,1.1925,0.8255,1.1907,1.0391,0.7719,1.1541,0.6296,0.9167,0.6352,0.4290,1.0462,0.7799,0.8162,1.0632,1.5605,1.3107,0.7517,0.9585,0.6408,1.1166,0.9557,0.7876,2.5611,0.9452,1.1993,1.2092,1.0796,0.9349,0.6797,0.7967,0.9402,0.7631"
70,2026-09-24 00:15:41,Ours,0.01,2.474909118472533,38.63,38.77,69,52.4564,0:52.46,50.6673,0.64,1.1438,3711.0091,1:01:51.01,50,"12,41,26,5,47,9,40,13,49,33,28,19,43,16,38,18,4,1,6,0,3,21,15,10,7,42,46,48,11,39,32,2,31,29,8,34,35,17,45,27,37,23,22,24,30,20,36,25,14,44",12:40;41:24;26:27;5:23;47:54;9:10;40:64;13:33;49:55;33:43;28:63;19:37;43:41;16:67;38:20;18:63;4:58;1:24;6:26;0:30;3:32;21:35;15:75;10:58;7:28;42:19;46:27;48:53;11:53;39:10;32:29;2:55;31:41;29:29;8:48;34:60;35:36;17:41;45:39;27:24;37:62;23:30;22:10;24:10;30:41;20:36;36:37;25:10;14:10;44:22,"12:[0,2,6,7];41:[2,5];26:[0,4];5:[0,3];47:[0,3,4,5,7];9:[0];40:[0,2,3,4,5,6];13:[1,3,6];49:[0,4,5,6,7];33:[0,1,4,5];28:[0,2,3,4,6,7];19:[0,2,4];43:[0,1,4,6];16:[1,2,3,4,5,7];38:[2,4];18:[1,2,4,5,6,7];4:[0,1,2,4,6];1:[4,5];6:[2,5];0:[1,4,7];3:[1,4,7];21:[0,3,4];15:[0,1,2,3,4,5,6];10:[2,3,4,5,7];7:[1,7];42:[5];46:[3,4];48:[0,2,4,5,6];11:[3,4,5,6,7];39:[3];32:[0,2];2:[0,1,5,6,7];31:[1,2,3,4];29:[2,6];8:[2,4,5,7];34:[2,3,4,5,6,7];35:[1,3,7];17:[1,3,4,6];45:[0,1,3];27:[2,7];37:[0,2,3,4,6,7];23:[0,2,6];22:[4];24:[1];30:[1,2,3,4];20:[0,3,7];36:[3,4,7];25:[5];14:[7];44:[0,1]","c12:bw=40,experts=[0,2,6,7]; c41:bw=24,experts=[2,5]; c26:bw=27,experts=[0,4]; c5:bw=23,experts=[0,3]; c47:bw=54,experts=[0,3,4,5,7]; c9:bw=10,experts=[0]; c40:bw=64,experts=[0,2,3,4,5,6]; c13:bw=33,experts=[1,3,6]; c49:bw=55,experts=[0,4,5,6,7]; c33:bw=43,experts=[0,1,4,5]; c28:bw=63,experts=[0,2,3,4,6,7]; c19:bw=37,experts=[0,2,4]; c43:bw=41,experts=[0,1,4,6]; c16:bw=67,experts=[1,2,3,4,5,7]; c38:bw=20,experts=[2,4]; c18:bw=63,experts=[1,2,4,5,6,7]; c4:bw=58,experts=[0,1,2,4,6]; c1:bw=24,experts=[4,5]; c6:bw=26,experts=[2,5]; c0:bw=30,experts=[1,4,7]; c3:bw=32,experts=[1,4,7]; c21:bw=35,experts=[0,3,4]; c15:bw=75,experts=[0,1,2,3,4,5,6]; c10:bw=58,experts=[2,3,4,5,7]; c7:bw=28,experts=[1,7]; c42:bw=19,experts=[5]; c46:bw=27,experts=[3,4]; c48:bw=53,experts=[0,2,4,5,6]; c11:bw=53,experts=[3,4,5,6,7]; c39:bw=10,experts=[3]; c32:bw=29,experts=[0,2]; c2:bw=55,experts=[0,1,5,6,7]; c31:bw=41,experts=[1,2,3,4]; c29:bw=29,experts=[2,6]; c8:bw=48,experts=[2,4,5,7]; c34:bw=60,experts=[2,3,4,5,6,7]; c35:bw=36,experts=[1,3,7]; c17:bw=41,experts=[1,3,4,6]; c45:bw=39,experts=[0,1,3]; c27:bw=24,experts=[2,7]; c37:bw=62,experts=[0,2,3,4,6,7]; c23:bw=30,experts=[0,2,6]; c22:bw=10,experts=[4]; c24:bw=10,experts=[1]; c30:bw=41,experts=[1,2,3,4]; c20:bw=36,experts=[0,3,7]; c36:bw=37,experts=[3,4,7]; c25:bw=10,experts=[5]; c14:bw=10,experts=[7]; c44:bw=22,experts=[0,1]","0.6379,0.4343,1.2000,1.5538,0.6793,1.0493,1.0183,0.7625,2.5556,1.0632,0.8334,0.9786,0.8382,1.6376,0.6454,0.9748,1.1947,0.9450,1.2033,0.4335,1.0789,1.4277,0.7825,0.9301,0.6145,0.9496,0.7643,0.6385,0.7419,1.0154,1.1953,0.6146,1.1294,1.2026,0.7580,0.8327,0.8703,0.7892,1.5435,1.1083,0.8101,1.1784,1.2907,0.7329,1.0782,1.2166,0.7914,1.9273,1.3091,0.7065"
71,2026-09-24 00:16:34,Ours,0.01,2.491729777695428,39.65,39.65,71,52.6159,0:52.62,50.8214,0.6406,1.1487,3763.6651,1:02:43.67,50,"43,35,16,15,27,31,20,39,8,1,38,28,6,42,22,41,19,34,36,24,14,5,17,18,9,32,21,13,47,25,40,12,49,2,23,29,44,3,48,0,45,11,33,7,4,37,10,26,30,46",43:48;35:49;16:19;15:28;27:43;31:64;20:31;39:28;8:39;1:52;38:35;28:18;6:50;42:44;22:29;41:56;19:54;34:65;36:15;24:58;14:10;5:33;17:61;18:45;9:40;32:41;21:30;13:25;47:46;25:38;40:10;12:43;49:40;2:61;23:33;29:53;44:19;3:62;48:44;0:16;45:48;11:44;33:60;7:20;4:42;37:60;10:69;26:45;30:41;46:54,"43:[2,3,5,6];35:[0,3,4,6];16:[4];15:[0,3];27:[2,3,5,7];31:[2,3,4,5,6,7];20:[0,2,7];39:[1,5];8:[2,4,5];1:[0,1,3,5,6];38:[2,4,6];28:[3];6:[0,2,3,4,7];42:[1,3,5,7];22:[0,5];41:[0,1,4,5,6];19:[0,1,4,5,7];34:[0,2,3,5,6,7];36:[7];24:[0,1,2,4,6];14:[4];5:[0,3,5];17:[1,2,3,4,6,7];18:[0,2,3,6];9:[1,5,6,7];32:[4,5,6,7];21:[2,3,5];13:[0,4];47:[0,1,5,7];25:[2,3,4];40:[0];12:[0,3,5,7];49:[1,5,6,7];2:[0,1,3,4,6,7];23:[0,5,7];29:[1,3,4,5,7];44:[7];3:[0,1,2,3,5,7];48:[3,4,5,7];0:[6];45:[0,2,3,5];11:[2,5,6,7];33:[1,2,4,5,6,7];7:[1,7];4:[3,4,5,7];37:[0,2,3,5,6,7];10:[2,3,4,5,6,7];26:[1,4,5,6];30:[0,2,3,6];46:[0,1,3,4,6]","c43:bw=48,experts=[2,3,5,6]; c35:bw=49,experts=[0,3,4,6]; c16:bw=19,experts=[4]; c15:bw=28,experts=[0,3]; c27:bw=43,experts=[2,3,5,7]; c31:bw=64,experts=[2,3,4,5,6,7]; c20:bw=31,experts=[0,2,7]; c39:bw=28,experts=[1,5]; c8:bw=39,experts=[2,4,5]; c1:bw=52,experts=[0,1,3,5,6]; c38:bw=35,experts=[2,4,6]; c28:bw=18,experts=[3]; c6:bw=50,experts=[0,2,3,4,7]; c42:bw=44,experts=[1,3,5,7]; c22:bw=29,experts=[0,5]; c41:bw=56,experts=[0,1,4,5,6]; c19:bw=54,experts=[0,1,4,5,7]; c34:bw=65,experts=[0,2,3,5,6,7]; c36:bw=15,experts=[7]; c24:bw=58,experts=[0,1,2,4,6]; c14:bw=10,experts=[4]; c5:bw=33,experts=[0,3,5]; c17:bw=61,experts=[1,2,3,4,6,7]; c18:bw=45,experts=[0,2,3,6]; c9:bw=40,experts=[1,5,6,7]; c32:bw=41,experts=[4,5,6,7]; c21:bw=30,experts=[2,3,5]; c13:bw=25,experts=[0,4]; c47:bw=46,experts=[0,1,5,7]; c25:bw=38,experts=[2,3,4]; c40:bw=10,experts=[0]; c12:bw=43,experts=[0,3,5,7]; c49:bw=40,experts=[1,5,6,7]; c2:bw=61,experts=[0,1,3,4,6,7]; c23:bw=33,experts=[0,5,7]; c29:bw=53,experts=[1,3,4,5,7]; c44:bw=19,experts=[7]; c3:bw=62,experts=[0,1,2,3,5,7]; c48:bw=44,experts=[3,4,5,7]; c0:bw=16,experts=[6]; c45:bw=48,experts=[0,2,3,5]; c11:bw=44,experts=[2,5,6,7]; c33:bw=60,experts=[1,2,4,5,6,7]; c7:bw=20,experts=[1,7]; c4:bw=42,experts=[3,4,5,7]; c37:bw=60,experts=[0,2,3,5,6,7]; c10:bw=69,experts=[2,3,4,5,6,7]; c26:bw=45,experts=[1,4,5,6]; c30:bw=41,experts=[0,2,3,6]; c46:bw=54,experts=[0,1,3,4,6]","0.8158,0.8891,1.6304,0.8527,1.1218,1.1705,1.2302,1.0305,0.7723,0.9335,0.6488,0.8259,1.1947,0.9625,1.3306,0.4423,0.9658,0.8479,0.8026,0.7469,1.3257,1.5456,0.8067,0.9553,1.0560,1.2135,1.4279,0.7639,0.6703,1.9330,1.0322,0.6286,2.5394,0.6235,1.1793,1.2244,0.7060,1.0659,0.6327,0.4266,1.5389,0.7592,1.0469,0.6160,1.1606,0.7994,0.9275,1.1802,1.0555,0.7659"
72,2026-09-24 00:17:27,Ours,0.01,2.5173896414098236,38.48,39.65,71,52.6643,0:52.66,50.8534,0.6703,1.1356,3816.368,1:03:36.37,50,"11,24,38,15,28,26,43,13,39,35,48,17,9,19,8,5,7,25,49,29,30,32,1,14,41,37,23,27,0,18,45,6,10,34,20,47,42,2,22,46,33,12,40,36,4,3,21,31,44,16",11:10;24:18;38:55;15:41;28:23;26:44;43:13;13:54;39:10;35:46;48:18;17:18;9:38;19:32;8:30;5:43;7:48;25:29;49:14;29:59;30:50;32:30;1:39;14:43;41:23;37:53;23:41;27:46;0:52;18:29;45:35;6:19;10:28;34:10;20:41;47:41;42:38;2:23;22:75;46:43;33:11;12:28;40:36;36:35;4:39;3:23;21:62;31:55;44:10;16:46,"11:[2];24:[5];38:[0,3,4,6,7];15:[3,4,6,7];28:[1,2];26:[0,1,2,5];43:[7];13:[0,2,3,4,5];39:[1];35:[1,2,4,6];48:[1];17:[6];9:[3,5,6];19:[2,4,6];8:[2,3,5];5:[0,2,5,7];7:[3,4,5,6];25:[3,5];49:[3];29:[1,2,3,5,6];30:[0,2,3,4,6];32:[0,3,4];1:[0,2,6];14:[0,2,5,6];41:[0,1];37:[1,2,3,4,5];23:[0,1,4,7];27:[0,1,3,5];0:[2,3,4,5,6];18:[0,4];45:[1,2,5];6:[2];10:[2,3];34:[0];20:[0,1,2,4];47:[1,2,5,6];42:[0,3,5];2:[0,7];22:[0,1,2,3,4,5,7];46:[4,5,6,7];33:[0];12:[3,6];40:[0,2,4];36:[1,4,7];4:[4,5,6];3:[3,6];21:[0,1,2,3,4,6];31:[0,1,2,4,7];44:[3];16:[0,3,6,7]","c11:bw=10,experts=[2]; c24:bw=18,experts=[5]; c38:bw=55,experts=[0,3,4,6,7]; c15:bw=41,experts=[3,4,6,7]; c28:bw=23,experts=[1,2]; c26:bw=44,experts=[0,1,2,5]; c43:bw=13,experts=[7]; c13:bw=54,experts=[0,2,3,4,5]; c39:bw=10,experts=[1]; c35:bw=46,experts=[1,2,4,6]; c48:bw=18,experts=[1]; c17:bw=18,experts=[6]; c9:bw=38,experts=[3,5,6]; c19:bw=32,experts=[2,4,6]; c8:bw=30,experts=[2,3,5]; c5:bw=43,experts=[0,2,5,7]; c7:bw=48,experts=[3,4,5,6]; c25:bw=29,experts=[3,5]; c49:bw=14,experts=[3]; c29:bw=59,experts=[1,2,3,5,6]; c30:bw=50,experts=[0,2,3,4,6]; c32:bw=30,experts=[0,3,4]; c1:bw=39,experts=[0,2,6]; c14:bw=43,experts=[0,2,5,6]; c41:bw=23,experts=[0,1]; c37:bw=53,experts=[1,2,3,4,5]; c23:bw=41,experts=[0,1,4,7]; c27:bw=46,experts=[0,1,3,5]; c0:bw=52,experts=[2,3,4,5,6]; c18:bw=29,experts=[0,4]; c45:bw=35,experts=[1,2,5]; c6:bw=19,experts=[2]; c10:bw=28,experts=[2,3]; c34:bw=10,experts=[0]; c20:bw=41,experts=[0,1,2,4]; c47:bw=41,experts=[1,2,5,6]; c42:bw=38,experts=[0,3,5]; c2:bw=23,experts=[0,7]; c22:bw=75,experts=[0,1,2,3,4,5,7]; c46:bw=43,experts=[4,5,6,7]; c33:bw=11,experts=[0]; c12:bw=28,experts=[3,6]; c40:bw=36,experts=[0,2,4]; c36:bw=35,experts=[1,4,7]; c4:bw=39,experts=[4,5,6]; c3:bw=23,experts=[3,6]; c21:bw=62,experts=[0,1,2,3,4,6]; c31:bw=55,experts=[0,1,2,4,7]; c44:bw=10,experts=[3]; c16:bw=46,experts=[0,3,6,7]","0.7875,0.7439,0.6439,0.7843,0.8291,1.1932,0.8304,0.7697,1.0266,0.9050,0.6402,0.8073,1.0626,0.9824,0.7665,1.5608,0.6306,1.9362,2.5739,1.2195,1.0718,1.2103,0.9319,1.3213,0.4276,0.8132,1.2084,1.1240,0.4311,0.9580,1.5586,1.1980,0.9253,0.8313,1.2125,0.6770,0.9506,0.6183,1.3080,0.7635,1.0314,0.6345,1.0215,0.7945,1.1627,1.0807,1.4228,1.1462,0.7135,1.6112"
73,2026-09-24 00:18:20,Ours,0.01,2.5023356663446465,38.73,39.65,71,53.3547,0:53.35,51.566,0.6353,1.1484,3869.7632,1:04:29.76,50,"21,9,15,49,24,40,42,7,8,12,6,41,2,37,1,46,13,35,17,34,28,14,29,23,0,43,32,3,48,22,30,36,31,25,18,39,5,45,19,16,4,27,38,47,20,11,44,10,33,26",21:29;9:52;15:47;49:10;24:66;40:67;42:47;7:37;8:11;12:37;6:20;41:64;2:47;37:56;1:66;46:53;13:50;35:16;17:17;34:11;28:33;14:16;29:13;23:33;0:28;43:40;32:10;3:40;48:69;22:24;30:54;36:42;31:35;25:24;18:34;39:20;5:17;45:45;19:10;16:61;4:41;27:48;38:10;47:11;20:62;11:46;44:16;10:42;33:22;26:10,"21:[2,5];9:[1,2,3,5,6];15:[0,2,3,6];49:[5];24:[0,1,3,4,6,7];40:[2,3,4,5,6,7];42:[2,4,5,7];7:[3,5,6];8:[2];12:[3,5,6];6:[5,7];41:[1,2,3,4,6,7];2:[0,4,6,7];37:[3,4,5,6,7];1:[0,2,3,4,5,7];46:[1,4,5,6,7];13:[2,3,4,6,7];35:[0];17:[7];34:[0];28:[0,1,5];14:[6];29:[3];23:[2,6,7];0:[1,7];43:[2,4,6,7];32:[5];3:[1,2,3,4];48:[0,1,2,3,4,7];22:[5,7];30:[2,3,4,5,6];36:[0,3,6,7];31:[0,3,4];25:[1,6];18:[2,4,6];39:[0,3];5:[0];45:[1,3,5,7];19:[3];16:[1,2,3,5,6,7];4:[0,1,5,6];27:[1,2,5,7];38:[0];47:[3];20:[0,1,3,4,6,7];11:[1,4,5,6];44:[4];10:[0,1,4,5];33:[2,4];26:[7]","c21:bw=29,experts=[2,5]; c9:bw=52,experts=[1,2,3,5,6]; c15:bw=47,experts=[0,2,3,6]; c49:bw=10,experts=[5]; c24:bw=66,experts=[0,1,3,4,6,7]; c40:bw=67,experts=[2,3,4,5,6,7]; c42:bw=47,experts=[2,4,5,7]; c7:bw=37,experts=[3,5,6]; c8:bw=11,experts=[2]; c12:bw=37,experts=[3,5,6]; c6:bw=20,experts=[5,7]; c41:bw=64,experts=[1,2,3,4,6,7]; c2:bw=47,experts=[0,4,6,7]; c37:bw=56,experts=[3,4,5,6,7]; c1:bw=66,experts=[0,2,3,4,5,7]; c46:bw=53,experts=[1,4,5,6,7]; c13:bw=50,experts=[2,3,4,6,7]; c35:bw=16,experts=[0]; c17:bw=17,experts=[7]; c34:bw=11,experts=[0]; c28:bw=33,experts=[0,1,5]; c14:bw=16,experts=[6]; c29:bw=13,experts=[3]; c23:bw=33,experts=[2,6,7]; c0:bw=28,experts=[1,7]; c43:bw=40,experts=[2,4,6,7]; c32:bw=10,experts=[5]; c3:bw=40,experts=[1,2,3,4]; c48:bw=69,experts=[0,1,2,3,4,7]; c22:bw=24,experts=[5,7]; c30:bw=54,experts=[2,3,4,5,6]; c36:bw=42,experts=[0,3,6,7]; c31:bw=35,experts=[0,3,4]; c25:bw=24,experts=[1,6]; c18:bw=34,experts=[2,4,6]; c39:bw=20,experts=[0,3]; c5:bw=17,experts=[0]; c45:bw=45,experts=[1,3,5,7]; c19:bw=10,experts=[3]; c16:bw=61,experts=[1,2,3,5,6,7]; c4:bw=41,experts=[0,1,5,6]; c27:bw=48,experts=[1,2,5,7]; c38:bw=10,experts=[0]; c47:bw=11,experts=[3]; c20:bw=62,experts=[0,1,3,4,6,7]; c11:bw=46,experts=[1,4,5,6]; c44:bw=16,experts=[4]; c10:bw=42,experts=[0,1,4,5]; c33:bw=22,experts=[2,4]; c26:bw=10,experts=[7]","1.4305,1.0536,0.7781,2.5509,0.7568,1.0297,0.9757,0.6338,0.7614,0.6388,1.1947,0.4385,0.6278,0.8245,0.9477,0.7830,0.7759,0.9048,0.8063,0.8460,0.8277,1.3208,1.2154,1.1870,0.4259,0.8788,1.2708,1.1409,0.6747,1.3913,1.1093,0.8403,1.1914,2.0408,1.0818,1.0683,1.5865,1.5918,0.9735,1.6019,1.1727,1.1048,0.6256,0.6618,1.2081,0.7469,0.7157,0.9280,1.0501,1.1748"
74,2026-09-24 00:19:12,Ours,0.01,2.540003919407862,38.1,39.65,71,52.5067,0:52.51,50.7227,0.6394,1.1396,3922.3089,1:05:22.31,50,"13,40,34,22,5,32,25,10,35,19,43,33,44,42,3,0,26,27,6,46,16,48,17,47,38,14,24,29,36,23,8,1,11,41,20,9,45,39,28,21,49,15,30,12,4,2,37,18,7,31",13:42;40:40;34:34;22:45;5:50;32:18;25:59;10:25;35:42;19:20;43:56;33:53;44:24;42:31;3:10;0:40;26:32;27:20;6:10;46:67;16:48;48:30;17:62;47:31;38:41;14:32;24:16;29:14;36:26;23:46;8:28;1:28;11:37;41:13;20:42;9:32;45:55;39:28;28:16;21:66;49:10;15:50;30:20;12:10;4:47;2:10;37:37;18:60;7:65;31:47,"13:[0,1,4,7];40:[0,2,5,6];34:[3,6,7];22:[0,3,4,5];5:[0,1,3,5,6];32:[6];25:[0,1,3,5,6];10:[3,5];35:[2,3,5,7];19:[4,7];43:[1,4,5,6,7];33:[0,2,3,4,7];44:[3,4];42:[0,1,2];3:[6];0:[1,2,3,4];26:[1,3,6];27:[2,5];6:[2];46:[0,1,3,4,5,7];16:[2,3,5,6];48:[3,5,6];17:[0,1,2,3,5,7];47:[0,2,4];38:[1,2,3,5];14:[1,2,5];24:[0];29:[5];36:[4,5];23:[0,1,2,3];8:[4,7];1:[3,4];11:[0,3,4];41:[5];20:[1,2,4,5];9:[0,6,7];45:[1,2,5,6,7];39:[3,4];28:[6];21:[0,2,3,4,5,6];49:[5];15:[0,3,5,6,7];30:[0,6];12:[3];4:[0,2,3,7];2:[5];37:[2,5,6];18:[0,1,2,4,5,7];7:[1,2,3,5,6,7];31:[0,3,5,6]","c13:bw=42,experts=[0,1,4,7]; c40:bw=40,experts=[0,2,5,6]; c34:bw=34,experts=[3,6,7]; c22:bw=45,experts=[0,3,4,5]; c5:bw=50,experts=[0,1,3,5,6]; c32:bw=18,experts=[6]; c25:bw=59,experts=[0,1,3,5,6]; c10:bw=25,experts=[3,5]; c35:bw=42,experts=[2,3,5,7]; c19:bw=20,experts=[4,7]; c43:bw=56,experts=[1,4,5,6,7]; c33:bw=53,experts=[0,2,3,4,7]; c44:bw=24,experts=[3,4]; c42:bw=31,experts=[0,1,2]; c3:bw=10,experts=[6]; c0:bw=40,experts=[1,2,3,4]; c26:bw=32,experts=[1,3,6]; c27:bw=20,experts=[2,5]; c6:bw=10,experts=[2]; c46:bw=67,experts=[0,1,3,4,5,7]; c16:bw=48,experts=[2,3,5,6]; c48:bw=30,experts=[3,5,6]; c17:bw=62,experts=[0,1,2,3,5,7]; c47:bw=31,experts=[0,2,4]; c38:bw=41,experts=[1,2,3,5]; c14:bw=32,experts=[1,2,5]; c24:bw=16,experts=[0]; c29:bw=14,experts=[5]; c36:bw=26,experts=[4,5]; c23:bw=46,experts=[0,1,2,3]; c8:bw=28,experts=[4,7]; c1:bw=28,experts=[3,4]; c11:bw=37,experts=[0,3,4]; c41:bw=13,experts=[5]; c20:bw=42,experts=[1,2,4,5]; c9:bw=32,experts=[0,6,7]; c45:bw=55,experts=[1,2,5,6,7]; c39:bw=28,experts=[3,4]; c28:bw=16,experts=[6]; c21:bw=66,experts=[0,2,3,4,5,6]; c49:bw=10,experts=[5]; c15:bw=50,experts=[0,3,5,6,7]; c30:bw=20,experts=[0,6]; c12:bw=10,experts=[3]; c4:bw=47,experts=[0,2,3,7]; c2:bw=10,experts=[5]; c37:bw=37,experts=[2,5,6]; c18:bw=60,experts=[0,1,2,4,5,7]; c7:bw=65,experts=[1,2,3,5,6,7]; c31:bw=47,experts=[0,3,5,6]","0.7697,1.0231,0.8378,1.3019,1.5550,1.2189,1.9579,0.9390,0.8877,0.9583,0.8275,1.0604,0.7145,1.0877,1.0797,0.4324,1.1874,1.1152,1.1712,0.7683,1.6200,0.6398,0.7919,0.6728,0.6382,1.3198,0.7290,1.2124,0.7933,1.1839,0.7640,0.9346,0.7507,0.4319,1.1944,1.0456,1.5628,1.0085,0.8163,1.4047,2.5369,0.7660,1.0683,0.6272,1.1838,0.6232,0.8001,0.9570,0.6225,1.1292"
75,2026-09-24 00:20:05,Ours,0.01,2.4675692701242475,40.33,40.33,75,52.5499,0:52.55,50.7108,0.6503,1.1837,3974.9004,1:06:14.90,50,"17,43,46,11,23,0,47,4,49,21,32,35,25,27,36,6,19,14,38,20,24,41,42,9,28,48,16,40,1,15,5,26,18,31,12,44,2,7,34,10,37,30,29,3,13,45,33,8,22,39",17:43;43:66;46:33;11:42;23:35;0:60;47:19;4:56;49:31;21:50;32:20;35:26;25:17;27:36;36:61;6:56;19:19;14:60;38:48;20:44;24:73;41:35;42:28;9:61;28:55;48:22;16:46;40:35;1:54;15:20;5:31;26:10;18:68;31:54;12:40;44:52;2:40;7:28;34:57;10:23;37:21;30:10;29:29;3:20;13:46;45:26;33:44;8:53;22:10;39:61,"17:[1,2,4,7];43:[0,1,2,5,6,7];46:[0,5,7];11:[0,1,2,7];23:[1,2,3];0:[2,3,4,5,6,7];47:[4];4:[1,2,3,4,6];49:[1,3,6];21:[0,1,2,3,5];32:[1,6];35:[1,4];25:[2];27:[1,4,7];36:[0,1,3,4,5,7];6:[0,3,4,5,7];19:[1];14:[0,1,2,3,5,7];38:[0,1,4,6];20:[1,2,5,6];24:[0,1,2,3,4,5,7];41:[1,4,6];42:[0,3];9:[0,2,4,5,6,7];28:[1,2,5,6,7];48:[5,7];16:[3,5,6,7];40:[0,2,6];1:[0,3,4,5,6];15:[4,7];5:[1,2,3];26:[0];18:[0,1,2,4,5,6];31:[0,1,3,5,7];12:[0,4,5,6];44:[1,4,5,6,7];2:[1,2,5,6];7:[0,6];34:[0,3,4,6,7];10:[2,4];37:[0,4];30:[6];29:[4,5];3:[5,6];13:[2,5,6,7];45:[3,7];33:[2,3,4,5];8:[1,4,5,6,7];22:[2];39:[0,2,4,5,6,7]","c17:bw=43,experts=[1,2,4,7]; c43:bw=66,experts=[0,1,2,5,6,7]; c46:bw=33,experts=[0,5,7]; c11:bw=42,experts=[0,1,2,7]; c23:bw=35,experts=[1,2,3]; c0:bw=60,experts=[2,3,4,5,6,7]; c47:bw=19,experts=[4]; c4:bw=56,experts=[1,2,3,4,6]; c49:bw=31,experts=[1,3,6]; c21:bw=50,experts=[0,1,2,3,5]; c32:bw=20,experts=[1,6]; c35:bw=26,experts=[1,4]; c25:bw=17,experts=[2]; c27:bw=36,experts=[1,4,7]; c36:bw=61,experts=[0,1,3,4,5,7]; c6:bw=56,experts=[0,3,4,5,7]; c19:bw=19,experts=[1]; c14:bw=60,experts=[0,1,2,3,5,7]; c38:bw=48,experts=[0,1,4,6]; c20:bw=44,experts=[1,2,5,6]; c24:bw=73,experts=[0,1,2,3,4,5,7]; c41:bw=35,experts=[1,4,6]; c42:bw=28,experts=[0,3]; c9:bw=61,experts=[0,2,4,5,6,7]; c28:bw=55,experts=[1,2,5,6,7]; c48:bw=22,experts=[5,7]; c16:bw=46,experts=[3,5,6,7]; c40:bw=35,experts=[0,2,6]; c1:bw=54,experts=[0,3,4,5,6]; c15:bw=20,experts=[4,7]; c5:bw=31,experts=[1,2,3]; c26:bw=10,experts=[0]; c18:bw=68,experts=[0,1,2,4,5,6]; c31:bw=54,experts=[0,1,3,5,7]; c12:bw=40,experts=[0,4,5,6]; c44:bw=52,experts=[1,4,5,6,7]; c2:bw=40,experts=[1,2,5,6]; c7:bw=28,experts=[0,6]; c34:bw=57,experts=[0,3,4,6,7]; c10:bw=23,experts=[2,4]; c37:bw=21,experts=[0,4]; c30:bw=10,experts=[6]; c29:bw=29,experts=[4,5]; c3:bw=20,experts=[5,6]; c13:bw=46,experts=[2,5,6,7]; c45:bw=26,experts=[3,7]; c33:bw=44,experts=[2,3,4,5]; c8:bw=53,experts=[1,4,5,6,7]; c22:bw=10,experts=[2]; c39:bw=61,experts=[0,2,4,5,6,7]","0.8096,0.8332,0.7720,0.7576,1.2046,0.4359,0.6719,1.1761,2.5678,1.4218,1.2140,0.8820,1.9522,1.1162,0.8057,1.1866,0.9594,1.3274,0.6349,1.2220,0.7518,0.4423,0.9533,1.0426,0.8160,0.6406,1.5988,1.0199,0.9264,0.7784,1.5507,1.1789,0.9551,1.1446,0.6412,0.7084,0.6235,0.6168,0.8422,0.9231,0.8040,1.0601,1.2003,1.0651,0.7560,1.5488,1.0561,0.7729,1.3113,1.0306"
76,2026-09-24 00:20:58,Ours,0.01,2.533816388290951,37.99,40.33,75,52.4464,0:52.45,50.6464,0.64,1.155,4027.3869,1:07:07.39,50,"4,25,15,2,38,6,5,28,42,45,43,0,29,8,10,32,46,26,1,34,11,17,36,41,49,3,44,14,23,48,37,33,27,13,40,19,7,35,39,9,31,22,16,30,21,24,47,18,20,12",4:60;25:10;15:42;2:25;38:27;6:23;5:37;28:30;42:66;45:41;43:46;0:31;29:36;8:29;10:46;32:44;46:25;26:37;1:53;34:12;11:42;17:33;36:21;41:45;49:51;3:15;44:54;14:22;23:29;48:10;37:58;33:38;27:39;13:39;40:17;19:44;7:66;35:15;39:38;9:57;31:46;22:26;16:39;30:52;21:42;24:61;47:10;18:39;20:54;12:21,"4:[1,2,4,5,6,7];25:[7];15:[0,2,4,5];2:[0,7];38:[0,7];6:[5,6];5:[4,6,7];28:[1,2,4];42:[0,2,3,4,5,7];45:[0,1,3,7];43:[1,2,3,5];0:[1,5,6];29:[0,1,3];8:[1,7];10:[1,2,5,7];32:[0,1,2,5];46:[1,2];26:[3,4,5];1:[0,2,3,4,5];34:[7];11:[0,1,5,7];17:[1,3,5];36:[1,5];41:[1,4,5,7];49:[1,2,3,6,7];3:[6];44:[2,4,5,6,7];14:[1,7];23:[1,6];48:[3];37:[0,2,3,5,7];33:[3,5,6];27:[2,3,7];13:[0,2,5];40:[2];19:[0,2,3,5];7:[0,1,2,3,5,6];35:[2];39:[1,2,3];9:[1,2,3,5,7];31:[0,2,5,7];22:[0,6];16:[2,3,7];30:[0,2,3,4,7];21:[0,1,2,7];24:[0,1,2,4,5,7];47:[1];18:[0,4,7];20:[1,2,4,5,6];12:[0,3]","c4:bw=60,experts=[1,2,4,5,6,7]; c25:bw=10,experts=[7]; c15:bw=42,experts=[0,2,4,5]; c2:bw=25,experts=[0,7]; c38:bw=27,experts=[0,7]; c6:bw=23,experts=[5,6]; c5:bw=37,experts=[4,6,7]; c28:bw=30,experts=[1,2,4]; c42:bw=66,experts=[0,2,3,4,5,7]; c45:bw=41,experts=[0,1,3,7]; c43:bw=46,experts=[1,2,3,5]; c0:bw=31,experts=[1,5,6]; c29:bw=36,experts=[0,1,3]; c8:bw=29,experts=[1,7]; c10:bw=46,experts=[1,2,5,7]; c32:bw=44,experts=[0,1,2,5]; c46:bw=25,experts=[1,2]; c26:bw=37,experts=[3,4,5]; c1:bw=53,experts=[0,2,3,4,5]; c34:bw=12,experts=[7]; c11:bw=42,experts=[0,1,5,7]; c17:bw=33,experts=[1,3,5]; c36:bw=21,experts=[1,5]; c41:bw=45,experts=[1,4,5,7]; c49:bw=51,experts=[1,2,3,6,7]; c3:bw=15,experts=[6]; c44:bw=54,experts=[2,4,5,6,7]; c14:bw=22,experts=[1,7]; c23:bw=29,experts=[1,6]; c48:bw=10,experts=[3]; c37:bw=58,experts=[0,2,3,5,7]; c33:bw=38,experts=[3,5,6]; c27:bw=39,experts=[2,3,7]; c13:bw=39,experts=[0,2,5]; c40:bw=17,experts=[2]; c19:bw=44,experts=[0,2,3,5]; c7:bw=66,experts=[0,1,2,3,5,6]; c35:bw=15,experts=[2]; c39:bw=38,experts=[1,2,3]; c9:bw=57,experts=[1,2,3,5,7]; c31:bw=46,experts=[0,2,5,7]; c22:bw=26,experts=[0,6]; c16:bw=39,experts=[2,3,7]; c30:bw=52,experts=[0,2,3,4,7]; c21:bw=42,experts=[0,1,2,7]; c24:bw=61,experts=[0,1,2,4,5,7]; c47:bw=10,experts=[1]; c18:bw=39,experts=[0,4,7]; c20:bw=54,experts=[1,2,4,5,6]; c12:bw=21,experts=[0,3]","1.1917,1.9484,0.7797,0.6257,0.6355,1.1947,1.5545,0.8282,0.9733,1.5597,0.8238,0.4271,1.2112,0.7671,1.0135,1.2042,0.7744,1.1834,0.9478,0.8343,0.7525,0.7975,0.7994,0.4283,2.5458,1.0794,0.7081,1.3116,1.1686,0.6329,0.8041,1.0447,1.1105,0.7546,1.0165,0.9563,0.6144,0.8897,1.0121,1.0406,1.1380,1.3057,1.5997,1.0553,1.4128,0.7417,0.6713,0.9512,1.1963,0.6283"
77,2026-09-24 00:21:50,Ours,0.01,2.499548253340429,40.63,40.63,77,52.4154,0:52.42,50.6212,0.6458,1.1433,4079.8457,1:07:59.85,50,"30,21,1,39,29,6,2,20,36,13,49,37,24,19,44,7,45,25,38,46,34,9,42,22,31,47,32,11,23,15,48,16,41,12,14,17,35,3,33,26,8,18,0,10,27,28,43,4,5,40",30:36;21:57;1:62;39:19;29:41;6:57;2:34;20:45;36:42;13:37;49:41;37:54;24:12;19:37;44:26;7:10;45:40;25:15;38:24;46:64;34:42;9:29;42:16;22:34;31:20;47:30;32:22;11:28;23:54;15:43;48:47;16:34;41:43;12:46;14:64;17:37;35:34;3:40;33:56;26:10;8:10;18:31;0:63;10:39;27:24;28:37;43:55;4:10;5:59;40:24,"30:[2,3,6];21:[0,2,4,5,7];1:[0,1,2,4,5,7];39:[4];29:[3,4,5,6];6:[0,1,2,5,6];2:[3,5,6];20:[1,3,4,7];36:[0,1,3,5];13:[2,6,7];49:[2,3,4,6];37:[0,3,5,6,7];24:[0];19:[1,2,5];44:[3,6];7:[1];45:[0,2,3,5];25:[7];38:[2,4];46:[0,1,2,3,5,6];34:[1,4,6,7];9:[2,3];42:[6];22:[0,5,7];31:[4,6];47:[4,5,7];32:[2,7];11:[4,6];23:[0,1,2,5,7];15:[1,5,6,7];48:[0,2,3,4];16:[3,6,7];41:[0,1,2,5];12:[1,3,4,6];14:[0,1,3,4,5,7];17:[0,1,3];35:[0,3,6];3:[4,5,6,7];33:[1,3,4,5,6];26:[3];8:[2];18:[2,6,7];0:[0,1,2,3,6,7];10:[0,3,7];27:[2,4];28:[2,4,6];43:[2,3,4,5,7];4:[3];5:[0,1,2,4,5];40:[3,4]","c30:bw=36,experts=[2,3,6]; c21:bw=57,experts=[0,2,4,5,7]; c1:bw=62,experts=[0,1,2,4,5,7]; c39:bw=19,experts=[4]; c29:bw=41,experts=[3,4,5,6]; c6:bw=57,experts=[0,1,2,5,6]; c2:bw=34,experts=[3,5,6]; c20:bw=45,experts=[1,3,4,7]; c36:bw=42,experts=[0,1,3,5]; c13:bw=37,experts=[2,6,7]; c49:bw=41,experts=[2,3,4,6]; c37:bw=54,experts=[0,3,5,6,7]; c24:bw=12,experts=[0]; c19:bw=37,experts=[1,2,5]; c44:bw=26,experts=[3,6]; c7:bw=10,experts=[1]; c45:bw=40,experts=[0,2,3,5]; c25:bw=15,experts=[7]; c38:bw=24,experts=[2,4]; c46:bw=64,experts=[0,1,2,3,5,6]; c34:bw=42,experts=[1,4,6,7]; c9:bw=29,experts=[2,3]; c42:bw=16,experts=[6]; c22:bw=34,experts=[0,5,7]; c31:bw=20,experts=[4,6]; c47:bw=30,experts=[4,5,7]; c32:bw=22,experts=[2,7]; c11:bw=28,experts=[4,6]; c23:bw=54,experts=[0,1,2,5,7]; c15:bw=43,experts=[1,5,6,7]; c48:bw=47,experts=[0,2,3,4]; c16:bw=34,experts=[3,6,7]; c41:bw=43,experts=[0,1,2,5]; c12:bw=46,experts=[1,3,4,6]; c14:bw=64,experts=[0,1,3,4,5,7]; c17:bw=37,experts=[0,1,3]; c35:bw=34,experts=[0,3,6]; c3:bw=40,experts=[4,5,6,7]; c33:bw=56,experts=[1,3,4,5,6]; c26:bw=10,experts=[3]; c8:bw=10,experts=[2]; c18:bw=31,experts=[2,6,7]; c0:bw=63,experts=[0,1,2,3,6,7]; c10:bw=39,experts=[0,3,7]; c27:bw=24,experts=[2,4]; c28:bw=37,experts=[2,4,6]; c43:bw=55,experts=[2,3,4,5,7]; c4:bw=10,experts=[3]; c5:bw=59,experts=[0,1,2,4,5]; c40:bw=24,experts=[3,4]","1.0748,1.4257,0.9490,1.0309,1.2293,1.1888,0.6272,1.2149,0.7956,0.7683,2.5736,0.8094,0.7321,0.9673,0.7290,0.6215,1.5576,1.9354,0.6353,0.7676,0.8488,1.0485,0.9487,1.3219,1.1441,0.6706,1.2008,0.7540,1.1722,0.7686,0.6392,1.5935,0.4244,0.6378,1.3061,0.8019,0.8723,1.0722,1.0532,1.1717,0.7549,0.9494,0.4268,0.9275,1.1086,0.8264,0.8206,1.1678,1.5379,1.0176"
78,2026-09-24 00:22:43,Ours,0.01,2.390489947199482,41.42,41.42,78,52.6471,0:52.65,50.8602,0.6425,1.1393,4132.5346,1:08:52.53,50,"14,16,42,9,28,32,24,18,20,37,4,29,11,2,19,26,39,7,41,33,25,22,35,3,0,46,23,21,10,5,31,8,15,1,30,48,49,43,12,6,45,44,13,17,34,40,27,38,47,36",14:52;16:44;42:35;9:31;28:24;32:45;24:45;18:35;20:37;37:32;4:23;29:69;11:37;2:34;19:12;26:40;39:10;7:36;41:58;33:50;25:11;22:63;35:44;3:38;0:26;46:46;23:57;21:54;10:59;5:63;31:41;8:54;15:38;1:41;30:36;48:44;49:50;43:51;12:31;6:57;45:27;44:46;13:59;17:31;34:23;40:59;27:13;38:75;47:17;36:45,"14:[3,4,5,6,7];16:[0,4,5,6];42:[2,4,7];9:[2,3,7];28:[0,7];32:[0,2,3,4];24:[3,4,6,7];18:[1,3,4];20:[1,3,4];37:[4,5,7];4:[2,3];29:[0,2,3,4,6,7];11:[0,4,7];2:[4,6,7];19:[7];26:[0,1,4,6];39:[4];7:[1,4,7];41:[1,3,5,6,7];33:[0,3,4,5,6];25:[5];22:[0,2,3,4,6,7];35:[1,2,5,6];3:[0,5,7];0:[0,3];46:[0,1,4,6];23:[0,3,4,5,7];21:[1,3,4,5,6];10:[0,2,3,5,7];5:[0,1,2,4,6,7];31:[0,4,5,6];8:[0,1,2,6,7];15:[1,4,7];1:[1,4,5,7];30:[4,5,6];48:[0,2,6,7];49:[1,2,3,6,7];43:[0,1,4,6,7];12:[2,6,7];6:[0,2,3,4,7];45:[5,7];44:[1,3,5,6];13:[0,2,3,4,6];17:[0,3,5];34:[2,3];40:[1,2,4,5,7];27:[5];38:[0,1,2,4,5,6,7];47:[1];36:[0,4,5,6]","c14:bw=52,experts=[3,4,5,6,7]; c16:bw=44,experts=[0,4,5,6]; c42:bw=35,experts=[2,4,7]; c9:bw=31,experts=[2,3,7]; c28:bw=24,experts=[0,7]; c32:bw=45,experts=[0,2,3,4]; c24:bw=45,experts=[3,4,6,7]; c18:bw=35,experts=[1,3,4]; c20:bw=37,experts=[1,3,4]; c37:bw=32,experts=[4,5,7]; c4:bw=23,experts=[2,3]; c29:bw=69,experts=[0,2,3,4,6,7]; c11:bw=37,experts=[0,4,7]; c2:bw=34,experts=[4,6,7]; c19:bw=12,experts=[7]; c26:bw=40,experts=[0,1,4,6]; c39:bw=10,experts=[4]; c7:bw=36,experts=[1,4,7]; c41:bw=58,experts=[1,3,5,6,7]; c33:bw=50,experts=[0,3,4,5,6]; c25:bw=11,experts=[5]; c22:bw=63,experts=[0,2,3,4,6,7]; c35:bw=44,experts=[1,2,5,6]; c3:bw=38,experts=[0,5,7]; c0:bw=26,experts=[0,3]; c46:bw=46,experts=[0,1,4,6]; c23:bw=57,experts=[0,3,4,5,7]; c21:bw=54,experts=[1,3,4,5,6]; c10:bw=59,experts=[0,2,3,5,7]; c5:bw=63,experts=[0,1,2,4,6,7]; c31:bw=41,experts=[0,4,5,6]; c8:bw=54,experts=[0,1,2,6,7]; c15:bw=38,experts=[1,4,7]; c1:bw=41,experts=[1,4,5,7]; c30:bw=36,experts=[4,5,6]; c48:bw=44,experts=[0,2,6,7]; c49:bw=50,experts=[1,2,3,6,7]; c43:bw=51,experts=[0,1,4,6,7]; c12:bw=31,experts=[2,6,7]; c6:bw=57,experts=[0,2,3,4,7]; c45:bw=27,experts=[5,7]; c44:bw=46,experts=[1,3,5,6]; c13:bw=59,experts=[0,2,3,4,6]; c17:bw=31,experts=[0,3,5]; c34:bw=23,experts=[2,3]; c40:bw=59,experts=[1,2,4,5,7]; c27:bw=13,experts=[5]; c38:bw=75,experts=[0,1,2,4,5,6,7]; c47:bw=17,experts=[1]; c36:bw=45,experts=[0,4,5,6]","1.3273,1.6412,0.9680,1.0443,0.8251,1.2374,0.7538,0.9604,1.2147,0.8135,1.1880,1.2312,0.7597,0.6354,0.9597,1.2046,1.0321,0.6314,0.4315,1.0535,1.9319,1.3931,0.8830,1.0841,0.4249,0.7706,1.1871,1.4288,0.9194,1.5399,1.1503,0.7603,0.7673,0.9211,1.0677,0.6352,2.5350,0.8301,0.6246,1.1901,1.5506,0.7128,0.7646,0.7964,0.8355,1.0230,1.1132,0.6378,0.6717,0.7969"
79,2026-09-24 00:23:35,Ours,0.01,2.427172514827852,41.87,41.87,79,52.5506,0:52.55,50.7663,0.6426,1.1366,4185.1289,1:09:45.13,50,"17,32,25,27,6,46,44,40,8,18,4,22,33,20,42,28,7,29,31,15,26,0,30,3,10,41,19,39,11,38,5,14,2,24,34,45,13,35,16,21,1,23,37,36,49,47,43,9,48,12",17:58;32:56;25:29;27:52;6:21;46:25;44:62;40:10;8:44;18:12;4:80;22:33;33:35;20:39;42:27;28:37;7:46;29:43;31:42;15:54;26:41;0:36;30:52;3:26;10:34;41:45;19:26;39:63;11:32;38:27;5:53;14:62;2:33;24:58;34:51;45:59;13:43;35:40;16:59;21:46;1:37;23:46;37:48;36:10;49:22;47:55;43:32;9:10;48:35;12:10,"17:[1,3,4,6,7];32:[1,2,3,5,7];25:[2,7];27:[2,3,4,5,6];6:[1,5];46:[3,4];44:[0,1,2,3,5,7];40:[2];8:[0,4,6,7];18:[1];4:[0,1,2,3,4,5,6,7];22:[0,1,5];33:[0,4,6];20:[3,6,7];42:[0,7];28:[1,2,5];7:[0,2,4,6];29:[0,1,3,5];31:[0,1,4,6];15:[2,3,4,5,7];26:[2,3,4,7];0:[1,6,7];30:[0,1,3,4,6];3:[0,4];10:[0,4,7];41:[2,4,5,6];19:[0,7];39:[0,1,2,3,5,6];11:[2,5,6];38:[1,7];5:[0,3,4,5,7];14:[0,1,2,3,4,6];2:[2,3,5];24:[0,1,4,5,6];34:[0,1,3,6,7];45:[0,1,3,5,6];13:[0,2,3,7];35:[2,4,5,7];16:[1,2,5,6,7];21:[1,3,5,7];1:[0,1,7];23:[1,4,5,6];37:[0,4,5,6];36:[1];49:[0,4];47:[3,4,5,6,7];43:[2,5,7];9:[4];48:[2,4,7];12:[0]","c17:bw=58,experts=[1,3,4,6,7]; c32:bw=56,experts=[1,2,3,5,7]; c25:bw=29,experts=[2,7]; c27:bw=52,experts=[2,3,4,5,6]; c6:bw=21,experts=[1,5]; c46:bw=25,experts=[3,4]; c44:bw=62,experts=[0,1,2,3,5,7]; c40:bw=10,experts=[2]; c8:bw=44,experts=[0,4,6,7]; c18:bw=12,experts=[1]; c4:bw=80,experts=[0,1,2,3,4,5,6,7]; c22:bw=33,experts=[0,1,5]; c33:bw=35,experts=[0,4,6]; c20:bw=39,experts=[3,6,7]; c42:bw=27,experts=[0,7]; c28:bw=37,experts=[1,2,5]; c7:bw=46,experts=[0,2,4,6]; c29:bw=43,experts=[0,1,3,5]; c31:bw=42,experts=[0,1,4,6]; c15:bw=54,experts=[2,3,4,5,7]; c26:bw=41,experts=[2,3,4,7]; c0:bw=36,experts=[1,6,7]; c30:bw=52,experts=[0,1,3,4,6]; c3:bw=26,experts=[0,4]; c10:bw=34,experts=[0,4,7]; c41:bw=45,experts=[2,4,5,6]; c19:bw=26,experts=[0,7]; c39:bw=63,experts=[0,1,2,3,5,6]; c11:bw=32,experts=[2,5,6]; c38:bw=27,experts=[1,7]; c5:bw=53,experts=[0,3,4,5,7]; c14:bw=62,experts=[0,1,2,3,4,6]; c2:bw=33,experts=[2,3,5]; c24:bw=58,experts=[0,1,4,5,6]; c34:bw=51,experts=[0,1,3,6,7]; c45:bw=59,experts=[0,1,3,5,6]; c13:bw=43,experts=[0,2,3,7]; c35:bw=40,experts=[2,4,5,7]; c16:bw=59,experts=[1,2,5,6,7]; c21:bw=46,experts=[1,3,5,7]; c1:bw=37,experts=[0,1,7]; c23:bw=46,experts=[1,4,5,6]; c37:bw=48,experts=[0,4,5,6]; c36:bw=10,experts=[1]; c49:bw=22,experts=[0,4]; c47:bw=55,experts=[3,4,5,6,7]; c43:bw=32,experts=[2,5,7]; c9:bw=10,experts=[4]; c48:bw=35,experts=[2,4,7]; c12:bw=10,experts=[0]","0.8110,1.2146,1.9467,1.1390,1.1951,0.7754,0.7141,1.0251,0.7797,0.9612,1.1863,1.3320,1.0690,1.2250,0.9671,0.8256,0.6304,1.2207,1.1676,0.7827,1.1945,0.4319,1.0725,1.0776,0.9443,0.4326,0.9567,1.0271,0.7501,0.6293,1.5427,1.3040,0.6151,0.7490,0.8346,1.5397,0.7648,0.8722,1.6061,1.4084,0.9269,1.1950,0.8067,0.7901,2.5402,0.6692,0.8113,1.0357,0.6391,0.6307"
80,2026-09-24 00:24:28,Ours,0.01,2.3776541424621884,41.11,41.87,79,52.751,0:52.75,50.971,0.6428,1.1319,4237.9223,1:10:37.92,50,"20,17,28,13,34,19,46,25,45,9,16,0,18,5,36,23,38,4,27,29,30,48,41,14,43,39,1,40,2,33,3,26,21,37,24,22,32,7,10,31,8,44,49,12,35,42,47,15,11,6",20:25;17:61;28:10;13:39;34:61;19:35;46:35;25:38;45:21;9:53;16:44;0:47;18:13;5:65;36:39;23:36;38:52;4:57;27:27;29:10;30:24;48:46;41:14;14:30;43:61;39:60;1:31;40:74;2:44;33:10;3:31;26:41;21:64;37:51;24:43;22:43;32:26;7:48;10:18;31:67;8:51;44:63;49:13;12:10;35:22;42:32;47:24;15:41;11:62;6:39,"20:[0,1];17:[0,1,2,3,5,6];28:[0];13:[0,1,5];34:[1,2,3,4,5,7];19:[0,1,4];46:[2,6,7];25:[0,5,6];45:[3,4];9:[0,1,3,4,6];16:[0,1,2,4];0:[0,2,6,7];18:[6];5:[0,1,3,4,6,7];36:[1,2,7];23:[0,6,7];38:[0,1,4,6,7];4:[0,2,4,6,7];27:[2,4];29:[4];30:[2,6];48:[0,2,4,7];41:[1];14:[0,5,7];43:[0,1,3,4,5,7];39:[0,2,4,5,6,7];1:[4,5,7];40:[0,1,2,3,5,6,7];2:[3,4,6,7];33:[4];3:[4,5,6];26:[2,5,6,7];21:[0,2,4,5,6,7];37:[1,3,4,6,7];24:[1,4,6,7];22:[4,5,6,7];32:[3,7];7:[0,3,4,6];10:[6];31:[0,1,3,4,5,6];8:[0,1,2,3,5];44:[1,2,3,4,5,7];49:[3];12:[1];35:[6,7];42:[0,1,7];47:[0,6];15:[4,5,6,7];11:[2,3,4,5,6,7];6:[1,2,4]","c20:bw=25,experts=[0,1]; c17:bw=61,experts=[0,1,2,3,5,6]; c28:bw=10,experts=[0]; c13:bw=39,experts=[0,1,5]; c34:bw=61,experts=[1,2,3,4,5,7]; c19:bw=35,experts=[0,1,4]; c46:bw=35,experts=[2,6,7]; c25:bw=38,experts=[0,5,6]; c45:bw=21,experts=[3,4]; c9:bw=53,experts=[0,1,3,4,6]; c16:bw=44,experts=[0,1,2,4]; c0:bw=47,experts=[0,2,6,7]; c18:bw=13,experts=[6]; c5:bw=65,experts=[0,1,3,4,6,7]; c36:bw=39,experts=[1,2,7]; c23:bw=36,experts=[0,6,7]; c38:bw=52,experts=[0,1,4,6,7]; c4:bw=57,experts=[0,2,4,6,7]; c27:bw=27,experts=[2,4]; c29:bw=10,experts=[4]; c30:bw=24,experts=[2,6]; c48:bw=46,experts=[0,2,4,7]; c41:bw=14,experts=[1]; c14:bw=30,experts=[0,5,7]; c43:bw=61,experts=[0,1,3,4,5,7]; c39:bw=60,experts=[0,2,4,5,6,7]; c1:bw=31,experts=[4,5,7]; c40:bw=74,experts=[0,1,2,3,5,6,7]; c2:bw=44,experts=[3,4,6,7]; c33:bw=10,experts=[4]; c3:bw=31,experts=[4,5,6]; c26:bw=41,experts=[2,5,6,7]; c21:bw=64,experts=[0,2,4,5,6,7]; c37:bw=51,experts=[1,3,4,6,7]; c24:bw=43,experts=[1,4,6,7]; c22:bw=43,experts=[4,5,6,7]; c32:bw=26,experts=[3,7]; c7:bw=48,experts=[0,3,4,6]; c10:bw=18,experts=[6]; c31:bw=67,experts=[0,1,3,4,5,6]; c8:bw=51,experts=[0,1,2,3,5]; c44:bw=63,experts=[1,2,3,4,5,7]; c49:bw=13,experts=[3]; c12:bw=10,experts=[1]; c35:bw=22,experts=[6,7]; c42:bw=32,experts=[0,1,7]; c47:bw=24,experts=[0,6]; c15:bw=41,experts=[4,5,6,7]; c11:bw=62,experts=[2,3,4,5,6,7]; c6:bw=39,experts=[1,2,4]","1.2285,0.8115,0.8216,0.7715,0.8559,0.9731,0.7707,1.9672,1.5905,1.0604,1.6141,0.4330,0.9848,1.5609,0.8128,1.1992,0.6388,1.1826,1.1255,1.2288,1.0839,0.6452,0.4309,1.3335,0.9140,1.0268,0.9387,1.0341,0.6289,1.0467,1.0799,1.1848,1.4201,0.8174,0.7377,1.3032,1.1921,0.6228,0.9372,1.1481,0.7635,0.7108,2.5121,0.6238,0.8664,0.9510,0.6733,0.7696,0.7463,1.1965"
81,2026-09-24 00:25:22,Ours,0.01,2.4101794041023297,42.32,42.32,81,53.4562,0:53.46,51.6582,0.6437,1.1493,4291.4225,1:11:31.42,50,"8,16,44,6,28,38,15,11,49,40,33,46,21,2,29,42,47,34,9,24,31,22,45,35,13,20,36,14,1,26,5,17,32,41,19,4,25,43,23,37,0,48,27,30,3,39,7,12,10,18",8:48;16:35;44:29;6:51;28:61;38:42;15:65;11:22;49:48;40:27;33:51;46:52;21:54;2:45;29:28;42:56;47:17;34:10;9:26;24:57;31:58;22:10;45:63;35:59;13:21;20:12;36:21;14:46;1:49;26:39;5:30;17:27;32:36;41:11;19:52;4:42;25:34;43:32;23:27;37:47;0:50;48:47;27:13;30:38;3:67;39:38;7:58;12:75;10:44;18:60,"8:[1,2,4,7];16:[0,2,6];44:[5,6];6:[0,1,3,4,6];28:[0,1,4,5,6,7];38:[0,2,4,5];15:[0,2,3,4,6,7];11:[2,5];49:[0,5,6,7];40:[3,6];33:[0,1,3,5,6];46:[1,2,3,4,5];21:[0,2,3,5,6];2:[2,3,4,5];29:[5,7];42:[0,1,2,4,7];47:[4];34:[2];9:[0,5];24:[0,2,4,6,7];31:[0,1,2,3,7];22:[0];45:[0,1,4,5,6,7];35:[0,1,2,5,6];13:[0,4];20:[7];36:[2,6];14:[1,4,5,7];1:[0,2,6,7];26:[0,4,7];5:[3,4,7];17:[0,3];32:[0,2,4];41:[0];19:[0,1,2,5,7];4:[0,3,5,6];25:[0,3,4];43:[0,1,7];23:[5,6];37:[0,3,4,5];0:[0,1,2,4,5];48:[0,2,3,6];27:[6];30:[0,6,7];3:[0,1,3,5,6,7];39:[0,1,7];7:[1,2,4,5,7];12:[0,1,2,4,5,6,7];10:[1,2,5,6];18:[0,1,4,5,6,7]","c8:bw=48,experts=[1,2,4,7]; c16:bw=35,experts=[0,2,6]; c44:bw=29,experts=[5,6]; c6:bw=51,experts=[0,1,3,4,6]; c28:bw=61,experts=[0,1,4,5,6,7]; c38:bw=42,experts=[0,2,4,5]; c15:bw=65,experts=[0,2,3,4,6,7]; c11:bw=22,experts=[2,5]; c49:bw=48,experts=[0,5,6,7]; c40:bw=27,experts=[3,6]; c33:bw=51,experts=[0,1,3,5,6]; c46:bw=52,experts=[1,2,3,4,5]; c21:bw=54,experts=[0,2,3,5,6]; c2:bw=45,experts=[2,3,4,5]; c29:bw=28,experts=[5,7]; c42:bw=56,experts=[0,1,2,4,7]; c47:bw=17,experts=[4]; c34:bw=10,experts=[2]; c9:bw=26,experts=[0,5]; c24:bw=57,experts=[0,2,4,6,7]; c31:bw=58,experts=[0,1,2,3,7]; c22:bw=10,experts=[0]; c45:bw=63,experts=[0,1,4,5,6,7]; c35:bw=59,experts=[0,1,2,5,6]; c13:bw=21,experts=[0,4]; c20:bw=12,experts=[7]; c36:bw=21,experts=[2,6]; c14:bw=46,experts=[1,4,5,7]; c1:bw=49,experts=[0,2,6,7]; c26:bw=39,experts=[0,4,7]; c5:bw=30,experts=[3,4,7]; c17:bw=27,experts=[0,3]; c32:bw=36,experts=[0,2,4]; c41:bw=11,experts=[0]; c19:bw=52,experts=[0,1,2,5,7]; c4:bw=42,experts=[0,3,5,6]; c25:bw=34,experts=[0,3,4]; c43:bw=32,experts=[0,1,7]; c23:bw=27,experts=[5,6]; c37:bw=47,experts=[0,3,4,5]; c0:bw=50,experts=[0,1,2,4,5]; c48:bw=47,experts=[0,2,3,6]; c27:bw=13,experts=[6]; c30:bw=38,experts=[0,6,7]; c3:bw=67,experts=[0,1,3,5,6,7]; c39:bw=38,experts=[0,1,7]; c7:bw=58,experts=[1,2,4,5,7]; c12:bw=75,experts=[0,1,2,4,5,6,7]; c10:bw=44,experts=[1,2,5,6]; c18:bw=60,experts=[0,1,4,5,6,7]","0.7780,1.6354,0.7229,1.2073,0.8373,0.6392,0.7774,0.7499,2.5549,1.0188,1.0524,0.7779,1.4436,0.6671,1.2974,1.0079,0.7182,0.8889,1.1063,0.7868,1.2084,1.3993,1.6654,0.9313,0.8078,1.2550,0.8276,1.3562,0.9702,1.1928,1.5569,0.7989,1.1994,0.4352,0.9521,1.1994,1.9444,0.8165,1.1802,0.8037,0.4376,0.6420,1.1185,1.0644,1.0683,1.0174,0.6261,0.6294,0.9311,0.9548"
82,2026-09-24 00:26:14,Ours,0.01,2.4121741888606247,42.06,42.32,81,52.7745,0:52.77,50.9613,0.6533,1.1549,4344.2435,1:12:24.24,50,"8,2,35,31,4,33,23,29,14,30,6,39,0,47,32,13,19,9,12,7,21,27,46,20,44,41,16,1,26,28,37,42,45,48,49,38,22,18,17,24,36,10,11,25,34,3,15,40,5,43",8:58;2:30;35:20;31:37;4:30;33:23;23:14;29:39;14:54;30:34;6:36;39:43;0:30;47:58;32:58;13:35;19:21;9:56;12:63;7:40;21:44;27:32;46:44;20:11;44:35;41:10;16:32;1:64;26:35;28:46;37:22;42:45;45:41;48:21;49:67;38:38;22:51;18:45;17:44;24:53;36:60;10:18;11:47;25:33;34:38;3:39;15:16;40:42;5:40;43:21,"8:[1,2,3,4,5];2:[3,5,7];35:[0,7];31:[2,3,4];4:[0,3,4];33:[1,4];23:[4];29:[3,4,7];14:[3,4,5,6,7];30:[0,2,6];6:[0,4,7];39:[0,5,6,7];0:[2,5,6];47:[0,1,5,6,7];32:[0,2,3,6,7];13:[0,1,3];19:[2,6];9:[2,3,4,6,7];12:[0,1,4,5,6,7];7:[1,2,5,7];21:[0,4,5,6];27:[0,6,7];46:[0,3,5,6];20:[6];44:[2,5,7];41:[2];16:[1,2,4];1:[0,2,3,5,6,7];26:[0,2,3];28:[0,1,2,7];37:[1,2];42:[0,1,2,7];45:[0,2,4,5];48:[0,1];49:[0,1,2,5,6,7];38:[2,4,6];22:[1,2,3,5,7];18:[1,4,5,7];17:[0,5,6,7];24:[0,3,4,6,7];36:[0,1,2,3,4,6];10:[7];11:[0,4,5,7];25:[1,5,7];34:[0,4,7];3:[0,6,7];15:[0];40:[0,2,4,7];5:[1,3,4,6];43:[0,5]","c8:bw=58,experts=[1,2,3,4,5]; c2:bw=30,experts=[3,5,7]; c35:bw=20,experts=[0,7]; c31:bw=37,experts=[2,3,4]; c4:bw=30,experts=[0,3,4]; c33:bw=23,experts=[1,4]; c23:bw=14,experts=[4]; c29:bw=39,experts=[3,4,7]; c14:bw=54,experts=[3,4,5,6,7]; c30:bw=34,experts=[0,2,6]; c6:bw=36,experts=[0,4,7]; c39:bw=43,experts=[0,5,6,7]; c0:bw=30,experts=[2,5,6]; c47:bw=58,experts=[0,1,5,6,7]; c32:bw=58,experts=[0,2,3,6,7]; c13:bw=35,experts=[0,1,3]; c19:bw=21,experts=[2,6]; c9:bw=56,experts=[2,3,4,6,7]; c12:bw=63,experts=[0,1,4,5,6,7]; c7:bw=40,experts=[1,2,5,7]; c21:bw=44,experts=[0,4,5,6]; c27:bw=32,experts=[0,6,7]; c46:bw=44,experts=[0,3,5,6]; c20:bw=11,experts=[6]; c44:bw=35,experts=[2,5,7]; c41:bw=10,experts=[2]; c16:bw=32,experts=[1,2,4]; c1:bw=64,experts=[0,2,3,5,6,7]; c26:bw=35,experts=[0,2,3]; c28:bw=46,experts=[0,1,2,7]; c37:bw=22,experts=[1,2]; c42:bw=45,experts=[0,1,2,7]; c45:bw=41,experts=[0,2,4,5]; c48:bw=21,experts=[0,1]; c49:bw=67,experts=[0,1,2,5,6,7]; c38:bw=38,experts=[2,4,6]; c22:bw=51,experts=[1,2,3,5,7]; c18:bw=45,experts=[1,4,5,7]; c17:bw=44,experts=[0,5,6,7]; c24:bw=53,experts=[0,3,4,6,7]; c36:bw=60,experts=[0,1,2,3,4,6]; c10:bw=18,experts=[7]; c11:bw=47,experts=[0,4,5,7]; c25:bw=33,experts=[1,5,7]; c34:bw=38,experts=[0,4,7]; c3:bw=39,experts=[0,6,7]; c15:bw=16,experts=[0]; c40:bw=42,experts=[0,2,4,7]; c5:bw=40,experts=[1,3,4,6]; c43:bw=21,experts=[0,5]","0.7815,0.6224,0.8858,1.1648,1.1807,1.0663,1.2119,1.2289,1.3395,1.0965,1.2113,1.0528,0.4321,0.6845,1.2249,0.7771,0.9577,1.0603,0.6472,0.6230,1.4377,1.1430,0.7722,1.2289,0.7113,0.4279,1.6097,0.9319,1.1978,0.8255,0.7981,0.9520,1.5580,0.6327,2.5677,0.6339,1.3157,0.9557,0.8058,0.7410,0.7938,0.9257,0.7495,1.9310,0.8245,1.0796,0.7803,1.0231,1.5352,0.8227"
83,2026-09-24 00:27:07,Ours,0.01,2.4315679406264206,41.79,42.32,81,52.7965,0:52.80,51.009,0.6393,1.1429,4397.085,1:13:17.08,50,"38,5,34,15,31,13,11,17,4,14,29,24,25,30,10,45,43,48,19,33,16,6,0,18,40,22,44,47,8,3,49,32,12,2,28,37,21,26,7,1,39,23,20,42,41,46,27,36,35,9",38:27;5:10;34:18;15:39;31:52;13:46;11:27;17:31;4:10;14:39;29:46;24:43;25:48;30:35;10:37;45:35;43:17;48:49;19:67;33:21;16:49;6:53;0:10;18:21;40:22;22:70;44:45;47:43;8:39;3:42;49:24;32:41;12:44;2:41;28:10;37:22;21:53;26:17;7:37;1:63;39:20;23:34;20:50;42:20;41:49;46:19;27:58;36:47;35:20;9:51,"38:[0,5];5:[2];34:[6];15:[0,5,7];31:[1,2,5,6,7];13:[2,4,5,6];11:[3,4];17:[1,3,7];4:[2];14:[2,5,7];29:[1,2,6,7];24:[2,5,6,7];25:[1,3,4,6];30:[1,6,7];10:[1,4,5];45:[3,4,5];43:[3];48:[1,3,5,7];19:[1,2,3,5,6,7];33:[1,5];16:[0,1,4,6];6:[2,3,5,6,7];0:[6];18:[2,7];40:[0,1];22:[0,1,2,3,5,6,7];44:[0,1,5,6];47:[1,2,3,7];8:[0,4,6];3:[0,1,3,7];49:[2,7];32:[0,3,5,7];12:[3,4,5,7];2:[2,3,4,7];28:[2];37:[1,4];21:[3,4,5,6,7];26:[2];7:[0,1,4];1:[0,1,3,5,6,7];39:[0,4];23:[0,1,4];20:[0,1,2,4,7];42:[2,7];41:[1,2,4,5];46:[0];27:[1,3,4,6,7];36:[0,1,6,7];35:[1,7];9:[0,2,4,5,6]","c38:bw=27,experts=[0,5]; c5:bw=10,experts=[2]; c34:bw=18,experts=[6]; c15:bw=39,experts=[0,5,7]; c31:bw=52,experts=[1,2,5,6,7]; c13:bw=46,experts=[2,4,5,6]; c11:bw=27,experts=[3,4]; c17:bw=31,experts=[1,3,7]; c4:bw=10,experts=[2]; c14:bw=39,experts=[2,5,7]; c29:bw=46,experts=[1,2,6,7]; c24:bw=43,experts=[2,5,6,7]; c25:bw=48,experts=[1,3,4,6]; c30:bw=35,experts=[1,6,7]; c10:bw=37,experts=[1,4,5]; c45:bw=35,experts=[3,4,5]; c43:bw=17,experts=[3]; c48:bw=49,experts=[1,3,5,7]; c19:bw=67,experts=[1,2,3,5,6,7]; c33:bw=21,experts=[1,5]; c16:bw=49,experts=[0,1,4,6]; c6:bw=53,experts=[2,3,5,6,7]; c0:bw=10,experts=[6]; c18:bw=21,experts=[2,7]; c40:bw=22,experts=[0,1]; c22:bw=70,experts=[0,1,2,3,5,6,7]; c44:bw=45,experts=[0,1,5,6]; c47:bw=43,experts=[1,2,3,7]; c8:bw=39,experts=[0,4,6]; c3:bw=42,experts=[0,1,3,7]; c49:bw=24,experts=[2,7]; c32:bw=41,experts=[0,3,5,7]; c12:bw=44,experts=[3,4,5,7]; c2:bw=41,experts=[2,3,4,7]; c28:bw=10,experts=[2]; c37:bw=22,experts=[1,4]; c21:bw=53,experts=[3,4,5,6,7]; c26:bw=17,experts=[2]; c7:bw=37,experts=[0,1,4]; c1:bw=63,experts=[0,1,3,5,6,7]; c39:bw=20,experts=[0,4]; c23:bw=34,experts=[0,1,4]; c20:bw=50,experts=[0,1,2,4,7]; c42:bw=20,experts=[2,7]; c41:bw=49,experts=[1,2,4,5]; c46:bw=19,experts=[0]; c27:bw=58,experts=[1,3,4,6,7]; c36:bw=47,experts=[0,1,6,7]; c35:bw=20,experts=[1,7]; c9:bw=51,experts=[0,2,4,5,6]","0.6407,1.5575,0.8445,0.8593,1.1421,0.7811,0.7618,0.8171,1.1885,1.3390,1.2175,0.7455,1.9631,1.0778,0.9419,1.5751,0.8240,0.6421,0.9539,1.0504,1.6361,1.1944,0.4295,0.9631,1.0373,1.3276,0.7175,0.6806,0.7664,1.0728,2.5418,1.1989,0.6354,0.6202,0.8228,0.8052,1.4309,1.1747,0.6280,0.9334,1.0266,1.2035,1.2191,0.9567,0.4280,0.7707,1.1315,0.8029,0.8847,1.0457"
84,2026-09-24 00:28:00,Ours,0.01,2.428932460332165,42.42,42.42,84,52.7159,0:52.72,50.9219,0.6402,1.1488,4449.8436,1:14:09.84,50,"37,32,15,17,42,30,39,5,23,31,8,38,47,26,27,1,24,45,35,13,34,7,29,46,14,6,12,36,18,49,11,2,20,48,41,3,28,33,21,16,0,4,43,40,10,9,22,19,44,25",37:28;32:36;15:75;17:43;42:12;30:38;39:54;5:20;23:58;31:33;8:67;38:10;47:36;26:38;27:21;1:58;24:37;45:21;35:54;13:30;34:31;7:47;29:12;46:57;14:45;6:10;12:45;36:25;18:55;49:58;11:50;2:36;20:64;48:63;41:46;3:32;28:30;33:49;21:10;16:47;0:10;4:27;43:28;40:55;10:10;9:20;22:67;19:22;44:49;25:17,"37:[2,7];32:[2,3,6];15:[0,2,3,4,5,6,7];17:[1,2,3,7];42:[4];30:[2,4,7];39:[1,3,4,5,7];5:[0,6];23:[1,2,3,6,7];31:[1,2,3];8:[1,2,3,4,5,7];38:[3];47:[0,5,6];26:[2,3,7];27:[3,4];1:[1,2,5,6,7];24:[4,5,6];45:[3,6];35:[0,2,3,5,7];13:[0,1,2];34:[0,2,6];7:[0,1,2,4];29:[1];46:[2,3,5,6,7];14:[0,2,4,5];6:[4];12:[0,3,5,6];36:[0,2];18:[2,3,4,5,6];49:[2,3,4,5,7];11:[0,1,2,3,5];2:[0,1,6];20:[0,1,2,4,5,7];48:[0,2,3,5,6,7];41:[1,2,3,7];3:[4,5,6];28:[1,2,7];33:[2,3,4,7];21:[0];16:[1,3,4,6];0:[0];4:[1,3];43:[0,7];40:[2,3,4,5,7];10:[4];9:[1,7];22:[0,2,3,4,5,6];19:[0,7];44:[1,2,3,6];25:[3]","c37:bw=28,experts=[2,7]; c32:bw=36,experts=[2,3,6]; c15:bw=75,experts=[0,2,3,4,5,6,7]; c17:bw=43,experts=[1,2,3,7]; c42:bw=12,experts=[4]; c30:bw=38,experts=[2,4,7]; c39:bw=54,experts=[1,3,4,5,7]; c5:bw=20,experts=[0,6]; c23:bw=58,experts=[1,2,3,6,7]; c31:bw=33,experts=[1,2,3]; c8:bw=67,experts=[1,2,3,4,5,7]; c38:bw=10,experts=[3]; c47:bw=36,experts=[0,5,6]; c26:bw=38,experts=[2,3,7]; c27:bw=21,experts=[3,4]; c1:bw=58,experts=[1,2,5,6,7]; c24:bw=37,experts=[4,5,6]; c45:bw=21,experts=[3,6]; c35:bw=54,experts=[0,2,3,5,7]; c13:bw=30,experts=[0,1,2]; c34:bw=31,experts=[0,2,6]; c7:bw=47,experts=[0,1,2,4]; c29:bw=12,experts=[1]; c46:bw=57,experts=[2,3,5,6,7]; c14:bw=45,experts=[0,2,4,5]; c6:bw=10,experts=[4]; c12:bw=45,experts=[0,3,5,6]; c36:bw=25,experts=[0,2]; c18:bw=55,experts=[2,3,4,5,6]; c49:bw=58,experts=[2,3,4,5,7]; c11:bw=50,experts=[0,1,2,3,5]; c2:bw=36,experts=[0,1,6]; c20:bw=64,experts=[0,1,2,4,5,7]; c48:bw=63,experts=[0,2,3,5,6,7]; c41:bw=46,experts=[1,2,3,7]; c3:bw=32,experts=[4,5,6]; c28:bw=30,experts=[1,2,7]; c33:bw=49,experts=[2,3,4,7]; c21:bw=10,experts=[0]; c16:bw=47,experts=[1,3,4,6]; c0:bw=10,experts=[0]; c4:bw=27,experts=[1,3]; c43:bw=28,experts=[0,7]; c40:bw=55,experts=[2,3,4,5,7]; c10:bw=10,experts=[4]; c9:bw=20,experts=[1,7]; c22:bw=67,experts=[0,2,3,4,5,6]; c19:bw=22,experts=[0,7]; c44:bw=49,experts=[1,2,3,6]; c25:bw=17,experts=[3]","0.8136,1.2214,0.7865,0.8012,0.9657,1.0850,1.0296,1.5597,1.2086,1.1482,0.7758,0.6392,0.6800,1.2075,1.1323,0.9427,0.7486,1.5786,0.8899,0.7723,0.8436,0.6376,1.2126,0.7727,1.3303,1.2022,0.6369,0.8044,0.9734,2.5721,0.7511,0.6170,1.2058,0.6376,0.4308,1.0929,0.8271,1.0552,1.4241,1.6205,0.4213,1.1706,0.8160,1.0173,0.9364,1.0324,1.3090,0.9385,0.7152,1.9306"
85,2026-09-24 00:28:53,Ours,0.01,2.3937014399531535,42.61,42.61,85,52.7524,0:52.75,50.9666,0.6421,1.1387,4502.6434,1:15:02.64,50,"13,47,10,25,12,1,19,42,38,40,15,17,18,16,11,37,14,48,44,31,6,7,9,32,5,21,27,24,8,20,29,30,4,49,22,41,46,3,43,45,28,33,35,39,26,23,2,0,36,34",13:35;47:26;10:44;25:19;12:47;1:57;19:54;42:10;38:13;40:53;15:70;17:49;18:51;16:19;11:10;37:58;14:44;48:12;44:32;31:10;6:42;7:11;9:58;32:10;5:12;21:64;27:53;24:18;8:70;20:30;29:35;30:42;4:42;49:37;22:27;41:28;46:22;3:51;43:10;45:33;28:47;33:60;35:22;39:23;26:36;23:57;2:45;0:38;36:54;34:14,"13:[4,5,7];47:[1,4];10:[0,1,3,6];25:[2];12:[0,2,3,7];1:[0,1,2,4,5];19:[1,2,3,6,7];42:[3];38:[4];40:[1,2,3,4,7];15:[0,1,2,4,5,6,7];17:[3,4,5,6];18:[2,3,4,6,7];16:[5];11:[0];37:[0,1,2,3,7];14:[0,1,6,7];48:[7];44:[0,3,5];31:[7];6:[0,2,5,6];7:[4];9:[2,3,4,6,7];32:[3];5:[1];21:[0,1,2,5,6,7];27:[2,3,5,6,7];24:[4];8:[0,1,2,4,5,6,7];20:[2,4,5];29:[2,4,7];30:[0,1,3,5];4:[0,2,4,7];49:[1,2,6];22:[2,6];41:[1,3];46:[4,6];3:[0,1,2,3,4];43:[0];45:[0,5,7];28:[3,5,6,7];33:[0,1,2,3,4,5];35:[0,6];39:[6,7];26:[0,3,7];23:[0,1,3,5,7];2:[1,2,6,7];0:[1,3,4];36:[0,2,5,6,7];34:[2]","c13:bw=35,experts=[4,5,7]; c47:bw=26,experts=[1,4]; c10:bw=44,experts=[0,1,3,6]; c25:bw=19,experts=[2]; c12:bw=47,experts=[0,2,3,7]; c1:bw=57,experts=[0,1,2,4,5]; c19:bw=54,experts=[1,2,3,6,7]; c42:bw=10,experts=[3]; c38:bw=13,experts=[4]; c40:bw=53,experts=[1,2,3,4,7]; c15:bw=70,experts=[0,1,2,4,5,6,7]; c17:bw=49,experts=[3,4,5,6]; c18:bw=51,experts=[2,3,4,6,7]; c16:bw=19,experts=[5]; c11:bw=10,experts=[0]; c37:bw=58,experts=[0,1,2,3,7]; c14:bw=44,experts=[0,1,6,7]; c48:bw=12,experts=[7]; c44:bw=32,experts=[0,3,5]; c31:bw=10,experts=[7]; c6:bw=42,experts=[0,2,5,6]; c7:bw=11,experts=[4]; c9:bw=58,experts=[2,3,4,6,7]; c32:bw=10,experts=[3]; c5:bw=12,experts=[1]; c21:bw=64,experts=[0,1,2,5,6,7]; c27:bw=53,experts=[2,3,5,6,7]; c24:bw=18,experts=[4]; c8:bw=70,experts=[0,1,2,4,5,6,7]; c20:bw=30,experts=[2,4,5]; c29:bw=35,experts=[2,4,7]; c30:bw=42,experts=[0,1,3,5]; c4:bw=42,experts=[0,2,4,7]; c49:bw=37,experts=[1,2,6]; c22:bw=27,experts=[2,6]; c41:bw=28,experts=[1,3]; c46:bw=22,experts=[4,6]; c3:bw=51,experts=[0,1,2,3,4]; c43:bw=10,experts=[0]; c45:bw=33,experts=[0,5,7]; c28:bw=47,experts=[3,5,6,7]; c33:bw=60,experts=[0,1,2,3,4,5]; c35:bw=22,experts=[0,6]; c39:bw=23,experts=[6,7]; c26:bw=36,experts=[0,3,7]; c23:bw=57,experts=[0,1,3,5,7]; c2:bw=45,experts=[1,2,6,7]; c0:bw=38,experts=[1,3,4]; c36:bw=54,experts=[0,2,5,6,7]; c34:bw=14,experts=[2]","0.7817,0.6811,0.9399,1.9644,0.6360,0.9568,0.9670,0.9621,0.6396,1.0305,0.7919,0.8207,0.9754,1.7068,0.7590,0.8110,1.3456,0.6484,0.7166,1.1503,1.2074,0.6276,1.0618,1.2077,1.5657,1.4416,1.1223,0.7366,0.7689,1.2020,1.2218,1.0836,1.1750,2.5125,1.3099,0.4288,0.7665,1.0589,0.8178,1.5370,0.8357,1.0601,0.8725,1.0121,1.1799,1.1857,0.6275,0.4249,0.7967,0.8335"
86,2026-09-24 00:29:45,Ours,0.01,2.4072664120021985,43.4,43.4,86,52.5549,0:52.55,50.7623,0.6405,1.1471,4555.2428,1:15:55.24,50,"17,2,25,37,29,12,11,45,18,22,6,46,1,39,23,34,28,48,0,27,5,4,40,14,19,44,3,32,49,42,36,10,16,8,33,31,9,30,43,7,41,20,21,15,38,35,13,26,47,24",17:40;2:24;25:36;37:10;29:18;12:28;11:38;45:45;18:52;22:44;6:55;46:39;1:72;39:34;23:47;34:10;28:42;48:48;0:30;27:44;5:47;4:18;40:39;14:45;19:18;44:20;3:28;32:53;49:28;42:19;36:54;10:47;16:50;8:28;33:24;31:51;9:43;30:40;43:43;7:44;41:10;20:27;21:34;15:55;38:74;35:24;13:55;26:66;47:62;24:24,"17:[1,2,3,7];2:[4,5];25:[1,6,7];37:[5];29:[0];12:[2,3];11:[1,3,7];45:[1,2,3,6];18:[2,3,4,5,7];22:[1,5,6,7];6:[1,2,4,5,6];46:[0,1,5];1:[0,1,2,3,4,5,7];39:[0,6,7];23:[0,2,6,7];34:[7];28:[0,3,5,6];48:[1,2,5,7];0:[1,2,7];27:[1,3,6,7];5:[1,2,4,7];4:[4];40:[0,2,4];14:[1,2,4,6];19:[5];44:[5,6];3:[0,3];32:[1,3,4,5,7];49:[2,7];42:[1];36:[0,1,2,3,6];10:[0,3,5,6];16:[0,1,5,6,7];8:[1,7];33:[1,3];31:[0,1,4,6,7];9:[0,2,5,7];30:[0,2,6,7];43:[1,3,4,5];7:[0,2,3,5];41:[1];20:[2,3];21:[1,6,7];15:[2,4,5,6,7];38:[0,2,3,4,5,6,7];35:[4,5];13:[1,2,5,6,7];26:[2,3,4,5,6,7];47:[0,1,2,3,4,5];24:[2,7]","c17:bw=40,experts=[1,2,3,7]; c2:bw=24,experts=[4,5]; c25:bw=36,experts=[1,6,7]; c37:bw=10,experts=[5]; c29:bw=18,experts=[0]; c12:bw=28,experts=[2,3]; c11:bw=38,experts=[1,3,7]; c45:bw=45,experts=[1,2,3,6]; c18:bw=52,experts=[2,3,4,5,7]; c22:bw=44,experts=[1,5,6,7]; c6:bw=55,experts=[1,2,4,5,6]; c46:bw=39,experts=[0,1,5]; c1:bw=72,experts=[0,1,2,3,4,5,7]; c39:bw=34,experts=[0,6,7]; c23:bw=47,experts=[0,2,6,7]; c34:bw=10,experts=[7]; c28:bw=42,experts=[0,3,5,6]; c48:bw=48,experts=[1,2,5,7]; c0:bw=30,experts=[1,2,7]; c27:bw=44,experts=[1,3,6,7]; c5:bw=47,experts=[1,2,4,7]; c4:bw=18,experts=[4]; c40:bw=39,experts=[0,2,4]; c14:bw=45,experts=[1,2,4,6]; c19:bw=18,experts=[5]; c44:bw=20,experts=[5,6]; c3:bw=28,experts=[0,3]; c32:bw=53,experts=[1,3,4,5,7]; c49:bw=28,experts=[2,7]; c42:bw=19,experts=[1]; c36:bw=54,experts=[0,1,2,3,6]; c10:bw=47,experts=[0,3,5,6]; c16:bw=50,experts=[0,1,5,6,7]; c8:bw=28,experts=[1,7]; c33:bw=24,experts=[1,3]; c31:bw=51,experts=[0,1,4,6,7]; c9:bw=43,experts=[0,2,5,7]; c30:bw=40,experts=[0,2,6,7]; c43:bw=43,experts=[1,3,4,5]; c7:bw=44,experts=[0,2,3,5]; c41:bw=10,experts=[1]; c20:bw=27,experts=[2,3]; c21:bw=34,experts=[1,6,7]; c15:bw=55,experts=[2,4,5,6,7]; c38:bw=74,experts=[0,2,3,4,5,6,7]; c35:bw=24,experts=[4,5]; c13:bw=55,experts=[1,2,5,6,7]; c26:bw=66,experts=[2,3,4,5,6,7]; c47:bw=62,experts=[0,1,2,3,4,5]; c24:bw=24,experts=[2,7]","0.8029,0.6286,1.9579,0.8117,1.2191,0.6408,0.7574,1.5782,0.9714,1.3298,1.1999,0.7750,0.9441,1.0337,1.1909,0.8364,0.8327,0.6459,0.4296,1.1193,1.5383,1.1776,1.0191,1.3141,0.9478,0.7157,1.0669,1.2026,2.5260,0.9512,0.8046,0.9326,1.6335,0.7596,1.0350,1.1988,1.0309,1.0708,0.8270,0.6182,0.4266,1.1954,1.4098,0.7686,0.6320,0.8867,0.7647,1.1907,0.6845,0.7273"
87,2026-09-24 00:30:38,Ours,0.01,2.385911361885885,41.89,43.4,86,52.7903,0:52.79,51.0118,0.64,1.1333,4608.0797,1:16:48.08,50,"35,39,46,27,6,20,9,26,34,29,45,15,4,24,23,47,21,43,30,1,22,38,13,7,36,42,10,18,37,17,3,32,49,31,14,25,41,48,0,11,16,2,19,44,5,12,8,28,40,33",35:30;39:41;46:39;27:62;6:60;20:54;9:37;26:47;34:30;29:24;45:53;15:63;4:34;24:30;23:30;47:59;21:36;43:43;30:33;1:29;22:21;38:53;13:45;7:22;36:69;42:56;10:49;18:45;37:32;17:25;3:68;32:10;49:38;31:18;14:36;25:67;41:21;48:47;0:35;11:18;16:45;2:67;19:33;44:42;5:10;12:45;8:46;28:31;40:42;33:64,"35:[1,2,6];39:[4,5,6,7];46:[1,3,5];27:[0,2,3,5,6,7];6:[0,1,2,5,6,7];20:[1,2,4,5,7];9:[0,2,7];26:[1,2,3,4];34:[0,3,5];29:[0,3];45:[1,3,5,6,7];15:[0,1,3,5,6,7];4:[3,5,6];24:[1,2,5];23:[1,2,5];47:[1,3,4,5,6];21:[0,2,3];43:[0,4,5,7];30:[3,4,7];1:[2,3];22:[3,7];38:[0,1,2,4,6];13:[0,4,5,7];7:[1,6];36:[0,2,3,5,6,7];42:[0,1,2,3,6];10:[2,4,5,7];18:[0,1,6,7];37:[2,4,6];17:[4,7];3:[0,1,3,4,6,7];32:[3];49:[3,6,7];31:[7];14:[0,2,7];25:[0,1,2,3,6,7];41:[1,7];48:[0,4,5,7];0:[1,2,3];11:[7];16:[1,3,5,6];2:[0,3,4,5,6,7];19:[3,5,7];44:[0,1,5,7];5:[7];12:[2,5,6,7];8:[0,4,6,7];28:[1,4,7];40:[2,3,4,7];33:[0,1,2,5,6,7]","c35:bw=30,experts=[1,2,6]; c39:bw=41,experts=[4,5,6,7]; c46:bw=39,experts=[1,3,5]; c27:bw=62,experts=[0,2,3,5,6,7]; c6:bw=60,experts=[0,1,2,5,6,7]; c20:bw=54,experts=[1,2,4,5,7]; c9:bw=37,experts=[0,2,7]; c26:bw=47,experts=[1,2,3,4]; c34:bw=30,experts=[0,3,5]; c29:bw=24,experts=[0,3]; c45:bw=53,experts=[1,3,5,6,7]; c15:bw=63,experts=[0,1,3,5,6,7]; c4:bw=34,experts=[3,5,6]; c24:bw=30,experts=[1,2,5]; c23:bw=30,experts=[1,2,5]; c47:bw=59,experts=[1,3,4,5,6]; c21:bw=36,experts=[0,2,3]; c43:bw=43,experts=[0,4,5,7]; c30:bw=33,experts=[3,4,7]; c1:bw=29,experts=[2,3]; c22:bw=21,experts=[3,7]; c38:bw=53,experts=[0,1,2,4,6]; c13:bw=45,experts=[0,4,5,7]; c7:bw=22,experts=[1,6]; c36:bw=69,experts=[0,2,3,5,6,7]; c42:bw=56,experts=[0,1,2,3,6]; c10:bw=49,experts=[2,4,5,7]; c18:bw=45,experts=[0,1,6,7]; c37:bw=32,experts=[2,4,6]; c17:bw=25,experts=[4,7]; c3:bw=68,experts=[0,1,3,4,6,7]; c32:bw=10,experts=[3]; c49:bw=38,experts=[3,6,7]; c31:bw=18,experts=[7]; c14:bw=36,experts=[0,2,7]; c25:bw=67,experts=[0,1,2,3,6,7]; c41:bw=21,experts=[1,7]; c48:bw=47,experts=[0,4,5,7]; c0:bw=35,experts=[1,2,3]; c11:bw=18,experts=[7]; c16:bw=45,experts=[1,3,5,6]; c2:bw=67,experts=[0,3,4,5,6,7]; c19:bw=33,experts=[3,5,7]; c44:bw=42,experts=[0,1,5,7]; c5:bw=10,experts=[7]; c12:bw=45,experts=[2,5,6,7]; c8:bw=46,experts=[0,4,6,7]; c28:bw=31,experts=[1,4,7]; c40:bw=42,experts=[2,3,4,7]; c33:bw=64,experts=[0,1,2,5,6,7]","0.8973,1.0392,0.7713,1.1353,1.2072,1.2212,1.0599,1.2122,0.8501,1.2155,1.5845,0.7831,1.1970,0.7384,1.2100,0.6849,1.4218,0.8307,1.0835,0.9388,1.3272,0.6447,0.7733,0.6241,0.8092,0.9524,0.9364,0.9683,0.8107,0.8076,1.0808,1.2192,2.5704,1.1360,1.3147,1.9432,0.4236,0.6356,0.4276,0.7421,1.6131,0.6225,0.9446,0.7938,1.5307,0.6284,0.7574,0.8302,1.0153,1.0468"
88,2026-09-24 00:31:31,Ours,0.01,2.342407365006478,43.44,43.44,88,52.6612,0:52.66,50.8572,0.6468,1.152,4660.7863,1:17:40.79,50,"23,32,12,49,31,25,44,45,38,14,33,41,40,8,42,34,26,47,37,48,29,5,28,46,4,10,20,11,16,0,27,39,35,17,18,15,2,13,6,7,36,21,1,22,43,3,30,19,24,9",23:52;32:50;12:61;49:10;31:35;25:26;44:71;45:41;38:59;14:10;33:35;41:41;40:21;8:43;42:33;34:48;26:69;47:29;37:19;48:57;29:16;5:30;28:24;46:43;4:38;10:71;20:41;11:10;16:30;0:62;27:40;39:20;35:14;17:30;18:22;15:60;2:46;13:34;6:27;7:41;36:51;21:42;1:28;22:57;43:35;3:33;30:54;19:23;24:36;9:31,"23:[0,2,5,6,7];32:[0,1,2,4,7];12:[0,3,4,5,6,7];49:[2];31:[0,1,5];25:[1,6];44:[0,1,2,3,4,5,7];45:[0,2,4,5];38:[0,3,4,5,6];14:[4];33:[0,1,7];41:[0,2,6,7];40:[3,7];8:[0,1,6,7];42:[1,3,6];34:[0,5,6,7];26:[1,2,3,4,5,6];47:[0,1];37:[3];48:[1,3,4,5,6];29:[1];5:[1,2,5];28:[0,6];46:[0,2,4,7];4:[2,4,5];10:[0,1,2,3,4,5,6];20:[0,2,4,5];11:[6];16:[1,4,7];0:[0,2,3,4,6,7];27:[0,3,5,6];39:[1,7];35:[4];17:[3,5,7];18:[0,4];15:[1,2,3,4,5,7];2:[0,1,4,5];13:[0,4,7];6:[1,7];7:[0,1,6,7];36:[0,1,2,3,6];21:[0,3,4,6];1:[1,4];22:[0,2,3,4,6];43:[1,2,5];3:[2,5,6];30:[2,4,5,6,7];19:[0,6];24:[2,5,7];9:[0,2,5]","c23:bw=52,experts=[0,2,5,6,7]; c32:bw=50,experts=[0,1,2,4,7]; c12:bw=61,experts=[0,3,4,5,6,7]; c49:bw=10,experts=[2]; c31:bw=35,experts=[0,1,5]; c25:bw=26,experts=[1,6]; c44:bw=71,experts=[0,1,2,3,4,5,7]; c45:bw=41,experts=[0,2,4,5]; c38:bw=59,experts=[0,3,4,5,6]; c14:bw=10,experts=[4]; c33:bw=35,experts=[0,1,7]; c41:bw=41,experts=[0,2,6,7]; c40:bw=21,experts=[3,7]; c8:bw=43,experts=[0,1,6,7]; c42:bw=33,experts=[1,3,6]; c34:bw=48,experts=[0,5,6,7]; c26:bw=69,experts=[1,2,3,4,5,6]; c47:bw=29,experts=[0,1]; c37:bw=19,experts=[3]; c48:bw=57,experts=[1,3,4,5,6]; c29:bw=16,experts=[1]; c5:bw=30,experts=[1,2,5]; c28:bw=24,experts=[0,6]; c46:bw=43,experts=[0,2,4,7]; c4:bw=38,experts=[2,4,5]; c10:bw=71,experts=[0,1,2,3,4,5,6]; c20:bw=41,experts=[0,2,4,5]; c11:bw=10,experts=[6]; c16:bw=30,experts=[1,4,7]; c0:bw=62,experts=[0,2,3,4,6,7]; c27:bw=40,experts=[0,3,5,6]; c39:bw=20,experts=[1,7]; c35:bw=14,experts=[4]; c17:bw=30,experts=[3,5,7]; c18:bw=22,experts=[0,4]; c15:bw=60,experts=[1,2,3,4,5,7]; c2:bw=46,experts=[0,1,4,5]; c13:bw=34,experts=[0,4,7]; c6:bw=27,experts=[1,7]; c7:bw=41,experts=[0,1,6,7]; c36:bw=51,experts=[0,1,2,3,6]; c21:bw=42,experts=[0,3,4,6]; c1:bw=28,experts=[1,4]; c22:bw=57,experts=[0,2,3,4,6]; c43:bw=35,experts=[1,2,5]; c3:bw=33,experts=[2,5,6]; c30:bw=54,experts=[2,4,5,6,7]; c19:bw=23,experts=[0,6]; c24:bw=36,experts=[2,5,7]; c9:bw=31,experts=[0,2,5]","1.1814,1.2161,0.6544,2.5540,1.1685,1.9628,0.7107,1.5914,0.6438,1.3257,1.0552,0.4377,1.0361,0.7712,0.9553,0.8445,1.2049,0.6774,0.8047,0.6448,1.2198,1.5412,0.8342,0.7790,1.1891,0.9481,1.2110,0.7516,1.6032,0.4389,1.1307,1.0242,0.8795,0.7910,0.9640,0.7748,0.6209,0.7697,1.1860,0.6228,0.8007,1.4286,0.9347,1.3001,0.8226,1.0684,1.0625,0.9553,0.7332,1.0306"
89,2026-09-24 00:32:24,Ours,0.01,2.3722651709040203,42.57,43.44,88,53.3346,0:53.33,51.5303,0.6443,1.1548,4714.1692,1:18:34.17,50,"48,14,0,12,3,37,47,24,20,10,33,46,39,21,31,15,26,34,36,2,6,11,42,35,30,44,38,41,32,8,29,27,4,5,1,16,40,43,25,7,9,17,23,45,19,28,18,49,13,22",48:31;14:30;0:13;12:34;3:31;37:27;47:47;24:58;20:31;10:28;33:10;46:31;39:51;21:28;31:24;15:61;26:10;34:53;36:29;2:44;6:32;11:36;42:65;35:53;30:34;44:54;38:40;41:62;32:41;8:74;29:14;27:10;4:30;5:46;1:41;16:50;40:48;43:39;25:17;7:21;9:60;17:40;23:24;45:44;19:16;28:20;18:55;49:47;13:10;22:42,"48:[2,3,6];14:[0,1,4];0:[0];12:[0,5,7];3:[3,5,6];37:[4,6];47:[1,2,5,7];24:[1,2,3,4,6];20:[0,3,4];10:[3,6];33:[6];46:[0,3,6];39:[0,1,4,5,7];21:[5,6];31:[2,3];15:[1,2,3,5,6,7];26:[2];34:[1,2,3,6,7];36:[5,7];2:[4,5,6,7];6:[0,2,6];11:[3,5,6];42:[0,2,3,4,5,7];35:[1,4,5,6,7];30:[1,4,5];44:[0,1,2,4,6];38:[1,3,4,6];41:[0,1,3,4,6,7];32:[0,2,4,6];8:[0,1,2,3,4,5,7];29:[2];27:[7];4:[0,2,7];5:[0,3,5,6];1:[1,3,5,7];16:[0,2,3,4,5];40:[0,2,3,6];43:[0,3,6];25:[1];7:[4,6];9:[0,1,3,4,5,6];17:[1,2,5,6];23:[0,3];45:[1,2,3,7];19:[4];28:[5,7];18:[0,2,4,5,6];49:[2,3,5,6];13:[5];22:[1,3,6,7]","c48:bw=31,experts=[2,3,6]; c14:bw=30,experts=[0,1,4]; c0:bw=13,experts=[0]; c12:bw=34,experts=[0,5,7]; c3:bw=31,experts=[3,5,6]; c37:bw=27,experts=[4,6]; c47:bw=47,experts=[1,2,5,7]; c24:bw=58,experts=[1,2,3,4,6]; c20:bw=31,experts=[0,3,4]; c10:bw=28,experts=[3,6]; c33:bw=10,experts=[6]; c46:bw=31,experts=[0,3,6]; c39:bw=51,experts=[0,1,4,5,7]; c21:bw=28,experts=[5,6]; c31:bw=24,experts=[2,3]; c15:bw=61,experts=[1,2,3,5,6,7]; c26:bw=10,experts=[2]; c34:bw=53,experts=[1,2,3,6,7]; c36:bw=29,experts=[5,7]; c2:bw=44,experts=[4,5,6,7]; c6:bw=32,experts=[0,2,6]; c11:bw=36,experts=[3,5,6]; c42:bw=65,experts=[0,2,3,4,5,7]; c35:bw=53,experts=[1,4,5,6,7]; c30:bw=34,experts=[1,4,5]; c44:bw=54,experts=[0,1,2,4,6]; c38:bw=40,experts=[1,3,4,6]; c41:bw=62,experts=[0,1,3,4,6,7]; c32:bw=41,experts=[0,2,4,6]; c8:bw=74,experts=[0,1,2,3,4,5,7]; c29:bw=14,experts=[2]; c27:bw=10,experts=[7]; c4:bw=30,experts=[0,2,7]; c5:bw=46,experts=[0,3,5,6]; c1:bw=41,experts=[1,3,5,7]; c16:bw=50,experts=[0,2,3,4,5]; c40:bw=48,experts=[0,2,3,6]; c43:bw=39,experts=[0,3,6]; c25:bw=17,experts=[1]; c7:bw=21,experts=[4,6]; c9:bw=60,experts=[0,1,3,4,5,6]; c17:bw=40,experts=[1,2,5,6]; c23:bw=24,experts=[0,3]; c45:bw=44,experts=[1,2,3,7]; c19:bw=16,experts=[4]; c28:bw=20,experts=[5,7]; c18:bw=55,experts=[0,2,4,5,6]; c49:bw=47,experts=[2,3,5,6]; c13:bw=10,experts=[5]; c22:bw=42,experts=[1,3,6,7]","0.6444,1.3255,0.4284,0.6393,1.1354,0.8688,0.7122,0.7865,1.2724,0.9816,1.1073,0.8152,1.1014,1.5055,1.2087,0.8266,1.2224,0.8722,0.8354,0.6507,1.2361,0.7469,0.9700,0.8866,1.0719,0.7178,0.6420,0.4344,1.2091,0.7607,1.2054,1.1098,1.1672,1.5292,0.9164,1.6072,1.0178,0.8169,2.0040,0.6235,1.0528,0.7971,1.1843,1.5505,0.9486,0.8207,0.9586,2.5348,0.7577,1.3126"
90,2026-09-24 00:33:17,Ours,0.01,2.3219084185235888,43.73,43.73,90,52.5651,0:52.57,50.7824,0.6406,1.137,4766.781,1:19:26.78,50,"45,4,16,41,40,22,7,10,6,17,46,24,11,12,42,13,28,25,15,23,38,20,36,47,0,48,44,27,30,3,37,35,39,31,32,8,9,26,14,5,2,21,33,29,1,34,49,18,43,19",45:10;4:35;16:57;41:54;40:54;22:31;7:72;10:10;6:26;17:22;46:32;24:43;11:41;12:43;42:40;13:65;28:44;25:51;15:61;23:44;38:38;20:56;36:54;47:31;0:64;48:30;44:60;27:27;30:36;3:36;37:13;35:40;39:49;31:52;32:60;8:50;9:63;26:55;14:16;5:27;2:21;21:66;33:52;29:17;1:31;34:27;49:34;18:50;43:11;19:15,"45:[5];4:[2,4,6];16:[0,1,3,4,7];41:[1,3,4,6,7];40:[0,2,4,5,6];22:[2,3,5];7:[0,1,2,3,4,5,6];10:[7];6:[4,5];17:[1,3];46:[1,3,7];24:[0,1,5,6];11:[1,2,3,7];12:[0,1,3,5];42:[0,3,4,5];13:[0,1,2,3,4,6];28:[1,4,5,7];25:[0,1,2,5,6];15:[1,2,3,5,6,7];23:[0,3,4,7];38:[3,4,6];20:[0,2,4,5,7];36:[2,3,4,5,6];47:[2,6,7];0:[0,2,3,4,5,6];48:[2,3,4];44:[0,2,3,4,5,6];27:[5,7];30:[0,5,6];3:[0,1,2];37:[4];35:[0,1,2,3];39:[1,2,5,7];31:[0,2,3,6,7];32:[0,1,2,3,4,6];8:[0,3,4,6,7];9:[0,2,3,5,6,7];26:[0,1,2,6,7];14:[4];5:[1,7];2:[1,3];21:[0,2,3,5,6,7];33:[0,1,3,4,7];29:[4];1:[2,4,7];34:[2,6];49:[1,5,6];18:[0,2,3,6,7];43:[1];19:[4]","c45:bw=10,experts=[5]; c4:bw=35,experts=[2,4,6]; c16:bw=57,experts=[0,1,3,4,7]; c41:bw=54,experts=[1,3,4,6,7]; c40:bw=54,experts=[0,2,4,5,6]; c22:bw=31,experts=[2,3,5]; c7:bw=72,experts=[0,1,2,3,4,5,6]; c10:bw=10,experts=[7]; c6:bw=26,experts=[4,5]; c17:bw=22,experts=[1,3]; c46:bw=32,experts=[1,3,7]; c24:bw=43,experts=[0,1,5,6]; c11:bw=41,experts=[1,2,3,7]; c12:bw=43,experts=[0,1,3,5]; c42:bw=40,experts=[0,3,4,5]; c13:bw=65,experts=[0,1,2,3,4,6]; c28:bw=44,experts=[1,4,5,7]; c25:bw=51,experts=[0,1,2,5,6]; c15:bw=61,experts=[1,2,3,5,6,7]; c23:bw=44,experts=[0,3,4,7]; c38:bw=38,experts=[3,4,6]; c20:bw=56,experts=[0,2,4,5,7]; c36:bw=54,experts=[2,3,4,5,6]; c47:bw=31,experts=[2,6,7]; c0:bw=64,experts=[0,2,3,4,5,6]; c48:bw=30,experts=[2,3,4]; c44:bw=60,experts=[0,2,3,4,5,6]; c27:bw=27,experts=[5,7]; c30:bw=36,experts=[0,5,6]; c3:bw=36,experts=[0,1,2]; c37:bw=13,experts=[4]; c35:bw=40,experts=[0,1,2,3]; c39:bw=49,experts=[1,2,5,7]; c31:bw=52,experts=[0,2,3,6,7]; c32:bw=60,experts=[0,1,2,3,4,6]; c8:bw=50,experts=[0,3,4,6,7]; c9:bw=63,experts=[0,2,3,5,6,7]; c26:bw=55,experts=[0,1,2,6,7]; c14:bw=16,experts=[4]; c5:bw=27,experts=[1,7]; c2:bw=21,experts=[1,3]; c21:bw=66,experts=[0,2,3,5,6,7]; c33:bw=52,experts=[0,1,3,4,7]; c29:bw=17,experts=[4]; c1:bw=31,experts=[2,4,7]; c34:bw=27,experts=[2,6]; c49:bw=34,experts=[1,5,6]; c18:bw=50,experts=[0,2,3,6,7]; c43:bw=11,experts=[1]; c19:bw=15,experts=[4]","1.5678,1.1944,1.6323,0.4382,1.0351,1.3395,0.6360,0.9298,1.1975,0.7974,0.7721,0.7461,0.7619,0.6363,0.9691,0.7723,0.8393,1.9717,0.7798,1.2118,0.6395,1.2345,0.8021,0.6754,0.4308,0.6356,0.7154,1.1190,1.0591,1.0723,0.8071,0.8719,1.0229,1.1380,1.2151,0.7703,1.0447,1.1905,1.3085,1.5299,0.6128,1.4006,1.0411,1.2058,0.9328,0.8265,2.5356,0.9552,0.8111,0.9499"
91,2026-09-24 00:34:10,Ours,0.01,2.3631397198771316,44.26,44.26,91,52.6245,0:52.62,50.8314,0.6549,1.133,4819.4538,1:20:19.45,50,"38,42,13,43,11,22,36,2,35,1,15,29,0,33,21,4,32,6,7,12,19,17,40,30,10,46,23,18,25,48,49,39,28,3,14,27,24,20,34,26,9,16,37,5,47,31,41,45,44,8",38:44;42:33;13:46;43:10;11:67;22:21;36:46;2:11;35:33;1:50;15:45;29:14;0:22;33:35;21:46;4:54;32:16;6:29;7:51;12:62;19:51;17:63;40:10;30:40;10:49;46:37;23:22;18:13;25:49;48:55;49:41;39:42;28:42;3:40;14:42;27:46;24:41;20:20;34:24;26:63;9:35;16:24;37:50;5:52;47:22;31:32;41:59;45:45;44:48;8:23,"38:[0,1,5,6];42:[0,2,7];13:[0,3,5,6];43:[6];11:[0,1,3,4,5,7];22:[0,7];36:[0,1,3,6];2:[0];35:[1,3,5];1:[2,3,4,6,7];15:[1,3,5,7];29:[3];0:[0,7];33:[0,1,7];21:[0,2,3,4];4:[1,2,5,6,7];32:[1];6:[3,6];7:[0,1,4,5,6];12:[1,2,3,4,6,7];19:[1,2,3,5,7];17:[1,2,4,5,6,7];40:[1];30:[1,3,4,5];10:[1,2,3,6];46:[3,5,7];23:[1,5];18:[4];25:[0,3,4,6];48:[1,4,5,6,7];49:[0,2,3,7];39:[1,2,3,4];28:[1,2,3,6];3:[2,3,6,7];14:[0,1,2,4];27:[1,2,3,5];24:[0,1,3,6];20:[5,6];34:[4,6];26:[1,2,3,4,6,7];9:[1,5,7];16:[4,6];37:[1,2,3,5,7];5:[1,2,3,4,5];47:[1,4];31:[3,5,6];41:[0,1,3,5,7];45:[0,1,3,5];44:[0,2,5,7];8:[5,6]","c38:bw=44,experts=[0,1,5,6]; c42:bw=33,experts=[0,2,7]; c13:bw=46,experts=[0,3,5,6]; c43:bw=10,experts=[6]; c11:bw=67,experts=[0,1,3,4,5,7]; c22:bw=21,experts=[0,7]; c36:bw=46,experts=[0,1,3,6]; c2:bw=11,experts=[0]; c35:bw=33,experts=[1,3,5]; c1:bw=50,experts=[2,3,4,6,7]; c15:bw=45,experts=[1,3,5,7]; c29:bw=14,experts=[3]; c0:bw=22,experts=[0,7]; c33:bw=35,experts=[0,1,7]; c21:bw=46,experts=[0,2,3,4]; c4:bw=54,experts=[1,2,5,6,7]; c32:bw=16,experts=[1]; c6:bw=29,experts=[3,6]; c7:bw=51,experts=[0,1,4,5,6]; c12:bw=62,experts=[1,2,3,4,6,7]; c19:bw=51,experts=[1,2,3,5,7]; c17:bw=63,experts=[1,2,4,5,6,7]; c40:bw=10,experts=[1]; c30:bw=40,experts=[1,3,4,5]; c10:bw=49,experts=[1,2,3,6]; c46:bw=37,experts=[3,5,7]; c23:bw=22,experts=[1,5]; c18:bw=13,experts=[4]; c25:bw=49,experts=[0,3,4,6]; c48:bw=55,experts=[1,4,5,6,7]; c49:bw=41,experts=[0,2,3,7]; c39:bw=42,experts=[1,2,3,4]; c28:bw=42,experts=[1,2,3,6]; c3:bw=40,experts=[2,3,6,7]; c14:bw=42,experts=[0,1,2,4]; c27:bw=46,experts=[1,2,3,5]; c24:bw=41,experts=[0,1,3,6]; c20:bw=20,experts=[5,6]; c34:bw=24,experts=[4,6]; c26:bw=63,experts=[1,2,3,4,6,7]; c9:bw=35,experts=[1,5,7]; c16:bw=24,experts=[4,6]; c37:bw=50,experts=[1,2,3,5,7]; c5:bw=52,experts=[1,2,3,4,5]; c47:bw=22,experts=[1,4]; c31:bw=32,experts=[3,5,6]; c41:bw=59,experts=[0,1,3,5,7]; c45:bw=45,experts=[0,1,3,5]; c44:bw=48,experts=[0,2,5,7]; c8:bw=23,experts=[5,6]","0.6390,0.9596,0.7730,0.8349,0.7607,1.3296,0.8176,0.6248,0.8840,0.9544,0.7799,1.2041,0.4317,1.0457,1.4382,1.1995,1.2140,1.1953,0.6254,0.6468,0.9588,0.8182,1.0371,1.0753,0.9305,0.7685,1.1953,0.9648,1.9614,0.6403,2.5484,1.0258,0.8214,1.0639,1.3320,1.1051,0.7416,1.2052,0.8306,1.2064,1.0321,1.6125,0.7967,1.5251,0.6761,1.1568,0.4355,1.5381,0.7170,0.7525"
92,2026-09-24 00:35:02,Ours,0.01,2.322135924222764,44.72,44.72,92,52.5417,0:52.54,50.7185,0.6393,1.1789,4872.0427,1:21:12.04,50,"48,27,22,13,25,38,39,41,31,40,14,23,42,11,19,3,34,30,46,1,20,44,32,4,21,36,33,6,24,49,5,28,8,16,7,26,0,43,45,2,12,35,18,37,47,9,29,17,15,10",48:54;27:63;22:44;13:17;25:30;38:24;39:49;41:50;31:49;40:10;14:30;23:19;42:36;11:15;19:54;3:28;34:27;30:51;46:35;1:20;20:56;44:10;32:20;4:26;21:57;36:60;33:10;6:45;24:33;49:12;5:66;28:40;8:19;16:14;7:34;26:46;0:29;43:42;45:60;2:25;12:48;35:24;18:37;37:19;47:61;9:56;29:35;17:32;15:19;10:37,"48:[0,2,4,5,6];27:[0,1,3,4,5,7];22:[1,2,4,7];13:[7];25:[4,6,7];38:[4,7];39:[0,2,3,7];41:[1,2,3,4,6];31:[1,3,4,6];40:[0];14:[3,5,6];23:[0];42:[1,3,6];11:[0];19:[1,2,3,4,5];3:[1,2];34:[2,7];30:[0,1,2,6,7];46:[1,2,7];1:[5,6];20:[1,3,4,6,7];44:[4];32:[4,6];4:[0,1];21:[1,2,3,5,7];36:[1,2,3,4,5,7];33:[0];6:[2,3,6,7];24:[0,3,7];49:[5];5:[0,1,2,3,4,7];28:[2,3,4,5];8:[4];16:[0];7:[2,4,6];26:[3,5,6,7];0:[4,7];43:[0,1,4,7];45:[0,1,2,3,4,7];2:[0,5];12:[1,2,3,7];35:[1,4];18:[1,3,6];37:[0];47:[0,1,3,5,6,7];9:[2,3,4,6,7];29:[1,2,6];17:[0,2,7];15:[7];10:[0,3,4]","c48:bw=54,experts=[0,2,4,5,6]; c27:bw=63,experts=[0,1,3,4,5,7]; c22:bw=44,experts=[1,2,4,7]; c13:bw=17,experts=[7]; c25:bw=30,experts=[4,6,7]; c38:bw=24,experts=[4,7]; c39:bw=49,experts=[0,2,3,7]; c41:bw=50,experts=[1,2,3,4,6]; c31:bw=49,experts=[1,3,4,6]; c40:bw=10,experts=[0]; c14:bw=30,experts=[3,5,6]; c23:bw=19,experts=[0]; c42:bw=36,experts=[1,3,6]; c11:bw=15,experts=[0]; c19:bw=54,experts=[1,2,3,4,5]; c3:bw=28,experts=[1,2]; c34:bw=27,experts=[2,7]; c30:bw=51,experts=[0,1,2,6,7]; c46:bw=35,experts=[1,2,7]; c1:bw=20,experts=[5,6]; c20:bw=56,experts=[1,3,4,6,7]; c44:bw=10,experts=[4]; c32:bw=20,experts=[4,6]; c4:bw=26,experts=[0,1]; c21:bw=57,experts=[1,2,3,5,7]; c36:bw=60,experts=[1,2,3,4,5,7]; c33:bw=10,experts=[0]; c6:bw=45,experts=[2,3,6,7]; c24:bw=33,experts=[0,3,7]; c49:bw=12,experts=[5]; c5:bw=66,experts=[0,1,2,3,4,7]; c28:bw=40,experts=[2,3,4,5]; c8:bw=19,experts=[4]; c16:bw=14,experts=[0]; c7:bw=34,experts=[2,4,6]; c26:bw=46,experts=[3,5,6,7]; c0:bw=29,experts=[4,7]; c43:bw=42,experts=[0,1,4,7]; c45:bw=60,experts=[0,1,2,3,4,7]; c2:bw=25,experts=[0,5]; c12:bw=48,experts=[1,2,3,7]; c35:bw=24,experts=[1,4]; c18:bw=37,experts=[1,3,6]; c37:bw=19,experts=[0]; c47:bw=61,experts=[0,1,3,5,6,7]; c9:bw=56,experts=[2,3,4,6,7]; c29:bw=35,experts=[1,2,6]; c17:bw=32,experts=[0,2,7]; c15:bw=19,experts=[7]; c10:bw=37,experts=[0,3,4]","0.6542,1.1410,1.3173,0.7712,1.9529,0.6413,1.0373,0.4365,1.1569,1.0311,1.3370,1.2008,0.9593,0.7573,0.9654,1.0802,0.8473,1.0726,0.7679,0.9394,1.2034,0.7179,1.2151,1.1830,1.4245,0.7969,1.0396,1.1816,0.7352,2.5256,1.5318,0.8203,0.7664,1.5933,0.6252,1.1867,0.4220,0.8229,1.5724,0.6125,0.6343,0.8793,0.9580,0.8008,0.6675,1.0493,1.2023,0.7888,0.7614,0.9337"
93,2026-09-24 00:35:56,Ours,0.01,2.3264141462961,44.86,44.86,93,53.4947,0:53.49,51.7131,0.6406,1.1359,4925.5873,1:22:05.59,50,"47,1,24,5,16,8,10,7,26,31,30,25,21,15,41,29,32,33,11,22,39,34,46,35,18,19,44,12,48,49,17,36,45,9,4,28,20,38,40,43,37,13,2,0,14,27,3,23,42,6",47:61;1:47;24:50;5:10;16:46;8:10;10:15;7:22;26:61;31:55;30:50;25:52;21:34;15:36;41:10;29:47;32:47;33:32;11:32;22:14;39:23;34:41;46:59;35:33;18:23;19:39;44:35;12:52;48:55;49:48;17:32;36:50;45:49;9:58;4:32;28:47;20:57;38:10;40:29;43:10;37:59;13:63;2:51;0:19;14:25;27:39;3:31;23:22;42:10;6:22,"47:[0,1,2,3,4,5];1:[1,2,5,6];24:[3,4,5,6,7];5:[6];16:[0,3,6,7];8:[6];10:[5];7:[2,5];26:[1,2,4,5,6,7];31:[0,2,5,6,7];30:[1,4,5,6,7];25:[0,2,5,6,7];21:[2,3,7];15:[1,2,6];41:[6];29:[0,1,5,7];32:[0,1,2,3];33:[1,3,4];11:[1,3,4];22:[4];39:[4,5];34:[0,3,6,7];46:[0,2,3,5,6];35:[0,3,6];18:[2,4];19:[1,3,5];44:[2,3,7];12:[0,2,4,5,7];48:[1,2,3,4,5];49:[4,5,6,7];17:[0,2,4];36:[0,1,2,3,5];45:[0,1,4,5];9:[1,2,3,4,6];4:[1,2,4];28:[0,1,4,7];20:[0,1,4,5,7];38:[4];40:[2,7];43:[1];37:[0,1,2,3,6];13:[1,3,4,5,6,7];2:[3,4,5,6,7];0:[7];14:[0,2];27:[2,3,7];3:[0,2,5];23:[6,7];42:[6];6:[2,5]","c47:bw=61,experts=[0,1,2,3,4,5]; c1:bw=47,experts=[1,2,5,6]; c24:bw=50,experts=[3,4,5,6,7]; c5:bw=10,experts=[6]; c16:bw=46,experts=[0,3,6,7]; c8:bw=10,experts=[6]; c10:bw=15,experts=[5]; c7:bw=22,experts=[2,5]; c26:bw=61,experts=[1,2,4,5,6,7]; c31:bw=55,experts=[0,2,5,6,7]; c30:bw=50,experts=[1,4,5,6,7]; c25:bw=52,experts=[0,2,5,6,7]; c21:bw=34,experts=[2,3,7]; c15:bw=36,experts=[1,2,6]; c41:bw=10,experts=[6]; c29:bw=47,experts=[0,1,5,7]; c32:bw=47,experts=[0,1,2,3]; c33:bw=32,experts=[1,3,4]; c11:bw=32,experts=[1,3,4]; c22:bw=14,experts=[4]; c39:bw=23,experts=[4,5]; c34:bw=41,experts=[0,3,6,7]; c46:bw=59,experts=[0,2,3,5,6]; c35:bw=33,experts=[0,3,6]; c18:bw=23,experts=[2,4]; c19:bw=39,experts=[1,3,5]; c44:bw=35,experts=[2,3,7]; c12:bw=52,experts=[0,2,4,5,7]; c48:bw=55,experts=[1,2,3,4,5]; c49:bw=48,experts=[4,5,6,7]; c17:bw=32,experts=[0,2,4]; c36:bw=50,experts=[0,1,2,3,5]; c45:bw=49,experts=[0,1,4,5]; c9:bw=58,experts=[1,2,3,4,6]; c4:bw=32,experts=[1,2,4]; c28:bw=47,experts=[0,1,4,7]; c20:bw=57,experts=[0,1,4,5,7]; c38:bw=10,experts=[4]; c40:bw=29,experts=[2,7]; c43:bw=10,experts=[1]; c37:bw=59,experts=[0,1,2,3,6]; c13:bw=63,experts=[1,3,4,5,6,7]; c2:bw=51,experts=[3,4,5,6,7]; c0:bw=19,experts=[7]; c14:bw=25,experts=[0,2]; c27:bw=39,experts=[2,3,7]; c3:bw=31,experts=[0,2,5]; c23:bw=22,experts=[6,7]; c42:bw=10,experts=[6]; c6:bw=22,experts=[2,5]","0.6778,0.9374,0.7542,1.5489,1.6397,0.7700,0.9265,0.6174,1.2228,1.1598,1.0818,1.9812,1.4972,0.7793,0.4359,1.2159,1.2111,1.0465,0.7562,1.2996,1.0264,0.8382,0.7720,0.8770,0.9573,0.9507,0.7069,0.6443,0.6616,2.6157,0.8068,0.8011,1.5740,1.0334,1.1862,0.8370,1.2059,0.6356,1.2548,1.1230,0.9756,0.8050,0.6246,0.4226,1.3162,1.1087,1.0720,1.1894,0.9555,1.1768"
94,2026-09-24 00:36:48,Ours,0.01,2.3133497573015815,45.26,45.26,94,52.5719,0:52.57,50.7813,0.6451,1.1404,4978.2084,1:22:58.21,50,"18,36,48,23,6,33,35,3,25,17,37,9,10,27,24,30,0,45,5,49,1,20,7,26,43,31,32,47,14,19,13,12,39,28,8,46,29,2,15,42,11,16,22,41,4,40,21,38,34,44",18:47;36:68;48:44;23:38;6:30;33:59;35:15;3:34;25:18;17:12;37:49;9:50;10:61;27:26;24:39;30:60;0:55;45:51;5:41;49:23;1:70;20:10;7:45;26:55;43:41;31:46;32:37;47:43;14:38;19:48;13:44;12:14;39:20;28:60;8:10;46:36;29:10;2:65;15:40;42:11;11:48;16:28;22:52;41:18;4:31;40:55;21:30;38:37;34:53;44:62,"18:[3,4,6,7];36:[1,2,4,5,6,7];48:[0,3,6,7];23:[1,2,7];6:[0,1,4];33:[1,2,5,6,7];35:[1];3:[2,4,6];25:[6];17:[1];37:[2,3,5,7];9:[0,1,2,3,4];10:[0,2,3,4,6,7];27:[0,4];24:[2,6,7];30:[0,2,4,5,6,7];0:[0,1,5,6,7];45:[0,2,4,6,7];5:[0,1,3,5];49:[0,3];1:[0,1,2,3,4,5,7];20:[1];7:[1,2,3,5];26:[0,1,2,3,4];43:[2,3,5,6];31:[0,2,4,7];32:[0,5,6];47:[0,2,6,7];14:[0,1,2];19:[0,1,3,5];13:[2,3,5,7];12:[0];39:[0,2];28:[1,2,3,4,5,7];8:[1];46:[0,6,7];29:[0];2:[0,2,3,4,5,6];15:[0,3,4,6];42:[2];11:[3,4,5,7];16:[2,5];22:[0,4,5,6,7];41:[7];4:[0,2,7];40:[1,2,3,6,7];21:[3,5,7];38:[1,5,7];34:[0,1,3,4,6];44:[0,1,2,4,6,7]","c18:bw=47,experts=[3,4,6,7]; c36:bw=68,experts=[1,2,4,5,6,7]; c48:bw=44,experts=[0,3,6,7]; c23:bw=38,experts=[1,2,7]; c6:bw=30,experts=[0,1,4]; c33:bw=59,experts=[1,2,5,6,7]; c35:bw=15,experts=[1]; c3:bw=34,experts=[2,4,6]; c25:bw=18,experts=[6]; c17:bw=12,experts=[1]; c37:bw=49,experts=[2,3,5,7]; c9:bw=50,experts=[0,1,2,3,4]; c10:bw=61,experts=[0,2,3,4,6,7]; c27:bw=26,experts=[0,4]; c24:bw=39,experts=[2,6,7]; c30:bw=60,experts=[0,2,4,5,6,7]; c0:bw=55,experts=[0,1,5,6,7]; c45:bw=51,experts=[0,2,4,6,7]; c5:bw=41,experts=[0,1,3,5]; c49:bw=23,experts=[0,3]; c1:bw=70,experts=[0,1,2,3,4,5,7]; c20:bw=10,experts=[1]; c7:bw=45,experts=[1,2,3,5]; c26:bw=55,experts=[0,1,2,3,4]; c43:bw=41,experts=[2,3,5,6]; c31:bw=46,experts=[0,2,4,7]; c32:bw=37,experts=[0,5,6]; c47:bw=43,experts=[0,2,6,7]; c14:bw=38,experts=[0,1,2]; c19:bw=48,experts=[0,1,3,5]; c13:bw=44,experts=[2,3,5,7]; c12:bw=14,experts=[0]; c39:bw=20,experts=[0,2]; c28:bw=60,experts=[1,2,3,4,5,7]; c8:bw=10,experts=[1]; c46:bw=36,experts=[0,6,7]; c29:bw=10,experts=[0]; c2:bw=65,experts=[0,2,3,4,5,6]; c15:bw=40,experts=[0,3,4,6]; c42:bw=11,experts=[2]; c11:bw=48,experts=[3,4,5,7]; c16:bw=28,experts=[2,5]; c22:bw=52,experts=[0,4,5,6,7]; c41:bw=18,experts=[7]; c4:bw=31,experts=[0,2,7]; c40:bw=55,experts=[1,2,3,6,7]; c21:bw=30,experts=[3,5,7]; c38:bw=37,experts=[1,5,7]; c34:bw=53,experts=[0,1,3,4,6]; c44:bw=62,experts=[0,1,2,4,6,7]","0.9769,0.7944,0.6432,1.1927,1.2061,1.0591,0.8758,1.0796,1.9673,0.8037,0.8098,1.0545,0.9422,1.1371,0.7390,1.0726,0.4383,1.5733,1.5384,2.5506,0.9335,1.2199,0.6161,1.1983,0.8123,1.1453,1.1984,0.6753,1.3212,0.9463,0.7571,0.6358,1.0180,0.8252,0.7547,0.7686,1.1918,0.6169,0.7694,0.9567,0.7573,1.6972,1.3049,0.4278,1.1815,1.0262,1.4037,0.6248,0.8320,0.7104"
95,2026-09-24 00:37:41,Ours,0.01,2.2922070848471146,44.86,45.26,94,52.65,0:52.65,50.8676,0.6396,1.1377,5030.9094,1:23:50.91,50,"29,3,10,43,11,24,41,5,13,49,17,26,30,36,19,37,22,4,25,31,44,6,20,16,45,39,48,15,34,1,35,21,12,33,28,0,9,2,47,40,32,8,42,7,23,27,14,18,46,38",29:48;3:41;10:42;43:51;11:10;24:33;41:45;5:10;13:59;49:41;17:47;26:28;30:67;36:39;19:42;37:56;22:10;4:15;25:36;31:23;44:33;6:40;20:56;16:24;45:43;39:56;48:33;15:34;34:67;1:31;35:47;21:46;12:10;33:52;28:30;0:35;9:42;2:23;47:31;40:42;32:37;8:76;42:56;7:59;23:32;27:10;14:49;18:28;46:14;38:50,"29:[1,4,5,7];3:[0,1,2,3];10:[0,2,3,5];43:[0,1,3,4,6];11:[7];24:[1,5,6];41:[1,2,4,6];5:[5];13:[0,2,4,6,7];49:[2,4,5,7];17:[2,3,4,7];26:[0,4];30:[0,1,2,3,6,7];36:[2,5,6];19:[0,2,5,7];37:[0,1,3,5,7];22:[1];4:[4];25:[0,4,6];31:[0,3];44:[1,2,3];6:[0,1,3,7];20:[1,2,4,5,7];16:[0,3];45:[0,4,5,7];39:[1,2,4,5,7];48:[1,4,7];15:[1,4,5];34:[1,2,4,5,6,7];1:[2,4,6];35:[1,3,5,7];21:[0,1,3,4];12:[2];33:[1,2,3,5,6];28:[4,5,7];0:[1,3,5];9:[1,3,4,7];2:[3,6];47:[0,1,7];40:[2,3,4,7];32:[0,2,5];8:[0,1,2,3,4,5,6];42:[0,2,3,6,7];7:[1,2,3,4,5];23:[0,5,6];27:[1];14:[0,5,6,7];18:[3,7];46:[6];38:[1,3,4,5,7]","c29:bw=48,experts=[1,4,5,7]; c3:bw=41,experts=[0,1,2,3]; c10:bw=42,experts=[0,2,3,5]; c43:bw=51,experts=[0,1,3,4,6]; c11:bw=10,experts=[7]; c24:bw=33,experts=[1,5,6]; c41:bw=45,experts=[1,2,4,6]; c5:bw=10,experts=[5]; c13:bw=59,experts=[0,2,4,6,7]; c49:bw=41,experts=[2,4,5,7]; c17:bw=47,experts=[2,3,4,7]; c26:bw=28,experts=[0,4]; c30:bw=67,experts=[0,1,2,3,6,7]; c36:bw=39,experts=[2,5,6]; c19:bw=42,experts=[0,2,5,7]; c37:bw=56,experts=[0,1,3,5,7]; c22:bw=10,experts=[1]; c4:bw=15,experts=[4]; c25:bw=36,experts=[0,4,6]; c31:bw=23,experts=[0,3]; c44:bw=33,experts=[1,2,3]; c6:bw=40,experts=[0,1,3,7]; c20:bw=56,experts=[1,2,4,5,7]; c16:bw=24,experts=[0,3]; c45:bw=43,experts=[0,4,5,7]; c39:bw=56,experts=[1,2,4,5,7]; c48:bw=33,experts=[1,4,7]; c15:bw=34,experts=[1,4,5]; c34:bw=67,experts=[1,2,4,5,6,7]; c1:bw=31,experts=[2,4,6]; c35:bw=47,experts=[1,3,5,7]; c21:bw=46,experts=[0,1,3,4]; c12:bw=10,experts=[2]; c33:bw=52,experts=[1,2,3,5,6]; c28:bw=30,experts=[4,5,7]; c0:bw=35,experts=[1,3,5]; c9:bw=42,experts=[1,3,4,7]; c2:bw=23,experts=[3,6]; c47:bw=31,experts=[0,1,7]; c40:bw=42,experts=[2,3,4,7]; c32:bw=37,experts=[0,2,5]; c8:bw=76,experts=[0,1,2,3,4,5,6]; c42:bw=56,experts=[0,2,3,6,7]; c7:bw=59,experts=[1,2,3,4,5]; c23:bw=32,experts=[0,5,6]; c27:bw=10,experts=[1]; c14:bw=49,experts=[0,5,6,7]; c18:bw=28,experts=[3,7]; c46:bw=14,experts=[6]; c38:bw=50,experts=[1,3,4,5,7]","1.2268,1.0754,0.9302,0.8430,0.7621,0.7416,0.4396,1.5515,0.7782,2.5813,0.8152,1.2105,1.0792,0.8231,0.9661,0.8145,1.3293,1.1825,1.9607,1.1439,0.7117,1.1971,1.2312,1.6268,1.5736,1.0238,0.6374,0.7741,0.8367,0.9446,0.8763,1.4187,0.6391,1.0396,0.8215,0.4276,1.0345,0.6108,0.6773,1.0188,1.1886,0.7679,0.9578,0.6221,1.1819,1.1012,1.3180,0.9524,0.7647,0.6372"
96,2026-09-24 00:38:34,Ours,0.01,2.2611541263639254,45.69,45.69,96,53.0971,0:53.10,51.2279,0.6807,1.1829,5084.0567,1:24:44.06,50,"47,26,22,9,43,36,19,4,40,45,29,16,3,38,30,34,11,5,23,46,37,32,17,7,35,20,10,2,49,12,41,1,33,18,39,13,6,44,21,48,0,8,27,24,15,25,31,42,28,14",47:28;26:60;22:55;9:44;43:33;36:55;19:38;4:49;40:58;45:43;29:55;16:72;3:46;38:54;30:55;34:56;11:44;5:60;23:27;46:38;37:57;32:54;17:35;7:50;35:14;20:37;10:53;2:65;49:40;12:71;41:10;1:36;33:49;18:29;39:36;13:55;6:31;44:13;21:17;48:35;0:36;8:64;27:43;24:45;15:78;25:29;31:39;42:10;28:38;14:10,"47:[1,2];26:[1,2,3,4,5,6];22:[0,1,3,4,5];9:[1,3,4,6];43:[3,5,6];36:[1,2,3,4,6];19:[0,3,6];4:[1,4,6,7];40:[0,1,2,4,6];45:[0,1,3,5];29:[0,1,5,6,7];16:[0,1,2,4,5,6,7];3:[1,2,3,5];38:[2,4,5,6,7];30:[1,2,4,5,6];34:[0,3,4,5,7];11:[0,1,4,7];5:[2,3,4,5,6,7];23:[3,7];46:[0,6,7];37:[1,2,3,5,6];32:[1,4,5,6,7];17:[0,6,7];7:[2,3,4,5,7];35:[1];20:[0,1,3];10:[1,3,4,6,7];2:[1,2,4,5,6,7];49:[1,2,5,7];12:[0,1,2,3,4,5,6];41:[7];1:[0,2,5];33:[0,1,4,7];18:[1,4];39:[2,4,6];13:[0,3,4,5,7];6:[1,5,7];44:[2];21:[5];48:[0,4,6];0:[2,4,7];8:[1,2,3,4,6,7];27:[1,3,4,7];24:[1,2,3,6];15:[0,1,2,4,5,6,7];25:[1,6];31:[2,3,7];42:[2];28:[1,3,6];14:[3]","c47:bw=28,experts=[1,2]; c26:bw=60,experts=[1,2,3,4,5,6]; c22:bw=55,experts=[0,1,3,4,5]; c9:bw=44,experts=[1,3,4,6]; c43:bw=33,experts=[3,5,6]; c36:bw=55,experts=[1,2,3,4,6]; c19:bw=38,experts=[0,3,6]; c4:bw=49,experts=[1,4,6,7]; c40:bw=58,experts=[0,1,2,4,6]; c45:bw=43,experts=[0,1,3,5]; c29:bw=55,experts=[0,1,5,6,7]; c16:bw=72,experts=[0,1,2,4,5,6,7]; c3:bw=46,experts=[1,2,3,5]; c38:bw=54,experts=[2,4,5,6,7]; c30:bw=55,experts=[1,2,4,5,6]; c34:bw=56,experts=[0,3,4,5,7]; c11:bw=44,experts=[0,1,4,7]; c5:bw=60,experts=[2,3,4,5,6,7]; c23:bw=27,experts=[3,7]; c46:bw=38,experts=[0,6,7]; c37:bw=57,experts=[1,2,3,5,6]; c32:bw=54,experts=[1,4,5,6,7]; c17:bw=35,experts=[0,6,7]; c7:bw=50,experts=[2,3,4,5,7]; c35:bw=14,experts=[1]; c20:bw=37,experts=[0,1,3]; c10:bw=53,experts=[1,3,4,6,7]; c2:bw=65,experts=[1,2,4,5,6,7]; c49:bw=40,experts=[1,2,5,7]; c12:bw=71,experts=[0,1,2,3,4,5,6]; c41:bw=10,experts=[7]; c1:bw=36,experts=[0,2,5]; c33:bw=49,experts=[0,1,4,7]; c18:bw=29,experts=[1,4]; c39:bw=36,experts=[2,4,6]; c13:bw=55,experts=[0,3,4,5,7]; c6:bw=31,experts=[1,5,7]; c44:bw=13,experts=[2]; c21:bw=17,experts=[5]; c48:bw=35,experts=[0,4,6]; c0:bw=36,experts=[2,4,7]; c8:bw=64,experts=[1,2,3,4,6,7]; c27:bw=43,experts=[1,3,4,7]; c24:bw=45,experts=[1,2,3,6]; c15:bw=78,experts=[0,1,2,4,5,6,7]; c25:bw=29,experts=[1,6]; c31:bw=39,experts=[2,3,7]; c42:bw=10,experts=[2]; c28:bw=38,experts=[1,3,6]; c14:bw=10,experts=[3]","0.6783,1.1999,1.3364,1.0599,0.8348,0.8050,0.9607,1.1989,1.0390,1.5612,1.2118,1.6380,1.0821,0.6477,1.0803,0.8500,0.7581,1.5566,1.1979,0.7702,0.8103,1.2219,0.8036,0.6248,0.8891,1.2161,0.9383,0.6249,2.5309,0.6414,0.4282,0.9295,1.0515,0.9547,1.0968,0.7679,1.1711,0.7102,1.4043,0.6381,0.4296,0.7522,1.1221,0.7348,0.7704,2.0654,1.2041,0.9937,0.8630,1.3724"
97,2026-09-24 00:39:27,Ours,0.01,2.2922511859223764,44.75,45.69,96,52.9798,0:52.98,51.1612,0.6407,1.1727,5137.0862,1:25:37.09,50,"37,22,44,9,42,0,35,36,5,21,17,47,11,49,20,43,16,6,12,25,4,33,7,40,24,15,14,23,46,34,32,38,27,8,1,29,26,31,30,10,3,39,13,45,18,2,48,41,28,19",37:30;22:32;44:22;9:43;42:52;0:41;35:12;36:42;5:46;21:35;17:54;47:66;11:22;49:29;20:42;43:48;16:54;6:50;12:13;25:44;4:16;33:50;7:30;40:42;24:46;15:59;14:23;23:10;46:43;34:23;32:21;38:50;27:34;8:43;1:50;29:33;26:71;31:50;30:50;10:51;3:35;39:45;13:51;45:61;18:70;2:54;48:21;41:43;28:20;19:30,"37:[1,2,6];22:[0,1,6];44:[5,7];9:[0,2,4,5];42:[0,1,2,4,6];0:[0,3,4,5];35:[6];36:[2,5,6,7];5:[0,2,4,6];21:[1,5,7];17:[2,3,4,5,7];47:[0,2,3,4,6,7];11:[0,2];49:[5,7];20:[0,3,4,5];43:[0,1,2,7];16:[0,1,2,3,6];6:[1,2,5,6,7];12:[5];25:[3,4,5,7];4:[2];33:[0,3,5,6,7];7:[0,4,5];40:[0,1,5,6];24:[0,3,5,6];15:[0,1,3,6,7];14:[1,3];23:[2];46:[1,2,6,7];34:[0,2];32:[1,2];38:[0,1,2,3,5];27:[3,5,7];8:[1,4,5,7];1:[2,3,4,5,6];29:[0,6,7];26:[0,1,2,4,5,6,7];31:[0,4,5,6,7];30:[0,3,4,6,7];10:[0,1,3,5,7];3:[1,2,5];39:[0,2,6,7];13:[0,1,2,4,6];45:[1,2,3,4,5,7];18:[0,1,2,3,5,6,7];2:[1,2,4,6,7];48:[1,6];41:[1,2,3,4];28:[0,2];19:[1,2,4]","c37:bw=30,experts=[1,2,6]; c22:bw=32,experts=[0,1,6]; c44:bw=22,experts=[5,7]; c9:bw=43,experts=[0,2,4,5]; c42:bw=52,experts=[0,1,2,4,6]; c0:bw=41,experts=[0,3,4,5]; c35:bw=12,experts=[6]; c36:bw=42,experts=[2,5,6,7]; c5:bw=46,experts=[0,2,4,6]; c21:bw=35,experts=[1,5,7]; c17:bw=54,experts=[2,3,4,5,7]; c47:bw=66,experts=[0,2,3,4,6,7]; c11:bw=22,experts=[0,2]; c49:bw=29,experts=[5,7]; c20:bw=42,experts=[0,3,4,5]; c43:bw=48,experts=[0,1,2,7]; c16:bw=54,experts=[0,1,2,3,6]; c6:bw=50,experts=[1,2,5,6,7]; c12:bw=13,experts=[5]; c25:bw=44,experts=[3,4,5,7]; c4:bw=16,experts=[2]; c33:bw=50,experts=[0,3,5,6,7]; c7:bw=30,experts=[0,4,5]; c40:bw=42,experts=[0,1,5,6]; c24:bw=46,experts=[0,3,5,6]; c15:bw=59,experts=[0,1,3,6,7]; c14:bw=23,experts=[1,3]; c23:bw=10,experts=[2]; c46:bw=43,experts=[1,2,6,7]; c34:bw=23,experts=[0,2]; c32:bw=21,experts=[1,2]; c38:bw=50,experts=[0,1,2,3,5]; c27:bw=34,experts=[3,5,7]; c8:bw=43,experts=[1,4,5,7]; c1:bw=50,experts=[2,3,4,5,6]; c29:bw=33,experts=[0,6,7]; c26:bw=71,experts=[0,1,2,4,5,6,7]; c31:bw=50,experts=[0,4,5,6,7]; c30:bw=50,experts=[0,3,4,6,7]; c10:bw=51,experts=[0,1,3,5,7]; c3:bw=35,experts=[1,2,5]; c39:bw=45,experts=[0,2,6,7]; c13:bw=51,experts=[0,1,2,4,6]; c45:bw=61,experts=[1,2,3,4,5,7]; c18:bw=70,experts=[0,1,2,3,5,6,7]; c2:bw=54,experts=[1,2,4,6,7]; c48:bw=21,experts=[1,6]; c41:bw=43,experts=[1,2,3,4]; c28:bw=20,experts=[0,2]; c19:bw=30,experts=[1,2,4]","0.8593,1.3936,0.7514,1.0976,0.9985,0.4478,0.9249,0.8268,1.5902,1.4119,0.8048,0.6838,0.7625,2.5652,1.2165,0.8265,1.6462,1.1970,0.6887,1.9576,1.1807,1.0645,0.6257,1.0406,0.7403,0.7772,1.3194,1.1773,0.7664,0.8405,1.1927,0.6345,1.1206,0.7557,0.9287,1.2060,1.1912,1.1317,1.0639,0.9253,1.0679,1.0252,0.7666,1.5730,0.9562,0.6186,0.6347,0.4319,0.8104,0.9426"
98,2026-09-24 00:40:20,Ours,0.01,2.2589821771619665,45.61,45.69,96,52.7623,0:52.76,50.9599,0.6431,1.1543,5189.8985,1:26:29.90,50,"8,24,23,40,31,20,28,48,6,3,33,34,4,26,43,13,0,19,47,2,32,5,30,27,22,18,35,17,38,25,16,44,14,42,9,45,37,29,1,39,7,15,10,12,46,11,49,21,36,41",8:54;24:48;23:40;40:34;31:42;20:36;28:52;48:55;6:36;3:25;33:46;34:67;4:52;26:54;43:51;13:31;0:33;19:45;47:26;2:24;32:58;5:49;30:39;27:41;22:34;18:32;35:22;17:17;38:43;25:55;16:41;44:51;14:67;42:72;9:27;45:37;37:47;29:47;1:26;39:56;7:24;15:17;10:45;12:16;46:73;11:10;49:24;21:22;36:46;41:72,"8:[0,4,5,6,7];24:[3,4,5,6];23:[0,2,5,6];40:[1,3,7];31:[1,3,5,7];20:[3,4,5];28:[1,3,4,6,7];48:[0,3,5,6,7];6:[1,2,3];3:[4,6];33:[2,4,5,6];34:[0,2,3,5,6,7];4:[0,1,3,4,7];26:[1,3,5,6,7];43:[0,1,3,4,5];13:[1,5,7];0:[0,1,5];19:[0,1,4,7];47:[0,3];2:[1,3];32:[2,3,4,5,6];5:[0,3,5,7];30:[0,3,7];27:[2,3,4,6];22:[4,5,6];18:[3,4,6];35:[2,4];17:[4];38:[0,3,5,6];25:[1,2,3,5,6];16:[1,3,6,7];44:[1,4,5,6,7];14:[0,2,3,4,5,6];42:[0,1,2,4,5,6,7];9:[0,2];45:[0,1,2];37:[0,1,5,6];29:[0,1,3,4];1:[0,4];39:[0,1,3,5,7];7:[1,6];15:[0];10:[0,1,4,7];12:[3];46:[0,1,2,3,4,6,7];11:[4];49:[1,3];21:[1,6];36:[1,2,3,4];41:[0,1,2,4,5,6,7]","c8:bw=54,experts=[0,4,5,6,7]; c24:bw=48,experts=[3,4,5,6]; c23:bw=40,experts=[0,2,5,6]; c40:bw=34,experts=[1,3,7]; c31:bw=42,experts=[1,3,5,7]; c20:bw=36,experts=[3,4,5]; c28:bw=52,experts=[1,3,4,6,7]; c48:bw=55,experts=[0,3,5,6,7]; c6:bw=36,experts=[1,2,3]; c3:bw=25,experts=[4,6]; c33:bw=46,experts=[2,4,5,6]; c34:bw=67,experts=[0,2,3,5,6,7]; c4:bw=52,experts=[0,1,3,4,7]; c26:bw=54,experts=[1,3,5,6,7]; c43:bw=51,experts=[0,1,3,4,5]; c13:bw=31,experts=[1,5,7]; c0:bw=33,experts=[0,1,5]; c19:bw=45,experts=[0,1,4,7]; c47:bw=26,experts=[0,3]; c2:bw=24,experts=[1,3]; c32:bw=58,experts=[2,3,4,5,6]; c5:bw=49,experts=[0,3,5,7]; c30:bw=39,experts=[0,3,7]; c27:bw=41,experts=[2,3,4,6]; c22:bw=34,experts=[4,5,6]; c18:bw=32,experts=[3,4,6]; c35:bw=22,experts=[2,4]; c17:bw=17,experts=[4]; c38:bw=43,experts=[0,3,5,6]; c25:bw=55,experts=[1,2,3,5,6]; c16:bw=41,experts=[1,3,6,7]; c44:bw=51,experts=[1,4,5,6,7]; c14:bw=67,experts=[0,2,3,4,5,6]; c42:bw=72,experts=[0,1,2,4,5,6,7]; c9:bw=27,experts=[0,2]; c45:bw=37,experts=[0,1,2]; c37:bw=47,experts=[0,1,5,6]; c29:bw=47,experts=[0,1,3,4]; c1:bw=26,experts=[0,4]; c39:bw=56,experts=[0,1,3,5,7]; c7:bw=24,experts=[1,6]; c15:bw=17,experts=[0]; c10:bw=45,experts=[0,1,4,7]; c12:bw=16,experts=[3]; c46:bw=73,experts=[0,1,2,3,4,6,7]; c11:bw=10,experts=[4]; c49:bw=24,experts=[1,3]; c21:bw=22,experts=[1,6]; c36:bw=46,experts=[1,2,3,4]; c41:bw=72,experts=[0,1,2,4,5,6,7]","0.7724,0.7541,1.2125,1.0355,1.1553,1.2191,0.8370,0.6500,1.1940,1.0965,1.0661,0.8505,1.1921,1.2098,0.8430,0.7767,0.4321,0.9726,0.6807,0.6159,1.2241,1.5365,1.0666,1.1290,1.3220,0.9733,0.8815,0.8044,0.6353,1.9748,1.6107,0.7120,1.3967,0.9618,1.0392,1.5448,0.8020,1.2066,0.9401,1.0177,0.6225,0.7637,0.9249,0.6255,0.7625,0.7510,2.5293,1.4031,0.7957,0.4363"
99,2026-09-24 00:41:13,Ours,0.01,2.3291598529065274,43.96,45.69,96,52.7499,0:52.75,50.9356,0.6491,1.16,5242.7,1:27:22.70,50,"16,44,9,25,35,38,8,43,2,3,33,45,18,40,10,39,1,28,26,12,22,6,41,29,30,24,37,15,17,13,48,42,4,14,34,31,20,49,21,46,0,7,27,32,11,47,36,19,23,5",16:34;44:36;9:20;25:27;35:63;38:21;8:34;43:26;2:31;3:38;33:16;45:33;18:55;40:55;10:11;39:40;1:59;28:28;26:18;12:34;22:18;6:35;41:37;29:57;30:36;24:42;37:58;15:47;17:43;13:25;48:45;42:10;4:24;14:33;34:56;31:36;20:26;49:10;21:56;46:21;0:40;7:45;27:10;32:10;11:10;47:59;36:46;19:48;23:33;5:49,"16:[0,1,7];44:[4,5,6];9:[1,2];25:[1,3];35:[0,2,3,5,6,7];38:[1,6];8:[2,6,7];43:[3,4];2:[0,4,6];3:[0,4,5];33:[5];45:[2,5,6];18:[0,1,2,4,6];40:[0,1,2,3,6];10:[5];39:[0,2,3,6];1:[0,3,4,6,7];28:[0,3];26:[1];12:[2,5,7];22:[7];6:[1,4,5];41:[3,4,6];29:[1,2,5,6,7];30:[0,2,7];24:[0,5,6,7];37:[1,2,3,6,7];15:[0,2,3,6];17:[2,3,5,6];13:[2,7];48:[0,4,6,7];42:[1];4:[0,1];14:[1,2,5];34:[0,2,3,5,7];31:[2,4,7];20:[0,5];49:[7];21:[0,1,2,3,5];46:[0,5];0:[1,2,3,5];7:[0,3,4,5];27:[2];32:[3];11:[2];47:[0,1,3,4,7];36:[2,3,6,7];19:[1,5,6,7];23:[0,3,6];5:[1,2,5,6]","c16:bw=34,experts=[0,1,7]; c44:bw=36,experts=[4,5,6]; c9:bw=20,experts=[1,2]; c25:bw=27,experts=[1,3]; c35:bw=63,experts=[0,2,3,5,6,7]; c38:bw=21,experts=[1,6]; c8:bw=34,experts=[2,6,7]; c43:bw=26,experts=[3,4]; c2:bw=31,experts=[0,4,6]; c3:bw=38,experts=[0,4,5]; c33:bw=16,experts=[5]; c45:bw=33,experts=[2,5,6]; c18:bw=55,experts=[0,1,2,4,6]; c40:bw=55,experts=[0,1,2,3,6]; c10:bw=11,experts=[5]; c39:bw=40,experts=[0,2,3,6]; c1:bw=59,experts=[0,3,4,6,7]; c28:bw=28,experts=[0,3]; c26:bw=18,experts=[1]; c12:bw=34,experts=[2,5,7]; c22:bw=18,experts=[7]; c6:bw=35,experts=[1,4,5]; c41:bw=37,experts=[3,4,6]; c29:bw=57,experts=[1,2,5,6,7]; c30:bw=36,experts=[0,2,7]; c24:bw=42,experts=[0,5,6,7]; c37:bw=58,experts=[1,2,3,6,7]; c15:bw=47,experts=[0,2,3,6]; c17:bw=43,experts=[2,3,5,6]; c13:bw=25,experts=[2,7]; c48:bw=45,experts=[0,4,6,7]; c42:bw=10,experts=[1]; c4:bw=24,experts=[0,1]; c14:bw=33,experts=[1,2,5]; c34:bw=56,experts=[0,2,3,5,7]; c31:bw=36,experts=[2,4,7]; c20:bw=26,experts=[0,5]; c49:bw=10,experts=[7]; c21:bw=56,experts=[0,1,2,3,5]; c46:bw=21,experts=[0,5]; c0:bw=40,experts=[1,2,3,5]; c7:bw=45,experts=[0,3,4,5]; c27:bw=10,experts=[2]; c32:bw=10,experts=[3]; c11:bw=10,experts=[2]; c47:bw=59,experts=[0,1,3,4,7]; c36:bw=46,experts=[2,3,6,7]; c19:bw=48,experts=[1,5,6,7]; c23:bw=33,experts=[0,3,6]; c5:bw=49,experts=[1,2,5,6]","1.6242,0.7228,1.0541,1.9803,0.8923,0.6363,0.7760,0.8375,0.6286,1.0844,1.0619,1.5997,0.9892,1.0374,0.9347,1.0321,0.9555,0.8380,1.1863,0.6439,1.3304,1.2012,0.4383,1.2162,1.0657,0.7307,0.8042,0.7782,0.8047,0.7614,0.6398,0.9529,1.1830,1.3147,0.8326,1.1389,1.2149,2.5222,1.4198,0.7661,0.4277,0.6228,1.1286,1.2009,0.7528,0.6817,0.7994,0.9579,1.1942,1.5385"
100,2026-09-24 00:42:06,Ours,0.01,2.262467005210719,45.85,45.85,100,52.697,0:52.70,50.9011,0.6408,1.1501,5295.4496,1:28:15.45,50,"22,8,5,36,0,7,43,26,16,38,12,17,32,11,6,40,41,44,25,33,19,27,46,1,47,42,3,24,18,9,28,48,4,15,2,45,14,39,35,31,23,13,30,37,21,34,29,49,20,10",22:36;8:44;5:18;36:52;0:64;7:10;43:61;26:38;16:46;38:52;12:37;17:55;32:16;11:17;6:44;40:20;41:48;44:16;25:45;33:32;19:18;27:20;46:21;1:17;47:10;42:44;3:42;24:53;18:80;9:53;28:50;48:60;4:65;15:30;2:30;45:47;14:10;39:36;35:38;31:16;23:16;13:10;30:61;37:40;21:47;34:66;29:33;49:32;20:47;10:56,"22:[0,3,6];8:[0,1,2,4];5:[7];36:[0,3,4,6,7];0:[0,2,3,4,6,7];7:[7];43:[0,2,4,5,6,7];26:[1,4,5];16:[1,3,5,6];38:[1,2,3,5,7];12:[0,2,7];17:[0,1,5,6,7];32:[4];11:[1];6:[1,3,4,5];40:[6,7];41:[0,1,3,7];44:[3];25:[0,3,4,6];33:[1,5,6];19:[1];27:[0,2];46:[1,2];1:[6];47:[7];42:[0,3,5,6];3:[3,4,6,7];24:[1,2,4,5,6];18:[0,1,2,3,4,5,6,7];9:[0,1,3,5,6];28:[0,1,2,6,7];48:[0,1,3,5,6,7];4:[0,1,4,5,6,7];15:[2,3,5];2:[0,2,4];45:[0,4,6,7];14:[6];39:[0,1,5];35:[0,5,7];31:[3];23:[3];13:[5];30:[1,2,3,4,6,7];37:[2,3,6,7];21:[1,3,4,7];34:[0,1,3,4,5,7];29:[0,4,7];49:[3,5,6];20:[3,4,6,7];10:[2,3,4,5,6]","c22:bw=36,experts=[0,3,6]; c8:bw=44,experts=[0,1,2,4]; c5:bw=18,experts=[7]; c36:bw=52,experts=[0,3,4,6,7]; c0:bw=64,experts=[0,2,3,4,6,7]; c7:bw=10,experts=[7]; c43:bw=61,experts=[0,2,4,5,6,7]; c26:bw=38,experts=[1,4,5]; c16:bw=46,experts=[1,3,5,6]; c38:bw=52,experts=[1,2,3,5,7]; c12:bw=37,experts=[0,2,7]; c17:bw=55,experts=[0,1,5,6,7]; c32:bw=16,experts=[4]; c11:bw=17,experts=[1]; c6:bw=44,experts=[1,3,4,5]; c40:bw=20,experts=[6,7]; c41:bw=48,experts=[0,1,3,7]; c44:bw=16,experts=[3]; c25:bw=45,experts=[0,3,4,6]; c33:bw=32,experts=[1,5,6]; c19:bw=18,experts=[1]; c27:bw=20,experts=[0,2]; c46:bw=21,experts=[1,2]; c1:bw=17,experts=[6]; c47:bw=10,experts=[7]; c42:bw=44,experts=[0,3,5,6]; c3:bw=42,experts=[3,4,6,7]; c24:bw=53,experts=[1,2,4,5,6]; c18:bw=80,experts=[0,1,2,3,4,5,6,7]; c9:bw=53,experts=[0,1,3,5,6]; c28:bw=50,experts=[0,1,2,6,7]; c48:bw=60,experts=[0,1,3,5,6,7]; c4:bw=65,experts=[0,1,4,5,6,7]; c15:bw=30,experts=[2,3,5]; c2:bw=30,experts=[0,2,4]; c45:bw=47,experts=[0,4,6,7]; c14:bw=10,experts=[6]; c39:bw=36,experts=[0,1,5]; c35:bw=38,experts=[0,5,7]; c31:bw=16,experts=[3]; c23:bw=16,experts=[3]; c13:bw=10,experts=[5]; c30:bw=61,experts=[1,2,3,4,6,7]; c37:bw=40,experts=[2,3,6,7]; c21:bw=47,experts=[1,3,4,7]; c34:bw=66,experts=[0,1,3,4,5,7]; c29:bw=33,experts=[0,4,7]; c49:bw=32,experts=[3,5,6]; c20:bw=47,experts=[3,4,6,7]; c10:bw=56,experts=[2,3,4,5,6]","1.3448,0.7738,1.5481,0.8089,0.4323,0.6291,0.8353,1.2262,1.7198,0.6366,0.6460,0.8159,1.2199,0.7565,1.1962,1.0315,0.4319,0.7150,1.9539,1.0579,0.9549,1.1271,0.7650,0.9353,0.6660,0.9475,1.0802,0.7431,0.9654,1.0418,0.8242,0.6425,1.1763,0.7663,0.6182,1.5776,1.3064,1.0231,0.8762,1.1303,1.1821,0.7610,1.0662,0.8131,1.4227,0.8419,1.2072,2.5349,1.1990,0.9262"
