Round,Timestamp,Method,LR,AvgLoss,TestAcc,BestAcc,BestRound,RoundTimeSec,RoundTimeHMS,LocalTrainTimeSec,AggTimeSec,EvalTimeSec,CumulativeTimeSec,CumulativeTimeHMS,NumClientsSelected,SelectedClients,Bandwidth,SelectedExperts,UploadDetail,ClientTrainTimesSec
1,2026-09-23 22:14:22,Ours,0.00208,4.308949358384299,1.23,1.23,1,86.1803,1:26.18,74.8214,10.0688,1.2808,86.1803,1:26.18,50,"13,39,30,45,17,48,26,25,32,19,12,4,37,8,3,6,41,46,47,15,9,16,24,34,31,0,44,27,33,5,29,11,36,1,21,2,43,35,23,40,10,22,18,49,20,7,42,14,28,38",13:42;39:37;30:49;45:34;17:34;48:26;26:38;25:55;32:10;19:40;12:23;4:40;37:21;8:55;3:51;6:41;41:24;46:10;47:60;15:58;9:45;16:48;24:34;34:35;31:42;0:10;44:47;27:21;33:15;5:44;29:26;11:24;36:47;1:29;21:20;2:29;43:50;35:40;23:65;40:46;10:22;22:26;18:30;49:28;20:55;7:20;42:30;14:54;28:39;38:52,"13:[1,2,4,6];39:[2,4,6];30:[1,2,4,6];45:[2,4,6];17:[2,4,6];48:[2,4];26:[2,4,6];25:[1,2,4,5,6];32:[2];19:[1,2,4,6];12:[2,4];4:[1,2,4,6];37:[2,4];8:[1,2,4,5,6];3:[1,2,4,5,6];6:[1,2,4,6];41:[2,4];46:[2];47:[0,1,2,4,5,6];15:[1,2,4,5,6];9:[1,2,4,6];16:[1,2,4,6];24:[2,4,6];34:[2,4,6];31:[1,2,4,6];0:[2];44:[1,2,4,6];27:[2,4];33:[2];5:[1,2,4,6];29:[2,4];11:[2,4];36:[1,2,4,6];1:[2,4];21:[2,4];2:[2,4];43:[1,2,4,5,6];35:[1,2,4,6];23:[0,1,2,4,5,6];40:[1,2,4,6];10:[2,4];22:[2,4];18:[2,4,6];49:[2,6];20:[1,2,4,5,6];7:[2,6];42:[2,4,6];14:[1,2,4,5,6];28:[2,4,6];38:[1,2,4,5,6]","c13:bw=42,experts=[1,2,4,6]; c39:bw=37,experts=[2,4,6]; c30:bw=49,experts=[1,2,4,6]; c45:bw=34,experts=[2,4,6]; c17:bw=34,experts=[2,4,6]; c48:bw=26,experts=[2,4]; c26:bw=38,experts=[2,4,6]; c25:bw=55,experts=[1,2,4,5,6]; c32:bw=10,experts=[2]; c19:bw=40,experts=[1,2,4,6]; c12:bw=23,experts=[2,4]; c4:bw=40,experts=[1,2,4,6]; c37:bw=21,experts=[2,4]; c8:bw=55,experts=[1,2,4,5,6]; c3:bw=51,experts=[1,2,4,5,6]; c6:bw=41,experts=[1,2,4,6]; c41:bw=24,experts=[2,4]; c46:bw=10,experts=[2]; c47:bw=60,experts=[0,1,2,4,5,6]; c15:bw=58,experts=[1,2,4,5,6]; c9:bw=45,experts=[1,2,4,6]; c16:bw=48,experts=[1,2,4,6]; c24:bw=34,experts=[2,4,6]; c34:bw=35,experts=[2,4,6]; c31:bw=42,experts=[1,2,4,6]; c0:bw=10,experts=[2]; c44:bw=47,experts=[1,2,4,6]; c27:bw=21,experts=[2,4]; c33:bw=15,experts=[2]; c5:bw=44,experts=[1,2,4,6]; c29:bw=26,experts=[2,4]; c11:bw=24,experts=[2,4]; c36:bw=47,experts=[1,2,4,6]; c1:bw=29,experts=[2,4]; c21:bw=20,experts=[2,4]; c2:bw=29,experts=[2,4]; c43:bw=50,experts=[1,2,4,5,6]; c35:bw=40,experts=[1,2,4,6]; c23:bw=65,experts=[0,1,2,4,5,6]; c40:bw=46,experts=[1,2,4,6]; c10:bw=22,experts=[2,4]; c22:bw=26,experts=[2,4]; c18:bw=30,experts=[2,4,6]; c49:bw=28,experts=[2,6]; c20:bw=55,experts=[1,2,4,5,6]; c7:bw=20,experts=[2,6]; c42:bw=30,experts=[2,4,6]; c14:bw=54,experts=[1,2,4,5,6]; c28:bw=39,experts=[2,4,6]; c38:bw=52,experts=[1,2,4,5,6]","1.6794,1.5104,1.5745,2.1025,1.2694,1.0477,1.6484,2.6025,1.6886,1.3999,1.0570,1.5978,1.3589,1.2213,1.5713,1.7335,0.8148,1.1966,1.1277,1.2046,1.5524,2.1089,1.1752,1.2302,1.5678,0.8179,1.1192,1.6053,1.5679,2.1304,1.7174,1.2246,1.2265,1.4182,1.9942,1.0310,1.2599,1.3618,1.6951,1.4684,1.4239,1.9073,1.4197,3.2766,1.6464,1.0331,1.3986,1.7643,1.2429,1.0298"
2,2026-09-23 22:15:45,Ours,0.00406,3.6847478641273144,2.35,2.35,2,82.7621,1:22.76,71.2413,10.2303,1.2853,169.0874,2:49.09,50,"29,38,2,46,45,39,22,44,10,0,18,30,49,33,21,4,24,32,12,31,20,23,26,42,14,15,40,41,9,36,11,48,17,28,37,5,47,3,35,16,13,34,7,43,6,27,19,1,25,8",29:60;38:20;2:22;46:16;45:60;39:37;22:38;44:24;10:59;0:36;18:24;30:10;49:43;33:57;21:28;4:30;24:10;32:20;12:16;31:13;20:15;23:70;26:35;42:53;14:26;15:62;40:17;41:33;9:46;36:63;11:29;48:42;17:51;28:65;37:33;5:69;47:49;3:67;35:16;16:16;13:54;34:47;7:55;43:49;6:17;27:24;19:53;1:41;25:25;8:48,"29:[0,1,2,4,5,6];38:[4,6];2:[4,6];46:[4];45:[0,1,2,4,5,6];39:[0,4,6];22:[0,4,6];44:[4,6];10:[0,1,2,4,6];0:[0,4,6];18:[4,6];30:[4];49:[0,1,4,6];33:[0,1,4,5,6];21:[4,6];4:[0,4,6];24:[4];32:[4,6];12:[4];31:[4];20:[4];23:[0,1,2,3,4,5,6];26:[0,4,6];42:[0,1,4,5,6];14:[4,6];15:[0,1,2,4,5,6];40:[4];41:[0,4,6];9:[0,1,4,6];36:[0,1,2,4,5,6];11:[4,6];48:[0,1,4,6];17:[0,1,4,5,6];28:[0,1,2,4,5,6];37:[0,4,6];5:[0,1,2,4,5,6];47:[0,1,4,6];3:[0,1,2,4,5,6];35:[4];16:[4];13:[0,1,4,5,6];34:[0,1,4,6];7:[0,1,4,5,6];43:[0,1,4,6];6:[4];27:[4,6];19:[0,1,2,4,6];1:[0,1,4,6];25:[4,6];8:[0,1,4,6]","c29:bw=60,experts=[0,1,2,4,5,6]; c38:bw=20,experts=[4,6]; c2:bw=22,experts=[4,6]; c46:bw=16,experts=[4]; c45:bw=60,experts=[0,1,2,4,5,6]; c39:bw=37,experts=[0,4,6]; c22:bw=38,experts=[0,4,6]; c44:bw=24,experts=[4,6]; c10:bw=59,experts=[0,1,2,4,6]; c0:bw=36,experts=[0,4,6]; c18:bw=24,experts=[4,6]; c30:bw=10,experts=[4]; c49:bw=43,experts=[0,1,4,6]; c33:bw=57,experts=[0,1,4,5,6]; c21:bw=28,experts=[4,6]; c4:bw=30,experts=[0,4,6]; c24:bw=10,experts=[4]; c32:bw=20,experts=[4,6]; c12:bw=16,experts=[4]; c31:bw=13,experts=[4]; c20:bw=15,experts=[4]; c23:bw=70,experts=[0,1,2,3,4,5,6]; c26:bw=35,experts=[0,4,6]; c42:bw=53,experts=[0,1,4,5,6]; c14:bw=26,experts=[4,6]; c15:bw=62,experts=[0,1,2,4,5,6]; c40:bw=17,experts=[4]; c41:bw=33,experts=[0,4,6]; c9:bw=46,experts=[0,1,4,6]; c36:bw=63,experts=[0,1,2,4,5,6]; c11:bw=29,experts=[4,6]; c48:bw=42,experts=[0,1,4,6]; c17:bw=51,experts=[0,1,4,5,6]; c28:bw=65,experts=[0,1,2,4,5,6]; c37:bw=33,experts=[0,4,6]; c5:bw=69,experts=[0,1,2,4,5,6]; c47:bw=49,experts=[0,1,4,6]; c3:bw=67,experts=[0,1,2,4,5,6]; c35:bw=16,experts=[4]; c16:bw=16,experts=[4]; c13:bw=54,experts=[0,1,4,5,6]; c34:bw=47,experts=[0,1,4,6]; c7:bw=55,experts=[0,1,4,5,6]; c43:bw=49,experts=[0,1,4,6]; c6:bw=17,experts=[4]; c27:bw=24,experts=[4,6]; c19:bw=53,experts=[0,1,2,4,6]; c1:bw=41,experts=[0,1,4,6]; c25:bw=25,experts=[4,6]; c8:bw=48,experts=[0,1,4,6]","1.6630,1.0269,1.0188,1.1703,2.0640,1.4289,1.7822,1.1112,1.3512,0.7808,1.3895,1.4938,3.1488,1.4847,1.8756,1.5906,1.1078,1.6694,1.0107,1.5493,1.6336,1.6378,1.6362,1.3718,1.7671,1.1544,1.4218,0.7789,1.4398,1.1774,1.1338,1.0004,1.1927,1.1870,1.1981,2.0239,1.0481,1.4828,1.2599,2.0609,1.1364,1.2195,0.9588,1.2071,1.6011,1.5360,1.3486,1.3184,2.4557,1.1359"
3,2026-09-23 22:17:08,Ours,0.006040000000000001,3.5173171005930173,4.36,4.36,3,83.2497,1:23.25,71.6898,10.2606,1.2941,252.3522,4:12.35,50,"1,49,5,43,29,28,17,3,18,15,19,12,9,42,10,39,20,35,24,46,13,14,31,25,0,30,26,21,37,36,2,44,23,22,45,33,11,48,8,6,27,40,38,41,4,32,47,34,7,16",1:13;49:42;5:13;43:30;29:15;28:56;17:41;3:26;18:40;15:16;19:24;12:37;9:48;42:57;10:10;39:76;20:56;35:49;24:29;46:55;13:54;14:53;31:56;25:35;0:50;30:10;26:52;21:48;37:52;36:26;2:42;44:36;23:11;22:54;45:50;33:25;11:66;48:29;8:30;6:40;27:34;40:50;38:43;41:34;4:52;32:49;47:40;34:18;7:33;16:31,"1:[4];49:[0,1,4,6];5:[4];43:[0,4,6];29:[4];28:[0,1,4,5,6];17:[0,1,4,6];3:[4,6];18:[0,1,4,6];15:[4];19:[4,6];12:[0,4,6];9:[0,1,4,6];42:[0,1,4,5,6];10:[4];39:[0,1,2,3,4,5,6];20:[0,1,4,5,6];35:[0,1,4,6];24:[4,6];46:[0,1,4,5,6];13:[0,1,4,5,6];14:[0,1,4,5,6];31:[0,1,4,5,6];25:[0,4,6];0:[0,1,4,5,6];30:[4];26:[0,1,4,5,6];21:[0,1,4,6];37:[0,1,4,5,6];36:[4,6];2:[0,1,4,6];44:[0,4,6];23:[4];22:[0,1,4,5,6];45:[0,1,4,5,6];33:[4,6];11:[0,1,2,4,5,6];48:[4,6];8:[0,4,6];6:[0,1,4,6];27:[0,4,6];40:[0,1,4,5,6];38:[0,1,4,6];41:[0,4,6];4:[0,1,4,5,6];32:[0,1,4,6];47:[0,1,4,6];34:[4];7:[0,4,6];16:[0,4,6]","c1:bw=13,experts=[4]; c49:bw=42,experts=[0,1,4,6]; c5:bw=13,experts=[4]; c43:bw=30,experts=[0,4,6]; c29:bw=15,experts=[4]; c28:bw=56,experts=[0,1,4,5,6]; c17:bw=41,experts=[0,1,4,6]; c3:bw=26,experts=[4,6]; c18:bw=40,experts=[0,1,4,6]; c15:bw=16,experts=[4]; c19:bw=24,experts=[4,6]; c12:bw=37,experts=[0,4,6]; c9:bw=48,experts=[0,1,4,6]; c42:bw=57,experts=[0,1,4,5,6]; c10:bw=10,experts=[4]; c39:bw=76,experts=[0,1,2,3,4,5,6]; c20:bw=56,experts=[0,1,4,5,6]; c35:bw=49,experts=[0,1,4,6]; c24:bw=29,experts=[4,6]; c46:bw=55,experts=[0,1,4,5,6]; c13:bw=54,experts=[0,1,4,5,6]; c14:bw=53,experts=[0,1,4,5,6]; c31:bw=56,experts=[0,1,4,5,6]; c25:bw=35,experts=[0,4,6]; c0:bw=50,experts=[0,1,4,5,6]; c30:bw=10,experts=[4]; c26:bw=52,experts=[0,1,4,5,6]; c21:bw=48,experts=[0,1,4,6]; c37:bw=52,experts=[0,1,4,5,6]; c36:bw=26,experts=[4,6]; c2:bw=42,experts=[0,1,4,6]; c44:bw=36,experts=[0,4,6]; c23:bw=11,experts=[4]; c22:bw=54,experts=[0,1,4,5,6]; c45:bw=50,experts=[0,1,4,5,6]; c33:bw=25,experts=[4,6]; c11:bw=66,experts=[0,1,2,4,5,6]; c48:bw=29,experts=[4,6]; c8:bw=30,experts=[0,4,6]; c6:bw=40,experts=[0,1,4,6]; c27:bw=34,experts=[0,4,6]; c40:bw=50,experts=[0,1,4,5,6]; c38:bw=43,experts=[0,1,4,6]; c41:bw=34,experts=[0,4,6]; c4:bw=52,experts=[0,1,4,5,6]; c32:bw=49,experts=[0,1,4,6]; c47:bw=40,experts=[0,1,4,6]; c34:bw=18,experts=[4]; c7:bw=33,experts=[0,4,6]; c16:bw=31,experts=[0,4,6]","1.3399,3.1641,2.0582,1.2215,1.6369,1.2185,1.2030,1.5235,1.3987,1.1503,1.4005,1.0131,1.4828,1.4439,1.3416,1.4211,1.6497,1.2825,1.1267,1.1643,1.1562,1.7840,1.5727,2.4837,0.7727,1.4585,1.6383,1.8930,1.2176,1.1822,0.9926,1.1094,1.6234,1.7798,2.0385,1.4775,1.1327,0.9962,1.1266,1.6241,1.5496,1.4264,0.9937,0.7854,1.6329,1.6581,1.0628,1.2265,0.9819,2.0717"
4,2026-09-23 22:18:32,Ours,0.00802,3.422004985172315,4.87,4.87,4,84.1718,1:24.17,72.2734,10.5896,1.3032,336.5372,5:36.54,50,"49,16,20,40,13,17,3,15,23,25,34,18,11,9,48,47,4,22,7,39,44,2,8,45,36,33,26,32,30,0,46,43,24,37,10,29,19,38,41,5,1,27,21,6,31,12,35,28,42,14",49:20;16:45;20:70;40:45;13:49;17:39;3:34;15:24;23:15;25:43;34:55;18:43;11:49;9:22;48:16;47:32;4:56;22:49;7:45;39:23;44:27;2:60;8:31;45:50;36:44;33:53;26:37;32:62;30:40;0:59;46:38;43:21;24:19;37:62;10:64;29:44;19:47;38:36;41:43;5:73;1:40;27:58;21:27;6:53;31:50;12:63;35:10;28:63;42:21;14:32,"49:[4,6];16:[0,1,4,6];20:[0,1,2,4,5,6,7];40:[0,1,4,6];13:[0,4,5,6];17:[0,4,6];3:[1,4,6];15:[4,6];23:[4];25:[0,1,4,6];34:[0,1,4,5,6];18:[0,1,4,6];11:[0,1,4,6];9:[4,6];48:[4];47:[0,4,6];4:[0,1,4,5,6];22:[0,1,4,6];7:[0,1,4,6];39:[4,6];44:[4,6];2:[0,1,2,4,5,6];8:[0,4,6];45:[0,1,4,5,6];36:[0,1,4,6];33:[0,1,4,5,6];26:[0,4,6];32:[0,1,2,4,5,6];30:[0,1,4,6];0:[0,1,4,5,6];46:[0,4,6];43:[4,6];24:[4];37:[0,1,2,4,5,6];10:[0,1,2,4,5,6];29:[0,4,5,6];19:[0,1,4,6];38:[0,4,6];41:[1,4,5,6];5:[0,1,2,3,4,5,6];1:[0,1,4,6];27:[0,1,4,5,6];21:[4,6];6:[0,1,4,5,6];31:[0,1,4,5,6];12:[0,1,2,4,5,6];35:[4];28:[0,1,2,4,5,6];42:[4,6];14:[0,4,6]","c49:bw=20,experts=[4,6]; c16:bw=45,experts=[0,1,4,6]; c20:bw=70,experts=[0,1,2,4,5,6,7]; c40:bw=45,experts=[0,1,4,6]; c13:bw=49,experts=[0,4,5,6]; c17:bw=39,experts=[0,4,6]; c3:bw=34,experts=[1,4,6]; c15:bw=24,experts=[4,6]; c23:bw=15,experts=[4]; c25:bw=43,experts=[0,1,4,6]; c34:bw=55,experts=[0,1,4,5,6]; c18:bw=43,experts=[0,1,4,6]; c11:bw=49,experts=[0,1,4,6]; c9:bw=22,experts=[4,6]; c48:bw=16,experts=[4]; c47:bw=32,experts=[0,4,6]; c4:bw=56,experts=[0,1,4,5,6]; c22:bw=49,experts=[0,1,4,6]; c7:bw=45,experts=[0,1,4,6]; c39:bw=23,experts=[4,6]; c44:bw=27,experts=[4,6]; c2:bw=60,experts=[0,1,2,4,5,6]; c8:bw=31,experts=[0,4,6]; c45:bw=50,experts=[0,1,4,5,6]; c36:bw=44,experts=[0,1,4,6]; c33:bw=53,experts=[0,1,4,5,6]; c26:bw=37,experts=[0,4,6]; c32:bw=62,experts=[0,1,2,4,5,6]; c30:bw=40,experts=[0,1,4,6]; c0:bw=59,experts=[0,1,4,5,6]; c46:bw=38,experts=[0,4,6]; c43:bw=21,experts=[4,6]; c24:bw=19,experts=[4]; c37:bw=62,experts=[0,1,2,4,5,6]; c10:bw=64,experts=[0,1,2,4,5,6]; c29:bw=44,experts=[0,4,5,6]; c19:bw=47,experts=[0,1,4,6]; c38:bw=36,experts=[0,4,6]; c41:bw=43,experts=[1,4,5,6]; c5:bw=73,experts=[0,1,2,3,4,5,6]; c1:bw=40,experts=[0,1,4,6]; c27:bw=58,experts=[0,1,4,5,6]; c21:bw=27,experts=[4,6]; c6:bw=53,experts=[0,1,4,5,6]; c31:bw=50,experts=[0,1,4,5,6]; c12:bw=63,experts=[0,1,2,4,5,6]; c35:bw=10,experts=[4]; c28:bw=63,experts=[0,1,2,4,5,6]; c42:bw=21,experts=[4,6]; c14:bw=32,experts=[0,4,6]","3.2585,2.1429,1.6506,1.4404,1.1770,1.1887,1.5330,1.1621,1.6586,2.4954,1.2423,1.4076,1.1730,1.4707,1.0329,1.0808,1.6400,1.8259,0.9836,1.4602,1.0897,1.0137,1.1396,2.0454,1.2101,1.4952,1.6415,1.6749,1.4739,0.7912,1.1675,1.2184,1.1259,1.2261,1.3404,1.6692,1.3863,1.0086,0.7844,2.0459,1.3548,1.5724,1.9209,1.6438,1.5564,1.0098,1.2827,1.2178,1.3731,1.7695"
5,2026-09-23 22:19:57,Ours,0.01,3.3707584871245375,6.11,6.11,5,84.6334,1:24.63,73.066,10.2501,1.3117,421.1854,7:01.19,50,"35,6,29,14,13,7,20,12,9,30,48,21,37,11,8,38,17,15,28,24,41,19,4,43,33,46,26,23,10,39,3,42,34,5,40,25,44,18,0,32,31,47,22,27,45,49,16,36,2,1",35:26;6:53;29:55;14:53;13:36;7:24;20:50;12:55;9:62;30:16;48:13;21:35;37:43;11:21;8:37;38:67;17:64;15:45;28:45;24:12;41:46;19:19;4:48;43:59;33:33;46:11;26:19;23:29;10:35;39:65;3:63;42:51;34:36;5:40;40:42;25:34;44:40;18:10;0:50;32:40;31:43;47:48;22:49;27:30;45:62;49:44;16:32;36:26;2:10;1:20,"35:[4,6];6:[0,1,4,5,6];29:[0,1,4,5,6];14:[0,1,4,5,6];13:[0,4,6];7:[4,6];20:[0,1,4,5,6];12:[0,1,4,5,6];9:[0,1,2,4,5,6];30:[4];48:[4];21:[0,4,6];37:[0,4,5,6];11:[4,6];8:[4,5,6];38:[0,1,2,4,5,6];17:[0,1,2,4,5,6];15:[1,4,5,6];28:[0,4,5,6];24:[4];41:[0,4,5,6];19:[4];4:[0,4,5,6];43:[0,1,4,5,6];33:[4,5,6];46:[4];26:[4];23:[4,6];10:[0,4,6];39:[0,1,2,4,5,6];3:[0,1,2,4,5,6];42:[0,1,4,5,6];34:[0,4,6];5:[0,4,5,6];40:[0,4,5,6];25:[0,4,6];44:[0,4,5,6];18:[4];0:[0,1,4,5,6];32:[0,4,5,6];31:[0,4,5,6];47:[0,4,5,6];22:[0,4,5,6];27:[4,5,6];45:[0,1,2,4,5,6];49:[0,4,5,6];16:[0,4,6];36:[4,6];2:[4];1:[4,6]","c35:bw=26,experts=[4,6]; c6:bw=53,experts=[0,1,4,5,6]; c29:bw=55,experts=[0,1,4,5,6]; c14:bw=53,experts=[0,1,4,5,6]; c13:bw=36,experts=[0,4,6]; c7:bw=24,experts=[4,6]; c20:bw=50,experts=[0,1,4,5,6]; c12:bw=55,experts=[0,1,4,5,6]; c9:bw=62,experts=[0,1,2,4,5,6]; c30:bw=16,experts=[4]; c48:bw=13,experts=[4]; c21:bw=35,experts=[0,4,6]; c37:bw=43,experts=[0,4,5,6]; c11:bw=21,experts=[4,6]; c8:bw=37,experts=[4,5,6]; c38:bw=67,experts=[0,1,2,4,5,6]; c17:bw=64,experts=[0,1,2,4,5,6]; c15:bw=45,experts=[1,4,5,6]; c28:bw=45,experts=[0,4,5,6]; c24:bw=12,experts=[4]; c41:bw=46,experts=[0,4,5,6]; c19:bw=19,experts=[4]; c4:bw=48,experts=[0,4,5,6]; c43:bw=59,experts=[0,1,4,5,6]; c33:bw=33,experts=[4,5,6]; c46:bw=11,experts=[4]; c26:bw=19,experts=[4]; c23:bw=29,experts=[4,6]; c10:bw=35,experts=[0,4,6]; c39:bw=65,experts=[0,1,2,4,5,6]; c3:bw=63,experts=[0,1,2,4,5,6]; c42:bw=51,experts=[0,1,4,5,6]; c34:bw=36,experts=[0,4,6]; c5:bw=40,experts=[0,4,5,6]; c40:bw=42,experts=[0,4,5,6]; c25:bw=34,experts=[0,4,6]; c44:bw=40,experts=[0,4,5,6]; c18:bw=10,experts=[4]; c0:bw=50,experts=[0,1,4,5,6]; c32:bw=40,experts=[0,4,5,6]; c31:bw=43,experts=[0,4,5,6]; c47:bw=48,experts=[0,4,5,6]; c22:bw=49,experts=[0,4,5,6]; c27:bw=30,experts=[4,5,6]; c45:bw=62,experts=[0,1,2,4,5,6]; c49:bw=44,experts=[0,4,5,6]; c16:bw=32,experts=[0,4,6]; c36:bw=26,experts=[4,6]; c2:bw=10,experts=[4]; c1:bw=20,experts=[4,6]","1.3098,1.6838,1.7065,1.8386,1.1887,0.9943,1.6688,1.0555,1.5021,1.5101,1.0287,1.9433,1.2337,1.1723,1.1742,1.0536,1.2419,1.1782,1.2355,1.1365,0.8002,1.4198,1.6677,1.2474,1.5230,1.1584,1.6314,1.6672,1.3436,1.4778,1.5075,1.3748,1.2296,2.0763,1.4635,2.5202,1.1030,1.3876,0.8108,1.7602,1.5665,1.0874,1.8055,1.5644,2.0772,3.2117,2.1339,1.2082,1.0103,1.3745"
6,2026-09-23 22:21:22,Ours,0.01,3.3498238010703885,6.97,6.97,6,84.7352,1:24.74,73.2843,10.1383,1.3073,505.9343,8:25.93,50,"35,28,12,16,48,26,19,9,23,21,13,14,5,3,7,45,42,31,33,20,46,18,2,49,8,44,41,4,11,37,36,43,1,25,15,6,34,29,30,22,24,27,10,0,47,17,38,39,32,40",35:19;28:74;12:62;16:54;48:46;26:43;19:37;9:48;23:73;21:10;13:15;14:40;5:27;3:36;7:58;45:23;42:31;31:48;33:14;20:44;46:25;18:40;2:42;49:17;8:67;44:50;41:40;4:17;11:31;37:14;36:10;43:29;1:32;25:43;15:33;6:20;34:54;29:41;30:58;22:32;24:18;27:43;10:10;0:31;47:42;17:27;38:51;39:20;32:10;40:40,"35:[4];28:[0,1,2,3,4,5,6];12:[0,1,2,4,5,6];16:[0,1,4,5,6];48:[0,1,4,6];26:[0,1,4,6];19:[0,4,6];9:[0,1,4,6];23:[0,1,2,3,4,5,6];21:[4];13:[4];14:[0,1,4,6];5:[4,6];3:[0,4,6];7:[0,1,4,5,6];45:[4,6];42:[0,4,6];31:[0,1,4,6];33:[4];20:[0,1,4,6];46:[4,6];18:[0,1,4,6];2:[0,1,4,6];49:[4];8:[0,1,2,4,5,6];44:[0,1,4,5,6];41:[0,1,4,6];4:[4];11:[0,4,6];37:[4];36:[4];43:[4,6];1:[0,4,6];25:[0,1,4,6];15:[0,4,6];6:[4,6];34:[0,1,4,5,6];29:[0,1,4,6];30:[0,1,4,5,6];22:[0,4,6];24:[4];27:[0,1,4,6];10:[4];0:[0,4,6];47:[0,1,4,6];17:[4,6];38:[0,1,4,5,6];39:[4,6];32:[4];40:[0,1,4,6]","c35:bw=19,experts=[4]; c28:bw=74,experts=[0,1,2,3,4,5,6]; c12:bw=62,experts=[0,1,2,4,5,6]; c16:bw=54,experts=[0,1,4,5,6]; c48:bw=46,experts=[0,1,4,6]; c26:bw=43,experts=[0,1,4,6]; c19:bw=37,experts=[0,4,6]; c9:bw=48,experts=[0,1,4,6]; c23:bw=73,experts=[0,1,2,3,4,5,6]; c21:bw=10,experts=[4]; c13:bw=15,experts=[4]; c14:bw=40,experts=[0,1,4,6]; c5:bw=27,experts=[4,6]; c3:bw=36,experts=[0,4,6]; c7:bw=58,experts=[0,1,4,5,6]; c45:bw=23,experts=[4,6]; c42:bw=31,experts=[0,4,6]; c31:bw=48,experts=[0,1,4,6]; c33:bw=14,experts=[4]; c20:bw=44,experts=[0,1,4,6]; c46:bw=25,experts=[4,6]; c18:bw=40,experts=[0,1,4,6]; c2:bw=42,experts=[0,1,4,6]; c49:bw=17,experts=[4]; c8:bw=67,experts=[0,1,2,4,5,6]; c44:bw=50,experts=[0,1,4,5,6]; c41:bw=40,experts=[0,1,4,6]; c4:bw=17,experts=[4]; c11:bw=31,experts=[0,4,6]; c37:bw=14,experts=[4]; c36:bw=10,experts=[4]; c43:bw=29,experts=[4,6]; c1:bw=32,experts=[0,4,6]; c25:bw=43,experts=[0,1,4,6]; c15:bw=33,experts=[0,4,6]; c6:bw=20,experts=[4,6]; c34:bw=54,experts=[0,1,4,5,6]; c29:bw=41,experts=[0,1,4,6]; c30:bw=58,experts=[0,1,4,5,6]; c22:bw=32,experts=[0,4,6]; c24:bw=18,experts=[4]; c27:bw=43,experts=[0,1,4,6]; c10:bw=10,experts=[4]; c0:bw=31,experts=[0,4,6]; c47:bw=42,experts=[0,1,4,6]; c17:bw=27,experts=[4,6]; c38:bw=51,experts=[0,1,4,5,6]; c39:bw=20,experts=[4,6]; c32:bw=10,experts=[4]; c40:bw=40,experts=[0,1,4,6]","1.3143,1.2692,1.0528,2.1910,1.0272,1.7000,1.4168,1.5140,1.7222,1.9623,1.1803,1.8542,2.0916,1.5558,1.0096,2.1197,1.4008,1.5884,1.5070,1.6643,1.1769,1.4006,1.0051,3.2336,1.1798,1.1173,0.7801,1.6389,1.1718,1.2329,1.1899,1.2338,1.3623,2.5161,1.1884,1.6540,1.2478,1.7046,1.4979,1.7893,1.1197,1.5832,1.3507,0.7985,1.0723,1.2120,1.0411,1.4852,1.6911,1.4680"
7,2026-09-23 22:22:47,Ours,0.01,3.3087774579110896,7.96,7.96,7,84.9007,1:24.90,73.5876,9.9834,1.3247,590.8496,9:50.85,50,"8,23,31,37,9,10,33,39,29,27,17,26,25,45,43,36,47,4,24,14,0,46,49,38,30,18,12,28,5,41,48,22,21,11,42,16,2,6,7,19,20,13,44,3,32,35,40,15,34,1",8:57;23:41;31:19;37:72;9:10;10:17;33:40;39:38;29:57;27:26;17:41;26:49;25:50;45:44;43:10;36:43;47:11;4:14;24:31;14:13;0:36;46:14;49:40;38:29;30:27;18:20;12:47;28:10;5:49;41:35;48:48;22:55;21:60;11:60;42:29;16:53;2:40;6:13;7:31;19:54;20:16;13:25;44:20;3:26;32:24;35:30;40:56;15:39;34:29;1:10,"8:[0,1,4,5,6];23:[0,1,4,6];31:[4];37:[0,1,2,4,5,6,7];9:[4];10:[4];33:[0,1,4,6];39:[0,4,6];29:[0,1,4,5,6];27:[4,6];17:[0,1,4,6];26:[0,1,4,6];25:[0,1,4,5,6];45:[0,1,4,6];43:[4];36:[0,1,4,6];47:[4];4:[4];24:[0,4,6];14:[4];0:[0,4,6];46:[4];49:[0,1,4,6];38:[4,6];30:[4,6];18:[4,6];12:[0,1,4,6];28:[4];5:[0,1,4,6];41:[0,4,6];48:[0,1,4,6];22:[0,1,4,5,6];21:[0,1,2,4,5,6];11:[0,1,2,4,5,6];42:[4,6];16:[0,1,4,5,6];2:[0,1,4,6];6:[4];7:[0,4,6];19:[0,1,4,5,6];20:[4];13:[4,6];44:[4,6];3:[4,6];32:[4,6];35:[0,4,6];40:[0,1,4,5,6];15:[0,4,6];34:[4,6];1:[4]","c8:bw=57,experts=[0,1,4,5,6]; c23:bw=41,experts=[0,1,4,6]; c31:bw=19,experts=[4]; c37:bw=72,experts=[0,1,2,4,5,6,7]; c9:bw=10,experts=[4]; c10:bw=17,experts=[4]; c33:bw=40,experts=[0,1,4,6]; c39:bw=38,experts=[0,4,6]; c29:bw=57,experts=[0,1,4,5,6]; c27:bw=26,experts=[4,6]; c17:bw=41,experts=[0,1,4,6]; c26:bw=49,experts=[0,1,4,6]; c25:bw=50,experts=[0,1,4,5,6]; c45:bw=44,experts=[0,1,4,6]; c43:bw=10,experts=[4]; c36:bw=43,experts=[0,1,4,6]; c47:bw=11,experts=[4]; c4:bw=14,experts=[4]; c24:bw=31,experts=[0,4,6]; c14:bw=13,experts=[4]; c0:bw=36,experts=[0,4,6]; c46:bw=14,experts=[4]; c49:bw=40,experts=[0,1,4,6]; c38:bw=29,experts=[4,6]; c30:bw=27,experts=[4,6]; c18:bw=20,experts=[4,6]; c12:bw=47,experts=[0,1,4,6]; c28:bw=10,experts=[4]; c5:bw=49,experts=[0,1,4,6]; c41:bw=35,experts=[0,4,6]; c48:bw=48,experts=[0,1,4,6]; c22:bw=55,experts=[0,1,4,5,6]; c21:bw=60,experts=[0,1,2,4,5,6]; c11:bw=60,experts=[0,1,2,4,5,6]; c42:bw=29,experts=[4,6]; c16:bw=53,experts=[0,1,4,5,6]; c2:bw=40,experts=[0,1,4,6]; c6:bw=13,experts=[4]; c7:bw=31,experts=[0,4,6]; c19:bw=54,experts=[0,1,4,5,6]; c20:bw=16,experts=[4]; c13:bw=25,experts=[4,6]; c44:bw=20,experts=[4,6]; c3:bw=26,experts=[4,6]; c32:bw=24,experts=[4,6]; c35:bw=30,experts=[0,4,6]; c40:bw=56,experts=[0,1,4,5,6]; c15:bw=39,experts=[0,4,6]; c34:bw=29,experts=[4,6]; c1:bw=10,experts=[4]","1.1837,1.7058,1.6321,1.2604,1.5167,1.3810,1.5380,1.4857,1.7480,1.6213,1.2502,1.6850,2.5667,2.1141,1.2517,1.2163,1.0672,1.6682,1.1520,1.8252,0.8041,1.1770,3.2598,1.0372,1.4969,1.4058,1.0433,1.2396,2.0915,0.7990,1.0289,1.8219,1.9434,1.1853,1.4078,2.1580,1.0070,1.6425,0.9938,1.3951,1.6570,1.1839,1.1268,1.5527,1.6857,1.3144,1.4501,1.1759,1.2536,1.3801"
8,2026-09-23 22:24:12,Ours,0.01,3.421247103356159,8.77,8.77,8,85.4828,1:25.48,73.7381,10.4321,1.3075,676.3466,11:16.35,50,"4,11,46,40,5,39,13,48,28,19,27,43,14,18,3,29,37,12,41,38,36,6,15,35,10,8,0,7,16,25,33,9,26,1,44,21,45,23,42,49,24,17,2,47,22,31,20,32,34,30",4:10;11:45;46:49;40:34;5:28;39:32;13:35;48:13;28:38;19:31;27:41;43:41;14:59;18:39;3:37;29:71;37:11;12:51;41:40;38:21;36:47;6:41;15:66;35:54;10:51;8:37;0:32;7:15;16:45;25:41;33:57;9:59;26:55;1:58;44:34;21:31;45:10;23:35;42:42;49:61;24:42;17:56;2:54;47:25;22:61;31:35;20:42;32:74;34:10;30:34,"4:[3];11:[3,4,6,7];46:[3,4,6,7];40:[3,4,7];5:[4,7];39:[4,6,7];13:[3,4,7];48:[3];28:[4,6,7];19:[3,4,7];27:[3,4,6,7];43:[3,4,6,7];14:[0,3,4,6,7];18:[3,5,7];3:[3,4,7];29:[0,1,3,4,5,6,7];37:[3];12:[0,3,4,6,7];41:[3,4,6,7];38:[3,7];36:[3,4,6,7];6:[3,4,6,7];15:[0,1,3,4,6,7];35:[3,4,5,6,7];10:[0,3,4,6,7];8:[3,4,7];0:[3,4,7];7:[3];16:[3,4,6,7];25:[3,4,6,7];33:[0,3,4,6,7];9:[0,3,4,6,7];26:[0,3,4,6,7];1:[3,4,5,6,7];44:[3,4,7];21:[3,4,7];45:[3];23:[4,6,7];42:[3,4,6,7];49:[0,1,3,4,6,7];24:[1,3,5,7];17:[0,3,4,6,7];2:[0,3,4,6,7];47:[3,7];22:[0,1,3,4,6,7];31:[3,4,7];20:[0,3,4,6];32:[0,1,3,4,5,6,7];34:[3];30:[3,4,7]","c4:bw=10,experts=[3]; c11:bw=45,experts=[3,4,6,7]; c46:bw=49,experts=[3,4,6,7]; c40:bw=34,experts=[3,4,7]; c5:bw=28,experts=[4,7]; c39:bw=32,experts=[4,6,7]; c13:bw=35,experts=[3,4,7]; c48:bw=13,experts=[3]; c28:bw=38,experts=[4,6,7]; c19:bw=31,experts=[3,4,7]; c27:bw=41,experts=[3,4,6,7]; c43:bw=41,experts=[3,4,6,7]; c14:bw=59,experts=[0,3,4,6,7]; c18:bw=39,experts=[3,5,7]; c3:bw=37,experts=[3,4,7]; c29:bw=71,experts=[0,1,3,4,5,6,7]; c37:bw=11,experts=[3]; c12:bw=51,experts=[0,3,4,6,7]; c41:bw=40,experts=[3,4,6,7]; c38:bw=21,experts=[3,7]; c36:bw=47,experts=[3,4,6,7]; c6:bw=41,experts=[3,4,6,7]; c15:bw=66,experts=[0,1,3,4,6,7]; c35:bw=54,experts=[3,4,5,6,7]; c10:bw=51,experts=[0,3,4,6,7]; c8:bw=37,experts=[3,4,7]; c0:bw=32,experts=[3,4,7]; c7:bw=15,experts=[3]; c16:bw=45,experts=[3,4,6,7]; c25:bw=41,experts=[3,4,6,7]; c33:bw=57,experts=[0,3,4,6,7]; c9:bw=59,experts=[0,3,4,6,7]; c26:bw=55,experts=[0,3,4,6,7]; c1:bw=58,experts=[3,4,5,6,7]; c44:bw=34,experts=[3,4,7]; c21:bw=31,experts=[3,4,7]; c45:bw=10,experts=[3]; c23:bw=35,experts=[4,6,7]; c42:bw=42,experts=[3,4,6,7]; c49:bw=61,experts=[0,1,3,4,6,7]; c24:bw=42,experts=[1,3,5,7]; c17:bw=56,experts=[0,3,4,6,7]; c2:bw=54,experts=[0,3,4,6,7]; c47:bw=25,experts=[3,7]; c22:bw=61,experts=[0,1,3,4,6,7]; c31:bw=35,experts=[3,4,7]; c20:bw=42,experts=[0,3,4,6]; c32:bw=74,experts=[0,1,3,4,5,6,7]; c34:bw=10,experts=[3]; c30:bw=34,experts=[3,4,7]","1.6569,1.1929,1.1973,1.4918,2.0988,1.4927,1.1836,1.0337,1.2624,1.4195,1.6152,1.3111,1.8592,1.4181,1.5457,1.7101,1.2440,1.0428,0.7934,1.0343,1.2183,1.6871,1.2192,1.3511,1.4010,1.1694,0.7989,0.9946,2.1449,2.5287,1.5312,1.4870,1.6943,1.4066,1.1207,1.9134,2.1097,1.6649,1.3955,3.2783,1.1430,1.2251,1.0360,1.0680,1.8162,1.5819,1.6773,1.7124,1.2696,1.4900"
9,2026-09-23 22:25:38,Ours,0.01,3.3079608595789853,9.65,9.65,9,85.5535,1:25.55,74.1711,10.0516,1.3256,761.9136,12:41.91,50,"34,30,37,2,35,10,40,48,6,25,26,39,46,45,13,33,1,43,19,0,11,8,20,38,22,28,23,16,18,9,27,17,12,15,29,31,44,3,4,7,32,36,42,14,5,41,47,49,24,21",34:36;30:39;37:42;2:21;35:30;10:34;40:44;48:56;6:31;25:67;26:19;39:10;46:38;45:10;13:41;33:26;1:14;43:49;19:26;0:52;11:28;8:18;20:58;38:19;22:39;28:58;23:68;16:41;18:53;9:26;27:27;17:49;12:38;15:36;29:46;31:27;44:47;3:23;4:59;7:46;32:15;36:30;42:14;14:37;5:52;41:51;47:25;49:12;24:25;21:66,"34:[2,4,7];30:[2,4,6];37:[0,1,4,6];2:[4,6];35:[2,4,6];10:[0,4,6];40:[0,2,4,6];48:[2,4,5,6,7];6:[2,4,6];25:[0,1,2,4,5,6];26:[2];39:[4];46:[2,4,6];45:[7];13:[0,2,4,6];33:[2,4];1:[2];43:[0,2,4,6];19:[4,6];0:[0,1,2,4,6];11:[4,6];8:[4];20:[0,1,4,5,6];38:[4];22:[2,4,6];28:[0,1,4,5,6];23:[0,1,2,4,5,6];16:[0,2,4,6];18:[0,1,2,4,6];9:[4,6];27:[2,4];17:[0,1,4,6];12:[0,4,6];15:[0,4,6];29:[0,1,4,6];31:[2,4];44:[0,2,4,6];3:[4,6];4:[0,2,4,6,7];7:[2,4,6,7];32:[4];36:[0,4,6];42:[2];14:[2,4,6];5:[0,1,4,5,6];41:[0,1,2,4,6];47:[2,4];49:[2];24:[2,4];21:[0,1,2,4,5,6]","c34:bw=36,experts=[2,4,7]; c30:bw=39,experts=[2,4,6]; c37:bw=42,experts=[0,1,4,6]; c2:bw=21,experts=[4,6]; c35:bw=30,experts=[2,4,6]; c10:bw=34,experts=[0,4,6]; c40:bw=44,experts=[0,2,4,6]; c48:bw=56,experts=[2,4,5,6,7]; c6:bw=31,experts=[2,4,6]; c25:bw=67,experts=[0,1,2,4,5,6]; c26:bw=19,experts=[2]; c39:bw=10,experts=[4]; c46:bw=38,experts=[2,4,6]; c45:bw=10,experts=[7]; c13:bw=41,experts=[0,2,4,6]; c33:bw=26,experts=[2,4]; c1:bw=14,experts=[2]; c43:bw=49,experts=[0,2,4,6]; c19:bw=26,experts=[4,6]; c0:bw=52,experts=[0,1,2,4,6]; c11:bw=28,experts=[4,6]; c8:bw=18,experts=[4]; c20:bw=58,experts=[0,1,4,5,6]; c38:bw=19,experts=[4]; c22:bw=39,experts=[2,4,6]; c28:bw=58,experts=[0,1,4,5,6]; c23:bw=68,experts=[0,1,2,4,5,6]; c16:bw=41,experts=[0,2,4,6]; c18:bw=53,experts=[0,1,2,4,6]; c9:bw=26,experts=[4,6]; c27:bw=27,experts=[2,4]; c17:bw=49,experts=[0,1,4,6]; c12:bw=38,experts=[0,4,6]; c15:bw=36,experts=[0,4,6]; c29:bw=46,experts=[0,1,4,6]; c31:bw=27,experts=[2,4]; c44:bw=47,experts=[0,2,4,6]; c3:bw=23,experts=[4,6]; c4:bw=59,experts=[0,2,4,6,7]; c7:bw=46,experts=[2,4,6,7]; c32:bw=15,experts=[4]; c36:bw=30,experts=[0,4,6]; c42:bw=14,experts=[2]; c14:bw=37,experts=[2,4,6]; c5:bw=52,experts=[0,1,4,5,6]; c41:bw=51,experts=[0,1,2,4,6]; c47:bw=25,experts=[2,4]; c49:bw=12,experts=[2]; c24:bw=25,experts=[2,4]; c21:bw=66,experts=[0,1,2,4,5,6]","1.2810,1.5073,1.2513,1.0484,1.3552,1.4008,1.5133,1.0592,1.7063,2.5792,1.6788,1.5023,1.2187,2.1273,1.2140,1.5633,1.4054,1.2529,1.4140,0.8176,1.1978,1.1611,1.7054,1.0272,1.8247,1.2608,1.6924,2.2008,1.4365,1.4965,1.5922,1.2394,1.0348,1.2027,1.7121,1.6012,1.1233,1.5607,1.6698,1.0107,1.7210,1.2090,1.4017,1.8132,2.0992,0.8050,1.0897,3.2830,1.1539,1.9489"
10,2026-09-23 22:27:04,Ours,0.01,3.2257588952995877,10.47,10.47,10,85.7161,1:25.72,74.3407,10.0546,1.3156,847.6438,14:07.64,50,"44,35,6,14,5,24,33,8,17,2,16,7,31,10,39,34,26,23,38,43,12,45,0,18,30,19,1,3,40,46,9,47,22,41,32,20,37,49,48,11,42,29,4,27,13,28,21,36,15,25",44:42;35:40;6:65;14:57;5:58;24:68;33:15;8:35;17:35;2:34;16:44;7:37;31:10;10:54;39:48;34:29;26:58;23:10;38:43;43:42;12:52;45:39;0:59;18:28;30:20;19:43;1:41;3:46;40:34;46:10;9:35;47:33;22:10;41:44;32:41;20:10;37:33;49:12;48:17;11:21;42:41;29:25;4:37;27:24;13:38;28:24;21:10;36:43;15:10;25:66,"44:[0,1,4,6];35:[0,1,4,6];6:[0,1,2,4,5,6];14:[0,1,4,5,6];5:[0,1,4,5,6];24:[0,1,2,4,5,6];33:[4];8:[0,4,6];17:[0,4,6];2:[0,4,6];16:[0,1,4,6];7:[0,4,6];31:[4];10:[0,1,4,5,6];39:[0,1,4,6];34:[4,6];26:[0,1,4,5,6];23:[4];38:[0,1,4,6];43:[0,1,4,6];12:[0,1,4,5,6];45:[0,4,6];0:[0,1,4,5,6];18:[4,6];30:[4,6];19:[0,2,4,6];1:[0,1,4,6];3:[0,1,4,6];40:[0,4,6];46:[4];9:[0,4,6];47:[0,4,6];22:[4];41:[0,1,4,6];32:[0,1,4,6];20:[4];37:[0,4,6];49:[4];48:[4];11:[4,6];42:[0,1,4,6];29:[2,4];4:[0,4,6];27:[4,6];13:[0,4,6];28:[4,6];21:[4];36:[2,4,5,6];15:[2];25:[0,1,2,4,5,6]","c44:bw=42,experts=[0,1,4,6]; c35:bw=40,experts=[0,1,4,6]; c6:bw=65,experts=[0,1,2,4,5,6]; c14:bw=57,experts=[0,1,4,5,6]; c5:bw=58,experts=[0,1,4,5,6]; c24:bw=68,experts=[0,1,2,4,5,6]; c33:bw=15,experts=[4]; c8:bw=35,experts=[0,4,6]; c17:bw=35,experts=[0,4,6]; c2:bw=34,experts=[0,4,6]; c16:bw=44,experts=[0,1,4,6]; c7:bw=37,experts=[0,4,6]; c31:bw=10,experts=[4]; c10:bw=54,experts=[0,1,4,5,6]; c39:bw=48,experts=[0,1,4,6]; c34:bw=29,experts=[4,6]; c26:bw=58,experts=[0,1,4,5,6]; c23:bw=10,experts=[4]; c38:bw=43,experts=[0,1,4,6]; c43:bw=42,experts=[0,1,4,6]; c12:bw=52,experts=[0,1,4,5,6]; c45:bw=39,experts=[0,4,6]; c0:bw=59,experts=[0,1,4,5,6]; c18:bw=28,experts=[4,6]; c30:bw=20,experts=[4,6]; c19:bw=43,experts=[0,2,4,6]; c1:bw=41,experts=[0,1,4,6]; c3:bw=46,experts=[0,1,4,6]; c40:bw=34,experts=[0,4,6]; c46:bw=10,experts=[4]; c9:bw=35,experts=[0,4,6]; c47:bw=33,experts=[0,4,6]; c22:bw=10,experts=[4]; c41:bw=44,experts=[0,1,4,6]; c32:bw=41,experts=[0,1,4,6]; c20:bw=10,experts=[4]; c37:bw=33,experts=[0,4,6]; c49:bw=12,experts=[4]; c48:bw=17,experts=[4]; c11:bw=21,experts=[4,6]; c42:bw=41,experts=[0,1,4,6]; c29:bw=25,experts=[2,4]; c4:bw=37,experts=[0,4,6]; c27:bw=24,experts=[4,6]; c13:bw=38,experts=[0,4,6]; c28:bw=24,experts=[4,6]; c21:bw=10,experts=[4]; c36:bw=43,experts=[2,4,5,6]; c15:bw=10,experts=[2]; c25:bw=66,experts=[0,1,2,4,5,6]","1.1295,1.3287,1.7140,1.8539,2.1453,1.1538,1.5579,1.1975,1.2703,1.0362,2.2332,1.0139,1.6084,1.4025,1.5139,1.2921,1.6888,1.6768,1.0685,1.2697,1.0680,2.1445,0.8059,1.4459,1.5265,1.4325,1.3920,1.5609,1.4845,1.2016,1.5138,1.0782,1.8149,0.8189,1.6990,1.6597,1.2532,3.3665,1.0300,1.1773,1.4085,1.6953,1.6755,1.5925,1.1955,1.2319,1.9389,1.2226,1.1895,2.5619"
11,2026-09-23 22:28:29,Ours,0.01,3.202690211438001,11.8,11.8,11,85.4573,1:25.46,74.1638,9.9594,1.3289,933.1157,15:33.12,50,"21,38,48,46,23,5,37,15,26,13,41,19,14,0,2,35,27,4,49,24,31,10,45,17,20,3,6,8,18,40,29,33,47,36,44,7,25,16,22,34,1,30,11,12,28,43,42,9,39,32",21:34;38:30;48:21;46:10;23:63;5:28;37:24;15:44;26:33;13:40;41:21;19:25;14:15;0:28;2:27;35:10;27:53;4:16;49:40;24:45;31:45;10:35;45:37;17:44;20:10;3:50;6:55;8:39;18:47;40:46;29:10;33:44;47:10;36:22;44:46;7:44;25:10;16:43;22:10;34:48;1:40;30:49;11:34;12:20;28:26;43:51;42:33;9:33;39:25;32:52,"21:[0,4,6];38:[0,4,6];48:[4,6];46:[1];23:[0,1,2,4,5,6];5:[4,6];37:[4,6];15:[0,1,4,6];26:[0,4,6];13:[0,1,4,6];41:[4,6];19:[4,6];14:[4];0:[4,6];2:[4,6];35:[4];27:[0,1,4,5,6];4:[4];49:[0,1,4,6];24:[0,1,4,6];31:[0,1,4,6];10:[0,4,6];45:[0,4,6];17:[0,1,4,6];20:[4];3:[0,1,4,5,6];6:[0,1,4,5,6];8:[0,4,6];18:[0,1,4,6];40:[0,1,4,6];29:[4];33:[0,1,4,6];47:[4];36:[4,6];44:[0,1,4,6];7:[0,1,4,6];25:[4];16:[0,1,4,6];22:[4];34:[0,1,4,6];1:[0,1,4,6];30:[0,1,4,6];11:[0,4,6];12:[4,6];28:[4,6];43:[0,1,4,5,6];42:[0,4,6];9:[0,4,6];39:[3,4];32:[0,1,4,5,6]","c21:bw=34,experts=[0,4,6]; c38:bw=30,experts=[0,4,6]; c48:bw=21,experts=[4,6]; c46:bw=10,experts=[1]; c23:bw=63,experts=[0,1,2,4,5,6]; c5:bw=28,experts=[4,6]; c37:bw=24,experts=[4,6]; c15:bw=44,experts=[0,1,4,6]; c26:bw=33,experts=[0,4,6]; c13:bw=40,experts=[0,1,4,6]; c41:bw=21,experts=[4,6]; c19:bw=25,experts=[4,6]; c14:bw=15,experts=[4]; c0:bw=28,experts=[4,6]; c2:bw=27,experts=[4,6]; c35:bw=10,experts=[4]; c27:bw=53,experts=[0,1,4,5,6]; c4:bw=16,experts=[4]; c49:bw=40,experts=[0,1,4,6]; c24:bw=45,experts=[0,1,4,6]; c31:bw=45,experts=[0,1,4,6]; c10:bw=35,experts=[0,4,6]; c45:bw=37,experts=[0,4,6]; c17:bw=44,experts=[0,1,4,6]; c20:bw=10,experts=[4]; c3:bw=50,experts=[0,1,4,5,6]; c6:bw=55,experts=[0,1,4,5,6]; c8:bw=39,experts=[0,4,6]; c18:bw=47,experts=[0,1,4,6]; c40:bw=46,experts=[0,1,4,6]; c29:bw=10,experts=[4]; c33:bw=44,experts=[0,1,4,6]; c47:bw=10,experts=[4]; c36:bw=22,experts=[4,6]; c44:bw=46,experts=[0,1,4,6]; c7:bw=44,experts=[0,1,4,6]; c25:bw=10,experts=[4]; c16:bw=43,experts=[0,1,4,6]; c22:bw=10,experts=[4]; c34:bw=48,experts=[0,1,4,6]; c1:bw=40,experts=[0,1,4,6]; c30:bw=49,experts=[0,1,4,6]; c11:bw=34,experts=[0,4,6]; c12:bw=20,experts=[4,6]; c28:bw=26,experts=[4,6]; c43:bw=51,experts=[0,1,4,5,6]; c42:bw=33,experts=[0,4,6]; c9:bw=33,experts=[0,4,6]; c39:bw=25,experts=[3,4]; c32:bw=52,experts=[0,1,4,5,6]","1.9735,1.0679,1.0515,1.2099,1.6918,2.1236,1.2652,1.2173,1.7059,1.1914,0.8153,1.4125,1.8357,0.8022,1.0397,1.3484,1.6215,1.6699,3.3104,1.1673,1.6063,1.3800,2.1212,1.2373,1.7001,1.5577,1.6988,1.1990,1.4342,1.4941,1.6924,1.5285,1.0951,1.2074,1.1271,1.0205,2.5444,2.1677,1.8174,1.2798,1.3870,1.5317,1.2005,1.0406,1.2389,1.2509,1.4134,1.4984,1.4668,1.7061"
12,2026-09-23 22:29:56,Ours,0.01,3.179692559320888,12.85,12.85,12,86.7326,1:26.73,74.745,10.6411,1.3411,1019.8643,16:59.86,50,"41,7,0,5,1,33,45,10,43,48,28,30,17,26,9,23,39,32,31,3,44,46,2,4,20,15,14,25,37,42,13,27,6,8,36,38,11,35,18,49,21,47,19,16,29,40,34,24,22,12",41:44;7:30;0:49;5:56;1:42;33:10;45:30;10:62;43:34;48:65;28:11;30:58;17:39;26:21;9:42;23:60;39:35;32:47;31:57;3:35;44:44;46:10;2:57;4:28;20:75;15:36;14:29;25:44;37:38;42:54;13:53;27:51;6:29;8:55;36:41;38:26;11:45;35:58;18:45;49:60;21:61;47:38;19:31;16:28;29:52;40:28;34:56;24:24;22:54;12:73,"41:[0,1,4,6];7:[0,4,6];0:[0,1,4,6];5:[0,2,3,4,6];1:[0,1,4,6];33:[4];45:[0,4,6];10:[0,1,2,4,5,6];43:[0,4,6];48:[0,1,2,4,5,6];28:[4];30:[0,1,4,5,6];17:[0,4,6];26:[4,6];9:[0,1,4,6];23:[0,1,2,4,5,6];39:[0,4,6];32:[0,2,4,6];31:[0,1,4,5,6];3:[0,4,6];44:[0,1,4,6];46:[5];2:[0,2,4,5,6];4:[1,4];20:[0,1,2,4,5,6,7];15:[0,4,6];14:[4,6];25:[0,1,4,6];37:[0,4,6];42:[0,1,4,5,6];13:[0,1,4,5,6];27:[0,1,4,5,6];6:[4,6];8:[0,1,4,5,6];36:[0,1,4,6];38:[4,6];11:[0,4,5,6];35:[0,1,4,5,6];18:[0,1,4,6];49:[0,1,2,4,5,6];21:[0,1,2,4,5,6];47:[0,4,6];19:[0,4,6];16:[4,6];29:[0,1,2,4,6];40:[4,6];34:[0,1,4,5,6];24:[4,6];22:[0,1,4,5,6];12:[0,1,2,3,4,5,6]","c41:bw=44,experts=[0,1,4,6]; c7:bw=30,experts=[0,4,6]; c0:bw=49,experts=[0,1,4,6]; c5:bw=56,experts=[0,2,3,4,6]; c1:bw=42,experts=[0,1,4,6]; c33:bw=10,experts=[4]; c45:bw=30,experts=[0,4,6]; c10:bw=62,experts=[0,1,2,4,5,6]; c43:bw=34,experts=[0,4,6]; c48:bw=65,experts=[0,1,2,4,5,6]; c28:bw=11,experts=[4]; c30:bw=58,experts=[0,1,4,5,6]; c17:bw=39,experts=[0,4,6]; c26:bw=21,experts=[4,6]; c9:bw=42,experts=[0,1,4,6]; c23:bw=60,experts=[0,1,2,4,5,6]; c39:bw=35,experts=[0,4,6]; c32:bw=47,experts=[0,2,4,6]; c31:bw=57,experts=[0,1,4,5,6]; c3:bw=35,experts=[0,4,6]; c44:bw=44,experts=[0,1,4,6]; c46:bw=10,experts=[5]; c2:bw=57,experts=[0,2,4,5,6]; c4:bw=28,experts=[1,4]; c20:bw=75,experts=[0,1,2,4,5,6,7]; c15:bw=36,experts=[0,4,6]; c14:bw=29,experts=[4,6]; c25:bw=44,experts=[0,1,4,6]; c37:bw=38,experts=[0,4,6]; c42:bw=54,experts=[0,1,4,5,6]; c13:bw=53,experts=[0,1,4,5,6]; c27:bw=51,experts=[0,1,4,5,6]; c6:bw=29,experts=[4,6]; c8:bw=55,experts=[0,1,4,5,6]; c36:bw=41,experts=[0,1,4,6]; c38:bw=26,experts=[4,6]; c11:bw=45,experts=[0,4,5,6]; c35:bw=58,experts=[0,1,4,5,6]; c18:bw=45,experts=[0,1,4,6]; c49:bw=60,experts=[0,1,2,4,5,6]; c21:bw=61,experts=[0,1,2,4,5,6]; c47:bw=38,experts=[0,4,6]; c19:bw=31,experts=[0,4,6]; c16:bw=28,experts=[4,6]; c29:bw=52,experts=[0,1,2,4,6]; c40:bw=28,experts=[4,6]; c34:bw=56,experts=[0,1,4,5,6]; c24:bw=24,experts=[4,6]; c22:bw=54,experts=[0,1,4,5,6]; c12:bw=73,experts=[0,1,2,3,4,5,6]","0.8063,1.0227,0.8236,2.1615,1.4319,1.5625,2.1650,1.4119,1.2763,1.0729,1.2611,1.5374,1.2480,1.7131,1.5439,1.7231,1.5299,1.7106,1.6225,1.5738,1.1331,1.2109,1.0382,1.6582,1.7137,1.2000,1.8385,2.5986,1.2574,1.4539,1.2203,1.6220,1.6968,1.1946,1.2359,1.0650,1.2047,1.3299,1.4039,3.2962,1.9788,1.1062,1.4213,2.1739,1.7117,1.4882,1.2710,1.1445,1.8349,1.0444"
13,2026-09-23 22:31:22,Ours,0.01,3.1673114648005787,13.58,13.58,13,86.3573,1:26.36,74.7982,10.2267,1.3271,1106.2379,18:26.24,50,"47,14,13,10,38,30,33,17,42,34,25,31,22,49,15,27,2,20,23,9,29,32,11,35,5,40,3,44,24,46,48,19,21,0,7,18,36,28,4,1,26,8,41,39,12,45,6,37,16,43",47:25;14:70;13:32;10:42;38:43;30:24;33:23;17:55;42:31;34:42;25:58;31:10;22:75;49:27;15:38;27:57;2:16;20:10;23:53;9:15;29:49;32:10;11:52;35:42;5:29;40:56;3:30;44:17;24:35;46:58;48:42;19:36;21:30;0:25;7:58;18:51;36:53;28:47;4:10;1:47;26:17;8:15;41:22;39:51;12:42;45:48;6:36;37:56;16:10;43:10,"47:[4,5];14:[0,1,2,4,5,6,7];13:[0,4,6];10:[0,1,4,6];38:[0,2,4,6];30:[4,6];33:[4,5];17:[0,2,4,5,6];42:[0,4,6];34:[0,1,4,6];25:[0,1,4,5,6];31:[4];22:[0,1,2,3,4,5,6];49:[4,6];15:[4,5,6];27:[0,1,4,5,6];2:[4];20:[4];23:[0,1,4,5,6];9:[2];29:[0,1,4,6];32:[4];11:[0,1,4,5,6];35:[0,1,4,6];5:[4,6];40:[0,1,4,5,6];3:[2,4,6];44:[4];24:[0,4,6];46:[0,1,4,5,6];48:[0,1,4,6];19:[0,4,6];21:[0,4,6];0:[4,6];7:[0,1,4,5,6];18:[0,1,4,5,6];36:[0,1,4,5,6];28:[0,1,4,6];4:[5];1:[0,1,4,6];26:[4];8:[4];41:[4,5];39:[0,2,4,5,6];12:[0,1,4,6];45:[2,4,5,6];6:[1,4,6];37:[0,1,4,5,6];16:[4];43:[4]","c47:bw=25,experts=[4,5]; c14:bw=70,experts=[0,1,2,4,5,6,7]; c13:bw=32,experts=[0,4,6]; c10:bw=42,experts=[0,1,4,6]; c38:bw=43,experts=[0,2,4,6]; c30:bw=24,experts=[4,6]; c33:bw=23,experts=[4,5]; c17:bw=55,experts=[0,2,4,5,6]; c42:bw=31,experts=[0,4,6]; c34:bw=42,experts=[0,1,4,6]; c25:bw=58,experts=[0,1,4,5,6]; c31:bw=10,experts=[4]; c22:bw=75,experts=[0,1,2,3,4,5,6]; c49:bw=27,experts=[4,6]; c15:bw=38,experts=[4,5,6]; c27:bw=57,experts=[0,1,4,5,6]; c2:bw=16,experts=[4]; c20:bw=10,experts=[4]; c23:bw=53,experts=[0,1,4,5,6]; c9:bw=15,experts=[2]; c29:bw=49,experts=[0,1,4,6]; c32:bw=10,experts=[4]; c11:bw=52,experts=[0,1,4,5,6]; c35:bw=42,experts=[0,1,4,6]; c5:bw=29,experts=[4,6]; c40:bw=56,experts=[0,1,4,5,6]; c3:bw=30,experts=[2,4,6]; c44:bw=17,experts=[4]; c24:bw=35,experts=[0,4,6]; c46:bw=58,experts=[0,1,4,5,6]; c48:bw=42,experts=[0,1,4,6]; c19:bw=36,experts=[0,4,6]; c21:bw=30,experts=[0,4,6]; c0:bw=25,experts=[4,6]; c7:bw=58,experts=[0,1,4,5,6]; c18:bw=51,experts=[0,1,4,5,6]; c36:bw=53,experts=[0,1,4,5,6]; c28:bw=47,experts=[0,1,4,6]; c4:bw=10,experts=[5]; c1:bw=47,experts=[0,1,4,6]; c26:bw=17,experts=[4]; c8:bw=15,experts=[4]; c41:bw=22,experts=[4,5]; c39:bw=51,experts=[0,2,4,5,6]; c12:bw=42,experts=[0,1,4,6]; c45:bw=48,experts=[2,4,5,6]; c6:bw=36,experts=[1,4,6]; c37:bw=56,experts=[0,1,4,5,6]; c16:bw=10,experts=[4]; c43:bw=10,experts=[4]","1.1132,1.8874,1.2096,1.4078,1.0677,1.5486,1.5759,1.2616,1.4446,1.3077,2.6339,1.6236,1.8664,3.3373,1.2101,1.6601,1.0545,1.8050,1.7033,1.5010,1.7081,1.6965,1.2142,1.3272,2.1319,1.5202,1.5620,1.1124,1.1552,1.1966,1.0482,1.4205,1.9753,0.8232,0.9976,1.4109,1.2236,1.2471,1.6424,1.3733,1.6771,1.1675,0.8164,1.5358,1.0412,2.1344,1.7167,1.2586,2.1854,1.2594"
14,2026-09-23 22:32:48,Ours,0.01,3.124777302266038,15.03,15.03,14,85.9969,1:26.00,74.726,9.9256,1.3403,1192.2512,19:52.25,50,"33,25,29,47,6,8,23,1,12,44,3,28,38,4,16,46,26,45,7,49,9,11,39,22,41,2,27,21,40,0,30,14,13,17,19,18,34,35,36,10,42,15,20,31,43,5,37,32,24,48",33:48;25:53;29:36;47:33;6:67;8:21;23:63;1:38;12:43;44:14;3:45;28:49;38:32;4:10;16:19;46:13;26:42;45:22;7:25;49:28;9:32;11:36;39:32;22:35;41:25;2:45;27:40;21:36;40:40;0:25;30:53;14:25;13:34;17:10;19:42;18:63;34:12;35:25;36:36;10:31;42:22;15:12;20:31;31:13;43:10;5:64;37:50;32:20;24:42;48:18,"33:[0,1,4,6];25:[0,1,4,5,6];29:[1,4,6];47:[1,4,6];6:[0,1,2,4,5,6];8:[2,4];23:[0,1,3,4,5,6];1:[0,4,6];12:[0,4,5,6];44:[5];3:[0,1,4,6];28:[2,3,4,6];38:[4,5,6];4:[4];16:[4];46:[4];26:[0,1,4,6];45:[4,6];7:[4,6];49:[4,6];9:[4,5,6];11:[0,4,6];39:[0,4,6];22:[0,4,6];41:[4,6];2:[0,1,4,6];27:[0,1,4,6];21:[0,4,6];40:[0,1,4,6];0:[4,6];30:[0,1,4,5,6];14:[4,6];13:[0,4,6];17:[4];19:[0,1,4,6];18:[0,1,2,4,5,6];34:[4];35:[4,6];36:[0,4,6];10:[0,4,6];42:[4,6];15:[4];20:[0,4,6];31:[4];43:[4];5:[0,1,2,4,5,6];37:[0,1,4,5,6];32:[4,6];24:[0,1,4,6];48:[4]","c33:bw=48,experts=[0,1,4,6]; c25:bw=53,experts=[0,1,4,5,6]; c29:bw=36,experts=[1,4,6]; c47:bw=33,experts=[1,4,6]; c6:bw=67,experts=[0,1,2,4,5,6]; c8:bw=21,experts=[2,4]; c23:bw=63,experts=[0,1,3,4,5,6]; c1:bw=38,experts=[0,4,6]; c12:bw=43,experts=[0,4,5,6]; c44:bw=14,experts=[5]; c3:bw=45,experts=[0,1,4,6]; c28:bw=49,experts=[2,3,4,6]; c38:bw=32,experts=[4,5,6]; c4:bw=10,experts=[4]; c16:bw=19,experts=[4]; c46:bw=13,experts=[4]; c26:bw=42,experts=[0,1,4,6]; c45:bw=22,experts=[4,6]; c7:bw=25,experts=[4,6]; c49:bw=28,experts=[4,6]; c9:bw=32,experts=[4,5,6]; c11:bw=36,experts=[0,4,6]; c39:bw=32,experts=[0,4,6]; c22:bw=35,experts=[0,4,6]; c41:bw=25,experts=[4,6]; c2:bw=45,experts=[0,1,4,6]; c27:bw=40,experts=[0,1,4,6]; c21:bw=36,experts=[0,4,6]; c40:bw=40,experts=[0,1,4,6]; c0:bw=25,experts=[4,6]; c30:bw=53,experts=[0,1,4,5,6]; c14:bw=25,experts=[4,6]; c13:bw=34,experts=[0,4,6]; c17:bw=10,experts=[4]; c19:bw=42,experts=[0,1,4,6]; c18:bw=63,experts=[0,1,2,4,5,6]; c34:bw=12,experts=[4]; c35:bw=25,experts=[4,6]; c36:bw=36,experts=[0,4,6]; c10:bw=31,experts=[0,4,6]; c42:bw=22,experts=[4,6]; c15:bw=12,experts=[4]; c20:bw=31,experts=[0,4,6]; c31:bw=13,experts=[4]; c43:bw=10,experts=[4]; c5:bw=64,experts=[0,1,2,4,5,6]; c37:bw=50,experts=[0,1,4,5,6]; c32:bw=20,experts=[4,6]; c24:bw=42,experts=[0,1,4,6]; c48:bw=18,experts=[4]","1.5511,2.6239,1.7369,1.1104,1.7073,1.2092,1.7236,1.4146,1.0714,1.1376,1.5815,1.2769,1.0585,1.6881,2.2335,1.2003,1.7123,2.1328,1.0061,3.3252,1.5345,1.2085,1.5269,1.8486,0.8096,1.0410,1.6072,1.9867,1.5052,0.8011,1.5495,1.8486,1.1940,1.2290,1.4157,1.4182,1.2730,1.3378,1.2111,1.3855,1.4149,1.1944,1.7243,1.6145,1.2649,2.1172,1.2726,1.7097,1.1524,1.0284"
15,2026-09-23 22:34:15,Ours,0.01,3.0998219832360387,15.67,15.67,15,86.3842,1:26.38,74.9288,10.1328,1.3174,1278.6512,21:18.65,50,"15,3,33,49,13,7,44,11,42,38,6,41,18,2,46,39,30,45,20,10,47,14,31,25,21,0,23,22,36,40,48,37,29,9,1,24,4,17,5,34,43,28,27,12,19,32,8,16,26,35",15:10;3:10;33:45;49:10;13:60;7:59;44:59;11:55;42:66;38:41;6:33;41:45;18:34;2:53;46:25;39:66;30:34;45:25;20:43;10:13;47:49;14:50;31:54;25:32;21:14;0:20;23:58;22:60;36:52;40:18;48:14;37:26;29:10;9:19;1:14;24:45;4:47;17:47;5:18;34:37;43:42;28:40;27:36;12:10;19:59;32:58;8:52;16:29;26:48;35:11,"15:[4];3:[4];33:[1,4,5,6];49:[4];13:[0,1,2,4,5,6];7:[0,1,4,5,6];44:[0,1,4,5,6];11:[0,2,4,5,6];42:[0,1,2,4,5,6];38:[0,1,4,6];6:[0,4,6];41:[0,1,4,6];18:[0,4,6];2:[0,1,4,5,6];46:[4,6];39:[0,1,2,4,5,6];30:[0,4,6];45:[1,4];20:[0,1,4,6];10:[4];47:[0,1,4,6];14:[0,1,4,5,6];31:[0,1,4,5,6];25:[0,4,6];21:[4];0:[4,6];23:[0,1,4,5,6];22:[0,1,2,4,5,6];36:[0,1,4,5,6];40:[4];48:[4];37:[2,7];29:[4];9:[4];1:[4];24:[0,1,4,6];4:[0,1,4,6];17:[0,1,4,6];5:[4];34:[0,4,6];43:[0,1,4,6];28:[0,1,4,6];27:[0,4,6];12:[4];19:[0,1,4,5,6];32:[0,1,4,5,6];8:[0,1,4,5,6];16:[4,5];26:[0,1,4,6];35:[4]","c15:bw=10,experts=[4]; c3:bw=10,experts=[4]; c33:bw=45,experts=[1,4,5,6]; c49:bw=10,experts=[4]; c13:bw=60,experts=[0,1,2,4,5,6]; c7:bw=59,experts=[0,1,4,5,6]; c44:bw=59,experts=[0,1,4,5,6]; c11:bw=55,experts=[0,2,4,5,6]; c42:bw=66,experts=[0,1,2,4,5,6]; c38:bw=41,experts=[0,1,4,6]; c6:bw=33,experts=[0,4,6]; c41:bw=45,experts=[0,1,4,6]; c18:bw=34,experts=[0,4,6]; c2:bw=53,experts=[0,1,4,5,6]; c46:bw=25,experts=[4,6]; c39:bw=66,experts=[0,1,2,4,5,6]; c30:bw=34,experts=[0,4,6]; c45:bw=25,experts=[1,4]; c20:bw=43,experts=[0,1,4,6]; c10:bw=13,experts=[4]; c47:bw=49,experts=[0,1,4,6]; c14:bw=50,experts=[0,1,4,5,6]; c31:bw=54,experts=[0,1,4,5,6]; c25:bw=32,experts=[0,4,6]; c21:bw=14,experts=[4]; c0:bw=20,experts=[4,6]; c23:bw=58,experts=[0,1,4,5,6]; c22:bw=60,experts=[0,1,2,4,5,6]; c36:bw=52,experts=[0,1,4,5,6]; c40:bw=18,experts=[4]; c48:bw=14,experts=[4]; c37:bw=26,experts=[2,7]; c29:bw=10,experts=[4]; c9:bw=19,experts=[4]; c1:bw=14,experts=[4]; c24:bw=45,experts=[0,1,4,6]; c4:bw=47,experts=[0,1,4,6]; c17:bw=47,experts=[0,1,4,6]; c5:bw=18,experts=[4]; c34:bw=37,experts=[0,4,6]; c43:bw=42,experts=[0,1,4,6]; c28:bw=40,experts=[0,1,4,6]; c27:bw=36,experts=[0,4,6]; c12:bw=10,experts=[4]; c19:bw=59,experts=[0,1,4,5,6]; c32:bw=58,experts=[0,1,4,5,6]; c8:bw=52,experts=[0,1,4,5,6]; c16:bw=29,experts=[4,5]; c26:bw=48,experts=[0,1,4,6]; c35:bw=11,experts=[4]","1.2037,1.5626,1.5738,3.3575,1.2089,1.0168,1.1498,1.2052,1.4388,1.0523,1.7092,0.8327,1.4619,1.0501,1.2197,1.5273,1.5522,2.1413,1.7267,1.4037,1.1314,1.8840,1.6300,2.6082,1.9681,0.8097,1.7055,1.9396,1.2272,1.4990,1.0642,1.2623,1.7227,1.5068,1.3992,1.1570,1.6652,1.2621,2.1170,1.2803,1.2493,1.2648,1.5909,1.0382,1.4317,1.7167,1.1984,2.1826,1.6966,1.3256"
16,2026-09-23 22:35:41,Ours,0.01,3.2830045388060456,16.08,16.08,16,86.5225,1:26.52,74.8939,10.2971,1.3264,1365.1909,22:45.19,50,"23,22,47,19,42,40,39,49,5,6,35,10,34,43,46,44,37,14,15,45,4,24,28,38,11,17,26,2,29,21,1,32,25,7,30,27,33,31,41,3,12,0,8,13,20,16,18,48,9,36",23:12;22:53;47:28;19:62;42:49;40:51;39:55;49:54;5:40;6:40;35:70;10:22;34:63;43:24;46:19;44:45;37:10;14:29;15:48;45:47;4:35;24:25;28:56;38:43;11:10;17:43;26:51;2:52;29:37;21:49;1:29;32:33;25:35;7:22;30:40;27:57;33:57;31:28;41:25;3:43;12:14;0:57;8:49;13:24;20:50;16:54;18:12;48:30;9:24;36:44,"23:[7];22:[0,1,4,6,7];47:[3,7];19:[0,1,3,4,6,7];42:[3,4,6,7];40:[0,3,4,6,7];39:[0,1,4,6,7];49:[0,3,4,6,7];5:[0,4,6,7];6:[3,4,6,7];35:[0,1,3,4,5,6,7];10:[3,7];34:[0,1,3,4,5,6];43:[3,7];46:[3];44:[3,4,6,7];37:[3];14:[3,4];15:[3,4,6,7];45:[0,3,4,6];4:[3,4,6];24:[3,7];28:[0,1,4,6,7];38:[3,4,6,7];11:[3];17:[3,4,6,7];26:[0,3,4,6,7];2:[0,3,4,6,7];29:[3,5,7];21:[3,4,6,7];1:[3,5];32:[3,4,7];25:[3,4,7];7:[3,4];30:[3,4,6,7];27:[1,3,4,6,7];33:[1,3,4,6,7];31:[3,7];41:[3,7];3:[3,4,6,7];12:[7];0:[0,3,4,6,7];8:[3,4,6,7];13:[3,7];20:[0,1,3,4,6];16:[0,3,4,6,7];18:[3];48:[3,4,6];9:[3,7];36:[3,4,6,7]","c23:bw=12,experts=[7]; c22:bw=53,experts=[0,1,4,6,7]; c47:bw=28,experts=[3,7]; c19:bw=62,experts=[0,1,3,4,6,7]; c42:bw=49,experts=[3,4,6,7]; c40:bw=51,experts=[0,3,4,6,7]; c39:bw=55,experts=[0,1,4,6,7]; c49:bw=54,experts=[0,3,4,6,7]; c5:bw=40,experts=[0,4,6,7]; c6:bw=40,experts=[3,4,6,7]; c35:bw=70,experts=[0,1,3,4,5,6,7]; c10:bw=22,experts=[3,7]; c34:bw=63,experts=[0,1,3,4,5,6]; c43:bw=24,experts=[3,7]; c46:bw=19,experts=[3]; c44:bw=45,experts=[3,4,6,7]; c37:bw=10,experts=[3]; c14:bw=29,experts=[3,4]; c15:bw=48,experts=[3,4,6,7]; c45:bw=47,experts=[0,3,4,6]; c4:bw=35,experts=[3,4,6]; c24:bw=25,experts=[3,7]; c28:bw=56,experts=[0,1,4,6,7]; c38:bw=43,experts=[3,4,6,7]; c11:bw=10,experts=[3]; c17:bw=43,experts=[3,4,6,7]; c26:bw=51,experts=[0,3,4,6,7]; c2:bw=52,experts=[0,3,4,6,7]; c29:bw=37,experts=[3,5,7]; c21:bw=49,experts=[3,4,6,7]; c1:bw=29,experts=[3,5]; c32:bw=33,experts=[3,4,7]; c25:bw=35,experts=[3,4,7]; c7:bw=22,experts=[3,4]; c30:bw=40,experts=[3,4,6,7]; c27:bw=57,experts=[1,3,4,6,7]; c33:bw=57,experts=[1,3,4,6,7]; c31:bw=28,experts=[3,7]; c41:bw=25,experts=[3,7]; c3:bw=43,experts=[3,4,6,7]; c12:bw=14,experts=[7]; c0:bw=57,experts=[0,3,4,6,7]; c8:bw=49,experts=[3,4,6,7]; c13:bw=24,experts=[3,7]; c20:bw=50,experts=[0,1,3,4,6]; c16:bw=54,experts=[0,3,4,6,7]; c18:bw=12,experts=[3]; c48:bw=30,experts=[3,4,6]; c9:bw=24,experts=[3,7]; c36:bw=44,experts=[3,4,6,7]","1.6833,1.8964,1.1337,1.4407,1.4256,1.5096,1.5287,3.3575,2.1600,1.7130,1.3611,1.4013,1.3115,1.2644,1.2167,1.1502,1.2657,1.8426,1.2101,2.1631,1.6992,1.1728,1.2748,1.0495,1.1806,1.2623,1.7135,1.0394,1.7096,1.9970,1.4175,1.7038,2.5796,1.0052,1.5278,1.6311,1.5343,1.6028,0.7994,1.5690,1.0353,0.7973,1.2013,1.2111,1.7256,2.1982,1.4039,1.0440,1.5378,1.2348"
17,2026-09-23 22:37:08,Ours,0.01,3.155703386745399,17.79,17.79,17,86.3702,1:26.37,75.1286,9.8874,1.3488,1451.5778,24:11.58,50,"25,0,11,38,6,48,30,17,34,2,8,13,45,47,46,7,27,21,22,43,18,31,15,24,10,12,42,20,5,1,39,44,19,35,36,40,9,3,28,4,16,41,29,49,23,32,37,33,26,14",25:27;0:11;11:10;38:58;6:39;48:10;30:10;17:11;34:57;2:19;8:10;13:27;45:42;47:46;46:39;7:25;27:27;21:10;22:31;43:10;18:31;31:44;15:50;24:40;10:44;12:74;42:18;20:58;5:10;1:29;39:10;44:60;19:40;35:48;36:21;40:10;9:37;3:52;28:18;4:58;16:30;41:61;29:48;49:27;23:39;32:31;37:21;33:23;26:43;14:33,"25:[4,6];0:[2];11:[7];38:[0,1,4,5,6];6:[0,4,6];48:[7];30:[2];17:[4];34:[0,2,4,6,7];2:[4];8:[4];13:[4,6];45:[0,4,6,7];47:[0,2,4,6];46:[2,4,7];7:[2,7];27:[2,4];21:[4];22:[0,4,6];43:[2];18:[4,6,7];31:[0,2,4,6];15:[0,1,4,5,6];24:[0,1,4,6];10:[0,1,4,6];12:[0,1,2,3,4,5,6];42:[4];20:[0,1,4,5,6];5:[4];1:[2,7];39:[4];44:[0,1,2,4,5,6];19:[0,1,4,6];35:[0,2,4,6];36:[4,6];40:[2];9:[0,4,6];3:[0,1,4,5,6];28:[5];4:[0,2,4,6,7];16:[2,4,6];41:[0,1,2,4,5,6];29:[0,1,4,6];49:[4,6];23:[0,4,6];32:[0,4,6];37:[4,6];33:[2,4];26:[0,2,4,6];14:[0,4,6]","c25:bw=27,experts=[4,6]; c0:bw=11,experts=[2]; c11:bw=10,experts=[7]; c38:bw=58,experts=[0,1,4,5,6]; c6:bw=39,experts=[0,4,6]; c48:bw=10,experts=[7]; c30:bw=10,experts=[2]; c17:bw=11,experts=[4]; c34:bw=57,experts=[0,2,4,6,7]; c2:bw=19,experts=[4]; c8:bw=10,experts=[4]; c13:bw=27,experts=[4,6]; c45:bw=42,experts=[0,4,6,7]; c47:bw=46,experts=[0,2,4,6]; c46:bw=39,experts=[2,4,7]; c7:bw=25,experts=[2,7]; c27:bw=27,experts=[2,4]; c21:bw=10,experts=[4]; c22:bw=31,experts=[0,4,6]; c43:bw=10,experts=[2]; c18:bw=31,experts=[4,6,7]; c31:bw=44,experts=[0,2,4,6]; c15:bw=50,experts=[0,1,4,5,6]; c24:bw=40,experts=[0,1,4,6]; c10:bw=44,experts=[0,1,4,6]; c12:bw=74,experts=[0,1,2,3,4,5,6]; c42:bw=18,experts=[4]; c20:bw=58,experts=[0,1,4,5,6]; c5:bw=10,experts=[4]; c1:bw=29,experts=[2,7]; c39:bw=10,experts=[4]; c44:bw=60,experts=[0,1,2,4,5,6]; c19:bw=40,experts=[0,1,4,6]; c35:bw=48,experts=[0,2,4,6]; c36:bw=21,experts=[4,6]; c40:bw=10,experts=[2]; c9:bw=37,experts=[0,4,6]; c3:bw=52,experts=[0,1,4,5,6]; c28:bw=18,experts=[5]; c4:bw=58,experts=[0,2,4,6,7]; c16:bw=30,experts=[2,4,6]; c41:bw=61,experts=[0,1,2,4,5,6]; c29:bw=48,experts=[0,1,4,6]; c49:bw=27,experts=[4,6]; c23:bw=39,experts=[0,4,6]; c32:bw=31,experts=[0,4,6]; c37:bw=21,experts=[4,6]; c33:bw=23,experts=[2,4]; c26:bw=43,experts=[0,2,4,6]; c14:bw=33,experts=[0,4,6]","2.6321,0.8189,1.2151,1.0637,1.7321,1.0558,1.5376,1.2413,1.3227,1.0573,1.2195,1.2287,2.1626,1.1337,1.2316,1.0387,1.6318,2.0032,1.8798,1.2645,1.4431,1.6426,1.2112,1.1698,1.4027,1.0768,1.4491,1.7120,2.1345,1.3791,1.4894,1.1365,1.4087,1.3511,1.2317,1.5066,1.5385,1.5478,1.2478,1.6707,2.1998,0.8894,1.7340,3.3293,1.6988,1.7163,1.2806,1.5534,1.6783,1.8283"
18,2026-09-23 22:38:34,Ours,0.01,3.005038372509994,19.21,19.21,18,86.534,1:26.53,74.9238,10.2765,1.3283,1538.129,25:38.13,50,"32,28,12,22,18,36,37,40,1,29,6,39,9,42,43,19,47,46,2,34,7,45,3,16,15,10,23,30,44,31,14,24,35,8,26,38,13,33,25,11,48,0,5,49,21,41,27,17,4,20",32:30;28:43;12:18;22:49;18:60;36:54;37:51;40:17;1:10;29:39;6:31;39:37;9:19;42:14;43:55;19:33;47:45;46:52;2:37;34:38;7:55;45:22;3:37;16:38;15:51;10:27;23:56;30:70;44:18;31:10;14:40;24:30;35:41;8:10;26:57;38:60;13:43;33:63;25:32;11:57;48:44;0:49;5:35;49:28;21:26;41:34;27:31;17:50;4:56;20:45,"32:[0,4,6];28:[0,4,5,6];12:[4];22:[0,1,4,6];18:[0,1,2,4,5,6];36:[0,1,2,4,6];37:[0,1,4,5,6];40:[4];1:[4];29:[0,4,6];6:[0,4,6];39:[4,5,6];9:[4];42:[4];43:[0,1,4,5,6];19:[2,4,6];47:[0,1,4,6];46:[0,1,4,5,6];2:[0,4,6];34:[0,4,6];7:[0,1,4,5,6];45:[4,6];3:[1,4,6];16:[0,4,6];15:[0,1,2,4,6];10:[4,6];23:[0,1,4,5,6];30:[0,1,2,3,4,5,6];44:[4];31:[4];14:[0,1,4,6];24:[2,4,5];35:[0,1,4,6];8:[4];26:[0,1,4,5,6];38:[0,1,2,4,5,6];13:[0,1,4,6];33:[0,1,2,4,5,6];25:[2,4,6];11:[0,1,4,5,6];48:[0,4,5,6];0:[0,4,5,6];5:[0,4,6];49:[4,6];21:[4,6];41:[0,4,6];27:[0,4,6];17:[0,1,4,5,6];4:[0,1,4,5,6];20:[0,4,5,6]","c32:bw=30,experts=[0,4,6]; c28:bw=43,experts=[0,4,5,6]; c12:bw=18,experts=[4]; c22:bw=49,experts=[0,1,4,6]; c18:bw=60,experts=[0,1,2,4,5,6]; c36:bw=54,experts=[0,1,2,4,6]; c37:bw=51,experts=[0,1,4,5,6]; c40:bw=17,experts=[4]; c1:bw=10,experts=[4]; c29:bw=39,experts=[0,4,6]; c6:bw=31,experts=[0,4,6]; c39:bw=37,experts=[4,5,6]; c9:bw=19,experts=[4]; c42:bw=14,experts=[4]; c43:bw=55,experts=[0,1,4,5,6]; c19:bw=33,experts=[2,4,6]; c47:bw=45,experts=[0,1,4,6]; c46:bw=52,experts=[0,1,4,5,6]; c2:bw=37,experts=[0,4,6]; c34:bw=38,experts=[0,4,6]; c7:bw=55,experts=[0,1,4,5,6]; c45:bw=22,experts=[4,6]; c3:bw=37,experts=[1,4,6]; c16:bw=38,experts=[0,4,6]; c15:bw=51,experts=[0,1,2,4,6]; c10:bw=27,experts=[4,6]; c23:bw=56,experts=[0,1,4,5,6]; c30:bw=70,experts=[0,1,2,3,4,5,6]; c44:bw=18,experts=[4]; c31:bw=10,experts=[4]; c14:bw=40,experts=[0,1,4,6]; c24:bw=30,experts=[2,4,5]; c35:bw=41,experts=[0,1,4,6]; c8:bw=10,experts=[4]; c26:bw=57,experts=[0,1,4,5,6]; c38:bw=60,experts=[0,1,2,4,5,6]; c13:bw=43,experts=[0,1,4,6]; c33:bw=63,experts=[0,1,2,4,5,6]; c25:bw=32,experts=[2,4,6]; c11:bw=57,experts=[0,1,4,5,6]; c48:bw=44,experts=[0,4,5,6]; c0:bw=49,experts=[0,4,5,6]; c5:bw=35,experts=[0,4,6]; c49:bw=28,experts=[4,6]; c21:bw=26,experts=[4,6]; c41:bw=34,experts=[0,4,6]; c27:bw=31,experts=[0,4,6]; c17:bw=50,experts=[0,1,4,5,6]; c4:bw=56,experts=[0,1,4,5,6]; c20:bw=45,experts=[0,4,5,6]","1.7372,1.2878,1.0536,1.8729,1.4416,1.2367,1.2915,1.5162,1.4052,1.7352,1.7209,1.5338,1.5402,1.4561,1.2957,1.4318,1.1239,1.2286,1.0467,1.2808,1.0199,2.1339,1.5615,2.1977,1.2160,1.3878,1.6816,1.5325,1.1404,1.6241,1.8607,1.1623,1.3585,1.1852,1.7033,1.0598,1.1839,1.5543,2.5942,1.1989,1.0579,0.8010,2.1116,3.3131,1.9759,0.8256,1.6232,1.2313,1.6798,1.7116"
19,2026-09-23 22:40:01,Ours,0.01,2.9915840832568987,20.14,20.14,19,86.7199,1:26.72,75.3072,10.0923,1.3151,1624.867,27:04.87,50,"10,47,13,15,23,6,18,20,5,4,28,26,33,11,0,31,7,29,1,41,48,40,43,30,8,49,38,3,32,19,12,35,39,25,21,16,9,27,36,24,14,34,37,17,44,42,45,22,46,2",10:35;47:28;13:10;15:39;23:15;6:66;18:31;20:21;5:29;4:51;28:10;26:33;33:70;11:20;0:42;31:32;7:22;29:36;1:46;41:64;48:20;40:38;43:15;30:25;8:56;49:50;38:43;3:40;32:59;19:37;12:54;35:30;39:20;25:59;21:52;16:13;9:38;27:34;36:21;24:45;14:30;34:52;37:12;17:67;44:22;42:18;45:62;22:29;46:14;2:14,"10:[0,4,6];47:[4,6];13:[4];15:[0,4,6];23:[4];6:[0,1,2,4,5,6];18:[0,4,6];20:[4,6];5:[4,6];4:[0,1,4,5,6];28:[4];26:[0,4,6];33:[0,1,2,3,4,5,6];11:[4,6];0:[0,1,4,6];31:[0,4,6];7:[4,6];29:[0,4,6];1:[0,1,4,6];41:[0,1,2,4,5,6];48:[4,6];40:[0,4,6];43:[4];30:[4,6];8:[0,1,4,5,6];49:[0,1,4,5,6];38:[0,1,4,6];3:[0,1,4,6];32:[0,1,4,5,6];19:[0,4,6];12:[0,1,4,5,6];35:[0,4,6];39:[3,4];25:[0,1,4,5,6];21:[0,1,4,5,6];16:[1];9:[0,4,6];27:[0,4,6];36:[4,6];24:[0,1,4,6];14:[0,4,6];34:[0,1,4,5,6];37:[4];17:[0,1,2,4,5,6];44:[4,6];42:[4];45:[0,1,2,4,5,6];22:[4,6];46:[4];2:[4]","c10:bw=35,experts=[0,4,6]; c47:bw=28,experts=[4,6]; c13:bw=10,experts=[4]; c15:bw=39,experts=[0,4,6]; c23:bw=15,experts=[4]; c6:bw=66,experts=[0,1,2,4,5,6]; c18:bw=31,experts=[0,4,6]; c20:bw=21,experts=[4,6]; c5:bw=29,experts=[4,6]; c4:bw=51,experts=[0,1,4,5,6]; c28:bw=10,experts=[4]; c26:bw=33,experts=[0,4,6]; c33:bw=70,experts=[0,1,2,3,4,5,6]; c11:bw=20,experts=[4,6]; c0:bw=42,experts=[0,1,4,6]; c31:bw=32,experts=[0,4,6]; c7:bw=22,experts=[4,6]; c29:bw=36,experts=[0,4,6]; c1:bw=46,experts=[0,1,4,6]; c41:bw=64,experts=[0,1,2,4,5,6]; c48:bw=20,experts=[4,6]; c40:bw=38,experts=[0,4,6]; c43:bw=15,experts=[4]; c30:bw=25,experts=[4,6]; c8:bw=56,experts=[0,1,4,5,6]; c49:bw=50,experts=[0,1,4,5,6]; c38:bw=43,experts=[0,1,4,6]; c3:bw=40,experts=[0,1,4,6]; c32:bw=59,experts=[0,1,4,5,6]; c19:bw=37,experts=[0,4,6]; c12:bw=54,experts=[0,1,4,5,6]; c35:bw=30,experts=[0,4,6]; c39:bw=20,experts=[3,4]; c25:bw=59,experts=[0,1,4,5,6]; c21:bw=52,experts=[0,1,4,5,6]; c16:bw=13,experts=[1]; c9:bw=38,experts=[0,4,6]; c27:bw=34,experts=[0,4,6]; c36:bw=21,experts=[4,6]; c24:bw=45,experts=[0,1,4,6]; c14:bw=30,experts=[0,4,6]; c34:bw=52,experts=[0,1,4,5,6]; c37:bw=12,experts=[4]; c17:bw=67,experts=[0,1,2,4,5,6]; c44:bw=22,experts=[4,6]; c42:bw=18,experts=[4]; c45:bw=62,experts=[0,1,2,4,5,6]; c22:bw=29,experts=[4,6]; c46:bw=14,experts=[4]; c2:bw=14,experts=[4]","1.4134,1.1182,1.2098,1.2322,1.7031,1.7275,1.4430,1.7422,2.1386,1.7052,1.2826,1.7274,1.5957,1.2228,0.8385,1.6563,1.0203,1.7424,1.4182,0.8186,1.0499,1.5264,1.2587,1.5299,1.2226,3.3707,1.0482,1.5680,1.6961,1.4409,1.0678,1.3467,1.4981,2.6360,2.0049,2.2285,1.5321,1.6270,1.2272,1.1404,1.8593,1.3006,1.2586,1.2582,1.1523,1.4184,2.1550,1.8471,1.2270,1.0546"
20,2026-09-23 22:41:28,Ours,0.01,3.0013075889299126,20.85,20.85,20,86.8662,1:26.87,75.3384,10.174,1.3487,1711.7522,28:31.75,50,"6,39,13,48,0,22,45,26,17,15,33,4,11,12,35,9,7,28,25,47,18,24,16,46,31,14,42,40,27,19,1,43,34,37,38,2,8,23,30,41,10,29,3,44,49,20,21,32,36,5",6:68;39:41;13:40;48:31;0:28;22:75;45:13;26:31;17:48;15:19;33:34;4:59;11:10;12:44;35:36;9:17;7:43;28:34;25:21;47:33;18:21;24:43;16:40;46:29;31:10;14:30;42:41;40:10;27:42;19:48;1:40;43:44;34:11;37:48;38:35;2:41;8:50;23:37;30:51;41:15;10:16;29:17;3:18;44:60;49:46;20:58;21:44;32:63;36:46;5:10,"6:[0,1,2,4,5,6];39:[0,1,4,6];13:[0,1,4,6];48:[2,4,6];0:[4,6];22:[0,1,2,3,4,5,6];45:[4];26:[0,4,6];17:[0,1,4,6];15:[4];33:[1,4,6];4:[0,1,4,5,6];11:[4];12:[0,4,5,6];35:[0,4,6];9:[1];7:[0,1,4,6];28:[0,4,6];25:[4,6];47:[0,4,6];18:[4,6];24:[0,1,4,6];16:[0,1,4,6];46:[4,6];31:[4];14:[0,4,6];42:[0,1,4,6];40:[4];27:[0,1,4,6];19:[0,1,4,6];1:[0,1,4,6];43:[0,1,4,6];34:[4];37:[1,4,5,6];38:[0,4,6];2:[0,2,4,6];8:[0,1,4,5,6];23:[2,4,6];30:[0,1,4,5,6];41:[4];10:[2];29:[2];3:[4];44:[0,1,2,4,5,6];49:[0,2,4,6];20:[0,2,4,6,7];21:[0,2,4,6];32:[0,1,2,4,5,6];36:[0,1,4,6];5:[3]","c6:bw=68,experts=[0,1,2,4,5,6]; c39:bw=41,experts=[0,1,4,6]; c13:bw=40,experts=[0,1,4,6]; c48:bw=31,experts=[2,4,6]; c0:bw=28,experts=[4,6]; c22:bw=75,experts=[0,1,2,3,4,5,6]; c45:bw=13,experts=[4]; c26:bw=31,experts=[0,4,6]; c17:bw=48,experts=[0,1,4,6]; c15:bw=19,experts=[4]; c33:bw=34,experts=[1,4,6]; c4:bw=59,experts=[0,1,4,5,6]; c11:bw=10,experts=[4]; c12:bw=44,experts=[0,4,5,6]; c35:bw=36,experts=[0,4,6]; c9:bw=17,experts=[1]; c7:bw=43,experts=[0,1,4,6]; c28:bw=34,experts=[0,4,6]; c25:bw=21,experts=[4,6]; c47:bw=33,experts=[0,4,6]; c18:bw=21,experts=[4,6]; c24:bw=43,experts=[0,1,4,6]; c16:bw=40,experts=[0,1,4,6]; c46:bw=29,experts=[4,6]; c31:bw=10,experts=[4]; c14:bw=30,experts=[0,4,6]; c42:bw=41,experts=[0,1,4,6]; c40:bw=10,experts=[4]; c27:bw=42,experts=[0,1,4,6]; c19:bw=48,experts=[0,1,4,6]; c1:bw=40,experts=[0,1,4,6]; c43:bw=44,experts=[0,1,4,6]; c34:bw=11,experts=[4]; c37:bw=48,experts=[1,4,5,6]; c38:bw=35,experts=[0,4,6]; c2:bw=41,experts=[0,2,4,6]; c8:bw=50,experts=[0,1,4,5,6]; c23:bw=37,experts=[2,4,6]; c30:bw=51,experts=[0,1,4,5,6]; c41:bw=15,experts=[4]; c10:bw=16,experts=[2]; c29:bw=17,experts=[2]; c3:bw=18,experts=[4]; c44:bw=60,experts=[0,1,2,4,5,6]; c49:bw=46,experts=[0,2,4,6]; c20:bw=58,experts=[0,2,4,6,7]; c21:bw=44,experts=[0,2,4,6]; c32:bw=63,experts=[0,1,2,4,5,6]; c36:bw=46,experts=[0,1,4,6]; c5:bw=10,experts=[3]","1.7420,1.5547,1.2167,1.0489,0.8107,1.9673,2.1528,1.6977,1.2776,1.2218,1.5593,1.7230,1.2202,1.0572,1.3642,1.5495,1.0229,1.2840,2.6332,1.1205,1.4186,1.1770,2.2375,1.2092,1.6033,1.8623,1.4467,1.4712,1.6212,1.4330,1.4316,1.2773,1.3047,1.2617,1.0632,1.0491,1.2264,1.7116,1.5396,0.8190,1.4020,1.7163,1.5418,1.1308,3.3450,1.7515,2.0087,1.7322,1.2104,2.1112"
21,2026-09-23 22:42:55,Ours,0.01,2.923962784746701,21.52,21.52,21,86.8738,1:26.87,75.4126,10.1485,1.3076,1798.6442,29:58.64,50,"17,39,34,6,15,3,21,42,28,29,20,30,24,23,31,18,49,11,27,47,40,38,14,43,26,16,8,44,48,19,33,7,41,1,45,22,4,9,5,32,2,12,35,10,36,37,13,25,0,46",17:35;39:55;34:10;6:16;15:19;3:10;21:15;42:10;28:13;29:52;20:40;30:15;24:38;23:37;31:10;18:60;49:63;11:23;27:33;47:47;40:31;38:35;14:31;43:59;26:45;16:33;8:18;44:45;48:56;19:58;33:39;7:12;41:42;1:41;45:45;22:48;4:48;9:25;5:32;32:66;2:39;12:38;35:56;10:40;36:53;37:21;13:23;25:39;0:66;46:44,"17:[0,4,6];39:[0,1,4,5,6];34:[4];6:[4];15:[4];3:[2];21:[4];42:[4];28:[4];29:[0,1,4,5,6];20:[0,1,4,6];30:[4];24:[1,4,6];23:[0,4,6];31:[4];18:[0,1,2,4,5,6];49:[0,1,2,4,5,6];11:[4,6];27:[4,5,6];47:[0,4,5,6];40:[4,5,6];38:[0,4,6];14:[2,4,7];43:[0,1,4,5,6];26:[0,4,5,6];16:[0,4,6];8:[4];44:[0,1,4,6];48:[0,1,4,5,6];19:[0,1,4,5,6];33:[0,4,6];7:[4];41:[0,4,5,6];1:[0,4,5,6];45:[0,1,4,6];22:[0,1,4,6];4:[0,4,5,6];9:[2,4];5:[1,4,6];32:[0,1,2,4,5,6];2:[0,4,6];12:[4,5,6];35:[0,1,4,5,6];10:[0,4,5,6];36:[0,1,4,5,6];37:[4,6];13:[4,6];25:[0,4,6];0:[0,1,2,4,5,6];46:[0,1,4,6]","c17:bw=35,experts=[0,4,6]; c39:bw=55,experts=[0,1,4,5,6]; c34:bw=10,experts=[4]; c6:bw=16,experts=[4]; c15:bw=19,experts=[4]; c3:bw=10,experts=[2]; c21:bw=15,experts=[4]; c42:bw=10,experts=[4]; c28:bw=13,experts=[4]; c29:bw=52,experts=[0,1,4,5,6]; c20:bw=40,experts=[0,1,4,6]; c30:bw=15,experts=[4]; c24:bw=38,experts=[1,4,6]; c23:bw=37,experts=[0,4,6]; c31:bw=10,experts=[4]; c18:bw=60,experts=[0,1,2,4,5,6]; c49:bw=63,experts=[0,1,2,4,5,6]; c11:bw=23,experts=[4,6]; c27:bw=33,experts=[4,5,6]; c47:bw=47,experts=[0,4,5,6]; c40:bw=31,experts=[4,5,6]; c38:bw=35,experts=[0,4,6]; c14:bw=31,experts=[2,4,7]; c43:bw=59,experts=[0,1,4,5,6]; c26:bw=45,experts=[0,4,5,6]; c16:bw=33,experts=[0,4,6]; c8:bw=18,experts=[4]; c44:bw=45,experts=[0,1,4,6]; c48:bw=56,experts=[0,1,4,5,6]; c19:bw=58,experts=[0,1,4,5,6]; c33:bw=39,experts=[0,4,6]; c7:bw=12,experts=[4]; c41:bw=42,experts=[0,4,5,6]; c1:bw=41,experts=[0,4,5,6]; c45:bw=45,experts=[0,1,4,6]; c22:bw=48,experts=[0,1,4,6]; c4:bw=48,experts=[0,4,5,6]; c9:bw=25,experts=[2,4]; c5:bw=32,experts=[1,4,6]; c32:bw=66,experts=[0,1,2,4,5,6]; c2:bw=39,experts=[0,4,6]; c12:bw=38,experts=[4,5,6]; c35:bw=56,experts=[0,1,4,5,6]; c10:bw=40,experts=[0,4,5,6]; c36:bw=53,experts=[0,1,4,5,6]; c37:bw=21,experts=[4,6]; c13:bw=23,experts=[4,6]; c25:bw=39,experts=[0,4,6]; c0:bw=66,experts=[0,1,2,4,5,6]; c46:bw=44,experts=[0,1,4,6]","1.2509,1.5520,1.2929,1.7074,1.2354,1.5749,1.9922,1.4475,1.2794,1.7475,1.7496,1.5286,1.1848,1.7261,1.6449,1.4638,3.3794,1.2032,1.6269,1.1362,1.5031,1.0704,1.8720,1.2784,1.7421,2.2572,1.1980,1.1367,1.0486,1.4460,1.5585,1.0157,0.8149,1.4120,2.1620,1.8694,1.7066,1.5439,2.1315,1.7115,1.0479,1.0625,1.3505,1.3917,1.2434,1.2698,1.2088,2.6138,0.8187,1.2035"
22,2026-09-23 22:44:22,Ours,0.01,2.9011574002539002,22.27,22.27,22,87.0757,1:27.08,75.4086,10.3164,1.3454,1885.7389,31:25.74,50,"21,43,23,8,11,12,15,10,40,39,9,42,27,44,2,26,5,6,19,35,45,46,1,33,47,28,16,37,0,14,30,22,32,31,41,7,17,38,24,3,25,48,18,4,49,20,34,29,13,36",21:23;43:32;23:28;8:33;11:43;12:64;15:66;10:10;40:56;39:38;9:33;42:16;27:61;44:20;2:66;26:61;5:17;6:61;19:45;35:52;45:18;46:41;1:10;33:69;47:47;28:42;16:34;37:43;0:67;14:48;30:37;22:44;32:64;31:45;41:56;7:16;17:62;38:23;24:25;3:56;25:13;48:10;18:15;4:36;49:53;20:25;34:32;29:54;13:34;36:10,"21:[4,6];43:[0,4,6];23:[3,4];8:[2,4,6];11:[0,4,5,6];12:[0,1,2,4,5,6];15:[0,1,2,4,5,6];10:[4];40:[0,1,4,5,6];39:[1,4,6];9:[4,5,6];42:[4];27:[0,1,2,4,5,6];44:[4,6];2:[0,1,2,4,5,6];26:[0,1,2,4,5,6];5:[2];6:[0,1,2,4,5,6];19:[0,1,4,6];35:[0,1,4,5,6];45:[4];46:[0,4,5,6];1:[4];33:[0,1,2,4,5,6];47:[0,1,4,6];28:[2,3,4,6];16:[0,4,6];37:[0,1,4,6];0:[0,1,2,4,5,6];14:[0,1,4,6];30:[0,4,6];22:[0,4,5,6];32:[0,1,2,4,5,6];31:[0,4,5,6];41:[0,1,4,5,6];7:[4];17:[0,1,2,4,5,6];38:[4,6];24:[4,6];3:[0,1,4,5,6];25:[4];48:[4];18:[4];4:[0,4,6];49:[0,1,4,5,6];20:[4,6];34:[0,4,6];29:[0,1,4,5,6];13:[0,4,6];36:[4]","c21:bw=23,experts=[4,6]; c43:bw=32,experts=[0,4,6]; c23:bw=28,experts=[3,4]; c8:bw=33,experts=[2,4,6]; c11:bw=43,experts=[0,4,5,6]; c12:bw=64,experts=[0,1,2,4,5,6]; c15:bw=66,experts=[0,1,2,4,5,6]; c10:bw=10,experts=[4]; c40:bw=56,experts=[0,1,4,5,6]; c39:bw=38,experts=[1,4,6]; c9:bw=33,experts=[4,5,6]; c42:bw=16,experts=[4]; c27:bw=61,experts=[0,1,2,4,5,6]; c44:bw=20,experts=[4,6]; c2:bw=66,experts=[0,1,2,4,5,6]; c26:bw=61,experts=[0,1,2,4,5,6]; c5:bw=17,experts=[2]; c6:bw=61,experts=[0,1,2,4,5,6]; c19:bw=45,experts=[0,1,4,6]; c35:bw=52,experts=[0,1,4,5,6]; c45:bw=18,experts=[4]; c46:bw=41,experts=[0,4,5,6]; c1:bw=10,experts=[4]; c33:bw=69,experts=[0,1,2,4,5,6]; c47:bw=47,experts=[0,1,4,6]; c28:bw=42,experts=[2,3,4,6]; c16:bw=34,experts=[0,4,6]; c37:bw=43,experts=[0,1,4,6]; c0:bw=67,experts=[0,1,2,4,5,6]; c14:bw=48,experts=[0,1,4,6]; c30:bw=37,experts=[0,4,6]; c22:bw=44,experts=[0,4,5,6]; c32:bw=64,experts=[0,1,2,4,5,6]; c31:bw=45,experts=[0,4,5,6]; c41:bw=56,experts=[0,1,4,5,6]; c7:bw=16,experts=[4]; c17:bw=62,experts=[0,1,2,4,5,6]; c38:bw=23,experts=[4,6]; c24:bw=25,experts=[4,6]; c3:bw=56,experts=[0,1,4,5,6]; c25:bw=13,experts=[4]; c48:bw=10,experts=[4]; c18:bw=15,experts=[4]; c4:bw=36,experts=[0,4,6]; c49:bw=53,experts=[0,1,4,5,6]; c20:bw=25,experts=[4,6]; c34:bw=32,experts=[0,4,6]; c29:bw=54,experts=[0,1,4,5,6]; c13:bw=34,experts=[0,4,6]; c36:bw=10,experts=[4]","2.0190,1.2919,1.6858,1.2086,1.2297,1.0558,1.2510,1.4099,1.5299,1.5369,1.5550,1.4679,1.6627,1.1571,1.0530,1.7327,2.1296,1.7359,1.4468,1.3665,2.1454,1.2186,1.4147,1.5890,1.1143,1.2760,2.2342,1.2618,0.8262,1.8691,1.5234,1.8633,1.7407,1.6183,0.8156,1.0218,1.2612,1.0436,1.1476,1.5858,2.6241,1.0543,1.4236,1.6850,3.3461,1.7236,1.3021,1.7337,1.1979,1.2222"
23,2026-09-23 22:45:49,Ours,0.01,2.903679136696003,23.08,23.08,23,87.049,1:27.05,75.4275,10.2974,1.3188,1972.8071,32:52.81,50,"22,47,20,2,8,0,24,13,25,17,16,6,15,29,5,31,40,19,48,10,44,27,34,18,43,38,11,45,33,39,41,7,28,14,23,35,30,12,37,46,42,4,9,1,21,3,49,26,36,32",22:62;47:34;20:44;2:32;8:35;0:11;24:40;13:54;25:18;17:70;16:56;6:10;15:29;29:43;5:52;31:15;40:27;19:21;48:21;10:67;44:53;27:18;34:14;18:26;43:17;38:65;11:52;45:33;33:28;39:32;41:24;7:15;28:26;14:52;23:70;35:43;30:60;12:26;37:10;46:34;42:11;4:56;9:50;1:62;21:55;3:15;49:37;26:35;36:57;32:43,"22:[0,1,2,4,5,6];47:[0,4,6];20:[0,4,5,6];2:[0,4,6];8:[0,4,6];0:[4];24:[0,4,5,6];13:[0,2,4,5,6];25:[4];17:[0,1,2,4,5,6,7];16:[0,1,4,5,6];6:[4];15:[4,6];29:[0,1,4,6];5:[0,1,4,5,6];31:[1];40:[4,6];19:[4,6];48:[4,6];10:[0,1,2,4,5,6];44:[0,1,4,5,6];27:[4];34:[4];18:[4,6];43:[4];38:[0,1,2,4,5,6];11:[0,2,4,5,6];45:[0,4,6];33:[4,6];39:[2,4,6];41:[4,6];7:[4];28:[4,6];14:[0,1,4,5,6];23:[0,1,2,3,4,5,6];35:[0,4,5,6];30:[0,1,2,4,5,6];12:[4,6];37:[2];46:[0,4,6];42:[2];4:[0,1,4,5,6];9:[0,1,4,5,6];1:[0,1,2,4,5,6];21:[0,1,4,5,6];3:[4];49:[0,4,6];26:[0,4,6];36:[0,1,4,5,6];32:[0,4,5,6]","c22:bw=62,experts=[0,1,2,4,5,6]; c47:bw=34,experts=[0,4,6]; c20:bw=44,experts=[0,4,5,6]; c2:bw=32,experts=[0,4,6]; c8:bw=35,experts=[0,4,6]; c0:bw=11,experts=[4]; c24:bw=40,experts=[0,4,5,6]; c13:bw=54,experts=[0,2,4,5,6]; c25:bw=18,experts=[4]; c17:bw=70,experts=[0,1,2,4,5,6,7]; c16:bw=56,experts=[0,1,4,5,6]; c6:bw=10,experts=[4]; c15:bw=29,experts=[4,6]; c29:bw=43,experts=[0,1,4,6]; c5:bw=52,experts=[0,1,4,5,6]; c31:bw=15,experts=[1]; c40:bw=27,experts=[4,6]; c19:bw=21,experts=[4,6]; c48:bw=21,experts=[4,6]; c10:bw=67,experts=[0,1,2,4,5,6]; c44:bw=53,experts=[0,1,4,5,6]; c27:bw=18,experts=[4]; c34:bw=14,experts=[4]; c18:bw=26,experts=[4,6]; c43:bw=17,experts=[4]; c38:bw=65,experts=[0,1,2,4,5,6]; c11:bw=52,experts=[0,2,4,5,6]; c45:bw=33,experts=[0,4,6]; c33:bw=28,experts=[4,6]; c39:bw=32,experts=[2,4,6]; c41:bw=24,experts=[4,6]; c7:bw=15,experts=[4]; c28:bw=26,experts=[4,6]; c14:bw=52,experts=[0,1,4,5,6]; c23:bw=70,experts=[0,1,2,3,4,5,6]; c35:bw=43,experts=[0,4,5,6]; c30:bw=60,experts=[0,1,2,4,5,6]; c12:bw=26,experts=[4,6]; c37:bw=10,experts=[2]; c46:bw=34,experts=[0,4,6]; c42:bw=11,experts=[2]; c4:bw=56,experts=[0,1,4,5,6]; c9:bw=50,experts=[0,1,4,5,6]; c1:bw=62,experts=[0,1,2,4,5,6]; c21:bw=55,experts=[0,1,4,5,6]; c3:bw=15,experts=[4]; c49:bw=37,experts=[0,4,6]; c26:bw=35,experts=[0,4,6]; c36:bw=57,experts=[0,1,4,5,6]; c32:bw=43,experts=[0,4,5,6]","1.8940,1.1244,1.7484,1.0575,1.2272,0.8200,1.1625,1.2126,2.6675,1.3535,2.2646,1.7087,1.2371,1.7690,2.1732,1.6461,1.5139,1.4392,1.0461,1.3928,1.1764,1.6255,1.2878,1.4415,1.2647,1.0757,1.2204,2.1357,1.5491,1.5167,0.8154,1.0226,1.2667,1.8565,1.7154,1.3745,1.5331,1.0422,1.2533,1.1991,1.4312,1.7129,1.5156,1.3961,1.9806,1.5582,3.3336,1.7176,1.2381,1.7134"
24,2026-09-23 22:47:16,Ours,0.01,2.995012918805555,23.1,23.1,24,86.9151,1:26.92,75.272,10.316,1.3216,2059.7424,34:19.74,50,"12,31,40,6,26,5,48,1,11,15,2,19,16,45,17,29,9,23,39,32,14,49,18,42,38,33,24,34,44,46,37,25,20,0,22,10,21,13,28,8,30,27,41,7,36,4,3,47,35,43",12:37;31:35;40:74;6:30;26:12;5:25;48:20;1:10;11:10;15:44;2:43;19:55;16:41;45:51;17:56;29:65;9:50;23:36;39:60;32:33;14:42;49:56;18:72;42:29;38:26;33:10;24:16;34:23;44:49;46:47;37:51;25:30;20:36;0:31;22:50;10:39;21:42;13:50;28:58;8:18;30:45;27:63;41:30;7:10;36:37;4:12;3:10;47:47;35:45;43:29,"12:[4,6,7];31:[3,4,7];40:[0,1,3,4,5,6,7];6:[3,4,7];26:[3];5:[4,7];48:[3,4];1:[3];11:[3];15:[3,4,6,7];2:[3,4,6,7];19:[0,3,4,6,7];16:[3,4,6,7];45:[0,3,4,5,6];17:[0,1,3,4,6];29:[0,1,3,4,6,7];9:[0,3,4,6,7];23:[4,6,7];39:[0,1,4,5,6,7];32:[3,4,7];14:[0,3,4,6];49:[0,3,4,6,7];18:[0,1,2,3,4,5,6];42:[3,5];38:[3,7];33:[7];24:[3];34:[3,4];44:[3,4,6,7];46:[1,3,4,6];37:[1,3,4,6,7];25:[3,4,7];20:[3,4,6];0:[3,4,7];22:[0,1,4,6,7];10:[3,4,7];21:[3,4,6,7];13:[0,3,4,6,7];28:[0,1,4,6,7];8:[3];30:[0,4,6,7];27:[0,3,4,5,6,7];41:[3,4,7];7:[3];36:[3,4,7];4:[3];3:[3];47:[3,4,6,7];35:[3,4,6,7];43:[3,7]","c12:bw=37,experts=[4,6,7]; c31:bw=35,experts=[3,4,7]; c40:bw=74,experts=[0,1,3,4,5,6,7]; c6:bw=30,experts=[3,4,7]; c26:bw=12,experts=[3]; c5:bw=25,experts=[4,7]; c48:bw=20,experts=[3,4]; c1:bw=10,experts=[3]; c11:bw=10,experts=[3]; c15:bw=44,experts=[3,4,6,7]; c2:bw=43,experts=[3,4,6,7]; c19:bw=55,experts=[0,3,4,6,7]; c16:bw=41,experts=[3,4,6,7]; c45:bw=51,experts=[0,3,4,5,6]; c17:bw=56,experts=[0,1,3,4,6]; c29:bw=65,experts=[0,1,3,4,6,7]; c9:bw=50,experts=[0,3,4,6,7]; c23:bw=36,experts=[4,6,7]; c39:bw=60,experts=[0,1,4,5,6,7]; c32:bw=33,experts=[3,4,7]; c14:bw=42,experts=[0,3,4,6]; c49:bw=56,experts=[0,3,4,6,7]; c18:bw=72,experts=[0,1,2,3,4,5,6]; c42:bw=29,experts=[3,5]; c38:bw=26,experts=[3,7]; c33:bw=10,experts=[7]; c24:bw=16,experts=[3]; c34:bw=23,experts=[3,4]; c44:bw=49,experts=[3,4,6,7]; c46:bw=47,experts=[1,3,4,6]; c37:bw=51,experts=[1,3,4,6,7]; c25:bw=30,experts=[3,4,7]; c20:bw=36,experts=[3,4,6]; c0:bw=31,experts=[3,4,7]; c22:bw=50,experts=[0,1,4,6,7]; c10:bw=39,experts=[3,4,7]; c21:bw=42,experts=[3,4,6,7]; c13:bw=50,experts=[0,3,4,6,7]; c28:bw=58,experts=[0,1,4,6,7]; c8:bw=18,experts=[3]; c30:bw=45,experts=[0,4,6,7]; c27:bw=63,experts=[0,3,4,5,6,7]; c41:bw=30,experts=[3,4,7]; c7:bw=10,experts=[3]; c36:bw=37,experts=[3,4,7]; c4:bw=12,experts=[3]; c3:bw=10,experts=[3]; c47:bw=47,experts=[3,4,6,7]; c35:bw=45,experts=[3,4,6,7]; c43:bw=29,experts=[3,7]","1.0725,1.6489,1.5191,1.7291,1.7117,2.1601,1.0626,1.4165,1.2107,1.2206,1.0546,1.4634,2.2335,2.1788,1.2762,1.7591,1.5587,1.7138,1.5365,1.7230,1.8904,3.3974,1.4433,1.4534,1.0558,1.5449,1.1542,1.3019,1.1443,1.2043,1.2572,2.6065,1.7452,0.8160,1.8411,1.3867,1.9822,1.2097,1.2667,1.1814,1.5382,1.6365,0.8125,0.9968,1.2362,1.6690,1.5557,1.1150,1.3366,1.2437"
25,2026-09-23 22:48:43,Ours,0.01,2.8770433317921276,24.15,24.15,25,87.1832,1:27.18,75.6248,10.2257,1.3275,2146.9462,35:46.95,50,"38,30,40,4,11,9,17,3,41,10,13,14,22,1,2,36,15,48,45,34,18,12,0,49,29,7,35,37,31,39,8,19,47,46,20,27,25,21,28,32,44,5,6,24,23,43,42,16,26,33",38:16;30:51;40:43;4:58;11:60;9:40;17:52;3:14;41:38;10:25;13:56;14:26;22:38;1:49;2:12;36:50;15:29;48:25;45:54;34:42;18:59;12:36;0:56;49:57;29:27;7:40;35:10;37:12;31:68;39:47;8:55;19:57;47:12;46:26;20:15;27:59;25:40;21:35;28:41;32:47;44:31;5:64;6:16;24:25;23:21;43:38;42:10;16:52;26:30;33:35,"38:[4];30:[0,1,4,5,6];40:[2,4,5,6];4:[0,2,4,6,7];11:[0,1,4,5,6,7];9:[0,4,5,6];17:[0,1,4,5,6];3:[7];41:[0,4,6];10:[4,6];13:[0,1,4,5,6];14:[4,6];22:[0,4,6];1:[0,4,6,7];2:[4];36:[0,1,4,5,6];15:[4,6];48:[4,7];45:[0,1,4,6,7];34:[2,4,6,7];18:[0,4,5,6,7];12:[3,4,6];0:[0,1,4,5,6];49:[0,1,4,5,6];29:[4,6];7:[2,4,6,7];35:[2];37:[4];31:[0,1,2,4,5,6];39:[0,4,5,6];8:[0,4,5,6,7];19:[0,1,4,5,6];47:[2];46:[2,7];20:[4];27:[0,1,4,5,6];25:[0,1,4,6];21:[0,4,6];28:[0,1,4,6];32:[0,1,4,6];44:[0,4,6];5:[0,1,2,4,5,6];6:[4];24:[4,7];23:[4,6];43:[2,4,6];42:[7];16:[0,2,4,5,6];26:[4,6,7];33:[0,4,6]","c38:bw=16,experts=[4]; c30:bw=51,experts=[0,1,4,5,6]; c40:bw=43,experts=[2,4,5,6]; c4:bw=58,experts=[0,2,4,6,7]; c11:bw=60,experts=[0,1,4,5,6,7]; c9:bw=40,experts=[0,4,5,6]; c17:bw=52,experts=[0,1,4,5,6]; c3:bw=14,experts=[7]; c41:bw=38,experts=[0,4,6]; c10:bw=25,experts=[4,6]; c13:bw=56,experts=[0,1,4,5,6]; c14:bw=26,experts=[4,6]; c22:bw=38,experts=[0,4,6]; c1:bw=49,experts=[0,4,6,7]; c2:bw=12,experts=[4]; c36:bw=50,experts=[0,1,4,5,6]; c15:bw=29,experts=[4,6]; c48:bw=25,experts=[4,7]; c45:bw=54,experts=[0,1,4,6,7]; c34:bw=42,experts=[2,4,6,7]; c18:bw=59,experts=[0,4,5,6,7]; c12:bw=36,experts=[3,4,6]; c0:bw=56,experts=[0,1,4,5,6]; c49:bw=57,experts=[0,1,4,5,6]; c29:bw=27,experts=[4,6]; c7:bw=40,experts=[2,4,6,7]; c35:bw=10,experts=[2]; c37:bw=12,experts=[4]; c31:bw=68,experts=[0,1,2,4,5,6]; c39:bw=47,experts=[0,4,5,6]; c8:bw=55,experts=[0,4,5,6,7]; c19:bw=57,experts=[0,1,4,5,6]; c47:bw=12,experts=[2]; c46:bw=26,experts=[2,7]; c20:bw=15,experts=[4]; c27:bw=59,experts=[0,1,4,5,6]; c25:bw=40,experts=[0,1,4,6]; c21:bw=35,experts=[0,4,6]; c28:bw=41,experts=[0,1,4,6]; c32:bw=47,experts=[0,1,4,6]; c44:bw=31,experts=[0,4,6]; c5:bw=64,experts=[0,1,2,4,5,6]; c6:bw=16,experts=[4]; c24:bw=25,experts=[4,7]; c23:bw=21,experts=[4,6]; c43:bw=38,experts=[2,4,6]; c42:bw=10,experts=[7]; c16:bw=52,experts=[0,2,4,5,6]; c26:bw=30,experts=[4,6,7]; c33:bw=35,experts=[0,4,6]","1.0644,1.5582,1.5150,1.7090,1.2371,1.5636,1.2741,1.5895,0.8384,1.4430,1.2210,1.8847,1.8813,1.4064,1.0260,1.2603,1.2488,1.0603,2.2132,1.2960,1.4712,1.0427,0.8147,3.3725,1.7441,1.0237,1.3397,1.2414,1.6478,1.5347,1.1965,1.4392,1.1154,1.1953,1.7174,1.6263,2.6448,2.0204,1.2983,1.7533,1.1539,2.1426,1.6966,1.1869,1.6908,1.2557,1.4545,2.2323,1.7137,1.5679"
26,2026-09-23 22:50:10,Ours,0.01,2.8305567508476566,24.87,24.87,26,86.902,1:26.90,75.549,10.0346,1.3133,2233.8698,37:13.87,50,"20,12,39,17,37,48,8,44,5,30,11,3,10,16,19,15,13,41,1,29,25,34,43,42,4,14,24,21,35,36,26,40,23,47,0,7,49,6,46,27,22,32,33,18,45,9,31,2,38,28",20:25;12:41;39:53;17:32;37:10;48:17;8:53;44:61;5:20;30:53;11:57;3:44;10:38;16:10;19:15;15:42;13:16;41:71;1:33;29:45;25:50;34:57;43:35;42:35;4:48;14:49;24:14;21:35;35:15;36:51;26:13;40:10;23:14;47:33;0:11;7:31;49:53;6:34;46:31;27:40;22:14;32:29;33:17;18:10;45:10;9:50;31:46;2:30;38:51;28:61,"20:[4,6];12:[0,4,5,6];39:[0,1,4,5,6];17:[0,4,6];37:[4];48:[4];8:[0,1,4,5,6];44:[0,1,2,4,5,6];5:[4,6];30:[0,3,4,5,6];11:[0,2,4,5,6];3:[0,4,5,6];10:[0,4,6];16:[4];19:[2];15:[0,1,4,6];13:[4];41:[0,1,2,3,4,5,6];1:[0,4,6];29:[0,1,4,6];25:[0,2,4,5,6];34:[0,1,4,5,6];43:[0,4,6];42:[4,5,6];4:[0,4,5,6];14:[0,1,4,6];24:[2];21:[0,4,6];35:[4];36:[0,1,2,4,6];26:[4];40:[4];23:[4];47:[0,4,6];0:[4];7:[4,5,6];49:[0,1,4,5,6];6:[0,4,6];46:[0,4,6];27:[0,4,5,6];22:[4];32:[4,6];33:[4];18:[4];45:[4];9:[0,1,4,5,6];31:[0,4,5,6];2:[0,4,6];38:[0,1,4,5,6];28:[0,1,2,4,5,6]","c20:bw=25,experts=[4,6]; c12:bw=41,experts=[0,4,5,6]; c39:bw=53,experts=[0,1,4,5,6]; c17:bw=32,experts=[0,4,6]; c37:bw=10,experts=[4]; c48:bw=17,experts=[4]; c8:bw=53,experts=[0,1,4,5,6]; c44:bw=61,experts=[0,1,2,4,5,6]; c5:bw=20,experts=[4,6]; c30:bw=53,experts=[0,3,4,5,6]; c11:bw=57,experts=[0,2,4,5,6]; c3:bw=44,experts=[0,4,5,6]; c10:bw=38,experts=[0,4,6]; c16:bw=10,experts=[4]; c19:bw=15,experts=[2]; c15:bw=42,experts=[0,1,4,6]; c13:bw=16,experts=[4]; c41:bw=71,experts=[0,1,2,3,4,5,6]; c1:bw=33,experts=[0,4,6]; c29:bw=45,experts=[0,1,4,6]; c25:bw=50,experts=[0,2,4,5,6]; c34:bw=57,experts=[0,1,4,5,6]; c43:bw=35,experts=[0,4,6]; c42:bw=35,experts=[4,5,6]; c4:bw=48,experts=[0,4,5,6]; c14:bw=49,experts=[0,1,4,6]; c24:bw=14,experts=[2]; c21:bw=35,experts=[0,4,6]; c35:bw=15,experts=[4]; c36:bw=51,experts=[0,1,2,4,6]; c26:bw=13,experts=[4]; c40:bw=10,experts=[4]; c23:bw=14,experts=[4]; c47:bw=33,experts=[0,4,6]; c0:bw=11,experts=[4]; c7:bw=31,experts=[4,5,6]; c49:bw=53,experts=[0,1,4,5,6]; c6:bw=34,experts=[0,4,6]; c46:bw=31,experts=[0,4,6]; c27:bw=40,experts=[0,4,5,6]; c22:bw=14,experts=[4]; c32:bw=29,experts=[4,6]; c33:bw=17,experts=[4]; c18:bw=10,experts=[4]; c45:bw=10,experts=[4]; c9:bw=50,experts=[0,1,4,5,6]; c31:bw=46,experts=[0,4,5,6]; c2:bw=30,experts=[0,4,6]; c38:bw=51,experts=[0,1,4,5,6]; c28:bw=61,experts=[0,1,2,4,5,6]","1.7305,1.0629,1.5663,1.2823,1.2883,1.0467,1.2276,1.1669,2.1529,1.5615,1.2255,1.5946,1.4074,2.2214,1.4170,1.2354,1.2066,0.8235,1.4418,1.7500,2.6483,1.3222,1.2652,1.4577,1.6815,1.8789,1.1610,1.9995,1.3452,1.2213,1.7029,1.4985,1.6853,1.1326,0.8223,1.0325,3.3627,1.7168,1.2475,1.6495,1.8453,1.7348,1.5466,1.4574,2.1486,1.5515,1.6297,1.0424,1.0679,1.2845"
27,2026-09-23 22:51:37,Ours,0.01,2.807434537695587,25.54,25.54,27,87.2482,1:27.25,75.6543,10.2657,1.323,2321.1386,38:41.14,50,"38,41,31,12,3,15,24,23,30,45,6,14,27,7,44,46,43,26,13,9,16,25,21,33,36,34,49,37,8,29,5,32,40,39,11,22,2,42,10,19,4,0,1,17,28,35,48,47,18,20",38:19;41:10;31:32;12:22;3:21;15:46;24:29;23:75;30:39;45:10;6:63;14:26;27:54;7:51;44:35;46:22;43:65;26:32;13:57;9:18;16:20;25:30;21:45;33:64;36:50;34:47;49:47;37:69;8:55;29:27;5:37;32:46;40:48;39:14;11:66;22:47;2:20;42:46;10:62;19:18;4:12;0:36;1:62;17:36;28:10;35:43;48:63;47:48;18:18;20:37,"38:[4];41:[4];31:[0,4,6];12:[4,6];3:[4,6];15:[0,1,4,6];24:[4,6];23:[0,1,2,3,4,5,6];30:[4,5,6];45:[2];6:[0,1,2,4,5,6];14:[4,6];27:[0,1,4,5,6];7:[0,1,4,5,6];44:[0,4,6];46:[4,6];43:[0,1,2,4,5,6];26:[0,4,6];13:[0,1,4,5,6];9:[4];16:[4,6];25:[0,4,6];21:[0,4,5,6];33:[0,1,3,4,5,6];36:[0,1,4,5,6];34:[0,4,5,6];49:[0,1,4,6];37:[0,1,2,4,5,6];8:[0,1,4,5,6];29:[4,6];5:[0,4,6];32:[0,4,5,6];40:[0,4,5,6];39:[3];11:[0,1,2,4,5,6];22:[1,4,5,6];2:[4,6];42:[0,4,5,6];10:[0,1,2,4,5,6];19:[4];4:[4];0:[0,4,6];1:[0,1,2,4,5,6];17:[0,4,6];28:[4];35:[1,4,5,6];48:[0,1,2,4,5,6];47:[0,4,5,6];18:[4];20:[0,4,6]","c38:bw=19,experts=[4]; c41:bw=10,experts=[4]; c31:bw=32,experts=[0,4,6]; c12:bw=22,experts=[4,6]; c3:bw=21,experts=[4,6]; c15:bw=46,experts=[0,1,4,6]; c24:bw=29,experts=[4,6]; c23:bw=75,experts=[0,1,2,3,4,5,6]; c30:bw=39,experts=[4,5,6]; c45:bw=10,experts=[2]; c6:bw=63,experts=[0,1,2,4,5,6]; c14:bw=26,experts=[4,6]; c27:bw=54,experts=[0,1,4,5,6]; c7:bw=51,experts=[0,1,4,5,6]; c44:bw=35,experts=[0,4,6]; c46:bw=22,experts=[4,6]; c43:bw=65,experts=[0,1,2,4,5,6]; c26:bw=32,experts=[0,4,6]; c13:bw=57,experts=[0,1,4,5,6]; c9:bw=18,experts=[4]; c16:bw=20,experts=[4,6]; c25:bw=30,experts=[0,4,6]; c21:bw=45,experts=[0,4,5,6]; c33:bw=64,experts=[0,1,3,4,5,6]; c36:bw=50,experts=[0,1,4,5,6]; c34:bw=47,experts=[0,4,5,6]; c49:bw=47,experts=[0,1,4,6]; c37:bw=69,experts=[0,1,2,4,5,6]; c8:bw=55,experts=[0,1,4,5,6]; c29:bw=27,experts=[4,6]; c5:bw=37,experts=[0,4,6]; c32:bw=46,experts=[0,4,5,6]; c40:bw=48,experts=[0,4,5,6]; c39:bw=14,experts=[3]; c11:bw=66,experts=[0,1,2,4,5,6]; c22:bw=47,experts=[1,4,5,6]; c2:bw=20,experts=[4,6]; c42:bw=46,experts=[0,4,5,6]; c10:bw=62,experts=[0,1,2,4,5,6]; c19:bw=18,experts=[4]; c4:bw=12,experts=[4]; c0:bw=36,experts=[0,4,6]; c1:bw=62,experts=[0,1,2,4,5,6]; c17:bw=36,experts=[0,4,6]; c28:bw=10,experts=[4]; c35:bw=43,experts=[1,4,5,6]; c48:bw=63,experts=[0,1,2,4,5,6]; c47:bw=48,experts=[0,4,5,6]; c18:bw=18,experts=[4]; c20:bw=37,experts=[0,4,6]","1.0622,0.8152,1.6508,1.0615,1.6041,1.2454,1.1574,1.7100,1.5673,2.1827,1.7368,1.8784,1.6551,1.0339,1.1656,1.2246,1.2834,1.7420,1.2373,1.5545,2.2297,2.6569,2.0069,1.5612,1.2508,1.3027,3.3899,1.2952,1.2071,1.7410,2.1619,1.7375,1.5000,1.5233,1.2221,1.8563,1.0374,1.4478,1.4074,1.4288,1.6832,0.8083,1.4093,1.2496,1.2836,1.3440,1.0675,1.1168,1.4343,1.7258"
28,2026-09-23 22:53:04,Ours,0.01,2.7667868742832655,26.17,26.17,28,87.0905,1:27.09,75.7642,10.0092,1.3117,2408.2499,40:08.25,50,"19,27,14,38,8,32,43,18,15,3,4,2,0,45,28,29,25,13,39,23,9,6,31,12,34,1,7,30,49,40,26,42,21,47,11,24,46,16,48,37,35,41,20,17,5,10,36,22,33,44",19:33;27:12;14:15;38:10;8:29;32:57;43:52;18:34;15:32;3:12;4:10;2:10;0:47;45:19;28:50;29:32;25:59;13:31;39:43;23:34;9:49;6:29;31:60;12:42;34:10;1:25;7:10;30:22;49:26;40:40;26:35;42:41;21:10;47:36;11:66;24:42;46:28;16:35;48:48;37:34;35:65;41:40;20:47;17:48;5:33;10:40;36:10;22:44;33:16;44:43,"19:[4,5,6];27:[4];14:[4];38:[4];8:[4,6];32:[0,1,4,5,6];43:[0,1,4,5,6];18:[0,4,6];15:[0,4,6];3:[4];4:[4];2:[4];0:[0,1,4,6];45:[4];28:[0,1,4,5,6];29:[2,4,6];25:[0,1,4,5,6];13:[0,4,6];39:[0,1,4,6];23:[0,4,6];9:[0,4,5,6];6:[4,6];31:[0,1,2,4,5,6];12:[0,4,5,6];34:[4];1:[4,6];7:[4];30:[4,6];49:[4,6];40:[0,4,5,6];26:[0,4,6];42:[1,4,5,6];21:[2];47:[0,4,6];11:[0,1,2,4,5,6];24:[1,4,5,6];46:[4,6];16:[0,4,6];48:[0,1,4,6];37:[4,5,6];35:[0,1,2,4,5,6];41:[0,4,5,6];20:[2,4,6,7];17:[0,4,5,6];5:[3,4,6];10:[0,1,4,6];36:[4];22:[3,4,5,6];33:[4];44:[0,4,5,6]","c19:bw=33,experts=[4,5,6]; c27:bw=12,experts=[4]; c14:bw=15,experts=[4]; c38:bw=10,experts=[4]; c8:bw=29,experts=[4,6]; c32:bw=57,experts=[0,1,4,5,6]; c43:bw=52,experts=[0,1,4,5,6]; c18:bw=34,experts=[0,4,6]; c15:bw=32,experts=[0,4,6]; c3:bw=12,experts=[4]; c4:bw=10,experts=[4]; c2:bw=10,experts=[4]; c0:bw=47,experts=[0,1,4,6]; c45:bw=19,experts=[4]; c28:bw=50,experts=[0,1,4,5,6]; c29:bw=32,experts=[2,4,6]; c25:bw=59,experts=[0,1,4,5,6]; c13:bw=31,experts=[0,4,6]; c39:bw=43,experts=[0,1,4,6]; c23:bw=34,experts=[0,4,6]; c9:bw=49,experts=[0,4,5,6]; c6:bw=29,experts=[4,6]; c31:bw=60,experts=[0,1,2,4,5,6]; c12:bw=42,experts=[0,4,5,6]; c34:bw=10,experts=[4]; c1:bw=25,experts=[4,6]; c7:bw=10,experts=[4]; c30:bw=22,experts=[4,6]; c49:bw=26,experts=[4,6]; c40:bw=40,experts=[0,4,5,6]; c26:bw=35,experts=[0,4,6]; c42:bw=41,experts=[1,4,5,6]; c21:bw=10,experts=[2]; c47:bw=36,experts=[0,4,6]; c11:bw=66,experts=[0,1,2,4,5,6]; c24:bw=42,experts=[1,4,5,6]; c46:bw=28,experts=[4,6]; c16:bw=35,experts=[0,4,6]; c48:bw=48,experts=[0,1,4,6]; c37:bw=34,experts=[4,5,6]; c35:bw=65,experts=[0,1,2,4,5,6]; c41:bw=40,experts=[0,4,5,6]; c20:bw=47,experts=[2,4,6,7]; c17:bw=48,experts=[0,4,5,6]; c5:bw=33,experts=[3,4,6]; c10:bw=40,experts=[0,1,4,6]; c36:bw=10,experts=[4]; c22:bw=44,experts=[3,4,5,6]; c33:bw=16,experts=[4]; c44:bw=43,experts=[0,4,5,6]","1.4309,1.6420,1.8794,1.0593,1.2098,1.7551,1.2868,1.4737,1.2587,1.5906,1.7877,1.0533,0.8289,2.1852,1.2972,1.7547,2.6650,1.2218,1.5656,1.7440,1.5745,1.7568,1.6680,1.0626,1.2943,1.4173,1.0371,1.5236,3.3503,1.5127,1.7032,1.4433,1.9785,1.1223,1.2235,1.1597,1.1982,2.2070,1.0536,1.2588,1.3452,0.8126,1.7281,1.2759,2.1790,1.3923,1.2253,1.8498,1.5642,1.1567"
29,2026-09-23 22:54:31,Ours,0.01,2.7329813020185685,26.91,26.91,29,87.1992,1:27.20,75.6679,10.1958,1.3301,2495.4703,41:35.47,50,"12,3,22,43,30,14,28,42,40,26,13,31,5,37,15,11,41,17,47,2,6,9,27,10,24,0,46,7,29,36,20,1,25,8,44,16,45,18,19,49,32,4,21,23,33,34,39,38,48,35",12:10;3:32;22:54;43:43;30:10;14:35;28:50;42:36;40:37;26:25;13:13;31:74;5:33;37:45;15:70;11:59;41:33;17:59;47:22;2:18;6:43;9:44;27:26;10:10;24:14;0:44;46:10;7:21;29:23;36:11;20:42;1:33;25:35;8:34;44:60;16:48;45:64;18:24;19:39;49:28;32:68;4:38;21:74;23:20;33:29;34:26;39:50;38:27;48:42;35:53,"12:[4];3:[2,4,6];22:[0,1,4,5,6];43:[0,1,4,6];30:[4];14:[2,4,7];28:[0,1,2,4,6];42:[0,4,6];40:[1,4,6];26:[4,6];13:[4];31:[0,1,2,4,5,6,7];5:[0,4,6];37:[1,4,5,6];15:[0,1,2,3,4,5,6];11:[0,1,4,5,6];41:[0,4,6];17:[0,1,4,5,6];47:[4,6];2:[4];6:[0,1,4,6];9:[2,4,5,6];27:[4,6];10:[4];24:[4];0:[0,1,4,6];46:[4];7:[4,6];29:[4,6];36:[4];20:[0,1,4,6];1:[0,4,6];25:[0,4,6];8:[0,4,6];44:[0,1,2,4,5,6];16:[0,4,5,6];45:[0,1,2,4,5,6];18:[4,6];19:[0,4,6];49:[2,4];32:[0,1,2,4,5,6];4:[0,4,6];21:[0,1,2,3,4,5,6];23:[4,6];33:[4,6];34:[4,6];39:[0,1,4,5,6];38:[4,6];48:[0,1,4,6];35:[0,1,4,5,6]","c12:bw=10,experts=[4]; c3:bw=32,experts=[2,4,6]; c22:bw=54,experts=[0,1,4,5,6]; c43:bw=43,experts=[0,1,4,6]; c30:bw=10,experts=[4]; c14:bw=35,experts=[2,4,7]; c28:bw=50,experts=[0,1,2,4,6]; c42:bw=36,experts=[0,4,6]; c40:bw=37,experts=[1,4,6]; c26:bw=25,experts=[4,6]; c13:bw=13,experts=[4]; c31:bw=74,experts=[0,1,2,4,5,6,7]; c5:bw=33,experts=[0,4,6]; c37:bw=45,experts=[1,4,5,6]; c15:bw=70,experts=[0,1,2,3,4,5,6]; c11:bw=59,experts=[0,1,4,5,6]; c41:bw=33,experts=[0,4,6]; c17:bw=59,experts=[0,1,4,5,6]; c47:bw=22,experts=[4,6]; c2:bw=18,experts=[4]; c6:bw=43,experts=[0,1,4,6]; c9:bw=44,experts=[2,4,5,6]; c27:bw=26,experts=[4,6]; c10:bw=10,experts=[4]; c24:bw=14,experts=[4]; c0:bw=44,experts=[0,1,4,6]; c46:bw=10,experts=[4]; c7:bw=21,experts=[4,6]; c29:bw=23,experts=[4,6]; c36:bw=11,experts=[4]; c20:bw=42,experts=[0,1,4,6]; c1:bw=33,experts=[0,4,6]; c25:bw=35,experts=[0,4,6]; c8:bw=34,experts=[0,4,6]; c44:bw=60,experts=[0,1,2,4,5,6]; c16:bw=48,experts=[0,4,5,6]; c45:bw=64,experts=[0,1,2,4,5,6]; c18:bw=24,experts=[4,6]; c19:bw=39,experts=[0,4,6]; c49:bw=28,experts=[2,4]; c32:bw=68,experts=[0,1,2,4,5,6]; c4:bw=38,experts=[0,4,6]; c21:bw=74,experts=[0,1,2,3,4,5,6]; c23:bw=20,experts=[4,6]; c33:bw=29,experts=[4,6]; c34:bw=26,experts=[4,6]; c39:bw=50,experts=[0,1,4,5,6]; c38:bw=27,experts=[4,6]; c48:bw=42,experts=[0,1,4,6]; c35:bw=53,experts=[0,1,4,5,6]","1.0561,1.6097,1.8987,1.2798,1.5771,1.8843,1.2747,1.4491,1.5179,1.7549,1.2347,1.6677,2.2051,1.2955,1.2420,1.2304,0.8202,1.2599,1.1213,1.0429,1.7151,1.5495,1.6309,1.3957,1.1677,0.8016,1.2136,1.0178,1.7388,1.2331,1.7342,1.4159,2.6099,1.2194,1.1655,2.2290,2.1732,1.4405,1.4393,3.3531,1.7354,1.7190,1.9857,1.7098,1.5427,1.2873,1.5452,1.0746,1.0548,1.3471"
30,2026-09-23 22:55:59,Ours,0.01,2.773601039603392,27.23,27.23,30,87.3266,1:27.33,75.8592,10.1505,1.3117,2582.8194,43:02.82,50,"27,4,0,38,41,46,28,34,33,3,19,35,10,1,37,2,29,21,31,13,47,43,42,6,39,9,32,44,12,8,25,26,14,49,40,17,24,45,5,48,36,22,16,20,30,7,18,23,15,11",27:53;4:51;0:17;38:50;41:15;46:50;28:36;34:45;33:38;3:59;19:24;35:13;10:71;1:35;37:42;2:27;29:44;21:10;31:52;13:27;47:19;43:74;42:16;6:11;39:10;9:54;32:57;44:38;12:24;8:41;25:56;26:12;14:49;49:25;40:23;17:19;24:10;45:26;5:62;48:59;36:41;22:26;16:31;20:60;30:67;7:12;18:57;23:37;15:22;11:46,"27:[0,2,4,5,6];4:[0,1,4,5,6];0:[2];38:[0,1,4,5,6];41:[4];46:[0,1,4,5,6];28:[3,4,6];34:[0,4,5,6];33:[2,4,6];3:[0,1,4,5,6];19:[4,6];35:[4];10:[0,1,2,4,5,6,7];1:[0,4,6];37:[1,4,5,6];2:[1,2];29:[0,4,5,6];21:[4];31:[0,1,4,5,6];13:[4,6];47:[1];43:[0,1,2,4,5,6,7];42:[4];6:[4];39:[4];9:[0,1,4,5,6];32:[0,1,4,5,6];44:[0,4,6];12:[1,2];8:[0,2,4,6];25:[0,1,4,5,6];26:[1];14:[0,4,5,6];49:[4,6];40:[4,6];17:[4];24:[4];45:[4,6];5:[0,1,2,4,5,6];48:[0,1,4,5,6];36:[0,4,5,6];22:[4,6];16:[4,5,6];20:[0,1,2,4,5,6];30:[0,1,2,4,5,6];7:[4];18:[0,1,4,5,6];23:[0,4,6];15:[4,6];11:[0,4,5,6]","c27:bw=53,experts=[0,2,4,5,6]; c4:bw=51,experts=[0,1,4,5,6]; c0:bw=17,experts=[2]; c38:bw=50,experts=[0,1,4,5,6]; c41:bw=15,experts=[4]; c46:bw=50,experts=[0,1,4,5,6]; c28:bw=36,experts=[3,4,6]; c34:bw=45,experts=[0,4,5,6]; c33:bw=38,experts=[2,4,6]; c3:bw=59,experts=[0,1,4,5,6]; c19:bw=24,experts=[4,6]; c35:bw=13,experts=[4]; c10:bw=71,experts=[0,1,2,4,5,6,7]; c1:bw=35,experts=[0,4,6]; c37:bw=42,experts=[1,4,5,6]; c2:bw=27,experts=[1,2]; c29:bw=44,experts=[0,4,5,6]; c21:bw=10,experts=[4]; c31:bw=52,experts=[0,1,4,5,6]; c13:bw=27,experts=[4,6]; c47:bw=19,experts=[1]; c43:bw=74,experts=[0,1,2,4,5,6,7]; c42:bw=16,experts=[4]; c6:bw=11,experts=[4]; c39:bw=10,experts=[4]; c9:bw=54,experts=[0,1,4,5,6]; c32:bw=57,experts=[0,1,4,5,6]; c44:bw=38,experts=[0,4,6]; c12:bw=24,experts=[1,2]; c8:bw=41,experts=[0,2,4,6]; c25:bw=56,experts=[0,1,4,5,6]; c26:bw=12,experts=[1]; c14:bw=49,experts=[0,4,5,6]; c49:bw=25,experts=[4,6]; c40:bw=23,experts=[4,6]; c17:bw=19,experts=[4]; c24:bw=10,experts=[4]; c45:bw=26,experts=[4,6]; c5:bw=62,experts=[0,1,2,4,5,6]; c48:bw=59,experts=[0,1,4,5,6]; c36:bw=41,experts=[0,4,5,6]; c22:bw=26,experts=[4,6]; c16:bw=31,experts=[4,5,6]; c20:bw=60,experts=[0,1,2,4,5,6]; c30:bw=67,experts=[0,1,2,4,5,6]; c7:bw=12,experts=[4]; c18:bw=57,experts=[0,1,4,5,6]; c23:bw=37,experts=[0,4,6]; c15:bw=22,experts=[4,6]; c11:bw=46,experts=[0,4,5,6]","1.6734,1.7489,0.8136,1.0606,0.8282,1.2366,1.2912,1.3906,1.5913,1.5935,1.4590,1.3763,1.4379,1.4601,1.2886,1.0617,1.7541,1.9820,1.6656,1.2072,1.1202,1.2895,1.4520,1.7334,1.5397,1.5393,1.7500,1.1780,1.0501,1.1994,2.6319,1.7021,1.8746,3.3426,1.5163,1.2622,1.1790,2.1673,2.1655,1.0707,1.2381,1.8631,2.2219,1.7331,1.5294,1.0157,1.4303,1.7091,1.2167,1.2172"
31,2026-09-23 22:57:26,Ours,0.01,2.724057806463941,27.97,27.97,31,86.9921,1:26.99,75.6201,10.02,1.3469,2669.8339,44:29.83,50,"18,45,26,16,37,29,5,47,10,7,8,4,49,19,42,13,6,48,31,20,35,40,27,46,41,1,11,9,32,15,0,17,12,24,21,28,3,14,38,22,25,39,36,2,33,44,43,34,23,30",18:58;45:16;26:10;16:36;37:14;29:48;5:62;47:51;10:33;7:63;8:33;4:19;49:29;19:40;42:24;13:32;6:29;48:46;31:25;20:11;35:26;40:33;27:10;46:35;41:19;1:30;11:29;9:45;32:36;15:55;0:47;17:35;12:35;24:72;21:46;28:56;3:24;14:61;38:50;22:41;25:46;39:21;36:10;2:15;33:16;44:37;43:29;34:54;23:24;30:31,"18:[0,1,4,5,6];45:[4];26:[2];16:[1,4,6];37:[4];29:[0,4,5,6];5:[0,1,2,4,5,6];47:[0,1,4,5,6];10:[4,5,6];7:[0,1,2,4,5,6];8:[0,4,6];4:[4];49:[4,6];19:[0,4,5,6];42:[2,4];13:[2,4,6];6:[4,6];48:[0,4,5,6];31:[4,6];20:[4];35:[4,6];40:[4,5,6];27:[4];46:[4,5,6];41:[4];1:[0,4,6];11:[4,6];9:[0,4,5,6];32:[4,5,6];15:[0,1,4,5,6];0:[0,1,4,6];17:[2,4,7];12:[4,5,6];24:[0,1,2,4,5,6,7];21:[0,4,5,6];28:[0,1,4,5,6];3:[4,6];14:[0,1,2,4,5,6];38:[0,2,4,5,6];22:[2,4,5,6];25:[0,1,4,6];39:[2,4];36:[4];2:[5];33:[4];44:[0,4,6];43:[4,6];34:[0,1,4,5,6];23:[4,6];30:[4,5,6]","c18:bw=58,experts=[0,1,4,5,6]; c45:bw=16,experts=[4]; c26:bw=10,experts=[2]; c16:bw=36,experts=[1,4,6]; c37:bw=14,experts=[4]; c29:bw=48,experts=[0,4,5,6]; c5:bw=62,experts=[0,1,2,4,5,6]; c47:bw=51,experts=[0,1,4,5,6]; c10:bw=33,experts=[4,5,6]; c7:bw=63,experts=[0,1,2,4,5,6]; c8:bw=33,experts=[0,4,6]; c4:bw=19,experts=[4]; c49:bw=29,experts=[4,6]; c19:bw=40,experts=[0,4,5,6]; c42:bw=24,experts=[2,4]; c13:bw=32,experts=[2,4,6]; c6:bw=29,experts=[4,6]; c48:bw=46,experts=[0,4,5,6]; c31:bw=25,experts=[4,6]; c20:bw=11,experts=[4]; c35:bw=26,experts=[4,6]; c40:bw=33,experts=[4,5,6]; c27:bw=10,experts=[4]; c46:bw=35,experts=[4,5,6]; c41:bw=19,experts=[4]; c1:bw=30,experts=[0,4,6]; c11:bw=29,experts=[4,6]; c9:bw=45,experts=[0,4,5,6]; c32:bw=36,experts=[4,5,6]; c15:bw=55,experts=[0,1,4,5,6]; c0:bw=47,experts=[0,1,4,6]; c17:bw=35,experts=[2,4,7]; c12:bw=35,experts=[4,5,6]; c24:bw=72,experts=[0,1,2,4,5,6,7]; c21:bw=46,experts=[0,4,5,6]; c28:bw=56,experts=[0,1,4,5,6]; c3:bw=24,experts=[4,6]; c14:bw=61,experts=[0,1,2,4,5,6]; c38:bw=50,experts=[0,2,4,5,6]; c22:bw=41,experts=[2,4,5,6]; c25:bw=46,experts=[0,1,4,6]; c39:bw=21,experts=[2,4]; c36:bw=10,experts=[4]; c2:bw=15,experts=[5]; c33:bw=16,experts=[4]; c44:bw=37,experts=[0,4,6]; c43:bw=29,experts=[4,6]; c34:bw=54,experts=[0,1,4,5,6]; c23:bw=24,experts=[4,6]; c30:bw=31,experts=[4,5,6]","1.4524,2.1777,1.6896,2.2409,1.2933,1.7674,2.1735,1.1190,1.4172,1.0421,1.2105,1.6977,3.3740,1.4592,1.4801,1.2148,1.7286,1.0733,1.6569,1.7253,1.3455,1.5171,1.6337,1.2179,0.8128,1.4188,1.2204,1.5518,1.7340,1.2288,0.8049,1.2585,1.0530,1.1717,1.9971,1.2847,1.5718,1.8666,1.0805,1.8560,2.6345,1.5530,1.2514,1.0341,1.5512,1.1584,1.2739,1.3078,1.6995,1.5372"
32,2026-09-23 22:58:53,Ours,0.01,2.780300914388262,28.6,28.6,32,87.5835,1:27.58,75.914,10.3432,1.3211,2757.4401,45:57.44,50,"27,15,34,37,26,4,33,32,49,22,40,43,16,38,28,31,9,46,30,18,20,21,25,7,35,19,6,41,1,12,45,10,42,5,11,47,23,39,8,14,0,24,36,17,3,29,13,44,2,48",27:27;15:36;34:56;37:41;26:29;4:49;33:66;32:21;49:47;22:35;40:54;43:47;16:48;38:53;28:19;31:51;9:31;46:10;30:39;18:35;20:39;21:64;25:67;7:47;35:61;19:27;6:27;41:63;1:21;12:49;45:25;10:22;42:51;5:36;11:27;47:48;23:15;39:51;8:21;14:32;0:46;24:10;36:49;17:28;3:28;29:41;13:63;44:36;2:54;48:56,"27:[3,7];15:[4,6,7];34:[0,3,4,5,6];37:[3,4,6,7];26:[3,5];4:[0,3,4,6];33:[0,1,4,5,6,7];32:[3,7];49:[3,4,6,7];22:[4,6,7];40:[1,3,4,6,7];43:[1,3,4,6];16:[3,4,6,7];38:[1,3,4,6,7];28:[7];31:[0,3,4,5,6];9:[3,4,7];46:[3];30:[4,6,7];18:[2,3,4];20:[3,4,6];21:[0,1,4,5,6,7];25:[0,1,3,4,6,7];7:[1,3,4,6];35:[1,3,4,5,6,7];19:[3,7];6:[3,7];41:[0,1,4,5,6,7];1:[3,4];12:[4,5,6,7];45:[3,4];10:[3,4];42:[0,3,4,5,6];5:[4,6,7];11:[3,4];47:[3,4,6,7];23:[7];39:[1,4,5,6,7];8:[3,4];14:[3,4,6];0:[3,4,6,7];24:[3];36:[3,4,6,7];17:[3,4];3:[3,4];29:[3,4,6,7];13:[0,1,3,4,6,7];44:[3,4,7];2:[0,3,4,6,7];48:[0,3,4,5,6]","c27:bw=27,experts=[3,7]; c15:bw=36,experts=[4,6,7]; c34:bw=56,experts=[0,3,4,5,6]; c37:bw=41,experts=[3,4,6,7]; c26:bw=29,experts=[3,5]; c4:bw=49,experts=[0,3,4,6]; c33:bw=66,experts=[0,1,4,5,6,7]; c32:bw=21,experts=[3,7]; c49:bw=47,experts=[3,4,6,7]; c22:bw=35,experts=[4,6,7]; c40:bw=54,experts=[1,3,4,6,7]; c43:bw=47,experts=[1,3,4,6]; c16:bw=48,experts=[3,4,6,7]; c38:bw=53,experts=[1,3,4,6,7]; c28:bw=19,experts=[7]; c31:bw=51,experts=[0,3,4,5,6]; c9:bw=31,experts=[3,4,7]; c46:bw=10,experts=[3]; c30:bw=39,experts=[4,6,7]; c18:bw=35,experts=[2,3,4]; c20:bw=39,experts=[3,4,6]; c21:bw=64,experts=[0,1,4,5,6,7]; c25:bw=67,experts=[0,1,3,4,6,7]; c7:bw=47,experts=[1,3,4,6]; c35:bw=61,experts=[1,3,4,5,6,7]; c19:bw=27,experts=[3,7]; c6:bw=27,experts=[3,7]; c41:bw=63,experts=[0,1,4,5,6,7]; c1:bw=21,experts=[3,4]; c12:bw=49,experts=[4,5,6,7]; c45:bw=25,experts=[3,4]; c10:bw=22,experts=[3,4]; c42:bw=51,experts=[0,3,4,5,6]; c5:bw=36,experts=[4,6,7]; c11:bw=27,experts=[3,4]; c47:bw=48,experts=[3,4,6,7]; c23:bw=15,experts=[7]; c39:bw=51,experts=[1,4,5,6,7]; c8:bw=21,experts=[3,4]; c14:bw=32,experts=[3,4,6]; c0:bw=46,experts=[3,4,6,7]; c24:bw=10,experts=[3]; c36:bw=49,experts=[3,4,6,7]; c17:bw=28,experts=[3,4]; c3:bw=28,experts=[3,4]; c29:bw=41,experts=[3,4,6,7]; c13:bw=63,experts=[0,1,3,4,6,7]; c44:bw=36,experts=[3,4,7]; c2:bw=54,experts=[0,3,4,6,7]; c48:bw=56,experts=[0,3,4,5,6]","1.6282,1.2309,1.3016,1.2805,1.7286,1.7416,1.5952,1.7573,3.3943,1.8834,1.5336,1.2867,2.2401,1.0813,1.2956,1.6691,1.5601,1.1998,1.5677,1.4612,1.7607,2.0027,2.6519,1.0559,1.3529,1.5139,1.7241,0.8445,1.4361,1.0562,2.1923,1.4307,1.4439,2.1478,1.2245,1.1197,1.6835,1.5240,1.2055,1.8593,0.8241,1.1570,1.2422,1.2509,1.5744,1.7392,1.2241,1.1537,1.0224,1.0592"
33,2026-09-23 23:00:21,Ours,0.01,2.6734942905878585,29.1,29.1,33,87.6178,1:27.62,75.7262,10.5766,1.3097,2845.0813,47:25.08,50,"20,35,0,15,6,33,21,36,46,43,32,5,22,18,27,42,29,39,7,14,25,9,11,30,26,28,40,45,38,10,1,4,13,3,49,24,12,37,44,31,2,23,16,17,47,41,19,34,8,48",20:40;35:36;0:62;15:24;6:37;33:41;21:65;36:40;46:43;43:40;32:34;5:29;22:56;18:55;27:38;42:65;29:62;39:47;7:52;14:37;25:14;9:42;11:53;30:55;26:44;28:29;40:45;45:10;38:35;10:46;1:34;4:45;13:30;3:70;49:51;24:28;12:46;37:39;44:46;31:49;2:24;23:63;16:44;17:59;47:25;41:27;19:25;34:40;8:50;48:80,"20:[0,1,4,6];35:[4,5,6];0:[0,1,2,4,5,6];15:[4,6];6:[4,5,6];33:[1,4,5,6];21:[0,1,2,4,5,6];36:[0,1,4,6];46:[2,4,6,7];43:[0,1,4,6];32:[4,5,6];5:[4,6];22:[0,1,4,5,6];18:[0,4,5,6,7];27:[1,4,6];42:[0,1,4,5,6,7];29:[0,1,2,4,5,6];39:[1,4,5,6];7:[1,4,5,6,7];14:[0,4,6];25:[4];9:[1,4,5,6];11:[0,4,5,6,7];30:[0,1,4,5,6];26:[0,4,6,7];28:[4,6];40:[0,2,4,6];45:[7];38:[0,4,6];10:[1,4,5,6];1:[4,6,7];4:[2,4,6,7];13:[0,4,6];3:[0,1,2,4,5,6,7];49:[0,1,4,5,6];24:[4,6];12:[3,4,5,6];37:[4,5,6];44:[0,4,5,6];31:[0,1,4,6];2:[4,6];23:[0,1,2,4,5,6];16:[0,2,4,6];17:[0,1,4,5,6];47:[2,4];41:[4,6];19:[1,4];34:[2,4,6,7];8:[0,4,5,6,7];48:[0,1,2,3,4,5,6,7]","c20:bw=40,experts=[0,1,4,6]; c35:bw=36,experts=[4,5,6]; c0:bw=62,experts=[0,1,2,4,5,6]; c15:bw=24,experts=[4,6]; c6:bw=37,experts=[4,5,6]; c33:bw=41,experts=[1,4,5,6]; c21:bw=65,experts=[0,1,2,4,5,6]; c36:bw=40,experts=[0,1,4,6]; c46:bw=43,experts=[2,4,6,7]; c43:bw=40,experts=[0,1,4,6]; c32:bw=34,experts=[4,5,6]; c5:bw=29,experts=[4,6]; c22:bw=56,experts=[0,1,4,5,6]; c18:bw=55,experts=[0,4,5,6,7]; c27:bw=38,experts=[1,4,6]; c42:bw=65,experts=[0,1,4,5,6,7]; c29:bw=62,experts=[0,1,2,4,5,6]; c39:bw=47,experts=[1,4,5,6]; c7:bw=52,experts=[1,4,5,6,7]; c14:bw=37,experts=[0,4,6]; c25:bw=14,experts=[4]; c9:bw=42,experts=[1,4,5,6]; c11:bw=53,experts=[0,4,5,6,7]; c30:bw=55,experts=[0,1,4,5,6]; c26:bw=44,experts=[0,4,6,7]; c28:bw=29,experts=[4,6]; c40:bw=45,experts=[0,2,4,6]; c45:bw=10,experts=[7]; c38:bw=35,experts=[0,4,6]; c10:bw=46,experts=[1,4,5,6]; c1:bw=34,experts=[4,6,7]; c4:bw=45,experts=[2,4,6,7]; c13:bw=30,experts=[0,4,6]; c3:bw=70,experts=[0,1,2,4,5,6,7]; c49:bw=51,experts=[0,1,4,5,6]; c24:bw=28,experts=[4,6]; c12:bw=46,experts=[3,4,5,6]; c37:bw=39,experts=[4,5,6]; c44:bw=46,experts=[0,4,5,6]; c31:bw=49,experts=[0,1,4,6]; c2:bw=24,experts=[4,6]; c23:bw=63,experts=[0,1,2,4,5,6]; c16:bw=44,experts=[0,2,4,6]; c17:bw=59,experts=[0,1,4,5,6]; c47:bw=25,experts=[2,4]; c41:bw=27,experts=[4,6]; c19:bw=25,experts=[1,4]; c34:bw=40,experts=[2,4,6,7]; c8:bw=50,experts=[0,4,5,6,7]; c48:bw=80,experts=[0,1,2,3,4,5,6,7]","1.7260,1.3542,0.8206,1.2320,1.7246,1.5749,2.0280,1.2492,1.2104,1.2704,1.7655,2.1887,1.8928,1.4659,1.6604,1.4652,1.7773,1.5496,1.0482,1.8883,2.6241,1.5456,1.2257,1.5525,1.7097,1.2892,1.5252,2.1465,1.0727,1.4232,1.4408,1.7128,1.2114,1.5852,3.3682,1.1622,1.0473,1.2673,1.1417,1.6464,1.0286,1.7277,2.2216,1.2475,1.1116,0.8161,1.4292,1.2922,1.1961,1.0652"
34,2026-09-23 23:01:49,Ours,0.01,2.652773719124096,30.15,30.15,34,87.8025,1:27.80,76.0359,10.4425,1.3187,2932.9086,48:52.91,50,"36,13,0,17,7,21,1,14,49,35,11,29,19,47,45,22,25,30,4,6,37,3,9,20,24,42,10,41,8,34,46,40,38,27,15,18,23,5,32,12,26,43,33,48,2,28,31,44,39,16",36:45;13:57;0:22;17:16;7:32;21:48;1:46;14:66;49:65;35:31;11:52;29:13;19:50;47:39;45:46;22:30;25:49;30:26;4:46;6:48;37:19;3:72;9:68;20:62;24:60;42:21;10:26;41:14;8:42;34:58;46:52;40:44;38:30;27:34;15:10;18:29;23:36;5:60;32:39;12:24;26:55;43:11;33:22;48:34;2:54;28:39;31:36;44:56;39:35;16:54,"36:[2,4,5,6];13:[0,1,4,5,6];0:[4,6];17:[4];7:[4,5,6];21:[0,4,5,6];1:[0,4,5,6];14:[0,1,2,4,5,6];49:[0,1,2,4,5,6];35:[4,5,6];11:[0,1,4,5,6];29:[4];19:[0,2,4,5,6];47:[4,5,6];45:[0,4,5,6];22:[4,5,6];25:[0,2,4,6];30:[3,4];4:[0,4,5,6];6:[0,4,5,6];37:[4];3:[0,1,2,4,5,6,7];9:[0,1,2,4,5,6];20:[0,1,2,4,5,6];24:[0,1,2,4,5,6];42:[4,6];10:[4,6];41:[2];8:[1,4,5,6];34:[0,1,4,5,6];46:[0,1,4,5,6];40:[0,4,5,6];38:[4,5,6];27:[0,4,6];15:[4];18:[4,6];23:[4,5,6];5:[0,1,2,4,5,6];32:[4,5,6];12:[4,6];26:[0,1,4,5,6];43:[4];33:[4,6];48:[0,4,6];2:[0,1,4,5,6];28:[4,5,6];31:[4,5,6];44:[0,1,4,5,6];39:[4,5,6];16:[0,1,4,5,6]","c36:bw=45,experts=[2,4,5,6]; c13:bw=57,experts=[0,1,4,5,6]; c0:bw=22,experts=[4,6]; c17:bw=16,experts=[4]; c7:bw=32,experts=[4,5,6]; c21:bw=48,experts=[0,4,5,6]; c1:bw=46,experts=[0,4,5,6]; c14:bw=66,experts=[0,1,2,4,5,6]; c49:bw=65,experts=[0,1,2,4,5,6]; c35:bw=31,experts=[4,5,6]; c11:bw=52,experts=[0,1,4,5,6]; c29:bw=13,experts=[4]; c19:bw=50,experts=[0,2,4,5,6]; c47:bw=39,experts=[4,5,6]; c45:bw=46,experts=[0,4,5,6]; c22:bw=30,experts=[4,5,6]; c25:bw=49,experts=[0,2,4,6]; c30:bw=26,experts=[3,4]; c4:bw=46,experts=[0,4,5,6]; c6:bw=48,experts=[0,4,5,6]; c37:bw=19,experts=[4]; c3:bw=72,experts=[0,1,2,4,5,6,7]; c9:bw=68,experts=[0,1,2,4,5,6]; c20:bw=62,experts=[0,1,2,4,5,6]; c24:bw=60,experts=[0,1,2,4,5,6]; c42:bw=21,experts=[4,6]; c10:bw=26,experts=[4,6]; c41:bw=14,experts=[2]; c8:bw=42,experts=[1,4,5,6]; c34:bw=58,experts=[0,1,4,5,6]; c46:bw=52,experts=[0,1,4,5,6]; c40:bw=44,experts=[0,4,5,6]; c38:bw=30,experts=[4,5,6]; c27:bw=34,experts=[0,4,6]; c15:bw=10,experts=[4]; c18:bw=29,experts=[4,6]; c23:bw=36,experts=[4,5,6]; c5:bw=60,experts=[0,1,2,4,5,6]; c32:bw=39,experts=[4,5,6]; c12:bw=24,experts=[4,6]; c26:bw=55,experts=[0,1,4,5,6]; c43:bw=11,experts=[4]; c33:bw=22,experts=[4,6]; c48:bw=34,experts=[0,4,6]; c2:bw=54,experts=[0,1,4,5,6]; c28:bw=39,experts=[4,5,6]; c31:bw=36,experts=[4,5,6]; c44:bw=56,experts=[0,1,4,5,6]; c39:bw=35,experts=[4,5,6]; c16:bw=54,experts=[0,1,4,5,6]","1.2501,1.2158,0.8326,1.2748,1.0461,2.0232,1.4478,1.9266,3.4171,1.3908,1.2332,1.7600,1.4597,1.1300,2.1794,1.8832,2.6657,1.5622,1.7271,1.7315,1.2918,1.6202,1.5692,1.7530,1.1838,1.4457,1.4167,0.8285,1.2223,1.3033,1.2113,1.5127,1.0583,1.6218,1.2100,1.4389,1.7231,2.1731,1.7268,1.0486,1.7204,1.2814,1.6150,1.0636,1.0420,1.2732,1.6272,1.1508,1.5235,2.2231"
35,2026-09-23 23:03:16,Ours,0.01,2.6337194983635857,30.05,30.15,34,87.4336,1:27.43,75.7221,10.3761,1.3302,3020.3666,50:20.37,50,"46,28,2,35,20,44,41,13,45,43,10,7,25,15,0,36,32,48,49,42,22,17,24,19,3,21,4,14,37,27,47,8,9,6,29,18,5,34,23,33,30,39,16,40,26,12,31,1,38,11",46:45;28:55;2:46;35:54;20:53;44:30;41:67;13:48;45:43;43:55;10:57;7:48;25:40;15:47;0:20;36:41;32:13;48:54;49:13;42:49;22:32;17:32;24:15;19:22;3:24;21:10;4:33;14:20;37:52;27:64;47:39;8:50;9:27;6:44;29:28;18:51;5:41;34:64;23:13;33:38;30:61;39:44;16:10;40:18;26:59;12:22;31:51;1:31;38:34;11:69,"46:[0,1,4,6];28:[0,1,4,5,6];2:[1,4,5,6];35:[0,1,4,5,6];20:[0,1,4,5,6];44:[0,4,6];41:[0,1,3,4,5,6];13:[0,1,4,6];45:[0,4,5,6];43:[0,1,4,5,6];10:[0,1,4,5,6];7:[1,4,5,6];25:[0,1,4,6];15:[0,4,5,6];0:[4,6];36:[0,4,5,6];32:[4];48:[0,1,4,5,6];49:[4];42:[0,4,5,6];22:[4,5,6];17:[1,4,6];24:[4];19:[4,6];3:[4,6];21:[4];4:[4,5,6];14:[4,6];37:[0,1,2,4,6];27:[0,1,2,4,5,6];47:[4,5,6];8:[0,1,4,5,6];9:[4,6];6:[2,4,5,6];29:[4,6];18:[0,1,4,5,6];5:[0,4,5,6];34:[0,1,2,4,5,6];23:[3];33:[3,4,6];30:[0,1,2,4,5,6];39:[3,4,5,6];16:[4];40:[4];26:[0,1,4,5,6];12:[4,6];31:[0,1,4,5,6];1:[1,2,4];38:[4,5,6];11:[0,1,2,4,5,6]","c46:bw=45,experts=[0,1,4,6]; c28:bw=55,experts=[0,1,4,5,6]; c2:bw=46,experts=[1,4,5,6]; c35:bw=54,experts=[0,1,4,5,6]; c20:bw=53,experts=[0,1,4,5,6]; c44:bw=30,experts=[0,4,6]; c41:bw=67,experts=[0,1,3,4,5,6]; c13:bw=48,experts=[0,1,4,6]; c45:bw=43,experts=[0,4,5,6]; c43:bw=55,experts=[0,1,4,5,6]; c10:bw=57,experts=[0,1,4,5,6]; c7:bw=48,experts=[1,4,5,6]; c25:bw=40,experts=[0,1,4,6]; c15:bw=47,experts=[0,4,5,6]; c0:bw=20,experts=[4,6]; c36:bw=41,experts=[0,4,5,6]; c32:bw=13,experts=[4]; c48:bw=54,experts=[0,1,4,5,6]; c49:bw=13,experts=[4]; c42:bw=49,experts=[0,4,5,6]; c22:bw=32,experts=[4,5,6]; c17:bw=32,experts=[1,4,6]; c24:bw=15,experts=[4]; c19:bw=22,experts=[4,6]; c3:bw=24,experts=[4,6]; c21:bw=10,experts=[4]; c4:bw=33,experts=[4,5,6]; c14:bw=20,experts=[4,6]; c37:bw=52,experts=[0,1,2,4,6]; c27:bw=64,experts=[0,1,2,4,5,6]; c47:bw=39,experts=[4,5,6]; c8:bw=50,experts=[0,1,4,5,6]; c9:bw=27,experts=[4,6]; c6:bw=44,experts=[2,4,5,6]; c29:bw=28,experts=[4,6]; c18:bw=51,experts=[0,1,4,5,6]; c5:bw=41,experts=[0,4,5,6]; c34:bw=64,experts=[0,1,2,4,5,6]; c23:bw=13,experts=[3]; c33:bw=38,experts=[3,4,6]; c30:bw=61,experts=[0,1,2,4,5,6]; c39:bw=44,experts=[3,4,5,6]; c16:bw=10,experts=[4]; c40:bw=18,experts=[4]; c26:bw=59,experts=[0,1,4,5,6]; c12:bw=22,experts=[4,6]; c31:bw=51,experts=[0,1,4,5,6]; c1:bw=31,experts=[1,2,4]; c38:bw=34,experts=[4,5,6]; c11:bw=69,experts=[0,1,2,4,5,6]","1.2224,1.2878,1.0587,1.3942,1.7685,1.1873,0.8491,1.2315,2.1876,1.2954,1.4167,1.0331,2.6584,1.2196,0.8150,1.2379,1.7388,1.0588,3.3356,1.4556,1.8655,1.2693,1.1726,1.4321,1.5801,1.9925,1.7163,1.8782,1.2788,1.6449,1.1108,1.1976,1.5338,1.7019,1.7333,1.4460,2.1439,1.3189,1.7076,1.5654,1.5536,1.5742,2.2141,1.4986,1.7329,1.0537,1.6264,1.4317,1.0573,1.2379"
36,2026-09-23 23:04:44,Ours,0.01,2.6101318265477045,30.96,30.96,36,87.4978,1:27.50,75.9994,10.1532,1.34,3107.8886,51:47.89,50,"48,9,7,37,24,26,0,17,18,23,8,20,44,35,42,4,15,39,49,34,2,29,21,27,13,45,1,19,41,30,36,40,43,12,16,3,47,38,33,25,22,46,31,14,5,32,10,28,6,11",48:30;9:37;7:27;37:37;24:12;26:41;0:36;17:49;18:11;23:58;8:51;20:49;44:29;35:44;42:52;4:74;15:68;39:47;49:11;34:16;2:50;29:53;21:42;27:40;13:47;45:37;1:10;19:48;41:61;30:39;36:19;40:42;43:25;12:35;16:10;3:60;47:22;38:35;33:33;25:11;22:13;46:39;31:51;14:18;5:49;32:22;10:56;28:37;6:43;11:33,"48:[0,4,6];9:[4,5,6];7:[4,6];37:[1,4,6];24:[4];26:[0,1,4,6];0:[1,4,6];17:[0,1,4,6];18:[4];23:[0,1,4,5,6];8:[0,1,4,5,6];20:[0,4,6,7];44:[4,6];35:[2,4,5,6];42:[0,1,4,5,6];4:[0,1,2,4,5,6,7];15:[0,1,2,4,5,6];39:[1,4,5,6];49:[4];34:[4];2:[0,1,4,5,6];29:[0,1,4,5,6];21:[1,4,5,6];27:[1,4,5,6];13:[0,1,4,6];45:[4,5,6];1:[4];19:[0,1,4,6];41:[0,1,2,4,5,6];30:[1,4,6];36:[4];40:[1,4,5,6];43:[4,6];12:[0,4,6];16:[4];3:[0,1,2,4,5,6];47:[4,6];38:[1,4,6];33:[4,5,6];25:[4];22:[3];46:[1,4,6];31:[0,1,4,5,6];14:[4];5:[3,4,5,6];32:[4,6];10:[0,1,4,5,6];28:[0,4,6];6:[0,4,5,6];11:[4,5,6]","c48:bw=30,experts=[0,4,6]; c9:bw=37,experts=[4,5,6]; c7:bw=27,experts=[4,6]; c37:bw=37,experts=[1,4,6]; c24:bw=12,experts=[4]; c26:bw=41,experts=[0,1,4,6]; c0:bw=36,experts=[1,4,6]; c17:bw=49,experts=[0,1,4,6]; c18:bw=11,experts=[4]; c23:bw=58,experts=[0,1,4,5,6]; c8:bw=51,experts=[0,1,4,5,6]; c20:bw=49,experts=[0,4,6,7]; c44:bw=29,experts=[4,6]; c35:bw=44,experts=[2,4,5,6]; c42:bw=52,experts=[0,1,4,5,6]; c4:bw=74,experts=[0,1,2,4,5,6,7]; c15:bw=68,experts=[0,1,2,4,5,6]; c39:bw=47,experts=[1,4,5,6]; c49:bw=11,experts=[4]; c34:bw=16,experts=[4]; c2:bw=50,experts=[0,1,4,5,6]; c29:bw=53,experts=[0,1,4,5,6]; c21:bw=42,experts=[1,4,5,6]; c27:bw=40,experts=[1,4,5,6]; c13:bw=47,experts=[0,1,4,6]; c45:bw=37,experts=[4,5,6]; c1:bw=10,experts=[4]; c19:bw=48,experts=[0,1,4,6]; c41:bw=61,experts=[0,1,2,4,5,6]; c30:bw=39,experts=[1,4,6]; c36:bw=19,experts=[4]; c40:bw=42,experts=[1,4,5,6]; c43:bw=25,experts=[4,6]; c12:bw=35,experts=[0,4,6]; c16:bw=10,experts=[4]; c3:bw=60,experts=[0,1,2,4,5,6]; c47:bw=22,experts=[4,6]; c38:bw=35,experts=[1,4,6]; c33:bw=33,experts=[4,5,6]; c25:bw=11,experts=[4]; c22:bw=13,experts=[3]; c46:bw=39,experts=[1,4,6]; c31:bw=51,experts=[0,1,4,5,6]; c14:bw=18,experts=[4]; c5:bw=49,experts=[3,4,5,6]; c32:bw=22,experts=[4,6]; c10:bw=56,experts=[0,1,4,5,6]; c28:bw=37,experts=[0,4,6]; c6:bw=43,experts=[0,4,5,6]; c11:bw=33,experts=[4,5,6]","1.0623,1.5674,1.0351,1.3119,1.1755,1.7405,0.8194,1.2904,1.4492,1.7622,1.2377,1.7731,1.1419,1.3510,1.4681,1.7404,1.2534,1.5750,3.3732,1.2886,1.0640,1.7611,1.9966,1.6501,1.2308,2.1839,1.4318,1.4330,0.8284,1.5389,1.2387,1.5140,1.2632,1.0615,2.1827,1.6161,1.1195,1.0723,1.5558,2.6146,1.8681,1.2280,1.6675,1.9006,2.1715,1.7646,1.4113,1.2654,1.7284,1.2211"
37,2026-09-23 23:06:12,Ours,0.01,2.640124345569026,31.65,31.65,37,87.7146,1:27.71,76.1505,10.2478,1.3112,3195.6282,53:15.63,50,"29,22,21,44,0,9,49,36,1,10,4,12,42,18,39,5,8,3,30,38,33,31,35,13,19,32,25,27,46,20,45,37,2,6,41,43,40,28,16,47,7,26,15,14,17,11,23,24,48,34",29:39;22:10;21:18;44:19;0:54;9:40;49:36;36:10;1:18;10:58;4:39;12:49;42:59;18:10;39:47;5:39;8:10;3:36;30:51;38:10;33:64;31:53;35:53;13:12;19:42;32:22;25:56;27:55;46:68;20:38;45:11;37:18;2:36;6:65;41:41;43:51;40:26;28:10;16:31;47:10;7:42;26:10;15:51;14:28;17:56;11:63;23:44;24:61;48:41;34:61,"29:[4,5,6];22:[4];21:[3];44:[2];0:[0,1,4,5,6];9:[0,4,5,6];49:[0,4,6];36:[4];1:[4];10:[0,1,4,5,6];4:[4,5,6];12:[0,4,5,6];42:[0,1,4,5,6];18:[4];39:[0,4,5,6];5:[4,5,6];8:[4];3:[4,5,6];30:[0,1,4,5,6];38:[4];33:[0,1,2,4,5,6];31:[2,4,5,6,7];35:[0,1,4,5,6];13:[4];19:[0,1,4,6];32:[2,4];25:[0,1,4,5,6];27:[0,1,4,5,6];46:[0,1,2,4,5,6];20:[4,5,6];45:[1];37:[4];2:[4,5,6];6:[0,1,2,4,5,6];41:[0,4,5,6];43:[0,1,4,5,6];40:[4,6];28:[2];16:[0,4,6];47:[4];7:[1,4,5,6];26:[4];15:[0,3,4,5,6];14:[4,7];17:[0,1,4,5,6];11:[0,1,2,4,5,6];23:[0,4,5,6];24:[0,1,2,4,5,6];48:[0,4,5,6];34:[0,1,2,4,5,6]","c29:bw=39,experts=[4,5,6]; c22:bw=10,experts=[4]; c21:bw=18,experts=[3]; c44:bw=19,experts=[2]; c0:bw=54,experts=[0,1,4,5,6]; c9:bw=40,experts=[0,4,5,6]; c49:bw=36,experts=[0,4,6]; c36:bw=10,experts=[4]; c1:bw=18,experts=[4]; c10:bw=58,experts=[0,1,4,5,6]; c4:bw=39,experts=[4,5,6]; c12:bw=49,experts=[0,4,5,6]; c42:bw=59,experts=[0,1,4,5,6]; c18:bw=10,experts=[4]; c39:bw=47,experts=[0,4,5,6]; c5:bw=39,experts=[4,5,6]; c8:bw=10,experts=[4]; c3:bw=36,experts=[4,5,6]; c30:bw=51,experts=[0,1,4,5,6]; c38:bw=10,experts=[4]; c33:bw=64,experts=[0,1,2,4,5,6]; c31:bw=53,experts=[2,4,5,6,7]; c35:bw=53,experts=[0,1,4,5,6]; c13:bw=12,experts=[4]; c19:bw=42,experts=[0,1,4,6]; c32:bw=22,experts=[2,4]; c25:bw=56,experts=[0,1,4,5,6]; c27:bw=55,experts=[0,1,4,5,6]; c46:bw=68,experts=[0,1,2,4,5,6]; c20:bw=38,experts=[4,5,6]; c45:bw=11,experts=[1]; c37:bw=18,experts=[4]; c2:bw=36,experts=[4,5,6]; c6:bw=65,experts=[0,1,2,4,5,6]; c41:bw=41,experts=[0,4,5,6]; c43:bw=51,experts=[0,1,4,5,6]; c40:bw=26,experts=[4,6]; c28:bw=10,experts=[2]; c16:bw=31,experts=[0,4,6]; c47:bw=10,experts=[4]; c7:bw=42,experts=[1,4,5,6]; c26:bw=10,experts=[4]; c15:bw=51,experts=[0,3,4,5,6]; c14:bw=28,experts=[4,7]; c17:bw=56,experts=[0,1,4,5,6]; c11:bw=63,experts=[0,1,2,4,5,6]; c23:bw=44,experts=[0,4,5,6]; c24:bw=61,experts=[0,1,2,4,5,6]; c48:bw=41,experts=[0,4,5,6]; c34:bw=61,experts=[0,1,2,4,5,6]","1.7661,1.8752,2.0015,1.1565,0.8368,1.5620,3.3799,1.2542,1.4416,1.4240,1.7152,1.0798,1.4772,1.4755,1.5574,2.2230,1.2098,1.6092,1.5544,1.0667,1.6631,1.6675,1.3769,1.2165,1.4444,1.7616,2.6592,1.6428,1.2363,1.7450,2.1719,1.2827,1.0444,1.7282,0.8294,1.2646,1.5094,1.2677,2.2402,1.1194,1.0226,1.7262,1.2337,1.8697,1.2781,1.2112,1.7178,1.1830,1.0672,1.3037"
38,2026-09-23 23:07:39,Ours,0.01,2.593792836178931,32.05,32.05,38,87.4234,1:27.42,75.7303,10.3497,1.3382,3283.0768,54:43.08,50,"40,47,2,4,35,22,33,39,20,6,5,41,3,34,18,13,12,8,26,28,1,25,48,38,9,0,19,27,49,36,15,14,43,11,16,23,21,42,7,44,32,24,10,31,37,30,46,45,17,29",40:62;47:18;2:10;4:52;35:23;22:46;33:60;39:64;20:36;6:17;5:10;41:72;3:38;34:65;18:44;13:63;12:47;8:46;26:44;28:30;1:31;25:58;48:36;38:19;9:26;0:40;19:61;27:48;49:24;36:64;15:12;14:41;43:10;11:17;16:38;23:30;21:51;42:33;7:51;44:29;32:20;24:38;10:39;31:52;37:14;30:34;46:47;45:59;17:41;29:21,"40:[0,1,2,4,5,6];47:[4];2:[2];4:[0,1,4,5,6];35:[4,6];22:[0,4,5,6];33:[0,1,2,4,5,6];39:[0,1,2,4,5,6];20:[0,4,6];6:[4];5:[4];41:[0,1,2,3,4,5,6];3:[4,5,6];34:[0,1,2,4,5,6];18:[0,4,5,6];13:[0,1,2,4,5,6];12:[1,2,4,6];8:[0,2,4,6];26:[0,4,5,6];28:[3,4,6];1:[4,5,6];25:[0,1,4,5,6];48:[0,4,6];38:[4];9:[4,6];0:[0,1,4,6];19:[0,1,2,4,5,6];27:[0,4,5,6];49:[4,6];36:[0,1,2,4,5,6];15:[4];14:[0,1,4,6];43:[2];11:[4];16:[0,4,6];23:[0,4,6];21:[0,1,4,5,6];42:[0,4,6];7:[0,1,4,5,6];44:[4,6];32:[0,1];24:[4,5,6];10:[2,4,7];31:[0,1,4,5,6];37:[4];30:[4,5,6];46:[1,4,5,6];45:[0,2,4,5,6];17:[0,1,4,6];29:[4,6]","c40:bw=62,experts=[0,1,2,4,5,6]; c47:bw=18,experts=[4]; c2:bw=10,experts=[2]; c4:bw=52,experts=[0,1,4,5,6]; c35:bw=23,experts=[4,6]; c22:bw=46,experts=[0,4,5,6]; c33:bw=60,experts=[0,1,2,4,5,6]; c39:bw=64,experts=[0,1,2,4,5,6]; c20:bw=36,experts=[0,4,6]; c6:bw=17,experts=[4]; c5:bw=10,experts=[4]; c41:bw=72,experts=[0,1,2,3,4,5,6]; c3:bw=38,experts=[4,5,6]; c34:bw=65,experts=[0,1,2,4,5,6]; c18:bw=44,experts=[0,4,5,6]; c13:bw=63,experts=[0,1,2,4,5,6]; c12:bw=47,experts=[1,2,4,6]; c8:bw=46,experts=[0,2,4,6]; c26:bw=44,experts=[0,4,5,6]; c28:bw=30,experts=[3,4,6]; c1:bw=31,experts=[4,5,6]; c25:bw=58,experts=[0,1,4,5,6]; c48:bw=36,experts=[0,4,6]; c38:bw=19,experts=[4]; c9:bw=26,experts=[4,6]; c0:bw=40,experts=[0,1,4,6]; c19:bw=61,experts=[0,1,2,4,5,6]; c27:bw=48,experts=[0,4,5,6]; c49:bw=24,experts=[4,6]; c36:bw=64,experts=[0,1,2,4,5,6]; c15:bw=12,experts=[4]; c14:bw=41,experts=[0,1,4,6]; c43:bw=10,experts=[2]; c11:bw=17,experts=[4]; c16:bw=38,experts=[0,4,6]; c23:bw=30,experts=[0,4,6]; c21:bw=51,experts=[0,1,4,5,6]; c42:bw=33,experts=[0,4,6]; c7:bw=51,experts=[0,1,4,5,6]; c44:bw=29,experts=[4,6]; c32:bw=20,experts=[0,1]; c24:bw=38,experts=[4,5,6]; c10:bw=39,experts=[2,4,7]; c31:bw=52,experts=[0,1,4,5,6]; c37:bw=14,experts=[4]; c30:bw=34,experts=[4,5,6]; c46:bw=47,experts=[1,4,5,6]; c45:bw=59,experts=[0,2,4,5,6]; c17:bw=41,experts=[0,1,4,6]; c29:bw=21,experts=[4,6]","1.5468,1.1498,1.0507,1.7277,1.3764,1.8947,1.5841,1.5561,1.7546,1.7294,2.1789,0.8458,1.6214,1.3057,1.4713,1.2256,1.0743,1.2234,1.7445,1.2920,1.4495,2.6699,1.0705,1.0486,1.5609,0.8145,1.4526,1.6324,3.3321,1.2511,1.2082,1.8734,1.2464,1.2046,2.2278,1.7160,1.9920,1.4253,1.0290,1.1239,1.7306,1.1648,1.3869,1.6306,1.2402,1.5395,1.2262,2.1596,1.2514,1.7187"
39,2026-09-23 23:09:07,Ours,0.01,2.5446587826908695,32.59,32.59,39,87.5752,1:27.58,75.8278,10.4287,1.3134,3370.6771,56:10.68,50,"0,34,1,14,47,29,20,4,35,28,32,26,22,24,16,23,12,18,37,17,40,13,9,49,45,21,25,42,3,15,33,46,6,19,27,36,7,11,31,30,38,48,44,8,5,2,10,39,43,41",0:10;34:47;1:45;14:57;47:45;29:16;20:68;4:36;35:29;28:54;32:63;26:37;22:28;24:44;16:29;23:49;12:49;18:25;37:63;17:42;40:40;13:49;9:24;49:56;45:33;21:52;25:35;42:23;3:26;15:30;33:49;46:15;6:31;19:18;27:39;36:65;7:40;11:51;31:39;30:43;38:57;48:39;44:38;8:45;5:75;2:36;10:24;39:62;43:27;41:51,"0:[4];34:[0,4,5,6];1:[0,4,5,6];14:[0,1,4,5,6];47:[0,1,4,6];29:[4];20:[0,1,2,4,5,6];4:[0,4,6];35:[4,6];28:[0,1,2,4,6];32:[0,1,2,4,5,6];26:[2,4,6];22:[2,4];24:[1,4,6,7];16:[4,6];23:[0,4,5,6];12:[1,4,5,6];18:[4,6];37:[0,1,2,4,5,6];17:[2,4,6,7];40:[0,4,5,6];13:[0,4,5,6];9:[4,6];49:[0,1,4,5,6];45:[4,5,6];21:[0,1,4,5,6];25:[0,4,6];42:[2,4];3:[4,6];15:[4,5,6];33:[0,4,5,6];46:[4];6:[4,5,6];19:[4];27:[4,5,6];36:[0,1,2,4,5,6];7:[1,2,4,6];11:[0,1,4,5,6];31:[4,5,6];30:[0,1,4,6];38:[0,2,4,5,6];48:[4,5,6];44:[0,4,6];8:[0,4,5,6];5:[0,1,2,3,4,5,6];2:[4,5,6];10:[4,6];39:[0,1,2,4,5,6];43:[4,7];41:[0,1,4,5,6]","c0:bw=10,experts=[4]; c34:bw=47,experts=[0,4,5,6]; c1:bw=45,experts=[0,4,5,6]; c14:bw=57,experts=[0,1,4,5,6]; c47:bw=45,experts=[0,1,4,6]; c29:bw=16,experts=[4]; c20:bw=68,experts=[0,1,2,4,5,6]; c4:bw=36,experts=[0,4,6]; c35:bw=29,experts=[4,6]; c28:bw=54,experts=[0,1,2,4,6]; c32:bw=63,experts=[0,1,2,4,5,6]; c26:bw=37,experts=[2,4,6]; c22:bw=28,experts=[2,4]; c24:bw=44,experts=[1,4,6,7]; c16:bw=29,experts=[4,6]; c23:bw=49,experts=[0,4,5,6]; c12:bw=49,experts=[1,4,5,6]; c18:bw=25,experts=[4,6]; c37:bw=63,experts=[0,1,2,4,5,6]; c17:bw=42,experts=[2,4,6,7]; c40:bw=40,experts=[0,4,5,6]; c13:bw=49,experts=[0,4,5,6]; c9:bw=24,experts=[4,6]; c49:bw=56,experts=[0,1,4,5,6]; c45:bw=33,experts=[4,5,6]; c21:bw=52,experts=[0,1,4,5,6]; c25:bw=35,experts=[0,4,6]; c42:bw=23,experts=[2,4]; c3:bw=26,experts=[4,6]; c15:bw=30,experts=[4,5,6]; c33:bw=49,experts=[0,4,5,6]; c46:bw=15,experts=[4]; c6:bw=31,experts=[4,5,6]; c19:bw=18,experts=[4]; c27:bw=39,experts=[4,5,6]; c36:bw=65,experts=[0,1,2,4,5,6]; c7:bw=40,experts=[1,2,4,6]; c11:bw=51,experts=[0,1,4,5,6]; c31:bw=39,experts=[4,5,6]; c30:bw=43,experts=[0,1,4,6]; c38:bw=57,experts=[0,2,4,5,6]; c48:bw=39,experts=[4,5,6]; c44:bw=38,experts=[0,4,6]; c8:bw=45,experts=[0,4,5,6]; c5:bw=75,experts=[0,1,2,3,4,5,6]; c2:bw=36,experts=[4,5,6]; c10:bw=24,experts=[4,6]; c39:bw=62,experts=[0,1,2,4,5,6]; c43:bw=27,experts=[4,7]; c41:bw=51,experts=[0,1,4,5,6]","0.8204,1.3045,1.4415,1.9031,1.1407,1.7614,1.7794,1.7292,1.3684,1.2950,1.7735,1.7363,1.8567,1.1851,2.2486,1.7278,1.0627,1.4672,1.2882,1.2668,1.5291,1.2180,1.5485,3.3533,2.1813,1.9973,2.6339,1.4392,1.5616,1.2264,1.5748,1.2201,1.7119,1.4286,1.6373,1.2299,1.0242,1.2017,1.6406,1.5618,1.0740,1.0604,1.1532,1.2073,2.1801,1.0516,1.4083,1.5399,1.2626,0.8145"
40,2026-09-23 23:10:34,Ours,0.01,2.6148965776628614,33.22,33.22,40,87.3707,1:27.37,75.7483,10.2889,1.328,3458.0737,57:38.07,50,"10,0,7,12,42,45,13,24,43,41,46,5,47,15,38,22,33,1,26,8,48,16,49,44,37,35,3,4,19,23,39,25,30,20,29,11,6,32,14,28,34,9,27,2,40,31,36,21,18,17",10:60;0:36;7:66;12:42;42:23;45:66;13:32;24:51;43:35;41:40;46:52;5:32;47:10;15:22;38:10;22:43;33:27;1:42;26:63;8:26;48:23;16:29;49:43;44:10;37:35;35:32;3:10;4:19;19:23;23:50;39:23;25:67;30:42;20:21;29:43;11:15;6:46;32:48;14:58;28:10;34:49;9:40;27:38;2:65;40:34;31:61;36:48;21:35;18:38;17:30,"10:[0,1,3,4,5,6];0:[3,4,7];7:[0,1,3,4,5,6];12:[4,5,6,7];42:[3,4];45:[0,1,3,4,5,6];13:[3,4,7];24:[1,3,4,5,6];43:[3,4,6];41:[0,4,6,7];46:[0,3,4,5,6];5:[4,6,7];47:[3];15:[4,7];38:[3];22:[4,5,6,7];33:[4,7];1:[3,4,5,6];26:[0,1,3,4,5,6];8:[3,4];48:[4,6];16:[3,7];49:[3,4,6,7];44:[3];37:[3,4,7];35:[3,4,7];3:[3];4:[3];19:[3,7];23:[0,4,5,6,7];39:[4,7];25:[0,1,3,4,6,7];30:[4,5,6,7];20:[3,4];29:[3,4,6,7];11:[3];6:[3,4,6,7];32:[3,4,6,7];14:[0,3,4,5,6];28:[7];34:[3,4,5,6];9:[3,4,5,7];27:[3,4,7];2:[1,3,4,5,6,7];40:[3,4,7];31:[0,1,3,4,5,6];36:[3,4,6,7];21:[4,6,7];18:[2,3,4];17:[3,4,6]","c10:bw=60,experts=[0,1,3,4,5,6]; c0:bw=36,experts=[3,4,7]; c7:bw=66,experts=[0,1,3,4,5,6]; c12:bw=42,experts=[4,5,6,7]; c42:bw=23,experts=[3,4]; c45:bw=66,experts=[0,1,3,4,5,6]; c13:bw=32,experts=[3,4,7]; c24:bw=51,experts=[1,3,4,5,6]; c43:bw=35,experts=[3,4,6]; c41:bw=40,experts=[0,4,6,7]; c46:bw=52,experts=[0,3,4,5,6]; c5:bw=32,experts=[4,6,7]; c47:bw=10,experts=[3]; c15:bw=22,experts=[4,7]; c38:bw=10,experts=[3]; c22:bw=43,experts=[4,5,6,7]; c33:bw=27,experts=[4,7]; c1:bw=42,experts=[3,4,5,6]; c26:bw=63,experts=[0,1,3,4,5,6]; c8:bw=26,experts=[3,4]; c48:bw=23,experts=[4,6]; c16:bw=29,experts=[3,7]; c49:bw=43,experts=[3,4,6,7]; c44:bw=10,experts=[3]; c37:bw=35,experts=[3,4,7]; c35:bw=32,experts=[3,4,7]; c3:bw=10,experts=[3]; c4:bw=19,experts=[3]; c19:bw=23,experts=[3,7]; c23:bw=50,experts=[0,4,5,6,7]; c39:bw=23,experts=[4,7]; c25:bw=67,experts=[0,1,3,4,6,7]; c30:bw=42,experts=[4,5,6,7]; c20:bw=21,experts=[3,4]; c29:bw=43,experts=[3,4,6,7]; c11:bw=15,experts=[3]; c6:bw=46,experts=[3,4,6,7]; c32:bw=48,experts=[3,4,6,7]; c14:bw=58,experts=[0,3,4,5,6]; c28:bw=10,experts=[7]; c34:bw=49,experts=[3,4,5,6]; c9:bw=40,experts=[3,4,5,7]; c27:bw=38,experts=[3,4,7]; c2:bw=65,experts=[1,3,4,5,6,7]; c40:bw=34,experts=[3,4,7]; c31:bw=61,experts=[0,1,3,4,5,6]; c36:bw=48,experts=[3,4,6,7]; c21:bw=35,experts=[4,6,7]; c18:bw=38,experts=[2,3,4]; c17:bw=30,experts=[3,4,6]","1.4150,0.8271,1.0405,1.0843,1.4625,2.2006,1.2249,1.2048,1.2704,0.8352,1.2203,2.2506,1.0953,1.2333,1.0828,1.8846,1.5651,1.4452,1.7721,1.2163,1.0618,2.2515,3.3742,1.1570,1.2312,1.3446,1.5653,1.6751,1.4382,1.7251,1.5297,2.6144,1.5257,1.7134,1.7301,1.2286,1.7113,1.7394,1.8543,1.2536,1.3014,1.5625,1.6439,1.0546,1.5006,1.6554,1.2629,1.9917,1.4591,1.2607"
41,2026-09-23 23:12:01,Ours,0.01,2.621159233131286,34.0,34.0,41,87.3482,1:27.35,75.8375,10.1663,1.3392,3545.4484,59:05.45,50,"43,15,45,44,18,49,21,47,8,28,40,23,9,10,46,30,12,3,11,42,0,48,41,2,31,27,33,26,16,5,6,36,19,24,37,4,1,38,13,22,29,35,7,25,34,32,14,20,39,17",43:10;15:24;45:50;44:15;18:10;49:13;21:18;47:24;8:57;28:51;40:40;23:37;9:54;10:42;46:63;30:19;12:18;3:40;11:41;42:25;0:10;48:10;41:66;2:54;31:54;27:52;33:50;26:10;16:25;5:61;6:10;36:61;19:19;24:58;37:25;4:50;1:10;38:21;13:45;22:46;29:38;35:21;7:68;25:29;34:10;32:76;14:61;20:39;39:12;17:52,"43:[4];15:[4,6];45:[1,4,5,6,7];44:[7];18:[7];49:[4];21:[2];47:[2,7];8:[0,4,5,6,7];28:[0,1,4,5,6];40:[1,4,5,6];23:[2,4,6];9:[0,1,4,5,6];10:[1,4,5,6];46:[0,1,4,5,6,7];30:[4];12:[3];3:[1,4,5,6];11:[4,5,6,7];42:[4,7];0:[2];48:[2];41:[0,1,2,4,5,6];2:[0,1,4,5,6];31:[0,1,4,5,6];27:[0,1,4,5,6];33:[0,1,4,5,6];26:[7];16:[2,4];5:[0,1,2,4,5,6];6:[4];36:[0,1,2,4,5,6];19:[4];24:[0,1,4,5,6];37:[4,6];4:[0,1,4,5,6];1:[7];38:[4,7];13:[1,4,5,6];22:[1,4,5,6];29:[2,4,6];35:[4,6];7:[0,1,4,5,6,7];25:[4,6];34:[7];32:[0,1,2,4,5,6,7];14:[0,1,2,4,5,6];20:[1,4,6];39:[4];17:[0,1,4,5,6]","c43:bw=10,experts=[4]; c15:bw=24,experts=[4,6]; c45:bw=50,experts=[1,4,5,6,7]; c44:bw=15,experts=[7]; c18:bw=10,experts=[7]; c49:bw=13,experts=[4]; c21:bw=18,experts=[2]; c47:bw=24,experts=[2,7]; c8:bw=57,experts=[0,4,5,6,7]; c28:bw=51,experts=[0,1,4,5,6]; c40:bw=40,experts=[1,4,5,6]; c23:bw=37,experts=[2,4,6]; c9:bw=54,experts=[0,1,4,5,6]; c10:bw=42,experts=[1,4,5,6]; c46:bw=63,experts=[0,1,4,5,6,7]; c30:bw=19,experts=[4]; c12:bw=18,experts=[3]; c3:bw=40,experts=[1,4,5,6]; c11:bw=41,experts=[4,5,6,7]; c42:bw=25,experts=[4,7]; c0:bw=10,experts=[2]; c48:bw=10,experts=[2]; c41:bw=66,experts=[0,1,2,4,5,6]; c2:bw=54,experts=[0,1,4,5,6]; c31:bw=54,experts=[0,1,4,5,6]; c27:bw=52,experts=[0,1,4,5,6]; c33:bw=50,experts=[0,1,4,5,6]; c26:bw=10,experts=[7]; c16:bw=25,experts=[2,4]; c5:bw=61,experts=[0,1,2,4,5,6]; c6:bw=10,experts=[4]; c36:bw=61,experts=[0,1,2,4,5,6]; c19:bw=19,experts=[4]; c24:bw=58,experts=[0,1,4,5,6]; c37:bw=25,experts=[4,6]; c4:bw=50,experts=[0,1,4,5,6]; c1:bw=10,experts=[7]; c38:bw=21,experts=[4,7]; c13:bw=45,experts=[1,4,5,6]; c22:bw=46,experts=[1,4,5,6]; c29:bw=38,experts=[2,4,6]; c35:bw=21,experts=[4,6]; c7:bw=68,experts=[0,1,4,5,6,7]; c25:bw=29,experts=[4,6]; c34:bw=10,experts=[7]; c32:bw=76,experts=[0,1,2,4,5,6,7]; c14:bw=61,experts=[0,1,2,4,5,6]; c20:bw=39,experts=[1,4,6]; c39:bw=12,experts=[4]; c17:bw=52,experts=[0,1,4,5,6]","1.2878,1.2381,2.1974,1.1659,1.4561,3.3598,2.0174,1.1337,1.2258,1.2859,1.5299,1.7399,1.5568,1.4282,1.2418,1.5640,1.0528,1.5817,1.2204,1.4663,0.8457,1.0576,0.8219,1.0461,1.6747,1.6479,1.5627,1.6973,2.2097,2.1719,1.7090,1.2518,1.4358,1.1729,1.2531,1.7128,1.4278,1.0482,1.2093,1.8736,1.7459,1.3469,1.0402,2.6456,1.2885,1.7500,1.8825,1.7384,1.5367,1.2830"
42,2026-09-23 23:13:29,Ours,0.01,2.5304040806347667,34.66,34.66,42,87.3421,1:27.34,76.0664,9.9524,1.3183,3632.8175,1:00:32.82,50,"24,30,35,21,34,31,29,3,47,41,7,6,15,12,23,43,37,10,17,9,44,38,18,16,32,33,26,20,4,40,2,22,0,28,25,39,8,1,13,49,5,14,48,45,11,46,36,42,27,19",24:34;30:47;35:34;21:32;34:15;31:42;29:40;3:48;47:53;41:40;7:20;6:34;15:31;12:22;23:51;43:37;37:49;10:15;17:32;9:51;44:10;38:10;18:14;16:10;32:18;33:47;26:16;20:42;4:55;40:36;2:40;22:26;0:15;28:54;25:28;39:23;8:42;1:49;13:33;49:21;5:50;14:13;48:24;45:49;11:59;46:13;36:10;42:15;27:34;19:63,"24:[4,5,6];30:[3,4,5,6];35:[4,5,6];21:[1,4,6];34:[4];31:[1,4,5,6];29:[1,4,5,6];3:[4,5,6,7];47:[0,1,4,5,6];41:[0,4,5,6];7:[4,6];6:[4,5,6];15:[4,5,6];12:[4,6];23:[0,1,4,5,6];43:[4,5,6];37:[1,4,5,6];10:[4];17:[4,5,6];9:[1,2,4,5,6];44:[1];38:[4];18:[4];16:[1];32:[4];33:[0,4,5,6];26:[4];20:[1,4,5,6];4:[0,1,4,5,6];40:[4,5,6];2:[1,4,5,6];22:[4,6];0:[4];28:[0,1,4,5,6];25:[2,4];39:[4,6];8:[1,4,5,6];1:[0,4,5,6];13:[4,5,6];49:[2,4];5:[0,1,4,5,6];14:[4];48:[3,7];45:[1,4,5,6];11:[0,1,4,5,6];46:[4];36:[4];42:[4];27:[4,5,6];19:[0,1,2,4,5,6]","c24:bw=34,experts=[4,5,6]; c30:bw=47,experts=[3,4,5,6]; c35:bw=34,experts=[4,5,6]; c21:bw=32,experts=[1,4,6]; c34:bw=15,experts=[4]; c31:bw=42,experts=[1,4,5,6]; c29:bw=40,experts=[1,4,5,6]; c3:bw=48,experts=[4,5,6,7]; c47:bw=53,experts=[0,1,4,5,6]; c41:bw=40,experts=[0,4,5,6]; c7:bw=20,experts=[4,6]; c6:bw=34,experts=[4,5,6]; c15:bw=31,experts=[4,5,6]; c12:bw=22,experts=[4,6]; c23:bw=51,experts=[0,1,4,5,6]; c43:bw=37,experts=[4,5,6]; c37:bw=49,experts=[1,4,5,6]; c10:bw=15,experts=[4]; c17:bw=32,experts=[4,5,6]; c9:bw=51,experts=[1,2,4,5,6]; c44:bw=10,experts=[1]; c38:bw=10,experts=[4]; c18:bw=14,experts=[4]; c16:bw=10,experts=[1]; c32:bw=18,experts=[4]; c33:bw=47,experts=[0,4,5,6]; c26:bw=16,experts=[4]; c20:bw=42,experts=[1,4,5,6]; c4:bw=55,experts=[0,1,4,5,6]; c40:bw=36,experts=[4,5,6]; c2:bw=40,experts=[1,4,5,6]; c22:bw=26,experts=[4,6]; c0:bw=15,experts=[4]; c28:bw=54,experts=[0,1,4,5,6]; c25:bw=28,experts=[2,4]; c39:bw=23,experts=[4,6]; c8:bw=42,experts=[1,4,5,6]; c1:bw=49,experts=[0,4,5,6]; c13:bw=33,experts=[4,5,6]; c49:bw=21,experts=[2,4]; c5:bw=50,experts=[0,1,4,5,6]; c14:bw=13,experts=[4]; c48:bw=24,experts=[3,7]; c45:bw=49,experts=[1,4,5,6]; c11:bw=59,experts=[0,1,4,5,6]; c46:bw=13,experts=[4]; c36:bw=10,experts=[4]; c42:bw=15,experts=[4]; c27:bw=34,experts=[4,5,6]; c19:bw=63,experts=[0,1,2,4,5,6]","1.1941,1.5534,1.3744,2.0240,1.3061,1.6742,1.7611,1.5933,1.1378,0.8361,1.0290,1.7312,1.2270,1.0683,1.7493,1.3100,1.2955,1.4070,1.2539,1.5794,1.2261,1.0777,1.4641,2.2207,1.7438,1.5949,1.7154,1.7479,1.7188,1.5090,1.0559,1.8629,0.8181,1.2734,2.6299,1.5320,1.2244,1.4557,1.2282,3.3641,2.1637,1.8891,1.0594,2.1892,1.2130,1.2011,1.2364,1.4517,1.6354,1.4592"
43,2026-09-23 23:14:56,Ours,0.01,2.4851268475357093,34.72,34.72,43,87.6478,1:27.65,76.0941,10.2285,1.3201,3720.4921,1:02:00.49,50,"10,2,23,44,36,6,27,41,35,5,12,1,45,48,43,8,42,19,40,15,18,22,39,3,13,24,30,26,11,34,32,14,46,38,16,17,29,9,25,47,33,21,4,37,31,28,49,0,20,7",10:37;2:51;23:34;44:52;36:29;6:12;27:61;41:63;35:16;5:53;12:10;1:58;45:48;48:54;43:50;8:45;42:57;19:54;40:38;15:14;18:24;22:41;39:33;3:65;13:16;24:54;30:23;26:59;11:55;34:33;32:11;14:66;46:50;38:17;16:21;17:47;29:28;9:32;25:44;47:38;33:27;21:34;4:34;37:49;31:27;28:27;49:20;0:21;20:48;7:21,"10:[4,5,6];2:[0,1,4,5,6];23:[3,4,6];44:[0,1,4,5,6];36:[4,6];6:[4];27:[0,1,2,4,5,6];41:[0,1,2,4,5,6];35:[4];5:[0,1,4,5,6];12:[4];1:[0,1,2,4,6];45:[0,4,5,6];48:[0,1,4,5,6];43:[0,1,4,5,6];8:[0,1,4,6];42:[0,1,4,5,6];19:[0,1,4,5,6];40:[1,4,6];15:[4];18:[1,4];22:[0,4,5,6];39:[3,4,6];3:[0,1,2,4,5,6];13:[4];24:[0,1,4,5,6];30:[2,4];26:[0,1,4,5,6];11:[0,1,4,5,6];34:[4,5,6];32:[4];14:[0,1,2,4,5,6];46:[0,1,4,5,6];38:[4];16:[4,5];17:[1,4,5,6];29:[4,6];9:[4,5,6];25:[0,4,5,6];47:[4,5,6];33:[3,4];21:[1,4,6];4:[4,5,6];37:[1,4,5,6];31:[4,6];28:[4,6];49:[4,6];0:[4,6];20:[1,4,5,6];7:[4,6]","c10:bw=37,experts=[4,5,6]; c2:bw=51,experts=[0,1,4,5,6]; c23:bw=34,experts=[3,4,6]; c44:bw=52,experts=[0,1,4,5,6]; c36:bw=29,experts=[4,6]; c6:bw=12,experts=[4]; c27:bw=61,experts=[0,1,2,4,5,6]; c41:bw=63,experts=[0,1,2,4,5,6]; c35:bw=16,experts=[4]; c5:bw=53,experts=[0,1,4,5,6]; c12:bw=10,experts=[4]; c1:bw=58,experts=[0,1,2,4,6]; c45:bw=48,experts=[0,4,5,6]; c48:bw=54,experts=[0,1,4,5,6]; c43:bw=50,experts=[0,1,4,5,6]; c8:bw=45,experts=[0,1,4,6]; c42:bw=57,experts=[0,1,4,5,6]; c19:bw=54,experts=[0,1,4,5,6]; c40:bw=38,experts=[1,4,6]; c15:bw=14,experts=[4]; c18:bw=24,experts=[1,4]; c22:bw=41,experts=[0,4,5,6]; c39:bw=33,experts=[3,4,6]; c3:bw=65,experts=[0,1,2,4,5,6]; c13:bw=16,experts=[4]; c24:bw=54,experts=[0,1,4,5,6]; c30:bw=23,experts=[2,4]; c26:bw=59,experts=[0,1,4,5,6]; c11:bw=55,experts=[0,1,4,5,6]; c34:bw=33,experts=[4,5,6]; c32:bw=11,experts=[4]; c14:bw=66,experts=[0,1,2,4,5,6]; c46:bw=50,experts=[0,1,4,5,6]; c38:bw=17,experts=[4]; c16:bw=21,experts=[4,5]; c17:bw=47,experts=[1,4,5,6]; c29:bw=28,experts=[4,6]; c9:bw=32,experts=[4,5,6]; c25:bw=44,experts=[0,4,5,6]; c47:bw=38,experts=[4,5,6]; c33:bw=27,experts=[3,4]; c21:bw=34,experts=[1,4,6]; c4:bw=34,experts=[4,5,6]; c37:bw=49,experts=[1,4,5,6]; c31:bw=27,experts=[4,6]; c28:bw=27,experts=[4,6]; c49:bw=20,experts=[4,6]; c0:bw=21,experts=[4,6]; c20:bw=48,experts=[1,4,5,6]; c7:bw=21,experts=[4,6]","1.4186,1.0554,1.7376,1.1767,1.2465,1.7348,1.6545,0.8191,1.3559,2.1876,1.0582,1.4380,2.1848,1.0842,1.3004,1.2090,1.4801,1.4571,1.5274,1.2401,1.4875,1.8951,1.5658,1.6084,1.2042,1.1990,1.5447,1.7467,1.2772,1.2969,1.7283,1.8997,1.2344,1.0733,2.2244,1.2846,1.7583,1.5331,2.6408,1.1193,1.5589,1.9983,1.7233,1.2726,1.6460,1.2745,3.3425,0.8236,1.7405,1.0261"
44,2026-09-23 23:16:25,Ours,0.01,2.485366699938378,35.75,35.75,44,88.0782,1:28.08,76.2563,10.4724,1.344,3808.5976,1:03:28.60,50,"32,42,43,8,4,15,19,36,1,13,7,38,34,9,48,28,2,49,16,25,35,27,26,31,11,39,14,20,24,6,21,29,23,0,47,41,22,12,17,45,5,18,44,46,37,33,3,10,40,30",32:10;42:63;43:30;8:34;4:29;15:50;19:10;36:61;1:45;13:28;7:75;38:10;34:19;9:37;48:58;28:36;2:37;49:28;16:76;25:36;35:41;27:31;26:45;31:29;11:16;39:61;14:65;20:56;24:31;6:20;21:58;29:68;23:36;0:66;47:29;41:54;22:23;12:40;17:12;45:16;5:24;18:54;44:53;46:42;37:35;33:51;3:47;10:56;40:38;30:70,"32:[4];42:[0,1,2,4,5,6];43:[1,4,6];8:[4,5,6];4:[2,7];15:[1,2,4,5,6];19:[4];36:[0,1,2,4,5,6];1:[0,4,5,6];13:[4,6];7:[0,1,2,4,5,6,7];38:[1];34:[4];9:[4,5,6];48:[0,1,4,5,6];28:[0,4,6];2:[4,5,6];49:[4,6];16:[0,1,2,4,5,6,7];25:[0,4,6];35:[2,4,5,6];27:[4,5,6];26:[0,4,5,6];31:[4,6];11:[4];39:[0,1,2,4,5,6];14:[0,1,2,4,5,6];20:[0,4,5,6,7];24:[4,5,6];6:[4,6];21:[0,1,4,5,6];29:[0,1,2,4,5,6];23:[0,4,6];0:[0,1,2,4,5,6];47:[4,6];41:[0,1,4,5,6];22:[3,4];12:[1,4,5,6];17:[4];45:[4];5:[4,6];18:[0,1,4,5,6];44:[0,1,4,5,6];46:[1,4,5,6];37:[4,5,6];33:[0,1,4,5,6];3:[1,4,5,6];10:[0,1,4,5,6];40:[4,5,6];30:[0,1,2,3,4,5,6]","c32:bw=10,experts=[4]; c42:bw=63,experts=[0,1,2,4,5,6]; c43:bw=30,experts=[1,4,6]; c8:bw=34,experts=[4,5,6]; c4:bw=29,experts=[2,7]; c15:bw=50,experts=[1,2,4,5,6]; c19:bw=10,experts=[4]; c36:bw=61,experts=[0,1,2,4,5,6]; c1:bw=45,experts=[0,4,5,6]; c13:bw=28,experts=[4,6]; c7:bw=75,experts=[0,1,2,4,5,6,7]; c38:bw=10,experts=[1]; c34:bw=19,experts=[4]; c9:bw=37,experts=[4,5,6]; c48:bw=58,experts=[0,1,4,5,6]; c28:bw=36,experts=[0,4,6]; c2:bw=37,experts=[4,5,6]; c49:bw=28,experts=[4,6]; c16:bw=76,experts=[0,1,2,4,5,6,7]; c25:bw=36,experts=[0,4,6]; c35:bw=41,experts=[2,4,5,6]; c27:bw=31,experts=[4,5,6]; c26:bw=45,experts=[0,4,5,6]; c31:bw=29,experts=[4,6]; c11:bw=16,experts=[4]; c39:bw=61,experts=[0,1,2,4,5,6]; c14:bw=65,experts=[0,1,2,4,5,6]; c20:bw=56,experts=[0,4,5,6,7]; c24:bw=31,experts=[4,5,6]; c6:bw=20,experts=[4,6]; c21:bw=58,experts=[0,1,4,5,6]; c29:bw=68,experts=[0,1,2,4,5,6]; c23:bw=36,experts=[0,4,6]; c0:bw=66,experts=[0,1,2,4,5,6]; c47:bw=29,experts=[4,6]; c41:bw=54,experts=[0,1,4,5,6]; c22:bw=23,experts=[3,4]; c12:bw=40,experts=[1,4,5,6]; c17:bw=12,experts=[4]; c45:bw=16,experts=[4]; c5:bw=24,experts=[4,6]; c18:bw=54,experts=[0,1,4,5,6]; c44:bw=53,experts=[0,1,4,5,6]; c46:bw=42,experts=[1,4,5,6]; c37:bw=35,experts=[4,5,6]; c33:bw=51,experts=[0,1,4,5,6]; c3:bw=47,experts=[1,4,5,6]; c10:bw=56,experts=[0,1,4,5,6]; c40:bw=38,experts=[4,5,6]; c30:bw=70,experts=[0,1,2,3,4,5,6]","1.7667,1.4806,1.2881,1.2198,1.7164,1.2404,1.4588,1.2593,1.4502,1.2193,1.0382,1.0818,1.3229,1.5687,1.0811,1.3074,1.0489,3.4125,2.2649,2.6622,1.3684,1.6520,1.7453,1.6615,1.2324,1.5414,1.9093,1.7443,1.1723,1.7027,1.9988,1.7541,1.7185,0.8314,1.1265,0.8459,1.9580,1.0681,1.2490,2.1506,2.1463,1.4473,1.1634,1.2262,1.2705,1.5774,1.5991,1.4200,1.5161,1.5715"
45,2026-09-23 23:17:53,Ours,0.01,2.469307831557978,35.89,35.89,45,88.2202,1:28.22,76.37,10.5073,1.3373,3896.8457,1:04:56.85,50,"44,19,30,6,45,17,16,37,8,23,0,47,40,26,9,7,2,48,32,34,49,13,1,29,21,12,42,31,43,18,10,3,46,39,15,38,20,5,22,41,35,14,36,33,4,11,24,25,28,27",44:41;19:67;30:21;6:10;45:26;17:10;16:54;37:21;8:55;23:42;0:36;47:54;40:58;26:22;9:25;7:36;2:49;48:10;32:79;34:32;49:60;13:53;1:56;29:50;21:58;12:61;42:16;31:52;43:33;18:16;10:42;3:67;46:71;39:28;15:33;38:44;20:52;5:44;22:37;41:12;35:43;14:41;36:24;33:61;4:64;11:53;24:13;25:32;28:21;27:10,"44:[2,4,5,6];19:[0,1,2,4,5,6];30:[4,6];6:[0];45:[4,6];17:[4];16:[0,1,4,5,6];37:[4,6];8:[0,1,4,5,6];23:[1,4,5,6];0:[4,5,6];47:[0,1,4,5,6];40:[0,1,4,5,6];26:[4,6];9:[4,6];7:[4,5,6];2:[1,4,5,6];48:[4];32:[0,1,2,3,4,5,6];34:[4,5,6];49:[0,1,2,4,5,6];13:[0,1,4,5,6];1:[0,1,4,5,6];29:[0,1,4,5,6];21:[1,3,4,5,6];12:[0,1,2,4,5,6];42:[4];31:[2,4,5,6,7];43:[4,5,6];18:[4];10:[1,4,5,6];3:[0,1,2,4,5,6];46:[0,1,2,4,5,6,7];39:[4,6];15:[0,3,4];38:[1,4,5,6];20:[0,1,4,5,6];5:[1,4,5,6];22:[4,5,6];41:[4];35:[0,1,4,6];14:[4,5,6,7];36:[4,6];33:[0,1,2,4,5,6];4:[0,1,2,4,5,6];11:[0,2,4,5,6];24:[2];25:[4,5,6];28:[4,6];27:[4]","c44:bw=41,experts=[2,4,5,6]; c19:bw=67,experts=[0,1,2,4,5,6]; c30:bw=21,experts=[4,6]; c6:bw=10,experts=[0]; c45:bw=26,experts=[4,6]; c17:bw=10,experts=[4]; c16:bw=54,experts=[0,1,4,5,6]; c37:bw=21,experts=[4,6]; c8:bw=55,experts=[0,1,4,5,6]; c23:bw=42,experts=[1,4,5,6]; c0:bw=36,experts=[4,5,6]; c47:bw=54,experts=[0,1,4,5,6]; c40:bw=58,experts=[0,1,4,5,6]; c26:bw=22,experts=[4,6]; c9:bw=25,experts=[4,6]; c7:bw=36,experts=[4,5,6]; c2:bw=49,experts=[1,4,5,6]; c48:bw=10,experts=[4]; c32:bw=79,experts=[0,1,2,3,4,5,6]; c34:bw=32,experts=[4,5,6]; c49:bw=60,experts=[0,1,2,4,5,6]; c13:bw=53,experts=[0,1,4,5,6]; c1:bw=56,experts=[0,1,4,5,6]; c29:bw=50,experts=[0,1,4,5,6]; c21:bw=58,experts=[1,3,4,5,6]; c12:bw=61,experts=[0,1,2,4,5,6]; c42:bw=16,experts=[4]; c31:bw=52,experts=[2,4,5,6,7]; c43:bw=33,experts=[4,5,6]; c18:bw=16,experts=[4]; c10:bw=42,experts=[1,4,5,6]; c3:bw=67,experts=[0,1,2,4,5,6]; c46:bw=71,experts=[0,1,2,4,5,6,7]; c39:bw=28,experts=[4,6]; c15:bw=33,experts=[0,3,4]; c38:bw=44,experts=[1,4,5,6]; c20:bw=52,experts=[0,1,4,5,6]; c5:bw=44,experts=[1,4,5,6]; c22:bw=37,experts=[4,5,6]; c41:bw=12,experts=[4]; c35:bw=43,experts=[0,1,4,6]; c14:bw=41,experts=[4,5,6,7]; c36:bw=24,experts=[4,6]; c33:bw=61,experts=[0,1,2,4,5,6]; c4:bw=64,experts=[0,1,2,4,5,6]; c11:bw=53,experts=[0,2,4,5,6]; c24:bw=13,experts=[2]; c25:bw=32,experts=[4,5,6]; c28:bw=21,experts=[4,6]; c27:bw=10,experts=[4]","1.1772,1.4298,1.5509,1.7456,2.1992,1.2615,2.2814,1.3162,1.2223,1.7446,0.8435,1.1468,1.5461,1.7439,1.5765,1.0983,1.0703,1.0779,1.7763,1.3066,3.4077,1.2208,1.4229,1.7795,2.0039,1.0796,1.4821,1.6704,1.2817,1.4704,1.4559,1.5966,1.2250,1.5382,1.2181,1.0650,1.7252,2.1647,1.8773,0.8469,1.3663,1.8801,1.2557,1.5652,1.7178,1.2355,1.1666,2.6359,1.2668,1.6331"
46,2026-09-23 23:19:21,Ours,0.01,2.4412176736322717,36.61,36.61,46,87.7379,1:27.74,76.0084,10.4121,1.3121,3984.6165,1:06:24.62,50,"26,5,28,40,13,10,11,22,32,38,46,29,44,2,1,33,36,42,37,18,17,43,4,16,15,30,7,31,24,34,23,9,14,45,25,8,27,39,20,21,12,0,49,3,19,35,47,41,48,6",26:48;5:41;28:11;40:48;13:50;10:59;11:38;22:31;32:52;38:63;46:46;29:10;44:50;2:57;1:41;33:58;36:61;42:33;37:19;18:44;17:15;43:40;4:64;16:28;15:14;30:63;7:28;31:24;24:30;34:64;23:37;9:37;14:39;45:35;25:20;8:39;27:22;39:24;20:50;21:32;12:53;0:55;49:49;3:27;19:10;35:38;47:57;41:63;48:31;6:39,"26:[0,4,5,6];5:[1,4,5,6];28:[3];40:[2,4,5,6];13:[0,1,2,4,6];10:[2,4,5,6,7];11:[0,4,6];22:[4,5,6];32:[0,1,4,5,6];38:[0,1,2,4,5,6];46:[0,1,4,6];29:[4];44:[0,1,4,5,6];2:[1,2,4,5,6];1:[0,4,5,6];33:[0,1,4,5,6];36:[0,1,2,4,5,6];42:[4,5,6];37:[4];18:[0,4,5,6];17:[4];43:[1,2,4,6];4:[0,1,2,4,5,6];16:[4,6];15:[4];30:[0,1,2,4,5,6];7:[4,6];31:[4,6];24:[4,5,6];34:[0,1,2,4,5,6];23:[4,5,6];9:[4,5,6];14:[1,4,6];45:[2,4,6];25:[4,6];8:[2,4,6];27:[4,6];39:[4,6];20:[0,1,4,5,6];21:[1,4,6];12:[0,1,4,5,6];0:[0,1,4,5,6];49:[1,4,5,6];3:[4,6];19:[4];35:[1,4,6];47:[0,1,4,5,6];41:[0,1,3,4,5,6];48:[1,4,6];6:[1,2,4]","c26:bw=48,experts=[0,4,5,6]; c5:bw=41,experts=[1,4,5,6]; c28:bw=11,experts=[3]; c40:bw=48,experts=[2,4,5,6]; c13:bw=50,experts=[0,1,2,4,6]; c10:bw=59,experts=[2,4,5,6,7]; c11:bw=38,experts=[0,4,6]; c22:bw=31,experts=[4,5,6]; c32:bw=52,experts=[0,1,4,5,6]; c38:bw=63,experts=[0,1,2,4,5,6]; c46:bw=46,experts=[0,1,4,6]; c29:bw=10,experts=[4]; c44:bw=50,experts=[0,1,4,5,6]; c2:bw=57,experts=[1,2,4,5,6]; c1:bw=41,experts=[0,4,5,6]; c33:bw=58,experts=[0,1,4,5,6]; c36:bw=61,experts=[0,1,2,4,5,6]; c42:bw=33,experts=[4,5,6]; c37:bw=19,experts=[4]; c18:bw=44,experts=[0,4,5,6]; c17:bw=15,experts=[4]; c43:bw=40,experts=[1,2,4,6]; c4:bw=64,experts=[0,1,2,4,5,6]; c16:bw=28,experts=[4,6]; c15:bw=14,experts=[4]; c30:bw=63,experts=[0,1,2,4,5,6]; c7:bw=28,experts=[4,6]; c31:bw=24,experts=[4,6]; c24:bw=30,experts=[4,5,6]; c34:bw=64,experts=[0,1,2,4,5,6]; c23:bw=37,experts=[4,5,6]; c9:bw=37,experts=[4,5,6]; c14:bw=39,experts=[1,4,6]; c45:bw=35,experts=[2,4,6]; c25:bw=20,experts=[4,6]; c8:bw=39,experts=[2,4,6]; c27:bw=22,experts=[4,6]; c39:bw=24,experts=[4,6]; c20:bw=50,experts=[0,1,4,5,6]; c21:bw=32,experts=[1,4,6]; c12:bw=53,experts=[0,1,4,5,6]; c0:bw=55,experts=[0,1,4,5,6]; c49:bw=49,experts=[1,4,5,6]; c3:bw=27,experts=[4,6]; c19:bw=10,experts=[4]; c35:bw=38,experts=[1,4,6]; c47:bw=57,experts=[0,1,4,5,6]; c41:bw=63,experts=[0,1,3,4,5,6]; c48:bw=31,experts=[1,4,6]; c6:bw=39,experts=[1,2,4]","1.7445,2.1897,1.2889,1.5244,1.2050,1.4278,1.2362,1.8672,1.7694,1.0868,1.2478,1.7536,1.1850,1.0612,1.4642,1.5603,1.2548,1.4799,1.2924,1.4479,1.2645,1.2846,1.7346,2.2268,1.2215,1.5708,1.0338,1.6404,1.1671,1.3136,1.7139,1.5491,1.8644,2.1727,2.6593,1.1981,1.6411,1.5416,1.7498,1.9852,1.0681,0.8242,3.3876,1.5949,1.4184,1.3497,1.1273,0.8214,1.0564,1.7406"
47,2026-09-23 23:20:48,Ours,0.01,2.4651769366306246,36.75,36.75,47,87.477,1:27.48,76.047,10.0795,1.3454,4072.1255,1:07:52.13,50,"44,35,25,19,41,28,11,15,26,30,45,0,4,7,32,22,46,23,29,5,3,18,37,43,40,48,38,33,47,39,2,17,49,42,1,24,12,13,8,9,10,31,6,27,34,14,36,21,16,20",44:49;35:36;25:23;19:28;41:10;28:34;11:39;15:42;26:10;30:34;45:45;0:46;4:10;7:53;32:28;22:63;46:29;23:10;29:11;5:52;3:70;18:10;37:10;43:22;40:16;48:73;38:10;33:39;47:52;39:41;2:54;17:20;49:21;42:57;1:30;24:40;12:15;13:33;8:39;9:17;10:51;31:52;6:22;27:48;34:23;14:24;36:50;21:45;16:68;20:53,"44:[1,4,5,6];35:[4,5,6];25:[4,6];19:[4,6];41:[4];28:[2,4,6];11:[4,5,6];15:[1,4,5,6];26:[2];30:[4,5,6];45:[1,4,5,6];0:[1,4,5,6];4:[4];7:[0,1,4,5,6];32:[4,6];22:[0,1,2,4,5,6];46:[4,6];23:[4];29:[4];5:[0,1,3,4,6];3:[0,1,2,4,5,6,7];18:[4];37:[0];43:[4,7];40:[4];48:[0,1,2,4,5,6,7];38:[4];33:[4,5,6];47:[0,1,4,5,6];39:[1,4,5,6];2:[0,1,4,5,6];17:[2,7];49:[4,6];42:[0,1,4,5,6];1:[0,4,6];24:[4,5,6,7];12:[4];13:[0,4,6];8:[4,5,6];9:[4];10:[0,1,4,5,6];31:[0,1,4,5,6];6:[4,6];27:[1,4,5,6];34:[4,6];14:[4,6];36:[0,1,4,5,6];21:[1,4,5,6];16:[0,1,2,4,5,6];20:[1,2,4,5,6]","c44:bw=49,experts=[1,4,5,6]; c35:bw=36,experts=[4,5,6]; c25:bw=23,experts=[4,6]; c19:bw=28,experts=[4,6]; c41:bw=10,experts=[4]; c28:bw=34,experts=[2,4,6]; c11:bw=39,experts=[4,5,6]; c15:bw=42,experts=[1,4,5,6]; c26:bw=10,experts=[2]; c30:bw=34,experts=[4,5,6]; c45:bw=45,experts=[1,4,5,6]; c0:bw=46,experts=[1,4,5,6]; c4:bw=10,experts=[4]; c7:bw=53,experts=[0,1,4,5,6]; c32:bw=28,experts=[4,6]; c22:bw=63,experts=[0,1,2,4,5,6]; c46:bw=29,experts=[4,6]; c23:bw=10,experts=[4]; c29:bw=11,experts=[4]; c5:bw=52,experts=[0,1,3,4,6]; c3:bw=70,experts=[0,1,2,4,5,6,7]; c18:bw=10,experts=[4]; c37:bw=10,experts=[0]; c43:bw=22,experts=[4,7]; c40:bw=16,experts=[4]; c48:bw=73,experts=[0,1,2,4,5,6,7]; c38:bw=10,experts=[4]; c33:bw=39,experts=[4,5,6]; c47:bw=52,experts=[0,1,4,5,6]; c39:bw=41,experts=[1,4,5,6]; c2:bw=54,experts=[0,1,4,5,6]; c17:bw=20,experts=[2,7]; c49:bw=21,experts=[4,6]; c42:bw=57,experts=[0,1,4,5,6]; c1:bw=30,experts=[0,4,6]; c24:bw=40,experts=[4,5,6,7]; c12:bw=15,experts=[4]; c13:bw=33,experts=[0,4,6]; c8:bw=39,experts=[4,5,6]; c9:bw=17,experts=[4]; c10:bw=51,experts=[0,1,4,5,6]; c31:bw=52,experts=[0,1,4,5,6]; c6:bw=22,experts=[4,6]; c27:bw=48,experts=[1,4,5,6]; c34:bw=23,experts=[4,6]; c14:bw=24,experts=[4,6]; c36:bw=50,experts=[0,1,4,5,6]; c21:bw=45,experts=[1,4,5,6]; c16:bw=68,experts=[0,1,2,4,5,6]; c20:bw=53,experts=[1,2,4,5,6]","1.1663,1.3619,2.6888,1.4610,0.8288,1.3079,1.2247,1.2354,1.7184,1.5646,2.2152,0.8182,1.6869,1.0449,1.7589,1.8985,1.2320,1.7228,1.7459,2.1785,1.5871,1.4505,1.2600,1.3541,1.5262,1.0705,1.0799,1.5673,1.1248,1.5439,1.0633,1.2523,3.3703,1.4699,1.4315,1.1838,1.0533,1.2060,1.1977,1.5435,1.4345,1.6657,1.7297,1.6390,1.2823,1.8814,1.2454,1.9857,2.2379,1.7495"
48,2026-09-23 23:22:16,Ours,0.01,2.5086953180019935,36.88,36.88,48,87.9727,1:27.97,76.0384,10.587,1.3421,4160.1269,1:09:20.13,50,"10,8,34,44,0,17,13,24,42,32,23,6,39,46,45,18,30,33,27,28,9,15,14,12,48,3,25,11,38,41,19,29,35,16,36,22,49,5,21,40,2,47,37,7,20,31,26,43,4,1",10:12;8:50;34:44;44:10;0:16;17:38;13:50;24:59;42:57;32:10;23:49;6:45;39:64;46:58;45:58;18:62;30:66;33:26;27:61;28:10;9:52;15:64;14:10;12:31;48:52;3:18;25:17;11:32;38:55;41:32;19:45;29:49;35:10;16:10;36:63;22:35;49:43;5:55;21:44;40:33;2:57;47:42;37:37;7:62;20:53;31:51;26:34;43:61;4:67;1:50,"10:[3];8:[1,3,4,5,6];34:[3,4,5,6];44:[3];0:[3];17:[3,4,6];13:[1,3,4,6,7];24:[0,1,3,4,6];42:[0,3,4,5,6];32:[4];23:[4,5,6,7];6:[3,4,6,7];39:[0,1,4,5,6,7];46:[0,1,3,4,6];45:[1,3,4,5,6];18:[0,1,2,3,4,6];30:[0,1,4,5,6,7];33:[4,7];27:[1,3,4,5,6,7];28:[7];9:[3,4,5,6,7];15:[0,1,4,5,6,7];14:[3];12:[4,6,7];48:[0,1,4,5,6];3:[3];25:[1];11:[3,4,6];38:[0,1,3,4,6];41:[4,6,7];19:[3,4,6,7];29:[3,4,6,7];35:[3];16:[3];36:[0,1,3,4,6,7];22:[4,6,7];49:[3,4,6,7];5:[1,4,5,6,7];21:[1,4,6,7];40:[3,4,7];2:[1,3,4,6,7];47:[0,3,4,6];37:[2,3,7];7:[0,1,3,4,5,6];20:[1,3,4,5,6];31:[1,3,4,5,6];26:[3,4,6];43:[0,1,3,4,5,6];4:[0,1,3,4,5,6];1:[1,3,4,5,6]","c10:bw=12,experts=[3]; c8:bw=50,experts=[1,3,4,5,6]; c34:bw=44,experts=[3,4,5,6]; c44:bw=10,experts=[3]; c0:bw=16,experts=[3]; c17:bw=38,experts=[3,4,6]; c13:bw=50,experts=[1,3,4,6,7]; c24:bw=59,experts=[0,1,3,4,6]; c42:bw=57,experts=[0,3,4,5,6]; c32:bw=10,experts=[4]; c23:bw=49,experts=[4,5,6,7]; c6:bw=45,experts=[3,4,6,7]; c39:bw=64,experts=[0,1,4,5,6,7]; c46:bw=58,experts=[0,1,3,4,6]; c45:bw=58,experts=[1,3,4,5,6]; c18:bw=62,experts=[0,1,2,3,4,6]; c30:bw=66,experts=[0,1,4,5,6,7]; c33:bw=26,experts=[4,7]; c27:bw=61,experts=[1,3,4,5,6,7]; c28:bw=10,experts=[7]; c9:bw=52,experts=[3,4,5,6,7]; c15:bw=64,experts=[0,1,4,5,6,7]; c14:bw=10,experts=[3]; c12:bw=31,experts=[4,6,7]; c48:bw=52,experts=[0,1,4,5,6]; c3:bw=18,experts=[3]; c25:bw=17,experts=[1]; c11:bw=32,experts=[3,4,6]; c38:bw=55,experts=[0,1,3,4,6]; c41:bw=32,experts=[4,6,7]; c19:bw=45,experts=[3,4,6,7]; c29:bw=49,experts=[3,4,6,7]; c35:bw=10,experts=[3]; c16:bw=10,experts=[3]; c36:bw=63,experts=[0,1,3,4,6,7]; c22:bw=35,experts=[4,6,7]; c49:bw=43,experts=[3,4,6,7]; c5:bw=55,experts=[1,4,5,6,7]; c21:bw=44,experts=[1,4,6,7]; c40:bw=33,experts=[3,4,7]; c2:bw=57,experts=[1,3,4,6,7]; c47:bw=42,experts=[0,3,4,6]; c37:bw=37,experts=[2,3,7]; c7:bw=62,experts=[0,1,3,4,5,6]; c20:bw=53,experts=[1,3,4,5,6]; c31:bw=51,experts=[1,3,4,5,6]; c26:bw=34,experts=[3,4,6]; c43:bw=61,experts=[0,1,3,4,5,6]; c4:bw=67,experts=[0,1,3,4,5,6]; c1:bw=50,experts=[1,3,4,5,6]","1.4146,1.2298,1.3367,1.1678,0.8289,1.2793,1.2205,1.1841,1.4822,1.7644,1.7376,1.7367,1.5667,1.2488,2.2015,1.4685,1.5430,1.5554,1.6571,1.2583,1.5590,1.2355,1.8949,1.0900,1.0692,1.5885,2.6064,1.2244,1.0956,0.8052,1.4361,1.7507,1.3480,2.2339,1.2366,1.8721,3.3999,2.1772,1.9889,1.5111,1.0427,1.1016,1.2751,1.0379,1.7370,1.6487,1.7408,1.2895,1.7313,1.4286"
49,2026-09-23 23:23:44,Ours,0.01,2.4178888793579865,37.79,37.79,49,87.8907,1:27.89,76.3131,10.2493,1.3232,4248.0473,1:10:48.05,50,"12,6,16,41,28,45,39,18,29,43,36,47,27,40,9,23,4,14,30,25,48,46,3,34,49,2,10,0,8,24,26,44,20,1,22,42,35,13,33,37,11,15,32,31,38,7,17,21,5,19",12:37;6:13;16:30;41:36;28:48;45:33;39:33;18:32;29:16;43:25;36:40;47:43;27:41;40:55;9:53;23:10;4:48;14:58;30:47;25:58;48:13;46:28;3:32;34:57;49:53;2:58;10:64;0:20;8:26;24:21;26:17;44:28;20:16;1:54;22:29;42:43;35:50;13:39;33:45;37:58;11:38;15:42;32:53;31:63;38:49;7:44;17:30;21:10;5:56;19:10,"12:[3,4,6];6:[4];16:[1,4,6];41:[4,5,6];28:[0,1,4,6];45:[4,6,7];39:[4,5,6];18:[4,6,7];29:[4];43:[4,6];36:[1,4,5,6];47:[2,4,6,7];27:[1,4,5,6];40:[0,1,4,5,6];9:[0,1,4,5,6];23:[2];4:[1,4,5,6];14:[0,1,4,5,6];30:[1,4,5,6];25:[1,3,4,6,7];48:[4];46:[4,6];3:[1,4,6];34:[1,4,5,6,7];49:[0,1,4,5,6];2:[0,1,4,5,6];10:[0,1,2,4,5,6];0:[4,7];8:[4,7];24:[4,6];26:[7];44:[4,7];20:[4];1:[0,1,4,6,7];22:[4,6];42:[4,5,6,7];35:[1,4,5,6,7];13:[4,5,6];33:[1,4,5,6];37:[0,1,4,5,6];11:[4,6,7];15:[1,4,5,6];32:[1,4,5,6,7];31:[0,1,2,4,5,6];38:[1,4,6,7];7:[0,1,4,6];17:[0,4,6];21:[2];5:[1,2,4,5,6];19:[4]","c12:bw=37,experts=[3,4,6]; c6:bw=13,experts=[4]; c16:bw=30,experts=[1,4,6]; c41:bw=36,experts=[4,5,6]; c28:bw=48,experts=[0,1,4,6]; c45:bw=33,experts=[4,6,7]; c39:bw=33,experts=[4,5,6]; c18:bw=32,experts=[4,6,7]; c29:bw=16,experts=[4]; c43:bw=25,experts=[4,6]; c36:bw=40,experts=[1,4,5,6]; c47:bw=43,experts=[2,4,6,7]; c27:bw=41,experts=[1,4,5,6]; c40:bw=55,experts=[0,1,4,5,6]; c9:bw=53,experts=[0,1,4,5,6]; c23:bw=10,experts=[2]; c4:bw=48,experts=[1,4,5,6]; c14:bw=58,experts=[0,1,4,5,6]; c30:bw=47,experts=[1,4,5,6]; c25:bw=58,experts=[1,3,4,6,7]; c48:bw=13,experts=[4]; c46:bw=28,experts=[4,6]; c3:bw=32,experts=[1,4,6]; c34:bw=57,experts=[1,4,5,6,7]; c49:bw=53,experts=[0,1,4,5,6]; c2:bw=58,experts=[0,1,4,5,6]; c10:bw=64,experts=[0,1,2,4,5,6]; c0:bw=20,experts=[4,7]; c8:bw=26,experts=[4,7]; c24:bw=21,experts=[4,6]; c26:bw=17,experts=[7]; c44:bw=28,experts=[4,7]; c20:bw=16,experts=[4]; c1:bw=54,experts=[0,1,4,6,7]; c22:bw=29,experts=[4,6]; c42:bw=43,experts=[4,5,6,7]; c35:bw=50,experts=[1,4,5,6,7]; c13:bw=39,experts=[4,5,6]; c33:bw=45,experts=[1,4,5,6]; c37:bw=58,experts=[0,1,4,5,6]; c11:bw=38,experts=[4,6,7]; c15:bw=42,experts=[1,4,5,6]; c32:bw=53,experts=[1,4,5,6,7]; c31:bw=63,experts=[0,1,2,4,5,6]; c38:bw=49,experts=[1,4,6,7]; c7:bw=44,experts=[0,1,4,6]; c17:bw=30,experts=[0,4,6]; c21:bw=10,experts=[2]; c5:bw=56,experts=[1,2,4,5,6]; c19:bw=10,experts=[4]","1.0734,1.7263,2.2380,0.8407,1.2862,2.2153,1.5706,1.4746,1.7587,1.2808,1.2586,1.1317,1.6541,1.5426,1.6525,1.7313,1.7279,1.9027,1.5820,2.6903,1.0679,1.2245,1.6230,1.3228,3.4271,1.0974,1.4282,0.8174,1.2076,1.1704,1.7123,1.1459,1.7244,1.4269,1.8710,1.4476,1.3574,1.2231,1.5509,1.2701,1.2229,1.2409,1.7597,1.6583,1.0789,1.0488,1.2597,1.9897,2.1666,1.4334"
50,2026-09-23 23:25:12,Ours,0.01,2.3791930481230126,38.0,38.0,50,87.6966,1:27.70,76.1977,10.1652,1.3284,4335.7732,1:12:15.77,50,"6,28,18,10,36,25,43,16,23,47,11,33,46,31,37,4,7,41,12,5,48,22,2,38,27,21,15,29,0,39,30,3,32,35,42,24,9,40,19,49,17,45,44,26,1,34,20,14,8,13",6:68;28:35;18:44;10:23;36:50;25:32;43:10;16:27;23:41;47:23;11:57;33:48;46:13;31:34;37:59;4:10;7:34;41:42;12:34;5:31;48:47;22:16;2:63;38:37;27:57;21:17;15:31;29:62;0:29;39:39;30:43;3:39;32:28;35:26;42:46;24:43;9:27;40:10;19:43;49:23;17:33;45:42;44:31;26:56;1:64;34:35;20:46;14:23;8:32;13:37,"6:[0,1,2,4,5,6];28:[4,5,6];18:[0,4,5,6];10:[4,6];36:[0,1,4,5,6];25:[2,4,6];43:[4];16:[4,6];23:[0,1,4,6];47:[4,6];11:[0,1,4,5,6];33:[1,4,5,6];46:[4];31:[4,5,6];37:[0,1,4,5,6];4:[4];7:[4,5,6];41:[0,4,5,6];12:[4,5,6];5:[4,5,6];48:[3,4,5,6];22:[4];2:[0,1,2,4,5,6];38:[1,4,6];27:[0,1,4,5,6];21:[4];15:[0,4,6];29:[0,1,2,4,5,6];0:[4,6];39:[4,5,6];30:[0,1,4,6];3:[1,4,6];32:[4,6];35:[4,6];42:[0,4,5,6];24:[1,4,5,6];9:[2,4];40:[4];19:[1,4,5,6];49:[4,6];17:[4,5,6];45:[1,4,5,6];44:[0,4,6];26:[0,1,4,5,6];1:[0,1,2,4,5,6];34:[4,5,6];20:[1,4,5,6];14:[4,6];8:[4,5,6];13:[4,5,6]","c6:bw=68,experts=[0,1,2,4,5,6]; c28:bw=35,experts=[4,5,6]; c18:bw=44,experts=[0,4,5,6]; c10:bw=23,experts=[4,6]; c36:bw=50,experts=[0,1,4,5,6]; c25:bw=32,experts=[2,4,6]; c43:bw=10,experts=[4]; c16:bw=27,experts=[4,6]; c23:bw=41,experts=[0,1,4,6]; c47:bw=23,experts=[4,6]; c11:bw=57,experts=[0,1,4,5,6]; c33:bw=48,experts=[1,4,5,6]; c46:bw=13,experts=[4]; c31:bw=34,experts=[4,5,6]; c37:bw=59,experts=[0,1,4,5,6]; c4:bw=10,experts=[4]; c7:bw=34,experts=[4,5,6]; c41:bw=42,experts=[0,4,5,6]; c12:bw=34,experts=[4,5,6]; c5:bw=31,experts=[4,5,6]; c48:bw=47,experts=[3,4,5,6]; c22:bw=16,experts=[4]; c2:bw=63,experts=[0,1,2,4,5,6]; c38:bw=37,experts=[1,4,6]; c27:bw=57,experts=[0,1,4,5,6]; c21:bw=17,experts=[4]; c15:bw=31,experts=[0,4,6]; c29:bw=62,experts=[0,1,2,4,5,6]; c0:bw=29,experts=[4,6]; c39:bw=39,experts=[4,5,6]; c30:bw=43,experts=[0,1,4,6]; c3:bw=39,experts=[1,4,6]; c32:bw=28,experts=[4,6]; c35:bw=26,experts=[4,6]; c42:bw=46,experts=[0,4,5,6]; c24:bw=43,experts=[1,4,5,6]; c9:bw=27,experts=[2,4]; c40:bw=10,experts=[4]; c19:bw=43,experts=[1,4,5,6]; c49:bw=23,experts=[4,6]; c17:bw=33,experts=[4,5,6]; c45:bw=42,experts=[1,4,5,6]; c44:bw=31,experts=[0,4,6]; c26:bw=56,experts=[0,1,4,5,6]; c1:bw=64,experts=[0,1,2,4,5,6]; c34:bw=35,experts=[4,5,6]; c20:bw=46,experts=[1,4,5,6]; c14:bw=23,experts=[4,6]; c8:bw=32,experts=[4,5,6]; c13:bw=37,experts=[4,5,6]","1.7389,1.2761,1.4650,1.4219,1.3225,2.6775,1.2740,2.2491,1.7471,1.1216,1.2338,1.5926,1.2333,1.6877,1.3021,1.7248,1.0450,0.8390,1.0892,2.1783,1.0678,1.8651,1.0717,1.0787,1.6800,2.0075,1.2304,1.7601,0.8265,1.5214,1.5566,1.5942,1.7483,1.3619,1.4568,1.1579,1.5520,1.5243,1.4525,3.3647,1.2735,2.1974,1.1631,1.7274,1.4319,1.2918,1.7408,1.8819,1.1926,1.1992"
51,2026-09-23 23:26:40,Ours,0.01,2.3836151580967897,38.22,38.22,51,87.9961,1:28.00,76.2878,10.3693,1.3336,4423.7994,1:13:43.80,50,"25,12,11,40,46,45,21,41,42,35,26,2,17,19,43,31,5,23,38,48,16,7,28,44,3,0,32,15,6,37,13,29,27,36,20,34,39,47,22,8,14,49,10,1,24,9,33,18,4,30",25:53;12:43;11:60;40:44;46:12;45:45;21:14;41:27;42:34;35:34;26:31;2:20;17:43;19:10;43:59;31:51;5:47;23:38;38:67;48:70;16:30;7:27;28:51;44:34;3:55;0:53;32:42;15:57;6:52;37:46;13:40;29:44;27:10;36:60;20:30;34:59;39:39;47:56;22:22;8:46;14:30;49:27;10:37;1:21;24:54;9:18;33:12;18:37;4:11;30:21,"25:[0,1,2,4,6];12:[1,4,5,6];11:[0,1,2,4,5,6];40:[1,4,5,6];46:[4];45:[0,1,4,6];21:[4];41:[2,4];42:[4,5,6];35:[1,4,6];26:[4,5,6];2:[4,6];17:[1,4,5,6];19:[4];43:[0,1,4,5,6];31:[0,1,4,5,6];5:[1,4,5,6];23:[3,4,6];38:[0,1,2,4,5,6];48:[0,1,2,4,5,6,7];16:[0,4,6];7:[4,6];28:[0,1,4,5,6];44:[1,4,6];3:[0,1,2,4,6];0:[0,1,4,5,6];32:[0,4,5,6];15:[0,1,4,5,6];6:[0,1,4,5,6];37:[1,4,5,6];13:[1,4,5,6];29:[1,4,5,6];27:[2];36:[0,1,2,4,5,6];20:[4,5,6];34:[0,1,4,5,6];39:[3,4,6];47:[0,1,4,5,6];22:[4,6];8:[1,4,5,6];14:[4,5,6];49:[4,6];10:[1,4,6];1:[4,6];24:[0,1,4,5,6];9:[4];33:[3];18:[4,5,6];4:[4];30:[4,6]","c25:bw=53,experts=[0,1,2,4,6]; c12:bw=43,experts=[1,4,5,6]; c11:bw=60,experts=[0,1,2,4,5,6]; c40:bw=44,experts=[1,4,5,6]; c46:bw=12,experts=[4]; c45:bw=45,experts=[0,1,4,6]; c21:bw=14,experts=[4]; c41:bw=27,experts=[2,4]; c42:bw=34,experts=[4,5,6]; c35:bw=34,experts=[1,4,6]; c26:bw=31,experts=[4,5,6]; c2:bw=20,experts=[4,6]; c17:bw=43,experts=[1,4,5,6]; c19:bw=10,experts=[4]; c43:bw=59,experts=[0,1,4,5,6]; c31:bw=51,experts=[0,1,4,5,6]; c5:bw=47,experts=[1,4,5,6]; c23:bw=38,experts=[3,4,6]; c38:bw=67,experts=[0,1,2,4,5,6]; c48:bw=70,experts=[0,1,2,4,5,6,7]; c16:bw=30,experts=[0,4,6]; c7:bw=27,experts=[4,6]; c28:bw=51,experts=[0,1,4,5,6]; c44:bw=34,experts=[1,4,6]; c3:bw=55,experts=[0,1,2,4,6]; c0:bw=53,experts=[0,1,4,5,6]; c32:bw=42,experts=[0,4,5,6]; c15:bw=57,experts=[0,1,4,5,6]; c6:bw=52,experts=[0,1,4,5,6]; c37:bw=46,experts=[1,4,5,6]; c13:bw=40,experts=[1,4,5,6]; c29:bw=44,experts=[1,4,5,6]; c27:bw=10,experts=[2]; c36:bw=60,experts=[0,1,2,4,5,6]; c20:bw=30,experts=[4,5,6]; c34:bw=59,experts=[0,1,4,5,6]; c39:bw=39,experts=[3,4,6]; c47:bw=56,experts=[0,1,4,5,6]; c22:bw=22,experts=[4,6]; c8:bw=46,experts=[1,4,5,6]; c14:bw=30,experts=[4,5,6]; c49:bw=27,experts=[4,6]; c10:bw=37,experts=[1,4,6]; c1:bw=21,experts=[4,6]; c24:bw=54,experts=[0,1,4,5,6]; c9:bw=18,experts=[4]; c33:bw=12,experts=[3]; c18:bw=37,experts=[4,5,6]; c4:bw=11,experts=[4]; c30:bw=21,experts=[4,6]","2.6694,1.0693,1.2317,1.5267,1.2506,2.2199,2.0323,0.8570,1.4690,1.3662,1.7412,1.0774,1.2825,1.4547,1.2912,1.6888,2.1974,1.7261,1.0866,1.0905,2.2609,1.0419,1.3043,1.1622,1.5967,0.8253,1.7661,1.2547,1.7267,1.2619,1.2230,1.7215,1.6340,1.2449,1.7404,1.3119,1.5513,1.1312,1.8952,1.1935,1.8683,3.3732,1.4233,1.4206,1.1888,1.5612,1.5532,1.4752,1.7150,1.5326"
52,2026-09-23 23:28:08,Ours,0.01,2.3638093445757185,39.47,39.47,52,87.845,1:27.84,76.173,10.3204,1.3464,4511.675,1:15:11.68,50,"21,23,6,28,49,24,46,32,11,27,13,18,40,39,33,41,44,5,8,2,7,35,15,29,1,3,47,34,43,19,36,30,10,16,31,17,42,25,45,12,0,4,38,22,9,48,14,37,20,26",21:45;23:10;6:51;28:35;49:53;24:35;46:44;32:31;11:60;27:40;13:23;18:49;40:11;39:36;33:46;41:43;44:57;5:24;8:18;2:29;7:34;35:33;15:31;29:43;1:40;3:43;47:51;34:31;43:60;19:46;36:18;30:23;10:31;16:59;31:53;17:19;42:45;25:62;45:48;12:10;0:46;4:33;38:51;22:21;9:31;48:68;14:42;37:25;20:10;26:52,"21:[0,4,5,6];23:[4];6:[0,1,4,5,6];28:[0,4,6];49:[0,1,4,5,6];24:[1,4,6];46:[1,4,5,6];32:[1,4,6];11:[0,1,2,4,5,6];27:[1,4,5,6];13:[4,6];18:[0,4,5,6];40:[4];39:[2,4,6];33:[1,4,5,6];41:[0,4,5,6];44:[0,1,4,5,6];5:[4,6];8:[4];2:[4,6];7:[2,4,7];35:[2,4,6];15:[2,4,6];29:[1,4,5,6];1:[1,4,5,6];3:[1,4,5,6];47:[0,1,4,5,6];34:[4,5,6];43:[0,1,2,4,5,6];19:[1,4,5,6];36:[4];30:[3,4];10:[1,4,6];16:[0,1,4,6,7];31:[0,1,4,5,6];17:[4];42:[2,4,5,6];25:[0,1,2,4,5,6];45:[1,4,5,6];12:[4];0:[2,4,5,6];4:[4,6,7];38:[0,1,4,5,6];22:[3,4];9:[4,5,6];48:[0,1,2,4,5,6];14:[1,2,4,6];37:[4,6];20:[7];26:[0,1,4,5,6]","c21:bw=45,experts=[0,4,5,6]; c23:bw=10,experts=[4]; c6:bw=51,experts=[0,1,4,5,6]; c28:bw=35,experts=[0,4,6]; c49:bw=53,experts=[0,1,4,5,6]; c24:bw=35,experts=[1,4,6]; c46:bw=44,experts=[1,4,5,6]; c32:bw=31,experts=[1,4,6]; c11:bw=60,experts=[0,1,2,4,5,6]; c27:bw=40,experts=[1,4,5,6]; c13:bw=23,experts=[4,6]; c18:bw=49,experts=[0,4,5,6]; c40:bw=11,experts=[4]; c39:bw=36,experts=[2,4,6]; c33:bw=46,experts=[1,4,5,6]; c41:bw=43,experts=[0,4,5,6]; c44:bw=57,experts=[0,1,4,5,6]; c5:bw=24,experts=[4,6]; c8:bw=18,experts=[4]; c2:bw=29,experts=[4,6]; c7:bw=34,experts=[2,4,7]; c35:bw=33,experts=[2,4,6]; c15:bw=31,experts=[2,4,6]; c29:bw=43,experts=[1,4,5,6]; c1:bw=40,experts=[1,4,5,6]; c3:bw=43,experts=[1,4,5,6]; c47:bw=51,experts=[0,1,4,5,6]; c34:bw=31,experts=[4,5,6]; c43:bw=60,experts=[0,1,2,4,5,6]; c19:bw=46,experts=[1,4,5,6]; c36:bw=18,experts=[4]; c30:bw=23,experts=[3,4]; c10:bw=31,experts=[1,4,6]; c16:bw=59,experts=[0,1,4,6,7]; c31:bw=53,experts=[0,1,4,5,6]; c17:bw=19,experts=[4]; c42:bw=45,experts=[2,4,5,6]; c25:bw=62,experts=[0,1,2,4,5,6]; c45:bw=48,experts=[1,4,5,6]; c12:bw=10,experts=[4]; c0:bw=46,experts=[2,4,5,6]; c4:bw=33,experts=[4,6,7]; c38:bw=51,experts=[0,1,4,5,6]; c22:bw=21,experts=[3,4]; c9:bw=31,experts=[4,5,6]; c48:bw=68,experts=[0,1,2,4,5,6]; c14:bw=42,experts=[1,2,4,6]; c37:bw=25,experts=[4,6]; c20:bw=10,experts=[7]; c26:bw=52,experts=[0,1,4,5,6]","2.0154,1.7329,1.7592,1.2972,3.4323,1.1748,1.2251,1.7536,1.2316,1.6745,1.2306,1.4772,1.5073,1.5636,1.5745,0.8464,1.1670,2.1714,1.2103,1.0533,1.0300,1.3518,1.2225,1.7627,1.4428,1.6031,1.1260,1.3054,1.2651,1.4356,1.2184,1.5413,1.4091,2.2304,1.6706,1.2725,1.4767,2.6437,2.2101,1.0570,0.8265,1.7159,1.0726,1.8683,1.5521,1.0644,1.8973,1.2857,1.7621,1.7548"
53,2026-09-23 23:29:35,Ours,0.01,2.3519083201694913,39.91,39.91,53,87.5286,1:27.53,75.9512,10.257,1.3153,4599.2353,1:16:39.24,50,"46,40,15,26,1,37,5,8,19,49,11,17,6,42,47,25,3,13,28,34,48,2,36,29,44,45,32,24,30,12,41,35,38,0,31,4,18,23,22,16,14,43,21,7,33,10,27,20,39,9",46:61;40:13;15:27;26:39;1:59;37:20;5:44;8:22;19:10;49:14;11:11;17:28;6:36;42:42;47:22;25:44;3:47;13:10;28:66;34:32;48:14;2:51;36:56;29:46;44:47;45:51;32:55;24:37;30:48;12:45;41:33;35:38;38:32;0:39;31:49;4:28;18:17;23:10;22:10;16:44;14:34;43:28;21:37;7:44;33:33;10:52;27:58;20:62;39:57;9:61,"46:[1,2,4,5,6,7];40:[4];15:[3,4];26:[4,5,6];1:[0,1,4,5,6];37:[4,6];5:[0,4,5,6];8:[0,4];19:[0];49:[2];11:[4];17:[4,6];6:[0,4,6];42:[0,4,5,6];47:[4,6];25:[0,4,5,6];3:[1,4,5,6];13:[4];28:[0,1,2,4,5,6];34:[0,4,6];48:[4];2:[0,1,4,5,6];36:[0,1,4,5,6];29:[1,4,5,6];44:[2,4,5,6];45:[0,1,4,5,6];32:[0,2,3,4,6];24:[2,4,6];30:[0,4,5,6];12:[2,4,5,6];41:[0,4,6];35:[0,4,6];38:[1,4,6];0:[0,4,6];31:[1,4,6,7];4:[4,5];18:[4];23:[4];22:[4];16:[0,4,5,6];14:[4,6,7];43:[4,6];21:[3,4,6];7:[1,4,5,6];33:[2,4,6];10:[0,1,4,5,6];27:[0,1,4,5,6];20:[0,1,2,4,5,6];39:[0,1,4,5,6];9:[0,1,2,4,5,6]","c46:bw=61,experts=[1,2,4,5,6,7]; c40:bw=13,experts=[4]; c15:bw=27,experts=[3,4]; c26:bw=39,experts=[4,5,6]; c1:bw=59,experts=[0,1,4,5,6]; c37:bw=20,experts=[4,6]; c5:bw=44,experts=[0,4,5,6]; c8:bw=22,experts=[0,4]; c19:bw=10,experts=[0]; c49:bw=14,experts=[2]; c11:bw=11,experts=[4]; c17:bw=28,experts=[4,6]; c6:bw=36,experts=[0,4,6]; c42:bw=42,experts=[0,4,5,6]; c47:bw=22,experts=[4,6]; c25:bw=44,experts=[0,4,5,6]; c3:bw=47,experts=[1,4,5,6]; c13:bw=10,experts=[4]; c28:bw=66,experts=[0,1,2,4,5,6]; c34:bw=32,experts=[0,4,6]; c48:bw=14,experts=[4]; c2:bw=51,experts=[0,1,4,5,6]; c36:bw=56,experts=[0,1,4,5,6]; c29:bw=46,experts=[1,4,5,6]; c44:bw=47,experts=[2,4,5,6]; c45:bw=51,experts=[0,1,4,5,6]; c32:bw=55,experts=[0,2,3,4,6]; c24:bw=37,experts=[2,4,6]; c30:bw=48,experts=[0,4,5,6]; c12:bw=45,experts=[2,4,5,6]; c41:bw=33,experts=[0,4,6]; c35:bw=38,experts=[0,4,6]; c38:bw=32,experts=[1,4,6]; c0:bw=39,experts=[0,4,6]; c31:bw=49,experts=[1,4,6,7]; c4:bw=28,experts=[4,5]; c18:bw=17,experts=[4]; c23:bw=10,experts=[4]; c22:bw=10,experts=[4]; c16:bw=44,experts=[0,4,5,6]; c14:bw=34,experts=[4,6,7]; c43:bw=28,experts=[4,6]; c21:bw=37,experts=[3,4,6]; c7:bw=44,experts=[1,4,5,6]; c33:bw=33,experts=[2,4,6]; c10:bw=52,experts=[0,1,4,5,6]; c27:bw=58,experts=[0,1,4,5,6]; c20:bw=62,experts=[0,1,2,4,5,6]; c39:bw=57,experts=[0,1,4,5,6]; c9:bw=61,experts=[0,1,2,4,5,6]","1.2309,1.5272,1.2336,1.7607,1.4509,1.2745,2.1810,1.2159,1.4401,3.4702,1.2236,1.2606,1.7220,1.4597,1.1183,2.6666,1.6000,1.2204,1.2902,1.3107,1.0483,1.0519,1.2482,1.7443,1.1868,2.1930,1.7466,1.1850,1.5647,1.0519,0.8190,1.3531,1.0681,0.8179,1.6413,1.6995,1.4373,1.6978,1.8336,2.2087,1.8767,1.2763,2.0120,1.0451,1.5659,1.4236,1.6354,1.7500,1.5559,1.5557"
54,2026-09-23 23:31:03,Ours,0.01,2.363188513711477,39.75,39.91,53,87.8983,1:27.90,76.1793,10.397,1.3166,4687.1654,1:18:07.17,50,"0,25,44,31,6,4,28,48,37,5,38,18,22,32,36,23,19,42,17,46,49,40,34,10,29,15,33,12,21,41,45,26,11,20,9,43,13,3,35,2,14,1,8,24,39,7,30,16,27,47",0:37;25:57;44:36;31:42;6:54;4:32;28:48;48:26;37:30;5:10;38:55;18:33;22:16;32:26;36:17;23:40;19:21;42:10;17:27;46:33;49:49;40:28;34:60;10:10;29:44;15:32;33:46;12:74;21:71;41:25;45:18;26:37;11:58;20:52;9:50;43:49;13:55;3:30;35:65;2:10;14:33;1:53;8:55;24:80;39:20;7:61;30:34;16:10;27:46;47:45,"0:[4,5,6];25:[0,1,4,5,6];44:[4,5,6];31:[1,4,5,6];6:[0,1,4,5,6];4:[2,4,6];28:[1,3,4,6];48:[4,6];37:[1,4,6];5:[4];38:[0,1,4,5,6];18:[0,4,6];22:[4];32:[4,6];36:[4];23:[1,4,5,6];19:[2,4];42:[4];17:[4,6];46:[4,5,6];49:[0,1,4,6];40:[2,4];34:[0,1,2,4,5,6];10:[7];29:[1,4,5,6];15:[1,4,6];33:[0,1,4,6];12:[0,1,2,4,5,6,7];21:[0,1,2,4,5,6,7];41:[1,3];45:[2];26:[0,4,6];11:[0,1,4,5,6];20:[0,1,4,5,6];9:[0,1,4,5,6];43:[0,1,4,6];13:[0,1,2,4,6];3:[1,4,6];35:[0,1,2,4,5,6];2:[4];14:[1,4,6];1:[0,1,4,5,6];8:[1,2,4,5,6];24:[0,1,2,3,4,5,6,7];39:[4,6];7:[0,1,2,4,5,6];30:[2,4,6];16:[4];27:[1,4,5,6];47:[1,4,5,6]","c0:bw=37,experts=[4,5,6]; c25:bw=57,experts=[0,1,4,5,6]; c44:bw=36,experts=[4,5,6]; c31:bw=42,experts=[1,4,5,6]; c6:bw=54,experts=[0,1,4,5,6]; c4:bw=32,experts=[2,4,6]; c28:bw=48,experts=[1,3,4,6]; c48:bw=26,experts=[4,6]; c37:bw=30,experts=[1,4,6]; c5:bw=10,experts=[4]; c38:bw=55,experts=[0,1,4,5,6]; c18:bw=33,experts=[0,4,6]; c22:bw=16,experts=[4]; c32:bw=26,experts=[4,6]; c36:bw=17,experts=[4]; c23:bw=40,experts=[1,4,5,6]; c19:bw=21,experts=[2,4]; c42:bw=10,experts=[4]; c17:bw=27,experts=[4,6]; c46:bw=33,experts=[4,5,6]; c49:bw=49,experts=[0,1,4,6]; c40:bw=28,experts=[2,4]; c34:bw=60,experts=[0,1,2,4,5,6]; c10:bw=10,experts=[7]; c29:bw=44,experts=[1,4,5,6]; c15:bw=32,experts=[1,4,6]; c33:bw=46,experts=[0,1,4,6]; c12:bw=74,experts=[0,1,2,4,5,6,7]; c21:bw=71,experts=[0,1,2,4,5,6,7]; c41:bw=25,experts=[1,3]; c45:bw=18,experts=[2]; c26:bw=37,experts=[0,4,6]; c11:bw=58,experts=[0,1,4,5,6]; c20:bw=52,experts=[0,1,4,5,6]; c9:bw=50,experts=[0,1,4,5,6]; c43:bw=49,experts=[0,1,4,6]; c13:bw=55,experts=[0,1,2,4,6]; c3:bw=30,experts=[1,4,6]; c35:bw=65,experts=[0,1,2,4,5,6]; c2:bw=10,experts=[4]; c14:bw=33,experts=[1,4,6]; c1:bw=53,experts=[0,1,4,5,6]; c8:bw=55,experts=[1,2,4,5,6]; c24:bw=80,experts=[0,1,2,3,4,5,6,7]; c39:bw=20,experts=[4,6]; c7:bw=61,experts=[0,1,2,4,5,6]; c30:bw=34,experts=[2,4,6]; c16:bw=10,experts=[4]; c27:bw=46,experts=[1,4,5,6]; c47:bw=45,experts=[1,4,5,6]","0.8327,2.6804,1.1716,1.6705,1.7542,1.7542,1.2968,1.0739,1.2863,2.1845,1.0647,1.4802,1.8744,1.7797,1.2571,1.7408,1.4500,1.4669,1.2594,1.2329,3.3912,1.5358,1.3227,1.4107,1.7751,1.2108,1.6101,1.0672,2.0219,0.8519,2.1809,1.7481,1.2206,1.7186,1.5762,1.2785,1.2236,1.5937,1.3658,1.0517,1.8614,1.4217,1.1878,1.1692,1.5230,1.0240,1.5389,2.1976,1.6602,1.1291"
55,2026-09-23 23:32:31,Ours,0.01,2.3257430123633602,40.48,40.48,55,87.9636,1:27.96,76.2313,10.4082,1.3186,4775.1603,1:19:35.16,50,"8,45,23,28,3,13,36,9,15,2,37,0,16,4,30,5,26,43,18,35,25,19,14,44,1,41,39,27,47,24,33,32,21,10,46,22,6,7,42,12,49,17,40,11,38,29,31,34,20,48",8:14;45:30;23:10;28:57;3:52;13:24;36:18;9:62;15:30;2:41;37:25;0:27;16:57;4:14;30:70;5:53;26:33;43:51;18:70;35:14;25:26;19:60;14:33;44:74;1:60;41:52;39:50;27:27;47:54;24:16;33:10;32:30;21:10;10:57;46:10;22:47;6:42;7:54;42:40;12:62;49:58;17:39;40:76;11:40;38:10;29:26;31:62;34:25;20:35;48:25,"8:[4];45:[4,5,6];23:[4];28:[0,1,4,5,6];3:[1,4,5,6,7];13:[4,6];36:[4];9:[0,1,2,4,5,6];15:[4,5,6];2:[0,1,4,6];37:[4,6];0:[4,6];16:[1,2,4,5,6];4:[4];30:[0,1,2,4,5,6,7];5:[0,1,3,4,6];26:[2,4,6];43:[1,4,5,6,7];18:[0,1,2,3,4,5,6];35:[4];25:[4,6];19:[0,1,2,4,5,6];14:[4,5,6];44:[0,1,2,4,5,6,7];1:[0,1,2,4,5,6];41:[0,1,4,5,6];39:[0,1,4,5,6];27:[4,6];47:[0,1,4,5,6];24:[4];33:[4];32:[4,5,6];21:[4];10:[0,1,4,5,6];46:[4];22:[0,1,2,5];6:[1,4,5,6];7:[0,1,4,5,6];42:[1,4,5,6];12:[0,1,2,4,5,6];49:[0,1,4,5,6];17:[2,4,7];40:[0,1,2,4,5,6,7];11:[1,4,5,6];38:[4];29:[4,6];31:[0,1,2,4,5,6];34:[4,6];20:[1,4,6];48:[4,6]","c8:bw=14,experts=[4]; c45:bw=30,experts=[4,5,6]; c23:bw=10,experts=[4]; c28:bw=57,experts=[0,1,4,5,6]; c3:bw=52,experts=[1,4,5,6,7]; c13:bw=24,experts=[4,6]; c36:bw=18,experts=[4]; c9:bw=62,experts=[0,1,2,4,5,6]; c15:bw=30,experts=[4,5,6]; c2:bw=41,experts=[0,1,4,6]; c37:bw=25,experts=[4,6]; c0:bw=27,experts=[4,6]; c16:bw=57,experts=[1,2,4,5,6]; c4:bw=14,experts=[4]; c30:bw=70,experts=[0,1,2,4,5,6,7]; c5:bw=53,experts=[0,1,3,4,6]; c26:bw=33,experts=[2,4,6]; c43:bw=51,experts=[1,4,5,6,7]; c18:bw=70,experts=[0,1,2,3,4,5,6]; c35:bw=14,experts=[4]; c25:bw=26,experts=[4,6]; c19:bw=60,experts=[0,1,2,4,5,6]; c14:bw=33,experts=[4,5,6]; c44:bw=74,experts=[0,1,2,4,5,6,7]; c1:bw=60,experts=[0,1,2,4,5,6]; c41:bw=52,experts=[0,1,4,5,6]; c39:bw=50,experts=[0,1,4,5,6]; c27:bw=27,experts=[4,6]; c47:bw=54,experts=[0,1,4,5,6]; c24:bw=16,experts=[4]; c33:bw=10,experts=[4]; c32:bw=30,experts=[4,5,6]; c21:bw=10,experts=[4]; c10:bw=57,experts=[0,1,4,5,6]; c46:bw=10,experts=[4]; c22:bw=47,experts=[0,1,2,5]; c6:bw=42,experts=[1,4,5,6]; c7:bw=54,experts=[0,1,4,5,6]; c42:bw=40,experts=[1,4,5,6]; c12:bw=62,experts=[0,1,2,4,5,6]; c49:bw=58,experts=[0,1,4,5,6]; c17:bw=39,experts=[2,4,7]; c40:bw=76,experts=[0,1,2,4,5,6,7]; c11:bw=40,experts=[1,4,5,6]; c38:bw=10,experts=[4]; c29:bw=26,experts=[4,6]; c31:bw=62,experts=[0,1,2,4,5,6]; c34:bw=25,experts=[4,6]; c20:bw=35,experts=[1,4,6]; c48:bw=25,experts=[4,6]","1.2141,2.2111,1.7433,1.3092,1.6228,1.2081,1.2480,1.5636,1.2185,1.0652,1.2791,0.8183,2.2485,1.7093,1.6474,2.2076,1.7654,1.2991,1.5016,1.3651,2.6689,1.4611,1.8886,1.1669,1.4440,0.8367,1.5936,1.6358,1.1219,1.1607,1.5586,1.7285,1.9790,1.4150,1.2134,1.8623,1.7223,1.0501,1.4665,1.0729,3.3871,1.2561,1.5204,1.2208,1.0658,1.7460,1.6501,1.2910,1.7436,1.0579"
56,2026-09-23 23:33:59,Ours,0.01,2.419154472790555,40.95,40.95,56,87.4995,1:27.50,75.9957,10.1686,1.3298,4862.6953,1:21:02.70,50,"27,22,40,14,17,25,28,49,44,5,6,48,10,35,37,42,30,18,13,16,11,23,38,21,39,19,29,12,45,8,1,32,26,20,9,24,33,31,34,3,43,2,4,0,47,15,41,7,46,36",27:43;22:29;40:32;14:42;17:10;25:37;28:24;49:59;44:32;5:31;6:23;48:31;10:20;35:10;37:29;42:66;30:29;18:54;13:18;16:42;11:26;23:41;38:45;21:49;39:17;19:10;29:53;12:38;45:50;8:13;1:56;32:29;26:37;20:52;9:52;24:33;33:28;31:53;34:36;3:10;43:33;2:53;4:10;0:70;47:52;15:35;41:78;7:18;46:32;36:28,"27:[3,4,6,7];22:[4,7];40:[3,4,6];14:[1,3,4,6];17:[3];25:[4,5,6];28:[4,7];49:[1,3,4,6,7];44:[3,4,6];5:[4,6,7];6:[3,7];48:[4,5,6];10:[3,4];35:[3];37:[2,3];42:[0,1,3,4,5,6];30:[4,6];18:[0,1,4,5,6];13:[3];16:[1,3,4,6];11:[3,4];23:[4,5,6,7];38:[1,3,4,6];21:[1,4,5,6];39:[7];19:[3];29:[3,4,5,6,7];12:[4,5,6];45:[1,3,4,5,6];8:[3];1:[1,3,4,5,6];32:[4,6];26:[3,4,6];20:[1,3,4,5,6];9:[0,3,4,6,7];24:[1,4,6];33:[4,7];31:[0,1,3,4,6];34:[3,4,6];3:[3];43:[3,4,6];2:[3,4,5,6,7];4:[0];0:[0,1,2,3,4,5,6];47:[0,3,4,5,6];15:[4,6,7];41:[0,1,2,4,5,6,7];7:[3];46:[0,3,4];36:[3,7]","c27:bw=43,experts=[3,4,6,7]; c22:bw=29,experts=[4,7]; c40:bw=32,experts=[3,4,6]; c14:bw=42,experts=[1,3,4,6]; c17:bw=10,experts=[3]; c25:bw=37,experts=[4,5,6]; c28:bw=24,experts=[4,7]; c49:bw=59,experts=[1,3,4,6,7]; c44:bw=32,experts=[3,4,6]; c5:bw=31,experts=[4,6,7]; c6:bw=23,experts=[3,7]; c48:bw=31,experts=[4,5,6]; c10:bw=20,experts=[3,4]; c35:bw=10,experts=[3]; c37:bw=29,experts=[2,3]; c42:bw=66,experts=[0,1,3,4,5,6]; c30:bw=29,experts=[4,6]; c18:bw=54,experts=[0,1,4,5,6]; c13:bw=18,experts=[3]; c16:bw=42,experts=[1,3,4,6]; c11:bw=26,experts=[3,4]; c23:bw=41,experts=[4,5,6,7]; c38:bw=45,experts=[1,3,4,6]; c21:bw=49,experts=[1,4,5,6]; c39:bw=17,experts=[7]; c19:bw=10,experts=[3]; c29:bw=53,experts=[3,4,5,6,7]; c12:bw=38,experts=[4,5,6]; c45:bw=50,experts=[1,3,4,5,6]; c8:bw=13,experts=[3]; c1:bw=56,experts=[1,3,4,5,6]; c32:bw=29,experts=[4,6]; c26:bw=37,experts=[3,4,6]; c20:bw=52,experts=[1,3,4,5,6]; c9:bw=52,experts=[0,3,4,6,7]; c24:bw=33,experts=[1,4,6]; c33:bw=28,experts=[4,7]; c31:bw=53,experts=[0,1,3,4,6]; c34:bw=36,experts=[3,4,6]; c3:bw=10,experts=[3]; c43:bw=33,experts=[3,4,6]; c2:bw=53,experts=[3,4,5,6,7]; c4:bw=10,experts=[0]; c0:bw=70,experts=[0,1,2,3,4,5,6]; c47:bw=52,experts=[0,3,4,5,6]; c15:bw=35,experts=[4,6,7]; c41:bw=78,experts=[0,1,2,4,5,6,7]; c7:bw=18,experts=[3]; c46:bw=32,experts=[0,3,4]; c36:bw=28,experts=[3,7]","1.6748,1.8663,1.5227,1.9140,1.2531,2.6523,1.2799,3.4209,1.1743,2.1900,1.7705,1.0739,1.4116,1.3671,1.2887,1.4848,1.5482,1.4842,1.1978,2.2538,1.2194,1.7306,1.0678,2.0147,1.5259,1.4297,1.7455,1.0749,2.2020,1.1961,1.4344,1.7270,1.7222,1.7375,1.5669,1.1729,1.5630,1.6542,1.2991,1.5787,1.2727,1.0482,1.6882,0.8448,1.1086,1.2213,0.8333,1.0358,1.2188,1.2324"
57,2026-09-23 23:35:27,Ours,0.01,2.3042093943329065,41.08,41.08,57,88.4094,1:28.41,76.4717,10.6021,1.3301,4951.1368,1:22:31.14,50,"10,0,21,41,8,26,24,33,27,14,40,11,12,7,5,29,30,46,31,18,17,1,32,35,22,45,15,4,47,2,13,28,44,6,16,49,3,43,48,42,38,39,20,37,36,25,34,23,9,19",10:58;0:70;21:32;41:43;8:43;26:26;24:44;33:51;27:10;14:36;40:45;11:26;12:17;7:69;5:44;29:67;30:11;46:52;31:60;18:44;17:52;1:49;32:48;35:40;22:39;45:46;15:36;4:41;47:52;2:33;13:31;28:19;44:31;6:48;16:33;49:38;3:64;43:73;48:49;42:12;38:34;39:55;20:56;37:52;36:52;25:42;34:35;23:45;9:19;19:44,"10:[0,1,2,4,6];0:[0,1,2,4,5,6,7];21:[1,4,6];41:[1,4,5,6];8:[1,4,6,7];26:[4,7];24:[0,1,4,6];33:[0,1,4,5,6];27:[4];14:[0,4,6];40:[1,4,5,6];11:[4,7];12:[3];7:[0,1,2,4,5,6];5:[0,2,4,6];29:[0,1,2,4,5,6];30:[4];46:[0,1,4,5,6];31:[0,1,2,4,5,6];18:[4,5,6,7];17:[0,1,4,5,6];1:[0,4,6,7];32:[4,5,6,7];35:[1,4,6,7];22:[1,4,6];45:[4,5,6,7];15:[4,5,6];4:[1,3,4,5];47:[2,4,5,6,7];2:[1,4,6];13:[4,6,7];28:[4];44:[1,4,6];6:[1,4,5,6];16:[0,4,6];49:[4,5,6];3:[0,1,2,4,5,6];43:[0,1,2,4,5,6,7];48:[0,1,4,6];42:[7];38:[4,6,7];39:[0,1,4,5,6];20:[0,1,4,5,6];37:[1,4,5,6,7];36:[0,1,4,5,6];25:[3,4,6,7];34:[4,5,7];23:[2,4,5,6];9:[4];19:[1,4,6,7]","c10:bw=58,experts=[0,1,2,4,6]; c0:bw=70,experts=[0,1,2,4,5,6,7]; c21:bw=32,experts=[1,4,6]; c41:bw=43,experts=[1,4,5,6]; c8:bw=43,experts=[1,4,6,7]; c26:bw=26,experts=[4,7]; c24:bw=44,experts=[0,1,4,6]; c33:bw=51,experts=[0,1,4,5,6]; c27:bw=10,experts=[4]; c14:bw=36,experts=[0,4,6]; c40:bw=45,experts=[1,4,5,6]; c11:bw=26,experts=[4,7]; c12:bw=17,experts=[3]; c7:bw=69,experts=[0,1,2,4,5,6]; c5:bw=44,experts=[0,2,4,6]; c29:bw=67,experts=[0,1,2,4,5,6]; c30:bw=11,experts=[4]; c46:bw=52,experts=[0,1,4,5,6]; c31:bw=60,experts=[0,1,2,4,5,6]; c18:bw=44,experts=[4,5,6,7]; c17:bw=52,experts=[0,1,4,5,6]; c1:bw=49,experts=[0,4,6,7]; c32:bw=48,experts=[4,5,6,7]; c35:bw=40,experts=[1,4,6,7]; c22:bw=39,experts=[1,4,6]; c45:bw=46,experts=[4,5,6,7]; c15:bw=36,experts=[4,5,6]; c4:bw=41,experts=[1,3,4,5]; c47:bw=52,experts=[2,4,5,6,7]; c2:bw=33,experts=[1,4,6]; c13:bw=31,experts=[4,6,7]; c28:bw=19,experts=[4]; c44:bw=31,experts=[1,4,6]; c6:bw=48,experts=[1,4,5,6]; c16:bw=33,experts=[0,4,6]; c49:bw=38,experts=[4,5,6]; c3:bw=64,experts=[0,1,2,4,5,6]; c43:bw=73,experts=[0,1,2,4,5,6,7]; c48:bw=49,experts=[0,1,4,6]; c42:bw=12,experts=[7]; c38:bw=34,experts=[4,6,7]; c39:bw=55,experts=[0,1,4,5,6]; c20:bw=56,experts=[0,1,4,5,6]; c37:bw=52,experts=[1,4,5,6,7]; c36:bw=52,experts=[0,1,4,5,6]; c25:bw=42,experts=[3,4,6,7]; c34:bw=35,experts=[4,5,7]; c23:bw=45,experts=[2,4,5,6]; c9:bw=19,experts=[4]; c19:bw=44,experts=[1,4,6,7]","1.4333,0.8472,2.0313,0.8365,1.2232,1.7550,1.2236,1.6050,1.6516,1.9159,1.5483,1.2310,1.0772,1.0321,2.1870,1.7769,1.5682,1.2500,1.6731,1.4753,1.2933,1.4372,1.7644,1.3641,1.8842,2.2035,1.2446,1.7411,1.1222,1.0636,1.1949,1.2787,1.1591,1.7605,2.2248,3.3587,1.6056,1.2804,1.0691,1.4751,1.0613,1.5474,1.7492,1.2836,1.2486,2.6571,1.3067,1.7352,1.5501,1.4652"
58,2026-09-23 23:36:55,Ours,0.01,2.292851943451096,41.51,41.51,58,88.0544,1:28.05,76.439,10.2873,1.323,5039.2246,1:23:59.22,50,"33,38,28,6,37,7,1,23,0,40,11,30,31,18,35,43,46,20,22,36,29,21,42,34,12,2,47,9,39,24,4,15,25,8,45,13,41,14,26,19,3,5,16,49,44,10,27,17,32,48",33:45;38:39;28:10;6:55;37:45;7:24;1:30;23:30;0:47;40:61;11:47;30:37;31:40;18:50;35:26;43:35;46:58;20:53;22:61;36:20;29:38;21:73;42:27;34:46;12:29;2:10;47:48;9:57;39:53;24:10;4:38;15:38;25:39;8:40;45:30;13:40;41:54;14:22;26:34;19:43;3:61;5:35;16:42;49:24;44:21;10:43;27:36;17:12;32:16;48:43,"33:[1,4,5,6];38:[4,5,6];28:[4];6:[1,2,4,5,6];37:[0,1,4,6];7:[4,6];1:[4,5,6];23:[0,4,6];0:[1,4,5,6];40:[0,1,2,4,5,6];11:[0,4,5,6];30:[4,5,6];31:[1,4,5,6];18:[0,1,4,5,6];35:[4,6];43:[0,4,6];46:[0,1,4,5,6];20:[0,1,4,5,6];22:[0,1,2,4,5,6];36:[4,6];29:[1,4,6];21:[0,1,2,4,5,6,7];42:[4,6];34:[1,4,5,6];12:[4,6];2:[2];47:[0,4,5,6];9:[0,1,4,5,6];39:[0,1,4,5,6];24:[4];4:[0,4,6];15:[1,4,6];25:[4,5,6];8:[1,4,5,6];45:[4,5,6];13:[0,1,4,6];41:[0,1,4,5,6];14:[4,6];26:[4,5,6];19:[0,1,4,6];3:[0,1,2,4,5,6];5:[4,5,6];16:[0,1,4,6];49:[4,6];44:[4,5];10:[1,4,5,6];27:[1,4,6];17:[4];32:[4];48:[0,3,4,6]","c33:bw=45,experts=[1,4,5,6]; c38:bw=39,experts=[4,5,6]; c28:bw=10,experts=[4]; c6:bw=55,experts=[1,2,4,5,6]; c37:bw=45,experts=[0,1,4,6]; c7:bw=24,experts=[4,6]; c1:bw=30,experts=[4,5,6]; c23:bw=30,experts=[0,4,6]; c0:bw=47,experts=[1,4,5,6]; c40:bw=61,experts=[0,1,2,4,5,6]; c11:bw=47,experts=[0,4,5,6]; c30:bw=37,experts=[4,5,6]; c31:bw=40,experts=[1,4,5,6]; c18:bw=50,experts=[0,1,4,5,6]; c35:bw=26,experts=[4,6]; c43:bw=35,experts=[0,4,6]; c46:bw=58,experts=[0,1,4,5,6]; c20:bw=53,experts=[0,1,4,5,6]; c22:bw=61,experts=[0,1,2,4,5,6]; c36:bw=20,experts=[4,6]; c29:bw=38,experts=[1,4,6]; c21:bw=73,experts=[0,1,2,4,5,6,7]; c42:bw=27,experts=[4,6]; c34:bw=46,experts=[1,4,5,6]; c12:bw=29,experts=[4,6]; c2:bw=10,experts=[2]; c47:bw=48,experts=[0,4,5,6]; c9:bw=57,experts=[0,1,4,5,6]; c39:bw=53,experts=[0,1,4,5,6]; c24:bw=10,experts=[4]; c4:bw=38,experts=[0,4,6]; c15:bw=38,experts=[1,4,6]; c25:bw=39,experts=[4,5,6]; c8:bw=40,experts=[1,4,5,6]; c45:bw=30,experts=[4,5,6]; c13:bw=40,experts=[0,1,4,6]; c41:bw=54,experts=[0,1,4,5,6]; c14:bw=22,experts=[4,6]; c26:bw=34,experts=[4,5,6]; c19:bw=43,experts=[0,1,4,6]; c3:bw=61,experts=[0,1,2,4,5,6]; c5:bw=35,experts=[4,5,6]; c16:bw=42,experts=[0,1,4,6]; c49:bw=24,experts=[4,6]; c44:bw=21,experts=[4,5]; c10:bw=43,experts=[1,4,5,6]; c27:bw=36,experts=[1,4,6]; c17:bw=12,experts=[4]; c32:bw=16,experts=[4]; c48:bw=43,experts=[0,3,4,6]","1.5731,1.0647,1.2831,1.7322,1.3039,1.0321,1.4744,1.7567,0.8433,1.5500,1.2256,1.5659,1.6668,1.4798,1.3680,1.3668,1.2349,1.7802,1.8849,1.2512,1.7695,2.0330,1.4655,1.3265,1.0720,1.0424,1.1283,1.5699,1.5448,1.1704,1.7254,1.2262,2.6479,1.2138,2.2077,1.2369,0.8433,1.8865,1.7302,1.4713,1.5900,2.1807,2.2344,3.3933,1.1611,1.4315,1.6441,1.2561,1.7346,1.0638"
59,2026-09-23 23:38:23,Ours,0.01,2.2956972276464453,42.35,42.35,59,87.724,1:27.72,76.2824,10.0997,1.3368,5126.9822,1:25:26.98,50,"26,18,41,33,46,28,17,4,16,36,1,14,10,7,3,42,8,11,43,12,48,32,25,15,9,47,13,31,22,2,6,27,21,37,39,29,20,44,24,45,19,30,40,5,35,23,0,34,49,38",26:43;18:10;41:25;33:51;46:45;28:19;17:55;4:26;16:23;36:15;1:65;14:40;10:26;7:28;3:35;42:40;8:56;11:34;43:30;12:47;48:27;32:41;25:57;15:50;9:28;47:65;13:13;31:36;22:43;2:37;6:19;27:34;21:29;37:17;39:76;29:55;20:68;44:10;24:36;45:34;19:14;30:38;40:16;5:32;35:33;23:36;0:52;34:12;49:37;38:26,"26:[1,4,5,6];18:[4];41:[4,5];33:[1,3,4,5,6];46:[1,4,5,6];28:[4];17:[0,1,4,5,6];4:[4,5];16:[4,6];36:[2];1:[0,1,2,4,5,6];14:[1,4,5,6];10:[4,5];7:[4,6];3:[1,4,6];42:[1,4,5,6];8:[0,1,4,5,6];11:[4,5,6];43:[1,4,6];12:[0,4,5,6];48:[4,7];32:[1,4,5,6];25:[0,1,4,5,6];15:[0,1,4,5,6];9:[4,6];47:[0,1,2,4,5,6];13:[5];31:[1,4,6];22:[1,4,5,6];2:[1,4,6];6:[4];27:[2,4,6];21:[4,5];37:[4];39:[0,1,2,3,4,5,6];29:[0,1,4,5,6];20:[0,1,2,4,5,6];44:[4];24:[1,4,6];45:[4,5,6];19:[4];30:[1,4,6];40:[4];5:[1,4,6];35:[4,5,6];23:[3,4,5];0:[0,1,4,5,6];34:[4];49:[4,5,6];38:[2,4]","c26:bw=43,experts=[1,4,5,6]; c18:bw=10,experts=[4]; c41:bw=25,experts=[4,5]; c33:bw=51,experts=[1,3,4,5,6]; c46:bw=45,experts=[1,4,5,6]; c28:bw=19,experts=[4]; c17:bw=55,experts=[0,1,4,5,6]; c4:bw=26,experts=[4,5]; c16:bw=23,experts=[4,6]; c36:bw=15,experts=[2]; c1:bw=65,experts=[0,1,2,4,5,6]; c14:bw=40,experts=[1,4,5,6]; c10:bw=26,experts=[4,5]; c7:bw=28,experts=[4,6]; c3:bw=35,experts=[1,4,6]; c42:bw=40,experts=[1,4,5,6]; c8:bw=56,experts=[0,1,4,5,6]; c11:bw=34,experts=[4,5,6]; c43:bw=30,experts=[1,4,6]; c12:bw=47,experts=[0,4,5,6]; c48:bw=27,experts=[4,7]; c32:bw=41,experts=[1,4,5,6]; c25:bw=57,experts=[0,1,4,5,6]; c15:bw=50,experts=[0,1,4,5,6]; c9:bw=28,experts=[4,6]; c47:bw=65,experts=[0,1,2,4,5,6]; c13:bw=13,experts=[5]; c31:bw=36,experts=[1,4,6]; c22:bw=43,experts=[1,4,5,6]; c2:bw=37,experts=[1,4,6]; c6:bw=19,experts=[4]; c27:bw=34,experts=[2,4,6]; c21:bw=29,experts=[4,5]; c37:bw=17,experts=[4]; c39:bw=76,experts=[0,1,2,3,4,5,6]; c29:bw=55,experts=[0,1,4,5,6]; c20:bw=68,experts=[0,1,2,4,5,6]; c44:bw=10,experts=[4]; c24:bw=36,experts=[1,4,6]; c45:bw=34,experts=[4,5,6]; c19:bw=14,experts=[4]; c30:bw=38,experts=[1,4,6]; c40:bw=16,experts=[4]; c5:bw=32,experts=[1,4,6]; c35:bw=33,experts=[4,5,6]; c23:bw=36,experts=[3,4,5]; c0:bw=52,experts=[0,1,4,5,6]; c34:bw=12,experts=[4]; c49:bw=37,experts=[4,5,6]; c38:bw=26,experts=[2,4]","1.7676,1.4562,0.8249,1.5968,1.2354,1.2731,1.2845,1.7469,2.2485,1.2369,1.4621,1.9049,1.4683,1.0419,1.6012,1.5083,1.2116,1.2096,1.2766,1.0743,1.0710,1.7667,2.6697,1.2454,1.5696,1.1485,1.2096,1.6634,1.8875,1.0670,1.7250,1.6331,1.9843,1.2846,1.5521,1.7542,1.7647,1.1505,1.1717,2.2126,1.4504,1.5394,1.5116,2.1765,1.3667,1.7217,0.8346,1.2883,3.3776,1.0546"
60,2026-09-23 23:39:51,Ours,0.01,2.2610429308214917,42.65,42.65,60,87.7887,1:27.79,76.2393,10.2266,1.3176,5214.8037,1:26:54.80,50,"43,34,45,47,26,46,15,5,21,30,27,1,39,12,7,29,33,42,9,3,32,38,0,8,11,37,24,28,18,16,44,35,40,22,2,4,48,41,36,13,25,20,6,49,23,19,10,31,17,14",43:28;34:19;45:14;47:10;26:41;46:20;15:51;5:33;21:37;30:69;27:27;1:54;39:18;12:16;7:48;29:30;33:59;42:49;9:10;3:44;32:14;38:27;0:53;8:24;11:40;37:22;24:26;28:35;18:26;16:63;44:35;35:31;40:61;22:45;2:30;4:30;48:43;41:43;36:18;13:59;25:45;20:78;6:59;49:55;23:55;19:60;10:10;31:28;17:39;14:42,"43:[4,6];34:[4];45:[4];47:[4];26:[1,4,5,6];46:[4,6];15:[1,2,4,5,6];5:[4,5,6];21:[1,4,6];30:[0,1,3,4,5,6];27:[4,6];1:[0,1,4,5,6];39:[4];12:[4];7:[4,5,6,7];29:[4,5,6];33:[0,1,4,5,6];42:[2,4,5,6];9:[4];3:[1,4,5,6];32:[4];38:[4,6];0:[0,1,4,5,6];8:[4,6];11:[0,2,4,6];37:[4,6];24:[4,6];28:[1,4,6];18:[4,6];16:[0,1,4,5,6,7];44:[4,5,6];35:[4,5,6];40:[0,1,2,4,5,6];22:[1,3,4,6];2:[4,5,6];4:[4,6,7];48:[2,4,5,6];41:[0,4,5,6];36:[4];13:[0,1,4,5,6];25:[2,4,5,6];20:[0,1,2,4,5,6,7];6:[0,1,4,5,6];49:[0,1,4,5,6];23:[0,1,2,4,6];19:[0,1,2,4,5,6];10:[4];31:[4,6];17:[4,5,6];14:[1,2,4,6]","c43:bw=28,experts=[4,6]; c34:bw=19,experts=[4]; c45:bw=14,experts=[4]; c47:bw=10,experts=[4]; c26:bw=41,experts=[1,4,5,6]; c46:bw=20,experts=[4,6]; c15:bw=51,experts=[1,2,4,5,6]; c5:bw=33,experts=[4,5,6]; c21:bw=37,experts=[1,4,6]; c30:bw=69,experts=[0,1,3,4,5,6]; c27:bw=27,experts=[4,6]; c1:bw=54,experts=[0,1,4,5,6]; c39:bw=18,experts=[4]; c12:bw=16,experts=[4]; c7:bw=48,experts=[4,5,6,7]; c29:bw=30,experts=[4,5,6]; c33:bw=59,experts=[0,1,4,5,6]; c42:bw=49,experts=[2,4,5,6]; c9:bw=10,experts=[4]; c3:bw=44,experts=[1,4,5,6]; c32:bw=14,experts=[4]; c38:bw=27,experts=[4,6]; c0:bw=53,experts=[0,1,4,5,6]; c8:bw=24,experts=[4,6]; c11:bw=40,experts=[0,2,4,6]; c37:bw=22,experts=[4,6]; c24:bw=26,experts=[4,6]; c28:bw=35,experts=[1,4,6]; c18:bw=26,experts=[4,6]; c16:bw=63,experts=[0,1,4,5,6,7]; c44:bw=35,experts=[4,5,6]; c35:bw=31,experts=[4,5,6]; c40:bw=61,experts=[0,1,2,4,5,6]; c22:bw=45,experts=[1,3,4,6]; c2:bw=30,experts=[4,5,6]; c4:bw=30,experts=[4,6,7]; c48:bw=43,experts=[2,4,5,6]; c41:bw=43,experts=[0,4,5,6]; c36:bw=18,experts=[4]; c13:bw=59,experts=[0,1,4,5,6]; c25:bw=45,experts=[2,4,5,6]; c20:bw=78,experts=[0,1,2,4,5,6,7]; c6:bw=59,experts=[0,1,4,5,6]; c49:bw=55,experts=[0,1,4,5,6]; c23:bw=55,experts=[0,1,2,4,6]; c19:bw=60,experts=[0,1,2,4,5,6]; c10:bw=10,experts=[4]; c31:bw=28,experts=[4,6]; c17:bw=39,experts=[4,5,6]; c14:bw=42,experts=[1,2,4,6]","1.2803,1.3332,2.1944,1.1019,1.7797,1.2336,1.2365,2.1929,2.0341,1.5891,1.6570,1.4449,1.5363,1.0663,1.0417,1.7796,1.5945,1.4859,1.5461,1.6087,1.7484,1.0805,0.8316,1.2076,1.2264,1.2776,1.1899,1.2862,1.4611,2.2475,1.1538,1.3413,1.5205,1.8666,1.0569,1.7324,1.0621,0.8183,1.2394,1.2150,2.6278,1.7376,1.7480,3.3874,1.7347,1.4779,1.4175,1.6489,1.2817,1.8781"
61,2026-09-23 23:41:19,Ours,0.01,2.268090474485957,43.05,43.05,61,87.9162,1:27.92,76.3621,10.2175,1.3313,5302.8264,1:28:22.83,50,"5,45,10,32,29,12,28,18,2,16,17,42,48,39,36,34,22,8,27,26,24,40,7,35,14,37,30,13,3,25,19,46,6,31,41,23,11,43,38,15,49,47,44,21,1,4,20,9,0,33",5:49;45:21;10:11;32:61;29:13;12:27;28:19;18:50;2:29;16:38;17:46;42:55;48:18;39:59;36:46;34:25;22:12;8:55;27:50;26:17;24:39;40:53;7:43;35:35;14:38;37:40;30:55;13:34;3:43;25:59;19:52;46:41;6:37;31:48;41:40;23:28;11:39;43:37;38:19;15:16;49:38;47:18;44:24;21:59;1:33;4:38;20:58;9:38;0:60;33:71,"5:[1,4,5,6];45:[0,4];10:[4];32:[0,2,3,4,5,6];29:[4];12:[4,6];28:[2];18:[0,1,4,5,6];2:[4,5];16:[0,4,6];17:[0,1,4,6];42:[0,1,4,5,6];48:[4];39:[1,2,4,5,6];36:[1,4,5,6];34:[4,6];22:[4];8:[0,1,4,5,6];27:[0,1,4,5,6];26:[4];24:[1,4,6];40:[0,1,4,5,6];7:[0,4,5,6];35:[4,5,6];14:[4,6,7];37:[1,4,5,6];30:[0,1,4,5,6];13:[1,4,6];3:[1,4,5,6];25:[0,1,4,5,6];19:[0,1,4,5,6];46:[2,4,6,7];6:[4,5,6];31:[4,5,6,7];41:[0,4,5,6];23:[4,6];11:[4,5,6];43:[1,4,6];38:[4];15:[3];49:[2,4,6];47:[4];44:[4,6];21:[1,3,4,5,6];1:[4,5,6];4:[4,5,6];20:[0,1,4,5,6];9:[4,5,6];0:[0,1,2,4,5,6];33:[0,1,2,3,4,5,6]","c5:bw=49,experts=[1,4,5,6]; c45:bw=21,experts=[0,4]; c10:bw=11,experts=[4]; c32:bw=61,experts=[0,2,3,4,5,6]; c29:bw=13,experts=[4]; c12:bw=27,experts=[4,6]; c28:bw=19,experts=[2]; c18:bw=50,experts=[0,1,4,5,6]; c2:bw=29,experts=[4,5]; c16:bw=38,experts=[0,4,6]; c17:bw=46,experts=[0,1,4,6]; c42:bw=55,experts=[0,1,4,5,6]; c48:bw=18,experts=[4]; c39:bw=59,experts=[1,2,4,5,6]; c36:bw=46,experts=[1,4,5,6]; c34:bw=25,experts=[4,6]; c22:bw=12,experts=[4]; c8:bw=55,experts=[0,1,4,5,6]; c27:bw=50,experts=[0,1,4,5,6]; c26:bw=17,experts=[4]; c24:bw=39,experts=[1,4,6]; c40:bw=53,experts=[0,1,4,5,6]; c7:bw=43,experts=[0,4,5,6]; c35:bw=35,experts=[4,5,6]; c14:bw=38,experts=[4,6,7]; c37:bw=40,experts=[1,4,5,6]; c30:bw=55,experts=[0,1,4,5,6]; c13:bw=34,experts=[1,4,6]; c3:bw=43,experts=[1,4,5,6]; c25:bw=59,experts=[0,1,4,5,6]; c19:bw=52,experts=[0,1,4,5,6]; c46:bw=41,experts=[2,4,6,7]; c6:bw=37,experts=[4,5,6]; c31:bw=48,experts=[4,5,6,7]; c41:bw=40,experts=[0,4,5,6]; c23:bw=28,experts=[4,6]; c11:bw=39,experts=[4,5,6]; c43:bw=37,experts=[1,4,6]; c38:bw=19,experts=[4]; c15:bw=16,experts=[3]; c49:bw=38,experts=[2,4,6]; c47:bw=18,experts=[4]; c44:bw=24,experts=[4,6]; c21:bw=59,experts=[1,3,4,5,6]; c1:bw=33,experts=[4,5,6]; c4:bw=38,experts=[4,5,6]; c20:bw=58,experts=[0,1,4,5,6]; c9:bw=38,experts=[4,5,6]; c0:bw=60,experts=[0,1,2,4,5,6]; c33:bw=71,experts=[0,1,2,3,4,5,6]","2.1981,2.2181,1.4251,1.7751,1.7623,1.0846,1.3161,1.5177,1.0589,2.2427,1.2603,1.4810,1.0744,1.5685,1.2788,1.3075,1.8776,1.2320,1.6668,1.7444,1.1830,1.5258,1.0428,1.3697,1.9048,1.2870,1.5782,1.2276,1.6122,2.6598,1.4581,1.2200,1.7121,1.6550,0.8284,1.7132,1.2090,1.2643,1.0535,1.2085,3.3587,1.1210,1.1641,2.0072,1.4294,1.7264,1.7352,1.5518,0.8718,1.5933"
62,2026-09-23 23:42:47,Ours,0.01,2.2637035798210947,43.48,43.48,62,88.0524,1:28.05,76.4776,10.253,1.3164,5390.9135,1:29:50.91,50,"26,32,39,16,33,45,3,49,44,21,48,30,47,0,25,29,43,28,37,12,2,31,6,1,46,5,19,41,17,34,13,15,14,8,40,20,36,35,27,23,7,9,11,10,4,18,42,24,22,38",26:49;32:34;39:15;16:26;33:43;45:37;3:53;49:54;44:39;21:33;48:30;30:16;47:38;0:28;25:65;29:52;43:18;28:46;37:56;12:11;2:42;31:34;6:62;1:75;46:48;5:67;19:42;41:42;17:19;34:44;13:30;15:46;14:14;8:13;40:39;20:31;36:71;35:55;27:36;23:44;7:44;9:16;11:36;10:21;4:60;18:26;42:36;24:37;22:13;38:21,"26:[0,4,5,6];32:[0,4,6];39:[4];16:[4,6];33:[0,4,5,6];45:[2,4,6];3:[1,2,4,5,6];49:[0,1,4,5,6];44:[4,5,6];21:[0,4,6];48:[4,5,6];30:[4];47:[4,5,6];0:[4,6];25:[0,1,2,4,5,6];29:[0,1,4,5,6];43:[4];28:[3,4,5,6];37:[0,1,4,5,6];12:[7];2:[0,1,4,6];31:[4,5,6];6:[0,1,2,4,5,6];1:[0,1,2,3,4,5,6];46:[1,4,5,6];5:[0,1,2,4,5,6];19:[0,1,4,6];41:[3,4,5,6];17:[4];34:[0,2,4,6];13:[2,4,6];15:[1,4,5,6];14:[4];8:[2];40:[4,5,6];20:[4,5,6];36:[0,1,2,4,5,6,7];35:[0,2,4,5,6];27:[4,5,6];23:[0,1,4,6];7:[1,4,5,6];9:[4];11:[4,5,6];10:[4,7];4:[0,1,2,4,5,6];18:[4,5];42:[4,5,6];24:[2,3,5];22:[4];38:[0,4]","c26:bw=49,experts=[0,4,5,6]; c32:bw=34,experts=[0,4,6]; c39:bw=15,experts=[4]; c16:bw=26,experts=[4,6]; c33:bw=43,experts=[0,4,5,6]; c45:bw=37,experts=[2,4,6]; c3:bw=53,experts=[1,2,4,5,6]; c49:bw=54,experts=[0,1,4,5,6]; c44:bw=39,experts=[4,5,6]; c21:bw=33,experts=[0,4,6]; c48:bw=30,experts=[4,5,6]; c30:bw=16,experts=[4]; c47:bw=38,experts=[4,5,6]; c0:bw=28,experts=[4,6]; c25:bw=65,experts=[0,1,2,4,5,6]; c29:bw=52,experts=[0,1,4,5,6]; c43:bw=18,experts=[4]; c28:bw=46,experts=[3,4,5,6]; c37:bw=56,experts=[0,1,4,5,6]; c12:bw=11,experts=[7]; c2:bw=42,experts=[0,1,4,6]; c31:bw=34,experts=[4,5,6]; c6:bw=62,experts=[0,1,2,4,5,6]; c1:bw=75,experts=[0,1,2,3,4,5,6]; c46:bw=48,experts=[1,4,5,6]; c5:bw=67,experts=[0,1,2,4,5,6]; c19:bw=42,experts=[0,1,4,6]; c41:bw=42,experts=[3,4,5,6]; c17:bw=19,experts=[4]; c34:bw=44,experts=[0,2,4,6]; c13:bw=30,experts=[2,4,6]; c15:bw=46,experts=[1,4,5,6]; c14:bw=14,experts=[4]; c8:bw=13,experts=[2]; c40:bw=39,experts=[4,5,6]; c20:bw=31,experts=[4,5,6]; c36:bw=71,experts=[0,1,2,4,5,6,7]; c35:bw=55,experts=[0,2,4,5,6]; c27:bw=36,experts=[4,5,6]; c23:bw=44,experts=[0,1,4,6]; c7:bw=44,experts=[1,4,5,6]; c9:bw=16,experts=[4]; c11:bw=36,experts=[4,5,6]; c10:bw=21,experts=[4,7]; c4:bw=60,experts=[0,1,2,4,5,6]; c18:bw=26,experts=[4,5]; c42:bw=36,experts=[4,5,6]; c24:bw=37,experts=[2,3,5]; c22:bw=13,experts=[4]; c38:bw=21,experts=[0,4]","1.7682,1.7708,1.5472,2.2593,1.5920,2.2448,1.6179,3.4164,1.1703,2.0437,1.0572,1.5587,1.1321,0.8299,2.6896,1.7716,1.2749,1.2894,1.2839,1.0853,1.0603,1.6704,1.7525,1.4458,1.2236,2.1849,1.4569,0.8319,1.2498,1.3059,1.2060,1.2521,1.8689,1.2029,1.5548,1.7244,1.2589,1.3890,1.6413,1.7451,1.0340,1.5394,1.2449,1.4023,1.7594,1.4689,1.4961,1.1795,1.8491,1.0756"
63,2026-09-23 23:44:15,Ours,0.01,2.245233073909847,43.65,43.65,63,88.4397,1:28.44,76.5176,10.5701,1.3469,5479.3889,1:31:19.39,50,"35,6,16,39,9,40,23,48,43,7,28,22,13,21,14,34,44,49,41,17,5,36,46,47,38,25,1,19,32,37,42,2,24,4,26,30,27,3,33,12,29,20,0,15,10,11,8,31,18,45",35:49;6:34;16:58;39:37;9:21;40:28;23:26;48:52;43:50;7:68;28:38;22:80;13:58;21:31;14:41;34:34;44:53;49:55;41:10;17:37;5:10;36:45;46:45;47:70;38:28;25:61;1:50;19:34;32:10;37:50;42:53;2:28;24:33;4:52;26:44;30:12;27:34;3:52;33:30;12:51;29:10;20:51;0:41;15:61;10:27;11:45;8:32;31:58;18:47;45:36,"35:[1,4,5,6];6:[4,5,6];16:[0,2,4,5,6];39:[4,5,6];9:[2,4];40:[4,7];23:[4,6];48:[0,1,4,5,6];43:[0,1,4,5,6];7:[0,1,2,4,5,6];28:[0,4,6];22:[0,1,2,3,4,5,6,7];13:[0,1,4,5,6];21:[4,5,6];14:[0,1,4,6];34:[4,5,6];44:[0,2,4,5,7];49:[0,1,4,5,6];41:[4];17:[2,4,7];5:[3];36:[0,1,4,6];46:[1,4,5,6];47:[0,1,2,3,4,5,6];38:[4,6];25:[0,1,2,4,5,6];1:[0,1,4,5,6];19:[1,4,6];32:[4];37:[0,1,4,5,6];42:[0,1,4,5,6];2:[4,6];24:[4,6,7];4:[0,1,4,5,6];26:[2,4,5,6];30:[2];27:[4,5,6];3:[1,4,5,6,7];33:[4,5,6];12:[1,2,4,5,6];29:[4];20:[0,1,4,5,6];0:[0,1,4,6];15:[0,1,2,4,5,6];10:[4,5];11:[1,4,5,6];8:[4,5,6];31:[0,1,4,5,6];18:[2,3,4,6];45:[4,5,6]","c35:bw=49,experts=[1,4,5,6]; c6:bw=34,experts=[4,5,6]; c16:bw=58,experts=[0,2,4,5,6]; c39:bw=37,experts=[4,5,6]; c9:bw=21,experts=[2,4]; c40:bw=28,experts=[4,7]; c23:bw=26,experts=[4,6]; c48:bw=52,experts=[0,1,4,5,6]; c43:bw=50,experts=[0,1,4,5,6]; c7:bw=68,experts=[0,1,2,4,5,6]; c28:bw=38,experts=[0,4,6]; c22:bw=80,experts=[0,1,2,3,4,5,6,7]; c13:bw=58,experts=[0,1,4,5,6]; c21:bw=31,experts=[4,5,6]; c14:bw=41,experts=[0,1,4,6]; c34:bw=34,experts=[4,5,6]; c44:bw=53,experts=[0,2,4,5,7]; c49:bw=55,experts=[0,1,4,5,6]; c41:bw=10,experts=[4]; c17:bw=37,experts=[2,4,7]; c5:bw=10,experts=[3]; c36:bw=45,experts=[0,1,4,6]; c46:bw=45,experts=[1,4,5,6]; c47:bw=70,experts=[0,1,2,3,4,5,6]; c38:bw=28,experts=[4,6]; c25:bw=61,experts=[0,1,2,4,5,6]; c1:bw=50,experts=[0,1,4,5,6]; c19:bw=34,experts=[1,4,6]; c32:bw=10,experts=[4]; c37:bw=50,experts=[0,1,4,5,6]; c42:bw=53,experts=[0,1,4,5,6]; c2:bw=28,experts=[4,6]; c24:bw=33,experts=[4,6,7]; c4:bw=52,experts=[0,1,4,5,6]; c26:bw=44,experts=[2,4,5,6]; c30:bw=12,experts=[2]; c27:bw=34,experts=[4,5,6]; c3:bw=52,experts=[1,4,5,6,7]; c33:bw=30,experts=[4,5,6]; c12:bw=51,experts=[1,2,4,5,6]; c29:bw=10,experts=[4]; c20:bw=51,experts=[0,1,4,5,6]; c0:bw=41,experts=[0,1,4,6]; c15:bw=61,experts=[0,1,2,4,5,6]; c10:bw=27,experts=[4,5]; c11:bw=45,experts=[1,4,5,6]; c8:bw=32,experts=[4,5,6]; c31:bw=58,experts=[0,1,4,5,6]; c18:bw=47,experts=[2,3,4,6]; c45:bw=36,experts=[4,5,6]","1.3972,1.7718,2.2585,1.5744,1.5808,1.5378,1.7145,1.0790,1.2965,1.0464,1.3044,1.9586,1.2310,2.0231,1.8885,1.3230,1.1833,3.4211,0.8362,1.2801,2.1916,1.2619,1.2280,1.1284,1.0618,2.6408,1.4403,1.4598,1.8084,1.2781,1.4662,1.0527,1.1558,1.7252,1.7430,1.5434,1.6502,1.6050,1.5856,1.0791,1.7488,1.7647,0.8261,1.2158,1.4143,1.2074,1.2140,1.6643,1.4670,2.1837"
64,2026-09-23 23:45:43,Ours,0.01,2.290081937782881,43.74,43.74,64,87.8463,1:27.85,76.2524,10.2507,1.3381,5567.2701,1:32:47.27,50,"47,35,18,41,38,48,12,39,11,13,37,36,45,44,9,3,24,23,30,8,5,6,43,7,31,46,1,15,28,19,0,2,26,14,29,42,4,16,21,22,10,17,40,33,34,49,32,25,27,20",47:47;35:21;18:37;41:46;38:35;48:43;12:27;39:55;11:57;13:42;37:51;36:44;45:48;44:71;9:59;3:38;24:12;23:55;30:33;8:53;5:24;6:50;43:10;7:34;31:47;46:59;1:28;15:59;28:15;19:10;0:32;2:56;26:26;14:46;29:19;42:10;4:38;16:16;21:47;22:58;10:49;17:10;40:21;33:45;34:60;49:17;32:16;25:66;27:25;20:39,"47:[0,4,5,6];35:[3,4];18:[0,4,6];41:[2,4,6,7];38:[1,3,4];48:[1,4,5,6];12:[4,5];39:[0,4,5,6,7];11:[0,3,4,5,6];13:[3,4,5,6];37:[1,2,3,4,6];36:[3,4,5,6];45:[1,3,4,5];44:[0,1,2,3,4,5,6];9:[3,4,5,6,7];3:[3,4,6];24:[4];23:[0,1,4,6,7];30:[4,5,7];8:[1,3,4,5,6];5:[4,7];6:[3,4,5,6,7];43:[3];7:[3,4,6];31:[3,4,5,6];46:[0,1,3,4,6];1:[4,5];15:[1,4,5,6,7];28:[7];19:[3];0:[3,4,6];2:[1,3,4,6,7];26:[3,4];14:[1,3,4,6];29:[3];42:[3];4:[4,5,6];16:[3];21:[0,4,5,6];22:[0,1,4,5,6];10:[1,3,4,6];17:[3];40:[3,4];33:[4,5,6,7];34:[0,1,3,4,5,6];49:[3];32:[4];25:[0,1,2,4,5,6];27:[3,7];20:[3,4,5]","c47:bw=47,experts=[0,4,5,6]; c35:bw=21,experts=[3,4]; c18:bw=37,experts=[0,4,6]; c41:bw=46,experts=[2,4,6,7]; c38:bw=35,experts=[1,3,4]; c48:bw=43,experts=[1,4,5,6]; c12:bw=27,experts=[4,5]; c39:bw=55,experts=[0,4,5,6,7]; c11:bw=57,experts=[0,3,4,5,6]; c13:bw=42,experts=[3,4,5,6]; c37:bw=51,experts=[1,2,3,4,6]; c36:bw=44,experts=[3,4,5,6]; c45:bw=48,experts=[1,3,4,5]; c44:bw=71,experts=[0,1,2,3,4,5,6]; c9:bw=59,experts=[3,4,5,6,7]; c3:bw=38,experts=[3,4,6]; c24:bw=12,experts=[4]; c23:bw=55,experts=[0,1,4,6,7]; c30:bw=33,experts=[4,5,7]; c8:bw=53,experts=[1,3,4,5,6]; c5:bw=24,experts=[4,7]; c6:bw=50,experts=[3,4,5,6,7]; c43:bw=10,experts=[3]; c7:bw=34,experts=[3,4,6]; c31:bw=47,experts=[3,4,5,6]; c46:bw=59,experts=[0,1,3,4,6]; c1:bw=28,experts=[4,5]; c15:bw=59,experts=[1,4,5,6,7]; c28:bw=15,experts=[7]; c19:bw=10,experts=[3]; c0:bw=32,experts=[3,4,6]; c2:bw=56,experts=[1,3,4,6,7]; c26:bw=26,experts=[3,4]; c14:bw=46,experts=[1,3,4,6]; c29:bw=19,experts=[3]; c42:bw=10,experts=[3]; c4:bw=38,experts=[4,5,6]; c16:bw=16,experts=[3]; c21:bw=47,experts=[0,4,5,6]; c22:bw=58,experts=[0,1,4,5,6]; c10:bw=49,experts=[1,3,4,6]; c17:bw=10,experts=[3]; c40:bw=21,experts=[3,4]; c33:bw=45,experts=[4,5,6,7]; c34:bw=60,experts=[0,1,3,4,5,6]; c49:bw=17,experts=[3]; c32:bw=16,experts=[4]; c25:bw=66,experts=[0,1,2,4,5,6]; c27:bw=25,experts=[3,7]; c20:bw=39,experts=[3,4,5]","1.1327,1.3815,1.5016,0.8451,1.0736,1.0701,1.0798,1.5665,1.2406,1.2069,1.2842,1.2449,2.2289,1.1912,1.5750,1.5965,1.1910,1.7471,1.5545,1.2059,2.1986,1.7460,1.2698,1.0444,1.6584,1.2416,1.4353,1.2319,1.2671,1.4189,0.8160,1.0652,1.7320,1.8818,1.7312,1.4506,1.7308,2.2477,1.9816,1.8713,1.4315,1.2604,1.5365,1.5730,1.3075,3.3650,1.7724,2.6750,1.6410,1.7521"
65,2026-09-23 23:47:11,Ours,0.01,2.2512770350736364,44.49,44.49,65,88.0865,1:28.09,76.5489,10.1933,1.3391,5655.3926,1:34:15.39,50,"27,1,41,0,4,25,20,47,10,28,46,6,3,11,49,45,9,2,44,39,15,21,43,31,23,36,24,16,19,40,38,30,29,18,48,7,35,13,37,33,42,22,26,5,32,17,14,12,34,8",27:30;1:58;41:40;0:41;4:57;25:64;20:35;47:40;10:26;28:31;46:40;6:50;3:42;11:10;49:66;45:42;9:47;2:28;44:58;39:48;15:38;21:42;43:67;31:51;23:10;36:10;24:55;16:45;19:28;40:15;38:49;30:40;29:10;18:18;48:54;7:10;35:23;13:48;37:10;33:16;42:48;22:51;26:29;5:29;32:36;17:26;14:45;12:44;34:24;8:66,"27:[4,5,6];1:[0,1,4,6,7];41:[0,4,5,6];0:[4,5,6,7];4:[0,3,4,5,6];25:[0,1,3,4,6,7];20:[1,4,6];47:[4,5,6,7];10:[0,2];28:[4,5,6];46:[0,4,5,6];6:[0,1,4,5,6];3:[1,4,5,6];11:[7];49:[0,1,4,5,6,7];45:[0,4,6,7];9:[0,4,5,6];2:[4,5];44:[0,1,4,5,6];39:[1,4,5,6];15:[4,5,6];21:[0,4,5,6];43:[1,2,4,5,6,7];31:[1,2,4,5,6];23:[4];36:[4];24:[0,1,4,5,6];16:[0,4,5,6];19:[4,7];40:[4];38:[1,4,6,7];30:[1,4,5,6];29:[7];18:[7];48:[0,1,4,5,6];7:[4];35:[4,7];13:[1,4,6,7];37:[7];33:[4];42:[0,4,6,7];22:[0,1,4,5,6];26:[4,7];5:[4,6];32:[4,6,7];17:[4,6];14:[0,4,5,6];12:[3,4,5,6];34:[4,7];8:[0,1,4,5,6,7]","c27:bw=30,experts=[4,5,6]; c1:bw=58,experts=[0,1,4,6,7]; c41:bw=40,experts=[0,4,5,6]; c0:bw=41,experts=[4,5,6,7]; c4:bw=57,experts=[0,3,4,5,6]; c25:bw=64,experts=[0,1,3,4,6,7]; c20:bw=35,experts=[1,4,6]; c47:bw=40,experts=[4,5,6,7]; c10:bw=26,experts=[0,2]; c28:bw=31,experts=[4,5,6]; c46:bw=40,experts=[0,4,5,6]; c6:bw=50,experts=[0,1,4,5,6]; c3:bw=42,experts=[1,4,5,6]; c11:bw=10,experts=[7]; c49:bw=66,experts=[0,1,4,5,6,7]; c45:bw=42,experts=[0,4,6,7]; c9:bw=47,experts=[0,4,5,6]; c2:bw=28,experts=[4,5]; c44:bw=58,experts=[0,1,4,5,6]; c39:bw=48,experts=[1,4,5,6]; c15:bw=38,experts=[4,5,6]; c21:bw=42,experts=[0,4,5,6]; c43:bw=67,experts=[1,2,4,5,6,7]; c31:bw=51,experts=[1,2,4,5,6]; c23:bw=10,experts=[4]; c36:bw=10,experts=[4]; c24:bw=55,experts=[0,1,4,5,6]; c16:bw=45,experts=[0,4,5,6]; c19:bw=28,experts=[4,7]; c40:bw=15,experts=[4]; c38:bw=49,experts=[1,4,6,7]; c30:bw=40,experts=[1,4,5,6]; c29:bw=10,experts=[7]; c18:bw=18,experts=[7]; c48:bw=54,experts=[0,1,4,5,6]; c7:bw=10,experts=[4]; c35:bw=23,experts=[4,7]; c13:bw=48,experts=[1,4,6,7]; c37:bw=10,experts=[7]; c33:bw=16,experts=[4]; c42:bw=48,experts=[0,4,6,7]; c22:bw=51,experts=[0,1,4,5,6]; c26:bw=29,experts=[4,7]; c5:bw=29,experts=[4,6]; c32:bw=36,experts=[4,6,7]; c17:bw=26,experts=[4,6]; c14:bw=45,experts=[0,4,5,6]; c12:bw=44,experts=[3,4,5,6]; c34:bw=24,experts=[4,7]; c8:bw=66,experts=[0,1,4,5,6,7]","1.6787,1.4599,0.8451,0.8268,1.7479,2.6922,1.7948,1.1437,1.4288,1.2802,1.2296,1.7679,1.6027,1.2117,3.4780,2.1949,1.5440,1.0581,1.1956,1.5452,1.2480,2.0013,1.2826,1.6695,1.7325,1.2464,1.2035,2.2598,1.4578,1.5469,1.0706,1.6587,1.7479,1.4448,1.0736,1.0212,1.3489,1.2202,1.2750,1.5463,1.4634,1.8742,1.7467,2.1796,1.7383,1.2835,1.8875,1.0693,1.3071,1.2177"
66,2026-09-23 23:48:39,Ours,0.01,2.2069174645548704,44.96,44.96,66,88.0222,1:28.02,76.3398,10.3476,1.3294,5743.4508,1:35:43.45,50,"9,6,5,36,26,14,30,35,22,47,38,25,49,12,18,0,48,37,44,19,31,4,23,20,17,42,45,2,11,33,16,41,28,15,21,1,7,27,39,3,43,29,46,40,34,10,13,24,32,8",9:31;6:30;5:17;36:41;26:54;14:23;30:40;35:18;22:69;47:62;38:29;25:30;49:30;12:42;18:24;0:38;48:62;37:33;44:48;19:56;31:24;4:41;23:14;20:52;17:35;42:57;45:28;2:41;11:10;33:49;16:59;41:11;28:68;15:50;21:41;1:54;7:50;27:42;39:10;3:66;43:59;29:31;46:10;40:35;34:35;10:46;13:32;24:30;32:46;8:24,"9:[1,4,6];6:[4,5,6];5:[4];36:[1,4,5,6];26:[0,1,4,5,6];14:[4,5];30:[1,4,5,6];35:[4];22:[0,1,2,4,5,6];47:[0,1,2,4,5,6];38:[4,5];25:[4,5,6];49:[4,5,6];12:[1,4,5,6];18:[4,6];0:[1,4,6];48:[0,1,3,4,5,6];37:[1,4,6];44:[1,4,5,6];19:[0,1,4,5,6];31:[4,6];4:[0,4,5,6];23:[4];20:[0,1,4,5,6];17:[1,4,6];42:[0,1,4,5,6];45:[4,6];2:[2,4,5,6];11:[4];33:[1,4,5,6];16:[0,1,4,5,6];41:[1];28:[0,1,2,4,5,6];15:[0,1,4,5,6];21:[2,4,5,7];1:[0,1,4,5,6];7:[0,1,4,5,6];27:[0,1,4,6];39:[4];3:[0,1,2,4,5,6];43:[0,1,4,5,6];29:[2,4,6];46:[4];40:[4,5,6];34:[0,4,6];10:[1,4,5,6];13:[1,4,6];24:[1,4,6];32:[1,4,5,6];8:[4,6]","c9:bw=31,experts=[1,4,6]; c6:bw=30,experts=[4,5,6]; c5:bw=17,experts=[4]; c36:bw=41,experts=[1,4,5,6]; c26:bw=54,experts=[0,1,4,5,6]; c14:bw=23,experts=[4,5]; c30:bw=40,experts=[1,4,5,6]; c35:bw=18,experts=[4]; c22:bw=69,experts=[0,1,2,4,5,6]; c47:bw=62,experts=[0,1,2,4,5,6]; c38:bw=29,experts=[4,5]; c25:bw=30,experts=[4,5,6]; c49:bw=30,experts=[4,5,6]; c12:bw=42,experts=[1,4,5,6]; c18:bw=24,experts=[4,6]; c0:bw=38,experts=[1,4,6]; c48:bw=62,experts=[0,1,3,4,5,6]; c37:bw=33,experts=[1,4,6]; c44:bw=48,experts=[1,4,5,6]; c19:bw=56,experts=[0,1,4,5,6]; c31:bw=24,experts=[4,6]; c4:bw=41,experts=[0,4,5,6]; c23:bw=14,experts=[4]; c20:bw=52,experts=[0,1,4,5,6]; c17:bw=35,experts=[1,4,6]; c42:bw=57,experts=[0,1,4,5,6]; c45:bw=28,experts=[4,6]; c2:bw=41,experts=[2,4,5,6]; c11:bw=10,experts=[4]; c33:bw=49,experts=[1,4,5,6]; c16:bw=59,experts=[0,1,4,5,6]; c41:bw=11,experts=[1]; c28:bw=68,experts=[0,1,2,4,5,6]; c15:bw=50,experts=[0,1,4,5,6]; c21:bw=41,experts=[2,4,5,7]; c1:bw=54,experts=[0,1,4,5,6]; c7:bw=50,experts=[0,1,4,5,6]; c27:bw=42,experts=[0,1,4,6]; c39:bw=10,experts=[4]; c3:bw=66,experts=[0,1,2,4,5,6]; c43:bw=59,experts=[0,1,4,5,6]; c29:bw=31,experts=[2,4,6]; c46:bw=10,experts=[4]; c40:bw=35,experts=[4,5,6]; c34:bw=35,experts=[0,4,6]; c10:bw=46,experts=[1,4,5,6]; c13:bw=32,experts=[1,4,6]; c24:bw=30,experts=[1,4,6]; c32:bw=46,experts=[1,4,5,6]; c8:bw=24,experts=[4,6]","1.5620,1.7298,2.1595,1.2568,1.7290,1.9094,1.5691,1.3628,1.9004,1.1254,1.0792,2.6863,3.4276,1.0949,1.4859,0.8430,1.0796,1.2980,1.1971,1.4772,1.6595,1.7369,1.7395,1.7709,1.2743,1.4720,2.1955,1.0647,1.2251,1.5831,2.2452,0.7994,1.2797,1.2127,1.9892,1.4261,1.0549,1.6384,1.5326,1.6199,1.2946,1.7436,1.2176,1.5135,1.3133,1.4315,1.2179,1.1738,1.7371,1.2038"
67,2026-09-23 23:50:07,Ours,0.01,2.1959036617660797,45.09,45.09,67,87.9377,1:27.94,76.1935,10.3993,1.3395,5831.4243,1:37:11.42,50,"41,15,46,34,47,13,31,4,26,24,49,30,29,10,9,48,43,16,17,42,5,7,0,8,22,35,23,1,32,33,2,12,11,44,38,36,27,6,3,45,19,37,20,39,21,28,25,18,40,14",41:42;15:49;46:49;34:54;47:34;13:39;31:65;4:51;26:31;24:44;49:28;30:16;29:25;10:36;9:60;48:49;43:33;16:53;17:48;42:38;5:48;7:59;0:32;8:10;22:47;35:30;23:53;1:36;32:53;33:14;2:43;12:44;11:43;44:21;38:62;36:40;27:59;6:53;3:25;45:46;19:14;37:51;20:27;39:44;21:53;28:10;25:51;18:31;40:20;14:18,"41:[0,4,5,6];15:[1,4,5,6];46:[1,4,5,6];34:[0,1,4,5,6];47:[4,5,6];13:[1,4,6];31:[0,1,2,4,5,6];4:[0,1,4,5,6];26:[4,5,6];24:[1,4,5,6];49:[4,5];30:[4];29:[4,6];10:[4,5,6];9:[0,1,2,4,5,6];48:[4,5,6,7];43:[4,5,6];16:[0,1,4,5,6];17:[1,4,5,6];42:[4,5,6];5:[0,1,4,6];7:[0,1,4,5,6];0:[1,4,6];8:[4];22:[1,4,5,6];35:[4,5,6];23:[1,3,4,5,6];1:[0,4,6];32:[0,1,4,5,6];33:[4];2:[1,4,5,6];12:[0,4,5,6];11:[1,4,5,6];44:[4,6];38:[0,1,2,4,5,6];36:[0,4,5,6];27:[1,2,4,5,6];6:[0,1,4,5,6];3:[4,6];45:[1,4,5,6];19:[4];37:[0,1,4,5,6];20:[4,5];39:[1,3,4,6];21:[0,1,4,5,6];28:[4];25:[0,1,4,5,6];18:[0,4,6];40:[4,6];14:[4]","c41:bw=42,experts=[0,4,5,6]; c15:bw=49,experts=[1,4,5,6]; c46:bw=49,experts=[1,4,5,6]; c34:bw=54,experts=[0,1,4,5,6]; c47:bw=34,experts=[4,5,6]; c13:bw=39,experts=[1,4,6]; c31:bw=65,experts=[0,1,2,4,5,6]; c4:bw=51,experts=[0,1,4,5,6]; c26:bw=31,experts=[4,5,6]; c24:bw=44,experts=[1,4,5,6]; c49:bw=28,experts=[4,5]; c30:bw=16,experts=[4]; c29:bw=25,experts=[4,6]; c10:bw=36,experts=[4,5,6]; c9:bw=60,experts=[0,1,2,4,5,6]; c48:bw=49,experts=[4,5,6,7]; c43:bw=33,experts=[4,5,6]; c16:bw=53,experts=[0,1,4,5,6]; c17:bw=48,experts=[1,4,5,6]; c42:bw=38,experts=[4,5,6]; c5:bw=48,experts=[0,1,4,6]; c7:bw=59,experts=[0,1,4,5,6]; c0:bw=32,experts=[1,4,6]; c8:bw=10,experts=[4]; c22:bw=47,experts=[1,4,5,6]; c35:bw=30,experts=[4,5,6]; c23:bw=53,experts=[1,3,4,5,6]; c1:bw=36,experts=[0,4,6]; c32:bw=53,experts=[0,1,4,5,6]; c33:bw=14,experts=[4]; c2:bw=43,experts=[1,4,5,6]; c12:bw=44,experts=[0,4,5,6]; c11:bw=43,experts=[1,4,5,6]; c44:bw=21,experts=[4,6]; c38:bw=62,experts=[0,1,2,4,5,6]; c36:bw=40,experts=[0,4,5,6]; c27:bw=59,experts=[1,2,4,5,6]; c6:bw=53,experts=[0,1,4,5,6]; c3:bw=25,experts=[4,6]; c45:bw=46,experts=[1,4,5,6]; c19:bw=14,experts=[4]; c37:bw=51,experts=[0,1,4,5,6]; c20:bw=27,experts=[4,5]; c39:bw=44,experts=[1,3,4,6]; c21:bw=53,experts=[0,1,4,5,6]; c28:bw=10,experts=[4]; c25:bw=51,experts=[0,1,4,5,6]; c18:bw=31,experts=[0,4,6]; c40:bw=20,experts=[4,6]; c14:bw=18,experts=[4]","0.8349,1.2451,1.2357,1.3200,1.1293,1.2288,1.6738,1.7410,1.7179,1.1926,3.3913,1.5479,1.7810,1.4092,1.5915,1.0986,1.2829,2.2594,1.2768,1.4677,2.2052,1.0499,0.8292,1.1889,1.8631,1.3556,1.7398,1.4513,1.7544,1.5377,1.0686,1.0656,1.2221,1.1566,1.0691,1.2495,1.6472,1.7377,1.5930,2.1916,1.4365,1.2990,1.7339,1.5385,2.0219,1.2749,2.6485,1.4696,1.5206,1.8485"
68,2026-09-23 23:51:35,Ours,0.01,2.195915106914729,45.56,45.56,68,88.0132,1:28.01,76.5107,10.165,1.3324,5919.4752,1:38:39.48,50,"1,27,3,5,45,2,40,17,4,15,6,9,14,34,35,43,24,33,22,21,28,11,48,0,26,29,41,30,18,13,10,31,46,39,36,16,23,8,20,38,25,32,49,42,7,37,12,19,44,47",1:42;27:48;3:26;5:45;45:33;2:58;40:30;17:72;4:49;15:28;6:32;9:15;14:10;34:56;35:30;43:24;24:32;33:34;22:15;21:29;28:40;11:14;48:35;0:30;26:40;29:57;41:23;30:29;18:54;13:35;10:31;31:16;46:10;39:10;36:53;16:54;23:46;8:31;20:38;38:59;25:47;32:49;49:13;42:28;7:28;37:61;12:67;19:28;44:53;47:20,"1:[0,1,4,6];27:[0,4,5,6];3:[4,6];5:[0,1,4,6];45:[4,5,6];2:[0,1,4,5,6];40:[2,4,5];17:[0,1,2,4,5,6,7];4:[0,4,6,7];15:[4,6];6:[0,4,6];9:[4];14:[2];34:[0,1,4,5,6];35:[1,4,6];43:[4,6];24:[4,5,6];33:[4,5,6];22:[4];21:[4,6];28:[0,1,4,6];11:[2];48:[2,4,6];0:[4,5,6];26:[0,4,5,6];29:[0,1,4,5,6];41:[4,6];30:[3,4];18:[0,1,4,5,6];13:[1,4,6];10:[1,4,6];31:[4];46:[4];39:[4];36:[0,1,4,5,6];16:[0,4,5,6,7];23:[2,4,5,6];8:[1,4,6];20:[2,4,7];38:[0,1,4,5,6];25:[1,4,5,6];32:[0,4,5,6];49:[4];42:[2,4];7:[4,7];37:[0,1,2,4,5,6];12:[0,1,2,4,5,6];19:[2,4];44:[0,1,4,5,6];47:[4,5]","c1:bw=42,experts=[0,1,4,6]; c27:bw=48,experts=[0,4,5,6]; c3:bw=26,experts=[4,6]; c5:bw=45,experts=[0,1,4,6]; c45:bw=33,experts=[4,5,6]; c2:bw=58,experts=[0,1,4,5,6]; c40:bw=30,experts=[2,4,5]; c17:bw=72,experts=[0,1,2,4,5,6,7]; c4:bw=49,experts=[0,4,6,7]; c15:bw=28,experts=[4,6]; c6:bw=32,experts=[0,4,6]; c9:bw=15,experts=[4]; c14:bw=10,experts=[2]; c34:bw=56,experts=[0,1,4,5,6]; c35:bw=30,experts=[1,4,6]; c43:bw=24,experts=[4,6]; c24:bw=32,experts=[4,5,6]; c33:bw=34,experts=[4,5,6]; c22:bw=15,experts=[4]; c21:bw=29,experts=[4,6]; c28:bw=40,experts=[0,1,4,6]; c11:bw=14,experts=[2]; c48:bw=35,experts=[2,4,6]; c0:bw=30,experts=[4,5,6]; c26:bw=40,experts=[0,4,5,6]; c29:bw=57,experts=[0,1,4,5,6]; c41:bw=23,experts=[4,6]; c30:bw=29,experts=[3,4]; c18:bw=54,experts=[0,1,4,5,6]; c13:bw=35,experts=[1,4,6]; c10:bw=31,experts=[1,4,6]; c31:bw=16,experts=[4]; c46:bw=10,experts=[4]; c39:bw=10,experts=[4]; c36:bw=53,experts=[0,1,4,5,6]; c16:bw=54,experts=[0,4,5,6,7]; c23:bw=46,experts=[2,4,5,6]; c8:bw=31,experts=[1,4,6]; c20:bw=38,experts=[2,4,7]; c38:bw=59,experts=[0,1,4,5,6]; c25:bw=47,experts=[1,4,5,6]; c32:bw=49,experts=[0,4,5,6]; c49:bw=13,experts=[4]; c42:bw=28,experts=[2,4]; c7:bw=28,experts=[4,7]; c37:bw=61,experts=[0,1,2,4,5,6]; c12:bw=67,experts=[0,1,2,4,5,6]; c19:bw=28,experts=[2,4]; c44:bw=53,experts=[0,1,4,5,6]; c47:bw=20,experts=[4,5]","1.4336,1.6917,1.6247,2.2297,2.2173,1.0563,1.5433,1.2920,1.7285,1.2403,1.7551,1.5614,1.8684,1.3413,1.3602,1.2852,1.1997,1.6031,1.8805,2.1012,1.2920,1.2478,1.0853,0.8302,1.7526,1.7731,0.8264,1.5458,1.4693,1.2171,1.4344,1.6428,1.2181,1.5420,1.2387,2.2376,1.7218,1.1865,1.7399,1.0662,2.6685,1.7435,3.3559,1.4822,1.0440,1.3148,1.0784,1.4495,1.1513,1.1416"
69,2026-09-23 23:53:04,Ours,0.01,2.198299642684426,45.76,45.76,69,88.0795,1:28.08,76.3237,10.4092,1.3414,6007.592,1:40:07.59,50,"39,20,33,15,44,34,23,0,22,7,21,16,24,37,4,25,5,2,6,43,26,40,13,31,12,10,38,41,9,8,28,30,45,14,11,42,48,27,18,36,49,35,32,29,3,1,47,17,19,46",39:51;20:28;33:27;15:20;44:47;34:32;23:33;0:52;22:44;7:58;21:58;16:60;24:53;37:43;4:41;25:31;5:39;2:66;6:26;43:10;26:42;40:67;13:67;31:15;12:10;10:16;38:40;41:28;9:35;8:42;28:58;30:10;45:70;14:37;11:45;42:53;48:61;27:46;18:10;36:30;49:48;35:26;32:53;29:34;3:41;1:31;47:44;17:48;19:43;46:10,"39:[1,2,4,5,6];20:[4,5];33:[2,3];15:[3,4];44:[1,4,5,6];34:[4,5,6];23:[4,5,6];0:[1,2,4,5,6];22:[1,4,5,6];7:[0,1,4,5,6];21:[0,1,3,4,6];16:[0,1,2,4,5,6];24:[0,1,4,5,6];37:[1,4,5,6];4:[0,4,5,6];25:[0,4,6];5:[1,4,6];2:[0,1,2,4,5,6];6:[4,5];43:[4];26:[1,4,5,6];40:[0,1,2,4,5,6];13:[0,1,2,4,5,6];31:[7];12:[4];10:[4];38:[1,4,5,6];41:[4,6];9:[4,5,6];8:[1,4,5,6];28:[0,1,4,5,6];30:[0];45:[0,1,2,4,5,6,7];14:[4,5,7];11:[1,4,5,6];42:[0,1,4,5,6];48:[0,1,2,4,5,6];27:[1,4,5,6];18:[4];36:[4,5,6];49:[1,2,4,6];35:[4,6];32:[2,3,4,5,6];29:[4,5,6];3:[0,1,4,6];1:[4,5,6];47:[1,4,5,6];17:[1,4,5,6];19:[1,4,5,6];46:[2]","c39:bw=51,experts=[1,2,4,5,6]; c20:bw=28,experts=[4,5]; c33:bw=27,experts=[2,3]; c15:bw=20,experts=[3,4]; c44:bw=47,experts=[1,4,5,6]; c34:bw=32,experts=[4,5,6]; c23:bw=33,experts=[4,5,6]; c0:bw=52,experts=[1,2,4,5,6]; c22:bw=44,experts=[1,4,5,6]; c7:bw=58,experts=[0,1,4,5,6]; c21:bw=58,experts=[0,1,3,4,6]; c16:bw=60,experts=[0,1,2,4,5,6]; c24:bw=53,experts=[0,1,4,5,6]; c37:bw=43,experts=[1,4,5,6]; c4:bw=41,experts=[0,4,5,6]; c25:bw=31,experts=[0,4,6]; c5:bw=39,experts=[1,4,6]; c2:bw=66,experts=[0,1,2,4,5,6]; c6:bw=26,experts=[4,5]; c43:bw=10,experts=[4]; c26:bw=42,experts=[1,4,5,6]; c40:bw=67,experts=[0,1,2,4,5,6]; c13:bw=67,experts=[0,1,2,4,5,6]; c31:bw=15,experts=[7]; c12:bw=10,experts=[4]; c10:bw=16,experts=[4]; c38:bw=40,experts=[1,4,5,6]; c41:bw=28,experts=[4,6]; c9:bw=35,experts=[4,5,6]; c8:bw=42,experts=[1,4,5,6]; c28:bw=58,experts=[0,1,4,5,6]; c30:bw=10,experts=[0]; c45:bw=70,experts=[0,1,2,4,5,6,7]; c14:bw=37,experts=[4,5,7]; c11:bw=45,experts=[1,4,5,6]; c42:bw=53,experts=[0,1,4,5,6]; c48:bw=61,experts=[0,1,2,4,5,6]; c27:bw=46,experts=[1,4,5,6]; c18:bw=10,experts=[4]; c36:bw=30,experts=[4,5,6]; c49:bw=48,experts=[1,2,4,6]; c35:bw=26,experts=[4,6]; c32:bw=53,experts=[2,3,4,5,6]; c29:bw=34,experts=[4,5,6]; c3:bw=41,experts=[0,1,4,6]; c1:bw=31,experts=[4,5,6]; c47:bw=44,experts=[1,4,5,6]; c17:bw=48,experts=[1,4,5,6]; c19:bw=43,experts=[1,4,5,6]; c46:bw=10,experts=[2]","1.5607,1.7694,1.5666,1.2419,1.1740,1.3017,1.7275,0.8226,1.8796,1.0624,2.0329,2.2609,1.1828,1.2938,1.7336,2.6572,2.1942,1.0458,1.7517,1.2905,1.7607,1.5424,1.2166,1.6526,1.0690,1.4066,1.0806,0.8381,1.5480,1.2376,1.2907,1.5362,2.2342,1.8865,1.2273,1.4634,1.0758,1.6229,1.4520,1.2593,3.3719,1.3506,1.7646,1.7651,1.6024,1.4276,1.1228,1.2777,1.4595,1.2311"
70,2026-09-23 23:54:32,Ours,0.01,2.177971672494658,46.33,46.33,70,88.0821,1:28.08,76.5068,10.2412,1.329,6095.7116,1:41:35.71,50,"12,41,26,5,47,9,40,13,49,33,28,19,43,16,38,18,4,1,6,0,3,21,15,10,7,42,46,48,11,39,32,2,31,29,8,34,35,17,45,27,37,23,22,24,30,20,36,25,14,44",12:40;41:24;26:27;5:23;47:54;9:10;40:64;13:33;49:55;33:43;28:63;19:37;43:41;16:67;38:20;18:63;4:58;1:24;6:26;0:30;3:32;21:35;15:75;10:58;7:28;42:19;46:27;48:53;11:53;39:10;32:29;2:55;31:41;29:29;8:48;34:60;35:36;17:41;45:39;27:24;37:62;23:30;22:10;24:10;30:41;20:36;36:37;25:10;14:10;44:22,"12:[4,5,6,7];41:[3,4];26:[4,5];5:[2,5];47:[0,1,4,5,6];9:[4];40:[0,1,2,4,5,6];13:[4,5,6];49:[0,1,4,5,6];33:[0,4,5,6];28:[0,1,3,4,5,6];19:[4,5,6];43:[0,1,4,6];16:[0,1,2,4,5,6];38:[4,5];18:[0,1,2,4,5,6];4:[0,2,4,5,6];1:[2,3];6:[2,4];0:[4,5,6];3:[4,5,6];21:[1,4,6];15:[0,1,2,3,4,5,6];10:[1,4,5,6,7];7:[4,5];42:[4];46:[4,7];48:[0,1,4,5,6];11:[0,1,4,5,6];39:[4];32:[4,5];2:[0,1,4,5,6];31:[1,4,5,6];29:[4,6];8:[2,4,5,6];34:[0,1,2,4,5,6];35:[0,2,4];17:[0,1,4,6];45:[4,5,6];27:[4,5];37:[0,1,2,4,5,6];23:[4,5,6];22:[4];24:[2];30:[0,1,4,6];20:[4,5,6];36:[2,4,7];25:[4];14:[4];44:[4,6]","c12:bw=40,experts=[4,5,6,7]; c41:bw=24,experts=[3,4]; c26:bw=27,experts=[4,5]; c5:bw=23,experts=[2,5]; c47:bw=54,experts=[0,1,4,5,6]; c9:bw=10,experts=[4]; c40:bw=64,experts=[0,1,2,4,5,6]; c13:bw=33,experts=[4,5,6]; c49:bw=55,experts=[0,1,4,5,6]; c33:bw=43,experts=[0,4,5,6]; c28:bw=63,experts=[0,1,3,4,5,6]; c19:bw=37,experts=[4,5,6]; c43:bw=41,experts=[0,1,4,6]; c16:bw=67,experts=[0,1,2,4,5,6]; c38:bw=20,experts=[4,5]; c18:bw=63,experts=[0,1,2,4,5,6]; c4:bw=58,experts=[0,2,4,5,6]; c1:bw=24,experts=[2,3]; c6:bw=26,experts=[2,4]; c0:bw=30,experts=[4,5,6]; c3:bw=32,experts=[4,5,6]; c21:bw=35,experts=[1,4,6]; c15:bw=75,experts=[0,1,2,3,4,5,6]; c10:bw=58,experts=[1,4,5,6,7]; c7:bw=28,experts=[4,5]; c42:bw=19,experts=[4]; c46:bw=27,experts=[4,7]; c48:bw=53,experts=[0,1,4,5,6]; c11:bw=53,experts=[0,1,4,5,6]; c39:bw=10,experts=[4]; c32:bw=29,experts=[4,5]; c2:bw=55,experts=[0,1,4,5,6]; c31:bw=41,experts=[1,4,5,6]; c29:bw=29,experts=[4,6]; c8:bw=48,experts=[2,4,5,6]; c34:bw=60,experts=[0,1,2,4,5,6]; c35:bw=36,experts=[0,2,4]; c17:bw=41,experts=[0,1,4,6]; c45:bw=39,experts=[4,5,6]; c27:bw=24,experts=[4,5]; c37:bw=62,experts=[0,1,2,4,5,6]; c23:bw=30,experts=[4,5,6]; c22:bw=10,experts=[4]; c24:bw=10,experts=[2]; c30:bw=41,experts=[0,1,4,6]; c20:bw=36,experts=[4,5,6]; c36:bw=37,experts=[2,4,7]; c25:bw=10,experts=[4]; c14:bw=10,experts=[4]; c44:bw=22,experts=[4,6]","1.0865,0.8471,1.7657,2.1851,1.1337,1.5738,1.5304,1.1972,3.3940,1.6079,1.3048,1.4677,1.2961,2.2880,1.0952,1.4751,1.7424,1.4556,1.7695,0.8306,1.6101,2.0140,1.2299,1.4370,1.0421,1.4633,1.2380,1.0624,1.2351,1.5422,1.7489,1.0567,1.6578,1.7652,1.2297,1.3249,1.3710,1.2929,2.1845,1.6479,1.2899,1.7302,1.8701,1.1769,1.5551,1.7440,1.2450,2.6309,1.8941,1.1709"
71,2026-09-23 23:56:00,Ours,0.01,2.1795520926079193,46.54,46.54,71,88.3058,1:28.31,76.4425,10.5454,1.3126,6184.0551,1:43:04.06,50,"43,35,16,15,27,31,20,39,8,1,38,28,6,42,22,41,19,34,36,24,14,5,17,18,9,32,21,13,47,25,40,12,49,2,23,29,44,3,48,0,45,11,33,7,4,37,10,26,30,46",43:48;35:49;16:19;15:28;27:43;31:64;20:31;39:28;8:39;1:52;38:35;28:18;6:50;42:44;22:29;41:56;19:54;34:65;36:15;24:58;14:10;5:33;17:61;18:45;9:40;32:41;21:30;13:25;47:46;25:38;40:10;12:43;49:40;2:61;23:33;29:53;44:19;3:62;48:44;0:16;45:48;11:44;33:60;7:20;4:42;37:60;10:69;26:45;30:41;46:54,"43:[0,1,4,6];35:[1,4,5,6];16:[4];15:[4,6];27:[1,4,5,6];31:[0,1,2,4,5,6];20:[4,5,6];39:[4,6];8:[1,4,6];1:[0,1,4,5,6];38:[0,4,6];28:[4];6:[0,1,4,5,6];42:[0,4,5,6];22:[3,7];41:[0,1,4,5,6];19:[0,1,4,5,6];34:[0,1,2,4,5,6];36:[4];24:[1,3,4,6,7];14:[4];5:[3,4,6];17:[0,1,2,4,5,6];18:[3,4,5,6];9:[1,4,5,6];32:[1,4,5,6];21:[4,5,6];13:[4,6];47:[3,4,5,6];25:[0,4,6];40:[7];12:[1,4,5,6];49:[1,4,5,6];2:[0,1,3,4,5,6];23:[1,4,6];29:[0,1,4,5,6];44:[7];3:[0,1,4,5,6,7];48:[0,4,5,6];0:[0];45:[0,4,5,6];11:[1,4,5,6];33:[0,1,2,4,5,6];7:[2,4];4:[0,1,4,6];37:[0,1,2,4,5,6];10:[0,1,2,4,5,6];26:[0,2,4,6];30:[2,4,5,6];46:[0,1,4,5,6]","c43:bw=48,experts=[0,1,4,6]; c35:bw=49,experts=[1,4,5,6]; c16:bw=19,experts=[4]; c15:bw=28,experts=[4,6]; c27:bw=43,experts=[1,4,5,6]; c31:bw=64,experts=[0,1,2,4,5,6]; c20:bw=31,experts=[4,5,6]; c39:bw=28,experts=[4,6]; c8:bw=39,experts=[1,4,6]; c1:bw=52,experts=[0,1,4,5,6]; c38:bw=35,experts=[0,4,6]; c28:bw=18,experts=[4]; c6:bw=50,experts=[0,1,4,5,6]; c42:bw=44,experts=[0,4,5,6]; c22:bw=29,experts=[3,7]; c41:bw=56,experts=[0,1,4,5,6]; c19:bw=54,experts=[0,1,4,5,6]; c34:bw=65,experts=[0,1,2,4,5,6]; c36:bw=15,experts=[4]; c24:bw=58,experts=[1,3,4,6,7]; c14:bw=10,experts=[4]; c5:bw=33,experts=[3,4,6]; c17:bw=61,experts=[0,1,2,4,5,6]; c18:bw=45,experts=[3,4,5,6]; c9:bw=40,experts=[1,4,5,6]; c32:bw=41,experts=[1,4,5,6]; c21:bw=30,experts=[4,5,6]; c13:bw=25,experts=[4,6]; c47:bw=46,experts=[3,4,5,6]; c25:bw=38,experts=[0,4,6]; c40:bw=10,experts=[7]; c12:bw=43,experts=[1,4,5,6]; c49:bw=40,experts=[1,4,5,6]; c2:bw=61,experts=[0,1,3,4,5,6]; c23:bw=33,experts=[1,4,6]; c29:bw=53,experts=[0,1,4,5,6]; c44:bw=19,experts=[7]; c3:bw=62,experts=[0,1,4,5,6,7]; c48:bw=44,experts=[0,4,5,6]; c0:bw=16,experts=[0]; c45:bw=48,experts=[0,4,5,6]; c11:bw=44,experts=[1,4,5,6]; c33:bw=60,experts=[0,1,2,4,5,6]; c7:bw=20,experts=[2,4]; c4:bw=42,experts=[0,1,4,6]; c37:bw=60,experts=[0,1,2,4,5,6]; c10:bw=69,experts=[0,1,2,4,5,6]; c26:bw=45,experts=[0,2,4,6]; c30:bw=41,experts=[2,4,5,6]; c46:bw=54,experts=[0,1,4,5,6]","1.2878,1.3683,2.2445,1.2448,1.6644,1.6946,1.7493,1.6280,1.2057,1.4456,1.0880,1.2912,1.7705,1.4813,1.8987,0.8600,1.4841,1.3314,1.2469,1.1869,1.8986,2.1617,1.2819,1.4736,1.5922,1.7686,2.0171,1.2026,1.1361,2.6624,1.5111,1.0644,3.3607,1.0380,1.7277,1.7510,1.1631,1.6158,1.0575,0.8114,2.1909,1.2138,1.5827,1.0528,1.7151,1.2911,1.4372,1.7414,1.5403,1.2094"
72,2026-09-23 23:57:28,Ours,0.01,2.216815392599673,46.49,46.54,71,87.7783,1:27.78,76.377,10.0544,1.3416,6271.871,1:44:31.87,50,"11,24,38,15,28,26,43,13,39,35,48,17,9,19,8,5,7,25,49,29,30,32,1,14,41,37,23,27,0,18,45,6,10,34,20,47,42,2,22,46,33,12,40,36,4,3,21,31,44,16",11:10;24:18;38:55;15:41;28:23;26:44;43:13;13:54;39:10;35:46;48:18;17:18;9:38;19:32;8:30;5:43;7:48;25:29;49:14;29:59;30:50;32:30;1:39;14:43;41:23;37:53;23:41;27:46;0:52;18:29;45:35;6:19;10:28;34:10;20:41;47:41;42:38;2:23;22:75;46:43;33:11;12:28;40:36;36:35;4:39;3:23;21:62;31:55;44:10;16:46,"11:[3];24:[4];38:[1,3,4,5,6];15:[1,4,6,7];28:[4,7];26:[3,4,5,6];43:[3];13:[1,3,4,5,6];39:[0];35:[3,4,5,6];48:[4];17:[3];9:[3,4,7];19:[3,4,6];8:[3,4,6];5:[0,4,6,7];7:[1,3,4,6];25:[2,4];49:[3];29:[1,3,4,5,6];30:[1,4,5,6,7];32:[4,5,6];1:[4,5,6];14:[1,3,4,5];41:[2,7];37:[1,3,4,5,6];23:[0,4,6,7];27:[3,4,6,7];0:[0,1,3,4,6];18:[4,6];45:[3,4,6];6:[3];10:[3,4];34:[3];20:[3,4,5,6];47:[0,4,5,6];42:[3,4,6];2:[4,7];22:[0,1,2,4,5,6,7];46:[3,4,5,6];33:[7];12:[4,6];40:[3,4,6];36:[3,4,5];4:[4,5,6];3:[3,4];21:[0,1,2,4,5,6];31:[1,3,4,5,6];44:[2];16:[0,3,4,6]","c11:bw=10,experts=[3]; c24:bw=18,experts=[4]; c38:bw=55,experts=[1,3,4,5,6]; c15:bw=41,experts=[1,4,6,7]; c28:bw=23,experts=[4,7]; c26:bw=44,experts=[3,4,5,6]; c43:bw=13,experts=[3]; c13:bw=54,experts=[1,3,4,5,6]; c39:bw=10,experts=[0]; c35:bw=46,experts=[3,4,5,6]; c48:bw=18,experts=[4]; c17:bw=18,experts=[3]; c9:bw=38,experts=[3,4,7]; c19:bw=32,experts=[3,4,6]; c8:bw=30,experts=[3,4,6]; c5:bw=43,experts=[0,4,6,7]; c7:bw=48,experts=[1,3,4,6]; c25:bw=29,experts=[2,4]; c49:bw=14,experts=[3]; c29:bw=59,experts=[1,3,4,5,6]; c30:bw=50,experts=[1,4,5,6,7]; c32:bw=30,experts=[4,5,6]; c1:bw=39,experts=[4,5,6]; c14:bw=43,experts=[1,3,4,5]; c41:bw=23,experts=[2,7]; c37:bw=53,experts=[1,3,4,5,6]; c23:bw=41,experts=[0,4,6,7]; c27:bw=46,experts=[3,4,6,7]; c0:bw=52,experts=[0,1,3,4,6]; c18:bw=29,experts=[4,6]; c45:bw=35,experts=[3,4,6]; c6:bw=19,experts=[3]; c10:bw=28,experts=[3,4]; c34:bw=10,experts=[3]; c20:bw=41,experts=[3,4,5,6]; c47:bw=41,experts=[0,4,5,6]; c42:bw=38,experts=[3,4,6]; c2:bw=23,experts=[4,7]; c22:bw=75,experts=[0,1,2,4,5,6,7]; c46:bw=43,experts=[3,4,5,6]; c33:bw=11,experts=[7]; c12:bw=28,experts=[4,6]; c40:bw=36,experts=[3,4,6]; c36:bw=35,experts=[3,4,5]; c4:bw=39,experts=[4,5,6]; c3:bw=23,experts=[3,4]; c21:bw=62,experts=[0,1,2,4,5,6]; c31:bw=55,experts=[1,3,4,5,6]; c44:bw=10,experts=[2]; c16:bw=46,experts=[0,3,4,6]","1.2346,1.1903,1.0641,1.2459,1.2910,1.7594,1.2732,1.2185,1.5443,1.3650,1.0755,1.2621,1.5715,1.4633,1.2200,2.2119,1.0471,2.6618,3.3887,1.7707,1.5811,1.7537,1.4562,1.9061,0.8373,1.2997,1.7454,1.6560,0.8359,1.4524,2.1757,1.7527,1.4300,1.3140,1.7432,1.1358,1.4613,1.0435,1.8858,1.2300,1.5644,1.0510,1.5264,1.2568,1.7073,1.6061,2.0349,1.6593,1.1564,2.2594"
73,2026-09-23 23:58:56,Ours,0.01,2.2293063320630138,46.26,46.54,71,87.9095,1:27.91,76.4218,10.1541,1.3283,6359.8192,1:45:59.82,50,"21,9,15,49,24,40,42,7,8,12,6,41,2,37,1,46,13,35,17,34,28,14,29,23,0,43,32,3,48,22,30,36,31,25,18,39,5,45,19,16,4,27,38,47,20,11,44,10,33,26",21:29;9:52;15:47;49:10;24:66;40:67;42:47;7:37;8:11;12:37;6:20;41:64;2:47;37:56;1:66;46:53;13:50;35:16;17:17;34:11;28:33;14:16;29:13;23:33;0:28;43:40;32:10;3:40;48:69;22:24;30:54;36:42;31:35;25:24;18:34;39:20;5:17;45:45;19:10;16:61;4:41;27:48;38:10;47:11;20:62;11:46;44:16;10:42;33:22;26:10,"21:[4,6];9:[0,1,4,5,6];15:[1,4,5,6];49:[7];24:[0,1,2,4,5,6];40:[0,1,2,4,5,6];42:[4,5,6,7];7:[0,4,6];8:[0];12:[3,4,6];6:[4,7];41:[0,1,2,4,5,6];2:[1,4,5,6];37:[1,4,5,6,7];1:[0,1,4,5,6,7];46:[0,1,4,5,6];13:[0,4,5,6,7];35:[7];17:[4];34:[7];28:[4,5,6];14:[0];29:[7];23:[4,5,6];0:[4,7];43:[2,4,6,7];32:[7];3:[0,1,4,6];48:[0,1,2,4,5,6];22:[4,6];30:[0,1,4,5,6];36:[0,4,5,6];31:[4,5,6];25:[3,7];18:[4,6,7];39:[4,7];5:[4];45:[1,4,5,6];19:[7];16:[0,1,2,4,5,6];4:[3,4,5,6];27:[1,4,5,6];38:[7];47:[7];20:[0,1,2,4,5,6];11:[4,5,6,7];44:[3];10:[1,4,5,6];33:[4,6];26:[7]","c21:bw=29,experts=[4,6]; c9:bw=52,experts=[0,1,4,5,6]; c15:bw=47,experts=[1,4,5,6]; c49:bw=10,experts=[7]; c24:bw=66,experts=[0,1,2,4,5,6]; c40:bw=67,experts=[0,1,2,4,5,6]; c42:bw=47,experts=[4,5,6,7]; c7:bw=37,experts=[0,4,6]; c8:bw=11,experts=[0]; c12:bw=37,experts=[3,4,6]; c6:bw=20,experts=[4,7]; c41:bw=64,experts=[0,1,2,4,5,6]; c2:bw=47,experts=[1,4,5,6]; c37:bw=56,experts=[1,4,5,6,7]; c1:bw=66,experts=[0,1,4,5,6,7]; c46:bw=53,experts=[0,1,4,5,6]; c13:bw=50,experts=[0,4,5,6,7]; c35:bw=16,experts=[7]; c17:bw=17,experts=[4]; c34:bw=11,experts=[7]; c28:bw=33,experts=[4,5,6]; c14:bw=16,experts=[0]; c29:bw=13,experts=[7]; c23:bw=33,experts=[4,5,6]; c0:bw=28,experts=[4,7]; c43:bw=40,experts=[2,4,6,7]; c32:bw=10,experts=[7]; c3:bw=40,experts=[0,1,4,6]; c48:bw=69,experts=[0,1,2,4,5,6]; c22:bw=24,experts=[4,6]; c30:bw=54,experts=[0,1,4,5,6]; c36:bw=42,experts=[0,4,5,6]; c31:bw=35,experts=[4,5,6]; c25:bw=24,experts=[3,7]; c18:bw=34,experts=[4,6,7]; c39:bw=20,experts=[4,7]; c5:bw=17,experts=[4]; c45:bw=45,experts=[1,4,5,6]; c19:bw=10,experts=[7]; c16:bw=61,experts=[0,1,2,4,5,6]; c4:bw=41,experts=[3,4,5,6]; c27:bw=48,experts=[1,4,5,6]; c38:bw=10,experts=[7]; c47:bw=11,experts=[7]; c20:bw=62,experts=[0,1,2,4,5,6]; c11:bw=46,experts=[4,5,6,7]; c44:bw=16,experts=[3]; c10:bw=42,experts=[1,4,5,6]; c33:bw=22,experts=[4,6]; c26:bw=10,experts=[7]","2.0192,1.5539,1.2463,3.3748,1.2047,1.5581,1.4776,1.0391,1.2094,1.0887,1.7460,0.8434,1.0695,1.2892,1.4522,1.2407,1.2304,1.3663,1.2615,1.2935,1.2847,1.8791,1.8477,1.7412,0.8223,1.2671,1.7222,1.6252,1.0740,1.8701,1.5646,1.2479,1.6549,2.6630,1.4697,1.5528,2.1781,2.2335,1.4440,2.2508,1.7347,1.6424,1.0704,1.1316,1.7499,1.2266,1.1674,1.4385,1.5642,1.7381"
74,2026-09-24 00:00:24,Ours,0.01,2.150126779017405,46.99,46.99,74,87.9135,1:27.91,76.4485,10.113,1.347,6447.7719,1:47:27.77,50,"13,40,34,22,5,32,25,10,35,19,43,33,44,42,3,0,26,27,6,46,16,48,17,47,38,14,24,29,36,23,8,1,11,41,20,9,45,39,28,21,49,15,30,12,4,2,37,18,7,31",13:42;40:40;34:34;22:45;5:50;32:18;25:59;10:25;35:42;19:20;43:56;33:53;44:24;42:31;3:10;0:40;26:32;27:20;6:10;46:67;16:48;48:30;17:62;47:31;38:41;14:32;24:16;29:14;36:26;23:46;8:28;1:28;11:37;41:13;20:42;9:32;45:55;39:28;28:16;21:66;49:10;15:50;30:20;12:10;4:47;2:10;37:37;18:60;7:65;31:47,"13:[1,4,5,6];40:[1,4,5,6];34:[4,5,6];22:[1,4,5,6];5:[0,1,4,5,6];32:[4];25:[0,1,4,5,6];10:[4,5];35:[1,4,5,6];19:[4,5];43:[0,1,4,5,6];33:[0,1,4,5,6];44:[4,6];42:[4,5,6];3:[2];0:[1,4,5,6];26:[0,4,6];27:[4,5];6:[4];46:[0,1,2,4,5,6];16:[0,1,4,6];48:[3,4,6];17:[0,1,2,4,5,6];47:[2,4,6];38:[1,4,5,6];14:[4,5,6];24:[4];29:[2];36:[4,5];23:[0,1,4,6];8:[4,7];1:[4,5];11:[4,5,6];41:[4];20:[1,4,5,6];9:[0,4,6];45:[0,1,4,5,6];39:[4,6];28:[2];21:[0,1,4,5,6,7];49:[4];15:[0,1,4,5,6];30:[4,5];12:[4];4:[0,4,5,6];2:[4];37:[4,5,6];18:[0,1,2,4,5,6];7:[0,1,2,4,5,6];31:[1,4,5,6]","c13:bw=42,experts=[1,4,5,6]; c40:bw=40,experts=[1,4,5,6]; c34:bw=34,experts=[4,5,6]; c22:bw=45,experts=[1,4,5,6]; c5:bw=50,experts=[0,1,4,5,6]; c32:bw=18,experts=[4]; c25:bw=59,experts=[0,1,4,5,6]; c10:bw=25,experts=[4,5]; c35:bw=42,experts=[1,4,5,6]; c19:bw=20,experts=[4,5]; c43:bw=56,experts=[0,1,4,5,6]; c33:bw=53,experts=[0,1,4,5,6]; c44:bw=24,experts=[4,6]; c42:bw=31,experts=[4,5,6]; c3:bw=10,experts=[2]; c0:bw=40,experts=[1,4,5,6]; c26:bw=32,experts=[0,4,6]; c27:bw=20,experts=[4,5]; c6:bw=10,experts=[4]; c46:bw=67,experts=[0,1,2,4,5,6]; c16:bw=48,experts=[0,1,4,6]; c48:bw=30,experts=[3,4,6]; c17:bw=62,experts=[0,1,2,4,5,6]; c47:bw=31,experts=[2,4,6]; c38:bw=41,experts=[1,4,5,6]; c14:bw=32,experts=[4,5,6]; c24:bw=16,experts=[4]; c29:bw=14,experts=[2]; c36:bw=26,experts=[4,5]; c23:bw=46,experts=[0,1,4,6]; c8:bw=28,experts=[4,7]; c1:bw=28,experts=[4,5]; c11:bw=37,experts=[4,5,6]; c41:bw=13,experts=[4]; c20:bw=42,experts=[1,4,5,6]; c9:bw=32,experts=[0,4,6]; c45:bw=55,experts=[0,1,4,5,6]; c39:bw=28,experts=[4,6]; c28:bw=16,experts=[2]; c21:bw=66,experts=[0,1,4,5,6,7]; c49:bw=10,experts=[4]; c15:bw=50,experts=[0,1,4,5,6]; c30:bw=20,experts=[4,5]; c12:bw=10,experts=[4]; c4:bw=47,experts=[0,4,5,6]; c2:bw=10,experts=[4]; c37:bw=37,experts=[4,5,6]; c18:bw=60,experts=[0,1,2,4,5,6]; c7:bw=65,experts=[0,1,2,4,5,6]; c31:bw=47,experts=[1,4,5,6]","1.2199,1.5340,1.3187,1.8839,2.2059,1.7401,2.6929,1.4297,1.3938,1.4679,1.3067,1.6052,1.1700,1.4717,1.5892,0.8238,1.7487,1.6407,1.7644,1.2484,2.2811,1.0864,1.2767,1.1149,1.0810,1.8815,1.1839,1.7625,1.2531,1.7275,1.2139,1.4343,1.2137,0.8165,1.7376,1.5689,2.2163,1.5419,1.2678,2.0084,3.3692,1.2517,1.5506,1.0666,1.7567,1.0442,1.2886,1.4504,1.0883,1.6583"
75,2026-09-24 00:01:52,Ours,0.01,2.123889038092914,47.66,47.66,75,88.2452,1:28.25,76.5075,10.4154,1.317,6536.0562,1:48:56.06,50,"17,43,46,11,23,0,47,4,49,21,32,35,25,27,36,6,19,14,38,20,24,41,42,9,28,48,16,40,1,15,5,26,18,31,12,44,2,7,34,10,37,30,29,3,13,45,33,8,22,39",17:43;43:66;46:33;11:42;23:35;0:60;47:19;4:56;49:31;21:50;32:20;35:26;25:17;27:36;36:61;6:56;19:19;14:60;38:48;20:44;24:73;41:35;42:28;9:61;28:55;48:22;16:46;40:35;1:54;15:20;5:31;26:10;18:68;31:54;12:40;44:52;2:40;7:28;34:57;10:23;37:21;30:10;29:29;3:20;13:46;45:26;33:44;8:53;22:10;39:61,"17:[1,4,5,6];43:[0,1,2,4,5,6];46:[4,5,6];11:[1,4,5,6];23:[3,4,6];0:[0,1,2,4,5,6];47:[4];4:[0,1,4,5,6];49:[4,5,6];21:[0,1,4,5,6];32:[4,5];35:[4,6];25:[4];27:[2,4,5];36:[0,1,2,4,5,6];6:[0,1,4,5,6];19:[4];14:[0,1,2,4,5,6];38:[2,4,5,6];20:[1,4,5,6];24:[0,1,2,4,5,6,7];41:[4,5,6];42:[4,5];9:[0,1,2,4,5,6];28:[0,1,4,5,6];48:[4,7];16:[0,1,4,6];40:[4,5,6];1:[0,1,4,5,6];15:[4,6];5:[1,4,6];26:[4];18:[0,1,2,4,5,6];31:[0,1,4,5,6];12:[1,4,5,6];44:[0,1,4,5,6];2:[0,1,4,6];7:[4,6];34:[0,1,4,5,6];10:[4,5];37:[4,6];30:[4];29:[4,5];3:[4,5];13:[1,4,5,6];45:[4,6];33:[1,4,5,6];8:[0,1,4,5,6];22:[4];39:[0,1,3,4,5,6]","c17:bw=43,experts=[1,4,5,6]; c43:bw=66,experts=[0,1,2,4,5,6]; c46:bw=33,experts=[4,5,6]; c11:bw=42,experts=[1,4,5,6]; c23:bw=35,experts=[3,4,6]; c0:bw=60,experts=[0,1,2,4,5,6]; c47:bw=19,experts=[4]; c4:bw=56,experts=[0,1,4,5,6]; c49:bw=31,experts=[4,5,6]; c21:bw=50,experts=[0,1,4,5,6]; c32:bw=20,experts=[4,5]; c35:bw=26,experts=[4,6]; c25:bw=17,experts=[4]; c27:bw=36,experts=[2,4,5]; c36:bw=61,experts=[0,1,2,4,5,6]; c6:bw=56,experts=[0,1,4,5,6]; c19:bw=19,experts=[4]; c14:bw=60,experts=[0,1,2,4,5,6]; c38:bw=48,experts=[2,4,5,6]; c20:bw=44,experts=[1,4,5,6]; c24:bw=73,experts=[0,1,2,4,5,6,7]; c41:bw=35,experts=[4,5,6]; c42:bw=28,experts=[4,5]; c9:bw=61,experts=[0,1,2,4,5,6]; c28:bw=55,experts=[0,1,4,5,6]; c48:bw=22,experts=[4,7]; c16:bw=46,experts=[0,1,4,6]; c40:bw=35,experts=[4,5,6]; c1:bw=54,experts=[0,1,4,5,6]; c15:bw=20,experts=[4,6]; c5:bw=31,experts=[1,4,6]; c26:bw=10,experts=[4]; c18:bw=68,experts=[0,1,2,4,5,6]; c31:bw=54,experts=[0,1,4,5,6]; c12:bw=40,experts=[1,4,5,6]; c44:bw=52,experts=[0,1,4,5,6]; c2:bw=40,experts=[0,1,4,6]; c7:bw=28,experts=[4,6]; c34:bw=57,experts=[0,1,4,5,6]; c10:bw=23,experts=[4,5]; c37:bw=21,experts=[4,6]; c30:bw=10,experts=[4]; c29:bw=29,experts=[4,5]; c3:bw=20,experts=[4,5]; c13:bw=46,experts=[1,4,5,6]; c45:bw=26,experts=[4,6]; c33:bw=44,experts=[1,4,5,6]; c8:bw=53,experts=[0,1,4,5,6]; c22:bw=10,experts=[4]; c39:bw=61,experts=[0,1,3,4,5,6]","1.2818,1.3037,1.2519,1.2153,1.7571,0.8300,1.1306,1.7421,3.4222,2.0288,1.7526,1.3620,2.6502,1.6555,1.2540,1.7650,1.4573,1.9172,1.0832,1.7653,1.1852,0.8269,1.4717,1.5768,1.2926,1.0690,2.2542,1.5504,1.4706,1.2390,2.1587,1.7356,1.4540,1.6466,1.0578,1.1699,1.0645,1.0925,1.3341,1.4228,1.2913,1.5338,1.7474,1.5992,1.2260,2.1887,1.5757,1.2198,1.8589,1.5678"
76,2026-09-24 00:03:20,Ours,0.01,2.123073588104966,47.57,47.66,75,87.7905,1:27.79,76.3076,10.1378,1.3399,6623.8861,1:50:23.89,50,"4,25,15,2,38,6,5,28,42,45,43,0,29,8,10,32,46,26,1,34,11,17,36,41,49,3,44,14,23,48,37,33,27,13,40,19,7,35,39,9,31,22,16,30,21,24,47,18,20,12",4:60;25:10;15:42;2:25;38:27;6:23;5:37;28:30;42:66;45:41;43:46;0:31;29:36;8:29;10:46;32:44;46:25;26:37;1:53;34:12;11:42;17:33;36:21;41:45;49:51;3:15;44:54;14:22;23:29;48:10;37:58;33:38;27:39;13:39;40:17;19:44;7:66;35:15;39:38;9:57;31:46;22:26;16:39;30:52;21:42;24:61;47:10;18:39;20:54;12:21,"4:[0,1,4,5,6,7];25:[4];15:[0,1,4,6];2:[4,6];38:[4,6];6:[4,6];5:[4,5,6];28:[1,4,6];42:[0,1,2,4,5,6];45:[0,1,4,6];43:[0,1,4,6];0:[1,4,6];29:[1,4,6];8:[4,5];10:[1,4,5,6];32:[0,4,5,6];46:[4,5];26:[4,5,6];1:[0,1,4,5,6];34:[4];11:[2,4,5,6];17:[4,5,7];36:[4,6];41:[0,4,5,6];49:[0,1,4,5,6];3:[4];44:[0,1,4,5,6];14:[4,5];23:[2,4];48:[4];37:[0,1,4,5,6];33:[4,5,6];27:[0,4,6];13:[1,4,5];40:[4];19:[1,2,4,6];7:[0,1,4,5,6,7];35:[4];39:[4,5,6];9:[0,1,4,5,6];31:[1,4,5,6];22:[4,6];16:[4,6,7];30:[0,1,3,4,6];21:[1,4,5,6];24:[0,1,2,4,5,6];47:[4];18:[0,4,6];20:[1,4,5,6,7];12:[0,2]","c4:bw=60,experts=[0,1,4,5,6,7]; c25:bw=10,experts=[4]; c15:bw=42,experts=[0,1,4,6]; c2:bw=25,experts=[4,6]; c38:bw=27,experts=[4,6]; c6:bw=23,experts=[4,6]; c5:bw=37,experts=[4,5,6]; c28:bw=30,experts=[1,4,6]; c42:bw=66,experts=[0,1,2,4,5,6]; c45:bw=41,experts=[0,1,4,6]; c43:bw=46,experts=[0,1,4,6]; c0:bw=31,experts=[1,4,6]; c29:bw=36,experts=[1,4,6]; c8:bw=29,experts=[4,5]; c10:bw=46,experts=[1,4,5,6]; c32:bw=44,experts=[0,4,5,6]; c46:bw=25,experts=[4,5]; c26:bw=37,experts=[4,5,6]; c1:bw=53,experts=[0,1,4,5,6]; c34:bw=12,experts=[4]; c11:bw=42,experts=[2,4,5,6]; c17:bw=33,experts=[4,5,7]; c36:bw=21,experts=[4,6]; c41:bw=45,experts=[0,4,5,6]; c49:bw=51,experts=[0,1,4,5,6]; c3:bw=15,experts=[4]; c44:bw=54,experts=[0,1,4,5,6]; c14:bw=22,experts=[4,5]; c23:bw=29,experts=[2,4]; c48:bw=10,experts=[4]; c37:bw=58,experts=[0,1,4,5,6]; c33:bw=38,experts=[4,5,6]; c27:bw=39,experts=[0,4,6]; c13:bw=39,experts=[1,4,5]; c40:bw=17,experts=[4]; c19:bw=44,experts=[1,2,4,6]; c7:bw=66,experts=[0,1,4,5,6,7]; c35:bw=15,experts=[4]; c39:bw=38,experts=[4,5,6]; c9:bw=57,experts=[0,1,4,5,6]; c31:bw=46,experts=[1,4,5,6]; c22:bw=26,experts=[4,6]; c16:bw=39,experts=[4,6,7]; c30:bw=52,experts=[0,1,3,4,6]; c21:bw=42,experts=[1,4,5,6]; c24:bw=61,experts=[0,1,2,4,5,6]; c47:bw=10,experts=[4]; c18:bw=39,experts=[0,4,6]; c20:bw=54,experts=[1,4,5,6,7]; c12:bw=21,experts=[0,2]","1.7476,2.6523,1.2450,1.0471,1.0771,1.7638,2.1890,1.3046,1.4816,2.2293,1.2806,0.8304,1.7782,1.2249,1.4306,1.7747,1.2309,1.7342,1.4468,1.3097,1.2241,1.2578,1.2590,0.8277,3.4383,1.6166,1.1909,1.9057,1.7422,1.0565,1.2782,1.5714,1.6501,1.2118,1.5207,1.4671,1.0201,1.3621,1.5177,1.5329,1.6535,1.8484,2.2278,1.5722,2.0084,1.1784,1.1015,1.4502,1.7553,1.0825"
77,2026-09-24 00:04:48,Ours,0.01,2.126510151273723,47.85,47.85,77,87.9994,1:28.00,76.5283,10.1399,1.3258,6711.9252,1:51:51.93,50,"30,21,1,39,29,6,2,20,36,13,49,37,24,19,44,7,45,25,38,46,34,9,42,22,31,47,32,11,23,15,48,16,41,12,14,17,35,3,33,26,8,18,0,10,27,28,43,4,5,40",30:36;21:57;1:62;39:19;29:41;6:57;2:34;20:45;36:42;13:37;49:41;37:54;24:12;19:37;44:26;7:10;45:40;25:15;38:24;46:64;34:42;9:29;42:16;22:34;31:20;47:30;32:22;11:28;23:54;15:43;48:47;16:34;41:43;12:46;14:64;17:37;35:34;3:40;33:56;26:10;8:10;18:31;0:63;10:39;27:24;28:37;43:55;4:10;5:59;40:24,"30:[4,5,6];21:[1,3,4,5,6];1:[0,1,2,4,5,6];39:[2];29:[1,4,5,6];6:[0,1,4,5,6];2:[2,4,5];20:[1,4,5,6];36:[1,4,5,6];13:[2,4,6];49:[2,4,5,6];37:[0,1,4,5,6];24:[4];19:[1,4,6];44:[4,6];7:[4];45:[2,4,6,7];25:[4];38:[4,6];46:[0,1,2,4,5,6];34:[0,1,4,6];9:[4,5];42:[4];22:[4,5,6];31:[4,7];47:[0,4,6];32:[2,3];11:[4,6];23:[0,1,4,5,6];15:[0,1,4,6];48:[1,4,5,6];16:[1,4,5];41:[1,4,5,6];12:[1,4,5,6];14:[0,1,4,5,6,7];17:[4,5,6];35:[1,4,6];3:[0,1,4,6];33:[0,3,4,5,6];26:[1];8:[4];18:[4,5,6];0:[0,1,2,4,5,6];10:[1,4,6];27:[4,6];28:[4,5,6];43:[0,1,4,5,6];4:[4];5:[0,1,4,5,6];40:[4,5]","c30:bw=36,experts=[4,5,6]; c21:bw=57,experts=[1,3,4,5,6]; c1:bw=62,experts=[0,1,2,4,5,6]; c39:bw=19,experts=[2]; c29:bw=41,experts=[1,4,5,6]; c6:bw=57,experts=[0,1,4,5,6]; c2:bw=34,experts=[2,4,5]; c20:bw=45,experts=[1,4,5,6]; c36:bw=42,experts=[1,4,5,6]; c13:bw=37,experts=[2,4,6]; c49:bw=41,experts=[2,4,5,6]; c37:bw=54,experts=[0,1,4,5,6]; c24:bw=12,experts=[4]; c19:bw=37,experts=[1,4,6]; c44:bw=26,experts=[4,6]; c7:bw=10,experts=[4]; c45:bw=40,experts=[2,4,6,7]; c25:bw=15,experts=[4]; c38:bw=24,experts=[4,6]; c46:bw=64,experts=[0,1,2,4,5,6]; c34:bw=42,experts=[0,1,4,6]; c9:bw=29,experts=[4,5]; c42:bw=16,experts=[4]; c22:bw=34,experts=[4,5,6]; c31:bw=20,experts=[4,7]; c47:bw=30,experts=[0,4,6]; c32:bw=22,experts=[2,3]; c11:bw=28,experts=[4,6]; c23:bw=54,experts=[0,1,4,5,6]; c15:bw=43,experts=[0,1,4,6]; c48:bw=47,experts=[1,4,5,6]; c16:bw=34,experts=[1,4,5]; c41:bw=43,experts=[1,4,5,6]; c12:bw=46,experts=[1,4,5,6]; c14:bw=64,experts=[0,1,4,5,6,7]; c17:bw=37,experts=[4,5,6]; c35:bw=34,experts=[1,4,6]; c3:bw=40,experts=[0,1,4,6]; c33:bw=56,experts=[0,3,4,5,6]; c26:bw=10,experts=[1]; c8:bw=10,experts=[4]; c18:bw=31,experts=[4,5,6]; c0:bw=63,experts=[0,1,2,4,5,6]; c10:bw=39,experts=[1,4,6]; c27:bw=24,experts=[4,6]; c28:bw=37,experts=[4,5,6]; c43:bw=55,experts=[0,1,4,5,6]; c4:bw=10,experts=[4]; c5:bw=59,experts=[0,1,4,5,6]; c40:bw=24,experts=[4,5]","1.5765,2.0394,1.4847,1.5552,1.7782,1.7717,1.0598,1.7531,1.2684,1.2446,3.4534,1.3012,1.2032,1.4925,1.1694,1.0223,2.2140,2.6761,1.0798,1.2452,1.3332,1.5818,1.4508,1.8481,1.6643,1.1217,1.7298,1.2222,1.7593,1.2172,1.0853,2.2324,0.8418,1.0729,1.8947,1.2655,1.3561,1.6043,1.5834,1.7321,1.2134,1.4592,0.8250,1.4108,1.6467,1.2813,1.2854,1.7076,2.1882,1.5248"
78,2026-09-24 00:06:16,Ours,0.01,2.0946747175552316,48.12,48.12,78,88.5195,1:28.52,76.6817,10.5246,1.3078,6800.4849,1:53:20.48,50,"14,16,42,9,28,32,24,18,20,37,4,29,11,2,19,26,39,7,41,33,25,22,35,3,0,46,23,21,10,5,31,8,15,1,30,48,49,43,12,6,45,44,13,17,34,40,27,38,47,36",14:52;16:44;42:35;9:31;28:24;32:45;24:45;18:35;20:37;37:32;4:23;29:69;11:37;2:34;19:12;26:40;39:10;7:36;41:58;33:50;25:11;22:63;35:44;3:38;0:26;46:46;23:57;21:54;10:59;5:63;31:41;8:54;15:38;1:41;30:36;48:44;49:50;43:51;12:31;6:57;45:27;44:46;13:59;17:31;34:23;40:59;27:13;38:75;47:17;36:45,"14:[0,1,4,5,6];16:[1,4,5,6];42:[4,5,6];9:[1,4,6];28:[3,4];32:[1,4,5,6];24:[1,4,5,6];18:[4,5,6];20:[1,4,5];37:[1,4,6];4:[2,4];29:[0,1,2,4,5,6];11:[0,4,5];2:[4,5,6];19:[4];26:[1,4,5,6];39:[4];7:[1,4,6];41:[0,1,3,4,6];33:[0,1,4,5,6];25:[4];22:[0,1,2,4,5,6];35:[0,2,4,5];3:[1,4,6];0:[4,5];46:[4,5,6,7];23:[0,1,4,5,6];21:[0,1,4,5,6];10:[1,4,5,6,7];5:[0,1,2,4,5,6];31:[1,4,5,6];8:[1,2,4,5,6];15:[2,3,4];1:[3,4,5,6];30:[4,5,6];48:[1,4,5,6];49:[0,1,4,5,6];43:[0,1,4,5,6];12:[4,6,7];6:[0,2,4,5,6];45:[4,6];44:[1,4,5,6];13:[0,1,4,5,6];17:[1,4,6];34:[4,5];40:[0,1,4,5,6];27:[4];38:[0,1,2,4,5,6,7];47:[1];36:[1,4,6,7]","c14:bw=52,experts=[0,1,4,5,6]; c16:bw=44,experts=[1,4,5,6]; c42:bw=35,experts=[4,5,6]; c9:bw=31,experts=[1,4,6]; c28:bw=24,experts=[3,4]; c32:bw=45,experts=[1,4,5,6]; c24:bw=45,experts=[1,4,5,6]; c18:bw=35,experts=[4,5,6]; c20:bw=37,experts=[1,4,5]; c37:bw=32,experts=[1,4,6]; c4:bw=23,experts=[2,4]; c29:bw=69,experts=[0,1,2,4,5,6]; c11:bw=37,experts=[0,4,5]; c2:bw=34,experts=[4,5,6]; c19:bw=12,experts=[4]; c26:bw=40,experts=[1,4,5,6]; c39:bw=10,experts=[4]; c7:bw=36,experts=[1,4,6]; c41:bw=58,experts=[0,1,3,4,6]; c33:bw=50,experts=[0,1,4,5,6]; c25:bw=11,experts=[4]; c22:bw=63,experts=[0,1,2,4,5,6]; c35:bw=44,experts=[0,2,4,5]; c3:bw=38,experts=[1,4,6]; c0:bw=26,experts=[4,5]; c46:bw=46,experts=[4,5,6,7]; c23:bw=57,experts=[0,1,4,5,6]; c21:bw=54,experts=[0,1,4,5,6]; c10:bw=59,experts=[1,4,5,6,7]; c5:bw=63,experts=[0,1,2,4,5,6]; c31:bw=41,experts=[1,4,5,6]; c8:bw=54,experts=[1,2,4,5,6]; c15:bw=38,experts=[2,3,4]; c1:bw=41,experts=[3,4,5,6]; c30:bw=36,experts=[4,5,6]; c48:bw=44,experts=[1,4,5,6]; c49:bw=50,experts=[0,1,4,5,6]; c43:bw=51,experts=[0,1,4,5,6]; c12:bw=31,experts=[4,6,7]; c6:bw=57,experts=[0,2,4,5,6]; c45:bw=27,experts=[4,6]; c44:bw=46,experts=[1,4,5,6]; c13:bw=59,experts=[0,1,4,5,6]; c17:bw=31,experts=[1,4,6]; c34:bw=23,experts=[4,5]; c40:bw=59,experts=[0,1,4,5,6]; c27:bw=13,experts=[4]; c38:bw=75,experts=[0,1,2,4,5,6,7]; c47:bw=17,experts=[1]; c36:bw=45,experts=[1,4,6,7]","1.9117,2.2591,1.4764,1.5663,1.2974,1.8136,1.1901,1.4714,1.7849,1.3107,1.7476,1.8102,1.2354,1.0579,1.4530,1.7724,1.5404,1.0370,0.8418,1.6096,2.6519,1.9745,1.3544,1.5939,0.8338,1.2357,1.7629,2.0189,1.4511,2.1948,1.6606,1.2209,1.2377,1.4403,1.5432,1.0628,3.3796,1.2851,1.0732,1.7271,2.1917,1.1702,1.2200,1.2759,1.3311,1.5310,1.6267,1.0676,1.1220,1.2563"
79,2026-09-24 00:07:45,Ours,0.01,2.098693377821707,48.32,48.32,79,88.3444,1:28.34,76.5745,10.4248,1.3399,6888.8699,1:54:48.87,50,"17,32,25,27,6,46,44,40,8,18,4,22,33,20,42,28,7,29,31,15,26,0,30,3,10,41,19,39,11,38,5,14,2,24,34,45,13,35,16,21,1,23,37,36,49,47,43,9,48,12",17:58;32:56;25:29;27:52;6:21;46:25;44:62;40:10;8:44;18:12;4:80;22:33;33:35;20:39;42:27;28:37;7:46;29:43;31:42;15:54;26:41;0:36;30:52;3:26;10:34;41:45;19:26;39:63;11:32;38:27;5:53;14:62;2:33;24:58;34:51;45:59;13:43;35:40;16:59;21:46;1:37;23:46;37:48;36:10;49:22;47:55;43:32;9:10;48:35;12:10,"17:[0,1,4,5,6];32:[0,1,4,5,6];25:[4,6];27:[0,1,4,5,6];6:[4,6];46:[4,6];44:[0,1,4,5,6,7];40:[7];8:[0,1,4,6];18:[3];4:[0,1,2,3,4,5,6,7];22:[3,4,6];33:[2,4,6];20:[1,4,5];42:[4,5];28:[4,5,6];7:[0,1,4,6];29:[1,4,5,6];31:[1,2,4,5];15:[0,1,4,5,6];26:[0,2,4,6];0:[1,4,6];30:[1,2,4,5,6];3:[4,7];10:[0,2,4];41:[0,4,5,6];19:[0,4];39:[0,1,2,4,5,6];11:[4,5,6];38:[4,6];5:[1,3,4,5,6];14:[0,1,2,4,5,6];2:[3,4,5];24:[0,1,3,4,6];34:[0,1,2,4,6];45:[0,1,4,5,6];13:[0,1,4,6];35:[1,4,5,6];16:[0,1,4,5,6];21:[1,4,5,6];1:[1,4,5];23:[1,4,5,6];37:[1,2,4,6];36:[4];49:[4,6];47:[1,3,4,5,6];43:[1,4,6];9:[4];48:[0,4,6];12:[4]","c17:bw=58,experts=[0,1,4,5,6]; c32:bw=56,experts=[0,1,4,5,6]; c25:bw=29,experts=[4,6]; c27:bw=52,experts=[0,1,4,5,6]; c6:bw=21,experts=[4,6]; c46:bw=25,experts=[4,6]; c44:bw=62,experts=[0,1,4,5,6,7]; c40:bw=10,experts=[7]; c8:bw=44,experts=[0,1,4,6]; c18:bw=12,experts=[3]; c4:bw=80,experts=[0,1,2,3,4,5,6,7]; c22:bw=33,experts=[3,4,6]; c33:bw=35,experts=[2,4,6]; c20:bw=39,experts=[1,4,5]; c42:bw=27,experts=[4,5]; c28:bw=37,experts=[4,5,6]; c7:bw=46,experts=[0,1,4,6]; c29:bw=43,experts=[1,4,5,6]; c31:bw=42,experts=[1,2,4,5]; c15:bw=54,experts=[0,1,4,5,6]; c26:bw=41,experts=[0,2,4,6]; c0:bw=36,experts=[1,4,6]; c30:bw=52,experts=[1,2,4,5,6]; c3:bw=26,experts=[4,7]; c10:bw=34,experts=[0,2,4]; c41:bw=45,experts=[0,4,5,6]; c19:bw=26,experts=[0,4]; c39:bw=63,experts=[0,1,2,4,5,6]; c11:bw=32,experts=[4,5,6]; c38:bw=27,experts=[4,6]; c5:bw=53,experts=[1,3,4,5,6]; c14:bw=62,experts=[0,1,2,4,5,6]; c2:bw=33,experts=[3,4,5]; c24:bw=58,experts=[0,1,3,4,6]; c34:bw=51,experts=[0,1,2,4,6]; c45:bw=59,experts=[0,1,4,5,6]; c13:bw=43,experts=[0,1,4,6]; c35:bw=40,experts=[1,4,5,6]; c16:bw=59,experts=[0,1,4,5,6]; c21:bw=46,experts=[1,4,5,6]; c1:bw=37,experts=[1,4,5]; c23:bw=46,experts=[1,4,5,6]; c37:bw=48,experts=[1,2,4,6]; c36:bw=10,experts=[4]; c49:bw=22,experts=[4,6]; c47:bw=55,experts=[1,3,4,5,6]; c43:bw=32,experts=[1,4,6]; c9:bw=10,experts=[4]; c48:bw=35,experts=[0,4,6]; c12:bw=10,experts=[4]","1.3024,1.7864,2.7077,1.6788,1.7708,1.2569,1.1920,1.5290,1.2280,1.4819,1.7772,1.8843,1.5864,1.7390,1.4665,1.2954,1.0407,1.7868,1.6501,1.2506,1.7622,0.8366,1.5622,1.6012,1.4083,0.8101,1.4539,1.5499,1.2103,1.0637,2.1907,1.9125,1.0508,1.1874,1.3070,2.2137,1.2094,1.3453,2.2706,2.0203,1.4367,1.7369,1.2952,1.2191,3.3609,1.1626,1.3082,1.5530,1.0584,1.0660"
80,2026-09-24 00:09:13,Ours,0.01,2.1236801379117223,48.87,48.87,80,88.251,1:28.25,76.5888,10.3361,1.3209,6977.1616,1:56:17.16,50,"20,17,28,13,34,19,46,25,45,9,16,0,18,5,36,23,38,4,27,29,30,48,41,14,43,39,1,40,2,33,3,26,21,37,24,22,32,7,10,31,8,44,49,12,35,42,47,15,11,6",20:25;17:61;28:10;13:39;34:61;19:35;46:35;25:38;45:21;9:53;16:44;0:47;18:13;5:65;36:39;23:36;38:52;4:57;27:27;29:10;30:24;48:46;41:14;14:30;43:61;39:60;1:31;40:74;2:44;33:10;3:31;26:41;21:64;37:51;24:43;22:43;32:26;7:48;10:18;31:67;8:51;44:63;49:13;12:10;35:22;42:32;47:24;15:41;11:62;6:39,"20:[3,4];17:[0,1,3,4,5,6];28:[7];13:[3,4,6];34:[0,1,3,4,5,6];19:[1,3,4];46:[3,4,6];25:[2,4,5];45:[3,4];9:[1,3,4,6,7];16:[1,3,4,6];0:[3,4,5,6];18:[4];5:[0,1,4,5,6,7];36:[3,4,6];23:[4,6,7];38:[0,1,3,4,6];4:[0,1,4,5,6];27:[3,7];29:[3];30:[4,7];48:[0,1,4,6];41:[7];14:[3,4,5];43:[0,1,3,4,5,6];39:[0,1,2,4,5,6];1:[0,4,6];40:[0,1,2,3,4,5,6];2:[1,4,6,7];33:[7];3:[3,4,6];26:[0,3,4,6];21:[0,1,2,4,5,6];37:[1,3,4,5,6];24:[1,4,5,6];22:[4,5,6,7];32:[4,5];7:[1,3,4,6];10:[3];31:[0,1,3,4,5,6];8:[0,1,3,4,6];44:[0,1,2,4,5,6];49:[3];12:[4];35:[3,4];42:[3,4,6];47:[4,5];15:[1,4,6,7];11:[0,1,3,4,5,6];6:[3,4,5]","c20:bw=25,experts=[3,4]; c17:bw=61,experts=[0,1,3,4,5,6]; c28:bw=10,experts=[7]; c13:bw=39,experts=[3,4,6]; c34:bw=61,experts=[0,1,3,4,5,6]; c19:bw=35,experts=[1,3,4]; c46:bw=35,experts=[3,4,6]; c25:bw=38,experts=[2,4,5]; c45:bw=21,experts=[3,4]; c9:bw=53,experts=[1,3,4,6,7]; c16:bw=44,experts=[1,3,4,6]; c0:bw=47,experts=[3,4,5,6]; c18:bw=13,experts=[4]; c5:bw=65,experts=[0,1,4,5,6,7]; c36:bw=39,experts=[3,4,6]; c23:bw=36,experts=[4,6,7]; c38:bw=52,experts=[0,1,3,4,6]; c4:bw=57,experts=[0,1,4,5,6]; c27:bw=27,experts=[3,7]; c29:bw=10,experts=[3]; c30:bw=24,experts=[4,7]; c48:bw=46,experts=[0,1,4,6]; c41:bw=14,experts=[7]; c14:bw=30,experts=[3,4,5]; c43:bw=61,experts=[0,1,3,4,5,6]; c39:bw=60,experts=[0,1,2,4,5,6]; c1:bw=31,experts=[0,4,6]; c40:bw=74,experts=[0,1,2,3,4,5,6]; c2:bw=44,experts=[1,4,6,7]; c33:bw=10,experts=[7]; c3:bw=31,experts=[3,4,6]; c26:bw=41,experts=[0,3,4,6]; c21:bw=64,experts=[0,1,2,4,5,6]; c37:bw=51,experts=[1,3,4,5,6]; c24:bw=43,experts=[1,4,5,6]; c22:bw=43,experts=[4,5,6,7]; c32:bw=26,experts=[4,5]; c7:bw=48,experts=[1,3,4,6]; c10:bw=18,experts=[3]; c31:bw=67,experts=[0,1,3,4,5,6]; c8:bw=51,experts=[0,1,3,4,6]; c44:bw=63,experts=[0,1,2,4,5,6]; c49:bw=13,experts=[3]; c12:bw=10,experts=[4]; c35:bw=22,experts=[3,4]; c42:bw=32,experts=[3,4,6]; c47:bw=24,experts=[4,5]; c15:bw=41,experts=[1,4,6,7]; c11:bw=62,experts=[0,1,3,4,5,6]; c6:bw=39,experts=[3,4,5]","1.7580,1.2934,1.3020,1.2256,1.3179,1.4517,1.2286,2.6887,2.2066,1.5848,2.2652,0.8360,1.4679,2.2060,1.2677,1.7613,1.0654,1.7370,1.6777,1.7663,1.5690,1.0765,0.8281,1.9022,1.3700,1.5584,1.4579,1.5695,1.0715,1.5512,1.5955,1.7552,2.0001,1.2786,1.2316,1.8864,1.7358,1.0551,1.4012,1.6681,1.2369,1.1743,3.3737,1.0683,1.3295,1.4375,1.1164,1.2304,1.2249,1.7265"
81,2026-09-24 00:10:41,Ours,0.01,2.1055329884088914,48.97,48.97,81,88.1629,1:28.16,76.4208,10.4095,1.3274,7065.3665,1:57:45.37,50,"8,16,44,6,28,38,15,11,49,40,33,46,21,2,29,42,47,34,9,24,31,22,45,35,13,20,36,14,1,26,5,17,32,41,19,4,25,43,23,37,0,48,27,30,3,39,7,12,10,18",8:48;16:35;44:29;6:51;28:61;38:42;15:65;11:22;49:48;40:27;33:51;46:52;21:54;2:45;29:28;42:56;47:17;34:10;9:26;24:57;31:58;22:10;45:63;35:59;13:21;20:12;36:21;14:46;1:49;26:39;5:30;17:27;32:36;41:11;19:52;4:42;25:34;43:32;23:27;37:47;0:50;48:47;27:13;30:38;3:67;39:38;7:58;12:75;10:44;18:60,"8:[0,1,4,6];16:[2,4,6];44:[3,4];6:[1,4,5,6,7];28:[0,1,2,4,5,6];38:[0,1,4,6];15:[0,1,2,4,5,6];11:[4,7];49:[1,4,6,7];40:[4,6];33:[0,1,4,5,6];46:[0,1,4,5,6];21:[0,1,4,5,6];2:[0,1,4,6];29:[4,7];42:[0,1,4,6,7];47:[7];34:[7];9:[4,6];24:[0,1,4,5,6];31:[0,1,4,5,6];22:[4];45:[0,1,2,4,5,6];35:[1,4,5,6,7];13:[4,7];20:[0];36:[1,4];14:[1,4,5,6];1:[1,4,6,7];26:[4,6,7];5:[4,5,6];17:[4,6];32:[4,6,7];41:[2];19:[1,4,5,6,7];4:[0,1,4,6];25:[3,4,7];43:[1,4,7];23:[4,6];37:[4,5,6,7];0:[1,4,5,6,7];48:[1,2,4,6];27:[4];30:[4,5,6];3:[0,1,2,4,5,6];39:[4,6,7];7:[0,1,4,5,6];12:[0,1,2,3,4,5,6];10:[1,4,5,6];18:[0,1,4,5,6,7]","c8:bw=48,experts=[0,1,4,6]; c16:bw=35,experts=[2,4,6]; c44:bw=29,experts=[3,4]; c6:bw=51,experts=[1,4,5,6,7]; c28:bw=61,experts=[0,1,2,4,5,6]; c38:bw=42,experts=[0,1,4,6]; c15:bw=65,experts=[0,1,2,4,5,6]; c11:bw=22,experts=[4,7]; c49:bw=48,experts=[1,4,6,7]; c40:bw=27,experts=[4,6]; c33:bw=51,experts=[0,1,4,5,6]; c46:bw=52,experts=[0,1,4,5,6]; c21:bw=54,experts=[0,1,4,5,6]; c2:bw=45,experts=[0,1,4,6]; c29:bw=28,experts=[4,7]; c42:bw=56,experts=[0,1,4,6,7]; c47:bw=17,experts=[7]; c34:bw=10,experts=[7]; c9:bw=26,experts=[4,6]; c24:bw=57,experts=[0,1,4,5,6]; c31:bw=58,experts=[0,1,4,5,6]; c22:bw=10,experts=[4]; c45:bw=63,experts=[0,1,2,4,5,6]; c35:bw=59,experts=[1,4,5,6,7]; c13:bw=21,experts=[4,7]; c20:bw=12,experts=[0]; c36:bw=21,experts=[1,4]; c14:bw=46,experts=[1,4,5,6]; c1:bw=49,experts=[1,4,6,7]; c26:bw=39,experts=[4,6,7]; c5:bw=30,experts=[4,5,6]; c17:bw=27,experts=[4,6]; c32:bw=36,experts=[4,6,7]; c41:bw=11,experts=[2]; c19:bw=52,experts=[1,4,5,6,7]; c4:bw=42,experts=[0,1,4,6]; c25:bw=34,experts=[3,4,7]; c43:bw=32,experts=[1,4,7]; c23:bw=27,experts=[4,6]; c37:bw=47,experts=[4,5,6,7]; c0:bw=50,experts=[1,4,5,6,7]; c48:bw=47,experts=[1,2,4,6]; c27:bw=13,experts=[4]; c30:bw=38,experts=[4,5,6]; c3:bw=67,experts=[0,1,2,4,5,6]; c39:bw=38,experts=[4,6,7]; c7:bw=58,experts=[0,1,4,5,6]; c12:bw=75,experts=[0,1,2,3,4,5,6]; c10:bw=44,experts=[1,4,5,6]; c18:bw=60,experts=[0,1,4,5,6,7]","1.2177,2.2449,1.1527,1.7464,1.2967,1.0668,1.2559,1.2253,3.4407,1.5135,1.6014,1.2510,2.0467,1.0634,1.7649,1.4769,1.1257,1.3137,1.5674,1.1997,1.6788,1.8908,2.2222,1.3652,1.2107,1.7479,1.2543,1.8864,1.4483,1.7806,2.1916,1.2762,1.7656,0.8283,1.4729,1.7217,2.6540,1.2903,1.7307,1.2846,0.8221,1.0516,1.6248,1.5479,1.6012,1.5125,1.0459,1.0773,1.3965,1.4683"
82,2026-09-24 00:12:10,Ours,0.01,2.0727971985424842,48.94,48.97,81,88.556,1:28.56,76.9776,10.2498,1.3232,7153.9633,1:59:13.96,50,"8,2,35,31,4,33,23,29,14,30,6,39,0,47,32,13,19,9,12,7,21,27,46,20,44,41,16,1,26,28,37,42,45,48,49,38,22,18,17,24,36,10,11,25,34,3,15,40,5,43",8:58;2:30;35:20;31:37;4:30;33:23;23:14;29:39;14:54;30:34;6:36;39:43;0:30;47:58;32:58;13:35;19:21;9:56;12:63;7:40;21:44;27:32;46:44;20:11;44:35;41:10;16:32;1:64;26:35;28:46;37:22;42:45;45:41;48:21;49:67;38:38;22:51;18:45;17:44;24:53;36:60;10:18;11:47;25:33;34:38;3:39;15:16;40:42;5:40;43:21,"8:[1,4,5,6,7];2:[4,5,6];35:[4,6];31:[1,4,6];4:[1,4,6];33:[4,6];23:[4];29:[1,4,6];14:[0,1,4,5,6];30:[1,4,6];6:[4,5,6];39:[1,4,5,6];0:[1,4,6];47:[1,2,4,5,6];32:[0,1,4,5,6];13:[1,4,6];19:[4,6];9:[0,1,4,5,6];12:[0,1,2,4,5,6];7:[2,4,5,6];21:[4,5,6,7];27:[4,5,6];46:[1,4,5,6];20:[2];44:[1,4,5];41:[4];16:[0,4,6];1:[0,1,2,4,5,6];26:[0,4,6];28:[1,4,5,6];37:[4,6];42:[0,1,4,6];45:[1,4,5,6];48:[3,4];49:[0,1,2,4,5,6];38:[1,4,6];22:[0,1,4,5,6];18:[1,4,5,6];17:[1,2,4,6];24:[0,1,4,5,6];36:[0,1,2,4,5,6];10:[4];11:[1,4,5,6];25:[0,1,4];34:[4,5,6];3:[4,5,6];15:[4];40:[1,4,5,6];5:[1,4,5,6];43:[1,4]","c8:bw=58,experts=[1,4,5,6,7]; c2:bw=30,experts=[4,5,6]; c35:bw=20,experts=[4,6]; c31:bw=37,experts=[1,4,6]; c4:bw=30,experts=[1,4,6]; c33:bw=23,experts=[4,6]; c23:bw=14,experts=[4]; c29:bw=39,experts=[1,4,6]; c14:bw=54,experts=[0,1,4,5,6]; c30:bw=34,experts=[1,4,6]; c6:bw=36,experts=[4,5,6]; c39:bw=43,experts=[1,4,5,6]; c0:bw=30,experts=[1,4,6]; c47:bw=58,experts=[1,2,4,5,6]; c32:bw=58,experts=[0,1,4,5,6]; c13:bw=35,experts=[1,4,6]; c19:bw=21,experts=[4,6]; c9:bw=56,experts=[0,1,4,5,6]; c12:bw=63,experts=[0,1,2,4,5,6]; c7:bw=40,experts=[2,4,5,6]; c21:bw=44,experts=[4,5,6,7]; c27:bw=32,experts=[4,5,6]; c46:bw=44,experts=[1,4,5,6]; c20:bw=11,experts=[2]; c44:bw=35,experts=[1,4,5]; c41:bw=10,experts=[4]; c16:bw=32,experts=[0,4,6]; c1:bw=64,experts=[0,1,2,4,5,6]; c26:bw=35,experts=[0,4,6]; c28:bw=46,experts=[1,4,5,6]; c37:bw=22,experts=[4,6]; c42:bw=45,experts=[0,1,4,6]; c45:bw=41,experts=[1,4,5,6]; c48:bw=21,experts=[3,4]; c49:bw=67,experts=[0,1,2,4,5,6]; c38:bw=38,experts=[1,4,6]; c22:bw=51,experts=[0,1,4,5,6]; c18:bw=45,experts=[1,4,5,6]; c17:bw=44,experts=[1,2,4,6]; c24:bw=53,experts=[0,1,4,5,6]; c36:bw=60,experts=[0,1,2,4,5,6]; c10:bw=18,experts=[4]; c11:bw=47,experts=[1,4,5,6]; c25:bw=33,experts=[0,1,4]; c34:bw=38,experts=[4,5,6]; c3:bw=39,experts=[4,5,6]; c15:bw=16,experts=[4]; c40:bw=42,experts=[1,4,5,6]; c5:bw=40,experts=[1,4,5,6]; c43:bw=21,experts=[1,4]","1.2239,1.0332,1.3685,1.6678,1.7165,1.5930,1.7495,1.7779,1.8905,1.5468,1.7394,1.5677,0.8448,1.1416,1.7830,1.2329,1.4919,1.5938,1.1104,1.0761,2.0523,1.6755,1.2476,1.7442,1.1629,0.8367,2.2468,1.4618,1.7521,1.2909,1.2803,1.4700,2.1942,1.1041,3.4088,1.1547,1.8815,1.4619,1.4311,1.1902,1.2495,1.4217,1.2746,2.6501,1.3304,1.5981,1.2393,1.5219,2.1975,1.2973"
83,2026-09-24 00:13:38,Ours,0.01,2.0671070454429,49.39,49.39,83,88.2439,1:28.24,76.7557,10.1584,1.3244,7242.2501,2:00:42.25,50,"38,5,34,15,31,13,11,17,4,14,29,24,25,30,10,45,43,48,19,33,16,6,0,18,40,22,44,47,8,3,49,32,12,2,28,37,21,26,7,1,39,23,20,42,41,46,27,36,35,9",38:27;5:10;34:18;15:39;31:52;13:46;11:27;17:31;4:10;14:39;29:46;24:43;25:48;30:35;10:37;45:35;43:17;48:49;19:67;33:21;16:49;6:53;0:10;18:21;40:22;22:70;44:45;47:43;8:39;3:42;49:24;32:41;12:44;2:41;28:10;37:22;21:53;26:17;7:37;1:63;39:20;23:34;20:50;42:20;41:49;46:19;27:58;36:47;35:20;9:51,"38:[4,6];5:[4];34:[4];15:[4,5,6];31:[0,1,4,5,6];13:[0,1,4,6];11:[4,6];17:[4,5,6];4:[4];14:[1,4,6];29:[1,4,5,6];24:[4,5,6,7];25:[1,4,5,6];30:[4,5,6];10:[1,4,6];45:[1,4,6];43:[2];48:[4,5,6,7];19:[0,1,2,4,5,6];33:[4,5];16:[0,1,4,6];6:[0,1,4,5,6];0:[4];18:[2,4];40:[4,6];22:[0,1,2,4,5,6,7];44:[0,1,4,6];47:[1,4,5,6];8:[4,5,6];3:[1,4,5,6];49:[4,6];32:[1,4,5,6];12:[1,4,5,6];2:[1,4,5,6];28:[4];37:[4,6];21:[0,1,4,5,6];26:[4];7:[1,4,6];1:[0,1,2,4,5,6];39:[3,4];23:[3,4,6];20:[0,1,4,5,6];42:[4,5];41:[0,4,5,6];46:[4];27:[1,2,4,5,6];36:[1,4,5,6];35:[4,6];9:[1,2,4,5,6]","c38:bw=27,experts=[4,6]; c5:bw=10,experts=[4]; c34:bw=18,experts=[4]; c15:bw=39,experts=[4,5,6]; c31:bw=52,experts=[0,1,4,5,6]; c13:bw=46,experts=[0,1,4,6]; c11:bw=27,experts=[4,6]; c17:bw=31,experts=[4,5,6]; c4:bw=10,experts=[4]; c14:bw=39,experts=[1,4,6]; c29:bw=46,experts=[1,4,5,6]; c24:bw=43,experts=[4,5,6,7]; c25:bw=48,experts=[1,4,5,6]; c30:bw=35,experts=[4,5,6]; c10:bw=37,experts=[1,4,6]; c45:bw=35,experts=[1,4,6]; c43:bw=17,experts=[2]; c48:bw=49,experts=[4,5,6,7]; c19:bw=67,experts=[0,1,2,4,5,6]; c33:bw=21,experts=[4,5]; c16:bw=49,experts=[0,1,4,6]; c6:bw=53,experts=[0,1,4,5,6]; c0:bw=10,experts=[4]; c18:bw=21,experts=[2,4]; c40:bw=22,experts=[4,6]; c22:bw=70,experts=[0,1,2,4,5,6,7]; c44:bw=45,experts=[0,1,4,6]; c47:bw=43,experts=[1,4,5,6]; c8:bw=39,experts=[4,5,6]; c3:bw=42,experts=[1,4,5,6]; c49:bw=24,experts=[4,6]; c32:bw=41,experts=[1,4,5,6]; c12:bw=44,experts=[1,4,5,6]; c2:bw=41,experts=[1,4,5,6]; c28:bw=10,experts=[4]; c37:bw=22,experts=[4,6]; c21:bw=53,experts=[0,1,4,5,6]; c26:bw=17,experts=[4]; c7:bw=37,experts=[1,4,6]; c1:bw=63,experts=[0,1,2,4,5,6]; c39:bw=20,experts=[3,4]; c23:bw=34,experts=[3,4,6]; c20:bw=50,experts=[0,1,4,5,6]; c42:bw=20,experts=[4,5]; c41:bw=49,experts=[0,4,5,6]; c46:bw=19,experts=[4]; c27:bw=58,experts=[1,2,4,5,6]; c36:bw=47,experts=[1,4,5,6]; c35:bw=20,experts=[4,6]; c9:bw=51,experts=[1,2,4,5,6]","1.0910,2.1856,1.2938,1.3386,1.7135,1.2360,1.2372,1.3007,1.7277,1.9015,1.8023,1.2014,2.7011,1.5877,1.4420,2.2253,1.2882,1.0787,1.4791,1.5557,2.2471,1.7511,0.8109,1.4664,1.5239,1.9798,1.1744,1.1254,1.2225,1.6265,3.3721,1.7684,1.0891,1.0616,1.2808,1.2827,2.0065,1.7349,1.0293,1.4361,1.5556,1.7278,1.7676,1.4506,0.8186,1.2205,1.6462,1.2508,1.3577,1.5836"
84,2026-09-24 00:15:06,Ours,0.01,2.060605907737299,49.78,49.78,84,87.8172,1:27.82,76.2067,10.2814,1.324,7330.1099,2:02:10.11,50,"37,32,15,17,42,30,39,5,23,31,8,38,47,26,27,1,24,45,35,13,34,7,29,46,14,6,12,36,18,49,11,2,20,48,41,3,28,33,21,16,0,4,43,40,10,9,22,19,44,25",37:28;32:36;15:75;17:43;42:12;30:38;39:54;5:20;23:58;31:33;8:67;38:10;47:36;26:38;27:21;1:58;24:37;45:21;35:54;13:30;34:31;7:47;29:12;46:57;14:45;6:10;12:45;36:25;18:55;49:58;11:50;2:36;20:64;48:63;41:46;3:32;28:30;33:49;21:10;16:47;0:10;4:27;43:28;40:55;10:10;9:20;22:67;19:22;44:49;25:17,"37:[4,6];32:[1,4,6];15:[0,1,2,4,5,6,7];17:[1,4,6,7];42:[2];30:[0,3,4];39:[0,1,4,5,6];5:[4,6];23:[1,2,4,5,6];31:[4,5,6];8:[0,1,2,4,5,6];38:[4];47:[0,4,6];26:[0,4,6];27:[4,5];1:[0,1,4,5,6];24:[2,4,5];45:[4,5];35:[0,1,4,5,6];13:[4,5,6];34:[4,5,6];7:[4,5,6,7];29:[4];46:[0,1,4,5,6];14:[1,4,5,6];6:[4];12:[1,4,5,6];36:[4,6];18:[0,1,4,5,6];49:[0,1,4,5,6];11:[0,2,4,5,6];2:[1,4,5];20:[0,1,4,5,6,7];48:[0,1,2,4,5,6];41:[0,4,5,6];3:[1,4,6];28:[4,5,6];33:[0,4,5,6];21:[4];16:[0,4,6,7];0:[4];4:[4,5];43:[4,6];40:[0,1,4,5,6];10:[4];9:[4,5];22:[0,1,2,4,5,6];19:[4,5];44:[1,4,5,6];25:[4]","c37:bw=28,experts=[4,6]; c32:bw=36,experts=[1,4,6]; c15:bw=75,experts=[0,1,2,4,5,6,7]; c17:bw=43,experts=[1,4,6,7]; c42:bw=12,experts=[2]; c30:bw=38,experts=[0,3,4]; c39:bw=54,experts=[0,1,4,5,6]; c5:bw=20,experts=[4,6]; c23:bw=58,experts=[1,2,4,5,6]; c31:bw=33,experts=[4,5,6]; c8:bw=67,experts=[0,1,2,4,5,6]; c38:bw=10,experts=[4]; c47:bw=36,experts=[0,4,6]; c26:bw=38,experts=[0,4,6]; c27:bw=21,experts=[4,5]; c1:bw=58,experts=[0,1,4,5,6]; c24:bw=37,experts=[2,4,5]; c45:bw=21,experts=[4,5]; c35:bw=54,experts=[0,1,4,5,6]; c13:bw=30,experts=[4,5,6]; c34:bw=31,experts=[4,5,6]; c7:bw=47,experts=[4,5,6,7]; c29:bw=12,experts=[4]; c46:bw=57,experts=[0,1,4,5,6]; c14:bw=45,experts=[1,4,5,6]; c6:bw=10,experts=[4]; c12:bw=45,experts=[1,4,5,6]; c36:bw=25,experts=[4,6]; c18:bw=55,experts=[0,1,4,5,6]; c49:bw=58,experts=[0,1,4,5,6]; c11:bw=50,experts=[0,2,4,5,6]; c2:bw=36,experts=[1,4,5]; c20:bw=64,experts=[0,1,4,5,6,7]; c48:bw=63,experts=[0,1,2,4,5,6]; c41:bw=46,experts=[0,4,5,6]; c3:bw=32,experts=[1,4,6]; c28:bw=30,experts=[4,5,6]; c33:bw=49,experts=[0,4,5,6]; c21:bw=10,experts=[4]; c16:bw=47,experts=[0,4,6,7]; c0:bw=10,experts=[4]; c4:bw=27,experts=[4,5]; c43:bw=28,experts=[4,6]; c40:bw=55,experts=[0,1,4,5,6]; c10:bw=10,experts=[4]; c9:bw=20,experts=[4,5]; c22:bw=67,experts=[0,1,2,4,5,6]; c19:bw=22,experts=[4,5]; c44:bw=49,experts=[1,4,5,6]; c25:bw=17,experts=[4]","1.2871,1.7727,1.2691,1.2964,1.4768,1.5592,1.5424,2.1760,1.7561,1.6685,1.2292,1.0801,1.1345,1.7663,1.6219,1.4399,1.1794,2.1886,1.3638,1.1978,1.3032,1.0223,1.7277,1.2346,1.8975,1.7289,1.0759,1.2413,1.4787,3.4110,1.2318,1.0419,1.7550,1.0839,0.8269,1.5840,1.2837,1.6057,2.0026,2.2402,0.8213,1.7315,1.2582,1.5311,1.4347,1.5526,1.8829,1.4354,1.1528,2.6238"
85,2026-09-24 00:16:34,Ours,0.01,2.061600460633418,50.11,50.11,85,87.9064,1:27.91,76.408,10.1823,1.3111,7418.0598,2:03:38.06,50,"13,47,10,25,12,1,19,42,38,40,15,17,18,16,11,37,14,48,44,31,6,7,9,32,5,21,27,24,8,20,29,30,4,49,22,41,46,3,43,45,28,33,35,39,26,23,2,0,36,34",13:35;47:26;10:44;25:19;12:47;1:57;19:54;42:10;38:13;40:53;15:70;17:49;18:51;16:19;11:10;37:58;14:44;48:12;44:32;31:10;6:42;7:11;9:58;32:10;5:12;21:64;27:53;24:18;8:70;20:30;29:35;30:42;4:42;49:37;22:27;41:28;46:22;3:51;43:10;45:33;28:47;33:60;35:22;39:23;26:36;23:57;2:45;0:38;36:54;34:14,"13:[2,4,5];47:[4,6];10:[1,4,5,6];25:[4];12:[1,4,5,6];1:[0,1,4,5,6];19:[0,1,4,5,6];42:[4];38:[4];40:[0,1,4,5,6];15:[0,1,2,4,5,6,7];17:[1,4,5,6];18:[0,1,4,5,6];16:[4];11:[4];37:[0,1,4,5,6];14:[1,4,6,7];48:[4];44:[1,4,6];31:[7];6:[1,4,5,6];7:[4];9:[0,1,4,5,6];32:[2];5:[4];21:[0,1,3,4,5,6];27:[0,1,4,5,6];24:[4];8:[0,1,2,4,5,6,7];20:[1,4,5];29:[4,5,6];30:[1,4,5,6];4:[1,4,5,6];49:[1,4,6];22:[4,6];41:[4,5];46:[2,4];3:[0,1,4,5,6];43:[4];45:[4,5,7];28:[1,4,5,6];33:[0,1,3,4,5,6];35:[4,5];39:[4,6];26:[4,5,6];23:[0,1,4,5,6];2:[2,4,5,6];0:[0,2,4];36:[0,1,4,5,6];34:[4]","c13:bw=35,experts=[2,4,5]; c47:bw=26,experts=[4,6]; c10:bw=44,experts=[1,4,5,6]; c25:bw=19,experts=[4]; c12:bw=47,experts=[1,4,5,6]; c1:bw=57,experts=[0,1,4,5,6]; c19:bw=54,experts=[0,1,4,5,6]; c42:bw=10,experts=[4]; c38:bw=13,experts=[4]; c40:bw=53,experts=[0,1,4,5,6]; c15:bw=70,experts=[0,1,2,4,5,6,7]; c17:bw=49,experts=[1,4,5,6]; c18:bw=51,experts=[0,1,4,5,6]; c16:bw=19,experts=[4]; c11:bw=10,experts=[4]; c37:bw=58,experts=[0,1,4,5,6]; c14:bw=44,experts=[1,4,6,7]; c48:bw=12,experts=[4]; c44:bw=32,experts=[1,4,6]; c31:bw=10,experts=[7]; c6:bw=42,experts=[1,4,5,6]; c7:bw=11,experts=[4]; c9:bw=58,experts=[0,1,4,5,6]; c32:bw=10,experts=[2]; c5:bw=12,experts=[4]; c21:bw=64,experts=[0,1,3,4,5,6]; c27:bw=53,experts=[0,1,4,5,6]; c24:bw=18,experts=[4]; c8:bw=70,experts=[0,1,2,4,5,6,7]; c20:bw=30,experts=[1,4,5]; c29:bw=35,experts=[4,5,6]; c30:bw=42,experts=[1,4,5,6]; c4:bw=42,experts=[1,4,5,6]; c49:bw=37,experts=[1,4,6]; c22:bw=27,experts=[4,6]; c41:bw=28,experts=[4,5]; c46:bw=22,experts=[2,4]; c3:bw=51,experts=[0,1,4,5,6]; c43:bw=10,experts=[4]; c45:bw=33,experts=[4,5,7]; c28:bw=47,experts=[1,4,5,6]; c33:bw=60,experts=[0,1,3,4,5,6]; c35:bw=22,experts=[4,5]; c39:bw=23,experts=[4,6]; c26:bw=36,experts=[4,5,6]; c23:bw=57,experts=[0,1,4,5,6]; c2:bw=45,experts=[2,4,5,6]; c0:bw=38,experts=[0,2,4]; c36:bw=54,experts=[0,1,4,5,6]; c34:bw=14,experts=[4]","1.2360,1.1205,1.4576,2.6592,1.0880,1.4812,1.4813,1.4629,1.0652,1.5427,1.2591,1.2802,1.4831,2.3171,1.2165,1.2802,1.9216,1.0626,1.1623,1.6548,1.7469,1.0334,1.5925,1.7741,2.1731,2.0074,1.6631,1.1715,1.2251,1.7551,1.7482,1.5383,1.7305,3.3561,1.8679,0.8217,1.2226,1.5927,1.2865,2.2085,1.2971,1.5850,1.3608,1.5367,1.7304,1.7391,1.0519,0.8198,1.2425,1.2976"
86,2026-09-24 00:18:02,Ours,0.01,2.0515516349114127,49.97,50.11,85,88.205,1:28.20,76.5326,10.3434,1.3237,7506.3074,2:05:06.31,50,"17,2,25,37,29,12,11,45,18,22,6,46,1,39,23,34,28,48,0,27,5,4,40,14,19,44,3,32,49,42,36,10,16,8,33,31,9,30,43,7,41,20,21,15,38,35,13,26,47,24",17:40;2:24;25:36;37:10;29:18;12:28;11:38;45:45;18:52;22:44;6:55;46:39;1:72;39:34;23:47;34:10;28:42;48:48;0:30;27:44;5:47;4:18;40:39;14:45;19:18;44:20;3:28;32:53;49:28;42:19;36:54;10:47;16:50;8:28;33:24;31:51;9:43;30:40;43:43;7:44;41:10;20:27;21:34;15:55;38:74;35:24;13:55;26:66;47:62;24:24,"17:[1,4,5,6];2:[4,6];25:[4,5,6];37:[4];29:[0];12:[4,7];11:[4,5,6];45:[0,1,4,6];18:[0,1,4,5,6];22:[1,4,5,6];6:[1,2,4,5,6];46:[4,6,7];1:[0,1,2,3,4,5,6];39:[4,5,6];23:[0,1,4,6];34:[4];28:[0,3,4,6];48:[0,1,4,6];0:[4,5,6];27:[1,4,5,6];5:[1,2,4,6];4:[4];40:[4,5,6];14:[1,4,5,6];19:[4];44:[4,6];3:[4,6];32:[1,3,4,5,6];49:[4,6];42:[4];36:[0,1,4,6,7];10:[1,4,6,7];16:[0,1,4,5,6];8:[4,6];33:[4,6];31:[0,1,4,5,6];9:[1,4,5,6];30:[1,4,5,6];43:[1,4,5,6];7:[1,4,5,6];41:[1];20:[4,6];21:[1,4,6];15:[1,3,4,5,6];38:[0,1,2,4,5,6,7];35:[2,4];13:[0,1,4,5,6];26:[0,1,2,4,5,6];47:[0,1,2,4,5,6];24:[4,5]","c17:bw=40,experts=[1,4,5,6]; c2:bw=24,experts=[4,6]; c25:bw=36,experts=[4,5,6]; c37:bw=10,experts=[4]; c29:bw=18,experts=[0]; c12:bw=28,experts=[4,7]; c11:bw=38,experts=[4,5,6]; c45:bw=45,experts=[0,1,4,6]; c18:bw=52,experts=[0,1,4,5,6]; c22:bw=44,experts=[1,4,5,6]; c6:bw=55,experts=[1,2,4,5,6]; c46:bw=39,experts=[4,6,7]; c1:bw=72,experts=[0,1,2,3,4,5,6]; c39:bw=34,experts=[4,5,6]; c23:bw=47,experts=[0,1,4,6]; c34:bw=10,experts=[4]; c28:bw=42,experts=[0,3,4,6]; c48:bw=48,experts=[0,1,4,6]; c0:bw=30,experts=[4,5,6]; c27:bw=44,experts=[1,4,5,6]; c5:bw=47,experts=[1,2,4,6]; c4:bw=18,experts=[4]; c40:bw=39,experts=[4,5,6]; c14:bw=45,experts=[1,4,5,6]; c19:bw=18,experts=[4]; c44:bw=20,experts=[4,6]; c3:bw=28,experts=[4,6]; c32:bw=53,experts=[1,3,4,5,6]; c49:bw=28,experts=[4,6]; c42:bw=19,experts=[4]; c36:bw=54,experts=[0,1,4,6,7]; c10:bw=47,experts=[1,4,6,7]; c16:bw=50,experts=[0,1,4,5,6]; c8:bw=28,experts=[4,6]; c33:bw=24,experts=[4,6]; c31:bw=51,experts=[0,1,4,5,6]; c9:bw=43,experts=[1,4,5,6]; c30:bw=40,experts=[1,4,5,6]; c43:bw=43,experts=[1,4,5,6]; c7:bw=44,experts=[1,4,5,6]; c41:bw=10,experts=[1]; c20:bw=27,experts=[4,6]; c21:bw=34,experts=[1,4,6]; c15:bw=55,experts=[1,3,4,5,6]; c38:bw=74,experts=[0,1,2,4,5,6,7]; c35:bw=24,experts=[2,4]; c13:bw=55,experts=[0,1,4,5,6]; c26:bw=66,experts=[0,1,2,4,5,6]; c47:bw=62,experts=[0,1,2,4,5,6]; c24:bw=24,experts=[4,5]","1.2764,1.0553,2.6538,1.2830,1.7686,1.0814,1.2274,2.2187,1.4835,1.8842,1.7553,1.2551,1.4737,1.5514,1.7561,1.3226,1.3057,1.0770,0.8321,1.6943,2.2073,1.7230,1.5377,1.9097,1.4556,1.1845,1.5922,1.7728,3.4005,1.4702,1.2586,1.4265,2.2394,1.2104,1.5790,1.6407,1.5638,1.5561,1.2985,1.0667,0.8249,1.7455,1.9945,1.2290,1.0977,1.3417,1.2269,1.7604,1.1127,1.1504"
87,2026-09-24 00:19:31,Ours,0.01,2.047277337777149,50.07,50.11,85,88.5061,1:28.51,76.6716,10.5169,1.3121,7594.8569,2:06:34.86,50,"35,39,46,27,6,20,9,26,34,29,45,15,4,24,23,47,21,43,30,1,22,38,13,7,36,42,10,18,37,17,3,32,49,31,14,25,41,48,0,11,16,2,19,44,5,12,8,28,40,33",35:30;39:41;46:39;27:62;6:60;20:54;9:37;26:47;34:30;29:24;45:53;15:63;4:34;24:30;23:30;47:59;21:36;43:43;30:33;1:29;22:21;38:53;13:45;7:22;36:69;42:56;10:49;18:45;37:32;17:25;3:68;32:10;49:38;31:18;14:36;25:67;41:21;48:47;0:35;11:18;16:45;2:67;19:33;44:42;5:10;12:45;8:46;28:31;40:42;33:64,"35:[4,5,6];39:[0,4,5,6];46:[1,4,6];27:[0,1,2,4,5,6];6:[0,1,2,4,5,6];20:[0,1,4,5,6];9:[1,4,6];26:[1,4,5,6];34:[2,4,6];29:[2,4];45:[0,1,4,5,6];15:[0,1,2,4,5,6];4:[2,3,7];24:[3,4,5];23:[4,5,6];47:[0,3,4,5,6];21:[1,4,6];43:[0,1,4,6];30:[2,4,6];1:[4,5];22:[3,4];38:[0,1,2,4,6];13:[0,1,4,6];7:[4,5];36:[0,1,2,4,5,6];42:[0,1,4,5,6];10:[0,2,4,6];18:[3,4,5,6];37:[2,4,6];17:[4,6];3:[0,1,4,5,6,7];32:[4];49:[4,5,6];31:[2];14:[2,4,6];25:[0,1,2,4,5,6];41:[3,4];48:[0,1,4,6];0:[4,5,6];11:[4];16:[1,4,5,6];2:[0,1,3,4,5,6];19:[1,4,6];44:[1,4,6,7];5:[3];12:[1,4,5,6];8:[1,4,5,6];28:[0,4,6];40:[4,5,6,7];33:[0,1,2,4,5,6]","c35:bw=30,experts=[4,5,6]; c39:bw=41,experts=[0,4,5,6]; c46:bw=39,experts=[1,4,6]; c27:bw=62,experts=[0,1,2,4,5,6]; c6:bw=60,experts=[0,1,2,4,5,6]; c20:bw=54,experts=[0,1,4,5,6]; c9:bw=37,experts=[1,4,6]; c26:bw=47,experts=[1,4,5,6]; c34:bw=30,experts=[2,4,6]; c29:bw=24,experts=[2,4]; c45:bw=53,experts=[0,1,4,5,6]; c15:bw=63,experts=[0,1,2,4,5,6]; c4:bw=34,experts=[2,3,7]; c24:bw=30,experts=[3,4,5]; c23:bw=30,experts=[4,5,6]; c47:bw=59,experts=[0,3,4,5,6]; c21:bw=36,experts=[1,4,6]; c43:bw=43,experts=[0,1,4,6]; c30:bw=33,experts=[2,4,6]; c1:bw=29,experts=[4,5]; c22:bw=21,experts=[3,4]; c38:bw=53,experts=[0,1,2,4,6]; c13:bw=45,experts=[0,1,4,6]; c7:bw=22,experts=[4,5]; c36:bw=69,experts=[0,1,2,4,5,6]; c42:bw=56,experts=[0,1,4,5,6]; c10:bw=49,experts=[0,2,4,6]; c18:bw=45,experts=[3,4,5,6]; c37:bw=32,experts=[2,4,6]; c17:bw=25,experts=[4,6]; c3:bw=68,experts=[0,1,4,5,6,7]; c32:bw=10,experts=[4]; c49:bw=38,experts=[4,5,6]; c31:bw=18,experts=[2]; c14:bw=36,experts=[2,4,6]; c25:bw=67,experts=[0,1,2,4,5,6]; c41:bw=21,experts=[3,4]; c48:bw=47,experts=[0,1,4,6]; c0:bw=35,experts=[4,5,6]; c11:bw=18,experts=[4]; c16:bw=45,experts=[1,4,5,6]; c2:bw=67,experts=[0,1,3,4,5,6]; c19:bw=33,experts=[1,4,6]; c44:bw=42,experts=[1,4,6,7]; c5:bw=10,experts=[3]; c12:bw=45,experts=[1,4,5,6]; c8:bw=46,experts=[1,4,5,6]; c28:bw=31,experts=[0,4,6]; c40:bw=42,experts=[4,5,6,7]; c33:bw=64,experts=[0,1,2,4,5,6]","1.3736,1.5630,1.2602,1.6567,1.7545,1.7557,1.5871,1.7651,1.3267,1.7702,2.2329,1.2533,1.7288,1.1790,1.7646,1.1490,2.0323,1.3060,1.5854,1.4530,1.8933,1.0829,1.2251,1.0384,1.2551,1.4899,1.4305,1.4797,1.2701,1.2714,1.6072,1.7488,3.4067,1.6619,1.9072,2.6654,0.8309,1.0728,0.8313,1.2023,2.2452,1.0483,1.4500,1.2297,2.1612,1.0679,1.2240,1.2774,1.5205,1.5792"
88,2026-09-24 00:21:00,Ours,0.01,2.0671654630044007,50.26,50.26,88,88.7221,1:28.72,77.0041,10.3493,1.3632,7683.6236,2:08:03.62,50,"23,32,12,49,31,25,44,45,38,14,33,41,40,8,42,34,26,47,37,48,29,5,28,46,4,10,20,11,16,0,27,39,35,17,18,15,2,13,6,7,36,21,1,22,43,3,30,19,24,9",23:52;32:50;12:61;49:10;31:35;25:26;44:71;45:41;38:59;14:10;33:35;41:41;40:21;8:43;42:33;34:48;26:69;47:29;37:19;48:57;29:16;5:30;28:24;46:43;4:38;10:71;20:41;11:10;16:30;0:62;27:40;39:20;35:14;17:30;18:22;15:60;2:46;13:34;6:27;7:41;36:51;21:42;1:28;22:57;43:35;3:33;30:54;19:23;24:36;9:31,"23:[1,4,5,6,7];32:[0,1,4,5,6];12:[0,1,2,4,5,6];49:[3];31:[3,4,5];25:[4,6];44:[0,1,2,3,4,5,6];45:[3,4,5,6];38:[1,3,4,5,6];14:[3];33:[4,6,7];41:[0,4,6,7];40:[2,3];8:[1,3,4,6];42:[3,4,5];34:[0,1,3,4];26:[0,1,3,4,5,6];47:[4,6];37:[3];48:[0,1,4,5,6];29:[3];5:[0,4,7];28:[4,7];46:[3,4,5,6];4:[4,5,6];10:[0,1,2,3,4,5,6];20:[3,4,5,6];11:[3];16:[3,4,6];0:[0,1,3,4,5,6];27:[3,4,5,7];39:[2,4];35:[3];17:[0,3,4];18:[4,6];15:[0,1,2,4,5,6];2:[4,5,6,7];13:[3,4,5];6:[3,4];7:[3,4,5,6];36:[1,3,4,5,6];21:[2,4,5,6];1:[4,6];22:[0,1,4,5,6];43:[3,4,5];3:[3,4,5];30:[0,1,4,6,7];19:[3,4];24:[4,5,6];9:[3,4,7]","c23:bw=52,experts=[1,4,5,6,7]; c32:bw=50,experts=[0,1,4,5,6]; c12:bw=61,experts=[0,1,2,4,5,6]; c49:bw=10,experts=[3]; c31:bw=35,experts=[3,4,5]; c25:bw=26,experts=[4,6]; c44:bw=71,experts=[0,1,2,3,4,5,6]; c45:bw=41,experts=[3,4,5,6]; c38:bw=59,experts=[1,3,4,5,6]; c14:bw=10,experts=[3]; c33:bw=35,experts=[4,6,7]; c41:bw=41,experts=[0,4,6,7]; c40:bw=21,experts=[2,3]; c8:bw=43,experts=[1,3,4,6]; c42:bw=33,experts=[3,4,5]; c34:bw=48,experts=[0,1,3,4]; c26:bw=69,experts=[0,1,3,4,5,6]; c47:bw=29,experts=[4,6]; c37:bw=19,experts=[3]; c48:bw=57,experts=[0,1,4,5,6]; c29:bw=16,experts=[3]; c5:bw=30,experts=[0,4,7]; c28:bw=24,experts=[4,7]; c46:bw=43,experts=[3,4,5,6]; c4:bw=38,experts=[4,5,6]; c10:bw=71,experts=[0,1,2,3,4,5,6]; c20:bw=41,experts=[3,4,5,6]; c11:bw=10,experts=[3]; c16:bw=30,experts=[3,4,6]; c0:bw=62,experts=[0,1,3,4,5,6]; c27:bw=40,experts=[3,4,5,7]; c39:bw=20,experts=[2,4]; c35:bw=14,experts=[3]; c17:bw=30,experts=[0,3,4]; c18:bw=22,experts=[4,6]; c15:bw=60,experts=[0,1,2,4,5,6]; c2:bw=46,experts=[4,5,6,7]; c13:bw=34,experts=[3,4,5]; c6:bw=27,experts=[3,4]; c7:bw=41,experts=[3,4,5,6]; c36:bw=51,experts=[1,3,4,5,6]; c21:bw=42,experts=[2,4,5,6]; c1:bw=28,experts=[4,6]; c22:bw=57,experts=[0,1,4,5,6]; c43:bw=35,experts=[3,4,5]; c3:bw=33,experts=[3,4,5]; c30:bw=54,experts=[0,1,4,6,7]; c19:bw=23,experts=[3,4]; c24:bw=36,experts=[4,5,6]; c9:bw=31,experts=[3,4,7]","1.7617,1.7796,1.0916,3.4322,1.6886,2.6473,1.1905,2.2167,1.0863,1.9005,1.6094,0.8438,1.5491,1.2393,1.4907,1.3519,1.7985,1.1308,1.3046,1.0912,1.7806,2.2034,1.2937,1.2318,1.7315,1.4314,1.7609,1.2280,2.2624,0.8404,1.6899,1.5993,1.3913,1.2909,1.4814,1.2530,1.0913,1.2054,1.7376,1.0485,1.2562,2.0046,1.4370,1.8938,1.2900,1.6132,1.5649,1.4521,1.1808,1.5543"
89,2026-09-24 00:22:28,Ours,0.01,2.0715832686289524,50.64,50.64,89,88.2587,1:28.26,76.7173,10.2259,1.3102,7771.9273,2:09:31.93,50,"48,14,0,12,3,37,47,24,20,10,33,46,39,21,31,15,26,34,36,2,6,11,42,35,30,44,38,41,32,8,29,27,4,5,1,16,40,43,25,7,9,17,23,45,19,28,18,49,13,22",48:31;14:30;0:13;12:34;3:31;37:27;47:47;24:58;20:31;10:28;33:10;46:31;39:51;21:28;31:24;15:61;26:10;34:53;36:29;2:44;6:32;11:36;42:65;35:53;30:34;44:54;38:40;41:62;32:41;8:74;29:14;27:10;4:30;5:46;1:41;16:50;40:48;43:39;25:17;7:21;9:60;17:40;23:24;45:44;19:16;28:20;18:55;49:47;13:10;22:42,"48:[1,4,6];14:[4,5,6];0:[7];12:[3,4,5];3:[2,4,5];37:[4,7];47:[0,4,6,7];24:[0,1,4,5,6];20:[1,4,6];10:[4,5];33:[4];46:[4,5,6];39:[1,4,5,6,7];21:[4,6];31:[4,6];15:[0,1,2,4,5,6];26:[7];34:[1,4,5,6,7];36:[4,6];2:[0,1,4,6];6:[4,5,7];11:[4,5,7];42:[0,1,4,5,6,7];35:[1,4,5,6,7];30:[0,4,6];44:[0,1,4,5,6];38:[1,4,5,6];41:[0,1,2,4,5,6];32:[4,5,6,7];8:[0,1,2,4,5,6,7];29:[7];27:[4];4:[0,4,6];5:[1,4,5,6];1:[4,5,6,7];16:[1,2,4,5,6];40:[1,4,5,6];43:[4,5,7];25:[3];7:[0,4];9:[0,1,2,4,5,6];17:[0,1,4,6];23:[4,6];45:[2,4,5,6];19:[7];28:[2,4];18:[0,4,5,6,7];49:[1,4,6,7];13:[7];22:[1,4,5,6]","c48:bw=31,experts=[1,4,6]; c14:bw=30,experts=[4,5,6]; c0:bw=13,experts=[7]; c12:bw=34,experts=[3,4,5]; c3:bw=31,experts=[2,4,5]; c37:bw=27,experts=[4,7]; c47:bw=47,experts=[0,4,6,7]; c24:bw=58,experts=[0,1,4,5,6]; c20:bw=31,experts=[1,4,6]; c10:bw=28,experts=[4,5]; c33:bw=10,experts=[4]; c46:bw=31,experts=[4,5,6]; c39:bw=51,experts=[1,4,5,6,7]; c21:bw=28,experts=[4,6]; c31:bw=24,experts=[4,6]; c15:bw=61,experts=[0,1,2,4,5,6]; c26:bw=10,experts=[7]; c34:bw=53,experts=[1,4,5,6,7]; c36:bw=29,experts=[4,6]; c2:bw=44,experts=[0,1,4,6]; c6:bw=32,experts=[4,5,7]; c11:bw=36,experts=[4,5,7]; c42:bw=65,experts=[0,1,4,5,6,7]; c35:bw=53,experts=[1,4,5,6,7]; c30:bw=34,experts=[0,4,6]; c44:bw=54,experts=[0,1,4,5,6]; c38:bw=40,experts=[1,4,5,6]; c41:bw=62,experts=[0,1,2,4,5,6]; c32:bw=41,experts=[4,5,6,7]; c8:bw=74,experts=[0,1,2,4,5,6,7]; c29:bw=14,experts=[7]; c27:bw=10,experts=[4]; c4:bw=30,experts=[0,4,6]; c5:bw=46,experts=[1,4,5,6]; c1:bw=41,experts=[4,5,6,7]; c16:bw=50,experts=[1,2,4,5,6]; c40:bw=48,experts=[1,4,5,6]; c43:bw=39,experts=[4,5,7]; c25:bw=17,experts=[3]; c7:bw=21,experts=[0,4]; c9:bw=60,experts=[0,1,2,4,5,6]; c17:bw=40,experts=[0,1,4,6]; c23:bw=24,experts=[4,6]; c45:bw=44,experts=[2,4,5,6]; c19:bw=16,experts=[7]; c28:bw=20,experts=[2,4]; c18:bw=55,experts=[0,4,5,6,7]; c49:bw=47,experts=[1,4,6,7]; c13:bw=10,experts=[7]; c22:bw=42,experts=[1,4,5,6]","1.0841,1.9428,0.8382,1.0841,1.6444,1.3010,1.1300,1.2015,1.7625,1.4303,1.6087,1.2544,1.5675,2.0469,1.6736,1.2460,1.7434,1.3263,1.2697,1.0718,1.7587,1.2139,1.4719,1.3744,1.5839,1.1761,1.1018,0.8377,1.7555,1.2207,1.7559,1.6411,1.7169,2.2037,1.4576,2.2487,1.5286,1.2712,2.6223,1.0339,1.5759,1.2680,1.7356,2.2293,1.4667,1.2940,1.4760,3.4011,1.1964,1.8726"
90,2026-09-24 00:23:57,Ours,0.01,2.0184628141234713,50.69,50.69,90,88.7187,1:28.72,76.8839,10.4869,1.3428,7860.691,2:11:00.69,50,"45,4,16,41,40,22,7,10,6,17,46,24,11,12,42,13,28,25,15,23,38,20,36,47,0,48,44,27,30,3,37,35,39,31,32,8,9,26,14,5,2,21,33,29,1,34,49,18,43,19",45:10;4:35;16:57;41:54;40:54;22:31;7:72;10:10;6:26;17:22;46:32;24:43;11:41;12:43;42:40;13:65;28:44;25:51;15:61;23:44;38:38;20:56;36:54;47:31;0:64;48:30;44:60;27:27;30:36;3:36;37:13;35:40;39:49;31:52;32:60;8:50;9:63;26:55;14:16;5:27;2:21;21:66;33:52;29:17;1:31;34:27;49:34;18:50;43:11;19:15,"45:[4];4:[4,5,6];16:[0,1,4,5,6];41:[0,1,4,5,6];40:[0,1,4,5,6];22:[4,5,6];7:[0,1,2,3,4,5,6];10:[4];6:[4,5];17:[2,4];46:[4,5,6];24:[1,4,5,6];11:[1,4,5,6];12:[0,4,5,6];42:[1,4,5,6];13:[0,1,2,4,5,6];28:[1,4,5,6];25:[1,4,5,6,7];15:[0,1,2,4,5,6];23:[0,1,4,6];38:[1,4,6];20:[0,1,2,4,6];36:[0,1,4,5,6];47:[4,5,6];0:[0,1,2,4,5,6];48:[3,4,5];44:[0,1,2,4,5,6];27:[4,5];30:[4,5,6];3:[1,4,6];37:[4];35:[1,4,5,6];39:[0,4,5,6];31:[0,1,4,5,6];32:[0,1,2,4,5,6];8:[0,1,4,5,6];9:[0,1,2,4,5,6];26:[0,1,4,5,6];14:[0];5:[4,5];2:[4,6];21:[0,1,4,5,6,7];33:[0,1,4,5,6];29:[4];1:[1,4,6];34:[4,5];49:[2,4,5];18:[0,1,4,5,6];43:[4];19:[4]","c45:bw=10,experts=[4]; c4:bw=35,experts=[4,5,6]; c16:bw=57,experts=[0,1,4,5,6]; c41:bw=54,experts=[0,1,4,5,6]; c40:bw=54,experts=[0,1,4,5,6]; c22:bw=31,experts=[4,5,6]; c7:bw=72,experts=[0,1,2,3,4,5,6]; c10:bw=10,experts=[4]; c6:bw=26,experts=[4,5]; c17:bw=22,experts=[2,4]; c46:bw=32,experts=[4,5,6]; c24:bw=43,experts=[1,4,5,6]; c11:bw=41,experts=[1,4,5,6]; c12:bw=43,experts=[0,4,5,6]; c42:bw=40,experts=[1,4,5,6]; c13:bw=65,experts=[0,1,2,4,5,6]; c28:bw=44,experts=[1,4,5,6]; c25:bw=51,experts=[1,4,5,6,7]; c15:bw=61,experts=[0,1,2,4,5,6]; c23:bw=44,experts=[0,1,4,6]; c38:bw=38,experts=[1,4,6]; c20:bw=56,experts=[0,1,2,4,6]; c36:bw=54,experts=[0,1,4,5,6]; c47:bw=31,experts=[4,5,6]; c0:bw=64,experts=[0,1,2,4,5,6]; c48:bw=30,experts=[3,4,5]; c44:bw=60,experts=[0,1,2,4,5,6]; c27:bw=27,experts=[4,5]; c30:bw=36,experts=[4,5,6]; c3:bw=36,experts=[1,4,6]; c37:bw=13,experts=[4]; c35:bw=40,experts=[1,4,5,6]; c39:bw=49,experts=[0,4,5,6]; c31:bw=52,experts=[0,1,4,5,6]; c32:bw=60,experts=[0,1,2,4,5,6]; c8:bw=50,experts=[0,1,4,5,6]; c9:bw=63,experts=[0,1,2,4,5,6]; c26:bw=55,experts=[0,1,4,5,6]; c14:bw=16,experts=[0]; c5:bw=27,experts=[4,5]; c2:bw=21,experts=[4,6]; c21:bw=66,experts=[0,1,4,5,6,7]; c33:bw=52,experts=[0,1,4,5,6]; c29:bw=17,experts=[4]; c1:bw=31,experts=[1,4,6]; c34:bw=27,experts=[4,5]; c49:bw=34,experts=[2,4,5]; c18:bw=50,experts=[0,1,4,5,6]; c43:bw=11,experts=[4]; c19:bw=15,experts=[4]","2.2113,1.7557,2.2860,0.8315,1.5548,1.8708,1.0271,1.4348,1.7569,1.2858,1.2442,1.2151,1.2628,1.0848,1.4867,1.2529,1.2961,2.7463,1.2670,1.7649,1.0872,1.7696,1.2602,1.1319,0.8434,1.0740,1.1740,1.6684,1.5591,1.6279,1.2767,1.3791,1.5494,1.6665,1.7679,1.2129,1.5782,1.7380,1.8638,2.1976,1.0425,2.0209,1.6111,1.7727,1.4284,1.3346,3.4157,1.4826,1.2867,1.4271"
91,2026-09-24 00:25:25,Ours,0.01,2.0297506345343863,51.73,51.73,91,88.1497,1:28.15,76.4804,10.3231,1.341,7948.8857,2:12:28.89,50,"38,42,13,43,11,22,36,2,35,1,15,29,0,33,21,4,32,6,7,12,19,17,40,30,10,46,23,18,25,48,49,39,28,3,14,27,24,20,34,26,9,16,37,5,47,31,41,45,44,8",38:44;42:33;13:46;43:10;11:67;22:21;36:46;2:11;35:33;1:50;15:45;29:14;0:22;33:35;21:46;4:54;32:16;6:29;7:51;12:62;19:51;17:63;40:10;30:40;10:49;46:37;23:22;18:13;25:49;48:55;49:41;39:42;28:42;3:40;14:42;27:46;24:41;20:20;34:24;26:63;9:35;16:24;37:50;5:52;47:22;31:32;41:59;45:45;44:48;8:23,"38:[1,4,5,6];42:[0,4,6];13:[1,4,5,6];43:[2];11:[0,1,2,4,5,6];22:[4,7];36:[1,4,5,6];2:[4];35:[4,5,6];1:[0,1,4,5,6];15:[0,1,4,6];29:[1];0:[4,5];33:[4,5,6];21:[1,4,5,6];4:[0,1,4,5,6];32:[4];6:[4,6];7:[0,1,4,5,6];12:[0,1,2,4,5,6];19:[0,1,2,4,6];17:[0,1,2,4,5,6];40:[4];30:[1,4,5,6];10:[1,4,5,6];46:[4,5,6];23:[3,4];18:[2];25:[0,1,4,6];48:[1,4,5,6,7];49:[1,4,5,6];39:[3,4,5,6];28:[1,4,5,6];3:[1,4,5,6];14:[1,4,5,6];27:[1,4,5,6];24:[4,5,6,7];20:[4,6];34:[4,5];26:[0,1,2,4,5,6];9:[1,4,6];16:[4,5];37:[0,1,4,5,6];5:[0,1,4,5,6];47:[4,6];31:[4,5,6];41:[0,1,4,5,6];45:[1,4,5,6];44:[1,4,5,6];8:[4,6]","c38:bw=44,experts=[1,4,5,6]; c42:bw=33,experts=[0,4,6]; c13:bw=46,experts=[1,4,5,6]; c43:bw=10,experts=[2]; c11:bw=67,experts=[0,1,2,4,5,6]; c22:bw=21,experts=[4,7]; c36:bw=46,experts=[1,4,5,6]; c2:bw=11,experts=[4]; c35:bw=33,experts=[4,5,6]; c1:bw=50,experts=[0,1,4,5,6]; c15:bw=45,experts=[0,1,4,6]; c29:bw=14,experts=[1]; c0:bw=22,experts=[4,5]; c33:bw=35,experts=[4,5,6]; c21:bw=46,experts=[1,4,5,6]; c4:bw=54,experts=[0,1,4,5,6]; c32:bw=16,experts=[4]; c6:bw=29,experts=[4,6]; c7:bw=51,experts=[0,1,4,5,6]; c12:bw=62,experts=[0,1,2,4,5,6]; c19:bw=51,experts=[0,1,2,4,6]; c17:bw=63,experts=[0,1,2,4,5,6]; c40:bw=10,experts=[4]; c30:bw=40,experts=[1,4,5,6]; c10:bw=49,experts=[1,4,5,6]; c46:bw=37,experts=[4,5,6]; c23:bw=22,experts=[3,4]; c18:bw=13,experts=[2]; c25:bw=49,experts=[0,1,4,6]; c48:bw=55,experts=[1,4,5,6,7]; c49:bw=41,experts=[1,4,5,6]; c39:bw=42,experts=[3,4,5,6]; c28:bw=42,experts=[1,4,5,6]; c3:bw=40,experts=[1,4,5,6]; c14:bw=42,experts=[1,4,5,6]; c27:bw=46,experts=[1,4,5,6]; c24:bw=41,experts=[4,5,6,7]; c20:bw=20,experts=[4,6]; c34:bw=24,experts=[4,5]; c26:bw=63,experts=[0,1,2,4,5,6]; c9:bw=35,experts=[1,4,6]; c16:bw=24,experts=[4,5]; c37:bw=50,experts=[0,1,4,5,6]; c5:bw=52,experts=[0,1,4,5,6]; c47:bw=22,experts=[4,6]; c31:bw=32,experts=[4,5,6]; c41:bw=59,experts=[0,1,4,5,6]; c45:bw=45,experts=[1,4,5,6]; c44:bw=48,experts=[1,4,5,6]; c8:bw=23,experts=[4,6]","1.0979,1.4984,1.2311,1.2932,1.2400,1.9132,1.2735,1.0570,1.3673,1.4521,1.2424,1.7674,0.8215,1.6006,2.0287,1.7621,1.7749,1.7531,1.0411,1.0946,1.4873,1.2861,1.5206,1.5538,1.4290,1.2394,1.7328,1.4502,2.6751,1.0824,3.4007,1.5496,1.2909,1.5807,1.8783,1.6330,1.1779,1.7271,1.3113,1.7639,1.5526,2.2343,1.2790,2.1463,1.1413,1.6454,0.8300,2.1820,1.1601,1.2290"
92,2026-09-24 00:26:53,Ours,0.01,2.0117845699803185,51.55,51.73,91,87.8131,1:27.81,76.393,10.0656,1.3492,8036.7442,2:13:56.74,50,"48,27,22,13,25,38,39,41,31,40,14,23,42,11,19,3,34,30,46,1,20,44,32,4,21,36,33,6,24,49,5,28,8,16,7,26,0,43,45,2,12,35,18,37,47,9,29,17,15,10",48:54;27:63;22:44;13:17;25:30;38:24;39:49;41:50;31:49;40:10;14:30;23:19;42:36;11:15;19:54;3:28;34:27;30:51;46:35;1:20;20:56;44:10;32:20;4:26;21:57;36:60;33:10;6:45;24:33;49:12;5:66;28:40;8:19;16:14;7:34;26:46;0:29;43:42;45:60;2:25;12:48;35:24;18:37;37:19;47:61;9:56;29:35;17:32;15:19;10:37,"48:[0,1,2,4,6];27:[0,1,2,4,5,6];22:[1,2,4,6];13:[4];25:[1,4,6];38:[4,6];39:[1,4,5,6];41:[0,1,4,5,6];31:[1,4,5,6];40:[4];14:[4,5,6];23:[2];42:[2,4,6];11:[4];19:[0,1,4,5,6];3:[4,5];34:[4,5];30:[0,1,3,4,6];46:[0,4,6];1:[4,5];20:[0,1,4,6,7];44:[4];32:[4,5];4:[4,6];21:[0,1,4,5,6];36:[0,1,2,4,5,6];33:[4];6:[1,4,5,6];24:[2,4,5];49:[0];5:[0,1,2,4,5,6];28:[0,4,5,6];8:[4];16:[7];7:[4,6,7];26:[0,4,5,6];0:[4,6];43:[0,1,4,6];45:[0,1,2,4,5,6];2:[4,6];12:[1,4,5,6];35:[0,4];18:[0,4,6];37:[4];47:[0,1,2,4,5,6];9:[0,1,4,5,6];29:[1,4,6];17:[4,6,7];15:[4];10:[4,5,6]","c48:bw=54,experts=[0,1,2,4,6]; c27:bw=63,experts=[0,1,2,4,5,6]; c22:bw=44,experts=[1,2,4,6]; c13:bw=17,experts=[4]; c25:bw=30,experts=[1,4,6]; c38:bw=24,experts=[4,6]; c39:bw=49,experts=[1,4,5,6]; c41:bw=50,experts=[0,1,4,5,6]; c31:bw=49,experts=[1,4,5,6]; c40:bw=10,experts=[4]; c14:bw=30,experts=[4,5,6]; c23:bw=19,experts=[2]; c42:bw=36,experts=[2,4,6]; c11:bw=15,experts=[4]; c19:bw=54,experts=[0,1,4,5,6]; c3:bw=28,experts=[4,5]; c34:bw=27,experts=[4,5]; c30:bw=51,experts=[0,1,3,4,6]; c46:bw=35,experts=[0,4,6]; c1:bw=20,experts=[4,5]; c20:bw=56,experts=[0,1,4,6,7]; c44:bw=10,experts=[4]; c32:bw=20,experts=[4,5]; c4:bw=26,experts=[4,6]; c21:bw=57,experts=[0,1,4,5,6]; c36:bw=60,experts=[0,1,2,4,5,6]; c33:bw=10,experts=[4]; c6:bw=45,experts=[1,4,5,6]; c24:bw=33,experts=[2,4,5]; c49:bw=12,experts=[0]; c5:bw=66,experts=[0,1,2,4,5,6]; c28:bw=40,experts=[0,4,5,6]; c8:bw=19,experts=[4]; c16:bw=14,experts=[7]; c7:bw=34,experts=[4,6,7]; c26:bw=46,experts=[0,4,5,6]; c0:bw=29,experts=[4,6]; c43:bw=42,experts=[0,1,4,6]; c45:bw=60,experts=[0,1,2,4,5,6]; c2:bw=25,experts=[4,6]; c12:bw=48,experts=[1,4,5,6]; c35:bw=24,experts=[0,4]; c18:bw=37,experts=[0,4,6]; c37:bw=19,experts=[4]; c47:bw=61,experts=[0,1,2,4,5,6]; c9:bw=56,experts=[0,1,4,5,6]; c29:bw=35,experts=[1,4,6]; c17:bw=32,experts=[4,6,7]; c15:bw=19,experts=[4]; c10:bw=37,experts=[4,5,6]","1.0792,1.6583,1.8878,1.2376,2.6918,1.0714,1.5584,0.8546,1.6820,1.5245,1.9121,1.7263,1.5516,1.2335,1.4759,1.6054,1.3150,1.5827,1.2406,1.4545,1.7576,1.1699,1.7460,1.7478,2.0367,1.2775,1.5759,1.7473,1.1837,3.3735,2.1892,1.2811,1.2079,2.2045,1.0240,1.7528,0.8115,1.2713,2.2079,1.0448,1.0602,1.3481,1.4625,1.2624,1.1105,1.5394,1.7673,1.2647,1.2186,1.4053"
93,2026-09-24 00:28:21,Ours,0.01,1.9988568728615563,51.78,51.78,93,88.3698,1:28.37,76.768,10.2465,1.35,8125.1598,2:15:25.16,50,"47,1,24,5,16,8,10,7,26,31,30,25,21,15,41,29,32,33,11,22,39,34,46,35,18,19,44,12,48,49,17,36,45,9,4,28,20,38,40,43,37,13,2,0,14,27,3,23,42,6",47:61;1:47;24:50;5:10;16:46;8:10;10:15;7:22;26:61;31:55;30:50;25:52;21:34;15:36;41:10;29:47;32:47;33:32;11:32;22:14;39:23;34:41;46:59;35:33;18:23;19:39;44:35;12:52;48:55;49:48;17:32;36:50;45:49;9:58;4:32;28:47;20:57;38:10;40:29;43:10;37:59;13:63;2:51;0:19;14:25;27:39;3:31;23:22;42:10;6:22,"47:[0,1,2,4,5,6];1:[1,4,5,6];24:[0,1,4,5,6];5:[4];16:[0,1,4,6];8:[4];10:[4];7:[4,5];26:[0,1,2,4,5,6];31:[0,1,4,6,7];30:[0,1,4,5,6];25:[0,1,4,5,6];21:[3,4,5];15:[4,6,7];41:[4];29:[1,4,5,6];32:[1,4,5,6];33:[3,4,6];11:[4,5,6];22:[4];39:[4,5];34:[1,4,5,6];46:[0,2,4,5,6];35:[4,5,6];18:[4,6];19:[1,4,6];44:[1,4,6];12:[0,1,4,5,6];48:[0,1,4,5,6];49:[0,4,5,6];17:[1,4,6];36:[0,1,4,5,6];45:[4,5,6,7];9:[0,1,4,5,6];4:[4,5,6];28:[1,4,5,6];20:[0,1,4,5,6];38:[4];40:[4,5];43:[4];37:[0,1,4,5,6];13:[0,1,2,4,5,6];2:[1,2,4,5,6];0:[4];14:[4,7];27:[4,5,6];3:[4,5,6];23:[4,5];42:[4];6:[4,6]","c47:bw=61,experts=[0,1,2,4,5,6]; c1:bw=47,experts=[1,4,5,6]; c24:bw=50,experts=[0,1,4,5,6]; c5:bw=10,experts=[4]; c16:bw=46,experts=[0,1,4,6]; c8:bw=10,experts=[4]; c10:bw=15,experts=[4]; c7:bw=22,experts=[4,5]; c26:bw=61,experts=[0,1,2,4,5,6]; c31:bw=55,experts=[0,1,4,6,7]; c30:bw=50,experts=[0,1,4,5,6]; c25:bw=52,experts=[0,1,4,5,6]; c21:bw=34,experts=[3,4,5]; c15:bw=36,experts=[4,6,7]; c41:bw=10,experts=[4]; c29:bw=47,experts=[1,4,5,6]; c32:bw=47,experts=[1,4,5,6]; c33:bw=32,experts=[3,4,6]; c11:bw=32,experts=[4,5,6]; c22:bw=14,experts=[4]; c39:bw=23,experts=[4,5]; c34:bw=41,experts=[1,4,5,6]; c46:bw=59,experts=[0,2,4,5,6]; c35:bw=33,experts=[4,5,6]; c18:bw=23,experts=[4,6]; c19:bw=39,experts=[1,4,6]; c44:bw=35,experts=[1,4,6]; c12:bw=52,experts=[0,1,4,5,6]; c48:bw=55,experts=[0,1,4,5,6]; c49:bw=48,experts=[0,4,5,6]; c17:bw=32,experts=[1,4,6]; c36:bw=50,experts=[0,1,4,5,6]; c45:bw=49,experts=[4,5,6,7]; c9:bw=58,experts=[0,1,4,5,6]; c4:bw=32,experts=[4,5,6]; c28:bw=47,experts=[1,4,5,6]; c20:bw=57,experts=[0,1,4,5,6]; c38:bw=10,experts=[4]; c40:bw=29,experts=[4,5]; c43:bw=10,experts=[4]; c37:bw=59,experts=[0,1,4,5,6]; c13:bw=63,experts=[0,1,2,4,5,6]; c2:bw=51,experts=[1,2,4,5,6]; c0:bw=19,experts=[4]; c14:bw=25,experts=[4,7]; c27:bw=39,experts=[4,5,6]; c3:bw=31,experts=[4,5,6]; c23:bw=22,experts=[4,5]; c42:bw=10,experts=[4]; c6:bw=22,experts=[4,6]","1.1552,1.4629,1.2044,2.1791,2.2593,1.2540,1.4281,1.0581,1.7806,1.7022,1.5985,2.6890,2.0387,1.2374,0.8272,1.7840,1.7781,1.5968,1.2358,1.8760,1.5437,1.3127,1.2429,1.3705,1.4804,1.4737,1.1599,1.0717,1.0781,3.4106,1.2953,1.2624,2.2183,1.5704,1.7288,1.3207,1.7625,1.0640,1.5228,1.2682,1.2945,1.2162,1.0628,0.8249,1.8930,1.6478,1.6102,1.7203,1.4581,1.7370"
94,2026-09-24 00:29:50,Ours,0.01,2.0097226930188166,51.91,51.91,94,88.438,1:28.44,76.7069,10.4046,1.3211,8213.6442,2:16:53.64,50,"18,36,48,23,6,33,35,3,25,17,37,9,10,27,24,30,0,45,5,49,1,20,7,26,43,31,32,47,14,19,13,12,39,28,8,46,29,2,15,42,11,16,22,41,4,40,21,38,34,44",18:47;36:68;48:44;23:38;6:30;33:59;35:15;3:34;25:18;17:12;37:49;9:50;10:61;27:26;24:39;30:60;0:55;45:51;5:41;49:23;1:70;20:10;7:45;26:55;43:41;31:46;32:37;47:43;14:38;19:48;13:44;12:14;39:20;28:60;8:10;46:36;29:10;2:65;15:40;42:11;11:48;16:28;22:52;41:18;4:31;40:55;21:30;38:37;34:53;44:62,"18:[0,4,5,6];36:[0,1,4,5,6,7];48:[1,4,5,6];23:[0,4,6];6:[4,5,6];33:[0,1,4,5,6];35:[2];3:[1,4,6];25:[4];17:[4];37:[1,4,5,6];9:[0,1,4,5,6];10:[0,1,4,5,6,7];27:[4,5];24:[1,4,5];30:[0,1,2,4,5,6];0:[0,1,4,5,6];45:[0,1,4,5,6];5:[0,1,4,6];49:[4,5];1:[0,1,2,3,4,5,6];20:[4];7:[1,4,5,6];26:[0,1,4,5,6];43:[0,1,4,6];31:[1,4,5,6];32:[3,4,5];47:[0,4,5,6];14:[1,4,6];19:[1,4,5,6];13:[0,1,4,5];12:[7];39:[4,6];28:[0,1,3,4,5,6];8:[4];46:[4,5,7];29:[0];2:[0,1,2,4,5,6];15:[1,3,4,6];42:[4];11:[0,4,5,6];16:[4,6];22:[0,1,4,5,6];41:[4];4:[0,4,6];40:[0,1,4,5,6];21:[1,4,5];38:[4,5,7];34:[0,1,4,5,6];44:[0,1,2,4,5,6]","c18:bw=47,experts=[0,4,5,6]; c36:bw=68,experts=[0,1,4,5,6,7]; c48:bw=44,experts=[1,4,5,6]; c23:bw=38,experts=[0,4,6]; c6:bw=30,experts=[4,5,6]; c33:bw=59,experts=[0,1,4,5,6]; c35:bw=15,experts=[2]; c3:bw=34,experts=[1,4,6]; c25:bw=18,experts=[4]; c17:bw=12,experts=[4]; c37:bw=49,experts=[1,4,5,6]; c9:bw=50,experts=[0,1,4,5,6]; c10:bw=61,experts=[0,1,4,5,6,7]; c27:bw=26,experts=[4,5]; c24:bw=39,experts=[1,4,5]; c30:bw=60,experts=[0,1,2,4,5,6]; c0:bw=55,experts=[0,1,4,5,6]; c45:bw=51,experts=[0,1,4,5,6]; c5:bw=41,experts=[0,1,4,6]; c49:bw=23,experts=[4,5]; c1:bw=70,experts=[0,1,2,3,4,5,6]; c20:bw=10,experts=[4]; c7:bw=45,experts=[1,4,5,6]; c26:bw=55,experts=[0,1,4,5,6]; c43:bw=41,experts=[0,1,4,6]; c31:bw=46,experts=[1,4,5,6]; c32:bw=37,experts=[3,4,5]; c47:bw=43,experts=[0,4,5,6]; c14:bw=38,experts=[1,4,6]; c19:bw=48,experts=[1,4,5,6]; c13:bw=44,experts=[0,1,4,5]; c12:bw=14,experts=[7]; c39:bw=20,experts=[4,6]; c28:bw=60,experts=[0,1,3,4,5,6]; c8:bw=10,experts=[4]; c46:bw=36,experts=[4,5,7]; c29:bw=10,experts=[0]; c2:bw=65,experts=[0,1,2,4,5,6]; c15:bw=40,experts=[1,3,4,6]; c42:bw=11,experts=[4]; c11:bw=48,experts=[0,4,5,6]; c16:bw=28,experts=[4,6]; c22:bw=52,experts=[0,1,4,5,6]; c41:bw=18,experts=[4]; c4:bw=31,experts=[0,4,6]; c40:bw=55,experts=[0,1,4,5,6]; c21:bw=30,experts=[1,4,5]; c38:bw=37,experts=[4,5,7]; c34:bw=53,experts=[0,1,4,5,6]; c44:bw=62,experts=[0,1,2,4,5,6]","1.5018,1.2791,1.0700,1.7637,1.7616,1.6101,1.4697,1.6237,2.6719,1.2870,1.2819,1.5724,1.4447,1.6521,1.2044,1.5786,0.8261,2.2113,2.2093,3.4290,1.4784,1.7635,1.0530,1.7554,1.2931,1.6627,1.7724,1.1388,1.8895,1.4637,1.2177,1.0687,1.5334,1.2858,1.2056,1.2163,1.7404,1.0572,1.2304,1.4462,1.2100,2.2391,1.8898,0.8279,1.7339,1.5213,1.9849,1.0776,1.3277,1.1743"
95,2026-09-24 00:31:18,Ours,0.01,2.014493155043673,51.81,51.91,94,88.4237,1:28.42,76.7537,10.3125,1.3524,8302.1146,2:18:22.11,50,"29,3,10,43,11,24,41,5,13,49,17,26,30,36,19,37,22,4,25,31,44,6,20,16,45,39,48,15,34,1,35,21,12,33,28,0,9,2,47,40,32,8,42,7,23,27,14,18,46,38",29:48;3:41;10:42;43:51;11:10;24:33;41:45;5:10;13:59;49:41;17:47;26:28;30:67;36:39;19:42;37:56;22:10;4:15;25:36;31:23;44:33;6:40;20:56;16:24;45:43;39:56;48:33;15:34;34:67;1:31;35:47;21:46;12:10;33:52;28:30;0:35;9:42;2:23;47:31;40:42;32:37;8:76;42:56;7:59;23:32;27:10;14:49;18:28;46:14;38:50,"29:[2,4,5,6];3:[0,4,5,7];10:[1,4,5,6];43:[0,1,4,5,6];11:[4];24:[3,4,5];41:[0,3,4,5];5:[3];13:[0,1,4,5,6];49:[1,4,5,6];17:[1,4,5,6];26:[4,5];30:[0,1,2,4,5,6];36:[1,4,6];19:[0,1,4,6];37:[1,2,4,5,6];22:[3];4:[2];25:[2,4,5];31:[2,4];44:[4,5,7];6:[0,2,4,6];20:[0,1,4,5,6];16:[4,6];45:[1,4,5,6];39:[0,1,4,5,6];48:[0,4,6];15:[0,4,6];34:[0,1,2,4,5,6];1:[4,5,6];35:[1,4,5,6];21:[0,1,4,6];12:[4];33:[1,2,4,5,6];28:[4,5,6];0:[1,4,5];9:[1,4,5,6];2:[3,4];47:[3,4,5];40:[4,5,6,7];32:[0,4,6];8:[0,1,2,3,4,5,6];42:[0,1,4,5,6];7:[0,1,4,5,6];23:[1,4,6];27:[4];14:[1,2,4,6];18:[3,4];46:[1];38:[0,1,2,4,6]","c29:bw=48,experts=[2,4,5,6]; c3:bw=41,experts=[0,4,5,7]; c10:bw=42,experts=[1,4,5,6]; c43:bw=51,experts=[0,1,4,5,6]; c11:bw=10,experts=[4]; c24:bw=33,experts=[3,4,5]; c41:bw=45,experts=[0,3,4,5]; c5:bw=10,experts=[3]; c13:bw=59,experts=[0,1,4,5,6]; c49:bw=41,experts=[1,4,5,6]; c17:bw=47,experts=[1,4,5,6]; c26:bw=28,experts=[4,5]; c30:bw=67,experts=[0,1,2,4,5,6]; c36:bw=39,experts=[1,4,6]; c19:bw=42,experts=[0,1,4,6]; c37:bw=56,experts=[1,2,4,5,6]; c22:bw=10,experts=[3]; c4:bw=15,experts=[2]; c25:bw=36,experts=[2,4,5]; c31:bw=23,experts=[2,4]; c44:bw=33,experts=[4,5,7]; c6:bw=40,experts=[0,2,4,6]; c20:bw=56,experts=[0,1,4,5,6]; c16:bw=24,experts=[4,6]; c45:bw=43,experts=[1,4,5,6]; c39:bw=56,experts=[0,1,4,5,6]; c48:bw=33,experts=[0,4,6]; c15:bw=34,experts=[0,4,6]; c34:bw=67,experts=[0,1,2,4,5,6]; c1:bw=31,experts=[4,5,6]; c35:bw=47,experts=[1,4,5,6]; c21:bw=46,experts=[0,1,4,6]; c12:bw=10,experts=[4]; c33:bw=52,experts=[1,2,4,5,6]; c28:bw=30,experts=[4,5,6]; c0:bw=35,experts=[1,4,5]; c9:bw=42,experts=[1,4,5,6]; c2:bw=23,experts=[3,4]; c47:bw=31,experts=[3,4,5]; c40:bw=42,experts=[4,5,6,7]; c32:bw=37,experts=[0,4,6]; c8:bw=76,experts=[0,1,2,3,4,5,6]; c42:bw=56,experts=[0,1,4,5,6]; c7:bw=59,experts=[0,1,4,5,6]; c23:bw=32,experts=[1,4,6]; c27:bw=10,experts=[4]; c14:bw=49,experts=[1,2,4,6]; c18:bw=28,experts=[3,4]; c46:bw=14,experts=[1]; c38:bw=50,experts=[0,1,2,4,6]","1.7839,1.6025,1.4404,1.2834,1.2368,1.2024,0.8418,2.2025,1.2378,3.4209,1.2653,1.7489,1.5768,1.2526,1.4705,1.3008,1.8895,1.7295,2.6710,1.6702,1.1580,1.7637,1.7774,2.2550,2.2063,1.5770,1.0836,1.2435,1.3330,1.4255,1.3761,2.0190,1.0988,1.5870,1.2969,0.8171,1.5528,1.0619,1.1302,1.5305,1.7667,1.2248,1.4735,1.0459,1.7415,1.6226,1.8958,1.4611,1.3170,1.0839"
96,2026-09-24 00:32:47,Ours,0.01,2.019169722383445,52.47,52.47,96,88.8361,1:28.84,76.9191,10.58,1.3317,8391.0007,2:19:51.00,50,"47,26,22,9,43,36,19,4,40,45,29,16,3,38,30,34,11,5,23,46,37,32,17,7,35,20,10,2,49,12,41,1,33,18,39,13,6,44,21,48,0,8,27,24,15,25,31,42,28,14",47:28;26:60;22:55;9:44;43:33;36:55;19:38;4:49;40:58;45:43;29:55;16:72;3:46;38:54;30:55;34:56;11:44;5:60;23:27;46:38;37:57;32:54;17:35;7:50;35:14;20:37;10:53;2:65;49:40;12:71;41:10;1:36;33:49;18:29;39:36;13:55;6:31;44:13;21:17;48:35;0:36;8:64;27:43;24:45;15:78;25:29;31:39;42:10;28:38;14:10,"47:[4,5];26:[0,1,3,4,5,6];22:[0,1,4,5,6];9:[3,4,5,7];43:[3,4,5];36:[1,3,4,5,6];19:[3,4,5];4:[3,4,5,7];40:[2,3,4,5,6];45:[1,3,4,6];29:[0,3,4,5,6];16:[0,1,2,3,4,5,6];3:[3,4,5,6];38:[1,3,4,5,6];30:[0,1,4,6,7];34:[1,3,4,5,6];11:[3,4,5,6];5:[0,1,4,5,6,7];23:[4,7];46:[3,4,5];37:[1,3,4,5,6];32:[0,1,4,5,6];17:[3,4,6];7:[0,1,4,5,6];35:[3];20:[3,4,5];10:[2,3,4,5,6];2:[0,1,4,5,6,7];49:[3,4,5,6];12:[0,1,2,4,5,6,7];41:[7];1:[1,4,6];33:[4,5,6,7];18:[4,6];39:[2,4,6];13:[1,3,4,5,6];6:[3,4,6];44:[3];21:[2];48:[1,4,6];0:[3,4,6];8:[0,1,2,4,5,6];27:[3,4,6,7];24:[1,4,5,6];15:[0,1,2,3,4,5,6];25:[4,6];31:[3,4,5];42:[3];28:[4,6,7];14:[3]","c47:bw=28,experts=[4,5]; c26:bw=60,experts=[0,1,3,4,5,6]; c22:bw=55,experts=[0,1,4,5,6]; c9:bw=44,experts=[3,4,5,7]; c43:bw=33,experts=[3,4,5]; c36:bw=55,experts=[1,3,4,5,6]; c19:bw=38,experts=[3,4,5]; c4:bw=49,experts=[3,4,5,7]; c40:bw=58,experts=[2,3,4,5,6]; c45:bw=43,experts=[1,3,4,6]; c29:bw=55,experts=[0,3,4,5,6]; c16:bw=72,experts=[0,1,2,3,4,5,6]; c3:bw=46,experts=[3,4,5,6]; c38:bw=54,experts=[1,3,4,5,6]; c30:bw=55,experts=[0,1,4,6,7]; c34:bw=56,experts=[1,3,4,5,6]; c11:bw=44,experts=[3,4,5,6]; c5:bw=60,experts=[0,1,4,5,6,7]; c23:bw=27,experts=[4,7]; c46:bw=38,experts=[3,4,5]; c37:bw=57,experts=[1,3,4,5,6]; c32:bw=54,experts=[0,1,4,5,6]; c17:bw=35,experts=[3,4,6]; c7:bw=50,experts=[0,1,4,5,6]; c35:bw=14,experts=[3]; c20:bw=37,experts=[3,4,5]; c10:bw=53,experts=[2,3,4,5,6]; c2:bw=65,experts=[0,1,4,5,6,7]; c49:bw=40,experts=[3,4,5,6]; c12:bw=71,experts=[0,1,2,4,5,6,7]; c41:bw=10,experts=[7]; c1:bw=36,experts=[1,4,6]; c33:bw=49,experts=[4,5,6,7]; c18:bw=29,experts=[4,6]; c39:bw=36,experts=[2,4,6]; c13:bw=55,experts=[1,3,4,5,6]; c6:bw=31,experts=[3,4,6]; c44:bw=13,experts=[3]; c21:bw=17,experts=[2]; c48:bw=35,experts=[1,4,6]; c0:bw=36,experts=[3,4,6]; c8:bw=64,experts=[0,1,2,4,5,6]; c27:bw=43,experts=[3,4,6,7]; c24:bw=45,experts=[1,4,5,6]; c15:bw=78,experts=[0,1,2,3,4,5,6]; c25:bw=29,experts=[4,6]; c31:bw=39,experts=[3,4,5]; c42:bw=10,experts=[3]; c28:bw=38,experts=[4,6,7]; c14:bw=10,experts=[3]","1.1294,1.7780,1.9177,1.5686,1.3048,1.2724,1.4914,1.7469,1.5614,2.2390,1.7801,2.2872,1.6551,1.0822,1.5827,1.3166,1.2307,2.2186,1.7216,1.2519,1.3030,1.7747,1.2549,1.0540,1.3742,1.7596,1.4350,1.1069,3.4333,1.0818,0.8362,1.4426,1.5807,1.4523,1.5374,1.2514,1.7538,1.1633,2.0213,1.0820,0.8448,1.2292,1.6477,1.1916,1.2354,2.6317,1.6721,1.4643,1.2794,1.8881"
97,2026-09-24 00:34:16,Ours,0.01,1.9847997410904514,52.54,52.54,97,88.811,1:28.81,76.9208,10.5465,1.3382,8479.8587,2:21:19.86,50,"37,22,44,9,42,0,35,36,5,21,17,47,11,49,20,43,16,6,12,25,4,33,7,40,24,15,14,23,46,34,32,38,27,8,1,29,26,31,30,10,3,39,13,45,18,2,48,41,28,19",37:30;22:32;44:22;9:43;42:52;0:41;35:12;36:42;5:46;21:35;17:54;47:66;11:22;49:29;20:42;43:48;16:54;6:50;12:13;25:44;4:16;33:50;7:30;40:42;24:46;15:59;14:23;23:10;46:43;34:23;32:21;38:50;27:34;8:43;1:50;29:33;26:71;31:50;30:50;10:51;3:35;39:45;13:51;45:61;18:70;2:54;48:21;41:43;28:20;19:30,"37:[4,6,7];22:[4,5,6];44:[4,6];9:[1,4,5,6];42:[0,4,5,6,7];0:[1,4,6,7];35:[7];36:[0,1,4,6];5:[0,1,4,6];21:[4,5,6];17:[0,1,4,5,6];47:[0,1,4,5,6,7];11:[4,7];49:[4,7];20:[1,4,5,6];43:[1,4,6,7];16:[0,1,4,5,6];6:[1,4,5,6,7];12:[3];25:[3,4,5,6];4:[4];33:[0,1,4,5,6];7:[4,5,6];40:[1,4,5,6];24:[0,1,4,6];15:[0,1,4,5,6];14:[4,5];23:[4];46:[1,4,5,6];34:[4,7];32:[4,7];38:[0,1,4,5,6];27:[1,4,6];8:[1,4,6,7];1:[1,4,5,6,7];29:[4,6,7];26:[0,1,2,4,5,6,7];31:[0,1,4,5,6];30:[0,1,4,5,6];10:[0,1,4,5,6];3:[2,4,6];39:[4,5,6,7];13:[0,1,4,6,7];45:[0,1,2,4,5,6];18:[0,1,2,4,5,6,7];2:[0,1,4,5,6];48:[4,5];41:[0,2,4,6];28:[2,4];19:[4,6,7]","c37:bw=30,experts=[4,6,7]; c22:bw=32,experts=[4,5,6]; c44:bw=22,experts=[4,6]; c9:bw=43,experts=[1,4,5,6]; c42:bw=52,experts=[0,4,5,6,7]; c0:bw=41,experts=[1,4,6,7]; c35:bw=12,experts=[7]; c36:bw=42,experts=[0,1,4,6]; c5:bw=46,experts=[0,1,4,6]; c21:bw=35,experts=[4,5,6]; c17:bw=54,experts=[0,1,4,5,6]; c47:bw=66,experts=[0,1,4,5,6,7]; c11:bw=22,experts=[4,7]; c49:bw=29,experts=[4,7]; c20:bw=42,experts=[1,4,5,6]; c43:bw=48,experts=[1,4,6,7]; c16:bw=54,experts=[0,1,4,5,6]; c6:bw=50,experts=[1,4,5,6,7]; c12:bw=13,experts=[3]; c25:bw=44,experts=[3,4,5,6]; c4:bw=16,experts=[4]; c33:bw=50,experts=[0,1,4,5,6]; c7:bw=30,experts=[4,5,6]; c40:bw=42,experts=[1,4,5,6]; c24:bw=46,experts=[0,1,4,6]; c15:bw=59,experts=[0,1,4,5,6]; c14:bw=23,experts=[4,5]; c23:bw=10,experts=[4]; c46:bw=43,experts=[1,4,5,6]; c34:bw=23,experts=[4,7]; c32:bw=21,experts=[4,7]; c38:bw=50,experts=[0,1,4,5,6]; c27:bw=34,experts=[1,4,6]; c8:bw=43,experts=[1,4,6,7]; c1:bw=50,experts=[1,4,5,6,7]; c29:bw=33,experts=[4,6,7]; c26:bw=71,experts=[0,1,2,4,5,6,7]; c31:bw=50,experts=[0,1,4,5,6]; c30:bw=50,experts=[0,1,4,5,6]; c10:bw=51,experts=[0,1,4,5,6]; c3:bw=35,experts=[2,4,6]; c39:bw=45,experts=[4,5,6,7]; c13:bw=51,experts=[0,1,4,6,7]; c45:bw=61,experts=[0,1,2,4,5,6]; c18:bw=70,experts=[0,1,2,4,5,6,7]; c2:bw=54,experts=[0,1,4,5,6]; c48:bw=21,experts=[4,5]; c41:bw=43,experts=[0,2,4,6]; c28:bw=20,experts=[2,4]; c19:bw=30,experts=[4,6,7]","1.2957,1.9424,1.1915,1.5751,1.4889,0.8229,1.3588,1.2568,2.2333,2.0484,1.2824,1.1366,1.2359,3.4123,1.7799,1.3040,2.2827,1.7671,1.0669,2.6689,1.7362,1.5987,1.0781,1.5817,1.2258,1.2418,1.9240,1.7340,1.2252,1.3097,1.7602,1.0732,1.6433,1.2100,1.4647,1.7644,1.7553,1.6858,1.5441,1.4156,1.6028,1.5402,1.2351,2.2069,1.4732,1.0877,1.0570,0.8310,1.2936,1.4709"
98,2026-09-24 00:35:45,Ours,0.01,1.9729028167175635,52.51,52.54,97,88.6426,1:28.64,76.8226,10.4892,1.3253,8568.5499,2:22:48.55,50,"8,24,23,40,31,20,28,48,6,3,33,34,4,26,43,13,0,19,47,2,32,5,30,27,22,18,35,17,38,25,16,44,14,42,9,45,37,29,1,39,7,15,10,12,46,11,49,21,36,41",8:54;24:48;23:40;40:34;31:42;20:36;28:52;48:55;6:36;3:25;33:46;34:67;4:52;26:54;43:51;13:31;0:33;19:45;47:26;2:24;32:58;5:49;30:39;27:41;22:34;18:32;35:22;17:17;38:43;25:55;16:41;44:51;14:67;42:72;9:27;45:37;37:47;29:47;1:26;39:56;7:24;15:17;10:45;12:16;46:73;11:10;49:24;21:22;36:46;41:72,"8:[0,1,4,5,6];24:[0,1,4,6];23:[0,1,4,6];40:[4,5,6];31:[1,4,5,6];20:[1,2,4];28:[0,1,4,5,6];48:[0,1,3,4,6];6:[4,5,6];3:[4,6];33:[0,4,5,6];34:[0,1,2,4,5,6];4:[0,1,4,5,6];26:[0,1,4,5,6];43:[0,1,4,5,6];13:[1,4,5];0:[2,4,5];19:[1,4,5,6];47:[4,5];2:[4,6];32:[0,1,2,4,6];5:[0,4,5,6];30:[4,5,6];27:[1,4,5,6];22:[4,5,6];18:[4,5,6];35:[4,6];17:[4];38:[0,1,4,6];25:[1,4,5,6,7];16:[0,4,5,6];44:[0,1,4,5,6];14:[0,1,2,4,5,6];42:[0,1,2,3,4,5,6];9:[2,4];45:[4,5,6];37:[1,4,5,6];29:[1,4,5,6];1:[4,5];39:[0,1,4,5,6];7:[2,3];15:[4];10:[1,4,5,6];12:[4];46:[0,1,2,4,5,6,7];11:[4];49:[2,4];21:[4,7];36:[1,4,5,6];41:[0,1,2,3,4,5,6]","c8:bw=54,experts=[0,1,4,5,6]; c24:bw=48,experts=[0,1,4,6]; c23:bw=40,experts=[0,1,4,6]; c40:bw=34,experts=[4,5,6]; c31:bw=42,experts=[1,4,5,6]; c20:bw=36,experts=[1,2,4]; c28:bw=52,experts=[0,1,4,5,6]; c48:bw=55,experts=[0,1,3,4,6]; c6:bw=36,experts=[4,5,6]; c3:bw=25,experts=[4,6]; c33:bw=46,experts=[0,4,5,6]; c34:bw=67,experts=[0,1,2,4,5,6]; c4:bw=52,experts=[0,1,4,5,6]; c26:bw=54,experts=[0,1,4,5,6]; c43:bw=51,experts=[0,1,4,5,6]; c13:bw=31,experts=[1,4,5]; c0:bw=33,experts=[2,4,5]; c19:bw=45,experts=[1,4,5,6]; c47:bw=26,experts=[4,5]; c2:bw=24,experts=[4,6]; c32:bw=58,experts=[0,1,2,4,6]; c5:bw=49,experts=[0,4,5,6]; c30:bw=39,experts=[4,5,6]; c27:bw=41,experts=[1,4,5,6]; c22:bw=34,experts=[4,5,6]; c18:bw=32,experts=[4,5,6]; c35:bw=22,experts=[4,6]; c17:bw=17,experts=[4]; c38:bw=43,experts=[0,1,4,6]; c25:bw=55,experts=[1,4,5,6,7]; c16:bw=41,experts=[0,4,5,6]; c44:bw=51,experts=[0,1,4,5,6]; c14:bw=67,experts=[0,1,2,4,5,6]; c42:bw=72,experts=[0,1,2,3,4,5,6]; c9:bw=27,experts=[2,4]; c45:bw=37,experts=[4,5,6]; c37:bw=47,experts=[1,4,5,6]; c29:bw=47,experts=[1,4,5,6]; c1:bw=26,experts=[4,5]; c39:bw=56,experts=[0,1,4,5,6]; c7:bw=24,experts=[2,3]; c15:bw=17,experts=[4]; c10:bw=45,experts=[1,4,5,6]; c12:bw=16,experts=[4]; c46:bw=73,experts=[0,1,2,4,5,6,7]; c11:bw=10,experts=[4]; c49:bw=24,experts=[2,4]; c21:bw=22,experts=[4,7]; c36:bw=46,experts=[1,4,5,6]; c41:bw=72,experts=[0,1,2,3,4,5,6]","1.2333,1.2150,1.7597,1.5531,1.7044,1.7441,1.3007,1.0874,1.7796,1.6209,1.6001,1.3417,1.7523,1.7653,1.3108,1.2485,0.8233,1.5409,1.1432,1.0439,1.7717,2.1782,1.5659,1.6530,1.8884,1.5236,1.3600,1.2761,1.0770,2.6555,2.2422,1.1505,1.9230,1.4707,1.5467,2.1945,1.2994,1.7833,1.4333,1.5382,1.0478,1.2180,1.4287,1.0698,1.2420,1.2393,3.3718,2.0003,1.2641,0.8414"
99,2026-09-24 00:37:13,Ours,0.01,1.9732274652100619,52.7,52.7,99,88.2832,1:28.28,76.9168,10.0469,1.3142,8656.8818,2:24:16.88,50,"16,44,9,25,35,38,8,43,2,3,33,45,18,40,10,39,1,28,26,12,22,6,41,29,30,24,37,15,17,13,48,42,4,14,34,31,20,49,21,46,0,7,27,32,11,47,36,19,23,5",16:34;44:36;9:20;25:27;35:63;38:21;8:34;43:26;2:31;3:38;33:16;45:33;18:55;40:55;10:11;39:40;1:59;28:28;26:18;12:34;22:18;6:35;41:37;29:57;30:36;24:42;37:58;15:47;17:43;13:25;48:45;42:10;4:24;14:33;34:56;31:36;20:26;49:10;21:56;46:21;0:40;7:45;27:10;32:10;11:10;47:59;36:46;19:48;23:33;5:49,"16:[4,5,6];44:[1,4,6];9:[4,6];25:[4,5];35:[0,1,2,4,5,6];38:[4,6];8:[4,5,6];43:[2,4];2:[1,4,6];3:[1,4,6];33:[4];45:[4,5,6];18:[0,1,4,5,6];40:[0,1,4,5,6];10:[4];39:[1,3,4,6];1:[0,1,4,5,6];28:[4,6];26:[4];12:[4,5,6];22:[7];6:[1,4,6];41:[0,4,6];29:[0,1,4,5,6];30:[4,5,6];24:[1,4,6,7];37:[0,1,4,5,6];15:[0,1,4,6];17:[2,4,5,6];13:[4,6];48:[0,4,6,7];42:[4];4:[4,6];14:[4,5,6];34:[0,1,4,5,6];31:[1,4,6];20:[4,6];49:[4];21:[0,1,4,5,6];46:[4,6];0:[1,4,5,6];7:[1,4,5,6];27:[4];32:[4];11:[1];47:[0,1,4,5,6];36:[0,1,4,6];19:[2,4,5,6];23:[3,4,6];5:[0,4,5,6]","c16:bw=34,experts=[4,5,6]; c44:bw=36,experts=[1,4,6]; c9:bw=20,experts=[4,6]; c25:bw=27,experts=[4,5]; c35:bw=63,experts=[0,1,2,4,5,6]; c38:bw=21,experts=[4,6]; c8:bw=34,experts=[4,5,6]; c43:bw=26,experts=[2,4]; c2:bw=31,experts=[1,4,6]; c3:bw=38,experts=[1,4,6]; c33:bw=16,experts=[4]; c45:bw=33,experts=[4,5,6]; c18:bw=55,experts=[0,1,4,5,6]; c40:bw=55,experts=[0,1,4,5,6]; c10:bw=11,experts=[4]; c39:bw=40,experts=[1,3,4,6]; c1:bw=59,experts=[0,1,4,5,6]; c28:bw=28,experts=[4,6]; c26:bw=18,experts=[4]; c12:bw=34,experts=[4,5,6]; c22:bw=18,experts=[7]; c6:bw=35,experts=[1,4,6]; c41:bw=37,experts=[0,4,6]; c29:bw=57,experts=[0,1,4,5,6]; c30:bw=36,experts=[4,5,6]; c24:bw=42,experts=[1,4,6,7]; c37:bw=58,experts=[0,1,4,5,6]; c15:bw=47,experts=[0,1,4,6]; c17:bw=43,experts=[2,4,5,6]; c13:bw=25,experts=[4,6]; c48:bw=45,experts=[0,4,6,7]; c42:bw=10,experts=[4]; c4:bw=24,experts=[4,6]; c14:bw=33,experts=[4,5,6]; c34:bw=56,experts=[0,1,4,5,6]; c31:bw=36,experts=[1,4,6]; c20:bw=26,experts=[4,6]; c49:bw=10,experts=[4]; c21:bw=56,experts=[0,1,4,5,6]; c46:bw=21,experts=[4,6]; c0:bw=40,experts=[1,4,5,6]; c7:bw=45,experts=[1,4,5,6]; c27:bw=10,experts=[4]; c32:bw=10,experts=[4]; c11:bw=10,experts=[1]; c47:bw=59,experts=[0,1,4,5,6]; c36:bw=46,experts=[0,1,4,6]; c19:bw=48,experts=[2,4,5,6]; c23:bw=33,experts=[3,4,6]; c5:bw=49,experts=[0,4,5,6]","2.2759,1.1845,1.5825,2.6818,1.3949,1.0552,1.2248,1.2940,1.0756,1.6522,1.6070,2.2244,1.4953,1.5535,1.4350,1.5654,1.4449,1.2802,1.7765,1.0849,1.8884,1.7808,0.8482,1.8261,1.5628,1.1773,1.3087,1.2592,1.2687,1.2102,1.0771,1.4805,1.7413,1.9267,1.3238,1.6823,1.7622,3.3904,2.0376,1.2426,0.8398,1.0556,1.6272,1.7367,1.2181,1.1248,1.2611,1.4635,1.7085,2.1980"
100,2026-09-24 00:38:41,Ours,0.01,1.9762607877645402,53.11,53.11,100,88.4724,1:28.47,76.8274,10.2925,1.3475,8745.4072,2:25:45.41,50,"22,8,5,36,0,7,43,26,16,38,12,17,32,11,6,40,41,44,25,33,19,27,46,1,47,42,3,24,18,9,28,48,4,15,2,45,14,39,35,31,23,13,30,37,21,34,29,49,20,10",22:36;8:44;5:18;36:52;0:64;7:10;43:61;26:38;16:46;38:52;12:37;17:55;32:16;11:17;6:44;40:20;41:48;44:16;25:45;33:32;19:18;27:20;46:21;1:17;47:10;42:44;3:42;24:53;18:80;9:53;28:50;48:60;4:65;15:30;2:30;45:47;14:10;39:36;35:38;31:16;23:16;13:10;30:61;37:40;21:47;34:66;29:33;49:32;20:47;10:56,"22:[2,4,5];8:[0,1,4,6];5:[2];36:[1,2,4,5,6];0:[0,1,2,4,5,6];7:[7];43:[0,1,2,4,5,6];26:[1,4,6];16:[1,4,6,7];38:[0,1,4,5,6];12:[4,5,6];17:[1,4,5,6,7];32:[4];11:[2];6:[1,4,5,6];40:[4,5];41:[0,4,5,6];44:[4];25:[1,4,5,6];33:[4,5,6];19:[4];27:[0,2];46:[4,6];1:[4];47:[4];42:[1,4,5,6];3:[0,1,4,6];24:[0,1,2,4,6];18:[0,1,2,3,4,5,6,7];9:[0,1,4,5,6];28:[0,1,4,5,6];48:[0,1,2,4,5,6];4:[0,1,2,4,5,6];15:[1,4,6];2:[0,4,6];45:[1,4,5,6];14:[4];39:[4,5,6];35:[4,5,6];31:[4];23:[2];13:[4];30:[0,1,3,4,5,6];37:[1,4,5,6];21:[1,4,5,6];34:[0,1,2,4,5,6];29:[4,5,6];49:[4,5,6];20:[1,4,6,7];10:[0,1,4,5,6]","c22:bw=36,experts=[2,4,5]; c8:bw=44,experts=[0,1,4,6]; c5:bw=18,experts=[2]; c36:bw=52,experts=[1,2,4,5,6]; c0:bw=64,experts=[0,1,2,4,5,6]; c7:bw=10,experts=[7]; c43:bw=61,experts=[0,1,2,4,5,6]; c26:bw=38,experts=[1,4,6]; c16:bw=46,experts=[1,4,6,7]; c38:bw=52,experts=[0,1,4,5,6]; c12:bw=37,experts=[4,5,6]; c17:bw=55,experts=[1,4,5,6,7]; c32:bw=16,experts=[4]; c11:bw=17,experts=[2]; c6:bw=44,experts=[1,4,5,6]; c40:bw=20,experts=[4,5]; c41:bw=48,experts=[0,4,5,6]; c44:bw=16,experts=[4]; c25:bw=45,experts=[1,4,5,6]; c33:bw=32,experts=[4,5,6]; c19:bw=18,experts=[4]; c27:bw=20,experts=[0,2]; c46:bw=21,experts=[4,6]; c1:bw=17,experts=[4]; c47:bw=10,experts=[4]; c42:bw=44,experts=[1,4,5,6]; c3:bw=42,experts=[0,1,4,6]; c24:bw=53,experts=[0,1,2,4,6]; c18:bw=80,experts=[0,1,2,3,4,5,6,7]; c9:bw=53,experts=[0,1,4,5,6]; c28:bw=50,experts=[0,1,4,5,6]; c48:bw=60,experts=[0,1,2,4,5,6]; c4:bw=65,experts=[0,1,2,4,5,6]; c15:bw=30,experts=[1,4,6]; c2:bw=30,experts=[0,4,6]; c45:bw=47,experts=[1,4,5,6]; c14:bw=10,experts=[4]; c39:bw=36,experts=[4,5,6]; c35:bw=38,experts=[4,5,6]; c31:bw=16,experts=[4]; c23:bw=16,experts=[2]; c13:bw=10,experts=[4]; c30:bw=61,experts=[0,1,3,4,5,6]; c37:bw=40,experts=[1,4,5,6]; c21:bw=47,experts=[1,4,5,6]; c34:bw=66,experts=[0,1,2,4,5,6]; c29:bw=33,experts=[4,5,6]; c49:bw=32,experts=[4,5,6]; c20:bw=47,experts=[1,4,6,7]; c10:bw=56,experts=[0,1,4,5,6]","1.9045,1.2353,2.2003,1.2825,0.8636,1.0400,1.2975,1.7597,2.2748,1.0870,1.0872,1.2923,1.7629,1.2306,1.7744,1.5402,0.8314,1.1763,2.6992,1.5939,1.4593,1.6642,1.2247,1.4323,1.1478,1.4757,1.6032,1.1976,1.5353,1.5800,1.3152,1.0794,1.7320,1.2491,1.0894,2.2258,1.8676,1.5311,1.3528,1.6552,1.7238,1.2048,1.5597,1.2925,2.0291,1.3139,1.7657,3.3913,1.7638,1.4313"
